id,date,flight,reg,type,route,sta,std,eta,etd,onC,dc,offC,aobt,groundTime,tat,otpETD1,otpETD15,otpSTD,otaSTA,doorEarly5,code1,min1,code2,min2,code3,min3,delayReason,originReport,originOTA,destination,market,airline,updatedAt,updatedBy
2026-05-01|VJ932|A674|HAN-NRT|00:30,2026-05-01,VJ932,A674,A321,HAN-NRT,,00:30,,00:30,,00:29,00:30,00:45,,,ONTIME,ONTIME,ONTIME,,,,,,,,,,HAN,,NRT,International,VJ,,
2026-05-01|VJ982|A634|HAN-PUS|01:05,2026-05-01,VJ982,A634,A321,HAN-PUS,,01:05,,01:05,,00:51,00:52,01:00,,,EARLY,ONTIME,ONTIME,,,,,,,,,,HAN,,PUS,International,VJ,,
2026-05-01|VJ938|A575|HAN-KIX|01:20,2026-05-01,VJ938,A575,A321,HAN-KIX,,01:20,,01:20,,01:19,01:20,01:28,,,ONTIME,ONTIME,ONTIME,,,,,,,,,,HAN,,KIX,International,VJ,,
2026-05-01|VJ960|A551|HAN-ICN|01:40,2026-05-01,VJ960,A551,A321,HAN-ICN,,01:40,,01:40,,01:28,01:30,01:31,,,EARLY,ONTIME,ONTIME,,,,,,,,,,HAN,,ICN,International,VJ,,
2026-05-01|VJ920|A525|HAN-NGO|01:40,2026-05-01,VJ920,A525,A321,HAN-NGO,,01:40,,01:40,,01:30,01:31,01:34,,,EARLY,ONTIME,ONTIME,,,,,,,,,,HAN,,NGO,International,VJ,,
2026-05-01|VJ958|A647|HAN-FUK|02:05,2026-05-01,VJ958,A647,A321,HAN-FUK,,02:05,,02:05,,01:51,01:52,01:55,,,EARLY,ONTIME,ONTIME,,,,,,,,,,HAN,,FUK,International,VJ,,
2026-05-01|VJ7527/VJ123|A639|CAN-HAN-SGN|05:30,2026-05-01,VJ7527/VJ123,A639,A321,CAN-HAN-SGN,03:05,05:30,03:05,05:30,03:05,05:23,05:25,05:32,02:25,02:20,EARLY,ONTIME,ONTIME,ONTIME,,,,,,,,,HAN,CAN,SGN,Domestic,VJ,,
2026-05-01|VJ501|A542|HAN-DAD|05:40,2026-05-01,VJ501,A542,A321,HAN-DAD,,05:40,,05:40,,05:34,05:35,05:43,,,EARLY,ONTIME,ONTIME,,,,,,,,,,HAN,,DAD,Domestic,VJ,,
2026-05-01|VJ771|A671|HAN-CXR|05:45,2026-05-01,VJ771,A671,A320,HAN-CXR,,05:45,,05:45,,05:32,05:34,05:44,,,EARLY,ONTIME,ONTIME,,,,,,,,,,HAN,,CXR,Domestic,VJ,,
2026-05-01|VJ121|A673|HAN-SGN|06:00,2026-05-01,VJ121,A673,A321,HAN-SGN,,06:00,,06:00,,05:50,05:52,05:55,,,EARLY,ONTIME,ONTIME,,,,,,,,,,HAN,,SGN,Domestic,VJ,,
2026-05-01|VJ491|A642|HAN-BMV|06:00,2026-05-01,VJ491,A642,A321,HAN-BMV,,06:00,,06:00,,05:46,05:57,05:54,,,EARLY,ONTIME,ONTIME,,,,,,,,,,HAN,,BMV,Domestic,VJ,,
2026-05-01|VJ449|A650|HAN-PQC|06:30,2026-05-01,VJ449,A650,A320,HAN-PQC,,06:30,,06:30,,06:23,06:24,06:26,,,EARLY,ONTIME,ONTIME,,,,,,,,,,HAN,,PQC,Domestic,VJ,,
2026-05-01|VJ972/VJ197|A812|DEL-HAN-SGN|07:20,2026-05-01,VJ972/VJ197,A812,A330,DEL-HAN-SGN,05:40,07:20,05:40,07:20,06:20,07:14,07:15,07:24,01:40,00:55,EARLY,ONTIME,ONTIME,DELAY,,,,,,,,,HAN,DEL,SGN,Domestic,VJ,,
2026-05-01|VJ905|A672|HAN-KUL|07:25,2026-05-01,VJ905,A672,A320,HAN-KUL,,07:25,,07:25,,07:24,07:25,07:33,,,ONTIME,ONTIME,ONTIME,,,,,,,,,,HAN,,KUL,International,VJ,,
2026-05-01|VJ1500/VJ503|A670|DAD-HAN-DAD|07:30,2026-05-01,VJ1500/VJ503,A670,A321,DAD-HAN-DAD,07:00,07:30,07:00,07:30,06:45,07:24,07:25,07:28,00:30,00:40,EARLY,ONTIME,ONTIME,ONTIME,,,,,,,,,HAN,DAD,DAD,Domestic,VJ,,
2026-05-01|VJ934|A578|HAN-NRT|07:55,2026-05-01,VJ934,A578,A321,HAN-NRT,,07:55,,07:55,,07:44,07:45,07:50,,,EARLY,ONTIME,ONTIME,,,,,,,,,,HAN,,NRT,International,VJ,,
2026-05-01|VJ930|A693|HAN-KIX|07:55,2026-05-01,VJ930,A693,A321,HAN-KIX,,07:55,,07:55,,07:49,07:50,07:54,,,EARLY,ONTIME,ONTIME,,,,,,,,,,HAN,,KIX,International,VJ,,
2026-05-01|VJ929|A685|HAN-CGK|08:40,2026-05-01,VJ929,A685,A321,HAN-CGK,,08:40,,08:40,,08:35,08:36,08:45,,,EARLY,ONTIME,ONTIME,,,,,,,,,,HAN,,CGK,International,VJ,,
2026-05-01|VJ124/VJ129|A656|SGN-HAN-SGN|08:45,2026-05-01,VJ124/VJ129,A656,A320,SGN-HAN-SGN,08:15,08:45,08:15,08:45,08:00,08:34,08:35,08:39,00:30,00:35,EARLY,ONTIME,ONTIME,ONTIME,,,,,,,,,HAN,SGN,SGN,Domestic,VJ,,
2026-05-01|VJ447|A675|HAN-PQC|08:45,2026-05-01,VJ447,A675,A320,HAN-PQC,,08:45,,08:45,,08:40,08:42,08:46,,,EARLY,ONTIME,ONTIME,,,,,,,,,,HAN,,PQC,Domestic,VJ,,
2026-05-01|VJ1508/VJ1435|A663|DAD-HAN-UIH|08:50,2026-05-01,VJ1508/VJ1435,A663,A320,DAD-HAN-UIH,08:20,08:50,08:20,08:50,08:05,08:48,08:50,08:52,00:30,00:45,ONTIME,ONTIME,ONTIME,ONTIME,,,,,,,,,HAN,DAD,UIH,Domestic,VJ,,
2026-05-01|VJ2925/VJ2925|A516|BAX-HAN-DAD|09:00,2026-05-01,VJ2925/VJ2925,A516,A321,BAX-HAN-DAD,08:30,09:00,08:30,09:00,08:35,08:54,08:55,09:00,00:30,00:20,EARLY,ONTIME,ONTIME,ONTIME,,,,,,,,,HAN,BAX,DAD,Domestic,VJ,,
2026-05-01|VJ563|A687|HAN-HUI|09:20,2026-05-01,VJ563,A687,A321,HAN-HUI,,09:20,,09:20,,09:16,09:17,09:20,,,EARLY,ONTIME,ONTIME,,,,,,,,,,HAN,,HUI,Domestic,VJ,,
2026-05-01|VJ915|A629|HAN-SIN|09:35,2026-05-01,VJ915,A629,A321,HAN-SIN,,09:35,,09:35,,09:21,09:23,09:27,,,EARLY,ONTIME,ONTIME,,,,,,,,,,HAN,,SIN,International,VJ,,
2026-05-01|VJ997|A521|HAN-DPS|10:05,2026-05-01,VJ997,A521,A321,HAN-DPS,,10:05,,10:05,,10:03,10:04,10:06,,,EARLY,ONTIME,ONTIME,,,,,,,,,,HAN,,DPS,International,VJ,,
2026-05-01|VJ126/VJ131|A532|SGN-HAN-SGN|10:10,2026-05-01,VJ126/VJ131,A532,A321,SGN-HAN-SGN,09:40,10:10,09:40,10:10,09:55,10:23,10:25,10:25,00:30,00:30,DELAY,ONTIME,ONTIME,ONTIME,,93,00:15,,,,,,HAN,SGN,SGN,Domestic,VJ,,
2026-05-01|VJ122/VJ463|A549|SGN-HAN-VCA|10:20,2026-05-01,VJ122/VJ463,A549,A321,SGN-HAN-VCA,09:05,10:20,09:05,10:20,09:05,10:11,10:12,10:20,01:15,01:07,EARLY,ONTIME,ONTIME,ONTIME,,,,,,,,,HAN,SGN,VCA,Domestic,VJ,,
2026-05-01|VJ901|A543|HAN-BKK|11:10,2026-05-01,VJ901,A543,A321,HAN-BKK,,11:10,,11:10,,10:55,10:57,11:00,,,EARLY,ONTIME,ONTIME,,,,,,,,,,HAN,,BKK,International,VJ,,
2026-05-01|VJ524/VJ507|A670|DAD-HAN-DAD|11:10,2026-05-01,VJ524/VJ507,A670,A321,DAD-HAN-DAD,10:40,11:10,10:40,11:10,10:45,11:14,11:15,11:25,00:30,00:30,DELAY,ONTIME,ONTIME,ONTIME,,93,00:05,,,,,,HAN,DAD,DAD,Domestic,VJ,,
2026-05-01|VJ130/VJ133|A536|SGN-HAN-SGN|11:20,2026-05-01,VJ130/VJ133,A536,A321,SGN-HAN-SGN,10:50,11:20,10:50,11:20,10:45,11:19,11:20,11:21,00:30,00:35,ONTIME,ONTIME,ONTIME,ONTIME,,,,,,,,,HAN,SGN,SGN,Domestic,VJ,,
2026-05-01|VJ451|A658|HAN-PQC|11:45,2026-05-01,VJ451,A658,A320,HAN-PQC,,11:45,,11:45,,11:39,11:40,11:42,,,EARLY,ONTIME,ONTIME,,,,,,,,,,HAN,,PQC,Domestic,VJ,,
2026-05-01|VJ775|A669|HAN-CXR|11:45,2026-05-01,VJ775,A669,A320,HAN-CXR,,11:45,,11:45,,11:37,11:38,11:41,,,EARLY,ONTIME,ONTIME,,,,,,,,,,HAN,,CXR,Domestic,VJ,,
2026-05-01|VJ515|A668|HAN-DAD|12:10,2026-05-01,VJ515,A668,A320,HAN-DAD,,12:10,,12:10,,12:04,12:06,12:09,,,EARLY,ONTIME,ONTIME,,,,,,,,,,HAN,,DAD,Domestic,VJ,,
2026-05-01|VJ137|A662|HAN-SGN|12:20,2026-05-01,VJ137,A662,A320,HAN-SGN,,12:20,,12:20,,12:14,12:15,12:23,,,EARLY,ONTIME,ONTIME,,,,,,,,,,HAN,,SGN,Domestic,VJ,,
2026-05-01|VJ492/VJ453|A642|BMV-HAN-PQC|13:00,2026-05-01,VJ492/VJ453,A642,A321,BMV-HAN-PQC,10:00,13:00,10:00,13:00,10:00,12:57,12:50,13:00,03:00,02:50,EARLY,ONTIME,ONTIME,ONTIME,,,,,,,,,HAN,BMV,PQC,Domestic,VJ,,
2026-05-01|VJ1432/VJ509|A663|UIH-HAN-DAD|13:05,2026-05-01,VJ1432/VJ509,A663,A320,UIH-HAN-DAD,12:35,13:05,12:35,13:30,13:00,13:23,13:24,13:30,00:55,00:24,EARLY,ONTIME,DELAY,DELAY,,,,,,,,,HAN,UIH,DAD,Domestic,VJ,,
2026-05-01|VJ787|A649|HAN-CXR|13:10,2026-05-01,VJ787,A649,A321,HAN-CXR,,13:10,,13:10,,13:09,13:10,13:12,,,ONTIME,ONTIME,ONTIME,,,,,,,,,,HAN,,CXR,Domestic,VJ,,
2026-05-01|VJ981/VJ948|A634|PUS-HAN-RMQ|13:30,2026-05-01,VJ981/VJ948,A634,A321,PUS-HAN-RMQ,10:40,13:30,10:40,13:30,10:30,13:19,13:20,13:23,02:50,02:50,EARLY,ONTIME,ONTIME,ONTIME,,,,,,,,,HAN,PUS,RMQ,International,VJ,,
2026-05-01|VJ196/VJ149|A812|SGN-HAN-SGN|13:40,2026-05-01,VJ196/VJ149,A812,A330,SGN-HAN-SGN,12:40,13:40,12:40,13:40,12:40,13:34,13:35,13:37,01:00,00:55,EARLY,ONTIME,ONTIME,ONTIME,,,,,,,,,HAN,SGN,SGN,Domestic,VJ,,
2026-05-01|VJ450/VJ441|A650|PQC-HAN-PQC|14:00,2026-05-01,VJ450/VJ441,A650,A320,PQC-HAN-PQC,11:15,14:00,11:15,14:00,11:10,13:46,13:47,13:50,02:45,02:37,EARLY,ONTIME,ONTIME,ONTIME,,,,,,,,,HAN,PQC,PQC,Domestic,VJ,,
2026-05-01|VJ770/VJ525|A671|CXR-HAN-DAD|14:05,2026-05-01,VJ770/VJ525,A671,A320,CXR-HAN-DAD,09:55,14:05,09:55,14:05,10:05,14:24,14:25,14:29,04:10,04:20,DELAY,DELAY,DELAY,ONTIME,,63A,00:10,41,00:10,,,CAPT OB 1404/TECHNICAL CHECK,HAN,CXR,DAD,Domestic,VJ,,
2026-05-01|VJ959/VJ942|A647|FUK-HAN-TPE|14:25,2026-05-01,VJ959/VJ942,A647,A321,FUK-HAN-TPE,11:25,14:25,11:25,14:25,11:45,14:23,14:25,14:26,03:00,02:40,ONTIME,ONTIME,ONTIME,DELAY,,,,,,,,,HAN,FUK,TPE,International,VJ,,
2026-05-01|VJ1504/VJ1505|A639|DAD-HAN-DAD|14:35,2026-05-01,VJ1504/VJ1505,A639,A321,DAD-HAN-DAD,14:00,14:35,14:00,14:35,14:00,14:29,14:30,14:33,00:35,00:30,EARLY,ONTIME,ONTIME,ONTIME,,,,,,,,,HAN,DAD,DAD,Domestic,VJ,,
2026-05-01|VJ564/VJ145|A687|HUI-HAN-SGN|14:40,2026-05-01,VJ564/VJ145,A687,A321,HUI-HAN-SGN,12:20,14:40,12:20,14:40,12:20,14:36,14:37,14:43,02:20,02:17,EARLY,ONTIME,ONTIME,ONTIME,,,,,,,,,HAN,HUI,SGN,Domestic,VJ,,
2026-05-01|VJ510/VJ511|A516|DAD-HAN-DAD|15:05,2026-05-01,VJ510/VJ511,A516,A321,DAD-HAN-DAD,14:35,15:05,14:35,15:05,14:50,15:18,15:20,15:20,00:30,00:30,DELAY,ONTIME,ONTIME,ONTIME,,93,00:15,,,,,,HAN,DAD,DAD,Domestic,VJ,,
2026-05-01|VJ961/VJ423|A551|ICN-HAN-PXU|15:05,2026-05-01,VJ961/VJ423,A551,A321,ICN-HAN-PXU,13:35,15:05,13:35,15:05,13:25,14:57,14:58,14:59,01:30,01:33,EARLY,ONTIME,ONTIME,ONTIME,,,,,,,,,HAN,ICN,PXU,Domestic,VJ,,
2026-05-01|VJ440/VJ439|A675|PQC-HAN-UIH|15:40,2026-05-01,VJ440/VJ439,A675,A320,PQC-HAN-UIH,13:30,15:40,13:30,15:40,13:35,15:32,15:33,15:36,02:10,01:58,EARLY,ONTIME,ONTIME,ONTIME,,,,,,,,,HAN,PQC,UIH,Domestic,VJ,,
2026-05-01|VJ138/VJ147|A534|SGN-HAN-SGN|15:45,2026-05-01,VJ138/VJ147,A534,A321,SGN-HAN-SGN,15:15,15:45,15:15,15:45,15:05,15:41,15:43,15:52,00:30,00:38,EARLY,ONTIME,ONTIME,ONTIME,,,,,,,,,HAN,SGN,SGN,Domestic,VJ,,
2026-05-01|VJ906/VJ903|A672|KUL-HAN-BKK|15:45,2026-05-01,VJ906/VJ903,A672,A320,KUL-HAN-BKK,14:40,15:45,14:40,15:45,14:50,15:32,15:33,15:40,01:05,00:43,EARLY,ONTIME,ONTIME,ONTIME,,,,,,,,,HAN,KUL,BKK,International,VJ,,
2026-05-01|VJ464/VJ567|A549|VCA-HAN-HUI|15:55,2026-05-01,VJ464/VJ567,A549,A321,VCA-HAN-HUI,15:10,15:55,15:10,15:55,15:20,15:54,15:55,16:02,00:45,00:35,ONTIME,ONTIME,ONTIME,ONTIME,,,,,,,,,HAN,VCA,HUI,Domestic,VJ,,
2026-05-01|VJ508/VJ773|A668|DAD-HAN-CXR|16:00,2026-05-01,VJ508/VJ773,A668,A320,DAD-HAN-CXR,15:25,16:00,15:25,16:00,15:25,15:55,15:57,16:07,00:35,00:32,EARLY,ONTIME,ONTIME,ONTIME,,,,,,,,,HAN,DAD,CXR,Domestic,VJ,,
2026-05-01|VJ933/VJ913|A674|NRT-HAN-SAI|16:20,2026-05-01,VJ933/VJ913,A674,A321,NRT-HAN-SAI,13:05,16:20,13:05,16:20,13:25,16:08,16:10,16:20,03:15,02:45,EARLY,ONTIME,ONTIME,DELAY,,,,,,,,,HAN,NRT,SAI,International,VJ,,
2026-05-01|VJ772/VJ1513|A669|CXR-HAN-DAD|16:35,2026-05-01,VJ772/VJ1513,A669,A320,CXR-HAN-DAD,15:55,16:35,15:55,16:35,16:05,16:25,16:26,16:33,00:40,00:21,EARLY,ONTIME,ONTIME,ONTIME,,,,,,,,,HAN,CXR,DAD,Domestic,VJ,,
2026-05-01|VJ151|A542|HAN-SGN|16:50,2026-05-01,VJ151,A542,A321,HAN-SGN,,16:50,,16:50,,16:49,16:50,16:57,,,ONTIME,ONTIME,ONTIME,,,,,,,,,,HAN,,SGN,Domestic,VJ,,
2026-05-01|VJ136/VJ465|A673|SGN-HAN-VCA|17:00,2026-05-01,VJ136/VJ465,A673,A321,SGN-HAN-VCA,14:10,17:00,14:10,17:00,14:25,16:58,17:00,17:03,02:50,02:35,ONTIME,ONTIME,ONTIME,ONTIME,,,,,,,,,HAN,SGN,VCA,Domestic,VJ,,
2026-05-01|VJ5068/VJ5068|A580|CXR-HAN-NOZ|17:00,2026-05-01,VJ5068/VJ5068,A580,A321,CXR-HAN-NOZ,16:25,17:00,16:25,17:00,16:40,17:09,17:10,17:21,00:35,00:30,DELAY,ONTIME,DELAY,ONTIME,,93,00:10,,,,,,HAN,CXR,NOZ,International,VJ,,
2026-05-01|VJ921/VJ495|A525|NGO-HAN-BMV|17:30,2026-05-01,VJ921/VJ495,A525,A321,NGO-HAN-BMV,12:50,17:30,12:50,17:30,12:55,17:29,17:30,17:35,04:40,04:35,ONTIME,ONTIME,ONTIME,ONTIME,,,,,,,,,HAN,NGO,BMV,Domestic,VJ,,
2026-05-01|VJ454/VJ1433|A658|PQC-HAN-UIH|17:40,2026-05-01,VJ454/VJ1433,A658,A320,PQC-HAN-UIH,16:45,17:40,16:45,17:40,16:32,17:26,17:28,17:35,00:55,00:56,EARLY,ONTIME,ONTIME,ONTIME,,,,,,,,,HAN,PQC,UIH,Domestic,VJ,,
2026-05-01|VJ774/VJ517|A649|CXR-HAN-DAD|17:55,2026-05-01,VJ774/VJ517,A649,A321,CXR-HAN-DAD,17:20,17:55,17:20,17:55,17:35,17:59,18:00,18:09,00:35,00:25,DELAY,ONTIME,ONTIME,ONTIME,,93,00:05,,,,,,HAN,CXR,DAD,Domestic,VJ,,
2026-05-01|VJ140/VJ1153|A536|SGN-HAN-SGN|18:05,2026-05-01,VJ140/VJ1153,A536,A321,SGN-HAN-SGN,16:20,18:05,16:20,18:05,16:25,18:04,18:05,18:13,01:45,01:40,ONTIME,ONTIME,ONTIME,ONTIME,,,,,,,,,HAN,SGN,SGN,Domestic,VJ,,
2026-05-01|VJ939/VJ781|A575|KIX-HAN-CXR|18:15,2026-05-01,VJ939/VJ781,A575,A321,KIX-HAN-CXR,12:20,18:15,12:20,18:15,12:20,18:09,18:10,18:15,05:55,05:50,EARLY,ONTIME,ONTIME,ONTIME,,,,,,,,,HAN,KIX,CXR,Domestic,VJ,,
2026-05-01|VJ512/VJ521|A516|DAD-HAN-DAD|18:45,2026-05-01,VJ512/VJ521,A516,A321,DAD-HAN-DAD,18:15,18:45,18:15,19:30,18:45,19:28,19:30,19:32,01:15,00:45,ONTIME,ONTIME,DELAY,DELAY,,,,,,,,,HAN,DAD,DAD,Domestic,VJ,,
2026-05-01|VJ902/VJ1789|A543|BKK-HAN-CXR|18:45,2026-05-01,VJ902/VJ1789,A543,A321,BKK-HAN-CXR,15:50,18:45,15:50,18:45,15:50,18:44,18:45,18:54,02:55,02:55,ONTIME,ONTIME,ONTIME,ONTIME,,,,,,,,,HAN,BKK,CXR,Domestic,VJ,,
2026-05-01|VJ530/VJ1561|A663|DAD-HAN-HUI|19:15,2026-05-01,VJ530/VJ1561,A663,A320,DAD-HAN-HUI,16:15,19:15,16:15,19:15,16:05,19:05,19:06,19:10,03:00,03:01,EARLY,ONTIME,ONTIME,ONTIME,,,,,,,,,HAN,DAD,HUI,Domestic,VJ,,
2026-05-01|VJ424/VJ519|A673|PXU-HAN-DAD|19:25,2026-05-01,VJ424/VJ519,A673,A321,PXU-HAN-DAD,18:45,19:25,18:45,19:25,18:45,19:23,19:25,19:28,00:40,00:40,ONTIME,ONTIME,ONTIME,ONTIME,,,,,,,,,HAN,PXU,DAD,Domestic,VJ,,
2026-05-01|VJ438/VJ523|A671|UIH-HAN-DAD|19:55,2026-05-01,VJ438/VJ523,A671,A320,UIH-HAN-DAD,19:25,19:55,19:25,19:55,19:25,19:48,19:50,19:55,00:30,00:25,EARLY,ONTIME,ONTIME,ONTIME,,,,,,,,,HAN,UIH,DAD,Domestic,VJ,,
2026-05-01|VJ528/VJ7712|A671|HAN-PKX|19:55,2026-05-01,VJ528/VJ7712,A671,A320,HAN-PKX,17:45,19:55,17:45,19:55,17:41,19:41,19:45,19:46,02:10,02:04,EARLY,ONTIME,ONTIME,ONTIME,,,,,,,,,HAN,,PKX,International,VJ,,
2026-05-01|VJ144/VJ455|A553|SGN-HAN-PQC|20:05,2026-05-01,VJ144/VJ455,A553,A321,SGN-HAN-PQC,18:05,20:05,18:05,20:05,18:00,19:58,19:59,20:06,02:00,01:59,EARLY,ONTIME,ONTIME,ONTIME,,,,,,,,,HAN,SGN,PQC,Domestic,VJ,,
2026-05-01|VJ452/VJ907|A200|PQC-HAN-BOM|20:05,2026-05-01,VJ452/VJ907,A200,A321,PQC-HAN-BOM,16:05,20:05,16:05,20:05,16:05,19:59,20:00,20:03,04:00,03:55,EARLY,ONTIME,ONTIME,ONTIME,,,,,,,,,HAN,PQC,BOM,International,VJ,,
2026-05-01|VJ928/VJ7815|A685|CGK-HAN-MNL|20:10,2026-05-01,VJ928/VJ7815,A685,A321,CGK-HAN-MNL,18:15,20:10,18:15,20:10,18:43,20:06,20:08,20:13,01:55,01:25,EARLY,ONTIME,ONTIME,DELAY,,,,,,,,,HAN,CGK,MNL,International,VJ,,
2026-05-01|VJ931/VJ161|A693|KIX-HAN-SGN|20:55,2026-05-01,VJ931/VJ161,A693,A321,KIX-HAN-SGN,18:30,20:55,18:30,20:55,19:00,20:48,20:50,20:58,02:25,01:50,EARLY,ONTIME,ONTIME,DELAY,,,,,,,,,HAN,KIX,SGN,Domestic,VJ,,
2026-05-01|VJ1516/VJ7238|A669|DAD-HAN-PVG|21:15,2026-05-01,VJ1516/VJ7238,A669,A320,DAD-HAN-PVG,19:45,21:15,19:45,21:15,20:10,21:00,21:02,21:05,01:30,00:52,EARLY,ONTIME,ONTIME,DELAY,,,,,,,,,HAN,DAD,PVG,International,VJ,,
2026-05-01|VJ154/VJ163|A630|SGN-HAN-SGN|21:25,2026-05-01,VJ154/VJ163,A630,A321,SGN-HAN-SGN,20:55,21:25,20:55,21:25,20:55,21:23,21:25,21:26,00:30,00:30,ONTIME,ONTIME,ONTIME,ONTIME,,,,,,,,,HAN,SGN,SGN,Domestic,VJ,,
2026-05-01|VJ904/VJ1527|A672|BKK-HAN-DAD|21:40,2026-05-01,VJ904/VJ1527,A672,A320,BKK-HAN-DAD,20:25,21:40,20:25,21:40,20:35,21:39,21:40,21:45,01:15,01:05,ONTIME,ONTIME,ONTIME,ONTIME,,,,,,,,,HAN,BKK,DAD,Domestic,VJ,,
2026-05-01|VJ568/VJ7526|A549|HUI-HAN-CAN|22:30,2026-05-01,VJ568/VJ7526,A549,A321,HUI-HAN-CAN,18:55,22:30,18:55,22:30,19:15,22:29,22:30,22:38,03:35,03:15,ONTIME,ONTIME,ONTIME,DELAY,,,,,,,,,HAN,HUI,CAN,International,VJ,,
2026-05-01|VJ456/VJ167|A642|PQC-HAN-SGN|22:45,2026-05-01,VJ456/VJ167,A642,A321,PQC-HAN-SGN,17:45,22:45,17:45,22:45,18:12,22:38,22:40,22:43,05:00,04:28,EARLY,ONTIME,ONTIME,DELAY,,,,,,,,,HAN,PQC,SGN,Domestic,VJ,,
2026-05-01|VJ935/VJ962|A578|NRT-HAN-ICN|23:15,2026-05-01,VJ935/VJ962,A578,A321,NRT-HAN-ICN,20:05,23:15,20:05,23:15,20:40,23:29,23:30,23:40,03:10,02:50,DELAY,ONTIME,DELAY,DELAY,,99,00:15,,,,,LATE ACPT 10PAX WITH 11BAGS,HAN,NRT,ICN,International,VJ,,
2026-05-01|VJ1158/VJ169|A687|SGN-HAN-SGN|23:40,2026-05-01,VJ1158/VJ169,A687,A321,SGN-HAN-SGN,23:10,23:40,23:10,23:40,22:50,23:30,23:32,23:34,00:30,00:42,EARLY,ONTIME,ONTIME,ONTIME,,,,,,,,,HAN,SGN,SGN,Domestic,VJ,,
2026-05-02|VJ7813|A647|HAN-CEB|00:05,2026-05-02,VJ7813,A647,A321,HAN-CEB,,00:05,,00:05,,23:54,23:55,23:56,,,EARLY,ONTIME,ONTIME,,,,,,,,,,HAN,,CEB,International,VJ,,
2026-05-02|VJ932|A551|HAN-NRT|00:30,2026-05-02,VJ932,A551,A321,HAN-NRT,,00:30,,00:30,,00:28,00:30,00:31,,,ONTIME,ONTIME,ONTIME,,,,,,,,,,HAN,,NRT,International,VJ,,
2026-05-02|VJ2978/VJ2978|A575|CXR-HAN-VVO|00:45,2026-05-02,VJ2978/VJ2978,A575,A321,CXR-HAN-VVO,00:15,00:45,00:15,00:45,00:15,00:37,00:39,00:42,00:30,00:24,EARLY,ONTIME,ONTIME,ONTIME,,,,,,,,,HAN,CXR,VVO,International,VJ,,
2026-05-02|VJ982|A634|HAN-PUS|01:05,2026-05-02,VJ982,A634,A321,HAN-PUS,,01:05,,01:05,,01:04,01:05,01:10,,,ONTIME,ONTIME,ONTIME,,,,,,,,,,HAN,,PUS,International,VJ,,
2026-05-02|VJ938|A521|HAN-KIX|01:20,2026-05-02,VJ938,A521,A321,HAN-KIX,,01:20,,01:20,,01:07,01:08,01:15,,,EARLY,ONTIME,ONTIME,,,,,,,,,,HAN,,KIX,International,VJ,,
2026-05-02|VJ960|A674|HAN-ICN|01:40,2026-05-02,VJ960,A674,A321,HAN-ICN,,01:40,,01:40,,01:30,01:32,01:40,,,EARLY,ONTIME,ONTIME,,,,,,,,,,HAN,,ICN,International,VJ,,
2026-05-02|VJ920|A525|HAN-NGO|01:40,2026-05-02,VJ920,A525,A321,HAN-NGO,,01:40,,01:40,,01:28,01:30,01:30,,,EARLY,ONTIME,ONTIME,,,,,,,,,,HAN,,NGO,International,VJ,,
2026-05-02|VJ958|A683|HAN-FUK|02:05,2026-05-02,VJ958,A683,A321,HAN-FUK,,02:05,,02:05,,02:01,02:03,02:05,,,EARLY,ONTIME,ONTIME,,,,,,,,,,HAN,,FUK,International,VJ,,
2026-05-02|VJ7860|A650|HAN-KIX|02:25,2026-05-02,VJ7860,A650,A320,HAN-KIX,,02:25,,02:25,,02:19,02:20,02:23,,,EARLY,ONTIME,ONTIME,,,,,,,,,,HAN,,KIX,International,VJ,,
2026-05-02|VJ7713/VJ123|A671|PKX-HAN-SGN|05:30,2026-05-02,VJ7713/VJ123,A671,A320,PKX-HAN-SGN,03:55,05:30,03:55,05:30,03:50,05:24,05:25,05:29,01:35,01:35,EARLY,ONTIME,ONTIME,ONTIME,,,,,,,,,HAN,PKX,SGN,Domestic,VJ,,
2026-05-02|VJ1445|A663|HAN-PQC|05:30,2026-05-02,VJ1445,A663,A320,HAN-PQC,,05:30,,05:30,,05:24,05:25,05:30,,,EARLY,ONTIME,ONTIME,,,,,,,,,FERRY FLIGHT,HAN,,PQC,Domestic,VJ,,
2026-05-02|VJ501|A649|HAN-DAD|05:40,2026-05-02,VJ501,A649,A321,HAN-DAD,,05:40,,05:40,,05:31,05:32,05:33,,,EARLY,ONTIME,ONTIME,,,,,,,,,,HAN,,DAD,Domestic,VJ,,
2026-05-02|VJ7239/VJ121|A669|PVG-HAN-SGN|06:00,2026-05-02,VJ7239/VJ121,A669,A320,PVG-HAN-SGN,04:50,06:00,04:50,06:00,04:50,05:54,05:55,06:00,01:10,01:05,EARLY,ONTIME,ONTIME,ONTIME,,,,,,,,,HAN,PVG,SGN,Domestic,VJ,,
2026-05-02|VJ431|A658|HAN-UIH|06:05,2026-05-02,VJ431,A658,A320,HAN-UIH,,06:05,,06:05,,05:49,05:50,05:51,,,EARLY,ONTIME,ONTIME,,,,,,,,,,HAN,,UIH,Domestic,VJ,,
2026-05-02|VJ449|A637|HAN-PQC|06:30,2026-05-02,VJ449,A637,A321,HAN-PQC,,06:30,,06:30,,06:24,06:25,06:38,,,EARLY,ONTIME,ONTIME,,,,,,,,,,HAN,,PQC,Domestic,VJ,,
2026-05-02|VJ5069/VJ5069|A580|NOZ-HAN-CXR|06:45,2026-05-02,VJ5069/VJ5069,A580,A321,NOZ-HAN-CXR,06:15,06:45,06:15,06:45,06:05,06:28,06:30,06:32,00:30,00:25,EARLY,ONTIME,ONTIME,ONTIME,,,,,,,,,HAN,NOZ,CXR,Domestic,VJ,,
2026-05-02|VJ421|A632|HAN-PXU|07:10,2026-05-02,VJ421,A632,A321,HAN-PXU,,07:10,,07:10,,07:03,07:04,07:06,,,EARLY,ONTIME,ONTIME,,,,,,,,,,HAN,,PXU,Domestic,VJ,,
2026-05-02|VJ197|A662|HAN-SGN|07:20,2026-05-02,VJ197,A662,A320,HAN-SGN,,07:20,,07:20,,07:15,07:16,07:20,,,EARLY,ONTIME,ONTIME,,,,,,,,,,HAN,,SGN,Domestic,VJ,,
2026-05-02|VJ1500/VJ503|A641|DAD-HAN-DAD|07:30,2026-05-02,VJ1500/VJ503,A641,A321,DAD-HAN-DAD,07:00,07:30,07:00,07:30,06:45,07:19,07:20,07:22,00:30,00:35,EARLY,ONTIME,ONTIME,ONTIME,,,,,,,,,HAN,DAD,DAD,Domestic,VJ,,
2026-05-02|VJ7527/VJ934|A549|CAN-HAN-NRT|07:55,2026-05-02,VJ7527/VJ934,A549,A321,CAN-HAN-NRT,03:05,07:55,03:05,07:55,03:25,07:49,07:50,07:58,04:50,04:25,EARLY,ONTIME,ONTIME,DELAY,,,,,,,,,HAN,CAN,NRT,International,VJ,,
2026-05-02|VJ930|A697|HAN-KIX|07:55,2026-05-02,VJ930,A697,A321,HAN-KIX,,07:55,,07:55,,07:47,07:48,07:49,,,EARLY,ONTIME,ONTIME,,,,,,,,,,HAN,,KIX,International,VJ,,
2026-05-02|VJ929|A535|HAN-CGK|08:40,2026-05-02,VJ929,A535,A321,HAN-CGK,,08:40,,08:40,,08:32,08:33,08:35,,,EARLY,ONTIME,ONTIME,,,,,,,,,,HAN,,CGK,International,VJ,,
2026-05-02|VJ7816/VJ447|A685|MNL-HAN-PQC|08:45,2026-05-02,VJ7816/VJ447,A685,A321,MNL-HAN-PQC,03:50,08:45,03:50,08:45,03:45,08:44,08:45,08:53,04:55,05:00,ONTIME,ONTIME,ONTIME,ONTIME,,,,,,,,,HAN,MNL,PQC,Domestic,VJ,,
2026-05-02|VJ1508/VJ1435|A689|DAD-HAN-UIH|08:50,2026-05-02,VJ1508/VJ1435,A689,A320,DAD-HAN-UIH,08:20,08:50,08:20,08:50,08:25,08:49,08:50,08:55,00:30,00:25,ONTIME,ONTIME,ONTIME,ONTIME,,,,,,,,,HAN,DAD,UIH,Domestic,VJ,,
2026-05-02|VJ7638|A684|HAN-TXN|09:10,2026-05-02,VJ7638,A684,A321,HAN-TXN,,09:10,,09:10,,09:04,09:05,09:10,,,EARLY,ONTIME,ONTIME,,,,,,,,,,HAN,,TXN,International,VJ,,
2026-05-02|VJ514/VJ563|A649|DAD-HAN-HUI|09:20,2026-05-02,VJ514/VJ563,A649,A321,DAD-HAN-HUI,08:50,09:20,08:50,09:20,08:50,09:19,09:20,09:23,00:30,00:30,ONTIME,ONTIME,ONTIME,ONTIME,,,,,,,,,HAN,DAD,HUI,Domestic,VJ,,
2026-05-02|VJ915|A522|HAN-SIN|09:35,2026-05-02,VJ915,A522,A321,HAN-SIN,,09:35,,09:35,,09:27,09:28,09:32,,,EARLY,ONTIME,ONTIME,,,,,,,,,,HAN,,SIN,International,VJ,,
2026-05-02|VJ433|A675|HAN-UIH|09:45,2026-05-02,VJ433,A675,A320,HAN-UIH,,09:45,,09:45,,09:37,09:38,09:42,,,EARLY,ONTIME,ONTIME,,,,,,,,,,HAN,,UIH,Domestic,VJ,,
2026-05-02|VJ910/VJ997|A200|BOM-HAN-DPS|10:05,2026-05-02,VJ910/VJ997,A200,A321,BOM-HAN-DPS,07:10,10:05,07:10,10:05,07:05,09:58,10:00,10:02,02:55,02:55,EARLY,ONTIME,ONTIME,ONTIME,,,,,,,,,HAN,BOM,DPS,International,VJ,,
2026-05-02|VJ126/VJ131|A544|SGN-HAN-SGN|10:10,2026-05-02,VJ126/VJ131,A544,A321,SGN-HAN-SGN,09:40,10:10,09:40,10:10,09:40,10:09,10:10,10:16,00:30,00:30,ONTIME,ONTIME,ONTIME,ONTIME,,,,,,,,,HAN,SGN,SGN,Domestic,VJ,,
2026-05-02|VJ122/VJ463|A667|SGN-HAN-VCA|10:20,2026-05-02,VJ122/VJ463,A667,A321,SGN-HAN-VCA,09:05,10:20,09:05,10:20,08:55,10:14,10:15,10:20,01:15,01:20,EARLY,ONTIME,ONTIME,ONTIME,,,,,,,,,HAN,SGN,VCA,Domestic,VJ,,
2026-05-02|VJ430/VJ1437|A658|UIH-HAN-UIH|10:25,2026-05-02,VJ430/VJ1437,A658,A320,UIH-HAN-UIH,09:50,10:25,09:50,10:25,09:50,10:09,10:10,10:16,00:35,00:20,EARLY,ONTIME,ONTIME,ONTIME,,,,,,,,FERRY FLIGHT,HAN,UIH,UIH,Domestic,VJ,,
2026-05-02|VJ7814/VJ1493|A647|CEB-HAN-BMV|10:30,2026-05-02,VJ7814/VJ1493,A647,A321,CEB-HAN-BMV,08:20,10:30,08:20,10:30,08:45,10:22,10:23,10:25,02:10,01:38,EARLY,ONTIME,ONTIME,DELAY,,,,,,,,,HAN,CEB,BMV,Domestic,VJ,,
2026-05-02|VJ1565|A644|HAN-HUI|11:05,2026-05-02,VJ1565,A644,A321,HAN-HUI,,11:05,,11:05,,10:55,10:56,11:00,,,EARLY,ONTIME,ONTIME,,,,,,,,,FERRY FLIGHT,HAN,,HUI,Domestic,VJ,,
2026-05-02|VJ963/VJ901|A578|ICN-HAN-BKK|11:10,2026-05-02,VJ963/VJ901,A578,A321,ICN-HAN-BKK,08:55,11:10,08:55,11:10,09:25,10:50,10:51,10:55,02:15,01:26,EARLY,ONTIME,ONTIME,DELAY,,,,,,,,,HAN,ICN,BKK,International,VJ,,
2026-05-02|VJ524/VJ507|A641|DAD-HAN-DAD|11:10,2026-05-02,VJ524/VJ507,A641,A321,DAD-HAN-DAD,10:40,11:10,10:40,11:10,10:55,11:24,11:25,11:35,00:30,00:30,DELAY,ONTIME,DELAY,ONTIME,,93,00:15,,,,,,HAN,DAD,DAD,Domestic,VJ,,
2026-05-02|VJ190/VJ1443|A811|SGN-HAN-PQC|11:10,2026-05-02,VJ190/VJ1443,A811,A330,SGN-HAN-PQC,10:25,11:10,10:25,11:10,10:20,10:59,11:00,11:05,00:45,00:40,EARLY,ONTIME,ONTIME,ONTIME,,,,,,,,FERRY FLIGHT,HAN,SGN,PQC,Domestic,VJ,,
2026-05-02|VJ130/VJ133|A548|SGN-HAN-SGN|11:35,2026-05-02,VJ130/VJ133,A548,A321,SGN-HAN-SGN,11:05,11:35,11:05,11:35,11:20,11:54,11:55,12:05,00:30,00:35,DELAY,DELAY,DELAY,ONTIME,,93,00:15,66,00:05,,,CREW OB 1132,HAN,SGN,SGN,Domestic,VJ,,
2026-05-02|VJ1448/VJ451|A663|PQC-HAN-PQC|11:45,2026-05-02,VJ1448/VJ451,A663,A320,PQC-HAN-PQC,10:15,11:45,10:15,11:45,10:15,11:38,11:39,11:42,01:30,01:24,EARLY,ONTIME,ONTIME,ONTIME,,,,,,,,,HAN,PQC,PQC,Domestic,VJ,,
2026-05-02|VJ981/VJ515|A634|PUS-HAN-DAD|12:10,2026-05-02,VJ981/VJ515,A634,A321,PUS-HAN-DAD,10:40,12:10,10:40,12:10,10:30,12:14,12:15,12:25,01:30,01:45,DELAY,ONTIME,ONTIME,ONTIME,,,,,,,,OFFLOAD 4 PAX 5 BAG,HAN,PUS,DAD,Domestic,VJ,,
2026-05-02|VJ450/VJ137|A637|PQC-HAN-SGN|12:20,2026-05-02,VJ450/VJ137,A637,A321,PQC-HAN-SGN,11:15,12:20,11:15,12:20,11:25,12:09,12:10,12:13,01:05,00:45,EARLY,ONTIME,ONTIME,ONTIME,,,,,,,,,HAN,PQC,SGN,Domestic,VJ,,
2026-05-02|VJ564/VJ453|A649|HUI-HAN-PQC|13:00,2026-05-02,VJ564/VJ453,A649,A321,HUI-HAN-PQC,12:20,13:00,12:20,13:00,12:25,12:56,12:57,13:02,00:40,00:32,EARLY,ONTIME,ONTIME,ONTIME,,,,,,,,FERRY FLIGHT,HAN,HUI,PQC,Domestic,VJ,,
2026-05-02|VJ509|A673|HAN-DAD|13:05,2026-05-02,VJ509,A673,A321,HAN-DAD,,13:05,,13:05,,13:24,13:25,13:30,,,DELAY,DELAY,DELAY,,,95,00:20,,,,,CREW VJ1432 OB 1257,HAN,,DAD,Domestic,VJ,,
2026-05-02|VJ422/VJ787|A632|PXU-HAN-CXR|13:10,2026-05-02,VJ422/VJ787,A632,A321,PXU-HAN-CXR,10:50,13:10,10:50,13:10,10:45,13:04,13:05,13:13,02:20,02:20,EARLY,ONTIME,ONTIME,ONTIME,,,,,,,,,HAN,PXU,CXR,Domestic,VJ,,
2026-05-02|VJ2979/VJ2979|A575|VVO-HAN-CXR|13:15,2026-05-02,VJ2979/VJ2979,A575,A321,VVO-HAN-CXR,12:45,13:15,12:45,13:15,13:15,13:33,13:34,13:38,00:30,00:19,DELAY,DELAY,DELAY,DELAY,,93,00:19,,,,,,HAN,VVO,CXR,Domestic,VJ,,
2026-05-02|VJ959/VJ948|A683|FUK-HAN-RMQ|13:30,2026-05-02,VJ959/VJ948,A683,A321,FUK-HAN-RMQ,11:45,13:30,11:45,13:30,11:45,13:24,13:25,13:28,01:45,01:40,EARLY,ONTIME,ONTIME,ONTIME,,,,,,,,,HAN,FUK,RMQ,International,VJ,,
2026-05-02|VJ939/VJ441|A521|KIX-HAN-PQC|14:00,2026-05-02,VJ939/VJ441,A521,A321,KIX-HAN-PQC,12:20,14:00,12:20,14:00,12:55,13:59,14:00,14:10,01:40,01:05,ONTIME,ONTIME,ONTIME,DELAY,,,,,,,,,HAN,KIX,PQC,Domestic,VJ,,
2026-05-02|VJ198/VJ7316|A669|SGN-HAN-ENH|14:00,2026-05-02,VJ198/VJ7316,A669,A320,SGN-HAN-ENH,12:40,14:00,12:40,14:00,12:45,13:44,13:45,13:50,01:20,01:00,EARLY,ONTIME,ONTIME,ONTIME,,,,,,,,,HAN,SGN,ENH,International,VJ,,
2026-05-02|VJ921/VJ525|A525|NGO-HAN-DAD|14:05,2026-05-02,VJ921/VJ525,A525,A321,NGO-HAN-DAD,12:50,14:05,12:50,14:05,12:30,13:58,14:00,14:12,01:15,01:30,EARLY,ONTIME,ONTIME,ONTIME,,,,,,,,,HAN,NGO,DAD,Domestic,VJ,,
2026-05-02|VJ1780/VJ141|A816|CXR-HAN-SGN|14:30,2026-05-02,VJ1780/VJ141,A816,A330,CXR-HAN-SGN,10:20,14:30,10:20,14:30,11:15,14:21,14:22,14:24,04:10,03:07,EARLY,ONTIME,ONTIME,DELAY,,,,,,,,,HAN,CXR,SGN,Domestic,VJ,,
2026-05-02|VJ440/VJ1523|A685|PQC-HAN-DAD|14:30,2026-05-02,VJ440/VJ1523,A685,A321,PQC-HAN-DAD,13:30,14:30,13:30,14:30,14:00,14:29,14:30,14:34,01:00,00:30,ONTIME,ONTIME,ONTIME,DELAY,,,,,,,,,HAN,PQC,DAD,Domestic,VJ,,
2026-05-02|VJ933/VJ946|A551|NRT-HAN-KHH|14:35,2026-05-02,VJ933/VJ946,A551,A321,NRT-HAN-KHH,13:05,14:35,13:05,14:35,13:30,14:34,14:35,14:43,01:30,01:05,ONTIME,ONTIME,ONTIME,DELAY,,,,,,,,,HAN,NRT,KHH,International,VJ,,
2026-05-02|VJ1504/VJ1505|A542|DAD-HAN-DAD|14:35,2026-05-02,VJ1504/VJ1505,A542,A321,DAD-HAN-DAD,14:00,14:35,14:00,14:35,14:05,14:34,14:35,14:40,00:35,00:30,ONTIME,ONTIME,ONTIME,ONTIME,,,,,,,,,HAN,DAD,DAD,Domestic,VJ,,
2026-05-02|VJ145|A629|HAN-SGN|14:40,2026-05-02,VJ145,A629,A321,HAN-SGN,,14:40,,14:40,,14:39,14:40,14:50,,,ONTIME,ONTIME,ONTIME,,,,,,,,,,HAN,,SGN,Domestic,VJ,,
2026-05-02|VJ1566/VJ1521|A644|HUI-HAN-DAD|14:40,2026-05-02,VJ1566/VJ1521,A644,A321,HUI-HAN-DAD,14:05,14:40,14:05,14:40,14:10,14:39,14:40,14:48,00:35,00:30,ONTIME,ONTIME,ONTIME,ONTIME,,,,,,,,,HAN,HUI,DAD,Domestic,VJ,,
2026-05-02|VJ434/VJ1439|A675|UIH-HAN-UIH|14:40,2026-05-02,VJ434/VJ1439,A675,A320,UIH-HAN-UIH,13:35,14:40,13:35,14:40,13:25,14:04,14:05,14:23,01:05,00:40,EARLY,ONTIME,ONTIME,ONTIME,,,,,,,,FERRY FLIGHT,HAN,UIH,UIH,Domestic,VJ,,
2026-05-02|VJ510/VJ511|A670|DAD-HAN-DAD|15:05,2026-05-02,VJ510/VJ511,A670,A321,DAD-HAN-DAD,14:35,15:05,14:35,15:30,15:00,15:27,15:28,15:35,00:55,00:28,EARLY,ONTIME,DELAY,DELAY,,,,,,,,,HAN,DAD,DAD,Domestic,VJ,,
2026-05-02|VJ134/VJ423|A687|SGN-HAN-PXU|15:05,2026-05-02,VJ134/VJ423,A687,A321,SGN-HAN-PXU,14:05,15:05,14:05,15:05,14:30,14:59,15:00,15:05,01:00,00:30,EARLY,ONTIME,ONTIME,DELAY,,,,,,,,,HAN,SGN,PXU,Domestic,VJ,,
2026-05-02|VJ1436/VJ439|A658|UIH-HAN-UIH|15:40,2026-05-02,VJ1436/VJ439,A658,A320,UIH-HAN-UIH,14:10,15:40,14:10,15:40,13:47,15:34,15:35,15:39,01:30,01:48,EARLY,ONTIME,ONTIME,ONTIME,,,,,,,,,HAN,UIH,UIH,Domestic,VJ,,
2026-05-02|VJ7620/VJ7620|A580|CXR-HAN-BAX|15:40,2026-05-02,VJ7620/VJ7620,A580,A321,CXR-HAN-BAX,15:10,15:40,15:10,15:40,15:25,15:54,15:55,16:05,00:30,00:30,DELAY,ONTIME,DELAY,ONTIME,,93,00:15,,,,,,HAN,CXR,BAX,International,VJ,,
2026-05-02|VJ138/VJ147|A698|SGN-HAN-SGN|15:45,2026-05-02,VJ138/VJ147,A698,A321,SGN-HAN-SGN,15:15,15:45,15:15,15:45,15:20,15:44,15:45,15:55,00:30,00:25,ONTIME,ONTIME,ONTIME,ONTIME,,,,,,,,,HAN,SGN,SGN,Domestic,VJ,,
2026-05-02|VJ7853/VJ903|A655|KMQ-HAN-BKK|15:45,2026-05-02,VJ7853/VJ903,A655,A320,KMQ-HAN-BKK,12:55,15:45,12:55,15:45,13:03,15:36,15:37,15:39,02:50,02:34,EARLY,ONTIME,ONTIME,ONTIME,,,,,,,,,HAN,KMQ,BKK,International,VJ,,
2026-05-02|VJ1494/VJ567|A647|BMV-HAN-HUI|15:55,2026-05-02,VJ1494/VJ567,A647,A321,BMV-HAN-HUI,14:30,15:55,14:30,15:55,14:30,15:54,15:55,15:59,01:25,01:25,ONTIME,ONTIME,ONTIME,ONTIME,,,,,,,,,HAN,BMV,HUI,Domestic,VJ,,
2026-05-02|VJ508/VJ773|A634|DAD-HAN-CXR|16:00,2026-05-02,VJ508/VJ773,A634,A321,DAD-HAN-CXR,15:25,16:00,15:25,16:30,15:58,16:23,16:25,16:27,01:05,00:27,EARLY,ONTIME,DELAY,DELAY,,,,,,,,,HAN,DAD,CXR,Domestic,VJ,,
2026-05-02|VJ136/VJ151|A547|SGN-HAN-SGN|16:50,2026-05-02,VJ136/VJ151,A547,A321,SGN-HAN-SGN,14:40,16:50,14:40,16:50,14:45,16:44,16:45,16:50,02:10,02:00,EARLY,ONTIME,ONTIME,ONTIME,,,,,,,,,HAN,SGN,SGN,Domestic,VJ,,
2026-05-02|VJ902/VJ465|A578|BKK-HAN-VCA|17:00,2026-05-02,VJ902/VJ465,A578,A321,BKK-HAN-VCA,15:50,17:00,15:50,17:00,15:50,16:57,16:59,17:09,01:10,01:09,EARLY,ONTIME,ONTIME,ONTIME,,,,,,,,,HAN,BKK,VCA,Domestic,VJ,,
2026-05-02|VJ772/VJ1457|A650|CXR-HAN-PQC|17:10,2026-05-02,VJ772/VJ1457,A650,A320,CXR-HAN-PQC,16:20,17:10,16:20,17:10,16:30,16:59,17:00,17:10,00:50,00:30,EARLY,ONTIME,ONTIME,ONTIME,,,,,,,,,HAN,CXR,PQC,Domestic,VJ,,
2026-05-02|VJ1432/VJ495|A689|UIH-HAN-BMV|17:30,2026-05-02,VJ1432/VJ495,A689,A320,UIH-HAN-BMV,12:35,17:30,12:35,17:30,12:45,17:23,17:24,17:27,04:55,04:39,EARLY,ONTIME,ONTIME,ONTIME,,,,,,,,,HAN,UIH,BMV,Domestic,VJ,,
2026-05-02|VJ454/VJ1433|A663|PQC-HAN-UIH|17:45,2026-05-02,VJ454/VJ1433,A663,A320,PQC-HAN-UIH,16:45,17:45,16:45,17:45,16:40,17:36,17:38,17:39,01:00,00:58,EARLY,ONTIME,ONTIME,ONTIME,,,,,,,,FERRY FLIGHT,HAN,PQC,UIH,Domestic,VJ,,
2026-05-02|VJ774/VJ517|A632|CXR-HAN-DAD|17:45,2026-05-02,VJ774/VJ517,A632,A321,CXR-HAN-DAD,17:15,17:45,17:15,18:30,17:50,18:28,18:29,18:38,01:15,00:39,EARLY,ONTIME,DELAY,DELAY,,,,,,,,,HAN,CXR,DAD,Domestic,VJ,,
2026-05-02|VJ528/VJ1153|A525|DAD-HAN-SGN|18:05,2026-05-02,VJ528/VJ1153,A525,A321,DAD-HAN-SGN,17:25,18:05,17:25,18:05,17:24,18:00,18:01,18:07,00:40,00:37,EARLY,ONTIME,ONTIME,ONTIME,,,,,,,,,HAN,DAD,SGN,Domestic,VJ,,
2026-05-02|VJ456/VJ781|A649|PQC-HAN-CXR|18:45,2026-05-02,VJ456/VJ781,A649,A321,PQC-HAN-CXR,17:45,18:45,17:45,18:45,17:55,18:22,18:23,18:39,01:00,00:28,EARLY,ONTIME,ONTIME,ONTIME,,,,,,,,FERRY FLIGHT,HAN,PQC,CXR,Domestic,VJ,,
2026-05-02|VJ530/VJ521|A641|DAD-HAN-DAD|18:45,2026-05-02,VJ530/VJ521,A641,A321,DAD-HAN-DAD,16:15,18:45,16:15,18:45,16:15,18:42,18:44,18:52,02:30,02:29,EARLY,ONTIME,ONTIME,ONTIME,,,,,,,,,HAN,DAD,DAD,Domestic,VJ,,
2026-05-02|VJ1522/VJ1789|A644|DAD-HAN-CXR|18:45,2026-05-02,VJ1522/VJ1789,A644,A321,DAD-HAN-CXR,17:55,18:45,17:55,18:45,18:10,18:34,18:35,18:40,00:50,00:25,EARLY,ONTIME,ONTIME,ONTIME,,,,,,,,,HAN,DAD,CXR,Domestic,VJ,,
2026-05-02|VJ424/VJ1561|A687|PXU-HAN-HUI|19:15,2026-05-02,VJ424/VJ1561,A687,A321,PXU-HAN-HUI,18:45,19:15,18:45,19:35,19:05,19:29,19:30,19:37,00:50,00:25,EARLY,ONTIME,DELAY,DELAY,,,,,,,,FERRY FLIGHT,HAN,PXU,HUI,Domestic,VJ,,
2026-05-02|VJ928/VJ1453|A535|CGK-HAN-PQC|19:15,2026-05-02,VJ928/VJ1453,A535,A321,CGK-HAN-PQC,18:15,19:15,18:15,19:15,18:05,18:53,18:54,19:04,01:00,00:49,EARLY,ONTIME,ONTIME,ONTIME,,,,,,,,FERRY FLIGHT,HAN,CGK,PQC,Domestic,VJ,,
2026-05-02|VJ7639/VJ1127|A684|TXN-HAN-SGN|19:20,2026-05-02,VJ7639/VJ1127,A684,A321,TXN-HAN-SGN,15:55,19:20,15:55,19:20,16:25,19:19,19:20,19:25,03:25,02:55,ONTIME,ONTIME,ONTIME,DELAY,,,,,,,,,HAN,TXN,SGN,Domestic,VJ,,
2026-05-02|VJ464/VJ519|A667|VCA-HAN-DAD|19:25,2026-05-02,VJ464/VJ519,A667,A321,VCA-HAN-DAD,15:10,19:25,15:10,19:25,14:45,19:22,19:23,19:30,04:15,04:38,EARLY,ONTIME,ONTIME,ONTIME,,,,,,,,,HAN,VCA,DAD,Domestic,VJ,,
2026-05-02|VJ971|A812|HAN-DEL|19:40,2026-05-02,VJ971,A812,A330,HAN-DEL,,19:40,,19:40,,19:34,19:35,19:40,,,EARLY,ONTIME,ONTIME,,,,,,,,,,HAN,,DEL,International,VJ,,
2026-05-02|VJ568/VJ523|A667|HUI-HAN-DAD|19:40,2026-05-02,VJ568/VJ523,A667,A321,HUI-HAN-DAD,18:55,19:40,18:55,19:40,19:35,20:04,20:05,20:08,00:45,00:30,DELAY,DELAY,DELAY,DELAY,,93,00:25,,,,,,HAN,HUI,DAD,Domestic,VJ,,
2026-05-02|VJ931/VJ1925|A697|KIX-HAN-AMD|19:45,2026-05-02,VJ931/VJ1925,A697,A321,KIX-HAN-AMD,18:30,19:45,18:30,19:45,19:10,20:09,20:10,20:12,01:15,01:00,DELAY,DELAY,DELAY,DELAY,,41,00:25,,,,,TECHNICAL CHECK,HAN,KIX,AMD,International,VJ,,
2026-05-02|VJ1438/VJ7712|A675|UIH-HAN-PKX|19:55,2026-05-02,VJ1438/VJ7712,A675,A320,UIH-HAN-PKX,18:30,19:55,18:30,19:55,18:35,19:46,19:47,19:59,01:25,01:12,EARLY,ONTIME,ONTIME,ONTIME,,,,,,,,,HAN,UIH,PKX,International,VJ,,
2026-05-02|VJ150/VJ161|A816|SGN-HAN-SGN|20:55,2026-05-02,VJ150/VJ161,A816,A330,SGN-HAN-SGN,19:50,20:55,19:50,20:55,20:15,20:49,20:50,21:05,01:05,00:35,EARLY,ONTIME,ONTIME,DELAY,,,,,,,,,HAN,SGN,SGN,Domestic,VJ,,
2026-05-02|VJ438/VJ7238|A658|UIH-HAN-PVG|21:15,2026-05-02,VJ438/VJ7238,A658,A320,UIH-HAN-PVG,19:25,21:15,19:25,21:15,19:35,20:54,20:55,21:37,01:50,01:20,EARLY,ONTIME,DELAY,ONTIME,,,,,,,,,HAN,UIH,PVG,International,VJ,,
2026-05-02|VJ1434/VJ163|A668|UIH-HAN-SGN|21:25,2026-05-02,VJ1434/VJ163,A668,A320,UIH-HAN-SGN,21:30,21:25,21:30,22:25,22:10,22:54,22:55,23:00,00:55,00:45,DELAY,DELAY,DELAY,DELAY,,93,00:10,66,00:05,41,00:15,CREW OB 2223/TECHNICAL E-TECHLOG,HAN,UIH,SGN,Domestic,VJ,,
2026-05-02|VJ512/VJ1527|A670|DAD-HAN-DAD|21:25,2026-05-02,VJ512/VJ1527,A670,A321,DAD-HAN-DAD,18:15,21:25,18:45,21:25,19:05,21:22,21:23,21:55,02:40,02:18,EARLY,ONTIME,DELAY,DELAY,,,,,,,,,HAN,DAD,DAD,Domestic,VJ,,
2026-05-02|VJ949/VJ7526|A683|RMQ-HAN-CAN|22:30,2026-05-02,VJ949/VJ7526,A683,A321,RMQ-HAN-CAN,19:50,22:30,19:50,22:30,20:00,22:11,22:12,22:20,02:40,02:12,EARLY,ONTIME,ONTIME,ONTIME,,,,,,,,,HAN,RMQ,CAN,International,VJ,,
2026-05-02|VJ518/VJ1503|A641|DAD-HAN-DAD|22:35,2026-05-02,VJ518/VJ1503,A641,A321,DAD-HAN-DAD,22:05,22:35,22:05,22:35,22:50,23:19,23:20,23:28,00:30,00:30,DELAY,DELAY,DELAY,DELAY,,93,00:45,,,,,,HAN,DAD,DAD,Domestic,VJ,,
2026-05-02|VJ1458/VJ167|A650|PQC-HAN-SGN|22:55,2026-05-02,VJ1458/VJ167,A650,A320,PQC-HAN-SGN,21:55,22:55,21:55,22:55,23:10,02:39,02:40,02:50,01:00,03:30,DELAY,DELAY,DELAY,DELAY,,93,00:45,95,03:00,,,CREW VJ7660 OB 0210,HAN,PQC,SGN,Domestic,VJ,,
2026-05-03|VJ932|A551|HAN-NRT|00:30,2026-05-03,VJ932,A551,A321,HAN-NRT,,00:30,,00:30,,00:29,00:30,00:44,,,ONTIME,ONTIME,ONTIME,,,,,,,,,,HAN,,NRT,International,VJ,,
2026-05-03|VJ982|A667|HAN-PUS|01:05,2026-05-03,VJ982,A667,A321,HAN-PUS,,01:05,,01:05,,01:04,01:05,01:17,,,ONTIME,ONTIME,ONTIME,,,,,,,,,,HAN,,PUS,International,VJ,,
2026-05-03|VJ938|A548|HAN-KIX|01:20,2026-05-03,VJ938,A548,A321,HAN-KIX,,01:20,,01:20,,01:19,01:20,01:25,,,ONTIME,ONTIME,ONTIME,,,,,,,,,,HAN,,KIX,International,VJ,,
2026-05-03|VJ7704/VJ7704|A575|CXR-HAN-VVO|00:45,2026-05-03,VJ7704/VJ7704,A575,A321,CXR-HAN-VVO,00:15,00:45,00:15,01:30,01:10,01:39,01:40,01:51,01:15,00:30,DELAY,ONTIME,DELAY,DELAY,,93,00:10,,,,,,HAN,CXR,VVO,International,VJ,,
2026-05-03|VJ960|A549|HAN-ICN|01:40,2026-05-03,VJ960,A549,A321,HAN-ICN,,01:40,,01:40,,01:32,01:34,01:35,,,EARLY,ONTIME,ONTIME,,,,,,,,,,HAN,,ICN,International,VJ,,
2026-05-03|VJ920|A674|HAN-NGO|01:40,2026-05-03,VJ920,A674,A321,HAN-NGO,,01:40,,01:40,,01:39,01:40,01:50,,,ONTIME,ONTIME,ONTIME,,,,,,,,,,HAN,,NGO,International,VJ,,
2026-05-03|VJ7660/VJ7660|A537|DAD-HAN-KHV|00:25,2026-05-03,VJ7660/VJ7660,A537,A321,DAD-HAN-KHV,23:55,00:25,23:55,01:05,01:30,01:59,02:00,02:09,01:10,00:30,DELAY,DELAY,DELAY,ONTIME,,93,00:55,,,,,,HAN,DAD,KHV,International,VJ,,
2026-05-03|VJ1980|A655|HAN-FSZ|02:40,2026-05-03,VJ1980,A655,A320,HAN-FSZ,,02:40,,02:40,,02:34,02:36,02:39,,,EARLY,ONTIME,ONTIME,,,,,,,,,,HAN,,FSZ,International,VJ,,
2026-05-03|VJ2912/VJ2912|A539|CXR-HAN-BQS|01:15,2026-05-03,VJ2912/VJ2912,A539,A321,CXR-HAN-BQS,00:45,01:15,01:35,02:30,02:30,03:23,03:24,03:31,00:55,00:54,DELAY,DELAY,DELAY,DELAY,,93,00:30,99,00:24,,,TECHSTOP/SUPPORT PAX NEED MEDICAL,HAN,CXR,BQS,International,VJ,,
2026-05-03|VJ445|A685|HAN-PQC|05:30,2026-05-03,VJ445,A685,A321,HAN-PQC,,05:30,,05:30,,05:11,05:12,05:21,,,EARLY,ONTIME,ONTIME,,,,,,,,,FERRY FLIGHT,HAN,,PQC,Domestic,VJ,,
2026-05-03|VJ123|A632|HAN-SGN|05:30,2026-05-03,VJ123,A632,A321,HAN-SGN,,05:30,,05:30,,05:24,05:25,05:30,,,EARLY,ONTIME,ONTIME,,,,,,,,,,HAN,,SGN,Domestic,VJ,,
2026-05-03|VJ501|A634|HAN-DAD|05:40,2026-05-03,VJ501,A634,A321,HAN-DAD,,05:40,,05:40,,05:34,05:35,05:44,,,EARLY,ONTIME,ONTIME,,,,,,,,,,HAN,,DAD,Domestic,VJ,,
2026-05-03|VJ771|A535|HAN-CXR|05:45,2026-05-03,VJ771,A535,A321,HAN-CXR,,05:45,,05:45,,05:39,05:40,05:45,,,EARLY,ONTIME,ONTIME,,,,,,,,,,HAN,,CXR,Domestic,VJ,,
2026-05-03|VJ121|A648|HAN-SGN|06:00,2026-05-03,VJ121,A648,A321,HAN-SGN,,06:00,,06:00,,05:48,05:50,05:52,,,EARLY,ONTIME,ONTIME,,,,,,,,,,HAN,,SGN,Domestic,VJ,,
2026-05-03|VJ491|A649|HAN-BMV|06:00,2026-05-03,VJ491,A649,A321,HAN-BMV,,06:00,,06:00,,05:54,05:55,05:59,,,EARLY,ONTIME,ONTIME,,,,,,,,,,HAN,,BMV,Domestic,VJ,,
2026-05-03|VJ1771|A684|HAN-CXR|06:00,2026-05-03,VJ1771,A684,A321,HAN-CXR,,06:00,,06:00,,05:54,05:55,06:03,,,EARLY,ONTIME,ONTIME,,,,,,,,,,HAN,,CXR,Domestic,VJ,,
2026-05-03|VJ7713/VJ431|A675|PKX-HAN-UIH|06:05,2026-05-03,VJ7713/VJ431,A675,A320,PKX-HAN-UIH,03:55,06:05,03:55,06:05,04:15,05:59,06:00,06:07,02:10,01:45,EARLY,ONTIME,ONTIME,DELAY,,,,,,,,,HAN,PKX,UIH,Domestic,VJ,,
2026-05-03|VJ952|A669|HAN-HIJ|06:15,2026-05-03,VJ952,A669,A320,HAN-HIJ,,06:15,,06:15,,06:14,06:15,06:25,,,ONTIME,ONTIME,ONTIME,,,,,,,,,,HAN,,HIJ,International,VJ,,
2026-05-03|VJ7527/VJ125|A683|CAN-HAN-SGN|07:00,2026-05-03,VJ7527/VJ125,A683,A321,CAN-HAN-SGN,03:05,07:00,03:05,07:00,03:00,06:53,06:54,06:57,03:55,03:54,EARLY,ONTIME,ONTIME,ONTIME,,,,,,,,,HAN,CAN,SGN,Domestic,VJ,,
2026-05-03|VJ421|A689|HAN-PXU|07:10,2026-05-03,VJ421,A689,A320,HAN-PXU,,07:10,,07:10,,07:04,07:05,07:15,,,EARLY,ONTIME,ONTIME,,,,,,,,,,HAN,,PXU,Domestic,VJ,,
2026-05-03|VJ1519|A687|HAN-DAD|07:15,2026-05-03,VJ1519,A687,A321,HAN-DAD,,07:15,,07:15,,06:57,06:58,07:10,,,EARLY,ONTIME,ONTIME,,,,,,,,,FERRY FLIGHT,HAN,,DAD,Domestic,VJ,,
2026-05-03|VJ972/VJ197|A812|DEL-HAN-SGN|07:20,2026-05-03,VJ972/VJ197,A812,A330,DEL-HAN-SGN,05:40,07:20,05:40,07:20,05:45,07:14,07:15,07:22,01:40,01:30,EARLY,ONTIME,ONTIME,ONTIME,,,,,,,,,HAN,DEL,SGN,Domestic,VJ,,
2026-05-03|VJ7239/VJ905|A658|PVG-HAN-KUL|07:25,2026-05-03,VJ7239/VJ905,A658,A320,PVG-HAN-KUL,04:50,07:25,04:50,07:25,05:20,07:07,07:08,07:18,02:35,01:48,EARLY,ONTIME,ONTIME,DELAY,,,,,,,,,HAN,PVG,KUL,International,VJ,,
2026-05-03|VJ1500/VJ503|A670|DAD-HAN-DAD|07:30,2026-05-03,VJ1500/VJ503,A670,A321,DAD-HAN-DAD,07:00,07:30,07:00,07:30,07:10,07:39,07:40,07:44,00:30,00:30,DELAY,ONTIME,ONTIME,ONTIME,,93,00:10,,,,,,HAN,DAD,DAD,Domestic,VJ,,
2026-05-03|VJ934|A578|HAN-NRT|07:55,2026-05-03,VJ934,A578,A321,HAN-NRT,,07:55,,07:55,,07:49,07:50,08:00,,,EARLY,ONTIME,ONTIME,,,,,,,,,,HAN,,NRT,International,VJ,,
2026-05-03|VJ930|A547|HAN-KIX|07:55,2026-05-03,VJ930,A547,A321,HAN-KIX,,07:55,,07:55,,07:52,07:53,07:57,,,EARLY,ONTIME,ONTIME,,,,,,,,,,HAN,,KIX,International,VJ,,
2026-05-03|VJ120/VJ127|A676|SGN-HAN-SGN|08:10,2026-05-03,VJ120/VJ127,A676,A320,SGN-HAN-SGN,07:10,08:10,07:10,08:10,07:05,08:01,08:02,08:05,01:00,00:57,EARLY,ONTIME,ONTIME,ONTIME,,,,,,,,,HAN,SGN,SGN,Domestic,VJ,,
2026-05-03|VJ929|A532|HAN-CGK|08:40,2026-05-03,VJ929,A532,A321,HAN-CGK,,08:40,,08:40,,08:34,08:35,08:50,,,EARLY,ONTIME,ONTIME,,,,,,,,,,HAN,,CGK,International,VJ,,
2026-05-03|VJ447|A522|HAN-PQC|08:45,2026-05-03,VJ447,A522,A321,HAN-PQC,,08:45,,08:45,,08:40,08:42,09:15,,,EARLY,ONTIME,DELAY,,,,,,,,,,HAN,,PQC,Domestic,VJ,,
2026-05-03|VJ1508/VJ1435|A672|DAD-HAN-UIH|08:50,2026-05-03,VJ1508/VJ1435,A672,A320,DAD-HAN-UIH,08:20,08:50,08:20,08:50,08:25,08:48,08:50,09:00,00:30,00:25,ONTIME,ONTIME,ONTIME,ONTIME,,,,,,,,,HAN,DAD,UIH,Domestic,VJ,,
2026-05-03|VJ7621/VJ7621|A580|BAX-HAN-CXR|09:00,2026-05-03,VJ7621/VJ7621,A580,A321,BAX-HAN-CXR,08:30,09:00,08:30,09:00,08:55,09:09,09:10,09:15,00:30,00:15,DELAY,ONTIME,ONTIME,DELAY,,93,00:10,,,,,,HAN,BAX,CXR,Domestic,VJ,,
2026-05-03|VJ505|A644|HAN-DAD|09:05,2026-05-03,VJ505,A644,A321,HAN-DAD,,09:05,,09:05,,08:58,09:00,09:05,,,EARLY,ONTIME,ONTIME,,,,,,,,,,HAN,,DAD,Domestic,VJ,,
2026-05-03|VJ1781|A647|HAN-CXR|09:10,2026-05-03,VJ1781,A647,A321,HAN-CXR,,09:10,,09:10,,09:09,09:10,09:25,,,ONTIME,ONTIME,ONTIME,,,,,,,,,,HAN,,CXR,Domestic,VJ,,
2026-05-03|VJ514/VJ563|A634|DAD-HAN-HUI|09:20,2026-05-03,VJ514/VJ563,A634,A321,DAD-HAN-HUI,08:50,09:20,08:50,09:40,09:15,09:36,09:37,09:44,00:50,00:22,EARLY,ONTIME,DELAY,DELAY,,,,,,,,,HAN,DAD,HUI,Domestic,VJ,,
2026-05-03|VJ915|A521|HAN-SIN|09:35,2026-05-03,VJ915,A521,A321,HAN-SIN,,09:35,,09:35,,09:31,09:32,09:37,,,EARLY,ONTIME,ONTIME,,,,,,,,,,HAN,,SIN,International,VJ,,
2026-05-03|VJ1526/VJ433|A542|DAD-HAN-UIH|09:45,2026-05-03,VJ1526/VJ433,A542,A321,DAD-HAN-UIH,09:10,09:45,09:10,09:45,09:25,09:44,09:45,09:49,00:35,00:20,ONTIME,ONTIME,ONTIME,ONTIME,,,,,,,,,HAN,DAD,UIH,Domestic,VJ,,
2026-05-03|VJ1926/VJ997|A697|AMD-HAN-DPS|10:05,2026-05-03,VJ1926/VJ997,A697,A321,AMD-HAN-DPS,05:55,10:05,05:55,10:05,06:45,10:09,10:10,10:20,04:10,03:25,DELAY,ONTIME,ONTIME,DELAY,,15A,00:05,,,,,DL15A OFFLOAD 1PAX 1BAG,HAN,AMD,DPS,International,VJ,,
2026-05-03|VJ135|A699|HAN-SGN|10:10,2026-05-03,VJ135,A699,A320,HAN-SGN,,10:10,,10:10,,10:09,10:10,10:20,,,ONTIME,ONTIME,ONTIME,,,,,,,,,,HAN,,SGN,Domestic,VJ,,
2026-05-03|VJ126/VJ131|A544|SGN-HAN-SGN|10:10,2026-05-03,VJ126/VJ131,A544,A321,SGN-HAN-SGN,09:40,10:10,09:40,10:10,10:00,10:26,10:27,10:40,00:30,00:27,DELAY,DELAY,DELAY,DELAY,,93,00:17,,,,,,HAN,SGN,SGN,Domestic,VJ,,
2026-05-03|VJ463|A200|HAN-VCA|10:20,2026-05-03,VJ463,A200,A321,HAN-VCA,,10:20,,10:20,,10:16,10:17,10:28,,,EARLY,ONTIME,ONTIME,,,,,,,,,,HAN,,VCA,Domestic,VJ,,
2026-05-03|VJ430/VJ1437|A675|UIH-HAN-UIH|10:25,2026-05-03,VJ430/VJ1437,A675,A320,UIH-HAN-UIH,09:50,10:25,09:50,10:25,09:50,10:24,10:25,10:35,00:35,00:35,ONTIME,ONTIME,ONTIME,ONTIME,,,,,,,,,HAN,UIH,UIH,Domestic,VJ,,
2026-05-03|VJ492/VJ1493|A649|BMV-HAN-BMV|10:30,2026-05-03,VJ492/VJ1493,A649,A321,BMV-HAN-BMV,10:00,10:30,10:00,10:30,10:05,10:29,10:30,10:38,00:30,00:25,ONTIME,ONTIME,ONTIME,ONTIME,,,,,,,,,HAN,BMV,BMV,Domestic,VJ,,
2026-05-03|VJ1772/VJ1509|A684|CXR-HAN-DAD|10:50,2026-05-03,VJ1772/VJ1509,A684,A321,CXR-HAN-DAD,10:15,10:50,10:15,10:50,10:30,11:09,11:10,11:20,00:35,00:40,DELAY,DELAY,DELAY,ONTIME,,93,00:10,66,00:10,,,CREW HAN OB 1055,HAN,CXR,DAD,Domestic,VJ,,
2026-05-03|VJ1520/VJ1565|A687|DAD-HAN-HUI|11:05,2026-05-03,VJ1520/VJ1565,A687,A321,DAD-HAN-HUI,10:30,11:05,10:30,11:05,10:40,10:59,11:00,11:12,00:35,00:20,EARLY,ONTIME,ONTIME,ONTIME,,,,,,,,FERRY FLIGHT,HAN,DAD,HUI,Domestic,VJ,,
2026-05-03|VJ524/VJ507|A670|DAD-HAN-DAD|11:10,2026-05-03,VJ524/VJ507,A670,A321,DAD-HAN-DAD,10:40,11:10,10:40,11:35,11:25,11:51,11:52,11:59,00:55,00:27,DELAY,DELAY,DELAY,DELAY,,93,00:17,,,,,,HAN,DAD,DAD,Domestic,VJ,,
2026-05-03|VJ770/VJ901|A535|CXR-HAN-BKK|11:10,2026-05-03,VJ770/VJ901,A535,A321,CXR-HAN-BKK,09:55,11:10,09:55,11:10,10:20,11:09,11:10,11:35,01:15,00:50,ONTIME,ONTIME,DELAY,DELAY,,,,,,,,,HAN,CXR,BKK,International,VJ,,
2026-05-03|VJ133|A524|HAN-SGN|11:20,2026-05-03,VJ133,A524,A321,HAN-SGN,,11:20,,11:20,,11:34,11:35,11:44,,,DELAY,ONTIME,DELAY,,,95,00:15,,,,,WAIT CREW FR VJ122 OB 1112,HAN,,SGN,Domestic,VJ,,
2026-05-03|VJ422/VJ451|A689|PXU-HAN-PQC|11:45,2026-05-03,VJ422/VJ451,A689,A320,PXU-HAN-PQC,10:50,11:45,10:50,11:45,11:02,11:34,11:35,11:45,00:55,00:33,EARLY,ONTIME,ONTIME,ONTIME,,,,,,,,,HAN,PXU,PQC,Domestic,VJ,,
2026-05-03|VJ137|A663|HAN-SGN|12:20,2026-05-03,VJ137,A663,A320,HAN-SGN,,12:20,,12:20,,12:19,12:20,12:23,,,ONTIME,ONTIME,ONTIME,,,,,,,,,,HAN,,SGN,Domestic,VJ,,
2026-05-03|VJ1501|A815|HAN-DAD|12:30,2026-05-03,VJ1501,A815,A330,HAN-DAD,,12:30,,12:30,,12:19,12:20,12:23,,,EARLY,ONTIME,ONTIME,,,,,,,,,,HAN,,DAD,Domestic,VJ,,
2026-05-03|VJ981/VJ515|A667|PUS-HAN-DAD|12:10,2026-05-03,VJ981/VJ515,A667,A321,PUS-HAN-DAD,10:40,12:10,10:40,12:40,10:35,12:38,12:40,12:50,02:00,02:05,ONTIME,ONTIME,DELAY,ONTIME,,,,,,,,,HAN,PUS,DAD,Domestic,VJ,,
2026-05-03|VJ506/VJ453|A644|DAD-HAN-PQC|13:00,2026-05-03,VJ506/VJ453,A644,A321,DAD-HAN-PQC,12:15,13:00,12:15,13:00,12:35,12:53,12:55,12:58,00:45,00:20,EARLY,ONTIME,ONTIME,DELAY,,,,,,,,,HAN,DAD,PQC,Domestic,VJ,,
2026-05-03|VJ448/VJ7290|A685|PQC-HAN-TTT|13:00,2026-05-03,VJ448/VJ7290,A685,A321,PQC-HAN-TTT,10:15,13:00,10:15,13:00,10:20,12:48,12:50,13:00,02:45,02:30,EARLY,ONTIME,ONTIME,ONTIME,,,,,,,,,HAN,PQC,TTT,International,VJ,,
2026-05-03|VJ509|A632|HAN-DAD|13:05,2026-05-03,VJ509,A632,A321,HAN-DAD,,13:05,,13:05,,13:04,13:05,13:10,,,ONTIME,ONTIME,ONTIME,,,,,,,,,FERRY FLIGHT,HAN,,DAD,Domestic,VJ,,
2026-05-03|VJ7705/VJ7705|A575|VVO-HAN-CXR|13:15,2026-05-03,VJ7705/VJ7705,A575,A321,VVO-HAN-CXR,12:45,13:15,12:45,14:30,13:55,14:28,14:30,14:32,01:45,00:35,ONTIME,ONTIME,DELAY,DELAY,,,,,,,,,HAN,VVO,CXR,Domestic,VJ,,
2026-05-03|VJ564/VJ948|A634|HUI-HAN-RMQ|13:30,2026-05-03,VJ564/VJ948,A634,A321,HUI-HAN-RMQ,12:20,13:30,12:20,13:30,13:10,13:44,13:45,13:55,01:10,00:35,DELAY,ONTIME,DELAY,DELAY,,93,00:10,66,00:05,,,CREW HN OB 1325,HAN,HUI,RMQ,International,VJ,,
2026-05-03|VJ128/VJ7036|A683|SGN-HAN-HUN|13:35,2026-05-03,VJ128/VJ7036,A683,A321,SGN-HAN-HUN,11:50,13:35,11:50,13:35,12:30,13:21,13:22,13:30,01:45,00:52,EARLY,ONTIME,ONTIME,DELAY,,,,,,,,,HAN,SGN,HUN,International,VJ,,
2026-05-03|VJ198/VJ191|A816|SGN-HAN-SGN|13:40,2026-05-03,VJ198/VJ191,A816,A330,SGN-HAN-SGN,12:40,13:40,12:40,13:40,12:52,13:39,13:40,13:44,01:00,00:48,ONTIME,ONTIME,ONTIME,ONTIME,,,,,,,,,HAN,SGN,SGN,Domestic,VJ,,
2026-05-03|VJ1442/VJ149|A811|PQC-HAN-SGN|13:40,2026-05-03,VJ1442/VJ149,A811,A330,PQC-HAN-SGN,12:05,13:40,12:05,13:40,12:40,13:38,13:40,13:45,01:35,01:00,ONTIME,ONTIME,ONTIME,DELAY,,,,,,,,,HAN,PQC,SGN,Domestic,VJ,,
2026-05-03|VJ939/VJ441|A548|KIX-HAN-PQC|14:00,2026-05-03,VJ939/VJ441,A548,A321,KIX-HAN-PQC,12:20,14:00,12:20,14:00,13:25,13:52,13:53,13:55,01:40,00:28,EARLY,ONTIME,ONTIME,DELAY,,,,,,,,,HAN,KIX,PQC,Domestic,VJ,,
2026-05-03|VJ921/VJ525|A674|NGO-HAN-DAD|14:05,2026-05-03,VJ921/VJ525,A674,A321,NGO-HAN-DAD,12:50,14:05,12:50,14:05,12:55,13:59,14:00,14:05,01:15,01:05,EARLY,ONTIME,ONTIME,ONTIME,,,,,,,,,HAN,NGO,DAD,Domestic,VJ,,
2026-05-03|VJ440/VJ143|A522|PQC-HAN-SGN|14:05,2026-05-03,VJ440/VJ143,A522,A321,PQC-HAN-SGN,13:30,14:05,13:30,14:45,14:20,14:54,14:55,14:55,01:15,00:35,DELAY,ONTIME,DELAY,DELAY,,93,00:05,66,00:05,,,CREW HN OB 1433,HAN,PQC,SGN,Domestic,VJ,,
2026-05-03|VJ1432/VJ1523|A672|UIH-HAN-DAD|14:10,2026-05-03,VJ1432/VJ1523,A672,A320,UIH-HAN-DAD,12:35,14:10,12:35,14:10,12:50,14:09,14:10,14:15,01:35,01:20,ONTIME,ONTIME,ONTIME,ONTIME,,,,,,,,,HAN,UIH,DAD,Domestic,VJ,,
2026-05-03|VJ434/VJ942|A542|UIH-HAN-TPE|14:25,2026-05-03,VJ434/VJ942,A542,A321,UIH-HAN-TPE,13:35,14:25,13:35,14:25,13:35,14:21,14:22,14:25,00:50,00:47,EARLY,ONTIME,ONTIME,ONTIME,,,,,,,,,HAN,UIH,TPE,International,VJ,,
2026-05-03|VJ134/VJ141|A812|SGN-HAN-SGN|14:30,2026-05-03,VJ134/VJ141,A812,A330,SGN-HAN-SGN,13:30,14:30,13:30,14:30,13:50,14:28,14:30,14:30,01:00,00:40,ONTIME,ONTIME,ONTIME,DELAY,,,,,,,,,HAN,SGN,SGN,Domestic,VJ,,
2026-05-03|VJ1504/VJ1505|A637|DAD-HAN-DAD|14:35,2026-05-03,VJ1504/VJ1505,A637,A321,DAD-HAN-DAD,14:00,14:35,14:00,14:35,14:10,14:34,14:35,14:45,00:35,00:25,ONTIME,ONTIME,ONTIME,ONTIME,,,,,,,,,HAN,DAD,DAD,Domestic,VJ,,
2026-05-03|VJ933/VJ787|A551|NRT-HAN-CXR|14:35,2026-05-03,VJ933/VJ787,A551,A321,NRT-HAN-CXR,13:05,14:35,13:05,14:35,13:30,14:27,14:27,14:31,01:30,00:57,EARLY,ONTIME,ONTIME,DELAY,,,,,,,,,HAN,NRT,CXR,Domestic,VJ,,
2026-05-03|VJ2913/VJ2913|A539|BQS-HAN-CXR|13:20,2026-05-03,VJ2913/VJ2913,A539,A321,BQS-HAN-CXR,12:50,13:20,14:05,16:30,15:55,16:18,16:20,16:35,02:25,00:25,EARLY,ONTIME,DELAY,DELAY,,,,,,,,,HAN,BQS,CXR,Domestic,VJ,,
2026-05-03|VJ961/VJ145|A549|ICN-HAN-SGN|14:40,2026-05-03,VJ961/VJ145,A549,A321,ICN-HAN-SGN,13:35,14:40,13:35,14:40,14:20,14:54,14:55,14:55,01:05,00:35,DELAY,ONTIME,ONTIME,DELAY,,93,00:10,66,00:10,,,CREW HN OB 1433,HAN,ICN,SGN,Domestic,VJ,,
2026-05-03|VJ1436/VJ1521|A675|UIH-HAN-DAD|14:40,2026-05-03,VJ1436/VJ1521,A675,A320,UIH-HAN-DAD,14:10,14:40,14:10,15:00,14:25,14:59,15:00,15:10,00:50,00:35,ONTIME,ONTIME,DELAY,ONTIME,,,,,,,,,HAN,UIH,DAD,Domestic,VJ,,
2026-05-03|VJ136/VJ1439|A648|SGN-HAN-UIH|14:40,2026-05-03,VJ136/VJ1439,A648,A321,SGN-HAN-UIH,14:10,14:40,14:10,15:20,14:55,15:19,15:20,15:32,01:10,00:25,ONTIME,ONTIME,DELAY,DELAY,,,,,,,,,HAN,SGN,UIH,Domestic,VJ,,
2026-05-03|VJ510/VJ511|A546|DAD-HAN-DAD|15:05,2026-05-03,VJ510/VJ511,A546,A321,DAD-HAN-DAD,14:35,15:05,14:35,16:15,15:35,16:04,16:05,16:23,01:40,00:30,EARLY,ONTIME,DELAY,DELAY,,,,,,,,,HAN,DAD,DAD,Domestic,VJ,,
2026-05-03|VJ1566/VJ423|A687|HUI-HAN-PXU|15:05,2026-05-03,VJ1566/VJ423,A687,A321,HUI-HAN-PXU,14:05,15:05,14:05,15:05,14:30,15:04,15:05,15:19,01:00,00:35,ONTIME,ONTIME,ONTIME,DELAY,,,,,,,,,HAN,HUI,PXU,Domestic,VJ,,
2026-05-03|VJ7661/VJ7661|A537|KHV-HAN-DAD|14:15,2026-05-03,VJ7661/VJ7661,A537,A321,KHV-HAN-DAD,13:45,14:15,15:00,15:45,15:05,15:24,15:35,15:58,00:45,00:30,EARLY,ONTIME,DELAY,DELAY,,,,,,,,,HAN,KHV,DAD,Domestic,VJ,,
2026-05-03|VJ1981/VJ439|A655|FSZ-HAN-UIH|15:40,2026-05-03,VJ1981/VJ439,A655,A320,FSZ-HAN-UIH,14:00,15:40,14:00,15:40,14:25,15:31,15:32,15:39,01:40,01:07,EARLY,ONTIME,ONTIME,DELAY,,,,,,,,,HAN,FSZ,UIH,Domestic,VJ,,
2026-05-03|VJ138/VJ147|A544|SGN-HAN-SGN|15:45,2026-05-03,VJ138/VJ147,A544,A321,SGN-HAN-SGN,15:15,15:45,15:15,16:45,16:15,16:44,16:45,17:00,01:30,00:30,ONTIME,ONTIME,DELAY,DELAY,,,,,,,,,HAN,SGN,SGN,Domestic,VJ,,
2026-05-03|VJ906/VJ903|A658|KUL-HAN-BKK|15:45,2026-05-03,VJ906/VJ903,A658,A320,KUL-HAN-BKK,14:40,15:45,14:40,15:45,14:45,15:39,15:40,15:45,01:05,00:55,EARLY,ONTIME,ONTIME,ONTIME,,,,,,,,,HAN,KUL,BKK,International,VJ,,
2026-05-03|VJ464/VJ567|A200|VCA-HAN-HUI|15:55,2026-05-03,VJ464/VJ567,A200,A321,VCA-HAN-HUI,15:10,15:55,15:10,16:15,16:00,16:29,16:30,16:40,01:05,00:30,DELAY,ONTIME,DELAY,DELAY,,93,00:15,,,,,,HAN,VCA,HUI,Domestic,VJ,,
2026-05-03|VJ1494/VJ773|A649|BMV-HAN-CXR|16:00,2026-05-03,VJ1494/VJ773,A649,A321,BMV-HAN-CXR,14:30,16:00,14:30,16:00,15:05,15:58,16:00,16:07,01:30,00:55,ONTIME,ONTIME,ONTIME,DELAY,,,,,,,,,HAN,BMV,CXR,Domestic,VJ,,
2026-05-03|VJ1510/VJ913|A684|DAD-HAN-SAI|16:20,2026-05-03,VJ1510/VJ913,A684,A321,DAD-HAN-SAI,14:05,16:20,14:05,16:20,14:55,16:09,16:10,16:30,02:15,01:15,EARLY,ONTIME,ONTIME,DELAY,,,,,,,,,HAN,DAD,SAI,International,VJ,,
2026-05-03|VJ452/VJ193|A528|PQC-HAN-SGN|16:40,2026-05-03,VJ452/VJ193,A528,A321,PQC-HAN-SGN,16:05,16:40,16:05,17:00,16:35,17:04,17:05,17:16,00:55,00:30,DELAY,ONTIME,DELAY,DELAY,,93,00:05,,,,,,HAN,PQC,SGN,Domestic,VJ,,
2026-05-03|VJ140/VJ151|A552|SGN-HAN-SGN|16:50,2026-05-03,VJ140/VJ151,A552,A321,SGN-HAN-SGN,16:20,16:50,18:45,19:50,19:40,20:09,20:10,20:16,01:05,00:30,DELAY,DELAY,DELAY,DELAY,,93,00:20,,,,,,HAN,SGN,SGN,Domestic,VJ,,
2026-05-03|VJ508/VJ465|A667|DAD-HAN-VCA|17:00,2026-05-03,VJ508/VJ465,A667,A321,DAD-HAN-VCA,15:25,17:00,15:55,17:00,16:05,16:58,17:00,17:04,01:05,00:55,ONTIME,ONTIME,ONTIME,DELAY,,,,,,,,,HAN,DAD,VCA,Domestic,VJ,,
2026-05-03|VJ902/VJ1457|A535|BKK-HAN-PQC|17:10,2026-05-03,VJ902/VJ1457,A535,A321,BKK-HAN-PQC,15:50,17:10,15:50,17:10,16:55,17:24,17:25,17:30,01:20,00:30,DELAY,ONTIME,DELAY,DELAY,,93,00:15,,,,,,HAN,BKK,PQC,Domestic,VJ,,
2026-05-03|VJ142/VJ495|A668|SGN-HAN-BMV|17:30,2026-05-03,VJ142/VJ495,A668,A320,SGN-HAN-BMV,15:30,17:30,15:30,17:30,15:55,17:29,17:30,17:35,02:00,01:35,ONTIME,ONTIME,ONTIME,DELAY,,,,,,,,,HAN,SGN,BMV,Domestic,VJ,,
2026-05-03|VJ454/VJ1433|A689|PQC-HAN-UIH|17:40,2026-05-03,VJ454/VJ1433,A689,A320,PQC-HAN-UIH,16:45,17:40,16:45,17:40,16:50,17:34,17:35,17:40,00:55,00:45,EARLY,ONTIME,ONTIME,ONTIME,,,,,,,,,HAN,PQC,UIH,Domestic,VJ,,
2026-05-03|VJ530/VJ517|A632|DAD-HAN-DAD|17:45,2026-05-03,VJ530/VJ517,A632,A321,DAD-HAN-DAD,16:15,17:45,16:15,17:45,16:35,17:42,17:43,17:46,01:30,01:08,EARLY,ONTIME,ONTIME,DELAY,,,,,,,,,HAN,DAD,DAD,Domestic,VJ,,
2026-05-03|VJ528/VJ1567|A674|DAD-HAN-HUI|18:15,2026-05-03,VJ528/VJ1567,A674,A321,DAD-HAN-HUI,17:25,18:15,17:25,18:15,17:55,18:14,18:15,18:30,00:50,00:20,ONTIME,ONTIME,ONTIME,DELAY,,,,,,,,,HAN,DAD,HUI,Domestic,VJ,,
2026-05-03|VJ1522/VJ1153|A675|DAD-HAN-SGN|18:25,2026-05-03,VJ1522/VJ1153,A675,A320,DAD-HAN-SGN,17:55,18:25,18:20,18:55,18:55,19:19,19:20,19:40,00:35,00:25,DELAY,DELAY,DELAY,DELAY,,93,00:25,,,,,,HAN,DAD,SGN,Domestic,VJ,,
2026-05-03|VJ512/VJ521|A546|DAD-HAN-DAD|18:45,2026-05-03,VJ512/VJ521,A546,A321,DAD-HAN-DAD,18:15,18:45,18:15,20:25,20:10,20:39,20:40,20:50,02:10,00:30,DELAY,ONTIME,DELAY,DELAY,,93,00:15,,,,,,HAN,DAD,DAD,Domestic,VJ,,
2026-05-03|VJ456/VJ1789|A644|PQC-HAN-CXR|18:45,2026-05-03,VJ456/VJ1789,A644,A321,PQC-HAN-CXR,17:45,18:45,17:45,18:45,18:30,18:54,18:55,19:13,01:00,00:25,DELAY,ONTIME,DELAY,DELAY,,93,00:10,,,,,,HAN,PQC,CXR,Domestic,VJ,,
2026-05-03|VJ148/VJ155|A663|SGN-HAN-SGN|18:55,2026-05-03,VJ148/VJ155,A663,A320,SGN-HAN-SGN,18:25,18:55,18:25,18:55,18:55,19:24,19:25,19:40,00:30,00:30,DELAY,DELAY,DELAY,DELAY,,93,00:25,66,00:05,,,CREW OB 1907 DUE TO A/C LATE ARRIVAL,HAN,SGN,SGN,Domestic,VJ,,
2026-05-03|VJ424/VJ1561|A687|PXU-HAN-HUI|19:15,2026-05-03,VJ424/VJ1561,A687,A321,PXU-HAN-HUI,18:45,19:15,19:00,19:40,19:05,19:22,19:23,19:50,00:40,00:18,EARLY,ONTIME,DELAY,DELAY,,,,,,,,FERRY FLIGHT,HAN,PXU,HUI,Domestic,VJ,,
2026-05-03|VJ1438/VJ1453|A648|UIH-HAN-PQC|19:15,2026-05-03,VJ1438/VJ1453,A648,A321,UIH-HAN-PQC,18:30,19:15,19:25,20:35,20:15,20:34,20:35,20:47,01:10,00:20,ONTIME,ONTIME,DELAY,DELAY,,,,,,,,FERRY FLIGHT,HAN,UIH,PQC,Domestic,VJ,,
2026-05-03|VJ928/VJ1127|A532|CGK-HAN-SGN|19:20,2026-05-03,VJ928/VJ1127,A532,A321,CGK-HAN-SGN,18:15,19:20,18:15,19:20,18:30,19:19,19:20,19:30,01:05,00:50,ONTIME,ONTIME,ONTIME,ONTIME,,,,,,,,,HAN,CGK,SGN,Domestic,VJ,,
2026-05-03|VJ144/VJ519|A643|SGN-HAN-DAD|19:25,2026-05-03,VJ144/VJ519,A643,A321,SGN-HAN-DAD,18:05,19:25,18:05,19:25,18:45,19:24,19:25,19:35,01:20,00:40,ONTIME,ONTIME,ONTIME,DELAY,,,,,,,,,HAN,SGN,DAD,Domestic,VJ,,
2026-05-03|VJ568/VJ1147|A200|HUI-HAN-SGN|19:30,2026-05-03,VJ568/VJ1147,A200,A321,HUI-HAN-SGN,18:55,19:30,19:15,20:40,20:25,20:54,20:55,21:00,01:25,00:30,DELAY,ONTIME,DELAY,DELAY,,93,00:15,,,,,,HAN,HUI,SGN,Domestic,VJ,,
2026-05-03|VJ1524/VJ781|A537|DAD-HAN-CXR|18:15,2026-05-03,VJ1524/VJ781,A537,A321,DAD-HAN-CXR,17:40,18:15,19:25,21:00,21:15,21:33,21:34,22:15,01:35,00:19,DELAY,DELAY,DELAY,DELAY,,93,00:34,,,,,,HAN,DAD,CXR,Domestic,VJ,,
2026-05-03|VJ774/VJ523|A551|CXR-HAN-DAD|19:40,2026-05-03,VJ774/VJ523,A551,A321,CXR-HAN-DAD,18:55,19:40,18:55,19:40,19:35,19:59,20:00,20:29,00:45,00:25,DELAY,DELAY,DELAY,DELAY,,93,00:20,,,,,,HAN,CXR,DAD,Domestic,VJ,,
2026-05-03|VJ916/VJ1925|A521|SIN-HAN-AMD|19:45,2026-05-03,VJ916/VJ1925,A521,A321,SIN-HAN-AMD,17:25,19:45,17:25,19:45,17:40,19:35,19:36,19:46,02:20,01:56,EARLY,ONTIME,ONTIME,ONTIME,,,,,,,,,HAN,SIN,AMD,International,VJ,,
2026-05-03|VJ7614/VJ7614|A575|CXR-HAN-BQS|20:00,2026-05-03,VJ7614/VJ7614,A575,A321,CXR-HAN-BQS,19:20,20:00,19:20,20:00,20:15,20:43,20:44,21:00,00:40,00:29,DELAY,DELAY,DELAY,DELAY,,93,00:44,,,,,,HAN,CXR,BQS,International,VJ,,
2026-05-03|VJ953/VJ7712|A669|HIJ-HAN-PKX|20:00,2026-05-03,VJ953/VJ7712,A669,A320,HIJ-HAN-PKX,16:10,20:00,16:10,20:00,16:50,19:49,19:50,20:10,03:50,03:00,EARLY,ONTIME,ONTIME,DELAY,,,,,,,,,HAN,HIJ,PKX,International,VJ,,
2026-05-03|VJ442/VJ455|A548|PQC-HAN-PQC|20:05,2026-05-03,VJ442/VJ455,A548,A321,PQC-HAN-PQC,19:05,20:05,19:05,20:05,19:20,20:04,20:05,20:12,01:00,00:45,ONTIME,ONTIME,ONTIME,ONTIME,,,,,,,,FERRY FLIGHT,HAN,PQC,PQC,Domestic,VJ,,
2026-05-03|VJ152/VJ159|A636|SGN-HAN-SGN|20:10,2026-05-03,VJ152/VJ159,A636,A321,SGN-HAN-SGN,19:20,20:10,19:20,20:45,20:40,21:07,21:08,21:20,01:25,00:28,DELAY,DELAY,DELAY,DELAY,,93,00:23,,,,,,HAN,SGN,SGN,Domestic,VJ,,
2026-05-03|VJ150/VJ161|A820|SGN-HAN-SGN|20:55,2026-05-03,VJ150/VJ161,A820,A321,SGN-HAN-SGN,19:50,20:55,19:50,20:55,20:35,21:08,21:09,21:45,01:05,00:34,DELAY,ONTIME,DELAY,DELAY,,93,00:14,,,,,,HAN,SGN,SGN,Domestic,VJ,,
2026-05-03|VJ776/VJ1165|A649|CXR-HAN-SGN|21:10,2026-05-03,VJ776/VJ1165,A649,A321,CXR-HAN-SGN,20:10,21:10,20:10,21:10,21:25,21:49,21:50,22:22,01:00,00:25,DELAY,DELAY,DELAY,DELAY,,93,00:40,,,,,,HAN,CXR,SGN,Domestic,VJ,,
2026-05-03|VJ438/VJ7238|A655|UIH-HAN-PVG|21:15,2026-05-03,VJ438/VJ7238,A655,A320,UIH-HAN-PVG,19:25,21:15,19:25,21:15,19:43,21:08,21:09,21:45,01:50,01:26,EARLY,ONTIME,DELAY,DELAY,,,,,,,,,HAN,UIH,PVG,International,VJ,,
2026-05-03|VJ154/VJ163|A544|SGN-HAN-SGN|21:25,2026-05-03,VJ154/VJ163,A544,A321,SGN-HAN-SGN,20:55,21:25,22:00,22:45,22:30,22:54,22:55,23:08,00:45,00:25,DELAY,ONTIME,DELAY,DELAY,,93,00:10,,,,,,HAN,SGN,SGN,Domestic,VJ,,
2026-05-03|VJ146/VJ1527|A522|SGN-HAN-DAD|21:25,2026-05-03,VJ146/VJ1527,A522,A321,SGN-HAN-DAD,18:55,21:25,18:55,21:25,20:25,21:23,21:24,21:45,02:30,00:59,EARLY,ONTIME,DELAY,DELAY,,,,,,,,,HAN,SGN,DAD,Domestic,VJ,,
2026-05-03|VJ949/VJ1525|A634|RMQ-HAN-DAD|21:55,2026-05-03,VJ949/VJ1525,A634,A321,RMQ-HAN-DAD,19:50,21:55,19:50,22:10,20:00,22:49,22:50,22:57,02:20,02:50,DELAY,DELAY,DELAY,ONTIME,,95,00:40,,,,,CREW VJ520 OB 2223,HAN,RMQ,DAD,Domestic,VJ,,
2026-05-03|VJ7037/VJ7526|A683|HUN-HAN-CAN|22:30,2026-05-03,VJ7037/VJ7526,A683,A321,HUN-HAN-CAN,20:25,22:30,20:25,22:30,20:43,22:20,22:21,22:40,02:05,01:38,EARLY,ONTIME,ONTIME,DELAY,,,,,,,,,HAN,HUN,CAN,International,VJ,,
2026-05-03|VJ518/VJ1503|A639|DAD-HAN-DAD|22:35,2026-05-03,VJ518/VJ1503,A639,A321,DAD-HAN-DAD,22:05,22:35,22:05,22:35,23:55,00:24,00:25,00:30,00:30,00:30,DELAY,DELAY,DELAY,DELAY,,93,01:50,,,,,,HAN,DAD,DAD,Domestic,VJ,,
2026-05-03|VJ998/VJ167|A697|DPS-HAN-SGN|22:45,2026-05-03,VJ998/VJ167,A697,A321,DPS-HAN-SGN,21:45,22:45,21:45,23:05,22:00,23:19,23:20,23:30,01:20,01:20,DELAY,ONTIME,DELAY,ONTIME,,95,00:15,,,,,CREW VJ194 OB 2300,HAN,DPS,SGN,Domestic,VJ,,
2026-05-03|VJ522/VJ169|A643|DAD-HAN-SGN|23:25,2026-05-03,VJ522/VJ169,A643,A321,DAD-HAN-SGN,22:35,23:25,22:35,00:15,23:45,00:09,00:10,"1 day, 0:14:00",01:40,00:25,EARLY,ONTIME,DELAY,DELAY,,,,,,,,,HAN,DAD,SGN,Domestic,VJ,,
2026-05-04|VJ932|A578|HAN-NRT|00:30,2026-05-04,VJ932,A578,A321,HAN-NRT,,00:30,,00:30,,00:29,00:30,00:40,,,ONTIME,ONTIME,ONTIME,,,,,,,,,,HAN,,NRT,International,VJ,,
2026-05-04|VJ938|A674|HAN-KIX|01:20,2026-05-04,VJ938,A674,A321,HAN-KIX,,01:20,,01:20,,01:24,01:25,01:35,,,DELAY,ONTIME,ONTIME,,,99,00:05,,,,,ACCEPT LATE 9 PAX 6 BAG,HAN,,KIX,International,VJ,,
2026-05-04|VJ982|A535|HAN-PUS|01:05,2026-05-04,VJ982,A535,A321,HAN-PUS,,01:05,,01:05,,01:09,01:10,01:19,,,DELAY,ONTIME,ONTIME,,,99,00:05,,,,,ACCEPT LATE 1 PAX 1 BAG,HAN,,PUS,International,VJ,,
2026-05-04|VJ960|A667|HAN-ICN|01:40,2026-05-04,VJ960,A667,A321,HAN-ICN,,01:40,,01:40,,01:39,01:40,01:50,,,ONTIME,ONTIME,ONTIME,,,,,,,,,,HAN,,ICN,International,VJ,,
2026-05-04|VJ920|A547|HAN-NGO|01:40,2026-05-04,VJ920,A547,A321,HAN-NGO,,01:40,,01:40,,01:34,01:35,01:40,,,EARLY,ONTIME,ONTIME,,,,,,,,,,HAN,,NGO,International,VJ,,
2026-05-04|VJ123|A632|HAN-SGN|05:30,2026-05-04,VJ123,A632,A321,HAN-SGN,,05:30,,05:30,,05:24,05:25,05:30,,,EARLY,ONTIME,ONTIME,,,,,,,,,,HAN,,SGN,Domestic,VJ,,
2026-05-04|VJ501|A684|HAN-DAD|05:40,2026-05-04,VJ501,A684,A321,HAN-DAD,,05:40,,05:40,,05:34,05:35,05:40,,,EARLY,ONTIME,ONTIME,,,,,,,,,,HAN,,DAD,Domestic,VJ,,
2026-05-04|VJ771|A650|HAN-CXR|05:45,2026-05-04,VJ771,A650,A320,HAN-CXR,,05:45,,05:45,,05:39,05:40,05:50,,,EARLY,ONTIME,ONTIME,,,,,,,,,,HAN,,CXR,Domestic,VJ,,
2026-05-04|VJ121|A644|HAN-SGN|06:00,2026-05-04,VJ121,A644,A321,HAN-SGN,,06:00,,06:00,,05:54,05:55,05:57,,,EARLY,ONTIME,ONTIME,,,,,,,,,,HAN,,SGN,Domestic,VJ,,
2026-05-04|VJ7527/VJ491|A683|CAN-HAN-BMV|06:00,2026-05-04,VJ7527/VJ491,A683,A321,CAN-HAN-BMV,03:05,06:00,03:05,06:00,03:22,05:54,05:55,06:03,02:55,02:33,EARLY,ONTIME,ONTIME,DELAY,,,,,,,,,HAN,CAN,BMV,Domestic,VJ,,
2026-05-04|VJ7713/VJ431|A669|PKX-HAN-UIH|06:05,2026-05-04,VJ7713/VJ431,A669,A320,PKX-HAN-UIH,03:55,06:05,03:55,06:05,04:34,05:56,05:57,06:00,02:10,01:23,EARLY,ONTIME,ONTIME,DELAY,,,,,,,,,HAN,PKX,UIH,Domestic,VJ,,
2026-05-04|VJ125|A649|HAN-SGN|07:00,2026-05-04,VJ125,A649,A321,HAN-SGN,,07:00,,07:00,,06:54,06:55,07:00,,,EARLY,ONTIME,ONTIME,,,,,,,,,,HAN,,SGN,Domestic,VJ,,
2026-05-04|VJ7239/VJ421|A655|PVG-HAN-PXU|07:10,2026-05-04,VJ7239/VJ421,A655,A320,PVG-HAN-PXU,04:50,07:10,04:50,07:10,05:15,07:02,07:03,07:11,02:20,01:48,EARLY,ONTIME,ONTIME,DELAY,,,,,,,,,HAN,PVG,PXU,Domestic,VJ,,
2026-05-04|VJ197|A668|HAN-SGN|07:20,2026-05-04,VJ197,A668,A320,HAN-SGN,,07:20,,07:20,,07:13,07:15,07:16,,,EARLY,ONTIME,ONTIME,,,,,,,,,,HAN,,SGN,Domestic,VJ,,
2026-05-04|VJ1926/VJ503|A521|AMD-HAN-DAD|07:30,2026-05-04,VJ1926/VJ503,A521,A321,AMD-HAN-DAD,05:55,07:30,05:55,07:30,06:30,07:24,07:25,07:30,01:35,00:55,EARLY,ONTIME,ONTIME,DELAY,,,,,,,,,HAN,AMD,DAD,Domestic,VJ,,
2026-05-04|VJ934|A537|HAN-NRT|07:55,2026-05-04,VJ934,A537,A321,HAN-NRT,,07:55,,07:55,,07:48,07:49,07:50,,,EARLY,ONTIME,ONTIME,,,,,,,,,,HAN,,NRT,International,VJ,,
2026-05-04|VJ124/VJ129|A670|SGN-HAN-SGN|08:45,2026-05-04,VJ124/VJ129,A670,A321,SGN-HAN-SGN,08:15,08:45,08:15,08:45,08:00,08:43,08:45,08:48,00:30,00:45,ONTIME,ONTIME,ONTIME,ONTIME,,,,,,,,,HAN,SGN,SGN,Domestic,VJ,,
2026-05-04|VJ447|A699|HAN-PQC|08:45,2026-05-04,VJ447,A699,A320,HAN-PQC,,08:45,,08:45,,08:39,08:40,08:50,,,EARLY,ONTIME,ONTIME,,,,,,,,,,HAN,,PQC,Domestic,VJ,,
2026-05-04|VJ7615/VJ7615|A575|BQS-HAN-CXR|08:50,2026-05-04,VJ7615/VJ7615,A575,A321,BQS-HAN-CXR,08:20,08:50,08:20,10:00,09:05,09:33,09:34,09:42,01:40,00:29,EARLY,ONTIME,DELAY,DELAY,,,,,,,,,HAN,BQS,CXR,Domestic,VJ,,
2026-05-04|VJ505|A551|HAN-DAD|09:05,2026-05-04,VJ505,A551,A321,HAN-DAD,,09:05,,09:05,,09:03,09:05,09:08,,,ONTIME,ONTIME,ONTIME,,,,,,,,,,HAN,,DAD,Domestic,VJ,,
2026-05-04|VJ1781|A816|HAN-CXR|09:10,2026-05-04,VJ1781,A816,A330,HAN-CXR,,09:10,,09:10,,09:04,09:05,09:08,,,EARLY,ONTIME,ONTIME,,,,,,,,,,HAN,,CXR,Domestic,VJ,,
2026-05-04|VJ514/VJ563|A684|DAD-HAN-HUI|09:20,2026-05-04,VJ514/VJ563,A684,A321,DAD-HAN-HUI,08:50,09:20,08:50,09:20,09:15,09:34,09:35,09:35,00:30,00:20,DELAY,ONTIME,ONTIME,DELAY,,,,,,,,,HAN,DAD,HUI,Domestic,VJ,,
2026-05-04|VJ997|A200|HAN-DPS|10:05,2026-05-04,VJ997,A200,A321,HAN-DPS,,10:05,,10:05,,09:56,09:57,10:01,,,EARLY,ONTIME,ONTIME,,,,,,,,,,HAN,,DPS,International,VJ,,
2026-05-04|VJ126/VJ131|A544|SGN-HAN-SGN|10:10,2026-05-04,VJ126/VJ131,A544,A321,SGN-HAN-SGN,09:40,10:10,09:40,10:10,09:45,10:14,10:15,10:25,00:30,00:30,DELAY,ONTIME,ONTIME,ONTIME,,93,00:05,,,,,,HAN,SGN,SGN,Domestic,VJ,,
2026-05-04|VJ463|A675|HAN-VCA|10:20,2026-05-04,VJ463,A675,A320,HAN-VCA,,10:20,,10:20,,10:18,10:20,10:25,,,ONTIME,ONTIME,ONTIME,,,,,,,,,,HAN,,VCA,Domestic,VJ,,
2026-05-04|VJ524/VJ507|A521|DAD-HAN-DAD|11:10,2026-05-04,VJ524/VJ507,A521,A321,DAD-HAN-DAD,10:40,11:10,10:40,11:10,10:45,11:14,11:15,11:20,00:30,00:30,DELAY,ONTIME,ONTIME,ONTIME,,93,00:05,,,,,,HAN,DAD,DAD,Domestic,VJ,,
2026-05-04|VJ492/VJ901|A683|BMV-HAN-BKK|11:10,2026-05-04,VJ492/VJ901,A683,A321,BMV-HAN-BKK,10:00,11:10,10:00,11:10,10:15,11:02,11:03,11:10,01:10,00:48,EARLY,ONTIME,ONTIME,ONTIME,,,,,,,,,HAN,BMV,BKK,International,VJ,,
2026-05-04|VJ122/VJ133|A635|SGN-HAN-SGN|11:20,2026-05-04,VJ122/VJ133,A635,A321,SGN-HAN-SGN,09:05,11:20,09:05,11:20,09:05,11:19,11:20,11:24,02:15,02:15,ONTIME,ONTIME,ONTIME,ONTIME,,,,,,,,,HAN,SGN,SGN,Domestic,VJ,,
2026-05-04|VJ422/VJ451|A655|PXU-HAN-PQC|11:45,2026-05-04,VJ422/VJ451,A655,A320,PXU-HAN-PQC,10:50,11:45,10:50,11:45,10:55,11:37,11:38,11:41,00:55,00:43,EARLY,ONTIME,ONTIME,ONTIME,,,,,,,,,HAN,PXU,PQC,Domestic,VJ,,
2026-05-04|VJ430/VJ775|A669|UIH-HAN-CXR|11:45,2026-05-04,VJ430/VJ775,A669,A320,UIH-HAN-CXR,09:50,11:45,09:50,11:45,09:50,11:32,11:33,11:38,01:55,01:43,EARLY,ONTIME,ONTIME,ONTIME,,,,,,,,,HAN,UIH,CXR,Domestic,VJ,,
2026-05-04|VJ130/VJ515|A632|SGN-HAN-DAD|12:10,2026-05-04,VJ130/VJ515,A632,A321,SGN-HAN-DAD,10:50,12:10,10:50,12:10,10:50,12:04,12:05,12:09,01:20,01:15,EARLY,ONTIME,ONTIME,ONTIME,,,,,,,,,HAN,SGN,DAD,Domestic,VJ,,
2026-05-04|VJ128/VJ137|A649|SGN-HAN-SGN|12:20,2026-05-04,VJ128/VJ137,A649,A321,SGN-HAN-SGN,11:50,12:20,11:50,12:20,11:50,12:24,12:25,12:33,00:30,00:35,DELAY,ONTIME,ONTIME,ONTIME,,66,00:05,,,,,CHANGE CREW HN OB 1201,HAN,SGN,SGN,Domestic,VJ,,
2026-05-04|VJ506/VJ453|A551|DAD-HAN-PQC|13:00,2026-05-04,VJ506/VJ453,A551,A321,DAD-HAN-PQC,12:15,13:00,12:15,13:00,12:30,12:59,13:00,13:07,00:45,00:30,ONTIME,ONTIME,ONTIME,ONTIME,,,,,,,,,HAN,DAD,PQC,Domestic,VJ,,
2026-05-04|VJ981/VJ787|A535|PUS-HAN-CXR|13:10,2026-05-04,VJ981/VJ787,A535,A321,PUS-HAN-CXR,10:40,13:10,10:40,13:10,11:00,13:04,13:05,13:10,02:30,02:05,EARLY,ONTIME,ONTIME,DELAY,,,,,,,,,HAN,PUS,CXR,Domestic,VJ,,
2026-05-04|VJ564/VJ948|A684|HUI-HAN-RMQ|13:30,2026-05-04,VJ564/VJ948,A684,A321,HUI-HAN-RMQ,12:20,13:30,12:20,13:30,12:50,13:29,13:30,13:34,01:10,00:40,ONTIME,ONTIME,ONTIME,DELAY,,,,,,,,,HAN,HUI,RMQ,International,VJ,,
2026-05-04|VJ921/VJ942|A547|NGO-HAN-TPE|14:25,2026-05-04,VJ921/VJ942,A547,A321,NGO-HAN-TPE,12:50,14:25,12:50,14:25,13:20,14:18,14:19,14:25,01:35,00:59,EARLY,ONTIME,ONTIME,DELAY,,,,,,,,,HAN,NGO,TPE,International,VJ,,
2026-05-04|VJ134/VJ141|A820|SGN-HAN-SGN|14:30,2026-05-04,VJ134/VJ141,A820,A321,SGN-HAN-SGN,13:30,14:30,13:30,14:30,13:45,14:49,14:50,14:59,01:00,01:05,DELAY,DELAY,DELAY,ONTIME,,41,00:20,,,,,WAIT FOR COOLING BRAKE,HAN,SGN,SGN,Domestic,VJ,,
2026-05-04|VJ1504/VJ1505|A643|DAD-HAN-DAD|14:35,2026-05-04,VJ1504/VJ1505,A643,A321,DAD-HAN-DAD,14:00,14:35,14:00,14:35,14:30,14:59,15:00,15:05,00:35,00:30,DELAY,DELAY,DELAY,DELAY,,93,00:25,,,,,,HAN,DAD,DAD,Domestic,VJ,,
2026-05-04|VJ939/VJ946|A674|KIX-HAN-KHH|14:35,2026-05-04,VJ939/VJ946,A674,A321,KIX-HAN-KHH,12:20,14:35,12:20,14:35,12:55,14:29,14:30,14:35,02:15,01:35,EARLY,ONTIME,ONTIME,DELAY,,,,,,,,,HAN,KIX,KHH,International,VJ,,
2026-05-04|VJ770/VJ145|A650|CXR-HAN-SGN|14:40,2026-05-04,VJ770/VJ145,A650,A320,CXR-HAN-SGN,09:55,14:40,09:55,14:40,10:10,14:39,14:40,14:43,04:45,04:30,ONTIME,ONTIME,ONTIME,ONTIME,,,,,,,,,HAN,CXR,SGN,Domestic,VJ,,
2026-05-04|VJ136/VJ511|A644|SGN-HAN-DAD|15:05,2026-05-04,VJ136/VJ511,A644,A321,SGN-HAN-DAD,14:10,15:05,14:10,15:05,14:55,15:29,15:30,15:33,00:55,00:35,DELAY,DELAY,DELAY,DELAY,,93,00:20,66,00:05,,,CHANGE CREW HN OB 1505,HAN,SGN,DAD,Domestic,VJ,,
2026-05-04|VJ198/VJ423|A666|SGN-HAN-PXU|15:05,2026-05-04,VJ198/VJ423,A666,A320,SGN-HAN-PXU,12:40,15:05,12:40,15:05,12:50,15:04,15:05,15:10,02:25,02:15,ONTIME,ONTIME,ONTIME,ONTIME,,,,,,,,,HAN,SGN,PXU,Domestic,VJ,,
2026-05-04|VJ440/VJ439|A699|PQC-HAN-UIH|15:40,2026-05-04,VJ440/VJ439,A699,A320,PQC-HAN-UIH,13:30,15:40,13:30,15:40,13:55,15:35,15:36,15:43,02:10,01:41,EARLY,ONTIME,ONTIME,DELAY,,,,,,,,,HAN,PQC,UIH,Domestic,VJ,,
2026-05-04|VJ138/VJ147|A676|SGN-HAN-SGN|15:45,2026-05-04,VJ138/VJ147,A676,A320,SGN-HAN-SGN,15:15,15:45,15:15,15:45,15:12,15:42,15:43,15:49,00:30,00:31,EARLY,ONTIME,ONTIME,ONTIME,,,,,,,,,HAN,SGN,SGN,Domestic,VJ,,
2026-05-04|VJ464/VJ567|A675|VCA-HAN-HUI|15:55,2026-05-04,VJ464/VJ567,A675,A320,VCA-HAN-HUI,15:10,15:55,15:10,15:55,15:35,15:59,16:00,16:20,00:45,00:25,DELAY,ONTIME,DELAY,DELAY,,93,00:05,,,,,,HAN,VCA,HUI,Domestic,VJ,,
2026-05-04|VJ508/VJ773|A632|DAD-HAN-CXR|16:00,2026-05-04,VJ508/VJ773,A632,A321,DAD-HAN-CXR,15:25,16:00,15:25,16:00,15:30,15:56,15:57,16:09,00:35,00:27,EARLY,ONTIME,ONTIME,ONTIME,,,,,,,,,HAN,DAD,CXR,Domestic,VJ,,
2026-05-04|VJ961/VJ913|A667|ICN-HAN-SAI|16:20,2026-05-04,VJ961/VJ913,A667,A321,ICN-HAN-SAI,13:35,16:20,13:35,16:20,14:05,16:19,16:20,16:28,02:45,02:15,ONTIME,ONTIME,ONTIME,DELAY,,,,,,,,,HAN,ICN,SAI,International,VJ,,
2026-05-04|VJ772/VJ1513|A669|CXR-HAN-DAD|16:35,2026-05-04,VJ772/VJ1513,A669,A320,CXR-HAN-DAD,15:55,16:35,15:55,16:35,16:10,16:34,16:35,16:43,00:40,00:25,ONTIME,ONTIME,ONTIME,ONTIME,,,,,,,,,HAN,CXR,DAD,Domestic,VJ,,
2026-05-04|VJ140/VJ151|A544|SGN-HAN-SGN|16:50,2026-05-04,VJ140/VJ151,A544,A321,SGN-HAN-SGN,16:20,16:50,16:20,16:50,16:40,17:09,17:10,17:20,00:30,00:30,DELAY,DELAY,DELAY,DELAY,,93,00:20,,,,,,HAN,SGN,SGN,Domestic,VJ,,
2026-05-04|VJ902/VJ465|A683|BKK-HAN-VCA|17:00,2026-05-04,VJ902/VJ465,A683,A321,BKK-HAN-VCA,15:50,17:00,15:50,17:00,16:00,16:59,17:00,17:00,01:10,01:00,ONTIME,ONTIME,ONTIME,ONTIME,,,,,,,,,HAN,BKK,VCA,Domestic,VJ,,
2026-05-04|VJ530/VJ495|A685|DAD-HAN-BMV|17:30,2026-05-04,VJ530/VJ495,A685,A321,DAD-HAN-BMV,16:15,17:30,16:15,17:30,17:10,17:39,17:40,17:45,01:15,00:30,DELAY,ONTIME,ONTIME,DELAY,,93,00:10,,,,,,HAN,DAD,BMV,Domestic,VJ,,
2026-05-04|VJ774/VJ517|A535|CXR-HAN-DAD|17:45,2026-05-04,VJ774/VJ517,A535,A321,CXR-HAN-DAD,17:15,17:45,17:15,17:45,17:35,18:04,18:05,18:10,00:30,00:30,DELAY,DELAY,DELAY,DELAY,,93,00:20,,,,,,HAN,CXR,DAD,Domestic,VJ,,
2026-05-04|VJ1153|A542|HAN-SGN|18:05,2026-05-04,VJ1153,A542,A321,HAN-SGN,,18:05,,18:05,,18:24,18:25,18:34,,,DELAY,DELAY,DELAY,,,61,00:20,,,,,DL61 CHANGE FP (VN-A521 (TECHNICAL) -> VN-A542 / 1741 FP VER08),HAN,,SGN,Domestic,VJ,,
2026-05-04|VJ424/VJ1127|A666|PXU-HAN-SGN|19:20,2026-05-04,VJ424/VJ1127,A666,A320,PXU-HAN-SGN,18:45,19:20,18:45,19:20,18:40,19:15,19:16,19:18,00:35,00:36,EARLY,ONTIME,ONTIME,ONTIME,,,,,,,,,HAN,PXU,SGN,Domestic,VJ,,
2026-05-04|VJ512/VJ523|A644|DAD-HAN-DAD|19:40,2026-05-04,VJ512/VJ523,A644,A321,DAD-HAN-DAD,18:15,19:40,18:15,19:40,19:00,19:39,19:40,19:44,01:25,00:40,ONTIME,ONTIME,ONTIME,DELAY,,,,,,,,,HAN,DAD,DAD,Domestic,VJ,,
2026-05-04|VJ452/VJ907|A548|PQC-HAN-BOM|20:05,2026-05-04,VJ452/VJ907,A548,A321,PQC-HAN-BOM,14:35,20:05,14:35,20:05,14:45,19:54,19:55,20:05,05:30,05:10,EARLY,ONTIME,ONTIME,ONTIME,,,,,,,,,HAN,PQC,BOM,International,VJ,,
2026-05-04|VJ455|A578|HAN-PQC|20:05,2026-05-04,VJ455,A578,A321,HAN-PQC,,20:05,,20:05,,19:54,19:55,20:12,,,EARLY,ONTIME,ONTIME,,,,,,,,,,HAN,,PQC,Domestic,VJ,,
2026-05-04|VJ150/VJ161|A820|SGN-HAN-SGN|20:55,2026-05-04,VJ150/VJ161,A820,A321,SGN-HAN-SGN,19:50,20:55,19:50,20:55,20:20,20:49,20:50,20:54,01:05,00:30,EARLY,ONTIME,ONTIME,DELAY,,,,,,,,,HAN,SGN,SGN,Domestic,VJ,,
2026-05-04|VJ568/VJ7238|A675|HUI-HAN-PVG|21:15,2026-05-04,VJ568/VJ7238,A675,A320,HUI-HAN-PVG,18:55,21:15,18:55,21:15,19:30,20:59,21:00,21:06,02:20,01:30,EARLY,ONTIME,ONTIME,DELAY,,,,,,,,,HAN,HUI,PVG,International,VJ,,
2026-05-04|VJ520/VJ1527|A630|DAD-HAN-DAD|21:25,2026-05-04,VJ520/VJ1527,A630,A321,DAD-HAN-DAD,20:55,21:25,20:55,21:25,20:50,21:24,21:25,21:35,00:30,00:35,ONTIME,ONTIME,ONTIME,ONTIME,,,,,,,,,HAN,DAD,DAD,Domestic,VJ,,
2026-05-04|VJ943/VJ7526|A547|TPE-HAN-CAN|22:30,2026-05-04,VJ943/VJ7526,A547,A321,TPE-HAN-CAN,20:55,22:30,20:55,22:30,22:00,22:29,22:30,22:35,01:35,00:30,ONTIME,ONTIME,ONTIME,DELAY,,,,,,,,,HAN,TPE,CAN,International,VJ,,
2026-05-04|VJ776/VJ167|A632|CXR-HAN-SGN|22:45,2026-05-04,VJ776/VJ167,A632,A321,CXR-HAN-SGN,20:10,22:45,20:10,22:45,20:35,22:43,22:45,22:48,02:35,02:10,ONTIME,ONTIME,ONTIME,DELAY,,,,,,,,,HAN,CXR,SGN,Domestic,VJ,,
2026-05-04|VJ998/VJ962|A200|DPS-HAN-ICN|23:15,2026-05-04,VJ998/VJ962,A200,A321,DPS-HAN-ICN,21:45,23:15,21:45,23:15,21:25,23:14,23:15,23:20,01:30,01:50,ONTIME,ONTIME,ONTIME,ONTIME,,,,,,,,,HAN,DPS,ICN,International,VJ,,
2026-05-05|VJ932|A537|HAN-NRT|00:30,2026-05-05,VJ932,A537,A321,HAN-NRT,,00:30,,00:30,,00:29,00:30,00:35,,,ONTIME,ONTIME,ONTIME,,,,,,,,,,HAN,,NRT,International,VJ,,
2026-05-05|VJ982|A683|HAN-PUS|01:05,2026-05-05,VJ982,A683,A321,HAN-PUS,,01:05,,01:05,,00:59,01:00,01:05,,,EARLY,ONTIME,ONTIME,,,,,,,,,,HAN,,PUS,International,VJ,,
2026-05-05|VJ938|A674|HAN-KIX|01:20,2026-05-05,VJ938,A674,A321,HAN-KIX,,01:20,,01:20,,01:11,01:12,01:14,,,EARLY,ONTIME,ONTIME,,,,,,,,,,HAN,,KIX,International,VJ,,
2026-05-05|VJ960|A667|HAN-ICN|01:40,2026-05-05,VJ960,A667,A321,HAN-ICN,,01:40,,01:40,,01:29,01:30,01:30,,,EARLY,ONTIME,ONTIME,,,,,,,,,,HAN,,ICN,International,VJ,,
2026-05-05|VJ920|A526|HAN-NGO|01:40,2026-05-05,VJ920,A526,A321,HAN-NGO,,01:40,,01:40,,01:30,01:31,01:36,,,EARLY,ONTIME,ONTIME,,,,,,,,,,HAN,,NGO,International,VJ,,
2026-05-05|VJ958|A684|HAN-FUK|02:05,2026-05-05,VJ958,A684,A321,HAN-FUK,,02:05,,02:05,,01:46,01:47,01:52,,,EARLY,ONTIME,ONTIME,,,,,,,,,,HAN,,FUK,International,VJ,,
2026-05-05|VJ1980|A650|HAN-FSZ|02:40,2026-05-05,VJ1980,A650,A320,HAN-FSZ,,02:40,,02:40,,02:19,02:20,02:30,,,EARLY,ONTIME,ONTIME,,,,,,,,,,HAN,,FSZ,International,VJ,,
2026-05-05|VJ501|A648|HAN-DAD|05:40,2026-05-05,VJ501,A648,A321,HAN-DAD,,05:40,,05:40,,05:39,05:40,05:55,,,ONTIME,ONTIME,ONTIME,,,,,,,,,,HAN,,DAD,Domestic,VJ,,
2026-05-05|VJ771|A644|HAN-CXR|05:45,2026-05-05,VJ771,A644,A321,HAN-CXR,,05:45,,05:45,,05:38,05:39,05:46,,,EARLY,ONTIME,ONTIME,,,,,,,,,,HAN,,CXR,Domestic,VJ,,
2026-05-05|VJ121|A641|HAN-SGN|06:00,2026-05-05,VJ121,A641,A321,HAN-SGN,,06:00,,06:00,,05:54,05:55,06:05,,,EARLY,ONTIME,ONTIME,,,,,,,,,,HAN,,SGN,Domestic,VJ,,
2026-05-05|VJ491|A687|HAN-BMV|06:00,2026-05-05,VJ491,A687,A321,HAN-BMV,,06:00,,06:00,,05:54,05:55,06:05,,,EARLY,ONTIME,ONTIME,,,,,,,,,,HAN,,BMV,Domestic,VJ,,
2026-05-05|VJ431|A689|HAN-UIH|06:05,2026-05-05,VJ431,A689,A320,HAN-UIH,,06:05,,06:05,,05:59,06:00,06:05,,,EARLY,ONTIME,ONTIME,,,,,,,,,,HAN,,UIH,Domestic,VJ,,
2026-05-05|VJ952|A669|HAN-HIJ|06:15,2026-05-05,VJ952,A669,A320,HAN-HIJ,,06:15,,06:15,,06:09,06:10,06:19,,,EARLY,ONTIME,ONTIME,,,,,,,,,,HAN,,HIJ,International,VJ,,
2026-05-05|VJ125|A658|HAN-SGN|07:00,2026-05-05,VJ125,A658,A320,HAN-SGN,,07:00,,07:00,,06:54,06:55,07:05,,,EARLY,ONTIME,ONTIME,,,,,,,,,,HAN,,SGN,Domestic,VJ,,
2026-05-05|VJ1519|A699|HAN-DAD|07:15,2026-05-05,VJ1519,A699,A320,HAN-DAD,,07:15,,07:15,,07:09,07:10,07:17,,,EARLY,ONTIME,ONTIME,,,,,,,,,,HAN,,DAD,Domestic,VJ,,
2026-05-05|VJ197|A685|HAN-SGN|07:20,2026-05-05,VJ197,A685,A321,HAN-SGN,,07:20,,07:20,,07:14,07:15,07:22,,,EARLY,ONTIME,ONTIME,,,,,,,,,,HAN,,SGN,Domestic,VJ,,
2026-05-05|VJ7239/VJ905|A675|PVG-HAN-KUL|07:25,2026-05-05,VJ7239/VJ905,A675,A320,PVG-HAN-KUL,04:50,07:25,04:50,07:25,06:10,07:19,07:20,07:27,02:35,01:10,EARLY,ONTIME,ONTIME,DELAY,,,,,,,,,HAN,PVG,KUL,International,VJ,,
2026-05-05|VJ503|A532|HAN-DAD|07:30,2026-05-05,VJ503,A532,A321,HAN-DAD,,07:30,,07:30,,07:24,07:25,07:40,,,EARLY,ONTIME,ONTIME,,,,,,,,,,HAN,,DAD,Domestic,VJ,,
2026-05-05|VJ930|A525|HAN-KIX|07:55,2026-05-05,VJ930,A525,A321,HAN-KIX,,07:55,,07:55,,07:54,07:55,08:05,,,ONTIME,ONTIME,ONTIME,,,,,,,,,,HAN,,KIX,International,VJ,,
2026-05-05|VJ929|A551|HAN-CGK|08:40,2026-05-05,VJ929,A551,A321,HAN-CGK,,08:40,,08:40,,08:39,08:40,08:45,,,ONTIME,ONTIME,ONTIME,,,,,,,,,,HAN,,CGK,International,VJ,,
2026-05-05|VJ447|A521|HAN-PQC|08:45,2026-05-05,VJ447,A521,A321,HAN-PQC,,08:45,,08:45,,08:44,08:45,08:55,,,ONTIME,ONTIME,ONTIME,,,,,,,,,,HAN,,PQC,Domestic,VJ,,
2026-05-05|VJ514/VJ563|A648|DAD-HAN-HUI|09:20,2026-05-05,VJ514/VJ563,A648,A321,DAD-HAN-HUI,08:50,09:20,08:50,09:20,09:25,09:44,09:45,09:50,00:30,00:20,DELAY,DELAY,DELAY,DELAY,,93,00:25,,,,,,HAN,DAD,HUI,Domestic,VJ,,
2026-05-05|VJ910/VJ915|A548|BOM-HAN-SIN|09:35,2026-05-05,VJ910/VJ915,A548,A321,BOM-HAN-SIN,07:10,09:35,07:10,09:35,06:55,09:24,09:26,09:28,02:25,02:31,EARLY,ONTIME,ONTIME,ONTIME,,,,,,,,,HAN,BOM,SIN,International,VJ,,
2026-05-05|VJ126/VJ131|A524|SGN-HAN-SGN|10:10,2026-05-05,VJ126/VJ131,A524,A321,SGN-HAN-SGN,09:40,10:10,09:40,10:10,09:55,10:24,10:25,10:31,00:30,00:30,DELAY,ONTIME,DELAY,ONTIME,,93,00:15,,,,,,HAN,SGN,SGN,Domestic,VJ,,
2026-05-05|VJ122/VJ463|A632|SGN-HAN-VCA|10:20,2026-05-05,VJ122/VJ463,A632,A321,SGN-HAN-VCA,09:05,10:20,09:05,10:20,09:25,10:10,10:11,10:16,01:15,00:46,EARLY,ONTIME,ONTIME,DELAY,,,,,,,,,HAN,SGN,VCA,Domestic,VJ,,
2026-05-05|VJ1509|A521|HAN-DAD|10:50,2026-05-05,VJ1509,A521,A321,HAN-DAD,,10:50,,10:50,,11:29,11:30,11:40,,,DELAY,DELAY,DELAY,,,61,00:40,,,,,CHANGE FPL,HAN,,DAD,Domestic,VJ,,
2026-05-05|VJ981/VJ7048|A683|PUS-HAN-SJW|11:05,2026-05-05,VJ981/VJ7048,A683,A321,PUS-HAN-SJW,10:40,11:05,10:40,11:05,10:25,11:04,11:05,11:14,00:25,00:40,ONTIME,ONTIME,ONTIME,ONTIME,,,,,,,,,HAN,PUS,SJW,International,VJ,,
2026-05-05|VJ963/VJ901|A200|ICN-HAN-BKK|11:10,2026-05-05,VJ963/VJ901,A200,A321,ICN-HAN-BKK,08:55,11:10,08:55,11:10,09:10,11:04,11:05,11:07,02:15,01:55,EARLY,ONTIME,ONTIME,ONTIME,,,,,,,,,HAN,ICN,BKK,International,VJ,,
2026-05-05|VJ524/VJ507|A532|DAD-HAN-DAD|11:10,2026-05-05,VJ524/VJ507,A532,A321,DAD-HAN-DAD,10:40,11:10,10:40,11:10,11:05,11:34,11:35,11:40,00:30,00:30,DELAY,DELAY,DELAY,DELAY,,93,00:25,,,,,,HAN,DAD,DAD,Domestic,VJ,,
2026-05-05|VJ130/VJ133|A663|SGN-HAN-SGN|11:20,2026-05-05,VJ130/VJ133,A663,A320,SGN-HAN-SGN,10:50,11:20,10:50,11:20,11:20,11:44,11:45,11:47,00:30,00:25,DELAY,DELAY,DELAY,DELAY,,93,00:25,,,,,,HAN,SGN,SGN,Domestic,VJ,,
2026-05-05|VJ1520/VJ451|A699|DAD-HAN-PQC|11:45,2026-05-05,VJ1520/VJ451,A699,A320,DAD-HAN-PQC,10:30,11:45,10:30,11:45,10:40,11:35,11:37,11:54,01:15,00:57,EARLY,ONTIME,ONTIME,ONTIME,,,,,,,,,HAN,DAD,PQC,Domestic,VJ,,
2026-05-05|VJ430/VJ515|A689|UIH-HAN-DAD|12:10,2026-05-05,VJ430/VJ515,A689,A320,UIH-HAN-DAD,09:50,12:10,09:50,12:10,09:55,12:09,12:10,12:16,02:20,02:15,ONTIME,ONTIME,ONTIME,ONTIME,,,,,,,,,HAN,UIH,DAD,Domestic,VJ,,
2026-05-05|VJ128/VJ137|A658|SGN-HAN-SGN|12:20,2026-05-05,VJ128/VJ137,A658,A320,SGN-HAN-SGN,11:50,12:20,11:50,12:20,12:20,12:44,12:45,12:57,00:30,00:25,DELAY,DELAY,DELAY,DELAY,,93,00:25,,,,,,HAN,SGN,SGN,Domestic,VJ,,
2026-05-05|VJ492/VJ453|A687|BMV-HAN-PQC|13:00,2026-05-05,VJ492/VJ453,A687,A321,BMV-HAN-PQC,10:00,13:00,10:00,13:00,10:30,12:57,12:58,12:59,03:00,02:28,EARLY,ONTIME,ONTIME,DELAY,,,,,,,,,HAN,BMV,PQC,Domestic,VJ,,
2026-05-05|VJ198/VJ787|A685|SGN-HAN-CXR|13:10,2026-05-05,VJ198/VJ787,A685,A321,SGN-HAN-CXR,12:40,13:10,12:40,13:10,12:30,13:09,13:10,13:15,00:30,00:40,ONTIME,ONTIME,ONTIME,ONTIME,,,,,,,,,HAN,SGN,CXR,Domestic,VJ,,
2026-05-05|VJ939/VJ948|A674|KIX-HAN-RMQ|13:30,2026-05-05,VJ939/VJ948,A674,A321,KIX-HAN-RMQ,12:20,13:30,12:20,13:30,12:50,13:29,13:30,13:47,01:10,00:40,ONTIME,ONTIME,DELAY,DELAY,,,,,,,,,HAN,KIX,RMQ,International,VJ,,
2026-05-05|VJ564/VJ946|A648|HUI-HAN-KHH|14:35,2026-05-05,VJ564/VJ946,A648,A321,HUI-HAN-KHH,12:20,14:35,13:00,14:35,12:50,14:19,14:20,14:20,01:35,01:30,EARLY,ONTIME,ONTIME,DELAY,,,,,,,,,HAN,HUI,KHH,International,VJ,,
2026-05-05|VJ1504/VJ1505|A670|DAD-HAN-DAD|14:35,2026-05-05,VJ1504/VJ1505,A670,A321,DAD-HAN-DAD,14:00,14:35,14:00,14:35,14:10,14:38,14:40,14:42,00:35,00:30,DELAY,ONTIME,ONTIME,ONTIME,,93,00:05,,,,,,HAN,DAD,DAD,Domestic,VJ,,
2026-05-05|VJ959/VJ145|A684|FUK-HAN-SGN|14:40,2026-05-05,VJ959/VJ145,A684,A321,FUK-HAN-SGN,11:45,14:40,11:45,14:40,11:55,14:39,14:40,14:47,02:55,02:45,ONTIME,ONTIME,ONTIME,ONTIME,,,,,,,,,HAN,FUK,SGN,Domestic,VJ,,
2026-05-05|VJ440/VJ1521|A521|PQC-HAN-DAD|14:40,2026-05-05,VJ440/VJ1521,A521,A321,PQC-HAN-DAD,13:30,14:40,13:30,14:40,14:00,14:32,14:33,14:39,01:10,00:33,EARLY,ONTIME,ONTIME,DELAY,,,,,,,,,HAN,PQC,DAD,Domestic,VJ,,
2026-05-05|VJ770/VJ511|A521|CXR-HAN-DAD|15:05,2026-05-05,VJ770/VJ511,A521,A321,CXR-HAN-DAD,09:55,15:05,09:55,15:05,10:32,15:04,15:05,15:13,05:10,04:33,ONTIME,ONTIME,ONTIME,DELAY,,,,,,,,,HAN,CXR,DAD,Domestic,VJ,,
2026-05-05|VJ961/VJ423|A667|ICN-HAN-PXU|15:05,2026-05-05,VJ961/VJ423,A667,A321,ICN-HAN-PXU,13:35,15:05,13:35,15:05,13:50,15:02,15:03,15:08,01:30,01:13,EARLY,ONTIME,ONTIME,ONTIME,,,,,,,,,HAN,ICN,PXU,Domestic,VJ,,
2026-05-05|VJ1981/VJ439|A650|FSZ-HAN-UIH|15:40,2026-05-05,VJ1981/VJ439,A650,A320,FSZ-HAN-UIH,14:00,15:40,14:00,15:40,14:10,15:34,15:35,15:39,01:40,01:25,EARLY,ONTIME,ONTIME,ONTIME,,,,,,,,,HAN,FSZ,UIH,Domestic,VJ,,
2026-05-05|VJ138/VJ147|A673|SGN-HAN-SGN|15:45,2026-05-05,VJ138/VJ147,A673,A321,SGN-HAN-SGN,15:15,15:45,15:15,15:45,15:00,15:37,15:38,15:40,00:30,00:38,EARLY,ONTIME,ONTIME,ONTIME,,,,,,,,,HAN,SGN,SGN,Domestic,VJ,,
2026-05-05|VJ464/VJ567|A632|VCA-HAN-HUI|15:55,2026-05-05,VJ464/VJ567,A632,A321,VCA-HAN-HUI,15:10,15:55,15:10,15:55,15:05,15:49,15:50,15:52,00:45,00:45,EARLY,ONTIME,ONTIME,ONTIME,,,,,,,,,HAN,VCA,HUI,Domestic,VJ,,
2026-05-05|VJ508/VJ773|A689|DAD-HAN-CXR|16:00,2026-05-05,VJ508/VJ773,A689,A320,DAD-HAN-CXR,15:25,16:00,15:25,16:00,15:45,16:09,16:10,16:13,00:35,00:25,DELAY,ONTIME,ONTIME,DELAY,,,,,,,,,HAN,DAD,CXR,Domestic,VJ,,
2026-05-05|VJ140/VJ151|A653|SGN-HAN-SGN|16:50,2026-05-05,VJ140/VJ151,A653,A321,SGN-HAN-SGN,16:20,16:50,16:20,16:50,16:40,17:09,17:10,17:20,00:30,00:30,DELAY,DELAY,DELAY,DELAY,,93,00:20,,,,,,HAN,SGN,SGN,Domestic,VJ,,
2026-05-05|VJ136/VJ465|A641|SGN-HAN-VCA|17:00,2026-05-05,VJ136/VJ465,A641,A321,SGN-HAN-VCA,14:40,17:00,14:40,17:00,14:55,16:57,16:58,17:02,02:20,02:03,EARLY,ONTIME,ONTIME,ONTIME,,,,,,,,,HAN,SGN,VCA,Domestic,VJ,,
2026-05-05|VJ5068/VJ5068|A539|CXR-HAN-NOZ|17:00,2026-05-05,VJ5068/VJ5068,A539,A321,CXR-HAN-NOZ,16:25,17:00,16:25,17:00,16:25,16:58,17:00,17:00,00:35,00:35,ONTIME,ONTIME,ONTIME,ONTIME,,,,,,,,,HAN,CXR,NOZ,International,VJ,,
2026-05-05|VJ510/VJ495|A639|DAD-HAN-BMV|17:30,2026-05-05,VJ510/VJ495,A639,A321,DAD-HAN-BMV,14:35,17:30,14:35,17:30,15:30,17:25,17:26,17:30,02:55,01:56,EARLY,ONTIME,ONTIME,DELAY,,,,,,,,,HAN,DAD,BMV,Domestic,VJ,,
2026-05-05|VJ530/VJ517|A630|DAD-HAN-DAD|17:45,2026-05-05,VJ530/VJ517,A630,A321,DAD-HAN-DAD,16:15,17:45,16:15,17:45,16:20,17:38,17:40,17:41,01:30,01:20,EARLY,ONTIME,ONTIME,ONTIME,,,,,,,,,HAN,DAD,DAD,Domestic,VJ,,
2026-05-05|VJ971|A815|HAN-DEL|19:40,2026-05-05,VJ971,A815,A330,HAN-DEL,,19:40,,19:40,,19:39,19:40,19:45,,,ONTIME,ONTIME,ONTIME,,,,,,,,,,HAN,,DEL,International,VJ,,
2026-05-05|VJ424/VJ523|A667|PXU-HAN-DAD|19:40,2026-05-05,VJ424/VJ523,A667,A321,PXU-HAN-DAD,18:45,19:40,18:45,19:40,18:50,19:39,19:40,19:42,00:55,00:50,ONTIME,ONTIME,ONTIME,ONTIME,,,,,,,,,HAN,PXU,DAD,Domestic,VJ,,
2026-05-05|VJ928/VJ1925|A551|CGK-HAN-AMD|19:45,2026-05-05,VJ928/VJ1925,A551,A321,CGK-HAN-AMD,18:15,19:45,18:15,19:45,18:20,19:34,19:35,19:37,01:30,01:15,EARLY,ONTIME,ONTIME,ONTIME,,,,,,,,,HAN,CGK,AMD,International,VJ,,
2026-05-05|VJ906/VJ7712|A675|KUL-HAN-PKX|20:00,2026-05-05,VJ906/VJ7712,A675,A320,KUL-HAN-PKX,14:40,20:00,14:40,20:00,14:50,19:50,19:51,19:54,05:20,05:01,EARLY,ONTIME,ONTIME,ONTIME,,,,,,,,,HAN,KUL,PKX,International,VJ,,
2026-05-05|VJ1780/VJ161|A814|CXR-HAN-SGN|20:55,2026-05-05,VJ1780/VJ161,A814,A330,CXR-HAN-SGN,15:20,20:55,15:20,20:55,15:20,20:48,20:50,20:52,05:35,05:30,EARLY,ONTIME,ONTIME,ONTIME,,,,,,,,,HAN,CXR,SGN,Domestic,VJ,,
2026-05-05|VJ438/VJ7238|A650|UIH-HAN-PVG|21:15,2026-05-05,VJ438/VJ7238,A650,A320,UIH-HAN-PVG,19:25,21:15,19:25,21:15,19:15,21:07,21:08,21:12,01:50,01:53,EARLY,ONTIME,ONTIME,ONTIME,,,,,,,,,HAN,UIH,PVG,International,VJ,,
2026-05-05|VJ520/VJ1527|A532|DAD-HAN-DAD|21:25,2026-05-05,VJ520/VJ1527,A532,A321,DAD-HAN-DAD,20:55,21:25,20:55,21:25,20:35,21:17,21:18,21:22,00:30,00:43,EARLY,ONTIME,ONTIME,ONTIME,,,,,,,,,HAN,DAD,DAD,Domestic,VJ,,
2026-05-05|VJ949/VJ7526|A683|RMQ-HAN-CAN|22:30,2026-05-05,VJ949/VJ7526,A683,A321,RMQ-HAN-CAN,19:50,22:30,19:50,22:30,19:35,22:22,22:23,22:25,02:40,02:48,EARLY,ONTIME,ONTIME,ONTIME,,,,,,,,,HAN,RMQ,CAN,International,VJ,,
2026-05-05|VJ496/VJ167|A639|BMV-HAN-SGN|22:45,2026-05-05,VJ496/VJ167,A639,A321,BMV-HAN-SGN,21:30,22:45,21:30,22:45,21:40,22:38,22:39,22:41,01:15,00:59,EARLY,ONTIME,ONTIME,ONTIME,,,,,,,,,HAN,BMV,SGN,Domestic,VJ,,
2026-05-06|VJ932|A537|HAN-NRT|00:30,2026-05-06,VJ932,A537,A321,HAN-NRT,,00:30,,00:30,,00:29,00:30,00:40,,,ONTIME,ONTIME,ONTIME,,,,,,,,,,HAN,,NRT,International,VJ,,
2026-05-06|VJ982|A687|HAN-PUS|01:05,2026-05-06,VJ982,A687,A321,HAN-PUS,,01:05,,01:05,,00:54,00:55,00:58,,,EARLY,ONTIME,ONTIME,,,,,,,,,,HAN,,PUS,International,VJ,,
2026-05-06|VJ7706/VJ7706|A575|CXR-HAN-KHV|01:05,2026-05-06,VJ7706/VJ7706,A575,A321,CXR-HAN-KHV,00:35,01:05,00:35,01:05,00:55,01:24,01:25,01:35,00:30,00:30,DELAY,DELAY,DELAY,DELAY,,93,00:20,,,,,,HAN,CXR,KHV,International,VJ,,
2026-05-06|VJ938|A674|HAN-KIX|01:20,2026-05-06,VJ938,A674,A321,HAN-KIX,,01:20,,01:20,,01:34,01:35,01:35,,,DELAY,ONTIME,ONTIME,,,41,00:15,,,,,TECHNICAL CHECK,HAN,,KIX,International,VJ,,
2026-05-06|VJ960|A200|HAN-ICN|01:40,2026-05-06,VJ960,A200,A321,HAN-ICN,,01:40,,01:40,,01:39,01:40,01:43,,,ONTIME,ONTIME,ONTIME,,,,,,,,,,HAN,,ICN,International,VJ,,
2026-05-06|VJ920|A526|HAN-NGO|01:40,2026-05-06,VJ920,A526,A321,HAN-NGO,,01:40,,01:40,,01:30,01:31,01:32,,,EARLY,ONTIME,ONTIME,,,,,,,,,,HAN,,NGO,International,VJ,,
2026-05-06|VJ501|A648|HAN-DAD|05:40,2026-05-06,VJ501,A648,A321,HAN-DAD,,05:40,,05:40,,05:34,05:35,05:43,,,EARLY,ONTIME,ONTIME,,,,,,,,,,HAN,,DAD,Domestic,VJ,,
2026-05-06|VJ771|A669|HAN-CXR|05:45,2026-05-06,VJ771,A669,A320,HAN-CXR,,05:45,,05:45,,05:39,05:40,05:50,,,EARLY,ONTIME,ONTIME,,,,,,,,,,HAN,,CXR,Domestic,VJ,,
2026-05-06|VJ121|A632|HAN-SGN|06:00,2026-05-06,VJ121,A632,A321,HAN-SGN,,06:00,,06:00,,05:54,05:55,06:03,,,EARLY,ONTIME,ONTIME,,,,,,,,,,HAN,,SGN,Domestic,VJ,,
2026-05-06|VJ491|A698|HAN-BMV|06:00,2026-05-06,VJ491,A698,A321,HAN-BMV,,06:00,,06:00,,05:52,05:54,05:57,,,EARLY,ONTIME,ONTIME,,,,,,,,,,HAN,,BMV,Domestic,VJ,,
2026-05-06|VJ431|A689|HAN-UIH|06:05,2026-05-06,VJ431,A689,A320,HAN-UIH,,06:05,,06:05,,05:59,06:00,06:03,,,EARLY,ONTIME,ONTIME,,,,,,,,,,HAN,,UIH,Domestic,VJ,,
2026-05-06|VJ5069/VJ5069|A539|NOZ-HAN-CXR|06:45,2026-05-06,VJ5069/VJ5069,A539,A321,NOZ-HAN-CXR,06:15,06:45,06:15,06:45,06:20,06:35,06:37,06:45,00:30,00:17,EARLY,ONTIME,ONTIME,ONTIME,,,,,,,,,HAN,NOZ,CXR,Domestic,VJ,,
2026-05-06|VJ197|A649|HAN-SGN|07:20,2026-05-06,VJ197,A649,A321,HAN-SGN,,07:20,,07:20,,07:14,07:15,07:25,,,EARLY,ONTIME,ONTIME,,,,,,,,,,HAN,,SGN,Domestic,VJ,,
2026-05-06|VJ503|A542|HAN-DAD|07:30,2026-05-06,VJ503,A542,A321,HAN-DAD,,07:30,,07:30,,07:24,07:25,07:28,,,EARLY,ONTIME,ONTIME,,,,,,,,,,HAN,,DAD,Domestic,VJ,,
2026-05-06|VJ934|A552|HAN-NRT|07:55,2026-05-06,VJ934,A552,A321,HAN-NRT,,07:55,,07:55,,07:48,07:50,07:52,,,EARLY,ONTIME,ONTIME,,,,,,,,,,HAN,,NRT,International,VJ,,
2026-05-06|VJ124/VJ129|A635|SGN-HAN-SGN|08:45,2026-05-06,VJ124/VJ129,A635,A321,SGN-HAN-SGN,08:15,08:45,08:15,08:45,08:10,08:44,08:45,08:54,00:30,00:35,ONTIME,ONTIME,ONTIME,ONTIME,,,,,,,,,HAN,SGN,SGN,Domestic,VJ,,
2026-05-06|VJ447|A699|HAN-PQC|08:45,2026-05-06,VJ447,A699,A320,HAN-PQC,,08:45,,08:45,,08:44,08:45,08:43,,,ONTIME,ONTIME,ONTIME,,,,,,,,,,HAN,,PQC,Domestic,VJ,,
2026-05-06|VJ7713/VJ505|A675|PKX-HAN-DAD|09:05,2026-05-06,VJ7713/VJ505,A675,A320,PKX-HAN-DAD,03:55,09:05,03:55,09:05,04:10,09:04,09:05,09:15,05:10,04:55,ONTIME,ONTIME,ONTIME,ONTIME,,,,,,,,,HAN,PKX,DAD,Domestic,VJ,,
2026-05-06|VJ514/VJ563|A656|DAD-HAN-HUI|09:40,2026-05-06,VJ514/VJ563,A656,A320,DAD-HAN-HUI,09:05,09:40,09:05,09:40,09:15,09:39,09:40,09:45,00:35,00:25,ONTIME,ONTIME,ONTIME,ONTIME,,,,,,,,,HAN,DAD,HUI,Domestic,VJ,,
2026-05-06|VJ7239/VJ7852|A650|PVG-HAN-KMQ|09:45,2026-05-06,VJ7239/VJ7852,A650,A320,PVG-HAN-KMQ,04:50,09:45,04:50,09:45,04:45,09:43,09:45,09:50,04:55,05:00,ONTIME,ONTIME,ONTIME,ONTIME,,,,,,,,,HAN,PVG,KMQ,International,VJ,,
2026-05-06|VJ1926/VJ997|A551|AMD-HAN-DPS|10:05,2026-05-06,VJ1926/VJ997,A551,A321,AMD-HAN-DPS,05:55,10:05,05:55,10:05,05:50,09:57,09:58,10:20,04:10,04:08,EARLY,ONTIME,ONTIME,ONTIME,,,,,,,,,HAN,AMD,DPS,International,VJ,,
2026-05-06|VJ131|A683|HAN-SGN|10:10,2026-05-06,VJ131,A683,A321,HAN-SGN,,10:10,,10:10,,10:06,10:07,10:25,,,EARLY,ONTIME,ONTIME,,,,,,,,,,HAN,,SGN,Domestic,VJ,,
2026-05-06|VJ430/VJ463|A689|UIH-HAN-VCA|10:20,2026-05-06,VJ430/VJ463,A689,A320,UIH-HAN-VCA,09:50,10:20,09:50,11:00,09:50,10:59,11:00,11:05,01:10,01:10,ONTIME,ONTIME,DELAY,ONTIME,,,,,,,,,HAN,UIH,VCA,Domestic,VJ,,
2026-05-06|VJ492/VJ901|A698|BMV-HAN-BKK|11:10,2026-05-06,VJ492/VJ901,A698,A321,BMV-HAN-BKK,10:00,11:10,10:00,11:10,10:13,11:09,11:10,11:20,01:10,00:57,ONTIME,ONTIME,ONTIME,ONTIME,,,,,,,,,HAN,BMV,BKK,International,VJ,,
2026-05-06|VJ524/VJ507|A542|DAD-HAN-DAD|11:10,2026-05-06,VJ524/VJ507,A542,A321,DAD-HAN-DAD,10:40,11:10,10:40,11:10,10:55,11:24,11:25,11:35,00:30,00:30,DELAY,ONTIME,DELAY,ONTIME,,93,00:15,,,,,,HAN,DAD,DAD,Domestic,VJ,,
2026-05-06|VJ972/VJ1443|A815|DEL-HAN-PQC|11:10,2026-05-06,VJ972/VJ1443,A815,A330,DEL-HAN-PQC,05:40,11:10,05:40,11:10,05:36,11:07,11:10,11:11,05:30,05:34,ONTIME,ONTIME,ONTIME,ONTIME,,,,,,,,,HAN,DEL,PQC,Domestic,VJ,,
2026-05-06|VJ133|A673|HAN-SGN|11:20,2026-05-06,VJ133,A673,A321,HAN-SGN,,11:20,,11:20,,11:19,11:20,11:30,,,ONTIME,ONTIME,ONTIME,,,,,,,,,,HAN,,SGN,Domestic,VJ,,
2026-05-06|VJ122/VJ515|A642|SGN-HAN-DAD|12:10,2026-05-06,VJ122/VJ515,A642,A321,SGN-HAN-DAD,09:05,12:10,09:05,12:10,09:15,12:07,12:08,12:10,03:05,02:53,EARLY,ONTIME,ONTIME,ONTIME,,,,,,,,,HAN,SGN,DAD,Domestic,VJ,,
2026-05-06|VJ128/VJ137|A663|SGN-HAN-SGN|12:20,2026-05-06,VJ128/VJ137,A663,A320,SGN-HAN-SGN,11:50,12:20,11:50,12:20,11:45,12:19,12:20,12:23,00:30,00:35,ONTIME,ONTIME,ONTIME,ONTIME,,,,,,,,,HAN,SGN,SGN,Domestic,VJ,,
2026-05-06|VJ506/VJ453|A675|DAD-HAN-PQC|13:00,2026-05-06,VJ506/VJ453,A675,A320,DAD-HAN-PQC,12:15,13:00,12:15,13:00,12:30,12:56,12:57,13:00,00:45,00:27,EARLY,ONTIME,ONTIME,ONTIME,,,,,,,,,HAN,DAD,PQC,Domestic,VJ,,
2026-05-06|VJ787|A553|HAN-CXR|13:10,2026-05-06,VJ787,A553,A321,HAN-CXR,,13:10,,13:10,,13:05,13:07,13:09,,,EARLY,ONTIME,ONTIME,,,,,,,,,,HAN,,CXR,Domestic,VJ,,
2026-05-06|VJ981/VJ948|A687|PUS-HAN-RMQ|13:30,2026-05-06,VJ981/VJ948,A687,A321,PUS-HAN-RMQ,10:40,13:30,10:40,13:30,10:25,13:24,13:25,13:25,02:50,03:00,EARLY,ONTIME,ONTIME,ONTIME,,,,,,,,,HAN,PUS,RMQ,International,VJ,,
2026-05-06|VJ939/VJ942|A674|KIX-HAN-TPE|14:25,2026-05-06,VJ939/VJ942,A674,A321,KIX-HAN-TPE,12:20,14:25,12:20,14:25,12:40,14:24,14:25,14:27,02:05,01:45,ONTIME,ONTIME,ONTIME,DELAY,,,,,,,,,HAN,KIX,TPE,International,VJ,,
2026-05-06|VJ921/VJ946|A526|NGO-HAN-KHH|14:35,2026-05-06,VJ921/VJ946,A526,A321,NGO-HAN-KHH,12:50,14:35,12:50,14:35,12:35,14:28,14:30,14:33,01:45,01:55,EARLY,ONTIME,ONTIME,ONTIME,,,,,,,,,HAN,NGO,KHH,International,VJ,,
2026-05-06|VJ440/VJ145|A699|PQC-HAN-SGN|14:40,2026-05-06,VJ440/VJ145,A699,A320,PQC-HAN-SGN,13:30,14:40,13:30,14:40,13:45,14:34,14:35,14:38,01:10,00:50,EARLY,ONTIME,ONTIME,ONTIME,,,,,,,,,HAN,PQC,SGN,Domestic,VJ,,
2026-05-06|VJ7707/VJ7707|A575|KHV-HAN-CXR|14:55,2026-05-06,VJ7707/VJ7707,A575,A321,KHV-HAN-CXR,14:25,14:55,14:25,15:40,15:15,15:36,15:37,15:41,01:15,00:22,EARLY,ONTIME,DELAY,DELAY,,,,,,,,,HAN,KHV,CXR,Domestic,VJ,,
2026-05-06|VJ961/VJ511|A200|ICN-HAN-DAD|15:05,2026-05-06,VJ961/VJ511,A200,A321,ICN-HAN-DAD,13:35,15:05,13:35,15:05,13:15,15:02,15:03,15:15,01:30,01:48,EARLY,ONTIME,ONTIME,ONTIME,,,,,,,,,HAN,ICN,DAD,Domestic,VJ,,
2026-05-06|VJ198/VJ423|A649|SGN-HAN-PXU|15:05,2026-05-06,VJ198/VJ423,A649,A321,SGN-HAN-PXU,14:10,15:05,14:10,15:05,12:45,15:03,15:05,15:15,00:55,02:20,ONTIME,ONTIME,ONTIME,ONTIME,,,,,,,,,HAN,SGN,PXU,Domestic,VJ,,
2026-05-06|VJ933/VJ439|A537|NRT-HAN-UIH|15:40,2026-05-06,VJ933/VJ439,A537,A321,NRT-HAN-UIH,14:35,15:40,13:05,15:40,13:05,15:39,15:40,15:45,02:35,02:35,ONTIME,ONTIME,ONTIME,ONTIME,,,,,,,,,HAN,NRT,UIH,Domestic,VJ,,
2026-05-06|VJ7620/VJ7620|A539|CXR-HAN-BAX|15:40,2026-05-06,VJ7620/VJ7620,A539,A321,CXR-HAN-BAX,15:10,15:40,15:10,15:40,15:35,16:04,16:05,16:15,00:30,00:30,DELAY,DELAY,DELAY,DELAY,,93,00:15,,,,,,HAN,CXR,BAX,International,VJ,,
2026-05-06|VJ138/VJ147|A524|SGN-HAN-SGN|15:45,2026-05-06,VJ138/VJ147,A524,A321,SGN-HAN-SGN,15:15,15:45,15:15,15:45,15:25,16:24,16:25,16:30,00:30,01:00,DELAY,DELAY,DELAY,ONTIME,,93,00:10,84,00:30,,,CTOT 1703 BAD WX AT SGN,HAN,SGN,SGN,Domestic,VJ,,
2026-05-06|VJ564/VJ567|A656|HUI-HAN-HUI|15:55,2026-05-06,VJ564/VJ567,A656,A320,HUI-HAN-HUI,15:10,15:55,12:45,15:55,12:55,15:49,15:50,15:55,03:10,02:55,EARLY,ONTIME,ONTIME,ONTIME,,,,,,,,,HAN,HUI,HUI,Domestic,VJ,,
2026-05-06|VJ508/VJ773|A642|DAD-HAN-CXR|16:00,2026-05-06,VJ508/VJ773,A642,A321,DAD-HAN-CXR,15:25,16:00,15:25,16:00,15:40,16:07,16:08,16:13,00:35,00:28,DELAY,ONTIME,ONTIME,ONTIME,,,,,,,,,HAN,DAD,CXR,Domestic,VJ,,
2026-05-06|VJ136/VJ913|A632|SGN-HAN-SAI|16:20,2026-05-06,VJ136/VJ913,A632,A321,SGN-HAN-SAI,14:10,16:20,14:40,16:20,14:45,16:06,16:07,16:09,01:40,01:22,EARLY,ONTIME,ONTIME,DELAY,,,,,,,,,HAN,SGN,SAI,International,VJ,,
2026-05-06|VJ464/VJ1513|A689|VCA-HAN-DAD|16:35,2026-05-06,VJ464/VJ1513,A689,A321,VCA-HAN-DAD,15:10,16:35,15:50,16:35,16:10,16:34,16:35,16:45,00:45,00:25,ONTIME,ONTIME,ONTIME,DELAY,,,,,,,,,HAN,VCA,DAD,Domestic,VJ,,
2026-05-06|VJ140/VJ151|A689|SGN-HAN-SGN|16:50,2026-05-06,VJ140/VJ151,A689,A320,SGN-HAN-SGN,16:20,16:50,16:20,16:50,16:30,16:54,16:55,17:00,00:30,00:25,DELAY,ONTIME,ONTIME,ONTIME,,93,00:05,,,,,,HAN,SGN,SGN,Domestic,VJ,,
2026-05-06|VJ2986/VJ2986|A549|DAD-HAN-NOZ|16:55,2026-05-06,VJ2986/VJ2986,A549,A321,DAD-HAN-NOZ,16:25,16:55,16:25,16:55,16:40,17:09,17:10,17:20,00:30,00:30,DELAY,ONTIME,DELAY,ONTIME,,93,00:15,,,,,,HAN,DAD,NOZ,International,VJ,,
2026-05-06|VJ510/VJ465|A542|DAD-HAN-VCA|17:00,2026-05-06,VJ510/VJ465,A542,A321,DAD-HAN-VCA,14:35,17:00,14:35,17:00,15:15,16:54,16:55,17:00,02:25,01:40,EARLY,ONTIME,ONTIME,DELAY,,,,,,,,,HAN,DAD,VCA,Domestic,VJ,,
2026-05-06|VJ452/VJ495|A643|PQC-HAN-BMV|17:30,2026-05-06,VJ452/VJ495,A643,A321,PQC-HAN-BMV,16:05,17:30,16:05,17:30,16:35,17:28,17:29,17:35,01:25,00:54,EARLY,ONTIME,ONTIME,DELAY,,,,,,,,,HAN,PQC,BMV,Domestic,VJ,,
2026-05-06|VJ774/VJ517|A553|CXR-HAN-DAD|17:45,2026-05-06,VJ774/VJ517,A553,A321,CXR-HAN-DAD,17:15,17:45,17:15,18:20,17:45,18:19,18:20,18:32,01:05,00:35,ONTIME,ONTIME,DELAY,DELAY,,,,,,,,,HAN,CXR,DAD,Domestic,VJ,,
2026-05-06|VJ456/VJ1127|A675|PQC-HAN-SGN|19:20,2026-05-06,VJ456/VJ1127,A675,A320,PQC-HAN-SGN,17:45,19:20,17:45,19:20,17:50,19:14,19:15,19:20,01:35,01:25,EARLY,ONTIME,ONTIME,ONTIME,,,,,,,,,HAN,PQC,SGN,Domestic,VJ,,
2026-05-06|VJ424/VJ523|A632|PXU-HAN-DAD|19:40,2026-05-06,VJ424/VJ523,A632,A321,PXU-HAN-DAD,18:45,19:40,18:45,19:40,18:55,19:39,19:40,19:50,00:55,00:45,ONTIME,ONTIME,ONTIME,ONTIME,,,,,,,,,HAN,PXU,DAD,Domestic,VJ,,
2026-05-06|VJ512/VJ907|A200|DAD-HAN-BOM|20:05,2026-05-06,VJ512/VJ907,A200,A321,DAD-HAN-BOM,18:15,20:05,18:15,20:05,18:25,20:04,20:05,20:15,01:50,01:40,ONTIME,ONTIME,ONTIME,ONTIME,,,,,,,,,HAN,DAD,BOM,International,VJ,,
2026-05-06|VJ144/VJ455|A646|SGN-HAN-PQC|20:05,2026-05-06,VJ144/VJ455,A646,A321,SGN-HAN-PQC,18:05,20:05,18:05,20:05,18:00,20:02,20:03,20:05,02:00,02:03,EARLY,ONTIME,ONTIME,ONTIME,,,,,,,,,HAN,SGN,PQC,Domestic,VJ,,
2026-05-06|VJ530/VJ7815|A661|DAD-HAN-MNL|20:10,2026-05-06,VJ530/VJ7815,A661,A321,DAD-HAN-MNL,16:15,20:10,16:15,20:10,16:10,20:05,20:06,20:12,03:55,03:56,EARLY,ONTIME,ONTIME,ONTIME,,,,,,,,,HAN,DAD,MNL,International,VJ,,
2026-05-06|VJ1516/VJ7238|A689|DAD-HAN-PVG|21:15,2026-05-06,VJ1516/VJ7238,A689,A320,DAD-HAN-PVG,19:45,21:15,19:45,21:15,20:00,21:00,21:01,21:10,01:30,01:01,EARLY,ONTIME,ONTIME,ONTIME,,,,,,,,,HAN,DAD,PVG,International,VJ,,
2026-05-06|VJ935/VJ1527|A552|NRT-HAN-DAD|21:25,2026-05-06,VJ935/VJ1527,A552,A321,NRT-HAN-DAD,20:05,21:25,20:05,21:25,20:25,21:19,21:20,21:22,01:20,00:55,EARLY,ONTIME,ONTIME,DELAY,,,,,,,,,HAN,NRT,DAD,Domestic,VJ,,
2026-05-06|VJ914/VJ167|A649|SAI-HAN-SGN|22:45,2026-05-06,VJ914/VJ167,A649,A321,SAI-HAN-SGN,20:50,22:45,20:50,22:45,21:05,22:42,22:44,22:46,01:55,01:39,EARLY,ONTIME,ONTIME,ONTIME,,,,,,,,,HAN,SAI,SGN,Domestic,VJ,,
2026-05-06|VJ520/VJ962|A553|DAD-HAN-ICN|23:15,2026-05-06,VJ520/VJ962,A553,A321,DAD-HAN-ICN,20:55,23:15,20:55,23:15,21:40,23:11,23:12,23:15,02:20,01:32,EARLY,ONTIME,ONTIME,DELAY,,,,,,,,,HAN,DAD,ICN,International,VJ,,
2026-05-07|VJ7813|A698|HAN-CEB|00:05,2026-05-07,VJ7813,A698,A321,HAN-CEB,,00:05,,00:05,,00:02,00:03,00:05,,,EARLY,ONTIME,ONTIME,,,,,,,,,,HAN,,CEB,International,VJ,,
2026-05-07|VJ932|A674|HAN-NRT|00:30,2026-05-07,VJ932,A674,A321,HAN-NRT,,00:30,,00:30,,00:17,00:18,00:21,,,EARLY,ONTIME,ONTIME,,,,,,,,,,HAN,,NRT,International,VJ,,
2026-05-07|VJ938|A551|HAN-KIX|01:20,2026-05-07,VJ938,A551,A321,HAN-KIX,,01:20,,01:20,,01:14,01:15,01:20,,,EARLY,ONTIME,ONTIME,,,,,,,,,,HAN,,KIX,International,VJ,,
2026-05-07|VJ960|A542|HAN-ICN|01:40,2026-05-07,VJ960,A542,A321,HAN-ICN,,01:40,,01:40,,01:33,01:35,01:36,,,EARLY,ONTIME,ONTIME,,,,,,,,,,HAN,,ICN,International,VJ,,
2026-05-07|VJ920|A575|HAN-NGO|01:40,2026-05-07,VJ920,A575,A321,HAN-NGO,,01:40,,01:40,,01:30,01:31,01:34,,,EARLY,ONTIME,ONTIME,,,,,,,,,,HAN,,NGO,International,VJ,,
2026-05-07|VJ958|A687|HAN-FUK|02:05,2026-05-07,VJ958,A687,A321,HAN-FUK,,02:05,,02:05,,01:57,01:59,01:59,,,EARLY,ONTIME,ONTIME,,,,,,,,,,HAN,,FUK,International,VJ,,
2026-05-07|VJ1980|A656|HAN-FSZ|02:40,2026-05-07,VJ1980,A656,A320,HAN-FSZ,,02:40,,02:40,,02:39,02:40,02:40,,,ONTIME,ONTIME,ONTIME,,,,,,,,,,HAN,,FSZ,International,VJ,,
2026-05-07|VJ123|A669|HAN-SGN|05:30,2026-05-07,VJ123,A669,A320,HAN-SGN,,05:30,,05:30,,05:48,05:50,05:51,,,DELAY,DELAY,DELAY,,,63A,00:20,,,,,FO SHOW UP LATE OB  0548,HAN,,SGN,Domestic,VJ,,
2026-05-07|VJ7816/VJ501|A661|MNL-HAN-DAD|05:40,2026-05-07,VJ7816/VJ501,A661,A321,MNL-HAN-DAD,03:50,05:40,03:50,05:40,03:50,05:34,05:35,05:43,01:50,01:45,EARLY,ONTIME,ONTIME,ONTIME,,,,,,,,,HAN,MNL,DAD,Domestic,VJ,,
2026-05-07|VJ771|A644|HAN-CXR|05:45,2026-05-07,VJ771,A644,A321,HAN-CXR,,05:45,,05:45,,05:37,05:38,05:55,,,EARLY,ONTIME,ONTIME,,,,,,,,,,HAN,,CXR,Domestic,VJ,,
2026-05-07|VJ952|A666|HAN-HIJ|06:15,2026-05-07,VJ952,A666,A320,HAN-HIJ,,06:15,,06:15,,06:09,06:10,06:20,,,EARLY,ONTIME,ONTIME,,,,,,,,,,HAN,,HIJ,International,VJ,,
2026-05-07|VJ2987/VJ2987|A549|NOZ-HAN-DAD|06:45,2026-05-07,VJ2987/VJ2987,A549,A321,NOZ-HAN-DAD,08:05,06:45,06:15,07:35,06:36,07:04,07:05,07:23,01:20,00:29,EARLY,ONTIME,DELAY,ONTIME,,,,,,,,,HAN,NOZ,DAD,Domestic,VJ,,
2026-05-07|VJ125|A668|HAN-SGN|07:00,2026-05-07,VJ125,A668,A320,HAN-SGN,,07:00,,07:00,,06:53,05:55,06:55,,,EARLY,ONTIME,ONTIME,,,,,,,,,,HAN,,SGN,Domestic,VJ,,
2026-05-07|VJ905|A675|HAN-KUL|07:25,2026-05-07,VJ905,A675,A320,HAN-KUL,,07:25,,07:25,,07:29,07:30,07:35,,,DELAY,ONTIME,ONTIME,,,41,00:05,,,,,TECHNICAL CHECK,HAN,,KUL,International,VJ,,
2026-05-07|VJ503|A547|HAN-DAD|07:30,2026-05-07,VJ503,A547,A321,HAN-DAD,,07:30,,07:30,,07:24,07:25,07:28,,,EARLY,ONTIME,ONTIME,,,,,,,,,,HAN,,DAD,Domestic,VJ,,
2026-05-07|VJ929|A526|HAN-CGK|08:40,2026-05-07,VJ929,A526,A321,HAN-CGK,,08:40,,08:40,,080:38,08:39,08:42,,,EARLY,ONTIME,ONTIME,,,,,,,,,,HAN,,CGK,International,VJ,,
2026-05-07|VJ124/VJ129|A650|SGN-HAN-SGN|08:45,2026-05-07,VJ124/VJ129,A650,A320,SGN-HAN-SGN,08:15,08:45,08:15,08:45,08:30,08:54,08:55,09:00,00:30,00:25,DELAY,ONTIME,ONTIME,ONTIME,,93,00:10,,,,,,HAN,SGN,SGN,Domestic,VJ,,
2026-05-07|VJ447|A643|HAN-PQC|08:45,2026-05-07,VJ447,A643,A321,HAN-PQC,,08:45,,08:45,,08:43,08:45,08:48,,,ONTIME,ONTIME,ONTIME,,,,,,,,,,HAN,,PQC,Domestic,VJ,,
2026-05-07|VJ7621/VJ7621|A539|BAX-HAN-CXR|09:00,2026-05-07,VJ7621/VJ7621,A539,A321,BAX-HAN-CXR,08:30,09:00,08:30,09:00,08:32,08:57,08:58,09:00,00:30,00:26,EARLY,ONTIME,ONTIME,ONTIME,,,,,,,,,HAN,BAX,CXR,Domestic,VJ,,
2026-05-07|VJ1781|A816|HAN-CXR|09:10,2026-05-07,VJ1781,A816,A330,HAN-CXR,,09:10,,09:10,,09:07,09:10,09:11,,,ONTIME,ONTIME,ONTIME,,,,,,,,,,HAN,,CXR,Domestic,VJ,,
2026-05-07|VJ7239/VJ7638|A689|PVG-HAN-TXN|09:10,2026-05-07,VJ7239/VJ7638,A689,A320,PVG-HAN-TXN,04:50,09:10,04:50,09:10,04:57,09:02,09:03,09:05,04:20,04:06,EARLY,ONTIME,ONTIME,ONTIME,,,,,,,,,HAN,PVG,TXN,International,VJ,,
2026-05-07|VJ514/VJ563|A661|DAD-HAN-HUI|09:20,2026-05-07,VJ514/VJ563,A661,A321,DAD-HAN-HUI,08:50,09:20,08:50,09:20,08:55,09:19,09:20,09:30,00:30,00:25,ONTIME,ONTIME,ONTIME,ONTIME,,,,,,,,,HAN,DAD,HUI,Domestic,VJ,,
2026-05-07|VJ7814/VJ915|A698|CEB-HAN-SIN|09:35,2026-05-07,VJ7814/VJ915,A698,A321,CEB-HAN-SIN,08:20,09:35,08:20,09:35,08:55,09:34,09:35,09:39,01:15,00:40,ONTIME,ONTIME,ONTIME,DELAY,,,,,,,,,HAN,CEB,SIN,International,VJ,,
2026-05-07|VJ126/VJ131|A524|SGN-HAN-SGN|10:10,2026-05-07,VJ126/VJ131,A524,A321,SGN-HAN-SGN,09:40,10:10,09:40,10:10,09:45,10:14,10:15,10:25,00:30,00:30,DELAY,ONTIME,ONTIME,ONTIME,,93,00:05,,,,,,HAN,SGN,SGN,Domestic,VJ,,
2026-05-07|VJ463|A655|HAN-VCA|10:20,2026-05-07,VJ463,A655,A320,HAN-VCA,,10:20,,10:20,,10:17,10:19,10:20,,,EARLY,ONTIME,ONTIME,,,,,,,,,,HAN,,VCA,Domestic,VJ,,
2026-05-07|VJ963/VJ901|A553|ICN-HAN-BKK|11:10,2026-05-07,VJ963/VJ901,A553,A321,ICN-HAN-BKK,08:55,11:10,08:55,11:10,09:00,11:02,11:03,11:07,02:15,02:03,EARLY,ONTIME,ONTIME,ONTIME,,,,,,,,,HAN,ICN,BKK,International,VJ,,
2026-05-07|VJ910/VJ507|A200|BOM-HAN-DAD|11:10,2026-05-07,VJ910/VJ507,A200,A321,BOM-HAN-DAD,07:10,11:10,07:10,11:10,07:05,11:09,11:10,11:12,04:00,04:05,ONTIME,ONTIME,ONTIME,ONTIME,,,,,,,,,HAN,BOM,DAD,Domestic,VJ,,
2026-05-07|VJ770/VJ451|A635|CXR-HAN-PQC|11:45,2026-05-07,VJ770/VJ451,A635,A321,CXR-HAN-PQC,09:55,11:45,09:55,11:45,10:40,11:41,11:42,11:45,01:50,01:02,EARLY,ONTIME,ONTIME,DELAY,,,,,,,,,HAN,CXR,PQC,Domestic,VJ,,
2026-05-07|VJ524/VJ515|A672|DAD-HAN-DAD|12:10,2026-05-07,VJ524/VJ515,A672,A320,DAD-HAN-DAD,10:55,12:10,10:55,12:10,11:00,12:07,12:08,12:15,01:15,01:08,EARLY,ONTIME,ONTIME,ONTIME,,,,,,,,,HAN,DAD,DAD,Domestic,VJ,,
2026-05-07|VJ137|A666|HAN-SGN|12:20,2026-05-07,VJ137,A666,A320,HAN-SGN,,12:20,,12:20,,12:19,12:20,12:25,,,ONTIME,ONTIME,ONTIME,,,,,,,,,,HAN,,SGN,Domestic,VJ,,
2026-05-07|VJ959/VJ787|A687|FUK-HAN-CXR|13:10,2026-05-07,VJ959/VJ787,A687,A321,FUK-HAN-CXR,11:25,13:10,11:25,13:10,11:35,13:09,13:10,13:14,01:45,01:35,ONTIME,ONTIME,ONTIME,ONTIME,,,,,,,,,HAN,FUK,CXR,Domestic,VJ,,
2026-05-07|VJ564/VJ948|A661|HUI-HAN-RMQ|13:30,2026-05-07,VJ564/VJ948,A661,A321,HUI-HAN-RMQ,12:20,13:30,12:20,13:30,12:40,13:25,13:27,13:28,01:10,00:47,EARLY,ONTIME,ONTIME,DELAY,,,,,,,,,HAN,HUI,RMQ,International,VJ,,
2026-05-07|VJ939/VJ441|A551|KIX-HAN-PQC|14:00,2026-05-07,VJ939/VJ441,A551,A321,KIX-HAN-PQC,12:20,14:00,12:20,14:00,12:55,13:54,13:55,14:03,01:40,01:00,EARLY,ONTIME,ONTIME,DELAY,,,,,,,,,HAN,KIX,PQC,Domestic,VJ,,
2026-05-07|VJ1504/VJ1505|A648|DAD-HAN-DAD|14:35,2026-05-07,VJ1504/VJ1505,A648,A321,DAD-HAN-DAD,14:00,14:35,14:00,14:35,14:15,14:44,14:45,14:50,00:35,00:30,DELAY,ONTIME,ONTIME,ONTIME,,93,00:10,,,,,,HAN,DAD,DAD,Domestic,VJ,,
2026-05-07|VJ136/VJ145|A662|SGN-HAN-SGN|14:40,2026-05-07,VJ136/VJ145,A662,A320,SGN-HAN-SGN,14:10,14:40,14:10,14:40,14:20,14:39,14:40,14:47,00:30,00:20,ONTIME,ONTIME,ONTIME,ONTIME,,,,,,,,,HAN,SGN,SGN,Domestic,VJ,,
2026-05-07|VJ510/VJ511|A200|DAD-HAN-DAD|15:05,2026-05-07,VJ510/VJ511,A200,A321,DAD-HAN-DAD,14:35,15:05,14:35,15:05,14:45,15:09,15:10,15:15,00:30,00:25,DELAY,ONTIME,ONTIME,ONTIME,,93,00:05,,,,,,HAN,DAD,DAD,Domestic,VJ,,
2026-05-07|VJ440/VJ423|A643|PQC-HAN-PXU|15:05,2026-05-07,VJ440/VJ423,A643,A321,PQC-HAN-PXU,13:30,15:05,13:30,15:05,13:30,15:04,15:05,15:12,01:35,01:35,ONTIME,ONTIME,ONTIME,ONTIME,,,,,,,,,HAN,PQC,PXU,Domestic,VJ,,
2026-05-07|VJ906/VJ439|A675|KUL-HAN-UIH|15:40,2026-05-07,VJ906/VJ439,A675,A320,KUL-HAN-UIH,14:40,15:40,14:40,15:40,14:45,15:36,15:37,15:39,01:00,00:52,EARLY,ONTIME,ONTIME,ONTIME,,,,,,,,,HAN,KUL,UIH,Domestic,VJ,,
2026-05-07|VJ138/VJ147|A658|SGN-HAN-SGN|15:45,2026-05-07,VJ138/VJ147,A658,A320,SGN-HAN-SGN,15:15,15:45,15:15,15:45,15:25,15:49,15:50,15:55,00:30,00:25,DELAY,ONTIME,ONTIME,ONTIME,,93,00:05,,,,,,HAN,SGN,SGN,Domestic,VJ,,
2026-05-07|VJ464/VJ567|A655|VCA-HAN-HUI|15:55,2026-05-07,VJ464/VJ567,A655,A320,VCA-HAN-HUI,15:10,15:55,15:10,15:55,15:15,15:54,15:55,15:56,00:45,00:40,ONTIME,ONTIME,ONTIME,ONTIME,,,,,,,,,HAN,VCA,HUI,Domestic,VJ,,
2026-05-07|VJ508/VJ773|A672|DAD-HAN-CXR|16:00,2026-05-07,VJ508/VJ773,A672,A320,DAD-HAN-CXR,15:25,16:00,15:25,16:00,15:30,15:56,15:57,16:10,00:35,00:27,EARLY,ONTIME,ONTIME,ONTIME,,,,,,,,,HAN,DAD,CXR,Domestic,VJ,,
2026-05-07|VJ953/VJ151|A669|HIJ-HAN-SGN|16:50,2026-05-07,VJ953/VJ151,A669,A320,HIJ-HAN-SGN,16:20,16:50,16:20,16:50,16:35,17:19,17:20,17:20,00:30,00:45,DELAY,DELAY,DELAY,ONTIME,,93,00:10,99,00:20,,,WAIT SKYBOSS,HAN,HIJ,SGN,Domestic,VJ,,
2026-05-07|VJ933/VJ465|A674|NRT-HAN-VCA|17:00,2026-05-07,VJ933/VJ465,A674,A321,NRT-HAN-VCA,13:05,17:00,13:05,17:00,13:15,16:58,16:59,17:01,03:55,03:44,EARLY,ONTIME,ONTIME,ONTIME,,,,,,,,,HAN,NRT,VCA,Domestic,VJ,,
2026-05-07|VJ454/VJ495|A635|BKK-HAN-BMV|17:30,2026-05-07,VJ454/VJ495,A635,A321,BKK-HAN-BMV,15:50,17:30,16:45,17:30,16:35,17:26,17:27,17:30,00:45,00:52,EARLY,ONTIME,ONTIME,DELAY,,,,,,,,,HAN,BKK,BMV,Domestic,VJ,,
2026-05-07|VJ774/VJ517|A539|CXR-HAN-DAD|18:00,2026-05-07,VJ774/VJ517,A539,A321,CXR-HAN-DAD,17:30,18:00,17:30,18:00,17:55,18:24,18:25,18:30,00:30,00:30,DELAY,DELAY,DELAY,DELAY,,93,00:25,,,,,,HAN,CXR,DAD,Domestic,VJ,,
2026-05-07|VJ454/VJ1127|A553|PQC-HAN-SGN|19:20,2026-05-07,VJ454/VJ1127,A553,A321,PQC-HAN-SGN,16:45,19:20,16:45,19:20,16:15,19:19,19:20,19:23,02:35,03:05,ONTIME,ONTIME,ONTIME,ONTIME,,,,,,,,,HAN,PQC,SGN,Domestic,VJ,,
2026-05-07|VJ144/VJ971|A820|SGN-HAN-DEL|19:40,2026-05-07,VJ144/VJ971,A820,A330,SGN-HAN-DEL,18:05,19:40,18:05,19:40,18:15,19:39,19:40,19:50,01:35,01:25,ONTIME,ONTIME,ONTIME,ONTIME,,,,,,,,,HAN,SGN,DEL,International,VJ,,
2026-05-07|VJ424/VJ523|A643|PXU-HAN-DAD|19:40,2026-05-07,VJ424/VJ523,A643,A321,PXU-HAN-DAD,18:45,19:40,18:45,19:40,19:00,19:39,19:40,19:48,00:55,00:40,ONTIME,ONTIME,ONTIME,ONTIME,,,,,,,,,HAN,PXU,DAD,Domestic,VJ,,
2026-05-07|VJ512/VJ1925|A200|DAD-HAN-AMD|19:45,2026-05-07,VJ512/VJ1925,A200,A321,DAD-HAN-AMD,18:15,19:45,18:15,19:45,18:40,19:39,19:40,19:42,01:30,01:00,EARLY,ONTIME,ONTIME,DELAY,,,,,,,,,HAN,DAD,AMD,International,VJ,,
2026-05-07|VJ7639/VJ7712|A689|TXN-HAN-PKX|19:55,2026-05-07,VJ7639/VJ7712,A689,A320,TXN-HAN-PKX,15:55,19:55,15:55,19:55,16:00,19:41,19:42,19:47,04:00,03:42,EARLY,ONTIME,ONTIME,ONTIME,,,,,,,,,HAN,TXN,PKX,International,VJ,,
2026-05-07|VJ161|A542|HAN-SGN|20:55,2026-05-07,VJ161,A542,A321,HAN-SGN,,20:55,,20:55,,20:54,20:55,21:05,,,ONTIME,ONTIME,ONTIME,,,,,,,,,,HAN,,SGN,Domestic,VJ,,
2026-05-07|VJ7988/VJ7988|A554|DAD-HAN-VVO|21:10,2026-05-07,VJ7988/VJ7988,A554,A321,DAD-HAN-VVO,20:40,21:10,20:40,21:10,20:45,21:14,21:15,21:20,00:30,00:30,DELAY,ONTIME,ONTIME,ONTIME,,93,00:05,,,,,"Tổ ob 2047, bàn giao xong 2055",HAN,DAD,VVO,International,VJ,,
2026-05-07|VJ438/VJ7238|A675|UIH-HAN-PVG|21:15,2026-05-07,VJ438/VJ7238,A675,A320,UIH-HAN-PVG,19:25,21:15,19:25,21:15,19:30,21:08,21:10,21:12,01:50,01:40,EARLY,ONTIME,ONTIME,ONTIME,,,,,,,,,HAN,UIH,PVG,International,VJ,,
2026-05-07|VJ530/VJ1527|A645|DAD-HAN-DAD|21:25,2026-05-07,VJ530/VJ1527,A645,A321,DAD-HAN-DAD,16:15,21:25,16:15,21:25,16:50,22:09,22:10,22:15,05:10,05:20,DELAY,DELAY,DELAY,DELAY,,95,00:35,41,00:10,,,Crew VJ7988 ob 2139/ technical check,HAN,DAD,DAD,Domestic,VJ,,
2026-05-07|VJ928/VJ7526|A526|CGK-HAN-CAN|22:30,2026-05-07,VJ928/VJ7526,A526,A321,CGK-HAN-CAN,18:15,22:30,18:15,22:30,19:15,22:27,22:28,22:31,04:15,03:13,EARLY,ONTIME,ONTIME,DELAY,,,,,,,,,HAN,CGK,CAN,International,VJ,,
2026-05-07|VJ154/VJ167|A523|SGN-HAN-SGN|22:45,2026-05-07,VJ154/VJ167,A523,A321,SGN-HAN-SGN,20:55,22:45,20:55,22:45,21:00,22:34,22:35,22:39,01:50,01:35,EARLY,ONTIME,ONTIME,ONTIME,,,,,,,,,HAN,SGN,SGN,Domestic,VJ,,
2026-05-08|VJ932|A575|HAN-NRT|00:30,2026-05-08,VJ932,A575,A321,HAN-NRT,,00:30,,00:30,,00:29,00:30,00:40,,,ONTIME,ONTIME,ONTIME,,,,,,,,,,HAN,,NRT,International,VJ,,
2026-05-08|VJ982|A698|HAN-PUS|01:05,2026-05-08,VJ982,A698,A321,HAN-PUS,,01:05,,01:05,,01:02,01:03,01:15,,,EARLY,ONTIME,ONTIME,,,,,,,,,,HAN,,PUS,International,VJ,,
2026-05-08|VJ7614/VJ7614|A580|CXR-HAN-BQS|01:15,2026-05-08,VJ7614/VJ7614,A580,A321,CXR-HAN-BQS,00:45,01:15,00:45,01:15,00:50,01:19,01:20,01:45,00:30,00:30,DELAY,ONTIME,DELAY,ONTIME,,93,00:05,,,,,"Tổ ob 0051, bàn giao xong 0057",HAN,CXR,BQS,International,VJ,,
2026-05-08|VJ938|A674|HAN-KIX|01:20,2026-05-08,VJ938,A674,A321,HAN-KIX,,01:20,,01:20,,01:14,01:15,01:30,,,EARLY,ONTIME,ONTIME,,,,,,,,,,HAN,,KIX,International,VJ,,
2026-05-08|VJ960|A661|HAN-ICN|01:40,2026-05-08,VJ960,A661,A321,HAN-ICN,,01:40,,01:40,,01:39,01:40,01:40,,,ONTIME,ONTIME,ONTIME,,,,,,,,,,HAN,,ICN,International,VJ,,
2026-05-08|VJ920|A551|HAN-NGO|01:40,2026-05-08,VJ920,A551,A321,HAN-NGO,,01:40,,01:40,,01:29,01:30,01:45,,,EARLY,ONTIME,ONTIME,,,,,,,,,,HAN,,NGO,International,VJ,,
2026-05-08|VJ958|A640|HAN-FUK|02:05,2026-05-08,VJ958,A640,A321,HAN-FUK,,02:05,,02:05,,01:49,01:50,01:55,,,EARLY,ONTIME,ONTIME,,,,,,,,,,HAN,,FUK,International,VJ,,
2026-05-08|VJ123|A672|HAN-SGN|05:30,2026-05-08,VJ123,A672,A320,HAN-SGN,,05:30,,05:30,,05:24,05:25,05:33,,,EARLY,ONTIME,ONTIME,,,,,,,,,,HAN,,SGN,Domestic,VJ,,
2026-05-08|VJ501|A667|HAN-DAD|05:40,2026-05-08,VJ501,A667,A321,HAN-DAD,,05:40,,05:40,,05:34,05:35,05:50,,,EARLY,ONTIME,ONTIME,,,,,,,,,,HAN,,DAD,Domestic,VJ,,
2026-05-08|VJ7713/VJ771|A689|PKX-HAN-CXR|05:45,2026-05-08,VJ7713/VJ771,A689,A320,PKX-HAN-CXR,03:55,05:45,03:55,05:45,04:10,05:39,05:40,05:47,01:50,01:30,EARLY,ONTIME,ONTIME,ONTIME,,,,,,,,,HAN,PKX,CXR,Domestic,VJ,,
2026-05-08|VJ121|A644|HAN-SGN|06:00,2026-05-08,VJ121,A644,A321,HAN-SGN,,06:00,,06:00,,05:54,05:55,06:05,,,EARLY,ONTIME,ONTIME,,,,,,,,,,HAN,,SGN,Domestic,VJ,,
2026-05-08|VJ491|A641|HAN-BMV|06:00,2026-05-08,VJ491,A641,A321,HAN-BMV,,06:00,,06:00,,05:54,05:55,06:05,,,EARLY,ONTIME,ONTIME,,,,,,,,,,HAN,,BMV,Domestic,VJ,,
2026-05-08|VJ431|A643|HAN-UIH|06:05,2026-05-08,VJ431,A643,A321,HAN-UIH,,06:05,,06:05,,06:04,06:05,06:15,,,ONTIME,ONTIME,ONTIME,,,,,,,,,,HAN,,UIH,Domestic,VJ,,
2026-05-08|VJ125|A675|HAN-SGN|07:00,2026-05-08,VJ125,A675,A320,HAN-SGN,,07:00,,07:00,,06:54,06:55,07:15,,,EARLY,ONTIME,ONTIME,,,,,,,,,,HAN,,SGN,Domestic,VJ,,
2026-05-08|VJ972/VJ197|A820|DEL-HAN-SGN|07:20,2026-05-08,VJ972/VJ197,A820,A321,DEL-HAN-SGN,05:40,07:20,05:40,07:20,06:15,07:19,07:20,07:30,01:40,01:05,ONTIME,ONTIME,ONTIME,DELAY,,,,,,,,,HAN,DEL,SGN,Domestic,VJ,,
2026-05-08|VJ503|A537|HAN-DAD|07:30,2026-05-08,VJ503,A537,A321,HAN-DAD,,07:30,,07:30,,07:29,07:30,07:38,,,ONTIME,ONTIME,ONTIME,,,,,,,,,,HAN,,DAD,Domestic,VJ,,
2026-05-08|VJ934|A521|HAN-NRT|07:55,2026-05-08,VJ934,A521,A321,HAN-NRT,,07:55,,07:55,,07:49,07:50,07:56,,,EARLY,ONTIME,ONTIME,,,,,,,,,,HAN,,NRT,International,VJ,,
2026-05-08|VJ124/VJ129|A666|SGN-HAN-SGN|08:45,2026-05-08,VJ124/VJ129,A666,A320,SGN-HAN-SGN,08:15,08:45,08:15,08:45,08:15,08:44,08:45,08:48,00:30,00:30,ONTIME,ONTIME,ONTIME,ONTIME,,,,,,,,,HAN,SGN,SGN,Domestic,VJ,,
2026-05-08|VJ447|A524|HAN-PQC|08:45,2026-05-08,VJ447,A524,A321,HAN-PQC,,08:45,,08:45,,08:44,08:45,09:00,,,ONTIME,ONTIME,ONTIME,,,,,,,,,,HAN,,PQC,Domestic,VJ,,
2026-05-08|VJ563|A640|HAN-HUI|09:20,2026-05-08,VJ563,A640,A321,HAN-HUI,,09:20,,09:20,,09:19,09:20,09:26,,,ONTIME,ONTIME,ONTIME,,,,,,,,,,HAN,,HUI,Domestic,VJ,,
2026-05-08|VJ7989/VJ7989|A554|VVO-HAN-DAD|09:30,2026-05-08,VJ7989/VJ7989,A554,A321,VVO-HAN-DAD,09:00,09:30,09:00,09:30,09:20,09:46,09:48,09:53,00:30,00:28,DELAY,DELAY,DELAY,DELAY,,93,00:18,,,,,,HAN,VVO,DAD,Domestic,VJ,,
2026-05-08|VJ1926/VJ997|A200|AMD-HAN-DPS|10:05,2026-05-08,VJ1926/VJ997,A200,A321,AMD-HAN-DPS,05:55,10:05,05:55,10:05,06:20,09:55,09:56,09:59,04:10,03:36,EARLY,ONTIME,ONTIME,DELAY,,,,,,,,,HAN,AMD,DPS,International,VJ,,
2026-05-08|VJ126/VJ131|A607|SGN-HAN-SGN|10:10,2026-05-08,VJ126/VJ131,A607,A321,SGN-HAN-SGN,09:40,10:10,09:40,10:10,09:39,10:09,10:10,10:18,00:30,00:31,ONTIME,ONTIME,ONTIME,ONTIME,,,,,,,,,HAN,SGN,SGN,Domestic,VJ,,
2026-05-08|VJ430/VJ463|A655|UIH-HAN-VCA|10:20,2026-05-08,VJ430/VJ463,A655,A320,UIH-HAN-VCA,09:50,10:20,09:50,10:20,10:30,10:52,10:54,10:57,00:30,00:24,DELAY,DELAY,DELAY,DELAY,,93,00:34,,,,,,HAN,UIH,VCA,Domestic,VJ,,
2026-05-08|VJ492/VJ901|A641|BMV-HAN-BKK|11:10,2026-05-08,VJ492/VJ901,A641,A321,BMV-HAN-BKK,10:00,11:10,10:00,11:10,10:25,11:05,11:06,11:15,01:10,00:41,EARLY,ONTIME,ONTIME,DELAY,,,,,,,,,HAN,BMV,BKK,International,VJ,,
2026-05-08|VJ133|A649|HAN-SGN|11:20,2026-05-08,VJ133,A649,A321,HAN-SGN,,11:20,,11:20,,11:19,11:20,11:35,,,ONTIME,ONTIME,ONTIME,,,,,,,,,,HAN,,SGN,Domestic,VJ,,
2026-05-08|VJ524/VJ507|A648|DAD-HAN-DAD|11:30,2026-05-08,VJ524/VJ507,A648,A321,DAD-HAN-DAD,10:55,11:30,10:55,11:30,11:20,11:49,11:50,11:55,00:35,00:30,DELAY,DELAY,DELAY,DELAY,,93,00:20,,,,,,HAN,DAD,DAD,Domestic,VJ,,
2026-05-08|VJ770/VJ451|A689|CXR-HAN-PQC|11:45,2026-05-08,VJ770/VJ451,A689,A320,CXR-HAN-PQC,09:55,11:45,09:55,11:45,10:15,11:44,11:45,11:53,01:50,01:30,ONTIME,ONTIME,ONTIME,DELAY,,,,,,,,,HAN,CXR,PQC,Domestic,VJ,,
2026-05-08|VJ130/VJ775|A672|SGN-HAN-CXR|11:45,2026-05-08,VJ130/VJ775,A672,A320,SGN-HAN-CXR,10:50,11:45,10:50,11:45,10:50,11:44,11:45,11:50,00:55,00:55,ONTIME,ONTIME,ONTIME,ONTIME,,,,,,,,,HAN,SGN,CXR,Domestic,VJ,,
2026-05-08|VJ981/VJ515|A698|PUS-HAN-DAD|12:10,2026-05-08,VJ981/VJ515,A698,A321,PUS-HAN-DAD,10:40,12:10,10:40,12:10,10:45,12:04,12:05,12:10,01:30,01:20,EARLY,ONTIME,ONTIME,ONTIME,,,,,,,,,HAN,PUS,DAD,Domestic,VJ,,
2026-05-08|VJ128/VJ137|A668|SGN-HAN-SGN|12:20,2026-05-08,VJ128/VJ137,A668,A320,SGN-HAN-SGN,11:50,12:20,11:50,12:20,12:06,12:30,12:31,12:35,00:30,00:25,DELAY,ONTIME,ONTIME,DELAY,,93,00:11,,,,,,HAN,SGN,SGN,Domestic,VJ,,
2026-05-08|VJ122/VJ453|A538|SGN-HAN-PQC|13:00,2026-05-08,VJ122/VJ453,A538,A321,SGN-HAN-PQC,09:05,13:00,09:05,13:00,09:05,12:59,13:00,13:05,03:55,03:55,ONTIME,ONTIME,ONTIME,ONTIME,,,,,,,,,HAN,SGN,PQC,Domestic,VJ,,
2026-05-08|VJ564/VJ787|A640|HUI-HAN-CXR|13:10,2026-05-08,VJ564/VJ787,A640,A321,HUI-HAN-CXR,12:20,13:10,12:20,13:10,12:25,13:07,13:08,13:10,00:50,00:43,EARLY,ONTIME,ONTIME,ONTIME,,,,,,,,,HAN,HUI,CXR,Domestic,VJ,,
2026-05-08|VJ959/VJ948|A630|FUK-HAN-RMQ|13:30,2026-05-08,VJ959/VJ948,A630,A321,FUK-HAN-RMQ,11:25,13:30,11:25,13:30,11:55,13:28,13:29,13:30,02:05,01:34,EARLY,ONTIME,ONTIME,DELAY,,,,,,,,,HAN,FUK,RMQ,International,VJ,,
2026-05-08|VJ7615/VJ7615|A580|BQS-HAN-CXR|14:15,2026-05-08,VJ7615/VJ7615,A580,A321,BQS-HAN-CXR,13:45,14:15,13:45,15:00,14:20,14:40,14:41,14:45,01:15,00:21,EARLY,ONTIME,DELAY,DELAY,,,,,,,,,HAN,BQS,CXR,Domestic,VJ,,
2026-05-08|VJ939/VJ942|A674|KIX-HAN-TPE|14:25,2026-05-08,VJ939/VJ942,A674,A321,KIX-HAN-TPE,12:20,14:25,12:20,14:25,12:57,14:21,14:23,14:27,02:05,01:26,EARLY,ONTIME,ONTIME,DELAY,,,,,,,,,HAN,KIX,TPE,International,VJ,,
2026-05-08|VJ921/VJ946|A551|NGO-HAN-KHH|14:35,2026-05-08,VJ921/VJ946,A551,A321,NGO-HAN-KHH,12:50,14:35,12:50,14:35,13:11,14:32,14:33,14:34,01:45,01:22,EARLY,ONTIME,ONTIME,DELAY,,,,,,,,,HAN,NGO,KHH,International,VJ,,
2026-05-08|VJ1504/VJ1505|A629|DAD-HAN-DAD|14:35,2026-05-08,VJ1504/VJ1505,A629,A321,DAD-HAN-DAD,14:00,14:35,14:00,14:35,14:30,14:59,15:00,15:05,00:35,00:30,DELAY,DELAY,DELAY,DELAY,,93,00:25,,,,,,HAN,DAD,DAD,Domestic,VJ,,
2026-05-08|VJ933/VJ145|A575|NRT-HAN-SGN|14:40,2026-05-08,VJ933/VJ145,A575,A321,NRT-HAN-SGN,13:05,14:40,13:05,14:40,13:05,14:39,14:40,14:43,01:35,01:35,ONTIME,ONTIME,ONTIME,ONTIME,,,,,,,,,HAN,NRT,SGN,Domestic,VJ,,
2026-05-08|VJ440/VJ511|A526|PQC-HAN-DAD|15:05,2026-05-08,VJ440/VJ511,A526,A321,PQC-HAN-DAD,13:30,15:05,13:30,15:05,13:55,15:03,15:04,15:15,01:35,01:09,EARLY,ONTIME,ONTIME,DELAY,,,,,,,,,HAN,PQC,DAD,Domestic,VJ,,
2026-05-08|VJ136/VJ423|A649|SGN-HAN-PXU|15:05,2026-05-08,VJ136/VJ423,A649,A321,SGN-HAN-PXU,14:10,15:05,14:10,15:05,14:21,15:04,15:05,15:20,00:55,00:44,ONTIME,ONTIME,ONTIME,ONTIME,,,,,,,,ARRANGE PAX IN CABIN,HAN,SGN,PXU,Domestic,VJ,,
2026-05-08|VJ196/VJ439|A699|SGN-HAN-UIH|15:40,2026-05-08,VJ196/VJ439,A699,A320,SGN-HAN-UIH,12:40,15:40,12:40,15:40,12:40,15:29,15:40,15:45,03:00,03:00,ONTIME,ONTIME,ONTIME,ONTIME,,,,,,,,,HAN,SGN,UIH,Domestic,VJ,,
2026-05-08|VJ510/VJ147|A537|DAD-HAN-SGN|15:45,2026-05-08,VJ510/VJ147,A537,A321,DAD-HAN-SGN,14:45,15:45,14:45,15:45,15:25,16:04,16:05,16:10,01:00,00:40,DELAY,DELAY,DELAY,DELAY,,93,00:10,66,00:10,,,CHANGE CREW HN OB 1537 DUE TO A/C LATE ARR,HAN,DAD,SGN,Domestic,VJ,,
2026-05-08|VJ961/VJ567|A661|ICN-HAN-HUI|15:55,2026-05-08,VJ961/VJ567,A661,A321,ICN-HAN-HUI,13:35,15:55,13:35,15:55,13:17,15:54,15:55,15:59,02:20,02:38,ONTIME,ONTIME,ONTIME,ONTIME,,,,,,,,,HAN,ICN,HUI,Domestic,VJ,,
2026-05-08|VJ138/VJ773|A648|SGN-HAN-CXR|16:05,2026-05-08,VJ138/VJ773,A648,A321,SGN-HAN-CXR,15:15,16:05,15:15,16:05,15:20,16:04,16:05,16:15,00:50,00:45,ONTIME,ONTIME,ONTIME,ONTIME,,,,,,,,,HAN,SGN,CXR,Domestic,VJ,,
2026-05-08|VJ913|A667|HAN-SAI|16:20,2026-05-08,VJ913,A667,A321,HAN-SAI,,16:20,,16:20,,16:07,16:08,16:24,,,EARLY,ONTIME,ONTIME,,,,,,,,,,HAN,,SAI,International,VJ,,
2026-05-08|VJ772/VJ1513|A672|CXR-HAN-DAD|16:35,2026-05-08,VJ772/VJ1513,A672,A320,CXR-HAN-DAD,15:55,16:35,15:55,16:35,16:40,17:04,17:05,17:05,00:40,00:25,DELAY,DELAY,DELAY,DELAY,,93,00:30,,,,,,HAN,CXR,DAD,Domestic,VJ,,
2026-05-08|VJ140/VJ151|A544|SGN-HAN-SGN|16:50,2026-05-08,VJ140/VJ151,A544,A321,SGN-HAN-SGN,16:20,16:50,16:20,16:50,16:25,16:54,16:55,17:05,00:30,00:30,DELAY,ONTIME,ONTIME,ONTIME,,93,00:05,,,,,,HAN,SGN,SGN,Domestic,VJ,,
2026-05-08|VJ530/VJ465|A554|DAD-HAN-VCA|17:00,2026-05-08,VJ530/VJ465,A554,A321,DAD-HAN-VCA,16:15,17:00,16:15,17:00,15:55,16:59,17:00,17:05,00:45,01:05,ONTIME,ONTIME,ONTIME,ONTIME,,,,,,,,,HAN,DAD,VCA,Domestic,VJ,,
2026-05-08|VJ5068/VJ5068|A516|CXR-HAN-NOZ|17:00,2026-05-08,VJ5068/VJ5068,A516,A321,CXR-HAN-NOZ,16:25,17:00,16:25,17:00,16:30,16:59,17:00,17:10,00:35,00:30,ONTIME,ONTIME,ONTIME,ONTIME,,,,,,,,,HAN,CXR,NOZ,International,VJ,,
2026-05-08|VJ902/VJ495|A641|BKK-HAN-BMV|17:30,2026-05-08,VJ902/VJ495,A641,A321,BKK-HAN-BMV,15:50,17:30,15:50,17:30,16:20,17:29,17:30,17:33,01:40,01:10,ONTIME,ONTIME,ONTIME,DELAY,,,,,,,,,HAN,BKK,BMV,Domestic,VJ,,
2026-05-08|VJ530/VJ517|A698|DAD-HAN-DAD|17:45,2026-05-08,VJ530/VJ517,A698,A321,DAD-HAN-DAD,16:15,17:45,16:15,17:45,16:15,17:54,17:55,18:00,01:30,01:40,DELAY,ONTIME,ONTIME,ONTIME,,15A,00:10,,,,,OFFLOAD 07PAX+07BAGS,HAN,DAD,DAD,Domestic,VJ,,
2026-05-08|VJ454/VJ1153|A689|PQC-HAN-SGN|18:05,2026-05-08,VJ454/VJ1153,A689,A320,PQC-HAN-SGN,16:45,18:05,16:45,18:05,16:50,18:04,18:05,18:10,01:20,01:15,ONTIME,ONTIME,ONTIME,ONTIME,,,,,,,,,HAN,PQC,SGN,Domestic,VJ,,
2026-05-08|VJ568/VJ523|A661|HUI-HAN-DAD|19:40,2026-05-08,VJ568/VJ523,A661,A321,HUI-HAN-DAD,18:55,19:40,18:55,19:40,19:05,19:39,19:40,19:45,00:45,00:35,ONTIME,ONTIME,ONTIME,ONTIME,,,,,,,,,HAN,HUI,DAD,Domestic,VJ,,
2026-05-08|VJ144/VJ907|A553|SGN-HAN-BOM|20:05,2026-05-08,VJ144/VJ907,A553,A321,SGN-HAN-BOM,17:45,20:05,17:45,20:05,18:10,19:57,19:58,20:00,02:20,01:48,EARLY,ONTIME,ONTIME,DELAY,,,,,,,,,HAN,SGN,BOM,International,VJ,,
2026-05-08|VJ456/VJ455|A538|PQC-HAN-PQC|20:05,2026-05-08,VJ456/VJ455,A538,A321,PQC-HAN-PQC,17:45,20:05,17:45,20:05,17:40,19:57,19:58,20:00,02:20,02:18,EARLY,ONTIME,ONTIME,ONTIME,,,,,,,,,HAN,PQC,PQC,Domestic,VJ,,
2026-05-08|VJ150/VJ161|A661|SGN-HAN-SGN|20:55,2026-05-08,VJ150/VJ161,A661,A321,SGN-HAN-SGN,19:50,20:55,19:50,20:55,19:05,20:54,20:55,21:00,01:05,01:50,ONTIME,ONTIME,ONTIME,ONTIME,,,,,,,,,HAN,SGN,SGN,Domestic,VJ,,
2026-05-08|VJ154/VJ163|A633|SGN-HAN-SGN|21:25,2026-05-08,VJ154/VJ163,A633,A321,SGN-HAN-SGN,20:55,21:25,20:55,21:25,21:15,21:44,21:45,21:55,00:30,00:30,DELAY,DELAY,DELAY,DELAY,,93,00:20,,,,,,HAN,SGN,SGN,Domestic,VJ,,
2026-05-08|VJ520/VJ1527|A636|DAD-HAN-DAD|21:25,2026-05-08,VJ520/VJ1527,A636,A321,DAD-HAN-DAD,20:55,21:25,20:55,21:25,20:40,21:19,21:20,21:25,00:30,00:40,EARLY,ONTIME,ONTIME,ONTIME,,,,,,,,,HAN,DAD,DAD,Domestic,VJ,,
2026-05-08|VJ150/VJ962|A575|SGN-HAN-ICN|23:15,2026-05-08,VJ150/VJ962,A575,A321,SGN-HAN-ICN,19:50,23:15,19:50,23:15,20:08,23:14,23:15,23:25,03:25,03:07,ONTIME,ONTIME,ONTIME,DELAY,,,,,,,,,HAN,SGN,ICN,International,VJ,,
2026-05-09|VJ932|A521|HAN-NRT|00:30,2026-05-09,VJ932,A521,A321,HAN-NRT,,00:30,,00:30,,00:23,00:25,00:25,,,EARLY,ONTIME,ONTIME,,,,,,,,,,HAN,,NRT,International,VJ,,
2026-05-09|VJ7706/VJ7706|A580|CXR-HAN-KHV|01:05,2026-05-09,VJ7706/VJ7706,A580,A321,CXR-HAN-KHV,00:35,01:05,00:35,01:05,00:35,01:04,01:05,01:15,00:30,00:30,ONTIME,ONTIME,ONTIME,ONTIME,,,,,,,,,HAN,CXR,KHV,International,VJ,,
2026-05-09|VJ938|A674|HAN-KIX|01:20,2026-05-09,VJ938,A674,A321,HAN-KIX,,01:20,,01:20,,01:19,01:20,01:22,,,ONTIME,ONTIME,ONTIME,,,,,,,,,,HAN,,KIX,International,VJ,,
2026-05-09|VJ960|A200|HAN-ICN|01:40,2026-05-09,VJ960,A200,A321,HAN-ICN,,01:40,,01:40,,01:37,01:38,01:40,,,EARLY,ONTIME,ONTIME,,,,,,,,,,HAN,,ICN,International,VJ,,
2026-05-09|VJ920|A551|HAN-NGO|01:40,2026-05-09,VJ920,A551,A321,HAN-NGO,,01:40,,01:40,,01:32,01:33,01:34,,,EARLY,ONTIME,ONTIME,,,,,,,,,,HAN,,NGO,International,VJ,,
2026-05-09|VJ958|A667|HAN-FUK|02:05,2026-05-09,VJ958,A667,A321,HAN-FUK,,02:05,,02:05,,01:48,01:50,01:55,,,EARLY,ONTIME,ONTIME,,,,,,,,,,HAN,,FUK,International,VJ,,
2026-05-09|VJ501|A641|HAN-DAD|05:40,2026-05-09,VJ501,A641,A321,HAN-DAD,,05:40,,05:40,,05:34,05:35,05:40,,,EARLY,ONTIME,ONTIME,,,,,,,,,,HAN,,DAD,Domestic,VJ,,
2026-05-09|VJ771|A550|HAN-CXR|05:45,2026-05-09,VJ771,A550,A321,HAN-CXR,,05:45,,05:45,,05:39,05:40,05:46,,,EARLY,ONTIME,ONTIME,,,,,,,,,,HAN,,CXR,Domestic,VJ,,
2026-05-09|VJ121|A656|HAN-SGN|06:00,2026-05-09,VJ121,A656,A320,HAN-SGN,,06:00,,06:00,,06:09,06:10,06:12,,,DELAY,ONTIME,ONTIME,,,99,00:10,,,,,DL99 WAITING FOR CIPA,HAN,,SGN,Domestic,VJ,,
2026-05-09|VJ431|A675|HAN-UIH|06:05,2026-05-09,VJ431,A675,A320,HAN-UIH,,06:05,,06:05,,05:59,06:00,06:05,,,EARLY,ONTIME,ONTIME,,,,,,,,,,HAN,,UIH,Domestic,VJ,,
2026-05-09|VJ5069/VJ5069|A516|NOZ-HAN-CXR|06:45,2026-05-09,VJ5069/VJ5069,A516,A321,NOZ-HAN-CXR,06:15,06:45,06:15,06:45,06:20,06:35,06:36,06:41,00:30,00:16,EARLY,ONTIME,ONTIME,ONTIME,,,,,,,,,HAN,NOZ,CXR,Domestic,VJ,,
2026-05-09|VJ125|A655|HAN-SGN|07:00,2026-05-09,VJ125,A655,A320,HAN-SGN,,07:00,,07:00,,06:54,06:55,07:00,,,EARLY,ONTIME,ONTIME,,,,,,,,,,HAN,,SGN,Domestic,VJ,,
2026-05-09|VJ197|A635|HAN-SGN|07:20,2026-05-09,VJ197,A635,A321,HAN-SGN,,07:20,,07:20,,07:09,07:10,07:16,,,EARLY,ONTIME,ONTIME,,,,,,,,,,HAN,,SGN,Domestic,VJ,,
2026-05-09|VJ905|A668|HAN-KUL|07:25,2026-05-09,VJ905,A668,A320,HAN-KUL,,07:25,,07:25,,07:12,07:14,07:18,,,EARLY,ONTIME,ONTIME,,,,,,,,,,HAN,,KUL,International,VJ,,
2026-05-09|VJ503|A643|HAN-DAD|07:30,2026-05-09,VJ503,A643,A321,HAN-DAD,,07:30,,07:30,,07:29,07:30,07:35,,,ONTIME,ONTIME,ONTIME,,,,,,,,,,HAN,,DAD,Domestic,VJ,,
2026-05-09|VJ910/VJ929|A553|BOM-HAN-CGK|08:40,2026-05-09,VJ910/VJ929,A553,A321,BOM-HAN-CGK,07:10,08:40,07:10,08:40,07:00,08:26,08:27,08:30,01:30,01:27,EARLY,ONTIME,ONTIME,ONTIME,,,,,,,,,HAN,BOM,CGK,International,VJ,,
2026-05-09|VJ124/VJ129|A650|SGN-HAN-SGN|08:45,2026-05-09,VJ124/VJ129,A650,A320,SGN-HAN-SGN,08:15,08:45,08:15,08:45,08:15,08:44,08:45,08:50,00:30,00:30,ONTIME,ONTIME,ONTIME,ONTIME,,,,,,,,,HAN,SGN,SGN,Domestic,VJ,,
2026-05-09|VJ447|A672|HAN-PQC|08:45,2026-05-09,VJ447,A672,A320,HAN-PQC,,08:45,,08:45,,08:44,08:45,08:49,,,ONTIME,ONTIME,ONTIME,,,,,,,,,,HAN,,PQC,Domestic,VJ,,
2026-05-09|VJ514/VJ563|A641|DAD-HAN-HUI|09:20,2026-05-09,VJ514/VJ563,A641,A321,DAD-HAN-HUI,08:50,09:20,08:50,09:20,09:10,09:29,09:30,09:35,00:30,00:20,DELAY,ONTIME,ONTIME,DELAY,,93,00:10,,,,,,HAN,DAD,HUI,Domestic,VJ,,
2026-05-09|VJ915|A661|HAN-SIN|09:35,2026-05-09,VJ915,A661,A321,HAN-SIN,,09:35,,09:35,,09:30,09:32,09:34,,,EARLY,ONTIME,ONTIME,,,,,,,,,,HAN,,SIN,International,VJ,,
2026-05-09|VJ126/VJ131|A669|SGN-HAN-SGN|10:10,2026-05-09,VJ126/VJ131,A669,A320,SGN-HAN-SGN,09:40,10:10,09:40,10:10,09:50,10:14,10:15,10:25,00:30,00:25,DELAY,ONTIME,ONTIME,ONTIME,,93,00:05,,,,,,HAN,SGN,SGN,Domestic,VJ,,
2026-05-09|VJ463|A689|HAN-VCA|10:20,2026-05-09,VJ463,A689,A320,HAN-VCA,,10:20,,10:20,,10:19,10:20,10:28,,,ONTIME,ONTIME,ONTIME,,,,,,,,,,HAN,,VCA,Domestic,VJ,,
2026-05-09|VJ901|A640|HAN-BKK|11:10,2026-05-09,VJ901,A640,A321,HAN-BKK,,11:10,,11:10,,10:54,10:55,10:57,,,EARLY,ONTIME,ONTIME,,,,,,,,,,HAN,,BKK,International,VJ,,
2026-05-09|VJ963/VJ507|A575|ICN-HAN-DAD|11:10,2026-05-09,VJ963/VJ507,A575,A321,ICN-HAN-DAD,08:55,11:10,08:55,11:10,09:20,11:09,11:10,11:14,02:15,01:50,ONTIME,ONTIME,ONTIME,DELAY,,,,,,,,,HAN,ICN,DAD,Domestic,VJ,,
2026-05-09|VJ1780/VJ1443|A816|CXR-HAN-PQC|11:15,2026-05-09,VJ1780/VJ1443,A816,A330,CXR-HAN-PQC,10:30,11:15,10:30,11:15,10:25,11:14,11:15,11:25,00:45,00:50,ONTIME,ONTIME,ONTIME,ONTIME,,,,,,,,,HAN,CXR,PQC,Domestic,VJ,,
2026-05-09|VJ130/VJ133|A699|SGN-HAN-SGN|11:20,2026-05-09,VJ130/VJ133,A699,A320,SGN-HAN-SGN,10:50,11:20,10:50,11:20,11:00,11:24,11:25,11:30,00:30,00:25,DELAY,ONTIME,ONTIME,ONTIME,,93,00:05,,,,,,HAN,SGN,SGN,Domestic,VJ,,
2026-05-09|VJ430/VJ775|A675|UIH-HAN-CXR|11:45,2026-05-09,VJ430/VJ775,A675,A320,UIH-HAN-CXR,09:50,11:45,09:50,11:45,09:55,11:44,11:45,11:52,01:55,01:50,ONTIME,ONTIME,ONTIME,ONTIME,,,,,,,,,HAN,UIH,CXR,Domestic,VJ,,
2026-05-09|VJ524/VJ515|A643|DAD-HAN-DAD|12:10,2026-05-09,VJ524/VJ515,A643,A321,DAD-HAN-DAD,10:40,12:10,10:40,12:10,10:45,12:04,12:05,12:08,01:30,01:20,EARLY,ONTIME,ONTIME,ONTIME,,,,,,,,,HAN,DAD,DAD,Domestic,VJ,,
2026-05-09|VJ128/VJ137|A655|SGN-HAN-SGN|12:20,2026-05-09,VJ128/VJ137,A655,A320,SGN-HAN-SGN,11:50,12:20,11:50,12:20,11:35,12:14,12:15,12:18,00:30,00:40,EARLY,ONTIME,ONTIME,ONTIME,,,,,,,,,HAN,SGN,SGN,Domestic,VJ,,
2026-05-09|VJ122/VJ453|A542|SGN-HAN-PQC|13:00,2026-05-09,VJ122/VJ453,A542,A321,SGN-HAN-PQC,09:05,13:00,09:05,13:00,08:55,12:58,12:59,13:07,03:55,04:04,EARLY,ONTIME,ONTIME,ONTIME,,,,,,,,,HAN,SGN,PQC,Domestic,VJ,,
2026-05-09|VJ770/VJ787|A550|CXR-HAN-CXR|13:10,2026-05-09,VJ770/VJ787,A550,A321,CXR-HAN-CXR,10:10,13:10,10:10,13:10,10:10,13:09,13:10,13:13,03:00,03:00,ONTIME,ONTIME,ONTIME,ONTIME,,,,,,,,,HAN,CXR,CXR,Domestic,VJ,,
2026-05-09|VJ959/VJ948|A667|FUK-HAN-RMQ|13:40,2026-05-09,VJ959/VJ948,A667,A321,FUK-HAN-RMQ,11:45,13:40,11:45,13:40,11:45,13:27,13:28,13:30,01:55,01:43,EARLY,ONTIME,ONTIME,ONTIME,,,,,,,,,HAN,FUK,RMQ,International,VJ,,
2026-05-09|VJ564/VJ441|A641|HUI-HAN-PQC|14:00,2026-05-09,VJ564/VJ441,A641,A321,HUI-HAN-PQC,12:20,14:00,12:20,14:00,12:35,13:58,14:00,14:05,01:40,01:25,ONTIME,ONTIME,ONTIME,ONTIME,,,,,,,,,HAN,HUI,PQC,Domestic,VJ,,
2026-05-09|VJ1504/VJ1505|A528|DAD-HAN-DAD|14:35,2026-05-09,VJ1504/VJ1505,A528,A321,DAD-HAN-DAD,14:00,14:35,14:00,14:35,14:15,14:44,14:45,14:47,00:35,00:30,DELAY,ONTIME,ONTIME,ONTIME,,93,00:10,,,,,,HAN,DAD,DAD,Domestic,VJ,,
2026-05-09|VJ939/VJ145|A674|KIX-HAN-SGN|14:40,2026-05-09,VJ939/VJ145,A674,A321,KIX-HAN-SGN,12:20,14:40,12:20,14:40,12:35,14:38,14:40,14:41,02:20,02:05,ONTIME,ONTIME,ONTIME,ONTIME,,,,,,,,,HAN,KIX,SGN,Domestic,VJ,,
2026-05-09|VJ7707/VJ7707|A580|KHV-HAN-CXR|14:55,2026-05-09,VJ7707/VJ7707,A580,A321,KHV-HAN-CXR,14:25,14:55,14:25,14:55,14:00,14:50,14:52,15:00,00:30,00:52,EARLY,ONTIME,ONTIME,ONTIME,,,,,,,,,HAN,KHV,CXR,Domestic,VJ,,
2026-05-09|VJ933/VJ511|A521|NRT-HAN-DAD|15:05,2026-05-09,VJ933/VJ511,A521,A321,NRT-HAN-DAD,13:05,15:05,13:05,15:05,13:45,14:59,15:00,15:05,02:00,01:15,EARLY,ONTIME,ONTIME,DELAY,,,,,,,,,HAN,NRT,DAD,Domestic,VJ,,
2026-05-09|VJ961/VJ423|A200|ICN-HAN-PXU|15:05,2026-05-09,VJ961/VJ423,A200,A321,ICN-HAN-PXU,13:35,15:05,13:35,15:05,13:40,15:04,15:05,15:07,01:30,01:25,ONTIME,ONTIME,ONTIME,ONTIME,,,,,,,,,HAN,ICN,PXU,Domestic,VJ,,
2026-05-09|VJ136/VJ439|A656|SGN-HAN-UIH|15:40,2026-05-09,VJ136/VJ439,A656,A320,SGN-HAN-UIH,14:40,15:40,14:40,15:40,14:35,15:28,15:30,15:32,01:00,00:55,EARLY,ONTIME,ONTIME,ONTIME,,,,,,,,,HAN,SGN,UIH,Domestic,VJ,,
2026-05-09|VJ138/VJ147|A650|SGN-HAN-SGN|15:45,2026-05-09,VJ138/VJ147,A650,A320,SGN-HAN-SGN,15:15,15:45,15:15,15:45,15:15,16:19,16:20,16:23,00:30,01:05,DELAY,DELAY,DELAY,ONTIME,,99,00:35,,,,,WAIT FOR CIP A,HAN,SGN,SGN,Domestic,VJ,,
2026-05-09|VJ464/VJ567|A689|VCA-HAN-HUI|15:55,2026-05-09,VJ464/VJ567,A689,A320,VCA-HAN-HUI,15:10,15:55,15:10,15:55,15:20,15:54,15:55,16:03,00:45,00:35,ONTIME,ONTIME,ONTIME,ONTIME,,,,,,,,,HAN,VCA,HUI,Domestic,VJ,,
2026-05-09|VJ510/VJ773|A575|DAD-HAN-CXR|16:00,2026-05-09,VJ510/VJ773,A575,A321,DAD-HAN-CXR,14:35,16:00,14:35,16:00,14:45,15:59,16:00,16:01,01:25,01:15,ONTIME,ONTIME,ONTIME,ONTIME,,,,,,,,,HAN,DAD,CXR,Domestic,VJ,,
2026-05-09|VJ140/VJ151|A669|SGN-HAN-SGN|16:50,2026-05-09,VJ140/VJ151,A669,A320,SGN-HAN-SGN,16:20,16:50,16:20,16:50,16:20,16:49,16:50,16:59,00:30,00:30,ONTIME,ONTIME,ONTIME,ONTIME,,,,,,,,,HAN,SGN,SGN,Domestic,VJ,,
2026-05-09|VJ902/VJ465|A640|BKK-HAN-VCA|17:00,2026-05-09,VJ902/VJ465,A640,A321,BKK-HAN-VCA,15:50,17:00,15:50,17:00,15:50,16:56,16:58,17:01,01:10,01:08,EARLY,ONTIME,ONTIME,ONTIME,,,,,,,,,HAN,BKK,VCA,Domestic,VJ,,
2026-05-09|VJ530/VJ495|A637|DAD-HAN-BMV|17:30,2026-05-09,VJ530/VJ495,A637,A321,DAD-HAN-BMV,16:15,17:30,16:15,17:30,16:20,17:23,17:24,17:27,01:15,01:04,EARLY,ONTIME,ONTIME,ONTIME,,,,,,,,,HAN,DAD,BMV,Domestic,VJ,,
2026-05-09|VJ774/VJ517|A641|CXR-HAN-DAD|18:00,2026-05-09,VJ774/VJ517,A641,A321,CXR-HAN-DAD,17:30,18:00,17:30,18:00,17:35,18:04,18:05,18:10,00:30,00:30,DELAY,ONTIME,ONTIME,ONTIME,,,,,,,,,HAN,CXR,DAD,Domestic,VJ,,
2026-05-09|VJ440/VJ1153|A672|PQC-HAN-SGN|18:05,2026-05-09,VJ440/VJ1153,A672,A320,PQC-HAN-SGN,13:30,18:05,13:30,18:05,13:30,17:59,18:00,18:01,04:35,04:30,EARLY,ONTIME,ONTIME,ONTIME,,,,,,,,,HAN,PQC,SGN,Domestic,VJ,,
2026-05-09|VJ144/VJ1127|A676|SGN-HAN-SGN|19:25,2026-05-09,VJ144/VJ1127,A676,A320,SGN-HAN-SGN,18:05,19:25,18:05,19:25,18:00,19:17,19:18,19:22,01:20,01:18,EARLY,ONTIME,ONTIME,ONTIME,,,,,,,,,HAN,SGN,SGN,Domestic,VJ,,
2026-05-09|VJ1782/VJ971|A814|CXR-HAN-DEL|19:40,2026-05-09,VJ1782/VJ971,A814,A330,CXR-HAN-DEL,15:00,19:40,15:00,19:40,15:10,19:33,19:34,19:35,04:40,04:24,EARLY,ONTIME,ONTIME,ONTIME,,,,,,,,,HAN,CXR,DEL,International,VJ,,
2026-05-09|VJ442/VJ523|A672|PQC-HAN-DAD|19:40,2026-05-09,VJ442/VJ523,A672,A320,PQC-HAN-DAD,19:05,19:40,19:05,19:40,18:55,19:31,19:32,19:34,00:35,00:37,EARLY,ONTIME,ONTIME,ONTIME,,,,,,,,,HAN,PQC,DAD,Domestic,VJ,,
2026-05-09|VJ1925|A551|HAN-AMD|19:45,2026-05-09,VJ1925,A551,A321,HAN-AMD,,19:45,,19:45,,19:40,19:41,19:43,,,EARLY,ONTIME,ONTIME,,,,,,,,,,HAN,,AMD,International,VJ,,
2026-05-09|VJ772/VJ7712|A675|CXR-HAN-PKX|19:55,2026-05-09,VJ772/VJ7712,A675,A320,CXR-HAN-PKX,15:55,19:55,15:55,19:55,16:20,19:44,19:45,19:50,04:00,03:25,EARLY,ONTIME,ONTIME,DELAY,,,,,,,,,HAN,CXR,PKX,International,VJ,,
2026-05-09|VJ776/VJ161|A580|CXR-HAN-SGN|20:55,2026-05-09,VJ776/VJ161,A580,A321,CXR-HAN-SGN,20:25,20:55,20:25,20:55,20:35,21:09,21:10,21:15,00:30,00:35,DELAY,ONTIME,DELAY,ONTIME,,93,00:10,66,00:05,,,LATE ARR/ CHANGE CREW FROM VJ150 OB 2045,HAN,CXR,SGN,Domestic,VJ,,
2026-05-09|VJ7238|A668|HAN-PVG|21:15,2026-05-09,VJ7238,A668,A320,HAN-PVG,,21:15,,21:15,,21:13,21:14,21:15,,,EARLY,ONTIME,ONTIME,,,,,,,,,,HAN,,PVG,International,VJ,,
2026-05-09|VJ154/VJ163|A642|SGN-HAN-SGN|21:25,2026-05-09,VJ154/VJ163,A642,A321,SGN-HAN-SGN,20:55,21:25,20:55,21:25,20:50,21:16,21:17,21:19,00:30,00:27,EARLY,ONTIME,ONTIME,ONTIME,,,,,,,,,HAN,SGN,SGN,Domestic,VJ,,
2026-05-09|VJ150/VJ1527|A633|SGN-HAN-DAD|21:25,2026-05-09,VJ150/VJ1527,A633,A321,SGN-HAN-DAD,19:50,21:25,19:50,21:25,19:45,21:24,21:25,21:30,01:35,01:40,ONTIME,ONTIME,ONTIME,ONTIME,,,,,,,,,HAN,SGN,DAD,Domestic,VJ,,
2026-05-09|VJ520/VJ7526|A641|DAD-HAN-CAN|22:30,2026-05-09,VJ520/VJ7526,A641,A321,DAD-HAN-CAN,21:10,22:30,21:10,22:30,21:35,22:21,22:22,22:24,01:20,00:47,EARLY,ONTIME,ONTIME,DELAY,,,,,,,,,HAN,DAD,CAN,International,VJ,,
2026-05-09|VJ167|A646|HAN-SGN|22:45,2026-05-09,VJ167,A646,A321,HAN-SGN,,22:45,,22:45,,22:43,22:45,22:47,,,ONTIME,ONTIME,ONTIME,,,,,,,,,,HAN,,SGN,Domestic,VJ,,
2026-05-10|VJ932|A200|HAN-NRT|00:30,2026-05-10,VJ932,A200,A321,HAN-NRT,,00:30,,00:30,,00:24,00:25,00:30,,,EARLY,ONTIME,ONTIME,,,,,,,,,,HAN,,NRT,International,VJ,,
2026-05-10|VJ7658/VJ7658|A554|DAD-HAN-BQS|00:30,2026-05-10,VJ7658/VJ7658,A554,A321,DAD-HAN-BQS,23:50,00:30,23:50,00:30,23:55,00:24,00:25,00:30,00:40,00:30,EARLY,ONTIME,ONTIME,ONTIME,,,,,,,,,HAN,DAD,BQS,International,VJ,,
2026-05-10|VJ7704/VJ7704|A575|CXR-HAN-VVO|00:55,2026-05-10,VJ7704/VJ7704,A575,A321,CXR-HAN-VVO,00:15,00:55,00:15,00:55,00:35,01:13,01:15,01:22,00:40,00:40,DELAY,DELAY,DELAY,DELAY,,93,00:20,,,,,,HAN,CXR,VVO,International,VJ,,
2026-05-10|VJ982|A667|HAN-PUS|01:05,2026-05-10,VJ982,A667,A321,HAN-PUS,,01:05,,01:05,,01:04,01:05,01:10,,,ONTIME,ONTIME,ONTIME,,,,,,,,,,HAN,,PUS,International,VJ,,
2026-05-10|VJ938|A674|HAN-KIX|01:20,2026-05-10,VJ938,A674,A321,HAN-KIX,,01:20,,01:20,,01:14,01:15,01:19,,,EARLY,ONTIME,ONTIME,,,,,,,,,,HAN,,KIX,International,VJ,,
2026-05-10|VJ960|A535|HAN-ICN|01:40,2026-05-10,VJ960,A535,A321,HAN-ICN,,01:40,,01:40,,01:37,01:38,01:42,,,EARLY,ONTIME,ONTIME,,,,,,,,,,HAN,,ICN,International,VJ,,
2026-05-10|VJ920|A553|HAN-NGO|01:40,2026-05-10,VJ920,A553,A321,HAN-NGO,,01:40,,01:40,,01:37,01:38,01:43,,,EARLY,ONTIME,ONTIME,,,,,,,,,,HAN,,NGO,International,VJ,,
2026-05-10|VJ1980|A662|HAN-FSZ|02:40,2026-05-10,VJ1980,A662,A320,HAN-FSZ,,02:40,,02:40,,02:29,02:30,02:34,,,EARLY,ONTIME,ONTIME,,,,,,,,,,HAN,,FSZ,International,VJ,,
2026-05-10|VJ501|A550|HAN-DAD|05:40,2026-05-10,VJ501,A550,A321,HAN-DAD,,05:40,,05:40,,05:34,05:35,05:40,,,EARLY,ONTIME,ONTIME,,,,,,,,,,HAN,,DAD,Domestic,VJ,,
2026-05-10|VJ771|A643|HAN-CXR|05:45,2026-05-10,VJ771,A643,A321,HAN-CXR,,05:45,,05:45,,05:39,05:40,05:50,,,EARLY,ONTIME,ONTIME,,,,,,,,,,HAN,,CXR,Domestic,VJ,,
2026-05-10|VJ491|A524|HAN-BMV|06:00,2026-05-10,VJ491,A524,A321,HAN-BMV,,06:00,,06:00,,05:54,05:55,06:02,,,EARLY,ONTIME,ONTIME,,,,,,,,,,HAN,,BMV,Domestic,VJ,,
2026-05-10|VJ121|A661|HAN-SGN|06:00,2026-05-10,VJ121,A661,A321,HAN-SGN,,06:00,,06:00,,05:54,05:55,06:04,,,EARLY,ONTIME,ONTIME,,,,,,,,,,HAN,,SGN,Domestic,VJ,,
2026-05-10|VJ431|A689|HAN-UIH|06:05,2026-05-10,VJ431,A689,A320,HAN-UIH,,06:05,,06:05,,05:54,05:55,06:03,,,EARLY,ONTIME,ONTIME,,,,,,,,,,HAN,,UIH,Domestic,VJ,,
2026-05-10|VJ952|A672|HAN-HIJ|06:15,2026-05-10,VJ952,A672,A320,HAN-HIJ,,06:15,,06:15,,06:09,06:10,06:15,,,EARLY,ONTIME,ONTIME,,,,,,,,,,HAN,,HIJ,International,VJ,,
2026-05-10|VJ7713/VJ125|A675|PKX-HAN-SGN|07:00,2026-05-10,VJ7713/VJ125,A675,A320,PKX-HAN-SGN,03:55,07:00,03:55,07:00,04:05,06:54,06:55,07:02,03:05,02:50,EARLY,ONTIME,ONTIME,ONTIME,,,,,,,,,HAN,PKX,SGN,Domestic,VJ,,
2026-05-10|VJ7527/VJ421|A637|CAN-HAN-PXU|07:10,2026-05-10,VJ7527/VJ421,A637,A321,CAN-HAN-PXU,03:05,07:10,03:05,07:10,03:05,07:02,07:03,07:10,04:05,03:58,EARLY,ONTIME,ONTIME,ONTIME,,,,,,,,,HAN,CAN,PXU,Domestic,VJ,,
2026-05-10|VJ197|A641|HAN-SGN|07:20,2026-05-10,VJ197,A641,A321,HAN-SGN,,07:20,,07:20,,07:11,07:12,07:14,,,EARLY,ONTIME,ONTIME,,,,,,,,,,HAN,,SGN,Domestic,VJ,,
2026-05-10|VJ7239/VJ905|A668|PVG-HAN-KUL|07:25,2026-05-10,VJ7239/VJ905,A668,A320,PVG-HAN-KUL,04:50,07:25,04:50,07:25,04:55,07:18,07:19,07:21,02:35,02:24,EARLY,ONTIME,ONTIME,ONTIME,,,,,,,,,HAN,PVG,KUL,International,VJ,,
2026-05-10|VJ503|A521|HAN-DAD|07:30,2026-05-10,VJ503,A521,A321,HAN-DAD,,07:30,,07:30,,07:24,07:14,07:33,,,EARLY,ONTIME,ONTIME,,,,,,,,,,HAN,,DAD,Domestic,VJ,,
2026-05-10|VJ934|A548|HAN-NRT|07:55,2026-05-10,VJ934,A548,A321,HAN-NRT,,07:55,,07:55,,07:49,07:50,07:57,,,EARLY,ONTIME,ONTIME,,,,,,,,,,HAN,,NRT,International,VJ,,
2026-05-10|VJ929|A640|HAN-CGK|08:40,2026-05-10,VJ929,A640,A321,HAN-CGK,,08:40,,08:40,,08:39,08:40,08:45,,,ONTIME,ONTIME,ONTIME,,,,,,,,,,HAN,,CGK,International,VJ,,
2026-05-10|VJ124/VJ129|A655|SGN-HAN-SGN|08:45,2026-05-10,VJ124/VJ129,A655,A320,SGN-HAN-SGN,08:15,08:45,08:15,09:20,09:15,09:44,09:45,09:45,01:05,00:30,DELAY,DELAY,DELAY,DELAY,,93,00:20,41,00:05,,,FUEL SYSTEM ERROR,HAN,SGN,SGN,Domestic,VJ,,
2026-05-10|VJ447|A539|HAN-PQC|08:45,2026-05-10,VJ447,A539,A321,HAN-PQC,,08:45,,08:45,,08:42,08:43,08:45,,,EARLY,ONTIME,ONTIME,,,,,,,,,,HAN,,PQC,Domestic,VJ,,
2026-05-10|VJ505|A630|HAN-DAD|09:05,2026-05-10,VJ505,A630,A321,HAN-DAD,,09:05,,09:05,,09:04,09:05,09:13,,,ONTIME,ONTIME,ONTIME,,,,,,,,,,HAN,,DAD,Domestic,VJ,,
2026-05-10|VJ972/VJ1781|A814|DEL-HAN-CXR|09:10,2026-05-10,VJ972/VJ1781,A814,A330,DEL-HAN-CXR,05:40,09:10,05:40,09:10,05:40,09:08,09:10,09:12,03:30,03:30,ONTIME,ONTIME,ONTIME,ONTIME,,,,,,,,,HAN,DEL,CXR,Domestic,VJ,,
2026-05-10|VJ514/VJ563|A550|DAD-HAN-HUI|09:20,2026-05-10,VJ514/VJ563,A550,A321,DAD-HAN-HUI,08:50,09:20,08:50,09:20,08:50,09:19,09:20,09:24,00:30,00:30,ONTIME,ONTIME,ONTIME,ONTIME,,,,,,,,,HAN,DAD,HUI,Domestic,VJ,,
2026-05-10|VJ1926/VJ915|A551|AMD-HAN-SIN|09:35,2026-05-10,VJ1926/VJ915,A551,A321,AMD-HAN-SIN,05:55,09:35,05:55,09:35,06:20,09:34,09:35,09:37,03:40,03:15,ONTIME,ONTIME,ONTIME,DELAY,,,,,,,,,HAN,AMD,SIN,International,VJ,,
2026-05-10|VJ997|A542|HAN-DPS|10:05,2026-05-10,VJ997,A542,A321,HAN-DPS,,10:05,,10:05,,10:01,10:02,10:08,,,EARLY,ONTIME,ONTIME,,,,,,,,,,HAN,,DPS,International,VJ,,
2026-05-10|VJ126/VJ131|A651|SGN-HAN-SGN|10:10,2026-05-10,VJ126/VJ131,A651,A321,SGN-HAN-SGN,09:40,10:10,09:40,10:10,09:55,10:24,10:25,10:25,00:30,00:30,DELAY,ONTIME,ONTIME,ONTIME,,93,00:15,,,,,,HAN,SGN,SGN,Domestic,VJ,,
2026-05-10|VJ430/VJ463|A689|UIH-HAN-VCA|10:30,2026-05-10,VJ430/VJ463,A689,A320,UIH-HAN-VCA,09:50,10:30,09:50,10:30,09:37,10:29,10:30,10:39,00:40,00:53,ONTIME,ONTIME,ONTIME,ONTIME,,,,,,,,,HAN,UIH,VCA,Domestic,VJ,,
2026-05-10|VJ770/VJ901|A643|CXR-HAN-BKK|11:10,2026-05-10,VJ770/VJ901,A643,A321,CXR-HAN-BKK,09:55,11:10,09:55,11:10,10:25,11:09,11:10,11:12,01:15,00:45,ONTIME,ONTIME,ONTIME,DELAY,,,,,,,,,HAN,CXR,BKK,International,VJ,,
2026-05-10|VJ492/VJ507|A524|BMV-HAN-DAD|11:10,2026-05-10,VJ492/VJ507,A524,A321,BMV-HAN-DAD,10:00,11:10,10:00,11:10,10:10,11:02,11:04,11:06,01:10,00:54,EARLY,ONTIME,ONTIME,ONTIME,,,,,,,,,HAN,BMV,DAD,Domestic,VJ,,
2026-05-10|VJ130/VJ133|A676|SGN-HAN-SGN|11:20,2026-05-10,VJ130/VJ133,A676,A320,SGN-HAN-SGN,10:50,11:20,10:50,11:20,11:05,11:29,11:30,11:35,00:30,00:25,DELAY,ONTIME,ONTIME,ONTIME,,93,00:10,,,,,,HAN,SGN,SGN,Domestic,VJ,,
2026-05-10|VJ422/VJ451|A637|PXU-HAN-PQC|11:45,2026-05-10,VJ422/VJ451,A637,A321,PXU-HAN-PQC,10:50,11:45,10:50,11:45,10:55,11:39,11:40,11:45,00:55,00:45,EARLY,ONTIME,ONTIME,ONTIME,,,,,,,,,HAN,PXU,PQC,Domestic,VJ,,
2026-05-10|VJ524/VJ515|A521|DAD-HAN-DAD|12:10,2026-05-10,VJ524/VJ515,A521,A321,DAD-HAN-DAD,10:40,12:10,10:40,12:10,11:00,11:59,12:00,12:02,01:30,01:00,EARLY,ONTIME,ONTIME,DELAY,,,,,,,,,HAN,DAD,DAD,Domestic,VJ,,
2026-05-10|VJ128/VJ137|A663|SGN-HAN-SGN|12:20,2026-05-10,VJ128/VJ137,A663,A320,SGN-HAN-SGN,11:50,12:20,11:50,12:20,12:00,12:24,12:25,12:30,00:30,00:25,DELAY,ONTIME,ONTIME,ONTIME,,93,00:05,,,,,,HAN,SGN,SGN,Domestic,VJ,,
2026-05-10|VJ1501|A815|HAN-DAD|12:30,2026-05-10,VJ1501,A815,A330,HAN-DAD,,12:30,,12:30,,12:24,12:25,12:36,,,EARLY,ONTIME,ONTIME,,,,,,,,,,HAN,,DAD,Domestic,VJ,,
2026-05-10|VJ506/VJ453|A630|DAD-HAN-PQC|13:00,2026-05-10,VJ506/VJ453,A630,A321,DAD-HAN-PQC,12:15,13:00,12:15,13:00,12:45,13:12,13:13,13:15,00:45,00:28,DELAY,ONTIME,ONTIME,DELAY,,93,00:13,,,,,,HAN,DAD,PQC,Domestic,VJ,,
2026-05-10|VJ198/VJ787|A578|SGN-HAN-CXR|13:25,2026-05-10,VJ198/VJ787,A578,A321,SGN-HAN-CXR,12:40,13:25,12:40,13:25,12:40,13:22,13:23,13:29,00:45,00:43,EARLY,ONTIME,ONTIME,ONTIME,,,,,,,,,HAN,SGN,CXR,Domestic,VJ,,
2026-05-10|VJ7659/VJ7659|A554|BQS-HAN-DAD|13:30,2026-05-10,VJ7659/VJ7659,A554,A321,BQS-HAN-DAD,13:00,13:30,13:00,13:30,13:05,13:29,13:30,13:40,00:30,00:25,ONTIME,ONTIME,ONTIME,ONTIME,,,,,,,,,HAN,BQS,DAD,Domestic,VJ,,
2026-05-10|VJ981/VJ948|A667|PUS-HAN-RMQ|13:30,2026-05-10,VJ981/VJ948,A667,A321,PUS-HAN-RMQ,10:40,13:30,10:40,13:30,10:40,13:26,13:27,13:29,02:50,02:47,EARLY,ONTIME,ONTIME,ONTIME,,,,,,,,,HAN,PUS,RMQ,International,VJ,,
2026-05-10|VJ7705/VJ7705|A575|VVO-HAN-CXR|13:40,2026-05-10,VJ7705/VJ7705,A575,A321,VVO-HAN-CXR,13:10,13:40,13:10,13:40,13:30,13:49,13:50,13:55,00:30,00:20,DELAY,ONTIME,ONTIME,DELAY,,93,00:10,,,,,,HAN,VVO,CXR,Domestic,VJ,,
2026-05-10|VJ564/VJ525|A550|HUI-HAN-DAD|14:05,2026-05-10,VJ564/VJ525,A550,A321,HUI-HAN-DAD,12:20,14:05,12:20,14:05,12:25,13:59,14:00,14:05,01:45,01:35,EARLY,ONTIME,ONTIME,ONTIME,,,,,,,,,HAN,HUI,DAD,Domestic,VJ,,
2026-05-10|VJ939/VJ942|A674|KIX-HAN-TPE|14:25,2026-05-10,VJ939/VJ942,A674,A321,KIX-HAN-TPE,12:20,14:25,12:20,14:25,12:50,14:24,14:25,14:33,02:05,01:35,ONTIME,ONTIME,ONTIME,DELAY,,,,,,,,,HAN,KIX,TPE,International,VJ,,
2026-05-10|VJ921/VJ946|A553|NGO-HAN-KHH|14:35,2026-05-10,VJ921/VJ946,A553,A321,NGO-HAN-KHH,12:50,14:35,12:50,14:35,13:05,14:29,14:30,14:34,01:45,01:25,EARLY,ONTIME,ONTIME,ONTIME,,,,,,,,,HAN,NGO,KHH,International,VJ,,
2026-05-10|VJ1504/VJ1505|A635|DAD-HAN-DAD|14:35,2026-05-10,VJ1504/VJ1505,A635,A321,DAD-HAN-DAD,14:00,14:35,14:00,14:35,14:25,14:49,14:50,14:50,00:35,00:25,DELAY,ONTIME,ONTIME,DELAY,,93,00:15,,,,,,HAN,DAD,DAD,Domestic,VJ,,
2026-05-10|VJ440/VJ145|A539|PQC-HAN-SGN|14:40,2026-05-10,VJ440/VJ145,A539,A321,PQC-HAN-SGN,13:30,14:40,13:30,14:40,13:40,14:37,14:38,14:40,01:10,00:58,EARLY,ONTIME,ONTIME,ONTIME,,,,,,,,,HAN,PQC,SGN,Domestic,VJ,,
2026-05-10|VJ933/VJ511|A200|NRT-HAN-DAD|15:05,2026-05-10,VJ933/VJ511,A200,A321,NRT-HAN-DAD,13:05,15:05,13:05,15:05,13:20,15:00,15:02,15:07,02:00,01:42,EARLY,ONTIME,ONTIME,ONTIME,,,,,,,,,HAN,NRT,DAD,Domestic,VJ,,
2026-05-10|VJ961/VJ423|A535|ICN-HAN-PXU|15:05,2026-05-10,VJ961/VJ423,A535,A321,ICN-HAN-PXU,13:35,15:05,13:35,15:05,13:52,14:58,14:59,15:09,01:30,01:07,EARLY,ONTIME,ONTIME,DELAY,,,,,,,,,HAN,ICN,PXU,Domestic,VJ,,
2026-05-10|VJ1981/VJ439|A662|FSZ-HAN-UIH|15:40,2026-05-10,VJ1981/VJ439,A662,A320,FSZ-HAN-UIH,14:00,15:40,14:00,15:40,13:55,15:30,15:31,15:36,01:40,01:36,EARLY,ONTIME,ONTIME,ONTIME,,,,,,,,,HAN,FSZ,UIH,Domestic,VJ,,
2026-05-10|VJ2924/VJ2924|A552|DAD-HAN-BAX|15:40,2026-05-10,VJ2924/VJ2924,A552,A321,DAD-HAN-BAX,15:10,15:40,15:10,15:40,15:15,15:44,15:45,15:55,00:30,00:30,DELAY,ONTIME,ONTIME,ONTIME,,93,00:05,,,,,,HAN,DAD,BAX,International,VJ,,
2026-05-10|VJ138/VJ147|A699|SGN-HAN-SGN|15:45,2026-05-10,VJ138/VJ147,A699,A320,SGN-HAN-SGN,15:15,15:45,15:15,15:45,15:10,15:44,15:45,15:55,00:30,00:35,ONTIME,ONTIME,ONTIME,ONTIME,,,,,,,,,HAN,SGN,SGN,Domestic,VJ,,
2026-05-10|VJ464/VJ567|A689|VCA-HAN-HUI|16:00,2026-05-10,VJ464/VJ567,A689,A320,VCA-HAN-HUI,15:20,16:00,15:20,16:00,16:00,16:19,16:20,16:23,00:40,00:20,DELAY,DELAY,DELAY,DELAY,,93,00:20,,,,,,HAN,VCA,HUI,Domestic,VJ,,
2026-05-10|VJ136/VJ773|A661|SGN-HAN-CXR|16:00,2026-05-10,VJ136/VJ773,A661,A321,SGN-HAN-CXR,14:10,16:00,14:10,16:00,14:35,15:55,15:56,16:04,01:50,01:21,EARLY,ONTIME,ONTIME,DELAY,,,,,,,,,HAN,SGN,CXR,Domestic,VJ,,
2026-05-10|VJ140/VJ151|A669|SGN-HAN-SGN|16:50,2026-05-10,VJ140/VJ151,A669,A320,SGN-HAN-SGN,16:20,16:50,16:20,16:50,16:15,16:49,16:50,17:00,00:30,00:35,ONTIME,ONTIME,ONTIME,ONTIME,,,,,,,,,HAN,SGN,SGN,Domestic,VJ,,
2026-05-10|VJ510/VJ465|A524|DAD-HAN-VCA|17:00,2026-05-10,VJ510/VJ465,A524,A321,DAD-HAN-VCA,14:35,17:00,14:35,17:00,14:50,16:54,16:55,17:04,02:25,02:05,EARLY,ONTIME,ONTIME,ONTIME,,,,,,,,,HAN,DAD,VCA,Domestic,VJ,,
2026-05-10|VJ902/VJ495|A643|BKK-HAN-BMV|17:30,2026-05-10,VJ902/VJ495,A643,A321,BKK-HAN-BMV,15:50,17:30,15:50,17:30,16:15,17:23,17:25,17:27,01:40,01:10,EARLY,ONTIME,ONTIME,DELAY,,,,,,,,,HAN,BKK,BMV,Domestic,VJ,,
2026-05-10|VJ456/VJ517|A630|PQC-HAN-DAD|17:45,2026-05-10,VJ456/VJ517,A630,A321,PQC-HAN-DAD,17:45,17:45,17:45,18:30,18:20,18:57,18:58,19:00,00:45,00:38,DELAY,DELAY,DELAY,DELAY,,93,00:20,66,00:08,,,CREW OB 1830,HAN,PQC,DAD,Domestic,VJ,,
2026-05-10|VJ1153|A816|HAN-SGN|18:05,2026-05-10,VJ1153,A816,A330,HAN-SGN,,18:05,,18:05,,18:03,18:05,18:07,,,ONTIME,ONTIME,ONTIME,,,,,,,,,,HAN,,SGN,Domestic,VJ,,
2026-05-10|VJ906/VJ1127|A668|KUL-HAN-SGN|19:20,2026-05-10,VJ906/VJ1127,A668,A320,KUL-HAN-SGN,14:40,19:20,14:40,19:20,14:50,19:18,19:19,19:23,04:40,04:29,EARLY,ONTIME,ONTIME,ONTIME,,,,,,,,,HAN,KUL,SGN,Domestic,VJ,,
2026-05-10|VJ774/VJ523|A687|CXR-HAN-DAD|19:40,2026-05-10,VJ774/VJ523,A687,A321,CXR-HAN-DAD,17:45,19:40,17:45,19:40,18:05,19:39,19:40,19:42,01:55,01:35,ONTIME,ONTIME,ONTIME,DELAY,,,,,,,,,HAN,CXR,DAD,Domestic,VJ,,
2026-05-10|VJ512/VJ1925|A200|DAD-HAN-AMD|19:45,2026-05-10,VJ512/VJ1925,A200,A321,DAD-HAN-AMD,18:15,19:45,18:15,19:45,18:55,19:44,19:45,19:55,01:30,00:50,ONTIME,ONTIME,ONTIME,DELAY,,,,,,,,,HAN,DAD,AMD,International,VJ,,
2026-05-10|VJ7614/VJ7614|A575|CXR-HAN-BQS|19:50,2026-05-10,VJ7614/VJ7614,A575,A321,CXR-HAN-BQS,19:20,19:50,19:20,19:50,19:10,19:49,19:50,20:05,00:30,00:40,ONTIME,ONTIME,ONTIME,ONTIME,,,,,,,,,HAN,CXR,BQS,International,VJ,,
2026-05-10|VJ953/VJ7712|A672|HIJ-HAN-PKX|20:00,2026-05-10,VJ953/VJ7712,A672,A320,HIJ-HAN-PKX,16:10,20:00,16:10,20:00,16:35,19:48,19:50,19:51,03:50,03:15,EARLY,ONTIME,ONTIME,DELAY,,,,,,,,,HAN,HIJ,PKX,International,VJ,,
2026-05-10|VJ916/VJ455|A551|SIN-HAN-PQC|20:05,2026-05-10,VJ916/VJ455,A551,A321,SIN-HAN-PQC,17:25,20:05,17:25,20:05,17:35,20:04,20:05,20:11,02:40,02:30,ONTIME,ONTIME,ONTIME,ONTIME,,,,,,,,,HAN,SIN,PQC,Domestic,VJ,,
2026-05-10|VJ530/VJ7815|A698|DAD-HAN-MNL|20:10,2026-05-10,VJ530/VJ7815,A698,A321,DAD-HAN-MNL,16:25,20:10,16:25,20:10,16:50,19:59,20:00,20:10,03:45,03:10,EARLY,ONTIME,ONTIME,DELAY,,,,,,,,,HAN,DAD,MNL,International,VJ,,
2026-05-10|VJ454/VJ161|A637|PQC-HAN-SGN|20:55,2026-05-10,VJ454/VJ161,A637,A321,PQC-HAN-SGN,16:45,20:55,16:45,20:55,16:38,20:49,20:50,20:55,04:10,04:12,EARLY,ONTIME,ONTIME,ONTIME,,,,,,,,,HAN,PQC,SGN,Domestic,VJ,,
2026-05-10|VJ154/VJ163|A642|SGN-HAN-SGN|21:25,2026-05-10,VJ154/VJ163,A642,A321,SGN-HAN-SGN,20:55,21:25,20:55,21:25,21:00,21:29,21:30,21:35,00:30,00:30,DELAY,ONTIME,ONTIME,ONTIME,,93,00:05,,,,,,HAN,SGN,SGN,Domestic,VJ,,
2026-05-10|VJ776/VJ1527|A661|CXR-HAN-DAD|21:25,2026-05-10,VJ776/VJ1527,A661,A321,CXR-HAN-DAD,20:10,21:25,20:10,21:25,20:35,21:20,21:21,21:24,01:15,00:46,EARLY,ONTIME,ONTIME,DELAY,,,,,,,,,HAN,CXR,DAD,Domestic,VJ,,
2026-05-10|VJ935/VJ167|A548|NRT-HAN-SGN|22:45,2026-05-10,VJ935/VJ167,A548,A321,NRT-HAN-SGN,20:05,22:45,20:05,22:45,20:40,22:37,22:39,22:40,02:40,01:59,EARLY,ONTIME,ONTIME,DELAY,,,,,,,,,HAN,NRT,SGN,Domestic,VJ,,
2026-05-10|VJ29|A656|HAN-VTE|05:50,2026-05-10,VJ29,A656,A320,HAN-VTE,,05:50,,05:50,,05:38,05:40,05:48,,,EARLY,ONTIME,ONTIME,,,,,,,,,FERRY,HAN,,VTE,International,VJ,,
2026-05-11|VJ932|A553|HAN-NRT|00:30,2026-05-11,VJ932,A553,A321,HAN-NRT,,00:30,,00:30,,00:22,00:23,00:29,,,EARLY,ONTIME,ONTIME,,,,,,,,,,HAN,,NRT,International,VJ,,
2026-05-11|VJ2978/VJ2978|A537|CXR-HAN-VVO|00:45,2026-05-11,VJ2978/VJ2978,A537,A321,CXR-HAN-VVO,00:15,00:45,00:15,00:45,00:15,00:44,00:45,00:55,00:30,00:30,ONTIME,ONTIME,ONTIME,ONTIME,,,,,,,,,HAN,CXR,VVO,International,VJ,,
2026-05-11|VJ982|A667|HAN-PUS|01:05,2026-05-11,VJ982,A667,A321,HAN-PUS,,01:05,,01:05,,00:51,00:52,00:55,,,EARLY,ONTIME,ONTIME,,,,,,,,,,HAN,,PUS,International,VJ,,
2026-05-11|VJ938|A554|HAN-KIX|01:20,2026-05-11,VJ938,A554,A321,HAN-KIX,,01:20,,01:20,,01:11,01:13,01:20,,,EARLY,ONTIME,ONTIME,,,,,,,,,,HAN,,KIX,International,VJ,,
2026-05-11|VJ960|A670|HAN-ICN|01:40,2026-05-11,VJ960,A670,A321,HAN-ICN,,01:40,,01:40,,01:23,01:25,01:29,,,EARLY,ONTIME,ONTIME,,,,,,,,,,HAN,,ICN,International,VJ,,
2026-05-11|VJ920|A674|HAN-NGO|01:40,2026-05-11,VJ920,A674,A321,HAN-NGO,,01:40,,01:40,,01:32,01:34,01:35,,,EARLY,ONTIME,ONTIME,,,,,,,,,,HAN,,NGO,International,VJ,,
2026-05-11|VJ123|A642|HAN-SGN|05:30,2026-05-11,VJ123,A642,A321,HAN-SGN,,05:30,,05:30,,05:19,05:20,05:22,,,EARLY,ONTIME,ONTIME,,,,,,,,,,HAN,,SGN,Domestic,VJ,,
2026-05-11|VJ7816/VJ501|A698|MNL-HAN-DAD|05:40,2026-05-11,VJ7816/VJ501,A698,A321,MNL-HAN-DAD,03:50,05:40,03:50,05:40,03:40,05:34,05:35,05:37,01:50,01:55,EARLY,ONTIME,ONTIME,ONTIME,,,,,,,,,HAN,MNL,DAD,Domestic,VJ,,
2026-05-11|VJ771|A663|HAN-CXR|05:45,2026-05-11,VJ771,A663,A320,HAN-CXR,,05:45,,05:45,,05:44,05:45,05:55,,,ONTIME,ONTIME,ONTIME,,,,,,,,,,HAN,,CXR,Domestic,VJ,,
2026-05-11|VJ121|A635|HAN-SGN|06:00,2026-05-11,VJ121,A635,A321,HAN-SGN,,06:00,,06:00,,05:54,05:55,06:05,,,EARLY,ONTIME,ONTIME,,,,,,,,,,HAN,,SGN,Domestic,VJ,,
2026-05-11|VJ491|A643|HAN-BMV|06:00,2026-05-11,VJ491,A643,A321,HAN-BMV,,06:00,,06:00,,05:54,05:55,05:04,,,EARLY,ONTIME,ONTIME,,,,,,,,,,HAN,,BMV,Domestic,VJ,,
2026-05-11|VJ431|A662|HAN-UIH|06:05,2026-05-11,VJ431,A662,A320,HAN-UIH,,06:05,,06:05,,05:59,06:00,06:10,,,EARLY,ONTIME,ONTIME,,,,,,,,,,HAN,,UIH,Domestic,VJ,,
2026-05-11|VJ125|A666|HAN-SGN|07:00,2026-05-11,VJ125,A666,A320,HAN-SGN,,07:00,,07:00,,06:51,06:52,06:55,,,EARLY,ONTIME,ONTIME,,,,,,,,,,HAN,,SGN,Domestic,VJ,,
2026-05-11|VJ197|A668|HAN-SGN|07:20,2026-05-11,VJ197,A668,A320,HAN-SGN,,07:20,,07:20,,07:14,07:15,07:21,,,EARLY,ONTIME,ONTIME,,,,,,,,,,HAN,,SGN,Domestic,VJ,,
2026-05-11|VJ503|A687|HAN-DAD|07:30,2026-05-11,VJ503,A687,A321,HAN-DAD,,07:30,,07:30,,07:24,07:25,07:33,,,EARLY,ONTIME,ONTIME,,,,,,,,,,HAN,,DAD,Domestic,VJ,,
2026-05-11|VJ934|A516|HAN-NRT|07:55,2026-05-11,VJ934,A516,A321,HAN-NRT,,07:55,,07:55,,07:43,07:44,07:50,,,EARLY,ONTIME,ONTIME,,,,,,,,,,HAN,,NRT,International,VJ,,
2026-05-11|VJ129|A535|HAN-SGN|08:45,2026-05-11,VJ129,A535,A321,HAN-SGN,,08:45,,08:45,,08:44,08:45,08:50,,,ONTIME,ONTIME,ONTIME,,,,,,,,,,HAN,,SGN,Domestic,VJ,,
2026-05-11|VJ447|A640|HAN-PQC|08:45,2026-05-11,VJ447,A640,A321,HAN-PQC,,08:45,,08:45,,08:39,08:40,08:44,,,EARLY,ONTIME,ONTIME,,,,,,,,,,HAN,,PQC,Domestic,VJ,,
2026-05-11|VJ7615/VJ7615|A575|BQS-HAN-CXR|08:50,2026-05-11,VJ7615/VJ7615,A575,A321,BQS-HAN-CXR,08:20,08:50,08:20,08:50,08:05,08:25,08:26,08:36,00:30,00:21,EARLY,ONTIME,ONTIME,ONTIME,,,,,,,,,HAN,BQS,CXR,Domestic,VJ,,
2026-05-11|VJ2925/VJ2925|A552|BAX-HAN-DAD|09:00,2026-05-11,VJ2925/VJ2925,A552,A321,BAX-HAN-DAD,08:30,09:00,08:30,09:00,08:10,08:46,08:47,08:55,00:30,00:37,EARLY,ONTIME,ONTIME,ONTIME,,,,,,,,,HAN,BAX,DAD,Domestic,VJ,,
2026-05-11|VJ505|A521|HAN-DAD|09:05,2026-05-11,VJ505,A521,A321,HAN-DAD,,09:05,,09:05,,08:59,09:00,09:05,,,EARLY,ONTIME,ONTIME,,,,,,,,,,HAN,,DAD,Domestic,VJ,,
2026-05-11|VJ124/VJ1781|A816|SGN-HAN-CXR|09:10,2026-05-11,VJ124/VJ1781,A816,A330,SGN-HAN-CXR,08:15,09:10,08:15,09:10,08:01,09:09,09:10,09:17,00:55,01:09,ONTIME,ONTIME,ONTIME,ONTIME,,,,,,,,,HAN,SGN,CXR,Domestic,VJ,,
2026-05-11|VJ514/VJ563|A698|DAD-HAN-HUI|09:20,2026-05-11,VJ514/VJ563,A698,A321,DAD-HAN-HUI,08:50,09:20,08:50,09:20,08:55,09:19,09:20,09:21,00:30,00:25,ONTIME,ONTIME,ONTIME,ONTIME,,,,,,,,,HAN,DAD,HUI,Domestic,VJ,,
2026-05-11|VJ1926/VJ997|A200|AMD-HAN-DPS|10:05,2026-05-11,VJ1926/VJ997,A200,A321,AMD-HAN-DPS,05:55,10:05,05:55,10:05,06:28,09:59,10:00,10:07,04:10,03:32,EARLY,ONTIME,ONTIME,DELAY,,,,,,,,,HAN,AMD,DPS,International,VJ,,
2026-05-11|VJ463|A672|HAN-VCA|10:20,2026-05-11,VJ463,A672,A320,HAN-VCA,,10:20,,10:20,,10:14,10:15,10:20,,,EARLY,ONTIME,ONTIME,,,,,,,,,,HAN,,VCA,Domestic,VJ,,
2026-05-11|VJ126/VJ131|A651|SGN-HAN-SGN|10:25,2026-05-11,VJ126/VJ131,A651,A321,SGN-HAN-SGN,09:40,10:25,09:40,10:25,09:25,10:19,10:20,10:25,00:45,00:55,EARLY,ONTIME,ONTIME,ONTIME,,,,,,,,,HAN,SGN,SGN,Domestic,VJ,,
2026-05-11|VJ492/VJ901|A643|BMV-HAN-BKK|11:10,2026-05-11,VJ492/VJ901,A643,A321,BMV-HAN-BKK,10:00,11:10,10:00,11:10,10:00,11:09,11:10,11:13,01:10,01:10,ONTIME,ONTIME,ONTIME,ONTIME,,,,,,,,,HAN,BMV,BKK,International,VJ,,
2026-05-11|VJ524/VJ507|A687|DAD-HAN-DAD|11:15,2026-05-11,VJ524/VJ507,A687,A321,DAD-HAN-DAD,10:40,11:15,10:40,11:15,11:10,11:36,11:37,11:40,00:35,00:27,DELAY,DELAY,DELAY,DELAY,,93,00:22,,,,,,HAN,DAD,DAD,Domestic,VJ,,
2026-05-11|VJ122/VJ133|A649|SGN-HAN-SGN|11:20,2026-05-11,VJ122/VJ133,A649,A321,SGN-HAN-SGN,09:05,11:20,09:05,11:20,09:00,11:14,11:15,11:20,02:15,02:15,EARLY,ONTIME,ONTIME,ONTIME,,,,,,,,,HAN,SGN,SGN,Domestic,VJ,,
2026-05-11|VJ770/VJ451|A663|CXR-HAN-PQC|11:45,2026-05-11,VJ770/VJ451,A663,A320,CXR-HAN-PQC,09:55,11:45,09:55,11:45,10:10,11:43,11:45,11:48,01:50,01:35,ONTIME,ONTIME,ONTIME,ONTIME,,,,,,,,,HAN,CXR,PQC,Domestic,VJ,,
2026-05-11|VJ430/VJ775|A662|UIH-HAN-CXR|11:45,2026-05-11,VJ430/VJ775,A662,A320,UIH-HAN-CXR,09:50,11:45,09:50,11:45,09:55,11:39,11:40,11:43,01:55,01:45,EARLY,ONTIME,ONTIME,ONTIME,,,,,,,,,HAN,UIH,CXR,Domestic,VJ,,
2026-05-11|VJ130/VJ515|A642|SGN-HAN-DAD|12:10,2026-05-11,VJ130/VJ515,A642,A321,SGN-HAN-DAD,10:50,12:10,10:50,12:10,10:50,12:02,12:03,12:12,01:20,01:13,EARLY,ONTIME,ONTIME,ONTIME,,,,,,,,,HAN,SGN,DAD,Domestic,VJ,,
2026-05-11|VJ137|A689|HAN-SGN|12:20,2026-05-11,VJ137,A689,A320,HAN-SGN,,12:20,,12:20,,12:13,12:15,12:17,,,EARLY,ONTIME,ONTIME,,,,,,,,,,HAN,,SGN,Domestic,VJ,,
2026-05-11|VJ506/VJ453|A521|DAD-HAN-PQC|13:00,2026-05-11,VJ506/VJ453,A521,A321,DAD-HAN-PQC,12:15,13:00,12:15,13:00,12:35,12:59,13:00,13:05,00:45,00:25,ONTIME,ONTIME,ONTIME,DELAY,,,,,,,,,HAN,DAD,PQC,Domestic,VJ,,
2026-05-11|VJ564/VJ787|A698|HUI-HAN-CXR|13:10,2026-05-11,VJ564/VJ787,A698,A321,HUI-HAN-CXR,12:20,13:10,12:20,13:10,12:15,13:08,13:09,13:15,00:50,00:54,EARLY,ONTIME,ONTIME,ONTIME,,,,,,,,,HAN,HUI,CXR,Domestic,VJ,,
2026-05-11|VJ2979/VJ2979|A537|VVO-HAN-CXR|13:15,2026-05-11,VJ2979/VJ2979,A537,A321,VVO-HAN-CXR,12:45,13:15,12:45,13:15,12:35,12:51,12:52,12:59,00:30,00:17,EARLY,ONTIME,ONTIME,ONTIME,,,,,,,,,HAN,VVO,CXR,Domestic,VJ,,
2026-05-11|VJ981/VJ948|A667|PUS-HAN-RMQ|13:30,2026-05-11,VJ981/VJ948,A667,A321,PUS-HAN-RMQ,10:40,13:30,10:40,13:30,10:35,13:34,13:35,13:42,02:50,03:00,DELAY,ONTIME,ONTIME,ONTIME,,15A,00:05,,,,,OFFLOAD 02PAX 02BAG,HAN,PUS,RMQ,International,VJ,,
2026-05-11|VJ939/VJ942|A554|KIX-HAN-TPE|14:25,2026-05-11,VJ939/VJ942,A554,A321,KIX-HAN-TPE,12:20,14:25,12:20,14:25,12:50,14:24,14:25,14:30,02:05,01:35,ONTIME,ONTIME,ONTIME,DELAY,,,,,,,,,HAN,KIX,TPE,International,VJ,,
2026-05-11|VJ933/VJ946|A553|NRT-HAN-KHH|14:35,2026-05-11,VJ933/VJ946,A553,A321,NRT-HAN-KHH,13:05,14:35,13:40,14:35,13:35,14:26,14:28,14:36,00:55,00:53,EARLY,ONTIME,ONTIME,DELAY,,,,,,,,,HAN,NRT,KHH,International,VJ,,
2026-05-11|VJ440/VJ1505|A640|PQC-HAN-DAD|14:35,2026-05-11,VJ440/VJ1505,A640,A321,PQC-HAN-DAD,13:30,14:35,13:30,14:35,13:30,14:27,14:28,14:31,01:05,00:58,EARLY,ONTIME,ONTIME,ONTIME,,,,,,,,,HAN,PQC,DAD,Domestic,VJ,,
2026-05-11|VJ198/VJ145|A641|SGN-HAN-SGN|14:40,2026-05-11,VJ198/VJ145,A641,A321,SGN-HAN-SGN,12:40,14:40,12:40,14:40,12:35,14:38,14:40,14:45,02:00,02:05,ONTIME,ONTIME,ONTIME,ONTIME,,,,,,,,,HAN,SGN,SGN,Domestic,VJ,,
2026-05-11|VJ1504/VJ511|A632|DAD-HAN-DAD|15:05,2026-05-11,VJ1504/VJ511,A632,A321,DAD-HAN-DAD,14:00,15:05,14:00,15:05,14:38,15:04,15:05,15:15,01:05,00:27,ONTIME,ONTIME,ONTIME,DELAY,,,,,,,,,HAN,DAD,DAD,Domestic,VJ,,
2026-05-11|VJ921/VJ423|A674|NGO-HAN-PXU|15:05,2026-05-11,VJ921/VJ423,A674,A321,NGO-HAN-PXU,12:50,15:05,12:50,15:05,13:07,15:04,15:05,15:10,02:15,01:58,ONTIME,ONTIME,ONTIME,DELAY,,,,,,,,,HAN,NGO,PXU,Domestic,VJ,,
2026-05-11|VJ128/VJ439|A666|SGN-HAN-UIH|15:40,2026-05-11,VJ128/VJ439,A666,A320,SGN-HAN-UIH,11:50,15:40,11:50,15:40,11:35,15:37,15:38,15:40,03:50,04:03,EARLY,ONTIME,ONTIME,ONTIME,,,,,,,,,HAN,SGN,UIH,Domestic,VJ,,
2026-05-11|VJ138/VJ147|A655|SGN-HAN-SGN|15:45,2026-05-11,VJ138/VJ147,A655,A320,SGN-HAN-SGN,15:15,15:45,15:15,15:45,15:25,15:44,15:45,15:55,00:30,00:20,ONTIME,ONTIME,ONTIME,ONTIME,,,,,,,,,HAN,SGN,SGN,Domestic,VJ,,
2026-05-11|VJ464/VJ567|A672|VCA-HAN-HUI|15:55,2026-05-11,VJ464/VJ567,A672,A320,VCA-HAN-HUI,15:10,15:55,15:10,15:55,15:15,15:52,15:54,15:56,00:45,00:39,EARLY,ONTIME,ONTIME,ONTIME,,,,,,,,,HAN,VCA,HUI,Domestic,VJ,,
2026-05-11|VJ508/VJ773|A642|DAD-HAN-CXR|16:00,2026-05-11,VJ508/VJ773,A642,A321,DAD-HAN-CXR,15:25,16:00,15:25,16:00,15:35,15:59,16:00,16:10,00:35,00:25,ONTIME,ONTIME,ONTIME,ONTIME,,,,,,,,,HAN,DAD,CXR,Domestic,VJ,,
2026-05-11|VJ961/VJ913|A670|ICN-HAN-SAI|16:20,2026-05-11,VJ961/VJ913,A670,A321,ICN-HAN-SAI,13:35,16:20,13:35,16:20,13:45,16:19,16:20,16:28,02:45,02:35,ONTIME,ONTIME,ONTIME,ONTIME,,,,,,,,,HAN,ICN,SAI,International,VJ,,
2026-05-11|VJ772/VJ1513|A662|CXR-HAN-DAD|16:35,2026-05-11,VJ772/VJ1513,A662,A320,CXR-HAN-DAD,15:55,16:35,15:55,16:35,16:15,16:34,16:35,16:39,00:40,00:20,ONTIME,ONTIME,ONTIME,DELAY,,,,,,,,,HAN,CXR,DAD,Domestic,VJ,,
2026-05-11|VJ140/VJ151|A651|SGN-HAN-SGN|16:50,2026-05-11,VJ140/VJ151,A651,A321,SGN-HAN-SGN,16:20,16:50,16:20,16:50,16:20,16:49,16:50,16:59,00:30,00:30,ONTIME,ONTIME,ONTIME,ONTIME,,,,,,,,,HAN,SGN,SGN,Domestic,VJ,,
2026-05-11|VJ136/VJ465|A635|SGN-HAN-VCA|17:00,2026-05-11,VJ136/VJ465,A635,A321,SGN-HAN-VCA,14:20,17:00,15:20,17:00,15:45,16:56,16:57,17:00,01:40,01:12,EARLY,ONTIME,ONTIME,DELAY,,,,,,,,,HAN,SGN,VCA,Domestic,VJ,,
2026-05-11|VJ454/VJ495|A663|PQC-HAN-BMV|17:30,2026-05-11,VJ454/VJ495,A663,A320,PQC-HAN-BMV,16:45,17:30,16:45,17:30,16:35,17:29,17:30,17:37,00:45,00:55,ONTIME,ONTIME,ONTIME,ONTIME,,,,,,,,,HAN,PQC,BMV,Domestic,VJ,,
2026-05-11|VJ510/VJ517|A687|DAD-HAN-DAD|17:45,2026-05-11,VJ510/VJ517,A687,A321,DAD-HAN-DAD,14:35,17:45,14:35,17:45,15:05,17:35,17:37,17:40,03:10,02:32,EARLY,ONTIME,ONTIME,DELAY,,,,,,,,,HAN,DAD,DAD,Domestic,VJ,,
2026-05-11|VJ456/VJ523|A521|PQC-HAN-DAD|19:40,2026-05-11,VJ456/VJ523,A521,A321,PQC-HAN-DAD,18:45,19:40,18:45,19:40,18:20,19:37,19:38,19:40,00:55,01:18,EARLY,ONTIME,ONTIME,ONTIME,,,,,,,,,HAN,PQC,DAD,Domestic,VJ,,
2026-05-11|VJ774/VJ907|A575|CXR-HAN-BOM|20:05,2026-05-11,VJ774/VJ907,A575,A321,CXR-HAN-BOM,17:30,20:05,17:30,20:05,17:50,19:58,19:59,20:02,02:35,02:09,EARLY,ONTIME,ONTIME,DELAY,,,,,,,,,HAN,CXR,BOM,International,VJ,,
2026-05-11|VJ452/VJ455|A551|PQC-HAN-PQC|20:05,2026-05-11,VJ452/VJ455,A551,A321,PQC-HAN-PQC,14:35,20:05,14:35,20:05,14:40,20:02,20:03,20:05,05:30,05:23,EARLY,ONTIME,ONTIME,ONTIME,,,,,,,,,HAN,PQC,PQC,Domestic,VJ,,
2026-05-11|VJ424/VJ161|A674|DAD-HAN-SGN|20:55,2026-05-11,VJ424/VJ161,A674,A321,DAD-HAN-SGN,18:15,20:55,18:45,20:55,18:50,20:51,20:53,20:56,02:10,02:03,EARLY,ONTIME,ONTIME,DELAY,,,,,,,,,HAN,DAD,SGN,Domestic,VJ,,
2026-05-11|VJ568/VJ7238|A672|HUI-HAN-PVG|21:15,2026-05-11,VJ568/VJ7238,A672,A320,HUI-HAN-PVG,18:55,21:15,18:55,21:15,19:00,20:56,20:57,21:05,02:20,01:57,EARLY,ONTIME,ONTIME,ONTIME,,,,,,,,,HAN,HUI,PVG,International,VJ,,
2026-05-11|VJ520/VJ1527|A645|DAD-HAN-DAD|21:25,2026-05-11,VJ520/VJ1527,A645,A321,DAD-HAN-DAD,20:55,21:25,20:55,21:25,20:55,21:24,21:25,21:30,00:30,00:30,ONTIME,ONTIME,ONTIME,ONTIME,,,,,,,,,HAN,DAD,DAD,Domestic,VJ,,
2026-05-11|VJ776/VJ7526|A642|CXR-HAN-CAN|22:30,2026-05-11,VJ776/VJ7526,A642,A321,CXR-HAN-CAN,20:10,22:30,20:10,22:30,20:30,22:29,22:30,22:33,02:20,02:00,ONTIME,ONTIME,ONTIME,DELAY,,,,,,,,,HAN,CXR,CAN,International,VJ,,
2026-05-11|VJ998/VJ167|A200|DPS-HAN-SGN|22:45,2026-05-11,VJ998/VJ167,A200,A321,DPS-HAN-SGN,21:45,22:45,21:45,22:45,21:20,22:30,22:31,22:33,01:00,01:11,EARLY,ONTIME,ONTIME,ONTIME,,,,,,,,,HAN,DPS,SGN,Domestic,VJ,,
2026-05-11|VJ949/VJ962|A667|RMQ-HAN-ICN|23:15,2026-05-11,VJ949/VJ962,A667,A321,RMQ-HAN-ICN,19:50,23:15,19:50,23:15,20:05,23:14,23:15,23:18,03:25,03:10,ONTIME,ONTIME,ONTIME,ONTIME,,,,,,,,,HAN,RMQ,ICN,International,VJ,,
2026-05-12|VJ932|A554|HAN-NRT|00:30,2026-05-12,VJ932,A554,A321,HAN-NRT,,00:30,,00:30,,00:28,00:29,00:30,,,EARLY,ONTIME,ONTIME,,,,,,,,,,HAN,,NRT,International,VJ,,
2026-05-12|VJ938|A516|HAN-KIX|01:20,2026-05-12,VJ938,A516,A321,HAN-KIX,,01:20,,01:20,,01:13,01:14,01:16,,,EARLY,ONTIME,ONTIME,,,,,,,,,,HAN,,KIX,International,VJ,,
2026-05-12|VJ960|A651|HAN-ICN|01:40,2026-05-12,VJ960,A651,A321,HAN-ICN,,01:40,,01:40,,01:35,01:36,01:39,,,EARLY,ONTIME,ONTIME,,,,,,,,,,HAN,,ICN,International,VJ,,
2026-05-12|VJ958|A670|HAN-FUK|02:05,2026-05-12,VJ958,A670,A321,HAN-FUK,,02:05,,02:05,,01:54,01:55,01:56,,,EARLY,ONTIME,ONTIME,,,,,,,,,,HAN,,FUK,International,VJ,,
2026-05-12|VJ1980|A662|HAN-FSZ|02:40,2026-05-12,VJ1980,A662,A320,HAN-FSZ,,02:40,,02:40,,02:23,02:25,02:25,,,EARLY,ONTIME,ONTIME,,,,,,,,,,HAN,,FSZ,International,VJ,,
2026-05-12|VJ501|A643|HAN-DAD|05:40,2026-05-12,VJ501,A643,A321,HAN-DAD,,05:40,,05:40,,05:34,05:35,05:40,,,EARLY,ONTIME,ONTIME,,,,,,,,,,HAN,,DAD,Domestic,VJ,,
2026-05-12|VJ7527/VJ771|A642|CAN-HAN-CXR|05:45,2026-05-12,VJ7527/VJ771,A642,A321,CAN-HAN-CXR,03:05,05:45,03:05,05:45,03:16,05:39,05:40,05:45,02:40,02:24,EARLY,ONTIME,ONTIME,ONTIME,,,,,,,,,HAN,CAN,CXR,Domestic,VJ,,
2026-05-12|VJ121|A542|HAN-SGN|06:00,2026-05-12,VJ121,A542,A321,HAN-SGN,,06:00,,06:00,,05:54,05:55,05:59,,,EARLY,ONTIME,ONTIME,,,,,,,,,,HAN,,SGN,Domestic,VJ,,
2026-05-12|VJ491|A635|HAN-BMV|06:00,2026-05-12,VJ491,A635,A321,HAN-BMV,,06:00,,06:00,,05:54,05:55,05:57,,,EARLY,ONTIME,ONTIME,,,,,,,,,,HAN,,BMV,Domestic,VJ,,
2026-05-12|VJ431|A671|HAN-UIH|06:05,2026-05-12,VJ431,A671,A320,HAN-UIH,,06:05,,06:05,,05:59,06:00,06:05,,,EARLY,ONTIME,ONTIME,,,,,,,,,,HAN,,UIH,Domestic,VJ,,
2026-05-12|VJ952|A663|HAN-HIJ|06:15,2026-05-12,VJ952,A663,A320,HAN-HIJ,,06:15,,06:15,,06:09,06:10,06:20,,,EARLY,ONTIME,ONTIME,,,,,,,,,,HAN,,HIJ,International,VJ,,
2026-05-12|VJ125|A666|HAN-SGN|07:00,2026-05-12,VJ125,A666,A320,HAN-SGN,,07:00,,07:00,,06:54,06:55,07:10,,,EARLY,ONTIME,ONTIME,,,,,,,,,,HAN,,SGN,Domestic,VJ,,
2026-05-12|VJ197|A640|HAN-SGN|07:20,2026-05-12,VJ197,A640,A321,HAN-SGN,,07:20,,07:20,,07:14,07:15,07:24,,,EARLY,ONTIME,ONTIME,,,,,,,,,,HAN,,SGN,Domestic,VJ,,
2026-05-12|VJ905|A676|HAN-KUL|07:25,2026-05-12,VJ905,A676,A320,HAN-KUL,,07:25,,07:25,,07:17,07:18,07:20,,,EARLY,ONTIME,ONTIME,,,,,,,,,,HAN,,KUL,International,VJ,,
2026-05-12|VJ503|A521|HAN-DAD|07:30,2026-05-12,VJ503,A521,A321,HAN-DAD,,07:30,,07:30,,07:24,07:25,07:30,,,EARLY,ONTIME,ONTIME,,,,,,,,,,HAN,,DAD,Domestic,VJ,,
2026-05-12|VJ910/VJ929|A575|BOM-HAN-CGK|08:40,2026-05-12,VJ910/VJ929,A575,A321,BOM-HAN-CGK,07:10,08:40,07:10,08:40,07:10,08:31,08:33,08:33,01:30,01:23,EARLY,ONTIME,ONTIME,ONTIME,,,,,,,,,HAN,BOM,CGK,International,VJ,,
2026-05-12|VJ124/VJ129|A658|SGN-HAN-SGN|08:45,2026-05-12,VJ124/VJ129,A658,A320,SGN-HAN-SGN,08:15,08:45,08:15,08:45,08:25,08:49,08:50,09:00,00:30,00:25,DELAY,ONTIME,ONTIME,ONTIME,,,,,,,,,HAN,SGN,SGN,Domestic,VJ,,
2026-05-12|VJ447|A580|HAN-PQC|08:45,2026-05-12,VJ447,A580,A321,HAN-PQC,,08:45,,08:45,,08:44,08:45,08:50,,,ONTIME,ONTIME,ONTIME,,,,,,,,,,HAN,,PQC,Domestic,VJ,,
2026-05-12|VJ915|A646|HAN-SIN|09:35,2026-05-12,VJ915,A646,A321,HAN-SIN,,09:35,,09:35,,09:24,09:25,09:29,,,EARLY,ONTIME,ONTIME,,,,,,,,,,HAN,,SIN,International,VJ,,
2026-05-12|VJ514/VJ563|A547|DAD-HAN-HUI|09:35,2026-05-12,VJ514/VJ563,A547,A321,DAD-HAN-HUI,09:05,09:35,09:05,09:35,09:20,09:44,09:45,09:50,00:30,00:25,DELAY,ONTIME,ONTIME,ONTIME,,93,00:10,,,,,,HAN,DAD,HUI,Domestic,VJ,,
2026-05-12|VJ126/VJ131|A522|SGN-HAN-SGN|10:10,2026-05-12,VJ126/VJ131,A522,A321,SGN-HAN-SGN,09:40,10:10,09:40,10:10,09:50,10:18,10:19,10:21,00:30,00:29,DELAY,ONTIME,ONTIME,ONTIME,,93,00:09,,,,,,HAN,SGN,SGN,Domestic,VJ,,
2026-05-12|VJ122/VJ463|A535|SGN-HAN-VCA|10:20,2026-05-12,VJ122/VJ463,A535,A321,SGN-HAN-VCA,09:05,10:20,09:05,10:20,09:15,10:15,10:16,10:18,01:15,01:01,EARLY,ONTIME,ONTIME,ONTIME,,,,,,,,,HAN,SGN,VCA,Domestic,VJ,,
2026-05-12|VJ770/VJ901|A642|CXR-HAN-BKK|11:10,2026-05-12,VJ770/VJ901,A642,A321,CXR-HAN-BKK,09:55,11:10,09:55,11:10,10:22,11:08,11:10,11:13,01:15,00:48,ONTIME,ONTIME,ONTIME,DELAY,,,,,,,,,HAN,CXR,BKK,International,VJ,,
2026-05-12|VJ524/VJ507|A661|DAD-HAN-DAD|11:10,2026-05-12,VJ524/VJ507,A661,A321,DAD-HAN-DAD,10:40,11:10,10:40,11:10,10:55,11:24,11:25,11:25,00:30,00:30,DELAY,ONTIME,ONTIME,ONTIME,,93,00:15,,,,,,HAN,DAD,DAD,Domestic,VJ,,
2026-05-12|VJ130/VJ133|A655|SGN-HAN-SGN|11:20,2026-05-12,VJ130/VJ133,A655,A320,SGN-HAN-SGN,10:50,11:20,10:50,11:20,10:50,11:19,11:20,11:30,00:30,00:30,ONTIME,ONTIME,ONTIME,ONTIME,,,,,,,,,HAN,SGN,SGN,Domestic,VJ,,
2026-05-12|VJ430/VJ451|A671|UIH-HAN-PQC|11:45,2026-05-12,VJ430/VJ451,A671,A320,UIH-HAN-PQC,09:50,11:45,09:50,11:45,10:00,11:34,11:35,11:45,01:55,01:35,EARLY,ONTIME,ONTIME,ONTIME,,,,,,,,,HAN,UIH,PQC,Domestic,VJ,,
2026-05-12|VJ515|A553|HAN-DAD|12:10,2026-05-12,VJ515,A553,A321,HAN-DAD,,12:10,,12:10,,12:03,12:05,12:11,,,EARLY,ONTIME,ONTIME,,,,,,,,,,HAN,,DAD,Domestic,VJ,,
2026-05-12|VJ128/VJ137|A666|SGN-HAN-SGN|12:35,2026-05-12,VJ128/VJ137,A666,A320,SGN-HAN-SGN,11:50,12:35,11:50,12:35,12:25,12:54,12:55,13:00,00:45,00:30,DELAY,DELAY,DELAY,DELAY,,93,00:15,66,00:05,,,LATE ARR/CHANGE CREW HN OB 1230,HAN,SGN,SGN,Domestic,VJ,,
2026-05-12|VJ492/VJ453|A635|BMV-HAN-PQC|13:00,2026-05-12,VJ492/VJ453,A635,A321,BMV-HAN-PQC,10:00,13:00,10:00,13:00,10:10,12:59,13:00,13:09,03:00,02:50,ONTIME,ONTIME,ONTIME,ONTIME,,,,,,,,,HAN,BMV,PQC,Domestic,VJ,,
2026-05-12|VJ198/VJ787|A640|SGN-HAN-CXR|13:25,2026-05-12,VJ198/VJ787,A640,A321,SGN-HAN-CXR,12:40,13:25,12:40,13:25,12:40,13:22,13:24,13:25,00:45,00:44,EARLY,ONTIME,ONTIME,ONTIME,,,,,,,,,HAN,SGN,CXR,Domestic,VJ,,
2026-05-12|VJ963/VJ948|A667|ICN-HAN-RMQ|13:30,2026-05-12,VJ963/VJ948,A667,A321,ICN-HAN-RMQ,08:55,13:30,08:55,13:30,09:08,13:27,13:28,13:30,04:35,04:20,EARLY,ONTIME,ONTIME,ONTIME,,,,,,,,,HAN,ICN,RMQ,International,VJ,,
2026-05-12|VJ939/VJ441|A516|KIX-HAN-PQC|14:00,2026-05-12,VJ939/VJ441,A516,A321,KIX-HAN-PQC,12:20,14:00,12:20,14:00,12:35,13:47,13:48,13:54,01:40,01:13,EARLY,ONTIME,ONTIME,ONTIME,,,,,,,,,HAN,KIX,PQC,Domestic,VJ,,
2026-05-12|VJ1504/VJ1505|A644|DAD-HAN-DAD|14:35,2026-05-12,VJ1504/VJ1505,A644,A321,DAD-HAN-DAD,14:00,14:35,14:00,14:35,14:05,14:34,14:35,14:39,00:35,00:30,ONTIME,ONTIME,ONTIME,ONTIME,,,,,,,,,HAN,DAD,DAD,Domestic,VJ,,
2026-05-12|VJ440/VJ145|A551|PQC-HAN-SGN|14:55,2026-05-12,VJ440/VJ145,A551,A321,PQC-HAN-SGN,14:10,14:55,14:10,14:55,14:35,15:22,15:24,15:27,00:45,00:49,DELAY,DELAY,DELAY,DELAY,,93,00:12,15,00:10,99,00:07,LATE ARR/LONG BRD / ARRANGE PAX,HAN,PQC,SGN,Domestic,VJ,,
2026-05-12|VJ933/VJ511|A554|NRT-HAN-DAD|15:05,2026-05-12,VJ933/VJ511,A554,A321,NRT-HAN-DAD,13:05,15:05,13:05,15:05,13:18,14:59,15:00,15:07,02:00,01:42,EARLY,ONTIME,ONTIME,ONTIME,,,,,,,,,HAN,NRT,DAD,Domestic,VJ,,
2026-05-12|VJ1981/VJ423|A662|FSZ-HAN-PXU|15:15,2026-05-12,VJ1981/VJ423,A662,A320,FSZ-HAN-PXU,14:00,15:15,14:00,15:15,14:08,15:08,15:10,15:12,01:15,01:02,EARLY,ONTIME,ONTIME,ONTIME,,,,,,,,,HAN,FSZ,PXU,Domestic,VJ,,
2026-05-12|VJ906/VJ439|A676|KUL-HAN-UIH|15:40,2026-05-12,VJ906/VJ439,A676,A320,KUL-HAN-UIH,14:40,15:40,14:40,15:40,14:45,15:39,15:40,15:47,01:00,00:55,ONTIME,ONTIME,ONTIME,ONTIME,,,,,,,,,HAN,KUL,UIH,Domestic,VJ,,
2026-05-12|VJ138/VJ147|A650|SGN-HAN-SGN|15:45,2026-05-12,VJ138/VJ147,A650,A320,SGN-HAN-SGN,15:15,15:45,15:15,15:45,15:20,15:49,15:50,16:00,00:30,00:30,DELAY,ONTIME,ONTIME,ONTIME,,99,00:05,,,,,SUPPORT LOADING CARGO TRANSIT,HAN,SGN,SGN,Domestic,VJ,,
2026-05-12|VJ464/VJ567|A535|VCA-HAN-HUI|15:55,2026-05-12,VJ464/VJ567,A535,A321,VCA-HAN-HUI,15:10,15:55,15:10,15:55,15:15,15:48,15:50,15:52,00:45,00:35,EARLY,ONTIME,ONTIME,ONTIME,,,,,,,,,HAN,VCA,HUI,Domestic,VJ,,
2026-05-12|VJ508/VJ773|A553|DAD-HAN-CXR|16:00,2026-05-12,VJ508/VJ773,A553,A321,DAD-HAN-CXR,15:25,16:00,15:25,16:00,15:35,15:59,16:00,16:05,00:35,00:25,ONTIME,ONTIME,ONTIME,ONTIME,,,,,,,,,HAN,DAD,CXR,Domestic,VJ,,
2026-05-12|VJ140/VJ151|A699|SGN-HAN-SGN|16:50,2026-05-12,VJ140/VJ151,A699,A320,SGN-HAN-SGN,16:20,16:50,16:20,16:50,16:15,16:49,16:50,16:53,00:30,00:35,ONTIME,ONTIME,ONTIME,ONTIME,,,,,,,,,HAN,SGN,SGN,Domestic,VJ,,
2026-05-12|VJ902/VJ465|A642|BKK-HAN-VCA|17:00,2026-05-12,VJ902/VJ465,A642,A321,BKK-HAN-VCA,15:50,17:00,15:50,17:00,16:00,16:52,16:53,17:00,01:10,00:53,EARLY,ONTIME,ONTIME,ONTIME,,,,,,,,,HAN,BKK,VCA,Domestic,VJ,,
2026-05-12|VJ530/VJ495|A549|DAD-HAN-BMV|17:30,2026-05-12,VJ530/VJ495,A549,A321,DAD-HAN-BMV,16:15,17:30,16:15,17:30,16:05,17:19,17:20,17:25,01:15,01:15,EARLY,ONTIME,ONTIME,ONTIME,,,,,,,,,HAN,DAD,BMV,Domestic,VJ,,
2026-05-12|VJ517|A670|HAN-DAD|17:45,2026-05-12,VJ517,A670,A321,HAN-DAD,,17:45,,17:45,,17:40,17:41,17:47,,,EARLY,ONTIME,ONTIME,,,,,,,,,,HAN,,DAD,Domestic,VJ,,
2026-05-12|VJ1153|A815|HAN-SGN|18:05,2026-05-12,VJ1153,A815,A330,HAN-SGN,,18:05,,18:05,,17:53,17:55,18:00,,,EARLY,ONTIME,ONTIME,,,,,,,,,,HAN,,SGN,Domestic,VJ,,
2026-05-12|VJ136/VJ1127|A542|SGN-HAN-SGN|19:20,2026-05-12,VJ136/VJ1127,A542,A321,SGN-HAN-SGN,18:30,19:20,14:10,19:20,14:40,19:19,19:20,19:22,05:10,04:40,ONTIME,ONTIME,ONTIME,ONTIME,,,,,,,,,HAN,SGN,SGN,Domestic,VJ,,
2026-05-12|VJ1780/VJ971|A814|CXR-HAN-DEL|19:40,2026-05-12,VJ1780/VJ971,A814,A330,CXR-HAN-DEL,15:20,19:40,15:20,19:40,15:30,19:39,19:40,19:45,04:20,04:10,ONTIME,ONTIME,ONTIME,ONTIME,,,,,,,,,HAN,CXR,DEL,International,VJ,,
2026-05-12|VJ454/VJ523|A671|PQC-HAN-DAD|19:40,2026-05-12,VJ454/VJ523,A671,A320,PQC-HAN-DAD,16:45,19:40,16:45,19:40,16:50,19:31,19:33,19:35,02:55,02:43,EARLY,ONTIME,ONTIME,ONTIME,,,,,,,,,HAN,PQC,DAD,Domestic,VJ,,
2026-05-12|VJ1925|A651|HAN-AMD|19:45,2026-05-12,VJ1925,A651,A321,HAN-AMD,,19:45,,19:45,,19:42,19:43,19:45,,,EARLY,ONTIME,ONTIME,,,,,,,,,,HAN,,AMD,International,VJ,,
2026-05-12|VJ424/VJ161|A662|PXU-HAN-SGN|20:55,2026-05-12,VJ424/VJ161,A662,A320,PXU-HAN-SGN,18:55,20:55,18:55,20:55,18:50,20:51,20:52,20:59,02:00,02:02,EARLY,ONTIME,ONTIME,ONTIME,,,,,,,,,HAN,PXU,SGN,Domestic,VJ,,
2026-05-12|VJ520/VJ1527|A633|DAD-HAN-DAD|21:25,2026-05-12,VJ520/VJ1527,A633,A321,DAD-HAN-DAD,20:55,21:25,20:55,21:25,20:50,21:24,21:25,21:30,00:30,00:35,ONTIME,ONTIME,ONTIME,ONTIME,,,,,,,,,HAN,DAD,DAD,Domestic,VJ,,
2026-05-12|VJ144/VJ167|A666|SGN-HAN-SGN|22:45,2026-05-12,VJ144/VJ167,A666,A320,SGN-HAN-SGN,18:05,22:45,18:05,22:45,18:00,22:44,22:45,22:52,04:40,04:45,ONTIME,ONTIME,ONTIME,ONTIME,,,,,,,,,HAN,SGN,SGN,Domestic,VJ,,
2026-05-12|VJ5068/VJ5068|A537|CXR-HAN-NOZ|22:45,2026-05-12,VJ5068/VJ5068,A537,A321,CXR-HAN-NOZ,22:10,22:45,22:10,22:45,22:12,22:42,22:43,22:48,00:35,00:31,EARLY,ONTIME,ONTIME,ONTIME,,,,,,,,,HAN,CXR,NOZ,International,VJ,,
2026-05-13|VJ932|A549|HAN-NRT|00:30,2026-05-13,VJ932,A549,A321,HAN-NRT,,00:30,,00:30,,00:29,00:30,00:40,,,ONTIME,ONTIME,ONTIME,,,,,,,,,,HAN,,NRT,International,VJ,,
2026-05-13|VJ982|A667|HAN-PUS|01:05,2026-05-13,VJ982,A667,A321,HAN-PUS,,01:05,,01:05,,01:09,01:10,01:15,,,DELAY,ONTIME,ONTIME,,,15A,00:05,,,,,OFFLOAD 01PAX 01BAG,HAN,,PUS,International,VJ,,
2026-05-13|VJ7706/VJ7706|A537|CXR-HAN-KHV|01:05,2026-05-13,VJ7706/VJ7706,A537,A321,CXR-HAN-KHV,00:35,01:05,00:35,01:05,00:35,01:04,01:05,01:06,00:30,00:30,ONTIME,ONTIME,ONTIME,ONTIME,,,,,,,,,HAN,CXR,KHV,International,VJ,,
2026-05-13|VJ938|A516|HAN-KIX|01:20,2026-05-13,VJ938,A516,A321,HAN-KIX,,01:20,,01:20,,00:16,01:17,01:22,,,EARLY,ONTIME,ONTIME,,,,,,,,,,HAN,,KIX,International,VJ,,
2026-05-13|VJ960|A648|HAN-ICN|01:40,2026-05-13,VJ960,A648,A321,HAN-ICN,,01:40,,01:40,,01:39,01:40,01:43,,,ONTIME,ONTIME,ONTIME,,,,,,,,,,HAN,,ICN,International,VJ,,
2026-05-13|VJ920|A674|HAN-NGO|01:40,2026-05-13,VJ920,A674,A321,HAN-NGO,,01:40,,01:40,,01:39,01:40,01:41,,,ONTIME,ONTIME,ONTIME,,,,,,,,,,HAN,,NGO,International,VJ,,
2026-05-13|VJ123|A646|HAN-SGN|05:30,2026-05-13,VJ123,A646,A321,HAN-SGN,,05:30,,05:30,,05:29,05:30,05:40,,,ONTIME,ONTIME,ONTIME,,,,,,,,,,HAN,,SGN,Domestic,VJ,,
2026-05-13|VJ501|A550|HAN-DAD|05:40,2026-05-13,VJ501,A550,A321,HAN-DAD,,05:40,,05:40,,05:34,05:35,05:41,,,EARLY,ONTIME,ONTIME,,,,,,,,,,HAN,,DAD,Domestic,VJ,,
2026-05-13|VJ121|A635|HAN-SGN|06:00,2026-05-13,VJ121,A635,A321,HAN-SGN,,06:00,,06:00,,05:54,05:55,05:58,,,EARLY,ONTIME,ONTIME,,,,,,,,,,HAN,,SGN,Domestic,VJ,,
2026-05-13|VJ431|A676|HAN-UIH|06:05,2026-05-13,VJ431,A676,A320,HAN-UIH,,06:05,,06:05,,05:58,06:00,06:03,,,EARLY,ONTIME,ONTIME,,,,,,,,,,HAN,,UIH,Domestic,VJ,,
2026-05-13|VJ197|A663|HAN-SGN|07:20,2026-05-13,VJ197,A663,A320,HAN-SGN,,07:20,,07:20,,07:14,07:15,07:25,,,EARLY,ONTIME,ONTIME,,,,,,,,,,HAN,,SGN,Domestic,VJ,,
2026-05-13|VJ503|A551|HAN-DAD|07:30,2026-05-13,VJ503,A551,A321,HAN-DAD,,07:30,,07:30,,07:24,07:25,07:27,,,EARLY,ONTIME,ONTIME,,,,,,,,,,HAN,,DAD,Domestic,VJ,,
2026-05-13|VJ934|A575|HAN-NRT|07:55,2026-05-13,VJ934,A575,A321,HAN-NRT,,07:55,,07:55,,07:49,07:50,07:55,,,EARLY,ONTIME,ONTIME,,,,,,,,,,HAN,,NRT,International,VJ,,
2026-05-13|VJ929|A647|HAN-CGK|08:40,2026-05-13,VJ929,A647,A321,HAN-CGK,,08:40,,08:40,,08:39,08:40,08:41,,,ONTIME,ONTIME,ONTIME,,,,,,,,,,HAN,,CGK,International,VJ,,
2026-05-13|VJ447|A671|HAN-PQC|08:45,2026-05-13,VJ447,A671,A320,HAN-PQC,,08:45,,08:45,,08:44,08:45,08:49,,,ONTIME,ONTIME,ONTIME,,,,,,,,,,HAN,,PQC,Domestic,VJ,,
2026-05-13|VJ505|A672|HAN-DAD|09:05,2026-05-13,VJ505,A672,A320,HAN-DAD,,09:05,,09:05,,08:59,09:00,09:05,,,EARLY,ONTIME,ONTIME,,,,,,,,,,HAN,,DAD,Domestic,VJ,,
2026-05-13|VJ514/VJ563|A550|DAD-HAN-HUI|09:20,2026-05-13,VJ514/VJ563,A550,A321,DAD-HAN-HUI,08:50,09:20,08:50,09:20,08:55,09:34,09:35,09:43,00:30,00:40,DELAY,ONTIME,DELAY,ONTIME,,93,00:05,15A,00:10,,,OFFLOAD 13PAX 05BAG,HAN,DAD,HUI,Domestic,VJ,,
2026-05-13|VJ126/VJ131|A637|SGN-HAN-SGN|10:10,2026-05-13,VJ126/VJ131,A637,A321,SGN-HAN-SGN,09:40,10:10,09:40,10:10,09:25,10:04,10:05,10:08,00:30,00:40,EARLY,ONTIME,ONTIME,ONTIME,,,,,,,,,HAN,SGN,SGN,Domestic,VJ,,
2026-05-13|VJ463|A650|HAN-VCA|10:20,2026-05-13,VJ463,A650,A320,HAN-VCA,,10:20,,10:20,,10:12,10:13,10:15,,,EARLY,ONTIME,ONTIME,,,,,,,,,,HAN,,VCA,Domestic,VJ,,
2026-05-13|VJ997|A524|HAN-DPS|10:25,2026-05-13,VJ997,A524,A321,HAN-DPS,,10:25,,10:25,,10:22,10:23,10:25,,,EARLY,ONTIME,ONTIME,,,,,,,,,,HAN,,DPS,International,VJ,,
2026-05-13|VJ972/VJ1443|A814|DEL-HAN-PQC|11:10,2026-05-13,VJ972/VJ1443,A814,A330,DEL-HAN-PQC,05:40,11:10,05:40,11:10,05:30,11:05,11:06,11:11,05:30,05:36,EARLY,ONTIME,ONTIME,ONTIME,,,,,,,,,HAN,DEL,PQC,Domestic,VJ,,
2026-05-13|VJ1926/VJ901|A651|AMD-HAN-BKK|11:10,2026-05-13,VJ1926/VJ901,A651,A321,AMD-HAN-BKK,05:55,11:10,05:55,11:10,05:50,11:08,11:10,11:13,05:15,05:20,ONTIME,ONTIME,ONTIME,ONTIME,,,,,,,,,HAN,AMD,BKK,International,VJ,,
2026-05-13|VJ524/VJ507|A551|DAD-HAN-DAD|11:10,2026-05-13,VJ524/VJ507,A551,A321,DAD-HAN-DAD,10:40,11:10,10:40,11:10,10:55,11:23,11:24,11:25,00:30,00:29,DELAY,ONTIME,ONTIME,ONTIME,,93,00:14,,,,,,HAN,DAD,DAD,Domestic,VJ,,
2026-05-13|VJ130/VJ133|A669|SGN-HAN-SGN|11:20,2026-05-13,VJ130/VJ133,A669,A320,SGN-HAN-SGN,10:50,11:20,10:50,11:20,10:45,11:19,11:20,11:28,00:30,00:35,ONTIME,ONTIME,ONTIME,ONTIME,,,,,,,,,HAN,SGN,SGN,Domestic,VJ,,
2026-05-13|VJ430/VJ451|A676|UIH-HAN-PQC|11:45,2026-05-13,VJ430/VJ451,A676,A320,UIH-HAN-PQC,09:50,11:45,09:50,11:45,09:35,11:38,11:40,11:45,01:55,02:05,EARLY,ONTIME,ONTIME,ONTIME,,,,,,,,,HAN,UIH,PQC,Domestic,VJ,,
2026-05-13|VJ515|A642|HAN-DAD|12:10,2026-05-13,VJ515,A642,A321,HAN-DAD,,12:10,,12:10,,12:02,12:03,12:09,,,EARLY,ONTIME,ONTIME,,,,,,,,,,HAN,,DAD,Domestic,VJ,,
2026-05-13|VJ137|A699|HAN-SGN|12:20,2026-05-13,VJ137,A699,A320,HAN-SGN,,12:20,,12:20,,12:16,12:17,12:22,,,EARLY,ONTIME,ONTIME,,,,,,,,,,HAN,,SGN,Domestic,VJ,,
2026-05-13|VJ1501|A810|HAN-DAD|12:30,2026-05-13,VJ1501,A810,A330,HAN-DAD,,12:30,,12:30,,12:28,12:30,12:33,,,ONTIME,ONTIME,ONTIME,,,,,,,,,,HAN,,DAD,Domestic,VJ,,
2026-05-13|VJ5069/VJ5069|A553|NOZ-HAN-CXR|12:30,2026-05-13,VJ5069/VJ5069,A553,A321,NOZ-HAN-CXR,12:00,12:30,12:00,12:30,12:00,12:19,12:20,12:30,00:30,00:20,EARLY,ONTIME,ONTIME,ONTIME,,,,,,,,,HAN,NOZ,CXR,Domestic,VJ,,
2026-05-13|VJ122/VJ771|A655|SGN-HAN-CXR|12:50,2026-05-13,VJ122/VJ771,A655,A320,SGN-HAN-CXR,09:05,12:50,09:05,13:30,08:45,13:20,13:21,13:30,04:25,04:36,EARLY,ONTIME,DELAY,ONTIME,,,,,,,,CTOT 1351,HAN,SGN,CXR,Domestic,VJ,,
2026-05-13|VJ775|A673|HAN-CXR|12:55,2026-05-13,VJ775,A673,A321,HAN-CXR,,12:55,,13:40,,13:31,13:32,13:39,,,EARLY,ONTIME,DELAY,,,,,,,,,CTOT 1358,HAN,,CXR,Domestic,VJ,,
2026-05-13|VJ506/VJ453|A672|DAD-HAN-PQC|13:00,2026-05-13,VJ506/VJ453,A672,A320,DAD-HAN-PQC,12:15,13:00,12:15,13:00,12:28,12:54,12:56,12:57,00:45,00:28,EARLY,ONTIME,ONTIME,ONTIME,,,,,,,,,HAN,DAD,PQC,Domestic,VJ,,
2026-05-13|VJ564/VJ787|A550|HUI-HAN-CXR|13:10,2026-05-13,VJ564/VJ787,A550,A321,HUI-HAN-CXR,12:20,13:10,12:20,14:20,12:50,14:16,14:17,14:19,02:00,01:27,EARLY,ONTIME,DELAY,DELAY,,,,,,,,,HAN,HUI,CXR,Domestic,VJ,,
2026-05-13|VJ981/VJ948|A667|PUS-HAN-RMQ|13:30,2026-05-13,VJ981/VJ948,A667,A321,PUS-HAN-RMQ,10:40,13:30,10:40,13:30,10:30,13:27,13:28,13:30,02:50,02:58,EARLY,ONTIME,ONTIME,ONTIME,,,,,,,,,HAN,PUS,RMQ,International,VJ,,
2026-05-13|VJ942|A684|HAN-TPE|14:25,2026-05-13,VJ942,A684,A321,HAN-TPE,,14:25,,14:25,,14:37,14:38,14:40,,,DELAY,ONTIME,ONTIME,,,84,00:15,,,,,CTOT 1455,HAN,,TPE,International,VJ,,
2026-05-13|VJ921/VJ946|A674|NGO-HAN-KHH|14:35,2026-05-13,VJ921/VJ946,A674,A321,NGO-HAN-KHH,09:25,14:35,09:25,14:35,12:45,14:29,14:30,14:31,05:10,01:45,EARLY,ONTIME,ONTIME,DELAY,,,,,,,,,HAN,NGO,KHH,International,VJ,,
2026-05-13|VJ1504/VJ1505|A528|DAD-HAN-DAD|14:35,2026-05-13,VJ1504/VJ1505,A528,A321,DAD-HAN-DAD,14:00,14:35,14:00,15:00,14:30,14:59,15:00,15:05,01:00,00:30,ONTIME,ONTIME,DELAY,DELAY,,,,,,,,,HAN,DAD,DAD,Domestic,VJ,,
2026-05-13|VJ198/VJ145|A663|SGN-HAN-SGN|14:40,2026-05-13,VJ198/VJ145,A663,A320,SGN-HAN-SGN,12:40,14:40,12:40,14:40,12:35,14:38,14:40,14:40,02:00,02:05,ONTIME,ONTIME,ONTIME,ONTIME,,,,,,,,,HAN,SGN,SGN,Domestic,VJ,,
2026-05-13|VJ7707/VJ7707|A537|KHV-HAN-CXR|14:55,2026-05-13,VJ7707/VJ7707,A537,A321,KHV-HAN-CXR,14:25,14:55,14:25,14:55,14:15,14:33,14:34,14:55,00:30,00:19,EARLY,ONTIME,ONTIME,ONTIME,,,,,,,,,HAN,KHV,CXR,Domestic,VJ,,
2026-05-13|VJ511|A547|HAN-DAD|15:05,2026-05-13,VJ511,A547,A321,HAN-DAD,,15:05,,15:05,,15:04,15:05,15:07,,,ONTIME,ONTIME,ONTIME,,,,,,,,,,HAN,,DAD,Domestic,VJ,,
2026-05-13|VJ939/VJ423|A516|KIX-HAN-PXU|15:05,2026-05-13,VJ939/VJ423,A516,A321,KIX-HAN-PXU,12:20,15:05,12:20,15:05,12:30,15:04,15:05,15:07,02:45,02:35,ONTIME,ONTIME,ONTIME,ONTIME,,,,,,,,,HAN,KIX,PXU,Domestic,VJ,,
2026-05-13|VJ464/VJ439|A650|VCA-HAN-UIH|15:40,2026-05-13,VJ464/VJ439,A650,A320,VCA-HAN-UIH,15:10,15:40,15:10,15:40,15:25,15:47,15:48,15:50,00:30,00:23,DELAY,ONTIME,ONTIME,ONTIME,,93,00:08,,,,,,HAN,VCA,UIH,Domestic,VJ,,
2026-05-13|VJ138/VJ147|A646|SGN-HAN-SGN|15:45,2026-05-13,VJ138/VJ147,A646,A321,SGN-HAN-SGN,15:15,15:45,15:15,15:45,15:20,15:49,15:50,15:55,00:30,00:30,DELAY,ONTIME,ONTIME,ONTIME,,93,00:05,,,,,,HAN,SGN,SGN,Domestic,VJ,,
2026-05-13|VJ440/VJ567|A671|PQC-HAN-HUI|15:55,2026-05-13,VJ440/VJ567,A671,A320,PQC-HAN-HUI,13:30,15:55,13:30,15:55,13:55,15:54,15:55,15:58,02:25,02:00,ONTIME,ONTIME,ONTIME,DELAY,,,,,,,,,HAN,PQC,HUI,Domestic,VJ,,
2026-05-13|VJ508/VJ773|A642|DAD-HAN-CXR|16:00,2026-05-13,VJ508/VJ773,A642,A321,DAD-HAN-CXR,15:25,16:00,15:25,16:00,15:35,16:04,16:05,16:15,00:35,00:30,DELAY,ONTIME,ONTIME,ONTIME,,93,00:05,,,,,,HAN,DAD,CXR,Domestic,VJ,,
2026-05-13|VJ961/VJ913|A648|ICN-HAN-SAI|16:20,2026-05-13,VJ961/VJ913,A648,A321,ICN-HAN-SAI,13:35,16:20,13:35,16:20,13:35,16:13,16:20,16:27,02:45,02:45,ONTIME,ONTIME,ONTIME,ONTIME,,,,,,,,,HAN,ICN,SAI,International,VJ,,
2026-05-13|VJ510/VJ1513|A551|DAD-HAN-DAD|16:35,2026-05-13,VJ510/VJ1513,A551,A321,DAD-HAN-DAD,14:35,16:35,14:35,16:35,15:10,16:26,16:27,16:35,02:00,01:17,EARLY,ONTIME,ONTIME,DELAY,,,,,,,,,HAN,DAD,DAD,Domestic,VJ,,
2026-05-13|VJ140/VJ151|A662|SGN-HAN-SGN|16:50,2026-05-13,VJ140/VJ151,A662,A320,SGN-HAN-SGN,16:20,16:50,16:20,16:50,16:30,16:54,16:55,17:00,00:30,00:25,DELAY,ONTIME,ONTIME,ONTIME,,93,00:05,,,,,,HAN,SGN,SGN,Domestic,VJ,,
2026-05-13|VJ902/VJ465|A651|BKK-HAN-VCA|17:00,2026-05-13,VJ902/VJ465,A651,A321,BKK-HAN-VCA,15:50,17:00,15:50,17:00,16:00,16:59,17:00,17:04,01:10,01:00,ONTIME,ONTIME,ONTIME,ONTIME,,,,,,,,,HAN,BKK,VCA,Domestic,VJ,,
2026-05-13|VJ452/VJ495|A644|PQC-HAN-BMV|17:30,2026-05-13,VJ452/VJ495,A644,A321,PQC-HAN-BMV,16:05,17:30,16:05,17:30,16:10,17:27,17:28,17:35,01:25,01:18,EARLY,ONTIME,ONTIME,ONTIME,,,,,,,,,HAN,PQC,BMV,Domestic,VJ,,
2026-05-13|VJ530/VJ517|A636|DAD-HAN-DAD|17:45,2026-05-13,VJ530/VJ517,A636,A321,DAD-HAN-DAD,16:15,17:45,16:15,17:45,16:20,17:42,17:43,17:45,01:30,01:23,EARLY,ONTIME,ONTIME,ONTIME,,,,,,,,,HAN,DAD,DAD,Domestic,VJ,,
2026-05-13|VJ454/VJ1153|A676|PQC-HAN-SGN|18:05,2026-05-13,VJ454/VJ1153,A676,A321,PQC-HAN-SGN,16:45,18:05,16:45,18:05,16:56,17:56,17:57,18:05,01:20,01:01,EARLY,ONTIME,ONTIME,ONTIME,,,,,,,,,HAN,PQC,SGN,Domestic,VJ,,
2026-05-13|VJ512/VJ1127|A524|DAD-HAN-SGN|19:20,2026-05-13,VJ512/VJ1127,A524,A321,DAD-HAN-SGN,18:15,19:20,18:15,19:20,18:35,19:14,19:15,19:19,01:05,00:40,EARLY,ONTIME,ONTIME,DELAY,,,,,,,,,HAN,DAD,SGN,Domestic,VJ,,
2026-05-13|VJ568/VJ523|A671|HUI-HAN-DAD|19:40,2026-05-13,VJ568/VJ523,A671,A320,HUI-HAN-DAD,18:55,19:40,18:55,19:40,19:15,19:39,19:40,19:44,00:45,00:25,ONTIME,ONTIME,ONTIME,DELAY,,,,,,,,,HAN,HUI,DAD,Domestic,VJ,,
2026-05-13|VJ456/VJ7712|A672|PQC-HAN-PKX|19:55,2026-05-13,VJ456/VJ7712,A672,A320,PQC-HAN-PKX,17:45,19:55,17:45,19:55,18:00,19:51,19:52,19:58,02:10,01:52,EARLY,ONTIME,ONTIME,ONTIME,,,,,,,,,HAN,PQC,PKX,International,VJ,,
2026-05-13|VJ424/VJ907|A516|PXU-HAN-BOM|20:05,2026-05-13,VJ424/VJ907,A516,A321,PXU-HAN-BOM,18:45,20:05,18:45,20:05,18:40,20:02,20:03,20:07,01:20,01:23,EARLY,ONTIME,ONTIME,ONTIME,,,,,,,,,HAN,PXU,BOM,International,VJ,,
2026-05-13|VJ144/VJ455|A538|SGN-HAN-PQC|20:05,2026-05-13,VJ144/VJ455,A538,A321,SGN-HAN-PQC,18:05,20:05,18:05,20:05,18:15,20:00,20:01,20:05,02:00,01:46,EARLY,ONTIME,ONTIME,ONTIME,,,,,,,,,HAN,SGN,PQC,Domestic,VJ,,
2026-05-13|VJ438/VJ7238|A650|UIH-HAN-PVG|21:15,2026-05-13,VJ438/VJ7238,A650,A320,UIH-HAN-PVG,16:45,21:15,16:45,21:15,19:35,21:14,21:15,21:17,04:30,01:40,ONTIME,ONTIME,ONTIME,DELAY,,,,,,,,,HAN,UIH,PVG,International,VJ,,
2026-05-13|VJ154/VJ163|A662|SGN-HAN-SGN|21:25,2026-05-13,VJ154/VJ163,A662,A320,SGN-HAN-SGN,20:55,21:25,20:55,21:25,20:55,21:21,21:22,21:27,00:30,00:27,EARLY,ONTIME,ONTIME,ONTIME,,,,,,,,,HAN,SGN,SGN,Domestic,VJ,,
2026-05-13|VJ949/VJ7526|A667|RMQ-HAN-CAN|22:30,2026-05-13,VJ949/VJ7526,A667,A321,RMQ-HAN-CAN,19:50,22:30,19:50,22:30,19:55,22:29,22:30,22:33,02:40,02:35,ONTIME,ONTIME,ONTIME,ONTIME,,,,,,,,,HAN,RMQ,CAN,International,VJ,,
2026-05-13|VJ947/VJ167|A674|KHH-HAN-SGN|22:45,2026-05-13,VJ947/VJ167,A674,A321,KHH-HAN-SGN,20:35,22:45,20:35,22:45,20:30,22:36,22:38,22:41,02:10,02:08,EARLY,ONTIME,ONTIME,ONTIME,,,,,,,,,HAN,KHH,SGN,Domestic,VJ,,
2026-05-13|VJ520/VJ962|A636|DAD-HAN-ICN|23:15,2026-05-13,VJ520/VJ962,A636,A321,DAD-HAN-ICN,20:50,23:15,20:50,23:15,20:50,23:24,23:25,23:30,02:25,02:35,DELAY,ONTIME,ONTIME,ONTIME,,49,00:10,,,,,MCC SIGN TECHLOG,HAN,DAD,ICN,International,VJ,,
2026-05-14|VJ7704/VJ7704|A553|CXR-HAN-VVO|00:20,2026-05-14,VJ7704/VJ7704,A553,A321,CXR-HAN-VVO,23:50,00:20,23:50,00:20,23:50,00:19,00:20,00:25,00:30,00:30,ONTIME,ONTIME,ONTIME,ONTIME,,,,,,,,,HAN,CXR,VVO,International,VJ,,
2026-05-14|VJ7660/VJ7660|A554|DAD-HAN-KHV|00:25,2026-05-14,VJ7660/VJ7660,A554,A321,DAD-HAN-KHV,23:55,00:25,23:55,00:25,1904-01-02,00:29,00:30,00:35,00:30,00:30,DELAY,ONTIME,ONTIME,ONTIME,,93,00:05,,,,,,HAN,DAD,KHV,International,VJ,,
2026-05-14|VJ932|A575|HAN-NRT|00:30,2026-05-14,VJ932,A575,A321,HAN-NRT,,00:30,,00:30,,00:16,00:17,00:19,,,EARLY,ONTIME,ONTIME,,,,,,,,,,HAN,,NRT,International,VJ,,
2026-05-14|VJ938|A547|HAN-KIX|01:20,2026-05-14,VJ938,A547,A321,HAN-KIX,,01:20,,01:20,,01:17,01:18,01:20,,,EARLY,ONTIME,ONTIME,,,,,,,,,,HAN,,KIX,International,VJ,,
2026-05-14|VJ960|A647|HAN-ICN|01:40,2026-05-14,VJ960,A647,A321,HAN-ICN,,01:40,,01:40,,01:30,01:31,01:32,,,EARLY,ONTIME,ONTIME,,,,,,,,,,HAN,,ICN,International,VJ,,
2026-05-14|VJ958|A684|HAN-FUK|02:05,2026-05-14,VJ958,A684,A321,HAN-FUK,,02:05,,02:05,,02:04,02:05,02:07,,,ONTIME,ONTIME,ONTIME,,,,,,,,,,HAN,,FUK,International,VJ,,
2026-05-14|VJ1980|A676|HAN-FSZ|02:40,2026-05-14,VJ1980,A676,A320,HAN-FSZ,,02:40,,02:40,,02:19,02:30,02:31,,,EARLY,ONTIME,ONTIME,,,,,,,,,,HAN,,FSZ,International,VJ,,
2026-05-14|VJ123|A673|HAN-SGN|05:30,2026-05-14,VJ123,A673,A321,HAN-SGN,,05:30,,05:30,,05:24,05:25,05:29,,,EARLY,ONTIME,ONTIME,,,,,,,,,,HAN,,SGN,Domestic,VJ,,
2026-05-14|VJ501|A644|HAN-DAD|05:40,2026-05-14,VJ501,A644,A321,HAN-DAD,,05:40,,05:40,,05:34,05:35,05:45,,,EARLY,ONTIME,ONTIME,,,,,,,,,,HAN,,DAD,Domestic,VJ,,
2026-05-14|VJ7527/VJ491|A667|CAN-HAN-BMV|06:00,2026-05-14,VJ7527/VJ491,A667,A321,CAN-HAN-BMV,03:05,06:00,03:05,06:00,03:35,05:54,05:55,05:59,02:55,02:20,EARLY,ONTIME,ONTIME,DELAY,,,,,,,,,HAN,CAN,BMV,Domestic,VJ,,
2026-05-14|VJ431|A655|HAN-UIH|06:05,2026-05-14,VJ431,A655,A320,HAN-UIH,,06:05,,06:05,,05:56,05:57,06:00,,,EARLY,ONTIME,ONTIME,,,,,,,,,,HAN,,UIH,Domestic,VJ,,
2026-05-14|VJ7713/VJ952|A672|PKX-HAN-HIJ|06:15,2026-05-14,VJ7713/VJ952,A672,A320,PKX-HAN-HIJ,03:55,06:15,03:55,06:15,04:10,06:14,06:15,06:20,02:20,02:05,ONTIME,ONTIME,ONTIME,ONTIME,,,,,,,,,HAN,PKX,HIJ,International,VJ,,
2026-05-14|VJ125|A689|HAN-SGN|07:00,2026-05-14,VJ125,A689,A320,HAN-SGN,,07:00,,07:00,,06:54,06:55,07:00,,,EARLY,ONTIME,ONTIME,,,,,,,,,,HAN,,SGN,Domestic,VJ,,
2026-05-14|VJ7239/VJ905|A650|PVG-HAN-KUL|07:25,2026-05-14,VJ7239/VJ905,A650,A320,PVG-HAN-KUL,04:50,07:25,04:50,07:25,04:50,07:24,07:25,07:30,02:35,02:35,ONTIME,ONTIME,ONTIME,ONTIME,,,,,,,,,HAN,PVG,KUL,International,VJ,,
2026-05-14|VJ503|A524|HAN-DAD|07:30,2026-05-14,VJ503,A524,A321,HAN-DAD,,07:30,,07:30,,07:24,07:25,07:28,,,EARLY,ONTIME,ONTIME,,,,,,,,,,HAN,,DAD,Domestic,VJ,,
2026-05-14|VJ929|A537|HAN-CGK|08:40,2026-05-14,VJ929,A537,A321,HAN-CGK,,08:40,,08:40,,08:38,08:39,08:41,,,EARLY,ONTIME,ONTIME,,,,,,,,,,HAN,,CGK,International,VJ,,
2026-05-14|VJ124/VJ129|A543|SGN-HAN-SGN|08:45,2026-05-14,VJ124/VJ129,A543,A321,SGN-HAN-SGN,08:15,08:45,08:15,08:45,08:05,08:44,08:45,08:48,00:30,00:40,ONTIME,ONTIME,ONTIME,ONTIME,,,,,,,,,HAN,SGN,SGN,Domestic,VJ,,
2026-05-14|VJ447|A699|HAN-PQC|08:45,2026-05-14,VJ447,A699,A320,HAN-PQC,,08:45,,08:45,,08:39,08:40,08:44,,,EARLY,ONTIME,ONTIME,,,,,,,,,,HAN,,PQC,Domestic,VJ,,
2026-05-14|VJ514/VJ563|A644|DAD-HAN-HUI|09:20,2026-05-14,VJ514/VJ563,A644,A321,DAD-HAN-HUI,08:50,09:20,08:50,09:20,09:00,09:24,09:25,09:30,00:30,00:25,DELAY,ONTIME,ONTIME,ONTIME,,93,00:05,,,,,,HAN,DAD,HUI,Domestic,VJ,,
2026-05-14|VJ910/VJ915|A516|BOM-HAN-SIN|09:35,2026-05-14,VJ910/VJ915,A516,A321,BOM-HAN-SIN,07:10,09:35,07:10,09:35,07:20,09:25,09:27,09:28,02:25,02:07,EARLY,ONTIME,ONTIME,ONTIME,,,,,,,,,HAN,BOM,SIN,International,VJ,,
2026-05-14|VJ126/VJ131|A526|SGN-HAN-SGN|10:10,2026-05-14,VJ126/VJ131,A526,A321,SGN-HAN-SGN,09:40,10:10,09:40,10:10,09:40,10:09,10:10,10:18,00:30,00:30,ONTIME,ONTIME,ONTIME,ONTIME,,,,,,,,,HAN,SGN,SGN,Domestic,VJ,,
2026-05-14|VJ463|A671|HAN-VCA|10:20,2026-05-14,VJ463,A671,A320,HAN-VCA,,10:20,,10:20,,10:09,10:10,10:13,,,EARLY,ONTIME,ONTIME,,,,,,,,,,HAN,,VCA,Domestic,VJ,,
2026-05-14|VJ963/VJ901|A636|ICN-HAN-BKK|11:10,2026-05-14,VJ963/VJ901,A636,A321,ICN-HAN-BKK,08:55,11:10,08:55,11:10,10:30,11:07,11:08,11:15,02:15,00:38,EARLY,ONTIME,ONTIME,DELAY,,,,,,,,,HAN,ICN,BKK,International,VJ,,
2026-05-14|VJ507|A549|HAN-DAD|11:10,2026-05-14,VJ507,A549,A321,HAN-DAD,,11:10,,11:10,,11:09,11:10,11:20,,,ONTIME,ONTIME,ONTIME,,,,,,,,,,HAN,,DAD,Domestic,VJ,,
2026-05-14|VJ492/VJ133|A667|BMV-HAN-SGN|11:20,2026-05-14,VJ492/VJ133,A667,A321,BMV-HAN-SGN,10:00,11:20,10:00,11:20,10:05,11:13,11:14,11:24,01:20,01:09,EARLY,ONTIME,ONTIME,ONTIME,,,,,,,,,HAN,BMV,SGN,Domestic,VJ,,
2026-05-14|VJ430/VJ451|A655|UIH-HAN-PQC|11:45,2026-05-14,VJ430/VJ451,A655,A320,UIH-HAN-PQC,09:50,11:45,09:50,11:45,09:30,11:39,11:40,11:45,01:55,02:10,EARLY,ONTIME,ONTIME,ONTIME,,,,,,,,,HAN,UIH,PQC,Domestic,VJ,,
2026-05-14|VJ524/VJ515|A552|DAD-HAN-DAD|12:10,2026-05-14,VJ524/VJ515,A552,A321,DAD-HAN-DAD,10:50,12:10,10:50,12:10,11:20,12:04,12:05,12:12,01:20,00:45,EARLY,ONTIME,ONTIME,DELAY,,,,,,,,,HAN,DAD,DAD,Domestic,VJ,,
2026-05-14|VJ128/VJ137|A669|SGN-HAN-SGN|12:20,2026-05-14,VJ128/VJ137,A669,A320,SGN-HAN-SGN,11:50,12:20,11:50,12:20,12:00,12:24,12:25,12:35,00:30,00:25,DELAY,ONTIME,ONTIME,ONTIME,,93,00:05,,,,,,HAN,SGN,SGN,Domestic,VJ,,
2026-05-14|VJ7705/VJ7705|A553|VVO-HAN-CXR|12:50,2026-05-14,VJ7705/VJ7705,A553,A321,VVO-HAN-CXR,12:20,12:50,12:20,12:50,12:25,12:49,12:50,13:00,00:30,00:25,ONTIME,ONTIME,ONTIME,ONTIME,,,,,,,,,HAN,VVO,CXR,Domestic,VJ,,
2026-05-14|VJ771|A551|HAN-CXR|13:00,2026-05-14,VJ771,A551,A321,HAN-CXR,,13:00,,13:00,,12:57,12:58,13:10,,,EARLY,ONTIME,ONTIME,,,,,,,,,,HAN,,CXR,Domestic,VJ,,
2026-05-14|VJ453|A651|HAN-PQC|13:00,2026-05-14,VJ453,A651,A321,HAN-PQC,,13:00,,13:00,,12:59,13:00,13:05,,,ONTIME,ONTIME,ONTIME,,,,,,,,,,HAN,,PQC,Domestic,VJ,,
2026-05-14|VJ564/VJ787|A644|HUI-HAN-CXR|13:10,2026-05-14,VJ564/VJ787,A644,A321,HUI-HAN-CXR,12:20,13:10,12:20,13:10,12:35,13:08,13:10,13:20,00:50,00:35,ONTIME,ONTIME,ONTIME,ONTIME,,,,,,,,,HAN,HUI,CXR,Domestic,VJ,,
2026-05-14|VJ959/VJ948|A684|FUK-HAN-RMQ|13:30,2026-05-14,VJ959/VJ948,A684,A321,FUK-HAN-RMQ,11:25,13:30,11:25,13:30,11:50,13:19,13:20,13:30,02:05,01:30,EARLY,ONTIME,ONTIME,DELAY,,,,,,,,,HAN,FUK,RMQ,International,VJ,,
2026-05-14|VJ441|A550|HAN-PQC|14:00,2026-05-14,VJ441,A550,A321,HAN-PQC,,14:00,,14:00,,13:58,14:00,14:02,,,ONTIME,ONTIME,ONTIME,,,,,,,,,,HAN,,PQC,Domestic,VJ,,
2026-05-14|VJ7661/VJ7661|A554|KHV-HAN-DAD|14:15,2026-05-14,VJ7661/VJ7661,A554,A321,KHV-HAN-DAD,13:45,14:15,13:45,14:15,13:30,13:58,14:00,14:05,00:30,00:30,EARLY,ONTIME,ONTIME,ONTIME,,,,,,,,,HAN,KHV,DAD,Domestic,VJ,,
2026-05-14|VJ1504/VJ1505|A646|DAD-HAN-DAD|14:35,2026-05-14,VJ1504/VJ1505,A646,A321,DAD-HAN-DAD,14:00,14:35,14:00,14:35,14:05,14:34,14:35,14:45,00:35,00:30,ONTIME,ONTIME,ONTIME,ONTIME,,,,,,,,,HAN,DAD,DAD,Domestic,VJ,,
2026-05-14|VJ939/VJ145|A547|KIX-HAN-SGN|14:40,2026-05-14,VJ939/VJ145,A547,A321,KIX-HAN-SGN,12:20,14:40,12:20,14:40,12:45,14:39,14:40,14:48,02:20,01:55,ONTIME,ONTIME,ONTIME,DELAY,,,,,,,,,HAN,KIX,SGN,Domestic,VJ,,
2026-05-14|VJ510/VJ511|A549|DAD-HAN-DAD|15:05,2026-05-14,VJ510/VJ511,A549,A321,DAD-HAN-DAD,14:35,15:05,14:35,15:05,14:50,15:14,15:15,15:20,00:30,00:25,DELAY,ONTIME,ONTIME,ONTIME,,93,00:10,,,,,,HAN,DAD,DAD,Domestic,VJ,,
2026-05-14|VJ136/VJ423|A543|SGN-HAN-PXU|15:05,2026-05-14,VJ136/VJ423,A543,A321,SGN-HAN-PXU,14:10,15:05,14:10,15:05,14:15,14:58,15:00,15:05,00:55,00:45,EARLY,ONTIME,ONTIME,ONTIME,,,,,,,,,HAN,SGN,PXU,Domestic,VJ,,
2026-05-14|VJ1981/VJ439|A676|FSZ-HAN-UIH|15:40,2026-05-14,VJ1981/VJ439,A676,A320,FSZ-HAN-UIH,14:00,15:40,14:00,15:40,14:00,15:39,15:40,15:48,01:40,01:40,ONTIME,ONTIME,ONTIME,ONTIME,,,,,,,,,HAN,FSZ,UIH,Domestic,VJ,,
2026-05-14|VJ138/VJ147|A663|SGN-HAN-SGN|15:45,2026-05-14,VJ138/VJ147,A663,A320,SGN-HAN-SGN,15:15,15:45,15:15,15:45,15:30,15:54,15:55,16:00,00:30,00:25,DELAY,ONTIME,ONTIME,ONTIME,,93,00:10,,,,,,HAN,SGN,SGN,Domestic,VJ,,
2026-05-14|VJ933/VJ567|A575|NRT-HAN-HUI|15:55,2026-05-14,VJ933/VJ567,A575,A321,NRT-HAN-HUI,13:05,15:55,13:05,15:55,13:20,15:50,15:51,16:00,02:50,02:31,EARLY,ONTIME,ONTIME,ONTIME,,,,,,,,,HAN,NRT,HUI,Domestic,VJ,,
2026-05-14|VJ961/VJ773|A647|ICN-HAN-CXR|16:00,2026-05-14,VJ961/VJ773,A647,A321,ICN-HAN-CXR,13:35,16:00,13:35,16:00,13:50,15:57,15:58,16:01,02:25,02:08,EARLY,ONTIME,ONTIME,ONTIME,,,,,,,,,HAN,ICN,CXR,Domestic,VJ,,
2026-05-14|VJ140/VJ151|A543|SGN-HAN-SGN|16:50,2026-05-14,VJ140/VJ151,A543,A321,SGN-HAN-SGN,16:20,16:50,16:20,16:50,16:00,16:42,16:43,16:45,00:30,00:43,EARLY,ONTIME,ONTIME,ONTIME,,,,,,,,,HAN,SGN,SGN,Domestic,VJ,,
2026-05-14|VJ906/VJ465|A650|KUL-HAN-VCA|17:00,2026-05-14,VJ906/VJ465,A650,A320,KUL-HAN-VCA,14:40,17:00,14:40,17:00,15:40,16:52,16:53,17:00,02:20,01:13,EARLY,ONTIME,ONTIME,DELAY,,,,,,,,,HAN,KUL,VCA,Domestic,VJ,,
2026-05-14|VJ530/VJ495|A687|DAD-HAN-BMV|17:30,2026-05-14,VJ530/VJ495,A687,A321,DAD-HAN-BMV,16:15,17:30,16:15,17:30,16:15,17:22,17:24,17:28,01:15,01:09,EARLY,ONTIME,ONTIME,ONTIME,,,,,,,,,HAN,DAD,BMV,Domestic,VJ,,
2026-05-14|VJ902/VJ517|A636|BKK-HAN-DAD|17:45,2026-05-14,VJ902/VJ517,A636,A321,BKK-HAN-DAD,15:50,17:45,15:50,17:45,16:00,17:39,17:40,17:45,01:55,01:40,EARLY,ONTIME,ONTIME,ONTIME,,,,,,,,,HAN,BKK,DAD,Domestic,VJ,,
2026-05-14|VJ454/VJ1153|A655|PQC-HAN-SGN|18:05,2026-05-14,VJ454/VJ1153,A655,A320,PQC-HAN-SGN,16:45,18:05,16:45,18:05,16:35,18:03,18:05,18:11,01:20,01:30,ONTIME,ONTIME,ONTIME,ONTIME,,,,,,,,,HAN,PQC,SGN,Domestic,VJ,,
2026-05-14|VJ971|A810|HAN-DEL|19:40,2026-05-14,VJ971,A810,A330,HAN-DEL,,19:40,,19:40,,19:34,19:35,19:38,,,EARLY,ONTIME,ONTIME,,,,,,,,,,HAN,,DEL,International,VJ,,
2026-05-14|VJ568/VJ523|A575|HUI-HAN-DAD|19:40,2026-05-14,VJ568/VJ523,A575,A321,HUI-HAN-DAD,18:55,19:40,18:55,19:40,19:07,19:39,19:40,19:44,00:45,00:33,ONTIME,ONTIME,ONTIME,ONTIME,,,,,,,,,HAN,HUI,DAD,Domestic,VJ,,
2026-05-14|VJ916/VJ1925|A516|SIN-HAN-AMD|19:45,2026-05-14,VJ916/VJ1925,A516,A321,SIN-HAN-AMD,17:25,19:45,17:25,19:45,17:10,19:38,19:39,19:40,02:20,02:29,EARLY,ONTIME,ONTIME,ONTIME,,,,,,,,,HAN,SIN,AMD,International,VJ,,
2026-05-14|VJ770/VJ161|A551|CXR-HAN-SGN|20:55,2026-05-14,VJ770/VJ161,A551,A321,CXR-HAN-SGN,17:10,20:55,17:10,20:55,18:20,20:50,20:51,21:00,03:45,02:31,EARLY,ONTIME,ONTIME,DELAY,,,,,,,,,HAN,CXR,SGN,Domestic,VJ,,
2026-05-14|VJ520/VJ1527|A670|DAD-HAN-DAD|21:25,2026-05-14,VJ520/VJ1527,A670,A321,DAD-HAN-DAD,20:55,21:25,20:55,21:25,21:15,21:39,21:40,21:40,00:30,00:25,DELAY,ONTIME,ONTIME,DELAY,,93,00:15,,,,,,HAN,DAD,DAD,Domestic,VJ,,
2026-05-14|VJ167|A672|HAN-SGN|22:45,2026-05-14,VJ167,A672,A320,HAN-SGN,,22:45,,22:45,,22:32,22:33,22:35,,,EARLY,ONTIME,ONTIME,,,,,,,,,,HAN,,SGN,Domestic,VJ,,
2026-05-15|VJ932|A575|HAN-NRT|00:30,2026-05-15,VJ932,A575,A321,HAN-NRT,,00:30,,00:30,,00:25,00:26,00:31,,,EARLY,ONTIME,ONTIME,,,,,,,,,,HAN,,NRT,International,VJ,,
2026-05-15|VJ982|A684|HAN-PUS|01:05,2026-05-15,VJ982,A684,A321,HAN-PUS,,01:05,,01:05,,00:56,00:57,00:58,,,EARLY,ONTIME,ONTIME,,,,,,,,,,HAN,,PUS,International,VJ,,
2026-05-15|VJ7614/VJ7614|A553|CXR-HAN-BQS|01:15,2026-05-15,VJ7614/VJ7614,A553,A321,CXR-HAN-BQS,00:45,01:15,00:45,01:15,01:06,01:34,01:35,01:42,00:30,00:29,DELAY,DELAY,DELAY,DELAY,,93,00:20,,,,,,HAN,CXR,BQS,International,VJ,,
2026-05-15|VJ938|A543|HAN-KIX|01:20,2026-05-15,VJ938,A543,A321,HAN-KIX,,01:20,,01:20,,01:09,01:10,01:12,,,EARLY,ONTIME,ONTIME,,,,,,,,,,HAN,,KIX,International,VJ,,
2026-05-15|VJ960|A647|HAN-ICN|01:40,2026-05-15,VJ960,A647,A321,HAN-ICN,,01:40,,01:40,,01:31,01:33,01:35,,,EARLY,ONTIME,ONTIME,,,,,,,,,,HAN,,ICN,International,VJ,,
2026-05-15|VJ920|A537|HAN-NGO|01:40,2026-05-15,VJ920,A537,A321,HAN-NGO,,01:40,,01:40,,01:31,01:33,01:36,,,EARLY,ONTIME,ONTIME,,,,,,,,,,HAN,,NGO,International,VJ,,
2026-05-15|VJ123|A672|HAN-SGN|05:30,2026-05-15,VJ123,A672,A320,HAN-SGN,,05:30,,05:30,,05:24,05:25,05:30,,,EARLY,ONTIME,ONTIME,,,,,,,,,,HAN,,SGN,Domestic,VJ,,
2026-05-15|VJ501|A552|HAN-DAD|05:40,2026-05-15,VJ501,A552,A321,HAN-DAD,,05:40,,05:40,,05:34,05:35,05:45,,,EARLY,ONTIME,ONTIME,,,,,,,,,,HAN,,DAD,Domestic,VJ,,
2026-05-15|VJ771|A699|HAN-CXR|05:45,2026-05-15,VJ771,A699,A320,HAN-CXR,,05:45,,05:45,,05:39,05:40,05:45,,,EARLY,ONTIME,ONTIME,,,,,,,,,,HAN,,CXR,Domestic,VJ,,
2026-05-15|VJ121|A687|HAN-SGN|06:00,2026-05-15,VJ121,A687,A321,HAN-SGN,,06:00,,06:00,,05:51,05:52,05:57,,,EARLY,ONTIME,ONTIME,,,,,,,,,,HAN,,SGN,Domestic,VJ,,
2026-05-15|VJ491|A648|HAN-BMV|06:00,2026-05-15,VJ491,A648,A321,HAN-BMV,,06:00,,06:00,,05:54,05:55,06:03,,,EARLY,ONTIME,ONTIME,,,,,,,,,,HAN,,BMV,Domestic,VJ,,
2026-05-15|VJ431|A671|HAN-UIH|06:05,2026-05-15,VJ431,A671,A320,HAN-UIH,,06:05,,06:05,,05:59,06:00,06:09,,,EARLY,ONTIME,ONTIME,,,,,,,,,,HAN,,UIH,Domestic,VJ,,
2026-05-15|VJ125|A650|HAN-SGN|07:00,2026-05-15,VJ125,A650,A320,HAN-SGN,,07:00,,07:00,,06:54,06:55,07:01,,,EARLY,ONTIME,ONTIME,,,,,,,,,,HAN,,SGN,Domestic,VJ,,
2026-05-15|VJ421|A521|HAN-PXU|07:10,2026-05-15,VJ421,A521,A321,HAN-PXU,,07:10,,07:10,,07:04,07:05,07:09,,,EARLY,ONTIME,ONTIME,,,,,,,,,,HAN,,PXU,Domestic,VJ,,
2026-05-15|VJ197|A532|HAN-SGN|07:20,2026-05-15,VJ197,A532,A321,HAN-SGN,,07:20,,07:20,,07:14,07:15,07:18,,,EARLY,ONTIME,ONTIME,,,,,,,,,,HAN,,SGN,Domestic,VJ,,
2026-05-15|VJ503|A694|HAN-DAD|07:30,2026-05-15,VJ503,A694,A321,HAN-DAD,,07:30,,07:30,,07:20,07:21,07:24,,,EARLY,ONTIME,ONTIME,,,,,,,,,,HAN,,DAD,Domestic,VJ,,
2026-05-15|VJ447|A676|HAN-PQC|08:45,2026-05-15,VJ447,A676,A320,HAN-PQC,,08:45,,08:45,,08:39,08:40,08:50,,,EARLY,ONTIME,ONTIME,,,,,,,,,,HAN,,PQC,Domestic,VJ,,
2026-05-15|VJ514/VJ563|A552|DAD-HAN-HUI|09:20,2026-05-15,VJ514/VJ563,A552,A321,DAD-HAN-HUI,08:50,09:20,08:50,09:20,09:00,09:23,09:25,09:27,00:30,00:25,DELAY,ONTIME,ONTIME,ONTIME,,93,00:05,,,,,,HAN,DAD,HUI,Domestic,VJ,,
2026-05-15|VJ126/VJ131|A641|SGN-HAN-SGN|10:10,2026-05-15,VJ126/VJ131,A641,A321,SGN-HAN-SGN,09:40,10:10,09:40,10:10,09:45,10:14,10:15,10:25,00:30,00:30,DELAY,ONTIME,ONTIME,ONTIME,,93,00:05,,,,,,HAN,SGN,SGN,Domestic,VJ,,
2026-05-15|VJ463|A645|HAN-VCA|10:20,2026-05-15,VJ463,A645,A321,HAN-VCA,,10:20,,10:20,,10:13,10:14,10:19,,,EARLY,ONTIME,ONTIME,,,,,,,,,,HAN,,VCA,Domestic,VJ,,
2026-05-15|VJ1926/VJ997|A516|AMD-HAN-DPS|10:25,2026-05-15,VJ1926/VJ997,A516,A321,AMD-HAN-DPS,05:55,10:25,05:55,10:25,06:25,10:24,10:25,10:29,04:30,04:00,ONTIME,ONTIME,ONTIME,DELAY,,,,,,,,,HAN,AMD,DPS,International,VJ,,
2026-05-15|VJ901|A651|HAN-BKK|11:10,2026-05-15,VJ901,A651,A321,HAN-BKK,,11:10,,11:10,,11:09,11:10,11:15,,,ONTIME,ONTIME,ONTIME,,,,,,,,,,HAN,,BKK,International,VJ,,
2026-05-15|VJ492/VJ133|A648|BMV-HAN-SGN|11:20,2026-05-15,VJ492/VJ133,A648,A321,BMV-HAN-SGN,10:00,11:20,10:00,11:20,09:55,11:19,11:20,11:29,01:20,01:25,ONTIME,ONTIME,ONTIME,ONTIME,,,,,,,,,HAN,BMV,SGN,Domestic,VJ,,
2026-05-15|VJ422/VJ451|A521|PXU-HAN-PQC|11:45,2026-05-15,VJ422/VJ451,A521,A321,PXU-HAN-PQC,10:50,11:45,10:50,11:45,10:50,11:42,11:43,11:45,00:55,00:53,EARLY,ONTIME,ONTIME,ONTIME,,,,,,,,,HAN,PXU,PQC,Domestic,VJ,,
2026-05-15|VJ430/VJ775|A671|UIH-HAN-CXR|11:45,2026-05-15,VJ430/VJ775,A671,A320,UIH-HAN-CXR,09:50,11:45,09:50,11:45,09:42,11:44,11:45,11:55,01:55,02:03,ONTIME,ONTIME,ONTIME,ONTIME,,,,,,,,,HAN,UIH,CXR,Domestic,VJ,,
2026-05-15|VJ524/VJ507|A551|DAD-HAN-DAD|11:55,2026-05-15,VJ524/VJ507,A551,A321,DAD-HAN-DAD,11:25,11:55,11:25,11:55,11:40,12:09,12:10,12:10,00:30,00:30,DELAY,ONTIME,ONTIME,ONTIME,,93,00:15,,,,,,HAN,DAD,DAD,Domestic,VJ,,
2026-05-15|VJ770/VJ515|A699|CXR-HAN-DAD|12:10,2026-05-15,VJ770/VJ515,A699,A320,CXR-HAN-DAD,09:55,12:10,09:55,12:10,10:25,12:06,12:07,12:14,02:15,01:42,EARLY,ONTIME,ONTIME,DELAY,,,,,,,,,HAN,CXR,DAD,Domestic,VJ,,
2026-05-15|VJ128/VJ137|A663|SGN-HAN-SGN|12:20,2026-05-15,VJ128/VJ137,A663,A320,SGN-HAN-SGN,11:50,12:20,11:50,12:20,11:50,12:19,12:20,12:35,00:30,00:30,ONTIME,ONTIME,ONTIME,ONTIME,,,,,,,,,HAN,SGN,SGN,Domestic,VJ,,
2026-05-15|VJ564/VJ787|A552|HUI-HAN-CXR|13:10,2026-05-15,VJ564/VJ787,A552,A321,HUI-HAN-CXR,12:20,13:10,12:20,13:10,12:25,13:04,13:05,13:09,00:50,00:40,EARLY,ONTIME,ONTIME,ONTIME,,,,,,,,,HAN,HUI,CXR,Domestic,VJ,,
2026-05-15|VJ122/VJ453|A668|SGN-HAN-PQC|13:15,2026-05-15,VJ122/VJ453,A668,A320,SGN-HAN-PQC,09:05,13:15,09:05,13:15,08:50,13:14,13:15,13:20,04:10,04:25,ONTIME,ONTIME,ONTIME,ONTIME,,,,,,,,,HAN,SGN,PQC,Domestic,VJ,,
2026-05-15|VJ939/VJ948|A543|KIX-HAN-RMQ|13:30,2026-05-15,VJ939/VJ948,A543,A321,KIX-HAN-RMQ,12:20,13:30,12:20,13:30,12:20,13:29,13:30,13:45,01:10,01:10,ONTIME,ONTIME,ONTIME,ONTIME,,,,,,,,,HAN,KIX,RMQ,International,VJ,,
2026-05-15|VJ7615/VJ7615|A553|BQS-HAN-CXR|14:15,2026-05-15,VJ7615/VJ7615,A553,A321,BQS-HAN-CXR,13:45,14:15,13:45,14:15,14:00,14:24,14:25,14:30,00:30,00:25,DELAY,ONTIME,ONTIME,ONTIME,,93,00:10,,,,,,HAN,BQS,CXR,Domestic,VJ,,
2026-05-15|VJ130/VJ942|A683|SGN-HAN-TPE|14:25,2026-05-15,VJ130/VJ942,A683,A321,SGN-HAN-TPE,10:50,14:25,10:50,14:25,10:45,14:24,14:25,14:30,03:35,03:40,ONTIME,ONTIME,ONTIME,ONTIME,,,,,,,,,HAN,SGN,TPE,International,VJ,,
2026-05-15|VJ981/VJ946|A684|PUS-HAN-KHH|14:35,2026-05-15,VJ981/VJ946,A684,A321,PUS-HAN-KHH,10:40,14:35,10:40,14:35,10:15,14:49,14:50,14:50,03:55,04:35,DELAY,ONTIME,ONTIME,ONTIME,,15A,00:15,,,,,OFFLOAD 3PAX+6BAGS,HAN,PUS,KHH,International,VJ,,
2026-05-15|VJ1504/VJ1505|A547|DAD-HAN-DAD|14:35,2026-05-15,VJ1504/VJ1505,A547,A321,DAD-HAN-DAD,14:00,14:35,14:00,14:35,14:05,14:34,14:35,14:40,00:35,00:30,ONTIME,ONTIME,ONTIME,ONTIME,,,,,,,,,HAN,DAD,DAD,Domestic,VJ,,
2026-05-15|VJ933/VJ145|A575|NRT-HAN-SGN|14:40,2026-05-15,VJ933/VJ145,A575,A321,NRT-HAN-SGN,13:05,14:40,13:05,14:40,12:55,14:36,14:37,14:39,01:35,01:42,EARLY,ONTIME,ONTIME,ONTIME,,,,,,,,,HAN,NRT,SGN,Domestic,VJ,,
2026-05-15|VJ136/VJ511|A687|SGN-HAN-DAD|15:05,2026-05-15,VJ136/VJ511,A687,A321,SGN-HAN-DAD,14:10,15:05,14:10,15:05,14:35,15:04,15:05,15:07,00:55,00:30,ONTIME,ONTIME,ONTIME,DELAY,,,,,,,,,HAN,SGN,DAD,Domestic,VJ,,
2026-05-15|VJ196/VJ423|A650|SGN-HAN-PXU|15:05,2026-05-15,VJ196/VJ423,A650,A320,SGN-HAN-PXU,12:40,15:05,12:40,15:05,12:35,15:01,15:03,15:10,02:25,02:28,EARLY,ONTIME,ONTIME,ONTIME,,,,,,,,,HAN,SGN,PXU,Domestic,VJ,,
2026-05-15|VJ440/VJ439|A676|PQC-HAN-UIH|15:40,2026-05-15,VJ440/VJ439,A676,A320,PQC-HAN-UIH,13:30,15:40,13:30,15:40,13:45,15:36,15:37,15:40,02:10,01:52,EARLY,ONTIME,ONTIME,ONTIME,,,,,,,,,HAN,PQC,UIH,Domestic,VJ,,
2026-05-15|VJ138/VJ147|A697|SGN-HAN-SGN|15:45,2026-05-15,VJ138/VJ147,A697,A321,SGN-HAN-SGN,15:15,15:45,15:15,15:45,15:35,15:59,16:00,16:00,00:30,00:25,DELAY,ONTIME,ONTIME,DELAY,,93,00:15,,,,,,HAN,SGN,SGN,Domestic,VJ,,
2026-05-15|VJ464/VJ567|A645|VCA-HAN-HUI|15:55,2026-05-15,VJ464/VJ567,A645,A321,VCA-HAN-HUI,15:10,15:55,15:10,15:55,15:15,15:54,15:55,15:57,00:45,00:40,ONTIME,ONTIME,ONTIME,ONTIME,,,,,,,,,HAN,VCA,HUI,Domestic,VJ,,
2026-05-15|VJ508/VJ773|A655|DAD-HAN-CXR|16:00,2026-05-15,VJ508/VJ773,A655,A320,DAD-HAN-CXR,15:25,16:00,15:25,16:00,15:35,15:59,16:00,16:07,00:35,00:25,ONTIME,ONTIME,ONTIME,ONTIME,,,,,,,,,HAN,DAD,CXR,Domestic,VJ,,
2026-05-15|VJ961/VJ913|A647|ICN-HAN-SAI|16:20,2026-05-15,VJ961/VJ913,A647,A321,ICN-HAN-SAI,13:35,16:20,13:35,16:20,13:25,16:14,16:15,16:20,02:45,02:50,EARLY,ONTIME,ONTIME,ONTIME,,,,,,,,,HAN,ICN,SAI,International,VJ,,
2026-05-15|VJ772/VJ1513|A671|CXR-HAN-DAD|16:35,2026-05-15,VJ772/VJ1513,A671,A320,CXR-HAN-DAD,15:55,16:35,15:55,17:00,16:40,17:04,17:05,17:05,01:05,00:25,DELAY,ONTIME,DELAY,DELAY,,93,00:05,,,,,,HAN,CXR,DAD,Domestic,VJ,,
2026-05-15|VJ140/VJ151|A653|SGN-HAN-SGN|16:50,2026-05-15,VJ140/VJ151,A653,A321,SGN-HAN-SGN,16:20,16:50,16:20,17:30,16:55,17:44,17:45,17:48,01:10,00:50,DELAY,ONTIME,DELAY,DELAY,,99,00:15,,,,,OFFLOAD 2 PAX OB & SYNC BAGGAGE,HAN,SGN,SGN,Domestic,VJ,,
2026-05-15|VJ452/VJ465|A642|PQC-HAN-VCA|17:00,2026-05-15,VJ452/VJ465,A642,A321,PQC-HAN-VCA,16:05,17:00,16:05,17:00,16:30,16:59,17:00,17:04,00:55,00:30,ONTIME,ONTIME,ONTIME,DELAY,,,,,,,,,HAN,PQC,VCA,Domestic,VJ,,
2026-05-15|VJ5068/VJ5068|A580|CXR-HAN-NOZ|17:00,2026-05-15,VJ5068/VJ5068,A580,A321,CXR-HAN-NOZ,16:25,17:00,16:25,17:00,16:50,17:19,17:20,17:25,00:35,00:30,DELAY,DELAY,DELAY,DELAY,,93,00:20,,,,,,HAN,CXR,NOZ,International,VJ,,
2026-05-15|VJ530/VJ495|A633|DAD-HAN-BMV|17:30,2026-05-15,VJ530/VJ495,A633,A321,DAD-HAN-BMV,16:15,17:30,16:15,17:30,16:05,17:24,17:25,17:30,01:15,01:20,EARLY,ONTIME,ONTIME,ONTIME,,,,,,,,,HAN,DAD,BMV,Domestic,VJ,,
2026-05-15|VJ510/VJ517|A551|DAD-HAN-DAD|17:45,2026-05-15,VJ510/VJ517,A551,A321,DAD-HAN-DAD,15:05,17:45,15:05,17:45,15:40,17:44,17:45,17:55,02:40,02:05,ONTIME,ONTIME,ONTIME,DELAY,,,,,,,,,HAN,DAD,DAD,Domestic,VJ,,
2026-05-15|VJ424/VJ1127|A650|PXU-HAN-SGN|19:30,2026-05-15,VJ424/VJ1127,A650,A320,PXU-HAN-SGN,18:45,19:30,18:45,19:30,19:00,19:29,19:30,19:40,00:45,00:30,ONTIME,ONTIME,ONTIME,ONTIME,,93,00:10,,,,,,HAN,PXU,SGN,Domestic,VJ,,
2026-05-15|VJ774/VJ523|A200|CXR-HAN-DAD|19:40,2026-05-15,VJ774/VJ523,A200,A321,CXR-HAN-DAD,17:30,19:40,17:30,19:40,18:05,19:38,19:39,19:40,02:10,01:34,EARLY,ONTIME,ONTIME,DELAY,,,,,,,,,HAN,CXR,DAD,Domestic,VJ,,
2026-05-15|VJ454/VJ907|A521|PQC-HAN-BOM|20:05,2026-05-15,VJ454/VJ907,A521,A321,PQC-HAN-BOM,16:45,20:05,16:45,20:05,16:40,19:59,20:00,20:03,03:20,03:20,EARLY,ONTIME,ONTIME,ONTIME,,,,,,,,,HAN,PQC,BOM,International,VJ,,
2026-05-15|VJ455|A537|HAN-PQC|20:05,2026-05-15,VJ455,A537,A321,HAN-PQC,,20:05,,20:05,,19:57,19:58,20:06,,,EARLY,ONTIME,ONTIME,,,,,,,,,,HAN,,PQC,Domestic,VJ,,
2026-05-15|VJ568/VJ7815|A645|HUI-HAN-MNL|20:10,2026-05-15,VJ568/VJ7815,A645,A321,HUI-HAN-MNL,18:55,20:10,18:55,20:10,19:20,20:09,20:10,20:20,01:15,00:50,ONTIME,ONTIME,ONTIME,DELAY,,,,,,,,,HAN,HUI,MNL,International,VJ,,
2026-05-15|VJ512/VJ161|A687|DAD-HAN-SGN|20:55,2026-05-15,VJ512/VJ161,A687,A321,DAD-HAN-SGN,18:15,20:55,18:15,20:55,18:30,20:52,20:53,20:58,02:40,02:23,EARLY,ONTIME,ONTIME,ONTIME,,,,,,,,,HAN,DAD,SGN,Domestic,VJ,,
2026-05-15|VJ949/VJ7238|A543|RMQ-HAN-PVG|21:15,2026-05-15,VJ949/VJ7238,A543,A321,RMQ-HAN-PVG,19:50,21:15,19:50,21:15,20:00,21:14,21:15,21:20,01:25,01:15,ONTIME,ONTIME,ONTIME,ONTIME,,,,,,,,,HAN,RMQ,PVG,International,VJ,,
2026-05-15|VJ154/VJ163|A669|SGN-HAN-SGN|21:25,2026-05-15,VJ154/VJ163,A669,A320,SGN-HAN-SGN,20:55,21:25,20:55,21:25,21:10,21:34,21:35,21:40,00:30,00:25,DELAY,ONTIME,ONTIME,ONTIME,,93,00:10,,,,,,HAN,SGN,SGN,Domestic,VJ,,
2026-05-15|VJ496/VJ167|A637|BMV-HAN-SGN|22:45,2026-05-15,VJ496/VJ167,A637,A321,BMV-HAN-SGN,21:30,22:45,21:30,22:45,21:45,22:36,22:37,22:40,01:15,00:52,EARLY,ONTIME,ONTIME,ONTIME,,,,,,,,,HAN,BMV,SGN,Domestic,VJ,,
2026-05-15|VJ962|A651|HAN-ICN|23:15,2026-05-15,VJ962,A651,A321,HAN-ICN,,23:15,,23:15,,23:14,23:15,23:20,,,ONTIME,ONTIME,ONTIME,,,,,,,,,,HAN,,ICN,International,VJ,,
2026-05-16|VJ932|A516|HAN-NRT|00:30,2026-05-16,VJ932,A516,A321,HAN-NRT,,00:30,,00:30,,00:29,00:30,00:34,,,ONTIME,ONTIME,ONTIME,,,,,,,,,,HAN,,NRT,International,VJ,,
2026-05-16|VJ7706/VJ7706|A552|CXR-HAN-KHV|01:05,2026-05-16,VJ7706/VJ7706,A552,A321,CXR-HAN-KHV,00:35,01:05,00:35,01:05,00:45,01:14,01:15,01:20,00:30,00:30,DELAY,ONTIME,ONTIME,ONTIME,,93,00:10,,,,,,HAN,CXR,KHV,International,VJ,,
2026-05-16|VJ938|A538|HAN-KIX|01:20,2026-05-16,VJ938,A538,A321,HAN-KIX,,01:20,,01:20,,01:17,01:18,01:20,,,EARLY,ONTIME,ONTIME,,,,,,,,,,HAN,,KIX,International,VJ,,
2026-05-16|VJ960|A647|HAN-ICN|01:40,2026-05-16,VJ960,A647,A321,HAN-ICN,,01:40,,01:40,,01:34,01:35,01:38,,,EARLY,ONTIME,ONTIME,,,,,,,,,,HAN,,ICN,International,VJ,,
2026-05-16|VJ920|A200|HAN-NGO|01:40,2026-05-16,VJ920,A200,A321,HAN-NGO,,01:40,,01:40,,01:34,01:35,01:40,,,EARLY,ONTIME,ONTIME,,,,,,,,,,HAN,,NGO,International,VJ,,
2026-05-16|VJ958|A683|HAN-FUK|02:05,2026-05-16,VJ958,A683,A321,HAN-FUK,,02:05,,02:05,,01:58,02:00,02:03,,,EARLY,ONTIME,ONTIME,,,,,,,,,,HAN,,FUK,International,VJ,,
2026-05-16|VJ501|A673|HAN-DAD|05:40,2026-05-16,VJ501,A673,A321,HAN-DAD,,05:40,,05:40,,05:34,05:35,05:45,,,EARLY,ONTIME,ONTIME,,,,,,,,,,HAN,,DAD,Domestic,VJ,,
2026-05-16|VJ771|A633|HAN-CXR|05:45,2026-05-16,VJ771,A633,A321,HAN-CXR,,05:45,,05:45,,05:44,05:45,05:55,,,ONTIME,ONTIME,ONTIME,,,,,,,,,,HAN,,CXR,Domestic,VJ,,
2026-05-16|VJ121|A648|HAN-SGN|06:00,2026-05-16,VJ121,A648,A321,HAN-SGN,,06:00,,06:00,,05:54,05:55,05:58,,,EARLY,ONTIME,ONTIME,,,,,,,,,,HAN,,SGN,Domestic,VJ,,
2026-05-16|VJ491|A671|HAN-BMV|06:00,2026-05-16,VJ491,A671,A320,HAN-BMV,,06:00,,06:00,,05:54,05:55,06:04,,,EARLY,ONTIME,ONTIME,,,,,,,,,,HAN,,BMV,Domestic,VJ,,
2026-05-16|VJ431|A699|HAN-UIH|06:05,2026-05-16,VJ431,A699,A320,HAN-UIH,,06:05,,06:05,,05:53,05:55,06:02,,,EARLY,ONTIME,ONTIME,,,,,,,,,,HAN,,UIH,Domestic,VJ,,
2026-05-16|VJ5069/VJ5069|A580|NOZ-HAN-CXR|06:45,2026-05-16,VJ5069/VJ5069,A580,A321,NOZ-HAN-CXR,06:15,06:45,06:15,06:45,06:55,07:14,07:15,07:30,00:30,00:20,DELAY,DELAY,DELAY,DELAY,,93,00:30,,,,,,HAN,NOZ,CXR,Domestic,VJ,,
2026-05-16|VJ125|A668|HAN-SGN|07:00,2026-05-16,VJ125,A668,A320,HAN-SGN,,07:00,,07:00,,06:54,06:55,07:05,,,EARLY,ONTIME,ONTIME,,,,,,,,,,HAN,,SGN,Domestic,VJ,,
2026-05-16|VJ7816/VJ505|A645|MNL-HAN-DAD|07:10,2026-05-16,VJ7816/VJ505,A645,A321,MNL-HAN-DAD,03:50,07:10,03:50,07:10,03:50,07:04,07:05,07:10,03:20,03:15,EARLY,ONTIME,ONTIME,ONTIME,,,,,,,,,HAN,MNL,DAD,Domestic,VJ,,
2026-05-16|VJ197|A676|HAN-SGN|07:20,2026-05-16,VJ197,A676,A320,HAN-SGN,,07:20,,07:20,,07:14,07:15,07:19,,,EARLY,ONTIME,ONTIME,,,,,,,,,,HAN,,SGN,Domestic,VJ,,
2026-05-16|VJ905|A656|HAN-KUL|07:25,2026-05-16,VJ905,A656,A320,HAN-KUL,,07:25,,07:25,,07:18,07:19,07:21,,,EARLY,ONTIME,ONTIME,,,,,,,,,,HAN,,KUL,International,VJ,,
2026-05-16|VJ503|A553|HAN-DAD|07:30,2026-05-16,VJ503,A553,A321,HAN-DAD,,07:30,,07:30,,07:24,07:25,07:30,,,EARLY,ONTIME,ONTIME,,,,,,,,,,HAN,,DAD,Domestic,VJ,,
2026-05-16|VJ7239/VJ929|A543|PVG-HAN-CGK|08:40,2026-05-16,VJ7239/VJ929,A543,A321,PVG-HAN-CGK,04:50,08:40,04:50,08:40,05:00,08:29,08:30,08:38,03:50,03:30,EARLY,ONTIME,ONTIME,ONTIME,,,,,,,,,HAN,PVG,CGK,International,VJ,,
2026-05-16|VJ124/VJ129|A666|SGN-HAN-SGN|08:45,2026-05-16,VJ124/VJ129,A666,A320,SGN-HAN-SGN,08:15,08:45,08:15,08:45,08:20,08:44,08:45,08:48,00:30,00:25,ONTIME,ONTIME,ONTIME,ONTIME,,,,,,,,,HAN,SGN,SGN,Domestic,VJ,,
2026-05-16|VJ514/VJ563|A673|DAD-HAN-HUI|09:30,2026-05-16,VJ514/VJ563,A673,A321,DAD-HAN-HUI,08:50,09:30,08:50,09:30,09:05,09:34,09:35,09:45,00:40,00:30,DELAY,ONTIME,ONTIME,ONTIME,,93,00:05,,,,,,HAN,DAD,HUI,Domestic,VJ,,
2026-05-16|VJ910/VJ915|A521|BOM-HAN-SIN|09:35,2026-05-16,VJ910/VJ915,A521,A321,BOM-HAN-SIN,07:10,09:35,07:10,09:35,07:00,09:34,09:35,09:45,02:25,02:35,ONTIME,ONTIME,ONTIME,ONTIME,,,,,,,,,HAN,BOM,SIN,International,VJ,,
2026-05-16|VJ122/VJ447|A544|SGN-HAN-PQC|09:40,2026-05-16,VJ122/VJ447,A544,A321,SGN-HAN-PQC,09:05,09:40,09:05,09:40,09:00,09:39,09:40,09:47,00:35,00:40,ONTIME,ONTIME,ONTIME,ONTIME,,,,,,,,,HAN,SGN,PQC,Domestic,VJ,,
2026-05-16|VJ126/VJ131|A546|SGN-HAN-SGN|10:10,2026-05-16,VJ126/VJ131,A546,A321,SGN-HAN-SGN,09:40,10:10,09:40,10:10,09:50,10:19,10:20,10:25,00:30,00:30,DELAY,ONTIME,ONTIME,ONTIME,,93,00:10,,,,,,HAN,SGN,SGN,Domestic,VJ,,
2026-05-16|VJ430/VJ463|A699|UIH-HAN-VCA|10:20,2026-05-16,VJ430/VJ463,A699,A320,UIH-HAN-VCA,09:50,10:20,09:50,10:20,09:55,10:19,10:20,10:30,00:30,00:25,ONTIME,ONTIME,ONTIME,ONTIME,,,,,,,,,HAN,UIH,VCA,Domestic,VJ,,
2026-05-16|VJ1501|A525|HAN-DAD|10:50,2026-05-16,VJ1501,A525,A321,HAN-DAD,,10:50,,10:50,,10:59,11:00,11:05,,,DELAY,ONTIME,ONTIME,,,15A,00:05,15,00:05,,,DL DUE TO OFFLOAD 5PAX/2PCS AND LONG BRD,HAN,,DAD,Domestic,VJ,,
2026-05-16|VJ963/VJ901|A651|ICN-HAN-BKK|11:10,2026-05-16,VJ963/VJ901,A651,A321,ICN-HAN-BKK,08:55,11:10,08:55,11:10,08:52,11:08,11:10,11:10,02:15,02:18,ONTIME,ONTIME,ONTIME,ONTIME,,,,,,,,,HAN,ICN,BKK,International,VJ,,
2026-05-16|VJ1443|A810|HAN-PQC|11:10,2026-05-16,VJ1443,A810,A330,HAN-PQC,,11:10,,11:10,,11:09,11:10,11:19,,,ONTIME,ONTIME,ONTIME,,,,,,,,,,HAN,,PQC,Domestic,VJ,,
2026-05-16|VJ130/VJ133|A669|SGN-HAN-SGN|11:20,2026-05-16,VJ130/VJ133,A669,A320,SGN-HAN-SGN,10:50,11:20,10:50,11:20,10:55,11:19,11:20,11:27,00:30,00:25,ONTIME,ONTIME,ONTIME,ONTIME,,,,,,,,,HAN,SGN,SGN,Domestic,VJ,,
2026-05-16|VJ524/VJ507|A636|DAD-HAN-DAD|11:25,2026-05-16,VJ524/VJ507,A636,A321,DAD-HAN-DAD,10:55,11:25,10:55,11:25,11:00,11:29,11:30,11:35,00:30,00:30,DELAY,ONTIME,ONTIME,ONTIME,,93,00:05,,,,,,HAN,DAD,DAD,Domestic,VJ,,
2026-05-16|VJ770/VJ451|A698|CXR-HAN-PQC|11:45,2026-05-16,VJ770/VJ451,A698,A321,CXR-HAN-PQC,10:10,11:45,10:10,11:45,10:25,11:39,11:40,11:50,01:35,01:15,EARLY,ONTIME,ONTIME,ONTIME,,,,,,,,,HAN,CXR,PQC,Domestic,VJ,,
2026-05-16|VJ492/VJ775|A671|BMV-HAN-CXR|11:45,2026-05-16,VJ492/VJ775,A671,A320,BMV-HAN-CXR,10:00,11:45,10:00,11:45,10:25,11:44,11:45,11:50,01:45,01:20,ONTIME,ONTIME,ONTIME,DELAY,,,,,,,,,HAN,BMV,CXR,Domestic,VJ,,
2026-05-16|VJ515|A658|HAN-DAD|12:10,2026-05-16,VJ515,A658,A320,HAN-DAD,,12:10,,12:10,,12:07,12:08,12:15,,,EARLY,ONTIME,ONTIME,,,,,,,,,,HAN,,DAD,Domestic,VJ,,
2026-05-16|VJ128/VJ137|A542|SGN-HAN-SGN|12:20,2026-05-16,VJ128/VJ137,A542,A321,SGN-HAN-SGN,11:50,12:20,11:50,12:20,11:55,12:19,12:20,12:50,00:30,00:25,ONTIME,ONTIME,DELAY,ONTIME,,,,,,,,,HAN,SGN,SGN,Domestic,VJ,,
2026-05-16|VJ506/VJ787|A549|DAD-HAN-CXR|13:10,2026-05-16,VJ506/VJ787,A549,A321,DAD-HAN-CXR,10:20,13:10,10:45,13:10,10:45,13:09,13:10,13:25,02:25,02:25,ONTIME,ONTIME,ONTIME,DELAY,,,,,,,,,HAN,DAD,CXR,Domestic,VJ,,
2026-05-16|VJ959/VJ948|A683|FUK-HAN-RMQ|13:50,2026-05-16,VJ959/VJ948,A683,A321,FUK-HAN-RMQ,11:45,13:50,11:45,13:50,11:30,13:49,13:50,14:05,02:05,02:20,ONTIME,ONTIME,ONTIME,ONTIME,,,,,,,,,HAN,FUK,RMQ,International,VJ,,
2026-05-16|VJ939/VJ453|A538|KIX-HAN-PQC|14:00,2026-05-16,VJ939/VJ453,A538,A321,KIX-HAN-PQC,12:20,14:00,12:20,14:00,11:55,13:59,14:00,14:10,01:40,02:05,ONTIME,ONTIME,ONTIME,ONTIME,,,,,,,,,HAN,KIX,PQC,Domestic,VJ,,
2026-05-16|VJ933/VJ1505|A516|NRT-HAN-DAD|14:35,2026-05-16,VJ933/VJ1505,A516,A321,NRT-HAN-DAD,13:05,14:35,13:05,14:35,13:30,14:31,14:32,14:35,01:30,01:02,EARLY,ONTIME,ONTIME,DELAY,,,,,,,,,HAN,NRT,DAD,Domestic,VJ,,
2026-05-16|VJ145|A662|HAN-SGN|14:40,2026-05-16,VJ145,A662,A320,HAN-SGN,,14:40,,14:40,,14:39,14:40,14:48,,,ONTIME,ONTIME,ONTIME,,,,,,,,,,HAN,,SGN,Domestic,VJ,,
2026-05-16|VJ7707/VJ7707|A552|KHV-HAN-CXR|14:55,2026-05-16,VJ7707/VJ7707,A552,A321,KHV-HAN-CXR,14:25,14:55,14:25,14:55,14:30,15:08,15:09,15:10,00:30,00:39,DELAY,ONTIME,ONTIME,ONTIME,,93,00:05,49,00:09,,,MCC SIGN TECHLOG,HAN,KHV,CXR,Domestic,VJ,,
2026-05-16|VJ1504/VJ511|A629|DAD-HAN-DAD|15:05,2026-05-16,VJ1504/VJ511,A629,A321,DAD-HAN-DAD,14:00,15:05,14:25,15:05,15:05,15:34,15:35,15:50,00:40,00:30,DELAY,DELAY,DELAY,DELAY,,93,00:30,,,,,,HAN,DAD,DAD,Domestic,VJ,,
2026-05-16|VJ961/VJ423|A647|ICN-HAN-PXU|15:15,2026-05-16,VJ961/VJ423,A647,A321,ICN-HAN-PXU,13:35,15:15,13:35,15:15,13:35,15:09,15:10,15:13,01:40,01:35,EARLY,ONTIME,ONTIME,ONTIME,,,,,,,,,HAN,ICN,PXU,Domestic,VJ,,
2026-05-16|VJ198/VJ439|A676|SGN-HAN-UIH|15:40,2026-05-16,VJ198/VJ439,A676,A320,SGN-HAN-UIH,12:40,15:40,12:40,15:40,12:40,15:39,15:40,15:48,03:00,03:00,ONTIME,ONTIME,ONTIME,ONTIME,,,,,,,,,HAN,SGN,UIH,Domestic,VJ,,
2026-05-16|VJ7620/VJ7620|A580|CXR-HAN-BAX|15:40,2026-05-16,VJ7620/VJ7620,A580,A321,CXR-HAN-BAX,15:10,15:40,15:10,15:40,15:05,15:36,15:38,15:41,00:30,00:33,EARLY,ONTIME,ONTIME,ONTIME,,,,,,,,,HAN,CXR,BAX,International,VJ,,
2026-05-16|VJ138/VJ147|A666|SGN-HAN-SGN|15:45,2026-05-16,VJ138/VJ147,A666,A320,SGN-HAN-SGN,15:15,15:45,15:15,15:45,15:25,15:44,15:45,15:50,00:30,00:20,ONTIME,ONTIME,ONTIME,ONTIME,,,,,,,,,HAN,SGN,SGN,Domestic,VJ,,
2026-05-16|VJ906/VJ567|A656|KUL-HAN-HUI|15:55,2026-05-16,VJ906/VJ567,A656,A320,KUL-HAN-HUI,14:40,15:55,14:40,15:55,14:46,15:44,15:45,15:48,01:15,00:59,EARLY,ONTIME,ONTIME,ONTIME,,,,,,,,,HAN,KUL,HUI,Domestic,VJ,,
2026-05-16|VJ508/VJ773|A658|DAD-HAN-CXR|16:00,2026-05-16,VJ508/VJ773,A658,A320,DAD-HAN-CXR,15:25,16:00,15:25,16:00,15:40,16:04,16:05,16:10,00:35,00:25,DELAY,ONTIME,ONTIME,ONTIME,,93,00:05,,,,,,HAN,DAD,CXR,Domestic,VJ,,
2026-05-16|VJ140/VJ151|A672|SGN-HAN-SGN|16:50,2026-05-16,VJ140/VJ151,A672,A320,SGN-HAN-SGN,16:20,16:50,16:20,16:50,16:15,16:44,16:45,16:49,00:30,00:30,EARLY,ONTIME,ONTIME,ONTIME,,,,,,,,,HAN,SGN,SGN,Domestic,VJ,,
2026-05-16|VJ2986/VJ2986|A553|DAD-HAN-NOZ|16:55,2026-05-16,VJ2986/VJ2986,A553,A321,DAD-HAN-NOZ,16:25,16:55,16:25,16:55,16:30,16:54,16:55,17:00,00:30,00:25,ONTIME,ONTIME,ONTIME,ONTIME,,,,,,,,,HAN,DAD,NOZ,International,VJ,,
2026-05-16|VJ530/VJ465|A670|DAD-HAN-VCA|17:00,2026-05-16,VJ530/VJ465,A670,A321,DAD-HAN-VCA,16:25,17:00,16:25,17:00,16:30,16:54,16:55,17:04,00:35,00:25,EARLY,ONTIME,ONTIME,ONTIME,,,,,,,,,HAN,DAD,VCA,Domestic,VJ,,
2026-05-16|VJ902/VJ495|A651|BKK-HAN-BMV|17:30,2026-05-16,VJ902/VJ495,A651,A321,BKK-HAN-BMV,15:50,17:30,15:50,17:30,16:10,17:18,17:20,17:22,01:40,01:10,EARLY,ONTIME,ONTIME,DELAY,,,,,,,,,HAN,BKK,BMV,Domestic,VJ,,
2026-05-16|VJ136/VJ517|A648|SGN-HAN-DAD|17:45,2026-05-16,VJ136/VJ517,A648,A321,SGN-HAN-DAD,14:40,17:45,14:40,17:45,15:25,17:44,17:45,17:47,03:05,02:20,ONTIME,ONTIME,ONTIME,DELAY,,,,,,,,,HAN,SGN,DAD,Domestic,VJ,,
2026-05-16|VJ510/VJ1153|A636|DAD-HAN-SGN|18:05,2026-05-16,VJ510/VJ1153,A636,A321,DAD-HAN-SGN,14:50,18:05,14:50,18:05,15:00,18:03,18:05,18:06,03:15,03:05,ONTIME,ONTIME,ONTIME,ONTIME,,,,,,,,,HAN,DAD,SGN,Domestic,VJ,,
2026-05-16|VJ916/VJ971|A521|SIN-HAN-DEL|19:40,2026-05-16,VJ916/VJ971,A521,A321,SIN-HAN-DEL,17:25,19:40,17:25,19:40,17:30,19:39,19:40,19:42,02:15,02:10,ONTIME,ONTIME,ONTIME,ONTIME,,,,,,,,,HAN,SIN,DEL,International,VJ,,
2026-05-16|VJ424/VJ523|A647|PXU-HAN-DAD|19:40,2026-05-16,VJ424/VJ523,A647,A321,PXU-HAN-DAD,18:55,19:40,18:55,19:40,19:15,19:44,19:45,19:50,00:45,00:30,DELAY,ONTIME,ONTIME,DELAY,,93,00:05,,,,,,HAN,PXU,DAD,Domestic,VJ,,
2026-05-16|VJ1502/VJ1925|A525|DAD-HAN-AMD|19:45,2026-05-16,VJ1502/VJ1925,A525,A321,DAD-HAN-AMD,14:00,19:45,14:25,19:45,14:45,19:38,19:39,19:40,05:20,04:54,EARLY,ONTIME,ONTIME,DELAY,,,,,,,,,HAN,DAD,AMD,International,VJ,,
2026-05-16|VJ772/VJ7712|A655|CXR-HAN-PKX|19:55,2026-05-16,VJ772/VJ7712,A655,A320,CXR-HAN-PKX,15:55,19:55,15:55,19:55,17:45,19:49,19:50,19:55,04:00,02:05,EARLY,ONTIME,ONTIME,DELAY,,,,,,,,,HAN,CXR,PKX,International,VJ,,
2026-05-16|VJ144/VJ161|A811|SGN-HAN-SGN|20:55,2026-05-16,VJ144/VJ161,A811,A330,SGN-HAN-SGN,18:05,20:55,18:05,20:55,18:06,20:49,20:50,20:56,02:50,02:44,EARLY,ONTIME,ONTIME,ONTIME,,,,,,,,,HAN,SGN,SGN,Domestic,VJ,,
2026-05-16|VJ7238|A699|HAN-PVG|21:15,2026-05-16,VJ7238,A699,A320,HAN-PVG,,21:15,,21:15,,21:12,21:13,21:18,,,EARLY,ONTIME,ONTIME,,,,,,,,,,HAN,,PVG,International,VJ,,
2026-05-16|VJ520/VJ1527|A551|DAD-HAN-DAD|21:25,2026-05-16,VJ520/VJ1527,A551,A321,DAD-HAN-DAD,20:55,21:25,20:55,21:25,20:45,21:19,21:20,21:23,00:30,00:35,EARLY,ONTIME,ONTIME,ONTIME,,,,,,,,,HAN,DAD,DAD,Domestic,VJ,,
2026-05-16|VJ154/VJ163|A668|SGN-HAN-SGN|21:25,2026-05-16,VJ154/VJ163,A668,A320,SGN-HAN-SGN,20:55,21:25,20:55,21:25,21:15,21:39,21:40,21:40,00:30,00:25,DELAY,ONTIME,ONTIME,DELAY,,93,00:15,,,,,,HAN,SGN,SGN,Domestic,VJ,,
2026-05-16|VJ949/VJ7526|A683|RMQ-HAN-CAN|22:30,2026-05-16,VJ949/VJ7526,A683,A321,RMQ-HAN-CAN,20:10,22:30,20:10,22:30,20:20,22:26,22:27,22:29,02:20,02:07,EARLY,ONTIME,ONTIME,ONTIME,,,,,,,,,HAN,RMQ,CAN,International,VJ,,
2026-05-16|VJ150/VJ167|A542|SGN-HAN-SGN|22:45,2026-05-16,VJ150/VJ167,A542,A321,SGN-HAN-SGN,19:50,22:45,19:50,22:45,19:45,22:33,22:35,22:36,02:55,02:50,EARLY,ONTIME,ONTIME,ONTIME,,,,,,,,,HAN,SGN,SGN,Domestic,VJ,,
2026-05-17|VJ932|A200|HAN-NRT|00:30,2026-05-17,VJ932,A200,A321,HAN-NRT,,00:30,,00:30,,00:29,00:30,00:33,,,ONTIME,ONTIME,ONTIME,,,,,,,,,,HAN,,NRT,International,VJ,,
2026-05-17|VJ982|A698|HAN-PUS|01:05,2026-05-17,VJ982,A698,A321,HAN-PUS,,01:05,,01:05,,01:02,01:03,01:05,,,EARLY,ONTIME,ONTIME,,,,,,,,,,HAN,,PUS,International,VJ,,
2026-05-17|VJ938|A538|HAN-KIX|01:20,2026-05-17,VJ938,A538,A321,HAN-KIX,,01:20,,01:20,,01:19,01:20,01:22,,,ONTIME,ONTIME,ONTIME,,,,,,,,,,HAN,,KIX,International,VJ,,
2026-05-17|VJ920|A543|HAN-NGO|01:40,2026-05-17,VJ920,A543,A321,HAN-NGO,,01:40,,01:40,,01:39,01:40,01:45,,,ONTIME,ONTIME,ONTIME,,,,,,,,,,HAN,,NGO,International,VJ,,
2026-05-17|VJ960|A549|HAN-ICN|01:40,2026-05-17,VJ960,A549,A321,HAN-ICN,,01:40,,01:40,,01:38,01:40,01:40,,,ONTIME,ONTIME,ONTIME,,,,,,,,,,HAN,,ICN,International,VJ,,
2026-05-17|VJ1980|A662|HAN-FSZ|02:40,2026-05-17,VJ1980,A662,A320,HAN-FSZ,,02:40,,02:40,,02:32,02:33,02:35,,,EARLY,ONTIME,ONTIME,,,,,,,,,,HAN,,FSZ,International,VJ,,
2026-05-17|VJ123|A670|HAN-SGN|05:30,2026-05-17,VJ123,A670,A321,HAN-SGN,,05:30,,05:30,,05:24,05:25,05:29,,,EARLY,ONTIME,ONTIME,,,,,,,,,,HAN,,SGN,Domestic,VJ,,
2026-05-17|VJ501|A516|HAN-DAD|05:40,2026-05-17,VJ501,A516,A321,HAN-DAD,,05:40,,05:40,,05:34,05:35,05:45,,,EARLY,ONTIME,ONTIME,,,,,,,,,,HAN,,DAD,Domestic,VJ,,
2026-05-17|VJ771|A536|HAN-CXR|05:45,2026-05-17,VJ771,A536,A321,HAN-CXR,,05:45,,05:45,,05:37,05:38,05:45,,,EARLY,ONTIME,ONTIME,,,,,,,,,,HAN,,CXR,Domestic,VJ,,
2026-05-17|VJ491|A532|HAN-BMV|06:00,2026-05-17,VJ491,A532,A321,HAN-BMV,,06:00,,06:00,,05:49,05:50,05:53,,,EARLY,ONTIME,ONTIME,,,,,,,,,,HAN,,BMV,Domestic,VJ,,
2026-05-17|VJ121|A550|HAN-SGN|06:00,2026-05-17,VJ121,A550,A321,HAN-SGN,,06:00,,06:00,,05:53,05:55,05:59,,,EARLY,ONTIME,ONTIME,,,,,,,,,,HAN,,SGN,Domestic,VJ,,
2026-05-17|VJ431|A656|HAN-UIH|06:05,2026-05-17,VJ431,A656,A320,HAN-UIH,,06:05,,06:05,,05:59,06:00,06:05,,,EARLY,ONTIME,ONTIME,,,,,,,,,,HAN,,UIH,Domestic,VJ,,
2026-05-17|VJ7713/VJ952|A655|PKX-HAN-HIJ|06:15,2026-05-17,VJ7713/VJ952,A655,A320,PKX-HAN-HIJ,03:55,06:15,03:55,06:15,03:55,06:14,06:15,06:25,02:20,02:20,ONTIME,ONTIME,ONTIME,ONTIME,,,,,,,,,HAN,PKX,HIJ,International,VJ,,
2026-05-17|VJ2987/VJ2987|A553|NOZ-HAN-DAD|06:45,2026-05-17,VJ2987/VJ2987,A553,A321,NOZ-HAN-DAD,06:15,06:45,06:15,06:45,06:25,06:42,06:43,06:50,00:30,00:18,EARLY,ONTIME,ONTIME,ONTIME,,,,,,,,,HAN,NOZ,DAD,Domestic,VJ,,
2026-05-17|VJ125|A544|HAN-SGN|07:00,2026-05-17,VJ125,A544,A321,HAN-SGN,,07:00,,07:00,,06:51,06:52,06:55,,,EARLY,ONTIME,ONTIME,,,,,,,,,,HAN,,SGN,Domestic,VJ,,
2026-05-17|VJ421|A676|HAN-PXU|07:10,2026-05-17,VJ421,A676,A320,HAN-PXU,,07:10,,07:10,,07:04,07:05,07:13,,,EARLY,ONTIME,ONTIME,,,,,,,,,,HAN,,PXU,Domestic,VJ,,
2026-05-17|VJ197|A647|HAN-SGN|07:20,2026-05-17,VJ197,A647,A321,HAN-SGN,,07:20,,07:20,,07:14,07:15,07:17,,,EARLY,ONTIME,ONTIME,,,,,,,,,,HAN,,SGN,Domestic,VJ,,
2026-05-17|VJ7239/VJ905|A699|PVG-HAN-KUL|07:25,2026-05-17,VJ7239/VJ905,A699,A320,PVG-HAN-KUL,04:50,07:25,04:50,07:25,,04:55,07:24,07:25,02:35,,EARLY,ONTIME,ONTIME,ONTIME,,,,,,,,,HAN,PVG,KUL,International,VJ,,
2026-05-17|VJ503|A630|HAN-DAD|07:30,2026-05-17,VJ503,A630,A321,HAN-DAD,,07:30,,07:30,,07:24,07:25,07:32,,,EARLY,ONTIME,ONTIME,,,,,,,,,,HAN,,DAD,Domestic,VJ,,
2026-05-17|VJ972/VJ929|A521|DEL-HAN-CGK|08:40,2026-05-17,VJ972/VJ929,A521,A321,DEL-HAN-CGK,05:40,08:40,05:40,08:40,05:40,08:34,08:35,08:40,03:00,02:55,EARLY,ONTIME,ONTIME,ONTIME,,,,,,,,,HAN,DEL,CGK,International,VJ,,
2026-05-17|VJ447|A651|HAN-PQC|08:45,2026-05-17,VJ447,A651,A321,HAN-PQC,,08:45,,08:45,,08:38,08:40,08:42,,,EARLY,ONTIME,ONTIME,,,,,,,,,,HAN,,PQC,Domestic,VJ,,
2026-05-17|VJ7621/VJ7621|A580|BAX-HAN-CXR|09:00,2026-05-17,VJ7621/VJ7621,A580,A321,BAX-HAN-CXR,08:30,09:00,08:30,09:00,08:25,08:47,08:48,08:55,00:30,00:23,EARLY,ONTIME,ONTIME,ONTIME,,,,,,,,,HAN,BAX,CXR,Domestic,VJ,,
2026-05-17|VJ505|A683|HAN-DAD|09:05,2026-05-17,VJ505,A683,A321,HAN-DAD,,09:05,,09:05,,09:02,09:03,09:05,,,EARLY,ONTIME,ONTIME,,,,,,,,,,HAN,,DAD,Domestic,VJ,,
2026-05-17|VJ514/VJ563|A516|DAD-HAN-HUI|09:20,2026-05-17,VJ514/VJ563,A516,A321,DAD-HAN-HUI,08:50,09:20,08:50,09:20,09:05,09:30,09:31,09:35,00:30,00:26,DELAY,ONTIME,ONTIME,ONTIME,,93,00:11,,,,,,HAN,DAD,HUI,Domestic,VJ,,
2026-05-17|VJ122/VJ915|A685|SGN-HAN-SIN|10:05,2026-05-17,VJ122/VJ915,A685,A321,SGN-HAN-SIN,09:05,10:05,09:05,10:05,09:00,09:59,10:00,10:04,01:00,01:00,EARLY,ONTIME,ONTIME,ONTIME,,,,,,,,,HAN,SGN,SIN,International,VJ,,
2026-05-17|VJ430/VJ463|A656|UIH-HAN-VCA|10:20,2026-05-17,VJ430/VJ463,A656,A320,UIH-HAN-VCA,09:50,10:20,09:50,10:20,09:55,10:29,10:30,10:34,00:30,00:35,DELAY,ONTIME,ONTIME,ONTIME,,66,00:05,49,00:05,,,CREW OB 1002/CAPT DO TECHLOG,HAN,UIH,VCA,Domestic,VJ,,
2026-05-17|VJ1926/VJ997|A525|AMD-HAN-DPS|10:25,2026-05-17,VJ1926/VJ997,A525,A321,AMD-HAN-DPS,05:55,10:25,05:55,10:25,06:10,10:24,10:25,10:30,04:30,04:15,ONTIME,ONTIME,ONTIME,ONTIME,,,,,,,,,HAN,AMD,DPS,International,VJ,,
2026-05-17|VJ492/VJ901|A532|BMV-HAN-BKK|11:10,2026-05-17,VJ492/VJ901,A532,A321,BMV-HAN-BKK,10:00,11:10,10:00,11:10,09:55,11:08,11:10,11:11,01:10,01:15,ONTIME,ONTIME,ONTIME,ONTIME,,,,,,,,,HAN,BMV,BKK,International,VJ,,
2026-05-17|VJ524/VJ507|A630|DAD-HAN-DAD|11:10,2026-05-17,VJ524/VJ507,A630,A321,DAD-HAN-DAD,10:40,11:10,10:40,11:35,11:10,11:44,11:45,12:00,00:55,00:35,DELAY,ONTIME,DELAY,DELAY,,93,00:05,87,00:05,,,STUCK AT PBB,HAN,DAD,DAD,Domestic,VJ,,
2026-05-17|VJ422/VJ451|A676|PXU-HAN-PQC|11:45,2026-05-17,VJ422/VJ451,A676,A320,PXU-HAN-PQC,10:50,11:45,10:50,11:45,10:55,11:33,11:35,11:39,00:55,00:40,EARLY,ONTIME,ONTIME,ONTIME,,,,,,,,,HAN,PXU,PQC,Domestic,VJ,,
2026-05-17|VJ981/VJ515|A698|PUS-HAN-DAD|12:10,2026-05-17,VJ981/VJ515,A698,A321,PUS-HAN-DAD,10:40,12:10,10:40,12:10,10:30,12:03,12:05,12:13,01:30,01:35,EARLY,ONTIME,ONTIME,ONTIME,,,,,,,,,HAN,PUS,DAD,Domestic,VJ,,
2026-05-17|VJ128/VJ137|A650|SGN-HAN-SGN|12:20,2026-05-17,VJ128/VJ137,A650,A320,SGN-HAN-SGN,11:50,12:20,11:50,12:30,12:05,12:39,12:40,12:50,00:40,00:35,DELAY,ONTIME,DELAY,ONTIME,,62B,00:05,99,00:05,,,FO TRAINING DO LOADSHEET/OFFLOAD PILOT GD,HAN,SGN,SGN,Domestic,VJ,,
2026-05-17|VJ770/VJ787|A673|CXR-HAN-CXR|13:10,2026-05-17,VJ770/VJ787,A673,A321,CXR-HAN-CXR,09:55,13:10,09:55,13:10,10:15,13:03,13:04,13:10,03:15,02:49,EARLY,ONTIME,ONTIME,DELAY,,,,,,,,,HAN,CXR,CXR,Domestic,VJ,,
2026-05-17|VJ506/VJ453|A683|DAD-HAN-PQC|13:10,2026-05-17,VJ506/VJ453,A683,A321,DAD-HAN-PQC,12:15,13:10,12:15,13:10,12:40,13:09,13:10,13:13,00:55,00:30,ONTIME,ONTIME,ONTIME,DELAY,,,,,,,,,HAN,DAD,PQC,Domestic,VJ,,
2026-05-17|VJ939/VJ948|A538|KIX-HAN-RMQ|13:50,2026-05-17,VJ939/VJ948,A538,A321,KIX-HAN-RMQ,12:20,13:50,12:20,13:50,12:25,13:49,13:50,13:51,01:30,01:25,ONTIME,ONTIME,ONTIME,ONTIME,,,,,,,,,HAN,KIX,RMQ,International,VJ,,
2026-05-17|VJ564/VJ525|A516|HUI-HAN-DAD|14:05,2026-05-17,VJ564/VJ525,A516,A321,HUI-HAN-DAD,12:20,14:05,12:40,14:05,12:40,14:04,14:05,14:15,01:25,01:25,ONTIME,ONTIME,ONTIME,DELAY,,,,,,,,,HAN,HUI,DAD,Domestic,VJ,,
2026-05-17|VJ921/VJ942|A543|NGO-HAN-TPE|14:25,2026-05-17,VJ921/VJ942,A543,A321,NGO-HAN-TPE,12:50,14:25,12:50,14:25,12:45,14:34,14:35,14:39,01:35,01:50,DELAY,ONTIME,ONTIME,ONTIME,,41,00:10,,,,,TECHNICAL CHECK,HAN,NGO,TPE,International,VJ,,
2026-05-17|VJ440/VJ946|A651|PQC-HAN-KHH|14:35,2026-05-17,VJ440/VJ946,A651,A321,PQC-HAN-KHH,13:30,14:35,13:30,14:35,13:45,14:33,14:35,14:37,01:05,00:50,ONTIME,ONTIME,ONTIME,ONTIME,,,,,,,,,HAN,PQC,KHH,International,VJ,,
2026-05-17|VJ1504/VJ1505|A554|DAD-HAN-DAD|14:35,2026-05-17,VJ1504/VJ1505,A554,A321,DAD-HAN-DAD,14:00,14:35,14:00,14:35,14:10,14:39,14:40,14:50,00:35,00:30,DELAY,ONTIME,ONTIME,ONTIME,,93,00:05,,,,,,HAN,DAD,DAD,Domestic,VJ,,
2026-05-17|VJ961/VJ511|A549|ICN-HAN-DAD|15:05,2026-05-17,VJ961/VJ511,A549,A321,ICN-HAN-DAD,13:35,15:05,13:35,15:05,13:20,14:57,14:58,15:05,01:30,01:38,EARLY,ONTIME,ONTIME,ONTIME,,,,,,,,,HAN,ICN,DAD,Domestic,VJ,,
2026-05-17|VJ198/VJ423|A668|SGN-HAN-PXU|15:05,2026-05-17,VJ198/VJ423,A668,A320,SGN-HAN-PXU,12:40,15:05,12:40,15:05,12:50,15:04,15:05,15:09,02:25,02:15,ONTIME,ONTIME,ONTIME,ONTIME,,,,,,,,,HAN,SGN,PXU,Domestic,VJ,,
2026-05-17|VJ136/VJ145|A550|SGN-HAN-SGN|15:20,2026-05-17,VJ136/VJ145,A550,A321,SGN-HAN-SGN,14:40,15:20,14:40,15:20,14:40,15:24,15:25,15:35,00:40,00:45,DELAY,ONTIME,ONTIME,ONTIME,,66,00:05,,,,,CREW OB 1456,HAN,SGN,SGN,Domestic,VJ,,
2026-05-17|VJ906/VJ439|A699|KUL-HAN-UIH|15:40,2026-05-17,VJ906/VJ439,A699,A320,KUL-HAN-UIH,14:40,15:40,14:40,15:40,14:40,15:37,15:38,15:42,01:00,00:58,EARLY,ONTIME,ONTIME,ONTIME,,,,,,,,,HAN,KUL,UIH,Domestic,VJ,,
2026-05-17|VJ138/VJ147|A689|SGN-HAN-SGN|15:45,2026-05-17,VJ138/VJ147,A689,A320,SGN-HAN-SGN,15:15,15:45,15:15,15:45,15:10,15:43,15:45,16:15,00:30,00:35,ONTIME,ONTIME,DELAY,ONTIME,,,,,,,,LATE PUSHBACK DUE TO VIP FLIGHT,HAN,SGN,SGN,Domestic,VJ,,
2026-05-17|VJ464/VJ567|A656|VCA-HAN-HUI|15:55,2026-05-17,VJ464/VJ567,A656,A320,VCA-HAN-HUI,15:10,15:55,15:10,16:05,15:40,16:19,16:20,16:25,00:55,00:40,DELAY,ONTIME,DELAY,DELAY,,72,00:15,,,,,BAD WX AT HUI,HAN,VCA,HUI,Domestic,VJ,,
2026-05-17|VJ508/VJ773|A698|DAD-HAN-CXR|16:00,2026-05-17,VJ508/VJ773,A698,A321,DAD-HAN-CXR,15:25,16:00,15:25,16:00,15:50,16:14,16:15,16:15,00:35,00:25,DELAY,ONTIME,ONTIME,DELAY,,93,00:15,,,,,,HAN,DAD,CXR,Domestic,VJ,,
2026-05-17|VJ140/VJ151|A632|SGN-HAN-SGN|16:50,2026-05-17,VJ140/VJ151,A632,A321,SGN-HAN-SGN,16:20,16:50,16:20,17:40,17:05,17:49,17:50,17:58,01:20,00:45,DELAY,ONTIME,DELAY,DELAY,,41,00:10,,,,,TECHNICAL CHECK,HAN,SGN,SGN,Domestic,VJ,,
2026-05-17|VJ933/VJ465|A200|NRT-HAN-VCA|17:00,2026-05-17,VJ933/VJ465,A200,A321,NRT-HAN-VCA,13:05,17:00,13:05,17:00,13:00,16:58,16:59,17:02,03:55,03:59,EARLY,ONTIME,ONTIME,ONTIME,,,,,,,,,HAN,NRT,VCA,Domestic,VJ,,
2026-05-17|VJ530/VJ495|A645|DAD-HAN-BMV|17:30,2026-05-17,VJ530/VJ495,A645,A321,DAD-HAN-BMV,16:15,17:30,16:15,17:50,17:13,17:47,17:48,17:52,01:35,00:35,EARLY,ONTIME,DELAY,DELAY,,,,,,,,,HAN,DAD,BMV,Domestic,VJ,,
2026-05-17|VJ528/VJ1153|A516|DAD-HAN-SGN|18:05,2026-05-17,VJ528/VJ1153,A516,A321,DAD-HAN-SGN,17:25,18:05,17:25,18:05,17:40,18:09,18:10,18:15,00:40,00:30,DELAY,ONTIME,ONTIME,ONTIME,,93,00:05,,,,,,HAN,DAD,SGN,Domestic,VJ,,
2026-05-17|VJ774/VJ517|A578|CXR-HAN-DAD|18:10,2026-05-17,VJ774/VJ517,A578,A321,CXR-HAN-DAD,17:30,18:10,17:30,18:30,17:55,18:26,18:28,18:37,01:00,00:33,EARLY,ONTIME,DELAY,DELAY,,,,,,,,,HAN,CXR,DAD,Domestic,VJ,,
2026-05-17|VJ512/VJ521|A549|DAD-HAN-DAD|18:45,2026-05-17,VJ512/VJ521,A549,A321,DAD-HAN-DAD,18:15,18:45,18:15,19:05,18:45,19:14,19:15,19:22,00:50,00:30,DELAY,ONTIME,DELAY,DELAY,,93,00:10,,,,,,HAN,DAD,DAD,Domestic,VJ,,
2026-05-17|VJ456/VJ1127|A683|PQC-HAN-SGN|19:20,2026-05-17,VJ456/VJ1127,A683,A321,PQC-HAN-SGN,17:50,19:20,17:50,19:20,18:20,19:19,19:20,19:29,01:30,01:00,ONTIME,ONTIME,ONTIME,DELAY,,,,,,,,,HAN,PQC,SGN,Domestic,VJ,,
2026-05-17|VJ1981/VJ523|A662|FSZ-HAN-DAD|19:40,2026-05-17,VJ1981/VJ523,A662,A320,FSZ-HAN-DAD,14:00,19:40,14:00,19:40,13:50,19:39,19:40,19:42,05:40,05:50,ONTIME,ONTIME,ONTIME,ONTIME,,,,,,,,,HAN,FSZ,DAD,Domestic,VJ,,
2026-05-17|VJ928/VJ1925|A521|SGN-HAN-AMD|19:45,2026-05-17,VJ928/VJ1925,A521,A321,SGN-HAN-AMD,18:15,19:45,18:15,19:45,18:23,19:44,19:45,19:49,01:30,01:22,ONTIME,ONTIME,ONTIME,ONTIME,,,,,,,,,HAN,SGN,AMD,International,VJ,,
2026-05-17|VJ7614/VJ7614|A552|CXR-HAN-BQS|19:50,2026-05-17,VJ7614/VJ7614,A552,A321,CXR-HAN-BQS,19:20,19:50,19:20,19:50,19:30,19:58,20:00,20:05,00:30,00:30,DELAY,ONTIME,ONTIME,ONTIME,,93,00:10,,,,,,HAN,CXR,BQS,International,VJ,,
2026-05-17|VJ144/VJ455|A534|SGN-HAN-PQC|20:05,2026-05-17,VJ144/VJ455,A534,A321,SGN-HAN-PQC,18:15,20:05,18:15,20:05,19:10,20:04,20:05,20:18,01:50,00:55,ONTIME,ONTIME,ONTIME,DELAY,,,,,,,,,HAN,SGN,PQC,Domestic,VJ,,
2026-05-17|VJ947/VJ163|A651|KHH-HAN-SGN|21:25,2026-05-17,VJ947/VJ163,A651,A321,KHH-HAN-SGN,15:50,21:25,20:35,21:25,20:40,21:24,21:25,21:31,00:50,00:45,ONTIME,ONTIME,ONTIME,DELAY,,,,,,,,,HAN,KHH,SGN,Domestic,VJ,,
2026-05-17|VJ520/VJ1527|A636|DAD-HAN-DAD|21:25,2026-05-17,VJ520/VJ1527,A636,A321,DAD-HAN-DAD,20:55,21:25,20:55,21:25,20:55,21:24,21:25,21:30,00:30,00:30,ONTIME,ONTIME,ONTIME,ONTIME,,,,,,,,,HAN,DAD,DAD,Domestic,VJ,,
2026-05-17|VJ154/VJ167|A645|SGN-HAN-SGN|22:45,2026-05-17,VJ154/VJ167,A645,A321,SGN-HAN-SGN,21:05,22:45,21:05,22:45,21:10,22:39,22:40,22:45,01:40,01:30,EARLY,ONTIME,ONTIME,ONTIME,,,,,,,,,HAN,SGN,SGN,Domestic,VJ,,
2026-05-17|VJ962|A532|SIN-HAN-ICN|23:15,2026-05-17,VJ962,A532,A321,SIN-HAN-ICN,,23:15,,23:15,,23:14,23:15,23:23,,,ONTIME,ONTIME,ONTIME,,,,,,,,,,HAN,SIN,ICN,International,VJ,,
2026-05-18|VJ932|A516|HAN-NRT|00:30,2026-05-18,VJ932,A516,A321,HAN-NRT,,00:30,,00:30,,00:29,00:30,00:38,,,ONTIME,ONTIME,ONTIME,,,,,,,,,,HAN,,NRT,International,VJ,,
2026-05-18|VJ7988/VJ7988|A554|DAD-HAN-VVO|00:45,2026-05-18,VJ7988/VJ7988,A554,A321,DAD-HAN-VVO,00:15,00:45,00:15,00:45,00:00,00:27,00:28,00:40,00:30,00:28,EARLY,ONTIME,ONTIME,ONTIME,,,,,,,,,HAN,DAD,VVO,International,VJ,,
2026-05-18|VJ982|A685|HAN-PUS|01:05,2026-05-18,VJ982,A685,A321,HAN-PUS,,01:05,,01:05,,00:49,00:50,00:52,,,EARLY,ONTIME,ONTIME,,,,,,,,,,HAN,,PUS,International,VJ,,
2026-05-18|VJ938|A551|HAN-KIX|01:20,2026-05-18,VJ938,A551,A321,HAN-KIX,,01:20,,01:20,,01:13,01:14,01:15,,,EARLY,ONTIME,ONTIME,,,,,,,,,,HAN,,KIX,International,VJ,,
2026-05-18|VJ960|A525|HAN-ICN|01:40,2026-05-18,VJ960,A525,A321,HAN-ICN,,01:40,,01:40,,01:39,01:40,01:43,,,ONTIME,ONTIME,ONTIME,,,,,,,,,,HAN,,ICN,International,VJ,,
2026-05-18|VJ920|A200|HAN-NGO|01:40,2026-05-18,VJ920,A200,A321,HAN-NGO,,01:40,,01:40,,01:34,01:35,01:39,,,EARLY,ONTIME,ONTIME,,,,,,,,,,HAN,,NGO,International,VJ,,
2026-05-18|VJ123|A580|HAN-SGN|05:30,2026-05-18,VJ123,A580,A321,HAN-SGN,,05:30,,05:30,,05:23,05:24,05:27,,,EARLY,ONTIME,ONTIME,,,,,,,,,,HAN,,SGN,Domestic,VJ,,
2026-05-18|VJ501|A673|HAN-DAD|05:40,2026-05-18,VJ501,A673,A321,HAN-DAD,,05:40,,05:40,,05:34,05:35,05:40,,,EARLY,ONTIME,ONTIME,,,,,,,,,,HAN,,DAD,Domestic,VJ,,
2026-05-18|VJ771|A699|HAN-CXR|05:45,2026-05-18,VJ771,A699,A320,HAN-CXR,,05:45,,05:45,,05:39,05:40,05:48,,,EARLY,ONTIME,ONTIME,,,,,,,,,,HAN,,CXR,Domestic,VJ,,
2026-05-18|VJ121|A640|HAN-SGN|06:00,2026-05-18,VJ121,A640,A321,HAN-SGN,,06:00,,06:00,,05:52,05:54,05:56,,,EARLY,ONTIME,ONTIME,,,,,,,,,,HAN,,SGN,Domestic,VJ,,
2026-05-18|VJ491|A543|HAN-BMV|06:00,2026-05-18,VJ491,A543,A321,HAN-BMV,,06:00,,06:00,,05:53,05:54,05:56,,,EARLY,ONTIME,ONTIME,,,,,,,,,,HAN,,BMV,Domestic,VJ,,
2026-05-18|VJ431|A655|HAN-UIH|06:05,2026-05-18,VJ431,A655,A320,HAN-UIH,,06:05,,06:05,,05:59,06:00,06:07,,,EARLY,ONTIME,ONTIME,,,,,,,,,,HAN,,UIH,Domestic,VJ,,
2026-05-18|VJ197|A535|HAN-SGN|07:20,2026-05-18,VJ197,A535,A321,HAN-SGN,,07:20,,07:20,,07:14,07:15,07:19,,,EARLY,ONTIME,ONTIME,,,,,,,,,,HAN,,SGN,Domestic,VJ,,
2026-05-18|VJ1926/VJ503|A521|AMD-HAN-DAD|07:30,2026-05-18,VJ1926/VJ503,A521,A321,AMD-HAN-DAD,05:55,07:30,05:55,07:30,06:14,07:29,07:30,07:40,01:35,01:16,ONTIME,ONTIME,ONTIME,DELAY,,,,,,,,,HAN,AMD,DAD,Domestic,VJ,,
2026-05-18|VJ129|A683|HAN-SGN|08:45,2026-05-18,VJ129,A683,A321,HAN-SGN,,08:45,,08:45,,08:44,08:45,08:50,,,ONTIME,ONTIME,ONTIME,,,,,,,,,,HAN,,SGN,Domestic,VJ,,
2026-05-18|VJ447|A578|HAN-PQC|08:45,2026-05-18,VJ447,A578,A321,HAN-PQC,,08:45,,08:45,,08:44,08:45,08:48,,,ONTIME,ONTIME,ONTIME,,,,,,,,,,HAN,,PQC,Domestic,VJ,,
2026-05-18|VJ7615/VJ7615|A552|BQS-HAN-CXR|08:50,2026-05-18,VJ7615/VJ7615,A552,A321,BQS-HAN-CXR,08:20,08:50,08:20,08:50,09:00,09:19,09:20,09:20,00:30,00:20,DELAY,DELAY,DELAY,DELAY,,93,00:30,,,,,,HAN,BQS,CXR,Domestic,VJ,,
2026-05-18|VJ505|A656|HAN-DAD|09:05,2026-05-18,VJ505,A656,A320,HAN-DAD,,09:05,,09:05,,08:53,08:54,08:57,,,EARLY,ONTIME,ONTIME,,,,,,,,,,HAN,,DAD,Domestic,VJ,,
2026-05-18|VJ514/VJ563|A673|DAD-HAN-HUI|09:20,2026-05-18,VJ514/VJ563,A673,A321,DAD-HAN-HUI,08:50,09:20,08:50,09:20,09:00,09:24,09:25,09:30,00:30,00:25,DELAY,ONTIME,ONTIME,ONTIME,,93,00:10,,,,,,HAN,DAD,HUI,Domestic,VJ,,
2026-05-18|VJ126/VJ131|A646|SGN-HAN-SGN|10:10,2026-05-18,VJ126/VJ131,A646,A321,SGN-HAN-SGN,09:40,10:10,09:40,10:10,09:33,10:18,10:19,10:20,00:30,00:46,DELAY,ONTIME,ONTIME,ONTIME,,99,00:09,,,,,WAIT FOR CAPT MAKE SECURITY CHECK LIST,HAN,SGN,SGN,Domestic,VJ,,
2026-05-18|VJ463|A668|HAN-VCA|10:20,2026-05-18,VJ463,A668,A320,HAN-VCA,,10:20,,10:20,,10:18,10:20,10:30,,,ONTIME,ONTIME,ONTIME,,,,,,,,,,HAN,,VCA,Domestic,VJ,,
2026-05-18|VJ122/VJ997|A500|SGN-HAN-DPS|10:25,2026-05-18,VJ122/VJ997,A500,A321,SGN-HAN-DPS,09:05,10:25,09:05,10:25,09:07,10:19,10:20,10:25,01:20,01:13,EARLY,ONTIME,ONTIME,ONTIME,,,,,,,,,HAN,SGN,DPS,International,VJ,,
2026-05-18|VJ492/VJ901|A543|BMV-HAN-BKK|11:10,2026-05-18,VJ492/VJ901,A543,A321,BMV-HAN-BKK,10:00,11:10,10:00,11:10,09:55,10:54,10:55,11:00,01:10,01:00,EARLY,ONTIME,ONTIME,ONTIME,,,,,,,,,HAN,BMV,BKK,International,VJ,,
2026-05-18|VJ524/VJ507|A521|DAD-HAN-DAD|11:10,2026-05-18,VJ524/VJ507,A521,A321,DAD-HAN-DAD,10:40,11:10,10:40,11:10,11:10,11:34,11:35,11:40,00:30,00:25,DELAY,DELAY,DELAY,DELAY,,93,00:25,,,,,,HAN,DAD,DAD,Domestic,VJ,,
2026-05-18|VJ130/VJ133|A645|SGN-HAN-SGN|11:20,2026-05-18,VJ130/VJ133,A645,A321,SGN-HAN-SGN,10:50,11:20,10:50,11:20,10:50,11:19,11:20,11:27,00:30,00:30,ONTIME,ONTIME,ONTIME,ONTIME,,,,,,,,,HAN,SGN,SGN,Domestic,VJ,,
2026-05-18|VJ430/VJ451|A655|UIH-HAN-PQC|11:45,2026-05-18,VJ430/VJ451,A655,A320,UIH-HAN-PQC,09:50,11:45,09:50,11:45,09:55,11:39,11:40,11:48,01:55,01:45,EARLY,ONTIME,ONTIME,ONTIME,,,,,,,,,HAN,UIH,PQC,Domestic,VJ,,
2026-05-18|VJ775|A676|HAN-CXR|11:45,2026-05-18,VJ775,A676,A320,HAN-CXR,,11:45,,11:45,,11:40,11:41,11:52,,,EARLY,ONTIME,ONTIME,,,,,,,,,,HAN,,CXR,Domestic,VJ,,
2026-05-18|VJ515|A658|HAN-DAD|12:10,2026-05-18,VJ515,A658,A320,HAN-DAD,,12:10,,12:10,,12:07,12:08,12:12,,,EARLY,ONTIME,ONTIME,,,,,,,,,,HAN,,DAD,Domestic,VJ,,
2026-05-18|VJ770/VJ137|A671|CXR-HAN-SGN|12:20,2026-05-18,VJ770/VJ137,A671,A320,CXR-HAN-SGN,10:10,12:20,10:10,12:20,10:27,12:34,12:35,12:50,02:10,02:08,DELAY,ONTIME,DELAY,DELAY,,99,00:15,,,,,OFFLOAD 01 PAX OB & SYNC BAGGAGE,HAN,CXR,SGN,Domestic,VJ,,
2026-05-18|VJ7989/VJ7989|A554|VVO-HAN-DAD|12:55,2026-05-18,VJ7989/VJ7989,A554,A321,VVO-HAN-DAD,12:25,12:55,12:25,12:55,12:40,13:04,13:05,13:10,00:30,00:25,DELAY,ONTIME,ONTIME,ONTIME,,93,00:10,,,,,,HAN,VVO,DAD,Domestic,VJ,,
2026-05-18|VJ506/VJ453|A656|DAD-HAN-PQC|13:00,2026-05-18,VJ506/VJ453,A656,A320,DAD-HAN-PQC,12:15,13:00,12:15,13:00,12:15,12:59,13:00,13:09,00:45,00:45,ONTIME,ONTIME,ONTIME,ONTIME,,,,,,,,,HAN,DAD,PQC,Domestic,VJ,,
2026-05-18|VJ564/VJ787|A673|HUI-HAN-CXR|13:10,2026-05-18,VJ564/VJ787,A673,A321,HUI-HAN-CXR,12:20,13:10,12:20,13:10,12:45,13:14,13:15,13:20,00:50,00:30,DELAY,ONTIME,ONTIME,DELAY,,93,00:05,,,,,,HAN,HUI,CXR,Domestic,VJ,,
2026-05-18|VJ963/VJ948|A532|ICN-HAN-RMQ|13:30,2026-05-18,VJ963/VJ948,A532,A321,ICN-HAN-RMQ,08:55,13:30,08:55,13:30,08:58,13:26,13:27,13:29,04:35,04:29,EARLY,ONTIME,ONTIME,ONTIME,,,,,,,,,HAN,ICN,RMQ,International,VJ,,
2026-05-18|VJ198/VJ942|A535|SGN-HAN-TPE|14:25,2026-05-18,VJ198/VJ942,A535,A321,SGN-HAN-TPE,12:40,14:25,12:40,14:25,12:35,14:19,14:20,14:25,01:45,01:45,EARLY,ONTIME,ONTIME,ONTIME,,,,,,,,,HAN,SGN,TPE,International,VJ,,
2026-05-18|VJ440/VJ946|A578|PQC-HAN-KHH|14:35,2026-05-18,VJ440/VJ946,A578,A321,PQC-HAN-KHH,13:30,14:35,13:30,14:35,13:40,14:26,14:28,14:30,01:05,00:48,EARLY,ONTIME,ONTIME,ONTIME,,,,,,,,,HAN,PQC,KHH,International,VJ,,
2026-05-18|VJ1504/VJ1505|A632|DAD-HAN-DAD|14:35,2026-05-18,VJ1504/VJ1505,A632,A321,DAD-HAN-DAD,14:00,14:35,14:00,14:35,14:15,14:44,14:45,14:50,00:35,00:30,DELAY,ONTIME,ONTIME,ONTIME,,93,00:10,,,,,,HAN,DAD,DAD,Domestic,VJ,,
2026-05-18|VJ939/VJ145|A551|KIX-HAN-SGN|14:40,2026-05-18,VJ939/VJ145,A551,A321,KIX-HAN-SGN,12:20,14:40,12:20,14:40,12:20,14:39,14:40,14:48,02:20,02:20,ONTIME,ONTIME,ONTIME,ONTIME,,,,,,,,,HAN,KIX,SGN,Domestic,VJ,,
2026-05-18|VJ981/VJ511|A685|PUS-HAN-DAD|15:05,2026-05-18,VJ981/VJ511,A685,A321,PUS-HAN-DAD,10:40,15:05,10:40,15:05,10:20,15:02,15:03,15:05,04:25,04:43,EARLY,ONTIME,ONTIME,ONTIME,,,,,,,,,HAN,PUS,DAD,Domestic,VJ,,
2026-05-18|VJ921/VJ423|A200|NGO-HAN-PXU|15:05,2026-05-18,VJ921/VJ423,A200,A321,NGO-HAN-PXU,12:50,15:05,12:50,15:05,12:40,15:03,15:05,15:08,02:15,02:25,ONTIME,ONTIME,ONTIME,ONTIME,,,,,,,,,HAN,NGO,PXU,Domestic,VJ,,
2026-05-18|VJ961/VJ439|A525|ICN-HAN-UIH|15:40,2026-05-18,VJ961/VJ439,A525,A321,ICN-HAN-UIH,13:35,15:40,13:35,15:40,13:17,15:37,15:38,15:39,02:05,02:21,EARLY,ONTIME,ONTIME,ONTIME,,,,,,,,,HAN,ICN,UIH,Domestic,VJ,,
2026-05-18|VJ138/VJ147|A666|SGN-HAN-SGN|15:45,2026-05-18,VJ138/VJ147,A666,A320,SGN-HAN-SGN,15:15,15:45,15:15,15:45,15:35,15:54,15:55,16:00,00:30,00:20,DELAY,ONTIME,ONTIME,DELAY,,93,00:10,,,,,,HAN,SGN,SGN,Domestic,VJ,,
2026-05-18|VJ933/VJ567|A516|NRT-HAN-HUI|15:55,2026-05-18,VJ933/VJ567,A516,A321,NRT-HAN-HUI,13:05,15:55,13:05,15:55,13:09,15:49,15:50,16:10,02:50,02:41,EARLY,ONTIME,ONTIME,ONTIME,,,,,,,,,HAN,NRT,HUI,Domestic,VJ,,
2026-05-18|VJ508/VJ773|A643|DAD-HAN-CXR|16:00,2026-05-18,VJ508/VJ773,A643,A321,DAD-HAN-CXR,15:25,16:00,15:25,16:00,15:25,16:04,16:05,16:15,00:35,00:40,DELAY,ONTIME,ONTIME,ONTIME,,66,00:05,,,,,CHANGE CREW HAN OB 1537,HAN,DAD,CXR,Domestic,VJ,,
2026-05-18|VJ128/VJ913|A687|SGN-HAN-SAI|16:20,2026-05-18,VJ128/VJ913,A687,A321,SGN-HAN-SAI,11:50,16:20,11:50,16:20,11:55,16:18,16:20,16:23,04:30,04:25,ONTIME,ONTIME,ONTIME,ONTIME,,,,,,,,,HAN,SGN,SAI,International,VJ,,
2026-05-18|VJ772/VJ1513|A676|CXR-HAN-DAD|16:35,2026-05-18,VJ772/VJ1513,A676,A320,CXR-HAN-DAD,15:55,16:35,15:55,16:35,16:30,16:54,16:55,17:04,00:40,00:25,DELAY,DELAY,DELAY,DELAY,,93,00:20,,,,,,HAN,CXR,DAD,Domestic,VJ,,
2026-05-18|VJ140/VJ151|A645|SGN-HAN-SGN|16:50,2026-05-18,VJ140/VJ151,A645,A321,SGN-HAN-SGN,16:20,16:50,16:20,16:50,16:45,17:14,17:15,17:18,00:30,00:30,DELAY,DELAY,DELAY,DELAY,,93,00:25,,,,,,HAN,SGN,SGN,Domestic,VJ,,
2026-05-18|VJ530/VJ465|A554|DAD-HAN-VCA|17:00,2026-05-18,VJ530/VJ465,A554,A321,DAD-HAN-VCA,16:15,17:00,16:15,17:00,16:00,16:59,17:00,17:05,00:45,01:00,ONTIME,ONTIME,ONTIME,ONTIME,,,,,,,,,HAN,DAD,VCA,Domestic,VJ,,
2026-05-18|VJ464/VJ495|A668|VCA-HAN-BMV|17:30,2026-05-18,VJ464/VJ495,A668,A320,VCA-HAN-BMV,15:10,17:30,15:10,17:30,15:45,17:28,17:30,17:35,02:20,01:45,ONTIME,ONTIME,ONTIME,DELAY,,,,,,,,,HAN,VCA,BMV,Domestic,VJ,,
2026-05-18|VJ530/VJ517|A554|DAD-HAN-DAD|18:00,2026-05-18,VJ530/VJ517,A554,A321,DAD-HAN-DAD,16:15,18:00,16:15,18:00,16:45,17:48,17:50,17:52,01:45,01:05,EARLY,ONTIME,ONTIME,DELAY,,,,,,,,,HAN,DAD,DAD,Domestic,VJ,,
2026-05-18|VJ512/VJ521|A685|DAD-HAN-DAD|18:45,2026-05-18,VJ512/VJ521,A685,A321,DAD-HAN-DAD,18:15,18:45,18:15,18:45,18:25,18:48,18:49,18:50,00:30,00:24,DELAY,ONTIME,ONTIME,ONTIME,,93,00:04,,,,,,HAN,DAD,DAD,Domestic,VJ,,
2026-05-18|VJ456/VJ1127|A656|PQC-HAN-SGN|19:20,2026-05-18,VJ456/VJ1127,A656,A320,PQC-HAN-SGN,17:45,19:20,17:45,19:20,18:15,19:18,19:20,19:20,01:35,01:05,ONTIME,ONTIME,ONTIME,DELAY,,,,,,,,,HAN,PQC,SGN,Domestic,VJ,,
2026-05-18|VJ568/VJ523|A516|HUI-HAN-DAD|19:40,2026-05-18,VJ568/VJ523,A516,A321,HUI-HAN-DAD,18:55,19:40,18:55,19:40,19:15,19:38,19:39,19:43,00:45,00:24,EARLY,ONTIME,ONTIME,DELAY,,,,,,,,,HAN,HUI,DAD,Domestic,VJ,,
2026-05-18|VJ452/VJ907|A534|PQC-HAN-BOM|20:05,2026-05-18,VJ452/VJ907,A534,A321,PQC-HAN-BOM,14:45,20:05,14:45,20:05,14:45,19:48,19:49,20:01,05:20,05:04,EARLY,ONTIME,ONTIME,ONTIME,,,,,,,,,HAN,PQC,BOM,International,VJ,,
2026-05-18|VJ510/VJ455|A521|DAD-HAN-PQC|20:05,2026-05-18,VJ510/VJ455,A521,A321,DAD-HAN-PQC,14:35,20:05,15:00,20:05,15:00,20:01,20:03,20:04,05:05,05:03,EARLY,ONTIME,ONTIME,DELAY,,,,,,,,,HAN,DAD,PQC,Domestic,VJ,,
2026-05-18|VJ144/VJ161|A548|SGN-HAN-SGN|20:55,2026-05-18,VJ144/VJ161,A548,A321,SGN-HAN-SGN,18:05,20:55,18:05,20:55,18:20,20:47,20:48,20:51,02:50,02:28,EARLY,ONTIME,ONTIME,ONTIME,,,,,,,,,HAN,SGN,SGN,Domestic,VJ,,
2026-05-18|VJ154/VJ163|A672|SGN-HAN-SGN|21:25,2026-05-18,VJ154/VJ163,A672,A320,SGN-HAN-SGN,20:55,21:25,20:55,21:25,21:15,21:31,21:32,21:37,00:30,00:17,DELAY,ONTIME,ONTIME,DELAY,,93,00:07,,,,,,HAN,SGN,SGN,Domestic,VJ,,
2026-05-18|VJ776/VJ1527|A643|CXR-HAN-DAD|21:25,2026-05-18,VJ776/VJ1527,A643,A321,CXR-HAN-DAD,20:10,21:25,20:10,21:25,21:10,21:39,21:40,21:40,01:15,00:30,DELAY,ONTIME,ONTIME,DELAY,,93,00:15,,,,,,HAN,CXR,DAD,Domestic,VJ,,
2026-05-18|VJ914/VJ7526|A687|SAI-HAN-CAN|22:30,2026-05-18,VJ914/VJ7526,A687,A321,SAI-HAN-CAN,20:50,22:30,20:50,22:30,20:50,22:29,22:30,22:32,01:40,01:40,ONTIME,ONTIME,ONTIME,ONTIME,,,,,,,,,HAN,SAI,CAN,International,VJ,,
2026-05-18|VJ150/VJ167|A670|SGN-HAN-SGN|22:45,2026-05-18,VJ150/VJ167,A670,A321,SGN-HAN-SGN,19:50,22:45,19:50,22:45,20:05,22:23,22:24,22:30,02:55,02:19,EARLY,ONTIME,ONTIME,ONTIME,,,,,,,,,HAN,SGN,SGN,Domestic,VJ,,
2026-05-18|VJ947/VJ962|A578|KHH-HAN-ICN|23:15,2026-05-18,VJ947/VJ962,A578,A321,KHH-HAN-ICN,20:35,23:15,20:35,23:15,20:35,23:14,23:15,23:18,02:40,02:40,ONTIME,ONTIME,ONTIME,ONTIME,,,,,,,,,HAN,KHH,ICN,International,VJ,,
2026-05-19|VJ932|A200|HAN-NRT|00:30,2026-05-19,VJ932,A200,A321,HAN-NRT,,00:30,,00:30,,00:29,00:30,00:33,,,ONTIME,ONTIME,ONTIME,,,,,,,,,,HAN,,NRT,International,VJ,,
2026-05-19|VJ938|A525|HAN-KIX|01:20,2026-05-19,VJ938,A525,A321,HAN-KIX,,01:20,,01:20,,01:04,01:05,01:08,,,EARLY,ONTIME,ONTIME,,,,,,,,,,HAN,,KIX,International,VJ,,
2026-05-19|VJ960|A554|HAN-ICN|01:40,2026-05-19,VJ960,A554,A321,HAN-ICN,,01:40,,01:40,,01:32,01:33,01:35,,,EARLY,ONTIME,ONTIME,,,,,,,,,,HAN,,ICN,International,VJ,,
2026-05-19|VJ958|A640|HAN-FUK|02:05,2026-05-19,VJ958,A640,A321,HAN-FUK,,02:05,,02:05,,02:04,02:05,02:07,,,ONTIME,ONTIME,ONTIME,,,,,,,,,,HAN,,FUK,International,VJ,,
2026-05-19|VJ1980|A656|HAN-FSZ|02:40,2026-05-19,VJ1980,A656,A320,HAN-FSZ,,02:40,,02:40,,02:39,02:40,02:47,,,ONTIME,ONTIME,ONTIME,,,,,,,,,,HAN,,FSZ,International,VJ,,
2026-05-19|VJ501|A532|HAN-DAD|05:40,2026-05-19,VJ501,A532,A321,HAN-DAD,,05:40,,05:40,,05:34,05:35,05:45,,,EARLY,ONTIME,ONTIME,,,,,,,,,,HAN,,DAD,Domestic,VJ,,
2026-05-19|VJ771|A549|HAN-CXR|05:45,2026-05-19,VJ771,A549,A321,HAN-CXR,,05:45,,05:45,,05:39,05:40,05:45,,,EARLY,ONTIME,ONTIME,,,,,,,,,,HAN,,CXR,Domestic,VJ,,
2026-05-19|VJ121|A546|HAN-SGN|06:00,2026-05-19,VJ121,A546,A321,HAN-SGN,,06:00,,06:00,,05:54,05:55,06:00,,,EARLY,ONTIME,ONTIME,,,,,,,,,,HAN,,SGN,Domestic,VJ,,
2026-05-19|VJ491|A552|HAN-BMV|06:00,2026-05-19,VJ491,A552,A321,HAN-BMV,,06:00,,06:00,,05:54,05:55,06:05,,,EARLY,ONTIME,ONTIME,,,,,,,,,,HAN,,BMV,Domestic,VJ,,
2026-05-19|VJ7527/VJ431|A687|CAN-HAN-UIH|06:05,2026-05-19,VJ7527/VJ431,A687,A321,CAN-HAN-UIH,03:05,06:05,03:05,07:30,03:35,07:29,07:30,07:32,04:25,03:55,ONTIME,ONTIME,DELAY,DELAY,,,,,,,,CHANGE A/C FOR TECHNICAL REASON,HAN,CAN,UIH,Domestic,VJ,,
2026-05-19|VJ952|A650|HAN-HIJ|06:15,2026-05-19,VJ952,A650,A320,HAN-HIJ,,06:15,,06:15,,06:14,06:15,06:25,,,ONTIME,ONTIME,ONTIME,,,,,,,,,OFFLOAD 1PAX 1PC,HAN,,HIJ,International,VJ,,
2026-05-19|VJ197|A535|HAN-SGN|07:20,2026-05-19,VJ197,A535,A321,HAN-SGN,,07:20,,07:20,,07:14,07:15,07:21,,,EARLY,ONTIME,ONTIME,,,,,,,,,,HAN,,SGN,Domestic,VJ,,
2026-05-19|VJ905|A676|HAN-KUL|07:25,2026-05-19,VJ905,A676,A320,HAN-KUL,,07:25,,07:25,,07:19,07:20,07:24,,,EARLY,ONTIME,ONTIME,,,,,,,,,,HAN,,KUL,International,VJ,,
2026-05-19|VJ503|A543|HAN-DAD|07:30,2026-05-19,VJ503,A543,A321,HAN-DAD,,07:30,,07:30,,07:24,07:25,07:30,,,EARLY,ONTIME,ONTIME,,,,,,,,,,HAN,,DAD,Domestic,VJ,,
2026-05-19|VJ910/VJ929|A534|BOM-HAN-CGK|08:40,2026-05-19,VJ910/VJ929,A534,A321,BOM-HAN-CGK,07:10,08:40,07:10,08:40,07:15,08:34,08:35,08:38,01:30,01:20,EARLY,ONTIME,ONTIME,ONTIME,,,,,,,,,HAN,BOM,CGK,International,VJ,,
2026-05-19|VJ447|A516|HAN-PQC|08:45,2026-05-19,VJ447,A516,A321,HAN-PQC,,08:45,,08:45,,08:45,08:45,08:47,,,ONTIME,ONTIME,ONTIME,,,,,,,,,,HAN,,PQC,Domestic,VJ,,
2026-05-19|VJ129|A655|HAN-SGN|09:00,2026-05-19,VJ129,A655,A320,HAN-SGN,,09:00,,09:00,,08:53,08:54,08:55,,,EARLY,ONTIME,ONTIME,,,,,,,,,,HAN,,SGN,Domestic,VJ,,
2026-05-19|VJ514/VJ563|A532|DAD-HAN-HUI|09:20,2026-05-19,VJ514/VJ563,A532,A321,DAD-HAN-HUI,08:50,09:20,08:50,09:20,09:10,09:34,09:35,09:35,00:30,00:25,DELAY,ONTIME,ONTIME,DELAY,,93,00:15,,,,,,HAN,DAD,HUI,Domestic,VJ,,
2026-05-19|VJ915|A500|HAN-SIN|09:35,2026-05-19,VJ915,A500,A321,HAN-SIN,,09:35,,09:35,,09:34,09:35,09:35,,,ONTIME,ONTIME,ONTIME,,,,,,,,,,HAN,,SIN,International,VJ,,
2026-05-19|VJ126/VJ131|A649|SGN-HAN-SGN|10:10,2026-05-19,VJ126/VJ131,A649,A321,SGN-HAN-SGN,09:40,10:10,09:40,10:10,09:40,10:09,10:10,10:17,00:30,00:30,ONTIME,ONTIME,ONTIME,ONTIME,,,,,,,,,HAN,SGN,SGN,Domestic,VJ,,
2026-05-19|VJ124/VJ463|A669|SGN-HAN-VCA|10:20,2026-05-19,VJ124/VJ463,A669,A320,SGN-HAN-VCA,08:30,10:20,08:30,10:20,08:12,10:10,10:11,10:18,01:50,01:59,EARLY,ONTIME,ONTIME,ONTIME,,,,,,,,,HAN,SGN,VCA,Domestic,VJ,,
2026-05-19|VJ524/VJ507|A543|DAD-HAN-DAD|11:10,2026-05-19,VJ524/VJ507,A543,A321,DAD-HAN-DAD,10:40,11:10,10:40,11:40,11:15,11:39,11:40,11:52,01:00,00:25,ONTIME,ONTIME,DELAY,DELAY,,,,,,,,,HAN,DAD,DAD,Domestic,VJ,,
2026-05-19|VJ963/VJ901|A578|ICN-HAN-BKK|11:10,2026-05-19,VJ963/VJ901,A578,A321,ICN-HAN-BKK,08:55,11:10,08:55,11:10,09:00,11:09,11:10,11:13,02:15,02:10,ONTIME,ONTIME,ONTIME,ONTIME,,,,,,,,,HAN,ICN,BKK,International,VJ,,
2026-05-19|VJ130/VJ133|A672|SGN-HAN-SGN|11:20,2026-05-19,VJ130/VJ133,A672,A320,SGN-HAN-SGN,10:50,11:20,10:50,11:20,10:55,11:19,11:20,11:25,00:30,00:25,ONTIME,ONTIME,ONTIME,ONTIME,,,,,,,,,HAN,SGN,SGN,Domestic,VJ,,
2026-05-19|VJ770/VJ451|A542|ICN-HAN-PQC|11:45,2026-05-19,VJ770/VJ451,A542,A321,ICN-HAN-PQC,10:10,11:45,10:10,11:45,10:30,11:32,11:33,11:42,01:35,01:03,EARLY,ONTIME,ONTIME,DELAY,,,,,,,,,HAN,ICN,PQC,Domestic,VJ,,
2026-05-19|VJ492/VJ515|A552|BMV-HAN-DAD|12:10,2026-05-19,VJ492/VJ515,A552,A321,BMV-HAN-DAD,10:00,12:10,10:00,12:10,10:00,12:01,12:02,12:04,02:10,02:02,EARLY,ONTIME,ONTIME,ONTIME,,,,,,,,,HAN,BMV,DAD,Domestic,VJ,,
2026-05-19|VJ430/VJ137|A687|UIH-HAN-SGN|12:20,2026-05-19,VJ430/VJ137,A687,A321,UIH-HAN-SGN,11:30,12:20,11:30,12:20,11:15,12:19,12:20,12:23,00:50,01:05,ONTIME,ONTIME,ONTIME,ONTIME,,,,,,,,,HAN,UIH,SGN,Domestic,VJ,,
2026-05-19|VJ959/VJ453|A532|HUI-HAN-PQC|13:00,2026-05-19,VJ959/VJ453,A532,A321,HUI-HAN-PQC,12:20,13:00,12:20,13:00,11:25,12:57,12:58,13:00,00:40,01:33,EARLY,ONTIME,ONTIME,ONTIME,,,,,,,,,HAN,HUI,PQC,Domestic,VJ,,
2026-05-19|VJ787|A550|HAN-CXR|13:10,2026-05-19,VJ787,A550,A321,HAN-CXR,,13:10,,13:10,,13:07,13:08,13:19,,,EARLY,ONTIME,ONTIME,,,,,,,,,,HAN,,CXR,Domestic,VJ,,
2026-05-19|VJ564/VJ948|A640|FUK-HAN-RMQ|13:30,2026-05-19,VJ564/VJ948,A640,A321,FUK-HAN-RMQ,11:45,13:30,11:45,13:30,12:50,13:29,13:30,13:40,01:45,00:40,ONTIME,ONTIME,ONTIME,DELAY,,,,,,,,,HAN,FUK,RMQ,International,VJ,,
2026-05-19|VJ939/VJ441|A525|KIX-HAN-PQC|14:00,2026-05-19,VJ939/VJ441,A525,A321,KIX-HAN-PQC,12:20,14:00,12:20,14:00,12:15,13:55,13:56,14:00,01:40,01:41,EARLY,ONTIME,ONTIME,ONTIME,,,,,,,,,HAN,KIX,PQC,Domestic,VJ,,
2026-05-19|VJ440/VJ525|A516|PQC-HAN-DAD|14:05,2026-05-19,VJ440/VJ525,A516,A321,PQC-HAN-DAD,13:30,14:05,13:30,14:05,13:45,14:14,14:15,14:20,00:35,00:30,DELAY,ONTIME,ONTIME,ONTIME,,93,00:10,,,,,,HAN,PQC,DAD,Domestic,VJ,,
2026-05-19|VJ1504/VJ1505|A645|DAD-HAN-DAD|14:35,2026-05-19,VJ1504/VJ1505,A645,A321,DAD-HAN-DAD,14:00,14:35,14:00,14:35,14:30,14:59,15:00,15:04,00:35,00:30,DELAY,DELAY,DELAY,DELAY,,93,00:25,,,,,,HAN,DAD,DAD,Domestic,VJ,,
2026-05-19|VJ440/VJ145|A687|PQC-HAN-SGN|14:40,2026-05-19,VJ440/VJ145,A687,A321,PQC-HAN-SGN,13:30,14:40,13:30,14:40,12:25,14:49,14:50,15:05,01:10,02:25,DELAY,ONTIME,DELAY,ONTIME,,84,00:10,,,,,DL 10P DUE TO ATC (CTOT 1511),HAN,PQC,SGN,Domestic,VJ,,
2026-05-19|VJ933/VJ511|A200|NRT-HAN-DAD|15:05,2026-05-19,VJ933/VJ511,A200,A321,NRT-HAN-DAD,13:05,15:05,13:05,15:05,12:50,15:04,15:05,15:08,02:00,02:15,ONTIME,ONTIME,ONTIME,ONTIME,,,,,,,,,HAN,NRT,DAD,Domestic,VJ,,
2026-05-19|VJ961/VJ423|A554|ICN-HAN-PXU|15:05,2026-05-19,VJ961/VJ423,A554,A321,ICN-HAN-PXU,13:35,15:05,13:35,15:05,13:40,15:04,15:05,15:15,01:30,01:25,ONTIME,ONTIME,ONTIME,ONTIME,,,,,,,,,HAN,ICN,PXU,Domestic,VJ,,
2026-05-19|VJ1981/VJ439|A656|FSZ-HAN-UIH|15:40,2026-05-19,VJ1981/VJ439,A656,A320,FSZ-HAN-UIH,14:00,15:40,14:00,15:40,14:00,15:39,15:40,15:55,01:40,01:40,ONTIME,ONTIME,ONTIME,ONTIME,,,,,,,,,HAN,FSZ,UIH,Domestic,VJ,,
2026-05-19|VJ138/VJ147|A675|SGN-HAN-SGN|15:45,2026-05-19,VJ138/VJ147,A675,A320,SGN-HAN-SGN,15:15,15:45,15:15,15:45,15:30,15:54,15:55,16:25,00:30,00:25,DELAY,ONTIME,DELAY,ONTIME,,93,00:10,,,,,,HAN,SGN,SGN,Domestic,VJ,,
2026-05-19|VJ906/VJ567|A676|KUL-HAN-HUI|15:55,2026-05-19,VJ906/VJ567,A676,A320,KUL-HAN-HUI,14:40,15:55,14:40,15:55,14:20,15:54,15:55,16:10,01:15,01:35,ONTIME,ONTIME,ONTIME,ONTIME,,,,,,,,,HAN,KUL,HUI,Domestic,VJ,,
2026-05-19|VJ508/VJ773|A552|DAD-HAN-CXR|16:00,2026-05-19,VJ508/VJ773,A552,A321,DAD-HAN-CXR,15:25,16:00,15:25,16:00,15:50,16:14,16:15,16:30,00:35,00:25,DELAY,ONTIME,DELAY,DELAY,,93,00:15,,,,,,HAN,DAD,CXR,Domestic,VJ,,
2026-05-19|VJ140/VJ151|A666|SGN-HAN-SGN|16:50,2026-05-19,VJ140/VJ151,A666,A320,SGN-HAN-SGN,16:20,16:50,16:20,16:50,16:50,17:14,17:15,17:18,00:30,00:25,DELAY,DELAY,DELAY,DELAY,,93,00:25,,,,,,HAN,SGN,SGN,Domestic,VJ,,
2026-05-19|VJ5068/VJ5068|A580|CXR-HAN-NOZ|17:00,2026-05-19,VJ5068/VJ5068,A580,A321,CXR-HAN-NOZ,16:25,17:00,16:25,17:00,16:50,17:14,17:15,17:15,00:35,00:25,DELAY,ONTIME,ONTIME,DELAY,,93,00:15,,,,,,HAN,CXR,NOZ,International,VJ,,
2026-05-19|VJ464/VJ465|A669|VCA-HAN-VCA|17:00,2026-05-19,VJ464/VJ465,A669,A320,VCA-HAN-VCA,15:10,17:00,15:10,17:00,15:10,16:59,17:00,17:10,01:50,01:50,ONTIME,ONTIME,ONTIME,ONTIME,,,,,,,,,HAN,VCA,VCA,Domestic,VJ,,
2026-05-19|VJ454/VJ495|A542|PQC-HAN-BMV|17:30,2026-05-19,VJ454/VJ495,A542,A321,PQC-HAN-BMV,16:45,17:30,16:45,17:30,17:05,17:34,17:35,17:40,00:45,00:30,DELAY,ONTIME,ONTIME,DELAY,,93,00:05,,,,,,HAN,PQC,BMV,Domestic,VJ,,
2026-05-19|VJ530/VJ517|A643|DAD-HAN-DAD|17:45,2026-05-19,VJ530/VJ517,A643,A321,DAD-HAN-DAD,16:15,17:45,16:15,17:45,16:40,17:33,17:35,17:36,01:30,00:55,EARLY,ONTIME,ONTIME,DELAY,,,,,,,,,HAN,DAD,DAD,Domestic,VJ,,
2026-05-19|VJ953/VJ1153|A650|HIJ-HAN-SGN|18:05,2026-05-19,VJ953/VJ1153,A650,A320,HIJ-HAN-SGN,16:10,18:05,16:10,18:05,16:45,18:01,18:02,18:05,01:55,01:17,EARLY,ONTIME,ONTIME,DELAY,,,,,,,,,HAN,HIJ,SGN,Domestic,VJ,,
2026-05-19|VJ528/VJ521|A516|DAD-HAN-DAD|18:45,2026-05-19,VJ528/VJ521,A516,A321,DAD-HAN-DAD,17:25,18:45,17:25,18:45,17:50,18:44,18:45,18:50,01:20,00:55,ONTIME,ONTIME,ONTIME,DELAY,,,,,,,,,HAN,DAD,DAD,Domestic,VJ,,
2026-05-19|VJ928/VJ1127|A534|CGK-HAN-SGN|19:20,2026-05-19,VJ928/VJ1127,A534,A321,CGK-HAN-SGN,18:15,19:20,18:15,19:20,18:25,19:09,19:10,19:13,01:05,00:45,EARLY,ONTIME,ONTIME,ONTIME,,,,,,,,,HAN,CGK,SGN,Domestic,VJ,,
2026-05-19|VJ916/VJ971|A500|SIN-HAN-DEL|19:40,2026-05-19,VJ916/VJ971,A500,A321,SIN-HAN-DEL,17:25,19:40,17:25,19:40,17:08,19:39,19:40,19:42,02:15,02:32,ONTIME,ONTIME,ONTIME,ONTIME,,,,,,,,,HAN,SIN,DEL,International,VJ,,
2026-05-19|VJ568/VJ523|A676|HUI-HAN-DAD|19:40,2026-05-19,VJ568/VJ523,A676,A320,HUI-HAN-DAD,18:55,19:40,18:55,19:40,19:30,19:47,19:48,19:50,00:45,00:18,DELAY,ONTIME,ONTIME,DELAY,,93,00:08,,,,,,HAN,HUI,DAD,Domestic,VJ,,
2026-05-19|VJ902/VJ1925|A578|PQC-HAN-AMD|19:45,2026-05-19,VJ902/VJ1925,A578,A321,PQC-HAN-AMD,16:45,19:45,16:45,19:45,16:30,19:38,19:40,19:47,03:00,03:10,EARLY,ONTIME,ONTIME,ONTIME,,,,,,,,,HAN,PQC,AMD,International,VJ,,
2026-05-19|VJ150/VJ161|A689|SGN-HAN-SGN|20:55,2026-05-19,VJ150/VJ161,A689,A320,SGN-HAN-SGN,19:50,20:55,19:50,20:55,20:05,20:48,20:50,20:52,01:05,00:45,EARLY,ONTIME,ONTIME,ONTIME,,,,,,,,,HAN,SGN,SGN,Domestic,VJ,,
2026-05-19|VJ154/VJ163|A693|SGN-HAN-SGN|21:25,2026-05-19,VJ154/VJ163,A693,A321,SGN-HAN-SGN,20:55,21:25,20:55,21:25,20:45,21:11,21:12,21:14,00:30,00:27,EARLY,ONTIME,ONTIME,ONTIME,,,,,,,,,HAN,SGN,SGN,Domestic,VJ,,
2026-05-19|VJ512/VJ1527|A200|PQC-HAN-DAD|21:25,2026-05-19,VJ512/VJ1527,A200,A321,PQC-HAN-DAD,19:05,21:25,19:05,21:25,18:52,21:21,21:22,21:29,02:20,02:30,EARLY,ONTIME,ONTIME,ONTIME,,,,,,,,,HAN,PQC,DAD,Domestic,VJ,,
2026-05-19|VJ144/VJ167|A542|SGN-HAN-SGN|22:45,2026-05-19,VJ144/VJ167,A542,A321,SGN-HAN-SGN,18:05,22:45,18:05,22:45,18:27,22:39,22:40,22:45,04:40,04:13,EARLY,ONTIME,ONTIME,DELAY,,,,,,,,,HAN,SGN,SGN,Domestic,VJ,,
2026-05-20|VJ932|A525|HAN-NRT|00:30,2026-05-20,VJ932,A525,A321,HAN-NRT,,00:30,,00:30,,00:27,00:28,00:29,,,EARLY,ONTIME,ONTIME,,,,,,,,,,HAN,,NRT,International,VJ,,
2026-05-20|VJ7706/VJ7706|A549|CXR-HAN-KHV|01:05,2026-05-20,VJ7706/VJ7706,A549,A321,CXR-HAN-KHV,00:35,01:05,00:35,01:05,01:00,01:29,01:30,01:45,00:30,00:30,DELAY,DELAY,DELAY,DELAY,,93,00:25,,,,,,HAN,CXR,KHV,International,VJ,,
2026-05-20|VJ982|A640|HAN-PUS|01:05,2026-05-20,VJ982,A640,A321,HAN-PUS,,01:05,,03:00,,02:59,03:00,03:04,,,ONTIME,ONTIME,DELAY,,,,,,,,,,HAN,,PUS,International,VJ,,
2026-05-20|VJ938|A554|HAN-KIX|01:20,2026-05-20,VJ938,A554,A321,HAN-KIX,,01:20,,01:20,,01:08,01:10,01:15,,,EARLY,ONTIME,ONTIME,,,,,,,,,,HAN,,KIX,International,VJ,,
2026-05-20|VJ920|A534|HAN-NGO|01:40,2026-05-20,VJ920,A534,A321,HAN-NGO,,01:40,,03:45,,03:59,04:00,04:10,,,DELAY,ONTIME,DELAY,,,61,00:15,,,,,GROUND RETURN CHANGE AC,HAN,,NGO,International,VJ,,
2026-05-20|VJ960|A698|HAN-ICN|01:40,2026-05-20,VJ960,A698,A321,HAN-ICN,,01:40,,01:40,,01:34,01:35,01:50,,,EARLY,ONTIME,ONTIME,,,,,,,,,,HAN,,ICN,International,VJ,,
2026-05-20|VJ501|A542|HAN-DAD|05:40,2026-05-20,VJ501,A542,A321,HAN-DAD,,05:40,,05:40,,05:34,05:35,05:44,,,EARLY,ONTIME,ONTIME,,,,,,,,,,HAN,,DAD,Domestic,VJ,,
2026-05-20|VJ771|A516|HAN-CXR|05:45,2026-05-20,VJ771,A516,A321,HAN-CXR,,05:45,,05:45,,05:39,05:40,05:48,,,EARLY,ONTIME,ONTIME,,,,,,,,,,HAN,,CXR,Domestic,VJ,,
2026-05-20|VJ491|A656|HAN-BMV|06:00,2026-05-20,VJ491,A656,A320,HAN-BMV,,06:00,,06:00,,05:54,05:55,06:03,,,EARLY,ONTIME,ONTIME,,,,,,,,,,HAN,,BMV,Domestic,VJ,,
2026-05-20|VJ121|A532|HAN-SGN|06:00,2026-05-20,VJ121,A532,A321,HAN-SGN,,06:00,,06:00,,05:54,05:55,06:03,,,EARLY,ONTIME,ONTIME,,,,,,,,,,HAN,,SGN,Domestic,VJ,,
2026-05-20|VJ431|A676|HAN-UIH|06:05,2026-05-20,VJ431,A676,A320,HAN-UIH,,06:05,,06:05,,05:59,06:00,06:05,,,EARLY,ONTIME,ONTIME,,,,,,,,,,HAN,,UIH,Domestic,VJ,,
2026-05-20|VJ5069/VJ5069|A580|NOZ-HAN-CXR|06:45,2026-05-20,VJ5069/VJ5069,A580,A321,NOZ-HAN-CXR,08:30,06:45,06:15,06:45,06:20,06:38,06:39,06:42,00:30,00:19,EARLY,ONTIME,ONTIME,ONTIME,,,,,,,,,HAN,NOZ,CXR,Domestic,VJ,,
2026-05-20|VJ421|A668|HAN-PXU|07:10,2026-05-20,VJ421,A668,A320,HAN-PXU,,07:10,,07:10,,07:04,07:05,07:15,,,EARLY,ONTIME,ONTIME,,,,,,,,,,HAN,,PXU,Domestic,VJ,,
2026-05-20|VJ197|A669|HAN-SGN|07:20,2026-05-20,VJ197,A669,A320,HAN-SGN,,07:20,,07:20,,07:14,07:15,07:18,,,EARLY,ONTIME,ONTIME,,,,,,,,,,HAN,,SGN,Domestic,VJ,,
2026-05-20|VJ503|A685|HAN-DAD|07:30,2026-05-20,VJ503,A685,A321,HAN-DAD,,07:30,,07:30,,07:21,07:22,07:30,,,EARLY,ONTIME,ONTIME,,,,,,,,,,HAN,,DAD,Domestic,VJ,,
2026-05-20|VJ124/VJ129|A641|SGN-HAN-SGN|08:45,2026-05-20,VJ124/VJ129,A641,A321,SGN-HAN-SGN,08:15,08:45,08:15,08:45,08:10,08:44,08:45,08:50,00:30,00:35,ONTIME,ONTIME,ONTIME,ONTIME,,,,,,,,,HAN,SGN,SGN,Domestic,VJ,,
2026-05-20|VJ972/VJ447|A500|DEL-HAN-PQC|08:45,2026-05-20,VJ972/VJ447,A500,A321,DEL-HAN-PQC,05:40,08:45,05:40,08:45,06:05,08:44,08:45,08:47,03:05,02:40,ONTIME,ONTIME,ONTIME,DELAY,,,,,,,,,HAN,DEL,PQC,Domestic,VJ,,
2026-05-20|VJ505|A643|HAN-DAD|09:05,2026-05-20,VJ505,A643,A321,HAN-DAD,,09:05,,09:05,,09:04,09:05,09:15,,,ONTIME,ONTIME,ONTIME,,,,,,,,,,HAN,,DAD,Domestic,VJ,,
2026-05-20|VJ514/VJ563|A542|DAD-HAN-HUI|09:20,2026-05-20,VJ514/VJ563,A542,A321,DAD-HAN-HUI,08:50,09:20,08:50,09:20,09:15,09:44,09:45,09:48,00:30,00:30,DELAY,DELAY,DELAY,DELAY,,93,00:15,,,,,,HAN,DAD,HUI,Domestic,VJ,,
2026-05-20|VJ126/VJ131|A544|SGN-HAN-SGN|10:10,2026-05-20,VJ126/VJ131,A544,A321,SGN-HAN-SGN,09:40,10:10,09:40,10:10,09:30,10:09,10:10,10:15,00:30,00:40,ONTIME,ONTIME,ONTIME,ONTIME,,,,,,,,,HAN,SGN,SGN,Domestic,VJ,,
2026-05-20|VJ1926/VJ997|A578|AMD-HAN-DPS|10:25,2026-05-20,VJ1926/VJ997,A578,A321,AMD-HAN-DPS,05:55,10:25,05:55,10:25,06:25,10:24,10:25,10:28,04:30,04:00,ONTIME,ONTIME,ONTIME,DELAY,,,,,,,,,HAN,AMD,DPS,International,VJ,,
2026-05-20|VJ430/VJ463|A676|UIH-HAN-VCA|10:30,2026-05-20,VJ430/VJ463,A676,A320,UIH-HAN-VCA,09:50,10:30,09:50,10:30,10:00,10:34,10:35,10:37,00:40,00:35,DELAY,ONTIME,ONTIME,ONTIME,,66,00:05,,,,,CHANGE CREW OB 1009,HAN,UIH,VCA,Domestic,VJ,,
2026-05-20|VJ122/VJ901|A648|SGN-HAN-BKK|11:10,2026-05-20,VJ122/VJ901,A648,A321,SGN-HAN-BKK,09:05,11:10,09:05,11:10,08:55,11:09,11:10,11:15,02:05,02:15,ONTIME,ONTIME,ONTIME,ONTIME,,,,,,,,,HAN,SGN,BKK,International,VJ,,
2026-05-20|VJ524/VJ507|A685|DAD-HAN-DAD|11:10,2026-05-20,VJ524/VJ507,A685,A321,DAD-HAN-DAD,10:40,11:10,10:40,11:10,11:10,11:34,11:35,11:40,00:30,00:25,DELAY,DELAY,DELAY,DELAY,,93,00:25,,,,,,HAN,DAD,DAD,Domestic,VJ,,
2026-05-20|VJ492/VJ133|A656|BMV-HAN-SGN|11:20,2026-05-20,VJ492/VJ133,A656,A320,BMV-HAN-SGN,10:00,11:20,10:00,11:20,10:15,11:12,11:13,11:21,01:20,00:58,EARLY,ONTIME,ONTIME,ONTIME,,,,,,,,,HAN,BMV,SGN,Domestic,VJ,,
2026-05-20|VJ422/VJ451|A668|PXU-HAN-PQC|11:45,2026-05-20,VJ422/VJ451,A668,A320,PXU-HAN-PQC,10:50,11:45,10:50,11:45,11:15,11:44,11:45,11:54,00:55,00:30,ONTIME,ONTIME,ONTIME,DELAY,,,,,,,,,HAN,PXU,PQC,Domestic,VJ,,
2026-05-20|VJ775|A548|HAN-CXR|11:45,2026-05-20,VJ775,A548,A321,HAN-CXR,,11:45,,11:45,,11:44,11:45,11:55,,,ONTIME,ONTIME,ONTIME,,,,,,,,,,HAN,,CXR,Domestic,VJ,,
2026-05-20|VJ130/VJ515|A575|SGN-HAN-DAD|12:10,2026-05-20,VJ130/VJ515,A575,A321,SGN-HAN-DAD,10:50,12:10,10:50,12:10,11:00,12:09,12:10,12:20,01:20,01:10,ONTIME,ONTIME,ONTIME,ONTIME,,,,,,,,,HAN,SGN,DAD,Domestic,VJ,,
2026-05-20|VJ128/VJ137|A674|SGN-HAN-SGN|12:20,2026-05-20,VJ128/VJ137,A674,A321,SGN-HAN-SGN,11:50,12:20,11:50,12:20,12:00,12:29,12:30,12:35,00:30,00:30,DELAY,ONTIME,ONTIME,ONTIME,,93,00:10,,,,,,HAN,SGN,SGN,Domestic,VJ,,
2026-05-20|VJ506/VJ453|A643|DAD-HAN-PQC|13:00,2026-05-20,VJ506/VJ453,A643,A321,DAD-HAN-PQC,12:15,13:00,12:15,13:00,10:45,12:56,12:57,13:00,00:45,02:12,EARLY,ONTIME,ONTIME,ONTIME,,,,,,,,,HAN,DAD,PQC,Domestic,VJ,,
2026-05-20|VJ981/VJ787|A640|PUS-HAN-CXR|13:10,2026-05-20,VJ981/VJ787,A640,A321,PUS-HAN-CXR,10:40,13:10,10:40,13:10,12:05,13:09,13:10,13:15,02:30,01:05,ONTIME,ONTIME,ONTIME,DELAY,,,,,,,,,HAN,PUS,CXR,Domestic,VJ,,
2026-05-20|VJ981/VJ948|A532|KIX-HAN-RMQ|13:30,2026-05-20,VJ981/VJ948,A532,A321,KIX-HAN-RMQ,12:40,13:30,12:40,13:30,13:20,13:24,13:25,13:38,00:50,00:05,EARLY,ONTIME,ONTIME,DELAY,,,,,,,,,HAN,KIX,RMQ,International,VJ,,
2026-05-20|VJ933/VJ942|A525|NRT-HAN-TPE|14:25,2026-05-20,VJ933/VJ942,A525,A321,NRT-HAN-TPE,13:05,14:25,13:05,14:25,13:25,14:19,14:20,14:22,01:20,00:55,EARLY,ONTIME,ONTIME,DELAY,,,,,,,,,HAN,NRT,TPE,International,VJ,,
2026-05-20|VJ440/VJ946|A500|PQC-HAN-KHH|14:35,2026-05-20,VJ440/VJ946,A500,A321,PQC-HAN-KHH,13:30,14:35,13:30,14:35,13:40,14:34,14:35,14:40,01:05,00:55,ONTIME,ONTIME,ONTIME,ONTIME,,,,,,,,,HAN,PQC,KHH,International,VJ,,
2026-05-20|VJ564/VJ145|A542|HUI-HAN-SGN|14:40,2026-05-20,VJ564/VJ145,A542,A321,HUI-HAN-SGN,12:20,14:40,12:20,14:40,12:40,14:36,14:37,14:39,02:20,01:57,EARLY,ONTIME,ONTIME,DELAY,,,,,,,,,HAN,HUI,SGN,Domestic,VJ,,
2026-05-20|VJ1504/VJ1505|A200|DAD-HAN-DAD|14:50,2026-05-20,VJ1504/VJ1505,A200,A321,DAD-HAN-DAD,14:15,14:50,14:15,14:50,14:25,14:59,15:00,15:05,00:35,00:35,DELAY,ONTIME,ONTIME,ONTIME,,93,00:05,99,00:05,,,ARRANGE PAX DUPE SEAT,HAN,DAD,DAD,Domestic,VJ,,
2026-05-20|VJ7707/VJ7707|A549|KHV-HAN-CXR|14:55,2026-05-20,VJ7707/VJ7707,A549,A321,KHV-HAN-CXR,14:25,14:55,14:25,14:55,14:35,14:54,14:55,15:00,00:30,00:20,ONTIME,ONTIME,ONTIME,ONTIME,,,,,,,,,HAN,KHV,CXR,Domestic,VJ,,
2026-05-20|VJ506/VJ511|A546|DAD-HAN-DAD|15:05,2026-05-20,VJ506/VJ511,A546,A321,DAD-HAN-DAD,12:15,15:05,12:15,15:05,15:02,15:04,15:05,15:10,02:50,00:03,ONTIME,ONTIME,ONTIME,DELAY,,,,,,,,,HAN,DAD,DAD,Domestic,VJ,,
2026-05-20|VJ961/VJ423|A698|ICN-HAN-PXU|15:05,2026-05-20,VJ961/VJ423,A698,A321,ICN-HAN-PXU,12:05,15:05,12:05,15:05,13:55,15:01,15:02,15:04,03:00,01:07,EARLY,ONTIME,ONTIME,DELAY,,,,,,,,,HAN,ICN,PXU,Domestic,VJ,,
2026-05-20|VJ198/VJ439|A669|SGN-HAN-UIH|15:40,2026-05-20,VJ198/VJ439,A669,A320,SGN-HAN-UIH,12:40,15:40,12:40,15:40,13:05,15:39,15:40,15:48,03:00,02:35,ONTIME,ONTIME,ONTIME,DELAY,,,,,,,,,HAN,SGN,UIH,Domestic,VJ,,
2026-05-20|VJ138/VJ147|A658|SGN-HAN-SGN|15:45,2026-05-20,VJ138/VJ147,A658,A320,SGN-HAN-SGN,15:15,15:45,15:15,15:45,15:10,15:44,15:45,15:52,00:30,00:35,ONTIME,ONTIME,ONTIME,ONTIME,,,,,,,,,HAN,SGN,SGN,Domestic,VJ,,
2026-05-20|VJ464/VJ567|A676|VCA-HAN-HUI|15:55,2026-05-20,VJ464/VJ567,A676,A320,VCA-HAN-HUI,15:20,15:55,15:20,15:55,15:45,16:09,16:10,16:20,00:35,00:25,DELAY,ONTIME,DELAY,DELAY,,93,00:15,,,,,,HAN,VCA,HUI,Domestic,VJ,,
2026-05-20|VJ921/VJ773|A516|NGO-HAN-CXR|16:00,2026-05-20,VJ921/VJ773,A516,A321,NGO-HAN-CXR,14:30,16:00,14:30,16:00,15:20,15:58,15:59,16:05,01:30,00:39,EARLY,ONTIME,ONTIME,DELAY,,,,,,,,,HAN,NGO,CXR,Domestic,VJ,,
2026-05-20|VJ136/VJ913|A535|SGN-HAN-SAI|16:20,2026-05-20,VJ136/VJ913,A535,A321,SGN-HAN-SAI,14:10,16:20,14:10,16:20,13:56,16:09,16:10,16:25,02:10,02:14,EARLY,ONTIME,ONTIME,ONTIME,,,,,,,,,HAN,SGN,SAI,International,VJ,,
2026-05-20|VJ772/VJ1513|A548|CXR-HAN-DAD|16:35,2026-05-20,VJ772/VJ1513,A548,A321,CXR-HAN-DAD,15:55,16:35,15:55,16:35,16:55,17:24,17:25,17:33,00:40,00:30,DELAY,DELAY,DELAY,DELAY,,93,00:50,,,,,,HAN,CXR,DAD,Domestic,VJ,,
2026-05-20|VJ140/VJ151|A632|SGN-HAN-SGN|16:50,2026-05-20,VJ140/VJ151,A632,A321,SGN-HAN-SGN,16:20,16:50,16:20,16:50,16:30,16:59,17:00,17:04,00:30,00:30,DELAY,ONTIME,ONTIME,ONTIME,,93,00:10,,,,,,HAN,SGN,SGN,Domestic,VJ,,
2026-05-20|VJ452/VJ465|A629|PQC-HAN-VCA|17:00,2026-05-20,VJ452/VJ465,A629,A321,PQC-HAN-VCA,14:35,17:00,14:35,17:00,16:35,17:04,17:05,17:10,02:25,00:30,DELAY,ONTIME,ONTIME,DELAY,,93,00:05,,,,,,HAN,PQC,VCA,Domestic,VJ,,
2026-05-20|VJ902/VJ495|A648|BKK-HAN-BMV|17:30,2026-05-20,VJ902/VJ495,A648,A321,BKK-HAN-BMV,15:50,17:30,15:50,17:30,16:00,17:29,17:30,17:33,01:40,01:30,ONTIME,ONTIME,ONTIME,ONTIME,,,,,,,,,HAN,BKK,BMV,Domestic,VJ,,
2026-05-20|VJ774/VJ517|A633|CXR-HAN-DAD|18:00,2026-05-20,VJ774/VJ517,A633,A321,CXR-HAN-DAD,17:30,18:00,17:30,18:30,18:15,18:44,18:45,18:52,01:00,00:30,DELAY,ONTIME,DELAY,DELAY,,93,00:15,,,,,,HAN,CXR,DAD,Domestic,VJ,,
2026-05-20|VJ456/VJ1153|A643|PQC-HAN-SGN|18:20,2026-05-20,VJ456/VJ1153,A643,A321,PQC-HAN-SGN,17:45,18:20,17:45,18:20,17:55,18:19,18:20,18:25,00:35,00:25,ONTIME,ONTIME,ONTIME,ONTIME,,,,,,,,,HAN,PQC,SGN,Domestic,VJ,,
2026-05-20|VJ456/VJ521|A536|PQC-HAN-DAD|18:45,2026-05-20,VJ456/VJ521,A536,A321,PQC-HAN-DAD,17:45,18:45,17:45,18:45,17:55,18:36,18:37,18:40,01:00,00:42,EARLY,ONTIME,ONTIME,ONTIME,,,,,,,,,HAN,PQC,DAD,Domestic,VJ,,
2026-05-20|VJ7658/VJ7658|A553|DAD-HAN-BQS|19:10,2026-05-20,VJ7658/VJ7658,A553,A321,DAD-HAN-BQS,18:40,19:10,18:40,19:40,19:00,19:24,19:25,19:25,01:00,00:25,EARLY,ONTIME,ONTIME,DELAY,,,,,,,,,HAN,DAD,BQS,International,VJ,,
2026-05-20|VJ508/VJ1127|A663|DAD-HAN-SGN|19:20,2026-05-20,VJ508/VJ1127,A663,A320,DAD-HAN-SGN,15:25,19:20,15:25,19:20,15:25,19:19,19:20,19:23,03:55,03:55,ONTIME,ONTIME,ONTIME,ONTIME,,,,,,,,,HAN,DAD,SGN,Domestic,VJ,,
2026-05-20|VJ512/VJ523|A546|DAD-HAN-DAD|19:40,2026-05-20,VJ512/VJ523,A546,A321,DAD-HAN-DAD,18:15,19:40,18:15,19:40,18:50,19:39,19:40,19:47,01:25,00:50,ONTIME,ONTIME,ONTIME,DELAY,,,,,,,,,HAN,DAD,DAD,Domestic,VJ,,
2026-05-20|VJ454/VJ7712|A668|PQC-HAN-PKX|19:55,2026-05-20,VJ454/VJ7712,A668,A320,PQC-HAN-PKX,16:45,19:55,16:45,19:55,16:50,19:44,19:45,19:47,03:10,02:55,EARLY,ONTIME,ONTIME,ONTIME,,,,,,,,,HAN,PQC,PKX,International,VJ,,
2026-05-20|VJ144/VJ907|A524|SGN-HAN-BOM|20:05,2026-05-20,VJ144/VJ907,A524,A321,SGN-HAN-BOM,18:05,20:05,18:05,20:05,17:55,20:02,20:03,20:09,02:00,02:08,EARLY,ONTIME,ONTIME,ONTIME,,,,,,,,,HAN,SGN,BOM,International,VJ,,
2026-05-20|VJ530/VJ455|A575|DAD-HAN-PQC|20:05,2026-05-20,VJ530/VJ455,A575,A321,DAD-HAN-PQC,16:15,20:05,16:15,20:05,16:20,20:04,20:05,20:13,03:50,03:45,ONTIME,ONTIME,ONTIME,ONTIME,,,,,,,,,HAN,DAD,PQC,Domestic,VJ,,
2026-05-20|VJ424/VJ7815|A698|PXU-HAN-MNL|20:10,2026-05-20,VJ424/VJ7815,A698,A321,PXU-HAN-MNL,18:45,20:10,18:45,20:10,18:55,19:59,20:00,20:04,01:25,01:05,EARLY,ONTIME,ONTIME,ONTIME,,,,,,,,,HAN,PXU,MNL,International,VJ,,
2026-05-20|VJ150/VJ161|A542|SGN-HAN-SGN|20:55,2026-05-20,VJ150/VJ161,A542,A321,SGN-HAN-SGN,19:50,20:55,19:50,20:55,19:55,20:50,20:51,20:55,01:05,00:56,EARLY,ONTIME,ONTIME,ONTIME,,,,,,,,,HAN,SGN,SGN,Domestic,VJ,,
2026-05-20|VJ568/VJ7238|A676|HUI-HAN-PVG|21:15,2026-05-20,VJ568/VJ7238,A676,A320,HUI-HAN-PVG,18:55,21:15,18:55,21:15,19:15,21:09,21:10,21:15,02:20,01:55,EARLY,ONTIME,ONTIME,DELAY,,,,,,,,,HAN,HUI,PVG,International,VJ,,
2026-05-20|VJ154/VJ163|A666|SGN-HAN-SGN|21:25,2026-05-20,VJ154/VJ163,A666,A320,SGN-HAN-SGN,20:55,21:25,20:55,21:25,21:03,21:24,21:25,21:33,00:30,00:22,ONTIME,ONTIME,ONTIME,ONTIME,,,,,,,,,HAN,SGN,SGN,Domestic,VJ,,
2026-05-20|VJ520/VJ1527|A633|DAD-HAN-DAD|21:40,2026-05-20,VJ520/VJ1527,A633,A321,DAD-HAN-DAD,21:10,21:40,21:10,21:40,21:15,22:04,22:05,22:10,00:30,00:50,DELAY,DELAY,DELAY,ONTIME,,93,00:05,95,00:10,87,00:05,CHANGE CREW 7658 (OB 21:30)/STUCK TBB/ PASSENGER STABILIZATION ON AIRCRAFT,HAN,DAD,DAD,Domestic,VJ,,
2026-05-20|VJ496/VJ962|A648|BMV-HAN-ICN|23:15,2026-05-20,VJ496/VJ962,A648,A321,BMV-HAN-ICN,21:30,23:15,21:30,23:15,21:45,23:14,23:15,23:20,01:45,01:30,ONTIME,ONTIME,ONTIME,ONTIME,,,,,,,,,HAN,BMV,ICN,International,VJ,,
2026-05-21|VJ7704/VJ7704|A516|CXR-HAN-VVO|00:20,2026-05-21,VJ7704/VJ7704,A516,A321,CXR-HAN-VVO,23:50,00:20,23:50,00:20,23:50,00:19,00:20,00:34,00:30,00:30,ONTIME,ONTIME,ONTIME,ONTIME,,,,,,,,,HAN,CXR,VVO,International,VJ,,
2026-05-21|VJ932|A500|HAN-NRT|00:30,2026-05-21,VJ932,A500,A321,HAN-NRT,,00:30,,00:30,,00:22,00:23,00:25,,,EARLY,ONTIME,ONTIME,,,,,,,,,,HAN,,NRT,International,VJ,,
2026-05-21|VJ982|A629|HAN-PUS|01:05,2026-05-21,VJ982,A629,A321,HAN-PUS,,01:05,,01:05,,00:42,00:43,00:45,,,EARLY,ONTIME,ONTIME,,,,,,,,,,HAN,,PUS,International,VJ,,
2026-05-21|VJ938|A525|HAN-KIX|01:20,2026-05-21,VJ938,A525,A321,HAN-KIX,,01:20,,01:20,,01:19,01:20,01:35,,,ONTIME,ONTIME,ONTIME,,,,,,,,,,HAN,,KIX,International,VJ,,
2026-05-21|VJ960|A578|HAN-ICN|01:40,2026-05-21,VJ960,A578,A321,HAN-ICN,,01:40,,01:40,,01:29,01:30,01:31,,,EARLY,ONTIME,ONTIME,,,,,,,,,,HAN,,ICN,International,VJ,,
2026-05-21|VJ958|A535|HAN-FUK|02:05,2026-05-21,VJ958,A535,A321,HAN-FUK,,02:05,,02:05,,01:56,01:57,02:05,,,EARLY,ONTIME,ONTIME,,,,,,,,,,HAN,,FUK,International,VJ,,
2026-05-21|VJ1980|A663|HAN-FSZ|02:40,2026-05-21,VJ1980,A663,A320,HAN-FSZ,,02:40,,02:40,,02:19,02:20,02:30,,,EARLY,ONTIME,ONTIME,,,,,,,,,,HAN,,FSZ,International,VJ,,
2026-05-21|VJ501|A546|HAN-DAD|05:40,2026-05-21,VJ501,A546,A321,HAN-DAD,,05:40,,05:40,,05:34,05:35,05:40,,,EARLY,ONTIME,ONTIME,,,,,,,,,,HAN,,DAD,Domestic,VJ,,
2026-05-21|VJ771|A549|HAN-CXR|05:45,2026-05-21,VJ771,A549,A321,HAN-CXR,,05:45,,05:45,,05:39,05:40,05:45,,,EARLY,ONTIME,ONTIME,,,,,,,,,,HAN,,CXR,Domestic,VJ,,
2026-05-21|VJ121|A667|HAN-SGN|06:00,2026-05-21,VJ121,A667,A321,HAN-SGN,,06:00,,06:00,,05:54,05:55,06:05,,,EARLY,ONTIME,ONTIME,,,,,,,,,,HAN,,SGN,Domestic,VJ,,
2026-05-21|VJ7816/VJ491|A698|MNL-HAN-BMV|06:00,2026-05-21,VJ7816/VJ491,A698,A321,MNL-HAN-BMV,03:50,06:00,03:50,06:00,03:20,05:54,05:55,06:04,02:10,02:35,EARLY,ONTIME,ONTIME,ONTIME,,,,,,,,,HAN,MNL,BMV,Domestic,VJ,,
2026-05-21|VJ7239/VJ431|A676|PVG-HAN-UIH|06:05,2026-05-21,VJ7239/VJ431,A676,A320,PVG-HAN-UIH,04:50,06:05,04:50,06:05,04:50,05:59,06:00,06:05,01:15,01:10,EARLY,ONTIME,ONTIME,ONTIME,,,,,,,,,HAN,PVG,UIH,Domestic,VJ,,
2026-05-21|VJ952|A669|HAN-HIJ|06:15,2026-05-21,VJ952,A669,A320,HAN-HIJ,,06:15,,06:15,,06:04,06:05,06:10,,,EARLY,ONTIME,ONTIME,,,,,,,,,,HAN,,HIJ,International,VJ,,
2026-05-21|VJ125|A542|HAN-SGN|07:00,2026-05-21,VJ125,A542,A321,HAN-SGN,,07:00,,07:00,,06:54,06:55,07:09,,,EARLY,ONTIME,ONTIME,,,,,,,,,,HAN,,SGN,Domestic,VJ,,
2026-05-21|VJ905|A671|HAN-KUL|07:25,2026-05-21,VJ905,A671,A320,HAN-KUL,,07:25,,07:25,,07:19,07:20,07:30,,,EARLY,ONTIME,ONTIME,,,,,,,,,,HAN,,KUL,International,VJ,,
2026-05-21|VJ503|A534|HAN-DAD|07:30,2026-05-21,VJ503,A534,A321,HAN-DAD,,07:30,,07:30,,07:24,07:25,07:27,,,EARLY,ONTIME,ONTIME,,,,,,,,,,HAN,,DAD,Domestic,VJ,,
2026-05-21|VJ7659/VJ7659|A553|BQS-HAN-DAD|08:10,2026-05-21,VJ7659/VJ7659,A553,A321,BQS-HAN-DAD,07:40,08:10,07:40,08:10,07:35,07:49,07:50,08:10,00:30,00:15,EARLY,ONTIME,ONTIME,ONTIME,,,,,,,,,HAN,BQS,DAD,Domestic,VJ,,
2026-05-21|VJ929|A536|HAN-CGK|08:40,2026-05-21,VJ929,A536,A321,HAN-CGK,,08:40,,08:40,,08:39,08:40,08:47,,,ONTIME,ONTIME,ONTIME,,,,,,,,,,HAN,,CGK,International,VJ,,
2026-05-21|VJ129|A647|HAN-SGN|08:45,2026-05-21,VJ129,A647,A321,HAN-SGN,,08:45,,08:45,,08:39,08:40,08:47,,,EARLY,ONTIME,ONTIME,,,,,,,,,,HAN,,SGN,Domestic,VJ,,
2026-05-21|VJ37/VJ447|A634|TSN-HAN-PQC|08:45,2026-05-21,VJ37/VJ447,A634,A321,TSN-HAN-PQC,03:05,08:45,03:05,08:45,02:45,08:44,08:45,08:48,05:40,06:00,ONTIME,ONTIME,ONTIME,ONTIME,,,,,,,,,HAN,TSN,PQC,Domestic,VJ,,
2026-05-21|VJ514/VJ563|A546|DAD-HAN-HUI|09:30,2026-05-21,VJ514/VJ563,A546,A321,DAD-HAN-HUI,08:55,09:30,08:55,09:30,09:00,09:27,09:28,09:32,00:35,00:28,EARLY,ONTIME,ONTIME,ONTIME,,,,,,,,,HAN,DAD,HUI,Domestic,VJ,,
2026-05-21|VJ910/VJ915|A524|BOM-HAN-SIN|09:35,2026-05-21,VJ910/VJ915,A524,A321,BOM-HAN-SIN,07:10,09:35,07:10,09:35,07:10,09:21,09:22,09:25,02:25,02:12,EARLY,ONTIME,ONTIME,ONTIME,,,,,,,,,HAN,BOM,SIN,International,VJ,,
2026-05-21|VJ126/VJ131|A641|SGN-HAN-SGN|10:10,2026-05-21,VJ126/VJ131,A641,A321,SGN-HAN-SGN,09:40,10:10,09:40,10:10,09:50,10:19,10:20,10:25,00:30,00:30,DELAY,ONTIME,ONTIME,ONTIME,,93,00:10,,,,,,HAN,SGN,SGN,Domestic,VJ,,
2026-05-21|VJ463|A668|HAN-VCA|10:20,2026-05-21,VJ463,A668,A320,HAN-VCA,,10:20,,10:20,,10:15,10:16,10:18,,,EARLY,ONTIME,ONTIME,,,,,,,,,,HAN,,VCA,Domestic,VJ,,
2026-05-21|VJ963/VJ901|A648|ICN-HAN-BKK|11:10,2026-05-21,VJ963/VJ901,A648,A321,ICN-HAN-BKK,08:55,11:10,08:55,11:10,09:35,11:04,11:05,11:12,02:15,01:30,EARLY,ONTIME,ONTIME,DELAY,,,,,,,,,HAN,ICN,BKK,International,VJ,,
2026-05-21|VJ770/VJ507|A550|CXR-HAN-DAD|11:10,2026-05-21,VJ770/VJ507,A550,A321,CXR-HAN-DAD,10:25,11:10,10:25,11:10,10:30,11:14,11:15,11:20,00:45,00:45,DELAY,ONTIME,ONTIME,ONTIME,,87,00:05,,,,,STUCK PBB,HAN,CXR,DAD,Domestic,VJ,,
2026-05-21|VJ130/VJ133|A658|SGN-HAN-SGN|11:20,2026-05-21,VJ130/VJ133,A658,A320,SGN-HAN-SGN,10:50,11:20,10:50,11:20,11:10,11:34,11:35,11:35,00:30,00:25,DELAY,ONTIME,ONTIME,DELAY,,93,00:15,,,,,,HAN,SGN,SGN,Domestic,VJ,,
2026-05-21|VJ492/VJ451|A698|BMV-HAN-PQC|11:45,2026-05-21,VJ492/VJ451,A698,A321,BMV-HAN-PQC,10:00,11:45,10:00,11:45,10:02,11:31,11:32,11:40,01:45,01:30,EARLY,ONTIME,ONTIME,ONTIME,,,,,,,,,HAN,BMV,PQC,Domestic,VJ,,
2026-05-21|VJ524/VJ515|A633|DAD-HAN-DAD|12:10,2026-05-21,VJ524/VJ515,A633,A321,DAD-HAN-DAD,11:10,12:10,11:10,12:10,11:25,12:05,12:06,12:10,01:00,00:41,EARLY,ONTIME,ONTIME,ONTIME,,,,,,,,,HAN,DAD,DAD,Domestic,VJ,,
2026-05-21|VJ430/VJ137|A676|UIH-HAN-SGN|12:20,2026-05-21,VJ430/VJ137,A676,A320,UIH-HAN-SGN,09:50,12:20,09:50,12:20,09:55,12:19,12:20,12:26,02:30,02:25,ONTIME,ONTIME,ONTIME,ONTIME,,,,,,,,,HAN,UIH,SGN,Domestic,VJ,,
2026-05-21|VJ7705/VJ7705|A516|VVO-HAN-CXR|12:50,2026-05-21,VJ7705/VJ7705,A516,A321,VVO-HAN-CXR,12:20,12:50,12:20,12:50,12:40,12:59,13:00,13:05,00:30,00:20,DELAY,ONTIME,ONTIME,DELAY,,93,00:10,,,,,,HAN,VVO,CXR,Domestic,VJ,,
2026-05-21|VJ959/VJ453|A535|FUK-HAN-PQC|13:00,2026-05-21,VJ959/VJ453,A535,A321,FUK-HAN-PQC,11:25,13:00,11:25,13:00,11:35,12:55,12:56,12:58,01:35,01:21,EARLY,ONTIME,ONTIME,ONTIME,,,,,,,,,HAN,FUK,PQC,Domestic,VJ,,
2026-05-21|VJ122/VJ787|A539|SGN-HAN-CXR|13:10,2026-05-21,VJ122/VJ787,A539,A321,SGN-HAN-CXR,09:05,13:10,09:05,13:10,08:56,13:07,13:08,13:10,04:05,04:12,EARLY,ONTIME,ONTIME,ONTIME,,,,,,,,,HAN,SGN,CXR,Domestic,VJ,,
2026-05-21|VJ128/VJ948|A542|SGN-HAN-RMQ|13:30,2026-05-21,VJ128/VJ948,A542,A321,SGN-HAN-RMQ,11:50,13:30,11:50,13:30,12:25,13:16,13:17,13:20,01:40,00:52,EARLY,ONTIME,ONTIME,DELAY,,,,,,,,,HAN,SGN,RMQ,International,VJ,,
2026-05-21|VJ939/VJ441|A525|KIX-HAN-PQC|14:00,2026-05-21,VJ939/VJ441,A525,A321,KIX-HAN-PQC,12:20,14:00,12:20,14:00,12:45,12:56,12:58,13:01,01:40,00:13,EARLY,ONTIME,ONTIME,DELAY,,,,,,,,,HAN,KIX,PQC,Domestic,VJ,,
2026-05-21|VJ564/VJ525|A546|HUI-HAN-DAD|14:05,2026-05-21,VJ564/VJ525,A546,A321,HUI-HAN-DAD,12:35,14:05,12:35,14:05,12:25,14:04,14:05,14:10,01:30,01:40,ONTIME,ONTIME,ONTIME,ONTIME,,,,,,,,,HAN,HUI,DAD,Domestic,VJ,,
2026-05-21|VJ1504/VJ1505|A521|DAD-HAN-DAD|14:35,2026-05-21,VJ1504/VJ1505,A521,A321,DAD-HAN-DAD,14:00,14:35,14:00,14:35,13:55,14:34,14:35,14:38,00:35,00:40,ONTIME,ONTIME,ONTIME,ONTIME,,,,,,,,,HAN,DAD,DAD,Domestic,VJ,,
2026-05-21|VJ981/VJ145|A629|PUS-HAN-SGN|14:40,2026-05-21,VJ981/VJ145,A629,A321,PUS-HAN-SGN,10:40,14:40,10:40,14:40,10:30,14:39,14:40,14:44,04:00,04:10,ONTIME,ONTIME,ONTIME,ONTIME,,,,,,,,,HAN,PUS,SGN,Domestic,VJ,,
2026-05-21|VJ440/VJ511|A634|PQC-HAN-DAD|15:05,2026-05-21,VJ440/VJ511,A634,A321,PQC-HAN-DAD,13:30,15:05,13:30,15:05,13:40,14:59,15:00,15:04,01:35,01:20,EARLY,ONTIME,ONTIME,ONTIME,,,,,,,,,HAN,PQC,DAD,Domestic,VJ,,
2026-05-21|VJ961/VJ423|A578|ICN-HAN-PXU|15:05,2026-05-21,VJ961/VJ423,A578,A321,ICN-HAN-PXU,13:35,15:05,13:35,15:05,13:35,15:04,15:05,15:10,01:30,01:30,ONTIME,ONTIME,ONTIME,ONTIME,,,,,,,,,HAN,ICN,PXU,Domestic,VJ,,
2026-05-21|VJ1981/VJ439|A663|FSZ-HAN-UIH|15:40,2026-05-21,VJ1981/VJ439,A663,A320,FSZ-HAN-UIH,14:00,15:40,14:00,15:40,14:35,15:36,15:37,15:40,01:40,01:02,EARLY,ONTIME,ONTIME,DELAY,,,,,,,,,HAN,FSZ,UIH,Domestic,VJ,,
2026-05-21|VJ2924/VJ2924|A553|DAD-HAN-BAX|15:40,2026-05-21,VJ2924/VJ2924,A553,A321,DAD-HAN-BAX,15:10,15:40,15:10,15:40,15:28,15:54,15:55,15:55,00:30,00:27,DELAY,ONTIME,ONTIME,DELAY,,93,00:15,,,,,,HAN,DAD,BAX,International,VJ,,
2026-05-21|VJ138/VJ147|A647|SGN-HAN-SGN|15:45,2026-05-21,VJ138/VJ147,A647,A321,SGN-HAN-SGN,15:15,15:45,15:15,15:45,15:15,15:43,15:45,15:52,00:30,00:30,ONTIME,ONTIME,ONTIME,ONTIME,,,,,,,,,HAN,SGN,SGN,Domestic,VJ,,
2026-05-21|VJ464/VJ567|A668|VCA-HAN-HUI|15:55,2026-05-21,VJ464/VJ567,A668,A320,VCA-HAN-HUI,15:10,15:55,15:10,15:55,15:25,15:54,15:55,16:00,00:45,00:30,ONTIME,ONTIME,ONTIME,ONTIME,,,,,,,,,HAN,VCA,HUI,Domestic,VJ,,
2026-05-21|VJ508/VJ773|A633|DAD-HAN-CXR|16:00,2026-05-21,VJ508/VJ773,A633,A321,DAD-HAN-CXR,15:25,16:00,15:25,16:00,15:50,16:13,16:15,16:15,00:35,00:25,DELAY,ONTIME,ONTIME,DELAY,,,,,,,,,HAN,DAD,CXR,Domestic,VJ,,
2026-05-21|VJ140/VJ151|A673|SGN-HAN-SGN|16:50,2026-05-21,VJ140/VJ151,A673,A321,SGN-HAN-SGN,16:20,16:50,16:20,16:50,16:15,16:49,16:50,17:00,00:30,00:35,ONTIME,ONTIME,ONTIME,ONTIME,,,,,,,,,HAN,SGN,SGN,Domestic,VJ,,
2026-05-21|VJ510/VJ465|A550|DAD-HAN-VCA|17:00,2026-05-21,VJ510/VJ465,A550,A321,DAD-HAN-VCA,14:35,17:00,14:35,17:00,14:40,16:54,16:55,16:59,02:25,02:15,EARLY,ONTIME,ONTIME,ONTIME,,,,,,,,,HAN,DAD,VCA,Domestic,VJ,,
2026-05-21|VJ167/VJ495|A667|SGN-HAN-BMV|17:30,2026-05-21,VJ167/VJ495,A667,A321,SGN-HAN-BMV,14:20,17:30,14:40,17:30,15:30,17:24,17:25,17:27,02:50,01:55,EARLY,ONTIME,ONTIME,DELAY,,,,,,,,,HAN,SGN,BMV,Domestic,VJ,,
2026-05-21|VJ530/VJ517|A687|DAD-HAN-DAD|17:45,2026-05-21,VJ530/VJ517,A687,A321,DAD-HAN-DAD,16:15,17:45,16:15,17:45,16:12,17:42,17:43,17:49,01:30,01:31,EARLY,ONTIME,ONTIME,ONTIME,,,,,,,,,HAN,DAD,DAD,Domestic,VJ,,
2026-05-21|VJ456/VJ521|A535|PQC-HAN-DAD|18:45,2026-05-21,VJ456/VJ521,A535,A321,PQC-HAN-DAD,17:45,18:45,17:45,18:45,18:00,18:37,18:38,18:44,01:00,00:38,EARLY,ONTIME,ONTIME,ONTIME,,,,,,,,,HAN,PQC,DAD,Domestic,VJ,,
2026-05-21|VJ774/VJ1127|A539|CXR-HAN-SGN|19:20,2026-05-21,VJ774/VJ1127,A539,A321,CXR-HAN-SGN,17:15,19:20,17:15,19:20,18:10,19:19,19:20,19:26,02:05,01:10,ONTIME,ONTIME,ONTIME,DELAY,,,,,,,,,HAN,CXR,SGN,Domestic,VJ,,
2026-05-21|VJ916/VJ971|A524|SIN-HAN-DEL|19:40,2026-05-21,VJ916/VJ971,A524,A321,SIN-HAN-DEL,17:25,19:40,17:25,19:40,17:20,19:31,19:32,19:39,02:15,02:12,EARLY,ONTIME,ONTIME,ONTIME,,,,,,,,,HAN,SIN,DEL,International,VJ,,
2026-05-21|VJ424/VJ523|A667|PXU-HAN-DAD|19:40,2026-05-21,VJ424/VJ523,A667,A321,PXU-HAN-DAD,18:45,19:40,18:45,19:40,18:45,19:34,19:35,19:41,00:55,00:50,EARLY,ONTIME,ONTIME,ONTIME,,,,,,,,,HAN,PXU,DAD,Domestic,VJ,,
2026-05-21|VJ1925|A500|DAD-HAN-AMD|19:45,2026-05-21,VJ1925,A500,A321,DAD-HAN-AMD,,19:45,,19:45,,19:42,19:43,19:50,,,EARLY,ONTIME,ONTIME,,,,,,,,,,HAN,DAD,AMD,International,VJ,,
2026-05-21|VJ150/VJ161|A658|SGN-HAN-SGN|20:55,2026-05-21,VJ150/VJ161,A658,A320,SGN-HAN-SGN,19:50,20:55,19:50,20:55,20:05,20:52,20:53,20:58,01:05,00:48,EARLY,ONTIME,ONTIME,ONTIME,,,,,,,,,HAN,SGN,SGN,Domestic,VJ,,
2026-05-21|VJ2978/VJ2978|A554|CXR-HAN-VVO|21:10,2026-05-21,VJ2978/VJ2978,A554,A321,CXR-HAN-VVO,20:40,21:10,20:40,21:10,20:55,21:18,21:19,21:20,00:30,00:24,DELAY,ONTIME,ONTIME,ONTIME,,93,00:09,,,,,,HAN,CXR,VVO,International,VJ,,
2026-05-21|VJ154/VJ163|A666|SGN-HAN-SGN|21:25,2026-05-21,VJ154/VJ163,A666,A320,SGN-HAN-SGN,20:55,21:25,20:55,21:25,20:50,21:19,21:20,21:21,00:30,00:30,EARLY,ONTIME,ONTIME,ONTIME,,,,,,,,,HAN,SGN,SGN,Domestic,VJ,,
2026-05-21|VJ520/VJ1527|A687|DAD-HAN-DAD|21:25,2026-05-21,VJ520/VJ1527,A687,A321,DAD-HAN-DAD,20:55,21:25,20:55,21:25,21:15,21:34,21:35,21:39,00:30,00:20,DELAY,ONTIME,ONTIME,DELAY,,93,00:10,,,,,,HAN,DAD,DAD,Domestic,VJ,,
2026-05-21|VJ454/VJ7526|A685|PQC-HAN-CAN|22:30,2026-05-21,VJ454/VJ7526,A685,A321,PQC-HAN-CAN,16:45,22:30,16:45,22:30,17:25,22:29,22:30,22:34,05:45,05:05,ONTIME,ONTIME,ONTIME,DELAY,,,,,,,,,HAN,PQC,CAN,International,VJ,,
2026-05-21|VJ528/VJ167|A810|DAD-HAN-SGN|22:45,2026-05-21,VJ528/VJ167,A810,A330,DAD-HAN-SGN,17:25,22:45,17:25,22:45,17:40,22:44,22:45,22:50,05:20,05:05,ONTIME,ONTIME,ONTIME,ONTIME,,,,,,,,,HAN,DAD,SGN,Domestic,VJ,,
2026-05-22|VJ932|A578|HAN-NRT|00:30,2026-05-22,VJ932,A578,A321,HAN-NRT,,00:30,,00:30,,00:29,00:30,00:32,,,ONTIME,ONTIME,ONTIME,,,,,,,,,,HAN,,NRT,International,VJ,,
2026-05-22|VJ982|A667|HAN-PUS|01:05,2026-05-22,VJ982,A667,A321,HAN-PUS,,01:05,,01:05,,00:56,00:57,00:59,,,EARLY,ONTIME,ONTIME,,,,,,,,,,HAN,,PUS,International,VJ,,
2026-05-22|VJ7614/VJ7614|A516|CXR-HAN-BQS|01:15,2026-05-22,VJ7614/VJ7614,A516,A321,CXR-HAN-BQS,00:45,01:15,00:45,01:15,00:50,01:19,01:20,01:25,00:30,00:30,DELAY,ONTIME,ONTIME,ONTIME,,93,00:05,,,,,,HAN,CXR,BQS,International,VJ,,
2026-05-22|VJ938|A525|HAN-KIX|01:20,2026-05-22,VJ938,A525,A321,HAN-KIX,,01:20,,01:20,,01:15,01:16,01:18,,,EARLY,ONTIME,ONTIME,,,,,,,,,,HAN,,KIX,International,VJ,,
2026-05-22|VJ920|A536|HAN-NGO|01:40,2026-05-22,VJ920,A536,A321,HAN-NGO,,01:40,,01:40,,01:33,01:34,01:37,,,EARLY,ONTIME,ONTIME,,,,,,,,,,HAN,,NGO,International,VJ,,
2026-05-22|VJ960|A683|HAN-ICN|01:40,2026-05-22,VJ960,A683,A321,HAN-ICN,,01:40,,01:40,,01:28,01:29,01:32,,,EARLY,ONTIME,ONTIME,,,,,,,,,,HAN,,ICN,International,VJ,,
2026-05-22|VJ123|A668|HAN-SGN|05:30,2026-05-22,VJ123,A668,A320,HAN-SGN,,05:30,,05:30,,05:24,05:25,05:45,,,EARLY,ONTIME,ONTIME,,,,,,,,,LATE PUSHBACK DUE TO RESTART EN1,HAN,,SGN,Domestic,VJ,,
2026-05-22|VJ501|A684|HAN-DAD|05:40,2026-05-22,VJ501,A684,A321,HAN-DAD,,05:40,,05:40,,05:34,05:35,05:55,,,EARLY,ONTIME,ONTIME,,,,,,,,,LATE PB DUE TO ATC,HAN,,DAD,Domestic,VJ,,
2026-05-22|VJ7527/VJ771|A685|CAN-HAN-CXR|05:45,2026-05-22,VJ7527/VJ771,A685,A321,CAN-HAN-CXR,03:05,05:45,03:05,05:45,,05:44,05:45,05:50,02:40,,ONTIME,ONTIME,ONTIME,ONTIME,,,,,,,,,HAN,CAN,CXR,Domestic,VJ,,
2026-05-22|VJ121|A633|HAN-SGN|06:00,2026-05-22,VJ121,A633,A321,HAN-SGN,,06:00,,06:00,,05:59,06:00,06:10,,,ONTIME,ONTIME,ONTIME,,,,,,,,,,HAN,,SGN,Domestic,VJ,,
2026-05-22|VJ491|A535|HAN-BMV|06:00,2026-05-22,VJ491,A535,A321,HAN-BMV,,06:00,,06:00,,05:54,05:55,06:05,,,EARLY,ONTIME,ONTIME,,,,,,,,,,HAN,,BMV,Domestic,VJ,,
2026-05-22|VJ431|A689|HAN-UIH|06:05,2026-05-22,VJ431,A689,A320,HAN-UIH,,06:05,,06:05,,05:59,06:00,06:07,,,EARLY,ONTIME,ONTIME,,,,,,,,,,HAN,,UIH,Domestic,VJ,,
2026-05-22|VJ125|A526|HAN-SGN|07:00,2026-05-22,VJ125,A526,A321,HAN-SGN,,07:00,,07:00,,06:59,07:00,07:09,,,ONTIME,ONTIME,ONTIME,,,,,,,,,,HAN,,SGN,Domestic,VJ,,
2026-05-22|VJ421|A663|HAN-PXU|07:10,2026-05-22,VJ421,A663,A320,HAN-PXU,,07:10,,07:10,,07:00,07:01,07:05,,,EARLY,ONTIME,ONTIME,,,,,,,,,,HAN,,PXU,Domestic,VJ,,
2026-05-22|VJ503|A634|HAN-DAD|07:30,2026-05-22,VJ503,A634,A321,HAN-DAD,,07:30,,07:30,,07:24,07:25,07:30,,,EARLY,ONTIME,ONTIME,,,,,,,,,,HAN,,DAD,Domestic,VJ,,
2026-05-22|VJ124/VJ129|A658|SGN-HAN-SGN|08:45,2026-05-22,VJ124/VJ129,A658,A320,SGN-HAN-SGN,08:15,08:45,08:15,08:45,08:05,08:42,08:43,08:48,00:30,00:38,EARLY,ONTIME,ONTIME,ONTIME,,,,,,,,,HAN,SGN,SGN,Domestic,VJ,,
2026-05-22|VJ447|A542|HAN-PQC|08:45,2026-05-22,VJ447,A542,A321,HAN-PQC,,08:45,,08:45,,08:37,08:38,08:40,,,EARLY,ONTIME,ONTIME,,,,,,,,,,HAN,,PQC,Domestic,VJ,,
2026-05-22|VJ2925/VJ2925|A553|BAX-HAN-DAD|09:00,2026-05-22,VJ2925/VJ2925,A553,A321,BAX-HAN-DAD,08:30,09:00,08:30,09:00,08:55,09:19,09:20,09:29,00:30,00:25,DELAY,DELAY,DELAY,DELAY,,93,00:20,,,,,,HAN,BAX,DAD,Domestic,VJ,,
2026-05-22|VJ2979/VJ2979|A554|VVO-HAN-CXR|09:30,2026-05-22,VJ2979/VJ2979,A554,A321,VVO-HAN-CXR,09:00,09:30,09:00,09:30,09:25,09:53,09:54,10:10,00:30,00:29,DELAY,DELAY,DELAY,DELAY,,93,00:24,,,,,,HAN,VVO,CXR,Domestic,VJ,,
2026-05-22|VJ1926/VJ563|A500|AMD-HAN-HUI|09:30,2026-05-22,VJ1926/VJ563,A500,A321,AMD-HAN-HUI,05:55,09:30,05:55,09:30,06:20,09:24,09:25,09:33,03:35,03:05,EARLY,ONTIME,ONTIME,DELAY,,,,,,,,,HAN,AMD,HUI,Domestic,VJ,,
2026-05-22|VJ126/VJ131|A698|SGN-HAN-SGN|10:10,2026-05-22,VJ126/VJ131,A698,A321,SGN-HAN-SGN,09:40,10:10,09:40,10:10,09:35,10:09,10:10,10:20,00:30,00:35,ONTIME,ONTIME,ONTIME,ONTIME,,,,,,,,,HAN,SGN,SGN,Domestic,VJ,,
2026-05-22|VJ463|A671|HAN-VCA|10:20,2026-05-22,VJ463,A671,A320,HAN-VCA,,10:20,,10:20,,10:19,10:20,10:23,,,ONTIME,ONTIME,ONTIME,,,,,,,,,,HAN,,VCA,Domestic,VJ,,
2026-05-22|VJ972/VJ997|A524|DEL-HAN-DPS|10:25,2026-05-22,VJ972/VJ997,A524,A321,DEL-HAN-DPS,05:40,10:25,05:40,10:25,05:42,10:24,10:25,10:30,04:45,04:43,ONTIME,ONTIME,ONTIME,ONTIME,,,,,,,,,HAN,DEL,DPS,International,VJ,,
2026-05-22|VJ524/VJ507|A634|DAD-HAN-DAD|11:10,2026-05-22,VJ524/VJ507,A634,A321,DAD-HAN-DAD,10:40,11:10,10:40,11:10,10:50,11:19,11:20,11:24,00:30,00:30,DELAY,ONTIME,ONTIME,ONTIME,,93,00:10,,,,,,HAN,DAD,DAD,Domestic,VJ,,
2026-05-22|VJ514/VJ901|A684|BMV-HAN-BKK|11:10,2026-05-22,VJ514/VJ901,A684,A321,BMV-HAN-BKK,08:55,11:10,08:55,11:10,09:15,11:09,11:10,11:15,02:15,01:55,ONTIME,ONTIME,ONTIME,DELAY,,,,,,,,,HAN,BMV,BKK,International,VJ,,
2026-05-22|VJ122/VJ133|A521|SGN-HAN-SGN|11:20,2026-05-22,VJ122/VJ133,A521,A321,SGN-HAN-SGN,09:05,11:20,09:05,11:20,09:05,11:19,11:20,11:25,02:15,02:15,ONTIME,ONTIME,ONTIME,ONTIME,,,,,,,,,HAN,SGN,SGN,Domestic,VJ,,
2026-05-22|VJ492/VJ451|A535|PXU-HAN-PQC|11:45,2026-05-22,VJ492/VJ451,A535,A321,PXU-HAN-PQC,10:00,11:45,10:00,11:45,10:15,11:34,11:35,11:42,01:45,01:20,EARLY,ONTIME,ONTIME,ONTIME,,,,,,,,,HAN,PXU,PQC,Domestic,VJ,,
2026-05-22|VJ430/VJ775|A689|UIH-HAN-CXR|11:45,2026-05-22,VJ430/VJ775,A689,A320,UIH-HAN-CXR,09:50,11:45,09:50,11:45,09:50,11:44,11:45,11:51,01:55,01:55,ONTIME,ONTIME,ONTIME,ONTIME,,,,,,,,,HAN,UIH,CXR,Domestic,VJ,,
2026-05-22|VJ770/VJ515|A685|CXR-HAN-DAD|12:10,2026-05-22,VJ770/VJ515,A685,A321,CXR-HAN-DAD,09:55,12:10,09:55,12:10,10:25,12:06,12:07,12:14,02:15,01:42,EARLY,ONTIME,ONTIME,DELAY,,,,,,,,,HAN,CXR,DAD,Domestic,VJ,,
2026-05-22|VJ128/VJ137|A200|SGN-HAN-SGN|12:20,2026-05-22,VJ128/VJ137,A200,A321,SGN-HAN-SGN,11:50,12:20,11:50,12:20,11:45,12:19,12:20,12:30,00:30,00:35,ONTIME,ONTIME,ONTIME,ONTIME,,,,,,,,,HAN,SGN,SGN,Domestic,VJ,,
2026-05-22|VJ453|A539|HAN-PQC|13:00,2026-05-22,VJ453,A539,A321,HAN-PQC,,13:00,,13:00,,12:55,12:56,12:58,,,EARLY,ONTIME,ONTIME,,,,,,,,,,HAN,,PQC,Domestic,VJ,,
2026-05-22|VJ564/VJ787|A500|HUI-HAN-CXR|13:20,2026-05-22,VJ564/VJ787,A500,A321,HUI-HAN-CXR,12:35,13:20,12:35,13:20,12:40,13:17,13:18,13:25,00:45,00:38,EARLY,ONTIME,ONTIME,ONTIME,,,,,,,,,HAN,HUI,CXR,Domestic,VJ,,
2026-05-22|VJ981/VJ948|A667|PUS-HAN-RMQ|13:30,2026-05-22,VJ981/VJ948,A667,A321,PUS-HAN-RMQ,10:40,13:30,10:40,13:30,10:30,13:14,13:15,13:19,02:50,02:45,EARLY,ONTIME,ONTIME,ONTIME,,,,,,,,,HAN,PUS,RMQ,International,VJ,,
2026-05-22|VJ525|A640|HAN-DAD|14:05,2026-05-22,VJ525,A640,A321,HAN-DAD,,14:05,,14:05,,14:03,14:05,14:05,,,ONTIME,ONTIME,ONTIME,,,,,,,,,,HAN,,DAD,Domestic,VJ,,
2026-05-22|VJ7615/VJ7615|A516|BQS-HAN-CXR|14:15,2026-05-22,VJ7615/VJ7615,A516,A321,BQS-HAN-CXR,13:40,14:15,13:40,14:15,13:50,14:14,14:15,14:20,00:35,00:25,ONTIME,ONTIME,ONTIME,ONTIME,,,,,,,,,HAN,BQS,CXR,Domestic,VJ,,
2026-05-22|VJ196/VJ942|A526|SGN-HAN-TPE|14:25,2026-05-22,VJ196/VJ942,A526,A321,SGN-HAN-TPE,12:40,14:25,12:40,14:25,12:35,14:21,14:22,14:26,01:45,01:47,EARLY,ONTIME,ONTIME,ONTIME,,,,,,,,,HAN,SGN,TPE,International,VJ,,
2026-05-22|VJ939/VJ946|A525|KIX-HAN-KHH|14:35,2026-05-22,VJ939/VJ946,A525,A321,KIX-HAN-KHH,12:20,14:35,12:20,14:35,12:40,14:34,14:35,14:45,02:15,01:55,ONTIME,ONTIME,ONTIME,DELAY,,,,,,,,,HAN,KIX,KHH,International,VJ,,
2026-05-22|VJ1504/VJ1505|A580|DAD-HAN-DAD|14:35,2026-05-22,VJ1504/VJ1505,A580,A321,DAD-HAN-DAD,14:00,14:35,14:00,14:35,14:40,15:09,15:10,15:20,00:35,00:30,DELAY,DELAY,DELAY,DELAY,,93,00:35,,,,,,HAN,DAD,DAD,Domestic,VJ,,
2026-05-22|VJ921/VJ145|A536|NGO-HAN-SGN|14:40,2026-05-22,VJ921/VJ145,A536,A321,NGO-HAN-SGN,12:50,14:40,12:50,14:40,12:50,14:38,14:40,14:42,01:50,01:50,ONTIME,ONTIME,ONTIME,ONTIME,,,,,,,,,HAN,NGO,SGN,Domestic,VJ,,
2026-05-22|VJ933/VJ511|A578|NRT-HAN-DAD|15:05,2026-05-22,VJ933/VJ511,A578,A321,NRT-HAN-DAD,13:05,15:05,13:05,15:05,13:20,15:03,15:05,15:13,02:00,01:45,ONTIME,ONTIME,ONTIME,ONTIME,,,,,,,,,HAN,NRT,DAD,Domestic,VJ,,
2026-05-22|VJ440/VJ423|A542|PQC-HAN-PXU|15:05,2026-05-22,VJ440/VJ423,A542,A321,PQC-HAN-PXU,13:30,15:05,13:30,15:05,13:25,14:57,14:58,15:04,01:35,01:33,EARLY,ONTIME,ONTIME,ONTIME,,,,,,,,,HAN,PQC,PXU,Domestic,VJ,,
2026-05-22|VJ130/VJ439|A668|SGN-HAN-UIH|15:40,2026-05-22,VJ130/VJ439,A668,A320,SGN-HAN-UIH,10:50,15:40,10:50,15:40,10:50,15:39,15:40,15:45,04:50,04:50,ONTIME,ONTIME,ONTIME,ONTIME,,,,,,,,,HAN,SGN,UIH,Domestic,VJ,,
2026-05-22|VJ138/VJ147|A675|SGN-HAN-SGN|15:45,2026-05-22,VJ138/VJ147,A675,A320,SGN-HAN-SGN,15:15,15:45,15:15,15:45,15:20,15:44,15:45,15:58,00:30,00:25,ONTIME,ONTIME,ONTIME,ONTIME,,,,,,,,,HAN,SGN,SGN,Domestic,VJ,,
2026-05-22|VJ464/VJ567|A671|VCA-HAN-HUI|15:55,2026-05-22,VJ464/VJ567,A671,A320,VCA-HAN-HUI,15:10,15:55,15:10,15:55,15:28,15:54,15:55,16:01,00:45,00:27,ONTIME,ONTIME,ONTIME,DELAY,,,,,,,,,HAN,VCA,HUI,Domestic,VJ,,
2026-05-22|VJ508/VJ773|A685|DAD-HAN-CXR|16:00,2026-05-22,VJ508/VJ773,A685,A321,DAD-HAN-CXR,15:25,16:00,15:25,16:00,15:40,15:59,16:00,16:07,00:35,00:20,ONTIME,ONTIME,ONTIME,ONTIME,,,,,,,,,HAN,DAD,CXR,Domestic,VJ,,
2026-05-22|VJ422/VJ913|A663|PXU-HAN-SAI|16:20,2026-05-22,VJ422/VJ913,A663,A320,PXU-HAN-SAI,10:50,16:20,10:50,16:20,10:40,16:19,16:20,16:24,05:30,05:40,ONTIME,ONTIME,ONTIME,ONTIME,,,,,,,,,HAN,PXU,SAI,International,VJ,,
2026-05-22|VJ772/VJ1513|A689|CXR-HAN-DAD|16:35,2026-05-22,VJ772/VJ1513,A689,A320,CXR-HAN-DAD,15:55,16:35,15:55,16:35,16:25,16:49,16:50,16:50,00:40,00:25,DELAY,ONTIME,ONTIME,DELAY,,93,00:15,,,,,,HAN,CXR,DAD,Domestic,VJ,,
2026-05-22|VJ140/VJ151|A655|SGN-HAN-SGN|16:50,2026-05-22,VJ140/VJ151,A655,A320,SGN-HAN-SGN,16:20,16:50,16:20,16:50,16:45,17:03,17:04,17:05,00:30,00:19,DELAY,ONTIME,ONTIME,DELAY,,93,00:14,,,,,,HAN,SGN,SGN,Domestic,VJ,,
2026-05-22|VJ5068/VJ5068|A554|CXR-HAN-NOZ|17:00,2026-05-22,VJ5068/VJ5068,A554,A321,CXR-HAN-NOZ,16:25,17:00,16:25,17:00,16:50,17:14,17:15,17:15,00:35,00:25,DELAY,ONTIME,ONTIME,DELAY,,93,00:15,,,,,,HAN,CXR,NOZ,International,VJ,,
2026-05-22|VJ961/VJ465|A683|ICN-HAN-VCA|17:00,2026-05-22,VJ961/VJ465,A683,A321,ICN-HAN-VCA,13:35,17:00,13:35,17:00,13:35,16:54,16:55,17:00,03:25,03:20,EARLY,ONTIME,ONTIME,ONTIME,,,,,,,,,HAN,ICN,VCA,Domestic,VJ,,
2026-05-22|VJ510/VJ495|A634|DAD-HAN-BMV|17:30,2026-05-22,VJ510/VJ495,A634,A321,DAD-HAN-BMV,14:35,17:30,14:35,17:30,14:52,17:24,17:25,17:30,02:55,02:33,EARLY,ONTIME,ONTIME,DELAY,,,,,,,,,HAN,DAD,BMV,Domestic,VJ,,
2026-05-22|VJ136/VJ517|A633|SGN-HAN-DAD|17:45,2026-05-22,VJ136/VJ517,A633,A321,SGN-HAN-DAD,14:10,17:45,14:10,17:45,14:48,17:43,17:45,17:48,03:35,02:57,ONTIME,ONTIME,ONTIME,DELAY,,,,,,,,,HAN,SGN,DAD,Domestic,VJ,,
2026-05-22|VJ528/VJ1153|A640|DAD-HAN-SGN|18:05,2026-05-22,VJ528/VJ1153,A640,A321,DAD-HAN-SGN,17:25,18:05,17:25,18:05,17:23,18:02,18:03,18:04,00:40,00:40,EARLY,ONTIME,ONTIME,ONTIME,,,,,,,,,HAN,DAD,SGN,Domestic,VJ,,
2026-05-22|VJ456/VJ521|A539|CXR-HAN-DAD|18:45,2026-05-22,VJ456/VJ521,A539,A321,CXR-HAN-DAD,17:45,18:45,17:45,18:45,17:50,18:44,18:45,18:46,01:00,00:55,ONTIME,ONTIME,ONTIME,ONTIME,,,,,,,,,HAN,CXR,DAD,Domestic,VJ,,
2026-05-22|VJ452/VJ1127|A548|PQC-HAN-SGN|19:20,2026-05-22,VJ452/VJ1127,A548,A321,PQC-HAN-SGN,16:05,19:20,16:05,19:20,16:10,19:19,19:20,19:23,03:15,03:10,ONTIME,ONTIME,ONTIME,ONTIME,,,,,,,,,HAN,PQC,SGN,Domestic,VJ,,
2026-05-22|VJ424/VJ523|A542|PXU-HAN-DAD|19:40,2026-05-22,VJ424/VJ523,A542,A321,PXU-HAN-DAD,18:45,19:40,18:45,19:40,18:40,19:31,19:32,19:34,00:55,00:52,EARLY,ONTIME,ONTIME,ONTIME,,,,,,,,,HAN,PXU,DAD,Domestic,VJ,,
2026-05-22|VJ774/VJ907|A500|CXR-HAN-BOM|20:05,2026-05-22,VJ774/VJ907,A500,A321,CXR-HAN-BOM,17:25,20:05,17:25,20:05,18:00,19:59,20:00,20:01,02:40,02:00,EARLY,ONTIME,ONTIME,DELAY,,,,,,,,,HAN,CXR,BOM,International,VJ,,
2026-05-22|VJ530/VJ455|A553|PQC-HAN-PQC|20:05,2026-05-22,VJ530/VJ455,A553,A321,PQC-HAN-PQC,16:15,20:05,16:15,20:05,16:05,20:03,20:05,20:05,03:50,04:00,ONTIME,ONTIME,ONTIME,ONTIME,,,,,,,,,HAN,PQC,PQC,Domestic,VJ,,
2026-05-22|VJ144/VJ161|A635|SGN-HAN-SGN|20:55,2026-05-22,VJ144/VJ161,A635,A321,SGN-HAN-SGN,18:05,20:55,18:05,20:55,18:20,20:49,20:50,21:00,02:50,02:30,EARLY,ONTIME,ONTIME,ONTIME,,,,,,,,,HAN,SGN,SGN,Domestic,VJ,,
2026-05-22|VJ154/VJ163|A698|SGN-HAN-SGN|21:25,2026-05-22,VJ154/VJ163,A698,A321,SGN-HAN-SGN,20:55,21:25,20:55,21:25,21:05,21:24,21:25,21:35,00:30,00:20,ONTIME,ONTIME,ONTIME,ONTIME,,,,,,,,,HAN,SGN,SGN,Domestic,VJ,,
2026-05-22|VJ520/VJ1527|A546|DAD-HAN-DAD|21:25,2026-05-22,VJ520/VJ1527,A546,A321,DAD-HAN-DAD,20:55,21:25,20:55,21:25,20:55,21:24,21:25,21:33,00:30,00:30,ONTIME,ONTIME,ONTIME,ONTIME,,,,,,,,,HAN,DAD,DAD,Domestic,VJ,,
2026-05-22|VJ512/VJ7526|A578|DAD-HAN-CAN|22:30,2026-05-22,VJ512/VJ7526,A578,A321,DAD-HAN-CAN,18:15,22:30,18:15,22:30,18:45,22:29,22:30,22:33,04:15,03:45,ONTIME,ONTIME,ONTIME,DELAY,,,,,,,,,HAN,DAD,CAN,International,VJ,,
2026-05-22|VJ167|A535|HAN-SGN|22:45,2026-05-22,VJ167,A535,A321,HAN-SGN,,22:45,,22:45,,22:44,22:45,22:47,,,ONTIME,ONTIME,ONTIME,,,,,,,,,,HAN,,SGN,Domestic,VJ,,
2026-05-22|VJ776/VJ962|A685|CXR-HAN-ICN|23:15,2026-05-22,VJ776/VJ962,A685,A321,CXR-HAN-ICN,20:10,23:15,20:10,23:15,20:45,23:19,23:20,23:30,03:05,02:35,DELAY,ONTIME,ONTIME,DELAY,,15A,00:05,,,,,OFFLOAD 3PAX 1PC,HAN,CXR,ICN,International,VJ,,
2026-05-23|VJ932|A524|HAN-NRT|00:30,2026-05-23,VJ932,A524,A321,HAN-NRT,,00:30,,00:30,,00:24,00:25,00:42,,,EARLY,ONTIME,ONTIME,,,,,,,,,,HAN,,NRT,International,VJ,,
2026-05-23|VJ982|A683|HAN-PUS|01:05,2026-05-23,VJ982,A683,A321,HAN-PUS,,01:05,,01:05,,01:18,01:19,01:20,,,DELAY,ONTIME,ONTIME,,,15A,00:14,,,,,OFFLOAD 3PAX 2PCS/ĐẢO BÁO SAI 1 KIỆN HLY TÌM,HAN,,PUS,International,VJ,,
2026-05-23|VJ7706/VJ7706|A516|CXR-HAN-KHV|01:05,2026-05-23,VJ7706/VJ7706,A516,A321,CXR-HAN-KHV,00:35,01:05,00:35,01:05,00:40,01:09,01:10,01:20,00:30,00:30,DELAY,ONTIME,ONTIME,ONTIME,,93,00:05,,,,,,HAN,CXR,KHV,International,VJ,,
2026-05-23|VJ938|A534|HAN-KIX|01:20,2026-05-23,VJ938,A534,A321,HAN-KIX,,01:20,,01:20,,01:16,01:17,01:19,,,EARLY,ONTIME,ONTIME,,,,,,,,,,HAN,,KIX,International,VJ,,
2026-05-23|VJ960|A684|HAN-ICN|01:40,2026-05-23,VJ960,A684,A321,HAN-ICN,,01:40,,01:40,,01:39,01:40,01:48,,,ONTIME,ONTIME,ONTIME,,,,,,,,,,HAN,,ICN,International,VJ,,
2026-05-23|VJ920|A526|HAN-NGO|01:40,2026-05-23,VJ920,A526,A321,HAN-NGO,,01:40,,01:40,,01:39,01:40,01:46,,,ONTIME,ONTIME,ONTIME,,,,,,,,,,HAN,,NGO,International,VJ,,
2026-05-23|VJ958|A667|HAN-FUK|02:05,2026-05-23,VJ958,A667,A321,HAN-FUK,,02:05,,02:05,,01:59,02:00,02:01,,,EARLY,ONTIME,ONTIME,,,,,,,,,,HAN,,FUK,International,VJ,,
2026-05-23|VJ7527/VJ501|A578|CAN-HAN-DAD|05:40,2026-05-23,VJ7527/VJ501,A578,A321,CAN-HAN-DAD,03:05,05:40,03:05,05:40,03:08,05:34,05:35,05:43,02:35,02:27,EARLY,ONTIME,ONTIME,ONTIME,,,,,,,,,HAN,CAN,DAD,Domestic,VJ,,
2026-05-23|VJ771|A671|HAN-CXR|05:45,2026-05-23,VJ771,A671,A320,HAN-CXR,,05:45,,05:45,,05:39,05:40,05:42,,,EARLY,ONTIME,ONTIME,,,,,,,,,,HAN,,CXR,Domestic,VJ,,
2026-05-23|VJ121|A662|HAN-SGN|06:00,2026-05-23,VJ121,A662,A320,HAN-SGN,,06:00,,06:00,,05:54,04:55,06:05,,,EARLY,ONTIME,ONTIME,,,,,,,,,,HAN,,SGN,Domestic,VJ,,
2026-05-23|VJ491|A634|HAN-BMV|06:00,2026-05-23,VJ491,A634,A321,HAN-BMV,,06:00,,06:00,,05:51,05:52,06:00,,,EARLY,ONTIME,ONTIME,,,,,,,,,,HAN,,BMV,Domestic,VJ,,
2026-05-23|VJ431|A689|HAN-UIH|06:05,2026-05-23,VJ431,A689,A320,HAN-UIH,,06:05,,06:05,,05:59,06:00,06:04,,,EARLY,ONTIME,ONTIME,,,,,,,,,,HAN,,UIH,Domestic,VJ,,
2026-05-23|VJ5069/VJ5069|A554|NOZ-HAN-CXR|06:45,2026-05-23,VJ5069/VJ5069,A554,A321,NOZ-HAN-CXR,08:30,06:45,06:15,06:45,06:40,06:51,06:52,06:57,00:30,00:12,DELAY,ONTIME,ONTIME,ONTIME,,93,00:07,,,,,,HAN,NOZ,CXR,Domestic,VJ,,
2026-05-23|VJ197|A687|HAN-SGN|07:20,2026-05-23,VJ197,A687,A321,HAN-SGN,,07:20,,07:20,,07:11,07:12,07:14,,,EARLY,ONTIME,ONTIME,,,,,,,,,,HAN,,SGN,Domestic,VJ,,
2026-05-23|VJ905|A669|HAN-KUL|07:25,2026-05-23,VJ905,A669,A320,HAN-KUL,,07:25,,07:25,,07:15,07:17,07:18,,,EARLY,ONTIME,ONTIME,,,,,,,,,,HAN,,KUL,International,VJ,,
2026-05-23|VJ503|A640|HAN-DAD|07:30,2026-05-23,VJ503,A640,A321,HAN-DAD,,07:30,,07:30,,07:19,07:20,07:23,,,EARLY,ONTIME,ONTIME,,,,,,,,,,HAN,,DAD,Domestic,VJ,,
2026-05-23|VJ929|A525|HAN-CGK|08:40,2026-05-23,VJ929,A525,A321,HAN-CGK,,08:40,,08:40,,08:32,08:33,08:35,,,EARLY,ONTIME,ONTIME,,,,,,,,,,HAN,,CGK,International,VJ,,
2026-05-23|VJ124/VJ129|A675|SGN-HAN-SGN|08:45,2026-05-23,VJ124/VJ129,A675,A320,SGN-HAN-SGN,08:15,08:45,08:15,08:45,07:55,08:34,08:35,08:37,00:30,00:40,EARLY,ONTIME,ONTIME,ONTIME,,,,,,,,,HAN,SGN,SGN,Domestic,VJ,,
2026-05-23|VJ447|A668|HAN-PQC|08:45,2026-05-23,VJ447,A668,A320,HAN-PQC,,08:45,,08:45,,08:44,08:45,08:52,,,ONTIME,ONTIME,ONTIME,,,,,,,,,,HAN,,PQC,Domestic,VJ,,
2026-05-23|VJ563|A200|HAN-HUI|09:30,2026-05-23,VJ563,A200,A321,HAN-HUI,,09:30,,09:30,,09:25,09:26,09:30,,,EARLY,ONTIME,ONTIME,,,,,,,,,,HAN,,HUI,Domestic,VJ,,
2026-05-23|VJ910/VJ915|A500|BOM-HAN-SIN|09:35,2026-05-23,VJ910/VJ915,A500,A321,BOM-HAN-SIN,07:10,09:35,07:10,09:35,07:00,09:34,09:35,09:40,02:25,02:35,ONTIME,ONTIME,ONTIME,ONTIME,,,,,,,,,HAN,BOM,SIN,International,VJ,,
2026-05-23|VJ122/VJ131|A632|SGN-HAN-SGN|10:15,2026-05-23,VJ122/VJ131,A632,A321,SGN-HAN-SGN,09:05,10:15,09:05,10:15,09:05,10:04,10:05,10:11,01:10,01:00,EARLY,ONTIME,ONTIME,ONTIME,,,,,,,,,HAN,SGN,SGN,Domestic,VJ,,
2026-05-23|VJ463|A663|UIH-HAN-VCA|10:20,2026-05-23,VJ463,A663,A320,UIH-HAN-VCA,,10:20,,10:20,,10:19,10:20,10:25,,,ONTIME,ONTIME,ONTIME,,,,,,,,,,HAN,UIH,VCA,Domestic,VJ,,
2026-05-23|VJ126/VJ1501|A643|SGN-HAN-DAD|10:50,2026-05-23,VJ126/VJ1501,A643,A321,SGN-HAN-DAD,09:40,10:50,09:40,10:50,09:28,10:43,10:45,10:47,01:10,01:17,EARLY,ONTIME,ONTIME,ONTIME,,,,,,,,,HAN,SGN,DAD,Domestic,VJ,,
2026-05-23|VJ963/VJ901|A685|ICN-HAN-BKK|11:10,2026-05-23,VJ963/VJ901,A685,A321,ICN-HAN-BKK,08:55,11:10,08:55,11:10,09:10,11:01,11:02,11:05,02:15,01:52,EARLY,ONTIME,ONTIME,ONTIME,,,,,,,,,HAN,ICN,BKK,International,VJ,,
2026-05-23|VJ492/VJ507|A634|BMV-HAN-DAD|11:10,2026-05-23,VJ492/VJ507,A634,A321,BMV-HAN-DAD,10:00,11:10,10:00,11:10,10:00,11:07,11:08,11:11,01:10,01:08,EARLY,ONTIME,ONTIME,ONTIME,,,,,,,,,HAN,BMV,DAD,Domestic,VJ,,
2026-05-23|VJ130/VJ133|A645|SGN-HAN-SGN|11:25,2026-05-23,VJ130/VJ133,A645,A321,SGN-HAN-SGN,10:50,11:25,10:50,11:25,10:55,11:24,11:25,11:35,00:35,00:30,ONTIME,ONTIME,ONTIME,ONTIME,,,,,,,,,HAN,SGN,SGN,Domestic,VJ,,
2026-05-23|VJ770/VJ451|A671|CXR-HAN-PQC|11:45,2026-05-23,VJ770/VJ451,A671,A320,CXR-HAN-PQC,09:55,11:45,09:55,11:45,10:15,11:38,11:39,11:45,01:50,01:24,EARLY,ONTIME,ONTIME,DELAY,,,,,,,,,HAN,CXR,PQC,Domestic,VJ,,
2026-05-23|VJ524/VJ775|A640|DAD-HAN-CXR|11:45,2026-05-23,VJ524/VJ775,A640,A321,DAD-HAN-CXR,10:45,11:45,10:45,11:45,10:40,11:39,11:40,11:42,01:00,01:00,EARLY,ONTIME,ONTIME,ONTIME,,,,,,,,,HAN,DAD,CXR,Domestic,VJ,,
2026-05-23|VJ515|A539|HAN-DAD|12:10,2026-05-23,VJ515,A539,A321,HAN-DAD,,12:10,,12:10,,12:09,12:10,12:20,,,ONTIME,ONTIME,ONTIME,,,,,,,,,,HAN,,DAD,Domestic,VJ,,
2026-05-23|VJ128/VJ137|A662|SGN-HAN-SGN|12:20,2026-05-23,VJ128/VJ137,A662,A320,SGN-HAN-SGN,11:50,12:20,11:50,12:20,11:55,12:19,12:20,12:30,00:30,00:25,ONTIME,ONTIME,ONTIME,ONTIME,,,,,,,,,HAN,SGN,SGN,Domestic,VJ,,
2026-05-23|VJ981/VJ453|A683|PUS-HAN-PQC|13:00,2026-05-23,VJ981/VJ453,A683,A321,PUS-HAN-PQC,10:40,13:00,10:40,13:00,11:10,12:54,12:55,12:57,02:20,01:45,EARLY,ONTIME,ONTIME,DELAY,,,,,,,,,HAN,PUS,PQC,Domestic,VJ,,
2026-05-23|VJ564/VJ787|A200|HUI-HAN-CXR|13:10,2026-05-23,VJ564/VJ787,A200,A321,HUI-HAN-CXR,12:35,13:10,12:35,13:10,12:45,13:14,13:15,13:25,00:35,00:30,DELAY,ONTIME,ONTIME,ONTIME,,93,00:05,,,,,,HAN,HUI,CXR,Domestic,VJ,,
2026-05-23|VJ959/VJ948|A667|FUK-HAN-RMQ|13:30,2026-05-23,VJ959/VJ948,A667,A321,FUK-HAN-RMQ,11:45,13:30,11:45,13:30,11:30,13:29,13:30,13:37,01:45,02:00,ONTIME,ONTIME,ONTIME,ONTIME,,,,,,,,,HAN,FUK,RMQ,International,VJ,,
2026-05-23|VJ198/VJ441|A687|SGN-HAN-PQC|14:00,2026-05-23,VJ198/VJ441,A687,A321,SGN-HAN-PQC,12:40,14:00,12:40,14:00,12:45,13:54,13:55,13:59,01:20,01:10,EARLY,ONTIME,ONTIME,ONTIME,,,,,,,,,HAN,SGN,PQC,Domestic,VJ,,
2026-05-23|VJ939/VJ525|A534|KIX-HAN-DAD|14:05,2026-05-23,VJ939/VJ525,A534,A321,KIX-HAN-DAD,12:20,14:05,12:20,14:05,12:15,13:59,14:00,14:06,01:45,01:45,EARLY,ONTIME,ONTIME,ONTIME,,,,,,,,,HAN,KIX,DAD,Domestic,VJ,,
2026-05-23|VJ1504/VJ1505|A537|DAD-HAN-DAD|14:35,2026-05-23,VJ1504/VJ1505,A537,A321,DAD-HAN-DAD,14:00,14:35,14:00,14:35,14:10,14:34,14:35,14:35,00:35,00:25,ONTIME,ONTIME,ONTIME,ONTIME,,,,,,,,,HAN,DAD,DAD,Domestic,VJ,,
2026-05-23|VJ1502/VJ145|A643|DAD-HAN-SGN|14:40,2026-05-23,VJ1502/VJ145,A643,A321,DAD-HAN-SGN,14:05,14:40,14:05,14:40,14:25,14:53,14:55,14:55,00:35,00:30,DELAY,ONTIME,ONTIME,DELAY,,93,00:15,,,,,,HAN,DAD,SGN,Domestic,VJ,,
2026-05-23|VJ7707/VJ7707|A516|KHV-HAN-CXR|14:55,2026-05-23,VJ7707/VJ7707,A516,A321,KHV-HAN-CXR,14:25,14:55,14:25,14:55,14:35,14:52,14:53,15:00,00:30,00:18,EARLY,ONTIME,ONTIME,ONTIME,,,,,,,,,HAN,KHV,CXR,Domestic,VJ,,
2026-05-23|VJ933/VJ511|A524|NRT-HAN-DAD|15:05,2026-05-23,VJ933/VJ511,A524,A321,NRT-HAN-DAD,13:05,15:05,13:05,15:05,13:15,15:04,15:05,15:10,02:00,01:50,ONTIME,ONTIME,ONTIME,ONTIME,,,,,,,,,HAN,NRT,DAD,Domestic,VJ,,
2026-05-23|VJ961/VJ423|A684|ICN-HAN-PXU|15:10,2026-05-23,VJ961/VJ423,A684,A321,ICN-HAN-PXU,13:35,15:10,13:35,15:10,13:25,15:04,15:05,15:15,01:35,01:40,EARLY,ONTIME,ONTIME,ONTIME,,,,,,,,,HAN,ICN,PXU,Domestic,VJ,,
2026-05-23|VJ440/VJ439|A668|PQC-HAN-UIH|15:40,2026-05-23,VJ440/VJ439,A668,A320,PQC-HAN-UIH,13:30,15:40,13:30,15:40,13:45,15:39,15:40,15:43,02:10,01:55,ONTIME,ONTIME,ONTIME,ONTIME,,,,,,,,,HAN,PQC,UIH,Domestic,VJ,,
2026-05-23|VJ138/VJ147|A656|SGN-HAN-SGN|15:45,2026-05-23,VJ138/VJ147,A656,A320,SGN-HAN-SGN,15:15,15:45,15:15,15:45,15:10,15:41,15:42,15:50,00:30,00:32,EARLY,ONTIME,ONTIME,ONTIME,,,,,,,,,HAN,SGN,SGN,Domestic,VJ,,
2026-05-23|VJ136/VJ567|A535|SGN-HAN-HUI|15:55,2026-05-23,VJ136/VJ567,A535,A321,SGN-HAN-HUI,14:25,15:55,14:25,15:55,14:50,15:54,15:55,15:59,01:30,01:05,ONTIME,ONTIME,ONTIME,DELAY,,,,,,,,,HAN,SGN,HUI,Domestic,VJ,,
2026-05-23|VJ906/VJ773|A669|KUL-HAN-CXR|16:00,2026-05-23,VJ906/VJ773,A669,A320,KUL-HAN-CXR,14:40,16:00,14:40,16:00,14:25,15:49,15:50,15:55,01:20,01:25,EARLY,ONTIME,ONTIME,ONTIME,,,,,,,,,HAN,KUL,CXR,Domestic,VJ,,
2026-05-23|VJ140/VJ151|A676|SGN-HAN-SGN|16:50,2026-05-23,VJ140/VJ151,A676,A320,SGN-HAN-SGN,16:20,16:50,16:20,16:50,16:50,17:14,17:15,17:35,00:30,00:25,DELAY,DELAY,DELAY,DELAY,,93,00:25,,,,,,HAN,SGN,SGN,Domestic,VJ,,
2026-05-23|VJ510/VJ465|A634|ICN-HAN-VCA|17:00,2026-05-23,VJ510/VJ465,A634,A321,ICN-HAN-VCA,14:35,17:00,14:35,17:00,14:55,16:56,16:57,17:00,02:25,02:02,EARLY,ONTIME,ONTIME,DELAY,,,,,,,,,HAN,ICN,VCA,Domestic,VJ,,
2026-05-23|VJ508/VJ495|A539|DAD-HAN-BMV|17:30,2026-05-23,VJ508/VJ495,A539,A321,DAD-HAN-BMV,15:25,17:30,15:25,17:30,15:45,17:22,17:23,17:26,02:05,01:38,EARLY,ONTIME,ONTIME,DELAY,,,,,,,,,HAN,DAD,BMV,Domestic,VJ,,
2026-05-23|VJ921/VJ517|A526|NGO-HAN-DAD|17:45,2026-05-23,VJ921/VJ517,A526,A321,NGO-HAN-DAD,12:50,17:45,12:50,17:45,12:45,17:37,17:38,17:44,04:55,04:53,EARLY,ONTIME,ONTIME,ONTIME,,,,,,,,,HAN,NGO,DAD,Domestic,VJ,,
2026-05-23|VJ772/VJ521|A640|CXR-HAN-DAD|18:45,2026-05-23,VJ772/VJ521,A640,A321,CXR-HAN-DAD,15:55,18:45,15:55,18:45,16:15,18:42,18:43,18:45,02:50,02:28,EARLY,ONTIME,ONTIME,DELAY,,,,,,,,,HAN,CXR,DAD,Domestic,VJ,,
2026-05-23|V774/VJ971|A200|CXR-HAN-DEL|19:40,2026-05-23,V774/VJ971,A200,A321,CXR-HAN-DEL,18:20,19:40,17:15,19:40,18:35,19:37,19:38,19:41,02:25,01:03,EARLY,ONTIME,ONTIME,ONTIME,,,,,,,,,HAN,CXR,DEL,International,VJ,,
2026-05-23|VJ442/VJ1127|A687|PQC-HAN-SGN|19:40,2026-05-23,VJ442/VJ1127,A687,A321,PQC-HAN-SGN,19:05,19:40,19:05,19:40,18:55,19:38,19:39,19:42,00:35,00:44,EARLY,ONTIME,ONTIME,ONTIME,,,,,,,,,HAN,PQC,SGN,Domestic,VJ,,
2026-05-23|VJ424/VJ523|A684|PXU-HAN-DAD|19:40,2026-05-23,VJ424/VJ523,A684,A321,PXU-HAN-DAD,18:50,19:40,18:50,19:40,18:53,19:29,19:30,19:34,00:50,00:37,EARLY,ONTIME,ONTIME,ONTIME,,,,,,,,,HAN,PXU,DAD,Domestic,VJ,,
2026-05-23|VJ928/VJ1925|A525|CGK-HAN-AMD|19:45,2026-05-23,VJ928/VJ1925,A525,A321,CGK-HAN-AMD,18:15,19:45,18:15,19:45,18:15,19:39,19:40,19:48,01:30,01:25,EARLY,ONTIME,ONTIME,ONTIME,,,,,,,,,HAN,CGK,AMD,International,VJ,,
2026-05-23|VJ144/VJ161|A810|SGN-HAN-SGN|20:55,2026-05-23,VJ144/VJ161,A810,A330,SGN-HAN-SGN,18:05,20:55,18:05,20:55,18:15,20:52,20:53,20:57,02:50,02:38,EARLY,ONTIME,ONTIME,ONTIME,,,,,,,,,HAN,SGN,SGN,Domestic,VJ,,
2026-05-23|VJ438/VJ7238|A668|UIH-HAN-PVG|21:15,2026-05-23,VJ438/VJ7238,A668,A320,UIH-HAN-PVG,19:25,21:15,19:25,21:15,19:35,21:01,21:02,21:07,01:50,01:27,EARLY,ONTIME,ONTIME,ONTIME,,,,,,,,,HAN,UIH,PVG,International,VJ,,
2026-05-23|VJ520/VJ1527|A641|DAD-HAN-DAD|21:25,2026-05-23,VJ520/VJ1527,A641,A321,DAD-HAN-DAD,20:55,21:25,20:55,21:25,20:40,21:19,21:20,21:25,00:30,00:40,EARLY,ONTIME,ONTIME,ONTIME,,,,,,,,,HAN,DAD,DAD,Domestic,VJ,,
2026-05-24|VJ7660/VJ7660|A526|HAN-KHV|00:25,2026-05-24,VJ7660/VJ7660,A526,A321,HAN-KHV,23:55,00:25,23:55,00:25,00:05,00:34,00:35,00:40,00:30,00:30,DELAY,ONTIME,ONTIME,ONTIME,,93,00:10,,,,,,HAN,,KHV,International,VJ,,
2026-05-24|VJ932|A578|HAN-NRT|00:30,2026-05-24,VJ932,A578,A321,HAN-NRT,,00:30,,00:30,,00:29,00:30,00:32,,,ONTIME,ONTIME,ONTIME,,,,,,,,,,HAN,,NRT,International,VJ,,
2026-05-24|VJ982|A683|HAN-PUS|01:05,2026-05-24,VJ982,A683,A321,HAN-PUS,,01:05,,01:05,,00:57,00:58,01:02,,,EARLY,ONTIME,ONTIME,,,,,,,,,,HAN,,PUS,International,VJ,,
2026-05-24|VJ938|A524|HAN-KIX|01:20,2026-05-24,VJ938,A524,A321,HAN-KIX,,01:20,,01:20,,01:13,01:14,01:16,,,EARLY,ONTIME,ONTIME,,,,,,,,,,HAN,,KIX,International,VJ,,
2026-05-24|VJ960|A685|HAN-ICN|01:40,2026-05-24,VJ960,A685,A321,HAN-ICN,,01:40,,01:40,,01:24,01:25,01:28,,,EARLY,ONTIME,ONTIME,,,,,,,,,,HAN,,ICN,International,VJ,,
2026-05-24|VJ920|A534|HAN-NGO|01:40,2026-05-24,VJ920,A534,A321,HAN-NGO,,01:40,,01:40,,01:54,01:55,01:55,,,DELAY,ONTIME,ONTIME,,,99,00:15,,,,,offload bag,HAN,,NGO,International,VJ,,
2026-05-24|VJ124/VJ7704|A537|HAN-VVO|00:45,2026-05-24,VJ124/VJ7704,A537,A321,HAN-VVO,00:15,00:45,00:15,09:15,02:20,10:14,10:15,10:24,09:00,07:55,DELAY,DELAY,DELAY,DELAY,,99,01:00,,,,,late acpt 2 pax & bag,HAN,,VVO,International,VJ,,
2026-05-24|VJ1980|A671|HAN-FSZ|02:40,2026-05-24,VJ1980,A671,A320,HAN-FSZ,,02:40,,02:40,,02:16,02:17,02:30,,,EARLY,ONTIME,ONTIME,,,,,,,,,,HAN,,FSZ,International,VJ,,
2026-05-24|VJ123|A607|HAN-SGN|05:30,2026-05-24,VJ123,A607,A321,HAN-SGN,,05:30,,05:30,,05:24,05:25,05:29,,,EARLY,ONTIME,ONTIME,,,,,,,,,,HAN,,SGN,Domestic,VJ,,
2026-05-24|VJ501|A634|HAN-DAD|05:40,2026-05-24,VJ501,A634,A321,HAN-DAD,,05:40,,05:40,,05:34,05:35,05:40,,,EARLY,ONTIME,ONTIME,,,,,,,,,,HAN,,DAD,Domestic,VJ,,
2026-05-24|VJ771|A667|HAN-CXR|05:45,2026-05-24,VJ771,A667,A321,HAN-CXR,,05:45,,05:45,,05:39,05:40,05:44,,,EARLY,ONTIME,ONTIME,,,,,,,,,,HAN,,CXR,Domestic,VJ,,
2026-05-24|VJ121|A500|HAN-SGN|06:00,2026-05-24,VJ121,A500,A321,HAN-SGN,,06:00,,06:00,,05:46,05:47,05:55,,,EARLY,ONTIME,ONTIME,,,,,,,,,,HAN,,SGN,Domestic,VJ,,
2026-05-24|VJ491|A535|HAN-BMV|06:00,2026-05-24,VJ491,A535,A321,HAN-BMV,,06:00,,06:00,,05:54,05:55,06:00,,,EARLY,ONTIME,ONTIME,,,,,,,,,,HAN,,BMV,Domestic,VJ,,
2026-05-24|VJ431|A669|HAN-UIH|06:05,2026-05-24,VJ431,A669,A320,HAN-UIH,,06:05,,06:05,,05:59,06:00,06:09,,,EARLY,ONTIME,ONTIME,,,,,,,,,,HAN,,UIH,Domestic,VJ,,
2026-05-24|VJ952|A672|HAN-HIJ|06:15,2026-05-24,VJ952,A672,A320,HAN-HIJ,,06:15,,06:15,,06:09,06:10,06:20,,,EARLY,ONTIME,ONTIME,,,,,,,,,,HAN,,HIJ,International,VJ,,
2026-05-24|VJ125|A689|HAN-SGN|07:00,2026-05-24,VJ125,A689,A320,HAN-SGN,,07:00,,07:00,,06:49,06:50,06:55,,,EARLY,ONTIME,ONTIME,,,,,,,,,,HAN,,SGN,Domestic,VJ,,
2026-05-24|VJ421|A676|HAN-PXU|07:10,2026-05-24,VJ421,A676,A320,HAN-PXU,,07:10,,07:10,,07:03,07:04,07:10,,,EARLY,ONTIME,ONTIME,,,,,,,,,,HAN,,PXU,Domestic,VJ,,
2026-05-24|VJ197|A648|HAN-SGN|07:20,2026-05-24,VJ197,A648,A321,HAN-SGN,,07:20,,07:20,,07:14,07:15,07:24,,,EARLY,ONTIME,ONTIME,,,,,,,,,,HAN,,SGN,Domestic,VJ,,
2026-05-24|VJ7239/VJ905|A668|PVG-HAN-KUL|07:25,2026-05-24,VJ7239/VJ905,A668,A320,PVG-HAN-KUL,04:50,07:25,04:50,07:25,04:15,07:16,07:17,07:21,02:35,03:02,EARLY,ONTIME,ONTIME,ONTIME,,,,,,,,,HAN,PVG,KUL,International,VJ,,
2026-05-24|VJ503|A539|HAN-DAD|07:30,2026-05-24,VJ503,A539,A321,HAN-DAD,,07:30,,07:30,,07:24,07:25,07:30,,,EARLY,ONTIME,ONTIME,,,,,,,,,,HAN,,DAD,Domestic,VJ,,
2026-05-24|VJ1926/VJ929|A525|AMD-HAN-CGK|08:40,2026-05-24,VJ1926/VJ929,A525,A321,AMD-HAN-CGK,05:55,08:40,05:55,08:40,06:22,08:36,08:37,08:40,02:45,02:15,EARLY,ONTIME,ONTIME,DELAY,,,,,,,,,HAN,AMD,CGK,International,VJ,,
2026-05-24|VJ129|A542|HAN-SGN|08:45,2026-05-24,VJ129,A542,A321,HAN-SGN,,08:45,,08:45,,08:40,08:42,08:44,,,EARLY,ONTIME,ONTIME,,,,,,,,,,HAN,,SGN,Domestic,VJ,,
2026-05-24|VJ972/VJ447|A200|DEL-HAN-PQC|08:45,2026-05-24,VJ972/VJ447,A200,A321,DEL-HAN-PQC,05:40,08:45,05:40,08:45,05:25,08:42,08:43,08:48,03:05,03:18,EARLY,ONTIME,ONTIME,ONTIME,,,,,,,,,HAN,DEL,PQC,Domestic,VJ,,
2026-05-24|VJ505|A647|HAN-DAD|09:05,2026-05-24,VJ505,A647,A321,HAN-DAD,,09:05,,09:05,,09:04,09:05,09:11,,,ONTIME,ONTIME,ONTIME,,,,,,,,,,HAN,,DAD,Domestic,VJ,,
2026-05-24|VJ514/VJ563|A634|DAD-HAN-HUI|09:30,2026-05-24,VJ514/VJ563,A634,A321,DAD-HAN-HUI,08:55,09:30,08:55,09:30,09:15,09:38,09:39,09:43,00:35,00:24,DELAY,ONTIME,ONTIME,DELAY,,93,00:09,,,,,,HAN,DAD,HUI,Domestic,VJ,,
2026-05-24|VJ915|A684|HAN-SIN|09:35,2026-05-24,VJ915,A684,A321,HAN-SIN,,09:35,,09:35,,09:34,09:35,09:36,,,ONTIME,ONTIME,ONTIME,,,,,,,,,,HAN,,SIN,International,VJ,,
2026-05-24|VJ122/VJ463|A687|SGN-HAN-VCA|10:20,2026-05-24,VJ122/VJ463,A687,A321,SGN-HAN-VCA,09:05,10:20,09:05,10:20,09:12,10:06,10:07,10:13,01:15,00:55,EARLY,ONTIME,ONTIME,ONTIME,,,,,,,,,HAN,SGN,VCA,Domestic,VJ,,
2026-05-24|VJ997|A674|HAN-DPS|10:25,2026-05-24,VJ997,A674,A321,HAN-DPS,,10:25,,10:25,,10:24,10:25,10:25,,,ONTIME,ONTIME,ONTIME,,,,,,,,,,HAN,,DPS,International,VJ,,
2026-05-24|VJ126/VJ131|A810|SGN-HAN-SGN|10:40,2026-05-24,VJ126/VJ131,A810,A330,SGN-HAN-SGN,09:40,10:40,09:40,10:40,09:50,10:36,10:37,10:42,01:00,00:47,EARLY,ONTIME,ONTIME,ONTIME,,,,,,,,,HAN,SGN,SGN,Domestic,VJ,,
2026-05-24|VJ492/VJ901|A535|BMV-HAN-BKK|11:10,2026-05-24,VJ492/VJ901,A535,A321,BMV-HAN-BKK,10:00,11:10,10:00,11:10,10:10,11:05,11:06,11:08,01:10,00:56,EARLY,ONTIME,ONTIME,ONTIME,,,,,,,,,HAN,BMV,BKK,International,VJ,,
2026-05-24|VJ524/VJ507|A539|DAD-HAN-DAD|11:10,2026-05-24,VJ524/VJ507,A539,A321,DAD-HAN-DAD,10:40,11:10,10:40,11:30,10:50,11:19,11:20,11:25,00:50,00:30,EARLY,ONTIME,ONTIME,ONTIME,,,,,,,,,HAN,DAD,DAD,Domestic,VJ,,
2026-05-24|VJ430/VJ133|A669|UIH-HAN-SGN|11:20,2026-05-24,VJ430/VJ133,A669,A320,UIH-HAN-SGN,09:50,11:20,09:50,11:20,10:00,11:19,11:20,11:28,01:30,01:20,ONTIME,ONTIME,ONTIME,ONTIME,,,,,,,,,HAN,UIH,SGN,Domestic,VJ,,
2026-05-24|VJ422/VJ451|A676|PXU-HAN-PQC|11:45,2026-05-24,VJ422/VJ451,A676,A320,PXU-HAN-PQC,10:50,11:45,10:50,11:45,10:40,11:33,11:34,11:37,00:55,00:54,EARLY,ONTIME,ONTIME,ONTIME,,,,,,,,,HAN,PXU,PQC,Domestic,VJ,,
2026-05-24|VJ770/VJ515|A667|CXR-HAN-DAD|12:10,2026-05-24,VJ770/VJ515,A667,A321,CXR-HAN-DAD,09:55,12:10,09:55,12:10,10:12,12:05,12:06,12:09,02:15,01:54,EARLY,ONTIME,ONTIME,DELAY,,,,,,,,,HAN,CXR,DAD,Domestic,VJ,,
2026-05-24|VJ130/VJ137|A650|SGN-HAN-SGN|12:20,2026-05-24,VJ130/VJ137,A650,A320,SGN-HAN-SGN,10:50,12:20,10:50,12:20,11:08,12:18,12:19,12:22,01:30,01:11,EARLY,ONTIME,ONTIME,DELAY,,,,,,,,,HAN,SGN,SGN,Domestic,VJ,,
2026-05-24|VJ506/VJ453|A647|DAD-HAN-PQC|13:00,2026-05-24,VJ506/VJ453,A647,A321,DAD-HAN-PQC,12:15,13:00,12:15,13:00,12:30,12:59,13:00,13:05,00:45,00:30,ONTIME,ONTIME,ONTIME,ONTIME,,,,,,,,,HAN,DAD,PQC,Domestic,VJ,,
2026-05-24|VJ564/VJ787|A634|HUI-HAN-CXR|13:10,2026-05-24,VJ564/VJ787,A634,A321,HUI-HAN-CXR,12:35,13:10,12:35,13:10,12:50,13:24,13:25,13:25,00:35,00:35,DELAY,ONTIME,ONTIME,ONTIME,,93,00:10,66,00:05,,,crew hn ob 1303,HAN,HUI,CXR,Domestic,VJ,,
2026-05-24|VJ981/VJ948|A683|PUS-HAN-RMQ|13:30,2026-05-24,VJ981/VJ948,A683,A321,PUS-HAN-RMQ,10:40,13:30,10:40,13:30,10:40,13:23,13:25,13:28,02:50,02:45,EARLY,ONTIME,ONTIME,ONTIME,,,,,,,,,HAN,PUS,RMQ,International,VJ,,
2026-05-24|VJ440/VJ525|A200|PQC-HAN-DAD|14:05,2026-05-24,VJ440/VJ525,A200,A321,PQC-HAN-DAD,13:30,14:05,13:30,14:05,13:40,14:04,14:05,14:15,00:35,00:25,ONTIME,ONTIME,ONTIME,ONTIME,,,,,,,,,HAN,PQC,DAD,Domestic,VJ,,
2026-05-24|VJ7661/VJ7661|A526|KHV-HAN-DAD|14:15,2026-05-24,VJ7661/VJ7661,A526,A321,KHV-HAN-DAD,13:45,14:15,13:45,14:15,13:56,14:19,14:20,14:26,00:30,00:24,DELAY,ONTIME,ONTIME,ONTIME,,93,00:05,,,,,,HAN,KHV,DAD,Domestic,VJ,,
2026-05-24|VJ939/VJ942|A524|KIX-HAN-TPE|14:25,2026-05-24,VJ939/VJ942,A524,A321,KIX-HAN-TPE,12:20,14:25,12:20,14:25,12:20,14:24,14:25,14:28,02:05,02:05,ONTIME,ONTIME,ONTIME,ONTIME,,,,,,,,,HAN,KIX,TPE,International,VJ,,
2026-05-24|VJ7705/VJ7705|A537|VVO-HAN-CXR|13:15,2026-05-24,VJ7705/VJ7705,A537,A321,VVO-HAN-CXR,,13:15,20:45,22:30,22:30,22:49,22:50,23:00,01:45,00:20,DELAY,DELAY,DELAY,,,93,00:20,,,,,,HAN,VVO,CXR,Domestic,VJ,,
2026-05-24|VJ921/VJ946|A534|NGO-HAN-KHH|14:35,2026-05-24,VJ921/VJ946,A534,A321,NGO-HAN-KHH,12:50,14:35,12:50,14:35,12:55,14:30,14:31,14:32,01:45,01:36,EARLY,ONTIME,ONTIME,ONTIME,,,,,,,,,HAN,NGO,KHH,International,VJ,,
2026-05-24|VJ1504/VJ1505|A537|DAD-HAN-DAD|14:35,2026-05-24,VJ1504/VJ1505,A537,A321,DAD-HAN-DAD,14:00,14:35,14:00,14:35,14:10,14:39,14:40,14:48,00:35,00:30,DELAY,ONTIME,ONTIME,ONTIME,,93,00:05,,,,,,HAN,DAD,DAD,Domestic,VJ,,
2026-05-24|VJ933/VJ145|A578|NRT-HAN-SGN|14:40,2026-05-24,VJ933/VJ145,A578,A321,NRT-HAN-SGN,13:05,14:40,13:05,14:40,13:20,14:36,14:37,14:55,01:35,01:17,EARLY,ONTIME,ONTIME,ONTIME,,,,,,,,,HAN,NRT,SGN,Domestic,VJ,,
2026-05-24|VJ136/VJ511|A500|SGN-HAN-DAD|15:05,2026-05-24,VJ136/VJ511,A500,A321,SGN-HAN-DAD,14:10,15:05,14:10,15:25,14:45,15:19,15:20,15:20,01:15,00:35,EARLY,ONTIME,ONTIME,DELAY,,,,,,,,,HAN,SGN,DAD,Domestic,VJ,,
2026-05-24|VJ128/VJ423|A689|SGN-HAN-PXU|15:05,2026-05-24,VJ128/VJ423,A689,A320,SGN-HAN-PXU,11:50,15:05,11:50,15:05,11:55,15:04,15:05,15:12,03:15,03:10,ONTIME,ONTIME,ONTIME,ONTIME,,,,,,,,,HAN,SGN,PXU,Domestic,VJ,,
2026-05-24|VJ906/VJ439|A668|KUL-HAN-UIH|15:40,2026-05-24,VJ906/VJ439,A668,A320,KUL-HAN-UIH,14:40,15:40,14:40,15:40,15:00,15:39,15:40,15:55,01:00,00:40,ONTIME,ONTIME,ONTIME,DELAY,,,,,,,,,HAN,KUL,UIH,Domestic,VJ,,
2026-05-24|VJ138/VJ147|A658|SGN-HAN-SGN|15:45,2026-05-24,VJ138/VJ147,A658,A320,SGN-HAN-SGN,15:15,15:45,15:15,15:45,15:05,15:41,15:42,15:51,00:30,00:37,EARLY,ONTIME,ONTIME,ONTIME,,,,,,,,,HAN,SGN,SGN,Domestic,VJ,,
2026-05-24|VJ464/VJ567|A687|VCA-HAN-HUI|15:55,2026-05-24,VJ464/VJ567,A687,A321,VCA-HAN-HUI,15:10,15:55,15:10,15:55,15:10,15:54,15:55,16:05,00:45,00:45,ONTIME,ONTIME,ONTIME,ONTIME,,,,,,,,,HAN,VCA,HUI,Domestic,VJ,,
2026-05-24|VJ508/VJ773|A667|DAD-HAN-CXR|16:00,2026-05-24,VJ508/VJ773,A667,A321,DAD-HAN-CXR,15:25,16:00,15:25,16:25,15:40,16:22,16:23,16:30,01:00,00:43,EARLY,ONTIME,DELAY,ONTIME,,,,,,,,,HAN,DAD,CXR,Domestic,VJ,,
2026-05-24|VJ1981/VJ151|A671|FSZ-HAN-SGN|16:50,2026-05-24,VJ1981/VJ151,A671,A320,FSZ-HAN-SGN,14:00,16:50,14:00,16:50,13:50,16:47,16:48,16:57,02:50,02:58,EARLY,ONTIME,ONTIME,ONTIME,,,,,,,,,HAN,FSZ,SGN,Domestic,VJ,,
2026-05-24|VJ198/VJ465|A648|SGN-HAN-VCA|17:00,2026-05-24,VJ198/VJ465,A648,A321,SGN-HAN-VCA,12:40,17:00,12:40,17:00,12:40,16:59,17:00,17:07,04:20,04:20,ONTIME,ONTIME,ONTIME,ONTIME,,,,,,,,,HAN,SGN,VCA,Domestic,VJ,,
2026-05-24|VJ452/VJ495|A633|PQC-HAN-BMV|17:30,2026-05-24,VJ452/VJ495,A633,A321,PQC-HAN-BMV,16:05,17:30,16:05,17:30,16:25,17:24,17:25,17:29,01:25,01:00,EARLY,ONTIME,ONTIME,DELAY,,,,,,,,,HAN,PQC,BMV,Domestic,VJ,,
2026-05-24|VJ510/VJ517|A639|DAD-HAN-DAD|17:45,2026-05-24,VJ510/VJ517,A639,A321,DAD-HAN-DAD,14:35,17:45,14:50,17:45,15:05,17:42,17:43,17:50,02:55,02:38,EARLY,ONTIME,ONTIME,DELAY,,,,,,,,,HAN,DAD,DAD,Domestic,VJ,,
2026-05-24|VJ953/VJ1153|A672|HIJ-HAN-SGN|18:05,2026-05-24,VJ953/VJ1153,A672,A320,HIJ-HAN-SGN,16:10,18:05,16:10,18:05,16:10,17:59,18:00,18:03,01:55,01:50,EARLY,ONTIME,ONTIME,ONTIME,,,,,,,,,HAN,HIJ,SGN,Domestic,VJ,,
2026-05-24|VJ512/VJ521|A526|DAD-HAN-DAD|18:45,2026-05-24,VJ512/VJ521,A526,A321,DAD-HAN-DAD,18:15,18:45,18:15,19:15,18:40,19:09,19:10,19:19,01:00,00:30,EARLY,ONTIME,DELAY,DELAY,,,,,,,,,HAN,DAD,DAD,Domestic,VJ,,
2026-05-24|VJ902/VJ1127|A535|BKK-HAN-SGN|19:20,2026-05-24,VJ902/VJ1127,A535,A321,BKK-HAN-SGN,15:50,19:20,15:50,19:20,16:05,19:17,19:18,19:28,03:30,03:13,EARLY,ONTIME,ONTIME,ONTIME,,,,,,,,,HAN,BKK,SGN,Domestic,VJ,,
2026-05-24|VJ456/VJ523|A647|PQC-HAN-DAD|19:40,2026-05-24,VJ456/VJ523,A647,A321,PQC-HAN-DAD,17:45,19:40,17:45,19:40,17:55,19:34,19:35,19:45,01:55,01:40,EARLY,ONTIME,ONTIME,ONTIME,,,,,,,,,HAN,PQC,DAD,Domestic,VJ,,
2026-05-24|VJ928/VJ1925|A525|CGK-HAN-AMD|19:45,2026-05-24,VJ928/VJ1925,A525,A321,CGK-HAN-AMD,18:15,19:45,18:15,19:45,18:50,19:36,19:37,19:50,01:30,00:47,EARLY,ONTIME,ONTIME,DELAY,,,,,,,,,HAN,CGK,AMD,International,VJ,,
2026-05-24|VJ7614/VJ7614|A553|CXR-HAN-BQS|19:50,2026-05-24,VJ7614/VJ7614,A553,A321,CXR-HAN-BQS,19:20,19:50,19:20,19:50,19:35,20:03,20:04,20:05,00:30,00:29,DELAY,ONTIME,ONTIME,ONTIME,,93,00:14,,,,,,HAN,CXR,BQS,International,VJ,,
2026-05-24|VJ528/VJ455|A200|DAD-HAN-PQC|20:05,2026-05-24,VJ528/VJ455,A200,A321,DAD-HAN-PQC,17:25,20:05,17:25,20:05,17:25,20:02,20:03,20:12,02:40,02:38,EARLY,ONTIME,ONTIME,ONTIME,,,,,,,,,HAN,DAD,PQC,Domestic,VJ,,
2026-05-24|VJ916/VJ7815|A684|SIN-HAN-MNL|20:10,2026-05-24,VJ916/VJ7815,A684,A321,SIN-HAN-MNL,17:25,20:10,17:25,20:10,18:20,20:08,20:10,20:13,02:45,01:50,ONTIME,ONTIME,ONTIME,DELAY,,,,,,,,,HAN,SIN,MNL,International,VJ,,
2026-05-24|VJ144/VJ161|A810|SGN-HAN-SGN|20:55,2026-05-24,VJ144/VJ161,A810,A330,SGN-HAN-SGN,18:05,20:55,18:05,20:55,18:10,20:47,20:48,20:50,02:50,02:38,EARLY,ONTIME,ONTIME,ONTIME,,,,,,,,,HAN,SGN,SGN,Domestic,VJ,,
2026-05-24|VJ154/VJ163|A673|SGN-HAN-SGN|21:25,2026-05-24,VJ154/VJ163,A673,A321,SGN-HAN-SGN,20:55,21:25,20:55,21:25,21:05,21:29,21:30,21:35,00:30,00:25,DELAY,ONTIME,ONTIME,ONTIME,,93,00:05,,,,,,HAN,SGN,SGN,Domestic,VJ,,
2026-05-24|VJ454/VJ1527|A676|PQC-HAN-DAD|21:25,2026-05-24,VJ454/VJ1527,A676,A320,PQC-HAN-DAD,16:45,21:25,16:45,21:25,16:45,21:24,21:25,21:30,04:40,04:40,ONTIME,ONTIME,ONTIME,ONTIME,,,,,,,,,HAN,PQC,DAD,Domestic,VJ,,
2026-05-24|VJ943/VJ7526|A524|TPE-HAN-CAN|22:30,2026-05-24,VJ943/VJ7526,A524,A321,TPE-HAN-CAN,20:55,22:30,20:55,22:30,21:35,22:22,22:23,22:25,01:35,00:48,EARLY,ONTIME,ONTIME,DELAY,,,,,,,,,HAN,TPE,CAN,International,VJ,,
2026-05-24|VJ150/VJ167|A656|SGN-HAN-SGN|22:45,2026-05-24,VJ150/VJ167,A656,A320,SGN-HAN-SGN,19:50,22:45,19:50,22:45,20:05,22:36,22:37,22:40,02:55,02:32,EARLY,ONTIME,ONTIME,ONTIME,,,,,,,,,HAN,SGN,SGN,Domestic,VJ,,
2026-05-24|VJ949/VJ962|A683|RMQ-HAN-ICN|23:15,2026-05-24,VJ949/VJ962,A683,A321,RMQ-HAN-ICN,19:50,23:15,19:50,23:15,19:50,23:02,23:03,23:09,03:25,03:13,EARLY,ONTIME,ONTIME,ONTIME,,,,,,,,,HAN,RMQ,ICN,International,VJ,,
2026-05-25|VJ932|A534|HAN-NRT|00:30,2026-05-25,VJ932,A534,A321,HAN-NRT,,00:30,,00:30,,00:14,00:15,00:20,,,EARLY,ONTIME,ONTIME,,,,,,,,,,HAN,,NRT,International,VJ,,
2026-05-25|VJ982|A648|HAN-PUS|01:05,2026-05-25,VJ982,A648,A321,HAN-PUS,,01:05,,01:05,,00:53,00:54,00:59,,,EARLY,ONTIME,ONTIME,,,,,,,,,,HAN,,PUS,International,VJ,,
2026-05-25|VJ938|A674|HAN-KIX|01:20,2026-05-25,VJ938,A674,A321,HAN-KIX,,01:20,,01:20,,01:14,01:15,01:19,,,EARLY,ONTIME,ONTIME,,,,,,,,,,HAN,,KIX,International,VJ,,
2026-05-25|VJ960|A647|HAN-ICN|01:40,2026-05-25,VJ960,A647,A321,HAN-ICN,,01:40,,01:40,,01:32,01:33,01:35,,,EARLY,ONTIME,ONTIME,,,,,,,,,,HAN,,ICN,International,VJ,,
2026-05-25|VJ920|A552|HAN-NGO|01:40,2026-05-25,VJ920,A552,A321,HAN-NGO,,01:40,,01:40,,01:26,01:27,01:32,,,EARLY,ONTIME,ONTIME,,,,,,,,,,HAN,,NGO,International,VJ,,
2026-05-25|VJ123|A634|HAN-SGN|05:30,2026-05-25,VJ123,A634,A321,HAN-SGN,,05:30,,05:30,,05:24,05:25,05:33,,,EARLY,ONTIME,ONTIME,,,,,,,,,,HAN,,SGN,Domestic,VJ,,
2026-05-25|VJ501|A633|HAN-DAD|05:40,2026-05-25,VJ501,A633,A321,HAN-DAD,,05:40,,05:40,,05:27,05:28,05:30,,,EARLY,ONTIME,ONTIME,,,,,,,,,,HAN,,DAD,Domestic,VJ,,
2026-05-25|VJ771|A535|HAN-CXR|05:45,2026-05-25,VJ771,A535,A321,HAN-CXR,,05:45,,05:45,,05:39,05:40,05:44,,,EARLY,ONTIME,ONTIME,,,,,,,,,,HAN,,CXR,Domestic,VJ,,
2026-05-25|VJ121|A539|HAN-SGN|06:00,2026-05-25,VJ121,A539,A321,HAN-SGN,,06:00,,06:00,,05:54,05:55,06:08,,,EARLY,ONTIME,ONTIME,,,,,,,,,,HAN,,SGN,Domestic,VJ,,
2026-05-25|VJ491|A685|HAN-BMV|06:00,2026-05-25,VJ491,A685,A321,HAN-BMV,,06:00,,06:00,,05:51,05:52,05:55,,,EARLY,ONTIME,ONTIME,,,,,,,,,,HAN,,BMV,Domestic,VJ,,
2026-05-25|VJ431|A669|HAN-UIH|06:05,2026-05-25,VJ431,A669,A320,HAN-UIH,,06:05,,06:05,,05:57,05:58,06:14,,,EARLY,ONTIME,ONTIME,,,,,,,,,,HAN,,UIH,Domestic,VJ,,
2026-05-25|VJ125|A671|HAN-SGN|07:00,2026-05-25,VJ125,A671,A320,HAN-SGN,,07:00,,07:00,,06:54,06:55,06:58,,,EARLY,ONTIME,ONTIME,,,,,,,,,,HAN,,SGN,Domestic,VJ,,
2026-05-25|VJ197|A668|HAN-SGN|07:20,2026-05-25,VJ197,A668,A320,HAN-SGN,,07:20,,07:20,,07:14,07:15,07:19,,,EARLY,ONTIME,ONTIME,,,,,,,,,,HAN,,SGN,Domestic,VJ,,
2026-05-25|VJ7816/VJ503|A684|MNL-HAN-DAD|07:30,2026-05-25,VJ7816/VJ503,A684,A321,MNL-HAN-DAD,03:50,07:30,03:50,07:30,04:05,07:24,07:25,07:30,03:40,03:20,EARLY,ONTIME,ONTIME,ONTIME,,,,,,,,,HAN,MNL,DAD,Domestic,VJ,,
2026-05-25|VJ124/VJ129|A656|SGN-HAN-SGN|08:45,2026-05-25,VJ124/VJ129,A656,A320,SGN-HAN-SGN,08:15,08:45,08:15,08:45,08:00,08:44,08:45,08:50,00:30,00:45,ONTIME,ONTIME,ONTIME,ONTIME,,,,,,,,,HAN,SGN,SGN,Domestic,VJ,,
2026-05-25|VJ7527/VJ447|A524|CAN-HAN-PQC|08:45,2026-05-25,VJ7527/VJ447,A524,A321,CAN-HAN-PQC,03:05,08:45,03:05,08:45,03:25,08:41,08:43,08:44,05:40,05:18,EARLY,ONTIME,ONTIME,DELAY,,,,,,,,,HAN,CAN,PQC,Domestic,VJ,,
2026-05-25|VJ7615/VJ7615|A580|BQS-HAN-CXR|08:50,2026-05-25,VJ7615/VJ7615,A580,A321,BQS-HAN-CXR,08:20,08:50,08:20,08:50,08:40,08:57,08:58,09:05,00:30,00:18,DELAY,ONTIME,ONTIME,DELAY,,93,00:08,,,,,,HAN,BQS,CXR,Domestic,VJ,,
2026-05-25|VJ505|A543|HAN-DAD|09:05,2026-05-25,VJ505,A543,A321,HAN-DAD,,09:05,,09:05,,09:01,09:02,09:10,,,EARLY,ONTIME,ONTIME,,,,,,,,,,HAN,,DAD,Domestic,VJ,,
2026-05-25|VJ514/VJ563|A633|DAD-HAN-HUI|09:30,2026-05-25,VJ514/VJ563,A633,A321,DAD-HAN-HUI,08:55,09:30,08:55,09:30,09:05,09:39,09:40,09:45,00:35,00:35,DELAY,ONTIME,ONTIME,ONTIME,,93,00:05,15A,00:05,,,OFFLOAD 4PAX 5PCS,HAN,DAD,HUI,Domestic,VJ,,
2026-05-25|VJ126/VJ131|A698|SGN-HAN-SGN|10:10,2026-05-25,VJ126/VJ131,A698,A321,SGN-HAN-SGN,09:40,10:10,09:40,10:10,09:45,10:14,10:15,10:20,00:30,00:30,DELAY,ONTIME,ONTIME,ONTIME,,93,00:05,,,,,,HAN,SGN,SGN,Domestic,VJ,,
2026-05-25|VJ463|A672|HAN-VCA|10:20,2026-05-25,VJ463,A672,A320,HAN-VCA,,10:20,,10:20,,10:15,10:16,10:18,,,EARLY,ONTIME,ONTIME,,,,,,,,,,HAN,,VCA,Domestic,VJ,,
2026-05-25|VJ1926/VJ997|A525|AMD-HAN-DPS|10:25,2026-05-25,VJ1926/VJ997,A525,A321,AMD-HAN-DPS,05:55,10:25,05:55,10:25,06:20,10:29,10:30,10:40,04:30,04:10,DELAY,ONTIME,ONTIME,DELAY,,15A,00:05,,,,,OFFLOAD 1PAX 3PCS,HAN,AMD,DPS,International,VJ,,
2026-05-25|VJ492/VJ901|A687|BMV-HAN-BKK|11:10,2026-05-25,VJ492/VJ901,A687,A321,BMV-HAN-BKK,10:00,11:10,10:00,11:10,10:00,11:08,11:10,11:25,01:10,01:10,ONTIME,ONTIME,ONTIME,ONTIME,,,,,,,,,HAN,BMV,BKK,International,VJ,,
2026-05-25|VJ963/VJ507|A683|ICN-HAN-DAD|11:10,2026-05-25,VJ963/VJ507,A683,A321,ICN-HAN-DAD,08:55,11:10,08:55,11:10,08:45,11:09,11:10,11:25,02:15,02:25,ONTIME,ONTIME,ONTIME,ONTIME,,,,,,,,,HAN,ICN,DAD,Domestic,VJ,,
2026-05-25|VJ770/VJ133|A535|CXR-HAN-SGN|11:20,2026-05-25,VJ770/VJ133,A535,A321,CXR-HAN-SGN,09:55,11:20,09:55,11:20,10:15,11:29,11:30,11:50,01:25,01:15,DELAY,ONTIME,DELAY,DELAY,,15A,00:10,,,,,OFFLOAD 4PAX 3PCS/LATE PUSH BACK DUE TO ATC,HAN,CXR,SGN,Domestic,VJ,,
2026-05-25|VJ430/VJ451|A669|UIH-HAN-PQC|11:45,2026-05-25,VJ430/VJ451,A669,A320,UIH-HAN-PQC,09:50,11:45,09:50,11:45,09:55,11:36,11:37,11:45,01:55,01:42,EARLY,ONTIME,ONTIME,ONTIME,,,,,,,,,HAN,UIH,PQC,Domestic,VJ,,
2026-05-25|VJ524/VJ775|A684|DAD-HAN-CXR|11:45,2026-05-25,VJ524/VJ775,A684,A321,DAD-HAN-CXR,10:40,11:45,10:40,11:45,10:55,11:37,11:39,11:50,01:05,00:44,EARLY,ONTIME,ONTIME,ONTIME,,,,,,,,,HAN,DAD,CXR,Domestic,VJ,,
2026-05-25|VJ130/VJ515|A532|SGN-HAN-DAD|12:10,2026-05-25,VJ130/VJ515,A532,A321,SGN-HAN-DAD,10:50,12:10,10:50,12:10,10:55,12:07,12:08,12:10,01:20,01:13,EARLY,ONTIME,ONTIME,ONTIME,,,,,,,,,HAN,SGN,DAD,Domestic,VJ,,
2026-05-25|VJ122/VJ137|A650|SGN-HAN-SGN|12:20,2026-05-25,VJ122/VJ137,A650,A320,SGN-HAN-SGN,09:05,12:20,09:05,12:20,09:00,12:19,12:20,12:24,03:15,03:20,ONTIME,ONTIME,ONTIME,ONTIME,,,,,,,,,HAN,SGN,SGN,Domestic,VJ,,
2026-05-25|VJ506/VJ453|A543|DAD-HAN-PQC|13:00,2026-05-25,VJ506/VJ453,A543,A321,DAD-HAN-PQC,12:20,13:00,12:20,13:00,12:55,13:19,13:20,13:25,00:40,00:25,DELAY,DELAY,DELAY,DELAY,,93,00:20,,,,,,HAN,DAD,PQC,Domestic,VJ,,
2026-05-25|VJ564/VJ787|A633|HUI-HAN-CXR|13:10,2026-05-25,VJ564/VJ787,A633,A321,HUI-HAN-CXR,12:35,13:10,12:35,13:10,13:10,13:39,13:40,14:00,00:35,00:30,DELAY,DELAY,DELAY,DELAY,,93,00:30,,,,,LATE PUSH BACK DUE TO ATC,HAN,HUI,CXR,Domestic,VJ,,
2026-05-25|VJ981/VJ948|A648|PUS-HAN-RMQ|13:30,2026-05-25,VJ981/VJ948,A648,A321,PUS-HAN-RMQ,10:40,13:30,10:40,13:30,10:15,13:29,13:30,13:45,02:50,03:15,ONTIME,ONTIME,ONTIME,ONTIME,,,,,,,,,HAN,PUS,RMQ,International,VJ,,
2026-05-25|VJ939/VJ942|A674|KIX-HAN-TPE|14:25,2026-05-25,VJ939/VJ942,A674,A321,KIX-HAN-TPE,12:20,14:25,12:20,14:25,12:15,14:14,14:15,14:20,02:05,02:00,EARLY,ONTIME,ONTIME,ONTIME,,,,,,,,,HAN,KIX,TPE,International,VJ,,
2026-05-25|VJ946|A543|HAN-KHH|14:35,2026-05-25,VJ946,A543,A321,HAN-KHH,,14:35,,14:35,,14:29,14:30,14:33,,,EARLY,ONTIME,ONTIME,,,,,,,,,,HAN,,KHH,International,VJ,,
2026-05-25|VJ1504/VJ1505|A551|DAD-HAN-DAD|14:35,2026-05-25,VJ1504/VJ1505,A551,A321,DAD-HAN-DAD,14:00,14:35,14:00,14:35,14:25,14:54,14:55,15:05,00:35,00:30,DELAY,DELAY,DELAY,DELAY,,93,00:20,,,,,,HAN,DAD,DAD,Domestic,VJ,,
2026-05-25|VJ145|A689|HAN-SGN|14:40,2026-05-25,VJ145,A689,A320,HAN-SGN,,14:40,,14:40,,14:39,14:40,14:45,,,ONTIME,ONTIME,ONTIME,,,,,,,,,,HAN,,SGN,Domestic,VJ,,
2026-05-25|VJ440/VJ511|A524|PQC-HAN-DAD|15:05,2026-05-25,VJ440/VJ511,A524,A321,PQC-HAN-DAD,13:30,15:05,13:30,15:05,13:32,15:04,15:05,15:10,01:35,01:33,ONTIME,ONTIME,ONTIME,ONTIME,,,,,,,,,HAN,PQC,DAD,Domestic,VJ,,
2026-05-25|VJ921/VJ423|A552|NGO-HAN-PXU|15:05,2026-05-25,VJ921/VJ423,A552,A321,NGO-HAN-PXU,12:50,15:05,12:50,15:05,12:40,15:01,15:02,15:19,02:15,02:22,EARLY,ONTIME,ONTIME,ONTIME,,,,,,,,,HAN,NGO,PXU,Domestic,VJ,,
2026-05-25|VJ128/VJ439|A671|SGN-HAN-UIH|15:40,2026-05-25,VJ128/VJ439,A671,A320,SGN-HAN-UIH,11:50,15:40,11:50,15:40,12:35,15:34,15:35,15:40,03:50,03:00,EARLY,ONTIME,ONTIME,DELAY,,,,,,,,,HAN,SGN,UIH,Domestic,VJ,,
2026-05-25|VJ138/VJ147|A675|SGN-HAN-SGN|15:45,2026-05-25,VJ138/VJ147,A675,A320,SGN-HAN-SGN,15:15,15:45,15:15,15:45,15:25,15:49,15:50,16:00,00:30,00:25,DELAY,ONTIME,ONTIME,ONTIME,,93,00:05,,,,,,HAN,SGN,SGN,Domestic,VJ,,
2026-05-25|VJ464/VJ567|A672|HAN-HUI|15:55,2026-05-25,VJ464/VJ567,A672,A320,HAN-HUI,15:10,15:55,15:10,15:55,15:20,15:54,15:55,15:55,00:45,00:35,ONTIME,ONTIME,ONTIME,ONTIME,,,,,,,,,HAN,,HUI,Domestic,VJ,,
2026-05-25|VJ510/VJ773|A683|DAD-HAN-CXR|16:00,2026-05-25,VJ510/VJ773,A683,A321,DAD-HAN-CXR,14:35,16:00,14:35,16:00,15:10,15:57,15:58,16:06,01:25,00:48,EARLY,ONTIME,ONTIME,DELAY,,,,,,,,,HAN,DAD,CXR,Domestic,VJ,,
2026-05-25|VJ961/VJ913|A647|ICN-HAN-SAI|16:20,2026-05-25,VJ961/VJ913,A647,A321,ICN-HAN-SAI,13:35,16:20,13:35,16:20,13:25,16:15,16:17,16:20,02:45,02:52,EARLY,ONTIME,ONTIME,ONTIME,,,,,,,,,HAN,ICN,SAI,International,VJ,,
2026-05-25|VJ508/VJ1513|A532|DAD-HAN-DAD|16:35,2026-05-25,VJ508/VJ1513,A532,A321,DAD-HAN-DAD,15:25,16:35,15:25,16:35,15:50,16:32,16:33,16:39,01:10,00:43,EARLY,ONTIME,ONTIME,DELAY,,,,,,,,,HAN,DAD,DAD,Domestic,VJ,,
2026-05-25|VJ140/VJ151|A667|SGN-HAN-SGN|17:00,2026-05-25,VJ140/VJ151,A667,A321,SGN-HAN-SGN,16:20,17:00,16:20,17:00,16:21,17:09,17:10,17:15,00:40,00:49,DELAY,ONTIME,ONTIME,ONTIME,,61,00:10,,,,,WAIT FOR FPL,HAN,SGN,SGN,Domestic,VJ,,
2026-05-25|VJ902/VJ465|A687|BKK-HAN-VCA|17:00,2026-05-25,VJ902/VJ465,A687,A321,BKK-HAN-VCA,15:50,17:00,15:50,17:00,16:30,16:59,17:00,17:15,01:10,00:30,ONTIME,ONTIME,ONTIME,DELAY,,,,,,,,LATE PUSH BACK DUE TO ATC,HAN,BKK,VCA,Domestic,VJ,,
2026-05-25|VJ530/VJ495|A662|DAD-HAN-BMV|17:30,2026-05-25,VJ530/VJ495,A662,A320,DAD-HAN-BMV,16:15,17:30,16:15,17:30,16:10,17:26,17:27,17:28,01:15,01:17,EARLY,ONTIME,ONTIME,ONTIME,,,,,,,,,HAN,DAD,BMV,Domestic,VJ,,
2026-05-25|VJ454/VJ517|A669|PQC-HAN-DAD|17:45,2026-05-25,VJ454/VJ517,A669,A320,PQC-HAN-DAD,16:45,17:45,16:45,17:45,16:40,17:34,17:35,17:43,01:00,00:55,EARLY,ONTIME,ONTIME,ONTIME,,,,,,,,,HAN,PQC,DAD,Domestic,VJ,,
2026-05-25|VJ774/VJ1153|A580|CXR-HAN-SGN|18:05,2026-05-25,VJ774/VJ1153,A580,A321,CXR-HAN-SGN,17:15,18:05,17:15,18:05,17:21,18:04,18:05,18:12,00:50,00:44,ONTIME,ONTIME,ONTIME,ONTIME,,,,,,,,,HAN,CXR,SGN,Domestic,VJ,,
2026-05-25|VJ772/VJ521|A684|CXR-HAN-DAD|18:45,2026-05-25,VJ772/VJ521,A684,A321,CXR-HAN-DAD,16:00,18:45,16:00,18:45,16:35,18:40,18:42,18:47,02:45,02:07,EARLY,ONTIME,ONTIME,DELAY,,,,,,,,,HAN,CXR,DAD,Domestic,VJ,,
2026-05-25|VJ144/VJ1127|A632|SGN-HAN-SGN|19:20,2026-05-25,VJ144/VJ1127,A632,A321,SGN-HAN-SGN,18:05,19:20,18:05,19:20,15:10,19:18,19:19,19:21,01:15,04:09,EARLY,ONTIME,ONTIME,ONTIME,,,,,,,,,HAN,SGN,SGN,Domestic,VJ,,
2026-05-25|VJ568/VJ523|A672|HUI-HAN-DAD|19:40,2026-05-25,VJ568/VJ523,A672,A320,HUI-HAN-DAD,18:55,19:40,18:55,19:40,19:07,19:36,19:37,19:39,00:45,00:30,EARLY,ONTIME,ONTIME,ONTIME,,,,,,,,,HAN,HUI,DAD,Domestic,VJ,,
2026-05-25|VJ452/VJ907|A200|PQC-HAN-BOM|20:05,2026-05-25,VJ452/VJ907,A200,A321,PQC-HAN-BOM,14:35,20:05,14:35,20:05,14:30,19:59,20:00,20:04,05:30,05:30,EARLY,ONTIME,ONTIME,ONTIME,,,,,,,,,HAN,PQC,BOM,International,VJ,,
2026-05-25|VJ455|A534|HAN-PQC|20:05,2026-05-25,VJ455,A534,A321,HAN-PQC,,20:05,,20:05,,20:01,20:02,20:05,,,EARLY,ONTIME,ONTIME,,,,,,,,,,HAN,,PQC,Domestic,VJ,,
2026-05-25|VJ456/VJ161|A543|PQC-HAN-SGN|20:55,2026-05-25,VJ456/VJ161,A543,A321,PQC-HAN-SGN,17:45,20:55,17:45,20:55,18:35,20:50,20:51,20:54,03:10,02:16,EARLY,ONTIME,ONTIME,DELAY,,,,,,,,,HAN,PQC,SGN,Domestic,VJ,,
2026-05-25|VJ438/VJ7238|A671|UIH-HAN-PVG|21:15,2026-05-25,VJ438/VJ7238,A671,A320,UIH-HAN-PVG,19:25,21:15,19:25,21:15,20:25,21:09,21:10,21:11,01:50,00:45,EARLY,ONTIME,ONTIME,DELAY,,,,,,,,,HAN,UIH,PVG,International,VJ,,
2026-05-25|VJ150/VJ163|A651|SGN-HAN-SGN|21:25,2026-05-25,VJ150/VJ163,A651,A320,SGN-HAN-SGN,20:55,21:25,19:50,21:25,20:08,21:13,21:15,21:23,01:35,01:07,EARLY,ONTIME,ONTIME,ONTIME,,,,,,,,,HAN,SGN,SGN,Domestic,VJ,,
2026-05-25|VJ520/VJ1527|A641|DAD-HAN-DAD|21:25,2026-05-25,VJ520/VJ1527,A641,A321,DAD-HAN-DAD,20:55,21:25,20:55,21:25,20:52,21:24,21:25,21:34,00:30,00:33,ONTIME,ONTIME,ONTIME,ONTIME,,,,,,,,,HAN,DAD,DAD,Domestic,VJ,,
2026-05-25|VJ7526|A685|HAN-CAN|22:30,2026-05-25,VJ7526,A685,A321,HAN-CAN,,22:30,,22:30,,22:58,22:59,23:00,,,DELAY,DELAY,DELAY,,,15A,00:29,,,,,OFFLOAD 01 PAX 01 PC ONBOARD,HAN,,CAN,International,VJ,,
2026-05-25|VJ947/VJ167|A543|KHH-HAN-SGN|22:45,2026-05-25,VJ947/VJ167,A543,A321,KHH-HAN-SGN,20:35,22:45,20:35,22:45,20:30,22:43,22:44,22:47,02:10,02:14,EARLY,ONTIME,ONTIME,ONTIME,,,,,,,,,HAN,KHH,SGN,Domestic,VJ,,
2026-05-25|VJ1516/VJ962|A532|DAD-HAN-ICN|23:15,2026-05-25,VJ1516/VJ962,A532,A321,DAD-HAN-ICN,19:50,23:15,19:50,23:15,20:05,23:14,23:15,23:23,03:25,03:10,ONTIME,ONTIME,ONTIME,ONTIME,,,,,,,,,HAN,DAD,ICN,International,VJ,,
2026-05-26|VJ932|A525|HAN-NRT|00:30,2026-05-26,VJ932,A525,A321,HAN-NRT,,00:30,,00:30,,00:29,00:30,00:33,,,ONTIME,ONTIME,ONTIME,,,,,,,,,,HAN,,NRT,International,VJ,,
2026-05-26|VJ938|A674|HAN-KIX|01:20,2026-05-26,VJ938,A674,A321,HAN-KIX,,01:20,,01:20,,01:10,01:11,01:12,,,EARLY,ONTIME,ONTIME,,,,,,,,,,HAN,,KIX,International,VJ,,
2026-05-26|VJ960|A552|HAN-ICN|01:40,2026-05-26,VJ960,A552,A321,HAN-ICN,,01:40,,01:40,,01:44,01:45,01:48,,,DELAY,ONTIME,ONTIME,,,15A,00:05,,,,,OFFLOAD 01PAX 03PCS,HAN,,ICN,International,VJ,,
2026-05-26|VJ958|A683|HAN-FUK|02:05,2026-05-26,VJ958,A683,A321,HAN-FUK,,02:05,,02:05,,01:57,01:58,02:04,,,EARLY,ONTIME,ONTIME,,,,,,,,,,HAN,,FUK,International,VJ,,
2026-05-26|VJ1980|A672|HAN-FSZ|02:40,2026-05-26,VJ1980,A672,A320,HAN-FSZ,,02:40,,02:40,,02:27,02:28,02:30,,,EARLY,ONTIME,ONTIME,,,,,,,,,,HAN,,FSZ,International,VJ,,
2026-05-26|VJ123|A632|HAN-SGN|05:30,2026-05-26,VJ123,A632,A321,HAN-SGN,,05:30,,05:30,,05:34,05:35,05:40,,,DELAY,ONTIME,ONTIME,,,15A,00:05,,,,,OFLD 3PAX 8BAG,HAN,,SGN,Domestic,VJ,,
2026-05-26|VJ7527/VJ501|A685|CAN-HAN-DAD|05:40,2026-05-26,VJ7527/VJ501,A685,A321,CAN-HAN-DAD,03:05,05:40,03:05,05:40,,05:34,05:35,05:40,02:35,,EARLY,ONTIME,ONTIME,ONTIME,,,,,,,,,HAN,CAN,DAD,Domestic,VJ,,
2026-05-26|VJ771|A580|HAN-CXR|05:45,2026-05-26,VJ771,A580,A321,HAN-CXR,,05:45,,05:45,,05:39,05:40,05:51,,,EARLY,ONTIME,ONTIME,,,,,,,,,,HAN,,CXR,Domestic,VJ,,
2026-05-26|VJ121|A647|HAN-SGN|06:00,2026-05-26,VJ121,A647,A321,HAN-SGN,,06:00,,06:00,,05:54,05:55,06:10,,,EARLY,ONTIME,ONTIME,,,,,,,,,,HAN,,SGN,Domestic,VJ,,
2026-05-26|VJ491|A539|HAN-BMV|06:00,2026-05-26,VJ491,A539,A321,HAN-BMV,,06:00,,06:00,,05:54,05:55,06:02,,,EARLY,ONTIME,ONTIME,,,,,,,,,,HAN,,BMV,Domestic,VJ,,
2026-05-26|VJ431|A668|HAN-UIH|06:05,2026-05-26,VJ431,A668,A320,HAN-UIH,,06:05,,06:05,,05:59,06:00,06:15,,,EARLY,ONTIME,ONTIME,,,,,,,,,,HAN,,UIH,Domestic,VJ,,
2026-05-26|VJ7239/VJ952|A671|PVG-HAN-HIJ|06:15,2026-05-26,VJ7239/VJ952,A671,A320,PVG-HAN-HIJ,04:50,06:15,04:50,06:15,04:35,06:09,06:10,06:18,01:25,01:35,EARLY,ONTIME,ONTIME,ONTIME,,,,,,,,,HAN,PVG,HIJ,International,VJ,,
2026-05-26|VJ125|A699|HAN-SGN|07:00,2026-05-26,VJ125,A699,A320,HAN-SGN,,07:00,,07:00,,06:54,06:55,07:05,,,EARLY,ONTIME,ONTIME,,,,,,,,,,HAN,,SGN,Domestic,VJ,,
2026-05-26|VJ197|A684|HAN-SGN|07:20,2026-05-26,VJ197,A684,A321,HAN-SGN,,07:20,,07:20,,07:10,07:11,07:16,,,EARLY,ONTIME,ONTIME,,,,,,,,,,HAN,,SGN,Domestic,VJ,,
2026-05-26|VJ905|A689|HAN-KUL|07:25,2026-05-26,VJ905,A689,A320,HAN-KUL,,07:25,,07:25,,07:19,07:20,07:30,,,EARLY,ONTIME,ONTIME,,,,,,,,,,HAN,,KUL,International,VJ,,
2026-05-26|VJ503|A546|HAN-DAD|07:30,2026-05-26,VJ503,A546,A321,HAN-DAD,,07:30,,07:30,,07:22,07:24,07:25,,,EARLY,ONTIME,ONTIME,,,,,,,,,,HAN,,DAD,Domestic,VJ,,
2026-05-26|VJ929|A697|HAN-CGK|08:40,2026-05-26,VJ929,A697,A321,HAN-CGK,,08:40,,08:40,,08:31,08:32,08:38,,,EARLY,ONTIME,ONTIME,,,,,,,,,,HAN,,CGK,International,VJ,,
2026-05-26|VJ124/VJ129|A675|SGN-HAN-SGN|08:45,2026-05-26,VJ124/VJ129,A675,A320,SGN-HAN-SGN,08:15,08:45,08:15,08:45,08:00,08:36,08:38,08:39,00:30,00:38,EARLY,ONTIME,ONTIME,ONTIME,,,,,,,,,HAN,SGN,SGN,Domestic,VJ,,
2026-05-26|VJ447|A648|HAN-PQC|08:45,2026-05-26,VJ447,A648,A321,HAN-PQC,,08:45,,08:45,,08:34,08:35,08:44,,,EARLY,ONTIME,ONTIME,,,,,,,,,,HAN,,PQC,Domestic,VJ,,
2026-05-26|VJ514/VJ563|A685|DAD-HAN-HUI|09:30,2026-05-26,VJ514/VJ563,A685,A321,DAD-HAN-HUI,08:55,09:30,08:55,09:30,09:10,09:34,09:35,09:40,00:35,00:25,DELAY,ONTIME,ONTIME,ONTIME,,93,00:05,,,,,,HAN,DAD,HUI,Domestic,VJ,,
2026-05-26|VJ915|A524|HAN-SIN|09:35,2026-05-26,VJ915,A524,A321,HAN-SIN,,09:35,,09:35,,09:27,09:28,09:30,,,EARLY,ONTIME,ONTIME,,,,,,,,,,HAN,,SIN,International,VJ,,
2026-05-26|VJ126/VJ131|A535|SGN-HAN-SGN|10:10,2026-05-26,VJ126/VJ131,A535,A321,SGN-HAN-SGN,09:40,10:10,09:40,10:10,09:30,10:08,10:09,10:14,00:30,00:39,EARLY,ONTIME,ONTIME,ONTIME,,,,,,,,,HAN,SGN,SGN,Domestic,VJ,,
2026-05-26|VJ963/VJ463|A532|ICN-HAN-VCA|10:20,2026-05-26,VJ963/VJ463,A532,A321,ICN-HAN-VCA,08:55,10:20,08:55,10:20,08:35,10:14,10:15,10:20,01:25,01:40,EARLY,ONTIME,ONTIME,ONTIME,,,,,,,,,HAN,ICN,VCA,Domestic,VJ,,
2026-05-26|VJ910/VJ901|A200|BOM-HAN-BKK|11:10,2026-05-26,VJ910/VJ901,A200,A321,BOM-HAN-BKK,07:10,11:10,07:10,11:10,06:52,11:02,11:03,11:07,04:00,04:11,EARLY,ONTIME,ONTIME,ONTIME,,,,,,,,,HAN,BOM,BKK,International,VJ,,
2026-05-26|VJ492/VJ507|A539|BMV-HAN-DAD|11:10,2026-05-26,VJ492/VJ507,A539,A321,BMV-HAN-DAD,10:00,11:10,10:00,11:10,09:53,11:01,11:02,11:07,01:10,01:09,EARLY,ONTIME,ONTIME,ONTIME,,,,,,,,,HAN,BMV,DAD,Domestic,VJ,,
2026-05-26|VJ130/VJ133|A632|SGN-HAN-SGN|11:30,2026-05-26,VJ130/VJ133,A632,A321,SGN-HAN-SGN,10:50,11:30,10:50,11:30,10:55,11:29,11:30,11:40,00:40,00:35,ONTIME,ONTIME,ONTIME,ONTIME,,,,,,,,,HAN,SGN,SGN,Domestic,VJ,,
2026-05-26|VJ524/VJ451|A546|DAD-HAN-PQC|11:45,2026-05-26,VJ524/VJ451,A546,A321,DAD-HAN-PQC,10:40,11:45,10:40,11:45,10:55,11:42,11:43,11:48,01:05,00:48,EARLY,ONTIME,ONTIME,ONTIME,,,,,,,,,HAN,DAD,PQC,Domestic,VJ,,
2026-05-26|VJ770/VJ515|A549|CXR-HAN-DAD|12:10,2026-05-26,VJ770/VJ515,A549,A321,CXR-HAN-DAD,10:10,12:10,10:10,12:10,10:15,12:06,12:07,12:13,02:00,01:52,EARLY,ONTIME,ONTIME,ONTIME,,,,,,,,,HAN,CXR,DAD,Domestic,VJ,,
2026-05-26|VJ128/VJ137|A699|SGN-HAN-SGN|12:35,2026-05-26,VJ128/VJ137,A699,A320,SGN-HAN-SGN,11:55,12:35,11:55,12:35,12:05,12:44,12:45,12:50,00:40,00:40,DELAY,ONTIME,ONTIME,ONTIME,,41,00:10,,,,,TECHNICAL CHECK,HAN,SGN,SGN,Domestic,VJ,,
2026-05-26|VJ122/VJ453|A651|SGN-HAN-PQC|13:00,2026-05-26,VJ122/VJ453,A651,A321,SGN-HAN-PQC,09:05,13:00,09:05,13:00,09:10,12:59,13:00,13:10,03:55,03:50,ONTIME,ONTIME,ONTIME,ONTIME,,,,,,,,,HAN,SGN,PQC,Domestic,VJ,,
2026-05-26|VJ959/VJ787|A683|FUK-HAN-CXR|13:10,2026-05-26,VJ959/VJ787,A683,A321,FUK-HAN-CXR,11:45,13:10,11:45,13:10,11:20,13:06,13:07,13:15,01:25,01:47,EARLY,ONTIME,ONTIME,ONTIME,,,,,,,,,HAN,FUK,CXR,Domestic,VJ,,
2026-05-26|VJ939/VJ948|A674|KIX-HAN-RMQ|13:30,2026-05-26,VJ939/VJ948,A674,A321,KIX-HAN-RMQ,12:20,13:30,12:20,13:30,12:25,13:26,13:27,13:29,01:10,01:02,EARLY,ONTIME,ONTIME,ONTIME,,,,,,,,,HAN,KIX,RMQ,International,VJ,,
2026-05-26|VJ564/VJ441|A685|HUI-HAN-PQC|14:00,2026-05-26,VJ564/VJ441,A685,A321,HUI-HAN-PQC,12:35,14:00,12:35,14:00,12:40,13:54,13:55,13:58,01:25,01:15,EARLY,ONTIME,ONTIME,ONTIME,,,,,,,,,HAN,HUI,PQC,Domestic,VJ,,
2026-05-26|VJ198/VJ525|A554|SGN-HAN-DAD|14:05,2026-05-26,VJ198/VJ525,A554,A321,SGN-HAN-DAD,12:35,14:05,12:35,14:05,13:15,13:59,14:00,14:05,01:30,00:45,EARLY,ONTIME,ONTIME,DELAY,,,,,,,,,HAN,SGN,DAD,Domestic,VJ,,
2026-05-26|VJ933/VJ145|A525|NRT-HAN-SGN|14:40,2026-05-26,VJ933/VJ145,A525,A321,NRT-HAN-SGN,13:05,14:40,13:05,14:40,12:55,14:38,14:39,14:43,01:35,01:44,EARLY,ONTIME,ONTIME,ONTIME,,,,,,,,,HAN,NRT,SGN,Domestic,VJ,,
2026-05-26|VJ1504/VJ1505|A645|DAD-HAN-DAD|14:55,2026-05-26,VJ1504/VJ1505,A645,A321,DAD-HAN-DAD,14:20,14:55,14:20,14:55,14:40,15:01,15:02,15:05,00:35,00:22,DELAY,ONTIME,ONTIME,DELAY,,93,00:07,,,,,,HAN,DAD,DAD,Domestic,VJ,,
2026-05-26|VJ961/VJ423|A552|ICN-HAN-PXU|15:05,2026-05-26,VJ961/VJ423,A552,A321,ICN-HAN-PXU,13:35,15:05,13:35,15:05,13:25,14:57,14:58,15:04,01:30,01:33,EARLY,ONTIME,ONTIME,ONTIME,,,,,,,,,HAN,ICN,PXU,Domestic,VJ,,
2026-05-26|VJ510/VJ511|A539|DAD-HAN-DAD|15:20,2026-05-26,VJ510/VJ511,A539,A321,DAD-HAN-DAD,14:35,15:20,14:35,15:20,14:30,15:08,15:10,15:11,00:45,00:40,EARLY,ONTIME,ONTIME,ONTIME,,,,,,,,,HAN,DAD,DAD,Domestic,VJ,,
2026-05-26|VJ1981/VJ439|A672|FSZ-HAN-UIH|15:40,2026-05-26,VJ1981/VJ439,A672,A320,FSZ-HAN-UIH,14:00,15:40,14:00,15:40,13:30,15:38,15:39,15:45,01:40,02:09,EARLY,ONTIME,ONTIME,ONTIME,,,,,,,,,HAN,FSZ,UIH,Domestic,VJ,,
2026-05-26|VJ138/VJ147|A675|SGN-HAN-SGN|15:45,2026-05-26,VJ138/VJ147,A675,A320,SGN-HAN-SGN,15:15,15:45,15:15,15:45,15:20,15:44,15:45,15:59,00:30,00:25,ONTIME,ONTIME,ONTIME,ONTIME,,,,,,,,,HAN,SGN,SGN,Domestic,VJ,,
2026-05-26|VJ567|A668|HAN-HUI|15:55,2026-05-26,VJ567,A668,A320,HAN-HUI,,15:55,,15:55,,15:54,15:55,15:57,,,ONTIME,ONTIME,ONTIME,,,,,,,,,,HAN,,HUI,Domestic,VJ,,
2026-05-26|VJ508/VJ773|A549|DAD-HAN-CXR|16:00,2026-05-26,VJ508/VJ773,A549,A321,DAD-HAN-CXR,15:25,16:00,15:25,16:00,15:45,16:09,16:10,16:15,00:35,00:25,DELAY,ONTIME,ONTIME,DELAY,,93,00:10,,,,,,HAN,DAD,CXR,Domestic,VJ,,
2026-05-26|VJ140/VJ151|A632|SGN-HAN-SGN|17:00,2026-05-26,VJ140/VJ151,A632,A321,SGN-HAN-SGN,16:30,17:00,16:30,17:00,16:40,17:09,17:10,17:15,00:30,00:30,DELAY,ONTIME,ONTIME,ONTIME,,93,00:15,,,,,,HAN,SGN,SGN,Domestic,VJ,,
2026-05-26|VJ906/VJ465|A689|KUL-HAN-VCA|17:00,2026-05-26,VJ906/VJ465,A689,A320,KUL-HAN-VCA,14:40,17:00,14:40,17:00,14:50,16:49,16:50,16:55,02:20,02:00,EARLY,ONTIME,ONTIME,ONTIME,,,,,,,,,HAN,KUL,VCA,Domestic,VJ,,
2026-05-26|VJ5068/VJ5068|A580|CXR-HAN-NOZ|17:00,2026-05-26,VJ5068/VJ5068,A580,A321,CXR-HAN-NOZ,16:25,17:00,16:25,17:00,16:30,16:59,17:00,17:15,00:35,00:30,ONTIME,ONTIME,ONTIME,ONTIME,,,,,,,,,HAN,CXR,NOZ,International,VJ,,
2026-05-26|VJ953/VJ495|A671|HIJ-HAN-BMV|17:30,2026-05-26,VJ953/VJ495,A671,A320,HIJ-HAN-BMV,16:10,17:30,16:10,17:30,16:20,17:27,17:28,17:30,01:20,01:08,EARLY,ONTIME,ONTIME,ONTIME,,,,,,,,,HAN,HIJ,BMV,Domestic,VJ,,
2026-05-26|VJ136/VJ517|A647|SGN-HAN-DAD|17:45,2026-05-26,VJ136/VJ517,A647,A321,SGN-HAN-DAD,14:40,17:45,14:40,17:45,15:15,17:44,17:45,17:50,03:05,02:30,ONTIME,ONTIME,ONTIME,DELAY,,,,,,,,,HAN,SGN,DAD,Domestic,VJ,,
2026-05-26|VJ512/VJ521|A539|DAD-HAN-DAD|19:10,2026-05-26,VJ512/VJ521,A539,A321,DAD-HAN-DAD,18:35,19:10,18:35,19:10,18:50,19:18,19:19,19:20,00:35,00:29,DELAY,ONTIME,ONTIME,ONTIME,,93,00:09,,,,,,HAN,DAD,DAD,Domestic,VJ,,
2026-05-26|VJ440/VJ1127|A648|PQC-HAN-SGN|19:20,2026-05-26,VJ440/VJ1127,A648,A321,PQC-HAN-SGN,13:30,19:20,13:30,19:20,13:40,19:19,19:20,19:30,05:50,05:40,ONTIME,ONTIME,ONTIME,ONTIME,,,,,,,,,HAN,PQC,SGN,Domestic,VJ,,
2026-05-26|VJ774/VJ519|A683|CXR-HAN-DAD|19:25,2026-05-26,VJ774/VJ519,A683,A321,CXR-HAN-DAD,17:15,19:25,17:15,19:25,18:00,19:23,19:24,19:25,02:10,01:24,EARLY,ONTIME,ONTIME,DELAY,,,,,,,,,HAN,CXR,DAD,Domestic,VJ,,
2026-05-26|VJ928/VJ971|A697|CGK-HAN-DEL|19:40,2026-05-26,VJ928/VJ971,A697,A321,CGK-HAN-DEL,18:15,19:40,18:15,19:40,18:18,19:39,19:40,19:48,01:25,01:22,ONTIME,ONTIME,ONTIME,ONTIME,,,,,,,,,HAN,CGK,DEL,International,VJ,,
2026-05-26|VJ568/VJ523|A668|HUI-HAN-DAD|19:40,2026-05-26,VJ568/VJ523,A668,A320,HUI-HAN-DAD,18:55,19:40,18:55,19:40,19:15,19:39,19:40,19:40,00:45,00:25,ONTIME,ONTIME,ONTIME,DELAY,,,,,,,,,HAN,HUI,DAD,Domestic,VJ,,
2026-05-26|VJ916/VJ1925|A524|SIN-HAN-AMD|19:45,2026-05-26,VJ916/VJ1925,A524,A321,SIN-HAN-AMD,17:25,19:45,17:25,19:45,17:15,19:44,19:45,19:47,02:20,02:30,ONTIME,ONTIME,ONTIME,ONTIME,,,,,,,,,HAN,SIN,AMD,International,VJ,,
2026-05-26|VJ528/VJ161|A684|DAD-HAN-SGN|20:55,2026-05-26,VJ528/VJ161,A684,A321,DAD-HAN-SGN,17:25,20:55,17:25,20:55,17:40,20:54,20:55,20:58,03:30,03:15,ONTIME,ONTIME,ONTIME,ONTIME,,,,,,,,,HAN,DAD,SGN,Domestic,VJ,,
2026-05-26|VJ520/VJ1527|A641|DAD-HAN-DAD|21:25,2026-05-26,VJ520/VJ1527,A641,A321,DAD-HAN-DAD,20:55,21:25,20:55,21:25,20:45,21:23,21:24,21:30,00:30,00:39,EARLY,ONTIME,ONTIME,ONTIME,,,,,,,,,HAN,DAD,DAD,Domestic,VJ,,
2026-05-27|VJ932|A552|HAN-NRT|00:30,2026-05-27,VJ932,A552,A321,HAN-NRT,,00:30,,00:30,,00:11,00:12,00:20,,,EARLY,ONTIME,ONTIME,,,,,,,,,,HAN,,NRT,International,VJ,,
2026-05-27|VJ7706/VJ7706|A553|CXR-HAN-KHV|01:05,2026-05-27,VJ7706/VJ7706,A553,A321,CXR-HAN-KHV,00:35,01:05,00:35,01:05,00:30,01:01,01:02,01:09,00:30,00:32,EARLY,ONTIME,ONTIME,ONTIME,,,,,,,,,HAN,CXR,KHV,International,VJ,,
2026-05-27|VJ982|A683|HAN-PUS|01:05,2026-05-27,VJ982,A683,A321,HAN-PUS,,01:05,,01:05,,00:54,00:55,01:10,,,EARLY,ONTIME,ONTIME,,,,,,,,,,HAN,,PUS,International,VJ,,
2026-05-27|VJ938|A674|HAN-KIX|01:20,2026-05-27,VJ938,A674,A321,HAN-KIX,,01:20,,01:20,,01:19,01:20,01:22,,,ONTIME,ONTIME,ONTIME,,,,,,,,,,HAN,,KIX,International,VJ,,
2026-05-27|VJ960|A685|HAN-ICN|01:40,2026-05-27,VJ960,A685,A321,HAN-ICN,,01:40,,01:40,,01:34,01:35,01:36,,,EARLY,ONTIME,ONTIME,,,,,,,,,,HAN,,ICN,International,VJ,,
2026-05-27|VJ920|A537|HAN-NGO|01:40,2026-05-27,VJ920,A537,A321,HAN-NGO,,01:40,,01:40,,01:34,01:35,01:40,,,EARLY,ONTIME,ONTIME,,,,,,,,,,HAN,,NGO,International,VJ,,
2026-05-27|VJ123|A693|HAN-SGN|05:30,2026-05-27,VJ123,A693,A321,HAN-SGN,,05:30,,05:30,,05:24,05:25,05:35,,,EARLY,ONTIME,ONTIME,,,,,,,,,,HAN,,SGN,Domestic,VJ,,
2026-05-27|VJ501|A550|HAN-DAD|05:40,2026-05-27,VJ501,A550,A321,HAN-DAD,,05:40,,05:40,,05:34,05:35,05:44,,,EARLY,ONTIME,ONTIME,,,,,,,,,,HAN,,DAD,Domestic,VJ,,
2026-05-27|VJ771|A549|HAN-CXR|05:45,2026-05-27,VJ771,A549,A321,HAN-CXR,,05:45,,05:45,,05:39,05:40,05:49,,,EARLY,ONTIME,ONTIME,,,,,,,,,,HAN,,CXR,Domestic,VJ,,
2026-05-27|VJ121|A200|HAN-SGN|06:00,2026-05-27,VJ121,A200,A321,HAN-SGN,,06:00,,06:00,,05:54,05:55,06:05,,,EARLY,ONTIME,ONTIME,,,,,,,,,,HAN,,SGN,Domestic,VJ,,
2026-05-27|VJ431|A672|HAN-UIH|06:05,2026-05-27,VJ431,A672,A320,HAN-UIH,,06:05,,07:15,,07:14,07:15,07:25,,,ONTIME,ONTIME,DELAY,,,,,,,,,CHANGE A/C FOR TECHNICAL REASON,HAN,,UIH,Domestic,VJ,,
2026-05-27|VJ449|A655|HAN-PQC|06:30,2026-05-27,VJ449,A655,A320,HAN-PQC,,06:30,,06:30,,06:24,06:25,06:35,,,EARLY,ONTIME,ONTIME,,,,,,,,,,HAN,,PQC,Domestic,VJ,,
2026-05-27|VJ5069/VJ5069|A580|NOZ-HAN-CXR|06:45,2026-05-27,VJ5069/VJ5069,A580,A321,NOZ-HAN-CXR,08:30,06:45,06:15,06:45,06:30,06:49,06:50,07:00,00:30,00:20,DELAY,ONTIME,ONTIME,ONTIME,,93,00:05,,,,,,HAN,NOZ,CXR,Domestic,VJ,,
2026-05-27|VJ461|A662|HAN-VCA|06:45,2026-05-27,VJ461,A662,A320,HAN-VCA,,06:45,,06:45,,06:39,06:40,06:50,,,EARLY,ONTIME,ONTIME,,,,,,,,,,HAN,,VCA,Domestic,VJ,,
2026-05-27|VJ125|A689|HAN-SGN|07:00,2026-05-27,VJ125,A689,A320,HAN-SGN,,07:00,,07:00,,06:51,06:53,06:55,,,EARLY,ONTIME,ONTIME,,,,,,,,,,HAN,,SGN,Domestic,VJ,,
2026-05-27|VJ421|A671|HAN-PXU|07:10,2026-05-27,VJ421,A671,A320,HAN-PXU,,07:10,,07:10,,07:00,07:01,07:07,,,EARLY,ONTIME,ONTIME,,,,,,,,,,HAN,,PXU,Domestic,VJ,,
2026-05-27|VJ33/VJ197|A644|TSN-HAN-SGN|07:20,2026-05-27,VJ33/VJ197,A644,A321,TSN-HAN-SGN,03:05,07:20,03:05,07:20,03:20,07:14,07:15,07:17,04:15,03:55,EARLY,ONTIME,ONTIME,ONTIME,,,,,,,,,HAN,TSN,SGN,Domestic,VJ,,
2026-05-27|VJ905|A668|HAN-KUL|07:25,2026-05-27,VJ905,A668,A320,HAN-KUL,,07:25,,07:25,,07:17,07:18,07:20,,,EARLY,ONTIME,ONTIME,,,,,,,,,,HAN,,KUL,International,VJ,,
2026-05-27|VJ503|A554|HAN-DAD|07:30,2026-05-27,VJ503,A554,A321,HAN-DAD,,07:30,,07:30,,07:24,07:25,07:35,,,EARLY,ONTIME,ONTIME,,,,,,,,,,HAN,,DAD,Domestic,VJ,,
2026-05-27|VJ124/VJ129|A607|SGN-HAN-SGN|08:45,2026-05-27,VJ124/VJ129,A607,A321,SGN-HAN-SGN,08:15,08:45,08:15,08:45,08:05,08:44,08:45,08:52,00:30,00:40,ONTIME,ONTIME,ONTIME,ONTIME,,,,,,,,,HAN,SGN,SGN,Domestic,VJ,,
2026-05-27|VJ447|A687|HAN-PQC|08:45,2026-05-27,VJ447,A687,A321,HAN-PQC,,08:45,,08:45,,08:43,08:44,08:48,,,EARLY,ONTIME,ONTIME,,,,,,,,,,HAN,,PQC,Domestic,VJ,,
2026-05-27|VJ505|A532|HAN-DAD|09:05,2026-05-27,VJ505,A532,A321,HAN-DAD,,09:05,,09:05,,09:04,09:05,09:15,,,ONTIME,ONTIME,ONTIME,,,,,,,,,,HAN,,DAD,Domestic,VJ,,
2026-05-27|VJ514/VJ563|A550|DAD-HAN-HUI|09:30,2026-05-27,VJ514/VJ563,A550,A321,DAD-HAN-HUI,08:55,09:30,08:55,09:30,09:25,09:52,09:53,09:54,00:35,00:28,DELAY,DELAY,DELAY,DELAY,,93,00:23,,,,,,HAN,DAD,HUI,Domestic,VJ,,
2026-05-27|VJ1926/VJ915|A524|AMD-HAN-SIN|09:35,2026-05-27,VJ1926/VJ915,A524,A321,AMD-HAN-SIN,05:55,09:35,05:55,09:35,06:35,09:33,09:34,09:35,03:40,02:59,EARLY,ONTIME,ONTIME,DELAY,,,,,,,,,HAN,AMD,SIN,International,VJ,,
2026-05-27|VJ126/VJ131|A643|SGN-HAN-SGN|10:10,2026-05-27,VJ126/VJ131,A643,A321,SGN-HAN-SGN,09:40,10:10,09:40,10:10,09:40,10:09,10:10,10:18,00:30,00:30,ONTIME,ONTIME,ONTIME,ONTIME,,,,,,,,,HAN,SGN,SGN,Domestic,VJ,,
2026-05-27|VJ463|A672|HAN-VCA|10:20,2026-05-27,VJ463,A672,A320,HAN-VCA,,10:20,,10:20,,10:19,10:20,10:34,,,ONTIME,ONTIME,ONTIME,,,,,,,,,,HAN,,VCA,Domestic,VJ,,
2026-05-27|VJ972/VJ997|A697|DEL-HAN-DPS|10:25,2026-05-27,VJ972/VJ997,A697,A321,DEL-HAN-DPS,05:40,10:25,05:40,10:25,05:45,10:20,10:21,10:30,04:45,04:36,EARLY,ONTIME,ONTIME,ONTIME,,,,,,,,,HAN,DEL,DPS,International,VJ,,
2026-05-27|VJ1493|A539|HAN-BMV|10:30,2026-05-27,VJ1493,A539,A321,HAN-BMV,,10:30,,10:30,,10:26,10:27,10:39,,,EARLY,ONTIME,ONTIME,,,,,,,,,,HAN,,BMV,Domestic,VJ,,
2026-05-27|VJ981/VJ901|A683|PUS-HAN-BKK|11:10,2026-05-27,VJ981/VJ901,A683,A321,PUS-HAN-BKK,10:40,11:10,10:40,11:10,10:00,10:59,11:00,11:02,00:30,01:00,EARLY,ONTIME,ONTIME,ONTIME,,,,,,,,,HAN,PUS,BKK,International,VJ,,
2026-05-27|VJ524/VJ507|A554|DAD-HAN-DAD|11:10,2026-05-27,VJ524/VJ507,A554,A321,DAD-HAN-DAD,10:40,11:10,10:40,11:10,11:05,11:34,11:35,11:40,00:30,00:30,DELAY,DELAY,DELAY,DELAY,,93,00:25,,,,,,HAN,DAD,DAD,Domestic,VJ,,
2026-05-27|VJ122/VJ133|A684|SGN-HAN-SGN|11:20,2026-05-27,VJ122/VJ133,A684,A321,SGN-HAN-SGN,09:05,11:20,09:05,11:20,09:00,11:19,11:20,11:35,02:15,02:20,ONTIME,ONTIME,ONTIME,ONTIME,,,,,,,,,HAN,SGN,SGN,Domestic,VJ,,
2026-05-27|VJ422/VJ451|A671|PXU-HAN-PQC|11:45,2026-05-27,VJ422/VJ451,A671,A320,PXU-HAN-PQC,10:50,11:45,10:50,11:45,10:45,11:44,11:45,12:00,00:55,01:00,ONTIME,ONTIME,ONTIME,ONTIME,,,,,,,,LATE PUSHBACK DUE TO VIP MOVEMENT,HAN,PXU,PQC,Domestic,VJ,,
2026-05-27|VJ450/VJ775|A655|PQC-HAN-CXR|12:00,2026-05-27,VJ450/VJ775,A655,A320,PQC-HAN-CXR,11:15,12:00,11:15,12:00,11:25,11:59,12:00,12:08,00:45,00:35,ONTIME,ONTIME,ONTIME,ONTIME,,,,,,,,,HAN,PQC,CXR,Domestic,VJ,,
2026-05-27|VJ462/VJ515|A662|VCA-HAN-DAD|12:10,2026-05-27,VJ462/VJ515,A662,A320,VCA-HAN-DAD,11:40,12:10,11:40,12:10,11:55,12:19,12:20,12:24,00:30,00:25,DELAY,ONTIME,ONTIME,ONTIME,,93,00:10,,,,,,HAN,VCA,DAD,Domestic,VJ,,
2026-05-27|VJ128/VJ137|A689|SGN-HAN-SGN|12:20,2026-05-27,VJ128/VJ137,A689,A320,SGN-HAN-SGN,11:50,12:20,11:50,12:20,12:10,12:34,12:35,12:35,00:30,00:25,DELAY,ONTIME,ONTIME,DELAY,,93,00:15,,,,,,HAN,SGN,SGN,Domestic,VJ,,
2026-05-27|VJ506/VJ453|A532|DAD-HAN-PQC|13:00,2026-05-27,VJ506/VJ453,A532,A321,DAD-HAN-PQC,12:15,13:00,12:15,13:00,12:50,13:14,13:15,13:15,00:45,00:25,DELAY,ONTIME,ONTIME,DELAY,,93,00:15,,,,,,HAN,DAD,PQC,Domestic,VJ,,
2026-05-27|VJ770/VJ787|A528|CXR-HAN-CXR|13:20,2026-05-27,VJ770/VJ787,A528,A321,CXR-HAN-CXR,10:10,13:20,10:10,13:20,10:45,13:19,13:20,13:23,03:10,02:35,ONTIME,ONTIME,ONTIME,DELAY,,,,,,,,,HAN,CXR,CXR,Domestic,VJ,,
2026-05-27|VJ130/VJ948|A693|SGN-HAN-RMQ|13:30,2026-05-27,VJ130/VJ948,A693,A321,SGN-HAN-RMQ,10:50,13:30,10:50,13:30,12:05,13:29,13:30,13:42,02:40,01:25,ONTIME,ONTIME,ONTIME,DELAY,,,,,,,,,HAN,SGN,RMQ,International,VJ,,
2026-05-27|VJ198/VJ525|A644|SGN-HAN-DAD|14:05,2026-05-27,VJ198/VJ525,A644,A321,SGN-HAN-DAD,12:40,14:05,12:40,14:05,12:45,13:59,14:00,14:01,01:25,01:15,EARLY,ONTIME,ONTIME,ONTIME,,,,,,,,,HAN,SGN,DAD,Domestic,VJ,,
2026-05-27|VJ933/VJ942|A552|NRT-HAN-TPE|14:25,2026-05-27,VJ933/VJ942,A552,A321,NRT-HAN-TPE,13:05,14:25,13:05,14:25,13:05,14:24,14:25,14:32,01:20,01:20,ONTIME,ONTIME,ONTIME,ONTIME,,,,,,,,,HAN,NRT,TPE,International,VJ,,
2026-05-27|VJ440/VJ946|A687|PQC-HAN-KHH|14:35,2026-05-27,VJ440/VJ946,A687,A321,PQC-HAN-KHH,13:30,14:35,13:30,14:35,13:50,14:34,14:35,14:40,01:05,00:45,ONTIME,ONTIME,ONTIME,DELAY,,,,,,,,,HAN,PQC,KHH,International,VJ,,
2026-05-27|VJ1504/VJ1505|A645|DAD-HAN-DAD|14:35,2026-05-27,VJ1504/VJ1505,A645,A321,DAD-HAN-DAD,14:00,14:35,14:00,14:35,14:35,15:04,15:05,15:18,00:35,00:30,DELAY,DELAY,DELAY,DELAY,,93,00:30,,,,,,HAN,DAD,DAD,Domestic,VJ,,
2026-05-27|VJ130/VJ145|A693|SGN-HAN-SGN|14:40,2026-05-27,VJ130/VJ145,A693,A321,SGN-HAN-SGN,10:50,14:40,10:50,14:40,11:00,14:39,14:40,14:48,03:50,03:40,ONTIME,ONTIME,ONTIME,ONTIME,,,,,,,,,HAN,SGN,SGN,Domestic,VJ,,
2026-05-27|VJ7707/VJ7707|A553|KHV-HAN-CXR|14:55,2026-05-27,VJ7707/VJ7707,A553,A321,KHV-HAN-CXR,14:25,14:55,14:25,14:55,14:35,14:54,14:55,15:00,00:30,00:20,ONTIME,ONTIME,ONTIME,ONTIME,,,,,,,,,HAN,KHV,CXR,Domestic,VJ,,
2026-05-27|VJ564/VJ511|A550|HUI-HAN-DAD|15:05,2026-05-27,VJ564/VJ511,A550,A321,HUI-HAN-DAD,12:35,15:05,12:35,15:05,13:05,15:09,15:10,15:20,02:30,02:05,DELAY,ONTIME,ONTIME,DELAY,,15A,00:05,,,,,OFFLOAD 04PAX+02BAGS,HAN,HUI,DAD,Domestic,VJ,,
2026-05-27|VJ921/VJ423|A537|NGO-HAN-PXU|15:05,2026-05-27,VJ921/VJ423,A537,A321,NGO-HAN-PXU,12:50,15:05,12:50,15:05,12:45,15:04,15:05,15:11,02:15,02:20,ONTIME,ONTIME,ONTIME,ONTIME,,,,,,,,,HAN,NGO,PXU,Domestic,VJ,,
2026-05-27|VJ136/VJ439|A200|SGN-HAN-UIH|15:40,2026-05-27,VJ136/VJ439,A200,A321,SGN-HAN-UIH,14:10,15:40,14:10,15:40,14:55,15:39,15:40,15:44,01:30,00:45,ONTIME,ONTIME,ONTIME,DELAY,,,,,,,,,HAN,SGN,UIH,Domestic,VJ,,
2026-05-27|VJ7620/VJ7620|A549|CXR-HAN-BAX|15:40,2026-05-27,VJ7620/VJ7620,A549,A321,CXR-HAN-BAX,15:10,15:40,15:10,15:40,15:25,15:54,15:55,16:23,00:30,00:30,DELAY,ONTIME,DELAY,ONTIME,,93,00:15,,,,,LATE PUSHBACK DUE TO VIP MOVEMENT,HAN,CXR,BAX,International,VJ,,
2026-05-27|VJ961/VJ903|A685|ICN-HAN-BKK|15:45,2026-05-27,VJ961/VJ903,A685,A321,ICN-HAN-BKK,13:35,15:45,13:35,15:45,13:25,15:31,15:32,15:38,02:10,02:07,EARLY,ONTIME,ONTIME,ONTIME,,,,,,,,,HAN,ICN,BKK,International,VJ,,
2026-05-27|VJ904/VJ567|A668|KUL-HAN-HUI|15:55,2026-05-27,VJ904/VJ567,A668,A320,KUL-HAN-HUI,14:40,15:55,15:10,15:55,14:30,15:54,15:55,16:04,00:45,01:25,ONTIME,ONTIME,ONTIME,ONTIME,,,,,,,,,HAN,KUL,HUI,Domestic,VJ,,
2026-05-27|VJ1494/VJ773|A539|BMV-HAN-CXR|16:00,2026-05-27,VJ1494/VJ773,A539,A321,BMV-HAN-CXR,14:30,16:00,14:30,16:00,14:40,15:59,16:00,16:15,01:30,01:20,ONTIME,ONTIME,ONTIME,ONTIME,,,,,,,,,HAN,BMV,CXR,Domestic,VJ,,
2026-05-27|VJ138/VJ147|A810|SGN-HAN-SGN|16:10,2026-05-27,VJ138/VJ147,A810,A330,SGN-HAN-SGN,15:15,16:10,15:15,16:10,15:25,16:09,16:10,16:21,00:55,00:45,ONTIME,ONTIME,ONTIME,ONTIME,,,,,,,,,HAN,SGN,SGN,Domestic,VJ,,
2026-05-27|VJ510/VJ913|A554|DAD-HAN-SAI|16:20,2026-05-27,VJ510/VJ913,A554,A321,DAD-HAN-SAI,14:35,16:20,14:35,16:20,15:15,16:18,16:19,16:30,01:45,01:04,EARLY,ONTIME,ONTIME,DELAY,,,,,,,,,HAN,DAD,SAI,International,VJ,,
2026-05-27|VJ452/VJ151|A521|PQC-HAN-SGN|16:50,2026-05-27,VJ452/VJ151,A521,A321,PQC-HAN-SGN,16:05,16:50,16:05,16:50,16:30,16:59,17:00,17:10,00:45,00:30,DELAY,ONTIME,DELAY,DELAY,,93,00:10,,,,,,HAN,PQC,SGN,Domestic,VJ,,
2026-05-27|VJ464/VJ1513|A672|CXR-HAN-DAD|16:50,2026-05-27,VJ464/VJ1513,A672,A320,CXR-HAN-DAD,15:10,16:50,15:10,16:50,15:45,16:49,16:50,17:00,01:40,01:05,ONTIME,ONTIME,ONTIME,DELAY,,,,,,,,,HAN,CXR,DAD,Domestic,VJ,,
2026-05-27|VJ2986/VJ2986|A526|DAD-HAN-NOZ|16:55,2026-05-27,VJ2986/VJ2986,A526,A321,DAD-HAN-NOZ,16:25,16:55,16:25,16:55,16:23,16:54,16:55,17:10,00:30,00:32,ONTIME,ONTIME,ONTIME,ONTIME,,,,,,,,,HAN,DAD,NOZ,International,VJ,,
2026-05-27|VJ465|A651|HAN-VCA|17:00,2026-05-27,VJ465,A651,A321,HAN-VCA,,17:00,,17:00,,16:52,16:53,17:05,,,EARLY,ONTIME,ONTIME,,,,,,,,,,HAN,,VCA,Domestic,VJ,,
2026-05-27|VJ902/VJ495|A683|BKK-HAN-BMV|17:30,2026-05-27,VJ902/VJ495,A683,A321,BKK-HAN-BMV,15:50,17:30,15:50,17:30,16:10,17:29,17:30,17:32,01:40,01:20,ONTIME,ONTIME,ONTIME,DELAY,,,,,,,,,HAN,BKK,BMV,Domestic,VJ,,
2026-05-27|VJ772/VJ517|A655|CXR-HAN-DAD|17:45,2026-05-27,VJ772/VJ517,A655,A320,CXR-HAN-DAD,16:15,17:45,16:15,17:45,16:40,17:44,17:45,17:49,01:30,01:05,ONTIME,ONTIME,ONTIME,DELAY,,,,,,,,,HAN,CXR,DAD,Domestic,VJ,,
2026-05-27|VJ528/VJ1153|A644|DAD-HAN-SGN|18:05,2026-05-27,VJ528/VJ1153,A644,A321,DAD-HAN-SGN,17:25,18:05,17:25,18:05,17:25,17:57,17:58,18:01,00:40,00:33,EARLY,ONTIME,ONTIME,ONTIME,,,,,,,,,HAN,DAD,SGN,Domestic,VJ,,
2026-05-27|VJ916/VJ781|A524|SIN-HAN-CXR|18:15,2026-05-27,VJ916/VJ781,A524,A321,SIN-HAN-CXR,17:25,18:15,17:25,18:15,17:14,18:13,18:14,18:19,00:50,01:00,EARLY,ONTIME,ONTIME,ONTIME,,,,,,,,,HAN,SIN,CXR,Domestic,VJ,,
2026-05-27|VJ512/VJ521|A537|DAD-HAN-DAD|18:45,2026-05-27,VJ512/VJ521,A537,A321,DAD-HAN-DAD,18:15,18:45,18:15,18:45,18:45,19:09,19:10,19:15,00:30,00:25,DELAY,DELAY,DELAY,DELAY,,93,00:25,,,,,,HAN,DAD,DAD,Domestic,VJ,,
2026-05-27|VJ774/VJ1127|A528|CXR-HAN-SGN|19:20,2026-05-27,VJ774/VJ1127,A528,A321,CXR-HAN-SGN,16:05,19:20,17:35,19:20,17:55,19:17,19:18,19:25,01:45,01:23,EARLY,ONTIME,ONTIME,DELAY,,,,,,,,,HAN,CXR,SGN,Domestic,VJ,,
2026-05-27|VJ144/VJ519|A542|SGN-HAN-DAD|19:25,2026-05-27,VJ144/VJ519,A542,A321,SGN-HAN-DAD,18:05,19:25,18:05,19:25,18:15,19:19,19:20,19:27,01:20,01:05,EARLY,ONTIME,ONTIME,ONTIME,,,,,,,,,HAN,SGN,DAD,Domestic,VJ,,
2026-05-27|VJ568/VJ523|A672|HUI-HAN-DAD|19:40,2026-05-27,VJ568/VJ523,A672,A320,HUI-HAN-DAD,18:55,19:40,18:55,19:40,19:20,19:44,19:45,19:55,00:45,00:25,DELAY,ONTIME,ONTIME,DELAY,,93,00:05,,,,,,HAN,HUI,DAD,Domestic,VJ,,
2026-05-27|VJ454/VJ7712|A671|PQC-HAN-PKX|19:55,2026-05-27,VJ454/VJ7712,A671,A320,PQC-HAN-PKX,16:45,19:55,16:45,19:55,17:05,19:43,19:45,19:47,03:10,02:40,EARLY,ONTIME,ONTIME,DELAY,,,,,,,,,HAN,PQC,PKX,International,VJ,,
2026-05-27|VJ456/VJ907|A532|PQC-HAN-BOM|20:05,2026-05-27,VJ456/VJ907,A532,A321,PQC-HAN-BOM,17:45,20:05,17:45,20:05,18:18,20:02,20:03,20:08,02:20,01:45,EARLY,ONTIME,ONTIME,DELAY,,,,,,,,,HAN,PQC,BOM,International,VJ,,
2026-05-27|VJ424/VJ455|A537|PXU-HAN-PQC|20:05,2026-05-27,VJ424/VJ455,A537,A321,PXU-HAN-PQC,18:45,20:05,18:45,20:05,18:40,20:01,20:02,20:08,01:20,01:22,EARLY,ONTIME,ONTIME,ONTIME,,,,,,,,,HAN,PXU,PQC,Domestic,VJ,,
2026-05-27|VJ150/VJ161|A669|SGN-HAN-SGN|20:55,2026-05-27,VJ150/VJ161,A669,A320,SGN-HAN-SGN,20:05,20:55,21:20,22:00,22:15,22:43,22:45,22:50,00:40,00:30,DELAY,DELAY,DELAY,DELAY,,93,00:45,,,,,,HAN,SGN,SGN,Domestic,VJ,,
2026-05-27|VJ508/VJ7238|A662|DAD-HAN-PVG|21:15,2026-05-27,VJ508/VJ7238,A662,A320,DAD-HAN-PVG,15:25,21:15,15:25,21:15,15:45,21:14,21:15,21:25,05:50,05:30,ONTIME,ONTIME,ONTIME,DELAY,,,,,,,,,HAN,DAD,PVG,International,VJ,,
2026-05-27|VJ154/VJ163|A666|SGN-HAN-SGN|21:25,2026-05-27,VJ154/VJ163,A666,A320,SGN-HAN-SGN,20:55,21:25,20:55,21:25,21:55,22:19,22:20,22:30,00:30,00:25,DELAY,DELAY,DELAY,DELAY,,93,00:55,,,,,,HAN,SGN,SGN,Domestic,VJ,,
2026-05-27|VJ530/VJ1527|A643|DAD-HAN-DAD|21:25,2026-05-27,VJ530/VJ1527,A643,A321,DAD-HAN-DAD,20:10,21:25,20:10,21:25,20:35,21:24,21:25,21:40,01:15,00:50,ONTIME,ONTIME,ONTIME,DELAY,,,,,,,,,HAN,DAD,DAD,Domestic,VJ,,
2026-05-27|VJ904/VJ167|A685|BKK-HAN-SGN|22:45,2026-05-27,VJ904/VJ167,A685,A321,BKK-HAN-SGN,20:25,22:45,20:25,22:45,21:55,22:40,22:41,22:46,02:20,00:46,EARLY,ONTIME,ONTIME,DELAY,,,,,,,,,HAN,BKK,SGN,Domestic,VJ,,
2026-05-27|VJ914/VJ962|A554|SAI-HAN-ICN|23:15,2026-05-27,VJ914/VJ962,A554,A321,SAI-HAN-ICN,20:50,23:15,20:50,23:15,22:05,23:14,23:15,23:25,02:25,01:10,ONTIME,ONTIME,ONTIME,DELAY,,,,,,,,,HAN,SAI,ICN,International,VJ,,
2026-05-28|VJ932|A524|HAN-NRT|00:30,2026-05-28,VJ932,A524,A321,HAN-NRT,,00:30,,00:30,,00:26,00:27,00:36,,,EARLY,ONTIME,ONTIME,,,,,,,,,,HAN,,NRT,International,VJ,,
2026-05-28|VJ938|A674|HAN-KIX|01:20,2026-05-28,VJ938,A674,A321,HAN-KIX,,01:20,,01:20,,01:19,01:20,01:25,,,ONTIME,ONTIME,ONTIME,,,,,,,,,,HAN,,KIX,International,VJ,,
2026-05-28|VJ960|A683|HAN-ICN|01:40,2026-05-28,VJ960,A683,A321,HAN-ICN,,01:40,,01:40,,01:39,01:40,01:45,,,ONTIME,ONTIME,ONTIME,,,,,,,,,,HAN,,ICN,International,VJ,,
2026-05-28|VJ958|A636|HAN-FUK|02:05,2026-05-28,VJ958,A636,A321,HAN-FUK,,02:05,,02:05,,01:42,01:43,01:55,,,EARLY,ONTIME,ONTIME,,,,,,,,,,HAN,,FUK,International,VJ,,
2026-05-28|VJ1980|A672|HAN-FSZ|02:40,2026-05-28,VJ1980,A672,A320,HAN-FSZ,,02:40,,02:40,,02:22,02:23,02:25,,,EARLY,ONTIME,ONTIME,,,,,,,,,,HAN,,FSZ,International,VJ,,
2026-05-28|VJ123|A687|HAN-SGN|05:30,2026-05-28,VJ123,A687,A321,HAN-SGN,,05:30,,05:30,,05:24,05:25,05:35,,,EARLY,ONTIME,ONTIME,,,,,,,,,,HAN,,SGN,Domestic,VJ,,
2026-05-28|VJ501|A548|HAN-DAD|05:40,2026-05-28,VJ501,A548,A321,HAN-DAD,,05:40,,05:40,,05:34,05:35,05:40,,,EARLY,ONTIME,ONTIME,,,,,,,,,,HAN,,DAD,Domestic,VJ,,
2026-05-28|VJ771|A630|HAN-CXR|05:45,2026-05-28,VJ771,A630,A321,HAN-CXR,,05:45,,05:45,,05:39,05:40,05:50,,,EARLY,ONTIME,ONTIME,,,,,,,,,,HAN,,CXR,Domestic,VJ,,
2026-05-28|VJ121|A539|HAN-SGN|06:00,2026-05-28,VJ121,A539,A321,HAN-SGN,,06:00,,06:00,,05:54,05:55,06:04,,,EARLY,ONTIME,ONTIME,,,,,,,,,,HAN,,SGN,Domestic,VJ,,
2026-05-28|VJ491|A644|HAN-BMV|06:00,2026-05-28,VJ491,A644,A321,HAN-BMV,,06:00,,06:00,,05:54,05:55,06:01,,,EARLY,ONTIME,ONTIME,,,,,,,,,,HAN,,BMV,Domestic,VJ,,
2026-05-28|VJ431|A668|HAN-UIH|06:05,2026-05-28,VJ431,A668,A320,HAN-UIH,,06:05,,06:05,,05:59,06:00,06:09,,,EARLY,ONTIME,ONTIME,,,,,,,,,,HAN,,UIH,Domestic,VJ,,
2026-05-28|VJ7239/VJ952|A662|PVG-HAN-HIJ|06:15,2026-05-28,VJ7239/VJ952,A662,A320,PVG-HAN-HIJ,04:50,06:15,04:50,06:15,05:00,06:09,06:10,06:15,01:25,01:10,EARLY,ONTIME,ONTIME,ONTIME,,,,,,,,,HAN,PVG,HIJ,International,VJ,,
2026-05-28|VJ2987/VJ2987|A526|NOZ-HAN-DAD|06:45,2026-05-28,VJ2987/VJ2987,A526,A321,NOZ-HAN-DAD,06:15,06:45,06:15,06:45,06:10,06:28,06:30,06:45,00:30,00:20,EARLY,ONTIME,ONTIME,ONTIME,,,,,,,,,HAN,NOZ,DAD,Domestic,VJ,,
2026-05-28|VJ461|A651|HAN-VCA|06:55,2026-05-28,VJ461,A651,A321,HAN-VCA,,06:55,,06:55,,06:47,06:48,07:00,,,EARLY,ONTIME,ONTIME,,,,,,,,,,HAN,,VCA,Domestic,VJ,,
2026-05-28|VJ125|A655|HAN-SGN|07:00,2026-05-28,VJ125,A655,A320,HAN-SGN,,07:00,,07:00,,06:54,06:55,07:10,,,EARLY,ONTIME,ONTIME,,,,,,,,,,HAN,,SGN,Domestic,VJ,,
2026-05-28|VJ905|A675|HAN-KUL|07:25,2026-05-28,VJ905,A675,A320,HAN-KUL,,07:25,,07:25,,07:19,07:20,07:30,,,EARLY,ONTIME,ONTIME,,,,,,,,,,HAN,,KUL,International,VJ,,
2026-05-28|VJ503|A200|HAN-DAD|07:30,2026-05-28,VJ503,A200,A321,HAN-DAD,,07:30,,07:30,,07:24,07:25,07:35,,,EARLY,ONTIME,ONTIME,,,,,,,,,,HAN,,DAD,Domestic,VJ,,
2026-05-28|VJ929|A552|HAN-CGK|08:40,2026-05-28,VJ929,A552,A321,HAN-CGK,,08:40,,08:40,,08:34,08:35,08:36,,,EARLY,ONTIME,ONTIME,,,,,,,,,,HAN,,CGK,International,VJ,,
2026-05-28|VJ124/VJ129|A676|SGN-HAN-SGN|08:45,2026-05-28,VJ124/VJ129,A676,A320,SGN-HAN-SGN,08:15,08:45,08:15,08:45,08:15,08:44,08:45,08:48,00:30,00:30,ONTIME,ONTIME,ONTIME,ONTIME,,,,,,,,,HAN,SGN,SGN,Domestic,VJ,,
2026-05-28|VJ447|A697|HAN-PQC|08:45,2026-05-28,VJ447,A697,A321,HAN-PQC,,08:45,,08:45,,08:42,08:43,08:46,,,EARLY,ONTIME,ONTIME,,,,,,,,,,HAN,,PQC,Domestic,VJ,,
2026-05-28|VJ7621/VJ7621|A549|BAX-HAN-CXR|09:00,2026-05-28,VJ7621/VJ7621,A549,A321,BAX-HAN-CXR,08:30,09:00,08:30,09:00,08:40,08:59,09:00,09:10,00:30,00:20,ONTIME,ONTIME,ONTIME,ONTIME,,,,,,,,,HAN,BAX,CXR,Domestic,VJ,,
2026-05-28|VJ514/VJ563|A548|DAD-HAN-HUI|09:30,2026-05-28,VJ514/VJ563,A548,A321,DAD-HAN-HUI,08:55,09:30,08:55,09:30,09:05,09:29,09:30,09:37,00:35,00:25,ONTIME,ONTIME,ONTIME,ONTIME,,,,,,,,,HAN,DAD,HUI,Domestic,VJ,,
2026-05-28|VJ915|A542|HAN-SIN|09:35,2026-05-28,VJ915,A542,A321,HAN-SIN,,09:35,,09:35,,09:30,09:32,09:33,,,EARLY,ONTIME,ONTIME,,,,,,,,,,HAN,,SIN,International,VJ,,
2026-05-28|VJ126/VJ131|A645|SGN-HAN-SGN|10:10,2026-05-28,VJ126/VJ131,A645,A321,SGN-HAN-SGN,09:40,10:10,09:40,10:10,09:40,10:14,10:15,10:17,00:30,00:35,DELAY,ONTIME,ONTIME,ONTIME,,63D,00:05,,,,,DL63D LATE BD CALL BY CREW,HAN,SGN,SGN,Domestic,VJ,,
2026-05-28|VJ430/VJ463|A668|UIH-HAN-VCA|10:20,2026-05-28,VJ430/VJ463,A668,A320,UIH-HAN-VCA,09:50,10:20,09:50,10:20,10:00,10:24,10:25,10:34,00:30,00:25,DELAY,ONTIME,ONTIME,ONTIME,,93,00:05,,,,,,HAN,UIH,VCA,Domestic,VJ,,
2026-05-28|VJ492/VJ1493|A644|BMV-HAN-BMV|10:30,2026-05-28,VJ492/VJ1493,A644,A321,BMV-HAN-BMV,10:00,10:30,10:00,10:30,10:05,10:29,10:30,10:37,00:30,00:25,ONTIME,ONTIME,ONTIME,ONTIME,,,,,,,,,HAN,BMV,BMV,Domestic,VJ,,
2026-05-28|VJ910/VJ901|A532|BOM-HAN-BKK|11:10,2026-05-28,VJ910/VJ901,A532,A321,BOM-HAN-BKK,07:10,11:10,07:10,11:10,07:30,10:59,11:00,11:04,04:00,03:30,EARLY,ONTIME,ONTIME,DELAY,,,,,,,,,HAN,BOM,BKK,International,VJ,,
2026-05-28|VJ524/VJ507|A200|DAD-HAN-DAD|11:20,2026-05-28,VJ524/VJ507,A200,A321,DAD-HAN-DAD,10:45,11:20,10:45,11:20,11:10,11:32,11:33,11:35,00:35,00:23,DELAY,ONTIME,ONTIME,DELAY,,93,00:13,,,,,,HAN,DAD,DAD,Domestic,VJ,,
2026-05-28|VJ770/VJ133|A698|CXR-HAN-SGN|11:20,2026-05-28,VJ770/VJ133,A698,A321,CXR-HAN-SGN,10:10,11:20,10:10,11:20,10:30,11:19,11:20,11:26,01:10,00:50,ONTIME,ONTIME,ONTIME,DELAY,,,,,,,,,HAN,CXR,SGN,Domestic,VJ,,
2026-05-28|VJ963/VJ451|A554|ICN-HAN-PQC|11:45,2026-05-28,VJ963/VJ451,A554,A321,ICN-HAN-PQC,08:55,11:45,08:55,11:45,09:20,11:40,11:42,11:42,02:50,02:22,EARLY,ONTIME,ONTIME,DELAY,,,,,,,,,HAN,ICN,PQC,Domestic,VJ,,
2026-05-28|VJ128/VJ137|A655|SGN-HAN-SGN|12:30,2026-05-28,VJ128/VJ137,A655,A320,SGN-HAN-SGN,12:00,12:30,12:00,12:45,12:40,13:04,13:05,13:15,00:45,00:25,DELAY,DELAY,DELAY,DELAY,,93,00:20,,,,,,HAN,SGN,SGN,Domestic,VJ,,
2026-05-28|VJ462/VJ515|A651|VCA-HAN-DAD|12:30,2026-05-28,VJ462/VJ515,A651,A321,VCA-HAN-DAD,11:50,12:30,11:50,12:30,12:05,12:34,12:35,12:40,00:40,00:30,DELAY,ONTIME,ONTIME,ONTIME,,93,00:05,,,,,,HAN,VCA,DAD,Domestic,VJ,,
2026-05-28|VJ453|A550|HAN-PQC|13:00,2026-05-28,VJ453,A550,A321,HAN-PQC,,13:00,,13:00,,12:56,12:57,13:03,,,EARLY,ONTIME,ONTIME,,,,,,,,,,HAN,,PQC,Domestic,VJ,,
2026-05-28|VJ564/VJ787|A548|HUI-HAN-CXR|13:10,2026-05-28,VJ564/VJ787,A548,A321,HUI-HAN-CXR,12:35,13:10,12:35,13:10,12:40,13:14,13:15,13:20,00:35,00:35,DELAY,ONTIME,ONTIME,ONTIME,,66,00:05,,,,,CREW HN OB 1252,HAN,HUI,CXR,Domestic,VJ,,
2026-05-28|VJ939/VJ948|A674|KIX-HAN-RMQ|13:50,2026-05-28,VJ939/VJ948,A674,A321,KIX-HAN-RMQ,12:20,13:50,12:20,13:50,12:50,13:49,13:50,13:52,01:30,01:00,ONTIME,ONTIME,ONTIME,DELAY,,,,,,,,,HAN,KIX,RMQ,International,VJ,,
2026-05-28|VJ959/VJ441|A636|FUK-HAN-PQC|14:00,2026-05-28,VJ959/VJ441,A636,A321,FUK-HAN-PQC,11:25,14:00,11:25,14:00,11:28,13:55,13:56,13:57,02:35,02:28,EARLY,ONTIME,ONTIME,ONTIME,,,,,,,,,HAN,FUK,PQC,Domestic,VJ,,
2026-05-28|VJ440/VJ525|A697|PQC-HAN-DAD|14:05,2026-05-28,VJ440/VJ525,A697,A321,PQC-HAN-DAD,13:30,14:05,13:30,14:05,13:48,14:24,14:25,14:30,00:35,00:37,DELAY,DELAY,DELAY,DELAY,,93,00:15,66,00:05,,,CREW HN OB 1400,HAN,PQC,DAD,Domestic,VJ,,
2026-05-28|VJ1504/VJ1505|A575|DAD-HAN-DAD|14:35,2026-05-28,VJ1504/VJ1505,A575,A321,DAD-HAN-DAD,14:00,14:35,14:10,15:20,14:55,15:24,15:25,15:35,01:10,00:30,DELAY,ONTIME,DELAY,DELAY,,93,00:05,,,,,,HAN,DAD,DAD,Domestic,VJ,,
2026-05-28|VJ933/VJ145|A524|NRT-HAN-SGN|15:10,2026-05-28,VJ933/VJ145,A524,A321,NRT-HAN-SGN,13:05,15:10,13:05,15:10,13:00,15:09,15:10,15:25,02:05,02:10,ONTIME,ONTIME,ONTIME,ONTIME,,,,,,,,,HAN,NRT,SGN,Domestic,VJ,,
2026-05-28|VJ1494/VJ423|A644|BMV-HAN-PXU|15:10,2026-05-28,VJ1494/VJ423,A644,A321,BMV-HAN-PXU,14:30,15:10,14:30,15:10,14:40,15:09,15:10,15:13,00:40,00:30,ONTIME,ONTIME,ONTIME,ONTIME,,,,,,,,,HAN,BMV,PXU,Domestic,VJ,,
2026-05-28|VJ510/VJ511|A200|DAD-HAN-DAD|15:20,2026-05-28,VJ510/VJ511,A200,A321,DAD-HAN-DAD,14:35,15:20,14:35,15:20,15:00,15:34,15:35,15:45,00:45,00:35,DELAY,ONTIME,DELAY,DELAY,,93,00:10,66,00:05,,,LATE ARR/ CHANGE CREW HN OB 1510,HAN,DAD,DAD,Domestic,VJ,,
2026-05-28|VJ906/VJ439|A675|KUL-HAN-UIH|15:40,2026-05-28,VJ906/VJ439,A675,A320,KUL-HAN-UIH,14:40,15:40,14:40,15:40,14:40,15:32,15:33,15:38,01:00,00:53,EARLY,ONTIME,ONTIME,ONTIME,,,,,,,,,HAN,KUL,UIH,Domestic,VJ,,
2026-05-28|VJ1981/VJ903|A672|FSZ-HAN-BKK|15:45,2026-05-28,VJ1981/VJ903,A672,A320,FSZ-HAN-BKK,14:00,15:45,14:00,15:45,13:35,15:37,15:38,15:41,01:45,02:03,EARLY,ONTIME,ONTIME,ONTIME,,,,,,,,,HAN,FSZ,BKK,International,VJ,,
2026-05-28|VJ136/VJ567|A539|SGN-HAN-HUI|15:55,2026-05-28,VJ136/VJ567,A539,A321,SGN-HAN-HUI,14:40,15:55,14:40,15:55,14:57,15:47,15:48,15:55,01:15,00:51,EARLY,ONTIME,ONTIME,DELAY,,,,,,,,,HAN,SGN,HUI,Domestic,VJ,,
2026-05-28|VJ138/VJ147|A811|SGN-HAN-SGN|16:05,2026-05-28,VJ138/VJ147,A811,A330,SGN-HAN-SGN,15:15,16:05,16:50,18:05,17:35,18:09,18:10,18:14,01:15,00:35,DELAY,ONTIME,DELAY,DELAY,,93,00:05,,,,,,HAN,SGN,SGN,Domestic,VJ,,
2026-05-28|VJ508/VJ773|A651|DAD-HAN-CXR|16:20,2026-05-28,VJ508/VJ773,A651,A321,DAD-HAN-CXR,15:45,16:20,15:45,16:20,15:55,16:19,16:20,16:35,00:35,00:25,ONTIME,ONTIME,ONTIME,ONTIME,,,,,,,,,HAN,DAD,CXR,Domestic,VJ,,
2026-05-28|VJ140/VJ151|A698|SGN-HAN-SGN|16:55,2026-05-28,VJ140/VJ151,A698,A321,SGN-HAN-SGN,16:20,16:55,16:20,16:55,16:40,17:09,17:10,17:10,00:35,00:30,DELAY,ONTIME,ONTIME,DELAY,,93,00:15,,,,,,HAN,SGN,SGN,Domestic,VJ,,
2026-05-28|VJ464/VJ465|A668|VCA-HAN-VCA|17:00,2026-05-28,VJ464/VJ465,A668,A320,VCA-HAN-VCA,15:10,17:00,15:10,17:00,16:05,16:59,17:00,17:09,01:50,00:55,ONTIME,ONTIME,ONTIME,DELAY,,,,,,,,,HAN,VCA,VCA,Domestic,VJ,,
2026-05-28|VJ953/VJ495|A662|HIJ-HAN-BMV|17:30,2026-05-28,VJ953/VJ495,A662,A320,HIJ-HAN-BMV,16:10,17:30,16:10,17:30,16:02,17:27,17:28,17:32,01:20,01:26,EARLY,ONTIME,ONTIME,ONTIME,,,,,,,,,HAN,HIJ,BMV,Domestic,VJ,,
2026-05-28|VJ961/VJ517|A683|ICN-HAN-DAD|17:45,2026-05-28,VJ961/VJ517,A683,A321,ICN-HAN-DAD,13:35,17:45,13:35,17:45,13:13,17:44,17:45,17:52,04:10,04:32,ONTIME,ONTIME,ONTIME,ONTIME,,,,,,,,,HAN,ICN,DAD,Domestic,VJ,,
2026-05-28|VJ454/VJ1153|A554|PQC-HAN-SGN|18:05,2026-05-28,VJ454/VJ1153,A554,A321,PQC-HAN-SGN,16:45,18:05,16:45,18:05,15:55,18:04,18:05,18:14,01:20,02:10,ONTIME,ONTIME,ONTIME,ONTIME,,,,,,,,,HAN,PQC,SGN,Domestic,VJ,,
2026-05-28|VJ528/VJ781|A697|DAD-HAN-CXR|18:45,2026-05-28,VJ528/VJ781,A697,A321,DAD-HAN-CXR,17:25,18:45,17:25,18:45,18:10,18:44,18:45,18:59,01:20,00:35,ONTIME,ONTIME,ONTIME,DELAY,,,,,,,,,HAN,DAD,CXR,Domestic,VJ,,
2026-05-28|VJ512/VJ521|A200|DAD-HAN-DAD|19:10,2026-05-28,VJ512/VJ521,A200,A321,DAD-HAN-DAD,18:35,19:10,18:35,19:35,19:35,20:04,20:05,20:10,01:00,00:30,DELAY,DELAY,DELAY,DELAY,,93,00:30,,,,,,HAN,DAD,DAD,Domestic,VJ,,
2026-05-28|VJ530/VJ1127|A632|DAD-HAN-SGN|19:20,2026-05-28,VJ530/VJ1127,A632,A321,DAD-HAN-SGN,16:15,19:20,16:15,19:20,16:12,19:19,19:20,19:29,03:05,03:08,ONTIME,ONTIME,ONTIME,ONTIME,,,,,,,,,HAN,DAD,SGN,Domestic,VJ,,
2026-05-28|VJ456/VJ519|A550|PXU-HAN-DAD|19:25,2026-05-28,VJ456/VJ519,A550,A321,PXU-HAN-DAD,18:50,19:25,18:50,19:25,18:45,19:24,19:25,19:29,00:35,00:40,ONTIME,ONTIME,ONTIME,ONTIME,,,,,,,,,HAN,PXU,DAD,Domestic,VJ,,
2026-05-28|VJ971|A816|HAN-DEL|19:40,2026-05-28,VJ971,A816,A330,HAN-DEL,,19:40,,19:40,12:03,19:39,19:40,19:50,,,ONTIME,ONTIME,ONTIME,,,,,,,,,,HAN,,DEL,International,VJ,,
2026-05-28|VJ568/VJ523|A539|HUI-HAN-DAD|19:40,2026-05-28,VJ568/VJ523,A539,A321,HUI-HAN-DAD,18:55,19:40,18:55,19:40,19:20,19:39,19:40,19:46,00:45,00:20,ONTIME,ONTIME,ONTIME,DELAY,,,,,,,,,HAN,HUI,DAD,Domestic,VJ,,
2026-05-28|VJ928/VJ1925|A552|CGK-HAN-AMD|19:45,2026-05-28,VJ928/VJ1925,A552,A321,CGK-HAN-AMD,18:15,19:45,18:15,19:45,18:25,19:44,19:45,19:50,01:30,01:20,ONTIME,ONTIME,ONTIME,ONTIME,,,,,,,,,HAN,CGK,AMD,International,VJ,,
2026-05-28|VJ464/VJ161|A668|SGN-HAN-SGN|20:55,2026-05-28,VJ464/VJ161,A668,A320,SGN-HAN-SGN,15:10,20:55,15:10,20:55,15:40,20:54,20:55,21:02,05:45,05:15,ONTIME,ONTIME,ONTIME,DELAY,,,,,,,,,HAN,SGN,SGN,Domestic,VJ,,
2026-05-28|VJ7988/VJ7988|A526|DAD-HAN-VVO|21:10,2026-05-28,VJ7988/VJ7988,A526,A321,DAD-HAN-VVO,20:40,21:10,20:40,21:10,21:15,21:59,22:00,22:07,00:30,00:45,DELAY,DELAY,DELAY,DELAY,,93,00:35,41,00:15,,,LATE ARR/ TECHNICAL CHECK,HAN,DAD,VVO,International,VJ,,
2026-05-28|VJ949/VJ163|A674|RMQ-HAN-SGN|21:25,2026-05-28,VJ949/VJ163,A674,A321,RMQ-HAN-SGN,20:55,21:25,20:55,21:25,20:10,21:24,21:25,21:37,00:30,01:15,ONTIME,ONTIME,ONTIME,ONTIME,,,,,,,,,HAN,RMQ,SGN,Domestic,VJ,,
2026-05-28|VJ520/VJ1527|A649|DAD-HAN-DAD|21:25,2026-05-28,VJ520/VJ1527,A649,A321,DAD-HAN-DAD,20:55,21:25,20:55,21:25,20:55,21:24,21:25,21:40,00:30,00:30,ONTIME,ONTIME,ONTIME,ONTIME,,,,,,,,,HAN,DAD,DAD,Domestic,VJ,,
2026-05-28|VJ916/VJ167|A542|SIN-HAN-DAD|23:15,2026-05-28,VJ916/VJ167,A542,A321,SIN-HAN-DAD,17:25,23:15,17:25,23:15,17:25,23:06,23:07,23:12,05:50,05:42,EARLY,ONTIME,ONTIME,ONTIME,,,,,,,,,HAN,SIN,DAD,Domestic,VJ,,
2026-05-29|VJ932|A553|HAN-NRT|00:30,2026-05-29,VJ932,A553,A321,HAN-NRT,,00:30,,00:30,,00:29,00:30,00:35,,,ONTIME,ONTIME,ONTIME,,,,,,,,,,HAN,,NRT,International,VJ,,
2026-05-29|VJ982|A636|HAN-PUS|01:05,2026-05-29,VJ982,A636,A321,HAN-PUS,,01:05,,01:05,,00:56,00:57,01:00,,,EARLY,ONTIME,ONTIME,,,,,,,,,,HAN,,PUS,International,VJ,,
2026-05-29|VJ7614/VJ7614|A549|CXR-HAN-BQS|01:15,2026-05-29,VJ7614/VJ7614,A549,A321,CXR-HAN-BQS,00:45,01:15,00:45,01:15,00:50,01:19,01:20,01:30,00:30,00:30,DELAY,ONTIME,ONTIME,ONTIME,,93,00:05,,,,,LATE ARR,HAN,CXR,BQS,International,VJ,,
2026-05-29|VJ938|A536|HAN-KIX|01:20,2026-05-29,VJ938,A536,A321,HAN-KIX,,01:20,,01:20,,01:17,01:18,01:20,,,EARLY,ONTIME,ONTIME,,,,,,,,,,HAN,,KIX,International,VJ,,
2026-05-29|VJ960|A554|HAN-ICN|01:40,2026-05-29,VJ960,A554,A321,HAN-ICN,,01:40,,01:40,,01:29,01:30,01:33,,,EARLY,ONTIME,ONTIME,,,,,,,,,,HAN,,ICN,International,VJ,,
2026-05-29|VJ920|A697|HAN-NGO|01:40,2026-05-29,VJ920,A697,A321,HAN-NGO,,01:40,,01:40,,01:34,01:35,01:38,,,EARLY,ONTIME,ONTIME,,,,,,,,,,HAN,,NGO,International,VJ,,
2026-05-29|VJ123|A580|HAN-SGN|05:30,2026-05-29,VJ123,A580,A321,HAN-SGN,,05:30,,05:30,,05:24,05:25,05:30,,,EARLY,ONTIME,ONTIME,,,,,,,,,,HAN,,SGN,Domestic,VJ,,
2026-05-29|VJ501|A532|HAN-DAD|05:40,2026-05-29,VJ501,A532,A321,HAN-DAD,,05:40,,05:40,,05:39,05:40,05:45,,,ONTIME,ONTIME,ONTIME,,,,,,,,,,HAN,,DAD,Domestic,VJ,,
2026-05-29|VJ771|A666|HAN-CXR|05:45,2026-05-29,VJ771,A666,A320,HAN-CXR,,05:45,,05:45,,05:59,06:00,06:00,,,DELAY,ONTIME,ONTIME,,,99,00:15,,,,,SUPPORT PAX WCHS,HAN,,CXR,Domestic,VJ,,
2026-05-29|VJ121|A644|HAN-SGN|06:00,2026-05-29,VJ121,A644,A321,HAN-SGN,,06:00,,06:00,,05:54,05:55,06:00,,,EARLY,ONTIME,ONTIME,,,,,,,,,,HAN,,SGN,Domestic,VJ,,
2026-05-29|VJ491|A550|HAN-BMV|06:00,2026-05-29,VJ491,A550,A321,HAN-BMV,,06:00,,06:00,,05:51,05:53,05:56,,,EARLY,ONTIME,ONTIME,,,,,,,,,,HAN,,BMV,Domestic,VJ,,
2026-05-29|VJ431|A699|HAN-UIH|06:05,2026-05-29,VJ431,A699,A320,HAN-UIH,,06:05,,06:05,,05:59,06:00,06:03,,,EARLY,ONTIME,ONTIME,,,,,,,,,,HAN,,UIH,Domestic,VJ,,
2026-05-29|VJ449|A650|HAN-PQC|06:30,2026-05-29,VJ449,A650,A320,HAN-PQC,,06:30,,06:30,,06:24,06:25,06:26,,,EARLY,ONTIME,ONTIME,,,,,,,,,,HAN,,PQC,Domestic,VJ,,
2026-05-29|VJ461|A672|HAN-VCA|06:45,2026-05-29,VJ461,A672,A320,HAN-VCA,,06:45,,06:45,,06:43,06:44,06:45,,,EARLY,ONTIME,ONTIME,,,,,,,,,,HAN,,VCA,Domestic,VJ,,
2026-05-29|VJ125|A675|HAN-SGN|07:00,2026-05-29,VJ125,A675,A320,HAN-SGN,,07:00,,07:00,,06:54,06:55,07:10,,,EARLY,ONTIME,ONTIME,,,,,,,,,,HAN,,SGN,Domestic,VJ,,
2026-05-29|VJ421|A662|HAN-PXU|07:10,2026-05-29,VJ421,A662,A320,HAN-PXU,,07:10,,07:10,,07:04,07:05,07:16,,,EARLY,ONTIME,ONTIME,,,,,,,,,,HAN,,PXU,Domestic,VJ,,
2026-05-29|VJ972/VJ197|A816|DEL-HAN-SGN|07:20,2026-05-29,VJ972/VJ197,A816,A330,DEL-HAN-SGN,05:40,07:20,05:40,07:20,06:25,07:14,07:15,07:25,01:40,00:50,EARLY,ONTIME,ONTIME,DELAY,,,,,,,,,HAN,DEL,SGN,Domestic,VJ,,
2026-05-29|VJ503|A528|HAN-DAD|07:30,2026-05-29,VJ503,A528,A321,HAN-DAD,,07:30,,07:30,,07:19,07:20,07:26,,,EARLY,ONTIME,ONTIME,,,,,,,,,,HAN,,DAD,Domestic,VJ,,
2026-05-29|VJ129|A669|HAN-SGN|08:45,2026-05-29,VJ129,A669,A320,HAN-SGN,,08:45,,08:45,,08:39,08:40,08:42,,,EARLY,ONTIME,ONTIME,,,,,,,,,,HAN,,SGN,Domestic,VJ,,
2026-05-29|VJ447|A642|HAN-PQC|08:45,2026-05-29,VJ447,A642,A321,HAN-PQC,,08:45,,08:45,,08:44,08:45,08:47,,,ONTIME,ONTIME,ONTIME,,,,,,,,,,HAN,,PQC,Domestic,VJ,,
2026-05-29|VJ514/VJ563|A532|DAD-HAN-HUI|09:20,2026-05-29,VJ514/VJ563,A532,A321,DAD-HAN-HUI,08:50,09:20,08:50,09:20,09:10,09:33,09:34,09:35,00:30,00:24,DELAY,ONTIME,ONTIME,DELAY,,93,00:14,,,,,,HAN,DAD,HUI,Domestic,VJ,,
2026-05-29|VJ7989/VJ7989|A526|VVO-HAN-DAD|09:30,2026-05-29,VJ7989/VJ7989,A526,A321,VVO-HAN-DAD,09:00,09:30,09:00,09:30,10:15,10:34,10:35,10:40,00:30,00:20,DELAY,DELAY,DELAY,DELAY,,93,01:05,,,,,,HAN,VVO,DAD,Domestic,VJ,,
2026-05-29|VJ1926/VJ915|A552|AMD-HAN-SIN|09:35,2026-05-29,VJ1926/VJ915,A552,A321,AMD-HAN-SIN,05:55,09:35,05:55,09:35,06:40,09:34,09:35,09:42,03:40,02:55,ONTIME,ONTIME,ONTIME,DELAY,,,,,,,,,HAN,AMD,SIN,International,VJ,,
2026-05-29|VJ126/VJ131|A684|SGN-HAN-SGN|10:10,2026-05-29,VJ126/VJ131,A684,A321,SGN-HAN-SGN,09:40,10:10,09:40,10:10,09:55,10:29,10:30,10:38,00:30,00:35,DELAY,DELAY,DELAY,ONTIME,,93,00:15,87,00:05,,,STUCK AT PBB,HAN,SGN,SGN,Domestic,VJ,,
2026-05-29|VJ430/VJ463|A699|UIH-HAN-VCA|10:20,2026-05-29,VJ430/VJ463,A699,A320,UIH-HAN-VCA,09:50,10:20,09:50,10:20,09:40,10:14,10:15,10:19,00:30,00:35,EARLY,ONTIME,ONTIME,ONTIME,,,,,,,,,HAN,UIH,VCA,Domestic,VJ,,
2026-05-29|VJ997|A551|HAN-DPS|10:25,2026-05-29,VJ997,A551,A321,HAN-DPS,,10:25,,10:25,,10:22,10:23,10:25,,,EARLY,ONTIME,ONTIME,,,,,,,,,,HAN,,DPS,International,VJ,,
2026-05-29|VJ492/VJ1493|A550|BMV-HAN-BMV|10:30,2026-05-29,VJ492/VJ1493,A550,A321,BMV-HAN-BMV,10:00,10:30,10:00,10:30,10:05,10:27,10:28,10:30,00:30,00:23,EARLY,ONTIME,ONTIME,ONTIME,,,,,,,,,HAN,BMV,BMV,Domestic,VJ,,
2026-05-29|VJ122/VJ901|A629|SGN-HAN-BKK|11:10,2026-05-29,VJ122/VJ901,A629,A321,SGN-HAN-BKK,09:05,11:10,09:05,11:10,09:40,10:59,11:00,11:02,02:05,01:20,EARLY,ONTIME,ONTIME,DELAY,,,,,,,,,HAN,SGN,BKK,International,VJ,,
2026-05-29|VJ524/VJ507|A528|DAD-HAN-DAD|11:10,2026-05-29,VJ524/VJ507,A528,A321,DAD-HAN-DAD,10:40,11:10,10:40,11:10,11:00,11:29,11:30,11:40,00:30,00:30,DELAY,DELAY,DELAY,DELAY,,93,00:20,,,,,,HAN,DAD,DAD,Domestic,VJ,,
2026-05-29|VJ133|A663|HAN-SGN|11:20,2026-05-29,VJ133,A663,A320,HAN-SGN,,11:20,,11:20,,11:18,11:19,11:20,,,EARLY,ONTIME,ONTIME,,,,,,,,,,HAN,,SGN,Domestic,VJ,,
2026-05-29|VJ422/VJ451|A662|PXU-HAN-PQC|11:45,2026-05-29,VJ422/VJ451,A662,A320,PXU-HAN-PQC,10:50,11:45,10:50,11:45,11:10,11:39,11:40,11:49,00:55,00:30,EARLY,ONTIME,ONTIME,DELAY,,,,,,,,,HAN,PXU,PQC,Domestic,VJ,,
2026-05-29|VJ130/VJ775|A580|SGN-HAN-CXR|11:45,2026-05-29,VJ130/VJ775,A580,A321,SGN-HAN-CXR,10:50,11:45,10:50,11:45,10:45,11:39,11:40,11:45,00:55,00:55,EARLY,ONTIME,ONTIME,ONTIME,,,,,,,,,HAN,SGN,CXR,Domestic,VJ,,
2026-05-29|VJ770/VJ515|A666|CXR-HAN-DAD|12:10,2026-05-29,VJ770/VJ515,A666,A320,CXR-HAN-DAD,09:55,12:10,09:55,12:10,10:40,12:04,12:05,12:09,02:15,01:25,EARLY,ONTIME,ONTIME,DELAY,,,,,,,,,HAN,CXR,DAD,Domestic,VJ,,
2026-05-29|VJ128/VJ137|A673|SGN-HAN-SGN|12:20,2026-05-29,VJ128/VJ137,A673,A321,SGN-HAN-SGN,11:50,12:20,11:50,12:20,12:55,13:24,13:25,13:35,00:30,00:30,DELAY,DELAY,DELAY,DELAY,,93,01:05,,,,,,HAN,SGN,SGN,Domestic,VJ,,
2026-05-29|VJ453|A538|HAN-PQC|13:00,2026-05-29,VJ453,A538,A321,HAN-PQC,,13:00,,13:00,,12:59,13:00,13:01,,,ONTIME,ONTIME,ONTIME,,,,,,,,,,HAN,,PQC,Domestic,VJ,,
2026-05-29|VJ787|A653|HAN-CXR|13:10,2026-05-29,VJ787,A653,A321,HAN-CXR,,13:10,,13:10,,13:04,13:05,13:10,,,EARLY,ONTIME,ONTIME,,,,,,,,,,HAN,,CXR,Domestic,VJ,,
2026-05-29|VJ981/VJ948|A636|PUS-HAN-RMQ|13:30,2026-05-29,VJ981/VJ948,A636,A321,PUS-HAN-RMQ,10:40,13:30,10:40,13:30,10:30,13:29,13:30,13:38,02:50,03:00,ONTIME,ONTIME,ONTIME,ONTIME,,,,,,,,,HAN,PUS,RMQ,International,VJ,,
2026-05-29|VJ564/VJ149|A532|HUI-HAN-SGN|13:40,2026-05-29,VJ564/VJ149,A532,A321,HUI-HAN-SGN,12:20,13:40,12:20,13:40,12:45,13:36,13:37,13:55,01:20,00:52,EARLY,ONTIME,ONTIME,DELAY,,,,,,,,,HAN,HUI,SGN,Domestic,VJ,,
2026-05-29|VJ196/VJ525|A647|SGN-HAN-DAD|14:05,2026-05-29,VJ196/VJ525,A647,A321,SGN-HAN-DAD,12:40,14:05,12:40,14:05,13:10,13:57,13:58,14:02,01:25,00:48,EARLY,ONTIME,ONTIME,DELAY,,,,,,,,,HAN,SGN,DAD,Domestic,VJ,,
2026-05-29|VJ7615/VJ7615|A549|BQS-HAN-CXR|14:15,2026-05-29,VJ7615/VJ7615,A549,A321,BQS-HAN-CXR,13:45,14:15,13:45,14:15,13:35,13:54,13:55,14:10,00:30,00:20,EARLY,ONTIME,ONTIME,ONTIME,,,,,,,,,HAN,BQS,CXR,Domestic,VJ,,
2026-05-29|VJ939/VJ942|A536|KIX-HAN-TPE|14:25,2026-05-29,VJ939/VJ942,A536,A321,KIX-HAN-TPE,12:20,14:25,12:20,14:25,12:05,14:24,14:25,14:30,02:05,02:20,ONTIME,ONTIME,ONTIME,ONTIME,,,,,,,,,HAN,KIX,TPE,International,VJ,,
2026-05-29|VJ921/VJ946|A697|NGO-HAN-KHH|14:35,2026-05-29,VJ921/VJ946,A697,A321,NGO-HAN-KHH,12:50,14:35,12:50,14:35,12:48,14:34,14:35,14:40,01:45,01:47,ONTIME,ONTIME,ONTIME,ONTIME,,,,,,,,,HAN,NGO,KHH,International,VJ,,
2026-05-29|VJ1504/VJ1505|A578|DAD-HAN-DAD|14:35,2026-05-29,VJ1504/VJ1505,A578,A321,DAD-HAN-DAD,14:00,14:35,14:00,14:35,14:20,14:44,14:45,14:50,00:35,00:25,DELAY,ONTIME,ONTIME,DELAY,,,,,,,,,HAN,DAD,DAD,Domestic,VJ,,
2026-05-29|VJ462/VJ145|A672|VCA-HAN-SGN|14:40,2026-05-29,VJ462/VJ145,A672,A320,VCA-HAN-SGN,11:40,14:40,11:40,14:40,11:45,14:39,14:40,14:42,03:00,02:55,ONTIME,ONTIME,ONTIME,ONTIME,,,,,,,,,HAN,VCA,SGN,Domestic,VJ,,
2026-05-29|VJ1494/VJ511|A550|BMV-HAN-DAD|15:05,2026-05-29,VJ1494/VJ511,A550,A321,BMV-HAN-DAD,14:30,15:05,14:30,15:05,14:35,15:01,15:02,15:05,00:35,00:27,EARLY,ONTIME,ONTIME,ONTIME,,,,,,,,,HAN,BMV,DAD,Domestic,VJ,,
2026-05-29|VJ440/VJ423|A642|PQC-HAN-PXU|15:05,2026-05-29,VJ440/VJ423,A642,A321,PQC-HAN-PXU,13:30,15:05,13:30,15:05,14:05,15:02,15:03,15:06,01:35,00:58,EARLY,ONTIME,ONTIME,DELAY,,,,,,,,,HAN,PQC,PXU,Domestic,VJ,,
2026-05-29|VJ464/VJ439|A699|VCA-HAN-UIH|15:40,2026-05-29,VJ464/VJ439,A699,A320,VCA-HAN-UIH,15:10,15:40,15:10,15:40,15:46,16:09,16:10,16:19,00:30,00:24,DELAY,DELAY,DELAY,DELAY,,93,00:30,,,,,,HAN,VCA,UIH,Domestic,VJ,,
2026-05-29|VJ138/VJ147|A646|SGN-HAN-SGN|15:45,2026-05-29,VJ138/VJ147,A646,A321,SGN-HAN-SGN,15:15,15:45,15:15,15:45,15:15,15:54,15:55,16:00,00:30,00:40,DELAY,ONTIME,ONTIME,ONTIME,,99,00:10,,,,,DL65 CAPT REQ MORE FUEL,HAN,SGN,SGN,Domestic,VJ,,
2026-05-29|VJ450/VJ903|A650|PQC-HAN-BKK|15:45,2026-05-29,VJ450/VJ903,A650,A320,PQC-HAN-BKK,11:15,15:45,11:15,15:45,11:20,15:44,15:45,15:48,04:30,04:25,ONTIME,ONTIME,ONTIME,ONTIME,,,,,,,,,HAN,PQC,BKK,International,VJ,,
2026-05-29|VJ961/VJ567|A554|ICN-HAN-HUI|15:55,2026-05-29,VJ961/VJ567,A554,A321,ICN-HAN-HUI,13:35,15:55,13:35,15:55,13:30,15:49,15:50,15:58,02:20,02:20,EARLY,ONTIME,ONTIME,ONTIME,,,,,,,,,HAN,ICN,HUI,Domestic,VJ,,
2026-05-29|VJ508/VJ773|A666|DAD-HAN-CXR|16:00,2026-05-29,VJ508/VJ773,A666,A320,DAD-HAN-CXR,15:25,16:00,15:25,16:00,15:45,16:04,16:05,16:10,00:35,00:20,DELAY,ONTIME,ONTIME,DELAY,,93,00:05,,,,,,HAN,DAD,CXR,Domestic,VJ,,
2026-05-29|VJ510/VJ913|A528|DAD-HAN-SAI|16:20,2026-05-29,VJ510/VJ913,A528,A321,DAD-HAN-SAI,14:35,16:20,14:35,16:20,15:25,16:08,16:10,16:20,01:45,00:45,EARLY,ONTIME,ONTIME,DELAY,,,,,,,,,HAN,DAD,SAI,International,VJ,,
2026-05-29|VJ142/VJ193|A645|SGN-HAN-SGN|16:30,2026-05-29,VJ142/VJ193,A645,A321,SGN-HAN-SGN,15:30,16:30,15:30,16:30,16:00,16:36,16:37,16:44,01:00,00:37,DELAY,ONTIME,ONTIME,DELAY,,66,00:07,,,,,CREW HN OB 1610,HAN,SGN,SGN,Domestic,VJ,,
2026-05-29|VJ452/VJ1513|A643|PQC-HAN-DAD|16:35,2026-05-29,VJ452/VJ1513,A643,A321,PQC-HAN-DAD,16:00,16:35,16:25,17:00,16:45,17:09,17:10,17:14,00:35,00:25,DELAY,ONTIME,DELAY,DELAY,,93,00:10,,,,,,HAN,PQC,DAD,Domestic,VJ,,
2026-05-29|VJ136/VJ151|A644|SGN-HAN-SGN|16:50,2026-05-29,VJ136/VJ151,A644,A321,SGN-HAN-SGN,14:10,16:50,14:10,16:50,15:55,16:48,16:50,16:57,02:40,00:55,ONTIME,ONTIME,ONTIME,DELAY,,,,,,,,,HAN,SGN,SGN,Domestic,VJ,,
2026-05-29|VJ772/VJ465|A630|CXR-HAN-VCA|17:00,2026-05-29,VJ772/VJ465,A630,A321,CXR-HAN-VCA,16:10,17:00,16:10,17:00,16:20,17:04,17:05,17:13,00:50,00:45,DELAY,ONTIME,ONTIME,ONTIME,,66,00:05,,,,,CREW HN OB 1634,HAN,CXR,VCA,Domestic,VJ,,
2026-05-29|VJ5068/VJ5068|A580|CXR-HAN-NOZ|17:00,2026-05-29,VJ5068/VJ5068,A580,A321,CXR-HAN-NOZ,16:25,17:00,16:25,17:00,17:08,17:37,17:38,17:48,00:35,00:30,DELAY,DELAY,DELAY,DELAY,,93,00:38,,,,,,HAN,CXR,NOZ,International,VJ,,
2026-05-29|VJ454/VJ495|A662|PQC-HAN-BMV|17:30,2026-05-29,VJ454/VJ495,A662,A320,PQC-HAN-BMV,16:45,17:30,16:45,17:30,16:55,17:26,17:27,17:30,00:45,00:32,EARLY,ONTIME,ONTIME,ONTIME,,,,,,,,,HAN,PQC,BMV,Domestic,VJ,,
2026-05-29|VJ528/VJ1153|A647|DAD-HAN-SGN|18:05,2026-05-29,VJ528/VJ1153,A647,A321,DAD-HAN-SGN,17:25,18:05,17:25,18:05,17:40,18:09,18:10,18:15,00:40,00:30,DELAY,ONTIME,ONTIME,ONTIME,,93,00:05,,,,,,HAN,DAD,SGN,Domestic,VJ,,
2026-05-29|VJ933/VJ781|A553|NRT-HAN-CXR|18:15,2026-05-29,VJ933/VJ781,A553,A321,NRT-HAN-CXR,13:05,18:15,13:05,18:15,13:15,18:12,18:13,18:14,05:10,04:58,EARLY,ONTIME,ONTIME,ONTIME,,,,,,,,,HAN,NRT,CXR,Domestic,VJ,,
2026-05-29|VJ512/VJ521|A554|DAD-HAN-DAD|18:45,2026-05-29,VJ512/VJ521,A554,A321,DAD-HAN-DAD,18:15,18:45,18:15,18:45,18:25,18:54,18:55,19:00,00:30,00:30,DELAY,ONTIME,ONTIME,ONTIME,,93,00:10,,,,,,HAN,DAD,DAD,Domestic,VJ,,
2026-05-29|VJ774/VJ1127|A653|CXR-HAN-SGN|19:20,2026-05-29,VJ774/VJ1127,A653,A321,CXR-HAN-SGN,17:15,19:20,17:15,19:20,17:48,19:19,19:20,19:25,02:05,01:32,ONTIME,ONTIME,ONTIME,DELAY,,,,,,,,,HAN,CXR,SGN,Domestic,VJ,,
2026-05-29|VJ424/VJ519|A642|PXU-HAN-DAD|19:25,2026-05-29,VJ424/VJ519,A642,A321,PXU-HAN-DAD,18:45,19:25,18:45,19:25,19:05,19:37,19:38,19:40,00:40,00:33,DELAY,ONTIME,ONTIME,DELAY,,93,00:10,66,00:03,,,CREW 774 OB 1917,HAN,PXU,DAD,Domestic,VJ,,
2026-05-29|VJ140/VJ523|A663|HUI-HAN-DAD|19:40,2026-05-29,VJ140/VJ523,A663,A320,HUI-HAN-DAD,16:20,19:40,16:20,19:40,17:05,19:39,19:40,19:45,03:20,02:35,ONTIME,ONTIME,ONTIME,DELAY,,,,,,,,,HAN,HUI,DAD,Domestic,VJ,,
2026-05-29|VJ907|A651|HAN-BOM|20:05,2026-05-29,VJ907,A651,A321,HAN-BOM,,20:05,,20:05,,20:03,20:04,20:06,,,EARLY,ONTIME,ONTIME,,,,,,,,,,HAN,,BOM,International,VJ,,
2026-05-29|VJ456/VJ455|A538|PQC-HAN-PQC|20:05,2026-05-29,VJ456/VJ455,A538,A321,PQC-HAN-PQC,17:45,20:05,17:45,20:05,18:00,20:02,20:03,20:04,02:20,02:03,EARLY,ONTIME,ONTIME,ONTIME,,,,,,,,,HAN,PQC,PQC,Domestic,VJ,,
2026-05-29|VJ902/VJ7815|A629|BKK-HAN-MNL|20:10,2026-05-29,VJ902/VJ7815,A629,A321,BKK-HAN-MNL,15:50,20:10,15:50,20:10,16:10,20:04,20:05,20:12,04:20,03:55,EARLY,ONTIME,ONTIME,DELAY,,,,,,,,,HAN,BKK,MNL,International,VJ,,
2026-05-29|VJ438/VJ7238|A699|UIH-HAN-PVG|21:15,2026-05-29,VJ438/VJ7238,A699,A320,UIH-HAN-PVG,19:25,21:15,19:25,21:15,20:10,21:04,21:05,21:10,01:50,00:55,EARLY,ONTIME,ONTIME,DELAY,,,,,,,,,HAN,UIH,PVG,International,VJ,,
2026-05-29|VJ949/VJ163|A636|RMQ-HAN-SGN|21:25,2026-05-29,VJ949/VJ163,A636,A321,RMQ-HAN-SGN,19:50,21:25,19:50,21:25,20:20,21:24,21:25,21:28,01:35,01:05,ONTIME,ONTIME,ONTIME,DELAY,,,,,,,,,HAN,RMQ,SGN,Domestic,VJ,,
2026-05-29|VJ904/VJ1527|A650|CXR-HAN-DAD|21:40,2026-05-29,VJ904/VJ1527,A650,A320,CXR-HAN-DAD,20:25,21:40,20:25,21:40,20:50,21:34,21:35,21:40,01:15,00:45,EARLY,ONTIME,ONTIME,DELAY,,,,,,,,,HAN,CXR,DAD,Domestic,VJ,,
2026-05-29|VJ916/VJ7526|A552|SIN-HAN-CAN|22:30,2026-05-29,VJ916/VJ7526,A552,A321,SIN-HAN-CAN,17:25,22:30,17:25,22:30,17:30,22:34,22:35,22:40,05:05,05:05,DELAY,ONTIME,ONTIME,ONTIME,,99,00:05,,,,,LATE 02PAX STUCK AT IMMI,HAN,SIN,CAN,International,VJ,,
2026-05-29|VJ154/VJ167|A632|SGN-HAN-SGN|22:45,2026-05-29,VJ154/VJ167,A632,A321,SGN-HAN-SGN,20:55,22:45,20:55,22:45,21:10,22:33,22:35,22:37,01:50,01:25,EARLY,ONTIME,ONTIME,ONTIME,,,,,,,,,HAN,SGN,SGN,Domestic,VJ,,
2026-05-29|VJ520/VJ962|A640|DAD-HAN-ICN|23:15,2026-05-29,VJ520/VJ962,A640,A321,DAD-HAN-ICN,20:55,23:15,20:55,23:15,20:55,23:33,23:34,23:35,02:20,02:39,DELAY,DELAY,DELAY,ONTIME,,15A,00:19,,,,,CUT 6PAX/3PCS,HAN,DAD,ICN,International,VJ,,
2026-05-30|VJ932|A551|HAN-NRT|00:30,2026-05-30,VJ932,A551,A321,HAN-NRT,,00:30,,00:30,,00:29,00:30,00:35,,,ONTIME,ONTIME,ONTIME,,,,,,,,,,HAN,,NRT,International,VJ,,
2026-05-30|VJ7706/VJ7706|A553|CXR-HAN-KHV|01:05,2026-05-30,VJ7706/VJ7706,A553,A321,CXR-HAN-KHV,00:35,01:05,00:35,01:05,00:35,01:04,01:05,01:10,00:30,00:30,ONTIME,ONTIME,ONTIME,ONTIME,,,,,,,,,HAN,CXR,KHV,International,VJ,,
2026-05-30|VJ938|A554|HAN-KIX|01:20,2026-05-30,VJ938,A554,A321,HAN-KIX,,01:20,,01:20,,01:19,01:20,01:23,,,ONTIME,ONTIME,ONTIME,,,,,,,,,,HAN,,KIX,International,VJ,,
2026-05-30|VJ960|A630|HAN-ICN|01:40,2026-05-30,VJ960,A630,A321,HAN-ICN,,01:40,,01:40,,01:49,01:50,01:55,,,DELAY,ONTIME,ONTIME,,,15A,00:10,,,,,CUT 1PAX/1PCS,HAN,,ICN,International,VJ,,
2026-05-30|VJ920|A674|HAN-NGO|01:40,2026-05-30,VJ920,A674,A321,HAN-NGO,,01:40,,01:40,,01:37,01:38,01:39,,,EARLY,ONTIME,ONTIME,,,,,,,,,,HAN,,NGO,International,VJ,,
2026-05-30|VJ958|A647|HAN-FUK|02:05,2026-05-30,VJ958,A647,A321,HAN-FUK,,02:05,,02:05,,02:01,02:02,02:08,,,EARLY,ONTIME,ONTIME,,,,,,,,,,HAN,,FUK,International,VJ,,
2026-05-30|VJ123|A645|HAN-SGN|05:30,2026-05-30,VJ123,A645,A321,HAN-SGN,,05:30,,05:30,,05:24,05:25,05:35,,,EARLY,ONTIME,ONTIME,,,,,,,,,,HAN,,SGN,Domestic,VJ,,
2026-05-30|VJ1445|A643|HAN-PQC|05:30,2026-05-30,VJ1445,A643,A321,HAN-PQC,,05:30,,05:30,,05:24,05:25,05:35,,,EARLY,ONTIME,ONTIME,,,,,,,,,,HAN,,PQC,Domestic,VJ,,
2026-05-30|VJ771|A663|HAN-CXR|05:45,2026-05-30,VJ771,A663,A320,HAN-CXR,,05:45,,05:45,,05:38,05:40,05:41,,,EARLY,ONTIME,ONTIME,,,,,,,,,,HAN,,CXR,Domestic,VJ,,
2026-05-30|VJ121|A539|HAN-SGN|06:00,2026-05-30,VJ121,A539,A321,HAN-SGN,,06:00,,06:00,,05:54,05:55,06:05,,,EARLY,ONTIME,ONTIME,,,,,,,,,,HAN,,SGN,Domestic,VJ,,
2026-05-30|VJ491|A550|HAN-BMV|06:00,2026-05-30,VJ491,A550,A321,HAN-BMV,,06:00,,06:00,,05:54,05:55,06:04,,,EARLY,ONTIME,ONTIME,,,,,,,,,,HAN,,BMV,Domestic,VJ,,
2026-05-30|VJ431|A672|HAN-UIH|06:05,2026-05-30,VJ431,A672,A320,HAN-UIH,,06:05,,06:05,,05:59,06:00,06:05,,,EARLY,ONTIME,ONTIME,,,,,,,,,,HAN,,UIH,Domestic,VJ,,
2026-05-30|VJ449|A666|HAN-PQC|06:30,2026-05-30,VJ449,A666,A320,HAN-PQC,,06:30,,06:30,,06:19,06:20,06:25,,,EARLY,ONTIME,ONTIME,,,,,,,,,,HAN,,PQC,Domestic,VJ,,
2026-05-30|VJ461|A671|HAN-VCA|06:45,2026-05-30,VJ461,A671,A320,HAN-VCA,,06:45,,06:45,,06:39,06:40,06:44,,,EARLY,ONTIME,ONTIME,,,,,,,,,,HAN,,VCA,Domestic,VJ,,
2026-05-30|VJ5069/VJ5069|A580|NOZ-HAN-CXR|06:45,2026-05-30,VJ5069/VJ5069,A580,A321,NOZ-HAN-CXR,06:15,06:45,06:15,06:45,06:10,06:28,06:29,06:39,00:30,00:19,EARLY,ONTIME,ONTIME,ONTIME,,,,,,,,,HAN,NOZ,CXR,Domestic,VJ,,
2026-05-30|VJ125|A662|HAN-SGN|07:00,2026-05-30,VJ125,A662,A320,HAN-SGN,,07:00,,07:00,,06:54,06:55,07:04,,,EARLY,ONTIME,ONTIME,,,,,,,,,,HAN,,SGN,Domestic,VJ,,
2026-05-30|VJ197|A697|HAN-SGN|07:20,2026-05-30,VJ197,A697,A321,HAN-SGN,,07:20,,07:20,,07:06,07:07,07:10,,,EARLY,ONTIME,ONTIME,,,,,,,,,,HAN,,SGN,Domestic,VJ,,
2026-05-30|VJ7239/VJ905|A699|PVG-HAN-KUL|07:25,2026-05-30,VJ7239/VJ905,A699,A320,PVG-HAN-KUL,04:50,07:25,04:50,07:25,04:50,07:19,07:20,07:27,02:35,02:30,EARLY,ONTIME,ONTIME,ONTIME,,,,,,,,,HAN,PVG,KUL,International,VJ,,
2026-05-30|VJ503|A549|HAN-DAD|07:30,2026-05-30,VJ503,A549,A321,HAN-DAD,,07:30,,07:30,,07:29,07:30,07:35,,,ONTIME,ONTIME,ONTIME,,,,,,,,,,HAN,,DAD,Domestic,VJ,,
2026-05-30|VJ124/VJ129|A668|SGN-HAN-SGN|08:45,2026-05-30,VJ124/VJ129,A668,A320,SGN-HAN-SGN,08:15,08:45,08:15,08:45,08:05,08:44,08:45,08:54,00:30,00:40,ONTIME,ONTIME,ONTIME,ONTIME,,,,,,,,,HAN,SGN,SGN,Domestic,VJ,,
2026-05-30|VJ7816/VJ447|A629|MNL-HAN-PQC|08:45,2026-05-30,VJ7816/VJ447,A629,A321,MNL-HAN-PQC,03:50,08:45,03:50,08:45,03:45,08:42,08:43,08:45,04:55,04:58,EARLY,ONTIME,ONTIME,ONTIME,,,,,,,,,HAN,MNL,PQC,Domestic,VJ,,
2026-05-30|VJ1508/VJ1435|A655|DAD-HAN-UIH|08:50,2026-05-30,VJ1508/VJ1435,A655,A320,DAD-HAN-UIH,08:20,08:50,08:20,08:50,08:15,08:42,08:43,08:47,00:30,00:28,EARLY,ONTIME,ONTIME,ONTIME,,,,,,,,,HAN,DAD,UIH,Domestic,VJ,,
2026-05-30|VJ563|A670|HAN-HUI|09:20,2026-05-30,VJ563,A670,A321,HAN-HUI,,09:20,,09:20,,09:14,09:15,09:16,,,EARLY,ONTIME,ONTIME,,,,,,,,,,HAN,,HUI,Domestic,VJ,,
2026-05-30|VJ915|A552|HAN-SIN|09:35,2026-05-30,VJ915,A552,A321,HAN-SIN,,09:35,,09:35,,09:34,09:35,09:38,,,ONTIME,ONTIME,ONTIME,,,,,,,,,,HAN,,SIN,International,VJ,,
2026-05-30|VJ126/VJ131|A523|SGN-HAN-SGN|10:20,2026-05-30,VJ126/VJ131,A523,A321,SGN-HAN-SGN,09:50,10:20,09:50,10:20,10:00,10:29,10:30,10:35,00:30,00:30,DELAY,ONTIME,ONTIME,ONTIME,,93,00:10,,,,,,HAN,SGN,SGN,Domestic,VJ,,
2026-05-30|VJ997|A536|HAN-DPS|10:25,2026-05-30,VJ997,A536,A321,HAN-DPS,,10:25,,10:25,,10:17,10:18,10:23,,,EARLY,ONTIME,ONTIME,,,,,,,,,,HAN,,DPS,International,VJ,,
2026-05-30|VJ122/VJ463|A636|SGN-HAN-VCA|10:25,2026-05-30,VJ122/VJ463,A636,A321,SGN-HAN-VCA,09:05,10:25,09:05,10:25,09:07,10:23,10:24,10:26,01:20,01:17,EARLY,ONTIME,ONTIME,ONTIME,,,,,,,,,HAN,SGN,VCA,Domestic,VJ,,
2026-05-30|VJ430/VJ1437|A672|UIH-HAN-UIH|10:25,2026-05-30,VJ430/VJ1437,A672,A320,UIH-HAN-UIH,09:50,10:25,09:50,10:25,09:50,10:22,10:23,10:25,00:35,00:33,EARLY,ONTIME,ONTIME,ONTIME,,,,,,,,,HAN,UIH,UIH,Domestic,VJ,,
2026-05-30|VJ1493|A642|HAN-BMV|10:30,2026-05-30,VJ1493,A642,A321,HAN-BMV,,10:30,,10:30,,10:29,10:30,10:40,,,ONTIME,ONTIME,ONTIME,,,,,,,,,,HAN,,BMV,Domestic,VJ,,
2026-05-30|VJ963/VJ901|A640|ICN-HAN-BKK|11:10,2026-05-30,VJ963/VJ901,A640,A321,ICN-HAN-BKK,09:30,11:10,09:30,11:10,09:20,11:00,11:01,11:04,01:40,01:41,EARLY,ONTIME,ONTIME,ONTIME,,,,,,,,,HAN,ICN,BKK,International,VJ,,
2026-05-30|VJ492/VJ507|A550|BMV-HAN-DAD|11:10,2026-05-30,VJ492/VJ507,A550,A321,BMV-HAN-DAD,10:00,11:10,10:00,11:10,10:00,11:09,11:10,11:11,01:10,01:10,ONTIME,ONTIME,ONTIME,ONTIME,,,,,,,,,HAN,BMV,DAD,Domestic,VJ,,
2026-05-30|VJ1448/VJ133|A643|PQC-HAN-SGN|11:30,2026-05-30,VJ1448/VJ133,A643,A321,PQC-HAN-SGN,10:15,11:30,10:15,11:30,10:35,11:29,11:30,11:40,01:15,00:55,ONTIME,ONTIME,ONTIME,DELAY,,,,,,,,,HAN,PQC,SGN,Domestic,VJ,,
2026-05-30|VJ190/VJ451|A675|SGN-HAN-PQC|11:45,2026-05-30,VJ190/VJ451,A675,A320,SGN-HAN-PQC,10:25,11:45,10:25,11:45,10:25,11:44,11:45,11:47,01:20,01:20,ONTIME,ONTIME,ONTIME,ONTIME,,,,,,,,,HAN,SGN,PQC,Domestic,VJ,,
2026-05-30|VJ450/VJ515|A666|PQC-HAN-DAD|12:10,2026-05-30,VJ450/VJ515,A666,A320,PQC-HAN-DAD,11:15,12:10,11:15,12:10,11:15,12:07,12:08,12:12,00:55,00:53,EARLY,ONTIME,ONTIME,ONTIME,,,,,,,,,HAN,PQC,DAD,Domestic,VJ,,
2026-05-30|VJ524/VJ775|A549|DAD-HAN-CXR|12:15,2026-05-30,VJ524/VJ775,A549,A321,DAD-HAN-CXR,10:40,12:15,10:40,12:15,11:00,12:04,12:06,12:10,01:35,01:06,EARLY,ONTIME,ONTIME,DELAY,,,,,,,,,HAN,DAD,CXR,Domestic,VJ,,
2026-05-30|VJ770/VJ137|A663|CXR-HAN-SGN|12:20,2026-05-30,VJ770/VJ137,A663,A320,CXR-HAN-SGN,09:55,12:20,09:55,12:20,10:15,12:19,12:20,12:30,02:25,02:05,ONTIME,ONTIME,ONTIME,DELAY,,,,,,,,,HAN,CXR,SGN,Domestic,VJ,,
2026-05-30|VJ453|A661|HAN-PQC|13:00,2026-05-30,VJ453,A661,A321,HAN-PQC,,13:00,,13:00,,12:58,13:00,13:03,,,ONTIME,ONTIME,ONTIME,,,,,,,,,,HAN,,PQC,Domestic,VJ,,
2026-05-30|VJ1432/VJ509|A655|UIH-HAN-DAD|13:05,2026-05-30,VJ1432/VJ509,A655,A320,UIH-HAN-DAD,12:35,13:05,12:35,13:05,12:30,13:01,13:02,13:06,00:30,00:32,EARLY,ONTIME,ONTIME,ONTIME,,,,,,,,,HAN,UIH,DAD,Domestic,VJ,,
2026-05-30|VJ959/VJ787|A647|FUK-HAN-CXR|13:10,2026-05-30,VJ959/VJ787,A647,A321,FUK-HAN-CXR,11:45,13:10,11:45,13:10,11:45,13:09,13:10,13:17,01:25,01:25,ONTIME,ONTIME,ONTIME,ONTIME,,,,,,,,,HAN,FUK,CXR,Domestic,VJ,,
2026-05-30|VJ564/VJ948|A670|HUI-HAN-RMQ|13:30,2026-05-30,VJ564/VJ948,A670,A321,HUI-HAN-RMQ,12:20,13:30,12:20,13:30,12:27,13:29,13:30,13:34,01:10,01:03,ONTIME,ONTIME,ONTIME,ONTIME,,,,,,,,,HAN,HUI,RMQ,International,VJ,,
2026-05-30|VJ921/VJ441|A674|NGO-HAN-PQC|14:00,2026-05-30,VJ921/VJ441,A674,A321,NGO-HAN-PQC,12:50,14:00,12:50,14:00,12:50,13:59,14:00,14:04,01:10,01:10,ONTIME,ONTIME,ONTIME,ONTIME,,,,,,,,,HAN,NGO,PQC,Domestic,VJ,,
2026-05-30|VJ961/VJ525|A630|ICN-HAN-DAD|14:30,2026-05-30,VJ961/VJ525,A630,A321,ICN-HAN-DAD,13:35,14:30,13:35,14:30,13:30,14:24,14:25,14:28,00:55,00:55,EARLY,ONTIME,ONTIME,ONTIME,,,,,,,,,HAN,ICN,DAD,Domestic,VJ,,
2026-05-30|VJ1504/VJ1505|A200|DAD-HAN-DAD|14:35,2026-05-30,VJ1504/VJ1505,A200,A321,DAD-HAN-DAD,14:00,14:35,14:00,14:35,14:20,14:49,14:50,14:50,00:35,00:30,DELAY,ONTIME,ONTIME,DELAY,,93,00:15,,,,,,HAN,DAD,DAD,Domestic,VJ,,
2026-05-30|VJ198/VJ145|A697|SGN-HAN-SGN|14:40,2026-05-30,VJ198/VJ145,A697,A321,SGN-HAN-SGN,12:40,14:40,12:40,14:40,13:00,14:39,14:40,14:40,02:00,01:40,ONTIME,ONTIME,ONTIME,DELAY,,,,,,,,,HAN,SGN,SGN,Domestic,VJ,,
2026-05-30|VJ7707/VJ7707|A553|KHV-HAN-CXR|14:55,2026-05-30,VJ7707/VJ7707,A553,A321,KHV-HAN-CXR,14:25,14:55,14:25,14:55,14:05,14:27,14:28,14:50,00:30,00:23,EARLY,ONTIME,ONTIME,ONTIME,,,,,,,,,HAN,KHV,CXR,Domestic,VJ,,
2026-05-30|VJ933/VJ423|A551|NRT-HAN-PXU|15:05,2026-05-30,VJ933/VJ423,A551,A321,NRT-HAN-PXU,13:05,15:05,13:05,15:05,13:30,14:54,14:55,15:07,02:00,01:25,EARLY,ONTIME,ONTIME,DELAY,,,,,,,,,HAN,NRT,PXU,Domestic,VJ,,
2026-05-30|VJ440/VJ511|A629|PQC-HAN-DAD|15:15,2026-05-30,VJ440/VJ511,A629,A321,PQC-HAN-DAD,13:30,15:15,13:30,15:15,13:55,15:12,15:13,15:14,01:45,01:18,EARLY,ONTIME,ONTIME,DELAY,,,,,,,,,HAN,PQC,DAD,Domestic,VJ,,
2026-05-30|VJ138/VJ147|A676|SGN-HAN-SGN|15:45,2026-05-30,VJ138/VJ147,A676,A320,SGN-HAN-SGN,15:15,15:45,15:15,16:00,15:40,16:19,16:20,16:25,00:45,00:40,DELAY,DELAY,DELAY,DELAY,,93,00:05,49,00:15,,,WAIT MCC SIGN TECHLOG,HAN,SGN,SGN,Domestic,VJ,,
2026-05-30|VJ1494/VJ439|A642|BMV-HAN-UIH|15:45,2026-05-30,VJ1494/VJ439,A642,A321,BMV-HAN-UIH,15:15,15:45,15:15,15:45,14:50,15:34,15:35,15:39,00:30,00:45,EARLY,ONTIME,ONTIME,ONTIME,,,,,,,,,HAN,BMV,UIH,Domestic,VJ,,
2026-05-30|VJ906/VJ903|A699|KUL-HAN-BKK|15:45,2026-05-30,VJ906/VJ903,A699,A320,KUL-HAN-BKK,14:40,15:45,14:40,15:45,14:44,15:37,15:38,15:41,01:05,00:54,EARLY,ONTIME,ONTIME,ONTIME,,,,,,,,,HAN,KUL,BKK,International,VJ,,
2026-05-30|VJ939/VJ567|A554|KIX-HAN-HUI|15:55,2026-05-30,VJ939/VJ567,A554,A321,KIX-HAN-HUI,12:20,15:55,12:20,15:55,12:45,15:48,15:49,15:51,03:35,03:04,EARLY,ONTIME,ONTIME,DELAY,,,,,,,,,HAN,KIX,HUI,Domestic,VJ,,
2026-05-30|VJ1436/VJ773|A672|UIH-HAN-CXR|16:00,2026-05-30,VJ1436/VJ773,A672,A320,UIH-HAN-CXR,14:10,16:00,14:10,16:00,14:07,16:24,16:25,16:30,01:50,02:18,DELAY,DELAY,DELAY,ONTIME,,41,00:25,,,,,TECHNICAL CHECK,HAN,UIH,CXR,Domestic,VJ,,
2026-05-30|VJ142/VJ193|A544|SGN-HAN-SGN|16:30,2026-05-30,VJ142/VJ193,A544,A321,SGN-HAN-SGN,15:30,16:30,15:30,16:30,15:30,16:24,16:25,16:35,01:00,00:55,EARLY,ONTIME,ONTIME,ONTIME,,,,,,,,,HAN,SGN,SGN,Domestic,VJ,,
2026-05-30|VJ902/VJ465|A640|BKK-HAN-VCA|17:00,2026-05-30,VJ902/VJ465,A640,A321,BKK-HAN-VCA,15:50,17:00,15:50,17:00,16:15,16:57,16:58,17:00,01:10,00:43,EARLY,ONTIME,ONTIME,DELAY,,,,,,,,,HAN,BKK,VCA,Domestic,VJ,,
2026-05-30|VJ151|A645|HAN-SGN|17:10,2026-05-30,VJ151,A645,A321,HAN-SGN,,17:10,,17:10,,17:19,17:20,17:50,,,DELAY,ONTIME,DELAY,,,84,00:10,,,,,CTOT 1806,HAN,,SGN,Domestic,VJ,,
2026-05-30|VJ128/VJ1457|A535|SGN-HAN-PQC|17:10,2026-05-30,VJ128/VJ1457,A535,A321,SGN-HAN-PQC,11:50,17:10,12:15,17:10,13:10,17:09,17:10,17:13,04:55,04:00,ONTIME,ONTIME,ONTIME,DELAY,,,,,,,,,HAN,SGN,PQC,Domestic,VJ,,
2026-05-30|VJ508/VJ495|A671|DAD-HAN-BMV|17:30,2026-05-30,VJ508/VJ495,A671,A320,DAD-HAN-BMV,15:25,17:30,15:25,17:30,15:45,17:28,17:30,17:32,02:05,01:45,ONTIME,ONTIME,ONTIME,DELAY,,,,,,,,,HAN,DAD,BMV,Domestic,VJ,,
2026-05-30|VJ902/VJ1433|A640|BKK-HAN-UIH|17:40,2026-05-30,VJ902/VJ1433,A640,A321,BKK-HAN-UIH,15:50,17:40,15:50,17:40,16:15,17:39,17:40,17:40,01:50,01:25,ONTIME,ONTIME,ONTIME,DELAY,,,,,,,,,HAN,BKK,UIH,Domestic,VJ,,
2026-05-30|VJ140/VJ517|A643|SGN-HAN-DAD|17:55,2026-05-30,VJ140/VJ517,A643,A321,SGN-HAN-DAD,16:30,17:55,16:30,17:55,17:05,17:49,17:50,17:55,01:25,00:45,EARLY,ONTIME,ONTIME,DELAY,,,,,,,,,HAN,SGN,DAD,Domestic,VJ,,
2026-05-30|VJ772/VJ781|A549|CXR-HAN-CXR|18:45,2026-05-30,VJ772/VJ781,A549,A321,CXR-HAN-CXR,16:25,18:45,16:25,18:45,16:40,18:42,18:43,18:45,02:20,02:03,EARLY,ONTIME,ONTIME,ONTIME,,,,,,,,,HAN,CXR,CXR,Domestic,VJ,,
2026-05-30|VJ510/VJ1789|A550|DAD-HAN-CXR|18:45,2026-05-30,VJ510/VJ1789,A550,A321,DAD-HAN-CXR,14:35,18:45,14:35,18:45,14:40,18:39,18:40,18:47,04:10,04:00,EARLY,ONTIME,ONTIME,ONTIME,,,,,,,,,HAN,DAD,CXR,Domestic,VJ,,
2026-05-30|VJ528/VJ521|A630|DAD-HAN-DAD|18:55,2026-05-30,VJ528/VJ521,A630,A321,DAD-HAN-DAD,17:50,18:55,17:50,18:55,17:45,18:44,18:45,19:03,01:05,01:00,EARLY,ONTIME,ONTIME,ONTIME,,,,,,,,,HAN,DAD,DAD,Domestic,VJ,,
2026-05-30|VJ144/VJ1561|A525|SGN-HAN-HUI|19:15,2026-05-30,VJ144/VJ1561,A525,A321,SGN-HAN-HUI,18:35,19:15,18:35,19:15,18:45,19:09,19:10,19:15,00:40,00:25,EARLY,ONTIME,ONTIME,ONTIME,,,,,,,,,HAN,SGN,HUI,Domestic,VJ,,
2026-05-30|VJ136/VJ1127|A539|SGN-HAN-SGN|19:20,2026-05-30,VJ136/VJ1127,A539,A321,SGN-HAN-SGN,14:40,19:20,14:40,19:20,14:45,19:19,19:20,17:30,04:40,04:35,ONTIME,ONTIME,ONTIME,ONTIME,,,,,,,,,HAN,SGN,SGN,Domestic,VJ,,
2026-05-30|VJ568/VJ523|A554|HUI-HAN-DAD|19:40,2026-05-30,VJ568/VJ523,A554,A321,HUI-HAN-DAD,18:55,19:40,18:55,19:40,19:05,19:36,19:37,19:40,00:45,00:32,EARLY,ONTIME,ONTIME,ONTIME,,,,,,,,,HAN,HUI,DAD,Domestic,VJ,,
2026-05-30|VJ916/VJ971|A552|SIN-HAN-DEL|19:40,2026-05-30,VJ916/VJ971,A552,A321,SIN-HAN-DEL,17:25,19:40,17:25,19:40,17:25,19:34,19:35,19:40,02:15,02:10,EARLY,ONTIME,ONTIME,ONTIME,,,,,,,,,HAN,SIN,DEL,International,VJ,,
2026-05-30|VJ424/VJ519|A551|PXU-HAN-DAD|19:55,2026-05-30,VJ424/VJ519,A551,A321,PXU-HAN-DAD,18:45,19:55,18:45,19:55,18:50,19:48,19:49,19:54,01:10,00:59,EARLY,ONTIME,ONTIME,ONTIME,,,,,,,,,HAN,PXU,DAD,Domestic,VJ,,
2026-05-30|VJ150/VJ161|A812|SGN-HAN-SGN|20:55,2026-05-30,VJ150/VJ161,A812,A330,SGN-HAN-SGN,19:50,20:55,19:50,20:55,20:20,20:54,20:55,21:05,01:05,00:35,ONTIME,ONTIME,ONTIME,DELAY,,,,,,,,,HAN,SGN,SGN,Domestic,VJ,,
2026-05-30|VJ530/VJ1527|A542|DAD-HAN-DAD|21:25,2026-05-30,VJ530/VJ1527,A542,A321,DAD-HAN-DAD,20:40,21:25,20:40,21:25,20:35,21:19,21:20,21:21,00:45,00:45,EARLY,ONTIME,ONTIME,ONTIME,,,,,,,,,HAN,DAD,DAD,Domestic,VJ,,
2026-05-30|VJ194/VJ167|A662|SGN-HAN-SGN|22:45,2026-05-30,VJ194/VJ167,A662,A320,SGN-HAN-SGN,21:50,22:45,21:50,22:45,22:10,22:37,22:38,22:41,00:55,00:28,EARLY,ONTIME,ONTIME,DELAY,,,,,,,,,HAN,SGN,SGN,Domestic,VJ,,
2026-05-31|VJ7658/VJ7658|A554|HAN-BQS|00:20,2026-05-31,VJ7658/VJ7658,A554,A321,HAN-BQS,23:50,00:20,23:50,00:20,23:50,00:39,00:40,00:50,00:30,00:50,DELAY,DELAY,DELAY,ONTIME,,99,00:20,,,,,INACCURATE FUEL TICKET,HAN,,BQS,International,VJ,,
2026-05-31|VJ932|A551|HAN-NRT|00:30,2026-05-31,VJ932,A551,A321,HAN-NRT,,00:30,,00:30,,00:21,00:22,00:22,,,EARLY,ONTIME,ONTIME,,,,,,,,,,HAN,,NRT,International,VJ,,
2026-05-31|VJ7704/VJ7704|A549|HAN-VVO|00:45,2026-05-31,VJ7704/VJ7704,A549,A321,HAN-VVO,00:15,00:45,00:15,00:45,00:25,00:54,00:55,01:00,00:30,00:30,DELAY,ONTIME,ONTIME,ONTIME,,93,00:10,,,,,,HAN,,VVO,International,VJ,,
2026-05-31|VJ982|A640|HAN-PUS|01:05,2026-05-31,VJ982,A640,A321,HAN-PUS,,01:05,,01:05,,01:02,01:03,01:05,,,EARLY,ONTIME,ONTIME,,,,,,,,,,HAN,,PUS,International,VJ,,
2026-05-31|VJ938|A525|HAN-KIX|01:20,2026-05-31,VJ938,A525,A321,HAN-KIX,,01:20,,01:20,,01:14,01:15,01:20,,,EARLY,ONTIME,ONTIME,,,,,,,,,,HAN,,KIX,International,VJ,,
2026-05-31|VJ960|A200|HAN-ICN|01:40,2026-05-31,VJ960,A200,A321,HAN-ICN,,01:40,,01:40,,01:39,01:40,01:46,,,ONTIME,ONTIME,ONTIME,,,,,,,,,,HAN,,ICN,International,VJ,,
2026-05-31|VJ1980|A672|HAN-FSZ|02:40,2026-05-31,VJ1980,A672,A320,HAN-FSZ,,02:40,,02:40,,02:29,02:30,02:33,,,EARLY,ONTIME,ONTIME,,,,,,,,,,HAN,,FSZ,International,VJ,,
2026-05-31|VJ445|A643|HAN-PQC|05:30,2026-05-31,VJ445,A643,A321,HAN-PQC,,05:30,,05:30,,05:18,05:18,05:21,,,EARLY,ONTIME,ONTIME,,,,,,,,,,HAN,,PQC,Domestic,VJ,,
2026-05-31|VJ501|A642|HAN-DAD|05:40,2026-05-31,VJ501,A642,A321,HAN-DAD,,05:40,,05:40,,05:34,05:35,05:45,,,EARLY,ONTIME,ONTIME,,,,,,,,,,HAN,,DAD,Domestic,VJ,,
2026-05-31|VJ771|A636|HAN-CXR|05:45,2026-05-31,VJ771,A636,A321,HAN-CXR,,05:45,,05:45,,05:34,05:35,05:50,,,EARLY,ONTIME,ONTIME,,,,,,,,,,HAN,,CXR,Domestic,VJ,,
2026-05-31|VJ121|A629|HAN-SGN|06:00,2026-05-31,VJ121,A629,A321,HAN-SGN,,06:00,,06:00,,05:54,05:55,06:05,,,EARLY,ONTIME,ONTIME,,,,,,,,,,HAN,,SGN,Domestic,VJ,,
2026-05-31|VJ431|A699|HAN-UIH|06:05,2026-05-31,VJ431,A699,A320,HAN-UIH,,06:05,,06:05,,05:59,06:00,06:05,,,EARLY,ONTIME,ONTIME,,,,,,,,,,HAN,,UIH,Domestic,VJ,,
2026-05-31|VJ952|A675|HAN-HIJ|06:15,2026-05-31,VJ952,A675,A320,HAN-HIJ,,06:15,,06:15,,06:09,06:10,06:20,,,EARLY,ONTIME,ONTIME,,,,,,,,,,HAN,,HIJ,International,VJ,,
2026-05-31|VJ461|A669|HAN-VCA|06:45,2026-05-31,VJ461,A669,A320,HAN-VCA,,06:45,,06:45,,06:39,06:40,06:45,,,EARLY,ONTIME,ONTIME,,,,,,,,,,HAN,,VCA,Domestic,VJ,,
2026-05-31|VJ125|A670|HAN-SGN|07:00,2026-05-31,VJ125,A670,A321,HAN-SGN,,07:00,,07:00,,06:54,06:55,06:59,,,EARLY,ONTIME,ONTIME,,,,,,,,,,HAN,,SGN,Domestic,VJ,,
2026-05-31|VJ421|A651|HAN-PXU|07:10,2026-05-31,VJ421,A651,A321,HAN-PXU,,07:10,,07:10,,07:02,07:03,07:10,,,EARLY,ONTIME,ONTIME,,,,,,,,,,HAN,,PXU,Domestic,VJ,,
2026-05-31|VJ197|A553|HAN-SGN|07:20,2026-05-31,VJ197,A553,A321,HAN-SGN,,07:20,,07:20,,07:11,07:12,07:20,,,EARLY,ONTIME,ONTIME,,,,,,,,,,HAN,,SGN,Domestic,VJ,,
2026-05-31|VJ905|A666|HAN-KUL|07:25,2026-05-31,VJ905,A666,A320,HAN-KUL,,07:25,,07:25,,07:19,07:20,07:30,,,EARLY,ONTIME,ONTIME,,,,,,,,,,HAN,,KUL,International,VJ,,
2026-05-31|VJ503|A550|HAN-DAD|07:30,2026-05-31,VJ503,A550,A321,HAN-DAD,,07:30,,07:30,,07:17,07:19,07:22,,,EARLY,ONTIME,ONTIME,,,,,,,,,,HAN,,DAD,Domestic,VJ,,
2026-05-31|VJ929|A536|HAN-CGK|08:40,2026-05-31,VJ929,A536,A321,HAN-CGK,,08:40,,08:40,,08:36,08:37,08:42,,,EARLY,ONTIME,ONTIME,,,,,,,,,,HAN,,CGK,International,VJ,,
2026-05-31|VJ124/VJ129|A689|SGN-HAN-SGN|08:45,2026-05-31,VJ124/VJ129,A689,A320,SGN-HAN-SGN,08:15,08:45,08:15,08:45,08:00,08:29,08:30,08:32,00:30,00:30,EARLY,ONTIME,ONTIME,ONTIME,,,,,,,,,HAN,SGN,SGN,Domestic,VJ,,
2026-05-31|VJ447|A630|HAN-PQC|08:45,2026-05-31,VJ447,A630,A321,HAN-PQC,,08:45,,08:45,,08:41,08:43,08:45,,,EARLY,ONTIME,ONTIME,,,,,,,,,,HAN,,PQC,Domestic,VJ,,
2026-05-31|VJ505|A661|HAN-DAD|09:05,2026-05-31,VJ505,A661,A321,HAN-DAD,,09:05,,09:05,,09:02,09:03,09:07,,,EARLY,ONTIME,ONTIME,,,,,,,,,,HAN,,DAD,Domestic,VJ,,
2026-05-31|VJ1435|A658|HAN-UIH|09:05,2026-05-31,VJ1435,A658,A320,HAN-UIH,,09:05,,09:05,,08:59,09:00,09:02,,,EARLY,ONTIME,ONTIME,,,,,,,,,,HAN,,UIH,Domestic,VJ,,
2026-05-31|VJ514/VJ563|A642|DAD-HAN-HUI|09:20,2026-05-31,VJ514/VJ563,A642,A321,DAD-HAN-HUI,08:50,09:20,08:50,09:20,09:00,09:24,09:25,09:30,00:30,00:25,DELAY,ONTIME,ONTIME,ONTIME,,93,00:05,,,,,,HAN,DAD,HUI,Domestic,VJ,,
2026-05-31|VJ915|A528|HAN-SIN|09:35,2026-05-31,VJ915,A528,A321,HAN-SIN,,09:35,,09:35,,09:34,09:35,09:42,,,ONTIME,ONTIME,ONTIME,,,,,,,,,,HAN,,SIN,International,VJ,,
2026-05-31|VJ126/VJ463|A662|SGN-HAN-VCA|10:20,2026-05-31,VJ126/VJ463,A662,A320,SGN-HAN-VCA,09:40,10:20,09:40,10:20,09:50,10:19,10:20,10:25,00:40,00:30,ONTIME,ONTIME,ONTIME,ONTIME,,,,,,,,,HAN,SGN,VCA,Domestic,VJ,,
2026-05-31|VJ131|A535|HAN-SGN|10:25,2026-05-31,VJ131,A535,A321,HAN-SGN,,10:25,,10:25,,10:24,10:25,10:40,,,ONTIME,ONTIME,ONTIME,,,,,,,,,,HAN,,SGN,Domestic,VJ,,
2026-05-31|VJ430/VJ1437|A699|UIH-HAN-UIH|10:25,2026-05-31,VJ430/VJ1437,A699,A320,UIH-HAN-UIH,09:50,10:25,09:50,10:25,09:35,10:12,10:14,10:15,00:35,00:39,EARLY,ONTIME,ONTIME,ONTIME,,,,,,,,,HAN,UIH,UIH,Domestic,VJ,,
2026-05-31|VJ972/VJ997|A552|DEL-HAN-DPS|10:25,2026-05-31,VJ972/VJ997,A552,A321,DEL-HAN-DPS,05:40,10:25,05:40,10:25,06:00,10:21,10:22,10:26,04:45,04:22,EARLY,ONTIME,ONTIME,DELAY,,,,,,,,,HAN,DEL,DPS,International,VJ,,
2026-05-31|VJ1508/VJ1493|A649|DAD-HAN-BMV|10:30,2026-05-31,VJ1508/VJ1493,A649,A321,DAD-HAN-BMV,08:20,10:30,08:20,10:30,08:15,10:26,10:28,10:32,02:10,02:13,EARLY,ONTIME,ONTIME,ONTIME,,,,,,,,,HAN,DAD,BMV,Domestic,VJ,,
2026-05-31|VJ448/VJ901|A643|PQC-HAN-BKK|11:10,2026-05-31,VJ448/VJ901,A643,A321,PQC-HAN-BKK,10:15,11:10,10:15,11:10,10:10,10:59,11:00,11:05,00:55,00:50,EARLY,ONTIME,ONTIME,ONTIME,,,,,,,,,HAN,PQC,BKK,International,VJ,,
2026-05-31|VJ524/VJ507|A550|DAD-HAN-DAD|11:10,2026-05-31,VJ524/VJ507,A550,A321,DAD-HAN-DAD,10:40,11:10,10:40,11:10,10:50,11:17,11:18,11:22,00:30,00:28,DELAY,ONTIME,ONTIME,ONTIME,,93,00:08,,,,,,HAN,DAD,DAD,Domestic,VJ,,
2026-05-31|VJ422/VJ451|A651|PXU-HAN-PQC|11:45,2026-05-31,VJ422/VJ451,A651,A321,PXU-HAN-PQC,10:50,11:45,10:50,11:45,10:50,11:34,11:35,11:39,00:55,00:45,EARLY,ONTIME,ONTIME,ONTIME,,,,,,,,,HAN,PXU,PQC,Domestic,VJ,,
2026-05-31|VJ130/VJ133|A814|SGN-HAN-SGN|11:50,2026-05-31,VJ130/VJ133,A814,A330,SGN-HAN-SGN,10:50,11:50,10:50,11:50,11:00,11:49,11:50,11:54,01:00,00:50,ONTIME,ONTIME,ONTIME,ONTIME,,,,,,,,,HAN,SGN,SGN,Domestic,VJ,,
2026-05-31|VJ462/VJ515|A669|VCA-HAN-DAD|12:10,2026-05-31,VJ462/VJ515,A669,A320,VCA-HAN-DAD,11:40,12:10,11:40,12:10,10:50,12:14,12:15,12:25,00:30,01:25,DELAY,ONTIME,ONTIME,ONTIME,,,,,,,,,HAN,VCA,DAD,Domestic,VJ,,
2026-05-31|VJ137|A647|HAN-SGN|12:20,2026-05-31,VJ137,A647,A321,HAN-SGN,,12:20,,12:20,,12:17,12:18,12:24,,,EARLY,ONTIME,ONTIME,,,,,,,,,,HAN,,SGN,Domestic,VJ,,
2026-05-31|VJ128/VJ453|A670|SGN-HAN-PQC|13:00,2026-05-31,VJ128/VJ453,A670,A321,SGN-HAN-PQC,11:50,13:00,11:50,13:00,12:02,12:52,12:54,12:56,01:10,00:52,EARLY,ONTIME,ONTIME,ONTIME,,,,,,,,,HAN,SGN,PQC,Domestic,VJ,,
2026-05-31|VJ981/VJ787|A640|PUS-HAN-CXR|13:10,2026-05-31,VJ981/VJ787,A640,A321,PUS-HAN-CXR,10:40,13:10,10:40,13:10,10:25,13:02,13:03,13:05,02:30,02:38,EARLY,ONTIME,ONTIME,ONTIME,,,,,,,,,HAN,PUS,CXR,Domestic,VJ,,
2026-05-31|VJ7705/VJ7705|A549|VVO-HAN-CXR|13:15,2026-05-31,VJ7705/VJ7705,A549,A321,VVO-HAN-CXR,12:45,13:15,12:45,13:15,13:05,13:28,13:29,13:45,00:30,00:24,DELAY,ONTIME,DELAY,DELAY,,,,,,,,,HAN,VVO,CXR,Domestic,VJ,,
2026-05-31|VJ7659/VJ7659|A554|BQS-HAN-DAD|13:15,2026-05-31,VJ7659/VJ7659,A554,A321,BQS-HAN-DAD,12:45,13:15,12:45,13:50,13:15,13:33,13:35,13:37,01:05,00:20,EARLY,ONTIME,DELAY,DELAY,,,,,,,,,HAN,BQS,DAD,Domestic,VJ,,
2026-05-31|VJ1432/VJ509|A658|UIH-HAN-DAD|13:20,2026-05-31,VJ1432/VJ509,A658,A320,UIH-HAN-DAD,12:50,13:20,12:50,13:20,12:45,13:09,13:10,13:16,00:30,00:25,EARLY,ONTIME,ONTIME,ONTIME,,,,,,,,,HAN,UIH,DAD,Domestic,VJ,,
2026-05-31|VJ770/VJ948|A636|CXR-HAN-RMQ|13:30,2026-05-31,VJ770/VJ948,A636,A321,CXR-HAN-RMQ,09:55,13:30,09:55,13:30,11:05,13:29,13:30,13:35,03:35,02:25,ONTIME,ONTIME,ONTIME,DELAY,,,,,,,,,HAN,CXR,RMQ,International,VJ,,
2026-05-31|VJ564/VJ191|A642|HUI-HAN-SGN|13:40,2026-05-31,VJ564/VJ191,A642,A321,HUI-HAN-SGN,12:20,13:40,12:20,13:40,12:30,13:37,13:38,13:42,01:20,01:08,EARLY,ONTIME,ONTIME,ONTIME,,,,,,,,,HAN,HUI,SGN,Domestic,VJ,,
2026-05-31|VJ149|A546|HAN-SGN|13:40,2026-05-31,VJ149,A546,A321,HAN-SGN,,13:40,,13:40,,13:37,13:38,13:46,,,EARLY,ONTIME,ONTIME,,,,,,,,,,HAN,,SGN,Domestic,VJ,,
2026-05-31|VJ939/VJ525|A525|KIX-HAN-DAD|14:05,2026-05-31,VJ939/VJ525,A525,A321,KIX-HAN-DAD,12:20,14:05,12:20,14:05,12:30,14:01,14:02,14:04,01:45,01:32,EARLY,ONTIME,ONTIME,ONTIME,,,,,,,,,HAN,KIX,DAD,Domestic,VJ,,
2026-05-31|VJ506/VJ942|A661|DAD-HAN-TPE|14:25,2026-05-31,VJ506/VJ942,A661,A321,DAD-HAN-TPE,12:15,14:25,12:15,14:25,12:40,14:24,14:25,14:30,02:10,01:45,ONTIME,ONTIME,ONTIME,DELAY,,,,,,,,,HAN,DAD,TPE,International,VJ,,
2026-05-31|VJ933/VJ946|A551|NRT-HAN-KHH|14:35,2026-05-31,VJ933/VJ946,A551,A321,NRT-HAN-KHH,13:05,14:35,13:05,14:35,13:25,14:39,14:40,14:45,01:30,01:15,DELAY,ONTIME,ONTIME,DELAY,,15A,00:05,,,,,OFFLOAD 01 PAX 01 PCS,HAN,NRT,KHH,International,VJ,,
2026-05-31|VJ1504/VJ1505|A543|DAD-HAN-DAD|14:35,2026-05-31,VJ1504/VJ1505,A543,A321,DAD-HAN-DAD,14:00,14:35,14:00,14:45,14:00,14:43,14:45,14:49,00:45,00:45,ONTIME,ONTIME,ONTIME,ONTIME,,,,,,,,,HAN,DAD,DAD,Domestic,VJ,,
2026-05-31|VJ440/VJ145|A630|PQC-HAN-SGN|14:40,2026-05-31,VJ440/VJ145,A630,A321,PQC-HAN-SGN,13:30,14:40,13:30,14:40,14:05,14:39,14:40,14:45,01:10,00:35,ONTIME,ONTIME,ONTIME,DELAY,,,,,,,,,HAN,PQC,SGN,Domestic,VJ,,
2026-05-31|VJ961/VJ423|A200|ICN-HAN-PXU|15:05,2026-05-31,VJ961/VJ423,A200,A321,ICN-HAN-PXU,13:35,15:05,13:35,15:05,13:40,14:52,14:53,15:08,01:30,01:13,EARLY,ONTIME,ONTIME,ONTIME,,,,,,,,,HAN,ICN,PXU,Domestic,VJ,,
2026-05-31|VJ1494/VJ511|A649|BMV-HAN-DAD|15:05,2026-05-31,VJ1494/VJ511,A649,A321,BMV-HAN-DAD,14:30,15:05,14:30,15:05,14:45,15:09,15:10,15:19,00:35,00:25,DELAY,ONTIME,ONTIME,ONTIME,,,,,,,,,HAN,BMV,DAD,Domestic,VJ,,
2026-05-31|VJ464/VJ439|A662|VCA-HAN-UIH|15:40,2026-05-31,VJ464/VJ439,A662,A320,VCA-HAN-UIH,15:10,15:40,15:10,15:40,15:25,15:48,15:49,15:55,00:30,00:24,DELAY,ONTIME,ONTIME,ONTIME,,93,00:09,,,,,,HAN,VCA,UIH,Domestic,VJ,,
2026-05-31|VJ2924/VJ2924|A553|DAD-HAN-BAX|15:40,2026-05-31,VJ2924/VJ2924,A553,A321,DAD-HAN-BAX,15:10,15:40,15:10,15:40,15:25,15:54,15:55,15:55,00:30,00:30,DELAY,ONTIME,ONTIME,ONTIME,,93,00:15,,,,,,HAN,DAD,BAX,International,VJ,,
2026-05-31|VJ138/VJ147|A632|SGN-HAN-SGN|15:45,2026-05-31,VJ138/VJ147,A632,A321,SGN-HAN-SGN,15:15,15:45,15:15,15:45,15:10,15:43,15:45,15:55,00:30,00:35,ONTIME,ONTIME,ONTIME,ONTIME,,,,,,,,,HAN,SGN,SGN,Domestic,VJ,,
2026-05-31|VJ1981/VJ903|A672|FSZ-HAN-BKK|15:45,2026-05-31,VJ1981/VJ903,A672,A320,FSZ-HAN-BKK,14:00,15:45,14:00,15:45,13:55,15:42,15:43,15:45,01:45,01:48,EARLY,ONTIME,ONTIME,ONTIME,,,,,,,,,HAN,FSZ,BKK,International,VJ,,
2026-05-31|VJ1436/VJ567|A699|UIH-HAN-HUI|15:55,2026-05-31,VJ1436/VJ567,A699,A320,UIH-HAN-HUI,14:10,15:55,14:10,15:55,13:50,15:54,15:55,15:59,01:45,02:05,ONTIME,ONTIME,ONTIME,ONTIME,,,,,,,,,HAN,UIH,HUI,Domestic,VJ,,
2026-05-31|VJ508/VJ773|A669|DAD-HAN-CXR|16:00,2026-05-31,VJ508/VJ773,A669,A320,DAD-HAN-CXR,15:25,16:00,15:25,16:00,16:15,16:34,16:35,16:40,00:35,00:20,DELAY,DELAY,DELAY,DELAY,,93,00:35,,,,,,HAN,DAD,CXR,Domestic,VJ,,
2026-05-31|VJ140/VJ151|A535|SGN-HAN-SGN|16:50,2026-05-31,VJ140/VJ151,A535,A321,SGN-HAN-SGN,16:20,16:50,16:20,16:50,16:25,16:54,16:55,17:03,00:30,00:30,DELAY,ONTIME,ONTIME,ONTIME,,93,00:05,,,,,,HAN,SGN,SGN,Domestic,VJ,,
2026-05-31|VJ1494/VJ465|A649|BMV-HAN-VCA|17:00,2026-05-31,VJ1494/VJ465,A649,A321,BMV-HAN-VCA,14:30,17:00,14:30,17:00,14:49,16:54,16:55,17:00,02:30,02:06,EARLY,ONTIME,ONTIME,DELAY,,,,,,,,,HAN,BMV,VCA,Domestic,VJ,,
2026-05-31|VJ906/VJ1457|A666|KUL-HAN-PQC|17:10,2026-05-31,VJ906/VJ1457,A666,A320,KUL-HAN-PQC,14:40,17:10,14:40,17:10,15:02,17:08,17:09,17:12,02:30,02:07,EARLY,ONTIME,ONTIME,DELAY,,,,,,,,,HAN,KUL,PQC,Domestic,VJ,,
2026-05-31|VJ530/VJ495|A658|DAD-HAN-BMV|17:30,2026-05-31,VJ530/VJ495,A658,A320,DAD-HAN-BMV,16:30,17:30,16:30,17:30,16:40,17:29,17:30,17:35,01:00,00:50,ONTIME,ONTIME,ONTIME,ONTIME,,,,,,,,,HAN,DAD,BMV,Domestic,VJ,,
2026-05-31|VJ953/VJ1433|A675|HIJ-HAN-UIH|17:40,2026-05-31,VJ953/VJ1433,A675,A320,HIJ-HAN-UIH,16:10,17:40,16:10,17:40,16:10,17:39,17:40,17:48,01:30,01:30,ONTIME,ONTIME,ONTIME,ONTIME,,,,,,,,,HAN,HIJ,UIH,Domestic,VJ,,
2026-05-31|VJ774/VJ517|A640|CXR-HAN-DAD|17:45,2026-05-31,VJ774/VJ517,A640,A321,CXR-HAN-DAD,17:15,17:45,17:15,18:10,17:40,18:09,18:10,18:14,00:55,00:30,ONTIME,ONTIME,DELAY,DELAY,,,,,,,,,HAN,CXR,DAD,Domestic,VJ,,
2026-05-31|VJ528/VJ1153|A525|DAD-HAN-SGN|18:05,2026-05-31,VJ528/VJ1153,A525,A321,DAD-HAN-SGN,17:25,18:05,17:25,18:05,17:35,18:04,18:05,18:12,00:40,00:30,ONTIME,ONTIME,ONTIME,ONTIME,,,,,,,,,HAN,DAD,SGN,Domestic,VJ,,
2026-05-31|VJ456/VJ781|A661|PQC-HAN-CXR|18:15,2026-05-31,VJ456/VJ781,A661,A321,PQC-HAN-CXR,17:45,18:15,17:45,18:15,17:45,18:14,18:15,18:17,00:30,00:30,ONTIME,ONTIME,ONTIME,ONTIME,,,,,,,,,HAN,PQC,CXR,Domestic,VJ,,
2026-05-31|VJ512/VJ521|A629|DAD-HAN-DAD|18:45,2026-05-31,VJ512/VJ521,A629,A321,DAD-HAN-DAD,18:15,18:45,18:15,19:15,18:45,19:11,19:12,19:15,01:00,00:27,EARLY,ONTIME,DELAY,DELAY,,,,,,,,,HAN,DAD,DAD,Domestic,VJ,,
2026-05-31|VJ510/VJ1789|A550|DAD-HAN-CXR|18:45,2026-05-31,VJ510/VJ1789,A550,A321,DAD-HAN-CXR,14:35,18:45,14:35,18:45,15:00,18:42,18:43,18:45,04:10,03:43,EARLY,ONTIME,ONTIME,DELAY,,,,,,,,,HAN,DAD,CXR,Domestic,VJ,,
2026-05-31|VJ424/VJ1561|A200|PXU-HAN-HUI|19:15,2026-05-31,VJ424/VJ1561,A200,A321,PXU-HAN-HUI,18:45,19:15,18:45,19:15,19:00,19:23,19:24,19:30,00:30,00:24,DELAY,ONTIME,ONTIME,ONTIME,,93,00:09,,,,,,HAN,PXU,HUI,Domestic,VJ,,
2026-05-31|VJ198/VJ1127|A543|SGN-HAN-SGN|19:20,2026-05-31,VJ198/VJ1127,A543,A321,SGN-HAN-SGN,12:40,19:20,12:40,19:20,12:50,19:18,19:20,19:21,06:40,06:30,ONTIME,ONTIME,ONTIME,ONTIME,,,,,,,,,HAN,SGN,SGN,Domestic,VJ,,
2026-05-31|VJ144/VJ519|A644|SGN-HAN-DAD|19:25,2026-05-31,VJ144/VJ519,A644,A321,SGN-HAN-DAD,18:25,19:25,18:25,19:25,18:35,19:14,19:15,19:18,01:00,00:40,EARLY,ONTIME,ONTIME,ONTIME,,,,,,,,,HAN,SGN,DAD,Domestic,VJ,,
2026-05-31|VJ568/VJ523|A699|HUI-HAN-DAD|19:40,2026-05-31,VJ568/VJ523,A699,A320,HUI-HAN-DAD,18:55,19:40,18:55,19:40,19:10,19:34,19:35,19:40,00:45,00:25,EARLY,ONTIME,ONTIME,ONTIME,,,,,,,,,HAN,HUI,DAD,Domestic,VJ,,
2026-05-31|VJ928/VJ1925|A536|CGK-HAN-AMD|19:45,2026-05-31,VJ928/VJ1925,A536,A321,CGK-HAN-AMD,18:15,19:45,18:15,19:45,18:30,19:44,19:45,19:54,01:30,01:15,ONTIME,ONTIME,ONTIME,ONTIME,,,,,,,,,HAN,CGK,AMD,International,VJ,,
2026-05-31|VJ7614/VJ7614|A549|CXR-HAN-BQS|19:50,2026-05-31,VJ7614/VJ7614,A549,A321,CXR-HAN-BQS,19:20,19:50,19:20,19:50,19:20,19:49,19:50,20:00,00:30,00:30,ONTIME,ONTIME,ONTIME,ONTIME,,,,,,,,,HAN,CXR,BQS,International,VJ,,
2026-05-31|VJ452/VJ455|A544|PQC-HAN-PQC|20:05,2026-05-31,VJ452/VJ455,A544,A321,PQC-HAN-PQC,16:05,20:05,16:05,20:05,16:45,19:59,20:00,20:10,04:00,03:15,EARLY,ONTIME,ONTIME,DELAY,,,,,,,,,HAN,PQC,PQC,Domestic,VJ,,
2026-05-31|VJ150/VJ161|A646|SGN-HAN-SGN|20:55,2026-05-31,VJ150/VJ161,A646,A320,SGN-HAN-SGN,20:00,20:55,20:00,20:55,20:00,20:50,20:51,20:55,00:55,00:51,EARLY,ONTIME,ONTIME,ONTIME,,,,,,,,,HAN,SGN,SGN,Domestic,VJ,,
2026-05-31|VJ904/VJ1527|A672|BKK-HAN-DAD|21:25,2026-05-31,VJ904/VJ1527,A672,A320,BKK-HAN-DAD,20:25,21:25,20:25,21:25,20:45,21:19,21:20,21:25,01:00,00:35,EARLY,ONTIME,ONTIME,DELAY,,,,,,,,,HAN,BKK,DAD,Domestic,VJ,,
2026-05-31|VJ454/VJ7526|A651|PQC-HAN-CAN|22:30,2026-05-31,VJ454/VJ7526,A651,A321,PQC-HAN-CAN,16:45,22:30,16:45,22:30,16:50,22:29,22:30,22:40,05:45,05:40,ONTIME,ONTIME,ONTIME,ONTIME,,,,,,,,,HAN,PQC,CAN,International,VJ,,
2026-05-31|VJ154/VJ1503|A632|SGN-HAN-DAD|22:35,2026-05-31,VJ154/VJ1503,A632,A321,SGN-HAN-DAD,20:55,22:35,20:55,22:35,20:55,22:32,22:33,22:34,01:40,01:38,EARLY,ONTIME,ONTIME,ONTIME,,,,,,,,,HAN,SGN,DAD,Domestic,VJ,,
2026-05-31|VJ167|A643|HAN-SGN|22:45,2026-05-31,VJ167,A643,A321,HAN-SGN,,22:45,,23:05,,00:04,00:05,"1 day, 0:15:00",,,DELAY,DELAY,DELAY,,,95,01:00,,,,,CREW FROM VJ194 OB 2339,HAN,,SGN,Domestic,VJ,,
2026-05-31|VJ949/VJ962|A636|RMQ-HAN-ICN|23:15,2026-05-31,VJ949/VJ962,A636,A321,RMQ-HAN-ICN,19:50,23:15,19:50,23:15,20:05,23:19,23:20,23:30,03:25,03:15,DELAY,ONTIME,ONTIME,ONTIME,,15A,00:05,,,,,OFFLOAD 04 PAX 02 PCS,HAN,RMQ,ICN,International,VJ,,
