id,date,flight,reg,type,route,sta,std,eta,etd,onC,dc,offC,aobt,groundTime,tat,otpETD1,otpETD15,otpSTD,otaSTA,doorEarly5,code1,min1,code2,min2,code3,min3,bdcall,bdcomplete,TECHSTOP,delayReason,originReport,origin,destination,market,airline,updatedAt,updatedBy,COL_39,COL_40,COL_41,COL_42,COL_43,COL_44,COL_45,COL_46,COL_47,COL_48
,2026-06-01,____/VJ932,A552,A321,HAN-NRT,,00:30,,00:30,,00:29,00:30,00:35,,,ONTIME,ONTIME,ONTIME,,,,,,,,,23:45,00:27,,,HAN,HAN,NRT,International,VJ,,,,,,,,,,,,
,2026-06-01,VJ2978/VJ2978,A580,A321,HAN-VVO,00:15,00:45,00:15,00:45,00:25,00:51,00:52,00:55,00:30,00:27,DELAY,ONTIME,ONTIME,ONTIME,,93,00:07,,,,,,,X,,HAN,HAN,VVO,International,VJ,,,,,,,,,,,,
,2026-06-01,____/VJ982,A670,A321,HAN-PUS,,01:05,,01:05,,01:03,01:04,01:07,,,EARLY,ONTIME,ONTIME,,,,,,,,,00:15,01:00,,,HAN,HAN,PUS,International,VJ,,,,,,,,,,,,
,2026-06-01,____/VJ938,A200,A321,HAN-KIX,,01:20,,01:20,,01:09,01:10,01:15,,,EARLY,ONTIME,ONTIME,,,,,,,,,00:30,01:07,,,HAN,HAN,KIX,International,VJ,,,,,,,,,,,,
,2026-06-01,____/VJ960,A629,A321,HAN-ICN,,01:40,,01:40,,01:33,01:35,01:35,,,EARLY,ONTIME,ONTIME,,,,,,,,,00:50,01:32,,,HAN,HAN,ICN,International,VJ,,,,,,,,,,,,
,2026-06-01,____/VJ920,A551,A321,HAN-NGO,,01:40,,01:40,,01:34,01:35,01:38,,,EARLY,ONTIME,ONTIME,,,,,,,,,00:50,01:32,,,HAN,HAN,NGO,International,VJ,,,,,,,,,,,,
,2026-06-01,____/VJ123,A675,A320,HAN-SGN,,05:30,,05:30,,05:24,05:25,05:30,,,EARLY,ONTIME,ONTIME,,,,,,,,,04:40,05:20,,,HAN,HAN,SGN,Domestic,VJ,,,,,,,,,,,,
,2026-06-01,____/VJ1445,A699,A320,HAN-PQC,,05:30,,05:30,,05:23,05:25,05:30,,,EARLY,ONTIME,ONTIME,,,,,,,,,04:42,05:20,,,HAN,HAN,PQC,Domestic,VJ,,,,,,,,,,,,
,2026-06-01,____/VJ501,A649,A321,HAN-DAD,,05:40,,05:40,,05:34,05:35,05:40,,,EARLY,ONTIME,ONTIME,,,,,,,,,04:50,05:30,,,HAN,HAN,DAD,Domestic,VJ,,,,,,,,,,,,
,2026-06-01,____/VJ771,A658,A320,HAN-CXR,,05:45,,05:45,,05:39,05:40,05:48,,,EARLY,ONTIME,ONTIME,,,,,,,,,05:00,05:36,,,HAN,HAN,CXR,Domestic,VJ,,,,,,,,,,,,
,2026-06-01,____/VJ121,A539,A321,HAN-SGN,,06:00,,06:00,,05:54,05:55,06:05,,,EARLY,ONTIME,ONTIME,,,,,,,,,05:10,05:50,,,HAN,HAN,SGN,Domestic,VJ,,,,,,,,,,,,
,2026-06-01,____/VJ491,A550,A321,HAN-BMV,,06:00,,06:00,,05:54,05:55,06:04,,,EARLY,ONTIME,ONTIME,,,,,,,,,05:15,05:52,,,HAN,HAN,BMV,Domestic,VJ,,,,,,,,,,,,
,2026-06-01,____/VJ431,A655,A320,HAN-UIH,,06:05,,06:05,,05:59,06:00,06:03,,,EARLY,ONTIME,ONTIME,,,,,,,,,05:20,05:55,,,HAN,HAN,UIH,Domestic,VJ,,,,,,,,,,,,
,2026-06-01,____/VJ531,A644,A321,HAN-DAD,,06:30,,06:30,,06:24,06:25,06:30,,,EARLY,ONTIME,ONTIME,,,,,,,,,05:40,06:20,,,HAN,HAN,DAD,Domestic,VJ,,,,,,,,,,,,
,2026-06-01,____/VJ449,A666,A320,HAN-PQC,,06:30,,06:30,,06:24,06:25,06:30,,,EARLY,ONTIME,ONTIME,,,,,,,,,05:45,06:20,,,HAN,HAN,PQC,Domestic,VJ,,,,,,,,,,,,
,2026-06-01,VJ7527/VJ461,A651,A321,CAN-HAN-VCA,03:05,06:45,03:05,06:45,03:32,06:39,06:40,06:45,03:40,03:08,EARLY,ONTIME,ONTIME,DELAY,,,,,,,,05:45,06:35,,,HAN,CAN,VCA,Domestic,VJ,,,,,,,,,,,,
,2026-06-01,____/VJ125,A640,A321,HAN-SGN,,07:00,,07:00,,06:54,06:55,07:05,,,EARLY,ONTIME,ONTIME,,,,,,,,,06:05,06:52,,,HAN,HAN,SGN,Domestic,VJ,,,,,,,,,,,,
,2026-06-01,____/VJ1771,A528,A321,HAN-CXR,,07:00,,07:00,,06:54,06:55,07:05,,,EARLY,ONTIME,ONTIME,,,,,,,,,06:10,06:52,,,HAN,HAN,CXR,Domestic,VJ,,,,,,,,,,,,
,2026-06-01,____/VJ421,A668,A320,HAN-PXU,,07:10,,07:10,,07:04,07:05,07:15,,,EARLY,ONTIME,ONTIME,,,,,,,,,06:20,07:02,,,HAN,HAN,PXU,Domestic,VJ,,,,,,,,,,,,
,2026-06-01,____/VJ197,A669,A320,HAN-SGN,,07:20,,07:20,,07:14,07:15,07:17,,,EARLY,ONTIME,ONTIME,,,,,,,,,06:40,07:12,,,HAN,HAN,SGN,Domestic,VJ,,,,,,,,,,,,
,2026-06-01,____/VJ905,A662,A320,HAN-KUL,,07:25,,07:25,,07:19,07:20,07:23,,,EARLY,ONTIME,ONTIME,,,,,,,,,06:45,07:18,,,HAN,HAN,KUL,International,VJ,,,,,,,,,,,,
,2026-06-01,VJ1500/VJ503,A500,A321,DAD-HAN-DAD,07:00,07:30,07:00,07:30,07:05,07:29,07:30,07:40,00:30,00:25,ONTIME,ONTIME,ONTIME,ONTIME,,,,,,,,07:00,07:28,,,HAN,DAD,DAD,Domestic,VJ,,,,,,,,,,,,
,2026-06-01,____/VJ934,A547,A321,HAN-NRT,,07:55,,07:55,,07:54,07:55,08:05,,,ONTIME,ONTIME,ONTIME,,,,,,,,,07:05,07:52,,,HAN,HAN,NRT,International,VJ,,,,,,,,,,,,
,2026-06-01,____/VJ929,A633,A321,HAN-CGK,,08:40,,08:40,,08:34,08:35,08:36,,,EARLY,ONTIME,ONTIME,,,,,,,,,08:00,08:30,,,HAN,HAN,CGK,International,VJ,,,,,,,,,,,,
,2026-06-01,____/VJ447,A697,A321,HAN-PQC,,08:45,,08:45,,08:51,08:52,09:00,,,DELAY,ONTIME,ONTIME,,,3,00:07,,,,,08:00,08:50,,DL03 CHECK-IN SYSTEM ERROR,HAN,HAN,PQC,Domestic,VJ,,,,,,,,,,,,
,2026-06-01,VJ1508/VJ1435,A672,A320,DAD-HAN-UIH,08:20,08:50,08:20,08:50,08:15,08:49,08:50,09:05,00:30,00:35,ONTIME,ONTIME,ONTIME,ONTIME,,,,,,,,08:10,08:48,,,HAN,DAD,UIH,Domestic,VJ,,,,,,,,,,,,
,2026-06-01,VJ7615/VJ7615,A549,A321,BQS-HAN-CXR,08:20,08:50,08:20,08:50,08:40,09:18,09:20,09:30,00:30,00:40,DELAY,DELAY,DELAY,DELAY,,93,00:20,41,00:10,,,,,X,,HAN,BQS,CXR,Domestic,VJ,,,,,,,,,,,,
,2026-06-01,VJ2925/VJ2925,A553,A321,BAX-HAN-DAD,08:30,09:00,08:30,09:00,08:50,09:12,09:13,09:29,00:30,00:23,DELAY,ONTIME,DELAY,DELAY,,93,00:13,,,,,,,X,LATE PUSHBACK DUE TO ATC,HAN,BAX,DAD,Domestic,VJ,,,,,,,,,,,,
,2026-06-01,VJ124/VJ129,A645,A321,SGN-HAN-SGN,08:35,09:05,08:35,09:05,08:25,09:04,09:05,09:10,00:30,00:40,ONTIME,ONTIME,ONTIME,ONTIME,,,,,,,,08:25,09:02,,,HAN,SGN,SGN,Domestic,VJ,,,,,,,,,,,,
,2026-06-01,____/VJ505,A639,A321,HAN-DAD,,09:05,,09:05,,09:14,09:15,09:20,,,DELAY,ONTIME,ONTIME,,,3,00:10,,,,,08:25,09:10,,DL03 CHECK-IN SYSTEM ERROR,HAN,HAN,DAD,Domestic,VJ,,,,,,,,,,,,
,2026-06-01,VJ514/VJ563,A649,A321,DAD-HAN-HUI,08:50,09:20,08:50,09:20,09:05,09:26,09:27,09:30,00:30,00:22,DELAY,ONTIME,ONTIME,ONTIME,,93,00:07,,,,,09:00,09:25,,,HAN,DAD,HUI,Domestic,VJ,,,,,,,,,,,,
,2026-06-01,VJ1926/VJ915,A536,A321,AMD-HAN-SIN,05:55,09:35,05:55,09:35,06:30,09:32,09:33,09:43,03:40,03:03,EARLY,ONTIME,ONTIME,DELAY,,,,,,,,08:48,09:25,,,HAN,AMD,SIN,International,VJ,,,,,,,,,,,,
,2026-06-01,VJ122/VJ1773,A542,A321,SGN-HAN-CXR,09:05,10:00,09:05,10:00,09:15,09:59,10:00,10:02,00:55,00:45,ONTIME,ONTIME,ONTIME,ONTIME,,,,,,,,09:18,09:55,,,HAN,SGN,CXR,Domestic,VJ,,,,,,,,,,,,
,2026-06-01,VJ126/VJ131,A538,A321,SGN-HAN-SGN,09:40,10:10,09:40,10:10,09:45,10:19,10:20,10:25,00:30,00:35,DELAY,ONTIME,ONTIME,ONTIME,,93,00:05,87,00:05,,,09:45,10:18,,DL87 STUCK AT PBB,HAN,SGN,SGN,Domestic,VJ,,,,,,,,,,,,
,2026-06-01,VJ532/VJ425,A644,A321,DAD-HAN-PXU,09:45,10:20,09:45,10:20,10:10,10:36,10:37,10:44,00:35,00:27,DELAY,DELAY,DELAY,DELAY,,93,00:17,,,,,10:05,10:35,,,HAN,DAD,PXU,Domestic,VJ,,,,,,,,,,,,
,2026-06-01,VJ430/VJ1437,A655,A320,UIH-HAN-UIH,09:50,10:25,09:50,10:25,09:48,10:23,10:25,10:28,00:35,00:37,ONTIME,ONTIME,ONTIME,ONTIME,,,,,,,,09:50,10:18,,,HAN,UIH,UIH,Domestic,VJ,,,,,,,,,,,,
,2026-06-01,VJ492/VJ1493,A550,A321,BMV-HAN-BMV,10:00,10:30,10:00,10:30,10:12,10:34,10:35,10:41,00:30,00:23,DELAY,ONTIME,ONTIME,ONTIME,,93,00:05,,,,,09:55,10:30,,,HAN,BMV,BMV,Domestic,VJ,,,,,,,,,,,,
,2026-06-01,____/VJ463,A630,A321,HAN-VCA,,10:35,,10:35,,10:34,10:35,10:40,,,ONTIME,ONTIME,ONTIME,,,,,,,,,09:45,10:33,,,HAN,HAN,VCA,Domestic,VJ,,,,,,,,,,,,
,2026-06-01,____/VJ901,A689,A320,HAN-BKK,,11:10,,11:10,,11:04,11:05,11:09,,,EARLY,ONTIME,ONTIME,,,,,,,,,10:20,11:02,,,HAN,HAN,BKK,International,VJ,,,,,,,,,,,,
,2026-06-01,VJ770/VJ565,A658,A320,CXR-HAN-HUI,09:55,11:30,09:55,11:30,10:32,11:26,11:28,11:30,01:35,00:56,EARLY,ONTIME,ONTIME,DELAY,,,,,,,,10:40,11:24,,,HAN,CXR,HUI,Domestic,VJ,,,,,,,,,,,,
,2026-06-01,VJ524/VJ507,A650,A320,DAD-HAN-DAD,11:05,11:35,11:05,11:35,11:05,11:34,11:35,11:45,00:30,00:30,ONTIME,ONTIME,ONTIME,ONTIME,,,,,,,,11:05,11:30,,,HAN,DAD,DAD,Domestic,VJ,,,,,,,,,,,,
,2026-06-01,VJ422/VJ451,A668,A320,PXU-HAN-PQC,10:50,11:45,10:50,11:45,10:50,11:54,11:55,12:00,00:55,01:05,DELAY,ONTIME,ONTIME,ONTIME,,2,00:10,,,,,11:00,11:43,,DL49 APU DEFECT,HAN,PXU,PQC,Domestic,VJ,,,,,,,,,,,,
,2026-06-01,VJ450/VJ775,A666,A320,PQC-HAN-CXR,11:15,11:45,11:15,11:45,11:35,11:56,11:57,12:00,00:30,00:22,DELAY,ONTIME,ONTIME,DELAY,,93,00:12,,,,,11:25,11:55,,,HAN,PQC,CXR,Domestic,VJ,,,,,,,,,,,,
,2026-06-01,VJ1772/VJ1453,A528,A321,CXR-HAN-PQC,11:15,11:50,11:15,11:50,11:45,12:08,12:09,12:19,00:35,00:24,DELAY,DELAY,DELAY,DELAY,,93,00:19,,,,,11:33,12:05,,,HAN,CXR,PQC,Domestic,VJ,,,,,,,,,,,,
,2026-06-01,VJ462/VJ515,A651,A321,VCA-HAN-DAD,11:40,12:10,11:40,12:10,11:45,12:14,12:15,12:20,00:30,00:30,DELAY,ONTIME,ONTIME,ONTIME,,93,00:05,,,,,11:40,12:10,,,HAN,VCA,DAD,Domestic,VJ,,,,,,,,,,,,
,2026-06-01,VJ128/VJ137,A640,A321,SGN-HAN-SGN,11:50,12:20,11:50,12:50,12:30,12:59,13:00,13:09,01:00,00:30,DELAY,ONTIME,DELAY,DELAY,,93,00:10,,,,,12:35,12:57,,,HAN,SGN,SGN,Domestic,VJ,,,,,,,,,,,,
,2026-06-01,_____/VJ133,A661,A321,HAN-SGN,,12:45,,12:45,,12:44,12:45,12:55,,,ONTIME,ONTIME,ONTIME,,,,,,,,,11:55,12:43,,,HAN,HAN,SGN,Domestic,,,,,,,,,,,,,
,2026-06-01,____/VJ453,A684,A321,HAN-PQC,,13:00,,13:00,,12:57,12:58,13:00,,,EARLY,ONTIME,ONTIME,,,,,,,,,12:05,12:52,,,HAN,HAN,PQC,Domestic,VJ,,,,,,,,,,,,
,2026-06-01,VJ1448/VJ509,A699,A320,PQC-HAN-DAD,10:15,13:05,10:15,13:05,10:21,13:04,13:05,13:09,02:50,02:44,ONTIME,ONTIME,ONTIME,ONTIME,,,,,,,,12:25,13:00,,,HAN,PQC,DAD,Domestic,VJ,,,,,,,,,,,,
,2026-06-01,VJ963/VJ787,A636,A321,ICN-HAN-CXR,08:55,13:10,08:55,13:10,09:00,13:09,13:10,13:21,04:15,04:10,ONTIME,ONTIME,ONTIME,ONTIME,,,,,,,,12:25,13:07,,,HAN,ICN,CXR,Domestic,VJ,,,,,,,,,,,,
,2026-06-01,VJ2979/VJ2979,A580,A321,VVO-HAN-CXR,12:45,13:15,12:45,13:15,13:07,13:36,13:37,13:42,00:30,00:30,DELAY,DELAY,DELAY,DELAY,,93,00:22,,,,,,,X,,HAN,VVO,CXR,Domestic,VJ,,,,,,,,,,,,
,2026-06-01,VJ506/VJ433,A656,A320,DAD-HAN-UIH,12:30,13:20,12:30,13:50,13:15,13:48,13:49,13:50,01:20,00:34,EARLY,ONTIME,DELAY,DELAY,,,,,,,,13:00,13:45,,,HAN,DAD,UIH,Domestic,VJ,,,,,,,,,,,,
,2026-06-01,VJ981/VJ948,A670,A321,PUS-HAN-RMQ,10:40,13:30,10:40,13:30,10:19,13:29,13:30,13:39,02:50,03:11,ONTIME,ONTIME,ONTIME,ONTIME,,,,,,,,12:36,13:26,,,HAN,PUS,RMQ,International,VJ,,,,,,,,,,,,
,2026-06-01,VJ130/VJ191,A642,A321,SGN-HAN-SGN,12:40,13:40,12:40,13:40,13:25,13:54,13:55,14:05,01:00,00:30,DELAY,ONTIME,DELAY,DELAY,,93,00:15,,,,,13:20,13:52,,,HAN,SGN,SGN,Domestic,VJ,,,,,,,,,,,,
,2026-06-01,VJ440/VJ441,A697,A321,PQC-HAN-PQC,13:30,14:00,13:30,14:00,13:50,14:19,14:20,14:25,00:30,00:30,DELAY,DELAY,DELAY,DELAY,,93,00:20,,,,,13:45,14:18,,,HAN,PQC,PQC,Domestic,VJ,,,,,,,,,,,,
,2026-06-01,VJ939/VJ143,A200,A321,KIX-HAN-SGN,12:20,14:05,12:20,14:05,12:37,14:02,14:03,14:35,01:45,01:26,EARLY,ONTIME,DELAY,DELAY,,,,,,,,13:20,13:55,,,HAN,KIX,SGN,Domestic,VJ,,,,,,,,,,,,
,2026-06-01,VJ564/VJ525,A649,A321,HUI-HAN-DAD,12:20,14:05,12:20,14:05,12:57,14:03,14:04,14:09,01:45,01:07,EARLY,ONTIME,ONTIME,DELAY,,,,,,,,13:23,13:55,,,HAN,HUI,DAD,Domestic,VJ,,,,,,,,,,,,
,2026-06-01,VJ921/VJ942,A551,A321,NGO-HAN-TPE,12:50,14:25,12:50,14:25,12:50,14:24,14:25,14:30,01:35,01:35,ONTIME,ONTIME,ONTIME,ONTIME,,,,,,,,13:35,14:20,,,HAN,NGO,TPE,International,VJ,,,,,,,,,,,,
,2026-06-01,VJ933/VJ946,A552,A321,NRT-HAN-KHH,13:05,14:35,13:05,14:35,13:05,14:24,14:25,14:30,01:30,01:20,EARLY,ONTIME,ONTIME,ONTIME,,,,,,,,13:45,14:20,,,HAN,NRT,KHH,International,VJ,,,,,,,,,,,,
,2026-06-01,_____/VJ145,A525,A321,HAN-SGN,,14:40,,14:40,,14:39,14:40,14:55,,,ONTIME,ONTIME,ONTIME,,,,,,,,,13:55,14:38,,,HAN,HAN,SGN,Domestic,,,,,,,,,,,,,
,2026-06-01,VJ1504/VJ1505,A543,A321,DAD-HAN-DAD,14:10,14:45,14:10,15:20,15:10,15:39,15:40,15:48,01:10,00:30,DELAY,DELAY,DELAY,DELAY,,93,00:20,,,,,14:55,15:37,,,HAN,DAD,DAD,Domestic,VJ,,,,,,,,,,,,
,2026-06-01,VJ510/VJ511,A639,A321,DAD-HAN-DAD,14:35,15:05,14:35,15:05,15:02,15:31,15:32,15:35,00:30,00:30,DELAY,DELAY,DELAY,DELAY,,93,00:27,,,,,14:50,15:25,,,HAN,DAD,DAD,Domestic,VJ,,,,,,,,,,,,
,2026-06-01,VJ1436/VJ423,A655,A320,UIH-HAN-PXU,14:10,15:05,14:10,15:05,14:05,15:02,15:03,15:06,00:55,00:58,EARLY,ONTIME,ONTIME,ONTIME,,,,,,,,14:05,15:00,,,HAN,UIH,PXU,Domestic,VJ,,,,,,,,,,,,
,2026-06-01,VJ426/VJ419,A644,A321,PXU-HAN-TBB,14:05,15:10,14:05,15:10,14:15,15:04,15:05,15:08,01:05,00:50,EARLY,ONTIME,ONTIME,ONTIME,,,,,,,,14:15,15:02,,,HAN,PXU,TBB,Domestic,VJ,,,,,,,,,,,,
,2026-06-01,VJ1432/VJ439,A672,A320,UIH-HAN-UIH,12:35,15:40,12:35,15:40,12:55,15:35,15:37,15:40,03:05,02:42,EARLY,ONTIME,ONTIME,DELAY,,,,,,,,14:55,15:30,,,HAN,UIH,UIH,Domestic,VJ,,,,,,,,,,,,
,2026-06-01,VJ198/VJ147,A698,A321,SGN-HAN-SGN,14:10,15:45,14:10,15:45,14:35,15:44,15:45,15:51,01:35,01:10,ONTIME,ONTIME,ONTIME,DELAY,,,,,,,,15:00,15:40,,,HAN,SGN,SGN,Domestic,VJ,,,,,,,,,,,,
,2026-06-01,VJ961/VJ903,A629,A321,ICN-HAN-BKK,13:35,15:45,13:35,15:45,13:35,15:33,15:34,15:50,02:10,01:59,EARLY,ONTIME,ONTIME,ONTIME,,,,,,,,15:00,15:30,,,HAN,ICN,BKK,International,VJ,,,,,,,,,,,,
,2026-06-01,VJ566/VJ567,A658,A320,HUI-HAN-HUI,14:30,15:55,14:30,15:55,14:43,15:51,15:52,15:56,01:25,01:09,EARLY,ONTIME,ONTIME,ONTIME,,,,,,,,15:15,15:49,,,HAN,HUI,HUI,Domestic,VJ,,,,,,,,,,,,
,2026-06-01,VJ136/VJ773,A539,A321,SGN-HAN-CXR,14:10,16:00,14:10,16:00,15:00,15:58,15:59,16:01,01:50,00:59,EARLY,ONTIME,ONTIME,DELAY,,,,,,,,15:10,15:56,,,HAN,SGN,CXR,Domestic,VJ,,,,,,,,,,,,
,2026-06-01,VJ452/VJ1513,A544,A321,PQC-HAN-DAD,14:35,16:35,14:35,16:35,14:15,16:31,16:32,16:40,02:00,02:17,EARLY,ONTIME,ONTIME,ONTIME,,,,,,,,15:50,16:28,,,HAN,PQC,DAD,Domestic,VJ,,,,,,,,,,,,
,2026-06-01,VJ138/VJ151,A645,A321,SGN-HAN-SGN,15:15,16:50,15:15,16:50,15:35,16:39,16:40,16:49,01:35,01:05,EARLY,ONTIME,ONTIME,DELAY,,,,,,,,15:55,16:34,,,HAN,SGN,SGN,Domestic,VJ,,,,,,,,,,,,
,2026-06-01,VJ1494/VJ465,A550,A321,BMV-HAN-VCA,14:30,17:00,14:30,17:00,14:40,16:59,17:00,17:09,02:30,02:20,ONTIME,ONTIME,ONTIME,ONTIME,,,,,,,,16:15,16:56,,,HAN,BMV,VCA,Domestic,VJ,,,,,,,,,,,,
,2026-06-01,VJ530/VJ495,A699,A320,DAD-HAN-BMV,16:15,17:30,16:15,17:30,16:16,17:29,17:30,17:35,01:15,01:14,ONTIME,ONTIME,ONTIME,ONTIME,,,,,,,,16:45,17:27,,,HAN,DAD,BMV,Domestic,VJ,,,,,,,,,,,,
,2026-06-01,VJ1774/VJ141,A542,A321,CXR-HAN-SGN,14:20,17:35,14:20,17:35,14:45,17:34,17:35,17:41,03:15,02:50,ONTIME,ONTIME,ONTIME,DELAY,,,,,,,,16:45,17:30,,,HAN,CXR,SGN,Domestic,VJ,,,,,,,,,,,,
,2026-06-01,VJ772/VJ1433,A666,A320,CXR-HAN-UIH,15:55,17:40,15:55,17:40,16:30,17:34,17:35,17:39,01:45,01:05,EARLY,ONTIME,ONTIME,DELAY,,,,,,,,16:50,17:30,,,HAN,CXR,UIH,Domestic,VJ,,,,,,,,,,,,
,2026-06-01,VJ774/VJ517,A636,A321,CXR-HAN-DAD,17:15,17:45,17:15,18:40,18:05,18:37,18:38,18:44,01:25,00:33,EARLY,ONTIME,DELAY,DELAY,,,,,,,,18:05,18:35,,,HAN,CXR,DAD,Domestic,VJ,,,,,,,,,,,,
,2026-06-01,VJ528/VJ1153,A649,A321,DAD-HAN-SGN,17:25,18:05,17:25,18:05,17:40,18:09,18:10,18:14,00:40,00:30,DELAY,ONTIME,ONTIME,ONTIME,,93,00:05,,,,,17:40,18:07,,,HAN,DAD,SGN,Domestic,VJ,,,,,,,,,,,,
,2026-06-01,VJ464/VJ781,A630,A321,VCA-HAN-CXR,15:25,18:15,15:25,18:15,15:50,18:13,18:14,18:16,02:50,02:24,EARLY,ONTIME,ONTIME,DELAY,,,,,,,,17:30,18:10,,,HAN,VCA,CXR,Domestic,VJ,,,,,,,,,,,,
,2026-06-01,_____/VJ521,A668,A321,HAN-DAD,,18:45,,21:30,,21:54,21:55,22:09,,,DELAY,DELAY,DELAY,,,61,00:25,,,,,19:35,21:52,,CHANGE FLIGHTPLAN,HAN,HAN,DAD,Domestic,,,,,,,,,,,,,
,2026-06-01,VJ456/VJ1789,A684,A321,PQC-HAN-CXR,17:45,18:45,17:45,18:45,18:00,18:35,18:37,19:00,01:00,00:37,EARLY,ONTIME,ONTIME,ONTIME,,,,,,,,18:00,18:33,,,HAN,PQC,CXR,Domestic,VJ,,,,,,,,,,,,
,2026-06-01,VJ1454/VJ155,A528,A321,PQC-HAN-SGN,16:35,18:55,16:35,18:55,17:10,18:54,18:55,18:57,02:20,01:45,ONTIME,ONTIME,ONTIME,DELAY,,,,,,,,18:15,18:52,,,HAN,PQC,SGN,Domestic,VJ,,,,,,,,,,,,
,2026-06-01,VJ508/VJ1561,A651,A321,DAD-HAN-HUI,15:25,19:15,15:25,19:15,15:40,19:09,19:10,19:20,03:50,03:30,EARLY,ONTIME,ONTIME,ONTIME,,,,,,,,18:30,19:07,,,HAN,DAD,HUI,Domestic,VJ,,,,,,,,,,,,
,2026-06-01,VJ144/VJ519,A673,A321,SGN-HAN-DAD,19:10,19:45,19:10,19:45,19:15,19:44,19:45,19:48,00:35,00:30,ONTIME,ONTIME,ONTIME,ONTIME,,,,,,,,19:10,19:40,,,HAN,SGN,DAD,Domestic,VJ,,,,,,,,,,,,
,2026-06-01,VJ420/VJ523,A542,A321,TBB-HAN-DAD,19:15,19:45,19:15,19:45,19:00,19:44,19:45,19:49,00:30,00:45,ONTIME,ONTIME,ONTIME,ONTIME,,,,,,,,19:05,19:42,,,HAN,TBB,DAD,Domestic,VJ,,,,,,,,,,,,
,2026-06-01,VJ434/VJ7712,A656,A320,UIH-HAN-PKX,17:10,19:55,17:10,19:55,16:05,19:49,19:50,19:58,02:45,03:45,EARLY,ONTIME,ONTIME,ONTIME,,,,,,,,19:10,19:48,,,HAN,UIH,PKX,International,VJ,,,,,,,,,,,,
,2026-06-01,VJ424/VJ1785,A655,A320,PXU-HAN-CXR,18:45,19:55,18:45,19:55,18:40,19:54,19:55,20:00,01:10,01:15,ONTIME,ONTIME,ONTIME,ONTIME,,,,,,,,19:10,19:53,,,HAN,PXU,CXR,Domestic,VJ,,,,,,,,,,,,
,2026-06-01,VJ146/VJ907,A200,A321,SGN-HAN-BOM,18:55,20:05,19:40,20:30,20:20,20:59,21:00,21:05,00:50,00:40,DELAY,DELAY,DELAY,DELAY,,93,00:20,66,00:10,,,20:30,20:58,,CREW OB 20:32,HAN,SGN,BOM,International,VJ,,,,,,,,,,,,
,2026-06-01,VJ442/VJ455,A697,A321,PQC-HAN-PQC,19:05,20:05,19:05,20:05,19:30,20:04,20:05,20:06,01:00,00:35,ONTIME,ONTIME,ONTIME,DELAY,,,,,,,,19:30,20:01,,,HAN,PQC,PQC,Domestic,VJ,,,,,,,,,,,,
,2026-06-01,VJ152/VJ161,A663,A320,SGN-HAN-SGN,16:45,20:55,21:35,22:10,21:55,22:19,22:20,22:30,00:35,00:25,DELAY,ONTIME,DELAY,DELAY,,93,00:10,,,,,21:55,22:17,,,HAN,SGN,SGN,Domestic,VJ,,,,,,,,,,,,
,2026-06-01,VJ568/VJ7238,A655,A320,HUI-HAN-PVG,18:55,21:15,18:55,21:15,19:10,21:07,21:08,21:15,02:20,01:58,EARLY,ONTIME,ONTIME,ONTIME,,,,,,,,20:40,21:00,,,HAN,HUI,PVG,International,VJ,,,,,,,,,,,,
,2026-06-01,VJ148/VJ159,A647,A321,SGN-HAN-SGN,20:45,21:20,20:30,21:20,20:55,21:24,21:25,21:35,00:50,00:30,DELAY,ONTIME,ONTIME,ONTIME,,,,,,,,20:55,21:26,,,HAN,SGN,SGN,Domestic,VJ,,,,,,,,,,,,
,2026-06-01,VJ160/VJ533,A542,A321,SGN-HAN-DAD,22:40,23:05,22:40,23:20,22:40,23:19,23:20,23:20,00:40,00:40,ONTIME,ONTIME,ONTIME,ONTIME,,,,,,,,22:45,23:15,,,HAN,SGN,DAD,Domestic,VJ,,,,,,,,,,,,
,2026-06-01,VJ928/VJ962,A633,A321,CGK-HAN-ICN,18:15,23:15,18:15,23:15,18:25,23:14,23:15,23:25,05:00,04:50,ONTIME,ONTIME,ONTIME,ONTIME,,,,,,,,22:30,23:12,,,HAN,CGK,ICN,International,VJ,,,,,,,,,,,,
,2026-06-02,____/VJ932,A547,A321,HAN-NRT,,00:30,,00:30,,00:23,00:24,00:30,,,EARLY,ONTIME,ONTIME,,,,,,,,,23:45,00:20,,,HAN,HAN,NRT,International,VJ,,,,,,,,,,,,
,2026-06-02,____/VJ938,A536,A321,HAN-KIX,,01:20,,01:20,,01:11,01:12,01:15,,,EARLY,ONTIME,ONTIME,,,,,,,,,00:30,01:10,,,HAN,HAN,KIX,International,VJ,,,,,,,,,,,,
,2026-06-02,____/VJ960,A629,A321,HAN-ICN,,01:40,,01:40,,01:34,01:35,01:37,,,EARLY,ONTIME,ONTIME,,,,,,,,,00:55,01:32,,,HAN,HAN,ICN,International,VJ,,,,,,,,,,,,
,2026-06-02,____/VJ958,A630,A321,HAN-FUK,,02:05,,02:05,,01:56,01:57,01:58,,,EARLY,ONTIME,ONTIME,,,,,,,,,01:10,01:54,,,HAN,HAN,FUK,International,VJ,,,,,,,,,,,,
,2026-06-02,____/VJ1980,A655,A320,HAN-FSZ,,02:40,,02:40,,02:23,02:24,02:25,,,EARLY,ONTIME,ONTIME,,,,,,,,,01:50,02:20,,,HAN,HAN,FSZ,International,VJ,,,,,,,,,,,,
,2026-06-02,____/VJ445,A670,A321,HAN-PQC,,05:30,,05:30,,05:24,05:25,05:34,,,EARLY,ONTIME,ONTIME,,,,,,,,,04:45,05:23,,,HAN,HAN,PQC,Domestic,VJ,,,,,,,,,,,,
,2026-06-02,____/VJ771,A662,A320,HAN-CXR,,05:45,,05:45,,05:35,05:37,05:38,,,EARLY,ONTIME,ONTIME,,,,,,,,,05:00,05:33,,,HAN,HAN,CXR,Domestic,VJ,,,,,,,,,,,,
,2026-06-02,____/VJ121,A643,A321,HAN-SGN,,06:00,,06:00,,05:54,05:55,06:03,,,EARLY,ONTIME,ONTIME,,,,,,,,,05:20,05:52,,,HAN,HAN,SGN,Domestic,VJ,,,,,,,,,,,,
,2026-06-02,____/VJ491,A644,A321,HAN-BMV,,06:00,,06:00,,05:59,06:00,06:07,,,ONTIME,ONTIME,ONTIME,,,,,,,,,05:05,05:57,,,HAN,HAN,BMV,Domestic,VJ,,,,,,,,,,,,
,2026-06-02,____/VJ431,A666,A320,HAN-UIH,,06:05,,06:05,,05:59,06:00,06:05,,,EARLY,ONTIME,ONTIME,,,,,,,,,05:15,05:55,,,HAN,HAN,UIH,Domestic,VJ,,,,,,,,,,,,
,2026-06-02,____/VJ952,A672,A320,HAN-HIJ,,06:15,,06:15,,06:09,06:10,06:20,,,EARLY,ONTIME,ONTIME,,,,,,,,,05:25,06:07,,,HAN,HAN,HIJ,International,VJ,,,,,,,,,,,,
,2026-06-02,____/VJ531,A673,A321,HAN-DAD,,06:30,,06:30,,06:29,06:30,06:40,,,ONTIME,ONTIME,ONTIME,,,,,,,,,05:40,06:26,,,HAN,HAN,DAD,Domestic,VJ,,,,,,,,,,,,
,2026-06-02,____/VJ461,A684,A321,HAN-VCA,,06:45,,06:45,,06:39,06:40,06:49,,,EARLY,ONTIME,ONTIME,,,,,,,,,06:00,06:38,,,HAN,HAN,VCA,Domestic,VJ,,,,,,,,,,,,
,2026-06-02,____/VJ125,A656,A320,HAN-SGN,,07:00,,07:00,,06:54,06:55,07:12,,,EARLY,ONTIME,ONTIME,,,,,,,,,06:15,06:52,,,HAN,HAN,SGN,Domestic,VJ,,,,,,,,,,,,
,2026-06-02,____/VJ1771,A552,A321,HAN-CXR,,07:00,,07:00,,06:54,06:55,06:58,,,EARLY,ONTIME,ONTIME,,,,,,,,,06:10,06:52,,,HAN,HAN,CXR,Domestic,VJ,,,,,,,,,,,,
,2026-06-02,VJ7713/VJ197,A689,A320,PKX-HAN-SGN,03:55,07:20,03:55,07:20,04:00,07:14,07:15,07:22,03:25,03:15,EARLY,ONTIME,ONTIME,ONTIME,,,,,,,,06:45,07:13,,,HAN,PKX,SGN,Domestic,VJ,,,,,,,,,,,,
,2026-06-02,____/VJ503,A550,A321,HAN-DAD,,07:30,,07:30,,07:24,07:25,07:30,,,EARLY,ONTIME,ONTIME,,,,,,,,,06:45,07:21,,,HAN,HAN,DAD,Domestic,VJ,,,,,,,,,,,,
,2026-06-02,VJ7239/VJ127,A658,A320,PVG-HAN-SGN,04:50,08:10,04:50,08:10,04:35,08:04,08:05,08:10,03:20,03:30,EARLY,ONTIME,ONTIME,ONTIME,,,,,,,,07:15,07:58,,,HAN,PVG,SGN,Domestic,VJ,,,,,,,,,,,,
,2026-06-02,____/VJ929,A525,A321,HAN-CGK,,08:40,,08:40,,08:32,08:33,08:36,,,EARLY,ONTIME,ONTIME,,,,,,,,,08:00,08:30,,,HAN,HAN,CGK,International,VJ,,,,,,,,,,,,
,2026-06-02,____/VJ447,A542,A321,HAN-PQC,,08:45,,08:45,,08:44,08:45,08:50,,,ONTIME,ONTIME,ONTIME,,,,,,,,,07:55,08:40,,,HAN,HAN,PQC,Domestic,VJ,,,,,,,,,,,,
,2026-06-02,VJ1508/VJ1435,A636,A321,DAD-HAN-UIH,08:15,08:50,08:15,08:50,08:25,08:49,08:50,08:55,00:35,00:25,ONTIME,ONTIME,ONTIME,ONTIME,,,,,,,,08:20,08:46,,,HAN,DAD,UIH,Domestic,VJ,,,,,,,,,,,,
,2026-06-02,VJ514/VJ563,A693,A321,DAD-HAN-HUI,08:50,09:25,08:50,09:25,08:50,09:24,09:25,09:30,00:35,00:35,ONTIME,ONTIME,ONTIME,ONTIME,,,,,,,,08:45,09:22,,,HAN,DAD,HUI,Domestic,VJ,,,,,,,,,,,,
,2026-06-02,____/VJ915,A551,A321,HAN-SIN,,09:35,,09:35,,09:27,09:28,09:32,,,EARLY,ONTIME,ONTIME,,,,,,,,,08:45,09:23,,,HAN,HAN,SIN,International,VJ,,,,,,,,,,,,
,2026-06-02,VJ122/VJ1773,A575,A321,SGN-HAN-CXR,09:05,10:00,09:05,10:00,09:25,09:59,10:00,10:05,00:55,00:35,ONTIME,ONTIME,ONTIME,DELAY,,,,,,,,09:30,09:55,,,HAN,SGN,CXR,Domestic,VJ,,,,,,,,,,,,
,2026-06-02,____/VJ135,A699,A320,HAN-SGN,,10:10,,10:10,,10:09,10:10,10:20,,,ONTIME,ONTIME,ONTIME,,,,,,,,,09:20,10:05,,,HAN,HAN,SGN,Domestic,VJ,,,,,,,,,,,,
,2026-06-02,VJ126/VJ131,A661,A321,SGN-HAN-SGN,09:40,10:15,09:40,10:15,09:55,10:24,10:25,10:30,00:35,00:30,DELAY,ONTIME,ONTIME,ONTIME,,93,00:10,,,,,09:55,10:22,,,HAN,SGN,SGN,Domestic,VJ,,,,,,,,,,,,
,2026-06-02,____/VJ463,A641,A321,HAN-VCA,,10:20,,10:20,,10:14,10:15,10:18,,,EARLY,ONTIME,ONTIME,,,,,,,,,09:35,10:10,,,HAN,HAN,VCA,Domestic,VJ,,,,,,,,,,,,
,2026-06-02,VJ532/VJ425,A673,A321,DAD-HAN-PXU,09:45,10:20,09:45,10:20,10:05,10:34,10:35,10:35,00:35,00:30,DELAY,ONTIME,ONTIME,DELAY,,93,00:10,,,,,10:00,10:32,,,HAN,DAD,PXU,Domestic,VJ,,,,,,,,,,,,
,2026-06-02,VJ910/VJ997,A200,A321,BOM-HAN-DPS,07:10,10:25,07:10,10:25,07:20,10:24,10:25,10:25,03:15,03:05,ONTIME,ONTIME,ONTIME,ONTIME,,,,,,,,09:35,10:20,,,HAN,BOM,DPS,International,VJ,,,,,,,,,,,,
,2026-06-02,VJ430/VJ1437,A666,A320,UIH-HAN-UIH,09:50,10:25,09:50,10:25,09:45,10:22,10:23,10:25,00:35,00:38,EARLY,ONTIME,ONTIME,ONTIME,,,,,,,,09:40,10:20,,,HAN,UIH,UIH,Domestic,VJ,,,,,,,,,,,,
,2026-06-02,VJ963/VJ1493,A633,A321,ICN-HAN-BMV,08:55,10:30,08:55,10:30,09:10,10:22,10:23,10:30,01:35,01:13,EARLY,ONTIME,ONTIME,ONTIME,,,,,,,,09:40,10:20,,,HAN,ICN,BMV,Domestic,VJ,,,,,,,,,,,,
,2026-06-02,VJ492/VJ565,A644,A321,BMV-HAN-HUI,10:00,10:30,10:00,10:30,10:15,10:37,10:38,10:45,00:30,00:23,DELAY,ONTIME,ONTIME,ONTIME,,93,00:08,,,,,10:10,10:35,,,HAN,BMV,HUI,Domestic,VJ,,,,,,,,,,,,
,2026-06-02,____/VJ901,A651,A321,HAN-BKK,,11:10,,11:10,,11:09,11:10,11:20,,,ONTIME,ONTIME,ONTIME,,,,,,,,,10:20,11:05,,,HAN,HAN,BKK,International,VJ,,,,,,,,,,,,
,2026-06-02,VJ524/VJ507,A550,A321,DAD-HAN-DAD,10:45,11:20,10:45,11:20,11:00,11:27,11:28,11:30,00:35,00:28,DELAY,ONTIME,ONTIME,ONTIME,,93,00:08,,,,,10:55,11:25,,,HAN,DAD,DAD,Domestic,VJ,,,,,,,,,,,,
,2026-06-02,VJ448/VJ133,A670,A321,PQC-HAN-SGN,10:15,11:35,10:15,11:35,10:20,11:39,11:40,11:50,01:20,01:20,DELAY,ONTIME,ONTIME,ONTIME,,95,00:05,,,,,11:17,11:36,,WAIT CREW VJ130 OB 1117,HAN,PQC,SGN,Domestic,VJ,,,,,,,,,,,,
,2026-06-02,VJ770/VJ451,A662,A320,CXR-HAN-PQC,10:00,11:45,10:00,11:45,10:05,11:44,11:45,11:48,01:45,01:40,ONTIME,ONTIME,ONTIME,ONTIME,,,,,,,,10:55,11:40,,,HAN,CXR,PQC,Domestic,VJ,,,,,,,,,,,,
,2026-06-02,VJ1772/VJ1453,A687,A321,CXR-HAN-PQC,11:25,12:00,11:25,12:00,11:40,11:59,12:00,12:02,00:35,00:20,ONTIME,ONTIME,ONTIME,ONTIME,,,,,,,,11:35,11:57,,,HAN,CXR,PQC,Domestic,VJ,,,,,,,,,,,,
,2026-06-02,VJ462/VJ515,A684,A321,VCA-HAN-DAD,11:35,12:10,11:35,12:10,11:55,12:19,12:20,12:25,00:35,00:25,DELAY,ONTIME,ONTIME,DELAY,,93,00:10,,,,,11:50,12:17,,,HAN,VCA,DAD,Domestic,VJ,,,,,,,,,,,,
,2026-06-02,VJ128/VJ137,A647,A321,SGN-HAN-SGN,11:55,12:30,11:55,12:50,12:15,12:43,12:44,12:45,00:55,00:29,EARLY,ONTIME,ONTIME,DELAY,,,,,,,,12:10,12:40,,,HAN,SGN,SGN,Domestic,VJ,,,,,,,,,,,,
,2026-06-02,VJ130/VJ453,A537,A321,SGN-HAN-PQC,10:50,13:00,10:50,13:00,11:00,12:59,13:00,13:05,02:10,02:00,ONTIME,ONTIME,ONTIME,ONTIME,,,,,,,,12:10,12:55,,,HAN,SGN,PQC,Domestic,VJ,,,,,,,,,,,,
,2026-06-02,VJ564/VJ787,A693,A321,HUI-HAN-CXR,12:25,13:10,12:25,13:10,12:40,13:09,13:10,13:15,00:45,00:30,ONTIME,ONTIME,ONTIME,ONTIME,,,,,,,,12:40,13:06,,,HAN,HUI,CXR,Domestic,VJ,,,,,,,,,,,,
,2026-06-02,VJ1432/VJ509,A636,A321,UIH-HAN-DAD,12:35,13:10,12:35,13:10,12:47,13:09,13:10,13:15,00:35,00:23,ONTIME,ONTIME,ONTIME,ONTIME,,,,,,,,12:45,13:07,,,HAN,UIH,DAD,Domestic,VJ,,,,,,,,,,,,
,2026-06-02,VJ198/VJ433,A689,A320,SGN-HAN-UIH,12:40,13:20,12:40,13:20,13:00,13:24,13:25,13:30,00:40,00:25,DELAY,ONTIME,ONTIME,DELAY,,93,00:05,,,,,12:55,13:22,,,HAN,SGN,UIH,Domestic,VJ,,,,,,,,,,,,
,2026-06-02,VJ959/VJ948,A630,A321,FUK-HAN-RMQ,11:45,13:30,11:45,13:30,11:30,13:29,13:30,13:39,01:45,02:00,ONTIME,ONTIME,ONTIME,ONTIME,,,,,,,,12:45,13:26,,,HAN,FUK,RMQ,International,VJ,,,,,,,,,,,,
,2026-06-02,____/VJ191,A553,A321,HAN-SGN,,14:00,,14:00,,13:57,13:58,14:04,,,EARLY,ONTIME,ONTIME,,,,,,,,,13:15,13:55,,,HAN,HAN,SGN,Domestic,VJ,,,,,,,,,,,,
,2026-06-02,____/VJ441,A649,A321,HAN-PQC,,14:05,,14:05,,14:03,14:04,14:10,,,EARLY,ONTIME,ONTIME,,,,,,,,,13:15,14:00,,,HAN,HAN,PQC,Domestic,VJ,,,,,,,,,,,,
,2026-06-02,____/VJ525,A534,A321,HAN-DAD,,14:15,,14:15,,14:14,14:15,14:18,,,ONTIME,ONTIME,ONTIME,,,,,,,,,13:25,14:10,,,HAN,HAN,DAD,Domestic,VJ,,,,,,,,,,,,
,2026-06-02,VJ939/VJ942,A536,A321,KIX-HAN-TPE,12:20,14:25,12:20,14:25,12:35,14:23,14:25,14:25,02:05,01:50,ONTIME,ONTIME,ONTIME,ONTIME,,,,,,,,13:35,14:20,,,HAN,KIX,TPE,International,VJ,,,,,,,,,,,,
,2026-06-02,VJ134/VJ467,A658,A320,SGN-HAN-VCA,13:30,14:30,13:30,14:30,13:45,14:22,14:23,14:27,01:00,00:38,EARLY,ONTIME,ONTIME,ONTIME,,,,,,,,13:50,14:18,,,HAN,SGN,VCA,Domestic,VJ,,,,,,,,,,,,
,2026-06-02,VJ1504/VJ1505,A698,A321,DAD-HAN-DAD,14:00,14:35,14:00,14:50,14:20,14:49,14:50,14:50,00:50,00:30,ONTIME,ONTIME,ONTIME,DELAY,,,,,,,,14:15,14:47,,,HAN,DAD,DAD,Domestic,VJ,,,,,,,,,,,,
,2026-06-02,VJ933/VJ145,A547,A321,NRT-HAN-SGN,13:05,14:50,13:05,14:50,13:50,14:48,14:50,14:55,01:45,01:00,ONTIME,ONTIME,ONTIME,DELAY,,,,,,,,14:05,14:45,,,HAN,NRT,SGN,Domestic,VJ,,,,,,,,,,,,
,2026-06-02,VJ1494/VJ423,A633,A321,BMV-HAN-PXU,14:30,15:05,14:30,15:05,14:50,15:14,15:15,15:20,00:35,00:25,DELAY,ONTIME,ONTIME,DELAY,,93,00:10,,,,,14:45,15:16,,,HAN,BMV,PXU,Domestic,VJ,,,,,,,,,,,,
,2026-06-02,VJ566/VJ1451,A644,A321,HUI-HAN-PQC,13:30,15:05,13:30,15:05,13:55,15:01,15:02,15:10,01:35,01:07,EARLY,ONTIME,ONTIME,DELAY,,,,,,,,14:15,14:58,,,HAN,HUI,PQC,Domestic,VJ,,,,,,,,,,,,
,2026-06-02,VJ510/VJ511,A550,A321,DAD-HAN-DAD,14:35,15:10,14:35,15:10,15:15,15:44,15:45,15:50,00:35,00:30,DELAY,DELAY,DELAY,DELAY,,93,00:35,,,,,15:10,15:41,,,HAN,DAD,DAD,Domestic,VJ,,,,,,,,,,,,
,2026-06-02,VJ1436/VJ903,A666,A320,UIH-HAN-BKK,14:10,15:45,14:10,15:45,14:15,15:44,15:45,15:49,01:35,01:30,ONTIME,ONTIME,ONTIME,ONTIME,,,,,,,,14:50,15:41,,,HAN,UIH,BKK,International,VJ,,,,,,,,,,,,
,2026-06-02,VJ464/VJ567,A641,A321,VCA-HAN-HUI,15:10,15:55,15:10,15:55,15:25,15:54,15:55,16:00,00:45,00:30,ONTIME,ONTIME,ONTIME,ONTIME,,,,,,,,15:20,15:51,,,HAN,VCA,HUI,Domestic,VJ,,,,,,,,,,,,
,2026-06-02,VJ136/VJ773,A643,A321,SGN-HAN-CXR,14:15,16:00,14:15,16:00,14:45,15:49,15:50,15:58,01:45,01:05,EARLY,ONTIME,ONTIME,DELAY,,,,,,,,15:10,15:45,,,HAN,SGN,CXR,Domestic,VJ,,,,,,,,,,,,
,2026-06-02,VJ1774/VJ913,A580,A321,CXR-HAN-SAI,14:25,16:20,14:25,16:20,14:27,16:07,16:08,16:35,01:55,01:41,EARLY,ONTIME,ONTIME,ONTIME,,,,,,,,15:30,16:02,,,HAN,CXR,SAI,International,VJ,,,,,,,,,,,,
,2026-06-02,VJ142/VJ193,A661,A321,SGN-HAN-SGN,15:30,16:30,15:30,16:30,15:40,16:29,16:30,16:38,01:00,00:50,ONTIME,ONTIME,ONTIME,ONTIME,,,,,,,,15:50,16:25,,,HAN,SGN,SGN,Domestic,VJ,,,,,,,,,,,,
,2026-06-02,VJ1981/VJ465,A655,A320,FSZ-HAN-VCA,14:00,17:00,14:00,17:00,15:05,16:52,16:54,16:59,03:00,01:49,EARLY,ONTIME,ONTIME,DELAY,,,,,,,,16:10,16:50,,,HAN,FSZ,VCA,Domestic,VJ,,,,,,,,,,,,
,2026-06-02,VJ5068/VJ5068,A575,A321,CXR-HAN-NOZ,16:20,17:00,16:20,17:00,16:27,16:58,17:00,17:03,00:40,00:33,ONTIME,ONTIME,ONTIME,ONTIME,,,,,,,,,,X,,HAN,CXR,NOZ,International,VJ,,,,,,,,,,,,
,2026-06-02,VJ508/VJ151,A684,A321,DAD-HAN-SGN,15:25,17:05,15:25,17:05,15:56,17:02,17:03,17:07,01:40,01:07,EARLY,ONTIME,ONTIME,DELAY,,,,,,,,16:15,17:00,,,HAN,DAD,SGN,Domestic,VJ,,,,,,,,,,,,
,2026-06-02,VJ454/VJ1433,A662,A320,PQC-HAN-UIH,16:45,17:40,16:45,17:40,16:50,17:36,17:37,17:41,00:55,00:47,EARLY,ONTIME,ONTIME,ONTIME,,,,,,,,16:50,17:32,,,HAN,PQC,UIH,Domestic,VJ,,,,,,,,,,,,
,2026-06-02,VJ140/VJ141,A670,A321,SGN-HAN-SGN,16:30,17:40,16:30,17:40,17:05,17:39,17:40,17:44,01:10,00:35,ONTIME,ONTIME,ONTIME,DELAY,,,,,,,,17:00,17:38,,,HAN,SGN,SGN,Domestic,VJ,,,,,,,,,,,,
,2026-06-02,VJ530/VJ517,A636,A321,DAD-HAN-DAD,16:35,17:45,16:35,17:45,16:35,17:44,17:45,17:51,01:10,01:10,ONTIME,ONTIME,ONTIME,ONTIME,,,,,,,,17:00,17:42,,,HAN,DAD,DAD,Domestic,VJ,,,,,,,,,,,,
,2026-06-02,VJ528/VJ1153,A534,A321,DAD-HAN-SGN,17:25,18:05,17:25,18:05,17:40,18:18,18:19,18:20,00:40,00:39,DELAY,ONTIME,ONTIME,ONTIME,,93,00:05,49,00:09,,,17:30,18:05,,,HAN,DAD,SGN,Domestic,VJ,,,,,,,,,,,,
,2026-06-02,VJ456/VJ781,A537,A321,PQC-HAN-CXR,17:40,18:15,17:40,18:15,18:15,18:40,18:41,18:45,00:35,00:26,DELAY,DELAY,DELAY,DELAY,,93,00:26,,,,,18:05,18:35,,,HAN,PQC,CXR,Domestic,VJ,,,,,,,,,,,,
,2026-06-02,VJ512/VJ521,A550,A321,DAD-HAN-DAD,18:25,19:00,18:25,19:00,19:15,19:44,19:45,20:02,00:35,00:30,DELAY,DELAY,DELAY,DELAY,,93,00:45,,,,,19:15,19:42,,,HAN,DAD,DAD,Domestic,VJ,,,,,,,,,,,,
,2026-06-02,VJ774/VJ519,A640,A321,CXR-HAN-DAD,17:20,19:25,17:20,19:25,17:50,19:21,19:22,19:27,02:05,01:32,EARLY,ONTIME,ONTIME,DELAY,,,,,,,,18:35,19:20,,,HAN,CXR,DAD,Domestic,VJ,,,,,,,,,,,,
,2026-06-02,VJ928/VJ971,A525,A321,CGK-HAN-DEL,18:15,19:40,18:15,19:40,18:25,19:38,19:39,19:40,01:25,01:14,EARLY,ONTIME,ONTIME,ONTIME,,,,,,,,19:00,19:35,,,HAN,CGK,DEL,International,VJ,,,,,,,,,,,,
,2026-06-02,VJ916/VJ1925,A551,A321,SIN-HAN-AMD,17:25,19:45,17:25,19:45,17:15,19:36,19:37,19:39,02:20,02:22,EARLY,ONTIME,ONTIME,ONTIME,,,,,,,,19:00,19:30,,,HAN,SIN,AMD,International,VJ,,,,,,,,,,,,
,2026-06-02,VJ568/VJ523,A641,A321,HUI-HAN-DAD,18:55,19:45,18:55,19:45,19:20,19:49,19:50,19:55,00:50,00:30,DELAY,ONTIME,ONTIME,DELAY,,93,00:05,,,,,19:20,19:47,,,HAN,HUI,DAD,Domestic,VJ,,,,,,,,,,,,
,2026-06-02,VJ442/VJ783,A649,A321,PQC-HAN-CXR,19:50,20:25,19:50,20:25,19:05,20:24,20:25,20:35,00:35,01:20,ONTIME,ONTIME,ONTIME,ONTIME,,,,,,,,19:35,20:22,,,HAN,PQC,CXR,Domestic,VJ,,,,,,,,,,,,
,2026-06-02,VJ434/VJ161,A689,A320,UIH-HAN-SGN,17:10,20:55,17:10,20:55,17:15,20:54,20:55,20:59,03:45,03:40,ONTIME,ONTIME,ONTIME,ONTIME,,,,,,,,20:07,20:50,,,HAN,UIH,SGN,Domestic,VJ,,,,,,,,,,,,
,2026-06-02,VJ468/VJ1527,A658,A320,VCA-HAN-DAD,19:50,21:40,19:50,21:40,19:43,21:39,21:40,21:43,01:50,01:57,ONTIME,ONTIME,ONTIME,ONTIME,,,,,,,,20:53,21:33,,,HAN,VCA,DAD,Domestic,VJ,,,,,,,,,,,,
,2026-06-02,____/VJ7526,A629,A321,HAN-CAN,,22:30,,22:30,,22:29,22:30,22:34,,,ONTIME,ONTIME,ONTIME,,,,,,,,,21:38,22:25,,,HAN,HAN,CAN,International,VJ,,,,,,,,,,,,
,2026-06-02,VJ914/VJ167,A580,A321,SAI-HAN-SGN,20:50,22:45,20:50,22:45,20:40,22:37,22:38,22:39,01:55,01:58,EARLY,ONTIME,ONTIME,ONTIME,,,,,,,,21:55,22:35,,,HAN,SAI,SGN,Domestic,VJ,,,,,,,,,,,,
,2026-06-02,VJ949/VJ962,A630,A321,RMQ-HAN-ICN,19:50,23:15,19:50,23:15,19:50,23:14,23:15,23:18,03:25,03:25,ONTIME,ONTIME,ONTIME,ONTIME,,,,,,,,22:25,23:12,,,HAN,RMQ,ICN,International,VJ,,,,,,,,,,,,
,2026-06-02,VJ150/VJ169,A661,A321,SGN-HAN-SGN,22:30,23:25,22:30,23:25,22:15,23:09,23:10,23:12,00:55,00:55,EARLY,ONTIME,ONTIME,ONTIME,,,,,,,,22:30,23:07,,,HAN,SGN,SGN,Domestic,VJ,,,,,,,,,,,,
,2026-06-03,____/VJ932,A553,A321,HAN-NRT,,00:30,,00:30,,00:27,00:28,00:29,,,EARLY,ONTIME,ONTIME,,,,,,,,,23:40,00:25,,,HAN,HAN,NRT,International,VJ,,,,,,,,,,,,
,2026-06-03,____/VJ982,A651,A321,HAN-PUS,,01:05,,01:05,,00:59,01:00,01:01,,,EARLY,ONTIME,ONTIME,,,,,,,,,00:15,00:57,,,HAN,HAN,PUS,International,VJ,,,,,,,,,,,,
,2026-06-03,VJ7706/VJ7706,A537,A321,CXR-HAN-KHV,00:35,01:05,00:35,01:05,00:50,01:18,01:19,01:20,00:30,00:29,DELAY,ONTIME,ONTIME,ONTIME,,93,00:14,,,,,,,X,,HAN,CXR,KHV,International,VJ,,,,,,,,,,,,
,2026-06-03,____/VJ960,A535,A321,HAN-ICN,,01:40,,01:40,,01:39,01:40,01:46,,,ONTIME,ONTIME,ONTIME,,,,,,,,,00:50,01:37,,,HAN,HAN,ICN,International,VJ,,,,,,,,,,,,
,2026-06-03,____/VJ938,A536,A321,HAN-KIX,,01:20,,02:45,,02:31,02:32,02:36,,,EARLY,ONTIME,DELAY,,,,,,,,,01:55,02:15,,,HAN,HAN,KIX,International,VJ,,,,,,,,,,,,
,2026-06-03,____/VJ920,A200,A321,HAN-NGO,,01:40,,04:10,,04:09,04:10,04:25,,,ONTIME,ONTIME,DELAY,,,,,,,,,03:15,04:05,,,HAN,HAN,NGO,International,VJ,,,,,,,,,,,,
,2026-06-03,VJ7527/VJ123,A629,A321,CAN-HAN-SGN,03:05,05:30,03:05,05:30,03:15,05:24,05:25,05:35,02:25,02:10,EARLY,ONTIME,ONTIME,ONTIME,,,,,,,,04:40,05:20,,,HAN,CAN,SGN,Domestic,VJ,,,,,,,,,,,,
,2026-06-03,____/VJ1445,A673,A321,HAN-PQC,,05:30,,05:30,,05:24,05:25,05:30,,,EARLY,ONTIME,ONTIME,,,,,,,,,04:40,05:20,,,HAN,HAN,PQC,Domestic,VJ,,,,,,,,,,,,
,2026-06-03,____/VJ501,A634,A321,HAN-DAD,,05:40,,05:40,,05:34,05:35,05:41,,,EARLY,ONTIME,ONTIME,,,,,,,,,04:55,05:30,,,HAN,HAN,DAD,Domestic,VJ,,,,,,,,,,,,
,2026-06-03,____/VJ771,A667,A321,HAN-CXR,,05:45,,05:45,,05:39,05:40,05:43,,,EARLY,ONTIME,ONTIME,,,,,,,,,04:55,05:35,,,HAN,HAN,CXR,Domestic,VJ,,,,,,,,,,,,
,2026-06-03,____/VJ121,A539,A321,HAN-SGN,,06:00,,06:00,,05:54,05:55,06:03,,,EARLY,ONTIME,ONTIME,,,,,,,,,05:10,05:50,,,HAN,HAN,SGN,Domestic,VJ,,,,,,,,,,,,
,2026-06-03,____/VJ491,A649,A321,HAN-BMV,,06:00,,06:00,,05:54,05:55,06:04,,,EARLY,ONTIME,ONTIME,,,,,,,,,05:07,05:50,,,HAN,HAN,BMV,Domestic,VJ,,,,,,,,,,,,
,2026-06-03,____/VJ431,A655,A320,HAN-UIH,,06:05,,06:05,,05:59,06:00,06:09,,,EARLY,ONTIME,ONTIME,,,,,,,,,05:15,05:55,,,HAN,HAN,UIH,Domestic,VJ,,,,,,,,,,,,
,2026-06-03,____/VJ531,A534,A321,HAN-DAD,,06:30,,06:30,,06:59,07:00,07:08,,,DELAY,DELAY,DELAY,,,49,00:30,,,,,05:40,06:27,,DL49 UPDATE TECHLOG,HAN,HAN,DAD,Domestic,VJ,,,,,,,,,,,,
,2026-06-03,____/VJ449,A662,A320,HAN-PQC,,06:30,,06:30,,06:24,06:25,06:34,,,EARLY,ONTIME,ONTIME,,,,,,,,,05:45,06:23,,,HAN,HAN,PQC,Domestic,VJ,,,,,,,,,,,,
,2026-06-03,____/VJ461,A641,A321,HAN-VCA,,06:45,,06:45,,06:39,06:40,06:46,,,EARLY,ONTIME,ONTIME,,,,,,,,,06:00,06:38,,,HAN,HAN,VCA,Domestic,VJ,,,,,,,,,,,,
,2026-06-03,VJ5069/VJ5069,A575,A321,NOZ-HAN-CXR,06:15,06:45,06:15,06:45,06:00,06:36,06:38,06:43,00:30,00:38,EARLY,ONTIME,ONTIME,ONTIME,,,,,,,,,,X,,HAN,NOZ,CXR,Domestic,VJ,,,,,,,,,,,,
,2026-06-03,____/VJ125,A640,A321,HAN-SGN,,07:00,,07:00,,06:54,06:55,07:10,,,EARLY,ONTIME,ONTIME,,,,,,,,,06:10,06:52,,,HAN,HAN,SGN,Domestic,VJ,,,,,,,,,,,,
,2026-06-03,____/VJ1771,A687,A321,HAN-CXR,,07:00,,07:00,,06:54,06:55,07:10,,,EARLY,ONTIME,ONTIME,,,,,,,,,06:10,06:52,,,HAN,HAN,CXR,Domestic,VJ,,,,,,,,,,,,
,2026-06-03,____/VJ421,A542,A321,HAN-PXU,,07:10,,07:10,,07:04,07:05,07:20,,,EARLY,ONTIME,ONTIME,,,,,,,,,06:20,07:02,,,HAN,HAN,PXU,Domestic,VJ,,,,,,,,,,,,
,2026-06-03,____/VJ197,A549,A321,HAN-SGN,,07:20,,07:20,,07:14,07:15,07:24,,,EARLY,ONTIME,ONTIME,,,,,,,,,06:30,07:13,,,HAN,HAN,SGN,Domestic,VJ,,,,,,,,,,,,
,2026-06-03,____/VJ905,A672,A320,HAN-KUL,,07:25,,07:25,,07:19,07:20,07:33,,,EARLY,ONTIME,ONTIME,,,,,,,,,06:35,07:18,,,HAN,HAN,KUL,International,VJ,,,,,,,,,,,,
,2026-06-03,____/VJ503,A644,A321,HAN-DAD,,07:30,,07:30,,07:24,07:25,07:35,,,EARLY,ONTIME,ONTIME,,,,,,,,,06:40,07:22,,,HAN,HAN,DAD,Domestic,VJ,,,,,,,,,,,,
,2026-06-03,VJ120/VJ127,A670,A321,SGN-HAN-SGN,07:10,08:10,07:10,08:10,07:10,07:59,08:00,08:03,01:00,00:50,EARLY,ONTIME,ONTIME,ONTIME,,,,,,,,07:10,07:50,,,HAN,SGN,SGN,Domestic,VJ,,,,,,,,,,,,
,2026-06-03,____/VJ129,A607,A321,HAN-SGN,,08:45,,08:45,,08:44,08:45,08:56,,,ONTIME,ONTIME,ONTIME,,,,,,,,,08:00,08:43,,,HAN,HAN,SGN,Domestic,VJ,,,,,,,,,,,,
,2026-06-03,____/VJ447,A643,A321,HAN-PQC,,08:45,,08:45,,08:44,08:45,08:50,,,ONTIME,ONTIME,ONTIME,,,,,,,,,08:00,08:43,,,HAN,HAN,PQC,Domestic,VJ,,,,,,,,,,,,
,2026-06-03,VJ1508/VJ1435,A658,A320,DAD-HAN-UIH,08:20,08:50,08:20,08:50,08:25,08:47,08:48,08:52,00:30,00:23,EARLY,ONTIME,ONTIME,ONTIME,,,,,,,,08:28,08:46,,,HAN,DAD,UIH,Domestic,VJ,,,,,,,,,,,,
,2026-06-03,VJ514/VJ563,A634,A321,DAD-HAN-HUI,08:50,09:20,08:50,09:50,09:00,09:45,09:46,09:48,01:00,00:46,EARLY,ONTIME,DELAY,ONTIME,,,,,,,,09:00,09:44,,,HAN,DAD,HUI,Domestic,VJ,,,,,,,,,,,,
,2026-06-03,____/VJ505,A633,A321,HAN-DAD,,09:20,,09:20,,09:19,09:20,09:24,,,ONTIME,ONTIME,ONTIME,,,,,,,,,08:35,09:17,,,HAN,HAN,DAD,Domestic,VJ,,,,,,,,,,,,
,2026-06-03,____/VJ915,A516,A321,HAN-SIN,,09:35,,09:35,,09:24,09:25,09:30,,,EARLY,ONTIME,ONTIME,,,,,,,,,08:45,09:20,,,HAN,HAN,SIN,International,VJ,,,,,,,,,,,,
,2026-06-03,VJ972/VJ1773,A525,A321,DEL-HAN-CXR,05:40,10:00,05:40,10:00,05:55,09:56,09:57,10:10,04:20,04:02,EARLY,ONTIME,ONTIME,ONTIME,,,,,,,,09:05,09:54,,,HAN,DEL,CXR,Domestic,VJ,,,,,,,,,,,,
,2026-06-03,VJ126/VJ131,A661,A321,SGN-HAN-SGN,09:40,10:15,09:40,10:15,09:45,10:14,10:15,10:25,00:35,00:30,ONTIME,ONTIME,ONTIME,ONTIME,,,,,,,,09:45,10:13,,,HAN,SGN,SGN,Domestic,VJ,,,,,,,,,,,,
,2026-06-03,VJ1926/VJ425,A551,A321,AMD-HAN-PXU,05:55,10:20,05:55,10:20,06:15,10:33,10:34,10:35,04:25,04:19,DELAY,ONTIME,ONTIME,DELAY,,63A,00:14,,,,,09:50,10:30,,CREW ONBOARD 1008,HAN,AMD,PXU,Domestic,VJ,,,,,,,,,,,,
,2026-06-03,VJ1500/VJ463,A650,A320,DAD-HAN-VCA,07:00,10:20,07:00,10:20,06:52,10:19,10:20,10:35,03:20,03:28,ONTIME,ONTIME,ONTIME,ONTIME,,,,,,,,09:30,10:17,,,HAN,DAD,VCA,Domestic,VJ,,,,,,,,,,,,
,2026-06-03,VJ430/VJ1437,A655,A320,UIH-HAN-UIH,09:50,10:25,09:50,10:25,09:45,10:20,10:22,10:40,00:35,00:37,EARLY,ONTIME,ONTIME,ONTIME,,,,,,,,09:45,10:18,,,HAN,UIH,UIH,Domestic,VJ,,,,,,,,,,,,
,2026-06-03,VJ492/VJ1493,A649,A321,BMV-HAN-BMV,10:00,10:35,10:00,10:35,10:05,10:34,10:35,10:50,00:35,00:30,ONTIME,ONTIME,ONTIME,ONTIME,,,,,,,,09:55,10:31,,,HAN,BMV,BMV,Domestic,VJ,,,,,,,,,,,,
,2026-06-03,VJ770/VJ901,A667,A321,CXR-HAN-BKK,09:55,11:10,09:55,11:10,10:17,11:09,11:10,11:22,01:15,00:53,ONTIME,ONTIME,ONTIME,DELAY,,,,,,,,10:37,11:07,,,HAN,CXR,BKK,International,VJ,,,,,,,,,,,,
,2026-06-03,VJ524/VJ507,A644,A321,DAD-HAN-DAD,10:45,11:20,10:45,11:20,11:05,11:34,11:35,11:35,00:35,00:30,DELAY,ONTIME,ONTIME,DELAY,,93,00:15,,,,,11:00,11:32,,,HAN,DAD,DAD,Domestic,VJ,,,,,,,,,,,,
,2026-06-03,VJ130/VJ133,A544,A321,SGN-HAN-SGN,10:50,11:25,10:50,11:25,11:00,11:29,11:30,11:40,00:35,00:30,DELAY,ONTIME,ONTIME,ONTIME,,93,00:05,,,,,11:00,11:27,,,HAN,SGN,SGN,Domestic,VJ,,,,,,,,,,,,
,2026-06-03,VJ422/VJ565,A542,A321,PXU-HAN-HUI,10:50,11:30,10:50,11:30,11:10,11:34,11:35,11:40,00:40,00:25,DELAY,ONTIME,ONTIME,DELAY,,93,00:05,,,,,11:00,11:32,,,HAN,PXU,HUI,Domestic,VJ,,,,,,,,,,,,
,2026-06-03,VJ1448/VJ451,A673,A321,PQC-HAN-PQC,10:15,11:45,10:15,11:45,10:25,11:48,11:50,12:00,01:30,01:25,DELAY,ONTIME,ONTIME,ONTIME,,15A,00:05,,,,,11:00,11:51,,OFFLOAD 7 PAX 5 BAGS,HAN,PQC,PQC,Domestic,VJ,,,,,,,,,,,,
,2026-06-03,VJ450/VJ775,A662,A320,PQC-HAN-CXR,11:15,11:45,11:15,12:15,11:45,12:08,12:10,12:15,01:00,00:25,EARLY,ONTIME,DELAY,DELAY,,,,,,,,11:40,12:06,,,HAN,PQC,CXR,Domestic,VJ,,,,,,,,,,,,
,2026-06-03,VJ462/VJ515,A641,A321,VCA-HAN-DAD,11:40,12:10,11:40,12:10,11:55,12:24,12:25,12:25,00:30,00:30,DELAY,ONTIME,ONTIME,ONTIME,,93,00:15,,,,,11:51,12:22,,,HAN,VCA,DAD,Domestic,VJ,,,,,,,,,,,,
,2026-06-03,VJ122/VJ137,A684,A321,SGN-HAN-SGN,09:05,12:20,09:05,12:20,09:03,12:19,12:20,12:24,03:15,03:17,ONTIME,ONTIME,ONTIME,ONTIME,,,,,,,,11:30,12:18,,,HAN,SGN,SGN,Domestic,VJ,,,,,,,,,,,,
,2026-06-03,____/VJ453,A648,A321,HAN-PQC,,13:00,,13:00,,12:54,12:55,13:03,,,EARLY,ONTIME,ONTIME,,,,,,,,,12:15,12:52,,,HAN,HAN,PQC,Domestic,VJ,,,,,,,,,,,,
,2026-06-03,VJ1432/VJ509,A658,A320,UIH-HAN-DAD,12:35,13:05,12:35,13:05,12:33,13:04,13:05,13:10,00:30,00:32,ONTIME,ONTIME,ONTIME,ONTIME,,,,,,,,12:33,13:02,,,HAN,UIH,DAD,Domestic,VJ,,,,,,,,,,,,
,2026-06-03,VJ963/VJ787,A630,A321,ICN-HAN-CXR,09:05,13:10,08:55,13:10,08:50,13:09,13:10,13:20,04:15,04:20,ONTIME,ONTIME,ONTIME,ONTIME,,,,,,,,12:20,13:07,,,HAN,ICN,CXR,Domestic,VJ,,,,,,,,,,,,
,2026-06-03,VJ128/VJ433,A640,A321,SGN-HAN-UIH,12:20,13:20,11:50,13:20,12:45,13:18,13:19,13:22,01:30,00:34,EARLY,ONTIME,ONTIME,DELAY,,,,,,,,12:45,13:15,,,HAN,SGN,UIH,Domestic,VJ,,,,,,,,,,,,
,2026-06-03,VJ981/VJ948,A651,A321,PUS-HAN-RMQ,10:40,13:30,10:40,13:30,10:40,13:24,13:25,13:35,02:50,02:45,EARLY,ONTIME,ONTIME,ONTIME,,,,,,,,12:45,13:21,,,HAN,PUS,RMQ,International,VJ,,,,,,,,,,,,
,2026-06-03,VJ506/VJ191,A633,A321,DAD-HAN-SGN,12:30,14:00,12:30,14:00,12:40,13:59,14:00,14:05,01:30,01:20,ONTIME,ONTIME,ONTIME,ONTIME,,,,,,,,13:15,13:57,,,HAN,DAD,SGN,Domestic,VJ,,,,,,,,,,,,
,2026-06-03,VJ440/VJ441,A643,A321,PQC-HAN-PQC,13:30,14:05,13:30,14:05,13:35,14:04,14:05,14:08,00:35,00:30,ONTIME,ONTIME,ONTIME,ONTIME,,,,,,,,13:35,14:02,,,HAN,PQC,PQC,Domestic,VJ,,,,,,,,,,,,
,2026-06-03,VJ532/VJ525,A534,A321,DAD-HAN-DAD,09:45,14:05,09:45,14:05,10:38,14:04,14:05,14:14,04:20,03:27,ONTIME,ONTIME,ONTIME,DELAY,,,,,,,,13:10,14:02,,,HAN,DAD,DAD,Domestic,VJ,,,,,,,,,,,,
,2026-06-03,VJ564/VJ143,A634,A321,HUI-HAN-SGN,13:05,14:05,12:50,14:05,13:00,14:09,14:10,14:15,01:15,01:10,DELAY,ONTIME,ONTIME,ONTIME,,15A,00:05,,,,,13:15,14:07,,OFFLOAD 2 PAX 2 BAGS,HAN,HUI,SGN,Domestic,VJ,,,,,,,,,,,,
,2026-06-03,VJ939/VJ942,A536,A321,KIX-HAN-TPE,12:30,14:25,12:30,14:25,13:25,14:19,14:20,14:23,01:55,00:55,EARLY,ONTIME,ONTIME,DELAY,,,,,,,,13:45,14:17,,,HAN,KIX,TPE,International,VJ,,,,,,,,,,,,
,2026-06-03,VJ134/VJ149,A814,A330,SGN-HAN-SGN,13:30,14:30,13:30,15:30,14:40,15:29,15:30,15:40,02:00,00:50,ONTIME,ONTIME,DELAY,DELAY,,,,,,,,14:45,15:25,,,HAN,SGN,SGN,Domestic,VJ,,,,,,,,,,,,
,2026-06-03,VJ1504/VJ1505,A639,A321,DAD-HAN-DAD,14:00,14:35,14:00,14:35,14:05,14:34,14:35,14:40,00:35,00:30,ONTIME,ONTIME,ONTIME,ONTIME,,,,,,,,14:05,14:32,,,HAN,DAD,DAD,Domestic,VJ,,,,,,,,,,,,
,2026-06-03,VJ933/VJ946,A553,A321,NRT-HAN-KHH,08:55,14:35,13:05,14:35,13:05,14:16,14:18,14:28,01:30,01:13,EARLY,ONTIME,ONTIME,DELAY,,,,,,,,13:50,14:14,,,HAN,NRT,KHH,International,VJ,,,,,,,,,,,,
,2026-06-03,VJ961/VJ145,A535,A321,SGN-HAN-SGN,13:10,14:50,13:35,14:50,13:10,14:49,14:50,14:54,01:15,01:40,ONTIME,ONTIME,ONTIME,ONTIME,,,,,,,,14:10,14:47,,,HAN,SGN,SGN,Domestic,VJ,,,,,,,,,,,,
,2026-06-03,VJ1772/VJ467,A687,A321,PXU-HAN-VCA,14:05,14:50,11:15,14:50,11:45,14:49,14:50,14:57,03:35,03:05,ONTIME,ONTIME,ONTIME,ONTIME,,,,,,,,14:15,14:47,,,HAN,PXU,VCA,Domestic,VJ,,,,,,,,,,,,
,2026-06-03,VJ7707/VJ7707,A537,A321,KHV-HAN-CXR,14:25,14:55,14:25,14:55,14:46,15:04,15:05,15:10,00:30,00:19,DELAY,ONTIME,ONTIME,DELAY,,93,00:10,,,,,,,X,,HAN,KHV,CXR,Domestic,VJ,,,,,,,,,,,,
,2026-06-03,VJ426/VJ423,A551,A321,PXU-HAN-PXU,13:35,15:05,13:35,15:05,14:25,14:59,15:00,15:03,01:30,00:35,EARLY,ONTIME,ONTIME,DELAY,,,,,,,,14:26,14:57,,,HAN,PXU,PXU,Domestic,VJ,,,,,,,,,,,,
,2026-06-03,VJ136/VJ511,A539,A321,SGN-HAN-DAD,14:15,15:05,14:15,15:30,15:00,15:34,15:35,15:48,01:15,00:35,DELAY,ONTIME,DELAY,DELAY,,87,00:05,,,,,15:10,15:37,,STUCK AT PBB,HAN,SGN,DAD,Domestic,VJ,,,,,,,,,,,,
,2026-06-03,____/VJ1451,A666,A321,HAN-PQC,,15:10,,15:10,,15:09,15:10,15:19,,,ONTIME,ONTIME,ONTIME,,,,,,,,,14:30,15:07,,,HAN,HAN,PQC,Domestic,VJ,,,,,,,,,,,,
,2026-06-03,VJ566/VJ419,A542,A321,HUI-HAN-TBB,14:35,15:15,14:35,15:15,14:45,15:23,15:25,15:28,00:40,00:40,DELAY,ONTIME,ONTIME,ONTIME,,66,00:10,,,,,14:54,15:20,,CREW OB 1500,HAN,HUI,TBB,Domestic,VJ,,,,,,,,,,,,
,2026-06-03,VJ510/VJ439,A644,A321,DAD-HAN-UIH,14:35,15:40,14:35,15:40,15:05,15:39,15:40,15:46,01:05,00:35,ONTIME,ONTIME,ONTIME,DELAY,,,,,,,,15:05,15:38,,,HAN,DAD,UIH,Domestic,VJ,,,,,,,,,,,,
,2026-06-03,VJ1494/VJ903,A649,A321,BMV-HAN-BKK,14:40,15:45,14:40,15:45,15:30,16:14,16:15,16:20,01:05,00:45,DELAY,DELAY,DELAY,DELAY,,93,00:15,66,00:15,,,15:45,16:12,,CREW OB 1546,HAN,BMV,BKK,International,VJ,,,,,,,,,,,,
,2026-06-03,VJ138/VJ147,A578,A321,SGN-HAN-SGN,15:15,15:50,15:20,16:30,16:00,16:29,16:30,16:50,01:10,00:30,ONTIME,ONTIME,DELAY,DELAY,,,,,,,,16:00,16:28,,,HAN,SGN,SGN,Domestic,VJ,,,,,,,,,,,,
,2026-06-03,VJ464/VJ567,A650,A320,VCA-HAN-HUI,15:10,15:55,15:10,15:55,15:45,16:09,16:10,16:20,00:45,00:25,DELAY,ONTIME,DELAY,DELAY,,93,00:15,,,,,15:25,16:08,,,HAN,VCA,HUI,Domestic,VJ,,,,,,,,,,,,
,2026-06-03,VJ198/VJ773,A549,A321,SGN-HAN-CXR,13:10,16:00,13:10,16:00,14:55,15:54,15:55,16:14,02:50,01:00,EARLY,ONTIME,ONTIME,DELAY,,,,,,,,15:15,15:50,,,HAN,SGN,CXR,Domestic,VJ,,,,,,,,,,,,
,2026-06-03,VJ508/VJ465,A641,A321,DAD-HAN-VCA,15:25,17:00,15:25,17:00,16:05,16:55,16:56,17:06,01:35,00:51,EARLY,ONTIME,ONTIME,DELAY,,,,,,,,16:20,16:48,,,HAN,DAD,VCA,Domestic,VJ,,,,,,,,,,,,
,2026-06-03,VJ1774/VJ151,A693,A321,CXR-HAN-SGN,14:25,17:00,14:25,17:00,14:55,16:58,16:59,17:09,02:35,02:04,EARLY,ONTIME,ONTIME,DELAY,,,,,,,,16:10,16:55,,,HAN,CXR,SGN,Domestic,VJ,,,,,,,,,,,,
,2026-06-03,VJ530/VJ1513,A658,A320,DAD-HAN-DAD,16:25,17:10,16:25,17:10,16:55,17:19,17:20,17:25,00:45,00:25,DELAY,ONTIME,ONTIME,DELAY,,93,00:05,,,,,16:55,17:17,,,HAN,DAD,DAD,Domestic,VJ,,,,,,,,,,,,
,2026-06-03,VJ454/VJ495,A673,A321,PQC-HAN-BMV,16:45,17:30,16:45,18:00,17:30,17:57,17:58,18:08,01:15,00:28,EARLY,ONTIME,DELAY,DELAY,,,,,,,,17:30,17:55,,,HAN,PQC,BMV,Domestic,VJ,,,,,,,,,,,,
,2026-06-03,VJ772/VJ1433,A662,A320,CXR-HAN-UIH,15:55,17:40,15:55,17:40,16:50,17:39,17:40,17:45,01:45,00:50,ONTIME,ONTIME,ONTIME,DELAY,,,,,,,,16:55,17:37,,,HAN,CXR,UIH,Domestic,VJ,,,,,,,,,,,,
,2026-06-03,VJ452/VJ517,A580,A321,PQC-HAN-DAD,16:05,17:45,16:05,17:45,17:20,17:44,17:45,17:50,01:40,00:25,ONTIME,ONTIME,ONTIME,DELAY,,,,,,,,17:10,17:42,,,HAN,PQC,DAD,Domestic,VJ,,,,,,,,,,,,
,2026-06-03,VJ434/VJ1153,A640,A321,UIH-HAN-SGN,17:10,18:05,17:10,18:05,17:30,18:04,18:05,18:10,00:55,00:35,ONTIME,ONTIME,ONTIME,DELAY,,,,,,,,17:30,18:02,,,HAN,UIH,SGN,Domestic,VJ,,,,,,,,,,,,
,2026-06-03,VJ456/VJ781,A687,A321,PQC-HAN-CXR,17:45,18:20,17:45,18:20,18:00,18:24,18:25,18:47,00:35,00:25,DELAY,ONTIME,DELAY,ONTIME,,93,00:05,,,,,17:40,18:22,,LATE PUSHBACK DUE TO ATC,HAN,PQC,CXR,Domestic,VJ,,,,,,,,,,,,
,2026-06-03,VJ528/VJ1789,A534,A321,DAD-HAN-CXR,17:25,18:45,17:25,18:45,17:50,18:44,18:45,19:15,01:20,00:55,ONTIME,ONTIME,DELAY,DELAY,,,,,,,,18:00,18:40,,LATE PUSHBACK DUE TO ATC,HAN,DAD,CXR,Domestic,VJ,,,,,,,,,,,,
,2026-06-03,VJ512/VJ521,A539,A321,DAD-HAN-DAD,18:20,18:55,18:20,19:30,19:46,20:15,20:16,21:05,01:10,00:30,DELAY,DELAY,DELAY,DELAY,,93,00:46,,,,,19:46,20:14,,LATE PUSHBACK DUE TO ATC,HAN,DAD,DAD,Domestic,VJ,,,,,,,,,,,,
,2026-06-03,VJ424/VJ1561,A551,A321,PXU-HAN-HUI,18:45,19:15,18:45,19:15,19:28,19:57,19:58,20:15,00:30,00:30,DELAY,DELAY,DELAY,DELAY,,93,00:43,,,,,19:25,19:55,,LATE PUSHBACK DUE TO ATC,HAN,PXU,HUI,Domestic,VJ,,,,,,,,,,,,
,2026-06-03,VJ921/VJ1147,A200,A321,NGO-HAN-SGN,14:55,19:30,14:55,19:30,15:50,19:49,19:50,20:20,04:35,04:00,DELAY,DELAY,DELAY,DELAY,,95,00:20,,,,,19:15,19:47,,CREW VJ148 OB1920/LATE PUSHBACK DUE TO ATC,HAN,NGO,SGN,Domestic,VJ,,,,,,,,,,,,
,2026-06-03,VJ146/VJ519,A634,A321,SGN-HAN-DAD,19:00,19:35,19:00,19:35,19:55,20:24,20:25,21:19,00:35,00:30,DELAY,DELAY,DELAY,DELAY,,93,00:50,,,,,19:55,20:22,,LATE PUSHBACK DUE TO ATC,HAN,SGN,DAD,Domestic,VJ,,,,,,,,,,,,
,2026-06-03,VJ906/VJ7712,A672,A320,KUL-HAN-PKX,14:40,19:55,14:40,19:55,14:40,19:54,19:55,20:40,05:15,05:15,ONTIME,ONTIME,DELAY,ONTIME,,,,,,,,19:00,19:50,,LATE PUSHBACK DUE TO ATC,HAN,KUL,PKX,International,VJ,,,,,,,,,,,,
,2026-06-03,VJ148/VJ907,A500,A321,SGN-HAN-BOM,18:25,20:05,18:25,20:05,19:10,19:59,20:00,21:05,01:40,00:50,EARLY,ONTIME,DELAY,DELAY,,,,,,,,19:28,19:57,,LATE PUSHBACK DUE TO ATC,HAN,SGN,BOM,International,VJ,,,,,,,,,,,,
,2026-06-03,VJ144/VJ155,A820,A321,SGN-HAN-SGN,19:10,20:05,22:40,23:15,23:00,00:04,00:05,00:09,00:35,01:05,DELAY,DELAY,DELAY,DELAY,,93,00:30,41,00:20,,,,,,FERRY/ TECHNICAL CHECK,HAN,SGN,SGN,Domestic,VJ,,,,,,,,,,,,
,2026-06-03,VJ916/VJ455,A516,A321,SIN-HAN-PQC,17:25,20:05,17:25,20:05,17:18,19:56,19:57,20:15,02:40,02:39,EARLY,ONTIME,ONTIME,ONTIME,,,,,,,,19:30,19:55,,LATE PUSHBACK DUE TO ATC,HAN,SIN,PQC,Domestic,VJ,,,,,,,,,,,,
,2026-06-03,VJ442/VJ159,A643,A321,PQC-HAN-SGN,19:05,20:10,19:05,20:10,19:20,20:09,20:10,21:10,01:05,00:50,ONTIME,ONTIME,DELAY,ONTIME,,,,,,,,19:30,20:05,,LATE PUSHBACK DUE TO ATC,HAN,PQC,SGN,Domestic,VJ,,,,,,,,,,,,
,2026-06-03,VJ774/VJ7815,A630,A321,CXR-HAN-MNL,17:15,20:10,17:15,20:10,18:10,20:09,20:10,21:09,02:55,02:00,ONTIME,ONTIME,DELAY,DELAY,,,,,,,,19:25,20:05,,LATE PUSHBACK DUE TO ATC,HAN,CXR,MNL,International,VJ,,,,,,,,,,,,
,2026-06-03,VJ438/VJ783,A644,A321,UIH-HAN-CXR,19:25,20:25,19:25,20:25,20:15,20:42,20:43,20:55,01:00,00:28,DELAY,DELAY,DELAY,DELAY,,93,00:18,,,,,20:15,20:38,,,HAN,UIH,CXR,Domestic,VJ,,,,,,,,,,,,
,2026-06-03,VJ568/VJ7238,A650,A320,HUI-HAN-PVG,18:55,21:15,18:55,21:15,20:10,21:04,21:05,21:40,02:20,00:55,EARLY,ONTIME,DELAY,DELAY,,,,,,,,20:20,21:03,,LATE PUSHBACK DUE TO ATC,HAN,HUI,PVG,International,VJ,,,,,,,,,,,,
,2026-06-03,VJ154/VJ163,A632,A321,SGN-HAN-SGN,20:55,21:25,20:55,22:45,22:10,22:44,22:45,22:47,01:50,00:35,ONTIME,ONTIME,DELAY,DELAY,,,,,,,,22:10,22:42,,,HAN,SGN,SGN,Domestic,VJ,,,,,,,,,,,,
,2026-06-03,VJ1516/VJ1527,A662,A320,DAD-HAN-DAD,20:25,21:25,20:25,22:15,21:50,22:14,22:15,22:23,01:50,00:25,ONTIME,ONTIME,DELAY,DELAY,,,,,,,,21:40,22:12,,,HAN,DAD,DAD,Domestic,VJ,,,,,,,,,,,,
,2026-06-03,VJ194/VJ7526,A670,A321,SGN-HAN-CAN,19:20,22:30,19:20,22:30,20:04,22:15,22:16,22:24,03:10,02:12,EARLY,ONTIME,ONTIME,DELAY,,,,,,,,21:30,22:13,,,HAN,SGN,CAN,International,VJ,,,,,,,,,,,,
,2026-06-03,VJ466/VJ1503,A641,A321,VCA-HAN-DAD,21:50,22:35,21:50,22:50,22:35,23:09,23:10,23:18,01:00,00:35,DELAY,DELAY,DELAY,DELAY,,93,00:15,95,00:05,,,22:25,23:05,,CREW VJ520 OB 2250,HAN,VCA,DAD,Domestic,VJ,,,,,,,,,,,,
,2026-06-03,VJ904/VJ533,A649,A321,BKK-HAN-DAD,20:25,23:05,20:25,23:05,21:55,22:54,22:55,22:55,02:40,01:00,EARLY,ONTIME,ONTIME,DELAY,,,,,,,,22:00,22:51,,,HAN,BKK,DAD,Domestic,VJ,,,,,,,,,,,,
,2026-06-03,VJ520/VJ962,A683,A321,DAD-HAN-ICN,20:55,23:15,20:55,23:15,22:37,23:14,23:15,23:25,02:20,00:38,ONTIME,ONTIME,ONTIME,DELAY,,,,,,,,22:45,23:13,,,HAN,DAD,ICN,International,VJ,,,,,,,,,,,,
,2026-06-03,VJ947/VJ169,A553,A321,SGN-HAN-SGN,20:24,23:30,20:35,23:30,20:30,23:24,23:25,23:30,02:55,02:55,EARLY,ONTIME,ONTIME,ONTIME,,,,,,,,22:50,23:21,,,HAN,SGN,SGN,Domestic,VJ,,,,,,,,,,,,
,2026-06-04,VJ7704/VJ7704,A537,A321,HAN-VVO,23:50,00:20,23:50,00:20,00:00,00:29,00:30,00:35,00:30,00:30,DELAY,ONTIME,ONTIME,ONTIME,,93,00:10,,,,,,,x,,HAN,HAN,VVO,International,VJ,,,,,,,,,,,,
,2026-06-04,____/VJ932,A551,A321,HAN-NRT,,00:30,,00:30,,00:29,00:30,00:34,,,ONTIME,ONTIME,ONTIME,,,,,,,,,23:45,00:20,,,HAN,HAN,NRT,International,VJ,,,,,,,,,,,,
,2026-06-04,VJ7660/VJ7660,A580,A321,HAN-KHV,23:55,00:25,00:45,01:15,01:20,01:49,01:50,02:00,00:30,00:30,DELAY,DELAY,DELAY,ONTIME,,93,00:35,,,,,,,x,,HAN,HAN,KHV,International,VJ,,,,,,,,,,,,
,2026-06-04,____/VJ938,A536,A321,HAN-KIX,,01:20,,01:20,,01:19,01:20,01:21,,,ONTIME,ONTIME,ONTIME,,,,,,,,,00:25,01:15,,,HAN,HAN,KIX,International,VJ,,,,,,,,,,,,
,2026-06-04,____/VJ960,A651,A321,HAN-ICN,,01:40,,01:40,,01:34,01:35,01:35,,,EARLY,ONTIME,ONTIME,,,,,,,,,00:50,01:30,,,HAN,HAN,ICN,International,VJ,,,,,,,,,,,,
,2026-06-04,____/VJ958,A667,A321,HAN-FUK,,02:05,,02:05,,01:54,01:55,02:00,,,EARLY,ONTIME,ONTIME,,,,,,,,,01:15,01:50,,,HAN,HAN,FUK,International,VJ,,,,,,,,,,,,
,2026-06-04,____/VJ1980,A662,A320,HAN-FSZ,,02:40,,02:40,,02:27,02:28,02:30,,,EARLY,ONTIME,ONTIME,,,,,,,,,01:45,02:11,,,HAN,HAN,FSZ,International,VJ,,,,,,,,,,,,
,2026-06-04,____/VJ123,A640,A321,HAN-SGN,,05:30,,05:30,,05:24,05:25,05:33,,,EARLY,ONTIME,ONTIME,,,,,,,,,04:45,05:21,,,HAN,HAN,SGN,Domestic,VJ,,,,,,,,,,,,
,2026-06-04,____/VJ445,A542,A321,HAN-PQC,,05:30,,05:30,,05:24,05:25,05:40,,,EARLY,ONTIME,ONTIME,,,,,,,,,04:45,05:22,,,HAN,HAN,PQC,Domestic,VJ,,,,,,,,,,,,
,2026-06-04,____/VJ501,A634,A321,HAN-DAD,,05:40,,05:40,,05:34,05:35,05:38,,,EARLY,ONTIME,ONTIME,,,,,,,,,04:55,05:32,,,HAN,HAN,DAD,Domestic,VJ,,,,,,,,,,,,
,2026-06-04,____/VJ771,A666,A320,HAN-CXR,,05:45,,05:45,,05:39,05:40,05:46,,,EARLY,ONTIME,ONTIME,,,,,,,,,04:55,05:37,,,HAN,HAN,CXR,Domestic,VJ,,,,,,,,,,,,
,2026-06-04,____/VJ491,A535,A321,HAN-BMV,,06:00,,06:00,,05:44,05:45,05:50,,,EARLY,ONTIME,ONTIME,,,,,,,,,05:15,05:42,,,HAN,HAN,BMV,Domestic,VJ,,,,,,,,,,,,
,2026-06-04,VJ534/VJ121,A649,A321,DAD-HAN-SGN,02:20,06:00,02:20,06:00,02:02,05:54,05:55,06:02,03:40,03:53,EARLY,ONTIME,ONTIME,ONTIME,,,,,,,,05:15,05:52,,,HAN,DAD,SGN,Domestic,VJ,,,,,,,,,,,,
,2026-06-04,____/VJ431,A655,A320,HAN-UIH,,06:05,,06:05,,05:59,06:00,06:04,,,EARLY,ONTIME,ONTIME,,,,,,,,,05:15,05:58,,,HAN,HAN,UIH,Domestic,VJ,,,,,,,,,,,,
,2026-06-04,VJ7239/VJ952,A650,A320,PVG-HAN-HIJ,04:50,06:15,04:50,06:15,05:09,06:06,06:07,06:14,01:25,00:58,EARLY,ONTIME,ONTIME,DELAY,,,,,,,,05:30,06:02,,,HAN,PVG,HIJ,International,VJ,,,,,,,,,,,,
,2026-06-04,____/VJ531,A539,A321,HAN-DAD,,06:30,,06:30,,06:24,06:25,06:29,,,EARLY,ONTIME,ONTIME,,,,,,,,,05:35,05:21,,,HAN,HAN,DAD,Domestic,VJ,,,,,,,,,,,,
,2026-06-04,____/VJ461,A687,A321,HAN-VCA,,06:45,,06:45,,06:38,06:39,06:45,,,EARLY,ONTIME,ONTIME,,,,,,,,,06:00,06:35,,,HAN,HAN,VCA,Domestic,VJ,,,,,,,,,,,,
,2026-06-04,____/VJ125,A671,A320,HAN-SGN,,07:00,,07:00,,06:52,06:54,07:04,,,EARLY,ONTIME,ONTIME,,,,,,,,,06:15,06:50,,,HAN,HAN,SGN,Domestic,VJ,,,,,,,,,,,,
,2026-06-04,VJ7816/VJ1771,A630,A321,MNL-HAN-CXR,03:50,07:00,03:50,07:00,04:40,06:51,06:52,06:55,03:10,02:12,EARLY,ONTIME,ONTIME,DELAY,,,,,,,,06:00,06:48,,,HAN,MNL,CXR,Domestic,VJ,,,,,,,,,,,,
,2026-06-04,____/VJ421,A673,A321,HAN-PXU,,07:10,,07:10,,07:04,07:05,07:15,,,EARLY,ONTIME,ONTIME,,,,,,,,,06:25,07:00,,,HAN,HAN,PXU,Domestic,VJ,,,,,,,,,,,,
,2026-06-04,VJ7527/VJ503,A670,A321,CAN-HAN-DAD,03:05,07:30,03:05,07:30,02:58,07:24,07:25,07:30,04:25,04:27,EARLY,ONTIME,ONTIME,ONTIME,,,,,,,,06:40,07:21,,,HAN,CAN,DAD,Domestic,VJ,,,,,,,,,,,,
,2026-06-04,____/VJ127,A644,A321,HAN-SGN,,08:10,,08:10,,08:08,08:10,08:15,,,ONTIME,ONTIME,ONTIME,,,,,,,,,07:35,07:25,,,HAN,HAN,SGN,Domestic,VJ,,,,,,,,,,,,
,2026-06-04,____/VJ929,A549,A321,HAN-CGK,,08:40,,08:40,,08:29,08:30,08:33,,,EARLY,ONTIME,ONTIME,,,,,,,,,07:55,08:25,,,HAN,HAN,CGK,International,VJ,,,,,,,,,,,,
,2026-06-04,____/VJ447,A534,A321,HAN-PQC,,08:45,,08:45,,08:44,08:45,08:53,,,ONTIME,ONTIME,ONTIME,,,,,,,,,08:00,08:40,,,HAN,HAN,PQC,Domestic,VJ,,,,,,,,,,,,
,2026-06-04,VJ1508/VJ1435,A658,A320,DAD-HAN-UIH,08:20,08:50,08:20,08:50,08:35,08:59,09:00,09:05,00:30,00:25,DELAY,ONTIME,ONTIME,ONTIME,,93,00:10,,,,,08:35,08:55,,,HAN,DAD,UIH,Domestic,VJ,,,,,,,,,,,,
,2026-06-04,VJ7713/VJ129,A672,A320,PKX-HAN-SGN,03:55,09:00,03:55,09:00,05:03,08:59,09:00,09:15,05:05,03:57,ONTIME,ONTIME,ONTIME,DELAY,,,,,,,,08:15,08:55,,,HAN,PKX,SGN,Domestic,VJ,,,,,,,,,,,,
,2026-06-04,VJ514/VJ563,A634,A321,DAD-HAN-HUI,08:50,09:20,08:50,09:20,09:15,09:39,09:40,09:47,00:30,00:25,DELAY,DELAY,DELAY,DELAY,,93,00:20,,,,,09:15,09:35,,,HAN,DAD,HUI,Domestic,VJ,,,,,,,,,,,,
,2026-06-04,____/VJ915,A646,A321,HAN-SIN,,09:35,,09:35,,09:29,09:30,09:31,,,EARLY,ONTIME,ONTIME,,,,,,,,,08:45,09:27,,,HAN,HAN,SIN,International,VJ,,,,,,,,,,,,
,2026-06-04,____/VJ1773,A687,A321,HAN-CXR,,10:00,,10:00,,10:13,10:14,10:15,,,DELAY,ONTIME,ONTIME,,,,,63A,00:10,34,00:04,09:15,10:10,,CREW OB 0930  / BROKEN BUS,HAN,HAN,CXR,Domestic,VJ,,,,,,,,,,,,
,2026-06-04,VJ126/VJ131,A643,A321,SGN-HAN-SGN,09:40,10:10,09:40,10:10,10:10,10:39,10:40,10:54,00:30,00:30,DELAY,DELAY,DELAY,DELAY,,93,00:30,,,,,10:10,10:35,,,HAN,SGN,SGN,Domestic,VJ,,,,,,,,,,,,
,2026-06-04,VJ156/VJ135,A543,A321,SGN-HAN-SGN,09:00,10:10,09:00,10:10,09:10,10:09,10:10,10:13,01:10,01:00,ONTIME,ONTIME,ONTIME,ONTIME,,,,,,,,09:25,10:05,,,HAN,SGN,SGN,Domestic,VJ,,,,,,,,,,,,
,2026-06-04,VJ532/VJ425,A539,A321,DAD-HAN-PXU,09:45,10:20,09:45,10:20,10:10,10:34,10:35,10:45,00:35,00:25,DELAY,ONTIME,DELAY,DELAY,,93,00:15,,,,,10:10,10:30,,,HAN,DAD,PXU,Domestic,VJ,,,,,,,,,,,,
,2026-06-04,VJ122/VJ997,A693,A321,SGN-HAN-DPS,09:05,10:25,09:05,10:25,09:50,10:34,10:35,10:40,01:20,00:45,DELAY,ONTIME,ONTIME,DELAY,,,,66,00:10,,,10:00,10:30,,CREW HN OB 1005,HAN,SGN,DPS,International,VJ,,,,,,,,,,,,
,2026-06-04,VJ120/VJ1437,A669,A320,SGN-HAN-UIH,07:10,10:25,07:10,10:25,07:22,10:24,10:25,10:31,03:15,03:03,ONTIME,ONTIME,ONTIME,ONTIME,,,,,,,,09:40,10:20,,,HAN,SGN,UIH,Domestic,VJ,,,,,,,,,,,,
,2026-06-04,VJ430/VJ463,A655,A320,UIH-HAN-VCA,09:50,10:30,09:50,10:30,09:50,10:29,10:30,10:45,00:40,00:40,ONTIME,ONTIME,ONTIME,ONTIME,,,,,,,,09:50,10:25,,,HAN,UIH,VCA,Domestic,VJ,,,,,,,,,,,,
,2026-06-04,VJ492/VJ1493,A535,A321,BMV-HAN-BMV,10:00,10:30,10:00,10:30,09:55,10:26,10:28,10:35,00:30,00:33,EARLY,ONTIME,ONTIME,ONTIME,,,,,,,,09:45,10:22,,,HAN,BMV,BMV,Domestic,VJ,,,,,,,,,,,,
,2026-06-04,VJ770/VJ565,A666,A320,CXR-HAN-HUI,09:55,10:30,09:55,10:30,10:05,10:29,10:30,10:38,00:35,00:25,ONTIME,ONTIME,ONTIME,ONTIME,,,,,,,,10:05,10:25,,,HAN,CXR,HUI,Domestic,VJ,,,,,,,,,,,,
,2026-06-04,VJ124/VJ901,A632,A321,SGN-HAN-BKK,08:15,11:10,08:15,11:10,08:25,11:09,11:10,11:12,02:55,02:45,ONTIME,ONTIME,ONTIME,ONTIME,,,,,,,,10:30,10:55,,,HAN,SGN,BKK,International,VJ,,,,,,,,,,,,
,2026-06-04,VJ524/VJ507,A670,A321,DAD-HAN-DAD,10:45,11:20,10:45,11:20,11:15,11:44,11:45,11:55,00:35,00:30,DELAY,DELAY,DELAY,DELAY,,93,00:25,,,,,11:15,11:40,,,HAN,DAD,DAD,Domestic,VJ,,,,,,,,,,,,
,2026-06-04,VJ130/VJ133,A554,A321,SGN-HAN-SGN,10:50,11:20,10:50,11:20,11:10,11:44,11:45,12:08,00:30,00:35,DELAY,DELAY,DELAY,DELAY,,93,00:20,95,00:05,,,11:10,11:40,,CREW VJ122 OB 1118,HAN,SGN,SGN,Domestic,VJ,,,,,,,,,,,,
,2026-06-04,VJ422/VJ451,A673,A321,PXU-HAN-PQC,10:50,11:45,10:50,11:45,11:00,11:43,11:44,11:53,00:55,00:44,EARLY,ONTIME,ONTIME,ONTIME,,,,,,,,11:00,11:40,,,HAN,PXU,PQC,Domestic,VJ,,,,,,,,,,,,
,2026-06-04,VJ1772/VJ1453,A630,A321,CXR-HAN-PQC,11:15,11:50,11:15,11:50,11:35,11:59,12:00,12:05,00:35,00:25,DELAY,ONTIME,ONTIME,DELAY,,93,00:10,,,,,11:35,11:55,,,HAN,CXR,PQC,Domestic,VJ,,,,,,,,,,,,
,2026-06-04,VJ462/VJ515,A542,A321,VCA-HAN-DAD,11:40,12:10,11:40,12:10,12:10,12:39,12:40,12:49,00:30,00:30,DELAY,DELAY,DELAY,DELAY,,93,00:30,,,,,12:10,12:35,,,HAN,VCA,DAD,Domestic,VJ,,,,,,,,,,,,
,2026-06-04,VJ128/VJ137,A671,A320,SGN-HAN-SGN,11:50,12:20,11:50,12:20,12:15,12:39,12:40,12:50,00:30,00:25,DELAY,DELAY,DELAY,DELAY,,93,00:30,,,,,12:15,12:38,,,HAN,SGN,SGN,Domestic,VJ,,,,,,,,,,,,
,2026-06-04,VJ7705/VJ7705,A537,A321,VVO-HAN-CXR,12:20,12:50,12:20,12:50,12:25,12:49,12:50,12:58,00:30,00:25,ONTIME,ONTIME,ONTIME,ONTIME,,,,,,,,,,x,,HAN,VVO,CXR,Domestic,VJ,,,,,,,,,,,,
,2026-06-04,VJ448/VJ453,A648,A321,PQC-HAN-PQC,10:15,13:00,10:15,13:00,10:35,12:56,12:57,13:05,02:45,02:22,EARLY,ONTIME,ONTIME,DELAY,,,,,,,,12:15,12:54,,,HAN,PQC,PQC,Domestic,VJ,,,,,,,,,,,,
,2026-06-04,VJ1432/VJ509,A658,A320,UIH-HAN-DAD,12:35,13:05,12:35,13:05,13:05,13:29,13:30,13:35,00:30,00:25,DELAY,DELAY,DELAY,DELAY,,93,00:25,,,,,13:05,13:29,,,HAN,UIH,DAD,Domestic,VJ,,,,,,,,,,,,
,2026-06-04,VJ939/VJ787,A536,A321,KIX-HAN-CXR,12:20,13:10,12:20,13:10,12:25,13:03,13:04,13:14,00:50,00:39,EARLY,ONTIME,ONTIME,ONTIME,,,,,,,,12:25,13:00,,,HAN,KIX,CXR,Domestic,VJ,,,,,,,,,,,,
,2026-06-04,VJ963/VJ433,A683,A321,ICN-HAN-UIH,08:55,13:20,08:55,13:20,08:51,13:17,13:18,13:20,04:25,04:27,EARLY,ONTIME,ONTIME,ONTIME,,,,,,,,12:40,13:15,,,HAN,ICN,UIH,Domestic,VJ,,,,,,,,,,,,
,2026-06-04,____/VJ948,A500,A321,HAN-RMQ,,13:30,,13:30,,13:15,13:18,13:20,,,EARLY,ONTIME,ONTIME,,,,,,,,,12:50,13:12,,,HAN,HAN,RMQ,International,VJ,,,,,,,,,,,,
,2026-06-04,VJ134/VJ143,A644,A321,SGN-HAN-SGN,13:30,14:05,13:30,14:05,13:40,14:14,14:15,14:20,00:35,00:35,DELAY,ONTIME,ONTIME,ONTIME,,93,00:05,66,00:05,,,13:45,14:10,,,HAN,SGN,SGN,Domestic,VJ,,,,,,,,,,,,
,2026-06-04,VJ440/VJ441,A534,A321,PQC-HAN-PQC,13:30,14:10,13:30,14:10,13:45,14:14,14:15,14:25,00:40,00:30,DELAY,ONTIME,ONTIME,ONTIME,,93,00:05,,,,,13:45,14:11,,,HAN,PQC,PQC,Domestic,VJ,,,,,,,,,,,,
,2026-06-04,VJ566/VJ525,A666,A320,HUI-HAN-DAD,13:30,14:10,13:30,14:10,13:55,14:23,14:24,14:25,00:40,00:29,DELAY,ONTIME,ONTIME,DELAY,,93,00:10,66,00:04,,,14:05,14:21,,CREW HN OB 1401,HAN,HUI,DAD,Domestic,VJ,,,,,,,,,,,,
,2026-06-04,VJ959/VJ942,A667,A321,FUK-HAN-TPE,11:25,14:25,11:25,14:25,11:30,14:20,14:22,14:23,03:00,02:52,EARLY,ONTIME,ONTIME,ONTIME,,,,,,,,13:40,14:18,,,HAN,FUK,TPE,International,VJ,,,,,,,,,,,,
,2026-06-04,VJ961/VJ467,A651,A321,ICN-HAN-VCA,13:35,14:30,13:35,14:30,13:35,14:29,14:30,14:40,00:55,00:55,ONTIME,ONTIME,ONTIME,ONTIME,,,,,,,,13:50,14:26,,,HAN,ICN,VCA,Domestic,VJ,,,,,,,,,,,,
,2026-06-04,VJ1504/VJ1505,A641,A321,DAD-HAN-DAD,14:00,14:35,14:00,14:35,14:00,14:28,14:29,14:37,00:35,00:29,EARLY,ONTIME,ONTIME,ONTIME,,,,,,,,14:00,14:25,,,HAN,DAD,DAD,Domestic,VJ,,,,,,,,,,,,
,2026-06-04,VJ564/VJ145,A634,A321,HUI-HAN-SGN,14:05,14:50,12:20,14:50,12:45,14:49,14:50,15:05,02:30,02:05,ONTIME,ONTIME,ONTIME,ONTIME,,,,,,,,14:00,14:45,,,HAN,HUI,SGN,Domestic,VJ,,,,,,,,,,,,
,2026-06-04,VJ1436/VJ419,A669,A320,UIH-HAN-TBB,14:20,15:10,14:10,15:10,14:25,15:22,15:23,15:25,01:00,00:58,DELAY,ONTIME,ONTIME,ONTIME,,61,00:13,,,,,14:50,15:20,,CHANGE FPL,HAN,UIH,TBB,Domestic,VJ,,,,,,,,,,,,
,2026-06-04,VJ426/VJ423,A539,A321,PXU-HAN-PXU,14:30,15:10,14:05,15:10,14:30,15:09,15:10,15:18,01:05,00:40,ONTIME,ONTIME,ONTIME,ONTIME,,,,,,,,14:30,15:05,,,HAN,PXU,PXU,Domestic,VJ,,,,,,,,,,,,
,2026-06-04,VJ510/VJ511,A633,A321,DAD-HAN-DAD,14:40,15:15,14:40,15:15,14:45,15:14,15:15,15:23,00:35,00:30,ONTIME,ONTIME,ONTIME,ONTIME,,,,,,,,14:45,15:12,,,HAN,DAD,DAD,Domestic,VJ,,,,,,,,,,,,
,2026-06-04,VJ7661/VJ7661,A580,A321,KHV-HAN-DAD,15:05,15:35,15:05,15:35,15:15,15:34,15:35,15:43,00:30,00:20,ONTIME,ONTIME,ONTIME,ONTIME,,,,,,,,,,x,,HAN,KHV,DAD,Domestic,VJ,,,,,,,,,,,,
,2026-06-04,VJ1774/VJ439,A687,A321,CXR-HAN-UIH,14:20,15:40,14:20,15:40,15:05,15:39,15:40,15:42,01:20,00:35,ONTIME,ONTIME,ONTIME,DELAY,,,,,,,,15:00,15:38,,,HAN,CXR,UIH,Domestic,VJ,,,,,,,,,,,,
,2026-06-04,VJ138/VJ147,A544,A321,SGN-HAN-SGN,15:15,15:45,15:15,15:45,15:25,15:54,15:55,16:00,00:30,00:30,DELAY,ONTIME,ONTIME,ONTIME,,93,00:10,,,,,15:25,15:52,,,HAN,SGN,SGN,Domestic,VJ,,,,,,,,,,,,
,2026-06-04,VJ1981/VJ903,A662,A320,FSZ-HAN-BKK,14:00,15:45,14:00,15:45,14:14,15:37,15:38,15:43,01:45,01:24,EARLY,ONTIME,ONTIME,ONTIME,,,,,,,,15:00,15:35,,,HAN,FSZ,BKK,International,VJ,,,,,,,,,,,,
,2026-06-04,VJ464/VJ567,A655,A320,VCA-HAN-HUI,15:25,16:00,15:25,16:00,15:55,16:19,16:20,16:25,00:35,00:25,DELAY,DELAY,DELAY,DELAY,,93,00:20,,,,,15:46,16:18,,,HAN,VCA,HUI,Domestic,VJ,,,,,,,,,,,,
,2026-06-04,VJ1494/VJ773,A535,A321,BMV-HAN-CXR,15:25,16:05,14:30,16:05,14:35,16:01,16:02,16:07,01:35,01:27,EARLY,ONTIME,ONTIME,ONTIME,,,,,,,,15:20,15:57,,,HAN,BMV,CXR,Domestic,VJ,,,,,,,,,,,,
,2026-06-04,VJ508/VJ913,A542,A321,DAD-HAN-SAI,13:35,16:20,15:25,16:50,16:20,16:49,16:50,17:00,01:25,00:30,ONTIME,ONTIME,DELAY,DELAY,,,,,,,,16:35,16:47,,,HAN,DAD,SAI,International,VJ,,,,,,,,,,,,
,2026-06-04,VJ136/VJ193,A649,A321,SGN-HAN-SGN,14:10,16:30,14:10,16:30,15:10,16:29,16:30,16:40,02:20,01:20,ONTIME,ONTIME,ONTIME,DELAY,,,,,,,,15:55,16:25,,,HAN,SGN,SGN,Domestic,VJ,,,,,,,,,,,,
,2026-06-04,VJ902/VJ151,A645,A321,BKK-HAN-SGN,15:50,16:50,15:50,16:50,16:00,16:49,16:50,17:00,01:00,00:50,ONTIME,ONTIME,ONTIME,ONTIME,,,,,,,,16:00,16:48,,,HAN,BKK,SGN,Domestic,VJ,,,,,,,,,,,,
,2026-06-04,VJ142/VJ465,A543,A321,SGN-HAN-VCA,15:30,17:00,15:30,17:00,15:40,16:59,17:00,17:04,01:30,01:20,ONTIME,ONTIME,ONTIME,ONTIME,,,,,,,,16:15,16:58,,,HAN,SGN,VCA,Domestic,VJ,,,,,,,,,,,,
,2026-06-04,VJ530/VJ1457,A658,A320,DAD-HAN-PQC,16:25,17:10,16:25,17:10,16:30,17:09,17:10,17:15,00:45,00:40,ONTIME,ONTIME,ONTIME,ONTIME,,,,,,,,16:30,17:07,,,HAN,DAD,PQC,Domestic,VJ,,,,,,,,,,,,
,2026-06-04,VJ454/VJ495,A673,A321,PQC-HAN-BMV,16:45,17:30,16:45,17:30,16:55,17:29,17:30,17:34,00:45,00:35,ONTIME,ONTIME,ONTIME,ONTIME,,,,,,,,16:48,17:26,,,HAN,PQC,BMV,Domestic,VJ,,,,,,,,,,,,
,2026-06-04,VJ1454/VJ141,A630,A321,PQC-HAN-SGN,16:35,17:35,16:35,17:35,17:10,17:39,17:40,17:48,01:00,00:30,DELAY,ONTIME,ONTIME,DELAY,,93,00:05,,,,,17:05,17:38,,,HAN,PQC,SGN,Domestic,VJ,,,,,,,,,,,,
,2026-06-04,VJ434/VJ517,A683,A321,UIH-HAN-DAD,17:10,17:45,17:10,17:45,17:15,17:44,17:45,17:50,00:35,00:30,ONTIME,ONTIME,ONTIME,ONTIME,,,,,,,,17:10,17:43,,,HAN,UIH,DAD,Domestic,VJ,,,,,,,,,,,,
,2026-06-04,VJ528/VJ1433,A666,A320,DAD-HAN-UIH,17:25,17:55,17:25,18:20,17:55,18:19,18:20,18:25,00:55,00:25,ONTIME,ONTIME,DELAY,DELAY,,,,,,,,17:50,18:17,,,HAN,DAD,UIH,Domestic,VJ,,,,,,,,,,,,
,2026-06-04,VJ774/VJ781,A536,A321,CXR-HAN-CXR,17:15,18:15,17:15,18:15,17:35,18:08,18:10,18:11,01:00,00:35,EARLY,ONTIME,ONTIME,DELAY,,,,,,,,17:28,18:05,,,HAN,CXR,CXR,Domestic,VJ,,,,,,,,,,,,
,2026-06-04,VJ953/VJ1153,A650,A320,HIJ-HAN-SGN,16:10,18:30,16:10,18:30,16:20,18:29,18:30,18:30,02:20,02:10,ONTIME,ONTIME,ONTIME,ONTIME,,,,,,,,17:45,18:28,,,HAN,HIJ,SGN,Domestic,VJ,,,,,,,,,,,,
,2026-06-04,VJ456/VJ1789,A648,A321,PQC-HAN-CXR,17:45,18:45,17:45,18:45,18:10,18:43,18:44,18:50,01:00,00:34,EARLY,ONTIME,ONTIME,DELAY,,,,,,,,18:10,18:42,,,HAN,PQC,CXR,Domestic,VJ,,,,,,,,,,,,
,2026-06-04,VJ916/VJ155,A646,A321,SIN-HAN-SGN,17:25,18:55,17:25,18:55,17:25,18:54,18:55,19:00,01:30,01:30,ONTIME,ONTIME,ONTIME,ONTIME,,,,,,,,18:10,18:52,,,HAN,SIN,SGN,Domestic,VJ,,,,,,,,,,,,
,2026-06-04,VJ512/VJ521,A670,A321,DAD-HAN-DAD,18:30,19:05,18:30,19:05,18:45,19:12,19:13,19:13,00:35,00:28,DELAY,ONTIME,ONTIME,ONTIME,,93,00:08,,,,,18:45,19:10,,,HAN,DAD,DAD,Domestic,VJ,,,,,,,,,,,,
,2026-06-04,VJ144/VJ519,A526,A321,SGN-HAN-DAD,15:50,19:25,15:50,19:25,18:30,19:19,19:20,19:20,03:35,00:50,EARLY,ONTIME,ONTIME,DELAY,,,,,,,,18:35,19:17,,,HAN,SGN,DAD,Domestic,VJ,,,,,,,,,,,,
,2026-06-04,VJ424/VJ1561,A535,A321,PXU-HAN-HUI,18:55,19:30,18:55,19:30,19:15,19:34,19:35,19:45,00:35,00:20,DELAY,ONTIME,ONTIME,DELAY,,93,00:05,,,,,18:50,19:32,,,HAN,PXU,HUI,Domestic,VJ,,,,,,,,,,,,
,2026-06-04,VJ148/VJ971,A526,A321,SGN-HAN-DEL,18:25,19:40,18:25,19:40,18:50,19:39,19:40,19:42,01:15,00:50,ONTIME,ONTIME,ONTIME,DELAY,,,,,,,,19:10,19:37,,,HAN,SGN,DEL,International,VJ,,,,,,,,,,,,
,2026-06-04,VJ928/VJ1925,A549,A321,CGK-HAN-AMD,18:15,19:45,18:15,19:45,18:35,19:44,19:45,19:47,01:30,01:10,ONTIME,ONTIME,ONTIME,DELAY,,,,,,,,18:55,19:42,,,HAN,CGK,AMD,International,VJ,,,,,,,,,,,,
,2026-06-04,VJ568/VJ7712,A655,A320,HUI-HAN-PKX,19:05,19:55,19:05,20:15,19:35,20:08,20:09,20:10,01:10,00:34,EARLY,ONTIME,ONTIME,DELAY,,,,,,,,19:47,20:05,,,HAN,HUI,PKX,International,VJ,,,,,,,,,,,,
,2026-06-04,VJ152/VJ159,A546,A321,SGN-HAN-SGN,19:20,20:10,19:20,20:10,19:40,20:09,20:10,20:15,00:50,00:30,ONTIME,ONTIME,ONTIME,DELAY,,,,,,,,19:40,20:07,,,HAN,SGN,SGN,Domestic,VJ,,,,,,,,,,,,
,2026-06-04,VJ442/VJ783,A534,A321,PQC-HAN-CXR,19:05,20:25,19:05,20:25,19:30,20:24,20:25,20:30,01:20,00:55,ONTIME,ONTIME,ONTIME,DELAY,,,,,,,,19:40,20:22,,,HAN,PQC,CXR,Domestic,VJ,,,,,,,,,,,,
,2026-06-04,VJ468/VJ161,A644,A321,VCA-HAN-SGN,19:50,20:55,19:50,20:55,19:45,20:50,20:51,21:03,01:05,01:06,EARLY,ONTIME,ONTIME,ONTIME,,,,,,,,20:10,20:47,,,HAN,VCA,SGN,Domestic,VJ,,,,,,,,,,,,
,2026-06-04,VJ420/VJ7238,A669,A320,TBB-HAN-PVG,19:25,21:15,19:30,21:15,19:35,20:59,21:00,21:08,01:45,01:25,EARLY,ONTIME,ONTIME,ONTIME,,,,,,,,20:30,20:57,,,HAN,TBB,PVG,International,VJ,,,,,,,,,,,,
,2026-06-04,VJ904/VJ1527,A662,A320,BKK-HAN-DAD,20:25,21:25,20:25,21:25,20:55,21:19,21:20,22:48,01:00,00:25,EARLY,ONTIME,DELAY,DELAY,,,,,,,,20:51,21:17,,LATE PUSH BACK DUE TO BAD WEATHER AT HAN,HAN,BKK,DAD,Domestic,VJ,,,,,,,,,,,,
,2026-06-04,VJ518/VJ1503,A636,A321,DAD-HAN-DAD,22:05,22:35,22:05,23:50,23:28,23:49,23:50,00:05,01:45,00:22,ONTIME,ONTIME,DELAY,DELAY,,,,,,,,23:23,23:47,,,HAN,DAD,DAD,Domestic,VJ,,,,,,,,,,,,
,2026-06-05,____/VJ932,A524,A321,HAN-NRT,,00:30,,00:30,,00:21,00:22,00:39,,,EARLY,ONTIME,ONTIME,,,,,,,,,23:40,00:20,,,HAN,HAN,NRT,International,VJ,,,,,,,,,,,,
,2026-06-05,____/VJ982,A687,A321,HAN-PUS,,01:05,,01:05,,00:59,01:00,01:10,,,EARLY,ONTIME,ONTIME,,,,,,,,,00:10,00:57,,,HAN,HAN,PUS,International,VJ,,,,,,,,,,,,
,2026-06-05,____/VJ938,A693,A321,HAN-KIX,,01:20,,01:20,,01:19,01:20,01:26,,,ONTIME,ONTIME,ONTIME,,,,,,,,,00:20,01:17,,,HAN,HAN,KIX,International,VJ,,,,,,,,,,,,
,2026-06-05,____/VJ960,A697,A321,HAN-ICN,,01:40,,01:40,,01:39,01:40,01:45,,,ONTIME,ONTIME,ONTIME,,,,,,,,,00:40,01:37,,,HAN,HAN,ICN,International,VJ,,,,,,,,,,,,
,2026-06-05,____/VJ920,A500,A321,HAN-NGO,,01:40,,01:40,,01:36,01:37,01:42,,,EARLY,ONTIME,ONTIME,,,,,,,,,00:40,01:35,,,HAN,HAN,NGO,International,VJ,,,,,,,,,,,,
,2026-06-05,____/VJ958,A535,A321,HAN-FUK,,02:05,,02:05,,02:01,02:02,02:04,,,EARLY,ONTIME,ONTIME,,,,,,,,,01:20,02:00,,,HAN,HAN,FUK,International,VJ,,,,,,,,,,,,
,2026-06-05,VJ7614/VJ7614,A537,A321,CXR-HAN-BQS,,02:15,,02:15,01:30,02:01,02:03,02:12,,,EARLY,ONTIME,ONTIME,,,,,,,,,,,X,,HAN,CXR,BQS,International,VJ,,,,,,,,,,,,
,2026-06-05,____/VJ123,A542,A321,HAN-SGN,,05:30,,05:30,,05:24,05:25,05:34,,,EARLY,ONTIME,ONTIME,,,,,,,,,04:45,05:22,,,HAN,HAN,SGN,Domestic,VJ,,,,,,,,,,,,
,2026-06-05,____/VJ771,A815,A330,HAN-CXR,,05:45,,05:45,,05:39,05:40,05:50,,,EARLY,ONTIME,ONTIME,,,,,,,,,04:55,05:35,,,HAN,HAN,CXR,Domestic,VJ,,,,,,,,,,,,
,2026-06-05,____/VJ121,A673,A321,HAN-SGN,,06:00,,06:00,,05:54,05:55,06:00,,,EARLY,ONTIME,ONTIME,,,,,,,,,05:10,05:53,,,HAN,HAN,SGN,Domestic,VJ,,,,,,,,,,,,
,2026-06-05,____/VJ491,A539,A321,HAN-BMV,,06:00,,06:00,,05:54,05:55,06:01,,,EARLY,ONTIME,ONTIME,,,,,,,,,05:13,05:52,,,HAN,HAN,BMV,Domestic,VJ,,,,,,,,,,,,
,2026-06-05,____/VJ431,A666,A320,HAN-UIH,,06:05,,06:05,,05:59,06:00,06:05,,,EARLY,ONTIME,ONTIME,,,,,,,,,05:20,05:59,,,HAN,HAN,UIH,Domestic,VJ,,,,,,,,,,,,
,2026-06-05,____/VJ449,A634,A321,HAN-PQC,,06:30,,06:30,,06:24,06:25,06:26,,,EARLY,ONTIME,ONTIME,,,,,,,,,05:40,06:22,,,HAN,HAN,PQC,Domestic,VJ,,,,,,,,,,,,
,2026-06-05,____/VJ531,A641,A321,HAN-DAD,,06:30,,06:30,,06:19,06:20,06:29,,,EARLY,ONTIME,ONTIME,,,,,,,,,05:45,06:17,,,HAN,HAN,DAD,Domestic,VJ,,,,,,,,,,,,
,2026-06-05,____/VJ461,A526,A321,HAN-VCA,,06:45,,06:45,,06:38,06:39,06:43,,,EARLY,ONTIME,ONTIME,,,,,,,,,06:00,06:37,,,HAN,HAN,VCA,Domestic,VJ,,,,,,,,,,,,
,2026-06-05,VJ7239/VJ125,A669,A320,PVG-HAN-SGN,04:50,07:00,04:50,07:00,04:38,06:54,06:55,07:05,02:10,02:17,EARLY,ONTIME,ONTIME,ONTIME,,,,,,,,06:10,06:52,,,HAN,PVG,SGN,Domestic,VJ,,,,,,,,,,,,
,2026-06-05,____/VJ421,A651,A321,HAN-PXU,,07:10,,07:10,,07:04,07:05,07:15,,,EARLY,ONTIME,ONTIME,,,,,,,,,06:20,07:04,,,HAN,HAN,PXU,Domestic,VJ,,,,,,,,,,,,
,2026-06-05,____/VJ197,A650,A320,HAN-SGN,,07:20,,07:20,,07:11,07:12,07:21,,,EARLY,ONTIME,ONTIME,,,,,,,,,06:35,07:10,,,HAN,HAN,SGN,Domestic,VJ,,,,,,,,,,,,
,2026-06-05,VJ7713/VJ905,A655,A320,PKX-HAN-KUL,03:55,07:25,03:55,07:25,04:25,07:14,07:15,07:25,03:30,02:50,EARLY,ONTIME,ONTIME,DELAY,,,,,,,,06:40,07:09,,,HAN,PKX,KUL,International,VJ,,,,,,,,,,,,
,2026-06-05,____/VJ503,A636,A321,HAN-DAD,,07:45,,07:45,,07:44,07:45,07:55,,,ONTIME,ONTIME,ONTIME,,,,,,,,,07:05,07:42,,CREW VJ1500 OB 0727,HAN,HAN,DAD,Domestic,VJ,,,,,,,,,,,,
,2026-06-05,VJ972/VJ934,A521,A321,DEL-HAN-NRT,05:40,07:55,05:40,07:55,06:10,07:54,07:55,08:04,02:15,01:45,ONTIME,ONTIME,ONTIME,DELAY,,,,,,,,07:25,08:52,,,HAN,DEL,NRT,International,VJ,,,,,,,,,,,,
,2026-06-05,VJ120/VJ127,A656,A320,SGN-HAN-SGN,07:10,08:10,07:10,08:10,07:35,08:04,08:05,08:10,01:00,00:30,EARLY,ONTIME,ONTIME,DELAY,,,,,,,,07:30,08:02,,,HAN,SGN,SGN,Domestic,VJ,,,,,,,,,,,,
,2026-06-05,VJ124/VJ129,A629,A321,SGN-HAN-SGN,08:15,08:45,08:15,08:45,08:25,08:54,08:55,09:04,00:30,00:30,DELAY,ONTIME,DELAY,ONTIME,,93,00:10,,,,,08:25,08:54,,,HAN,SGN,SGN,Domestic,VJ,,,,,,,,,,,,
,2026-06-05,____/VJ447,A534,A321,HAN-PQC,,08:45,,08:45,,08:41,08:42,08:44,,,EARLY,ONTIME,ONTIME,,,,,,,,,07:55,08:39,,,HAN,HAN,PQC,Domestic,VJ,,,,,,,,,,,,
,2026-06-05,VJ1508/VJ1435,A662,A320,DAD-HAN-UIH,08:20,08:50,08:20,08:50,08:18,08:46,08:47,08:49,00:30,00:29,EARLY,ONTIME,ONTIME,ONTIME,,,,,,,,08:10,08:45,,,HAN,DAD,UIH,Domestic,VJ,,,,,,,,,,,,
,2026-06-05,____/VJ563,A543,A321,HAN-HUI,,09:20,,09:20,,09:19,09:20,09:29,,,ONTIME,ONTIME,ONTIME,,,,,,,,,08:30,09:17,,,HAN,HAN,HUI,Domestic,VJ,,,,,,,,,,,,
,2026-06-05,____/VJ915,A551,A321,HAN-SIN,,09:35,,09:35,,09:29,09:30,09:32,,,EARLY,ONTIME,ONTIME,,,,,,,,,08:50,09:25,,,HAN,HAN,SIN,International,VJ,,,,,,,,,,,,
,2026-06-05,____/VJ1773,A667,A321,HAN-CXR,,10:00,,10:00,,09:48,09:50,10:05,,,EARLY,ONTIME,ONTIME,,,,,,,,,09:10,09:45,,,HAN,HAN,CXR,Domestic,VJ,,,,,,,,,,,,
,2026-06-05,VJ126/VJ131,A698,A321,SGN-HAN-SGN,09:40,10:10,09:40,10:10,10:00,10:34,10:35,10:40,00:30,00:35,DELAY,DELAY,DELAY,DELAY,,93,00:20,87,00:05,,,10:00,10:32,,DL87 STUCK AT PBB,HAN,SGN,SGN,Domestic,VJ,,,,,,,,,,,,
,2026-06-05,VJ122/VJ135,A635,A321,SGN-HAN-SGN,09:05,10:10,09:05,10:10,09:05,10:06,10:07,10:11,01:05,01:02,EARLY,ONTIME,ONTIME,ONTIME,,,,,,,,09:25,10:04,,,HAN,SGN,SGN,Domestic,VJ,,,,,,,,,,,,
,2026-06-05,VJ430/VJ463,A666,A320,UIH-HAN-VCA,09:50,10:20,09:50,10:20,09:48,10:17,10:18,10:25,00:30,00:30,EARLY,ONTIME,ONTIME,ONTIME,,,,,,,,09:43,10:15,,,HAN,UIH,VCA,Domestic,VJ,,,,,,,,,,,,
,2026-06-05,VJ532/VJ425,A641,A321,DAD-HAN-PXU,09:45,10:20,09:45,10:20,10:00,10:29,10:30,10:34,00:35,00:30,DELAY,ONTIME,ONTIME,ONTIME,,93,00:10,,,,,09:25,10:28,,,HAN,DAD,PXU,Domestic,VJ,,,,,,,,,,,,
,2026-06-05,VJ156/VJ1437,A663,A320,SGN-HAN-UIH,09:00,10:25,09:00,10:25,09:10,10:21,10:22,10:31,01:25,01:12,EARLY,ONTIME,ONTIME,ONTIME,,,,,,,,09:40,10:19,,,HAN,SGN,UIH,Domestic,VJ,,,,,,,,,,,,
,2026-06-05,VJ492/VJ1493,A539,A321,BMV-HAN-BMV,10:00,10:35,10:00,10:35,10:10,10:33,10:35,10:38,00:35,00:25,ONTIME,ONTIME,ONTIME,ONTIME,,,,,,,,10:01,10:32,,,HAN,BMV,BMV,Domestic,VJ,,,,,,,,,,,,
,2026-06-05,VJ1500/VJ901,A658,A320,DAD-HAN-BKK,07:00,11:10,07:00,11:10,07:10,10:59,11:00,11:02,04:10,03:50,EARLY,ONTIME,ONTIME,ONTIME,,,,,,,,10:25,10:55,,,HAN,DAD,BKK,International,VJ,,,,,,,,,,,,
,2026-06-05,VJ524/VJ507,A636,A321,DAD-HAN-DAD,10:55,11:25,10:55,11:25,11:10,11:34,11:35,11:37,00:30,00:25,DELAY,ONTIME,ONTIME,ONTIME,,93,00:10,,,,,11:05,11:30,,,HAN,DAD,DAD,Domestic,VJ,,,,,,,,,,,,
,2026-06-05,VJ130/VJ133,A668,A320,SGN-HAN-SGN,10:50,11:25,10:50,11:25,11:15,11:44,11:45,11:52,00:35,00:30,DELAY,DELAY,DELAY,DELAY,,93,00:15,66,00:05,,,11:15,11:43,,CREW HN OB 1123,HAN,SGN,SGN,Domestic,VJ,,,,,,,,,,,,
,2026-06-05,VJ422/VJ565,A651,A321,PXU-HAN-HUI,10:50,11:30,10:50,11:30,10:55,11:23,11:25,11:26,00:40,00:30,EARLY,ONTIME,ONTIME,ONTIME,,,,,,,,10:55,11:21,,,HAN,PXU,HUI,Domestic,VJ,,,,,,,,,,,,
,2026-06-05,____/VJ451,A648,A321,HAN-PQC,,11:45,,11:45,,11:42,11:43,11:51,,,EARLY,ONTIME,ONTIME,,,,,,,,,11:00,11:40,,,HAN,HAN,PQC,Domestic,VJ,,,,,,,,,,,,
,2026-06-05,VJ1926/VJ775,A549,A321,AMD-HAN-CXR,05:55,11:45,05:55,11:45,07:00,11:39,11:40,11:45,05:50,04:40,EARLY,ONTIME,ONTIME,DELAY,,,,,,,,11:00,11:35,,,HAN,AMD,CXR,Domestic,VJ,,,,,,,,,,,,
,2026-06-05,VJ981/VJ1453,A687,A321,PUS-HAN-PQC,10:40,11:50,10:40,11:50,10:20,11:45,11:46,11:49,01:10,01:26,EARLY,ONTIME,ONTIME,ONTIME,,,,,,,,11:00,11:43,,,HAN,PUS,PQC,Domestic,VJ,,,,,,,,,,,,
,2026-06-05,VJ450/VJ515,A634,A321,PQC-HAN-DAD,11:15,12:10,11:15,12:10,11:20,11:59,12:00,12:07,00:55,00:40,EARLY,ONTIME,ONTIME,ONTIME,,,,,,,,11:25,11:57,,,HAN,PQC,DAD,Domestic,VJ,,,,,,,,,,,,
,2026-06-05,VJ128/VJ137,A669,A320,SGN-HAN-SGN,11:50,12:20,11:50,13:00,12:45,13:19,13:20,13:25,01:10,00:35,DELAY,DELAY,DELAY,DELAY,,93,00:10,66,00:10,,,12:55,13:15,,CREW HN OB 1258,HAN,SGN,SGN,Domestic,VJ,,,,,,,,,,,,
,2026-06-05,VJ564/VJ453,A543,A321,HUI-HAN-PQC,12:20,13:00,12:20,13:00,12:35,13:04,13:05,13:10,00:40,00:30,DELAY,ONTIME,ONTIME,ONTIME,,93,00:05,,,,,12:25,13:00,,,HAN,HUI,PQC,Domestic,VJ,,,,,,,,,,,,
,2026-06-05,VJ1432/VJ509,A662,A320,UIH-HAN-DAD,12:35,13:05,12:35,13:05,12:40,13:24,13:25,13:30,00:30,00:45,DELAY,DELAY,DELAY,ONTIME,,41,00:20,,,,,12:37,13:23,,DL41 TECHNICAL (CHECK TECHNICAL ON COCKPIT SEAT),HAN,UIH,DAD,Domestic,VJ,,,,,,,,,,,,
,2026-06-05,VJ462/VJ787,A526,A321,VCA-HAN-CXR,11:40,13:10,11:40,13:10,11:50,13:04,13:05,13:12,01:30,01:15,EARLY,ONTIME,ONTIME,ONTIME,,,,,,,,12:20,13:02,,,HAN,VCA,CXR,Domestic,VJ,,,,,,,,,,,,
,2026-06-05,VJ196/VJ433,A650,A320,SGN-HAN-UIH,12:40,13:20,12:40,13:20,13:05,13:29,13:30,13:34,00:40,00:25,DELAY,ONTIME,ONTIME,DELAY,,93,00:10,,,,,13:00,13:25,,,HAN,SGN,UIH,Domestic,VJ,,,,,,,,,,,,
,2026-06-05,VJ921/VJ948,A500,A321,NGO-HAN-RMQ,12:50,13:30,12:50,13:30,12:45,13:43,13:44,13:45,00:40,00:59,DELAY,ONTIME,ONTIME,ONTIME,,46,00:14,,,,,13:05,13:40,,,HAN,NGO,RMQ,International,VJ,,,,,,,,,,,,
,2026-06-05,_____/VJ149,A536,A321,HAN-SGN,,13:40,,13:40,,13:39,13:40,13:45,,,ONTIME,ONTIME,ONTIME,,,,,,,,,12:55,13:38,,,HAN,HAN,SGN,Domestic,,,,,,,,,,,,,
,2026-06-05,VJ939/VJ441,A693,A321,KIX-HAN-PQC,12:20,14:00,12:20,14:00,13:25,13:59,14:00,14:05,01:40,00:35,ONTIME,ONTIME,ONTIME,DELAY,,,,,,,,13:20,13:58,,,HAN,KIX,PQC,Domestic,VJ,,,,,,,,,,,,
,2026-06-05,VJ134/VJ143,A554,A321,SGN-HAN-SGN,13:30,14:05,13:30,14:05,13:30,14:09,14:10,14:16,00:35,00:40,DELAY,ONTIME,ONTIME,ONTIME,,15A,00:05,,,,,13:30,14:05,,OFLD 1PAX1BAG,HAN,SGN,SGN,Domestic,VJ,,,,,,,,,,,,
,2026-06-05,VJ440/VJ525,A534,A321,PQC-HAN-DAD,13:30,14:05,13:30,14:05,13:35,14:14,14:15,14:20,00:35,00:40,DELAY,ONTIME,ONTIME,ONTIME,,66,00:10,,,,,13:38,14:10,,CREW HN OB 1341,HAN,PQC,DAD,Domestic,VJ,,,,,,,,,,,,
,2026-06-05,VJ7615/VJ7615,A537,A321,BQS-HAN-CXR,13:45,14:15,13:45,15:20,14:55,15:24,15:25,15:35,01:35,00:30,DELAY,ONTIME,DELAY,DELAY,,,,,,,,,,X,,HAN,BQS,CXR,Domestic,VJ,,,,,,,,,,,,
,2026-06-05,VJ933/VJ942,A524,A321,NRT-HAN-TPE,13:05,14:25,13:05,14:25,13:30,14:23,14:24,14:35,01:20,00:54,EARLY,ONTIME,ONTIME,DELAY,,,,,,,,13:45,14:22,,,HAN,NRT,TPE,International,VJ,,,,,,,,,,,,
,2026-06-05,VJ1504/VJ1505,A644,A321,DAD-HAN-DAD,14:00,14:35,14:00,16:00,15:40,16:09,16:10,16:18,02:00,00:30,DELAY,ONTIME,DELAY,DELAY,,93,00:10,,,,,15:35,16:05,,,HAN,DAD,DAD,Domestic,VJ,,,,,,,,,,,,
,2026-06-05,VJ959/VJ946,A535,A321,FUK-HAN-KHH,11:25,14:35,11:25,14:35,11:27,14:31,14:33,14:39,03:10,03:06,EARLY,ONTIME,ONTIME,ONTIME,,,,,,,,13:50,14:26,,,HAN,FUK,KHH,International,VJ,,,,,,,,,,,,
,2026-06-05,VJ426/VJ145,A641,A321,PXU-HAN-SGN,14:05,14:40,14:05,14:40,14:10,14:44,14:45,14:50,00:35,00:35,DELAY,ONTIME,ONTIME,ONTIME,,66,00:05,,,,,14:15,14:42,,CREW HN OB 1421,HAN,PXU,SGN,Domestic,VJ,,,,,,,,,,,,
,2026-06-05,VJ566/VJ467,A651,A321,HUI-HAN-VCA,14:30,14:55,14:30,14:55,14:30,14:59,15:00,15:07,00:25,00:30,DELAY,ONTIME,ONTIME,ONTIME,,93,00:05,,,,,14:30,14:58,,,HAN,HUI,VCA,Domestic,VJ,,,,,,,,,,,,
,2026-06-05,VJ1436/VJ423,A663,A320,UIH-HAN-PXU,14:10,15:05,14:10,15:05,14:15,15:04,15:05,15:15,00:55,00:50,ONTIME,ONTIME,ONTIME,ONTIME,,,,,,,,14:25,15:00,,,HAN,UIH,PXU,Domestic,VJ,,,,,,,,,,,,
,2026-06-05,VJ510/VJ511,A633,A321,DAD-HAN-DAD,14:35,15:10,14:35,15:10,14:50,15:19,15:20,15:25,00:35,00:30,DELAY,ONTIME,ONTIME,ONTIME,,93,00:10,,,,,14:40,15:15,,,HAN,DAD,DAD,Domestic,VJ,,,,,,,,,,,,
,2026-06-05,VJ1774/VJ419,A667,A321,CXR-HAN-TBB,14:20,15:10,14:20,15:10,15:10,15:38,15:40,15:47,00:50,00:30,DELAY,DELAY,DELAY,DELAY,,93,00:30,,,,,15:10,15:37,,,HAN,CXR,TBB,Domestic,VJ,,,,,,,,,,,,
,2026-06-05,VJ1494/VJ439,A539,A321,BMV-HAN-UIH,14:35,15:40,14:35,15:40,14:45,15:39,15:40,15:50,01:05,00:55,ONTIME,ONTIME,ONTIME,ONTIME,,,,,,,,15:00,15:45,,,HAN,BMV,UIH,Domestic,VJ,,,,,,,,,,,,
,2026-06-05,VJ138/VJ147,A635,A321,SGN-HAN-SGN,15:15,15:45,15:15,15:45,15:30,15:59,16:00,16:30,00:30,00:30,DELAY,ONTIME,DELAY,ONTIME,,93,00:15,,,,,15:30,15:55,,,HAN,SGN,SGN,Domestic,VJ,,,,,,,,,,,,
,2026-06-05,VJ961/VJ903,A697,A321,ICN-HAN-BKK,13:35,15:45,13:35,15:45,14:00,15:39,15:40,15:55,02:10,01:40,EARLY,ONTIME,ONTIME,DELAY,,,,,,,,14:54,15:35,,,HAN,ICN,BKK,International,VJ,,,,,,,,,,,,
,2026-06-05,VJ906/VJ567,A655,A320,KUL-HAN-HUI,14:40,15:55,14:40,15:55,14:32,15:54,15:55,16:05,01:15,01:23,ONTIME,ONTIME,ONTIME,ONTIME,,,,,,,,15:05,15:50,,,HAN,KUL,HUI,Domestic,VJ,,,,,,,,,,,,
,2026-06-05,VJ142/VJ193,A629,A321,SGN-HAN-SGN,15:30,16:30,15:30,16:30,15:30,16:29,16:30,16:45,01:00,01:00,ONTIME,ONTIME,ONTIME,ONTIME,,,,,,,,15:45,16:25,,,HAN,SGN,SGN,Domestic,VJ,,,,,,,,,,,,
,2026-06-05,VJ140/VJ151,A668,A320,SGN-HAN-SGN,16:20,16:50,16:20,16:50,17:05,17:49,17:50,18:03,00:30,00:45,DELAY,DELAY,DELAY,DELAY,,93,00:40,41,00:20,,,17:05,17:53,,TECHNICAL CHECK,HAN,SGN,SGN,Domestic,VJ,,,,,,,,,,,,
,2026-06-05,VJ452/VJ465,A553,A321,PQC-HAN-VCA,16:05,17:00,16:05,17:00,16:25,17:27,17:28,17:30,00:55,01:03,DELAY,DELAY,DELAY,DELAY,,49,00:28,,,,,16:25,16:58,,MCC TECHLOG,HAN,PQC,VCA,Domestic,VJ,,,,,,,,,,,,
,2026-06-05,VJ5068/VJ5068,A549,A321,CXR-HAN-NOZ,16:20,17:00,16:20,17:00,16:50,17:19,17:20,17:38,00:40,00:30,DELAY,DELAY,DELAY,DELAY,,93,00:20,,,,,,,X,,HAN,CXR,NOZ,International,VJ,,,,,,,,,,,,
,2026-06-05,VJ530/VJ495,A662,A320,DAD-HAN-BMV,16:15,17:30,16:15,17:30,17:00,17:29,17:30,17:45,01:15,00:30,ONTIME,ONTIME,ONTIME,DELAY,,,,,,,,17:00,17:25,,,HAN,DAD,BMV,Domestic,VJ,,,,,,,,,,,,
,2026-06-05,VJ136/VJ141,A673,A321,SGN-HAN-SGN,14:10,17:35,14:10,17:35,14:40,17:34,17:35,17:50,03:25,02:55,ONTIME,ONTIME,ONTIME,DELAY,,,,,,,,16:45,17:32,,,HAN,SGN,SGN,Domestic,VJ,,,,,,,,,,,,
,2026-06-05,VJ902/VJ1433,A658,A320,BKK-HAN-UIH,15:50,17:40,15:50,17:40,15:55,17:39,17:40,17:42,01:50,01:45,ONTIME,ONTIME,ONTIME,ONTIME,,,,,,,,16:50,17:35,,,HAN,BKK,UIH,Domestic,VJ,,,,,,,,,,,,
,2026-06-05,VJ508/VJ517,A634,A321,DAD-HAN-DAD,15:25,17:45,15:25,17:45,15:27,17:44,17:45,17:58,02:20,02:18,ONTIME,ONTIME,ONTIME,ONTIME,,,,,,,,17:00,17:40,,,HAN,DAD,DAD,Domestic,VJ,,,,,,,,,,,,
,2026-06-05,VJ772/VJ1513,A525,A321,CXR-HAN-DAD,17:10,17:50,17:10,17:50,17:45,18:14,18:15,18:20,00:40,00:30,DELAY,DELAY,DELAY,DELAY,,93,00:25,,,,,17:45,18:12,,,HAN,CXR,DAD,Domestic,VJ,,,,,,,,,,,,
,2026-06-05,VJ1454/VJ1153,A687,A321,PQC-HAN-SGN,16:35,18:05,16:35,18:05,16:45,18:04,18:05,18:14,01:30,01:20,ONTIME,ONTIME,ONTIME,ONTIME,,,,,,,,17:15,18:00,,,HAN,PQC,SGN,Domestic,VJ,,,,,,,,,,,,
,2026-06-05,VJ528/VJ781,A534,A321,PQC-HAN-CXR,17:25,18:15,17:25,18:15,18:00,18:24,18:25,18:30,00:50,00:25,DELAY,ONTIME,ONTIME,DELAY,,93,00:10,,,,,18:00,18:20,,,HAN,PQC,CXR,Domestic,VJ,,,,,,,,,,,,
,2026-06-05,VJ456/VJ1789,A543,A321,PQC-HAN-CXR,17:45,18:45,17:45,18:45,18:05,18:44,18:45,18:55,01:00,00:40,ONTIME,ONTIME,ONTIME,DELAY,,,,,,,,18:05,18:40,,,HAN,PQC,CXR,Domestic,VJ,,,,,,,,,,,,
,2026-06-05,VJ774/VJ155,A526,A321,CXR-HAN-SGN,17:15,18:55,17:15,18:55,17:55,18:53,18:54,19:05,01:40,00:59,EARLY,ONTIME,ONTIME,DELAY,,,,,,,,17:55,18:50,,,HAN,CXR,SGN,Domestic,VJ,,,,,,,,,,,,
,2026-06-05,VJ512/VJ521,A633,A321,DAD-HAN-DAD,18:25,19:00,18:25,19:00,18:45,19:14,19:15,19:25,00:35,00:30,DELAY,ONTIME,DELAY,DELAY,,93,00:15,,,,,18:45,19:10,,,HAN,DAD,DAD,Domestic,VJ,,,,,,,,,,,,
,2026-06-05,VJ916/VJ1561,A687,A321,PQC-HAN-HUI,16:35,19:15,16:35,19:15,17:15,19:14,19:15,19:30,02:40,02:00,ONTIME,ONTIME,ONTIME,DELAY,,,,,,,,18:30,19:11,,,HAN,PQC,HUI,Domestic,VJ,,,,,,,,,,,,
,2026-06-05,VJ424/VJ1127,A663,A320,PXU-HAN-SGN,18:45,19:20,18:45,19:20,19:00,19:29,19:30,19:35,00:35,00:30,DELAY,ONTIME,ONTIME,ONTIME,,93,00:05,66,00:05,,,19:00,19:28,,CREW HN OB 1908/ LATE TAKE OFF DUE TO ATC,HAN,PXU,SGN,Domestic,VJ,,,,,,,,,,,,
,2026-06-05,VJ144/VJ519,A639,A321,SGN-HAN-DAD,18:05,19:25,18:05,19:25,18:35,19:19,19:20,19:40,01:20,00:45,EARLY,ONTIME,ONTIME,DELAY,,,,,,,,18:40,19:15,,,HAN,SGN,DAD,Domestic,VJ,,,,,,,,,,,,
,2026-06-05,VJ454/VJ1147,A648,A321,PQC-HAN-SGN,18:55,19:30,18:55,19:30,17:00,19:29,19:30,19:45,00:35,02:30,ONTIME,ONTIME,ONTIME,ONTIME,,,,,,,,18:45,19:26,,,HAN,PQC,SGN,Domestic,VJ,,,,,,,,,,,,
,2026-06-05,VJ438/VJ1785,A539,A321,UIH-HAN-CXR,19:25,19:55,19:25,20:30,19:45,20:23,20:24,20:25,01:05,00:39,EARLY,ONTIME,DELAY,DELAY,,,,,,,,19:45,20:20,,LATE TAKEOFF DUE TO ATC,HAN,UIH,CXR,Domestic,VJ,,,,,,,,,,,,
,2026-06-05,VJ434/VJ7712,A650,A320,UIH-HAN-PKX,17:10,19:55,17:10,19:55,17:25,19:45,19:46,20:10,02:45,02:21,EARLY,ONTIME,ONTIME,ONTIME,,,,,,,,19:10,19:40,,,HAN,UIH,PKX,International,VJ,,,,,,,,,,,,
,2026-06-05,VJ148/VJ907,A578,A321,SGN-HAN-BOM,18:25,20:05,18:25,20:05,18:42,20:00,20:02,20:20,01:40,01:20,EARLY,ONTIME,ONTIME,DELAY,,,,,,,,19:15,19:55,,LATE PUSHBACK/TAKEOFF DUE TO ATC,HAN,SGN,BOM,International,VJ,,,,,,,,,,,,
,2026-06-05,VJ146/VJ455,A536,A321,SGN-HAN-PQC,19:05,20:05,19:05,20:05,19:05,20:04,20:05,20:20,01:00,01:00,ONTIME,ONTIME,ONTIME,ONTIME,,,,,,,,19:20,20:01,,,HAN,SGN,PQC,Domestic,VJ,,,,,,,,,,,,
,2026-06-05,VJ152/VJ159,A698,A321,SGN-HAN-SGN,19:20,20:10,19:20,20:10,20:25,20:54,20:55,21:25,00:50,00:30,DELAY,DELAY,DELAY,DELAY,,93,00:45,,,,,20:25,20:50,,,HAN,SGN,SGN,Domestic,VJ,,,,,,,,,,,,
,2026-06-05,VJ420/VJ783,A667,A321,TBB-HAN-CXR,19:15,20:25,19:15,20:25,20:05,20:29,20:30,20:55,01:10,00:25,DELAY,ONTIME,DELAY,DELAY,,93,00:05,,,,,20:05,20:27,,,HAN,TBB,CXR,Domestic,VJ,,,,,,,,,,,,
,2026-06-05,VJ442/VJ161,A693,A321,PQC-HAN-SGN,16:45,20:55,16:45,20:55,19:10,20:54,20:55,21:08,04:10,01:45,ONTIME,ONTIME,ONTIME,DELAY,,,,,,,,20:10,20:50,,LATE TAKEOFF DUE TO ATC,HAN,PQC,SGN,Domestic,VJ,,,,,,,,,,,,
,2026-06-05,VJ568/VJ7238,A655,A320,HUI-HAN-PVG,18:55,21:15,18:55,21:15,19:05,21:09,21:10,21:30,02:20,02:05,EARLY,ONTIME,ONTIME,ONTIME,,,,,,,,20:30,21:05,,,HAN,HUI,PVG,International,VJ,,,,,,,,,,,,
,2026-06-05,VJ154/VJ163,A632,A321,SGN-HAN-SGN,20:55,22:00,21:25,22:00,21:35,22:04,22:05,22:13,00:35,00:30,DELAY,ONTIME,ONTIME,DELAY,,93,00:05,,,,,21:35,22:02,,,HAN,SGN,SGN,Domestic,VJ,,,,,,,,,,,,
,2026-06-05,VJ520/VJ1527,A636,A321,DAD-HAN-DAD,20:55,21:25,20:55,21:25,20:55,21:24,21:25,21:34,00:30,00:30,ONTIME,ONTIME,ONTIME,ONTIME,,,,,,,,20:55,21:22,,LATE TAKEOFF DUE TO ATC,HAN,DAD,DAD,Domestic,VJ,,,,,,,,,,,,
,2026-06-05,VJ935/VJ7526,A521,A321,NRT-HAN-CAN,20:05,22:30,20:05,22:30,20:45,22:29,22:30,22:35,02:25,01:45,ONTIME,ONTIME,ONTIME,DELAY,,,,,,,,21:45,22:25,,,HAN,NRT,CAN,International,VJ,,,,,,,,,,,,
,2026-06-05,VJ904/VJ1503,A651,A321,BKK-HAN-DAD,20:25,22:50,20:25,22:50,20:30,23:29,23:30,23:35,02:25,03:00,DELAY,DELAY,DELAY,ONTIME,,95,00:40,,,,,22:55,23:26,,CREW VJ518 OB 2312,HAN,BKK,DAD,Domestic,VJ,,,,,,,,,,,,
,2026-06-05,VJ904/VJ962,A697,A321,BKK-HAN-ICN,19:50,23:15,19:50,23:15,21:34,23:14,23:15,23:25,03:25,01:41,ONTIME,ONTIME,ONTIME,DELAY,,,,,,,,22:25,23:14,,,HAN,BKK,ICN,International,VJ,,,,,,,,,,,,
,2026-06-05,VJ522/VJ169,A639,A321,DAD-HAN-SGN,22:35,23:25,22:35,23:25,23:35,00:04,00:05,"1 day, 0:07:00",00:50,00:30,DELAY,DELAY,DELAY,DELAY,,93,00:40,,,,,23:35,1904-01-02,,,HAN,DAD,SGN,Domestic,VJ,,,,,,,,,,,,
,2026-06-06,____/VJ932,A500,A321,HAN-NRT,,00:30,,00:30,,00:29,00:30,00:40,,,ONTIME,ONTIME,ONTIME,,,,,,,,,23:40,00:25,,,HAN,HAN,NRT,International,VJ,,,,,,,,,,,,
,2026-06-06,____/VJ982,A629,A321,HAN-PUS,,01:05,,01:05,,01:04,01:05,01:08,,,ONTIME,ONTIME,ONTIME,,,,,,,,,00:20,01:00,,,HAN,HAN,PUS,International,VJ,,,,,,,,,,,,
,2026-06-06,VJ7706/VJ7706,A575,A321,HAN-KHV,00:30,01:05,00:30,01:05,00:35,01:04,01:05,01:15,00:35,00:30,ONTIME,ONTIME,ONTIME,ONTIME,,,,,,,,,,X,,HAN,HAN,KHV,International,VJ,,,,,,,,,,,,
,2026-06-06,____/VJ938,A524,A321,HAN-KIX,,01:20,,01:20,,01:13,01:14,01:16,,,EARLY,ONTIME,ONTIME,,,,,,,,,00:45,01:11,,,HAN,HAN,KIX,International,VJ,,,,,,,,,,,,
,2026-06-06,____/VJ960,A535,A321,HAN-ICN,,01:40,,01:40,,01:39,01:40,01:45,,,ONTIME,ONTIME,ONTIME,,,,,,,,,01:05,01:37,,,HAN,HAN,ICN,International,VJ,,,,,,,,,,,,
,2026-06-06,____/VJ920,A200,A321,HAN-NGO,,01:40,,01:40,,01:34,01:35,01:35,,,EARLY,ONTIME,ONTIME,,,,,,,,,00:50,01:32,,,HAN,HAN,NGO,International,VJ,,,,,,,,,,,,
,2026-06-06,____/VJ958,A687,A321,HAN-FUK,,02:05,,02:05,,01:47,01:48,02:02,,,EARLY,ONTIME,ONTIME,,,,,,,,,01:10,01:45,,,HAN,HAN,FUK,International,VJ,,,,,,,,,,,,
,2026-06-06,____/VJ123,A649,A321,HAN-SGN,,05:30,,05:30,,05:29,05:30,05:40,,,ONTIME,ONTIME,ONTIME,,,,,,,,,05:10,05:28,,,HAN,HAN,SGN,Domestic,VJ,,,,,,,,,,,,
,2026-06-06,____/VJ1445,A633,A321,HAN-PQC,,05:30,,05:30,,05:24,05:25,05:28,,,EARLY,ONTIME,ONTIME,,,,,,,,,04:45,05:20,,,HAN,HAN,PQC,Domestic,VJ,,,,,,,,,,,,
,2026-06-06,____/VJ501,A534,A321,HAN-DAD,,05:40,,05:40,,05:34,05:35,05:38,,,EARLY,ONTIME,ONTIME,,,,,,,,,06:55,05:30,,,HAN,HAN,DAD,Domestic,VJ,,,,,,,,,,,,
,2026-06-06,____/VJ121,A673,A321,HAN-SGN,,06:00,,06:00,,05:53,05:54,05:57,,,EARLY,ONTIME,ONTIME,,,,,,,,,05:15,05:50,,,HAN,HAN,SGN,Domestic,VJ,,,,,,,,,,,,
,2026-06-06,____/VJ771,A658,A320,HAN-CXR,,06:00,,06:00,,05:54,05:55,06:06,,,EARLY,ONTIME,ONTIME,,,,,,,,,05:10,05:50,,,HAN,HAN,CXR,Domestic,VJ,,,,,,,,,,,,
,2026-06-06,____/VJ491,A547,A321,HAN-BMV,,06:00,,06:00,,05:54,05:55,06:05,,,EARLY,ONTIME,ONTIME,,,,,,,,,05:10,05:50,,,HAN,HAN,BMV,Domestic,VJ,,,,,,,,,,,,
,2026-06-06,____/VJ431,A689,A320,HAN-UIH,,06:05,,06:05,,05:54,05:55,00:58,,,EARLY,ONTIME,ONTIME,,,,,,,,,05:15,05:50,,,HAN,HAN,UIH,Domestic,VJ,,,,,,,,,,,,
,2026-06-06,____/VJ531,A543,A321,HAN-DAD,,06:30,,06:30,,06:24,06:25,06:33,,,EARLY,ONTIME,ONTIME,,,,,,,,,05:45,06:18,,,HAN,HAN,DAD,Domestic,VJ,,,,,,,,,,,,
,2026-06-06,____/VJ449,A666,A320,HAN-PQC,,06:30,,06:30,,06:24,06:25,06:28,,,EARLY,ONTIME,ONTIME,,,,,,,,,05:45,06:21,,,HAN,HAN,PQC,Domestic,VJ,,,,,,,,,,,,
,2026-06-06,____/VJ461,A553,A321,HAN-VCA,,06:45,,06:45,,06:38,06:39,06:45,,,EARLY,ONTIME,ONTIME,,,,,,,,,05:45,06:35,,,HAN,HAN,VCA,Domestic,VJ,,,,,,,,,,,,
,2026-06-06,VJ5069/VJ5069,A549,A321,NOZ-HAN-CXR,06:15,06:45,06:15,06:45,06:45,07:04,07:05,07:15,00:30,00:20,DELAY,DELAY,DELAY,DELAY,,93,00:20,,,,,,,X,,HAN,NOZ,CXR,Domestic,VJ,,,,,,,,,,,,
,2026-06-06,____/VJ1771,A525,A321,HAN-CXR,,07:00,,07:00,,06:54,06:55,07:05,,,EARLY,ONTIME,ONTIME,,,,,,,,,06:10,06:50,,,HAN,HAN,CXR,Domestic,VJ,,,,,,,,,,,,
,2026-06-06,____/VJ125,A539,A321,HAN-SGN,,07:00,,07:00,,06:54,06:55,07:05,,,EARLY,ONTIME,ONTIME,,,,,,,,,06:10,06:51,,,HAN,HAN,SGN,Domestic,VJ,,,,,,,,,,,,
,2026-06-06,____/VJ421,A662,A320,HAN-PXU,,07:10,,07:10,,07:02,07:03,07:05,,,EARLY,ONTIME,ONTIME,,,,,,,,,06:20,07:00,,,HAN,HAN,PXU,Domestic,VJ,,,,,,,,,,,,
,2026-06-06,VJ7713/VJ197,A650,A320,PKX-HAN-SGN,03:55,07:20,03:55,07:20,04:25,07:14,07:15,07:25,03:25,02:50,EARLY,ONTIME,ONTIME,DELAY,,,,,,,,06:30,07:10,,,HAN,PKX,SGN,Domestic,VJ,,,,,,,,,,,,
,2026-06-06,VJ7239/VJ905,A655,A320,PVG-HAN-KUL,04:50,07:25,04:50,07:25,05:00,07:19,07:20,07:25,02:35,02:20,EARLY,ONTIME,ONTIME,ONTIME,,,,,,,,06:40,07:18,,,HAN,PVG,KUL,International,VJ,,,,,,,,,,,,
,2026-06-06,VJ7527/VJ503,A521,A321,CAN-HAN-DAD,03:05,07:45,03:05,07:45,03:40,07:39,07:40,07:45,04:40,04:00,EARLY,ONTIME,ONTIME,DELAY,,,,,,,,07:05,07:37,,,HAN,CAN,DAD,Domestic,VJ,,,,,,,,,,,,
,2026-06-06,VJ120/VJ127,A550,A321,SGN-HAN-SGN,07:10,08:10,07:10,08:10,07:15,08:04,08:05,08:07,01:00,00:50,EARLY,ONTIME,ONTIME,ONTIME,,,,,,,,07:20,07:55,,,HAN,SGN,SGN,Domestic,VJ,,,,,,,,,,,,
,2026-06-06,VJ910/VJ929,A578,A321,BOM-HAN-CGK,07:10,08:40,07:10,08:40,07:15,08:31,08:32,08:33,01:30,01:17,EARLY,ONTIME,ONTIME,ONTIME,,,,,,,,07:50,08:25,,,HAN,BOM,CGK,International,VJ,,,,,,,,,,,,
,2026-06-06,VJ124/VJ129,A538,A321,SGN-HAN-SGN,08:15,08:45,08:15,08:45,08:15,08:44,08:45,08:55,00:30,00:30,ONTIME,ONTIME,ONTIME,ONTIME,,,,,,,,08:10,08:41,,,HAN,SGN,SGN,Domestic,VJ,,,,,,,,,,,,
,2026-06-06,VJ1500/VJ447,A647,A321,DAD-HAN-PQC,07:00,08:45,07:00,08:45,06:48,08:44,08:45,08:48,01:45,01:57,ONTIME,ONTIME,ONTIME,ONTIME,,,,,,,,07:55,08:41,,,HAN,DAD,PQC,Domestic,VJ,,,,,,,,,,,,
,2026-06-06,____/VJ1435,A663,A320,HAN-UIH,,08:50,,08:50,,08:49,08:50,08:50,,,ONTIME,ONTIME,ONTIME,,,,,,,,,08:00,08:46,,,HAN,HAN,UIH,Domestic,VJ,,,,,,,,,,,,
,2026-06-06,VJ514/VJ563,A534,A321,DAD-HAN-HUI,08:50,09:25,08:50,09:25,09:00,09:24,09:25,09:35,00:35,00:25,ONTIME,ONTIME,ONTIME,ONTIME,,,,,,,,09:00,09:22,,,HAN,DAD,HUI,Domestic,VJ,,,,,,,,,,,,
,2026-06-06,VJ1508/VJ915,A651,A321,DAD-HAN-SIN,08:20,09:35,08:20,09:35,08:10,09:24,09:25,09:26,01:15,01:15,EARLY,ONTIME,ONTIME,ONTIME,,,,,,,,08:50,09:20,,,HAN,DAD,SIN,International,VJ,,,,,,,,,,,,
,2026-06-06,____/VJ1773,A642,A321,HAN-CXR,,10:00,,10:00,,09:51,09:52,09:56,,,EARLY,ONTIME,ONTIME,,,,,,,,,09:10,09:45,,,HAN,HAN,CXR,Domestic,VJ,,,,,,,,,,,,
,2026-06-06,VJ963/VJ135,A697,A321,ICN-HAN-SGN,08:55,10:10,08:55,10:10,09:30,10:07,10:08,10:20,01:15,00:38,EARLY,ONTIME,ONTIME,DELAY,,,,,,,,09:35,10:05,,,HAN,ICN,SGN,Domestic,VJ,,,,,,,,,,,,
,2026-06-06,VJ126/VJ131,A548,A321,SGN-HAN-SGN,09:40,10:15,09:40,10:15,09:30,10:14,10:15,11:23,00:35,00:45,ONTIME,ONTIME,DELAY,ONTIME,,,,,,,,09:30,10:10,,LATE PUSH BACK DUE TO ATC,HAN,SGN,SGN,Domestic,VJ,,,,,,,,,,,,
,2026-06-06,VJ430/VJ463,A689,A320,UIH-HAN-VCA,09:50,10:20,09:50,10:20,09:50,10:13,10:14,11:18,00:30,00:24,EARLY,ONTIME,DELAY,ONTIME,,,,,,,,09:50,10:10,,LATE PUSH BACK DUE TO ATC,HAN,UIH,VCA,Domestic,VJ,,,,,,,,,,,,
,2026-06-06,VJ532/VJ425,A543,A321,DAD-HAN-PXU,09:45,10:20,09:45,10:20,09:50,10:14,10:15,11:28,00:35,00:25,EARLY,ONTIME,DELAY,ONTIME,,,,,,,,09:50,10:10,,LATE PUSH BACK DUE TO ATC,HAN,DAD,PXU,Domestic,VJ,,,,,,,,,,,,
,2026-06-06,VJ122/VJ997,A607,A321,SGN-HAN-DPS,09:05,10:25,09:05,10:25,09:17,10:19,10:20,11:39,01:20,01:03,EARLY,ONTIME,DELAY,ONTIME,,,,,,,,09:20,10:15,,LATE PUSH BACK DUE TO ATC,HAN,SGN,DPS,International,VJ,,,,,,,,,,,,
,2026-06-06,VJ492/VJ1493,A547,A321,BMV-HAN-BMV,10:00,10:35,10:00,10:35,10:10,10:39,10:40,11:47,00:35,00:30,DELAY,ONTIME,DELAY,ONTIME,,93,00:05,,,,,10:10,10:35,,LATE PUSH BACK DUE TO ATC,HAN,BMV,BMV,Domestic,VJ,,,,,,,,,,,,
,2026-06-06,VJ770/VJ1437,A658,A320,CXR-HAN-UIH,10:10,10:40,10:10,10:40,10:25,10:47,10:48,11:57,00:30,00:23,DELAY,ONTIME,DELAY,ONTIME,,93,00:08,,,,,10:25,10:45,,LATE PUSH BACK DUE TO ATC,HAN,CXR,UIH,Domestic,VJ,,,,,,,,,,,,
,2026-06-06,VJ524/VJ507,A644,A321,DAD-HAN-DAD,10:40,11:10,10:40,11:10,10:35,11:09,11:10,11:59,00:30,00:35,ONTIME,ONTIME,DELAY,ONTIME,,,,,,,,10:35,11:06,,LATE PUSH BACK DUE TO ATC,HAN,DAD,DAD,Domestic,VJ,,,,,,,,,,,,
,2026-06-06,VJ130/VJ133,A649,A321,SGN-HAN-SGN,10:50,11:20,10:50,11:20,11:00,11:29,11:30,12:25,00:30,00:30,DELAY,ONTIME,DELAY,ONTIME,,93,00:10,,,,,11:00,11:27,,LATE PUSH BACK DUE TO ATC,HAN,SGN,SGN,Domestic,VJ,,,,,,,,,,,,
,2026-06-06,VJ190/VJ565,A632,A321,SGN-HAN-HUI,10:25,11:30,10:25,11:30,10:30,11:23,11:24,12:40,01:05,00:54,EARLY,ONTIME,DELAY,ONTIME,,,,,,,,10:30,11:20,,LATE PUSH BACK DUE TO ATC,HAN,SGN,HUI,Domestic,VJ,,,,,,,,,,,,
,2026-06-06,VJ422/VJ451,A662,A320,PXU-HAN-PQC,10:50,11:45,10:50,11:45,10:40,11:44,11:45,12:45,00:55,01:05,ONTIME,ONTIME,DELAY,ONTIME,,,,,,,,10:40,11:40,,LATE PUSH BACK DUE TO ATC,HAN,PXU,PQC,Domestic,VJ,,,,,,,,,,,,
,2026-06-06,VJ450/VJ775,A666,A320,PQC-HAN-CXR,11:15,11:45,11:15,11:45,11:30,11:48,11:50,12:42,00:30,00:20,DELAY,ONTIME,DELAY,ONTIME,,93,00:05,,,,,11:30,11:45,,LATE PUSH BACK DUE TO ATC,HAN,PQC,CXR,Domestic,VJ,,,,,,,,,,,,
,2026-06-06,VJ1772/VJ1453,A525,A321,CXR-HAN-PQC,11:15,11:50,11:15,11:50,12:10,12:39,12:40,13:30,00:35,00:30,DELAY,DELAY,DELAY,DELAY,,93,00:50,,,,,12:10,12:35,,LATE PUSH BACK DUE TO ATC,HAN,CXR,PQC,Domestic,VJ,,,,,,,,,,,,
,2026-06-06,VJ462/VJ515,A553,A321,VCA-HAN-DAD,11:40,12:10,11:40,12:10,12:30,12:59,13:00,13:37,00:30,00:30,DELAY,DELAY,DELAY,DELAY,,93,00:50,,,,,12:30,12:56,,LATE PUSH BACK DUE TO ATC,HAN,VCA,DAD,Domestic,VJ,,,,,,,,,,,,
,2026-06-06,VJ981/VJ137,A629,A321,PUS-HAN-SGN,10:40,12:20,10:40,12:20,10:20,12:19,12:20,13:33,01:40,02:00,ONTIME,ONTIME,DELAY,ONTIME,,,,,,,,11:25,12:15,,LATE PUSH BACK DUE TO ATC,HAN,PUS,SGN,Domestic,VJ,,,,,,,,,,,,
,2026-06-06,VJ128/VJ453,A539,A321,SGN-HAN-PQC,11:55,13:00,11:55,13:00,12:45,13:14,13:15,14:05,01:05,00:30,DELAY,ONTIME,DELAY,DELAY,,93,00:15,,,,,12:45,13:12,,LATE PUSH BACK DUE TO ATC,HAN,SGN,PQC,Domestic,VJ,,,,,,,,,,,,
,2026-06-06,VJ1432/VJ509,A663,A320,UIH-HAN-DAD,12:35,13:05,12:35,13:05,12:55,13:24,13:25,14:00,00:30,00:30,DELAY,DELAY,DELAY,DELAY,,93,00:15,66,00:05,,,12:55,13:22,,LATE PUSH BACK DUE TO ATC/CREW OB 1305,HAN,UIH,DAD,Domestic,VJ,,,,,,,,,,,,
,2026-06-06,VJ959/VJ787,A687,A321,FUK-HAN-CXR,11:45,13:10,11:45,13:10,11:55,13:04,13:05,14:15,01:25,01:10,EARLY,ONTIME,DELAY,ONTIME,,,,,,,,12:20,13:00,,LATE PUSH BACK DUE TO ATC,HAN,FUK,CXR,Domestic,VJ,,,,,,,,,,,,
,2026-06-06,VJ198/VJ433,A650,A320,SGN-HAN-UIH,12:40,13:20,12:40,13:20,13:40,14:04,14:05,14:50,00:40,00:25,DELAY,DELAY,DELAY,DELAY,,93,00:45,,,,,13:40,14:02,,LATE PUSH BACK DUE TO ATC,HAN,SGN,UIH,Domestic,VJ,,,,,,,,,,,,
,2026-06-06,VJ564/VJ191,A534,A321,HUI-HAN-SGN,12:25,13:40,12:25,13:40,13:05,13:39,13:40,14:20,01:15,00:35,ONTIME,ONTIME,DELAY,DELAY,,,,,,,,13:05,13:35,,LATE PUSH BACK DUE TO ATC,HAN,HUI,SGN,Domestic,VJ,,,,,,,,,,,,
,2026-06-06,VJ939/VJ948,A524,A321,KIX-HAN-RMQ,12:20,13:50,12:20,13:50,12:50,13:48,13:50,14:30,01:30,01:00,ONTIME,ONTIME,DELAY,DELAY,,,,,,,,13:00,13:45,,LATE PUSH BACK DUE TO ATC,HAN,KIX,RMQ,International,VJ,,,,,,,,,,,,
,2026-06-06,VJ921/VJ441,A200,A321,NGO-HAN-PQC,12:50,14:00,12:50,14:00,13:10,13:54,13:55,14:15,01:10,00:45,EARLY,ONTIME,ONTIME,DELAY,,,,,,,,13:15,13:50,,,HAN,NGO,PQC,Domestic,VJ,,,,,,,,,,,,
,2026-06-06,VJ440/VJ143,A647,A321,PQC-HAN-SGN,13:30,14:05,13:30,14:05,14:00,14:29,14:30,15:00,00:35,00:30,DELAY,DELAY,DELAY,DELAY,,93,00:25,,,,,14:00,14:27,,LATE PUSH BACK DUE TO ATC,HAN,PQC,SGN,Domestic,VJ,,,,,,,,,,,,
,2026-06-06,VJ1448/VJ525,A633,A321,PQC-HAN-DAD,10:15,14:05,10:15,14:05,10:20,14:04,14:05,14:30,03:50,03:45,ONTIME,ONTIME,DELAY,ONTIME,,,,,,,,13:15,14:00,,LATE PUSH BACK DUE TO ATC,HAN,PQC,DAD,Domestic,VJ,,,,,,,,,,,,
,2026-06-06,____/VJ942,A551,A321,HAN-TPE,,14:25,,14:25,,14:39,14:40,14:55,,,DELAY,ONTIME,DELAY,,,89,00:15,,,,,14:00,14:37,,LATE A/C CHOCK ON POSITION DUE TO ATC,HAN,HAN,TPE,International,VJ,,,,,,,,,,,,
,2026-06-06,VJ933/VJ467,A500,A321,NRT-HAN-VCA,13:05,14:30,13:05,14:30,13:35,14:25,14:26,14:38,01:25,00:51,EARLY,ONTIME,ONTIME,DELAY,,,,,,,,13:45,14:20,,,HAN,NRT,VCA,Domestic,VJ,,,,,,,,,,,,
,2026-06-06,VJ1504/VJ1505,A635,A321,DAD-HAN-DAD,14:00,14:35,14:00,14:35,14:20,14:57,14:58,15:14,00:35,00:38,DELAY,DELAY,DELAY,DELAY,,93,00:15,99,00:08,,,14:15,14:47,,LATE PUSH BACK DUE TO ATC/ARRANGE PAX,HAN,DAD,DAD,Domestic,VJ,,,,,,,,,,,,
,2026-06-06,VJ134/VJ145,A550,A321,SGN-HAN-SGN,13:30,14:40,13:30,14:40,13:47,14:39,14:40,15:10,01:10,00:53,ONTIME,ONTIME,DELAY,DELAY,,,,,,,,14:00,14:38,,LATE PUSH BACK DUE TO ATC,HAN,SGN,SGN,Domestic,VJ,,,,,,,,,,,,
,2026-06-06,VJ7707/VJ7707,A575,A321,KHV-HAN-CXR,14:25,14:55,14:25,14:55,14:15,14:34,14:35,15:10,00:30,00:20,EARLY,ONTIME,ONTIME,ONTIME,,,,,,,,,,X,,HAN,KHV,CXR,Domestic,VJ,,,,,,,,,,,,
,2026-06-06,VJ510/VJ511,A644,A321,DAD-HAN-DAD,14:35,15:05,14:35,16:20,15:50,16:17,16:18,16:27,01:45,00:28,EARLY,ONTIME,DELAY,DELAY,,,,,,,,15:50,16:16,,,HAN,DAD,DAD,Domestic,VJ,,,,,,,,,,,,
,2026-06-06,VJ136/VJ423,A673,A321,SGN-HAN-PXU,14:10,15:05,14:10,15:05,14:40,15:04,15:05,15:30,00:55,00:25,ONTIME,ONTIME,DELAY,DELAY,,,,,,,,14:40,15:02,,LATE PUSH BACK DUE TO ATC,HAN,SGN,PXU,Domestic,VJ,,,,,,,,,,,,
,2026-06-06,VJ1774/VJ419,A642,A321,CXR-HAN-TBB,14:20,15:10,14:20,15:10,14:55,15:17,15:18,15:25,00:50,00:23,DELAY,ONTIME,ONTIME,DELAY,,93,00:08,,,,,14:55,15:15,,LATE PUSH BACK DUE TO ATC,HAN,CXR,TBB,Domestic,VJ,,,,,,,,,,,,
,2026-06-06,VJ7620/VJ7620,A549,A321,CXR-HAN-BAX,15:05,15:40,15:05,15:40,15:20,16:04,16:05,16:30,00:35,00:45,DELAY,DELAY,DELAY,ONTIME,,93,00:10,99,00:15,,,,,X,LATE PUSH BACK DUE TO ATC DL99 WAIT UPDATE GD,HAN,CXR,BAX,International,VJ,,,,,,,,,,,,
,2026-06-06,VJ906/VJ439,A655,A320,KUL-HAN-UIH,14:40,15:40,14:40,15:40,14:55,15:37,15:38,15:47,01:00,00:43,EARLY,ONTIME,ONTIME,ONTIME,,,,,,,,15:00,15:35,,,HAN,KUL,UIH,Domestic,VJ,,,,,,,,,,,,
,2026-06-06,VJ138/VJ147,A548,A321,SGN-HAN-SGN,15:15,15:45,15:55,16:50,16:45,17:09,17:10,17:22,00:55,00:25,DELAY,DELAY,DELAY,DELAY,,93,00:20,,,,,16:33,17:05,,,HAN,SGN,SGN,Domestic,VJ,,,,,,,,,,,,
,2026-06-06,VJ1436/VJ903,A658,A320,UIH-HAN-BKK,14:30,15:45,14:30,16:15,15:45,16:24,16:25,16:45,01:45,00:40,DELAY,ONTIME,DELAY,DELAY,,66,00:05,99,00:05,,,15:48,16:24,,CREW HN OB 1558/ DL99 LATE ACCEPT 2 PAX & 2BAG,HAN,UIH,BKK,International,VJ,,,,,,,,,,,,
,2026-06-06,VJ1494/VJ567,A547,A321,BMV-HAN-HUI,14:35,15:55,14:35,16:35,15:48,16:34,16:35,16:45,02:00,00:47,ONTIME,ONTIME,DELAY,DELAY,,,,,,,,15:52,16:32,,,HAN,BMV,HUI,Domestic,VJ,,,,,,,,,,,,
,2026-06-06,VJ426/VJ773,A543,A321,PXU-HAN-CXR,14:05,16:00,14:05,16:00,15:00,15:52,15:55,16:15,01:55,00:55,EARLY,ONTIME,ONTIME,DELAY,,,,,,,,15:15,15:50,,,HAN,PXU,CXR,Domestic,VJ,,,,,,,,,,,,
,2026-06-06,VJ566/VJ913,A632,A321,HUI-HAN-SAI,14:30,16:20,14:30,16:20,15:35,16:19,16:20,16:30,01:50,00:45,ONTIME,ONTIME,ONTIME,DELAY,,,,,,,,15:55,16:18,,,HAN,HUI,SAI,International,VJ,,,,,,,,,,,,
,2026-06-06,VJ772/VJ193,A666,A320,CXR-HAN-SGN,15:55,16:30,15:55,17:30,17:25,17:49,17:50,17:59,01:35,00:25,DELAY,DELAY,DELAY,DELAY,,93,00:20,,,,,17:25,17:48,,,HAN,CXR,SGN,Domestic,VJ,,,,,,,,,,,,
,2026-06-06,VJ140/VJ151,A649,A321,SGN-HAN-SGN,16:20,16:50,16:20,17:50,17:45,18:14,18:15,18:30,01:30,00:30,DELAY,DELAY,DELAY,DELAY,,93,00:25,,,,,17:45,18:10,,,HAN,SGN,SGN,Domestic,VJ,,,,,,,,,,,,
,2026-06-06,VJ2986/VJ2986,A580,A321,DAD-HAN-NOZ,16:20,16:55,16:20,16:55,16:22,16:54,16:55,17:06,00:35,00:33,ONTIME,ONTIME,ONTIME,ONTIME,,,,,,,,,,X,,HAN,DAD,NOZ,International,VJ,,,,,,,,,,,,
,2026-06-06,VJ530/VJ1457,A663,A320,DAD-HAN-PQC,16:15,17:10,16:15,17:10,17:15,17:39,17:40,17:48,00:55,00:25,DELAY,DELAY,DELAY,DELAY,,93,00:30,,,,,17:10,17:37,,,HAN,DAD,PQC,Domestic,VJ,,,,,,,,,,,,
,2026-06-06,VJ434/VJ495,A650,A320,UIH-HAN-BMV,17:10,17:30,17:10,19:15,18:55,19:19,19:20,19:25,02:05,00:25,DELAY,ONTIME,DELAY,DELAY,,93,00:05,,,,,18:45,19:18,,,HAN,UIH,BMV,Domestic,VJ,,,,,,,,,,,,
,2026-06-06,VJ1454/VJ141,A525,A321,PQC-HAN-SGN,16:35,17:35,16:35,18:55,18:20,18:52,18:53,18:55,02:20,00:33,EARLY,ONTIME,DELAY,DELAY,,,,,,,,18:25,18:50,,,HAN,PQC,SGN,Domestic,VJ,,,,,,,,,,,,
,2026-06-06,VJ464/VJ1433,A689,A320,VCA-HAN-UIH,15:10,17:40,15:10,17:40,16:25,17:39,17:40,17:40,02:30,01:15,ONTIME,ONTIME,ONTIME,DELAY,,,,,,,,16:40,17:38,,,HAN,VCA,UIH,Domestic,VJ,,,,,,,,,,,,
,2026-06-06,VJ508/VJ517,A553,A321,DAD-HAN-DAD,15:25,17:45,15:25,17:45,17:30,18:09,18:10,18:15,02:20,00:40,DELAY,DELAY,DELAY,DELAY,,93,00:15,66,00:10,,,17:38,18:05,,CREW HN OB 1742,HAN,DAD,DAD,Domestic,VJ,,,,,,,,,,,,
,2026-06-06,VJ528/VJ1153,A633,A321,DAD-HAN-SGN,17:25,18:05,17:25,19:10,18:40,19:07,19:08,19:14,01:45,00:28,EARLY,ONTIME,DELAY,DELAY,,,,,,,,18:35,19:05,,,HAN,DAD,SGN,Domestic,VJ,,,,,,,,,,,,
,2026-06-06,VJ568/VJ781,A547,A321,HUI-HAN-CXR,18:55,18:20,18:55,20:20,20:00,20:29,20:30,20:40,01:25,00:30,DELAY,ONTIME,DELAY,DELAY,,93,00:10,,,,,19:50,20:25,,,HAN,HUI,CXR,Domestic,VJ,,,,,,,,,,,,
,2026-06-06,VJ512/VJ521,A643,A321,DAD-HAN-DAD,18:15,18:45,18:15,18:45,18:20,18:49,18:50,18:58,00:30,00:30,DELAY,ONTIME,ONTIME,ONTIME,,93,00:05,,,,,18:21,18:45,,,HAN,DAD,DAD,Domestic,VJ,,,,,,,,,,,,
,2026-06-06,VJ774/VJ1789,A687,A321,CXR-HAN-CXR,17:15,18:45,17:15,19:05,19:05,20:39,20:40,20:50,01:50,01:35,DELAY,DELAY,DELAY,DELAY,,93,00:25,99,01:10,,,18:55,19:27,,LATE ARR/DL99  MEDICAL SUPPORT FOR PAX,HAN,CXR,CXR,Domestic,VJ,,,,,,,,,,,,
,2026-06-06,VJ424/VJ1561,A673,A321,PXU-HAN-HUI,18:45,19:15,18:45,19:50,19:20,19:49,19:50,20:00,01:05,00:30,ONTIME,ONTIME,DELAY,DELAY,,,,,,,,19:15,19:45,,,HAN,PXU,HUI,Domestic,VJ,,,,,,,,,,,,
,2026-06-06,____/VJ519,A674,A321,HAN-DAD,,19:25,,19:25,,19:24,19:25,19:30,,,ONTIME,ONTIME,ONTIME,,,,,,,,,18:35,19:22,,,HAN,HAN,DAD,Domestic,VJ,,,,,,,,,,,,
,2026-06-06,VJ928/VJ1147,A578,A321,CGK-HAN-SGN,18:15,19:30,18:15,19:30,18:50,19:29,19:30,19:33,01:15,00:40,ONTIME,ONTIME,ONTIME,DELAY,,,,,,,,18:50,19:27,,,HAN,CGK,SGN,Domestic,VJ,,,,,,,,,,,,
,2026-06-06,VJ916/VJ971,A651,A321,SIN-HAN-DEL,17:25,19:40,17:25,19:40,17:10,19:54,19:55,20:05,02:15,02:45,DELAY,ONTIME,DELAY,ONTIME,,91,00:15,,,,,18:48,19:50,,DL91 WAIT PAX & BAG FROM VJ1454,HAN,SIN,DEL,International,VJ,,,,,,,,,,,,
,2026-06-06,VJ142/VJ1925,A697,A321,SGN-HAN-AMD,15:30,19:45,15:30,19:45,16:25,19:49,19:50,20:00,04:15,03:25,DELAY,ONTIME,ONTIME,DELAY,,91,00:05,,,,,18:50,19:40,,DL91 WAIT PAX & BAG FROM VJ1454,HAN,SGN,AMD,International,VJ,,,,,,,,,,,,
,2026-06-06,VJ442/VJ523,A200,A321,PQC-HAN-DAD,19:05,19:45,19:05,19:45,19:35,20:04,20:05,20:15,00:40,00:30,DELAY,DELAY,DELAY,DELAY,,93,00:20,,,,,19:35,20:00,,,HAN,PQC,DAD,Domestic,VJ,,,,,,,,,,,,
,2026-06-06,VJ454/VJ7712,A662,A320,PQC-HAN-PKX,16:45,19:55,16:45,19:55,17:42,19:43,19:45,20:10,03:10,02:03,EARLY,ONTIME,ONTIME,DELAY,,,,,,,,19:12,19:40,,,HAN,PQC,PKX,International,VJ,,,,,,,,,,,,
,2026-06-06,VJ438/VJ1785,A655,A320,UIH-HAN-CXR,19:25,19:55,19:25,20:15,19:55,20:14,20:15,20:35,00:50,00:20,ONTIME,ONTIME,DELAY,DELAY,,,,,,,,19:45,20:13,,,HAN,UIH,CXR,Domestic,VJ,,,,,,,,,,,,
,2026-06-06,VJ152/VJ159,A648,A321,SGN-HAN-SGN,19:20,20:10,19:20,20:10,19:35,20:09,20:10,20:25,00:50,00:35,ONTIME,ONTIME,ONTIME,ONTIME,,,,,,,,19:25,20:05,,,HAN,SGN,SGN,Domestic,VJ,,,,,,,,,,,,
,2026-06-06,VJ154/VJ163,A639,A321,SGN-HAN-SGN,20:55,21:25,20:55,21:25,21:35,22:04,22:05,22:10,00:30,00:30,DELAY,DELAY,DELAY,DELAY,,93,00:40,,,,,21:35,22:02,,,HAN,SGN,SGN,Domestic,VJ,,,,,,,,,,,,
,2026-06-06,VJ194/VJ1527,A675,A320,SGN-HAN-DAD,21:50,21:25,21:50,22:20,22:00,22:24,22:25,22:30,00:30,00:25,DELAY,ONTIME,DELAY,ONTIME,,93,00:05,,,,,22:00,22:22,,,HAN,SGN,DAD,Domestic,VJ,,,,,,,,,,,,
,2026-06-06,VJ518/VJ1503,A643,A321,DAD-HAN-DAD,22:05,22:35,22:05,22:35,22:35,23:01,23:02,23:04,00:30,00:27,DELAY,DELAY,DELAY,DELAY,,93,00:27,,,,,22:35,22:56,,,HAN,DAD,DAD,Domestic,VJ,,,,,,,,,,,,
,2026-06-06,VJ776/VJ167,A543,A321,CXR-HAN-SGN,20:10,22:45,20:10,22:45,20:00,22:44,22:45,22:47,02:35,02:45,ONTIME,ONTIME,ONTIME,ONTIME,,,,,,,,22:00,22:40,,,HAN,CXR,SGN,Domestic,VJ,,,,,,,,,,,,
,2026-06-07,____/VJ932,A607,A321,HAN-NRT,,00:30,,00:30,,00:26,00:27,00:28,,,EARLY,ONTIME,ONTIME,,,,,,,,,23:40,00:24,,,HAN,HAN,NRT,International,VJ,,,,,,,,,,,,
,2026-06-07,____/VJ982,A633,A321,HAN-PUS,,01:05,,01:05,,01:04,01:05,01:08,,,ONTIME,ONTIME,ONTIME,,,,,,,,,00:15,01:00,,,HAN,HAN,PUS,International,VJ,,,,,,,,,,,,
,2026-06-07,____/VJ938,A500,A321,HAN-KIX,,01:20,,01:20,,01:19,01:20,01:24,,,ONTIME,ONTIME,ONTIME,,,,,,,,,00:30,01:02,,,HAN,HAN,KIX,International,VJ,,,,,,,,,,,,
,2026-06-07,____/VJ960,A647,A321,HAN-ICN,,01:40,,01:40,,01:36,01:37,01:40,,,EARLY,ONTIME,ONTIME,,,,,,,,,00:50,01:34,,,HAN,HAN,ICN,International,VJ,,,,,,,,,,,,
,2026-06-07,____/VJ920,A551,A321,HAN-NGO,,01:40,,01:40,,01:36,01:37,01:39,,,EARLY,ONTIME,ONTIME,,,,,,,,,00:50,01:34,,,HAN,HAN,NGO,International,VJ,,,,,,,,,,,,
,2026-06-07,____/VJ1980,A655,A320,HAN-FSZ,,02:40,,02:40,,02:17,02:18,02:26,,,EARLY,ONTIME,ONTIME,,,,,,,,,01:40,02:15,,,HAN,HAN,FSZ,International,VJ,,,,,,,,,,,,
,2026-06-07,____/VJ123,A524,A321,HAN-SGN,,05:30,,05:30,,05:24,05:25,05:29,,,EARLY,ONTIME,ONTIME,,,,,,,,,04:40,05:20,,,HAN,HAN,SGN,Domestic,VJ,,,,,,,,,,,,
,2026-06-07,____/VJ501,A534,A321,HAN-DAD,,05:40,,05:40,,05:34,05:35,05:37,,,EARLY,ONTIME,ONTIME,,,,,,,,,04:50,05:30,,,HAN,HAN,DAD,Domestic,VJ,,,,,,,,,,,,
,2026-06-07,____/VJ771,A669,A320,HAN-CXR,,05:45,,05:45,,05:39,05:40,05:45,,,EARLY,ONTIME,ONTIME,,,,,,,,,04:45,05:35,,,HAN,HAN,CXR,Domestic,VJ,,,,,,,,,,,,
,2026-06-07,____/VJ121,A200,A321,HAN-SGN,,06:00,,06:00,,05:54,05:55,06:04,,,EARLY,ONTIME,ONTIME,,,,,,,,,05:10,05:50,,,HAN,HAN,SGN,Domestic,VJ,,,,,,,,,,,,
,2026-06-07,____/VJ491,A546,A321,HAN-BMV,,06:00,,06:00,,05:54,05:55,05:59,,,EARLY,ONTIME,ONTIME,,,,,,,,,05:05,05:50,,,HAN,HAN,BMV,Domestic,VJ,,,,,,,,,,,,
,2026-06-07,____/VJ431,A663,A320,HAN-UIH,,06:05,,06:05,,05:59,06:00,06:03,,,EARLY,ONTIME,ONTIME,,,,,,,,,05:10,05:55,,,HAN,HAN,UIH,Domestic,VJ,,,,,,,,,,,,
,2026-06-07,____/VJ952,A672,A320,HAN-HIJ,,06:15,,06:15,,06:14,06:15,06:23,,,ONTIME,ONTIME,ONTIME,,,,,,,,,05:30,06:11,,,HAN,HAN,HIJ,International,VJ,,,,,,,,,,,,
,2026-06-07,____/VJ531,A539,A321,HAN-DAD,,06:30,,06:30,,06:24,06:25,06:34,,,EARLY,ONTIME,ONTIME,,,,,,,,,05:45,06:20,,,HAN,HAN,DAD,Domestic,VJ,,,,,,,,,,,,
,2026-06-07,____/VJ461,A642,A321,HAN-VCA,,06:45,,06:45,,06:34,06:35,06:40,,,EARLY,ONTIME,ONTIME,,,,,,,,,06:00,06:30,,,HAN,HAN,VCA,Domestic,VJ,,,,,,,,,,,,
,2026-06-07,VJ2987/VJ2987,A580,A321,NOZ-HAN-DAD,06:15,06:45,06:15,06:45,05:49,06:32,06:33,06:36,00:30,00:44,EARLY,ONTIME,ONTIME,ONTIME,,,,,,,,,,X,,HAN,NOZ,DAD,Domestic,VJ,,,,,,,,,,,,
,2026-06-07,____/VJ125,A689,A320,HAN-SGN,,07:00,,07:00,,06:54,06:55,07:03,,,EARLY,ONTIME,ONTIME,,,,,,,,,06:10,06:52,,,HAN,HAN,SGN,Domestic,VJ,,,,,,,,,,,,
,2026-06-07,____/VJ1771,A673,A321,HAN-CXR,,07:00,,07:00,,06:49,06:50,06:56,,,EARLY,ONTIME,ONTIME,,,,,,,,,06:10,06:48,,,HAN,HAN,CXR,Domestic,VJ,,,,,,,,,,,,
,2026-06-07,____/VJ421,A650,A320,HAN-PXU,,07:10,,07:10,,07:02,07:03,07:10,,,EARLY,ONTIME,ONTIME,,,,,,,,,06:20,07:02,,,HAN,HAN,PXU,Domestic,VJ,,,,,,,,,,,,
,2026-06-07,____/VJ197,A697,A321,HAN-SGN,,07:20,,07:20,,07:14,07:15,07:25,,,EARLY,ONTIME,ONTIME,,,,,,,,,06:30,07:12,,,HAN,HAN,SGN,Domestic,VJ,,,,,,,,,,,,
,2026-06-07,____/VJ905,A662,A320,HAN-KUL,,07:25,,07:25,,07:24,07:25,07:35,,,ONTIME,ONTIME,ONTIME,,,,,,,,,06:30,07:22,,,HAN,HAN,KUL,International,VJ,,,,,,,,,,,,
,2026-06-07,____/VJ503,A550,A321,HAN-DAD,,07:45,,07:45,,07:39,07:40,07:49,,,EARLY,ONTIME,ONTIME,,,,,,,,,07:00,07:38,,,HAN,HAN,DAD,Domestic,VJ,,,,,,,,,,,,
,2026-06-07,____/VJ934,A674,A321,HAN-NRT,,07:55,,07:55,,07:49,07:50,07:58,,,EARLY,ONTIME,ONTIME,,,,,,,,,07:05,07:48,,,HAN,HAN,NRT,International,VJ,,,,,,,,,,,,
,2026-06-07,VJ120/VJ127,A648,A321,SGN-HAN-SGN,07:10,08:10,07:10,08:10,07:00,07:59,08:00,08:13,01:00,01:00,EARLY,ONTIME,ONTIME,ONTIME,,,,,,,,07:10,07:58,,,HAN,SGN,SGN,Domestic,VJ,,,,,,,,,,,,
,2026-06-07,____/VJ929,A578,A321,HAN-CGK,,08:40,,08:40,,08:32,08:33,08:38,,,EARLY,ONTIME,ONTIME,,,,,,,,,07:50,08:30,,,HAN,HAN,CGK,International,VJ,,,,,,,,,,,,
,2026-06-07,VJ124/VJ129,A683,A321,SGN-HAN-SGN,08:15,08:45,08:15,08:45,08:08,08:44,08:45,08:48,00:30,00:37,ONTIME,ONTIME,ONTIME,ONTIME,,,,,,,,08:10,08:42,,,HAN,SGN,SGN,Domestic,VJ,,,,,,,,,,,,
,2026-06-07,____/VJ447,A547,A321,HAN-PQC,,08:45,,08:45,,08:44,08:45,08:55,,,ONTIME,ONTIME,ONTIME,,,,,,,,,08:00,08:42,,,HAN,HAN,PQC,Domestic,VJ,,,,,,,,,,,,
,2026-06-07,____/VJ435,A658,A320,HAN-UIH,,08:50,,08:50,08:20,08:59,09:00,09:05,,,DELAY,ONTIME,ONTIME,,,99,00:10,,,,,08:05,09:02,,SYSTEM ERROR,HAN,HAN,UIH,Domestic,VJ,,,,,,,,,,,,
,2026-06-07,VJ7621/VJ7621,A549,A321,BAX-HAN-CXR,08:30,09:00,08:30,09:00,08:35,08:54,08:55,09:03,00:30,00:20,EARLY,ONTIME,ONTIME,ONTIME,,,,,,,,,,X,,HAN,BAX,CXR,Domestic,VJ,,,,,,,,,,,,
,2026-06-07,____/VJ505,A632,A321,HAN-DAD,,09:05,,09:05,,09:04,09:05,09:09,,,ONTIME,ONTIME,ONTIME,,,,,,,,,08:20,09:02,,,HAN,HAN,DAD,Domestic,VJ,,,,,,,,,,,,
,2026-06-07,VJ514/VJ563,A534,A321,DAD-HAN-HUI,08:50,09:20,08:50,09:20,08:55,09:24,09:25,09:30,00:30,00:30,DELAY,ONTIME,ONTIME,ONTIME,,93,00:05,,,,,08:43,09:15,,,HAN,DAD,HUI,Domestic,VJ,,,,,,,,,,,,
,2026-06-07,VJ502/VJ915,A521,A321,DAD-HAN-SIN,07:00,09:35,07:00,09:35,06:50,09:34,09:35,09:40,02:35,02:45,ONTIME,ONTIME,ONTIME,ONTIME,,,,,,,,08:50,09:30,,,HAN,DAD,SIN,International,VJ,,,,,,,,,,,,
,2026-06-07,____/VJ1773,A687,A321,HAN-CXR,,10:00,,10:00,,09:59,10:00,10:05,,,ONTIME,ONTIME,ONTIME,,,,,,,,,09:15,09:56,,,HAN,HAN,CXR,Domestic,VJ,,,,,,,,,,,,
,2026-06-07,VJ126/VJ131,A523,A321,SGN-HAN-SGN,09:40,10:10,09:40,10:10,09:50,10:19,10:20,10:25,00:30,00:30,DELAY,ONTIME,ONTIME,ONTIME,,93,00:10,,,,,09:30,10:17,,,HAN,SGN,SGN,Domestic,VJ,,,,,,,,,,,,
,2026-06-07,____/VJ135,A535,A321,HAN-SGN,,10:10,,10:10,,10:04,10:05,10:08,,,EARLY,ONTIME,ONTIME,,,,,,,,,09:20,10:02,,,HAN,HAN,SGN,Domestic,VJ,,,,,,,,,,,,
,2026-06-07,VJ504/VJ463,A668,A320,DAD-HAN-VCA,08:20,10:20,08:20,10:20,08:20,10:19,10:20,10:32,02:00,02:00,ONTIME,ONTIME,ONTIME,ONTIME,,,,,,,,09:50,10:17,,,HAN,DAD,VCA,Domestic,VJ,,,,,,,,,,,,
,2026-06-07,VJ532/VJ425,A539,A321,DAD-HAN-PXU,09:45,10:20,09:45,10:20,09:50,10:19,10:20,10:29,00:35,00:30,ONTIME,ONTIME,ONTIME,ONTIME,,,,,,,,09:45,10:17,,,HAN,DAD,PXU,Domestic,VJ,,,,,,,,,,,,
,2026-06-07,VJ122/VJ997,A552,A321,SGN-HAN-DPS,09:05,10:25,09:05,10:25,09:25,10:24,10:25,10:30,01:20,01:00,ONTIME,ONTIME,ONTIME,DELAY,,,,,,,,09:50,10:20,,,HAN,SGN,DPS,International,VJ,,,,,,,,,,,,
,2026-06-07,VJ430/VJ437,A663,A320,UIH-HAN-UIH,09:50,10:25,09:50,10:25,09:45,12:54,12:55,12:58,00:35,03:10,DELAY,DELAY,DELAY,ONTIME,,41,01:50,99,00:40,,,09:45,10:22,,GROUND RETURN DUE TO TECHNICAL - LATE FUEL TRUCK AT BAY,HAN,UIH,UIH,Domestic,VJ,,,,,,,,,,,,
,2026-06-07,VJ492/VJ493,A546,A321,BMV-HAN-BMV,10:00,10:30,10:00,10:30,10:00,10:29,10:30,10:37,00:30,00:30,ONTIME,ONTIME,ONTIME,ONTIME,,,,,,,,09:52,10:27,,,HAN,BMV,BMV,Domestic,VJ,,,,,,,,,,,,
,2026-06-07,VJ770/VJ565,A669,A320,CXR-HAN-HUI,09:55,10:30,09:55,10:30,10:05,10:29,10:30,10:45,00:35,00:25,ONTIME,ONTIME,ONTIME,ONTIME,,,,,,,,10:00,10:28,,,HAN,CXR,HUI,Domestic,VJ,,,,,,,,,,,,
,2026-06-07,____/VJ901,A542,A321,HAN-BKK,,11:10,,11:10,,11:09,11:10,11:50,,,ONTIME,ONTIME,DELAY,,,,,,,,,10:20,11:08,,LATE PUSH BACK DUE TO ATC,HAN,HAN,BKK,International,VJ,,,,,,,,,,,,
,2026-06-07,VJ130/VJ133,A522,A321,SGN-HAN-SGN,10:50,11:20,10:50,11:20,10:55,11:24,11:25,12:10,00:30,00:30,DELAY,ONTIME,DELAY,ONTIME,,93,00:05,,,,,10:55,11:12,,LATE PUSH BACK DUE TO ATC,HAN,SGN,SGN,Domestic,VJ,,,,,,,,,,,,
,2026-06-07,VJ524/VJ507,A550,A321,DAD-HAN-DAD,10:55,11:25,10:55,11:25,11:15,11:44,11:45,12:15,00:30,00:30,DELAY,DELAY,DELAY,DELAY,,93,00:20,,,,,11:10,11:41,,LATE PUSH BACK DUE TO ATC,HAN,DAD,DAD,Domestic,VJ,,,,,,,,,,,,
,2026-06-07,VJ422/VJ451,A650,A320,PXU-HAN-PQC,10:50,11:45,10:50,11:45,10:55,11:44,11:45,12:25,00:55,00:50,ONTIME,ONTIME,DELAY,ONTIME,,,,,,,,10:55,11:43,,LATE PUSH BACK DUE TO ATC,HAN,PXU,PQC,Domestic,VJ,,,,,,,,,,,,
,2026-06-07,VJ1772/VJ1453,A673,A321,CXR-HAN-PQC,11:15,11:50,11:15,11:50,11:40,11:59,12:00,12:26,00:35,00:20,DELAY,ONTIME,DELAY,DELAY,,93,00:10,,,,,11:24,11:57,,LATE PUSH BACK DUE TO ATC,HAN,CXR,PQC,Domestic,VJ,,,,,,,,,,,,
,2026-06-07,VJ462/VJ515,A642,A321,VCA-HAN-DAD,11:40,12:15,11:40,12:15,12:20,12:49,12:50,13:05,00:35,00:30,DELAY,DELAY,DELAY,DELAY,,93,00:35,,,,,12:15,12:48,,,HAN,VCA,DAD,Domestic,VJ,,,,,,,,,,,,
,2026-06-07,VJ128/VJ137,A689,A320,SGN-HAN-SGN,11:50,12:20,11:50,12:20,12:00,12:24,12:25,12:45,00:30,00:25,DELAY,ONTIME,DELAY,ONTIME,,93,00:05,,,,,12:00,12:21,,,HAN,SGN,SGN,Domestic,VJ,,,,,,,,,,,,
,2026-06-07,VJ506/VJ453,A632,A321,DAD-HAN-PQC,12:15,13:00,12:15,13:00,12:55,13:19,13:20,13:30,00:45,00:25,DELAY,DELAY,DELAY,DELAY,,93,00:20,,,,,12:55,13:18,,,HAN,DAD,PQC,Domestic,VJ,,,,,,,,,,,,
,2026-06-07,VJ432/VJ509,A668,A320,UIH-HAN-DAD,12:35,13:05,12:35,13:05,13:06,13:30,13:31,13:43,00:30,00:25,DELAY,DELAY,DELAY,DELAY,,93,00:26,,,,,12:55,13:28,,,HAN,UIH,DAD,Domestic,VJ,,,,,,,,,,,,
,2026-06-07,VJ981/VJ787,A633,A321,PUS-HAN-CXR,10:40,13:10,10:40,13:10,10:32,13:09,13:10,13:20,02:30,02:38,ONTIME,ONTIME,ONTIME,ONTIME,,,,,,,,12:25,13:06,,,HAN,PUS,CXR,Domestic,VJ,,,,,,,,,,,,
,2026-06-07,VJ198/VJ433,A697,A321,SGN-HAN-UIH,12:40,13:20,12:40,13:20,12:55,13:19,13:20,13:35,00:40,00:25,ONTIME,ONTIME,ONTIME,ONTIME,,,,,,,,12:40,13:17,,,HAN,SGN,UIH,Domestic,VJ,,,,,,,,,,,,
,2026-06-07,____/VJ191,A651,A321,HAN-SGN,,13:40,,13:40,,13:39,13:40,13:47,,,ONTIME,ONTIME,ONTIME,,,,,,,,,12:50,13:38,,,HAN,HAN,SGN,Domestic,VJ,,,,,,,,,,,,
,2026-06-07,VJ921/VJ948,A551,A321,NGO-HAN-RMQ,12:50,14:00,12:50,14:00,12:58,13:59,14:00,14:14,01:10,01:02,ONTIME,ONTIME,ONTIME,ONTIME,,,,,,,,13:20,13:55,,,HAN,NGO,RMQ,International,VJ,,,,,,,,,,,,
,2026-06-07,VJ939/VJ441,A500,A321,KIX-HAN-PQC,12:20,14:00,12:20,14:00,12:38,13:55,13:56,14:09,01:40,01:18,EARLY,ONTIME,ONTIME,DELAY,,,,,,,,13:10,13:54,,,HAN,KIX,PQC,Domestic,VJ,,,,,,,,,,,,
,2026-06-07,VJ134/VJ525,A648,A321,SGN-HAN-DAD,13:30,14:05,13:30,14:05,12:40,14:02,14:03,14:20,00:35,01:23,EARLY,ONTIME,ONTIME,ONTIME,,,,,,,,13:20,13:57,,,HAN,SGN,DAD,Domestic,VJ,,,,,,,,,,,,
,2026-06-07,VJ1981/VJ467,A655,A320,FSZ-HAN-VCA,14:00,14:30,14:00,14:30,14:05,14:39,14:40,14:45,00:30,00:35,DELAY,ONTIME,ONTIME,ONTIME,,93,00:05,66,00:05,,,14:06,14:37,,CREW OB 1417,HAN,FSZ,VCA,Domestic,VJ,,,,,,,,,,,,
,2026-06-07,VJ1504/VJ1505,A553,A321,DAD-HAN-DAD,14:00,14:35,14:00,14:35,14:15,14:44,14:45,14:50,00:35,00:30,DELAY,ONTIME,ONTIME,ONTIME,,93,00:10,,,,,14:15,14:42,,,HAN,DAD,DAD,Domestic,VJ,,,,,,,,,,,,
,2026-06-07,VJ961/VJ946,A647,A321,ICN-HAN-KHH,13:35,14:35,13:35,14:35,13:40,14:24,14:25,14:37,01:00,00:45,EARLY,ONTIME,ONTIME,ONTIME,,,,,,,,13:50,14:22,,,HAN,ICN,KHH,International,VJ,,,,,,,,,,,,
,2026-06-07,VJ440/VJ145,A547,A321,PQC-HAN-SGN,13:30,14:40,13:30,14:40,13:40,14:39,14:40,14:55,01:10,01:00,ONTIME,ONTIME,ONTIME,ONTIME,,,,,,,,13:50,14:38,,,HAN,PQC,SGN,Domestic,VJ,,,,,,,,,,,,
,2026-06-07,VJ933/VJ942,A607,A321,NRT-HAN-TPE,13:05,14:45,13:05,14:45,13:21,14:49,14:50,15:00,01:40,01:29,DELAY,ONTIME,ONTIME,DELAY,,15A,00:05,,,,,14:05,14:45,,OFFLOAD 02 PAX 01 BAG,HAN,NRT,TPE,International,VJ,,,,,,,,,,,,
,2026-06-07,VJ961/VJ143,A647,A321,ICN-HAN-SGN,13:35,14:50,13:35,14:50,13:50,15:09,15:10,15:15,01:15,01:20,DELAY,DELAY,DELAY,ONTIME,,63A,00:20,,,,,14:15,14:59,,CAPT SHOW UP LATE OB 1506,HAN,ICN,SGN,Domestic,VJ,,,,,,,,,,,,
,2026-06-07,VJ566/VJ423,A669,A320,HUI-HAN-PXU,13:30,15:05,13:30,15:05,14:30,15:04,15:05,15:14,01:35,00:35,ONTIME,ONTIME,ONTIME,DELAY,,,,,,,,14:25,15:02,,,HAN,HUI,PXU,Domestic,VJ,,,,,,,,,,,,
,2026-06-07,VJ1774/VJ511,A687,A321,CXR-HAN-DAD,14:20,15:05,14:20,15:05,14:40,15:09,15:10,15:20,00:45,00:30,DELAY,ONTIME,ONTIME,DELAY,,93,00:05,,,,,14:30,15:06,,,HAN,CXR,DAD,Domestic,VJ,,,,,,,,,,,,
,2026-06-07,VJ136/VJ1451,A200,A321,SGN-HAN-PQC,14:40,15:05,14:40,15:05,15:05,15:34,15:35,15:48,00:25,00:30,DELAY,DELAY,DELAY,DELAY,,93,00:30,,,,,15:05,15:32,,,HAN,SGN,PQC,Domestic,VJ,,,,,,,,,,,,
,2026-06-07,VJ426/VJ419,A539,A321,PXU-HAN-TBB,14:05,15:10,14:05,15:10,14:00,15:09,15:10,15:19,01:05,01:10,ONTIME,ONTIME,ONTIME,ONTIME,,,,,,,,14:15,15:05,,,HAN,PXU,TBB,Domestic,VJ,,,,,,,,,,,,
,2026-06-07,VJ494/VJ439,A546,A321,BMV-HAN-UIH,14:30,15:40,14:30,15:40,15:10,15:39,15:40,15:55,01:10,00:30,ONTIME,ONTIME,ONTIME,DELAY,,,,,,,,15:09,15:35,,,HAN,BMV,UIH,Domestic,VJ,,,,,,,,,,,,
,2026-06-07,VJ138/VJ147,A532,A321,SGN-HAN-SGN,15:15,15:45,15:15,15:45,15:40,16:09,16:10,16:25,00:30,00:30,DELAY,DELAY,DELAY,DELAY,,93,00:25,,,,,15:40,16:05,,,HAN,SGN,SGN,Domestic,VJ,,,,,,,,,,,,
,2026-06-07,VJ906/VJ903,A662,A320,KUL-HAN-BKK,14:40,15:45,14:40,15:45,15:20,15:54,15:55,16:00,01:05,00:35,DELAY,ONTIME,ONTIME,DELAY,,66,00:10,,,,,15:35,15:53,,CREW OB 1535,HAN,KUL,BKK,International,VJ,,,,,,,,,,,,
,2026-06-07,VJ464/VJ567,A668,A320,VCA-HAN-HUI,15:10,15:55,15:10,16:55,16:30,16:59,17:00,17:10,01:45,00:30,DELAY,ONTIME,DELAY,DELAY,,2,00:05,,,,,16:20,16:52,,APU INOP,HAN,VCA,HUI,Domestic,VJ,,,,,,,,,,,,
,2026-06-07,VJ508/VJ773,A642,A321,DAD-HAN-CXR,15:30,16:05,16:30,17:05,16:45,17:12,17:13,17:19,00:35,00:28,DELAY,ONTIME,DELAY,DELAY,,93,00:08,,,,,16:45,17:06,,,HAN,DAD,CXR,Domestic,VJ,,,,,,,,,,,,
,2026-06-07,VJ142/VJ193,A810,A330,SGN-HAN-SGN,15:30,16:30,15:30,16:30,15:40,16:29,16:30,16:40,01:00,00:50,ONTIME,ONTIME,ONTIME,ONTIME,,,,,,,,15:45,16:25,,,HAN,SGN,SGN,Domestic,VJ,,,,,,,,,,,,
,2026-06-07,VJ140/VJ151,A653,A321,SGN-HAN-SGN,16:20,16:50,17:15,17:50,17:45,18:14,18:15,18:30,00:35,00:30,DELAY,DELAY,DELAY,DELAY,,93,00:25,,,,,17:40,18:12,,,HAN,SGN,SGN,Domestic,VJ,,,,,,,,,,,,
,2026-06-07,VJ953/VJ457,A672,A320,HIJ-HAN-PQC,16:10,17:10,16:10,17:10,16:25,17:09,17:10,17:15,01:00,00:45,ONTIME,ONTIME,ONTIME,ONTIME,,,,,,,,16:25,17:00,,,HAN,HIJ,PQC,Domestic,VJ,,,,,,,,,,,,
,2026-06-07,VJ452/VJ465,A639,A321,PQC-HAN-VCA,16:35,17:15,16:35,17:15,17:00,17:26,17:27,17:30,00:40,00:27,DELAY,ONTIME,ONTIME,DELAY,,93,00:12,,,,,16:55,17:24,,,HAN,PQC,VCA,Domestic,VJ,,,,,,,,,,,,
,2026-06-07,VJ510/VJ141,A550,A321,DAD-HAN-SGN,14:35,17:35,15:05,17:35,15:55,17:34,17:35,17:45,02:30,01:40,ONTIME,ONTIME,ONTIME,DELAY,,,,,,,,16:45,17:30,,,HAN,DAD,SGN,Domestic,VJ,,,,,,,,,,,,
,2026-06-07,VJ530/VJ1431,A668,A320,DAD-HAN-UIH,16:15,17:40,16:15,17:40,17:19,17:39,17:40,17:50,01:25,00:21,ONTIME,ONTIME,ONTIME,DELAY,,,,,,,,17:19,17:38,,,HAN,DAD,UIH,Domestic,VJ,,,,,,,,,,,,
,2026-06-07,VJ436VJ495,A663,A320,UIH-HAN-BMV,14:10,17:45,16:30,17:45,16:48,17:44,17:45,17:50,01:15,00:57,ONTIME,ONTIME,ONTIME,DELAY,,,,,,,,17:00,17:41,,,HAN,UIH,BMV,Domestic,VJ,,,,,,,,,,,,
,2026-06-07,VJ902/VJ517,A542,A321,BKK-HAN-DAD,15:50,17:45,15:50,17:45,16:50,17:37,17:38,17:47,01:55,00:48,EARLY,ONTIME,ONTIME,DELAY,,,,,,,,16:55,17:35,,,HAN,BKK,DAD,Domestic,VJ,,,,,,,,,,,,
,2026-06-07,VJ528/VJ153,A648,A321,DAD-HAN-SGN,17:25,18:05,17:25,18:35,18:10,18:39,18:40,18:49,01:10,00:30,DELAY,ONTIME,DELAY,DELAY,,93,00:05,,,,,18:00,18:36,,,HAN,DAD,SGN,Domestic,VJ,,,,,,,,,,,,
,2026-06-07,VJ774/VJ781,A667,A321,CXR-HAN-CXR,17:30,18:15,17:30,18:15,18:20,18:49,18:50,19:00,00:45,00:30,DELAY,DELAY,DELAY,DELAY,,93,00:35,,,,,18:20,18:38,,,HAN,CXR,CXR,Domestic,VJ,,,,,,,,,,,,
,2026-06-07,VJ454/VJ789,A650,A320,PQC-HAN-CXR,16:45,18:45,16:45,18:45,17:35,18:39,18:40,18:40,02:00,01:05,EARLY,ONTIME,ONTIME,DELAY,,,,,,,,17:55,18:35,,,HAN,PQC,CXR,Domestic,VJ,,,,,,,,,,,,
,2026-06-07,VJ434/VJ521,A697,A321,UIH-HAN-DAD,17:10,18:45,17:10,18:45,17:30,18:42,18:43,19:00,01:35,01:13,EARLY,ONTIME,ONTIME,DELAY,,,,,,,,18:00,18:40,,,HAN,UIH,DAD,Domestic,VJ,,,,,,,,,,,,
,2026-06-07,VJ456/VJ155,A632,A321,PQC-HAN-SGN,17:45,18:55,17:45,18:55,18:35,19:09,19:10,19:25,01:10,00:35,DELAY,ONTIME,DELAY,DELAY,,93,00:10,66,00:05,,,18:35,19:07,,LATE PUSHBACK DUE TO ATC/CREW OB 1840,HAN,PQC,SGN,Domestic,VJ,,,,,,,,,,,,
,2026-06-07,VJ424/VJ561,A663,A320,PXU-HAN-HUI,18:45,19:15,18:45,19:15,19:03,19:24,19:25,19:45,00:30,00:22,DELAY,ONTIME,DELAY,DELAY,,,,,,,,18:55,19:22,,LATE PUSHBACK DUE TO ATC,HAN,PXU,HUI,Domestic,VJ,,,,,,,,,,,,
,2026-06-07,VJ144/VJ519,A698,A321,SGN-HAN-DAD,18:05,19:25,18:05,19:25,18:30,19:24,19:25,19:50,01:20,00:55,ONTIME,ONTIME,DELAY,DELAY,,,,,,,,18:40,19:20,,LATE PUSHBACK DUE TO ATC,HAN,SGN,DAD,Domestic,VJ,,,,,,,,,,,,
,2026-06-07,VJ434/VJ157,A697,A321,UIH-HAN-SGN,17:10,19:30,17:10,19:30,17:30,19:29,19:30,19:57,02:20,02:00,ONTIME,ONTIME,DELAY,DELAY,,,,,,,,18:45,19:26,,LATE PUSHBACK DUE TO ATC,HAN,UIH,SGN,Domestic,VJ,,,,,,,,,,,,
,2026-06-07,VJ916/VJ1127,A521,A321,SIN-HAN-SGN,17:25,19:35,17:25,19:35,17:25,19:29,19:30,20:05,02:10,02:05,EARLY,ONTIME,DELAY,ONTIME,,,,,,,,18:50,19:26,,LATE PUSHBACK DUE TO ATC,HAN,SIN,SGN,Domestic,VJ,,,,,,,,,,,,
,2026-06-07,VJ142/VJ1925,A697,A321,SGN-HAN-AMD,15:30,19:45,15:30,19:45,16:25,19:39,19:40,19:59,04:15,03:15,EARLY,ONTIME,ONTIME,DELAY,,,,,,,,18:55,19:35,,LATE PUSHBACK DUE TO ATC,HAN,SGN,AMD,International,VJ,,,,,,,,,,,,
,2026-06-07,VJ7614/VJ7614,A549,A321,CXR-HAN-BQS,19:15,19:50,19:15,19:50,19:15,19:44,19:45,20:42,00:35,00:30,EARLY,ONTIME,DELAY,ONTIME,,,,,,,,,,X,LATE PUSHBACK DUE TO ATC,HAN,CXR,BQS,International,VJ,,,,,,,,,,,,
,2026-06-07,VJ438/VJ1785,A662,A320,UIH-HAN-CXR,19:25,20:00,19:25,20:00,19:35,20:04,20:05,20:40,00:35,00:30,DELAY,ONTIME,DELAY,ONTIME,,93,00:05,,,,,19:30,20:00,,LATE PUSHBACK DUE TO ATC,HAN,UIH,CXR,Domestic,VJ,,,,,,,,,,,,
,2026-06-07,VJ188/VJ523,A651,A321,SGN-HAN-DAD,19:00,20:05,19:00,20:05,19:25,20:04,20:05,20:40,01:05,00:40,ONTIME,ONTIME,DELAY,DELAY,,,,,,,,19:25,19:55,,LATE PUSHBACK DUE TO ATC,HAN,SGN,DAD,Domestic,VJ,,,,,,,,,,,,
,2026-06-07,VJ442/VJ455,A500,A321,PQC-HAN-PQC,19:05,20:05,19:05,20:05,18:58,20:01,20:02,20:35,01:00,01:04,EARLY,ONTIME,DELAY,ONTIME,,,,,,,,19:20,19:57,,LATE PUSHBACK DUE TO ATC,HAN,PQC,PQC,Domestic,VJ,,,,,,,,,,,,
,2026-06-07,VJ512/VJ7815,A687,A321,DAD-HAN-MNL,18:15,20:10,18:15,20:10,19:05,20:09,20:10,20:50,01:55,01:05,ONTIME,ONTIME,DELAY,DELAY,,,,,,,,19:30,20:05,,LATE PUSHBACK DUE TO ATC,HAN,DAD,MNL,International,VJ,,,,,,,,,,,,
,2026-06-07,VJ420/VJ783,A539,A321,TBB-HAN-CXR,19:15,20:25,19:15,20:25,19:25,20:20,20:21,20:55,01:10,00:56,EARLY,ONTIME,DELAY,ONTIME,,,,,,,,19:25,20:16,,LATE PUSHBACK DUE TO ATC,HAN,TBB,CXR,Domestic,VJ,,,,,,,,,,,,
,2026-06-07,VJ468/VJ161,A655,A320,VCA-HAN-SGN,19:50,20:55,19:50,20:55,19:50,20:54,20:55,21:22,01:05,01:05,ONTIME,ONTIME,DELAY,ONTIME,,,,,,,,20:10,20:51,,LATE PUSHBACK DUE TO ATC,HAN,VCA,SGN,Domestic,VJ,,,,,,,,,,,,
,2026-06-07,VJ152/VJ159,A516,A321,SGN-HAN-SGN,20:45,21:20,21:15,21:50,21:40,22:09,22:10,22:17,00:35,00:30,DELAY,DELAY,DELAY,DELAY,,93,00:20,,,,,21:40,22:07,,,HAN,SGN,SGN,Domestic,VJ,,,,,,,,,,,,
,2026-06-07,VJ154/VJ163,A522,A321,SGN-HAN-SGN,20:55,21:25,21:55,22:30,22:30,22:49,22:50,22:55,00:35,00:20,DELAY,DELAY,DELAY,DELAY,,93,00:20,,,,,22:25,22:46,,,HAN,SGN,SGN,Domestic,VJ,,,,,,,,,,,,
,2026-06-07,VJ904/VJ527,A662,A320,BKK-HAN-DAD,20:25,21:40,20:25,21:40,21:00,21:39,21:40,21:48,01:15,00:40,ONTIME,ONTIME,ONTIME,DELAY,,,,,,,,21:15,21:38,,,HAN,BKK,DAD,Domestic,VJ,,,,,,,,,,,,
,2026-06-07,VJ776/VJ7526,A642,A321,CXR-HAN-CAN,20:15,22:30,21:20,22:30,21:50,22:29,22:30,22:35,01:10,00:40,ONTIME,ONTIME,ONTIME,DELAY,,,,,,,,22:05,22:25,,,HAN,CXR,CAN,International,VJ,,,,,,,,,,,,
,2026-06-07,VJ466/VJ529,A639,A321,VCA-HAN-DAD,22:05,22:40,22:05,22:40,22:50,23:17,23:18,23:28,00:35,00:28,DELAY,DELAY,DELAY,DELAY,,93,00:38,,,,,22:55,23:15,,,HAN,VCA,DAD,Domestic,VJ,,,,,,,,,,,,
,2026-06-07,VJ194/VJ167,A689,A320,SGN-HAN-SGN,21:50,22:45,21:50,22:45,22:45,23:09,23:10,23:15,00:55,00:25,DELAY,DELAY,DELAY,DELAY,,93,00:25,,,,,22:45,23:05,,,HAN,SGN,SGN,Domestic,VJ,,,,,,,,,,,,
,2026-06-07,VJ146/VJ533,A648,A321,DAD-HAN-DAD,19:40,23:05,19:40,23:05,20:50,23:29,23:30,23:50,03:25,02:40,DELAY,DELAY,DELAY,DELAY,,95,00:25,,,,,23:00,23:25,,WAIT VJ518 CREW OB 2308,HAN,DAD,DAD,Domestic,VJ,,,,,,,,,,,,
,2026-06-07,VJ518/VJ962,A697,A321,DAD-HAN-ICN,22:05,23:15,22:05,23:15,22:55,23:34,23:35,23:45,01:10,00:40,DELAY,DELAY,DELAY,DELAY,,93,00:10,66,00:10,,,23:05,23:32,,CREW OB 2307,HAN,DAD,ICN,International,VJ,,,,,,,,,,,,
,2026-06-07,VJ150/VJ169,A683,A321,SGN-HAN-SGN,23:00,23:55,23:00,23:55,23:15,23:54,23:55,1904-01-02,00:55,00:40,ONTIME,ONTIME,ONTIME,ONTIME,,,,,,,,23:10,23:50,,,HAN,SGN,SGN,Domestic,VJ,,,,,,,,,,,,
,2026-06-08,VJ7988/VJ7988,A553,A321,DAD-HAN-VVO,23:50,00:25,23:50,00:25,23:55,00:22,00:23,00:25,00:35,00:28,EARLY,ONTIME,ONTIME,ONTIME,,,,,,,,,,X,,HAN,DAD,VVO,International,VJ,,,,,,,,,,,,
,2026-06-08,____/VJ932,A552,A321,HAN-NRT,,00:30,,00:30,,00:26,00:27,00:32,,,EARLY,ONTIME,ONTIME,,,,,,,,,23:40,00:22,,,HAN,HAN,NRT,International,VJ,,,,,,,,,,,,
,2026-06-08,____/VJ982,A647,A321,HAN-PUS,,01:05,,01:05,,01:01,01:02,01:09,,,EARLY,ONTIME,ONTIME,,,,,,,,,00:15,00:55,,,HAN,HAN,PUS,International,VJ,,,,,,,,,,,,
,2026-06-08,____/VJ938,A551,A321,HAN-KIX,,01:20,,01:20,,01:14,01:15,01:16,,,EARLY,ONTIME,ONTIME,,,,,,,,,00:30,01:10,,,HAN,HAN,KIX,International,VJ,,,,,,,,,,,,
,2026-06-08,____/VJ960,A651,A321,HAN-ICN,,01:40,,01:40,,01:38,01:40,01:44,,,ONTIME,ONTIME,ONTIME,,,,,,,,,00:50,01:35,,,HAN,HAN,ICN,International,VJ,,,,,,,,,,,,
,2026-06-08,____/VJ920,A521,A321,HAN-NGO,,01:40,,01:40,,01:44,01:45,01:55,,,DELAY,ONTIME,ONTIME,,,66,00:05,,,,,01:27,01:42,,CREW OB 0129 (VJ1128 LATE ARR),HAN,HAN,NGO,International,VJ,,,,,,,,,,,,
,2026-06-08,____/VJ123,A547,A321,HAN-SGN,,05:30,,05:30,,05:24,05:25,05:35,,,EARLY,ONTIME,ONTIME,,,,,,,,,04:40,05:20,,,HAN,HAN,SGN,Domestic,VJ,,,,,,,,,,,,
,2026-06-08,VJ7527/VJ445,A642,A321,CAN-HAN-PQC,03:05,05:30,03:05,05:30,03:05,05:23,05:25,05:27,02:25,02:20,EARLY,ONTIME,ONTIME,ONTIME,,,,,,,,04:40,05:20,,,HAN,CAN,PQC,Domestic,VJ,,,,,,,,,,,,
,2026-06-08,____/VJ501,A640,A321,HAN-DAD,,05:40,,05:40,,05:34,05:35,05:40,,,EARLY,ONTIME,ONTIME,,,,,,,,,04:50,05:30,,,HAN,HAN,DAD,Domestic,VJ,,,,,,,,,,,,
,2026-06-08,____/VJ771,A658,A320,HAN-CXR,,05:45,,05:45,,05:39,05:40,05:46,,,EARLY,ONTIME,ONTIME,,,,,,,,,04:55,05:35,,,HAN,HAN,CXR,Domestic,VJ,,,,,,,,,,,,
,2026-06-08,____/VJ121,A667,A321,HAN-SGN,,06:00,,06:00,,05:54,05:55,06:05,,,EARLY,ONTIME,ONTIME,,,,,,,,,05:10,05:50,,,HAN,HAN,SGN,Domestic,VJ,,,,,,,,,,,,
,2026-06-08,____/VJ491,A539,A321,HAN-BMV,,06:00,,06:00,,05:51,05:52,05:54,,,EARLY,ONTIME,ONTIME,,,,,,,,,05:10,05:47,,,HAN,HAN,BMV,Domestic,VJ,,,,,,,,,,,,
,2026-06-08,____/VJ431,A650,A320,HAN-UIH,,06:05,,06:05,,05:59,06:00,06:10,,,EARLY,ONTIME,ONTIME,,,,,,,,,05:15,05:55,,,HAN,HAN,UIH,Domestic,VJ,,,,,,,,,,,,
,2026-06-08,____/VJ531,A546,A321,HAN-DAD,,06:30,,06:30,,06:23,06:24,06:27,,,EARLY,ONTIME,ONTIME,,,,,,,,,05:40,06:20,,,HAN,HAN,DAD,Domestic,VJ,,,,,,,,,,,,
,2026-06-08,____/VJ461,A698,A321,HAN-VCA,,06:45,,06:45,,06:39,06:40,06:45,,,EARLY,ONTIME,ONTIME,,,,,,,,,05:55,06:35,,,HAN,HAN,VCA,Domestic,VJ,,,,,,,,,,,,
,2026-06-08,____/VJ125,A669,A320,HAN-SGN,,07:00,,07:00,,06:59,07:00,07:07,,,ONTIME,ONTIME,ONTIME,,,,,,,,,06:10,06:56,,XE BUS VƯỚNG TÀU LĂN Ô 15,HAN,HAN,SGN,Domestic,VJ,,,,,,,,,,,,
,2026-06-08,____/VJ1771,A648,A321,HAN-CXR,,07:00,,07:00,,06:54,06:55,07:10,,,EARLY,ONTIME,ONTIME,,,,,,,,,06:10,06:50,,LATE PUSHBACK DUE TO APU INOP,HAN,HAN,CXR,Domestic,VJ,,,,,,,,,,,,
,2026-06-08,____/VJ421,A666,A320,HAN-PXU,,07:10,,07:10,,07:01,07:02,07:10,,,EARLY,ONTIME,ONTIME,,,,,,,,,06:20,06:56,,,HAN,HAN,PXU,Domestic,VJ,,,,,,,,,,,,
,2026-06-08,____/VJ197,A200,A321,HAN-SGN,,07:20,,07:20,,07:14,07:15,07:22,,,EARLY,ONTIME,ONTIME,,,,,,,,,06:30,07:10,,,HAN,HAN,SGN,Domestic,VJ,,,,,,,,,,,,
,2026-06-08,____/VJ905,A663,A320,HAN-KUL,,07:25,,07:25,,07:19,07:20,07:29,,,EARLY,ONTIME,ONTIME,,,,,,,,,06:35,07:15,,,HAN,HAN,KUL,International,VJ,,,,,,,,,,,,
,2026-06-08,VJ502/VJ503,A644,A321,DAD-HAN-DAD,07:00,07:30,07:00,07:30,06:50,07:24,07:25,07:31,00:30,00:35,EARLY,ONTIME,ONTIME,ONTIME,,,,,,,,06:45,07:20,,,HAN,DAD,DAD,Domestic,VJ,,,,,,,,,,,,
,2026-06-08,VJ1926/VJ934,A578,A321,AMD-HAN-NRT,05:55,07:55,05:55,07:55,06:26,07:47,07:49,07:51,02:00,01:23,EARLY,ONTIME,ONTIME,DELAY,,,,,,,,07:00,07:42,,,HAN,AMD,NRT,International,VJ,,,,,,,,,,,,
,2026-06-08,____/VJ127,A674,A321,HAN-SGN,,08:10,,08:10,,08:04,08:05,08:10,,,EARLY,ONTIME,ONTIME,,,,,,,,,07:25,08:00,,,HAN,HAN,SGN,Domestic,VJ,,,,,,,,,,,,
,2026-06-08,____/VJ129,A671,A320,HAN-SGN,,08:45,,08:45,,08:43,08:45,08:50,,,ONTIME,ONTIME,ONTIME,,,,,,,,,08:00,08:40,,,HAN,HAN,SGN,Domestic,VJ,,,,,,,,,,,,
,2026-06-08,____/VJ447,A673,A321,HAN-PQC,,08:45,,08:45,,08:42,08:43,08:48,,,EARLY,ONTIME,ONTIME,,,,,,,,,07:50,08:38,,,HAN,HAN,PQC,Domestic,VJ,,,,,,,,,,,,
,2026-06-08,VJ7615/VJ7615,A575,A321,BQS-HAN-CXR,08:20,08:50,08:20,08:50,08:55,09:25,09:25,09:35,00:30,00:30,DELAY,DELAY,DELAY,DELAY,,93,00:35,,,,,,,X,,HAN,BQS,CXR,Domestic,VJ,,,,,,,,,,,,
,2026-06-08,VJ504/VJ435,A662,A320,DAD-HAN-UIH,08:20,08:50,08:20,08:50,08:30,08:49,08:50,08:55,00:30,00:20,ONTIME,ONTIME,ONTIME,ONTIME,,,,,,,,08:25,08:45,,,HAN,DAD,UIH,Domestic,VJ,,,,,,,,,,,,
,2026-06-08,____/VJ505,A534,A321,HAN-DAD,,09:05,,09:05,,08:59,09:02,09:07,,,EARLY,ONTIME,ONTIME,,,,,,,,,08:15,08:55,,,HAN,HAN,DAD,Domestic,VJ,,,,,,,,,,,,
,2026-06-08,VJ514/VJ563,A640,A321,DAD-HAN-HUI,08:50,09:20,08:50,09:20,09:05,09:24,09:25,10:10,00:30,00:20,DELAY,ONTIME,DELAY,ONTIME,,93,00:05,,,,,09:00,09:22,,LATE PUSHBACK DUE TO VIPFLIGHT,HAN,DAD,HUI,Domestic,VJ,,,,,,,,,,,,
,2026-06-08,____/VJ915,A607,A321,HAN-SIN,,09:35,,09:35,,09:25,09:26,09:39,,,EARLY,ONTIME,ONTIME,,,,,,,,,08:50,09:21,,,HAN,HAN,SIN,International,VJ,,,,,,,,,,,,
,2026-06-08,____/VJ1773,A536,A321,HAN-CXR,,10:00,,10:00,,10:24,10:25,10:30,,,DELAY,DELAY,DELAY,,,,,89,00:25,,,09:10,10:22,,VIP MOVE,HAN,HAN,CXR,Domestic,VJ,,,,,,,,,,,,
,2026-06-08,VJ126/VJ131,A516,A321,SGN-HAN-SGN,09:40,10:10,09:40,10:35,10:15,10:44,10:45,10:58,00:55,00:30,DELAY,ONTIME,DELAY,DELAY,,93,00:10,,,,,10:15,10:40,,,HAN,SGN,SGN,Domestic,VJ,,,,,,,,,,,,
,2026-06-08,VJ532/VJ425,A546,A321,DAD-HAN-PXU,09:45,10:20,09:45,10:20,09:45,10:29,10:30,10:50,00:35,00:45,DELAY,ONTIME,DELAY,ONTIME,,,,89,00:10,,,09:45,10:27,,VIP MOVE,HAN,DAD,PXU,Domestic,VJ,,,,,,,,,,,,
,2026-06-08,____/VJ463,A672,A320,HAN-VCA,,10:20,,10:20,,10:29,10:30,10:34,,,DELAY,ONTIME,ONTIME,,,,,89,00:10,,,09:35,10:25,,VIP MOVE,HAN,HAN,VCA,Domestic,VJ,,,,,,,,,,,,
,2026-06-08,VJ430/VJ437,A650,A320,UIH-HAN-UIH,09:50,10:25,09:50,10:25,10:20,10:39,10:40,10:40,00:35,00:20,DELAY,ONTIME,ONTIME,DELAY,,93,00:15,,,,,10:15,10:38,,,HAN,UIH,UIH,Domestic,VJ,,,,,,,,,,,,
,2026-06-08,VJ492/VJ493,A539,A321,BMV-HAN-BMV,10:00,10:30,10:00,10:30,10:15,10:39,10:40,10:55,00:30,00:25,DELAY,ONTIME,DELAY,ONTIME,,93,00:10,,,,,10:15,10:35,,,HAN,BMV,BMV,Domestic,VJ,,,,,,,,,,,,
,2026-06-08,VJ524/VJ507,A644,A321,DAD-HAN-DAD,10:40,11:10,10:40,11:10,11:00,11:29,11:30,11:36,00:30,00:30,DELAY,DELAY,DELAY,DELAY,,93,00:20,,,,,10:59,11:27,,,HAN,DAD,DAD,Domestic,VJ,,,,,,,,,,,,
,2026-06-08,VJ963/VJ901,A697,A321,ICN-HAN-BKK,08:55,11:10,08:55,11:10,09:07,11:09,11:10,11:20,02:15,02:03,ONTIME,ONTIME,ONTIME,ONTIME,,,,,,,,10:25,11:05,,,HAN,ICN,BKK,International,VJ,,,,,,,,,,,,
,2026-06-08,VJ130/VJ133,A532,A321,SGN-HAN-SGN,10:50,11:20,10:50,11:20,11:15,11:44,11:45,11:50,00:30,00:30,DELAY,DELAY,DELAY,DELAY,,93,00:25,,,,,11:15,11:44,,,HAN,SGN,SGN,Domestic,VJ,,,,,,,,,,,,
,2026-06-08,VJ770/VJ565,A658,A320,CXR-HAN-HUI,09:55,11:30,09:55,11:30,10:20,11:28,11:29,11:33,01:35,01:09,EARLY,ONTIME,ONTIME,DELAY,,,,,,,,10:45,11:25,,,HAN,CXR,HUI,Domestic,VJ,,,,,,,,,,,,
,2026-06-08,VJ422/VJ451,A666,A320,PXU-HAN-PQC,10:50,11:45,10:50,11:45,11:00,11:44,11:45,11:49,00:55,00:45,ONTIME,ONTIME,ONTIME,ONTIME,,,,,,,,11:00,11:41,,,HAN,PXU,PQC,Domestic,VJ,,,,,,,,,,,,
,2026-06-08,____/VJ775,A668,A320,HAN-CXR,,11:45,,11:45,,11:44,11:45,11:58,,,ONTIME,ONTIME,ONTIME,,,,,,,,,11:00,11:40,,,HAN,HAN,CXR,Domestic,VJ,,,,,,,,,,,,
,2026-06-08,VJ1772/VJ1453,A648,A321,CXR-HAN-PQC,11:15,11:50,11:15,12:30,11:50,12:18,12:19,12:30,01:15,00:29,EARLY,ONTIME,DELAY,DELAY,,,,,,,,11:50,12:15,,,HAN,CXR,PQC,Domestic,VJ,,,,,,,,,,,,
,2026-06-08,VJ462/VJ515,A698,A321,VCA-HAN-DAD,11:40,12:10,11:40,12:10,11:45,12:14,12:15,12:25,00:30,00:30,DELAY,ONTIME,ONTIME,ONTIME,,93,00:05,,,,,11:45,12:10,,,HAN,VCA,DAD,Domestic,VJ,,,,,,,,,,,,
,2026-06-08,VJ128/VJ137,A669,A320,SGN-HAN-SGN,11:50,12:20,11:50,12:40,12:15,12:49,12:50,12:59,00:50,00:35,DELAY,ONTIME,DELAY,DELAY,,95,00:10,,,,,12:10,12:48,,CREW VJ122 OB 1223,HAN,SGN,SGN,Domestic,VJ,,,,,,,,,,,,
,2026-06-08,VJ7989/VJ7989,A553,A321,VVO-HAN-DAD,12:25,12:55,12:25,12:55,12:30,12:54,12:55,13:03,00:30,00:25,ONTIME,ONTIME,ONTIME,ONTIME,,,,,,,,,,X,,HAN,VVO,DAD,Domestic,VJ,,,,,,,,,,,,
,2026-06-08,VJ506/VJ453,A534,A321,DAD-HAN-PQC,12:15,13:00,12:15,13:00,12:40,13:09,13:10,13:15,00:45,00:30,DELAY,ONTIME,ONTIME,DELAY,,93,00:10,,,,,12:40,13:08,,,HAN,DAD,PQC,Domestic,VJ,,,,,,,,,,,,
,2026-06-08,VJ432/VJ509,A662,A320,UIH-HAN-DAD,12:35,13:05,12:35,13:05,12:35,13:01,13:02,13:15,00:30,00:27,EARLY,ONTIME,ONTIME,ONTIME,,,,,,,,12:35,12:58,,,HAN,UIH,DAD,Domestic,VJ,,,,,,,,,,,,
,2026-06-08,VJ448/VJ787,A642,A321,PQC-HAN-CXR,10:15,13:10,10:15,13:10,10:25,13:09,13:10,13:25,02:55,02:45,ONTIME,ONTIME,ONTIME,ONTIME,,,,,,,,12:20,13:05,,,HAN,PQC,CXR,Domestic,VJ,,,,,,,,,,,,
,2026-06-08,VJ198/VJ433,A200,A321,SGN-HAN-UIH,12:40,13:20,12:40,13:20,13:00,13:29,13:30,13:30,00:40,00:30,DELAY,ONTIME,ONTIME,DELAY,,93,00:10,,,,,13:00,13:25,,,HAN,SGN,UIH,Domestic,VJ,,,,,,,,,,,,
,2026-06-08,VJ122/VJ948,A684,A321,SGN-HAN-RMQ,09:05,13:30,09:05,13:30,09:10,13:34,13:35,13:42,04:25,04:25,DELAY,ONTIME,ONTIME,ONTIME,,15A,00:05,,,,,12:40,13:25,,OFFLOAD 1PAX 1BAG,HAN,SGN,RMQ,International,VJ,,,,,,,,,,,,
,2026-06-08,VJ921/VJ191,A521,A321,NGO-HAN-SGN,12:50,13:40,12:50,13:40,12:40,13:39,13:40,13:50,00:50,01:00,ONTIME,ONTIME,ONTIME,ONTIME,,,,,,,,12:55,13:35,,,HAN,NGO,SGN,Domestic,VJ,,,,,,,,,,,,
,2026-06-08,VJ564/VJ441,A640,A321,HUI-HAN-PQC,12:20,14:00,12:20,14:00,13:20,13:59,14:00,14:10,01:40,00:40,ONTIME,ONTIME,ONTIME,DELAY,,,,,,,,13:20,13:55,,,HAN,HUI,PQC,Domestic,VJ,,,,,,,,,,,,
,2026-06-08,VJ134/VJ143,A548,A321,SGN-HAN-SGN,13:30,14:05,13:30,14:05,13:45,14:14,14:15,14:20,00:35,00:30,DELAY,ONTIME,ONTIME,ONTIME,,93,00:10,,,,,13:30,14:11,,,HAN,SGN,SGN,Domestic,VJ,,,,,,,,,,,,
,2026-06-08,VJ939/VJ942,A551,A321,KIX-HAN-TPE,12:20,14:25,12:20,14:25,12:45,14:23,14:24,14:27,02:05,01:39,EARLY,ONTIME,ONTIME,DELAY,,,,,,,,13:50,14:20,,,HAN,KIX,TPE,International,VJ,,,,,,,,,,,,
,2026-06-08,VJ440/VJ525,A673,A321,PQC-HAN-DAD,13:30,14:30,13:30,14:30,14:00,14:29,14:30,14:35,01:00,00:30,ONTIME,ONTIME,ONTIME,DELAY,,,,,,,,14:00,14:26,,,HAN,PQC,DAD,Domestic,VJ,,,,,,,,,,,,
,2026-06-08,VJ981/VJ467,A647,A321,PUS-HAN-VCA,10:40,14:30,10:40,14:30,10:30,14:28,14:30,14:35,03:50,04:00,ONTIME,ONTIME,ONTIME,ONTIME,,,,,,,,13:45,14:26,,,HAN,PUS,VCA,Domestic,VJ,,,,,,,,,,,,
,2026-06-08,VJ1504/VJ1505,A550,A321,DAD-HAN-DAD,14:00,14:35,14:25,15:00,14:40,15:04,15:05,15:14,00:35,00:25,DELAY,ONTIME,DELAY,DELAY,,93,00:05,,,,,14:30,15:00,,,HAN,DAD,DAD,Domestic,VJ,,,,,,,,,,,,
,2026-06-08,VJ933/VJ145,A552,A321,NRT-HAN-SGN,13:05,14:40,13:05,14:40,13:08,14:39,14:40,14:55,01:35,01:32,ONTIME,ONTIME,ONTIME,ONTIME,,,,,,,,13:50,14:35,,,HAN,NRT,SGN,Domestic,VJ,,,,,,,,,,,,
,2026-06-08,VJ961/VJ946,A651,A321,ICN-HAN-KHH,13:35,14:50,13:35,14:50,13:40,14:49,14:50,14:55,01:15,01:10,ONTIME,ONTIME,ONTIME,ONTIME,,,,,,,,13:55,14:45,,,HAN,ICN,KHH,International,VJ,,,,,,,,,,,,
,2026-06-08,VJ510/VJ511,A644,A321,DAD-HAN-DAD,14:35,15:05,14:35,15:40,15:05,15:39,15:40,15:48,01:05,00:35,ONTIME,ONTIME,DELAY,DELAY,,,,,,,,15:00,15:38,,,HAN,DAD,DAD,Domestic,VJ,,,,,,,,,,,,
,2026-06-08,VJ436/VJ423,A650,A320,UIH-HAN-PXU,14:10,15:05,14:10,15:05,14:30,14:59,15:00,15:05,00:55,00:30,EARLY,ONTIME,ONTIME,DELAY,,,,,,,,14:30,14:55,,,HAN,UIH,PXU,Domestic,VJ,,,,,,,,,,,,
,2026-06-08,VJ1774/VJ419,A575,A321,CXR-HAN-TBB,14:25,15:10,14:25,15:40,15:05,15:24,15:25,15:40,01:15,00:20,EARLY,ONTIME,DELAY,DELAY,,,,,,,,15:00,15:23,,,HAN,CXR,TBB,Domestic,VJ,,,,,,,,,,,,
,2026-06-08,VJ906/VJ439,A663,A320,KUL-HAN-UIH,14:40,15:40,14:40,15:40,14:42,15:32,15:33,15:37,01:00,00:51,EARLY,ONTIME,ONTIME,ONTIME,,,,,,,,14:40,15:30,,,HAN,KUL,UIH,Domestic,VJ,,,,,,,,,,,,
,2026-06-08,VJ138/VJ147,A632,A321,SGN-HAN-SGN,15:15,15:45,15:15,15:45,15:30,15:54,15:55,16:00,00:30,00:25,DELAY,ONTIME,ONTIME,ONTIME,,93,00:10,,,,,15:25,15:52,,,HAN,SGN,SGN,Domestic,VJ,,,,,,,,,,,,
,2026-06-08,VJ566/VJ903,A658,A320,HUI-HAN-BKK,14:30,15:45,14:30,15:45,14:50,15:29,15:30,15:45,01:15,00:40,EARLY,ONTIME,ONTIME,DELAY,,,,,,,,14:50,15:28,,,HAN,HUI,BKK,International,VJ,,,,,,,,,,,,
,2026-06-08,VJ464/VJ567,A672,A320,VCA-HAN-HUI,15:10,15:55,15:10,15:55,15:40,16:04,16:05,16:10,00:45,00:25,DELAY,ONTIME,ONTIME,DELAY,,93,00:10,,,,,15:35,16:03,,,HAN,VCA,HUI,Domestic,VJ,,,,,,,,,,,,
,2026-06-08,VJ136/VJ773,A667,A321,SGN-HAN-CXR,14:40,16:00,14:40,16:00,14:55,15:59,16:00,16:05,01:20,01:05,ONTIME,ONTIME,ONTIME,ONTIME,,,,,,,,15:00,15:58,,,HAN,SGN,CXR,Domestic,VJ,,,,,,,,,,,,
,2026-06-08,VJ772/VJ513,A668,A320,CXR-HAN-DAD,15:55,16:35,15:55,17:00,16:25,16:52,16:54,17:00,01:05,00:29,EARLY,ONTIME,DELAY,DELAY,,,,,,,,16:25,16:50,,,HAN,CXR,DAD,Domestic,VJ,,,,,,,,,,,,
,2026-06-08,VJ140/VJ151,A522,A321,SGN-HAN-SGN,16:20,16:50,16:20,17:25,17:00,17:24,17:25,17:30,01:05,00:25,ONTIME,ONTIME,DELAY,DELAY,,,,,,,,16:50,17:22,,,HAN,SGN,SGN,Domestic,VJ,,,,,,,,,,,,
,2026-06-08,VJ508/VJ465,A698,A321,DAD-HAN-VCA,15:25,17:00,15:25,17:00,15:40,16:59,17:00,17:10,01:35,01:20,ONTIME,ONTIME,ONTIME,ONTIME,,,,,,,,16:00,16:57,,,HAN,DAD,VCA,Domestic,VJ,,,,,,,,,,,,
,2026-06-08,VJ426/VJ141,A546,A321,PXU-HAN-SGN,14:05,17:30,14:05,17:30,14:05,17:28,17:29,17:35,03:25,03:24,EARLY,ONTIME,ONTIME,ONTIME,,,,,,,,16:45,17:25,,,HAN,PXU,SGN,Domestic,VJ,,,,,,,,,,,,
,2026-06-08,VJ530/VJ1431,A675,A320,DAD-HAN-UIH,16:15,17:40,16:15,17:40,16:20,17:34,17:35,17:50,01:25,01:15,EARLY,ONTIME,ONTIME,ONTIME,,,,,,,,16:55,17:32,,,HAN,DAD,UIH,Domestic,VJ,,,,,,,,,,,,
,2026-06-08,VJ774/VJ517,A642,A321,CXR-HAN-DAD,17:15,17:45,17:15,18:25,18:00,18:29,18:30,18:35,01:10,00:30,DELAY,ONTIME,DELAY,DELAY,,93,00:05,,,,,18:00,18:28,,,HAN,CXR,DAD,Domestic,VJ,,,,,,,,,,,,
,2026-06-08,VJ454/VJ495,A666,A320,PQC-HAN-BMV,16:45,17:45,16:45,17:45,16:55,17:44,17:45,17:50,01:00,00:50,ONTIME,ONTIME,ONTIME,ONTIME,,,,,,,,17:00,17:42,,,HAN,PQC,BMV,Domestic,VJ,,,,,,,,,,,,
,2026-06-08,VJ434/VJ153,A200,A321,UIH-HAN-SGN,17:10,18:05,17:10,18:05,17:15,18:04,18:05,18:10,00:55,00:50,ONTIME,ONTIME,ONTIME,ONTIME,,,,,,,,17:15,18:02,,,HAN,UIH,SGN,Domestic,VJ,,,,,,,,,,,,
,2026-06-08,VJ494/VJ781,A539,A321,BMV-HAN-CXR,14:30,18:15,14:30,18:15,14:50,18:12,18:14,18:20,03:45,03:24,EARLY,ONTIME,ONTIME,DELAY,,,,,,,,17:20,18:10,,,HAN,BMV,CXR,Domestic,VJ,,,,,,,,,,,,
,2026-06-08,VJ512/VJ521,A538,A321,DAD-HAN-DAD,18:15,18:45,18:15,18:45,18:25,18:54,18:55,18:58,00:30,00:30,DELAY,ONTIME,ONTIME,ONTIME,,93,00:10,,,,,18:25,18:50,,,HAN,DAD,DAD,Domestic,VJ,,,,,,,,,,,,
,2026-06-08,VJ452/VJ789,A500,A321,PQC-HAN-CXR,14:35,18:45,14:35,18:45,14:25,18:44,18:45,18:50,04:10,04:20,ONTIME,ONTIME,ONTIME,ONTIME,,,,,,,,18:00,18:42,,,HAN,PQC,CXR,Domestic,VJ,,,,,,,,,,,,
,2026-06-08,VJ528/VJ155,A673,A321,DAD-HAN-SGN,17:50,18:55,17:50,18:55,18:10,18:48,18:49,18:55,01:05,00:39,EARLY,ONTIME,ONTIME,DELAY,,,,,,,,18:23,18:45,,,HAN,DAD,SGN,Domestic,VJ,,,,,,,,,,,,
,2026-06-08,VJ424/VJ561,A650,A320,PXU-HAN-HUI,18:45,19:15,18:45,19:15,19:20,19:38,19:40,19:45,00:30,00:20,DELAY,DELAY,DELAY,DELAY,,93,00:25,,,,,19:15,19:37,,,HAN,PXU,HUI,Domestic,VJ,,,,,,,,,,,,
,2026-06-08,VJ456/VJ519,A534,A321,PQC-HAN-DAD,17:45,19:25,17:45,19:25,18:00,19:18,19:20,19:25,01:40,01:20,EARLY,ONTIME,ONTIME,ONTIME,,,,,,,,18:35,19:18,,,HAN,PQC,DAD,Domestic,VJ,,,,,,,,,,,,
,2026-06-08,VJ194/VJ157,A543,A321,SGN-HAN-SGN,19:00,19:30,19:00,20:05,19:30,19:56,19:57,20:00,01:05,00:27,EARLY,ONTIME,DELAY,DELAY,,,,,,,,19:30,19:54,,,HAN,SGN,SGN,Domestic,VJ,,,,,,,,,,,,
,2026-06-08,VJ1454/VJ523,A648,A321,PQC-HAN-DAD,16:35,19:45,17:00,19:45,17:40,19:41,19:42,19:46,02:45,02:02,EARLY,ONTIME,ONTIME,DELAY,,,,,,,,19:00,19:38,,,HAN,PQC,DAD,Domestic,VJ,,,,,,,,,,,,
,2026-06-08,VJ148/VJ7712,A671,A320,SGN-HAN-PKX,18:25,19:55,18:25,20:25,19:50,20:24,20:25,20:25,02:00,00:35,ONTIME,ONTIME,DELAY,DELAY,,,,,,,,20:00,20:20,,,HAN,SGN,PKX,International,VJ,,,,,,,,,,,,
,2026-06-08,VJ916/VJ907,A607,A321,SIN-HAN-BOM,17:25,20:05,17:25,20:05,17:25,20:04,20:05,20:20,02:40,02:40,ONTIME,ONTIME,ONTIME,ONTIME,,,,,,,,19:37,20:04,,,HAN,SIN,BOM,International,VJ,,,,,,,,,,,,
,2026-06-08,VJ442/VJ1127,A640,A321,PQC-HAN-SGN,19:05,20:05,19:05,20:20,20:05,20:34,20:35,20:45,01:15,00:30,DELAY,ONTIME,DELAY,DELAY,,93,00:15,,,,,20:05,20:33,,,HAN,PQC,SGN,Domestic,VJ,,,,,,,,,,,,
,2026-06-08,VJ902/VJ455,A697,A321,BKK-HAN-PQC,15:50,20:05,15:50,20:05,16:55,20:03,20:04,20:06,04:15,03:09,EARLY,ONTIME,ONTIME,DELAY,,,,,,,,19:20,20:02,,,HAN,BKK,PQC,Domestic,VJ,,,,,,,,,,,,
,2026-06-08,VJ152/VJ159,A544,A321,SGN-HAN-SGN,19:20,20:10,20:25,22:35,22:00,22:24,22:25,22:26,02:10,00:25,EARLY,ONTIME,DELAY,DELAY,,,,,,,,21:50,22:22,,,HAN,SGN,SGN,Domestic,VJ,,,,,,,,,,,,
,2026-06-08,VJ468/VJ161,A647,A321,VCA-HAN-SGN,19:50,20:55,19:50,21:40,21:40,22:09,22:10,22:12,01:50,00:30,DELAY,DELAY,DELAY,DELAY,,93,00:30,,,,,21:32,22:07,,,HAN,VCA,SGN,Domestic,VJ,,,,,,,,,,,,
,2026-06-08,VJ438/VJ7238,A663,A320,UIH-HAN-PVG,19:25,21:15,19:25,21:15,20:18,20:59,21:00,21:08,01:50,00:42,EARLY,ONTIME,ONTIME,DELAY,,,,,,,,20:35,20:55,,,HAN,UIH,PVG,International,VJ,,,,,,,,,,,,
,2026-06-08,VJ154/VJ163,A632,A321,SGN-HAN-SGN,20:55,21:25,20:55,21:25,22:10,22:39,22:40,22:50,00:30,00:30,DELAY,DELAY,DELAY,DELAY,,93,01:15,,,,,22:00,22:37,,,HAN,SGN,SGN,Domestic,VJ,,,,,,,,,,,,
,2026-06-08,VJ520/VJ527,A645,A321,DAD-HAN-DAD,20:55,21:25,20:55,23:20,23:05,23:31,23:33,23:40,02:25,00:28,DELAY,ONTIME,DELAY,DELAY,,93,00:13,,,,,23:00,23:30,,,HAN,DAD,DAD,Domestic,VJ,,,,,,,,,,,,
,2026-06-08,VJ146/VJ7526,A548,A321,SGN-HAN-CAN,18:55,22:30,18:55,22:30,20:55,22:28,22:29,22:33,03:35,01:34,EARLY,ONTIME,ONTIME,DELAY,,,,,,,,21:45,22:26,,,HAN,SGN,CAN,International,VJ,,,,,,,,,,,,
,2026-06-08,VJ1432/VJ529,A662,A320,UIH-HAN-DAD,21:25,22:35,21:25,22:35,22:55,23:19,23:20,23:30,01:10,00:25,DELAY,DELAY,DELAY,DELAY,,93,00:45,,,,,22:50,23:17,,,HAN,UIH,DAD,Domestic,VJ,,,,,,,,,,,,
,2026-06-08,VJ949/VJ167,A684,A321,RMQ-HAN-SGN,19:50,22:45,19:50,22:45,20:20,22:38,22:40,22:50,02:55,02:20,EARLY,ONTIME,ONTIME,DELAY,,,,,,,,21:55,22:35,,,HAN,RMQ,SGN,Domestic,VJ,,,,,,,,,,,,
,2026-06-08,VJ150/VJ169,A546,A321,SGN-HAN-SGN,22:30,23:25,22:30,23:25,23:30,23:59,00:00,00:10,00:55,00:30,DELAY,DELAY,DELAY,DELAY,,93,00:35,,,,,23:15,23:57,,,HAN,SGN,SGN,Domestic,VJ,,,,,,,,,,,,
,2026-06-09,____/VJ932,A551,A321,HAN-NRT,,00:30,,00:30,,00:28,00:29,00:30,,,EARLY,ONTIME,ONTIME,,,,,,,,,23:45,00:26,,,HAN,HAN,NRT,International,VJ,,,,,,,,,,,,
,2026-06-09,____/VJ938,A578,A321,HAN-KIX,,01:20,,01:20,,01:14,01:15,01:20,,,EARLY,ONTIME,ONTIME,,,,,,,,,00:40,01:12,,,HAN,HAN,KIX,International,VJ,,,,,,,,,,,,
,2026-06-09,____/VJ960,A651,A321,HAN-ICN,,01:40,,01:40,,01:39,01:40,01:43,,,ONTIME,ONTIME,ONTIME,,,,,,,,,00:50,01:37,,,HAN,HAN,ICN,International,VJ,,,,,,,,,,,,
,2026-06-09,____/VJ958,A500,A321,HAN-FUK,,02:05,,02:05,,01:51,01:52,01:57,,,EARLY,ONTIME,ONTIME,,,,,,,,,01:10,01:50,,,HAN,HAN,FUK,International,VJ,,,,,,,,,,,,
,2026-06-09,____/VJ1980,A658,A320,HAN-FSZ,,02:40,,02:40,,02:29,02:30,02:32,,,EARLY,ONTIME,ONTIME,,,,,,,,,02:08,02:27,,,HAN,HAN,FSZ,International,VJ,,,,,,,,,,,,
,2026-06-09,____/VJ445,A667,A321,HAN-PQC,,05:30,,05:30,,05:24,05:25,05:28,,,EARLY,ONTIME,ONTIME,,,,,,,,,04:40,05:22,,,HAN,HAN,PQC,Domestic,VJ,,,,,,,,,,,,
,2026-06-09,____/VJ501,A640,A321,HAN-DAD,,05:40,,05:40,,05:34,05:35,05:40,,,EARLY,ONTIME,ONTIME,,,,,,,,,04:55,05:32,,,HAN,HAN,DAD,Domestic,VJ,,,,,,,,,,,,
,2026-06-09,____/VJ771,A666,A320,HAN-CXR,,05:45,,05:45,,05:39,05:40,05:45,,,EARLY,ONTIME,ONTIME,,,,,,,,,05:00,05:36,,,HAN,HAN,CXR,Domestic,VJ,,,,,,,,,,,,
,2026-06-09,____/VJ491,A673,A321,HAN-BMV,,06:00,,06:00,,05:59,06:00,06:00,,,ONTIME,ONTIME,ONTIME,,,,,,,,,05:15,05:02,,,HAN,HAN,BMV,Domestic,VJ,,,,,,,,,,,,
,2026-06-09,____/VJ121,A634,A321,HAN-SGN,,06:00,,06:00,,05:54,05:55,05:57,,,EARLY,ONTIME,ONTIME,,,,,,,,,05:10,05:52,,,HAN,HAN,SGN,Domestic,VJ,,,,,,,,,,,,
,2026-06-09,____/VJ431,A650,A320,HAN-UIH,,06:05,,06:05,,05:46,05:47,05:57,,,EARLY,ONTIME,ONTIME,,,,,,,,,05:15,05:43,,,HAN,HAN,UIH,Domestic,VJ,,,,,,,,,,,,
,2026-06-09,____/VJ952,A672,A320,HAN-HIJ,,06:15,,06:15,,06:04,06:05,06:05,,,EARLY,ONTIME,ONTIME,,,,,,,,,05:25,06:00,,,HAN,HAN,HIJ,International,VJ,,,,,,,,,,,,
,2026-06-09,____/VJ531,A534,A321,HAN-DAD,,06:30,,06:30,,06:24,06:25,06:27,,,EARLY,ONTIME,ONTIME,,,,,,,,,05:30,06:22,,,HAN,HAN,DAD,Domestic,VJ,,,,,,,,,,,,
,2026-06-09,____/VJ461,A200,A321,HAN-VCA,,06:45,,06:45,,06:44,06:45,06:50,,,ONTIME,ONTIME,ONTIME,,,,,,,,,06:00,06:42,,,HAN,HAN,VCA,Domestic,VJ,,,,,,,,,,,,
,2026-06-09,____/VJ125,A575,A321,HAN-SGN,,07:00,,07:00,,06:57,06:58,07:12,,,EARLY,ONTIME,ONTIME,,,,,,,,,06:10,06:55,,,HAN,HAN,SGN,Domestic,VJ,,,,,,,,,,,,
,2026-06-09,____/VJ1771,A539,A321,HAN-CXR,,07:00,,07:00,,06:56,06:57,07:02,,,EARLY,ONTIME,ONTIME,,,,,,,,,06:10,06:54,,,HAN,HAN,CXR,Domestic,VJ,,,,,,,,,,,,
,2026-06-09,VJ7713/VJ421,A671,A320,PKX-HAN-PXU,04:10,07:10,04:10,07:10,04:43,06:56,06:57,07:02,03:00,02:14,EARLY,ONTIME,ONTIME,DELAY,,,,,,,,06:20,06:55,,,HAN,PKX,PXU,Domestic,VJ,,,,,,,,,,,,
,2026-06-09,____/VJ197,A698,A321,HAN-SGN,,07:20,,07:20,,07:19,07:20,07:34,,,ONTIME,ONTIME,ONTIME,,,,,,,,,06:35,07:17,,,HAN,HAN,SGN,Domestic,VJ,,,,,,,,,,,,
,2026-06-09,VJ502/VJ503,A550,A321,DAD-HAN-DAD,07:00,07:30,07:00,07:30,06:55,07:27,07:28,07:35,00:30,00:33,EARLY,ONTIME,ONTIME,ONTIME,,,,,,,,06:55,07:25,,,HAN,DAD,DAD,Domestic,VJ,,,,,,,,,,,,
,2026-06-09,VJ120/VJ127,A522,A321,SGN-HAN-SGN,07:10,08:10,07:10,08:10,07:15,07:57,07:58,08:05,01:00,00:43,EARLY,ONTIME,ONTIME,ONTIME,,,,,,,,07:25,07:55,,,HAN,SGN,SGN,Domestic,VJ,,,,,,,,,,,,
,2026-06-09,____/VJ929,A526,A321,HAN-CGK,,08:40,,08:40,,08:39,08:40,08:45,,,ONTIME,ONTIME,ONTIME,,,,,,,,,07:50,08:35,,,HAN,HAN,CGK,International,VJ,,,,,,,,,,,,
,2026-06-09,VJ124/VJ129,A647,A321,SGN-HAN-SGN,08:15,08:45,08:15,08:45,08:40,09:04,09:05,09:08,00:30,00:25,DELAY,DELAY,DELAY,DELAY,,93,00:20,,,,,08:35,09:02,,,HAN,SGN,SGN,Domestic,VJ,,,,,,,,,,,,
,2026-06-09,VJ7527/VJ447,A548,A321,CAN-HAN-PQC,03:05,08:45,03:05,08:45,03:22,08:41,08:42,08:50,05:40,05:20,EARLY,ONTIME,ONTIME,DELAY,,,,,,,,07:50,08:38,,,HAN,CAN,PQC,Domestic,VJ,,,,,,,,,,,,
,2026-06-09,VJ504/VJ435,A675,A320,DAD-HAN-UIH,08:20,08:50,08:20,08:50,08:30,08:54,08:55,09:05,00:30,00:25,DELAY,ONTIME,ONTIME,ONTIME,,93,00:05,,,,,08:25,08:52,,,HAN,DAD,UIH,Domestic,VJ,,,,,,,,,,,,
,2026-06-09,VJ514/VJ563,A640,A321,DAD-HAN-HUI,08:55,09:30,08:55,09:30,09:00,09:29,09:30,09:34,00:35,00:30,ONTIME,ONTIME,ONTIME,ONTIME,,,,,,,,08:50,09:25,,,HAN,DAD,HUI,Domestic,VJ,,,,,,,,,,,,
,2026-06-09,____/VJ915,A543,A321,HAN-SIN,,09:35,,09:35,,09:29,09:30,09:32,,,EARLY,ONTIME,ONTIME,,,,,,,,,08:45,09:27,,,HAN,HAN,SIN,International,VJ,,,,,,,,,,,,
,2026-06-09,____/VJ1773,A580,A321,HAN-CXR,,10:00,,10:00,,09:59,10:00,10:09,,,ONTIME,ONTIME,ONTIME,,,,,,,,,09:15,09:55,,,HAN,HAN,CXR,Domestic,VJ,,,,,,,,,,,,
,2026-06-09,VJ126/VJ131,A643,A321,SGN-HAN-SGN,09:40,10:10,09:40,10:40,10:15,10:44,10:45,10:50,01:00,00:30,DELAY,ONTIME,DELAY,DELAY,,93,00:05,,,,,10:10,10:40,,,HAN,SGN,SGN,Domestic,VJ,,,,,,,,,,,,
,2026-06-09,____/VJ135,A648,A321,HAN-SGN,,10:10,,10:10,,10:08,10:10,10:21,,,ONTIME,ONTIME,ONTIME,,,,,,,,,09:20,10:07,,,HAN,HAN,SGN,Domestic,VJ,,,,,,,,,,,,
,2026-06-09,VJ430/VJ463,A650,A320,UIH-HAN-VCA,09:50,10:20,09:50,10:20,09:35,10:17,10:18,10:25,00:30,00:43,EARLY,ONTIME,ONTIME,ONTIME,,,,,,,,09:35,10:15,,,HAN,UIH,VCA,Domestic,VJ,,,,,,,,,,,,
,2026-06-09,VJ532/VJ425,A534,A321,DAD-HAN-PXU,09:45,10:20,09:45,10:20,09:55,10:16,10:18,10:27,00:35,00:23,EARLY,ONTIME,ONTIME,ONTIME,,,,,,,,09:40,10:12,,,HAN,DAD,PXU,Domestic,VJ,,,,,,,,,,,,
,2026-06-09,VJ910/VJ997,A607,A321,BOM-HAN-DPS,07:10,10:25,07:10,10:25,07:20,10:24,10:25,10:29,03:15,03:05,ONTIME,ONTIME,ONTIME,ONTIME,,,,,,,,09:35,10:20,,,HAN,BOM,DPS,International,VJ,,,,,,,,,,,,
,2026-06-09,VJ770/VJ437,A666,A320,CXR-HAN-UIH,09:55,10:25,09:55,10:25,10:10,10:34,10:35,10:55,00:30,00:25,DELAY,ONTIME,DELAY,ONTIME,,93,00:10,,,,,10:05,10:32,,LATE PUSH BACK DUE TO ATC,HAN,CXR,UIH,Domestic,VJ,,,,,,,,,,,,
,2026-06-09,VJ492/VJ493,A673,A321,BMV-HAN-BMV,10:00,10:30,10:00,10:30,10:00,10:29,10:30,10:36,00:30,00:30,ONTIME,ONTIME,ONTIME,ONTIME,,,,,,,,09:55,10:27,,,HAN,BMV,BMV,Domestic,VJ,,,,,,,,,,,,
,2026-06-09,____/VJ565,A687,A321,HAN-HUI,,10:30,,10:30,,10:25,10:26,10:35,,,EARLY,ONTIME,ONTIME,,,,,,,,,09:45,10:24,,,HAN,HAN,HUI,Domestic,VJ,,,,,,,,,,,,
,2026-06-09,____/VJ439,A668,A320,HAN-UIH,,10:50,,10:50,,10:44,10:46,10:57,,,EARLY,ONTIME,ONTIME,,,,,,,,,10:10,10:40,,,HAN,HAN,UIH,Domestic,VJ,,,,,,,,,,,,
,2026-06-09,____/VJ901,A552,A321,HAN-BKK,,11:10,,11:10,,11:08,11:09,11:12,,,EARLY,ONTIME,ONTIME,,,,,,,,,10:25,10:51,,,HAN,HAN,BKK,International,VJ,,,,,,,,,,,,
,2026-06-09,VJ524/VJ507,A550,A321,DAD-HAN-DAD,10:40,11:10,10:40,11:40,11:20,11:49,11:50,12:05,01:00,00:30,DELAY,ONTIME,DELAY,DELAY,,93,00:10,,,,,11:15,11:48,,LATE PUSH BACK DUE TO ATC,HAN,DAD,DAD,Domestic,VJ,,,,,,,,,,,,
,2026-06-09,VJ190/VJ195,A525,A321,SGN-HAN-SGN,10:25,11:25,10:25,11:25,10:37,11:16,11:18,11:25,01:00,00:41,EARLY,ONTIME,ONTIME,ONTIME,,,,,,,,10:35,11:14,,,HAN,SGN,SGN,Domestic,VJ,,,,,,,,,,,,
,2026-06-09,VJ130/VJ133,A544,A321,SGN-HAN-SGN,10:50,11:25,10:50,11:25,11:20,11:46,11:47,11:57,00:35,00:27,DELAY,DELAY,DELAY,DELAY,,93,00:22,,,,,11:10,11:40,,,HAN,SGN,SGN,Domestic,VJ,,,,,,,,,,,,
,2026-06-09,VJ422/VJ451,A671,A320,PXU-HAN-PQC,10:50,11:45,10:50,11:45,11:35,11:56,11:57,12:09,00:55,00:22,DELAY,ONTIME,DELAY,DELAY,,93,00:12,,,,,11:25,11:54,,,HAN,PXU,PQC,Domestic,VJ,,,,,,,,,,,,
,2026-06-09,VJ1772/VJ1453,A539,A321,CXR-HAN-PQC,11:15,11:50,11:15,11:50,11:40,11:59,12:00,12:20,00:35,00:20,DELAY,ONTIME,DELAY,DELAY,,93,00:10,,,,,11:25,11:58,,,HAN,CXR,PQC,Domestic,VJ,,,,,,,,,,,,
,2026-06-09,VJ462/VJ515,A200,A321,VCA-HAN-DAD,11:40,12:10,11:40,12:10,11:55,12:24,12:25,12:35,00:30,00:30,DELAY,ONTIME,DELAY,ONTIME,,93,00:15,,,,,11:50,12:22,,,HAN,VCA,DAD,Domestic,VJ,,,,,,,,,,,,
,2026-06-09,VJ128/VJ137,A546,A321,SGN-HAN-SGN,11:50,12:20,11:50,13:10,12:40,13:09,13:10,13:13,01:20,00:30,ONTIME,ONTIME,DELAY,DELAY,,,,,,,,12:40,13:07,,,HAN,SGN,SGN,Domestic,VJ,,,,,,,,,,,,
,2026-06-09,VJ122/VJ453,A538,A321,SGN-HAN-PQC,09:05,13:00,09:05,13:00,09:12,12:52,12:54,13:02,03:55,03:42,EARLY,ONTIME,ONTIME,ONTIME,,,,,,,,12:20,12:50,,,HAN,SGN,PQC,Domestic,VJ,,,,,,,,,,,,
,2026-06-09,VJ432/VJ509,A675,A320,UIH-HAN-DAD,12:35,13:05,12:35,13:05,12:55,13:19,13:20,13:27,00:30,00:25,DELAY,ONTIME,DELAY,DELAY,,93,00:15,,,,,12:45,13:16,,,HAN,UIH,DAD,Domestic,VJ,,,,,,,,,,,,
,2026-06-09,VJ564/VJ787,A640,A321,HUI-HAN-CXR,12:35,13:20,12:35,13:20,12:50,13:18,13:19,13:20,00:45,00:29,EARLY,ONTIME,ONTIME,ONTIME,,,,,,,,12:50,13:16,,,HAN,HUI,CXR,Domestic,VJ,,,,,,,,,,,,
,2026-06-09,VJ198/VJ433,A698,A321,SGN-HAN-UIH,12:40,13:20,12:40,13:20,13:00,13:29,13:30,13:35,00:40,00:30,DELAY,ONTIME,ONTIME,DELAY,,93,00:10,,,,,12:50,13:25,,,HAN,SGN,UIH,Domestic,VJ,,,,,,,,,,,,
,2026-06-09,VJ448/VJ948,A667,A321,PQC-HAN-RMQ,10:15,13:30,10:15,13:30,10:20,13:24,13:25,13:33,03:15,03:05,EARLY,ONTIME,ONTIME,ONTIME,,,,,,,,12:40,13:22,,,HAN,PQC,RMQ,International,VJ,,,,,,,,,,,,
,2026-06-09,____/VJ1431,A663,A320,HAN-UIH,,13:45,,13:45,,13:40,13:41,13:43,,,EARLY,ONTIME,ONTIME,,,,,,,,,13:00,13:38,,,HAN,HAN,UIH,Domestic,VJ,,,,,,,,,,,,
,2026-06-09,VJ134/VJ191,A522,A321,SGN-HAN-SGN,13:30,14:05,13:30,14:05,13:45,14:14,14:15,14:18,00:35,00:30,DELAY,ONTIME,ONTIME,ONTIME,,93,00:10,,,,,13:40,14:11,,,HAN,SGN,SGN,Domestic,VJ,,,,,,,,,,,,
,2026-06-09,VJ939/VJ525,A578,A321,KIX-HAN-DAD,12:20,14:05,12:20,14:05,12:36,14:04,14:05,14:10,01:45,01:29,ONTIME,ONTIME,ONTIME,DELAY,,,,,,,,13:25,14:00,,,HAN,KIX,DAD,Domestic,VJ,,,,,,,,,,,,
,2026-06-09,VJ566/VJ143,A687,A321,HUI-HAN-SGN,13:30,14:05,13:30,14:05,13:55,14:24,14:25,14:35,00:35,00:30,DELAY,DELAY,DELAY,DELAY,,93,00:20,,,,,13:05,14:22,,,HAN,HUI,SGN,Domestic,VJ,,,,,,,,,,,,
,2026-06-09,VJ933/VJ942,A551,A321,NRT-HAN-TPE,13:05,14:25,13:05,14:25,13:30,14:49,14:50,15:05,01:20,01:20,DELAY,DELAY,DELAY,DELAY,,99,00:25,,,,,13:45,14:37,,WAIT EQUIPMENT FORM MCC/CTOT 1518,HAN,NRT,TPE,International,VJ,,,,,,,,,,,,
,2026-06-09,VJ959/VJ467,A500,A321,FUK-HAN-VCA,11:45,14:30,11:45,14:30,11:40,14:24,14:25,14:26,02:45,02:45,EARLY,ONTIME,ONTIME,ONTIME,,,,,,,,13:40,14:22,,,HAN,FUK,VCA,Domestic,VJ,,,,,,,,,,,,
,2026-06-09,VJ1504/VJ1505,A645,A321,DAD-HAN-DAD,14:00,14:35,14:00,15:30,15:00,15:27,15:28,15:32,01:30,00:28,EARLY,ONTIME,DELAY,DELAY,,,,,,,,14:55,15:25,,,HAN,DAD,DAD,Domestic,VJ,,,,,,,,,,,,
,2026-06-09,VJ961/VJ145,A651,A321,ICN-HAN-SGN,13:35,14:40,13:35,14:40,13:30,15:12,15:13,15:21,01:05,01:43,DELAY,DELAY,DELAY,ONTIME,,63C,00:33,,,,,14:45,15:10,,CREW DO IMMI OB 1453,HAN,ICN,SGN,Domestic,VJ,,,,,,,,,,,,
,2026-06-09,VJ1981/VJ423,A658,A320,FSZ-HAN-PXU,14:00,15:05,14:00,15:05,14:05,14:58,14:59,15:06,01:05,00:54,EARLY,ONTIME,ONTIME,ONTIME,,,,,,,,14:12,14:56,,,HAN,FSZ,PXU,Domestic,VJ,,,,,,,,,,,,
,2026-06-09,VJ426/VJ1451,A534,A321,PXU-HAN-PQC,14:05,15:05,14:05,15:05,13:35,15:01,15:02,15:12,01:00,01:27,EARLY,ONTIME,ONTIME,ONTIME,,,,,,,,14:20,15:00,,,HAN,PXU,PQC,Domestic,VJ,,,,,,,,,,,,
,2026-06-09,VJ440/VJ511,A548,A321,PQC-HAN-DAD,13:30,15:05,13:30,15:05,13:35,15:02,15:03,15:10,01:35,01:28,EARLY,ONTIME,ONTIME,ONTIME,,,,,,,,14:10,15:00,,,HAN,PQC,DAD,Domestic,VJ,,,,,,,,,,,,
,2026-06-09,VJ136/VJ419,A634,A321,SGN-HAN-TBB,14:10,15:10,14:10,15:10,14:30,15:09,15:10,15:15,01:00,00:40,ONTIME,ONTIME,ONTIME,DELAY,,,,,,,,14:40,15:07,,,HAN,SGN,TBB,Domestic,VJ,,,,,,,,,,,,
,2026-06-09,VJ138/VJ147,A646,A321,SGN-HAN-SGN,15:15,15:45,15:15,15:45,15:35,16:04,16:05,16:14,00:30,00:30,DELAY,DELAY,DELAY,DELAY,,93,00:20,,,,,15:35,16:02,,,HAN,SGN,SGN,Domestic,VJ,,,,,,,,,,,,
,2026-06-09,VJ436/VJ903,A666,A320,UIH-HAN-BKK,14:10,15:45,14:10,15:45,14:54,15:35,15:36,15:37,01:35,00:42,EARLY,ONTIME,ONTIME,DELAY,,,,,,,,15:06,15:33,,,HAN,UIH,BKK,International,VJ,,,,,,,,,,,,
,2026-06-09,VJ464/VJ567,A650,A320,VCA-HAN-HUI,15:10,15:55,15:10,15:55,15:25,15:54,15:55,16:02,00:45,00:30,ONTIME,ONTIME,ONTIME,ONTIME,,,,,,,,15:20,15:53,,,HAN,VCA,HUI,Domestic,VJ,,,,,,,,,,,,
,2026-06-09,VJ494/VJ773,A673,A321,BMW-HAN-CXR,15:25,16:10,15:25,16:10,14:20,16:09,16:10,16:16,00:45,01:50,ONTIME,ONTIME,ONTIME,ONTIME,,,,,,,,15:20,16:07,,,HAN,BMW,CXR,Domestic,VJ,,,,,,,,,,,,
,2026-06-09,VJ1774/VJ913,A549,A321,CXR-HAN-SAI,14:30,16:20,14:30,16:20,14:55,16:08,16:09,16:21,01:50,01:14,EARLY,ONTIME,ONTIME,DELAY,,,,,,,,15:23,16:05,,,HAN,CXR,SAI,International,VJ,,,,,,,,,,,,
,2026-06-09,VJ142/VJ193,A648,A321,SGN-HAN-SGN,15:30,16:30,15:30,16:30,15:50,16:34,16:35,16:45,01:00,00:45,DELAY,ONTIME,ONTIME,DELAY,,15A,00:05,,,,,15:55,16:32,,OFFLOAD 2PAX 01BAG,HAN,SGN,SGN,Domestic,VJ,,,,,,,,,,,,
,2026-06-09,VJ5068/VJ5068,A580,A321,CXR-HAN-NOZ,16:20,16:55,16:20,16:55,16:30,17:04,17:05,17:09,00:35,00:35,DELAY,ONTIME,ONTIME,ONTIME,,93,00:05,66,00:05,,,,,X,,HAN,CXR,NOZ,International,VJ,,,,,,,,,,,,
,2026-06-09,VJ902/VJ465,A552,A321,BKK-HAN-VCA,15:50,17:00,15:50,17:00,16:10,16:55,16:56,17:00,01:10,00:46,EARLY,ONTIME,ONTIME,DELAY,,,,,,,,16:10,16:52,,,HAN,BKK,VCA,Domestic,VJ,,,,,,,,,,,,
,2026-06-09,VJ140/VJ151,A525,A321,SGN-HAN-SGN,16:30,17:05,16:30,17:05,16:35,17:03,17:05,17:05,00:35,00:30,ONTIME,ONTIME,ONTIME,ONTIME,,,,,,,,16:30,17:00,,,HAN,SGN,SGN,Domestic,VJ,,,,,,,,,,,,
,2026-06-09,VJ438/VJ457,A668,A320,UIH-HAN-PQC,14:40,17:10,14:40,17:10,14:50,17:04,17:05,17:17,02:30,02:15,EARLY,ONTIME,ONTIME,ONTIME,,,,,,,,16:30,17:01,,,HAN,UIH,PQC,Domestic,VJ,,,,,,,,,,,,
,2026-06-09,VJ530/VJ495,A662,A320,DAD-HAN-BMV,16:15,17:30,16:15,17:30,16:25,17:29,17:30,17:58,01:15,01:05,ONTIME,ONTIME,DELAY,ONTIME,,,,,,,,16:45,17:25,,,HAN,DAD,BMV,Domestic,VJ,,,,,,,,,,,,
,2026-06-09,VJ434/VJ517,A698,A321,UIH-HAN-DAD,17:10,17:45,17:10,18:30,18:00,18:29,18:30,18:53,01:20,00:30,ONTIME,ONTIME,DELAY,DELAY,,,,,,,,17:55,18:25,,LATE PUSHBACK DUE TO VIP MOVE,HAN,UIH,DAD,Domestic,VJ,,,,,,,,,,,,
,2026-06-09,VJ192/VJ141,A544,A321,SGN-HAN-SGN,17:25,18:00,17:25,18:00,17:20,17:59,18:00,18:14,00:35,00:40,ONTIME,ONTIME,ONTIME,ONTIME,,,,,,,,17:15,18:05,,,HAN,SGN,SGN,Domestic,VJ,,,,,,,,,,,,
,2026-06-09,VJ528/VJ153,A578,A321,DAD-HAN-SGN,17:25,18:05,17:25,18:05,17:35,18:04,18:05,18:20,00:40,00:30,ONTIME,ONTIME,ONTIME,ONTIME,,,,,,,,17:35,18:00,,,HAN,DAD,SGN,Domestic,VJ,,,,,,,,,,,,
,2026-06-09,VJ456/VJ781,A538,A321,PQC-HAN-CXR,17:45,18:15,17:45,18:35,18:25,18:49,18:50,19:15,00:50,00:25,DELAY,ONTIME,DELAY,DELAY,,93,00:15,,,,,18:20,18:45,,LATE PUSHBACK DUE TO VIP MOVE,HAN,PQC,CXR,Domestic,VJ,,,,,,,,,,,,
,2026-06-09,VJ512/VJ521,A548,A321,DAD-HAN-DAD,18:15,18:45,18:15,18:45,18:55,19:21,19:22,19:29,00:30,00:27,DELAY,DELAY,DELAY,DELAY,,93,00:37,,,,,18:55,19:18,,,HAN,DAD,DAD,Domestic,VJ,,,,,,,,,,,,
,2026-06-09,VJ508/VJ789,A200,A321,DAD-HAN-CXR,15:25,18:45,15:25,18:45,16:05,18:41,18:42,18:55,03:20,02:37,EARLY,ONTIME,ONTIME,DELAY,,,,,,,,18:00,18:38,,,HAN,DAD,CXR,Domestic,VJ,,,,,,,,,,,,
,2026-06-09,VJ148/VJ155,A632,A321,SGN-HAN-SGN,18:25,18:55,18:25,18:55,19:05,19:32,19:33,19:43,00:30,00:28,DELAY,DELAY,DELAY,DELAY,,93,00:38,,,,,19:05,19:30,,,HAN,SGN,SGN,Domestic,VJ,,,,,,,,,,,,
,2026-06-09,VJ424/VJ561,A658,A320,PXU-HAN-HUI,18:45,19:15,18:45,19:15,19:10,19:44,19:45,20:00,00:30,00:35,DELAY,DELAY,DELAY,DELAY,,93,00:25,89,00:05,,,19:10,19:40,,VIP MOMENT,HAN,PXU,HUI,Domestic,VJ,,,,,,,,,,,,
,2026-06-09,VJ144/VJ519,A649,A321,SGN-HAN-DAD,18:20,19:25,18:20,19:25,19:10,19:46,19:47,20:05,01:05,00:37,DELAY,DELAY,DELAY,DELAY,,93,00:15,89,00:07,,,19:10,19:44,,VIP MOMENT,HAN,SGN,DAD,Domestic,VJ,,,,,,,,,,,,
,2026-06-09,VJ1454/VJ1127,A539,A321,PQC-HAN-SGN,16:35,19:35,16:35,19:35,17:20,19:44,19:45,19:50,03:00,02:25,DELAY,ONTIME,ONTIME,DELAY,,95,00:10,,,,,18:55,19:42,,CHANGE CREW 144 OB 1929,HAN,PQC,SGN,Domestic,VJ,,,,,,,,,,,,
,2026-06-09,VJ916/VJ971,A543,A321,SIN-HAN-DEL,17:25,19:40,17:25,19:40,17:40,19:39,19:40,19:48,02:15,02:00,ONTIME,ONTIME,ONTIME,ONTIME,,,,,,,,18:55,19:35,,,HAN,SIN,DEL,International,VJ,,,,,,,,,,,,
,2026-06-09,VJ928/VJ1925,A526,A321,CGK-HAN-AMD,18:15,19:45,18:15,19:45,18:50,19:44,19:45,19:57,01:30,00:55,ONTIME,ONTIME,ONTIME,DELAY,,,,,,,,19:00,19:40,,,HAN,CGK,AMD,International,VJ,,,,,,,,,,,,
,2026-06-09,VJ420/VJ523,A634,A321,TBB-HAN-DAD,19:15,19:45,19:15,19:45,19:20,19:49,19:50,20:10,00:30,00:30,DELAY,ONTIME,DELAY,ONTIME,,93,00:05,,,,,19:20,19:45,,,HAN,TBB,DAD,Domestic,VJ,,,,,,,,,,,,
,2026-06-09,VJ568/VJ1785,A650,A320,HUI-HAN-CXR,18:55,19:55,18:55,19:55,19:20,19:52,19:53,20:10,01:00,00:33,EARLY,ONTIME,ONTIME,DELAY,,,,,,,,19:20,19:50,,,HAN,HUI,CXR,Domestic,VJ,,,,,,,,,,,,
,2026-06-09,VJ152/VJ159,A685,A321,SGN-HAN-SGN,19:20,20:10,19:20,20:45,20:02,20:57,20:58,20:59,01:25,00:56,DELAY,ONTIME,DELAY,DELAY,,,,99,00:13,,,20:02,20:55,,WAIT FOR CIP A,HAN,SGN,SGN,Domestic,VJ,,,,,,,,,,,,
,2026-06-09,VJ146/VJ783,A687,A321,SGN-HAN-CXR,18:55,20:25,18:55,20:25,20:05,20:29,20:30,20:33,01:30,00:25,DELAY,ONTIME,ONTIME,DELAY,,93,00:05,,,,,20:05,20:26,,,HAN,SGN,CXR,Domestic,VJ,,,,,,,,,,,,
,2026-06-09,VJ468/VJ161,A500,A321,VCA-HAN-SGN,19:50,20:55,19:50,20:55,20:05,20:48,20:50,20:55,01:05,00:45,EARLY,ONTIME,ONTIME,ONTIME,,,,,,,,20:05,20:45,,,HAN,VCA,SGN,Domestic,VJ,,,,,,,,,,,,
,2026-06-09,VJ154/VJ163,A644,A321,SGN-HAN-SGN,20:55,21:25,20:55,21:25,21:10,21:44,21:45,21:50,00:30,00:35,DELAY,DELAY,DELAY,ONTIME,,93,00:20,,,,,21:10,21:42,,,HAN,SGN,SGN,Domestic,VJ,,,,,,,,,,,,
,2026-06-09,VJ904/VJ527,A666,A320,BKK-HAN-DAD,20:25,21:40,20:25,21:40,20:30,21:39,21:40,21:45,01:15,01:10,ONTIME,ONTIME,ONTIME,ONTIME,,,,,,,,20:55,21:35,,,HAN,BKK,DAD,Domestic,VJ,,,,,,,,,,,,
,2026-06-09,VJ520/VJ167,A554,A321,SGN-HAN-SGN,19:20,22:45,19:20,22:45,20:45,22:40,22:42,22:48,03:25,01:57,EARLY,ONTIME,ONTIME,DELAY,,,,,,,,22:00,22:40,,,HAN,SGN,SGN,Domestic,VJ,,,,,,,,,,,,
,2026-06-09,VJ1452/VJ529,A534,A321,PQC-HAN-DAD,19:50,22:35,19:50,22:35,20:25,22:59,23:00,23:15,02:45,02:35,DELAY,DELAY,DELAY,DELAY,,95,00:25,,,,,22:35,22:58,,CHANGE CREW 496 OB 2237,HAN,PQC,DAD,Domestic,VJ,,,,,,,,,,,,
,2026-06-09,VJ943/VJ962,A551,A321,TPE-HAN-ICN,20:55,23:15,20:55,23:15,22:05,23:24,23:25,23:30,02:20,01:20,DELAY,ONTIME,ONTIME,DELAY,,99,00:10,,,,,22:15,23:22,,LATE ACCEPT 11 PAX 17BAG,HAN,TPE,ICN,International,VJ,,,,,,,,,,,,
,2026-06-10,VJ158/VJ932,A578,A321,SGN-HAN-NRT,22:55,00:30,22:55,00:30,23:40,00:37,00:38,00:40,01:35,00:58,DELAY,ONTIME,ONTIME,DELAY,,15A,00:08,,,,,23:45,00:34,,OFFLOAD 1PAX 01BAG,HAN,SGN,NRT,International,VJ,,,,,,,,,,,,
,2026-06-10,____/VJ982,A667,A321,HAN-PUS,,01:05,,01:05,,00:59,01:00,01:01,,,EARLY,ONTIME,ONTIME,,,,,,,,,00:20,00:57,,,HAN,HAN,PUS,International,VJ,,,,,,,,,,,,
,2026-06-10,VJ7706/VJ7706,A538,A321,HAN-KHV,00:30,01:05,00:30,01:05,00:40,01:09,01:10,01:20,00:35,00:30,DELAY,ONTIME,ONTIME,ONTIME,,93,00:05,,,,,,,X,,HAN,HAN,KHV,International,VJ,,,,,,,,,,,,
,2026-06-10,____/VJ938,A200,A321,HAN-KIX,,01:20,,01:20,,01:08,01:09,01:14,,,EARLY,ONTIME,ONTIME,,,,,,,,,00:30,01:06,,,HAN,HAN,KIX,International,VJ,,,,,,,,,,,,
,2026-06-10,____/VJ960,A607,A321,HAN-ICN,,01:40,,01:40,,01:31,01:32,01:37,,,EARLY,ONTIME,ONTIME,,,,,,,,,00:50,01:29,,,HAN,HAN,ICN,International,VJ,,,,,,,,,,,,
,2026-06-10,____/VJ920,A552,A321,HAN-NGO,,01:40,,01:40,,01:33,01:35,01:40,,,EARLY,ONTIME,ONTIME,,,,,,,,,00:40,01:31,,,HAN,HAN,NGO,International,VJ,,,,,,,,,,,,
,2026-06-10,____/VJ123,A668,A320,HAN-SGN,,05:30,,05:30,,05:24,05:25,05:37,,,EARLY,ONTIME,ONTIME,,,,,,,,,04:40,05:22,,,HAN,HAN,SGN,Domestic,VJ,,,,,,,,,,,,
,2026-06-10,____/VJ445,A672,A320,HAN-PQC,,05:30,,05:30,,05:24,05:25,05:27,,,EARLY,ONTIME,ONTIME,,,,,,,,,04:40,05:24,,,HAN,HAN,PQC,Domestic,VJ,,,,,,,,,,,,
,2026-06-10,____/VJ501,A649,A321,HAN-DAD,,05:40,,05:40,,05:39,05:40,05:45,,,ONTIME,ONTIME,ONTIME,,,,,,,,,04:55,05:35,,,HAN,HAN,DAD,Domestic,VJ,,,,,,,,,,,,
,2026-06-10,____/VJ121,A539,A321,HAN-SGN,,06:00,,06:00,,05:54,05:55,05:58,,,EARLY,ONTIME,ONTIME,,,,,,,,,05:10,05:50,,,HAN,HAN,SGN,Domestic,VJ,,,,,,,,,,,,
,2026-06-10,____/VJ771,A658,A320,HAN-CXR,,06:00,,06:00,,05:54,05:55,06:05,,,EARLY,ONTIME,ONTIME,,,,,,,,,05:10,05:50,,,HAN,HAN,CXR,Domestic,VJ,,,,,,,,,,,,
,2026-06-10,____/VJ491,A549,A321,HAN-BMV,,06:00,,06:00,,05:54,05:55,05:59,,,EARLY,ONTIME,ONTIME,,,,,,,,,05:05,05:51,,,HAN,HAN,BMV,Domestic,VJ,,,,,,,,,,,,
,2026-06-10,____/VJ531,A634,A321,HAN-DAD,,06:30,,06:30,,06:29,06:30,06:33,,,ONTIME,ONTIME,ONTIME,,,,,,,,,05:45,06:25,,,HAN,HAN,DAD,Domestic,VJ,,,,,,,,,,,,
,2026-06-10,____/VJ449,A671,A320,HAN-PQC,,06:30,,06:30,,06:22,06:23,06:35,,,EARLY,ONTIME,ONTIME,,,,,,,,,05:45,06:20,,,HAN,HAN,PQC,Domestic,VJ,,,,,,,,,,,,
,2026-06-10,____/VJ461,A663,A320,HAN-VCA,,06:45,,06:45,,06:44,06:45,06:53,,,ONTIME,ONTIME,ONTIME,,,,,,,,,05:55,06:40,,,HAN,HAN,VCA,Domestic,VJ,,,,,,,,,,,,
,2026-06-10,VJ5069/VJ5069,A580,A321,NOZ-HAN-CXR,06:15,06:45,06:15,06:45,06:20,06:36,06:37,06:45,00:30,00:17,EARLY,ONTIME,ONTIME,ONTIME,,,,,,,,,,X,,HAN,NOZ,CXR,Domestic,VJ,,,,,,,,,,,,
,2026-06-10,____/VJ125,A699,A320,HAN-SGN,,07:00,,07:00,,06:59,07:00,07:05,,,ONTIME,ONTIME,ONTIME,,,,,,,,,06:15,06:55,,,HAN,HAN,SGN,Domestic,VJ,,,,,,,,,,,,
,2026-06-10,____/VJ1771,A673,A321,HAN-CXR,,07:00,,07:00,,06:54,06:55,07:00,,,EARLY,ONTIME,ONTIME,,,,,,,,,06:15,06:50,,,HAN,HAN,CXR,Domestic,VJ,,,,,,,,,,,,
,2026-06-10,____/VJ197,A640,A321,HAN-SGN,,07:20,,07:20,,07:19,07:20,07:25,,,ONTIME,ONTIME,ONTIME,,,,,,,,,06:35,07:15,,,HAN,HAN,SGN,Domestic,VJ,,,,,,,,,,,,
,2026-06-10,____/VJ905,A662,A320,HAN-KUL,,07:25,,07:25,,07:19,07:20,07:22,,,EARLY,ONTIME,ONTIME,,,,,,,,,06:35,07:15,,,HAN,HAN,KUL,International,VJ,,,,,,,,,,,,
,2026-06-10,____/VJ503,A548,A321,HAN-DAD,,07:30,,07:30,,07:29,07:30,07:37,,,ONTIME,ONTIME,ONTIME,,,,,,,,,06:45,07:28,,,HAN,HAN,DAD,Domestic,VJ,,,,,,,,,,,,
,2026-06-10,____/VJ934,A524,A321,HAN-NRT,,07:55,,07:55,,08:04,08:05,08:08,,,DELAY,ONTIME,ONTIME,,,99,00:10,,,,,07:15,08:03,,LATE ACCEPT 02 PAX 03BAG,HAN,HAN,NRT,International,VJ,,,,,,,,,,,,
,2026-06-10,VJ120/VJ127,A535,A321,SGN-HAN-SGN,07:10,08:10,07:10,08:10,07:20,08:04,08:05,08:12,01:00,00:45,EARLY,ONTIME,ONTIME,ONTIME,,,,,,,,07:25,08:00,,,HAN,SGN,SGN,Domestic,VJ,,,,,,,,,,,,
,2026-06-10,VJ124/VJ129,A630,A321,SGN-HAN-SGN,08:15,08:45,08:15,08:45,08:35,09:04,09:05,09:10,00:30,00:30,DELAY,DELAY,DELAY,DELAY,,93,00:20,,,,,08:25,09:00,,,HAN,SGN,SGN,Domestic,VJ,,,,,,,,,,,,
,2026-06-10,____/VJ447,A550,A321,HAN-PQC,,08:45,,08:45,,08:44,08:45,08:48,,,ONTIME,ONTIME,ONTIME,,,,,,,,,08:00,08:40,,,HAN,HAN,PQC,Domestic,VJ,,,,,,,,,,,,
,2026-06-10,VJ504/VJ435,A666,A320,DAD-HAN-UIH,08:20,08:50,08:20,08:50,08:25,08:47,08:48,08:50,00:30,00:23,EARLY,ONTIME,ONTIME,ONTIME,,,,,,,,08:20,08:45,,,HAN,DAD,UIH,Domestic,VJ,,,,,,,,,,,,
,2026-06-10,____/VJ421,A650,A320,HAN-PXU,,09:00,,09:00,,08:59,09:00,09:04,,,ONTIME,ONTIME,ONTIME,,,,,,,,,08:20,08:57,,,HAN,HAN,PXU,Domestic,VJ,,,,,,,,,,,,
,2026-06-10,VJ972/VJ505,A543,A321,DEL-HAN-DAD,05:40,09:05,05:40,09:05,06:15,09:19,09:20,09:20,03:25,03:05,DELAY,ONTIME,ONTIME,DELAY,,99,00:10,15,00:05,,,08:20,09:12,,LONG BOARDING/SUPPORT WCHS AT GATE,HAN,DEL,DAD,Domestic,VJ,,,,,,,,,,,,
,2026-06-10,VJ514/VJ563,A649,A321,DAD-HAN-HUI,08:55,09:30,08:55,09:30,09:15,09:39,09:40,09:44,00:35,00:25,DELAY,ONTIME,ONTIME,DELAY,,93,00:10,,,,,09:06,09:38,,,HAN,DAD,HUI,Domestic,VJ,,,,,,,,,,,,
,2026-06-10,VJ1926/VJ915,A526,A321,AMD-HAN-SIN,05:55,09:35,05:55,09:35,06:25,09:29,09:30,09:35,03:40,03:05,EARLY,ONTIME,ONTIME,DELAY,,,,,,,,08:45,09:25,,,HAN,AMD,SIN,International,VJ,,,,,,,,,,,,
,2026-06-10,VJ502/VJ1773,A542,A321,DAD-HAN-CXR,07:00,10:00,07:00,10:00,07:15,09:59,10:00,10:01,03:00,02:45,ONTIME,ONTIME,ONTIME,ONTIME,,,,,,,,09:10,09:55,,,HAN,DAD,CXR,Domestic,VJ,,,,,,,,,,,,
,2026-06-10,VJ126/VJ131,A643,A321,SGN-HAN-SGN,09:40,10:10,09:40,10:10,09:55,10:23,10:24,10:25,00:30,00:29,DELAY,ONTIME,ONTIME,ONTIME,,93,00:14,,,,,09:55,10:22,,,HAN,SGN,SGN,Domestic,VJ,,,,,,,,,,,,
,2026-06-10,VJ156/VJ135,A636,A321,SGN-HAN-SGN,09:00,10:10,09:00,10:10,09:00,10:06,10:07,10:10,01:10,01:07,EARLY,ONTIME,ONTIME,ONTIME,,,,,,,,09:20,10:02,,,HAN,SGN,SGN,Domestic,VJ,,,,,,,,,,,,
,2026-06-10,____/VJ463,A655,A320,HAN-VCA,,10:20,,10:20,,10:19,10:20,10:25,,,ONTIME,ONTIME,ONTIME,,,,,,,,,09:40,10:16,,,HAN,HAN,VCA,Domestic,VJ,,,,,,,,,,,,
,2026-06-10,VJ963/VJ425,A551,A321,ICN-HAN-PXU,08:55,10:20,08:55,10:20,09:20,10:09,10:10,10:15,01:25,00:50,EARLY,ONTIME,ONTIME,DELAY,,,,,,,,09:10,10:07,,,HAN,ICN,PXU,Domestic,VJ,,,,,,,,,,,,
,2026-06-10,VJ532/VJ493,A634,A321,DAD-HAN-BMV,09:45,10:30,09:45,10:30,10:05,10:29,10:30,10:38,00:45,00:25,ONTIME,ONTIME,ONTIME,DELAY,,,,,,,,10:05,10:26,,,HAN,DAD,BMV,Domestic,VJ,,,,,,,,,,,,
,2026-06-10,VJ770/VJ437,A658,A320,CXR-HAN-UIH,10:10,10:40,10:10,10:55,10:40,11:04,11:05,11:08,00:45,00:25,DELAY,ONTIME,DELAY,DELAY,,,,,,,,10:40,11:01,,,HAN,CXR,UIH,Domestic,VJ,,,,,,,,,,,,
,2026-06-10,VJ492/VJ901,A549,A321,BMV-HAN-BKK,10:05,11:10,10:05,11:10,10:05,10:58,11:00,11:04,01:05,00:55,EARLY,ONTIME,ONTIME,ONTIME,,,,,,,,10:15,10:55,,,HAN,BMV,BKK,International,VJ,,,,,,,,,,,,
,2026-06-10,VJ524/VJ507,A548,A321,DAD-HAN-DAD,10:40,11:10,10:40,11:10,10:55,11:34,11:35,11:40,00:30,00:40,DELAY,DELAY,DELAY,ONTIME,,93,00:15,99,00:10,,,10:55,11:31,,LATE ARR/ PAX MEDICAL SUPPORT FOR PAX VJ524,HAN,DAD,DAD,Domestic,VJ,,,,,,,,,,,,
,2026-06-10,VJ122/VJ133,A521,A321,SGN-HAN-SGN,09:05,11:20,09:05,11:20,09:32,11:19,11:20,11:28,02:15,01:48,ONTIME,ONTIME,ONTIME,DELAY,,,,,,,,10:30,11:15,,,HAN,SGN,SGN,Domestic,VJ,,,,,,,,,,,,
,2026-06-10,VJ448/VJ565,A672,A320,PQC-HAN-HUI,10:15,11:30,10:15,11:30,10:08,11:26,11:27,11:29,01:15,01:19,EARLY,ONTIME,ONTIME,ONTIME,,,,,,,,10:45,11:25,,,HAN,PQC,HUI,Domestic,VJ,,,,,,,,,,,,
,2026-06-10,VJ450/VJ775,A671,A320,PQC-HAN-CXR,11:15,11:45,11:15,11:45,11:15,11:39,11:40,11:43,00:30,00:25,EARLY,ONTIME,ONTIME,ONTIME,,,,,,,,11:15,11:37,,,HAN,PQC,CXR,Domestic,VJ,,,,,,,,,,,,
,2026-06-10,____/VJ451,A687,A321,HAN-PQC,,11:45,,11:45,,11:44,11:45,11:50,,,ONTIME,ONTIME,ONTIME,,,,,,,,,11:00,11:41,,,HAN,HAN,PQC,Domestic,VJ,,,,,,,,,,,,
,2026-06-10,VJ130/VJ137,A669,A320,SGN-HAN-SGN,10:50,12:20,10:50,12:20,11:20,12:18,12:20,12:20,01:30,01:00,ONTIME,ONTIME,ONTIME,DELAY,,,,,,,,11:30,12:15,,,HAN,SGN,SGN,Domestic,VJ,,,,,,,,,,,,
,2026-06-10,VJ462/VJ515,A663,A320,VCA-HAN-DAD,11:40,12:20,11:40,12:20,12:15,12:49,12:50,12:50,00:40,00:35,DELAY,DELAY,DELAY,DELAY,,93,00:25,66,00:05,,,12:25,12:47,,CREW OB 1225,HAN,VCA,DAD,Domestic,VJ,,,,,,,,,,,,
,2026-06-10,VJ1772/VJ453,A673,A321,CXR-HAN-PQC,11:15,13:00,11:15,13:00,11:40,12:54,12:55,13:00,01:45,01:15,EARLY,ONTIME,ONTIME,DELAY,,,,,,,,12:15,12:52,,,HAN,CXR,PQC,Domestic,VJ,,,,,,,,,,,,
,2026-06-10,VJ432/VJ509,A666,A320,UIH-HAN-DAD,12:35,13:05,12:35,13:05,12:32,13:08,13:10,13:11,00:30,00:38,DELAY,ONTIME,ONTIME,ONTIME,,,,,,,,12:40,13:03,,ARRANGE PAX IN CABIN,HAN,UIH,DAD,Domestic,VJ,,,,,,,,,,,,
,2026-06-10,VJ506/VJ787,A543,A321,DAD-HAN-CXR,12:15,13:10,12:50,13:40,13:15,13:43,13:44,13:50,00:50,00:29,DELAY,ONTIME,DELAY,DELAY,,93,00:04,,,,,13:15,13:40,,,HAN,DAD,CXR,Domestic,VJ,,,,,,,,,,,,
,2026-06-10,VJ564/VJ433,A649,A321,HUI-HAN-UIH,12:35,13:20,12:35,13:20,12:55,13:19,13:20,13:23,00:45,00:25,ONTIME,ONTIME,ONTIME,DELAY,,,,,,,,12:45,13:15,,,HAN,HUI,UIH,Domestic,VJ,,,,,,,,,,,,
,2026-06-10,VJ981/VJ948,A667,A321,PUS-HAN-RMQ,10:40,13:30,10:40,13:30,13:00,13:29,13:30,13:35,02:50,00:30,ONTIME,ONTIME,ONTIME,DELAY,,,,,,,,12:40,13:27,,,HAN,PUS,RMQ,International,VJ,,,,,,,,,,,,
,2026-06-10,VJ128/VJ191,A699,A320,SGN-HAN-SGN,11:50,14:00,11:50,14:00,12:25,13:59,14:00,14:07,02:10,01:35,ONTIME,ONTIME,ONTIME,DELAY,,,,,,,,13:10,13:55,,,HAN,SGN,SGN,Domestic,VJ,,,,,,,,,,,,
,2026-06-10,VJ198/VJ525,A640,A321,SGN-HAN-DAD,12:40,14:05,12:40,14:05,13:00,14:09,14:10,14:15,01:25,01:10,DELAY,ONTIME,ONTIME,DELAY,,99,00:05,,,,,13:20,14:02,,"ACCEPT 21 LATE PAX, 16 CHECKED BAGGAGE",HAN,SGN,DAD,Domestic,VJ,,,,,,,,,,,,
,2026-06-10,VJ939/VJ143,A200,A321,KIX-HAN-SGN,12:20,14:05,12:20,14:05,14:05,14:04,14:05,14:08,01:45,00:00,ONTIME,ONTIME,ONTIME,DELAY,,,,,,,,13:15,14:02,,,HAN,KIX,SGN,Domestic,VJ,,,,,,,,,,,,
,2026-06-10,VJ134/VJ149,A525,A321,SGN-HAN-SGN,13:30,14:15,13:30,14:15,13:45,14:14,14:15,14:19,00:45,00:30,ONTIME,ONTIME,ONTIME,ONTIME,,,,,,,,13:45,14:13,,,HAN,SGN,SGN,Domestic,VJ,,,,,,,,,,,,
,2026-06-10,VJ921/VJ942,A552,A321,NGO-HAN-TPE,12:50,14:25,12:50,14:25,12:35,14:21,14:22,14:25,01:35,01:47,EARLY,ONTIME,ONTIME,ONTIME,,,,,,,,13:35,14:20,,,HAN,NGO,TPE,International,VJ,,,,,,,,,,,,
,2026-06-10,VJ440/VJ467,A550,A321,PQC-HAN-VCA,13:30,14:30,13:30,14:30,13:35,14:29,14:30,14:40,01:00,00:55,ONTIME,ONTIME,ONTIME,ONTIME,,,,,,,,13:40,14:25,,,HAN,PQC,VCA,Domestic,VJ,,,,,,,,,,,,
,2026-06-10,VJ933/VJ946,A578,A321,NRT-HAN-KHH,13:05,14:35,13:05,14:35,13:35,14:29,14:30,14:35,01:30,00:55,EARLY,ONTIME,ONTIME,DELAY,,,,,,,,13:55,14:27,,,HAN,NRT,KHH,International,VJ,,,,,,,,,,,,
,2026-06-10,VJ1504/VJ1505,A553,A321,DAD-HAN-DAD,14:00,14:35,14:00,14:35,14:05,14:39,14:40,14:45,00:35,00:35,DELAY,ONTIME,ONTIME,ONTIME,,72,00:05,,,,,14:24,14:39,,BAD WEATHER AT DAD,HAN,DAD,DAD,Domestic,VJ,,,,,,,,,,,,
,2026-06-10,VJ961/VJ145,A607,A321,ICN-HAN-SGN,13:35,14:40,13:35,14:40,13:50,14:54,14:55,14:55,01:05,01:05,DELAY,ONTIME,ONTIME,ONTIME,,41,00:15,,,,,14:30,14:52,,,HAN,ICN,SGN,Domestic,VJ,,,,,,,,,,,,
,2026-06-10,VJ7707/VJ7707,A538,A321,KHV-HAN-CXR,14:25,14:55,14:25,14:55,14:10,14:47,14:48,14:50,00:30,00:38,EARLY,ONTIME,ONTIME,ONTIME,,,,,,,,,,X,,HAN,KHV,CXR,Domestic,VJ,,,,,,,,,,,,
,2026-06-10,VJ426/VJ1451,A551,A321,PXU-HAN-PQC,14:05,15:05,14:05,15:05,13:55,15:04,15:05,15:14,01:00,01:10,ONTIME,ONTIME,ONTIME,ONTIME,,,,,,,,14:05,15:02,,,HAN,PXU,PQC,Domestic,VJ,,,,,,,,,,,,
,2026-06-10,VJ422/VJ423,A650,A320,PXU-HAN-PXU,12:40,15:05,12:40,15:05,12:27,15:03,15:04,15:07,02:25,02:37,EARLY,ONTIME,ONTIME,ONTIME,,,,,,,,14:15,15:02,,,HAN,PXU,PXU,Domestic,VJ,,,,,,,,,,,,
,2026-06-10,VJ494/VJ511,A634,A321,BMV-HAN-DAD,14:30,15:10,14:30,15:10,14:50,15:24,15:25,15:25,00:40,00:35,DELAY,ONTIME,ONTIME,DELAY,,,,,,,,15:05,15:24,,,HAN,BMV,DAD,Domestic,VJ,,,,,,,,,,,,
,2026-06-10,VJ1774/VJ419,A542,A321,CXR-HAN-TBB,14:20,15:10,14:20,15:10,14:35,15:04,15:05,15:05,00:50,00:30,EARLY,ONTIME,ONTIME,ONTIME,,,,,,,,14:35,15:02,,,HAN,CXR,TBB,Domestic,VJ,,,,,,,,,,,,
,2026-06-10,VJ566/VJ439,A672,A320,HUI-HAN-UIH,14:30,15:40,14:30,15:40,14:40,15:36,15:37,15:42,01:10,00:57,EARLY,ONTIME,ONTIME,ONTIME,,,,,,,,15:05,15:34,,,HAN,HUI,UIH,Domestic,VJ,,,,,,,,,,,,
,2026-06-10,VJ138/VJ147,A647,A321,SGN-HAN-SGN,15:15,15:45,15:15,15:45,15:30,16:04,16:05,16:40,00:30,00:35,DELAY,DELAY,DELAY,ONTIME,,93,00:15,87,00:05,,,15:30,16:00,,STUCK AT PBB,HAN,SGN,SGN,Domestic,VJ,,,,,,,,,,,,
,2026-06-10,VJ906/VJ903,A662,A320,KUL-HAN-BKK,14:40,15:45,14:40,15:45,14:35,15:28,15:30,15:50,01:05,00:55,EARLY,ONTIME,ONTIME,ONTIME,,,,,,,,14:55,15:25,,,HAN,KUL,BKK,International,VJ,,,,,,,,,,,,
,2026-06-10,VJ464/VJ567,A655,A320,VCA-HAN-HUI,15:10,15:55,15:10,15:55,15:50,16:41,16:42,16:55,00:45,00:52,DELAY,DELAY,DELAY,DELAY,,93,00:20,89,00:27,,,15:30,16:40,,VIP MOVE,HAN,VCA,HUI,Domestic,VJ,,,,,,,,,,,,
,2026-06-10,VJ436/VJ773,A658,A320,UIH-HAN-CXR,14:25,16:10,14:25,16:10,14:56,16:04,16:05,16:09,01:45,01:09,EARLY,ONTIME,ONTIME,DELAY,,,,,,,,15:20,16:00,,,HAN,UIH,CXR,Domestic,VJ,,,,,,,,,,,,
,2026-06-10,VJ136/VJ513,A539,A321,SGN-HAN-DAD,14:10,16:35,14:10,16:35,14:10,16:46,16:47,17:10,02:25,02:37,DELAY,ONTIME,DELAY,ONTIME,,89,00:12,,,,,15:50,16:46,,VIP MOVE,HAN,SGN,DAD,Domestic,VJ,,,,,,,,,,,,
,2026-06-10,VJ140/VJ151,A648,A321,SGN-HAN-SGN,16:20,16:50,16:20,16:50,17:00,17:29,17:30,17:40,00:30,00:30,DELAY,DELAY,DELAY,DELAY,,93,00:40,,,,,17:00,17:25,,,HAN,SGN,SGN,Domestic,VJ,,,,,,,,,,,,
,2026-06-10,VJ508/VJ465,A663,A320,DAD-HAN-VCA,15:35,17:00,15:35,17:00,16:20,17:04,17:05,17:11,01:25,00:45,DELAY,ONTIME,ONTIME,DELAY,,89,00:05,,,,,16:20,17:02,,VIP MOVE,HAN,DAD,VCA,Domestic,VJ,,,,,,,,,,,,
,2026-06-10,VJ452/VJ141,A630,A321,PQC-HAN-SGN,16:05,17:30,16:05,17:30,16:55,17:29,17:30,17:37,01:25,00:35,ONTIME,ONTIME,ONTIME,DELAY,,,,,,,,16:40,17:24,,,HAN,PQC,SGN,Domestic,VJ,,,,,,,,,,,,
,2026-06-10,VJ530/VJ495,A666,A320,DAD-HAN-BMV,16:15,17:30,16:15,17:30,16:40,17:26,17:27,17:33,01:15,00:47,EARLY,ONTIME,ONTIME,DELAY,,,,,,,,16:50,17:24,,,HAN,DAD,BMV,Domestic,VJ,,,,,,,,,,,,
,2026-06-10,VJ772/VJ1431,A671,A320,CXR-HAN-UIH,15:55,17:40,15:55,17:40,16:10,17:39,17:40,17:45,01:45,01:30,ONTIME,ONTIME,ONTIME,ONTIME,,,,,,,,16:50,17:37,,,HAN,CXR,UIH,Domestic,VJ,,,,,,,,,,,,
,2026-06-10,VJ454/VJ517,A687,A321,PQC-HAN-DAD,16:45,17:45,16:45,17:45,17:10,17:49,17:50,17:58,01:00,00:40,DELAY,ONTIME,ONTIME,DELAY,,41,00:05,,,,,17:15,17:40,,FIXING CARGO DOOR HANDLE,HAN,PQC,DAD,Domestic,VJ,,,,,,,,,,,,
,2026-06-10,VJ528/VJ781,A640,A321,DAD-HAN-CXR,17:25,18:15,17:25,18:15,17:50,18:19,18:20,18:25,00:50,00:30,DELAY,ONTIME,ONTIME,DELAY,,93,00:05,,,,,17:45,18:17,,,HAN,DAD,CXR,Domestic,VJ,,,,,,,,,,,,
,2026-06-10,VJ456/VJ789,A673,A321,PQC-HAN-CXR,17:45,18:45,17:45,18:45,17:55,18:39,18:40,18:55,01:00,00:45,EARLY,ONTIME,ONTIME,ONTIME,,,,,,,,17:55,18:35,,,HAN,PQC,CXR,Domestic,VJ,,,,,,,,,,,,
,2026-06-10,VJ148/VJ155,A653,A321,SGN-HAN-SGN,18:25,18:55,18:25,18:55,18:30,18:59,19:00,19:25,00:30,00:30,DELAY,ONTIME,DELAY,ONTIME,,93,00:05,,,,,18:30,18:58,,LATE PUSH BACK DUE TO ATC,HAN,SGN,SGN,Domestic,VJ,,,,,,,,,,,,
,2026-06-10,VJ7658/VJ7658,A553,A321,DAD-HAN-BQS,18:35,19:10,18:35,19:10,18:45,19:14,19:15,19:35,00:35,00:30,DELAY,ONTIME,DELAY,ONTIME,,93,00:05,,,,,,,X,,HAN,DAD,BQS,International,VJ,,,,,,,,,,,,
,2026-06-10,VJ434/VJ561,A649,A321,UIH-HAN-HUI,17:10,19:15,17:10,19:15,17:12,19:11,19:13,19:24,02:05,02:01,EARLY,ONTIME,ONTIME,ONTIME,,,,,,,,18:20,19:09,,,HAN,UIH,HUI,Domestic,VJ,,,,,,,,,,,,
,2026-06-10,VJ144/VJ519,A632,A321,SGN-HAN-DAD,18:05,19:25,18:05,19:25,18:50,19:23,19:25,19:40,01:20,00:35,ONTIME,ONTIME,ONTIME,DELAY,,,,,,,,19:00,19:20,,,HAN,SGN,DAD,Domestic,VJ,,,,,,,,,,,,
,2026-06-10,VJ774/VJ157,A543,A321,CXR-HAN-SGN,17:15,19:30,17:15,19:30,18:15,19:34,19:35,19:45,02:15,01:20,DELAY,ONTIME,ONTIME,DELAY,,15A,00:05,,,,,18:45,19:30,,SI 15A OFFLOAD 2PAX 1 BAG,HAN,CXR,SGN,Domestic,VJ,,,,,,,,,,,,
,2026-06-10,VJ512/VJ523,A634,A321,DAD-HAN-DAD,18:25,19:45,18:25,19:45,18:55,19:41,19:42,19:57,01:20,00:47,EARLY,ONTIME,ONTIME,DELAY,,,,,,,,18:48,19:38,,,HAN,DAD,DAD,Domestic,VJ,,,,,,,,,,,,
,2026-06-10,VJ424/VJ7712,A650,A320,PXU-HAN-PKX,18:45,19:55,18:45,19:55,18:40,19:42,19:43,20:09,01:10,01:03,EARLY,ONTIME,ONTIME,ONTIME,,,,,,,,19:05,19:40,,LATE PUSH BACK DUE TO ATC,HAN,PXU,PKX,International,VJ,,,,,,,,,,,,
,2026-06-10,VJ420/VJ1785,A542,A321,TBB-HAN-CXR,19:15,19:55,19:15,19:55,19:00,19:44,19:45,20:10,00:40,00:45,EARLY,ONTIME,ONTIME,ONTIME,,,,,,,,19:10,19:40,,,HAN,TBB,CXR,Domestic,VJ,,,,,,,,,,,,
,2026-06-10,VJ510/VJ907,A548,A321,DAD-HAN-BOM,14:35,20:05,14:35,20:05,15:15,20:04,20:05,20:20,05:30,04:50,ONTIME,ONTIME,ONTIME,DELAY,,,,,,,,19:15,20:00,,LATE PUSH BACK DUE TO ATC,HAN,DAD,BOM,International,VJ,,,,,,,,,,,,
,2026-06-10,VJ902/VJ455,A549,A321,BKK-HAN-PQC,15:50,20:05,15:50,20:05,16:00,19:59,20:00,20:40,04:15,04:00,EARLY,ONTIME,DELAY,ONTIME,,,,,,,,19:15,19:55,,,HAN,BKK,PQC,Domestic,VJ,,,,,,,,,,,,
,2026-06-10,VJ194/VJ159,A699,A320,SGN-HAN-SGN,19:20,20:10,19:20,20:10,19:13,20:07,20:09,20:25,00:50,00:56,EARLY,ONTIME,ONTIME,ONTIME,,,,,,,,19:15,20:05,,LATE PUSH BACK DUE TO ATC,HAN,SGN,SGN,Domestic,VJ,,,,,,,,,,,,
,2026-06-10,VJ516/VJ783,A539,A321,DAD-HAN-CXR,19:45,20:25,19:45,20:55,20:50,21:11,21:12,21:25,01:10,00:22,DELAY,DELAY,DELAY,DELAY,,93,00:17,,,,,20:38,21:08,,,HAN,DAD,CXR,Domestic,VJ,,,,,,,,,,,,
,2026-06-10,VJ468/VJ161,A550,A321,VCA-HAN-SGN,19:50,20:55,19:50,20:55,20:00,20:49,20:51,21:05,01:05,00:51,EARLY,ONTIME,ONTIME,ONTIME,,,,,,,,20:05,20:47,,,HAN,VCA,SGN,Domestic,VJ,,,,,,,,,,,,
,2026-06-10,VJ904/VJ7238,A662,A320,BKK-HAN-PVG,20:25,21:15,20:25,21:15,20:30,21:09,21:10,21:21,00:50,00:40,EARLY,ONTIME,ONTIME,ONTIME,,,,,,,,20:47,21:05,,,HAN,BKK,PVG,International,VJ,,,,,,,,,,,,
,2026-06-10,VJ154/VJ163,A607,A321,SGN-HAN-SGN,20:55,21:25,20:55,21:25,21:00,21:29,21:30,21:34,00:30,00:30,DELAY,ONTIME,ONTIME,ONTIME,,93,00:05,,,,,21:00,21:27,,,HAN,SGN,SGN,Domestic,VJ,,,,,,,,,,,,
,2026-06-10,VJ776/VJ527,A658,A320,CXR-HAN-DAD,20:20,21:25,20:20,21:25,21:05,21:34,21:35,21:40,01:05,00:30,DELAY,ONTIME,ONTIME,DELAY,,93,00:05,66,00:05,,,21:05,21:30,,CREW OB 2112,HAN,CXR,DAD,Domestic,VJ,,,,,,,,,,,,
,2026-06-10,VJ943/VJ7526,A552,A321,TPE-HAN-CAN,20:55,22:30,20:55,22:30,21:40,22:29,22:30,22:36,01:35,00:50,ONTIME,ONTIME,ONTIME,DELAY,,,,,,,,21:50,22:27,,,HAN,TPE,CAN,International,VJ,,,,,,,,,,,,
,2026-06-10,VJ520/VJ529,A641,A321,DAD-HAN-DAD,20:55,22:35,20:55,22:35,20:57,22:23,22:25,22:25,01:40,01:28,EARLY,ONTIME,ONTIME,ONTIME,,,,,,,,21:45,22:20,,,HAN,DAD,DAD,Domestic,VJ,,,,,,,,,,,,
,2026-06-10,VJ1432/VJ167,A671,A320,UIH-HAN-SGN,21:25,22:45,21:25,22:45,21:26,22:37,22:38,22:42,01:20,01:12,EARLY,ONTIME,ONTIME,ONTIME,,,,,,,,21:55,22:35,,,HAN,UIH,SGN,Domestic,VJ,,,,,,,,,,,,
,2026-06-10,VJ562/VJ533,A649,A321,HUI-HAN-DAD,22:15,23:05,22:15,23:05,22:45,23:03,23:05,23:07,00:50,00:20,ONTIME,ONTIME,ONTIME,DELAY,,,,,,,,22:25,23:00,,,HAN,HUI,DAD,Domestic,VJ,,,,,,,,,,,,
,2026-06-10,VJ935/VJ962,A524,A321,NRT-HAN-ICN,20:05,23:15,20:05,23:15,20:36,23:12,23:14,23:14,03:10,02:38,EARLY,ONTIME,ONTIME,DELAY,,,,,,,,22:30,23:10,,,HAN,NRT,ICN,International,VJ,,,,,,,,,,,,
,2026-06-11,VJ7704/VJ7704,A554,A321,CXR-HAN-VVO,23:45,00:20,23:45,00:20,23:55,00:24,00:25,00:27,00:35,00:30,DELAY,ONTIME,ONTIME,ONTIME,,93,00:05,,,,,,,X,,HAN,CXR,VVO,International,VJ,,,,,,,,,,,,
,2026-06-11,____/VJ932,A578,A321,HAN-NRT,,00:30,,00:30,,00:22,00:23,00:25,,,EARLY,ONTIME,ONTIME,,,,,,,,,23:35,00:20,,,HAN,HAN,NRT,International,VJ,,,,,,,,,,,,
,2026-06-11,____/VJ938,A200,A321,HAN-KIX,,01:20,,01:20,,01:12,01:13,01:17,,,EARLY,ONTIME,ONTIME,,,,,,,,,00:25,01:10,,,HAN,HAN,KIX,International,VJ,,,,,,,,,,,,
,2026-06-11,____/VJ960,A551,A321,HAN-ICN,,01:40,,01:40,,02:04,02:05,02:07,,,DELAY,DELAY,DELAY,,,99,00:25,,,,,00:50,02:03,,LATE ACCEPT 2PAX & 4BAG,HAN,HAN,ICN,International,VJ,,,,,,,,,,,,
,2026-06-11,____/VJ958,A640,A321,HAN-FUK,,02:05,,02:05,,01:51,01:52,01:56,,,EARLY,ONTIME,ONTIME,,,,,,,,,01:10,01:48,,,HAN,HAN,FUK,International,VJ,,,,,,,,,,,,
,2026-06-11,____/VJ1980,A672,A320,HAN-FSZ,,02:40,,02:40,,02:25,02:26,02:29,,,EARLY,ONTIME,ONTIME,,,,,,,,,01:45,02:23,,,HAN,HAN,FSZ,International,VJ,,,,,,,,,,,,
,2026-06-11,____/VJ123,A649,A321,HAN-SGN,,05:30,,05:30,,05:24,05:25,05:31,,,EARLY,ONTIME,ONTIME,,,,,,,,,04:40,05:20,,,HAN,HAN,SGN,Domestic,VJ,,,,,,,,,,,,
,2026-06-11,____/VJ445,A543,A321,HAN-PQC,,05:30,,05:30,,05:19,05:20,05:21,,,EARLY,ONTIME,ONTIME,,,,,,,,,04:40,05:10,,,HAN,HAN,PQC,Domestic,VJ,,,,,,,,,,,,
,2026-06-11,____/VJ771,A666,A320,HAN-CXR,,05:45,,05:45,,05:39,05:40,05:43,,,EARLY,ONTIME,ONTIME,,,,,,,,,04:52,05:35,,,HAN,HAN,CXR,Domestic,VJ,,,,,,,,,,,,
,2026-06-11,____/VJ121,A542,A321,HAN-SGN,,06:00,,06:00,,05:59,06:00,06:02,,,ONTIME,ONTIME,ONTIME,,,,,,,,,05:05,05:55,,,HAN,HAN,SGN,Domestic,VJ,,,,,,,,,,,,
,2026-06-11,____/VJ491,A632,A321,HAN-BMV,,06:00,,06:00,,05:53,05:55,05:56,,,EARLY,ONTIME,ONTIME,,,,,,,,,05:05,05:48,,,HAN,HAN,BMV,Domestic,VJ,,,,,,,,,,,,
,2026-06-11,____/VJ431,A655,A320,HAN-UIH,,06:05,,06:05,,06:04,06:05,06:07,,,ONTIME,ONTIME,ONTIME,,,,,,,,,05:19,06:00,,,HAN,HAN,UIH,Domestic,VJ,,,,,,,,,,,,
,2026-06-11,VJ7713/VJ952,A650,A320,PKX-HAN-HIJ,03:55,06:15,03:55,06:15,04:00,06:04,06:05,06:09,02:20,02:05,EARLY,ONTIME,ONTIME,ONTIME,,,,,,,,05:23,06:00,,,HAN,PKX,HIJ,International,VJ,,,,,,,,,,,,
,2026-06-11,____/VJ531,A634,A321,HAN-DAD,,06:30,,06:30,,06:24,06:25,06:31,,,EARLY,ONTIME,ONTIME,,,,,,,,,05:40,06:20,,,HAN,HAN,DAD,Domestic,VJ,,,,,,,,,,,,
,2026-06-11,____/VJ461,A673,A321,HAN-VCA,,06:45,,06:45,,06:44,06:45,06:52,,,ONTIME,ONTIME,ONTIME,,,,,,,,,06:00,06:42,,,HAN,HAN,VCA,Domestic,VJ,,,,,,,,,,,,
,2026-06-11,____/VJ125,A539,A321,HAN-SGN,,07:00,,07:00,,06:59,07:00,07:05,,,ONTIME,ONTIME,ONTIME,,,,,,,,,06:10,06:57,,,HAN,HAN,SGN,Domestic,VJ,,,,,,,,,,,,
,2026-06-11,____/VJ1771,A630,A321,HAN-CXR,,07:00,,07:00,,06:54,06:55,07:00,,,EARLY,ONTIME,ONTIME,,,,,,,,,06:10,06:52,,,HAN,HAN,CXR,Domestic,VJ,,,,,,,,,,,,
,2026-06-11,____/VJ421,A663,A320,HAN-PXU,,07:10,,07:10,,07:07,07:08,07:14,,,EARLY,ONTIME,ONTIME,,,,,,,,,06:25,07:05,,,HAN,HAN,PXU,Domestic,VJ,,,,,,,,,,,,
,2026-06-11,VJ7527/VJ503,A552,A321,CAN-HAN-DAD,03:05,07:30,03:05,07:30,03:13,07:29,07:30,07:35,04:25,04:17,ONTIME,ONTIME,ONTIME,ONTIME,,,,,,,,06:40,07:27,,,HAN,CAN,DAD,Domestic,VJ,,,,,,,,,,,,
,2026-06-11,VJ120/VJ127,A639,A321,SGN-HAN-SGN,07:10,08:10,07:10,08:10,06:55,08:09,08:10,08:13,01:00,01:15,ONTIME,ONTIME,ONTIME,ONTIME,,,,,,,,07:20,08:06,,,HAN,SGN,SGN,Domestic,VJ,,,,,,,,,,,,
,2026-06-11,VJ7659/VJ7659,A553,A321,BQS-HAN-DAD,07:40,08:10,07:40,08:10,07:50,08:09,08:10,08:18,00:30,00:20,ONTIME,ONTIME,ONTIME,ONTIME,,,,,,,,,,X,,HAN,BQS,DAD,Domestic,VJ,,,,,,,,,,,,
,2026-06-11,____/VJ929,A526,A321,HAN-CGK,,08:40,,08:40,,08:29,08:30,08:33,,,EARLY,ONTIME,ONTIME,,,,,,,,,07:45,08:27,,,HAN,HAN,CGK,International,VJ,,,,,,,,,,,,
,2026-06-11,____/VJ129,A662,A320,HAN-SGN,,08:45,,08:45,,08:51,08:52,08:54,,,DELAY,ONTIME,ONTIME,,,95,00:07,,,,,08:30,08:50,,CREW VJ124 OB 0835,HAN,HAN,SGN,Domestic,VJ,,,,,,,,,,,,
,2026-06-11,____/VJ447,A525,A321,HAN-PQC,,08:45,,08:45,,08:44,08:45,08:47,,,ONTIME,ONTIME,ONTIME,,,,,,,,,08:00,08:42,,,HAN,HAN,PQC,Domestic,VJ,,,,,,,,,,,,
,2026-06-11,VJ504/VJ435,A675,A320,DAD-HAN-UIH,08:20,08:50,08:20,08:50,08:30,08:52,08:53,08:57,00:30,00:23,DELAY,ONTIME,ONTIME,ONTIME,,93,00:03,,,,,08:25,08:50,,,HAN,DAD,UIH,Domestic,VJ,,,,,,,,,,,,
,2026-06-11,VJ514/VJ563,A642,A321,DAD-HAN-HUI,08:50,09:20,08:50,09:20,09:00,09:29,09:30,09:34,00:30,00:30,DELAY,ONTIME,ONTIME,ONTIME,,93,00:10,,,,,08:55,09:28,,,HAN,DAD,HUI,Domestic,VJ,,,,,,,,,,,,
,2026-06-11,____/VJ915,A667,A321,HAN-SIN,,09:35,,09:35,,09:34,09:35,09:43,,,ONTIME,ONTIME,ONTIME,,,,,,,,,08:45,09:32,,,HAN,HAN,SIN,International,VJ,,,,,,,,,,,,
,2026-06-11,____/VJ1773,A698,A321,HAN-CXR,,10:00,,10:00,,09:54,09:55,10:00,,,EARLY,ONTIME,ONTIME,,,,,,,,,09:10,09:50,,,HAN,HAN,CXR,Domestic,VJ,,,,,,,,,,,,
,2026-06-11,VJ156/VJ135,A699,A320,SGN-HAN-SGN,09:00,10:10,09:00,10:10,08:55,10:09,10:10,10:20,01:10,01:15,ONTIME,ONTIME,ONTIME,ONTIME,,,,,,,,09:27,10:06,,,HAN,SGN,SGN,Domestic,VJ,,,,,,,,,,,,
,2026-06-11,VJ126/VJ131,A661,A321,SGN-HAN-SGN,09:40,10:10,09:40,10:10,09:55,10:23,10:24,10:25,00:30,00:29,DELAY,ONTIME,ONTIME,ONTIME,,93,00:14,,,,,09:55,10:22,,,HAN,SGN,SGN,Domestic,VJ,,,,,,,,,,,,
,2026-06-11,VJ124/VJ463,A669,A320,SGN-HAN-VCA,08:15,10:20,08:15,10:20,08:15,10:19,10:20,10:29,02:05,02:05,ONTIME,ONTIME,ONTIME,ONTIME,,,,,,,,08:30,10:18,,,HAN,SGN,VCA,Domestic,VJ,,,,,,,,,,,,
,2026-06-11,VJ122/VJ425,A635,A321,SGN-HAN-PXU,09:05,10:20,09:05,10:20,09:10,10:12,10:13,10:30,01:15,01:03,EARLY,ONTIME,ONTIME,ONTIME,,,,,,,,09:25,10:10,,,HAN,SGN,PXU,Domestic,VJ,,,,,,,,,,,,
,2026-06-11,VJ430/VJ437,A655,A320,UIH-HAN-UIH,09:50,10:25,09:50,10:25,09:41,10:17,10:18,10:40,00:35,00:37,EARLY,ONTIME,ONTIME,ONTIME,,,,,,,,09:33,10:15,,,HAN,UIH,UIH,Domestic,VJ,,,,,,,,,,,,
,2026-06-11,____/VJ997,A548,A321,HAN-DPS,,10:25,,10:25,,10:22,10:23,10:38,,,EARLY,ONTIME,ONTIME,,,,,,,,,09:40,10:20,,,HAN,HAN,DPS,International,VJ,,,,,,,,,,,,
,2026-06-11,VJ532/VJ493,A634,A321,DAD-HAN-BMV,09:45,10:30,09:45,10:30,10:05,10:29,10:30,10:45,00:45,00:25,ONTIME,ONTIME,ONTIME,DELAY,,,,,,,,09:55,10:27,,,HAN,DAD,BMV,Domestic,VJ,,,,,,,,,,,,
,2026-06-11,____/VJ565,A656,A320,HAN-HUI,,10:30,,10:30,,10:29,10:30,10:42,,,ONTIME,ONTIME,ONTIME,,,,,,,,,09:43,10:25,,,HAN,HAN,HUI,Domestic,VJ,,,,,,,,,,,,
,2026-06-11,VJ524/VJ507,A552,A321,DAD-HAN-DAD,10:40,11:10,10:40,11:10,10:55,11:24,11:25,11:45,00:30,00:30,DELAY,ONTIME,DELAY,ONTIME,,93,00:15,,,,,10:50,11:22,,,HAN,DAD,DAD,Domestic,VJ,,,,,,,,,,,,
,2026-06-11,VJ492/VJ901,A632,A321,BMV-HAN-BKK,10:00,11:10,10:00,11:10,10:00,11:04,11:05,11:15,01:10,01:05,EARLY,ONTIME,ONTIME,ONTIME,,,,,,,,10:20,11:02,,,HAN,BMV,BKK,International,VJ,,,,,,,,,,,,
,2026-06-11,VJ770/VJ133,A666,A320,CXR-HAN-SGN,09:55,11:20,09:55,11:20,10:15,11:19,11:20,11:33,01:25,01:05,ONTIME,ONTIME,ONTIME,DELAY,,,,,,,,10:30,11:18,,,HAN,CXR,SGN,Domestic,VJ,,,,,,,,,,,,
,2026-06-11,VJ422/VJ451,A663,A320,PXU-HAN-PQC,10:50,11:45,10:50,11:45,11:00,11:43,11:45,11:55,00:55,00:45,ONTIME,ONTIME,ONTIME,ONTIME,,,,,,,,11:10,11:37,,,HAN,PXU,PQC,Domestic,VJ,,,,,,,,,,,,
,2026-06-11,VJ1772/VJ1453,A630,A321,CXR-HAN-PQC,11:15,11:50,11:15,11:50,11:40,12:04,12:05,12:20,00:35,00:25,DELAY,ONTIME,DELAY,DELAY,,93,00:15,,,,,11:35,12:02,,,HAN,CXR,PQC,Domestic,VJ,,,,,,,,,,,,
,2026-06-11,VJ462/VJ515,A673,A321,VCA-HAN-DAD,11:40,12:10,11:40,12:10,11:50,12:17,12:18,12:22,00:30,00:28,DELAY,ONTIME,ONTIME,ONTIME,,93,00:08,,,,,11:45,12:15,,,HAN,VCA,DAD,Domestic,VJ,,,,,,,,,,,,
,2026-06-11,VJ448/VJ137,A543,A321,PQC-HAN-SGN,10:15,12:20,10:15,12:20,10:20,12:19,12:20,12:25,02:05,02:00,ONTIME,ONTIME,ONTIME,ONTIME,,,,,,,,11:35,12:17,,,HAN,PQC,SGN,Domestic,VJ,,,,,,,,,,,,
,2026-06-11,VJ7705/VJ7705,A554,A321,VVO-HAN-CXR,12:20,12:50,12:20,12:50,12:35,12:59,13:00,13:05,00:30,00:25,DELAY,ONTIME,ONTIME,ONTIME,,93,00:10,,,,,,,X,,HAN,VVO,CXR,Domestic,VJ,,,,,,,,,,,,
,2026-06-11,VJ130/VJ453,A649,A321,SGN-HAN-PQC,10:50,13:00,10:50,13:00,10:40,12:54,12:55,12:58,02:10,02:15,EARLY,ONTIME,ONTIME,ONTIME,,,,,,,,12:10,12:52,,,HAN,SGN,PQC,Domestic,VJ,,,,,,,,,,,,
,2026-06-11,VJ432/VJ509,A675,A320,UIH-HAN-DAD,12:35,13:05,12:35,13:05,12:45,13:19,13:20,13:20,00:30,00:35,DELAY,ONTIME,ONTIME,ONTIME,,93,00:05,66,00:10,,,12:50,13:17,,CREW HN OB 1254,HAN,UIH,DAD,Domestic,VJ,,,,,,,,,,,,
,2026-06-11,VJ128/VJ787,A539,A321,SGN-HAN-CXR,11:50,13:10,11:50,13:10,12:30,12:56,12:57,13:13,01:20,00:27,EARLY,ONTIME,ONTIME,DELAY,,,,,,,,12:12,12:54,,,HAN,SGN,CXR,Domestic,VJ,,,,,,,,,,,,
,2026-06-11,VJ564/VJ433,A642,A321,HUI-HAN-UIH,12:20,13:20,12:20,13:20,13:05,13:43,13:44,13:50,01:00,00:39,DELAY,DELAY,DELAY,DELAY,,93,00:15,41,00:09,,,13:07,13:40,,CHECK TEMP BREAK SYSTEM,HAN,HUI,UIH,Domestic,VJ,,,,,,,,,,,,
,2026-06-11,VJ959/VJ948,A640,A321,FUK-HAN-RMQ,11:25,13:30,11:25,13:30,11:30,13:21,13:23,13:30,02:05,01:53,EARLY,ONTIME,ONTIME,ONTIME,,,,,,,,12:30,13:20,,,HAN,FUK,RMQ,International,VJ,,,,,,,,,,,,
,2026-06-11,VJ963/VJ441,A524,A321,ICN-HAN-PQC,08:55,14:00,08:55,14:00,13:15,13:56,13:57,14:00,05:05,00:42,EARLY,ONTIME,ONTIME,DELAY,,,,,,,,13:15,13:55,,,HAN,ICN,PQC,Domestic,VJ,,,,,,,,,,,,
,2026-06-11,VJ440/VJ525,A525,A321,PQC-HAN-DAD,13:30,14:05,13:30,14:05,13:40,14:09,14:10,14:12,00:35,00:30,DELAY,ONTIME,ONTIME,ONTIME,,93,00:05,,,,,13:40,14:07,,,HAN,PQC,DAD,Domestic,VJ,,,,,,,,,,,,
,2026-06-11,VJ963/VJ143,A524,A321,ICN-HAN-SGN,08:55,14:05,08:55,14:05,12:50,14:04,14:05,14:11,05:10,01:15,ONTIME,ONTIME,ONTIME,DELAY,,,,,,,,13:05,14:02,,,HAN,ICN,SGN,Domestic,VJ,,,,,,,,,,,,
,2026-06-11,VJ933/VJ942,A578,A321,NRT-HAN-TPE,13:05,14:25,13:05,14:25,13:30,14:24,14:25,15:08,01:20,00:55,ONTIME,ONTIME,DELAY,DELAY,,,,,,,,13:48,14:20,,DELAY DUE TO CTOT 1519,HAN,NRT,TPE,International,VJ,,,,,,,,,,,,
,2026-06-11,VJ1504/VJ1505,A658,A320,DAD-HAN-DAD,14:00,14:35,14:00,14:35,13:55,14:25,14:27,14:30,00:35,00:32,EARLY,ONTIME,ONTIME,ONTIME,,,,,,,,13:55,14:22,,,HAN,DAD,DAD,Domestic,VJ,,,,,,,,,,,,
,2026-06-11,VJ134/VJ145,A536,A321,SGN-HAN-SGN,13:30,14:40,13:30,14:40,13:45,14:38,14:39,14:43,01:10,00:54,EARLY,ONTIME,ONTIME,ONTIME,,,,,,,,13:50,14:35,,,HAN,SGN,SGN,Domestic,VJ,,,,,,,,,,,,
,2026-06-11,VJ426/VJ467,A635,A321,PXU-HAN-VCA,14:05,14:40,14:05,14:40,14:06,14:39,14:40,14:48,00:35,00:34,ONTIME,ONTIME,ONTIME,ONTIME,,,,,,,,14:05,14:37,,,HAN,PXU,VCA,Domestic,VJ,,,,,,,,,,,,
,2026-06-11,VJ566/VJ423,A656,A320,HUI-HAN-PXU,13:30,15:05,13:30,15:05,13:50,14:59,15:00,15:06,01:35,01:10,EARLY,ONTIME,ONTIME,DELAY,,,,,,,,14:15,14:57,,,HAN,HUI,PXU,Domestic,VJ,,,,,,,,,,,,
,2026-06-11,VJ961/VJ1451,A551,A321,ICN-HAN-PQC,13:35,15:05,13:35,15:05,13:40,14:59,15:00,15:09,01:30,01:20,EARLY,ONTIME,ONTIME,ONTIME,,,,,,,,14:10,14:57,,,HAN,ICN,PQC,Domestic,VJ,,,,,,,,,,,,
,2026-06-11,VJ1774/VJ419,A684,A321,CXR-HAN-TBB,14:25,15:10,14:25,15:10,14:55,15:22,15:23,15:25,00:45,00:28,DELAY,ONTIME,ONTIME,DELAY,,93,00:13,,,,,14:50,15:20,,,HAN,CXR,TBB,Domestic,VJ,,,,,,,,,,,,
,2026-06-11,VJ494/VJ511,A634,A321,BMV-HAN-DAD,14:30,15:15,14:30,15:30,14:50,15:29,15:30,15:39,01:00,00:40,ONTIME,ONTIME,DELAY,DELAY,,,,,,,,14:55,15:27,,,HAN,BMV,DAD,Domestic,VJ,,,,,,,,,,,,
,2026-06-11,VJ436/VJ439,A655,A320,UIH-HAN-UIH,14:10,15:40,14:10,15:40,14:20,15:39,15:40,15:47,01:30,01:20,ONTIME,ONTIME,ONTIME,ONTIME,,,,,,,,14:50,15:37,,,HAN,UIH,UIH,Domestic,VJ,,,,,,,,,,,,
,2026-06-11,VJ2924/VJ2924,A553,A321,DAD-HAN-BAX,15:05,15:40,15:05,15:40,15:05,15:39,15:40,15:48,00:35,00:35,ONTIME,ONTIME,ONTIME,ONTIME,,,,,,,,,,X,,HAN,DAD,BAX,International,VJ,,,,,,,,,,,,
,2026-06-11,VJ1981/VJ903,A672,A320,FSZ-HAN-BKK,14:00,15:45,14:00,15:45,14:02,15:36,15:37,15:40,01:45,01:35,EARLY,ONTIME,ONTIME,ONTIME,,,,,,,,14:40,15:33,,,HAN,FSZ,BKK,International,VJ,,,,,,,,,,,,
,2026-06-11,VJ138/VJ147,A648,A321,SGN-HAN-SGN,15:15,15:45,15:15,16:15,16:00,16:29,16:30,16:40,01:00,00:30,DELAY,ONTIME,DELAY,DELAY,,93,00:15,,,,,15:48,16:22,,,HAN,SGN,SGN,Domestic,VJ,,,,,,,,,,,,
,2026-06-11,VJ510/VJ567,A552,A321,DAD-HAN-HUI,14:35,15:55,14:35,15:55,15:28,16:07,16:08,16:10,01:20,00:40,DELAY,ONTIME,ONTIME,DELAY,,93,00:03,66,00:05,61,00:05,15:25,15:54,,CREW PAD VJ510 OB 1535/1552 CAPT RVCD NEW FPL,HAN,DAD,HUI,Domestic,VJ,,,,,,,,,,,,
,2026-06-11,VJ136/VJ913,A542,A321,SGN-HAN-SAI,14:10,16:20,14:10,16:20,15:35,16:19,16:20,16:22,02:10,00:45,ONTIME,ONTIME,ONTIME,DELAY,,,,,,,,15:55,16:16,,,HAN,SGN,SAI,International,VJ,,,,,,,,,,,,
,2026-06-11,VJ142/VJ193,A636,A321,SGN-HAN-SGN,15:30,16:30,15:30,16:30,16:00,16:39,16:40,16:45,01:00,00:40,DELAY,ONTIME,ONTIME,DELAY,,66,00:10,,,,,16:09,16:38,,CREW OB 1615,HAN,SGN,SGN,Domestic,VJ,,,,,,,,,,,,
,2026-06-11,VJ140/VJ151,A699,A320,SGN-HAN-SGN,16:20,16:50,16:20,16:50,16:20,16:54,16:55,17:00,00:30,00:35,DELAY,ONTIME,ONTIME,ONTIME,,,,,,,,16:20,16:53,,,HAN,SGN,SGN,Domestic,VJ,,,,,,,,,,,,
,2026-06-11,VJ454/VJ141,A663,A320,PQC-HAN-SGN,16:45,17:30,16:45,17:30,16:45,17:29,17:30,17:40,00:45,00:45,ONTIME,ONTIME,ONTIME,ONTIME,,,,,,,,16:45,17:26,,,HAN,PQC,SGN,Domestic,VJ,,,,,,,,,,,,
,2026-06-11,VJ508/VJ495,A673,A321,DAD-HAN-BMV,15:25,17:30,15:25,17:30,15:45,17:29,17:30,17:35,02:05,01:45,ONTIME,ONTIME,ONTIME,DELAY,,,,,,,,16:45,17:26,,,HAN,DAD,BMV,Domestic,VJ,,,,,,,,,,,,
,2026-06-11,VJ953/VJ1431,A650,A320,HIJ-HAN-UIH,16:10,17:40,16:10,17:40,16:15,17:36,17:37,17:40,01:30,01:22,EARLY,ONTIME,ONTIME,ONTIME,,,,,,,,16:50,17:33,,,HAN,HIJ,UIH,Domestic,VJ,,,,,,,,,,,,
,2026-06-11,VJ530/VJ517,A675,A320,DAD-HAN-DAD,16:15,17:45,16:15,17:45,16:50,17:41,17:43,17:45,01:30,00:53,EARLY,ONTIME,ONTIME,DELAY,,,,,,,,16:55,17:40,,,HAN,DAD,DAD,Domestic,VJ,,,,,,,,,,,,
,2026-06-11,VJ434/VJ153,A642,A321,UIH-HAN-SGN,17:10,18:05,17:10,18:05,17:30,18:02,18:03,18:05,00:55,00:33,EARLY,ONTIME,ONTIME,DELAY,,,,,,,,17:30,18:00,,,HAN,UIH,SGN,Domestic,VJ,,,,,,,,,,,,
,2026-06-11,VJ1454/VJ781,A630,A321,PQC-HAN-CXR,16:35,18:25,16:35,18:25,17:02,18:24,18:25,18:32,01:50,01:23,ONTIME,ONTIME,ONTIME,DELAY,,,,,,,,17:40,18:23,,,HAN,PQC,CXR,Domestic,VJ,,,,,,,,,,,,
,2026-06-11,VJ916/VJ521,A667,A321,SIN-HAN-DAD,17:25,18:45,17:25,18:45,17:30,18:37,18:38,18:42,01:20,01:08,EARLY,ONTIME,ONTIME,ONTIME,,,,,,,,17:40,18:35,,,HAN,SIN,DAD,Domestic,VJ,,,,,,,,,,,,
,2026-06-11,VJ456/VJ789,A649,A321,PQC-HAN-CXR,17:45,18:45,17:45,18:45,17:45,18:37,18:38,18:45,01:00,00:53,EARLY,ONTIME,ONTIME,ONTIME,,,,,,,,17:55,18:35,,,HAN,PQC,CXR,Domestic,VJ,,,,,,,,,,,,
,2026-06-11,VJ774/VJ155,A539,A321,CXR-HAN-SGN,17:15,18:55,17:15,18:55,18:55,21:21,21:22,21:24,01:40,02:27,DELAY,DELAY,DELAY,DELAY,,93,00:30,66,00:05,72,01:52,18:45,19:20,,CREW OB 1904/CTOT 2132 BAD WEATHER AT SGN,HAN,CXR,SGN,Domestic,VJ,,,,,,,,,,,,
,2026-06-11,VJ148/VJ561,A550,A321,SGN-HAN-HUI,18:25,19:15,18:25,19:15,18:25,19:09,19:10,19:25,00:50,00:45,EARLY,ONTIME,ONTIME,ONTIME,,,,,,,,18:35,19:07,,,HAN,SGN,HUI,Domestic,VJ,,,,,,,,,,,,
,2026-06-11,VJ512/VJ519,A634,A321,DAD-HAN-DAD,18:30,19:25,18:30,19:25,19:00,19:29,19:30,19:38,00:55,00:30,DELAY,ONTIME,ONTIME,DELAY,,93,00:05,,,,,19:00,19:29,,,HAN,DAD,DAD,Domestic,VJ,,,,,,,,,,,,
,2026-06-11,VJ148/VJ157,A532,A321,SGN-HAN-SGN,18:25,19:30,18:25,19:30,18:40,21:18,21:20,21:30,01:05,02:40,DELAY,DELAY,DELAY,ONTIME,,72,01:50,,,,,18:48,19:28,,CTOT 2129 BAD WEATHER AT SGN,HAN,SGN,SGN,Domestic,VJ,,,,,,,,,,,,
,2026-06-11,VJ568/VJ1127,A552,A321,HUI-HAN-SGN,18:55,19:35,18:55,19:35,19:05,21:20,21:21,21:34,00:40,02:16,DELAY,DELAY,DELAY,ONTIME,,66,00:05,72,01:41,,,19:05,19:37,,CREW OB 1913/CTOT 2137 BAD WEATHER AT SGN,HAN,HUI,SGN,Domestic,VJ,,,,,,,,,,,,
,2026-06-11,VJ928/VJ971,A526,A321,CGK-HAN-DEL,18:15,19:40,18:15,19:40,18:20,19:34,19:35,19:48,01:25,01:15,EARLY,ONTIME,ONTIME,ONTIME,,,,,,,,19:00,19:32,,,HAN,CGK,DEL,International,VJ,,,,,,,,,,,,
,2026-06-11,VJ144/VJ523,A643,A321,SGN-HAN-DAD,18:05,19:45,18:05,19:45,18:04,19:44,19:45,19:52,01:40,01:41,ONTIME,ONTIME,ONTIME,ONTIME,,,,,,,,18:55,19:40,,,HAN,SGN,DAD,Domestic,VJ,,,,,,,,,,,,
,2026-06-11,VJ528/VJ1925,A525,A321,DAD-HAN-AMD,17:25,19:45,17:25,19:45,17:35,19:39,19:40,19:50,02:20,02:05,EARLY,ONTIME,ONTIME,ONTIME,,,,,,,,18:55,19:37,,,HAN,DAD,AMD,International,VJ,,,,,,,,,,,,
,2026-06-11,VJ424/VJ1785,A656,A320,PXU-HAN-CXR,18:45,19:55,18:45,19:55,18:30,19:49,19:50,20:02,01:10,01:20,EARLY,ONTIME,ONTIME,ONTIME,,,,,,,,19:00,19:46,,,HAN,PXU,CXR,Domestic,VJ,,,,,,,,,,,,
,2026-06-11,VJ152/VJ159,A641,A321,SGN-HAN-SGN,19:20,20:10,19:20,20:10,20:30,21:14,21:15,21:35,00:50,00:45,DELAY,DELAY,DELAY,DELAY,,93,00:50,72,00:15,,,20:30,22:11,,CTOT 2154 BAD WEATHER AT SGN,HAN,SGN,SGN,Domestic,VJ,,,,,,,,,,,,
,2026-06-11,VJ442/VJ783,A524,A321,PQC-HAN-CXR,19:05,20:25,19:05,20:25,19:10,20:19,20:20,20:27,01:20,01:10,EARLY,ONTIME,ONTIME,ONTIME,,,,,,,,19:30,20:16,,,HAN,PQC,CXR,Domestic,VJ,,,,,,,,,,,,
,2026-06-11,VJ949/VJ161,A640,A321,RMQ-HAN-SGN,19:50,20:55,19:50,20:55,20:00,20:54,20:55,21:02,01:05,00:55,ONTIME,ONTIME,ONTIME,ONTIME,,,,,,,,20:10,20:50,,,HAN,RMQ,SGN,Domestic,VJ,,,,,,,,,,,,
,2026-06-11,VJ468/VJ163,A635,A321,VCA-HAN-SGN,19:50,21:25,18:50,22:15,19:53,22:49,22:50,22:53,03:25,02:57,DELAY,DELAY,DELAY,ONTIME,,95,00:35,,,,,22:10,22:46,,CREW VJ154 OB 2230,HAN,VCA,SGN,Domestic,VJ,,,,,,,,,,,,
,2026-06-11,VJ420/VJ527,A684,A321,TBB-HAN-DAD,19:15,21:25,19:15,21:25,19:27,21:20,21:21,21:24,02:10,01:54,EARLY,ONTIME,ONTIME,ONTIME,,,,,,,,20:35,21:18,,,HAN,TBB,DAD,Domestic,VJ,,,,,,,,,,,,
,2026-06-11,VJ520/VJ529,A547,A321,DAD-HAN-DAD,20:55,22:35,20:55,22:35,20:50,22:26,22:27,22:28,01:40,01:37,EARLY,ONTIME,ONTIME,ONTIME,,,,,,,,21:45,22:24,,,HAN,DAD,DAD,Domestic,VJ,,,,,,,,,,,,
,2026-06-11,VJ2978/VJ2978,A554,A321,CXR-HAN-VVO,22:05,22:40,22:05,22:40,22:10,22:49,22:50,22:55,00:35,00:40,DELAY,ONTIME,ONTIME,ONTIME,,93,00:10,,,,,,,X,,HAN,CXR,VVO,International,VJ,,,,,,,,,,,,
,2026-06-11,VJ562/VJ167,A550,A321,HUI-HAN-SGN,22:15,22:45,22:15,22:45,22:35,22:59,23:00,23:00,00:30,00:25,DELAY,ONTIME,ONTIME,DELAY,,93,00:15,,,,,22:35,22:58,,,HAN,HUI,SGN,Domestic,VJ,,,,,,,,,,,,
,2026-06-12,VJ7614/VJ7614,A580,A321,CXR-HAN-BQS,23:40,00:15,23:40,00:15,23:45,00:14,00:15,00:24,00:35,00:30,ONTIME,ONTIME,ONTIME,ONTIME,,,,,,,,,,X,,HAN,CXR,BQS,International,VJ,,,,,,,,,,,,
,2026-06-12,____/VJ932,A578,A321,HAN-NRT,,00:30,,00:30,,00:18,00:20,00:28,,,EARLY,ONTIME,ONTIME,,,,,,,,,23:40,00:16,,,HAN,HAN,NRT,International,VJ,,,,,,,,,,,,
,2026-06-12,____/VJ982,A630,A321,HAN-PUS,,01:05,,01:05,,00:59,01:00,01:05,,,EARLY,ONTIME,ONTIME,,,,,,,,,00:30,00:57,,,HAN,HAN,PUS,International,VJ,,,,,,,,,,,,
,2026-06-12,____/VJ938,A548,A321,HAN-KIX,,01:20,,01:20,,01:09,01:10,01:15,,,EARLY,ONTIME,ONTIME,,,,,,,,,00:30,01:08,,,HAN,HAN,KIX,International,VJ,,,,,,,,,,,,
,2026-06-12,____/VJ920,A200,A321,HAN-NGO,,01:40,,01:40,,01:24,01:25,01:25,,,EARLY,ONTIME,ONTIME,,,,,,,,,00:50,01:15,,,HAN,HAN,NGO,International,VJ,,,,,,,,,,,,
,2026-06-12,____/VJ958,A667,A321,HAN-FUK,,02:05,,02:05,,01:48,01:50,01:54,,,EARLY,ONTIME,ONTIME,,,,,,,,,01:12,01:42,,,HAN,HAN,FUK,International,VJ,,,,,,,,,,,,
,2026-06-12,____/VJ960,A552,A321,HAN-ICN,,03:15,,03:15,,03:49,03:50,03:53,,,DELAY,DELAY,DELAY,,,93,00:30,66,00:05,,,03:20,03:48,,CREW OB 0320,HAN,HAN,ICN,International,VJ,,,,,,,,,,,,
,2026-06-12,____/VJ123,A634,A321,HAN-SGN,,05:30,,05:30,,05:23,05:25,05:25,,,EARLY,ONTIME,ONTIME,,,,,,,,,04:40,05:20,,,HAN,HAN,SGN,Domestic,VJ,,,,,,,,,,,,
,2026-06-12,____/VJ445,A673,A321,HAN-PQC,,05:30,,05:30,,05:24,05:25,05:30,,,EARLY,ONTIME,ONTIME,,,,,,,,,04:40,05:21,,,HAN,HAN,PQC,Domestic,VJ,,,,,,,,,,,,
,2026-06-12,____/VJ501,A661,A321,HAN-DAD,,05:40,,05:40,,05:34,05:35,05:40,,,EARLY,ONTIME,ONTIME,,,,,,,,,04:50,05:31,,,HAN,HAN,DAD,Domestic,VJ,,,,,,,,,,,,
,2026-06-12,____/VJ771,A655,A320,HAN-CXR,,05:45,,05:45,,05:37,05:38,05:44,,,EARLY,ONTIME,ONTIME,,,,,,,,,05:00,05:35,,,HAN,HAN,CXR,Domestic,VJ,,,,,,,,,,,,
,2026-06-12,____/VJ121,A649,A321,HAN-SGN,,06:00,,06:00,,05:54,05:55,06:00,,,EARLY,ONTIME,ONTIME,,,,,,,,,05:15,05:51,,,HAN,HAN,SGN,Domestic,VJ,,,,,,,,,,,,
,2026-06-12,____/VJ491,A642,A321,HAN-BMV,,06:00,,06:00,,05:54,05:55,06:06,,,EARLY,ONTIME,ONTIME,,,,,,,,,05:15,05:52,,,HAN,HAN,BMV,Domestic,VJ,,,,,,,,,,,,
,2026-06-12,____/VJ431,A663,A320,HAN-UIH,,06:05,,06:05,,05:57,05:58,06:06,,,EARLY,ONTIME,ONTIME,,,,,,,,,05:15,05:55,,,HAN,HAN,UIH,Domestic,VJ,,,,,,,,,,,,
,2026-06-12,____/VJ531,A539,A321,HAN-DAD,,06:30,,06:30,,06:21,06:22,06:30,,,EARLY,ONTIME,ONTIME,,,,,,,,,05:40,06:18,,,HAN,HAN,DAD,Domestic,VJ,,,,,,,,,,,,
,2026-06-12,____/VJ449,A670,A321,HAN-PQC,,06:30,,06:30,,06:19,06:20,06:25,,,EARLY,ONTIME,ONTIME,,,,,,,,,05:45,06:10,,,HAN,HAN,PQC,Domestic,VJ,,,,,,,,,,,,
,2026-06-12,____/VJ461,A632,A321,HAN-VCA,,06:45,,06:45,,06:38,06:40,06:49,,,EARLY,ONTIME,ONTIME,,,,,,,,,06:00,06:37,,,HAN,HAN,VCA,Domestic,VJ,,,,,,,,,,,,
,2026-06-12,____/VJ125,A650,A320,HAN-SGN,,07:00,,07:00,,06:54,06:55,07:00,,,EARLY,ONTIME,ONTIME,,,,,,,,,06:15,06:52,,,HAN,HAN,SGN,Domestic,VJ,,,,,,,,,,,,
,2026-06-12,____/VJ1771,A698,A321,HAN-CXR,,07:00,,07:00,,06:51,06:52,06:58,,,EARLY,ONTIME,ONTIME,,,,,,,,,06:15,06:50,,,HAN,HAN,CXR,Domestic,VJ,,,,,,,,,,,,
,2026-06-12,____/VJ421,A643,A321,HAN-PXU,,07:10,,07:10,,07:04,07:05,07:12,,,EARLY,ONTIME,ONTIME,,,,,,,,,06:18,07:03,,,HAN,HAN,PXU,Domestic,VJ,,,,,,,,,,,,
,2026-06-12,____/VJ197,A532,A321,HAN-SGN,,07:20,,07:20,,07:14,07:15,07:18,,,EARLY,ONTIME,ONTIME,,,,,,,,,06:30,07:13,,,HAN,HAN,SGN,Domestic,VJ,,,,,,,,,,,,
,2026-06-12,____/VJ905,A656,A320,HAN-KUL,,07:25,,07:25,,07:19,07:20,07:22,,,EARLY,ONTIME,ONTIME,,,,,,,,,06:40,07:15,,,HAN,HAN,KUL,International,VJ,,,,,,,,,,,,
,2026-06-12,VJ502/VJ503,A547,A321,DAD-HAN-DAD,07:00,07:30,07:00,07:30,06:55,07:29,07:30,07:34,00:30,00:35,ONTIME,ONTIME,ONTIME,ONTIME,,,,,,,,06:50,07:25,,,HAN,DAD,DAD,Domestic,VJ,,,,,,,,,,,,
,2026-06-12,____/VJ934,A551,A321,HAN-NRT,,07:55,,07:55,,07:47,07:48,07:53,,,EARLY,ONTIME,ONTIME,,,,,,,,,07:10,07:45,,,HAN,HAN,NRT,International,VJ,,,,,,,,,,,,
,2026-06-12,VJ120/VJ127,A543,A321,SGN-HAN-SGN,07:10,08:10,07:10,08:10,07:05,07:59,08:00,08:10,01:00,00:55,EARLY,ONTIME,ONTIME,ONTIME,,,,,,,,07:15,07:55,,,HAN,SGN,SGN,Domestic,VJ,,,,,,,,,,,,
,2026-06-12,VJ124/VJ129,A668,A320,SGN-HAN-SGN,08:15,08:45,08:15,08:45,08:25,08:54,08:55,09:00,00:30,00:30,DELAY,ONTIME,ONTIME,ONTIME,,93,00:05,87,00:05,,,08:25,08:52,,STUCK PBB,HAN,SGN,SGN,Domestic,VJ,,,,,,,,,,,,
,2026-06-12,VJ1926/VJ447,A525,A321,AMD-HAN-PQC,05:55,08:45,05:55,08:45,06:30,08:44,08:45,08:47,02:50,02:15,ONTIME,ONTIME,ONTIME,DELAY,,,,,,,,07:05,08:41,,,HAN,AMD,PQC,Domestic,VJ,,,,,,,,,,,,
,2026-06-12,VJ504/VJ435,A658,A320,DAD-HAN-UIH,08:20,08:50,08:20,08:50,08:20,08:49,08:50,08:58,00:30,00:30,ONTIME,ONTIME,ONTIME,ONTIME,,,,,,,,08:20,08:45,,,HAN,DAD,UIH,Domestic,VJ,,,,,,,,,,,,
,2026-06-12,VJ2925/VJ2925,A553,A321,BAX-HAN-DAD,08:30,09:00,08:30,09:00,07:55,08:26,08:27,08:58,00:30,00:32,EARLY,ONTIME,ONTIME,ONTIME,,,,,,,,,,X,,HAN,BAX,DAD,Domestic,VJ,,,,,,,,,,,,
,2026-06-12,VJ514/VJ563,A661,A321,DAD-HAN-HUI,08:50,09:20,08:50,09:20,08:55,09:19,09:20,09:24,00:30,00:25,ONTIME,ONTIME,ONTIME,ONTIME,,,,,,,,08:50,09:16,,,HAN,DAD,HUI,Domestic,VJ,,,,,,,,,,,,
,2026-06-12,____/VJ915,A542,A321,HAN-SIN,,09:35,,09:35,,09:34,09:35,09:42,,,ONTIME,ONTIME,ONTIME,,,,,,,,,08:45,09:30,,,HAN,HAN,SIN,International,VJ,,,,,,,,,,,,
,2026-06-12,VJ122/VJ1773,A522,A321,SGN-HAN-CXR,09:05,10:00,09:05,10:00,09:25,09:59,10:00,10:05,00:55,00:35,ONTIME,ONTIME,ONTIME,DELAY,,,,,,,,09:25,09:56,,,HAN,SGN,CXR,Domestic,VJ,,,,,,,,,,,,
,2026-06-12,VJ126/VJ131,A535,A321,SGN-HAN-SGN,09:40,10:10,09:40,10:10,09:40,10:14,10:15,10:20,00:30,00:35,DELAY,ONTIME,ONTIME,ONTIME,,99,00:05,,,,,09:30,10:12,,The Purser requested a seat map for two manual passengers,HAN,SGN,SGN,Domestic,VJ,,,,,,,,,,,,
,2026-06-12,VJ156/VJ135,A687,A321,SGN-HAN-SGN,09:00,10:10,09:00,10:10,09:00,10:08,10:09,10:16,01:10,01:09,EARLY,ONTIME,ONTIME,ONTIME,,,,,,,,09:20,10:06,,,HAN,SGN,SGN,Domestic,VJ,,,,,,,,,,,,
,2026-06-12,____/VJ463,A669,A320,HAN-VCA,,10:20,,10:20,,10:19,10:20,10:29,,,ONTIME,ONTIME,ONTIME,,,,,,,,,09:35,10:15,,,HAN,HAN,VCA,Domestic,VJ,,,,,,,,,,,,
,2026-06-12,VJ532/VJ425,A539,A321,DAD-HAN-PXU,09:45,10:20,09:45,10:20,10:00,10:19,10:20,10:30,00:35,00:20,ONTIME,ONTIME,ONTIME,ONTIME,,,,,,,,09:50,10:17,,,HAN,DAD,PXU,Domestic,VJ,,,,,,,,,,,,
,2026-06-12,VJ430/VJ437,A663,A320,UIH-HAN-UIH,09:50,10:25,09:50,10:25,09:50,10:15,10:17,10:28,00:35,00:27,EARLY,ONTIME,ONTIME,ONTIME,,,,,,,,09:40,10:13,,,HAN,UIH,UIH,Domestic,VJ,,,,,,,,,,,,
,2026-06-12,VJ492/VJ493,A642,A321,BMV-HAN-BMV,10:00,10:30,10:00,10:30,10:10,10:38,10:40,10:43,00:30,00:30,DELAY,ONTIME,ONTIME,ONTIME,,93,00:05,15A,00:05,,,10:10,10:35,,OFFLOAD 3 PAX 6 BAGS,HAN,BMV,BMV,Domestic,VJ,,,,,,,,,,,,
,2026-06-12,VJ2979/VJ2979,A554,A321,VVO-HAN-CXR,10:30,11:00,10:30,11:00,10:55,11:14,11:15,11:15,00:30,00:20,DELAY,ONTIME,ONTIME,DELAY,,93,00:15,,,,,,,X,,HAN,VVO,CXR,Domestic,VJ,,,,,,,,,,,,
,2026-06-12,VJ524/VJ507,A547,A321,DAD-HAN-DAD,10:40,11:10,10:40,11:10,11:10,11:44,11:45,11:55,00:30,00:35,DELAY,DELAY,DELAY,DELAY,,93,00:30,87,00:05,,,11:10,11:42,,STUCK PBB,HAN,DAD,DAD,Domestic,VJ,,,,,,,,,,,,
,2026-06-12,VJ448/VJ901,A673,A321,PQC-HAN-BKK,10:15,11:10,10:15,11:10,10:35,11:09,11:10,11:16,00:55,00:35,ONTIME,ONTIME,ONTIME,DELAY,,,,,,,,10:45,11:05,,,HAN,PQC,BKK,International,VJ,,,,,,,,,,,,
,2026-06-12,VJ130/VJ133,A634,A321,SGN-HAN-SGN,10:45,11:20,10:45,11:20,11:00,11:39,11:40,11:43,00:35,00:40,DELAY,DELAY,DELAY,ONTIME,,93,00:10,66,00:06,87,00:04,11:00,11:37,,"CREW OB 1110, STUCK PBB",HAN,SGN,SGN,Domestic,VJ,,,,,,,,,,,,
,2026-06-12,VJ770/VJ565,A655,A320,CXR-HAN-HUI,09:55,11:30,09:55,11:30,10:15,11:27,11:28,11:30,01:35,01:13,EARLY,ONTIME,ONTIME,DELAY,,,,,,,,10:38,11:25,,,HAN,CXR,HUI,Domestic,VJ,,,,,,,,,,,,
,2026-06-12,VJ422/VJ451,A643,A321,PXU-HAN-PQC,10:50,11:45,10:50,11:45,10:45,11:41,11:42,11:45,00:55,00:57,EARLY,ONTIME,ONTIME,ONTIME,,,,,,,,11:00,11:38,,,HAN,PXU,PQC,Domestic,VJ,,,,,,,,,,,,
,2026-06-12,____/VJ775,A526,A321,HAN-CXR,,11:45,,11:45,,11:43,11:44,11:54,,,EARLY,ONTIME,ONTIME,,,,,,,,,10:55,11:40,,,HAN,HAN,CXR,Domestic,VJ,,,,,,,,,,,,
,2026-06-12,VJ462/VJ515,A632,A321,VCA-HAN-DAD,11:40,12:10,11:40,12:10,12:15,12:44,12:45,12:50,00:30,00:30,DELAY,DELAY,DELAY,DELAY,,93,00:35,,,,,12:10,12:42,,,HAN,VCA,DAD,Domestic,VJ,,,,,,,,,,,,
,2026-06-12,VJ128/VJ137,A650,A320,SGN-HAN-SGN,11:50,12:20,11:50,12:20,12:20,12:49,12:50,13:00,00:30,00:30,DELAY,DELAY,DELAY,DELAY,,93,00:25,95,00:05,,,12:25,12:45,,CREW VJ122 OB 1229,HAN,SGN,SGN,Domestic,VJ,,,,,,,,,,,,
,2026-06-12,VJ450/VJ453,A670,A321,PQC-HAN-PQC,11:15,13:00,11:15,13:00,11:25,12:55,12:56,13:10,01:45,01:31,EARLY,ONTIME,ONTIME,ONTIME,,,,,,,,12:15,12:52,,,HAN,PQC,PQC,Domestic,VJ,,,,,,,,,,,,
,2026-06-12,VJ432/VJ509,A658,A320,UIH-HAN-DAD,12:35,13:05,12:35,13:05,13:00,13:19,13:20,13:20,00:30,00:20,DELAY,ONTIME,ONTIME,DELAY,,93,00:15,,,,,12:40,13:17,,,HAN,UIH,DAD,Domestic,VJ,,,,,,,,,,,,
,2026-06-12,VJ564/VJ787,A661,A321,HUI-HAN-CXR,12:20,13:10,12:20,13:10,12:30,13:09,13:10,13:25,00:50,00:40,ONTIME,ONTIME,ONTIME,ONTIME,,,,,,,,12:30,13:05,,,HAN,HUI,CXR,Domestic,VJ,,,,,,,,,,,,
,2026-06-12,VJ7615/VJ7615,A580,A321,BQS-HAN-CXR,12:45,13:15,12:45,13:15,12:35,13:08,13:09,13:19,00:30,00:34,EARLY,ONTIME,ONTIME,ONTIME,,,,,,,,,,X,,HAN,BQS,CXR,Domestic,VJ,,,,,,,,,,,,
,2026-06-12,VJ981/VJ433,A630,A321,PUS-HAN-UIH,10:40,13:20,10:40,13:20,10:35,13:16,13:17,13:30,02:40,02:42,EARLY,ONTIME,ONTIME,ONTIME,,,,,,,,12:35,13:14,,,HAN,PUS,UIH,Domestic,VJ,,,,,,,,,,,,
,2026-06-12,VJ959/VJ948,A667,A321,FUK-HAN-RMQ,11:25,13:30,11:25,13:30,11:25,13:25,13:26,13:45,02:05,02:01,EARLY,ONTIME,ONTIME,ONTIME,,,,,,,,12:45,13:22,,,HAN,FUK,RMQ,International,VJ,,,,,,,,,,,,
,2026-06-12,VJ196/VJ149,A532,A321,SGN-HAN-SGN,12:40,13:40,12:40,13:40,12:50,13:35,13:36,13:49,01:00,00:46,EARLY,ONTIME,ONTIME,ONTIME,,,,,,,,12:55,13:31,,,HAN,SGN,SGN,Domestic,VJ,,,,,,,,,,,,
,2026-06-12,VJ933/VJ525,A578,A321,NRT-HAN-DAD,13:05,14:05,13:05,14:05,13:40,14:09,14:10,14:20,01:00,00:30,DELAY,ONTIME,ONTIME,DELAY,,93,00:05,,,,,13:35,14:07,,,HAN,NRT,DAD,Domestic,VJ,,,,,,,,,,,,
,2026-06-12,VJ1772/VJ143,A698,A321,CXR-HAN-SGN,11:15,14:05,11:15,14:05,12:05,14:04,14:05,14:15,02:50,02:00,ONTIME,ONTIME,ONTIME,DELAY,,,,,,,,13:20,14:00,,,HAN,CXR,SGN,Domestic,VJ,,,,,,,,,,,,
,2026-06-12,VJ921/VJ942,A200,A321,NGO-HAN-TPE,12:50,14:25,12:50,14:25,13:05,14:24,14:25,14:55,01:35,01:20,ONTIME,ONTIME,DELAY,ONTIME,,,,,,,,13:40,14:20,,LATE PUSHBACK DUE TO CTOT  1507,HAN,NGO,TPE,International,VJ,,,,,,,,,,,,
,2026-06-12,VJ134/VJ946,A528,A321,SGN-HAN-KHH,13:30,14:35,13:30,14:35,13:30,14:58,14:59,15:00,01:05,01:29,DELAY,DELAY,DELAY,ONTIME,,15A,00:24,,,,,13:50,14:56,,OFFLOAD 3 PAX 3 BAGS,HAN,SGN,KHH,International,VJ,,,,,,,,,,,,
,2026-06-12,VJ1504/VJ1505,A639,A321,DAD-HAN-DAD,14:05,14:40,14:05,14:40,14:30,14:56,14:57,15:06,00:35,00:27,DELAY,DELAY,DELAY,DELAY,,93,00:17,,,,,14:30,14:55,,,HAN,DAD,DAD,Domestic,VJ,,,,,,,,,,,,
,2026-06-12,VJ426/VJ467,A539,A321,PXU-HAN-VCA,14:05,14:45,14:05,14:45,14:05,14:42,14:43,14:48,00:40,00:38,EARLY,ONTIME,ONTIME,ONTIME,,,,,,,,14:05,14:39,,,HAN,PXU,VCA,Domestic,VJ,,,,,,,,,,,,
,2026-06-12,VJ939/VJ145,A548,A321,KIX-HAN-SGN,12:20,14:50,12:20,14:50,12:40,14:47,14:48,14:56,02:30,02:08,EARLY,ONTIME,ONTIME,DELAY,,,,,,,,14:00,14:45,,,HAN,KIX,SGN,Domestic,VJ,,,,,,,,,,,,
,2026-06-12,VJ510/VJ511,A553,A321,DAD-HAN-DAD,14:35,15:05,14:35,15:05,14:50,15:19,15:20,15:30,00:30,00:30,DELAY,ONTIME,DELAY,ONTIME,,93,00:15,,,,,14:50,15:15,,,HAN,DAD,DAD,Domestic,VJ,,,,,,,,,,,,
,2026-06-12,VJ566/VJ423,A655,A320,HUI-HAN-PXU,14:30,15:05,14:30,15:05,15:00,15:23,15:24,15:34,00:35,00:24,DELAY,DELAY,DELAY,DELAY,,93,00:19,,,,,14:40,15:21,,,HAN,HUI,PXU,Domestic,VJ,,,,,,,,,,,,
,2026-06-12,VJ494/VJ1451,A642,A321,BMV-HAN-PQC,14:30,15:05,14:30,15:05,14:20,15:02,15:03,15:15,00:35,00:43,EARLY,ONTIME,ONTIME,ONTIME,,,,,,,,14:51,15:00,,,HAN,BMV,PQC,Domestic,VJ,,,,,,,,,,,,
,2026-06-12,VJ1774/VJ419,A522,A321,CXR-HAN-TBB,14:20,15:10,14:20,15:10,14:45,15:09,15:10,15:25,00:50,00:25,ONTIME,ONTIME,ONTIME,DELAY,,,,,,,,14:45,15:05,,,HAN,CXR,TBB,Domestic,VJ,,,,,,,,,,,,
,2026-06-12,VJ436/VJ439,A663,A320,UIH-HAN-UIH,14:10,15:40,14:10,15:40,13:55,15:39,15:40,15:43,01:30,01:45,ONTIME,ONTIME,ONTIME,ONTIME,,,,,,,,14:50,15:36,,,HAN,UIH,UIH,Domestic,VJ,,,,,,,,,,,,
,2026-06-12,VJ138/VJ147,A529,A321,SGN-HAN-SGN,15:15,15:45,15:15,15:45,15:30,15:59,16:00,16:00,00:30,00:30,DELAY,ONTIME,ONTIME,ONTIME,,93,00:15,,,,,15:30,15:57,,,HAN,SGN,SGN,Domestic,VJ,,,,,,,,,,,,
,2026-06-12,VJ464/VJ567,A669,A320,VCA-HAN-HUI,14:40,15:55,14:40,15:55,15:35,15:59,16:00,16:10,01:15,00:25,DELAY,ONTIME,ONTIME,DELAY,,93,00:05,,,,,15:30,15:54,,,HAN,VCA,HUI,Domestic,VJ,,,,,,,,,,,,
,2026-06-12,VJ142/VJ193,A687,A321,SGN-HAN-SGN,15:30,16:30,15:30,16:30,15:50,16:34,16:35,16:40,01:00,00:45,DELAY,ONTIME,ONTIME,DELAY,,,,18,00:05,,,15:45,16:28,,,HAN,SGN,SGN,Domestic,VJ,,,,,,,,,,,,
,2026-06-12,VJ136/VJ513,A649,A321,SGN-HAN-DAD,14:10,16:35,14:10,16:35,15:00,16:32,16:33,16:43,02:25,01:33,EARLY,ONTIME,ONTIME,DELAY,,,,,,,,15:45,16:30,,,HAN,SGN,DAD,Domestic,VJ,,,,,,,,,,,,
,2026-06-12,VJ140/VJ151,A634,A321,SGN-HAN-SGN,16:20,16:50,16:20,16:50,17:05,17:39,17:40,17:45,00:30,00:35,DELAY,DELAY,DELAY,DELAY,,93,00:45,87,00:05,,,16:45,17:12,,STUCK PBB,HAN,SGN,SGN,Domestic,VJ,,,,,,,,,,,,
,2026-06-12,VJ5068/VJ5068,A526,A321,CXR-HAN-NOZ,16:20,16:55,16:20,16:55,16:45,17:14,17:15,17:20,00:35,00:30,DELAY,DELAY,DELAY,DELAY,,93,00:20,,,,,,,X,,HAN,CXR,NOZ,International,VJ,,,,,,,,,,,,
,2026-06-12,VJ454/VJ495,A643,A321,PQC-HAN-BMV,16:45,17:30,16:45,17:30,16:35,17:29,17:30,17:36,00:45,00:55,ONTIME,ONTIME,ONTIME,ONTIME,,,,,,,,16:35,17:28,,,HAN,PQC,BMV,Domestic,VJ,,,,,,,,,,,,
,2026-06-12,VJ508/VJ141,A632,A321,DAD-HAN-SGN,15:25,17:35,15:25,17:35,16:20,17:28,17:29,17:35,02:10,01:09,EARLY,ONTIME,ONTIME,DELAY,,,,,,,,16:35,17:26,,,HAN,DAD,SGN,Domestic,VJ,,,,,,,,,,,,
,2026-06-12,VJ906/VJ1431,A656,A320,kul-HAN-UIH,14:40,17:40,14:40,17:40,14:22,17:34,17:35,17:40,03:00,03:13,EARLY,ONTIME,ONTIME,ONTIME,,,,,,,,16:50,17:32,,,HAN,kul,UIH,Domestic,VJ,,,,,,,,,,,,
,2026-06-12,VJ902/VJ517,A673,A321,BKK-HAN-DAD,15:50,17:45,15:50,17:45,16:08,17:44,17:45,17:48,01:55,01:37,ONTIME,ONTIME,ONTIME,DELAY,,,,,,,,17:05,17:42,,,HAN,BKK,DAD,Domestic,VJ,,,,,,,,,,,,
,2026-06-12,VJ774/VJ781,A661,A321,CXR-HAN-CXR,17:15,18:25,17:15,18:25,17:45,18:24,18:25,18:55,01:10,00:40,ONTIME,ONTIME,DELAY,DELAY,,,,,,,,17:55,18:22,,LATE PUSH BACK DUE TO ATC,HAN,CXR,CXR,Domestic,VJ,,,,,,,,,,,,
,2026-06-12,VJ456/VJ789,A670,A321,PQC-HAN-CXR,17:45,18:45,17:45,18:45,18:25,18:54,18:55,19:14,01:00,00:30,DELAY,ONTIME,DELAY,DELAY,,93,00:10,,,,,18:20,18:52,,,HAN,PQC,CXR,Domestic,VJ,,,,,,,,,,,,
,2026-06-12,VJ961/VJ521,A521,A321,ICN-HAN-DAD,13:35,18:45,13:35,18:45,14:00,18:44,18:45,19:10,05:10,04:45,ONTIME,ONTIME,DELAY,DELAY,,,,,,,,18:00,18:42,,LATE PUSH BACK DUE TO ATC,HAN,ICN,DAD,Domestic,VJ,,,,,,,,,,,,
,2026-06-12,VJ916/VJ155,A542,A321,SIN-HAN-SGN,17:25,18:55,17:25,18:55,17:15,18:53,18:55,19:20,01:30,01:40,ONTIME,ONTIME,DELAY,ONTIME,,,,,,,,18:10,18:52,,,HAN,SIN,SGN,Domestic,VJ,,,,,,,,,,,,
,2026-06-12,VJ424/VJ561,A655,A320,PXU-HAN-HUI,18:45,19:15,18:45,20:10,19:45,20:19,20:20,20:30,01:25,00:35,DELAY,ONTIME,DELAY,DELAY,,93,00:05,34,00:05,,,19:50,20:18,,LACK OF COBUS LAST BUS SHOWUP 2015,HAN,PXU,HUI,Domestic,VJ,,,,,,,,,,,,
,2026-06-12,VJ144/VJ519,A653,A321,SGN-HAN-DAD,18:05,19:25,18:05,19:25,18:00,19:22,19:24,19:50,01:20,01:24,EARLY,ONTIME,DELAY,ONTIME,,,,,,,,18:30,19:20,,LATE PUSH BACK DUE TO ATC,HAN,SGN,DAD,Domestic,VJ,,,,,,,,,,,,
,2026-06-12,VJ148/VJ157,A532,A321,SGN-HAN-SGN,18:35,19:30,18:35,19:30,19:10,19:39,19:40,20:50,00:55,00:30,DELAY,ONTIME,DELAY,DELAY,,93,00:10,,,,,19:10,19:37,,LATE PUSH BACK DUE TO ATC CTOT 2118,HAN,SGN,SGN,Domestic,VJ,,,,,,,,,,,,
,2026-06-12,VJ438/VJ1785,A663,A320,UIH-HAN-CXR,19:25,19:55,19:25,19:55,19:55,20:24,20:25,21:00,00:30,00:30,DELAY,DELAY,DELAY,DELAY,,93,00:25,34,00:05,,,19:55,20:22,,LATE PUSH BACK DUE TO ATC,HAN,UIH,CXR,Domestic,VJ,,,,,,,,,,,,
,2026-06-12,____/VJ7712,A672,A320,HAN-PKX,,19:55,,19:55,,19:54,19:55,20:10,,,ONTIME,ONTIME,ONTIME,,,,,,,,,19:10,19:52,,,HAN,HAN,PKX,International,VJ,,,,,,,,,,,,
,2026-06-12,VJ528/VJ907,A578,A321,DAD-HAN-BOM,17:25,20:05,17:25,20:05,17:53,20:13,20:14,20:33,02:40,02:21,DELAY,ONTIME,DELAY,DELAY,,,,34,00:09,,,19:25,20:12,,LACK OF COBUS LAST BUS SHOWUP 2005,HAN,DAD,BOM,International,VJ,,,,,,,,,,,,
,2026-06-12,VJ440/VJ455,A525,A321,PQC-HAN-PQC,13:30,20:05,13:30,20:05,13:35,20:04,20:05,20:50,06:35,06:30,ONTIME,ONTIME,DELAY,ONTIME,,,,,,,,19:20,20:02,,LATE PUSH BACK DUE TO ATC,HAN,PQC,PQC,Domestic,VJ,,,,,,,,,,,,
,2026-06-12,VJ152/VJ159,A535,A321,SGN-HAN-SGN,19:20,20:10,19:20,20:10,19:50,20:30,20:31,21:50,00:50,00:41,DELAY,DELAY,DELAY,DELAY,,93,00:10,99,00:11,,,19:50,20:28,,LATE DOOR CLOSE BY CREW + LATE PUSHBACK DUE TO CTOT 2212,HAN,SGN,SGN,Domestic,VJ,,,,,,,,,,,,
,2026-06-12,VJ434/VJ7815,A630,A321,UIH-HAN-MNL,17:10,20:10,17:10,20:10,17:20,20:14,20:15,20:40,03:00,02:55,DELAY,ONTIME,DELAY,ONTIME,,99,00:05,,,,,19:25,20:12,,LATE ACPT 3PAX 4BAG,HAN,UIH,MNL,International,VJ,,,,,,,,,,,,
,2026-06-12,VJ146/VJ783,A698,A321,SGN-HAN-CXR,18:55,20:25,18:55,20:25,19:45,20:31,20:32,21:10,01:30,00:47,DELAY,ONTIME,DELAY,DELAY,,34,00:07,,,,,19:45,20:29,,LATE PUSH BACK DUE TO ATC,HAN,SGN,CXR,Domestic,VJ,,,,,,,,,,,,
,2026-06-12,VJ1452/VJ161,A642,A321,PQC-HAN-SGN,19:50,20:55,19:50,20:55,20:15,22:25,22:26,22:33,01:05,02:11,DELAY,DELAY,DELAY,DELAY,,,,99,01:31,,,20:25,20:52,,LATE DOOR CLOSE BY CREW DUE TO CTOT 2242,HAN,PQC,SGN,Domestic,VJ,,,,,,,,,,,,
,2026-06-12,VJ530/VJ7238,A658,A320,DAD-HAN-PVG,16:15,21:15,16:15,21:15,16:55,21:19,21:20,22:00,05:00,04:25,DELAY,ONTIME,DELAY,DELAY,,,,99,00:05,,,20:35,21:18,,LATE ACC 1 PAX 1 BAG,HAN,DAD,PVG,International,VJ,,,,,,,,,,,,
,2026-06-12,VJ154/VJ163,A640,A321,SGN-HAN-SGN,20:55,21:25,20:55,21:25,21:10,21:39,21:40,22:18,00:30,00:30,DELAY,ONTIME,DELAY,ONTIME,,93,00:15,,,,,21:10,21:37,,LATE PUSHBACK DUE TO ATC,HAN,SGN,SGN,Domestic,VJ,,,,,,,,,,,,
,2026-06-12,VJ520/VJ527,A684,A321,DAD-HAN-DAD,20:55,21:25,20:55,21:25,20:55,21:24,21:25,21:55,00:30,00:30,ONTIME,ONTIME,DELAY,ONTIME,,,,,,,,20:47,21:22,,LATE PUSHBACK DUE TO ATC,HAN,DAD,DAD,Domestic,VJ,,,,,,,,,,,,
,2026-06-12,VJ496/VJ7526,A643,A321,BMV-HAN-CAN,21:30,22:30,21:30,22:30,21:40,22:34,22:35,22:42,01:00,00:55,DELAY,ONTIME,ONTIME,ONTIME,,99,00:05,,,,,21:55,22:32,,LATE ACPT 06PAX 02BAGS,HAN,BMV,CAN,International,VJ,,,,,,,,,,,,
,2026-06-12,VJ194/VJ167,A634,A321,SGN-HAN-SGN,21:50,22:45,21:50,23:15,00:35,01:14,01:15,01:20,01:25,00:40,DELAY,DELAY,DELAY,ONTIME,,93,01:50,87,00:05,99,00:05,00:35,01:12,,STUCK PBB & ARRANGE PAX ON BOARD,HAN,SGN,SGN,Domestic,VJ,,,,,,,,,,,,
,2026-06-12,VJ512/VJ533,A815,A330,DAD-HAN-DAD,18:30,23:05,18:30,23:05,18:40,22:58,23:00,23:05,04:35,04:20,EARLY,ONTIME,ONTIME,ONTIME,,,,,,,,22:15,22:56,,,HAN,DAD,DAD,Domestic,VJ,,,,,,,,,,,,
,2026-06-12,VJ935/VJ962,A551,A321,NRT-HAN-ICN,20:05,23:15,20:05,23:15,21:15,23:24,23:25,23:30,03:10,02:10,DELAY,ONTIME,ONTIME,DELAY,,15A,00:10,,,,,22:30,23:22,,OFFLOAD  02PAX 02BAG,HAN,NRT,ICN,International,VJ,,,,,,,,,,,,
,2026-06-12,VJ522/VJ169,A653,A321,DAD-HAN-SGN,22:35,23:25,22:35,23:25,23:25,23:54,23:55,23:59,00:50,00:30,DELAY,DELAY,DELAY,DELAY,,93,00:30,,,,,23:25,23:52,,,HAN,DAD,SGN,Domestic,VJ,,,,,,,,,,,,
,2026-06-13,____/VJ932,A200,A321,HAN-NRT,,00:30,,00:30,,00:26,00:27,00:28,,,EARLY,ONTIME,ONTIME,,,,,,,,,23:45,00:25,,,HAN,HAN,NRT,International,VJ,,,,,,,,,,,,
,2026-06-13,VJ778/VJ982,A670,A321,CXR-HAN-PUS,22:55,01:05,22:55,01:05,,01:03,01:04,01:06,02:10,,EARLY,ONTIME,ONTIME,ONTIME,,,,,,,,00:25,01:01,,,HAN,CXR,PUS,International,VJ,,,,,,,,,,,,
,2026-06-13,VJ7706/VJ7706,A580,A321,CXR-HAN-KHV,00:30,01:05,00:30,01:05,00:35,01:04,01:05,01:19,00:35,00:30,ONTIME,ONTIME,ONTIME,ONTIME,,,,,,,,,,X,,HAN,CXR,KHV,International,VJ,,,,,,,,,,,,
,2026-06-13,VJ772/VJ938,A554,A321,CXR-HAN-KIX,16:10,01:20,16:10,01:20,,01:19,01:20,01:21,09:10,,ONTIME,ONTIME,ONTIME,ONTIME,,,,,,,,00:30,01:17,,,HAN,CXR,KIX,International,VJ,,,,,,,,,,,,
,2026-06-13,VJ420/VJ960,A522,A321,TBB-HAN-ICN,19:15,01:40,19:15,01:40,,01:36,01:37,01:41,06:25,,EARLY,ONTIME,ONTIME,ONTIME,,,,,,,,00:55,01:35,,,HAN,TBB,ICN,International,VJ,,,,,,,,,,,,
,2026-06-13,VJ452/VJ920,A575,A321,PQC-HAN-NGO,16:05,01:40,16:05,01:40,,01:29,01:30,01:34,09:35,,EARLY,ONTIME,ONTIME,ONTIME,,,,,,,,00:55,01:26,,,HAN,PQC,NGO,International,VJ,,,,,,,,,,,,
,2026-06-13,VJ949/VJ958,A667,A321,RMQ-HAN-FUK,19:50,02:05,19:50,02:05,,01:53,01:54,01:57,06:15,,EARLY,ONTIME,ONTIME,ONTIME,,,,,,,,01:10,01:52,,,HAN,RMQ,FUK,International,VJ,,,,,,,,,,,,
,2026-06-13,____/VJ123,A632,A321,HAN-SGN,,05:30,,05:30,,05:34,05:35,05:43,,,DELAY,ONTIME,ONTIME,,,15A,00:05,,,,,04:40,05:30,,DUE TO OFFLOAD 11PAX + 06BAG,HAN,HAN,SGN,Domestic,VJ,,,,,,,,,,,,
,2026-06-13,VJ7816/VJ445,A630,A321,MNL-HAN-PQC,03:50,05:30,03:50,05:30,04:25,05:29,05:30,05:33,01:40,01:05,ONTIME,ONTIME,ONTIME,DELAY,,,,,,,,04:36,05:25,,,HAN,MNL,PQC,Domestic,VJ,,,,,,,,,,,,
,2026-06-13,____/VJ501,A521,A321,HAN-DAD,,05:40,,05:40,,05:38,05:40,05:45,,,ONTIME,ONTIME,ONTIME,,,,,,,,,04:50,05:36,,,HAN,HAN,DAD,Domestic,VJ,,,,,,,,,,,,
,2026-06-13,____/VJ771,A663,A320,HAN-CXR,,05:45,,05:45,,05:39,05:40,05:47,,,EARLY,ONTIME,ONTIME,,,,,,,,,05:00,05:37,,,HAN,HAN,CXR,Domestic,VJ,,,,,,,,,,,,
,2026-06-13,____/VJ121,A539,A321,HAN-SGN,,06:00,,06:00,,05:59,06:00,06:07,,,ONTIME,ONTIME,ONTIME,,,,,,,,,05:15,05:57,,,HAN,HAN,SGN,Domestic,VJ,,,,,,,,,,,,
,2026-06-13,____/VJ491,A687,A321,HAN-BMV,,06:00,,06:00,,05:54,05:55,05:59,,,EARLY,ONTIME,ONTIME,,,,,,,,,05:10,05:52,,,HAN,HAN,BMV,Domestic,VJ,,,,,,,,,,,,
,2026-06-13,____/VJ431,A656,A320,HAN-UIH,,06:05,,06:05,,05:59,06:00,06:10,,,EARLY,ONTIME,ONTIME,,,,,,,,,05:15,05:57,,,HAN,HAN,UIH,Domestic,VJ,,,,,,,,,,,,
,2026-06-13,____/VJ531,A661,A321,HAN-DAD,,06:30,,06:30,,06:34,06:35,06:43,,,DELAY,ONTIME,ONTIME,,,15A,00:05,,,,,05:45,06:30,,DUE TO OFFLOAD 21PAX + 03BAG,HAN,HAN,DAD,Domestic,VJ,,,,,,,,,,,,
,2026-06-13,____/VJ449,A658,A320,HAN-PQC,,06:30,,06:30,05:25,06:29,06:30,06:33,,,ONTIME,ONTIME,ONTIME,,,,,,,,,05:45,06:27,,,HAN,HAN,PQC,Domestic,VJ,,,,,,,,,,,,
,2026-06-13,VJ5069/VJ5069,A526,A321,NOZ-HAN-CXR,06:15,06:45,06:15,06:45,06:10,06:39,06:40,06:50,00:30,00:30,EARLY,ONTIME,ONTIME,ONTIME,,,,,,,,,,X,,HAN,NOZ,CXR,Domestic,VJ,,,,,,,,,,,,
,2026-06-13,____/VJ461,A672,A320,HAN-VCA,,06:45,,06:45,,06:39,06:40,06:45,,,EARLY,ONTIME,ONTIME,,,,,,,,,06:00,06:37,,,HAN,HAN,VCA,Domestic,VJ,,,,,,,,,,,,
,2026-06-13,____/VJ125,A532,A321,HAN-SGN,,07:00,,07:00,,06:54,06:55,07:04,,,EARLY,ONTIME,ONTIME,,,,,,,,,06:15,06:52,,,HAN,HAN,SGN,Domestic,VJ,,,,,,,,,,,,
,2026-06-13,VJ7527/VJ1771,A643,A321,CAN-HAN-CXR,03:05,07:00,03:05,07:00,03:55,06:54,06:55,07:00,03:55,03:00,EARLY,ONTIME,ONTIME,DELAY,,,,,,,,06:10,06:52,,,HAN,CAN,CXR,Domestic,VJ,,,,,,,,,,,,
,2026-06-13,____/VJ421,A669,A320,HAN-PXU,,07:10,,07:10,,07:04,07:05,07:19,,,EARLY,ONTIME,ONTIME,,,,,,,,,06:20,07:02,,,HAN,HAN,PXU,Domestic,VJ,,,,,,,,,,,,
,2026-06-13,____/VJ197,A528,A321,HAN-SGN,,07:20,,07:20,,07:19,07:20,07:26,,,ONTIME,ONTIME,ONTIME,,,,,,,,,06:40,07:17,,,HAN,HAN,SGN,Domestic,VJ,,,,,,,,,,,,
,2026-06-13,____/VJ905,A655,A320,HAN-KUL,,07:25,,07:25,,07:19,07:20,07:30,,,EARLY,ONTIME,ONTIME,,,,,,,,,06:45,07:17,,,HAN,HAN,KUL,International,VJ,,,,,,,,,,,,
,2026-06-13,VJ502/VJ503,A639,A321,DAD-HAN-DAD,07:00,07:30,07:00,07:30,06:55,07:24,07:25,07:38,00:30,00:30,EARLY,ONTIME,ONTIME,ONTIME,,,,,,,,06:55,07:22,,,HAN,DAD,DAD,Domestic,VJ,,,,,,,,,,,,
,2026-06-13,VJ120/VJ127,A550,A321,SGN-HAN-SGN,07:10,08:10,07:10,08:10,07:20,07:59,08:00,08:05,01:00,00:40,EARLY,ONTIME,ONTIME,ONTIME,,,,,,,,07:20,07:56,,,HAN,SGN,SGN,Domestic,VJ,,,,,,,,,,,,
,2026-06-13,____/VJ929,A553,A321,HAN-CGK,,08:40,,08:40,,08:39,08:40,08:40,,,ONTIME,ONTIME,ONTIME,,,,,,,,,07:50,08:35,,,HAN,HAN,CGK,International,VJ,,,,,,,,,,,,
,2026-06-13,VJ124/VJ129,A529,A321,SGN-HAN-SGN,08:15,08:45,08:15,08:45,08:25,08:53,08:54,09:00,00:30,00:29,DELAY,ONTIME,ONTIME,ONTIME,,93,00:09,,,,,08:10,08:52,,,HAN,SGN,SGN,Domestic,VJ,,,,,,,,,,,,
,2026-06-13,____/VJ447,A542,A321,HAN-PQC,,08:45,,08:45,,08:44,08:45,08:53,,,ONTIME,ONTIME,ONTIME,,,,,,,,,08:00,08:40,,,HAN,HAN,PQC,Domestic,VJ,,,,,,,,,,,,
,2026-06-13,VJ504/VJ435,A645,A321,DAD-HAN-UIH,08:20,08:50,08:20,08:50,08:17,08:45,08:47,08:52,00:30,00:30,EARLY,ONTIME,ONTIME,ONTIME,,,,,,,,08:05,08:44,,,HAN,DAD,UIH,Domestic,VJ,,,,,,,,,,,,
,2026-06-13,VJ514/VJ563,A521,A321,DAD-HAN-HUI,08:50,09:20,08:50,09:20,08:55,09:19,09:20,09:22,00:30,00:25,ONTIME,ONTIME,ONTIME,ONTIME,,,,,,,,08:53,09:17,,,HAN,DAD,HUI,Domestic,VJ,,,,,,,,,,,,
,2026-06-13,____/VJ915,A524,A321,HAN-SIN,,09:35,,09:35,,09:34,09:35,09:38,,,ONTIME,ONTIME,ONTIME,,,,,,,,,08:45,09:30,,,HAN,HAN,SIN,International,VJ,,,,,,,,,,,,
,2026-06-13,VJ963/VJ1773,A551,A321,ICN-HAN-CXR,08:55,10:00,08:55,10:00,09:20,10:04,10:05,10:08,01:05,00:45,DELAY,ONTIME,ONTIME,DELAY,,18,00:05,,,,,09:15,09:48,,0954 BAG TO A/C,HAN,ICN,CXR,Domestic,VJ,,,,,,,,,,,,
,2026-06-13,VJ126/VJ131,A607,A321,SGN-HAN-SGN,09:40,10:10,09:40,10:10,09:50,10:19,10:20,10:21,00:30,00:30,DELAY,ONTIME,ONTIME,ONTIME,,93,00:10,,,,,09:30,10:10,,,HAN,SGN,SGN,Domestic,VJ,,,,,,,,,,,,
,2026-06-13,VJ122/VJ135,A697,A321,SGN-HAN-SGN,09:05,10:10,09:05,10:10,09:00,10:07,10:08,10:13,01:05,01:08,EARLY,ONTIME,ONTIME,ONTIME,,,,,,,,09:10,10:05,,,HAN,SGN,SGN,Domestic,VJ,,,,,,,,,,,,
,2026-06-13,VJ770/VJ463,A663,A320,CXR-HAN-VCA,09:55,10:20,09:55,10:45,10:26,10:58,11:00,11:06,00:50,00:34,DELAY,ONTIME,DELAY,DELAY,,93,00:06,66,00:09,,,10:21,10:56,,CREW HN OB 1036,HAN,CXR,VCA,Domestic,VJ,,,,,,,,,,,,
,2026-06-13,VJ532/VJ425,A661,A321,DAD-HAN-PXU,09:45,10:20,09:45,10:20,10:20,10:49,10:50,10:51,00:35,00:30,DELAY,DELAY,DELAY,DELAY,,93,00:30,,,,,10:20,10:46,,,HAN,DAD,PXU,Domestic,VJ,,,,,,,,,,,,
,2026-06-13,____/VJ997,A578,A321,HAN-DPS,,10:25,,10:25,,10:18,10:19,10:23,,,EARLY,ONTIME,ONTIME,,,,,,,,,09:40,10:15,,,HAN,HAN,DPS,International,VJ,,,,,,,,,,,,
,2026-06-13,VJ492/VJ493,A687,A321,BMV-HAN-BMV,10:00,10:30,10:00,10:30,10:00,10:34,10:35,10:39,00:30,00:35,DELAY,ONTIME,ONTIME,ONTIME,,41,00:05,,,,,09:05,10:33,,,HAN,BMV,BMV,Domestic,VJ,,,,,,,,,,,,
,2026-06-13,VJ524/VJ507,A639,A321,DAD-HAN-DAD,10:40,11:10,10:40,11:10,11:00,11:29,11:30,11:39,00:30,00:30,DELAY,DELAY,DELAY,DELAY,,93,00:20,,,,,10:50,11:28,,,HAN,DAD,DAD,Domestic,VJ,,,,,,,,,,,,
,2026-06-13,VJ448/VJ901,A630,A321,PQC-HAN-BKK,10:15,11:10,10:15,11:10,10:30,11:07,11:08,11:12,00:55,00:38,EARLY,ONTIME,ONTIME,ONTIME,,,,,,,,10:50,11:05,,,HAN,PQC,BKK,International,VJ,,,,,,,,,,,,
,2026-06-13,VJ130/VJ133,A544,A321,SGN-HAN-SGN,10:50,11:20,10:50,11:20,11:05,11:39,11:40,11:42,00:30,00:35,DELAY,DELAY,DELAY,ONTIME,,93,00:15,66,00:05,,,11:05,11:37,,,HAN,SGN,SGN,Domestic,VJ,,,,,,,,,,,,
,2026-06-13,VJ430/VJ565,A656,A320,UIH-HAN-HUI,09:50,11:30,09:50,11:30,10:01,11:23,11:24,11:27,01:40,01:23,EARLY,ONTIME,ONTIME,ONTIME,,,,,,,,10:40,11:41,,,HAN,UIH,HUI,Domestic,VJ,,,,,,,,,,,,
,2026-06-13,VJ422/VJ451,A669,A320,PXU-HAN-PQC,10:50,11:45,10:50,11:45,10:50,11:43,11:45,11:47,00:55,00:55,ONTIME,ONTIME,ONTIME,ONTIME,,,,,,,,11:00,11:40,,,HAN,PXU,PQC,Domestic,VJ,,,,,,,,,,,,
,2026-06-13,VJ1772/VJ1453,A643,A321,CXR-HAN-PQC,11:15,11:50,11:15,11:50,11:32,11:55,11:56,11:58,00:35,00:24,DELAY,ONTIME,ONTIME,DELAY,,93,00:06,,,,,11:32,11:52,,,HAN,CXR,PQC,Domestic,VJ,,,,,,,,,,,,
,2026-06-13,VJ190/VJ775,A675,A320,SGN-HAN-CXR,10:25,12:00,10:25,15:00,10:50,14:55,14:56,15:09,04:35,04:06,EARLY,ONTIME,DELAY,DELAY,,,,,,,,14:15,14:54,,,HAN,SGN,CXR,Domestic,VJ,,,,,,,,,,,,
,2026-06-13,VJ450/VJ515,A658,A320,PQC-HAN-DAD,11:15,12:10,11:15,12:10,11:27,12:07,12:08,12:10,00:55,00:41,EARLY,ONTIME,ONTIME,ONTIME,,,,,,,,11:25,12:05,,,HAN,PQC,DAD,Domestic,VJ,,,,,,,,,,,,
,2026-06-13,VJ462/VJ137,A672,A320,VCA-HAN-SGN,11:40,12:20,11:40,12:20,11:50,12:29,12:30,12:33,00:40,00:40,DELAY,ONTIME,ONTIME,ONTIME,,66,00:05,87,00:05,,,11:55,12:27,,CREW 190+HN OB 1200/ DL87 STUCK AT PBB,HAN,VCA,SGN,Domestic,VJ,,,,,,,,,,,,
,2026-06-13,VJ959/VJ453,A667,A321,FUK-HAN-PQC,11:45,13:00,11:45,13:00,11:25,12:56,12:57,12:59,01:15,01:32,EARLY,ONTIME,ONTIME,ONTIME,,,,,,,,12:15,12:48,,,HAN,FUK,PQC,Domestic,VJ,,,,,,,,,,,,
,2026-06-13,VJ432/VJ509,A645,A321,UIH-HAN-DAD,12:35,13:05,12:35,13:05,12:45,13:14,13:15,13:16,00:30,00:30,DELAY,ONTIME,ONTIME,ONTIME,,93,00:10,,,,,12:40,13:10,,,HAN,UIH,DAD,Domestic,VJ,,,,,,,,,,,,
,2026-06-13,VJ564/VJ787,A521,A321,HUI-HAN-CXR,12:20,13:10,12:20,13:10,12:20,13:08,13:09,13:12,00:50,00:49,EARLY,ONTIME,ONTIME,ONTIME,,,,,,,,12:20,13:07,,,HAN,HUI,CXR,Domestic,VJ,,,,,,,,,,,,
,2026-06-13,VJ198/VJ433,A528,A321,SGN-HAN-UIH,12:40,13:20,12:40,13:20,13:15,13:38,13:39,13:45,00:40,00:24,DELAY,DELAY,DELAY,DELAY,,93,00:19,,,,,13:10,13:35,,,HAN,SGN,UIH,Domestic,VJ,,,,,,,,,,,,
,2026-06-13,VJ981/VJ948,A670,A321,PUS-HAN-RMQ,10:40,13:30,10:40,13:30,10:35,13:27,13:29,13:31,02:50,02:54,EARLY,ONTIME,ONTIME,ONTIME,,,,,,,,12:40,13:25,,,HAN,PUS,RMQ,International,VJ,,,,,,,,,,,,
,2026-06-13,VJ128/VJ191,A689,A320,SGN-HAN-SGN,12:05,13:40,12:05,13:40,12:34,13:39,13:40,13:48,01:35,01:06,ONTIME,ONTIME,ONTIME,DELAY,,,,,,,,12:55,13:37,,,HAN,SGN,SGN,Domestic,VJ,,,,,,,,,,,,
,2026-06-13,VJ921/VJ525,A575,A321,NGO-HAN-DAD,12:50,14:05,12:50,14:05,12:43,14:04,14:05,14:08,01:15,01:22,ONTIME,ONTIME,ONTIME,ONTIME,,,,,,,,13:15,14:03,,,HAN,NGO,DAD,Domestic,VJ,,,,,,,,,,,,
,2026-06-13,VJ933/VJ942,A200,A321,NRT-HAN-TPE,13:05,14:25,13:05,14:25,13:24,14:29,14:30,14:32,01:20,01:06,DELAY,ONTIME,ONTIME,DELAY,,15A,00:05,,,,,13:42,14:25,,OFLD 01PAX01BAG,HAN,NRT,TPE,International,VJ,,,,,,,,,,,,
,2026-06-13,VJ440/VJ441,A542,A321,PQC-HAN-PQC,13:30,14:30,13:30,14:30,14:00,14:43,14:44,14:45,01:00,00:44,DELAY,ONTIME,ONTIME,DELAY,,66,00:08,99,00:06,,,14:04,14:41,,CREW OB 1409/ DL99 DUE TO COBUS DEFECT,HAN,PQC,PQC,Domestic,VJ,,,,,,,,,,,,
,2026-06-13,VJ1504/VJ1505,A685,A321,DAD-HAN-DAD,14:00,14:35,14:00,16:05,15:45,16:14,16:15,16:19,02:05,00:30,DELAY,ONTIME,DELAY,DELAY,,,,,,,,15:45,16:10,,,HAN,DAD,DAD,Domestic,VJ,,,,,,,,,,,,
,2026-06-13,VJ961/VJ143,A522,A321,ICN-HAN-SGN,13:35,14:35,13:35,14:35,13:30,14:34,14:35,14:41,01:00,01:05,ONTIME,ONTIME,ONTIME,ONTIME,,,,,,,,13:45,14:33,,,HAN,ICN,SGN,Domestic,VJ,,,,,,,,,,,,
,2026-06-13,VJ134/VJ145,A550,A321,SGN-HAN-SGN,13:30,14:40,13:30,14:40,13:35,14:33,14:34,14:37,01:10,00:59,EARLY,ONTIME,ONTIME,ONTIME,,,,,,,,13:50,14:32,,,HAN,SGN,SGN,Domestic,VJ,,,,,,,,,,,,
,2026-06-13,VJ939/VJ467,A554,A321,KIX-HAN-VCA,12:20,14:50,12:20,14:50,12:35,14:49,14:50,14:56,02:30,02:15,ONTIME,ONTIME,ONTIME,ONTIME,,,,,,,,14:00,14:47,,,HAN,KIX,VCA,Domestic,VJ,,,,,,,,,,,,
,2026-06-13,VJ7707/VJ7707,A580,A321,KHV-HAN-CXR,14:25,14:55,14:25,14:55,14:55,15:19,15:20,15:25,00:30,00:25,DELAY,DELAY,DELAY,DELAY,,93,00:25,,,,,,,X,,HAN,KHV,CXR,Domestic,VJ,,,,,,,,,,,,
,2026-06-13,VJ510/VJ511,A639,A321,DAD-HAN-DAD,14:35,15:05,14:35,15:05,14:50,15:18,15:19,15:20,00:30,00:29,DELAY,ONTIME,ONTIME,ONTIME,,93,00:14,,,,,14:40,15:10,,,HAN,DAD,DAD,Domestic,VJ,,,,,,,,,,,,
,2026-06-13,VJ566/VJ423,A656,A320,HUI-HAN-PXU,14:30,15:05,14:30,15:05,14:30,15:00,15:01,15:03,00:35,00:31,EARLY,ONTIME,ONTIME,ONTIME,,,,,,,,14:30,14:57,,,HAN,HUI,PXU,Domestic,VJ,,,,,,,,,,,,
,2026-06-13,VJ136/VJ419,A539,A321,SGN-HAN-TBB,14:40,15:15,14:40,15:15,14:55,15:24,15:25,15:30,00:35,00:30,DELAY,ONTIME,ONTIME,ONTIME,,93,00:10,,,,,14:55,15:20,,,HAN,SGN,TBB,Domestic,VJ,,,,,,,,,,,,
,2026-06-13,VJ906/VJ439,A655,A320,KUL-HAN-UIH,14:40,15:40,14:40,15:40,15:00,15:36,15:37,15:43,01:00,00:37,EARLY,ONTIME,ONTIME,DELAY,,,,,,,,15:00,15:35,,,HAN,KUL,UIH,Domestic,VJ,,,,,,,,,,,,
,2026-06-13,VJ138/VJ147,A529,A321,SGN-HAN-SGN,15:15,15:45,15:15,15:45,15:26,15:55,15:56,16:00,00:30,00:30,DELAY,ONTIME,ONTIME,ONTIME,,93,00:11,,,,,15:10,15:53,,,HAN,SGN,SGN,Domestic,VJ,,,,,,,,,,,,
,2026-06-13,VJ426/VJ903,A661,A321,PXU-HAN-BKK,14:05,15:45,14:05,15:45,14:28,15:35,15:36,15:44,01:40,01:08,EARLY,ONTIME,ONTIME,DELAY,,,,,,,,14:55,15:32,,,HAN,PXU,BKK,International,VJ,,,,,,,,,,,,
,2026-06-13,VJ464/VJ567,A663,A320,VCA-HAN-HUI,15:10,15:55,15:10,16:40,16:15,16:39,16:40,16:47,01:30,00:25,ONTIME,ONTIME,DELAY,DELAY,,,,,,,,16:15,16:35,,,HAN,VCA,HUI,Domestic,VJ,,,,,,,,,,,,
,2026-06-13,VJ508/VJ773,A658,A320,DAD-HAN-CXR,15:25,16:00,15:25,16:00,15:45,16:09,16:10,16:12,00:35,00:25,DELAY,ONTIME,ONTIME,DELAY,,93,00:10,,,,,15:35,16:07,,,HAN,DAD,CXR,Domestic,VJ,,,,,,,,,,,,
,2026-06-13,VJ494/VJ913,A687,A321,BMV-HAN-SAI,14:30,16:20,14:30,16:20,14:35,16:13,16:14,16:20,01:50,01:39,EARLY,ONTIME,ONTIME,ONTIME,,,,,,,,15:40,16:10,,,HAN,BMV,SAI,International,VJ,,,,,,,,,,,,
,2026-06-13,VJ1774/VJ193,A810,A330,SGN-HAN-SGN,14:37,16:30,14:37,16:30,14:37,16:29,16:30,16:34,01:53,01:53,ONTIME,ONTIME,ONTIME,ONTIME,,,,,,,,15:55,16:25,,,HAN,SGN,SGN,Domestic,VJ,,,,,,,,,,,,
,2026-06-13,VJ140/VJ151,A544,A321,SGN-HAN-SGN,16:20,16:50,16:20,16:50,16:50,17:19,17:20,17:20,00:30,00:30,DELAY,DELAY,DELAY,DELAY,,93,00:30,,,,,16:50,17:15,,,HAN,SGN,SGN,Domestic,VJ,,,,,,,,,,,,
,2026-06-13,VJ142/VJ457,A543,A320,SGN-HAN-PQC,15:30,17:10,15:30,17:10,15:45,17:09,17:10,17:12,01:40,01:25,ONTIME,ONTIME,ONTIME,ONTIME,,,,,,,,16:25,17:05,,,HAN,SGN,PQC,Domestic,VJ,,,,,,,,,,,,
,2026-06-13,VJ530/VJ495,A645,A321,DAD-HAN-BMV,16:15,17:30,16:15,17:30,16:35,17:25,17:26,17:28,01:15,00:51,EARLY,ONTIME,ONTIME,DELAY,,,,,,,,16:45,17:22,,,HAN,DAD,BMV,Domestic,VJ,,,,,,,,,,,,
,2026-06-13,VJ1454/VJ141,A643,A321,PQC-HAN-SGN,16:35,17:35,16:35,17:35,16:45,17:34,17:35,17:45,01:00,00:50,ONTIME,ONTIME,ONTIME,ONTIME,,,,,,,,16:45,17:31,,,HAN,PQC,SGN,Domestic,VJ,,,,,,,,,,,,
,2026-06-13,VJ454/VJ1431,A669,A320,PQC-HAN-UIH,16:45,17:40,16:45,17:40,16:35,17:34,17:35,17:40,00:55,01:00,EARLY,ONTIME,ONTIME,ONTIME,,,,,,,,16:55,17:30,,,HAN,PQC,UIH,Domestic,VJ,,,,,,,,,,,,
,2026-06-13,VJ902/VJ517,A630,A321,BKK-HAN-DAD,15:50,17:45,15:50,17:45,16:00,17:39,17:40,17:43,01:55,01:40,EARLY,ONTIME,ONTIME,ONTIME,,,,,,,,17:00,17:35,,,HAN,BKK,DAD,Domestic,VJ,,,,,,,,,,,,
,2026-06-13,VJ528/VJ153,A575,A321,DAD-HAN-SGN,17:25,18:05,17:25,18:05,17:22,17:57,17:59,18:00,00:40,00:37,EARLY,ONTIME,ONTIME,ONTIME,,,,,,,,17:25,17:55,,,HAN,DAD,SGN,Domestic,VJ,,,,,,,,,,,,
,2026-06-13,VJ456/VJ781,A667,A321,PQC-HAN-CXR,17:45,18:45,17:45,18:45,17:35,18:38,18:40,18:41,01:00,01:05,EARLY,ONTIME,ONTIME,ONTIME,,,,,,,,17:50,18:36,,,HAN,PQC,CXR,Domestic,VJ,,,,,,,,,,,,
,2026-06-13,VJ512/VJ521,A639,A321,DAD-HAN-DAD,18:15,18:45,18:15,18:45,18:48,19:12,19:13,19:15,00:30,00:25,DELAY,DELAY,DELAY,DELAY,,93,00:28,,,,,18:40,19:08,,,HAN,DAD,DAD,Domestic,VJ,,,,,,,,,,,,
,2026-06-13,VJ774/VJ789,A521,A321,CXR-HAN-CXR,17:15,18:45,17:15,18:45,17:40,18:43,18:44,18:45,01:30,01:04,EARLY,ONTIME,ONTIME,DELAY,,,,,,,,18:00,18:40,,,HAN,CXR,CXR,Domestic,VJ,,,,,,,,,,,,
,2026-06-13,VJ148/VJ155,A634,A321,SGN-HAN-SGN,18:25,18:55,18:25,19:35,19:00,19:44,19:45,19:47,01:10,00:45,DELAY,ONTIME,DELAY,DELAY,,84,00:10,,,,,19:19,19:40,,CTOT 2139,HAN,SGN,SGN,Domestic,VJ,,,,,,,,,,,,
,2026-06-13,VJ424/VJ561,A656,A320,PXU-HAN-HUI,18:45,19:15,18:45,19:15,18:35,19:09,19:10,19:13,00:30,00:35,EARLY,ONTIME,ONTIME,ONTIME,,,,,,,,18:40,19:07,,,HAN,PXU,HUI,Domestic,VJ,,,,,,,,,,,,
,2026-06-13,VJ916/VJ157,A524,A321,SIN-HAN-SGN,17:25,19:30,17:25,19:30,17:15,19:54,19:55,20:00,02:05,02:40,DELAY,DELAY,DELAY,ONTIME,,84,00:25,,,,,19:20,19:52,,CTOT 21:27,HAN,SIN,SGN,Domestic,VJ,,,,,,,,,,,,
,2026-06-13,VJ928/VJ971,A553,A321,CGK-HAN-DEL,18:15,19:40,18:15,19:40,18:30,19:34,19:35,19:40,01:25,01:05,EARLY,ONTIME,ONTIME,ONTIME,,,,,,,,18:55,19:30,,,HAN,CGK,DEL,International,VJ,,,,,,,,,,,,
,2026-06-13,VJ434/VJ1925,A528,A321,UIH-HAN-AMD,17:10,19:45,17:10,19:45,17:30,19:44,19:45,19:48,02:35,02:15,ONTIME,ONTIME,ONTIME,DELAY,,,,,,,,19:00,19:35,,,HAN,UIH,AMD,International,VJ,,,,,,,,,,,,
,2026-06-13,VJ420/VJ523,A539,A321,TBB-HAN-DAD,19:20,19:50,19:20,19:50,19:30,19:59,20:00,20:04,00:30,00:30,DELAY,ONTIME,ONTIME,ONTIME,,93,00:10,,,,,19:25,19:57,,,HAN,TBB,DAD,Domestic,VJ,,,,,,,,,,,,
,2026-06-13,VJ188/VJ7712,A662,A320,SGN-HAN-PKX,19:00,19:55,19:00,19:55,19:15,19:54,19:55,20:05,00:55,00:40,ONTIME,ONTIME,ONTIME,ONTIME,,,,,,,,19:15,19:52,,,HAN,SGN,PKX,International,VJ,,,,,,,,,,,,
,2026-06-13,VJ438/VJ1785,A655,A320,UIH-HAN-CXR,19:25,19:55,19:25,19:55,19:40,20:04,20:05,20:10,00:30,00:25,DELAY,ONTIME,ONTIME,ONTIME,,93,00:10,,,,,19:35,20:01,,,HAN,UIH,CXR,Domestic,VJ,,,,,,,,,,,,
,2026-06-13,VJ146/VJ519,A641,A321,SGN-HAN-DAD,19:25,19:55,19:25,19:55,19:45,20:09,20:10,20:10,00:30,00:25,DELAY,ONTIME,ONTIME,DELAY,,93,00:15,,,,,19:45,20:05,,,HAN,SGN,DAD,Domestic,VJ,,,,,,,,,,,,
,2026-06-13,VJ442/VJ783,A542,A321,PQC-HAN-CXR,19:35,20:25,19:35,20:25,16:54,20:14,20:15,20:25,00:50,03:21,EARLY,ONTIME,ONTIME,ONTIME,,,,,,,,,,,FERRY FLIGHT,HAN,PQC,CXR,Domestic,VJ,,,,,,,,,,,,
,2026-06-13,VJ949/VJ161,A670,A321,RMQ-HAN-SGN,19:50,20:55,19:50,20:55,20:01,20:54,20:55,20:58,01:05,00:54,ONTIME,ONTIME,ONTIME,ONTIME,,,,,,,,20:10,20:52,,,HAN,RMQ,SGN,Domestic,VJ,,,,,,,,,,,,
,2026-06-13,VJ468/VJ7238,A554,A321,VCA-HAN-PVG,19:50,21:15,19:50,21:15,20:10,20:59,21:00,21:05,01:25,00:50,EARLY,ONTIME,ONTIME,DELAY,,,,,,,,20:35,20:57,,,HAN,VCA,PVG,International,VJ,,,,,,,,,,,,
,2026-06-13,VJ154/VJ163,A683,A321,SGN-HAN-SGN,20:55,21:25,20:55,21:25,21:15,21:39,21:40,21:40,00:30,00:25,DELAY,ONTIME,ONTIME,DELAY,,93,00:15,,,,,21:15,21:35,,,HAN,SGN,SGN,Domestic,VJ,,,,,,,,,,,,
,2026-06-13,VJ520/VJ527,A535,A321,DAD-HAN-DAD,20:55,21:40,20:55,21:40,20:50,21:39,21:40,21:43,00:45,00:50,ONTIME,ONTIME,ONTIME,ONTIME,,,,,,,,21:50,21:35,,,HAN,DAD,DAD,Domestic,VJ,,,,,,,,,,,,
,2026-06-13,VJ496/VJ167,A645,A321,BMV-HAN-SGN,21:30,22:45,21:30,22:45,21:40,22:59,23:00,23:00,01:15,01:20,DELAY,ONTIME,ONTIME,ONTIME,,95,00:15,,,,,22:25,22:58,,Crew FR194 OB 2344,HAN,BMV,SGN,Domestic,VJ,,,,,,,,,,,,
,2026-06-13,VJ562/VJ533,A656,A320,HUI-HAN-DAD,22:30,23:05,22:30,23:05,22:00,22:54,22:55,22:58,00:35,00:55,EARLY,ONTIME,ONTIME,ONTIME,,,,,,,,22:30,22:50,,,HAN,HUI,DAD,Domestic,VJ,,,,,,,,,,,,
,2026-06-14,____/VJ7660,A516,A321,DAD-HAN-KHV,,00:25,,00:25,,00:14,00:15,00:20,,,EARLY,ONTIME,ONTIME,,,,,,,,,,,X,,HAN,DAD,KHV,International,VJ,,,,,,,,,,,,
,2026-06-14,____/VJ932,A200,A321,TPE-HAN-NRT,,00:30,,00:30,,00:29,00:30,00:35,,,ONTIME,ONTIME,ONTIME,,,,,,,,,23:45,00:26,,,HAN,TPE,NRT,International,VJ,,,,,,,,,,,,
,2026-06-14,____/VJ7704,A580,A321,CXR-HAN-VVO,,00:45,,00:45,,00:42,00:43,00:49,,,EARLY,ONTIME,ONTIME,,,,,,,,,,,X,,HAN,CXR,VVO,International,VJ,,,,,,,,,,,,
,2026-06-14,____/VJ982,A667,A321,CXR-HAN-PUS,,01:05,,01:05,,01:01,01:02,01:08,,,EARLY,ONTIME,ONTIME,,,,,,,,,00:15,01:00,,,HAN,CXR,PUS,International,VJ,,,,,,,,,,,,
,2026-06-14,____/VJ938,A575,A321,SGN-HAN-KIX,,01:20,,01:20,,01:17,01:19,01:21,,,EARLY,ONTIME,ONTIME,,,,,,,,,00:35,01:15,,,HAN,SGN,KIX,International,VJ,,,,,,,,,,,,
,2026-06-14,____/VJ960,A578,A321,HAN-ICN,,01:40,,01:40,,01:49,01:50,01:51,,,DELAY,ONTIME,ONTIME,,,15A,00:10,,,,,00:50,01:46,,OFFLOAD 02PAX 02BAGS,HAN,HAN,ICN,International,VJ,,,,,,,,,,,,
,2026-06-14,____/VJ920,A521,A321,CXR-HAN-NGO,,01:40,,02:00,,01:59,02:00,02:05,,,ONTIME,ONTIME,DELAY,,,,,,,,,01:10,01:55,,,HAN,CXR,NGO,International,VJ,,,,,,,,,,,,
,2026-06-14,____/VJ1980,A655,A320,HAN-FSZ,,02:40,,02:40,,02:29,02:30,02:30,,,EARLY,ONTIME,ONTIME,,,,,,,,,01:50,02:20,,,HAN,HAN,FSZ,International,VJ,,,,,,,,,,,,
,2026-06-14,____/VJ123,A661,A321,HAN-SGN,,05:30,,05:30,,05:24,05:25,05:30,,,EARLY,ONTIME,ONTIME,,,,,,,,,04:45,05:20,,,HAN,HAN,SGN,Domestic,VJ,,,,,,,,,,,,
,2026-06-14,____/VJ445,A670,A321,HAN-PQC,,05:30,,05:30,,05:24,05:25,05:30,,,EARLY,ONTIME,ONTIME,,,,,,,,,04:45,05:20,,,HAN,HAN,PQC,Domestic,VJ,,,,,,,,,,,,
,2026-06-14,____/VJ501,A641,A321,HAN-DAD,,05:40,,05:40,,05:34,05:35,05:41,,,EARLY,ONTIME,ONTIME,,,,,,,,,04:55,05:30,,,HAN,HAN,DAD,Domestic,VJ,,,,,,,,,,,,
,2026-06-14,____/VJ771,A658,A320,HAN-CXR,,05:45,,05:45,,05:44,05:45,05:52,,,ONTIME,ONTIME,ONTIME,,,,,,,,,05:00,05:40,,,HAN,HAN,CXR,Domestic,VJ,,,,,,,,,,,,
,2026-06-14,____/VJ121,A542,A321,HAN-SGN,,06:00,,06:00,,05:54,05:55,05:59,,,EARLY,ONTIME,ONTIME,,,,,,,,,05:15,05:50,,,HAN,HAN,SGN,Domestic,VJ,,,,,,,,,,,,
,2026-06-14,____/VJ491,A643,A321,HAN-BMV,,06:00,,06:00,,05:59,06:00,06:10,,,ONTIME,ONTIME,ONTIME,,,,,,,,,05:15,05:55,,,HAN,HAN,BMV,Domestic,VJ,,,,,,,,,,,,
,2026-06-14,____/VJ431,A675,A320,HAN-UIH,,06:05,,06:05,,05:59,06:00,06:05,,,EARLY,ONTIME,ONTIME,,,,,,,,,05:20,05:55,,,HAN,HAN,UIH,Domestic,VJ,,,,,,,,,,,,
,2026-06-14,____/VJ952,A656,A320,HAN-HIJ,,06:15,,06:15,,06:19,06:20,06:25,,,DELAY,ONTIME,ONTIME,,,99,00:05,,,,,05:30,06:15,,LATE ACCEPT 18 PAX 23 BAGS,HAN,HAN,HIJ,International,VJ,,,,,,,,,,,,
,2026-06-14,____/VJ531,A521,A321,HAN-DAD,,06:30,,06:30,,06:24,06:25,06:28,,,EARLY,ONTIME,ONTIME,,,,,,,,,05:49,06:22,,,HAN,HAN,DAD,Domestic,VJ,,,,,,,,,,,,
,2026-06-14,____/VJ461,A634,A321,HAN-VCA,,06:45,,06:45,,06:39,06:40,06:45,,,EARLY,ONTIME,ONTIME,,,,,,,,,06:00,06:36,,,HAN,HAN,VCA,Domestic,VJ,,,,,,,,,,,,
,2026-06-14,____/VJ125,A689,A320,HAN-SGN,,07:00,,07:00,,06:54,06:55,07:00,,,EARLY,ONTIME,ONTIME,,,,,,,,,06:15,06:52,,,HAN,HAN,SGN,Domestic,VJ,,,,,,,,,,,,
,2026-06-14,____/VJ1771,A550,A321,HAN-CXR,,07:00,,07:00,,06:59,07:00,07:10,,,ONTIME,ONTIME,ONTIME,,,,,,,,,06:10,06:57,,,HAN,HAN,CXR,Domestic,VJ,,,,,,,,,,,,
,2026-06-14,____/VJ421,A669,A320,HAN-PXU,,07:10,,07:10,,07:01,07:02,07:23,,,EARLY,ONTIME,ONTIME,,,,,,,,,06:25,06:59,,,HAN,HAN,PXU,Domestic,VJ,,,,,,,,,,,,
,2026-06-14,____/VJ197,A543,A321,HAN-SGN,,07:20,,07:20,,07:14,07:15,07:25,,,EARLY,ONTIME,ONTIME,,,,,,,,,06:30,07:11,,,HAN,HAN,SGN,Domestic,VJ,,,,,,,,,,,,
,2026-06-14,____/VJ905,A662,A320,HAN-KUL,,07:25,,07:25,04:15,07:18,07:20,07:25,,,EARLY,ONTIME,ONTIME,,,,,,,,,06:42,07:15,,,HAN,HAN,KUL,International,VJ,,,,,,,,,,,,
,2026-06-14,VJ502/VJ503,A639,A321,DAD-HAN-DAD,07:00,07:30,07:00,07:30,07:00,07:22,07:23,07:33,00:30,00:23,EARLY,ONTIME,ONTIME,ONTIME,,,,,,,,07:00,07:20,,,HAN,DAD,DAD,Domestic,VJ,,,,,,,,,,,,
,2026-06-14,VJ7239/VJ934,A554,A321,PVG-HAN-NRT,04:50,07:55,04:50,07:55,,07:54,07:55,08:00,03:05,,ONTIME,ONTIME,ONTIME,ONTIME,,,,,,,,07:05,07:52,,,HAN,PVG,NRT,International,VJ,,,,,,,,,,,,
,2026-06-14,____/VJ127,A673,A321,HAN-SGN,,08:10,,08:10,,08:08,08:09,08:13,,,EARLY,ONTIME,ONTIME,,,,,,,,,07:20,08:05,,,HAN,HAN,SGN,Domestic,VJ,,,,,,,,,,,,
,2026-06-14,VJ972/VJ929,A553,A321,DEL-HAN-CGK,05:40,08:40,05:40,08:40,05:30,08:39,08:40,08:45,03:00,03:10,ONTIME,ONTIME,ONTIME,ONTIME,,,,,,,,07:50,08:40,,,HAN,DEL,CGK,International,VJ,,,,,,,,,,,,
,2026-06-14,VJ124/VJ129,A666,A320,SGN-HAN-SGN,08:15,08:45,08:15,08:45,08:15,08:42,08:43,08:45,00:30,00:28,EARLY,ONTIME,ONTIME,ONTIME,,,,,,,,08:00,08:45,,,HAN,SGN,SGN,Domestic,VJ,,,,,,,,,,,,
,2026-06-14,VJ120/VJ447,A548,A321,SGN-HAN-PQC,07:10,08:45,07:10,08:45,07:00,08:48,08:50,08:55,01:35,01:50,DELAY,ONTIME,ONTIME,ONTIME,,99,00:05,,,,,07:45,08:40,,ARRANGE PAX,HAN,SGN,PQC,Domestic,VJ,,,,,,,,,,,,
,2026-06-14,____/VJ435,A687,A321,HAN-UIH,,08:50,,08:50,,08:44,08:45,08:52,,,EARLY,ONTIME,ONTIME,,,,,,,,,08:05,08:40,,,HAN,HAN,UIH,Domestic,VJ,,,,,,,,,,,,
,2026-06-14,VJ514/VJ563,A641,A321,DAD-HAN-HUI,08:50,09:20,08:50,09:20,09:10,09:29,09:30,09:34,00:30,00:20,DELAY,ONTIME,ONTIME,DELAY,,93,00:10,,,,,09:00,09:24,,,HAN,DAD,HUI,Domestic,VJ,,,,,,,,,,,,
,2026-06-14,____/VJ915,A537,A321,HAN-SIN,,09:35,,09:35,,09:30,09:31,09:32,,,EARLY,ONTIME,ONTIME,,,,,,,,,08:45,09:27,,,HAN,HAN,SIN,International,VJ,,,,,,,,,,,,
,2026-06-14,VJ122/VJ1773,A534,A321,SGN-HAN-CXR,09:05,10:00,09:05,10:00,09:15,09:51,09:52,09:59,00:55,00:37,EARLY,ONTIME,ONTIME,ONTIME,,,,,,,,09:15,09:46,,,HAN,SGN,CXR,Domestic,VJ,,,,,,,,,,,,
,2026-06-14,____/VJ463,A663,A320,HAN-VCA,,10:20,,10:20,,10:14,10:15,10:18,,,EARLY,ONTIME,ONTIME,,,,,,,,,09:30,10:10,,,HAN,HAN,VCA,Domestic,VJ,,,,,,,,,,,,
,2026-06-14,VJ532/VJ425,A539,A321,DAD-HAN-PXU,09:45,10:20,09:45,10:20,10:00,10:27,10:28,10:33,00:35,00:28,DELAY,ONTIME,ONTIME,ONTIME,,93,00:08,,,,,09:50,10:25,,,HAN,DAD,PXU,Domestic,VJ,,,,,,,,,,,,
,2026-06-14,VJ126/VJ131,A644,A321,SGN-HAN-SGN,09:40,10:20,09:40,10:20,09:40,10:14,10:15,10:20,00:40,00:35,EARLY,ONTIME,ONTIME,ONTIME,,,,,,,,09:40,10:11,,,HAN,SGN,SGN,Domestic,VJ,,,,,,,,,,,,
,2026-06-14,VJ1926/VJ997,A528,A321,AMD-HAN-DPS,05:55,10:25,05:55,10:25,06:30,10:24,10:25,10:27,04:30,03:55,ONTIME,ONTIME,ONTIME,DELAY,,,,,,,,09:40,10:22,,,HAN,AMD,DPS,International,VJ,,,,,,,,,,,,
,2026-06-14,VJ430/VJ437,A675,A320,UIH-HAN-UIH,09:50,10:25,09:50,10:25,09:55,10:21,10:23,10:24,00:35,00:28,EARLY,ONTIME,ONTIME,ONTIME,,,,,,,,09:50,10:20,,,HAN,UIH,UIH,Domestic,VJ,,,,,,,,,,,,
,2026-06-14,VJ770/VJ565,A658,A320,CXR-HAN-HUI,09:55,10:30,09:55,10:30,10:15,10:39,10:40,10:45,00:35,00:25,DELAY,ONTIME,ONTIME,DELAY,,93,00:10,,,,,10:10,10:37,,,HAN,CXR,HUI,Domestic,VJ,,,,,,,,,,,,
,2026-06-14,VJ492/VJ493,A643,A321,BMV-HAN-BMV,10:00,10:30,10:00,10:30,10:10,10:29,10:30,10:35,00:30,00:20,ONTIME,ONTIME,ONTIME,ONTIME,,,,,,,,10:00,10:28,,,HAN,BMV,BMV,Domestic,VJ,,,,,,,,,,,,
,2026-06-14,VJ448/VJ901,A670,A321,PQC-HAN-BKK,10:15,11:10,10:15,11:10,10:05,11:03,11:05,11:08,00:55,01:00,EARLY,ONTIME,ONTIME,ONTIME,,,,,,,,10:25,11:00,,,HAN,PQC,BKK,International,VJ,,,,,,,,,,,,
,2026-06-14,VJ524/VJ507,A639,A321,DAD-HAN-DAD,10:40,11:10,10:40,11:10,11:15,11:44,11:45,11:55,00:30,00:30,DELAY,DELAY,DELAY,DELAY,,93,00:35,,,,,11:10,11:42,,,HAN,DAD,DAD,Domestic,VJ,,,,,,,,,,,,
,2026-06-14,VJ130/VJ133,A653,A321,SGN-HAN-SGN,10:50,11:20,10:50,11:20,10:55,11:29,11:30,11:35,00:30,00:35,DELAY,ONTIME,ONTIME,ONTIME,,93,00:05,66,00:05,,,11:00,11:28,,CREW OB 1100,HAN,SGN,SGN,Domestic,VJ,,,,,,,,,,,,
,2026-06-14,VJ422/VJ451,A669,A320,PXU-HAN-PQC,10:50,11:45,10:50,11:45,11:00,11:34,11:35,11:40,00:55,00:35,EARLY,ONTIME,ONTIME,ONTIME,,,,,,,,10:55,11:31,,,HAN,PXU,PQC,Domestic,VJ,,,,,,,,,,,,
,2026-06-14,VJ1772/VJ1453,A550,A321,CXR-HAN-PQC,11:15,11:50,11:15,11:50,11:40,12:09,12:10,12:15,00:35,00:30,DELAY,DELAY,DELAY,DELAY,,93,00:20,,,,,11:40,12:07,,,HAN,CXR,PQC,Domestic,VJ,,,,,,,,,,,,
,2026-06-14,VJ981/VJ515,A667,A321,PUS-HAN-DAD,10:40,12:10,10:40,12:10,10:30,12:04,12:05,12:12,01:30,01:35,EARLY,ONTIME,ONTIME,ONTIME,,,,,,,,11:20,12:02,,,HAN,PUS,DAD,Domestic,VJ,,,,,,,,,,,,
,2026-06-14,VJ128/VJ137,A689,A320,SGN-HAN-SGN,11:50,12:20,11:50,12:20,12:15,12:44,12:45,12:50,00:30,00:30,DELAY,DELAY,DELAY,DELAY,,93,00:20,66,00:05,,,12:15,12:42,,CREW OB 1222,HAN,SGN,SGN,Domestic,VJ,,,,,,,,,,,,
,2026-06-14,VJ506/VJ505,A649,A321,DAD-HAN-DAD,12:15,12:50,12:15,12:50,12:20,12:49,12:50,12:58,00:35,00:30,ONTIME,ONTIME,ONTIME,ONTIME,,,,,,,,12:20,12:47,,,HAN,DAD,DAD,Domestic,VJ,,,,,,,,,,,,
,2026-06-14,VJ462/VJ453,A634,A321,VCA-HAN-PQC,11:40,13:00,11:40,13:00,11:45,12:59,13:00,13:04,01:20,01:15,ONTIME,ONTIME,ONTIME,ONTIME,,,,,,,,12:10,12:57,,,HAN,VCA,PQC,Domestic,VJ,,,,,,,,,,,,
,2026-06-14,VJ7705/VJ7705,A580,A321,VVO-HAN-CXR,12:45,13:15,12:45,13:15,12:30,13:05,13:06,13:10,00:30,00:36,EARLY,ONTIME,ONTIME,ONTIME,,,,,,,,,,X,,HAN,VVO,CXR,Domestic,VJ,,,,,,,,,,,,
,2026-06-14,VJ432/VJ433,A687,A321,UIH-HAN-UIH,12:35,13:20,12:35,13:20,12:55,13:19,13:20,13:24,00:45,00:25,ONTIME,ONTIME,ONTIME,DELAY,,,,,,,,12:50,13:16,,,HAN,UIH,UIH,Domestic,VJ,,,,,,,,,,,,
,2026-06-14,VJ198/VJ787,A543,A321,SGN-HAN-CXR,12:40,13:25,12:40,13:25,13:05,13:34,13:35,13:40,00:45,00:30,DELAY,ONTIME,ONTIME,DELAY,,93,00:10,,,,,12:55,13:30,,,HAN,SGN,CXR,Domestic,VJ,,,,,,,,,,,,
,2026-06-14,VJ939/VJ948,A575,A321,KIX-HAN-RMQ,12:20,13:30,12:20,13:30,12:30,13:29,13:30,13:35,01:10,01:00,ONTIME,ONTIME,ONTIME,ONTIME,,,,,,,,12:45,13:26,,,HAN,KIX,RMQ,International,VJ,,,,,,,,,,,,
,2026-06-14,VJ564/VJ525,A641,A321,HUI-HAN-DAD,12:20,14:05,12:20,14:05,12:50,14:02,14:03,14:07,01:45,01:13,EARLY,ONTIME,ONTIME,DELAY,,,,,,,,13:15,14:00,,,HAN,HUI,DAD,Domestic,VJ,,,,,,,,,,,,
,2026-06-14,VJ134/VJ143,A673,A321,SGN-HAN-SGN,13:30,14:05,13:30,14:05,13:30,14:09,14:10,14:20,00:35,00:40,DELAY,ONTIME,ONTIME,ONTIME,,66,00:05,,,,,13:38,14:05,,CREW OB 1340,HAN,SGN,SGN,Domestic,VJ,,,,,,,,,,,,
,2026-06-14,VJ566/VJ191,A658,A320,HUI-HAN-SGN,13:30,14:10,13:30,14:10,13:45,14:18,14:19,14:20,00:40,00:34,DELAY,ONTIME,ONTIME,ONTIME,,66,00:09,,,,,13:45,14:15,,CREW OB 1352,HAN,HUI,SGN,Domestic,VJ,,,,,,,,,,,,
,2026-06-14,VJ7661/VJ7661,A516,A321,KHV-HAN-DAD,13:45,14:15,13:45,14:15,13:30,13:59,14:00,14:08,00:30,00:30,EARLY,ONTIME,ONTIME,ONTIME,,,,,,,,,,X,,HAN,KHV,DAD,Domestic,VJ,,,,,,,,,,,,
,2026-06-14,VJ933/VJ942,A200,A321,NRT-HAN-TPE,13:05,14:25,13:05,14:25,13:35,14:29,14:30,14:40,01:20,00:55,DELAY,ONTIME,ONTIME,DELAY,,99,00:05,,,,,13:55,14:20,,VERIFY BAGGAGE,HAN,NRT,TPE,International,VJ,,,,,,,,,,,,
,2026-06-14,VJ440/VJ467,A548,A321,PQC-HAN-VCA,13:30,14:30,13:30,14:30,13:40,14:20,14:21,14:25,01:00,00:41,EARLY,ONTIME,ONTIME,ONTIME,,,,,,,,13:40,14:18,,,HAN,PQC,VCA,Domestic,VJ,,,,,,,,,,,,
,2026-06-14,VJ961/VJ946,A578,A321,ICN-HAN-KHH,13:35,14:35,13:35,14:35,13:15,14:28,14:30,14:32,01:00,01:15,EARLY,ONTIME,ONTIME,ONTIME,,,,,,,,13:50,14:25,,,HAN,ICN,KHH,International,VJ,,,,,,,,,,,,
,2026-06-14,VJ1504/VJ1505,A500,A321,DAD-HAN-DAD,14:00,14:35,14:00,14:50,14:35,15:04,15:05,15:12,00:50,00:30,DELAY,ONTIME,DELAY,DELAY,,93,00:30,,,,,14:30,15:00,,,HAN,DAD,DAD,Domestic,VJ,,,,,,,,,,,,
,2026-06-14,VJ921/VJ145,A521,A321,NGO-HAN-SGN,12:50,14:40,12:50,14:40,13:20,14:39,14:40,14:47,01:50,01:20,ONTIME,ONTIME,ONTIME,DELAY,,,,,,,,13:50,14:37,,,HAN,NGO,SGN,Domestic,VJ,,,,,,,,,,,,
,2026-06-14,VJ426/VJ441,A539,A321,PXU-HAN-PQC,14:05,14:40,14:05,14:40,14:10,14:44,14:45,14:55,00:35,00:35,DELAY,ONTIME,ONTIME,ONTIME,,66,00:05,,,,,14:10,14:41,,CREW OB 1417,HAN,PXU,PQC,Domestic,VJ,,,,,,,,,,,,
,2026-06-14,VJ510/VJ511,A635,A321,DAD-HAN-DAD,14:35,15:05,14:35,15:05,14:55,15:29,15:30,15:35,00:30,00:35,DELAY,DELAY,DELAY,DELAY,,93,00:20,87,00:05,,,14:55,15:28,,DL87  STUCK AT PBB,HAN,DAD,DAD,Domestic,VJ,,,,,,,,,,,,
,2026-06-14,VJ1981/VJ423,A655,A320,FSZ-HAN-PXU,14:00,15:05,14:00,15:05,14:00,14:59,15:00,15:04,01:05,01:00,EARLY,ONTIME,ONTIME,ONTIME,,,,,,,,14:15,14:56,,,HAN,FSZ,PXU,Domestic,VJ,,,,,,,,,,,,
,2026-06-14,VJ1774/VJ1451,A534,A321,CXR-HAN-PQC,14:20,15:05,14:20,15:05,14:30,15:04,15:05,15:15,00:45,00:35,ONTIME,ONTIME,ONTIME,ONTIME,,,,,,,,14:30,15:02,,,HAN,CXR,PQC,Domestic,VJ,,,,,,,,,,,,
,2026-06-14,VJ136/VJ419,A698,A321,SGN-HAN-TBB,14:25,15:10,14:25,15:10,14:40,15:18,15:19,15:23,00:45,00:39,DELAY,ONTIME,ONTIME,ONTIME,,66,00:09,,,,,14:45,15:16,,CREW OB 1453,HAN,SGN,TBB,Domestic,VJ,,,,,,,,,,,,
,2026-06-14,VJ436/VJ439,A675,A320,UIH-HAN-UIH,14:10,15:40,14:10,15:40,14:00,15:39,15:40,15:42,01:30,01:40,ONTIME,ONTIME,ONTIME,ONTIME,,,,,,,,14:50,15:35,,,HAN,UIH,UIH,Domestic,VJ,,,,,,,,,,,,
,2026-06-14,VJ138/VJ147,A532,A321,SGN-HAN-SGN,15:15,15:45,15:15,15:45,15:15,15:44,15:45,15:55,00:30,00:30,ONTIME,ONTIME,ONTIME,ONTIME,,,,,,,,15:15,15:40,,,HAN,SGN,SGN,Domestic,VJ,,,,,,,,,,,,
,2026-06-14,VJ906/VJ903,A662,A320,KUL-HAN-BKK,14:40,15:45,14:40,15:45,14:35,15:37,15:38,15:40,01:05,01:03,EARLY,ONTIME,ONTIME,ONTIME,,,,,,,,15:00,15:35,,,HAN,KUL,BKK,International,VJ,,,,,,,,,,,,
,2026-06-14,VJ464/VJ567,A663,A320,VCA-HAN-HUI,15:10,15:55,15:10,15:55,15:35,16:03,16:05,16:09,00:45,00:30,DELAY,ONTIME,ONTIME,DELAY,,93,00:05,66,00:05,,,15:35,16:00,,CREW OB 1544,HAN,VCA,HUI,Domestic,VJ,,,,,,,,,,,,
,2026-06-14,VJ508/VJ773,A667,A321,DAD-HAN-CXR,15:25,16:00,15:25,16:00,15:45,16:13,16:14,16:15,00:35,00:29,DELAY,ONTIME,ONTIME,DELAY,,93,00:14,,,,,15:35,16:10,,,HAN,DAD,CXR,Domestic,VJ,,,,,,,,,,,,
,2026-06-14,VJ140/VJ151,A653,A321,SGN-HAN-SGN,16:20,16:50,16:20,17:15,17:00,17:29,17:30,17:48,00:55,00:30,DELAY,ONTIME,DELAY,DELAY,,93,00:15,,,,,16:46,17:28,,,HAN,SGN,SGN,Domestic,VJ,,,,,,,,,,,,
,2026-06-14,VJ494/VJ193,A643,A321,BMV-HAN-SGN,14:30,16:50,14:30,16:50,14:45,16:49,16:50,16:55,02:20,02:05,ONTIME,ONTIME,ONTIME,ONTIME,,,,,,,,16:00,16:48,,,HAN,BMV,SGN,Domestic,VJ,,,,,,,,,,,,
,2026-06-14,VJ902/VJ465,A670,A321,BKK-HAN-VCA,15:50,17:00,15:50,17:00,16:00,17:08,17:09,17:12,01:10,01:09,DELAY,ONTIME,ONTIME,ONTIME,,95,00:09,,,,,16:45,17:05,,CREW VJ452 OB 1652,HAN,BKK,VCA,Domestic,VJ,,,,,,,,,,,,
,2026-06-14,VJ953/VJ495,A656,A320,HIJ-HAN-BMV,16:10,17:30,16:10,17:30,16:15,17:25,17:26,17:28,01:20,01:11,EARLY,ONTIME,ONTIME,ONTIME,,,,,,,,16:45,17:23,,,HAN,HIJ,BMV,Domestic,VJ,,,,,,,,,,,,
,2026-06-14,VJ142/VJ141,A811,A330,SGN-HAN-SGN,15:30,17:35,15:30,18:05,17:07,17:59,18:00,18:05,02:35,00:53,EARLY,ONTIME,DELAY,DELAY,,,,,,,,17:00,17:57,,,HAN,SGN,SGN,Domestic,VJ,,,,,,,,,,,,
,2026-06-14,VJ1454/VJ517,A550,A321,PQC-HAN-DAD,16:35,17:45,16:35,17:45,17:00,17:44,17:45,17:54,01:10,00:45,ONTIME,ONTIME,ONTIME,DELAY,,,,,,,,17:15,17:42,,,HAN,PQC,DAD,Domestic,VJ,,,,,,,,,,,,
,2026-06-14,VJ454/VJ1431,A669,A320,PQC-HAN-UIH,16:45,17:55,16:45,17:55,16:48,17:52,17:54,17:56,01:10,01:06,EARLY,ONTIME,ONTIME,ONTIME,,,,,,,,17:00,17:50,,,HAN,PQC,UIH,Domestic,VJ,,,,,,,,,,,,
,2026-06-14,VJ528/VJ153,A641,A321,DAD-HAN-SGN,17:25,18:05,17:25,18:05,17:45,18:14,18:15,18:20,00:40,00:30,DELAY,ONTIME,ONTIME,DELAY,,93,00:10,,,,,17:35,18:10,,,HAN,DAD,SGN,Domestic,VJ,,,,,,,,,,,,
,2026-06-14,VJ434/VJ781,A687,A321,UIH-HAN-CXR,17:10,18:15,17:10,18:15,17:07,18:10,18:12,18:13,01:05,01:05,EARLY,ONTIME,ONTIME,ONTIME,,,,,,,,17:15,18:08,,,HAN,UIH,CXR,Domestic,VJ,,,,,,,,,,,,
,2026-06-14,VJ512/VJ521,A649,A321,DAD-HAN-DAD,18:15,18:45,18:15,18:45,18:35,19:04,19:05,19:10,00:30,00:30,DELAY,DELAY,DELAY,DELAY,,93,00:20,,,,,18:35,19:00,,,HAN,DAD,DAD,Domestic,VJ,,,,,,,,,,,,
,2026-06-14,VJ456/VJ789,A634,A321,PQC-HAN-CXR,17:45,18:45,17:45,18:45,18:10,18:43,18:45,18:48,01:00,00:35,ONTIME,ONTIME,ONTIME,DELAY,,,,,,,,18:00,18:42,,,HAN,PQC,CXR,Domestic,VJ,,,,,,,,,,,,
,2026-06-14,VJ148/VJ155,A689,A320,SGN-HAN-SGN,18:25,18:55,18:25,18:55,18:15,18:53,18:54,19:00,00:30,00:39,EARLY,ONTIME,ONTIME,ONTIME,,,,,,,,18:10,18:50,,,HAN,SGN,SGN,Domestic,VJ,,,,,,,,,,,,
,2026-06-14,VJ424/VJ561,A655,A320,PXU-HAN-HUI,18:45,19:15,18:45,19:15,18:50,19:14,19:15,19:29,00:30,00:25,ONTIME,ONTIME,ONTIME,ONTIME,,,,,,,,18:35,19:12,,LATE PUSHBACK DUE TO ATC,HAN,PXU,HUI,Domestic,VJ,,,,,,,,,,,,
,2026-06-14,VJ774/VJ519,A543,A321,CXR-HAN-DAD,17:40,19:25,17:40,19:25,18:28,19:19,19:20,19:23,01:45,00:52,EARLY,ONTIME,ONTIME,DELAY,,,,,,,,18:30,19:16,,,HAN,CXR,DAD,Domestic,VJ,,,,,,,,,,,,
,2026-06-14,VJ568/VJ157,A663,A320,HUI-HAN-SGN,18:55,19:30,18:55,20:00,19:30,19:51,19:52,19:58,01:05,00:22,EARLY,ONTIME,DELAY,DELAY,,,,,,,,19:10,19:50,,,HAN,HUI,SGN,Domestic,VJ,,,,,,,,,,,,
,2026-06-14,VJ452/VJ1127,A674,A321,PQC-HAN-SGN,16:05,19:35,16:05,19:35,16:35,19:34,19:35,19:40,03:30,03:00,ONTIME,ONTIME,ONTIME,DELAY,,,,,,,,18:40,19:30,,,HAN,PQC,SGN,Domestic,VJ,,,,,,,,,,,,
,2026-06-14,VJ146/VJ523,A673,A321,SGN-HAN-DAD,19:00,19:45,19:00,20:00,19:30,19:59,20:00,20:10,01:00,00:30,ONTIME,ONTIME,DELAY,DELAY,,,,,,,,19:25,19:58,,,HAN,SGN,DAD,Domestic,VJ,,,,,,,,,,,,
,2026-06-14,VJ916/VJ1925,A537,A321,SIN-HAN-AMD,17:25,19:45,17:25,19:45,17:32,19:44,19:45,19:48,02:20,02:13,ONTIME,ONTIME,ONTIME,ONTIME,,,,,,,,19:00,19:40,,,HAN,SIN,AMD,International,VJ,,,,,,,,,,,,
,2026-06-14,VJ7614/VJ7614,A580,A321,CXR-HAN-BQS,19:15,20:00,19:15,20:00,19:15,19:49,19:50,19:52,00:45,00:35,EARLY,ONTIME,ONTIME,ONTIME,,,,,,,,,,X,,HAN,CXR,BQS,International,VJ,,,,,,,,,,,,
,2026-06-14,VJ438/VJ1785,A675,A320,UIH-HAN-CXR,19:25,20:00,19:25,20:00,19:40,20:04,20:05,20:15,00:35,00:25,DELAY,ONTIME,ONTIME,ONTIME,,93,00:05,,,,,19:35,20:03,,,HAN,UIH,CXR,Domestic,VJ,,,,,,,,,,,,
,2026-06-14,VJ928/VJ455,A553,A321,CGK-HAN-PQC,18:15,20:05,18:15,20:05,18:47,19:59,20:00,20:04,01:50,01:13,EARLY,ONTIME,ONTIME,DELAY,,,,,,,,19:10,19:57,,,HAN,CGK,PQC,Domestic,VJ,,,,,,,,,,,,
,2026-06-14,VJ152/VJ159,A699,A320,SGN-HAN-SGN,19:20,20:10,19:20,20:10,20:00,20:24,20:25,20:35,00:50,00:25,DELAY,ONTIME,DELAY,DELAY,,93,00:15,,,,,19:40,20:23,,,HAN,SGN,SGN,Domestic,VJ,,,,,,,,,,,,
,2026-06-14,VJ420/VJ783,A698,A321,TBB-HAN-CXR,19:15,20:25,19:15,20:25,19:22,20:19,20:20,20:26,01:10,00:58,EARLY,ONTIME,ONTIME,ONTIME,,,,,,,,19:30,20:17,,,HAN,TBB,CXR,Domestic,VJ,,,,,,,,,,,,
,2026-06-14,VJ530/VJ161,A668,A320,DAD-HAN-SGN,16:15,20:55,16:15,20:55,16:25,20:54,20:55,21:05,04:40,04:30,ONTIME,ONTIME,ONTIME,ONTIME,,,,,,,,20:10,20:50,,,HAN,DAD,SGN,Domestic,VJ,,,,,,,,,,,,
,2026-06-14,VJ154/VJ163,A522,A321,SGN-HAN-SGN,20:55,21:25,20:55,21:25,21:28,21:53,21:54,21:55,00:30,00:26,DELAY,DELAY,DELAY,DELAY,,93,00:29,,,,,21:20,21:52,,,HAN,SGN,SGN,Domestic,VJ,,,,,,,,,,,,
,2026-06-14,VJ188/VJ527,A658,A320,SGN-HAN-DAD,19:05,21:40,19:05,21:40,19:50,22:02,22:03,22:08,02:35,02:13,DELAY,DELAY,DELAY,DELAY,,95,00:23,,,,,21:30,22:00,,WAIT CPT & FO FROM VJ520 OB 2143,HAN,SGN,DAD,Domestic,VJ,,,,,,,,,,,,
,2026-06-14,VJ935/VJ7526,A554,A321,NRT-HAN-CAN,20:05,22:30,20:05,22:30,20:29,22:24,22:25,22:27,02:25,01:56,EARLY,ONTIME,ONTIME,DELAY,,,,,,,,21:50,22:22,,,HAN,NRT,CAN,International,VJ,,,,,,,,,,,,
,2026-06-14,VJ496/VJ529,A656,A320,BMV-HAN-DAD,21:30,22:35,21:30,22:35,21:40,22:18,22:19,22:22,01:05,00:39,EARLY,ONTIME,ONTIME,ONTIME,,,,,,,,21:55,22:15,,,HAN,BMV,DAD,Domestic,VJ,,,,,,,,,,,,
,2026-06-14,VJ520/VJ167,A816,A330,DAD-HAN-SGN,20:55,22:45,20:55,22:45,21:33,22:54,22:55,23:00,01:50,01:22,DELAY,ONTIME,ONTIME,DELAY,,95,00:10,,,,,21:59,22:40,,CREW FROM VJ194 OB 2252,HAN,DAD,SGN,Domestic,VJ,,,,,,,,,,,,
,2026-06-14,VJ1432/VJ533,A669,A320,UIH-HAN-DAD,21:40,23:05,21:40,23:05,21:35,22:59,23:00,23:03,01:25,01:25,EARLY,ONTIME,ONTIME,ONTIME,,,,,,,,22:25,22:58,,,HAN,UIH,DAD,Domestic,VJ,,,,,,,,,,,,
,2026-06-14,VJ776/VJ962,A667,A321,CXR-HAN-ICN,20:10,23:15,20:10,23:15,21:15,23:21,23:22,23:27,03:05,02:07,DELAY,ONTIME,ONTIME,DELAY,,99,00:07,,,,,22:20,23:07,,DL99-DUE TO CLEANING OF LAVATORY AFTER PAX VOMITED,HAN,CXR,ICN,International,VJ,,,,,,,,,,,,
,2026-06-14,VJ150/VJ169,A630,A321,SGN-HAN-SGN,22:30,23:25,22:30,23:25,22:41,23:16,23:18,23:21,00:55,00:37,EARLY,ONTIME,ONTIME,ONTIME,,,,,,,,22:35,23:13,,,HAN,SGN,SGN,Domestic,VJ,,,,,,,,,,,,
,2026-06-15,____/VJ932,A200,A321,HAN-NRT,,00:30,,00:30,,00:29,00:30,00:31,,,ONTIME,ONTIME,ONTIME,,,,,,,,,23:30,00:23,,,HAN,HAN,NRT,International,VJ,,,,,,,,,,,,
,2026-06-15,____/VJ982,A670,A321,HAN-PUS,,01:05,,01:05,,01:04,01:05,01:13,,,ONTIME,ONTIME,ONTIME,,,,,,,,,00:30,01:02,,,HAN,HAN,PUS,International,VJ,,,,,,,,,,,,
,2026-06-15,____/VJ938,A543,A321,HAN-KIX,,01:20,,01:20,,01:19,01:20,01:26,,,ONTIME,ONTIME,ONTIME,,,,,,,,,00:30,01:16,,,HAN,HAN,KIX,International,VJ,,,,,,,,,,,,
,2026-06-15,____/VJ960,A528,A321,HAN-ICN,,01:40,,01:40,,01:39,01:40,01:42,,,ONTIME,ONTIME,ONTIME,,,,,,,,,00:55,01:37,,,HAN,HAN,ICN,International,VJ,,,,,,,,,,,,
,2026-06-15,____/VJ920,A548,A321,HAN-NGO,,01:40,,01:40,,01:32,01:34,01:35,,,EARLY,ONTIME,ONTIME,,,,,,,,,00:50,01:25,,,HAN,HAN,NGO,International,VJ,,,,,,,,,,,,
,2026-06-15,____/VJ123,A649,A321,HAN-SGN,,05:30,,05:30,,05:24,05:25,05:33,,,EARLY,ONTIME,ONTIME,,,,,,,,,04:40,05:23,,,HAN,HAN,SGN,Domestic,VJ,,,,,,,,,,,,
,2026-06-15,____/VJ445,A575,A321,HAN-PQC,,05:30,,05:30,,05:29,05:30,05:38,,,ONTIME,ONTIME,ONTIME,,,,,,,,,04:40,05:28,,,HAN,HAN,PQC,Domestic,VJ,,,,,,,,,,,,
,2026-06-15,____/VJ501,A687,A321,HAN-DAD,,05:40,,05:40,,05:39,05:40,05:45,,,ONTIME,ONTIME,ONTIME,,,,,,,,,05:07,05:38,,,HAN,HAN,DAD,Domestic,VJ,,,,,,,,,,,,
,2026-06-15,____/VJ121,A534,A321,HAN-SGN,,06:00,,06:00,,05:59,06:00,06:10,,,ONTIME,ONTIME,ONTIME,,,,,,,,,05:10,05:55,,,HAN,HAN,SGN,Domestic,VJ,,,,,,,,,,,,
,2026-06-15,____/VJ771,A675,A320,HAN-CXR,,06:00,,06:00,,05:59,06:00,06:08,,,ONTIME,ONTIME,ONTIME,,,,,,,,,05:20,05:58,,,HAN,HAN,CXR,Domestic,VJ,,,,,,,,,,,,
,2026-06-15,____/VJ491,A662,A320,HAN-BMV,,06:00,,06:00,,05:59,06:00,06:01,,,ONTIME,ONTIME,ONTIME,,,,,,,,,05:07,05:58,,,HAN,HAN,BMV,Domestic,VJ,,,,,,,,,,,,
,2026-06-15,____/VJ431,A669,A320,HAN-UIH,,06:05,,06:05,,05:59,06:00,06:10,,,EARLY,ONTIME,ONTIME,,,,,,,,,05:20,05:58,,,HAN,HAN,UIH,Domestic,VJ,,,,,,,,,,,,
,2026-06-15,____/VJ531,A554,A321,HAN-DAD,,06:30,,06:30,,06:29,06:30,06:40,,,ONTIME,ONTIME,ONTIME,,,,,,,,,05:40,06:28,,,HAN,HAN,DAD,Domestic,VJ,,,,,,,,,,,,
,2026-06-15,____/VJ449,A698,A321,HAN-PQC,,06:30,,06:30,,06:29,06:30,06:35,,,ONTIME,ONTIME,ONTIME,,,,,,,,,05:40,06:27,,,HAN,HAN,PQC,Domestic,VJ,,,,,,,,,,,,
,2026-06-15,____/VJ461,A673,A321,HAN-VCA,,06:45,,06:45,,06:54,06:55,07:00,,,DELAY,ONTIME,ONTIME,,,15A,00:05,99,00:05,,,06:01,06:53,,"LATE 20PAX10BAG, OFLD 07PAX02BAG",HAN,HAN,VCA,Domestic,VJ,,,,,,,,,,,,
,2026-06-15,____/VJ1771,A634,A321,HAN-CXR,,07:00,,07:00,,06:59,07:00,07:08,,,ONTIME,ONTIME,ONTIME,,,,,,,,,06:10,06:53,,,HAN,HAN,CXR,Domestic,VJ,,,,,,,,,,,,
,2026-06-15,____/VJ125,A539,A321,HAN-SGN,,07:00,,07:00,,06:54,06:55,07:00,,,EARLY,ONTIME,ONTIME,,,,,,,,,06:20,06:53,,,HAN,HAN,SGN,Domestic,VJ,,,,,,,,,,,,
,2026-06-15,____/VJ421,A663,A320,HAN-PXU,,07:10,,07:10,,07:09,07:10,07:18,,,ONTIME,ONTIME,ONTIME,,,,,,,,,06:07,07:08,,,HAN,HAN,PXU,Domestic,VJ,,,,,,,,,,,,
,2026-06-15,____/VJ197,A537,A321,HAN-SGN,,07:20,,07:20,,07:14,07:15,07:25,,,EARLY,ONTIME,ONTIME,,,,,,,,,06:39,07:10,,,HAN,HAN,SGN,Domestic,VJ,,,,,,,,,,,,
,2026-06-15,____/VJ905,A655,A320,HAN-KUL,,07:25,,07:25,,07:17,07:18,07:25,,,EARLY,ONTIME,ONTIME,,,,,,,,,06:35,07:14,,,HAN,HAN,KUL,International,VJ,,,,,,,,,,,,
,2026-06-15,VJ502/VJ503,A635,A321,DAD-HAN-DAD,07:00,07:30,07:00,07:30,07:00,07:29,07:30,07:35,00:30,00:30,ONTIME,ONTIME,ONTIME,ONTIME,,,,,,,,06:58,07:27,,,HAN,DAD,DAD,Domestic,VJ,,,,,,,,,,,,
,2026-06-15,____/VJ934,A523,A321,HAN-NRT,,07:55,,07:55,,07:41,07:42,07:45,,,EARLY,ONTIME,ONTIME,,,,,,,,,06:55,07:35,,,HAN,HAN,NRT,International,VJ,,,,,,,,,,,,
,2026-06-15,VJ120/VJ127,A524,A321,SGN-HAN-SGN,07:10,08:10,07:10,08:10,06:57,08:01,08:02,08:11,01:00,01:05,EARLY,ONTIME,ONTIME,ONTIME,,,,,,,,07:15,07:58,,,HAN,SGN,SGN,Domestic,VJ,,,,,,,,,,,,
,2026-06-15,VJ124/VJ129,A689,A320,SGN-HAN-SGN,08:15,08:45,08:15,08:45,08:10,08:41,08:42,08:47,00:30,00:32,EARLY,ONTIME,ONTIME,ONTIME,,,,,,,,08:10,08:40,,,HAN,SGN,SGN,Domestic,VJ,,,,,,,,,,,,
,2026-06-15,____/VJ447,A578,A321,HAN-PQC,,08:45,,08:45,,08:49,08:50,08:58,,,DELAY,ONTIME,ONTIME,,,,,15,00:05,,,08:00,08:48,,LONG BOARDING,HAN,HAN,PQC,Domestic,VJ,,,,,,,,,,,,
,2026-06-15,VJ7615/VJ7615,A580,A321,BQS-HAN-CXR,08:20,08:50,08:20,08:50,07:45,08:20,08:21,08:50,00:30,00:36,EARLY,ONTIME,ONTIME,ONTIME,,,,,,,,,,X,,HAN,BQS,CXR,Domestic,VJ,,,,,,,,,,,,
,2026-06-15,VJ504/VJ435,A658,A320,DAD-HAN-UIH,08:20,08:50,08:20,08:50,08:30,08:54,08:55,08:59,00:30,00:25,DELAY,ONTIME,ONTIME,ONTIME,,93,00:05,,,,,08:30,00:52,,,HAN,DAD,UIH,Domestic,VJ,,,,,,,,,,,,
,2026-06-15,____/VJ505,A651,A321,HAN-DAD,,09:05,,09:05,,09:03,09:05,09:09,,,ONTIME,ONTIME,ONTIME,,,,,,,,,08:25,09:00,,,HAN,HAN,DAD,Domestic,VJ,,,,,,,,,,,,
,2026-06-15,VJ514/VJ563,A687,A321,DAD-HAN-HUI,08:50,09:25,08:50,09:25,09:00,09:21,09:22,09:25,00:35,00:22,EARLY,ONTIME,ONTIME,ONTIME,,,,,,,,08:55,09:18,,,HAN,DAD,HUI,Domestic,VJ,,,,,,,,,,,,
,2026-06-15,____/VJ915,A674,A321,HAN-SIN,,09:35,,09:35,,09:32,09:33,09:40,,,EARLY,ONTIME,ONTIME,,,,,,,,,08:50,09:30,,,HAN,HAN,SIN,International,VJ,,,,,,,,,,,,
,2026-06-15,____/VJ1773,A643,A321,HAN-CXR,,10:00,,10:00,,09:59,10:00,10:05,,,ONTIME,ONTIME,ONTIME,,,,,,,,,09:10,09:58,,,HAN,HAN,CXR,Domestic,VJ,,,,,,,,,,,,
,2026-06-15,VJ126/VJ131,A529,A321,SGN-HAN-SGN,09:40,10:10,09:40,10:10,09:35,10:09,10:10,10:15,00:30,00:35,ONTIME,ONTIME,ONTIME,ONTIME,,,,,,,,09:35,10:07,,,HAN,SGN,SGN,Domestic,VJ,,,,,,,,,,,,
,2026-06-15,VJ430/VJ463,A669,A320,UIH-HAN-VCA,09:50,10:20,09:50,10:20,10:00,10:22,10:24,10:27,00:30,00:24,DELAY,ONTIME,ONTIME,ONTIME,,93,00:04,,,,,09:45,10:20,,,HAN,UIH,VCA,Domestic,VJ,,,,,,,,,,,,
,2026-06-15,VJ532/VJ425,A554,A321,DAD-HAN-PXU,09:45,10:20,09:45,10:20,10:10,10:32,10:33,10:35,00:35,00:23,DELAY,ONTIME,ONTIME,DELAY,,93,00:13,,,,,10:05,10:30,,,HAN,DAD,PXU,Domestic,VJ,,,,,,,,,,,,
,2026-06-15,____/VJ493,A554,A321,HAN-BMV,,10:30,,10:30,,10:24,10:25,10:27,,,EARLY,ONTIME,ONTIME,,,,,,,,,09:45,10:22,,,HAN,HAN,BMV,Domestic,VJ,,,,,,,,,,,,
,2026-06-15,VJ770/VJ437,A675,A320,CXR-HAN-UIH,10:10,10:40,10:10,10:40,10:30,10:48,10:50,10:53,00:30,00:20,DELAY,ONTIME,ONTIME,DELAY,,93,00:10,,,,,10:25,10:47,,,HAN,CXR,UIH,Domestic,VJ,,,,,,,,,,,,
,2026-06-15,VJ963/VJ901,A667,A321,ICN-HAN-BKK,08:55,11:10,08:55,11:10,09:15,10:59,11:00,11:05,02:15,01:45,EARLY,ONTIME,ONTIME,DELAY,,,,,,,,10:15,10:57,,,HAN,ICN,BKK,International,VJ,,,,,,,,,,,,
,2026-06-15,VJ524/VJ507,A635,A321,DAD-HAN-DAD,10:40,11:10,10:40,11:10,11:10,11:44,11:45,11:50,00:30,00:35,DELAY,DELAY,DELAY,DELAY,,93,00:35,,,,,11:10,11:43,,,HAN,DAD,DAD,Domestic,VJ,,,,,,,,,,,,
,2026-06-15,VJ130/VJ133,A649,A321,SGN-HAN-SGN,10:50,11:25,10:50,11:25,10:55,11:29,11:30,11:32,00:35,00:35,DELAY,ONTIME,ONTIME,ONTIME,,87,00:05,,,,,10:55,11:27,,STUCK PBB,HAN,SGN,SGN,Domestic,VJ,,,,,,,,,,,,
,2026-06-15,VJ492/VJ565,A662,A320,BMV-HAN-HUI,10:00,11:30,10:00,11:30,10:00,11:27,11:28,11:34,01:30,01:28,EARLY,ONTIME,ONTIME,ONTIME,,,,,,,,10:45,11:25,,,HAN,BMV,HUI,Domestic,VJ,,,,,,,,,,,,
,2026-06-15,____/VJ775,A699,A320,HAN-CXR,,11:45,,11:45,,11:43,11:45,11:55,,,ONTIME,ONTIME,ONTIME,,,,,,,,,11:00,11:42,,,HAN,HAN,CXR,Domestic,VJ,,,,,,,,,,,,
,2026-06-15,VJ422/VJ451,A663,A320,PXU-HAN-PQC,10:50,11:45,10:50,11:45,10:40,11:44,11:45,11:50,00:55,01:05,ONTIME,ONTIME,ONTIME,ONTIME,,,,,,,,11:06,11:42,,,HAN,PXU,PQC,Domestic,VJ,,,,,,,,,,,,
,2026-06-15,VJ1772/VJ1453,A634,A321,CXR-HAN-PQC,11:15,11:50,11:15,11:50,11:27,11:52,11:53,12:03,00:35,00:26,DELAY,ONTIME,ONTIME,ONTIME,,93,00:03,,,,,11:25,11:51,,,HAN,CXR,PQC,Domestic,VJ,,,,,,,,,,,,
,2026-06-15,VJ462/VJ515,A673,A321,VCA-HAN-DAD,11:40,12:15,11:40,12:15,12:00,12:34,12:35,12:50,00:35,00:35,DELAY,DELAY,DELAY,DELAY,,93,00:15,87,00:05,,,12:00,12:32,,RAMP CONGESTION,HAN,VCA,DAD,Domestic,VJ,,,,,,,,,,,,
,2026-06-15,VJ122/VJ137,A676,A320,SGN-HAN-SGN,09:05,12:20,09:05,12:20,09:05,12:19,12:20,12:34,03:15,03:15,ONTIME,ONTIME,ONTIME,ONTIME,,,,,,,,11:45,12:17,,,HAN,SGN,SGN,Domestic,VJ,,,,,,,,,,,,
,2026-06-15,VJ448/VJ453,A575,A321,PQC-HAN-PQC,10:15,13:00,10:15,13:00,10:10,12:57,12:58,13:10,02:45,02:48,EARLY,ONTIME,ONTIME,ONTIME,,,,,,,,12:05,12:55,,,HAN,PQC,PQC,Domestic,VJ,,,,,,,,,,,,
,2026-06-15,VJ432/VJ509,A658,A320,UIH-HAN-DAD,12:35,13:05,12:35,13:05,12:45,13:09,13:10,13:13,00:30,00:25,DELAY,ONTIME,ONTIME,ONTIME,,93,00:05,,,,,12:35,13:07,,,HAN,UIH,DAD,Domestic,VJ,,,,,,,,,,,,
,2026-06-15,VJ564/VJ787,A687,A321,HUI-HAN-CXR,12:25,13:10,12:25,13:10,12:35,13:07,13:08,13:12,00:45,00:33,EARLY,ONTIME,ONTIME,ONTIME,,,,,,,,12:20,13:05,,,HAN,HUI,CXR,Domestic,VJ,,,,,,,,,,,,
,2026-06-15,VJ198/VJ433,A537,A321,SGN-HAN-UIH,12:40,13:20,12:40,13:20,12:45,13:19,13:20,13:27,00:40,00:35,ONTIME,ONTIME,ONTIME,ONTIME,,,,,,,,12:45,13:18,,,HAN,SGN,UIH,Domestic,VJ,,,,,,,,,,,,
,2026-06-15,VJ981/VJ948,A670,A321,PUS-HAN-RMQ,10:40,13:30,10:40,13:30,10:30,13:28,13:29,13:31,02:50,02:59,EARLY,ONTIME,ONTIME,ONTIME,,,,,,,,12:55,13:26,,,HAN,PUS,RMQ,International,VJ,,,,,,,,,,,,
,2026-06-15,VJ506/VJ191,A516,A321,DAD-HAN-SGN,12:15,13:40,12:15,13:40,12:45,13:39,13:40,13:43,01:25,00:55,ONTIME,ONTIME,ONTIME,DELAY,,,,,,,,13:00,13:37,,,HAN,DAD,SGN,Domestic,VJ,,,,,,,,,,,,
,2026-06-15,VJ440/VJ441,A578,A321,PQC-HAN-PQC,13:30,14:00,13:30,14:00,13:55,14:22,14:23,14:25,00:30,00:28,DELAY,DELAY,DELAY,DELAY,,93,00:23,,,,,13:52,14:20,,,HAN,PQC,PQC,Domestic,VJ,,,,,,,,,,,,
,2026-06-15,VJ128/VJ143,A539,A321,SGN-HAN-SGN,11:50,14:05,11:50,14:05,12:00,14:02,14:03,14:07,02:15,02:03,EARLY,ONTIME,ONTIME,ONTIME,,,,,,,,13:12,14:00,,,HAN,SGN,SGN,Domestic,VJ,,,,,,,,,,,,
,2026-06-15,VJ450/VJ525,A698,A321,PQC-HAN-DAD,11:15,14:05,11:15,14:05,11:25,14:04,14:05,14:10,02:50,02:40,ONTIME,ONTIME,ONTIME,ONTIME,,,,,,,,13:15,14:02,,,HAN,PQC,DAD,Domestic,VJ,,,,,,,,,,,,
,2026-06-15,VJ939/VJ942,A543,A321,KIX-HAN-TPE,12:20,14:25,12:20,14:25,12:30,14:24,14:25,14:34,02:05,01:55,ONTIME,ONTIME,ONTIME,ONTIME,,,,,,,,12:40,14:22,,,HAN,KIX,TPE,International,VJ,,,,,,,,,,,,
,2026-06-15,VJ933/VJ467,A200,A321,NRT-HAN-VCA,13:05,14:30,13:05,14:30,13:25,14:28,14:30,14:30,01:25,01:05,ONTIME,ONTIME,ONTIME,DELAY,,,,,,,,13:55,14:26,,,HAN,NRT,VCA,Domestic,VJ,,,,,,,,,,,,
,2026-06-15,VJ1504/VJ1505,A636,A321,DAD-HAN-DAD,14:00,14:35,14:00,14:35,14:25,14:53,14:55,15:05,00:35,00:30,DELAY,DELAY,DELAY,DELAY,,93,00:20,,,,,14:11,14:52,,,HAN,DAD,DAD,Domestic,VJ,,,,,,,,,,,,
,2026-06-15,VJ921/VJ946,A548,A321,NGO-HAN-KHH,12:50,14:35,12:50,14:35,13:25,14:28,14:30,14:39,01:45,01:05,EARLY,ONTIME,ONTIME,DELAY,,,,,,,,13:55,14:26,,,HAN,NGO,KHH,International,VJ,,,,,,,,,,,,
,2026-06-15,VJ134/VJ145,A524,A321,SGN-HAN-SGN,13:30,14:40,13:30,14:40,13:45,14:39,14:40,14:45,01:10,00:55,ONTIME,ONTIME,ONTIME,ONTIME,,,,,,,,14:00,14:37,,,HAN,SGN,SGN,Domestic,VJ,,,,,,,,,,,,
,2026-06-15,VJ566/VJ439,A662,A320,HUI-HAN-UIH,14:30,15:40,14:30,15:40,14:40,15:37,15:39,15:43,01:10,00:59,EARLY,ONTIME,ONTIME,ONTIME,,,,,,,,14:58,15:35,,,HAN,HUI,UIH,Domestic,VJ,,,,,,,,,,,,
,2026-06-15,VJ136/VJ1451,A534,A321,SGN-HAN-PQC,14:10,15:05,14:10,15:05,15:05,15:33,15:35,15:35,00:55,00:30,DELAY,DELAY,DELAY,DELAY,,93,00:30,,,,,15:05,15:29,,,HAN,SGN,PQC,Domestic,VJ,,,,,,,,,,,,
,2026-06-15,VJ1774/VJ511,A643,A321,CXR-HAN-DAD,14:20,15:05,14:20,15:05,14:35,15:09,15:10,15:20,00:45,00:35,DELAY,ONTIME,ONTIME,ONTIME,,87,00:05,,,,,14:35,15:06,,STUCK PBB,HAN,CXR,DAD,Domestic,VJ,,,,,,,,,,,,
,2026-06-15,VJ426/VJ419,A554,A321,PXU-HAN-TBB,14:05,15:10,14:05,15:10,14:00,15:08,15:10,15:19,01:05,01:10,ONTIME,ONTIME,ONTIME,ONTIME,,,,,,,,14:25,15:05,,,HAN,PXU,TBB,Domestic,VJ,,,,,,,,,,,,
,2026-06-15,VJ464/VJ567,A669,A320,VCA-HAN-HUI,15:10,15:55,15:10,15:55,15:45,16:14,16:15,16:30,00:45,00:30,DELAY,DELAY,DELAY,DELAY,,93,00:15,66,00:05,,,15:35,16:12,,CREW OB 1550,HAN,VCA,HUI,Domestic,VJ,,,,,,,,,,,,
,2026-06-15,VJ961/VJ147,A528,A321,ICN-HAN-SGN,13:35,15:45,13:35,15:45,13:25,15:44,15:45,15:50,02:10,02:20,ONTIME,ONTIME,ONTIME,ONTIME,,,,,,,,14:55,15:45,,,HAN,ICN,SGN,Domestic,VJ,,,,,,,,,,,,
,2026-06-15,VJ906/VJ903,A655,A320,KUL-HAN-BKK,14:40,15:45,14:40,15:45,15:00,15:38,15:40,15:48,01:05,00:40,EARLY,ONTIME,ONTIME,DELAY,,,,,,,,15:20,15:36,,,HAN,KUL,BKK,International,VJ,,,,,,,,,,,,
,2026-06-15,VJ436/VJ423,A675,A320,UIH-HAN-PXU,14:25,15:05,14:25,15:05,14:55,15:19,15:20,15:20,00:40,00:25,DELAY,ONTIME,ONTIME,DELAY,,93,00:15,,,,,14:55,15:17,,,HAN,UIH,PXU,Domestic,VJ,,,,,,,,,,,,
,2026-06-15,VJ494/VJ773,A554,A321,BMV-HAN-CXR,14:30,16:00,14:30,16:00,14:20,15:58,15:59,16:10,01:30,01:39,EARLY,ONTIME,ONTIME,ONTIME,,,,,,,,15:15,15:56,,,HAN,BMV,CXR,Domestic,VJ,,,,,,,,,,,,
,2026-06-15,VJ772/VJ513,A699,A320,CXR-HAN-DAD,15:55,16:35,15:55,16:35,16:35,16:59,17:00,17:05,00:40,00:25,DELAY,DELAY,DELAY,DELAY,,93,00:25,,,,,16:25,16:56,,,HAN,CXR,DAD,Domestic,VJ,,,,,,,,,,,,
,2026-06-15,VJ140/VJ151,A644,A321,SGN-HAN-SGN,16:20,16:50,16:20,16:50,16:35,17:01,17:02,17:05,00:30,00:27,DELAY,ONTIME,ONTIME,ONTIME,,93,00:12,,,,,16:25,17:00,,,HAN,SGN,SGN,Domestic,VJ,,,,,,,,,,,,
,2026-06-15,VJ138/VJ465,A529,A321,SGN-HAN-VCA,15:15,17:00,15:15,17:00,15:30,16:54,16:55,16:59,01:45,01:25,EARLY,ONTIME,ONTIME,ONTIME,,,,,,,,16:10,16:50,,,HAN,SGN,VCA,Domestic,VJ,,,,,,,,,,,,
,2026-06-15,VJ454/VJ495,A663,A320,PQC-HAN-BMV,16:45,17:30,16:45,17:30,16:50,17:27,17:28,17:35,00:45,00:38,EARLY,ONTIME,ONTIME,ONTIME,,,,,,,,16:50,17:25,,,HAN,PQC,BMV,Domestic,VJ,,,,,,,,,,,,
,2026-06-15,VJ452/VJ141,A553,A321,PQC-HAN-SGN,14:35,17:35,14:35,17:35,14:34,17:34,17:35,17:45,03:00,03:01,ONTIME,ONTIME,ONTIME,ONTIME,,,,,,,,16:45,17:30,,,HAN,PQC,SGN,Domestic,VJ,,,,,,,,,,,,
,2026-06-15,VJ530/VJ1431,A656,A320,DAD-HAN-UIH,16:15,17:40,16:15,17:40,16:20,17:32,17:33,17:35,01:25,01:13,EARLY,ONTIME,ONTIME,ONTIME,,,,,,,,16:40,17:20,,,HAN,DAD,UIH,Domestic,VJ,,,,,,,,,,,,
,2026-06-15,VJ774/VJ517,A687,A321,CXR-HAN-DAD,17:15,17:50,17:15,17:50,17:45,18:14,18:15,18:20,00:35,00:30,DELAY,DELAY,DELAY,DELAY,,93,00:25,,,,,17:45,18:12,,,HAN,CXR,DAD,Domestic,VJ,,,,,,,,,,,,
,2026-06-15,VJ902/VJ153,A667,A321,BKK-HAN-SGN,15:50,18:05,15:50,18:05,16:10,17:56,17:57,18:03,02:15,01:47,EARLY,ONTIME,ONTIME,DELAY,,,,,,,,17:20,17:54,,,HAN,BKK,SGN,Domestic,VJ,,,,,,,,,,,,
,2026-06-15,VJ456/VJ781,A575,A321,PQC-HAN-CXR,17:45,18:15,17:45,18:15,18:10,18:34,18:35,18:39,00:30,00:25,DELAY,DELAY,DELAY,DELAY,,93,00:20,,,,,18:00,18:32,,,HAN,PQC,CXR,Domestic,VJ,,,,,,,,,,,,
,2026-06-15,VJ512/VJ521,A630,A321,DAD-HAN-DAD,18:15,18:45,18:15,18:45,18:25,18:54,18:55,18:58,00:30,00:30,DELAY,ONTIME,ONTIME,ONTIME,,93,00:10,,,,,18:25,18:51,,,HAN,DAD,DAD,Domestic,VJ,,,,,,,,,,,,
,2026-06-15,VJ528/VJ789,A698,A321,DAD-HAN-CXR,17:25,18:45,17:25,18:45,17:55,18:41,18:43,18:45,01:20,00:48,EARLY,ONTIME,ONTIME,DELAY,,,,,,,,17:55,18:40,,,HAN,DAD,CXR,Domestic,VJ,,,,,,,,,,,,
,2026-06-15,VJ434/VJ155,A537,A321,UIH-HAN-SGN,17:10,18:55,17:10,18:55,17:10,19:04,19:05,19:10,01:45,01:55,DELAY,ONTIME,ONTIME,ONTIME,,84,00:10,,,,,18:05,19:01,,BAD WEATHER AT SGN CTOT 1936,HAN,UIH,SGN,Domestic,VJ,,,,,,,,,,,,
,2026-06-15,VJ424/VJ561,A675,A320,PXU-HAN-HUI,18:45,19:15,18:45,19:15,19:05,19:23,19:24,19:25,00:30,00:19,DELAY,ONTIME,ONTIME,DELAY,,93,00:09,,,,,19:05,19:20,,,HAN,PXU,HUI,Domestic,VJ,,,,,,,,,,,,
,2026-06-15,VJ1454/VJ519,A634,A321,PQC-HAN-DAD,16:35,19:25,16:35,19:25,16:52,19:24,19:25,19:25,02:50,02:33,ONTIME,ONTIME,ONTIME,DELAY,,,,,,,,18:35,19:22,,,HAN,PQC,DAD,Domestic,VJ,,,,,,,,,,,,
,2026-06-15,VJ508/VJ157,A673,A321,DAD-HAN-SGN,15:25,19:30,15:25,19:30,16:45,19:59,20:00,20:05,04:05,03:15,DELAY,DELAY,DELAY,DELAY,,84,00:30,,,,,19:00,19:30,,BAD WEATHER AT SGN CTOT 2010,HAN,DAD,SGN,Domestic,VJ,,,,,,,,,,,,
,2026-06-15,VJ194/VJ523,A539,A321,SGN-HAN-DAD,19:00,19:45,19:00,19:45,19:10,19:39,19:40,19:47,00:45,00:30,EARLY,ONTIME,ONTIME,ONTIME,,,,,,,,19:10,19:37,,,HAN,SGN,DAD,Domestic,VJ,,,,,,,,,,,,
,2026-06-15,VJ438/VJ1785,A662,A320,UIH-HAN-CXR,19:25,19:55,19:25,19:55,19:35,19:59,20:00,20:09,00:30,00:25,DELAY,ONTIME,ONTIME,ONTIME,,,,,,,,19:25,19:57,,,HAN,UIH,CXR,Domestic,VJ,,,,,,,,,,,,
,2026-06-15,VJ568/VJ7712,A669,A320,HUI-HAN-PKX,18:55,19:55,18:55,19:55,19:50,20:24,20:25,20:33,01:00,00:35,DELAY,DELAY,DELAY,DELAY,,93,00:20,66,00:10,,,20:00,20:22,,CREW OB 2000,HAN,HUI,PKX,International,VJ,,,,,,,,,,,,
,2026-06-15,VJ916/VJ907,A674,A321,SIN-HAN-BOM,17:25,20:05,17:25,20:05,17:25,19:59,20:00,20:10,02:40,02:35,EARLY,ONTIME,ONTIME,ONTIME,,,,,,,,19:10,19:55,,,HAN,SIN,BOM,International,VJ,,,,,,,,,,,,
,2026-06-15,VJ442/VJ455,A578,A321,PQC-HAN-PQC,19:05,20:05,19:05,20:05,19:15,20:04,20:05,20:15,01:00,00:50,ONTIME,ONTIME,ONTIME,ONTIME,,,,,,,,19:15,20:01,,,HAN,PQC,PQC,Domestic,VJ,,,,,,,,,,,,
,2026-06-15,VJ152/VJ159,A535,A321,SGN-HAN-SGN,19:20,20:10,19:20,20:10,20:05,20:34,20:35,20:45,00:50,00:30,DELAY,DELAY,DELAY,DELAY,,93,00:25,,,,,19:55,20:32,,,HAN,SGN,SGN,Domestic,VJ,,,,,,,,,,,,
,2026-06-15,VJ146/VJ1127,A516,A321,SGN-HAN-SGN,18:55,20:25,18:55,20:25,19:20,20:22,20:23,20:28,01:30,01:03,EARLY,ONTIME,ONTIME,DELAY,,,,,,,,19:40,20:18,,,HAN,SGN,SGN,Domestic,VJ,,,,,,,,,,,,
,2026-06-15,VJ420/VJ783,A554,A321,TBB-HAN-CXR,19:15,20:25,19:15,20:25,19:06,20:20,20:21,20:26,01:10,01:15,EARLY,ONTIME,ONTIME,ONTIME,,,,,,,,19:40,20:17,,,HAN,TBB,CXR,Domestic,VJ,,,,,,,,,,,,
,2026-06-15,VJ1452/VJ161,A534,A321,PQC-HAN-SGN,19:50,20:55,19:50,20:55,20:40,21:33,21:35,21:36,01:05,00:55,DELAY,DELAY,DELAY,DELAY,,93,00:15,95,00:25,,,21:05,21:30,,WAIT CREW VJ154 OB 2107,HAN,PQC,SGN,Domestic,VJ,,,,,,,,,,,,
,2026-06-15,VJ144/VJ7238,A650,A320,SGN-HAN-PVG,20:10,21:15,20:10,21:15,20:50,21:28,21:29,21:30,01:05,00:39,DELAY,ONTIME,ONTIME,DELAY,,93,00:09,66,00:05,,,21:04,21:27,,CREW OB 2106,HAN,SGN,PVG,International,VJ,,,,,,,,,,,,
,2026-06-15,VJ520/VJ527,A635,A321,DAD-HAN-DAD,20:55,21:25,20:55,21:25,20:55,21:24,21:25,21:30,00:30,00:30,ONTIME,ONTIME,ONTIME,ONTIME,,,,,,,,20:55,21:23,,,HAN,DAD,DAD,Domestic,VJ,,,,,,,,,,,,
,2026-06-15,VJ947/VJ7526,A548,A321,KHH-HAN-CAN,20:35,22:30,20:35,22:30,20:35,22:22,22:23,22:30,01:55,01:48,EARLY,ONTIME,ONTIME,ONTIME,,,,,,,,21:45,22:20,,,HAN,KHH,CAN,International,VJ,,,,,,,,,,,,
,2026-06-15,VJ1432/VJ529,A656,A320,UIH-HAN-DAD,21:25,22:35,21:25,22:35,21:20,22:27,22:28,22:40,01:10,01:08,EARLY,ONTIME,ONTIME,ONTIME,,,,,,,,21:45,22:18,,,HAN,UIH,DAD,Domestic,VJ,,,,,,,,,,,,
,2026-06-15,VJ468/VJ167,A200,A321,VCA-HAN-SGN,19:50,22:45,19:50,22:45,19:58,22:43,22:44,22:45,02:55,02:46,EARLY,ONTIME,ONTIME,ONTIME,,,,,,,,21:50,22:40,,,HAN,VCA,SGN,Domestic,VJ,,,,,,,,,,,,
,2026-06-15,VJ522/VJ533,A634,A321,DAD-HAN-DAD,22:35,23:05,22:35,23:05,23:15,23:34,23:35,23:50,00:30,00:20,DELAY,DELAY,DELAY,DELAY,,93,00:30,,,,,23:10,23:32,,,HAN,DAD,DAD,Domestic,VJ,,,,,,,,,,,,
,2026-06-15,VJ150/VJ169,A666,A320,SGN-HAN-SGN,22:30,23:25,22:30,23:25,23:10,23:34,23:35,23:40,00:55,00:25,DELAY,ONTIME,ONTIME,DELAY,,93,00:10,,,,,23:10,23:32,,,HAN,SGN,SGN,Domestic,VJ,,,,,,,,,,,,
,2026-06-16,____/VJ932,A523,A321,HAN-NRT,,00:30,,00:30,,00:14,00:15,00:22,,,EARLY,ONTIME,ONTIME,,,,,,,,,23:40,00:10,,,HAN,HAN,NRT,International,VJ,,,,,,,,,,,,
,2026-06-16,VJ158/VJ938,A553,A321,SGN-HAN-KIX,22:55,01:20,22:55,01:20,23:25,01:18,01:20,01:20,02:25,01:55,ONTIME,ONTIME,ONTIME,DELAY,,,,,,,,00:25,01:16,,,HAN,SGN,KIX,International,VJ,,,,,,,,,,,,
,2026-06-16,VJ780/VJ960,A575,A321,CXR-HAN-ICN,22:25,01:40,22:25,01:40,23:25,01:29,01:30,01:34,03:15,02:05,EARLY,ONTIME,ONTIME,DELAY,,,,,,,,00:58,01:28,,,HAN,CXR,ICN,International,VJ,,,,,,,,,,,,
,2026-06-16,VJ949/VJ958,A670,A321,RMQ-HAN-FUK,19:50,02:05,19:50,02:05,20:35,01:56,01:57,02:02,06:15,05:22,EARLY,ONTIME,ONTIME,DELAY,,,,,,,,01:20,01:50,,,HAN,RMQ,FUK,International,VJ,,,,,,,,,,,,
,2026-06-16,VJ496/VJ1980,A663,A320,BMV-HAN-FSZ,21:30,02:40,21:30,02:40,22:15,02:28,02:30,02:32,05:10,04:15,EARLY,ONTIME,ONTIME,DELAY,,,,,,,,01:50,02:29,,,HAN,BMV,FSZ,International,VJ,,,,,,,,,,,,
,2026-06-16,____/VJ123,A516,A321,HAN-SGN,,05:30,,05:30,,05:24,05:25,05:31,,,EARLY,ONTIME,ONTIME,,,,,,,,,04:40,05:22,,,HAN,HAN,SGN,Domestic,VJ,,,,,,,,,,,,
,2026-06-16,____/VJ445,A543,A321,HAN-PQC,,05:30,,05:30,,05:21,05:22,05:27,,,EARLY,ONTIME,ONTIME,,,,,,,,,04:40,05:18,,,HAN,HAN,PQC,Domestic,VJ,,,,,,,,,,,,
,2026-06-16,____/VJ501,A641,A321,HAN-DAD,,05:40,,05:40,,05:34,05:35,05:40,,,EARLY,ONTIME,ONTIME,,,,,,,,,04:50,05:33,,,HAN,HAN,DAD,Domestic,VJ,,,,,,,,,,,,
,2026-06-16,____/VJ771,A655,A320,HAN-CXR,,05:45,,05:45,,05:44,05:45,05:45,,,ONTIME,ONTIME,ONTIME,,,,,,,,,04:55,05:36,,,HAN,HAN,CXR,Domestic,VJ,,,,,,,,,,,,
,2026-06-16,____/VJ121,A539,A321,HAN-SGN,,06:00,,06:00,,06:09,06:10,06:12,,,DELAY,ONTIME,ONTIME,,,41,00:10,,,,,06:45,06:07,,TECHNICAL CHECK( INTERPHONE ),HAN,HAN,SGN,Domestic,VJ,,,,,,,,,,,,
,2026-06-16,VJ7527/VJ491,A548,A321,CAN-HAN-BMV,03:05,06:00,03:05,06:00,03:37,05:54,05:55,06:01,02:55,02:18,EARLY,ONTIME,ONTIME,DELAY,,,,,,,,05:15,05:50,,,HAN,CAN,BMV,Domestic,VJ,,,,,,,,,,,,
,2026-06-16,____/VJ431,A675,A320,HAN-UIH,,06:05,,06:05,,05:59,06:00,06:05,,,EARLY,ONTIME,ONTIME,,,,,,,,,05:15,05:55,,,HAN,HAN,UIH,Domestic,VJ,,,,,,,,,,,,
,2026-06-16,VJ7713/VJ952,A669,A320,PKX-HAN-HIJ,03:55,06:15,03:55,06:15,05:10,06:22,06:24,06:27,02:20,01:14,DELAY,ONTIME,ONTIME,DELAY,,87,00:09,,,,,05:50,06:20,,BRD GATE CAN NOT OPEN,HAN,PKX,HIJ,International,VJ,,,,,,,,,,,,
,2026-06-16,____/VJ531,A524,A321,HAN-DAD,,06:30,,06:30,,06:24,06:25,06:27,,,EARLY,ONTIME,ONTIME,,,,,,,,,05:40,06:21,,,HAN,HAN,DAD,Domestic,VJ,,,,,,,,,,,,
,2026-06-16,____/VJ461,A687,A321,HAN-VCA,,06:45,,06:45,,06:39,06:40,06:45,,,EARLY,ONTIME,ONTIME,,,,,,,,,05:55,06:36,,,HAN,HAN,VCA,Domestic,VJ,,,,,,,,,,,,
,2026-06-16,____/VJ1771,A634,A321,HAN-CXR,,07:00,,07:00,,06:54,06:55,07:04,,,EARLY,ONTIME,ONTIME,,,,,,,,,06:05,06:50,,,HAN,HAN,CXR,Domestic,VJ,,,,,,,,,,,,
,2026-06-16,VJ7239/VJ125,A650,A320,PVG-HAN-SGN,04:50,07:00,04:50,07:00,05:06,06:59,07:00,07:04,02:10,01:54,ONTIME,ONTIME,ONTIME,DELAY,,,,,,,,06:10,06:57,,,HAN,PVG,SGN,Domestic,VJ,,,,,,,,,,,,
,2026-06-16,____/VJ421,A662,A320,HAN-PXU,,07:10,,07:10,,07:24,07:25,07:25,,,DELAY,ONTIME,ONTIME,,,65,00:15,,,,,06:15,07:03,,CAPT REQUEST 2000KGS FUEL,HAN,HAN,PXU,Domestic,VJ,,,,,,,,,,,,
,2026-06-16,VJ502/VJ503,A647,A321,DAD-HAN-DAD,07:00,07:30,07:00,07:30,07:05,07:33,07:34,07:37,00:30,00:29,DELAY,ONTIME,ONTIME,ONTIME,,93,00:04,,,,,07:05,07:32,,,HAN,DAD,DAD,Domestic,VJ,,,,,,,,,,,,
,2026-06-16,VJ120/VJ127,A538,A321,SGN-HAN-SGN,07:10,08:10,07:10,08:10,07:25,08:04,08:05,08:10,01:00,00:40,EARLY,ONTIME,ONTIME,ONTIME,,,,,,,,07:25,08:02,,,HAN,SGN,SGN,Domestic,VJ,,,,,,,,,,,,
,2026-06-16,____/VJ929,A636,A321,HAN-CGK,,08:40,,08:40,,08:39,08:40,08:44,,,ONTIME,ONTIME,ONTIME,,,,,,,,,07:50,08:35,,,HAN,HAN,CGK,International,VJ,,,,,,,,,,,,
,2026-06-16,____/VJ447,A673,A321,HAN-PQC,,08:45,,08:45,,08:44,08:45,08:47,,,ONTIME,ONTIME,ONTIME,,,,,,,,,08;0,08:40,,,HAN,HAN,PQC,Domestic,VJ,,,,,,,,,,,,
,2026-06-16,____/VJ129,A642,A321,HAN-SGN,,08:45,,08:45,,08:44,08:45,08:50,,,ONTIME,ONTIME,ONTIME,,,,,,,,,07:55,08:42,,,HAN,HAN,SGN,Domestic,VJ,,,,,,,,,,,,
,2026-06-16,VJ504/VJ435,A658,A320,DAD-HAN-UIH,08:20,08:50,08:20,08:50,08:35,09:04,09:05,09:05,00:30,00:30,DELAY,ONTIME,ONTIME,ONTIME,,93,00:10,99,00:05,,,08:26,09:02,,BOARDING SYSTEM DOWN,HAN,DAD,UIH,Domestic,VJ,,,,,,,,,,,,
,2026-06-16,VJ514/VJ563,A641,A321,DAD-HAN-HUI,08:50,09:20,08:50,09:20,09:15,09:36,09:37,10:05,00:30,00:22,DELAY,DELAY,DELAY,DELAY,,93,00:17,,,,,09:00,09:34,,,HAN,DAD,HUI,Domestic,VJ,,,,,,,,,,,,
,2026-06-16,____/VJ915,A529,A321,HAN-SIN,,09:35,,09:35,,09:29,09:30,09:32,,,EARLY,ONTIME,ONTIME,,,,,,,,,08:45,09:27,,,HAN,HAN,SIN,International,VJ,,,,,,,,,,,,
,2026-06-16,____/VJ2971,A817,A330,HAN-KZN,,09:50,,09:50,,09:48,09:50,10:00,,,ONTIME,ONTIME,ONTIME,,,,,,,,,08:50,09:47,,,HAN,HAN,KZN,International,VJ,,,,,,,,,,,,
,2026-06-16,____/VJ1773,A526,A321,HAN-CXR,,10:00,,10:00,,10:12,10:13,10:26,,,DELAY,ONTIME,DELAY,,,89,00:13,,,,,09:10,10:10,,AIRPORT CLOSE BY VIP,HAN,HAN,CXR,Domestic,VJ,,,,,,,,,,,,
,2026-06-16,VJ126/VJ131,A649,A321,SGN-HAN-SGN,09:40,10:10,09:40,10:10,09:55,10:24,10:25,10:37,00:30,00:30,DELAY,ONTIME,DELAY,ONTIME,,93,00:15,,,,,09:55,10:22,,,HAN,SGN,SGN,Domestic,VJ,,,,,,,,,,,,
,2026-06-16,____/VJ463,A699,A320,HAN-VCA,,10:20,,10:20,,10:19,10:20,10:35,,,ONTIME,ONTIME,ONTIME,,,,,,,,,10:00,10:17,,,HAN,HAN,VCA,Domestic,VJ,,,,,,,,,,,,
,2026-06-16,VJ532/VJ425,A634,A321,DAD-HAN-PXU,09:45,10:20,09:45,10:20,09:50,10:29,10:30,10:47,00:35,00:40,DELAY,ONTIME,DELAY,ONTIME,,89,00:10,,,,,09:45,10:26,,AIRPORT CLOSE BY VIP,HAN,DAD,PXU,Domestic,VJ,,,,,,,,,,,,
,2026-06-16,VJ122/VJ997,A552,A321,SGN-HAN-DPS,09:05,10:25,09:05,10:25,09:20,10:19,10:20,10:35,01:20,01:00,EARLY,ONTIME,ONTIME,ONTIME,,,,,,,,09:40,10:17,,,HAN,SGN,DPS,International,VJ,,,,,,,,,,,,
,2026-06-16,VJ430/VJ437,A675,A320,UIH-HAN-UIH,09:50,10:25,09:50,10:25,10:10,10:34,10:35,10:55,00:35,00:25,DELAY,ONTIME,DELAY,DELAY,,93,00:10,,,,,10:00,10:32,,,HAN,UIH,UIH,Domestic,VJ,,,,,,,,,,,,
,2026-06-16,____/VJ493,A554,A321,HAN-BMV,,10:30,,10:30,,10:34,10:35,10:45,,,DELAY,ONTIME,ONTIME,,,89,00:05,,,,,09:45,10:32,,AIRPORT CLOSE BY VIP,HAN,HAN,BMV,Domestic,VJ,,,,,,,,,,,,
,2026-06-16,VJ492/VJ565,A548,A321,BMV-HAN-HUI,10:00,10:30,10:00,10:30,10:30,10:56,10:57,11:00,00:30,00:27,DELAY,DELAY,DELAY,DELAY,,93,00:27,,,,,10:30,10:53,,,HAN,BMV,HUI,Domestic,VJ,,,,,,,,,,,,
,2026-06-16,VJ770/VJ135,A655,A320,CXR-HAN-SGN,09:55,10:30,09:55,10:45,10:30,11:04,11:05,11:13,00:50,00:35,DELAY,DELAY,DELAY,DELAY,,93,00:10,66,00:10,,,10:30,11:02,,CREW OB 1040,HAN,CXR,SGN,Domestic,VJ,,,,,,,,,,,,
,2026-06-16,VJ524/VJ507,A647,A321,DAD-HAN-DAD,10:40,11:10,10:40,11:10,11:07,11:36,11:37,11:42,00:30,00:30,DELAY,DELAY,DELAY,DELAY,,93,00:27,,,,,11:00,11:35,,,HAN,DAD,DAD,Domestic,VJ,,,,,,,,,,,,
,2026-06-16,VJ910/VJ901,A674,A321,BOM-HAN-BKK,07:10,11:10,07:10,11:10,07:03,11:05,11:06,11:12,04:00,04:03,EARLY,ONTIME,ONTIME,ONTIME,,,,,,,,10:20,11:02,,,HAN,BOM,BKK,International,VJ,,,,,,,,,,,,
,2026-06-16,VJ130/VJ133,A534,A321,SGN-HAN-SGN,10:50,11:20,10:50,11:20,11:10,11:39,11:40,11:48,00:30,00:30,DELAY,DELAY,DELAY,DELAY,,93,00:20,,,,,11:10,11:37,,,HAN,SGN,SGN,Domestic,VJ,,,,,,,,,,,,
,2026-06-16,VJ422/VJ451,A662,A320,PXU-HAN-PQC,10:50,11:45,10:50,11:45,11:10,11:44,11:45,11:56,00:55,00:35,ONTIME,ONTIME,ONTIME,DELAY,,,,,,,,11:05,11:41,,,HAN,PXU,PQC,Domestic,VJ,,,,,,,,,,,,
,2026-06-16,VJ1772/VJ1453,A634,A321,CXR-HAN-PQC,11:15,11:50,11:15,12:20,11:55,12:24,12:25,12:30,01:05,00:30,DELAY,ONTIME,DELAY,DELAY,,93,00:05,,,,,11:55,12:21,,,HAN,CXR,PQC,Domestic,VJ,,,,,,,,,,,,
,2026-06-16,____/VJ195,A811,A330,HAN-SGN,,11:50,,11:50,,11:49,11:50,12:00,,,ONTIME,ONTIME,ONTIME,,,,,,,,,11:05,11:47,,,HAN,HAN,SGN,Domestic,VJ,,,,,,,,,,,,
,2026-06-16,VJ448/VJ515,A543,A321,PQC-HAN-DAD,10:15,12:10,10:15,12:10,10:30,12:09,12:10,12:16,01:55,01:40,ONTIME,ONTIME,ONTIME,ONTIME,,,,,,,,11:20,12:07,,,HAN,PQC,DAD,Domestic,VJ,,,,,,,,,,,,
,2026-06-16,VJ190/VJ137,A516,A321,SGN-HAN-SGN,10:25,12:20,10:25,12:20,10:40,12:19,12:20,12:30,01:55,01:40,ONTIME,ONTIME,ONTIME,ONTIME,,,,,,,,11:40,12:17,,,HAN,SGN,SGN,Domestic,VJ,,,,,,,,,,,,
,2026-06-16,VJ462/VJ453,A687,A321,VCA-HAN-PQC,11:40,13:00,11:40,13:00,11:50,12:57,12:58,13:01,01:20,01:08,EARLY,ONTIME,ONTIME,ONTIME,,,,,,,,12:00,12:55,,,HAN,VCA,PQC,Domestic,VJ,,,,,,,,,,,,
,2026-06-16,VJ432/VJ509,A658,A320,UIH-HAN-DAD,12:35,13:05,12:35,13:05,13:05,13:29,13:30,13:35,00:30,00:25,DELAY,DELAY,DELAY,DELAY,,93,00:25,,,,,13:05,13:27,,,HAN,UIH,DAD,Domestic,VJ,,,,,,,,,,,,
,2026-06-16,VJ564/VJ787,A641,A321,HUI-HAN-CXR,12:20,13:10,12:20,14:00,13:15,13:54,13:55,14:05,01:40,00:40,EARLY,ONTIME,DELAY,DELAY,,,,,,,,13:15,13:52,,,HAN,HUI,CXR,Domestic,VJ,,,,,,,,,,,,
,2026-06-16,VJ128/VJ433,A650,A320,SGN-HAN-UIH,11:50,13:20,11:50,13:20,12:10,13:17,13:18,13:23,01:30,01:08,EARLY,ONTIME,ONTIME,DELAY,,,,,,,,12:30,13:15,,,HAN,SGN,UIH,Domestic,VJ,,,,,,,,,,,,
,2026-06-16,VJ939/VJ948,A553,A321,KIX-HAN-RMQ,12:20,13:30,12:20,13:30,12:25,13:34,13:35,13:45,01:10,01:10,DELAY,ONTIME,ONTIME,ONTIME,,15A,00:05,,,,,12:40,13:31,,OFFLOAD 1PAX/1PCS,HAN,KIX,RMQ,International,VJ,,,,,,,,,,,,
,2026-06-16,VJ440/VJ441,A673,A321,PQC-HAN-PQC,13:30,14:00,13:30,14:00,14:15,14:42,14:43,14:45,00:30,00:28,DELAY,DELAY,DELAY,DELAY,,93,00:43,,,,,13:55,14:39,,,HAN,PQC,PQC,Domestic,VJ,,,,,,,,,,,,
,2026-06-16,VJ933/VJ143,A523,A321,NRT-HAN-SGN,13:05,14:05,13:05,14:05,13:20,14:04,14:05,14:20,01:00,00:45,ONTIME,ONTIME,ONTIME,ONTIME,,,,,,,,13:25,14:06,,,HAN,NRT,SGN,Domestic,VJ,,,,,,,,,,,,
,2026-06-16,VJ134/VJ467,A642,A321,SGN-HAN-VCA,13:35,14:30,13:35,14:30,14:15,14:44,14:45,14:45,00:55,00:30,DELAY,ONTIME,ONTIME,DELAY,,93,00:15,,,,,14:15,14:43,,,HAN,SGN,VCA,Domestic,VJ,,,,,,,,,,,,
,2026-06-16,VJ959/VJ525,A670,A321,FUK-HAN-DAD,11:45,14:30,11:45,14:30,11:35,14:59,15:00,15:05,02:45,03:25,DELAY,DELAY,DELAY,ONTIME,,95,00:30,,,,,14:20,14:56,,CREW FR VJ440 OB 1431,HAN,FUK,DAD,Domestic,VJ,,,,,,,,,,,,
,2026-06-16,VJ1504/VJ1505,A643,A321,DAD-HAN-DAD,14:00,14:35,14:00,14:35,13:55,14:29,14:30,14:33,00:35,00:35,EARLY,ONTIME,ONTIME,ONTIME,,,,,,,,13:55,14:26,,,HAN,DAD,DAD,Domestic,VJ,,,,,,,,,,,,
,2026-06-16,VJ566/VJ946,A548,A321,HUI-HAN-KHH,13:30,14:35,13:30,14:35,14:30,15:14,15:15,15:20,01:05,00:45,DELAY,DELAY,DELAY,DELAY,,93,00:25,66,00:10,99,00:05,14:46,15:08,,"CREW OB 1446, ACCEPT 1PAX/1PCS",HAN,HUI,KHH,International,VJ,,,,,,,,,,,,
,2026-06-16,VJ961/VJ942,A575,A321,ICN-HAN-TPE,13:35,14:40,13:35,14:40,14:05,14:49,14:50,14:55,01:05,00:45,DELAY,ONTIME,ONTIME,DELAY,,66,00:10,,,,,14:25,14:46,,,HAN,ICN,TPE,International,VJ,,,,,,,,,,,,
,2026-06-16,VJ426/VJ145,A524,A321,PXU-HAN-SGN,14:05,14:40,14:05,15:00,14:25,14:59,15:00,15:10,00:55,00:35,ONTIME,ONTIME,DELAY,DELAY,,,,,,,,14:25,14:55,,LATE TAKE OFF DUE TO ATC,HAN,PXU,SGN,Domestic,VJ,,,,,,,,,,,,
,2026-06-16,VJ1774/VJ511,A526,A321,CXR-HAN-DAD,14:20,15:05,14:20,15:05,15:00,15:28,15:30,15:35,00:45,00:30,DELAY,DELAY,DELAY,DELAY,,93,00:25,,,,,14:50,15:26,,,HAN,CXR,DAD,Domestic,VJ,,,,,,,,,,,,
,2026-06-16,VJ1981/VJ423,A663,A320,FSZ-HAN-PXU,14:00,15:05,14:00,15:05,13:50,15:02,15:03,15:10,01:05,01:13,EARLY,ONTIME,ONTIME,ONTIME,,,,,,,,14:20,14:59,,,HAN,FSZ,PXU,Domestic,VJ,,,,,,,,,,,,
,2026-06-16,VJ510/VJ1451,A647,A321,DAD-HAN-PQC,14:35,15:15,14:35,15:50,15:20,15:49,15:50,15:57,01:15,00:30,ONTIME,ONTIME,DELAY,DELAY,,,,,,,,15:15,15:47,,,HAN,DAD,PQC,Domestic,VJ,,,,,,,,,,,,
,2026-06-16,VJ136/VJ419,A539,A321,SGN-HAN-TBB,14:40,15:20,14:40,15:20,14:45,15:19,15:20,15:26,00:40,00:35,ONTIME,ONTIME,ONTIME,ONTIME,,,,,,,,14:45,14:15,,,HAN,SGN,TBB,Domestic,VJ,,,,,,,,,,,,
,2026-06-16,VJ464/VJ439,A699,A320,VCA-HAN-UIH,15:10,15:40,15:10,15:40,15:55,16:19,16:20,16:25,00:30,00:25,DELAY,DELAY,DELAY,DELAY,,93,00:40,,,,,15:55,16:17,,,HAN,VCA,UIH,Domestic,VJ,,,,,,,,,,,,
,2026-06-16,VJ138/VJ147,A629,A321,SGN-HAN-SGN,15:15,15:45,15:15,15:45,15:35,15:59,16:00,16:10,00:30,00:25,DELAY,ONTIME,DELAY,DELAY,,93,00:15,,,,,15:30,15:57,,,HAN,SGN,SGN,Domestic,VJ,,,,,,,,,,,,
,2026-06-16,VJ494/VJ773,A554,A321,BMV-HAN-CXR,14:30,16:00,14:30,16:00,14:55,15:59,16:00,16:04,01:30,01:05,ONTIME,ONTIME,ONTIME,DELAY,,,,,,,,15:15,15:57,,,HAN,BMV,CXR,Domestic,VJ,,,,,,,,,,,,
,2026-06-16,VJ436/VJ903,A675,A320,UIH-HAN-BKK,14:10,16:10,14:10,16:10,14:50,16:09,16:10,16:20,02:00,01:20,ONTIME,ONTIME,ONTIME,DELAY,,,,,,,,13:20,16:07,,,HAN,UIH,BKK,International,VJ,,,,,,,,,,,,
,2026-06-16,VJ142/VJ567,A676,A320,SGN-HAN-HUI,15:30,16:10,15:30,16:10,15:30,16:14,16:15,16:25,00:40,00:45,DELAY,ONTIME,ONTIME,ONTIME,,,,15A,00:05,,,15:30,16:12,,OFFLOAD 6 PAX 4 BAG,HAN,SGN,HUI,Domestic,VJ,,,,,,,,,,,,
,2026-06-16,VJ508/VJ913,A543,A321,DAD-HAN-SAI,15:25,16:20,15:25,16:20,16:00,16:38,16:40,16:45,00:55,00:40,DELAY,DELAY,DELAY,DELAY,,93,00:10,66,00:10,,,16:20,16:37,,CREW OB 1620,HAN,DAD,SAI,International,VJ,,,,,,,,,,,,
,2026-06-16,VJ140/VJ151,A521,A321,SGN-HAN-SGN,16:20,16:50,16:20,16:50,16:40,17:09,17:10,17:15,00:30,00:30,DELAY,DELAY,DELAY,DELAY,,93,00:20,,,,,16:30,17:06,,,HAN,SGN,SGN,Domestic,VJ,,,,,,,,,,,,
,2026-06-16,VJ5068/VJ5068,A580,A321,CXR-HAN-NOZ,16:20,16:55,16:20,16:55,16:30,16:59,17:00,17:10,00:35,00:30,DELAY,ONTIME,ONTIME,ONTIME,,93,00:05,,,,,,,X,,HAN,CXR,NOZ,International,VJ,,,,,,,,,,,,
,2026-06-16,VJ902/VJ465,A674,A321,BKK-HAN-VCA,15:50,17:00,15:50,17:00,16:15,16:59,17:00,17:07,01:10,00:45,ONTIME,ONTIME,ONTIME,DELAY,,,,,,,,16:25,16:57,,,HAN,BKK,VCA,Domestic,VJ,,,,,,,,,,,,
,2026-06-16,VJ953/VJ457,A669,A320,HIJ-HAN-PQC,16:10,17:10,16:10,17:10,16:22,17:09,17:10,17:15,01:00,00:48,ONTIME,ONTIME,ONTIME,ONTIME,,,,,,,,16:30,17:07,,,HAN,HIJ,PQC,Domestic,VJ,,,,,,,,,,,,
,2026-06-16,VJ454/VJ495,A662,A320,PQC-HAN-BMV,16:45,17:30,16:45,17:30,16:50,17:29,17:30,17:34,00:45,00:40,ONTIME,ONTIME,ONTIME,ONTIME,,,,,,,,16:50,17:28,,,HAN,PQC,BMV,Domestic,VJ,,,,,,,,,,,,
,2026-06-16,VJ434/VJ1431,A650,A320,UIH-HAN-UIH,17:10,17:40,17:10,17:40,17:25,17:44,17:45,17:50,00:30,00:20,DELAY,ONTIME,ONTIME,ONTIME,,93,00:05,,,,,17:20,17:43,,,HAN,UIH,UIH,Domestic,VJ,,,,,,,,,,,,
,2026-06-16,VJ1454/VJ517,A634,A321,PQC-HAN-DAD,16:35,17:45,17:05,18:00,17:30,17:59,18:00,18:00,00:55,00:30,ONTIME,ONTIME,ONTIME,DELAY,,,,,,,,17:23,17:57,,,HAN,PQC,DAD,Domestic,VJ,,,,,,,,,,,,
,2026-06-16,VJ528/VJ153,A670,A321,DAD-HAN-SGN,17:50,18:05,17:50,19:05,18:45,19:24,19:25,19:30,01:15,00:40,DELAY,DELAY,DELAY,DELAY,,93,00:10,66,00:10,,,19:00,19:23,,CREW OB 1858,HAN,DAD,SGN,Domestic,VJ,,,,,,,,,,,,
,2026-06-16,VJ192/VJ781,A640,A321,SGN-HAN-CXR,17:40,18:15,17:40,19:00,18:40,19:09,19:10,19:15,01:20,00:30,DELAY,ONTIME,DELAY,DELAY,,93,00:10,,,,,18:40,19:07,,,HAN,SGN,CXR,Domestic,VJ,,,,,,,,,,,,
,2026-06-16,VJ916/VJ141,A529,A321,SIN-HAN-SGN,17:25,18:25,17:25,18:25,17:25,18:23,18:25,18:25,01:00,01:00,ONTIME,ONTIME,ONTIME,ONTIME,,,,,,,,17:40,18:21,,,HAN,SIN,SGN,Domestic,VJ,,,,,,,,,,,,
,2026-06-16,VJ530/VJ521,A668,A320,DAD-HAN-DAD,16:30,18:45,16:30,18:45,17:10,18:39,18:40,18:55,02:15,01:30,EARLY,ONTIME,ONTIME,DELAY,,,,,,,,18:00,18:37,,,HAN,DAD,DAD,Domestic,VJ,,,,,,,,,,,,
,2026-06-16,VJ456/VJ789,A687,A321,PQC-HAN-CXR,17:45,18:45,17:45,19:35,18:10,19:29,19:30,19:40,01:50,01:20,EARLY,ONTIME,DELAY,DELAY,,,,,,,,18:55,19:27,,,HAN,PQC,CXR,Domestic,VJ,,,,,,,,,,,,
,2026-06-16,VJ148/VJ155,A656,A320,SGN-HAN-SGN,18:25,18:55,18:25,18:55,19:00,19:24,19:25,19:32,00:30,00:25,DELAY,DELAY,DELAY,DELAY,,93,00:30,,,,,18:55,19:22,,,HAN,SGN,SGN,Domestic,VJ,,,,,,,,,,,,
,2026-06-16,VJ424/VJ561,A663,A320,PXU-HAN-HUI,18:45,19:15,18:45,19:15,18:50,19:14,19:15,19:25,00:30,00:25,ONTIME,ONTIME,ONTIME,ONTIME,,,,,,,,18:35,19:12,,,HAN,PXU,HUI,Domestic,VJ,,,,,,,,,,,,
,2026-06-16,VJ774/VJ1127,A641,A321,CXR-HAN-SGN,17:15,19:35,17:15,19:35,18:35,19:39,19:40,19:43,02:20,01:05,DELAY,ONTIME,ONTIME,DELAY,,99,00:05,,,,,18:45,19:37,,ARRANGE PAX,HAN,CXR,SGN,Domestic,VJ,,,,,,,,,,,,
,2026-06-16,VJ512/VJ971,A526,A321,DAD-HAN-DEL,18:15,19:40,18:15,19:40,19:10,19:54,19:55,19:55,01:25,00:45,DELAY,ONTIME,ONTIME,DELAY,,66,00:15,,,,,19:30,19:52,,CREW OB 1930,HAN,DAD,DEL,International,VJ,,,,,,,,,,,,
,2026-06-16,VJ144/VJ1925,A535,A321,SGN-HAN-AMD,18:05,19:45,18:05,19:45,18:15,19:44,19:45,19:49,01:40,01:30,ONTIME,ONTIME,ONTIME,ONTIME,,,,,,,,19:00,19:42,,,HAN,SGN,AMD,International,VJ,,,,,,,,,,,,
,2026-06-16,VJ420/VJ523,A539,A321,TBB-HAN-DAD,19:20,19:55,19:20,19:55,19:20,19:53,19:55,20:00,00:35,00:35,ONTIME,ONTIME,ONTIME,ONTIME,,,,,,,,19:20,19:51,,,HAN,TBB,DAD,Domestic,VJ,,,,,,,,,,,,
,2026-06-16,VJ568/VJ1785,A655,A320,HUI-HAN-CXR,19:10,19:55,19:10,19:55,19:40,19:59,20:00,20:05,00:45,00:20,DELAY,ONTIME,ONTIME,DELAY,,93,00:05,,,,,19:30,19:57,,,HAN,HUI,CXR,Domestic,VJ,,,,,,,,,,,,
,2026-06-16,VJ152/VJ157,A200,A321,SGN-HAN-SGN,19:20,20:05,19:20,20:05,19:40,20:14,20:15,20:20,00:45,00:35,DELAY,ONTIME,ONTIME,DELAY,,93,00:05,66,00:05,,,19:50,20:12,,CREW OB 1950,HAN,SGN,SGN,Domestic,VJ,,,,,,,,,,,,
,2026-06-16,VJ442/VJ519,A673,A321,PQC-HAN-DAD,19:05,20:05,19:05,20:05,19:30,20:04,20:05,20:14,01:00,00:35,ONTIME,ONTIME,ONTIME,DELAY,,,,,,,,19:30,20:02,,,HAN,PQC,DAD,Domestic,VJ,,,,,,,,,,,,
,2026-06-16,VJ146/VJ159,A523,A321,SGN-HAN-SGN,18:55,20:10,18:55,20:10,19:50,20:17,20:18,20:23,01:15,00:28,DELAY,ONTIME,ONTIME,DELAY,,93,00:08,,,,,19:50,20:15,,,HAN,SGN,SGN,Domestic,VJ,,,,,,,,,,,,
,2026-06-16,VJ468/VJ783,A642,A321,VCA-HAN-CXR,19:50,20:50,19:50,21:10,20:00,21:04,21:05,21:20,01:20,01:05,EARLY,ONTIME,DELAY,ONTIME,,,,,,,,20:20,21:02,,,HAN,VCA,CXR,Domestic,VJ,,,,,,,,,,,,
,2026-06-16,VJ438/VJ161,A699,A320,UIH-HAN-SGN,19:25,20:55,19:25,20:55,20:20,20:54,20:55,21:10,01:30,00:35,ONTIME,ONTIME,ONTIME,DELAY,,,,,,,,20:15,20:52,,,HAN,UIH,SGN,Domestic,VJ,,,,,,,,,,,,
,2026-06-16,VJ154/VJ163,A532,A321,SGN-HAN-SGN,20:55,21:25,20:55,21:25,21:20,21:44,21:45,21:53,00:30,00:25,DELAY,DELAY,DELAY,DELAY,,93,00:20,,,,,21:10,21:42,,,HAN,SGN,SGN,Domestic,VJ,,,,,,,,,,,,
,2026-06-16,VJ904/VJ527,A675,A320,BKK-HAN-DAD,20:50,21:50,20:50,21:50,21:20,21:44,21:45,21:49,01:00,00:25,EARLY,ONTIME,ONTIME,DELAY,,,,,,,,21:15,21:42,,,HAN,BKK,DAD,Domestic,VJ,,,,,,,,,,,,
,2026-06-16,VJ949/VJ7526,A553,A321,RMQ-HAN-CAN,19:50,22:30,19:50,22:30,20:15,22:29,22:30,22:33,02:40,02:15,ONTIME,ONTIME,ONTIME,DELAY,,,,,,,,21:45,22:27,,,HAN,RMQ,CAN,International,VJ,,,,,,,,,,,,
,2026-06-16,VJ518/VJ529,A634,A321,DAD-HAN-DAD,22:05,22:45,22:05,22:45,22:05,22:41,22:42,22:43,00:40,00:37,EARLY,ONTIME,ONTIME,ONTIME,,,,,,,,22:05,22:40,,,HAN,DAD,DAD,Domestic,VJ,,,,,,,,,,,,
,2026-06-16,VJ1452/VJ167,A647,A321,PQC-HAN-SGN,20:00,22:45,20:00,22:45,20:50,22:43,22:45,22:46,02:45,01:55,ONTIME,ONTIME,ONTIME,DELAY,,,,,,,,21:45,22:41,,,HAN,PQC,SGN,Domestic,VJ,,,,,,,,,,,,
,2026-06-16,VJ928/VJ533,A636,A321,CGK-HAN-DAD,18:15,23:05,18:15,23:05,18:45,23:27,23:28,23:35,04:50,04:43,DELAY,DELAY,DELAY,DELAY,,,,61,00:23,,,23:05,23:25,,CHANGE FPL,HAN,CGK,DAD,Domestic,VJ,,,,,,,,,,,,
,2026-06-16,VJ150/VJ962,A685,A321,SGN-HAN-ICN,22:30,23:15,22:30,23:15,22:40,23:24,23:25,23:30,00:45,00:45,DELAY,ONTIME,ONTIME,ONTIME,,66,00:10,,,,,22:45,23:22,,CREW HN OB 2250,HAN,SGN,ICN,International,VJ,,,,,,,,,,,,
,2026-06-16,VJ522/VJ169,A673,A321,DAD-HAN-SGN,23:15,00:05,23:15,00:05,23:55,00:24,00:25,00:29,00:50,00:30,DELAY,DELAY,DELAY,DELAY,,93,00:20,,,,,23:55,00:22,,,HAN,DAD,SGN,Domestic,VJ,,,,,,,,,,,,
,2026-06-17,____/VJ932,A537,A321,HAN-NRT,,00:30,,00:30,,00:24,00:25,00:28,,,EARLY,ONTIME,ONTIME,,,,,,,,,23:45,00:22,,,HAN,HAN,NRT,International,VJ,,,,,,,,,,,,
,2026-06-17,____/VJ982,A698,A321,HAN-PUS,,01:05,,01:05,,00:56,00:57,00:58,,,EARLY,ONTIME,ONTIME,,,,,,,,,00:10,00:55,,,HAN,HAN,PUS,International,VJ,,,,,,,,,,,,
,2026-06-17,____/VJ938,A575,A321,HAN-KIX,,01:20,,01:20,,01:04,01:05,01:15,,,EARLY,ONTIME,ONTIME,,,,,,,,,00:20,01:02,,,HAN,HAN,KIX,International,VJ,,,,,,,,,,,,
,2026-06-17,VJ7706/VJ7706,A554,A321,HAN-KHV,00:30,01:05,00:30,01:05,01:15,01:44,01:45,01:52,00:35,00:30,DELAY,DELAY,DELAY,DELAY,,93,00:40,,,,,,,X,,HAN,HAN,KHV,International,VJ,,,,,,,,,,,,
,2026-06-17,____/VJ960,A552,A321,HAN-ICN,,01:40,,01:40,,02:09,02:10,02:10,,,DELAY,DELAY,DELAY,,,,,95,00:30,,,01:45,02:07,,CREW VJ7706 OB 0148,HAN,HAN,ICN,International,VJ,,,,,,,,,,,,
,2026-06-17,____/VJ920,A543,A321,HAN-NGO,,01:40,,01:40,,01:31,01:32,01:35,,,EARLY,ONTIME,ONTIME,,,,,,,,,00:50,01:28,,,HAN,HAN,NGO,International,VJ,,,,,,,,,,,,
,2026-06-17,____/VJ123,A548,A321,HAN-SGN,,05:30,,05:30,,05:24,05:25,05:35,,,EARLY,ONTIME,ONTIME,,,,,,,,,04:40,05:22,,,HAN,HAN,SGN,Domestic,VJ,,,,,,,,,,,,
,2026-06-17,____/VJ445,A642,A321,HAN-PQC,,05:30,,05:30,,05:23,05:24,05:26,,,EARLY,ONTIME,ONTIME,,,,,,,,,04:45,05:20,,,HAN,HAN,PQC,Domestic,VJ,,,,,,,,,,,,
,2026-06-17,____/VJ501,A553,A321,HAN-DAD,,05:40,,05:40,03:26,05:34,05:35,05:39,,,EARLY,ONTIME,ONTIME,,,,,,,,,04:55,05:32,,,HAN,HAN,DAD,Domestic,VJ,,,,,,,,,,,,
,2026-06-17,____/VJ771,A650,A320,HAN-CXR,,05:45,,05:45,,05:39,05:40,05:50,,,EARLY,ONTIME,ONTIME,,,,,,,,,05:00,05:37,,,HAN,HAN,CXR,Domestic,VJ,,,,,,,,,,,,
,2026-06-17,____/VJ121,A539,A321,HAN-SGN,,06:00,,06:00,,05:49,05:50,06:00,,,EARLY,ONTIME,ONTIME,,,,,,,,,05:10,05:47,,,HAN,HAN,SGN,Domestic,VJ,,,,,,,,,,,,
,2026-06-17,VJ534/VJ491,A636,A321,DAD-HAN-BMV,02:20,06:00,02:20,06:00,02:42,05:54,05:55,06:02,03:40,03:13,EARLY,ONTIME,ONTIME,DELAY,,,,,,,,05:20,05:52,,,HAN,DAD,BMV,Domestic,VJ,,,,,,,,,,,,
,2026-06-17,____/VJ431,A663,A320,HAN-UIH,,06:05,,06:05,,05:57,05:58,06:03,,,EARLY,ONTIME,ONTIME,,,,,,,,,05:18,05:55,,,HAN,HAN,UIH,Domestic,VJ,,,,,,,,,,,,
,2026-06-17,____/VJ531,A641,A321,HAN-DAD,,06:30,,06:30,,06:22,06:23,06:32,,,EARLY,ONTIME,ONTIME,,,,,,,,,05:45,06:20,,,HAN,HAN,DAD,Domestic,VJ,,,,,,,,,,,,
,2026-06-17,____/VJ449,A655,A320,HAN-PQC,,06:30,,06:30,,06:24,06:25,06:29,,,EARLY,ONTIME,ONTIME,,,,,,,,,05:35,06:22,,,HAN,HAN,PQC,Domestic,VJ,,,,,,,,,,,,
,2026-06-17,____/VJ461,A687,A321,HAN-VCA,,06:45,,06:45,,06:39,06:40,07:00,,,EARLY,ONTIME,ONTIME,,,,,,,,,06:00,06:37,,,HAN,HAN,VCA,Domestic,VJ,,,,,,,,,,,,
,2026-06-17,VJ5069/VJ5069,A580,A321,NOZ-HAN-CXR,06:15,06:45,06:15,06:45,06:25,06:44,06:45,07:00,00:30,00:20,ONTIME,ONTIME,ONTIME,ONTIME,,,,,,,,,,X,,HAN,NOZ,CXR,Domestic,VJ,,,,,,,,,,,,
,2026-06-17,____/VJ125,A648,A321,HAN-SGN,,07:00,,07:00,,06:54,06:55,07:15,,,EARLY,ONTIME,ONTIME,,,,,,,,,06:20,06:52,,LATE PUSHBACK DUE TO ATC,HAN,HAN,SGN,Domestic,VJ,,,,,,,,,,,,
,2026-06-17,____/VJ1771,A640,A321,HAN-CXR,,07:00,,07:00,,06:54,06:55,07:15,,,EARLY,ONTIME,ONTIME,,,,,,,,,06:05,06:52,,,HAN,HAN,CXR,Domestic,VJ,,,,,,,,,,,,
,2026-06-17,____/VJ421,A544,A321,HAN-PXU,,07:10,,07:10,,07:04,07:05,07:10,,,EARLY,ONTIME,ONTIME,,,,,,,,,06:22,07:02,,,HAN,HAN,PXU,Domestic,VJ,,,,,,,,,,,,
,2026-06-17,____/VJ197,A669,A320,HAN-SGN,,07:20,,07:20,,07:11,07:12,07:35,,,EARLY,ONTIME,ONTIME,,,,,,,,,06:45,07:09,,LATE PUSHBACK DUE TO ATC,HAN,HAN,SGN,Domestic,VJ,,,,,,,,,,,,
,2026-06-17,____/VJ905,A662,A320,HAN-KUL,,07:25,,07:25,,07:19,07:20,07:39,,,EARLY,ONTIME,ONTIME,,,,,,,,,06:40,07:18,,,HAN,HAN,KUL,International,VJ,,,,,,,,,,,,
,2026-06-17,____/VJ503,A670,A321,HAN-DAD,,07:45,,07:45,,07:44,07:45,07:55,,,ONTIME,ONTIME,ONTIME,,,,,,,,,07:10,07:40,,,HAN,HAN,DAD,Domestic,VJ,,,,,,,,,,,,
,2026-06-17,____/VJ934,A536,A321,HAN-NRT,,07:55,,07:55,,07:49,07:50,07:58,,,EARLY,ONTIME,ONTIME,,,,,,,,,07:00,07:45,,,HAN,HAN,NRT,International,VJ,,,,,,,,,,,,
,2026-06-17,VJ120/VJ127,A684,A321,SGN-HAN-SGN,07:10,08:10,07:10,08:10,07:45,08:14,08:15,08:25,01:00,00:30,DELAY,ONTIME,ONTIME,DELAY,,93,00:05,,,,,07:33,08:10,,,HAN,SGN,SGN,Domestic,VJ,,,,,,,,,,,,
,2026-06-17,____/VJ447,A200,A321,HAN-PQC,,08:45,,08:45,,08:44,08:45,08:54,,,ONTIME,ONTIME,ONTIME,,,,,,,,,08:05,08:40,,,HAN,HAN,PQC,Domestic,VJ,,,,,,,,,,,,
,2026-06-17,VJ124/VJ129,A532,A321,SGN-HAN-SGN,08:15,08:50,08:15,08:50,08:25,08:54,08:55,09:05,00:35,00:30,DELAY,ONTIME,ONTIME,ONTIME,,93,00:05,,,,,08:20,08:53,,,HAN,SGN,SGN,Domestic,VJ,,,,,,,,,,,,
,2026-06-17,VJ504/VJ435,A675,A320,DAD-HAN-UIH,08:20,08:50,08:20,08:50,08:30,08:49,08:50,08:58,00:30,00:20,ONTIME,ONTIME,ONTIME,ONTIME,,,,,,,,08:20,08:48,,,HAN,DAD,UIH,Domestic,VJ,,,,,,,,,,,,
,2026-06-17,____/VJ505,A535,A321,HAN-DAD,,09:05,,09:05,,09:17,09:18,09:20,,,DELAY,ONTIME,ONTIME,,,99,00:13,,,,,08:15,08:57,,UPDATE FPL WITH TOWER,HAN,HAN,DAD,Domestic,VJ,,,,,,,,,,,,
,2026-06-17,VJ514/VJ563,A553,A321,DAD-HAN-HUI,08:55,09:30,08:55,09:30,08:37,09:24,09:25,09:29,00:35,00:48,EARLY,ONTIME,ONTIME,ONTIME,,,,,,,,08:35,09:22,,,HAN,DAD,HUI,Domestic,VJ,,,,,,,,,,,,
,2026-06-17,____/VJ915,A674,A321,HAN-SIN,,09:35,,09:35,,09:34,09:35,09:42,,,ONTIME,ONTIME,ONTIME,,,,,,,,,08:45,09:33,,,HAN,HAN,SIN,International,VJ,,,,,,,,,,,,
,2026-06-17,VJ963/VJ1773,A685,A321,ICN-HAN-CXR,08:55,10:00,08:55,10:00,09:20,09:59,10:00,10:05,01:05,00:40,ONTIME,ONTIME,ONTIME,DELAY,,,,,,,,09:20,10:00,,,HAN,ICN,CXR,Domestic,VJ,,,,,,,,,,,,
,2026-06-17,VJ156/VJ135,A630,A321,SGN-HAN-SGN,09:00,10:10,09:00,10:10,09:10,09:59,10:00,10:15,01:10,00:50,EARLY,ONTIME,ONTIME,ONTIME,,,,,,,,09:10,09:57,,,HAN,SGN,SGN,Domestic,VJ,,,,,,,,,,,,
,2026-06-17,VJ126/VJ131,A522,A321,SGN-HAN-SGN,09:40,10:15,09:40,10:15,09:30,10:03,10:04,10:19,00:35,00:34,EARLY,ONTIME,ONTIME,ONTIME,,,,,,,,09:40,10:00,,,HAN,SGN,SGN,Domestic,VJ,,,,,,,,,,,,
,2026-06-17,VJ532/VJ425,A641,A321,DAD-HAN-PXU,09:45,10:20,09:45,10:20,09:50,10:18,10:19,10:25,00:35,00:29,EARLY,ONTIME,ONTIME,ONTIME,,,,,,,,09:41,10:15,,,HAN,DAD,PXU,Domestic,VJ,,,,,,,,,,,,
,2026-06-17,VJ502/VJ463,A658,A320,DAD-HAN-VCA,07:00,10:20,07:00,10:20,07:00,10:19,10:20,10:35,03:20,03:20,ONTIME,ONTIME,ONTIME,ONTIME,,,,,,,,09:30,10:18,,,HAN,DAD,VCA,Domestic,VJ,,,,,,,,,,,,
,2026-06-17,VJ430/VJ437,A663,A320,UIH-HAN-UIH,09:50,10:25,09:50,10:25,09:35,10:16,10:17,10:35,00:35,00:42,EARLY,ONTIME,ONTIME,ONTIME,,,,,,,,09:35,10:15,,,HAN,UIH,UIH,Domestic,VJ,,,,,,,,,,,,
,2026-06-17,VJ492/VJ493,A636,A321,BMV-HAN-BMV,10:00,10:35,10:00,10:35,10:20,10:42,10:43,10:50,00:35,00:23,DELAY,ONTIME,ONTIME,DELAY,,93,00:08,,,,,10:00,10:40,,,HAN,BMV,BMV,Domestic,VJ,,,,,,,,,,,,
,2026-06-17,VJ448/VJ901,A642,A321,PQC-HAN-BKK,10:15,11:10,10:15,11:10,10:20,11:09,11:10,11:20,00:55,00:50,ONTIME,ONTIME,ONTIME,ONTIME,,,,,,,,10:35,11:05,,,HAN,PQC,BKK,International,VJ,,,,,,,,,,,,
,2026-06-17,VJ130/VJ133,A632,A321,SGN-HAN-SGN,10:50,11:25,10:50,11:25,10:50,11:24,11:25,11:30,00:35,00:35,ONTIME,ONTIME,ONTIME,ONTIME,,,,,,,,10:45,11:22,,,HAN,SGN,SGN,Domestic,VJ,,,,,,,,,,,,
,2026-06-17,VJ422/VJ565,A544,A321,PXU-HAN-HUI,10:50,11:30,10:50,11:30,10:48,11:24,11:25,11:30,00:40,00:37,EARLY,ONTIME,ONTIME,ONTIME,,,,,,,,10:45,11:20,,,HAN,PXU,HUI,Domestic,VJ,,,,,,,,,,,,
,2026-06-17,VJ524/VJ507,A670,A321,DAD-HAN-DAD,11:00,11:35,11:00,11:35,11:30,11:59,12:00,12:08,00:35,00:30,DELAY,DELAY,DELAY,DELAY,,93,00:25,,,,,11:20,11:57,,,HAN,DAD,DAD,Domestic,VJ,,,,,,,,,,,,
,2026-06-17,____/VJ451,A676,A320,HAN-PQC,,11:45,,11:45,,11:29,11:30,11:40,,,EARLY,ONTIME,ONTIME,,,,,,,,,10:55,11:28,,,HAN,HAN,PQC,Domestic,VJ,,,,,,,,,,,,
,2026-06-17,VJ1772/VJ1453,A640,A321,CXR-HAN-PQC,11:15,11:50,11:15,12:30,12:00,12:24,12:25,12:32,01:15,00:25,EARLY,ONTIME,DELAY,DELAY,,,,,,,,11:55,12:22,,,HAN,CXR,PQC,Domestic,VJ,,,,,,,,,,,,
,2026-06-17,VJ462/VJ515,A687,A321,VCA-HAN-DAD,11:40,12:15,11:40,12:35,12:10,12:49,12:50,12:53,00:55,00:40,DELAY,ONTIME,DELAY,DELAY,,93,00:05,66,00:10,,,12:15,12:47,,CREW HN OB 1220,HAN,VCA,DAD,Domestic,VJ,,,,,,,,,,,,
,2026-06-17,VJ450/VJ137,A655,A320,PQC-HAN-SGN,11:15,12:20,11:15,12:20,11:35,12:19,12:20,12:30,01:05,00:45,ONTIME,ONTIME,ONTIME,DELAY,,,,,,,,11:50,12:17,,,HAN,PQC,SGN,Domestic,VJ,,,,,,,,,,,,
,2026-06-17,VJ128/VJ453,A526,A321,SGN-HAN-PQC,11:55,13:00,11:55,13:00,12:15,12:56,12:57,13:00,01:05,00:42,EARLY,ONTIME,ONTIME,DELAY,,,,,,,,12:15,12:52,,,HAN,SGN,PQC,Domestic,VJ,,,,,,,,,,,,
,2026-06-17,VJ432/VJ509,A675,A320,UIH-HAN-DAD,12:35,13:05,12:35,13:05,13:00,13:24,13:25,13:35,00:30,00:25,DELAY,DELAY,DELAY,DELAY,,93,00:20,,,,,12:52,12:22,,,HAN,UIH,DAD,Domestic,VJ,,,,,,,,,,,,
,2026-06-17,VJ939/VJ787,A575,A321,KIX-HAN-CXR,12:20,13:10,12:20,13:10,12:10,13:06,13:07,13:19,00:50,00:57,EARLY,ONTIME,ONTIME,ONTIME,,,,,,,,12:15,12:58,,,HAN,KIX,CXR,Domestic,VJ,,,,,,,,,,,,
,2026-06-17,VJ198/VJ433,A669,A320,SGN-HAN-UIH,12:40,13:20,12:40,13:20,12:55,13:19,13:20,13:24,00:40,00:25,ONTIME,ONTIME,ONTIME,ONTIME,,,,,,,,12:55,13:18,,,HAN,SGN,UIH,Domestic,VJ,,,,,,,,,,,,
,2026-06-17,VJ564/VJ948,A553,A321,HUI-HAN-RMQ,12:30,13:30,12:30,13:30,12:25,13:23,13:24,13:29,01:00,00:59,EARLY,ONTIME,ONTIME,ONTIME,,,,,,,,12:40,13:22,,,HAN,HUI,RMQ,International,VJ,,,,,,,,,,,,
,2026-06-17,VJ933/VJ143,A537,A321,NRT-HAN-SGN,13:05,14:05,13:05,14:05,13:10,14:04,14:05,14:19,01:00,00:55,ONTIME,ONTIME,ONTIME,ONTIME,,,,,,,,13:10,14:02,,,HAN,NRT,SGN,Domestic,VJ,,,,,,,,,,,,
,2026-06-17,VJ440/VJ441,A200,A321,PQC-HAN-PQC,13:30,14:05,13:30,14:20,13:50,14:19,14:20,14:33,00:50,00:30,ONTIME,ONTIME,DELAY,DELAY,,,,,,,,13:45,14:10,,,HAN,PQC,PQC,Domestic,VJ,,,,,,,,,,,,
,2026-06-17,VJ506/VJ525,A535,A321,DAD-HAN-DAD,12:20,14:05,12:20,14:05,13:00,14:04,14:05,14:15,01:45,01:05,ONTIME,ONTIME,ONTIME,DELAY,,,,,,,,13:15,14:00,,,HAN,DAD,DAD,Domestic,VJ,,,,,,,,,,,,
,2026-06-17,VJ981/VJ191,A698,A321,PUS-HAN-SGN,10:40,14:05,10:40,14:05,10:15,14:04,14:05,14:10,03:25,03:50,ONTIME,ONTIME,ONTIME,ONTIME,,,,,,,,13:15,13:49,,,HAN,PUS,SGN,Domestic,VJ,,,,,,,,,,,,
,2026-06-17,VJ134/VJ149,A697,A321,SGN-HAN-SGN,13:30,14:15,13:30,14:35,14:00,14:59,15:00,15:05,01:05,01:00,DELAY,DELAY,DELAY,DELAY,,15A,00:25,,,,,13:55,14:35,,OFFLOAD 3PAX 3BAG,HAN,SGN,SGN,Domestic,VJ,,,,,,,,,,,,
,2026-06-17,VJ921/VJ946,A543,A321,NGO-HAN-KHH,12:50,14:35,12:50,14:35,12:48,14:25,14:27,14:36,01:45,01:39,EARLY,ONTIME,ONTIME,ONTIME,,,,,,,,13:40,14:22,,,HAN,NGO,KHH,International,VJ,,,,,,,,,,,,
,2026-06-17,VJ426/VJ467,A641,A321,PXU-HAN-VCA,14:05,14:40,14:05,15:40,14:50,15:32,15:33,15:40,01:35,00:43,EARLY,ONTIME,DELAY,DELAY,,,,,,,,15:00,15:30,,,HAN,PXU,VCA,Domestic,VJ,,,,,,,,,,,,
,2026-06-17,VJ136/VJ145,A539,A321,SGN-HAN-SGN,14:10,14:45,14:10,14:45,14:15,14:52,14:53,14:57,00:35,00:38,DELAY,ONTIME,ONTIME,ONTIME,,66,00:08,,,,,14:25,14:50,,CREW HN OB 1427,HAN,SGN,SGN,Domestic,VJ,,,,,,,,,,,,
,2026-06-17,VJ961/VJ942,A552,A321,ICN-HAN-TPE,13:35,14:50,13:35,14:50,13:17,14:39,14:40,14:47,01:15,01:23,EARLY,ONTIME,ONTIME,ONTIME,,,,,,,,14:00,14:37,,,HAN,ICN,TPE,International,VJ,,,,,,,,,,,,
,2026-06-17,VJ1504/1505,A639,A321,DAD-HAN-DAD,14:15,14:50,14:15,14:50,14:20,14:49,14:50,14:56,00:35,00:30,ONTIME,ONTIME,ONTIME,ONTIME,,,,,,,,14:20,14:47,,,HAN,DAD,DAD,Domestic,VJ,,,,,,,,,,,,
,2026-06-17,VJ7707/VJ7707,A554,A321,KHV-HAN-CXR,14:25,14:55,14:25,14:55,14:40,15:03,15:04,15:10,00:30,00:24,DELAY,ONTIME,ONTIME,ONTIME,,93,00:09,,,,,,,X,,HAN,KHV,CXR,Domestic,VJ,,,,,,,,,,,,
,2026-06-17,VJ566/VJ423,A544,A321,HUI-HAN-PXU,14:30,15:05,14:30,15:05,14:45,15:14,15:15,15:20,00:35,00:30,DELAY,ONTIME,ONTIME,ONTIME,,93,00:10,,,,,14:40,15:13,,,HAN,HUI,PXU,Domestic,VJ,,,,,,,,,,,,
,2026-06-17,VJ1774/VJ1451,A685,A321,CXR-HAN-PQC,14:20,15:05,14:20,15:05,14:25,15:04,15:05,15:16,00:45,00:40,ONTIME,ONTIME,ONTIME,ONTIME,,,,,,,,14:35,15:05,,,HAN,CXR,PQC,Domestic,VJ,,,,,,,,,,,,
,2026-06-17,VJ494/VJ419,A636,A321,BMV-HAN-TBB,14:35,15:10,14:35,15:10,15:00,15:29,15:30,15:44,00:35,00:30,DELAY,DELAY,DELAY,DELAY,,93,00:20,,,,,15:00,15:26,,,HAN,BMV,TBB,Domestic,VJ,,,,,,,,,,,,
,2026-06-17,VJ510/VJ511,A500,A321,DAD-HAN-DAD,14:50,15:25,14:50,15:25,15:00,15:24,15:25,15:29,00:35,00:25,ONTIME,ONTIME,ONTIME,ONTIME,,,,,,,,14:50,15:22,,,HAN,DAD,DAD,Domestic,VJ,,,,,,,,,,,,
,2026-06-17,VJ770/VJ775,A814,A330,CXR-HAN-CXR,10:25,15:35,10:25,15:35,10:30,15:31,15:33,15:35,05:10,05:03,EARLY,ONTIME,ONTIME,ONTIME,,,,,,,,14:45,15:29,,,HAN,CXR,CXR,Domestic,VJ,,,,,,,,,,,,
,2026-06-17,VJ906/VJ439,A662,A320,KUL-HAN-UIH,14:40,15:40,14:40,15:40,15:00,15:37,15:38,15:50,01:00,00:38,EARLY,ONTIME,ONTIME,DELAY,,,,,,,,15:05,15:35,,,HAN,KUL,UIH,Domestic,VJ,,,,,,,,,,,,
,2026-06-17,VJ436/VJ903,A663,A320,UIH-HAN-BKK,14:10,15:45,14:10,15:45,14:15,15:42,15:43,15:56,01:35,01:28,EARLY,ONTIME,ONTIME,ONTIME,,,,,,,,15:00,15:40,,,HAN,UIH,BKK,International,VJ,,,,,,,,,,,,
,2026-06-17,VJ138/VJ147,A528,A321,SGN-HAN-SGN,15:15,15:50,15:15,15:50,15:20,15:54,15:55,16:04,00:35,00:35,DELAY,ONTIME,ONTIME,ONTIME,,93,00:05,,,,,15:20,15:52,,,HAN,SGN,SGN,Domestic,VJ,,,,,,,,,,,,
,2026-06-17,VJ464/VJ567,A658,A320,VCA-HAN-HUI,15:10,15:55,15:10,16:35,16:05,16:29,16:30,16:39,01:25,00:25,EARLY,ONTIME,DELAY,DELAY,,,,,,,,16:05,16:26,,,HAN,VCA,HUI,Domestic,VJ,,,,,,,,,,,,
,2026-06-17,VJ7620/VJ7620,A580,A321,CXR-HAN-BAX,15:10,16:00,15:10,16:00,15:10,15:48,15:50,16:00,00:50,00:40,EARLY,ONTIME,ONTIME,ONTIME,,,,,,,,,,X,,HAN,CXR,BAX,International,VJ,,,,,,,,,,,,
,2026-06-17,VJ508/VJ773,A687,A321,DAD-HAN-CXR,15:30,16:05,15:30,16:30,16:20,16:49,16:50,16:51,01:00,00:30,DELAY,DELAY,DELAY,DELAY,,93,00:20,,,,,16:10,16:47,,,HAN,DAD,CXR,Domestic,VJ,,,,,,,,,,,,
,2026-06-17,VJ142/VJ193,A630,A321,SGN-HAN-SGN,15:30,16:30,15:30,16:30,15:50,16:37,16:38,16:45,01:00,00:48,DELAY,ONTIME,ONTIME,DELAY,,,,99,00:08,,,15:50,16:35,,WAIT FOR CAPT ON GD,HAN,SGN,SGN,Domestic,VJ,,,,,,,,,,,,
,2026-06-17,VJ772/VJ513,A650,A320,CXR-HAN-DAD,15:55,16:35,15:55,16:35,15:50,16:29,16:30,16:43,00:40,00:40,EARLY,ONTIME,ONTIME,ONTIME,,,,,,,,15:50,16:24,,,HAN,CXR,DAD,Domestic,VJ,,,,,,,,,,,,
,2026-06-17,VJ140/VJ151,A632,A321,SGN-HAN-SGN,16:20,16:55,16:20,16:55,16:45,17:09,17:10,17:10,00:35,00:25,DELAY,ONTIME,ONTIME,DELAY,,93,00:15,,,,,16:45,17:05,,,HAN,SGN,SGN,Domestic,VJ,,,,,,,,,,,,
,2026-06-17,VJ2986/VJ2986,A516,A321,DAD-HAN-NOZ,16:20,16:55,16:20,16:55,16:50,17:19,17:20,17:25,00:35,00:30,DELAY,DELAY,DELAY,DELAY,,93,00:25,,,,,,,X,,HAN,DAD,NOZ,International,VJ,,,,,,,,,,,,
,2026-06-17,VJ902/VJ465,A642,A321,BKK-HAN-VCA,15:50,17:00,15:50,17:00,16:12,17:04,17:05,17:12,01:10,00:53,DELAY,ONTIME,ONTIME,DELAY,,,,66,00:05,,,16:15,17:00,,CHANGE CREW OB 1650,HAN,BKK,VCA,Domestic,VJ,,,,,,,,,,,,
,2026-06-17,VJ530/VJ495,A675,A320,DAD-HAN-BMV,16:15,17:30,16:15,17:30,17:05,17:24,17:25,17:38,01:15,00:20,EARLY,ONTIME,ONTIME,DELAY,,,,,,,,17:00,17:02,,,HAN,DAD,BMV,Domestic,VJ,,,,,,,,,,,,
,2026-06-17,VJ1454/VJ141,A640,A321,PQC-HAN-SGN,16:35,17:35,16:35,17:55,17:25,17:54,17:55,17:59,01:20,00:30,ONTIME,ONTIME,DELAY,DELAY,,,,,,,,17:25,17:52,,,HAN,PQC,SGN,Domestic,VJ,,,,,,,,,,,,
,2026-06-17,VJ454/VJ1431,A676,A320,PQC-HAN-UIH,16:45,17:40,16:45,17:40,16:41,17:30,17:31,17:46,00:55,00:50,EARLY,ONTIME,ONTIME,ONTIME,,,,,,,,16:45,17:27,,,HAN,PQC,UIH,Domestic,VJ,,,,,,,,,,,,
,2026-06-17,VJ528/VJ153,A535,A321,DAD-HAN-SGN,17:25,18:05,17:25,18:05,17:50,18:19,18:20,18:30,00:40,00:30,DELAY,ONTIME,DELAY,DELAY,,93,00:15,,,,,17:50,18:16,,,HAN,DAD,SGN,Domestic,VJ,,,,,,,,,,,,
,2026-06-17,VJ774/VJ517,A575,A321,CXR-HAN-DAD,17:30,18:05,17:30,18:20,17:40,18:19,18:20,18:20,00:50,00:40,ONTIME,ONTIME,ONTIME,ONTIME,,,,,,,,17:40,18:15,,LATE TAKEOFF DUE TO ATC,HAN,CXR,DAD,Domestic,VJ,,,,,,,,,,,,
,2026-06-17,VJ456/VJ781,A526,A321,PQC-HAN-CXR,17:45,18:20,17:45,18:20,17:55,18:16,18:17,18:25,00:35,00:22,EARLY,ONTIME,ONTIME,ONTIME,,,,,,,,17:55,18:14,,,HAN,PQC,CXR,Domestic,VJ,,,,,,,,,,,,
,2026-06-17,VJ144/VJ789,A529,A321,HAN-CXR,18:05,18:45,18:05,18:45,18:15,18:43,18:44,18:48,00:40,00:29,EARLY,ONTIME,ONTIME,ONTIME,,,,,,,,18:05,18:40,,,HAN,HAN,CXR,Domestic,VJ,,,,,,,,,,,,
,2026-06-17,VJ148/VJ155,A550,A321,SGN-HAN-SGN,18:25,19:00,18:25,19:00,18:55,19:23,19:24,19:30,00:35,00:29,DELAY,DELAY,DELAY,DELAY,,93,00:24,,,,,18:55,19:22,,,HAN,SGN,SGN,Domestic,VJ,,,,,,,,,,,,
,2026-06-17,VJ512/VJ521,A643,A321,DAD-HAN-DAD,18:40,19:15,18:40,19:15,18:30,19:13,19:15,19:20,00:35,00:45,ONTIME,ONTIME,ONTIME,ONTIME,,,,,,,,18:30,19:00,,,HAN,DAD,DAD,Domestic,VJ,,,,,,,,,,,,
,2026-06-17,VJ434/VJ561,A669,A320,UIH-HAN-HUI,17:10,19:15,17:10,19:15,17:15,19:14,19:15,19:20,02:05,02:00,ONTIME,ONTIME,ONTIME,ONTIME,,,,,,,,18:25,19:10,,LATE TAKEOFF DUE TO ATC,HAN,UIH,HUI,Domestic,VJ,,,,,,,,,,,,
,2026-06-17,VJ424/VJ519,A544,A321,PXU-HAN-DAD,18:45,19:25,18:45,19:25,19:10,19:44,19:45,19:47,00:40,00:35,DELAY,DELAY,DELAY,DELAY,,93,00:15,66,00:05,,,19:10,19:40,,,HAN,PXU,DAD,Domestic,VJ,,,,,,,,,,,,
,2026-06-17,VJ146/VJ157,A537,A321,SGN-HAN-SGN,19:00,19:35,19:00,19:35,19:20,20:03,20:04,20:15,00:35,00:44,DELAY,DELAY,DELAY,DELAY,,93,00:20,66,00:09,,,19:20,20:02,,,HAN,SGN,SGN,Domestic,VJ,,,,,,,,,,,,
,2026-06-17,VJ420/VJ523,A636,A321,TBB-HAN-DAD,19:15,19:50,19:15,19:50,19:30,19:59,20:00,20:03,00:35,00:30,DELAY,ONTIME,ONTIME,ONTIME,,93,00:10,,,,,19:30,19:55,,LATE TAKEOFF DUE TO ATC,HAN,TBB,DAD,Domestic,VJ,,,,,,,,,,,,
,2026-06-17,VJ568/VJ7712,A658,A320,HUI-HAN-PKX,18:55,19:55,18:55,20:45,20:05,20:44,20:45,20:50,01:50,00:40,ONTIME,ONTIME,DELAY,DELAY,,,,,,,,20:15,20:40,,,HAN,HUI,PKX,International,VJ,,,,,,,,,,,,
,2026-06-17,VJ438/VJ1785,A662,A320,UIH-HAN-CXR,19:25,19:55,19:25,20:15,19:40,20:04,20:05,20:25,00:50,00:25,EARLY,ONTIME,DELAY,ONTIME,,,,,,,,19:40,20:01,,,HAN,UIH,CXR,Domestic,VJ,,,,,,,,,,,,
,2026-06-17,VJ947/VJ907,A543,A321,KHH-HAN-BOM,20:35,20:05,20:35,21:00,20:40,21:19,21:20,21:27,00:25,00:40,DELAY,DELAY,DELAY,ONTIME,,93,00:10,66,00:10,,,21:48,21:17,,CREW HN OB 2148/ LATE TAKEOFF DUE TO ATC,HAN,KHH,BOM,International,VJ,,,,,,,,,,,,
,2026-06-17,VJ947/VJ455,A674,A321,KHH-HAN-PQC,17:25,20:05,17:25,20:05,17:30,19:57,19:58,20:10,02:40,02:28,EARLY,ONTIME,ONTIME,ONTIME,,,,,,,,19:20,19:55,,,HAN,KHH,PQC,Domestic,VJ,,,,,,,,,,,,
,2026-06-17,VJ442/VJ159,A200,A321,PQC-HAN-SGN,19:05,20:10,19:05,20:10,19:25,20:09,20:10,20:25,01:05,00:45,ONTIME,ONTIME,ONTIME,DELAY,,,,,,,,19:25,20:07,,,HAN,PQC,SGN,Domestic,VJ,,,,,,,,,,,,
,2026-06-17,VJ452/VJ7815,A667,A321,PQC-HAN-MNL,16:10,20:10,16:10,20:10,16:30,20:04,20:05,20:20,04:00,03:35,EARLY,ONTIME,ONTIME,DELAY,,,,,,,,19:20,20:00,,,HAN,PQC,MNL,International,VJ,,,,,,,,,,,,
,2026-06-17,VJ468/VJ161,A641,A321,VCA-HAN-SGN,19:50,20:55,19:50,21:45,21:20,21:49,21:50,21:55,01:55,00:30,DELAY,ONTIME,DELAY,DELAY,,93,00:05,,,,,21:20,21:45,,,HAN,VCA,SGN,Domestic,VJ,,,,,,,,,,,,
,2026-06-17,VJ904/VJ7238,A663,A320,BKK-HAN-PVG,20:25,21:15,20:25,21:15,20:40,21:24,21:25,21:30,00:50,00:45,DELAY,ONTIME,ONTIME,ONTIME,,66,00:10,,,,,20:55,21:21,,,HAN,BKK,PVG,International,VJ,,,,,,,,,,,,
,2026-06-17,VJ154/VJ163,A546,A321,SGN-HAN-SGN,20:55,21:25,20:55,21:25,21:15,21:44,21:45,21:50,00:30,00:30,DELAY,DELAY,DELAY,DELAY,,93,00:20,,,,,21:15,21:42,,,HAN,SGN,SGN,Domestic,VJ,,,,,,,,,,,,
,2026-06-17,VJ516/VJ527,A650,A320,DAD-HAN-DAD,19:45,21:25,19:45,21:25,20:25,21:34,21:35,21:38,01:40,01:10,DELAY,ONTIME,ONTIME,DELAY,,,,95,00:10,,,20:40,22:20,,CREW VJ194 OB 2115,HAN,DAD,DAD,Domestic,VJ,,,,,,,,,,,,
,2026-06-17,VJ776/VJ7526,A687,A321,CXR-HAN-CAN,20:20,22:30,20:20,22:30,21:25,22:24,22:25,22:25,02:10,01:00,EARLY,ONTIME,ONTIME,DELAY,,,,,,,,21:45,22:21,,,HAN,CXR,CAN,International,VJ,,,,,,,,,,,,
,2026-06-17,VJ518/VJ529,A629,A321,DAD-HAN-DAD,22:05,22:35,22:05,22:35,22:05,22:29,22:30,22:33,00:30,00:25,EARLY,ONTIME,ONTIME,ONTIME,,,,,,,,22:05,22:26,,,HAN,DAD,DAD,Domestic,VJ,,,,,,,,,,,,
,2026-06-17,VJ466/VJ533,A642,A321,VCA-HAN-DAD,21:50,23:05,21:50,23:05,22:05,22:54,22:55,22:58,01:15,00:50,EARLY,ONTIME,ONTIME,ONTIME,,,,,,,,22:20,22:50,,,HAN,VCA,DAD,Domestic,VJ,,,,,,,,,,,,
,2026-06-17,VJ1452/VJ962,A685,A321,PQC-HAN-ICN,19:50,23:15,19:50,23:15,20:25,23:14,23:15,23:17,03:25,02:50,ONTIME,ONTIME,ONTIME,DELAY,,,,,,,,22:30,23:12,,,HAN,PQC,ICN,International,VJ,,,,,,,,,,,,
,2026-06-17,VJ522/VJ169,A544,A321,DAD-HAN-SGN,22:40,23:25,22:40,01:20,23:15,01:44,01:45,01:50,02:40,02:30,DELAY,DELAY,DELAY,DELAY,,61,00:25,,,,,00:50,01:40,,CHANGE FLIGHTPLAN,HAN,DAD,SGN,Domestic,VJ,,,,,,,,,,,,
,2026-06-18,____/VJ932,A536,A321,HAN-NRT,,00:30,,00:30,,00:22,00:23,00:27,,,EARLY,ONTIME,ONTIME,,,,,,,,,23:45,00:20,,,HAN,HAN,NRT,International,VJ,,,,,,,,,,,,
,2026-06-18,____/VJ938,A552,A321,HAN-KIX,,01:20,,01:20,,01:09,01:10,01:12,,,EARLY,ONTIME,ONTIME,,,,,,,,,00:20,01:06,,,HAN,HAN,KIX,International,VJ,,,,,,,,,,,,
,2026-06-18,____/VJ960,A553,A321,HAN-ICN,,01:40,,01:40,,01:39,01:40,01:46,,,ONTIME,ONTIME,ONTIME,,,,,,,,,00:50,01:37,,,HAN,HAN,ICN,International,VJ,,,,,,,,,,,,
,2026-06-18,____/VJ958,A575,A321,HAN-FUK,,02:05,,02:05,,01:57,01:58,02:00,,,EARLY,ONTIME,ONTIME,,,,,,,,,02:00,01:55,,,HAN,HAN,FUK,International,VJ,,,,,,,,,,,,
,2026-06-18,____/VJ1980,A669,A320,HAN-FSZ,,02:40,,02:40,,02:26,02:27,02:35,,,EARLY,ONTIME,ONTIME,,,,,,,,,01:50,02:24,,,HAN,HAN,FSZ,International,VJ,,,,,,,,,,,,
,2026-06-18,____/VJ123,A526,A321,HAN-SGN,,05:30,,05:30,,05:24,05:25,05:35,,,EARLY,ONTIME,ONTIME,,,,,,,,,04:40,05:22,,,HAN,HAN,SGN,Domestic,VJ,,,,,,,,,,,,
,2026-06-18,____/VJ445,A644,A321,HAN-PQC,,05:30,,05:30,,05:22,05:23,05:26,,,EARLY,ONTIME,ONTIME,,,,,,,,,04:45,05:20,,,HAN,HAN,PQC,Domestic,VJ,,,,,,,,,,,,
,2026-06-18,____/VJ501,A667,A321,HAN-DAD,,05:40,,05:40,,05:34,05:35,05:40,,,EARLY,ONTIME,ONTIME,,,,,,,,,04:50,05:30,,LATE TAKEOFF DUE TO ATC,HAN,HAN,DAD,Domestic,VJ,,,,,,,,,,,,
,2026-06-18,____/VJ771,A675,A320,HAN-CXR,,05:45,,05:45,,05:37,05:38,05:41,,,EARLY,ONTIME,ONTIME,,,,,,,,,05:00,05:35,,,HAN,HAN,CXR,Domestic,VJ,,,,,,,,,,,,
,2026-06-18,____/VJ121,A641,A321,HAN-SGN,,06:00,,06:00,,05:54,05:55,06:05,,,EARLY,ONTIME,ONTIME,,,,,,,,,05:15,05:50,,,HAN,HAN,SGN,Domestic,VJ,,,,,,,,,,,,
,2026-06-18,____/VJ491,A636,A321,HAN-BMV,,06:00,,06:00,,05:54,05:55,06:00,,,EARLY,ONTIME,ONTIME,,,,,,,,,05:10,05:50,,LATE TAKEOFF DUE TO ATC,HAN,HAN,BMV,Domestic,VJ,,,,,,,,,,,,
,2026-06-18,____/VJ952,A663,A320,HAN-HIJ,,06:15,,06:15,,06:14,06:15,06:25,,,ONTIME,ONTIME,ONTIME,,,,,,,,,05:25,06:10,,LATE TAKEOFF DUE TO ATC,HAN,HAN,HIJ,International,VJ,,,,,,,,,,,,
,2026-06-18,____/VJ531,A539,A321,HAN-DAD,,06:30,,06:30,,06:29,06:30,06:40,,,ONTIME,ONTIME,ONTIME,,,,,,,,,05:45,06:25,,,HAN,HAN,DAD,Domestic,VJ,,,,,,,,,,,,
,2026-06-18,____/VJ461,A671,A320,HAN-VCA,,06:45,,06:45,,06:34,06:35,07:10,,,EARLY,ONTIME,DELAY,,,,,,,,,05:55,06:30,,LATE PUSHBACK TAKEOFF DUE TO ATC,HAN,HAN,VCA,Domestic,VJ,,,,,,,,,,,,
,2026-06-18,VJ2987/VJ2987,A516,A321,NOZ-HAN-DAD,06:15,06:45,06:15,06:45,06:30,06:44,06:45,07:28,00:30,00:15,ONTIME,ONTIME,DELAY,ONTIME,,,,,,,,,,X,LATE PUSHBACK DUE TO ATC,HAN,NOZ,DAD,Domestic,VJ,,,,,,,,,,,,
,2026-06-18,____/VJ125,A648,A321,HAN-SGN,,07:00,,07:00,,06:59,07:00,07:40,,,ONTIME,ONTIME,DELAY,,,,,,,,,06:10,06:58,,LATE PUSHBACK TAKEOFF DUE TO ATC,HAN,HAN,SGN,Domestic,VJ,,,,,,,,,,,,
,2026-06-18,VJ7527/VJ1771,A687,A321,CAN-HAN-CXR,03:05,07:00,03:05,07:00,03:10,06:57,06:58,07:30,03:55,03:48,EARLY,ONTIME,DELAY,ONTIME,,,,,,,,06:15,06:55,,LATE PUSHBACK DUE TO ATC,HAN,CAN,CXR,Domestic,VJ,,,,,,,,,,,,
,2026-06-18,____/VJ421,A658,A320,HAN-PXU,,07:10,,07:10,,07:09,07:10,08:25,,,ONTIME,ONTIME,DELAY,,,,,,,,,06:20,07:05,,LATE PUSHBACK DUE TO ATC,HAN,HAN,PXU,Domestic,VJ,,,,,,,,,,,,
,2026-06-18,VJ502/VJ503,A643,A321,DAD-HAN-DAD,07:00,07:30,07:00,07:30,07:00,07:36,07:36,08:15,00:30,00:36,DELAY,ONTIME,DELAY,ONTIME,,99,00:06,,,,,07:00,07:25,,ARRANGE CABIN BAG/LATE PUSHBACK DUE TO ATC,HAN,DAD,DAD,Domestic,VJ,,,,,,,,,,,,
,2026-06-18,____/VJ431,A662,A320,HAN-UIH,,07:40,,07:40,,07:31,07:32,08:49,,,EARLY,ONTIME,DELAY,,,,,,,,,06:50,07:28,,LATE PUSHBACK DUE TO ATC,HAN,HAN,UIH,Domestic,VJ,,,,,,,,,,,,
,2026-06-18,VJ120/VJ127,A689,A320,SGN-HAN-SGN,07:10,08:10,07:10,08:10,07:20,08:06,08:07,08:25,01:00,00:47,EARLY,ONTIME,ONTIME,ONTIME,,,,,,,,07:20,08:03,,,HAN,SGN,SGN,Domestic,VJ,,,,,,,,,,,,
,2026-06-18,____/VJ929,A529,A321,HAN-CGK,,08:40,,08:40,,08:37,08:37,08:55,,,EARLY,ONTIME,ONTIME,,,,,,,,,07:55,08:34,,,HAN,HAN,CGK,International,VJ,,,,,,,,,,,,
,2026-06-18,VJ124/VJ129,A656,A320,SGN-HAN-SGN,08:15,08:45,08:15,08:45,08:25,08:49,08:50,08:59,00:30,00:25,DELAY,ONTIME,ONTIME,ONTIME,,93,00:05,,,,,08:25,08:48,,,HAN,SGN,SGN,Domestic,VJ,,,,,,,,,,,,
,2026-06-18,____/VJ447,A550,A321,HAN-PQC,,08:45,,08:45,,08:42,08:43,09:15,,,EARLY,ONTIME,DELAY,,,,,,,,,08:00,08:39,,LATE PUSHBACK DUE TO ATC,HAN,HAN,PQC,Domestic,VJ,,,,,,,,,,,,
,2026-06-18,VJ504/VJ435,A650,A320,DAD-HAN-UIH,08:20,08:50,08:20,08:50,08:35,08:53,08:54,09:22,00:30,00:19,DELAY,ONTIME,DELAY,ONTIME,,93,00:04,,,,,08:25,08:51,,LATE PUSHBACK DUE TO ATC,HAN,DAD,UIH,Domestic,VJ,,,,,,,,,,,,
,2026-06-18,VJ7621/VJ7621,A580,A321,BAX-HAN-CXR,08:30,09:00,08:30,09:00,08:45,08:59,09:00,09:28,00:30,00:15,ONTIME,ONTIME,DELAY,ONTIME,,,,,,,,,,X,LATE PUSHBACK DUE TO ATC,HAN,BAX,CXR,Domestic,VJ,,,,,,,,,,,,
,2026-06-18,VJ514/VJ563,A667,A321,DAD-HAN-HUI,08:50,09:20,08:50,09:20,09:10,09:34,09:35,09:44,00:30,00:25,DELAY,ONTIME,DELAY,DELAY,,93,00:15,,,,,09:00,09:30,,,HAN,DAD,HUI,Domestic,VJ,,,,,,,,,,,,
,2026-06-18,____/VJ915,A538,A321,HAN-SIN,,09:35,,09:35,,09:29,09:30,09:36,,,EARLY,ONTIME,ONTIME,,,,,,,,,08:50,09:25,,,HAN,HAN,SIN,International,VJ,,,,,,,,,,,,
,2026-06-18,____/VJ1773,A535,A321,HAN-CXR,,10:00,,10:00,,09:59,10:00,10:07,,,ONTIME,ONTIME,ONTIME,,,,,,,,,09:10,09:56,,,HAN,HAN,CXR,Domestic,VJ,,,,,,,,,,,,
,2026-06-18,VJ963/VJ131,A685,A321,ICN-HAN-SGN,08:55,10:10,08:55,11:00,08:52,10:54,10:55,10:56,02:05,02:03,EARLY,ONTIME,DELAY,ONTIME,,,,,,,,10:05,10:53,,WAIT CREW VJ126 OB 1022,HAN,ICN,SGN,Domestic,VJ,,,,,,,,,,,,
,2026-06-18,____/VJ135,A697,A321,HAN-SGN,,10:10,,10:10,,10:09,10:10,10:15,,,ONTIME,ONTIME,ONTIME,,,,,,,,,09:30,10:05,,,HAN,HAN,SGN,Domestic,VJ,,,,,,,,,,,,
,2026-06-18,VJ532/VJ425,A539,A321,DAD-HAN-PXU,09:45,10:20,09:45,11:00,10:25,10:57,10:58,11:00,01:15,00:33,EARLY,ONTIME,DELAY,DELAY,,,,,,,,10:11,10:55,,,HAN,DAD,PXU,Domestic,VJ,,,,,,,,,,,,
,2026-06-18,VJ910/VJ463,A543,A321,BOM-HAN-VCA,07:10,10:20,07:10,10:20,08:12,10:18,10:19,10:24,03:10,02:07,EARLY,ONTIME,ONTIME,DELAY,,,,,,,,09:40,10:15,,,HAN,BOM,VCA,Domestic,VJ,,,,,,,,,,,,
,2026-06-18,____/VJ997,A693,A321,SGN-HAN-DPS,,10:25,,10:25,,10:19,10:20,10:22,,,EARLY,ONTIME,ONTIME,,,,,,,,,09:35,10:16,,,HAN,SGN,DPS,International,VJ,,,,,,,,,,,,
,2026-06-18,VJ770/VJ437,A675,A320,CXR-HAN-UIH,09:55,10:25,09:55,10:25,10:10,10:34,10:35,10:35,00:30,00:25,DELAY,ONTIME,ONTIME,ONTIME,,93,00:10,,,,,10:10,10:32,,,HAN,CXR,UIH,Domestic,VJ,,,,,,,,,,,,
,2026-06-18,VJ492/VJ493,A636,A321,BMV-HAN-BMV,10:00,10:30,10:00,10:30,10:20,10:39,10:40,10:44,00:30,00:20,DELAY,ONTIME,ONTIME,DELAY,,93,00:10,,,,,10:15,10:37,,,HAN,BMV,BMV,Domestic,VJ,,,,,,,,,,,,
,2026-06-18,____/VJ565,A676,A320,HAN-HUI,,10:30,,10:30,,10:29,10:30,10:35,,,ONTIME,ONTIME,ONTIME,,,,,,,,,09:40,10:25,,,HAN,HAN,HUI,Domestic,VJ,,,,,,,,,,,,
,2026-06-18,VJ156/VJ901,A522,A321,SGN-HAN-BKK,09:00,11:10,09:00,11:10,09:05,11:02,11:03,11:05,02:10,01:58,EARLY,ONTIME,ONTIME,ONTIME,,,,,,,,10:15,11:00,,,HAN,SGN,BKK,International,VJ,,,,,,,,,,,,
,2026-06-18,VJ524/VJ507,A643,A321,DAD-HAN-DAD,10:40,11:10,11:40,12:10,12:00,12:28,12:29,12:35,00:30,00:29,DELAY,DELAY,DELAY,DELAY,,93,00:19,,,,,11:50,12:25,,,HAN,DAD,DAD,Domestic,VJ,,,,,,,,,,,,
,2026-06-18,VJ130/VJ133,A526,A321,SGN-HAN-SGN,10:50,11:20,10:50,11:20,11:00,11:33,11:34,11:35,00:30,00:34,DELAY,ONTIME,ONTIME,ONTIME,,93,00:10,66,00:04,,,11:03,11:30,,CREW OB 1110,HAN,SGN,SGN,Domestic,VJ,,,,,,,,,,,,
,2026-06-18,VJ422/VJ451,A658,A320,PXU-HAN-PQC,10:50,11:45,10:50,12:25,11:45,12:19,12:20,12:23,01:35,00:35,EARLY,ONTIME,DELAY,DELAY,,,,,,,,11:45,12:18,,,HAN,PXU,PQC,Domestic,VJ,,,,,,,,,,,,
,2026-06-18,VJ1772/VJ1453,A687,A321,CXR-HAN-PQC,11:15,11:50,11:15,13:20,13:20,13:57,13:58,14:03,02:05,00:38,DELAY,DELAY,DELAY,DELAY,,93,00:30,66,00:08,,,12:55,13:45,,CREW OB 1325,HAN,CXR,PQC,Domestic,VJ,,,,,,,,,,,,
,2026-06-18,VJ430/VJ515,A662,A320,UIH-HAN-DAD,11:25,12:10,11:25,13:30,13:00,14:09,14:10,14:17,02:05,01:10,DELAY,DELAY,DELAY,DELAY,,95,00:40,,,,,13:35,14:07,,CREW 1772 OB 1340,HAN,UIH,DAD,Domestic,VJ,,,,,,,,,,,,
,2026-06-18,VJ462/VJ137,A671,A320,VCA-HAN-SGN,11:40,12:20,11:40,12:45,12:30,12:59,13:00,13:05,01:05,00:30,DELAY,ONTIME,DELAY,DELAY,,93,00:10,66,00:05,,,12:37,12:57,,CREW OB 1240,HAN,VCA,SGN,Domestic,VJ,,,,,,,,,,,,
,2026-06-18,VJ448/VJ453,A644,A321,PQC-HAN-PQC,10:15,13:00,10:15,13:00,10:30,12:59,13:00,13:07,02:45,02:30,ONTIME,ONTIME,ONTIME,ONTIME,,,,,,,,12:15,12:56,,,HAN,PQC,PQC,Domestic,VJ,,,,,,,,,,,,
,2026-06-18,VJ959/VJ787,A575,A321,FUK-HAN-CXR,11:25,13:10,11:25,13:10,11:40,13:00,13:01,13:10,01:45,01:21,EARLY,ONTIME,ONTIME,ONTIME,,,,,,,,12:20,12:57,,,HAN,FUK,CXR,Domestic,VJ,,,,,,,,,,,,
,2026-06-18,VJ432/VJ509,A650,A320,UIH-HAN-DAD,12:35,13:15,12:35,13:50,13:30,14:04,14:05,14:08,01:15,00:35,DELAY,ONTIME,DELAY,DELAY,,93,00:10,66,00:05,,,13:30,14:01,,CREW OB 1336,HAN,UIH,DAD,Domestic,VJ,,,,,,,,,,,,
,2026-06-18,VJ564/VJ433,A667,A321,HUI-HAN-UIH,12:20,13:20,12:20,13:20,13:10,13:37,13:38,13:43,01:00,00:28,DELAY,DELAY,DELAY,DELAY,,93,00:18,,,,,13:15,13:35,,,HAN,HUI,UIH,Domestic,VJ,,,,,,,,,,,,
,2026-06-18,____/VJ948,A647,A321,HAN-RMQ,,13:30,,13:30,,13:19,13:20,13:27,,,EARLY,ONTIME,ONTIME,,,,,,,,,12:35,13:18,,,HAN,HAN,RMQ,International,VJ,,,,,,,,,,,,
,2026-06-18,VJ961/VJ525,A553,A321,ICN-HAN-DAD,13:35,14:05,13:35,14:05,13:42,14:24,14:25,14:30,00:30,00:43,DELAY,DELAY,DELAY,ONTIME,,93,00:07,66,00:08,99,00:05,13:42,14:19,,CREW OB 1350 / LATE ACCEPT 12 LATE 6 BAG,HAN,ICN,DAD,Domestic,VJ,,,,,,,,,,,,
,2026-06-18,VJ128/VJ143,A648,A321,SGN-HAN-SGN,11:50,14:05,11:50,14:05,13:15,14:04,14:05,14:10,02:15,00:50,ONTIME,ONTIME,ONTIME,DELAY,,,,,,,,13:15,14:01,,,HAN,SGN,SGN,Domestic,VJ,,,,,,,,,,,,
,2026-06-18,VJ939/VJ942,A552,A321,KIX-HAN-TPE,12:20,14:25,12:20,14:25,12:50,14:29,14:30,14:36,02:05,01:40,DELAY,ONTIME,ONTIME,DELAY,,15A,00:05,,,,,13:50,14:28,,"OFFLOAD 2 PAX, 2 BAG",HAN,KIX,TPE,International,VJ,,,,,,,,,,,,
,2026-06-18,VJ566/VJ467,A676,A320,HUI-HAN-VCA,13:30,14:30,13:30,14:30,14:05,14:34,14:35,14:39,01:00,00:30,DELAY,ONTIME,ONTIME,DELAY,,93,00:05,,,,,14:05,14:31,,,HAN,HUI,VCA,Domestic,VJ,,,,,,,,,,,,
,2026-06-18,VJ1504/VJ1505,A634,A321,DAD-HAN-DAD,14:00,14:35,14:00,14:35,14:30,14:59,15:00,15:08,00:35,00:30,DELAY,DELAY,DELAY,DELAY,,93,00:25,,,,,14:20,14:58,,,HAN,DAD,DAD,Domestic,VJ,,,,,,,,,,,,
,2026-06-18,VJ933/VJ946,A536,A321,NRT-HAN-KHH,13:05,14:35,13:05,14:35,13:30,14:29,14:30,14:33,01:30,01:00,EARLY,ONTIME,ONTIME,DELAY,,,,,,,,13:45,14:25,,,HAN,NRT,KHH,International,VJ,,,,,,,,,,,,
,2026-06-18,VJ440/VJ441,A550,A321,PQC-HAN-PQC,13:30,14:35,13:30,14:55,14:20,14:49,14:50,14:50,01:25,00:30,EARLY,ONTIME,ONTIME,DELAY,,,,,,,,14:20,14:48,,,HAN,PQC,PQC,Domestic,VJ,,,,,,,,,,,,
,2026-06-18,VJ136/VJ145,A641,A321,SGN-HAN-SGN,14:10,14:45,14:10,15:25,15:00,15:34,15:35,15:49,01:15,00:35,DELAY,ONTIME,DELAY,DELAY,,93,00:05,66,00:05,,,14:55,15:33,,CREW OB 1509,HAN,SGN,SGN,Domestic,VJ,,,,,,,,,,,,
,2026-06-18,VJ436/VJ423,A675,A320,UIH-HAN-PXU,14:10,15:05,14:10,15:05,14:25,15:09,15:10,15:16,00:55,00:45,DELAY,ONTIME,ONTIME,ONTIME,,15A,00:05,,,,,14:25,15:03,,OFFLOAD 03PAX+01BAG,HAN,UIH,PXU,Domestic,VJ,,,,,,,,,,,,
,2026-06-18,VJ426/VJ1451,A539,A321,PXU-HAN-PQC,14:05,15:05,14:05,15:05,14:35,15:19,15:20,15:20,01:00,00:45,DELAY,ONTIME,ONTIME,DELAY,,63A,00:15,,,,,14:35,15:18,,CREW SHOW UP LATE OB 1454,HAN,PXU,PQC,Domestic,VJ,,,,,,,,,,,,
,2026-06-18,VJ1774/VJ511,A535,A321,CXR-HAN-DAD,14:20,15:05,14:20,15:05,15:05,15:34,15:35,15:40,00:45,00:30,DELAY,DELAY,DELAY,DELAY,,93,00:30,,,,,15:00,15:31,,,HAN,CXR,DAD,Domestic,VJ,,,,,,,,,,,,
,2026-06-18,VJ494/VJ419,A636,A321,BMV-HAN-TBB,14:30,15:10,14:30,15:25,14:40,15:24,15:25,15:25,00:55,00:45,ONTIME,ONTIME,ONTIME,ONTIME,,,,,,,,14:40,15:21,,,HAN,BMV,TBB,Domestic,VJ,,,,,,,,,,,,
,2026-06-18,VJ1981/VJ439,A669,A320,FSZ-HAN-UIH,14:00,15:40,14:00,15:40,14:10,15:38,15:40,15:42,01:40,01:30,ONTIME,ONTIME,ONTIME,ONTIME,,,,,,,,15:00,15:35,,,HAN,FSZ,UIH,Domestic,VJ,,,,,,,,,,,,
,2026-06-18,VJ138/VJ147,A546,A321,SGN-HAN-SGN,15:15,15:45,15:15,15:45,15:40,16:09,16:10,16:15,00:30,00:30,DELAY,DELAY,DELAY,DELAY,,93,00:25,,,,,15:35,16:08,,,HAN,SGN,SGN,Domestic,VJ,,,,,,,,,,,,
,2026-06-18,VJ134/VJ903,A656,A320,SGN-HAN-BKK,13:30,15:45,13:30,15:45,14:40,15:36,15:38,15:45,02:15,00:58,EARLY,ONTIME,ONTIME,DELAY,,,,,,,,15:10,15:35,,,HAN,SGN,BKK,International,VJ,,,,,,,,,,,,
,2026-06-18,VJ464/VJ567,A543,A321,VCA-HAN-HUI,15:10,15:55,15:10,15:55,15:25,15:54,15:55,16:02,00:45,00:30,ONTIME,ONTIME,ONTIME,ONTIME,,,,,,,,15:20,15:50,,,HAN,VCA,HUI,Domestic,VJ,,,,,,,,,,,,
,2026-06-18,VJ508/VJ773,A662,A320,DAD-HAN-CXR,15:25,16:00,15:25,17:55,17:40,18:04,18:05,18:12,02:30,00:25,DELAY,ONTIME,DELAY,DELAY,,93,00:10,,,,,17:37,18:03,,,HAN,DAD,CXR,Domestic,VJ,,,,,,,,,,,,
,2026-06-18,VJ510/VJ913,A635,A321,DAD-HAN-SAI,14:35,16:20,14:35,16:20,15:25,16:19,16:20,16:30,01:45,00:55,ONTIME,ONTIME,ONTIME,DELAY,,,,,,,,15:46,16:18,,,HAN,DAD,SAI,International,VJ,,,,,,,,,,,,
,2026-06-18,VJ142/VJ193,A697,A321,SGN-HAN-SGN,15:30,16:30,15:30,16:30,15:40,16:27,16:28,16:37,01:00,00:48,EARLY,ONTIME,ONTIME,ONTIME,,,,,,,,15:45,16:25,,,HAN,SGN,SGN,Domestic,VJ,,,,,,,,,,,,
,2026-06-18,VJ140/VJ151,A655,A320,SGN-HAN-SGN,16:20,16:50,16:20,16:50,16:45,17:24,17:25,17:35,00:30,00:40,DELAY,DELAY,DELAY,DELAY,,93,00:20,41,00:15,,,16:50,17:18,,DL41 TECHNICAL CHECK,HAN,SGN,SGN,Domestic,VJ,,,,,,,,,,,,
,2026-06-18,VJ1454/VJ457,A687,A321,PQC-HAN-PQC,16:35,17:15,16:35,19:55,19:32,20:00,20:02,20:12,03:20,00:30,DELAY,ONTIME,DELAY,DELAY,,93,00:07,,,,,19:25,20:00,,,HAN,PQC,PQC,Domestic,VJ,,,,,,,,,,,,
,2026-06-18,VJ953/VJ495,A663,A320,HIJ-HAN-BMV,16:10,17:30,16:10,17:30,16:23,17:29,17:30,17:32,01:20,01:07,ONTIME,ONTIME,ONTIME,ONTIME,,,,,,,,16:35,17:25,,,HAN,HIJ,BMV,Domestic,VJ,,,,,,,,,,,,
,2026-06-18,VJ530/VJ1431,A650,A320,DAD-HAN-UIH,16:25,17:40,16:25,17:50,17:40,18:01,18:03,18:05,01:25,00:23,DELAY,ONTIME,DELAY,DELAY,,93,00:13,,,,,17:30,18:00,,,HAN,DAD,UIH,Domestic,VJ,,,,,,,,,,,,
,2026-06-18,VJ434/VJ465,A667,A321,UIH-HAN-VCA,17:10,17:40,17:10,17:55,17:20,17:52,17:54,17:55,00:45,00:34,EARLY,ONTIME,ONTIME,ONTIME,,,,,,,,17:10,17:51,,,HAN,UIH,VCA,Domestic,VJ,,,,,,,,,,,,
,2026-06-18,VJ774/VJ517,A673,A321,CXR-HAN-DAD,17:30,18:00,17:30,18:00,17:50,18:19,18:20,18:30,00:30,00:30,DELAY,DELAY,DELAY,DELAY,,93,00:20,,,,,17:50,18:18,,,HAN,CXR,DAD,Domestic,VJ,,,,,,,,,,,,
,2026-06-18,VJ902/VJ781,A522,A321,BKK-HAN-CXR,15:50,18:15,15:50,18:15,16:00,18:09,18:10,18:14,02:25,02:10,EARLY,ONTIME,ONTIME,ONTIME,,,,,,,,17:20,18:07,,,HAN,BKK,CXR,Domestic,VJ,,,,,,,,,,,,
,2026-06-18,VJ916/VJ141,A538,A321,SIN-HAN-SGN,17:25,18:20,17:25,18:20,17:07,18:19,18:20,18:28,00:55,01:13,ONTIME,ONTIME,ONTIME,ONTIME,,,,,,,,17:44,18:18,,,HAN,SIN,SGN,Domestic,VJ,,,,,,,,,,,,
,2026-06-18,VJ528/VJ153,A553,A321,DAD-HAN-SGN,17:25,18:25,17:25,19:00,18:25,18:59,19:00,19:07,01:35,00:35,ONTIME,ONTIME,DELAY,DELAY,,,,,,,,18:25,18:58,,,HAN,DAD,SGN,Domestic,VJ,,,,,,,,,,,,
,2026-06-18,VJ512/VJ155,A535,A321,DAD-HAN-SGN,18:15,18:55,18:15,19:40,19:45,20:19,20:20,20:27,01:25,00:35,DELAY,DELAY,DELAY,DELAY,,93,00:35,66,00:05,,,19:47,20:18,,CREW OB 1955,HAN,DAD,SGN,Domestic,VJ,,,,,,,,,,,,
,2026-06-18,VJ456/VJ521,A644,A321,PQC-HAN-DAD,17:45,18:55,17:45,18:55,18:00,18:54,18:55,18:59,01:10,00:55,ONTIME,ONTIME,ONTIME,ONTIME,,,,,,,,18:15,18:50,,,HAN,PQC,DAD,Domestic,VJ,,,,,,,,,,,,
,2026-06-18,VJ148/VJ789,A661,A321,SGN-HAN-CXR,18:25,19:05,18:25,19:05,18:40,19:04,19:05,19:12,00:40,00:25,ONTIME,ONTIME,ONTIME,ONTIME,,,,,,,,18:35,19:02,,,HAN,SGN,CXR,Domestic,VJ,,,,,,,,,,,,
,2026-06-18,VJ146/VJ519,A648,A321,SGN-HAN-DAD,18:55,19:25,18:55,19:25,19:50,20:19,20:20,20:30,00:30,00:30,DELAY,DELAY,DELAY,DELAY,,93,00:55,,,,,19:38,20:18,,,HAN,SGN,DAD,Domestic,VJ,,,,,,,,,,,,
,2026-06-18,VJ424/VJ1127,A675,A320,PXU-HAN-SGN,18:45,19:35,18:45,19:35,18:45,19:34,19:35,19:45,00:50,00:50,ONTIME,ONTIME,ONTIME,ONTIME,,,,,,,,18:45,19:30,,,HAN,PXU,SGN,Domestic,VJ,,,,,,,,,,,,
,2026-06-18,VJ928/VJ971,A529,A321,CGK-HAN-DEL,18:15,19:40,18:15,20:20,18:55,20:39,20:40,20:47,02:05,01:45,DELAY,DELAY,DELAY,DELAY,,99,00:20,,,,,19:35,20:37,,DL99 WAIT 25PAX 31BAG FR VJ1454,HAN,CGK,DEL,International,VJ,,,,,,,,,,,,
,2026-06-18,VJ144/VJ1925,A200,A321,SGN-HAN-AMD,18:05,19:45,18:05,19:45,18:29,19:54,19:55,20:00,01:40,01:26,DELAY,ONTIME,ONTIME,DELAY,,99,00:10,,,,,19:05,19:48,,DL99 LATE ACCEPT 3PAX 3BAG,HAN,SGN,AMD,International,VJ,,,,,,,,,,,,
,2026-06-18,VJ442/VJ157,A550,A321,PQC-HAN-SGN,19:05,19:45,19:05,20:40,20:15,20:48,20:50,20:57,01:35,00:35,DELAY,ONTIME,DELAY,DELAY,,93,00:05,66,00:05,,,20:15,20:46,,CREW OB 2026,HAN,PQC,SGN,Domestic,VJ,,,,,,,,,,,,
,2026-06-18,VJ420/VJ561,A636,A321,TBB-HAN-HUI,19:15,19:45,19:15,20:05,19:20,20:04,20:05,20:15,00:50,00:45,ONTIME,ONTIME,DELAY,ONTIME,,,,,,,,19:20,20:00,,,HAN,TBB,HUI,Domestic,VJ,,,,,,,,,,,,
,2026-06-18,VJ568/VJ523,A543,A321,HUI-HAN-DAD,18:55,19:45,18:55,19:45,19:27,19:56,19:57,20:00,00:50,00:30,DELAY,ONTIME,ONTIME,DELAY,,93,00:12,,,,,19:20,19:55,,,HAN,HUI,DAD,Domestic,VJ,,,,,,,,,,,,
,2026-06-18,VJ438/VJ1785,A669,A320,UIH-HAN-CXR,19:25,19:55,19:25,19:55,19:25,19:54,19:55,20:08,00:30,00:30,ONTIME,ONTIME,ONTIME,ONTIME,,,,,,,,19:15,19:52,,,HAN,UIH,CXR,Domestic,VJ,,,,,,,,,,,,
,2026-06-18,VJ454/VJ7712,A658,A320,PQC-HAN-PKX,16:45,19:55,16:45,19:55,17:35,19:54,19:55,20:03,03:10,02:20,ONTIME,ONTIME,ONTIME,DELAY,,,,,,,,19:05,19:52,,,HAN,PQC,PKX,International,VJ,,,,,,,,,,,,
,2026-06-18,VJ947/VJ159,A536,A321,KHH-HAN-SGN,20:35,20:10,20:35,21:00,20:20,20:59,21:00,21:15,00:25,00:40,ONTIME,ONTIME,DELAY,ONTIME,,,,,,,,20:25,20:57,,,HAN,KHH,SGN,Domestic,VJ,,,,,,,,,,,,
,2026-06-18,VJ1452/VJ783,A539,A321,PQC-HAN-CXR,19:50,20:25,19:50,21:20,20:55,21:19,21:20,21:30,01:30,00:25,ONTIME,ONTIME,DELAY,DELAY,,,,,,,,20:45,21:17,,,HAN,PQC,CXR,Domestic,VJ,,,,,,,,,,,,
,2026-06-18,VJ949/VJ161,A647,A321,RMQ-HAN-SGN,19:50,20:55,19:50,20:55,20:05,20:52,20:53,21:00,01:05,00:48,EARLY,ONTIME,ONTIME,ONTIME,,,,,,,,20:10,20:50,,,HAN,RMQ,SGN,Domestic,VJ,,,,,,,,,,,,
,2026-06-18,VJ7988/VJ7988,A516,A321,DAD-HAN-VVO,20:35,21:10,20:35,21:10,21:00,21:34,21:35,21:40,00:35,00:35,DELAY,DELAY,DELAY,DELAY,,93,00:25,,,,,,,X,,HAN,DAD,VVO,International,VJ,,,,,,,,,,,,
,2026-06-18,VJ468/VJ7238,A676,A320,VCA-HAN-PVG,19:50,21:15,19:50,21:15,20:05,21:12,21:13,21:22,01:25,01:08,EARLY,ONTIME,ONTIME,ONTIME,,,,,,,,20:20,21:10,,,HAN,VCA,PVG,International,VJ,,,,,,,,,,,,
,2026-06-18,VJ154/VJ163,A632,A321,SGN-HAN-SGN,20:55,21:25,20:55,21:25,21:20,21:54,21:55,22:05,00:30,00:35,DELAY,DELAY,DELAY,DELAY,,93,00:25,61,00:05,,,21:20,21:48,,UD CFP,HAN,SGN,SGN,Domestic,VJ,,,,,,,,,,,,
,2026-06-18,VJ904/VJ527,A656,A320,BKK-HAN-DAD,20:25,21:25,20:25,22:00,21:35,21:59,22:00,22:04,01:35,00:25,ONTIME,ONTIME,DELAY,DELAY,,,,,,,,21:35,21:58,,,HAN,BKK,DAD,Domestic,VJ,,,,,,,,,,,,
,2026-06-18,VJ914/VJ7526,A635,A321,SAI-HAN-CAN,20:50,22:30,20:50,22:30,20:42,22:22,22:23,22:32,01:40,01:41,EARLY,ONTIME,ONTIME,ONTIME,,,,,,,,21:50,22:20,,,HAN,SAI,CAN,International,VJ,,,,,,,,,,,,
,2026-06-18,VJ520/VJ529,A630,A321,DAD-HAN-DAD,20:55,22:35,20:55,22:35,21:26,22:32,22:33,22:45,01:40,01:07,EARLY,ONTIME,ONTIME,DELAY,,,,,,,,21:35,22:31,,,HAN,DAD,DAD,Domestic,VJ,,,,,,,,,,,,
,2026-06-18,VJ522/VJ167,A673,A321,DAD-HAN-SGN,22:35,22:45,22:35,00:55,00:30,01:04,01:05,"1 day, 1:10:00",02:20,00:35,DELAY,DELAY,DELAY,DELAY,,93,00:05,66,00:05,,,00:30,01:02,,CREW HN OB 0038,HAN,DAD,SGN,Domestic,VJ,,,,,,,,,,,,
,2026-06-18,VJ518/VJ533,A644,A321,DAD-HAN-DAD,22:20,23:05,22:20,23:05,22:45,23:14,23:15,23:16,00:45,00:30,DELAY,ONTIME,ONTIME,DELAY,,93,00:10,,,,,22:45,23:12,,,HAN,DAD,DAD,Domestic,VJ,,,,,,,,,,,,
,2026-06-19,____/VJ932,A693,A321,HAN-NRT,,00:30,,00:30,,00:29,00:30,00:36,,,ONTIME,ONTIME,ONTIME,,,,,,,,,23:35,00:27,,,HAN,HAN,NRT,International,VJ,,,,,,,,,,,,
,2026-06-19,____/VJ982,A667,A321,HAN-PUS,,01:05,,01:05,,01:02,01:03,01:05,,,EARLY,ONTIME,ONTIME,,,,,,,,,00:15,01:00,,,HAN,HAN,PUS,International,VJ,,,,,,,,,,,,
,2026-06-19,____/VJ7614,A575,A321,HAN-BQS,,01:15,,01:15,01:00,01:28,01:29,01:30,,,DELAY,ONTIME,ONTIME,,,93,00:14,,,,,,,X,,HAN,HAN,BQS,International,VJ,,,,,,,,,,,,
,2026-06-19,____/VJ938,A552,A321,HAN-KIX,,01:20,,01:20,,01:09,01:10,01:15,,,EARLY,ONTIME,ONTIME,,,,,,,,,00:30,01:07,,,HAN,HAN,KIX,International,VJ,,,,,,,,,,,,
,2026-06-19,____/VJ960,A661,A321,HAN-ICN,,01:40,,01:40,,01:39,01:40,01:45,,,ONTIME,ONTIME,ONTIME,,,,,,,,,00:50,01:37,,,HAN,HAN,ICN,International,VJ,,,,,,,,,,,,
,2026-06-19,____/VJ958,A698,A321,HAN-FUK,,02:05,,02:05,,01:52,01:54,01:58,,,EARLY,ONTIME,ONTIME,,,,,,,,,01:15,01:50,,,HAN,HAN,FUK,International,VJ,,,,,,,,,,,,
,2026-06-19,____/VJ920,A553,A321,HAN-NGO,,01:40,,02:10,,01:53,01:54,01:55,,,EARLY,ONTIME,ONTIME,,,,,,,,,01:10,01:51,,,HAN,HAN,NGO,International,VJ,,,,,,,,,,,,
,2026-06-19,____/VJ123,A641,A321,HAN-SGN,,05:30,,05:30,,05:24,05:25,05:29,,,EARLY,ONTIME,ONTIME,,,,,,,,,04:45,05:22,,,HAN,HAN,SGN,Domestic,VJ,,,,,,,,,,,,
,2026-06-19,____/VJ445,A636,A321,HAN-PQC,,05:30,,05:30,,05:21,05:22,05:32,,,EARLY,ONTIME,ONTIME,,,,,,,,,04:35,05:20,,,HAN,HAN,PQC,Domestic,VJ,,,,,,,,,,,,
,2026-06-19,____/VJ121,A550,A321,HAN-SGN,,06:00,,06:00,,05:59,06:00,06:09,,,ONTIME,ONTIME,ONTIME,,,,,,,,,05:20,05:58,,,HAN,HAN,SGN,Domestic,VJ,,,,,,,,,,,,
,2026-06-19,____/VJ771,A662,A320,HAN-CXR,,06:00,,06:00,,05:55,05:56,06:02,,,EARLY,ONTIME,ONTIME,,,,,,,,,05:12,05:54,,,HAN,HAN,CXR,Domestic,VJ,,,,,,,,,,,,
,2026-06-19,____/VJ491,A650,A320,HAN-BMV,,06:00,,06:00,,05:58,06:00,06:01,,,ONTIME,ONTIME,ONTIME,,,,,,,,,05:15,05:56,,,HAN,HAN,BMV,Domestic,VJ,,,,,,,,,,,,
,2026-06-19,____/VJ531,A580,A321,HAN-DAD,,06:30,,06:30,,06:29,06:30,06:35,,,ONTIME,ONTIME,ONTIME,,,,,,,,,05:40,06:27,,,HAN,HAN,DAD,Domestic,VJ,,,,,,,,,,,,
,2026-06-19,____/VJ449,A669,A320,HAN-PQC,,06:30,,06:30,,06:23,06:25,06:26,,,EARLY,ONTIME,ONTIME,,,,,,,,,05:40,06:22,,,HAN,HAN,PQC,Domestic,VJ,,,,,,,,,,,,
,2026-06-19,____/VJ461,A635,A321,HAN-VCA,,06:45,,06:45,,06:39,06:40,06:41,,,EARLY,ONTIME,ONTIME,,,,,,,,,06:00,06:38,,,HAN,HAN,VCA,Domestic,VJ,,,,,,,,,,,,
,2026-06-19,____/VJ1771,A685,A321,HAN-CXR,,07:00,,07:00,,06:51,06:52,06:54,,,EARLY,ONTIME,ONTIME,,,,,,,,,06:15,06:50,,,HAN,HAN,CXR,Domestic,VJ,,,,,,,,,,,,
,2026-06-19,____/VJ125,A644,A321,HAN-SGN,,07:00,,07:00,,07:07,07:08,07:15,,,DELAY,ONTIME,ONTIME,,,65,00:08,,,,,06:15,06:59,,DL65 CAPT REQ MORE FUEL,HAN,HAN,SGN,Domestic,VJ,,,,,,,,,,,,
,2026-06-19,____/VJ421,A658,A320,HAN-PXU,,07:10,,07:10,,07:07,07:08,07:09,,,EARLY,ONTIME,ONTIME,,,,,,,,,06:20,07:05,,,HAN,HAN,PXU,Domestic,VJ,,,,,,,,,,,,
,2026-06-19,____/VJ197,A200,A321,HAN-SGN,,07:20,,07:20,,07:14,07:15,07:25,,,EARLY,ONTIME,ONTIME,,,,,,,,,06:25,07:13,,,HAN,HAN,SGN,Domestic,VJ,,,,,,,,,,,,
,2026-06-19,____/VJ905,A663,A320,HAN-KUL,,07:25,,07:25,,07:22,07:23,07:26,,,EARLY,ONTIME,ONTIME,,,,,,,,,06:30,07:20,,,HAN,HAN,KUL,International,VJ,,,,,,,,,,,,
,2026-06-19,VJ502/VJ503,A648,A321,DAD-HAN-DAD,07:00,07:30,07:00,07:30,07:00,07:29,07:30,07:33,00:30,00:30,ONTIME,ONTIME,ONTIME,ONTIME,,,,,,,,07:00,07:28,,,HAN,DAD,DAD,Domestic,VJ,,,,,,,,,,,,
,2026-06-19,____/VJ431,A675,A320,HAN-UIH,,07:40,,07:40,,07:29,07:30,07:42,,,EARLY,ONTIME,ONTIME,,,,,,,,,06:50,07:27,,,HAN,HAN,UIH,Domestic,VJ,,,,,,,,,,,,
,2026-06-19,____/VJ501,A817,A330,HAN-DAD,,07:40,,07:40,,07:39,07:40,07:47,,,ONTIME,ONTIME,ONTIME,,,,,,,,,06:50,07:38,,,HAN,HAN,DAD,Domestic,VJ,,,,,,,,,,,,
,2026-06-19,____/VJ934,A529,A321,HAN-NRT,,07:55,,07:55,,07:54,07:55,08:05,,,ONTIME,ONTIME,ONTIME,,,,,,,,,07:05,07:52,,,HAN,HAN,NRT,International,VJ,,,,,,,,,,,,
,2026-06-19,VJ120/VJ127,A643,A321,SGN-HAN-SGN,07:10,08:10,07:10,08:10,07:02,08:09,08:10,08:14,01:00,01:08,ONTIME,ONTIME,ONTIME,ONTIME,,,,,,,,07:02,08:08,,,HAN,SGN,SGN,Domestic,VJ,,,,,,,,,,,,
,2026-06-19,____/VJ447,A687,A321,HAN-PQC,,08:45,,08:45,,08:44,08:45,08:49,,,ONTIME,ONTIME,ONTIME,,,,,,,,,08:00,08:42,,,HAN,HAN,PQC,Domestic,VJ,,,,,,,,,,,,
,2026-06-19,VJ124/VJ129,A536,A321,SGN-HAN-SGN,08:15,08:45,08:15,08:45,08:05,08:44,08:45,08:55,00:30,00:40,ONTIME,ONTIME,ONTIME,ONTIME,,,,,,,,08:05,08:42,,,HAN,SGN,SGN,Domestic,VJ,,,,,,,,,,,,
,2026-06-19,VJ504/VJ435,A656,A320,DAD-HAN-UIH,08:20,08:50,08:20,08:50,08:20,08:49,08:50,08:54,00:30,00:30,ONTIME,ONTIME,ONTIME,ONTIME,,,,,,,,08:20,08:47,,,HAN,DAD,UIH,Domestic,VJ,,,,,,,,,,,,
,2026-06-19,____/VJ563,A539,A321,HAN-HUI,,09:20,,09:20,,09:19,09:20,09:25,,,ONTIME,ONTIME,ONTIME,,,,,,,,,08:45,09:17,,,HAN,HAN,HUI,Domestic,VJ,,,,,,,,,,,,
,2026-06-19,VJ7989/VJ7989,A516,A321,VVO-HAN-DAD,09:00,09:30,09:00,09:30,09:40,10:19,10:20,10:28,00:30,00:40,DELAY,DELAY,DELAY,DELAY,,93,00:40,99,00:10,,,,,X,CAPT DO LOADSHEET,HAN,VVO,DAD,Domestic,VJ,,,,,,,,,,,,
,2026-06-19,____/VJ915,A538,A321,HAN-SIN,,09:35,,09:35,,09:26,09:27,09:30,,,EARLY,ONTIME,ONTIME,,,,,,,,,08:40,09:25,,,HAN,HAN,SIN,International,VJ,,,,,,,,,,,,
,2026-06-19,VJ514/VJ1773,A640,A321,DAD-HAN-CXR,08:50,10:00,08:50,10:00,08:45,09:55,09:56,10:00,01:10,01:11,EARLY,ONTIME,ONTIME,ONTIME,,,,,,,,09:15,09:52,,,HAN,DAD,CXR,Domestic,VJ,,,,,,,,,,,,
,2026-06-19,VJ126/VJ131,A655,A320,SGN-HAN-SGN,09:40,10:10,09:40,10:10,09:55,10:24,10:25,10:25,00:30,00:30,DELAY,ONTIME,ONTIME,ONTIME,,93,00:15,,,,,09:55,10:22,,,HAN,SGN,SGN,Domestic,VJ,,,,,,,,,,,,
,2026-06-19,____/VJ135,A651,A321,HAN-SGN,,10:10,,10:10,,10:09,10:10,10:18,,,ONTIME,ONTIME,ONTIME,,,,,,,,,09:42,10:07,,,HAN,HAN,SGN,Domestic,VJ,,,,,,,,,,,,
,2026-06-19,VJ532/VJ425,A580,A321,DAD-HAN-PXU,09:45,10:20,09:45,10:20,10:00,10:29,10:30,10:35,00:35,00:30,DELAY,ONTIME,ONTIME,ONTIME,,93,00:10,,,,,10:00,10:27,,,HAN,DAD,PXU,Domestic,VJ,,,,,,,,,,,,
,2026-06-19,____/VJ463,A676,A320,HAN-VCA,,10:20,,10:20,,10:17,10:18,10:28,,,EARLY,ONTIME,ONTIME,,,,,,,,,09:30,10:15,,,HAN,HAN,VCA,Domestic,VJ,,,,,,,,,,,,
,2026-06-19,VJ492/VJ493,A650,A320,BMV-HAN-BMV,10:00,10:30,10:00,10:30,10:10,10:34,10:35,10:43,00:30,00:25,DELAY,ONTIME,ONTIME,ONTIME,,93,00:05,,,,,10:05,10:33,,,HAN,BMV,BMV,Domestic,VJ,,,,,,,,,,,,
,2026-06-19,VJ770/VJ437,A662,A320,CXR-HAN-UIH,10:10,10:40,10:10,10:40,10:25,10:49,10:50,10:52,00:30,00:25,DELAY,ONTIME,ONTIME,ONTIME,,93,00:10,,,,,10:18,10:47,,,HAN,CXR,UIH,Domestic,VJ,,,,,,,,,,,,
,2026-06-19,VJ524/VJ507,A648,A321,DAD-HAN-DAD,10:40,11:10,10:40,11:10,11:00,11:29,11:30,12:05,00:30,00:30,DELAY,DELAY,DELAY,DELAY,,93,00:20,,,,,11:00,11:27,,LATE PUSHBACK DUE TO ATC,HAN,DAD,DAD,Domestic,VJ,,,,,,,,,,,,
,2026-06-19,VJ122/VJ901,A544,A321,SGN-HAN-BKK,09:05,11:10,09:05,11:10,09:15,11:02,11:03,11:10,02:05,01:48,EARLY,ONTIME,ONTIME,ONTIME,,,,,,,,10:20,11:00,,,HAN,SGN,BKK,International,VJ,,,,,,,,,,,,
,2026-06-19,VJ130/VJ133,A641,A321,SGN-HAN-SGN,10:50,11:20,10:50,11:20,10:50,11:29,11:30,11:35,00:30,00:40,DELAY,ONTIME,ONTIME,ONTIME,,66,00:10,,,,,10:50,11:24,,CREW HN OB 1100,HAN,SGN,SGN,Domestic,VJ,,,,,,,,,,,,
,2026-06-19,VJ422/VJ565,A658,A320,PXU-HAN-HUI,10:50,11:30,10:50,11:30,10:37,11:26,11:27,11:33,00:40,00:50,EARLY,ONTIME,ONTIME,ONTIME,,,,,,,,10:40,11:25,,,HAN,PXU,HUI,Domestic,VJ,,,,,,,,,,,,
,2026-06-19,VJ450/VJ775,A669,A320,PQC-HAN-CXR,11:15,11:45,11:15,11:45,11:20,11:44,11:45,11:50,00:30,00:25,ONTIME,ONTIME,ONTIME,ONTIME,,,,,,,,11:15,11:43,,,HAN,PQC,CXR,Domestic,VJ,,,,,,,,,,,,
,2026-06-19,VJ1772/VJ1453,A522,A321,CXR-HAN-PQC,11:15,11:50,11:15,11:50,11:30,11:59,12:00,12:15,00:35,00:30,DELAY,ONTIME,DELAY,ONTIME,,93,00:10,,,,,11:35,11:58,,,HAN,CXR,PQC,Domestic,VJ,,,,,,,,,,,,
,2026-06-19,VJ430/VJ451,A675,A320,UIH-HAN-PQC,11:25,11:55,11:25,11:55,11:30,11:54,11:55,12:01,00:30,00:25,ONTIME,ONTIME,ONTIME,ONTIME,,,,,,,,11:19,11:52,,,HAN,UIH,PQC,Domestic,VJ,,,,,,,,,,,,
,2026-06-19,VJ128/VJ137,A815,A330,SGN-HAN-SGN,11:50,12:20,11:50,12:55,12:15,12:54,12:55,13:02,01:05,00:40,ONTIME,ONTIME,DELAY,DELAY,,,,,,,,11:55,12:52,,,HAN,SGN,SGN,Domestic,VJ,,,,,,,,,,,,
,2026-06-19,VJ462/VJ515,A635,A321,VCA-HAN-DAD,11:40,12:20,11:40,12:20,11:55,12:34,12:35,12:35,00:40,00:40,DELAY,ONTIME,ONTIME,ONTIME,,93,00:05,66,00:10,,,11:55,12:32,,CREW HN OB 1200,HAN,VCA,DAD,Domestic,VJ,,,,,,,,,,,,
,2026-06-19,VJ448/VJ453,A636,A321,PQC-HAN-PQC,10:15,13:00,10:15,13:00,10:10,12:59,13:00,13:07,02:45,02:50,ONTIME,ONTIME,ONTIME,ONTIME,,,,,,,,12:10,12:57,,,HAN,PQC,PQC,Domestic,VJ,,,,,,,,,,,,
,2026-06-19,VJ432/VJ509,A656,A320,UIH-HAN-DAD,12:35,13:05,12:35,13:05,12:50,13:14,13:15,13:20,00:30,00:25,DELAY,ONTIME,ONTIME,ONTIME,,93,00:10,,,,,12:45,13:12,,,HAN,UIH,DAD,Domestic,VJ,,,,,,,,,,,,
,2026-06-19,VJ939/VJ787,A552,A321,KIX-HAN-CXR,12:20,13:10,12:20,13:10,12:10,13:07,13:09,13:25,00:50,00:59,EARLY,ONTIME,ONTIME,ONTIME,,,,,,,,12:25,13:05,,,HAN,KIX,CXR,Domestic,VJ,,,,,,,,,,,,
,2026-06-19,VJ156/VJ433,A200,A321,SGN-HAN-UIH,09:00,13:20,09:00,13:20,09:25,13:19,13:20,13:27,04:20,03:55,ONTIME,ONTIME,ONTIME,DELAY,,,,,,,,12:45,,,,HAN,SGN,UIH,Domestic,VJ,,,,,,,,,,,,
,2026-06-19,VJ196/VJ948,A200,A321,SGN-HAN-RMQ,12:40,13:30,12:40,13:30,13:00,13:49,13:50,14:05,00:50,00:50,DELAY,DELAY,DELAY,DELAY,,41,00:20,,,,,13:00,13:46,,,HAN,SGN,RMQ,International,VJ,,,,,,,,,,,,
,2026-06-19,VJ959/VJ149,A698,A321,FUK-HAN-SGN,11:25,13:40,11:25,13:40,11:10,13:39,13:40,13:47,02:15,02:30,ONTIME,ONTIME,ONTIME,ONTIME,,,,,,,,13:00,13:37,,,HAN,FUK,SGN,Domestic,VJ,,,,,,,,,,,,
,2026-06-19,VJ981/VJ441,A667,A321,PUS-HAN-PQC,10:40,14:00,10:40,14:00,10:20,13:59,14:00,14:15,03:20,03:40,ONTIME,ONTIME,ONTIME,ONTIME,,,,,,,,13:15,13:57,,,HAN,PUS,PQC,Domestic,VJ,,,,,,,,,,,,
,2026-06-19,VJ440/VJ525,A687,A321,PQC-HAN-DAD,13:30,14:05,13:30,14:05,13:45,14:14,14:15,14:20,00:35,00:30,DELAY,ONTIME,ONTIME,ONTIME,,93,00:10,,,,,13:35,14:12,,,HAN,PQC,DAD,Domestic,VJ,,,,,,,,,,,,
,2026-06-19,____/VJ143,A668,A320,HAN-SGN,,14:05,,14:05,,14:04,14:05,14:20,,,ONTIME,ONTIME,ONTIME,,,,,,,,,13:20,14:02,,,HAN,HAN,SGN,Domestic,VJ,,,,,,,,,,,,
,2026-06-19,VJ7615/VJ7615,A575,A321,BQS-HAN-CXR,13:45,14:15,13:45,14:15,13:40,14:07,14:09,14:27,00:30,00:29,EARLY,ONTIME,ONTIME,ONTIME,,,,,,,,,,X,,HAN,BQS,CXR,Domestic,VJ,,,,,,,,,,,,
,2026-06-19,VJ921/VJ942,A553,A321,NGO-HAN-TPE,12:50,14:25,12:50,14:25,12:55,14:24,14:25,14:35,01:35,01:30,ONTIME,ONTIME,ONTIME,ONTIME,,,,,,,,13:50,14:22,,,HAN,NGO,TPE,International,VJ,,,,,,,,,,,,
,2026-06-19,VJ134/VJ467,A643,A321,SGN-HAN-VCA,13:30,14:30,13:30,14:30,13:45,14:28,14:29,14:30,01:00,00:44,EARLY,ONTIME,ONTIME,ONTIME,,,,,,,,13:55,14:26,,,HAN,SGN,VCA,Domestic,VJ,,,,,,,,,,,,
,2026-06-19,VJ961/VJ946,A661,A321,ICN-HAN-KHH,13:35,14:35,13:35,14:35,13:15,14:31,14:32,14:35,01:00,01:17,EARLY,ONTIME,ONTIME,ONTIME,,,,,,,,12:45,14:30,,,HAN,ICN,KHH,International,VJ,,,,,,,,,,,,
,2026-06-19,VJ1504/VJ1505,A521,A321,DAD-HAN-DAD,14:00,14:35,14:00,15:45,16:05,16:34,16:35,16:49,01:45,00:30,DELAY,DELAY,DELAY,DELAY,,93,00:50,,,,,16:00,16:32,,,HAN,DAD,DAD,Domestic,VJ,,,,,,,,,,,,
,2026-06-19,VJ564/VJ145,A539,A321,HUI-HAN-SGN,12:20,14:40,12:20,14:40,12:40,14:38,14:40,14:48,02:20,02:00,ONTIME,ONTIME,ONTIME,DELAY,,,,,,,,13:50,14:35,,,HAN,HUI,SGN,Domestic,VJ,,,,,,,,,,,,
,2026-06-19,VJ566/VJ423,A658,A320,HUI-HAN-PXU,14:30,15:05,14:30,15:05,14:45,15:14,15:15,15:20,00:35,00:30,DELAY,ONTIME,ONTIME,ONTIME,,93,00:10,,,,,14:45,15:12,,,HAN,HUI,PXU,Domestic,VJ,,,,,,,,,,,,
,2026-06-19,VJ933/VJ1451,A693,A321,NRT-HAN-PQC,13:05,15:05,13:05,15:05,13:20,15:04,15:05,15:08,02:00,01:45,ONTIME,ONTIME,ONTIME,ONTIME,,,,,,,,14:12,15:02,,,HAN,NRT,PQC,Domestic,VJ,,,,,,,,,,,,
,2026-06-19,VJ1774/VJ511,A640,A321,CXR-HAN-DAD,14:20,15:05,14:20,15:05,14:40,15:09,15:10,15:17,00:45,00:30,DELAY,ONTIME,ONTIME,DELAY,,93,00:05,,,,,14:40,15:07,,,HAN,CXR,DAD,Domestic,VJ,,,,,,,,,,,,
,2026-06-19,VJ136/VJ419,A550,A321,SGN-HAN-TBB,14:10,15:10,14:10,15:30,15:11,15:40,15:41,15:54,01:20,00:30,DELAY,ONTIME,DELAY,DELAY,,93,00:11,,,,,15:05,15:38,,,HAN,SGN,TBB,Domestic,VJ,,,,,,,,,,,,
,2026-06-19,VJ906/VJ439,A663,A320,KUL-HAN-UIH,14:40,15:40,14:40,15:40,15:05,15:38,15:40,15:42,01:00,00:35,ONTIME,ONTIME,ONTIME,DELAY,,,,,,,,15:00,15:37,,,HAN,KUL,UIH,Domestic,VJ,,,,,,,,,,,,
,2026-06-19,VJ138/VJ147,A632,A321,SGN-HAN-SGN,15:15,15:45,15:15,15:45,15:30,15:56,15:57,16:00,00:30,00:27,DELAY,ONTIME,ONTIME,ONTIME,,93,00:12,,,,,15:18,15:54,,,HAN,SGN,SGN,Domestic,VJ,,,,,,,,,,,,
,2026-06-19,VJ436/VJ903,A662,A320,UIH-HAN-BKK,14:25,15:45,14:25,15:45,14:40,15:32,15:33,15:40,01:20,00:53,EARLY,ONTIME,ONTIME,ONTIME,,,,,,,,15:00,15:30,,,HAN,UIH,BKK,International,VJ,,,,,,,,,,,,
,2026-06-19,VJ464/VJ567,A676,A320,VCA-HAN-HUI,15:10,15:55,15:10,15:55,15:35,15:59,16:00,16:05,00:45,00:25,DELAY,ONTIME,ONTIME,DELAY,,93,00:05,,,,,15:25,15:57,,,HAN,VCA,HUI,Domestic,VJ,,,,,,,,,,,,
,2026-06-19,VJ508/VJ773,A635,A321,DAD-HAN-CXR,15:35,16:10,15:35,16:50,16:20,16:49,16:50,17:00,01:15,00:30,ONTIME,ONTIME,DELAY,DELAY,,,,,,,,16:10,16:46,,,HAN,DAD,CXR,Domestic,VJ,,,,,,,,,,,,
,2026-06-19,VJ142/VJ193,A651,A321,SGN-HAN-SGN,15:30,16:30,15:30,16:30,15:35,16:27,16:28,16:36,01:00,00:53,EARLY,ONTIME,ONTIME,ONTIME,,,,,,,,15:45,16:25,,,HAN,SGN,SGN,Domestic,VJ,,,,,,,,,,,,
,2026-06-19,VJ772/VJ513,A669,A320,CXR-HAN-DAD,15:55,16:35,15:55,16:35,16:50,17:14,17:15,17:25,00:40,00:25,DELAY,DELAY,DELAY,DELAY,,93,00:40,,,,,16:50,17:22,,,HAN,CXR,DAD,Domestic,VJ,,,,,,,,,,,,
,2026-06-19,VJ140/VJ151,A641,A321,SGN-HAN-SGN,16:20,16:50,16:20,16:50,17:00,17:29,17:30,17:30,00:30,00:30,DELAY,DELAY,DELAY,DELAY,,93,00:40,,,,,17:00,17:27,,,HAN,SGN,SGN,Domestic,VJ,,,,,,,,,,,,
,2026-06-19,VJ902/VJ465,A532,A321,BKK-HAN-VCA,15:50,17:00,15:50,17:00,16:20,17:24,17:25,17:29,01:10,01:05,DELAY,DELAY,DELAY,DELAY,,95,00:25,,,,,16:50,17:21,,CREW 452 OB 1702,HAN,BKK,VCA,Domestic,VJ,,,,,,,,,,,,
,2026-06-19,VJ5068/VJ5068,A554,A321,CXR-HAN-NOZ,16:20,17:00,16:20,17:00,16:45,17:11,17:12,17:15,00:40,00:27,DELAY,ONTIME,ONTIME,DELAY,,93,00:12,,,,,,,X,,HAN,CXR,NOZ,International,VJ,,,,,,,,,,,,
,2026-06-19,VJ494/VJ141,A650,A320,BMV-HAN-SGN,14:30,17:30,14:30,17:30,15:00,17:34,17:35,17:45,03:00,02:35,DELAY,ONTIME,ONTIME,DELAY,,15A,00:05,,,,,16:45,17:38,,"OFFLOAD 6 PAX, 1 BAG",HAN,BMV,SGN,Domestic,VJ,,,,,,,,,,,,
,2026-06-19,VJ1454/VJ495,A522,A321,PQC-HAN-BMV,16:35,17:30,16:35,17:30,17:20,17:44,17:45,17:45,00:55,00:25,DELAY,ONTIME,ONTIME,DELAY,,93,00:15,,,,,17:10,17:42,,,HAN,PQC,BMV,Domestic,VJ,,,,,,,,,,,,
,2026-06-19,VJ454/VJ1431,A675,A320,PQC-HAN-UIH,16:45,17:40,16:45,17:40,17:00,17:39,17:40,18:04,00:55,00:40,ONTIME,ONTIME,DELAY,ONTIME,,,,,,,,17:00,17:36,,,HAN,PQC,UIH,Domestic,VJ,,,,,,,,,,,,
,2026-06-19,VJ530/VJ517,A689,A320,DAD-HAN-DAD,16:15,17:45,16:15,17:45,16:55,17:44,17:45,18:15,01:30,00:50,ONTIME,ONTIME,DELAY,DELAY,,,,,,,,17:00,17:41,,LATE PUSHBACK DUE TO VIP MOVEMENT,HAN,DAD,DAD,Domestic,VJ,,,,,,,,,,,,
,2026-06-19,VJ774/VJ153,A203,A321,DAD-HAN-SGN,17:15,18:05,17:15,18:40,18:05,18:39,18:40,18:43,01:25,00:35,ONTIME,ONTIME,DELAY,DELAY,,,,,,,,18:05,18:37,,,HAN,DAD,SGN,Domestic,VJ,,,,,,,,,,,,
,2026-06-19,VJ456/VJ781,A636,A321,PQC-HAN-CXR,17:45,18:15,17:45,18:15,18:10,18:29,18:30,18:30,00:30,00:20,DELAY,ONTIME,ONTIME,DELAY,,93,00:15,,,,,18:05,18:27,,,HAN,PQC,CXR,Domestic,VJ,,,,,,,,,,,,
,2026-06-19,VJ512/VJ521,A542,A321,DAD-HAN-DAD,18:15,18:45,18:15,18:45,18:40,19:09,19:10,19:20,00:30,00:30,DELAY,DELAY,DELAY,DELAY,,93,00:25,,,,,18:40,19:07,,,HAN,DAD,DAD,Domestic,VJ,,,,,,,,,,,,
,2026-06-19,VJ144/VJ789,A548,A321,SGN-HAN-CXR,18:05,18:45,18:05,18:45,18:20,18:55,18:56,19:12,00:40,00:36,DELAY,ONTIME,DELAY,ONTIME,,93,00:05,95,00:05,,,18:20,18:52,,CREW 5068 OB 1831,HAN,SGN,CXR,Domestic,VJ,,,,,,,,,,,,
,2026-06-19,VJ148/VJ155,A534,A321,SGN-HAN-SGN,18:25,18:55,18:25,19:10,19:15,19:44,19:45,19:51,00:45,00:30,DELAY,DELAY,DELAY,DELAY,,93,00:35,,,,,19:05,19:40,,,HAN,SGN,SGN,Domestic,VJ,,,,,,,,,,,,
,2026-06-19,VJ424/VJ561,A658,A320,PXU-HAN-HUI,18:45,19:15,18:45,19:15,19:10,19:34,19:35,19:45,00:30,00:25,DELAY,DELAY,DELAY,DELAY,,93,00:20,,,,,19:05,19:22,,,HAN,PXU,HUI,Domestic,VJ,,,,,,,,,,,,
,2026-06-19,VJ528/VJ519,A687,A321,DAD-HAN-DAD,17:25,19:25,17:25,19:25,18:05,19:24,19:25,19:38,02:00,01:20,ONTIME,ONTIME,ONTIME,DELAY,,,,,,,,18:40,19:20,,,HAN,DAD,DAD,Domestic,VJ,,,,,,,,,,,,
,2026-06-19,____/VJ157,A693,A321,HAN-SGN,,19:30,,19:30,,19:29,19:30,19:45,,,ONTIME,ONTIME,ONTIME,,,,,,,,,18:50,19:25,,,HAN,HAN,SGN,Domestic,VJ,,,,,,,,,,,,
,2026-06-19,VJ442/VJ1127,A667,A321,PQC-HAN-SGN,19:05,19:35,19:05,19:35,19:20,19:49,19:50,19:50,00:30,00:30,DELAY,ONTIME,ONTIME,ONTIME,,93,00:15,,,,,19:10,19:46,,,HAN,PQC,SGN,Domestic,VJ,,,,,,,,,,,,
,2026-06-19,VJ420/VJ523,A648,A321,TBB-HAN-DAD,19:15,19:45,19:30,20:35,20:05,20:34,20:35,20:43,01:05,00:30,ONTIME,ONTIME,DELAY,DELAY,,,,,,,,19:55,20:30,,,HAN,TBB,DAD,Domestic,VJ,,,,,,,,,,,,
,2026-06-19,VJ568/VJ7712,A676,A320,HUI-HAN-PKX,18:55,19:55,18:55,19:55,19:15,19:54,19:55,20:05,01:00,00:40,ONTIME,ONTIME,ONTIME,DELAY,,,,,,,,19:20,19:51,,,HAN,HUI,PKX,International,VJ,,,,,,,,,,,,
,2026-06-19,VJ438/VJ1785,A663,A320,UIH-HAN-CXR,19:25,19:55,19:25,19:55,19:25,19:54,19:55,20:05,00:30,00:30,ONTIME,ONTIME,ONTIME,ONTIME,,,,,,,,19:15,19:52,,,HAN,UIH,CXR,Domestic,VJ,,,,,,,,,,,,
,2026-06-19,VJ916/VJ455,A538,A321,SIN-HAN-PQC,17:25,20:05,17:25,20:05,17:20,20:04,20:05,20:20,02:40,02:45,ONTIME,ONTIME,ONTIME,ONTIME,,,,,,,,19:30,20:04,,,HAN,SIN,PQC,Domestic,VJ,,,,,,,,,,,,
,2026-06-19,VJ426/VJ907,A580,A321,PXU-HAN-BOM,14:05,20:05,14:05,20:05,14:15,19:59,20:00,20:20,06:00,05:45,EARLY,ONTIME,ONTIME,ONTIME,,,,,,,,19:25,19:55,,,HAN,PXU,BOM,International,VJ,,,,,,,,,,,,
,2026-06-19,VJ452/VJ783,A647,A321,PQC-HAN-CXR,16:05,20:30,16:05,20:30,16:40,20:26,20:27,20:45,04:25,03:47,EARLY,ONTIME,ONTIME,DELAY,,,,,,,,19:45,20:23,,,HAN,PQC,CXR,Domestic,VJ,,,,,,,,,,,,
,2026-06-19,VJ468/VJ161,A643,A321,VCA-HAN-SGN,19:50,20:55,19:50,20:55,19:40,20:54,20:55,21:00,01:05,01:15,ONTIME,ONTIME,ONTIME,ONTIME,,,,,,,,20:05,20:50,,,HAN,VCA,SGN,Domestic,VJ,,,,,,,,,,,,
,2026-06-19,VJ146/VJ7238,A672,A320,SGN-HAN-PVG,18:55,21:15,18:55,21:15,20:00,21:29,21:30,21:40,02:20,01:30,DELAY,ONTIME,DELAY,DELAY,,61,00:15,,,,,21:05,21:23,,CHANGE FLIGHT PLAN 2045,HAN,SGN,PVG,International,VJ,,,,,,,,,,,,
,2026-06-19,VJ154/VJ163,A820,A330,SGN-HAN-SGN,20:55,21:25,20:55,21:25,21:05,21:44,21:45,21:53,00:30,00:40,DELAY,DELAY,DELAY,ONTIME,,93,00:20,,,,,21:05,21:36,,,HAN,SGN,SGN,Domestic,VJ,,,,,,,,,,,,
,2026-06-19,VJ516/VJ527,A640,A321,DAD-HAN-DAD,20:00,21:40,20:00,21:40,20:45,21:37,21:38,21:48,01:40,00:53,EARLY,ONTIME,ONTIME,DELAY,,,,,,,,20:55,21:35,,,HAN,DAD,DAD,Domestic,VJ,,,,,,,,,,,,
,2026-06-19,VJ520/VJ7526,A683,A321,DAD-HAN-CAN,20:55,22:30,20:55,22:30,21:05,22:29,22:30,22:33,01:35,01:25,ONTIME,ONTIME,ONTIME,ONTIME,,,,,,,,21:45,22:25,,,HAN,DAD,CAN,International,VJ,,,,,,,,,,,,
,2026-06-19,VJ518/VJ529,A647,A321,DAD-HAN-DAD,22:05,22:35,22:05,22:35,23:00,23:25,23:26,23:30,00:30,00:26,DELAY,DELAY,DELAY,DELAY,,93,00:51,,,,,23:00,23:20,,,HAN,DAD,DAD,Domestic,VJ,,,,,,,,,,,,
,2026-06-19,VJ496/VJ167,A522,A321,BMV-HAN-SGN,21:30,22:45,21:30,22:45,22:00,23:04,23:05,23:10,01:15,01:05,DELAY,DELAY,DELAY,DELAY,,,,,,,,22:42,23:02,,,HAN,BMV,SGN,Domestic,VJ,,,,,,,,,,,,
,2026-06-19,VJ522/VJ533,A687,A321,DAD-HAN-DAD,22:35,23:05,22:35,23:05,23:45,00:08,00:10,00:10,00:30,00:25,DELAY,DELAY,DELAY,DELAY,,93,01:05,,,,,23:45,00:05,,,HAN,DAD,DAD,Domestic,VJ,,,,,,,,,,,,
,2026-06-19,VJ943/VJ962,A553,A321,TPE-HAN-ICN,20:55,23:15,20:55,23:15,21:55,23:21,23:22,23:25,02:20,01:27,DELAY,ONTIME,ONTIME,DELAY,,41,00:07,,,,,22:40,23:10,,DAILY CHECK,HAN,TPE,ICN,International,VJ,,,,,,,,,,,,
,2026-06-19,VJ150/VJ169,A671,A320,SGN-HAN-SGN,22:30,23:25,22:30,23:25,22:35,23:19,23:20,23:23,00:55,00:45,EARLY,ONTIME,ONTIME,ONTIME,,,,,,,,22:45,23:16,,,HAN,SGN,SGN,Domestic,VJ,,,,,,,,,,,,
,2026-06-20,____/VJ932,A200,A321,HAN-NRT,,00:30,,00:30,,00:25,00:26,00:28,,,EARLY,ONTIME,ONTIME,,,,,,,,,23:40,00:21,,,HAN,HAN,NRT,International,VJ,,,,,,,,,,,,
,2026-06-20,____/VJ982,A636,A321,HAN-PUS,,01:05,,01:05,,00:59,01:00,01:03,,,EARLY,ONTIME,ONTIME,,,,,,,,,00:15,00:55,,,HAN,HAN,PUS,International,VJ,,,,,,,,,,,,
,2026-06-20,____/VJ938,A529,A321,HAN-KIX,,01:20,,01:20,,01:14,01:15,01:17,,,EARLY,ONTIME,ONTIME,,,,,,,,,00:30,01:10,,,HAN,HAN,KIX,International,VJ,,,,,,,,,,,,
,2026-06-20,____/VJ960,A532,A321,HAN-ICN,,01:40,,01:40,,01:26,01:27,01:30,,,EARLY,ONTIME,ONTIME,,,,,,,,,00:50,01:23,,,HAN,HAN,ICN,International,VJ,,,,,,,,,,,,
,2026-06-20,____/VJ920,A693,A321,HAN-NGO,,01:40,,01:40,,01:54,01:55,01:55,,,DELAY,ONTIME,ONTIME,,,63A,00:15,,,,,01:20,01:53,,CAPT SHOW UP LATE,HAN,HAN,NGO,International,VJ,,,,,,,,,,,,
,2026-06-20,____/VJ958,A648,A321,HAN-FUK,,02:05,,02:05,,02:04,02:05,02:10,,,ONTIME,ONTIME,ONTIME,,,,,,,,,01:36,02:00,,,HAN,HAN,FUK,International,VJ,,,,,,,,,,,,
,2026-06-20,____/VJ7706,A575,A321,HAN-KHV,,02:05,,02:05,,02:14,02:15,02:17,,,DELAY,ONTIME,ONTIME,,,93,00:10,,,,,,,X,,HAN,HAN,KHV,International,VJ,,,,,,,,,,,,
,2026-06-20,____/VJ123,A544,A321,HAN-SGN,,05:30,,05:30,,05:24,05:25,05:34,,,EARLY,ONTIME,ONTIME,,,,,,,,,04:40,05:21,,,HAN,HAN,SGN,Domestic,VJ,,,,,,,,,,,,
,2026-06-20,____/VJ445,A683,A321,HAN-PQC,,05:30,,05:30,,05:24,05:25,05:30,,,EARLY,ONTIME,ONTIME,,,,,,,,,04:40,05:20,,,HAN,HAN,PQC,Domestic,VJ,,,,,,,,,,,,
,2026-06-20,____/VJ501,A203,A321,HAN-DAD,,05:40,,05:40,,05:34,05:35,05:43,,,EARLY,ONTIME,ONTIME,,,,,,,,,04:50,05:30,,,HAN,HAN,DAD,Domestic,VJ,,,,,,,,,,,,
,2026-06-20,____/VJ771,A676,A320,HAN-CXR,,05:45,,05:45,,05:38,05:40,05:41,,,EARLY,ONTIME,ONTIME,,,,,,,,,04:55,05:35,,,HAN,HAN,CXR,Domestic,VJ,,,,,,,,,,,,
,2026-06-20,____/VJ121,A635,A321,HAN-SGN,,06:00,,06:00,,05:54,05:55,06:00,,,EARLY,ONTIME,ONTIME,,,,,,,,,05:10,05:50,,,HAN,HAN,SGN,Domestic,VJ,,,,,,,,,,,,
,2026-06-20,____/VJ491,A578,A321,HAN-BMV,,06:00,,06:00,,05:54,05:55,06:06,,,EARLY,ONTIME,ONTIME,,,,,,,,,05:10,05:51,,,HAN,HAN,BMV,Domestic,VJ,,,,,,,,,,,,
,2026-06-20,____/VJ431,A675,A320,HAN-UIH,,06:05,,06:05,,05:57,05:58,06:05,,,EARLY,ONTIME,ONTIME,,,,,,,,,05:15,05:55,,,HAN,HAN,UIH,Domestic,VJ,,,,,,,,,,,,
,2026-06-20,____/VJ531,A661,A321,HAN-DAD,,06:30,,06:30,,06:24,06:25,06:28,,,EARLY,ONTIME,ONTIME,,,,,,,,,05:45,06:20,,,HAN,HAN,DAD,Domestic,VJ,,,,,,,,,,,,
,2026-06-20,____/VJ449,A663,A320,HAN-PQC,,06:30,,06:30,,06:24,06:25,06:35,,,EARLY,ONTIME,ONTIME,,,,,,,,,05:45,06:21,,,HAN,HAN,PQC,Domestic,VJ,,,,,,,,,,,,
,2026-06-20,____/VJ461,A658,A320,HAN-VCA,,06:45,,06:45,,06:39,06:45,06:45,,,ONTIME,ONTIME,ONTIME,,,,,,,,,06:00,06:36,,,HAN,HAN,VCA,Domestic,VJ,,,,,,,,,,,,
,2026-06-20,VJ5069/VJ5069,A554,A321,HAN-CXR,06:15,06:45,06:20,06:45,06:20,06:39,06:40,06:45,00:25,00:20,EARLY,ONTIME,ONTIME,ONTIME,,,,,,,,,,X,,HAN,HAN,CXR,Domestic,VJ,,,,,,,,,,,,
,2026-06-20,____/VJ125,A689,A320,HAN-SGN,,07:00,,07:00,,06:54,06:55,07:07,,,EARLY,ONTIME,ONTIME,,,,,,,,,06:15,06:50,,,HAN,HAN,SGN,Domestic,VJ,,,,,,,,,,,,
,2026-06-20,____/VJ1771,A698,A321,HAN-CXR,,07:00,,07:00,,06:54,06:55,07:02,,,EARLY,ONTIME,ONTIME,,,,,,,,,06:15,06:50,,,HAN,HAN,CXR,Domestic,VJ,,,,,,,,,,,,
,2026-06-20,VJ7239/VJ421,A672,A320,PVG-HAN-PXU,04:50,07:10,04:50,07:10,05:05,07:03,07:04,07:14,02:20,01:59,EARLY,ONTIME,ONTIME,ONTIME,,,,,,,,06:25,07:00,,,HAN,PVG,PXU,Domestic,VJ,,,,,,,,,,,,
,2026-06-20,____/VJ197,A534,A321,HAN-SGN,,07:20,,07:20,,07:10,07:12,07:20,,,EARLY,ONTIME,ONTIME,,,,,,,,,06:35,07:05,,,HAN,HAN,SGN,Domestic,VJ,,,,,,,,,,,,
,2026-06-20,____/VJ905,A662,A320,HAN-KUL,,07:25,,07:25,,07:17,07:18,07:30,,,EARLY,ONTIME,ONTIME,,,,,,,,,06:40,07:15,,,HAN,HAN,KUL,International,VJ,,,,,,,,,,,,
,2026-06-20,____/VJ503,A552,A321,HAN-DAD,,07:30,,07:30,,07:29,07:30,07:36,,,ONTIME,ONTIME,ONTIME,,,,,,,,,06:45,07:25,,,HAN,HAN,DAD,Domestic,VJ,,,,,,,,,,,,
,2026-06-20,VJ120/VJ127,A667,A321,SGN-HAN-SGN,07:10,08:10,07:10,08:10,07:25,08:02,08:03,08:09,01:00,00:38,EARLY,ONTIME,ONTIME,ONTIME,,,,,,,,07:25,08:00,,,HAN,SGN,SGN,Domestic,VJ,,,,,,,,,,,,
,2026-06-20,____/VJ929,A548,A321,HAN-CGK,,08:40,,08:40,,08:48,08:50,08:54,,,DELAY,ONTIME,ONTIME,,,,,15A,00:10,,,07:55,08:45,,OFFLOAD 1 PAX 3 BAGS,HAN,HAN,CGK,International,VJ,,,,,,,,,,,,
,2026-06-20,____/VJ447,A687,A321,HAN-PQC,,08:45,,08:45,,08:40,08:41,08:44,,,EARLY,ONTIME,ONTIME,,,,,,,,,08:00,08:38,,,HAN,HAN,PQC,Domestic,VJ,,,,,,,,,,,,
,2026-06-20,VJ504/VJ435,A656,A320,DAD-HAN-UIH,08:20,08:50,08:20,08:50,08:30,08:49,08:50,08:55,00:30,00:20,ONTIME,ONTIME,ONTIME,ONTIME,,,,,,,,08:30,08:45,,,HAN,DAD,UIH,Domestic,VJ,,,,,,,,,,,,
,2026-06-20,____/VJ129,A539,A321,HAN-SGN,,09:00,,09:00,,09:08,09:10,09:12,,,DELAY,ONTIME,ONTIME,,,95,00:10,,,,,08:38,09:06,,CREW VJ124 OB 0844,HAN,HAN,SGN,Domestic,VJ,,,,,,,,,,,,
,2026-06-20,VJ514/VJ563,A203,A321,DAD-HAN-HUI,08:50,09:20,08:50,09:20,08:55,09:24,09:25,09:34,00:30,00:30,DELAY,ONTIME,ONTIME,ONTIME,,93,00:05,,,,,08:50,09:22,,,HAN,DAD,HUI,Domestic,VJ,,,,,,,,,,,,
,2026-06-20,VJ502/VJ915,A500,A321,DAD-HAN-SIN,07:00,09:35,07:00,09:35,06:56,09:34,09:35,09:41,02:35,02:39,ONTIME,ONTIME,ONTIME,ONTIME,,,,,,,,08:50,09:30,,,HAN,DAD,SIN,International,VJ,,,,,,,,,,,,
,2026-06-20,VJ126/VJ131,A543,A321,SGN-HAN-SGN,09:40,10:10,09:40,10:10,09:55,10:19,10:20,10:23,00:30,00:25,DELAY,ONTIME,ONTIME,ONTIME,,93,00:10,,,,,09:55,10:16,,,HAN,SGN,SGN,Domestic,VJ,,,,,,,,,,,,
,2026-06-20,VJ963/VJ135,A553,A321,ICN-HAN-SGN,08:55,10:10,08:55,10:10,09:10,10:09,10:10,10:13,01:15,01:00,ONTIME,ONTIME,ONTIME,ONTIME,,,,,,,,09:15,10:05,,,HAN,ICN,SGN,Domestic,VJ,,,,,,,,,,,,
,2026-06-20,VJ532/VJ1773,A661,A321,DAD-HAN-CXR,09:45,10:15,09:45,10:15,09:55,10:24,10:25,10:30,00:30,00:30,DELAY,ONTIME,ONTIME,ONTIME,,93,00:10,,,,,09:55,10:20,,,HAN,DAD,CXR,Domestic,VJ,,,,,,,,,,,,
,2026-06-20,VJ430/VJ463,A675,A320,UIH-HAN-VCA,09:50,10:20,09:50,10:20,10:00,10:24,10:25,10:35,00:30,00:25,DELAY,ONTIME,ONTIME,ONTIME,,93,00:05,,,,,09:55,10:22,,,HAN,UIH,VCA,Domestic,VJ,,,,,,,,,,,,
,2026-06-20,VJ124/VJ425,A645,A321,SGN-HAN-PXU,08:15,10:20,08:15,10:20,08:28,10:28,10:30,10:35,02:05,02:02,DELAY,ONTIME,ONTIME,ONTIME,,95,00:10,,,,,09:55,10:25,,CREW VJ532 OB 1008,HAN,SGN,PXU,Domestic,VJ,,,,,,,,,,,,
,2026-06-20,VJ122/VJ997,A536,A321,SGN-HAN-DPS,09:05,10:25,09:05,10:25,09:20,10:14,10:16,10:28,01:20,00:56,EARLY,ONTIME,ONTIME,ONTIME,,,,,,,,09:30,10:10,,,HAN,SGN,DPS,International,VJ,,,,,,,,,,,,
,2026-06-20,VJ770/VJ437,A676,A320,CXR-HAN-UIH,09:55,10:25,09:55,10:25,10:05,10:29,10:30,10:35,00:30,00:25,DELAY,ONTIME,ONTIME,ONTIME,,93,00:05,,,,,09:55,10:27,,,HAN,CXR,UIH,Domestic,VJ,,,,,,,,,,,,
,2026-06-20,____/VJ493,A550,A321,HAN-BMV,,10:30,,10:30,,10:29,10:30,10:36,,,ONTIME,ONTIME,ONTIME,,,,,,,,,09:40,10:25,,LATE TAKEOFF DUE TO ATC,HAN,HAN,BMV,Domestic,VJ,,,,,,,,,,,,
,2026-06-20,VJ448/VJ901,A683,A321,PQC-HAN-BKK,10:15,11:10,10:15,11:10,10:25,11:09,11:10,11:16,00:55,00:45,ONTIME,ONTIME,ONTIME,ONTIME,,,,,,,,10:35,11:05,,,HAN,PQC,BKK,International,VJ,,,,,,,,,,,,
,2026-06-20,VJ524/VJ507,A552,A321,DAD-HAN-DAD,10:40,11:10,10:40,12:10,11:30,12:09,12:10,12:20,01:30,00:40,ONTIME,ONTIME,DELAY,DELAY,,,,,,,,11:25,12:07,,,HAN,DAD,DAD,Domestic,VJ,,,,,,,,,,,,
,2026-06-20,VJ492/VJ133,A578,A321,BMV-HAN-SGN,10:00,11:20,10:00,11:20,10:20,11:19,11:20,11:32,01:20,01:00,ONTIME,ONTIME,ONTIME,DELAY,,,,,,,,10:20,11:15,,,HAN,BMV,SGN,Domestic,VJ,,,,,,,,,,,,
,2026-06-20,VJ422/VJ565,A672,A320,PXU-HAN-HUI,10:50,11:30,10:50,11:30,11:05,11:37,11:38,11:40,00:40,00:33,DELAY,ONTIME,ONTIME,ONTIME,,,,49,00:08,,,11:05,11:31,,MCC SIGN TECHLOG,HAN,PXU,HUI,Domestic,VJ,,,,,,,,,,,,
,2026-06-20,VJ910/VJ451,A580,A321,BOM-HAN-PQC,07:10,11:45,07:10,11:45,07:05,11:44,11:45,11:54,04:35,04:40,ONTIME,ONTIME,ONTIME,ONTIME,,,,,,,,11:05,11:41,,,HAN,BOM,PQC,Domestic,VJ,,,,,,,,,,,,
,2026-06-20,VJ450/VJ775,A663,A320,PQC-HAN-CXR,11:15,11:45,11:15,11:45,11:25,11:49,11:50,11:53,00:30,00:25,DELAY,ONTIME,ONTIME,ONTIME,,93,00:05,,,,,11:20,11:47,,,HAN,PQC,CXR,Domestic,VJ,,,,,,,,,,,,
,2026-06-20,VJ1772/VJ1453,A698,A321,CXR-HAN-PQC,11:15,11:50,11:15,11:50,11:40,12:04,12:05,12:20,00:35,00:25,DELAY,ONTIME,DELAY,DELAY,,93,00:15,,,,,11:40,12:00,,,HAN,CXR,PQC,Domestic,VJ,,,,,,,,,,,,
,2026-06-20,VJ462/VJ515,A658,A320,VCA-HAN-DAD,11:40,12:10,11:40,12:10,12:05,12:26,12:27,12:35,00:30,00:22,DELAY,DELAY,DELAY,DELAY,,93,00:17,,,,,11:05,12:24,,,HAN,VCA,DAD,Domestic,VJ,,,,,,,,,,,,
,2026-06-20,VJ130/VJ137,A544,A321,SGN-HAN-SGN,10:50,12:20,10:50,12:20,10:30,12:18,12:20,12:29,01:30,01:50,ONTIME,ONTIME,ONTIME,ONTIME,,,,,,,,11:30,12:15,,,HAN,SGN,SGN,Domestic,VJ,,,,,,,,,,,,
,2026-06-20,VJ564/VJ453,A203,A321,HUI-HAN-PQC,12:20,13:00,12:20,13:00,12:27,12:56,12:57,13:08,00:40,00:30,EARLY,ONTIME,ONTIME,ONTIME,,,,,,,,12:25,12:52,,,HAN,HUI,PQC,Domestic,VJ,,,,,,,,,,,,
,2026-06-20,VJ959/VJ787,A648,A321,FUK-HAN-CXR,11:45,13:10,11:45,13:10,11:45,13:04,13:05,13:12,01:25,01:20,EARLY,ONTIME,ONTIME,ONTIME,,,,,,,,12:35,13:01,,,HAN,FUK,CXR,Domestic,VJ,,,,,,,,,,,,
,2026-06-20,VJ128/VJ509,A689,A320,SGN-HAN-DAD,11:50,13:20,11:50,13:20,12:45,13:19,13:20,13:30,01:30,00:35,ONTIME,ONTIME,ONTIME,DELAY,,,,,,,,12:45,13:17,,,HAN,SGN,DAD,Domestic,VJ,,,,,,,,,,,,
,2026-06-20,VJ432/VJ433,A656,A320,UIH-HAN-UIH,12:35,13:20,12:35,13:20,12:50,13:16,13:17,13:24,00:45,00:27,EARLY,ONTIME,ONTIME,ONTIME,,,,,,,,12:45,13:13,,,HAN,UIH,UIH,Domestic,VJ,,,,,,,,,,,,
,2026-06-20,VJ939/VJ948,A529,A321,KIX-HAN-RMQ,12:20,13:30,12:20,13:30,12:23,13:29,13:30,13:42,01:10,01:07,ONTIME,ONTIME,ONTIME,ONTIME,,,,,,,,12:45,13:25,,,HAN,KIX,RMQ,International,VJ,,,,,,,,,,,,
,2026-06-20,VJ190/VJ191,A549,A321,SGN-HAN-SGN,10:25,13:40,10:25,13:40,10:25,13:44,13:45,13:55,03:15,03:20,DELAY,ONTIME,ONTIME,ONTIME,,15A,00:05,,,,,12:50,13:40,,OFFLOAD 2PAX 2BAG,HAN,SGN,SGN,Domestic,VJ,,,,,,,,,,,,
,2026-06-20,VJ440/VJ525,A687,A321,PQC-HAN-DAD,13:30,14:05,13:30,14:05,13:50,14:19,14:20,14:20,00:35,00:30,DELAY,ONTIME,ONTIME,DELAY,,93,00:15,,,,,13:45,14:17,,,HAN,PQC,DAD,Domestic,VJ,,,,,,,,,,,,
,2026-06-20,VJ198/VJ441,A666,A320,SGN-HAN-PQC,12:50,14:05,12:50,14:05,14:10,14:34,14:35,14:35,01:15,00:25,DELAY,DELAY,DELAY,DELAY,,93,00:30,,,,,14:05,14:32,,,HAN,SGN,PQC,Domestic,VJ,,,,,,,,,,,,
,2026-06-20,VJ134/VJ143,A535,A321,SGN-HAN-SGN,13:30,14:05,13:30,14:05,13:40,14:18,14:19,14:20,00:35,00:39,DELAY,ONTIME,ONTIME,ONTIME,,93,00:05,66,00:09,,,13:40,14:15,,,HAN,SGN,SGN,Domestic,VJ,,,,,,,,,,,,
,2026-06-20,VJ921/VJ942,A693,A321,NGO-HAN-TPE,12:50,14:25,12:50,14:25,13:00,14:29,14:30,14:33,01:35,01:30,DELAY,ONTIME,ONTIME,ONTIME,,,,66,00:05,,,13:40,14:25,,CHANGE CREW,HAN,NGO,TPE,International,VJ,,,,,,,,,,,,
,2026-06-20,VJ961/VJ946,A532,A321,ICN-HAN-KHH,13:35,14:35,13:35,14:35,13:45,14:34,14:35,14:40,01:00,00:50,ONTIME,ONTIME,ONTIME,ONTIME,,,,,,,,14:00,14:30,,,HAN,ICN,KHH,International,VJ,,,,,,,,,,,,
,2026-06-20,VJ1504/VJ1505,A642,A321,DAD-HAN-DAD,14:00,14:35,14:00,14:35,14:55,15:24,15:25,15:27,00:35,00:30,DELAY,DELAY,DELAY,DELAY,,93,00:50,,,,,14:55,15:21,,,HAN,DAD,DAD,Domestic,VJ,,,,,,,,,,,,
,2026-06-20,VJ981/VJ145,A636,A321,PUS-HAN-SGN,10:40,14:45,13:25,14:45,13:55,14:49,14:50,14:55,01:20,00:55,DELAY,ONTIME,ONTIME,DELAY,,,,15A,00:05,,,14:00,14:45,,OFFLOAD 9 PAX 2 BAGS,HAN,PUS,SGN,Domestic,VJ,,,,,,,,,,,,
,2026-06-20,VJ1774/VJ467,A661,A321,CXR-HAN-VCA,14:20,14:55,14:20,15:25,15:05,15:34,15:35,15:40,01:05,00:30,DELAY,ONTIME,DELAY,DELAY,,93,00:10,,,,,15:00,,,,HAN,CXR,VCA,Domestic,VJ,,,,,,,,,,,,
,2026-06-20,VJ566/VJ423,A672,A320,HUI-HAN-PXU,14:30,15:05,14:30,15:05,14:45,15:14,15:15,15:20,00:35,00:30,DELAY,ONTIME,ONTIME,ONTIME,,93,00:05,66,00:05,,,14:45,15:12,,CREW OB 1454,HAN,HUI,PXU,Domestic,VJ,,,,,,,,,,,,
,2026-06-20,VJ933/VJ511,A200,A321,NRT-HAN-DAD,13:05,15:05,13:05,15:05,13:13,15:04,15:05,15:10,02:00,01:52,ONTIME,ONTIME,ONTIME,ONTIME,,,,,,,,14:15,15:00,,,HAN,NRT,DAD,Domestic,VJ,,,,,,,,,,,,
,2026-06-20,VJ494/VJ1451,A550,A321,BMV-HAN-PQC,14:30,15:05,14:30,15:05,15:05,15:29,15:30,15:30,00:35,00:25,DELAY,DELAY,DELAY,DELAY,,93,00:25,,,,,15:05,15:26,,LATE TAKEOFF DUE TO ATC,HAN,BMV,PQC,Domestic,VJ,,,,,,,,,,,,
,2026-06-20,VJ426/VJ419,A645,A321,PXU-HAN-TBB,14:05,15:10,14:05,15:10,14:20,15:05,15:06,15:12,01:05,00:46,EARLY,ONTIME,ONTIME,ONTIME,,,,,,,,14:20,15:02,,,HAN,PXU,TBB,Domestic,VJ,,,,,,,,,,,,
,2026-06-20,VJ436/VJ439,A676,A320,UIH-HAN-UIH,14:10,15:40,14:10,15:40,14:30,15:37,15:38,15:42,01:30,01:08,EARLY,ONTIME,ONTIME,DELAY,,,,,,,,14:50,15:35,,,HAN,UIH,UIH,Domestic,VJ,,,,,,,,,,,,
,2026-06-20,VJ138/VJ147,A668,A320,SGN-HAN-SGN,15:15,15:45,15:15,15:45,15:35,15:59,16:00,16:10,00:30,00:25,DELAY,ONTIME,DELAY,DELAY,,93,00:15,,,,,15:35,15:57,,,HAN,SGN,SGN,Domestic,VJ,,,,,,,,,,,,
,2026-06-20,VJ906/VJ903,A662,A320,KUL-HAN-BKK,14:40,15:45,14:40,15:45,15:00,15:39,15:40,15:47,01:05,00:40,EARLY,ONTIME,ONTIME,DELAY,,,,,,,,15:15,15:35,,,HAN,KUL,BKK,International,VJ,,,,,,,,,,,,
,2026-06-20,VJ7707/VJ7707,A575,A321,KHV-HAN-CXR,15:25,15:55,15:25,15:55,15:30,15:52,15:53,16:05,00:30,00:23,EARLY,ONTIME,ONTIME,ONTIME,,,,,,,,,,X,,HAN,KHV,CXR,Domestic,VJ,,,,,,,,,,,,
,2026-06-20,VJ136/VJ567,A635,A321,SGN-HAN-HUI,14:10,15:55,14:10,15:55,14:55,15:54,15:55,16:05,01:45,01:00,ONTIME,ONTIME,ONTIME,DELAY,,,,,,,,15:20,15:52,,,HAN,SGN,HUI,Domestic,VJ,,,,,,,,,,,,
,2026-06-20,VJ510/VJ773,A552,A321,DAD-HAN-CXR,14:35,16:00,14:35,16:00,16:00,16:29,16:30,16:30,01:25,00:30,DELAY,DELAY,DELAY,DELAY,,93,00:30,,,,,16:00,16:27,,,HAN,DAD,CXR,Domestic,VJ,,,,,,,,,,,,
,2026-06-20,VJ508/VJ193,A658,A320,DAD-HAN-SGN,15:25,16:30,15:25,16:30,16:05,16:37,16:37,16:43,01:05,00:32,DELAY,ONTIME,ONTIME,DELAY,,,,66,00:07,,,16:14,16:35,,CREW OB 1614,HAN,DAD,SGN,Domestic,VJ,,,,,,,,,,,,
,2026-06-20,VJ902/VJ913,A683,A321,BKK-HAN-SAI,15:50,16:50,15:50,16:50,16:25,17:03,17:05,17:05,01:00,00:40,DELAY,ONTIME,ONTIME,DELAY,,93,00:05,66,00:10,,,16:34,17:01,,CREW OB 1637,HAN,BKK,SAI,International,VJ,,,,,,,,,,,,
,2026-06-20,VJ140/VJ151,A524,A321,SGN-HAN-SGN,16:20,16:55,16:20,16:55,16:45,17:14,17:15,17:20,00:35,00:30,DELAY,DELAY,DELAY,DELAY,,93,00:20,,,,,16:45,17:12,,,HAN,SGN,SGN,Domestic,VJ,,,,,,,,,,,,
,2026-06-20,VJ530/VJ465,A689,A320,DAD-HAN-VCA,16:30,17:00,16:30,17:00,16:45,17:09,17:10,17:15,00:30,00:25,DELAY,ONTIME,ONTIME,ONTIME,,93,00:10,,,,,16:45,17:07,,LATE TAKEOFF DUE TO ATC,HAN,DAD,VCA,Domestic,VJ,,,,,,,,,,,,
,2026-06-20,VJ772/VJ457,A663,A320,CXR-HAN-PQC,15:55,17:10,15:55,17:10,16:25,17:05,17:07,17:09,01:15,00:42,EARLY,ONTIME,ONTIME,DELAY,,,,,,,,16:25,17:03,,,HAN,CXR,PQC,Domestic,VJ,,,,,,,,,,,,
,2026-06-20,VJ1454/VJ141,A698,A321,PQC-HAN-SGN,16:35,17:30,16:35,17:30,17:25,17:49,17:50,17:53,00:55,00:25,DELAY,DELAY,DELAY,DELAY,,93,00:20,,,,,17:20,17:48,,,HAN,PQC,SGN,Domestic,VJ,,,,,,,,,,,,
,2026-06-20,VJ528/VJ495,A687,A321,DAD-HAN-BMV,17:25,17:30,17:25,18:15,17:45,18:11,18:12,18:23,00:50,00:27,EARLY,ONTIME,DELAY,DELAY,,,,,,,,17:40,18:10,,,HAN,DAD,BMV,Domestic,VJ,,,,,,,,,,,,
,2026-06-20,VJ434/VJ1431,A656,A320,UIH-HAN-UIH,17:10,17:40,17:10,17:40,17:10,17:39,17:40,17:43,00:30,00:30,ONTIME,ONTIME,ONTIME,ONTIME,,,,,,,,17:10,17:37,,,HAN,UIH,UIH,Domestic,VJ,,,,,,,,,,,,
,2026-06-20,VJ454/VJ517,A580,A321,PQC-HAN-DAD,16:45,18:00,16:45,18:00,16:55,17:54,17:55,18:00,01:15,01:00,EARLY,ONTIME,ONTIME,ONTIME,,,,,,,,17:10,17:52,,,HAN,PQC,DAD,Domestic,VJ,,,,,,,,,,,,
,2026-06-20,VJ774/VJ153,A648,A321,CXR-HAN-SGN,17:15,18:05,17:15,18:05,17:37,18:04,18:05,18:15,00:50,00:28,ONTIME,ONTIME,ONTIME,DELAY,,,,,,,,17:37,18:02,,,HAN,CXR,SGN,Domestic,VJ,,,,,,,,,,,,
,2026-06-20,VJ456/VJ781,A203,A321,PQC-HAN-CXR,17:45,18:15,17:45,18:15,17:50,18:14,18:15,18:20,00:30,00:25,ONTIME,ONTIME,ONTIME,ONTIME,,,,,,,,17:50,18:12,,,HAN,PQC,CXR,Domestic,VJ,,,,,,,,,,,,
,2026-06-20,VJ512/VJ521,A200,A321,DAD-HAN-DAD,18:15,18:45,18:15,18:45,18:30,18:54,18:55,19:15,00:30,00:25,DELAY,ONTIME,DELAY,ONTIME,,93,00:10,,,,,18:13,18:52,,,HAN,DAD,DAD,Domestic,VJ,,,,,,,,,,,,
,2026-06-20,VJ142/VJ789,A553,A321,SGN-HAN-CXR,15:30,18:45,15:30,18:45,15:50,18:44,18:45,18:52,03:15,02:55,ONTIME,ONTIME,ONTIME,DELAY,,,,,,,,18:00,18:42,,,HAN,SGN,CXR,Domestic,VJ,,,,,,,,,,,,
,2026-06-20,VJ148/VJ155,A522,A321,SGN-HAN-SGN,18:25,18:55,18:25,19:10,18:45,19:04,19:05,19:25,00:45,00:20,EARLY,ONTIME,DELAY,DELAY,,,,,,,,18:45,19:03,,LATE PUSHBACK DUE TO ATC,HAN,SGN,SGN,Domestic,VJ,,,,,,,,,,,,
,2026-06-20,VJ424/VJ561,A672,A320,PXU-HAN-HUI,18:45,19:15,18:45,19:15,19:00,19:20,19:21,19:42,00:30,00:21,DELAY,ONTIME,DELAY,ONTIME,,93,00:06,,,,,19:00,19:18,,LATE PUSHBACK DUE TO ATC,HAN,PXU,HUI,Domestic,VJ,,,,,,,,,,,,
,2026-06-20,VJ144/VJ519,A673,A321,SGN-HAN-DAD,18:05,19:25,18:05,19:25,18:20,19:21,19:22,19:40,01:20,01:02,EARLY,ONTIME,ONTIME,ONTIME,,,,,,,,18:45,19:19,,,HAN,SGN,DAD,Domestic,VJ,,,,,,,,,,,,
,2026-06-20,VJ916/VJ157,A500,A321,SIN-HAN-SGN,17:25,19:30,17:25,19:30,17:17,19:29,19:30,19:45,02:05,02:13,ONTIME,ONTIME,ONTIME,ONTIME,,,,,,,,18:40,19:28,,,HAN,SIN,SGN,Domestic,VJ,,,,,,,,,,,,
,2026-06-20,VJ146/VJ1127,A535,A321,SGN-HAN-SGN,19:00,19:35,19:00,19:35,19:30,19:59,20:00,20:45,00:35,00:30,DELAY,DELAY,DELAY,DELAY,,93,00:25,,,,,18:55,19:37,,LATE PUSHBACK DUE TO ATC,HAN,SGN,SGN,Domestic,VJ,,,,,,,,,,,,
,2026-06-20,VJ928/VJ971,A548,A321,CGK-HAN-DEL,18:15,19:40,18:15,19:40,18:40,19:39,19:40,19:55,01:25,01:00,ONTIME,ONTIME,ONTIME,DELAY,,,,,,,,18:55,19:37,,,HAN,CGK,DEL,International,VJ,,,,,,,,,,,,
,2026-06-20,VJ188/VJ1925,A537,A321,SGN-HAN-AMD,19:00,19:45,19:00,19:45,19:10,19:54,19:55,20:40,00:45,00:45,DELAY,ONTIME,DELAY,ONTIME,,,,,,,,19:30,19:52,,CREW OB 1930 / LATE PUSHBACK DUE TO ATC,HAN,SGN,AMD,International,VJ,,,,,,,,,,,,
,2026-06-20,VJ568/VJ523,A635,A321,HUI-HAN-DAD,18:55,19:45,18:55,19:45,19:20,20:09,20:10,20:50,00:50,00:50,DELAY,DELAY,DELAY,DELAY,,93,00:05,95,00:20,,,19:45,20:07,,LATE PUSHBACK DUE TO ATC / CREW FROM VJ146 OB1945,HAN,HUI,DAD,Domestic,VJ,,,,,,,,,,,,
,2026-06-20,VJ464/VJ7712,A675,A320,VCA-HAN-PKX,15:10,19:55,15:10,19:55,15:55,19:54,19:55,20:20,04:45,04:00,ONTIME,ONTIME,DELAY,DELAY,,,,,,,,19:10,19:52,,,HAN,VCA,PKX,International,VJ,,,,,,,,,,,,
,2026-06-20,VJ438/VJ1785,A676,A320,UIH-HAN-CXR,19:25,19:55,19:25,19:55,19:35,19:59,20:00,20:45,00:30,00:25,DELAY,ONTIME,DELAY,ONTIME,,93,00:05,,,,,19:25,19:57,,LATE PUSHBACK DUE TO ATC,HAN,UIH,CXR,Domestic,VJ,,,,,,,,,,,,
,2026-06-20,VJ152/VJ159,A649,A321,SGN-HAN-SGN,19:35,20:10,19:35,20:10,19:45,20:49,20:50,21:10,00:35,01:05,DELAY,DELAY,DELAY,ONTIME,,93,00:05,77,00:35,,,19:45,20:14,,BAD WX AT HAN,HAN,SGN,SGN,Domestic,VJ,,,,,,,,,,,,
,2026-06-20,VJ420/VJ783,A645,A321,TBB-HAN-CXR,19:15,20:25,19:15,20:25,19:00,20:44,20:45,21:30,01:10,01:45,DELAY,DELAY,DELAY,ONTIME,,,,77,00:20,,,19:40,20:23,,LATE PUSHBACK DUE TO ATC / BAD WX AT HAN,HAN,TBB,CXR,Domestic,VJ,,,,,,,,,,,,
,2026-06-20,VJ1452/VJ161,A550,A321,PQC-HAN-SGN,19:50,20:55,19:50,20:55,21:15,21:42,21:44,22:20,01:05,00:29,DELAY,DELAY,DELAY,DELAY,,93,00:49,,,,,20:56,21:41,,LATE PUSHBACK DUE TO ATC,HAN,PQC,SGN,Domestic,VJ,,,,,,,,,,,,
,2026-06-20,VJ154/VJ163,A539,A321,SGN-HAN-SGN,20:55,21:25,20:55,21:25,21:50,22:19,22:20,22:30,00:30,00:30,DELAY,DELAY,DELAY,DELAY,,93,00:55,,,,,21:50,22:17,,,HAN,SGN,SGN,Domestic,VJ,,,,,,,,,,,,
,2026-06-20,VJ904/VJ7238,A662,A320,BKK-HAN-PVG,20:25,21:25,20:25,21:25,21:10,21:44,21:45,22:20,01:00,00:35,DELAY,DELAY,DELAY,DELAY,,93,00:10,66,00:10,,,21:20,21:42,,LATE PUSHBACK DUE TO ATC / CREW HN OB2125,HAN,BKK,PVG,International,VJ,,,,,,,,,,,,
,2026-06-20,VJ947/VJ7526,A532,A321,KHH-HAN-CAN,20:35,22:30,20:35,22:30,21:25,22:24,22:25,22:30,01:55,01:00,EARLY,ONTIME,ONTIME,DELAY,,,,,,,,21:45,22:22,,,HAN,KHH,CAN,International,VJ,,,,,,,,,,,,
,2026-06-20,VJ194/VJ167,A658,A320,SGN-HAN-SGN,21:50,22:45,21:50,23:40,23:25,23:49,23:50,1904-01-02,01:50,00:25,DELAY,ONTIME,DELAY,DELAY,,93,00:10,,,,,23:25,23:48,,,HAN,SGN,SGN,Domestic,VJ,,,,,,,,,,,,
,2026-06-20,VJ522/VJ169,A673,A321,DAD-HAN-SGN,22:35,23:25,22:35,23:25,23:45,00:14,00:15,00:20,00:50,00:30,DELAY,DELAY,DELAY,DELAY,,93,00:50,,,,,23:45,00:12,,,HAN,DAD,SGN,Domestic,VJ,,,,,,,,,,,,
,2026-06-20,VJ778/VJ529,A647,A321,CXR-HAN-DAD,22:55,23:30,22:55,00:55,00:35,01:14,01:15,01:30,02:00,00:40,DELAY,DELAY,DELAY,ONTIME,,93,00:10,41,00:10,,,00:35,01:02,,TECHNICAL CHECK,HAN,CXR,DAD,Domestic,VJ,,,,,,,,,,,,
,2026-06-21,VJ7658/VJ7658,A580,A321,DAD-HAN-BQS,23:45,00:20,23:45,00:20,00:00,00:29,00:30,00:35,00:35,00:30,DELAY,ONTIME,ONTIME,ONTIME,,93,00:10,,,,,,,X,,HAN,DAD,BQS,International,VJ,,,,,,,,,,,,
,2026-06-21,____/VJ932,A693,A321,HAN-NRT,,00:30,,00:30,,00:28,00:30,00:32,,,ONTIME,ONTIME,ONTIME,,,,,,,,,23:45,00:27,,,HAN,HAN,NRT,International,VJ,,,,,,,,,,,,
,2026-06-21,VJ7704/VJ7704,A553,A321,CXR-HAN-VVO,00:10,00:45,00:10,00:45,00:45,01:13,01:15,01:15,00:35,00:30,DELAY,DELAY,DELAY,DELAY,,93,00:30,,,,,,,X,,HAN,CXR,VVO,International,VJ,,,,,,,,,,,,
,2026-06-21,VJ160/VJ982,A636,A321,SGN-HAN-PUS,22:45,01:05,22:45,01:05,23:45,00:57,00:58,01:01,02:20,01:13,EARLY,ONTIME,ONTIME,DELAY,,,,,,,,00:15,00:55,,,HAN,SGN,PUS,International,VJ,,,,,,,,,,,,
,2026-06-21,____/VJ938,A529,A321,HAN-KIX,,01:20,,01:20,,01:19,01:20,01:26,,,ONTIME,ONTIME,ONTIME,,,,,,,,,00:35,01:18,,,HAN,HAN,KIX,International,VJ,,,,,,,,,,,,
,2026-06-21,____/VJ960,A500,A321,HAN-ICN,,01:40,,01:40,,01:39,01:40,01:48,,,ONTIME,ONTIME,ONTIME,,,,,,,,,01:18,01:38,,,HAN,HAN,ICN,International,VJ,,,,,,,,,,,,
,2026-06-21,____/VJ920,A536,A321,HAN-NGO,,01:40,,01:40,,01:37,01:39,01:42,,,EARLY,ONTIME,ONTIME,,,,,,,,,00:20,01:35,,,HAN,HAN,NGO,International,VJ,,,,,,,,,,,,
,2026-06-21,____/VJ1980,A656,A320,HAN-FSZ,,02:40,,02:40,,02:23,02:25,02:25,,,EARLY,ONTIME,ONTIME,,,,,,,,,01:50,02:21,,,HAN,HAN,FSZ,International,VJ,,,,,,,,,,,,
,2026-06-21,____/VJ123,A676,A320,HAN-SGN,,05:30,,05:30,,05:23,05:24,05:26,,,EARLY,ONTIME,ONTIME,,,,,,,,,04:40,05:20,,,HAN,HAN,SGN,Domestic,VJ,,,,,,,,,,,,
,2026-06-21,____/VJ445,A544,A321,HAN-PQC,,05:30,,05:30,,05:24,05:25,05:27,,,EARLY,ONTIME,ONTIME,,,,,,,,,04:40,05:22,,,HAN,HAN,PQC,Domestic,VJ,,,,,,,,,,,,
,2026-06-21,____/VJ501,A661,A321,HAN-DAD,,05:40,,05:40,,05:34,05:35,05:40,,,EARLY,ONTIME,ONTIME,,,,,,,,,04:55,05:32,,,HAN,HAN,DAD,Domestic,VJ,,,,,,,,,,,,
,2026-06-21,____/VJ771,A689,A320,HAN-CXR,,05:45,,05:45,,05:39,05:40,05:50,,,EARLY,ONTIME,ONTIME,,,,,,,,,05:00,05:38,,,HAN,HAN,CXR,Domestic,VJ,,,,,,,,,,,,
,2026-06-21,____/VJ121,A575,A321,HAN-SGN,,06:00,,06:00,,05:54,05:55,06:02,,,EARLY,ONTIME,ONTIME,,,,,,,,,05:08,05:52,,,HAN,HAN,SGN,Domestic,VJ,,,,,,,,,,,,
,2026-06-21,____/VJ491,A683,A321,HAN-BMV,,06:00,,06:00,,05:54,05:55,05:58,,,EARLY,ONTIME,ONTIME,,,,,,,,,05:15,05:52,,,HAN,HAN,BMV,Domestic,VJ,,,,,,,,,,,,
,2026-06-21,VJ7713/VJ431,A675,A320,PKX-HAN-UIH,04:35,06:05,04:35,06:05,04:35,05:59,06:00,06:05,01:30,01:25,EARLY,ONTIME,ONTIME,ONTIME,,,,,,,,05:15,05:58,,,HAN,PKX,UIH,Domestic,VJ,,,,,,,,,,,,
,2026-06-21,____/VJ952,A663,A320,HAN-HIJ,,06:15,,06:15,,06:09,06:10,06:18,,,EARLY,ONTIME,ONTIME,,,,,,,,,05:25,06:08,,,HAN,HAN,HIJ,International,VJ,,,,,,,,,,,,
,2026-06-21,____/VJ531,A203,A321,HAN-DAD,,06:30,,06:30,,06:23,06:24,06:26,,,EARLY,ONTIME,ONTIME,,,,,,,,,05:50,06:21,,,HAN,HAN,DAD,Domestic,VJ,,,,,,,,,,,,
,2026-06-21,____/VJ461,A643,A321,HAN-VCA,,06:45,,06:45,,06:33,06:35,06:37,,,EARLY,ONTIME,ONTIME,,,,,,,,,06:00,06:31,,,HAN,HAN,VCA,Domestic,VJ,,,,,,,,,,,,
,2026-06-21,____/VJ1771,A532,A321,HAN-CXR,,07:00,,07:00,,06:54,06:55,07:05,,,EARLY,ONTIME,ONTIME,,,,,,,,,06:00,06:52,,,HAN,HAN,CXR,Domestic,VJ,,,,,,,,,,,,
,2026-06-21,____/VJ125,A666,A320,HAN-SGN,,07:00,,07:00,,06:54,06:55,07:02,,,EARLY,ONTIME,ONTIME,,,,,,,,,06:15,06:52,,,HAN,HAN,SGN,Domestic,VJ,,,,,,,,,,,,
,2026-06-21,____/VJ421,A648,A321,HAN-PXU,,07:10,,07:10,,07:02,07:03,07:18,,,EARLY,ONTIME,ONTIME,,,,,,,,,06:30,07:00,,,HAN,HAN,PXU,Domestic,VJ,,,,,,,,,,,,
,2026-06-21,____/VJ197,A200,A321,HAN-SGN,,07:20,,07:20,,07:14,07:15,07:25,,,EARLY,ONTIME,ONTIME,,,,,,,,,06:45,07:12,,,HAN,HAN,SGN,Domestic,VJ,,,,,,,,,,,,
,2026-06-21,____/VJ905,A672,A320,HAN-KUL,,07:25,,07:55,,07:59,08:00,08:10,,,DELAY,ONTIME,DELAY,,,91,00:05,,,,,07:00,07:58,,PAX TS FR VJ1926,HAN,HAN,KUL,International,VJ,,,,,,,,,,,,
,2026-06-21,VJ502/VJ503,A547,A321,DAD-HAN-DAD,07:00,07:30,07:00,07:30,06:55,07:24,07:25,07:32,00:30,00:30,EARLY,ONTIME,ONTIME,ONTIME,,,,,,,,06:55,07:22,,,HAN,DAD,DAD,Domestic,VJ,,,,,,,,,,,,
,2026-06-21,____/VJ934,A538,A321,HAN-NRT,,07:55,,07:55,,07:59,08:00,08:05,,,DELAY,ONTIME,ONTIME,,,99,00:05,,,,,07:15,07:58,,LATE 01PAX 03BAG,HAN,HAN,NRT,International,VJ,,,,,,,,,,,,
,2026-06-21,VJ120/VJ127,A550,A321,SGN-HAN-SGN,07:50,08:25,07:50,08:25,07:40,08:24,08:25,08:29,00:35,00:45,ONTIME,ONTIME,ONTIME,ONTIME,,,,,,,,07:30,08:20,,,HAN,SGN,SGN,Domestic,VJ,,,,,,,,,,,,
,2026-06-21,____/VJ929,A537,A321,HAN-CGK,,08:40,,08:40,,08:39,08:40,08:50,,,ONTIME,ONTIME,ONTIME,,,,,,,,,07:47,08:38,,,HAN,HAN,CGK,International,VJ,,,,,,,,,,,,
,2026-06-21,VJ124/VJ129,A668,A320,SGN-HAN-SGN,08:15,08:45,08:15,08:45,08:05,08:39,08:40,08:49,00:30,00:35,EARLY,ONTIME,ONTIME,ONTIME,,,,,,,,08:10,08:38,,,HAN,SGN,SGN,Domestic,VJ,,,,,,,,,,,,
,2026-06-21,____/VJ447,A534,A321,HAN-PQC,,08:45,,08:45,,08:44,08:45,08:54,,,ONTIME,ONTIME,ONTIME,,,,,,,,,08:05,08:42,,,HAN,HAN,PQC,Domestic,VJ,,,,,,,,,,,,
,2026-06-21,____/VJ435,A662,A320,HAN-UIH,,08:50,,08:50,,08:36,08:37,08:46,,,EARLY,ONTIME,ONTIME,,,,,,,,,07:48,08:34,,,HAN,HAN,UIH,Domestic,VJ,,,,,,,,,,,,
,2026-06-21,____/VJ505,A685,A321,HAN-DAD,,09:05,,09:05,,09:01,09:03,09:09,,,EARLY,ONTIME,ONTIME,,,,,,,,,08:15,08:58,,,HAN,HAN,DAD,Domestic,VJ,,,,,,,,,,,,
,2026-06-21,VJ514/VJ563,A661,A321,DAD-HAN-HUI,08:50,09:20,08:50,09:20,09:05,09:33,09:34,09:35,00:30,00:29,DELAY,ONTIME,ONTIME,ONTIME,,93,00:14,,,,,08:55,09:32,,,HAN,DAD,HUI,Domestic,VJ,,,,,,,,,,,,
,2026-06-21,____/VJ915,A630,A321,HAN-SIN,,09:35,,09:35,,09:59,10:00,10:04,,,DELAY,DELAY,DELAY,,,99,00:25,,,,,08:40,09:58,,OFLD 2PAX2BAG ONBOARD,HAN,HAN,SIN,International,VJ,,,,,,,,,,,,
,2026-06-21,____/VJ1773,A635,A321,HAN-CXR,,10:00,,10:00,,09:54,09:55,09:59,,,EARLY,ONTIME,ONTIME,,,,,,,,,09:10,09:49,,,HAN,HAN,CXR,Domestic,VJ,,,,,,,,,,,,
,2026-06-21,VJ126/VJ131,A607,A321,SGN-HAN-SGN,09:40,10:10,09:40,10:10,09:35,10:09,10:10,10:14,00:30,00:35,ONTIME,ONTIME,ONTIME,ONTIME,,,,,,,,09:30,10:07,,,HAN,SGN,SGN,Domestic,VJ,,,,,,,,,,,,
,2026-06-21,VJ504/VJ135,A816,A330,DAD-HAN-SGN,08:20,10:10,08:20,10:10,09:35,10:14,10:15,10:25,01:50,00:40,DELAY,ONTIME,ONTIME,DELAY,,93,00:05,,,,,09:35,10:12,,,HAN,DAD,SGN,Domestic,VJ,,,,,,,,,,,,
,2026-06-21,VJ532/VJ425,A203,A321,DAD-HAN-PXU,09:45,10:20,09:45,10:20,09:55,10:17,10:18,10:24,00:35,00:23,EARLY,ONTIME,ONTIME,ONTIME,,,,,,,,09:48,10:15,,,HAN,DAD,PXU,Domestic,VJ,,,,,,,,,,,,
,2026-06-21,VJ122/VJ997,A524,A321,SGN-HAN-DPS,09:05,10:25,09:05,10:25,08:55,10:29,10:30,10:35,01:20,01:35,DELAY,ONTIME,ONTIME,ONTIME,,15A,00:05,,,,,09:40,10:22,,OFLD 2 PAX & 3BAG,HAN,SGN,DPS,International,VJ,,,,,,,,,,,,
,2026-06-21,VJ770/VJ463,A689,A320,CXR-HAN-VCA,09:55,10:25,09:55,10:25,10:10,10:39,10:40,10:49,00:30,00:30,DELAY,ONTIME,DELAY,ONTIME,,93,00:10,66,00:05,,,10:10,10:37,,,HAN,CXR,VCA,Domestic,VJ,,,,,,,,,,,,
,2026-06-21,VJ430/VJ437,A675,A320,UIH-HAN-UIH,09:50,10:25,09:50,10:25,10:00,10:24,10:25,10:30,00:35,00:25,ONTIME,ONTIME,ONTIME,ONTIME,,,,,,,,09:52,10:23,,,HAN,UIH,UIH,Domestic,VJ,,,,,,,,,,,,
,2026-06-21,____/VJ565,A548,A321,HAN-HUI,,10:30,,10:30,,10:26,10:27,10:37,,,EARLY,ONTIME,ONTIME,,,,,,,,,09:40,10:24,,,HAN,HAN,HUI,Domestic,VJ,,,,,,,,,,,,
,2026-06-21,VJ492/VJ493,A683,A321,BMV-HAN-BMV,10:00,10:30,10:00,10:30,10:05,10:34,10:35,10:40,00:30,00:30,DELAY,ONTIME,ONTIME,ONTIME,,93,00:05,,,,,09:55,10:32,,,HAN,BMV,BMV,Domestic,VJ,,,,,,,,,,,,
,2026-06-21,VJ524/VJ507,A547,A321,DAD-HAN-DAD,10:40,11:10,10:40,11:35,11:15,11:44,11:45,11:54,00:55,00:30,DELAY,ONTIME,DELAY,DELAY,,93,00:10,,,,,11:00,11:40,,,HAN,DAD,DAD,Domestic,VJ,,,,,,,,,,,,
,2026-06-21,VJ448/VJ901,A544,A321,PQC-HAN-BKK,10:15,11:15,10:15,11:15,10:20,11:09,11:10,11:19,01:00,00:50,EARLY,ONTIME,ONTIME,ONTIME,,,,,,,,10:30,11:07,,,HAN,PQC,BKK,International,VJ,,,,,,,,,,,,
,2026-06-21,VJ130/VJ133,A644,A321,SGN-HAN-SGN,10:50,11:20,10:50,11:20,10:55,11:29,11:30,11:35,00:30,00:35,DELAY,ONTIME,ONTIME,ONTIME,,93,00:05,66,00:05,,,11:01,11:28,,CREW OB 1106,HAN,SGN,SGN,Domestic,VJ,,,,,,,,,,,,
,2026-06-21,VJ422/VJ451,A648,A321,PXU-HAN-PQC,10:50,11:45,10:50,11:45,11:02,11:43,11:44,11:51,00:55,00:42,EARLY,ONTIME,ONTIME,ONTIME,,,,,,,,10:45,11:39,,,HAN,PXU,PQC,Domestic,VJ,,,,,,,,,,,,
,2026-06-21,VJ1772/VJ1453,A532,A321,CXR-HAN-PQC,11:15,11:50,11:15,11:50,11:25,11:49,11:50,11:59,00:35,00:25,ONTIME,ONTIME,ONTIME,ONTIME,,,,,,,,11:15,11:48,,,HAN,CXR,PQC,Domestic,VJ,,,,,,,,,,,,
,2026-06-21,VJ462/VJ515,A643,A321,VCA-HAN-DAD,11:40,12:15,11:40,12:15,11:35,12:14,12:15,12:18,00:35,00:40,ONTIME,ONTIME,ONTIME,ONTIME,,,,,,,,11:40,12:13,,,HAN,VCA,DAD,Domestic,VJ,,,,,,,,,,,,
,2026-06-21,VJ128/VJ137,A666,A320,SGN-HAN-SGN,11:50,12:20,11:50,12:20,11:55,12:24,12:25,12:33,00:30,00:30,DELAY,ONTIME,ONTIME,ONTIME,,66,00:05,,,,,11:55,12:23,,,HAN,SGN,SGN,Domestic,VJ,,,,,,,,,,,,
,2026-06-21,____/VJ453,A687,A321,HAN-PQC,,13:00,,13:00,,12:55,12:56,13:03,,,EARLY,ONTIME,ONTIME,,,,,,,,,12:10,12:54,,,HAN,HAN,PQC,Domestic,VJ,,,,,,,,,,,,
,2026-06-21,VJ432/VJ509,A662,A320,UIH-HAN-DAD,12:35,13:05,12:35,13:05,12:09,12:57,12:59,13:00,00:30,00:50,EARLY,ONTIME,ONTIME,ONTIME,,,,,,,,12:00,12:55,,,HAN,UIH,DAD,Domestic,VJ,,,,,,,,,,,,
,2026-06-21,VJ981/VJ787,A636,A321,PUS-HAN-CXR,10:40,13:10,10:40,13:10,10:30,13:09,13:10,13:19,02:30,02:40,ONTIME,ONTIME,ONTIME,ONTIME,,,,,,,,12:30,13:05,,,HAN,PUS,CXR,Domestic,VJ,,,,,,,,,,,,
,2026-06-21,VJ7705/VJ7705,A553,A321,VVO-HAN-CXR,12:45,13:15,12:45,14:05,13:45,14:04,14:05,14:11,01:20,00:20,ONTIME,ONTIME,DELAY,DELAY,,,,,,,,,,X,,HAN,VVO,CXR,Domestic,VJ,,,,,,,,,,,,
,2026-06-21,VJ7659/VJ7659,A580,A321,BQS-HAN-DAD,12:45,13:15,12:45,13:15,13:05,13:34,13:35,13:45,00:30,00:30,DELAY,DELAY,DELAY,DELAY,,93,00:20,,,,,,,X,,HAN,BQS,DAD,Domestic,VJ,,,,,,,,,,,,
,2026-06-21,VJ198/VJ433,A200,A321,SGN-HAN-UIH,12:40,13:20,12:40,13:20,12:50,13:23,13:25,13:34,00:40,00:35,DELAY,ONTIME,ONTIME,ONTIME,,66,00:05,,,,,13:00,13:20,,,HAN,SGN,UIH,Domestic,VJ,,,,,,,,,,,,
,2026-06-21,VJ939/VJ948,A529,A321,KIX-HAN-RMQ,12:20,13:30,12:20,13:30,12:26,13:29,13:30,13:38,01:10,01:04,ONTIME,ONTIME,ONTIME,ONTIME,,,,,,,,12:40,13:28,,,HAN,KIX,RMQ,International,VJ,,,,,,,,,,,,
,2026-06-21,VJ506/VJ191,A685,A321,DAD-HAN-SGN,12:15,13:40,12:15,13:40,12:55,13:39,13:40,13:49,01:25,00:45,ONTIME,ONTIME,ONTIME,DELAY,,,,,,,,13:00,13:37,,,HAN,DAD,SGN,Domestic,VJ,,,,,,,,,,,,
,2026-06-21,VJ134/VJ441,A550,A321,SGN-HAN-PQC,13:30,14:05,13:30,14:05,13:45,14:03,14:04,14:08,00:35,00:19,EARLY,ONTIME,ONTIME,ONTIME,,,,,,,,13:35,14:02,,,HAN,SGN,PQC,Domestic,VJ,,,,,,,,,,,,
,2026-06-21,VJ566/VJ525,A548,A321,HUI-HAN-DAD,13:30,14:05,13:30,14:05,13:40,14:14,14:15,14:20,00:35,00:35,DELAY,ONTIME,ONTIME,ONTIME,,,,,,,,13:50,14:12,,,HAN,HUI,DAD,Domestic,VJ,,,,,,,,,,,,
,2026-06-21,VJ933/VJ143,A693,A321,NRT-HAN-SGN,13:05,14:20,13:05,14:20,13:25,14:19,14:20,14:30,01:15,00:55,ONTIME,ONTIME,ONTIME,DELAY,,,,,,,,13:27,14:15,,,HAN,NRT,SGN,Domestic,VJ,,,,,,,,,,,,
,2026-06-21,VJ921/VJ942,A536,A321,NGO-HAN-TPE,12:50,14:25,12:50,14:25,13:00,14:29,14:30,14:33,01:35,01:30,DELAY,ONTIME,ONTIME,ONTIME,,99,00:05,,,,,13:40,14:25,,LATE ACCEPT 02 PAX WITH 03 BAGS,HAN,NGO,TPE,International,VJ,,,,,,,,,,,,
,2026-06-21,VJ564/VJ946,A661,A321,HUI-HAN-KHH,12:20,14:35,12:20,14:35,12:41,14:34,14:35,14:42,02:15,01:54,ONTIME,ONTIME,ONTIME,DELAY,,,,,,,,13:44,14:33,,,HAN,HUI,KHH,International,VJ,,,,,,,,,,,,
,2026-06-21,VJ961/VJ467,A500,A321,ICN-HAN-VCA,13:35,14:35,13:35,14:35,13:22,14:34,14:35,14:44,01:00,01:13,ONTIME,ONTIME,ONTIME,ONTIME,,,,,,,,13:45,14:32,,,HAN,ICN,VCA,Domestic,VJ,,,,,,,,,,,,
,2026-06-21,VJ440/VJ145,A534,A321,PQC-HAN-SGN,13:30,14:40,13:30,14:40,13:52,14:44,14:45,14:49,01:10,00:53,DELAY,ONTIME,ONTIME,DELAY,,15A,00:05,,,,,14:00,14:27,,OFFLOAD 10PAX WITH 03BAGS,HAN,PQC,SGN,Domestic,VJ,,,,,,,,,,,,
,2026-06-21,VJ1504/VJ1505,A647,A321,DAD-HAN-DAD,14:10,14:45,14:10,15:30,15:00,15:29,15:30,15:42,01:20,00:30,ONTIME,ONTIME,DELAY,DELAY,,,,,,,,15:00,15:27,,,HAN,DAD,DAD,Domestic,VJ,,,,,,,,,,,,
,2026-06-21,VJ510/VJ511,A547,A321,DAD-HAN-DAD,14:35,15:05,14:35,15:45,15:35,16:04,16:05,16:26,01:10,00:30,DELAY,DELAY,DELAY,DELAY,,93,00:20,,,,,15:20,16:00,,LATE PUSHBACK DUE TO ATC,HAN,DAD,DAD,Domestic,VJ,,,,,,,,,,,,
,2026-06-21,VJ1981/VJ423,A656,A320,FSZ-HAN-PXU,14:00,15:05,14:00,15:05,14:00,14:56,14:57,15:04,01:05,00:57,EARLY,ONTIME,ONTIME,ONTIME,,,,,,,,14:20,14:55,,,HAN,FSZ,PXU,Domestic,VJ,,,,,,,,,,,,
,2026-06-21,VJ494/VJ1451,A683,A321,BMV-HAN-PQC,14:30,15:05,14:30,15:40,14:50,15:37,15:38,15:43,01:10,00:48,EARLY,ONTIME,DELAY,DELAY,,,,,,,,14:50,15:35,,,HAN,BMV,PQC,Domestic,VJ,,,,,,,,,,,,
,2026-06-21,VJ1774/VJ419,A635,A321,CXR-HAN-TBB,14:20,15:10,14:20,15:10,14:30,15:04,15:05,15:12,00:50,00:35,EARLY,ONTIME,ONTIME,ONTIME,,,,,,,,14:30,15:03,,,HAN,CXR,TBB,Domestic,VJ,,,,,,,,,,,,
,2026-06-21,VJ906/VJ439,A672,A320,KUL-HAN-UIH,14:40,15:40,14:40,15:40,15:20,15:49,15:50,16:28,01:00,00:30,DELAY,ONTIME,DELAY,DELAY,,93,00:05,66,00:05,,,15:20,15:47,,LATE PUSHBACK DUE TO ATC,HAN,KUL,UIH,Domestic,VJ,,,,,,,,,,,,
,2026-06-21,VJ2924/VJ2924,A516,A321,DAD-HAN-BAX,15:05,15:40,15:05,15:40,15:05,15:36,15:37,15:44,00:35,00:32,EARLY,ONTIME,ONTIME,ONTIME,,,,,,,,,,X,,HAN,DAD,BAX,International,VJ,,,,,,,,,,,,
,2026-06-21,VJ436/VJ903,A675,A320,UIH-HAN-BKK,14:10,15:45,14:10,15:45,14:47,15:40,15:41,15:51,01:35,00:54,EARLY,ONTIME,ONTIME,DELAY,,,,,,,,15:05,15:36,,,HAN,UIH,BKK,International,VJ,,,,,,,,,,,,
,2026-06-21,VJ138/VJ147,A575,A321,SGN-HAN-SGN,15:15,15:50,15:15,15:50,14:45,15:49,15:50,16:05,00:35,01:05,ONTIME,ONTIME,ONTIME,ONTIME,,,,,,,,15:00,15:45,,,HAN,SGN,SGN,Domestic,VJ,,,,,,,,,,,,
,2026-06-21,VJ426/VJ567,A203,A321,PXU-HAN-HUI,14:05,15:55,14:05,15:55,14:10,15:52,15:53,16:01,01:50,01:43,EARLY,ONTIME,ONTIME,ONTIME,,,,,,,,15:05,15:50,,LATE TAKEOFF DUE TO ATC,HAN,PXU,HUI,Domestic,VJ,,,,,,,,,,,,
,2026-06-21,VJ508/VJ773,A643,A321,DAD-HAN-CXR,15:30,16:00,15:30,16:25,15:55,16:31,16:32,16:45,00:55,00:37,DELAY,ONTIME,DELAY,DELAY,,,,89,00:07,,,15:44,16:28,,VIP MOVE,HAN,DAD,CXR,Domestic,VJ,,,,,,,,,,,,
,2026-06-21,VJ142/VJ193,A816,A330,SGN-HAN-SGN,15:30,16:30,15:30,16:30,15:55,16:34,16:35,16:55,01:00,00:40,DELAY,ONTIME,DELAY,DELAY,,93,00:05,,,,,15:55,16:32,,LATE PUSHBACK DUE TO ATC,HAN,SGN,SGN,Domestic,VJ,,,,,,,,,,,,
,2026-06-21,VJ140/VJ151,A644,A321,SGN-HAN-SGN,16:20,16:50,16:20,17:20,16:55,17:24,17:25,17:50,01:00,00:30,DELAY,ONTIME,DELAY,DELAY,,93,00:05,,,,,16:55,17:20,,,HAN,SGN,SGN,Domestic,VJ,,,,,,,,,,,,
,2026-06-21,VJ530/VJ457,A662,A320,DAD-HAN-PQC,16:15,17:10,16:15,17:10,16:45,17:26,17:27,17:37,00:55,00:42,DELAY,DELAY,DELAY,DELAY,,95,00:17,,,,,16:45,17:23,,PUR FR VJ140 OB 1716,HAN,DAD,PQC,Domestic,VJ,,,,,,,,,,,,
,2026-06-21,VJ953/VJ495,A663,A320,HIJ-HAN-BMV,16:10,17:30,16:10,17:30,16:25,17:29,17:30,17:35,01:20,01:05,ONTIME,ONTIME,ONTIME,ONTIME,,,,,,,,16:40,17:25,,,HAN,HIJ,BMV,Domestic,VJ,,,,,,,,,,,,
,2026-06-21,VJ464/VJ141,A689,A320,VCA-HAN-SGN,15:15,17:30,15:15,17:30,16:10,17:28,17:30,17:40,02:15,01:20,ONTIME,ONTIME,ONTIME,DELAY,,,,,,,,16:40,17:25,,LATE TAKEOFF DUE TO ATC,HAN,VCA,SGN,Domestic,VJ,,,,,,,,,,,,
,2026-06-21,VJ452/VJ465,A641,A321,PQC-HAN-VCA,16:35,17:35,16:35,17:35,17:05,17:34,17:35,17:50,01:00,00:30,ONTIME,ONTIME,ONTIME,DELAY,,,,,,,,17:05,17:30,,,HAN,PQC,VCA,Domestic,VJ,,,,,,,,,,,,
,2026-06-21,VJ1454/VJ517,A532,A321,PQC-HAN-DAD,16:35,17:45,16:35,17:45,16:50,17:39,17:40,18:00,01:10,00:50,EARLY,ONTIME,ONTIME,ONTIME,,,,,,,,17:00,17:38,,LATE TAKEOFF DUE TO ATC,HAN,PQC,DAD,Domestic,VJ,,,,,,,,,,,,
,2026-06-21,VJ774/VJ1431,A636,A321,CXR-HAN-UIH,17:15,17:50,17:15,17:50,18:00,18:29,18:30,19:50,00:35,00:30,DELAY,DELAY,DELAY,DELAY,,93,00:40,,,,,17:55,18:24,,LATE PUSH BACK & TAKEOFF DUE TO BAD WX AT HAN,HAN,CXR,UIH,Domestic,VJ,,,,,,,,,,,,
,2026-06-21,VJ434/VJ153,A200,A321,UIH-HAN-SGN,17:10,18:05,17:10,18:05,17:35,18:04,18:05,18:20,00:55,00:30,ONTIME,ONTIME,ONTIME,DELAY,,,,,,,,17:35,18:00,,,HAN,UIH,SGN,Domestic,VJ,,,,,,,,,,,,
,2026-06-21,VJ456/VJ781,A687,A321,PQC-HAN-CXR,17:45,18:45,17:45,18:45,18:12,18:44,18:45,20:00,01:00,00:33,ONTIME,ONTIME,DELAY,DELAY,,,,,,,,18:12,18:40,,LATE PUSHBACK DUE TO BAD WX AT HAN,HAN,PQC,CXR,Domestic,VJ,,,,,,,,,,,,
,2026-06-21,VJ916/VJ521,A630,A321,SIN-HAN-DAD,17:25,18:45,17:25,18:45,17:50,19:19,19:20,20:27,01:20,01:30,DELAY,DELAY,DELAY,DELAY,,95,00:35,,,,,18:45,19:18,,CREW FR 512 OB 1859/ LATE PUSH BACK & TAKEOFF DUE TO BAD WX AT HAN,HAN,SIN,DAD,Domestic,VJ,,,,,,,,,,,,
,2026-06-21,VJ528/VJ789,A548,A321,DAD-HAN-CXR,17:25,18:45,17:25,18:45,17:55,18:44,18:45,20:10,01:20,00:50,ONTIME,ONTIME,DELAY,DELAY,,,,,,,,17:55,18:40,,LATE PUSH BACK DUE TO ATC,HAN,DAD,CXR,Domestic,VJ,,,,,,,,,,,,
,2026-06-21,VJ148/VJ155,A676,A320,SGN-HAN-SGN,18:55,19:25,18:55,20:35,20:20,20:44,20:45,21:35,01:40,00:25,DELAY,ONTIME,DELAY,DELAY,,93,00:10,,,,,20:20,20:40,,LATE PUSH BACK DUE TO ATC,HAN,SGN,SGN,Domestic,VJ,,,,,,,,,,,,
,2026-06-21,VJ144/VJ519,A639,A321,SGN-HAN-DAD,18:20,19:25,18:20,19:25,19:20,20:12,20:13,21:04,01:05,00:53,DELAY,DELAY,DELAY,DELAY,,93,00:25,99,00:23,,,19:20,19:48,,CAPT REQ NOT CLOSE DOOR DUE TO ATC/ LATE PUSH BACK & TAKEOFF DUE TO BAD WX AT HAN,HAN,SGN,DAD,Domestic,VJ,,,,,,,,,,,,
,2026-06-21,VJ568/VJ561,A203,A321,HUI-HAN-HUI,18:55,19:25,18:55,21:45,21:10,21:44,21:45,22:30,02:50,00:35,ONTIME,ONTIME,DELAY,DELAY,,,,,,,,21:10,21:42,,LATE PUSH BACK DUE TO ATC,HAN,HUI,HUI,Domestic,VJ,,,,,,,,,,,,
,2026-06-21,VJ188/VJ157,A685,A321,SGN-HAN-SGN,19:50,19:30,19:50,20:30,20:00,20:29,20:30,21:30,00:40,00:30,ONTIME,ONTIME,DELAY,ONTIME,,,,,,,,20:00,20:26,,LATE PUSH BACK & TAKEOFF DUE TO ATC,HAN,SGN,SGN,Domestic,VJ,,,,,,,,,,,,
,2026-06-21,VJ902/VJ1925,A544,A321,BKK-HAN-AMD,15:55,19:45,15:55,19:45,15:55,19:43,19:45,21:37,03:50,03:50,ONTIME,ONTIME,DELAY,ONTIME,,,,,,,,19:00,19:40,,LATE PUSH BACK DUE TO ATC,HAN,BKK,AMD,International,VJ,,,,,,,,,,,,
,2026-06-21,VJ420/VJ1127,A635,A321,TBB-HAN-SGN,19:15,19:45,19:15,19:45,20:05,20:34,20:35,22:05,00:30,00:30,DELAY,DELAY,DELAY,DELAY,,93,00:50,,,,,20:05,20:32,,LATE PUSH BACK & TAKEOFF DUE TO ATC,HAN,TBB,SGN,Domestic,VJ,,,,,,,,,,,,
,2026-06-21,VJ146/VJ523,A693,A321,SGN-HAN-DAD,19:10,19:55,19:10,20:50,20:30,20:59,21:00,21:35,01:40,00:30,DELAY,ONTIME,DELAY,DELAY,,93,00:10,,,,,20:30,20:56,,LATE PUSH BACK & TAKEOFF DUE TO ATC,HAN,SGN,DAD,Domestic,VJ,,,,,,,,,,,,
,2026-06-21,VJ7614D/VJ7614,A553,A321,HPH-HAN-BQS,21:09,20:00,21:09,21:45,21:55,22:44,22:45,23:10,00:36,00:50,DELAY,DELAY,DELAY,DELAY,,93,00:40,63A,00:20,,,,,X,FO SHOW UP LATE 2242,HAN,HPH,BQS,International,VJ,,,,,,,,,,,,
,2026-06-21,VJ424/VJ1785,A656,A320,PXU-HAN-CXR,18:45,20:00,18:45,22:00,21:40,22:09,22:10,22:40,03:15,00:30,DELAY,ONTIME,DELAY,DELAY,,93,00:05,66,00:05,,,21:40,22:05,,CREW OB 2148,HAN,PXU,CXR,Domestic,VJ,,,,,,,,,,,,
,2026-06-21,VJ512/VJ455,A580,A321,DAD-HAN-PQC,18:15,20:05,18:15,20:05,18:35,20:04,20:05,20:45,01:50,01:30,ONTIME,ONTIME,DELAY,DELAY,,,,,,,,19:20,20:00,,LATE PUSHBACK DUE TO ATC,HAN,DAD,PQC,Domestic,VJ,,,,,,,,,,,,
,2026-06-21,VJ152D/VJ159,A646,A321,HPH-HAN-SGN,21:29,20:10,21:29,22:55,22:40,23:09,23:10,23:40,01:26,00:30,DELAY,ONTIME,DELAY,DELAY,,93,00:15,,,,,22:40,23:07,,LATE PUSH BACK & TAKEOFF DUE TO ATC,HAN,HPH,SGN,Domestic,VJ,,,,,,,,,,,,
,2026-06-21,VJ454/VJ7815,A648,A321,PQC-HAN-MNL,16:45,20:10,16:45,20:10,17:05,20:04,20:05,21:40,03:25,03:00,EARLY,ONTIME,DELAY,DELAY,,,,,,,,19:25,20:00,,,HAN,PQC,MNL,International,VJ,,,,,,,,,,,,
,2026-06-21,VJ442D/VJ783,A550,A321,HPH-HAN-CXR,21:29,20:25,21:29,22:25,22:30,22:53,22:54,23:34,00:56,00:24,DELAY,DELAY,DELAY,DELAY,,93,00:29,,,,,22:30,22:50,,LATE PUSH BACK DUE TO ATC,HAN,HPH,CXR,Domestic,VJ,,,,,,,,,,,,
,2026-06-21,VJ438/VJ161,A672,A320,UIH-HAN-SGN,19:25,20:55,19:25,23:10,20:50,23:30,23:30,23:50,03:45,02:40,DELAY,DELAY,DELAY,DELAY,,95,00:20,,,,,22:40,23:10,,1 FA FROM VJ7614 OB2328  LATE TAKEOFF DUE TO ATC,HAN,UIH,SGN,Domestic,VJ,,,,,,,,,,,,
,2026-06-21,VJ154/VJ163,A535,A321,SGN-HAN-SGN,20:55,21:25,20:55,23:55,23:15,00:19,00:20,00:30,03:00,01:05,DELAY,DELAY,DELAY,DELAY,,,,49,00:25,,,23:15,23:45,,CAPT SIGN TECHLOG,HAN,SGN,SGN,Domestic,VJ,,,,,,,,,,,,
,2026-06-21,VJ1452/VJ527,A683,A321,PQC-HAN-DAD,19:50,21:25,19:50,22:15,22:05,22:39,22:40,23:25,02:25,00:35,DELAY,DELAY,DELAY,DELAY,,93,00:20,66,00:05,,,22:10,22:35,,,HAN,PQC,DAD,Domestic,VJ,,,,,,,,,,,,
,2026-06-21,VJ468/VJ7526,A500,A321,VCA-HAN-CAN,19:50,22:30,19:50,22:30,20:40,22:21,22:22,22:45,02:40,01:42,EARLY,ONTIME,ONTIME,DELAY,,,,,,,,21:45,22:18,,,HAN,VCA,CAN,International,VJ,,,,,,,,,,,,
,2026-06-21,VJ520/VJ529,A670,A321,DAD-HAN-DAD,20:55,22:35,20:55,23:00,22:45,23:12,23:14,23:35,02:05,00:29,DELAY,ONTIME,DELAY,DELAY,,93,00:14,,,,,22:45,23:10,,LATE PUSH BACK DUE TO ATC,HAN,DAD,DAD,Domestic,VJ,,,,,,,,,,,,
,2026-06-21,VJ150/VJ167,A644,A321,SGN-HAN-SGN,22:30,23:05,22:30,23:35,23:35,00:04,00:05,"1 day, 0:39:00",01:05,00:30,DELAY,DELAY,DELAY,DELAY,,93,00:30,,,,,23:35,00:02,,LATE PUSH BACK DUE TO ATC,HAN,SGN,SGN,Domestic,VJ,,,,,,,,,,,,
,2026-06-21,VJ466/VJ533,A641,A321,VCA-HAN-DAD,22:25,23:10,22:25,23:45,23:25,23:54,23:55,"1 day, 0:40:00",01:20,00:30,DELAY,ONTIME,DELAY,DELAY,,93,00:10,,,,,23:25,23:52,,LATE PUSH BACK & TAKEOFF DUE TO ATC,HAN,VCA,DAD,Domestic,VJ,,,,,,,,,,,,
,2026-06-21,VJ947/VJ962,A661,A321,KHH-HAN-ICN,20:35,23:15,20:35,23:15,21:15,23:24,23:25,23:45,02:40,02:10,DELAY,ONTIME,DELAY,DELAY,,,,15A,00:10,,,22:30,23:20,,OFFLOAD 2PAX WITH 02BAGS,HAN,KHH,ICN,International,VJ,,,,,,,,,,,,
,2026-06-21,VJ522/VJ169,A639,A321,DAD-HAN-SGN,22:35,23:25,22:35,01:00,00:52,01:11,01:12,"1 day, 1:18:00",02:25,00:20,DELAY,DELAY,DELAY,DELAY,,93,00:12,,,,,00:52,01:08,,,HAN,DAD,SGN,Domestic,VJ,,,,,,,,,,,,
,2026-06-22,____/VJ932,A524,A321,HAN-NRT,,00:30,,00:30,,00:39,00:40,00:45,,,DELAY,ONTIME,ONTIME,,,15A,00:10,,,,,23:40,00:32,,OFFLOAD 3PAX 2BAG,HAN,HAN,NRT,International,VJ,,,,,,,,,,,,
,2026-06-22,VJ2978/VJ2978,A554,A321,HAN-VVO,00:10,00:45,00:10,00:45,00:35,01:04,01:05,01:10,00:35,00:30,DELAY,DELAY,DELAY,DELAY,,93,00:20,,,,,,,X,,HAN,HAN,VVO,International,VJ,,,,,,,,,,,,
,2026-06-22,____/VJ982,A630,A321,HAN-PUS,,01:05,,01:05,,00:54,00:55,01:10,,,EARLY,ONTIME,ONTIME,,,,,,,,,00:15,00:50,,,HAN,HAN,PUS,International,VJ,,,,,,,,,,,,
,2026-06-22,____/VJ938,A538,A321,HAN-KIX,,01:20,,01:20,,01:24,01:25,01:27,,,DELAY,ONTIME,ONTIME,,,15A,00:05,,,,,00:30,01:18,,OFFLOAD 1 PAX 1BAG,HAN,HAN,KIX,International,VJ,,,,,,,,,,,,
,2026-06-22,____/VJ960,A529,A321,HAN-ICN,,01:40,,01:40,,01:29,01:30,01:40,,,EARLY,ONTIME,ONTIME,,,,,,,,,00:50,01:25,,,HAN,HAN,ICN,International,VJ,,,,,,,,,,,,
,2026-06-22,____/VJ920,A536,A321,HAN-NGO,,01:40,,01:40,,01:29,01:30,01:35,,,EARLY,ONTIME,ONTIME,,,,,,,,,00:50,01:25,,,HAN,HAN,NGO,International,VJ,,,,,,,,,,,,
,2026-06-22,____/VJ123,A537,A321,HAN-SGN,,05:30,,05:30,,05:24,05:25,05:29,,,EARLY,ONTIME,ONTIME,,,,,,,,,04:40,05:20,,,HAN,HAN,SGN,Domestic,VJ,,,,,,,,,,,,
,2026-06-22,____/VJ445,A636,A321,HAN-PQC,,05:30,,05:30,,05:34,05:35,05:45,,,DELAY,ONTIME,ONTIME,,,15A,00:05,,,,,04:40,05:32,,OFFLOAD 6PAXX 2BAG,HAN,HAN,PQC,Domestic,VJ,,,,,,,,,,,,
,2026-06-22,____/VJ501,A203,A321,HAN-DAD,,05:40,,05:40,,05:34,05:35,05:45,,,EARLY,ONTIME,ONTIME,,,,,,,,,04:55,05:33,,,HAN,HAN,DAD,Domestic,VJ,,,,,,,,,,,,
,2026-06-22,____/VJ771,A656,A320,HAN-CXR,,05:45,,05:45,,05:39,05:40,05:45,,,EARLY,ONTIME,ONTIME,,,,,,,,,04:55,05:38,,,HAN,HAN,CXR,Domestic,VJ,,,,,,,,,,,,
,2026-06-22,____/VJ121,A685,A321,HAN-SGN,,06:00,,06:00,,05:54,05:55,06:02,,,EARLY,ONTIME,ONTIME,,,,,,,,,05:10,05:50,,,HAN,HAN,SGN,Domestic,VJ,,,,,,,,,,,,
,2026-06-22,____/VJ491,A200,A321,HAN-BMV,,06:00,,06:00,,05:54,05:55,05:58,,,EARLY,ONTIME,ONTIME,,,,,,,,,05:18,05:52,,,HAN,HAN,BMV,Domestic,VJ,,,,,,,,,,,,
,2026-06-22,____/VJ431,A675,A320,HAN-UIH,,06:05,,06:05,,05:59,06:00,06:06,,,EARLY,ONTIME,ONTIME,,,,,,,,,05:20,05:57,,,HAN,HAN,UIH,Domestic,VJ,,,,,,,,,,,,
,2026-06-22,____/VJ449,A687,A321,HAN-PQC,,06:30,,06:30,,06:29,06:30,06:40,,,ONTIME,ONTIME,ONTIME,,,,,,,,,06:45,06:25,,,HAN,HAN,PQC,Domestic,VJ,,,,,,,,,,,,
,2026-06-22,____/VJ531,A641,A321,HAN-DAD,,06:30,,06:30,,06:29,06:30,06:33,,,ONTIME,ONTIME,ONTIME,,,,,,,,,05:40,06:25,,,HAN,HAN,DAD,Domestic,VJ,,,,,,,,,,,,
,2026-06-22,____/VJ461,A632,A321,HAN-VCA,,06:45,,09:15,,09:24,09:25,09:32,,,DELAY,ONTIME,DELAY,,,46,00:10,,,,,08:43,09:21,,A/C CHANGE DUE TO TECHNICAL REASON,HAN,HAN,VCA,Domestic,VJ,,,,,,,,,,,,
,2026-06-22,____/VJ125,A693,A321,HAN-SGN,,07:00,,07:00,,06:51,06:52,07:00,,,EARLY,ONTIME,ONTIME,,,,,,,,,06:10,06:48,,,HAN,HAN,SGN,Domestic,VJ,,,,,,,,,,,,
,2026-06-22,____/VJ1771,A643,A321,HAN-CXR,,07:00,,07:00,,06:54,06:55,07:04,,,EARLY,ONTIME,ONTIME,,,,,,,,,06:15,06:53,,,HAN,HAN,CXR,Domestic,VJ,,,,,,,,,,,,
,2026-06-22,____/VJ421,A663,A320,HAN-PXU,,07:10,,07:10,,07:04,07:05,07:20,,,EARLY,ONTIME,ONTIME,,,,,,,,,06:25,07:02,,,HAN,HAN,PXU,Domestic,VJ,,,,,,,,,,,,
,2026-06-22,____/VJ197,A648,A321,HAN-SGN,,07:20,,07:20,,07:19,07:20,07:30,,,ONTIME,ONTIME,ONTIME,,,,,,,,,06:30,07:15,,,HAN,HAN,SGN,Domestic,VJ,,,,,,,,,,,,
,2026-06-22,____/VJ905,A662,A320,HAN-KUL,,07:25,,07:25,,07:24,07:25,07:30,,,ONTIME,ONTIME,ONTIME,,,,,,,,,06:35,07:23,,,HAN,HAN,KUL,International,VJ,,,,,,,,,,,,
,2026-06-22,VJ502/VJ503,A547,A321,DAD-HAN-DAD,07:00,07:35,07:00,07:35,06:55,07:29,07:30,07:35,00:35,00:35,EARLY,ONTIME,ONTIME,ONTIME,,,,,,,,06:55,07:25,,,HAN,DAD,DAD,Domestic,VJ,,,,,,,,,,,,
,2026-06-22,VJ7527/VJ934,A500,A321,CAN-HAN-NRT,03:05,07:55,03:05,07:55,03:05,07:59,08:00,08:02,04:50,04:55,DELAY,ONTIME,ONTIME,ONTIME,,15A,00:05,,,,,07:00,07:52,,OFFLOAD 4PAX 3BAG,HAN,CAN,NRT,International,VJ,,,,,,,,,,,,
,2026-06-22,VJ1926/VJ127,A544,A321,AMD-HAN-SGN,05:55,08:10,07:55,09:00,08:25,09:27,09:28,09:30,01:05,01:03,DELAY,DELAY,DELAY,DELAY,,41,00:28,,,,,08:35,09:00,,A/C TECHNICAL DEFECTS,HAN,AMD,SGN,Domestic,VJ,,,,,,,,,,,,
,2026-06-22,____/VJ447,A548,A321,HAN-PQC,,08:45,,08:45,,08:41,08:42,08:45,,,EARLY,ONTIME,ONTIME,,,,,,,,,08:00,08:37,,,HAN,HAN,PQC,Domestic,VJ,,,,,,,,,,,,
,2026-06-22,VJ124/VJ129,A635,A321,SGN-HAN-SGN,08:15,08:50,08:15,08:50,08:20,08:48,08:50,08:52,00:35,00:30,ONTIME,ONTIME,ONTIME,ONTIME,,,,,,,,08:10,08:45,,,HAN,SGN,SGN,Domestic,VJ,,,,,,,,,,,,
,2026-06-22,VJ2925/VJ2925,A516,A321,BAX-HAN-DAD,08:30,09:00,08:30,09:00,08:10,08:33,08:34,08:45,00:30,00:24,EARLY,ONTIME,ONTIME,ONTIME,,,,,,,,,,X,,HAN,BAX,DAD,Domestic,VJ,,,,,,,,,,,,
,2026-06-22,VJ981/VJ505,A630,A321,PUS-HAN-DAD,10:40,09:05,10:40,11:40,10:30,11:37,11:38,11:43,01:00,01:08,EARLY,ONTIME,DELAY,ONTIME,,,,,,,,10:55,11:35,,,HAN,PUS,DAD,Domestic,VJ,,,,,,,,,,,,
,2026-06-22,VJ120/VJ435,A689,A320,SGN-HAN-UIH,07:10,09:05,07:10,09:05,07:15,09:19,09:20,09:20,01:55,02:05,DELAY,ONTIME,ONTIME,ONTIME,,95,00:15,,,,,08:40,09:17,,,HAN,SGN,UIH,Domestic,VJ,,,,,,,,,,,,
,2026-06-22,VJ514/VJ563,A203,A321,DAD-HAN-HUI,08:50,09:20,08:50,09:20,09:05,09:34,09:35,09:44,00:30,00:30,DELAY,ONTIME,DELAY,ONTIME,,93,00:15,,,,,09:04,09:33,,,HAN,DAD,HUI,Domestic,VJ,,,,,,,,,,,,
,2026-06-22,VJ504/VJ915,A683,A321,DAD-HAN-SIN,08:20,09:35,08:20,09:35,08:40,09:25,09:26,09:35,01:15,00:46,EARLY,ONTIME,ONTIME,DELAY,,,,,,,,08:50,09:20,,,HAN,DAD,SIN,International,VJ,,,,,,,,,,,,
,2026-06-22,VJ7615/VJ7615,A553,A321,BQS-HAN-CXR,08:20,08:50,08:20,11:35,11:15,11:29,11:30,11:40,03:15,00:15,EARLY,ONTIME,DELAY,DELAY,,,,,,,,,,X,,HAN,BQS,CXR,Domestic,VJ,,,,,,,,,,,,
,2026-06-22,VJ963/VJ1773,A661,A321,ICN-HAN-CXR,08:55,10:00,09:10,10:10,09:20,10:09,10:10,10:12,01:00,00:50,ONTIME,ONTIME,ONTIME,DELAY,,,,,,,,09:35,10:05,,,HAN,ICN,CXR,Domestic,VJ,,,,,,,,,,,,
,2026-06-22,VJ126/VJ131,A549,A321,SGN-HAN-SGN,09:40,10:10,09:40,10:10,10:05,10:34,10:35,10:40,00:30,00:30,DELAY,DELAY,DELAY,DELAY,,93,00:25,,,,,10:00,10:31,,,HAN,SGN,SGN,Domestic,VJ,,,,,,,,,,,,
,2026-06-22,VJ532/VJ425,A641,A321,DAD-HAN-PXU,09:45,10:20,09:45,10:20,10:05,10:31,10:32,10:35,00:35,00:27,DELAY,ONTIME,ONTIME,DELAY,,93,00:12,,,,,09:55,10:30,,,HAN,DAD,PXU,Domestic,VJ,,,,,,,,,,,,
,2026-06-22,____/VJ463,A668,A320,HAN-VCA,,10:20,,10:20,,10:19,10:20,10:25,,,ONTIME,ONTIME,ONTIME,,,,,,,,,09:40,10:15,,,HAN,HAN,VCA,Domestic,VJ,,,,,,,,,,,,
,2026-06-22,VJ430/VJ437,A675,A320,UIH-HAN-UIH,09:50,10:25,09:50,10:25,09:40,10:24,10:25,10:30,00:35,00:45,ONTIME,ONTIME,ONTIME,ONTIME,,,,,,,,09:35,10:23,,,HAN,UIH,UIH,Domestic,VJ,,,,,,,,,,,,
,2026-06-22,VJ492/VJ493,A200,A321,BMV-HAN-BMV,10:00,10:35,10:00,10:35,10:15,10:42,10:43,10:45,00:35,00:28,DELAY,ONTIME,ONTIME,ONTIME,,93,00:08,,,,,10:05,10:38,,,HAN,BMV,BMV,Domestic,VJ,,,,,,,,,,,,
,2026-06-22,VJ448/VJ901,A636,A321,PQC-HAN-BKK,10:15,11:10,10:15,11:10,10:50,11:19,11:20,11:25,00:55,00:30,DELAY,ONTIME,ONTIME,DELAY,,93,00:10,,,,,10:50,11:17,,,HAN,PQC,BKK,International,VJ,,,,,,,,,,,,
,2026-06-22,VJ524/VJ507,A547,A321,DAD-HAN-DAD,10:45,11:20,10:45,11:20,11:00,11:29,11:30,11:35,00:35,00:30,DELAY,ONTIME,ONTIME,ONTIME,,93,00:10,,,,,10:50,11:27,,,HAN,DAD,DAD,Domestic,VJ,,,,,,,,,,,,
,2026-06-22,VJ452/VJ133,A580,A321,PQC-HAN-SGN,14:35,11:20,14:35,15:10,14:50,15:26,15:27,15:29,00:35,00:37,DELAY,DELAY,DELAY,ONTIME,,93,00:10,66,00:07,,,14:50,15:24,,CREW OB 1501,HAN,PQC,SGN,Domestic,VJ,,,,,,,,,,,,
,2026-06-22,VJ130/VJ565,A537,A321,SGN-HAN-HUI,10:50,11:30,10:50,11:30,10:50,11:26,11:27,11:27,00:40,00:37,EARLY,ONTIME,ONTIME,ONTIME,,,,,,,,10:50,11:20,,,HAN,SGN,HUI,Domestic,VJ,,,,,,,,,,,,
,2026-06-22,VJ422/VJ451,A663,A320,PXU-HAN-PQC,10:50,11:45,10:50,11:45,10:55,11:41,11:42,11:47,00:55,00:47,EARLY,ONTIME,ONTIME,ONTIME,,,,,,,,10:55,11:37,,,HAN,PXU,PQC,Domestic,VJ,,,,,,,,,,,,
,2026-06-22,VJ450/VJ775,A687,A321,PQC-HAN-CXR,11:15,11:50,11:15,11:50,11:40,12:07,12:08,12:14,00:35,00:28,DELAY,DELAY,DELAY,DELAY,,93,00:18,,,,,11:25,12:06,,,HAN,PQC,CXR,Domestic,VJ,,,,,,,,,,,,
,2026-06-22,VJ1772/VJ1453,A643,A321,CXR-HAN-PQC,11:15,12:00,11:15,12:00,12:00,12:29,12:30,12:30,00:45,00:30,DELAY,DELAY,DELAY,DELAY,,93,00:30,,,,,11:50,12:27,,,HAN,CXR,PQC,Domestic,VJ,,,,,,,,,,,,
,2026-06-22,VJ508/VJ515,A698,A321,DAD-HAN-DAD,15:30,12:15,15:30,16:05,15:55,16:24,16:25,16:40,00:35,00:30,DELAY,DELAY,DELAY,DELAY,,93,00:20,,,,,15:50,16:22,,,HAN,DAD,DAD,Domestic,VJ,,,,,,,,,,,,
,2026-06-22,VJ770/VJ137,A656,A320,CXR-HAN-SGN,09:55,12:20,09:55,12:20,10:20,12:19,12:20,12:25,02:25,02:00,ONTIME,ONTIME,ONTIME,DELAY,,,,,,,,11:27,12:18,,,HAN,CXR,SGN,Domestic,VJ,,,,,,,,,,,,
,2026-06-22,VJ462/VJ453,A632,A321,VCA-HAN-PQC,11:40,13:00,11:40,15:20,14:55,15:24,15:25,15:29,03:40,00:30,DELAY,ONTIME,DELAY,DELAY,,93,00:05,,,,,14:45,15:22,,,HAN,VCA,PQC,Domestic,VJ,,,,,,,,,,,,
,2026-06-22,VJ939/VJ787,A538,A321,KIX-HAN-CXR,12:20,13:10,12:20,13:10,12:30,13:02,13:03,13:10,00:50,00:33,EARLY,ONTIME,ONTIME,ONTIME,,,,,,,,12:30,13:00,,,HAN,KIX,CXR,Domestic,VJ,,,,,,,,,,,,
,2026-06-22,VJ2979/VJ2979,A554,A321,VVO-HAN-CXR,12:45,13:15,12:45,13:15,13:15,13:43,13:44,13:45,00:30,00:29,DELAY,DELAY,DELAY,DELAY,,93,00:29,,,,,,,X,,HAN,VVO,CXR,Domestic,VJ,,,,,,,,,,,,
,2026-06-22,VJ432/VJ509,A689,A320,UIH-HAN-DAD,12:50,13:20,12:50,14:20,13:35,14:17,14:18,14:21,01:30,00:43,EARLY,ONTIME,DELAY,DELAY,,,,,,,,13:35,14:15,,,HAN,UIH,DAD,Domestic,VJ,,,,,,,,,,,,
,2026-06-22,VJ506/VJ433,A630,A321,DAD-HAN-UIH,12:15,13:20,12:15,15:40,15:25,15:54,15:55,16:05,03:25,00:30,DELAY,ONTIME,DELAY,DELAY,,93,00:15,,,,,15:23,15:53,,,HAN,DAD,UIH,Domestic,VJ,,,,,,,,,,,,
,2026-06-22,VJ198/VJ948,A648,A321,SGN-HAN-RMQ,12:40,13:30,12:40,13:30,12:36,13:27,13:28,13:29,00:50,00:52,EARLY,ONTIME,ONTIME,ONTIME,,,,,,,,12:55,13:23,,,HAN,SGN,RMQ,International,VJ,,,,,,,,,,,,
,2026-06-22,VJ564/VJ191,A203,A321,HUI-HAN-SGN,12:20,13:40,12:20,13:40,13:05,13:38,13:40,13:41,01:20,00:35,ONTIME,ONTIME,ONTIME,DELAY,,,,,,,,13:00,13:35,,,HAN,HUI,SGN,Domestic,VJ,,,,,,,,,,,,
,2026-06-22,VJ440/VJ441,A548,A321,PQC-HAN-PQC,13:30,14:00,13:30,14:00,13:45,14:29,14:30,14:38,00:30,00:45,DELAY,DELAY,DELAY,ONTIME,,93,00:15,66,00:10,15A,00:05,13:51,14:21,,CREW OB 1351/OFFLOAD 03PAXX,HAN,PQC,PQC,Domestic,VJ,,,,,,,,,,,,
,2026-06-22,VJ933/VJ143,A524,A321,NRT-HAN-SGN,13:05,14:05,13:05,14:05,13:10,14:01,14:02,14:09,01:00,00:52,EARLY,ONTIME,ONTIME,ONTIME,,,,,,,,13:20,13:55,,,HAN,NRT,SGN,Domestic,VJ,,,,,,,,,,,,
,2026-06-22,VJ134/VJ525,A635,A321,SGN-HAN-DAD,13:45,14:20,13:45,14:20,14:05,14:33,14:34,14:35,00:35,00:29,DELAY,ONTIME,ONTIME,DELAY,,93,00:14,,,,,13:55,14:32,,,HAN,SGN,DAD,Domestic,VJ,,,,,,,,,,,,
,2026-06-22,VJ921/VJ942,A536,A321,NGO-HAN-TPE,12:50,14:25,12:50,14:25,12:40,14:23,14:25,14:26,01:35,01:45,ONTIME,ONTIME,ONTIME,ONTIME,,,,,,,,13:45,14:20,,,HAN,NGO,TPE,International,VJ,,,,,,,,,,,,
,2026-06-22,VJ494/VJ467,A200,A321,BMV-HAN-VCA,14:35,14:30,14:35,15:10,14:45,15:22,15:23,15:24,00:35,00:38,DELAY,ONTIME,DELAY,ONTIME,,93,00:05,66,00:08,,,14:45,15:18,,CREW OB 1451,HAN,BMV,VCA,Domestic,VJ,,,,,,,,,,,,
,2026-06-22,VJ961/VJ946,A529,A321,ICN-HAN-KHH,13:35,14:35,13:35,14:35,13:25,14:30,14:31,14:32,01:00,01:06,EARLY,ONTIME,ONTIME,ONTIME,,,,,,,,13:50,14:27,,,HAN,ICN,KHH,International,VJ,,,,,,,,,,,,
,2026-06-22,VJ1504/VJ1505,A539,A321,DAD-HAN-DAD,14:00,14:35,14:00,14:35,15:05,15:34,15:35,15:42,00:35,00:30,DELAY,DELAY,DELAY,DELAY,,93,01:00,,,,,14:46,15:34,,,HAN,DAD,DAD,Domestic,VJ,,,,,,,,,,,,
,2026-06-22,VJ426/VJ145,A641,A321,PXU-HAN-SGN,14:05,14:40,14:05,14:40,14:10,14:52,14:53,14:55,00:35,00:43,DELAY,ONTIME,ONTIME,ONTIME,,66,00:08,87,00:05,,,14:20,14:50,,CREW OB 1420/STUCK AT PBB,HAN,PXU,SGN,Domestic,VJ,,,,,,,,,,,,
,2026-06-22,VJ566/VJ423,A537,A321,HUI-HAN-PXU,14:30,15:05,14:30,15:05,14:35,15:03,15:04,15:11,00:35,00:29,EARLY,ONTIME,ONTIME,ONTIME,,,,,,,,14:25,15:02,,,HAN,HUI,PXU,Domestic,VJ,,,,,,,,,,,,
,2026-06-22,VJ136/VJ1451,A634,A321,SGN-HAN-PQC,14:25,15:05,14:25,15:30,15:11,15:40,15:41,15:48,01:05,00:30,DELAY,ONTIME,DELAY,DELAY,,93,00:11,,,,,15:05,15:37,,,HAN,SGN,PQC,Domestic,VJ,,,,,,,,,,,,
,2026-06-22,VJ510/VJ511,A547,A321,DAD-HAN-DAD,14:35,15:10,14:35,15:30,15:30,16:04,16:05,16:20,00:55,00:35,DELAY,DELAY,DELAY,DELAY,,93,00:30,99,00:05,,,15:25,16:03,,ARRANGE PAX,HAN,DAD,DAD,Domestic,VJ,,,,,,,,,,,,
,2026-06-22,VJ1774/VJ419,A661,A321,CXR-HAN-TBB,14:20,15:10,14:20,15:10,15:20,15:44,15:45,15:50,00:50,00:25,DELAY,DELAY,DELAY,DELAY,,93,00:35,,,,,15:20,15:41,,,HAN,CXR,TBB,Domestic,VJ,,,,,,,,,,,,
,2026-06-22,VJ464/VJ439,A668,A320,VCA-HAN-UIH,15:10,15:40,15:10,15:40,15:50,16:12,16:13,16:19,00:30,00:23,DELAY,DELAY,DELAY,DELAY,,93,00:33,,,,,15:30,16:10,,,HAN,VCA,UIH,Domestic,VJ,,,,,,,,,,,,
,2026-06-22,VJ138/VJ147,A549,A321,SGN-HAN-SGN,15:15,15:45,15:15,16:25,16:10,16:39,16:40,16:53,01:10,00:30,DELAY,ONTIME,DELAY,DELAY,,93,00:15,,,,,16:10,16:39,,,HAN,SGN,SGN,Domestic,VJ,,,,,,,,,,,,
,2026-06-22,VJ906/VJ903,A662,A320,KUL-HAN-BKK,14:40,15:45,14:40,15:45,15:05,15:40,15:41,15:48,01:05,00:36,EARLY,ONTIME,ONTIME,DELAY,,,,,,,,15:20,15:38,,,HAN,KUL,BKK,International,VJ,,,,,,,,,,,,
,2026-06-22,VJ436/VJ567,A675,A320,UIH-HAN-HUI,14:10,15:55,14:10,15:55,14:30,15:54,15:55,16:02,01:45,01:25,ONTIME,ONTIME,ONTIME,DELAY,,,,,,,,15:15,15:52,,,HAN,UIH,HUI,Domestic,VJ,,,,,,,,,,,,
,2026-06-22,VJ1454/VJ773,A643,A321,PQC-HAN-CXR,16:35,16:00,16:35,17:30,17:25,17:52,17:53,17:57,00:55,00:28,DELAY,DELAY,DELAY,DELAY,,93,00:23,,,,,17:22,17:50,,,HAN,PQC,CXR,Domestic,VJ,,,,,,,,,,,,
,2026-06-22,VJ516/VJ513,A698,A321,DAD-HAN-DAD,19:45,16:35,19:45,20:20,20:20,20:47,20:48,20:54,00:35,00:28,DELAY,DELAY,DELAY,DELAY,,93,00:28,,,,,20:10,20:45,,,HAN,DAD,DAD,Domestic,VJ,,,,,,,,,,,,
,2026-06-22,VJ140/VJ151,A685,A321,SGN-HAN-SGN,16:20,16:55,16:20,16:55,16:25,16:54,16:55,17:10,00:35,00:30,ONTIME,ONTIME,ONTIME,ONTIME,,,,,,,,16:15,16:52,,,HAN,SGN,SGN,Domestic,VJ,,,,,,,,,,,,
,2026-06-22,VJ772/VJ465,A552,A321,CXR-HAN-VCA,16:10,17:00,16:10,17:00,16:45,17:14,17:15,17:15,00:50,00:30,DELAY,ONTIME,ONTIME,DELAY,,93,00:15,,,,,16:45,17:13,,,HAN,CXR,VCA,Domestic,VJ,,,,,,,,,,,,
,2026-06-22,VJ530/VJ141,A689,A320,DAD-HAN-SGN,16:30,17:30,16:30,18:45,18:15,18:49,18:50,19:00,02:15,00:35,DELAY,ONTIME,DELAY,DELAY,,66,00:05,,,,,18:15,18:48,,CREW HN OB 1825,HAN,DAD,SGN,Domestic,VJ,,,,,,,,,,,,
,2026-06-22,VJ454/VJ495,A663,A320,PQC-HAN-BMV,16:45,17:30,16:45,17:30,16:35,17:29,17:30,17:33,00:45,00:55,ONTIME,ONTIME,ONTIME,ONTIME,,,,,,,,16:35,17:27,,,HAN,PQC,BMV,Domestic,VJ,,,,,,,,,,,,
,2026-06-22,VJ774/VJ1431,A538,A321,CXR-HAN-UIH,17:15,17:40,17:15,18:10,17:40,18:09,18:10,18:15,00:55,00:30,ONTIME,ONTIME,DELAY,DELAY,,,,,,,,17:30,18:07,,,HAN,CXR,UIH,Domestic,VJ,,,,,,,,,,,,
,2026-06-22,VJ420/VJ517,A661,A321,TBB-HAN-DAD,19:15,17:45,19:15,20:35,20:10,20:34,20:35,20:45,01:20,00:25,ONTIME,ONTIME,DELAY,DELAY,,,,,,,,20:10,20:33,,,HAN,TBB,DAD,Domestic,VJ,,,,,,,,,,,,
,2026-06-22,VJ902/VJ153,A636,A321,BKK-HAN-SGN,15:50,18:05,15:50,18:05,16:15,18:01,18:02,18:05,02:15,01:47,EARLY,ONTIME,ONTIME,DELAY,,,,,,,,17:15,17:58,,,HAN,BKK,SGN,Domestic,VJ,,,,,,,,,,,,
,2026-06-22,VJ456/VJ781,A632,A321,PQC-HAN-CXR,17:45,18:15,17:45,20:45,20:45,21:12,21:13,21:22,03:00,00:28,DELAY,DELAY,DELAY,DELAY,,93,00:28,,,,,20:40,21:10,,,HAN,PQC,CXR,Domestic,VJ,,,,,,,,,,,,
,2026-06-22,VJ916/VJ789,A683,A321,SIN-HAN-CXR,17:25,18:45,17:25,18:45,17:20,18:43,18:44,18:47,01:20,01:24,EARLY,ONTIME,ONTIME,ONTIME,,,,,,,,17:44,18:38,,,HAN,SIN,CXR,Domestic,VJ,,,,,,,,,,,,
,2026-06-22,VJ434/VJ521,A630,A321,UIH-HAN-DAD,17:10,18:55,17:10,20:05,20:00,20:28,20:30,20:40,02:55,00:30,DELAY,DELAY,DELAY,DELAY,,93,00:25,,,,,19:55,20:25,,,HAN,UIH,DAD,Domestic,VJ,,,,,,,,,,,,
,2026-06-22,VJ528/VJ155,A635,A321,DAD-HAN-SGN,17:40,18:55,17:40,18:55,18:05,18:48,18:50,18:54,01:15,00:45,EARLY,ONTIME,ONTIME,DELAY,,,,,,,,18:05,18:46,,,HAN,DAD,SGN,Domestic,VJ,,,,,,,,,,,,
,2026-06-22,VJ148/VJ561,A672,A320,SGN-HAN-HUI,18:25,19:15,18:25,19:15,18:40,19:05,19:06,19:13,00:50,00:26,EARLY,ONTIME,ONTIME,ONTIME,,,,,,,,18:30,19:03,,,HAN,SGN,HUI,Domestic,VJ,,,,,,,,,,,,
,2026-06-22,VJ144/VJ157,A522,A321,SGN-HAN-SGN,18:05,19:30,18:05,19:30,18:50,19:29,19:30,19:42,01:25,00:40,ONTIME,ONTIME,ONTIME,DELAY,,,,,,,,18:55,19:28,,,HAN,SGN,SGN,Domestic,VJ,,,,,,,,,,,,
,2026-06-22,VJ194/VJ1127,A203,A321,SGN-HAN-SGN,19:00,19:35,19:00,19:35,19:05,19:47,19:48,19:49,00:35,00:43,DELAY,ONTIME,ONTIME,ONTIME,,66,00:07,15A,00:06,,,19:15,19:46,,"CREW OB1908, OFLD 01PAX03BAG",HAN,SGN,SGN,Domestic,VJ,,,,,,,,,,,,
,2026-06-22,VJ512/VJ519,A547,A321,DAD-HAN-DAD,18:20,19:35,18:20,20:20,19:55,20:24,20:25,20:35,02:00,00:30,DELAY,ONTIME,DELAY,DELAY,,93,00:05,,,,,19:50,20:22,,,HAN,DAD,DAD,Domestic,VJ,,,,,,,,,,,,
,2026-06-22,VJ146/VJ523,A524,A321,SGN-HAN-DAD,19:00,19:45,19:00,19:45,19:10,19:54,19:55,20:00,00:45,00:45,DELAY,ONTIME,ONTIME,ONTIME,,15A,00:10,,,,,19:00,19:42,,OFLD 05PAX WITH 03BAGS,HAN,SGN,DAD,Domestic,VJ,,,,,,,,,,,,
,2026-06-22,VJ568/VJ7712,A675,A320,HUI-HAN-PKX,18:55,19:55,18:55,19:55,19:20,19:52,19:54,19:56,01:00,00:34,EARLY,ONTIME,ONTIME,DELAY,,,,,,,,19:20,19:50,,,HAN,HUI,PKX,International,VJ,,,,,,,,,,,,
,2026-06-22,VJ438/VJ1785,A668,A320,UIH-HAN-CXR,19:25,19:55,19:25,20:20,20:40,21:04,21:05,21:12,00:55,00:25,DELAY,DELAY,DELAY,DELAY,,93,00:45,,,,,20:26,21:01,,,HAN,UIH,CXR,Domestic,VJ,,,,,,,,,,,,
,2026-06-22,VJ442/VJ455,A548,A321,PQC-HAN-PQC,19:05,20:05,19:05,20:25,19:40,20:24,20:25,20:35,01:20,00:45,ONTIME,ONTIME,DELAY,DELAY,,,,,,,,19:40,20:20,,,HAN,PQC,PQC,Domestic,VJ,,,,,,,,,,,,
,2026-06-22,VJ424/VJ907,A537,A321,PXU-HAN-BOM,18:45,20:05,18:45,20:05,18:50,19:54,19:55,20:01,01:20,01:05,EARLY,ONTIME,ONTIME,ONTIME,,,,,,,,19:14,19:52,,,HAN,PXU,BOM,International,VJ,,,,,,,,,,,,
,2026-06-22,VJ152/VJ159,A653,A321,SGN-HAN-SGN,19:20,20:10,19:20,20:10,19:30,20:09,20:10,20:18,00:50,00:40,ONTIME,ONTIME,ONTIME,ONTIME,,,,,,,,19:30,20:08,,,HAN,SGN,SGN,Domestic,VJ,,,,,,,,,,,,
,2026-06-22,VJ468/VJ783,A200,A321,VCA-HAN-CXR,19:50,20:25,19:50,20:55,20:30,20:59,21:00,21:05,01:05,00:30,DELAY,ONTIME,DELAY,DELAY,,93,00:05,,,,,20:20,20:57,,,HAN,VCA,CXR,Domestic,VJ,,,,,,,,,,,,
,2026-06-22,VJ776/VJ161,A550,A321,CXR-HAN-SGN,20:10,20:55,20:10,20:55,20:30,21:08,21:09,21:10,00:45,00:39,DELAY,ONTIME,ONTIME,DELAY,,93,00:05,95,00:09,,,20:38,21:07,,CREW 144 OB 2043,HAN,CXR,SGN,Domestic,VJ,,,,,,,,,,,,
,2026-06-22,VJ904/VJ7238,A662,A320,BKK-HAN-PVG,20:25,21:15,20:25,21:15,20:42,21:19,21:20,21:24,00:50,00:38,DELAY,ONTIME,ONTIME,DELAY,,66,00:05,,,,,20:55,21:18,,CREW HN OB 2055,HAN,BKK,PVG,International,VJ,,,,,,,,,,,,
,2026-06-22,VJ154/VJ163,A535,A321,SGN-HAN-SGN,20:55,21:25,20:55,21:25,21:05,21:34,21:35,21:39,00:30,00:30,DELAY,ONTIME,ONTIME,ONTIME,,93,00:10,,,,,21:05,21:30,,,HAN,SGN,SGN,Domestic,VJ,,,,,,,,,,,,
,2026-06-22,VJ935/VJ7342,A500,A321,NRT-HAN-XIY,20:05,21:25,20:05,21:25,20:25,21:24,21:25,21:30,01:20,01:00,ONTIME,ONTIME,ONTIME,DELAY,,,,,,,,20:57,21:15,,,HAN,NRT,XIY,International,VJ,,,,,,,,,,,,
,2026-06-22,VJ1452/VJ527,A634,A321,PQC-HAN-DAD,19:50,21:25,19:50,21:25,20:55,21:29,21:30,21:40,01:35,00:35,DELAY,ONTIME,ONTIME,DELAY,,15A,00:05,,,,,20:55,21:25,,OFFLD 1 PAX 2 BAG,HAN,PQC,DAD,Domestic,VJ,,,,,,,,,,,,
,2026-06-22,VJ943/VJ7526,A536,A321,TPE-HAN-CAN,20:55,22:30,20:55,22:30,21:15,22:29,22:30,22:39,01:35,01:15,ONTIME,ONTIME,ONTIME,DELAY,,,,,,,,21:45,22:27,,,HAN,TPE,CAN,International,VJ,,,,,,,,,,,,
,2026-06-22,VJ520/VJ529,A542,A321,DAD-HAN-DAD,20:55,22:35,20:55,22:35,22:15,22:44,22:45,22:50,01:40,00:30,DELAY,ONTIME,ONTIME,DELAY,,93,00:10,,,,,22:10,22:42,,,HAN,DAD,DAD,Domestic,VJ,,,,,,,,,,,,
,2026-06-22,VJ150/VJ169,A523,A321,SGN-HAN-SGN,22:30,23:25,22:30,23:25,22:50,23:24,23:25,23:35,00:55,00:35,ONTIME,ONTIME,ONTIME,DELAY,,,,,,,,22:40,23:22,,,HAN,SGN,SGN,Domestic,VJ,,,,,,,,,,,,
,2026-06-23,____/VJ932,A529,A321,HAN-NRT,,00:30,,00:30,,00:26,00:27,00:28,,,EARLY,ONTIME,ONTIME,,,,,,,,,23:35,00:24,,,HAN,HAN,NRT,International,VJ,,,,,,,,,,,,
,2026-06-23,____/VJ938,A547,A321,HAN-KIX,,01:20,,01:20,,01:18,01:19,01:21,,,EARLY,ONTIME,ONTIME,,,,,,,,,00:30,01:15,,,HAN,HAN,KIX,International,VJ,,,,,,,,,,,,
,2026-06-23,____/VJ960,A683,A321,HAN-ICN,,01:40,,01:40,,01:32,01:33,01:35,,,EARLY,ONTIME,ONTIME,,,,,,,,,00:40,01:25,,,HAN,HAN,ICN,International,VJ,,,,,,,,,,,,
,2026-06-23,____/VJ958,A648,A321,HAN-FUK,,02:05,,02:05,,02:04,02:05,02:11,,,ONTIME,ONTIME,ONTIME,,,,,,,,,01:20,02:02,,,HAN,HAN,FUK,International,VJ,,,,,,,,,,,,
,2026-06-23,____/VJ1980,A663,A320,HAN-FSZ,,02:40,,02:40,,02:27,02:28,02:31,,,EARLY,ONTIME,ONTIME,,,,,,,,,01:45,02:25,,,HAN,HAN,FSZ,International,VJ,,,,,,,,,,,,
,2026-06-23,____/VJ445,A632,A321,HAN-PQC,,05:30,,05:30,,05:29,05:30,05:33,,,ONTIME,ONTIME,ONTIME,,,,,,,,,04:40,05:27,,,HAN,HAN,PQC,Domestic,VJ,,,,,,,,,,,,
,2026-06-23,____/VJ501,A522,A321,HAN-DAD,,05:40,,05:40,,05:31,05:32,05:34,,,EARLY,ONTIME,ONTIME,,,,,,,,,04:50,05:29,,,HAN,HAN,DAD,Domestic,VJ,,,,,,,,,,,,
,2026-06-23,____/VJ771,A203,A321,HAN-CXR,,05:45,,05:45,,05:37,05:38,05:40,,,EARLY,ONTIME,ONTIME,,,,,,,,,04:55,05:35,,,HAN,HAN,CXR,Domestic,VJ,,,,,,,,,,,,
,2026-06-23,____/VJ121,A200,A321,HAN-SGN,,06:00,,06:00,,05:59,06:00,06:04,,,ONTIME,ONTIME,ONTIME,,,,,,,,,05:00,05:57,,,HAN,HAN,SGN,Domestic,VJ,,,,,,,,,,,,
,2026-06-23,____/VJ491,A634,A321,HAN-BMV,,06:00,,06:00,,05:54,05:55,06:02,,,EARLY,ONTIME,ONTIME,,,,,,,,,05:10,05:50,,,HAN,HAN,BMV,Domestic,VJ,,,,,,,,,,,,
,2026-06-23,____/VJ431,A668,A320,HAN-UIH,,06:05,,06:05,,05:59,06:00,06:13,,,EARLY,ONTIME,ONTIME,,,,,,,,,05:16,05:55,,,HAN,HAN,UIH,Domestic,VJ,,,,,,,,,,,,
,2026-06-23,____/VJ952,A662,A320,HAN-HIJ,,06:15,,06:15,,06:09,06:10,06:14,,,EARLY,ONTIME,ONTIME,,,,,,,,,05:30,06:08,,,HAN,HAN,HIJ,International,VJ,,,,,,,,,,,,
,2026-06-23,____/VJ531,A552,A321,HAN-DAD,,06:30,,06:30,,06:34,06:35,06:41,,,DELAY,ONTIME,ONTIME,,,15A,00:05,,,,,05:45,06:33,,15A OFF 6PAX 4BAG,HAN,HAN,DAD,Domestic,VJ,,,,,,,,,,,,
,2026-06-23,____/VJ461,A636,A321,HAN-VCA,,06:45,,06:45,,06:39,06:40,06:47,,,EARLY,ONTIME,ONTIME,,,,,,,,,05:55,06:37,,,HAN,HAN,VCA,Domestic,VJ,,,,,,,,,,,,
,2026-06-23,____/VJ125,A693,A321,HAN-SGN,,07:00,,07:00,,06:54,06:55,07:01,,,EARLY,ONTIME,ONTIME,,,,,,,,,06:00,06:52,,,HAN,HAN,SGN,Domestic,VJ,,,,,,,,,,,,
,2026-06-23,____/VJ1771,A524,A321,HAN-CXR,,07:00,,07:00,,06:57,06:58,07:00,,,EARLY,ONTIME,ONTIME,,,,,,,,,06:00,06:55,,,HAN,HAN,CXR,Domestic,VJ,,,,,,,,,,,,
,2026-06-23,____/VJ421,A675,A320,HAN-PXU,,07:10,,07:10,,07:04,07:05,07:07,,,EARLY,ONTIME,ONTIME,,,,,,,,,06:20,07:02,,,HAN,HAN,PXU,Domestic,VJ,,,,,,,,,,,,
,2026-06-23,____/VJ197,A651,A321,HAN-SGN,,07:20,,07:20,,07:29,07:30,07:34,,,DELAY,ONTIME,ONTIME,,,41,00:10,,,,,06:40,07:13,,TECHNICAL CHECK,HAN,HAN,SGN,Domestic,VJ,,,,,,,,,,,,
,2026-06-23,____/VJ503,A538,A321,HAN-DAD,,07:30,,07:30,,07:24,07:25,07:37,,,EARLY,ONTIME,ONTIME,,,,,,,,,06:26,07:20,,,HAN,HAN,DAD,Domestic,VJ,,,,,,,,,,,,
,2026-06-23,VJ120/VJ127,A523,A321,SGN-HAN-SGN,07:10,08:10,07:10,08:10,07:05,07:59,08:00,08:02,01:00,00:55,EARLY,ONTIME,ONTIME,ONTIME,,,,,,,,07:05,07:58,,,HAN,SGN,SGN,Domestic,VJ,,,,,,,,,,,,
,2026-06-23,VJ7343/VJ929,A500,A321,XIY-HAN-CGK,04:10,08:40,04:10,08:40,04:15,08:37,08:38,08:40,04:30,04:23,EARLY,ONTIME,ONTIME,ONTIME,,,,,,,,07:50,08:35,,,HAN,XIY,CGK,International,VJ,,,,,,,,,,,,
,2026-06-23,VJ124/VJ129,A546,A321,SGN-HAN-SGN,08:15,08:45,08:15,08:45,08:00,08:35,08:36,08:42,00:30,00:36,EARLY,ONTIME,ONTIME,ONTIME,,,,,,,,08:00,08:34,,,HAN,SGN,SGN,Domestic,VJ,,,,,,,,,,,,
,2026-06-23,____/VJ447,A667,A321,HAN-PQC,,08:45,,08:45,,08:39,08:40,08:43,,,EARLY,ONTIME,ONTIME,,,,,,,,,07:55,08:35,,,HAN,HAN,PQC,Domestic,VJ,,,,,,,,,,,,
,2026-06-23,VJ504/VJ435,A669,A320,DAD-HAN-UIH,08:20,08:50,08:20,08:50,08:15,08:49,08:50,09:00,00:30,00:35,ONTIME,ONTIME,ONTIME,ONTIME,,,,,,,,08:07,08:47,,,HAN,DAD,UIH,Domestic,VJ,,,,,,,,,,,,
,2026-06-23,VJ514/VJ563,A522,A321,DAD-HAN-HUI,08:50,09:20,08:50,09:20,08:50,09:11,09:12,09:20,00:30,00:22,EARLY,ONTIME,ONTIME,ONTIME,,,,,,,,08:50,09:09,,,HAN,DAD,HUI,Domestic,VJ,,,,,,,,,,,,
,2026-06-23,VJ502/VJ915,A528,A321,DAD-HAN-SIN,07:00,09:35,07:00,09:35,07:15,09:31,09:32,09:35,02:35,02:17,EARLY,ONTIME,ONTIME,ONTIME,,,,,,,,08:50,09:29,,,HAN,DAD,SIN,International,VJ,,,,,,,,,,,,
,2026-06-23,____/VJ1773,A537,A321,HAN-CXR,,10:00,,10:00,,09:54,09:55,10:05,,,EARLY,ONTIME,ONTIME,,,,,,,,,09:15,09:52,,,HAN,HAN,CXR,Domestic,VJ,,,,,,,,,,,,
,2026-06-23,VJ126/VJ131,A575,A321,SGN-HAN-SGN,09:40,10:10,09:40,10:10,09:55,10:23,10:24,10:25,00:30,00:29,DELAY,ONTIME,ONTIME,ONTIME,,93,00:14,,,,,09:55,10:21,,,HAN,SGN,SGN,Domestic,VJ,,,,,,,,,,,,
,2026-06-23,VJ122/VJ135,A549,A321,SGN-HAN-SGN,09:05,10:10,09:05,10:10,09:10,10:08,10:09,10:10,01:05,00:59,EARLY,ONTIME,ONTIME,ONTIME,,,,,,,,09:10,10:05,,,HAN,SGN,SGN,Domestic,VJ,,,,,,,,,,,,
,2026-06-23,____/VJ463,A672,A320,HAN-VCA,,10:20,,10:20,,10:19,10:20,10:25,,,ONTIME,ONTIME,ONTIME,,,,,,,,,09:45,10:17,,,HAN,HAN,VCA,Domestic,VJ,,,,,,,,,,,,
,2026-06-23,VJ532/VJ425,A552,A321,DAD-HAN-PXU,09:45,10:20,09:45,10:20,10:05,10:32,10:33,10:35,00:35,00:28,DELAY,ONTIME,ONTIME,DELAY,,93,00:13,,,,,10:00,10:30,,,HAN,DAD,PXU,Domestic,VJ,,,,,,,,,,,,
,2026-06-23,____/VJ997,A521,A321,HAN-DPS,,10:25,,10:25,,10:24,10:25,10:29,,,ONTIME,ONTIME,ONTIME,,,,,,,,,09:50,10:22,,,HAN,HAN,DPS,International,VJ,,,,,,,,,,,,
,2026-06-23,VJ430/VJ437,A668,A320,UIH-HAN-UIH,09:50,10:25,09:50,10:25,10:10,10:34,10:35,10:50,00:35,00:25,DELAY,ONTIME,DELAY,DELAY,,93,00:10,,,,,10:10,10:33,,,HAN,UIH,UIH,Domestic,VJ,,,,,,,,,,,,
,2026-06-23,VJ770/VJ565,A203,A321,CXR-HAN-HUI,09:55,10:30,09:55,10:50,10:15,10:49,10:50,11:10,00:55,00:35,ONTIME,ONTIME,DELAY,DELAY,,,,,,,,10:10,10:48,,,HAN,CXR,HUI,Domestic,VJ,,,,,,,,,,,,
,2026-06-23,VJ492/VJ493,A634,A321,BMV-HAN-BMV,10:00,10:30,10:00,10:30,10:10,10:39,10:40,10:45,00:30,00:30,DELAY,ONTIME,ONTIME,ONTIME,,93,00:10,,,,,10:00,10:37,,,HAN,BMV,BMV,Domestic,VJ,,,,,,,,,,,,
,2026-06-23,____/VJ901,A536,A321,HAN-BKK,,11:10,,11:10,,11:09,11:10,11:20,,,ONTIME,ONTIME,ONTIME,,,,,,,,,10:20,11:08,,,HAN,HAN,BKK,International,VJ,,,,,,,,,,,,
,2026-06-23,VJ524/VJ507,A538,A321,DAD-HAN-DAD,10:40,11:10,10:40,11:50,11:10,13:38,13:39,13:52,01:10,02:29,DELAY,DELAY,DELAY,DELAY,,41,01:49,,,,,11:10,11:41,,GROUND RETURN/LATE PUSHBACK DUE TO ATC,HAN,DAD,DAD,Domestic,VJ,,,,,,,,,,,,
,2026-06-23,VJ130/VJ133,A532,A321,SGN-HAN-SGN,10:50,11:20,10:50,11:20,11:05,11:34,11:35,11:50,00:30,00:30,DELAY,ONTIME,DELAY,ONTIME,,93,00:15,,,,,11:05,11:32,,LATE PUSHBACK DUE TO ATC,HAN,SGN,SGN,Domestic,VJ,,,,,,,,,,,,
,2026-06-23,VJ190/VJ195,A671,A320,SGN-HAN-SGN,10:25,11:25,10:25,11:25,10:50,11:21,11:22,11:35,01:00,00:32,EARLY,ONTIME,ONTIME,DELAY,,,,,,,,10:45,11:20,,,HAN,SGN,SGN,Domestic,VJ,,,,,,,,,,,,
,2026-06-23,VJ448/VJ451,A632,A321,PQC-HAN-PQC,10:15,11:45,10:15,11:45,10:40,11:43,11:44,12:00,01:30,01:04,EARLY,ONTIME,ONTIME,DELAY,,,,,,,,10:40,11:41,,,HAN,PQC,PQC,Domestic,VJ,,,,,,,,,,,,
,2026-06-23,VJ1772/VJ1453,A643,A321,CXR-HAN-PQC,11:30,12:00,11:30,12:00,11:50,12:16,12:17,12:37,00:30,00:27,DELAY,DELAY,DELAY,DELAY,,93,00:17,,,,,11:40,12:14,,LATE PUSHBACK DUE TO ATC,HAN,CXR,PQC,Domestic,VJ,,,,,,,,,,,,
,2026-06-23,VJ462/VJ515,A636,A321,VCA-HAN-DAD,11:40,12:10,11:40,12:30,12:10,12:39,12:40,13:05,00:50,00:30,DELAY,ONTIME,DELAY,DELAY,,93,00:10,,,,,11:50,12:33,,LATE PUSHBACK DUE TO ATC,HAN,VCA,DAD,Domestic,VJ,,,,,,,,,,,,
,2026-06-23,VJ128/VJ137,A693,A321,SGN-HAN-SGN,11:50,12:20,11:50,12:50,12:40,13:09,13:10,13:20,01:00,00:30,DELAY,DELAY,DELAY,DELAY,,93,00:20,,,,,12:40,13:07,,,HAN,SGN,SGN,Domestic,VJ,,,,,,,,,,,,
,2026-06-23,VJ959/VJ453,A648,A321,FUK-HAN-PQC,11:45,13:00,11:45,13:00,11:55,12:54,12:55,13:15,01:15,01:00,EARLY,ONTIME,ONTIME,ONTIME,,,,,,,,12:15,12:52,,LATE PUSHBACK DUE TO ATC,HAN,FUK,PQC,Domestic,VJ,,,,,,,,,,,,
,2026-06-23,VJ432/VJ509,A669,A320,UIH-HAN-DAD,12:35,13:05,12:35,13:25,13:10,13:34,13:35,13:52,00:50,00:25,DELAY,ONTIME,DELAY,DELAY,,93,00:10,,,,,13:05,13:33,,,HAN,UIH,DAD,Domestic,VJ,,,,,,,,,,,,
,2026-06-23,VJ564/VJ787,A522,A321,HUI-HAN-CXR,12:20,13:10,12:20,13:10,12:25,13:07,13:08,13:25,00:50,00:43,EARLY,ONTIME,ONTIME,ONTIME,,,,,,,,12:25,13:05,,,HAN,HUI,CXR,Domestic,VJ,,,,,,,,,,,,
,2026-06-23,VJ939/VJ948,A547,A321,KIX-HAN-RMQ,12:20,13:30,12:20,13:30,12:40,13:34,13:35,13:45,01:10,00:55,DELAY,ONTIME,ONTIME,DELAY,,15A,00:05,,,,,13:04,13:32,,OFFLOAD 01PAX + 01BAG,HAN,KIX,RMQ,International,VJ,,,,,,,,,,,,
,2026-06-23,VJ422/VJ7316,A675,A320,PXU-HAN-ENH,10:50,14:00,10:50,14:00,10:55,13:52,13:54,14:12,03:10,02:59,EARLY,ONTIME,ONTIME,ONTIME,,,,,,,,13:20,13:50,,,HAN,PXU,ENH,International,VJ,,,,,,,,,,,,
,2026-06-23,VJ440/VJ525,A667,A321,PQC-HAN-DAD,13:30,14:05,13:30,14:20,13:50,14:24,14:25,14:30,00:50,00:35,DELAY,ONTIME,DELAY,DELAY,,66,00:05,,,,,13:50,14:22,,LATE PUSHBACK DUE TO ATC / CREW HN OB 1402,HAN,PQC,DAD,Domestic,VJ,,,,,,,,,,,,
,2026-06-23,VJ933/VJ143,A529,A321,NRT-HAN-SGN,13:05,14:05,13:05,14:05,13:25,14:04,14:05,14:10,01:00,00:40,ONTIME,ONTIME,ONTIME,DELAY,,,,,,,,13:30,14:02,,,HAN,NRT,SGN,Domestic,VJ,,,,,,,,,,,,
,2026-06-23,____/VJ942,A674,A321,HAN-TPE,,14:25,,14:25,,14:29,14:30,14:40,,,DELAY,ONTIME,ONTIME,,,15A,00:05,,,,,13:30,14:25,,OFFLOAD 4 PAX 3 BAGS,HAN,HAN,TPE,International,VJ,,,,,,,,,,,,
,2026-06-23,VJ566/VJ441,A203,A321,HUI-HAN-PQC,13:30,14:30,13:30,15:00,14:35,14:59,15:00,15:13,01:30,00:25,ONTIME,ONTIME,DELAY,DELAY,,,,,,,,14:15,14:58,,,HAN,HUI,PQC,Domestic,VJ,,,,,,,,,,,,
,2026-06-23,VJ134/VJ467,A656,A320,SGN-HAN-VCA,13:30,14:30,13:30,14:30,13:35,14:22,14:23,14:33,01:00,00:48,EARLY,ONTIME,ONTIME,ONTIME,,,,,,,,13:45,14:20,,,HAN,SGN,VCA,Domestic,VJ,,,,,,,,,,,,
,2026-06-23,VJ961/VJ946,A683,A321,ICN-HAN-KHH,13:35,14:35,13:35,14:35,13:15,14:39,14:40,14:50,01:00,01:25,DELAY,ONTIME,ONTIME,ONTIME,,15A,00:05,,,,,13:55,14:37,,OFFLOAD 04PAX 06BAGS,HAN,ICN,KHH,International,VJ,,,,,,,,,,,,
,2026-06-23,VJ1504/VJ1505,A550,A321,DAD-HAN-DAD,14:00,14:35,14:00,14:35,14:15,14:44,14:45,14:50,00:35,00:30,DELAY,ONTIME,ONTIME,ONTIME,,93,00:10,,,,,14:15,14:42,,,HAN,DAD,DAD,Domestic,VJ,,,,,,,,,,,,
,2026-06-23,VJ136/VJ145,A200,A321,SGN-HAN-SGN,14:10,14:50,14:10,15:20,14:55,15:44,15:45,15:47,01:10,00:50,DELAY,DELAY,DELAY,DELAY,,93,00:05,41,00:20,,,15:05,15:42,,TECHNICAL CHECK,HAN,SGN,SGN,Domestic,VJ,,,,,,,,,,,,
,2026-06-23,VJ426/VJ511,A552,A321,PXU-HAN-DAD,14:05,15:05,14:05,15:05,14:10,14:58,15:00,15:10,01:00,00:50,EARLY,ONTIME,ONTIME,ONTIME,,,,,,,,14:10,14:57,,,HAN,PXU,DAD,Domestic,VJ,,,,,,,,,,,,
,2026-06-23,VJ494/VJ1451,A634,A321,BMV-HAN-PQC,14:30,15:10,14:30,15:10,14:55,15:23,15:24,15:25,00:40,00:29,DELAY,ONTIME,ONTIME,DELAY,,93,00:14,,,,,14:50,14:22,,,HAN,BMV,PQC,Domestic,VJ,,,,,,,,,,,,
,2026-06-23,VJ1774/VJ419,A553,A321,CXR-HAN-TBB,14:20,15:10,14:20,15:10,14:35,14:58,15:00,15:23,00:50,00:25,EARLY,ONTIME,ONTIME,ONTIME,,,,,,,,14:30,14:57,,LATE PUSHBACK DUE TO ATC,HAN,CXR,TBB,Domestic,VJ,,,,,,,,,,,,
,2026-06-23,VJ464/VJ439,A672,A320,VCA-HAN-UIH,15:10,15:40,15:10,16:00,15:30,15:54,15:55,15:55,00:50,00:25,EARLY,ONTIME,ONTIME,DELAY,,,,,,,,15:30,15:52,,,HAN,VCA,UIH,Domestic,VJ,,,,,,,,,,,,
,2026-06-23,VJ1981/VJ903,A663,A320,FSZ-HAN-BKK,14:00,15:45,14:00,15:45,13:55,15:29,15:30,15:43,01:45,01:35,EARLY,ONTIME,ONTIME,ONTIME,,,,,,,,14:55,15:27,,,HAN,FSZ,BKK,International,VJ,,,,,,,,,,,,
,2026-06-23,VJ436/VJ567,A668,A320,UIH-HAN-HUI,14:10,15:55,14:10,15:55,15:00,15:54,15:55,16:02,01:45,00:55,ONTIME,ONTIME,ONTIME,DELAY,,,,,,,,15:10,15:51,,,HAN,UIH,HUI,Domestic,VJ,,,,,,,,,,,,
,2026-06-23,VJ138/VJ147,A549,A321,SGN-HAN-SGN,15:15,16:00,15:15,16:00,15:20,15:59,16:00,16:03,00:45,00:40,ONTIME,ONTIME,ONTIME,ONTIME,,,,,,,,15:20,15:55,,,HAN,SGN,SGN,Domestic,VJ,,,,,,,,,,,,
,2026-06-23,VJ510/VJ773,A538,A321,DAD-HAN-CXR,14:35,16:00,14:35,18:00,17:30,18:09,18:10,18:24,03:25,00:40,DELAY,ONTIME,DELAY,DELAY,,66,00:10,,,,,17:30,18:05,,CREW OB 1742,HAN,DAD,CXR,Domestic,VJ,,,,,,,,,,,,
,2026-06-23,VJ508/VJ913,A636,A321,DAD-HAN-SAI,15:25,16:20,15:25,17:20,16:35,17:19,17:20,17:30,01:55,00:45,ONTIME,ONTIME,DELAY,DELAY,,,,,,,,17:00,17:16,,,HAN,DAD,SAI,International,VJ,,,,,,,,,,,,
,2026-06-23,VJ142/VJ193,A539,A321,SGN-HAN-SGN,15:30,16:30,15:30,16:30,15:35,16:22,16:23,16:30,01:00,00:48,EARLY,ONTIME,ONTIME,ONTIME,,,,,,,,15:35,16:22,,,HAN,SGN,SGN,Domestic,VJ,,,,,,,,,,,,
,2026-06-23,VJ140/VJ151,A544,A321,SGN-HAN-SGN,16:20,16:50,16:20,16:50,16:30,16:59,17:00,17:00,00:30,00:30,DELAY,ONTIME,ONTIME,ONTIME,,93,00:10,,,,,16:20,16:57,,,HAN,SGN,SGN,Domestic,VJ,,,,,,,,,,,,
,2026-06-23,VJ5068/VJ5068,A554,A321,CXR-HAN-NOZ,16:20,17:00,16:20,17:00,16:45,17:54,17:55,17:57,00:40,01:10,DELAY,DELAY,DELAY,DELAY,,93,00:15,99,00:40,,,,,X,DL99 SUPPORT PAX WITH MEDICAL ISSUES,HAN,CXR,NOZ,International,VJ,,,,,,,,,,,,
,2026-06-23,VJ192/VJ457,A644,A321,SGN-HAN-PQC,16:45,17:25,16:45,17:40,17:15,17:49,17:50,17:55,00:55,00:35,DELAY,ONTIME,DELAY,DELAY,,93,00:05,66,00:05,,,17:05,17:46,,CREW OB 1723,HAN,SGN,PQC,Domestic,VJ,,,,,,,,,,,,
,2026-06-23,VJ530/VJ495,A669,A320,DAD-HAN-BMV,16:25,17:30,16:25,17:45,17:10,17:38,17:40,17:43,01:20,00:30,EARLY,ONTIME,ONTIME,DELAY,,,,,,,,17:05,17:33,,,HAN,DAD,BMV,Domestic,VJ,,,,,,,,,,,,
,2026-06-23,VJ902/VJ141,A536,A321,BKK-HAN-SGN,15:50,17:35,15:50,17:35,16:15,17:54,17:55,18:05,01:45,01:40,DELAY,DELAY,DELAY,DELAY,,95,00:20,,,,,17:20,17:50,,CREW VJ192 OB 1732,HAN,BKK,SGN,Domestic,VJ,,,,,,,,,,,,
,2026-06-23,VJ953/VJ1431,A662,A320,HIJ-HAN-UIH,16:10,17:40,16:10,17:40,16:00,17:39,17:40,17:48,01:30,01:40,ONTIME,ONTIME,ONTIME,ONTIME,,,,,,,,16:50,17:36,,,HAN,HIJ,UIH,Domestic,VJ,,,,,,,,,,,,
,2026-06-23,VJ1454/VJ517,A643,A321,PQC-HAN-DAD,16:30,17:45,16:30,17:45,17:45,18:09,18:10,18:20,01:15,00:25,DELAY,DELAY,DELAY,DELAY,,93,00:25,,,,,17:40,18:08,,,HAN,PQC,DAD,Domestic,VJ,,,,,,,,,,,,
,2026-06-23,VJ528/VJ153,A667,A321,DAD-HAN-SGN,17:25,18:05,17:25,18:20,18:30,18:57,18:58,19:00,00:55,00:28,DELAY,DELAY,DELAY,DELAY,,93,00:38,,,,,18:25,18:55,,,HAN,DAD,SGN,Domestic,VJ,,,,,,,,,,,,
,2026-06-23,VJ456/VJ781,A648,A321,PQC-HAN-CXR,17:45,18:15,17:45,18:30,18:00,18:29,18:30,18:30,00:45,00:30,ONTIME,ONTIME,ONTIME,ONTIME,,,,,,,,17:50,18:28,,,HAN,PQC,CXR,Domestic,VJ,,,,,,,,,,,,
,2026-06-23,VJ512/VJ521,A552,A321,DAD-HAN-DAD,18:15,18:45,18:15,19:00,18:40,19:09,19:10,19:15,00:45,00:30,DELAY,ONTIME,DELAY,DELAY,,93,00:10,,,,,18:30,19:07,,,HAN,DAD,DAD,Domestic,VJ,,,,,,,,,,,,
,2026-06-23,VJ774/VJ789,A522,A321,CXR-HAN-CXR,17:30,18:45,17:30,18:45,17:50,18:39,18:40,18:50,01:15,00:50,EARLY,ONTIME,ONTIME,DELAY,,,,,,,,18:00,18:35,,,HAN,CXR,CXR,Domestic,VJ,,,,,,,,,,,,
,2026-06-23,VJ148/VJ155,A693,A321,SGN-HAN-SGN,18:25,18:55,18:25,19:35,19:00,19:31,19:32,19:48,01:10,00:32,EARLY,ONTIME,DELAY,DELAY,,,,,,,,18:50,19:28,,LATE PUSHBACK DUE TO ATC,HAN,SGN,SGN,Domestic,VJ,,,,,,,,,,,,
,2026-06-23,VJ568/VJ561,A668,A320,HUI-HAN-HUI,18:55,19:25,18:55,20:00,19:20,19:50,19:51,20:05,01:05,00:31,EARLY,ONTIME,DELAY,DELAY,,,,,,,,19:10,19:48,,,HAN,HUI,HUI,Domestic,VJ,,,,,,,,,,,,
,2026-06-23,VJ152/VJ519,A647,A321,SGN-HAN-DAD,19:20,19:25,19:20,20:00,19:35,20:14,20:15,20:15,00:40,00:40,DELAY,ONTIME,DELAY,ONTIME,,93,00:05,10,00:10,,,19:35,20:11,,HANDLE DISRUPTIVE PAX ON VJ152,HAN,SGN,DAD,Domestic,VJ,,,,,,,,,,,,
,2026-06-23,VJ454/VJ157,A632,A321,PQC-HAN-SGN,16:45,19:30,16:45,19:30,17:05,19:25,19:26,19:35,02:45,02:21,EARLY,ONTIME,ONTIME,DELAY,,,,,,,,18:35,19:22,,,HAN,PQC,SGN,Domestic,VJ,,,,,,,,,,,,
,2026-06-23,VJ916/VJ971,A528,A321,SIN-HAN-DEL,17:25,19:40,17:25,19:40,17:15,19:37,19:38,19:43,02:15,02:23,EARLY,ONTIME,ONTIME,ONTIME,,,,,,,,19:00,19:35,,,HAN,SIN,DEL,International,VJ,,,,,,,,,,,,
,2026-06-23,VJ144/VJ1925,A535,A321,SGN-HAN-AMD,18:05,19:45,18:05,19:45,18:10,20:24,20:25,20:31,01:40,02:15,DELAY,DELAY,DELAY,ONTIME,,15A,00:40,,,,,19:00,19:40,,OFFLOAD 04PAX+07BAG,HAN,SGN,AMD,International,VJ,,,,,,,,,,,,
,2026-06-23,VJ146/VJ523,A529,A321,SGN-HAN-DAD,18:55,19:45,18:55,19:45,19:10,19:44,19:45,19:52,00:50,00:35,ONTIME,ONTIME,ONTIME,ONTIME,,,,,,,,19:10,19:38,,,HAN,SGN,DAD,Domestic,VJ,,,,,,,,,,,,
,2026-06-23,VJ420/VJ1785,A553,A321,TBB-HAN-CXR,19:15,20:00,19:15,20:00,19:05,19:59,20:00,20:08,00:45,00:55,ONTIME,ONTIME,ONTIME,ONTIME,,,,,,,,19:15,19:55,,,HAN,TBB,CXR,Domestic,VJ,,,,,,,,,,,,
,2026-06-23,VJ7317/VJ159,A675,A320,ENH-HAN-SGN,19:25,20:10,19:25,20:10,19:30,20:09,20:10,20:12,00:45,00:40,ONTIME,ONTIME,ONTIME,ONTIME,,,,,,,,19:30,20:07,,,HAN,ENH,SGN,Domestic,VJ,,,,,,,,,,,,
,2026-06-23,VJ438/VJ1127,A672,A320,UIH-HAN-SGN,19:25,20:25,19:25,20:25,20:10,20:33,20:34,20:40,01:00,00:24,DELAY,ONTIME,ONTIME,DELAY,,93,00:09,,,,,20:05,20:30,,,HAN,UIH,SGN,Domestic,VJ,,,,,,,,,,,,
,2026-06-23,VJ442/VJ783,A203,A321,PQC-HAN-CXR,19:10,20:25,19:10,20:25,20:05,20:34,20:35,20:40,01:15,00:30,DELAY,ONTIME,ONTIME,DELAY,,93,00:10,,,,,20:10,20:33,,,HAN,PQC,CXR,Domestic,VJ,,,,,,,,,,,,
,2026-06-23,VJ194/VJ161,A633,A321,SGN-HAN-SGN,19:20,20:55,19:20,20:55,20:15,20:50,20:51,20:54,01:35,00:36,EARLY,ONTIME,ONTIME,DELAY,,,,,,,,20:10,20:48,,,HAN,SGN,SGN,Domestic,VJ,,,,,,,,,,,,
,2026-06-23,VJ154/VJ163,A546,A321,SGN-HAN-SGN,20:55,21:25,20:55,21:25,21:03,21:32,21:33,21:40,00:30,00:30,DELAY,ONTIME,ONTIME,ONTIME,,93,00:08,,,,,21:03,21:30,,,HAN,SGN,SGN,Domestic,VJ,,,,,,,,,,,,
,2026-06-23,VJ520/VJ527,A685,A321,DAD-HAN-DAD,20:55,21:25,20:55,21:25,20:55,21:21,21:22,21:40,00:30,00:27,EARLY,ONTIME,ONTIME,ONTIME,,,,,,,,20:55,21:18,,LATE PUSHBACK DUE TO ATC,HAN,DAD,DAD,Domestic,VJ,,,,,,,,,,,,
,2026-06-23,VJ1452/VJ7526,A634,A321,PQC-HAN-CAN,19:55,22:30,19:55,22:30,20:41,22:24,22:25,22:28,02:35,01:44,EARLY,ONTIME,ONTIME,DELAY,,,,,,,,21:45,22:20,,,HAN,PQC,CAN,International,VJ,,,,,,,,,,,,
,2026-06-23,VJ496/VJ529,A669,A320,BMV-HAN-DAD,21:30,22:35,21:30,22:35,21:30,22:28,22:29,22:29,01:05,00:59,EARLY,ONTIME,ONTIME,ONTIME,,,,,,,,22:00,22:20,,,HAN,BMV,DAD,Domestic,VJ,,,,,,,,,,,,
,2026-06-23,VJ928/VJ167,A500,A321,CGK-HAN-SGN,18:15,22:45,18:15,22:45,20:20,22:44,22:45,22:50,04:30,02:25,ONTIME,ONTIME,ONTIME,DELAY,,,,,,,,22:15,22:42,,,HAN,CGK,SGN,Domestic,VJ,,,,,,,,,,,,
,2026-06-23,VJ468/VJ533,A656,A320,VCA-HAN-DAD,19:50,23:05,19:50,23:05,19:40,22:59,23:00,23:04,03:15,03:20,EARLY,ONTIME,ONTIME,ONTIME,,,,,,,,22:15,22:56,,,HAN,VCA,DAD,Domestic,VJ,,,,,,,,,,,,
,2026-06-23,VJ949/VJ962,A547,A321,RMQ-HAN-ICN,19:50,23:15,19:50,23:15,20:30,23:14,23:15,23:20,03:25,02:45,ONTIME,ONTIME,ONTIME,DELAY,,,,,,,,22:40,23:12,,,HAN,RMQ,ICN,International,VJ,,,,,,,,,,,,
,2026-06-23,VJ150/VJ169,A539,A321,SGN-HAN-SGN,22:30,23:25,22:30,23:25,22:45,23:22,23:23,23:28,00:55,00:38,EARLY,ONTIME,ONTIME,ONTIME,,,,,,,,22:45,23:20,,,HAN,SGN,SGN,Domestic,VJ,,,,,,,,,,,,
,2026-06-24,____/VJ932,A538,A321,CXR-HAN-NRT,,00:30,,00:30,,00:27,00:28,00:30,,,EARLY,ONTIME,ONTIME,,,,,,,,,23:40,00:25,,,HAN,CXR,NRT,International,VJ,,,,,,,,,,,,
,2026-06-24,____/VJ982,A683,A321,HAN-PUS,,01:05,,01:05,,00:59,01:00,01:03,,,EARLY,ONTIME,ONTIME,,,,,,,,,00:15,00:55,,,HAN,HAN,PUS,International,VJ,,,,,,,,,,,,
,2026-06-24,____/VJ938,A200,A321,HAN-KIX,,01:20,,01:20,,01:16,01:17,01:18,,,EARLY,ONTIME,ONTIME,,,,,,,,,00:35,01:10,,,HAN,HAN,KIX,International,VJ,,,,,,,,,,,,
,2026-06-24,____/VJ960,A636,A321,HAN-ICN,,01:40,,01:40,,01:39,01:40,01:44,,,ONTIME,ONTIME,ONTIME,,,,,,,,,00:50,01:30,,,HAN,HAN,ICN,International,VJ,,,,,,,,,,,,
,2026-06-24,____/VJ920,A521,A321,HAN-NGO,,01:40,,01:40,,01:35,01:36,01:39,,,EARLY,ONTIME,ONTIME,,,,,,,,,00:50,01:33,,,HAN,HAN,NGO,International,VJ,,,,,,,,,,,,
,2026-06-24,VJ7706/VJ7706,A553,A321,HAN-KHV,00:30,01:05,01:55,02:30,02:10,02:34,02:35,02:40,00:35,00:25,DELAY,ONTIME,DELAY,DELAY,,93,00:05,,,,,,,X,,HAN,HAN,KHV,International,VJ,,,,,,,,,,,,
,2026-06-24,____/VJ123,A812,A330,HAN-SGN,,05:30,,05:30,,05:24,05:25,05:28,,,EARLY,ONTIME,ONTIME,,,,,,,,,04:45,05:20,,,HAN,HAN,SGN,Domestic,VJ,,,,,,,,,,,,
,2026-06-24,VJ7527/VJ445,A634,A321,CAN-HAN-PQC,03:05,05:30,03:05,05:30,03:36,05:29,05:30,05:35,02:25,01:54,ONTIME,ONTIME,ONTIME,DELAY,,,,,,,,04:45,05:25,,,HAN,CAN,PQC,Domestic,VJ,,,,,,,,,,,,
,2026-06-24,____/VJ501,A648,A321,HAN-DAD,,05:40,,05:40,,05:34,05:35,05:43,,,EARLY,ONTIME,ONTIME,,,,,,,,,04:50,05:31,,,HAN,HAN,DAD,Domestic,VJ,,,,,,,,,,,,
,2026-06-24,____/VJ771,A672,A320,HAN-CXR,,05:45,,05:45,,05:39,05:40,05:48,,,EARLY,ONTIME,ONTIME,,,,,,,,,04:55,05:37,,,HAN,HAN,CXR,Domestic,VJ,,,,,,,,,,,,
,2026-06-24,____/VJ121,A522,A321,HAN-SGN,,06:00,,06:00,,05:54,05:55,06:00,,,EARLY,ONTIME,ONTIME,,,,,,,,,05:10,05:52,,,HAN,HAN,SGN,Domestic,VJ,,,,,,,,,,,,
,2026-06-24,____/VJ491,A684,A321,HAN-BMV,,06:00,,06:00,,05:54,05:55,06:08,,,EARLY,ONTIME,ONTIME,,,,,,,,,05:10,05:52,,,HAN,HAN,BMV,Domestic,VJ,,,,,,,,,,,,
,2026-06-24,____/VJ431,A663,A320,HAN-UIH,,06:05,,06:05,,05:59,06:00,06:07,,,EARLY,ONTIME,ONTIME,,,,,,,,,05:15,05:57,,,HAN,HAN,UIH,Domestic,VJ,,,,,,,,,,,,
,2026-06-24,____/VJ531,A647,A321,HAN-DAD,,06:30,,06:30,,06:22,06:23,06:29,,,EARLY,ONTIME,ONTIME,,,,,,,,,05:45,06:20,,,HAN,HAN,DAD,Domestic,VJ,,,,,,,,,,,,
,2026-06-24,____/VJ449,A675,A320,HAN-PQC,,06:30,,06:30,,06:24,06:25,06:33,,,EARLY,ONTIME,ONTIME,,,,,,,,,05:40,06:22,,,HAN,HAN,PQC,Domestic,VJ,,,,,,,,,,,,
,2026-06-24,____/VJ461,A674,A321,HAN-VCA,,06:45,,06:45,,06:39,06:40,06:50,,,EARLY,ONTIME,ONTIME,,,,,,,,,06:00,06:35,,,HAN,HAN,VCA,Domestic,VJ,,,,,,,,,,,,
,2026-06-24,VJ5069/VJ5069,A554,A321,NOZ-HAN-CXR,06:15,06:45,06:15,07:40,06:35,07:07,07:08,07:15,01:25,00:33,EARLY,ONTIME,DELAY,DELAY,,,,,,,,,,X,,HAN,NOZ,CXR,Domestic,VJ,,,,,,,,,,,,
,2026-06-24,____/VJ125,A668,A320,HAN-SGN,,07:00,,07:00,,06:52,06:53,06:59,,,EARLY,ONTIME,ONTIME,,,,,,,,,06:15,06:50,,,HAN,HAN,SGN,Domestic,VJ,,,,,,,,,,,,
,2026-06-24,____/VJ1771,A645,A321,HAN-CXR,,07:00,,07:00,,06:54,06:55,07:10,,,EARLY,ONTIME,ONTIME,,,,,,,,,06:10,06:50,,,HAN,HAN,CXR,Domestic,VJ,,,,,,,,,,,,
,2026-06-24,VJ534/VJ421,A656,A320,DAD-HAN-PXU,02:20,07:10,02:20,07:10,02:10,07:04,07:05,07:13,04:50,04:55,EARLY,ONTIME,ONTIME,ONTIME,,,,,,,,06:20,07:00,,,HAN,DAD,PXU,Domestic,VJ,,,,,,,,,,,,
,2026-06-24,____/VJ197,A644,A321,HAN-SGN,,07:20,,07:20,,07:14,07:15,07:25,,,EARLY,ONTIME,ONTIME,,,,,,,,,06:35,07:10,,,HAN,HAN,SGN,Domestic,VJ,,,,,,,,,,,,
,2026-06-24,____/VJ905,A662,A320,HAN-KUL,,07:25,,07:25,,07:19,07:20,07:33,,,EARLY,ONTIME,ONTIME,,,,,,,,,06:35,07:15,,,HAN,HAN,KUL,International,VJ,,,,,,,,,,,,
,2026-06-24,VJ502/VJ503,A649,A321,DAD-HAN-DAD,07:00,07:30,07:00,07:30,06:50,07:21,07:22,07:29,00:30,00:32,EARLY,ONTIME,ONTIME,ONTIME,,,,,,,,06:50,07:20,,,HAN,DAD,DAD,Domestic,VJ,,,,,,,,,,,,
,2026-06-24,____/VJ934,A552,A321,HAN-NRT,,07:55,,07:55,,07:49,07:50,07:54,,,EARLY,ONTIME,ONTIME,,,,,,,,,07:10,07:15,,,HAN,HAN,NRT,International,VJ,,,,,,,,,,,,
,2026-06-24,VJ120/VJ127,A671,A320,SGN-HAN-SGN,07:10,08:10,07:10,08:10,07:10,08:02,08:03,08:10,01:00,00:53,EARLY,ONTIME,ONTIME,ONTIME,,,,,,,,07:25,08:00,,,HAN,SGN,SGN,Domestic,VJ,,,,,,,,,,,,
,2026-06-24,VJ124/VJ129,A546,A321,SGN-HAN-SGN,08:15,08:45,08:15,08:45,08:10,08:44,08:45,08:53,00:30,00:35,ONTIME,ONTIME,ONTIME,ONTIME,,,,,,,,08:10,08:42,,,HAN,SGN,SGN,Domestic,VJ,,,,,,,,,,,,
,2026-06-24,____/VJ447,A667,A321,HAN-PQC,,08:45,,08:45,,08:44,08:45,09:00,,,ONTIME,ONTIME,ONTIME,,,,,,,,,08:00,08:40,,,HAN,HAN,PQC,Domestic,VJ,,,,,,,,,,,,
,2026-06-24,VJ504/VJ435,A669,A320,DAD-HAN-UIH,08:20,08:50,08:20,08:50,08:35,08:57,08:58,09:05,00:30,00:23,DELAY,ONTIME,ONTIME,ONTIME,,93,00:08,,,,,08:35,08:55,,,HAN,DAD,UIH,Domestic,VJ,,,,,,,,,,,,
,2026-06-24,____/VJ505,A203,A321,HAN-DAD,,09:05,,09:05,,09:04,09:05,09:10,,,ONTIME,ONTIME,ONTIME,,,,,,,,,08:20,09:00,,,HAN,HAN,DAD,Domestic,VJ,,,,,,,,,,,,
,2026-06-24,VJ514/VJ563,A648,A321,DAD-HAN-HUI,08:50,09:20,08:50,09:20,08:53,09:19,09:20,09:28,00:30,00:27,ONTIME,ONTIME,ONTIME,ONTIME,,,,,,,,08:53,09:16,,,HAN,DAD,HUI,Domestic,VJ,,,,,,,,,,,,
,2026-06-24,____/VJ915,A528,A321,HAN-SIN,,09:35,,09:35,,09:34,09:35,09:38,,,ONTIME,ONTIME,ONTIME,,,,,,,,,08:25,09:32,,,HAN,HAN,SIN,International,VJ,,,,,,,,,,,,
,2026-06-24,____/VJ1773,A529,A321,HAN-CXR,,10:00,,10:00,,09:58,09:59,10:10,,,EARLY,ONTIME,ONTIME,,,,,,,,,09:15,09:55,,,HAN,HAN,CXR,Domestic,VJ,,,,,,,,,,,,
,2026-06-24,VJ126/VJ131,A670,A321,SGN-HAN-SGN,09:40,10:10,09:40,10:10,09:35,10:06,10:08,10:15,00:30,00:33,EARLY,ONTIME,ONTIME,ONTIME,,,,,,,,09:35,10:04,,,HAN,SGN,SGN,Domestic,VJ,,,,,,,,,,,,
,2026-06-24,____/VJ135,A535,A321,HAN-SGN,,10:10,,10:10,,10:07,10:08,10:13,,,EARLY,ONTIME,ONTIME,,,,,,,,,09:20,10:03,,,HAN,HAN,SGN,Domestic,VJ,,,,,,,,,,,,
,2026-06-24,VJ532/VJ425,A647,A321,DAD-HAN-PXU,09:45,10:20,09:45,10:20,09:35,10:14,10:15,10:29,00:35,00:40,EARLY,ONTIME,ONTIME,ONTIME,,,,,,,,09:35,10:10,,,HAN,DAD,PXU,Domestic,VJ,,,,,,,,,,,,
,2026-06-24,VJ430/VJ437,A663,A320,UIH-HAN-UIH,09:50,10:25,09:50,10:25,09:55,10:21,10:22,10:30,00:35,00:27,EARLY,ONTIME,ONTIME,ONTIME,,,,,,,,09:50,10:19,,LATE TAKEOFF DUE TO ATC,HAN,UIH,UIH,Domestic,VJ,,,,,,,,,,,,
,2026-06-24,VJ492/VJ493,A684,A321,BMV-HAN-BMV,10:00,10:30,10:00,11:00,10:25,10:44,10:45,10:57,01:00,00:20,EARLY,ONTIME,DELAY,DELAY,,,,,,,,10:20,10:42,,,HAN,BMV,BMV,Domestic,VJ,,,,,,,,,,,,
,2026-06-24,VJ770/VJ463,A672,A320,CXR-HAN-VCA,09:55,10:35,09:55,10:35,10:10,10:34,10:35,10:43,00:40,00:25,ONTIME,ONTIME,ONTIME,ONTIME,,,,,,,,10:10,10:30,,,HAN,CXR,VCA,Domestic,VJ,,,,,,,,,,,,
,2026-06-24,VJ524/VJ507,A649,A321,DAD-HAN-DAD,10:40,11:10,10:40,11:10,11:00,11:29,11:30,11:32,00:30,00:30,DELAY,DELAY,DELAY,DELAY,,93,00:20,,,,,11:00,11:27,,,HAN,DAD,DAD,Domestic,VJ,,,,,,,,,,,,
,2026-06-24,VJ156/VJ901,A500,A321,SGN-HAN-BKK,09:00,11:10,09:00,11:10,09:04,11:02,11:03,11:13,02:10,01:59,EARLY,ONTIME,ONTIME,ONTIME,,,,,,,,10:25,11:00,,,HAN,SGN,BKK,International,VJ,,,,,,,,,,,,
,2026-06-24,VJ963/VJ133,A547,A321,ICN-HAN-SGN,08:55,11:20,08:55,11:20,08:35,11:13,11:14,11:23,02:25,02:39,EARLY,ONTIME,ONTIME,ONTIME,,,,,,,,10:30,11:10,,,HAN,ICN,SGN,Domestic,VJ,,,,,,,,,,,,
,2026-06-24,VJ130/VJ565,A687,A321,SGN-HAN-HUI,10:50,11:30,10:50,11:30,10:53,11:34,11:35,11:41,00:40,00:42,DELAY,ONTIME,ONTIME,ONTIME,,15A,00:05,,,,,10:53,11:30,,OFFLOAD 8PAX 2BAG,HAN,SGN,HUI,Domestic,VJ,,,,,,,,,,,,
,2026-06-24,VJ422/VJ451,A656,A320,PXU-HAN-PQC,10:50,11:45,10:50,11:45,10:50,11:39,11:40,11:43,00:55,00:50,EARLY,ONTIME,ONTIME,ONTIME,,,,,,,,11:00,11:35,,,HAN,PXU,PQC,Domestic,VJ,,,,,,,,,,,,
,2026-06-24,VJ122/VJ775,A536,A321,SGN-HAN-CXR,09:05,11:45,09:05,11:45,09:20,11:41,11:42,11:51,02:40,02:22,EARLY,ONTIME,ONTIME,ONTIME,,,,,,,,10:50,11:39,,,HAN,SGN,CXR,Domestic,VJ,,,,,,,,,,,,
,2026-06-24,VJ450/VJ1453,A675,A320,PQC-HAN-PQC,11:15,11:55,11:15,11:55,11:35,11:59,12:00,12:08,00:40,00:25,DELAY,ONTIME,ONTIME,DELAY,,93,00:05,,,,,11:30,11:56,,,HAN,PQC,PQC,Domestic,VJ,,,,,,,,,,,,
,2026-06-24,VJ462/VJ515,A674,A321,VCA-HAN-DAD,11:40,12:10,11:40,12:10,11:55,12:24,12:25,12:25,00:30,00:30,DELAY,ONTIME,ONTIME,ONTIME,,93,00:15,,,,,11:55,12:22,,,HAN,VCA,DAD,Domestic,VJ,,,,,,,,,,,,
,2026-06-24,VJ128/VJ137,A668,A320,SGN-HAN-SGN,11:50,12:35,11:50,12:35,12:20,12:49,12:50,13:02,00:45,00:30,DELAY,ONTIME,DELAY,DELAY,,93,00:10,66,00:05,,,12:20,12:45,,CREW OB 1226,HAN,SGN,SGN,Domestic,VJ,,,,,,,,,,,,
,2026-06-24,VJ506/VJ453,A203,A321,DAD-HAN-PQC,12:15,13:00,12:15,13:00,13:00,13:21,13:22,13:40,00:45,00:22,DELAY,DELAY,DELAY,DELAY,,93,00:22,,,,,12:55,13:20,,,HAN,DAD,PQC,Domestic,VJ,,,,,,,,,,,,
,2026-06-24,VJ1772/VJ509,A554,A321,CXR-HAN-DAD,11:15,13:05,11:15,13:05,12:15,13:04,13:05,13:10,01:50,00:50,ONTIME,ONTIME,ONTIME,DELAY,,,,,,,,12:20,13:01,,,HAN,CXR,DAD,Domestic,VJ,,,,,,,,,,,,
,2026-06-24,VJ448/VJ787,A634,A321,PQC-HAN-CXR,10:15,13:10,10:15,13:10,10:13,13:07,13:08,13:15,02:55,02:55,EARLY,ONTIME,ONTIME,ONTIME,,,,,,,,12:20,12:05,,,HAN,PQC,CXR,Domestic,VJ,,,,,,,,,,,,
,2026-06-24,VJ981/VJ948,A683,A321,PUS-HAN-RMQ,10:40,13:30,10:40,13:30,10:30,13:26,13:27,13:35,02:50,02:57,EARLY,ONTIME,ONTIME,ONTIME,,,,,,,,12:55,13:25,,,HAN,PUS,RMQ,International,VJ,,,,,,,,,,,,
,2026-06-24,VJ564/VJ441,A648,A321,HUI-HAN-PQC,12:20,14:00,12:20,14:00,12:50,13:51,13:52,13:54,01:40,01:02,EARLY,ONTIME,ONTIME,DELAY,,,,,,,,13:15,13:50,,,HAN,HUI,PQC,Domestic,VJ,,,,,,,,,,,,
,2026-06-24,VJ939/VJ191,A200,A321,KIX-HAN-SGN,12:20,14:00,12:20,14:00,12:08,13:56,13:57,14:02,01:40,01:49,EARLY,ONTIME,ONTIME,ONTIME,,,,,,,,13:35,13:54,,,HAN,KIX,SGN,Domestic,VJ,,,,,,,,,,,,
,2026-06-24,VJ198/VJ525,A644,A321,SGN-HAN-DAD,12:40,14:05,12:40,14:05,13:05,14:04,14:05,14:12,01:25,01:00,ONTIME,ONTIME,ONTIME,DELAY,,,,,,,,13:15,14:00,,,HAN,SGN,DAD,Domestic,VJ,,,,,,,,,,,,
,2026-06-24,VJ440/VJ143,A667,A321,PQC-HAN-SGN,13:30,14:10,13:30,14:10,13:35,14:09,14:10,14:18,00:40,00:35,ONTIME,ONTIME,ONTIME,ONTIME,,,,,,,,13:25,14:06,,,HAN,PQC,SGN,Domestic,VJ,,,,,,,,,,,,
,2026-06-24,VJ134/VJ149,A658,A320,SGN-HAN-SGN,13:30,14:15,13:30,14:40,14:10,14:39,14:40,14:45,01:10,00:30,ONTIME,ONTIME,DELAY,DELAY,,,,,,,,14:10,14:36,,,HAN,SGN,SGN,Domestic,VJ,,,,,,,,,,,,
,2026-06-24,VJ921/VJ942,A521,A321,NGO-HAN-TPE,12:50,14:25,12:50,14:25,12:40,14:24,14:25,14:33,01:35,01:45,ONTIME,ONTIME,ONTIME,ONTIME,,,,,,,,13:40,14:20,,,HAN,NGO,TPE,International,VJ,,,,,,,,,,,,
,2026-06-24,VJ933/VJ946,A538,A321,NRT-HAN-KHH,13:05,14:35,13:05,14:35,13:20,14:31,14:32,14:34,01:30,01:12,EARLY,ONTIME,ONTIME,ONTIME,,,,,,,,13:30,14:29,,,HAN,NRT,KHH,International,VJ,,,,,,,,,,,,
,2026-06-24,VJ961/VJ145,A636,A321,ICN-HAN-SGN,13:35,14:40,13:35,14:40,13:30,14:44,14:45,14:52,01:05,01:15,DELAY,ONTIME,ONTIME,ONTIME,,,,99,00:05,,,13:55,14:45,,LATE ACCEPT 5 PAX 3 BAGS,HAN,ICN,SGN,Domestic,VJ,,,,,,,,,,,,
,2026-06-24,VJ1504/VJ467,A698,A321,DAD-HAN-VCA,14:00,14:40,14:00,14:40,14:15,14:44,14:45,14:55,00:40,00:30,DELAY,ONTIME,ONTIME,ONTIME,,93,00:05,,,,,14:15,14:42,,,HAN,DAD,VCA,Domestic,VJ,,,,,,,,,,,,
,2026-06-24,VJ432/VJ433,A669,A320,UIH-HAN-UIH,12:35,14:40,12:35,14:40,12:48,14:35,14:36,14:55,02:05,01:48,EARLY,ONTIME,ONTIME,ONTIME,,,,,,,,13:50,14:32,,,HAN,UIH,UIH,Domestic,VJ,,,,,,,,,,,,
,2026-06-24,VJ426/VJ1505,A647,A321,PXU-HAN-DAD,14:05,14:45,14:05,14:45,14:05,14:44,14:45,14:54,00:40,00:40,ONTIME,ONTIME,ONTIME,ONTIME,,,,,,,,14:05,14:40,,,HAN,PXU,DAD,Domestic,VJ,,,,,,,,,,,,
,2026-06-24,VJ510/VJ511,A643,A321,DAD-HAN-DAD,14:35,15:05,14:35,15:05,14:55,15:29,15:30,15:35,00:30,00:35,DELAY,DELAY,DELAY,DELAY,,93,00:20,15A,00:05,,,14:55,15:26,,OFFLOAD 7PAX 4BAG,HAN,DAD,DAD,Domestic,VJ,,,,,,,,,,,,
,2026-06-24,VJ436/VJ423,A663,A320,UIH-HAN-PXU,14:10,15:05,14:10,15:05,14:25,14:59,15:00,15:10,00:55,00:35,EARLY,ONTIME,ONTIME,ONTIME,,,,,,,,14:25,14:57,,,HAN,UIH,PXU,Domestic,VJ,,,,,,,,,,,,
,2026-06-24,VJ136/VJ1451,A522,A321,SGN-HAN-PQC,14:10,15:10,14:10,15:45,15:10,15:44,15:45,15:55,01:35,00:35,ONTIME,ONTIME,DELAY,DELAY,,,,,,,,15:05,15:42,,,HAN,SGN,PQC,Domestic,VJ,,,,,,,,,,,,
,2026-06-24,VJ1774/VJ419,A529,A321,CXR-HAN-TBB,14:20,15:10,14:20,15:10,15:00,15:24,15:25,15:25,00:50,00:25,DELAY,ONTIME,ONTIME,DELAY,,93,00:15,,,,,15:00,15:20,,,HAN,CXR,TBB,Domestic,VJ,,,,,,,,,,,,
,2026-06-24,VJ7707/VJ7707,A553,A321,KHV-HAN-CXR,14:25,14:55,14:25,15:55,16:00,16:21,16:22,16:25,01:30,00:22,DELAY,DELAY,DELAY,DELAY,,93,00:27,,,,,,,X,,HAN,KHV,CXR,Domestic,VJ,,,,,,,,,,,,
,2026-06-24,VJ138/VJ147,A551,A321,SGN-HAN-SGN,15:15,15:45,15:15,15:45,15:40,16:09,16:10,16:15,00:30,00:30,DELAY,DELAY,DELAY,DELAY,,93,00:25,,,,,15:40,16:07,,,HAN,SGN,SGN,Domestic,VJ,,,,,,,,,,,,
,2026-06-24,VJ906/VJ903,A662,A320,KUL-HAN-BKK,14:40,15:45,14:40,15:45,15:00,15:39,15:40,15:45,01:05,00:40,EARLY,ONTIME,ONTIME,DELAY,,,,,,,,15:15,15:37,,,HAN,KUL,BKK,International,VJ,,,,,,,,,,,,
,2026-06-24,VJ494/VJ567,A684,A321,BMV-HAN-HUI,14:30,15:55,14:30,15:55,15:05,15:53,15:54,16:02,01:25,00:49,EARLY,ONTIME,ONTIME,DELAY,,,,,,,,15:05,15:51,,,HAN,BMV,HUI,Domestic,VJ,,,,,,,,,,,,
,2026-06-24,VJ566/VJ773,A687,A321,HUI-HAN-CXR,14:30,16:00,14:30,16:00,14:45,15:54,15:55,16:05,01:30,01:10,EARLY,ONTIME,ONTIME,ONTIME,,,,,,,,15:10,15:52,,,HAN,HUI,CXR,Domestic,VJ,,,,,,,,,,,,
,2026-06-24,VJ464/VJ439,A672,A320,VCA-HAN-UIH,15:30,16:05,15:30,16:30,16:15,16:39,16:40,16:48,01:00,00:25,DELAY,ONTIME,DELAY,DELAY,,93,00:10,,,,,16:10,16:37,,,HAN,VCA,UIH,Domestic,VJ,,,,,,,,,,,,
,2026-06-24,VJ142/VJ193,A550,A321,SGN-HAN-SGN,15:30,16:30,15:30,16:30,15:45,16:29,16:30,16:43,01:00,00:45,ONTIME,ONTIME,ONTIME,ONTIME,,,,,,,,15:45,16:27,,,HAN,SGN,SGN,Domestic,VJ,,,,,,,,,,,,
,2026-06-24,VJ772/VJ513,A536,A321,CXR-HAN-DAD,15:55,16:35,15:55,16:35,16:25,16:54,16:55,17:05,00:40,00:30,DELAY,DELAY,DELAY,DELAY,,93,00:20,,,,,16:20,16:52,,,HAN,CXR,DAD,Domestic,VJ,,,,,,,,,,,,
,2026-06-24,VJ140/VJ151,A655,A320,SGN-HAN-SGN,16:20,16:50,16:20,16:50,16:30,16:54,16:55,17:05,00:30,00:25,DELAY,ONTIME,ONTIME,ONTIME,,93,00:05,,,,,16:30,16:52,,,HAN,SGN,SGN,Domestic,VJ,,,,,,,,,,,,
,2026-06-24,VJ452/VJ465,A578,A321,PQC-HAN-VCA,16:05,17:00,16:05,17:00,16:45,17:10,17:11,17:15,00:55,00:26,DELAY,ONTIME,ONTIME,DELAY,,93,00:11,,,,,16:45,17:08,,,HAN,PQC,VCA,Domestic,VJ,,,,,,,,,,,,
,2026-06-24,VJ1454/VJ495,A675,A320,PQC-HAN-BMV,16:40,17:30,16:40,17:30,17:05,17:29,17:30,17:36,00:50,00:25,ONTIME,ONTIME,ONTIME,DELAY,,,,,,,,16:55,17:28,,,HAN,PQC,BMV,Domestic,VJ,,,,,,,,,,,,
,2026-06-24,VJ508/VJ141,A674,A321,DAD-HAN-SGN,15:25,17:35,15:25,17:35,16:10,17:32,17:33,17:40,02:10,01:23,EARLY,ONTIME,ONTIME,DELAY,,,,,,,,16:50,17:30,,,HAN,DAD,SGN,Domestic,VJ,,,,,,,,,,,,
,2026-06-24,VJ454/VJ1431,A656,A320,PQC-HAN-UIH,16:45,17:40,16:45,17:40,16:50,17:35,17:36,17:40,00:55,00:46,EARLY,ONTIME,ONTIME,ONTIME,,,,,,,,16:50,17:33,,,HAN,PQC,UIH,Domestic,VJ,,,,,,,,,,,,
,2026-06-24,VJ530/VJ517,A554,A321,DAD-HAN-DAD,16:15,17:45,16:15,17:45,16:50,17:43,17:44,17:50,01:30,00:54,EARLY,ONTIME,ONTIME,DELAY,,,,,,,,17:00,17:42,,,HAN,DAD,DAD,Domestic,VJ,,,,,,,,,,,,
,2026-06-24,VJ902/VJ153,A500,A321,BKK-HAN-SGN,15:50,18:05,15:50,18:05,16:10,18:01,18:02,18:19,02:15,01:52,EARLY,ONTIME,ONTIME,DELAY,,,,,,,,17:40,17:59,,,HAN,BKK,SGN,Domestic,VJ,,,,,,,,,,,,
,2026-06-24,VJ774/VJ781,A634,A321,CXR-HAN-CXR,17:15,18:15,17:15,18:15,17:50,18:19,18:20,18:28,01:00,00:30,DELAY,ONTIME,ONTIME,DELAY,,93,00:05,,,,,17:40,18:16,,,HAN,CXR,CXR,Domestic,VJ,,,,,,,,,,,,
,2026-06-24,VJ528/VJ521,A644,A321,DAD-HAN-DAD,17:25,18:45,17:25,18:45,17:40,18:44,18:45,18:52,01:20,01:05,ONTIME,ONTIME,ONTIME,ONTIME,,,,,,,,18:00,18:42,,,HAN,DAD,DAD,Domestic,VJ,,,,,,,,,,,,
,2026-06-24,VJ144/VJ789,A640,A321,SGN-HAN-CXR,18:05,18:45,18:05,18:45,18:10,18:39,18:40,18:48,00:40,00:30,EARLY,ONTIME,ONTIME,ONTIME,,,,,,,,18:10,18:37,,,HAN,SGN,CXR,Domestic,VJ,,,,,,,,,,,,
,2026-06-24,VJ148/VJ155,A668,A320,SGN-HAN-SGN,18:25,18:55,18:25,18:55,18:35,18:54,18:55,19:09,00:30,00:20,ONTIME,ONTIME,ONTIME,ONTIME,,,,,,,,18:30,18:52,,,HAN,SGN,SGN,Domestic,VJ,,,,,,,,,,,,
,2026-06-24,VJ456/VJ561,A203,A321,PQC-HAN-HUI,17:45,19:15,17:45,19:15,18:25,19:14,19:15,19:25,01:30,00:50,ONTIME,ONTIME,ONTIME,DELAY,,,,,,,,18:25,19:12,,,HAN,PQC,HUI,Domestic,VJ,,,,,,,,,,,,
,2026-06-24,VJ512/VJ519,A643,A321,DAD-HAN-DAD,18:15,19:25,18:15,19:25,18:55,19:24,19:25,19:35,01:10,00:30,ONTIME,ONTIME,ONTIME,DELAY,,,,,,,,18:55,19:22,,,HAN,DAD,DAD,Domestic,VJ,,,,,,,,,,,,
,2026-06-24,VJ146/VJ157,A667,A321,SGN-HAN-SGN,19:05,19:45,19:05,19:45,19:20,19:49,19:50,20:00,00:40,00:30,DELAY,ONTIME,ONTIME,ONTIME,,93,00:05,,,,,19:20,19:47,,,HAN,SGN,SGN,Domestic,VJ,,,,,,,,,,,,
,2026-06-24,VJ568/VJ523,A522,A321,HUI-HAN-DAD,18:55,19:45,18:55,19:45,19:05,19:44,19:45,19:51,00:50,00:40,ONTIME,ONTIME,ONTIME,ONTIME,,,,,,,,19:00,19:42,,,HAN,HUI,DAD,Domestic,VJ,,,,,,,,,,,,
,2026-06-24,VJ442/VJ1127,A648,A321,PQC-HAN-SGN,19:05,19:50,19:05,19:50,19:05,19:47,19:48,19:54,00:45,00:43,EARLY,ONTIME,ONTIME,ONTIME,,,,,,,,19:20,19:45,,,HAN,PQC,SGN,Domestic,VJ,,,,,,,,,,,,
,2026-06-24,VJ434/VJ7712,A669,A320,UIH-HAN-PKX,18:30,19:55,18:30,19:55,18:45,19:42,19:43,20:05,01:25,00:58,EARLY,ONTIME,ONTIME,ONTIME,,,,,,,,19:00,19:40,,,HAN,UIH,PKX,International,VJ,,,,,,,,,,,,
,2026-06-24,VJ424/VJ1785,A663,A320,PXU-HAN-CXR,18:45,20:00,18:45,20:00,18:55,19:56,19:57,20:15,01:15,01:02,EARLY,ONTIME,ONTIME,ONTIME,,,,,,,,19:10,19:54,,,HAN,PXU,CXR,Domestic,VJ,,,,,,,,,,,,
,2026-06-24,VJ916/VJ907,A528,A321,SIN-HAN-BOM,17:25,20:05,17:25,20:05,17:15,19:59,20:00,20:30,02:40,02:45,EARLY,ONTIME,DELAY,ONTIME,,,,,,,,19:25,19:57,,LATE PUSHBACK DUE TO ATC,HAN,SIN,BOM,International,VJ,,,,,,,,,,,,
,2026-06-24,VJ420/VJ455,A529,A321,TBB-HAN-PQC,19:15,20:05,19:15,20:05,19:35,20:04,20:05,20:35,00:50,00:30,ONTIME,ONTIME,DELAY,DELAY,,,,,,,,19:35,20:02,,LATE PUSHBACK DUE TO ATC,HAN,TBB,PQC,Domestic,VJ,,,,,,,,,,,,
,2026-06-24,VJ152/VJ159,A650,A320,SGN-HAN-SGN,19:20,20:10,19:20,20:10,19:45,20:09,20:10,20:37,00:50,00:25,ONTIME,ONTIME,DELAY,DELAY,,,,,,,,19:50,20:06,,,HAN,SGN,SGN,Domestic,VJ,,,,,,,,,,,,
,2026-06-24,_____/VJ783,A632,A321,HAN-CXR,,20:30,,20:30,,20:29,20:30,20:45,,,ONTIME,ONTIME,ONTIME,,,,,,,,,19:42,20:28,,,HAN,HAN,CXR,Domestic,,,,,,,,,,,,,
,2026-06-24,VJ194/VJ161,A200,A321,SGN-HAN-SGN,19:20,20:55,19:20,20:55,19:15,21:03,21:05,21:05,01:35,01:50,DELAY,ONTIME,ONTIME,ONTIME,,99,00:10,,,,,20:15,21:02,,CAPT REQ MORE FUEL,HAN,SGN,SGN,Domestic,VJ,,,,,,,,,,,,
,2026-06-24,VJ904/VJ7238,A662,A320,BKK-HAN-PVG,20:25,21:15,20:25,21:15,20:40,21:14,21:15,21:25,00:50,00:35,ONTIME,ONTIME,ONTIME,ONTIME,,,,,,,,20:50,21:12,,,HAN,BKK,PVG,International,VJ,,,,,,,,,,,,
,2026-06-24,VJ154/VJ163,A651,A321,SGN-HAN-SGN,20:55,21:25,20:55,21:25,21:10,21:38,21:39,21:40,00:30,00:29,DELAY,ONTIME,ONTIME,ONTIME,,93,00:14,,,,,21:10,21:36,,,HAN,SGN,SGN,Domestic,VJ,,,,,,,,,,,,
,2026-06-24,VJ520/VJ527,A630,A321,DAD-HAN-DAD,20:55,21:25,20:55,21:25,20:55,21:24,21:25,21:34,00:30,00:30,ONTIME,ONTIME,ONTIME,ONTIME,,,,,,,,20:55,21:22,,,HAN,DAD,DAD,Domestic,VJ,,,,,,,,,,,,
,2026-06-24,VJ468/VJ7526,A698,A321,VCA-HAN-CAN,19:50,22:30,19:50,22:30,20:05,22:24,22:25,22:28,02:40,02:20,EARLY,ONTIME,ONTIME,ONTIME,,,,,,,,21:50,22:20,,,HAN,VCA,CAN,International,VJ,,,,,,,,,,,,
,2026-06-24,VJ522/VJ529,A643,A321,DAD-HAN-DAD,22:05,22:35,22:35,23:50,23:30,23:58,1904-01-02,00:02,01:15,00:30,DELAY,ONTIME,DELAY,DELAY,,93,00:10,,,,,23:30,23:56,,,HAN,DAD,DAD,Domestic,VJ,,,,,,,,,,,,
,2026-06-24,VJ947/VJ167,A538,A321,KHH-HAN-SGN,20:35,22:45,20:35,22:45,20:45,22:39,22:40,22:45,02:10,01:55,EARLY,ONTIME,ONTIME,ONTIME,,,,,,,,21:50,22:37,,,HAN,KHH,SGN,Domestic,VJ,,,,,,,,,,,,
,2026-06-24,VJ562/VJ533,A203,A321,HUI-HAN-DAD,22:15,23:05,22:15,23:05,22:35,23:03,23:04,23:10,00:50,00:29,EARLY,ONTIME,ONTIME,DELAY,,,,,,,,22:35,23:02,,,HAN,HUI,DAD,Domestic,VJ,,,,,,,,,,,,
,2026-06-24,VJ776/VJ962,A524,A321,CXR-HAN-ICN,20:10,23:15,20:10,23:15,21:00,23:14,23:15,23:20,03:05,02:15,ONTIME,ONTIME,ONTIME,DELAY,,,,,,,,22:30,23:12,,,HAN,CXR,ICN,International,VJ,,,,,,,,,,,,
,2026-06-25,VJ7704/VJ7704,A553,A321,CXR-HAN-VVO,00:00,00:20,00:00,00:20,00:00,00:29,00:30,00:35,00:20,00:30,DELAY,ONTIME,ONTIME,ONTIME,,93,00:10,,,,,,,X,,HAN,CXR,VVO,International,VJ,,,,,,,,,,,,
,2026-06-25,VJ7660/VJ7660,A554,A321,DAD-HAN-KHV,23:50,00:25,23:50,00:25,00:05,00:34,00:35,00:40,00:35,00:30,DELAY,ONTIME,ONTIME,ONTIME,,93,00:10,,,,,,,X,,HAN,DAD,KHV,International,VJ,,,,,,,,,,,,
,2026-06-25,____/VJ932,A578,A321,HAN-NRT,,00:30,,00:30,,00:27,00:28,00:30,,,EARLY,ONTIME,ONTIME,,,,,,,,,23:45,00:25,,,HAN,HAN,NRT,International,VJ,,,,,,,,,,,,
,2026-06-25,____/VJ938,A521,A321,HAN-KIX,,01:20,,01:20,,01:14,01:15,01:17,,,EARLY,ONTIME,ONTIME,,,,,,,,,00:25,01:13,,,HAN,HAN,KIX,International,VJ,,,,,,,,,,,,
,2026-06-25,____/VJ960,A552,A321,HAN-ICN,,01:40,,01:40,,01:38,01:39,01:40,,,EARLY,ONTIME,ONTIME,,,,,,,,,00:45,01:35,,,HAN,HAN,ICN,International,VJ,,,,,,,,,,,,
,2026-06-25,____/VJ958,A648,A321,HAN-FUK,,02:05,,02:05,,01:56,01:57,01:59,,,EARLY,ONTIME,ONTIME,,,,,,,,,01:15,01:55,,,HAN,HAN,FUK,International,VJ,,,,,,,,,,,,
,2026-06-25,____/VJ1980,A671,A320,HAN-FSZ,,02:40,,02:40,,02:25,02:26,02:30,,,EARLY,ONTIME,ONTIME,,,,,,,,,01:45,02:10,,,HAN,HAN,FSZ,International,VJ,,,,,,,,,,,,
,2026-06-25,____/VJ123,A675,A320,HAN-SGN,,05:30,,05:30,,05:24,05:25,05:30,,,EARLY,ONTIME,ONTIME,,,,,,,,,04:35,05:22,,,HAN,HAN,SGN,Domestic,VJ,,,,,,,,,,,,
,2026-06-25,____/VJ445,A684,A321,HAN-PQC,,05:30,,05:30,,05:21,05:22,05:26,,,EARLY,ONTIME,ONTIME,,,,,,,,,04:45,05:20,,,HAN,HAN,PQC,Domestic,VJ,,,,,,,,,,,,
,2026-06-25,VJ534/VJ501,A203,A321,DAD-HAN-DAD,02:20,05:40,02:20,05:40,02:15,05:34,05:35,05:39,03:20,03:20,EARLY,ONTIME,ONTIME,ONTIME,,,,,,,,04:50,05:32,,,HAN,DAD,DAD,Domestic,VJ,,,,,,,,,,,,
,2026-06-25,____/VJ771,A666,A320,HAN-CXR,,05:45,,05:45,,05:39,05:40,05:48,,,EARLY,ONTIME,ONTIME,,,,,,,,,05:00,05:38,,,HAN,HAN,CXR,Domestic,VJ,,,,,,,,,,,,
,2026-06-25,____/VJ491,A632,A321,HAN-BMV,,06:00,,06:00,,05:54,05:55,06:05,,,EARLY,ONTIME,ONTIME,,,,,,,,,05:15,05:53,,,HAN,HAN,BMV,Domestic,VJ,,,,,,,,,,,,
,2026-06-25,____/VJ121,A683,A321,HAN-SGN,,06:00,,06:00,,05:53,05:54,05:56,,,EARLY,ONTIME,ONTIME,,,,,,,,,05:15,05:51,,,HAN,HAN,SGN,Domestic,VJ,,,,,,,,,,,,
,2026-06-25,____/VJ431,A656,A320,HAN-UIH,,06:05,,06:05,,05:59,06:00,06:10,,,EARLY,ONTIME,ONTIME,,,,,,,,,05:15,05:57,,,HAN,HAN,UIH,Domestic,VJ,,,,,,,,,,,,
,2026-06-25,VJ7713/VJ952,A669,A320,PKX-HAN-HIJ,03:55,06:15,03:55,06:15,04:05,06:09,06:10,06:13,02:20,02:05,EARLY,ONTIME,ONTIME,ONTIME,,,,,,,,05:24,06:06,,,HAN,PKX,HIJ,International,VJ,,,,,,,,,,,,
,2026-06-25,VJ7527/VJ531,A698,A321,CAN-HAN-DAD,03:05,06:30,03:05,06:30,03:25,06:24,06:25,06:35,03:25,03:00,EARLY,ONTIME,ONTIME,DELAY,,,,,,,,05:45,06:23,,,HAN,CAN,DAD,Domestic,VJ,,,,,,,,,,,,
,2026-06-25,____/VJ461,A636,A321,HAN-VCA,,06:45,,06:45,,06:38,06:39,06:42,,,EARLY,ONTIME,ONTIME,,,,,,,,,06:00,06:35,,,HAN,HAN,VCA,Domestic,VJ,,,,,,,,,,,,
,2026-06-25,____/VJ125,A667,A321,HAN-SGN,,07:00,,07:00,,06:54,06:55,07:08,,,EARLY,ONTIME,ONTIME,,,,,,,,,06:10,06:52,,,HAN,HAN,SGN,Domestic,VJ,,,,,,,,,,,,
,2026-06-25,____/VJ1771,A644,A321,HAN-CXR,,07:00,,07:00,,06:54,06:55,07:00,,,EARLY,ONTIME,ONTIME,,,,,,,,,06:20,06:52,,,HAN,HAN,CXR,Domestic,VJ,,,,,,,,,,,,
,2026-06-25,____/VJ421,A672,A320,HAN-PXU,,07:10,,07:10,,06:59,07:00,07:10,,,EARLY,ONTIME,ONTIME,,,,,,,,,06:20,06:57,,,HAN,HAN,PXU,Domestic,VJ,,,,,,,,,,,,
,2026-06-25,VJ502/VJ503,A630,A321,DAD-HAN-DAD,07:00,07:30,07:00,07:30,06:55,07:29,07:30,07:36,00:30,00:35,ONTIME,ONTIME,ONTIME,ONTIME,,,,,,,,06:55,07:28,,,HAN,DAD,DAD,Domestic,VJ,,,,,,,,,,,,
,2026-06-25,VJ120/VJ127,A668,A320,SGN-HAN-SGN,07:10,08:10,07:10,08:10,07:27,08:06,08:08,08:15,01:00,00:41,EARLY,ONTIME,ONTIME,DELAY,,,,,,,,07:27,08:04,,,HAN,SGN,SGN,Domestic,VJ,,,,,,,,,,,,
,2026-06-25,____/VJ929,A500,A321,HAN-CGK,,08:40,,08:40,,08:39,08:40,08:46,,,ONTIME,ONTIME,ONTIME,,,,,,,,,07:49,08:37,,,HAN,HAN,CGK,International,VJ,,,,,,,,,,,,
,2026-06-25,VJ124/VJ129,A651,A321,SGN-HAN-SGN,08:15,08:45,08:15,08:45,08:25,08:54,08:55,09:00,00:30,00:30,DELAY,ONTIME,ONTIME,ONTIME,,93,00:10,,,,,08:05,08:54,,,HAN,SGN,SGN,Domestic,VJ,,,,,,,,,,,,
,2026-06-25,____/VJ447,A536,A321,HAN-PQC,,08:45,,08:45,,08:44,08:45,08:50,,,ONTIME,ONTIME,ONTIME,,,,,,,,,08:00,08:42,,,HAN,HAN,PQC,Domestic,VJ,,,,,,,,,,,,
,2026-06-25,____/VJ435,A662,A320,HAN-UIH,,08:50,,08:50,,08:49,08:50,08:55,,,ONTIME,ONTIME,ONTIME,,,,,,,,,08:10,08:45,,,HAN,HAN,UIH,Domestic,VJ,,,,,,,,,,,,
,2026-06-25,VJ514/VJ563,A203,A321,DAD-HAN-HUI,08:50,09:20,08:50,09:20,08:55,09:24,09:25,09:30,00:30,00:30,DELAY,ONTIME,ONTIME,ONTIME,,93,00:05,,,,,08:45,09:22,,,HAN,DAD,HUI,Domestic,VJ,,,,,,,,,,,,
,2026-06-25,____/VJ915,A526,A321,HAN-SIN,,09:35,,09:35,,09:29,09:30,09:34,,,EARLY,ONTIME,ONTIME,,,,,,,,,08:57,09:25,,,HAN,HAN,SIN,International,VJ,,,,,,,,,,,,
,2026-06-25,____/VJ1773,A522,A321,HAN-CXR,,10:00,,10:00,,09:59,10:00,10:08,,,ONTIME,ONTIME,ONTIME,,,,,,,,,09:15,09:57,,,HAN,HAN,CXR,Domestic,VJ,,,,,,,,,,,,
,2026-06-25,VJ126/VJ131,A653,A321,SGN-HAN-SGN,09:40,10:10,09:40,10:10,09:55,10:24,10:25,10:35,00:30,00:30,DELAY,ONTIME,DELAY,ONTIME,,93,00:15,,,,,09:45,10:23,,,HAN,SGN,SGN,Domestic,VJ,,,,,,,,,,,,
,2026-06-25,____/VJ135,A634,A321,HAN-SGN,,10:10,,10:10,,10:09,10:10,10:20,,,ONTIME,ONTIME,ONTIME,,,,,,,,,09:22,10:05,,,HAN,HAN,SGN,Domestic,VJ,,,,,,,,,,,,
,2026-06-25,VJ430/VJ463,A656,A320,UIH-HAN-VCA,09:50,10:20,09:50,10:20,09:50,10:19,10:20,10:30,00:30,00:30,ONTIME,ONTIME,ONTIME,ONTIME,,,,,,,,09:51,10:17,,,HAN,UIH,VCA,Domestic,VJ,,,,,,,,,,,,
,2026-06-25,VJ532/VJ425,A698,A321,DAD-HAN-PXU,09:45,10:20,09:45,10:20,10:30,10:55,10:56,10:58,00:35,00:26,DELAY,DELAY,DELAY,DELAY,,93,00:36,,,,,10:20,10:54,,,HAN,DAD,PXU,Domestic,VJ,,,,,,,,,,,,
,2026-06-25,VJ910/VJ997,A528,A321,BOM-HAN-DPS,07:10,10:25,07:10,10:25,07:05,10:22,10:23,10:31,03:15,03:18,EARLY,ONTIME,ONTIME,ONTIME,,,,,,,,09:30,10:20,,,HAN,BOM,DPS,International,VJ,,,,,,,,,,,,
,2026-06-25,____/VJ437,A663,A320,HAN-UIH,,10:25,,10:25,,10:21,10:22,10:30,,,EARLY,ONTIME,ONTIME,,,,,,,,,09:36,10:20,,,HAN,HAN,UIH,Domestic,VJ,,,,,,,,,,,,
,2026-06-25,VJ492/VJ493,A632,A321,BMV-HAN-BMV,10:00,10:30,10:00,10:30,10:20,10:48,10:50,10:52,00:30,00:30,DELAY,DELAY,DELAY,DELAY,,93,00:20,,,,,10:10,10:45,,,HAN,BMV,BMV,Domestic,VJ,,,,,,,,,,,,
,2026-06-25,VJ770/VJ565,A666,A320,CXR-HAN-HUI,09:55,10:30,09:55,10:30,10:20,10:43,10:44,10:45,00:35,00:24,DELAY,ONTIME,ONTIME,DELAY,,93,00:14,,,,,10:10,10:42,,,HAN,CXR,HUI,Domestic,VJ,,,,,,,,,,,,
,2026-06-25,VJ524/VJ507,A630,A321,DAD-HAN-DAD,10:40,11:10,10:40,11:40,11:10,11:39,11:40,11:52,01:00,00:30,ONTIME,ONTIME,DELAY,DELAY,,,,,,,,11:10,11:38,,,HAN,DAD,DAD,Domestic,VJ,,,,,,,,,,,,
,2026-06-25,VJ963/VJ901,A524,A321,ICN-HAN-BKK,08:55,11:10,08:55,11:10,08:40,11:02,11:03,11:15,02:15,02:23,EARLY,ONTIME,ONTIME,ONTIME,,,,,,,,10:25,11:00,,,HAN,ICN,BKK,International,VJ,,,,,,,,,,,,
,2026-06-25,VJ448/VJ133,A684,A321,PQC-HAN-SGN,10:15,11:20,10:15,11:20,10:15,11:19,11:20,11:33,01:05,01:05,ONTIME,ONTIME,ONTIME,ONTIME,,,,,,,,10:35,11:17,,,HAN,PQC,SGN,Domestic,VJ,,,,,,,,,,,,
,2026-06-25,VJ422/VJ451,A672,A320,PXU-HAN-PQC,10:50,11:45,10:50,11:45,11:00,11:44,11:45,11:53,00:55,00:45,ONTIME,ONTIME,ONTIME,ONTIME,,,,,,,,10:52,11:42,,,HAN,PXU,PQC,Domestic,VJ,,,,,,,,,,,,
,2026-06-25,VJ1772/VJ1453,A644,A321,CXR-HAN-PQC,11:15,11:50,11:15,12:25,12:05,12:34,12:35,12:43,01:10,00:30,DELAY,ONTIME,DELAY,DELAY,,93,00:10,,,,,11:55,12:32,,,HAN,CXR,PQC,Domestic,VJ,,,,,,,,,,,,
,2026-06-25,VJ462/VJ515,A636,A321,VCA-HAN-DAD,11:40,12:10,11:40,12:10,11:55,12:29,12:30,12:34,00:30,00:35,DELAY,DELAY,DELAY,ONTIME,,93,00:15,15A,00:05,,,11:45,12:22,,DL15A OFFLD 4PAX & 2BAG,HAN,VCA,DAD,Domestic,VJ,,,,,,,,,,,,
,2026-06-25,VJ122/VJ137,A543,A321,SGN-HAN-SGN,09:05,12:20,09:05,12:20,09:20,12:19,12:20,12:30,03:15,03:00,ONTIME,ONTIME,ONTIME,ONTIME,,,,,,,,11:30,12:18,,,HAN,SGN,SGN,Domestic,VJ,,,,,,,,,,,,
,2026-06-25,VJ7705/VJ7705,A553,A321,VVO-HAN-CXR,12:20,12:50,12:20,12:50,12:18,12:42,12:43,12:56,00:30,00:25,EARLY,ONTIME,ONTIME,ONTIME,,,,,,,,,,,,HAN,VVO,CXR,Domestic,VJ,,,,,,,,,,,,
,2026-06-25,____/VJ453,A640,A321,HAN-PQC,,13:00,,13:00,,12:58,12:59,13:04,,,EARLY,ONTIME,ONTIME,,,,,,,,,12:10,12:56,,,HAN,HAN,PQC,Domestic,VJ,,,,,,,,,,,,
,2026-06-25,VJ130/VJ509,A689,A320,SGN-HAN-DAD,10:50,13:05,10:50,13:15,12:15,13:12,13:13,13:20,02:25,00:58,EARLY,ONTIME,ONTIME,DELAY,,,,,,,,12:25,13:10,,,HAN,SGN,DAD,Domestic,VJ,,,,,,,,,,,,
,2026-06-25,VJ564/VJ787,A203,A321,HUI-HAN-CXR,12:20,13:10,12:20,13:10,12:40,13:14,13:15,13:25,00:50,00:35,DELAY,ONTIME,ONTIME,DELAY,,66,00:05,,,,,12:40,13:13,,CREW OB 1246,HAN,HUI,CXR,Domestic,VJ,,,,,,,,,,,,
,2026-06-25,VJ504/VJ948,A547,A321,DAD-HAN-RMQ,10:20,13:30,10:20,13:30,10:50,13:34,13:35,13:39,03:10,02:45,DELAY,ONTIME,ONTIME,DELAY,,99,00:05,,,,,12:40,13:33,,DL99 LATE ACCEPT 2PAX & 4BAG,HAN,DAD,RMQ,International,VJ,,,,,,,,,,,,
,2026-06-25,VJ959/VJ441,A648,A321,FUK-HAN-PQC,11:25,14:00,11:25,14:00,11:15,13:51,13:52,13:54,02:35,02:37,EARLY,ONTIME,ONTIME,ONTIME,,,,,,,,13:15,13:47,,,HAN,FUK,PQC,Domestic,VJ,,,,,,,,,,,,
,2026-06-25,VJ432/VJ7316,A662,A320,UIH-HAN-ENH,12:35,14:00,12:35,14:00,12:55,13:59,14:00,14:05,01:25,01:05,ONTIME,ONTIME,ONTIME,DELAY,,,,,,,,13:15,13:57,,,HAN,UIH,ENH,International,VJ,,,,,,,,,,,,
,2026-06-25,VJ939/VJ525,A521,A321,KIX-HAN-DAD,12:20,14:05,12:20,14:05,12:30,14:01,14:02,14:12,01:45,01:32,EARLY,ONTIME,ONTIME,ONTIME,,,,,,,,13:15,14:00,,,HAN,KIX,DAD,Domestic,VJ,,,,,,,,,,,,
,2026-06-25,VJ566/VJ143,A666,A320,HUI-HAN-SGN,13:30,14:05,13:30,14:15,13:55,14:29,14:30,14:35,00:45,00:35,DELAY,ONTIME,DELAY,DELAY,,93,00:05,66,00:10,,,14:00,14:20,,CREW HN OB 1405,HAN,HUI,SGN,Domestic,VJ,,,,,,,,,,,,
,2026-06-25,VJ7661/VJ7661,A554,A321,KHV-HAN-DAD,13:45,14:15,13:45,14:15,13:33,14:34,14:35,14:41,00:30,01:02,DELAY,DELAY,DELAY,ONTIME,,63A,00:20,,,,,,,,,HAN,KHV,DAD,Domestic,VJ,,,,,,,,,,,,
,2026-06-25,VJ440/VJ942,A536,A321,PQC-HAN-TPE,13:30,14:25,13:30,14:25,13:55,14:44,14:45,14:48,00:55,00:50,DELAY,DELAY,DELAY,DELAY,,84,00:20,,,,,14:12,14:40,,CREW OB 1414/ DL84 CTOT 1458,HAN,PQC,TPE,International,VJ,,,,,,,,,,,,
,2026-06-25,VJ134/VJ467,A668,A320,SGN-HAN-VCA,13:30,14:30,13:30,14:30,14:05,14:29,14:30,14:41,01:00,00:25,ONTIME,ONTIME,ONTIME,DELAY,,,,,,,,14:01,14:23,,,HAN,SGN,VCA,Domestic,VJ,,,,,,,,,,,,
,2026-06-25,VJ1504/VJ1505,A670,A321,DAD-HAN-DAD,14:00,14:35,14:00,14:35,14:25,14:54,14:55,15:04,00:35,00:30,DELAY,DELAY,DELAY,DELAY,,93,00:05,,,,,14:15,14:52,,,HAN,DAD,DAD,Domestic,VJ,,,,,,,,,,,,
,2026-06-25,VJ933/VJ946,A578,A321,NRT-HAN-KHH,13:05,14:35,13:05,14:35,13:20,14:34,14:35,14:37,01:30,01:15,ONTIME,ONTIME,ONTIME,ONTIME,,,,,,,,13:45,14:32,,,HAN,NRT,KHH,International,VJ,,,,,,,,,,,,
,2026-06-25,VJ128/VJ145,A667,A321,SGN-HAN-SGN,11:50,14:40,11:50,14:40,12:50,14:39,14:40,14:47,02:50,01:50,ONTIME,ONTIME,ONTIME,DELAY,,,,,,,,14:00,14:37,,,HAN,SGN,SGN,Domestic,VJ,,,,,,,,,,,,
,2026-06-25,VJ510/VJ511,A630,A321,DAD-HAN-DAD,14:35,15:05,14:35,16:40,16:25,16:44,16:45,16:48,02:05,00:20,DELAY,ONTIME,DELAY,DELAY,,93,00:05,,,,,16:25,16:40,,,HAN,DAD,DAD,Domestic,VJ,,,,,,,,,,,,
,2026-06-25,VJ426/VJ1451,A698,A321,PXU-HAN-PQC,14:05,15:05,14:05,15:05,14:45,15:14,15:15,15:19,01:00,00:30,DELAY,ONTIME,ONTIME,DELAY,,93,00:10,,,,,14:45,15:12,,,HAN,PXU,PQC,Domestic,VJ,,,,,,,,,,,,
,2026-06-25,VJ1774/VJ423,A522,A321,CXR-HAN-PXU,14:20,15:05,14:20,15:05,14:30,14:59,15:00,15:10,00:45,00:30,EARLY,ONTIME,ONTIME,ONTIME,,,,,,,,14:25,14:57,,,HAN,CXR,PXU,Domestic,VJ,,,,,,,,,,,,
,2026-06-25,VJ961/VJ419,A552,A321,ICN-HAN-TBB,13:35,15:10,13:35,15:10,13:35,15:05,15:06,15:15,01:35,01:31,EARLY,ONTIME,ONTIME,ONTIME,,,,,,,,14:20,15:03,,,HAN,ICN,TBB,Domestic,VJ,,,,,,,,,,,,
,2026-06-25,VJ436/VJ439,A663,A320,UIH-HAN-UIH,14:10,15:40,14:10,15:40,14:10,15:55,15:56,16:04,01:30,01:46,DELAY,DELAY,DELAY,ONTIME,,,,63A,00:16,,,14:55,15:38,,FO SHOW UP 1555,HAN,UIH,UIH,Domestic,VJ,,,,,,,,,,,,
,2026-06-25,VJ138/VJ147,A676,A320,SGN-HAN-SGN,15:15,15:45,15:15,15:45,15:00,15:40,15:41,15:43,00:30,00:41,EARLY,ONTIME,ONTIME,ONTIME,,,,,,,,14:55,15:38,,,HAN,SGN,SGN,Domestic,VJ,,,,,,,,,,,,
,2026-06-25,VJ1981/VJ903,A671,A320,FSZ-HAN-BKK,14:00,15:45,14:00,15:45,14:10,15:44,15:45,15:50,01:45,01:35,ONTIME,ONTIME,ONTIME,ONTIME,,,,,,,,15:05,15:40,,,HAN,FSZ,BKK,International,VJ,,,,,,,,,,,,
,2026-06-25,VJ464/VJ567,A656,A320,VCA-HAN-HUI,15:10,15:55,15:10,15:55,15:18,16:04,16:05,16:10,00:45,00:47,DELAY,ONTIME,ONTIME,ONTIME,,15A,00:10,,,,,16:09,16:07,,OFFLOAD 8PAX/2PCS,HAN,VCA,HUI,Domestic,VJ,,,,,,,,,,,,
,2026-06-25,VJ136/VJ773,A683,A321,SGN-HAN-CXR,14:10,16:00,14:10,16:00,15:25,15:58,15:59,16:04,01:50,00:34,EARLY,ONTIME,ONTIME,DELAY,,,,,,,,15:25,15:55,,,HAN,SGN,CXR,Domestic,VJ,,,,,,,,,,,,
,2026-06-25,VJ494/VJ913,A632,A321,BMV-HAN-SAI,13:35,16:20,13:35,16:20,14:58,16:12,16:13,16:21,02:45,01:15,EARLY,ONTIME,ONTIME,DELAY,,,,,,,,15:35,16:10,,,HAN,BMV,SAI,International,VJ,,,,,,,,,,,,
,2026-06-25,VJ142/VJ151,A699,A320,SGN-HAN-SGN,15:30,16:50,15:30,16:50,15:35,16:49,16:50,16:56,01:20,01:15,ONTIME,ONTIME,ONTIME,ONTIME,,,,,,,,16:00,16:45,,,HAN,SGN,SGN,Domestic,VJ,,,,,,,,,,,,
,2026-06-25,VJ508/VJ465,A636,A321,DAD-HAN-VCA,16:15,17:00,16:15,17:00,16:40,16:59,17:00,17:07,00:45,00:20,ONTIME,ONTIME,ONTIME,DELAY,,,,,,,,16:15,16:57,,,HAN,DAD,VCA,Domestic,VJ,,,,,,,,,,,,
,2026-06-25,VJ902/VJ457,A524,A321,BKK-HAN-PQC,15:50,17:10,15:50,17:10,16:05,17:09,17:10,17:22,01:20,01:05,ONTIME,ONTIME,ONTIME,ONTIME,,,,,,,,16:25,17:05,,,HAN,BKK,PQC,Domestic,VJ,,,,,,,,,,,,
,2026-06-25,VJ953/VJ495,A669,A320,HIJ-HAN-BMV,16:10,17:30,16:10,17:30,16:20,17:29,17:30,17:35,01:20,01:10,ONTIME,ONTIME,ONTIME,ONTIME,,,,,,,,16:45,17:25,,,HAN,HIJ,BMV,Domestic,VJ,,,,,,,,,,,,
,2026-06-25,VJ1454/VJ141,A644,A321,PQC-HAN-SGN,16:35,17:35,16:35,18:15,18:00,18:32,18:33,18:35,01:40,00:33,DELAY,DELAY,DELAY,DELAY,,93,00:15,66,00:03,,,18:00,18:31,,CREW OB 1808,HAN,PQC,SGN,Domestic,VJ,,,,,,,,,,,,
,2026-06-25,VJ454/VJ1431,A672,A320,PQC-HAN-UIH,16:45,17:40,16:45,17:40,16:50,17:39,17:40,17:43,00:55,00:50,ONTIME,ONTIME,ONTIME,ONTIME,,,,,,,,16:50,17:37,,,HAN,PQC,UIH,Domestic,VJ,,,,,,,,,,,,
,2026-06-25,VJ140/VJ517,A684,A321,SGN-HAN-DAD,16:20,17:45,16:20,17:45,16:42,17:44,17:45,17:49,01:25,01:03,ONTIME,ONTIME,ONTIME,DELAY,,,,,,,,17:00,17:40,,,HAN,SGN,DAD,Domestic,VJ,,,,,,,,,,,,
,2026-06-25,VJ530/VJ153,A689,A320,DAD-HAN-SGN,16:15,18:05,16:15,18:05,16:40,18:04,18:05,18:20,01:50,01:25,ONTIME,ONTIME,ONTIME,DELAY,,,,,,,,17:25,18:01,,,HAN,DAD,SGN,Domestic,VJ,,,,,,,,,,,,
,2026-06-25,VJ456/VJ781,A640,A321,PQC-HAN-CXR,17:45,18:15,17:45,18:35,18:10,18:34,18:35,18:41,00:50,00:25,ONTIME,ONTIME,DELAY,DELAY,,,,,,,,17:55,18:32,,,HAN,PQC,CXR,Domestic,VJ,,,,,,,,,,,,
,2026-06-25,VJ512/VJ521,A630,A321,DAD-HAN-DAD,18:15,18:45,18:15,20:45,20:30,20:54,20:55,21:05,02:30,00:25,DELAY,ONTIME,DELAY,DELAY,,93,00:10,,,,,20:22,20:52,,,HAN,DAD,DAD,Domestic,VJ,,,,,,,,,,,,
,2026-06-25,VJ774/VJ789,A203,A321,CXR-HAN-CXR,17:15,18:45,17:15,18:45,18:05,18:49,18:50,19:00,01:30,00:45,DELAY,ONTIME,ONTIME,DELAY,,,,15,00:05,,,18:05,18:45,,,HAN,CXR,CXR,Domestic,VJ,,,,,,,,,,,,
,2026-06-25,VJ148/VJ155,A642,A321,SGN-HAN-SGN,18:25,18:55,18:25,19:30,19:05,19:33,19:35,19:40,01:05,00:30,DELAY,ONTIME,DELAY,DELAY,,93,00:05,,,,,18:58,19:30,,,HAN,SGN,SGN,Domestic,VJ,,,,,,,,,,,,
,2026-06-25,VJ528/VJ519,A521,A321,DAD-HAN-DAD,17:25,19:25,17:25,19:25,17:40,19:23,19:24,19:25,02:00,01:44,EARLY,ONTIME,ONTIME,ONTIME,,,,,,,,18:30,19:21,,,HAN,DAD,DAD,Domestic,VJ,,,,,,,,,,,,
,2026-06-25,VJ144/VJ1127,A538,A321,SGN-HAN-SGN,18:05,19:35,18:05,19:35,18:30,19:32,19:33,19:42,01:30,01:03,EARLY,ONTIME,ONTIME,DELAY,,,,,,,,19:00,19:30,,,HAN,SGN,SGN,Domestic,VJ,,,,,,,,,,,,
,2026-06-25,VJ916/VJ971,A526,A321,SIN-HAN-DEL,17:25,19:40,17:25,19:40,17:25,19:49,19:50,19:52,02:15,02:25,DELAY,ONTIME,ONTIME,ONTIME,,99,00:10,,,,,18:55,19:48,,LATE ACCEPT 14PAX 14 BAGS,HAN,SIN,DEL,International,VJ,,,,,,,,,,,,
,2026-06-25,VJ442/VJ561,A648,A321,PQC-HAN-HUI,19:05,19:40,19:05,19:40,19:00,19:37,19:38,19:45,00:35,00:38,EARLY,ONTIME,ONTIME,ONTIME,,,,,,,,19:00,19:34,,,HAN,PQC,HUI,Domestic,VJ,,,,,,,,,,,,
,2026-06-25,VJ928/VJ1925,A500,A321,CGK-HAN-AMD,18:15,19:45,18:15,19:45,18:22,19:49,19:50,20:00,01:30,01:28,DELAY,ONTIME,ONTIME,ONTIME,,,,99,00:05,,,19:00,19:40,,LATE ACCEPT 7 PAX 9 BAGS,HAN,CGK,AMD,International,VJ,,,,,,,,,,,,
,2026-06-25,VJ420/VJ523,A552,A321,TBB-HAN-DAD,19:15,19:45,19:15,19:45,19:20,19:49,19:50,20:00,00:30,00:30,DELAY,ONTIME,ONTIME,ONTIME,,93,00:05,,,,,19:20,19:47,,,HAN,TBB,DAD,Domestic,VJ,,,,,,,,,,,,
,2026-06-25,VJ568/VJ7712,A656,A320,HUI-HAN-PKX,18:55,19:55,18:55,19:55,19:40,20:19,20:20,20:25,01:00,00:40,DELAY,DELAY,DELAY,DELAY,,93,00:15,66,00:10,,,19:50,20:15,,CREW HN OB 1952,HAN,HUI,PKX,International,VJ,,,,,,,,,,,,
,2026-06-25,VJ438/VJ1785,A663,A320,UIH-HAN-CXR,19:25,20:00,19:25,20:30,20:20,20:39,20:40,20:45,01:05,00:20,DELAY,ONTIME,DELAY,DELAY,,93,00:10,,,,,20:15,20:37,,,HAN,UIH,CXR,Domestic,VJ,,,,,,,,,,,,
,2026-06-25,VJ152/VJ159,A639,A321,SGN-HAN-SGN,19:20,20:10,19:20,20:10,19:20,20:08,20:10,20:15,00:50,00:50,ONTIME,ONTIME,ONTIME,ONTIME,,,,,,,,19:20,20:05,,,HAN,SGN,SGN,Domestic,VJ,,,,,,,,,,,,
,2026-06-25,VJ1452/VJ783,A683,A321,PQC-HAN-CXR,19:50,20:25,19:50,20:40,20:20,20:44,20:45,20:56,00:50,00:25,DELAY,ONTIME,DELAY,DELAY,,93,00:05,,,,,20:20,20:40,,,HAN,PQC,CXR,Domestic,VJ,,,,,,,,,,,,
,2026-06-25,VJ146/VJ161,A666,A320,SGN-HAN-SGN,18:55,20:55,18:55,20:55,20:05,20:49,20:50,21:10,02:00,00:45,EARLY,ONTIME,ONTIME,DELAY,,,,,,,,20:05,20:47,,,HAN,SGN,SGN,Domestic,VJ,,,,,,,,,,,,
,2026-06-25,VJ7317/VJ7238,A662,A320,ENH-HAN-PVG,19:25,21:15,19:25,21:15,19:15,21:14,21:15,21:25,01:50,02:00,ONTIME,ONTIME,ONTIME,ONTIME,,,,,,,,20:40,21:12,,,HAN,ENH,PVG,International,VJ,,,,,,,,,,,,
,2026-06-25,VJ154/VJ163,A646,A321,SGN-HAN-SGN,20:55,21:25,20:55,21:25,21:05,21:34,21:35,21:50,00:30,00:30,DELAY,ONTIME,DELAY,ONTIME,,93,00:10,,,,,21:00,21:32,,,HAN,SGN,SGN,Domestic,VJ,,,,,,,,,,,,
,2026-06-25,VJ424/VJ527,A522,A321,PXU-HAN-DAD,18:45,21:25,18:45,21:25,18:45,21:24,21:25,21:35,02:40,02:40,ONTIME,ONTIME,ONTIME,ONTIME,,,,,,,,21:00,21:20,,,HAN,PXU,DAD,Domestic,VJ,,,,,,,,,,,,
,2026-06-25,VJ947/VJ7526,A578,A321,KHH-HAN-CAN,20:35,22:30,20:35,22:30,21:00,22:29,22:30,22:35,01:55,01:30,ONTIME,ONTIME,ONTIME,DELAY,,,,,,,,21:40,22:27,,,HAN,KHH,CAN,International,VJ,,,,,,,,,,,,
,2026-06-25,VJ518/VJ529,A635,A321,DAD-HAN-DAD,22:05,22:35,22:05,22:35,22:15,22:44,22:45,22:50,00:30,00:30,DELAY,ONTIME,ONTIME,ONTIME,,93,00:10,,,,,22:15,22:40,,,HAN,DAD,DAD,Domestic,VJ,,,,,,,,,,,,
,2026-06-25,VJ496/VJ533,A669,A320,BMV-HAN-DAD,21:30,23:05,21:30,23:05,21:25,22:55,22:56,22:58,01:35,01:31,EARLY,ONTIME,ONTIME,ONTIME,,,,,,,,22:25,22:52,,,HAN,BMV,DAD,Domestic,VJ,,,,,,,,,,,,
,2026-06-25,VJ778/VJ167,A203,A321,CXR-HAN-SGN,22:55,23:30,22:55,23:50,23:40,00:19,00:20,"1 day, 0:22:00",00:55,00:40,DELAY,DELAY,DELAY,DELAY,,93,00:20,66,00:10,,,23:48,00:15,,CREW OB 2348,HAN,CXR,SGN,Domestic,VJ,,,,,,,,,,,,
,2026-06-26,____/VJ932,A552,A321,HAN-NRT,,00:30,,00:30,,00:29,00:30,00:36,,,ONTIME,ONTIME,ONTIME,,,,,,,,,23:45,00:27,,,HAN,HAN,NRT,International,VJ,,,,,,,,,,,,
,2026-06-26,____/VJ982,A667,A321,HAN-PUS,,01:05,,01:05,,00:58,00:59,01:00,,,EARLY,ONTIME,ONTIME,,,,,,,,,00:20,00:55,,,HAN,HAN,PUS,International,VJ,,,,,,,,,,,,
,2026-06-26,VJ7614/VJ7614,A553,A321,HAN-BQS,00:40,01:15,00:40,01:15,00:50,01:24,01:25,01:30,00:35,00:35,DELAY,ONTIME,ONTIME,ONTIME,,93,00:10,,,,,,,X,,HAN,HAN,BQS,International,VJ,,,,,,,,,,,,
,2026-06-26,____/VJ938,A536,A321,HAN-KIX,,01:20,,01:20,,01:12,01:13,01:17,,,EARLY,ONTIME,ONTIME,,,,,,,,,00:20,01:10,,,HAN,HAN,KIX,International,VJ,,,,,,,,,,,,
,2026-06-26,____/VJ960,A200,A321,HAN-ICN,,01:40,,01:40,,01:35,01:36,01:39,,,EARLY,ONTIME,ONTIME,,,,,,,,,00:45,01:32,,,HAN,HAN,ICN,International,VJ,,,,,,,,,,,,
,2026-06-26,____/VJ920,A547,A321,HAN-NGO,,01:40,,01:40,,01:34,01:35,01:40,,,EARLY,ONTIME,ONTIME,,,,,,,,,00:40,01:32,,,HAN,HAN,NGO,International,VJ,,,,,,,,,,,,
,2026-06-26,____/VJ958,A648,A321,HUI-HAN-FUK,,02:05,,02:05,,01:51,01:52,01:55,,,EARLY,ONTIME,ONTIME,,,,,,,,,01:05,01:49,,,HAN,HUI,FUK,International,VJ,,,,,,,,,,,,
,2026-06-26,____/VJ123,A524,A321,HAN-SGN,,05:30,,05:30,,05:24,05:25,05:32,,,EARLY,ONTIME,ONTIME,,,,,,,,,04:45,05:20,,,HAN,HAN,SGN,Domestic,VJ,,,,,,,,,,,,
,2026-06-26,____/VJ445,A670,A321,HAN-PQC,,05:30,,05:30,,05:24,05:25,05:35,,,EARLY,ONTIME,ONTIME,,,,,,,,,04:45,05:20,,,HAN,HAN,PQC,Domestic,VJ,,,,,,,,,,,,
,2026-06-26,____/VJ501,A636,A321,HAN-DAD,,05:40,,05:40,,05:34,05:35,05:44,,,EARLY,ONTIME,ONTIME,,,,,,,,,04:40,05:32,,,HAN,HAN,DAD,Domestic,VJ,,,,,,,,,,,,
,2026-06-26,____/VJ121,A672,A320,HAN-SGN,,06:00,,06:00,,05:49,05:50,05:55,,,EARLY,ONTIME,ONTIME,,,,,,,,,05:20,05:47,,,HAN,HAN,SGN,Domestic,VJ,,,,,,,,,,,,
,2026-06-26,____/VJ491,A661,A321,HAN-BMV,,06:00,,06:00,,05:55,05:56,06:06,,,EARLY,ONTIME,ONTIME,,,,,,,,,05:15,05:52,,,HAN,HAN,BMV,Domestic,VJ,,,,,,,,,,,,
,2026-06-26,____/VJ431,A663,A320,HAN-UIH,,06:05,,06:05,,05:56,05:57,06:07,,,EARLY,ONTIME,ONTIME,,,,,,,,,05:20,05:52,,,HAN,HAN,UIH,Domestic,VJ,,,,,,,,,,,,
,2026-06-26,____/VJ531,A632,A321,HAN-DAD,,06:30,,06:30,,06:27,06:28,06:58,,,EARLY,ONTIME,DELAY,,,,,,,,,06:00,06:24,,LATE PUSHBACK DUE TO BAD WEATHER,HAN,HAN,DAD,Domestic,VJ,,,,,,,,,,,,
,2026-06-26,____/VJ449,A671,A320,HAN-PQC,,06:30,,06:30,,06:24,06:25,06:45,,,EARLY,ONTIME,ONTIME,,,,,,,,,05:45,06:20,,LATE PUSHBACK DUE TO BAD WEATHER,HAN,HAN,PQC,Domestic,VJ,,,,,,,,,,,,
,2026-06-26,VJ7527/VJ461,A578,A321,CAN-HAN-VCA,03:05,06:45,03:05,06:45,,06:44,06:45,07:00,03:40,,ONTIME,ONTIME,ONTIME,ONTIME,,,,,,,,06:00,06:42,,,HAN,CAN,VCA,Domestic,VJ,,,,,,,,,,,,
,2026-06-26,VJ7713/VJ125,A656,A320,PKX-HAN-SGN,03:55,07:00,03:55,07:00,04:50,06:59,07:00,07:15,03:05,02:10,ONTIME,ONTIME,ONTIME,DELAY,,,,,,,,06:15,06:55,,,HAN,PKX,SGN,Domestic,VJ,,,,,,,,,,,,
,2026-06-26,____/VJ421,A580,A321,HAN-PXU,,07:10,,07:10,,07:04,07:05,07:25,,,EARLY,ONTIME,ONTIME,,,,,,,,,06:15,07:02,,,HAN,HAN,PXU,Domestic,VJ,,,,,,,,,,,,
,2026-06-26,____/VJ197,A528,A321,HAN-SGN,,07:20,,07:20,,07:09,07:10,07:50,,,EARLY,ONTIME,DELAY,,,,,,,,,06:35,07:05,,LATE PUSHBACK DUE TO BAD WEATHER,HAN,HAN,SGN,Domestic,VJ,,,,,,,,,,,,
,2026-06-26,____/VJ905,A662,A320,PVG-HAN-KUL,,07:25,,07:25,,07:29,07:30,07:50,,,DELAY,ONTIME,DELAY,,,99,00:05,,,,,06:45,07:27,,"LATE ACCEPT 1PAX/1PCS, LATE PUSHBACK DUE TO BAD WEATHER",HAN,PVG,KUL,International,VJ,,,,,,,,,,,,
,2026-06-26,VJ502/VJ503,A635,A321,DAD-HAN-DAD,07:00,07:30,07:00,07:30,07:20,07:54,07:55,08:00,00:30,00:35,DELAY,DELAY,DELAY,DELAY,,93,00:20,99,00:05,,,07:20,07:50,,LATE ACCEPT PAX SUPPORT OVERBOOK,HAN,DAD,DAD,Domestic,VJ,,,,,,,,,,,,
,2026-06-26,____/VJ771,A669,A320,HAN-CXR,,07:40,,07:40,02:15,07:39,07:40,07:55,,,ONTIME,ONTIME,ONTIME,,,,,,,,,06:45,07:37,,,HAN,HAN,CXR,Domestic,VJ,,,,,,,,,,,,
,2026-06-26,____/VJ934,A538,A321,HAN-NRT,,07:55,,07:55,,07:59,08:00,08:05,,,DELAY,ONTIME,ONTIME,,,,,99,00:05,,,07:15,07:58,,LATE ACCEPT 2 PAX 3 BAGS,HAN,HAN,NRT,International,VJ,,,,,,,,,,,,
,2026-06-26,____/VJ1771,A549,A321,HAN-CXR,,07:55,,07:55,,07:53,07:54,08:10,,,EARLY,ONTIME,ONTIME,,,,,,,,,07:10,07:52,,,HAN,HAN,CXR,Domestic,VJ,,,,,,,,,,,,
,2026-06-26,VJ120/VJ127,A544,A321,SGN-HAN-SGN,07:10,08:10,07:10,08:10,07:50,08:19,08:20,08:25,01:00,00:30,DELAY,ONTIME,ONTIME,DELAY,,93,00:10,,,,,07:45,08:17,,,HAN,SGN,SGN,Domestic,VJ,,,,,,,,,,,,
,2026-06-26,VJ124/VJ129,A629,A321,SGN-HAN-SGN,08:15,08:45,08:15,08:45,08:25,08:48,08:50,08:50,00:30,00:25,DELAY,ONTIME,ONTIME,ONTIME,,93,00:05,,,,,08:25,08:47,,,HAN,SGN,SGN,Domestic,VJ,,,,,,,,,,,,
,2026-06-26,____/VJ447,A580,A321,HAN-PQC,,08:45,,08:45,,08:39,08:40,08:50,,,EARLY,ONTIME,ONTIME,,,,,,,,,07:45,08:38,,,HAN,HAN,PQC,Domestic,VJ,,,,,,,,,,,,
,2026-06-26,VJ504/VJ435,A655,A320,DAD-HAN-UIH,08:20,08:50,08:20,09:30,08:55,09:19,09:20,09:20,01:10,00:25,EARLY,ONTIME,DELAY,DELAY,,,,,,,,08:48,09:17,,,HAN,DAD,UIH,Domestic,VJ,,,,,,,,,,,,
,2026-06-26,VJ514/VJ563,A636,A321,DAD-HAN-HUI,08:50,09:20,08:50,10:10,09:45,10:09,10:10,10:14,01:20,00:25,ONTIME,ONTIME,DELAY,DELAY,,,,,,,,09:45,10:07,,,HAN,DAD,HUI,Domestic,VJ,,,,,,,,,,,,
,2026-06-26,____/VJ915,A500,A321,HAN-SIN,,09:35,,09:35,,09:32,09:33,09:36,,,EARLY,ONTIME,ONTIME,,,,,,,,,08:50,09:30,,,HAN,HAN,SIN,International,VJ,,,,,,,,,,,,
,2026-06-26,____/VJ1773,A526,A321,HAN-CXR,,10:00,,10:00,,09:59,10:00,10:05,,,ONTIME,ONTIME,ONTIME,,,,,,,,,09:15,09:57,,,HAN,HAN,CXR,Domestic,VJ,,,,,,,,,,,,
,2026-06-26,VJ126/VJ131,A629,A321,SGN-HAN-SGN,09:40,10:10,09:40,10:10,10:05,10:29,10:30,10:40,00:30,00:25,DELAY,DELAY,DELAY,DELAY,,93,00:20,,,,,10:05,10:27,,,HAN,SGN,SGN,Domestic,VJ,,,,,,,,,,,,
,2026-06-26,____/VJ135,A683,A321,HAN-SGN,,10:10,,10:10,,10:09,10:10,10:14,,,ONTIME,ONTIME,ONTIME,,,,,,,,,09:20,10:07,,,HAN,HAN,SGN,Domestic,VJ,,,,,,,,,,,,
,2026-06-26,VJ430/VJ463,A663,A320,UIH-HAN-VCA,09:50,10:20,09:50,10:20,10:15,10:39,10:40,10:50,00:30,00:25,DELAY,DELAY,DELAY,DELAY,,93,00:20,,,,,10:15,10:37,,,HAN,UIH,VCA,Domestic,VJ,,,,,,,,,,,,
,2026-06-26,VJ959/VJ425,A648,A321,FUK-HAN-PXU,11:25,12:00,11:25,12:00,11:08,11:59,12:00,12:10,00:35,00:52,ONTIME,ONTIME,ONTIME,ONTIME,,,,,,,,11:22,11:57,,,HAN,FUK,PXU,Domestic,VJ,,,,,,,,,,,,
,2026-06-26,____/VJ437,A668,A320,HAN-UIH,,10:25,,10:25,,10:24,10:25,10:40,,,ONTIME,ONTIME,ONTIME,,,,,,,,,09:50,10:22,,,HAN,HAN,UIH,Domestic,VJ,,,,,,,,,,,,
,2026-06-26,VJ492/VJ493,A661,A321,BMV-HAN-BMV,10:00,10:30,10:00,11:05,10:35,11:00,11:01,11:07,01:05,00:26,EARLY,ONTIME,DELAY,DELAY,,,,,,,,10:30,10:58,,,HAN,BMV,BMV,Domestic,VJ,,,,,,,,,,,,
,2026-06-26,VJ524/VJ507,A635,A321,DAD-HAN-DAD,10:40,11:10,10:40,12:10,11:25,12:07,12:08,12:17,01:30,00:43,EARLY,ONTIME,DELAY,DELAY,,,,,,,,11:25,12:05,,,HAN,DAD,DAD,Domestic,VJ,,,,,,,,,,,,
,2026-06-26,____/VJ901,A698,A321,HAN-BKK,,11:10,,11:10,,11:06,11:07,11:10,,,EARLY,ONTIME,ONTIME,,,,,,,,,10:30,11:03,,,HAN,HAN,BKK,International,VJ,,,,,,,,,,,,
,2026-06-26,VJ448/VJ133,A670,A321,PQC-HAN-SGN,10:15,11:20,10:15,11:20,10:50,11:28,11:29,11:30,01:05,00:39,DELAY,ONTIME,ONTIME,DELAY,,66,00:09,,,,,11:00,11:26,,CREW FR VJ156 1101,HAN,PQC,SGN,Domestic,VJ,,,,,,,,,,,,
,2026-06-26,VJ156/VJ565,A550,A321,SGN-HAN-HUI,09:00,11:30,09:00,11:30,09:20,11:39,11:40,11:55,02:30,02:20,DELAY,ONTIME,DELAY,DELAY,,99,00:10,,,,,10:50,11:42,,LATE ACPT 50PAX 25BAGS,HAN,SGN,HUI,Domestic,VJ,,,,,,,,,,,,
,2026-06-26,VJ450/VJ775,A671,A320,PQC-HAN-CXR,11:15,11:45,11:15,12:25,11:50,12:19,12:20,12:30,01:10,00:30,EARLY,ONTIME,DELAY,DELAY,,,,,,,,11:45,12:18,,,HAN,PQC,CXR,Domestic,VJ,,,,,,,,,,,,
,2026-06-26,VJ422/VJ451,A554,A321,PXU-HAN-PQC,10:50,11:45,10:50,11:45,11:20,11:44,11:45,11:55,00:55,00:25,ONTIME,ONTIME,ONTIME,DELAY,,,,,,,,11:20,11:42,,,HAN,PXU,PQC,Domestic,VJ,,,,,,,,,,,,
,2026-06-26,VJ130/VJ1453,A644,A321,SGN-HAN-PQC,10:50,11:50,10:50,11:50,10:55,11:48,11:50,11:50,01:00,00:55,ONTIME,ONTIME,ONTIME,ONTIME,,,,,,,,10:55,11:45,,,HAN,SGN,PQC,Domestic,VJ,,,,,,,,,,,,
,2026-06-26,VJ462/VJ515,A578,A321,VCA-HAN-DAD,11:40,12:10,11:40,13:00,12:15,12:59,13:00,13:12,01:20,00:45,ONTIME,ONTIME,DELAY,DELAY,,,,,,,,12:05,12:58,,,HAN,VCA,DAD,Domestic,VJ,,,,,,,,,,,,
,2026-06-26,VJ770/VJ137,A669,A320,CXR-HAN-SGN,11:50,12:20,12:15,13:40,13:05,13:39,13:40,13:43,01:25,00:35,ONTIME,ONTIME,DELAY,DELAY,,,,,,,,13:05,13:37,,,HAN,CXR,SGN,Domestic,VJ,,,,,,,,,,,,
,2026-06-26,VJ122/VJ453,A651,A321,SGN-HAN-PQC,09:05,13:00,09:05,13:00,09:25,12:59,13:00,13:12,03:55,03:35,ONTIME,ONTIME,ONTIME,DELAY,,,,,,,,12:25,12:57,,,HAN,SGN,PQC,Domestic,VJ,,,,,,,,,,,,
,2026-06-26,VJ128/VJ509,A656,A320,SGN-HAN-DAD,11:50,13:05,11:50,13:05,12:15,13:04,13:05,13:15,01:15,00:50,ONTIME,ONTIME,ONTIME,DELAY,,,,,,,,12:25,13:02,,,HAN,SGN,DAD,Domestic,VJ,,,,,,,,,,,,
,2026-06-26,VJ981/VJ787,A667,A321,PUS-HAN-CXR,10:40,13:10,10:40,13:10,10:08,13:09,13:10,13:18,02:30,03:02,ONTIME,ONTIME,ONTIME,ONTIME,,,,,,,,12:20,13:08,,,HAN,PUS,CXR,Domestic,VJ,,,,,,,,,,,,
,2026-06-26,VJ921/VJ948,A547,A321,NGO-HAN-RMQ,12:50,13:30,12:50,13:30,12:35,13:34,13:35,13:45,00:40,01:00,DELAY,ONTIME,ONTIME,ONTIME,,15A,00:05,,,,,12:50,13:32,,OFFLOAD 1 PAX 1 BAG,HAN,NGO,RMQ,International,VJ,,,,,,,,,,,,
,2026-06-26,VJ564/VJ149,A636,A321,SGN-HAN-SGN,12:20,13:40,13:10,13:40,13:30,14:04,14:05,14:08,00:30,00:35,DELAY,DELAY,DELAY,DELAY,,93,00:20,66,00:05,,,13:35,14:02,,CREW OB 1338,HAN,SGN,SGN,Domestic,VJ,,,,,,,,,,,,
,2026-06-26,VJ432/VJ441,A655,A320,UIH-HAN-PQC,12:35,14:00,13:10,14:00,13:25,13:59,14:00,14:07,00:50,00:35,ONTIME,ONTIME,ONTIME,DELAY,,,,,,,,13:20,13:56,,,HAN,UIH,PQC,Domestic,VJ,,,,,,,,,,,,
,2026-06-26,VJ134/VJ143,A575,A321,SGN-HAN-SGN,13:30,14:05,13:30,14:05,13:45,14:19,14:20,14:20,00:35,00:35,DELAY,ONTIME,ONTIME,ONTIME,,93,00:10,66,00:05,,,13:50,14:17,,CREW HN OB 1352,HAN,SGN,SGN,Domestic,VJ,,,,,,,,,,,,
,2026-06-26,VJ440/VJ525,A580,A321,PQC-HAN-DAD,13:30,14:05,13:30,14:05,13:55,14:24,14:25,14:30,00:35,00:30,DELAY,DELAY,DELAY,DELAY,,93,00:20,,,,,13:55,14:22,,,HAN,PQC,DAD,Domestic,VJ,,,,,,,,,,,,
,2026-06-26,VJ7615/VJ7615,A553,A321,BQS-HAN-CXR,13:45,14:15,13:45,14:15,13:35,13:49,13:50,14:12,00:30,00:15,EARLY,ONTIME,ONTIME,ONTIME,,,,,,,,,,X,,HAN,BQS,CXR,Domestic,VJ,,,,,,,,,,,,
,2026-06-26,VJ939/VJ942,A536,A321,KIX-HAN-TPE,12:20,14:25,12:20,14:25,12:25,14:24,14:25,14:35,02:05,02:00,ONTIME,ONTIME,ONTIME,ONTIME,,,,,,,,13:45,14:20,,,HAN,KIX,TPE,International,VJ,,,,,,,,,,,,
,2026-06-26,VJ196/VJ467,A528,A321,SGN-HAN-VCA,12:40,14:30,12:40,14:30,12:55,14:29,14:30,14:37,01:50,01:35,ONTIME,ONTIME,ONTIME,ONTIME,,,,,,,,13:50,14:20,,,HAN,SGN,VCA,Domestic,VJ,,,,,,,,,,,,
,2026-06-26,VJ961/VJ946,A200,A321,ICN-HAN-KHH,13:35,14:35,13:35,14:35,14:05,14:44,14:45,14:50,01:00,00:40,DELAY,ONTIME,ONTIME,DELAY,,66,00:10,,,,,14:20,14:47,,CREW HN OB 1425,HAN,ICN,KHH,International,VJ,,,,,,,,,,,,
,2026-06-26,VJ1504/VJ1505,A542,A321,DAD-HAN-DAD,14:00,14:35,14:00,14:35,14:25,14:54,14:55,15:00,00:35,00:30,DELAY,DELAY,DELAY,DELAY,,93,00:20,,,,,14:25,14:52,,,HAN,DAD,DAD,Domestic,VJ,,,,,,,,,,,,
,2026-06-26,VJ136/VJ145,A672,A320,SGN-HAN-SGN,14:10,14:40,14:10,15:20,14:40,15:19,15:20,15:25,01:10,00:40,ONTIME,ONTIME,DELAY,DELAY,,,,,,,,14:40,15:17,,,HAN,SGN,SGN,Domestic,VJ,,,,,,,,,,,,
,2026-06-26,VJ510/VJ511,A522,A321,DAD-HAN-DAD,14:35,15:05,14:35,15:05,14:55,15:24,15:25,15:35,00:30,00:30,DELAY,DELAY,DELAY,DELAY,,93,00:20,,,,,14:50,15:22,,,HAN,DAD,DAD,Domestic,VJ,,,,,,,,,,,,
,2026-06-26,VJ566/VJ423,A550,A321,HUI-HAN-PXU,14:30,15:05,14:30,15:40,15:15,15:39,15:40,15:50,01:10,00:25,ONTIME,ONTIME,DELAY,DELAY,,,,,,,,15:05,15:38,,,HAN,HUI,PXU,Domestic,VJ,,,,,,,,,,,,
,2026-06-26,VJ532/VJ1451,A632,A321,DAD-HAN-PQC,09:45,15:05,09:45,15:05,10:45,15:03,15:04,15:06,05:20,04:19,EARLY,ONTIME,ONTIME,DELAY,,,,,,,,14:15,15:00,,,HAN,DAD,PQC,Domestic,VJ,,,,,,,,,,,,
,2026-06-26,VJ1772/VJ419,A549,A321,CXR-HAN-TBB,12:10,15:10,12:10,15:10,13:30,15:08,15:09,15:12,03:00,01:39,EARLY,ONTIME,ONTIME,DELAY,,,,,,,,14:25,15:07,,,HAN,CXR,TBB,Domestic,VJ,,,,,,,,,,,,
,2026-06-26,VJ436/VJ439,A668,A320,UIH-HAN-UIH,14:10,15:40,14:10,15:40,14:30,15:39,15:40,15:49,01:30,01:10,ONTIME,ONTIME,ONTIME,DELAY,,,,,,,,14:57,15:38,,,HAN,UIH,UIH,Domestic,VJ,,,,,,,,,,,,
,2026-06-26,VJ138/VJ147,A687,A321,SGN-HAN-SGN,15:15,15:45,15:15,15:45,15:30,15:59,16:00,16:15,00:30,00:30,DELAY,ONTIME,DELAY,ONTIME,,93,00:15,,,,,15:30,16:02,,,HAN,SGN,SGN,Domestic,VJ,,,,,,,,,,,,
,2026-06-26,VJ906/VJ903,A662,A320,KUL-HAN-BKK,14:40,15:45,14:40,16:25,15:40,16:19,16:20,16:40,01:45,00:40,EARLY,ONTIME,DELAY,DELAY,,,,,,,,15:55,16:17,,LATE PUSHBACK DUE TO ATC,HAN,KUL,BKK,International,VJ,,,,,,,,,,,,
,2026-06-26,VJ933/VJ567,A552,A321,NRT-HAN-HUI,13:05,15:55,13:05,15:55,13:23,15:54,15:55,16:03,02:50,02:32,ONTIME,ONTIME,ONTIME,DELAY,,,,,,,,15:00,15:52,,,HAN,NRT,HUI,Domestic,VJ,,,,,,,,,,,,
,2026-06-26,VJ1774/VJ773,A645,A321,CXR-HAN-CXR,14:35,16:00,14:35,16:00,15:00,15:59,16:00,16:10,01:25,01:00,ONTIME,ONTIME,ONTIME,DELAY,,,,,,,,15:20,15:55,,,HAN,CXR,CXR,Domestic,VJ,,,,,,,,,,,,
,2026-06-26,VJ142/VJ193,A689,A320,SGN-HAN-SGN,15:30,16:30,15:30,16:30,16:15,16:39,16:40,17:00,01:00,00:25,DELAY,ONTIME,DELAY,DELAY,,93,00:10,,,,,16:15,16:36,,LATE PUSHBACK DUE TO ATC,HAN,SGN,SGN,Domestic,VJ,,,,,,,,,,,,
,2026-06-26,VJ494/VJ513,A661,A321,BMV-HAN-DAD,14:30,16:35,14:30,16:35,15:20,16:34,16:35,16:50,02:05,01:15,ONTIME,ONTIME,ONTIME,DELAY,,,,,,,,15:45,16:30,,,HAN,BMV,DAD,Domestic,VJ,,,,,,,,,,,,
,2026-06-26,VJ140/VJ151,A670,A321,SGN-HAN-SGN,16:20,16:50,16:20,16:50,16:45,17:19,17:20,17:30,00:30,00:35,DELAY,DELAY,DELAY,DELAY,,93,00:25,87,00:05,,,16:45,17:18,,STUCK AT PBB,HAN,SGN,SGN,Domestic,VJ,,,,,,,,,,,,
,2026-06-26,VJ5068/VJ5068,A526,A321,CXR-HAN-NOZ,16:20,17:00,16:20,17:35,17:15,17:54,17:55,18:08,01:15,00:40,DELAY,DELAY,DELAY,DELAY,,93,00:10,89,00:10,,,,,X,CREW SHOW UP LATE DUE TO VIP FLIGHT,HAN,CXR,NOZ,International,VJ,,,,,,,,,,,,
,2026-06-26,VJ508/VJ465,A578,A321,DAD-HAN-VCA,15:25,17:00,15:25,17:25,16:55,17:24,17:25,17:45,02:00,00:30,ONTIME,ONTIME,DELAY,DELAY,,,,,,,,16:45,17:22,,,HAN,DAD,VCA,Domestic,VJ,,,,,,,,,,,,
,2026-06-26,VJ1454/VJ495,A644,A321,PQC-HAN-BMV,16:35,17:30,16:35,17:30,17:05,17:34,17:35,17:45,00:55,00:30,DELAY,ONTIME,ONTIME,DELAY,,93,00:05,,,,,17:00,17:30,,LATE PUSHBACK DUE TO ATC,HAN,PQC,BMV,Domestic,VJ,,,,,,,,,,,,
,2026-06-26,VJ902/VJ141,A698,A321,BKK-HAN-SGN,15:50,17:35,15:50,17:35,16:10,17:34,17:35,17:50,01:45,01:25,ONTIME,ONTIME,ONTIME,DELAY,,,,,,,,16:45,17:30,,,HAN,BKK,SGN,Domestic,VJ,,,,,,,,,,,,
,2026-06-26,VJ530/VJ1431,A656,A320,DAD-HAN-UIH,16:15,17:40,16:15,17:40,16:50,17:39,17:40,17:43,01:25,00:50,ONTIME,ONTIME,ONTIME,DELAY,,,,,,,,17:00,17:35,,,HAN,DAD,UIH,Domestic,VJ,,,,,,,,,,,,
,2026-06-26,VJ426/VJ517,A648,A321,PXU-HAN-DAD,14:05,17:45,14:05,17:45,16:00,18:41,18:42,18:45,03:40,02:42,DELAY,DELAY,DELAY,DELAY,,95,00:57,,,,,18:15,18:39,,WAIT CREW VJ774 OB 1819,HAN,PXU,DAD,Domestic,VJ,,,,,,,,,,,,
,2026-06-26,VJ772/VJ153,A671,A320,CXR-HAN-SGN,15:55,18:05,15:55,18:05,17:00,18:04,18:05,18:10,02:10,01:05,ONTIME,ONTIME,ONTIME,DELAY,,,,,,,,17:15,18:00,,,HAN,CXR,SGN,Domestic,VJ,,,,,,,,,,,,
,2026-06-26,VJ456/VJ781,A651,A321,PQC-HAN-CXR,17:45,18:15,17:45,19:00,18:25,18:59,19:00,19:15,01:15,00:35,ONTIME,ONTIME,DELAY,DELAY,,,,,,,,18:25,18:57,,LATE PUSHBACK DUE TO APU INOP,HAN,PQC,CXR,Domestic,VJ,,,,,,,,,,,,
,2026-06-26,VJ512/VJ521,A522,A321,DAD-HAN-DAD,18:15,18:45,18:15,19:40,19:05,19:34,19:35,19:57,01:25,00:30,EARLY,ONTIME,DELAY,DELAY,,,,,,,,18:55,19:31,,,HAN,DAD,DAD,Domestic,VJ,,,,,,,,,,,,
,2026-06-26,VJ528/VJ789,A580,A321,DAD-HAN-CXR,17:25,18:45,17:25,18:45,18:05,18:43,18:44,18:45,01:20,00:39,EARLY,ONTIME,ONTIME,DELAY,,,,,,,,18:05,18:40,,,HAN,DAD,CXR,Domestic,VJ,,,,,,,,,,,,
,2026-06-26,VJ452/VJ155,A516,A321,PQC-HAN-SGN,16:20,18:55,16:20,18:55,16:55,18:54,18:55,19:05,02:35,02:00,ONTIME,ONTIME,ONTIME,DELAY,,,,,,,,18:05,18:50,,,HAN,PQC,SGN,Domestic,VJ,,,,,,,,,,,,
,2026-06-26,VJ774/VJ561,A667,A321,CXR-HAN-HUI,17:15,19:15,17:15,19:15,18:00,19:19,19:20,19:30,02:00,01:20,DELAY,ONTIME,ONTIME,DELAY,,95,00:05,,,,,18:50,19:17,,WAIT CREW VJ144 OB1858,HAN,CXR,HUI,Domestic,VJ,,,,,,,,,,,,
,2026-06-26,VJ144/VJ519,A673,A321,SGN-HAN-DAD,18:05,19:25,18:05,19:25,18:35,19:36,19:37,19:40,01:20,01:02,DELAY,ONTIME,ONTIME,DELAY,,95,00:12,,,,,19:10,19:34,,WAIT CREW VJ512 OB 1915,HAN,SGN,DAD,Domestic,VJ,,,,,,,,,,,,
,2026-06-26,VJ568/VJ157,A552,A321,HUI-HAN-SGN,18:55,19:30,18:55,19:30,19:05,19:39,19:40,19:45,00:35,00:35,DELAY,ONTIME,ONTIME,ONTIME,,93,00:05,66,00:05,,,19:15,19:35,,CREW OB 1914,HAN,HUI,SGN,Domestic,VJ,,,,,,,,,,,,
,2026-06-26,VJ916/VJ1127,A500,A321,SIN-HAN-SGN,17:25,19:35,17:25,19:35,17:25,19:34,19:35,19:45,02:10,02:10,ONTIME,ONTIME,ONTIME,ONTIME,,,,,,,,18:50,19:30,,,HAN,SIN,SGN,Domestic,VJ,,,,,,,,,,,,
,2026-06-26,VJ420/VJ523,A549,A321,TBB-HAN-DAD,19:15,19:45,19:15,19:45,19:15,19:44,19:45,20:00,00:30,00:30,ONTIME,ONTIME,ONTIME,ONTIME,,,,,,,,19:05,19:42,,,HAN,TBB,DAD,Domestic,VJ,,,,,,,,,,,,
,2026-06-26,VJ442/VJ7712,A655,A320,PQC-HAN-PKX,19:05,19:55,19:05,19:55,19:10,19:52,19:54,20:04,00:50,00:44,EARLY,ONTIME,ONTIME,ONTIME,,,,,,,,19:05,19:50,,,HAN,PQC,PKX,International,VJ,,,,,,,,,,,,
,2026-06-26,VJ464/VJ1785,A663,A320,VCA-HAN-CXR,15:10,19:55,15:10,19:55,16:04,19:54,19:55,20:05,04:45,03:51,ONTIME,ONTIME,ONTIME,DELAY,,,,,,,,19:05,19:51,,,HAN,VCA,CXR,Domestic,VJ,,,,,,,,,,,,
,2026-06-26,VJ454/VJ455,A554,A321,PQC-HAN-PQC,16:45,20:05,16:45,20:05,17:20,19:59,20:00,20:32,03:20,02:40,EARLY,ONTIME,DELAY,DELAY,,,,,,,,19:15,19:55,,LATE PUSHBACK DUE TO ATC,HAN,PQC,PQC,Domestic,VJ,,,,,,,,,,,,
,2026-06-26,VJ146/VJ907,A575,A321,SGN-HAN-BOM,18:55,20:05,18:55,20:05,19:40,20:14,20:15,20:45,01:10,00:35,DELAY,ONTIME,DELAY,DELAY,,93,00:05,66,00:05,,,19:55,20:12,,CREW OB 1955,HAN,SGN,BOM,International,VJ,,,,,,,,,,,,
,2026-06-26,VJ152/VJ159,A629,A321,SGN-HAN-SGN,19:20,20:10,19:20,20:55,20:30,20:54,20:55,21:05,01:35,00:25,ONTIME,ONTIME,DELAY,DELAY,,,,,,,,20:25,20:51,,,HAN,SGN,SGN,Domestic,VJ,,,,,,,,,,,,
,2026-06-26,VJ148/VJ7815,A685,A321,SGN-HAN-MNL,18:40,20:10,18:40,20:10,18:50,20:09,20:10,20:20,01:30,01:20,ONTIME,ONTIME,ONTIME,ONTIME,,,,,,,,19:20,20:00,,,HAN,SGN,MNL,International,VJ,,,,,,,,,,,,
,2026-06-26,VJ1452/VJ783,A632,A321,PQC-HAN-CXR,19:50,20:25,19:50,20:25,20:15,20:38,20:39,21:08,00:35,00:24,DELAY,ONTIME,DELAY,DELAY,,93,00:14,,,,,20:10,20:35,,,HAN,PQC,CXR,Domestic,VJ,,,,,,,,,,,,
,2026-06-26,VJ424/VJ161,A550,A321,PXU-HAN-SGN,18:45,20:55,18:45,20:55,19:30,21:09,21:10,21:23,02:10,01:40,DELAY,ONTIME,DELAY,DELAY,,99,00:15,,,,,20:00,20:54,,CAPT REFUSE DC DUE TO TSAT 2123L,HAN,PXU,SGN,Domestic,VJ,,,,,,,,,,,,
,2026-06-26,VJ949/VJ7238,A547,A321,RMQ-HAN-PVG,19:50,21:15,19:50,21:15,20:15,21:07,21:08,21:30,01:25,00:53,EARLY,ONTIME,ONTIME,DELAY,,,,,,,,20:30,21:05,,,HAN,RMQ,PVG,International,VJ,,,,,,,,,,,,
,2026-06-26,VJ154/VJ163,A639,A321,SGN-HAN-SGN,20:55,21:25,20:55,21:25,21:00,21:29,21:30,21:50,00:30,00:30,DELAY,ONTIME,DELAY,ONTIME,,93,00:05,,,,,21:00,21:28,,,HAN,SGN,SGN,Domestic,VJ,,,,,,,,,,,,
,2026-06-26,VJ776/VJ527,A645,A321,CXR-HAN-DAD,20:10,21:25,20:10,21:25,20:50,21:29,21:30,21:40,01:15,00:40,DELAY,ONTIME,ONTIME,DELAY,,95,00:05,,,,,20:55,21:27,,CREW VJ520 OB 2102,HAN,CXR,DAD,Domestic,VJ,,,,,,,,,,,,
,2026-06-26,VJ935/VJ7526,A538,A321,NRT-HAN-CAN,20:05,22:30,20:05,22:30,21:10,22:29,22:30,22:35,02:25,01:20,ONTIME,ONTIME,ONTIME,DELAY,,,,,,,,21:40,22:28,,,HAN,NRT,CAN,International,VJ,,,,,,,,,,,,
,2026-06-26,VJ562/VJ167,A667,A321,HUI-HAN-SGN,22:15,22:45,22:15,23:15,22:55,23:24,23:25,23:30,01:00,00:30,DELAY,ONTIME,DELAY,DELAY,,93,00:10,,,,,22:55,23:23,,,HAN,HUI,SGN,Domestic,VJ,,,,,,,,,,,,
,2026-06-26,VJ516/VJ529,A661,A321,DAD-HAN-DAD,19:45,22:50,19:45,23:45,20:40,00:33,00:35,00:43,04:00,03:55,DELAY,DELAY,DELAY,DELAY,,95,00:50,,,,,23:55,00:30,,CREW 518 OB 0009,HAN,DAD,DAD,Domestic,VJ,,,,,,,,,,,,
,2026-06-26,VJ522/VJ533,A673,A321,DAD-HAN-DAD,22:35,23:05,22:35,23:05,23:15,23:44,23:45,23:50,00:30,00:30,DELAY,DELAY,DELAY,DELAY,,93,00:40,,,,,23:15,23:40,,,HAN,DAD,DAD,Domestic,VJ,,,,,,,,,,,,
,2026-06-26,VJ943/VJ962,A536,A321,TPE-HAN-ICN,20:55,23:15,20:55,23:15,22:10,23:14,23:15,23:20,02:20,01:05,ONTIME,ONTIME,ONTIME,DELAY,,,,,,,,22:25,23:13,,,HAN,TPE,ICN,International,VJ,,,,,,,,,,,,
,2026-06-27,VJ947/VJ932,A200,A321,KHH-HAN-NRT,20:35,00:30,20:35,00:30,20:35,00:29,00:30,00:37,03:55,03:55,ONTIME,ONTIME,ONTIME,ONTIME,,,,,,,,23:35,00:28,,,HAN,KHH,NRT,International,VJ,,,,,,,,,,,,
,2026-06-27,VJ518/VJ982,A522,A321,DAD-HAN-PUS,22:05,01:05,22:05,01:05,23:50,01:02,01:03,01:12,03:00,01:13,EARLY,ONTIME,ONTIME,DELAY,,,,,,,,00:20,01:00,,,HAN,DAD,PUS,International,VJ,,,,,,,,,,,,
,2026-06-27,VJ7706/VJ7706,A537,A321,CXR-HAN-KHV,00:30,01:05,00:30,01:05,01:30,01:59,02:00,02:05,00:35,00:30,DELAY,DELAY,DELAY,DELAY,,93,00:55,,,,,,,X,,HAN,CXR,KHV,International,VJ,,,,,,,,,,,,
,2026-06-27,VJ526/VJ938,A549,A321,DAD-HAN-KIX,22:55,01:20,22:55,01:20,23:30,01:14,01:15,01:17,02:25,01:45,EARLY,ONTIME,ONTIME,DELAY,,,,,,,,00:25,01:12,,,HAN,DAD,KIX,International,VJ,,,,,,,,,,,,
,2026-06-27,VJ1128/VJ960,A500,A321,SGN-HAN-ICN,00:25,01:40,00:25,01:40,00:55,01:36,01:37,01:39,01:15,00:42,EARLY,ONTIME,ONTIME,DELAY,,,,,,,,01:07,01:35,,,HAN,SGN,ICN,International,VJ,,,,,,,,,,,,
,2026-06-27,VJ466/VJ920,A578,A321,VCA-HAN-NGO,21:50,01:40,21:50,01:40,23:05,01:29,01:30,01:35,03:50,02:25,EARLY,ONTIME,ONTIME,DELAY,,,,,,,,00:50,01:27,,,HAN,VCA,NGO,International,VJ,,,,,,,,,,,,
,2026-06-27,VJ496/VJ958,A644,A321,BMV-HAN-FUK,21:30,02:05,21:30,02:05,22:13,02:04,02:05,02:10,04:35,03:52,ONTIME,ONTIME,ONTIME,DELAY,,,,,,,,01:15,01:40,,,HAN,BMV,FUK,International,VJ,,,,,,,,,,,,
,2026-06-27,____/VJ123,A656,A320,HAN-SGN,,05:30,,05:30,,05:29,05:30,05:35,,,ONTIME,ONTIME,ONTIME,,,,,,,,,04:35,05:28,,,HAN,HAN,SGN,Domestic,VJ,,,,,,,,,,,,
,2026-06-27,____/VJ445,A632,A321,HAN-PQC,,05:30,,05:30,,05:24,05:25,05:29,,,EARLY,ONTIME,ONTIME,,,,,,,,,04:45,05:21,,,HAN,HAN,PQC,Domestic,VJ,,,,,,,,,,,,
,2026-06-27,____/VJ501,A685,A321,HAN-DAD,,05:40,,05:40,,05:49,05:50,06:01,,,DELAY,ONTIME,DELAY,,,15A,00:05,3,00:05,,,05:00,05:39,,OFFLOAD 4 PAX AND 4 PCS; CHECKIN SYSTEM ERROR,HAN,HAN,DAD,Domestic,VJ,,,,,,,,,,,,
,2026-06-27,____/VJ121,A635,A321,HAN-SGN,,06:00,,06:00,,05:57,05:58,06:01,,,EARLY,ONTIME,ONTIME,,,,,,,,,05:20,05:55,,,HAN,HAN,SGN,Domestic,VJ,,,,,,,,,,,,
,2026-06-27,____/VJ491,A538,A321,HAN-BMV,,06:00,,06:00,,05:54,05:55,06:05,,,EARLY,ONTIME,ONTIME,,,,,,,,,05:10,05:52,,,HAN,HAN,BMV,Domestic,VJ,,,,,,,,,,,,
,2026-06-27,____/VJ431,A671,A320,HAN-UIH,,06:05,,06:05,,05:59,06:00,06:05,,,EARLY,ONTIME,ONTIME,,,,,,,,,05:20,05:57,,,HAN,HAN,UIH,Domestic,VJ,,,,,,,,,,,,
,2026-06-27,____/VJ531,A642,A321,HAN-DAD,,06:30,,06:30,,06:24,06:25,06:30,,,EARLY,ONTIME,ONTIME,,,,,,,,,05:50,06:23,,,HAN,HAN,DAD,Domestic,VJ,,,,,,,,,,,,
,2026-06-27,____/VJ449,A689,A320,HAN-PQC,,06:30,,06:30,,06:22,06:23,06:27,,,EARLY,ONTIME,ONTIME,,,,,,,,,05:45,06:20,,,HAN,HAN,PQC,Domestic,VJ,,,,,,,,,,,,
,2026-06-27,____/VJ461,A668,A320,HAN-VCA,,06:45,,06:45,,06:39,06:40,06:50,,,EARLY,ONTIME,ONTIME,,,,,,,,,06:00,06:38,,,HAN,HAN,VCA,Domestic,VJ,,,,,,,,,,,,
,2026-06-27,____/VJ125,A651,A321,HAN-SGN,,07:00,,07:00,,06:52,06:54,07:02,,,EARLY,ONTIME,ONTIME,,,,,,,,,06:12,06:50,,,HAN,HAN,SGN,Domestic,VJ,,,,,,,,,,,,
,2026-06-27,____/VJ421,A663,A320,HAN-PXU,,07:10,,07:10,,07:04,07:05,07:10,,,EARLY,ONTIME,ONTIME,,,,,,,,,06:30,07:02,,,HAN,HAN,PXU,Domestic,VJ,,,,,,,,,,,,
,2026-06-27,____/VJ197,A670,A321,HAN-SGN,,07:20,,07:20,,07:14,07:15,07:22,,,EARLY,ONTIME,ONTIME,,,,,,,,,06:42,07:12,,,HAN,HAN,SGN,Domestic,VJ,,,,,,,,,,,,
,2026-06-27,VJ5069/VJ5069,A526,A321,NOZ-HAN-CXR,06:15,07:25,06:15,07:25,,07:14,07:15,07:28,01:10,,EARLY,ONTIME,ONTIME,ONTIME,,,,,,,,,,,,HAN,NOZ,CXR,Domestic,VJ,,,,,,,,,,,,
,2026-06-27,____/VJ905,A650,A320,HAN-KUL,,07:25,,07:25,,07:18,07:20,07:28,,,EARLY,ONTIME,ONTIME,,,,,,,,,06:35,07:15,,,HAN,HAN,KUL,International,VJ,,,,,,,,,,,,
,2026-06-27,VJ502/VJ503,A645,A321,DAD-HAN-DAD,07:00,07:30,07:00,07:30,07:05,07:29,07:30,07:45,00:30,00:25,ONTIME,ONTIME,ONTIME,ONTIME,,,,,,,,06:55,07:27,,,HAN,DAD,DAD,Domestic,VJ,,,,,,,,,,,,
,2026-06-27,____/VJ771,A662,A320,HAN-CXR,,07:30,,07:30,,07:24,07:25,07:45,,,EARLY,ONTIME,ONTIME,,,,,,,,,06:40,07:22,,,HAN,HAN,CXR,Domestic,VJ,,,,,,,,,,,,
,2026-06-27,____/VJ1771,A649,A321,HAN-CXR,,07:35,,07:35,,07:29,07:30,07:50,,,EARLY,ONTIME,ONTIME,,,,,,,,,06:45,07:27,,,HAN,HAN,CXR,Domestic,VJ,,,,,,,,,,,,
,2026-06-27,VJ120/VJ127,A666,A320,SGN-HAN-SGN,07:10,08:10,07:10,08:10,07:05,07:59,08:00,08:07,01:00,00:55,EARLY,ONTIME,ONTIME,ONTIME,,,,,,,,07:30,07:55,,,HAN,SGN,SGN,Domestic,VJ,,,,,,,,,,,,
,2026-06-27,____/VJ929,A580,A321,HAN-CGK,,08:40,,08:40,,08:44,08:45,08:48,,,DELAY,ONTIME,ONTIME,,,,,99,00:05,,,07:50,08:42,,ACC LATE 7 PAX 8 BAGS,HAN,HAN,CGK,International,VJ,,,,,,,,,,,,
,2026-06-27,VJ124/VJ129,A687,A321,SGN-HAN-SGN,08:15,08:45,08:15,08:45,08:20,08:49,08:50,08:58,00:30,00:30,DELAY,ONTIME,ONTIME,ONTIME,,93,00:05,,,,,08:20,08:45,,,HAN,SGN,SGN,Domestic,VJ,,,,,,,,,,,,
,2026-06-27,VJ7239/VJ447,A547,A321,PVG-HAN-PQC,04:50,08:45,04:50,08:45,05:10,08:39,08:40,08:42,03:55,03:30,EARLY,ONTIME,ONTIME,DELAY,,,,,,,,07:55,08:35,,,HAN,PVG,PQC,Domestic,VJ,,,,,,,,,,,,
,2026-06-27,____/VJ435,A672,A320,HAN-UIH,,08:50,,08:50,,08:49,08:50,00:00,,,ONTIME,ONTIME,ONTIME,,,,,,,,,08:00,08:47,,,HAN,HAN,UIH,Domestic,VJ,,,,,,,,,,,,
,2026-06-27,VJ514/VJ563,A685,A321,DAD-HAN-HUI,08:50,09:20,08:50,09:50,09:20,09:45,09:46,09:48,01:00,00:26,EARLY,ONTIME,DELAY,DELAY,,,,,,,,09:20,09:43,,,HAN,DAD,HUI,Domestic,VJ,,,,,,,,,,,,
,2026-06-27,VJ504/VJ915,A674,A321,DAD-HAN-SIN,08:20,09:35,08:20,09:35,08:55,09:34,09:35,09:38,01:15,00:40,ONTIME,ONTIME,ONTIME,DELAY,,,,,,,,09:10,09:30,,,HAN,DAD,SIN,International,VJ,,,,,,,,,,,,
,2026-06-27,____/VJ1773,A528,A321,HAN-CXR,,10:00,,10:00,,09:59,10:00,10:08,,,ONTIME,ONTIME,ONTIME,,,,,,,,,09:15,09:57,,,HAN,HAN,CXR,Domestic,VJ,,,,,,,,,,,,
,2026-06-27,VJ126/VJ131,A697,A321,SGN-HAN-SGN,09:40,10:10,09:40,10:10,09:45,10:09,10:10,10:20,00:30,00:25,ONTIME,ONTIME,ONTIME,ONTIME,,,,,,,,09:40,10:06,,,HAN,SGN,SGN,Domestic,VJ,,,,,,,,,,,,
,2026-06-27,VJ122/VJ135,A551,A321,SGN-HAN-SGN,09:05,10:10,09:05,10:10,09:05,10:08,10:09,10:20,01:05,01:04,EARLY,ONTIME,ONTIME,ONTIME,,,,,,,,09:25,10:05,,,HAN,SGN,SGN,Domestic,VJ,,,,,,,,,,,,
,2026-06-27,VJ532/VJ425,A642,A321,DAD-HAN-PXU,09:45,10:20,09:45,10:20,09:50,10:14,10:15,10:25,00:35,00:25,EARLY,ONTIME,ONTIME,ONTIME,,,,,,,,09:45,10:12,,,HAN,DAD,PXU,Domestic,VJ,,,,,,,,,,,,
,2026-06-27,____/VJ463,A655,A320,HAN-VCA,,10:20,,10:20,,10:19,10:20,10:26,,,ONTIME,ONTIME,ONTIME,,,,,,,,,09:35,10:15,,,HAN,HAN,VCA,Domestic,VJ,,,,,,,,,,,,
,2026-06-27,VJ430/VJ437,A671,A320,UIH-HAN-UIH,09:50,10:25,09:50,10:25,09:55,10:24,10:25,10:40,00:35,00:30,ONTIME,ONTIME,ONTIME,ONTIME,,,,,,,,09:50,10:22,,,HAN,UIH,UIH,Domestic,VJ,,,,,,,,,,,,
,2026-06-27,____/VJ997,A575,A321,HAN-DPS,,10:25,,10:25,,10:24,10:25,10:39,,,ONTIME,ONTIME,ONTIME,,,,,,,,,09:30,10:22,,,HAN,HAN,DPS,International,VJ,,,,,,,,,,,,
,2026-06-27,VJ492/VJ493,A538,A321,BMV-HAN-BMV,10:00,10:30,10:00,10:30,10:20,10:41,10:42,10:55,00:30,00:22,DELAY,ONTIME,DELAY,DELAY,,93,00:12,,,,,10:20,10:40,,,HAN,BMV,BMV,Domestic,VJ,,,,,,,,,,,,
,2026-06-27,VJ963/VJ901,A536,A321,ICN-HAN-BKK,08:55,11:10,08:55,11:10,08:50,11:05,11:06,11:13,02:15,02:16,EARLY,ONTIME,ONTIME,ONTIME,,,,,,,,10:20,11:03,,,HAN,ICN,BKK,International,VJ,,,,,,,,,,,,
,2026-06-27,VJ524/VJ507,A645,A321,DAD-HAN-DAD,10:40,11:10,10:40,11:35,11:10,11:39,11:40,11:50,00:55,00:30,DELAY,ONTIME,DELAY,DELAY,,93,00:05,,,,,11:05,11:38,,,HAN,DAD,DAD,Domestic,VJ,,,,,,,,,,,,
,2026-06-27,VJ130/VJ133,A203,A321,SGN-HAN-SGN,10:50,11:20,10:50,11:20,10:50,11:19,11:20,11:30,00:30,00:30,ONTIME,ONTIME,ONTIME,ONTIME,,,,,,,,10:50,11:15,,,HAN,SGN,SGN,Domestic,VJ,,,,,,,,,,,,
,2026-06-27,VJ190/VJ565,A656,A320,SGN-HAN-HUI,10:25,11:30,10:25,11:30,10:28,11:24,11:25,11:32,01:05,00:57,EARLY,ONTIME,ONTIME,ONTIME,,,,,,,,10:42,11:21,,,HAN,SGN,HUI,Domestic,VJ,,,,,,,,,,,,
,2026-06-27,VJ450/VJ775,A689,A320,PQC-HAN-CXR,11:15,11:45,11:15,11:45,11:35,11:59,12:00,12:00,00:30,00:25,DELAY,ONTIME,ONTIME,DELAY,,93,00:15,,,,,11:35,11:55,,,HAN,PQC,CXR,Domestic,VJ,,,,,,,,,,,,
,2026-06-27,VJ422/VJ451,A663,A320,PXU-HAN-PQC,10:50,11:45,10:50,11:45,10:45,11:44,11:45,11:50,00:55,01:00,ONTIME,ONTIME,ONTIME,ONTIME,,,,,,,,10:45,11:42,,,HAN,PXU,PQC,Domestic,VJ,,,,,,,,,,,,
,2026-06-27,VJ448/VJ1453,A632,A321,PQC-HAN-PQC,10:15,11:50,10:15,11:50,10:35,11:44,11:45,11:55,01:35,01:10,EARLY,ONTIME,ONTIME,DELAY,,,,,,,,11:05,11:41,,,HAN,PQC,PQC,Domestic,VJ,,,,,,,,,,,,
,2026-06-27,VJ462/VJ515,A668,A320,VCA-HAN-DAD,11:40,12:10,11:40,12:30,12:20,12:38,12:39,12:50,00:50,00:19,DELAY,ONTIME,DELAY,DELAY,,93,00:09,,,,,12:15,12:37,,,HAN,VCA,DAD,Domestic,VJ,,,,,,,,,,,,
,2026-06-27,VJ128/VJ137,A651,A321,SGN-HAN-SGN,11:50,12:20,11:50,13:00,12:50,13:19,13:20,13:30,01:10,00:30,DELAY,DELAY,DELAY,DELAY,,93,00:20,,,,,12:50,13:15,,,HAN,SGN,SGN,Domestic,VJ,,,,,,,,,,,,
,2026-06-27,VJ981/VJ453,A522,A321,PUS-HAN-PQC,10:40,13:00,10:40,13:00,10:25,12:55,12:56,13:00,02:20,02:31,EARLY,ONTIME,ONTIME,ONTIME,,,,,,,,12:20,12:53,,,HAN,PUS,PQC,Domestic,VJ,,,,,,,,,,,,
,2026-06-27,VJ770/VJ509,A662,A320,CXR-HAN-DAD,11:40,13:05,11:40,13:05,12:40,13:04,13:05,13:15,01:25,00:25,ONTIME,ONTIME,ONTIME,DELAY,,,,,,,,12:35,13:03,,,HAN,CXR,DAD,Domestic,VJ,,,,,,,,,,,,
,2026-06-27,VJ1772/VJ787,A649,A321,CXR-HAN-CXR,11:50,13:10,11:50,13:10,13:25,13:50,13:51,13:55,01:20,00:26,DELAY,DELAY,DELAY,DELAY,,93,00:42,,,,,13:25,13:50,,,HAN,CXR,CXR,Domestic,VJ,,,,,,,,,,,,
,2026-06-27,VJ198/VJ433,A670,A321,SGN-HAN-UIH,12:40,13:20,12:40,13:20,13:15,13:36,13:37,13:44,00:40,00:22,DELAY,DELAY,DELAY,DELAY,,93,00:17,,,,,13:15,13:35,,,HAN,SGN,UIH,Domestic,VJ,,,,,,,,,,,,
,2026-06-27,VJ959/VJ948,A644,A321,FUK-HAN-RMQ,11:45,13:30,11:45,13:30,11:30,13:34,13:35,13:45,01:45,02:05,DELAY,ONTIME,ONTIME,ONTIME,,,,15A,00:05,,,12:45,13:33,,OFFLOAD 1 PAX 2 BAGS,HAN,FUK,RMQ,International,VJ,,,,,,,,,,,,
,2026-06-27,VJ432/VJ7316,A672,A320,UIH-HAN-ENH,12:35,14:00,12:35,14:00,13:00,13:46,13:47,14:07,01:25,00:47,EARLY,ONTIME,ONTIME,DELAY,,,,,,,,13:20,13:44,,,HAN,UIH,ENH,International,VJ,,,,,,,,,,,,
,2026-06-27,VJ921/VJ441,A578,A321,NGO-HAN-PQC,12:50,14:00,12:50,14:00,13:05,13:51,13:52,13:58,01:10,00:47,EARLY,ONTIME,ONTIME,ONTIME,,,,,,,,13:15,13:50,,,HAN,NGO,PQC,Domestic,VJ,,,,,,,,,,,,
,2026-06-27,VJ564/VJ525,A685,A321,HUI-HAN-DAD,12:20,14:05,12:45,14:05,13:17,14:04,14:05,14:15,01:20,00:48,ONTIME,ONTIME,ONTIME,DELAY,,,,,,,,13:20,14:00,,,HAN,HUI,DAD,Domestic,VJ,,,,,,,,,,,,
,2026-06-27,VJ939/VJ143,A549,A321,KIX-HAN-SGN,12:20,14:05,12:20,14:05,12:55,14:03,14:04,14:20,01:45,01:09,EARLY,ONTIME,ONTIME,DELAY,,,,,,,,13:15,14:01,,,HAN,KIX,SGN,Domestic,VJ,,,,,,,,,,,,
,2026-06-27,VJ933/VJ942,A200,A321,NRT-HAN-TPE,13:05,14:25,13:05,14:25,13:45,14:29,14:30,14:36,01:20,00:45,DELAY,ONTIME,ONTIME,DELAY,,66,00:05,,,,,14:00,14:26,,,HAN,NRT,TPE,International,VJ,,,,,,,,,,,,
,2026-06-27,VJ134/VJ467,A698,A321,SGN-HAN-VCA,13:30,14:30,13:30,14:30,13:55,14:29,14:30,14:37,01:00,00:35,ONTIME,ONTIME,ONTIME,DELAY,,,,,,,,13:55,14:27,,,HAN,SGN,VCA,Domestic,VJ,,,,,,,,,,,,
,2026-06-27,VJ440/VJ946,A547,A321,PQC-HAN-KHH,13:30,14:35,13:30,14:45,14:15,14:54,14:55,14:58,01:15,00:40,DELAY,ONTIME,DELAY,DELAY,,66,00:10,,,,,14:35,14:52,,CREW OB 1435,HAN,PQC,KHH,International,VJ,,,,,,,,,,,,
,2026-06-27,VJ426/VJ145,A642,A321,PXU-HAN-SGN,14:05,14:45,14:05,14:45,14:25,14:59,15:00,15:00,00:40,00:35,DELAY,ONTIME,ONTIME,DELAY,,93,00:10,66,00:05,,,14:30,14:57,,,HAN,PXU,SGN,Domestic,VJ,,,,,,,,,,,,
,2026-06-27,VJ1504/VJ1505,A661,A321,DAD-HAN-DAD,14:15,14:50,14:15,14:50,14:45,15:14,15:15,15:20,00:35,00:30,DELAY,DELAY,DELAY,DELAY,,93,00:25,,,,,15:35,15:12,,,HAN,DAD,DAD,Domestic,VJ,,,,,,,,,,,,
,2026-06-27,VJ7707/VJ7707,A537,A321,KHV-HAN-CXR,14:25,14:55,14:25,15:15,14:55,15:20,15:21,15:25,00:50,00:26,DELAY,ONTIME,DELAY,DELAY,,93,00:06,,,,,,,X,,HAN,KHV,CXR,Domestic,VJ,,,,,,,,,,,,
,2026-06-27,VJ510/VJ511,A645,A321,DAD-HAN-DAD,14:35,15:05,14:35,15:25,15:30,15:59,16:00,16:04,00:50,00:30,DELAY,DELAY,DELAY,DELAY,,93,00:35,,,,,15:20,15:57,,,HAN,DAD,DAD,Domestic,VJ,,,,,,,,,,,,
,2026-06-27,VJ136/VJ1451,A635,A321,SGN-HAN-PQC,14:10,15:05,14:10,15:40,15:05,15:38,15:40,15:40,01:30,00:35,ONTIME,ONTIME,DELAY,DELAY,,,,,,,,15:00,15:31,,,HAN,SGN,PQC,Domestic,VJ,,,,,,,,,,,,
,2026-06-27,VJ566/VJ423,A656,A320,HUI-HAN-PXU,14:30,15:05,14:30,15:05,14:55,15:19,15:20,15:20,00:35,00:25,DELAY,ONTIME,ONTIME,DELAY,,93,00:15,,,,,14:50,15:17,,,HAN,HUI,PXU,Domestic,VJ,,,,,,,,,,,,
,2026-06-27,VJ961/VJ419,A500,A321,ICN-HAN-TBB,13:35,15:10,13:35,15:10,13:55,15:07,15:09,15:13,01:35,01:14,EARLY,ONTIME,ONTIME,DELAY,,,,,,,,14:30,15:05,,,HAN,ICN,TBB,Domestic,VJ,,,,,,,,,,,,
,2026-06-27,VJ7620/VJ7620,A553,A321,CXR-HAN-BAX,15:05,15:40,15:05,15:40,15:25,15:53,15:54,15:55,00:35,00:29,DELAY,ONTIME,ONTIME,DELAY,,93,00:14,,,,,,,X,,HAN,CXR,BAX,International,VJ,,,,,,,,,,,,
,2026-06-27,VJ436/VJ439,A671,A320,UIH-HAN-UIH,14:10,15:40,14:10,15:40,14:30,15:29,15:30,15:43,01:30,01:00,EARLY,ONTIME,ONTIME,DELAY,,,,,,,,14:55,15:26,,,HAN,UIH,UIH,Domestic,VJ,,,,,,,,,,,,
,2026-06-27,VJ138/VJ147,A641,A321,SGN-HAN-SGN,15:15,15:45,15:15,15:45,15:25,15:49,15:50,16:00,00:30,00:25,DELAY,ONTIME,ONTIME,ONTIME,,93,00:05,,,,,15:25,15:47,,,HAN,SGN,SGN,Domestic,VJ,,,,,,,,,,,,
,2026-06-27,VJ906/VJ903,A650,A320,KUL-HAN-BKK,14:40,15:45,14:40,15:45,14:50,15:44,15:45,15:55,01:05,00:55,ONTIME,ONTIME,ONTIME,ONTIME,,,,,,,,15:00,15:42,,,HAN,KUL,BKK,International,VJ,,,,,,,,,,,,
,2026-06-27,VJ464/VJ567,A655,A320,VCA-HAN-HUI,15:10,15:55,15:10,15:55,15:40,16:02,16:03,16:05,00:45,00:23,DELAY,ONTIME,ONTIME,DELAY,,,,,,,,15:30,15:59,,,HAN,VCA,HUI,Domestic,VJ,,,,,,,,,,,,
,2026-06-27,VJ142/VJ773,A666,A320,SGN-HAN-CXR,15:30,16:00,15:30,16:00,15:45,16:19,16:20,16:42,00:30,00:35,DELAY,DELAY,DELAY,ONTIME,,93,00:10,66,00:10,,,,,,,HAN,SGN,CXR,Domestic,VJ,,,,,,,,,,,,
,2026-06-27,VJ494/VJ913,A538,A321,BMV-HAN-SAI,14:30,16:20,14:30,16:20,15:03,16:19,16:20,16:30,01:50,01:17,ONTIME,ONTIME,ONTIME,DELAY,,,,,,,,15:30,16:17,,,HAN,BMV,SAI,International,VJ,,,,,,,,,,,,
,2026-06-27,VJ1774/VJ193,A528,A321,CXR-HAN-SGN,14:20,16:30,14:20,16:30,14:35,16:34,16:35,16:45,02:10,02:00,DELAY,ONTIME,ONTIME,ONTIME,,15A,00:05,,,,,15:40,16:25,,OFFLOAD 08 PAX 03 BAGS,HAN,CXR,SGN,Domestic,VJ,,,,,,,,,,,,
,2026-06-27,VJ772/VJ151,A689,A320,CXR-HAN-SGN,15:55,16:50,15:55,16:50,16:20,16:58,16:59,17:05,00:55,00:39,DELAY,ONTIME,ONTIME,DELAY,,66,00:09,,,,,16:20,16:55,,9 MINS LONG BRD,HAN,CXR,SGN,Domestic,VJ,,,,,,,,,,,,
,2026-06-27,VJ2986/VJ2986,A516,A321,DAD-HAN-NOZ,16:20,16:55,16:20,16:55,16:25,16:54,16:55,17:08,00:35,00:30,ONTIME,ONTIME,ONTIME,ONTIME,,,,,,,,,,X,,HAN,DAD,NOZ,International,VJ,,,,,,,,,,,,
,2026-06-27,VJ140/VJ465,A550,A321,SGN-HAN-VCA,16:20,17:00,16:20,17:00,16:35,16:59,17:00,17:11,00:40,00:25,ONTIME,ONTIME,ONTIME,ONTIME,,,,,,,,16:40,17:02,,,HAN,SGN,VCA,Domestic,VJ,,,,,,,,,,,,
,2026-06-27,VJ530/VJ457,A662,A320,DAD-HAN-PQC,16:15,17:10,16:15,17:10,16:30,17:09,17:10,17:17,00:55,00:40,ONTIME,ONTIME,ONTIME,ONTIME,,,,,,,,16:30,17:06,,,HAN,DAD,PQC,Domestic,VJ,,,,,,,,,,,,
,2026-06-27,VJ3218/VJ3218,A202,A321,NQZ-HAN-CXR,13:20,17:20,13:20,17:20,13:40,17:54,17:55,18:14,04:00,04:15,DELAY,DELAY,DELAY,DELAY,,95,00:35,,,,,,,,FERRY/ CAPT FROM VJ140 OB 1741,HAN,NQZ,CXR,Domestic,VJ,,,,,,,,,,,,
,2026-06-27,VJ1454/VJ141,A632,A321,PQC-HAN-SGN,16:35,17:35,16:35,17:35,16:45,17:24,17:25,17:29,01:00,00:40,EARLY,ONTIME,ONTIME,ONTIME,,,,,,,,16:55,17:22,,,HAN,PQC,SGN,Domestic,VJ,,,,,,,,,,,,
,2026-06-27,VJ454/VJ1431,A663,A320,PQC-HAN-UIH,16:45,17:40,16:45,17:40,16:45,17:39,17:40,17:45,00:55,00:55,ONTIME,ONTIME,ONTIME,ONTIME,,,,,,,,16:50,17:36,,,HAN,PQC,UIH,Domestic,VJ,,,,,,,,,,,,
,2026-06-27,VJ902/VJ517,A536,A321,BKK-HAN-DAD,15:50,17:45,15:50,17:45,16:10,17:44,17:45,17:47,01:55,01:35,ONTIME,ONTIME,ONTIME,DELAY,,,,,,,,17:05,17:42,,,HAN,BKK,DAD,Domestic,VJ,,,,,,,,,,,,
,2026-06-27,VJ434/VJ495,A670,A321,UIH-HAN-BMV,17:10,18:00,17:10,18:00,17:20,17:50,17:53,17:58,00:50,00:33,EARLY,ONTIME,ONTIME,ONTIME,,,,,,,,17:20,17:46,,,HAN,UIH,BMV,Domestic,VJ,,,,,,,,,,,,
,2026-06-27,VJ456/VJ781,A522,A321,PQC-HAN-CXR,17:45,18:15,17:45,18:15,18:10,18:32,18:33,18:45,00:30,00:23,DELAY,DELAY,DELAY,DELAY,,93,00:18,,,,,18:00,18:29,,,HAN,PQC,CXR,Domestic,VJ,,,,,,,,,,,,
,2026-06-27,VJ512/VJ521,A645,A321,DAD-HAN-DAD,18:15,18:45,18:15,19:55,19:30,19:48,19:50,20:10,01:40,00:20,EARLY,ONTIME,DELAY,DELAY,,,,,,,,19:30,19:52,,,HAN,DAD,DAD,Domestic,VJ,,,,,,,,,,,,
,2026-06-27,VJ528/VJ789,A685,A321,DAD-HAN-CXR,17:25,18:45,17:25,18:45,17:45,18:36,18:38,19:00,01:20,00:53,EARLY,ONTIME,ONTIME,DELAY,,,,,,,,17:45,18:34,,,HAN,DAD,CXR,Domestic,VJ,,,,,,,,,,,,
,2026-06-27,VJ148/VJ155,A539,A321,SGN-HAN-SGN,18:25,18:55,18:25,19:20,19:05,19:34,19:35,19:45,00:55,00:30,DELAY,ONTIME,DELAY,DELAY,,93,00:15,,,,,19:00,19:32,,,HAN,SGN,SGN,Domestic,VJ,,,,,,,,,,,,
,2026-06-27,VJ424/VJ561,A656,A320,PXU-HAN-HUI,18:45,19:15,18:45,19:15,18:55,19:14,19:15,19:23,00:30,00:20,ONTIME,ONTIME,ONTIME,ONTIME,,,,,,,,18:50,19:12,,,HAN,PXU,HUI,Domestic,VJ,,,,,,,,,,,,
,2026-06-27,VJ146/VJ519,A549,A321,SGN-HAN-DAD,18:55,19:30,18:55,19:45,19:35,20:04,20:05,20:13,00:50,00:30,DELAY,DELAY,DELAY,DELAY,,93,00:20,,,,,19:35,20:04,,,HAN,SGN,DAD,Domestic,VJ,,,,,,,,,,,,
,2026-06-27,VJ774/VJ157,A649,A321,CXR-HAN-SGN,17:15,19:30,17:15,19:30,18:30,19:29,19:30,19:37,02:15,01:00,ONTIME,ONTIME,ONTIME,DELAY,,,,,,,,18:37,19:26,,,HAN,CXR,SGN,Domestic,VJ,,,,,,,,,,,,
,2026-06-27,VJ916/VJ971,A674,A321,SIN-HAN-DEL,17:25,19:40,17:25,19:40,17:30,19:37,19:38,19:53,02:15,02:08,EARLY,ONTIME,ONTIME,ONTIME,,,,,,,,18:55,19:34,,,HAN,SIN,DEL,International,VJ,,,,,,,,,,,,
,2026-06-27,VJ928/VJ1925,A580,A321,CGK-HAN-AMD,18:15,19:45,18:15,19:45,18:28,19:44,19:45,20:00,01:30,01:17,ONTIME,ONTIME,ONTIME,ONTIME,,,,,,,,19:00,19:41,,,HAN,CGK,AMD,International,VJ,,,,,,,,,,,,
,2026-06-27,VJ420/VJ523,A500,A321,TBB-HAN-DAD,19:15,19:45,19:15,19:45,19:10,19:44,19:45,20:00,00:30,00:35,ONTIME,ONTIME,ONTIME,ONTIME,,,,,,,,19:00,19:42,,,HAN,TBB,DAD,Domestic,VJ,,,,,,,,,,,,
,2026-06-27,VJ568/VJ7712,A655,A320,HUI-HAN-PKX,18:55,19:55,18:55,20:30,19:25,20:21,20:22,20:37,01:35,00:57,EARLY,ONTIME,DELAY,DELAY,,,,,,,,19:40,20:19,,,HAN,HUI,PKX,International,VJ,,,,,,,,,,,,
,2026-06-27,VJ438/VJ1785,A671,A320,UIH-HAN-CXR,19:25,20:00,19:25,20:00,19:35,19:59,20:00,20:28,00:35,00:25,ONTIME,ONTIME,DELAY,ONTIME,,,,,,,,19:25,19:57,,,HAN,UIH,CXR,Domestic,VJ,,,,,,,,,,,,
,2026-06-27,VJ152/VJ159,A669,A320,SGN-HAN-SGN,19:20,20:10,19:20,20:10,19:40,20:34,20:35,20:53,00:50,00:55,DELAY,DELAY,DELAY,DELAY,,41,00:25,,,,,20:16,20:32,,CHANGE TIRE,HAN,SGN,SGN,Domestic,VJ,,,,,,,,,,,,
,2026-06-27,VJ144/VJ783,A693,A321,SGN-HAN-CXR,18:20,20:25,18:20,20:25,18:25,20:23,20:25,20:40,02:05,02:00,ONTIME,ONTIME,ONTIME,ONTIME,,,,,,,,19:35,20:21,,,HAN,SGN,CXR,Domestic,VJ,,,,,,,,,,,,
,2026-06-27,VJ7317/VJ161,A672,A320,ENH-HAN-SGN,19:25,20:55,19:25,20:55,20:05,20:51,20:52,21:03,01:30,00:47,EARLY,ONTIME,ONTIME,DELAY,,,,,,,,20:10,20:52,,,HAN,ENH,SGN,Domestic,VJ,,,,,,,,,,,,
,2026-06-27,VJ904/VJ7238,A650,A320,BKK-HAN-PVG,20:25,21:15,20:25,21:15,21:00,21:24,21:25,21:28,00:50,00:25,DELAY,ONTIME,ONTIME,DELAY,,93,00:10,,,,,21:10,21:23,,,HAN,BKK,PVG,International,VJ,,,,,,,,,,,,
,2026-06-27,VJ154/VJ163,A630,A321,SGN-HAN-SGN,20:55,21:25,20:55,21:25,21:05,21:34,21:35,21:40,00:30,00:30,DELAY,ONTIME,ONTIME,ONTIME,,93,00:10,,,,,21:00,21:30,,,HAN,SGN,SGN,Domestic,VJ,,,,,,,,,,,,
,2026-06-27,VJ508/VJ527,A668,A320,DAD-HAN-DAD,15:25,21:40,15:25,21:40,16:08,21:29,21:30,21:36,06:15,05:22,EARLY,ONTIME,ONTIME,DELAY,,,,,,,,20:55,21:25,,,HAN,DAD,DAD,Domestic,VJ,,,,,,,,,,,,
,2026-06-27,VJ1452/VJ7526,A635,A321,PQC-HAN-CAN,19:50,22:30,19:50,22:30,20:42,22:22,22:23,22:25,02:40,01:41,EARLY,ONTIME,ONTIME,DELAY,,,,,,,,21:45,22:20,,,HAN,PQC,CAN,International,VJ,,,,,,,,,,,,
,2026-06-27,VJ518/VJ529,A683,A321,DAD-HAN-DAD,22:05,22:35,22:05,22:35,22:15,22:44,22:45,22:45,00:30,00:30,DELAY,ONTIME,ONTIME,ONTIME,,93,00:10,,,,,22:15,22:41,,,HAN,DAD,DAD,Domestic,VJ,,,,,,,,,,,,
,2026-06-27,VJ947/VJ167,A547,A321,KHH-HAN-SGN,20:35,22:45,20:35,22:45,20:30,22:37,22:38,22:40,02:10,02:08,EARLY,ONTIME,ONTIME,ONTIME,,,,,,,,22:00,22:35,,,HAN,KHH,SGN,Domestic,VJ,,,,,,,,,,,,
,2026-06-27,VJ496/VJ533,A670,A321,BMV-HAN-DAD,22:00,23:05,22:00,23:05,22:05,22:54,22:55,23:02,01:05,00:50,EARLY,ONTIME,ONTIME,ONTIME,,,,,,,,22:15,22:50,,,HAN,BMV,DAD,Domestic,VJ,,,,,,,,,,,,
,2026-06-28,____/VJ932,A200,A321,HAN-NRT,,00:30,,00:30,,00:17,00:18,00:20,,,EARLY,ONTIME,ONTIME,,,,,,,,,23:40,00:15,,,HAN,HAN,NRT,International,VJ,,,,,,,,,,,,
,2026-06-28,____/VJ982,A644,A321,HAN-PUS,,01:05,,01:05,,01:04,01:05,01:15,,,ONTIME,ONTIME,ONTIME,,,,,,,,,00:15,01:00,,,HAN,HAN,PUS,International,VJ,,,,,,,,,,,,
,2026-06-28,____/VJ938,A575,A321,HAN-KIX,,01:20,,01:20,,01:19,01:20,01:25,,,ONTIME,ONTIME,ONTIME,,,,,,,,,00:30,01:15,,,HAN,HAN,KIX,International,VJ,,,,,,,,,,,,
,2026-06-28,____/VJ960,A685,A321,HAN-ICN,,01:40,,01:40,,01:32,01:33,01:35,,,EARLY,ONTIME,ONTIME,,,,,,,,,00:55,01:30,,,HAN,HAN,ICN,International,VJ,,,,,,,,,,,,
,2026-06-28,____/VJ920,A538,A321,HAN-NGO,,01:40,,01:40,,01:29,01:30,01:37,,,EARLY,ONTIME,ONTIME,,,,,,,,,00:55,01:25,,,HAN,HAN,NGO,International,VJ,,,,,,,,,,,,
,2026-06-28,____/VJ1980,A656,A320,HAN-FSZ,,02:40,,02:40,,02:24,02:25,02:26,,,EARLY,ONTIME,ONTIME,,,,,,,,,01:45,02:10,,,HAN,HAN,FSZ,International,VJ,,,,,,,,,,,,
,2026-06-28,____/VJ123,A642,A321,HAN-SGN,,05:30,,05:30,,05:24,05:25,05:29,,,EARLY,ONTIME,ONTIME,,,,,,,,,04:40,05:21,,,HAN,HAN,SGN,Domestic,VJ,,,,,,,,,,,,
,2026-06-28,____/VJ445,A641,A321,HAN-PQC,,05:30,,05:30,,05:24,05:25,05:26,,,EARLY,ONTIME,ONTIME,,,,,,,,,04:40,05:20,,,HAN,HAN,PQC,Domestic,VJ,,,,,,,,,,,,
,2026-06-28,VJ534/VJ501,A670,A321,DAD-HAN-DAD,02:20,05:40,02:20,05:40,02:10,05:34,05:35,05:43,03:20,03:25,EARLY,ONTIME,ONTIME,ONTIME,,,,,,,,04:55,05:30,,,HAN,DAD,DAD,Domestic,VJ,,,,,,,,,,,,
,2026-06-28,____/VJ771,A662,A320,HAN-CXR,,05:45,,05:45,,05:36,05:37,05:41,,,EARLY,ONTIME,ONTIME,,,,,,,,,04:55,05:33,,,HAN,HAN,CXR,Domestic,VJ,,,,,,,,,,,,
,2026-06-28,____/VJ121,A698,A321,HAN-SGN,,06:00,,06:00,,05:54,05:55,06:05,,,EARLY,ONTIME,ONTIME,,,,,,,,,05:15,05:50,,,HAN,HAN,SGN,Domestic,VJ,,,,,,,,,,,,
,2026-06-28,VJ7527/VJ491,A635,A321,CAN-HAN-BMV,03:05,06:00,03:05,06:00,03:15,05:54,05:55,06:00,02:55,02:40,EARLY,ONTIME,ONTIME,ONTIME,,,,,,,,05:01,05:51,,,HAN,CAN,BMV,Domestic,VJ,,,,,,,,,,,,
,2026-06-28,____/VJ431,A663,A320,HAN-UIH,,06:05,,06:05,,05:57,05:58,06:16,,,EARLY,ONTIME,ONTIME,,,,,,,,,05:20,05:55,,LATE PUSHBACK DUE TO ATC,HAN,HAN,UIH,Domestic,VJ,,,,,,,,,,,,
,2026-06-28,VJ7713/VJ952,A655,A320,PKX-HAN-HIJ,04:15,06:15,04:15,06:15,05:00,06:09,06:10,06:15,02:00,01:10,EARLY,ONTIME,ONTIME,DELAY,,,,,,,,05:30,06:08,,,HAN,PKX,HIJ,International,VJ,,,,,,,,,,,,
,2026-06-28,____/VJ531,A550,A321,HAN-DAD,,06:30,,06:30,,06:24,06:25,06:34,,,EARLY,ONTIME,ONTIME,,,,,,,,,05:45,06:20,,,HAN,HAN,DAD,Domestic,VJ,,,,,,,,,,,,
,2026-06-28,____/VJ461,A578,A321,HAN-VCA,,06:45,,06:45,,06:39,06:40,06:45,,,EARLY,ONTIME,ONTIME,,,,,,,,,05:55,06:36,,,HAN,HAN,VCA,Domestic,VJ,,,,,,,,,,,,
,2026-06-28,VJ2987/VJ2987,A516,A321,NOZ-HAN-DAD,06:15,06:45,06:15,06:45,05:45,06:26,06:27,06:31,00:30,00:42,EARLY,ONTIME,ONTIME,ONTIME,,,,,,,,,,X,,HAN,NOZ,DAD,Domestic,VJ,,,,,,,,,,,,
,2026-06-28,____/VJ1771,A640,A321,HAN-CXR,,07:00,,07:00,,06:54,06:55,07:10,,,EARLY,ONTIME,ONTIME,,,,,,,,,06:10,06:53,,LATE PUSHBACK DUE TO ATC,HAN,HAN,CXR,Domestic,VJ,,,,,,,,,,,,
,2026-06-28,____/VJ421,A693,A321,HAN-PXU,,07:10,,07:10,,07:00,07:01,07:15,,,EARLY,ONTIME,ONTIME,,,,,,,,,06:25,06:55,,,HAN,HAN,PXU,Domestic,VJ,,,,,,,,,,,,
,2026-06-28,VJ7239/VJ197,A650,A320,PVG-HAN-SGN,04:50,07:20,04:50,07:20,04:35,07:14,07:15,07:23,02:30,02:40,EARLY,ONTIME,ONTIME,ONTIME,,,,,,,,06:30,07:12,,,HAN,PVG,SGN,Domestic,VJ,,,,,,,,,,,,
,2026-06-28,____/VJ905,A666,A320,HAN-KUL,,07:25,,07:25,,07:24,07:25,07:35,,,ONTIME,ONTIME,ONTIME,,,,,,,,,06:40,07:20,,LATE ACCEPT 6PAX 3BAG,HAN,HAN,KUL,International,VJ,,,,,,,,,,,,
,2026-06-28,____/VJ503,A632,A321,HAN-DAD,,07:30,,07:30,,07:29,07:30,07:35,,,ONTIME,ONTIME,ONTIME,,,,,,,,,06:40,07:26,,PHÁT SINH OFFLOAD CABIN BAG OVERSIZE,HAN,HAN,DAD,Domestic,VJ,,,,,,,,,,,,
,2026-06-28,____/VJ934,A549,A321,HAN-NRT,,07:55,,07:55,,07:59,08:00,08:05,,,DELAY,ONTIME,ONTIME,,,99,00:05,,,,,07:00,07:57,,LATE ACCEPT 23PAX 21BAG,HAN,HAN,NRT,International,VJ,,,,,,,,,,,,
,2026-06-28,VJ120/VJ127,A546,A321,SGN-HAN-SGN,07:10,08:10,07:10,08:10,07:10,08:09,08:10,08:19,01:00,01:00,ONTIME,ONTIME,ONTIME,ONTIME,,,,,,,,07:20,08:07,,,HAN,SGN,SGN,Domestic,VJ,,,,,,,,,,,,
,2026-06-28,____/VJ929,A500,A321,HAN-CGK,,08:40,,08:40,,08:36,08:37,08:39,,,EARLY,ONTIME,ONTIME,,,,,,,,,07:55,08:34,,,HAN,HAN,CGK,International,VJ,,,,,,,,,,,,
,2026-06-28,VJ124/VJ129,A669,A320,SGN-HAN-SGN,08:15,08:45,08:15,08:45,08:15,08:44,08:45,09:00,00:30,00:30,ONTIME,ONTIME,ONTIME,ONTIME,,,,,,,,08:20,08:44,,,HAN,SGN,SGN,Domestic,VJ,,,,,,,,,,,,
,2026-06-28,____/VJ447,A649,A321,HAN-PQC,,08:45,,08:45,,08:44,08:45,08:50,,,ONTIME,ONTIME,ONTIME,,,,,,,,,08:00,08:42,,,HAN,HAN,PQC,Domestic,VJ,,,,,,,,,,,,
,2026-06-28,VJ7621/VJ7621,A553,A321,HAN-CXR,,09:00,,09:00,08:00,08:29,08:30,08:37,,,EARLY,ONTIME,ONTIME,,,,,,,,,,,X,,HAN,HAN,CXR,Domestic,VJ,,,,,,,,,,,,
,2026-06-28,____/VJ505,A671,A320,HAN-DAD,,09:05,,09:05,,09:04,09:05,09:07,,,ONTIME,ONTIME,ONTIME,,,,,,,,,08:15,09:02,,,HAN,HAN,DAD,Domestic,VJ,,,,,,,,,,,,
,2026-06-28,VJ502/VJ435,A687,A321,DAD-HAN-UIH,08:30,09:15,08:30,09:15,08:20,09:14,09:15,09:20,00:45,00:55,ONTIME,ONTIME,ONTIME,ONTIME,,,,,,,,08:30,09:11,,,HAN,DAD,UIH,Domestic,VJ,,,,,,,,,,,,
,2026-06-28,VJ514/VJ563,A670,A321,DAD-HAN-HUI,08:50,09:20,08:50,09:20,08:55,09:24,09:25,09:30,00:30,00:30,DELAY,ONTIME,ONTIME,ONTIME,,93,00:05,,,,,08:55,09:22,,,HAN,DAD,HUI,Domestic,VJ,,,,,,,,,,,,
,2026-06-28,____/VJ915,A674,A321,HAN-SIN,,09:35,,09:35,,09:29,09:30,09:33,,,EARLY,ONTIME,ONTIME,,,,,,,,,08:45,09:25,,,HAN,HAN,SIN,International,VJ,,,,,,,,,,,,
,2026-06-28,____/VJ1773,A580,A321,HAN-CXR,,10:00,,10:00,,09:59,10:00,10:07,,,ONTIME,ONTIME,ONTIME,,,,,,,,,09:15,09:57,,,HAN,HAN,CXR,Domestic,VJ,,,,,,,,,,,,
,2026-06-28,VJ126/VJ131,A528,A321,SGN-HAN-SGN,09:40,10:10,09:40,10:10,09:36,10:09,10:10,10:20,00:30,00:34,ONTIME,ONTIME,ONTIME,ONTIME,,,,,,,,09:36,10:07,,,HAN,SGN,SGN,Domestic,VJ,,,,,,,,,,,,
,2026-06-28,VJ430/VJ463,A663,A320,UIH-HAN-VCA,09:50,10:20,09:50,10:20,10:15,10:39,10:40,10:58,00:30,00:25,DELAY,DELAY,DELAY,DELAY,,93,00:20,,,,,10:10,10:37,,,HAN,UIH,VCA,Domestic,VJ,,,,,,,,,,,,
,2026-06-28,VJ532/VJ425,A550,A321,DAD-HAN-PXU,09:45,10:20,09:45,10:20,10:00,10:19,10:20,10:35,00:35,00:20,ONTIME,ONTIME,ONTIME,ONTIME,,,,,,,,09:55,10:17,,,HAN,DAD,PXU,Domestic,VJ,,,,,,,,,,,,
,2026-06-28,VJ122/VJ997,A548,A321,SGN-HAN-DPS,09:05,10:25,09:05,10:25,09:20,10:17,10:18,10:30,01:20,00:58,EARLY,ONTIME,ONTIME,ONTIME,,,,,,,,09:35,10:15,,,HAN,SGN,DPS,International,VJ,,,,,,,,,,,,
,2026-06-28,VJ770/VJ437,A662,A320,CXR-HAN-UIH,09:55,10:25,09:55,10:25,10:00,10:24,10:25,10:39,00:30,00:25,ONTIME,ONTIME,ONTIME,ONTIME,,,,,,,,09:55,10;22,,,HAN,CXR,UIH,Domestic,VJ,,,,,,,,,,,,
,2026-06-28,____/VJ565,A522,A321,HAN-HUI,,10:30,,10:30,,10:24,10:25,10:45,,,EARLY,ONTIME,ONTIME,,,,,,,,,09:45,10:21,,,HAN,HAN,HUI,Domestic,VJ,,,,,,,,,,,,
,2026-06-28,VJ448/VJ493,A641,A321,PQC-HAN-BMV,10:15,10:40,10:15,10:40,10:25,11:09,11:10,11:10,00:25,00:45,DELAY,DELAY,DELAY,ONTIME,,93,00:15,46,00:15,,,10:40,11:07,,CHANGE A/C DUE TO TECHNICAL,HAN,PQC,BMV,Domestic,VJ,,,,,,,,,,,,
,2026-06-28,____/VJ901,A578,A321,HAN-BKK,,11:10,,11:10,,11:42,11:43,11:48,,,DELAY,DELAY,DELAY,,,81,00:33,,,,,11:15,11:40,,LATE TOW DUE TO ATC,HAN,HAN,BKK,International,VJ,,,,,,,,,,,,
,2026-06-28,VJ524/VJ507,A632,A321,DAD-HAN-DAD,10:45,11:25,10:45,11:25,11:00,11:48,11:49,11:52,00:40,00:49,DELAY,DELAY,DELAY,ONTIME,,41,00:19,93,00:05,,,10:52,11:37,,A/C COMPUTER SYSTEM DOWN,HAN,DAD,DAD,Domestic,VJ,,,,,,,,,,,,
,2026-06-28,VJ130/VJ133,A642,A321,SGN-HAN-SGN,10:50,11:25,10:50,11:25,10:55,11:29,11:30,11:40,00:35,00:35,DELAY,ONTIME,ONTIME,ONTIME,,66,00:05,,,,,10:58,11:26,,CREW OB 1107,HAN,SGN,SGN,Domestic,VJ,,,,,,,,,,,,
,2026-06-28,VJ422/VJ451,A693,A321,PXU-HAN-PQC,10:50,11:45,10:50,11:45,11:05,11:44,11:45,11:49,00:55,00:40,ONTIME,ONTIME,ONTIME,ONTIME,,,,,,,,11:05,11:40,,,HAN,PXU,PQC,Domestic,VJ,,,,,,,,,,,,
,2026-06-28,VJ981/VJ135,A644,A321,PUS-HAN-SGN,10:40,11:55,10:40,11:55,10:35,11:54,11:55,12:10,01:15,01:20,ONTIME,ONTIME,ONTIME,ONTIME,,,,,,,,11:15,11:53,,,HAN,PUS,SGN,Domestic,VJ,,,,,,,,,,,,
,2026-06-28,VJ1772/VJ1453,A526,A321,CXR-HAN-PQC,11:25,12:05,11:25,12:05,12:05,12:32,12:33,12:49,00:40,00:28,DELAY,DELAY,DELAY,DELAY,,93,00:28,,,,,12:00,12:30,,,HAN,CXR,PQC,Domestic,VJ,,,,,,,,,,,,
,2026-06-28,VJ128/VJ137,A539,A321,SGN-HAN-SGN,11:50,12:20,11:50,12:20,12:00,12:29,12:30,12:34,00:30,00:30,DELAY,ONTIME,ONTIME,ONTIME,,93,00:10,,,,,12:00,12:26,,,HAN,SGN,SGN,Domestic,VJ,,,,,,,,,,,,
,2026-06-28,VJ462/VJ515,A552,A321,VCA-HAN-DAD,11:40,12:20,11:40,12:20,11:35,12:06,12:07,12:30,00:40,00:32,EARLY,ONTIME,ONTIME,ONTIME,,,,,,,,11:40,12:03,,,HAN,VCA,DAD,Domestic,VJ,,,,,,,,,,,,
,2026-06-28,VJ506/VJ453,A516,A321,DAD-HAN-PQC,12:30,13:05,12:30,13:05,13:05,13:33,13:34,13:43,00:35,00:29,DELAY,DELAY,DELAY,DELAY,,93,00:29,,,,,13:05,13:31,,,HAN,DAD,PQC,Domestic,VJ,,,,,,,,,,,,
,2026-06-28,VJ564/VJ787,A670,A321,HUI-HAN-CXR,12:20,13:10,12:20,13:10,12:45,13:14,13:15,13:20,00:50,00:30,DELAY,ONTIME,ONTIME,DELAY,,93,00:05,,,,,12:50,13:12,,,HAN,HUI,CXR,Domestic,VJ,,,,,,,,,,,,
,2026-06-28,VJ198/VJ433,A658,A320,SGN-HAN-UIH,12:40,13:20,12:40,13:20,12:45,13:15,13:16,13:24,00:40,00:31,EARLY,ONTIME,ONTIME,ONTIME,,,,,,,,12:43,13:12,,,HAN,SGN,UIH,Domestic,VJ,,,,,,,,,,,,
,2026-06-28,VJ939/VJ948,A575,A321,KIX-HAN-RMQ,12:20,13:30,12:20,13:30,12:55,13:49,13:50,13:55,01:10,00:55,DELAY,DELAY,DELAY,DELAY,,66,00:10,99,00:10,,,13:10,13:47,,CREW OB 1307; LATE ACCEPT 02PAX02BAG,HAN,KIX,RMQ,International,VJ,,,,,,,,,,,,
,2026-06-28,VJ432/VJ509,A687,A321,UIH-HAN-DAD,13:00,13:30,13:00,13:30,13:05,13:29,13:30,13:32,00:30,00:25,ONTIME,ONTIME,ONTIME,ONTIME,,,,,,,,13:05,13:27,,,HAN,UIH,DAD,Domestic,VJ,,,,,,,,,,,,
,2026-06-28,VJ492/VJ525,A635,A321,BMV-HAN-DAD,10:00,14:05,10:00,14:05,10:10,14:03,14:04,14:10,04:05,03:54,EARLY,ONTIME,ONTIME,ONTIME,,,,,,,,13:00,14:00,,,HAN,BMV,DAD,Domestic,VJ,,,,,,,,,,,,
,2026-06-28,VJ566/VJ441,A522,A321,HUI-HAN-PQC,13:30,14:10,13:30,14:10,14:00,15:39,15:40,15:49,00:40,01:40,DELAY,DELAY,DELAY,DELAY,,93,00:15,41,01:15,,,13:55,14:22,,GROUND RETURN DUE TO TECHNICAL,HAN,HUI,PQC,Domestic,VJ,,,,,,,,,,,,
,2026-06-28,VJ134/VJ143,A546,A321,SGN-HAN-SGN,13:30,14:10,13:30,14:10,13:55,14:34,14:35,14:40,00:40,00:40,DELAY,DELAY,DELAY,DELAY,,93,00:15,66,00:05,87,00:05,14:00,14:32,,CREW OB 1404 - STUCK AT PBB,HAN,SGN,SGN,Domestic,VJ,,,,,,,,,,,,
,2026-06-28,VJ933/VJ191,A200,A321,NRT-HAN-SGN,13:05,14:20,13:05,14:20,13:20,14:10,14:12,14:14,01:15,00:52,EARLY,ONTIME,ONTIME,ONTIME,,,,,,,,13:35,14:07,,,HAN,NRT,SGN,Domestic,VJ,,,,,,,,,,,,
,2026-06-28,VJ921/VJ942,A538,A321,NGO-HAN-TPE,12:50,14:25,12:50,14:25,12:40,14:24,14:25,14:32,01:35,01:45,ONTIME,ONTIME,ONTIME,ONTIME,,,,,,,,13:45,14:22,,,HAN,NGO,TPE,International,VJ,,,,,,,,,,,,
,2026-06-28,VJ1504/VJ1505,A636,A321,DAD-HAN-DAD,14:00,14:35,14:00,15:25,14:25,15:24,15:25,15:35,01:25,01:00,ONTIME,ONTIME,DELAY,DELAY,,,,,,,,14:50,15:22,,,HAN,DAD,DAD,Domestic,VJ,,,,,,,,,,,,
,2026-06-28,VJ426/VJ145,A550,A321,PXU-HAN-SGN,14:05,14:40,14:05,14:40,14:10,14:54,14:55,15:05,00:35,00:45,DELAY,ONTIME,DELAY,ONTIME,,66,00:10,15A,00:05,,,14:21,14:52,,CREW OB 1421 / OFFLD 02PAX 01BAG,HAN,PXU,SGN,Domestic,VJ,,,,,,,,,,,,
,2026-06-28,VJ961/VJ946,A685,A321,ICN-HAN-KHH,13:35,14:50,13:35,14:50,13:10,14:45,14:48,14:50,01:15,01:38,EARLY,ONTIME,ONTIME,ONTIME,,,,,,,,14:05,14:43,,,HAN,ICN,KHH,International,VJ,,,,,,,,,,,,
,2026-06-28,VJ1981/VJ423,A656,A320,FSZ-HAN-PXU,14:00,15:05,14:00,15:05,14:02,15:04,15:05,15:14,01:05,01:03,ONTIME,ONTIME,ONTIME,ONTIME,,,,,,,,14:25,15:02,,,HAN,FSZ,PXU,Domestic,VJ,,,,,,,,,,,,
,2026-06-28,VJ136/VJ1451,A698,A321,SGN-HAN-PQC,14:20,15:05,14:20,15:05,14:30,15:00,15:01,15:10,00:45,00:31,EARLY,ONTIME,ONTIME,ONTIME,,,,,,,,14:30,14:58,,,HAN,SGN,PQC,Domestic,VJ,,,,,,,,,,,,
,2026-06-28,VJ1774/VJ467,A532,A321,CXR-HAN-VCA,14:25,15:05,14:25,15:05,14:50,15:19,15:20,15:20,00:40,00:30,DELAY,ONTIME,ONTIME,DELAY,,93,00:15,,,,,14:39,15:17,,,HAN,CXR,VCA,Domestic,VJ,,,,,,,,,,,,
,2026-06-28,VJ440/VJ511,A649,A321,PQC-HAN-DAD,13:30,15:20,13:30,15:20,13:33,15:19,15:20,15:35,01:50,01:47,ONTIME,ONTIME,ONTIME,ONTIME,,,,,,,,14:40,15:17,,,HAN,PQC,DAD,Domestic,VJ,,,,,,,,,,,,
,2026-06-28,VJ510/VJ419,A632,A321,DAD-HAN-TBB,14:40,15:20,14:40,15:50,15:30,15:57,15:58,16:19,01:10,00:28,DELAY,ONTIME,DELAY,DELAY,,93,00:08,,,,,15:30,15:31,,,HAN,DAD,TBB,Domestic,VJ,,,,,,,,,,,,
,2026-06-28,VJ436/VJ439,A662,A320,UIH-HAN-UIH,14:10,15:40,14:10,15:40,14:35,15:33,15:34,15:46,01:30,00:59,EARLY,ONTIME,ONTIME,DELAY,,,,,,,,15:00,15:31,,,HAN,UIH,UIH,Domestic,VJ,,,,,,,,,,,,
,2026-06-28,VJ906/VJ903,A666,A320,KUL-HAN-BKK,14:40,15:45,14:40,15:45,14:58,15:44,15:45,15:50,01:05,00:47,ONTIME,ONTIME,ONTIME,DELAY,,,,,,,,15:15,15:42,,,HAN,KUL,BKK,International,VJ,,,,,,,,,,,,
,2026-06-28,VJ138/VJ147,A528,A321,SGN-HAN-SGN,15:15,15:50,15:15,15:50,15:10,15:54,15:55,16:05,00:35,00:45,DELAY,ONTIME,ONTIME,ONTIME,,89,00:05,,,,,15:10,15:54,,VIP FLIGHT,HAN,SGN,SGN,Domestic,VJ,,,,,,,,,,,,
,2026-06-28,VJ494/VJ567,A641,A321,BMV-HAN-HUI,14:40,15:55,14:40,15:55,15:35,16:04,16:05,16:10,01:15,00:30,DELAY,ONTIME,ONTIME,DELAY,,93,00:10,,,,,15:35,16:02,,,HAN,BMV,HUI,Domestic,VJ,,,,,,,,,,,,
,2026-06-28,VJ508/VJ773,A552,A321,DAD-HAN-CXR,15:40,16:20,15:40,16:20,16:20,16:48,16:50,17:15,00:40,00:30,DELAY,DELAY,DELAY,DELAY,,93,00:30,,,,,16:20,16:47,,LATE PB DUE TO BAD WX AT HAN,HAN,DAD,CXR,Domestic,VJ,,,,,,,,,,,,
,2026-06-28,VJ902/VJ193,A578,A321,BKK-HAN-SGN,15:50,16:50,15:50,16:50,16:35,17:10,17:11,17:50,01:00,00:36,DELAY,DELAY,DELAY,DELAY,,93,00:15,66,00:06,,,16:45,17:08,,CREW OB 1643,HAN,BKK,SGN,Domestic,VJ,,,,,,,,,,,,
,2026-06-28,VJ140/VJ151,A689,A320,SGN-HAN-SGN,16:20,16:55,16:20,16:55,16:55,17:13,17:14,18:00,00:35,00:19,DELAY,DELAY,DELAY,DELAY,,93,00:19,,,,,16:45,17:12,,,HAN,SGN,SGN,Domestic,VJ,,,,,,,,,,,,
,2026-06-28,VJ953/VJ465,A655,A320,HIJ-HAN-VCA,16:10,17:00,16:10,17:00,16:30,17:54,17:55,18:56,00:50,01:25,DELAY,DELAY,DELAY,DELAY,,41,00:55,,,,,17:30,17:52,,CHANGE WHEEL,HAN,HIJ,VCA,Domestic,VJ,,,,,,,,,,,,
,2026-06-28,VJ452/VJ457,A544,A321,PQC-HAN-PQC,16:20,17:10,16:20,17:10,16:40,17:09,17:10,17:40,00:50,00:30,ONTIME,ONTIME,DELAY,DELAY,,,,,,,,16:40,17:07,,LATE PB DUE TO BAD WX AT HAN,HAN,PQC,PQC,Domestic,VJ,,,,,,,,,,,,
,2026-06-28,VJ774/VJ495,A670,A321,CXR-HAN-BMV,17:15,17:30,17:15,19:00,18:45,19:14,19:15,19:40,01:45,00:30,DELAY,ONTIME,DELAY,DELAY,,93,00:15,,,,,18:45,19:13,,LATE PB DUE TO ATC,HAN,CXR,BMV,Domestic,VJ,,,,,,,,,,,,
,2026-06-28,VJ530/VJ141,A671,A320,DAD-HAN-SGN,16:40,17:35,16:40,17:35,17:10,17:59,18:00,18:50,00:55,00:50,DELAY,DELAY,DELAY,DELAY,,93,00:05,77,00:20,,,17:15,17:57,,LATE DC & PB DUE TO BAD WX AT HAN,HAN,DAD,SGN,Domestic,VJ,,,,,,,,,,,,
,2026-06-28,VJ434/VJ1431,A658,A320,UIH-HAN-UIH,17:10,17:40,17:10,17:40,17:25,18:32,18:33,18:53,00:30,01:08,DELAY,DELAY,DELAY,ONTIME,,93,00:10,77,00:43,,,17:12,18:05,,LATE DC & PB DUE TO BAD WX AT HAN,HAN,UIH,UIH,Domestic,VJ,,,,,,,,,,,,
,2026-06-28,VJ1454/VJ517,A526,A321,PQC-HAN-DAD,16:50,17:45,16:50,18:15,18:40,19:19,19:20,19:47,01:25,00:40,DELAY,DELAY,DELAY,DELAY,,93,00:55,66,00:10,,,18:35,19:17,,CREW OB 1850,HAN,PQC,DAD,Domestic,VJ,,,,,,,,,,,,
,2026-06-28,VJ568/VJ153,A641,A321,HUI-HAN-SGN,18:55,18:05,18:55,20:30,20:35,21:04,21:05,22:07,01:35,00:30,DELAY,DELAY,DELAY,DELAY,,93,00:35,,,,,20:40,21:02,,LATE PB DUE TO ATC,HAN,HUI,SGN,Domestic,VJ,,,,,,,,,,,,
,2026-06-28,VJ456/VJ781,A516,A321,PQC-HAN-CXR,17:45,18:20,17:45,19:30,19:45,20:14,20:15,20:45,01:45,00:30,DELAY,DELAY,DELAY,DELAY,,93,00:45,,,,,19:45,20:12,,LATE PB DUE TO ATC,HAN,PQC,CXR,Domestic,VJ,,,,,,,,,,,,
,2026-06-28,VJ142/VJ521,A644,A321,SGN-HAN-DAD,18:25,18:45,00:00,00:50,00:35,01:04,01:05,01:38,00:50,00:30,DELAY,ONTIME,DELAY,ONTIME,,93,00:15,,,,,00:30,01:02,,LATE PB DUE TO ATC,HAN,SGN,DAD,Domestic,VJ,,,,,,,,,,,,
,2026-06-28,VJ454/VJ789,A693,A321,PQC-HAN-CXR,16:45,18:45,16:45,18:45,16:45,19:14,19:15,20:13,02:00,02:30,DELAY,DELAY,DELAY,ONTIME,,,,95,00:30,,,18:35,19:13,,LATE PB DUE TO ATC,HAN,PQC,CXR,Domestic,VJ,,,,,,,,,,,,
,2026-06-28,VJ144/VJ155,A203,A321,SGN-HAN-SGN,18:20,18:55,18:20,19:15,19:30,20:04,20:05,20:38,00:55,00:35,DELAY,DELAY,DELAY,DELAY,,93,00:45,66,00:05,,,19:35,20:03,,CREW OB 1940,HAN,SGN,SGN,Domestic,VJ,,,,,,,,,,,,
,2026-06-28,VJ424/VJ561,A656,A320,PXU-HAN-HUI,18:45,19:15,18:45,19:15,19:50,20:14,20:15,21:23,00:30,00:25,DELAY,DELAY,DELAY,DELAY,,93,01:00,,,,,19:36,20:12,,,HAN,PXU,HUI,Domestic,VJ,,,,,,,,,,,,
,2026-06-28,VJ512/VJ1127,A649,A321,DAD-HAN-SGN,18:35,19:35,18:35,21:35,20:45,21:24,21:25,22:15,03:00,00:40,EARLY,ONTIME,DELAY,DELAY,,,,,,,,20:35,21:22,,LATE PB DUE TO ATC,HAN,DAD,SGN,Domestic,VJ,,,,,,,,,,,,
,2026-06-28,VJ916/VJ1925,A674,A321,SIN-HAN-AMD,17:25,19:45,17:25,19:45,17:35,20:09,20:10,20:14,02:20,02:35,DELAY,DELAY,DELAY,ONTIME,,99,00:25,,,,,19:05,20:07,,LATE ACPT CONNECTING PAX FROM VJ928,HAN,SIN,AMD,International,VJ,,,,,,,,,,,,
,2026-06-28,VJ188/VJ523,A200,A321,SGN-HAN-DAD,19:15,19:45,19:15,19:45,19:40,20:09,20:10,20:50,00:30,00:30,DELAY,DELAY,DELAY,DELAY,,93,00:25,,,,,19:40,20:07,,LATE PB DUE TO ATC,HAN,SGN,DAD,Domestic,VJ,,,,,,,,,,,,
,2026-06-28,VJ152/VJ159,A607,A321,SGN-HAN-SGN,19:20,20:10,19:20,21:10,19:35,20:09,20:10,21:10,01:50,00:35,EARLY,ONTIME,DELAY,ONTIME,,,,,,,,19:35,20:07,,LATE PB DUE TO ATC,HAN,SGN,SGN,Domestic,VJ,,,,,,,,,,,,
,2026-06-28,VJ953/VJ7712,A655,A320,HIJ-HAN-PKX,16:10,20:00,16:10,20:00,16:45,19:59,20:00,20:30,03:50,03:15,ONTIME,ONTIME,DELAY,DELAY,,,,,,,,19:10,19:57,,LATE PB DUE TO ATC,HAN,HIJ,PKX,International,VJ,,,,,,,,,,,,
,2026-06-28,VJ7614/VJ7614,A553,A321,CXR-HAN-BQS,19:15,20:00,19:15,20:00,19:55,20:24,20:25,21:00,00:45,00:30,DELAY,DELAY,DELAY,DELAY,,93,00:25,,,,,,,X,LATE PB DUE TO ATC,HAN,CXR,BQS,International,VJ,,,,,,,,,,,,
,2026-06-28,VJ438/VJ1785,A662,A320,UIH-HAN-CXR,19:25,20:00,19:25,21:30,21:10,22:46,22:47,22:59,02:05,01:37,DELAY,DELAY,DELAY,DELAY,,93,00:10,77,01:07,,,21:00,22:44,,DL77 BAD WX AT HAN,HAN,UIH,CXR,Domestic,VJ,,,,,,,,,,,,
,2026-06-28,VJ928/VJ455,A500,A321,CGK-HAN-PQC,18:15,20:05,18:15,20:05,19:25,20:04,20:05,20:45,01:50,00:40,ONTIME,ONTIME,DELAY,DELAY,,,,,,,,19:25,20:02,,LATE PB DUE TO ATC,HAN,CGK,PQC,Domestic,VJ,,,,,,,,,,,,
,2026-06-28,VJ146/VJ519,A546,A321,SGN-HAN-DAD,19:10,19:50,19:10,20:20,20:40,20:59,21:00,22:19,01:10,00:20,DELAY,DELAY,DELAY,DELAY,,93,00:40,,,,,20:30,20:56,,LATE PB DUE TO ATC,HAN,SGN,DAD,Domestic,VJ,,,,,,,,,,,,
,2026-06-28,VJ420/VJ783,A632,A321,TBB-HAN-CXR,20:50,20:25,20:50,22:00,21:52,22:34,22:35,23:15,01:10,00:43,DELAY,DELAY,DELAY,DELAY,,93,00:22,77,00:13,,,21:40,22:32,,13MINS DUE TO BAD WEATHER / LATE PB DUE TO ATC,HAN,TBB,CXR,Domestic,VJ,,,,,,,,,,,,
,2026-06-28,VJ468/VJ161,A532,A321,VCA-HAN-SGN,20:00,20:55,20:00,21:30,20:50,21:58,21:59,22:25,01:30,01:09,DELAY,DELAY,DELAY,DELAY,,41,00:29,,,,,20:57,21:56,,29MINS TECHNICAL CHECK/ LATE PB DUE TO ATC,HAN,VCA,SGN,Domestic,VJ,,,,,,,,,,,,
,2026-06-28,VJ904/VJ7238,A666,A320,BKK-HAN-PVG,20:25,21:15,20:25,22:55,22:45,23:19,23:20,0:08:00,02:30,00:35,DELAY,DELAY,DELAY,DELAY,,93,00:15,66,00:10,,,22:50,23:17,,CREW OB 2256 / LATE PB DUE TO ATC,HAN,BKK,PVG,International,VJ,,,,,,,,,,,,
,2026-06-28,VJ24/VJ527,A816,A330,HAN-DAD,20:35,21:25,20:35,22:45,21:50,23:29,23:30,23:38,02:10,01:40,DELAY,DELAY,DELAY,DELAY,,77,00:45,,,,,22:00,23:26,,DL77 BAD WX AT HAN,HAN,HAN,DAD,Domestic,VJ,,,,,,,,,,,,
,2026-06-28,VJ1452/VJ7342,A698,A321,PQC-HAN-XIY,19:50,21:25,19:50,22:00,21:05,21:59,22:00,22:50,02:10,00:55,ONTIME,ONTIME,DELAY,DELAY,,,,,,,,,,,FERRY FLIGHT/ LATE PB DUE TO ATC,HAN,PQC,XIY,International,VJ,,,,,,,,,,,,
,2026-06-28,VJ776/VJ163,A552,A321,CXR-HAN-SGN,20:40,21:40,20:40,23:55,23:50,00:19,00:20,01:00,03:15,00:30,DELAY,DELAY,DELAY,DELAY,,93,00:25,,,,,23:50,00:18,,,HAN,CXR,SGN,Domestic,VJ,,,,,,,,,,,,
,2026-06-28,VJ528/VJ7526,A635,A321,DAD-HAN-CAN,17:25,22:30,17:25,01:00,00:55,01:34,01:35,01:58,07:35,00:40,DELAY,DELAY,DELAY,ONTIME,,93,00:25,66,00:15,,,01:12,01:36,,CREW OB 0114L,HAN,DAD,CAN,International,VJ,,,,,,,,,,,,
,2026-06-28,VJ496/VJ529,A670,A321,BMV-HAN-DAD,21:50,22:35,23:45,00:20,00:00,00:38,00:39,01:07,00:35,00:39,DELAY,DELAY,DELAY,ONTIME,,93,00:10,95,00:09,,,00:00,00:26,,WAIT CREW FROM VJ520 OB 0037L,HAN,BMV,DAD,Domestic,VJ,,,,,,,,,,,,
,2026-06-28,VJ518/VJ533,A645,A321,DAD-HAN-DAD,22:05,23:05,22:05,01:00,00:20,00:59,01:00,01:19,02:55,00:40,ONTIME,ONTIME,DELAY,ONTIME,,,,,,,,00:20,00:57,,,HAN,DAD,DAD,Domestic,VJ,,,,,,,,,,,,
,2026-06-28,VJ947/VJ962,A685,A321,KHH-HAN-ICN,20:50,23:15,20:50,23:15,21:10,23:14,23:15,00:25,02:25,02:05,ONTIME,ONTIME,DELAY,DELAY,,,,,,,,22:45,23:13,,LATE PB DUE TO ATC,HAN,KHH,ICN,International,VJ,,,,,,,,,,,,
,2026-06-28,VJ780/VJ167,A516,A321,CXR-HAN-SGN,22:30,23:15,22:30,02:20,01:55,02:19,02:20,02:35,03:50,00:25,ONTIME,ONTIME,DELAY,ONTIME,,,,,,,,01:45,02:18,,,HAN,CXR,SGN,Domestic,VJ,,,,,,,,,,,,
,2026-06-29,____/VJ932,A538,A321,HAN-NRT,,00:30,,00:30,,00:29,00:30,01:29,,,ONTIME,ONTIME,DELAY,,,,,,,,,23:45,00:27,,LATE PB DUE TO ATC,HAN,HAN,NRT,International,VJ,,,,,,,,,,,,
,2026-06-29,____/VJ938,A548,A321,HAN-KIX,,01:20,,01:20,,01:19,01:20,01:45,,,ONTIME,ONTIME,DELAY,,,,,,,,,00:40,01:16,,LATE PB DUE TO ATC,HAN,HAN,KIX,International,VJ,,,,,,,,,,,,
,2026-06-29,____/VJ960,A693,A321,HAN-ICN,,01:40,,01:40,,01:54,01:55,01:55,,,DELAY,ONTIME,ONTIME,,,95,00:15,,,,,01:41,01:51,,CREW OB 0142L,HAN,HAN,ICN,International,VJ,,,,,,,,,,,,
,2026-06-29,____/VJ920,A575,A321,HAN-NGO,,01:40,,01:40,,01:35,01:36,01:55,,,EARLY,ONTIME,ONTIME,,,,,,,,,00:50,01:34,,,HAN,HAN,NGO,International,VJ,,,,,,,,,,,,
,2026-06-29,____/VJ982,A636,A321,HAN-PUS,,01:05,,01:40,,01:35,01:36,02:01,,,EARLY,ONTIME,DELAY,,,,,,,,,00:50,01:34,,,HAN,HAN,PUS,International,VJ,,,,,,,,,,,,
,2026-06-29,VJ7988/VJ7988,A526,A321,DAD-HAN-VVO,,00:25,,02:15,02:15,02:44,02:45,02:46,,,DELAY,DELAY,DELAY,,,93,00:30,,,,,,,X,,HAN,DAD,VVO,International,VJ,,,,,,,,,,,,
,2026-06-29,____/VJ123,A544,A321,HAN-SGN,,05:30,,05:30,,05:24,05:25,05:33,,,EARLY,ONTIME,ONTIME,,,,,,,,,04:40,05:26,,,HAN,HAN,SGN,Domestic,VJ,,,,,,,,,,,,
,2026-06-29,____/VJ445,A549,A321,HAN-PQC,,05:30,,05:30,,05:22,05:23,05:29,,,EARLY,ONTIME,ONTIME,,,,,,,,,04:40,05:20,,,HAN,HAN,PQC,Domestic,VJ,,,,,,,,,,,,
,2026-06-29,____/VJ501,A641,A321,HAN-DAD,,05:40,,05:40,,05:34,05:35,05:41,,,EARLY,ONTIME,ONTIME,,,,,,,,,05:42,05:32,,,HAN,HAN,DAD,Domestic,VJ,,,,,,,,,,,,
,2026-06-29,____/VJ771,A663,A320,HAN-CXR,,05:45,,05:45,,05:39,05:40,05:47,,,EARLY,ONTIME,ONTIME,,,,,,,,,04:58,05:37,,,HAN,HAN,CXR,Domestic,VJ,,,,,,,,,,,,
,2026-06-29,____/VJ121,A546,A321,HAN-SGN,,06:00,,06:00,,05:49,05:50,06:03,,,EARLY,ONTIME,ONTIME,,,,,,,,,05:20,05:47,,,HAN,HAN,SGN,Domestic,VJ,,,,,,,,,,,,
,2026-06-29,____/VJ491,A203,A321,HAN-BMV,,06:00,,06:00,,05:54,05:55,06:03,,,EARLY,ONTIME,ONTIME,,,,,,,,,05:10,05:52,,,HAN,HAN,BMV,Domestic,VJ,,,,,,,,,,,,
,2026-06-29,____/VJ431,A662,A320,HAN-UIH,,06:05,,06:05,,05:59,06:00,06:05,,,EARLY,ONTIME,ONTIME,,,,,,,,,05:15,05:58,,,HAN,HAN,UIH,Domestic,VJ,,,,,,,,,,,,
,2026-06-29,____/VJ449,A656,A320,HAN-PQC,,06:30,,06:30,,06:24,06:25,06:33,,,EARLY,ONTIME,ONTIME,,,,,,,,,05:42,06:22,,,HAN,HAN,PQC,Domestic,VJ,,,,,,,,,,,,
,2026-06-29,____/VJ531,A550,A321,HAN-DAD,,06:30,,06:30,,06:24,06:25,06:30,,,EARLY,ONTIME,ONTIME,,,,,,,,,05:50,06:25,,,HAN,HAN,DAD,Domestic,VJ,,,,,,,,,,,,
,2026-06-29,____/VJ461,A651,A321,HAN-VCA,,06:45,,06:45,,06:39,06:40,06:45,,,EARLY,ONTIME,ONTIME,,,,,,,,,05:55,06:37,,,HAN,HAN,VCA,Domestic,VJ,,,,,,,,,,,,
,2026-06-29,____/VJ125,A671,A320,HAN-SGN,,07:00,,07:00,,06:54,06:55,07:10,,,EARLY,ONTIME,ONTIME,,,,,,,,,06:05,06:50,,,HAN,HAN,SGN,Domestic,VJ,,,,,,,,,,,,
,2026-06-29,VJ7343/VJ1771,A698,A321,XIY-HAN-CXR,05:45,07:00,05:45,07:00,06:00,06:59,07:00,07:10,01:15,01:00,ONTIME,ONTIME,ONTIME,ONTIME,,,,,,,,06:10,06:55,,,HAN,XIY,CXR,Domestic,VJ,,,,,,,,,,,,
,2026-06-29,____/VJ421,A658,A320,HAN-PXU,,07:10,,07:10,,06:59,07:00,07:07,,,EARLY,ONTIME,ONTIME,,,,,,,,,06:20,06:57,,,HAN,HAN,PXU,Domestic,VJ,,,,,,,,,,,,
,2026-06-29,VJ1926/VJ197,A674,A321,AMD-HAN-SGN,05:55,07:20,05:55,07:20,06:40,07:14,07:15,07:25,01:25,00:35,EARLY,ONTIME,ONTIME,DELAY,,,,,,,,06:40,07:13,,,HAN,AMD,SGN,Domestic,VJ,,,,,,,,,,,,
,2026-06-29,VJ7713/VJ905,A655,A320,PKX-HAN-KUL,04:25,07:25,04:25,07:25,04:35,07:24,07:25,07:35,03:00,02:50,ONTIME,ONTIME,ONTIME,ONTIME,,,,,,,,06:35,07:25,,,HAN,PKX,KUL,International,VJ,,,,,,,,,,,,
,2026-06-29,VJ502/VJ503,A683,A321,DAD-HAN-DAD,07:00,07:30,07:00,07:30,06:57,07:29,07:30,07:35,00:30,00:33,ONTIME,ONTIME,ONTIME,ONTIME,,,,,,,,06:55,07:26,,,HAN,DAD,DAD,Domestic,VJ,,,,,,,,,,,,
,2026-06-29,____/VJ934,A529,A321,HAN-NRT,,07:55,,07:55,,07:49,07:50,07:54,,,EARLY,ONTIME,ONTIME,,,,,,,,,07:05,07:48,,,HAN,HAN,NRT,International,VJ,,,,,,,,,,,,
,2026-06-29,VJ7239/VJ127,A666,A320,PVG-HAN-SGN,06:10,08:10,06:10,08:10,07:20,08:05,08:06,08:10,02:00,00:46,EARLY,ONTIME,ONTIME,DELAY,,,,,,,,07:25,08:03,,,HAN,PVG,SGN,Domestic,VJ,,,,,,,,,,,,
,2026-06-29,VJ124/VJ129,A676,A320,SGN-HAN-SGN,08:15,08:45,08:15,08:45,08:05,08:39,08:40,08:42,00:30,00:35,EARLY,ONTIME,ONTIME,ONTIME,,,,,,,,08:05,08:35,,,HAN,SGN,SGN,Domestic,VJ,,,,,,,,,,,,
,2026-06-29,____/VJ447,A632,A321,HAN-PQC,,08:45,,08:45,,08:37,08:38,08:45,,,EARLY,ONTIME,ONTIME,,,,,,,,,08:00,08:35,,,HAN,HAN,PQC,Domestic,VJ,,,,,,,,,,,,
,2026-06-29,VJ7615/VJ7615,A553,A321,BQS-HAN-CXR,08:20,08:50,08:20,08:50,09:55,10:14,10:15,10:20,00:30,00:20,DELAY,DELAY,DELAY,DELAY,,93,00:35,,,,,,,X,,HAN,BQS,CXR,Domestic,VJ,,,,,,,,,,,,
,2026-06-29,VJ120/VJ435,A668,A320,SGN-HAN-UIH,07:10,08:50,07:10,08:50,07:15,08:42,08:43,08:50,01:40,01:28,EARLY,ONTIME,ONTIME,ONTIME,,,,,,,,08:00,08:40,,,HAN,SGN,UIH,Domestic,VJ,,,,,,,,,,,,
,2026-06-29,VJ7527/VJ505,A635,A321,CAN-HAN-DAD,04:25,09:05,05:35,09:05,06:45,09:04,09:05,09:07,03:30,02:20,ONTIME,ONTIME,ONTIME,DELAY,,,,,,,,08:15,09:02,,,HAN,CAN,DAD,Domestic,VJ,,,,,,,,,,,,
,2026-06-29,VJ514/VJ563,A641,A321,DAD-HAN-HUI,08:50,09:20,08:50,09:20,09:05,09:28,09:29,09:33,00:30,00:24,DELAY,ONTIME,ONTIME,ONTIME,,93,00:09,,,,,09:00,09:25,,,HAN,DAD,HUI,Domestic,VJ,,,,,,,,,,,,
,2026-06-29,____/VJ1773,A542,A321,HAN-CXR,,10:00,,10:00,,09:56,09:57,09:58,,,EARLY,ONTIME,ONTIME,,,,,,,,,09:10,09:53,,,HAN,HAN,CXR,Domestic,VJ,,,,,,,,,,,,
,2026-06-29,VJ126/VJ131,A653,A321,SGN-HAN-SGN,09:40,10:10,09:40,10:10,09:50,10:19,10:20,10:25,00:30,00:30,DELAY,ONTIME,ONTIME,ONTIME,,93,00:10,,,,,09:45,10:15,,,HAN,SGN,SGN,Domestic,VJ,,,,,,,,,,,,
,2026-06-29,VJ430/VJ463,A662,A320,UIH-HAN-VCA,09:50,10:20,09:50,10:20,10:10,10:34,10:35,10:35,00:30,00:25,DELAY,ONTIME,ONTIME,DELAY,,93,00:15,,,,,10:00,10:32,,,HAN,UIH,VCA,Domestic,VJ,,,,,,,,,,,,
,2026-06-29,VJ532/VJ425,A550,A321,DAD-HAN-PXU,09:45,10:20,09:45,10:20,10:05,10:28,10:29,10:35,00:35,00:24,DELAY,ONTIME,ONTIME,DELAY,,93,00:09,,,,,09:50,10:24,,,HAN,DAD,PXU,Domestic,VJ,,,,,,,,,,,,
,2026-06-29,VJ770/VJ437,A663,A320,CXR-HAN-UIH,09:55,10:25,09:55,10:25,10:15,10:43,10:45,10:50,00:30,00:30,DELAY,DELAY,DELAY,DELAY,,93,00:20,,,,,10:10,10:40,,,HAN,CXR,UIH,Domestic,VJ,,,,,,,,,,,,
,2026-06-29,VJ534/VJ493,A644,A321,DAD-HAN-BMV,04:40,10:30,04:40,10:30,04:48,10:29,10:30,10:30,05:50,05:42,ONTIME,ONTIME,ONTIME,ONTIME,,,,,,,,09:45,10:26,,,HAN,DAD,BMV,Domestic,VJ,,,,,,,,,,,,
,2026-06-29,VJ524/VJ507,A683,A321,DAD-HAN-DAD,10:40,11:10,10:40,11:10,10:50,11:19,11:20,11:23,00:30,00:30,DELAY,ONTIME,ONTIME,ONTIME,,93,00:10,,,,,10:50,11:17,,,HAN,DAD,DAD,Domestic,VJ,,,,,,,,,,,,
,2026-06-29,VJ448/VJ901,A549,A321,PQC-HAN-BKK,10:15,11:10,10:15,11:10,10:30,11:14,11:15,11:19,00:55,00:45,DELAY,ONTIME,ONTIME,ONTIME,,66,00:05,,,,,10:50,11:12,,CREW OB 1050,HAN,PQC,BKK,International,VJ,,,,,,,,,,,,
,2026-06-29,VJ130/VJ133,A544,A321,SGN-HAN-SGN,10:50,11:25,10:50,11:25,11:00,11:34,11:35,11:40,00:35,00:35,DELAY,ONTIME,ONTIME,ONTIME,,93,00:05,66,00:05,,,11:08,11:31,,CREW OB 1112,HAN,SGN,SGN,Domestic,VJ,,,,,,,,,,,,
,2026-06-29,VJ492/VJ565,A203,A321,BMV-HAN-HUI,10:00,11:30,10:00,11:30,10:12,11:26,11:27,11:37,01:30,01:15,EARLY,ONTIME,ONTIME,ONTIME,,,,,,,,10:45,11:23,,,HAN,BMV,HUI,Domestic,VJ,,,,,,,,,,,,
,2026-06-29,VJ422/VJ451,A658,A320,PXU-HAN-PQC,10:50,11:45,10:50,11:45,10:50,11:43,11:45,11:50,00:55,00:55,ONTIME,ONTIME,ONTIME,ONTIME,,,,,,,,11:00,11:40,,,HAN,PXU,PQC,Domestic,VJ,,,,,,,,,,,,
,2026-06-29,VJ963/VJ775,A685,A321,ICN-HAN-CXR,08:55,11:45,08:55,11:45,10:20,11:44,11:45,11:50,02:50,01:25,ONTIME,ONTIME,ONTIME,DELAY,,,,,,,,10:50,11:41,,,HAN,ICN,CXR,Domestic,VJ,,,,,,,,,,,,
,2026-06-29,VJ1772/VJ1453,A698,A321,CXR-HAN-PQC,11:15,11:50,11:15,11:50,11:40,12:02,12:03,12:05,00:35,00:23,DELAY,ONTIME,ONTIME,DELAY,,93,00:13,,,,,11:30,12:00,,,HAN,CXR,PQC,Domestic,VJ,,,,,,,,,,,,
,2026-06-29,VJ462/VJ515,A651,A321,VCA-HAN-DAD,11:40,12:10,11:40,12:50,12:10,12:44,12:45,12:50,01:10,00:35,EARLY,ONTIME,DELAY,DELAY,,,,,,,,12:10,12:40,,,HAN,VCA,DAD,Domestic,VJ,,,,,,,,,,,,
,2026-06-29,VJ128/VJ137,A671,A320,SGN-HAN-SGN,11:50,12:20,11:50,12:20,12:00,12:24,12:25,12:32,00:30,00:25,DELAY,ONTIME,ONTIME,ONTIME,,93,00:05,,,,,11:50,12:22,,,HAN,SGN,SGN,Domestic,VJ,,,,,,,,,,,,
,2026-06-29,VJ7989/VJ7989,A526,A321,VVO-HAN-DAD,12:25,12:55,12:25,15:15,14:50,15:14,15:15,15:25,02:50,00:25,ONTIME,ONTIME,DELAY,DELAY,,,,,,,,,,X,,HAN,VVO,DAD,Domestic,VJ,,,,,,,,,,,,
,2026-06-29,____/VJ453,A522,A321,HAN-PQC,,13:00,,13:00,,12:59,13:00,13:10,,,ONTIME,ONTIME,ONTIME,,,,,,,,,12:15,12:57,,,HAN,HAN,PQC,Domestic,VJ,,,,,,,,,,,,
,2026-06-29,VJ450/VJ509,A656,A320,PQC-HAN-DAD,11:15,13:05,11:15,13:05,11:20,13:04,13:05,13:07,01:50,01:45,ONTIME,ONTIME,ONTIME,ONTIME,,,,,,,,12:20,13:00,,,HAN,PQC,DAD,Domestic,VJ,,,,,,,,,,,,
,2026-06-29,VJ198/VJ787,A674,A321,SGN-HAN-CXR,12:40,13:15,12:40,13:15,12:55,13:29,13:30,13:30,00:35,00:35,DELAY,ONTIME,ONTIME,ONTIME,,93,00:10,66,00:05,,,,,,CREW OB 1303,HAN,SGN,CXR,Domestic,VJ,,,,,,,,,,,,
,2026-06-29,VJ432/VJ433,A668,A320,UIH-HAN-UIH,12:35,13:20,12:35,13:20,13:05,13:27,13:28,13:35,00:45,00:23,DELAY,ONTIME,ONTIME,DELAY,,93,00:08,,,,,12:55,13:25,,,HAN,UIH,UIH,Domestic,VJ,,,,,,,,,,,,
,2026-06-29,VJ981/VJ948,A636,A321,PUS-HAN-RMQ,10:40,13:30,10:40,13:30,11:50,13:39,13:40,13:45,02:50,01:50,DELAY,ONTIME,ONTIME,DELAY,,15A,00:05,99,00:05,,,12:55,13:37,,OFFLOAD 03 PAX-02BAGS/ACCEPT 13 LATE PAX-12BAGS,HAN,PUS,RMQ,International,VJ,,,,,,,,,,,,
,2026-06-29,VJ508/VJ191,A816,A330,DAD-HAN-SGN,15:35,13:40,15:35,16:25,15:48,17:44,17:45,17:50,00:50,01:57,DELAY,DELAY,DELAY,ONTIME,,46,01:20,,,,,16:50,,,CHANGE A/C,HAN,DAD,SGN,Domestic,VJ,,,,,,,,,,,,
,2026-06-29,VJ506/VJ441,A635,A321,DAD-HAN-PQC,12:15,14:00,12:15,14:00,12:30,13:59,14:00,14:06,01:45,01:30,ONTIME,ONTIME,ONTIME,ONTIME,,,,,,,,13:15,13:55,,,HAN,DAD,PQC,Domestic,VJ,,,,,,,,,,,,
,2026-06-29,VJ939/VJ525,A548,A321,KIX-HAN-DAD,12:20,14:05,12:20,15:05,12:32,14:57,14:58,15:05,02:45,02:26,EARLY,ONTIME,DELAY,ONTIME,,,,,,,,14:15,14:55,,,HAN,KIX,DAD,Domestic,VJ,,,,,,,,,,,,
,2026-06-29,VJ440/VJ143,A632,A321,PQC-HAN-SGN,13:30,14:05,13:30,14:05,13:25,14:04,14:05,14:35,00:35,00:40,ONTIME,ONTIME,DELAY,ONTIME,,,,,,,,13:30,14:01,,LATE PUSH BACK DUE TO CTOT 1451,HAN,PQC,SGN,Domestic,VJ,,,,,,,,,,,,
,2026-06-29,VJ921/VJ942,A575,A321,NGO-HAN-TPE,12:50,14:25,12:50,14:25,13:15,14:15,14:16,14:19,01:35,01:01,EARLY,ONTIME,ONTIME,DELAY,,,,,,,,13:35,14:10,,,HAN,NGO,TPE,International,VJ,,,,,,,,,,,,
,2026-06-29,VJ134/VJ467,A676,A320,SGN-HAN-VCA,15:35,14:30,15:35,14:30,14:10,14:39,14:40,14:45,22:55,00:30,DELAY,ONTIME,ONTIME,ONTIME,,66,00:10,,,,,14:04,14:36,,CREW OB 1419L,HAN,SGN,VCA,Domestic,VJ,,,,,,,,,,,,
,2026-06-29,VJ426/VJ1505,A550,A321,PXU-HAN-DAD,14:05,14:35,14:05,14:35,14:25,14:59,15:00,15:05,00:30,00:35,DELAY,DELAY,DELAY,DELAY,,93,00:20,66,00:05,,,14:25,14:57,,CREW OB 1441,HAN,PXU,DAD,Domestic,VJ,,,,,,,,,,,,
,2026-06-29,VJ933/VJ946,A538,A321,NRT-HAN-KHH,13:05,14:35,13:05,14:35,13:45,14:39,14:40,14:45,01:30,00:55,DELAY,ONTIME,ONTIME,DELAY,,41,00:05,,,,,14:00,14:30,,TECHNICAL CHECK,HAN,NRT,KHH,International,VJ,,,,,,,,,,,,
,2026-06-29,VJ564/VJ145,A641,A321,HUI-HAN-SGN,12:20,14:40,12:20,14:40,12:40,14:39,14:40,14:48,02:20,02:00,ONTIME,ONTIME,ONTIME,DELAY,,,,,,,,13:55,14:36,,,HAN,HUI,SGN,Domestic,VJ,,,,,,,,,,,,
,2026-06-29,VJ510/VJ511,A634,A321,DAD-HAN-DAD,14:35,15:05,14:35,15:05,14:35,14:59,15:00,15:17,00:30,00:25,EARLY,ONTIME,ONTIME,ONTIME,,,,,,,,14:30,14:57,,LATE PUSHBACK DUE TO ATC,HAN,DAD,DAD,Domestic,VJ,,,,,,,,,,,,
,2026-06-29,VJ961/VJ423,A693,A321,ICN-HAN-PXU,13:35,15:05,13:35,15:05,13:35,15:01,15:02,15:15,01:30,01:27,EARLY,ONTIME,ONTIME,ONTIME,,,,,,,,14:15,14:56,,,HAN,ICN,PXU,Domestic,VJ,,,,,,,,,,,,
,2026-06-29,VJ136/VJ1451,A546,A321,SGN-HAN-PQC,14:15,15:05,14:15,15:35,15:05,16:19,16:20,16:34,01:20,01:15,DELAY,DELAY,DELAY,DELAY,,61,00:45,,,,,15:33,16:15,,CHANGE FPL,HAN,SGN,PQC,Domestic,VJ,,,,,,,,,,,,
,2026-06-29,VJ494/VJ419,A644,A321,BMV-HAN-TBB,14:30,15:10,14:30,15:10,14:30,15:06,15:07,15:21,00:40,00:37,EARLY,ONTIME,ONTIME,ONTIME,,,,,,,,14:25,15:04,,LATE PUSHBACK DUE TO ATC,HAN,BMV,TBB,Domestic,VJ,,,,,,,,,,,,
,2026-06-29,VJ436/VJ439,A663,A320,UIH-HAN-UIH,14:10,15:40,14:10,15:40,14:55,15:39,15:40,15:55,01:30,00:45,ONTIME,ONTIME,ONTIME,DELAY,,,,,,,,14:55,15:35,,LATE PUSHBACK DUE TO ATC,HAN,UIH,UIH,Domestic,VJ,,,,,,,,,,,,
,2026-06-29,VJ906/VJ903,A655,A320,KUL-HAN-BKK,14:40,15:45,14:40,15:45,15:05,15:43,15:45,15:49,01:05,00:40,ONTIME,ONTIME,ONTIME,DELAY,,,,,,,,15:10,15:40,,,HAN,KUL,BKK,International,VJ,,,,,,,,,,,,
,2026-06-29,VJ138/VJ147,A653,A321,SGN-HAN-SGN,15:15,15:45,15:15,15:45,15:25,16:09,16:10,16:15,00:30,00:45,DELAY,DELAY,DELAY,ONTIME,,93,00:10,15A,00:15,,,15:25,14:43,,"OFFLOAD 02 PAX, 02 BAG",HAN,SGN,SGN,Domestic,VJ,,,,,,,,,,,,
,2026-06-29,VJ566/VJ567,A203,A321,HUI-HAN-HUI,14:30,15:55,14:30,15:55,14:48,15:54,15:55,16:00,01:25,01:07,ONTIME,ONTIME,ONTIME,DELAY,,,,,,,,15:10,15:50,,,HAN,HUI,HUI,Domestic,VJ,,,,,,,,,,,,
,2026-06-29,VJ1774/VJ773,A542,A321,CXR-HAN-CXR,14:20,16:00,14:20,16:00,14:50,16:07,16:08,16:15,01:40,01:18,DELAY,ONTIME,ONTIME,DELAY,,61,00:08,,,,,15:35,16:04,,CHANGE FPL,HAN,CXR,CXR,Domestic,VJ,,,,,,,,,,,,
,2026-06-29,VJ772/VJ513,A685,A321,CXR-HAN-DAD,15:55,16:35,15:55,16:35,16:35,17:04,17:05,17:06,00:40,00:30,DELAY,DELAY,DELAY,DELAY,,93,00:30,,,,,16:25,17:01,,,HAN,CXR,DAD,Domestic,VJ,,,,,,,,,,,,
,2026-06-29,VJ140/VJ151,A544,A321,SGN-HAN-SGN,16:20,16:55,16:20,16:55,16:55,17:19,17:20,17:35,00:35,00:25,DELAY,DELAY,DELAY,DELAY,,93,00:25,,,,,16:55,17:17,,,HAN,SGN,SGN,Domestic,VJ,,,,,,,,,,,,
,2026-06-29,VJ530/VJ465,A656,A320,DAD-HAN-VCA,16:15,17:00,16:15,17:00,16:45,17:09,17:10,17:13,00:45,00:25,DELAY,ONTIME,ONTIME,DELAY,,93,00:10,,,,,16:30,17:07,,,HAN,DAD,VCA,Domestic,VJ,,,,,,,,,,,,
,2026-06-29,VJ454/VJ495,A658,A320,PQC-HAN-BMV,16:45,17:30,16:45,17:30,16:35,17:24,17:25,17:27,00:45,00:50,EARLY,ONTIME,ONTIME,ONTIME,,,,,,,,16:45,17:20,,,HAN,PQC,BMV,Domestic,VJ,,,,,,,,,,,,
,2026-06-29,VJ452/VJ141,A500,A321,PQC-HAN-SGN,15:15,17:35,15:15,17:35,15:35,17:54,17:55,18:04,02:20,02:20,DELAY,DELAY,DELAY,DELAY,,63A,00:20,,,,,16:50,17:30,,WAIT SWAP FO VJ141 AND VJ517 OB 1751,HAN,PQC,SGN,Domestic,VJ,,,,,,,,,,,,
,2026-06-29,VJ434/VJ1431,A668,A320,UIH-HAN-UIH,17:10,17:40,17:10,18:10,17:35,18:04,18:05,18:07,01:00,00:30,EARLY,ONTIME,DELAY,DELAY,,,,,,,,17:30,18:01,,,HAN,UIH,UIH,Domestic,VJ,,,,,,,,,,,,
,2026-06-29,VJ1454/VJ517,A698,A321,PQC-HAN-DAD,16:35,17:50,16:35,17:50,17:20,17:59,18:00,18:02,01:15,00:40,DELAY,ONTIME,ONTIME,DELAY,,63A,00:10,,,,,17:25,17:46,,WAIT SWAP FO VJ141 AND VJ517 OB 1759,HAN,PQC,DAD,Domestic,VJ,,,,,,,,,,,,
,2026-06-29,VJ902/VJ153,A549,A321,BKK-HAN-SGN,15:50,18:10,15:50,18:10,16:10,18:09,18:10,18:15,02:20,02:00,ONTIME,ONTIME,ONTIME,DELAY,,,,,,,,17:25,18:05,,,HAN,BKK,SGN,Domestic,VJ,,,,,,,,,,,,
,2026-06-29,VJ456/VJ781,A641,A321,PQC-HAN-CXR,17:45,18:15,17:45,19:00,18:30,18:54,18:55,19:05,01:15,00:25,EARLY,ONTIME,DELAY,DELAY,,,,,,,,18:21,18:48,,,HAN,PQC,CXR,Domestic,VJ,,,,,,,,,,,,
,2026-06-29,VJ512/VJ521,A200,A321,DAD-HAN-DAD,18:15,18:45,18:15,18:45,18:40,19:04,19:05,19:15,00:30,00:25,DELAY,DELAY,DELAY,DELAY,,93,00:20,,,,,18:30,19:01,,,HAN,DAD,DAD,Domestic,VJ,,,,,,,,,,,,
,2026-06-29,VJ774/VJ789,A674,A321,CXR-HAN-CXR,17:20,18:45,17:20,18:45,18:05,18:35,18:36,18:41,01:25,00:31,EARLY,ONTIME,ONTIME,DELAY,,,,,,,,18:00,18:30,,,HAN,CXR,CXR,Domestic,VJ,,,,,,,,,,,,
,2026-06-29,VJ468/VJ155,A676,A321,VCA-HAN-SGN,19:50,18:55,19:50,20:30,20:10,20:44,20:45,20:50,00:40,00:35,DELAY,ONTIME,DELAY,DELAY,,93,00:05,66,00:10,,,20:25,20:42,,,HAN,VCA,SGN,Domestic,VJ,,,,,,,,,,,,
,2026-06-29,VJ424/VJ561,A693,A321,PXU-HAN-HUI,18:45,19:15,18:45,19:15,19:05,19:24,19:25,19:30,00:30,00:20,DELAY,ONTIME,ONTIME,DELAY,,93,00:10,,,,,19:05,19:20,,,HAN,PXU,HUI,Domestic,VJ,,,,,,,,,,,,
,2026-06-29,VJ442/VJ519,A635,A321,PQC-HAN-DAD,19:05,19:25,19:05,19:25,19:10,19:39,19:40,19:55,00:20,00:30,DELAY,ONTIME,DELAY,ONTIME,,93,00:15,,,,,19:05,19:35,,LATE TAKEOFF DUE TO ATC,HAN,PQC,DAD,Domestic,VJ,,,,,,,,,,,,
,2026-06-29,VJ148/VJ157,A535,A321,SGN-HAN-SGN,18:25,19:30,18:25,19:30,18:40,19:24,19:25,19:29,01:05,00:45,EARLY,ONTIME,ONTIME,ONTIME,,,,,,,,18:40,19:21,,,HAN,SGN,SGN,Domestic,VJ,,,,,,,,,,,,
,2026-06-29,VJ146/VJ1127,A632,A321,SGN-HAN-SGN,18:55,19:35,18:55,20:10,20:00,20:29,20:30,20:36,01:15,00:30,DELAY,DELAY,DELAY,DELAY,,93,00:20,,,,,20:00,20:25,,,HAN,SGN,SGN,Domestic,VJ,,,,,,,,,,,,
,2026-06-29,VJ420/VJ523,A644,A321,TBB-HAN-DAD,19:15,19:45,19:15,19:45,19:20,19:39,19:40,19:55,00:30,00:20,EARLY,ONTIME,ONTIME,ONTIME,,,,,,,,19:15,19:35,,,HAN,TBB,DAD,Domestic,VJ,,,,,,,,,,,,
,2026-06-29,VJ464/VJ7712,A662,A320,VCA-HAN-PKX,15:10,19:55,15:10,19:55,15:53,19:44,19:45,19:57,04:45,03:52,EARLY,ONTIME,ONTIME,DELAY,,,,,,,,19:00,19:42,,,HAN,VCA,PKX,International,VJ,,,,,,,,,,,,
,2026-06-29,VJ438/VJ1785,A663,A320,UIH-HAN-CXR,19:25,19:55,19:25,20:30,20:05,20:49,20:50,20:57,01:05,00:45,DELAY,DELAY,DELAY,DELAY,,93,00:05,95,00:15,,,20:10,20:45,,CREW VJ528 OB 2032,HAN,UIH,CXR,Domestic,VJ,,,,,,,,,,,,
,2026-06-29,VJ902/VJ455,A549,A321,BKK-HAN-PQC,15:50,20:05,15:50,20:05,20:10,20:31,20:32,20:45,04:15,00:22,DELAY,DELAY,DELAY,DELAY,,93,00:27,,,,,20:05,20:29,,,HAN,BKK,PQC,Domestic,VJ,,,,,,,,,,,,
,2026-06-29,VJ568/VJ907,A203,A321,HUI-HAN-BOM,18:55,20:05,18:55,20:05,20:00,20:54,20:55,21:00,01:10,00:55,DELAY,DELAY,DELAY,DELAY,,93,00:25,66,00:10,41,00:15,20:12,20:35,,CREW OB 2015/ TECHNICAL CHECK,HAN,HUI,BOM,International,VJ,,,,,,,,,,,,
,2026-06-29,VJ152/VJ159,A697,A321,SGN-HAN-SGN,19:20,20:10,19:20,20:10,19:25,20:04,20:05,20:13,00:50,00:40,EARLY,ONTIME,ONTIME,ONTIME,,,,,,,,19:25,20:00,,,HAN,SGN,SGN,Domestic,VJ,,,,,,,,,,,,
,2026-06-29,VJ516/VJ783,A685,A321,DAD-HAN-CXR,19:45,20:25,19:45,21:15,20:50,21:14,21:15,21:23,01:30,00:25,ONTIME,ONTIME,DELAY,DELAY,,,,,,,,20:45,20:12,,,HAN,DAD,CXR,Domestic,VJ,,,,,,,,,,,,
,2026-06-29,VJ776/VJ161,A542,A321,CXR-HAN-SGN,20:10,20:55,20:10,21:30,21:20,21:59,22:00,22:05,01:20,00:40,DELAY,DELAY,DELAY,DELAY,,93,00:20,66,00:10,,,21:30,21:56,,CREW OB 2130,HAN,CXR,SGN,Domestic,VJ,,,,,,,,,,,,
,2026-06-29,VJ904/VJ7238,A655,A320,BKK-HAN-PVG,20:25,21:15,20:25,21:45,21:05,21:44,21:45,21:45,01:20,00:40,ONTIME,ONTIME,DELAY,DELAY,,,,,,,,21:15,21:40,,,HAN,BKK,PVG,International,VJ,,,,,,,,,,,,
,2026-06-29,VJ154/VJ163,A649,A321,SGN-HAN-SGN,20:55,21:25,20:55,21:25,21:50,22:19,22:20,22:26,00:30,00:30,DELAY,DELAY,DELAY,DELAY,,93,00:55,,,,,21:40,22:17,,,HAN,SGN,SGN,Domestic,VJ,,,,,,,,,,,,
,2026-06-29,VJ504/VJ527,A816,A330,DAD-HAN-DAD,08:20,21:25,08:20,00:30,,00:44,00:45,01:00,,,DELAY,ONTIME,DELAY,ONTIME,,95,00:15,,,,,,,,CAPT FROM 158 OB 0036 (FERRY FLIGHT),HAN,DAD,DAD,Domestic,VJ,,,,,,,,,,,,
,2026-06-29,VJ949/VJ7526,A636,A321,RMQ-HAN-CAN,19:50,22:30,19:50,22:30,20:30,22:24,22:25,22:35,02:40,01:55,EARLY,ONTIME,ONTIME,DELAY,,,,,,,,21:35,22:22,,,HAN,RMQ,CAN,International,VJ,,,,,,,,,,,,
,2026-06-29,VJ518/VJ529,A200,A321,DAD-HAN-DAD,22:05,22:35,22:05,22:35,23:20,23:49,23:50,23:57,00:30,00:30,DELAY,DELAY,DELAY,DELAY,,93,01:15,,,,,23:20,23:45,,,HAN,DAD,DAD,Domestic,VJ,,,,,,,,,,,,
,2026-06-29,VJ1452/VJ167,A546,A321,PQC-HAN-SGN,19:50,22:45,19:50,22:45,21:35,22:54,22:55,23:00,02:55,01:20,DELAY,ONTIME,ONTIME,DELAY,,77,00:10,,,,,22:00,22:52,,BAD WEATHER AT HAN,HAN,PQC,SGN,Domestic,VJ,,,,,,,,,,,,
,2026-06-29,VJ1452/VJ533,A542,A321,PQC-HAN-DAD,19:50,23:05,19:50,23:55,23:55,00:20,00:22,00:24,04:05,00:27,DELAY,DELAY,DELAY,DELAY,,93,00:27,,,,,23:50,00:18,,,HAN,PQC,DAD,Domestic,VJ,,,,,,,,,,,,
,2026-06-30,____/VJ932,A549,A321,HAN-NRT,,00:30,,00:30,,00:44,00:45,00:45,,,DELAY,ONTIME,ONTIME,,,66,00:15,,,,,00:20,00:42,,CREW HAN OB 0020,HAN,HAN,NRT,International,VJ,,,,,,,,,,,,
,2026-06-30,____/VJ938,A693,A321,HAN-KIX,,01:20,,01:20,,00:24,00:25,00:35,,,EARLY,ONTIME,ONTIME,,,,,,,,,00:21,00:22,,,HAN,HAN,KIX,International,VJ,,,,,,,,,,,,
,2026-06-30,____/VJ960,A683,A321,HAN-ICN,,01:40,,01:40,,01:39,01:40,02:10,,,ONTIME,ONTIME,DELAY,,,,,,,,,00:45,01:37,,BAD WEATHER AT HAN,HAN,HAN,ICN,International,VJ,,,,,,,,,,,,
,2026-06-30,____/VJ958,A522,A321,HAN-FUK,,02:05,,02:05,,02:04,02:05,02:12,,,ONTIME,ONTIME,ONTIME,,,,,,,,,01:08,02:02,,,HAN,HAN,FUK,International,VJ,,,,,,,,,,,,
,2026-06-30,____/VJ1980,A663,A320,HAN-FSZ,,02:40,,02:40,,02:39,02:40,02:45,,,ONTIME,ONTIME,ONTIME,,,,,,,,,01:40,02:37,,,HAN,HAN,FSZ,International,VJ,,,,,,,,,,,,
,2026-06-30,____/VJ123,A658,A320,HAN-SGN,,05:30,,05:30,,05:24,05:25,05:32,,,EARLY,ONTIME,ONTIME,,,,,,,,,04:45,05:22,,,HAN,HAN,SGN,Domestic,VJ,,,,,,,,,,,,
,2026-06-30,____/VJ445,A685,A321,HAN-PQC,,05:30,,05:30,,05:29,05:30,05:36,,,ONTIME,ONTIME,ONTIME,,,,,,,,,04:50,05:25,,,HAN,HAN,PQC,Domestic,VJ,,,,,,,,,,,,
,2026-06-30,____/VJ501,A674,A321,HAN-DAD,,05:40,,05:40,,05:34,05:35,05:45,,,EARLY,ONTIME,ONTIME,,,,,,,,,04:50,05:31,,,HAN,HAN,DAD,Domestic,VJ,,,,,,,,,,,,
,2026-06-30,____/VJ771,A575,A321,HAN-CXR,,05:45,,05:45,,05:39,05:40,05:50,,,EARLY,ONTIME,ONTIME,,,,,,,,,04:50,05:35,,,HAN,HAN,CXR,Domestic,VJ,,,,,,,,,,,,
,2026-06-30,____/VJ491,A697,A321,HAN-BMV,,06:00,,06:00,,05:54,05:55,06:03,,,EARLY,ONTIME,ONTIME,,,,,,,,,05:15,05:50,,,HAN,HAN,BMV,Domestic,VJ,,,,,,,,,,,,
,2026-06-30,____/VJ121,A635,A321,HAN-SGN,,06:00,,06:00,,05:54,05:55,06:05,,,EARLY,ONTIME,ONTIME,,,,,,,,,05:20,05:51,,,HAN,HAN,SGN,Domestic,VJ,,,,,,,,,,,,
,2026-06-30,____/VJ431,A699,A320,HAN-UIH,,06:05,,06:05,,05:59,06:00,06:04,,,EARLY,ONTIME,ONTIME,,,,,,,,,05:20,05:55,,,HAN,HAN,UIH,Domestic,VJ,,,,,,,,,,,,
,2026-06-30,____/VJ952,A650,A320,HAN-HIJ,,06:15,,06:15,,06:09,06:10,06:20,,,EARLY,ONTIME,ONTIME,,,,,,,,,05:30,06:05,,,HAN,HAN,HIJ,International,VJ,,,,,,,,,,,,
,2026-06-30,____/VJ531,A644,A321,HAN-DAD,,06:30,,06:30,,06:24,06:25,06:30,,,EARLY,ONTIME,ONTIME,,,,,,,,,05:40,06:22,,,HAN,HAN,DAD,Domestic,VJ,,,,,,,,,,,,
,2026-06-30,____/VJ461,A668,A320,HAN-VCA,,06:45,,06:45,,06:44,06:45,06:58,,,ONTIME,ONTIME,ONTIME,,,,,,,,,05:55,06:42,,,HAN,HAN,VCA,Domestic,VJ,,,,,,,,,,,,
,2026-06-30,____/VJ1771,A529,A321,HAN-CXR,,07:00,,07:00,,06:54,06:55,06:59,,,EARLY,ONTIME,ONTIME,,,,,,,,,06:10,06:55,,,HAN,HAN,CXR,Domestic,VJ,,,,,,,,,,,,
,2026-06-30,____/VJ421,A662,A320,HAN-PXU,,07:10,,07:10,,06:59,07:00,07:08,,,EARLY,ONTIME,ONTIME,,,,,,,,,06:00,06:57,,,HAN,HAN,PXU,Domestic,VJ,,,,,,,,,,,,
,2026-06-30,____/VJ197,A676,A320,HAN-SGN,,07:20,,07:20,,07:19,07:20,07:25,,,ONTIME,ONTIME,ONTIME,,,,,,,,,06:30,07:18,,,HAN,HAN,SGN,Domestic,VJ,,,,,,,,,,,,
,2026-06-30,VJ502/VJ503,A634,A321,DAD-HAN-DAD,07:00,07:30,07:00,07:30,07:00,07:44,07:45,07:45,00:30,00:45,DELAY,ONTIME,ONTIME,ONTIME,,99,00:15,,,,,07:00,07:43,,CLEAN CABIN FLOOR,HAN,DAD,DAD,Domestic,VJ,,,,,,,,,,,,
,2026-06-30,VJ120/VJ127,A535,A321,SGN-HAN-SGN,07:10,08:10,07:10,08:10,07:05,08:07,08:08,08:10,01:00,01:03,EARLY,ONTIME,ONTIME,ONTIME,,,,,,,,07:25,08:05,,,HAN,SGN,SGN,Domestic,VJ,,,,,,,,,,,,
,2026-06-30,____/VJ929,A528,A321,HAN-CGK,,08:40,,08:40,,08:39,08:40,08:50,,,ONTIME,ONTIME,ONTIME,,,,,,,,,07:50,08:37,,,HAN,HAN,CGK,International,VJ,,,,,,,,,,,,
,2026-06-30,VJ124/VJ129,A642,A321,SGN-HAN-SGN,08:15,08:45,08:15,08:45,08:20,08:44,08:45,08:50,00:30,00:25,ONTIME,ONTIME,ONTIME,ONTIME,,,,,,,,08:10,08:42,,,HAN,SGN,SGN,Domestic,VJ,,,,,,,,,,,,
,2026-06-30,____/VJ447,A641,A321,HAN-PQC,,08:45,,08:45,,08:34,08:35,08:40,,,EARLY,ONTIME,ONTIME,,,,,,,,,08:00,08:32,,,HAN,HAN,PQC,Domestic,VJ,,,,,,,,,,,,
,2026-06-30,____/VJ435,A655,A320,HAN-UIH,,08:50,,08:50,,08:41,08:42,08:44,,,EARLY,ONTIME,ONTIME,,,,,,,,,08:15,08:39,,,HAN,HAN,UIH,Domestic,VJ,,,,,,,,,,,,
,2026-06-30,VJ514/VJ563,A674,A321,DAD-HAN-HUI,08:50,09:20,08:50,09:20,09:10,09:28,09:29,09:30,00:30,00:19,DELAY,ONTIME,ONTIME,DELAY,,93,00:09,,,,,08:53,09:26,,,HAN,DAD,HUI,Domestic,VJ,,,,,,,,,,,,
,2026-06-30,VJ504/VJ915,A698,A321,DAD-HAN-SIN,08:20,09:35,08:20,09:35,08:25,09:34,09:35,09:40,01:15,01:10,ONTIME,ONTIME,ONTIME,ONTIME,,,,,,,,08:45,09:30,,,HAN,DAD,SIN,International,VJ,,,,,,,,,,,,
,2026-06-30,____/VJ439,A636,A321,HAN-UIH,,09:45,,09:45,,09:39,09:40,09:46,,,EARLY,ONTIME,ONTIME,,,,,,,,,08:52,09:37,,,HAN,HAN,UIH,Domestic,VJ,,,,,,,,,,,,
,2026-06-30,VJ126/VJ131,A542,A321,SGN-HAN-SGN,09:40,10:10,09:40,10:10,10:00,10:27,10:28,10:35,00:30,00:28,DELAY,DELAY,DELAY,DELAY,,93,00:18,,,,,10:00,10:25,,,HAN,SGN,SGN,Domestic,VJ,,,,,,,,,,,,
,2026-06-30,____/VJ135,A661,A321,HAN-SGN,,10:10,,10:10,,10:05,10:06,10:10,,,EARLY,ONTIME,ONTIME,,,,,,,,,09:25,10:03,,,HAN,HAN,SGN,Domestic,VJ,,,,,,,,,,,,
,2026-06-30,VJ532/VJ425,A644,A321,DAD-HAN-PXU,09:45,10:20,09:45,10:20,10:00,10:24,10:25,10:30,00:35,00:25,DELAY,ONTIME,ONTIME,ONTIME,,93,00:05,,,,,10:00,10:22,,,HAN,DAD,PXU,Domestic,VJ,,,,,,,,,,,,
,2026-06-30,VJ430/VJ463,A699,A320,UIH-HAN-VCA,09:50,10:20,09:50,11:00,10:15,10:48,10:49,10:50,01:10,00:34,EARLY,ONTIME,DELAY,DELAY,,,,,,,,10:15,10:46,,,HAN,UIH,VCA,Domestic,VJ,,,,,,,,,,,,
,2026-06-30,VJ910/VJ997,A203,A321,BOM-HAN-DPS,07:10,10:25,07:10,10:25,07:40,10:14,10:15,10:18,03:15,02:35,EARLY,ONTIME,ONTIME,DELAY,,,,,,,,09:38,10:12,,,HAN,BOM,DPS,International,VJ,,,,,,,,,,,,
,2026-06-30,____/VJ437,A656,A320,HAN-UIH,,10:25,,10:25,,10:20,10:21,10:28,,,EARLY,ONTIME,ONTIME,,,,,,,,,09:30,10:18,,,HAN,HAN,UIH,Domestic,VJ,,,,,,,,,,,,
,2026-06-30,VJ492/VJ493,A697,A321,BMV-HAN-BMV,10:00,10:30,10:00,10:30,10:05,10:34,10:35,10:44,00:30,00:30,DELAY,ONTIME,ONTIME,ONTIME,,93,00:05,,,,,10:00,10:33,,,HAN,BMV,BMV,Domestic,VJ,,,,,,,,,,,,
,2026-06-30,____/VJ565,A537,A321,HAN-HUI,,10:30,,10:30,,10:29,10:30,10:36,,,ONTIME,ONTIME,ONTIME,,,,,,,,,09:35,10:27,,,HAN,HAN,HUI,Domestic,VJ,,,,,,,,,,,,
,2026-06-30,VJ448/VJ901,A685,A321,PQC-HAN-BKK,10:15,11:10,10:15,11:10,10:35,11:19,11:20,11:25,00:55,00:45,DELAY,ONTIME,ONTIME,DELAY,,66,00:10,,,,,10:55,11:17,,CREW HN OB 1055,HAN,PQC,BKK,International,VJ,,,,,,,,,,,,
,2026-06-30,VJ524/VJ507,A634,A321,DAD-HAN-DAD,10:40,11:10,10:40,11:50,11:15,11:49,11:50,11:55,01:10,00:35,ONTIME,ONTIME,DELAY,DELAY,,,,,,,,11:15,11:47,,,HAN,DAD,DAD,Domestic,VJ,,,,,,,,,,,,
,2026-06-30,VJ770/VJ133,A553,A321,CXR-HAN-SGN,10:10,11:20,10:10,11:20,10:20,11:14,11:15,11:24,01:10,00:55,EARLY,ONTIME,ONTIME,ONTIME,,,,,,,,10:30,11:12,,,HAN,CXR,SGN,Domestic,VJ,,,,,,,,,,,,
,2026-06-30,VJ130/VJ1773,A524,A321,SGN-HAN-CXR,10:50,11:20,10:50,11:20,11:00,11:29,11:30,11:35,00:30,00:30,DELAY,ONTIME,ONTIME,ONTIME,,93,00:10,,,,,11:03,11:26,,,HAN,SGN,CXR,Domestic,VJ,,,,,,,,,,,,
,2026-06-30,VJ190/VJ195,A820,A321,SGN-HAN-SGN,10:25,11:25,10:25,11:25,10:45,11:24,11:25,11:33,01:00,00:40,ONTIME,ONTIME,ONTIME,DELAY,,,,,,,,10:45,11:22,,,HAN,SGN,SGN,Domestic,VJ,,,,,,,,,,,,
,2026-06-30,VJ422/VJ451,A662,A320,PXU-HAN-PQC,10:50,11:45,10:50,11:45,10:50,11:39,11:40,11:42,00:55,00:50,EARLY,ONTIME,ONTIME,ONTIME,,,,,,,,10:55,11:37,,,HAN,PXU,PQC,Domestic,VJ,,,,,,,,,,,,
,2026-06-30,VJ1772/VJ1453,A684,A321,CXR-HAN-PQC,11:15,11:50,11:15,11:50,11:45,12:07,12:08,12:15,00:35,00:23,DELAY,DELAY,DELAY,DELAY,,93,00:18,,,,,11:45,12:05,,,HAN,CXR,PQC,Domestic,VJ,,,,,,,,,,,,
,2026-06-30,VJ462/VJ515,A668,A320,VCA-HAN-DAD,11:40,12:10,11:40,12:10,12:08,12:31,12:32,12:39,00:30,00:24,DELAY,DELAY,DELAY,DELAY,,93,00:22,,,,,12:05,12:29,,,HAN,VCA,DAD,Domestic,VJ,,,,,,,,,,,,
,2026-06-30,VJ128/VJ137,A639,A321,SGN-HAN-SGN,11:50,12:20,11:50,12:50,12:30,12:59,13:00,13:08,01:00,00:30,DELAY,ONTIME,DELAY,DELAY,,93,00:10,,,,,12:27,12:58,,,HAN,SGN,SGN,Domestic,VJ,,,,,,,,,,,,
,2026-06-30,____/VJ1431,A528,A321,HAN-UIH,,12:40,,12:40,,12:38,12:39,12:44,,,EARLY,ONTIME,ONTIME,,,,,,,,,11:58,12:35,,,HAN,HAN,UIH,Domestic,VJ,,,,,,,,,,,,
,2026-06-30,VJ959/VJ453,A522,A321,FUK-HAN-PQC,11:45,13:00,11:45,13:00,11:52,12:53,12:54,13:00,01:15,01:02,EARLY,ONTIME,ONTIME,ONTIME,,,,,,,,12:15,12:51,,,HAN,FUK,PQC,Domestic,VJ,,,,,,,,,,,,
,2026-06-30,VJ432/VJ509,A655,A320,UIH-HAN-DAD,12:35,13:05,12:35,13:05,12:45,13:04,13:05,13:09,00:30,00:20,ONTIME,ONTIME,ONTIME,ONTIME,,,,,,,,12:35,13:02,,,HAN,UIH,DAD,Domestic,VJ,,,,,,,,,,,,
,2026-06-30,VJ122/VJ787,A632,A321,SGN-HAN-CXR,09:05,13:10,09:05,13:10,09:15,13:08,13:09,13:15,04:05,03:54,EARLY,ONTIME,ONTIME,ONTIME,,,,,,,,12:35,13:06,,,HAN,SGN,CXR,Domestic,VJ,,,,,,,,,,,,
,2026-06-30,VJ564/VJ433,A674,A321,HUI-HAN-UIH,12:20,13:20,12:20,13:20,12:50,13:28,13:30,13:35,01:00,00:40,DELAY,ONTIME,ONTIME,DELAY,,66,00:10,,,,,12:55,13:26,,CREW HN OB 1300,HAN,HUI,UIH,Domestic,VJ,,,,,,,,,,,,
,2026-06-30,VJ939/VJ948,A693,A321,KIX-HAN-RMQ,12:20,13:30,12:20,13:30,12:30,13:29,13:30,13:35,01:10,01:00,ONTIME,ONTIME,ONTIME,ONTIME,,,,,,,,12:50,13:26,,,HAN,KIX,RMQ,International,VJ,,,,,,,,,,,,
,2026-06-30,VJ440/VJ441,A641,A321,PQC-HAN-PQC,13:30,14:00,13:30,14:00,13:40,14:07,14:08,14:10,00:30,00:28,DELAY,ONTIME,ONTIME,ONTIME,,93,00:08,,,,,13:45,14:05,,,HAN,PQC,PQC,Domestic,VJ,,,,,,,,,,,,
,2026-06-30,VJ198/VJ7316,A676,A320,SGN-HAN-ENH,12:40,14:00,12:40,14:00,13:00,13:51,13:52,13:54,01:20,00:52,EARLY,ONTIME,ONTIME,DELAY,,,,,,,,13:30,13:47,,,HAN,SGN,ENH,International,VJ,,,,,,,,,,,,
,2026-06-30,VJ566/VJ143,A537,A321,HUI-HAN-SGN,13:30,14:05,13:30,14:05,13:55,14:24,14:25,14:28,00:35,00:30,DELAY,DELAY,DELAY,DELAY,,93,00:20,,,,,13:55,14:22,,,HAN,HUI,SGN,Domestic,VJ,,,,,,,,,,,,
,2026-06-30,VJ438/VJ525,A636,A321,UIH-HAN-DAD,13:40,14:10,13:40,14:10,13:40,14:29,14:30,14:40,00:30,00:50,DELAY,DELAY,DELAY,ONTIME,,66,00:10,15A,00:10,,,13:40,14:27,,CREW HN OB 1341 / OFLD 04PAX 04BAGS,HAN,UIH,DAD,Domestic,VJ,,,,,,,,,,,,
,2026-06-30,VJ933/VJ942,A549,A321,NRT-HAN-TPE,13:05,14:25,13:05,14:25,13:40,14:34,14:35,14:40,01:20,00:55,DELAY,ONTIME,ONTIME,DELAY,,66,00:10,,,,,13:55,14:32,,CREW HN OB 1355,HAN,NRT,TPE,International,VJ,,,,,,,,,,,,
,2026-06-30,VJ961/VJ467,A683,A321,ICN-HAN-VCA,13:35,14:30,13:35,14:30,13:40,14:29,14:30,14:38,00:55,00:50,ONTIME,ONTIME,ONTIME,ONTIME,,,,,,,,13:45,14:27,,,HAN,ICN,VCA,Domestic,VJ,,,,,,,,,,,,
,2026-06-30,VJ1504/VJ1505,A550,A321,DAD-HAN-DAD,14:00,14:35,15:10,15:50,15:15,15:39,15:40,15:43,00:40,00:25,EARLY,ONTIME,DELAY,DELAY,,,,,,,,15:05,15:37,,,HAN,DAD,DAD,Domestic,VJ,,,,,,,,,,,,
,2026-06-30,VJ134/VJ946,A535,A321,SGN-HAN-KHH,13:30,14:35,13:30,14:35,13:50,14:39,14:40,14:46,01:05,00:50,DELAY,ONTIME,ONTIME,DELAY,,,,99,00:05,,,14:07,14:38,,LATE ACC 3 PAX 2 BAGS,HAN,SGN,KHH,International,VJ,,,,,,,,,,,,
,2026-06-30,VJ426/VJ145,A644,A321,PXU-HAN-SGN,14:05,14:40,14:05,14:40,14:10,14:46,14:47,14:55,00:35,00:37,DELAY,ONTIME,ONTIME,ONTIME,,66,00:07,,,,,14:13,14:44,,CREW OB 1417L,HAN,PXU,SGN,Domestic,VJ,,,,,,,,,,,,
,2026-06-30,VJ510/VJ511,A548,A321,DAD-HAN-DAD,14:35,15:05,14:35,15:05,14:45,15:14,15:15,15:20,00:30,00:30,DELAY,ONTIME,ONTIME,ONTIME,,93,00:10,,,,,14:45,15:13,,,HAN,DAD,DAD,Domestic,VJ,,,,,,,,,,,,
,2026-06-30,VJ1981/VJ423,A663,A320,FSZ-HAN-PXU,14:00,15:05,14:00,15:05,14:15,15:04,15:05,15:13,01:05,00:50,ONTIME,ONTIME,ONTIME,ONTIME,,,,,,,,14:15,15:02,,,HAN,FSZ,PXU,Domestic,VJ,,,,,,,,,,,,
,2026-06-30,VJ136/VJ1451,A635,A321,SGN-HAN-PQC,14:10,15:05,14:10,15:05,14:50,15:19,15:20,15:20,00:55,00:30,DELAY,ONTIME,ONTIME,DELAY,,93,00:15,,,,,14:55,15:17,,,HAN,SGN,PQC,Domestic,VJ,,,,,,,,,,,,
,2026-06-30,VJ494/VJ419,A697,A321,BMV-HAN-TBB,14:30,15:10,14:30,15:10,14:55,15:19,15:20,15:25,00:40,00:25,DELAY,ONTIME,ONTIME,DELAY,,93,00:10,,,,,15:00,15:16,,,HAN,BMV,TBB,Domestic,VJ,,,,,,,,,,,,
,2026-06-30,VJ436/VJ147,A656,A320,UIH-HAN-SGN,14:10,15:45,14:10,15:45,14:25,15:44,15:45,15:47,01:35,01:20,ONTIME,ONTIME,ONTIME,ONTIME,,,,,,,,15:00,15:42,,,HAN,UIH,SGN,Domestic,VJ,,,,,,,,,,,,
,2026-06-30,VJ138/VJ567,A689,A320,SGN-HAN-HUI,15:15,15:55,15:15,16:40,16:10,16:49,16:50,17:00,01:25,00:40,DELAY,ONTIME,DELAY,DELAY,,,,15A,00:10,,,16:00,16:34,,OFFLOAD 7 PAX 2 BAGS,HAN,SGN,HUI,Domestic,VJ,,,,,,,,,,,,
,2026-06-30,VJ508/VJ773,A668,A320,DAD-HAN-CXR,15:25,16:00,15:25,16:45,16:10,16:44,16:45,16:55,01:20,00:35,ONTIME,ONTIME,DELAY,DELAY,,,,,,,,16:10,16:42,,,HAN,DAD,CXR,Domestic,VJ,,,,,,,,,,,,
,2026-06-30,VJ464/VJ903,A699,A320,VCA-HAN-BKK,15:10,16:15,15:10,16:40,16:00,16:49,16:50,17:00,01:30,00:50,DELAY,ONTIME,DELAY,DELAY,,41,00:10,,,,,16:05,16:47,,,HAN,VCA,BKK,International,VJ,,,,,,,,,,,,
,2026-06-30,VJ1774/VJ913,A524,A321,CXR-HAN-SAI,15:30,16:30,15:30,16:30,16:20,16:59,17:00,17:10,01:00,00:40,DELAY,DELAY,DELAY,DELAY,,93,00:20,66,00:10,,,16:35,17:05,,CREW OB 1635,HAN,CXR,SAI,International,VJ,,,,,,,,,,,,
,2026-06-30,VJ142/VJ193,A200,A321,SGN-HAN-SGN,15:30,16:30,15:30,16:30,15:30,16:24,16:25,16:30,01:00,00:55,EARLY,ONTIME,ONTIME,ONTIME,,,,,,,,15:45,16:22,,,HAN,SGN,SGN,Domestic,VJ,,,,,,,,,,,,
,2026-06-30,VJ5068/VJ5068,A575,A321,CXR-HAN-NOZ,16:20,16:55,16:20,16:55,16:50,17:19,17:20,17:38,00:35,00:30,DELAY,DELAY,DELAY,DELAY,,93,00:25,,,,,,,X,,HAN,CXR,NOZ,International,VJ,,,,,,,,,,,,
,2026-06-30,VJ530/VJ465,A655,A320,DAD-HAN-VCA,16:15,17:00,16:15,17:00,16:25,16:59,17:00,17:07,00:45,00:35,ONTIME,ONTIME,ONTIME,ONTIME,,,,,,,,16:20,16:57,,,HAN,DAD,VCA,Domestic,VJ,,,,,,,,,,,,
,2026-06-30,VJ902/VJ457,A685,A321,BKK-HAN-PQC,15:50,17:10,15:50,17:10,16:30,17:04,17:05,17:09,01:20,00:35,EARLY,ONTIME,ONTIME,DELAY,,,,,,,,16:30,17:02,,,HAN,BKK,PQC,Domestic,VJ,,,,,,,,,,,,
,2026-06-30,VJ1454/VJ495,A684,A321,PQC-HAN-BMV,16:35,17:30,16:35,17:30,17:05,17:34,17:35,17:44,00:55,00:30,DELAY,ONTIME,ONTIME,DELAY,,93,00:05,,,,,17:05,17:32,,,HAN,PQC,BMV,Domestic,VJ,,,,,,,,,,,,
,2026-06-30,VJ454/VJ151,A662,A321,PQC-HAN-SGN,16:45,17:35,16:45,17:35,16:30,17:33,17:34,17:35,00:50,01:04,EARLY,ONTIME,ONTIME,ONTIME,,,,,,,,16:45,17:30,,,HAN,PQC,SGN,Domestic,VJ,,,,,,,,,,,,
,2026-06-30,VJ140/VJ141,A820,A330,SGN-HAN-SGN,16:50,17:35,16:50,17:35,17:05,18:04,18:05,18:12,00:45,01:00,DELAY,DELAY,DELAY,ONTIME,,93,00:15,41,00:15,,,17:05,17:45,,WAIT COOLING BRAKE,HAN,SGN,SGN,Domestic,VJ,,,,,,,,,,,,
,2026-06-30,VJ192/VJ153,A647,A321,SGN-HAN-SGN,16:45,18:05,16:45,18:05,16:40,17:59,18:00,18:06,01:20,01:20,EARLY,ONTIME,ONTIME,ONTIME,,,,,,,,17:15,17:57,,,HAN,SGN,SGN,Domestic,VJ,,,,,,,,,,,,
,2026-06-30,VJ528/VJ517,A636,A321,DAD-HAN-DAD,17:25,18:05,17:25,18:55,18:25,18:54,18:55,19:08,01:30,00:30,ONTIME,ONTIME,DELAY,DELAY,,,,,,,,18:20,18:52,,,HAN,DAD,DAD,Domestic,VJ,,,,,,,,,,,,
,2026-06-30,VJ916/VJ781,A698,A321,SIN-HAN-CXR,17:25,18:15,17:25,18:15,17:25,18:14,18:15,18:20,00:50,00:50,ONTIME,ONTIME,ONTIME,ONTIME,,,,,,,,18:40,18:12,,,HAN,SIN,CXR,Domestic,VJ,,,,,,,,,,,,
,2026-06-30,VJ512/VJ521,A645,A321,DAD-HAN-DAD,18:15,18:45,18:15,18:45,18:45,19:12,19:13,19:15,00:30,00:28,DELAY,DELAY,DELAY,DELAY,,93,00:28,,,,,18:45,19:10,,,HAN,DAD,DAD,Domestic,VJ,,,,,,,,,,,,
,2026-06-30,VJ434/VJ789,A674,A321,UIH-HAN-CXR,17:10,18:45,17:10,18:45,17:46,18:31,18:32,18:38,01:35,00:46,EARLY,ONTIME,ONTIME,DELAY,,,,,,,,17:55,18:28,,,HAN,UIH,CXR,Domestic,VJ,,,,,,,,,,,,
,2026-06-30,VJ774/VJ155,A632,A321,CXR-HAN-SGN,17:15,18:55,17:15,18:55,17:55,18:59,19:00,19:10,01:40,01:05,DELAY,ONTIME,ONTIME,DELAY,,15A,00:05,,,,,18:15,18:55,,OFFLOAD 7 PAX 3 BAGS,HAN,CXR,SGN,Domestic,VJ,,,,,,,,,,,,
,2026-06-30,VJ424/VJ561,A663,A320,PXU-HAN-HUI,18:45,19:15,18:45,19:15,18:55,19:18,19:20,19:27,00:30,00:25,DELAY,ONTIME,ONTIME,ONTIME,,93,00:05,,,,,18:50,19:17,,,HAN,PXU,HUI,Domestic,VJ,,,,,,,,,,,,
,2026-06-30,VJ456/VJ519,A522,A321,PQC-HAN-DAD,17:45,19:25,17:45,19:25,17:55,19:19,19:20,19:25,01:40,01:25,EARLY,ONTIME,ONTIME,ONTIME,,,,,,,,18:35,19:18,,,HAN,PQC,DAD,Domestic,VJ,,,,,,,,,,,,
,2026-06-30,VJ442/VJ1127,A641,A321,PQC-HAN-SGN,19:05,19:35,19:05,19:35,19:10,19:39,19:40,19:50,00:30,00:30,DELAY,ONTIME,ONTIME,ONTIME,,93,00:05,,,,,19:05,19:36,,,HAN,PQC,SGN,Domestic,VJ,,,,,,,,,,,,
,2026-06-30,VJ1432/VJ971,A528,A321,UIH-HAN-DEL,16:35,19:40,16:35,19:40,16:30,19:33,19:35,19:44,03:05,03:05,EARLY,ONTIME,ONTIME,ONTIME,,,,,,,,18:50,19:31,,,HAN,UIH,DEL,International,VJ,,,,,,,,,,,,
,2026-06-30,VJ144/VJ1925,A578,A321,SGN-HAN-AMD,18:05,19:45,18:05,19:45,18:40,19:43,19:44,19:50,01:40,01:04,EARLY,ONTIME,ONTIME,DELAY,,,,,,,,19:05,19:40,,,HAN,SGN,AMD,International,VJ,,,,,,,,,,,,
,2026-06-30,VJ420/VJ523,A697,A321,TBB-HAN-DAD,19:15,19:45,19:15,20:20,19:42,20:19,20:20,20:22,01:05,00:38,ONTIME,ONTIME,DELAY,DELAY,,,,,,,,19:34,20:15,,,HAN,TBB,DAD,Domestic,VJ,,,,,,,,,,,,
,2026-06-30,VJ146/VJ1785,A537,A321,SGN-HAN-CXR,18:55,19:55,18:55,19:55,19:25,19:53,19:55,20:03,01:00,00:30,ONTIME,ONTIME,ONTIME,DELAY,,,,,,,,19:20,19:50,,,HAN,SGN,CXR,Domestic,VJ,,,,,,,,,,,,
,2026-06-30,VJ953/VJ7712,A650,A320,HIJ-HAN-PKX,16:10,20:00,16:10,20:00,16:35,19:44,19:45,20:00,03:50,03:10,EARLY,ONTIME,ONTIME,DELAY,,,,,,,,19:15,19:40,,,HAN,HIJ,PKX,International,VJ,,,,,,,,,,,,
,2026-06-30,VJ152/VJ159,A532,A321,SGN-HAN-SGN,19:20,20:10,19:20,20:35,20:40,21:09,21:10,21:10,01:15,00:30,DELAY,DELAY,DELAY,DELAY,,93,00:35,,,,,20:40,21:07,,,HAN,SGN,SGN,Domestic,VJ,,,,,,,,,,,,
,2026-06-30,VJ1452/VJ783,A635,A321,PQC-HAN-CXR,19:50,20:25,19:50,20:25,20:25,20:51,20:52,20:55,00:35,00:27,DELAY,DELAY,DELAY,DELAY,,93,00:27,,,,,20:30,20:50,,,HAN,PQC,CXR,Domestic,VJ,,,,,,,,,,,,
,2026-06-30,VJ7317/VJ7238,A676,A320,ENH-HAN-PVG,19:25,21:15,19:25,21:15,19:17,21:03,21:04,21:10,01:50,01:47,EARLY,ONTIME,ONTIME,ONTIME,,,,,,,,20:25,21:00,,,HAN,ENH,PVG,International,VJ,,,,,,,,,,,,
,2026-06-30,VJ776/VJ527,A668,A320,CXR-HAN-DAD,20:10,21:25,20:10,21:25,21:40,22:01,22:02,22:08,01:15,00:22,DELAY,DELAY,DELAY,DELAY,,93,00:37,,,,,21:40,22:00,,,HAN,CXR,DAD,Domestic,VJ,,,,,,,,,,,,
,2026-06-30,VJ154/VJ163,A544,A321,SGN-HAN-SGN,20:55,21:25,20:55,21:25,21:15,21:39,21:40,21:40,00:30,00:25,DELAY,ONTIME,ONTIME,DELAY,,93,00:15,,,,,21:15,21:37,,,HAN,SGN,SGN,Domestic,VJ,,,,,,,,,,,,
,2026-06-30,VJ468/VJ7526,A683,A321,VCA-HAN-CAN,19:50,22:30,19:50,22:30,20:10,22:28,22:29,22:29,02:40,02:19,EARLY,ONTIME,ONTIME,DELAY,,,,,,,,21:40,22:26,,,HAN,VCA,CAN,International,VJ,,,,,,,,,,,,
,2026-06-30,VJ518/VJ529,A645,A321,DAD-HAN-DAD,22:05,22:35,22:05,22:35,23:15,23:44,23:45,23:50,00:30,00:30,DELAY,DELAY,DELAY,DELAY,,93,01:10,,,,,23:05,23:42,,,HAN,DAD,DAD,Domestic,VJ,,,,,,,,,,,,
,2026-06-30,VJ496/VJ167,A684,A321,BMV-HAN-SGN,21:30,22:45,21:30,22:45,22:00,22:44,22:45,22:51,01:15,00:45,ONTIME,ONTIME,ONTIME,DELAY,,,,,,,,22:05,22:40,,,HAN,BMV,SGN,Domestic,VJ,,,,,,,,,,,,
,2026-06-30,VJ928/VJ533,A538,A321,CGK-HAN-DAD,18:15,23:10,18:15,23:10,20:00,00:07,00:08,00:09,04:55,04:08,DELAY,DELAY,DELAY,DELAY,,95,00:58,,,,,23:40,00:04,,CREW VJ780 OB 2351,HAN,CGK,DAD,Domestic,VJ,,,,,,,,,,,,
,2026-06-30,VJ949/VJ962,A693,A321,RMQ-HAN-ICN,19:50,23:15,19:50,23:15,20:15,23:34,23:35,23:45,03:25,03:20,DELAY,DELAY,DELAY,DELAY,,15A,00:20,,,,,22:30,23:13,,"OFFLOAD 5PAX, 05BAG",HAN,RMQ,ICN,International,VJ,,,,,,,,,,,,
