id,date,flight,reg,type,route,sta,std,eta,etd,onC,dc,offC,aobt,groundTime,tat,otpETD1,otpETD15,otpSTD,otaSTA,doorEarly5,code1,min1,code2,min2,code3,min3,bdcall,bdcomplete,TECHSTOP,delayReason,originReport,origin,destination,market,airline,updatedAt,updatedBy,COL_39,COL_40,COL_41,COL_42,COL_43,COL_44,COL_45,COL_46,COL_47,COL_48
,2026-07-01,____/VJ932,A500,A321,HAN-NRT,,00:30,,00:30,,00:29,00:30,00:34,,,ONTIME,ONTIME,ONTIME,,,,,,,,,23:44,00:27,,,HAN,HAN,NRT,International,VJ,,,,,,,,,,,,
,2026-07-01,VJ947/VJ982,A535,A321,KHH-HAN-PUS,20:35,01:05,20:35,01:05,20:40,01:04,01:05,01:08,04:30,04:25,ONTIME,ONTIME,ONTIME,ONTIME,,,,,,,,00:10,01:00,,,HAN,KHH,PUS,International,VJ,,,,,,,,,,,,
,2026-07-01,VJ7706/VJ7706,A537,A321,CXR-HAN-KHV,00:30,01:05,00:30,01:05,00:50,01:19,01:20,01:29,00:35,00:30,DELAY,ONTIME,DELAY,DELAY,,93,00:15,,,,,,,X,,HAN,CXR,KHV,International,VJ,,,,,,,,,,,,
,2026-07-01,____/VJ938,A674,A321,HAN-KIX,,01:20,,01:20,,01:09,01:10,01:15,,,EARLY,ONTIME,ONTIME,,,,,,,,,00:30,01:05,,,HAN,HAN,KIX,International,VJ,,,,,,,,,,,,
,2026-07-01,VJ998/VJ960,A203,A321,DPS-HAN-ICN,21:35,01:40,21:35,01:40,21:30,01:32,01:33,01:36,04:05,04:03,EARLY,ONTIME,ONTIME,ONTIME,,,,,,,,00:50,01:37,,,HAN,DPS,ICN,International,VJ,,,,,,,,,,,,
,2026-07-01,VJ914/VJ920,A524,A321,SAI-HAN-NGO,21:00,01:40,21:00,01:40,21:25,01:38,01:40,01:40,04:40,04:15,ONTIME,ONTIME,ONTIME,DELAY,,,,,,,,00:50,01:36,,,HAN,SAI,NGO,International,VJ,,,,,,,,,,,,
,2026-07-01,____/VJ123,A699,A320,HAN-SGN,,05:30,,05:30,,05:24,05:25,05:28,,,EARLY,ONTIME,ONTIME,,,,,,,,,04:40,05:21,,,HAN,HAN,SGN,Domestic,VJ,,,,,,,,,,,,
,2026-07-01,VJ7713/VJ445,A650,A320,PKX-HAN-PQC,03:55,05:30,03:55,05:30,,05:21,05:22,05:25,01:35,,EARLY,ONTIME,ONTIME,ONTIME,,,,,,,,04:40,05:18,,,HAN,PKX,PQC,Domestic,VJ,,,,,,,,,,,,
,2026-07-01,____/VJ501,A636,A321,HAN-DAD,,05:40,,05:40,,05:34,05:35,05:43,,,EARLY,ONTIME,ONTIME,,,,,,,,,05:00,05:29,,,HAN,HAN,DAD,Domestic,VJ,,,,,,,,,,,,
,2026-07-01,____/VJ121,A698,A321,HAN-SGN,,06:00,,06:00,,06:08,06:09,06:11,,,DELAY,ONTIME,ONTIME,,,41,00:09,,,,,05:10,05:54,,TECHNICAL CHECK,HAN,HAN,SGN,Domestic,VJ,,,,,,,,,,,,
,2026-07-01,____/VJ771,A663,A320,HAN-CXR,,06:00,,06:00,,05:54,05:55,06:00,,,EARLY,ONTIME,ONTIME,,,,,,,,,05:15,05:50,,,HAN,HAN,CXR,Domestic,VJ,,,,,,,,,,,,
,2026-07-01,____/VJ491,A635,A321,HAN-BMV,,06:00,,06:00,,05:54,05:55,06:02,,,EARLY,ONTIME,ONTIME,,,,,,,,,05:40,05:52,,,HAN,HAN,BMV,Domestic,VJ,,,,,,,,,,,,
,2026-07-01,____/VJ531,A697,A321,HAN-DAD,,06:30,,06:30,,06:22,06:23,06:25,,,EARLY,ONTIME,ONTIME,,,,,,,,,05:40,06:20,,,HAN,HAN,DAD,Domestic,VJ,,,,,,,,,,,,
,2026-07-01,____/VJ449,A655,A320,HAN-PQC,,06:30,,06:30,,06:24,06:25,06:28,,,EARLY,ONTIME,ONTIME,,,,,,,,,05:40,06:22,,,HAN,HAN,PQC,Domestic,VJ,,,,,,,,,,,,
,2026-07-01,____/VJ461,A641,A321,HAN-VCA,,06:45,,06:45,,06:39,06:40,06:44,,,EARLY,ONTIME,ONTIME,,,,,,,,,05:55,06:35,,,HAN,HAN,VCA,Domestic,VJ,,,,,,,,,,,,
,2026-07-01,VJ5069/VJ5069,A575,A321,NOZ-HAN-CXR,08:30,06:45,06:15,06:45,06:45,06:59,07:00,07:20,00:30,00:15,DELAY,ONTIME,DELAY,ONTIME,,93,00:15,,,,,,,X,,HAN,NOZ,CXR,Domestic,VJ,,,,,,,,,,,,
,2026-07-01,____/VJ125,A538,A321,HAN-SGN,,07:00,,07:00,,06:54,06:55,07:03,,,EARLY,ONTIME,ONTIME,,,,,,,,,06:28,06:50,,,HAN,HAN,SGN,Domestic,VJ,,,,,,,,,,,,
,2026-07-01,____/VJ421,A676,A320,HAN-PXU,,07:10,,07:10,,07:03,07:04,07:12,,,EARLY,ONTIME,ONTIME,,,,,,,,,06:25,07:00,,,HAN,HAN,PXU,Domestic,VJ,,,,,,,,,,,,
,2026-07-01,____/VJ197,A546,A321,HAN-SGN,,07:20,,07:20,,07:17,07:18,07:21,,,EARLY,ONTIME,ONTIME,,,,,,,,,06:40,07:15,,,HAN,HAN,SGN,Domestic,VJ,,,,,,,,,,,,
,2026-07-01,____/VJ905,A522,A321,HAN-KUL,,07:25,,07:25,,07:19,07:20,07:29,,,EARLY,ONTIME,ONTIME,,,,,,,,,06:30,07:17,,,HAN,HAN,KUL,International,VJ,,,,,,,,,,,,
,2026-07-01,____/VJ535,A689,A320,HAN-DAD,,07:25,,07:25,,07:16,07:18,07:30,,,EARLY,ONTIME,ONTIME,,,,,,,,,06:35,07:13,,,HAN,HAN,DAD,Domestic,VJ,,,,,,,,,,,,
,2026-07-01,VJ502/VJ503,A521,A321,DAD-HAN-DAD,07:00,07:30,07:00,07:30,07:05,07:29,07:30,07:36,00:30,00:25,ONTIME,ONTIME,ONTIME,ONTIME,,,,,,,,07:00,07:26,,,HAN,DAD,DAD,Domestic,VJ,,,,,,,,,,,,
,2026-07-01,____/VJ431,A683,A321,HAN-UIH,,07:40,,07:40,,07:34,07:35,07:47,,,EARLY,ONTIME,ONTIME,,,,,,,,,06:55,07:32,,,HAN,HAN,UIH,Domestic,VJ,,,,,,,,,,,,
,2026-07-01,VJ972/VJ934,A528,A321,DEL-HAN-NRT,05:40,07:55,05:40,07:55,05:55,08:09,08:10,08:10,02:15,02:15,DELAY,ONTIME,ONTIME,ONTIME,,15A,00:15,,,,,07:05,08:02,,DL15A OFFLD 3PAX 5BAG,HAN,DEL,NRT,International,VJ,,,,,,,,,,,,
,2026-07-01,VJ120/VJ127,A642,A321,SGN-HAN-SGN,07:10,08:10,07:10,08:10,07:10,08:09,08:10,08:15,01:00,01:00,ONTIME,ONTIME,ONTIME,ONTIME,,,,,,,,07:25,08:07,,,HAN,SGN,SGN,Domestic,VJ,,,,,,,,,,,,
,2026-07-01,VJ1926/VJ929,A578,A321,AMD-HAN-CGK,05:55,08:40,05:55,08:40,06:30,08:39,08:40,08:45,02:45,02:10,ONTIME,ONTIME,ONTIME,DELAY,,,,,,,,07:50,08:37,,,HAN,AMD,CGK,International,VJ,,,,,,,,,,,,
,2026-07-01,VJ124/VJ129,A542,A321,SGN-HAN-SGN,08:15,08:45,08:15,08:45,08:05,08:44,08:45,08:54,00:30,00:40,ONTIME,ONTIME,ONTIME,ONTIME,,,,,,,,08:05,08:42,,,HAN,SGN,SGN,Domestic,VJ,,,,,,,,,,,,
,2026-07-01,____/VJ447,A685,A321,HAN-PQC,,08:45,,08:45,,08:44,08:45,08:50,,,ONTIME,ONTIME,ONTIME,,,,,,,,,07:50,08:42,,,HAN,HAN,PQC,Domestic,VJ,,,,,,,,,,,,
,2026-07-01,VJ504/VJ435,A668,A320,DAD-HAN-UIH,08:20,08:50,08:20,08:50,08:35,08:59,09:00,09:15,00:30,00:25,DELAY,ONTIME,DELAY,ONTIME,,93,00:10,,,,,08:25,08:58,,,HAN,DAD,UIH,Domestic,VJ,,,,,,,,,,,,
,2026-07-01,____/VJ505,A687,A321,HAN-DAD,,09:05,,09:05,,09:03,09:04,09:16,,,EARLY,ONTIME,ONTIME,,,,,,,,,08:22,09:01,,,HAN,HAN,DAD,Domestic,VJ,,,,,,,,,,,,
,2026-07-01,VJ514/VJ563,A636,A321,DAD-HAN-HUI,08:50,09:20,08:50,09:50,09:20,09:40,09:41,09:49,01:00,00:21,EARLY,ONTIME,DELAY,DELAY,,,,,,,,09:02,09:39,,,HAN,DAD,HUI,Domestic,VJ,,,,,,,,,,,,
,2026-07-01,VJ963/VJ915,A693,A321,ICN-HAN-SIN,08:55,09:50,08:55,10:20,09:30,10:19,10:20,10:35,01:25,00:50,ONTIME,ONTIME,DELAY,DELAY,,,,,,,,09:35,10:17,,,HAN,ICN,SIN,International,VJ,,,,,,,,,,,,
,2026-07-01,____/VJ1773,A649,A321,HAN-CXR,,10:00,,10:00,,09:58,09:59,10:00,,,EARLY,ONTIME,ONTIME,,,,,,,,,09:07,09:56,,,HAN,HAN,CXR,Domestic,VJ,,,,,,,,,,,,
,2026-07-01,VJ126/VJ131,A647,A321,SGN-HAN-SGN,09:40,10:10,09:40,10:10,09:45,10:14,10:15,10:23,00:30,00:30,DELAY,ONTIME,ONTIME,ONTIME,,93,00:05,,,,,09:45,10:12,,,HAN,SGN,SGN,Domestic,VJ,,,,,,,,,,,,
,2026-07-01,____/VJ135,A552,A321,HAN-SGN,,10:10,,10:10,,10:03,10:05,10:10,,,EARLY,ONTIME,ONTIME,,,,,,,,,09:20,10:01,,,HAN,HAN,SGN,Domestic,VJ,,,,,,,,,,,,
,2026-07-01,VJ532/VJ425,A697,A321,DAD-HAN-PXU,09:45,10:20,09:45,10:20,09:50,10:17,10:18,10:35,00:35,00:28,EARLY,ONTIME,ONTIME,ONTIME,,,,,,,,09:41,10:12,,,HAN,DAD,PXU,Domestic,VJ,,,,,,,,,,,,
,2026-07-01,VJ122/VJ463,A532,A321,SGN-HAN-VCA,09:05,10:20,09:05,10:20,09:10,10:19,10:20,10:30,01:15,01:10,ONTIME,ONTIME,ONTIME,ONTIME,,,,,,,,09:38,10:17,,,HAN,SGN,VCA,Domestic,VJ,,,,,,,,,,,,
,2026-07-01,____/VJ997,A549,A321,HAN-DPS,,10:25,,10:25,,10:21,10:22,10:40,,,EARLY,ONTIME,ONTIME,,,,,,,,,09:32,10:19,,,HAN,HAN,DPS,International,VJ,,,,,,,,,,,,
,2026-07-01,VJ492/VJ493,A635,A321,BMV-HAN-BMV,10:00,10:30,10:00,10:30,10:05,10:25,10:26,10:45,00:30,00:21,EARLY,ONTIME,ONTIME,ONTIME,,,,,,,,09:55,10:24,,,HAN,BMV,BMV,Domestic,VJ,,,,,,,,,,,,
,2026-07-01,VJ770/VJ437,A663,A320,CXR-HAN-UIH,10:10,10:40,10:10,10:40,10:25,10:49,10:50,11:22,00:30,00:25,DELAY,ONTIME,DELAY,ONTIME,,93,00:10,,,,,10:15,10:42,,,HAN,CXR,UIH,Domestic,VJ,,,,,,,,,,,,
,2026-07-01,VJ536/VJ537,A689,A320,DAD-HAN-DAD,10:35,11:05,10:35,11:05,10:55,11:18,11:19,11:35,00:30,00:24,DELAY,ONTIME,DELAY,DELAY,,93,00:14,,,,,10:55,11:16,,,HAN,DAD,DAD,Domestic,VJ,,,,,,,,,,,,
,2026-07-01,VJ524/VJ507,A521,A321,DAD-HAN-DAD,10:40,11:10,10:40,11:10,11:10,11:39,11:40,11:48,00:30,00:30,DELAY,DELAY,DELAY,DELAY,,93,00:30,,,,,11:00,11:37,,,HAN,DAD,DAD,Domestic,VJ,,,,,,,,,,,,
,2026-07-01,____/VJ901,A580,A321,HAN-BKK,,11:10,,11:10,,11:14,11:15,11:22,,,DELAY,ONTIME,ONTIME,,,99,00:05,,,,,10:20,11:11,,ACCEPT LATE 01PAX WITH 01BAG,HAN,HAN,BKK,International,VJ,,,,,,,,,,,,
,2026-07-01,VJ981/VJ133,A535,A321,PUS-HAN-SGN,10:40,11:20,10:40,11:20,10:28,11:24,11:25,11:35,00:40,00:57,DELAY,ONTIME,ONTIME,ONTIME,,15A,00:05,,,,,10:35,11:22,,OFLD 10PAX AND 04BAG,HAN,PUS,SGN,Domestic,VJ,,,,,,,,,,,,
,2026-07-01,VJ448/VJ565,A650,A320,PQC-HAN-HUI,10:15,11:30,10:15,11:30,10:25,11:24,11:25,11:45,01:15,01:00,EARLY,ONTIME,ONTIME,ONTIME,,,,,,,,10:30,11:22,,,HAN,PQC,HUI,Domestic,VJ,,,,,,,,,,,,
,2026-07-01,VJ422/VJ451,A676,A320,PXU-HAN-PQC,10:50,11:45,10:50,11:45,10:50,11:33,11:35,11:39,00:55,00:45,EARLY,ONTIME,ONTIME,ONTIME,,,,,,,,10:50,11:31,,,HAN,PXU,PQC,Domestic,VJ,,,,,,,,,,,,
,2026-07-01,VJ450/VJ775,A655,A320,PQC-HAN-CXR,11:15,11:45,11:15,11:45,11:15,11:41,11:42,11:56,00:30,00:27,EARLY,ONTIME,ONTIME,ONTIME,,,,,,,,11:11,11:39,,,HAN,PQC,CXR,Domestic,VJ,,,,,,,,,,,,
,2026-07-01,VJ1772/VJ1771,A202,A321,CXR-HAN-CXR,11:15,11:50,11:15,12:30,12:00,12:24,12:25,12:49,01:15,00:25,EARLY,ONTIME,DELAY,DELAY,,,,,,,,11:48,12:22,,,HAN,CXR,CXR,Domestic,VJ,,,,,,,,,,,,
,2026-07-01,VJ462/VJ515,A641,A321,VCA-HAN-DAD,11:40,12:10,11:40,12:10,11:48,12:17,12:18,12:34,00:30,00:30,DELAY,ONTIME,DELAY,ONTIME,,93,00:08,,,,,11:48,12:15,,,HAN,VCA,DAD,Domestic,VJ,,,,,,,,,,,,
,2026-07-01,VJ430/VJ137,A683,A321,UIH-HAN-SGN,11:35,12:20,11:35,12:20,11:50,12:19,12:20,12:35,00:45,00:30,ONTIME,ONTIME,ONTIME,ONTIME,,,,,,,,11:35,12:17,,,HAN,UIH,SGN,Domestic,VJ,,,,,,,,,,,,
,2026-07-01,VJ128/VJ453,A538,A321,SGN-HAN-PQC,11:50,13:00,11:50,13:00,12:10,12:59,13:00,13:15,01:10,00:50,ONTIME,ONTIME,ONTIME,DELAY,,,,,,,,12:20,12:57,,,HAN,SGN,PQC,Domestic,VJ,,,,,,,,,,,,
,2026-07-01,VJ432/VJ509,A668,A320,UIH-HAN-DAD,12:35,13:05,12:35,13:50,13:25,13:49,13:50,14:05,01:15,00:25,ONTIME,ONTIME,DELAY,DELAY,,,,,,,,13:25,13:45,,,HAN,UIH,DAD,Domestic,VJ,,,,,,,,,,,,
,2026-07-01,VJ506/VJ787,A687,A321,DAD-HAN-CXR,12:15,13:10,12:15,13:10,12:45,13:19,13:20,13:25,00:55,00:35,DELAY,ONTIME,ONTIME,DELAY,,93,00:05,66,00:05,,,12:45,13:18,,CREW OB 1252L,HAN,DAD,CXR,Domestic,VJ,,,,,,,,,,,,
,2026-07-01,VJ198/VJ433,A546,A321,SGN-HAN-UIH,12:40,13:20,12:40,13:20,13:10,13:28,13:29,13:50,00:40,00:19,DELAY,ONTIME,DELAY,DELAY,,93,00:09,,,,,13:05,13:26,,,HAN,SGN,UIH,Domestic,VJ,,,,,,,,,,,,
,2026-07-01,VJ939/VJ948,A674,A321,KIX-HAN-RMQ,12:20,13:30,12:20,13:30,12:36,13:29,13:30,13:44,01:10,00:54,ONTIME,ONTIME,ONTIME,DELAY,,,,,,,,12:58,13:27,,,HAN,KIX,RMQ,International,VJ,,,,,,,,,,,,
,2026-07-01,VJ564/VJ441,A636,A321,HUI-HAN-PQC,12:20,14:05,12:20,14:05,13:25,13:54,13:55,14:09,01:45,00:30,EARLY,ONTIME,ONTIME,DELAY,,,,,,,,13:26,13:52,,,HAN,HUI,PQC,Domestic,VJ,,,,,,,,,,,,
,2026-07-01,VJ921/VJ143,A524,A321,NGO-HAN-SGN,12:50,14:05,12:50,14:05,12:35,14:04,14:05,14:20,01:15,01:30,ONTIME,ONTIME,ONTIME,ONTIME,,,,,,,,13:25,14:02,,,HAN,NGO,SGN,Domestic,VJ,,,,,,,,,,,,
,2026-07-01,VJ134/VJ525,A536,A321,SGN-HAN-DAD,13:30,14:10,13:30,14:10,13:50,14:19,14:20,14:25,00:40,00:30,DELAY,ONTIME,ONTIME,DELAY,,93,00:10,,,,,13:50,14:17,,,HAN,SGN,DAD,Domestic,VJ,,,,,,,,,,,,
,2026-07-01,VJ933/VJ942,A500,A321,NRT-HAN-TPE,13:05,14:25,13:05,14:25,13:05,14:22,14:23,14:25,01:20,01:18,EARLY,ONTIME,ONTIME,ONTIME,,,,,,,,13:35,14:20,,,HAN,NRT,TPE,International,VJ,,,,,,,,,,,,
,2026-07-01,VJ961/VJ467,A203,A321,ICN-HAN-VCA,13:35,14:30,13:35,14:35,13:45,14:34,14:35,14:45,01:00,00:50,ONTIME,ONTIME,ONTIME,ONTIME,,,,,,,,13:50,14:32,,,HAN,ICN,VCA,Domestic,VJ,,,,,,,,,,,,
,2026-07-01,VJ440/VJ946,A685,A321,PQC-HAN-KHH,13:30,14:35,13:30,14:35,13:45,14:28,14:30,14:34,01:05,00:45,EARLY,ONTIME,ONTIME,ONTIME,,,,,,,,14:04,14:26,,,HAN,PQC,KHH,International,VJ,,,,,,,,,,,,
,2026-07-01,VJ1504/VJ1505,A550,A321,DAD-HAN-DAD,14:10,14:45,14:10,14:45,14:30,15:00,15:00,15:08,00:35,00:30,DELAY,ONTIME,DELAY,DELAY,,93,00:15,,,,,14:30,14:58,,,HAN,DAD,DAD,Domestic,VJ,,,,,,,,,,,,
,2026-07-01,VJ7707/VJ7707,A537,A321,KHV-HAN-CXR,14:25,14:55,14:25,14:55,14:22,15:09,15:10,15:10,00:30,00:48,DELAY,ONTIME,ONTIME,ONTIME,,63A,00:15,,,,,,,X,CREW OB 1447L,HAN,KHV,CXR,Domestic,VJ,,,,,,,,,,,,
,2026-07-01,VJ538/VJ145,A689,A320,DAD-HAN-SGN,14:15,14:55,14:15,15:45,15:05,15:42,15:44,15:52,01:30,00:39,EARLY,ONTIME,DELAY,DELAY,,,,,,,,15:17,15:40,,,HAN,DAD,SGN,Domestic,VJ,,,,,,,,,,,,
,2026-07-01,VJ1774/VJ1451,A649,A321,CXR-HAN-PQC,14:20,15:05,14:20,15:05,14:40,15:04,15:05,15:11,00:45,00:25,ONTIME,ONTIME,ONTIME,DELAY,,,,,,,,14:33,15:02,,,HAN,CXR,PQC,Domestic,VJ,,,,,,,,,,,,
,2026-07-01,VJ436/VJ423,A663,A320,UIH-HAN-PXU,14:25,15:05,14:25,15:35,15:05,15:34,15:35,15:35,01:10,00:30,ONTIME,ONTIME,DELAY,DELAY,,,,,,,,14:55,15:32,,,HAN,UIH,PXU,Domestic,VJ,,,,,,,,,,,,
,2026-07-01,VJ426/VJ419,A697,A321,PXU-HAN-TBB,14:05,15:10,14:05,15:10,14:10,15:04,15:05,15:15,01:05,00:55,EARLY,ONTIME,ONTIME,ONTIME,,,,,,,,14:20,15:00,,,HAN,PXU,TBB,Domestic,VJ,,,,,,,,,,,,
,2026-07-01,VJ510/VJ511,A672,A320,DAD-HAN-DAD,14:35,15:15,14:35,15:15,14:55,15:24,15:25,15:30,00:40,00:30,DELAY,ONTIME,ONTIME,DELAY,,93,00:05,66,00:05,,,14:55,15:22,,CREW OB 1504L,HAN,DAD,DAD,Domestic,VJ,,,,,,,,,,,,
,2026-07-01,VJ566/VJ439,A650,A320,HUI-HAN-UIH,14:30,15:40,14:30,15:40,15:25,15:49,15:50,15:55,01:10,00:25,DELAY,ONTIME,ONTIME,DELAY,,93,00:10,,,,,15:15,15:47,,,HAN,HUI,UIH,Domestic,VJ,,,,,,,,,,,,
,2026-07-01,VJ138/VJ147,A699,A320,SGN-HAN-SGN,15:15,15:45,15:15,15:45,15:32,15:56,15:57,16:00,00:30,00:25,DELAY,ONTIME,ONTIME,DELAY,,93,00:12,,,,,15:33,15:54,,,HAN,SGN,SGN,Domestic,VJ,,,,,,,,,,,,
,2026-07-01,VJ136/VJ903,A658,A320,SGN-HAN-BKK,14:10,15:45,14:10,15:45,15:25,15:58,15:59,16:15,01:35,00:34,DELAY,ONTIME,DELAY,DELAY,,93,00:05,66,00:09,,,15:43,15:57,,CREW OB 1544L,HAN,SGN,BKK,International,VJ,,,,,,,,,,,,
,2026-07-01,VJ464/VJ567,A532,A321,VCA-HAN-HUI,15:10,15:55,15:10,16:30,16:10,16:34,16:35,16:40,01:20,00:25,DELAY,ONTIME,DELAY,DELAY,,93,00:05,,,,,16:00,16:32,,,HAN,VCA,HUI,Domestic,VJ,,,,,,,,,,,,
,2026-07-01,VJ494/VJ773,A635,A321,BMV-HAN-CXR,14:30,16:00,14:30,16:00,15:35,16:10,16:10,16:14,01:30,00:35,DELAY,ONTIME,ONTIME,DELAY,,93,00:05,66,00:05,,,15:35,16:06,,CREW OB 1544L,HAN,BMV,CXR,Domestic,VJ,,,,,,,,,,,,
,2026-07-01,VJ142/VJ539,A642,A321,SGN-HAN-DAD,15:30,16:20,15:30,16:20,16:10,16:33,16:34,16:35,00:50,00:24,DELAY,ONTIME,ONTIME,DELAY,,93,00:14,,,,,16:05,16:32,,,HAN,SGN,DAD,Domestic,VJ,,,,,,,,,,,,
,2026-07-01,VJ906/VJ913,A522,A321,KUL-HAN-SAI,14:40,16:20,14:40,16:20,15:10,16:15,16:16,16:21,01:40,01:06,EARLY,ONTIME,ONTIME,DELAY,,,,,,,,15:35,16:13,,,HAN,KUL,SAI,International,VJ,,,,,,,,,,,,
,2026-07-01,VJ508/VJ513,A641,A321,DAD-HAN-DAD,15:25,16:35,15:25,16:35,16:15,16:49,16:50,17:15,01:10,00:35,DELAY,ONTIME,DELAY,DELAY,,93,00:10,66,00:05,,,16:30,16:47,,CREW OB 1627L,HAN,DAD,DAD,Domestic,VJ,,,,,,,,,,,,
,2026-07-01,VJ902/VJ151,A580,A321,BKK-HAN-SGN,15:50,16:50,15:50,16:50,16:30,16:59,17:00,17:05,01:00,00:30,DELAY,ONTIME,ONTIME,DELAY,,93,00:10,,,,,16:25,16:57,,,HAN,BKK,SGN,Domestic,VJ,,,,,,,,,,,,
,2026-07-01,VJ452/VJ465,A645,A321,PQC-HAN-VCA,16:05,17:00,16:05,17:45,17:35,17:57,17:58,18:16,01:40,00:23,DELAY,ONTIME,DELAY,DELAY,,93,00:13,,,,,17:25,17:56,,,HAN,PQC,VCA,Domestic,VJ,,,,,,,,,,,,
,2026-07-01,VJ772/VJ495,A655,A320,CXR-HAN-BMV,15:55,17:30,15:55,17:30,17:00,17:26,17:27,17:35,01:35,00:27,EARLY,ONTIME,ONTIME,DELAY,,,,,,,,17:00,17:24,,,HAN,CXR,BMV,Domestic,VJ,,,,,,,,,,,,
,2026-07-01,VJ512/VJ141,A672,A320,DAD-HAN-SGN,18:30,17:35,18:30,19:10,19:10,19:34,19:35,19:55,00:40,00:25,DELAY,DELAY,DELAY,DELAY,,93,00:25,,,,,19:00,19:33,,,HAN,DAD,SGN,Domestic,VJ,,,,,,,,,,,,
,2026-07-01,VJ140/VJ1431,A535,A321,SGN-HAN-UIH,16:20,17:40,16:20,17:40,17:05,18:03,18:05,18:10,01:20,01:00,DELAY,DELAY,DELAY,DELAY,,61,00:25,,,,,17:25,18:00,,"CHANGE FLIGHT PLAN, CHANGE A/C",HAN,SGN,UIH,Domestic,VJ,,,,,,,,,,,,
,2026-07-01,VJ774/VJ517,A687,A321,CXR-HAN-DAD,17:15,17:45,17:15,18:25,18:05,18:34,18:35,18:40,01:10,00:30,DELAY,ONTIME,DELAY,DELAY,,93,00:10,,,,,18:00,18:32,,,HAN,CXR,DAD,Domestic,VJ,,,,,,,,,,,,
,2026-07-01,VJ456/VJ781,A538,A321,PQC-HAN-CXR,17:45,18:15,17:45,18:15,18:15,18:43,18:44,18:54,00:30,00:29,DELAY,DELAY,DELAY,DELAY,,93,00:29,,,,,18:10,18:42,,,HAN,PQC,CXR,Domestic,VJ,,,,,,,,,,,,
,2026-07-01,VJ434/VJ153,A546,A321,UIH-HAN-SGN,17:10,18:20,17:10,18:20,18:00,18:29,18:30,18:35,01:10,00:30,DELAY,ONTIME,ONTIME,DELAY,,93,00:10,,,,,18:00,18:28,,,HAN,UIH,SGN,Domestic,VJ,,,,,,,,,,,,
,2026-07-01,VJ528/VJ789,A536,A321,DAD-HAN-CXR,17:25,18:45,17:25,18:45,18:00,18:44,18:45,18:48,01:20,00:45,ONTIME,ONTIME,ONTIME,DELAY,,,,,,,,17:55,18:42,,,HAN,DAD,CXR,Domestic,VJ,,,,,,,,,,,,
,2026-07-01,VJ148/VJ155,A653,A321,SGN-HAN-SGN,18:25,18:55,18:25,18:55,19:00,19:27,19:28,19:42,00:30,00:28,DELAY,DELAY,DELAY,DELAY,,93,00:33,,,,,18:50,19:25,,,HAN,SGN,SGN,Domestic,VJ,,,,,,,,,,,,
,2026-07-01,VJ7658/VJ7658,A554,A321,DAD-HAN-BQS,18:35,19:10,18:35,19:10,19:20,19:48,19:50,20:05,00:35,00:30,DELAY,DELAY,DELAY,DELAY,,93,00:40,,,,,,,X,,HAN,DAD,BQS,International,VJ,,,,,,,,,,,,
,2026-07-01,VJ530/VJ561,A668,A320,DAD-HAN-HUI,16:25,19:15,16:25,19:15,18:32,19:07,19:08,19:22,02:50,00:36,EARLY,ONTIME,ONTIME,DELAY,,,,,,,,18:33,19:05,,,HAN,DAD,HUI,Domestic,VJ,,,,,,,,,,,,
,2026-07-01,VJ144/VJ519,A639,A321,SGN-HAN-DAD,18:25,19:25,18:25,19:25,18:52,19:24,19:25,19:40,01:00,00:33,ONTIME,ONTIME,ONTIME,DELAY,,,,,,,,18:55,19:22,,,HAN,SGN,DAD,Domestic,VJ,,,,,,,,,,,,
,2026-07-01,VJ442/VJ157,A636,A321,PQC-HAN-SGN,19:05,19:30,19:05,20:10,19:40,20:09,20:10,20:35,01:05,00:30,ONTIME,ONTIME,DELAY,DELAY,,,,,,,,19:48,20:07,,,HAN,PQC,SGN,Domestic,VJ,,,,,,,,,,,,
,2026-07-01,VJ146/VJ523,A524,A321,SGN-HAN-DAD,18:55,19:45,18:55,19:45,19:15,19:44,19:45,20:00,00:50,00:30,ONTIME,ONTIME,ONTIME,DELAY,,,,,,,,19:15,19:42,,,HAN,SGN,DAD,Domestic,VJ,,,,,,,,,,,,
,2026-07-01,VJ454/VJ7712,A676,A320,PQC-HAN-PKX,16:45,19:55,16:45,19:55,16:35,19:54,19:55,20:40,03:10,03:20,ONTIME,ONTIME,DELAY,ONTIME,,,,,,,,19:15,19:52,,,HAN,PQC,PKX,International,VJ,,,,,,,,,,,,
,2026-07-01,VJ424/VJ1785,A663,A320,PXU-HAN-CXR,19:10,19:55,19:10,19:55,19:30,19:54,19:55,20:05,00:45,00:25,ONTIME,ONTIME,ONTIME,DELAY,,,,,,,,19:20,19:52,,,HAN,PXU,CXR,Domestic,VJ,,,,,,,,,,,,
,2026-07-01,VJ916/VJ907,A693,A321,SIN-HAN-BOM,17:25,20:05,17:25,20:05,18:40,19:55,19:56,20:15,02:40,01:16,EARLY,ONTIME,ONTIME,DELAY,,,,,,,,19:00,19:52,,,HAN,SIN,BOM,International,VJ,,,,,,,,,,,,
,2026-07-01,VJ928/VJ455,A578,A321,CGK-HAN-PQC,18:15,20:05,18:15,20:05,18:45,20:04,20:05,20:42,01:50,01:20,ONTIME,ONTIME,DELAY,DELAY,,,,,,,,19:20,20:02,,,HAN,CGK,PQC,Domestic,VJ,,,,,,,,,,,,
,2026-07-01,VJ516/VJ783,A641,A321,DAD-HAN-CXR,19:45,20:25,20:35,21:15,21:05,21:29,21:30,21:46,00:40,00:25,DELAY,ONTIME,DELAY,DELAY,,93,00:15,,,,,20:56,21:27,,,HAN,DAD,CXR,Domestic,VJ,,,,,,,,,,,,
,2026-07-01,VJ152/VJ159,A647,A321,SGN-HAN-SGN,19:55,20:30,19:55,21:25,21:15,21:44,21:45,21:54,01:30,00:30,DELAY,DELAY,DELAY,DELAY,,93,00:20,,,,,21:10,21:42,,,HAN,SGN,SGN,Domestic,VJ,,,,,,,,,,,,
,2026-07-01,VJ935/VJ161,A528,A321,NRT-HAN-SGN,20:05,20:55,20:05,20:55,20:55,21:24,21:25,21:45,00:50,00:30,DELAY,DELAY,DELAY,DELAY,,93,00:30,,,,,20:50,21:27,,,HAN,NRT,SGN,Domestic,VJ,,,,,,,,,,,,
,2026-07-01,VJ438/VJ7238,A650,A320,UIH-HAN-PVG,19:25,21:15,19:25,21:15,19:28,21:01,21:02,21:13,01:50,01:34,EARLY,ONTIME,ONTIME,ONTIME,,,,,,,,20:25,20:59,,,HAN,UIH,PVG,International,VJ,,,,,,,,,,,,
,2026-07-01,VJ154/VJ163,A544,A321,SGN-HAN-SGN,20:55,21:25,20:55,21:25,22:05,22:33,22:34,22:35,00:30,00:29,DELAY,DELAY,DELAY,DELAY,,93,01:09,,,,,22:05,22:31,,,HAN,SGN,SGN,Domestic,VJ,,,,,,,,,,,,
,2026-07-01,VJ420/VJ527,A697,A321,TBB-HAN-DAD,19:15,21:25,19:15,21:25,19:35,21:24,21:25,21:40,02:10,01:50,ONTIME,ONTIME,ONTIME,DELAY,,,,,,,,20:40,21:22,,,HAN,TBB,DAD,Domestic,VJ,,,,,,,,,,,,
,2026-07-01,VJ1452/VJ7526,A649,A321,PQC-HAN-CAN,19:50,22:30,19:50,22:30,21:25,22:29,22:30,22:37,02:40,01:05,ONTIME,ONTIME,ONTIME,DELAY,,,,,,,,21:45,22:28,,,HAN,PQC,CAN,International,VJ,,,,,,,,,,,,
,2026-07-01,VJ540/VJ529,A642,A321,DAD-HAN-DAD,19:30,22:35,19:30,22:35,20:05,23:09,23:10,23:15,03:05,03:05,DELAY,DELAY,DELAY,DELAY,,95,00:35,,,,,22:30,23:07,,CREW FR VJ562 + VJ520 OB2250,HAN,DAD,DAD,Domestic,VJ,,,,,,,,,,,,
,2026-07-01,VJ468/VJ962,A203,A321,VCA-HAN-ICN,19:50,23:15,19:50,23:15,20:07,23:14,23:15,23:24,03:25,03:08,ONTIME,ONTIME,ONTIME,DELAY,,,,,,,,22:20,23:12,,,HAN,VCA,ICN,International,VJ,,,,,,,,,,,,
,2026-07-01,VJ522/VJ169,A639,A321,DAD-HAN-SGN,22:35,23:25,22:35,23:50,23:35,00:09,00:10,00:10,01:15,00:35,DELAY,DELAY,DELAY,DELAY,,93,00:15,66,00:05,,,23:45,00:07,,CREW OB 2345LT,HAN,DAD,SGN,Domestic,VJ,,,,,,,,,,,,
,2026-07-01,AI2390/AI2391,VT-TQL,A320,DEL-HAN-DEL,07:20,08:20,07:20,08:20,07:37,08:27,08:28,08:30,01:00,00:51,DELAY,ONTIME,ONTIME,DELAY,,93,00:08,,,,,,,,,HAN,DEL,DEL,International,AI,,,,,,,,,,,,
,2026-07-02,VJ7704/VJ7704,A537,A321,CXR-HAN-VVO,23:45,00:20,23:45,00:20,00:15,00:44,00:45,00:50,00:35,00:30,DELAY,DELAY,DELAY,ONTIME,,93,00:25,,,,,,,X,,HAN,CXR,VVO,International,VJ,,,,,,,,,,,,
,2026-07-02,____/VJ932,A549,A321,HAN-NRT,,00:30,,00:30,,00:24,00:25,00:28,,,EARLY,ONTIME,ONTIME,,,,,,,,,23:48,00:22,,,HAN,HAN,NRT,International,VJ,,,,,,,,,,,,
,2026-07-02,____/VJ982,A685,A321,HAN-PUS,,01:05,,01:05,,00:51,00:52,00:54,,,EARLY,ONTIME,ONTIME,,,,,,,,,00:15,00:50,,,HAN,HAN,PUS,International,VJ,,,,,,,,,,,,
,2026-07-02,____/VJ938,A674,A321,HAN-KIX,,01:20,,01:20,,01:18,01:19,01:21,,,EARLY,ONTIME,ONTIME,,,,,,,,,00:35,01:15,,,HAN,HAN,KIX,International,VJ,,,,,,,,,,,,
,2026-07-02,____/VJ960,A524,A321,HAN-ICN,,01:40,,01:40,,01:34,01:35,01:40,,,EARLY,ONTIME,ONTIME,,,,,,,,,00:50,01:32,,,HAN,HAN,ICN,International,VJ,,,,,,,,,,,,
,2026-07-02,____/VJ958,A645,A321,HAN-FUK,,02:05,,02:05,,02:09,02:10,02:15,,,DELAY,ONTIME,ONTIME,,,,,15A,00:05,,,01:15,02:03,,OFFLOAD 2 PAX 2 BAGS,HAN,HAN,FUK,International,VJ,,,,,,,,,,,,
,2026-07-02,____/VJ1980,A663,A320,HAN-FSZ,,02:40,,02:40,,02:27,02:28,02:31,,,EARLY,ONTIME,ONTIME,,,,,,,,,01:55,02:25,,,HAN,HAN,FSZ,International,VJ,,,,,,,,,,,,
,2026-07-02,____/VJ123,A522,A321,HAN-SGN,,05:30,,05:30,,05:24,05:25,05:29,,,EARLY,ONTIME,ONTIME,,,,,,,,,04:35,05:22,,,HAN,HAN,SGN,Domestic,VJ,,,,,,,,,,,,
,2026-07-02,____/VJ445,A636,A321,HAN-PQC,,05:30,,05:30,,05:20,05:22,05:30,,,EARLY,ONTIME,ONTIME,,,,,,,,,04:45,05:18,,,HAN,HAN,PQC,Domestic,VJ,,,,,,,,,,,,
,2026-07-02,____/VJ501,A532,A321,HAN-DAD,,05:40,,05:40,,05:34,05:35,05:47,,,EARLY,ONTIME,ONTIME,,,,,,,,,04:47,05:32,,,HAN,HAN,DAD,Domestic,VJ,,,,,,,,,,,,
,2026-07-02,____/VJ771,A658,A320,HAN-CXR,,05:45,,05:45,,05:33,05:34,05:42,,,EARLY,ONTIME,ONTIME,,,,,,,,,04:55,05:31,,,HAN,HAN,CXR,Domestic,VJ,,,,,,,,,,,,
,2026-07-02,____/VJ491,A687,A321,HAN-BMV,,06:00,,06:00,,05:54,05:55,06:02,,,EARLY,ONTIME,ONTIME,,,,,,,,,05:10,05:52,,,HAN,HAN,BMV,Domestic,VJ,,,,,,,,,,,,
,2026-07-02,____/VJ431,A672,A320,HAN-UIH,,06:05,,06:05,,05:53,05:54,05:57,,,EARLY,ONTIME,ONTIME,,,,,,,,,05:10,05:50,,,HAN,HAN,UIH,Domestic,VJ,,,,,,,,,,,,
,2026-07-02,____/VJ952,A655,A320,HAN-HIJ,,06:15,,06:15,,06:09,06:10,06:15,,,EARLY,ONTIME,ONTIME,,,,,,,,,05:25,06:07,,,HAN,HAN,HIJ,International,VJ,,,,,,,,,,,,
,2026-07-02,____/VJ531,A546,A321,HAN-DAD,,06:30,,06:30,,06:22,06:23,06:24,,,EARLY,ONTIME,ONTIME,,,,,,,,,05:45,06:20,,,HAN,HAN,DAD,Domestic,VJ,,,,,,,,,,,,
,2026-07-02,VJ7713/VJ461,A676,A320,PKX-HAN-VCA,03:55,06:45,03:55,06:45,04:35,06:39,06:40,06:47,02:50,02:05,EARLY,ONTIME,ONTIME,DELAY,,,,,,,,05:52,06:37,,,HAN,PKX,VCA,Domestic,VJ,,,,,,,,,,,,
,2026-07-02,____/VJ125,A671,A320,HAN-SGN,,07:00,,07:00,,06:54,06:55,07:05,,,EARLY,ONTIME,ONTIME,,,,,,,,,06:15,06:52,,,HAN,HAN,SGN,Domestic,VJ,,,,,,,,,,,,
,2026-07-02,____/VJ1771,A538,A321,HAN-CXR,,07:00,,07:00,,06:54,06:55,07:00,,,EARLY,ONTIME,ONTIME,,,,,,,,,06:15,06:50,,,HAN,HAN,CXR,Domestic,VJ,,,,,,,,,,,,
,2026-07-02,____/VJ421,A650,A320,HAN-PXU,,07:10,,07:10,,07:00,07:01,07:09,,,EARLY,ONTIME,ONTIME,,,,,,,,,06:05,06:58,,,HAN,HAN,PXU,Domestic,VJ,,,,,,,,,,,,
,2026-07-02,____/VJ535,A202,A321,HAN-DAD,,07:25,,07:25,,07:19,07:20,07:34,,,EARLY,ONTIME,ONTIME,,,,,,,,,06:40,07:18,,,HAN,HAN,DAD,Domestic,VJ,,,,,,,,,,,,
,2026-07-02,____/VJ503,A661,A321,HAN-DAD,,07:30,,07:30,,07:29,07:30,07:45,,,ONTIME,ONTIME,ONTIME,,,,,,,,,06:45,07:28,,,HAN,HAN,DAD,Domestic,VJ,,,,,,,,,,,,
,2026-07-02,____/VJ930,A500,A321,HAN-KIX,,07:55,,07:55,,07:49,07:50,07:55,,,EARLY,ONTIME,ONTIME,,,,,,,,,07:05,07:48,,,HAN,HAN,KIX,International,VJ,,,,,,,,,,,,
,2026-07-02,VJ120/VJ127,A689,A320,SGN-HAN-SGN,07:10,08:10,07:10,08:10,06:50,08:04,08:05,08:10,01:00,01:15,EARLY,ONTIME,ONTIME,ONTIME,,,,,,,,,,,,HAN,SGN,SGN,Domestic,VJ,,,,,,,,,,,,
,2026-07-02,VJ7659/VJ7659,A554,A321,BQS-HAN-DAD,07:40,08:10,07:40,09:15,08:45,09:06,09:07,09:25,01:35,00:22,EARLY,ONTIME,DELAY,DELAY,,,,,,,,,,,TECHSTOP,HAN,BQS,DAD,Domestic,VJ,,,,,,,,,,,,
,2026-07-02,____/VJ929,A536,A321,HAN-CGK,,08:40,,08:40,,08:39,08:40,08:44,,,ONTIME,ONTIME,ONTIME,,,,,,,,,07:55,08:35,,,HAN,HAN,CGK,International,VJ,,,,,,,,,,,,
,2026-07-02,VJ124/VJ129,A550,A321,SGN-HAN-SGN,08:15,08:45,08:15,08:45,08:10,08:44,08:45,08:48,00:30,00:35,ONTIME,ONTIME,ONTIME,ONTIME,,,,,,,,08:10,08:42,,LATE TAKEOFF DUE TO ATC,HAN,SGN,SGN,Domestic,VJ,,,,,,,,,,,,
,2026-07-02,____/VJ447,A641,A321,HAN-PQC,,08:45,,08:45,,09:21,09:23,09:29,,,DELAY,DELAY,DELAY,,,84,00:38,,,,,08:00,08:40,,CTOT 0942,HAN,HAN,PQC,Domestic,VJ,,,,,,,,,,,,
,2026-07-02,VJ502/VJ435,A699,A320,DAD-HAN-UIH,07:00,08:50,07:00,08:50,06:50,08:45,08:46,08:52,01:50,01:56,EARLY,ONTIME,ONTIME,ONTIME,,,,,,,,08:00,08:42,,LATE TAKEOFF DUE TO ATC,HAN,DAD,UIH,Domestic,VJ,,,,,,,,,,,,
,2026-07-02,VJ514/VJ563,A532,A321,DAD-HAN-HUI,08:50,09:20,08:50,09:20,09:20,09:44,09:45,09:50,00:30,00:25,DELAY,DELAY,DELAY,DELAY,,93,00:25,,,,,09:20,09:42,,,HAN,DAD,HUI,Domestic,VJ,,,,,,,,,,,,
,2026-07-02,VJ910/VJ915,A693,A321,BOM-HAN-SIN,07:10,09:35,07:10,09:35,07:25,09:34,09:35,09:44,02:25,02:10,ONTIME,ONTIME,ONTIME,ONTIME,,,,,,,,08:50,09:30,,,HAN,BOM,SIN,International,VJ,,,,,,,,,,,,
,2026-07-02,VJ122/VJ1773,A684,A321,SGN-HAN-CXR,09:05,10:00,09:05,10:00,09:05,09:59,10:00,10:09,00:55,00:55,ONTIME,ONTIME,ONTIME,ONTIME,,,,,,,,09:05,09:55,,,HAN,SGN,CXR,Domestic,VJ,,,,,,,,,,,,
,2026-07-02,VJ126/VJ131,A552,A321,SGN-HAN-SGN,09:40,10:15,09:40,10:15,09:45,10:14,10:15,10:25,00:35,00:30,ONTIME,ONTIME,ONTIME,ONTIME,,,,,,,,09:40,10:12,,,HAN,SGN,SGN,Domestic,VJ,,,,,,,,,,,,
,2026-07-02,____/VJ463,A668,A320,HAN-VCA,,10:20,,10:20,,10:14,10:15,10:32,,,EARLY,ONTIME,ONTIME,,,,,,,,,09:35,10:10,,,HAN,HAN,VCA,Domestic,VJ,,,,,,,,,,,,
,2026-07-02,VJ532/VJ425,A546,A321,DAD-HAN-PXU,09:45,10:20,09:45,10:20,10:20,10:42,10:43,11:08,00:35,00:23,DELAY,DELAY,DELAY,DELAY,,93,00:23,,,,,10:20,10:40,,LATE PUSH BACK & TAKEOFF DUE TO ATC,HAN,DAD,PXU,Domestic,VJ,,,,,,,,,,,,
,2026-07-02,VJ430/VJ437,A672,A320,UIH-HAN-UIH,09:50,10:25,09:50,10:25,09:50,10:42,10:43,11:01,00:35,00:53,DELAY,DELAY,DELAY,ONTIME,,41,00:18,,,,,09:50,10:24,,TECHNICAL CHECK,HAN,UIH,UIH,Domestic,VJ,,,,,,,,,,,,
,2026-07-02,VJ963/VJ997,A203,A321,ICN-HAN-DPS,08:55,10:25,08:55,10:25,08:55,10:19,10:20,10:34,01:30,01:25,EARLY,ONTIME,ONTIME,ONTIME,,,,,,,,09:30,10:17,,,HAN,ICN,DPS,International,VJ,,,,,,,,,,,,
,2026-07-02,____/VJ565,A649,A321,HAN-HUI,,10:30,,10:30,,10:27,10:28,11:00,,,EARLY,ONTIME,DELAY,,,,,,,,,09:45,10:25,,,HAN,HAN,HUI,Domestic,VJ,,,,,,,,,,,,
,2026-07-02,VJ492/VJ493,A687,A321,BMV-HAN-BMV,10:00,10:35,10:00,10:35,10:55,11:31,11:32,11:45,00:35,00:37,DELAY,DELAY,DELAY,DELAY,,93,00:50,77,00:05,,,10:50,11:29,,BAD WEATHER AT HAN,HAN,BMV,BMV,Domestic,VJ,,,,,,,,,,,,
,2026-07-02,VJ504/VJ135,A812,A330,DAD-HAN-SGN,09:45,10:45,09:45,10:45,10:35,11:17,11:18,11:45,01:00,00:43,DELAY,DELAY,DELAY,DELAY,,93,00:33,,,,,10:35,11:15,,LATE PUSHBACK TAKEOFF DUE TO ATC,HAN,DAD,SGN,Domestic,VJ,,,,,,,,,,,,
,2026-07-02,VJ770/VJ537,A658,A320,CXR-HAN-DAD,09:55,11:05,09:55,11:05,10:40,11:14,11:15,11:20,01:10,00:35,DELAY,ONTIME,ONTIME,DELAY,,,,66,00:10,,,10:45,11:10,,CREW OB 1050L,HAN,CXR,DAD,Domestic,VJ,,,,,,,,,,,,
,2026-07-02,____/VJ901,A535,A321,HAN-BKK,,11:10,,11:10,,11:09,11:10,11:25,,,ONTIME,ONTIME,ONTIME,,,,,,,,,10:25,11:07,,,HAN,HAN,BKK,International,VJ,,,,,,,,,,,,
,2026-07-02,VJ448/VJ133,A636,A321,PQC-HAN-SGN,10:15,11:20,10:15,11:20,10:50,11:19,11:20,11:35,01:05,00:30,ONTIME,ONTIME,ONTIME,DELAY,,,,,,,,10:45,11:18,,LATE TAKEOFF DUE TO ATC,HAN,PQC,SGN,Domestic,VJ,,,,,,,,,,,,
,2026-07-02,VJ536/VJ507,A202,A321,DAD-HAN-DAD,10:35,11:25,10:35,11:25,11:35,12:13,12:14,12:15,00:50,00:39,DELAY,DELAY,DELAY,DELAY,,93,00:39,77,00:10,,,11:35,12:10,,BAD WEATHER AT HAN,HAN,DAD,DAD,Domestic,VJ,,,,,,,,,,,,
,2026-07-02,VJ422/VJ451,A650,A320,PXU-HAN-PQC,10:50,11:45,10:50,11:45,11:48,12:10,12:12,12:22,00:55,00:24,DELAY,DELAY,DELAY,DELAY,,93,00:27,,,,,11:48,12:08,,,HAN,PXU,PQC,Domestic,VJ,,,,,,,,,,,,
,2026-07-02,VJ462/VJ515,A676,A320,VCA-HAN-DAD,11:40,12:10,11:40,12:10,13:18,13:42,13:43,13:53,00:30,00:25,DELAY,DELAY,DELAY,DELAY,,93,01:33,,,,,13:18,13:41,,,HAN,VCA,DAD,Domestic,VJ,,,,,,,,,,,,
,2026-07-02,VJ128/VJ137,A671,A320,SGN-HAN-SGN,11:50,12:20,11:50,12:20,13:55,14:19,14:20,14:35,00:30,00:25,DELAY,DELAY,DELAY,DELAY,,93,02:00,,,,,13:55,14:10,,,HAN,SGN,SGN,Domestic,VJ,,,,,,,,,,,,
,2026-07-02,VJ7705/VJ7705,A537,A321,VVO-HAN-CXR,12:20,12:50,12:20,16:20,15:45,16:02,16:03,16:08,04:00,00:18,EARLY,ONTIME,DELAY,DELAY,,,,,,,,,,,TECHSTOP,HAN,VVO,CXR,Domestic,VJ,,,,,,,,,,,,
,2026-07-02,VJ130/VJ453,A522,A321,SGN-HAN-PQC,10:50,13:00,10:50,13:00,11:15,12:59,13:00,13:08,02:10,01:45,ONTIME,ONTIME,ONTIME,DELAY,,,,,,,,12:10,12:55,,,HAN,SGN,PQC,Domestic,VJ,,,,,,,,,,,,
,2026-07-02,____/VJ509,A534,A321,HAN-DAD,,13:05,,13:05,,13:04,13:05,13:19,,,ONTIME,ONTIME,ONTIME,,,,,,,,,12:20,13:00,,,HAN,HAN,DAD,Domestic,VJ,,,,,,,,,,,,
,2026-07-02,VJ959/VJ787,A645,A321,FUK-HAN-CXR,11:25,13:10,11:25,13:10,12:25,13:09,13:10,13:25,01:45,00:45,ONTIME,ONTIME,ONTIME,DELAY,,,,,,,,12:25,13:06,,,HAN,FUK,CXR,Domestic,VJ,,,,,,,,,,,,
,2026-07-02,VJ939/VJ433,A674,A321,KIX-HAN-UIH,12:20,13:20,12:20,13:20,13:25,13:54,13:55,14:10,01:00,00:30,DELAY,DELAY,DELAY,DELAY,,93,00:35,,,,,13:25,13:52,,,HAN,KIX,UIH,Domestic,VJ,,,,,,,,,,,,
,2026-07-02,VJ981/VJ948,A685,A321,PUS-HAN-RMQ,10:40,13:30,10:40,13:30,10:45,13:27,13:28,13:30,02:50,02:43,EARLY,ONTIME,ONTIME,ONTIME,,,,,,,,12:45,13:25,,,HAN,PUS,RMQ,International,VJ,,,,,,,,,,,,
,2026-07-02,VJ564/VJ441,A532,A321,HUI-HAN-PQC,12:20,14:00,12:20,14:00,13:55,14:24,14:25,14:30,01:40,00:30,DELAY,DELAY,DELAY,DELAY,,93,00:25,,,,,13:55,14:22,,,HAN,HUI,PQC,Domestic,VJ,,,,,,,,,,,,
,2026-07-02,VJ432/VJ7316,A699,A320,UIH-HAN-ENH,12:35,14:00,12:35,14:00,14:10,14:29,14:30,14:30,01:25,00:20,DELAY,DELAY,DELAY,DELAY,,93,00:30,,,,,14:10,14:25,,,HAN,UIH,ENH,International,VJ,,,,,,,,,,,,
,2026-07-02,VJ136/VJ143,A670,A321,SGN-HAN-SGN,14:15,14:05,14:15,16:10,16:10,16:44,16:45,16:50,01:55,00:35,DELAY,DELAY,DELAY,DELAY,,93,00:30,66,00:05,,,16:00,16:42,,CREW OB 1616L,HAN,SGN,SGN,Domestic,VJ,,,,,,,,,,,,
,2026-07-02,VJ134/VJ525,A632,A321,SGN-HAN-DAD,13:30,14:05,13:30,15:15,14:45,15:14,15:15,15:25,01:45,00:30,ONTIME,ONTIME,DELAY,DELAY,,,,,,,,14:50,15:12,,,HAN,SGN,DAD,Domestic,VJ,,,,,,,,,,,,
,2026-07-02,VJ933/VJ942,A549,A321,NRT-HAN-TPE,13:05,14:25,13:05,14:25,14:25,15:04,15:05,15:19,01:20,00:40,DELAY,DELAY,DELAY,DELAY,,93,00:40,,,,,,,,,HAN,NRT,TPE,International,VJ,,,,,,,,,,,,
,2026-07-02,VJ510/VJ467,A202,A321,DAD-HAN-VCA,14:50,14:30,14:50,16:15,15:41,16:54,16:55,17:01,01:25,01:14,DELAY,DELAY,DELAY,DELAY,,61,00:40,,,,,15:50,16:52,,,HAN,DAD,VCA,Domestic,VJ,,,,,,,,,,,,
,2026-07-02,VJ961/VJ946,A524,A321,ICN-HAN-KHH,13:35,14:35,13:35,14:35,14:20,14:59,15:00,15:05,01:00,00:40,DELAY,DELAY,DELAY,DELAY,,93,00:20,66,00:05,,,14:20,14:57,,CREW OB 1435L,HAN,ICN,KHH,International,VJ,,,,,,,,,,,,
,2026-07-02,VJ440/VJ1505,A641,A321,PQC-HAN-DAD,13:30,14:35,13:30,15:35,14:55,15:29,15:30,15:55,02:05,00:35,EARLY,ONTIME,DELAY,DELAY,,,,,,,,14:55,15:26,,LATE PUSH BACK DUE TO ATC,HAN,PQC,DAD,Domestic,VJ,,,,,,,,,,,,
,2026-07-02,VJ436/VJ145,A672,A320,UIH-HAN-SGN,14:10,14:40,14:10,18:00,15:15,18:44,18:45,18:55,03:50,03:30,DELAY,DELAY,DELAY,DELAY,,,,41,00:45,,,17:30,17:58,,,HAN,UIH,SGN,Domestic,VJ,,,,,,,,,,,,
,2026-07-02,VJ1772D/VJ423,A633,A321,HPH-HAN-PXU,15:10,15:05,15:10,17:15,16:00,17:39,17:40,17:57,02:05,01:40,DELAY,DELAY,DELAY,DELAY,,87,00:25,,,,,17:02,17:37,,GATE LIMITATION / LATE TAKEOFF DUE TO ATC,HAN,HPH,PXU,Domestic,VJ,,,,,,,,,,,,
,2026-07-02,VJ426/VJ1451,A546,A321,PXU-HAN-PQC,14:05,15:05,14:05,16:35,16:25,16:53,16:54,16:56,02:30,00:29,DELAY,DELAY,DELAY,DELAY,,93,00:19,,,,,16:25,16:51,,,HAN,PXU,PQC,Domestic,VJ,,,,,,,,,,,,
,2026-07-02,VJ1774/VJ419,A649,A321,CXR-HAN-TBB,14:25,15:10,14:25,17:00,15:55,16:59,17:00,17:43,02:35,01:05,ONTIME,ONTIME,DELAY,DELAY,,,,,,,,16:15,16:55,,LATE PUSH BACK DUE TO ATC,HAN,CXR,TBB,Domestic,VJ,,,,,,,,,,,,
,2026-07-02,VJ538/VJ511,A658,A320,DAD-HAN-DAD,14:15,15:20,14:15,16:20,15:10,16:19,16:20,16:45,02:05,01:10,ONTIME,ONTIME,DELAY,DELAY,,,,,,,,15:20,16:17,,,HAN,DAD,DAD,Domestic,VJ,,,,,,,,,,,,
,2026-07-02,VJ2924/VJ2924,A554,A321,DAD-HAN-BAX,15:05,15:40,15:05,15:40,15:25,15:52,15:53,16:10,00:35,00:28,DELAY,ONTIME,DELAY,DELAY,,93,00:13,,,,,,,,TECHSTOP,HAN,DAD,BAX,International,VJ,,,,,,,,,,,,
,2026-07-02,VJ1981/VJ439,A663,A320,FSZ-HAN-UIH,14:00,15:40,14:00,15:40,14:40,15:39,15:40,16:10,01:40,01:00,ONTIME,ONTIME,DELAY,DELAY,,,,,,,,14:40,15:35,,,HAN,FSZ,UIH,Domestic,VJ,,,,,,,,,,,,
,2026-07-02,VJ138/VJ147,A637,A321,SGN-HAN-SGN,15:15,15:45,15:15,15:45,16:30,16:59,17:00,17:10,00:30,00:30,DELAY,DELAY,DELAY,DELAY,,93,01:15,,,,,16:30,16:57,,,HAN,SGN,SGN,Domestic,VJ,,,,,,,,,,,,
,2026-07-02,VJ494/VJ903,A687,A321,BMV-HAN-BKK,14:35,15:45,14:35,17:05,17:30,17:57,17:58,18:37,02:30,00:28,DELAY,DELAY,DELAY,DELAY,,93,00:53,,,,,17:35,17:55,,,HAN,BMV,BKK,International,VJ,,,,,,,,,,,,
,2026-07-02,VJ464/VJ567,A668,A320,VCA-HAN-HUI,15:10,15:55,15:10,15:55,16:30,16:54,16:55,17:10,00:45,00:25,DELAY,DELAY,DELAY,DELAY,,93,01:00,,,,,16:25,16:52,,LATE TAKEOFF DUE TO ATC,HAN,VCA,HUI,Domestic,VJ,,,,,,,,,,,,
,2026-07-02,VJ508/VJ773,A676,A320,DAD-HAN-CXR,15:25,16:00,15:25,18:05,17:40,18:04,18:05,18:30,02:40,00:25,ONTIME,ONTIME,DELAY,DELAY,,,,,,,,17:45,18:01,,,HAN,DAD,CXR,Domestic,VJ,,,,,,,,,,,,
,2026-07-02,VJ1774/VJ539,A640,A321,CXR-HAN-DAD,14:25,16:20,14:25,16:55,16:40,17:09,17:10,17:50,02:30,00:30,DELAY,ONTIME,DELAY,DELAY,,93,00:15,,,,,16:40,17:07,,LATE PUSHBACK TAKEOFF DUE TO ATC,HAN,CXR,DAD,Domestic,VJ,,,,,,,,,,,,
,2026-07-02,VJ140/VJ151,A636,A321,SGN-HAN-SGN,16:20,16:50,16:45,18:15,18:10,18:39,18:40,19:00,01:30,00:30,DELAY,DELAY,DELAY,DELAY,,93,00:25,,,,,18:10,18:35,,,HAN,SGN,SGN,Domestic,VJ,,,,,,,,,,,,
,2026-07-02,VJ902/VJ465,A535,A321,BKK-HAN-VCA,15:50,17:00,15:50,17:00,16:10,17:09,17:10,17:38,01:10,01:00,DELAY,ONTIME,DELAY,DELAY,,87,00:10,,,,,16:45,17:08,,GATE LIMIT,HAN,BKK,VCA,Domestic,VJ,,,,,,,,,,,,
,2026-07-02,VJ953/VJ457,A655,A320,HIJ-HAN-PQC,16:10,17:10,16:10,17:10,16:40,17:14,17:15,17:25,01:00,00:35,DELAY,ONTIME,ONTIME,DELAY,,66,00:05,,,,,16:50,17:13,,CREW OB 1650L,HAN,HIJ,PQC,Domestic,VJ,,,,,,,,,,,,
,2026-07-02,VJ454/VJ495,A650,A320,PQC-HAN-BMV,16:45,17:30,16:45,18:15,17:30,18:09,18:10,19:05,01:30,00:40,EARLY,ONTIME,DELAY,DELAY,,,,,,,,17:30,18:08,,,HAN,PQC,BMV,Domestic,VJ,,,,,,,,,,,,
,2026-07-02,VJ530/VJ141,A534,A321,DAD-HAN-SGN,16:15,17:35,16:15,17:35,17:15,17:58,17:59,18:24,01:20,00:44,DELAY,DELAY,DELAY,DELAY,,93,00:24,,,,,17:15,17:56,,,HAN,DAD,SGN,Domestic,VJ,,,,,,,,,,,,
,2026-07-02,VJ434/VJ517,A674,A321,UIH-HAN-DAD,17:10,17:45,17:10,18:40,18:05,18:39,18:40,19:10,01:30,00:35,ONTIME,ONTIME,DELAY,DELAY,,,,,,,,18:05,18:36,,LATE PUSH BACK & TAKEOFF DUE TO ATC,HAN,UIH,DAD,Domestic,VJ,,,,,,,,,,,,
,2026-07-02,VJ528/VJ153,A632,A321,DAD-HAN-SGN,17:25,18:05,17:25,19:10,19:05,19:34,19:35,19:43,01:45,00:30,DELAY,DELAY,DELAY,DELAY,,93,00:25,,,,,19:10,19:32,,,HAN,DAD,SGN,Domestic,VJ,,,,,,,,,,,,
,2026-07-02,VJ774/VJ781,A645,A321,CXR-HAN-CXR,17:15,18:15,17:15,18:15,18:20,18:47,18:48,19:21,01:00,00:28,DELAY,DELAY,DELAY,DELAY,,93,00:33,,,,,18:10,18:45,,,HAN,CXR,CXR,Domestic,VJ,,,,,,,,,,,,
,2026-07-02,VJ456/VJ789,A522,A321,PQC-HAN-CXR,17:45,18:45,17:45,18:45,18:35,19:04,19:05,19:10,01:00,00:30,DELAY,DELAY,DELAY,DELAY,,93,00:20,,,,,18:35,19:02,,,HAN,PQC,CXR,Domestic,VJ,,,,,,,,,,,,
,2026-07-02,VJ424/VJ519,A633,A321,PXU-HAN-DAD,18:45,19:25,18:45,22:25,21:50,22:24,22:25,22:30,03:40,00:35,ONTIME,ONTIME,DELAY,DELAY,,,,,,,,21:43,22:22,,,HAN,PXU,DAD,Domestic,VJ,,,,,,,,,,,,
,2026-07-02,VJ931/VJ561,A500,A321,KIX-HAN-HUI,18:30,19:30,18:30,19:30,19:10,19:34,19:35,19:45,01:00,00:25,DELAY,ONTIME,ONTIME,DELAY,,93,00:05,,,,,19:05,19:32,,,HAN,KIX,HUI,Domestic,VJ,,,,,,,,,,,,
,2026-07-02,VJ148/VJ157,A673,A321,SGN-HAN-SGN,18:25,19:35,18:25,19:35,19:35,20:04,20:05,20:20,01:10,00:30,DELAY,DELAY,DELAY,DELAY,,93,00:30,,,,,19:25,20:02,,,HAN,SGN,SGN,Domestic,VJ,,,,,,,,,,,,
,2026-07-02,VJ916/VJ971,A693,A321,SIN-HAN-DEL,17:25,19:40,17:25,19:40,17:45,19:44,19:45,19:55,02:15,02:00,DELAY,ONTIME,ONTIME,DELAY,,99,00:05,,,,,18:55,19:42,,LATE 25PAX21BAG,HAN,SIN,DEL,International,VJ,,,,,,,,,,,,
,2026-07-02,VJ928/VJ1925,A536,A321,CGK-HAN-AMD,18:15,19:45,18:15,19:45,18:50,20:38,20:39,20:45,01:30,01:49,DELAY,DELAY,DELAY,DELAY,,41,00:54,,,,,19:53,20:08,,,HAN,CGK,AMD,International,VJ,,,,,,,,,,,,
,2026-07-02,VJ442/VJ523,A532,A321,PQC-HAN-DAD,19:05,19:45,19:05,20:15,19:20,20:05,20:06,20:30,01:10,00:46,EARLY,ONTIME,DELAY,ONTIME,,,,,,,,19:20,20:03,,,HAN,PQC,DAD,Domestic,VJ,,,,,,,,,,,,
,2026-07-02,VJ568/VJ7712,A668,A320,HUI-HAN-PKX,18:55,19:55,18:55,21:15,20:50,21:24,21:25,21:49,02:20,00:35,DELAY,ONTIME,DELAY,DELAY,,66,00:10,,,,,21:03,21:22,,CREW HN OB 2104,HAN,HUI,PKX,International,VJ,,,,,,,,,,,,
,2026-07-02,VJ438/VJ1785,A663,A320,UIH-HAN-CXR,19:25,20:00,19:25,20:45,20:00,20:34,20:35,21:00,01:20,00:35,EARLY,ONTIME,DELAY,DELAY,,,,,,,,20:00,20:31,,,HAN,UIH,CXR,Domestic,VJ,,,,,,,,,,,,
,2026-07-02,VJ512/VJ159,A658,A320,DAD-HAN-SGN,18:30,20:10,18:30,20:50,20:30,20:59,21:00,21:40,02:20,00:30,DELAY,ONTIME,DELAY,DELAY,,93,00:05,66,00:05,,,20:25,20:58,,CREW OB 2040L,HAN,DAD,SGN,Domestic,VJ,,,,,,,,,,,,
,2026-07-02,VJ949/VJ783,A685,A321,RMQ-HAN-CXR,19:50,20:25,19:50,21:00,19:45,20:47,20:48,21:08,01:10,01:03,EARLY,ONTIME,DELAY,ONTIME,,,,,,,,20:20,20:45,,,HAN,RMQ,CXR,Domestic,VJ,,,,,,,,,,,,
,2026-07-02,VJ468/VJ161,A202,A321,VCA-HAN-SGN,19:50,20:55,19:50,22:30,22:25,23:04,23:05,23:15,02:40,00:40,DELAY,DELAY,DELAY,DELAY,,93,00:25,66,00:10,,,22:35,23:02,,CREW OB 2237L,HAN,VCA,SGN,Domestic,VJ,,,,,,,,,,,,
,2026-07-02,VJ2978/VJ2978,A538,A321,CXR-HAN-VVO,20:35,21:10,20:35,21:10,21:00,21:29,21:30,21:40,00:35,00:30,DELAY,DELAY,DELAY,DELAY,,93,00:20,,,,,,,X,,HAN,CXR,VVO,International,VJ,,,,,,,,,,,,
,2026-07-02,VJ7317/VJ7238,A699,A320,ENH-HAN-PVG,19:25,21:15,19:25,21:45,20:40,21:34,21:35,22:00,02:20,00:55,EARLY,ONTIME,DELAY,DELAY,,,,,,,,21:05,21:26,,,HAN,ENH,PVG,International,VJ,,,,,,,,,,,,
,2026-07-02,VJ142/VJ527,A812,A330,SGN-HAN-DAD,16:05,21:25,16:05,23:50,18:20,00:03,00:05,"1 day, 0:11:00",07:45,05:45,DELAY,ONTIME,DELAY,DELAY,,95,00:15,,,,,23:38,1904-01-02,,CREW FR VJ154 OB 2338L,HAN,SGN,DAD,Domestic,VJ,,,,,,,,,,,,
,2026-07-02,VJ154/VJ163,A651,A321,SGN-HAN-SGN,21:20,21:50,21:20,23:35,23:20,23:48,23:50,23:52,02:15,00:30,DELAY,ONTIME,DELAY,DELAY,,93,00:15,,,,,23:10,23:46,,,HAN,SGN,SGN,Domestic,VJ,,,,,,,,,,,,
,2026-07-02,VJ420/VJ7526,A649,A321,TBB-HAN-CAN,19:15,22:30,19:15,23:30,22:08,23:34,23:35,23:45,04:15,01:27,DELAY,ONTIME,DELAY,DELAY,,15A,00:05,,,,,22:40,23:32,,OFLD 01PAX 01BAG,HAN,TBB,CAN,International,VJ,,,,,,,,,,,,
,2026-07-02,VJ1452/VJ529,A546,A321,PQC-HAN-DAD,19:50,22:35,19:50,22:35,22:12,23:10,23:12,23:25,02:45,01:00,DELAY,DELAY,DELAY,DELAY,,93,00:07,95,00:30,,,22:38,23:08,,WAIT CREW FROM VJ520,HAN,PQC,DAD,Domestic,VJ,,,,,,,,,,,,
,2026-07-02,VJ998/VJ167,A203,A321,DPS-HAN-SGN,21:35,22:45,21:35,22:45,22:00,22:54,22:55,23:00,01:10,00:55,DELAY,ONTIME,ONTIME,DELAY,,66,00:10,,,,,22:18,22:52,,CREW OB 2227L,HAN,DPS,SGN,Domestic,VJ,,,,,,,,,,,,
,2026-07-02,VJ466/VJ962,A535,A321,VCA-HAN-ICN,21:50,23:15,21:50,00:00,22:55,00:04,00:05,00:15,02:10,01:10,DELAY,ONTIME,DELAY,DELAY,,99,00:05,,,,,22:55,00:02,,LATE ACCEPT 42PAX WITH 34BAGS,HAN,VCA,ICN,International,VJ,,,,,,,,,,,,
,2026-07-03,____/VJ932,A500,A321,HAN-NRT,,00:30,,00:30,,00:29,00:30,00:38,,,ONTIME,ONTIME,ONTIME,,,,,,,,,23:40,00:27,,,HAN,HAN,NRT,International,VJ,,,,,,,,,,,,
,2026-07-03,VJ7614/VJ7614,A580,A321,CXR-HAN-BQS,,00:40,,00:40,00:30,00:59,01:00,01:10,,,DELAY,DELAY,DELAY,,,93,00:20,,,,,,,X,,HAN,CXR,BQS,International,VJ,,,,,,,,,,,,
,2026-07-03,____/VJ982,A645,A321,HAN-PUS,,01:05,,01:05,,01:04,01:05,01:20,,,ONTIME,ONTIME,ONTIME,,,,,,,,,00:15,01:02,,,HAN,HAN,PUS,International,VJ,,,,,,,,,,,,
,2026-07-03,____/VJ938,A524,A321,HAN-KIX,,01:20,,01:20,,01:13,01:14,01:18,,,EARLY,ONTIME,ONTIME,,,,,,,,,00:30,01:11,,,HAN,HAN,KIX,International,VJ,,,,,,,,,,,,
,2026-07-03,____/VJ960,A532,A321,HAN-ICN,,01:40,,01:40,,01:24,01:25,01:32,,,EARLY,ONTIME,ONTIME,,,,,,,,,00:55,01:21,,,HAN,HAN,ICN,International,VJ,,,,,,,,,,,,
,2026-07-03,____/VJ920,A674,A321,HAN-NGO,,01:40,,01:40,,01:29,01:30,01:41,,,EARLY,ONTIME,ONTIME,,,,,,,,,00:48,01:26,,,HAN,HAN,NGO,International,VJ,,,,,,,,,,,,
,2026-07-03,VJ168/VJ958,A673,A321,SGN-HAN-FUK,01:10,02:05,01:10,02:05,01:40,02:24,02:25,02:30,00:55,00:45,DELAY,DELAY,DELAY,DELAY,,93,00:10,66,00:10,,,01:55,02:22,,CREW OB 0156L,HAN,SGN,FUK,International,VJ,,,,,,,,,,,,
,2026-07-03,____/VJ123,A640,A321,HAN-SGN,,05:30,,05:30,,05:24,05:25,05:30,,,EARLY,ONTIME,ONTIME,,,,,,,,,04:40,05:22,,,HAN,HAN,SGN,Domestic,VJ,,,,,,,,,,,,
,2026-07-03,____/VJ771,A672,A320,HAN-CXR,,05:45,,05:45,,05:39,05:40,05:52,,,EARLY,ONTIME,ONTIME,,,,,,,,,04:57,05:37,,,HAN,HAN,CXR,Domestic,VJ,,,,,,,,,,,,
,2026-07-03,____/VJ121,A663,A320,HAN-SGN,,06:00,,06:00,,05:54,05:55,06:10,,,EARLY,ONTIME,ONTIME,,,,,,,,,05:10,05:52,,,HAN,HAN,SGN,Domestic,VJ,,,,,,,,,,,,
,2026-07-03,____/VJ491,A655,A320,HAN-BMV,,06:00,,06:00,,05:52,05:53,05:59,,,EARLY,ONTIME,ONTIME,,,,,,,,,05:15,05:50,,,HAN,HAN,BMV,Domestic,VJ,,,,,,,,,,,,
,2026-07-03,____/VJ431,A650,A320,HAN-UIH,,06:05,,06:05,,05:56,05:57,06:02,,,EARLY,ONTIME,ONTIME,,,,,,,,,05:10,05:54,,,HAN,HAN,UIH,Domestic,VJ,,,,,,,,,,,,
,2026-07-03,____/VJ531,A534,A321,HAN-DAD,,06:30,,06:30,,06:20,06:22,06:24,,,EARLY,ONTIME,ONTIME,,,,,,,,,05:40,06:18,,,HAN,HAN,DAD,Domestic,VJ,,,,,,,,,,,,
,2026-07-03,____/VJ449,A670,A321,HAN-PQC,,06:30,,06:30,,06:21,06:22,06:24,,,EARLY,ONTIME,ONTIME,,,,,,,,,05:40,06:19,,,HAN,HAN,PQC,Domestic,VJ,,,,,,,,,,,,
,2026-07-03,____/VJ461,A676,A320,HAN-VCA,,06:45,,06:45,,06:39,06:40,06:49,,,EARLY,ONTIME,ONTIME,,,,,,,,,05:55,06:38,,,HAN,HAN,VCA,Domestic,VJ,,,,,,,,,,,,
,2026-07-03,____/VJ125,A668,A320,HAN-SGN,,07:00,,07:00,,06:54,06:55,07:08,,,EARLY,ONTIME,ONTIME,,,,,,,,,06:15,06:52,,,HAN,HAN,SGN,Domestic,VJ,,,,,,,,,,,,
,2026-07-03,____/VJ1771,A549,A321,HAN-CXR,,07:00,,07:00,,06:54,06:55,07:00,,,EARLY,ONTIME,ONTIME,,,,,,,,,06:10,06:52,,,HAN,HAN,CXR,Domestic,VJ,,,,,,,,,,,,
,2026-07-03,____/VJ421,A633,A321,HAN-PXU,,07:10,,07:10,,07:03,07:05,07:20,,,EARLY,ONTIME,ONTIME,,,,,,,,,06:20,07:01,,,HAN,HAN,PXU,Domestic,VJ,,,,,,,,,,,,
,2026-07-03,____/VJ197,A687,A321,HAN-SGN,,07:20,,07:20,,07:13,07:14,07:27,,,EARLY,ONTIME,ONTIME,,,,,,,,,06:45,07:11,,,HAN,HAN,SGN,Domestic,VJ,,,,,,,,,,,,
,2026-07-03,VJ972/VJ905,A693,A321,HAN-KUL,06:00,07:25,06:00,07:50,06:00,07:49,07:50,07:55,01:50,01:50,ONTIME,ONTIME,DELAY,ONTIME,,,,,,,,07:00,07:47,,,HAN,HAN,KUL,International,VJ,,,,,,,,,,,,
,2026-07-03,VJ502/VJ503,A630,A321,DAD-HAN-DAD,07:00,07:30,07:00,07:30,06:54,07:24,07:25,07:35,00:30,00:31,EARLY,ONTIME,ONTIME,ONTIME,,,,,,,,06:50,07:22,,,HAN,DAD,DAD,Domestic,VJ,,,,,,,,,,,,
,2026-07-03,VJ1926/VJ934,A536,A321,AMD-HAN-NRT,05:55,07:55,05:55,07:55,07:10,08:19,08:20,08:24,02:00,01:10,DELAY,DELAY,DELAY,DELAY,,99,00:25,,,,,07:28,08:00,,WAIT 16 BAGS TRANSIT FROM VJ1926,HAN,AMD,NRT,International,VJ,,,,,,,,,,,,
,2026-07-03,VJ120/VJ127,A662,A320,SGN-HAN-SGN,07:10,08:10,07:10,08:10,07:10,07:59,08:00,08:11,01:00,00:50,EARLY,ONTIME,ONTIME,ONTIME,,,,,,,,07:35,07:57,,,HAN,SGN,SGN,Domestic,VJ,,,,,,,,,,,,
,2026-07-03,____/VJ929,A547,A321,HAN-CGK,,08:40,,08:40,,08:39,08:40,08:41,,,ONTIME,ONTIME,ONTIME,,,,,,,,,07:50,08:35,,,HAN,HAN,CGK,International,VJ,,,,,,,,,,,,
,2026-07-03,____/VJ447,A200,A321,HAN-PQC,,08:45,,08:45,,08:41,08:42,09:14,,,EARLY,ONTIME,DELAY,,,,,,,,,08:00,08:39,,,HAN,HAN,PQC,Domestic,VJ,,,,,,,,,,,,
,2026-07-03,VJ124/VJ435,A658,A320,SGN-HAN-UIH,08:15,08:50,08:15,08:50,08:10,08:49,08:50,09:00,00:35,00:40,ONTIME,ONTIME,ONTIME,ONTIME,,,,,,,,08:00,08:45,,,HAN,SGN,UIH,Domestic,VJ,,,,,,,,,,,,
,2026-07-03,VJ2925/VJ2925,A554,A321,BAX-HAN-DAD,08:30,09:00,08:30,09:00,08:10,08:42,08:43,08:50,00:30,00:33,EARLY,ONTIME,ONTIME,ONTIME,,,,,,,,,,X,,HAN,BAX,DAD,Domestic,VJ,,,,,,,,,,,,
,2026-07-03,VJ7239/VJ129,A699,A320,PVG-HAN-SGN,05:15,09:00,05:15,09:00,05:20,08:54,08:55,09:08,03:45,03:35,EARLY,ONTIME,ONTIME,ONTIME,,,,,,,,08:15,08:50,,,HAN,PVG,SGN,Domestic,VJ,,,,,,,,,,,,
,2026-07-03,VJ504/VJ563,A629,A321,DAD-HAN-HUI,08:20,09:20,08:20,09:20,08:25,09:15,09:16,09:18,01:00,00:51,EARLY,ONTIME,ONTIME,ONTIME,,,,,,,,08:25,09:10,,,HAN,DAD,HUI,Domestic,VJ,,,,,,,,,,,,
,2026-07-03,VJ2979/VJ2979,A538,A321,VVO-HAN-CXR,09:00,09:30,09:00,09:45,09:40,10:03,10:05,10:15,00:45,00:25,DELAY,DELAY,DELAY,DELAY,,93,00:20,,,,,,,X,,HAN,VVO,CXR,Domestic,VJ,,,,,,,,,,,,
,2026-07-03,____/VJ1773,A685,A321,HAN-CXR,,10:00,,10:00,,09:52,09:53,10:03,,,EARLY,ONTIME,ONTIME,,,,,,,,,09:15,09:50,,,HAN,HAN,CXR,Domestic,VJ,,,,,,,,,,,,
,2026-07-03,VJ126/VJ131,A537,A321,SGN-HAN-SGN,09:40,10:10,09:40,10:10,09:45,10:14,10:15,10:20,00:30,00:30,DELAY,ONTIME,ONTIME,ONTIME,,,,,,,,09:45,10:11,,,HAN,SGN,SGN,Domestic,VJ,,,,,,,,,,,,
,2026-07-03,____/VJ135,A661,A321,HAN-SGN,,10:10,,10:10,,10:09,10:10,10:18,,,ONTIME,ONTIME,ONTIME,,,,,,,,,09:25,10:07,,,HAN,HAN,SGN,Domestic,VJ,,,,,,,,,,,,
,2026-07-03,VJ532/VJ425,A534,A321,DAD-HAN-PXU,09:45,10:20,09:45,10:20,10:00,10:29,10:30,10:35,00:35,00:30,DELAY,ONTIME,ONTIME,ONTIME,,93,00:10,,,,,09:50,10:27,,,HAN,DAD,PXU,Domestic,VJ,,,,,,,,,,,,
,2026-07-03,VJ770/VJ437,A672,A320,CXR-HAN-UIH,09:55,10:25,09:55,10:25,10:25,10:47,10:48,11:05,00:30,00:23,DELAY,DELAY,DELAY,DELAY,,93,00:23,,,,,10:20,10:45,,,HAN,CXR,UIH,Domestic,VJ,,,,,,,,,,,,
,2026-07-03,____/VJ997,A522,A321,HAN-DPS,,10:25,,10:25,,10:24,10:25,10:40,,,ONTIME,ONTIME,ONTIME,,,,,,,,,09:40,10:20,,,HAN,HAN,DPS,International,VJ,,,,,,,,,,,,
,2026-07-03,VJ963/VJ493,A535,A321,ICN-HAN-BMV,08:55,10:30,08:55,10:30,09:45,10:29,10:30,10:34,01:35,00:45,ONTIME,ONTIME,ONTIME,DELAY,,,,,,,,09:45,10:26,,,HAN,ICN,BMV,Domestic,VJ,,,,,,,,,,,,
,2026-07-03,VJ430/VJ463,A650,A320,UIH-HAN-VCA,09:50,10:20,09:50,10:35,09:35,10:30,10:31,10:35,00:45,00:56,EARLY,ONTIME,ONTIME,ONTIME,,,,,,,,09:50,10:26,,,HAN,UIH,VCA,Domestic,VJ,,,,,,,,,,,,
,2026-07-03,VJ492/VJ537,A655,A320,BMV-HAN-DAD,10:00,11:05,10:00,11:05,10:20,11:04,11:05,11:15,01:05,00:45,ONTIME,ONTIME,ONTIME,DELAY,,,,,,,,10:15,11:01,,,HAN,BMV,DAD,Domestic,VJ,,,,,,,,,,,,
,2026-07-03,VJ981/VJ901,A645,A321,PUS-HAN-BKK,10:40,11:10,10:40,11:10,10:30,11:19,11:20,11:25,00:30,00:50,DELAY,ONTIME,ONTIME,ONTIME,,66,00:10,,,,,10:50,11:16,,CREW OB 1052,HAN,PUS,BKK,International,VJ,,,,,,,,,,,,
,2026-07-03,VJ122/VJ133,A552,A321,SGN-HAN-SGN,09:05,11:20,09:05,11:20,09:15,11:19,11:20,11:30,02:15,02:05,ONTIME,ONTIME,ONTIME,ONTIME,,,,,,,,10:35,11:15,,,HAN,SGN,SGN,Domestic,VJ,,,,,,,,,,,,
,2026-07-03,VJ130/VJ507,A636,A321,SGN-HAN-DAD,10:50,11:25,10:50,11:25,11:05,11:39,11:40,11:55,00:35,00:35,DELAY,ONTIME,DELAY,ONTIME,,93,00:10,66,00:05,,,11:13,11:36,,CREW OB 1113L,HAN,SGN,DAD,Domestic,VJ,,,,,,,,,,,,
,2026-07-03,VJ422/VJ451,A633,A321,PXU-HAN-PQC,10:50,11:45,10:50,11:45,11:10,11:44,11:45,11:55,00:55,00:35,ONTIME,ONTIME,ONTIME,DELAY,,,,,,,,11:05,11:42,,LATE ACC 16 PAX 22 PCS,HAN,PXU,PQC,Domestic,VJ,,,,,,,,,,,,
,2026-07-03,VJ450/VJ775,A670,A321,PQC-HAN-CXR,11:15,11:50,11:15,11:50,11:35,11:54,11:55,12:05,00:35,00:20,DELAY,ONTIME,ONTIME,DELAY,,93,00:05,,,,,11:30,11:50,,,HAN,PQC,CXR,Domestic,VJ,,,,,,,,,,,,
,2026-07-03,VJ1772/VJ565,A635,A321,CXR-HAN-HUI,11:25,12:00,11:25,12:00,11:50,12:19,12:20,12:30,00:35,00:30,DELAY,DELAY,DELAY,DELAY,,93,00:20,,,,,11:50,12:17,,,HAN,CXR,HUI,Domestic,VJ,,,,,,,,,,,,
,2026-07-03,VJ462/VJ515,A632,A321,VCA-HAN-DAD,11:40,12:15,11:40,12:15,12:10,12:39,12:40,12:45,00:35,00:30,DELAY,DELAY,DELAY,DELAY,,93,00:05,,,,,11:40,12:12,,,HAN,VCA,DAD,Domestic,VJ,,,,,,,,,,,,
,2026-07-03,VJ128/VJ137,A689,A320,SGN-HAN-SGN,11:50,12:20,11:50,12:20,12:20,12:44,12:45,12:50,00:30,00:25,DELAY,DELAY,DELAY,DELAY,,93,00:25,,,,,12:20,12:41,,,HAN,SGN,SGN,Domestic,VJ,,,,,,,,,,,,
,2026-07-03,____/VJ453,A649,A321,HAN-PQC,,13:00,,13:00,,12:56,12:57,13:08,,,EARLY,ONTIME,ONTIME,,,,,,,,,12:10,12:53,,,HAN,HAN,PQC,Domestic,VJ,,,,,,,,,,,,
,2026-07-03,VJ524/VJ787,A630,A321,DAD-HAN-CXR,10:40,13:10,10:40,13:10,10:50,13:09,13:10,13:17,02:30,02:20,ONTIME,ONTIME,ONTIME,ONTIME,,,,,,,,12:20,13:07,,,HAN,DAD,CXR,Domestic,VJ,,,,,,,,,,,,
,2026-07-03,VJ959/VJ433,A673,A321,FUK-HAN-UIH,11:25,13:20,11:25,13:20,11:30,13:14,13:15,13:20,01:55,01:45,EARLY,ONTIME,ONTIME,ONTIME,,,,,,,,12:40,13:10,,,HAN,FUK,UIH,Domestic,VJ,,,,,,,,,,,,
,2026-07-03,VJ564/VJ948,A629,A321,HUI-HAN-RMQ,12:20,13:30,12:20,13:30,12:40,13:29,13:30,13:39,01:10,00:50,ONTIME,ONTIME,ONTIME,DELAY,,,,,,,,13:00,13:25,,,HAN,HUI,RMQ,International,VJ,,,,,,,,,,,,
,2026-07-03,VJ7615/VJ7615,A580,A321,BQS-HAN-CXR,13:10,13:40,13:10,13:40,13:25,14:02,14:05,14:17,00:30,00:40,DELAY,DELAY,DELAY,ONTIME,,93,00:15,41,00:10,,,,,X,TECHNICAL CHECK,HAN,BQS,CXR,Domestic,VJ,,,,,,,,,,,,
,2026-07-03,VJ939/VJ441,A524,A321,KIX-HAN-PQC,12:20,14:00,12:20,14:00,12:30,13:57,13:58,14:00,01:40,01:28,EARLY,ONTIME,ONTIME,ONTIME,,,,,,,,13:10,13:50,,,HAN,KIX,PQC,Domestic,VJ,,,,,,,,,,,,
,2026-07-03,VJ440/VJ525,A200,A321,PQC-HAN-DAD,13:30,14:05,13:30,14:50,14:15,14:54,14:55,14:55,01:20,00:40,DELAY,ONTIME,DELAY,DELAY,,66,00:05,,,,,14:30,14:52,,CREW OB 1425,HAN,PQC,DAD,Domestic,VJ,,,,,,,,,,,,
,2026-07-03,VJ196/VJ143,A687,A321,SGN-HAN-SGN,12:40,14:05,12:40,14:05,13:10,14:01,14:02,14:05,01:25,00:52,EARLY,ONTIME,ONTIME,DELAY,,,,,,,,13:15,13:58,,,HAN,SGN,SGN,Domestic,VJ,,,,,,,,,,,,
,2026-07-03,VJ933/VJ942,A500,A321,NRT-HAN-TPE,13:05,14:25,13:05,14:25,13:20,14:19,14:20,14:28,01:20,01:00,EARLY,ONTIME,ONTIME,ONTIME,,,,,,,,13:35,14:15,,,HAN,NRT,TPE,International,VJ,,,,,,,,,,,,
,2026-07-03,VJ134/VJ467,A668,A320,SGN-HAN-VCA,13:30,14:30,13:30,14:30,14:15,14:43,14:44,14:45,01:00,00:29,DELAY,ONTIME,ONTIME,DELAY,,93,00:14,,,,,14:15,14:41,,,HAN,SGN,VCA,Domestic,VJ,,,,,,,,,,,,
,2026-07-03,VJ921/VJ946,A674,A321,NGO-HAN-KHH,12:50,14:35,12:50,14:35,12:45,14:30,14:31,14:36,01:45,01:46,EARLY,ONTIME,ONTIME,ONTIME,,,,,,,,13:45,14:28,,,HAN,NGO,KHH,International,VJ,,,,,,,,,,,,
,2026-07-03,____/VJ145,A632,A321,HAN-SGN,,14:40,,14:40,,14:39,14:40,14:48,,,ONTIME,ONTIME,ONTIME,,,,,,,,,13:45,14:35,,,HAN,HAN,SGN,Domestic,VJ,,,,,,,,,,,,
,2026-07-03,VJ1504/VJ1505,A637,A321,DAD-HAN-DAD,14:05,14:40,14:05,15:35,15:45,16:14,16:15,16:23,01:30,00:30,DELAY,DELAY,DELAY,DELAY,,93,00:40,,,,,15:35,16:05,,,HAN,DAD,DAD,Domestic,VJ,,,,,,,,,,,,
,2026-07-03,VJ510/VJ511,A554,A321,DAD-HAN-DAD,14:35,15:05,14:35,15:05,15:00,15:26,15:27,15:32,00:30,00:27,DELAY,DELAY,DELAY,DELAY,,93,00:22,,,,,14:50,15:24,,,HAN,DAD,DAD,Domestic,VJ,,,,,,,,,,,,
,2026-07-03,VJ1774/VJ423,A685,A321,CXR-HAN-PXU,14:20,15:05,14:20,16:05,16:00,16:26,16:27,16:45,01:45,00:27,DELAY,DELAY,DELAY,DELAY,,93,00:22,,,,,15:50,16:25,,,HAN,CXR,PXU,Domestic,VJ,,,,,,,,,,,,
,2026-07-03,VJ432/VJ1451,A658,A320,UIH-HAN-PQC,12:35,15:05,12:35,15:05,14:00,14:59,15:00,15:20,02:30,01:00,EARLY,ONTIME,ONTIME,DELAY,,,,,,,,14:20,14:55,,LATE PUSHBACK DUE TO APU INOP,HAN,UIH,PQC,Domestic,VJ,,,,,,,,,,,,
,2026-07-03,VJ494/VJ419,A535,A321,BMV-HAN-TBB,14:30,15:10,14:30,15:30,15:05,15:29,15:30,15:37,01:00,00:25,ONTIME,ONTIME,DELAY,DELAY,,,,,,,,15:00,15:27,,,HAN,BMV,TBB,Domestic,VJ,,,,,,,,,,,,
,2026-07-03,VJ538/VJ439,A655,A320,DAD-HAN-UIH,14:15,15:40,14:15,15:40,15:05,15:39,15:40,15:46,01:25,00:35,ONTIME,ONTIME,ONTIME,DELAY,,,,,,,,15:05,15:35,,,HAN,DAD,UIH,Domestic,VJ,,,,,,,,,,,,
,2026-07-03,VJ138/VJ147,A669,A320,SGN-HAN-SGN,15:15,15:45,15:15,15:45,15:40,16:04,16:05,16:15,00:30,00:25,DELAY,DELAY,DELAY,DELAY,,93,00:20,,,,,15:30,16:01,,,HAN,SGN,SGN,Domestic,VJ,,,,,,,,,,,,
,2026-07-03,VJ436/VJ903,A672,A320,UIH-HAN-BKK,14:10,15:45,14:10,15:45,14:55,15:34,15:35,15:55,01:35,00:40,EARLY,ONTIME,ONTIME,DELAY,,,,,,,,15:05,15:31,,LATE PUSHBACK DUE ATC,HAN,UIH,BKK,International,VJ,,,,,,,,,,,,
,2026-07-03,VJ426/VJ567,A534,A321,PXU-HAN-HUI,14:05,15:55,14:05,15:55,14:20,15:54,15:55,16:00,01:50,01:35,ONTIME,ONTIME,ONTIME,ONTIME,,,,,,,,15:05,15:50,,,HAN,PXU,HUI,Domestic,VJ,,,,,,,,,,,,
,2026-07-03,VJ961/VJ773,A532,A321,ICN-HAN-CXR,13:35,16:00,13:35,16:00,13:25,16:04,16:05,16:15,02:25,02:40,DELAY,ONTIME,ONTIME,ONTIME,,15A,00:05,,,,,15:20,15:55,,"OFFLOAD 11 PAX, 3 BAG",HAN,ICN,CXR,Domestic,VJ,,,,,,,,,,,,
,2026-07-03,VJ906/VJ913,A693,A321,KUL-HAN-SAI,14:40,16:20,14:40,16:20,15:16,16:19,16:20,16:35,01:40,01:04,ONTIME,ONTIME,ONTIME,DELAY,,,,,,,,15:40,16:15,,LATE PUSHBACK DUE ATC,HAN,KUL,SAI,International,VJ,,,,,,,,,,,,
,2026-07-03,VJ566/VJ539,A635,A321,HUI-HAN-DAD,15:00,16:20,15:00,16:20,16:07,16:34,16:35,16:50,01:20,00:28,DELAY,ONTIME,DELAY,DELAY,,93,00:15,,,,,16:00,16:31,,,HAN,HUI,DAD,Domestic,VJ,,,,,,,,,,,,
,2026-07-03,VJ142/VJ193,A661,A321,SGN-HAN-SGN,15:30,16:30,15:30,16:30,16:25,17:04,17:05,17:14,01:00,00:40,DELAY,DELAY,DELAY,DELAY,,93,00:25,66,00:10,,,16:30,17:03,,CREW OB 1638L,HAN,SGN,SGN,Domestic,VJ,,,,,,,,,,,,
,2026-07-03,VJ464/VJ513,A650,A320,VCA-HAN-DAD,15:10,16:35,15:10,16:35,16:25,16:44,16:45,16:50,01:25,00:20,DELAY,ONTIME,ONTIME,DELAY,,93,00:10,,,,,16:15,16:42,,,HAN,VCA,DAD,Domestic,VJ,,,,,,,,,,,,
,2026-07-03,VJ140/VJ151,A552,A321,SGN-HAN-SGN,16:20,16:50,16:20,16:50,17:10,17:39,17:40,17:50,00:30,00:30,DELAY,DELAY,DELAY,DELAY,,93,00:50,,,,,17:10,17:35,,,HAN,SGN,SGN,Domestic,VJ,,,,,,,,,,,,
,2026-07-03,VJ5068/VJ5068,A526,A321,CXR-HAN-NOZ,16:20,16:55,16:20,17:10,16:55,17:24,17:25,17:35,00:50,00:30,DELAY,ONTIME,DELAY,DELAY,,93,00:15,,,,,,,X,,HAN,CXR,NOZ,International,VJ,,,,,,,,,,,,
,2026-07-03,VJ772/VJ465,A670,A321,CXR-HAN-VCA,16:00,17:00,16:00,17:00,17:00,17:29,17:30,17:42,01:00,00:30,DELAY,DELAY,DELAY,DELAY,,93,00:30,,,,,17:00,17:27,,LATE PUSHBACK DUE ATC,HAN,CXR,VCA,Domestic,VJ,,,,,,,,,,,,
,2026-07-03,VJ136/VJ495,A663,A320,SGN-HAN-BMV,14:10,17:30,14:40,17:30,15:10,17:29,17:30,17:35,02:50,02:20,ONTIME,ONTIME,ONTIME,DELAY,,,,,,,,16:45,17:25,,,HAN,SGN,BMV,Domestic,VJ,,,,,,,,,,,,
,2026-07-03,VJ902/VJ141,A645,A321,BKK-HAN-SGN,15:50,17:35,15:50,17:35,17:00,17:59,18:00,18:15,01:45,01:00,DELAY,DELAY,DELAY,DELAY,,93,00:25,,,,,17:35,17:57,,,HAN,BKK,SGN,Domestic,VJ,,,,,,,,,,,,
,2026-07-03,VJ454/VJ1431,A633,A321,PQC-HAN-UIH,16:45,17:40,16:45,17:40,17:45,18:14,18:15,18:25,00:55,00:30,DELAY,DELAY,DELAY,DELAY,,93,00:35,,,,,17:45,18:12,,,HAN,PQC,UIH,Domestic,VJ,,,,,,,,,,,,
,2026-07-03,VJ452/VJ517,A634,A321,PQC-HAN-DAD,16:05,17:45,16:50,17:45,17:20,17:44,17:45,17:54,00:55,00:25,ONTIME,ONTIME,ONTIME,DELAY,,,,,,,,17:15,17:40,,,HAN,PQC,DAD,Domestic,VJ,,,,,,,,,,,,
,2026-07-03,VJ434/VJ153,A673,A321,UIH-HAN-SGN,17:10,18:05,17:10,18:05,17:35,18:04,18:05,18:15,00:55,00:30,ONTIME,ONTIME,ONTIME,DELAY,,,,,,,,17:35,18:02,,,HAN,UIH,SGN,Domestic,VJ,,,,,,,,,,,,
,2026-07-03,VJ456/VJ781,A649,A321,PQC-HAN-CXR,17:45,18:15,17:45,18:15,18:20,18:39,18:40,18:53,00:30,00:20,DELAY,DELAY,DELAY,DELAY,,93,00:25,,,,,18:10,18:37,,LATE PUSHBACK DUE ATC,HAN,PQC,CXR,Domestic,VJ,,,,,,,,,,,,
,2026-07-03,VJ528/VJ789,A200,A321,DAD-HAN-CXR,17:25,18:45,18:10,19:15,18:50,19:24,19:25,19:28,01:05,00:35,DELAY,ONTIME,DELAY,DELAY,,93,00:05,66,00:05,,,18:50,19:20,,CREW OB 1857L /LATE TAKEOFF DUE TO ATC,HAN,DAD,CXR,Domestic,VJ,,,,,,,,,,,,
,2026-07-03,VJ516/VJ155,A650,A320,DAD-HAN-SGN,19:45,19:10,19:45,20:45,20:30,21:14,21:15,21:40,01:00,00:45,DELAY,DELAY,DELAY,DELAY,,95,00:30,,,,,20:50,21:12,,CREW VJ148 OB 2055L/ LATE PUSH BACK DUE TO ATC,HAN,DAD,SGN,Domestic,VJ,,,,,,,,,,,,
,2026-07-03,VJ928/VJ561,A547,A321,CGK-HAN-HUI,18:15,19:15,18:15,19:15,19:10,19:39,19:40,19:45,01:00,00:30,DELAY,DELAY,DELAY,DELAY,,93,00:25,,,,,19:10,19:35,,,HAN,CGK,HUI,Domestic,VJ,,,,,,,,,,,,
,2026-07-03,VJ949/VJ1127,A629,A321,RMQ-HAN-SGN,19:50,19:20,19:50,20:50,19:40,20:48,20:49,20:54,01:00,01:09,EARLY,ONTIME,DELAY,ONTIME,,,,,,,,19:40,20:45,,,HAN,RMQ,SGN,Domestic,VJ,,,,,,,,,,,,
,2026-07-03,VJ144/VJ519,A640,A321,SGN-HAN-DAD,18:05,19:25,18:05,19:25,18:30,19:24,19:25,19:30,01:20,00:55,ONTIME,ONTIME,ONTIME,DELAY,,,,,,,,18:40,19:22,,,HAN,SGN,DAD,Domestic,VJ,,,,,,,,,,,,
,2026-07-03,VJ146/VJ523,A202,A321,SGN-HAN-DAD,19:10,19:45,19:10,19:45,19:55,20:14,20:15,20:15,00:35,00:20,DELAY,DELAY,DELAY,DELAY,,93,00:30,,,,,19:55,20:10,,,HAN,SGN,DAD,Domestic,VJ,,,,,,,,,,,,
,2026-07-03,VJ508/VJ7712,A676,A320,HUI-HAN-PKX,15:25,19:55,15:25,19:55,16:05,19:45,19:46,19:52,04:30,03:41,EARLY,ONTIME,ONTIME,DELAY,,,,,,,,19:10,19:42,,,HAN,HUI,PKX,International,VJ,,,,,,,,,,,,
,2026-07-03,VJ438/VJ1785,A655,A320,UIH-HAN-CXR,19:25,20:00,19:25,20:00,19:25,19:51,19:52,19:55,00:35,00:27,EARLY,ONTIME,ONTIME,ONTIME,,,,,,,,19:20,19:49,,,HAN,UIH,CXR,Domestic,VJ,,,,,,,,,,,,
,2026-07-03,VJ442/VJ907,A524,A321,PQC-HAN-BOM,19:05,20:05,19:05,20:05,19:25,20:04,20:05,20:10,01:00,00:40,ONTIME,ONTIME,ONTIME,DELAY,,,,,,,,19:35,20:00,,,HAN,PQC,BOM,International,VJ,,,,,,,,,,,,
,2026-07-03,VJ512/VJ455,A554,A321,DAD-HAN-PQC,18:15,20:05,18:15,20:05,18:55,20:02,20:03,20:08,01:50,01:08,EARLY,ONTIME,ONTIME,DELAY,,,,,,,,19:20,20:00,,,HAN,DAD,PQC,Domestic,VJ,,,,,,,,,,,,
,2026-07-03,VJ152/VJ159,A657,A321,SGN-HAN-SGN,19:40,20:15,19:40,21:10,21:00,21:29,21:30,21:49,01:30,00:30,DELAY,DELAY,DELAY,DELAY,,93,00:20,,,,,21:00,21:28,,,HAN,SGN,SGN,Domestic,VJ,,,,,,,,,,,,
,2026-07-03,VJ540/VJ783,A635,A321,DAD-HAN-CXR,19:30,20:25,19:30,20:55,20:20,20:50,20:51,21:12,01:25,00:31,EARLY,ONTIME,DELAY,DELAY,,,,,,,,20:20,20:48,,LATE PUSH BACK & TAKEOFF DUE TO ATC,HAN,DAD,CXR,Domestic,VJ,,,,,,,,,,,,
,2026-07-03,VJ468/VJ161,A668,A320,VCA-HAN-SGN,19:50,20:55,19:50,20:55,20:15,21:14,21:15,21:25,01:05,01:00,DELAY,DELAY,DELAY,DELAY,,87,00:05,99,00:15,,,20:38,21:12,,"GATE LIMIT/ UPDATE CREWLIST, CREW OB 2034L",HAN,VCA,SGN,Domestic,VJ,,,,,,,,,,,,
,2026-07-03,VJ904/VJ7238,A672,A320,BKK-HAN-PVG,20:25,21:15,20:25,21:15,20:55,21:34,21:35,21:38,00:50,00:40,DELAY,DELAY,DELAY,DELAY,,93,00:05,66,00:10,99,00:05,21:05,21:32,,CREW OB 2105L/LATE ACCEPT 08PAX 04BAGS,HAN,BKK,PVG,International,VJ,,,,,,,,,,,,
,2026-07-03,VJ1452/VJ527,A658,A320,PQC-HAN-DAD,19:50,21:25,19:50,21:25,20:40,21:24,21:25,21:40,01:35,00:45,ONTIME,ONTIME,ONTIME,DELAY,,,,,,,,20:40,21:22,,,HAN,PQC,DAD,Domestic,VJ,,,,,,,,,,,,
,2026-07-03,VJ154/VJ163,A669,A320,SGN-HAN-SGN,20:55,21:35,20:55,22:00,21:40,22:04,22:05,22:10,01:05,00:25,DELAY,ONTIME,DELAY,DELAY,,93,00:05,,,,,21:40,22:00,,,HAN,SGN,SGN,Domestic,VJ,,,,,,,,,,,,
,2026-07-03,VJ496/VJ7526,A633,A321,BMV-HAN-CAN,21:30,22:30,21:30,22:45,22:30,22:59,23:00,23:06,01:15,00:30,DELAY,ONTIME,DELAY,DELAY,,93,00:25,,,,,22:35,22:57,,,HAN,BMV,CAN,International,VJ,,,,,,,,,,,,
,2026-07-03,VJ520/VJ529,A636,A321,DAD-HAN-DAD,20:55,22:35,20:55,22:35,21:20,22:29,22:30,22:35,01:40,01:10,EARLY,ONTIME,ONTIME,DELAY,,,,,,,,21:40,22:25,,,HAN,DAD,DAD,Domestic,VJ,,,,,,,,,,,,
,2026-07-03,VJ420/VJ167,A535,A321,TBB-HAN-SGN,19:15,23:00,19:15,23:00,19:25,22:55,22:56,23:00,03:45,03:31,EARLY,ONTIME,ONTIME,ONTIME,,,,,,,,22:15,22:52,,,HAN,TBB,SGN,Domestic,VJ,,,,,,,,,,,,
,2026-07-03,VJ424/VJ962,A685,A321,PXU-HAN-ICN,18:45,23:15,18:45,23:15,21:05,23:08,23:09,23:12,04:30,02:04,EARLY,ONTIME,ONTIME,DELAY,,,,,,,,22:25,23:06,,,HAN,PXU,ICN,International,VJ,,,,,,,,,,,,
,2026-07-03,VJ496/VJ169,A663,A320,BMV-HAN-SGN,21:30,23:25,21:30,23:40,21:25,23:39,23:40,23:40,02:10,02:15,ONTIME,ONTIME,ONTIME,ONTIME,,,,,,,,23:17,23:36,,,HAN,BMV,SGN,Domestic,VJ,,,,,,,,,,,,
,2026-07-04,____/VJ932,A536,A321,NRT-HAN-NRT,,00:30,,00:30,,00:29,00:30,00:33,,,ONTIME,ONTIME,ONTIME,,,,,,,,,23:50,00:20,,,HAN,NRT,NRT,International,VJ,,,,,,,,,,,,
,2026-07-04,____/VJ982,A532,A321,CXR-HAN-PUS,,01:05,,01:05,,00:55,00:56,00:58,,,EARLY,ONTIME,ONTIME,,,,,,,,,00:05,00:50,,,HAN,CXR,PUS,International,VJ,,,,,,,,,,,,
,2026-07-04,VJ7706/VJ7706,A580,A321,CXR-HAN-KHV,00:30,01:05,00:30,01:05,01:10,01:35,01:36,01:45,00:35,00:26,DELAY,DELAY,DELAY,DELAY,,93,00:31,,,,,,,X,,HAN,CXR,KHV,International,VJ,,,,,,,,,,,,
,2026-07-04,____/VJ938,A500,A321,TPE-HAN-KIX,,01:20,,01:20,,01:19,01:20,01:27,,,ONTIME,ONTIME,ONTIME,,,,,,,,,00:25,01:16,,,HAN,TPE,KIX,International,VJ,,,,,,,,,,,,
,2026-07-04,____/VJ960,A673,A321,SGN-HAN-ICN,,01:40,,01:40,,01:34,01:35,01:37,,,EARLY,ONTIME,ONTIME,,,,,,,,,00:30,01:32,,,HAN,SGN,ICN,International,VJ,,,,,,,,,,,,
,2026-07-04,____/VJ920,A674,A321,KHH-HAN-NGO,,01:40,,01:40,,01:33,01:35,01:37,,,EARLY,ONTIME,ONTIME,,,,,,,,,00:45,01:30,,,HAN,KHH,NGO,International,VJ,,,,,,,,,,,,
,2026-07-04,____/VJ958,A522,A321,DPS-HAN-FUK,,02:05,,02:05,,01:58,02:00,02:09,,,EARLY,ONTIME,ONTIME,,,,,,,,,01:10,01:56,,,HAN,DPS,FUK,International,VJ,,,,,,,,,,,,
,2026-07-04,VJ7713/VJ123,A676,A320,PKX-HAN-SGN,03:55,05:30,03:55,05:30,04:25,05:24,05:25,05:31,01:35,01:00,EARLY,ONTIME,ONTIME,DELAY,,,,,,,,04:45,05:20,,,HAN,PKX,SGN,Domestic,VJ,,,,,,,,,,,,
,2026-07-04,____/VJ501,A649,A321,HAN-DAD,,05:40,,05:40,,05:34,05:35,05:42,,,EARLY,ONTIME,ONTIME,,,,,,,,,04:55,05:30,,,HAN,HAN,DAD,Domestic,VJ,,,,,,,,,,,,
,2026-07-04,VJ7527/VJ121,A633,A321,CAN-HAN-SGN,03:05,06:00,03:05,06:00,04:15,05:54,05:55,06:05,02:55,01:40,EARLY,ONTIME,ONTIME,DELAY,,,,,,,,05:15,05:50,,,HAN,CAN,SGN,Domestic,VJ,,,,,,,,,,,,
,2026-07-04,____/VJ771,A202,A321,HAN-CXR,,06:00,,06:00,,05:59,06:00,06:09,,,ONTIME,ONTIME,ONTIME,,,,,,,,,05:15,05:55,,,HAN,HAN,CXR,Domestic,VJ,,,,,,,,,,,,
,2026-07-04,____/VJ491,A547,A321,HAN-BMV,,06:00,,06:00,,05:54,05:55,06:01,,,EARLY,ONTIME,ONTIME,,,,,,,,,05:25,05:52,,,HAN,HAN,BMV,Domestic,VJ,,,,,,,,,,,,
,2026-07-04,____/VJ431,A662,A320,HAN-UIH,,06:05,,06:05,,05:59,06:00,06:09,,,EARLY,ONTIME,ONTIME,,,,,,,,,05:20,05:55,,,HAN,HAN,UIH,Domestic,VJ,,,,,,,,,,,,
,2026-07-04,____/VJ531,A529,A321,HAN-DAD,,06:30,,06:30,,06:29,06:30,06:37,,,ONTIME,ONTIME,ONTIME,,,,,,,,,05:45,06:25,,,HAN,HAN,DAD,Domestic,VJ,,,,,,,,,,,,
,2026-07-04,____/VJ449,A671,A320,HAN-PQC,,06:30,,06:30,,06:29,06:30,06:40,,,ONTIME,ONTIME,ONTIME,,,,,,,,,05:45,06:25,,,HAN,HAN,PQC,Domestic,VJ,,,,,,,,,,,,
,2026-07-04,VJ5069/VJ5069,A526,A321,NOZ-HAN-CXR,06:15,06:45,06:15,06:45,06:10,06:27,06:28,06:43,00:30,00:18,EARLY,ONTIME,ONTIME,ONTIME,,,,,,,,,,X,,HAN,NOZ,CXR,Domestic,VJ,,,,,,,,,,,,
,2026-07-04,____/VJ461,A632,A321,HAN-VCA,,06:45,,06:45,,06:39,06:40,06:45,,,EARLY,ONTIME,ONTIME,,,,,,,,,05:55,06:38,,,HAN,HAN,VCA,Domestic,VJ,,,,,,,,,,,,
,2026-07-04,____/VJ125,A811,A330,HAN-SGN,,07:00,,07:00,,06:53,06:55,07:10,,,EARLY,ONTIME,ONTIME,,,,,,,,,06:15,06:50,,,HAN,HAN,SGN,Domestic,VJ,,,,,,,,,,,,
,2026-07-04,____/VJ1771,A629,A321,HAN-CXR,,07:00,,07:00,,06:54,06:55,07:01,,,EARLY,ONTIME,ONTIME,,,,,,,,,06:15,06:53,,,HAN,HAN,CXR,Domestic,VJ,,,,,,,,,,,,
,2026-07-04,____/VJ421,A655,A320,HAN-PXU,,07:10,,07:10,,07:04,07:05,07:25,,,EARLY,ONTIME,ONTIME,,,,,,,,,06:25,07:00,,,HAN,HAN,PXU,Domestic,VJ,,,,,,,,,,,,
,2026-07-04,____/VJ197,A661,A321,HAN-SGN,,07:20,,07:20,,07:18,07:19,07:30,,,EARLY,ONTIME,ONTIME,,,,,,,,,06:30,07:15,,,HAN,HAN,SGN,Domestic,VJ,,,,,,,,,,,,
,2026-07-04,____/VJ503,A634,A321,HAN-DAD,,07:30,,07:30,,07:24,07:25,07:42,,,EARLY,ONTIME,ONTIME,,,,,,,,,06:40,07:22,,,HAN,HAN,DAD,Domestic,VJ,,,,,,,,,,,,
,2026-07-04,____/VJ930,A552,A321,HAN-KIX,,07:55,,07:55,,07:59,08:00,08:05,,,DELAY,ONTIME,ONTIME,,,,,15A,00:05,,,07:10,07:52,,OFFLOAD 2 PAX 3 BAGS,HAN,HAN,KIX,International,VJ,,,,,,,,,,,,
,2026-07-04,VJ120/VJ127,A647,A321,SGN-HAN-SGN,07:10,08:10,07:10,08:10,07:00,07:54,07:55,08:10,01:00,00:55,EARLY,ONTIME,ONTIME,ONTIME,,,,,,,,07:00,07:52,,,HAN,SGN,SGN,Domestic,VJ,,,,,,,,,,,,
,2026-07-04,VJ910/VJ929,A524,A321,BOM-HAN-CGK,07:10,08:40,07:10,08:40,07:25,09:07,09:08,09:20,01:30,01:43,DELAY,DELAY,DELAY,ONTIME,,41,00:28,,,,,08:32,09:05,,CHANGE WHEEL,HAN,BOM,CGK,International,VJ,,,,,,,,,,,,
,2026-07-04,____/VJ447,A670,A321,HAN-PQC,,08:45,,08:45,,08:40,08:41,08:43,,,EARLY,ONTIME,ONTIME,,,,,,,,,08:00,08:38,,,HAN,HAN,PQC,Domestic,VJ,,,,,,,,,,,,
,2026-07-04,VJ124/VJ129,A644,A321,SGN-HAN-SGN,08:15,08:50,08:15,08:50,08:20,08:49,08:50,09:05,00:35,00:30,ONTIME,ONTIME,ONTIME,ONTIME,,,,,,,,08:20,08:47,,,HAN,SGN,SGN,Domestic,VJ,,,,,,,,,,,,
,2026-07-04,VJ504/VJ435,A658,A320,DAD-HAN-UIH,08:20,08:50,08:20,08:50,08:35,08:55,08:56,09:05,00:30,00:21,DELAY,ONTIME,ONTIME,ONTIME,,93,00:06,,,,,08:35,08:53,,,HAN,DAD,UIH,Domestic,VJ,,,,,,,,,,,,
,2026-07-04,VJ514/VJ563,A649,A321,DAD-HAN-HUI,08:55,09:30,08:55,09:30,09:10,09:33,09:35,09:39,00:35,00:25,DELAY,ONTIME,ONTIME,ONTIME,,93,00:05,,,,,09:00,09:32,,,HAN,DAD,HUI,Domestic,VJ,,,,,,,,,,,,
,2026-07-04,____/VJ915,A538,A321,HAN-SIN,,09:35,,09:35,,09:34,09:35,09:41,,,ONTIME,ONTIME,ONTIME,,,,,,,,,08:50,09:32,,,HAN,HAN,SIN,International,VJ,,,,,,,,,,,,
,2026-07-04,____/VJ1773,A635,A321,HAN-CXR,,10:00,,10:00,,09:59,10:00,10:15,,,ONTIME,ONTIME,ONTIME,,,,,,,,,09:11,09:56,,,HAN,HAN,CXR,Domestic,VJ,,,,,,,,,,,,
,2026-07-04,____/VJ131,A699,A320,SGN-HAN-SGN,,10:10,,10:10,,10:09,10:10,10:20,,,ONTIME,ONTIME,ONTIME,,,,,,,,,09:20,10:05,,,HAN,SGN,SGN,Domestic,VJ,,,,,,,,,,,,
,2026-07-04,VJ568/VJ135,A534,A321,HUI-HAN-SGN,09:20,10:10,09:20,11:40,,11:39,11:40,11:50,02:20,,ONTIME,ONTIME,DELAY,ONTIME,,,,,,,,10:50,11:38,,,HAN,HUI,SGN,Domestic,VJ,,,,,,,,,,,,
,2026-07-04,VJ430/VJ463,A662,A320,UIH-HAN-VCA,09:50,10:20,09:50,10:20,09:55,10:18,10:19,10:27,00:30,00:24,EARLY,ONTIME,ONTIME,ONTIME,,,,,,,,09:55,10:16,,,HAN,UIH,VCA,Domestic,VJ,,,,,,,,,,,,
,2026-07-04,VJ532/VJ425,A529,A321,DAD-HAN-PXU,09:45,10:20,09:45,10:20,10:15,10:43,10:44,10:47,00:35,00:29,DELAY,DELAY,DELAY,DELAY,,93,00:24,,,,,10:15,10:41,,,HAN,DAD,PXU,Domestic,VJ,,,,,,,,,,,,
,2026-07-04,____/VJ997,A693,A321,HAN-DPS,,10:25,,10:25,,10:24,10:25,10:40,,,ONTIME,ONTIME,ONTIME,,,,,,,,,09:40,10:20,,,HAN,HAN,DPS,International,VJ,,,,,,,,,,,,
,2026-07-04,VJ502/VJ133,A697,A321,DAD-HAN-SGN,07:00,11:20,07:00,11:20,07:00,11:24,11:25,11:35,04:20,04:25,DELAY,ONTIME,ONTIME,ONTIME,,99,00:05,,,,,10:50,11:16,,LATE ACPT 16 PAX 22 BAG,HAN,DAD,SGN,Domestic,VJ,,,,,,,,,,,,
,2026-07-04,VJ492/VJ493,A547,A321,BMV-HAN-BMV,10:00,10:30,10:00,10:30,10:35,11:04,11:05,11:19,00:30,00:30,DELAY,DELAY,DELAY,DELAY,,93,00:35,,,,,10:27,11:02,,,HAN,BMV,BMV,Domestic,VJ,,,,,,,,,,,,
,2026-07-04,VJ770/VJ537,A202,A321,CXR-HAN-DAD,10:10,11:05,10:10,11:05,10:45,11:14,11:15,11:20,00:55,00:30,DELAY,ONTIME,ONTIME,DELAY,,93,00:10,,,,,10:45,11:12,,,HAN,CXR,DAD,Domestic,VJ,,,,,,,,,,,,
,2026-07-04,VJ963/VJ901,A685,A321,ICN-HAN-BKK,08:55,11:10,08:55,11:10,08:40,11:02,11:03,11:08,02:15,02:23,EARLY,ONTIME,ONTIME,ONTIME,,,,,,,,10:35,11:00,,,HAN,ICN,BKK,International,VJ,,,,,,,,,,,,
,2026-07-04,VJ524/VJ507,A634,A321,DAD-HAN-DAD,10:45,11:20,10:45,11:20,11:30,11:59,12:00,12:10,00:35,00:30,DELAY,DELAY,DELAY,DELAY,,93,00:40,,,,,11:30,11:57,,,HAN,DAD,DAD,Domestic,VJ,,,,,,,,,,,,
,2026-07-04,VJ126/VJ437,A669,A320,SGN-HAN-UIH,09:40,10:25,09:40,10:25,10:15,10:39,10:40,10:55,00:45,00:25,DELAY,ONTIME,DELAY,DELAY,,93,00:15,,,,,09:55,10:39,,,HAN,SGN,UIH,Domestic,VJ,,,,,,,,,,,,
,2026-07-04,VJ422/VJ451,A655,A320,PXU-HAN-PQC,10:50,11:45,10:50,11:45,11:20,11:44,11:45,11:51,00:55,00:25,ONTIME,ONTIME,ONTIME,DELAY,,,,,,,,11:15,11:41,,,HAN,PXU,PQC,Domestic,VJ,,,,,,,,,,,,
,2026-07-04,VJ450/VJ775,A671,A320,PQC-HAN-CXR,11:15,11:45,11:15,11:45,11:30,11:54,11:55,12:00,00:30,00:25,DELAY,ONTIME,ONTIME,ONTIME,,93,00:10,,,,,11:30,11:52,,,HAN,PQC,CXR,Domestic,VJ,,,,,,,,,,,,
,2026-07-04,VJ981/VJ565,A532,A321,PUS-HAN-HUI,10:40,11:45,10:40,11:45,10:22,11:44,11:45,11:55,01:05,01:23,ONTIME,ONTIME,ONTIME,ONTIME,,,,,,,,11:00,11:43,,,HAN,PUS,HUI,Domestic,VJ,,,,,,,,,,,,
,2026-07-04,VJ1772/VJ1453,A629,A321,CXR-HAN-PQC,11:15,11:50,11:15,11:50,11:55,12:24,12:25,12:30,00:35,00:30,DELAY,DELAY,DELAY,DELAY,,93,00:35,,,,,11:55,12:24,,,HAN,CXR,PQC,Domestic,VJ,,,,,,,,,,,,
,2026-07-04,VJ462/VJ515,A632,A321,VCA-HAN-DAD,11:40,12:15,11:40,12:15,12:10,12:39,12:40,12:45,00:35,00:30,DELAY,DELAY,DELAY,DELAY,,93,00:25,,,,,12:05,12:37,,,HAN,VCA,DAD,Domestic,VJ,,,,,,,,,,,,
,2026-07-04,VJ130/VJ453,A633,A321,SGN-HAN-PQC,10:50,13:00,10:50,13:00,11:15,13:04,13:05,13:14,02:10,01:50,DELAY,ONTIME,ONTIME,DELAY,,15A,00:05,,,,,12:10,13:01,,OFLD 6 PAX AND 1 BAG,HAN,SGN,PQC,Domestic,VJ,,,,,,,,,,,,
,2026-07-04,VJ432/VJ509,A658,A320,UIH-HAN-DAD,12:35,13:05,12:50,13:20,13:25,13:49,13:50,14:05,00:30,00:25,DELAY,DELAY,DELAY,DELAY,,93,00:30,,,,,13:15,13:48,,,HAN,UIH,DAD,Domestic,VJ,,,,,,,,,,,,
,2026-07-04,VJ959/VJ787,A522,A321,FUK-HAN-CXR,11:45,13:10,11:45,13:10,12:20,13:06,13:07,13:12,01:25,00:47,EARLY,ONTIME,ONTIME,DELAY,,,,,,,,12:25,13:04,,,HAN,FUK,CXR,Domestic,VJ,,,,,,,,,,,,
,2026-07-04,VJ128/VJ137,A811,A330,SGN-HAN-SGN,12:20,13:20,12:20,14:00,12:55,13:55,13:56,14:19,01:40,01:01,EARLY,ONTIME,DELAY,DELAY,,,,,,,,13:00,13:53,,LATE PB DUE TO BAD WX,HAN,SGN,SGN,Domestic,VJ,,,,,,,,,,,,
,2026-07-04,VJ939/VJ948,A500,A321,KIX-HAN-RMQ,12:20,13:30,12:20,13:30,12:30,13:34,13:35,13:45,01:10,01:05,DELAY,ONTIME,ONTIME,ONTIME,,15A,00:05,,,,,13:00,13:32,,OFLD 01 PAX 03 BAGS,HAN,KIX,RMQ,International,VJ,,,,,,,,,,,,
,2026-07-04,VJ564/VJ191,A649,A321,HUI-HAN-SGN,12:30,13:40,12:30,13:40,13:10,13:39,13:40,13:50,01:10,00:30,ONTIME,ONTIME,ONTIME,DELAY,,,,,,,,13:05,13:37,,,HAN,HUI,SGN,Domestic,VJ,,,,,,,,,,,,
,2026-07-04,VJ198/VJ441,A661,A321,SGN-HAN-PQC,12:40,14:00,12:40,14:00,13:10,13:56,13:57,14:27,01:20,00:47,EARLY,ONTIME,DELAY,DELAY,,,,,,,,13:10,13:55,,LATE PB DUE TO BAD WX,HAN,SGN,PQC,Domestic,VJ,,,,,,,,,,,,
,2026-07-04,VJ190/VJ7316,A676,A320,SGN-HAN-ENH,10:25,14:00,10:25,14:00,10:35,13:42,13:44,14:10,03:35,03:09,EARLY,ONTIME,ONTIME,ONTIME,,,,,,,,13:15,13:40,,,HAN,SGN,ENH,International,VJ,,,,,,,,,,,,
,2026-07-04,VJ440/VJ525,A670,A321,PQC-HAN-DAD,13:30,14:05,13:30,14:35,14:35,15:01,15:02,15:07,01:05,00:27,DELAY,DELAY,DELAY,DELAY,,93,00:27,,,,,14:32,15:00,,,HAN,PQC,DAD,Domestic,VJ,,,,,,,,,,,,
,2026-07-04,VJ134/VJ143,A644,A321,SGN-HAN-SGN,13:45,14:20,13:45,15:00,14:50,15:19,15:20,15:30,01:15,00:30,DELAY,DELAY,DELAY,DELAY,,93,00:20,,,,,14:50,15:17,,,HAN,SGN,SGN,Domestic,VJ,,,,,,,,,,,,
,2026-07-04,VJ921/VJ942,A674,A321,NGO-HAN-TPE,12:50,14:25,12:50,14:25,13:05,14:24,14:25,14:40,01:35,01:20,ONTIME,ONTIME,ONTIME,ONTIME,,,,,,,,13:35,14:22,,,HAN,NGO,TPE,International,VJ,,,,,,,,,,,,
,2026-07-04,VJ933/VJ946,A536,A321,NRT-HAN-KHH,13:05,14:35,13:05,14:35,13:30,14:24,14:25,14:45,01:30,00:55,EARLY,ONTIME,ONTIME,DELAY,,,,,,,,13:50,14:22,,,HAN,NRT,KHH,International,VJ,,,,,,,,,,,,
,2026-07-04,VJ436/VJ145,A669,A320,UIH-HAN-SGN,14:10,14:40,14:10,15:25,15:05,15:29,15:30,15:36,01:15,00:25,DELAY,ONTIME,DELAY,DELAY,,93,00:05,,,,,15:00,15:28,,,HAN,UIH,SGN,Domestic,VJ,,,,,,,,,,,,
,2026-07-04,VJ1504/VJ1505,A647,A321,DAD-HAN-DAD,14:10,14:45,14:50,15:45,15:30,15:59,16:00,16:14,00:55,00:30,DELAY,ONTIME,DELAY,DELAY,,93,00:15,,,,,15:25,15:57,,,HAN,DAD,DAD,Domestic,VJ,,,,,,,,,,,,
,2026-07-04,VJ426/VJ467,A529,A321,PXU-HAN-VCA,14:05,14:45,14:05,15:00,14:40,15:09,15:10,15:15,00:55,00:30,DELAY,ONTIME,DELAY,DELAY,,93,00:10,,,,,14:40,15:08,,,HAN,PXU,VCA,Domestic,VJ,,,,,,,,,,,,
,2026-07-04,VJ7707/VJ7707,A580,A321,KHV-HAN-CXR,14:25,14:55,14:25,14:55,14:55,15:24,15:25,15:38,00:30,00:30,DELAY,DELAY,DELAY,DELAY,,93,00:30,,,,,,,X,,HAN,KHV,CXR,Domestic,VJ,,,,,,,,,,,,
,2026-07-04,VJ1774/VJ511,A635,A321,CXR-HAN-DAD,14:20,15:05,14:20,15:25,15:15,15:44,15:45,15:55,01:05,00:30,DELAY,DELAY,DELAY,DELAY,,93,00:20,,,,,15:15,15:42,,,HAN,CXR,DAD,Domestic,VJ,,,,,,,,,,,,
,2026-07-04,VJ494/VJ423,A547,A321,BMV-HAN-PXU,14:30,15:10,14:30,16:10,15:50,16:14,16:15,16:21,01:40,00:25,DELAY,ONTIME,DELAY,DELAY,,93,00:05,,,,,15:45,16:13,,,HAN,BMV,PXU,Domestic,VJ,,,,,,,,,,,,
,2026-07-04,VJ510/VJ419,A634,A321,DAD-HAN-TBB,14:35,15:10,14:35,16:10,16:22,16:49,16:50,17:20,01:35,00:28,DELAY,DELAY,DELAY,DELAY,,93,00:40,,,,,16:20,16:48,,LATE PB DUE TO ATC,HAN,DAD,TBB,Domestic,VJ,,,,,,,,,,,,
,2026-07-04,VJ464/VJ439,A662,A320,VCA-HAN-UIH,15:10,15:40,15:10,16:00,15:55,16:19,16:20,16:30,00:50,00:25,DELAY,DELAY,DELAY,DELAY,,93,00:20,,,,,15:50,16:17,,,HAN,VCA,UIH,Domestic,VJ,,,,,,,,,,,,
,2026-07-04,VJ138/VJ147,A656,A320,SGN-HAN-SGN,15:15,15:45,15:15,16:15,16:45,17:09,17:10,17:40,01:00,00:25,DELAY,DELAY,DELAY,DELAY,,93,00:55,,,,,16:35,17:07,,,HAN,SGN,SGN,Domestic,VJ,,,,,,,,,,,,
,2026-07-04,VJ961/VJ903,A673,A321,ICN-HAN-BKK,13:35,15:45,13:35,15:45,13:40,15:39,15:40,15:55,02:10,02:00,EARLY,ONTIME,ONTIME,ONTIME,,,,,,,,15:10,15:37,,,HAN,ICN,BKK,International,VJ,,,,,,,,,,,,
,2026-07-04,VJ538/VJ567,A202,A321,DAD-HAN-HUI,14:15,15:55,14:15,15:55,15:10,15:54,15:55,16:04,01:40,00:45,ONTIME,ONTIME,ONTIME,DELAY,,,,,,,,15:15,15:52,,,HAN,DAD,HUI,Domestic,VJ,,,,,,,,,,,,
,2026-07-04,VJ566/VJ773,A532,A321,HUI-HAN-CXR,14:45,16:00,14:45,16:00,15:25,15:59,16:00,16:15,01:15,00:35,ONTIME,ONTIME,ONTIME,DELAY,,,,,,,,15:25,15:58,,,HAN,HUI,CXR,Domestic,VJ,,,,,,,,,,,,
,2026-07-04,VJ136/VJ539,A699,A320,SGN-HAN-DAD,15:25,16:20,15:25,16:20,16:10,16:32,16:33,17:20,00:55,00:23,DELAY,ONTIME,DELAY,DELAY,,93,00:13,,,,,16:05,16:30,,LATE PB DUE TO ATC,HAN,SGN,DAD,Domestic,VJ,,,,,,,,,,,,
,2026-07-04,VJ902/VJ193,A685,A321,BKK-HAN-SGN,15:50,16:50,15:50,16:50,16:15,16:49,16:50,17:27,01:00,00:35,ONTIME,ONTIME,DELAY,DELAY,,,,,,,,16:22,16:48,,,HAN,BKK,SGN,Domestic,VJ,,,,,,,,,,,,
,2026-07-04,VJ772/VJ465,A671,A320,CXR-HAN-VCA,15:55,17:00,16:20,17:00,17:20,17:49,17:50,18:07,00:40,00:30,DELAY,DELAY,DELAY,DELAY,,93,00:45,66,00:05,,,17:10,17:47,,CREW OB 1728,HAN,CXR,VCA,Domestic,VJ,,,,,,,,,,,,
,2026-07-04,VJ508/VJ457,A632,A321,DAD-HAN-PQC,15:30,17:10,15:30,17:10,16:40,17:14,17:15,18:00,01:40,00:35,DELAY,ONTIME,DELAY,DELAY,,66,00:05,,,,,16:45,17:12,,CREW OB 1647LT,HAN,DAD,PQC,Domestic,VJ,,,,,,,,,,,,
,2026-07-04,VJ530/VJ495,A546,A321,DAD-HAN-BMV,16:30,17:30,16:30,18:00,17:45,18:04,18:05,18:15,01:30,00:20,DELAY,ONTIME,DELAY,DELAY,,93,00:05,,,,,17:45,18:02,,,HAN,DAD,BMV,Domestic,VJ,,,,,,,,,,,,
,2026-07-04,VJ1454/VJ141,A629,A321,PQC-HAN-SGN,16:35,17:35,16:35,17:35,17:50,18:24,18:25,18:50,01:00,00:35,DELAY,DELAY,DELAY,DELAY,,93,00:45,66,00:05,,,17:50,18:22,,CREW OB 1758LT/ LATE PB DUE TO ATC,HAN,PQC,SGN,Domestic,VJ,,,,,,,,,,,,
,2026-07-04,VJ140/VJ151,A639,A321,SGN-HAN-SGN,17:30,18:00,17:30,18:00,18:00,18:29,18:30,18:58,00:30,00:30,DELAY,DELAY,DELAY,DELAY,,93,00:30,,,,,17:55,18:28,,LATE PB DUE TO ATC,HAN,SGN,SGN,Domestic,VJ,,,,,,,,,,,,
,2026-07-04,VJ456/VJ781,A633,A321,PQC-HAN-CXR,17:45,18:20,17:45,18:20,18:20,18:41,18:42,18:59,00:35,00:22,DELAY,DELAY,DELAY,DELAY,,93,00:22,,,,,18:10,18:40,,,HAN,PQC,CXR,Domestic,VJ,,,,,,,,,,,,
,2026-07-04,VJ916/VJ517,A538,A321,SIN-HAN-DAD,17:25,18:25,17:25,18:25,18:00,18:24,18:25,18:40,01:00,00:25,ONTIME,ONTIME,ONTIME,DELAY,,,,,,,,17:50,18:22,,,HAN,SIN,DAD,Domestic,VJ,,,,,,,,,,,,
,2026-07-04,VJ512/VJ521,A635,A321,DAD-HAN-DAD,18:15,18:45,18:15,19:50,19:35,20:04,20:05,20:15,01:35,00:30,DELAY,ONTIME,DELAY,DELAY,,93,00:15,,,,,19:35,20:01,,,HAN,DAD,DAD,Domestic,VJ,,,,,,,,,,,,
,2026-07-04,VJ774/VJ789,A522,A321,CXR-HAN-CXR,17:15,18:45,17:15,18:45,18:25,18:54,18:55,19:15,01:30,00:30,DELAY,ONTIME,DELAY,DELAY,,93,00:10,,,,,18:25,18:52,,,HAN,CXR,CXR,Domestic,VJ,,,,,,,,,,,,
,2026-07-04,VJ148/VJ155,A651,A321,SGN-HAN-SGN,18:25,18:55,18:25,18:55,19:05,19:29,19:30,19:40,00:30,00:25,DELAY,DELAY,DELAY,DELAY,,93,00:35,,,,,19:00,19:28,,,HAN,SGN,SGN,Domestic,VJ,,,,,,,,,,,,
,2026-07-04,VJ424/VJ561,A547,A321,PXU-HAN-HUI,18:50,19:25,18:50,20:45,20:25,20:54,20:55,21:05,01:55,00:30,DELAY,ONTIME,DELAY,DELAY,,93,00:10,,,,,20:15,20:53,,,HAN,PXU,HUI,Domestic,VJ,,,,,,,,,,,,
,2026-07-04,VJ528/VJ519,A670,A321,DAD-HAN-DAD,17:25,19:25,17:25,19:25,18:55,19:24,19:25,19:40,02:00,00:30,ONTIME,ONTIME,ONTIME,DELAY,,,,,,,,18:55,19:22,,,HAN,DAD,DAD,Domestic,VJ,,,,,,,,,,,,
,2026-07-04,VJ568/VJ157,A202,A321,HUI-HAN-SGN,18:55,19:35,18:55,20:10,19:25,21:24,21:25,21:30,01:15,02:00,DELAY,DELAY,DELAY,DELAY,,95,01:15,,,,,20:55,21:22,,CREW VJ146 OB 2104L,HAN,HUI,SGN,Domestic,VJ,,,,,,,,,,,,
,2026-07-04,VJ931/VJ971,A552,A321,KIX-HAN-DEL,18:30,19:40,18:30,19:40,18:25,19:39,19:40,19:55,01:10,01:15,ONTIME,ONTIME,ONTIME,ONTIME,,,,,,,,18:55,19:35,,LATE PUSHBACK DUE TO ATC,HAN,KIX,DEL,International,VJ,,,,,,,,,,,,
,2026-07-04,VJ442/VJ523,A661,A321,PQC-HAN-DAD,19:05,19:45,19:05,20:50,20:25,20:54,20:55,21:00,01:45,00:30,DELAY,ONTIME,DELAY,DELAY,,93,00:05,,,,,20:25,20:51,,,HAN,PQC,DAD,Domestic,VJ,,,,,,,,,,,,
,2026-07-04,VJ454/VJ7712,A655,A320,PQC-HAN-PKX,16:45,19:55,16:45,19:55,17:10,19:44,19:46,20:05,03:10,02:36,EARLY,ONTIME,ONTIME,DELAY,,,,,,,,19:00,19:42,,,HAN,PQC,PKX,International,VJ,,,,,,,,,,,,
,2026-07-04,VJ438/VJ1785,A662,A320,UIH-HAN-CXR,19:25,20:00,19:25,22:00,21:00,21:58,21:59,22:00,02:35,00:59,EARLY,ONTIME,DELAY,DELAY,,,,,,,,21:30,21:55,,,HAN,UIH,CXR,Domestic,VJ,,,,,,,,,,,,
,2026-07-04,VJ420/VJ783,A634,A321,TBB-HAN-CXR,19:15,20:25,19:15,22:15,21:55,22:22,22:23,22:27,03:00,00:28,DELAY,ONTIME,DELAY,DELAY,,93,00:08,,,,,21:45,22:20,,,HAN,TBB,CXR,Domestic,VJ,,,,,,,,,,,,
,2026-07-04,VJ468/VJ161,A529,A321,VCA-HAN-SGN,19:50,20:55,19:50,20:55,20:25,20:53,20:54,20:55,01:05,00:29,EARLY,ONTIME,ONTIME,DELAY,,,,,,,,20:20,20:23,,,HAN,VCA,SGN,Domestic,VJ,,,,,,,,,,,,
,2026-07-04,VJ7317/VJ7238,A676,A320,ENH-HAN-PVG,19:25,21:15,19:25,21:15,20:15,21:10,21:11,21:23,01:50,00:56,EARLY,ONTIME,ONTIME,DELAY,,,,,,,,20:30,21:07,,,HAN,ENH,PVG,International,VJ,,,,,,,,,,,,
,2026-07-04,VJ154/VJ163,A687,A321,SGN-HAN-SGN,20:55,21:25,20:55,22:05,21:35,22:04,22:05,22:10,01:10,00:30,ONTIME,ONTIME,DELAY,DELAY,,,,,,,,21:35,22:00,,,HAN,SGN,SGN,Domestic,VJ,,,,,,,,,,,,
,2026-07-04,VJ520/VJ527,A640,A321,DAD-HAN-DAD,20:55,21:40,20:55,21:40,21:00,21:32,21:33,21:35,00:45,00:33,EARLY,ONTIME,ONTIME,ONTIME,,,,,,,,21:00,21:28,,,HAN,DAD,DAD,Domestic,VJ,,,,,,,,,,,,
,2026-07-04,VJ928/VJ7526,A524,A321,CGK-HAN-CAN,18:15,22:30,18:15,22:30,19:40,22:26,22:28,22:29,04:15,02:48,EARLY,ONTIME,ONTIME,DELAY,,,,,,,,21:56,22::23,,,HAN,CGK,CAN,International,VJ,,,,,,,,,,,,
,2026-07-04,VJ496/VJ529,A546,A321,BMV-HAN-DAD,21:30,22:35,21:30,22:50,22:15,22:48,22:49,22:50,01:20,00:34,EARLY,ONTIME,ONTIME,DELAY,,,,,,,,22:15,22:45,,,HAN,BMV,DAD,Domestic,VJ,,,,,,,,,,,,
,2026-07-04,VJ998/VJ167,A693,A321,DPS-HAN-SGN,21:35,22:45,21:35,22:45,21:40,22:54,22:55,22:58,01:10,01:15,DELAY,ONTIME,ONTIME,ONTIME,,95,00:10,,,,,22:00,22:52,,WAIT CREW VJ194 OB 2230,HAN,DPS,SGN,Domestic,VJ,,,,,,,,,,,,
,2026-07-04,VJ144/VJ962,A521,A321,SGN-HAN-ICN,18:05,23:15,18:05,23:15,18:55,23:14,23:15,23:20,05:10,04:20,ONTIME,ONTIME,ONTIME,DELAY,,,,,,,,22:30,23:11,,,HAN,SGN,ICN,International,VJ,,,,,,,,,,,,
,2026-07-04,AI2390/AI2391,VT-TQD,A320,DEL-HAN-DEL,07:20,08:20,07:20,08:20,07:31,08:28,08:29,08:35,01:00,00:58,DELAY,ONTIME,ONTIME,ONTIME,,93,00:09,,,,,,,,,HAN,DEL,DEL,International,AI,,,,,,,,,,,,
,2026-07-05,VJ7660/VJ7660,A538,A321,DAD-HAN-KHV,23:50,00:25,23:50,00:25,00:00,00:34,00:35,00:40,00:35,00:35,DELAY,ONTIME,ONTIME,ONTIME,,93,00:10,,,,,,,X,,HAN,DAD,KHV,International,VJ,,,,,,,,,,,,
,2026-07-05,____/VJ932,A536,A321,HAN-NRT,,00:30,,00:30,,00:24,00:25,00:28,,,EARLY,ONTIME,ONTIME,,,,,,,,,23:45,00:20,,,HAN,HAN,NRT,International,VJ,,,,,,,,,,,,
,2026-07-05,VJ7704/VJ7704,A580,A321,CXR-HAN-VVO,00:10,00:45,00:10,00:45,00:45,01:19,01:20,01:28,00:35,00:35,DELAY,DELAY,DELAY,DELAY,,93,00:35,,,,,,,X,,HAN,CXR,VVO,International,VJ,,,,,,,,,,,,
,2026-07-05,____/VJ982,A683,A321,SGN-HAN-PUS,,01:05,,01:05,,00:49,00:50,00:54,,,EARLY,ONTIME,ONTIME,,,,,,,,,00:50,00:45,,,HAN,SGN,PUS,International,VJ,,,,,,,,,,,,
,2026-07-05,____/VJ938,A547,A321,HUI-HAN-KIX,,01:20,,01:20,,01:19,01:20,01:28,,,ONTIME,ONTIME,ONTIME,,,,,,,,,00:50,01:17,,,HAN,HUI,KIX,International,VJ,,,,,,,,,,,,
,2026-07-05,____/VJ960,A532,A321,CXR-HAN-ICN,,01:40,,01:40,,01:29,01:30,01:34,,,EARLY,ONTIME,ONTIME,,,,,,,,,00:50,01:26,,,HAN,CXR,ICN,International,VJ,,,,,,,,,,,,
,2026-07-05,____/VJ920,A500,A321,HAN-NGO,,01:40,,01:40,,01:35,01:36,01:37,,,EARLY,ONTIME,ONTIME,,,,,,,,,00:55,01:30,,,HAN,HAN,NGO,International,VJ,,,,,,,,,,,,
,2026-07-05,____/VJ1980,A663,A320,HAN-FSZ,01:10,02:40,01:10,02:40,,02:15,02:16,02:28,01:30,,EARLY,ONTIME,ONTIME,ONTIME,,,,,,,,01:50,02:11,,,HAN,HAN,FSZ,International,VJ,,,,,,,,,,,,
,2026-07-05,____/VJ445,A633,A321,HAN-PQC,,05:30,,05:30,,05:24,05:25,05:30,,,EARLY,ONTIME,ONTIME,,,,,,,,,1905-03-21,1905-06-06,,,HAN,HAN,PQC,Domestic,VJ,,,,,,,,,,,,
,2026-07-05,____/VJ123,A699,A320,HAN-SGN,,05:30,,05:30,,05:24,05:25,05:39,,,EARLY,ONTIME,ONTIME,,,,,,,,,04:40,05:22,,,HAN,HAN,SGN,Domestic,VJ,,,,,,,,,,,,
,2026-07-05,____/VJ501,A645,A321,HAN-DAD,,05:40,,05:40,,05:34,05:35,05:42,,,EARLY,ONTIME,ONTIME,,,,,,,,,04:50,05:31,,,HAN,HAN,DAD,Domestic,VJ,,,,,,,,,,,,
,2026-07-05,____/VJ121,A657,A321,HAN-SGN,,06:00,,06:00,,05:54,05:55,06:04,,,EARLY,ONTIME,ONTIME,,,,,,,,,05:10,05:51,,,HAN,HAN,SGN,Domestic,VJ,,,,,,,,,,,,
,2026-07-05,____/VJ771,A662,A320,HAN-CXR,,06:00,,06:00,,05:54,05:55,06:06,,,EARLY,ONTIME,ONTIME,,,,,,,,,05:15,05:52,,,HAN,HAN,CXR,Domestic,VJ,,,,,,,,,,,,
,2026-07-05,____/VJ491,A635,A321,HAN-BMV,,06:00,,06:00,,05:54,05:55,06:00,,,EARLY,ONTIME,ONTIME,,,,,,,,,05:10,05:52,,,HAN,HAN,BMV,Domestic,VJ,,,,,,,,,,,,
,2026-07-05,____/VJ431,A671,A320,HAN-UIH,,06:05,,06:05,,06:04,06:05,06:10,,,ONTIME,ONTIME,ONTIME,,,,,,,,,05:15,06:02,,LAST BUS LATE TO A.C DUE TO RAMP CONGESTION,HAN,HAN,UIH,Domestic,VJ,,,,,,,,,,,,
,2026-07-05,____/VJ952,A676,A320,HAN-HIJ,,06:15,,06:15,,06:14,06:15,06:22,,,ONTIME,ONTIME,ONTIME,,,,,,,,,05:39,06:12,,,HAN,HAN,HIJ,International,VJ,,,,,,,,,,,,
,2026-07-05,____/VJ531,A534,A321,HAN-DAD,,06:30,,06:30,,06:24,06:25,06:32,,,EARLY,ONTIME,ONTIME,,,,,,,,,05:40,06:21,,,HAN,HAN,DAD,Domestic,VJ,,,,,,,,,,,,
,2026-07-05,____/VJ461,A634,A321,HAN-VCA,,06:45,,06:45,,06:39,06:40,06:42,,,EARLY,ONTIME,ONTIME,,,,,,,,,05:55,06:36,,,HAN,HAN,VCA,Domestic,VJ,,,,,,,,,,,,
,2026-07-05,____/VJ125,A670,A321,HAN-SGN,,07:00,,07:00,,06:54,06:55,07:03,,,EARLY,ONTIME,ONTIME,,,,,,,,,06:15,06:52,,,HAN,HAN,SGN,Domestic,VJ,,,,,,,,,,,,
,2026-07-05,VJ7713/VJ1771,A655,A320,PKX-HAN-CXR,03:55,07:00,03:55,07:00,04:25,06:51,06:52,07:02,03:05,02:27,EARLY,ONTIME,ONTIME,DELAY,,,,,,,,06:10,06:48,,,HAN,PKX,CXR,Domestic,VJ,,,,,,,,,,,,
,2026-07-05,____/VJ421,A632,A321,HAN-PXU,,07:10,,07:10,,07:04,07:05,07:18,,,EARLY,ONTIME,ONTIME,,,,,,,,,06:20,07:03,,,HAN,HAN,PXU,Domestic,VJ,,,,,,,,,,,,
,2026-07-05,____/VJ197,A661,A321,HAN-SGN,,07:20,,07:20,,07:14,07:15,07:23,,,EARLY,ONTIME,ONTIME,,,,,,,,,06:35,07:12,,,HAN,HAN,SGN,Domestic,VJ,,,,,,,,,,,,
,2026-07-05,____/VJ905,A673,A321,HAN-KUL,,07:25,,07:25,,07:14,07:15,07:20,,,EARLY,ONTIME,ONTIME,,,,,,,,,06:35,07:10,,,HAN,HAN,KUL,International,VJ,,,,,,,,,,,,
,2026-07-05,____/VJ535,A672,A320,HAN-DAD,,07:25,,07:25,,07:19,07:20,07:28,,,EARLY,ONTIME,ONTIME,,,,,,,,,06:35,07:15,,,HAN,HAN,DAD,Domestic,VJ,,,,,,,,,,,,
,2026-07-05,____/VJ503,A649,A321,HAN-DAD,,07:30,,07:30,,07:24,07:25,07:36,,,EARLY,ONTIME,ONTIME,,,,,,,,,06:45,07:23,,,HAN,HAN,DAD,Domestic,VJ,,,,,,,,,,,,
,2026-07-05,____/VJ934,A524,A321,HAN-NRT,,07:55,,07:55,,07:54,07:55,08:06,,,ONTIME,ONTIME,ONTIME,,,,,,,,,07:10,07:52,,,HAN,HAN,NRT,International,VJ,,,,,,,,,,,,
,2026-07-05,____/VJ930,A674,A321,HAN-KIX,,07:55,,07:55,,07:54,07:55,08:03,,,ONTIME,ONTIME,ONTIME,,,,,,,,,07:05,07:52,,,HAN,HAN,KIX,International,VJ,,,,,,,,,,,,
,2026-07-05,VJ120/VJ127,A668,A320,SGN-HAN-SGN,07:10,08:10,07:10,08:35,08:10,08:34,08:35,08:40,01:25,00:25,ONTIME,ONTIME,DELAY,DELAY,,,,,,,,08:00,08:32,,,HAN,SGN,SGN,Domestic,VJ,,,,,,,,,,,,
,2026-07-05,____/VJ929,A552,A321,HAN-CGK,,08:40,,08:40,,08:34,08:35,08:40,,,EARLY,ONTIME,ONTIME,,,,,,,,,07:50,08:32,,,HAN,HAN,CGK,International,VJ,,,,,,,,,,,,
,2026-07-05,VJ124/VJ129,A687,A321,SGN-HAN-SGN,08:15,08:45,08:15,08:45,08:20,08:49,08:50,08:55,00:30,00:30,DELAY,ONTIME,ONTIME,ONTIME,,93,00:05,,,,,08:10,08:48,,,HAN,SGN,SGN,Domestic,VJ,,,,,,,,,,,,
,2026-07-05,____/VJ447,A522,A321,HAN-PQC,,08:45,,08:45,,08:34,08:35,08:40,,,EARLY,ONTIME,ONTIME,,,,,,,,,07:55,08:32,,,HAN,HAN,PQC,Domestic,VJ,,,,,,,,,,,,
,2026-07-05,____/VJ435,A636,A321,HAN-UIH,,08:50,,08:50,,08:49,08:50,08:58,,,ONTIME,ONTIME,ONTIME,,,,,,,,,08:00,08:46,,,HAN,HAN,UIH,Domestic,VJ,,,,,,,,,,,,
,2026-07-05,VJ502/VJ505,A647,A321,DAD-HAN-DAD,07:00,09:05,07:00,09:05,08:00,09:29,09:30,09:33,02:05,01:30,DELAY,DELAY,DELAY,DELAY,,41,00:25,,,,,09:00,09:27,,CHANGE TIRE,HAN,DAD,DAD,Domestic,VJ,,,,,,,,,,,,
,2026-07-05,VJ514/VJ563,A645,A321,DAD-HAN-HUI,08:50,09:25,08:50,09:25,08:55,09:18,09:20,09:23,00:35,00:25,EARLY,ONTIME,ONTIME,ONTIME,,,,,,,,08:45,09:17,,,HAN,DAD,HUI,Domestic,VJ,,,,,,,,,,,,
,2026-07-05,____/VJ915,A685,A321,HAN-SIN,,09:35,,09:35,,09:49,09:50,10:04,,,DELAY,ONTIME,DELAY,,,41,00:15,,,,,08:50,09:32,,,HAN,HAN,SIN,International,VJ,,,,,,,,,,,,
,2026-07-05,VJ122/VJ1773,A525,A321,SGN-HAN-CXR,09:05,10:00,09:05,10:00,09:20,09:54,09:55,10:00,00:55,00:35,EARLY,ONTIME,ONTIME,ONTIME,,,,,,,,09:20,09:52,,,HAN,SGN,CXR,Domestic,VJ,,,,,,,,,,,,
,2026-07-05,VJ430/VJ463,A671,A320,UIH-HAN-VCA,09:50,10:20,09:50,10:20,09:47,10:16,10:17,10:26,00:30,00:30,EARLY,ONTIME,ONTIME,ONTIME,,,,,,,,09:45,10:14,,,HAN,UIH,VCA,Domestic,VJ,,,,,,,,,,,,
,2026-07-05,VJ532/VJ425,A534,A321,DAD-HAN-PXU,09:45,10:20,09:45,10:20,10:00,10:19,10:20,10:25,00:35,00:20,ONTIME,ONTIME,ONTIME,ONTIME,,,,,,,,09:50,10:18,,,HAN,DAD,PXU,Domestic,VJ,,,,,,,,,,,,
,2026-07-05,VJ963/VJ997,A521,A321,ICN-HAN-DPS,08:55,10:25,08:55,10:25,08:55,10:22,10:23,10:32,01:30,01:28,EARLY,ONTIME,ONTIME,ONTIME,,,,,,,,09:35,10:20,,,HAN,ICN,DPS,International,VJ,,,,,,,,,,,,
,2026-07-05,VJ492/VJ493,A635,A321,BMV-HAN-BMV,10:00,10:30,10:00,10:30,10:10,10:34,10:35,10:40,00:30,00:25,DELAY,ONTIME,ONTIME,ONTIME,,93,00:05,,,,,10:00,10:32,,,HAN,BMV,BMV,Domestic,VJ,,,,,,,,,,,,
,2026-07-05,VJ126/VJ131,A810,A330,SGN-HAN-SGN,09:40,10:35,09:40,10:35,09:50,10:39,10:40,10:50,00:55,00:50,DELAY,ONTIME,ONTIME,ONTIME,,15A,00:05,,,,,09:50,10:30,,OFLD 04PAX WITH 02BAGS,HAN,SGN,SGN,Domestic,VJ,,,,,,,,,,,,
,2026-07-05,VJ770/VJ437,A662,A320,CXR-HAN-UIH,10:10,10:40,10:10,10:40,10:25,10:44,10:45,10:55,00:30,00:20,DELAY,ONTIME,ONTIME,ONTIME,,93,00:05,,,,,10:25,10:42,,,HAN,CXR,UIH,Domestic,VJ,,,,,,,,,,,,
,2026-07-05,VJ536/VJ537,A672,A320,DAD-HAN-DAD,10:35,11:05,10:35,11:05,10:55,11:14,11:15,11:35,00:30,00:20,DELAY,ONTIME,DELAY,DELAY,,93,00:10,,,,,10:45,11:12,,,HAN,DAD,DAD,Domestic,VJ,,,,,,,,,,,,
,2026-07-05,VJ448/VJ901,A633,A321,PQC-HAN-BKK,10:15,11:10,10:15,11:10,10:20,11:07,11:08,11:25,00:55,00:48,EARLY,ONTIME,ONTIME,ONTIME,,,,,,,,10:37,11:02,,,HAN,PQC,BKK,International,VJ,,,,,,,,,,,,
,2026-07-05,VJ504/VJ135,A817,A330,DAD-HAN-SGN,10:20,11:20,10:20,11:20,10:50,11:19,11:20,11:35,01:00,00:30,ONTIME,ONTIME,ONTIME,DELAY,,,,,,,,10:40,11:17,,,HAN,DAD,SGN,Domestic,VJ,,,,,,,,,,,,
,2026-07-05,VJ422/VJ507,A632,A321,PXU-HAN-DAD,10:50,11:10,10:50,11:25,10:55,11:24,11:25,11:37,00:35,00:30,ONTIME,ONTIME,DELAY,ONTIME,,,,,,,,10:45,11:22,,,HAN,PXU,DAD,Domestic,VJ,,,,,,,,,,,,
,2026-07-05,VJ130/VJ133,A544,A321,SGN-HAN-SGN,10:50,11:25,10:50,11:25,11:10,11:49,11:50,11:55,00:35,00:40,DELAY,DELAY,DELAY,DELAY,,93,00:15,66,00:05,15A,00:05,11:10,11:43,,CREW OB 1115L/ DL15A OFFLOAD 2PAX & 1BAG,HAN,SGN,SGN,Domestic,VJ,,,,,,,,,,,,
,2026-07-05,VJ1772/VJ451,A655,A320,CXR-HAN-PQC,11:15,11:45,11:15,11:45,11:40,12:03,12:04,12:13,00:30,00:24,DELAY,DELAY,DELAY,DELAY,,93,00:19,,,,,11:25,12:01,,,HAN,CXR,PQC,Domestic,VJ,,,,,,,,,,,,
,2026-07-05,VJ981/VJ1453,A683,A321,PUS-HAN-PQC,10:40,11:50,10:40,11:50,10:15,11:44,11:45,11:58,01:10,01:30,EARLY,ONTIME,ONTIME,ONTIME,,,,,,,,11:00,11:42,,,HAN,PUS,PQC,Domestic,VJ,,,,,,,,,,,,
,2026-07-05,VJ462/VJ515,A634,A321,VCA-HAN-DAD,11:40,12:15,11:40,12:25,12:05,12:29,12:30,12:40,00:45,00:25,DELAY,ONTIME,DELAY,DELAY,,93,00:05,,,,,11:53,12:25,,,HAN,VCA,DAD,Domestic,VJ,,,,,,,,,,,,
,2026-07-05,VJ524/VJ137,A649,A321,DAD-HAN-SGN,10:45,12:20,10:45,12:20,11:05,12:14,12:15,12:25,01:35,01:10,EARLY,ONTIME,ONTIME,DELAY,,,,,,,,11:40,12:12,,,HAN,DAD,SGN,Domestic,VJ,,,,,,,,,,,,
,2026-07-05,VJ506/VJ453,A647,A321,DAD-HAN-PQC,12:20,13:00,12:20,13:30,13:30,13:59,14:00,14:04,01:10,00:30,DELAY,DELAY,DELAY,DELAY,,93,00:30,,,,,13:20,13:57,,,HAN,DAD,PQC,Domestic,VJ,,,,,,,,,,,,
,2026-07-05,VJ564/VJ787,A645,A321,HUI-HAN-CXR,12:25,13:10,12:25,13:10,12:45,13:14,13:15,13:20,00:45,00:30,DELAY,ONTIME,ONTIME,DELAY,,93,00:05,,,,,12:50,13:12,,,HAN,HUI,CXR,Domestic,VJ,,,,,,,,,,,,
,2026-07-05,VJ432/VJ509,A636,A321,UIH-HAN-DAD,12:35,13:10,12:35,13:10,13:00,13:22,13:23,13:25,00:35,00:23,DELAY,ONTIME,ONTIME,DELAY,,93,00:13,,,,,12:50,13:18,,,HAN,UIH,DAD,Domestic,VJ,,,,,,,,,,,,
,2026-07-05,VJ7705/VJ7705,A580,A321,VVO-HAN-CXR,12:45,13:15,12:45,14:00,13:35,13:59,14:00,14:10,01:15,00:25,ONTIME,ONTIME,DELAY,DELAY,,,,,,,,,,X,,HAN,VVO,CXR,Domestic,VJ,,,,,,,,,,,,
,2026-07-05,VJ198/VJ433,A661,A321,SGN-HAN-UIH,12:40,13:20,12:40,13:20,13:10,13:27,13:28,13:32,00:40,00:18,DELAY,ONTIME,ONTIME,DELAY,,93,00:08,,,,,13:00,13:26,,,HAN,SGN,UIH,Domestic,VJ,,,,,,,,,,,,
,2026-07-05,VJ939/VJ948,A547,A321,KIX-HAN-RMQ,12:20,13:30,12:20,13:30,12:36,13:29,13:30,13:35,01:10,00:54,ONTIME,ONTIME,ONTIME,DELAY,,,,,,,,12:55,13:27,,,HAN,KIX,RMQ,International,VJ,,,,,,,,,,,,
,2026-07-05,VJ128/VJ191,A516,A321,SGN-HAN-SGN,11:55,13:40,11:55,13:40,12:05,13:39,13:40,13:48,01:45,01:35,ONTIME,ONTIME,ONTIME,ONTIME,,,,,,,,12:50,13:37,,,HAN,SGN,SGN,Domestic,VJ,,,,,,,,,,,,
,2026-07-05,VJ134/VJ143,A668,A320,SGN-HAN-SGN,13:30,14:05,13:30,14:25,14:15,14:37,14:38,14:45,00:55,00:23,DELAY,ONTIME,DELAY,DELAY,,93,00:13,,,,,14:05,14:35,,,HAN,SGN,SGN,Domestic,VJ,,,,,,,,,,,,
,2026-07-05,VJ440/VJ441,A522,A321,PQC-HAN-PQC,13:30,14:05,13:30,14:05,13:43,14:12,14:13,14:20,00:35,00:30,DELAY,ONTIME,ONTIME,ONTIME,,93,00:08,,,,,13:45,14:10,,,HAN,PQC,PQC,Domestic,VJ,,,,,,,,,,,,
,2026-07-05,VJ921/VJ525,A500,A321,NGO-HAN-DAD,12:50,14:05,12:50,14:05,13:05,14:04,14:05,14:10,01:15,01:00,ONTIME,ONTIME,ONTIME,ONTIME,,,,,,,,13:20,14:02,,,HAN,NGO,DAD,Domestic,VJ,,,,,,,,,,,,
,2026-07-05,VJ7661/VJ7661,A538,A321,KHV-HAN-DAD,13:45,14:15,13:45,14:15,13:55,14:24,14:25,14:44,00:30,00:30,DELAY,ONTIME,DELAY,ONTIME,,93,00:10,,,,,,,X,,HAN,KHV,DAD,Domestic,VJ,,,,,,,,,,,,
,2026-07-05,VJ933/VJ942,A536,A321,NRT-HAN-TPE,13:05,14:25,13:05,14:25,13:15,14:24,14:25,14:35,01:20,01:10,ONTIME,ONTIME,ONTIME,ONTIME,,,,,,,,13:45,14:22,,,HAN,NRT,TPE,International,VJ,,,,,,,,,,,,
,2026-07-05,VJ136/VJ467,A657,A321,SGN-HAN-VCA,14:20,14:40,14:20,15:20,15:10,15:38,15:39,15:40,01:00,00:29,DELAY,DELAY,DELAY,DELAY,,93,00:19,,,,,15:00,15:36,,,HAN,SGN,VCA,Domestic,VJ,,,,,,,,,,,,
,2026-07-05,VJ961/VJ946,A532,A321,ICN-HAN-KHH,13:35,14:45,13:35,14:45,14:10,14:49,14:50,14:55,01:10,00:40,DELAY,ONTIME,ONTIME,DELAY,,66,00:05,,,,,14:30,14:47,,CREW OB 1430L,HAN,ICN,KHH,International,VJ,,,,,,,,,,,,
,2026-07-05,VJ538/VJ565,A672,A320,DAD-HAN-HUI,14:15,14:45,14:15,14:45,15:15,15:49,15:50,15:59,00:30,00:35,DELAY,DELAY,DELAY,DELAY,,93,00:55,66,00:10,,,15:15,15:47,,,HAN,DAD,HUI,Domestic,VJ,,,,,,,,,,,,
,2026-07-05,VJ1504/VJ1505,A202,A321,DAD-HAN-DAD,14:15,14:50,14:15,15:50,15:45,16:14,16:15,16:30,01:35,00:30,DELAY,DELAY,DELAY,DELAY,,93,00:25,,,,,15:35,16:12,,,HAN,DAD,DAD,Domestic,VJ,,,,,,,,,,,,
,2026-07-05,VJ426/VJ145,A534,A321,PXU-HAN-SGN,14:05,14:55,14:05,14:55,14:00,14:53,14:55,14:57,00:50,00:55,ONTIME,ONTIME,ONTIME,ONTIME,,,,,,,,14:05,14:52,,,HAN,PXU,SGN,Domestic,VJ,,,,,,,,,,,,
,2026-07-05,VJ494/VJ423,A635,A321,BMV-HAN-PXU,14:30,15:05,14:30,15:05,15:05,15:34,15:35,15:42,00:35,00:30,DELAY,DELAY,DELAY,DELAY,,93,00:30,,,,,15:08,15:32,,,HAN,BMV,PXU,Domestic,VJ,,,,,,,,,,,,
,2026-07-05,VJ1774/VJ419,A525,A321,CXR-HAN-TBB,14:20,15:10,14:20,15:10,14:45,15:14,15:15,15:20,00:50,00:30,DELAY,ONTIME,ONTIME,DELAY,,93,00:05,,,,,14:40,14:12,,,HAN,CXR,TBB,Domestic,VJ,,,,,,,,,,,,
,2026-07-05,VJ510/VJ511,A632,A321,DAD-HAN-DAD,14:40,15:15,14:40,15:55,15:25,15:53,15:54,16:00,01:15,00:29,EARLY,ONTIME,DELAY,DELAY,,,,,,,,15:23,15:51,,,HAN,DAD,DAD,Domestic,VJ,,,,,,,,,,,,
,2026-07-05,VJ1981/VJ439,A663,A320,FSZ-HAN-UIH,14:00,15:40,14:00,15:40,14:00,15:38,15:40,15:43,01:40,01:40,ONTIME,ONTIME,ONTIME,ONTIME,,,,,,,,14:55,15:36,,,HAN,FSZ,UIH,Domestic,VJ,,,,,,,,,,,,
,2026-07-05,VJ138/VJ147,A689,A320,SGN-HAN-SGN,15:15,15:45,15:15,15:45,15:25,16:49,16:50,16:54,00:30,01:25,DELAY,DELAY,DELAY,ONTIME,,93,00:10,99,00:55,,,15:25,15:52,,DL99 OFFLOAD 3 PAX & 2BAG DUE TO PASSENGER'S MEDICAL CONDITION,HAN,SGN,SGN,Domestic,VJ,,,,,,,,,,,,
,2026-07-05,VJ436/VJ903,A662,A320,UIH-HAN-BKK,14:30,15:45,14:30,15:45,14:48,15:42,15:43,15:50,01:15,00:55,EARLY,ONTIME,ONTIME,DELAY,,,,,,,,15:07,15:40,,,HAN,UIH,BKK,International,VJ,,,,,,,,,,,,
,2026-07-05,VJ906/VJ1451,A673,A321,KUL-HAN-PQC,14:40,15:50,14:40,15:50,14:40,15:48,15:49,15:59,01:10,01:09,EARLY,ONTIME,ONTIME,ONTIME,,,,,,,,15:15,15:46,,,HAN,KUL,PQC,Domestic,VJ,,,,,,,,,,,,
,2026-07-05,VJ464/VJ567,A671,A320,VCA-HAN-HUI,15:10,15:55,15:10,15:55,15:20,15:54,15:55,16:10,00:45,00:35,ONTIME,ONTIME,ONTIME,ONTIME,,,,,,,,15:20,15:52,,,HAN,VCA,HUI,Domestic,VJ,,,,,,,,,,,,
,2026-07-05,VJ508/VJ773,A634,A321,DAD-HAN-CXR,15:30,16:05,15:30,16:30,16:05,16:34,16:35,16:58,01:00,00:30,DELAY,ONTIME,DELAY,DELAY,,93,00:05,,,,,16:05,16:32,,,HAN,DAD,CXR,Domestic,VJ,,,,,,,,,,,,
,2026-07-05,VJ902/VJ539,A633,A321,BKK-HAN-DAD,15:50,16:35,15:50,16:35,16:20,16:42,16:43,17:14,00:45,00:23,DELAY,ONTIME,DELAY,DELAY,,93,00:08,,,,,16:15,16:40,,LATE PB DUE TO ATC,HAN,BKK,DAD,Domestic,VJ,,,,,,,,,,,,
,2026-07-05,VJ140/VJ151,A544,A321,SGN-HAN-SGN,16:20,16:50,16:20,17:10,17:10,17:37,17:38,18:00,00:50,00:28,DELAY,DELAY,DELAY,DELAY,,93,00:28,,,,,17:00,17:35,,,HAN,SGN,SGN,Domestic,VJ,,,,,,,,,,,,
,2026-07-05,VJ452/VJ465,A578,A321,PQC-HAN-VCA,16:05,17:00,16:05,17:00,16:45,17:09,17:10,17:15,00:55,00:25,DELAY,ONTIME,ONTIME,DELAY,,93,00:10,,,,,16:35,17:07,,,HAN,PQC,VCA,Domestic,VJ,,,,,,,,,,,,
,2026-07-05,VJ454/VJ457,A655,A320,PQC-HAN-PQC,16:45,17:20,16:45,17:20,17:15,17:39,17:40,17:57,00:35,00:25,DELAY,DELAY,DELAY,DELAY,,93,00:20,,,,,17:10,17:37,,,HAN,PQC,PQC,Domestic,VJ,,,,,,,,,,,,
,2026-07-05,VJ953/VJ495,A676,A320,HIJ-HAN-BMV,16:10,17:30,16:10,17:30,16:30,17:49,17:50,18:10,01:20,01:20,DELAY,DELAY,DELAY,DELAY,,95,00:20,,,,,17:10,17:48,,PU FROM VJ530 OB 1730,HAN,HIJ,BMV,Domestic,VJ,,,,,,,,,,,,
,2026-07-05,VJ1454/VJ141,A641,A321,PQC-HAN-SGN,16:35,17:35,16:35,17:50,17:25,17:54,17:55,18:15,01:15,00:30,DELAY,ONTIME,DELAY,DELAY,,93,00:05,,,,,17:10,17:54,,,HAN,PQC,SGN,Domestic,VJ,,,,,,,,,,,,
,2026-07-05,VJ530/VJ1431,A636,A321,DAD-HAN-UIH,16:20,17:40,16:20,17:40,17:20,17:49,17:50,18:10,01:20,00:30,DELAY,ONTIME,DELAY,DELAY,,93,00:10,,,,,17:15,17:47,,,HAN,DAD,UIH,Domestic,VJ,,,,,,,,,,,,
,2026-07-05,VJ528/VJ153,A500,A321,DAD-HAN-SGN,17:25,18:05,17:25,18:05,17:30,18:04,18:05,18:15,00:40,00:35,ONTIME,ONTIME,ONTIME,ONTIME,,,,,,,,17:30,18:02,,,HAN,DAD,SGN,Domestic,VJ,,,,,,,,,,,,
,2026-07-05,VJ774/VJ517,A684,A321,CXR-HAN-DAD,17:30,18:05,17:30,18:05,18:20,18:49,18:50,19:00,00:35,00:30,DELAY,DELAY,DELAY,DELAY,,93,00:45,,,,,18:20,18:48,,,HAN,CXR,DAD,Domestic,VJ,,,,,,,,,,,,
,2026-07-05,VJ434/VJ781,A661,A321,UIH-HAN-CXR,17:10,18:20,17:10,18:20,17:15,18:14,18:15,18:27,01:10,01:00,EARLY,ONTIME,ONTIME,ONTIME,,,,,,,,17:35,18:12,,,HAN,UIH,CXR,Domestic,VJ,,,,,,,,,,,,
,2026-07-05,VJ916/VJ789,A685,A321,SIN-HAN-CXR,17:25,18:45,17:25,18:45,17:40,18:40,18:41,19:00,01:20,01:01,EARLY,ONTIME,ONTIME,ONTIME,,,,,,,,17:50,18:38,,,HAN,SIN,CXR,Domestic,VJ,,,,,,,,,,,,
,2026-07-05,VJ144/VJ155,A639,A321,SGN-HAN-SGN,18:15,18:55,18:15,20:10,19:55,20:19,20:20,20:55,01:55,00:25,DELAY,ONTIME,DELAY,DELAY,,93,00:10,,,,,19:55,20:17,,LATE PB DUE TO ATC,HAN,SGN,SGN,Domestic,VJ,,,,,,,,,,,,
,2026-07-05,VJ512/VJ521,A632,A321,DAD-HAN-DAD,18:30,19:05,18:30,20:05,19:38,20:04,20:05,20:29,01:35,00:27,ONTIME,ONTIME,DELAY,DELAY,,,,,,,,19:30,20:03,,LATE PB DUE TO ATC,HAN,DAD,DAD,Domestic,VJ,,,,,,,,,,,,
,2026-07-05,VJ566/VJ561,A672,A320,HUI-HAN-HUI,17:45,19:15,17:45,19:15,19:15,19:39,19:40,19:45,01:30,00:25,DELAY,DELAY,DELAY,DELAY,,93,00:25,,,,,19:10,19:37,,,HAN,HUI,HUI,Domestic,VJ,,,,,,,,,,,,
,2026-07-05,VJ144/VJ519,A639,A321,SGN-HAN-DAD,18:15,19:25,18:15,19:25,18:35,19:19,19:20,19:28,01:10,00:45,EARLY,ONTIME,ONTIME,DELAY,,,,,,,,18:40,19:17,,,HAN,SGN,DAD,Domestic,VJ,,,,,,,,,,,,
,2026-07-05,VJ424/VJ157,A635,A321,PXU-HAN-SGN,18:45,19:35,18:45,19:35,19:40,20:08,20:10,20:45,00:50,00:30,DELAY,DELAY,DELAY,DELAY,,93,00:35,,,,,19:40,20:08,,LATE PB DUE TO ATC,HAN,PXU,SGN,Domestic,VJ,,,,,,,,,,,,
,2026-07-05,VJ188/VJ193,A668,A320,SGN-HAN-SGN,19:00,19:35,19:00,19:55,20:10,20:39,20:40,21:14,00:55,00:30,DELAY,DELAY,DELAY,DELAY,,93,00:45,,,,,20:05,20:41,,LATE PB DUE TO ATC,HAN,SGN,SGN,Domestic,VJ,,,,,,,,,,,,
,2026-07-05,VJ928/VJ1925,A552,A321,CGK-HAN-AMD,18:15,19:45,18:15,19:45,18:50,19:41,19:42,19:45,01:30,00:52,EARLY,ONTIME,ONTIME,DELAY,,,,,,,,18:50,19:40,,,HAN,CGK,AMD,International,VJ,,,,,,,,,,,,
,2026-07-05,VJ442/VJ523,A522,A321,PQC-HAN-DAD,19:05,19:45,19:05,19:45,19:20,19:49,19:50,20:15,00:40,00:30,DELAY,ONTIME,DELAY,ONTIME,,93,00:05,,,,,19:10,19:45,,LATE PB DUE TO ATC,HAN,PQC,DAD,Domestic,VJ,,,,,,,,,,,,
,2026-07-05,VJ568/VJ7712,A671,A320,HUI-HAN-PKX,18:55,20:00,18:55,20:00,19:25,19:59,20:00,20:30,01:05,00:35,ONTIME,ONTIME,DELAY,DELAY,,,,,,,,19:40,19:58,,,HAN,HUI,PKX,International,VJ,,,,,,,,,,,,
,2026-07-05,VJ7614/VJ7614,A580,A321,CXR-HAN-BQS,19:15,20:00,19:15,20:00,19:30,20:22,20:23,20:37,00:45,00:53,DELAY,DELAY,DELAY,ONTIME,,99,00:23,,,,,,,X,CAPT REQ LATE DOOR CLOSE DUE TO ATC,HAN,CXR,BQS,International,VJ,,,,,,,,,,,,
,2026-07-05,VJ438/VJ1785,A663,A320,UIH-HAN-CXR,19:25,20:00,19:25,20:00,19:45,20:09,20:10,20:15,00:35,00:25,DELAY,ONTIME,ONTIME,DELAY,,93,00:10,,,,,19:40,20:07,,,HAN,UIH,CXR,Domestic,VJ,,,,,,,,,,,,
,2026-07-05,VJ931/VJ455,A674,A321,KIX-HAN-PQC,18:30,20:05,18:30,20:05,18:37,20:02,20:03,20:43,01:35,01:26,EARLY,ONTIME,DELAY,ONTIME,,,,,,,,19:25,20:00,,LATE PB DUE TO ATC,HAN,KIX,PQC,Domestic,VJ,,,,,,,,,,,,
,2026-07-05,VJ152/VJ159,A699,A320,SGN-HAN-SGN,19:20,20:10,19:20,20:10,19:40,20:09,20:10,20:55,00:50,00:30,ONTIME,ONTIME,DELAY,DELAY,,,,,,,,19:40,20:08,,LATE PB DUE TO ATC,HAN,SGN,SGN,Domestic,VJ,,,,,,,,,,,,
,2026-07-05,VJ540/VJ783,A633,A321,DAD-HAN-CXR,19:45,20:25,20:35,21:20,20:55,21:24,21:25,21:38,00:45,00:30,DELAY,ONTIME,DELAY,DELAY,,93,00:05,,,,,20:45,21:18,,,HAN,DAD,CXR,Domestic,VJ,,,,,,,,,,,,
,2026-07-05,VJ146/VJ161,A537,A321,SGN-HAN-SGN,20:20,20:55,20:35,21:10,21:05,21:34,21:35,22:05,00:35,00:30,DELAY,DELAY,DELAY,DELAY,,93,00:25,,,,,21:05,21:32,,LATE PB DUE TO ATC,HAN,SGN,SGN,Domestic,VJ,,,,,,,,,,,,
,2026-07-05,VJ904/VJ7238,A662,A320,BKK-HAN-PVG,20:25,21:15,20:25,21:30,20:50,21:29,21:30,22:00,01:05,00:40,ONTIME,ONTIME,DELAY,DELAY,,,,,,,,20:50,21:25,,LATE PB DUE TO ATC,HAN,BKK,PVG,International,VJ,,,,,,,,,,,,
,2026-07-05,VJ142/VJ527,A817,A330,SGN-HAN-DAD,15:55,21:25,15:55,21:25,17:00,21:24,21:25,21:50,05:30,04:25,ONTIME,ONTIME,DELAY,DELAY,,,,,,,,20:35,21:22,,LATE PB DUE TO ATC,HAN,SGN,DAD,Domestic,VJ,,,,,,,,,,,,
,2026-07-05,VJ935/VJ163,A524,A321,NRT-HAN-SGN,20:05,21:30,20:05,21:30,19:40,21:29,21:30,22:00,01:25,01:50,ONTIME,ONTIME,DELAY,ONTIME,,,,,,,,20:40,21:28,,LATE PB DUE TO ATC,HAN,NRT,SGN,Domestic,VJ,,,,,,,,,,,,
,2026-07-05,VJ943/VJ7526,A536,A321,TPE-HAN-CAN,20:55,22:30,20:55,22:45,22:00,22:42,22:43,22:45,01:50,00:43,EARLY,ONTIME,ONTIME,DELAY,,,,,,,,22:10,22:40,,,HAN,TPE,CAN,International,VJ,,,,,,,,,,,,
,2026-07-05,VJ456/VJ529,A647,A321,PQC-HAN-DAD,17:45,22:35,18:40,22:35,19:25,22:54,22:55,23:04,03:55,03:30,DELAY,DELAY,DELAY,DELAY,,95,00:20,,,,,22:08,22:52,,CREW FR VJ1432 OB 2227,HAN,PQC,DAD,Domestic,VJ,,,,,,,,,,,,
,2026-07-05,VJ1452/VJ962,A673,A321,PQC-HAN-ICN,20:35,23:15,20:35,23:15,20:50,23:12,23:13,23:15,02:40,02:23,EARLY,ONTIME,ONTIME,ONTIME,,,,,,,,22:25,23:10,,,HAN,PQC,ICN,International,VJ,,,,,,,,,,,,
,2026-07-05,VJ154/VJ167,A544,A321,SGN-HAN-SGN,20:55,23:15,22:35,1904-01-02,23:25,23:55,23:56,23:58,01:25,00:31,EARLY,ONTIME,DELAY,DELAY,,,,,,,,23:25,23:54,,,HAN,SGN,SGN,Domestic,VJ,,,,,,,,,,,,
,2026-07-05,VJ522/VJ169,A637,A321,DAD-HAN-SGN,22:40,23:25,22:40,23:25,23:00,23:58,23:59,00:03,00:45,00:59,DELAY,DELAY,DELAY,DELAY,,93,00:05,95,00:29,,,23:30,23:56,,CREW FR VJ154 OB 2333,HAN,DAD,SGN,Domestic,VJ,,,,,,,,,,,,
,2026-07-05,AI2390/AI2391,VT-TNR,A320,DEL-HAN-DEL,07:20,08:20,07:20,08:20,07:26,08:28,08:29,08:30,01:00,01:03,DELAY,ONTIME,ONTIME,ONTIME,,93,00:06,99,00:03,,,,,,WAIT CLC ISSUE LIR,HAN,DEL,DEL,International,AI,,,,,,,,,,,,
,2026-07-06,____/VJ932,A547,A321,HAN-NRT,,00:30,,00:30,,00:21,00:22,00:25,,,EARLY,ONTIME,ONTIME,,,,,,,,,23:35,00:20,,,HAN,HAN,NRT,International,VJ,,,,,,,,,,,,
,2026-07-06,____/VJ982,A684,A321,HAN-PUS,,01:05,,01:05,,00:49,00:50,00:55,,,EARLY,ONTIME,ONTIME,,,,,,,,,00:25,00:48,,,HAN,HAN,PUS,International,VJ,,,,,,,,,,,,
,2026-07-06,____/VJ938,A500,A321,HAN-KIX,,01:20,,01:20,,01:12,01:13,01:16,,,EARLY,ONTIME,ONTIME,,,,,,,,,00:30,01:10,,,HAN,HAN,KIX,International,VJ,,,,,,,,,,,,
,2026-07-06,____/VJ960,A661,A321,HAN-ICN,,01:40,,01:40,,01:27,01:28,01:30,,,EARLY,ONTIME,ONTIME,,,,,,,,,00:50,01:25,,,HAN,HAN,ICN,International,VJ,,,,,,,,,,,,
,2026-07-06,____/VJ920,A521,A321,HAN-NGO,,01:40,,01:40,,01:31,01:32,01:34,,,EARLY,ONTIME,ONTIME,,,,,,,,,00:50,01:30,,,HAN,HAN,NGO,International,VJ,,,,,,,,,,,,
,2026-07-06,____/VJ123,A655,A320,HAN-SGN,,05:30,,05:30,,05:24,05:25,05:30,,,EARLY,ONTIME,ONTIME,,,,,,,,,04:45,05:22,,,HAN,HAN,SGN,Domestic,VJ,,,,,,,,,,,,
,2026-07-06,____/VJ501,A632,A321,HAN-DAD,,05:40,,05:40,,05:31,05:32,05:37,,,EARLY,ONTIME,ONTIME,,,,,,,,,04:55,05:28,,,HAN,HAN,DAD,Domestic,VJ,,,,,,,,,,,,
,2026-07-06,____/VJ121,A578,A321,HAN-SGN,,06:00,,06:00,,05:54,05:55,06:00,,,EARLY,ONTIME,ONTIME,,,,,,,,,05:10,05:52,,,HAN,HAN,SGN,Domestic,VJ,,,,,,,,,,,,
,2026-07-06,____/VJ771,A676,A320,HAN-CXR,,06:00,,06:00,,05:54,05:55,06:00,,,EARLY,ONTIME,ONTIME,,,,,,,,,05:10,05:52,,,HAN,HAN,CXR,Domestic,VJ,,,,,,,,,,,,
,2026-07-06,____/VJ491,A634,A321,HAN-BMV,,06:00,,06:00,,05:54,05:55,06:05,,,EARLY,ONTIME,ONTIME,,,,,,,,,05:10,05:52,,,HAN,HAN,BMV,Domestic,VJ,,,,,,,,,,,,
,2026-07-06,____/VJ431,A672,A320,PKX-HAN-UIH,,06:05,,06:05,,05:59,06:00,06:10,,,EARLY,ONTIME,ONTIME,,,,,,,,,05:15,05:56,,,HAN,PKX,UIH,Domestic,VJ,,,,,,,,,,,,
,2026-07-06,____/VJ531,A657,A321,HAN-DAD,,06:30,,06:30,,06:24,06:25,06:33,,,EARLY,ONTIME,ONTIME,,,,,,,,,05:40,06:22,,,HAN,HAN,DAD,Domestic,VJ,,,,,,,,,,,,
,2026-07-06,____/VJ449,A685,A321,HAN-PQC,,06:30,,06:30,,06:21,06:22,06:25,,,EARLY,ONTIME,ONTIME,,,,,,,,,05:50,06:15,,,HAN,HAN,PQC,Domestic,VJ,,,,,,,,,,,,
,2026-07-06,____/VJ461,A699,A320,HAN-VCA,,06:45,,06:45,,06:39,06:40,06:45,,,EARLY,ONTIME,ONTIME,,,,,,,,,05:50,06:36,,,HAN,HAN,VCA,Domestic,VJ,,,,,,,,,,,,
,2026-07-06,____/VJ125,A663,A320,HAN-SGN,,07:00,,07:00,,06:54,06:55,07:00,,,EARLY,ONTIME,ONTIME,,,,,,,,,06:10,06:52,,,HAN,HAN,SGN,Domestic,VJ,,,,,,,,,,,,
,2026-07-06,____/VJ1771,A633,A321,HAN-CXR,,07:00,,07:00,,06:53,06:57,06:57,,,EARLY,ONTIME,ONTIME,,,,,,,,,06:10,06:50,,,HAN,HAN,CXR,Domestic,VJ,,,,,,,,,,,,
,2026-07-06,____/VJ421,A662,A320,HAN-PXU,,07:10,,07:10,,06:59,07:00,07:10,,,EARLY,ONTIME,ONTIME,,,,,,,,,06:25,06:57,,,HAN,HAN,PXU,Domestic,VJ,,,,,,,,,,,,
,2026-07-06,____/VJ197,A522,A321,HAN-SGN,,07:20,,07:20,,07:14,07:15,07:25,,,EARLY,ONTIME,ONTIME,,,,,,,,,06:30,07:12,,,HAN,HAN,SGN,Domestic,VJ,,,,,,,,,,,,
,2026-07-06,____/VJ535,A636,A321,HAN-DAD,,07:25,,07:25,,07:19,07:20,07:35,,,EARLY,ONTIME,ONTIME,,,,,,,,,06:50,07:18,,,HAN,HAN,DAD,Domestic,VJ,,,,,,,,,,,,
,2026-07-06,____/VJ905,A532,A321,HAN-KUL,,07:25,,07:25,,07:19,07:20,07:24,,,EARLY,ONTIME,ONTIME,,,,,,,,,06:30,07:17,,,HAN,HAN,KUL,International,VJ,,,,,,,,,,,,
,2026-07-06,VJ502/VJ503,A538,A321,DAD-HAN-DAD,07:00,07:30,07:00,07:30,06:55,07:22,07:23,07:27,00:30,00:28,EARLY,ONTIME,ONTIME,ONTIME,,,,,,,,06:55,07:20,,,HAN,DAD,DAD,Domestic,VJ,,,,,,,,,,,,
,2026-07-06,VJ7527/VJ934,A536,A321,CAN-HAN-NRT,03:05,07:55,03:05,07:55,04:06,07:48,07:50,07:55,04:50,03:44,EARLY,ONTIME,ONTIME,DELAY,,,,,,,,07:00,07:47,,,HAN,CAN,NRT,International,VJ,,,,,,,,,,,,
,2026-07-06,VJ120/VJ127,A656,A320,SGN-HAN-SGN,07:10,08:10,07:10,08:10,07:00,08:06,08:07,08:10,01:00,01:07,EARLY,ONTIME,ONTIME,ONTIME,,,,,,,,07:05,08:04,,,HAN,SGN,SGN,Domestic,VJ,,,,,,,,,,,,
,2026-07-06,____/VJ929,A525,A321,HAN-CGK,,08:40,,08:40,,08:33,08:35,08:36,,,EARLY,ONTIME,ONTIME,,,,,,,,,08:00,08:30,,,HAN,HAN,CGK,International,VJ,,,,,,,,,,,,
,2026-07-06,VJ124/VJ129,A542,A321,SGN-HAN-SGN,08:15,08:45,08:15,08:45,08:10,08:44,08:45,08:48,00:30,00:35,ONTIME,ONTIME,ONTIME,ONTIME,,,,,,,,08:10,08:40,,,HAN,SGN,SGN,Domestic,VJ,,,,,,,,,,,,
,2026-07-06,____/VJ447,A534,A321,HAN-PQC,,08:45,,08:45,,08:44,08:45,08:57,,,ONTIME,ONTIME,ONTIME,,,,,,,,,08:00,08:43,,,HAN,HAN,PQC,Domestic,VJ,,,,,,,,,,,,
,2026-07-06,VJ7615/VJ7615,A580,A321,BQS-HAN-CXR,08:20,08:50,08:20,08:50,08:50,09:13,09:14,09:20,00:30,00:24,DELAY,DELAY,DELAY,DELAY,,93,00:24,,,,,,,X,TECHSTOP,HAN,BQS,CXR,Domestic,VJ,,,,,,,,,,,,
,2026-07-06,____/VJ435,A671,A320,HAN-UIH,,08:50,,08:50,,08:48,08:49,08:53,,,EARLY,ONTIME,ONTIME,,,,,,,,,08:00,08:46,,,HAN,HAN,UIH,Domestic,VJ,,,,,,,,,,,,
,2026-07-06,____/VJ505,A635,A321,HAN-DAD,,09:05,,09:05,,08:59,09:00,09:05,,,EARLY,ONTIME,ONTIME,,,,,,,,,08:20,08:55,,,HAN,HAN,DAD,Domestic,VJ,,,,,,,,,,,,
,2026-07-06,VJ514/VJ563,A632,A321,DAD-HAN-HUI,08:50,09:20,08:50,09:20,09:00,09:23,09:25,09:28,00:30,00:25,DELAY,ONTIME,ONTIME,ONTIME,,93,00:05,,,,,09:00,09:20,,,HAN,DAD,HUI,Domestic,VJ,,,,,,,,,,,,
,2026-07-06,VJ963/VJ1773,A673,A321,ICN-HAN-CXR,08:55,10:00,08:55,10:00,08:45,09:59,10:00,10:01,01:05,01:15,ONTIME,ONTIME,ONTIME,ONTIME,,,,,,,,09:15,09:55,,,HAN,ICN,CXR,Domestic,VJ,,,,,,,,,,,,
,2026-07-06,VJ126/VJ131,A651,A321,SGN-HAN-SGN,09:40,10:10,09:40,10:10,09:40,10:09,10:10,10:13,00:30,00:30,ONTIME,ONTIME,ONTIME,ONTIME,,,,,,,,09:30,10:07,,,HAN,SGN,SGN,Domestic,VJ,,,,,,,,,,,,
,2026-07-06,VJ532/VJ425,A657,A321,DAD-HAN-PXU,09:45,10:20,09:45,10:20,10:00,10:19,10:20,10:26,00:35,00:20,ONTIME,ONTIME,ONTIME,ONTIME,,,,,,,,09:55,10:17,,,HAN,DAD,PXU,Domestic,VJ,,,,,,,,,,,,
,2026-07-06,VJ122/VJ463,A526,A321,SGN-HAN-VCA,09:05,10:20,09:05,10:20,09:00,10:19,10:20,10:25,01:15,01:20,ONTIME,ONTIME,ONTIME,ONTIME,,,,,,,,09:35,10:15,,,HAN,SGN,VCA,Domestic,VJ,,,,,,,,,,,,
,2026-07-06,VJ430/VJ437,A672,A320,UIH-HAN-UIH,09:50,10:25,09:50,10:25,10:15,10:34,10:35,10:50,00:35,00:20,DELAY,ONTIME,DELAY,DELAY,,93,00:10,,,,,10:05,10:33,,,HAN,UIH,UIH,Domestic,VJ,,,,,,,,,,,,
,2026-07-06,____/VJ997,A552,A321,HAN-DPS,,10:25,,10:25,,10:19,10:20,10:30,,,EARLY,ONTIME,ONTIME,,,,,,,,,09:35,10:17,,,HAN,HAN,DPS,International,VJ,,,,,,,,,,,,
,2026-07-06,VJ492/VJ493,A634,A321,BMV-HAN-BMV,10:00,10:30,10:00,10:50,10:15,10:44,10:45,10:55,00:50,00:30,EARLY,ONTIME,DELAY,ONTIME,,,,,,,,10:15,10:40,,,HAN,BMV,BMV,Domestic,VJ,,,,,,,,,,,,
,2026-07-06,VJ770/VJ537,A676,A320,CXR-HAN-DAD,10:10,11:05,10:10,11:05,10:35,11:09,11:10,11:15,00:55,00:35,DELAY,ONTIME,ONTIME,DELAY,,15A,00:05,,,,,10:35,11:01,,DL15A OFFLD 15PAX 4BAG,HAN,CXR,DAD,Domestic,VJ,,,,,,,,,,,,
,2026-07-06,____/VJ901,A641,A321,HAN-BKK,,11:10,,11:10,,11:05,11:06,11:25,,,EARLY,ONTIME,ONTIME,,,,,,,,,11:15,11:04,,,HAN,HAN,BKK,International,VJ,,,,,,,,,,,,
,2026-07-06,VJ536/VJ507,A636,A321,DAD-HAN-DAD,10:35,11:25,10:35,11:25,11:05,11:49,11:50,11:55,00:50,00:45,DELAY,DELAY,DELAY,DELAY,,93,00:10,41,00:15,,,11:10,11:33,,,HAN,DAD,DAD,Domestic,VJ,,,,,,,,,,,,
,2026-07-06,VJ524/VJ565,A535,A321,DAD-HAN-HUI,10:40,11:30,10:40,11:30,10:40,11:39,11:40,11:45,00:50,01:00,DELAY,ONTIME,ONTIME,ONTIME,,95,00:10,,,,,11:10,11:36,,CREW 536 OB1121L,HAN,DAD,HUI,Domestic,VJ,,,,,,,,,,,,
,2026-07-06,VJ130/VJ133,A578,A321,SGN-HAN-SGN,10:50,11:30,10:50,11:30,11:15,11:49,11:50,12:00,00:40,00:35,DELAY,DELAY,DELAY,DELAY,,93,00:15,66,00:05,,,11:20,11:47,,CREW OB 1122L,HAN,SGN,SGN,Domestic,VJ,,,,,,,,,,,,
,2026-07-06,VJ422/VJ451,A662,A320,PXU-HAN-PQC,10:50,11:45,10:50,11:45,10:55,11:44,11:45,11:55,00:55,00:50,ONTIME,ONTIME,ONTIME,ONTIME,,,,,,,,11:00,11:40,,,HAN,PXU,PQC,Domestic,VJ,,,,,,,,,,,,
,2026-07-06,VJ450/VJ775,A685,A321,PQC-HAN-CXR,11:15,11:45,11:15,11:45,11:15,11:51,11:52,12:00,00:30,00:37,DELAY,ONTIME,ONTIME,ONTIME,,89,00:07,,,,,11:10,11:50,,DL89 DUE TO VIP MOVEMENT,HAN,PQC,CXR,Domestic,VJ,,,,,,,,,,,,
,2026-07-06,VJ981/VJ1453,A684,A321,PUS-HAN-PQC,10:40,11:50,10:40,11:50,10:25,11:44,11:45,11:52,01:10,01:20,EARLY,ONTIME,ONTIME,ONTIME,,,,,,,,11:10,11:41,,,HAN,PUS,PQC,Domestic,VJ,,,,,,,,,,,,
,2026-07-06,VJ462/VJ515,A699,A320,VCA-HAN-DAD,11:40,12:10,11:40,12:10,11:45,12:14,12:15,12:40,00:30,00:30,DELAY,ONTIME,DELAY,ONTIME,,,,66,00:05,,,11:45,12:10,,CREW HN OB 1150L,HAN,VCA,DAD,Domestic,VJ,,,,,,,,,,,,
,2026-07-06,VJ128/VJ137,A663,A320,SGN-HAN-SGN,11:50,12:20,11:50,12:55,12:25,12:54,12:55,13:16,01:05,00:30,ONTIME,ONTIME,DELAY,DELAY,,,,,,,,12:20,12:52,,,HAN,SGN,SGN,Domestic,VJ,,,,,,,,,,,,
,2026-07-06,VJ1772/VJ453,A633,A321,CXR-HAN-PQC,11:15,13:00,11:15,13:00,11:45,12:59,13:00,13:15,01:45,01:15,ONTIME,ONTIME,ONTIME,DELAY,,,,,,,,12:10,12:57,,,HAN,CXR,PQC,Domestic,VJ,,,,,,,,,,,,
,2026-07-06,VJ432/VJ509,A671,A320,UIH-HAN-DAD,12:35,13:05,12:35,13:05,12:55,13:19,13:20,13:30,00:30,00:25,DELAY,ONTIME,DELAY,DELAY,,93,00:15,,,,,12:55,13:15,,,HAN,UIH,DAD,Domestic,VJ,,,,,,,,,,,,
,2026-07-06,VJ566/VJ787,A535,A321,HUI-HAN-CXR,14:30,13:10,14:30,15:05,15:00,15:39,15:40,15:50,00:35,00:40,DELAY,DELAY,DELAY,DELAY,,93,00:25,66,00:10,,,15:05,15:38,,CREW OB 1515L,HAN,HUI,CXR,Domestic,VJ,,,,,,,,,,,,
,2026-07-06,VJ198/VJ433,A202,A321,SGN-HAN-UIH,12:40,13:20,12:40,13:20,13:00,13:29,13:30,13:35,00:40,00:30,DELAY,ONTIME,ONTIME,DELAY,,93,00:10,,,,,12:50,13:27,,,HAN,SGN,UIH,Domestic,VJ,,,,,,,,,,,,
,2026-07-06,VJ939/VJ948,A500,A321,KIX-HAN-RMQ,12:20,13:30,12:20,13:30,13:05,13:33,13:35,13:55,01:10,00:30,DELAY,ONTIME,DELAY,DELAY,,93,00:05,,,,,13:15,13:31,,,HAN,KIX,RMQ,International,VJ,,,,,,,,,,,,
,2026-07-06,VJ504/VJ191,A635,A321,DAD-HAN-SGN,12:25,13:40,12:25,13:40,12:25,13:39,13:40,13:50,01:15,01:15,ONTIME,ONTIME,ONTIME,ONTIME,,,,,,,,12:55,13:35,,,HAN,DAD,SGN,Domestic,VJ,,,,,,,,,,,,
,2026-07-06,VJ564/VJ441,A632,A321,HUI-HAN-PQC,12:20,14:00,12:20,14:00,12:35,13:59,14:00,14:09,01:40,01:25,ONTIME,ONTIME,ONTIME,ONTIME,,,,,,,,13:10,13:57,,,HAN,HUI,PQC,Domestic,VJ,,,,,,,,,,,,
,2026-07-06,VJ440/VJ525,A534,A321,PQC-HAN-DAD,13:30,14:05,13:30,14:35,13:50,14:29,14:30,14:33,01:05,00:40,EARLY,ONTIME,DELAY,DELAY,,,,,,,,13:50,14:26,,,HAN,PQC,DAD,Domestic,VJ,,,,,,,,,,,,
,2026-07-06,VJ921/VJ942,A521,A321,NGO-HAN-TPE,12:50,14:25,12:50,14:25,13:00,14:24,14:25,14:30,01:35,01:25,ONTIME,ONTIME,ONTIME,ONTIME,,,,,,,,13:40,14:20,,,HAN,NGO,TPE,International,VJ,,,,,,,,,,,,
,2026-07-06,VJ1504/VJ1505,A648,A321,DAD-HAN-DAD,14:00,14:35,14:00,15:20,14:55,15:24,15:25,15:30,01:20,00:30,DELAY,ONTIME,DELAY,DELAY,,93,00:05,,,,,14:45,15:22,,,HAN,DAD,DAD,Domestic,VJ,,,,,,,,,,,,
,2026-07-06,VJ933/VJ946,A547,A321,NRT-HAN-KHH,13:05,14:35,13:05,14:35,13:30,14:33,14:34,14:43,01:30,01:04,EARLY,ONTIME,ONTIME,DELAY,,,,,,,,13:35,14:30,,,HAN,NRT,KHH,International,VJ,,,,,,,,,,,,
,2026-07-06,VJ134/VJ145,A656,A320,SGN-HAN-SGN,13:30,14:40,13:30,14:40,13:30,14:39,14:40,14:43,01:10,01:10,ONTIME,ONTIME,ONTIME,ONTIME,,,,,,,,13:55,14:35,,,HAN,SGN,SGN,Domestic,VJ,,,,,,,,,,,,
,2026-07-06,VJ426/VJ467,A657,A321,PXU-HAN-VCA,14:05,14:50,14:05,14:50,13:30,14:46,14:47,14:48,00:45,01:17,EARLY,ONTIME,ONTIME,ONTIME,,,,,,,,14:00,14:44,,,HAN,PXU,VCA,Domestic,VJ,,,,,,,,,,,,
,2026-07-06,VJ436/VJ143,A672,A320,UIH-HAN-SGN,14:10,14:50,14:10,15:25,14:50,15:24,15:25,15:35,01:15,00:35,ONTIME,ONTIME,DELAY,DELAY,,,,,,,,15:00,15:22,,,HAN,UIH,SGN,Domestic,VJ,,,,,,,,,,,,
,2026-07-06,VJ136/VJ423,A655,A320,SGN-HAN-PXU,14:10,15:05,14:10,15:05,14:20,15:04,15:05,15:08,00:55,00:45,ONTIME,ONTIME,ONTIME,ONTIME,,,,,,,,14:20,15:00,,,HAN,SGN,PXU,Domestic,VJ,,,,,,,,,,,,
,2026-07-06,VJ1774/VJ419,A673,A321,CXR-HAN-TBB,14:20,15:10,14:20,15:10,14:30,15:09,15:10,15:15,00:50,00:40,ONTIME,ONTIME,ONTIME,ONTIME,,,,,,,,14:30,15:06,,,HAN,CXR,TBB,Domestic,VJ,,,,,,,,,,,,
,2026-07-06,VJ510/VJ511,A636,A321,DAD-HAN-DAD,14:45,15:20,14:45,15:50,15:35,16:04,16:05,16:17,01:05,00:30,DELAY,ONTIME,DELAY,DELAY,,93,00:15,,,,,15:35,16:00,,,HAN,DAD,DAD,Domestic,VJ,,,,,,,,,,,,
,2026-07-06,VJ961/VJ439,A661,A321,ICN-HAN-UIH,13:35,15:40,13:35,15:40,14:10,15:39,15:40,15:44,02:05,01:30,ONTIME,ONTIME,ONTIME,DELAY,,,,,,,,14:55,15:37,,,HAN,ICN,UIH,Domestic,VJ,,,,,,,,,,,,
,2026-07-06,VJ138/VJ147,A669,A320,SGN-HAN-SGN,15:15,15:45,15:15,15:45,15:35,15:59,16:00,16:15,00:30,00:25,DELAY,ONTIME,DELAY,DELAY,,93,00:15,,,,,15:35,15:56,,,HAN,SGN,SGN,Domestic,VJ,,,,,,,,,,,,
,2026-07-06,VJ452/VJ903,A674,A321,PQC-HAN-BKK,14:35,15:45,14:35,15:45,14:35,15:38,15:39,15:45,01:10,01:04,EARLY,ONTIME,ONTIME,ONTIME,,,,,,,,,,,,HAN,PQC,BKK,International,VJ,,,,,,,,,,,,
,2026-07-06,VJ494/VJ567,A634,A321,BMV-HAN-HUI,14:30,15:55,14:30,15:55,15:00,15:54,15:55,16:02,01:25,00:55,ONTIME,ONTIME,ONTIME,DELAY,,,,,,,,15:05,15:52,,,HAN,BMV,HUI,Domestic,VJ,,,,,,,,,,,,
,2026-07-06,VJ508/VJ773,A699,A320,DAD-HAN-CXR,15:25,16:00,15:25,16:20,16:10,16:32,16:33,16:52,00:55,00:23,DELAY,ONTIME,DELAY,DELAY,,93,00:13,,,,,16:03,16:30,,,HAN,DAD,CXR,Domestic,VJ,,,,,,,,,,,,
,2026-07-06,VJ906/VJ913,A532,A321,KUL-HAN-SAI,14:40,16:20,14:40,16:20,14:45,16:16,16:17,16:27,01:40,01:32,EARLY,ONTIME,ONTIME,ONTIME,,,,,,,,15:35,16:13,,,HAN,KUL,SAI,International,VJ,,,,,,,,,,,,
,2026-07-06,VJ464/VJ539,A526,A321,VCA-HAN-DAD,15:10,16:20,15:10,16:20,15:40,16:19,16:20,16:29,01:10,00:40,ONTIME,ONTIME,ONTIME,DELAY,,,,,,,,15:40,16:17,,,HAN,VCA,DAD,Domestic,VJ,,,,,,,,,,,,
,2026-07-06,VJ538/VJ513,A676,A320,DAD-HAN-DAD,14:15,16:35,14:15,16:35,14:45,16:34,16:35,16:47,02:20,01:50,ONTIME,ONTIME,ONTIME,DELAY,,,,,,,,15:50,16:31,,,HAN,DAD,DAD,Domestic,VJ,,,,,,,,,,,,
,2026-07-06,VJ140/VJ151,A658,A320,SGN-HAN-SGN,16:20,16:50,16:20,16:50,16:30,16:54,16:55,17:05,00:30,00:25,DELAY,ONTIME,ONTIME,ONTIME,,93,00:05,,,,,16:30,16:50,,,HAN,SGN,SGN,Domestic,VJ,,,,,,,,,,,,
,2026-07-06,VJ772/VJ465,A685,A321,CXR-HAN-VCA,15:55,17:00,15:55,17:00,16:50,17:13,17:14,17:15,01:05,00:24,DELAY,ONTIME,ONTIME,DELAY,,93,00:14,,,,,16:45,17:12,,,HAN,CXR,VCA,Domestic,VJ,,,,,,,,,,,,
,2026-07-06,VJ454/VJ495,A662,A320,PQC-HAN-BMV,16:45,17:30,16:45,17:30,17:00,17:29,17:30,17:31,00:45,00:30,ONTIME,ONTIME,ONTIME,ONTIME,,,,,,,,16:50,17:27,,,HAN,PQC,BMV,Domestic,VJ,,,,,,,,,,,,
,2026-07-06,VJ902/VJ141,A641,A321,BKK-HAN-SGN,15:50,17:35,15:50,17:35,16:30,17:34,17:35,17:39,01:45,01:05,ONTIME,ONTIME,ONTIME,DELAY,,,,,,,,16:42,17:32,,,HAN,BKK,SGN,Domestic,VJ,,,,,,,,,,,,
,2026-07-06,VJ530/VJ1431,A671,A320,DAD-HAN-UIH,16:15,17:40,16:15,17:40,16:55,17:36,17:37,17:39,01:25,00:42,EARLY,ONTIME,ONTIME,DELAY,,,,,,,,16:50,17:35,,,HAN,DAD,UIH,Domestic,VJ,,,,,,,,,,,,
,2026-07-06,VJ774/VJ517,A549,A321,CXR-HAN-DAD,17:15,17:45,17:15,17:45,17:20,17:49,17:50,18:00,00:30,00:30,DELAY,ONTIME,ONTIME,ONTIME,,93,00:05,,,,,17:15,17:48,,,HAN,CXR,DAD,Domestic,VJ,,,,,,,,,,,,
,2026-07-06,VJ528/VJ153,A534,A321,DAD-HAN-SGN,17:25,18:05,17:25,18:25,18:10,18:39,18:40,18:49,01:00,00:30,DELAY,ONTIME,DELAY,DELAY,,93,00:15,,,,,18:00,18:37,,,HAN,DAD,SGN,Domestic,VJ,,,,,,,,,,,,
,2026-07-06,VJ456/VJ781,A633,A321,PQC-HAN-CXR,17:45,18:15,17:45,18:15,18:25,18:43,18:44,18:45,00:30,00:19,DELAY,DELAY,DELAY,DELAY,,93,00:29,,,,,18:25,18:41,,,HAN,PQC,CXR,Domestic,VJ,,,,,,,,,,,,
,2026-07-06,VJ148/VJ155,A544,A321,SGN-HAN-SGN,18:25,18:55,18:25,20:10,19:50,20:19,20:20,20:24,01:45,00:30,DELAY,ONTIME,DELAY,DELAY,,93,00:10,,,,,19:40,20:17,,,HAN,SGN,SGN,Domestic,VJ,,,,,,,,,,,,
,2026-07-06,VJ434/VJ789,A202,A321,UIH-HAN-CXR,17:10,18:55,17:10,18:55,17:30,18:52,18:53,18:56,01:45,01:23,EARLY,ONTIME,ONTIME,DELAY,,,,,,,,18:10,18:50,,,HAN,UIH,CXR,Domestic,VJ,,,,,,,,,,,,
,2026-07-06,VJ512/VJ521,A636,A321,DAD-HAN-DAD,18:35,19:10,18:35,20:20,19:52,20:19,20:20,20:24,01:45,00:28,ONTIME,ONTIME,DELAY,DELAY,,,,,,,,19:50,20:17,,,HAN,DAD,DAD,Domestic,VJ,,,,,,,,,,,,
,2026-07-06,VJ144/VJ519,A649,A321,SGN-HAN-DAD,18:05,19:25,18:05,19:25,18:20,19:23,19:25,19:28,01:20,01:05,ONTIME,ONTIME,ONTIME,ONTIME,,,,,,,,18:35,19:20,,,HAN,SGN,DAD,Domestic,VJ,,,,,,,,,,,,
,2026-07-06,VJ146/VJ157,A635,A321,SGN-HAN-SGN,18:55,19:30,18:55,20:00,19:40,20:05,20:06,20:12,01:05,00:26,DELAY,ONTIME,DELAY,DELAY,,93,00:06,,,,,19:35,20:04,,,HAN,SGN,SGN,Domestic,VJ,,,,,,,,,,,,
,2026-07-06,VJ568/VJ561,A634,A321,HUI-HAN-HUI,18:55,19:30,18:55,19:30,19:20,19:43,19:44,19:45,00:35,00:24,DELAY,ONTIME,ONTIME,DELAY,,93,00:14,,,,,19:10,19:42,,,HAN,HUI,HUI,Domestic,VJ,,,,,,,,,,,,
,2026-07-06,VJ442/VJ523,A632,A321,PQC-HAN-DAD,19:05,19:45,19:05,19:45,19:05,19:43,19:45,19:46,00:40,00:40,ONTIME,ONTIME,ONTIME,ONTIME,,,,,,,,19:05,19:41,,,HAN,PQC,DAD,Domestic,VJ,,,,,,,,,,,,
,2026-07-06,VJ424/VJ7712,A655,A320,PXU-HAN-PKX,18:45,19:55,18:45,19:55,18:50,19:44,19:45,19:50,01:10,00:55,EARLY,ONTIME,ONTIME,ONTIME,,,,,,,,19:15,19:42,,,HAN,PXU,PKX,International,VJ,,,,,,,,,,,,
,2026-07-06,VJ438/VJ1785,A661,A321,UIH-HAN-CXR,19:25,19:55,19:25,19:55,19:30,19:59,20:00,20:05,00:30,00:30,DELAY,ONTIME,ONTIME,ONTIME,,93,00:05,,,,,19:25,19:57,,,HAN,UIH,CXR,Domestic,VJ,,,,,,,,,,,,
,2026-07-06,VJ928/VJ907,A525,A321,CGK-HAN-BOM,18:15,20:05,18:15,20:05,18:40,19:59,20:00,20:03,01:50,01:20,EARLY,ONTIME,ONTIME,DELAY,,,,,,,,19:20,19:57,,,HAN,CGK,BOM,International,VJ,,,,,,,,,,,,
,2026-07-06,VJ1454/VJ455,A693,A321,PQC-HAN-PQC,16:35,20:05,16:35,20:05,17:05,20:04,20:05,20:12,03:30,03:00,ONTIME,ONTIME,ONTIME,DELAY,,,,,,,,19:15,20:02,,,HAN,PQC,PQC,Domestic,VJ,,,,,,,,,,,,
,2026-07-06,VJ420/VJ783,A673,A321,TBB-HAN-CXR,19:15,20:25,19:15,20:25,19:15,20:20,20:21,20:27,01:10,01:06,EARLY,ONTIME,ONTIME,ONTIME,,,,,,,,19:30,20:18,,,HAN,TBB,CXR,Domestic,VJ,,,,,,,,,,,,
,2026-07-06,VJ468/VJ159,A657,A321,VCA-HAN-SGN,19:50,20:20,19:50,20:35,19:50,20:30,20:32,20:35,00:45,00:42,EARLY,ONTIME,ONTIME,ONTIME,,,,,,,,19:50,20:28,,,HAN,VCA,SGN,Domestic,VJ,,,,,,,,,,,,
,2026-07-06,VJ152/VJ161,A672,A320,SGN-HAN-SGN,20:10,20:55,20:10,21:10,20:55,21:24,21:25,21:35,01:00,00:30,DELAY,ONTIME,DELAY,DELAY,,93,00:10,66,00:05,,,21:05,21:23,,CREW OB 2103L,HAN,SGN,SGN,Domestic,VJ,,,,,,,,,,,,
,2026-07-06,VJ194/VJ7238,A697,A321,SGN-HAN-PVG,19:00,21:15,19:00,21:15,19:10,20:59,21:00,21:20,02:15,01:50,EARLY,ONTIME,ONTIME,ONTIME,,,,,,,,20:20,20:58,,,HAN,SGN,PVG,International,VJ,,,,,,,,,,,,
,2026-07-06,VJ154/VJ163,A669,A320,SGN-HAN-SGN,20:55,21:25,20:55,22:00,21:50,22:14,22:15,22:18,01:05,00:25,DELAY,ONTIME,DELAY,DELAY,,93,00:15,,,,,21:45,22:12,,,HAN,SGN,SGN,Domestic,VJ,,,,,,,,,,,,
,2026-07-06,VJ520/VJ527,A551,A321,DAD-HAN-DAD,20:55,21:40,20:55,21:40,21:00,21:37,21:38,21:43,00:45,00:38,EARLY,ONTIME,ONTIME,ONTIME,,,,,,,,21:00,21:34,,,HAN,DAD,DAD,Domestic,VJ,,,,,,,,,,,,
,2026-07-06,VJ947/VJ7526,A547,A321,KHH-HAN-CAN,20:35,22:30,20:35,22:30,20:54,22:23,22:24,22:25,01:55,01:30,EARLY,ONTIME,ONTIME,DELAY,,,,,,,,21:40,22:21,,,HAN,KHH,CAN,International,VJ,,,,,,,,,,,,
,2026-07-06,____/VJ529,A814,A330,HAN-DAD,,22:35,,00:30,,00:29,00:30,00:33,,,ONTIME,ONTIME,DELAY,,,,,,,,,23:45,00:26,,,HAN,HAN,DAD,Domestic,VJ,,,,,,,,,,,,
,2026-07-06,VJ998/VJ167,A552,A321,DPS-HAN-SGN,21:35,22:45,21:35,22:45,21:35,22:42,22:43,22:50,01:10,01:08,EARLY,ONTIME,ONTIME,ONTIME,,,,,,,,22:07,22:40,,,HAN,DPS,SGN,Domestic,VJ,,,,,,,,,,,,
,2026-07-06,VJ914/VJ962,A532,A321,SAI-HAN-ICN,20:50,23:15,20:50,23:15,21:10,23:08,23:10,23:12,02:25,02:00,EARLY,ONTIME,ONTIME,DELAY,,,,,,,,22:30,23:02,,,HAN,SAI,ICN,International,VJ,,,,,,,,,,,,
,2026-07-06,VJ150/VJ169,A651,A321,SGN-HAN-SGN,22:30,23:25,22:30,23:25,22:30,23:21,23:22,23:23,00:55,00:52,EARLY,ONTIME,ONTIME,ONTIME,,,,,,,,22:30,23:18,,,HAN,SGN,SGN,Domestic,VJ,,,,,,,,,,,,
,2026-07-06,AI2390/AI2391,VT-TNV,A320,DEL-HAN-DEL,07:20,08:20,07:20,08:20,07:31,08:19,08:20,08:28,01:00,00:49,ONTIME,ONTIME,ONTIME,ONTIME,,,,,,,,,,,,HAN,DEL,DEL,International,AI,,,,,,,,,,,,
,2026-07-07,____/VJ932,A521,A321,HAN-NRT,,00:30,,00:30,,00:17,00:18,00:24,,,EARLY,ONTIME,ONTIME,,,,,,,,,23:40,00:15,,,HAN,HAN,NRT,International,VJ,,,,,,,,,,,,
,2026-07-07,____/VJ982,A698,A321,HAN-PUS,,01:05,,01:05,,00:59,01:00,01:01,,,EARLY,ONTIME,ONTIME,,,,,,,,,00:20,00:57,,,HAN,HAN,PUS,International,VJ,,,,,,,,,,,,
,2026-07-07,____/VJ938,A674,A321,HAN-KIX,,01:20,,01:20,,01:09,01:10,01:15,,,EARLY,ONTIME,ONTIME,,,,,,,,,00:30,01:07,,,HAN,HAN,KIX,International,VJ,,,,,,,,,,,,
,2026-07-07,____/VJ960,A500,A321,HAN-ICN,,01:40,,01:40,,01:32,01:33,01:36,,,EARLY,ONTIME,ONTIME,,,,,,,,,00:50,01:30,,,HAN,HAN,ICN,International,VJ,,,,,,,,,,,,
,2026-07-07,____/VJ958,A685,A321,HAN-FUK,,02:05,,02:05,,01:59,02:00,02:05,,,EARLY,ONTIME,ONTIME,,,,,,,,,01:20,01:45,,,HAN,HAN,FUK,International,VJ,,,,,,,,,,,,
,2026-07-07,____/VJ1980,A662,A320,HAN-FSZ,,02:40,,02:40,,02:29,02:30,02:32,,,EARLY,ONTIME,ONTIME,,,,,,,,,02:00,02:27,,,HAN,HAN,FSZ,International,VJ,,,,,,,,,,,,
,2026-07-07,____/VJ445,A536,A321,HAN-PQC,,05:30,,05:30,,05:24,05:25,05:33,,,EARLY,ONTIME,ONTIME,,,,,,,,,04:40,05:23,,,HAN,HAN,PQC,Domestic,VJ,,,,,,,,,,,,
,2026-07-07,____/VJ501,A632,A321,HAN-DAD,,05:40,,05:40,,05:34,05:35,05:45,,,EARLY,ONTIME,ONTIME,,,,,,,,,04:50,05:33,,,HAN,HAN,DAD,Domestic,VJ,,,,,,,,,,,,
,2026-07-07,____/VJ771,A661,A321,HAN-CXR,,05:45,,05:45,,05:39,05:40,05:49,,,EARLY,ONTIME,ONTIME,,,,,,,,,04:55,05:38,,,HAN,HAN,CXR,Domestic,VJ,,,,,,,,,,,,
,2026-07-07,____/VJ1775,A634,A321,HAN-CXR,,05:45,,05:45,,05:35,05:36,05:49,,,EARLY,ONTIME,ONTIME,,,,,,,,,04:55,05:33,,,HAN,HAN,CXR,Domestic,VJ,,,,,,,,,,,,
,2026-07-07,____/VJ121,A699,A320,HAN-SGN,,06:00,,06:00,,05:54,05:55,06:03,,,EARLY,ONTIME,ONTIME,,,,,,,,,05:15,05:52,,,HAN,HAN,SGN,Domestic,VJ,,,,,,,,,,,,
,2026-07-07,____/VJ491,A534,A321,HAN-BMV,,06:00,,06:00,,05:54,05:55,06:08,,,EARLY,ONTIME,ONTIME,,,,,,,,,05:10,05:52,,,HAN,HAN,BMV,Domestic,VJ,,,,,,,,,,,,
,2026-07-07,____/VJ431,A633,A321,HAN-UIH,,06:05,,06:05,,05:53,05:54,06:00,,,EARLY,ONTIME,ONTIME,,,,,,,,,05:15,05:51,,,HAN,HAN,UIH,Domestic,VJ,,,,,,,,,,,,
,2026-07-07,VJ7713/VJ952,A655,A320,PKX-HAN-HIJ,03:55,06:15,03:55,06:15,04:09,06:08,06:09,06:15,02:20,02:00,EARLY,ONTIME,ONTIME,ONTIME,,,,,,,,05:25,06:05,,,HAN,PKX,HIJ,International,VJ,,,,,,,,,,,,
,2026-07-07,____/VJ531,A550,A321,HAN-DAD,,06:30,,06:30,,06:24,06:25,06:33,,,EARLY,ONTIME,ONTIME,,,,,,,,,05:45,06:22,,,HAN,HAN,DAD,Domestic,VJ,,,,,,,,,,,,
,2026-07-07,____/VJ461,A649,A321,HAN-VCA,,06:45,,06:45,,06:39,06:40,06:48,,,EARLY,ONTIME,ONTIME,,,,,,,,,05:45,06:37,,,HAN,HAN,VCA,Domestic,VJ,,,,,,,,,,,,
,2026-07-07,____/VJ1771,A554,A321,HAN-CXR,,07:00,,07:00,,06:54,06:55,07:24,,,EARLY,ONTIME,DELAY,,,,,,,,,06:15,06:52,,LATE PUSHBACK DUE TO ATC,HAN,HAN,CXR,Domestic,VJ,,,,,,,,,,,,
,2026-07-07,____/VJ125,A673,A321,HAN-SGN,,07:00,,07:00,,06:54,06:55,07:12,,,EARLY,ONTIME,ONTIME,,,,,,,,,06:15,06:52,,,HAN,HAN,SGN,Domestic,VJ,,,,,,,,,,,,
,2026-07-07,____/VJ421,A657,A321,HAN-PXU,,07:10,,07:10,,07:04,07:05,07:20,,,EARLY,ONTIME,ONTIME,,,,,,,,,06:30,07:02,,,HAN,HAN,PXU,Domestic,VJ,,,,,,,,,,,,
,2026-07-07,____/VJ197,A202,A321,HAN-SGN,,07:20,,07:20,,07:14,07:15,07:27,,,EARLY,ONTIME,ONTIME,,,,,,,,,06:40,07:12,,,HAN,HAN,SGN,Domestic,VJ,,,,,,,,,,,,
,2026-07-07,VJ502/VJ503,A538,A321,DAD-HAN-DAD,07:00,07:35,07:00,07:35,06:50,07:26,07:28,07:30,00:35,00:38,EARLY,ONTIME,ONTIME,ONTIME,,,,,,,,06:52,07:24,,,HAN,DAD,DAD,Domestic,VJ,,,,,,,,,,,,
,2026-07-07,____/VJ930,A697,A321,HAN-KIX,,07:55,,07:55,,07:46,07:47,07:50,,,EARLY,ONTIME,ONTIME,,,,,,,,,07:05,07:38,,,HAN,HAN,KIX,International,VJ,,,,,,,,,,,,
,2026-07-07,VJ120/VJ127,A672,A320,SGN-HAN-SGN,07:10,08:10,07:10,08:10,07:00,08:04,08:05,08:09,01:00,01:05,EARLY,ONTIME,ONTIME,ONTIME,,,,,,,,07:10,08:00,,,HAN,SGN,SGN,Domestic,VJ,,,,,,,,,,,,
,2026-07-07,____/VJ929,A547,A321,HAN-CGK,,08:40,,08:40,,08:34,08:35,08:38,,,EARLY,ONTIME,ONTIME,,,,,,,,,07:50,08:32,,,HAN,HAN,CGK,International,VJ,,,,,,,,,,,,
,2026-07-07,____/VJ447,A542,A321,HAN-PQC,,08:45,,08:45,,08:55,08:56,08:58,,,DELAY,ONTIME,ONTIME,,,15A,00:11,,,,,08:00,08:42,,OFF 13 PAX AND 05 BAGS,HAN,HAN,PQC,Domestic,VJ,,,,,,,,,,,,
,2026-07-07,VJ124/VJ129,A651,A321,SGN-HAN-SGN,08:15,08:50,08:15,08:50,08:15,08:44,08:45,08:55,00:35,00:30,EARLY,ONTIME,ONTIME,ONTIME,,,,,,,,08:15,08:41,,,HAN,SGN,SGN,Domestic,VJ,,,,,,,,,,,,
,2026-07-07,VJ504/VJ435,A648,A321,DAD-HAN-UIH,14:10,08:55,14:10,08:55,08:35,08:59,09:00,09:05,18:45,00:25,DELAY,ONTIME,ONTIME,ONTIME,,93,00:05,,,,,08:30,08:57,,,HAN,DAD,UIH,Domestic,VJ,,,,,,,,,,,,
,2026-07-07,VJ514/VJ563,A632,A321,DAD-HAN-HUI,08:55,09:30,08:55,09:50,09:25,09:54,09:55,10:00,00:55,00:30,DELAY,ONTIME,DELAY,DELAY,,93,00:05,,,,,09:25,09:50,,,HAN,DAD,HUI,Domestic,VJ,,,,,,,,,,,,
,2026-07-07,____/VJ915,A526,A321,HAN-SIN,,09:35,,09:35,,09:34,09:35,09:37,,,ONTIME,ONTIME,ONTIME,,,,,,,,,08:45,09:30,,,HAN,HAN,SIN,International,VJ,,,,,,,,,,,,
,2026-07-07,____/VJ1773,A549,A321,HAN-CXR,,10:00,,10:00,,09:58,10:00,10:01,,,ONTIME,ONTIME,ONTIME,,,,,,,,,09:10,09:56,,,HAN,HAN,CXR,Domestic,VJ,,,,,,,,,,,,
,2026-07-07,VJ963/VJ135,A532,A321,ICN-HAN-SGN,08:55,10:10,08:55,10:10,09:05,10:09,10:10,10:17,01:15,01:05,ONTIME,ONTIME,ONTIME,ONTIME,,,,,,,,09:20,10:05,,,HAN,ICN,SGN,Domestic,VJ,,,,,,,,,,,,
,2026-07-07,VJ430/VJ425,A633,A321,UIH-HAN-PXU,09:50,10:20,09:50,10:20,09:30,10:19,10:20,10:26,00:30,00:50,ONTIME,ONTIME,ONTIME,ONTIME,,,,,,,,09:40,10:17,,,HAN,UIH,PXU,Domestic,VJ,,,,,,,,,,,,
,2026-07-07,VJ122/VJ463,A667,A321,SGN-HAN-VCA,09:05,10:20,09:05,10:20,09:05,10:16,10:17,10:18,01:15,01:12,EARLY,ONTIME,ONTIME,ONTIME,,,,,,,,09:45,10:13,,,HAN,SGN,VCA,Domestic,VJ,,,,,,,,,,,,
,2026-07-07,VJ910/VJ997,A525,A321,BOM-HAN-DPS,07:10,10:25,07:10,10:25,07:08,10:21,10:22,10:30,03:15,03:14,EARLY,ONTIME,ONTIME,ONTIME,,,,,,,,09:40,10:15,,,HAN,BOM,DPS,International,VJ,,,,,,,,,,,,
,2026-07-07,VJ1124/VJ437,A656,A320,SGN-HAN-UIH,09:40,10:25,09:40,10:25,09:45,10:20,10:21,10:25,00:45,00:36,EARLY,ONTIME,ONTIME,ONTIME,,,,,,,,09:45,10:18,,,HAN,SGN,UIH,Domestic,VJ,,,,,,,,,,,,
,2026-07-07,VJ1776/VJ565,A634,A321,CXR-HAN-HUI,10:00,10:35,10:00,10:35,10:40,10:59,11:00,11:05,00:35,00:20,DELAY,DELAY,DELAY,DELAY,,93,00:25,,,,,10:35,10:57,,,HAN,CXR,HUI,Domestic,VJ,,,,,,,,,,,,
,2026-07-07,VJ492/VJ493,A534,A321,BMV-HAN-BMV,10:05,10:40,10:05,10:40,10:15,10:44,10:45,10:55,00:35,00:30,DELAY,ONTIME,ONTIME,ONTIME,,93,00:05,,,,,10:10,10:40,,,HAN,BMV,BMV,Domestic,VJ,,,,,,,,,,,,
,2026-07-07,VJ448/VJ901,A536,A321,PQC-HAN-BKK,10:15,11:15,10:15,11:15,10:30,11:12,11:14,11:15,01:00,00:44,EARLY,ONTIME,ONTIME,ONTIME,,,,,,,,10:40,11:10,,,HAN,PQC,BKK,International,VJ,,,,,,,,,,,,
,2026-07-07,VJ532/VJ537,A550,A321,DAD-HAN-DAD,09:45,11:20,09:45,11:20,10:05,11:13,11:14,11:20,01:35,01:09,EARLY,ONTIME,ONTIME,DELAY,,,,,,,,10:35,11:12,,,HAN,DAD,DAD,Domestic,VJ,,,,,,,,,,,,
,2026-07-07,VJ524/VJ507,A538,A321,DAD-HAN-DAD,10:50,11:25,10:50,11:25,11:00,11:29,11:30,11:34,00:35,00:30,DELAY,ONTIME,ONTIME,ONTIME,,93,00:05,,,,,11:00,11:26,,,HAN,DAD,DAD,Domestic,VJ,,,,,,,,,,,,
,2026-07-07,VJ190/VJ195,A635,A321,SGN-HAN-SGN,10:25,11:25,10:25,11:25,10:40,11:24,11:25,11:27,01:00,00:45,ONTIME,ONTIME,ONTIME,ONTIME,,,,,,,,10:40,11:22,,,HAN,SGN,SGN,Domestic,VJ,,,,,,,,,,,,
,2026-07-07,VJ770/VJ451,A661,A321,CXR-HAN-PQC,10:00,11:45,10:00,11:45,10:25,11:36,11:37,11:45,01:45,01:12,EARLY,ONTIME,ONTIME,DELAY,,,,,,,,10:52,11:33,,,HAN,CXR,PQC,Domestic,VJ,,,,,,,,,,,,
,2026-07-07,VJ1772/VJ1453,A554,A321,CXR-HAN-PQC,11:15,11:50,11:15,12:05,11:52,12:14,12:15,12:20,00:50,00:23,DELAY,ONTIME,DELAY,DELAY,,93,00:10,,,,,11:50,12:11,,,HAN,CXR,PQC,Domestic,VJ,,,,,,,,,,,,
,2026-07-07,VJ422/VJ515,A657,A321,PXU-HAN-DAD,10:55,12:10,10:55,12:10,10:40,11:56,11:57,12:00,01:15,01:17,EARLY,ONTIME,ONTIME,ONTIME,,,,,,,,11:15,11:54,,,HAN,PXU,DAD,Domestic,VJ,,,,,,,,,,,,
,2026-07-07,VJ462/VJ453,A649,A321,VCA-HAN-PQC,11:40,13:00,11:40,13:00,11:50,12:54,12:55,12:56,01:20,01:05,EARLY,ONTIME,ONTIME,ONTIME,,,,,,,,12:15,12:52,,,HAN,VCA,PQC,Domestic,VJ,,,,,,,,,,,,
,2026-07-07,VJ981/VJ509,A698,A321,PUS-HAN-DAD,10:40,13:05,10:40,13:05,10:07,12:58,12:59,13:00,02:25,02:52,EARLY,ONTIME,ONTIME,ONTIME,,,,,,,,12:20,12:55,,,HAN,PUS,DAD,Domestic,VJ,,,,,,,,,,,,
,2026-07-07,VJ564/VJ787,A632,A321,HUI-HAN-CXR,12:35,13:15,13:00,14:00,13:25,13:59,14:00,14:01,01:00,00:35,ONTIME,ONTIME,DELAY,DELAY,,,,,,,,13:25,13:57,,,HAN,HUI,CXR,Domestic,VJ,,,,,,,,,,,,
,2026-07-07,VJ961/VJ433,A500,A321,ICN-HAN-UIH,13:35,13:20,13:35,14:00,13:15,13:44,13:45,13:50,00:25,00:30,EARLY,ONTIME,DELAY,ONTIME,,,,,,,,13:10,13:41,,,HAN,ICN,UIH,Domestic,VJ,,,,,,,,,,,,
,2026-07-07,VJ959/VJ948,A685,A321,FUK-HAN-RMQ,11:45,13:30,11:45,13:30,11:45,13:29,13:30,13:37,01:45,01:45,ONTIME,ONTIME,ONTIME,ONTIME,,,,,,,,12:45,13:25,,,HAN,FUK,RMQ,International,VJ,,,,,,,,,,,,
,2026-07-07,VJ1981/VJ7316,A662,A320,FSZ-HAN-ENH,14:00,14:00,14:00,14:50,14:05,14:42,14:43,14:55,00:50,00:38,EARLY,ONTIME,DELAY,ONTIME,,,,,,,,14:10,14:40,,,HAN,FSZ,ENH,International,VJ,,,,,,,,,,,,
,2026-07-07,VJ440/VJ525,A542,A321,PQC-HAN-DAD,13:30,14:05,13:30,14:15,13:45,14:14,14:15,14:18,00:45,00:30,ONTIME,ONTIME,ONTIME,ONTIME,,,,,,,,13:45,14:11,,,HAN,PQC,DAD,Domestic,VJ,,,,,,,,,,,,
,2026-07-07,VJ134/VJ191,A552,A321,SGN-HAN-SGN,13:30,14:05,13:30,14:25,13:58,14:37,14:38,14:48,00:55,00:40,DELAY,ONTIME,DELAY,DELAY,,93,00:03,66,00:10,,,14:00,14:35,,,HAN,SGN,SGN,Domestic,VJ,,,,,,,,,,,,
,2026-07-07,VJ198/VJ143,A202,A321,SGN-HAN-SGN,12:40,14:05,12:40,14:05,12:40,14:04,14:05,14:15,01:25,01:25,ONTIME,ONTIME,ONTIME,ONTIME,,,,,,,,13:20,14:01,,,HAN,SGN,SGN,Domestic,VJ,,,,,,,,,,,,
,2026-07-07,VJ566/VJ441,A634,A321,HUI-HAN-PQC,13:40,14:15,13:40,14:15,14:10,14:36,14:37,14:40,00:35,00:27,DELAY,DELAY,DELAY,DELAY,,93,00:22,,,,,14:00,14:33,,,HAN,HUI,PQC,Domestic,VJ,,,,,,,,,,,,
,2026-07-07,VJ939/VJ942,A674,A321,KIX-HAN-TPE,12:20,14:25,12:20,14:25,12:10,14:24,14:25,14:27,02:05,02:15,ONTIME,ONTIME,ONTIME,ONTIME,,,,,,,,13:30,14:21,,,HAN,KIX,TPE,International,VJ,,,,,,,,,,,,
,2026-07-07,VJ933/VJ467,A521,A321,NRT-HAN-VCA,13:05,14:30,13:05,14:30,13:05,14:29,14:30,14:37,01:25,01:25,ONTIME,ONTIME,ONTIME,ONTIME,,,,,,,,13:45,14:25,,,HAN,NRT,VCA,Domestic,VJ,,,,,,,,,,,,
,2026-07-07,VJ432/VJ946,A648,A321,UIH-HAN-KHH,12:45,14:35,12:45,14:35,13:00,14:32,14:35,14:35,01:50,01:35,ONTIME,ONTIME,ONTIME,ONTIME,,,,,,,,13:45,14:30,,,HAN,UIH,KHH,International,VJ,,,,,,,,,,,,
,2026-07-07,VJ426/VJ145,A633,A321,PXU-HAN-SGN,14:05,14:40,14:05,14:40,14:15,14:44,14:45,14:55,00:35,00:30,DELAY,ONTIME,ONTIME,ONTIME,,93,00:05,,,,,14:07,14:42,,,HAN,PXU,SGN,Domestic,VJ,,,,,,,,,,,,
,2026-07-07,VJ1504/VJ1505,A676,A320,DAD-HAN-DAD,14:10,14:45,14:10,14:45,14:15,14:45,14:45,14:50,00:35,00:30,ONTIME,ONTIME,ONTIME,ONTIME,,,,,,,,14:15,14:40,,,HAN,DAD,DAD,Domestic,VJ,,,,,,,,,,,,
,2026-07-07,VJ136/VJ423,A699,A320,SGN-HAN-PXU,14:10,15:05,14:10,15:05,14:50,15:14,15:15,15:19,00:55,00:25,DELAY,ONTIME,ONTIME,DELAY,,93,00:10,,,,,14:40,15:12,,,HAN,SGN,PXU,Domestic,VJ,,,,,,,,,,,,
,2026-07-07,VJ510/VJ1451,A546,A321,DAD-HAN-PQC,14:35,15:05,14:35,16:00,15:40,16:04,16:05,16:14,01:25,00:25,DELAY,ONTIME,DELAY,DELAY,,,,,,,,15:30,16:00,,,HAN,DAD,PQC,Domestic,VJ,,,,,,,,,,,,
,2026-07-07,VJ538/VJ511,A550,A321,DAD-HAN-DAD,14:30,15:05,14:30,15:05,14:30,15:04,15:05,15:10,00:35,00:35,ONTIME,ONTIME,ONTIME,ONTIME,,,,,,,,14:40,15:00,,,HAN,DAD,DAD,Domestic,VJ,,,,,,,,,,,,
,2026-07-07,VJ1774/VJ419,A201,A321,CXR-HAN-TBB,14:25,15:10,14:25,15:10,14:55,15:20,15:21,15:22,00:45,00:26,DELAY,ONTIME,ONTIME,DELAY,,93,00:11,,,,,14:40,15:19,,,HAN,CXR,TBB,Domestic,VJ,,,,,,,,,,,,
,2026-07-07,VJ138/VJ147,A663,A320,SGN-HAN-SGN,15:15,15:45,15:15,15:45,15:20,15:44,15:45,15:50,00:30,00:25,ONTIME,ONTIME,ONTIME,ONTIME,,,,,,,,15:15,15:42,,,HAN,SGN,SGN,Domestic,VJ,,,,,,,,,,,,
,2026-07-07,VJ436/VJ903,A656,A320,UIH-HAN-BKK,14:15,15:45,14:15,15:45,14:10,15:40,15:41,15:45,01:30,01:31,EARLY,ONTIME,ONTIME,ONTIME,,,,,,,,15:00,15:37,,,HAN,UIH,BKK,International,VJ,,,,,,,,,,,,
,2026-07-07,VJ464/VJ439,A667,A321,VCA-HAN-UIH,15:15,15:50,15:15,15:50,15:25,15:49,15:50,15:57,00:35,00:25,ONTIME,ONTIME,ONTIME,ONTIME,,,,,,,,15:25,15:46,,,HAN,VCA,UIH,Domestic,VJ,,,,,,,,,,,,
,2026-07-07,VJ508/VJ567,A657,A321,DAD-HAN-HUI,15:25,16:00,15:25,16:00,15:35,16:04,16:05,16:10,00:35,00:30,DELAY,ONTIME,ONTIME,ONTIME,,93,00:05,,,,,15:35,16:01,,,HAN,DAD,HUI,Domestic,VJ,,,,,,,,,,,,
,2026-07-07,VJ142/VJ539,A539,A321,SGN-HAN-DAD,15:30,16:20,15:30,16:20,15:45,16:18,16:19,16:28,00:50,00:34,EARLY,ONTIME,ONTIME,ONTIME,,,,,,,,15:40,16:15,,,HAN,SGN,DAD,Domestic,VJ,,,,,,,,,,,,
,2026-07-07,VJ5068/VJ5068,A549,A321,CXR-HAN-NOZ,16:20,16:55,16:20,16:55,16:30,16:59,17:00,17:05,00:35,00:30,DELAY,ONTIME,ONTIME,ONTIME,,93,00:05,,,,,,,X,,HAN,CXR,NOZ,International,VJ,,,,,,,,,,,,
,2026-07-07,VJ902/VJ193,A536,A321,BKK-HAN-SGN,15:55,16:55,15:55,16:55,16:10,16:49,16:50,16:55,01:00,00:40,EARLY,ONTIME,ONTIME,ONTIME,,,,,,,,16:15,16:46,,,HAN,BKK,SGN,Domestic,VJ,,,,,,,,,,,,
,2026-07-07,VJ953/VJ1125,A655,A320,HIJ-HAN-SGN,16:10,17:10,16:10,17:10,16:15,17:06,17:08,17:10,01:00,00:53,EARLY,ONTIME,ONTIME,ONTIME,,,,,,,,16:25,17:03,,,HAN,HIJ,SGN,Domestic,VJ,,,,,,,,,,,,
,2026-07-07,VJ530/VJ465,A698,A321,DAD-HAN-VCA,16:20,17:10,16:20,17:10,16:25,17:07,17:08,17:11,00:50,00:43,EARLY,ONTIME,ONTIME,ONTIME,,,,,,,,16:25,17:05,,,HAN,DAD,VCA,Domestic,VJ,,,,,,,,,,,,
,2026-07-07,VJ454/VJ457,A661,A321,PQC-HAN-PQC,16:45,17:20,16:45,17:20,16:45,17:14,17:15,17:18,00:35,00:30,EARLY,ONTIME,ONTIME,ONTIME,,,,,,,,16:45,17:11,,,HAN,PQC,PQC,Domestic,VJ,,,,,,,,,,,,
,2026-07-07,VJ1454/VJ495,A554,A321,PQC-HAN-BMV,16:35,17:30,16:35,17:30,16:55,17:29,17:30,17:40,00:55,00:35,ONTIME,ONTIME,ONTIME,DELAY,,,,,,,,16:55,17:27,,,HAN,PQC,BMV,Domestic,VJ,,,,,,,,,,,,
,2026-07-07,VJ192/VJ141,A630,A321,HAN-SGN,23:10,17:35,23:10,17:35,17:10,17:39,17:40,17:45,18:25,00:30,DELAY,ONTIME,ONTIME,ONTIME,,93,00:05,,,,,17:20,17:36,,,HAN,HAN,SGN,Domestic,VJ,,,,,,,,,,,,
,2026-07-07,VJ774/VJ517,A632,A321,CXR-HAN-DAD,17:25,18:00,18:10,18:45,18:30,18:59,18:59,19:00,00:35,00:29,DELAY,ONTIME,DELAY,DELAY,,93,00:15,,,,,18:30,18:57,,,HAN,CXR,DAD,Domestic,VJ,,,,,,,,,,,,
,2026-07-07,VJ140/VJ151,A529,A321,SGN-HAN-SGN,17:30,18:05,17:30,18:05,17:35,18:09,18:10,18:20,00:35,00:35,DELAY,ONTIME,ONTIME,ONTIME,,63A,00:05,,,,,17:30,18:00,,CAPT GD SHOW UP LATE OB 1809,HAN,SGN,SGN,Domestic,VJ,,,,,,,,,,,,
,2026-07-07,VJ456/VJ781,A649,A321,PQC-HAN-CXR,17:45,18:20,17:45,18:20,17:40,18:19,18:20,18:27,00:35,00:40,ONTIME,ONTIME,ONTIME,ONTIME,,,,,,,,17:40,18:18,,,HAN,PQC,CXR,Domestic,VJ,,,,,,,,,,,,
,2026-07-07,VJ434/VJ789,A648,A321,UIH-HAN-CXR,17:10,18:45,17:50,18:45,17:15,18:41,18:42,18:44,00:55,01:27,EARLY,ONTIME,ONTIME,ONTIME,,,,,,,,17:45,18:37,,,HAN,UIH,CXR,Domestic,VJ,,,,,,,,,,,,
,2026-07-07,VJ512/VJ521,A550,A321,DAD-HAN-DAD,18:20,18:55,18:20,18:55,18:45,19:13,19:14,19:17,00:35,00:29,DELAY,DELAY,DELAY,DELAY,,93,00:19,,,,,18:45,19:10,,,HAN,DAD,DAD,Domestic,VJ,,,,,,,,,,,,
,2026-07-07,VJ424/VJ155,A699,A320,PXU-HAN-SGN,18:45,19:20,18:45,19:20,18:50,19:24,19:25,19:34,00:35,00:35,DELAY,ONTIME,ONTIME,ONTIME,,15A,00:05,,,,,18:55,19:21,,OFFLOAD 03PAX 02BAGS,HAN,PXU,SGN,Domestic,VJ,,,,,,,,,,,,
,2026-07-07,VJ144/VJ519,A670,A321,SGN-HAN-DAD,18:05,19:25,18:05,19:25,18:20,19:19,19:20,19:22,01:20,01:00,EARLY,ONTIME,ONTIME,ONTIME,,,,,,,,18:20,19:15,,,HAN,SGN,DAD,Domestic,VJ,,,,,,,,,,,,
,2026-07-07,VJ528/VJ157,A542,A321,DAD-HAN-SGN,17:25,19:30,17:25,19:30,18:10,19:29,19:30,19:35,02:05,01:20,ONTIME,ONTIME,ONTIME,DELAY,,,,,,,,18:45,19:25,,,HAN,DAD,SGN,Domestic,VJ,,,,,,,,,,,,
,2026-07-07,VJ928/VJ971,A547,A321,CGK-HAN-DEL,18:15,19:40,18:15,19:40,18:40,19:39,19:40,19:42,01:25,01:00,ONTIME,ONTIME,ONTIME,DELAY,,,,,,,,18:55,19:37,,,HAN,CGK,DEL,International,VJ,,,,,,,,,,,,
,2026-07-07,VJ434/VJ789,A500,A321,UIH-HAN-CXR,17:10,18:45,17:10,18:45,17:15,18:41,18:42,18:44,01:35,01:27,EARLY,ONTIME,ONTIME,ONTIME,,,,,,,,18:00,18:37,,,HAN,UIH,CXR,Domestic,VJ,,,,,,,,,,,,
,2026-07-07,VJ916/VJ1925,A526,A321,SIN-HAN-AMD,17:25,19:45,17:25,19:45,17:15,19:41,19:42,19:45,02:20,02:27,EARLY,ONTIME,ONTIME,ONTIME,,,,,,,,19:00,19:39,,,HAN,SIN,AMD,International,VJ,,,,,,,,,,,,
,2026-07-07,VJ146/VJ523,A202,A321,SGN-HAN-DAD,19:00,19:45,19:00,19:45,19:35,19:52,19:53,19:55,00:45,00:18,DELAY,ONTIME,ONTIME,DELAY,,93,00:08,,,,,19:35,19:50,,,HAN,SGN,DAD,Domestic,VJ,,,,,,,,,,,,
,2026-07-07,VJ148/VJ7712,A672,A320,SGN-HAN-PKX,18:25,20:00,18:25,20:00,18:40,19:51,19:52,19:58,01:35,01:12,EARLY,ONTIME,ONTIME,ONTIME,,,,,,,,19:15,19:50,,,HAN,SGN,PKX,International,VJ,,,,,,,,,,,,
,2026-07-07,VJ931/VJ1785,A697,A321,KIX-HAN-CXR,18:30,20:15,18:30,20:15,18:15,20:04,20:05,20:08,01:45,01:50,EARLY,ONTIME,ONTIME,ONTIME,,,,,,,,19:30,20:00,,,HAN,KIX,CXR,Domestic,VJ,,,,,,,,,,,,
,2026-07-07,VJ420/VJ783,A201,A321,TBB-HAN-CXR,19:15,20:25,19:15,20:25,19:45,20:21,20:22,20:26,01:10,00:37,EARLY,ONTIME,ONTIME,DELAY,,,,,,,,19:45,20:19,,,HAN,TBB,CXR,Domestic,VJ,,,,,,,,,,,,
,2026-07-07,VJ776/VJ773,A645,A321,CXR-HAN-CXR,20:10,20:45,20:10,20:45,20:43,21:04,21:05,21:08,00:35,00:22,DELAY,DELAY,DELAY,DELAY,,93,00:20,,,,,20:43,21:00,,,HAN,CXR,CXR,Domestic,VJ,,,,,,,,,,,,
,2026-07-07,VJ468/VJ161,A521,A321,VCA-HAN-SGN,19:50,20:55,19:50,20:55,19:55,20:45,20:46,20:52,01:05,00:51,EARLY,ONTIME,ONTIME,ONTIME,,,,,,,,20:08,20:42,,,HAN,VCA,SGN,Domestic,VJ,,,,,,,,,,,,
,2026-07-07,VJ1452/VJ527,A546,A321,PQC-HAN-DAD,19:50,21:25,19:50,21:25,21:10,21:38,21:39,21:40,01:35,00:29,DELAY,ONTIME,ONTIME,DELAY,,93,00:14,,,,,21:10,21:36,,,HAN,PQC,DAD,Domestic,VJ,,,,,,,,,,,,
,2026-07-07,VJ7317/VJ7238,A662,A320,ENH-HAN-PVG,19:25,21:25,19:25,21:25,20:35,21:14,21:15,21:22,02:00,00:40,EARLY,ONTIME,ONTIME,DELAY,,,,,,,,20:45,21:10,,,HAN,ENH,PVG,International,VJ,,,,,,,,,,,,
,2026-07-07,VJ154/VJ163,A641,A321,SGN-HAN-SGN,21:00,21:35,21:00,22:25,21:40,22:14,22:15,22:20,01:25,00:35,EARLY,ONTIME,DELAY,DELAY,,,,,,,,21:40,22:12,,,HAN,SGN,SGN,Domestic,VJ,,,,,,,,,,,,
,2026-07-07,VJ442/VJ7526,A634,A321,PQC-HAN-CAN,19:05,22:30,19:05,22:30,19:40,22:23,22:24,22:25,03:25,02:44,EARLY,ONTIME,ONTIME,DELAY,,,,,,,,21:30,22:20,,,HAN,PQC,CAN,International,VJ,,,,,,,,,,,,
,2026-07-07,VJ540/VJ529,A539,A321,DAD-HAN-DAD,19:35,22:35,19:35,22:35,20:32,22:29,22:30,22:35,03:00,01:58,EARLY,ONTIME,ONTIME,DELAY,,,,,,,,21:50,22:25,,,HAN,DAD,DAD,Domestic,VJ,,,,,,,,,,,,
,2026-07-07,VJ496/VJ167,A554,A321,BMV-HAN-SGN,21:35,22:45,21:35,22:45,21:40,22:33,22:35,22:44,01:10,00:55,EARLY,ONTIME,ONTIME,ONTIME,,,,,,,,22:00,22:42,,,HAN,BMV,SGN,Domestic,VJ,,,,,,,,,,,,
,2026-07-07,VJ520/VJ962,A647,A321,DAD-HAN-ICN,15:15,23:15,15:15,23:15,21:00,23:09,23:10,23:15,08:00,02:10,EARLY,ONTIME,ONTIME,DELAY,,,,,,,,22:30,23:07,,,HAN,DAD,ICN,International,VJ,,,,,,,,,,,,
,2026-07-07,VJ150/VJ169,A663,A320,SGN-HAN-SGN,22:30,23:25,22:30,23:25,22:50,23:22,23:23,23:27,00:55,00:33,EARLY,ONTIME,ONTIME,DELAY,,,,,,,,22:50,23:20,,,HAN,SGN,SGN,Domestic,VJ,,,,,,,,,,,,
,2026-07-07,VJ568/VJ561,A657,A321,HUI-HAN-HUI,19:05,19:40,19:05,19:40,19:05,19:38,19:39,19:44,00:35,00:34,EARLY,ONTIME,ONTIME,ONTIME,,,,,,,,19:05,19:35,,,HAN,HUI,HUI,Domestic,VJ,,,,,,,,,,,,
,2026-07-08,____/VJ932,A525,A321,HAN-NRT,,00:30,21:35,00:30,,00:29,00:30,00:33,02:55,,ONTIME,ONTIME,ONTIME,,,,,,,,,23:45,00:27,,,HAN,HAN,NRT,International,VJ,,,,,,,,,,,,
,2026-07-08,____/VJ982,A685,A321,HAN-PUS,,01:05,,01:05,,00:50,00:51,00:57,,,EARLY,ONTIME,ONTIME,,,,,,,,,00:10,00:47,,,HAN,HAN,PUS,International,VJ,,,,,,,,,,,,
,2026-07-08,____/VJ938,A500,A321,HAN-KIX,,01:20,,01:20,,01:18,01:19,01:20,,,EARLY,ONTIME,ONTIME,,,,,,,,,00:30,01:15,,,HAN,HAN,KIX,International,VJ,,,,,,,,,,,,
,2026-07-08,VJ7706/VJ7706,A538,A321,CXR-HAN-KHV,00:30,01:05,00:30,01:05,01:00,01:29,01:30,01:37,00:35,00:30,DELAY,DELAY,DELAY,DELAY,,93,00:25,,,,,,,X,,HAN,CXR,KHV,International,VJ,,,,,,,,,,,,
,2026-07-08,____/VJ960,A648,A321,HAN-ICN,,01:40,,01:40,,01:34,01:35,01:38,,,EARLY,ONTIME,ONTIME,,,,,,,,,00:50,01:31,,,HAN,HAN,ICN,International,VJ,,,,,,,,,,,,
,2026-07-08,____/VJ920,A697,A321,HAN-NGO,,01:40,,01:40,,01:25,01:26,01:30,,,EARLY,ONTIME,ONTIME,,,,,,,,,00:45,01:21,,,HAN,HAN,NGO,International,VJ,,,,,,,,,,,,
,2026-07-08,VJ7713/VJ123,A672,A320,PKX-HAN-SGN,03:55,05:30,03:55,05:30,04:25,05:24,05:25,05:33,01:35,01:00,EARLY,ONTIME,ONTIME,DELAY,,,,,,,,04:45,05:20,,,HAN,PKX,SGN,Domestic,VJ,,,,,,,,,,,,
,2026-07-08,____/VJ501,A634,A321,HAN-DAD,,05:40,,05:40,,05:34,05:35,05:41,,,EARLY,ONTIME,ONTIME,,,,,,,,,04:50,05:30,,,HAN,HAN,DAD,Domestic,VJ,,,,,,,,,,,,
,2026-07-08,____/VJ771,A669,A320,HAN-CXR,,05:45,,05:45,,05:36,05:37,05:41,,,EARLY,ONTIME,ONTIME,,,,,,,,,04:55,05:32,,,HAN,HAN,CXR,Domestic,VJ,,,,,,,,,,,,
,2026-07-08,____/VJ1775,A657,A321,HAN-CXR,,05:45,,05:45,,05:39,05:40,05:48,,,EARLY,ONTIME,ONTIME,,,,,,,,,05:00,05:35,,,HAN,HAN,CXR,Domestic,VJ,,,,,,,,,,,,
,2026-07-08,____/VJ121,A649,A321,HAN-SGN,,06:00,,06:00,,05:54,05:55,06:05,,,EARLY,ONTIME,ONTIME,,,,,,,,,05:10,05:50,,,HAN,HAN,SGN,Domestic,VJ,,,,,,,,,,,,
,2026-07-08,____/VJ491,A201,A321,HAN-BMV,,06:00,,06:00,,05:54,05:55,06:00,,,EARLY,ONTIME,ONTIME,,,,,,,,,05:05,05:51,,,HAN,HAN,BMV,Domestic,VJ,,,,,,,,,,,,
,2026-07-08,____/VJ431,A655,A320,HAN-UIH,,06:05,,06:05,,05:59,06:00,06:10,,,EARLY,ONTIME,ONTIME,,,,,,,,,05:20,05:56,,,HAN,HAN,UIH,Domestic,VJ,,,,,,,,,,,,
,2026-07-08,____/VJ531,A674,A321,HAN-DAD,,06:30,,06:30,,06:24,06:25,06:40,,,EARLY,ONTIME,ONTIME,,,,,,,,,05:05,06:22,,,HAN,HAN,DAD,Domestic,VJ,,,,,,,,,,,,
,2026-07-08,____/VJ449,A632,A321,HAN-PQC,,06:30,,06:30,,06:24,06:25,06:33,,,EARLY,ONTIME,ONTIME,,,,,,,,,05:40,06:20,,,HAN,HAN,PQC,Domestic,VJ,,,,,,,,,,,,
,2026-07-08,VJ5069/VJ5069,A549,A321,NOZ-HAN-CXR,06:15,06:45,06:15,06:45,05:45,06:14,06:15,06:40,00:30,00:30,EARLY,ONTIME,ONTIME,ONTIME,,,,,,,,,,X,,HAN,NOZ,CXR,Domestic,VJ,,,,,,,,,,,,
,2026-07-08,____/VJ421,A661,A321,HAN-PXU,,07:10,,07:10,,07:09,07:10,07:21,,,ONTIME,ONTIME,ONTIME,,,,,,,,,06:20,07:08,,,HAN,HAN,PXU,Domestic,VJ,,,,,,,,,,,,
,2026-07-08,____/VJ1771,A201,A321,HAN-CXR,,07:00,,07:00,,06:59,07:00,07:15,,,ONTIME,ONTIME,ONTIME,,,,,,,,,06:01,06:55,,LATE TAKEOFF DUE TO ATC,HAN,HAN,CXR,Domestic,VJ,,,,,,,,,,,,
,2026-07-08,____/VJ461,A662,A320,HAN-VCA,,06:45,,06:45,,06:39,06:40,06:41,,,EARLY,ONTIME,ONTIME,,,,,,,,,05:55,06:37,,,HAN,HAN,VCA,Domestic,VJ,,,,,,,,,,,,
,2026-07-08,____/VJ197,A656,A320,HAN-SGN,,07:20,,07:20,,07:19,07:20,07:34,,,ONTIME,ONTIME,ONTIME,,,,,,,,,06:30,07:15,,,HAN,HAN,SGN,Domestic,VJ,,,,,,,,,,,,
,2026-07-08,____/VJ905,A667,A321,HAN-KUL,,07:25,,07:25,,07:19,07:20,07:30,,,EARLY,ONTIME,ONTIME,,,,,,,,,06:35,07:18,,,HAN,HAN,KUL,International,VJ,,,,,,,,,,,,
,2026-07-08,____/VJ535,A698,A321,HAN-DAD,,07:25,,07:25,,07:19,07:20,07:40,,,EARLY,ONTIME,ONTIME,,,,,,,,,06:35,07:15,,,HAN,HAN,DAD,Domestic,VJ,,,,,,,,,,,,
,2026-07-08,VJ502/VJ503,A636,A321,DAD-HAN-DAD,07:00,07:35,07:00,07:35,07:08,07:34,07:35,07:50,00:35,00:27,ONTIME,ONTIME,ONTIME,ONTIME,,,,,,,,07:05,07:33,,,HAN,DAD,DAD,Domestic,VJ,,,,,,,,,,,,
,2026-07-08,VJ972/VJ934,A547,A321,DEL-HAN-NRT,05:40,07:55,05:40,07:55,05:42,07:47,07:48,07:54,02:15,02:06,EARLY,ONTIME,ONTIME,ONTIME,,,,,,,,07:00,07:45,,,HAN,DEL,NRT,International,VJ,,,,,,,,,,,,
,2026-07-08,____/VJ127,A202,A321,HAN-SGN,,08:10,,08:10,,08:09,08:10,08:14,,,ONTIME,ONTIME,ONTIME,,,,,,,,,07:25,08:05,,,HAN,HAN,SGN,Domestic,VJ,,,,,,,,,,,,
,2026-07-08,VJ1926/VJ929,A526,A321,AMD-HAN-CGK,05:55,08:40,05:55,08:40,06:00,08:34,08:35,08:40,02:45,02:35,EARLY,ONTIME,ONTIME,ONTIME,,,,,,,,07:55,08:32,,,HAN,AMD,CGK,International,VJ,,,,,,,,,,,,
,2026-07-08,VJ120/VJ129,A676,A320,SGN-HAN-SGN,07:10,08:45,07:10,08:45,07:15,08:44,08:45,08:49,01:35,01:30,ONTIME,ONTIME,ONTIME,ONTIME,,,,,,,,08:10,08:42,,,HAN,SGN,SGN,Domestic,VJ,,,,,,,,,,,,
,2026-07-08,____/VJ447,A633,A321,HAN-PQC,,08:45,,08:45,,08:44,08:45,08:50,,,ONTIME,ONTIME,ONTIME,,,,,,,,,08:00,08:42,,,HAN,HAN,PQC,Domestic,VJ,,,,,,,,,,,,
,2026-07-08,____/VJ435,A658,A320,HAN-UIH,,08:50,,08:50,,08:49,08:50,08:59,,,ONTIME,ONTIME,ONTIME,,,,,,,,,08:05,08:45,,,HAN,HAN,UIH,Domestic,VJ,,,,,,,,,,,,
,2026-07-08,VJ504/VJ505,A546,A321,DAD-HAN-DAD,08:20,09:05,08:20,09:05,08:30,09:04,09:05,09:15,00:45,00:35,ONTIME,ONTIME,ONTIME,ONTIME,,,,,,,,08:20,09:02,,,HAN,DAD,DAD,Domestic,VJ,,,,,,,,,,,,
,2026-07-08,VJ514/VJ563,A634,A321,DAD-HAN-HUI,08:55,09:30,08:55,09:30,09:00,09:23,09:25,09:27,00:35,00:25,EARLY,ONTIME,ONTIME,ONTIME,,,,,,,,09:00,09:21,,,HAN,DAD,HUI,Domestic,VJ,,,,,,,,,,,,
,2026-07-08,____/VJ915,A552,A321,HAN-SIN,,09:35,,09:35,,09:24,09:25,09:30,,,EARLY,ONTIME,ONTIME,,,,,,,,,09:00,09:22,,,HAN,HAN,SIN,International,VJ,,,,,,,,,,,,
,2026-07-08,VJ963/VJ1773,A647,A321,ICN-HAN-CXR,08:55,10:00,08:55,10:00,09:00,09:54,09:55,09:57,01:05,00:55,EARLY,ONTIME,ONTIME,ONTIME,,,,,,,,09:00,09:52,,,HAN,ICN,CXR,Domestic,VJ,,,,,,,,,,,,
,2026-07-08,VJ156/VJ135,A535,A321,SGN-HAN-SGN,09:00,10:10,09:00,10:10,09:15,10:09,10:10,10:20,01:10,00:55,ONTIME,ONTIME,ONTIME,ONTIME,,,,,,,,09:15,10:07,,,HAN,SGN,SGN,Domestic,VJ,,,,,,,,,,,,
,2026-07-08,VJ126/VJ131,A663,A320,SGN-HAN-SGN,09:40,10:10,09:40,10:10,09:40,10:09,10:10,10:18,00:30,00:30,ONTIME,ONTIME,ONTIME,ONTIME,,,,,,,,09:34,10:07,,,HAN,SGN,SGN,Domestic,VJ,,,,,,,,,,,,
,2026-07-08,VJ430/VJ437,A655,A320,UIH-HAN-UIH,09:50,10:25,09:50,10:25,09:50,10:20,10:21,10:30,00:35,00:31,EARLY,ONTIME,ONTIME,ONTIME,,,,,,,,09:50,10:18,,,HAN,UIH,UIH,Domestic,VJ,,,,,,,,,,,,
,2026-07-08,VJ532/VJ997,A674,A321,DAD-HAN-DPS,09:45,10:25,09:45,10:25,10:00,10:38,10:39,10:40,00:40,00:39,DELAY,ONTIME,ONTIME,ONTIME,,93,00:05,66,00:09,,,10:10,10:36,,CREW OB 1015,HAN,DAD,DPS,International,VJ,,,,,,,,,,,,
,2026-07-08,VJ770/VJ463,A669,A320,KHV-HAN-VCA,09:55,10:30,09:55,10:30,10:20,10:54,10:55,11:10,00:35,00:35,DELAY,DELAY,DELAY,DELAY,,93,00:15,66,00:10,,,10:30,11:52,,CREW HN OB 1030LT,HAN,KHV,VCA,Domestic,VJ,,,,,,,,,,,,
,2026-07-08,VJ492/VJ493,A550,A321,BMV-HAN-BMV,10:05,10:40,10:05,10:40,10:00,10:39,10:40,10:52,00:35,00:40,ONTIME,ONTIME,ONTIME,ONTIME,,,,,,,,10:00,10:37,,,HAN,BMV,BMV,Domestic,VJ,,,,,,,,,,,,
,2026-07-08,VJ536/VJ537,A698,A321,DAD-HAN-DAD,10:35,11:05,10:35,11:05,11:10,11:37,11:38,11:42,00:30,00:28,DELAY,DELAY,DELAY,DELAY,,93,00:33,,,,,10:55,11:35,,,HAN,DAD,DAD,Domestic,VJ,,,,,,,,,,,,
,2026-07-08,VJ1776/VJ901,A657,A321,CXR-HAN-BKK,09:55,11:10,09:55,11:10,10:30,11:05,11:06,11:09,01:15,00:36,EARLY,ONTIME,ONTIME,DELAY,,,,,,,,10:42,11:03,,,HAN,CXR,BKK,International,VJ,,,,,,,,,,,,
,2026-07-08,VJ524/VJ507,A636,A321,DAD-HAN-DAD,10:50,11:25,10:50,11:25,11:30,11:59,12:00,12:18,00:35,00:30,DELAY,DELAY,DELAY,DELAY,,93,00:35,,,,,11:30,11:57,,,HAN,DAD,DAD,Domestic,VJ,,,,,,,,,,,,
,2026-07-08,VJ130/VJ133,A542,A321,SGN-HAN-SGN,10:50,11:25,10:50,11:25,11:00,11:34,11:35,11:40,00:35,00:35,DELAY,ONTIME,ONTIME,ONTIME,,93,00:05,66,00:05,,,11:00,11:32,,CREW OB 1108,HAN,SGN,SGN,Domestic,VJ,,,,,,,,,,,,
,2026-07-08,VJ981/VJ565,A685,A321,PUS-HAN-HUI,10:40,11:30,10:40,11:30,10:35,11:29,11:30,11:35,00:50,00:55,ONTIME,ONTIME,ONTIME,ONTIME,,,,,,,,11:00,11:27,,,HAN,PUS,HUI,Domestic,VJ,,,,,,,,,,,,
,2026-07-08,VJ422/VJ451,A661,A321,PXU-HAN-PQC,10:50,11:45,10:50,11:45,11:06,11:39,11:40,11:45,00:55,00:34,EARLY,ONTIME,ONTIME,DELAY,,,,,,,,11:03,11:37,,,HAN,PXU,PQC,Domestic,VJ,,,,,,,,,,,,
,2026-07-08,VJ450/VJ775,A632,A321,PQC-HAN-CXR,11:15,11:50,11:15,11:50,11:30,11:59,12:00,12:05,00:35,00:30,DELAY,ONTIME,ONTIME,ONTIME,,93,00:10,,,,,11:35,11:57,,,HAN,PQC,CXR,Domestic,VJ,,,,,,,,,,,,
,2026-07-08,VJ462/VJ515,A662,A320,VCA-HAN-DAD,11:40,12:10,11:40,12:10,11:50,12:14,12:15,12:25,00:30,00:25,DELAY,ONTIME,ONTIME,ONTIME,,93,00:05,,,,,11:35,12:12,,,HAN,VCA,DAD,Domestic,VJ,,,,,,,,,,,,
,2026-07-08,VJ128/VJ137,A637,A321,SGN-HAN-SGN,11:50,12:25,11:50,12:25,13:05,13:34,13:35,13:45,00:35,00:30,DELAY,DELAY,DELAY,DELAY,,93,01:10,,,,,13:05,13:32,,,HAN,SGN,SGN,Domestic,VJ,,,,,,,,,,,,
,2026-07-08,VJ506/VJ453,A546,A321,DAD-HAN-PQC,12:20,13:00,12:20,13:00,13:05,13:29,13:30,13:40,00:40,00:25,DELAY,DELAY,DELAY,DELAY,,93,00:30,,,,,13:05,13:27,,,HAN,DAD,PQC,Domestic,VJ,,,,,,,,,,,,
,2026-07-08,VJ432/VJ509,A658,A320,UIH-HAN-DAD,12:35,13:05,12:35,13:05,13:25,13:44,13:45,13:50,00:30,00:20,DELAY,DELAY,DELAY,DELAY,,93,00:40,,,,,13:25,13:42,,,HAN,UIH,DAD,Domestic,VJ,,,,,,,,,,,,
,2026-07-08,VJ564/VJ787,A634,A321,HUI-HAN-CXR,12:35,13:10,12:35,13:10,12:55,13:23,13:24,13:25,00:35,00:29,DELAY,ONTIME,ONTIME,DELAY,,93,00:14,,,,,12:55,13:21,,,HAN,HUI,CXR,Domestic,VJ,,,,,,,,,,,,
,2026-07-08,VJ198/VJ433,A656,A320,SGN-HAN-UIH,12:40,13:20,12:40,13:20,13:40,14:04,14:05,14:23,00:40,00:25,DELAY,DELAY,DELAY,DELAY,,93,00:45,,,,,13:35,14:02,,,HAN,SGN,UIH,Domestic,VJ,,,,,,,,,,,,
,2026-07-08,VJ939/VJ948,A500,A321,KIX-HAN-RMQ,12:20,13:30,12:20,13:30,12:05,13:29,13:30,13:43,01:10,01:25,ONTIME,ONTIME,ONTIME,ONTIME,,,,,,,,12:30,13:26,,,HAN,KIX,RMQ,International,VJ,,,,,,,,,,,,
,2026-07-08,VJ566/VJ441,A685,A321,HUI-HAN-PQC,14:30,14:05,14:30,15:00,14:25,14:59,15:00,15:15,00:30,00:35,ONTIME,ONTIME,DELAY,ONTIME,,,,,,,,14:25,14:57,,,HAN,HUI,PQC,Domestic,VJ,,,,,,,,,,,,
,2026-07-08,VJ1772/VJ525,A201,A321,CXR-HAN-DAD,11:15,14:05,11:15,14:05,12:10,14:04,14:05,14:20,02:50,01:55,ONTIME,ONTIME,ONTIME,DELAY,,,,,,,,13:15,14:03,,,HAN,CXR,DAD,Domestic,VJ,,,,,,,,,,,,
,2026-07-08,VJ134/VJ143,A544,A321,SGN-HAN-SGN,13:30,14:05,13:30,14:05,14:10,14:39,14:40,14:48,00:35,00:30,DELAY,DELAY,DELAY,DELAY,,93,00:35,,,,,14:10,14:37,,,HAN,SGN,SGN,Domestic,VJ,,,,,,,,,,,,
,2026-07-08,VJ933/VJ942,A525,A321,NRT-HAN-TPE,13:05,14:25,13:05,14:25,13:25,14:24,14:25,14:33,01:20,01:00,ONTIME,ONTIME,ONTIME,DELAY,,,,,,,,13:48,14:22,,,HAN,NRT,TPE,International,VJ,,,,,,,,,,,,
,2026-07-08,VJ961/VJ946,A648,A321,ICN-HAN-KHH,13:35,14:35,13:35,15:50,15:00,15:44,15:45,15:50,02:15,00:45,EARLY,ONTIME,DELAY,DELAY,,,,,,,,15:18,15:42,,,HAN,ICN,KHH,International,VJ,,,,,,,,,,,,
,2026-07-08,VJ921/VJ467,A697,A321,NGO-HAN-VCA,12:50,14:35,12:50,14:50,13:12,14:59,15:00,15:15,02:00,01:48,DELAY,ONTIME,DELAY,DELAY,,41,00:10,,,,,14:20,14:57,,CHANGE WHEEL,HAN,NGO,VCA,Domestic,VJ,,,,,,,,,,,,
,2026-07-08,VJ436/VJ145,A655,A320,UIH-HAN-SGN,14:10,14:45,14:10,14:45,14:20,14:49,14:50,14:55,00:35,00:30,DELAY,ONTIME,ONTIME,ONTIME,,66,00:05,,,,,14:20,14:47,,CREW HN OB 1436LT,HAN,UIH,SGN,Domestic,VJ,,,,,,,,,,,,
,2026-07-08,VJ1504/VJ1505,A578,A321,DAD-HAN-DAD,14:10,14:45,14:10,14:45,16:00,16:29,16:30,16:40,00:35,00:30,DELAY,DELAY,DELAY,DELAY,,93,01:45,,,,,16:00,16:28,,,HAN,DAD,DAD,Domestic,VJ,,,,,,,,,,,,
,2026-07-08,VJ7707/VJ7707,A538,A321,KHV-HAN-CXR,14:25,14:55,14:25,14:55,14:30,14:51,14:52,14:58,00:30,00:22,EARLY,ONTIME,ONTIME,ONTIME,,,,,,,,,,X,,HAN,KHV,CXR,Domestic,VJ,,,,,,,,,,,,
,2026-07-08,VJ136/VJ423,A666,A320,SGN-HAN-PXU,14:15,15:05,14:15,15:45,15:25,15:49,15:50,15:59,01:30,00:25,DELAY,ONTIME,DELAY,DELAY,,93,00:05,,,,,15:25,15:47,,,HAN,SGN,PXU,Domestic,VJ,,,,,,,,,,,,
,2026-07-08,VJ510/VJ511,A644,A321,CXR-HAN-DAD,14:40,15:15,14:40,15:15,15:40,15:59,16:00,16:10,00:35,00:20,DELAY,DELAY,DELAY,DELAY,,93,00:45,,,,,15:25,15:57,,,HAN,CXR,DAD,Domestic,VJ,,,,,,,,,,,,
,2026-07-08,VJ1774/VJ419,A647,A321,CXR-HAN-TBB,14:20,15:20,14:20,15:20,14:30,15:24,15:25,15:34,01:00,00:55,DELAY,ONTIME,ONTIME,ONTIME,,15A,00:05,,,,,14:35,15:27,,OFFLOAD 21PAX + 4BAG,HAN,CXR,TBB,Domestic,VJ,,,,,,,,,,,,
,2026-07-08,VJ7620/VJ7620,A549,A321,CXR-HAN-BAX,15:05,15:40,15:05,15:40,15:55,16:24,16:25,16:40,00:35,00:30,DELAY,DELAY,DELAY,DELAY,,93,00:45,,,,,,,X,,HAN,CXR,BAX,International,VJ,,,,,,,,,,,,
,2026-07-08,VJ440/VJ439,A633,A321,PQC-HAN-UIH,13:30,15:40,13:30,15:40,13:55,15:39,15:40,15:54,02:10,01:45,ONTIME,ONTIME,ONTIME,DELAY,,,,,,,,15:00,15:37,,,HAN,PQC,UIH,Domestic,VJ,,,,,,,,,,,,
,2026-07-08,VJ138/VJ147,A689,A320,SGN-HAN-SGN,15:15,15:45,15:15,17:35,17:10,17:34,17:35,17:45,02:20,00:25,ONTIME,ONTIME,DELAY,DELAY,,,,,,,,17:10,17:32,,,HAN,SGN,SGN,Domestic,VJ,,,,,,,,,,,,
,2026-07-08,VJ464/VJ567,A669,A320,VCA-HAN-HUI,15:20,15:55,15:20,15:55,16:15,16:39,16:40,17:07,00:35,00:25,DELAY,DELAY,DELAY,DELAY,,93,00:45,,,,,16:15,16:37,,,HAN,VCA,HUI,Domestic,VJ,,,,,,,,,,,,
,2026-07-08,VJ906/VJ773,A667,A321,KUL-HAN-CXR,14:40,16:00,14:40,16:00,14:55,15:57,15:58,16:04,01:20,01:03,EARLY,ONTIME,ONTIME,ONTIME,,,,,,,,15:15,15:56,,,HAN,KUL,CXR,Domestic,VJ,,,,,,,,,,,,
,2026-07-08,VJ538/VJ913,A698,A321,DAD-HAN-SAI,14:15,16:20,14:15,16:20,15:20,16:14,16:15,16:33,02:05,00:55,EARLY,ONTIME,ONTIME,DELAY,,,,,,,,15:35,16:12,,,HAN,DAD,SAI,International,VJ,,,,,,,,,,,,
,2026-07-08,VJ494/VJ539,A550,A321,BMV-HAN-DAD,14:45,16:20,14:45,16:20,15:30,16:19,16:20,16:34,01:35,00:50,ONTIME,ONTIME,ONTIME,DELAY,,,,,,,,15:40,16:18,,,HAN,BMV,DAD,Domestic,VJ,,,,,,,,,,,,
,2026-07-08,VJ508/VJ903,A662,A320,DAD-HAN-BKK,15:25,16:25,15:25,16:50,14:20,16:49,16:50,17:05,01:25,02:30,ONTIME,ONTIME,DELAY,ONTIME,,,,,,,,16:15,16:47,,,HAN,DAD,BKK,International,VJ,,,,,,,,,,,,
,2026-07-08,VJ142/VJ193,A202,A321,SGN-HAN-SGN,15:30,16:30,15:30,16:30,16:10,16:39,16:40,16:55,01:00,00:30,DELAY,ONTIME,DELAY,DELAY,,93,00:10,,,,,16:10,13:37,,,HAN,SGN,SGN,Domestic,VJ,,,,,,,,,,,,
,2026-07-08,VJ772/VJ513,A632,A321,CXR-HAN-DAD,16:00,16:40,16:00,19:00,17:20,19:46,19:47,19:50,03:00,02:27,DELAY,DELAY,DELAY,DELAY,,35,00:47,,,,,18:15,19:42,,DEEP CLEAN ON CABIN,HAN,CXR,DAD,Domestic,VJ,,,,,,,,,,,,
,2026-07-08,____/VJ191,A671,A320,HAN-SGN,,16:45,,17:00,,16:59,17:00,17:25,,,ONTIME,ONTIME,DELAY,,,,,,,,,16:30,16:57,,,HAN,HAN,SGN,Domestic,VJ,,,,,,,,,,,,
,2026-07-08,VJ2986/VJ2986,A553,A321,DAD-HAN-NOZ,16:20,16:55,16:20,16:55,17:05,17:34,17:35,17:48,00:35,00:30,DELAY,DELAY,DELAY,DELAY,,93,00:40,,,,,,,X,,HAN,DAD,NOZ,International,VJ,,,,,,,,,,,,
,2026-07-08,VJ454/VJ465,A661,A321,PQC-HAN-VCA,16:45,17:20,16:45,17:20,17:05,18:17,18:18,18:24,00:35,01:13,DELAY,DELAY,DELAY,DELAY,,93,00:15,95,00:43,,,17:50,18:15,,CREW VJ2986 OB 1758,HAN,PQC,VCA,Domestic,VJ,,,,,,,,,,,,
,2026-07-08,VJ530/VJ495,A658,A320,CXR-HAN-BMV,17:40,17:30,17:40,17:30,17:30,17:54,17:55,18:00,23:50,00:25,DELAY,DELAY,DELAY,ONTIME,,93,00:25,,,,,17:30,17:52,,,HAN,CXR,BMV,Domestic,VJ,,,,,,,,,,,,
,2026-07-08,VJ452/VJ141,A642,A321,PQC-HAN-SGN,16:10,17:35,16:10,17:35,17:30,17:59,18:00,18:18,01:25,00:30,DELAY,DELAY,DELAY,DELAY,,93,00:25,,,,,17:30,17:57,,,HAN,PQC,SGN,Domestic,VJ,,,,,,,,,,,,
,2026-07-08,VJ774/VJ517,A634,A321,CXR-HAN-DAD,17:20,17:55,17:20,18:50,18:15,18:49,18:50,18:55,01:30,00:35,ONTIME,ONTIME,DELAY,DELAY,,,,,,,,18:15,18:46,,,HAN,CXR,DAD,Domestic,VJ,,,,,,,,,,,,
,2026-07-08,VJ902/VJ153,A657,A321,BKK-HAN-SGN,15:50,18:05,15:50,18:05,16:32,18:09,18:10,18:20,02:15,01:38,DELAY,ONTIME,ONTIME,DELAY,,95,00:05,,,,,17:40,18:06,,CREW OB 1737,HAN,BKK,SGN,Domestic,VJ,,,,,,,,,,,,
,2026-07-08,VJ456/VJ781,A546,A321,PQC-HAN-CXR,17:45,18:20,17:45,19:15,18:45,19:11,19:12,19:20,01:30,00:27,EARLY,ONTIME,DELAY,DELAY,,,,,,,,18:40,19:10,,,HAN,PQC,CXR,Domestic,VJ,,,,,,,,,,,,
,2026-07-08,VJ528/VJ789,A201,A321,DAD-HAN-CXR,17:25,18:45,17:25,18:45,18:05,18:44,18:45,18:57,01:20,00:40,ONTIME,ONTIME,ONTIME,DELAY,,,,,,,,18:01,18:43,,,HAN,DAD,CXR,Domestic,VJ,,,,,,,,,,,,
,2026-07-08,VJ144/VJ155,A810,A321,SGN-HAN-SGN,18:05,18:55,18:05,18:55,18:45,19:29,19:30,19:40,00:50,00:45,DELAY,DELAY,DELAY,DELAY,,93,00:35,,,,,18:45,19:25,,,HAN,SGN,SGN,Domestic,VJ,,,,,,,,,,,,
,2026-07-08,VJ512/VJ521,A644,A321,DAD-HAN-DAD,18:30,19:05,18:30,20:25,20:10,20:29,20:30,20:40,01:55,00:20,DELAY,ONTIME,DELAY,DELAY,,99,00:05,,,,,19:55,20:28,,LATE ACCEPT 3 PAX 2 BAGS,HAN,DAD,DAD,Domestic,VJ,,,,,,,,,,,,
,2026-07-08,VJ424/VJ561,A666,A320,PXU-HAN-HUI,18:45,19:15,18:45,20:20,19:50,20:19,20:20,20:35,01:35,00:30,ONTIME,ONTIME,DELAY,DELAY,,,,,,,,19:45,20:13,,,HAN,PXU,HUI,Domestic,VJ,,,,,,,,,,,,
,2026-07-08,VJ148/VJ519,A676,A320,SGN-HAN-DAD,18:25,19:25,18:25,20:15,19:43,20:13,20:14,20:16,01:50,00:31,EARLY,ONTIME,DELAY,DELAY,,,,,,,,19:43,20:11,,,HAN,SGN,DAD,Domestic,VJ,,,,,,,,,,,,
,2026-07-08,VJ434/VJ157,A656,A320,UIH-HAN-SGN,17:10,19:30,17:10,19:30,18:18,19:29,19:30,19:35,02:20,01:12,ONTIME,ONTIME,ONTIME,DELAY,,,,,,,,18:40,19:27,,,HAN,UIH,SGN,Domestic,VJ,,,,,,,,,,,,
,2026-07-08,VJ935/VJ1127,A547,A321,NRT-HAN-SGN,20:05,19:35,20:05,21:00,20:15,20:58,20:59,21:15,00:55,00:44,EARLY,ONTIME,DELAY,ONTIME,,,,,,,,20:15,20:55,,,HAN,NRT,SGN,Domestic,VJ,,,,,,,,,,,,
,2026-07-08,VJ540/VJ523,A550,A321,DAD-HAN-DAD,19:35,19:45,19:35,20:45,20:10,20:43,20:45,20:52,01:10,00:35,ONTIME,ONTIME,DELAY,DELAY,,,,,,,,20:10,20:40,,,HAN,DAD,DAD,Domestic,VJ,,,,,,,,,,,,
,2026-07-08,VJ568/VJ7712,A669,A320,HUI-HAN-PKX,18:55,19:55,18:55,21:15,20:20,21:24,21:25,21:28,02:20,01:05,DELAY,ONTIME,DELAY,DELAY,,15,00:10,,,,,20:45,21:23,,LONG BOARDING,HAN,HUI,PKX,International,VJ,,,,,,,,,,,,
,2026-07-08,VJ438/VJ1785,A633,A321,UIH-HAN-CXR,19:25,20:00,19:25,20:00,19:55,20:22,20:23,20:31,00:35,00:28,DELAY,DELAY,DELAY,DELAY,,93,00:23,,,,,19:45,20:20,,,HAN,UIH,CXR,Domestic,VJ,,,,,,,,,,,,
,2026-07-08,VJ928/VJ907,A526,A321,CGK-HAN-BOM,18:15,20:05,18:15,20:05,18:55,20:04,20:05,20:10,01:50,01:10,ONTIME,ONTIME,ONTIME,DELAY,,,,,,,,19:15,20:00,,,HAN,CGK,BOM,International,VJ,,,,,,,,,,,,
,2026-07-08,VJ916/VJ455,A552,A321,SIN-HAN-PQC,17:25,20:05,17:25,20:05,17:40,20:04,20:05,20:11,02:40,02:25,ONTIME,ONTIME,ONTIME,ONTIME,,,,,,,,19:20,20:01,,,HAN,SIN,PQC,Domestic,VJ,,,,,,,,,,,,
,2026-07-08,VJ442/VJ783,A685,A321,PQC-HAN-CXR,19:05,20:25,19:45,20:45,20:20,20:54,20:55,21:05,01:00,00:35,DELAY,ONTIME,DELAY,DELAY,,93,00:05,99,00:05,,,20:25,20:51,,VJ442 PAX SERVICE STAFF LATE POSITIONING,HAN,PQC,CXR,Domestic,VJ,,,,,,,,,,,,
,2026-07-08,VJ152/VJ159,A653,A321,SGN-HAN-SGN,19:55,20:30,19:55,22:05,21:50,22:19,22:20,22:27,02:10,00:30,DELAY,ONTIME,DELAY,DELAY,,93,00:15,,,,,21:50,22:17,,,HAN,SGN,SGN,Domestic,VJ,,,,,,,,,,,,
,2026-07-08,VJ420/VJ161,A647,A321,TBB-HAN-SGN,19:25,20:55,19:25,22:15,19:20,22:19,22:20,22:25,02:50,03:00,DELAY,ONTIME,DELAY,ONTIME,,95,00:05,,,,,21:55,22:17,,CREW VJ152 OB 2200,HAN,TBB,SGN,Domestic,VJ,,,,,,,,,,,,
,2026-07-08,VJ949/VJ7238,A500,A321,RMQ-HAN-PVG,19:50,21:15,19:50,21:15,20:00,20:35,21:15,21:45,01:25,01:15,ONTIME,ONTIME,DELAY,ONTIME,,,,,,,,20:30,21:12,,,HAN,RMQ,PVG,International,VJ,,,,,,,,,,,,
,2026-07-08,VJ154/VJ527,A689,A320,SGN-HAN-DAD,20:55,21:55,20:55,00:05,23:15,23:49,23:50,23:55,03:10,00:35,EARLY,ONTIME,DELAY,DELAY,,,,,,,,23:15,23:45,,,HAN,SGN,DAD,Domestic,VJ,,,,,,,,,,,,
,2026-07-08,VJ496/VJ163,A658,A320,BMV-HAN-SGN,21:30,21:40,21:30,23:50,22:10,23:55,23:56,23:58,02:20,01:46,DELAY,ONTIME,DELAY,DELAY,,95,00:06,,,,,23:30,23:52,,WAIT CREW VJ154 OB 2330,HAN,BMV,SGN,Domestic,VJ,,,,,,,,,,,,
,2026-07-08,VJ158/VJ7526,A642,A321,SGN-HAN-CAN,22:55,22:30,22:55,00:15,22:35,00:09,00:10,00:13,01:20,01:35,EARLY,ONTIME,DELAY,ONTIME,,,,,,,,23:30,00:05,,,HAN,SGN,CAN,International,VJ,,,,,,,,,,,,
,2026-07-08,VJ466/VJ529,A661,A321,VCA-HAN-DAD,21:55,22:35,21:55,00:05,23:05,23:56,23:57,1904-01-02,02:10,00:52,EARLY,ONTIME,DELAY,DELAY,,,,,,,,23:05,23:54,,,HAN,VCA,DAD,Domestic,VJ,,,,,,,,,,,,
,2026-07-08,VJ914/VJ962,A698,A321,SAI-HAN-ICN,20:50,23:15,20:50,23:15,20:45,23:12,23:13,23:15,02:25,02:28,EARLY,ONTIME,ONTIME,ONTIME,,,,,,,,22:30,23:05,,,HAN,SAI,ICN,International,VJ,,,,,,,,,,,,
,2026-07-08,VJ780/VJ167,A546,A321,CXR-HAN-SGN,22:35,23:25,22:35,00:45,00:10,01:26,01:27,01:40,02:10,01:17,DELAY,DELAY,DELAY,ONTIME,,95,00:42,,,,,00:48,01:23,,CREW VJ522 OB 0103L,HAN,CXR,SGN,Domestic,VJ,,,,,,,,,,,,
,2026-07-08,AI2390/AI2391,VT-TNU,A320,DEL-HAN-DEL,07:20,08:20,07:20,08:20,07:25,08:14,08:15,08:21,01:00,00:50,EARLY,ONTIME,ONTIME,ONTIME,,,,,,,,,,,,HAN,DEL,DEL,International,AI,,,,,,,,,,,,
,2026-07-09,____/VJ932,A525,A321,HAN-NRT,,00:30,,00:30,,00:22,00:23,00:37,,,EARLY,ONTIME,ONTIME,,,,,,,,,23:40,00:15,,,HAN,HAN,NRT,International,VJ,,,,,,,,,,,,
,2026-07-09,____/VJ982,A667,A321,CXR-HAN-PUS,,01:05,,01:05,,00:58,00:59,01:00,,,EARLY,ONTIME,ONTIME,,,,,,,,,00:05,00:55,,,HAN,CXR,PUS,International,VJ,,,,,,,,,,,,
,2026-07-09,____/VJ938,A674,A321,DPS-HAN-KIX,,01:20,,01:20,,01:01,01:02,01:10,,,EARLY,ONTIME,ONTIME,,,,,,,,,00:30,00:58,,,HAN,DPS,KIX,International,VJ,,,,,,,,,,,,
,2026-07-09,____/VJ960,A697,A321,VCA-HAN-ICN,,01:40,,01:40,,01:34,01:35,01:43,,,EARLY,ONTIME,ONTIME,,,,,,,,,00:55,01:33,,,HAN,VCA,ICN,International,VJ,,,,,,,,,,,,
,2026-07-09,____/VJ958,A633,A321,CXR-HAN-FUK,,02:05,,02:05,,02:03,02:04,02:08,,,EARLY,ONTIME,ONTIME,,,,,,,,,01:25,02:00,,,HAN,CXR,FUK,International,VJ,,,,,,,,,,,,
,2026-07-09,____/VJ1980,A656,A320,SGN-HAN-FSZ,,02:40,,02:40,,02:19,02:20,02:26,,,EARLY,ONTIME,ONTIME,,,,,,,,,01:40,02:18,,,HAN,SGN,FSZ,International,VJ,,,,,,,,,,,,
,2026-07-09,____/VJ123,A634,A321,HAN-SGN,,05:30,,05:30,,05:24,05:25,05:32,,,EARLY,ONTIME,ONTIME,,,,,,,,,04:45,05:22,,,HAN,HAN,SGN,Domestic,VJ,,,,,,,,,,,,
,2026-07-09,____/VJ445,A648,A321,HAN-PQC,,05:30,,05:30,,05:24,05:25,05:31,,,EARLY,ONTIME,ONTIME,,,,,,,,,04:45,05:28,,,HAN,HAN,PQC,Domestic,VJ,,,,,,,,,,,,
,2026-07-09,____/VJ501,A539,A321,HAN-DAD,,05:40,,05:40,,05:49,05:50,05:55,,,DELAY,ONTIME,ONTIME,,,99,00:10,,,,,04:55,05:46,,"LATE ACCEPT 38PAX, 15 BAG",HAN,HAN,DAD,Domestic,VJ,,,,,,,,,,,,
,2026-07-09,____/VJ1775,A811,A330,HAN-CXR,,05:45,,05:45,,05:44,05:45,05:50,,,ONTIME,ONTIME,ONTIME,,,,,,,,,05:00,05:42,,LATE ACCEPT 1 PAX 6 BAGS,HAN,HAN,CXR,Domestic,VJ,,,,,,,,,,,,
,2026-07-09,____/VJ121,A629,A321,HAN-SGN,,06:00,,06:00,,05:59,06:00,06:09,,,ONTIME,ONTIME,ONTIME,,,,,,,,,05:15,05:57,,,HAN,HAN,SGN,Domestic,VJ,,,,,,,,,,,,
,2026-07-09,____/VJ771,A671,A320,HAN-CXR,,06:00,,06:00,,05:54,05:55,06:05,,,EARLY,ONTIME,ONTIME,,,,,,,,,05:00,05:52,,,HAN,HAN,CXR,Domestic,VJ,,,,,,,,,,,,
,2026-07-09,____/VJ491,A547,A321,HAN-BMV,,06:00,,06:00,,05:54,05:55,06:05,,,EARLY,ONTIME,ONTIME,,,,,,,,,05:15,05:50,,,HAN,HAN,BMV,Domestic,VJ,,,,,,,,,,,,
,2026-07-09,____/VJ431,A662,A320,HAN-UIH,,06:05,,06:05,,06:04,06:05,06:10,,,ONTIME,ONTIME,ONTIME,,,,,,,,,05:20,06:00,,,HAN,HAN,UIH,Domestic,VJ,,,,,,,,,,,,
,2026-07-09,____/VJ952,A666,A320,HAN-HIJ,,06:15,,06:15,,06:57,06:58,06:59,,,DELAY,DELAY,DELAY,,,40,00:43,,,,,05:30,06:05,,FE SHOW UP LATE OB 0655,HAN,HAN,HIJ,International,VJ,,,,,,,,,,,,
,2026-07-09,____/VJ531,A523,A321,HAN-DAD,,06:30,,06:30,,06:29,07:10,07:17,,,DELAY,DELAY,DELAY,,,15A,00:40,,,,,05:45,06:27,,OFFLOAD 13PAX 05BAG,HAN,HAN,DAD,Domestic,VJ,,,,,,,,,,,,
,2026-07-09,VJ2987/VJ2987,A553,A321,NOZ-HAN-DAD,06:15,06:45,06:15,06:45,06:40,06:53,06:55,07:00,00:30,00:15,DELAY,ONTIME,ONTIME,DELAY,,93,00:10,,,,,,,X,TECHSTOP,HAN,NOZ,DAD,Domestic,VJ,,,,,,,,,,,,
,2026-07-09,VJ7527/VJ461,A642,A321,CAN-HAN-VCA,03:05,06:45,04:50,06:45,05:10,06:52,06:53,06:55,01:55,01:43,DELAY,ONTIME,ONTIME,DELAY,,99,00:08,,,,,06:00,06:50,,"LATE ACCEPT 15PAX, 05BAG",HAN,CAN,VCA,Domestic,VJ,,,,,,,,,,,,
,2026-07-09,VJ7713/VJ125,A669,A320,PKX-HAN-SGN,03:55,07:00,05:00,07:00,05:27,06:54,06:55,07:07,02:00,01:28,EARLY,ONTIME,ONTIME,DELAY,,,,,,,,06:15,06:51,,,HAN,PKX,SGN,Domestic,VJ,,,,,,,,,,,,
,2026-07-09,____/VJ1771,A500,A321,HAN-CXR,,07:00,,07:00,,06:59,07:00,07:10,,,ONTIME,ONTIME,ONTIME,,,,,,,,,06:25,06:57,,,HAN,HAN,CXR,Domestic,VJ,,,,,,,,,,,,
,2026-07-09,____/VJ421,A632,A321,HAN-PXU,,07:10,,07:10,,07:04,07:05,07:13,,,EARLY,ONTIME,ONTIME,,,,,,,,,06:20,07:02,,,HAN,HAN,PXU,Domestic,VJ,,,,,,,,,,,,
,2026-07-09,____/VJ535,A537,A321,HAN-DAD,,07:25,,07:25,,07:29,07:30,07:38,,,DELAY,ONTIME,ONTIME,,,15A,00:05,,,,,06:40,07:27,,OFFLOAD 13PAX 2BAG,HAN,HAN,DAD,Domestic,VJ,,,,,,,,,,,,
,2026-07-09,VJ502/VJ503,A676,A320,DAD-HAN-DAD,07:00,07:30,07:00,07:30,07:15,07:39,07:40,07:42,00:30,00:25,DELAY,ONTIME,ONTIME,ONTIME,,93,00:10,,,,,07:15,07:37,,,HAN,DAD,DAD,Domestic,VJ,,,,,,,,,,,,
,2026-07-09,____/VJ930,A580,A321,HAN-KIX,,07:55,,07:55,,07:39,07:40,07:50,,,EARLY,ONTIME,ONTIME,,,,,,,,,07:00,07:36,,,HAN,HAN,KIX,International,VJ,,,,,,,,,,,,
,2026-07-09,VJ124/VJ129,A636,A321,SGN-HAN-SGN,08:15,08:45,08:15,08:45,08:20,08:49,08:50,09:00,00:30,00:30,DELAY,ONTIME,ONTIME,ONTIME,,93,00:05,,,,,08:20,08:47,,,HAN,SGN,SGN,Domestic,VJ,,,,,,,,,,,,
,2026-07-09,____/VJ435,A655,A320,HAN-UIH,,08:50,,08:50,,08:48,08:49,08:53,,,EARLY,ONTIME,ONTIME,,,,,,,,,08:05,08:46,,,HAN,HAN,UIH,Domestic,VJ,,,,,,,,,,,,
,2026-07-09,VJ7621/VJ7621,A549,A321,BAX-HAN-CXR,10:45,09:00,08:30,09:00,08:35,08:48,08:50,09:05,00:30,00:15,EARLY,ONTIME,ONTIME,ONTIME,,,,,,,,,,X,,HAN,BAX,CXR,Domestic,VJ,,,,,,,,,,,,
,2026-07-09,VJ910/VJ929,A526,A321,BOM-HAN-CGK,07:10,09:15,07:10,09:15,07:10,09:08,09:09,09:10,02:05,01:59,EARLY,ONTIME,ONTIME,ONTIME,,,,,,,,08:25,09:07,,,HAN,BOM,CGK,International,VJ,,,,,,,,,,,,
,2026-07-09,VJ514/VJ563,A539,A321,DAD-HAN-HUI,08:50,09:20,08:50,09:50,09:35,10:04,10:05,10:14,01:00,00:30,DELAY,ONTIME,DELAY,DELAY,,93,00:15,,,,,09:35,10:01,,,HAN,DAD,HUI,Domestic,VJ,,,,,,,,,,,,
,2026-07-09,____/VJ447,A550,A321,HAN-PQC,,09:20,,09:20,,09:19,09:20,09:27,,,ONTIME,ONTIME,ONTIME,,,,,,,,,08:20,09:17,,,HAN,HAN,PQC,Domestic,VJ,,,,,,,,,,,,
,2026-07-09,____/VJ915,A685,A321,HAN-SIN,,09:35,,09:35,,09:27,09:28,09:31,,,EARLY,ONTIME,ONTIME,,,,,,,,,08:45,09:25,,,HAN,HAN,SIN,International,VJ,,,,,,,,,,,,
,2026-07-09,VJ126/VJ131,A542,A321,SGN-HAN-SGN,09:40,10:10,09:40,11:00,10:30,10:59,11:00,11:10,01:20,00:30,ONTIME,ONTIME,DELAY,DELAY,,,,,,,,10:25,,,,HAN,SGN,SGN,Domestic,VJ,,,,,,,,,,,,
,2026-07-09,VJ532/VJ425,A523,A321,DAD-HAN-PXU,09:45,10:20,09:45,11:20,10:45,11:17,11:18,11:20,01:35,00:33,EARLY,ONTIME,DELAY,DELAY,,,,,,,,10:40,11:15,,,HAN,DAD,PXU,Domestic,VJ,,,,,,,,,,,,
,2026-07-09,VJ1124/VJ463,A663,A320,SGN-HAN-VCA,09:40,10:20,09:40,10:20,10:20,10:37,10:38,10:44,00:40,00:18,DELAY,DELAY,DELAY,DELAY,,93,00:18,,,,,10:10,10:35,,,HAN,SGN,VCA,Domestic,VJ,,,,,,,,,,,,
,2026-07-09,VJ122/VJ997,A203,A321,SGN-HAN-DPS,09:05,10:25,09:05,10:25,09:22,10:19,10:20,10:22,01:20,00:58,EARLY,ONTIME,ONTIME,DELAY,,,,,,,,09:40,10:16,,,HAN,SGN,DPS,International,VJ,,,,,,,,,,,,
,2026-07-09,VJ430/VJ437,A662,A320,UIH-HAN-UIH,09:50,10:25,09:50,10:25,10:05,10:29,10:30,10:35,00:35,00:25,DELAY,ONTIME,ONTIME,ONTIME,,93,00:05,,,,,09:55,10:27,,,HAN,UIH,UIH,Domestic,VJ,,,,,,,,,,,,
,2026-07-09,VJ492/VJ1773,A547,A321,BMV-HAN-CXR,10:00,10:35,10:00,10:35,10:20,10:47,10:48,10:50,00:35,00:28,DELAY,ONTIME,ONTIME,DELAY,,93,00:13,,,,,10:10,10:45,,,HAN,BMV,CXR,Domestic,VJ,,,,,,,,,,,,
,2026-07-09,VJ770/VJ565,A671,A320,CXR-HAN-HUI,10:10,10:30,10:10,10:45,10:50,11:14,11:15,11:24,00:35,00:25,DELAY,DELAY,DELAY,DELAY,,93,00:30,,,,,10:45,11:12,,,HAN,CXR,HUI,Domestic,VJ,,,,,,,,,,,,
,2026-07-09,VJ1776/VJ493,A524,A321,CXR-HAN-BMV,09:55,10:30,09:55,10:50,10:35,10:59,11:00,11:07,00:55,00:25,DELAY,ONTIME,DELAY,DELAY,,93,00:10,,,,,10:25,10:57,,,HAN,CXR,BMV,Domestic,VJ,,,,,,,,,,,,
,2026-07-09,VJ536/VJ537,A537,A321,DAD-HAN-DAD,10:35,11:05,10:35,12:00,11:20,12:04,12:05,12:10,01:25,00:45,DELAY,ONTIME,DELAY,DELAY,,99,00:05,,,,,11:20,12:03,,DL 99 LATE ACCEPT 6PAX 4BAG,HAN,DAD,DAD,Domestic,VJ,,,,,,,,,,,,
,2026-07-09,VJ448/VJ901,A648,A321,PQC-HAN-BKK,10:15,11:15,10:15,11:15,10:25,11:10,11:11,11:17,01:00,00:46,EARLY,ONTIME,ONTIME,ONTIME,,,,,,,,10:45,11:07,,,HAN,PQC,BKK,International,VJ,,,,,,,,,,,,
,2026-07-09,VJ524/VJ133,A676,A320,DAD-HAN-SGN,10:40,11:20,10:40,12:10,11:40,12:19,12:20,12:28,01:30,00:40,DELAY,ONTIME,DELAY,DELAY,,66,00:10,,,,,11:42,12:17,,CREW OB 1149L,HAN,DAD,SGN,Domestic,VJ,,,,,,,,,,,,
,2026-07-09,VJ130/VJ507,A634,A321,SGN-HAN-DAD,10:50,11:10,10:50,11:55,11:05,11:50,11:52,11:57,01:05,00:47,EARLY,ONTIME,DELAY,ONTIME,,,,,,,,11:00,11:48,,,HAN,SGN,DAD,Domestic,VJ,,,,,,,,,,,,
,2026-07-09,VJ504/VJ135,A815,A330,DAD-HAN-SGN,10:45,11:30,10:45,11:30,11:00,11:40,11:42,11:43,00:45,00:42,DELAY,ONTIME,ONTIME,ONTIME,,93,00:12,,,,,11:00,11:37,,,HAN,DAD,SGN,Domestic,VJ,,,,,,,,,,,,
,2026-07-09,VJ1772/VJ1453,A500,A321,CXR-HAN-PQC,11:15,11:50,11:15,12:20,11:50,12:19,12:20,12:35,01:05,00:30,ONTIME,ONTIME,DELAY,DELAY,,,,,,,,11:45,12:17,,,HAN,CXR,PQC,Domestic,VJ,,,,,,,,,,,,
,2026-07-09,VJ422/VJ515,A632,A321,PXU-HAN-DAD,10:50,12:10,10:50,12:10,11:05,12:19,12:20,12:25,01:20,01:15,DELAY,ONTIME,ONTIME,ONTIME,,34,00:10,,,,,11:40,12:18,,DL34 LACK OF SHUTTLE BUS,HAN,PXU,DAD,Domestic,VJ,,,,,,,,,,,,
,2026-07-09,VJ128/VJ137,A669,A320,SGN-HAN-SGN,11:50,12:20,11:50,13:05,13:10,13:34,13:35,14:45,01:15,00:25,DELAY,DELAY,DELAY,DELAY,,93,00:30,,,,,13:00,13:04,,,HAN,SGN,SGN,Domestic,VJ,,,,,,,,,,,,
,2026-07-09,VJ981/VJ453,A667,A321,PUS-HAN-PQC,10:40,13:00,10:40,13:00,10:35,12:54,12:55,13:01,02:20,02:20,EARLY,ONTIME,ONTIME,ONTIME,,,,,,,,12:20,12:52,,,HAN,PUS,PQC,Domestic,VJ,,,,,,,,,,,,
,2026-07-09,VJ432/VJ509,A655,A320,UIH-HAN-DAD,12:35,13:05,12:35,13:05,12:40,13:09,13:10,13:20,00:30,00:30,DELAY,ONTIME,ONTIME,ONTIME,,87,00:05,,,,,12:40,13:08,,DL87 GATE LIMIT,HAN,UIH,DAD,Domestic,VJ,,,,,,,,,,,,
,2026-07-09,VJ462/VJ787,A642,A321,VCA-HAN-CXR,11:40,13:10,11:40,13:10,12:12,13:07,13:08,13:20,01:30,00:56,EARLY,ONTIME,ONTIME,DELAY,,,,,,,,12:27,13:04,,,HAN,VCA,CXR,Domestic,VJ,,,,,,,,,,,,
,2026-07-09,VJ959/VJ433,A633,A321,FUK-HAN-UIH,11:25,13:20,11:25,13:20,11:40,13:19,13:20,13:35,01:55,01:40,ONTIME,ONTIME,ONTIME,ONTIME,,,,,,,,12:45,13:17,,,HAN,FUK,UIH,Domestic,VJ,,,,,,,,,,,,
,2026-07-09,VJ939/VJ948,A674,A321,KIX-HAN-RMQ,12:20,13:30,12:20,13:30,12:25,13:34,13:35,13:45,01:10,01:10,DELAY,ONTIME,ONTIME,ONTIME,,15A,00:05,,,,,12:55,13:32,,DL15A OFLD 1PAX 4 BAG,HAN,KIX,RMQ,International,VJ,,,,,,,,,,,,
,2026-07-09,VJ564/VJ441,A539,A321,HUI-HAN-PQC,12:20,14:00,12:20,14:00,13:45,14:06,14:07,14:15,01:40,00:22,DELAY,ONTIME,ONTIME,DELAY,,93,00:07,,,,,13:40,14:03,,,HAN,HUI,PQC,Domestic,VJ,,,,,,,,,,,,
,2026-07-09,VJ134/VJ525,A687,A321,SGN-HAN-DAD,13:30,14:05,13:30,14:40,14:40,15:14,15:15,15:27,01:10,00:35,DELAY,DELAY,DELAY,DELAY,,93,00:30,66,00:05,,,14:40,15:15,,CREW OB 1549L,HAN,SGN,DAD,Domestic,VJ,,,,,,,,,,,,
,2026-07-09,VJ933/VJ942,A525,A321,NRT-HAN-TPE,13:05,14:25,13:05,14:25,13:10,14:24,14:25,14:39,01:20,01:15,ONTIME,ONTIME,ONTIME,ONTIME,,,,,,,,13:30,14:22,,,HAN,NRT,TPE,International,VJ,,,,,,,,,,,,
,2026-07-09,VJ1981/VJ7316,A656,A320,ENH-HAN-ENH,14:00,14:30,14:00,14:30,13:50,14:23,14:24,14:30,00:30,00:34,EARLY,ONTIME,ONTIME,ONTIME,,,,,,,,14:00,14:20,,,HAN,ENH,ENH,International,VJ,,,,,,,,,,,,
,2026-07-09,VJ1504/VJ1505,A553,A321,DAD-HAN-DAD,14:00,14:35,14:00,17:30,16:45,17:29,17:30,18:24,03:30,00:45,ONTIME,ONTIME,DELAY,DELAY,,,,,,,,16:45,17:27,,LATE PUSHBACK DUE TO ATC,HAN,DAD,DAD,Domestic,VJ,,,,,,,,,,,,
,2026-07-09,VJ963/VJ946,A698,A321,ICN-HAN-KHH,08:55,14:35,08:55,14:35,09:00,14:27,14:28,14:31,05:40,05:28,EARLY,ONTIME,ONTIME,ONTIME,,,,,,,,13:50,14:25,,,HAN,ICN,KHH,International,VJ,,,,,,,,,,,,
,2026-07-09,VJ961/VJ1125,A697,A321,ICN-HAN-SGN,13:35,14:40,13:35,14:40,13:45,14:44,14:45,14:50,01:05,01:00,DELAY,ONTIME,ONTIME,ONTIME,,99,00:05,,,,,14:00,14:41,,DL99 LATE ACCEPT 11PAX/5PCS,HAN,ICN,SGN,Domestic,VJ,,,,,,,,,,,,
,2026-07-09,VJ440/VJ467,A550,A321,PQC-HAN-VCA,14:05,14:40,14:05,14:40,14:15,14:44,14:45,14:50,00:35,00:30,DELAY,ONTIME,ONTIME,ONTIME,,93,00:05,,,,,14:05,14:42,,,HAN,PQC,VCA,Domestic,VJ,,,,,,,,,,,,
,2026-07-09,VJ538/VJ145,A537,A321,DAD-HAN-SGN,14:15,14:50,14:15,16:00,15:55,16:34,16:35,16:45,01:45,00:40,DELAY,DELAY,DELAY,DELAY,,93,00:25,66,00:10,,,15:55,16:32,,CREW OB 1606L,HAN,DAD,SGN,Domestic,VJ,,,,,,,,,,,,
,2026-07-09,VJ436/VJ423,A662,A320,UIH-HAN-PXU,14:10,15:05,14:10,15:05,14:20,15:09,15:10,15:17,00:55,00:50,DELAY,ONTIME,ONTIME,ONTIME,,15A,00:05,,,,,14:25,15:07,,OFLD 10PAX 01BAG,HAN,UIH,PXU,Domestic,VJ,,,,,,,,,,,,
,2026-07-09,VJ566/VJ1451,A671,A320,HUI-HAN-PQC,14:20,15:05,14:20,15:05,14:25,15:00,15:01,15:05,00:45,00:36,EARLY,ONTIME,ONTIME,ONTIME,,,,,,,,14:25,14:57,,,HAN,HUI,PQC,Domestic,VJ,,,,,,,,,,,,
,2026-07-09,VJ510/VJ511,A634,A321,DAD-HAN-DAD,14:35,15:05,15:20,16:00,15:55,16:24,16:25,16:30,00:40,00:30,DELAY,DELAY,DELAY,DELAY,,93,00:25,,,,,15:55,16:21,,,HAN,DAD,DAD,Domestic,VJ,,,,,,,,,,,,
,2026-07-09,VJ136/VJ419,A629,A321,SGN-HAN-TBB,14:15,15:20,14:15,15:20,15:20,15:49,15:50,16:15,01:05,00:30,DELAY,DELAY,DELAY,DELAY,,93,00:30,,,,,15:15,15:47,,LATE PUSHBACK DUE TO ATC,HAN,SGN,TBB,Domestic,VJ,,,,,,,,,,,,
,2026-07-09,VJ1774/VJ439,A547,A321,CXR-HAN-UIH,14:45,15:40,14:45,15:40,15:20,15:47,15:48,15:55,00:55,00:28,DELAY,ONTIME,ONTIME,DELAY,,93,00:08,,,,,15:17,15:45,,,HAN,CXR,UIH,Domestic,VJ,,,,,,,,,,,,
,2026-07-09,VJ138/VJ147,A699,A320,SGN-HAN-SGN,15:15,15:45,15:15,16:20,16:00,16:24,16:25,17:30,01:05,00:25,DELAY,ONTIME,DELAY,DELAY,,93,00:05,,,,,16:00,16:21,,LATE PUSHBACK DUE TO ATC,HAN,SGN,SGN,Domestic,VJ,,,,,,,,,,,,
,2026-07-09,VJ494/VJ903,A524,A321,BMV-HAN-BKK,14:30,15:45,14:30,15:45,15:10,15:49,15:50,16:00,01:15,00:40,DELAY,ONTIME,ONTIME,DELAY,,66,00:05,,,,,15:30,15:48,,CREW OB 1530L,HAN,BMV,BKK,International,VJ,,,,,,,,,,,,
,2026-07-09,VJ464/VJ567,A663,A320,VCA-HAN-HUI,15:10,15:55,15:10,16:20,16:00,16:29,16:30,18:08,01:10,00:30,DELAY,ONTIME,DELAY,DELAY,,93,00:05,66,00:05,,,16:04,16:27,,CREW OB 1609L / LATE PB DUE TO ATC,HAN,VCA,HUI,Domestic,VJ,,,,,,,,,,,,
,2026-07-09,VJ508/VJ773,A632,A321,DAD-HAN-CXR,15:25,16:00,15:25,16:50,16:15,16:49,16:50,18:20,01:25,00:35,ONTIME,ONTIME,DELAY,DELAY,,,,,,,,16:15,16:48,,LATE PUSHBACK DUE TO ATC,HAN,DAD,CXR,Domestic,VJ,,,,,,,,,,,,
,2026-07-09,VJ426/VJ539,A523,A321,PXU-HAN-DAD,15:00,16:55,15:00,16:55,14:55,16:54,16:55,17:45,01:55,02:00,ONTIME,ONTIME,DELAY,ONTIME,,,,,,,,15:58,16:52,,LATE PUSHBACK DUE TO ATC,HAN,PXU,DAD,Domestic,VJ,,,,,,,,,,,,
,2026-07-09,VJ953/VJ465,A666,A320,HIJ-HAN-VCA,16:10,17:00,16:10,18:00,17:45,18:09,18:10,18:36,01:50,00:25,DELAY,ONTIME,DELAY,DELAY,,93,00:10,,,,,17:45,18:07,,LATE PUSHBACK DUE TO ATC,HAN,HIJ,VCA,Domestic,VJ,,,,,,,,,,,,
,2026-07-09,VJ530/VJ457,A644,A321,DAD-HAN-PQC,16:35,17:10,16:35,18:00,18:05,18:34,18:35,18:58,01:25,00:30,DELAY,DELAY,DELAY,DELAY,,93,00:35,,,,,18:05,18:32,,LATE PUSHBACK DUE TO ATC,HAN,DAD,PQC,Domestic,VJ,,,,,,,,,,,,
,2026-07-09,VJ1454/VJ495,A500,A321,PQC-HAN-BMV,16:35,17:30,16:35,18:10,18:10,18:39,18:40,19:05,01:35,00:30,DELAY,DELAY,DELAY,DELAY,,93,00:30,,,,,17:58,18:37,,LATE PUSHBACK DUE TO ATC,HAN,PQC,BMV,Domestic,VJ,,,,,,,,,,,,
,2026-07-09,VJ142/VJ1431,A542,A321,SGN-HAN-UIH,15:30,17:40,15:30,17:40,17:15,17:44,17:45,18:18,02:10,00:30,DELAY,ONTIME,DELAY,DELAY,,93,00:05,,,,,17:15,17:42,,LATE PUSHBACK DUE TO ATC,HAN,SGN,UIH,Domestic,VJ,,,,,,,,,,,,
,2026-07-09,VJ902/VJ141,A648,A321,BKK-HAN-SGN,15:55,17:45,15:55,17:45,16:25,18:07,18:08,18:45,01:50,01:43,DELAY,DELAY,DELAY,DELAY,,95,00:23,,,,,17:30,18:04,,"CREW FR VJ142 OB 1737L, LATE PUSHBACK DUE TO ATC",HAN,BKK,SGN,Domestic,VJ,,,,,,,,,,,,
,2026-07-09,VJ774/VJ517,A642,A321,CXR-HAN-DAD,17:15,17:45,17:15,19:05,18:35,19:04,19:05,19:44,01:50,00:30,ONTIME,ONTIME,DELAY,DELAY,,,,,,,,18:35,19:03,,LATE PUSHBACK DUE TO ATC,HAN,CXR,DAD,Domestic,VJ,,,,,,,,,,,,
,2026-07-09,VJ140/VJ151,A651,A321,SGN-HAN-SGN,17:15,17:50,17:15,18:50,19:05,19:33,19:35,20:00,01:35,00:30,DELAY,DELAY,DELAY,DELAY,,93,00:45,,,,,18:52,19:32,,LATE PUSHBACK DUE TO ATC,HAN,SGN,SGN,Domestic,VJ,,,,,,,,,,,,
,2026-07-09,VJ528/VJ781,A687,A321,DAD-HAN-CXR,17:25,18:15,17:25,20:40,20:20,20:47,20:48,20:58,03:15,00:28,DELAY,ONTIME,DELAY,DELAY,,93,00:08,,,,,20:00,20:45,,,HAN,DAD,CXR,Domestic,VJ,,,,,,,,,,,,
,2026-07-09,VJ916/VJ153,A685,A321,SIN-HAN-SGN,17:25,18:25,17:25,18:25,18:00,18:34,18:35,19:25,01:00,00:35,DELAY,ONTIME,DELAY,DELAY,,93,00:05,66,00:05,,,18:00,18:32,,CREW OB 1817L/LATE PUSHBACK DUE TO ATC,HAN,SIN,SGN,Domestic,VJ,,,,,,,,,,,,
,2026-07-09,VJ434/VJ789,A633,A321,UIH-HAN-CXR,17:10,18:45,17:10,18:45,17:45,18:44,18:45,19:30,01:35,01:00,ONTIME,ONTIME,DELAY,DELAY,,,,,,,,18:00,18:42,,LATE PUSHBACK DUE TO ATC,HAN,UIH,CXR,Domestic,VJ,,,,,,,,,,,,
,2026-07-09,VJ148/VJ155,A546,A321,SGN-HAN-SGN,18:40,19:10,18:40,19:10,19:20,19:49,19:50,20:00,00:30,00:30,DELAY,DELAY,DELAY,DELAY,,93,00:40,,,,,19:20,19:48,,,HAN,SGN,SGN,Domestic,VJ,,,,,,,,,,,,
,2026-07-09,VJ512/VJ521,A634,A321,DAD-HAN-DAD,18:15,18:45,20:00,20:40,20:00,20:39,20:40,20:48,00:40,00:40,ONTIME,ONTIME,DELAY,DELAY,,,,,,,,20:03,20:37,,,HAN,DAD,DAD,Domestic,VJ,,,,,,,,,,,,
,2026-07-09,VJ424/VJ561,A662,A320,PXU-HAN-HUI,18:45,19:15,18:45,20:20,19:55,20:19,20:20,20:50,01:35,00:25,ONTIME,ONTIME,DELAY,DELAY,,,,,,,,19:50,20:17,,LATE PUSHBACK DUE TO ATC,HAN,PXU,HUI,Domestic,VJ,,,,,,,,,,,,
,2026-07-09,VJ456/VJ157,A667,A321,PQC-HAN-SGN,17:45,19:30,17:45,19:30,18:45,19:29,19:30,20:20,01:45,00:45,ONTIME,ONTIME,DELAY,DELAY,,,,,,,,18:47,19:27,,,HAN,PQC,SGN,Domestic,VJ,,,,,,,,,,,,
,2026-07-09,VJ931/VJ971,A580,A321,KIX-HAN-DEL,18:30,19:40,18:30,19:40,19:00,20:14,20:15,20:20,01:10,01:15,DELAY,DELAY,DELAY,DELAY,,66,00:15,99,00:20,,,19:20,20:12,,CREW HN OB 1920LT / LATE ACPT TRANSIT PAX,HAN,KIX,DEL,International,VJ,,,,,,,,,,,,
,2026-07-09,VJ442/VJ519,A539,A321,PQC-HAN-DAD,19:05,19:25,19:05,20:40,20:10,20:39,20:40,21:00,01:35,00:30,ONTIME,ONTIME,DELAY,DELAY,,,,,,,,20:05,20:12,,LATE PUSHBACK DUE TO ATC,HAN,PQC,DAD,Domestic,VJ,,,,,,,,,,,,
,2026-07-09,VJ568/VJ7712,A663,A320,HUI-HAN-PKX,18:55,19:55,18:55,22:10,21:25,22:05,22:06,22:10,03:15,00:41,EARLY,ONTIME,DELAY,DELAY,,,,,,,,21:45,22:03,,,HAN,HUI,PKX,International,VJ,,,,,,,,,,,,
,2026-07-09,VJ928/VJ1925,A526,A321,CGK-HAN-AMD,18:50,19:55,18:50,19:55,19:30,20:14,20:15,20:25,01:05,00:45,DELAY,DELAY,DELAY,DELAY,,93,00:05,66,00:15,,,19:40,20:12,,CREW HN OB 1945LT,HAN,CGK,AMD,International,VJ,,,,,,,,,,,,
,2026-07-09,VJ949/VJ1785,A674,A321,RMQ-HAN-CXR,19:50,20:00,19:50,21:00,20:25,20:59,21:00,21:15,01:10,00:35,ONTIME,ONTIME,DELAY,DELAY,,,,,,,,20:25,20:57,,,HAN,RMQ,CXR,Domestic,VJ,,,,,,,,,,,,
,2026-07-09,VJ152/VJ159,A528,A321,SGN-HAN-SGN,19:20,20:10,19:20,22:20,20:35,22:19,22:20,22:30,03:00,01:45,ONTIME,ONTIME,DELAY,DELAY,,,,,,,,22:00,22:18,,,HAN,SGN,SGN,Domestic,VJ,,,,,,,,,,,,
,2026-07-09,VJ438/VJ783,A547,A321,UIH-HAN-CXR,19:25,20:25,19:25,20:55,20:15,20:54,20:55,21:05,01:30,00:40,ONTIME,ONTIME,DELAY,DELAY,,,,,,,,20:15,20:52,,,HAN,UIH,CXR,Domestic,VJ,,,,,,,,,,,,
,2026-07-09,VJ420/VJ523,A629,A321,TBB-HAN-DAD,19:25,20:50,19:25,20:50,20:25,21:09,21:10,21:15,01:25,00:45,DELAY,DELAY,DELAY,DELAY,,93,00:05,34,00:15,,,20:25,21:07,,LACK OF COBUS,HAN,TBB,DAD,Domestic,VJ,,,,,,,,,,,,
,2026-07-09,VJ468/VJ161,A550,A321,VCA-HAN-SGN,19:50,20:55,19:50,20:55,20:40,21:19,21:20,21:25,01:05,00:40,DELAY,DELAY,DELAY,DELAY,,93,00:15,34,00:10,,,20:35,21:17,,LACK OF COBUS,HAN,VCA,SGN,Domestic,VJ,,,,,,,,,,,,
,2026-07-09,VJ7988/VJ7988,A553,A321,DAD-HAN-VVO,20:35,21:10,20:35,23:55,23:50,00:19,00:20,00:39,03:20,00:30,DELAY,DELAY,DELAY,DELAY,,93,00:25,,,,,,,X,,HAN,DAD,VVO,International,VJ,,,,,,,,,,,,
,2026-07-09,VJ1452/VJ7238,A671,A320,PQC-HAN-PVG,19:50,21:15,19:50,21:15,20:55,21:24,21:25,22:00,01:25,00:30,DELAY,ONTIME,DELAY,DELAY,,93,00:10,,,,,20:55,21:22,,,HAN,PQC,PVG,International,VJ,,,,,,,,,,,,
,2026-07-09,VJ154/VJ163,A641,A321,SGN-HAN-SGN,20:55,21:25,20:55,21:25,21:15,21:44,21:45,21:55,00:30,00:30,DELAY,DELAY,DELAY,DELAY,,93,00:20,,,,,21:15,21:42,,,HAN,SGN,SGN,Domestic,VJ,,,,,,,,,,,,
,2026-07-09,VJ144/VJ527,A816,A330,SGN-HAN-DAD,18:05,21:25,18:05,21:25,19:40,21:34,21:35,21:40,03:20,01:55,DELAY,ONTIME,ONTIME,DELAY,,99,00:10,,,,,20:45,21:32,,LATE ACPT 38PAX,HAN,SGN,DAD,Domestic,VJ,,,,,,,,,,,,
,2026-07-09,VJ904/VJ7526,A524,A321,BKK-HAN-CAN,20:25,22:30,20:25,22:30,21:00,22:29,22:30,22:32,02:05,01:30,ONTIME,ONTIME,ONTIME,DELAY,,,,,,,,21:45,22:27,,,HAN,BKK,CAN,International,VJ,,,,,,,,,,,,
,2026-07-09,VJ520/VJ529,A642,A321,DAD-HAN-DAD,20:55,22:35,20:55,23:35,23:40,01:14,01:15,01:20,02:40,01:35,DELAY,DELAY,DELAY,DELAY,,93,00:35,95,01:05,,,00:45,01:12,,CREW FROM VJ7988 OB 0045LT,HAN,DAD,DAD,Domestic,VJ,,,,,,,,,,,,
,2026-07-09,VJ518/VJ167,A670,A321,DAD-HAN-SGN,22:05,22:45,22:25,23:00,23:00,23:29,23:30,23:38,00:35,00:30,DELAY,DELAY,DELAY,DELAY,,93,00:30,,,,,23:00,23:27,,,HAN,DAD,SGN,Domestic,VJ,,,,,,,,,,,,
,2026-07-09,VJ947/VJ962,A698,A321,KHH-HAN-ICN,20:35,23:15,20:35,23:15,20:45,23:14,23:15,23:20,02:40,02:30,ONTIME,ONTIME,ONTIME,ONTIME,,,,,,,,22:40,23:12,,,HAN,KHH,ICN,International,VJ,,,,,,,,,,,,
,2026-07-10,____/VJ932,A203,A321,HAN-NRT,,00:30,,00:30,,00:29,00:30,00:40,,,ONTIME,ONTIME,ONTIME,,,,,,,,,23:45,00:27,,,HAN,HAN,NRT,International,VJ,,,,,,,,,,,,
,2026-07-10,____/VJ982,A542,A321,HAN-PUS,,01:05,,01:05,,01:04,01:05,00:40,,,ONTIME,ONTIME,ONTIME,,,,,,,,,00:20,01:02,,,HAN,HAN,PUS,International,VJ,,,,,,,,,,,,
,2026-07-10,VJ7614/VJ7614,A575,A321,CXR-HAN-BQS,00:40,01:15,00:40,01:15,00:50,01:19,01:20,01:30,00:35,00:30,DELAY,ONTIME,ONTIME,ONTIME,,93,00:05,,,,,,,X,,HAN,CXR,BQS,International,VJ,,,,,,,,,,,,
,2026-07-10,____/VJ938,A525,A321,HAN-KIX,,01:20,,01:20,,01:24,01:25,01:35,,,DELAY,ONTIME,ONTIME,,,15,00:05,,,,,00:40,01:22,,,HAN,HAN,KIX,International,VJ,,,,,,,,,,,,
,2026-07-10,VJ164/VJ958,A667,A321,SGN-HAN-FUK,00:20,02:05,00:20,02:05,01:45,02:29,02:30,02:33,01:45,00:45,DELAY,DELAY,DELAY,DELAY,,93,00:10,66,00:15,,,02:02,02:27,,CREW OB 0205L,HAN,SGN,FUK,International,VJ,,,,,,,,,,,,
,2026-07-10,VJ784/VJ960,A547,A321,CXR-HAN-ICN,00:40,01:40,00:40,02:10,01:45,02:24,02:25,02:29,01:30,00:40,DELAY,ONTIME,DELAY,DELAY,,93,00:05,66,00:10,,,02:00,02:22,,CREW OB 0200L,HAN,CXR,ICN,International,VJ,,,,,,,,,,,,
,2026-07-10,VJ1786/VJ920,A674,A321,CXR-HAN-NGO,00:05,01:40,00:05,02:15,01:50,02:34,02:35,02:40,02:10,00:45,DELAY,DELAY,DELAY,DELAY,,93,00:05,66,00:15,,,02:05,02:32,,CREW OB 0210L,HAN,CXR,NGO,International,VJ,,,,,,,,,,,,
,2026-07-10,____/VJ123,A666,A320,HAN-SGN,,05:30,,05:30,,05:24,05:25,05:33,,,EARLY,ONTIME,ONTIME,,,,,,,,,04:40,05:22,,,HAN,HAN,SGN,Domestic,VJ,,,,,,,,,,,,
,2026-07-10,____/VJ501,A539,A321,HAN-DAD,,05:40,,05:40,,05:39,05:40,05:50,,,ONTIME,ONTIME,ONTIME,,,,,,,,,04:50,05:37,,,HAN,HAN,DAD,Domestic,VJ,,,,,,,,,,,,
,2026-07-10,____/VJ121,A662,A320,HAN-SGN,,06:00,,06:00,,05:54,05:55,06:03,,,EARLY,ONTIME,ONTIME,,,,,,,,,05:25,05:52,,,HAN,HAN,SGN,Domestic,VJ,,,,,,,,,,,,
,2026-07-10,____/VJ491,A651,A321,HAN-BMV,,06:00,,06:00,,05:54,05:55,06:05,,,EARLY,ONTIME,ONTIME,,,,,,,,,05:25,05:52,,,HAN,HAN,BMV,Domestic,VJ,,,,,,,,,,,,
,2026-07-10,____/VJ431,A656,A320,HAN-UIH,,06:05,,06:05,,05:59,06:00,06:05,,,EARLY,ONTIME,ONTIME,,,,,,,,,05:15,05:56,,,HAN,HAN,UIH,Domestic,VJ,,,,,,,,,,,,
,2026-07-10,____/VJ1775,A672,A320,HAN-CXR,,06:20,,06:20,,06:14,06:15,06:19,,,EARLY,ONTIME,ONTIME,,,,,,,,,05:32,06:12,,,HAN,HAN,CXR,Domestic,VJ,,,,,,,,,,,,
,2026-07-10,VJ7239/VJ531,A671,A320,PVG-HAN-DAD,04:50,06:30,04:50,06:30,05:30,06:29,06:30,06:35,01:40,01:00,ONTIME,ONTIME,ONTIME,DELAY,,,,,,,,05:50,06:27,,,HAN,PVG,DAD,Domestic,VJ,,,,,,,,,,,,
,2026-07-10,VJ7527/VJ449,A524,A321,CAN-HAN-PQC,03:05,06:30,03:05,06:30,03:35,06:34,06:35,06:45,03:25,03:00,DELAY,ONTIME,ONTIME,DELAY,,99,00:05,,,,,06:00,06:32,,LATE ACPT 30PAX 15BAG,HAN,CAN,PQC,Domestic,VJ,,,,,,,,,,,,
,2026-07-10,____/VJ461,A644,A321,HAN-VCA,,06:45,,06:45,,06:44,06:45,06:55,,,ONTIME,ONTIME,ONTIME,,,,,,,,,06:05,06:42,,,HAN,HAN,VCA,Domestic,VJ,,,,,,,,,,,,
,2026-07-10,VJ972/VJ1771,A580,A321,DEL-HAN-CXR,05:40,07:00,05:40,07:00,06:25,07:09,07:10,07:24,01:20,00:45,DELAY,ONTIME,DELAY,DELAY,,66,00:10,,,,,06:25,07:08,,CREW HN OB 0649LT,HAN,DEL,CXR,Domestic,VJ,,,,,,,,,,,,
,2026-07-10,VJ7713/VJ125,A663,A320,PKX-HAN-SGN,06:10,07:00,06:10,07:00,06:05,06:59,07:00,07:15,00:50,00:55,ONTIME,ONTIME,ONTIME,ONTIME,,,,,,,,06:05,06:58,,,HAN,PKX,SGN,Domestic,VJ,,,,,,,,,,,,
,2026-07-10,____/VJ535,A687,A321,HAN-DAD,,07:25,,07:25,,07:19,07:20,07:29,,,EARLY,ONTIME,ONTIME,,,,,,,,,06:38,07:16,,,HAN,HAN,DAD,Domestic,VJ,,,,,,,,,,,,
,2026-07-10,____/VJ905,A697,A321,HAN-KUL,,07:25,,07:25,,07:19,07:20,07:27,,,EARLY,ONTIME,ONTIME,,,,,,,,,06:45,07:17,,,HAN,HAN,KUL,International,VJ,,,,,,,,,,,,
,2026-07-10,____/VJ503,A629,A321,HAN-DAD,,07:30,,07:30,,07:21,07:22,07:34,,,EARLY,ONTIME,ONTIME,,,,,,,,,06:50,07:19,,,HAN,HAN,DAD,Domestic,VJ,,,,,,,,,,,,
,2026-07-10,VJ502/VJ421,A689,A320,DAD-HAN-PXU,07:00,07:35,07:00,07:35,06:55,07:34,07:35,07:38,00:35,00:40,ONTIME,ONTIME,ONTIME,ONTIME,,,,,,,,06:55,07:28,,,HAN,DAD,PXU,Domestic,VJ,,,,,,,,,,,,
,2026-07-10,____/VJ934,A521,A321,HAN-NRT,,07:55,,07:55,,07:54,07:55,08:05,,,ONTIME,ONTIME,ONTIME,,,,,,,,,07:10,07:53,,,HAN,HAN,NRT,International,VJ,,,,,,,,,,,,
,2026-07-10,VJ120/VJ127,A669,A320,SGN-HAN-SGN,07:10,08:10,07:10,08:10,,08:06,08:07,08:10,01:00,,EARLY,ONTIME,ONTIME,ONTIME,,,,,,,,07:26,08:03,,,HAN,SGN,SGN,Domestic,VJ,,,,,,,,,,,,
,2026-07-10,____/VJ929,A500,A321,HAN-CGK,,08:40,,08:40,,08:39,08:40,08:48,,,ONTIME,ONTIME,ONTIME,,,,,,,,,07:50,08:35,,,HAN,HAN,CGK,International,VJ,,,,,,,,,,,,
,2026-07-10,VJ124/VJ129,A546,A321,SGN-HAN-SGN,08:15,08:45,08:15,08:45,08:05,08:44,08:45,08:49,00:30,00:40,ONTIME,ONTIME,ONTIME,ONTIME,,,,,,,,08:05,08:40,,,HAN,SGN,SGN,Domestic,VJ,,,,,,,,,,,,
,2026-07-10,VJ504/VJ435,A655,A320,DAD-HAN-UIH,14:00,08:50,14:00,08:50,08:30,08:49,08:50,08:56,18:50,00:20,ONTIME,ONTIME,ONTIME,ONTIME,,,,,,,,08:20,08:46,,,HAN,DAD,UIH,Domestic,VJ,,,,,,,,,,,,
,2026-07-10,VJ514/VJ563,A539,A321,DAD-HAN-HUI,08:50,09:20,08:50,09:20,09:15,09:44,09:45,09:50,00:30,00:30,DELAY,DELAY,DELAY,DELAY,,93,00:25,,,,,09:10,09:42,,,HAN,DAD,HUI,Domestic,VJ,,,,,,,,,,,,
,2026-07-10,____/VJ948,A549,A321,HAN-RMQ,,10:00,,09:55,,09:54,09:55,10:02,,,ONTIME,ONTIME,ONTIME,,,,,,,,,09:10,09:50,,,HAN,HAN,RMQ,International,VJ,,,,,,,,,,,,
,2026-07-10,____/VJ1773,A526,A321,HAN-CXR,,10:00,,10:00,,09:59,10:00,10:10,,,ONTIME,ONTIME,ONTIME,,,,,,,,,09:15,09:56,,,HAN,HAN,CXR,Domestic,VJ,,,,,,,,,,,,
,2026-07-10,VJ1124/VJ1433,A699,A320,SGN-HAN-UIH,09:40,10:10,09:40,10:10,09:55,10:14,10:15,10:23,00:30,00:20,DELAY,ONTIME,ONTIME,ONTIME,,93,00:05,,,,,09:55,10:12,,,HAN,SGN,UIH,Domestic,VJ,,,,,,,,,,,,
,2026-07-10,VJ532/VJ463,A671,A320,DAD-HAN-VCA,09:45,10:20,09:45,10:20,10:00,10:19,10:20,10:25,00:35,00:20,ONTIME,ONTIME,ONTIME,ONTIME,,,,,,,,10:00,10:15,,,HAN,DAD,VCA,Domestic,VJ,,,,,,,,,,,,
,2026-07-10,VJ430/VJ437,A656,A320,UIH-HAN-UIH,09:50,10:25,09:50,10:25,09:40,10:22,10:23,10:35,00:35,00:43,EARLY,ONTIME,ONTIME,ONTIME,,,,,,,,09:53,10:20,,,HAN,UIH,UIH,Domestic,VJ,,,,,,,,,,,,
,2026-07-10,VJ963/VJ997,A698,A321,ICN-HAN-DPS,08:55,10:25,08:55,10:25,09:00,10:24,10:25,10:32,01:30,01:25,ONTIME,ONTIME,ONTIME,ONTIME,,,,,,,,09:30,10:20,,,HAN,ICN,DPS,International,VJ,,,,,,,,,,,,
,2026-07-10,VJ492/VJ493,A651,A321,BMV-HAN-BMV,10:00,10:30,10:00,10:30,10:25,10:49,10:50,10:54,00:30,00:25,DELAY,DELAY,DELAY,DELAY,,93,00:20,,,,,10:25,10:40,,,HAN,BMV,BMV,Domestic,VJ,,,,,,,,,,,,
,2026-07-10,VJ933/VJ131,A203,A321,NRT-HAN-SGN,13:05,10:10,13:05,14:00,13:30,14:34,14:35,14:48,00:55,01:05,DELAY,DELAY,DELAY,DELAY,,66,00:10,99,00:25,,,13:30,14:31,,CREW OB 1341 / CHANGE AIRCRAFT DOWNCONFIG,HAN,NRT,SGN,Domestic,VJ,,,,,,,,,,,,
,2026-07-10,____/VJ942,A633,A321,HAN-TPE,,11:00,,11:00,,11:09,11:10,11:15,,,DELAY,ONTIME,ONTIME,,,15A,00:10,,,,,10:10,11:00,,OFFLOAD 2PAX 2BAG,HAN,HAN,TPE,International,VJ,,,,,,,,,,,,
,2026-07-10,VJ536/VJ537,A687,A321,DAD-HAN-DAD,10:35,11:05,10:35,11:05,10:55,11:24,11:25,11:27,00:30,00:30,DELAY,DELAY,DELAY,DELAY,,93,00:20,,,,,10:55,11:20,,,HAN,DAD,DAD,Domestic,VJ,,,,,,,,,,,,
,2026-07-10,VJ430/VJ437,A656,A320,UIH-HAN-UIH,09:50,10:25,09:50,10:25,09:40,10:22,10:23,10:35,00:35,00:43,EARLY,ONTIME,ONTIME,ONTIME,,,,,,,,09:57,10:20,,,HAN,UIH,UIH,Domestic,VJ,,,,,,,,,,,,
,2026-07-10,VJ1776/VJ565,A672,A320,CXR-HAN-HUI,10:30,11:30,10:30,11:30,11:30,11:54,11:55,12:10,01:00,00:25,DELAY,DELAY,DELAY,DELAY,,93,00:25,,,,,11:25,11:52,,,HAN,CXR,HUI,Domestic,VJ,,,,,,,,,,,,
,2026-07-10,VJ422/VJ451,A689,A320,PXU-HAN-PQC,11:15,11:45,11:15,11:45,11:15,11:48,11:50,11:54,00:30,00:35,DELAY,ONTIME,ONTIME,ONTIME,,15,00:05,,,,,11:08,11:45,,LACK OF BOARDING STAFFS,HAN,PXU,PQC,Domestic,VJ,,,,,,,,,,,,
,2026-07-10,VJ450/VJ775,A524,A321,PQC-HAN-CXR,11:15,11:45,11:15,11:45,11:50,12:29,12:30,12:45,00:30,00:40,DELAY,DELAY,DELAY,DELAY,,93,00:35,89,00:10,,,11:50,12:25,,VIP MOVE,HAN,PQC,CXR,Domestic,VJ,,,,,,,,,,,,
,2026-07-10,VJ130/VJ901,A641,A321,SGN-HAN-BKK,10:50,11:55,10:50,11:55,11:10,11:54,11:55,11:58,01:05,00:45,ONTIME,ONTIME,ONTIME,DELAY,,,,,,,,11:15,11:50,,LATE TAKEOFF DUE TO ATC,HAN,SGN,BKK,International,VJ,,,,,,,,,,,,
,2026-07-10,____/VJ135,A523,A321,HAN-SGN,,12:00,,12:00,,12:19,12:20,12:30,,,DELAY,DELAY,DELAY,,,,,99,00:20,,,11:15,12:15,,SUPPORT OVERBOOK,HAN,HAN,SGN,Domestic,VJ,,,,,,,,,,,,
,2026-07-10,VJ7989/VJ7989,A553,A321,VVO-HAN-DAD,09:00,09:30,09:00,13:05,13:15,13:39,13:40,13:41,04:05,00:25,DELAY,DELAY,DELAY,DELAY,,93,00:35,,,,,,,X,,HAN,VVO,DAD,Domestic,VJ,,,,,,,,,,,,
,2026-07-10,VJ981/VJ1453,A542,A321,PUS-HAN-PQC,10:40,12:00,10:40,12:00,10:30,12:08,12:09,12:15,01:20,01:39,DELAY,ONTIME,ONTIME,ONTIME,,15,00:09,,,,,11:15,12:06,,LACK OF BOARDING STAFFS,HAN,PUS,PQC,Domestic,VJ,,,,,,,,,,,,
,2026-07-10,VJ462/VJ425,A644,A321,VCA-HAN-PXU,11:40,12:00,11:40,12:55,12:25,12:54,12:55,13:13,01:15,00:30,ONTIME,ONTIME,DELAY,DELAY,,,,,,,,12:20,12:50,,,HAN,VCA,PXU,Domestic,VJ,,,,,,,,,,,,
,2026-07-10,VJ1772/VJ515,A632,A321,CXR-HAN-DAD,11:25,12:10,11:25,12:50,12:15,13:04,13:05,13:25,01:25,00:50,DELAY,ONTIME,DELAY,DELAY,,,,66,00:05,15A,00:10,12:15,13:00,,CREW HN OB 1228L/OFLD 2 PAX 2 BAGS,HAN,CXR,DAD,Domestic,VJ,,,,,,,,,,,,
,2026-07-10,VJ564/VJ137,A539,A321,HUI-HAN-SGN,12:20,12:20,12:20,12:20,13:20,14:14,14:15,14:26,00:00,00:55,DELAY,DELAY,DELAY,DELAY,,93,01:30,95,00:25,,,13:40,14:12,,CHANGE CREW  VJ128 OB 1340,HAN,HUI,SGN,Domestic,VJ,,,,,,,,,,,,
,2026-07-10,VJ959/VJ133,A667,A321,FUK-HAN-SGN,11:25,12:00,11:25,12:25,11:45,12:34,12:35,12:40,01:00,00:50,DELAY,ONTIME,DELAY,DELAY,,89,00:10,,,,,11:45,12:32,,LATE TAKEOFF DUE TO ATC / VIP FLIGHT,HAN,FUK,SGN,Domestic,VJ,,,,,,,,,,,,
,2026-07-10,VJ128/VJ453,A663,A320,SGN-HAN-PQC,11:50,13:00,11:50,13:30,13:25,13:54,13:55,14:10,01:40,00:30,DELAY,DELAY,DELAY,DELAY,,93,00:20,66,00:05,,,13:25,13:50,,CREW HN OB 1334L,HAN,SGN,PQC,Domestic,VJ,,,,,,,,,,,,
,2026-07-10,VJ196/VJ787,A684,A321,SGN-HAN-CXR,12:40,13:10,12:40,13:10,13:25,13:54,13:55,13:58,00:30,00:30,DELAY,DELAY,DELAY,DELAY,,93,00:45,,,,,13:25,13:50,,,HAN,SGN,CXR,Domestic,VJ,,,,,,,,,,,,
,2026-07-10,VJ432/VJ433,A655,A320,UIH-HAN-UIH,12:35,13:20,12:35,13:20,13:05,13:29,13:30,13:35,00:45,00:25,DELAY,ONTIME,ONTIME,DELAY,,93,00:10,,,,,13:05,13:26,,,HAN,UIH,UIH,Domestic,VJ,,,,,,,,,,,,
,2026-07-10,VJ939/VJ441,A525,A321,KIX-HAN-PQC,12:20,14:00,12:20,14:00,12:45,13:59,14:00,14:10,01:40,01:15,ONTIME,ONTIME,ONTIME,DELAY,,,,,,,,13:10,13:55,,,HAN,KIX,PQC,Domestic,VJ,,,,,,,,,,,,
,2026-07-10,VJ921/VJ525,A674,A321,NGO-HAN-DAD,12:50,14:05,12:50,14:55,14:15,15:09,15:10,15:19,02:05,00:55,DELAY,ONTIME,DELAY,DELAY,,63A,00:15,,,,,14:40,15:05,,CREW HN OB 1445L,HAN,NGO,DAD,Domestic,VJ,,,,,,,,,,,,
,2026-07-10,VJ134/VJ509,A669,A320,SGN-HAN-DAD,13:30,14:10,13:30,14:10,13:50,14:24,14:25,14:35,00:40,00:35,DELAY,ONTIME,DELAY,DELAY,,93,00:05,66,00:10,,,13:50,14:22,,CREW OB 1400L,HAN,SGN,DAD,Domestic,VJ,,,,,,,,,,,,
,2026-07-10,VJ7615/VJ7615,A575,A321,BQS-HAN-CXR,13:45,14:15,13:45,14:15,13:57,14:20,14:21,14:28,00:30,00:24,DELAY,ONTIME,ONTIME,ONTIME,,93,00:06,,,,,,,X,,HAN,BQS,CXR,Domestic,VJ,,,,,,,,,,,,
,2026-07-10,VJ1434/VJ1125,A699,A320,UIH-HAN-SGN,14:00,14:30,14:00,14:30,14:20,14:43,14:44,14:45,00:30,00:24,DELAY,ONTIME,ONTIME,DELAY,,93,00:14,,,,,14:20,14:40,,,HAN,UIH,SGN,Domestic,VJ,,,,,,,,,,,,
,2026-07-10,VJ961/VJ946,A547,A321,ICN-HAN-KHH,13:35,14:35,13:35,14:35,13:55,14:44,14:45,14:50,01:00,00:50,DELAY,ONTIME,ONTIME,DELAY,,,,15A,00:10,,,14:05,14:40,,OFFLOAD 1PAX 2BAG,HAN,ICN,KHH,International,VJ,,,,,,,,,,,,
,2026-07-10,VJ1504/VJ1505,A543,A321,DAD-HAN-DAD,14:00,14:35,14:00,15:30,15:20,15:49,15:50,16:00,01:30,00:30,DELAY,DELAY,DELAY,DELAY,,93,00:20,,,,,15:10,15:46,,,HAN,DAD,DAD,Domestic,VJ,,,,,,,,,,,,
,2026-07-10,VJ136/VJ145,A662,A320,SGN-HAN-SGN,14:10,14:45,14:10,15:15,15:05,15:39,15:40,15:41,01:05,00:35,DELAY,DELAY,DELAY,DELAY,,93,00:15,66,00:10,,,15:10,15:35,,CREW HN OB 1514L,HAN,SGN,SGN,Domestic,VJ,,,,,,,,,,,,
,2026-07-10,VJ538/VJ467,A687,A321,DAD-HAN-VCA,14:15,14:50,14:15,15:25,14:50,15:37,15:38,15:47,01:10,00:48,DELAY,ONTIME,DELAY,DELAY,,15,00:13,,,,,14:50,15:35,,LACK OF BOARDING STAFFS,HAN,DAD,VCA,Domestic,VJ,,,,,,,,,,,,
,2026-07-10,VJ1774/VJ511,A635,A321,CXR-HAN-DAD,14:25,15:05,14:25,15:05,14:45,15:24,15:25,15:30,00:40,00:40,DELAY,DELAY,DELAY,DELAY,,93,00:10,66,00:10,,,14:50,15:20,,CREW HN OB 1453L,HAN,CXR,DAD,Domestic,VJ,,,,,,,,,,,,
,2026-07-10,VJ510/VJ423,A629,A321,DAD-HAN-PXU,14:35,15:05,14:35,15:05,14:57,15:34,15:35,15:43,00:30,00:38,DELAY,DELAY,DELAY,DELAY,,93,00:22,66,00:08,,,15:00,15:30,,CREW OB 1507L,HAN,DAD,PXU,Domestic,VJ,,,,,,,,,,,,
,2026-07-10,VJ494/VJ1451,A651,A321,BMV-HAN-PQC,14:30,15:05,14:30,15:45,15:10,15:44,15:45,15:55,01:15,00:35,ONTIME,ONTIME,DELAY,DELAY,,,,,,,,15:05,15:41,,,HAN,BMV,PQC,Domestic,VJ,,,,,,,,,,,,
,2026-07-10,VJ436/VJ439,A656,A320,UIH-HAN-UIH,14:10,15:40,14:10,15:40,14:20,15:37,15:38,15:44,01:30,01:18,EARLY,ONTIME,ONTIME,ONTIME,,,,,,,,14:50,15:33,,,HAN,UIH,UIH,Domestic,VJ,,,,,,,,,,,,
,2026-07-10,VJ566/VJ903,A672,A320,HUI-HAN-BKK,14:30,15:45,14:30,16:15,15:55,16:35,16:36,16:39,01:45,00:41,DELAY,DELAY,DELAY,DELAY,,93,00:05,66,00:10,35,00:06,16:05,16:29,,CREW HN OB 1605L/ WATER SERVICE SHOW UP LATE,HAN,HUI,BKK,International,VJ,,,,,,,,,,,,
,2026-07-10,VJ464/VJ567,A671,A320,VCA-HAN-HUI,15:10,15:55,15:10,15:55,15:55,16:34,16:35,16:48,00:45,00:40,DELAY,DELAY,DELAY,DELAY,,93,00:25,66,00:10,13,00:05,15:55,16:31,,CREW OB 1600 / CHECKED IN ERROR,HAN,VCA,HUI,Domestic,VJ,,,,,,,,,,,,
,2026-07-10,VJ138/VJ147,A528,A321,SGN-HAN-SGN,15:15,16:00,15:15,18:05,18:10,18:39,18:40,18:50,02:50,00:30,DELAY,DELAY,DELAY,DELAY,,93,00:35,,,,,18:10,18:37,,,HAN,SGN,SGN,Domestic,VJ,,,,,,,,,,,,
,2026-07-10,VJ906/VJ419,A697,A321,KUL-HAN-TBB,14:40,16:00,14:40,16:00,14:58,15:59,16:00,16:15,01:20,01:02,ONTIME,ONTIME,ONTIME,DELAY,,,,,,,,15:15,15:55,,LATE TAKEOFF DUE TO ATC,HAN,KUL,TBB,Domestic,VJ,,,,,,,,,,,,
,2026-07-10,VJ426/VJ913,A644,A321,PXU-HAN-SAI,15:45,16:20,15:45,17:50,17:10,17:49,17:50,17:52,02:05,00:40,ONTIME,ONTIME,DELAY,DELAY,,,,,,,,17:30,17:45,,,HAN,PXU,SAI,International,VJ,,,,,,,,,,,,
,2026-07-10,VJ508/VJ539,A632,A321,DAD-HAN-DAD,15:25,16:20,15:25,17:30,17:10,17:39,17:40,17:50,02:05,00:30,DELAY,ONTIME,DELAY,DELAY,,93,00:10,,,,,17:10,17:36,,,HAN,DAD,DAD,Domestic,VJ,,,,,,,,,,,,
,2026-07-10,VJ772/VJ513,A524,A321,CXR-HAN-DAD,15:55,16:35,15:55,18:10,18:00,18:39,18:40,18:47,02:15,00:40,DELAY,DELAY,DELAY,DELAY,,93,00:20,41,00:10,,,17:50,18:37,,XỬ LÝ HỆ THỐNG RADIO,HAN,CXR,DAD,Domestic,VJ,,,,,,,,,,,,
,2026-07-10,VJ5068/VJ5068,A580,A321,CXR-HAN-NOZ,16:20,16:55,16:20,16:55,16:50,17:18,17:19,17:25,00:35,00:29,DELAY,DELAY,DELAY,DELAY,,93,00:24,,,,,,,X,,HAN,CXR,NOZ,International,VJ,,,,,,,,,,,,
,2026-07-10,VJ452/VJ465,A683,A321,PQC-HAN-VCA,16:05,17:00,16:05,17:00,16:45,17:12,17:13,17:15,00:55,00:28,DELAY,ONTIME,ONTIME,DELAY,,93,00:13,,,,,16:35,17:10,,,HAN,PQC,VCA,Domestic,VJ,,,,,,,,,,,,
,2026-07-10,VJ142/VJ193,A523,A321,SGN-HAN-SGN,16:55,17:30,16:55,18:50,18:25,18:59,19:00,19:11,01:55,00:35,DELAY,ONTIME,DELAY,DELAY,,93,00:05,15,00:05,,,18:23,18:57,,LONG BRD,HAN,SGN,SGN,Domestic,VJ,,,,,,,,,,,,
,2026-07-10,VJ1454/VJ141,A640,A321,PQC-HAN-SGN,16:35,17:35,16:35,17:35,16:55,17:34,17:35,17:43,01:00,00:40,ONTIME,ONTIME,ONTIME,DELAY,,,,,,,,17:00,17:31,,,HAN,PQC,SGN,Domestic,VJ,,,,,,,,,,,,
,2026-07-10,VJ434/VJ1431,A655,A320,UIH-HAN-UIH,17:10,17:40,17:10,17:40,18:00,18:24,18:25,18:31,00:30,00:25,DELAY,DELAY,DELAY,DELAY,,93,00:45,,,,,17:55,18:22,,,HAN,UIH,UIH,Domestic,VJ,,,,,,,,,,,,
,2026-07-10,VJ774/VJ517,A684,A321,CXR-HAN-DAD,17:15,17:45,17:15,18:45,18:45,19:19,19:20,19:30,01:30,00:35,DELAY,DELAY,DELAY,DELAY,,93,00:30,87,00:05,,,18:40,19:17,,BUS STUCK ATC,HAN,CXR,DAD,Domestic,VJ,,,,,,,,,,,,
,2026-07-10,VJ140/VJ151,A667,A321,SGN-HAN-SGN,17:00,17:30,17:00,19:10,18:55,19:29,19:30,19:42,02:10,00:35,DELAY,DELAY,DELAY,DELAY,,93,00:15,34,00:05,,,18:50,19:27,,LACK OF CO-BUS (SHOWUP 1925),HAN,SGN,SGN,Domestic,VJ,,,,,,,,,,,,
,2026-07-10,VJ530/VJ495,A669,A320,DAD-HAN-BMV,17:25,18:00,17:25,18:30,18:27,18:51,18:52,19:06,01:05,00:25,DELAY,DELAY,DELAY,DELAY,,93,00:22,,,,,18:20,18:48,,LATE TAKEOFF DUE TO ATC,HAN,DAD,BMV,Domestic,VJ,,,,,,,,,,,,
,2026-07-10,VJ949/VJ781,A549,A321,RMQ-HAN-CXR,16:20,18:15,16:20,19:20,17:45,19:29,19:30,19:45,03:00,01:45,DELAY,ONTIME,DELAY,DELAY,,95,00:10,,,,,18:45,19:27,,CREW 528 OB 1905L,HAN,RMQ,CXR,Domestic,VJ,,,,,,,,,,,,
,2026-07-10,VJ512/VJ521,A635,A321,DAD-HAN-DAD,18:15,18:45,18:15,19:35,19:05,19:34,19:35,19:50,01:20,00:30,ONTIME,ONTIME,DELAY,DELAY,,,,,,,,19:10,19:32,,,HAN,DAD,DAD,Domestic,VJ,,,,,,,,,,,,
,2026-07-10,VJ902/VJ789,A641,A321,BKK-HAN-CXR,16:35,18:45,16:35,18:45,16:50,18:44,18:45,18:52,02:10,01:55,ONTIME,ONTIME,ONTIME,ONTIME,,,,,,,,17:55,18:40,,LATE TAKEOFF DUE TO ATC,HAN,BKK,CXR,Domestic,VJ,,,,,,,,,,,,
,2026-07-10,VJ943/VJ155,A633,A321,TPE-HAN-SGN,17:25,18:55,17:25,19:40,19:10,19:49,19:50,20:00,02:15,00:40,DELAY,ONTIME,DELAY,DELAY,,66,00:10,,,,,19:15,19:47,,CREW OB 1922L,HAN,TPE,SGN,Domestic,VJ,,,,,,,,,,,,
,2026-07-10,VJ424/VJ561,A629,A321,PXU-HAN-HUI,18:45,19:15,18:45,20:50,20:12,21:01,21:02,21:05,02:05,00:50,DELAY,ONTIME,DELAY,DELAY,,65,00:12,,,,,20:12,20:30,,CAPT HOLD DOOR DUE TO LONG TSAT 2113L,HAN,PXU,HUI,Domestic,VJ,,,,,,,,,,,,
,2026-07-10,VJ144/VJ519,A535,A321,SGN-HAN-DAD,18:05,19:25,18:05,19:25,18:50,19:24,19:25,19:52,01:20,00:35,ONTIME,ONTIME,DELAY,DELAY,,,,,,,,18:45,19:22,,LATE PUSH BACK & TAKEOFF DUE TO ATC,HAN,SGN,DAD,Domestic,VJ,,,,,,,,,,,,
,2026-07-10,____/VJ157,A534,A321,HAN-SGN,,19:30,,20:05,,20:04,20:05,20:25,,,ONTIME,ONTIME,DELAY,,,,,,,,,19:30,20:02,,,HAN,HAN,SGN,Domestic,VJ,,,,,,,,,,,,
,2026-07-10,VJ568/VJ523,A663,A320,HUI-HAN-DAD,18:55,19:45,18:55,19:45,18:50,19:44,19:45,20:00,00:50,00:55,ONTIME,ONTIME,ONTIME,ONTIME,,,,,,,,19:05,19:41,,,HAN,HUI,DAD,Domestic,VJ,,,,,,,,,,,,
,2026-07-10,VJ454/VJ7712,A689,A320,PQC-HAN-PKX,16:45,19:55,16:45,19:55,17:05,19:54,19:55,20:05,03:10,02:50,ONTIME,ONTIME,ONTIME,DELAY,,,,,,,,19:20,19:50,,,HAN,PQC,PKX,International,VJ,,,,,,,,,,,,
,2026-07-10,VJ438/VJ1785,A656,A320,UIH-HAN-CXR,19:25,20:00,19:25,21:20,21:10,21:32,21:33,21:39,01:55,00:23,DELAY,ONTIME,DELAY,DELAY,,93,00:13,,,,,21:10,21:29,,,HAN,UIH,CXR,Domestic,VJ,,,,,,,,,,,,
,2026-07-10,VJ928/VJ907,A500,A321,CGK-HAN-BOM,18:15,20:05,18:15,20:05,19:00,19:59,20:00,20:20,01:50,01:00,EARLY,ONTIME,ONTIME,DELAY,,,,,,,,19:15,19:55,,LATE TAKEOFF DUE TO ATC,HAN,CGK,BOM,International,VJ,,,,,,,,,,,,
,2026-07-10,VJ949/VJ455,A549,A321,RMQ-HAN-PQC,16:20,20:05,16:20,20:05,19:25,20:04,20:05,20:20,03:45,00:40,ONTIME,ONTIME,ONTIME,DELAY,,,,,,,,19:25,20:01,,,HAN,RMQ,PQC,Domestic,VJ,,,,,,,,,,,,
,2026-07-10,VJ148/VJ783,A546,A321,SGN-HAN-CXR,18:25,20:25,18:25,21:30,20:50,21:29,21:30,21:34,03:05,00:40,ONTIME,ONTIME,DELAY,DELAY,,,,,,,,20:50,21:26,,,HAN,SGN,CXR,Domestic,VJ,,,,,,,,,,,,
,2026-07-10,VJ1452/VJ159,A651,A321,PQC-HAN-SGN,19:50,20:25,19:50,22:30,22:20,23:54,23:55,23:59,02:40,01:35,DELAY,DELAY,DELAY,DELAY,,93,00:20,95,00:50,99,00:15,23:07,23:38,,CREW FR152 OB 2321/ SUPPORT MEDICAL,HAN,PQC,SGN,Domestic,VJ,,,,,,,,,,,,
,2026-07-10,VJ935/VJ161,A521,A321,NRT-HAN-SGN,20:05,20:55,20:05,21:30,20:15,21:39,21:40,21:55,01:25,01:25,DELAY,ONTIME,DELAY,ONTIME,,95,00:10,,,,,20:50,21:35,,CREW VJ148 ON 2115L,HAN,NRT,SGN,Domestic,VJ,,,,,,,,,,,,
,2026-07-10,VJ568/VJ7238,A671,A320,HUI-HAN-PVG,18:55,21:15,18:55,22:05,20:25,22:03,22:04,22:10,03:10,01:39,EARLY,ONTIME,DELAY,DELAY,,,,,,,,21:15,22:01,,,HAN,HUI,PVG,International,VJ,,,,,,,,,,,,
,2026-07-10,VJ520/VJ527,A661,A321,DAD-HAN-DAD,20:55,21:25,20:55,21:25,23:05,23:29,23:30,23:34,00:30,00:25,DELAY,DELAY,DELAY,DELAY,,93,02:05,,,,,22:45,23:27,,,HAN,DAD,DAD,Domestic,VJ,,,,,,,,,,,,
,2026-07-10,VJ8923/VJ163,A816,A330,DAD-HAN-SGN,13:05,21:40,13:05,21:40,09:25,00:03,00:04,00:13,08:35,14:39,DELAY,DELAY,DELAY,ONTIME,,95,01:04,41,00:20,,,23:05,23:52,,CREW 152 OB 2315L,HAN,DAD,SGN,Domestic,VJ,,,,,,,,,,,,
,2026-07-10,VJ468/VJ7526,A687,A321,VCA-HAN-CAN,19:50,22:30,19:50,22:30,22:20,22:58,22:59,23:00,02:40,00:39,DELAY,DELAY,DELAY,DELAY,,93,00:20,66,00:05,15A,00:04,22:10,22:51,,"OFFLOAD 4PAX/2PCS, CREW OB 2226L",HAN,VCA,CAN,International,VJ,,,,,,,,,,,,
,2026-07-10,VJ152/VJ529,A647,A321,SGN-HAN-DAD,21:55,22:45,21:55,23:15,22:55,00:09,00:10,00:20,01:20,01:15,DELAY,DELAY,DELAY,DELAY,,93,00:10,95,00:45,,,23:33,00:06,,CREW 496 OB 2348L,HAN,SGN,DAD,Domestic,VJ,,,,,,,,,,,,
,2026-07-10,VJ1432/VJ167,A655,A320,UIH-HAN-SGN,21:25,22:45,21:25,22:45,22:45,23:19,23:20,23:25,01:20,00:35,DELAY,DELAY,DELAY,DELAY,,93,00:25,95,00:10,,,22:35,23:16,,CREW FR194 OB 2256L/LATE TAKEOFF DUE TO ATC,HAN,UIH,SGN,Domestic,VJ,,,,,,,,,,,,
,2026-07-10,VJ776/VJ962,A673,A321,CXR-HAN-ICN,20:10,23:15,20:10,23:15,21:55,23:14,23:15,23:30,03:05,01:20,ONTIME,ONTIME,ONTIME,DELAY,,,,,,,,22:25,23:12,,,HAN,CXR,ICN,International,VJ,,,,,,,,,,,,
,2026-07-10,VJ150/VJ169,A552,A321,SGN-HAN-SGN,22:30,23:25,22:30,23:55,23:40,00:08,00:09,"1 day, 0:24:00",01:25,00:29,DELAY,ONTIME,DELAY,DELAY,,93,00:14,,,,,23:25,00:05,,,HAN,SGN,SGN,Domestic,VJ,,,,,,,,,,,,
,2026-07-10,VJ524/VJ507,A629,A321,DAD-HAN-DAD,10:40,11:10,10:40,11:10,11:05,11:34,11:35,11:36,00:30,00:30,DELAY,DELAY,DELAY,DELAY,,93,00:25,,,,,11:05,11:32,,,HAN,DAD,DAD,Domestic,VJ,,,,,,,,,,,,
,2026-07-11,____/VJ932,A547,A321,HAN-NRT,,00:30,,00:30,,00:29,00:30,00:38,,,ONTIME,ONTIME,ONTIME,,,,,,,,,23:41,00:27,,,HAN,HAN,NRT,International,VJ,,,,,,,,,,,,
,2026-07-11,____/VJ982,A698,A321,HAN-PUS,,01:05,,01:05,,00:55,00:55,00:57,,,EARLY,ONTIME,ONTIME,,,,,,,,,00:20,00:52,,,HAN,HAN,PUS,International,VJ,,,,,,,,,,,,
,2026-07-11,VJ7706/VJ7706,A575,A321,CXR-HAN-KHV,00:30,01:05,00:30,01:05,01:05,01:34,01:35,01:43,00:35,00:30,DELAY,DELAY,DELAY,DELAY,,93,00:30,,,,,,,x,,HAN,CXR,KHV,International,VJ,,,,,,,,,,,,
,2026-07-11,____/VJ938,A674,A321,HAN-KIX,,01:20,,01:20,,01:19,01:20,01:25,,,ONTIME,ONTIME,ONTIME,,,,,,,,,00:40,01:17,,,HAN,HAN,KIX,International,VJ,,,,,,,,,,,,
,2026-07-11,____/VJ960,A644,A321,HAN-ICN,,01:40,,01:40,,01:29,01:30,01:33,,,EARLY,ONTIME,ONTIME,,,,,,,,,00:55,01:26,,,HAN,HAN,ICN,International,VJ,,,,,,,,,,,,
,2026-07-11,____/VJ920,A697,A321,HAN-NGO,,01:40,,01:40,,01:39,01:40,01:50,,,ONTIME,ONTIME,ONTIME,,,,,,,,,00:40,01:36,,,HAN,HAN,NGO,International,VJ,,,,,,,,,,,,
,2026-07-11,____/VJ958,A645,A321,HAN-FUK,,02:05,,02:05,,02:02,02:03,02:05,,,EARLY,ONTIME,ONTIME,,,,,,,,,01:15,01:59,,,HAN,HAN,FUK,International,VJ,,,,,,,,,,,,
,2026-07-11,____/VJ123,A676,A320,HAN-SGN,,05:30,,05:30,,05:23,05:24,05:27,,,EARLY,ONTIME,ONTIME,,,,,,,,,04:40,05:21,,,HAN,HAN,SGN,Domestic,VJ,,,,,,,,,,,,
,2026-07-11,____/VJ445,A203,A321,HAN-PQC,,05:30,,05:30,,05:24,05:25,05:31,,,EARLY,ONTIME,ONTIME,,,,,,,,,04:40,05:20,,,HAN,HAN,PQC,Domestic,VJ,,,,,,,,,,,,
,2026-07-11,____/VJ501,A632,A321,HAN-DAD,,05:40,,05:40,,05:34,05:35,05:42,,,EARLY,ONTIME,ONTIME,,,,,,,,,04:50,05:30,,,HAN,HAN,DAD,Domestic,VJ,,,,,,,,,,,,
,2026-07-11,____/VJ491,A639,A321,HAN-BMV,,06:00,,06:00,,05:54,05:55,06:03,,,EARLY,ONTIME,ONTIME,,,,,,,,,05:10,05:51,,,HAN,HAN,BMV,Domestic,VJ,,,,,,,,,,,,
,2026-07-11,____/VJ121,A684,A321,HAN-SGN,,06:00,,06:00,,05:59,06:00,06:08,,,ONTIME,ONTIME,ONTIME,,,,,,,,,05:13,05:57,,,HAN,HAN,SGN,Domestic,VJ,,,,,,,,,,,,
,2026-07-11,____/VJ431,A669,A320,HAN-UIH,,06:05,,06:05,,05:59,06:00,06:13,,,EARLY,ONTIME,ONTIME,,,,,,,,,05:15,05:57,,,HAN,HAN,UIH,Domestic,VJ,,,,,,,,,,,,
,2026-07-11,____/VJ771,A666,A320,HAN-CXR,,06:10,,06:10,,06:04,06:05,06:15,,,EARLY,ONTIME,ONTIME,,,,,,,,,05:20,06:01,,LATE TAKEOFF DUE TO ATC,HAN,HAN,CXR,Domestic,VJ,,,,,,,,,,,,
,2026-07-11,____/VJ1775,A656,A320,HAN-CXR,,06:10,,06:10,,06:04,06:05,06:11,,,EARLY,ONTIME,ONTIME,,,,,,,,,05:20,06:00,,,HAN,HAN,CXR,Domestic,VJ,,,,,,,,,,,,
,2026-07-11,____/VJ531,A687,A321,HAN-DAD,,06:30,,06:30,,06:29,06:30,06:40,,,ONTIME,ONTIME,ONTIME,,,,,,,,,05:44,06:27,,,HAN,HAN,DAD,Domestic,VJ,,,,,,,,,,,,
,2026-07-11,____/VJ449,A689,A320,HAN-PQC,,06:30,,06:30,,06:24,06:25,06:33,,,EARLY,ONTIME,ONTIME,,,,,,,,,05:45,06:22,,,HAN,HAN,PQC,Domestic,VJ,,,,,,,,,,,,
,2026-07-11,____/VJ461,A635,A321,HAN-VCA,,06:45,,06:45,,06:44,06:45,06:54,,,ONTIME,ONTIME,ONTIME,,,,,,,,,05:55,06:40,,,HAN,HAN,VCA,Domestic,VJ,,,,,,,,,,,,
,2026-07-11,VJ5069/VJ5069,A580,A321,HAN-CXR,06:10,06:45,06:10,06:45,06:40,07:09,07:10,07:28,00:35,00:30,DELAY,DELAY,DELAY,DELAY,,93,00:25,,,,,,,x,,HAN,HAN,CXR,Domestic,VJ,,,,,,,,,,,,
,2026-07-11,____/VJ1771,A629,A321,HAN-CXR,,07:00,,07:00,,06:54,06:55,07:01,,,EARLY,ONTIME,ONTIME,,,,,,,,,06:20,06:52,,,HAN,HAN,CXR,Domestic,VJ,,,,,,,,,,,,
,2026-07-11,____/VJ125,A637,A321,HAN-SGN,,07:00,,07:00,,06:54,06:55,07:05,,,EARLY,ONTIME,ONTIME,,,,,,,,,06:10,06:52,,,HAN,HAN,SGN,Domestic,VJ,,,,,,,,,,,,
,2026-07-11,____/VJ421,A534,A321,HAN-PXU,,07:10,,07:10,,07:04,07:05,07:14,,,EARLY,ONTIME,ONTIME,,,,,,,,,06:20,07:00,,,HAN,HAN,PXU,Domestic,VJ,,,,,,,,,,,,
,2026-07-11,____/VJ535,A683,A321,HAN-DAD,,07:25,,07:25,,07:24,07:25,07:33,,,ONTIME,ONTIME,ONTIME,,,,,,,,,06:35,07:20,,,HAN,HAN,DAD,Domestic,VJ,,,,,,,,,,,,
,2026-07-11,VJ502/VJ503,A685,A321,DAD-HAN-DAD,07:00,07:30,07:00,07:30,06:50,07:22,07:23,07:35,00:30,00:33,EARLY,ONTIME,ONTIME,ONTIME,,,,,,,,06:55,07:20,,,HAN,DAD,DAD,Domestic,VJ,,,,,,,,,,,,
,2026-07-11,____/VJ930,A607,A321,HAN-KIX,,07:55,,07:55,,07:50,07:51,07:52,,,EARLY,ONTIME,ONTIME,,,,,,,,,07:05,07:48,,,HAN,HAN,KIX,International,VJ,,,,,,,,,,,,
,2026-07-11,VJ120/VJ127,A816,A330,SGN-HAN-SGN,07:10,08:10,07:10,08:10,07:10,08:03,08:05,08:08,01:00,00:55,EARLY,ONTIME,ONTIME,ONTIME,,,,,,,,07:10,08:00,,,HAN,SGN,SGN,Domestic,VJ,,,,,,,,,,,,
,2026-07-11,____/VJ447,A546,A321,HAN-PQC,,08:45,,08:45,,08:43,08:44,08:46,,,EARLY,ONTIME,ONTIME,,,,,,,,,07:50,08:41,,,HAN,HAN,PQC,Domestic,VJ,,,,,,,,,,,,
,2026-07-11,____/VJ435,A672,A320,HAN-UIH,,08:50,,08:50,,08:44,08:45,08:50,,,EARLY,ONTIME,ONTIME,,,,,,,,,08:10,08:40,,,HAN,HAN,UIH,Domestic,VJ,,,,,,,,,,,,
,2026-07-11,____/VJ929,A524,A321,HAN-CGK,,09:20,,09:20,,09:08,09:09,09:11,,,EARLY,ONTIME,ONTIME,,,,,,,,,08:25,09:05,,,HAN,HAN,CGK,International,VJ,,,,,,,,,,,,
,2026-07-11,VJ124/VJ129,A516,A321,SGN-HAN-SGN,08:50,09:20,08:50,09:20,08:50,09:39,09:40,09:45,00:30,00:50,DELAY,DELAY,DELAY,ONTIME,,10,00:20,,,,,08:50,09:37,,HANDLE DISRUPTIVE PASSENGER ON VJ124,HAN,SGN,SGN,Domestic,VJ,,,,,,,,,,,,
,2026-07-11,VJ514/VJ563,A632,A321,DAD-HAN-HUI,08:50,09:20,08:50,09:20,09:20,09:48,09:49,09:50,00:30,00:29,DELAY,DELAY,DELAY,DELAY,,93,00:29,,,,,09:10,09:46,,,HAN,DAD,HUI,Domestic,VJ,,,,,,,,,,,,
,2026-07-11,VJ910/VJ915,A500,A321,BOM-HAN-SIN,07:10,09:35,07:10,09:35,07:15,09:32,09:33,09:34,02:25,02:18,EARLY,ONTIME,ONTIME,ONTIME,,,,,,,,08:50,09:30,,,HAN,BOM,SIN,International,VJ,,,,,,,,,,,,
,2026-07-11,VJ963/VJ1773,A673,A321,ICN-HAN-CXR,08:55,10:00,08:55,10:00,08:58,09:55,09:56,10:00,01:05,00:58,EARLY,ONTIME,ONTIME,ONTIME,,,,,,,,09:15,09:52,,,HAN,ICN,CXR,Domestic,VJ,,,,,,,,,,,,
,2026-07-11,VJ126/VJ131,A633,A321,SGN-HAN-SGN,09:40,10:10,09:40,10:10,10:10,10:39,10:40,10:55,00:30,00:30,DELAY,DELAY,DELAY,DELAY,,93,00:30,,,,,10:10,10:37,,,HAN,SGN,SGN,Domestic,VJ,,,,,,,,,,,,
,2026-07-11,VJ981/VJ135,A698,A321,PUS-HAN-SGN,10:40,10:10,10:40,10:10,10:15,11:34,11:35,11:45,23:30,01:20,DELAY,DELAY,DELAY,ONTIME,,46,01:15,61,00:10,,,10:55,11:31,,AIRCRAFT CHANGE DUE TO TECHNICAL ISSUES,HAN,PUS,SGN,Domestic,VJ,,,,,,,,,,,,
,2026-07-11,____/VJ1433,A671,A320,HAN-UIH,,10:10,,10:10,,10:04,10:05,10:18,,,EARLY,ONTIME,ONTIME,,,,,,,,,09:30,10:01,,,HAN,HAN,UIH,Domestic,VJ,,,,,,,,,,,,
,2026-07-11,____/VJ463,A663,A320,HAN-VCA,,10:20,,10:20,,10:14,10:15,10:25,,,EARLY,ONTIME,ONTIME,,,,,,,,,09:45,10:11,,,HAN,HAN,VCA,Domestic,VJ,,,,,,,,,,,,
,2026-07-11,VJ532/VJ425,A687,A321,DAD-HAN-PXU,09:45,10:20,09:45,10:20,09:56,10:24,10:25,10:27,00:35,00:29,DELAY,ONTIME,ONTIME,ONTIME,,93,00:05,,,,,09:55,10:22,,,HAN,DAD,PXU,Domestic,VJ,,,,,,,,,,,,
,2026-07-11,VJ122/VJ997,A521,A321,SGN-HAN-DPS,09:05,10:25,09:05,10:25,09:05,10:14,10:15,10:33,01:20,01:10,EARLY,ONTIME,ONTIME,ONTIME,,,,,,,,09:35,10:11,,,HAN,SGN,DPS,International,VJ,,,,,,,,,,,,
,2026-07-11,VJ430/VJ437,A669,A320,UIH-HAN-UIH,09:50,10:25,09:50,10:25,10:05,10:29,10:30,10:35,00:35,00:25,DELAY,ONTIME,ONTIME,ONTIME,,93,00:05,,,,,09:55,10:26,,,HAN,UIH,UIH,Domestic,VJ,,,,,,,,,,,,
,2026-07-11,VJ492/VJ493,A639,A321,BMV-HAN-BMV,10:00,10:30,10:00,10:30,10:15,10:37,10:38,10:42,00:30,00:23,DELAY,ONTIME,ONTIME,ONTIME,,93,00:08,,,,,10:10,10:35,,,HAN,BMV,BMV,Domestic,VJ,,,,,,,,,,,,
,2026-07-11,VJ536/VJ537,A683,A321,DAD-HAN-DAD,10:35,11:05,10:35,11:05,10:45,11:19,11:20,11:29,00:30,00:35,DELAY,ONTIME,DELAY,ONTIME,,93,00:10,87,00:05,,,10:50,11:18,,GATE LIMITATIONS,HAN,DAD,DAD,Domestic,VJ,,,,,,,,,,,,
,2026-07-11,VJ448/VJ901,A203,A321,PQC-HAN-BKK,10:15,11:10,10:15,11:10,10:40,11:16,11:17,11:20,00:55,00:37,DELAY,ONTIME,ONTIME,DELAY,,66,00:07,,,,,10:55,11:13,,CREW OB 1055L,HAN,PQC,BKK,International,VJ,,,,,,,,,,,,
,2026-07-11,VJ524/VJ507,A685,A321,DAD-HAN-DAD,10:40,11:10,10:40,11:10,10:55,11:23,11:25,11:35,00:30,00:30,DELAY,ONTIME,DELAY,ONTIME,,93,00:15,,,,,10:50,11:20,,,HAN,DAD,DAD,Domestic,VJ,,,,,,,,,,,,
,2026-07-11,VJ1776/VJ565,A656,A320,CXR-HAN-HUI,10:30,11:30,10:30,11:30,10:40,11:24,11:25,11:39,01:00,00:45,EARLY,ONTIME,ONTIME,ONTIME,,,,,,,,10:45,11:21,,,HAN,CXR,HUI,Domestic,VJ,,,,,,,,,,,,
,2026-07-11,VJ422/VJ451,A534,A321,PXU-HAN-PQC,10:50,11:45,10:50,11:45,10:50,11:43,11:44,11:55,00:55,00:54,EARLY,ONTIME,ONTIME,ONTIME,,,,,,,,11:05,11:40,,,HAN,PXU,PQC,Domestic,VJ,,,,,,,,,,,,
,2026-07-11,VJ450/VJ775,A689,A320,PQC-HAN-CXR,11:15,11:45,11:15,11:45,11:30,11:54,11:55,12:00,00:30,00:25,DELAY,ONTIME,ONTIME,ONTIME,,93,00:10,,,,,11:30,11:52,,,HAN,PQC,CXR,Domestic,VJ,,,,,,,,,,,,
,2026-07-11,VJ1772/VJ1453,A629,A321,CXR-HAN-PQC,11:15,11:50,11:15,11:50,11:40,12:02,12:03,12:15,00:35,00:23,DELAY,ONTIME,DELAY,DELAY,,93,00:13,,,,,11:45,12:00,,,HAN,CXR,PQC,Domestic,VJ,,,,,,,,,,,,
,2026-07-11,VJ190/VJ133,A539,A321,SGN-HAN-SGN,11:30,12:05,11:30,12:05,12:10,12:39,12:40,12:50,00:35,00:30,DELAY,DELAY,DELAY,DELAY,,93,00:35,,,,,11:55,12:37,,,HAN,SGN,SGN,Domestic,VJ,,,,,,,,,,,,
,2026-07-11,VJ462/VJ515,A635,A321,VCA-HAN-DAD,11:40,12:10,11:40,12:10,12:05,12:34,12:35,12:40,00:30,00:30,DELAY,DELAY,DELAY,DELAY,,93,00:25,,,,,12:00,12:32,,,HAN,VCA,DAD,Domestic,VJ,,,,,,,,,,,,
,2026-07-11,VJ128/VJ137,A650,A320,SGN-HAN-SGN,11:50,12:20,11:50,12:20,12:20,12:54,12:55,13:05,00:30,00:35,DELAY,DELAY,DELAY,DELAY,,93,00:25,66,00:10,,,12:30,12:50,,CREW HAN OB 1230,HAN,SGN,SGN,Domestic,VJ,,,,,,,,,,,,
,2026-07-11,VJ130/VJ453,A649,A321,SGN-HAN-PQC,12:10,13:00,12:10,13:00,12:40,13:09,13:10,13:30,00:50,00:30,DELAY,ONTIME,DELAY,DELAY,,93,00:10,,,,,12:40,13:07,,,HAN,SGN,PQC,Domestic,VJ,,,,,,,,,,,,
,2026-07-11,VJ432/VJ509,A672,A320,UIH-HAN-DAD,12:35,13:05,12:35,13:20,12:55,13:19,13:20,13:30,00:45,00:25,ONTIME,ONTIME,DELAY,DELAY,,,,,,,,12:50,13:17,,,HAN,UIH,DAD,Domestic,VJ,,,,,,,,,,,,
,2026-07-11,VJ564/VJ787,A632,A321,HUI-HAN-CXR,12:20,13:10,12:20,13:10,13:17,13:38,13:39,13:40,00:50,00:22,DELAY,DELAY,DELAY,DELAY,,93,00:29,,,,,13:10,13:34,,,HAN,HUI,CXR,Domestic,VJ,,,,,,,,,,,,
,2026-07-11,VJ959/VJ433,A645,A321,FUK-HAN-UIH,10:40,13:20,10:40,13:20,11:42,13:19,13:20,13:30,02:40,01:38,ONTIME,ONTIME,ONTIME,DELAY,,,,,,,,12:50,13:16,,,HAN,FUK,UIH,Domestic,VJ,,,,,,,,,,,,
,2026-07-11,VJ440/VJ441,A546,A321,PQC-HAN-PQC,13:30,14:00,13:30,14:00,13:48,14:17,14:18,14:25,00:30,00:30,DELAY,DELAY,DELAY,DELAY,,93,00:18,,,,,13:45,14:16,,,HAN,PQC,PQC,Domestic,VJ,,,,,,,,,,,,
,2026-07-11,VJ770/VJ7316,A666,A320,KHV-HAN-ENH,14:25,14:00,14:25,14:00,10:55,13:44,13:45,13:55,23:35,02:50,EARLY,ONTIME,ONTIME,ONTIME,,,,,,,,13:15,13:42,,,HAN,KHV,ENH,International,VJ,,,,,,,,,,,,
,2026-07-11,VJ933/VJ525,A547,A321,NRT-HAN-DAD,13:05,14:05,13:05,14:05,13:00,14:04,14:05,14:14,01:00,01:05,ONTIME,ONTIME,ONTIME,ONTIME,,,,,,,,13:20,14:01,,,HAN,NRT,DAD,Domestic,VJ,,,,,,,,,,,,
,2026-07-11,VJ134/VJ143,A816,A330,SGN-HAN-SGN,13:30,14:05,13:30,14:30,13:40,14:18,14:19,14:20,01:00,00:39,EARLY,ONTIME,ONTIME,ONTIME,,,,,,,,13:40,14:15,,,HAN,SGN,SGN,Domestic,VJ,,,,,,,,,,,,
,2026-07-11,VJ921/VJ467,A697,A321,NGO-HAN-VCA,12:50,14:30,12:50,14:30,12:50,14:29,14:30,14:35,01:40,01:40,ONTIME,ONTIME,ONTIME,ONTIME,,,,,,,,13:45,14:25,,,HAN,NGO,VCA,Domestic,VJ,,,,,,,,,,,,
,2026-07-11,VJ1504/VJ1505,A554,A321,DAD-HAN-DAD,14:00,14:35,14:00,14:35,14:30,14:59,15:00,15:05,00:35,00:30,DELAY,DELAY,DELAY,DELAY,,93,00:25,,,,,14:30,14:57,,,HAN,DAD,DAD,Domestic,VJ,,,,,,,,,,,,
,2026-07-11,VJ939/VJ145,A674,A321,KIX-HAN-SGN,12:20,14:40,12:20,14:40,12:16,14:39,14:40,14:44,02:20,02:24,ONTIME,ONTIME,ONTIME,ONTIME,,,,,,,,13:55,14:35,,,HAN,KIX,SGN,Domestic,VJ,,,,,,,,,,,,
,2026-07-11,VJ7707/VJ7707,A575,A321,KHV-HAN-CXR,14:25,14:55,14:25,14:55,14:50,15:04,15:05,15:10,00:30,00:15,DELAY,ONTIME,ONTIME,DELAY,,93,00:10,,,,,,,X,TECH STOP,HAN,KHV,CXR,Domestic,VJ,,,,,,,,,,,,
,2026-07-11,VJ436/VJ423,A669,A320,UIH-HAN-PXU,14:10,15:05,14:10,15:05,14:40,15:04,15:05,15:13,00:55,00:25,ONTIME,ONTIME,ONTIME,DELAY,,,,,,,,14:40,15:02,,,HAN,UIH,PXU,Domestic,VJ,,,,,,,,,,,,
,2026-07-11,VJ510/VJ511,A640,A321,DAD-HAN-DAD,14:35,15:05,14:35,15:05,14:50,15:16,15:17,15:20,00:30,00:27,DELAY,ONTIME,ONTIME,ONTIME,,93,00:12,,,,,14:50,15:13,,,HAN,DAD,DAD,Domestic,VJ,,,,,,,,,,,,
,2026-07-11,VJ1774/VJ419,A673,A321,CXR-HAN-TBB,14:20,15:10,14:20,15:10,14:35,15:02,15:03,15:08,00:50,00:28,EARLY,ONTIME,ONTIME,ONTIME,,,,,,,,14:30,15:00,,,HAN,CXR,TBB,Domestic,VJ,,,,,,,,,,,,
,2026-07-11,VJ566/VJ439,A656,A320,HUI-HAN-UIH,14:30,15:40,14:30,15:40,15:05,15:39,15:40,15:43,01:10,00:35,ONTIME,ONTIME,ONTIME,DELAY,,,,,,,,15:00,15:36,,,HAN,HUI,UIH,Domestic,VJ,,,,,,,,,,,,
,2026-07-11,VJ138/VJ147,A699,A320,SGN-HAN-SGN,15:15,15:45,15:15,15:45,15:55,16:19,16:20,16:35,00:30,00:25,DELAY,DELAY,DELAY,DELAY,,93,00:35,,,,,15:55,16:16,,,HAN,SGN,SGN,Domestic,VJ,,,,,,,,,,,,
,2026-07-11,VJ1434/VJ903,A671,A320,UIH-HAN-BKK,14:00,15:45,14:00,15:45,14:00,15:42,15:43,15:53,01:45,01:43,EARLY,ONTIME,ONTIME,ONTIME,,,,,,,,15:00,15:40,,,HAN,UIH,BKK,International,VJ,,,,,,,,,,,,
,2026-07-11,VJ464/VJ567,A663,A320,VCA-HAN-HUI,15:10,15:55,15:10,15:55,15:45,16:14,16:15,16:25,00:45,00:30,DELAY,DELAY,DELAY,DELAY,,93,00:20,,,,,15:40,16:12,,,HAN,VCA,HUI,Domestic,VJ,,,,,,,,,,,,
,2026-07-11,VJ494/VJ773,A639,A321,BMV-HAN-CXR,14:30,16:00,14:30,16:00,15:20,15:54,15:55,16:00,01:30,00:35,EARLY,ONTIME,ONTIME,DELAY,,,,,,,,15:20,15:50,,,HAN,BMV,CXR,Domestic,VJ,,,,,,,,,,,,
,2026-07-11,VJ961/VJ913,A644,A321,ICN-HAN-SAI,13:35,16:20,13:35,16:20,13:15,16:18,16:20,16:27,02:45,03:05,ONTIME,ONTIME,ONTIME,ONTIME,,,,,,,,15:40,16:17,,,HAN,ICN,SAI,International,VJ,,,,,,,,,,,,
,2026-07-11,VJ508/VJ539,A635,A321,DAD-HAN-DAD,15:25,16:20,15:25,16:40,16:00,16:33,16:34,16:35,01:15,00:34,EARLY,ONTIME,ONTIME,DELAY,,,,,,,,15:50,16:31,,,HAN,DAD,DAD,Domestic,VJ,,,,,,,,,,,,
,2026-07-11,VJ538/VJ193,A683,A321,DAD-HAN-SGN,14:15,16:30,14:15,16:30,15:20,16:29,16:30,16:45,02:15,01:10,ONTIME,ONTIME,ONTIME,DELAY,,,,,,,,15:45,16:25,,,HAN,DAD,SGN,Domestic,VJ,,,,,,,,,,,,
,2026-07-11,VJ772/VJ457,A689,A320,CXR-HAN-PQC,11:15,17:10,11:15,17:10,16:55,17:23,17:24,17:25,05:55,00:29,DELAY,ONTIME,ONTIME,DELAY,,93,00:14,,,,,16:55,17:21,,,HAN,CXR,PQC,Domestic,VJ,,,,,,,,,,,,
,2026-07-11,VJ454/VJ495,A534,A321,PQC-HAN-BMV,16:45,17:30,16:45,17:30,17:20,17:43,17:44,17:45,00:45,00:24,DELAY,ONTIME,ONTIME,DELAY,,93,00:14,,,,,17:10,17:42,,,HAN,PQC,BMV,Domestic,VJ,,,,,,,,,,,,
,2026-07-11,VJ1454/VJ141,A629,A321,PQC-HAN-SGN,16:35,17:35,16:35,17:35,17:20,17:48,17:49,17:50,01:00,00:29,DELAY,ONTIME,ONTIME,DELAY,,93,00:14,,,,,17:20,17:46,,,HAN,PQC,SGN,Domestic,VJ,,,,,,,,,,,,
,2026-07-11,VJ530/VJ1431,A672,A320,DAD-HAN-UIH,16:15,17:40,16:15,17:40,17:05,17:33,17:34,17:36,01:25,00:29,EARLY,ONTIME,ONTIME,DELAY,,,,,,,,17:05,17:30,,,HAN,DAD,UIH,Domestic,VJ,,,,,,,,,,,,
,2026-07-11,VJ774/VJ517,A526,A321,CXR-HAN-DAD,17:15,17:45,17:15,17:45,18:40,19:07,19:08,19:10,00:30,00:28,DELAY,DELAY,DELAY,DELAY,,93,01:23,,,,,18:40,19:05,,,HAN,CXR,DAD,Domestic,VJ,,,,,,,,,,,,
,2026-07-11,VJ434/VJ151,A645,A321,UIH-HAN-SGN,17:10,18:00,17:10,18:00,17:40,18:34,18:35,18:40,00:50,00:55,DELAY,DELAY,DELAY,DELAY,,93,00:10,95,00:25,,,18:10,18:32,,CREW VJ140 OB 1813,HAN,UIH,SGN,Domestic,VJ,,,,,,,,,,,,
,2026-07-11,VJ528/VJ153,A547,A321,DAD-HAN-SGN,17:25,18:05,17:25,18:05,17:40,18:09,18:10,18:18,00:40,00:30,DELAY,ONTIME,ONTIME,ONTIME,,93,00:05,,,,,17:33,18:06,,,HAN,DAD,SGN,Domestic,VJ,,,,,,,,,,,,
,2026-07-11,VJ902/VJ781,A203,A321,BKK-HAN-CXR,15:50,18:15,15:50,18:15,16:10,18:11,18:12,18:17,02:25,02:02,EARLY,ONTIME,ONTIME,DELAY,,,,,,,,17:30,18:09,,,HAN,BKK,CXR,Domestic,VJ,,,,,,,,,,,,
,2026-07-11,____/VJ789,A542,A321,HAN-CXR,,18:45,,18:45,,18:44,18:45,18:50,,,ONTIME,ONTIME,ONTIME,,,,,,,,,17:55,18:41,,,HAN,HAN,CXR,Domestic,VJ,,,,,,,,,,,,
,2026-07-11,VJ456/VJ521,A649,A321,PQC-HAN-DAD,17:45,18:45,17:45,18:45,18:25,18:53,18:54,18:55,01:00,00:29,DELAY,ONTIME,ONTIME,DELAY,,93,00:09,,,,,18:20,18:51,,,HAN,PQC,DAD,Domestic,VJ,,,,,,,,,,,,
,2026-07-11,VJ424/VJ561,A669,A320,PXU-HAN-HUI,18:45,19:15,18:45,19:15,18:45,19:14,19:15,19:23,00:30,00:30,ONTIME,ONTIME,ONTIME,ONTIME,,,,,,,,18:45,19:12,,,HAN,PXU,HUI,Domestic,VJ,,,,,,,,,,,,
,2026-07-11,VJ142/VJ519,A698,A321,SGN-HAN-DAD,15:30,19:25,15:30,19:25,17:15,19:24,19:25,19:27,03:55,02:10,ONTIME,ONTIME,ONTIME,DELAY,,,,,,,,18:40,19:21,,,HAN,SGN,DAD,Domestic,VJ,,,,,,,,,,,,
,2026-07-11,VJ426/VJ157,A687,A321,PXU-HAN-SGN,14:05,19:35,14:05,19:35,14:08,19:34,19:35,19:40,05:30,05:27,ONTIME,ONTIME,ONTIME,ONTIME,,,,,,,,18:50,19:30,,,HAN,PXU,SGN,Domestic,VJ,,,,,,,,,,,,
,2026-07-11,VJ916/VJ971,A500,A321,SIN-HAN-DEL,17:25,19:40,17:25,19:40,17:08,19:37,19:38,19:43,02:15,02:30,EARLY,ONTIME,ONTIME,ONTIME,,,,,,,,18:55,19:35,,,HAN,SIN,DEL,International,VJ,,,,,,,,,,,,
,2026-07-11,VJ568/VJ7712,A663,A320,HUI-HAN-PKX,18:55,19:55,18:55,20:15,19:45,20:19,20:20,20:30,01:20,00:35,DELAY,ONTIME,DELAY,DELAY,,66,00:05,,,,,19:55,20:15,,,HAN,HUI,PKX,International,VJ,,,,,,,,,,,,
,2026-07-11,VJ438/VJ1785,A656,A320,UIH-HAN-CXR,19:25,20:00,19:25,20:00,19:35,19:54,19:55,19:59,00:35,00:20,EARLY,ONTIME,ONTIME,ONTIME,,,,,,,,19:35,19:50,,,HAN,UIH,CXR,Domestic,VJ,,,,,,,,,,,,
,2026-07-11,VJ442/VJ783,A546,A321,PQC-HAN-CXR,19:05,20:25,19:05,20:25,19:15,20:17,20:18,20:23,01:20,01:03,EARLY,ONTIME,ONTIME,ONTIME,,,,,,,,19:30,20:15,,,HAN,PQC,CXR,Domestic,VJ,,,,,,,,,,,,
,2026-07-11,VJ7317/VJ527,A666,A320,ENH-HAN-DAD,19:25,21:25,19:25,21:25,19:18,21:19,21:20,21:23,02:00,02:02,EARLY,ONTIME,ONTIME,ONTIME,,,,,,,,20:35,21:15,,,HAN,ENH,DAD,Domestic,VJ,,,,,,,,,,,,
,2026-07-11,VJ152/VJ159,A657,A321,SGN-HAN-SGN,19:20,20:10,19:20,21:30,21:30,21:59,22:00,22:05,02:10,00:30,DELAY,DELAY,DELAY,DELAY,,93,00:30,,,,,21:35,21:58,,,HAN,SGN,SGN,Domestic,VJ,,,,,,,,,,,,
,2026-07-11,VJ468/VJ161,A697,A321,VCA-HAN-SGN,19:50,20:55,19:50,21:30,20:05,21:29,21:30,21:38,01:40,01:25,ONTIME,ONTIME,DELAY,ONTIME,,,,,,,,20:27,21:26,,,HAN,VCA,SGN,Domestic,VJ,,,,,,,,,,,,
,2026-07-11,VJ520/VJ529,A535,A321,DAD-HAN-DAD,20:55,22:35,20:55,22:35,21:00,22:30,22:31,22:35,01:40,01:31,EARLY,ONTIME,ONTIME,ONTIME,,,,,,,,21:50,22:27,,,HAN,DAD,DAD,Domestic,VJ,,,,,,,,,,,,
,2026-07-11,VJ154/VJ167,A662,A320,SGN-HAN-SGN,20:55,22:45,20:55,22:45,21:25,22:41,22:42,22:45,01:50,01:17,EARLY,ONTIME,ONTIME,DELAY,,,,,,,,22:00,22:35,,,HAN,SGN,SGN,Domestic,VJ,,,,,,,,,,,,
,2026-07-11,VJ540/VJ7526,A635,A321,DAD-HAN-CAN,19:30,22:30,19:30,22:30,20:10,22:29,22:30,22:37,03:00,02:20,ONTIME,ONTIME,ONTIME,DELAY,,,,,,,,21:32,22:27,,,HAN,DAD,CAN,International,VJ,,,,,,,,,,,,
,2026-07-11,VJ914/VJ962,A644,A321,SAI-HAN-ICN,20:50,23:15,20:50,23:15,20:36,23:14,23:15,23:25,02:25,02:39,ONTIME,ONTIME,ONTIME,ONTIME,,,,,,,,22:35,23:12,X,,HAN,SAI,ICN,International,VJ,,,,,,,,,,,,
,2026-07-11,AI2390/AI2391,VT-TQF,A320,DEL-HAN-DEL,07:20,08:20,07:20,08:20,07:29,08:19,08:20,08:21,01:00,00:51,ONTIME,ONTIME,ONTIME,ONTIME,,,,,,,,,,,,HAN,DEL,DEL,International,AI,,,,,,,,,,,,
,2026-07-12,VJ7658/VJ7658,A526,A321,DAD-HAN-BQS,23:45,00:20,23:45,00:20,23:50,00:19,00:20,00:30,00:35,00:30,ONTIME,ONTIME,ONTIME,ONTIME,,,,,,,,,,X,,HAN,DAD,BQS,International,VJ,,,,,,,,,,,,
,2026-07-12,____/VJ932,A607,A321,HAN-NRT,,00:30,,00:30,,00:29,00:30,00:34,,,ONTIME,ONTIME,ONTIME,,,,,,,,,23:45,00:28,,,HAN,HAN,NRT,International,VJ,,,,,,,,,,,,
,2026-07-12,VJ7704/VJ7704,A580,A321,CXR-HAN-VVO,00:10,00:45,00:10,00:45,00:35,00:58,00:59,01:00,00:35,00:24,DELAY,ONTIME,ONTIME,DELAY,,93,00:14,,,,,,,X,,HAN,CXR,VVO,International,VJ,,,,,,,,,,,,
,2026-07-12,____/VJ982,A640,A321,DAD-HAN-PUS,,01:05,,01:05,,01:04,01:05,01:10,,,ONTIME,ONTIME,ONTIME,,,,,,,,,00:15,01:00,,,HAN,DAD,PUS,International,VJ,,,,,,,,,,,,
,2026-07-12,____/VJ938,A521,A321,DPS-HAN-KIX,,01:20,,01:20,,01:18,01:19,01:21,,,EARLY,ONTIME,ONTIME,,,,,,,,,00:35,01:10,,,HAN,DPS,KIX,International,VJ,,,,,,,,,,,,
,2026-07-12,____/VJ960,A629,A321,HAN-ICN,,01:40,,01:40,,01:44,01:45,01:52,,,DELAY,ONTIME,ONTIME,,,15A,00:05,,,,,00:50,01:41,,OFFLOAD 02PAX 02BAGS,HAN,HAN,ICN,International,VJ,,,,,,,,,,,,
,2026-07-12,____/VJ920,A524,A321,HAN-NGO,,01:40,,01:40,,01:39,01:40,01:41,,,ONTIME,ONTIME,ONTIME,,,,,,,,,00:45,01:36,,,HAN,HAN,NGO,International,VJ,,,,,,,,,,,,
,2026-07-12,_____/VJ1980,A669,A320,HAN-FSZ,,02:40,,02:40,,02:29,02:30,02:34,,,EARLY,ONTIME,ONTIME,,,,,,,,,01:40,02:25,,,HAN,HAN,FSZ,International,,,,,,,,,,,,,
,2026-07-12,____/VJ445,A632,A321,HAN-PQC,,05:30,,05:30,,05:24,05:25,05:34,,,EARLY,ONTIME,ONTIME,,,,,,,,,04:45,05:22,,,HAN,HAN,PQC,Domestic,VJ,,,,,,,,,,,,
,2026-07-12,____/VJ123,A655,A320,HAN-SGN,,05:30,,05:30,,05:24,05:25,05:32,,,EARLY,ONTIME,ONTIME,,,,,,,,,04:45,05:20,,,HAN,HAN,SGN,Domestic,VJ,,,,,,,,,,,,
,2026-07-12,____/VJ501,A687,A321,HAN-DAD,,05:40,,05:40,,05:34,05:35,05:50,,,EARLY,ONTIME,ONTIME,,,,,,,,,05:00,05:36,,,HAN,HAN,DAD,Domestic,VJ,,,,,,,,,,,,
,2026-07-12,____/VJ1775,A546,A321,HAN-CXR,,05:45,,05:45,,05:39,05:40,05:44,,,EARLY,ONTIME,ONTIME,,,,,,,,,05:00,05:35,,,HAN,HAN,CXR,Domestic,VJ,,,,,,,,,,,,
,2026-07-12,____/VJ491,A534,A321,HAN-BMV,,06:00,,06:00,,06:04,06:05,06:15,,,DELAY,ONTIME,ONTIME,,,15A,00:05,,,,,05:10,06:02,,OFFLOAD 03PAX 03BAGS,HAN,HAN,BMV,Domestic,VJ,,,,,,,,,,,,
,2026-07-12,____/VJ121,A636,A321,HAN-SGN,,06:00,,06:00,,05:59,06:00,06:10,,,ONTIME,ONTIME,ONTIME,,,,,,,,,05:10,05:49,,,HAN,HAN,SGN,Domestic,VJ,,,,,,,,,,,,
,2026-07-12,____/VJ771,A656,A320,HAN-CXR,,05:45,,06:00,,05:54,05:55,05:58,,,EARLY,ONTIME,ONTIME,,,,,,,,,05:10,05:50,,,HAN,HAN,CXR,Domestic,VJ,,,,,,,,,,,,
,2026-07-12,____/VJ431,A672,A320,HAN-UIH,,06:05,,06:05,,05:59,06:00,06:05,,,EARLY,ONTIME,ONTIME,,,,,,,,,05:20,05:54,,,HAN,HAN,UIH,Domestic,VJ,,,,,,,,,,,,
,2026-07-12,VJ7713/VJ952,A663,A320,PKX-HAN-HIJ,,06:15,03:55,06:15,,06:09,06:10,06:23,02:20,,EARLY,ONTIME,ONTIME,,,,,,,,,05:30,06:06,,,HAN,PKX,HIJ,International,VJ,,,,,,,,,,,,
,2026-07-12,____/VJ531,A649,A321,HAN-DAD,,06:30,,06:30,,06:29,06:30,06:37,,,ONTIME,ONTIME,ONTIME,,,,,,,,,05:45,06:27,,,HAN,HAN,DAD,Domestic,VJ,,,,,,,,,,,,
,2026-07-12,____/VJ461,A551,A321,HAN-VCA,,06:45,,06:45,,06:39,06:40,06:42,,,EARLY,ONTIME,ONTIME,,,,,,,,,05:58,06:37,,,HAN,HAN,VCA,Domestic,VJ,,,,,,,,,,,,
,2026-07-12,____/VJ125,A689,A320,HAN-SGN,,07:00,,07:00,,06:59,07:00,07:15,,,ONTIME,ONTIME,ONTIME,,,,,,,,,06:15,06:56,,,HAN,HAN,SGN,Domestic,VJ,,,,,,,,,,,,
,2026-07-12,____/VJ1771,A651,A321,HAN-CXR,,07:00,,07:00,,06:54,06:55,07:10,,,EARLY,ONTIME,ONTIME,,,,,,,,,06:15,06:51,,,HAN,HAN,CXR,Domestic,VJ,,,,,,,,,,,,
,2026-07-12,____/VJ9948,A203,A321,HAN-RMQ,,07:05,,07:05,,07:18,07:19,07:20,,,DELAY,ONTIME,ONTIME,,,15A,00:14,,,,,06:10,07:16,,LATE ACCEPT PAX 16PAX 14BAGS,HAN,HAN,RMQ,International,VJ,,,,,,,,,,,,
,2026-07-12,____/VJ421,A671,A320,HAN-PXU,,07:10,,07:10,,07:07,07:08,07:12,,,EARLY,ONTIME,ONTIME,,,,,,,,,06:20,07:02,,,HAN,HAN,PXU,Domestic,VJ,,,,,,,,,,,,
,2026-07-12,____/VJ905,A647,A321,HAN-KUL,,07:25,,07:25,,07:29,07:30,07:35,,,DELAY,ONTIME,ONTIME,,,15A,00:05,,,,,06:30,07:28,,OFFLOAD 04PAX 01BAG,HAN,HAN,KUL,International,VJ,,,,,,,,,,,,
,2026-07-12,VJ7527/VJ503,A635,A321,CAN-HAN-DAD,,07:30,03:05,07:30,,07:29,07:30,07:34,04:25,,ONTIME,ONTIME,ONTIME,,,,,,,,,06:40,07:27,,,HAN,CAN,DAD,Domestic,VJ,,,,,,,,,,,,
,2026-07-12,____/VJ930,A674,A321,HAN-KIX,,07:55,,07:55,,07:49,07:50,07:57,,,EARLY,ONTIME,ONTIME,,,,,,,,,07:05,07:47,,,HAN,HAN,KIX,International,VJ,,,,,,,,,,,,
,2026-07-12,____/VJ934,A500,A321,HAN-NRT,,07:55,,07:55,,08:08,08:09,08:10,,,DELAY,ONTIME,ONTIME,,,99,00:14,,,,,07:20,08:06,,IPAD CAPT ERROR & LATE ACC 1 PAX 2 BAGS,HAN,HAN,NRT,International,VJ,,,,,,,,,,,,
,2026-07-12,____/VJ127,A639,A321,HAN-SGN,,08:10,,08:10,,08:04,08:05,08:15,,,EARLY,ONTIME,ONTIME,,,,,,,,,07:20,08:01,,,HAN,HAN,SGN,Domestic,VJ,,,,,,,,,,,,
,2026-07-12,____/VJ1779,A547,A321,HAN-CXR,,08:20,,08:30,,08:28,08:29,08:35,,,EARLY,ONTIME,ONTIME,,,,,,,,,07:45,08:26,,,HAN,HAN,CXR,Domestic,VJ,,,,,,,,,,,,
,2026-07-12,____/VJ929,A551,A321,HAN-CGK,,08:40,,08:40,,08:39,08:40,08:47,,,ONTIME,ONTIME,ONTIME,,,,,,,,,07:20,08:37,,,HAN,HAN,CGK,International,VJ,,,,,,,,,,,,
,2026-07-12,VJ120/VJ447,A662,A320,SGN-HAN-PQC,07:10,08:45,07:10,08:45,07:21,08:58,08:59,09:00,01:35,01:38,DELAY,ONTIME,ONTIME,ONTIME,,41,00:14,,,,,08:20,08:56,,CHANGE WHEEL,HAN,SGN,PQC,Domestic,VJ,,,,,,,,,,,,
,2026-07-12,VJ126/VJ129,A810,A330,SGN-HAN-SGN,08:15,08:45,09:50,11:40,10:50,11:39,11:40,11:50,01:50,00:50,ONTIME,ONTIME,DELAY,DELAY,,,,,,,,11:00,11:37,,,HAN,SGN,SGN,Domestic,VJ,,,,,,,,,,,,
,2026-07-12,VJ963/VJ435,A644,A321,ICN-HAN-UIH,08:55,08:50,08:15,09:50,08:55,09:39,09:40,09:45,01:35,00:45,EARLY,ONTIME,DELAY,ONTIME,,,,,,,,09:10,09:37,,,HAN,ICN,UIH,Domestic,VJ,,,,,,,,,,,,
,2026-07-12,____/VJ541,A668,A320,HAN-DAD,,08:00,,09:00,,09:34,09:35,09:43,,,DELAY,DELAY,DELAY,,,63A,00:35,,,,,08:15,08:52,,FO OB 0934,HAN,HAN,DAD,Domestic,VJ,,,,,,,,,,,,
,2026-07-12,____/VJ505,A537,A321,HAN-DAD,,09:05,,09:05,,09:04,09:05,09:15,,,ONTIME,ONTIME,ONTIME,,,,,,,,,08:25,09:02,,,HAN,HAN,DAD,Domestic,VJ,,,,,,,,,,,,
,2026-07-12,VJ502/VJ915,A666,A320,DAD-HAN-SIN,08:15,09:35,08:15,09:35,08:45,09:39,09:40,09:49,01:20,00:55,DELAY,ONTIME,ONTIME,DELAY,,99,00:05,,,,,08:58,09:37,,ACC LATE 3 PAX 5 BAGS,HAN,DAD,SIN,International,VJ,,,,,,,,,,,,
,2026-07-12,VJ933/VJ1773,A607,A321,NRT-HAN-CXR,13:05,10:00,13:05,13:45,13:10,13:44,13:45,13:53,00:40,00:35,ONTIME,ONTIME,DELAY,ONTIME,,,,,,,,13:15,13:42,,,HAN,NRT,CXR,Domestic,VJ,,,,,,,,,,,,
,2026-07-12,VJ542/VJ131,A668,A320,DAD-HAN-SGN,12:10,10:10,12:10,13:40,13:40,14:04,14:05,14:15,01:30,00:25,DELAY,DELAY,DELAY,DELAY,,93,00:25,,,,,13:40,14:03,,,HAN,DAD,SGN,Domestic,VJ,,,,,,,,,,,,
,2026-07-12,VJ1124/VJ1433,A676,A320,SGN-HAN-UIH,09:40,10:10,09:40,10:10,10:05,10:29,10:30,10:39,00:30,00:25,DELAY,DELAY,DELAY,DELAY,,93,00:20,,,,,10:05,10:27,,,HAN,SGN,UIH,Domestic,VJ,,,,,,,,,,,,
,2026-07-12,VJ430/VJ463,A672,A320,UIH-HAN-VCA,09:50,10:20,09:50,10:20,09:55,10:19,10:20,10:28,00:30,00:25,ONTIME,ONTIME,ONTIME,ONTIME,,,,,,,,09:50,10:16,,,HAN,UIH,VCA,Domestic,VJ,,,,,,,,,,,,
,2026-07-12,VJ532/VJ425,A649,A321,DAD-HAN-PXU,09:45,10:20,10:40,11:20,11:05,11:32,11:33,11:39,00:40,00:28,DELAY,ONTIME,DELAY,DELAY,,93,00:13,,,,,11:05,11:30,,,HAN,DAD,PXU,Domestic,VJ,,,,,,,,,,,,
,2026-07-12,VJ770/VJ437,A656,A320,CXR-HAN-UIH,09:55,10:25,09:55,11:00,10:35,10:59,11:00,11:08,01:05,00:25,ONTIME,ONTIME,DELAY,DELAY,,,,,,,,10:35,10:57,,,HAN,CXR,UIH,Domestic,VJ,,,,,,,,,,,,
,2026-07-12,VJ1780/VJ997,A542,A321,CXR-HAN-DPS,07:50,10:25,07:50,10:25,07:50,10:29,10:30,10:40,02:35,02:40,DELAY,ONTIME,ONTIME,ONTIME,,99,00:05,,,,,09:45,10:27,,LATE ACPT 02PAX 02BAG,HAN,CXR,DPS,International,VJ,,,,,,,,,,,,
,2026-07-12,VJ492/VJ493,A534,A321,BMV-HAN-BMV,10:00,10:30,10:00,10:55,10:35,10:59,11:00,11:00,00:55,00:25,DELAY,ONTIME,DELAY,DELAY,,93,00:05,,,,,10:30,10:57,,,HAN,BMV,BMV,Domestic,VJ,,,,,,,,,,,,
,2026-07-12,VJ1776/VJ565,A546,A321,CXR-HAN-HUI,09:55,10:30,09:55,10:30,10:15,10:39,10:40,10:44,00:35,00:25,DELAY,ONTIME,ONTIME,DELAY,,93,00:10,,,,,10:10,10:37,,,HAN,CXR,HUI,Domestic,VJ,,,,,,,,,,,,
,2026-07-12,VJ536/VJ537,A687,A321,DAD-HAN-DAD,10:35,11:05,10:35,11:45,11:30,11:53,11:54,12:15,01:10,00:24,DELAY,ONTIME,DELAY,DELAY,,93,00:09,,,,,11:10,11:52,,,HAN,DAD,DAD,Domestic,VJ,,,,,,,,,,,,
,2026-07-12,VJ448/VJ901,A632,A321,PQC-HAN-BKK,10:15,11:10,10:15,11:10,10:30,11:14,11:15,11:34,00:55,00:45,DELAY,ONTIME,DELAY,ONTIME,,66,00:05,,,,,10:45,11:12,,CREW HN OB 1045LT,HAN,PQC,BKK,International,VJ,,,,,,,,,,,,
,2026-07-12,VJ524/VJ507,A649,A321,DAD-HAN-DAD,10:40,11:10,10:40,14:00,13:20,14:09,14:10,14:20,03:20,00:50,DELAY,ONTIME,DELAY,DELAY,,15,00:05,11,00:05,,,13:30,14:07,,,HAN,DAD,DAD,Domestic,VJ,,,,,,,,,,,,
,2026-07-12,VJ981/VJ563,A640,A321,PUS-HAN-HUI,10:40,11:40,10:40,11:40,10:25,12:03,12:04,12:10,01:00,01:39,DELAY,DELAY,DELAY,ONTIME,,95,00:24,,,,,10:30,12:01,,CREW 536 OB 1140L,HAN,PUS,HUI,Domestic,VJ,,,,,,,,,,,,
,2026-07-12,VJ422/VJ451,A671,A320,PXU-HAN-PQC,10:50,11:45,10:50,11:45,10:55,11:39,11:40,11:46,00:55,00:45,EARLY,ONTIME,ONTIME,ONTIME,,,,,,,,10:55,11:37,,,HAN,PXU,PQC,Domestic,VJ,,,,,,,,,,,,
,2026-07-12,VJ1772/VJ1453,A651,A321,CXR-HAN-PQC,11:15,11:50,11:15,11:50,11:45,12:11,12:12,12:15,00:35,00:27,DELAY,DELAY,DELAY,DELAY,,93,00:22,,,,,11:45,12:10,,,HAN,CXR,PQC,Domestic,VJ,,,,,,,,,,,,
,2026-07-12,VJ504/VJ135,A812,A330,DAD-HAN-SGN,08:40,10:10,11:00,12:30,11:45,12:29,12:30,12:35,01:30,00:45,ONTIME,ONTIME,DELAY,DELAY,,,,,,,,11:45,12:27,,,HAN,DAD,SGN,Domestic,VJ,,,,,,,,,,,,
,2026-07-12,VJ921/VJ515,A524,A321,NGO-HAN-DAD,12:50,12:10,12:50,13:30,12:55,13:29,13:30,13:35,00:40,00:35,ONTIME,ONTIME,DELAY,ONTIME,,,,,,,,11:55,13:27,,,HAN,NGO,DAD,Domestic,VJ,,,,,,,,,,,,
,2026-07-12,VJ128/VJ137,A689,A320,SGN-HAN-SGN,11:50,12:20,11:50,12:20,12:35,12:59,13:00,13:07,00:30,00:25,DELAY,DELAY,DELAY,DELAY,,93,00:40,,,,,12:30,12:57,,,HAN,SGN,SGN,Domestic,VJ,,,,,,,,,,,,
,2026-07-12,VJ506/VJ453,A537,A321,DAD-HAN-PQC,12:15,13:00,12:15,13:00,13:05,13:34,13:35,13:44,00:45,00:30,DELAY,DELAY,DELAY,DELAY,,93,00:35,,,,,13:00,13:33,,,HAN,DAD,PQC,Domestic,VJ,,,,,,,,,,,,
,2026-07-12,VJ7705/VJ7705,A580,A321,VVO-HAN-CXR,12:45,13:15,12:45,13:15,13:00,13:23,13:24,13:45,00:30,00:24,DELAY,ONTIME,DELAY,ONTIME,,93,00:09,,,,,,,X,,HAN,VVO,CXR,Domestic,VJ,,,,,,,,,,,,
,2026-07-12,VJ7659/VJ7659,A526,A321,BQS-HAN-DAD,12:45,09:05,12:45,14:00,12:50,14:39,14:40,14:50,01:15,01:50,DELAY,DELAY,DELAY,ONTIME,,95,00:40,,,,,,,X,CREW VJ524 OB 1422L,HAN,BQS,DAD,Domestic,VJ,,,,,,,,,,,,
,2026-07-12,VJ939/VJ948,A521,A321,KIX-HAN-RMQ,12:20,13:30,12:20,13:30,12:10,13:39,13:40,13:45,01:10,01:30,DELAY,ONTIME,ONTIME,ONTIME,,99,00:10,,,,,13:00,13:37,,LATE ACPT 04PAX 06BAG,HAN,KIX,RMQ,International,VJ,,,,,,,,,,,,
,2026-07-12,VJ440/VJ441,A662,A320,PQC-HAN-PQC,13:30,14:00,13:30,14:40,14:10,14:39,14:40,14:48,01:10,00:30,ONTIME,ONTIME,DELAY,DELAY,,,,,,,,14:12,14:37,,,HAN,PQC,PQC,Domestic,VJ,,,,,,,,,,,,
,2026-07-12,VJ432/VJ433,A644,A321,UIH-HAN-UIH,12:35,14:00,12:35,14:15,13:40,14:11,14:12,14:15,01:40,00:32,EARLY,ONTIME,ONTIME,DELAY,,,,,,,,13:35,14:10,,,HAN,UIH,UIH,Domestic,VJ,,,,,,,,,,,,
,2026-07-12,VJ566/VJ787,A546,A321,DAD-HAN-CXR,13:30,14:05,13:05,14:30,13:50,14:18,14:19,14:20,01:25,00:29,EARLY,ONTIME,ONTIME,DELAY,,,,,,,,13:50,14:17,,,HAN,DAD,CXR,Domestic,VJ,,,,,,,,,,,,
,2026-07-12,VJ508/VJ143,A524,A321,DAD-HAN-SGN,15:25,14:20,16:45,17:45,17:40,18:14,18:15,18:30,01:00,00:35,DELAY,DELAY,DELAY,DELAY,,93,00:25,15A,00:05,,,17:25,18:17,,OFLD 05PAX + 2BAG,HAN,DAD,SGN,Domestic,VJ,,,,,,,,,,,,
,2026-07-12,VJ9949/VJ942,A203,A321,RMQ-HAN-TPE,13:20,14:25,13:20,14:45,13:55,15:51,15:52,15:55,01:25,01:57,DELAY,DELAY,DELAY,DELAY,,41,01:07,,,,,14:10,14:42,,,HAN,RMQ,TPE,International,VJ,,,,,,,,,,,,
,2026-07-12,VJ1434/VJ1125,A676,A320,UIH-HAN-SGN,14:00,14:30,14:00,15:00,14:30,14:59,15:00,15:15,01:00,00:30,ONTIME,ONTIME,DELAY,DELAY,,,,,,,,10:30,15:02,,,HAN,UIH,SGN,Domestic,VJ,,,,,,,,,,,,
,2026-07-12,VJ961/VJ946,A629,A321,ICN-HAN-KHH,13:35,14:35,13:35,14:35,13:15,14:25,14:27,14:35,01:00,01:12,EARLY,ONTIME,ONTIME,ONTIME,,,,,,,,13:40,14:23,,,HAN,ICN,KHH,International,VJ,,,,,,,,,,,,
,2026-07-12,VJ1504/VJ1505,A539,A321,DAD-HAN-DAD,14:10,14:45,14:10,16:55,16:45,17:19,17:20,17:28,02:45,00:35,DELAY,DELAY,DELAY,DELAY,,93,00:20,87,00:05,,,16:45,17:17,,STUCK AT PBB,HAN,DAD,DAD,Domestic,VJ,,,,,,,,,,,,
,2026-07-12,VJ538/VJ467,A687,A321,DAD-HAN-VCA,14:15,14:30,15:40,16:15,16:30,16:59,17:00,17:13,00:35,00:30,DELAY,DELAY,DELAY,DELAY,,93,00:45,,,,,16:10,16:57,,,HAN,DAD,VCA,Domestic,VJ,,,,,,,,,,,,
,2026-07-12,VJ426/VJ1451,A635,A321,PXU-HAN-PQC,14:05,15:05,14:05,16:00,15:30,16:04,16:05,16:15,01:55,00:35,DELAY,ONTIME,DELAY,DELAY,,66,00:05,,,,,15:30,16:02,,CREW HN OB 1543LT,HAN,PXU,PQC,Domestic,VJ,,,,,,,,,,,,
,2026-07-12,VJ510/VJ511,A649,A321,DAD-HAN-DAD,14:35,15:05,17:30,18:05,18:20,18:47,18:48,18:50,00:35,00:28,DELAY,DELAY,DELAY,DELAY,,93,00:43,,,,,18:20,18:45,,,HAN,DAD,DAD,Domestic,VJ,,,,,,,,,,,,
,2026-07-12,VJ1981/VJ423,A669,A320,FSZ-HAN-PXU,14:00,15:05,14:00,15:05,14:00,15:04,15:05,15:13,01:05,01:05,ONTIME,ONTIME,ONTIME,ONTIME,,,,,,,,14:30,15:02,,,HAN,FSZ,PXU,Domestic,VJ,,,,,,,,,,,,
,2026-07-12,VJ130/VJ133,A810,A330,SGN-HAN-SGN,14:25,15:10,14:25,18:10,17:35,18:19,18:20,18:29,03:45,00:45,DELAY,ONTIME,DELAY,DELAY,,93,00:10,,,,,17:35,18:16,,,HAN,SGN,SGN,Domestic,VJ,,,,,,,,,,,,
,2026-07-12,VJ494/VJ419,A534,A321,BMV-HAN-TBB,14:30,15:10,14:30,15:40,15:45,16:10,16:11,16:13,01:10,00:26,DELAY,DELAY,DELAY,DELAY,,93,00:31,,,,,15:45,16:08,,,HAN,BMV,TBB,Domestic,VJ,,,,,,,,,,,,
,2026-07-12,_____/VJ525,A673,A321,HAN-DAD,,15:15,,17:15,,17:14,17:15,17:18,,,ONTIME,ONTIME,DELAY,,,,,,,,,16:31,17:12,,,HAN,HAN,DAD,Domestic,,,,,,,,,,,,,
,2026-07-12,VJ2924/VJ2924,A553,A321,DAD-HAN-BAX,15:05,15:40,15:05,15:40,15:15,15:44,15:45,15:55,00:35,00:30,DELAY,ONTIME,ONTIME,ONTIME,,93,00:05,,,,,,,X,,HAN,DAD,BAX,International,VJ,,,,,,,,,,,,
,2026-07-12,VJ436/VJ439,A656,A320,UIH-HAN-UIH,14:10,15:40,14:10,15:40,15:00,15:37,15:38,15:43,01:30,00:38,EARLY,ONTIME,ONTIME,DELAY,,,,,,,,15:05,15:35,,,HAN,UIH,UIH,Domestic,VJ,,,,,,,,,,,,
,2026-07-12,VJ138/VJ147,A658,A320,SGN-HAN-SGN,15:15,15:45,15:15,15:45,16:05,16:29,16:30,16:45,00:30,00:25,DELAY,DELAY,DELAY,DELAY,,93,00:45,,,,,16:00,16:32,,,HAN,SGN,SGN,Domestic,VJ,,,,,,,,,,,,
,2026-07-12,VJ906/VJ9946,A647,A321,KUL-HAN-KHH,14:40,15:45,14:40,15:45,14:55,15:41,15:42,15:50,01:05,00:47,EARLY,ONTIME,ONTIME,ONTIME,,,,,,,,15:05,15:39,,,HAN,KUL,KHH,International,VJ,,,,,,,,,,,,
,2026-07-12,VJ953/VJ903,A663,A320,HIJ-HAN-BKK,16:10,15:45,16:10,17:30,16:45,17:25,17:26,17:39,01:20,00:41,EARLY,ONTIME,DELAY,DELAY,,,,,,,,16:55,17:23,,,HAN,HIJ,BKK,International,VJ,,,,,,,,,,,,
,2026-07-12,VJ564/VJ567,A640,A321,HUI-HAN-HUI,14:40,15:55,14:40,15:55,15:10,15:54,15:55,16:01,01:15,00:45,ONTIME,ONTIME,ONTIME,DELAY,,,,,,,,15:10,15:52,,,HAN,HUI,HUI,Domestic,VJ,,,,,,,,,,,,
,2026-07-12,VJ530/VJ773,A667,A321,DAD-HAN-CXR,16:30,16:00,17:35,18:10,17:55,18:24,18:25,18:40,00:35,00:30,DELAY,ONTIME,DELAY,DELAY,,93,00:15,,,,,17:55,18:22,,,HAN,DAD,CXR,Domestic,VJ,,,,,,,,,,,,
,2026-07-12,VJ464/VJ913,A672,A320,VCA-HAN-SAI,15:10,16:20,15:10,16:20,15:50,16:19,16:20,16:30,01:10,00:30,ONTIME,ONTIME,ONTIME,DELAY,,,,,,,,15:55,16:17,,,HAN,VCA,SAI,International,VJ,,,,,,,,,,,,
,2026-07-12,VJ136/VJ539,A550,A321,SGN-HAN-DAD,14:15,16:20,14:15,19:10,19:05,19:34,19:35,19:40,04:55,00:30,DELAY,DELAY,DELAY,DELAY,,93,00:25,,,,,18:55,19:31,,,HAN,SGN,DAD,Domestic,VJ,,,,,,,,,,,,
,2026-07-12,VJ902/VJ193,A632,A321,BKK-HAN-SGN,15:50,16:40,15:50,17:00,16:35,17:14,17:15,17:30,01:10,00:40,DELAY,ONTIME,DELAY,DELAY,,93,00:05,66,00:10,,,16:46,17:12,,CREW HN OB 1646LT,HAN,BKK,SGN,Domestic,VJ,,,,,,,,,,,,
,2026-07-12,VJ452/VJ465,A522,A321,PQC-HAN-VCA,16:05,17:00,16:05,17:00,16:55,17:29,17:30,17:39,00:55,00:35,DELAY,DELAY,DELAY,DELAY,,93,00:25,66,00:05,,,16:50,17:27,,CREW HN OB 1702LT,HAN,PQC,VCA,Domestic,VJ,,,,,,,,,,,,
,2026-07-12,VJ916/VJ457,A666,A320,SIN-HAN-PQC,17:25,17:10,17:25,18:10,17:50,18:14,18:15,18:20,00:45,00:25,DELAY,ONTIME,DELAY,DELAY,,93,00:05,,,,,17:50,18:12,,,HAN,SIN,PQC,Domestic,VJ,,,,,,,,,,,,
,2026-07-12,VJ434/VJ495,A644,A321,UIH-HAN-BMV,17:45,17:30,17:45,18:40,18:15,18:44,18:45,18:50,00:55,00:30,DELAY,ONTIME,DELAY,DELAY,,93,00:05,,,,,18:05,18:42,,,HAN,UIH,BMV,Domestic,VJ,,,,,,,,,,,,
,2026-07-12,VJ454/VJ1431,A671,A320,PQC-HAN-UIH,16:45,17:40,16:45,17:40,16:50,17:39,17:40,17:50,00:55,00:50,ONTIME,ONTIME,ONTIME,ONTIME,,,,,,,,16:55,17:37,,,HAN,PQC,UIH,Domestic,VJ,,,,,,,,,,,,
,2026-07-12,VJ140/VJ151,A812,A330,SGN-HAN-SGN,16:20,16:50,16:20,19:20,18:45,19:26,19:27,19:29,03:00,00:42,DELAY,ONTIME,DELAY,DELAY,,93,00:07,,,,,18:45,19:21,,,HAN,SGN,SGN,Domestic,VJ,,,,,,,,,,,,
,2026-07-12,VJ456/VJ781,A537,A321,PQC-HAN-CXR,17:45,18:15,17:45,19:00,19:00,19:29,19:30,19:36,01:15,00:30,DELAY,DELAY,DELAY,DELAY,,93,00:30,,,,,19:00,19:27,,,HAN,PQC,CXR,Domestic,VJ,,,,,,,,,,,,
,2026-07-12,VJ1454/VJ141,A651,A321,PQC-HAN-SGN,17:40,18:40,17:40,18:40,18:05,18:44,18:45,18:55,01:00,00:40,DELAY,ONTIME,ONTIME,DELAY,,66,00:05,,,,,17:55,18:41,,CREW OB 1815L,HAN,PQC,SGN,Domestic,VJ,,,,,,,,,,,,
,2026-07-12,VJ774/VJ517,A546,A321,CXR-HAN-DAD,18:10,18:45,18:10,19:30,19:25,19:50,19:52,20:00,01:20,00:27,DELAY,DELAY,DELAY,DELAY,,93,00:22,,,,,19:15,19:48,,,HAN,CXR,DAD,Domestic,VJ,,,,,,,,,,,,
,2026-07-12,VJ512/VJ521,A649,A321,CXR-HAN-DAD,17:00,18:45,22:05,22:35,22:55,23:24,23:25,23:33,00:30,00:30,DELAY,DELAY,DELAY,DELAY,,93,00:50,,,,,22:55,23:21,,,HAN,CXR,DAD,Domestic,VJ,,,,,,,,,,,,
,2026-07-12,VJ142/VJ789,A668,A320,SGN-HAN-CXR,17:40,18:45,17:40,20:10,20:55,21:24,21:25,21:40,02:30,00:30,DELAY,DELAY,DELAY,DELAY,,93,01:10,66,00:05,,,20:55,21:22,,CREW OB 2057,HAN,SGN,CXR,Domestic,VJ,,,,,,,,,,,,
,2026-07-12,VJ1774/VJ153,A607,A321,CXR-HAN-SGN,14:20,19:15,14:20,19:15,18:50,19:24,19:25,19:30,04:55,00:35,DELAY,ONTIME,ONTIME,DELAY,,93,00:05,66,00:05,,,18:55,19:21,,CREW OB 1900,HAN,CXR,SGN,Domestic,VJ,,,,,,,,,,,,
,2026-07-12,VJ424/VJ561,A669,A320,PXU-HAN-HUI,18:45,19:15,18:45,19:15,19:55,20:19,20:20,20:30,00:30,00:25,DELAY,DELAY,DELAY,DELAY,,93,01:05,,,,,19:50,20:17,,,HAN,PXU,HUI,Domestic,VJ,,,,,,,,,,,,
,2026-07-12,____/VJ519,A529,A321,HAN-DAD,,19:25,,21:00,,21:23,21:24,21:33,,,DELAY,DELAY,DELAY,,,87,00:10,15,00:14,,,20:40,21:19,,GATE LIMITATIONS/ LACK OF BOARDING STAFF,HAN,HAN,DAD,Domestic,VJ,,,,,,,,,,,,
,2026-07-12,VJ568/VJ1127,A640,A321,HUI-HAN-SGN,18:55,19:30,18:55,20:25,20:15,20:49,20:50,21:00,01:30,00:35,DELAY,DELAY,DELAY,DELAY,,93,00:20,66,00:05,,,20:20,20:47,,CREW OB 2025,HAN,HUI,SGN,Domestic,VJ,,,,,,,,,,,,
,2026-07-12,VJ144/VJ157,A523,A321,SGN-HAN-SGN,18:05,19:30,18:05,20:30,20:05,20:49,20:50,21:10,02:25,00:45,DELAY,DELAY,DELAY,DELAY,,93,00:05,99,00:15,,,20:00,20:47,,LACK OF BOARDING STAFF,HAN,SGN,SGN,Domestic,VJ,,,,,,,,,,,,
,2026-07-12,VJ935/VJ1925,A500,A321,NRT-HAN-AMD,20:05,19:45,20:05,21:00,20:40,21:19,21:20,21:30,00:55,00:40,DELAY,DELAY,DELAY,DELAY,,93,00:10,66,00:10,,,20:54,21:17,,CREW HN OB 2054,HAN,NRT,AMD,International,VJ,,,,,,,,,,,,
,2026-07-12,VJ420/VJ523,A534,A321,TBB-HAN-DAD,19:15,19:45,19:15,20:45,20:42,21:09,21:10,21:18,01:30,00:28,DELAY,DELAY,DELAY,DELAY,,93,00:25,,,,,20:35,21:07,,,HAN,TBB,DAD,Domestic,VJ,,,,,,,,,,,,
,2026-07-12,VJ7614/VJ7614,A516,A321,CXR-HAN-BQS,19:15,19:50,19:15,21:50,21:40,22:09,22:10,22:38,02:35,00:30,DELAY,DELAY,DELAY,DELAY,,93,00:20,,,,,,,X,,HAN,CXR,BQS,International,VJ,,,,,,,,,,,,
,2026-07-12,VJ438/VJ1785,A656,A320,UIH-HAN-CXR,19:25,19:55,19:25,19:55,19:55,20:17,20:18,20:24,00:30,00:23,DELAY,DELAY,DELAY,DELAY,,93,00:23,,,,,19:45,20:15,,,HAN,UIH,CXR,Domestic,VJ,,,,,,,,,,,,
,2026-07-12,VJ928/VJ455,A551,A321,CGK-HAN-PQC,18:15,20:05,18:15,20:05,18:50,20:04,20:05,20:15,01:50,01:15,ONTIME,ONTIME,ONTIME,DELAY,,,,,,,,19:25,20:00,,,HAN,CGK,PQC,Domestic,VJ,,,,,,,,,,,,
,2026-07-12,VJ442/VJ7712,A662,A320,PQC-HAN-PKX,19:05,20:05,19:05,20:30,20:05,20:34,20:35,20:40,01:25,00:30,DELAY,ONTIME,DELAY,DELAY,,93,00:05,,,,,20:05,20:32,,,HAN,PQC,PKX,International,VJ,,,,,,,,,,,,
,2026-07-12,VJ528/VJ783,A673,A321,DAD-HAN-CXR,18:35,20:25,18:35,21:15,21:25,22:59,23:00,23:06,02:40,01:35,DELAY,DELAY,DELAY,DELAY,,93,00:10,95,01:35,,,22:15,22:57,,WAIT CREW VJ7614 OB2238,HAN,DAD,CXR,Domestic,VJ,,,,,,,,,,,,
,2026-07-12,VJ148/VJ155,A658,A320,SGN-HAN-SGN,19:15,20:00,19:15,23:00,23:00,23:22,23:23,23:33,03:45,00:23,DELAY,DELAY,DELAY,DELAY,,93,00:23,,,,,23:00,23:20,,,HAN,SGN,SGN,Domestic,VJ,,,,,,,,,,,,
,2026-07-12,VJ947/VJ161,A629,A321,KHH-HAN-SGN,20:35,20:55,20:35,21:30,21:10,21:49,21:50,22:15,00:55,00:40,DELAY,DELAY,DELAY,DELAY,,93,00:10,66,00:10,,,21:20,21:51,,CREW OB 2125,HAN,KHH,SGN,Domestic,VJ,,,,,,,,,,,,
,2026-07-12,VJ949/VJ7238,A521,A321,RMQ-HAN-PVG,19:50,21:15,19:50,21:15,21:10,21:49,21:50,22:10,01:25,00:40,DELAY,DELAY,DELAY,DELAY,,93,00:25,66,00:10,,,21:20,21:47,,CREW OB 2120 / LATE PUSHBACK DUE TO ATC,HAN,RMQ,PVG,International,VJ,,,,,,,,,,,,
,2026-07-12,VJ154/VJ163,A810,A330,SGN-HAN-SGN,20:55,21:25,20:55,01:00,00:20,00:54,00:55,01:00,04:05,00:35,EARLY,ONTIME,DELAY,ONTIME,,,,,,,,00:20,00:51,,,HAN,SGN,SGN,Domestic,VJ,,,,,,,,,,,,
,2026-07-12,VJ1452/VJ527,A635,A321,PQC-HAN-DAD,19:50,21:25,19:50,21:45,21:45,23:44,23:45,23:55,01:55,02:00,DELAY,DELAY,DELAY,DELAY,,93,00:30,95,01:30,,,23:20,23:42,,CREW VJ468 OB 2320,HAN,PQC,DAD,Domestic,VJ,,,,,,,,,,,,
,2026-07-12,VJ998/VJ7526,A542,A321,DPS-HAN-CAN,21:35,22:30,21:35,22:30,22:00,22:36,22:37,22:52,00:55,00:37,DELAY,ONTIME,DELAY,DELAY,,66,00:07,,,,,22:15,22:35,,CREW OB 2215,HAN,DPS,CAN,International,VJ,,,,,,,,,,,,
,2026-07-12,VJ518/VJ529,A685,A321,DAD-HAN-DAD,22:05,22:35,22:05,00:45,00:25,00:44,00:45,00:52,02:40,00:20,ONTIME,ONTIME,DELAY,ONTIME,,,,,,,,00:05,00:41,,,HAN,DAD,DAD,Domestic,VJ,,,,,,,,,,,,
,2026-07-12,____/VJ962,A647,A321,HAN-ICN,,23:15,,23:15,,23:14,23:15,23:25,,,ONTIME,ONTIME,ONTIME,,,,,,,,,22:30,23:10,,,HAN,HAN,ICN,International,VJ,,,,,,,,,,,,
,2026-07-12,VJ150/VJ167,A651,A321,SGN-HAN-SGN,23:35,00:10,23:35,01:00,00:30,01:04,01:05,01:14,01:25,00:35,DELAY,ONTIME,DELAY,DELAY,,99,00:05,,,,,00:30,01:02,,BOARDING SYSTEM ERROR,HAN,SGN,SGN,Domestic,VJ,,,,,,,,,,,,
,2026-07-12,AI2390/AI2391,VT-TQH,A320,DEL-HAN-DEL,07:20,08:20,07:20,08:20,07:16,08:11,08:12,08:14,01:00,00:56,EARLY,ONTIME,ONTIME,ONTIME,,,,,,,,,,,,HAN,DEL,DEL,International,AI,,,,,,,,,,,,
,2026-07-13,____/VJ932,A203,A321,HAN-NRT,,00:30,,00:30,,00:26,00:27,00:28,,,EARLY,ONTIME,ONTIME,,,,,,,,,23:45,00:24,,,HAN,HAN,NRT,International,VJ,,,,,,,,,,,,
,2026-07-13,____/VJ982,A644,A321,HAN-PUS,,01:05,,01:05,,00:58,01:00,01:03,,,EARLY,ONTIME,ONTIME,,,,,,,,,00:20,00:55,,,HAN,HAN,PUS,International,VJ,,,,,,,,,,,,
,2026-07-13,VJ2978/VJ2978,A575,A321,CXR-HAN-VVO,00:10,00:45,00:10,01:15,01:05,01:34,01:35,01:38,01:05,00:30,DELAY,DELAY,DELAY,DELAY,,93,00:20,,,,,,,X,,HAN,CXR,VVO,International,VJ,,,,,,,,,,,,
,2026-07-13,____/VJ938,A674,A321,KIX-HAN-KIX,,01:20,,01:20,,01:17,01:18,01:19,,,EARLY,ONTIME,ONTIME,,,,,,,,,00:30,01:14,,,HAN,KIX,KIX,International,VJ,,,,,,,,,,,,
,2026-07-13,____/VJ960,A667,A321,CXR-HAN-ICN,,01:40,,01:40,,01:38,01:40,01:45,,,ONTIME,ONTIME,ONTIME,,,,,,,,,00:55,01:35,,,HAN,CXR,ICN,International,VJ,,,,,,,,,,,,
,2026-07-13,VJ162/VJ920,A523,A321,SGN-HAN-NGO,02:10,01:40,02:10,03:00,02:57,03:39,03:40,03:45,00:50,00:43,DELAY,DELAY,DELAY,DELAY,,93,00:30,66,00:10,,,03:05,03:37,,VJ162 CHOCK ON 0300/ CREW OB 0310,HAN,SGN,NGO,International,VJ,,,,,,,,,,,,
,2026-07-13,____/VJ123,A656,A320,HAN-SGN,,05:30,,05:30,,05:24,05:25,05:26,,,EARLY,ONTIME,ONTIME,,,,,,,,,04:40,05:22,,,HAN,HAN,SGN,Domestic,VJ,,,,,,,,,,,,
,2026-07-13,____/VJ445,A673,A321,HAN-PQC,,05:30,,05:30,,05:29,05:30,05:38,,,ONTIME,ONTIME,ONTIME,,,,,,,,,04:40,05:24,,,HAN,HAN,PQC,Domestic,VJ,,,,,,,,,,,,
,2026-07-13,____/VJ501,A524,A321,HAN-DAD,,05:40,,05:40,,05:34,05:35,05:40,,,EARLY,ONTIME,ONTIME,,,,,,,,,05:50,05:32,,,HAN,HAN,DAD,Domestic,VJ,,,,,,,,,,,,
,2026-07-13,____/VJ771,A663,A320,HAN-CXR,,05:45,,05:45,,05:39,05:40,05:50,,,EARLY,ONTIME,ONTIME,,,,,,,,,05:00,05:37,,,HAN,HAN,CXR,Domestic,VJ,,,,,,,,,,,,
,2026-07-13,____/VJ1775,A671,A320,HAN-CXR,,05:45,,05:45,,05:49,05:50,05:59,,,DELAY,ONTIME,ONTIME,,,99,00:05,,,,,04:55,05:48,,"LATE ACCEPT 19PAX,07BAGS",HAN,HAN,CXR,Domestic,VJ,,,,,,,,,,,,
,2026-07-13,____/VJ121,A522,A321,HAN-SGN,,06:00,,06:00,,05:54,05:55,06:02,,,EARLY,ONTIME,ONTIME,,,,,,,,,05:15,05:52,,,HAN,HAN,SGN,Domestic,VJ,,,,,,,,,,,,
,2026-07-13,____/VJ491,A546,A321,HAN-BMV,,06:00,,06:00,,05:54,05:55,06:00,,,EARLY,ONTIME,ONTIME,,,,,,,,,05:10,05:50,,,HAN,HAN,BMV,Domestic,VJ,,,,,,,,,,,,
,2026-07-13,____/VJ431,A672,A320,HAN-UIH,,06:05,,06:05,,05:57,05:58,05:59,,,EARLY,ONTIME,ONTIME,,,,,,,,,05:20,05:54,,,HAN,HAN,UIH,Domestic,VJ,,,,,,,,,,,,
,2026-07-13,____/VJ531,A529,A321,HAN-DAD,,06:30,,06:30,,06:24,06:25,06:32,,,EARLY,ONTIME,ONTIME,,,,,,,,,05:45,06:22,,,HAN,HAN,DAD,Domestic,VJ,,,,,,,,,,,,
,2026-07-13,____/VJ449,A668,A320,HAN-PQC,,06:30,,06:30,,06:24,06:25,06:26,,,EARLY,ONTIME,ONTIME,,,,,,,,,05:45,06:20,,,HAN,HAN,PQC,Domestic,VJ,,,,,,,,,,,,
,2026-07-13,____/VJ461,A669,A320,HAN-VCA,,06:45,,06:45,,06:39,06:40,06:48,,,EARLY,ONTIME,ONTIME,,,,,,,,,06:00,06:37,,,HAN,HAN,VCA,Domestic,VJ,,,,,,,,,,,,
,2026-07-13,____/VJ125,A689,A320,HAN-SGN,,07:00,,07:00,,06:50,06:51,06:56,,,EARLY,ONTIME,ONTIME,,,,,,,,,06:15,06:48,,,HAN,HAN,SGN,Domestic,VJ,,,,,,,,,,,,
,2026-07-13,____/VJ1771,A534,A321,HAN-CXR,,07:00,,07:00,,06:59,07:00,07:07,,,ONTIME,ONTIME,ONTIME,,,,,,,,,06:15,06:55,,,HAN,HAN,CXR,Domestic,VJ,,,,,,,,,,,,
,2026-07-13,VJ7713/VJ421,A662,A320,PKX-HAN-PXU,04:05,07:10,04:20,07:10,04:15,07:04,07:05,07:15,02:50,02:50,EARLY,ONTIME,ONTIME,ONTIME,,,,,,,,06:25,07:00,,,HAN,PKX,PXU,Domestic,VJ,,,,,,,,,,,,
,2026-07-13,____/VJ197,A632,A321,HAN-SGN,,07:20,,09:20,,09:19,09:20,09:30,,,ONTIME,ONTIME,DELAY,,,,,,,,,08:45,09:17,,,HAN,HAN,SGN,Domestic,VJ,,,,,,,,,,,,
,2026-07-13,____/VJ535,A550,A321,HAN-DAD,,07:25,,07:25,,07:19,07:20,07:25,,,EARLY,ONTIME,ONTIME,,,,,,,,,06:40,07:17,,,HAN,HAN,DAD,Domestic,VJ,,,,,,,,,,,,
,2026-07-13,____/VJ905,A542,A321,HAN-KUL,,07:25,,08:15,,08:23,08:24,08:25,,,DELAY,ONTIME,DELAY,,,91,00:09,,,,,07:35,08:22,,SP PX TS FR VJ1926,HAN,HAN,KUL,International,VJ,,,,,,,,,,,,
,2026-07-13,VJ502/VJ503,A693,A321,DAD-HAN-DAD,07:00,07:30,07:00,07:30,07:10,07:38,07:40,07:44,00:30,00:30,DELAY,ONTIME,ONTIME,ONTIME,,93,00:10,,,,,07:10,07:36,,,HAN,DAD,DAD,Domestic,VJ,,,,,,,,,,,,
,2026-07-13,VJ7239/VJ934,A521,A321,PVG-HAN-NRT,04:50,07:55,04:50,08:25,05:37,08:24,08:25,08:33,03:35,02:48,ONTIME,ONTIME,DELAY,DELAY,,,,,,,,07:30,08:23,,,HAN,PVG,NRT,International,VJ,,,,,,,,,,,,
,2026-07-13,VJ120/VJ127,A633,A321,SGN-HAN-SGN,07:10,08:10,07:10,08:10,07:05,08:14,08:15,08:20,01:00,01:10,DELAY,ONTIME,ONTIME,ONTIME,,15A,00:05,,,,,07:30,08:05,,DL15A OFFLD 7PAX 3 BAG,HAN,SGN,SGN,Domestic,VJ,,,,,,,,,,,,
,2026-07-13,____/VJ447,A639,A321,HAN-PQC,,08:45,,08:45,,08:34,08:35,08:40,,,EARLY,ONTIME,ONTIME,,,,,,,,,08:00,08:32,,,HAN,HAN,PQC,Domestic,VJ,,,,,,,,,,,,
,2026-07-13,____/VJ435,A670,A321,HAN-UIH,,08:50,,08:50,,08:44,08:45,08:52,,,EARLY,ONTIME,ONTIME,,,,,,,,,08:00,08:42,,,HAN,HAN,UIH,Domestic,VJ,,,,,,,,,,,,
,2026-07-13,VJ7615/VJ7615,A516,A321,BQS-HAN-CXR,08:20,08:50,10:40,11:20,10:42,11:06,11:08,11:16,00:40,00:26,EARLY,ONTIME,DELAY,DELAY,,,,,,,,,,X,,HAN,BQS,CXR,Domestic,VJ,,,,,,,,,,,,
,2026-07-13,____/VJ129,A537,A321,HAN-SGN,,09:00,,09:00,,08:59,09:00,09:05,,,ONTIME,ONTIME,ONTIME,,,,,,,,,08:20,08:57,,,HAN,HAN,SGN,Domestic,VJ,,,,,,,,,,,,
,2026-07-13,VJ2925/VJ2925,A553,A321,BAX-HAN-DAD,08:30,09:00,08:30,09:00,07:55,08:48,08:49,08:58,00:30,00:54,EARLY,ONTIME,ONTIME,ONTIME,,,,,,,,,,X,,HAN,BAX,DAD,Domestic,VJ,,,,,,,,,,,,
,2026-07-13,VJ504/VJ505,A635,A321,DAD-HAN-DAD,08:20,09:05,08:20,09:05,08:30,09:04,09:05,09:20,00:45,00:35,ONTIME,ONTIME,ONTIME,ONTIME,,,,,,,,08:30,09:02,,,HAN,DAD,DAD,Domestic,VJ,,,,,,,,,,,,
,2026-07-13,VJ514/VJ563,A524,A321,DAD-HAN-HUI,08:50,09:25,08:50,09:25,09:05,09:29,09:30,09:35,00:35,00:25,DELAY,ONTIME,ONTIME,ONTIME,,93,00:05,,,,,09:00,09:27,,,HAN,DAD,HUI,Domestic,VJ,,,,,,,,,,,,
,2026-07-13,____/VJ929,A500,A321,HAN-CGK,,08:40,,09:45,,09:32,09:33,09:37,,,EARLY,ONTIME,DELAY,,,,,,,,,08:58,09:30,,,HAN,HAN,CGK,International,VJ,,,,,,,,,,,,
,2026-07-13,VJ963/VJ1773,A647,A321,ICN-HAN-CXR,08:55,10:00,08:55,10:00,08:50,10:04,10:05,10:07,01:05,01:15,DELAY,ONTIME,ONTIME,ONTIME,,99,00:05,,,,,09:10,10:02,,DL99 LATE ACCEPT 6PAX 6BAG,HAN,ICN,CXR,Domestic,VJ,,,,,,,,,,,,
,2026-07-13,VJ124/VJ1433,A658,A320,SGN-HAN-UIH,08:15,10:10,08:15,10:10,08:10,10:09,10:10,10:13,01:55,02:00,ONTIME,ONTIME,ONTIME,ONTIME,,,,,,,,09:15,10:07,,,HAN,SGN,UIH,Domestic,VJ,,,,,,,,,,,,
,2026-07-13,VJ126/VJ131,A580,A321,SGN-HAN-SGN,09:40,10:15,09:40,10:15,10:10,10:39,10:40,11:00,00:35,00:30,DELAY,DELAY,DELAY,DELAY,,93,00:25,,,,,09:50,10:37,,,HAN,SGN,SGN,Domestic,VJ,,,,,,,,,,,,
,2026-07-13,VJ532/VJ425,A529,A321,DAD-HAN-PXU,09:45,10:20,09:45,10:20,10:10,10:39,10:40,10:45,00:35,00:30,DELAY,DELAY,DELAY,DELAY,,93,00:20,,,,,10:00,10:37,,,HAN,DAD,PXU,Domestic,VJ,,,,,,,,,,,,
,2026-07-13,____/VJ463,A666,A320,HAN-VCA,,10:20,,10:20,,10:19,10:20,10:26,,,ONTIME,ONTIME,ONTIME,,,,,,,,,09:35,10:17,,,HAN,HAN,VCA,Domestic,VJ,,,,,,,,,,,,
,2026-07-13,VJ122/VJ997,A554,A321,SGN-HAN-DPS,09:20,10:25,09:20,10:25,09:45,10:34,10:35,10:55,01:05,00:50,DELAY,ONTIME,DELAY,DELAY,,66,00:10,,,,,10:05,10:32,,CREW OB 1005L,HAN,SGN,DPS,International,VJ,,,,,,,,,,,,
,2026-07-13,VJ430/VJ437,A672,A320,UIH-HAN-UIH,09:50,10:25,09:50,10:25,10:10,10:34,10:35,10:40,00:35,00:25,DELAY,ONTIME,ONTIME,DELAY,,93,00:10,,,,,10:00,10:32,,,HAN,UIH,UIH,Domestic,VJ,,,,,,,,,,,,
,2026-07-13,VJ492/VJ493,A546,A321,BMV-HAN-BMV,10:00,10:35,10:00,10:35,10:10,10:39,10:40,10:50,00:35,00:30,DELAY,ONTIME,ONTIME,ONTIME,,93,00:05,,,,,10:10,10:37,,,HAN,BMV,BMV,Domestic,VJ,,,,,,,,,,,,
,2026-07-13,VJ536/VJ537,A550,A321,DAD-HAN-DAD,10:35,11:05,10:35,11:05,10:45,11:13,11:15,11:20,00:30,00:30,DELAY,ONTIME,ONTIME,ONTIME,,93,00:10,,,,,10:35,11:11,,,HAN,DAD,DAD,Domestic,VJ,,,,,,,,,,,,
,2026-07-13,VJ524/VJ507,A693,A321,DAD-HAN-DAD,10:40,11:10,10:40,11:40,11:00,11:38,11:39,11:40,01:00,00:39,EARLY,ONTIME,DELAY,DELAY,,,,,,,,10:50,11:35,,,HAN,DAD,DAD,Domestic,VJ,,,,,,,,,,,,
,2026-07-13,____/VJ901,A640,A321,HAN-BKK,,11:10,,11:10,,11:09,11:10,11:20,,,ONTIME,ONTIME,ONTIME,,,,,,,,,10:25,11:07,,,HAN,HAN,BKK,International,VJ,,,,,,,,,,,,
,2026-07-13,VJ130/VJ133,A522,A321,SGN-HAN-SGN,10:55,11:25,10:55,11:25,11:15,11:49,11:50,12:05,00:30,00:35,DELAY,DELAY,DELAY,DELAY,,93,00:20,66,00:05,,,11:20,11:48,,CREW OB 1123L,HAN,SGN,SGN,Domestic,VJ,,,,,,,,,,,,
,2026-07-13,VJ770/VJ565,A663,A320,CXR-HAN-HUI,09:55,11:30,09:55,11:30,10:15,11:24,11:26,11:36,01:35,01:11,EARLY,ONTIME,ONTIME,DELAY,,,,,,,,10:40,11:20,,,HAN,CXR,HUI,Domestic,VJ,,,,,,,,,,,,
,2026-07-13,VJ450/VJ775,A668,A320,PQC-HAN-CXR,11:15,11:45,11:15,11:45,11:45,12:09,12:10,12:25,00:30,00:25,DELAY,DELAY,DELAY,DELAY,,93,00:25,,,,,11:40,12:07,,,HAN,PQC,CXR,Domestic,VJ,,,,,,,,,,,,
,2026-07-13,VJ422/VJ451,A662,A320,PXU-HAN-PQC,10:50,11:45,10:50,11:45,10:50,11:44,11:45,11:54,00:55,00:55,ONTIME,ONTIME,ONTIME,ONTIME,,,,,,,,11:00,11:42,,,HAN,PXU,PQC,Domestic,VJ,,,,,,,,,,,,
,2026-07-13,VJ1772/VJ1453,A534,A321,CXR-HAN-PQC,11:15,11:50,11:15,11:50,11:35,12:03,12:04,12:05,00:35,00:29,DELAY,ONTIME,ONTIME,DELAY,,93,00:14,,,,,11:40,12:00,,,HAN,CXR,PQC,Domestic,VJ,,,,,,,,,,,,
,2026-07-13,VJ462/VJ515,A669,A320,VCA-HAN-DAD,11:40,12:10,11:40,12:10,11:30,12:09,12:10,12:17,00:30,00:40,ONTIME,ONTIME,ONTIME,ONTIME,,,,,,,,11:45,12:07,,,HAN,VCA,DAD,Domestic,VJ,,,,,,,,,,,,
,2026-07-13,VJ128/VJ137,A689,A320,SGN-HAN-SGN,11:50,12:20,11:50,12:20,12:10,12:33,12:34,12:35,00:30,00:24,DELAY,ONTIME,ONTIME,DELAY,,93,00:14,,,,,12:00,12:32,,,HAN,SGN,SGN,Domestic,VJ,,,,,,,,,,,,
,2026-07-13,VJ981/VJ453,A644,A321,PUS-HAN-PQC,10:40,13:00,10:40,13:00,10:25,13:04,13:05,13:10,02:20,02:40,DELAY,ONTIME,ONTIME,ONTIME,,15,00:05,,,,,12:15,13:02,,LONG BOARDING,HAN,PUS,PQC,Domestic,VJ,,,,,,,,,,,,
,2026-07-13,VJ1776/VJ509,A671,A320,CXR-HAN-DAD,09:55,13:05,09:55,13:05,10:20,13:24,13:25,13:35,03:10,03:05,DELAY,DELAY,DELAY,DELAY,,95,00:20,,,,,13:00,13:22,,CREW 506 OB 1305L,HAN,CXR,DAD,Domestic,VJ,,,,,,,,,,,,
,2026-07-13,VJ448/VJ787,A673,A321,PQC-HAN-CXR,10:15,13:10,10:15,13:10,10:36,13:08,13:10,13:17,02:55,02:34,ONTIME,ONTIME,ONTIME,DELAY,,,,,,,,12:20,13:07,,,HAN,PQC,CXR,Domestic,VJ,,,,,,,,,,,,
,2026-07-13,VJ432/VJ433,A670,A321,UIH-HAN-UIH,12:35,13:20,12:35,13:20,12:45,13:18,13:20,13:25,00:45,00:35,ONTIME,ONTIME,ONTIME,ONTIME,,,,,,,,12:50,13:15,,,HAN,UIH,UIH,Domestic,VJ,,,,,,,,,,,,
,2026-07-13,VJ939/VJ948,A674,A321,KIX-HAN-RMQ,12:20,13:30,12:20,13:30,12:05,13:29,13:30,13:45,01:10,01:25,ONTIME,ONTIME,ONTIME,ONTIME,,,,,,,,12:40,13:27,,,HAN,KIX,RMQ,International,VJ,,,,,,,,,,,,
,2026-07-13,VJ2979/VJ2979,A575,A321,VVO-HAN-CXR,12:45,13:30,12:45,13:30,13:20,13:54,13:55,14:15,00:45,00:35,DELAY,DELAY,DELAY,DELAY,,93,00:20,95,00:05,,,,,X,CREW 432 OB 1347L,HAN,VVO,CXR,Domestic,VJ,,,,,,,,,,,,
,2026-07-13,VJ494/VJ191,A546,A321,BMV-HAN-SGN,14:35,13:40,14:35,16:30,15:05,17:04,17:05,17:35,01:55,02:00,DELAY,DELAY,DELAY,DELAY,,87,00:10,61,00:25,,,16:20,17:03,,LACK OF BOARDING GATE/ CHANGE FP DOWN CONFIG AC,HAN,BMV,SGN,Domestic,VJ,,,,,,,,,,,,
,2026-07-13,VJ564/VJ441,A524,A321,HUI-HAN-PQC,12:25,14:00,12:25,14:00,12:48,13:57,13:58,14:30,01:35,01:10,EARLY,ONTIME,DELAY,DELAY,,,,,,,,13:10,13:55,,,HAN,HUI,PQC,Domestic,VJ,,,,,,,,,,,,
,2026-07-13,VJ506/VJ525,A632,A321,DAD-HAN-DAD,12:15,14:05,12:15,14:05,12:40,14:04,14:05,14:20,01:50,01:25,ONTIME,ONTIME,ONTIME,DELAY,,,,,,,,13:15,14:02,,,HAN,DAD,DAD,Domestic,VJ,,,,,,,,,,,,
,2026-07-13,VJ440/VJ143,A639,A321,PQC-HAN-SGN,13:30,14:05,13:30,14:05,13:40,14:09,14:10,14:35,00:35,00:30,DELAY,ONTIME,DELAY,ONTIME,,93,00:05,,,,,13:45,14:07,,,HAN,PQC,SGN,Domestic,VJ,,,,,,,,,,,,
,2026-07-13,VJ933/VJ942,A203,A321,NRT-HAN-TPE,13:05,14:25,13:05,14:25,12:55,14:24,14:25,14:40,01:20,01:30,ONTIME,ONTIME,ONTIME,ONTIME,,,,,,,,13:40,14:22,,,HAN,NRT,TPE,International,VJ,,,,,,,,,,,,
,2026-07-13,VJ961/VJ467,A667,A321,ICN-HAN-VCA,13:35,14:30,13:35,14:30,12:45,14:29,14:30,14:44,00:55,01:45,ONTIME,ONTIME,ONTIME,ONTIME,,,,,,,,13:45,14:27,,,HAN,ICN,VCA,Domestic,VJ,,,,,,,,,,,,
,2026-07-13,VJ1434/VJ1125,A658,A320,UIH-HAN-SGN,14:00,14:30,14:00,14:30,14:20,14:49,14:50,15:10,00:30,00:30,DELAY,DELAY,DELAY,DELAY,,93,00:15,66,00:05,,,14:10,14:47,,CREW OB 1430L,HAN,UIH,SGN,Domestic,VJ,,,,,,,,,,,,
,2026-07-13,VJ134/VJ946,A629,A321,SGN-HAN-KHH,13:30,14:35,13:30,14:35,13:34,14:34,14:35,14:50,01:05,01:01,ONTIME,ONTIME,ONTIME,ONTIME,,,,,,,,13:40,14:32,,,HAN,SGN,KHH,International,VJ,,,,,,,,,,,,
,2026-07-13,VJ1504/VJ1505,A651,A321,DAD-HAN-DAD,14:00,14:35,14:00,14:35,14:15,14:44,14:45,14:50,00:35,00:30,DELAY,ONTIME,ONTIME,ONTIME,,93,00:10,,,,,14:10,14:42,,,HAN,DAD,DAD,Domestic,VJ,,,,,,,,,,,,
,2026-07-13,VJ136/VJ145,A656,A320,SGN-HAN-SGN,14:10,14:40,14:10,14:40,15:20,15:54,15:55,16:14,00:30,00:35,DELAY,DELAY,DELAY,DELAY,,93,01:05,87,00:10,,,15:20,15:52,,MECHANICAL FAILURE OF PBB,HAN,SGN,SGN,Domestic,VJ,,,,,,,,,,,,
,2026-07-13,VJ510/VJ511,A645,A321,DAD-HAN-DAD,14:35,15:05,14:35,15:05,15:05,15:34,15:35,16:00,00:30,00:30,DELAY,DELAY,DELAY,DELAY,,93,00:30,,,,,15:05,15:32,,,HAN,DAD,DAD,Domestic,VJ,,,,,,,,,,,,
,2026-07-13,VJ426/VJ1451,A529,A321,PXU-HAN-PQC,14:05,15:05,14:05,15:05,14:25,15:04,15:05,15:20,01:00,00:40,ONTIME,ONTIME,ONTIME,DELAY,,,,,,,,14:25,15:02,,,HAN,PXU,PQC,Domestic,VJ,,,,,,,,,,,,
,2026-07-13,VJ921/VJ423,A523,A321,NGO-HAN-PXU,12:50,15:05,12:50,15:05,14:10,15:04,15:05,15:29,02:15,00:55,ONTIME,ONTIME,DELAY,DELAY,,,,,,,,14:15,15:03,,,HAN,NGO,PXU,Domestic,VJ,,,,,,,,,,,,
,2026-07-13,VJ1774/VJ419,A647,A321,CXR-HAN-TBB,14:20,15:10,14:20,15:10,14:45,15:19,15:20,15:39,00:50,00:35,DELAY,ONTIME,DELAY,DELAY,,93,00:05,49,00:05,,,14:35,15:17,,,HAN,CXR,TBB,Domestic,VJ,,,,,,,,,,,,
,2026-07-13,VJ464/VJ439,A666,A320,VCA-HAN-UIH,15:10,15:40,15:10,15:40,15:55,16:18,16:19,16:40,00:30,00:24,DELAY,DELAY,DELAY,DELAY,,93,00:39,,,,,15:50,16:16,,LATE PUSHBACK DUE TO ATC,HAN,VCA,UIH,Domestic,VJ,,,,,,,,,,,,
,2026-07-13,VJ138/VJ147,A655,A320,SGN-HAN-SGN,15:15,15:45,15:15,15:45,15:45,16:09,16:10,16:30,00:30,00:25,DELAY,DELAY,DELAY,DELAY,,93,00:25,,,,,15:45,16:07,,,HAN,SGN,SGN,Domestic,VJ,,,,,,,,,,,,
,2026-07-13,VJ436/VJ903,A672,A320,UIH-HAN-BKK,14:10,15:45,14:10,15:45,14:50,15:37,15:38,16:00,01:35,00:48,EARLY,ONTIME,ONTIME,DELAY,,,,,,,,15:15,15:35,,,HAN,UIH,BKK,International,VJ,,,,,,,,,,,,
,2026-07-13,VJ508/VJ567,A669,A320,DAD-HAN-HUI,15:25,15:55,15:25,15:55,16:05,16:29,16:30,16:52,00:30,00:25,DELAY,DELAY,DELAY,DELAY,,93,00:35,,,,,16:00,16:28,,LATE PUSHBACK DUE TO ATC,HAN,DAD,HUI,Domestic,VJ,,,,,,,,,,,,
,2026-07-13,VJ566/VJ773,A663,A320,HUI-HAN-CXR,14:30,16:00,14:30,16:00,15:20,15:59,16:00,16:15,01:30,00:40,ONTIME,ONTIME,ONTIME,DELAY,,,,,,,,15:20,15:57,,,HAN,HUI,CXR,Domestic,VJ,,,,,,,,,,,,
,2026-07-13,VJ906/VJ913,A542,A321,KUL-HAN-SAI,14:40,16:20,14:40,16:20,15:40,16:19,16:20,16:30,01:40,00:40,ONTIME,ONTIME,ONTIME,DELAY,,,,,,,,16:00,16:18,,,HAN,KUL,SAI,International,VJ,,,,,,,,,,,,
,2026-07-13,VJ538/VJ539,A550,A321,DAD-HAN-DAD,14:15,16:20,14:15,16:20,15:23,16:19,16:20,16:28,02:05,00:57,ONTIME,ONTIME,ONTIME,DELAY,,,,,,,,15:35,16:17,,,HAN,DAD,DAD,Domestic,VJ,,,,,,,,,,,,
,2026-07-13,VJ140/VJ151,A607,A321,SGN-HAN-SGN,16:20,16:55,16:20,16:55,17:05,17:34,17:35,17:56,00:35,00:30,DELAY,DELAY,DELAY,DELAY,,93,00:40,,,,,17:05,17:32,,,HAN,SGN,SGN,Domestic,VJ,,,,,,,,,,,,
,2026-07-13,VJ530/VJ513,A684,A321,DAD-HAN-DAD,16:20,16:55,16:20,16:55,16:35,17:04,17:05,17:25,00:35,00:30,DELAY,ONTIME,DELAY,ONTIME,,93,00:10,,,,,16:35,17:04,,,HAN,DAD,DAD,Domestic,VJ,,,,,,,,,,,,
,2026-07-13,VJ198/VJ465,A632,A321,SGN-HAN-VCA,12:40,17:00,12:40,17:00,15:05,16:59,17:00,17:29,04:20,01:55,ONTIME,ONTIME,DELAY,DELAY,,,,,,,,16:10,16:57,,LATE PUSHBACK DUE TO ATC,HAN,SGN,VCA,Domestic,VJ,,,,,,,,,,,,
,2026-07-13,VJ454/VJ495,A662,A320,PQC-HAN-BMV,16:45,17:30,16:45,19:30,16:50,19:12,19:13,19:17,02:45,02:23,EARLY,ONTIME,DELAY,ONTIME,,,,,,,,18:47,19:10,,,HAN,PQC,BMV,Domestic,VJ,,,,,,,,,,,,
,2026-07-13,VJ1454/VJ141,A534,A321,PQC-HAN-SGN,16:35,17:35,16:35,17:35,17:20,17:59,18:00,18:04,01:00,00:40,DELAY,DELAY,DELAY,DELAY,,93,00:15,66,00:05,99,00:05,17:20,17:58,,CREW OB 1725L / ARRANGE PAX OB,HAN,PQC,SGN,Domestic,VJ,,,,,,,,,,,,
,2026-07-13,VJ902/VJ517,A640,A321,BKK-HAN-DAD,15:50,17:45,15:50,17:45,16:35,18:04,18:05,18:23,01:55,01:30,DELAY,DELAY,DELAY,DELAY,,63C,00:20,,,,,17:32,18:02,,DL63C CREW IMMI PROCEDURES,HAN,BKK,DAD,Domestic,VJ,,,,,,,,,,,,
,2026-07-13,VJ774/VJ1431,A673,A321,CXR-HAN-UIH,17:15,17:50,17:15,17:50,17:45,18:08,18:09,18:20,00:35,00:24,DELAY,DELAY,DELAY,DELAY,,93,00:19,,,,,17:40,18:06,,,HAN,CXR,UIH,Domestic,VJ,,,,,,,,,,,,
,2026-07-13,VJ772/VJ153,A668,A320,CXR-HAN-SGN,15:55,18:05,15:55,18:05,17:10,18:03,18:05,18:20,02:10,00:55,ONTIME,ONTIME,ONTIME,DELAY,,,,,,,,17:25,18:01,,,HAN,CXR,SGN,Domestic,VJ,,,,,,,,,,,,
,2026-07-13,VJ456/VJ781,A644,A321,PQC-HAN-CXR,17:45,18:20,17:45,18:50,18:25,18:48,18:49,18:50,01:05,00:24,EARLY,ONTIME,DELAY,DELAY,,,,,,,,18:00,18:46,,,HAN,PQC,CXR,Domestic,VJ,,,,,,,,,,,,
,2026-07-13,VJ512/VJ521,A645,A321,DAD-HAN-DAD,18:15,18:45,19:30,20:10,19:25,20:05,20:06,20:12,00:40,00:41,EARLY,ONTIME,DELAY,DELAY,,,,,,,,19:21,20:03,,,HAN,DAD,DAD,Domestic,VJ,,,,,,,,,,,,
,2026-07-13,VJ528/VJ789,A635,A321,DAD-HAN-CXR,17:25,18:45,17:25,18:45,18:00,18:43,18:45,18:48,01:20,00:45,ONTIME,ONTIME,ONTIME,DELAY,,,,,,,,18:00,18:41,,,HAN,DAD,CXR,Domestic,VJ,,,,,,,,,,,,
,2026-07-13,VJ144/VJ1127,A637,A321,SGN-HAN-SGN,18:05,19:20,18:05,19:20,18:20,19:19,19:20,19:30,01:15,01:00,ONTIME,ONTIME,ONTIME,ONTIME,,,,,,,,18:40,19:16,,,HAN,SGN,SGN,Domestic,VJ,,,,,,,,,,,,
,2026-07-13,VJ148/VJ155,A537,A321,SGN-HAN-SGN,18:45,19:20,19:20,20:25,19:35,20:18,20:19,20:25,01:05,00:44,EARLY,ONTIME,DELAY,DELAY,,,,,,,,19:35,20:17,,,HAN,SGN,SGN,Domestic,VJ,,,,,,,,,,,,
,2026-07-13,VJ424/VJ561,A523,A321,PXU-HAN-HUI,18:45,19:20,18:45,20:00,19:05,19:54,19:55,19:58,01:15,00:50,EARLY,ONTIME,DELAY,DELAY,,,,,,,,19:20,19:52,,,HAN,PXU,HUI,Domestic,VJ,,,,,,,,,,,,
,2026-07-13,VJ146/VJ519,A639,A321,SGN-HAN-DAD,19:00,19:40,19:00,21:10,20:00,21:09,21:10,21:17,02:10,01:10,ONTIME,ONTIME,DELAY,DELAY,,,,,,,,20:30,21:07,,,HAN,SGN,DAD,Domestic,VJ,,,,,,,,,,,,
,2026-07-13,VJ442/VJ523,A524,A321,PQC-HAN-DAD,19:05,19:45,19:05,20:30,19:50,20:28,20:30,20:33,01:25,00:40,ONTIME,ONTIME,DELAY,DELAY,,,,,,,,19:45,20:26,,,HAN,PQC,DAD,Domestic,VJ,,,,,,,,,,,,
,2026-07-13,VJ568/VJ7712,A669,A320,HUI-HAN-PKX,18:55,19:55,18:55,21:10,20:20,21:05,21:07,21:09,02:15,00:47,EARLY,ONTIME,DELAY,DELAY,,,,,,,,20:35,21:03,,,HAN,HUI,PKX,International,VJ,,,,,,,,,,,,
,2026-07-13,VJ928/VJ907,A500,A321,CGK-HAN-BOM,18:15,20:05,18:15,20:05,19:10,20:00,20:01,20:04,01:50,00:51,EARLY,ONTIME,ONTIME,DELAY,,,,,,,,19:25,19:58,,,HAN,CGK,BOM,International,VJ,,,,,,,,,,,,
,2026-07-13,VJ452/VJ455,A551,A321,PQC-HAN-PQC,14:35,20:05,14:35,20:05,14:28,20:04,20:05,20:13,05:30,05:37,ONTIME,ONTIME,ONTIME,ONTIME,,,,,,,,19:35,20:02,,,HAN,PQC,PQC,Domestic,VJ,,,,,,,,,,,,
,2026-07-13,VJ1452/VJ783,A529,A321,PQC-HAN-CXR,19:50,20:25,19:50,20:25,20:40,21:04,21:05,21:09,00:35,00:25,DELAY,DELAY,DELAY,DELAY,,93,00:40,,,,,20:40,21:02,,,HAN,PQC,CXR,Domestic,VJ,,,,,,,,,,,,
,2026-07-13,VJ194/VJ161,A202,A321,SGN-HAN-SGN,19:55,20:55,19:55,20:55,21:00,21:34,21:35,21:40,01:00,00:35,DELAY,DELAY,DELAY,DELAY,,93,00:35,87,00:05,,,21:00,21:32,,STUCK AT PBB,HAN,SGN,SGN,Domestic,VJ,,,,,,,,,,,,
,2026-07-13,VJ438/VJ7238,A666,A320,UIH-HAN-PVG,19:25,21:15,19:25,21:45,21:05,21:43,21:45,21:45,02:20,00:40,ONTIME,ONTIME,DELAY,DELAY,,,,,,,,21:20,21:41,,,HAN,UIH,PVG,International,VJ,,,,,,,,,,,,
,2026-07-13,VJ516/VJ527,A684,A321,DAD-HAN-DAD,20:05,21:25,20:05,21:25,21:05,21:34,21:35,21:40,01:20,00:30,DELAY,ONTIME,ONTIME,DELAY,,93,00:10,,,,,21:00,21:32,,,HAN,DAD,DAD,Domestic,VJ,,,,,,,,,,,,
,2026-07-13,VJ420/VJ7526,A647,A321,TBB-HAN-CAN,19:15,22:30,19:15,22:30,20:10,22:28,22:30,22:38,03:15,02:20,ONTIME,ONTIME,ONTIME,DELAY,,,,,,,,21:40,22:25,,,HAN,TBB,CAN,International,VJ,,,,,,,,,,,,
,2026-07-13,VJ518/VJ529,A685,A321,DAD-HAN-DAD,22:05,22:35,22:05,23:55,23:25,23:49,23:50,23:55,01:50,00:25,EARLY,ONTIME,DELAY,DELAY,,,,,,,,23:25,23:47,,,HAN,DAD,DAD,Domestic,VJ,,,,,,,,,,,,
,2026-07-13,VJ540/VJ167,A550,A321,DAD-HAN-SGN,19:30,23:00,19:30,23:00,20:25,22:59,23:00,23:10,03:30,02:35,ONTIME,ONTIME,ONTIME,DELAY,,,,,,,,22:18,22:58,,,HAN,DAD,SGN,Domestic,VJ,,,,,,,,,,,,
,2026-07-13,VJ914/VJ962,A542,A321,SAI-HAN-ICN,20:50,23:15,20:50,23:15,21:20,23:12,23:13,23:19,02:25,01:53,EARLY,ONTIME,ONTIME,DELAY,,,,,,,,22:35,23:10,,,HAN,SAI,ICN,International,VJ,,,,,,,,,,,,
,2026-07-13,VJ520/VJ169,A640,A321,DAD-HAN-SGN,20:55,23:25,20:55,23:25,22:16,00:06,00:07,00:10,02:30,01:51,DELAY,DELAY,DELAY,DELAY,,95,00:42,,,,,23:45,00:04,,CREW FROM VJ150 OB 2348LT,HAN,DAD,SGN,Domestic,VJ,,,,,,,,,,,,
,2026-07-13,AI2390/AI2391,VT-TQH,A320,DEL-HAN-DEL,07:20,08:20,07:20,08:20,07:35,08:24,08:25,08:27,01:00,00:50,DELAY,ONTIME,ONTIME,ONTIME,,93,00:05,,,,,,,,,HAN,DEL,DEL,International,AI,,,,,,,,,,,,
,2026-07-14,____/VJ932,A203,A321,HAN-NRT,,00:30,,00:30,,00:24,00:25,00:27,,,EARLY,ONTIME,ONTIME,,,,,,,,,23:38,00:22,,,HAN,HAN,NRT,International,VJ,,,,,,,,,,,,
,2026-07-14,____/VJ982,A673,A321,HAN-PUS,,01:05,,01:05,,00:59,01:00,01:04,,,EARLY,ONTIME,ONTIME,,,,,,,,,00:15,00:56,,,HAN,HAN,PUS,International,VJ,,,,,,,,,,,,
,2026-07-14,____/VJ938,A523,A321,HAN-KIX,,01:20,,01:20,,01:11,01:12,01:13,,,EARLY,ONTIME,ONTIME,,,,,,,,,00:30,00:58,,,HAN,HAN,KIX,International,VJ,,,,,,,,,,,,
,2026-07-14,____/VJ920,A521,A321,HAN-NGO,,01:40,,01:40,,01:22,01:23,01:26,,,EARLY,ONTIME,ONTIME,,,,,,,,,00:44,01:20,,,HAN,HAN,NGO,International,VJ,,,,,,,,,,,,
,2026-07-14,____/VJ960,A667,A321,HAN-ICN,,01:40,,01:40,,01:38,01:39,01:40,,,EARLY,ONTIME,ONTIME,,,,,,,,,00:55,01:35,,,HAN,HAN,ICN,International,VJ,,,,,,,,,,,,
,2026-07-14,____/VJ958,A629,A321,HAN-FUK,,02:05,,02:05,,01:59,02:00,02:06,,,EARLY,ONTIME,ONTIME,,,,,,,,,01:17,01:56,,,HAN,HAN,FUK,International,VJ,,,,,,,,,,,,
,2026-07-14,____/VJ1980,A672,A320,HAN-FSZ,,02:40,,02:40,,02:19,02:20,02:29,,,EARLY,ONTIME,ONTIME,,,,,,,,,01:45,02:16,,,HAN,HAN,FSZ,International,VJ,,,,,,,,,,,,
,2026-07-14,____/VJ123,A668,A320,HAN-SGN,,05:30,,05:30,,05:24,05:25,05:37,,,EARLY,ONTIME,ONTIME,,,,,,,,,04:45,05:21,,,HAN,HAN,SGN,Domestic,VJ,,,,,,,,,,,,
,2026-07-14,____/VJ445,A657,A321,HAN-PQC,,05:30,,05:30,,05:24,05:25,05:34,,,EARLY,ONTIME,ONTIME,,,,,,,,,04:45,05:23,,,HAN,HAN,PQC,Domestic,VJ,,,,,,,,,,,,
,2026-07-14,____/VJ501,A639,A321,HAN-DAD,,05:40,,05:40,,05:32,05:33,05:35,,,EARLY,ONTIME,ONTIME,,,,,,,,,05:00,05:30,,,HAN,HAN,DAD,Domestic,VJ,,,,,,,,,,,,
,2026-07-14,____/VJ1775,A644,A321,HAN-CXR,,05:45,,05:45,,05:39,05:40,05:50,,,EARLY,ONTIME,ONTIME,,,,,,,,,05:10,05:37,,,HAN,HAN,CXR,Domestic,VJ,,,,,,,,,,,,
,2026-07-14,____/VJ491,A546,A321,HAN-BMV,,06:00,,06:00,,05:54,05:55,06:04,,,EARLY,ONTIME,ONTIME,,,,,,,,,05:10,05:52,,,HAN,HAN,BMV,Domestic,VJ,,,,,,,,,,,,
,2026-07-14,VJ7527/VJ121,A647,A321,CAN-HAN-SGN,03:05,06:00,03:05,06:00,03:55,05:54,05:55,06:02,02:55,02:00,EARLY,ONTIME,ONTIME,DELAY,,,,,,,,05:10,05:51,,,HAN,CAN,SGN,Domestic,VJ,,,,,,,,,,,,
,2026-07-14,____/VJ431,A655,A320,HAN-UIH,,06:05,,06:05,,05:59,06:00,06:08,,,EARLY,ONTIME,ONTIME,,,,,,,,,05:25,05:57,,,HAN,HAN,UIH,Domestic,VJ,,,,,,,,,,,,
,2026-07-14,____/VJ952,A663,A320,HAN-HIJ,,06:15,,06:15,,06:29,06:30,06:39,,,DELAY,ONTIME,DELAY,,,15A,00:15,,,,,05:40,06:27,,OFLD 01 PAX 02 BAG,HAN,HAN,HIJ,International,VJ,,,,,,,,,,,,
,2026-07-14,____/VJ531,A637,A321,HAN-DAD,,06:30,,06:30,,06:24,06:25,06:30,,,EARLY,ONTIME,ONTIME,,,,,,,,,05:50,06:22,,,HAN,HAN,DAD,Domestic,VJ,,,,,,,,,,,,
,2026-07-14,____/VJ461,A662,A320,HAN-VCA,,06:45,,06:45,,06:39,06:40,06:45,,,EARLY,ONTIME,ONTIME,,,,,,,,,06:00,06:36,,,HAN,HAN,VCA,Domestic,VJ,,,,,,,,,,,,
,2026-07-14,____/VJ125,A630,A321,HAN-SGN,,07:00,,07:00,,06:54,06:55,07:05,,,EARLY,ONTIME,ONTIME,,,,,,,,,06:10,06:51,,,HAN,HAN,SGN,Domestic,VJ,,,,,,,,,,,,
,2026-07-14,____/VJ535,A524,A321,HAN-DAD,,07:25,,07:25,,07:24,07:25,07:33,,,ONTIME,ONTIME,ONTIME,,,,,,,,,06:34,07:23,,,HAN,HAN,DAD,Domestic,VJ,,,,,,,,,,,,
,2026-07-14,VJ502/VJ503,A645,A321,DAD-HAN-DAD,07:00,07:35,07:00,07:35,07:15,07:48,07:49,07:50,00:35,00:34,DELAY,ONTIME,ONTIME,ONTIME,,93,00:10,41,00:04,,,07:15,07:43,,TECHNICAL CHECK,HAN,DAD,DAD,Domestic,VJ,,,,,,,,,,,,
,2026-07-14,____/VJ930,A500,A321,HAN-KIX,,07:55,,07:55,,07:39,07:40,07:44,,,EARLY,ONTIME,ONTIME,,,,,,,,,07:15,07:37,,,HAN,HAN,KIX,International,VJ,,,,,,,,,,,,
,2026-07-14,____/VJ541,A666,A320,HAN-DAD,,08:00,,08:00,,07:59,08:00,08:05,,,ONTIME,ONTIME,ONTIME,,,,,,,,,07:15,07:55,,,HAN,HAN,DAD,Domestic,VJ,,,,,,,,,,,,
,2026-07-14,VJ120/VJ127,A651,A321,SGN-HAN-SGN,07:10,08:10,07:10,08:10,07:02,08:01,08:02,08:12,01:00,01:00,EARLY,ONTIME,ONTIME,ONTIME,,,,,,,,07:05,07:57,,,HAN,SGN,SGN,Domestic,VJ,,,,,,,,,,,,
,2026-07-14,VJ1780/VJ1779,A516,A321,CXR-HAN-CXR,07:50,08:20,07:50,08:20,07:45,08:19,08:20,08:30,00:30,00:35,ONTIME,ONTIME,ONTIME,ONTIME,,,,,,,,07:45,08:15,,,HAN,CXR,CXR,Domestic,VJ,,,,,,,,,,,,
,2026-07-14,____/VJ929,A674,A321,HAN-CGK,,08:40,,08:40,,08:39,08:40,08:44,,,ONTIME,ONTIME,ONTIME,,,,,,,,,07:50,08:35,,,HAN,HAN,CGK,International,VJ,,,,,,,,,,,,
,2026-07-14,____/VJ129,A687,A321,HAN-SGN,,08:45,,08:45,,08:43,08:45,08:54,,,ONTIME,ONTIME,ONTIME,,,,,,,,,07:55,08:39,,,HAN,HAN,SGN,Domestic,VJ,,,,,,,,,,,,
,2026-07-14,____/VJ447,A529,A321,HAN-PQC,,08:45,,08:45,,08:43,08:44,08:52,,,EARLY,ONTIME,ONTIME,,,,,,,,,08:00,08:40,,,HAN,HAN,PQC,Domestic,VJ,,,,,,,,,,,,
,2026-07-14,VJ504/VJ435,A671,A320,DAD-HAN-UIH,08:20,08:50,08:20,08:50,08:25,08:45,08:46,09:02,00:30,00:21,EARLY,ONTIME,ONTIME,ONTIME,,,,,,,,08:25,08:42,,,HAN,DAD,UIH,Domestic,VJ,,,,,,,,,,,,
,2026-07-14,VJ514/VJ563,A639,A321,DAD-HAN-HUI,08:50,09:20,08:50,09:20,08:55,09:19,09:20,09:25,00:30,00:25,ONTIME,ONTIME,ONTIME,ONTIME,,,,,,,,08:55,09:18,,,HAN,DAD,HUI,Domestic,VJ,,,,,,,,,,,,
,2026-07-14,VJ124/VJ771,A810,A330,SGN-HAN-CXR,08:15,09:30,08:15,09:30,09:00,09:29,09:30,09:39,01:15,00:30,ONTIME,ONTIME,ONTIME,DELAY,,,,,,,,09:00,09:27,,,HAN,SGN,CXR,Domestic,VJ,,,,,,,,,,,,
,2026-07-14,____/VJ915,A670,A321,HAN-SIN,,09:35,,09:35,,09:32,09:33,09:37,,,EARLY,ONTIME,ONTIME,,,,,,,,,08:40,09:30,,,HAN,HAN,SIN,International,VJ,,,,,,,,,,,,
,2026-07-14,____/VJ1773,A544,A321,HAN-CXR,,10:00,,10:00,,09:59,10:00,10:13,,,ONTIME,ONTIME,ONTIME,,,,,,,,,09:10,09:58,,,HAN,HAN,CXR,Domestic,VJ,,,,,,,,,,,,
,2026-07-14,____/VJ1433,A632,A321,HAN-UIH,,10:10,,10:10,,10:09,10:10,10:18,,,ONTIME,ONTIME,ONTIME,,,,,,,,,09:35,10:05,,,HAN,HAN,UIH,Domestic,VJ,,,,,,,,,,,,
,2026-07-14,VJ963/VJ135,A542,A321,ICN-HAN-SGN,08:55,10:10,08:55,10:10,08:50,10:09,10:10,10:15,01:15,01:20,ONTIME,ONTIME,ONTIME,ONTIME,,,,,,,,09:25,10:07,,,HAN,ICN,SGN,Domestic,VJ,,,,,,,,,,,,
,2026-07-14,VJ126/VJ131,A633,A321,SGN-HAN-SGN,09:40,10:15,09:40,10:15,10:05,10:32,10:34,10:41,00:35,00:29,DELAY,DELAY,DELAY,DELAY,,93,00:19,,,,,10:05,10:30,,LATE TAKEOFF DUE TO ATC,HAN,SGN,SGN,Domestic,VJ,,,,,,,,,,,,
,2026-07-14,VJ532/VJ425,A637,A321,DAD-HAN-PXU,09:45,10:20,09:45,10:20,10:00,10:24,10:25,10:35,00:35,00:25,DELAY,ONTIME,ONTIME,ONTIME,,93,00:05,,,,,10:00,10:22,,,HAN,DAD,PXU,Domestic,VJ,,,,,,,,,,,,
,2026-07-14,____/VJ463,A669,A320,HAN-VCA,,10:20,,10:20,,10:19,10:20,10:31,,,ONTIME,ONTIME,ONTIME,,,,,,,,,09:35,10:15,,,HAN,HAN,VCA,Domestic,VJ,,,,,,,,,,,,
,2026-07-14,____/VJ997,A554,A321,HAN-DPS,,10:25,,10:25,,10:24,10:25,10:37,,,ONTIME,ONTIME,ONTIME,,,,,,,,,09:35,10:20,,LATE TAKEOFF DUE TO ATC,HAN,HAN,DPS,International,VJ,,,,,,,,,,,,
,2026-07-14,VJ430/VJ437,A655,A320,UIH-HAN-UIH,09:50,10:25,09:50,10:25,09:55,10:29,10:30,10:39,00:35,00:35,DELAY,ONTIME,ONTIME,ONTIME,,15A,00:05,,,,,09:45,10:26,,OFFLD 05PAX 04BAGS,HAN,UIH,UIH,Domestic,VJ,,,,,,,,,,,,
,2026-07-14,VJ1776/VJ565,A644,A321,CXR-HAN-HUI,09:55,10:30,09:55,10:30,10:35,10:54,10:55,11:00,00:35,00:20,DELAY,DELAY,DELAY,DELAY,,93,00:25,,,,,10:30,10:50,,,HAN,CXR,HUI,Domestic,VJ,,,,,,,,,,,,
,2026-07-14,VJ492/VJ493,A546,A321,BMV-HAN-BMV,10:00,10:35,10:00,10:35,10:10,10:39,10:40,10:47,00:35,00:30,DELAY,ONTIME,ONTIME,ONTIME,,93,00:05,,,,,10:05,10:36,,LATE TAKEOFF DUE TO ATC,HAN,BMV,BMV,Domestic,VJ,,,,,,,,,,,,
,2026-07-14,VJ448/VJ901,A657,A321,PQC-HAN-BKK,10:15,11:10,10:15,11:10,10:20,11:06,11:07,11:10,00:55,00:47,EARLY,ONTIME,ONTIME,ONTIME,,,,,,,,10:30,11:04,,,HAN,PQC,BKK,International,VJ,,,,,,,,,,,,
,2026-07-14,VJ536/VJ537,A524,A321,DAD-HAN-DAD,10:35,11:10,10:35,12:10,11:20,11:58,11:59,12:10,01:35,00:39,EARLY,ONTIME,DELAY,DELAY,,,,,,,,11:25,11:56,,,HAN,DAD,DAD,Domestic,VJ,,,,,,,,,,,,
,2026-07-14,VJ130/VJ133,A534,A321,SGN-HAN-SGN,10:50,11:20,10:50,11:20,11:10,11:35,11:36,11:50,00:30,00:26,DELAY,DELAY,DELAY,DELAY,,93,00:16,,,,,11:10,11:32,,,HAN,SGN,SGN,Domestic,VJ,,,,,,,,,,,,
,2026-07-14,VJ524/VJ507,A645,A321,DAD-HAN-DAD,10:45,11:20,10:45,11:20,11:00,11:29,11:30,11:33,00:35,00:30,DELAY,ONTIME,ONTIME,ONTIME,,93,00:10,,,,,10:56,11:26,,,HAN,DAD,DAD,Domestic,VJ,,,,,,,,,,,,
,2026-07-14,VJ190/VJ195,A648,A321,SGN-HAN-SGN,10:25,11:25,10:25,11:25,10:50,11:24,11:25,11:33,01:00,00:35,ONTIME,ONTIME,ONTIME,DELAY,,,,,,,,10:50,11:20,,,HAN,SGN,SGN,Domestic,VJ,,,,,,,,,,,,
,2026-07-14,____/VJ1453,A635,A321,HAN-PQC,,11:50,,11:50,,11:44,11:45,11:52,,,EARLY,ONTIME,ONTIME,,,,,,,,,11:00,11:42,,,HAN,HAN,PQC,Domestic,VJ,,,,,,,,,,,,
,2026-07-14,VJ462/VJ515,A662,A320,VCA-HAN-DAD,11:40,12:10,11:40,12:10,11:50,12:09,12:10,12:15,00:30,00:20,ONTIME,ONTIME,ONTIME,ONTIME,,,,,,,,11:50,12:05,,,HAN,VCA,DAD,Domestic,VJ,,,,,,,,,,,,
,2026-07-14,VJ128/VJ137,A630,A321,SGN-HAN-SGN,11:50,12:20,11:50,12:55,12:30,12:54,12:55,13:02,01:05,00:25,ONTIME,ONTIME,DELAY,DELAY,,,,,,,,12:30,12:52,,,HAN,SGN,SGN,Domestic,VJ,,,,,,,,,,,,
,2026-07-14,VJ981/VJ453,A673,A321,FSZ-HAN-PQC,14:00,13:00,14:00,13:00,10:10,12:59,13:00,13:03,23:00,02:50,ONTIME,ONTIME,ONTIME,ONTIME,,,,,,,,12:25,12:56,,,HAN,FSZ,PQC,Domestic,VJ,,,,,,,,,,,,
,2026-07-14,VJ542/VJ509,A666,A320,DAD-HAN-DAD,12:00,13:05,12:00,13:05,12:00,13:02,13:03,13:05,01:05,01:03,EARLY,ONTIME,ONTIME,ONTIME,,,,,,,,12:20,13:00,,,HAN,DAD,DAD,Domestic,VJ,,,,,,,,,,,,
,2026-07-14,VJ564/VJ787,A639,A321,HUI-HAN-CXR,12:20,13:10,12:20,13:10,12:30,13:06,13:07,13:10,00:50,00:37,EARLY,ONTIME,ONTIME,ONTIME,,,,,,,,12:30,13:02,,,HAN,HUI,CXR,Domestic,VJ,,,,,,,,,,,,
,2026-07-14,VJ939/VJ433,A523,A321,KIX-HAN-UIH,12:20,13:20,12:20,13:20,12:15,13:09,13:10,13:17,01:00,00:55,EARLY,ONTIME,ONTIME,ONTIME,,,,,,,,12:35,13:06,,,HAN,KIX,UIH,Domestic,VJ,,,,,,,,,,,,
,2026-07-14,VJ959/VJ948,A629,A321,FUK-HAN-RMQ,11:45,13:30,11:45,13:30,11:27,13:39,13:40,13:44,01:45,02:13,DELAY,ONTIME,ONTIME,ONTIME,,,,15A,00:10,,,12:45,13:35,,OFFLD 01PAX 02BAGS,HAN,FUK,RMQ,International,VJ,,,,,,,,,,,,
,2026-07-14,VJ432/VJ7316,A671,A320,UIH-HAN-ENH,12:35,14:00,12:35,14:00,12:00,13:58,13:59,14:00,01:25,01:59,EARLY,ONTIME,ONTIME,ONTIME,,,,,,,,13:10,13:55,,,HAN,UIH,ENH,International,VJ,,,,,,,,,,,,
,2026-07-14,VJ933/VJ143,A203,A321,NRT-HAN-SGN,13:05,14:05,13:05,14:05,12:50,14:04,14:05,14:13,01:00,01:15,ONTIME,ONTIME,ONTIME,ONTIME,,,,,,,,13:20,14:01,,,HAN,NRT,SGN,Domestic,VJ,,,,,,,,,,,,
,2026-07-14,VJ921/VJ525,A521,A321,NGO-HAN-DAD,12:50,14:05,12:50,14:05,12:15,13:59,14:00,14:07,01:15,01:45,EARLY,ONTIME,ONTIME,ONTIME,,,,,,,,13:20,13:55,,,HAN,NGO,DAD,Domestic,VJ,,,,,,,,,,,,
,2026-07-14,VJ566/VJ942,A644,A321,HUI-HAN-TPE,13:30,14:25,13:30,15:10,14:20,15:09,15:10,15:15,01:40,00:50,ONTIME,ONTIME,DELAY,DELAY,,,,,,,,14:30,15:05,,,HAN,HUI,TPE,International,VJ,,,,,,,,,,,,
,2026-07-14,VJ134/VJ467,A651,A321,SGN-HAN-VCA,13:30,14:30,13:30,14:30,14:00,14:37,14:38,14:40,01:00,00:38,DELAY,ONTIME,ONTIME,DELAY,,66,00:08,,,,,14:05,14:35,,CREW OB 1410,HAN,SGN,VCA,Domestic,VJ,,,,,,,,,,,,
,2026-07-14,VJ961/VJ946,A667,A321,ICN-HAN-KHH,13:35,14:35,13:35,14:35,13:30,14:39,14:40,14:45,01:00,01:10,DELAY,ONTIME,ONTIME,ONTIME,,15A,00:05,,,,,13:45,14:32,,OFFLD 01PAX 02BAGS,HAN,ICN,KHH,International,VJ,,,,,,,,,,,,
,2026-07-14,VJ1434/VJ1125,A632,A321,UIH-HAN-SGN,14:00,14:35,14:00,14:35,14:20,14:48,14:49,14:50,00:35,00:29,DELAY,ONTIME,ONTIME,DELAY,,93,00:14,,,,,14:15,14:46,,LATE TAKEOFF DUE TO ATC,HAN,UIH,SGN,Domestic,VJ,,,,,,,,,,,,
,2026-07-14,VJ136/VJ145,A650,A320,SGN-HAN-SGN,14:10,14:40,14:10,16:00,15:30,15:59,16:00,16:05,01:50,00:30,ONTIME,ONTIME,DELAY,DELAY,,,,,,,,15:30,15:55,,,HAN,SGN,SGN,Domestic,VJ,,,,,,,,,,,,
,2026-07-14,VJ1504/VJ1505,A532,A321,DAD-HAN-DAD,14:05,14:40,14:05,15:50,15:10,15:38,15:39,15:40,01:45,00:29,EARLY,ONTIME,DELAY,DELAY,,,,,,,,15:10,15:36,,,HAN,DAD,DAD,Domestic,VJ,,,,,,,,,,,,
,2026-07-14,VJ426/VJ441,A637,A321,PXU-HAN-PQC,14:05,15:00,14:05,15:00,14:30,14:59,15:00,15:04,00:55,00:30,ONTIME,ONTIME,ONTIME,DELAY,,,,,,,,14:25,14:56,,,HAN,PXU,PQC,Domestic,VJ,,,,,,,,,,,,
,2026-07-14,VJ1981/VJ423,A672,A320,FSZ-HAN-PXU,14:00,15:05,14:00,15:05,14:00,15:04,15:05,15:10,01:05,01:05,ONTIME,ONTIME,ONTIME,ONTIME,,,,,,,,14:24,15:01,,,HAN,FSZ,PXU,Domestic,VJ,,,,,,,,,,,,
,2026-07-14,VJ510/VJ511,A683,A321,DAD-HAN-DAD,14:35,15:10,14:35,15:10,14:50,15:16,15:17,15:22,00:35,00:27,DELAY,ONTIME,ONTIME,ONTIME,,93,00:07,,,,,14:45,15:15,,,HAN,DAD,DAD,Domestic,VJ,,,,,,,,,,,,
,2026-07-14,VJ440/VJ419,A551,A321,PQC-HAN-TBB,14:25,15:10,14:25,15:10,14:25,15:08,15:10,15:11,00:45,00:45,ONTIME,ONTIME,ONTIME,ONTIME,,,,,,,,14:25,15:05,,LATE TAKEOFF DUE TO ATC,HAN,PQC,TBB,Domestic,VJ,,,,,,,,,,,,
,2026-07-14,VJ464/VJ439,A669,A320,VCA-HAN-UIH,15:10,15:40,15:10,16:10,15:40,16:02,16:03,16:10,01:00,00:23,EARLY,ONTIME,DELAY,DELAY,,,,,,,,15:35,16:00,,,HAN,VCA,UIH,Domestic,VJ,,,,,,,,,,,,
,2026-07-14,VJ138/VJ147,A668,A320,SGN-HAN-SGN,15:15,15:45,15:15,15:45,15:45,16:09,16:10,16:20,00:30,00:25,DELAY,DELAY,DELAY,DELAY,,93,00:25,,,,,15:45,16:08,,,HAN,SGN,SGN,Domestic,VJ,,,,,,,,,,,,
,2026-07-14,VJ436/VJ903,A655,A320,UIH-HAN-BKK,14:10,15:45,14:10,15:45,14:20,15:44,15:45,15:54,01:35,01:25,ONTIME,ONTIME,ONTIME,ONTIME,,,,,,,,15:00,15:40,,,HAN,UIH,BKK,International,VJ,,,,,,,,,,,,
,2026-07-14,VJ508/VJ567,A662,A320,DAD-HAN-HUI,15:25,15:55,15:25,16:25,15:55,16:24,16:25,16:32,01:00,00:30,ONTIME,ONTIME,DELAY,DELAY,,,,,,,,16:05,16:21,,,HAN,DAD,HUI,Domestic,VJ,,,,,,,,,,,,
,2026-07-14,VJ142/VJ773,A542,A321,SGN-HAN-CXR,15:30,16:05,15:30,16:05,16:00,16:29,16:30,16:42,00:35,00:30,DELAY,DELAY,DELAY,DELAY,,93,00:25,,,,,15:50,16:27,,,HAN,SGN,CXR,Domestic,VJ,,,,,,,,,,,,
,2026-07-14,VJ1774/VJ913,A544,A321,CXR-HAN-SAI,14:20,16:20,14:20,16:20,14:45,16:09,16:10,16:20,02:00,01:25,EARLY,ONTIME,ONTIME,DELAY,,,,,,,,15:20,16:05,,,HAN,CXR,SAI,International,VJ,,,,,,,,,,,,
,2026-07-14,VJ494/VJ539,A546,A321,BMV-HAN-DAD,14:35,16:20,14:35,16:20,14:55,16:19,16:20,16:26,01:45,01:25,ONTIME,ONTIME,ONTIME,DELAY,,,,,,,,15:30,16:16,,,HAN,BMV,DAD,Domestic,VJ,,,,,,,,,,,,
,2026-07-14,VJ5068/VJ5068,A549,A321,CXR-HAN-NOZ,16:20,16:55,16:20,17:55,17:25,17:54,17:55,18:02,01:35,00:30,ONTIME,ONTIME,DELAY,DELAY,,,,,,,,,,X,,HAN,CXR,NOZ,International,VJ,,,,,,,,,,,,
,2026-07-14,VJ953/VJ457,A663,A320,HIJ-HAN-PQC,16:10,17:10,16:10,17:10,16:25,17:08,17:09,17:10,01:00,00:44,EARLY,ONTIME,ONTIME,ONTIME,,,,,,,,16:30,17:05,,,HAN,HIJ,PQC,Domestic,VJ,,,,,,,,,,,,
,2026-07-14,VJ454/VJ495,A699,A320,PQC-HAN-BMV,16:35,17:30,16:35,17:30,16:40,17:28,17:29,17:32,00:55,00:49,EARLY,ONTIME,ONTIME,ONTIME,,,,,,,,16:50,17:26,,,HAN,PQC,BMV,Domestic,VJ,,,,,,,,,,,,
,2026-07-14,VJ1454/VJ141,A635,A321,PQC-HAN-SGN,16:35,17:35,16:35,17:35,16:40,17:26,17:27,17:28,01:00,00:47,EARLY,ONTIME,ONTIME,ONTIME,,,,,,,,16:50,17..24,,,HAN,PQC,SGN,Domestic,VJ,,,,,,,,,,,,
,2026-07-14,VJ538/VJ1431,A524,A321,DAD-HAN-UIH,14:25,17:40,14:25,17:40,16:05,17:39,17:40,17:45,03:15,01:35,ONTIME,ONTIME,ONTIME,DELAY,,,,,,,,16:50,17:35,,,HAN,DAD,UIH,Domestic,VJ,,,,,,,,,,,,
,2026-07-14,VJ774/VJ517,A639,A321,CXR-HAN-DAD,14:20,17:45,14:20,17:45,17:50,18:19,18:20,18:34,03:25,00:30,DELAY,DELAY,DELAY,DELAY,,93,00:35,,,,,17:50,18:16,,,HAN,CXR,DAD,Domestic,VJ,,,,,,,,,,,,
,2026-07-14,VJ456/VJ781,A673,A321,PQC-HAN-CXR,17:45,18:20,17:45,18:20,18:00,18:23,18:25,18:30,00:35,00:25,DELAY,ONTIME,ONTIME,ONTIME,,93,00:05,,,,,17:50,18:21,,,HAN,PQC,CXR,Domestic,VJ,,,,,,,,,,,,
,2026-07-14,VJ916/VJ789,A670,A321,SIN-HAN-CXR,17:25,18:45,17:25,18:45,17:25,18:39,18:40,18:49,01:20,01:15,EARLY,ONTIME,ONTIME,ONTIME,,,,,,,,18:00,18:35,,,HAN,SIN,CXR,Domestic,VJ,,,,,,,,,,,,
,2026-07-14,VJ512/VJ521,A683,A321,DAD-HAN-DAD,18:20,18:55,18:20,18:55,18:42,19:08,19:09,19:10,00:35,00:27,DELAY,ONTIME,ONTIME,DELAY,,93,00:14,,,,,18:42,19:07,,,HAN,DAD,DAD,Domestic,VJ,,,,,,,,,,,,
,2026-07-14,VJ530/VJ155,A645,A321,DAD-HAN-SGN,16:15,19:00,16:15,19:00,16:45,18:57,18:58,19:05,02:45,02:13,EARLY,ONTIME,ONTIME,DELAY,,,,,,,,18:10,18:55,,,HAN,DAD,SGN,Domestic,VJ,,,,,,,,,,,,
,2026-07-14,VJ424/VJ561,A672,A320,PXU-HAN-HUI,18:45,19:15,18:45,19:15,18:35,19:24,19:25,19:26,00:30,00:50,DELAY,ONTIME,ONTIME,ONTIME,,16,00:10,,,,,18:35,19:24,,WAIR FOR VIPB,HAN,PXU,HUI,Domestic,VJ,,,,,,,,,,,,
,2026-07-14,VJ144/VJ519,A539,A321,SGN-HAN-DAD,18:05,19:25,18:05,19:25,18:45,19:24,19:25,19:31,01:20,00:40,ONTIME,ONTIME,ONTIME,DELAY,,,,,,,,18:45,19:23,,,HAN,SGN,DAD,Domestic,VJ,,,,,,,,,,,,
,2026-07-14,VJ434/VJ157,A523,A321,UIH-HAN-SGN,17:10,19:30,17:10,19:30,17:00,19:29,19:30,19:34,02:20,02:30,ONTIME,ONTIME,ONTIME,ONTIME,,,,,,,,18:50,19:27,,,HAN,UIH,SGN,Domestic,VJ,,,,,,,,,,,,
,2026-07-14,VJ528/VJ971,A521,A321,DAD-HAN-DEL,17:25,19:40,17:25,19:40,17:30,19:39,19:40,19:42,02:15,02:10,ONTIME,ONTIME,ONTIME,ONTIME,,,,,,,,18:55,19:36,,,HAN,DAD,DEL,International,VJ,,,,,,,,,,,,
,2026-07-14,VJ928/VJ1925,A674,A321,CGK-HAN-AMD,18:15,19:45,18:15,19:45,18:50,19:39,19:40,19:50,01:30,00:50,EARLY,ONTIME,ONTIME,DELAY,,,,,,,,19:05,19:37,,,HAN,CGK,AMD,International,VJ,,,,,,,,,,,,
,2026-07-14,VJ420/VJ523,A551,A321,TBB-HAN-DAD,19:15,19:50,19:15,19:50,19:20,19:49,19:50,19:58,00:35,00:30,ONTIME,ONTIME,ONTIME,ONTIME,,,,,,,,19:15,19:47,,,HAN,TBB,DAD,Domestic,VJ,,,,,,,,,,,,
,2026-07-14,VJ568/VJ7712,A662,A320,HUI-HAN-PKX,18:55,19:55,18:55,20:25,19:30,20:18,20:20,20:33,01:30,00:50,EARLY,ONTIME,DELAY,DELAY,,,,,,,,19:55,20:17,,,HAN,HUI,PKX,International,VJ,,,,,,,,,,,,
,2026-07-14,VJ438/VJ1785,A669,A320,UIH-HAN-CXR,19:25,19:55,19:25,20:20,19:55,20:19,20:20,20:23,00:55,00:25,ONTIME,ONTIME,DELAY,DELAY,,,,,,,,19:50,20:17,,,HAN,UIH,CXR,Domestic,VJ,,,,,,,,,,,,
,2026-07-14,VJ152/VJ159,A200,A321,SGN-HAN-SGN,19:20,20:10,19:20,20:10,20:05,20:32,20:33,20:40,00:50,00:28,DELAY,DELAY,DELAY,DELAY,,93,00:23,,,,,20:05,20:30,,,HAN,SGN,SGN,Domestic,VJ,,,,,,,,,,,,
,2026-07-14,VJ902/VJ783,A657,A321,BKK-HAN-CXR,15:50,20:25,15:50,20:25,16:35,20:23,20:25,20:30,04:35,03:50,ONTIME,ONTIME,ONTIME,DELAY,,,,,,,,19:35,20:21,,,HAN,BKK,CXR,Domestic,VJ,,,,,,,,,,,,
,2026-07-14,____/VJ161,A814,A330,HAN-SGN,,20:55,,20:55,,20:54,20:55,21:05,,,ONTIME,ONTIME,ONTIME,,,,,,,,,20:20,20:52,,,HAN,HAN,SGN,Domestic,VJ,,,,,,,,,,,,
,2026-07-14,VJ904/VJ7238,A655,A320,BKK-HAN-PVG,20:25,21:15,20:25,21:15,21:05,21:28,21:29,21:30,00:50,00:24,DELAY,ONTIME,ONTIME,DELAY,,93,00:14,,,,,21:15,21:27,,,HAN,BKK,PVG,International,VJ,,,,,,,,,,,,
,2026-07-14,VJ520/VJ527,A661,A321,DAD-HAN-DAD,20:55,21:25,20:55,21:25,21:00,21:29,21:30,21:35,00:30,00:30,DELAY,ONTIME,ONTIME,ONTIME,,93,00:05,,,,,20:50,21:27,,,HAN,DAD,DAD,Domestic,VJ,,,,,,,,,,,,
,2026-07-14,VJ154/VJ163,A632,A321,SGN-HAN-SGN,21:05,21:50,21:05,21:50,21:22,21:48,21:49,21:58,00:45,00:27,EARLY,ONTIME,ONTIME,DELAY,,,,,,,,21:15,21:46,,,HAN,SGN,SGN,Domestic,VJ,,,,,,,,,,,,
,2026-07-14,VJ914/VJ7526,A544,A321,SAI-HAN-CAN,20:50,22:30,20:50,22:30,20:30,22:28,22:30,22:32,01:40,02:00,ONTIME,ONTIME,ONTIME,ONTIME,,,,,,,,21:40,22:26,,,HAN,SAI,CAN,International,VJ,,,,,,,,,,,,
,2026-07-14,VJ518/VJ529,A639,A321,DAD-HAN-DAD,22:05,22:35,22:05,22:35,22:12,22:39,22:40,22:44,00:30,00:28,DELAY,ONTIME,ONTIME,ONTIME,,93,00:05,,,,,22:05,22:37,,,HAN,DAD,DAD,Domestic,VJ,,,,,,,,,,,,
,2026-07-14,VJ148/VJ167,A646,A321,SGN-HAN-SGN,18:25,22:45,18:25,22:45,19:30,22:58,22:59,23:00,04:20,03:29,DELAY,ONTIME,ONTIME,DELAY,,41,00:14,,,,,21:55,22:40,,TECHNICAL CHECK,HAN,SGN,SGN,Domestic,VJ,,,,,,,,,,,,
,2026-07-14,VJ146/VJ962,A203,A321,SGN-HAN-ICN,19:00,23:15,19:00,23:15,19:40,23:10,23:11,23:14,04:15,03:31,EARLY,ONTIME,ONTIME,DELAY,,,,,,,,22:25,23:08,,,HAN,SGN,ICN,International,VJ,,,,,,,,,,,,
,2026-07-14,VJ160/VJ169,A634,A321,SGN-HAN-SGN,22:45,23:30,22:45,23:30,23:00,23:27,23:28,23:30,00:45,00:28,EARLY,ONTIME,ONTIME,ONTIME,,,,,,,,22:50,23:26,,,HAN,SGN,SGN,Domestic,VJ,,,,,,,,,,,,
,2026-07-14,VJ122/VJ451,A699,A320,SGN-HAN-PQC,09:05,11:45,09:05,11:45,09:05,11:40,11:41,11:47,02:40,02:36,EARLY,ONTIME,ONTIME,ONTIME,,,,,,,,11:00,11:38,,,HAN,SGN,PQC,Domestic,VJ,,,,,,,,,,,,
,2026-07-15,____/VJ932,A554,A321,HAN-NRT,,00:30,,00:30,,00:17,00:19,00:23,,,EARLY,ONTIME,ONTIME,,,,,,,,,23:40,00:15,,,HAN,HAN,NRT,International,VJ,,,,,,,,,,,,
,2026-07-15,____/VJ982,A629,A321,HAN-PUS,,01:05,,01:05,,01:00,01:01,01:15,,,EARLY,ONTIME,ONTIME,,,,,,,,,00:10,00:58,,,HAN,HAN,PUS,International,VJ,,,,,,,,,,,,
,2026-07-15,VJ7706/VJ7706,A516,A321,CXR-HAN-KHV,00:30,01:05,00:30,01:05,,01:35,01:36,01:42,00:35,,DELAY,DELAY,DELAY,ONTIME,,99,00:31,,,,,,,X,PAX MEDICAL SUPPORT,HAN,CXR,KHV,International,VJ,,,,,,,,,,,,
,2026-07-15,____/VJ938,A500,A321,HAN-KIX,,01:20,,01:20,,01:11,01:12,01:18,,,EARLY,ONTIME,ONTIME,,,,,,,,,00:30,01:06,,,HAN,HAN,KIX,International,VJ,,,,,,,,,,,,
,2026-07-15,____/VJ960,A535,A321,HAN-ICN,,01:40,,01:40,,01:39,01:40,01:45,,,ONTIME,ONTIME,ONTIME,,,,,,,,,01:08,01:37,,,HAN,HAN,ICN,International,VJ,,,,,,,,,,,,
,2026-07-15,____/VJ920,A551,A321,DAD-HAN-NGO,,01:40,,01:40,,01:32,01:33,01:39,,,EARLY,ONTIME,ONTIME,,,,,,,,,00:55,01:30,,,HAN,DAD,NGO,International,VJ,,,,,,,,,,,,
,2026-07-15,____/VJ123,A671,A320,HAN-SGN,,05:30,,05:30,,05:29,05:30,05:37,,,ONTIME,ONTIME,ONTIME,,,,,,,,,04:45,05:27,,,HAN,HAN,SGN,Domestic,VJ,,,,,,,,,,,,
,2026-07-15,____/VJ445,A649,A321,HAN-PQC,,05:30,,05:30,,05:24,05:25,05:35,,,EARLY,ONTIME,ONTIME,,,,,,,,,04:45,05:22,,,HAN,HAN,PQC,Domestic,VJ,,,,,,,,,,,,
,2026-07-15,____/VJ501,A539,A321,HAN-DAD,,05:40,,05:40,,05:32,05:34,05:35,,,EARLY,ONTIME,ONTIME,,,,,,,,,04:55,05:30,,,HAN,HAN,DAD,Domestic,VJ,,,,,,,,,,,,
,2026-07-15,____/VJ1775,A669,A320,HAN-CXR,,06:00,,06:15,,06:39,06:40,06:45,,,DELAY,DELAY,DELAY,,,61,00:25,,,,,05:55,06:37,,CHANGE FPL,HAN,HAN,CXR,Domestic,VJ,,,,,,,,,,,,
,2026-07-15,____/VJ771,A663,A320,HAN-CXR,,06:00,,06:00,,05:54,05:55,05:57,,,EARLY,ONTIME,ONTIME,,,,,,,,,05:15,05:52,,,HAN,HAN,CXR,Domestic,VJ,,,,,,,,,,,,
,2026-07-15,____/VJ491,A637,A321,HAN-BMV,,06:00,,06:00,,05:54,05:55,06:01,,,EARLY,ONTIME,ONTIME,,,,,,,,,05:15,05:52,,,HAN,HAN,BMV,Domestic,VJ,,,,,,,,,,,,
,2026-07-15,____/VJ121,A662,A320,HAN-SGN,,06:00,,06:00,,05:59,06:00,06:10,,,ONTIME,ONTIME,ONTIME,,,,,,,,,05:10,05:57,,,HAN,HAN,SGN,Domestic,VJ,,,,,,,,,,,,
,2026-07-15,____/VJ431,A672,A320,HAN-UIH,,06:05,,06:05,,06:04,06:05,06:18,,,ONTIME,ONTIME,ONTIME,,,,,,,,,05:20,06:02,,,HAN,HAN,UIH,Domestic,VJ,,,,,,,,,,,,
,2026-07-15,____/VJ531,A651,A321,HAN-DAD,,06:30,,06:30,,06:24,06:25,06:38,,,EARLY,ONTIME,ONTIME,,,,,,,,,05:45,06:22,,,HAN,HAN,DAD,Domestic,VJ,,,,,,,,,,,,
,2026-07-15,____/VJ449,A544,A321,HAN-PQC,,06:30,,06:30,,06:29,06:30,06:37,,,ONTIME,ONTIME,ONTIME,,,,,,,,,05:50,06:27,,,HAN,HAN,PQC,Domestic,VJ,,,,,,,,,,,,
,2026-07-15,____/VJ461,A668,A320,HAN-VCA,,06:45,,06:45,,06:39,06:40,06:52,,,EARLY,ONTIME,ONTIME,,,,,,,,,06:00,06:37,,,HAN,HAN,VCA,Domestic,VJ,,,,,,,,,,,,
,2026-07-15,____/VJ125,A655,A320,HAN-SGN,,07:00,,07:00,,07:19,07:20,07:30,,,DELAY,DELAY,DELAY,,,61,00:20,,,,,06:45,07:17,,CHANGE FPL,HAN,HAN,SGN,Domestic,VJ,,,,,,,,,,,,
,2026-07-15,____/VJ1771,A636,A321,HAN-CXR,,07:00,,07:00,,06:54,06:55,07:13,,,EARLY,ONTIME,ONTIME,,,,,,,,,06:20,06:52,,,HAN,HAN,CXR,Domestic,VJ,,,,,,,,,,,,
,2026-07-15,____/VJ421,A667,A321,HAN-PXU,,07:10,,07:10,,07:04,07:05,07:16,,,EARLY,ONTIME,ONTIME,,,,,,,,,06:10,07:02,,,HAN,HAN,PXU,Domestic,VJ,,,,,,,,,,,,
,2026-07-15,____/VJ905,A644,A321,HAN-KUL,,07:25,,07:25,,07:38,07:39,07:40,,,DELAY,ONTIME,ONTIME,,,15A,00:14,,,,,06:57,07:37,,OFLD 06PAX AND 02BAGS,HAN,HAN,KUL,International,VJ,,,,,,,,,,,,
,2026-07-15,VJ502/VJ503,A684,A321,DAD-HAN-DAD,07:00,07:30,07:00,07:30,07:05,07:34,07:35,07:37,00:30,00:30,DELAY,ONTIME,ONTIME,ONTIME,,93,00:05,,,,,07:05,07:32,,,HAN,DAD,DAD,Domestic,VJ,,,,,,,,,,,,
,2026-07-15,VJ5069/VJ5069,A549,A321,NOZ-HAN-CXR,06:15,07:45,06:15,07:45,06:55,07:19,07:20,07:35,01:30,00:25,EARLY,ONTIME,ONTIME,DELAY,,,,,,,,,,X,,HAN,NOZ,CXR,Domestic,VJ,,,,,,,,,,,,
,2026-07-15,____/VJ934,A547,A321,HAN-NRT,,07:55,,07:55,,08:08,08:09,08:10,,,DELAY,ONTIME,ONTIME,,,87,00:10,99,00:04,,,07:10,08:08,,"STUCK AT IMMI/LATE ACCEPT 27PAX,33BAG",HAN,HAN,NRT,International,VJ,,,,,,,,,,,,
,2026-07-15,VJ120/VJ127,A532,A321,SGN-HAN-SGN,07:10,08:10,07:10,08:10,07:20,08:02,08:03,08:10,01:00,00:43,EARLY,ONTIME,ONTIME,ONTIME,,,,,,,,07:20,08:00,,,HAN,SGN,SGN,Domestic,VJ,,,,,,,,,,,,
,2026-07-15,____/VJ929,A575,A321,HAN-CGK,,08:40,,08:40,,08:39,08:40,08:43,,,ONTIME,ONTIME,ONTIME,,,,,,,,,07:55,08:36,,,HAN,HAN,CGK,International,VJ,,,,,,,,,,,,
,2026-07-15,VJ124/VJ129,A676,A320,SGN-HAN-SGN,08:15,08:45,08:15,08:45,08:20,08:44,08:45,08:55,00:30,00:25,ONTIME,ONTIME,ONTIME,ONTIME,,,,,,,,00:15,08:43,,,HAN,SGN,SGN,Domestic,VJ,,,,,,,,,,,,
,2026-07-15,____/VJ447,A542,A321,HAN-PQC,,08:45,,08:45,,08:42,08:43,08:45,,,EARLY,ONTIME,ONTIME,,,,,,,,,08:00,08:40,,,HAN,HAN,PQC,Domestic,VJ,,,,,,,,,,,,
,2026-07-15,VJ504/VJ435,A666,A320,DAD-HAN-UIH,08:20,08:50,08:20,08:50,08:15,08:49,08:50,08:59,00:30,00:35,ONTIME,ONTIME,ONTIME,ONTIME,,,,,,,,08:10,08:46,,,HAN,DAD,UIH,Domestic,VJ,,,,,,,,,,,,
,2026-07-15,____/VJ505,A546,A321,HAN-DAD,,09:05,,09:05,,09:04,09:05,09:10,,,ONTIME,ONTIME,ONTIME,,,,,,,,,08:20,09:00,,,HAN,HAN,DAD,Domestic,VJ,,,,,,,,,,,,
,2026-07-15,VJ514/VJ563,A539,A321,DAD-HAN-HUI,08:50,09:20,08:50,09:20,09:00,09:29,09:30,09:35,00:30,00:30,DELAY,ONTIME,ONTIME,ONTIME,,93,00:10,,,,,08:50,09:27,,,HAN,DAD,HUI,Domestic,VJ,,,,,,,,,,,,
,2026-07-15,VJ972/VJ915,A521,A321,DEL-HAN-SIN,05:40,09:35,05:40,09:35,06:05,09:29,09:30,09:32,03:55,03:25,EARLY,ONTIME,ONTIME,DELAY,,,,,,,,08:45,09:27,,,HAN,DEL,SIN,International,VJ,,,,,,,,,,,,
,2026-07-15,VJ1926/VJ1773,A674,A321,AMD-HAN-CXR,05:55,10:00,05:55,10:00,06:05,09:57,09:58,10:00,04:05,03:53,EARLY,ONTIME,ONTIME,ONTIME,,,,,,,,09:15,09:55,,,HAN,AMD,CXR,Domestic,VJ,,,,,,,,,,,,
,2026-07-15,____/VJ135,,A330,HAN-SGN,,10:10,,10:10,,10:18,10:20,10:22,,,DELAY,ONTIME,ONTIME,,,95,00:10,,,,,09:46,10:15,,CREW VJ156 OB 0945L,HAN,HAN,SGN,Domestic,VJ,,,,,,,,,,,,
,2026-07-15,VJ1124/VJ1433,A632,A321,SGN-HAN-UIH,09:40,10:10,09:40,11:05,10:55,11:23,11:25,11:39,01:25,00:30,DELAY,DELAY,DELAY,DELAY,,93,00:20,,,,,10:50,11:20,,,HAN,SGN,UIH,Domestic,VJ,,,,,,,,,,,,
,2026-07-15,____/VJ425,A524,A321,HAN-PXU,,10:20,,10:20,,10:19,10:20,10:30,,,ONTIME,ONTIME,ONTIME,,,,,,,,,09:40,10:17,,,HAN,HAN,PXU,Domestic,VJ,,,,,,,,,,,,
,2026-07-15,VJ430/VJ463,A672,A320,UIH-HAN-VCA,09:50,10:20,09:50,10:20,10:00,10:19,10:20,10:24,00:30,00:20,ONTIME,ONTIME,ONTIME,ONTIME,,,,,,,,09:50,10:17,,,HAN,UIH,VCA,Domestic,VJ,,,,,,,,,,,,
,2026-07-15,VJ156/VJ997,A200,A321,SGN-HAN-DPS,09:00,10:25,09:00,10:25,09:25,10:14,10:15,10:30,01:25,00:50,EARLY,ONTIME,ONTIME,DELAY,,,,,,,,09:40,10:11,,,HAN,SGN,DPS,International,VJ,,,,,,,,,,,,
,2026-07-15,VJ492/VJ493,A637,A321,BMV-HAN-BMV,10:00,10:35,10:00,10:35,10:05,10:34,10:35,10:50,00:35,00:30,ONTIME,ONTIME,ONTIME,ONTIME,,,,,,,,10:00,10:32,,,HAN,BMV,BMV,Domestic,VJ,,,,,,,,,,,,
,2026-07-15,VJ770/VJ437,A663,A320,CXR-HAN-UIH,10:10,10:40,10:10,10:40,10:15,10:44,10:45,10:55,00:30,00:30,DELAY,ONTIME,ONTIME,ONTIME,,93,00:05,,,,,10:05,10:42,,,HAN,CXR,UIH,Domestic,VJ,,,,,,,,,,,,
,2026-07-15,VJ126/VJ131,A634,A321,SGN-HAN-SGN,10:10,10:45,10:10,10:45,10:45,11:14,11:15,11:26,00:35,00:30,DELAY,DELAY,DELAY,DELAY,,93,00:30,,,,,10:35,11:11,,,HAN,SGN,SGN,Domestic,VJ,,,,,,,,,,,,
,2026-07-15,____/VJ537,A699,A320,HAN-DAD,,11:05,,11:05,,11:04,11:05,11:15,,,ONTIME,ONTIME,ONTIME,,,,,,,,,10:25,11:02,,,HAN,HAN,DAD,Domestic,VJ,,,,,,,,,,,,
,2026-07-15,VJ532/VJ901,A651,A321,DAD-HAN-BKK,09:45,11:10,09:45,11:10,10:00,11:23,11:24,11:25,01:25,01:24,DELAY,ONTIME,ONTIME,ONTIME,,93,00:14,,,,,10:50,11:20,,,HAN,DAD,BKK,International,VJ,,,,,,,,,,,,
,2026-07-15,VJ524/VJ507,A684,A321,DAD-HAN-DAD,10:40,11:10,10:40,11:10,10:50,11:19,11:20,11:25,00:30,00:30,DELAY,ONTIME,ONTIME,ONTIME,,93,00:10,,,,,10:50,11:16,,,HAN,DAD,DAD,Domestic,VJ,,,,,,,,,,,,
,2026-07-15,VJ422/VJ133,A667,A321,PXU-HAN-SGN,10:50,11:25,10:50,11:25,11:00,11:29,11:30,11:39,00:35,00:30,DELAY,ONTIME,ONTIME,ONTIME,,93,00:05,,,,,10:55,11:27,,,HAN,PXU,SGN,Domestic,VJ,,,,,,,,,,,,
,2026-07-15,VJ448/VJ565,A649,A321,PQC-HAN-HUI,10:15,11:30,10:15,11:30,10:35,11:24,11:25,11:32,01:15,00:50,EARLY,ONTIME,ONTIME,DELAY,,,,,,,,10:45,11:21,,,HAN,PQC,HUI,Domestic,VJ,,,,,,,,,,,,
,2026-07-15,VJ981/VJ1453,A629,A321,PUS-HAN-PQC,10:40,11:50,10:40,11:50,10:20,11:46,11:47,12:00,01:10,01:27,EARLY,ONTIME,ONTIME,ONTIME,,,,,,,,11:05,11:44,,,HAN,PUS,PQC,Domestic,VJ,,,,,,,,,,,,
,2026-07-15,VJ450/VJ775,A544,A321,PQC-HAN-CXR,11:15,11:50,11:15,11:50,11:15,11:49,11:50,11:55,00:35,00:35,ONTIME,ONTIME,ONTIME,ONTIME,,,,,,,,11:15,11:46,,,HAN,PQC,CXR,Domestic,VJ,,,,,,,,,,,,
,2026-07-15,VJ1772/VJ515,A636,A321,CXR-HAN-DAD,11:25,12:10,11:25,12:35,12:12,12:38,12:39,12:42,01:10,00:27,DELAY,ONTIME,DELAY,DELAY,,93,00:04,,,,,12:05,12:36,,,HAN,CXR,DAD,Domestic,VJ,,,,,,,,,,,,
,2026-07-15,VJ1776/VJ7638,A669,A320,CXR-HAN-TXN,10:10,12:10,10:10,12:10,11:25,12:04,12:05,12:08,02:00,00:40,EARLY,ONTIME,ONTIME,DELAY,,,,,,,,11:40,12:01,,,HAN,CXR,TXN,International,VJ,,,,,,,,,,,,
,2026-07-15,VJ128/VJ137,A655,A320,SGN-HAN-SGN,11:55,12:30,11:55,13:30,13:10,13:44,13:45,14:05,01:35,00:35,DELAY,ONTIME,DELAY,DELAY,,93,00:05,66,00:10,,,13:20,13:43,,CREW OB 1322,HAN,SGN,SGN,Domestic,VJ,,,,,,,,,,,,
,2026-07-15,VJ506/VJ453,A546,A321,DAD-HAN-PQC,12:15,13:00,12:15,13:00,13:00,13:28,13:29,13:55,00:45,00:29,DELAY,DELAY,DELAY,DELAY,,93,00:29,,,,,12:50,13:25,,LATE PUSHBACK DUE TO ATC,HAN,DAD,PQC,Domestic,VJ,,,,,,,,,,,,
,2026-07-15,VJ564/VJ787,A539,A321,HUI-HAN-CXR,12:20,13:10,12:20,13:10,13:00,13:28,13:30,13:47,00:50,00:30,DELAY,DELAY,DELAY,DELAY,,93,00:20,,,,,13:00,13:27,,,HAN,HUI,CXR,Domestic,VJ,,,,,,,,,,,,
,2026-07-15,VJ462/VJ509,A668,A320,VCA-HAN-DAD,11:40,13:20,11:40,13:20,11:55,13:39,13:40,14:28,01:40,01:45,DELAY,DELAY,DELAY,ONTIME,,95,00:20,,,,,13:10,13:39,,CREW 432 OB 1320,HAN,VCA,DAD,Domestic,VJ,,,,,,,,,,,,
,2026-07-15,VJ432/VJ433,A666,A320,UIH-HAN-UIH,12:35,13:20,12:35,13:20,13:05,13:28,13:30,13:50,00:45,00:25,DELAY,ONTIME,DELAY,DELAY,,93,00:10,,,,,13:05,12:26,,LATE PUSHBACK DUE TO ATC,HAN,UIH,UIH,Domestic,VJ,,,,,,,,,,,,
,2026-07-15,VJ939/VJ948,A500,A321,KIX-HAN-RMQ,12:20,13:30,12:20,13:30,12:55,13:36,13:37,14:10,01:10,00:42,DELAY,ONTIME,DELAY,DELAY,,66,00:07,,,,,13:10,13:33,,CREW OB 1310,HAN,KIX,RMQ,International,VJ,,,,,,,,,,,,
,2026-07-15,VJ130/VJ525,A550,A321,SGN-HAN-DAD,12:55,14:05,12:55,14:05,13:55,14:33,14:34,14:42,01:10,00:39,DELAY,DELAY,DELAY,DELAY,,93,00:20,66,00:09,,,14:10,14:31,,CREW OB 1410,HAN,SGN,DAD,Domestic,VJ,,,,,,,,,,,,
,2026-07-15,VJ134/VJ143,A648,A321,SGN-HAN-SGN,13:30,14:05,13:30,15:00,14:35,15:04,15:05,15:20,01:30,00:30,DELAY,ONTIME,DELAY,DELAY,,93,00:05,,,,,14:25,15:01,,,HAN,SGN,SGN,Domestic,VJ,,,,,,,,,,,,
,2026-07-15,VJ933/VJ942,A554,A321,NRT-HAN-TPE,13:05,14:25,13:05,14:25,13:00,14:24,14:25,14:50,01:20,01:25,ONTIME,ONTIME,DELAY,ONTIME,,,,,,,,13:35,14:21,,,HAN,NRT,TPE,International,VJ,,,,,,,,,,,,
,2026-07-15,VJ1434/VJ1125,A632,A321,UIH-HAN-SGN,14:00,14:30,14:00,16:15,16:10,16:39,16:40,16:53,02:15,00:30,DELAY,DELAY,DELAY,DELAY,,93,00:25,,,,,16:10,16:37,,,HAN,UIH,SGN,Domestic,VJ,,,,,,,,,,,,
,2026-07-15,VJ440/VJ946,A542,A321,PQC-HAN-KHH,13:30,14:35,13:30,14:35,13:40,14:34,14:35,14:38,01:05,00:55,ONTIME,ONTIME,ONTIME,ONTIME,,,,,,,,13:50,14:30,,,HAN,PQC,KHH,International,VJ,,,,,,,,,,,,
,2026-07-15,VJ1504/VJ1505,A536,A321,DAD-HAN-DAD,14:05,14:40,14:05,16:00,15:45,16:14,16:15,16:25,01:55,00:30,DELAY,ONTIME,DELAY,DELAY,,93,00:15,,,,,15:50,16:11,,,HAN,DAD,DAD,Domestic,VJ,,,,,,,,,,,,
,2026-07-15,VJ961/VJ145,A580,A321,ICN-HAN-SGN,13:35,14:40,13:35,14:40,14:20,14:59,15:00,15:05,01:05,00:40,DELAY,DELAY,DELAY,DELAY,,93,00:10,66,00:10,,,14:30,14:57,,CREW OB 1430,HAN,ICN,SGN,Domestic,VJ,,,,,,,,,,,,
,2026-07-15,VJ426/VJ467,A524,A321,PXU-HAN-VCA,14:05,14:45,14:05,14:45,14:15,14:44,14:45,14:55,00:40,00:30,ONTIME,ONTIME,ONTIME,ONTIME,,,,,,,,14:05,14:42,,,HAN,PXU,VCA,Domestic,VJ,,,,,,,,,,,,
,2026-07-15,VJ7707/VJ7707,A516,A321,KHV-HAN-CXR,14:25,14:55,14:25,14:55,14:30,14:54,14:55,15:05,00:30,00:25,ONTIME,ONTIME,ONTIME,ONTIME,,,,,,,,,,X,,HAN,KHV,CXR,Domestic,VJ,,,,,,,,,,,,
,2026-07-15,VJ510/VJ511,A684,A321,DAD-HAN-DAD,14:35,15:05,14:35,15:05,15:30,15:58,15:59,16:05,00:30,00:29,DELAY,DELAY,DELAY,DELAY,,93,00:54,,,,,15:30,15:56,,,HAN,DAD,DAD,Domestic,VJ,,,,,,,,,,,,
,2026-07-15,VJ538/VJ423,A699,A320,DAD-HAN-PXU,14:15,15:05,14:15,15:05,15:00,15:34,15:35,15:45,00:50,00:35,DELAY,DELAY,DELAY,DELAY,,93,00:20,66,00:10,,,15:12,15:32,,CREW OB 1512,HAN,DAD,PXU,Domestic,VJ,,,,,,,,,,,,
,2026-07-15,VJ1774/VJ1451,A674,A321,CXR-HAN-PQC,14:20,15:05,14:20,15:05,14:45,15:11,15:12,15:13,00:45,00:27,DELAY,ONTIME,ONTIME,DELAY,,93,00:07,,,,,14:35,15:08,,,HAN,CXR,PQC,Domestic,VJ,,,,,,,,,,,,
,2026-07-15,VJ494/VJ419,A637,A321,BMV-HAN-TBB,14:35,15:10,14:35,15:30,15:05,15:29,15:30,15:35,00:55,00:25,ONTIME,ONTIME,DELAY,DELAY,,,,,,,,15:05,15:27,,,HAN,BMV,TBB,Domestic,VJ,,,,,,,,,,,,
,2026-07-15,VJ7620/VJ7620,A549,A321,CXR-HAN-BAX,15:05,15:40,15:05,15:40,15:20,15:48,15:49,15:53,00:35,00:29,DELAY,ONTIME,ONTIME,ONTIME,,93,00:09,,,,,,,X,,HAN,CXR,BAX,International,VJ,,,,,,,,,,,,
,2026-07-15,VJ436/VJ439,A663,A320,UIH-HAN-UIH,14:25,15:40,14:25,15:40,14:38,15:39,15:40,15:47,01:15,01:02,ONTIME,ONTIME,ONTIME,ONTIME,,,,,,,,14:50,15:36,,,HAN,UIH,UIH,Domestic,VJ,,,,,,,,,,,,
,2026-07-15,VJ906/VJ903,A644,A321,KUL-HAN-BKK,14:40,15:45,14:40,16:10,15:55,16:24,16:25,16:40,01:30,00:30,DELAY,ONTIME,DELAY,DELAY,,93,00:15,,,,,15:55,16:22,,,HAN,KUL,BKK,International,VJ,,,,,,,,,,,,
,2026-07-15,VJ566/VJ567,A649,A321,HUI-HAN-HUI,14:30,15:55,14:30,15:55,14:55,15:54,15:55,16:04,01:25,01:00,ONTIME,ONTIME,ONTIME,DELAY,,,,,,,,15:10,15:51,,,HAN,HUI,HUI,Domestic,VJ,,,,,,,,,,,,
,2026-07-15,VJ464/VJ773,A672,A320,VCA-HAN-CXR,15:10,16:00,15:10,16:00,15:35,16:04,16:05,16:15,00:50,00:30,DELAY,ONTIME,ONTIME,DELAY,,93,00:05,,,,,15:35,16:01,,,HAN,VCA,CXR,Domestic,VJ,,,,,,,,,,,,
,2026-07-15,VJ508/VJ539,A636,A321,DAD-HAN-DAD,15:25,16:20,15:25,16:55,16:25,16:59,17:00,17:20,01:30,00:35,DELAY,ONTIME,DELAY,DELAY,,66,00:05,,,,,16:30,16:57,,CREW OB 1631,HAN,DAD,DAD,Domestic,VJ,,,,,,,,,,,,
,2026-07-15,VJ136/VJ913,A662,A320,SGN-HAN-SAI,14:10,16:20,14:10,16:20,15:26,16:11,16:12,16:28,02:10,00:46,EARLY,ONTIME,ONTIME,DELAY,,,,,,,,15:40,16:08,,,HAN,SGN,SAI,International,VJ,,,,,,,,,,,,
,2026-07-15,VJ142/VJ193,A815,A330,SGN-HAN-SGN,15:30,16:30,15:30,16:30,16:15,16:59,17:00,17:16,01:00,00:45,DELAY,DELAY,DELAY,DELAY,,93,00:30,,,,,16:15,16:57,,,HAN,SGN,SGN,Domestic,VJ,,,,,,,,,,,,
,2026-07-15,VJ530/VJ513,A528,A321,DAD-HAN-DAD,16:15,16:50,16:15,16:50,16:30,16:59,17:00,17:03,00:35,00:30,DELAY,ONTIME,ONTIME,ONTIME,,93,00:10,,,,,16:30,16:57,,,HAN,DAD,DAD,Domestic,VJ,,,,,,,,,,,,
,2026-07-15,VJ140/VJ151,A667,A321,SGN-HAN-SGN,16:20,16:55,16:20,18:05,17:35,18:04,18:05,18:20,01:45,00:30,ONTIME,ONTIME,DELAY,DELAY,,,,,,,,17:35,18:00,,,HAN,SGN,SGN,Domestic,VJ,,,,,,,,,,,,
,2026-07-15,VJ921/VJ465,A551,A321,NGO-HAN-VCA,12:50,17:00,12:50,17:00,12:35,16:58,16:59,17:05,04:10,04:24,EARLY,ONTIME,ONTIME,ONTIME,,,,,,,,16:10,16:55,,,HAN,NGO,VCA,Domestic,VJ,,,,,,,,,,,,
,2026-07-15,VJ902/VJ141,A651,A321,BKK-HAN-SGN,15:50,17:35,15:50,17:35,16:40,17:34,17:35,17:43,01:45,00:55,ONTIME,ONTIME,ONTIME,DELAY,,,,,,,,16:50,17:30,,,HAN,BKK,SGN,Domestic,VJ,,,,,,,,,,,,
,2026-07-15,VJ434/VJ1431,A666,A320,UIH-HAN-UIH,17:10,17:40,17:10,17:40,17:20,17:44,17:45,17:50,00:30,00:25,DELAY,ONTIME,ONTIME,ONTIME,,93,00:05,,,,,17:10,17:42,,,HAN,UIH,UIH,Domestic,VJ,,,,,,,,,,,,
,2026-07-15,VJ774/VJ517,A539,A321,CXR-HAN-DAD,17:15,17:45,17:15,17:45,18:25,18:54,18:55,18:59,00:30,00:30,DELAY,DELAY,DELAY,DELAY,,93,01:10,,,,,18:15,18:52,,,HAN,CXR,DAD,Domestic,VJ,,,,,,,,,,,,
,2026-07-15,VJ528/VJ495,A550,A321,DAD-HAN-BMV,17:25,18:00,17:25,18:35,18:12,18:39,18:40,18:45,01:10,00:28,DELAY,ONTIME,DELAY,DELAY,,93,00:05,,,,,18:10,18:37,,LATE TAKEOFF DUE TO ATC,HAN,DAD,BMV,Domestic,VJ,,,,,,,,,,,,
,2026-07-15,VJ456/VJ781,A546,A321,PQC-HAN-CXR,17:45,18:20,17:45,19:30,19:00,19:27,19:28,19:55,01:45,00:28,EARLY,ONTIME,DELAY,DELAY,,,,,,,,19:00,19:25,,LATE TAKEOFF DUE TO ATC,HAN,PQC,CXR,Domestic,VJ,,,,,,,,,,,,
,2026-07-15,VJ1454/VJ789,A640,A321,PQC-HAN-CXR,16:35,18:45,16:35,18:45,17:15,18:39,18:40,18:50,02:10,01:25,EARLY,ONTIME,ONTIME,DELAY,,,,,,,,18:00,18:36,,,HAN,PQC,CXR,Domestic,VJ,,,,,,,,,,,,
,2026-07-15,VJ772/VJ155,A544,A321,CXR-HAN-SGN,16:00,18:55,16:00,18:55,16:25,18:59,19:00,19:05,02:55,02:35,DELAY,ONTIME,ONTIME,DELAY,,99,00:05,,,,,18:05,18:56,,BOARDING SYSTEM DOWN/ LATE TAKEOFF DUE TO ATC,HAN,CXR,SGN,Domestic,VJ,,,,,,,,,,,,
,2026-07-15,VJ928/VJ521,A575,A321,CGK-HAN-DAD,18:15,19:00,18:15,19:45,18:25,20:29,20:30,20:55,01:30,02:05,DELAY,DELAY,DELAY,ONTIME,,,,95,00:45,,,20:00,20:25,,CREW FROM VJ512 OB 2007,HAN,CGK,DAD,Domestic,VJ,,,,,,,,,,,,
,2026-07-15,VJ424/VJ561,A699,A320,PXU-HAN-HUI,18:45,19:15,18:45,19:35,19:20,20:04,20:05,20:15,00:50,00:45,DELAY,DELAY,DELAY,DELAY,,93,00:10,41,00:20,,,19:10,20:01,,TECHNICAL CHECK,HAN,PXU,HUI,Domestic,VJ,,,,,,,,,,,,
,2026-07-15,VJ468/VJ519,A524,A321,VCA-HAN-DAD,19:50,19:25,19:50,20:25,20:05,20:31,20:32,20:50,00:35,00:27,DELAY,ONTIME,DELAY,ONTIME,,93,00:07,,,,,20:05,20:30,,,HAN,VCA,DAD,Domestic,VJ,,,,,,,,,,,,
,2026-07-15,VJ420/VJ1127,A637,A321,TBB-HAN-SGN,19:15,19:25,19:15,20:30,19:30,20:29,20:30,20:58,01:15,01:00,ONTIME,ONTIME,DELAY,ONTIME,,,,,,,,19:45,20:25,,LATE PUSH BACK DUE TO ATC,HAN,TBB,SGN,Domestic,VJ,,,,,,,,,,,,
,2026-07-15,VJ146/VJ157,A632,A321,SGN-HAN-SGN,18:55,19:30,18:55,22:55,23:05,23:34,23:35,23:42,04:00,00:30,DELAY,DELAY,DELAY,DELAY,,93,00:40,,,,,22:55,23:31,,,HAN,SGN,SGN,Domestic,VJ,,,,,,,,,,,,
,2026-07-15,VJ568/VJ523,A649,A321,HUI-HAN-DAD,18:55,19:45,18:55,19:45,19:10,19:49,19:50,20:00,00:50,00:40,DELAY,ONTIME,ONTIME,ONTIME,,34,00:05,,,,,19:10,19:47,,LACK OF COBUS /LATE TAKEOFF DUE TO ATC,HAN,HUI,DAD,Domestic,VJ,,,,,,,,,,,,
,2026-07-15,VJ7639/VJ7712,A669,A320,TXN-HAN-PKX,18:55,19:55,18:55,19:55,19:05,19:48,19:50,20:10,01:00,00:45,EARLY,ONTIME,ONTIME,ONTIME,,,,,,,,19:32,19:46,,,HAN,TXN,PKX,International,VJ,,,,,,,,,,,,
,2026-07-15,VJ438/VJ1785,A663,A320,UIH-HAN-CXR,19:25,19:55,19:25,20:15,19:40,20:08,20:09,20:10,00:50,00:29,EARLY,ONTIME,ONTIME,ONTIME,,,,,,,,19:25,20:06,,,HAN,UIH,CXR,Domestic,VJ,,,,,,,,,,,,
,2026-07-15,VJ916/VJ455,A521,A321,SIN-HAN-PQC,17:25,20:05,17:25,20:05,17:30,20:01,20:02,20:35,02:40,02:32,EARLY,ONTIME,DELAY,ONTIME,,,,,,,,19:20,20:00,,,HAN,SIN,PQC,Domestic,VJ,,,,,,,,,,,,
,2026-07-15,VJ452/VJ907,A202,A321,PQC-HAN-BOM,16:05,20:05,16:05,20:05,17:20,20:04,20:05,20:28,04:00,02:45,ONTIME,ONTIME,DELAY,DELAY,,,,,,,,19:20,20:00,,LATE PUSH BACK DUE TO ATC,HAN,PQC,BOM,International,VJ,,,,,,,,,,,,
,2026-07-15,VJ540/VJ783,A636,A321,DAD-HAN-CXR,19:30,20:25,19:30,20:25,21:05,21:29,21:30,21:55,00:55,00:25,DELAY,DELAY,DELAY,DELAY,,93,01:05,,,,,21:05,21:25,,,HAN,DAD,CXR,Domestic,VJ,,,,,,,,,,,,
,2026-07-15,VJ776/VJ7238,A672,A320,CXR-HAN-PVG,10:10,21:15,10:10,21:15,21:00,21:39,21:40,21:45,11:05,00:40,DELAY,DELAY,DELAY,DELAY,,93,00:10,66,00:15,,,21:15,21:36,,HAN CREW OB 2115,HAN,CXR,PVG,International,VJ,,,,,,,,,,,,
,2026-07-15,VJ512/VJ527,A684,A321,DAD-HAN-DAD,18:15,21:25,18:15,21:25,19:45,21:24,21:25,21:40,03:10,01:40,ONTIME,ONTIME,ONTIME,DELAY,,,,,,,,20:40,21:20,,,HAN,DAD,DAD,Domestic,VJ,,,,,,,,,,,,
,2026-07-15,VJ904/VJ7526,A644,A321,BKK-HAN-CAN,20:25,22:30,20:25,22:30,21:45,22:27,22:28,22:32,02:05,00:43,EARLY,ONTIME,ONTIME,DELAY,,,,,,,,21:45,22:25,,LATE TAKEOFF DUE TO ATC,HAN,BKK,CAN,International,VJ,,,,,,,,,,,,
,2026-07-15,VJ520/VJ529,A639,A321,DAD-HAN-DAD,20:55,22:35,20:55,22:35,21:05,22:29,22:30,22:33,01:40,01:25,EARLY,ONTIME,ONTIME,ONTIME,,,,,,,,21:50,22:25,,,HAN,DAD,DAD,Domestic,VJ,,,,,,,,,,,,
,2026-07-15,VJ935/VJ962,A547,A321,NRT-HAN-ICN,20:05,23:15,20:05,23:15,20:33,23:19,23:20,23:25,03:10,02:47,DELAY,ONTIME,ONTIME,DELAY,,99,00:05,,,,,22:35,23:17,,LATE ACCEPT 02PAX 02BAGS,HAN,NRT,ICN,International,VJ,,,,,,,,,,,,
,2026-07-15,VJ562/VJ169,A699,A320,HUI-HAN-SGN,22:15,23:25,22:15,00:10,23:20,00:04,00:05,00:08,01:55,00:45,EARLY,ONTIME,DELAY,DELAY,,,,,,,,23:20,00:00,,,HAN,HUI,SGN,Domestic,VJ,,,,,,,,,,,,
,2026-07-15,VJ776/VJ167,A655,A320,CXR-HAN-SGN,20:10,23:25,20:10,23:25,23:10,23:49,23:50,23:54,03:15,00:40,DELAY,DELAY,DELAY,DELAY,,93,00:25,,,,,23:10,23:45,,,HAN,CXR,SGN,Domestic,VJ,,,,,,,,,,,,
,2026-07-15,AI2390/AI2391,VT-TNR,A320,DEL-HAN-DEL,07:20,08:20,07:20,08:20,07:38,08:31,08:32,08:36,01:00,00:54,DELAY,ONTIME,DELAY,DELAY,,93,00:12,,,,,,,,,HAN,DEL,DEL,International,AI,,,,,,,,,,,,
,2026-07-16,VJ7704/VJ7704,A516,A321,CXR-HAN-VVO,23:45,00:20,23:45,00:20,23:45,00:15,00:16,00:23,00:35,00:31,EARLY,ONTIME,ONTIME,ONTIME,,,,,,,,,,x,TECHSTOP,HAN,CXR,VVO,International,VJ,,,,,,,,,,,,
,2026-07-16,____/VJ932,A554,A321,HAN-NRT,,00:30,,00:30,,00:29,00:30,00:36,,,ONTIME,ONTIME,ONTIME,,,,,,,,,23:45,00:25,,,HAN,HAN,NRT,International,VJ,,,,,,,,,,,,
,2026-07-16,____/VJ982,A542,A321,HAN-PUS,,01:05,,01:05,,00:54,00:55,01:00,,,EARLY,ONTIME,ONTIME,,,,,,,,,00:20,00:50,,,HAN,HAN,PUS,International,VJ,,,,,,,,,,,,
,2026-07-16,VJ7660/VJ7660,A575,A321,DAD-HAN-KHV,23:50,00:25,23:50,01:15,01:00,01:29,01:30,01:39,01:25,00:30,DELAY,ONTIME,DELAY,ONTIME,,93,00:15,,,,,,,x,TECHSTOP,HAN,DAD,KHV,International,VJ,,,,,,,,,,,,
,2026-07-16,____/VJ938,A500,A321,HAN-KIX,,01:20,,01:20,,01:12,01:14,01:16,,,EARLY,ONTIME,ONTIME,,,,,,,,,00:35,01:10,,,HAN,HAN,KIX,International,VJ,,,,,,,,,,,,
,2026-07-16,____/VJ960,A580,A321,HAN-ICN,,01:40,,01:40,,01:39,01:40,01:45,,,ONTIME,ONTIME,ONTIME,,,,,,,,,00:50,01:36,,,HAN,HAN,ICN,International,VJ,,,,,,,,,,,,
,2026-07-16,____/VJ920,A200,A321,HAN-NGO,,01:40,,01:40,,01:34,01:35,01:36,,,EARLY,ONTIME,ONTIME,,,,,,,,,00:50,01:31,,,HAN,HAN,NGO,International,VJ,,,,,,,,,,,,
,2026-07-16,____/VJ958,A522,A321,HAN-FUK,,02:05,,02:05,,01:59,02:00,02:03,,,EARLY,ONTIME,ONTIME,,,,,,,,,01:05,01:56,,,HAN,HAN,FUK,International,VJ,,,,,,,,,,,,
,2026-07-16,____/VJ1980,A663,A320,HAN-FSZ,,02:40,,02:40,,02:29,02:30,02:32,,,EARLY,ONTIME,ONTIME,,,,,,,,,01:40,02:26,,,HAN,HAN,FSZ,International,VJ,,,,,,,,,,,,
,2026-07-16,____/VJ445,A637,A321,HAN-PQC,,05:30,,05:30,,05:23,05:24,05:26,,,EARLY,ONTIME,ONTIME,,,,,,,,,04:40,05:20,,,HAN,HAN,PQC,Domestic,VJ,,,,,,,,,,,,
,2026-07-16,____/VJ123,A644,A321,HAN-SGN,,05:30,,05:30,,05:24,05:25,05:34,,,EARLY,ONTIME,ONTIME,,,,,,,,,04:40,05:21,,,HAN,HAN,SGN,Domestic,VJ,,,,,,,,,,,,
,2026-07-16,____/VJ121,A528,A321,HAN-SGN,,06:00,,06:00,,05:59,06:00,06:03,,,ONTIME,ONTIME,ONTIME,,,,,,,,,05:10,05:55,,LATE TAKEOFF DUE TO ATC,HAN,HAN,SGN,Domestic,VJ,,,,,,,,,,,,
,2026-07-16,____/VJ491,A550,A321,HAN-BMV,,06:00,,06:00,,05:54,05:55,06:03,,,EARLY,ONTIME,ONTIME,,,,,,,,,05:10,05:50,,LATE TAKEOFF DUE TO ATC,HAN,HAN,BMV,Domestic,VJ,,,,,,,,,,,,
,2026-07-16,____/VJ771,A662,A320,HAN-CXR,,06:00,,06:00,,05:54,05:55,06:02,,,EARLY,ONTIME,ONTIME,,,,,,,,,05:10,05:51,,,HAN,HAN,CXR,Domestic,VJ,,,,,,,,,,,,
,2026-07-16,____/VJ1775,A649,A321,HAN-CXR,,06:00,,06:00,,05:59,06:00,06:10,,,ONTIME,ONTIME,ONTIME,,,,,,,,,05:10,05:56,,,HAN,HAN,CXR,Domestic,VJ,,,,,,,,,,,,
,2026-07-16,____/VJ431,A666,A320,HAN-UIH,,06:05,,06:05,,05:59,06:00,06:05,,,EARLY,ONTIME,ONTIME,,,,,,,,,05:10,05:56,,,HAN,HAN,UIH,Domestic,VJ,,,,,,,,,,,,
,2026-07-16,____/VJ952,A669,A320,HAN-HIJ,,06:15,,06:15,,06:09,06:10,06:20,,,EARLY,ONTIME,ONTIME,,,,,,,,,05:20,06:05,,LATE TAKEOFF DUE TO ATC,HAN,HAN,HIJ,International,VJ,,,,,,,,,,,,
,2026-07-16,____/VJ531,A539,A321,HAN-DAD,,06:30,,06:30,,06:29,06:30,06:36,,,ONTIME,ONTIME,ONTIME,,,,,,,,,05:40,06:25,,LATE TAKEOFF DUE TO ATC,HAN,HAN,DAD,Domestic,VJ,,,,,,,,,,,,
,2026-07-16,____/VJ461,A524,A321,HAN-VCA,,06:45,,06:45,,06:39,06:40,06:50,,,EARLY,ONTIME,ONTIME,,,,,,,,,05:55,06:36,,,HAN,HAN,VCA,Domestic,VJ,,,,,,,,,,,,
,2026-07-16,____/VJ1771,A546,A321,HAN-CXR,,07:00,,07:00,,06:59,07:00,07:15,,,ONTIME,ONTIME,ONTIME,,,,,,,,,06:10,06:56,,,HAN,HAN,CXR,Domestic,VJ,,,,,,,,,,,,
,2026-07-16,____/VJ125,A672,A320,HAN-SGN,,07:00,,07:00,,06:59,07:00,07:08,,,ONTIME,ONTIME,ONTIME,,,,,,,,,06:15,06:57,,,HAN,HAN,SGN,Domestic,VJ,,,,,,,,,,,,
,2026-07-16,____/VJ421,A635,A321,HAN-PXU,,07:10,,07:10,,07:04,07:05,07:25,,,EARLY,ONTIME,ONTIME,,,,,,,,,06:20,07:01,,,HAN,HAN,PXU,Domestic,VJ,,,,,,,,,,,,
,2026-07-16,____/VJ535,A534,A321,HAN-DAD,,07:25,,07:25,,07:24,07:25,07:36,,,ONTIME,ONTIME,ONTIME,,,,,,,,,06:35,07:20,,LATE TAKEOFF DUE TO ATC,HAN,HAN,DAD,Domestic,VJ,,,,,,,,,,,,
,2026-07-16,____/VJ503,A551,A321,HAN-DAD,,07:30,,07:30,,07:29,07:30,07:40,,,ONTIME,ONTIME,ONTIME,,,,,,,,,06:50,07:25,,LATE TAKEOFF DUE TO ATC,HAN,HAN,DAD,Domestic,VJ,,,,,,,,,,,,
,2026-07-16,____/VJ930,A674,A321,HAN-KIX,,07:55,,07:55,,07:54,07:55,08:05,,,ONTIME,ONTIME,ONTIME,,,,,,,,,07:05,07:51,,,HAN,HAN,KIX,International,VJ,,,,,,,,,,,,
,2026-07-16,____/VJ127,A648,A321,HAN-SGN,,08:10,,08:10,,08:09,08:10,08:35,,,ONTIME,ONTIME,DELAY,,,,,,,,,07:30,08:07,,LATE PB DUE TO ATC,HAN,HAN,SGN,Domestic,VJ,,,,,,,,,,,,
,2026-07-16,VJ120/VJ929,A697,A321,SGN-HAN-CGK,07:10,08:40,07:10,08:40,07:10,08:36,08:37,08:43,01:30,01:27,EARLY,ONTIME,ONTIME,ONTIME,,,,,,,,07:50,08:35,,,HAN,SGN,CGK,International,VJ,,,,,,,,,,,,
,2026-07-16,____/VJ447,A636,A321,HAN-PQC,,08:45,,08:45,,08:42,08:43,09:10,,,EARLY,ONTIME,DELAY,,,,,,,,,07:53,08:40,,,HAN,HAN,PQC,Domestic,VJ,,,,,,,,,,,,
,2026-07-16,VJ502/VJ435,A668,A320,DAD-HAN-UIH,07:20,08:50,07:20,08:50,07:35,08:48,08:50,09:05,01:30,01:15,ONTIME,ONTIME,ONTIME,ONTIME,,,,,,,,08:00,08:46,,,HAN,DAD,UIH,Domestic,VJ,,,,,,,,,,,,
,2026-07-16,VJ7621/VJ7621,A549,A321,BAX-HAN-CXR,10:45,09:00,08:30,09:00,08:07,08:32,08:33,09:15,00:30,00:26,EARLY,ONTIME,ONTIME,ONTIME,,,,,,,,,,X,LATE PB DUE TO ATC,HAN,BAX,CXR,Domestic,VJ,,,,,,,,,,,,
,2026-07-16,VJ910/VJ563,A202,A321,BOM-HAN-HUI,07:10,09:20,07:10,09:20,07:00,09:19,09:20,09:35,02:10,02:20,ONTIME,ONTIME,ONTIME,ONTIME,,,,,,,,08:35,09:18,,,HAN,BOM,HUI,Domestic,VJ,,,,,,,,,,,,
,2026-07-16,VJ124/VJ129,A815,A330,SGN-HAN-SGN,08:15,08:45,08:50,10:15,09:50,10:24,10:25,10:33,01:25,00:35,DELAY,ONTIME,DELAY,DELAY,,93,00:10,,,,,09:50,10:22,,,HAN,SGN,SGN,Domestic,VJ,,,,,,,,,,,,
,2026-07-16,____/VJ1773,A647,A321,HAN-CXR,,10:00,,10:00,,09:59,10:00,10:04,,,ONTIME,ONTIME,ONTIME,,,,,,,,,09:15,09:57,,,HAN,HAN,CXR,Domestic,VJ,,,,,,,,,,,,
,2026-07-16,VJ122/VJ915,A656,A320,SGN-HAN-SIN,09:05,09:35,09:05,10:05,09:35,10:14,10:15,10:30,01:00,00:40,DELAY,ONTIME,DELAY,DELAY,,66,00:10,,,,,09:50,10:12,,CREW OB 0950,HAN,SGN,SIN,International,VJ,,,,,,,,,,,,
,2026-07-16,VJ1124/VJ1433,A658,A320,SGN-HAN-UIH,09:40,10:10,09:40,10:10,10:00,10:22,10:23,10:25,00:30,00:23,DELAY,ONTIME,ONTIME,DELAY,,93,00:13,,,,,10:00,10:20,,,HAN,SGN,UIH,Domestic,VJ,,,,,,,,,,,,
,2026-07-16,VJ126/VJ131,A655,A320,SGN-HAN-SGN,09:40,10:15,09:40,10:15,10:15,10:39,10:40,10:45,00:35,00:25,DELAY,DELAY,DELAY,DELAY,,93,00:25,,,,,10:10,10:37,,,HAN,SGN,SGN,Domestic,VJ,,,,,,,,,,,,
,2026-07-16,VJ430/VJ463,A666,A320,UIH-HAN-VCA,09:50,10:20,09:50,10:20,10:00,10:24,10:25,10:35,00:30,00:25,DELAY,ONTIME,ONTIME,ONTIME,,93,00:05,,,,,10:00,10:22,,,HAN,UIH,VCA,Domestic,VJ,,,,,,,,,,,,
,2026-07-16,VJ532/VJ425,A539,A321,DAD-HAN-PXU,09:45,10:20,09:45,11:20,10:43,11:19,11:20,11:29,01:35,00:37,ONTIME,ONTIME,DELAY,DELAY,,,,,,,,10:38,11:16,,,HAN,DAD,PXU,Domestic,VJ,,,,,,,,,,,,
,2026-07-16,VJ963/VJ997,A547,A321,ICN-HAN-DPS,08:55,10:25,08:55,10:25,09:30,10:24,10:25,10:40,01:30,00:55,ONTIME,ONTIME,ONTIME,DELAY,,,,,,,,09:45,10:23,,,HAN,ICN,DPS,International,VJ,,,,,,,,,,,,
,2026-07-16,VJ492/VJ493,A550,A321,BMV-HAN-BMV,10:00,10:35,10:00,10:35,10:25,10:48,10:49,10:50,00:35,00:24,DELAY,ONTIME,ONTIME,DELAY,,93,00:14,,,,,10:20,10:47,,,HAN,BMV,BMV,Domestic,VJ,,,,,,,,,,,,
,2026-07-16,VJ128/VJ437,A672,A320,SGN-HAN-UIH,11:50,10:40,11:50,13:00,12:50,13:09,13:10,13:15,01:10,00:20,DELAY,ONTIME,DELAY,DELAY,,93,00:10,,,,,12:50,13:07,,,HAN,SGN,UIH,Domestic,VJ,,,,,,,,,,,,
,2026-07-16,VJ448/VJ565,A637,A321,PQC-HAN-HUI,10:15,10:50,10:15,11:30,10:55,11:25,11:27,11:33,01:15,00:32,EARLY,ONTIME,DELAY,DELAY,,,,,,,,10:50,11:23,,,HAN,PQC,HUI,Domestic,VJ,,,,,,,,,,,,
,2026-07-16,VJ981/VJ901,A542,A321,PUS-HAN-BKK,10:40,11:10,10:40,11:10,10:25,11:09,11:10,11:15,00:30,00:45,ONTIME,ONTIME,ONTIME,ONTIME,,,,,,,,10:40,11:06,,,HAN,PUS,BKK,International,VJ,,,,,,,,,,,,
,2026-07-16,VJ536/VJ537,A534,A321,DAD-HAN-DAD,10:40,11:15,10:40,12:10,12:10,12:32,12:33,12:35,01:30,00:23,DELAY,DELAY,DELAY,DELAY,,93,00:23,,,,,12:10,12:30,,,HAN,DAD,DAD,Domestic,VJ,,,,,,,,,,,,
,2026-07-16,VJ524/VJ507,A553,A321,DAD-HAN-DAD,10:55,11:30,10:55,12:25,11:50,12:24,12:25,12:30,01:30,00:35,ONTIME,ONTIME,DELAY,DELAY,,,,,,,,11:45,12:22,,,HAN,DAD,DAD,Domestic,VJ,,,,,,,,,,,,
,2026-07-16,VJ130/VJ133,A644,A321,SGN-HAN-SGN,11:00,11:35,11:00,12:45,12:25,13:04,13:05,13:10,01:45,00:40,DELAY,DELAY,DELAY,DELAY,,93,00:10,66,00:10,,,12:25,13:02,,,HAN,SGN,SGN,Domestic,VJ,,,,,,,,,,,,
,2026-07-16,VJ504/VJ135,A811,A330,DAD-HAN-SGN,10:45,11:45,10:45,12:45,11:35,12:49,12:50,12:55,02:00,01:15,DELAY,ONTIME,DELAY,DELAY,,,,15A,00:05,,,12:00,12:48,,OFFLOAD 3 PAX 1 BAG,HAN,DAD,SGN,Domestic,VJ,,,,,,,,,,,,
,2026-07-16,VJ959/VJ451,A522,A321,FUK-HAN-PQC,11:25,11:45,11:25,11:45,11:05,11:40,11:42,11:50,00:20,00:37,EARLY,ONTIME,ONTIME,ONTIME,,,,,,,,11:15,11:38,,,HAN,FUK,PQC,Domestic,VJ,,,,,,,,,,,,
,2026-07-16,VJ134/VJ1453,A648,A321,SGN-HAN-PQC,13:30,11:50,13:55,14:40,14:20,14:47,14:48,14:52,00:45,00:28,DELAY,ONTIME,DELAY,DELAY,,93,00:08,,,,,14:20,14:45,,,HAN,SGN,PQC,Domestic,VJ,,,,,,,,,,,,
,2026-07-16,VJ462/VJ515,A524,A321,VCA-HAN-DAD,11:40,12:15,11:40,12:15,12:20,12:49,12:50,13:00,00:35,00:30,DELAY,DELAY,DELAY,DELAY,,93,00:35,,,,,12:20,12:47,,,HAN,VCA,DAD,Domestic,VJ,,,,,,,,,,,,
,2026-07-16,VJ7705/VJ7705,A516,A321,VVO-HAN-CXR,12:20,09:40,12:20,12:50,12:50,13:07,13:08,13:18,00:30,00:18,DELAY,DELAY,DELAY,DELAY,,93,00:18,,,,,,,X,,HAN,VVO,CXR,Domestic,VJ,,,,,,,,,,,,
,2026-07-16,VJ422/VJ453,A635,A321,PXU-HAN-PQC,10:50,13:00,10:50,13:00,11:15,12:57,12:58,13:05,02:10,01:43,EARLY,ONTIME,ONTIME,DELAY,,,,,,,,12:15,12:55,,,HAN,PXU,PQC,Domestic,VJ,,,,,,,,,,,,
,2026-07-16,VJ432/VJ509,A668,A320,UIH-HAN-DAD,12:35,13:05,12:35,13:50,13:20,13:49,13:50,13:55,01:15,00:30,ONTIME,ONTIME,DELAY,DELAY,,,,,,,,13:20,13:47,,,HAN,UIH,DAD,Domestic,VJ,,,,,,,,,,,,
,2026-07-16,VJ1776/VJ787,A649,A321,CXR-HAN-CXR,10:10,13:10,10:10,13:10,11:52,13:09,13:10,13:12,03:00,01:18,ONTIME,ONTIME,ONTIME,DELAY,,,,,,,,11:50,13:07,,,HAN,CXR,CXR,Domestic,VJ,,,,,,,,,,,,
,2026-07-16,VJ939/VJ948,A500,A321,KIX-HAN-RMQ,12:20,13:30,12:20,13:30,12:25,13:29,13:30,13:33,01:10,01:05,ONTIME,ONTIME,ONTIME,ONTIME,,,,,,,,12:50,13:26,,,HAN,KIX,RMQ,International,VJ,,,,,,,,,,,,
,2026-07-16,VJ770/VJ7316,A662,A320,CXR-HAN-ENH,10:10,14:00,10:10,14:00,12:20,13:52,13:53,13:56,03:50,01:33,EARLY,ONTIME,ONTIME,DELAY,,,,,,,,13:10,13:50,,,HAN,CXR,ENH,International,VJ,,,,,,,,,,,,
,2026-07-16,VJ933/VJ433,A554,A321,NRT-HAN-UIH,13:05,14:05,13:05,14:05,13:05,13:56,13:57,14:08,01:00,00:52,EARLY,ONTIME,ONTIME,ONTIME,,,,,,,,13:15,13:54,,,HAN,NRT,UIH,Domestic,VJ,,,,,,,,,,,,
,2026-07-16,VJ564/VJ441,A202,A321,HUI-HAN-PQC,12:20,14:05,12:20,14:05,13:30,14:04,14:05,14:15,01:45,00:35,ONTIME,ONTIME,ONTIME,DELAY,,,,,,,,13:25,14:02,,,HAN,HUI,PQC,Domestic,VJ,,,,,,,,,,,,
,2026-07-16,VJ1772/VJ525,A546,A321,CXR-HAN-DAD,11:15,14:05,11:15,14:05,12:40,14:00,14:02,14:07,02:50,01:22,EARLY,ONTIME,ONTIME,DELAY,,,,,,,,13:20,13:58,,,HAN,CXR,DAD,Domestic,VJ,,,,,,,,,,,,
,2026-07-16,VJ440/VJ143,A636,A321,PQC-HAN-SGN,13:30,14:05,13:30,15:00,14:15,14:54,14:55,15:02,01:30,00:40,EARLY,ONTIME,DELAY,DELAY,,,,,,,,14:25,14:52,,,HAN,PQC,SGN,Domestic,VJ,,,,,,,,,,,,
,2026-07-16,VJ7661/VJ7661,A575,A321,KHV-HAN-DAD,13:45,14:15,13:45,14:15,14:40,14:59,15:00,15:05,00:30,00:20,DELAY,DELAY,DELAY,DELAY,,93,00:45,,,,,,,X,,HAN,KHV,DAD,Domestic,VJ,,,,,,,,,,,,
,2026-07-16,VJ921/VJ942,A200,A321,NGO-HAN-TPE,12:50,14:25,12:50,14:25,13:15,14:24,14:25,14:27,01:35,01:10,ONTIME,ONTIME,ONTIME,DELAY,,,,,,,,13:45,14:22,,,HAN,NGO,TPE,International,VJ,,,,,,,,,,,,
,2026-07-16,VJ1434/VJ1125,A658,A320,UIH-HAN-SGN,14:00,14:30,14:00,14:30,14:15,14:39,14:40,14:45,00:30,00:25,DELAY,ONTIME,ONTIME,ONTIME,,93,00:10,,,,,14:15,14:37,,,HAN,UIH,SGN,Domestic,VJ,,,,,,,,,,,,
,2026-07-16,VJ566/VJ467,A637,A321,HUI-HAN-VCA,13:50,14:30,13:50,15:20,14:55,15:17,15:18,15:21,01:30,00:23,EARLY,ONTIME,DELAY,DELAY,,,,,,,,14:50,15:15,,,HAN,HUI,VCA,Domestic,VJ,,,,,,,,,,,,
,2026-07-16,VJ961/VJ946,A543,A321,ICN-HAN-KHH,13:35,14:35,13:35,14:35,13:55,14:34,14:35,14:45,01:00,00:40,ONTIME,ONTIME,ONTIME,DELAY,,,,,,,,14:15,14:37,,,HAN,ICN,KHH,International,VJ,,,,,,,,,,,,
,2026-07-16,VJ136/VJ145,A676,A320,SGN-HAN-SGN,14:10,14:40,14:10,15:30,14:55,15:29,15:30,15:40,01:20,00:35,ONTIME,ONTIME,DELAY,DELAY,,,,,,,,14:50,15:27,,,HAN,SGN,SGN,Domestic,VJ,,,,,,,,,,,,
,2026-07-16,VJ1504/VJ1505,A525,A321,DAD-HAN-DAD,14:10,14:45,15:30,16:50,16:27,16:56,16:57,17:04,01:20,00:30,DELAY,ONTIME,DELAY,DELAY,,93,00:07,,,,,16:27,16:54,,,HAN,DAD,DAD,Domestic,VJ,,,,,,,,,,,,
,2026-07-16,VJ1981/VJ423,A663,A320,FSZ-HAN-PXU,14:00,15:05,14:00,15:05,13:40,15:04,15:05,15:08,01:05,01:25,ONTIME,ONTIME,ONTIME,ONTIME,,,,,,,,14:30,15:02,,,HAN,FSZ,PXU,Domestic,VJ,,,,,,,,,,,,
,2026-07-16,VJ1774/VJ419,A647,A321,CXR-HAN-TBB,14:20,15:10,14:20,15:10,14:40,15:14,15:15,15:20,00:50,00:35,DELAY,ONTIME,ONTIME,DELAY,,,,66,00:05,,,14:40,15:12,,CREW OB 1456L,HAN,CXR,TBB,Domestic,VJ,,,,,,,,,,,,
,2026-07-16,VJ434/VJ511,A554,A321,UIH-HAN-DAD,17:55,15:25,17:15,18:40,18:05,18:34,18:35,18:44,01:25,00:30,EARLY,ONTIME,DELAY,ONTIME,,,,,,,,17:55,18:32,,,HAN,UIH,DAD,Domestic,VJ,,,,,,,,,,,,
,2026-07-16,VJ494/VJ439,A550,A321,BMV-HAN-UIH,14:30,15:40,14:30,15:40,15:35,16:03,16:05,16:10,01:10,00:30,DELAY,DELAY,DELAY,DELAY,,93,00:25,,,,,15:35,16:01,,,HAN,BMV,UIH,Domestic,VJ,,,,,,,,,,,,
,2026-07-16,VJ138/VJ147,A650,A320,SGN-HAN-SGN,15:15,15:45,15:15,15:45,15:25,15:54,15:55,16:00,00:30,00:30,DELAY,ONTIME,ONTIME,ONTIME,,93,00:05,15A,00:05,,,15:25,15:52,,OFFLOAD 5 PAX 1 BAG,HAN,SGN,SGN,Domestic,VJ,,,,,,,,,,,,
,2026-07-16,VJ510/VJ903,A553,A321,DAD-HAN-BKK,14:50,15:45,15:40,17:30,16:30,17:34,17:35,17:47,01:50,01:05,DELAY,ONTIME,DELAY,DELAY,,99,00:05,,,,,16:40,17:42,,LATE ACPT 10PAX + 08BAG,HAN,DAD,BKK,International,VJ,,,,,,,,,,,,
,2026-07-16,VJ508/VJ567,A524,A321,DAD-HAN-HUI,15:25,16:00,15:25,17:25,16:40,17:23,17:24,17:27,02:00,00:44,EARLY,ONTIME,DELAY,DELAY,,,,,,,,16:45,17:21,,,HAN,DAD,HUI,Domestic,VJ,,,,,,,,,,,,
,2026-07-16,VJ426/VJ773,A539,A321,PXU-HAN-CXR,14:05,16:00,14:05,16:00,15:15,15:59,16:00,16:05,01:55,00:45,ONTIME,ONTIME,ONTIME,DELAY,,,,,,,,15:15,15:57,,,HAN,PXU,CXR,Domestic,VJ,,,,,,,,,,,,
,2026-07-16,VJ538/VJ539,A534,A321,DAD-HAN-DAD,14:30,16:20,15:30,17:00,16:25,17:04,17:05,17:10,01:30,00:40,DELAY,ONTIME,DELAY,DELAY,,15A,00:05,,,,,16:25,17:03,,OFLD 04PAX + 02BAG,HAN,DAD,DAD,Domestic,VJ,,,,,,,,,,,,
,2026-07-16,VJ464/VJ913,A666,A320,VCA-HAN-SAI,15:10,16:20,15:10,16:20,15:50,16:24,16:25,16:33,01:10,00:35,DELAY,ONTIME,ONTIME,DELAY,,66,00:05,,,,,16:05,16:22,,CREW HN OB 1605LT,HAN,VCA,SAI,International,VJ,,,,,,,,,,,,
,2026-07-16,VJ140/VJ151,A643,A321,SGN-HAN-SGN,16:20,16:55,16:20,16:55,16:55,17:24,17:25,17:33,00:35,00:30,DELAY,DELAY,DELAY,DELAY,,93,00:30,,,,,16:55,17:22,,,HAN,SGN,SGN,Domestic,VJ,,,,,,,,,,,,
,2026-07-16,VJ902/VJ465,A649,A321,BKK-HAN-VCA,15:50,17:00,15:50,17:00,16:35,17:04,17:05,17:08,01:10,00:30,DELAY,ONTIME,ONTIME,DELAY,,93,00:05,,,,,16:30,17:02,,,HAN,BKK,VCA,Domestic,VJ,,,,,,,,,,,,
,2026-07-16,VJ530/VJ457,A668,A320,DAD-HAN-PQC,16:15,17:10,16:15,18:10,17:10,18:01,18:02,18:10,01:55,00:52,EARLY,ONTIME,DELAY,DELAY,,,,,,,,17:25,17:58,,,HAN,DAD,PQC,Domestic,VJ,,,,,,,,,,,,
,2026-07-16,VJ454/VJ495,A522,A321,PQC-HAN-BMV,16:45,17:30,16:45,17:30,17:05,17:29,17:30,17:43,00:45,00:25,ONTIME,ONTIME,ONTIME,DELAY,,,,,,,,17:00,17:27,,,HAN,PQC,BMV,Domestic,VJ,,,,,,,,,,,,
,2026-07-16,VJ528/VJ141,A546,A321,DAD-HAN-SGN,17:25,17:35,17:25,18:10,17:45,18:24,18:25,19:05,00:45,00:40,DELAY,ONTIME,DELAY,DELAY,,93,00:05,66,00:05,15A,00:05,17:52,18:22,,CREW OB 1753 - OFLD 5PAX + 2BAG / LATE PUSH BACK DUE TO CTOT 1917,HAN,DAD,SGN,Domestic,VJ,,,,,,,,,,,,
,2026-07-16,VJ530/VJ1431,A668,A320,DAD-HAN-UIH,16:15,17:40,16:15,17:40,17:30,17:54,17:55,18:05,01:25,00:25,DELAY,ONTIME,DELAY,DELAY,,93,00:15,,,,,17:30,17:52,,,HAN,DAD,UIH,Domestic,VJ,,,,,,,,,,,,
,2026-07-16,VJ774/VJ517,A649,A321,CXR-HAN-DAD,17:20,17:55,17:20,17:55,17:50,18:19,18:20,18:25,00:35,00:30,DELAY,DELAY,DELAY,DELAY,,93,00:25,,,,,17:45,18:18,,,HAN,CXR,DAD,Domestic,VJ,,,,,,,,,,,,
,2026-07-16,VJ456/VJ781,A635,A321,PQC-HAN-CXR,17:45,18:20,17:45,18:20,17:55,18:19,18:20,18:30,00:35,00:25,ONTIME,ONTIME,ONTIME,ONTIME,,,,,,,,17:45,18:16,,,HAN,PQC,CXR,Domestic,VJ,,,,,,,,,,,,
,2026-07-16,VJ1454/VJ789,A648,A321,PQC-HAN-CXR,16:35,18:45,16:35,20:15,19:48,20:14,20:15,20:21,03:40,00:27,ONTIME,ONTIME,DELAY,DELAY,,,,,,,,19:40,20:12,,,HAN,PQC,CXR,Domestic,VJ,,,,,,,,,,,,
,2026-07-16,VJ148/VJ155,A632,A321,SGN-HAN-SGN,18:25,18:55,18:25,18:55,19:20,19:59,20:00,20:18,00:30,00:40,DELAY,DELAY,DELAY,DELAY,,93,00:55,99,00:10,,,19:20,19:45,,OFF CARGO DUE TO A/C LIMITS UPDATE 1942LT INOP CP31+32 /LATE PUSH BACK DUE TO ATC,HAN,SGN,SGN,Domestic,VJ,,,,,,,,,,,,
,2026-07-16,VJ512/VJ521,A575,A321,DAD-HAN-DAD,18:40,19:15,18:40,19:15,19:25,19:54,19:55,20:00,00:35,00:30,DELAY,DELAY,DELAY,DELAY,,93,00:40,,,,,19:22,19:52,,,HAN,DAD,DAD,Domestic,VJ,,,,,,,,,,,,
,2026-07-16,VJ144/VJ561,A580,A321,SGN-HAN-HUI,18:05,19:15,18:05,20:40,18:44,20:36,20:37,20:45,02:35,01:53,EARLY,ONTIME,DELAY,DELAY,,,,,,,,19:40,20:33,,,HAN,SGN,HUI,Domestic,VJ,,,,,,,,,,,,
,2026-07-16,VJ146/VJ519,A636,A321,SGN-HAN-DAD,19:00,19:35,19:00,21:15,20:40,21:07,21:09,21:14,02:15,00:29,EARLY,ONTIME,DELAY,DELAY,,,,,,,,20:35,21:05,,,HAN,SGN,DAD,Domestic,VJ,,,,,,,,,,,,
,2026-07-16,VJ540/VJ1127,A534,A321,DAD-HAN-SGN,19:35,19:40,19:35,21:30,21:15,22:11,22:12,22:15,01:55,00:57,DELAY,DELAY,DELAY,DELAY,,93,00:15,63A,00:27,,,21:40,22:09,,CREW OB 2145,HAN,DAD,SGN,Domestic,VJ,,,,,,,,,,,,
,2026-07-16,VJ928/VJ1925,A697,A321,CGK-HAN-AMD,18:15,19:45,18:15,19:45,18:31,19:44,19:45,20:00,01:30,01:14,ONTIME,ONTIME,ONTIME,DELAY,,,,,,,,19:00,19:40,,LATE PUSHBACK DUE TO ATC,HAN,CGK,AMD,International,VJ,,,,,,,,,,,,
,2026-07-16,VJ420/VJ523,A647,A321,TBB-HAN-DAD,19:15,19:50,19:15,19:50,19:25,19:54,19:55,20:00,00:35,00:30,DELAY,ONTIME,ONTIME,ONTIME,,93,00:05,,,,,19:15,19:52,,,HAN,TBB,DAD,Domestic,VJ,,,,,,,,,,,,
,2026-07-16,VJ916/VJ7712,A656,A320,SIN-HAN-PKX,17:25,19:55,17:25,19:55,18:18,19:54,19:55,20:05,02:30,01:37,ONTIME,ONTIME,ONTIME,DELAY,,,,,,,,19:15,19:51,,,HAN,SIN,PKX,International,VJ,,,,,,,,,,,,
,2026-07-16,VJ438/VJ1785,A550,A321,UIH-HAN-CXR,19:25,20:00,19:25,20:35,20:10,20:33,20:34,20:38,01:10,00:24,EARLY,ONTIME,DELAY,DELAY,,,,,,,,20:00,20:30,,,HAN,UIH,CXR,Domestic,VJ,,,,,,,,,,,,
,2026-07-16,VJ442/VJ971,A202,A321,PQC-HAN-DEL,19:05,19:40,19:05,20:55,19:25,20:46,20:47,20:57,01:50,01:22,EARLY,ONTIME,DELAY,DELAY,,,,,,,,20:00,20:40,,,HAN,PQC,DEL,International,VJ,,,,,,,,,,,,
,2026-07-16,VJ931/VJ159,A674,A321,KIX-HAN-SGN,18:30,20:10,18:30,21:00,18:50,21:09,21:10,21:20,02:30,02:20,DELAY,ONTIME,DELAY,DELAY,,15,00:10,,,,,20:23,21:07,,LONG BOARDING,HAN,KIX,SGN,Domestic,VJ,,,,,,,,,,,,
,2026-07-16,VJ568/VJ783,A524,A321,HUI-HAN-CXR,19:00,20:25,19:00,21:15,20:40,21:09,21:10,21:14,02:15,00:30,EARLY,ONTIME,DELAY,DELAY,,,,,,,,20:30,21:05,,,HAN,HUI,CXR,Domestic,VJ,,,,,,,,,,,,
,2026-07-16,VJ7317/VJ7238,A662,A320,ENH-HAN-PVG,19:25,21:15,19:25,21:15,19:15,21:14,21:15,21:18,01:50,02:00,ONTIME,ONTIME,ONTIME,ONTIME,,,,,,,,20:25,21:10,,,HAN,ENH,PVG,International,VJ,,,,,,,,,,,,
,2026-07-16,VJ142/VJ527,A815,A330,SGN-HAN-DAD,17:05,21:25,17:05,21:25,17:35,21:29,21:30,21:35,04:20,03:55,DELAY,ONTIME,ONTIME,DELAY,,99,00:05,,,,,20:45,21:20,,SUPPORT PAX,HAN,SGN,DAD,Domestic,VJ,,,,,,,,,,,,
,2026-07-16,VJ154/VJ163,A532,A321,SGN-HAN-SGN,20:55,21:30,20:55,21:30,21:40,22:09,22:10,22:14,00:35,00:30,DELAY,DELAY,DELAY,DELAY,,93,00:40,,,,,21:30,22:06,,,HAN,SGN,SGN,Domestic,VJ,,,,,,,,,,,,
,2026-07-16,VJ468/VJ7526,A637,A321,VCA-HAN-CAN,19:50,22:30,19:50,22:30,20:50,22:29,22:30,22:37,02:40,01:40,ONTIME,ONTIME,ONTIME,DELAY,,,,,,,,21:45,22:26,,,HAN,VCA,CAN,International,VJ,,,,,,,,,,,,
,2026-07-16,VJ520/VJ167,A649,A321,DAD-HAN-SGN,21:20,22:45,21:20,22:45,21:50,22:49,22:50,22:53,01:25,01:00,DELAY,ONTIME,ONTIME,DELAY,,95,00:05,,,,,22:25,22:47,,CREW VJ466 OB 2229,HAN,DAD,SGN,Domestic,VJ,,,,,,,,,,,,
,2026-07-16,VJ1432/VJ529,A668,A320,UIH-HAN-DAD,21:25,22:50,21:25,22:50,22:05,22:39,22:40,22:50,01:25,00:35,EARLY,ONTIME,ONTIME,DELAY,,,,,,,,22:05,22:45,,,HAN,UIH,DAD,Domestic,VJ,,,,,,,,,,,,
,2026-07-16,VJ947/VJ962,A543,A321,KHH-HAN-ICN,20:35,23:15,20:35,23:15,20:33,23:14,23:15,23:24,02:40,02:42,ONTIME,ONTIME,ONTIME,ONTIME,,,,,,,,22:25,23:12,,,HAN,KHH,ICN,International,VJ,,,,,,,,,,,,
,2026-07-16,VJ160/VJ169,A544,A321,SGN-HAN-SGN,22:40,23:25,22:40,23:25,23:20,23:49,23:50,23:52,00:45,00:30,DELAY,DELAY,DELAY,DELAY,,93,00:25,,,,,23:20,23:47,,,HAN,SGN,SGN,Domestic,VJ,,,,,,,,,,,,
,2026-07-17,____/VJ932,A554,A321,HAN-NRT,,00:30,,00:30,,00:26,00:27,00:32,,,EARLY,ONTIME,ONTIME,,,,,,,,,23:45,00:24,,,HAN,HAN,NRT,International,VJ,,,,,,,,,,,,
,2026-07-17,____/VJ982,A542,A321,VCA-HAN-PUS,,01:05,,01:05,,00:54,00:55,00:56,,,EARLY,ONTIME,ONTIME,,,,,,,,,00:05,00:50,,,HAN,VCA,PUS,International,VJ,,,,,,,,,,,,
,2026-07-17,VJ7614/VJ7614,A516,A321,CXR-HAN-BQS,00:40,01:15,00:40,01:15,01:05,01:33,01:34,01:40,00:35,00:29,DELAY,DELAY,DELAY,DELAY,,93,00:19,,,,,,,X,TECHSTOP,HAN,CXR,BQS,International,VJ,,,,,,,,,,,,
,2026-07-17,____/VJ938,A500,A321,RMQ-HAN-KIX,,01:20,,01:20,,01:15,01:16,01:18,,,EARLY,ONTIME,ONTIME,,,,,,,,,00:35,01:10,,,HAN,RMQ,KIX,International,VJ,,,,,,,,,,,,
,2026-07-17,____/VJ960,A580,A321,HAN-ICN,,01:40,,01:40,,01:33,01:34,01:36,,,EARLY,ONTIME,ONTIME,,,,,,,,,00:50,01:31,,,HAN,HAN,ICN,International,VJ,,,,,,,,,,,,
,2026-07-17,____/VJ920,A547,A321,DPS-HAN-NGO,,01:40,,01:40,,01:18,01:20,01:33,,,EARLY,ONTIME,ONTIME,,,,,,,,,00:45,01:15,,,HAN,DPS,NGO,International,VJ,,,,,,,,,,,,
,2026-07-17,____/VJ958,A200,A321,TPE-HAN-FUK,,02:05,,02:05,,01:57,01:58,02:00,,,EARLY,ONTIME,ONTIME,,,,,,,,,01:05,01:55,,,HAN,TPE,FUK,International,VJ,,,,,,,,,,,,
,2026-07-17,____/VJ121,A633,A321,HAN-SGN,,06:00,,06:00,,05:54,05:55,06:00,,,EARLY,ONTIME,ONTIME,,,,,,,,,05:10,05:52,,,HAN,HAN,SGN,Domestic,VJ,,,,,,,,,,,,
,2026-07-17,____/VJ123,A663,A320,HAN-SGN,,06:00,,06:00,,05:54,05:55,05:58,,,EARLY,ONTIME,ONTIME,,,,,,,,,05:10,05:50,,,HAN,HAN,SGN,Domestic,VJ,,,,,,,,,,,,
,2026-07-17,____/VJ771,A666,A320,HAN-CXR,,06:00,,06:00,,05:54,05:55,06:00,,,EARLY,ONTIME,ONTIME,,,,,,,,,05:10,05:51,,,HAN,HAN,CXR,Domestic,VJ,,,,,,,,,,,,
,2026-07-17,____/VJ491,A647,A321,HAN-BMV,,06:00,,06:00,,05:54,05:55,06:05,,,EARLY,ONTIME,ONTIME,,,,,,,,,05:10,05:50,,,HAN,HAN,BMV,Domestic,VJ,,,,,,,,,,,,
,2026-07-17,____/VJ1775,A672,A320,HAN-CXR,,06:00,,06:00,,05:54,05:55,06:05,,,EARLY,ONTIME,ONTIME,,,,,,,,,05:10,05:54,,,HAN,HAN,CXR,Domestic,VJ,,,,,,,,,,,,
,2026-07-17,____/VJ431,A676,A320,HAN-UIH,,06:05,,06:05,,05:59,06:00,06:10,,,EARLY,ONTIME,ONTIME,,,,,,,,,05:15,05:55,,,HAN,HAN,UIH,Domestic,VJ,,,,,,,,,,,,
,2026-07-17,____/VJ531,A524,A321,HAN-DAD,,06:30,,06:30,,06:24,06:25,06:32,,,EARLY,ONTIME,ONTIME,,,,,,,,,05:40,06:22,,,HAN,HAN,DAD,Domestic,VJ,,,,,,,,,,,,
,2026-07-17,____/VJ449,A550,A321,HAN-PQC,,06:30,,06:30,,06:24,06:25,06:35,,,EARLY,ONTIME,ONTIME,,,,,,,,,05:45,06:21,,,HAN,HAN,PQC,Domestic,VJ,,,,,,,,,,,,
,2026-07-17,VJ7713/VJ461,A656,A320,PKX-HAN-VCA,03:55,06:45,03:55,06:45,03:50,06:49,06:50,06:59,02:50,03:00,DELAY,ONTIME,ONTIME,ONTIME,,15A,00:05,,,,,06:00,06:43,,OFF 07 PAX 04 BAGS,HAN,PKX,VCA,Domestic,VJ,,,,,,,,,,,,
,2026-07-17,____/VJ1771,A637,A321,HAN-CXR,,07:00,,07:00,,06:59,07:00,07:15,,,ONTIME,ONTIME,ONTIME,,,,,,,,,06:15,06:56,,,HAN,HAN,CXR,Domestic,VJ,,,,,,,,,,,,
,2026-07-17,____/VJ421,A662,A320,HAN-PXU,,07:10,,07:10,,07:04,07:05,07:10,,,EARLY,ONTIME,ONTIME,,,,,,,,,06:20,07:03,,,HAN,HAN,PXU,Domestic,VJ,,,,,,,,,,,,
,2026-07-17,VJ972/VJ125,A202,A321,DEL-HAN-SGN,05:40,07:15,06:35,07:15,06:50,07:19,07:20,07:40,00:40,00:30,DELAY,ONTIME,DELAY,DELAY,,93,00:05,,,,,06:50,07:17,,LATE PUSHBACK DUE TO ATC,HAN,DEL,SGN,Domestic,VJ,,,,,,,,,,,,
,2026-07-17,____/VJ197,A657,A321,HAN-SGN,,07:20,,07:20,,07:19,07:20,07:28,,,ONTIME,ONTIME,ONTIME,,,,,,,,,06:45,07:16,,,HAN,HAN,SGN,Domestic,VJ,,,,,,,,,,,,
,2026-07-17,____/VJ535,A203,A321,HAN-DAD,,07:25,,07:25,,07:29,07:30,07:40,,,DELAY,ONTIME,ONTIME,,,99,00:05,,,,,06:35,07:34,,"LATE ACCPEPT 22PAX,09BAG",HAN,HAN,DAD,Domestic,VJ,,,,,,,,,,,,
,2026-07-17,____/VJ905,A648,A321,HAN-KUL,,07:25,,07:25,,07:24,07:25,07:35,,,ONTIME,ONTIME,ONTIME,,,,,,,,,06:40,07:22,,,HAN,HAN,KUL,International,VJ,,,,,,,,,,,,
,2026-07-17,____/VJ503,A522,A321,HAN-DAD,,07:30,,07:30,,07:24,07:25,07:35,,,EARLY,ONTIME,ONTIME,,,,,,,,,06:45,07:21,,,HAN,HAN,DAD,Domestic,VJ,,,,,,,,,,,,
,2026-07-17,____/VJ934,A697,A321,HAN-NRT,,07:55,,07:55,,07:48,07:50,07:52,,,EARLY,ONTIME,ONTIME,,,,,,,,,07:10,07:46,,,HAN,HAN,NRT,International,VJ,,,,,,,,,,,,
,2026-07-17,VJ120/VJ127,A544,A321,SGN-HAN-SGN,07:10,08:10,07:10,08:10,07:15,08:04,08:05,08:12,01:00,00:50,EARLY,ONTIME,ONTIME,ONTIME,,,,,,,,07:20,08:00,,,HAN,SGN,SGN,Domestic,VJ,,,,,,,,,,,,
,2026-07-17,VJ1780/VJ1779,A525,A321,CXR-HAN-CXR,07:50,08:20,07:50,08:20,08:02,08:29,08:30,08:35,00:30,00:28,DELAY,ONTIME,ONTIME,ONTIME,,93,00:10,,,,,07:55,08:27,,,HAN,CXR,CXR,Domestic,VJ,,,,,,,,,,,,
,2026-07-17,____/VJ929,A553,A321,HAN-CGK,,08:40,,08:40,,08:38,08:39,08:40,,,EARLY,ONTIME,ONTIME,,,,,,,,,07:56,08:36,,,HAN,HAN,CGK,International,VJ,,,,,,,,,,,,
,2026-07-17,VJ124/VJ129,A632,A321,SGN-HAN-SGN,08:15,08:45,08:15,08:45,08:15,08:44,08:45,08:51,00:30,00:30,ONTIME,ONTIME,ONTIME,ONTIME,,,,,,,,08:15,08:42,,,HAN,SGN,SGN,Domestic,VJ,,,,,,,,,,,,
,2026-07-17,VJ502/VJ447,A630,A321,DAD-HAN-PQC,07:00,08:45,07:00,08:45,07:05,08:44,08:45,08:55,01:45,01:40,ONTIME,ONTIME,ONTIME,ONTIME,,,,,,,,08:00,08:42,,,HAN,DAD,PQC,Domestic,VJ,,,,,,,,,,,,
,2026-07-17,____/VJ435,A669,A320,HAN-UIH,,08:50,,08:50,,08:49,08:50,09:02,,,ONTIME,ONTIME,ONTIME,,,,,,,,,08:10,08:45,,,HAN,HAN,UIH,Domestic,VJ,,,,,,,,,,,,
,2026-07-17,____/VJ563,A534,A321,HAN-HUI,,09:20,,09:20,,09:14,09:15,09:27,,,EARLY,ONTIME,ONTIME,,,,,,,,,08:30,09:12,,,HAN,HAN,HUI,Domestic,VJ,,,,,,,,,,,,
,2026-07-17,VJ963/VJ1773,A543,A321,ICN-HAN-CXR,08:55,10:00,08:55,10:00,09:00,09:57,09:58,10:05,01:05,00:58,EARLY,ONTIME,ONTIME,ONTIME,,,,,,,,09:15,09:55,,,HAN,ICN,CXR,Domestic,VJ,,,,,,,,,,,,
,2026-07-17,VJ156/VJ135,A674,A321,SGN-HAN-SGN,09:00,10:10,09:00,10:10,09:20,10:06,10:07,10:25,01:10,00:47,EARLY,ONTIME,ONTIME,DELAY,,,,,,,,09:25,10:04,,,HAN,SGN,SGN,Domestic,VJ,,,,,,,,,,,,
,2026-07-17,VJ430/VJ463,A676,A320,UIH-HAN-VCA,09:50,10:20,09:50,10:20,10:10,10:33,10:34,10:35,00:30,00:24,DELAY,ONTIME,ONTIME,DELAY,,93,00:14,,,,,10:10,10:31,,,HAN,UIH,VCA,Domestic,VJ,,,,,,,,,,,,
,2026-07-17,____/VJ425,A539,A321,HAN-PXU,,10:20,,10:20,,10:16,10:17,10:31,,,EARLY,ONTIME,ONTIME,,,,,,,,,09:30,10:14,,,HAN,HAN,PXU,Domestic,VJ,,,,,,,,,,,,
,2026-07-17,VJ504/VJ997,A575,A321,DAD-HAN-DPS,08:20,10:25,08:20,10:25,08:20,10:24,10:25,10:35,02:05,02:05,ONTIME,ONTIME,ONTIME,ONTIME,,,,,,,,09:40,10:22,,,HAN,DAD,DPS,International,VJ,,,,,,,,,,,,
,2026-07-17,VJ1124/VJ437,A658,A320,SGN-HAN-UIH,09:40,10:25,09:40,10:25,09:50,10:24,10:25,10:40,00:45,00:35,ONTIME,ONTIME,ONTIME,ONTIME,,,,,,,,09:45,10:22,,,HAN,SGN,UIH,Domestic,VJ,,,,,,,,,,,,
,2026-07-17,VJ492/VJ493,A647,A321,BMV-HAN-BMV,10:00,10:30,10:00,11:00,10:30,10:58,10:59,11:00,01:00,00:29,EARLY,ONTIME,DELAY,DELAY,,,,,,,,10:22,10:56,,,HAN,BMV,BMV,Domestic,VJ,,,,,,,,,,,,
,2026-07-17,VJ126/VJ131,A820,A330,SGN-HAN-SGN,09:40,10:15,09:40,10:40,10:05,10:44,10:45,10:58,01:00,00:40,DELAY,ONTIME,DELAY,DELAY,,93,00:05,,,,,10:05,10:42,,,HAN,SGN,SGN,Domestic,VJ,,,,,,,,,,,,
,2026-07-17,VJ532/VJ537,A524,A321,DAD-HAN-DAD,09:45,11:05,09:45,11:05,10:05,11:04,11:05,11:16,01:20,01:00,ONTIME,ONTIME,ONTIME,DELAY,,,,,,,,10:20,11:03,,,HAN,DAD,DAD,Domestic,VJ,,,,,,,,,,,,
,2026-07-17,____/VJ901,A636,A321,HAN-BKK,,11:10,,11:10,,11:05,11:07,11:15,,,EARLY,ONTIME,ONTIME,,,,,,,,,10:20,11:13,,,HAN,HAN,BKK,International,VJ,,,,,,,,,,,,
,2026-07-17,VJ524/VJ507,A522,A321,DAD-HAN-DAD,10:40,11:10,10:40,11:10,10:55,11:23,11:24,11:25,00:30,00:29,DELAY,ONTIME,ONTIME,ONTIME,,93,00:14,,,,,10:45,11:22,,,HAN,DAD,DAD,Domestic,VJ,,,,,,,,,,,,
,2026-07-17,VJ130/VJ133,A633,A321,SGN-HAN-SGN,10:50,11:30,10:50,12:10,11:40,12:19,12:20,12:27,01:20,00:40,DELAY,ONTIME,DELAY,DELAY,,66,00:10,,,,,11:45,12:17,,,HAN,SGN,SGN,Domestic,VJ,,,,,,,,,,,,
,2026-07-17,VJ770/VJ565,A666,A320,CXR-HAN-HUI,10:10,11:30,10:10,11:30,10:25,11:26,11:27,11:35,01:20,01:02,EARLY,ONTIME,ONTIME,ONTIME,,,,,,,,10:35,11:25,,,HAN,CXR,HUI,Domestic,VJ,,,,,,,,,,,,
,2026-07-17,VJ422/VJ451,A662,A320,PXU-HAN-PQC,10:50,11:45,10:50,11:45,10:50,11:33,11:34,11:43,00:55,00:44,EARLY,ONTIME,ONTIME,ONTIME,,,,,,,,11:00,11:31,,,HAN,PXU,PQC,Domestic,VJ,,,,,,,,,,,,
,2026-07-17,VJ981/VJ775,A542,A321,PUS-HAN-CXR,10:40,11:45,10:40,11:45,10:13,11:54,11:55,12:00,01:05,01:42,DELAY,ONTIME,ONTIME,ONTIME,,61,00:10,,,,,11:15,11:50,,,HAN,PUS,CXR,Domestic,VJ,,,,,,,,,,,,
,2026-07-17,VJ450/VJ1453,A550,A321,PQC-HAN-PQC,11:15,11:50,11:15,12:20,11:50,12:39,12:40,12:45,01:05,00:50,DELAY,DELAY,DELAY,DELAY,,95,00:20,,,,,12:05,12:37,,WAIT FOR CREW FROM VJ536,HAN,PQC,PQC,Domestic,VJ,,,,,,,,,,,,
,2026-07-17,VJ462/VJ515,A656,A320,VCA-HAN-DAD,11:40,12:10,11:40,12:10,12:05,12:29,12:30,12:47,00:30,00:25,DELAY,DELAY,DELAY,DELAY,,93,00:20,,,,,12:05,12:27,,,HAN,VCA,DAD,Domestic,VJ,,,,,,,,,,,,
,2026-07-17,VJ1776/VJ137,A672,A320,CXR-HAN-SGN,10:10,12:20,10:10,12:20,10:39,12:19,12:20,12:29,02:10,01:41,ONTIME,ONTIME,ONTIME,DELAY,,,,,,,,11:30,12:17,,,HAN,CXR,SGN,Domestic,VJ,,,,,,,,,,,,
,2026-07-17,VJ432/VJ509,A669,A320,UIH-HAN-DAD,12:35,13:05,12:35,13:05,12:55,13:14,13:15,13:20,00:30,00:20,DELAY,ONTIME,ONTIME,DELAY,,93,00:10,,,,,12:50,13:12,,,HAN,UIH,DAD,Domestic,VJ,,,,,,,,,,,,
,2026-07-17,VJ1772/VJ787,A637,A321,CXR-HAN-CXR,11:15,13:10,11:15,13:10,12:05,13:05,13:06,13:12,01:55,01:01,EARLY,ONTIME,ONTIME,DELAY,,,,,,,,12:15,13:03,,,HAN,CXR,CXR,Domestic,VJ,,,,,,,,,,,,
,2026-07-17,VJ196/VJ433,A657,A321,SGN-HAN-UIH,12:40,13:20,12:40,13:20,13:05,13:29,13:30,13:35,00:40,00:25,DELAY,ONTIME,ONTIME,DELAY,,93,00:10,,,,,12:55,13:27,,,HAN,SGN,UIH,Domestic,VJ,,,,,,,,,,,,
,2026-07-17,VJ939/VJ948,A500,A321,KIX-HAN-RMQ,12:20,13:30,12:20,13:30,12:00,13:39,13:40,13:45,01:10,01:40,DELAY,ONTIME,ONTIME,ONTIME,,15A,00:10,,,,,12:45,13:37,,,HAN,KIX,RMQ,International,VJ,,,,,,,,,,,,
,2026-07-17,VJ959/VJ441,A200,A321,FUK-HAN-PQC,11:25,14:00,11:25,14:00,11:15,13:58,14:00,14:05,02:35,02:45,ONTIME,ONTIME,ONTIME,ONTIME,,,,,,,,13:15,13:56,,,HAN,FUK,PQC,Domestic,VJ,,,,,,,,,,,,
,2026-07-17,VJ564/VJ525,A534,A321,HUI-HAN-DAD,12:20,14:05,12:20,14:05,12:40,14:02,14:03,14:10,01:45,01:23,EARLY,ONTIME,ONTIME,DELAY,,,,,,,,13:20,14:00,,,HAN,HUI,DAD,Domestic,VJ,,,,,,,,,,,,
,2026-07-17,VJ134/VJ143,A639,A321,SGN-HAN-SGN,13:30,14:05,13:30,15:05,14:15,15:04,15:05,15:07,01:35,00:50,ONTIME,ONTIME,DELAY,DELAY,,,,,,,,14:15,15:02,,,HAN,SGN,SGN,Domestic,VJ,,,,,,,,,,,,
,2026-07-17,VJ7615/VJ7615,A516,A321,BQS-HAN-CXR,13:45,14:15,13:45,14:15,13:50,14:14,14:15,14:29,00:30,00:25,ONTIME,ONTIME,ONTIME,ONTIME,,,,,,,,,,X,,HAN,BQS,CXR,Domestic,VJ,,,,,,,,,,,,
,2026-07-17,VJ921/VJ942,A547,A321,NGO-HAN-TPE,12:50,14:25,12:50,14:25,12:20,14:29,14:30,14:37,01:35,02:10,DELAY,ONTIME,ONTIME,ONTIME,,99,00:05,,,,,13:30,14:28,,DL99 LATE ACCEPT 7PAX 9BAG,HAN,NGO,TPE,International,VJ,,,,,,,,,,,,
,2026-07-17,VJ128/VJ467,A202,A321,SGN-HAN-VCA,12:10,14:30,12:10,14:30,13:12,14:29,14:30,14:40,02:20,01:18,ONTIME,ONTIME,ONTIME,DELAY,,,,,,,,13:45,14:27,,,HAN,SGN,VCA,Domestic,VJ,,,,,,,,,,,,
,2026-07-17,VJ933/VJ946,A554,A321,NRT-HAN-KHH,13:05,14:35,13:05,14:35,13:15,14:31,14:32,14:37,01:30,01:17,EARLY,ONTIME,ONTIME,ONTIME,,,,,,,,13:50,14:28,,,HAN,NRT,KHH,International,VJ,,,,,,,,,,,,
,2026-07-17,VJ1504/VJ1505,A642,A321,DAD-HAN-DAD,14:05,14:40,14:05,15:50,15:30,15:59,16:00,16:05,01:45,00:30,DELAY,ONTIME,DELAY,DELAY,,93,00:10,,,,,15:20,15:57,,,HAN,DAD,DAD,Domestic,VJ,,,,,,,,,,,,
,2026-07-17,VJ436/VJ1125,A658,A320,UIH-HAN-SGN,14:10,14:40,14:10,14:40,14:35,14:59,15:00,15:04,00:30,00:25,DELAY,DELAY,DELAY,DELAY,,93,00:20,,,,,14:30,14:57,,,HAN,UIH,SGN,Domestic,VJ,,,,,,,,,,,,
,2026-07-17,VJ440/VJ511,A630,A321,PQC-HAN-DAD,13:30,15:05,13:30,15:05,13:50,15:00,15:02,15:05,01:35,01:12,EARLY,ONTIME,ONTIME,DELAY,,,,,,,,14:15,14:58,,,HAN,PQC,DAD,Domestic,VJ,,,,,,,,,,,,
,2026-07-17,VJ136/VJ423,A663,A320,SGN-HAN-PXU,14:10,15:05,14:10,15:05,14:45,15:18,15:19,15:20,00:55,00:34,DELAY,ONTIME,ONTIME,DELAY,,93,00:05,66,00:09,,,14:50,15:17,,CHANGE CREW OB 1458,HAN,SGN,PXU,Domestic,VJ,,,,,,,,,,,,
,2026-07-17,VJ426/VJ1451,A539,A321,PXU-HAN-PQC,14:05,15:05,14:05,15:05,13:55,14:59,15:00,15:11,01:00,01:05,EARLY,ONTIME,ONTIME,ONTIME,,,,,,,,14:05,14:58,,,HAN,PXU,PQC,Domestic,VJ,,,,,,,,,,,,
,2026-07-17,VJ1774/VJ419,A525,A321,CXR-HAN-TBB,14:20,15:10,14:20,15:10,15:20,15:48,15:50,15:57,00:50,00:30,DELAY,DELAY,DELAY,DELAY,,93,00:40,,,,,15:20,15:46,,,HAN,CXR,TBB,Domestic,VJ,,,,,,,,,,,,
,2026-07-17,VJ536/VJ145,A668,A320,DAD-HAN-SGN,11:00,15:20,11:00,15:20,12:05,15:18,15:20,15:25,04:20,03:15,ONTIME,ONTIME,ONTIME,DELAY,,,,,,,,14:30,15:16,,,HAN,DAD,SGN,Domestic,VJ,,,,,,,,,,,,
,2026-07-17,VJ566/VJ439,A666,A320,HUI-HAN-UIH,14:30,15:40,14:30,15:40,15:20,15:44,15:45,15:55,01:10,00:25,DELAY,ONTIME,ONTIME,DELAY,,93,00:05,,,,,15:20,15:43,,,HAN,HUI,UIH,Domestic,VJ,,,,,,,,,,,,
,2026-07-17,VJ906/VJ903,A648,A321,KUL-HAN-BKK,14:40,15:45,14:40,15:45,15:00,15:40,15:41,15:44,01:05,00:41,EARLY,ONTIME,ONTIME,DELAY,,,,,,,,15:15,15:38,,,HAN,KUL,BKK,International,VJ,,,,,,,,,,,,
,2026-07-17,VJ138/VJ147,A544,A321,SGN-HAN-SGN,15:15,15:45,15:15,15:45,16:00,16:29,16:30,16:35,00:30,00:30,DELAY,DELAY,DELAY,DELAY,,93,00:45,,,,,15:50,16:27,,,HAN,SGN,SGN,Domestic,VJ,,,,,,,,,,,,
,2026-07-17,VJ464/VJ567,A676,A320,VCA-HAN-HUI,15:10,15:55,15:10,15:55,15:55,16:19,16:20,16:49,00:45,00:25,DELAY,DELAY,DELAY,DELAY,,93,00:25,,,,,15:50,16:17,,,HAN,VCA,HUI,Domestic,VJ,,,,,,,,,,,,
,2026-07-17,VJ961/VJ773,A580,A321,ICN-HAN-CXR,13:35,16:00,13:35,16:00,13:45,15:55,15:56,16:10,02:25,02:11,EARLY,ONTIME,ONTIME,ONTIME,,,,,,,,15:15,15:52,,,HAN,ICN,CXR,Domestic,VJ,,,,,,,,,,,,
,2026-07-17,VJ510/VJ913,A522,A321,DAD-HAN-SAI,14:35,16:20,14:35,16:20,15:00,16:15,16:16,16:26,01:45,01:16,EARLY,ONTIME,ONTIME,DELAY,,,,,,,,15:40,16:14,,,HAN,DAD,SAI,International,VJ,,,,,,,,,,,,
,2026-07-17,VJ494/VJ193,A647,A321,BMV-HAN-SGN,14:30,16:30,14:30,16:30,15:10,16:29,16:30,16:38,02:00,01:20,ONTIME,ONTIME,ONTIME,DELAY,,,,,,,,15:40,16:27,,,HAN,BMV,SGN,Domestic,VJ,,,,,,,,,,,,
,2026-07-17,VJ142/VJ513,A632,A321,SGN-HAN-DAD,15:30,16:35,15:30,16:35,15:50,16:34,16:35,16:46,01:05,00:45,ONTIME,ONTIME,ONTIME,DELAY,,,,,,,,15:55,16:32,,,HAN,SGN,DAD,Domestic,VJ,,,,,,,,,,,,
,2026-07-17,VJ140/VJ151,A671,A320,SGN-HAN-SGN,16:20,16:50,16:20,16:50,16:39,17:03,17:04,17:05,00:30,00:25,DELAY,ONTIME,ONTIME,DELAY,,93,00:14,,,,,16:30,17:02,,,HAN,SGN,SGN,Domestic,VJ,,,,,,,,,,,,
,2026-07-17,VJ5068/VJ5068,A549,A321,CXR-HAN-NOZ,16:20,16:55,16:20,17:25,17:10,17:39,17:40,17:50,01:05,00:30,DELAY,ONTIME,DELAY,DELAY,,93,00:15,,,,,,,X,,HAN,CXR,NOZ,International,VJ,,,,,,,,,,,,
,2026-07-17,VJ772/VJ465,A542,A321,CXR-HAN-VCA,15:55,17:00,15:55,17:00,16:40,17:13,17:14,17:15,01:05,00:34,DELAY,ONTIME,ONTIME,DELAY,,93,00:10,66,00:04,,,16:40,17:12,,CREW OB 1650L,HAN,CXR,VCA,Domestic,VJ,,,,,,,,,,,,
,2026-07-17,VJ508/VJ495,A656,A320,DAD-HAN-BMV,15:25,17:30,15:25,17:30,16:15,17:26,17:27,17:29,02:05,01:12,EARLY,ONTIME,ONTIME,DELAY,,,,,,,,16:40,17:24,,,HAN,DAD,BMV,Domestic,VJ,,,,,,,,,,,,
,2026-07-17,VJ452/VJ141,A687,A321,PQC-HAN-SGN,16:05,17:35,16:05,17:35,17:00,17:34,17:35,17:50,01:30,00:35,ONTIME,ONTIME,ONTIME,DELAY,,,,,,,,16:55,17:32,,,HAN,PQC,SGN,Domestic,VJ,,,,,,,,,,,,
,2026-07-17,VJ530/VJ1431,A669,A320,DAD-HAN-UIH,16:15,17:40,16:15,17:40,16:30,17:39,17:40,17:43,01:25,01:10,ONTIME,ONTIME,ONTIME,ONTIME,,,,,,,,16:40,17:37,,,HAN,DAD,UIH,Domestic,VJ,,,,,,,,,,,,
,2026-07-17,VJ774/VJ517,A637,A321,CXR-HAN-DAD,17:15,17:45,17:15,17:45,17:40,18:09,18:10,18:23,00:30,00:30,DELAY,DELAY,DELAY,DELAY,,93,00:25,,,,,17:30,18:07,,,HAN,CXR,DAD,Domestic,VJ,,,,,,,,,,,,
,2026-07-17,VJ528/VJ153,A534,A321,DAD-HAN-SGN,17:25,18:05,17:25,18:05,17:35,18:04,18:05,18:09,00:40,00:30,ONTIME,ONTIME,ONTIME,ONTIME,,,,,,,,17:35,18:02,,,HAN,DAD,SGN,Domestic,VJ,,,,,,,,,,,,
,2026-07-17,VJ434/VJ781,A657,A321,UIH-HAN-CXR,17:10,18:15,17:10,18:15,17:20,18:14,18:15,18:25,01:05,00:55,ONTIME,ONTIME,ONTIME,ONTIME,,,,,,,,17:30,18:12,,,HAN,UIH,CXR,Domestic,VJ,,,,,,,,,,,,
,2026-07-17,VJ512/VJ521,A647,A321,DAD-HAN-DAD,18:15,18:45,18:15,18:45,18:35,19:04,19:05,19:13,00:30,00:30,DELAY,DELAY,DELAY,DELAY,,93,00:20,,,,,18:20,19:02,,,HAN,DAD,DAD,Domestic,VJ,,,,,,,,,,,,
,2026-07-17,VJ1454/VJ789,A550,A321,PQC-HAN-CXR,16:35,18:45,16:35,18:45,17:30,18:44,18:45,18:53,02:10,01:15,ONTIME,ONTIME,ONTIME,DELAY,,,,,,,,18:02,18:43,,,HAN,PQC,CXR,Domestic,VJ,,,,,,,,,,,,
,2026-07-17,VJ424/VJ561,A663,A320,PXU-HAN-HUI,18:45,19:15,18:45,19:15,18:55,19:14,19:15,19:18,00:30,00:20,ONTIME,ONTIME,ONTIME,ONTIME,,,,,,,,18:50,19:12,,,HAN,PXU,HUI,Domestic,VJ,,,,,,,,,,,,
,2026-07-17,VJ902/VJ1127,A636,A321,BKK-HAN-SGN,15:50,19:20,15:50,19:20,16:20,19:15,19:17,19:22,03:30,02:57,EARLY,ONTIME,ONTIME,DELAY,,,,,,,,18:30,19:13,,,HAN,BKK,SGN,Domestic,VJ,,,,,,,,,,,,
,2026-07-17,VJ144/VJ519,A536,A321,SGN-HAN-DAD,18:05,19:25,18:05,19:25,18:35,19:24,19:25,19:33,01:20,00:50,ONTIME,ONTIME,ONTIME,DELAY,,,,,,,,18:35,19:22,,,HAN,SGN,DAD,Domestic,VJ,,,,,,,,,,,,
,2026-07-17,VJ146/VJ157,A651,A321,SGN-HAN-SGN,19:05,19:40,19:05,21:25,21:00,21:29,21:30,21:39,02:20,00:30,DELAY,ONTIME,DELAY,DELAY,,93,00:05,,,,,20:55,21:27,,,HAN,SGN,SGN,Domestic,VJ,,,,,,,,,,,,
,2026-07-17,VJ438/VJ1785,A666,A320,UIH-HAN-CXR,19:25,19:55,19:25,20:25,20:12,20:35,20:36,20:43,01:00,00:24,DELAY,ONTIME,DELAY,DELAY,,93,00:11,,,,,20:05,20:33,,,HAN,UIH,CXR,Domestic,VJ,,,,,,,,,,,,
,2026-07-17,VJ454/VJ7712,A662,A320,PQC-HAN-PKX,16:45,19:55,16:45,19:55,17:05,19:47,19:48,19:53,03:10,02:43,EARLY,ONTIME,ONTIME,DELAY,,,,,,,,19:15,19:45,,,HAN,PQC,PKX,International,VJ,,,,,,,,,,,,
,2026-07-17,VJ928/VJ907,A553,A321,CGK-HAN-BOM,18:15,20:05,18:15,20:05,18:35,19:59,20:00,20:15,01:50,01:25,EARLY,ONTIME,ONTIME,DELAY,,,,,,,,19:15,19:57,,,HAN,CGK,BOM,International,VJ,,,,,,,,,,,,
,2026-07-17,VJ540/VJ159,A203,A321,DAD-HAN-SGN,19:45,20:10,19:45,20:35,20:15,20:49,20:50,21:00,00:50,00:35,DELAY,ONTIME,DELAY,DELAY,,93,00:10,03,00:05,,,20:22,20:52,,SYSTEM DOWN,HAN,DAD,SGN,Domestic,VJ,,,,,,,,,,,,
,2026-07-17,VJ442/VJ455,A200,A321,PQC-HAN-PQC,19:05,20:15,19:05,20:15,19:00,20:14,20:15,20:25,01:10,01:15,ONTIME,ONTIME,ONTIME,ONTIME,,,,,,,,19:40,20:12,,,HAN,PQC,PQC,Domestic,VJ,,,,,,,,,,,,
,2026-07-17,VJ1452/VJ783,A539,A321,PQC-HAN-CXR,19:50,20:25,19:50,20:55,20:20,20:49,20:50,21:00,01:05,00:30,EARLY,ONTIME,DELAY,DELAY,,,,,,,,20:20,20:47,,,HAN,PQC,CXR,Domestic,VJ,,,,,,,,,,,,
,2026-07-17,VJ516/VJ161,A632,A321,DAD-HAN-SGN,19:45,20:55,19:45,20:55,20:50,21:16,21:17,21:25,01:10,00:27,DELAY,DELAY,DELAY,DELAY,,93,00:22,,,,,20:30,21:15,,,HAN,DAD,SGN,Domestic,VJ,,,,,,,,,,,,
,2026-07-17,VJ568/VJ7238,A676,A320,HUI-HAN-PVG,18:55,21:15,18:55,21:15,20:20,21:04,21:05,21:15,02:20,00:45,EARLY,ONTIME,ONTIME,DELAY,,,,,,,,20:35,21:02,,,HAN,HUI,PVG,International,VJ,,,,,,,,,,,,
,2026-07-17,VJ154/VJ163,A642,A321,SGN-HAN-SGN,21:10,21:40,21:55,23:00,23:05,23:33,23:34,23:41,01:05,00:29,DELAY,DELAY,DELAY,DELAY,,93,00:34,,,,,23:03,23:31,,,HAN,SGN,SGN,Domestic,VJ,,,,,,,,,,,,
,2026-07-17,VJ776/VJ527,A516,A321,CXR-HAN-DAD,20:25,21:40,20:25,21:40,21:00,21:54,21:55,22:05,01:15,00:55,DELAY,ONTIME,DELAY,DELAY,,95,00:10,15A,00:05,,,21:30,21:57,,CREW FROM VJ520 OB 2133LT / OFLD 03PAX 02BAG,HAN,CXR,DAD,Domestic,VJ,,,,,,,,,,,,
,2026-07-17,VJ152/VJ7526,A639,A321,SGN-HAN-CAN,19:20,22:30,19:20,22:30,21:10,22:29,22:30,22:34,03:10,01:20,ONTIME,ONTIME,ONTIME,DELAY,,,,,,,,21:50,22:27,,,HAN,SGN,CAN,International,VJ,,,,,,,,,,,,
,2026-07-17,VJ1432/VJ529,A669,A320,UIH-HAN-DAD,21:25,22:35,21:25,22:35,21:31,22:23,22:24,22:26,01:10,00:53,EARLY,ONTIME,ONTIME,ONTIME,,,,,,,,21:55,22:21,,,HAN,UIH,DAD,Domestic,VJ,,,,,,,,,,,,
,2026-07-17,VJ998/VJ167,A575,A321,DPS-HAN-SGN,21:35,22:45,21:35,22:45,21:36,22:44,22:45,22:48,01:10,01:09,ONTIME,ONTIME,ONTIME,ONTIME,,,,,,,,21:55,22:42,,,HAN,DPS,SGN,Domestic,VJ,,,,,,,,,,,,
,2026-07-17,VJ914/VJ962,A522,A321,SAI-HAN-ICN,20:50,23:15,20:50,23:15,21:15,23:14,23:15,23:25,02:25,02:00,ONTIME,ONTIME,ONTIME,DELAY,,,,,,,,22:35,23:12,,,HAN,SAI,ICN,International,VJ,,,,,,,,,,,,
,2026-07-18,____/VJ932,A202,A321,HAN-NRT,,00:30,,00:30,,00:29,00:30,00:33,,,ONTIME,ONTIME,ONTIME,,,,,,,,,23:45,00:27,,,HAN,HAN,NRT,International,VJ,,,,,,,,,,,,
,2026-07-18,____/VJ982,A629,A321,HAN-PUS,,01:05,,01:05,,00:59,01:00,01:07,,,EARLY,ONTIME,ONTIME,,,,,,,,,00:15,00:57,,,HAN,HAN,PUS,International,VJ,,,,,,,,,,,,
,2026-07-18,VJ7706/VJ7706,A580,A321,CXR-HAN-KHV,00:30,22:45,00:30,01:05,00:30,00:59,01:00,01:10,00:35,00:30,EARLY,ONTIME,DELAY,ONTIME,,,,,,,,,,X,,HAN,CXR,KHV,International,VJ,,,,,,,,,,,,
,2026-07-18,____/VJ938,A693,A321,HAN-KIX,,01:20,,01:20,,01:18,01:20,01:22,,,ONTIME,ONTIME,ONTIME,,,,,,,,,00:35,01:16,,,HAN,HAN,KIX,International,VJ,,,,,,,,,,,,
,2026-07-18,____/VJ960,A648,A321,HAN-ICN,,01:40,,01:40,,01:31,01:32,01:35,,,EARLY,ONTIME,ONTIME,,,,,,,,,00:45,01:30,,,HAN,HAN,ICN,International,VJ,,,,,,,,,,,,
,2026-07-18,____/VJ920,A554,A321,HAN-NGO,,01:40,,01:40,,01:44,01:45,01:50,,,DELAY,ONTIME,ONTIME,,,15A,00:05,,,,,00:55,01:40,,OFFL 1 PAX 2 BAG,HAN,HAN,NGO,International,VJ,,,,,,,,,,,,
,2026-07-18,____/VJ958,A633,A321,HAN-FUK,,02:05,,02:05,,01:55,01:56,01:58,,,EARLY,ONTIME,ONTIME,,,,,,,,,01:15,01:52,,,HAN,HAN,FUK,International,VJ,,,,,,,,,,,,
,2026-07-18,____/VJ445,A500,A321,HAN-PQC,,05:30,,05:30,,05:24,05:25,05:29,,,EARLY,ONTIME,ONTIME,,,,,,,,,04:40,05:21,,,HAN,HAN,PQC,Domestic,VJ,,,,,,,,,,,,
,2026-07-18,____/VJ123,A643,A321,HAN-SGN,,05:30,,05:30,,05:39,05:40,05:45,,,DELAY,ONTIME,ONTIME,,,15A,00:10,,,,,04:50,05:38,,OFLD 3PAX + 3BAG,HAN,HAN,SGN,Domestic,VJ,,,,,,,,,,,,
,2026-07-18,____/VJ501,A539,A321,HAN-DAD,,05:40,,05:40,,05:44,05:45,05:55,,,DELAY,ONTIME,ONTIME,,,15A,00:05,,,,,04:45,05:47,,OFLD 16PAX 06BAG,HAN,HAN,DAD,Domestic,VJ,,,,,,,,,,,,
,2026-07-18,VJ7713/VJ771,A662,A320,PKX-HAN-CXR,03:55,06:00,03:55,06:00,03:55,05:54,05:55,06:03,02:05,02:00,EARLY,ONTIME,ONTIME,ONTIME,,,,,,,,05:15,05:52,,,HAN,PKX,CXR,Domestic,VJ,,,,,,,,,,,,
,2026-07-18,____/VJ491,A534,A321,HAN-BMV,,06:00,,06:00,,05:54,05:55,06:04,,,EARLY,ONTIME,ONTIME,,,,,,,,,05:25,05:52,,,HAN,HAN,BMV,Domestic,VJ,,,,,,,,,,,,
,2026-07-18,____/VJ1775,A663,A320,HAN-CXR,,06:00,,06:00,,05:54,05:55,06:03,,,EARLY,ONTIME,ONTIME,,,,,,,,,05:10,05:52,,,HAN,HAN,CXR,Domestic,VJ,,,,,,,,,,,,
,2026-07-18,VJ7527/VJ121,A639,A321,CAN-HAN-SGN,03:05,06:00,03:05,06:00,03:00,06:08,06:09,06:10,02:55,03:09,DELAY,ONTIME,ONTIME,ONTIME,,15,00:09,,,,,05:25,06:07,,LONG BOARDING,HAN,CAN,SGN,Domestic,VJ,,,,,,,,,,,,
,2026-07-18,____/VJ431,A666,A320,HAN-UIH,,06:05,,06:05,,05:59,06:00,06:12,,,EARLY,ONTIME,ONTIME,,,,,,,,,05:12,05:57,,,HAN,HAN,UIH,Domestic,VJ,,,,,,,,,,,,
,2026-07-18,____/VJ531,A657,A321,HAN-DAD,,06:30,,06:30,,06:24,06:25,06:30,,,EARLY,ONTIME,ONTIME,,,,,,,,,05:40,06:22,,,HAN,HAN,DAD,Domestic,VJ,,,,,,,,,,,,
,2026-07-18,____/VJ449,A656,A320,HAN-PQC,,06:30,,06:30,,06:24,06:25,06:32,,,EARLY,ONTIME,ONTIME,,,,,,,,,05:50,06:22,,,HAN,HAN,PQC,Domestic,VJ,,,,,,,,,,,,
,2026-07-18,____/VJ461,A630,A321,HAN-VCA,,06:45,,06:45,,06:39,06:40,06:47,,,EARLY,ONTIME,ONTIME,,,,,,,,,06:00,06:37,,,HAN,HAN,VCA,Domestic,VJ,,,,,,,,,,,,
,2026-07-18,VJ5069/VJ5069,A549,A321,NOZ-HAN-CXR,06:15,06:45,06:15,06:45,06:10,06:36,06:37,06:48,00:30,00:27,EARLY,ONTIME,ONTIME,ONTIME,,,,,,,,,,X,,HAN,NOZ,CXR,Domestic,VJ,,,,,,,,,,,,
,2026-07-18,____/VJ1771,A547,A321,HAN-CXR,,07:00,,07:00,,06:54,06:55,07:05,,,EARLY,ONTIME,ONTIME,,,,,,,,,06:20,06:52,,,HAN,HAN,CXR,Domestic,VJ,,,,,,,,,,,,
,2026-07-18,VJ7239/VJ421,A676,A320,PVG-HAN-PXU,04:50,07:10,04:50,07:10,04:42,07:04,07:05,07:12,02:20,02:23,EARLY,ONTIME,ONTIME,ONTIME,,,,,,,,06:20,07:00,,,HAN,PVG,PXU,Domestic,VJ,,,,,,,,,,,,
,2026-07-18,____/VJ535,A526,A321,HAN-DAD,,07:25,,07:25,,07:19,07:20,07:28,,,EARLY,ONTIME,ONTIME,,,,,,,,,06:50,07:17,,,HAN,HAN,DAD,Domestic,VJ,,,,,,,,,,,,
,2026-07-18,____/VJ503,A542,A321,HAN-DAD,,07:30,,07:30,,07:24,07:25,07:34,,,EARLY,ONTIME,ONTIME,,,,,,,,,06:55,07:22,,,HAN,HAN,DAD,Domestic,VJ,,,,,,,,,,,,
,2026-07-18,VJ502/VJ125,A669,A320,DAD-HAN-SGN,07:00,07:30,07:00,07:30,07:00,07:24,07:25,07:28,00:30,00:25,EARLY,ONTIME,ONTIME,ONTIME,,,,,,,,07:00,07:20,,,HAN,DAD,SGN,Domestic,VJ,,,,,,,,,,,,
,2026-07-18,____/VJ930,A525,A321,HAN-KIX,,07:55,,07:55,,07:48,07:50,07:55,,,EARLY,ONTIME,ONTIME,,,,,,,,,07:05,07:47,,,HAN,HAN,KIX,International,VJ,,,,,,,,,,,,
,2026-07-18,VJ120/VJ541,A655,A320,SGN-HAN-DAD,07:10,08:00,07:10,08:00,07:07,07:52,07:53,07:54,00:50,00:46,EARLY,ONTIME,ONTIME,ONTIME,,,,,,,,07:07,07:50,,,HAN,SGN,DAD,Domestic,VJ,,,,,,,,,,,,
,2026-07-18,____/VJ127,A697,A321,HAN-SGN,,08:10,,08:10,,08:14,08:15,08:22,,,DELAY,ONTIME,ONTIME,,,15A,00:05,,,,,07:20,08:09,,OFFLOAD 7PAX 3BAG,HAN,HAN,SGN,Domestic,VJ,,,,,,,,,,,,
,2026-07-18,VJ1780/VJ1779,A529,A321,CXR-HAN-CXR,07:50,08:25,07:50,08:25,07:50,08:24,08:25,08:30,00:35,00:35,ONTIME,ONTIME,ONTIME,ONTIME,,,,,,,,07:50,08:20,,,HAN,CXR,CXR,Domestic,VJ,,,,,,,,,,,,
,2026-07-18,____/VJ929,A203,A321,HAN-CGK,,08:40,,08:40,,08:34,08:35,08:40,,,EARLY,ONTIME,ONTIME,,,,,,,,,07:50,08:30,,,HAN,HAN,CGK,International,VJ,,,,,,,,,,,,
,2026-07-18,____/VJ447,A550,A321,HAN-PQC,,08:45,,08:45,,08:44,08:45,08:50,,,ONTIME,ONTIME,ONTIME,,,,,,,,,08:00,08:40,,,HAN,HAN,PQC,Domestic,VJ,,,,,,,,,,,,
,2026-07-18,VJ504/VJ435,A650,A320,DAD-HAN-UIH,08:20,08:50,08:20,08:50,08:35,08:54,08:55,09:00,00:30,00:20,DELAY,ONTIME,ONTIME,ONTIME,,93,00:05,,,,,08:30,08:52,,LATE TAKEOFF DUE TO ATC,HAN,DAD,UIH,Domestic,VJ,,,,,,,,,,,,
,2026-07-18,VJ124/VJ129,A632,A321,SGN-HAN-SGN,08:15,08:50,08:15,08:50,08:15,08:49,08:50,08:55,00:35,00:35,ONTIME,ONTIME,ONTIME,ONTIME,,,,,,,,08:15,08:45,,,HAN,SGN,SGN,Domestic,VJ,,,,,,,,,,,,
,2026-07-18,VJ514/VJ563,A539,A321,DAD-HAN-HUI,08:55,09:25,08:55,10:00,09:25,09:53,09:54,09:55,01:05,00:29,EARLY,ONTIME,DELAY,DELAY,,,,,,,,09:25,09:50,,,HAN,DAD,HUI,Domestic,VJ,,,,,,,,,,,,
,2026-07-18,____/VJ915,A684,A321,HAN-SIN,,09:35,,09:35,,09:34,09:35,09:40,,,ONTIME,ONTIME,ONTIME,,,,,,,,,08:50,09:30,,,HAN,HAN,SIN,International,VJ,,,,,,,,,,,,
,2026-07-18,VJ963/VJ1773,A522,A321,ICN-HAN-CXR,08:55,10:00,08:55,10:00,09:00,09:58,10:00,10:03,01:05,01:00,ONTIME,ONTIME,ONTIME,ONTIME,,,,,,,,09:10,09:56,,,HAN,ICN,CXR,Domestic,VJ,,,,,,,,,,,,
,2026-07-18,VJ122/VJ135,A546,A321,SGN-HAN-SGN,09:05,10:10,09:05,10:10,09:00,10:09,10:10,10:20,01:05,01:10,ONTIME,ONTIME,ONTIME,ONTIME,,,,,,,,09:10,10:05,,,HAN,SGN,SGN,Domestic,VJ,,,,,,,,,,,,
,2026-07-18,VJ1124/VJ1433,A668,A320,SGN-HAN-UIH,09:40,10:10,09:40,10:10,10:15,10:29,10:30,10:40,00:30,00:15,DELAY,DELAY,DELAY,DELAY,,93,00:20,,,,,10:10,10:25,,,HAN,SGN,UIH,Domestic,VJ,,,,,,,,,,,,
,2026-07-18,VJ126/VJ131,A811,A330,SGN-HAN-SGN,09:40,10:15,09:40,10:50,10:05,10:49,10:50,10:52,01:10,00:45,ONTIME,ONTIME,DELAY,DELAY,,,,,,,,10:05,10:47,,,HAN,SGN,SGN,Domestic,VJ,,,,,,,,,,,,
,2026-07-18,VJ430/VJ463,A666,A320,UIH-HAN-VCA,09:50,10:20,09:50,10:20,09:55,10:19,10:20,10:30,00:30,00:25,ONTIME,ONTIME,ONTIME,ONTIME,,,,,,,,09:55,10:15,,,HAN,UIH,VCA,Domestic,VJ,,,,,,,,,,,,
,2026-07-18,VJ532/VJ425,A657,A321,DAD-HAN-PXU,09:45,10:20,09:45,10:20,10:05,10:31,10:32,10:35,00:35,00:27,DELAY,ONTIME,ONTIME,DELAY,,93,00:12,,,,,10:00,10:29,,,HAN,DAD,PXU,Domestic,VJ,,,,,,,,,,,,
,2026-07-18,____/VJ997,A553,A321,HAN-DPS,,10:25,,10:25,07:05,10:19,10:20,10:37,,,EARLY,ONTIME,ONTIME,,,,,,,,,09:35,10:16,,,HAN,HAN,DPS,International,VJ,,,,,,,,,,,,
,2026-07-18,VJ492/VJ493,A534,A321,BMV-HAN-BMV,10:00,10:35,10:00,10:55,10:25,10:48,10:49,10:50,00:55,00:24,EARLY,ONTIME,ONTIME,DELAY,,,,,,,,10:25,10:48,,LATE TAKEOFF DUE TO ATC,HAN,BMV,BMV,Domestic,VJ,,,,,,,,,,,,
,2026-07-18,VJ770/VJ437,A662,A320,CXR-HAN-UIH,10:10,10:40,10:10,10:40,10:30,10:53,10:54,10:55,00:30,00:24,DELAY,ONTIME,ONTIME,DELAY,,93,00:14,,,,,10:30,10:50,,,HAN,CXR,UIH,Domestic,VJ,,,,,,,,,,,,
,2026-07-18,VJ448/VJ901,A500,A321,PQC-HAN-BKK,10:15,11:10,10:15,11:10,10:25,11:19,11:20,11:25,00:55,00:55,DELAY,ONTIME,ONTIME,ONTIME,,15,00:10,,,,,10:43,11:16,,LONG BOARDING,HAN,PQC,BKK,International,VJ,,,,,,,,,,,,
,2026-07-18,VJ536/VJ537,A526,A321,DAD-HAN-DAD,10:40,11:15,10:40,11:15,11:10,11:39,11:40,11:42,00:35,00:30,DELAY,DELAY,DELAY,DELAY,,93,00:25,,,,,11:10,11:35,,,HAN,DAD,DAD,Domestic,VJ,,,,,,,,,,,,
,2026-07-18,VJ524/VJ507,A542,A321,DAD-HAN-DAD,10:45,11:20,10:45,11:20,11:25,11:54,11:55,11:58,00:35,00:30,DELAY,DELAY,DELAY,DELAY,,93,00:35,,,,,11:25,11:50,,,HAN,DAD,DAD,Domestic,VJ,,,,,,,,,,,,
,2026-07-18,VJ130/VJ133,A524,A321,SGN-HAN-SGN,10:50,11:25,10:50,12:00,11:40,12:09,12:10,12:25,01:10,00:30,DELAY,ONTIME,DELAY,DELAY,,93,00:10,,,,,11:40,12:06,,,HAN,SGN,SGN,Domestic,VJ,,,,,,,,,,,,
,2026-07-18,VJ1776/VJ565,A663,A320,CXR-HAN-HUI,10:10,11:30,10:10,11:30,10:40,11:23,11:25,11:29,01:20,00:45,EARLY,ONTIME,ONTIME,DELAY,,,,,,,,10:40,11:20,,,HAN,CXR,HUI,Domestic,VJ,,,,,,,,,,,,
,2026-07-18,VJ422/VJ451,A676,A320,PXU-HAN-PQC,10:50,11:45,10:50,11:45,10:55,11:31,11:32,11:36,00:55,00:37,EARLY,ONTIME,ONTIME,ONTIME,,,,,,,,11:00,11:28,,,HAN,PXU,PQC,Domestic,VJ,,,,,,,,,,,,
,2026-07-18,VJ450/VJ775,A656,A320,PQC-HAN-CXR,11:15,11:45,11:15,11:45,11:30,11:54,11:55,11:58,00:30,00:25,DELAY,ONTIME,ONTIME,ONTIME,,93,00:10,,,,,11:30,11:50,,,HAN,PQC,CXR,Domestic,VJ,,,,,,,,,,,,
,2026-07-18,VJ1772/VJ1453,A547,A321,CXR-HAN-PQC,11:15,11:50,11:15,11:50,12:00,12:18,12:19,12:20,00:35,00:19,DELAY,DELAY,DELAY,DELAY,,93,00:29,,,,,12:00,12:18,,,HAN,CXR,PQC,Domestic,VJ,,,,,,,,,,,,
,2026-07-18,VJ462/VJ515,A630,A321,VCA-HAN-DAD,11:40,12:15,11:40,12:15,12:10,12:39,12:40,12:44,00:35,00:30,DELAY,DELAY,DELAY,DELAY,,93,00:25,,,,,12:10,12:35,,,HAN,VCA,DAD,Domestic,VJ,,,,,,,,,,,,
,2026-07-18,VJ128/VJ137,A669,A320,SGN-HAN-SGN,12:20,12:55,12:20,14:00,13:20,13:59,14:00,14:02,01:40,00:40,ONTIME,ONTIME,DELAY,DELAY,,,,,,,,13:25,13:56,,,HAN,SGN,SGN,Domestic,VJ,,,,,,,,,,,,
,2026-07-18,VJ981/VJ453,A629,A321,PUS-HAN-PQC,10:40,13:00,10:40,13:00,10:40,12:54,12:55,13:08,02:20,02:15,EARLY,ONTIME,ONTIME,ONTIME,,,,,,,,12:10,12:50,,,HAN,PUS,PQC,Domestic,VJ,,,,,,,,,,,,
,2026-07-18,VJ432/VJ509,A650,A320,UIH-HAN-DAD,12:35,13:05,12:35,13:30,12:50,13:25,13:26,13:32,00:55,00:36,EARLY,ONTIME,DELAY,ONTIME,,,,,,,,13:05,13:35,,,HAN,UIH,DAD,Domestic,VJ,,,,,,,,,,,,
,2026-07-18,VJ564/VJ787,A539,A321,HUI-HAN-CXR,12:30,13:10,12:30,13:45,13:05,13:37,13:38,13:47,01:15,00:33,EARLY,ONTIME,DELAY,DELAY,,,,,,,,13:06,13:35,,,HAN,HUI,CXR,Domestic,VJ,,,,,,,,,,,,
,2026-07-18,VJ921/VJ433,A554,A321,NGO-HAN-UIH,12:50,13:20,12:50,13:45,12:40,13:34,13:35,13:47,00:55,00:55,EARLY,ONTIME,DELAY,ONTIME,,,,,,,,13:00,13:30,,,HAN,NGO,UIH,Domestic,VJ,,,,,,,,,,,,
,2026-07-18,VJ959/VJ948,A633,A321,FUK-HAN-RMQ,11:45,13:30,11:45,13:30,12:15,13:27,13:28,13:32,01:45,01:13,EARLY,ONTIME,ONTIME,DELAY,,,,,,,,12:40,13:25,,,HAN,FUK,RMQ,International,VJ,,,,,,,,,,,,
,2026-07-18,VJ542/VJ7316,A655,A320,DAD-HAN-ENH,12:00,14:00,12:00,14:00,12:20,13:44,13:45,13:52,02:00,01:25,EARLY,ONTIME,ONTIME,DELAY,,,,,,,,13:10,13:41,,,HAN,DAD,ENH,International,VJ,,,,,,,,,,,,
,2026-07-18,VJ933/VJ525,A202,A321,NRT-HAN-DAD,13:05,14:05,13:05,14:05,12:45,14:00,14:01,14:03,01:00,01:16,EARLY,ONTIME,ONTIME,ONTIME,,,,,,,,13:15,13:59,,,HAN,NRT,DAD,Domestic,VJ,,,,,,,,,,,,
,2026-07-18,VJ440/VJ441,A550,A321,PQC-HAN-PQC,13:30,14:05,13:30,14:25,13:42,14:17,14:18,14:20,00:55,00:36,EARLY,ONTIME,ONTIME,ONTIME,,,,,,,,13:42,14:15,,,HAN,PQC,PQC,Domestic,VJ,,,,,,,,,,,,
,2026-07-18,VJ939/VJ942,A693,A321,KIX-HAN-TPE,12:20,14:25,12:20,14:25,12:15,14:24,14:25,14:30,02:05,02:10,ONTIME,ONTIME,ONTIME,ONTIME,,,,,,,,13:45,14:21,,,HAN,KIX,TPE,International,VJ,,,,,,,,,,,,
,2026-07-18,VJ134/VJ467,A697,A321,SGN-HAN-VCA,13:30,14:30,13:30,14:30,13:55,14:29,14:30,14:35,01:00,00:35,ONTIME,ONTIME,ONTIME,DELAY,,,,,,,,13:55,14:25,,,HAN,SGN,VCA,Domestic,VJ,,,,,,,,,,,,
,2026-07-18,VJ1434/VJ1125,A668,A320,UIH-HAN-SGN,14:00,14:30,14:00,14:50,14:35,15:14,15:15,15:24,00:50,00:40,DELAY,DELAY,DELAY,DELAY,,93,00:10,87,00:05,41,00:10,14:35,15:04,,STUCK PBB/ TECHNICAL CHECK,HAN,UIH,SGN,Domestic,VJ,,,,,,,,,,,,
,2026-07-18,VJ1504/VJ1505,A661,A321,DAD-HAN-DAD,14:00,14:35,14:00,14:35,13:55,14:29,14:30,14:39,00:35,00:35,EARLY,ONTIME,ONTIME,ONTIME,,,,,,,,14:00,14:26,,,HAN,DAD,DAD,Domestic,VJ,,,,,,,,,,,,
,2026-07-18,VJ961/VJ946,A648,A321,ICN-HAN-KHH,13:35,14:35,13:35,14:35,13:30,14:31,14:32,14:36,01:00,01:02,EARLY,ONTIME,ONTIME,ONTIME,,,,,,,,13:45,14:26,,,HAN,ICN,KHH,International,VJ,,,,,,,,,,,,
,2026-07-18,VJ538/VJ143,A637,A321,DAD-HAN-SGN,14:15,14:50,14:15,14:50,14:25,15:04,15:05,15:14,00:35,00:40,DELAY,ONTIME,DELAY,ONTIME,,93,00:05,66,00:10,,,14:30,15:00,,CREW HN OB 1435,HAN,DAD,SGN,Domestic,VJ,,,,,,,,,,,,
,2026-07-18,VJ7707/VJ7707,A580,A321,KHV-HAN-CXR,14:25,14:55,14:25,14:55,14:05,14:41,14:42,14:52,00:30,00:37,EARLY,ONTIME,ONTIME,ONTIME,,,,,,,,,,X,,HAN,KHV,CXR,Domestic,VJ,,,,,,,,,,,,
,2026-07-18,VJ1774/VJ511,A522,A321,CXR-HAN-DAD,14:20,15:05,14:20,15:05,14:30,15:04,15:05,15:10,00:45,00:35,ONTIME,ONTIME,ONTIME,ONTIME,,,,,,,,14:30,15:00,,,HAN,CXR,DAD,Domestic,VJ,,,,,,,,,,,,
,2026-07-18,VJ566/VJ423,A663,A320,HUI-HAN-PXU,14:30,15:05,14:30,15:05,14:20,14:59,15:00,15:05,00:35,00:40,EARLY,ONTIME,ONTIME,ONTIME,,,,,,,,14:20,14:56,,,HAN,HUI,PXU,Domestic,VJ,,,,,,,,,,,,
,2026-07-18,VJ426/VJ1451,A657,A321,PXU-HAN-PQC,14:05,15:05,14:05,15:05,14:05,15:02,15:03,15:05,01:00,00:58,EARLY,ONTIME,ONTIME,ONTIME,,,,,,,,14:20,15:00,,,HAN,PXU,PQC,Domestic,VJ,,,,,,,,,,,,
,2026-07-18,VJ494/VJ419,A534,A321,BMV-HAN-TBB,14:30,15:10,14:30,15:30,15:00,15:25,15:26,15:35,01:00,00:26,EARLY,ONTIME,DELAY,DELAY,,,,,,,,15:00,15:23,,,HAN,BMV,TBB,Domestic,VJ,,,,,,,,,,,,
,2026-07-18,VJ436/VJ439,A662,A320,UIH-HAN-UIH,14:25,15:40,14:25,15:40,14:45,15:34,15:35,15:46,01:15,00:50,EARLY,ONTIME,ONTIME,DELAY,,,,,,,,14:55,15:31,,,HAN,UIH,UIH,Domestic,VJ,,,,,,,,,,,,
,2026-07-18,VJ7620/VJ7620,A549,A321,CXR-HAN-BAX,15:05,15:40,15:05,15:40,15:05,15:36,15:37,15:42,00:35,00:32,EARLY,ONTIME,ONTIME,ONTIME,,,,,,,,,,X,,HAN,CXR,BAX,International,VJ,,,,,,,,,,,,
,2026-07-18,VJ136/VJ903,A671,A320,SGN-HAN-BKK,14:15,15:45,14:15,16:30,15:45,16:29,16:30,16:32,02:15,00:45,ONTIME,ONTIME,DELAY,DELAY,,,,,,,,16:00,16:25,,,HAN,SGN,BKK,International,VJ,,,,,,,,,,,,
,2026-07-18,VJ138/VJ147,A669,A320,SGN-HAN-SGN,15:15,15:45,15:15,20:30,20:10,20:34,20:35,20:48,05:15,00:25,DELAY,ONTIME,DELAY,DELAY,,93,00:05,,,,,20:04,20:32,,,HAN,SGN,SGN,Domestic,VJ,,,,,,,,,,,,
,2026-07-18,VJ464/VJ567,A666,A320,VCA-HAN-HUI,15:10,15:55,15:10,15:55,15:30,16:04,16:05,16:10,00:45,00:35,DELAY,ONTIME,ONTIME,DELAY,,66,00:10,,,,,15:28,16:01,,CREW OB 1542,HAN,VCA,HUI,Domestic,VJ,,,,,,,,,,,,
,2026-07-18,VJ508/VJ773,A630,A321,DAD-HAN-CXR,15:30,16:05,15:30,16:45,16:08,16:42,16:43,16:48,01:15,00:35,EARLY,ONTIME,DELAY,DELAY,,,,,,,,16:08,16:40,,,HAN,DAD,CXR,Domestic,VJ,,,,,,,,,,,,
,2026-07-18,VJ510/VJ913,A542,A321,DAD-HAN-SAI,14:35,16:20,14:35,16:20,15:20,16:09,16:10,16:15,01:45,00:50,EARLY,ONTIME,ONTIME,DELAY,,,,,,,,15:35,16:05,,,HAN,DAD,SAI,International,VJ,,,,,,,,,,,,
,2026-07-18,VJ142/VJ193,A546,A321,SGN-HAN-SGN,15:30,16:30,15:30,16:30,15:50,16:29,16:30,16:38,01:00,00:40,ONTIME,ONTIME,ONTIME,DELAY,,,,,,,,15:50,16:26,,,HAN,SGN,SGN,Domestic,VJ,,,,,,,,,,,,
,2026-07-18,VJ2986/VJ2986,A526,A321,DAD-HAN-NOZ,16:20,16:55,16:20,16:55,16:40,17:08,17:09,17:10,00:35,00:29,DELAY,ONTIME,ONTIME,DELAY,,93,00:14,,,,,,,X,,HAN,DAD,NOZ,International,VJ,,,,,,,,,,,,
,2026-07-18,VJ902/VJ465,A500,A321,BKK-HAN-VCA,15:50,17:00,15:50,17:00,16:15,16:58,17:00,17:01,01:10,00:45,ONTIME,ONTIME,ONTIME,DELAY,,,,,,,,16:20,16:55,,,HAN,BKK,VCA,Domestic,VJ,,,,,,,,,,,,
,2026-07-18,VJ772/VJ457,A656,A320,CXR-HAN-PQC,15:55,17:10,15:55,17:10,16:45,17:17,17:18,17:25,01:15,00:33,DELAY,ONTIME,ONTIME,DELAY,,66,00:08,,,,,16:45,17:15,,CREW HN OB 1656L,HAN,CXR,PQC,Domestic,VJ,,,,,,,,,,,,
,2026-07-18,VJ1454/VJ539,A547,A321,PQC-HAN-DAD,16:35,17:10,16:35,18:00,17:30,18:04,18:05,18:07,01:25,00:35,DELAY,ONTIME,DELAY,DELAY,,66,00:05,,,,,17:39,18:01,,CREW OB 1740,HAN,PQC,DAD,Domestic,VJ,,,,,,,,,,,,
,2026-07-18,VJ530/VJ495,A650,A320,DAD-HAN-BMV,16:15,17:30,16:15,17:30,16:55,17:27,17:29,17:32,01:15,00:34,EARLY,ONTIME,ONTIME,DELAY,,,,,,,,16:55,17:25,,,HAN,DAD,BMV,Domestic,VJ,,,,,,,,,,,,
,2026-07-18,VJ454/VJ1431,A676,A320,PQC-HAN-UIH,16:35,17:40,16:35,17:40,16:35,17:34,17:35,17:40,01:05,01:00,EARLY,ONTIME,ONTIME,ONTIME,,,,,,,,16:55,17:31,,,HAN,PQC,UIH,Domestic,VJ,,,,,,,,,,,,
,2026-07-18,VJ774/VJ517,A539,A321,CXR-HAN-DAD,17:15,17:50,17:15,18:50,18:15,18:48,18:49,18:50,01:35,00:34,EARLY,ONTIME,DELAY,DELAY,,,,,,,,18:15,18:45,,,HAN,CXR,DAD,Domestic,VJ,,,,,,,,,,,,
,2026-07-18,VJ140/VJ151,A639,A321,SGN-HAN-SGN,17:20,17:55,17:20,17:55,18:15,18:44,18:45,18:54,00:35,00:30,DELAY,DELAY,DELAY,DELAY,,93,00:50,,,,,18:05,18:42,,,HAN,SGN,SGN,Domestic,VJ,,,,,,,,,,,,
,2026-07-18,VJ456/VJ781,A629,A321,PQC-HAN-CXR,17:45,18:20,17:45,18:20,18:15,18:33,18:34,18:35,00:35,00:19,DELAY,ONTIME,ONTIME,DELAY,,93,00:14,,,,,18:05,18:31,,,HAN,PQC,CXR,Domestic,VJ,,,,,,,,,,,,
,2026-07-18,VJ434/VJ153,A554,A321,UIH-HAN-SGN,17:10,18:25,17:10,18:25,17:35,18:22,18:23,18:30,01:15,00:48,EARLY,ONTIME,ONTIME,DELAY,,,,,,,,17:35,18:18,,,HAN,UIH,SGN,Domestic,VJ,,,,,,,,,,,,
,2026-07-18,VJ528/VJ789,A202,A321,DAD-HAN-CXR,17:25,18:45,17:25,18:45,17:35,18:41,18:42,18:45,01:20,01:07,EARLY,ONTIME,ONTIME,ONTIME,,,,,,,,18:05,18:40,,,HAN,DAD,CXR,Domestic,VJ,,,,,,,,,,,,
,2026-07-18,VJ512/VJ521,A522,A321,DAD-HAN-DAD,18:15,18:50,18:15,18:50,18:35,19:03,19:04,19:05,00:35,00:29,DELAY,ONTIME,ONTIME,DELAY,,93,00:14,,,,,18:35,19:00,,,HAN,DAD,DAD,Domestic,VJ,,,,,,,,,,,,
,2026-07-18,VJ424/VJ561,A663,A320,PXU-HAN-HUI,18:45,19:15,18:45,19:15,18:40,19:14,19:15,19:20,00:30,00:35,ONTIME,ONTIME,ONTIME,ONTIME,,,,,,,,18:35,19:12,,,HAN,PXU,HUI,Domestic,VJ,,,,,,,,,,,,
,2026-07-18,VJ144/VJ519,A634,A321,SGN-HAN-DAD,18:05,19:25,18:05,19:25,19:45,20:10,20:12,20:27,01:20,00:27,DELAY,DELAY,DELAY,DELAY,,93,00:47,,,,,19:40,20:08,,,HAN,SGN,DAD,Domestic,VJ,,,,,,,,,,,,
,2026-07-18,VJ916/VJ157,A684,A321,SIN-HAN-SGN,17:25,19:30,17:25,19:30,17:15,19:24,19:25,19:38,02:05,02:10,EARLY,ONTIME,ONTIME,ONTIME,,,,,,,,18:45,19:21,,,HAN,SIN,SGN,Domestic,VJ,,,,,,,,,,,,
,2026-07-18,VJ931/VJ971,A525,A321,KIX-HAN-DEL,18:30,19:40,18:30,19:40,18:45,19:44,19:45,19:55,01:10,01:00,DELAY,ONTIME,ONTIME,ONTIME,,91,00:05,,,,,19:05,19:37,,DL91 SUPPORT PAX FROM VJ140,HAN,KIX,DEL,International,VJ,,,,,,,,,,,,
,2026-07-18,VJ442/VJ523,A550,A321,PQC-HAN-DAD,19:05,19:45,19:05,19:45,19:00,19:40,19:41,19:55,00:40,00:41,EARLY,ONTIME,ONTIME,ONTIME,,,,,,,,19:05,19:38,,,HAN,PQC,DAD,Domestic,VJ,,,,,,,,,,,,
,2026-07-18,VJ568/VJ7712,A666,A320,HUI-HAN-PKX,18:55,19:55,18:55,19:55,19:20,19:54,19:55,20:08,01:00,00:35,ONTIME,ONTIME,ONTIME,DELAY,,,,,,,,19:35,19:51,,,HAN,HUI,PKX,International,VJ,,,,,,,,,,,,
,2026-07-18,VJ438/VJ1785,A662,A320,UIH-HAN-CXR,19:25,20:00,19:25,20:00,19:28,19:58,20:00,20:15,00:35,00:32,ONTIME,ONTIME,ONTIME,ONTIME,,,,,,,,19:30,19:57,,,HAN,UIH,CXR,Domestic,VJ,,,,,,,,,,,,
,2026-07-18,VJ1452/VJ783,A657,A321,PQC-HAN-CXR,19:50,20:25,19:50,20:25,20:05,20:34,20:35,20:40,00:35,00:30,DELAY,ONTIME,ONTIME,ONTIME,,93,00:10,,,,,20:05,20:32,,,HAN,PQC,CXR,Domestic,VJ,,,,,,,,,,,,
,2026-07-18,VJ7317/VJ7238,A655,A320,ENH-HAN-PVG,19:25,21:15,19:25,21:15,19:15,21:08,21:10,21:13,01:50,01:55,EARLY,ONTIME,ONTIME,ONTIME,,,,,,,,21:30,21:05,,,HAN,ENH,PVG,International,VJ,,,,,,,,,,,,
,2026-07-18,VJ776/VJ527,A630,A321,CXR-HAN-DAD,20:15,21:25,20:15,21:40,21:10,21:38,21:39,21:40,01:25,00:29,EARLY,ONTIME,ONTIME,DELAY,,,,,,,,21:10,21:36,,,HAN,CXR,DAD,Domestic,VJ,,,,,,,,,,,,
,2026-07-18,VJ947/VJ163,A648,A321,KHH-HAN-SGN,20:35,21:35,20:35,21:35,20:35,21:34,21:35,21:38,01:00,01:00,ONTIME,ONTIME,ONTIME,ONTIME,,,,,,,,20:50,21:32,,,HAN,KHH,SGN,Domestic,VJ,,,,,,,,,,,,
,2026-07-18,VJ146/VJ7526,A637,A321,SGN-HAN-CAN,19:45,22:30,19:45,22:30,21:00,22:27,22:28,22:30,02:45,01:28,EARLY,ONTIME,ONTIME,DELAY,,,,,,,,21:50,22:24,,,HAN,SGN,CAN,International,VJ,,,,,,,,,,,,
,2026-07-18,VJ949/VJ529,A633,A321,RMQ-HAN-DAD,19:50,22:35,19:50,22:35,20:10,22:47,22:48,22:49,02:45,02:38,DELAY,ONTIME,ONTIME,DELAY,,95,00:13,,,,,22:20,22:45,,CREW FR VJ154 OB 2228L,HAN,RMQ,DAD,Domestic,VJ,,,,,,,,,,,,
,2026-07-18,VJ194/VJ167,A546,A321,SGN-HAN-SGN,21:50,22:45,21:50,22:45,22:35,23:04,23:05,23:10,00:55,00:30,DELAY,DELAY,DELAY,DELAY,,93,00:20,,,,,22:35,23:02,,,HAN,SGN,SGN,Domestic,VJ,,,,,,,,,,,,
,2026-07-18,VJ914/VJ962,A542,A321,SAI-HAN-ICN,20:50,23:15,20:50,23:15,20:40,23:09,23:10,23:13,02:25,02:30,EARLY,ONTIME,ONTIME,ONTIME,,,,,,,,22:30,23:08,,,HAN,SAI,ICN,International,VJ,,,,,,,,,,,,
,2026-07-18,VJ522/VJ169,A634,A321,DAD-HAN-SGN,22:40,23:25,22:40,23:25,23:50,00:16,00:17,0:20:00,00:45,00:27,DELAY,DELAY,DELAY,DELAY,,93,00:52,,,,,23:40,00:15,,,HAN,DAD,SGN,Domestic,VJ,,,,,,,,,,,,
,2026-07-18,AI2390/AI2391,VT-TQJ,A320,DEL-HAN-DEL,07:20,08:20,07:20,09:00,08:24,09:12,09:13,09:14,01:40,00:49,DELAY,ONTIME,DELAY,DELAY,,93,00:13,,,,,,,,,HAN,DEL,DEL,International,AI,,,,,,,,,,,,
,2026-07-19,____/VJ932,A202,A321,HAN-NRT,,00:30,,00:30,,00:26,00:28,00:29,,,EARLY,ONTIME,ONTIME,,,,,,,,,23:40,00:24,,,HAN,HAN,NRT,International,VJ,,,,,,,,,,,,
,2026-07-19,____/VJ982,A636,A321,HAN-PUS,,01:05,,01:05,,01:04,01:05,01:12,,,ONTIME,ONTIME,ONTIME,,,,,,,,,00:15,01:02,,,HAN,HAN,PUS,International,VJ,,,,,,,,,,,,
,2026-07-19,____/VJ938,A693,A321,HAN-KIX,,01:20,,01:20,,01:19,01:20,01:23,,,ONTIME,ONTIME,ONTIME,,,,,,,,,00:30,01:17,,,HAN,HAN,KIX,International,VJ,,,,,,,,,,,,
,2026-07-19,____/VJ960,A629,A321,HAN-ICN,,01:40,,01:40,,01:39,01:40,01:45,,,ONTIME,ONTIME,ONTIME,,,,,,,,,00:50,01:37,,,HAN,HAN,ICN,International,VJ,,,,,,,,,,,,
,2026-07-19,____/VJ920,A203,A321,HAN-NGO,,01:40,,01:40,,01:28,01:30,01:34,,,EARLY,ONTIME,ONTIME,,,,,,,,,00:50,01:25,,,HAN,HAN,NGO,International,VJ,,,,,,,,,,,,
,2026-07-19,____/VJ1980,A663,A320,HAN-FSZ,,02:40,,02:40,,02:26,02:27,02:37,,,EARLY,ONTIME,ONTIME,,,,,,,,,01:55,02:13,,,HAN,HAN,FSZ,International,VJ,,,,,,,,,,,,
,2026-07-19,____/VJ123,A656,A320,HAN-SGN,,05:30,,05:30,,05:24,05:25,05:30,,,EARLY,ONTIME,ONTIME,,,,,,,,,04:45,05:22,,,HAN,HAN,SGN,Domestic,VJ,,,,,,,,,,,,
,2026-07-19,____/VJ445,A554,A321,HAN-PQC,,05:30,,05:30,,05:20,05:21,05:24,,,EARLY,ONTIME,ONTIME,,,,,,,,,04:45,05:18,,,HAN,HAN,PQC,Domestic,VJ,,,,,,,,,,,,
,2026-07-19,____/VJ501,A637,A321,HAN-DAD,,05:40,,05:40,,05:34,05:35,05:45,,,EARLY,ONTIME,ONTIME,,,,,,,,,04:50,05:32,,,HAN,HAN,DAD,Domestic,VJ,,,,,,,,,,,,
,2026-07-19,____/VJ771,A658,A320,HAN-CXR,,06:00,,06:00,,05:54,05:55,06:04,,,EARLY,ONTIME,ONTIME,,,,,,,,,05:15,05:52,,,HAN,HAN,CXR,Domestic,VJ,,,,,,,,,,,,
,2026-07-19,____/VJ491,A534,A321,HAN-BMV,,06:00,,06:00,,05:54,05:55,06:10,,,EARLY,ONTIME,ONTIME,,,,,,,,,05:10,05:52,,,HAN,HAN,BMV,Domestic,VJ,,,,,,,,,,,,
,2026-07-19,____/VJ1775,A539,A321,HAN-CXR,,06:00,,06:00,,05:59,06:00,06:15,,,ONTIME,ONTIME,ONTIME,,,,,,,,,05:10,5..57,,,HAN,HAN,CXR,Domestic,VJ,,,,,,,,,,,,
,2026-07-19,____/VJ121,A684,A321,HAN-SGN,,06:00,,06:00,,05:59,06:00,06:08,,,ONTIME,ONTIME,ONTIME,,,,,,,,,05:15,05:58,,,HAN,HAN,SGN,Domestic,VJ,,,,,,,,,,,,
,2026-07-19,____/VJ431,A650,A320,HAN-UIH,,06:05,,06:05,,06:04,06:05,06:20,,,ONTIME,ONTIME,ONTIME,,,,,,,,,05:11,06:03,,,HAN,HAN,UIH,Domestic,VJ,,,,,,,,,,,,
,2026-07-19,____/VJ952,A671,A320,HAN-HIJ,,06:15,,06:15,,06:14,06:15,06:25,,,ONTIME,ONTIME,ONTIME,,,,,,,,,05:26,06:12,,,HAN,HAN,HIJ,International,VJ,,,,,,,,,,,,
,2026-07-19,____/VJ531,A657,A321,HAN-DAD,,06:30,,06:30,,06:24,06:25,06:45,,,EARLY,ONTIME,ONTIME,,,,,,,,,05:50,06:22,,,HAN,HAN,DAD,Domestic,VJ,,,,,,,,,,,,
,2026-07-19,____/VJ461,A632,A321,HAN-VCA,,06:45,,06:45,,06:39,06:40,06:55,,,EARLY,ONTIME,ONTIME,,,,,,,,,05:55,06:37,,,HAN,HAN,VCA,Domestic,VJ,,,,,,,,,,,,
,2026-07-19,____/VJ2987,A526,A321,HAN-DAD,,06:45,,06:45,06:05,06:35,06:36,06:55,,,EARLY,ONTIME,ONTIME,,,,,,,,,,,X,,HAN,HAN,DAD,Domestic,VJ,,,,,,,,,,,,
,2026-07-19,____/VJ125,A676,A320,HAN-SGN,,07:00,,07:00,,06:53,06:54,07:15,,,EARLY,ONTIME,ONTIME,,,,,,,,,06:10,06:50,,,HAN,HAN,SGN,Domestic,VJ,,,,,,,,,,,,
,2026-07-19,____/VJ1771,A543,A321,HAN-CXR,,07:00,,07:00,,06:54,06:55,07:14,,,EARLY,ONTIME,ONTIME,,,,,,,,,06:13,06:52,,,HAN,HAN,CXR,Domestic,VJ,,,,,,,,,,,,
,2026-07-19,VJ7713/VJ421,A666,A320,PKX-HAN-PXU,03:55,07:10,03:55,07:10,04:00,07:04,07:05,07:20,03:15,03:05,EARLY,ONTIME,ONTIME,ONTIME,,,,,,,,06:20,07:02,,,HAN,PKX,PXU,Domestic,VJ,,,,,,,,,,,,
,2026-07-19,____/VJ905,A697,A321,HAN-KUL,,07:25,,07:25,,07:19,07:20,07:30,,,EARLY,ONTIME,ONTIME,,,,,,,,,06:40,07:16,,,HAN,HAN,KUL,International,VJ,,,,,,,,,,,,
,2026-07-19,____/VJ535,A647,A321,HAN-DAD,,07:25,,07:25,,07:24,07:25,07:30,,,ONTIME,ONTIME,ONTIME,,,,,,,,,06:35,07:22,,,HAN,HAN,DAD,Domestic,VJ,,,,,,,,,,,,
,2026-07-19,____/VJ503,A661,A321,HAN-DAD,,07:30,,07:30,,07:29,07:30,07:38,,,ONTIME,ONTIME,ONTIME,,,,,,,,,06:46,07:26,,,HAN,HAN,DAD,Domestic,VJ,,,,,,,,,,,,
,2026-07-19,____/VJ930,A547,A321,HAN-KIX,,07:55,,07:55,,08:04,08:05,08:10,,,DELAY,ONTIME,ONTIME,,,15A,00:10,,,,,07:12,08:02,,"OFLD 1 PAX, 2 BAG",HAN,HAN,KIX,International,VJ,,,,,,,,,,,,
,2026-07-19,VJ972/VJ934,A525,A321,DEL-HAN-NRT,05:40,07:55,05:40,07:55,06:00,07:54,07:55,07:58,02:15,01:55,ONTIME,ONTIME,ONTIME,DELAY,,,,,,,,07:10,07:50,,,HAN,DEL,NRT,International,VJ,,,,,,,,,,,,
,2026-07-19,VJ120/VJ127,A642,A321,SGN-HAN-SGN,07:10,08:10,07:10,08:10,07:10,07:54,07:55,08:02,01:00,00:45,EARLY,ONTIME,ONTIME,ONTIME,,,,,,,,07:20,07:52,,,HAN,SGN,SGN,Domestic,VJ,,,,,,,,,,,,
,2026-07-19,VJ1780/VJ1779,A635,A321,CXR-HAN-CXR,07:50,08:20,07:50,08:20,08:00,08:23,08:24,08:25,00:30,00:24,DELAY,ONTIME,ONTIME,ONTIME,,93,00:04,,,,,07:50,08:21,,,HAN,CXR,CXR,Domestic,VJ,,,,,,,,,,,,
,2026-07-19,____/VJ929,A553,A321,HAN-CGK,,08:40,,08:40,,08:39,08:40,08:42,,,ONTIME,ONTIME,ONTIME,,,,,,,,,07:55,08:36,,,HAN,HAN,CGK,International,VJ,,,,,,,,,,,,
,2026-07-19,VJ124/VJ129,A699,A320,SGN-HAN-SGN,08:15,08:45,08:15,08:45,08:20,08:44,08:45,08:49,00:30,00:25,ONTIME,ONTIME,ONTIME,ONTIME,,,,,,,,08:20,08:42,,,HAN,SGN,SGN,Domestic,VJ,,,,,,,,,,,,
,2026-07-19,____/VJ447,A662,A320,HAN-PQC,,08:45,,08:45,,08:44,08:45,08:50,,,ONTIME,ONTIME,ONTIME,,,,,,,,,08:00,08:40,,,HAN,HAN,PQC,Domestic,VJ,,,,,,,,,,,,
,2026-07-19,____/VJ435,A655,A320,HAN-UIH,,08:50,,08:50,,08:44,08:45,08:50,,,EARLY,ONTIME,ONTIME,,,,,,,,,08:00,08:41,,,HAN,HAN,UIH,Domestic,VJ,,,,,,,,,,,,
,2026-07-19,VJ7621/VJ7621,A549,A321,BAX-HAN-CXR,08:30,09:00,08:30,09:00,07:50,08:28,08:29,08:50,00:30,00:39,EARLY,ONTIME,ONTIME,ONTIME,,,,,,,,,,X,,HAN,BAX,CXR,Domestic,VJ,,,,,,,,,,,,
,2026-07-19,VJ514/VJ563,A637,A321,DAD-HAN-HUI,08:50,09:20,08:50,09:20,09:05,09:28,09:30,09:35,00:30,00:25,DELAY,ONTIME,ONTIME,ONTIME,,93,00:05,99,00:05,,,08:55,09:18,,CAPT AND MCC SIGN FUEL RECIEPT,HAN,DAD,HUI,Domestic,VJ,,,,,,,,,,,,
,2026-07-19,VJ502/VJ505,A630,A321,DAD-HAN-DAD,08:30,09:20,08:30,09:20,08:40,09:14,09:15,09:23,00:50,00:35,EARLY,ONTIME,ONTIME,ONTIME,,,,,,,,08:35,09:11,,,HAN,DAD,DAD,Domestic,VJ,,,,,,,,,,,,
,2026-07-19,____/VJ915,A500,A321,HAN-SIN,,09:35,,09:35,,09:30,09:31,09:40,,,EARLY,ONTIME,ONTIME,,,,,,,,,08:40,09:27,,,HAN,HAN,SIN,International,VJ,,,,,,,,,,,,
,2026-07-19,VJ963/VJ1773,A542,A321,ICN-HAN-CXR,08:55,10:00,08:55,10:00,08:33,09:54,09:55,09:57,01:05,01:22,EARLY,ONTIME,ONTIME,ONTIME,,,,,,,,09:10,09:51,,,HAN,ICN,CXR,Domestic,VJ,,,,,,,,,,,,
,2026-07-19,VJ1124/VJ1433,A669,A320,SGN-HAN-UIH,09:40,10:10,09:40,10:10,09:45,10:09,10:10,10:15,00:30,00:25,ONTIME,ONTIME,ONTIME,ONTIME,,,,,,,,09:40,10:08,,,HAN,SGN,UIH,Domestic,VJ,,,,,,,,,,,,
,2026-07-19,VJ532/VJ425,A522,A321,DAD-HAN-PXU,09:45,10:20,09:45,10:20,10:45,11:34,11:35,12:18,00:35,00:50,DELAY,DELAY,DELAY,DELAY,,93,00:55,41,00:20,,,11:15,11:34,,TECHNICAL CHECK - TECHLOG RECORD HARD LANDING,HAN,DAD,PXU,Domestic,VJ,,,,,,,,,,,,
,2026-07-19,VJ430/VJ463,A650,A320,UIH-HAN-VCA,09:50,10:20,09:50,10:20,09:55,10:19,10:20,10:25,00:30,00:25,ONTIME,ONTIME,ONTIME,ONTIME,,,,,,,,09:45,10:17,,,HAN,UIH,VCA,Domestic,VJ,,,,,,,,,,,,
,2026-07-19,VJ122/VJ997,A578,A321,SGN-HAN-DPS,09:05,10:25,09:05,10:25,09:20,10:24,10:25,10:29,01:20,01:05,ONTIME,ONTIME,ONTIME,ONTIME,,,,,,,,09:40,10:21,,,HAN,SGN,DPS,International,VJ,,,,,,,,,,,,
,2026-07-19,VJ492/VJ493,A534,A321,BMV-HAN-BMV,10:00,10:35,10:00,10:35,10:20,10:42,10:43,10:45,00:35,00:23,DELAY,ONTIME,ONTIME,DELAY,,93,00:08,,,,,10:15,10:40,,,HAN,BMV,BMV,Domestic,VJ,,,,,,,,,,,,
,2026-07-19,VJ126/VJ131,A820,A330,SGN-HAN-SGN,09:40,10:40,09:40,10:40,10:30,11:09,11:10,11:35,01:00,00:40,DELAY,DELAY,DELAY,DELAY,,93,00:30,,,,,10:20,11:06,,,HAN,SGN,SGN,Domestic,VJ,,,,,,,,,,,,
,2026-07-19,VJ770/VJ437,A658,A320,CXR-HAN-UIH,10:10,10:40,10:10,10:40,10:45,11:06,11:07,11:17,00:30,00:22,DELAY,DELAY,DELAY,DELAY,,93,00:27,,,,,10:35,11:04,,,HAN,CXR,UIH,Domestic,VJ,,,,,,,,,,,,
,2026-07-19,VJ1776/VJ565,A539,A321,CXR-HAN-HUI,10:10,10:45,10:10,10:45,10:45,11:14,11:15,11:35,00:35,00:30,DELAY,DELAY,DELAY,DELAY,,93,00:30,,,,,10:45,11:12,,,HAN,CXR,HUI,Domestic,VJ,,,,,,,,,,,,
,2026-07-19,VJ536/VJ537,A647,A321,DAD-HAN-DAD,10:35,11:05,10:35,11:05,11:00,12:09,12:10,12:15,00:30,01:10,DELAY,DELAY,DELAY,DELAY,,93,00:25,77,00:40,,,10:50,11:35,,BAD WEATHER AT HAN TTOT 1230,HAN,DAD,DAD,Domestic,VJ,,,,,,,,,,,,
,2026-07-19,VJ448/VJ901,A554,A321,PQC-HAN-BKK,10:15,11:10,10:15,11:10,10:15,10:59,11:00,11:05,00:55,00:45,EARLY,ONTIME,ONTIME,ONTIME,,,,,,,,10:31,10:53,,,HAN,PQC,BKK,International,VJ,,,,,,,,,,,,
,2026-07-19,VJ524/VJ507,A661,A321,DAD-HAN-DAD,10:40,11:15,10:40,11:15,10:55,11:24,11:25,12:02,00:35,00:30,DELAY,ONTIME,DELAY,ONTIME,,93,00:10,,,,,10:50,11:22,,,HAN,DAD,DAD,Domestic,VJ,,,,,,,,,,,,
,2026-07-19,VJ130/VJ133,A639,A321,SGN-HAN-SGN,10:50,11:20,10:50,13:45,13:40,14:37,14:38,15:15,02:55,00:58,DELAY,DELAY,DELAY,DELAY,,93,00:25,99,00:20,,,13:35,14:34,,CAPT REQ NOT DOOR CLOSE DUE TO ATC,HAN,SGN,SGN,Domestic,VJ,,,,,,,,,,,,
,2026-07-19,VJ504/VJ135,A812,A330,DAD-HAN-SGN,10:45,11:35,10:45,11:35,11:20,12:01,12:02,12:28,00:50,00:42,DELAY,DELAY,DELAY,DELAY,,93,00:27,,,,,11:20,11:58,,LATE PUSH BACK  DUE TO ATC,HAN,DAD,SGN,Domestic,VJ,,,,,,,,,,,,
,2026-07-19,VJ422/VJ451,A666,A320,PXU-HAN-PQC,10:50,11:45,10:50,11:45,11:00,12:04,12:05,12:57,00:55,01:05,DELAY,DELAY,DELAY,ONTIME,,99,00:20,,,,,11:05,11:40,,CAPT REQ NOT DOOR CLOSE DUE TO ATC,HAN,PXU,PQC,Domestic,VJ,,,,,,,,,,,,
,2026-07-19,VJ981/VJ1453,A636,A321,PUS-HAN-PQC,10:40,11:50,10:40,11:50,10:25,12:04,12:05,12:49,01:10,01:40,DELAY,ONTIME,DELAY,ONTIME,,87,00:15,,,,,11:35,12:02,,LATE A/C POSITIONING DUE TO RAMP CONGESTION,HAN,PUS,PQC,Domestic,VJ,,,,,,,,,,,,
,2026-07-19,VJ128/VJ137,A676,A320,SGN-HAN-SGN,11:50,12:20,11:50,12:20,13:15,13:44,13:45,14:47,00:30,00:30,DELAY,DELAY,DELAY,DELAY,,93,01:25,,,,,13:05,13:41,,,HAN,SGN,SGN,Domestic,VJ,,,,,,,,,,,,
,2026-07-19,VJ462/VJ515,A632,A321,VCA-HAN-DAD,11:40,12:20,11:40,12:20,12:25,12:59,13:00,13:50,00:40,00:35,DELAY,DELAY,DELAY,DELAY,,93,00:35,66,00:05,,,12:20,12:58,,CREW OB 1236,HAN,VCA,DAD,Domestic,VJ,,,,,,,,,,,,
,2026-07-19,VJ506/VJ453,A526,A321,DAD-HAN-PQC,12:15,13:00,12:15,13:00,13:20,13:49,13:50,14:35,00:45,00:30,DELAY,DELAY,DELAY,DELAY,,93,00:50,,,,,13:15,13:47,,,HAN,DAD,PQC,Domestic,VJ,,,,,,,,,,,,
,2026-07-19,VJ432/VJ509,A655,A320,UIH-HAN-DAD,12:35,13:05,12:35,13:40,13:30,13:54,13:55,14:48,01:05,00:25,DELAY,ONTIME,DELAY,DELAY,,93,00:15,,,,,13:30,14:07,,LATE PUSH BACK  DUE TO ATC,HAN,UIH,DAD,Domestic,VJ,,,,,,,,,,,,
,2026-07-19,VJ564/VJ787,A637,A321,HUI-HAN-CXR,12:20,13:10,12:20,13:50,13:40,14:09,14:10,15:20,01:30,00:30,DELAY,DELAY,DELAY,DELAY,,93,00:20,,,,,13:25,14:06,,,HAN,HUI,CXR,Domestic,VJ,,,,,,,,,,,,
,2026-07-19,VJ542/VJ433,A551,A321,DAD-HAN-UIH,12:00,13:20,12:00,13:20,13:10,13:33,13:35,14:30,01:20,00:25,DELAY,ONTIME,DELAY,DELAY,,93,00:15,,,,,13:05,13:30,,LATE PUSHBACK  DUE TO ATC,HAN,DAD,UIH,Domestic,VJ,,,,,,,,,,,,
,2026-07-19,VJ1772/VJ948,A543,A321,CXR-HAN-RMQ,11:15,13:30,11:15,13:30,12:10,13:34,13:35,13:57,02:15,01:25,DELAY,ONTIME,DELAY,DELAY,,99,00:05,,,,,12:40,13:33,,LATE ACCEPT 03PAX+02BAG/LATE PUSHBACK DUE TO ATC,HAN,CXR,RMQ,International,VJ,,,,,,,,,,,,
,2026-07-19,VJ939/VJ441,A693,A321,KIX-HAN-PQC,12:20,14:00,12:20,14:00,11:50,13:59,14:00,14:50,01:40,02:10,ONTIME,ONTIME,DELAY,ONTIME,,,,,,,,13:15,13:55,,LATE PUSHBACK  DUE TO ATC,HAN,KIX,PQC,Domestic,VJ,,,,,,,,,,,,
,2026-07-19,VJ538/VJ525,A647,A321,DAD-HAN-DAD,14:15,14:20,14:15,16:30,16:20,16:54,16:55,17:30,02:15,00:35,DELAY,DELAY,DELAY,DELAY,,93,00:20,66,00:05,,,16:25,16:51,,CREW OB 1629L,HAN,DAD,DAD,Domestic,VJ,,,,,,,,,,,,
,2026-07-19,VJ921/VJ942,A203,A321,NGO-HAN-TPE,12:50,14:25,12:50,14:25,13:00,14:24,14:25,15:32,01:35,01:25,ONTIME,ONTIME,DELAY,ONTIME,,,,,,,,13:40,14:20,,LATE PUSHBACK  DUE TO ATC,HAN,NGO,TPE,International,VJ,,,,,,,,,,,,
,2026-07-19,VJ1434/VJ1125,A669,A320,UIH-HAN-SGN,14:00,14:30,14:00,14:30,15:05,15:29,15:30,16:05,00:30,00:25,DELAY,DELAY,DELAY,DELAY,,93,01:00,,,,,15:00,15:27,,LATE PUSHBACK  DUE TO ATC,HAN,UIH,SGN,Domestic,VJ,,,,,,,,,,,,
,2026-07-19,____/VJ145,A670,A321,HAN-SGN,,14:40,,14:40,,14:49,14:50,15:28,,,DELAY,ONTIME,DELAY,,,15A,00:10,,,,,14:00,14:44,,"OFLD 3 PAX, 2 BAG",HAN,HAN,SGN,Domestic,VJ,,,,,,,,,,,,
,2026-07-19,VJ1504/VJ1505,A646,A321,DAD-HAN-DAD,14:15,14:50,14:15,16:45,16:50,17:19,17:20,17:47,02:30,00:30,DELAY,DELAY,DELAY,DELAY,,93,00:35,,,,,16:45,17:17,,,HAN,DAD,DAD,Domestic,VJ,,,,,,,,,,,,
,2026-07-19,VJ136/VJ946,A684,A321,SGN-HAN-KHH,14:10,14:55,14:10,15:45,15:15,15:54,15:55,17:30,01:35,00:40,DELAY,ONTIME,DELAY,DELAY,,66,00:10,,,,,15:30,15:52,,CREW OB 1530/LATE PUSHBACK  DUE TO ATC,HAN,SGN,KHH,International,VJ,,,,,,,,,,,,
,2026-07-19,VJ440/VJ423,A662,A320,PQC-HAN-PXU,13:30,15:05,13:30,15:05,14:20,15:01,15:02,16:15,01:35,00:42,EARLY,ONTIME,DELAY,DELAY,,,,,,,,14:15,14:58,,LATE PUSHBACK  DUE TO ATC,HAN,PQC,PXU,Domestic,VJ,,,,,,,,,,,,
,2026-07-19,VJ1774/VJ1451,A542,A321,CXR-HAN-PQC,14:20,15:05,14:20,15:05,15:15,15:39,15:40,16:45,00:45,00:25,DELAY,DELAY,DELAY,DELAY,,93,00:35,,,,,15:05,15:37,,,HAN,CXR,PQC,Domestic,VJ,,,,,,,,,,,,
,2026-07-19,VJ961/VJ419,A629,A321,ICN-HAN-TBB,13:35,15:10,13:35,15:10,13:35,15:09,15:10,16:05,01:35,01:35,ONTIME,ONTIME,DELAY,ONTIME,,,,,,,,14:20,15:06,,LATE PUSHBACK  DUE TO ATC,HAN,ICN,TBB,Domestic,VJ,,,,,,,,,,,,
,2026-07-19,VJ566/VJ511,A539,A321,HUI-HAN-DAD,13:45,15:10,13:45,16:40,15:45,16:37,16:38,16:50,02:55,00:53,EARLY,ONTIME,DELAY,DELAY,,,,,,,,15:52,16:34,,,HAN,HUI,DAD,Domestic,VJ,,,,,,,,,,,,
,2026-07-19,VJ933/VJ467,A202,A321,NRT-HAN-VCA,13:05,15:15,13:05,15:15,13:15,15:19,15:20,15:45,02:10,02:05,DELAY,ONTIME,DELAY,ONTIME,,15A,00:05,,,,,14:30,15:12,,OFF 01 PAX 01 BAG / LATE PUSHBACK DUE TO ATC,HAN,NRT,VCA,Domestic,VJ,,,,,,,,,,,,
,2026-07-19,VJ436/VJ439,A658,A320,UIH-HAN-UIH,14:25,15:40,14:25,16:10,15:35,16:04,16:05,17:15,01:45,00:30,EARLY,ONTIME,DELAY,DELAY,,,,,,,,15:30,16:01,,LATE PUSHBACK  DUE TO ATC,HAN,UIH,UIH,Domestic,VJ,,,,,,,,,,,,
,2026-07-19,VJ1981/VJ903,A663,A320,FSZ-HAN-BKK,14:00,15:45,14:00,15:45,13:35,15:28,15:30,16:43,01:45,01:55,EARLY,ONTIME,DELAY,ONTIME,,,,,,,,14:55,15:22,,,HAN,FSZ,BKK,International,VJ,,,,,,,,,,,,
,2026-07-19,VJ494/VJ567,A534,A321,BMV-HAN-HUI,14:35,15:55,14:35,15:55,15:00,15:54,15:55,16:45,01:20,00:55,ONTIME,ONTIME,DELAY,DELAY,,,,,,,,15:10,15:50,,LATE PUSHBACK  DUE TO ATC,HAN,BMV,HUI,Domestic,VJ,,,,,,,,,,,,
,2026-07-19,VJ452/VJ773,A649,A321,PQC-HAN-CXR,16:45,16:10,16:45,17:40,17:30,17:59,18:00,18:20,00:55,00:30,DELAY,DELAY,DELAY,DELAY,,93,00:20,,,,,17:25,17:58,,LATE PUSHBACK  DUE TO ATC,HAN,PQC,CXR,Domestic,VJ,,,,,,,,,,,,
,2026-07-19,VJ464/VJ913,A650,A320,VCA-HAN-SAI,15:10,16:20,15:10,16:20,15:55,16:29,16:30,17:45,01:10,00:35,DELAY,ONTIME,DELAY,DELAY,,66,00:10,,,,,16:08,16:26,,CREW OB 1611 (LATE ARR),HAN,VCA,SAI,International,VJ,,,,,,,,,,,,
,2026-07-19,VJ510/VJ539,A661,A321,DAD-HAN-DAD,14:35,16:20,14:35,16:20,16:30,16:59,17:00,17:20,01:45,00:30,DELAY,DELAY,DELAY,DELAY,,93,00:40,,,,,16:30,16:57,,LATE PUSHBACK  DUE TO ATC,HAN,DAD,DAD,Domestic,VJ,,,,,,,,,,,,
,2026-07-19,VJ906/VJ193,A697,A321,KUL-HAN-SGN,14:40,16:45,14:40,16:45,16:10,16:49,16:50,17:45,02:05,00:40,DELAY,ONTIME,DELAY,DELAY,,66,00:05,,,,,16:10,16:47,,CREW OB 1620/LATE PUSHBACK  DUE TO ATC,HAN,KUL,SGN,Domestic,VJ,,,,,,,,,,,,
,2026-07-19,VJ140/VJ151,A643,A321,SGN-HAN-SGN,16:20,16:50,16:20,18:45,18:40,19:09,19:10,20:12,02:25,00:30,DELAY,DELAY,DELAY,DELAY,,,,,,,,18:40,19:06,,,HAN,SGN,SGN,Domestic,VJ,,,,,,,,,,,,
,2026-07-19,VJ454/VJ457,A666,A320,PQC-HAN-PQC,16:45,17:10,16:45,18:35,17:50,18:23,18:24,19:36,01:50,00:34,EARLY,ONTIME,DELAY,DELAY,,,,,,,,17:50,18:20,,LATE PUSHBACK  DUE TO ATC,HAN,PQC,PQC,Domestic,VJ,,,,,,,,,,,,
,2026-07-19,VJ426/VJ465,A522,A321,PXU-HAN-VCA,14:05,17:15,14:05,17:15,14:30,17:14,17:15,17:45,03:10,02:45,ONTIME,ONTIME,DELAY,DELAY,,,,,,,,16:30,17:00,,,HAN,PXU,VCA,Domestic,VJ,,,,,,,,,,,,
,2026-07-19,VJ434/VJ495,A551,A321,UIH-HAN-BMV,17:10,17:30,17:10,19:15,18:57,19:36,19:37,20:33,02:05,00:40,DELAY,DELAY,DELAY,DELAY,,93,00:12,66,00:10,,,19:08,19:34,,CREW OB 1911,HAN,UIH,BMV,Domestic,VJ,,,,,,,,,,,,
,2026-07-19,VJ1454/VJ141,A636,A321,PQC-HAN-SGN,16:35,17:35,16:35,18:20,18:10,18:39,18:40,18:52,01:45,00:30,DELAY,DELAY,DELAY,DELAY,,93,00:20,,,,,18:10,18:37,,,HAN,PQC,SGN,Domestic,VJ,,,,,,,,,,,,
,2026-07-19,VJ953/VJ1431,A671,A320,HIJ-HAN-UIH,16:10,17:40,16:10,17:40,16:50,17:34,17:35,18:38,01:30,00:45,EARLY,ONTIME,DELAY,DELAY,,,,,,,,16:55,17:30,,LATE PUSHBACK  DUE TO ATC,HAN,HIJ,UIH,Domestic,VJ,,,,,,,,,,,,
,2026-07-19,VJ902/VJ517,A554,A321,BKK-HAN-DAD,15:50,17:45,15:50,17:45,16:20,17:42,17:43,18:55,01:55,01:23,EARLY,ONTIME,DELAY,DELAY,,,,,,,,16:55,17:40,,,HAN,BKK,DAD,Domestic,VJ,,,,,,,,,,,,
,2026-07-19,VJ774/VJ153,A637,A321,CXR-HAN-SGN,17:15,18:05,17:15,20:35,19:50,20:34,20:35,21:45,03:20,00:45,ONTIME,ONTIME,DELAY,DELAY,,,,,,,,20:05,20:31,,,HAN,CXR,SGN,Domestic,VJ,,,,,,,,,,,,
,2026-07-19,VJ508/VJ781,A632,A321,DAD-HAN-CXR,15:35,18:15,15:35,19:00,17:50,18:59,19:00,19:55,03:25,01:10,ONTIME,ONTIME,DELAY,DELAY,,,,,,,,18:15,18:55,,LATE PUSHBACK  DUE TO ATC,HAN,DAD,CXR,Domestic,VJ,,,,,,,,,,,,
,2026-07-19,VJ528/VJ789,A647,A321,DAD-HAN-CXR,17:40,18:45,17:40,22:30,21:50,22:23,22:25,22:55,04:50,00:35,EARLY,ONTIME,DELAY,DELAY,,,,,,,,21:55,22:22,,,HAN,DAD,CXR,Domestic,VJ,,,,,,,,,,,,
,2026-07-19,VJ512/VJ521,A539,A321,DAD-HAN-DAD,18:20,18:50,18:20,20:40,20:25,20:54,20:55,21:25,02:20,00:30,DELAY,ONTIME,DELAY,DELAY,,93,00:15,,,,,20:25,20:50,,LATE PUSHBACK  DUE TO ATC,HAN,DAD,DAD,Domestic,VJ,,,,,,,,,,,,
,2026-07-19,VJ928/VJ147,A553,A321,CGK-HAN-SGN,18:15,19:15,18:15,19:15,18:50,19:36,19:37,20:03,01:00,00:47,DELAY,DELAY,DELAY,DELAY,,93,00:05,66,00:05,89,00:12,18:45,19:34,,ATC,HAN,CGK,SGN,Domestic,VJ,,,,,,,,,,,,
,2026-07-19,VJ144/VJ561,A532,A321,SGN-HAN-HUI,18:05,19:15,18:05,19:15,19:05,19:29,19:30,20:25,01:10,00:25,DELAY,ONTIME,DELAY,DELAY,,93,00:15,,,,,19:05,19:25,,LATE PUSHBACK  DUE TO ATC,HAN,SGN,HUI,Domestic,VJ,,,,,,,,,,,,
,2026-07-19,VJ456/VJ519,A526,A321,PQC-HAN-DAD,17:45,19:25,17:45,20:20,19:45,20:24,20:25,21:10,02:35,00:40,DELAY,ONTIME,DELAY,DELAY,,89,00:05,,,,,19:40,20:18,,LATE PUSHBACK  DUE TO ATC,HAN,PQC,DAD,Domestic,VJ,,,,,,,,,,,,
,2026-07-19,VJ148/VJ155,A535,A321,SGN-HAN-SGN,19:00,19:30,19:00,20:05,19:40,20:01,20:02,20:52,01:05,00:22,EARLY,ONTIME,DELAY,DELAY,,,,,,,,19:40,20:00,,LATE PUSHBACK  DUE TO ATC,HAN,SGN,SGN,Domestic,VJ,,,,,,,,,,,,
,2026-07-19,VJ568/VJ157,A534,A321,HUI-HAN-SGN,18:55,19:30,18:55,20:30,20:00,20:29,20:30,21:04,01:35,00:30,ONTIME,ONTIME,DELAY,DELAY,,,,,,,,20:00,20:25,,LATE PUSHBACK  DUE TO ATC,HAN,HUI,SGN,Domestic,VJ,,,,,,,,,,,,
,2026-07-19,VJ916/VJ1925,A500,A321,SIN-HAN-AMD,17:25,19:45,17:25,19:45,17:20,20:04,20:05,20:30,02:20,02:45,DELAY,DELAY,DELAY,ONTIME,,99,00:20,,,,,19:00,20:02,,SUPPORT 14 TRANSIT PAX,HAN,SIN,AMD,International,VJ,,,,,,,,,,,,
,2026-07-19,VJ7614/VJ7614,A549,A321,CXR-HAN-BQS,19:15,19:50,19:15,19:50,19:20,19:49,19:50,20:40,00:35,00:30,ONTIME,ONTIME,DELAY,ONTIME,,,,,,,,,,X,,HAN,CXR,BQS,International,VJ,,,,,,,,,,,,
,2026-07-19,VJ420/VJ523,A629,A321,TBB-HAN-DAD,19:15,19:50,19:15,21:00,20:25,20:59,21:00,22:03,01:45,00:35,ONTIME,ONTIME,DELAY,DELAY,,,,,,,,20:17,20:57,,LATE PUSHBACK  DUE TO ATC,HAN,TBB,DAD,Domestic,VJ,,,,,,,,,,,,
,2026-07-19,VJ438/VJ1785,A658,A320,UIH-HAN-CXR,19:25,20:00,19:25,23:00,21:20,22:53,22:55,23:06,03:35,01:35,EARLY,ONTIME,DELAY,DELAY,,,,,,,,22:03,22:51,,,HAN,UIH,CXR,Domestic,VJ,,,,,,,,,,,,
,2026-07-19,VJ424/VJ7712,A662,A320,PXU-HAN-PKX,18:45,20:00,18:45,21:00,20:10,20:53,20:54,21:08,02:15,00:44,EARLY,ONTIME,DELAY,DELAY,,,,,,,,20:20,20:50,,,HAN,PXU,PKX,International,VJ,,,,,,,,,,,,
,2026-07-19,VJ931/VJ455,A547,A321,KIX-HAN-PQC,18:30,20:05,18:30,20:05,18:55,19:58,19:59,20:35,01:35,01:04,EARLY,ONTIME,DELAY,DELAY,,,,,,,,19:15,19:56,,,HAN,KIX,PQC,Domestic,VJ,,,,,,,,,,,,
,2026-07-19,VJ442/VJ159,A693,A321,PQC-HAN-SGN,19:05,20:10,19:05,20:35,20:05,20:34,20:35,21:15,01:30,00:30,ONTIME,ONTIME,DELAY,DELAY,,,,,,,,20:05,20:30,,LATE PUSHBACK  DUE TO ATC,HAN,PQC,SGN,Domestic,VJ,,,,,,,,,,,,
,2026-07-19,VJ540/VJ783,A661,A321,DAD-HAN-CXR,19:30,20:25,19:30,21:25,20:45,21:19,21:20,21:35,01:55,00:35,EARLY,ONTIME,DELAY,DELAY,,,,,,,,20:35,21:16,,,HAN,DAD,CXR,Domestic,VJ,,,,,,,,,,,,
,2026-07-19,VJ1452/VJ1127,A542,A321,PQC-HAN-SGN,19:50,20:55,19:50,22:10,21:50,22:19,22:20,22:47,02:20,00:30,DELAY,ONTIME,DELAY,DELAY,,93,00:10,,,,,21:50,22:15,,,HAN,PQC,SGN,Domestic,VJ,,,,,,,,,,,,
,2026-07-19,VJ152/VJ161,A544,A321,SGN-HAN-SGN,19:40,20:55,19:40,20:55,19:50,20:49,20:50,21:25,01:15,01:00,EARLY,ONTIME,DELAY,ONTIME,,,,,,,,19:55,20:46,,,HAN,SGN,SGN,Domestic,VJ,,,,,,,,,,,,
,2026-07-19,VJ904/VJ7238,A663,A320,BKK-HAN-PVG,20:25,21:15,20:25,22:15,21:00,22:29,22:30,22:45,01:50,01:30,DELAY,ONTIME,DELAY,DELAY,,87,00:10,,,,,21:35,22:26,,GATE LIMITATION,HAN,BKK,PVG,International,VJ,,,,,,,,,,,,
,2026-07-19,VJ138/VJ527,A811,A330,SGN-HAN-DAD,19:15,21:25,19:15,21:25,20:40,21:24,21:25,21:55,02:10,00:45,ONTIME,ONTIME,DELAY,DELAY,,,,,,,,20:40,21:22,,LATE PUSHBACK  DUE TO ATC,HAN,SGN,DAD,Domestic,VJ,,,,,,,,,,,,
,2026-07-19,VJ154/VJ163,A635,A321,SGN-HAN-SGN,21:00,21:30,21:00,22:50,22:25,22:49,22:50,23:13,01:50,00:25,ONTIME,ONTIME,DELAY,DELAY,,,,,,,,22:20,22:45,,,HAN,SGN,SGN,Domestic,VJ,,,,,,,,,,,,
,2026-07-19,VJ949/VJ7526,A543,A321,RMQ-HAN-CAN,19:50,22:30,19:50,22:30,20:50,22:29,22:30,23:00,02:40,01:40,ONTIME,ONTIME,DELAY,DELAY,,,,,,,,21:45,22:27,,LATE PUSHBACK  DUE TO ATC,HAN,RMQ,CAN,International,VJ,,,,,,,,,,,,
,2026-07-19,VJ530/VJ529,A655,A320,DAD-HAN-DAD,16:15,22:35,16:15,01:10,18:35,01:04,01:05,01:07,08:55,06:30,EARLY,ONTIME,DELAY,DELAY,,,,,,,,00:20,01:02,,,HAN,DAD,DAD,Domestic,VJ,,,,,,,,,,,,
,2026-07-19,VJ562/VJ167,A532,A321,HUI-HAN-SGN,22:15,22:45,22:15,00:40,23:35,00:25,00:26,00:30,02:25,00:51,EARLY,ONTIME,DELAY,DELAY,,,,,,,,23:40,00:23,,,HAN,HUI,SGN,Domestic,VJ,,,,,,,,,,,,
,2026-07-19,VJ943/VJ962,A203,A321,TPE-HAN-ICN,20:55,23:15,20:55,23:45,22:40,23:24,23:25,23:30,02:50,00:45,EARLY,ONTIME,ONTIME,DELAY,,,,,,,,22:55,23:21,,,HAN,TPE,ICN,International,VJ,,,,,,,,,,,,
,2026-07-19,VJ158/VJ169,A674,A321,SGN-HAN-SGN,22:55,23:25,22:55,00:00,00:10,00:29,00:30,00:35,01:05,00:20,DELAY,DELAY,DELAY,ONTIME,,93,00:30,,,,,00:00,00:28,,,HAN,SGN,SGN,Domestic,VJ,,,,,,,,,,,,
,2026-07-19,AI2390/AI2391,VT-TQI,A320,DEL-HAN-DEL,07:20,08:20,07:20,08:20,07:48,08:36,08:37,08:39,01:00,00:49,DELAY,DELAY,DELAY,DELAY,,93,00:17,,,,,,,,,HAN,DEL,DEL,International,AI,,,,,,,,,,,,
,2026-07-20,____/VJ7988,A554,A321,HAN-VVO,,00:25,,00:25,,00:34,00:35,00:47,,,DELAY,ONTIME,DELAY,,,93,00:10,,,,,,,X,,HAN,HAN,VVO,International,VJ,,,,,,,,,,,,
,2026-07-20,____/VJ932,A202,A321,HAN-NRT,,00:30,,00:30,,00:27,00:28,00:35,,,EARLY,ONTIME,ONTIME,,,,,,,,,23:35,00:25,,,HAN,HAN,NRT,International,VJ,,,,,,,,,,,,
,2026-07-20,____/VJ960,A522,A321,HAN-ICN,,01:40,,01:40,,01:34,01:35,01:36,,,EARLY,ONTIME,ONTIME,,,,,,,,,00:39,01:31,,,HAN,HAN,ICN,International,VJ,,,,,,,,,,,,
,2026-07-20,____/VJ982,A670,A321,HAN-PUS,,01:05,,01:45,,01:44,01:45,01:53,,,ONTIME,ONTIME,DELAY,,,,,,,,,01:15,01:41,,,HAN,HAN,PUS,International,VJ,,,,,,,,,,,,
,2026-07-20,____/VJ938,A551,A321,HAN-KIX,,01:20,,01:50,,01:40,01:41,01:47,,,EARLY,ONTIME,DELAY,,,,,,,,,00:58,01:36,,,HAN,HAN,KIX,International,VJ,,,,,,,,,,,,
,2026-07-20,____/VJ920,A526,A321,HAN-NGO,,01:40,,02:10,,02:09,02:10,02:20,,,ONTIME,ONTIME,DELAY,,,,,,,,,01:30,02:06,,,HAN,HAN,NGO,International,VJ,,,,,,,,,,,,
,2026-07-20,____/VJ123,A650,A320,HAN-SGN,,05:30,,05:30,,05:24,05:25,05:31,,,EARLY,ONTIME,ONTIME,,,,,,,,,04:45,05:20,,,HAN,HAN,SGN,Domestic,VJ,,,,,,,,,,,,
,2026-07-20,____/VJ445,A630,A321,HAN-PQC,,05:30,,05:30,,05:24,05:25,05:32,,,EARLY,ONTIME,ONTIME,,,,,,,,,04:45,05:20,,,HAN,HAN,PQC,Domestic,VJ,,,,,,,,,,,,
,2026-07-20,____/VJ501,A201,A321,HAN-DAD,,05:40,,05:40,,05:34,05:35,05:38,,,EARLY,ONTIME,ONTIME,,,,,,,,,04:55,05:32,,,HAN,HAN,DAD,Domestic,VJ,,,,,,,,,,,,
,2026-07-20,____/VJ1775,A649,A321,HAN-CXR,,05:45,,05:45,,07:14,07:15,07:25,,,DELAY,DELAY,DELAY,,,63A,01:30,,,,,06:45,07:12,,CAPT SHOW UP LATE,HAN,HAN,CXR,Domestic,VJ,,,,,,,,,,,,
,2026-07-20,____/VJ121,A646,A321,HAN-SGN,,06:00,,06:00,,05:54,05:55,06:05,,,EARLY,ONTIME,ONTIME,,,,,,,,,05:15,05:52,,,HAN,HAN,SGN,Domestic,VJ,,,,,,,,,,,,
,2026-07-20,VJ7713/VJ771,A662,A320,PKX-HAN-CXR,04:40,06:00,04:40,06:00,05:10,05:54,05:55,06:00,01:20,00:45,EARLY,ONTIME,ONTIME,DELAY,,,,,,,,05:20,05:50,,,HAN,PKX,CXR,Domestic,VJ,,,,,,,,,,,,
,2026-07-20,____/VJ491,A534,A321,HAN-BMV,,06:00,,06:00,,05:54,05:55,06:05,,,EARLY,ONTIME,ONTIME,,,,,,,,,05:15,05:00,,,HAN,HAN,BMV,Domestic,VJ,,,,,,,,,,,,
,2026-07-20,____/VJ431,A671,A320,HAN-UIH,,06:05,,06:05,,05:59,06:00,06:08,,,EARLY,ONTIME,ONTIME,,,,,,,,,05:15,05:57,,,HAN,HAN,UIH,Domestic,VJ,,,,,,,,,,,,
,2026-07-20,____/VJ449,A632,A321,HAN-PQC,,06:30,,06:30,,07:19,07:20,07:29,,,DELAY,DELAY,DELAY,,,,,41,00:50,,,05:45,06:25,,TECHNICAL CHECK,HAN,HAN,PQC,Domestic,VJ,,,,,,,,,,,,
,2026-07-20,____/VJ531,A658,A320,HAN-DAD,,06:30,,06:30,,06:29,06:30,06:35,,,ONTIME,ONTIME,ONTIME,,,,,,,,,05:50,06:27,,,HAN,HAN,DAD,Domestic,VJ,,,,,,,,,,,,
,2026-07-20,____/VJ461,A629,A321,HAN-VCA,,06:45,,06:45,,06:39,06:40,06:50,,,EARLY,ONTIME,ONTIME,,,,,,,,,05:55,06:36,,,HAN,HAN,VCA,Domestic,VJ,,,,,,,,,,,,
,2026-07-20,____/VJ125,A676,A320,HAN-SGN,,07:00,,07:00,,06:54,06:55,06:57,,,EARLY,ONTIME,ONTIME,,,,,,,,,06:20,06:51,,,HAN,HAN,SGN,Domestic,VJ,,,,,,,,,,,,
,2026-07-20,____/VJ1771,A661,A321,HAN-CXR,,07:00,,07:00,,06:54,06:55,07:02,,,EARLY,ONTIME,ONTIME,,,,,,,,,06:20,06:52,,,HAN,HAN,CXR,Domestic,VJ,,,,,,,,,,,,
,2026-07-20,VJ7239/VJ421,A663,A320,PVG-HAN-PXU,04:50,07:10,04:50,07:10,05:56,07:04,07:05,07:11,02:20,01:09,EARLY,ONTIME,ONTIME,DELAY,,,,,,,,06:25,07:02,,,HAN,PVG,PXU,Domestic,VJ,,,,,,,,,,,,
,2026-07-20,____/VJ197,A543,A321,HAN-SGN,,07:20,,07:20,,07:19,07:20,07:24,,,ONTIME,ONTIME,ONTIME,,,,,,,,,06:35,07:16,,,HAN,HAN,SGN,Domestic,VJ,,,,,,,,,,,,
,2026-07-20,VJ1926/VJ905,A500,A321,AMD-HAN-KUL,05:55,07:25,05:55,07:25,07:05,07:47,07:48,07:58,01:30,00:43,DELAY,DELAY,DELAY,DELAY,,93,00:10,66,00:13,,,07:25,07:46,,CREW OB 0725LT,HAN,AMD,KUL,International,VJ,,,,,,,,,,,,
,2026-07-20,____/VJ535,A539,A321,HAN-DAD,,07:25,,07:25,,07:19,07:20,07:30,,,EARLY,ONTIME,ONTIME,,,,,,,,,06:55,07:16,,,HAN,HAN,DAD,Domestic,VJ,,,,,,,,,,,,
,2026-07-20,____/VJ503,A525,A321,HAN-DAD,,07:30,,07:30,,07:29,07:30,07:35,,,ONTIME,ONTIME,ONTIME,,,,,,,,,06:55,07:27,,,HAN,HAN,DAD,Domestic,VJ,,,,,,,,,,,,
,2026-07-20,____/VJ934,A578,A321,HAN-NRT,,07:55,,07:55,,07:47,07:48,07:49,,,EARLY,ONTIME,ONTIME,,,,,,,,,07:15,07:45,,,HAN,HAN,NRT,International,VJ,,,,,,,,,,,,
,2026-07-20,VJ120/VJ127,A689,A320,SGN-HAN-SGN,07:10,08:10,07:10,08:10,07:00,08:03,08:04,08:10,01:00,01:04,EARLY,ONTIME,ONTIME,ONTIME,,,,,,,,07:15,08:00,,,HAN,SGN,SGN,Domestic,VJ,,,,,,,,,,,,
,2026-07-20,VJ1780/VJ1779,A693,A321,CXR-HAN-CXR,07:50,08:25,07:50,08:25,07:45,08:24,08:25,08:32,00:35,00:40,ONTIME,ONTIME,ONTIME,ONTIME,,,,,,,,07:45,08:22,,,HAN,CXR,CXR,Domestic,VJ,,,,,,,,,,,,
,2026-07-20,____/VJ929,A636,A321,HAN-CGK,,08:40,,08:40,,08:39,08:40,08:47,,,ONTIME,ONTIME,ONTIME,,,,,,,,,07:50,08:35,,,HAN,HAN,CGK,International,VJ,,,,,,,,,,,,
,2026-07-20,VJ124/VJ129,A687,A321,SGN-HAN-SGN,08:15,08:45,08:15,08:45,08:25,08:54,08:55,09:00,00:30,00:30,DELAY,ONTIME,ONTIME,ONTIME,,93,00:10,,,,,08:20,08:52,,,HAN,SGN,SGN,Domestic,VJ,,,,,,,,,,,,
,2026-07-20,____/VJ447,A684,A321,HAN-PQC,,08:45,,08:45,,08:44,08:45,08:53,,,ONTIME,ONTIME,ONTIME,,,,,,,,,08:05,08:40,,,HAN,HAN,PQC,Domestic,VJ,,,,,,,,,,,,
,2026-07-20,VJ7615/VJ7615,A549,A321,BQS-HAN-CXR,08:20,08:50,08:20,08:50,09:25,09:47,09:48,09:50,00:30,00:23,DELAY,DELAY,DELAY,DELAY,,93,00:58,,,,,,,X,,HAN,BQS,CXR,Domestic,VJ,,,,,,,,,,,,
,2026-07-20,____/VJ435,A666,A320,HAN-UIH,,08:50,,08:50,,08:48,08:50,08:55,,,ONTIME,ONTIME,ONTIME,,,,,,,,,08:00,08:46,,,HAN,HAN,UIH,Domestic,VJ,,,,,,,,,,,,
,2026-07-20,____/VJ505,A639,A321,HAN-DAD,,09:05,,09:05,,09:04,09:05,09:12,,,ONTIME,ONTIME,ONTIME,,,,,,,,,08:30,09:02,,,HAN,HAN,DAD,Domestic,VJ,,,,,,,,,,,,
,2026-07-20,VJ514/VJ563,A201,A321,DAD-HAN-HUI,08:50,09:25,08:50,09:25,09:00,09:28,09:30,09:32,00:35,00:30,DELAY,ONTIME,ONTIME,ONTIME,,93,00:05,,,,,08:50,09:26,,,HAN,DAD,HUI,Domestic,VJ,,,,,,,,,,,,
,2026-07-20,____/VJ1773,A647,A321,HAN-CXR,,10:00,,10:00,,09:59,10:00,10:05,,,ONTIME,ONTIME,ONTIME,,,,,,,,,09:10,09:57,,,HAN,HAN,CXR,Domestic,VJ,,,,,,,,,,,,
,2026-07-20,VJ1124/VJ1433,A669,A320,SGN-HAN-UIH,09:40,10:10,09:40,10:10,09:50,11:03,11:04,11:10,00:30,01:14,DELAY,DELAY,DELAY,ONTIME,,93,00:05,41,00:49,,,09:40,11:01,,TECHNICAL PROBLEM,HAN,SGN,UIH,Domestic,VJ,,,,,,,,,,,,
,2026-07-20,VJ963/VJ463,A203,A321,ICN-HAN-VCA,08:55,10:20,08:55,10:20,09:20,10:18,10:20,10:25,01:25,01:00,ONTIME,ONTIME,ONTIME,DELAY,,,,,,,,09:35,10:16,,,HAN,ICN,VCA,Domestic,VJ,,,,,,,,,,,,
,2026-07-20,VJ532/VJ425,A658,A320,DAD-HAN-PXU,09:45,10:20,09:45,10:20,09:55,10:19,10:20,10:30,00:35,00:25,ONTIME,ONTIME,ONTIME,ONTIME,,,,,,,,09:55,10:17,,,HAN,DAD,PXU,Domestic,VJ,,,,,,,,,,,,
,2026-07-20,VJ122/VJ997,A542,A321,SGN-HAN-DPS,09:05,10:25,09:05,10:25,09:05,10:22,10:23,10:28,01:20,01:18,EARLY,ONTIME,ONTIME,ONTIME,,,,,,,,09:40,10:20,,,HAN,SGN,DPS,International,VJ,,,,,,,,,,,,
,2026-07-20,VJ492/VJ493,A534,A321,BMV-HAN-BMV,10:00,10:35,10:00,10:35,10:25,10:54,10:55,11:00,00:35,00:30,DELAY,DELAY,DELAY,DELAY,,93,00:20,,,,,10:15,10:48,,,HAN,BMV,BMV,Domestic,VJ,,,,,,,,,,,,
,2026-07-20,VJ770/VJ437,A662,A320,CXR-HAN-UIH,10:10,10:40,10:10,10:40,10:20,10:44,10:45,10:47,00:30,00:25,DELAY,ONTIME,ONTIME,ONTIME,,93,00:05,,,,,10:15,10:42,,,HAN,CXR,UIH,Domestic,VJ,,,,,,,,,,,,
,2026-07-20,VJ126/VJ131,A645,A321,SGN-HAN-SGN,10:10,10:45,10:10,10:45,10:35,11:04,11:05,11:09,00:35,00:30,DELAY,DELAY,DELAY,DELAY,,93,00:20,,,,,10:30,11:02,,,HAN,SGN,SGN,Domestic,VJ,,,,,,,,,,,,
,2026-07-20,VJ448/VJ901,A630,A321,PQC-HAN-BKK,10:15,11:10,10:15,11:10,10:20,11:09,11:10,11:22,00:55,00:50,ONTIME,ONTIME,ONTIME,ONTIME,,,,,,,,10:35,11:07,,,HAN,PQC,BKK,International,VJ,,,,,,,,,,,,
,2026-07-20,VJ524/VJ507,A698,A321,DAD-HAN-DAD,10:40,11:10,10:40,11:10,10:55,11:23,11:24,11:25,00:30,00:29,DELAY,ONTIME,ONTIME,ONTIME,,93,00:14,,,,,10:55,11:21,,,HAN,DAD,DAD,Domestic,VJ,,,,,,,,,,,,
,2026-07-20,VJ536/VJ537,A539,A321,DAD-HAN-DAD,10:35,11:10,10:35,11:10,10:50,11:19,11:20,11:25,00:35,00:30,DELAY,ONTIME,ONTIME,ONTIME,,93,00:10,,,,,10:45,11:17,,,HAN,DAD,DAD,Domestic,VJ,,,,,,,,,,,,
,2026-07-20,VJ130/VJ133,A637,A321,SGN-HAN-SGN,10:55,11:30,10:55,12:15,11:35,12:54,12:55,13:05,01:20,01:20,DELAY,DELAY,DELAY,DELAY,,95,00:40,,,,,12:10,12:52,,CREW FR VJ1776 ON 1238,HAN,SGN,SGN,Domestic,VJ,,,,,,,,,,,,
,2026-07-20,VJ1776/VJ565,A649,A321,CXR-HAN-HUI,09:55,11:30,11:35,12:15,12:25,12:53,12:54,12:58,00:40,00:29,DELAY,DELAY,DELAY,DELAY,,93,00:39,,,,,12:17,12:51,,,HAN,CXR,HUI,Domestic,VJ,,,,,,,,,,,,
,2026-07-20,VJ422/VJ451,A663,A320,PXU-HAN-PQC,10:50,11:45,10:50,11:45,11:05,11:34,11:35,11:37,00:55,00:30,EARLY,ONTIME,ONTIME,ONTIME,,,,,,,,11:00,11:32,,,HAN,PXU,PQC,Domestic,VJ,,,,,,,,,,,,
,2026-07-20,VJ981/VJ775,A670,A321,PUS-HAN-CXR,10:40,11:50,10:40,11:50,11:20,11:49,11:50,11:57,01:10,00:30,ONTIME,ONTIME,ONTIME,DELAY,,,,,,,,11:15,11:47,,,HAN,PUS,CXR,Domestic,VJ,,,,,,,,,,,,
,2026-07-20,VJ1772/VJ1453,A661,A321,CXR-HAN-PQC,11:15,11:50,11:15,11:50,11:40,12:03,12:04,12:05,00:35,00:24,DELAY,ONTIME,ONTIME,DELAY,,93,00:14,,,,,11:35,12:01,,,HAN,CXR,PQC,Domestic,VJ,,,,,,,,,,,,
,2026-07-20,VJ462/VJ515,A629,A321,VCA-HAN-DAD,11:40,12:10,11:40,12:10,12:00,12:20,12:21,12:25,00:30,00:21,DELAY,ONTIME,ONTIME,DELAY,,93,00:11,,,,,12:00,12:18,,,HAN,VCA,DAD,Domestic,VJ,,,,,,,,,,,,
,2026-07-20,VJ430/VJ7638,A671,A320,UIH-HAN-TXN,09:50,12:10,09:50,12:10,10:00,12:04,12:05,12:10,02:20,02:05,EARLY,ONTIME,ONTIME,ONTIME,,,,,,,,11:25,12:02,,,HAN,UIH,TXN,International,VJ,,,,,,,,,,,,
,2026-07-20,VJ128/VJ137,A676,A320,SGN-HAN-SGN,11:50,12:20,11:50,12:20,12:00,12:23,12:25,12:28,00:30,00:25,DELAY,ONTIME,ONTIME,ONTIME,,93,00:05,,,,,12:00,12:22,,,HAN,SGN,SGN,Domestic,VJ,,,,,,,,,,,,
,2026-07-20,VJ502/VJ453,A525,A321,DAD-HAN-PQC,10:45,13:00,10:45,13:00,11:15,12:54,12:55,13:03,02:15,01:40,EARLY,ONTIME,ONTIME,DELAY,,,,,,,,12:15,12:52,,,HAN,DAD,PQC,Domestic,VJ,,,,,,,,,,,,
,2026-07-20,VJ7989/VJ7989,A554,A321,VVO-HAN-DAD,12:25,12:50,12:25,13:00,12:50,13:14,13:15,13:23,00:35,00:25,DELAY,ONTIME,DELAY,DELAY,,93,00:15,,,,,,,X,,HAN,VVO,DAD,Domestic,VJ,,,,,,,,,,,,
,2026-07-20,VJ432/VJ509,A666,A320,UIH-HAN-DAD,12:35,13:05,12:35,13:05,13:10,13:34,13:35,13:45,00:30,00:25,DELAY,DELAY,DELAY,DELAY,,93,00:30,,,,,13:10,13:32,,,HAN,UIH,DAD,Domestic,VJ,,,,,,,,,,,,
,2026-07-20,VJ564/VJ787,A201,A321,HUI-HAN-CXR,12:25,13:10,12:25,13:10,12:55,13:24,13:25,13:30,00:45,00:30,DELAY,ONTIME,DELAY,DELAY,,93,00:15,,,,,12:55,13:22,,,HAN,HUI,CXR,Domestic,VJ,,,,,,,,,,,,
,2026-07-20,VJ939/VJ948,A551,A321,KIX-HAN-RMQ,12:20,13:30,12:20,13:30,12:35,13:29,13:30,13:45,01:10,00:55,ONTIME,ONTIME,ONTIME,ONTIME,,,,,,,,13:00,13:25,,,HAN,KIX,RMQ,International,VJ,,,,,,,,,,,,
,2026-07-20,VJ506/VJ433,A639,A321,DAD-HAN-UIH,12:15,13:35,12:15,13:35,13:00,13:30,13:31,13:38,01:20,00:31,EARLY,ONTIME,ONTIME,DELAY,,,,,,,,13:00,13:28,,,HAN,DAD,UIH,Domestic,VJ,,,,,,,,,,,,
,2026-07-20,VJ921/VJ143,A526,A321,NGO-HAN-SGN,12:50,14:05,12:50,14:05,13:10,14:04,14:05,14:11,01:15,00:55,ONTIME,ONTIME,ONTIME,DELAY,,,,,,,,13:25,14:02,,,HAN,NGO,SGN,Domestic,VJ,,,,,,,,,,,,
,2026-07-20,VJ440/VJ441,A684,A321,PQC-HAN-PQC,13:30,14:05,13:30,14:05,13:40,14:08,14:10,14:15,00:35,00:30,DELAY,ONTIME,ONTIME,ONTIME,,93,00:05,,,,,13:40,14:06,,,HAN,PQC,PQC,Domestic,VJ,,,,,,,,,,,,
,2026-07-20,VJ450/VJ525,A632,A321,PQC-HAN-DAD,11:15,14:05,11:15,14:05,13:00,14:01,14:02,14:15,02:50,01:02,EARLY,ONTIME,ONTIME,DELAY,,,,,,,,13:20,14:00,,,HAN,PQC,DAD,Domestic,VJ,,,,,,,,,,,,
,2026-07-20,VJ933/VJ942,A202,A321,NRT-HAN-TPE,13:05,14:25,13:05,14:25,13:05,14:29,14:30,14:38,01:20,01:25,DELAY,ONTIME,ONTIME,ONTIME,,15A,00:05,,,,,13:50,14:27,,OFLD 01PAX 01BAG,HAN,NRT,TPE,International,VJ,,,,,,,,,,,,
,2026-07-20,VJ1434/VJ1125,A669,A320,UIH-HAN-SGN,14:00,14:30,14:45,15:25,15:05,15:29,15:30,15:40,00:40,00:25,DELAY,ONTIME,DELAY,DELAY,,93,00:05,,,,,14:55,15:28,,,HAN,UIH,SGN,Domestic,VJ,,,,,,,,,,,,
,2026-07-20,VJ426/VJ467,A658,A320,PXU-HAN-VCA,14:05,14:30,14:05,14:30,14:20,14:49,14:50,15:05,00:25,00:30,DELAY,DELAY,DELAY,ONTIME,,93,00:15,99,00:05,,,14:19,14:48,,LATE ACPT 10PAX + 16BAG,HAN,PXU,VCA,Domestic,VJ,,,,,,,,,,,,
,2026-07-20,VJ1504/VJ1505,A646,A321,DAD-HAN-DAD,14:00,14:35,14:00,14:35,14:40,15:09,15:10,15:25,00:35,00:30,DELAY,DELAY,DELAY,DELAY,,93,00:35,,,,,14:35,15:07,,,HAN,DAD,DAD,Domestic,VJ,,,,,,,,,,,,
,2026-07-20,VJ961/VJ946,A522,A321,ICN-HAN-KHH,13:35,14:50,13:35,14:50,13:45,14:44,14:45,14:48,01:15,01:00,EARLY,ONTIME,ONTIME,ONTIME,,,,,,,,14:00,14:42,,,HAN,ICN,KHH,International,VJ,,,,,,,,,,,,
,2026-07-20,VJ436/VJ145,A662,A320,UIH-HAN-SGN,14:25,14:55,14:25,14:55,14:15,14:52,14:54,15:07,00:30,00:39,EARLY,ONTIME,ONTIME,ONTIME,,,,,,,,14:15,14:50,,,HAN,UIH,SGN,Domestic,VJ,,,,,,,,,,,,
,2026-07-20,VJ538/VJ511,A539,A321,DAD-HAN-DAD,14:20,15:05,14:20,15:30,15:15,15:44,15:45,15:55,01:10,00:30,DELAY,ONTIME,DELAY,DELAY,,93,00:15,,,,,15:15,15:45,,,HAN,DAD,DAD,Domestic,VJ,,,,,,,,,,,,
,2026-07-20,VJ198/VJ423,A640,A321,SGN-HAN-PXU,12:55,15:05,14:10,15:05,14:50,15:19,15:20,15:30,00:55,00:30,DELAY,ONTIME,DELAY,DELAY,,93,00:15,,,,,14:50,15:17,,,HAN,SGN,PXU,Domestic,VJ,,,,,,,,,,,,
,2026-07-20,VJ1774/VJ1451,A647,A321,CXR-HAN-PQC,14:20,15:05,14:20,15:05,14:45,15:08,15:09,15:19,00:45,00:24,DELAY,ONTIME,ONTIME,DELAY,,93,00:04,,,,,14:35,14:58,,,HAN,CXR,PQC,Domestic,VJ,,,,,,,,,,,,
,2026-07-20,VJ494/VJ419,A534,A321,BMV-HAN-TBB,14:35,15:10,14:35,15:30,15:05,15:39,15:40,15:47,00:55,00:35,DELAY,ONTIME,DELAY,DELAY,,93,00:05,66,00:05,,,15:05,15:37,,CREW OB 1518LT,HAN,BMV,TBB,Domestic,VJ,,,,,,,,,,,,
,2026-07-20,VJ906/VJ191,A500,A321,KUL-HAN-SGN,14:40,13:40,14:40,16:05,15:35,16:04,16:05,16:15,01:25,00:30,ONTIME,ONTIME,DELAY,DELAY,,,,,,,,15:30,16:02,,,HAN,KUL,SGN,Domestic,VJ,,,,,,,,,,,,
,2026-07-20,VJ134/VJ439,A689,A320,SGN-HAN-UIH,13:30,15:40,13:30,15:40,13:50,15:39,15:40,15:50,02:10,01:50,ONTIME,ONTIME,ONTIME,DELAY,,,,,,,,15:10,15:37,,,HAN,SGN,UIH,Domestic,VJ,,,,,,,,,,,,
,2026-07-20,VJ138/VJ147,A656,A320,SGN-HAN-SGN,15:15,15:45,15:15,15:45,15:30,15:54,15:55,16:00,00:30,00:25,DELAY,ONTIME,ONTIME,ONTIME,,93,00:10,,,,,15:30,15:52,,,HAN,SGN,SGN,Domestic,VJ,,,,,,,,,,,,
,2026-07-20,VJ136/VJ903,A672,A320,SGN-HAN-BKK,14:10,15:45,14:10,15:45,14:34,15:38,15:39,15:59,01:35,01:05,EARLY,ONTIME,ONTIME,DELAY,,,,,,,,15:03,15:35,,,HAN,SGN,BKK,International,VJ,,,,,,,,,,,,
,2026-07-20,VJ452/VJ567,A547,A321,PQC-HAN-HUI,14:35,15:55,14:35,15:55,15:10,15:49,15:50,16:00,01:20,00:40,EARLY,ONTIME,ONTIME,DELAY,,,,,,,,15:15,15:45,,,HAN,PQC,HUI,Domestic,VJ,,,,,,,,,,,,
,2026-07-20,VJ508/VJ773,A629,A321,DAD-HAN-CXR,15:25,16:00,15:25,16:00,16:00,16:21,16:22,16:30,00:35,00:22,DELAY,DELAY,DELAY,DELAY,,93,00:22,,,,,15:55,16:20,,,HAN,DAD,CXR,Domestic,VJ,,,,,,,,,,,,
,2026-07-20,VJ566/VJ913,A649,A321,HUI-HAN-SAI,14:30,16:20,14:30,16:50,16:15,16:48,16:49,16:50,02:20,00:34,EARLY,ONTIME,DELAY,DELAY,,,,,,,,16:30,16:45,,,HAN,HUI,SAI,International,VJ,,,,,,,,,,,,
,2026-07-20,VJ510/VJ539,A698,A321,DAD-HAN-DAD,14:35,16:35,14:35,16:35,15:25,16:34,16:35,16:45,02:00,01:10,ONTIME,ONTIME,ONTIME,DELAY,,,,,,,,16:00,16:32,,,HAN,DAD,DAD,Domestic,VJ,,,,,,,,,,,,
,2026-07-20,VJ772/VJ513,A670,A321,CXR-HAN-DAD,16:00,16:40,16:00,17:30,16:55,17:24,17:25,17:32,01:30,00:30,EARLY,ONTIME,DELAY,DELAY,,,,,,,,16:55,17:22,,,HAN,CXR,DAD,Domestic,VJ,,,,,,,,,,,,
,2026-07-20,VJ140/VJ151,A544,A321,SGN-HAN-SGN,16:20,16:50,16:20,16:50,16:40,17:09,17:10,17:20,00:30,00:30,DELAY,DELAY,DELAY,DELAY,,93,00:20,,,,,16:40,17:06,,,HAN,SGN,SGN,Domestic,VJ,,,,,,,,,,,,
,2026-07-20,VJ902/VJ465,A649,A321,BKK-HAN-VCA,15:50,17:00,15:50,17:00,16:15,16:59,17:00,17:03,01:10,00:45,ONTIME,ONTIME,ONTIME,DELAY,,,,,,,,16:20,16:55,,,HAN,BKK,VCA,Domestic,VJ,,,,,,,,,,,,
,2026-07-20,VJ530/VJ495,A655,A320,DAD-HAN-BMV,16:15,17:30,16:15,17:30,16:30,17:28,17:29,17:34,01:15,00:59,EARLY,ONTIME,ONTIME,ONTIME,,,,,,,,16:45,17:26,,,HAN,DAD,BMV,Domestic,VJ,,,,,,,,,,,,
,2026-07-20,VJ1454/VJ141,A661,A321,PQC-HAN-SGN,16:35,17:35,16:35,17:35,17:00,17:34,17:35,17:38,01:00,00:35,ONTIME,ONTIME,ONTIME,DELAY,,,,,,,,17:00,17:30,,,HAN,PQC,SGN,Domestic,VJ,,,,,,,,,,,,
,2026-07-20,VJ774/VJ517,A201,A321,CXR-HAN-DAD,17:15,17:50,17:15,18:50,18:20,18:49,18:50,19:05,01:35,00:30,ONTIME,ONTIME,DELAY,DELAY,,,,,,,,18:20,18:47,,,HAN,CXR,DAD,Domestic,VJ,,,,,,,,,,,,
,2026-07-20,VJ528/VJ153,A632,A321,DAD-HAN-SGN,17:25,18:05,17:25,18:40,18:05,18:34,18:35,18:45,01:15,00:30,EARLY,ONTIME,DELAY,DELAY,,,,,,,,18:05,18:32,,,HAN,DAD,SGN,Domestic,VJ,,,,,,,,,,,,
,2026-07-20,VJ456/VJ781,A525,A321,PQC-HAN-CXR,17:45,18:15,17:45,18:15,17:55,18:20,18:21,18:30,00:30,00:26,DELAY,ONTIME,ONTIME,ONTIME,,93,00:06,,,,,17:50,18:18,,,HAN,PQC,CXR,Domestic,VJ,,,,,,,,,,,,
,2026-07-20,VJ512/VJ521,A539,A321,DAD-HAN-DAD,18:15,18:50,18:15,19:25,19:00,19:29,19:30,19:40,01:10,00:30,DELAY,ONTIME,DELAY,DELAY,,93,00:05,,,,,18:50,19:26,,,HAN,DAD,DAD,Domestic,VJ,,,,,,,,,,,,
,2026-07-20,VJ148/VJ155,A687,A321,SGN-HAN-SGN,18:25,19:00,18:25,20:10,19:52,20:20,20:22,20:30,01:45,00:30,DELAY,ONTIME,DELAY,DELAY,,93,00:12,,,,,19:40,20:20,,,HAN,SGN,SGN,Domestic,VJ,,,,,,,,,,,,
,2026-07-20,VJ434/VJ789,A639,A321,UIH-HAN-CXR,17:25,19:00,17:25,19:00,17:35,18:58,18:59,19:09,01:35,01:24,EARLY,ONTIME,ONTIME,ONTIME,,,,,,,,18:15,18:55,,,HAN,UIH,CXR,Domestic,VJ,,,,,,,,,,,,
,2026-07-20,VJ424/VJ561,A640,A321,PXU-HAN-HUI,18:45,19:20,18:45,19:20,19:05,19:34,19:35,19:45,00:35,00:30,DELAY,ONTIME,DELAY,DELAY,,93,00:15,,,,,18:55,19:31,,,HAN,PXU,HUI,Domestic,VJ,,,,,,,,,,,,
,2026-07-20,VJ144/VJ519,A535,A321,SGN-HAN-DAD,18:35,19:25,18:35,19:25,18:55,19:24,19:25,19:33,00:50,00:30,ONTIME,ONTIME,ONTIME,DELAY,,,,,,,,18:55,19:22,,,HAN,SGN,DAD,Domestic,VJ,,,,,,,,,,,,
,2026-07-20,VJ568/VJ157,A547,A321,HUI-HAN-SGN,18:55,19:35,18:55,19:35,19:10,19:34,19:35,19:45,00:40,00:25,ONTIME,ONTIME,ONTIME,ONTIME,,,,,,,,19:00,19:31,,,HAN,HUI,SGN,Domestic,VJ,,,,,,,,,,,,
,2026-07-20,VJ442/VJ1127,A684,A321,PQC-HAN-SGN,19:05,19:40,19:05,19:40,19:25,19:53,19:54,19:55,00:35,00:29,DELAY,ONTIME,ONTIME,DELAY,,93,00:14,,,,,19:22,19:50,,,HAN,PQC,SGN,Domestic,VJ,,,,,,,,,,,,
,2026-07-20,VJ420/VJ523,A534,A321,TBB-HAN-DAD,19:15,19:50,19:15,19:50,20:00,20:19,20:20,20:30,00:35,00:20,DELAY,DELAY,DELAY,DELAY,,93,00:30,,,,,19:50,20:17,,,HAN,TBB,DAD,Domestic,VJ,,,,,,,,,,,,
,2026-07-20,VJ7639/VJ7712,A671,A320,TXN-HAN-PKX,18:55,19:55,18:55,19:55,19:20,19:54,19:55,20:00,01:00,00:35,ONTIME,ONTIME,ONTIME,DELAY,,,,,,,,19:10,19:50,,,HAN,TXN,PKX,International,VJ,,,,,,,,,,,,
,2026-07-20,VJ454/VJ1785,A663,A320,PQC-HAN-CXR,16:45,19:55,16:45,19:55,16:40,19:54,19:55,20:10,03:10,03:15,ONTIME,ONTIME,ONTIME,ONTIME,,,,,,,,19:10,19:50,,,HAN,PQC,CXR,Domestic,VJ,,,,,,,,,,,,
,2026-07-20,VJ146/VJ455,A526,A321,SGN-HAN-PQC,19:00,20:05,19:00,20:05,20:10,20:39,20:40,20:44,01:05,00:30,DELAY,DELAY,DELAY,DELAY,,93,00:35,,,,,20:10,20:37,,,HAN,SGN,PQC,Domestic,VJ,,,,,,,,,,,,
,2026-07-20,VJ464/VJ907,A203,A321,VCA-HAN-BOM,15:10,20:05,15:10,20:05,15:30,20:04,20:05,20:20,04:55,04:35,ONTIME,ONTIME,ONTIME,DELAY,,,,,,,,19:20,20:01,,,HAN,VCA,BOM,International,VJ,,,,,,,,,,,,
,2026-07-20,VJ152/VJ159,A653,A321,SGN-HAN-SGN,19:20,20:10,19:20,20:10,20:50,21:19,21:20,21:30,00:50,00:30,DELAY,DELAY,DELAY,DELAY,,93,01:10,,,,,20:33,21:08,,,HAN,SGN,SGN,Domestic,VJ,,,,,,,,,,,,
,2026-07-20,VJ438/VJ161,A689,A320,UIH-HAN-SGN,19:25,20:55,19:25,20:55,19:35,20:54,20:55,20:56,01:30,01:20,ONTIME,ONTIME,ONTIME,ONTIME,,,,,,,,20:10,20:50,,,HAN,UIH,SGN,Domestic,VJ,,,,,,,,,,,,
,2026-07-20,VJ468/VJ7238,A658,A320,VCA-HAN-PVG,19:50,21:15,19:50,21:15,20:20,21:10,21:11,21:19,01:25,00:51,EARLY,ONTIME,ONTIME,DELAY,,,,,,,,20:35,21:07,,,HAN,VCA,PVG,International,VJ,,,,,,,,,,,,
,2026-07-20,VJ154/VJ163,A656,A320,SGN-HAN-SGN,20:55,21:25,20:55,21:25,21:20,21:38,21:39,21:40,00:30,00:19,DELAY,ONTIME,ONTIME,DELAY,,93,00:14,,,,,21:20,21:36,,,HAN,SGN,SGN,Domestic,VJ,,,,,,,,,,,,
,2026-07-20,VJ928/VJ527,A636,A321,CGK-HAN-DAD,18:15,21:25,18:15,21:25,19:35,21:17,21:18,21:25,03:10,01:43,EARLY,ONTIME,ONTIME,DELAY,,,,,,,,20:40,21:15,,,HAN,CGK,DAD,Domestic,VJ,,,,,,,,,,,,
,2026-07-20,VJ1452/VJ7526,A647,A321,PQC-HAN-CAN,19:50,22:30,19:50,22:30,20:30,22:29,22:30,22:31,02:40,02:00,ONTIME,ONTIME,ONTIME,DELAY,,,,,,,,21:45,22:25,,,HAN,PQC,CAN,International,VJ,,,,,,,,,,,,
,2026-07-20,VJ496/VJ529,A655,A320,BMV-HAN-DAD,21:30,22:40,21:30,22:40,21:50,22:29,22:30,22:32,01:10,00:40,EARLY,ONTIME,ONTIME,DELAY,,,,,,,,22:00,22:27,,,HAN,BMV,DAD,Domestic,VJ,,,,,,,,,,,,
,2026-07-20,VJ522/VJ167,A535,A321,DAD-HAN-SGN,22:35,23:10,22:35,23:40,23:30,23:57,23:58,00:02,01:05,00:28,DELAY,DELAY,DELAY,DELAY,,93,00:18,,,,,23:30,23:55,,,HAN,DAD,SGN,Domestic,VJ,,,,,,,,,,,,
,2026-07-20,VJ516/VJ962,A670,A321,DAD-HAN-ICN,19:50,23:15,19:50,23:15,21:00,23:05,23:06,23:14,03:25,02:06,EARLY,ONTIME,ONTIME,DELAY,,,,,,,,22:30,23:00,,,HAN,DAD,ICN,International,VJ,,,,,,,,,,,,
,2026-07-20,VJ518/VJ169,A539,A321,DAD-HAN-SGN,22:05,23:45,22:05,23:45,23:35,00:09,00:10,00:15,01:40,00:35,DELAY,DELAY,DELAY,DELAY,,93,00:20,95,00:05,,,23:50,00:08,,WAIT CREW VJ160 OB 2350LT,HAN,DAD,SGN,Domestic,VJ,,,,,,,,,,,,
,2026-07-20,AI2390/AI2391,VT-TQA,A320,DEL-HAN-DEL,07:20,08:20,07:20,08:20,07:35,08:22,08:23,08:25,01:00,00:48,DELAY,ONTIME,ONTIME,ONTIME,,93,00:03,,,,,,,,,HAN,DEL,DEL,International,AI,,,,,,,,,,,,
,2026-07-21,____/VJ932,A202,A321,HAN-NRT,,00:30,,00:30,,00:24,00:25,00:29,,,EARLY,ONTIME,ONTIME,,,,,,,,,23:40,00:20,,,HAN,HAN,NRT,International,VJ,,,,,,,,,,,,
,2026-07-21,____/VJ982,A698,A321,DAD-HAN-PUS,,01:05,,01:05,,01:01,01:02,01:05,,,EARLY,ONTIME,ONTIME,,,,,,,,,00:15,00:55,,,HAN,DAD,PUS,International,VJ,,,,,,,,,,,,
,2026-07-21,____/VJ938,A578,A321,HAN-KIX,,01:20,,01:20,,01:19,01:20,01:22,,,ONTIME,ONTIME,ONTIME,,,,,,,,,00:30,01:15,,,HAN,HAN,KIX,International,VJ,,,,,,,,,,,,
,2026-07-21,____/VJ960,A661,A321,SGN-HAN-ICN,,01:40,,01:40,,01:39,01:40,01:41,,,ONTIME,ONTIME,ONTIME,,,,,,,,,00:45,01:37,,,HAN,SGN,ICN,International,VJ,,,,,,,,,,,,
,2026-07-21,____/VJ920,A500,A321,HAN-NGO,,01:40,,01:40,,01:29,01:30,01:36,,,EARLY,ONTIME,ONTIME,,,,,,,,,00:50,01:26,,,HAN,HAN,NGO,International,VJ,,,,,,,,,,,,
,2026-07-21,____/VJ958,A684,A321,SGN-HAN-FUK,,02:05,,02:05,,01:59,02:00,02:03,,,EARLY,ONTIME,ONTIME,,,,,,,,,01:15,01:58,,,HAN,SGN,FUK,International,VJ,,,,,,,,,,,,
,2026-07-21,____/VJ1980,A672,A320,HAN-FSZ,,02:40,,02:40,,02:36,02:37,02:39,,,EARLY,ONTIME,ONTIME,,,,,,,,,01:45,02:15,,,HAN,HAN,FSZ,International,VJ,,,,,,,,,,,,
,2026-07-21,____/VJ123,A673,A321,HAN-SGN,,05:30,,05:30,,05:24,05:25,05:28,,,EARLY,ONTIME,ONTIME,,,,,,,,,04:40,05:21,,,HAN,HAN,SGN,Domestic,VJ,,,,,,,,,,,,
,2026-07-21,____/VJ445,A634,A321,HAN-PQC,,05:30,,05:30,,05:24,05:25,05:28,,,EARLY,ONTIME,ONTIME,,,,,,,,,04:45,05:22,,,HAN,HAN,PQC,Domestic,VJ,,,,,,,,,,,,
,2026-07-21,____/VJ501,A629,A321,HAN-DAD,,05:40,,05:40,,05:49,05:50,05:55,,,DELAY,ONTIME,ONTIME,,,87,00:10,,,,,05:20,05:47,,AEROBRIDGE DEFECT,HAN,HAN,DAD,Domestic,VJ,,,,,,,,,,,,
,2026-07-21,____/VJ771,A639,A321,HAN-CXR,,05:45,,05:45,,05:39,05:40,05:45,,,EARLY,ONTIME,ONTIME,,,,,,,,,05:00,05:37,,,HAN,HAN,CXR,Domestic,VJ,,,,,,,,,,,,
,2026-07-21,VJ7527/VJ1775,A647,A321,CAN-HAN-CXR,03:05,05:45,03:05,05:45,02:55,05:39,05:40,05:50,02:40,02:45,EARLY,ONTIME,ONTIME,ONTIME,,,,,,,,04:55,05:36,,,HAN,CAN,CXR,Domestic,VJ,,,,,,,,,,,,
,2026-07-21,____/VJ121,A542,A321,HAN-SGN,,06:00,,06:00,,05:54,05:55,06:00,,,EARLY,ONTIME,ONTIME,,,,,,,,,05:15,05:52,,,HAN,HAN,SGN,Domestic,VJ,,,,,,,,,,,,
,2026-07-21,____/VJ491,A633,A321,HAN-BMV,,06:00,,06:00,,05:54,05:55,06:05,,,EARLY,ONTIME,ONTIME,,,,,,,,,05:15,05:51,,,HAN,HAN,BMV,Domestic,VJ,,,,,,,,,,,,
,2026-07-21,____/VJ431,A630,A321,HAN-UIH,,06:05,,06:05,,06:04,06:05,06:10,,,ONTIME,ONTIME,ONTIME,,,,,,,,,05:20,06:02,,,HAN,HAN,UIH,Domestic,VJ,,,,,,,,,,,,
,2026-07-21,VJ7713/VJ952,A671,A320,PKX-HAN-HIJ,03:55,06:15,03:55,06:15,04:45,06:09,06:10,06:12,02:20,01:25,EARLY,ONTIME,ONTIME,DELAY,,,,,,,,05:30,06:08,,,HAN,PKX,HIJ,International,VJ,,,,,,,,,,,,
,2026-07-21,____/VJ531,A635,A321,HAN-DAD,,06:30,,06:30,,06:23,06:24,06:26,,,EARLY,ONTIME,ONTIME,,,,,,,,,05:45,06:20,,,HAN,HAN,DAD,Domestic,VJ,,,,,,,,,,,,
,2026-07-21,____/VJ461,A534,A321,HAN-VCA,,06:45,,06:45,,06:39,06:40,06:47,,,EARLY,ONTIME,ONTIME,,,,,,,,,06:00,06:38,,,HAN,HAN,VCA,Domestic,VJ,,,,,,,,,,,,
,2026-07-21,____/VJ125,A699,A320,HAN-SGN,,07:00,,07:00,,06:54,06:55,07:03,,,EARLY,ONTIME,ONTIME,,,,,,,,,06:05,06:52,,,HAN,HAN,SGN,Domestic,VJ,,,,,,,,,,,,
,2026-07-21,____/VJ1771,A649,A321,HAN-CXR,,07:00,,07:00,,06:54,06:55,07:02,,,EARLY,ONTIME,ONTIME,,,,,,,,,06:15,06:52,,,HAN,HAN,CXR,Domestic,VJ,,,,,,,,,,,,
,2026-07-21,VJ7239/VJ421,A658,A320,PVG-HAN-PXU,04:50,07:10,04:50,07:10,04:50,06:59,07:00,07:10,02:20,02:10,EARLY,ONTIME,ONTIME,ONTIME,,,,,,,,06:20,06:58,,,HAN,PVG,PXU,Domestic,VJ,,,,,,,,,,,,
,2026-07-21,____/VJ535,A522,A321,HAN-DAD,,07:25,,07:25,,07:19,07:20,07:28,,,EARLY,ONTIME,ONTIME,,,,,,,,,06:35,07:18,,,HAN,HAN,DAD,Domestic,VJ,,,,,,,,,,,,
,2026-07-21,VJ502/VJ503,A552,A321,DAD-HAN-DAD,07:00,07:30,07:00,07:30,07:15,07:43,07:44,07:45,00:30,00:29,DELAY,ONTIME,ONTIME,ONTIME,,93,00:14,,,,,07:15,07:41,,,HAN,DAD,DAD,Domestic,VJ,,,,,,,,,,,,
,2026-07-21,____/VJ930,A201,A321,HAN-KIX,,07:55,,07:55,,07:49,07:50,07:51,,,EARLY,ONTIME,ONTIME,,,,,,,,,07:05,07:45,,,HAN,HAN,KIX,International,VJ,,,,,,,,,,,,
,2026-07-21,VJ120/VJ127,A646,A321,SGN-HAN-SGN,07:10,08:10,07:10,08:10,07:20,08:09,08:10,08:14,01:00,00:50,ONTIME,ONTIME,ONTIME,ONTIME,,,,,,,,07:25,08:03,,LATE TAKEOFF DUE TO ATC,HAN,SGN,SGN,Domestic,VJ,,,,,,,,,,,,
,2026-07-21,____/VJ929,A551,A321,HAN-CGK,,08:40,,08:40,,08:38,08:40,08:43,,,ONTIME,ONTIME,ONTIME,,,,,,,,,07:50,08:37,,LATE TAKEOFF DUE TO ATC,HAN,HAN,CGK,International,VJ,,,,,,,,,,,,
,2026-07-21,____/VJ447,A640,A321,HAN-PQC,,08:45,,08:45,,08:43,08:44,08:49,,,EARLY,ONTIME,ONTIME,,,,,,,,,08:00,08:41,,,HAN,HAN,PQC,Domestic,VJ,,,,,,,,,,,,
,2026-07-21,VJ124/VJ129,A641,A321,SGN-HAN-SGN,08:15,08:50,08:15,08:50,08:30,08:59,09:00,09:03,00:35,00:30,DELAY,ONTIME,ONTIME,ONTIME,,93,00:10,,,,,08:20,08:57,,,HAN,SGN,SGN,Domestic,VJ,,,,,,,,,,,,
,2026-07-21,VJ504/VJ435,A655,A320,DAD-HAN-UIH,08:20,08:50,08:20,08:50,08:20,08:41,08:42,08:45,00:30,00:22,EARLY,ONTIME,ONTIME,ONTIME,,,,,,,,08:15,08:39,,,HAN,DAD,UIH,Domestic,VJ,,,,,,,,,,,,
,2026-07-21,VJ514/VJ563,A629,A321,DAD-HAN-HUI,08:50,09:25,08:50,09:25,09:10,09:34,09:35,09:40,00:35,00:25,DELAY,ONTIME,ONTIME,DELAY,,93,00:10,,,,,09:05,09:30,,,HAN,DAD,HUI,Domestic,VJ,,,,,,,,,,,,
,2026-07-21,VJ910/VJ915,A203,A321,BOM-HAN-SIN,07:05,09:35,07:05,09:35,07:05,09:19,09:20,09:28,02:30,02:15,EARLY,ONTIME,ONTIME,ONTIME,,,,,,,,08:50,09:17,,,HAN,BOM,SIN,International,VJ,,,,,,,,,,,,
,2026-07-21,VJ963/VJ1773,A670,A321,ICN-HAN-CXR,08:55,10:00,08:55,10:00,08:35,09:59,10:00,10:08,01:05,01:25,ONTIME,ONTIME,ONTIME,ONTIME,,,,,,,,09:15,09:58,,,HAN,ICN,CXR,Domestic,VJ,,,,,,,,,,,,
,2026-07-21,VJ126/VJ131,A607,A321,SGN-HAN-SGN,09:40,10:10,09:40,10:10,10:10,10:39,10:40,10:48,00:30,00:30,DELAY,DELAY,DELAY,DELAY,,93,00:30,,,,,10:10,10:36,,LATE TAKEOFF DUE TO ATC,HAN,SGN,SGN,Domestic,VJ,,,,,,,,,,,,
,2026-07-21,VJ1124/VJ1433,A662,A320,SGN-HAN-UIH,09:40,10:10,09:40,10:10,09:50,10:14,10:15,10:23,00:30,00:25,DELAY,ONTIME,ONTIME,ONTIME,,93,00:05,,,,,09:43,10:12,,,HAN,SGN,UIH,Domestic,VJ,,,,,,,,,,,,
,2026-07-21,VJ532/VJ425,A635,A321,DAD-HAN-PXU,09:45,10:20,09:45,10:20,09:55,10:24,10:25,10:29,00:35,00:30,DELAY,ONTIME,ONTIME,ONTIME,,93,00:05,,,,,09:50,10:22,,,HAN,DAD,PXU,Domestic,VJ,,,,,,,,,,,,
,2026-07-21,____/VJ463,A663,A320,HAN-VCA,,10:20,,10:20,,10:24,10:25,10:35,,,DELAY,ONTIME,ONTIME,,,11,00:05,,,,,09:26,10:26,,LATE CHECKIN,HAN,HAN,VCA,Domestic,VJ,,,,,,,,,,,,
,2026-07-21,VJ122/VJ997,A543,A321,SGN-HAN-DPS,09:05,10:25,09:05,10:25,09:40,10:24,10:25,10:29,01:20,00:45,ONTIME,ONTIME,ONTIME,DELAY,,,,,,,,09:55,10:22,,,HAN,SGN,DPS,International,VJ,,,,,,,,,,,,
,2026-07-21,VJ770/VJ437,A639,A321,CXR-HAN-UIH,09:55,10:25,09:55,10:25,10:20,10:49,10:50,10:55,00:30,00:30,DELAY,DELAY,DELAY,DELAY,,93,00:25,,,,,10:20,10:47,,,HAN,CXR,UIH,Domestic,VJ,,,,,,,,,,,,
,2026-07-21,VJ1776/VJ565,A647,A321,CXR-HAN-HUI,09:55,10:30,09:55,10:30,10:15,10:40,10:41,10:45,00:35,00:26,DELAY,ONTIME,ONTIME,DELAY,,93,00:11,,,,,10:05,10:38,,,HAN,CXR,HUI,Domestic,VJ,,,,,,,,,,,,
,2026-07-21,VJ492/VJ493,A633,A321,BMV-HAN-BMV,10:00,10:35,10:00,10:35,10:05,10:44,10:45,10:50,00:35,00:40,DELAY,ONTIME,ONTIME,ONTIME,,87,00:05,99,00:05,,,10:00,10:38,,DL87 GATE LIMIT (WAIT VJ1433 )/ DL99 ARRANGE PAX ON CABIN,HAN,BMV,BMV,Domestic,VJ,,,,,,,,,,,,
,2026-07-21,VJ536/VJ537,A522,A321,DAD-HAN-DAD,10:35,11:05,10:35,11:05,10:55,11:24,11:25,11:30,00:30,00:30,DELAY,DELAY,DELAY,DELAY,,93,00:20,,,,,10:50,11:22,,,HAN,DAD,DAD,Domestic,VJ,,,,,,,,,,,,
,2026-07-21,VJ524/VJ507,A552,A321,DAD-HAN-DAD,10:40,11:10,10:40,11:45,11:10,11:43,11:44,11:49,01:05,00:34,EARLY,ONTIME,DELAY,DELAY,,,,,,,,11:10,11:40,,,HAN,DAD,DAD,Domestic,VJ,,,,,,,,,,,,
,2026-07-21,VJ430/VJ901,A630,A321,UIH-HAN-BKK,09:50,11:10,09:50,11:10,10:00,11:09,11:10,11:13,01:20,01:10,ONTIME,ONTIME,ONTIME,ONTIME,,,,,,,,10:20,11:07,,,HAN,UIH,BKK,International,VJ,,,,,,,,,,,,
,2026-07-21,VJ190/VJ133,A685,A321,SGN-HAN-SGN,10:25,11:20,10:25,11:20,10:40,11:14,11:15,11:19,00:55,00:35,EARLY,ONTIME,ONTIME,ONTIME,,,,,,,,10:40,11:12,,,HAN,SGN,SGN,Domestic,VJ,,,,,,,,,,,,
,2026-07-21,VJ448/VJ195,A634,A321,PQC-HAN-SGN,10:15,11:25,10:15,11:25,10:25,11:24,11:25,11:30,01:10,01:00,ONTIME,ONTIME,ONTIME,ONTIME,,,,,,,,10:44,11:20,,,HAN,PQC,SGN,Domestic,VJ,,,,,,,,,,,,
,2026-07-21,VJ422/VJ451,A658,A320,PXU-HAN-PQC,10:50,11:45,10:50,11:45,10:50,11:44,11:45,11:50,00:55,00:55,ONTIME,ONTIME,ONTIME,ONTIME,,,,,,,,10:50,11:42,,,HAN,PXU,PQC,Domestic,VJ,,,,,,,,,,,,
,2026-07-21,VJ1772/VJ1453,A649,A321,CXR-HAN-PQC,11:15,11:50,11:15,12:30,12:10,12:39,12:40,12:41,01:15,00:30,DELAY,ONTIME,DELAY,DELAY,,93,00:10,,,,,12:05,12:37,,,HAN,CXR,PQC,Domestic,VJ,,,,,,,,,,,,
,2026-07-21,VJ130/VJ515,A673,A321,SGN-HAN-DAD,10:50,12:15,10:50,12:15,11:35,12:14,12:15,12:25,01:25,00:40,ONTIME,ONTIME,ONTIME,DELAY,,,,,,,,11:35,12:12,,,HAN,SGN,DAD,Domestic,VJ,,,,,,,,,,,,
,2026-07-21,VJ128/VJ137,A699,A320,SGN-HAN-SGN,11:50,12:35,11:50,12:35,12:35,12:59,13:00,13:05,00:45,00:25,DELAY,DELAY,DELAY,DELAY,,93,00:25,,,,,12:30,12:57,,,HAN,SGN,SGN,Domestic,VJ,,,,,,,,,,,,
,2026-07-21,VJ981/VJ453,A698,A321,PUS-HAN-PQC,10:40,13:00,10:40,13:00,10:25,12:51,12:52,12:59,02:20,02:27,EARLY,ONTIME,ONTIME,ONTIME,,,,,,,,12:15,12:50,,,HAN,PUS,PQC,Domestic,VJ,,,,,,,,,,,,
,2026-07-21,VJ564/VJ787,A629,A321,HUI-HAN-CXR,12:25,13:10,12:25,13:10,12:45,13:19,13:20,13:23,00:45,00:35,DELAY,ONTIME,ONTIME,DELAY,,93,00:05,66,00:05,,,12:50,13:16,,CREW OB 1257L,HAN,HUI,CXR,Domestic,VJ,,,,,,,,,,,,
,2026-07-21,VJ462/VJ509,A534,A321,VCA-HAN-DAD,11:40,13:20,11:40,13:20,11:38,13:19,13:20,13:26,01:40,01:42,ONTIME,ONTIME,ONTIME,ONTIME,,,,,,,,12:30,13:17,,,HAN,VCA,DAD,Domestic,VJ,,,,,,,,,,,,
,2026-07-21,VJ959/VJ433,A684,A321,FUK-HAN-UIH,11:45,13:20,11:45,13:20,11:21,13:13,13:15,13:25,01:35,01:54,EARLY,ONTIME,ONTIME,ONTIME,,,,,,,,12:40,13:11,,,HAN,FUK,UIH,Domestic,VJ,,,,,,,,,,,,
,2026-07-21,VJ939/VJ948,A578,A321,KIX-HAN-RMQ,12:20,13:30,12:20,13:30,12:05,13:22,13:23,13:32,01:10,01:18,EARLY,ONTIME,ONTIME,ONTIME,,,,,,,,12:40,13:20,,LATE TAKEOFF DUE TO ATC,HAN,KIX,RMQ,International,VJ,,,,,,,,,,,,
,2026-07-21,VJ432/VJ7316,A655,A320,UIH-HAN-ENH,12:35,14:00,12:35,14:00,12:25,13:55,13:56,14:15,01:25,01:31,EARLY,ONTIME,ONTIME,ONTIME,,,,,,,,13:25,13:53,,,HAN,UIH,ENH,International,VJ,,,,,,,,,,,,
,2026-07-21,VJ440/VJ441,A640,A321,PQC-HAN-PQC,13:30,14:00,13:30,14:00,13:55,14:29,14:30,14:38,00:30,00:35,DELAY,DELAY,DELAY,DELAY,,93,00:25,66,00:05,,,14:00,14:27,,CREW OB 1410L,HAN,PQC,PQC,Domestic,VJ,,,,,,,,,,,,
,2026-07-21,VJ933/VJ525,A202,A321,NRT-HAN-DAD,13:05,14:05,13:05,14:05,13:10,14:03,14:04,14:10,01:00,00:54,EARLY,ONTIME,ONTIME,ONTIME,,,,,,,,13:20,14:00,,,HAN,NRT,DAD,Domestic,VJ,,,,,,,,,,,,
,2026-07-21,VJ921/VJ942,A500,A321,NGO-HAN-TPE,12:50,14:25,12:50,14:25,12:18,14:29,14:30,14:35,01:35,02:12,DELAY,ONTIME,ONTIME,ONTIME,,15A,00:05,,,,,13:30,14:26,,DL15A OFFLD 3PAX 2BAG,HAN,NGO,TPE,International,VJ,,,,,,,,,,,,
,2026-07-21,VJ1434/VJ1125,A662,A320,UIH-HAN-SGN,14:00,14:30,14:00,14:30,13:50,14:29,14:30,14:37,00:30,00:40,ONTIME,ONTIME,ONTIME,ONTIME,,,,,,,,13:50,14:25,,,HAN,UIH,SGN,Domestic,VJ,,,,,,,,,,,,
,2026-07-21,VJ134/VJ467,A646,A321,SGN-HAN-VCA,13:30,14:30,13:30,14:30,14:00,14:29,14:30,14:36,01:00,00:30,ONTIME,ONTIME,ONTIME,DELAY,,,,,,,,14:05,14:27,,,HAN,SGN,VCA,Domestic,VJ,,,,,,,,,,,,
,2026-07-21,VJ1504/VJ1505,A637,A321,DAD-HAN-DAD,14:00,14:35,14:00,14:35,14:20,14:48,14:49,14:50,00:35,00:29,DELAY,ONTIME,ONTIME,DELAY,,93,00:14,,,,,14:15,14:46,,,HAN,DAD,DAD,Domestic,VJ,,,,,,,,,,,,
,2026-07-21,VJ961/VJ946,A661,A321,ICN-HAN-KHH,13:35,14:35,13:35,14:35,13:21,14:39,14:40,14:47,01:00,01:19,DELAY,ONTIME,ONTIME,ONTIME,,99,00:05,,,,,13:48,14:37,,DL99-LATE 02PAX 03BAG,HAN,ICN,KHH,International,VJ,,,,,,,,,,,,
,2026-07-21,VJ136/VJ145,A542,A321,SGN-HAN-SGN,14:15,14:50,14:15,14:50,14:55,15:34,15:35,15:38,00:35,00:40,DELAY,DELAY,DELAY,DELAY,,93,00:35,66,00:10,,,15:05,15:31,,CREW OB 1505L/ LATE TAKEOFF DUE TO ATC,HAN,SGN,SGN,Domestic,VJ,,,,,,,,,,,,
,2026-07-21,VJ510/VJ511,A666,A320,DAD-HAN-DAD,14:35,15:05,14:35,15:05,15:20,15:44,15:45,15:50,00:30,00:25,DELAY,DELAY,DELAY,DELAY,,93,00:40,,,,,15:20,15:42,,LATE TAKEOFF DUE TO ATC,HAN,DAD,DAD,Domestic,VJ,,,,,,,,,,,,
,2026-07-21,VJ566/VJ423,A647,A321,HUI-HAN-PXU,13:30,15:05,13:30,15:05,13:45,15:04,15:05,15:08,01:35,01:20,ONTIME,ONTIME,ONTIME,ONTIME,,,,,,,,14:20,15:02,,,HAN,HUI,PXU,Domestic,VJ,,,,,,,,,,,,
,2026-07-21,VJ426/VJ1451,A635,A321,PXU-HAN-PQC,14:05,15:05,14:05,15:05,14:00,14:57,14:58,15:03,01:00,00:58,EARLY,ONTIME,ONTIME,ONTIME,,,,,,,,14:20,14:55,,,HAN,PXU,PQC,Domestic,VJ,,,,,,,,,,,,
,2026-07-21,VJ1774/VJ419,A670,A321,CXR-HAN-TBB,14:20,15:10,14:20,15:10,14:35,15:09,15:10,15:18,00:50,00:35,ONTIME,ONTIME,ONTIME,ONTIME,,,,,,,,14:35,15:07,,,HAN,CXR,TBB,Domestic,VJ,,,,,,,,,,,,
,2026-07-21,VJ1981/VJ439,A672,A320,FSZ-HAN-UIH,14:00,15:40,14:00,15:40,14:20,15:33,15:34,15:36,01:40,01:14,EARLY,ONTIME,ONTIME,DELAY,,,,,,,,14:50,15:31,,,HAN,FSZ,UIH,Domestic,VJ,,,,,,,,,,,,
,2026-07-21,VJ138/VJ147,A656,A320,SGN-HAN-SGN,15:15,15:45,15:15,16:20,15:40,16:19,16:20,16:29,01:05,00:40,ONTIME,ONTIME,DELAY,DELAY,,,,,,,,15:40,16:17,,,HAN,SGN,SGN,Domestic,VJ,,,,,,,,,,,,
,2026-07-21,VJ538/VJ903,A522,A321,DAD-HAN-BKK,14:15,15:45,14:15,15:45,14:50,15:44,15:45,15:55,01:30,00:55,ONTIME,ONTIME,ONTIME,DELAY,,,,,,,,15:05,15:40,,,HAN,DAD,BKK,International,VJ,,,,,,,,,,,,
,2026-07-21,VJ464/VJ567,A663,A320,VCA-HAN-HUI,15:10,15:55,15:10,15:55,15:40,15:59,16:00,16:02,00:45,00:20,DELAY,ONTIME,ONTIME,DELAY,,93,00:05,,,,,15:40,15:57,,,HAN,VCA,HUI,Domestic,VJ,,,,,,,,,,,,
,2026-07-21,VJ508/VJ773,A673,A321,DAD-HAN-CXR,15:25,16:00,15:25,16:00,16:00,16:24,16:25,16:30,00:35,00:25,DELAY,DELAY,DELAY,DELAY,,93,00:25,,,,,16:00,16:22,,,HAN,DAD,CXR,Domestic,VJ,,,,,,,,,,,,
,2026-07-21,VJ494/VJ913,A633,A321,BMV-HAN-SAI,14:40,16:20,14:40,16:20,14:55,16:14,16:15,16:17,01:40,01:20,EARLY,ONTIME,ONTIME,ONTIME,,,,,,,,15:35,16:12,,,HAN,BMV,SAI,International,VJ,,,,,,,,,,,,
,2026-07-21,VJ436/VJ539,A639,A321,UIH-HAN-DAD,14:10,16:20,14:10,16:20,14:40,16:19,16:20,16:23,02:10,01:40,ONTIME,ONTIME,ONTIME,DELAY,,,,,,,,15:30,16:17,,,HAN,UIH,DAD,Domestic,VJ,,,,,,,,,,,,
,2026-07-21,VJ140/VJ151,A634,A321,SGN-HAN-SGN,16:20,16:50,16:20,16:50,16:45,17:19,17:20,17:30,00:30,00:35,DELAY,DELAY,DELAY,DELAY,,93,00:25,66,00:05,,,16:47,17:16,,CREW OB 1654L,HAN,SGN,SGN,Domestic,VJ,,,,,,,,,,,,
,2026-07-21,VJ5068/VJ5068,A549,A321,CXR-HAN-NOZ,16:20,16:55,16:20,16:55,16:35,17:03,17:04,17:10,00:35,00:29,DELAY,ONTIME,ONTIME,ONTIME,,93,00:09,,,,,,,X,,HAN,CXR,NOZ,International,VJ,,,,,,,,,,,,
,2026-07-21,VJ902/VJ465,A630,A321,BKK-HAN-VCA,15:50,17:00,15:50,17:00,16:05,16:57,16:58,17:01,01:10,00:53,EARLY,ONTIME,ONTIME,ONTIME,,,,,,,,16:14,16:55,,,HAN,BKK,VCA,Domestic,VJ,,,,,,,,,,,,
,2026-07-21,VJ530/VJ457,A534,A321,DAD-HAN-PQC,16:30,17:10,16:30,17:10,16:55,17:24,17:25,17:35,00:40,00:30,DELAY,ONTIME,DELAY,DELAY,,93,00:15,,,,,16:55,17:20,,,HAN,DAD,PQC,Domestic,VJ,,,,,,,,,,,,
,2026-07-21,VJ1454/VJ193,A649,A321,PQC-HAN-SGN,16:35,17:40,16:35,17:55,17:30,17:58,17:59,18:00,01:20,00:29,DELAY,ONTIME,DELAY,DELAY,,93,00:04,,,,,17:50,17:56,,,HAN,PQC,SGN,Domestic,VJ,,,,,,,,,,,,
,2026-07-21,VJ454/VJ1431,A658,A320,PQC-HAN-UIH,16:45,17:40,16:45,17:40,16:50,17:34,17:35,17:55,00:55,00:45,EARLY,ONTIME,ONTIME,ONTIME,,,,,,,,16:50,17:32,,,HAN,PQC,UIH,Domestic,VJ,,,,,,,,,,,,
,2026-07-21,VJ434/VJ495,A684,A321,UIH-HAN-BMV,17:10,17:45,17:10,17:45,17:10,17:39,17:40,17:47,00:35,00:30,EARLY,ONTIME,ONTIME,ONTIME,,,,,,,,17:01,17:35,,,HAN,UIH,BMV,Domestic,VJ,,,,,,,,,,,,
,2026-07-21,VJ774/VJ517,A629,A321,CXR-HAN-DAD,17:15,17:50,17:15,17:50,17:50,18:19,18:20,18:30,00:35,00:30,DELAY,DELAY,DELAY,DELAY,,93,00:30,,,,,17:50,18:17,,,HAN,CXR,DAD,Domestic,VJ,,,,,,,,,,,,
,2026-07-21,VJ456/VJ781,A698,A321,PQC-HAN-CXR,17:45,18:20,17:45,18:20,17:50,18:14,18:15,18:19,00:35,00:25,EARLY,ONTIME,ONTIME,ONTIME,,,,,,,,17:31,18:12,,,HAN,PQC,CXR,Domestic,VJ,,,,,,,,,,,,
,2026-07-21,VJ512/VJ521,A666,A320,DAD-HAN-DAD,18:15,18:45,18:15,19:50,19:15,19:54,19:55,19:58,01:35,00:40,DELAY,ONTIME,DELAY,DELAY,,15A,00:05,,,,,19:15,19:50,,OFLD 07PAX + 05BAG,HAN,DAD,DAD,Domestic,VJ,,,,,,,,,,,,
,2026-07-21,VJ528/VJ789,A202,A321,DAD-HAN-CXR,17:25,18:45,17:25,18:45,17:31,18:39,18:40,18:43,01:20,01:09,EARLY,ONTIME,ONTIME,ONTIME,,,,,,,,18:00,18:35,,,HAN,DAD,CXR,Domestic,VJ,,,,,,,,,,,,
,2026-07-21,VJ144/VJ561,A657,A321,SGN-HAN-HUI,18:05,19:15,18:05,19:15,19:05,19:43,19:44,19:45,01:10,00:39,DELAY,DELAY,DELAY,DELAY,,93,00:20,66,00:09,,,19:20,19:41,,CREW HN OB 1923LT,HAN,SGN,HUI,Domestic,VJ,,,,,,,,,,,,
,2026-07-21,VJ192/VJ519,A653,A321,SGN-HAN-DAD,17:05,19:25,17:05,19:25,17:20,19:39,19:40,19:55,02:20,02:20,DELAY,ONTIME,DELAY,ONTIME,,95,00:15,,,,,19:19,19:37,,CREW FROM VJ144 OB 1919LT,HAN,SGN,DAD,Domestic,VJ,,,,,,,,,,,,
,2026-07-21,VJ916/VJ157,A203,A321,SIN-HAN-SGN,17:25,19:30,17:25,19:30,17:15,19:29,19:30,19:40,02:05,02:15,ONTIME,ONTIME,ONTIME,ONTIME,,,,,,,,18:40,19:27,,,HAN,SIN,SGN,Domestic,VJ,,,,,,,,,,,,
,2026-07-21,VJ931/VJ971,A201,A321,KIX-HAN-DEL,18:30,19:40,18:30,19:40,18:00,19:34,19:35,19:37,01:10,01:35,EARLY,ONTIME,ONTIME,ONTIME,,,,,,,,19:05,19:31,,,HAN,KIX,DEL,International,VJ,,,,,,,,,,,,
,2026-07-21,VJ928/VJ1925,A551,A321,CGK-HAN-AMD,18:15,19:45,18:15,19:45,18:30,19:44,19:45,19:46,01:30,01:15,ONTIME,ONTIME,ONTIME,ONTIME,,,,,,,,19:05,19:42,,,HAN,CGK,AMD,International,VJ,,,,,,,,,,,,
,2026-07-21,VJ442/VJ523,A640,A321,PQC-HAN-DAD,19:05,19:45,19:05,20:15,19:45,20:14,20:15,20:25,01:10,00:30,ONTIME,ONTIME,DELAY,DELAY,,,,,,,,19:40,20:12,,,HAN,PQC,DAD,Domestic,VJ,,,,,,,,,,,,
,2026-07-21,VJ438/VJ1785,A672,A320,UIH-HAN-CXR,19:25,19:55,19:25,19:55,19:20,19:44,19:45,19:53,00:30,00:25,EARLY,ONTIME,ONTIME,ONTIME,,,,,,,,19:15,19:42,,,HAN,UIH,CXR,Domestic,VJ,,,,,,,,,,,,
,2026-07-21,VJ953/VJ7712,A671,A320,HIJ-HAN-PKX,16:10,20:00,16:10,20:00,16:00,19:59,20:00,20:03,03:50,04:00,ONTIME,ONTIME,ONTIME,ONTIME,,,,,,,,19:15,19:57,,,HAN,HIJ,PKX,International,VJ,,,,,,,,,,,,
,2026-07-21,VJ152/VJ159,A554,A321,SGN-HAN-SGN,19:25,20:10,19:25,22:00,21:15,21:52,21:53,21:55,02:35,00:38,EARLY,ONTIME,DELAY,DELAY,,,,,,,,21:25,21:50,,,HAN,SGN,SGN,Domestic,VJ,,,,,,,,,,,,
,2026-07-21,VJ1452/VJ783,A635,A321,PQC-HAN-CXR,19:50,20:25,19:50,20:25,19:50,20:17,20:18,20:25,00:35,00:28,EARLY,ONTIME,ONTIME,ONTIME,,,,,,,,19:50,20:15,,,HAN,PQC,CXR,Domestic,VJ,,,,,,,,,,,,
,2026-07-21,VJ424/VJ161,A647,A321,PXU-HAN-SGN,18:45,20:55,18:45,20:55,18:50,20:54,20:55,21:05,02:10,02:05,ONTIME,ONTIME,ONTIME,ONTIME,,,,,,,,20:00,20:52,,,HAN,PXU,SGN,Domestic,VJ,,,,,,,,,,,,
,2026-07-21,VJ7317/VJ7238,A655,A320,ENH-HAN-PVG,19:25,21:15,19:25,21:15,20:25,21:09,21:10,21:12,01:50,00:45,EARLY,ONTIME,ONTIME,DELAY,,,,,,,,20:40,21:00,,,HAN,ENH,PVG,International,VJ,,,,,,,,,,,,
,2026-07-21,VJ420/VJ527,A670,A321,TBB-HAN-DAD,19:15,21:25,19:15,21:25,19:25,21:21,21:22,21:24,02:10,01:57,EARLY,ONTIME,ONTIME,ONTIME,,,,,,,,20:40,21:20,,,HAN,TBB,DAD,Domestic,VJ,,,,,,,,,,,,
,2026-07-21,VJ154/VJ163,A536,A321,SGN-HAN-SGN,20:55,21:30,20:55,21:30,21:00,21:29,21:30,21:35,00:35,00:30,ONTIME,ONTIME,ONTIME,ONTIME,,,,,,,,21:00,21:27,,,HAN,SGN,SGN,Domestic,VJ,,,,,,,,,,,,
,2026-07-21,VJ540/VJ7526,A639,A321,DAD-HAN-CAN,19:30,22:30,19:30,22:30,20:20,23:09,23:10,23:12,03:00,02:50,DELAY,DELAY,DELAY,DELAY,,63A,00:40,,,,,21:45,22:40,,FO SHOW UP LATE 2309LT,HAN,DAD,CAN,International,VJ,,,,,,,,,,,,
,2026-07-21,VJ520/VJ529,A674,A321,DAD-HAN-DAD,21:05,22:35,21:05,22:35,20:55,22:26,22:27,22:29,01:30,01:32,EARLY,ONTIME,ONTIME,ONTIME,,,,,,,,21:55,22:24,,,HAN,DAD,DAD,Domestic,VJ,,,,,,,,,,,,
,2026-07-21,VJ562/VJ167,A643,A321,HUI-HAN-SGN,22:15,22:45,22:15,22:45,22:50,23:19,23:20,23:21,00:30,00:30,DELAY,DELAY,DELAY,DELAY,,93,00:35,,,,,22:50,23:18,,,HAN,HUI,SGN,Domestic,VJ,,,,,,,,,,,,
,2026-07-21,VJ947/VJ962,A661,A321,KHH-HAN-ICN,20:35,23:15,20:35,23:15,20:40,23:14,23:15,23:24,02:40,02:35,ONTIME,ONTIME,ONTIME,ONTIME,,,,,,,,22:29,23:12,,,HAN,KHH,ICN,International,VJ,,,,,,,,,,,,
,2026-07-21,VJ522/VJ169,A653,A321,DAD-HAN-SGN,22:35,23:25,22:35,23:25,23:15,23:44,23:45,23:50,00:50,00:30,DELAY,DELAY,DELAY,DELAY,,93,00:20,,,,,23:15,23:42,,,HAN,DAD,SGN,Domestic,VJ,,,,,,,,,,,,
,2026-07-22,____/VJ932,A500,A321,HAN-NRT,,00:30,,00:30,,00:26,00:27,00:30,,,EARLY,ONTIME,ONTIME,,,,,,,,,23:45,00:25,,,HAN,HAN,NRT,International,VJ,,,,,,,,,,,,
,2026-07-22,____/VJ982,A633,A321,HAN-PUS,,01:05,,01:05,,00:59,01:00,01:01,,,EARLY,ONTIME,ONTIME,,,,,,,,,00:15,00:57,,,HAN,HAN,PUS,International,VJ,,,,,,,,,,,,
,2026-07-22,____/VJ938,A202,A321,HAN-KIX,,01:20,,01:20,,01:19,01:20,01:27,,,ONTIME,ONTIME,ONTIME,,,,,,,,,00:30,01:17,,,HAN,HAN,KIX,International,VJ,,,,,,,,,,,,
,2026-07-22,VJ7706/VJ7706,A516,A321,CXR-HAN-KHV,00:30,01:05,00:30,01:35,01:10,01:39,01:40,01:50,01:05,00:30,DELAY,ONTIME,DELAY,DELAY,,93,00:05,,,,,,,X,,HAN,CXR,KHV,International,VJ,,,,,,,,,,,,
,2026-07-22,____/VJ960,A698,A321,HAN-ICN,,01:40,,01:40,,01:37,01:38,01:40,,,EARLY,ONTIME,ONTIME,,,,,,,,,00:45,01:35,,,HAN,HAN,ICN,International,VJ,,,,,,,,,,,,
,2026-07-22,____/VJ920,A578,A321,HAN-NGO,,01:40,,01:40,,01:28,01:30,01:32,,,EARLY,ONTIME,ONTIME,,,,,,,,,00:35,01:26,,,HAN,HAN,NGO,International,VJ,,,,,,,,,,,,
,2026-07-22,____/VJ123,A658,A320,HAN-SGN,,05:30,,05:30,,05:24,05:25,05:35,,,EARLY,ONTIME,ONTIME,,,,,,,,,04:40,05:23,,,HAN,HAN,SGN,Domestic,VJ,,,,,,,,,,,,
,2026-07-22,VJ7527/VJ445,A639,A321,CAN-HAN-PQC,03:05,05:30,03:05,05:30,04:15,05:23,05:24,05:27,02:25,01:09,EARLY,ONTIME,ONTIME,DELAY,,,,,,,,04:35,05:20,,,HAN,CAN,PQC,Domestic,VJ,,,,,,,,,,,,
,2026-07-22,____/VJ501,A635,A321,HAN-DAD,,05:40,,05:40,,05:34,05:35,05:44,,,EARLY,ONTIME,ONTIME,,,,,,,,,04:55,05:32,,,HAN,HAN,DAD,Domestic,VJ,,,,,,,,,,,,
,2026-07-22,____/VJ771,A534,A321,HAN-CXR,,05:45,,05:45,,05:39,05:40,05:47,,,EARLY,ONTIME,ONTIME,,,,,,,,,05:00,05:37,,,HAN,HAN,CXR,Domestic,VJ,,,,,,,,,,,,
,2026-07-22,____/VJ1775,A673,A321,HAN-CXR,,05:45,,05:45,,05:39,05:40,05:50,,,EARLY,ONTIME,ONTIME,,,,,,,,,04:58,05:37,,,HAN,HAN,CXR,Domestic,VJ,,,,,,,,,,,,
,2026-07-22,____/VJ121,A543,A321,HAN-SGN,,06:00,,06:00,,05:54,05:55,06:05,,,EARLY,ONTIME,ONTIME,,,,,,,,,05:15,05:52,,,HAN,HAN,SGN,Domestic,VJ,,,,,,,,,,,,
,2026-07-22,____/VJ491,A522,A321,HAN-BMV,,06:00,,06:00,,05:54,05:55,06:00,,,EARLY,ONTIME,ONTIME,,,,,,,,,05:20,05:50,,,HAN,HAN,BMV,Domestic,VJ,,,,,,,,,,,,
,2026-07-22,____/VJ431,A663,A320,HAN-UIH,,06:05,,06:05,,05:59,06:00,06:10,,,EARLY,ONTIME,ONTIME,,,,,,,,,05:20,05:57,,,HAN,HAN,UIH,Domestic,VJ,,,,,,,,,,,,
,2026-07-22,____/VJ531,A542,A321,HAN-DAD,,06:30,,06:30,,06:24,06:25,06:29,,,EARLY,ONTIME,ONTIME,,,,,,,,,05:40,06:20,,,HAN,HAN,DAD,Domestic,VJ,,,,,,,,,,,,
,2026-07-22,____/VJ449,A629,A321,HAN-PQC,,06:30,,06:30,,06:24,06:25,06:33,,,EARLY,ONTIME,ONTIME,,,,,,,,,05:36,06:22,,,HAN,HAN,PQC,Domestic,VJ,,,,,,,,,,,,
,2026-07-22,VJ5069/VJ5069,A549,A321,NOZ-HAN-CXR,06:15,06:45,06:15,06:45,05:50,06:24,06:25,06:38,00:30,00:35,EARLY,ONTIME,ONTIME,ONTIME,,,,,,,,,,X,,HAN,NOZ,CXR,Domestic,VJ,,,,,,,,,,,,
,2026-07-22,____/VJ461,A655,A320,HAN-VCA,,06:45,,06:45,,06:36,06:37,06:44,,,EARLY,ONTIME,ONTIME,,,,,,,,,06:00,06:34,,,HAN,HAN,VCA,Domestic,VJ,,,,,,,,,,,,
,2026-07-22,____/VJ125,A672,A320,HAN-SGN,,07:00,,07:00,,06:59,07:00,07:15,,,ONTIME,ONTIME,ONTIME,,,,,,,,,06:10,06:58,,,HAN,HAN,SGN,Domestic,VJ,,,,,,,,,,,,
,2026-07-22,____/VJ1771,A669,A320,HAN-CXR,,07:00,,07:00,,06:54,06:55,07:15,,,EARLY,ONTIME,ONTIME,,,,,,,,,06:10,06:50,,,HAN,HAN,CXR,Domestic,VJ,,,,,,,,,,,,
,2026-07-22,____/VJ421,A671,A320,HAN-PXU,,07:10,,07:10,,07:04,07:05,07:25,,,EARLY,ONTIME,ONTIME,,,,,,,,,06:30,07:02,,,HAN,HAN,PXU,Domestic,VJ,,,,,,,,,,,,
,2026-07-22,VJ502/VJ535,A683,A321,DAD-HAN-DAD,07:00,07:25,07:00,07:25,06:55,07:24,07:25,07:30,00:25,00:30,ONTIME,ONTIME,ONTIME,ONTIME,,,,,,,,06:55,07:22,,,HAN,DAD,DAD,Domestic,VJ,,,,,,,,,,,,
,2026-07-22,____/VJ905,A684,A321,HAN-KUL,,07:25,,07:25,,07:24,07:25,07:38,,,ONTIME,ONTIME,ONTIME,,,,,,,,,06:35,07:22,,,HAN,HAN,KUL,International,VJ,,,,,,,,,,,,
,2026-07-22,____/VJ503,A203,A321,HAN-DAD,,07:30,,07:30,,07:24,07:25,07:45,,,EARLY,ONTIME,ONTIME,,,,,,,,,06:50,07:20,,,HAN,HAN,DAD,Domestic,VJ,,,,,,,,,,,,
,2026-07-22,____/VJ934,A551,A321,HAN-NRT,,07:55,,07:55,,07:54,07:55,08:05,,,ONTIME,ONTIME,ONTIME,,,,,,,,,07:05,07:50,,LATE TAKEOFF DUE TO ATC,HAN,HAN,NRT,International,VJ,,,,,,,,,,,,
,2026-07-22,____/VJ541,A201,A321,HAN-DAD,,08:00,,08:00,,07:54,07:55,08:03,,,EARLY,ONTIME,ONTIME,,,,,,,,,07:10,07:51,,,HAN,HAN,DAD,Domestic,VJ,,,,,,,,,,,,
,2026-07-22,____/VJ127,A676,A320,HAN-SGN,,08:10,,10:45,,11:59,12:00,12:15,,,DELAY,DELAY,DELAY,,,41,01:15,,,,,10:35,11:57,,GROUND RETURN DUE TO TECHNICAL,HAN,HAN,SGN,Domestic,VJ,,,,,,,,,,,,
,2026-07-22,____/VJ929,A524,A321,HAN-CGK,,08:40,,08:40,,08:37,08:39,08:45,,,EARLY,ONTIME,ONTIME,,,,,,,,,07:46,08:34,,,HAN,HAN,CGK,International,VJ,,,,,,,,,,,,
,2026-07-22,____/VJ447,A528,A321,HAN-PQC,,08:45,,08:45,,08:44,08:45,08:46,,,ONTIME,ONTIME,ONTIME,,,,,,,,,07:55,08:40,,,HAN,HAN,PQC,Domestic,VJ,,,,,,,,,,,,
,2026-07-22,VJ120/VJ435,A666,A320,SGN-HAN-UIH,07:10,09:05,07:10,09:05,07:07,09:09,09:10,09:15,01:55,02:03,DELAY,ONTIME,ONTIME,ONTIME,,95,00:05,,,,,08:40,09:07,,CREW FROM VJ504 OB 0846L,HAN,SGN,UIH,Domestic,VJ,,,,,,,,,,,,
,2026-07-22,VJ504/VJ505,A544,A321,DAD-HAN-DAD,08:20,09:05,08:20,09:05,08:30,09:04,09:05,09:15,00:45,00:35,ONTIME,ONTIME,ONTIME,ONTIME,,,,,,,,08:35,09:01,,,HAN,DAD,DAD,Domestic,VJ,,,,,,,,,,,,
,2026-07-22,VJ514/VJ563,A635,A321,DAD-HAN-HUI,08:50,09:20,08:50,09:20,09:00,09:29,09:30,09:35,00:30,00:30,DELAY,ONTIME,ONTIME,ONTIME,,93,00:10,,,,,08:55,09:26,,,HAN,DAD,HUI,Domestic,VJ,,,,,,,,,,,,
,2026-07-22,____/VJ915,A646,A321,HAN-SIN,,09:35,,09:35,,09:34,09:35,09:39,,,ONTIME,ONTIME,ONTIME,,,,,,,,,08:40,09:31,,,HAN,HAN,SIN,International,VJ,,,,,,,,,,,,
,2026-07-22,VJ963/VJ1773,A661,A321,ICN-HAN-CXR,08:55,10:00,08:55,10:00,08:35,09:54,09:55,10:05,01:05,01:20,EARLY,ONTIME,ONTIME,ONTIME,,,,,,,,09:15,09:50,,,HAN,ICN,CXR,Domestic,VJ,,,,,,,,,,,,
,2026-07-22,VJ770/VJ131,A534,A321,CXR-HAN-SGN,09:55,10:10,09:55,11:00,10:20,12:04,12:05,12:20,01:05,01:45,DELAY,DELAY,DELAY,DELAY,,46,01:05,,,,,09:40,12:00,,LATE TAKEOFF DUE TO ATC/ CHANGE FP,HAN,CXR,SGN,Domestic,VJ,,,,,,,,,,,,
,2026-07-22,VJ1124/VJ1433,A650,A320,SGN-HAN-UIH,09:40,10:10,09:40,10:10,09:30,10:17,10:18,10:25,00:30,00:48,DELAY,ONTIME,ONTIME,ONTIME,,34,00:08,,,,,09:20,10:15,,LACK OF BUS,HAN,SGN,UIH,Domestic,VJ,,,,,,,,,,,,
,2026-07-22,VJ156/VJ135,A693,A321,SGN-HAN-SGN,09:00,10:10,09:00,10:10,09:00,10:09,10:10,10:20,01:10,01:10,ONTIME,ONTIME,ONTIME,ONTIME,,,,,,,,09:25,10:05,,,HAN,SGN,SGN,Domestic,VJ,,,,,,,,,,,,
,2026-07-22,VJ532/VJ425,A542,A321,DAD-HAN-PXU,09:45,10:20,09:45,10:20,09:55,10:24,10:25,10:27,00:35,00:30,DELAY,ONTIME,ONTIME,ONTIME,,93,00:05,,,,,09:55,10:22,,LATE TAKEOFF DUE TO ATC,HAN,DAD,PXU,Domestic,VJ,,,,,,,,,,,,
,2026-07-22,VJ430/VJ437,A663,A320,UIH-HAN-UIH,09:50,10:25,09:50,10:25,09:55,10:22,10:23,10:30,00:35,00:28,EARLY,ONTIME,ONTIME,ONTIME,,,,,,,,09:47,10:20,,,HAN,UIH,UIH,Domestic,VJ,,,,,,,,,,,,
,2026-07-22,VJ1776/VJ463,A673,A321,CXR-HAN-VCA,09:55,10:30,09:55,10:55,10:25,11:04,11:05,11:10,01:00,00:40,DELAY,ONTIME,DELAY,DELAY,,66,00:10,,,,,10:35,11:00,,CREW OB 1040L,HAN,CXR,VCA,Domestic,VJ,,,,,,,,,,,,
,2026-07-22,VJ492/VJ493,A522,A321,BMV-HAN-BMV,10:00,10:30,10:00,11:05,10:30,10:58,10:59,11:00,01:05,00:29,EARLY,ONTIME,DELAY,DELAY,,,,,,,,10:30,10:55,,,HAN,BMV,BMV,Domestic,VJ,,,,,,,,,,,,
,2026-07-22,VJ448/VJ901,A639,A321,PQC-HAN-BKK,10:15,11:10,10:15,11:10,10:15,11:01,11:02,11:05,00:55,00:47,EARLY,ONTIME,ONTIME,ONTIME,,,,,,,,10:25,11:00,,,HAN,PQC,BKK,International,VJ,,,,,,,,,,,,
,2026-07-22,VJ524/VJ507,A203,A321,DAD-HAN-DAD,10:40,11:10,10:40,11:40,11:10,11:38,11:39,11:40,01:00,00:29,EARLY,ONTIME,DELAY,DELAY,,,,,,,,11:05,11:35,,,HAN,DAD,DAD,Domestic,VJ,,,,,,,,,,,,
,2026-07-22,VJ122/VJ133,A812,A330,SGN-HAN-SGN,09:05,11:20,09:05,11:20,09:10,11:19,11:20,11:34,02:15,02:10,ONTIME,ONTIME,ONTIME,ONTIME,,,,,,,,10:20,11:19,,,HAN,SGN,SGN,Domestic,VJ,,,,,,,,,,,,
,2026-07-22,VJ981/VJ565,A633,A321,PUS-HAN-HUI,10:40,11:30,10:40,11:30,10:36,11:39,11:40,11:44,00:50,01:04,DELAY,ONTIME,ONTIME,ONTIME,,61,00:10,,,,,10:53,11:37,,CHANGE FLIGHT PLAN,HAN,PUS,HUI,Domestic,VJ,,,,,,,,,,,,
,2026-07-22,VJ422/VJ451,A671,A320,PXU-HAN-PQC,10:50,11:45,10:50,11:45,11:10,11:41,11:42,11:48,00:55,00:32,EARLY,ONTIME,ONTIME,DELAY,,,,,,,,11:10,11:38,,LATE TAKEOFF DUE TO ATC,HAN,PXU,PQC,Domestic,VJ,,,,,,,,,,,,
,2026-07-22,VJ1772/VJ775,A669,A320,CXR-HAN-CXR,11:15,11:45,11:15,13:10,12:50,13:13,13:14,13:15,01:55,00:24,DELAY,ONTIME,DELAY,DELAY,,93,00:04,,,,,12:50,13:10,,,HAN,CXR,CXR,Domestic,VJ,,,,,,,,,,,,
,2026-07-22,VJ536/VJ1453,A683,A321,DAD-HAN-PQC,10:35,11:50,10:35,11:50,10:45,11:49,11:50,11:55,01:15,01:05,ONTIME,ONTIME,ONTIME,ONTIME,,,,,,,,11:05,11:46,,,HAN,DAD,PQC,Domestic,VJ,,,,,,,,,,,,
,2026-07-22,VJ450/VJ515,A629,A321,PQC-HAN-DAD,11:15,12:10,11:15,12:10,11:20,12:09,12:10,12:23,00:55,00:50,ONTIME,ONTIME,ONTIME,ONTIME,,,,,,,,11:25,12:05,,,HAN,PQC,DAD,Domestic,VJ,,,,,,,,,,,,
,2026-07-22,VJ128/VJ137,A672,A320,SGN-HAN-SGN,11:50,12:20,11:50,12:50,12:30,12:59,13:00,13:05,01:00,00:30,DELAY,ONTIME,DELAY,DELAY,,93,00:05,66,00:05,,,12:38,12:56,,CREW OB 1238L,HAN,SGN,SGN,Domestic,VJ,,,,,,,,,,,,
,2026-07-22,VJ506/VJ453,A544,A321,DAD-HAN-PQC,12:15,13:00,12:15,13:00,13:05,13:34,13:35,13:42,00:45,00:30,DELAY,DELAY,DELAY,DELAY,,93,00:35,,,,,13:00,13:31,,,HAN,DAD,PQC,Domestic,VJ,,,,,,,,,,,,
,2026-07-22,VJ542/VJ787,A201,A321,DAD-HAN-CXR,12:00,13:10,12:00,13:10,12:05,13:09,13:10,13:19,01:10,01:05,ONTIME,ONTIME,ONTIME,ONTIME,,,,,,,,12:25,13:05,,,HAN,DAD,CXR,Domestic,VJ,,,,,,,,,,,,
,2026-07-22,VJ432/VJ509,A666,A320,UIH-HAN-DAD,12:50,13:20,12:50,13:20,13:15,13:48,13:49,13:50,00:30,00:34,DELAY,DELAY,DELAY,DELAY,,93,00:20,41,00:09,,,13:15,13:39,,LATE TAKEOFF DUE TO ATC,HAN,UIH,DAD,Domestic,VJ,,,,,,,,,,,,
,2026-07-22,VJ564/VJ433,A635,A321,HUI-HAN-UIH,12:20,13:20,12:20,13:20,13:00,13:29,13:30,13:35,01:00,00:30,DELAY,ONTIME,ONTIME,DELAY,,93,00:10,,,,,13:05,13:27,,,HAN,HUI,UIH,Domestic,VJ,,,,,,,,,,,,
,2026-07-22,VJ939/VJ948,A202,A321,KIX-HAN-RMQ,12:20,13:30,12:20,13:30,12:35,13:29,13:30,13:35,01:10,00:55,ONTIME,ONTIME,ONTIME,ONTIME,,,,,,,,12:45,13:25,,,HAN,KIX,RMQ,International,VJ,,,,,,,,,,,,
,2026-07-22,VJ921/VJ441,A578,A321,NGO-HAN-PQC,12:50,14:00,12:50,14:00,12:40,13:54,13:55,14:10,01:10,01:15,EARLY,ONTIME,ONTIME,ONTIME,,,,,,,,13:10,13:50,,,HAN,NGO,PQC,Domestic,VJ,,,,,,,,,,,,
,2026-07-22,VJ126/VJ525,A685,A321,SGN-HAN-DAD,09:40,14:05,09:40,14:05,09:50,14:03,14:05,14:06,04:25,04:15,ONTIME,ONTIME,ONTIME,ONTIME,,,,,,,,13:30,14:00,,,HAN,SGN,DAD,Domestic,VJ,,,,,,,,,,,,
,2026-07-22,VJ933/VJ942,A500,A321,NRT-HAN-TPE,13:05,14:25,13:05,14:25,13:09,14:24,14:25,14:50,01:20,01:16,ONTIME,ONTIME,DELAY,ONTIME,,,,,,,,13:40,14:20,,,HAN,NRT,TPE,International,VJ,,,,,,,,,,,,
,2026-07-22,VJ1434/VJ1125,A650,A320,UIH-HAN-SGN,14:00,14:30,14:00,16:00,15:50,16:09,16:10,16:18,02:00,00:20,DELAY,ONTIME,DELAY,DELAY,,93,00:10,,,,,15:45,16:05,,,HAN,UIH,SGN,Domestic,VJ,,,,,,,,,,,,
,2026-07-22,VJ136/VJ1505,A543,A321,SGN-HAN-DAD,14:10,14:35,14:10,16:20,14:50,16:29,16:30,16:50,02:10,01:40,DELAY,ONTIME,DELAY,DELAY,,,,95,00:10,,,15:55,16:25,,CREW VJ142 OB 1614L,HAN,SGN,DAD,Domestic,VJ,,,,,,,,,,,,
,2026-07-22,VJ440/VJ946,A528,A321,PQC-HAN-KHH,13:30,14:35,13:30,14:35,13:35,14:24,14:25,14:34,01:05,00:50,EARLY,ONTIME,ONTIME,ONTIME,,,,,,,,13:55,14:21,,,HAN,PQC,KHH,International,VJ,,,,,,,,,,,,
,2026-07-22,VJ130/VJ467,A662,A320,SGN-HAN-VCA,10:50,14:35,10:50,14:35,11:05,14:32,14:33,14:35,03:45,03:28,EARLY,ONTIME,ONTIME,ONTIME,,,,,,,,13:45,14:30,,,HAN,SGN,VCA,Domestic,VJ,,,,,,,,,,,,
,2026-07-22,VJ462/VJ145,A655,A320,VCA-HAN-SGN,11:40,14:40,11:40,14:40,11:45,14:39,14:40,14:44,03:00,02:55,ONTIME,ONTIME,ONTIME,ONTIME,,,,,,,,13:50,14:36,,,HAN,VCA,SGN,Domestic,VJ,,,,,,,,,,,,
,2026-07-22,VJ7707/VJ7707,A516,A321,KHV-HAN-CXR,14:25,14:55,14:25,15:55,15:42,16:08,16:09,16:10,01:30,00:27,DELAY,ONTIME,DELAY,DELAY,,93,00:14,,,,,,,X,,HAN,KHV,CXR,Domestic,VJ,,,,,,,,,,,,
,2026-07-22,VJ961/VJ511,A698,A321,ICN-HAN-DAD,13:35,15:05,13:35,15:05,13:30,15:04,15:05,15:09,01:30,01:35,ONTIME,ONTIME,ONTIME,ONTIME,,,,,,,,14:15,15:00,,,HAN,ICN,DAD,Domestic,VJ,,,,,,,,,,,,
,2026-07-22,VJ1774/VJ423,A661,A321,CXR-HAN-PXU,14:20,15:05,14:20,15:05,14:45,15:09,15:10,15:15,00:45,00:25,DELAY,ONTIME,ONTIME,DELAY,,93,00:05,,,,,14:40,15:06,,,HAN,CXR,PXU,Domestic,VJ,,,,,,,,,,,,
,2026-07-22,VJ426/VJ419,A542,A321,PXU-HAN-TBB,14:05,15:10,14:05,15:10,14:10,15:09,15:10,15:15,01:05,01:00,ONTIME,ONTIME,ONTIME,ONTIME,,,,,,,,14:25,15:05,,,HAN,PXU,TBB,Domestic,VJ,,,,,,,,,,,,
,2026-07-22,VJ566/VJ439,A633,A321,HUI-HAN-UIH,14:30,15:40,14:30,15:40,15:05,15:34,15:35,15:42,01:10,00:30,EARLY,ONTIME,ONTIME,DELAY,,,,,,,,15:05,15:30,,,HAN,HUI,UIH,Domestic,VJ,,,,,,,,,,,,
,2026-07-22,VJ906/VJ903,A684,A321,KUL-HAN-BKK,14:40,15:45,14:40,15:55,15:30,15:58,15:59,16:00,01:15,00:29,DELAY,ONTIME,ONTIME,DELAY,,93,00:04,,,,,,,,,HAN,KUL,BKK,International,VJ,,,,,,,,,,,,
,2026-07-22,VJ134/VJ147,A552,A321,SGN-HAN-SGN,13:30,15:45,13:30,15:45,15:05,15:42,15:43,15:44,02:15,00:38,EARLY,ONTIME,ONTIME,DELAY,,,,,,,,15:05,15:40,,,HAN,SGN,SGN,Domestic,VJ,,,,,,,,,,,,
,2026-07-22,VJ494/VJ567,A522,A321,BMV-HAN-HUI,14:30,15:55,14:30,15:55,15:30,16:04,16:05,16:10,01:25,00:35,DELAY,ONTIME,ONTIME,DELAY,,93,00:05,41,00:05,,,15:30,16:02,,TECHNICAL CHECK,HAN,BMV,HUI,Domestic,VJ,,,,,,,,,,,,
,2026-07-22,VJ508/VJ773,A629,A321,DAD-HAN-CXR,15:25,16:00,15:25,16:00,16:05,16:29,16:30,16:40,00:35,00:25,DELAY,DELAY,DELAY,DELAY,,93,00:30,,,,,15:45,16:26,,,HAN,DAD,CXR,Domestic,VJ,,,,,,,,,,,,
,2026-07-22,VJ510/VJ913,A203,A321,DAD-HAN-SAI,14:35,16:20,14:35,16:20,15:05,16:14,16:15,16:30,01:45,01:10,EARLY,ONTIME,ONTIME,DELAY,,,,,,,,15:30,16:05,,,HAN,DAD,SAI,International,VJ,,,,,,,,,,,,
,2026-07-22,VJ464/VJ539,A673,A321,VCA-HAN-DAD,15:20,16:20,15:20,16:20,16:25,16:52,16:53,17:07,01:00,00:28,DELAY,DELAY,DELAY,DELAY,,93,00:33,,,,,16:25,16:50,,,HAN,VCA,DAD,Domestic,VJ,,,,,,,,,,,,
,2026-07-22,VJ1504/VJ193,A547,A321,DAD-HAN-SGN,14:00,16:30,14:00,16:30,15:15,16:34,16:35,16:55,02:30,01:20,DELAY,ONTIME,DELAY,DELAY,,99,00:05,,,,,15:45,16:31,,SETTLE PAX IN CABIN,HAN,DAD,SGN,Domestic,VJ,,,,,,,,,,,,
,2026-07-22,____/VJ151,A668,A320,HAN-SGN,,16:50,,17:25,,17:44,17:45,17:55,,,DELAY,DELAY,DELAY,,,,,63A,00:20,,,17:15,17:42,,CREW SHOW UP LATE AT 1721L,HAN,HAN,SGN,Domestic,VJ,,,,,,,,,,,,
,2026-07-22,VJ452/VJ465,A687,A321,PQC-HAN-VCA,16:05,17:00,16:05,17:00,16:55,17:14,17:15,17:29,00:55,00:20,DELAY,ONTIME,DELAY,DELAY,,93,00:15,,,,,16:50,17:12,,,HAN,PQC,VCA,Domestic,VJ,,,,,,,,,,,,
,2026-07-22,VJ530/VJ513,A666,A320,DAD-HAN-DAD,16:35,17:10,16:35,17:35,17:25,17:44,17:45,17:50,01:00,00:20,DELAY,ONTIME,DELAY,DELAY,,93,00:10,,,,,17:15,17:41,,,HAN,DAD,DAD,Domestic,VJ,,,,,,,,,,,,
,2026-07-22,VJ454/VJ495,A671,A320,PQC-HAN-BMV,16:45,17:30,16:45,17:30,16:55,17:29,17:30,17:41,00:45,00:35,ONTIME,ONTIME,ONTIME,ONTIME,,,,,,,,16:55,17:25,,,HAN,PQC,BMV,Domestic,VJ,,,,,,,,,,,,
,2026-07-22,VJ140/VJ141,A534,A321,SGN-HAN-SGN,16:40,17:35,16:40,19:05,18:40,19:09,19:10,19:32,02:25,00:30,DELAY,ONTIME,DELAY,DELAY,,93,00:05,,,,,18:35,19:07,,,HAN,SGN,SGN,Domestic,VJ,,,,,,,,,,,,
,2026-07-22,VJ434/VJ1431,A635,A321,UIH-HAN-UIH,17:10,17:40,17:10,17:40,17:40,17:54,17:55,18:02,00:30,00:15,DELAY,ONTIME,DELAY,DELAY,,93,00:15,,,,,17:30,17:51,,,HAN,UIH,UIH,Domestic,VJ,,,,,,,,,,,,
,2026-07-22,VJ902/VJ781,A639,A321,BKK-HAN-CXR,15:50,18:15,15:50,18:15,16:00,18:09,18:10,18:18,02:25,02:10,EARLY,ONTIME,ONTIME,ONTIME,,,,,,,,17:25,18:05,,,HAN,BKK,CXR,Domestic,VJ,,,,,,,,,,,,
,2026-07-22,VJ774/VJ517,A537,A321,CXR-HAN-DAD,17:30,18:15,17:30,18:15,18:05,18:34,18:35,18:38,00:45,00:30,DELAY,DELAY,DELAY,DELAY,,93,00:20,,,,,18:05,18:30,,,HAN,CXR,DAD,Domestic,VJ,,,,,,,,,,,,
,2026-07-22,VJ512/VJ521,A698,A321,DAD-HAN-DAD,18:15,18:45,18:15,18:50,18:30,18:58,18:59,19:00,00:35,00:29,DELAY,ONTIME,ONTIME,ONTIME,,93,00:09,,,,,18:20,18:55,,,HAN,DAD,DAD,Domestic,VJ,,,,,,,,,,,,
,2026-07-22,VJ528/VJ789,A685,A321,DAD-HAN-CXR,17:25,18:45,17:25,18:45,17:40,18:44,18:45,18:50,01:20,01:05,ONTIME,ONTIME,ONTIME,ONTIME,,,,,,,,18:00,18:42,,,HAN,DAD,CXR,Domestic,VJ,,,,,,,,,,,,
,2026-07-22,VJ7658/VJ7658,A553,A321,DAD-HAN-BQS,18:35,19:10,18:35,19:10,18:50,19:24,19:25,19:35,00:35,00:35,DELAY,ONTIME,DELAY,ONTIME,,93,00:15,,,,,,,X,,HAN,DAD,BQS,International,VJ,,,,,,,,,,,,
,2026-07-22,VJ144/VJ519,A649,A321,SGN-HAN-DAD,18:05,19:25,18:05,20:05,19:30,20:04,20:05,20:20,02:00,00:35,ONTIME,ONTIME,DELAY,DELAY,,,,,,,,19:30,20:03,,,HAN,SGN,DAD,Domestic,VJ,,,,,,,,,,,,
,2026-07-22,VJ138/VJ157,A607,A321,SGN-HAN-SGN,15:15,19:30,15:15,19:30,19:00,19:29,19:30,19:39,04:15,00:30,ONTIME,ONTIME,ONTIME,DELAY,,,,,,,,19:00,19:27,,,HAN,SGN,SGN,Domestic,VJ,,,,,,,,,,,,
,2026-07-22,VJ568/VJ561,A522,A321,HUI-HAN-HUI,18:55,19:30,18:55,19:55,19:45,20:08,20:09,20:18,01:00,00:24,DELAY,ONTIME,DELAY,DELAY,,93,00:14,,,,,19:35,20:07,,,HAN,HUI,HUI,Domestic,VJ,,,,,,,,,,,,
,2026-07-22,VJ772/VJ7712,A669,A320,CXR-HAN-PKX,15:55,19:55,15:55,19:55,17:55,19:54,19:55,20:02,04:00,02:00,ONTIME,ONTIME,ONTIME,DELAY,,,,,,,,19:15,19:50,,,HAN,CXR,PKX,International,VJ,,,,,,,,,,,,
,2026-07-22,VJ438/VJ523,A633,A321,UIH-HAN-DAD,19:25,20:00,19:25,20:00,19:10,19:54,19:55,20:04,00:35,00:45,EARLY,ONTIME,ONTIME,ONTIME,,,,,,,,19:10,19:52,,,HAN,UIH,DAD,Domestic,VJ,,,,,,,,,,,,
,2026-07-22,VJ420/VJ1785,A542,A321,TBB-HAN-CXR,19:15,20:00,19:15,20:00,19:20,19:51,19:52,19:58,00:45,00:32,EARLY,ONTIME,ONTIME,ONTIME,,,,,,,,19:15,19:50,,,HAN,TBB,CXR,Domestic,VJ,,,,,,,,,,,,
,2026-07-22,VJ442/VJ907,A578,A321,PQC-HAN-BOM,19:05,20:05,19:05,20:05,19:15,20:04,20:05,20:15,01:00,00:50,ONTIME,ONTIME,ONTIME,ONTIME,,,,,,,,19:32,20:02,,,HAN,PQC,BOM,International,VJ,,,,,,,,,,,,
,2026-07-22,VJ928/VJ455,A524,A321,CGK-HAN-PQC,18:15,20:05,18:15,20:05,18:20,20:04,20:05,20:20,01:50,01:45,ONTIME,ONTIME,ONTIME,ONTIME,,,,,,,,19:20,20:02,,,HAN,CGK,PQC,Domestic,VJ,,,,,,,,,,,,
,2026-07-22,VJ947/VJ159,A528,A321,KHH-HAN-SGN,20:35,20:10,20:35,00:30,20:20,00:59,01:00,01:05,03:55,04:40,DELAY,DELAY,DELAY,ONTIME,,63A,00:30,,,,,00:30,00:52,,CAPT OB 0054L,HAN,KHH,SGN,Domestic,VJ,,,,,,,,,,,,
,2026-07-22,VJ916/VJ161,A646,A321,SIN-HAN-SGN,17:25,20:55,17:25,20:55,17:30,21:18,21:19,21:30,03:30,03:49,DELAY,DELAY,DELAY,ONTIME,,95,00:24,,,,,20:45,21:17,,"WAIT FOR CREW FROM VJ148, OB 2055L",HAN,SIN,SGN,Domestic,VJ,,,,,,,,,,,,
,2026-07-22,VJ436/VJ7238,A663,A320,UIH-HAN-PVG,14:10,21:15,14:10,21:15,14:28,21:05,21:06,21:15,07:05,06:38,EARLY,ONTIME,ONTIME,DELAY,,,,,,,,20:25,21:03,,,HAN,UIH,PVG,International,VJ,,,,,,,,,,,,
,2026-07-22,VJ154/VJ163,A643,A321,SGN-HAN-SGN,20:55,21:25,20:55,21:25,21:00,21:29,21:30,21:35,00:30,00:30,DELAY,ONTIME,ONTIME,ONTIME,,93,00:05,,,,,21:00,21:27,,,HAN,SGN,SGN,Domestic,VJ,,,,,,,,,,,,
,2026-07-22,VJ468/VJ527,A662,A320,VCA-HAN-DAD,19:50,21:25,19:50,21:25,19:50,21:34,21:35,21:40,01:35,01:45,DELAY,ONTIME,ONTIME,ONTIME,,95,00:10,,,,,21:05,21:32,,CREW 516 OB 2121L,HAN,VCA,DAD,Domestic,VJ,,,,,,,,,,,,
,2026-07-22,VJ776/VJ7526,A629,A321,CXR-HAN-CAN,20:10,22:30,20:10,22:30,21:00,22:28,22:29,22:55,02:20,01:29,EARLY,ONTIME,DELAY,DELAY,,,,,,,,21:40,22:26,,,HAN,CXR,CAN,International,VJ,,,,,,,,,,,,
,2026-07-22,VJ520/VJ529,A636,A321,DAD-HAN-DAD,20:55,22:35,20:55,22:35,20:53,22:44,22:45,22:50,01:40,01:52,DELAY,ONTIME,ONTIME,ONTIME,,71,00:10,,,,,21:55,22:55,,,HAN,DAD,DAD,Domestic,VJ,,,,,,,,,,,,
,2026-07-22,VJ466/VJ167,A687,A321,VCA-HAN-SGN,21:50,22:45,21:50,22:55,23:35,00:54,00:55,01:05,01:05,01:20,DELAY,DELAY,DELAY,DELAY,,93,01:10,95,00:50,,,00:28,00:52,,CREW 150 OB 0030L,HAN,VCA,SGN,Domestic,VJ,,,,,,,,,,,,
,2026-07-22,VJ424/VJ962,A661,A321,PXU-HAN-ICN,18:45,23:15,18:45,23:15,18:55,23:14,23:15,23:22,04:30,04:20,ONTIME,ONTIME,ONTIME,ONTIME,,,,,,,,22:30,23:12,,,HAN,PXU,ICN,International,VJ,,,,,,,,,,,,
,2026-07-22,VJ522/VJ169,A649,A321,DAD-HAN-SGN,22:35,23:25,22:35,00:45,00:30,00:59,01:00,01:15,02:10,00:30,DELAY,ONTIME,DELAY,ONTIME,,93,00:15,,,,,00:25,00:57,,,HAN,DAD,SGN,Domestic,VJ,,,,,,,,,,,,
,2026-07-22,AI2390/AI2391,VT-TQI,A320,DEL-HAN-DEL,07:20,08:20,07:20,08:20,07:38,08:57,08:58,09:05,01:00,01:20,DELAY,DELAY,DELAY,DELAY,,93,00:18,41,00:20,,,,,,,HAN,DEL,DEL,International,AI,,,,,,,,,,,,
,2026-07-23,____/VJ932,A500,A321,HAN-NRT,,00:30,,00:30,,00:44,00:45,01:00,,,DELAY,ONTIME,DELAY,,,15A,00:15,,,,,23:40,00:36,,OFLD 1PAX AND 1BAG,HAN,HAN,NRT,International,VJ,,,,,,,,,,,,
,2026-07-23,____/VJ982,A522,A321,HAN-PUS,,01:05,,01:05,,00:52,00:53,01:17,,,EARLY,ONTIME,ONTIME,,,,,,,,,00:15,00:50,,,HAN,HAN,PUS,International,VJ,,,,,,,,,,,,
,2026-07-23,____/VJ938,A202,A321,HAN-KIX,,01:20,,01:20,,01:17,01:18,01:30,,,EARLY,ONTIME,ONTIME,,,,,,,,,00:30,01:15,,,HAN,HAN,KIX,International,VJ,,,,,,,,,,,,
,2026-07-23,____/VJ960,A673,A321,HAN-ICN,,01:40,,01:40,,01:38,01:39,01:42,,,EARLY,ONTIME,ONTIME,,,,,,,,,00:50,01:36,,,HAN,HAN,ICN,International,VJ,,,,,,,,,,,,
,2026-07-23,____/VJ958,A684,A321,BKK-HAN-FUK,,02:05,,02:05,,02:14,02:15,02:20,,,DELAY,ONTIME,ONTIME,,,99,00:10,,,,,01:15,02:12,,SUPPORT 04 TRANSIT PAX FROM VJ526,HAN,BKK,FUK,International,VJ,,,,,,,,,,,,
,2026-07-23,VJ7704/VJ7704,A516,A321,CXR-HAN-VVO,23:45,00:20,23:45,02:20,01:30,02:00,02:02,02:07,02:35,00:32,EARLY,ONTIME,DELAY,ONTIME,,,,,,,,,,X,,HAN,CXR,VVO,International,VJ,,,,,,,,,,,,
,2026-07-23,____/VJ920,A203,A321,HAN-NGO,,01:40,,02:40,,03:19,03:20,03:30,,,DELAY,DELAY,DELAY,,,,,,,,,02:00,03:17,,SUPPORT 16 TRANSIT PAX FROM VJ160&VJ162,HAN,HAN,NGO,International,VJ,,,,,,,,,,,,
,2026-07-23,____/VJ1980,A666,A320,HAN-FSZ,,02:40,,02:40,,02:53,02:54,02:55,,,DELAY,ONTIME,ONTIME,,,99,00:14,,,,,01:50,02:51,,SUPPORT 02 TRANSIT PAX FROM VJ496,HAN,HAN,FSZ,International,VJ,,,,,,,,,,,,
,2026-07-23,____/VJ445,A698,A321,HAN-PQC,,05:30,,05:30,,05:24,05:25,05:30,,,EARLY,ONTIME,ONTIME,,,,,,,,,04:40,05:22,,,HAN,HAN,PQC,Domestic,VJ,,,,,,,,,,,,
,2026-07-23,____/VJ123,A629,A321,HAN-SGN,,05:30,,05:30,,05:29,05:30,05:38,,,ONTIME,ONTIME,ONTIME,,,,,,,,,04:40,05:27,,,HAN,HAN,SGN,Domestic,VJ,,,,,,,,,,,,
,2026-07-23,____/VJ501,A657,A321,HAN-DAD,,05:40,,05:40,,05:39,05:40,05:45,,,ONTIME,ONTIME,ONTIME,,,,,,,,,04:55,05:37,,,HAN,HAN,DAD,Domestic,VJ,,,,,,,,,,,,
,2026-07-23,____/VJ771,A655,A320,HAN-CXR,,05:45,,05:45,,05:39,05:40,05:45,,,EARLY,ONTIME,ONTIME,,,,,,,,,05:00,05:37,,,HAN,HAN,CXR,Domestic,VJ,,,,,,,,,,,,
,2026-07-23,____/VJ1775,A663,A320,HAN-CXR,,05:45,,05:45,,05:39,05:40,05:50,,,EARLY,ONTIME,ONTIME,,,,,,,,,04:50,05:37,,,HAN,HAN,CXR,Domestic,VJ,,,,,,,,,,,,
,2026-07-23,____/VJ121,A699,A320,HAN-SGN,,06:00,,06:00,,05:59,06:00,06:04,,,ONTIME,ONTIME,ONTIME,,,,,,,,,05:10,05:57,,,HAN,HAN,SGN,Domestic,VJ,,,,,,,,,,,,
,2026-07-23,____/VJ491,A635,A321,HAN-BMV,,06:00,,06:00,,05:59,06:00,06:15,,,ONTIME,ONTIME,ONTIME,,,,,,,,,05:15,06:02,,,HAN,HAN,BMV,Domestic,VJ,,,,,,,,,,,,
,2026-07-23,____/VJ431,A542,A321,HAN-UIH,,06:05,,06:05,,05:54,05:55,06:10,,,EARLY,ONTIME,ONTIME,,,,,,,,,05:20,05:52,,,HAN,HAN,UIH,Domestic,VJ,,,,,,,,,,,,
,2026-07-23,VJ7713/VJ952,A669,A320,PKX-HAN-HIJ,03:55,06:15,03:55,06:15,04:30,06:09,06:10,06:22,02:20,01:40,EARLY,ONTIME,ONTIME,DELAY,,,,,,,,05:25,06:07,,,HAN,PKX,HIJ,International,VJ,,,,,,,,,,,,
,2026-07-23,____/VJ531,A639,A321,HAN-DAD,,06:30,,06:30,,06:24,06:25,06:38,,,EARLY,ONTIME,ONTIME,,,,,,,,,05:35,06:22,,,HAN,HAN,DAD,Domestic,VJ,,,,,,,,,,,,
,2026-07-23,____/VJ461,A685,A321,HAN-VCA,,06:45,,06:45,,06:39,06:40,06:49,,,EARLY,ONTIME,ONTIME,,,,,,,,,05:55,06:38,,,HAN,HAN,VCA,Domestic,VJ,,,,,,,,,,,,
,2026-07-23,____/VJ125,A534,A321,HAN-SGN,,07:00,,07:00,,06:54,06:55,07:01,,,EARLY,ONTIME,ONTIME,,,,,,,,,06:20,06:52,,,HAN,HAN,SGN,Domestic,VJ,,,,,,,,,,,,
,2026-07-23,____/VJ1771,A544,A321,HAN-CXR,,07:00,,07:00,,06:54,06:55,06:59,,,EARLY,ONTIME,ONTIME,,,,,,,,,06:10,06:52,,,HAN,HAN,CXR,Domestic,VJ,,,,,,,,,,,,
,2026-07-23,____/VJ421,A671,A320,HAN-PXU,,07:10,,07:10,,07:04,07:05,07:20,,,EARLY,ONTIME,ONTIME,,,,,,,,,06:20,07:02,,,HAN,HAN,PXU,Domestic,VJ,,,,,,,,,,,,
,2026-07-23,____/VJ535,A554,A321,HAN-DAD,,07:25,,07:25,,07:19,07:20,07:32,,,EARLY,ONTIME,ONTIME,,,,,,,,,06:35,07:18,,,HAN,HAN,DAD,Domestic,VJ,,,,,,,,,,,,
,2026-07-23,____/VJ930,A551,A321,HAN-KIX,,07:55,,07:55,,08:20,08:21,08:25,,,DELAY,DELAY,DELAY,,,87,00:26,,,,,07:45,08:18,,GATE LIMITATIONS/CHANGE PARKING STAND (CHOCK ON 0751L),HAN,HAN,KIX,International,VJ,,,,,,,,,,,,
,2026-07-23,____/VJ541,A580,A321,HAN-DAD,,08:00,,08:00,,07:54,07:55,08:03,,,EARLY,ONTIME,ONTIME,,,,,,,,,07:10,07:52,,,HAN,HAN,DAD,Domestic,VJ,,,,,,,,,,,,
,2026-07-23,VJ120/VJ127,A634,A321,SGN-HAN-SGN,07:10,08:10,07:10,08:10,07:25,08:09,08:10,08:11,01:00,00:45,ONTIME,ONTIME,ONTIME,ONTIME,,,,,,,,07:25,08:06,,,HAN,SGN,SGN,Domestic,VJ,,,,,,,,,,,,
,2026-07-23,VJ7659/VJ7659,A553,A321,BQS-HAN-DAD,07:40,08:10,07:40,08:50,08:10,08:32,08:33,08:40,01:10,00:23,EARLY,ONTIME,DELAY,DELAY,,,,,,,,,,X,,HAN,BQS,DAD,Domestic,VJ,,,,,,,,,,,,
,2026-07-23,____/VJ929,A697,A321,HAN-CGK,,08:40,,08:40,,08:44,08:45,08:55,,,DELAY,ONTIME,ONTIME,,,15A,00:05,,,,,08:00,08:39,,OFF 03 PAX 01 BAG,HAN,HAN,CGK,International,VJ,,,,,,,,,,,,
,2026-07-23,VJ124/VJ129,A641,A321,SGN-HAN-SGN,08:10,08:45,08:10,08:45,08:10,08:44,08:45,08:50,00:35,00:35,ONTIME,ONTIME,ONTIME,ONTIME,,,,,,,,08:10,08:42,,,HAN,SGN,SGN,Domestic,VJ,,,,,,,,,,,,
,2026-07-23,____/VJ447,A633,A321,HAN-PQC,,08:45,,08:45,,08:44,08:45,08:50,,,ONTIME,ONTIME,ONTIME,,,,,,,,,08:02,08:35,,,HAN,HAN,PQC,Domestic,VJ,,,,,,,,,,,,
,2026-07-23,____/VJ1779,A578,A321,HAN-CXR,,08:50,,08:50,,09:04,09:05,09:15,,,DELAY,ONTIME,DELAY,,,15,00:15,,,,,07:55,09:02,,LONG BOARDING,HAN,HAN,CXR,Domestic,VJ,,,,,,,,,,,,
,2026-07-23,VJ504/VJ435,A662,A320,DAD-HAN-UIH,08:20,08:50,08:20,08:50,08:20,08:49,08:50,08:55,00:30,00:30,ONTIME,ONTIME,ONTIME,ONTIME,,,,,,,,08:10,08:46,,,HAN,DAD,UIH,Domestic,VJ,,,,,,,,,,,,
,2026-07-23,VJ514/VJ563,A657,A321,DAD-HAN-HUI,08:55,09:30,08:55,09:30,08:57,09:27,09:28,09:30,00:35,00:31,EARLY,ONTIME,ONTIME,ONTIME,,,,,,,,08:57,09:25,,,HAN,DAD,HUI,Domestic,VJ,,,,,,,,,,,,
,2026-07-23,____/VJ915,A200,A321,HAN-SIN,,09:35,,09:35,,09:29,09:30,09:37,,,EARLY,ONTIME,ONTIME,,,,,,,,,08:50,09:27,,,HAN,HAN,SIN,International,VJ,,,,,,,,,,,,
,2026-07-23,VJ963/VJ135,A661,A321,ICN-HAN-SGN,08:55,10:10,08:55,10:10,08:55,10:09,10:10,10:11,01:15,01:15,ONTIME,ONTIME,ONTIME,ONTIME,,,,,,,,09:35,10:06,,,HAN,ICN,SGN,Domestic,VJ,,,,,,,,,,,,
,2026-07-23,VJ122/VJ1433,A672,A320,SGN-HAN-UIH,08:55,10:10,08:55,10:10,09:30,10:06,10:07,10:08,01:15,00:37,EARLY,ONTIME,ONTIME,DELAY,,,,,,,,09:30,10:02,,,HAN,SGN,UIH,Domestic,VJ,,,,,,,,,,,,
,2026-07-23,VJ532/VJ425,A639,A321,DAD-HAN-PXU,09:45,10:20,09:45,10:20,10:05,10:33,10:34,10:35,00:35,00:29,DELAY,ONTIME,ONTIME,DELAY,,93,00:14,,,,,10:00,10:31,,,HAN,DAD,PXU,Domestic,VJ,,,,,,,,,,,,
,2026-07-23,VJ430/VJ463,A542,A321,UIH-HAN-VCA,09:50,10:25,09:50,10:25,10:00,10:24,10:25,10:30,00:35,00:25,ONTIME,ONTIME,ONTIME,ONTIME,,,,,,,,10:00,10:22,,,HAN,UIH,VCA,Domestic,VJ,,,,,,,,,,,,
,2026-07-23,VJ1780/VJ997,A532,A321,CXR-HAN-DPS,07:50,10:25,07:50,10:25,07:45,10:24,10:25,10:32,02:35,02:40,ONTIME,ONTIME,ONTIME,ONTIME,,,,,,,,09:35,10:20,,,HAN,CXR,DPS,International,VJ,,,,,,,,,,,,
,2026-07-23,VJ1776/VJ565,A663,A320,CXR-HAN-HUI,09:55,10:30,09:55,10:30,10:15,10:34,10:35,10:40,00:35,00:20,DELAY,ONTIME,ONTIME,DELAY,,93,00:05,,,,,10:05,10:32,,,HAN,CXR,HUI,Domestic,VJ,,,,,,,,,,,,
,2026-07-23,VJ126/VJ131,A632,A321,SGN-HAN-SGN,09:40,10:30,09:40,10:30,09:50,10:29,10:30,10:40,00:50,00:40,ONTIME,ONTIME,ONTIME,ONTIME,,,,,,,,09:50,10:26,,,HAN,SGN,SGN,Domestic,VJ,,,,,,,,,,,,
,2026-07-23,VJ492/VJ493,A635,A321,BMV-HAN-BMV,10:00,10:35,10:00,11:00,10:30,10:56,10:57,11:00,01:00,00:27,EARLY,ONTIME,DELAY,DELAY,,,,,,,,10:30,10:54,,,HAN,BMV,BMV,Domestic,VJ,,,,,,,,,,,,
,2026-07-23,VJ448/VJ901,A698,A321,PQC-HAN-BKK,10:15,11:10,10:15,11:10,10:20,11:07,11:08,11:18,00:55,00:48,EARLY,ONTIME,ONTIME,ONTIME,,,,,,,,10:40,11:04,,,HAN,PQC,BKK,International,VJ,,,,,,,,,,,,
,2026-07-23,VJ536/VJ537,A554,A321,DAD-HAN-DAD,10:40,11:15,10:40,11:15,11:02,11:28,11:29,11:30,00:35,00:27,DELAY,ONTIME,ONTIME,DELAY,,93,00:14,,,,,10:55,11:25,,,HAN,DAD,DAD,Domestic,VJ,,,,,,,,,,,,
,2026-07-23,VJ524/VJ507,A676,A320,DAD-HAN-DAD,10:45,11:20,10:45,11:20,11:15,11:39,11:40,11:46,00:35,00:25,DELAY,DELAY,DELAY,DELAY,,93,00:20,,,,,11:15,11:37,,,HAN,DAD,DAD,Domestic,VJ,,,,,,,,,,,,
,2026-07-23,VJ130/VJ133,A547,A321,SGN-HAN-SGN,10:50,11:25,10:50,11:25,11:00,11:29,11:30,11:39,00:35,00:30,DELAY,ONTIME,ONTIME,ONTIME,,93,00:05,,,,,11:00,11:27,,,HAN,SGN,SGN,Domestic,VJ,,,,,,,,,,,,
,2026-07-23,VJ422/VJ451,A671,A320,PXU-HAN-PQC,10:50,11:45,10:50,11:45,10:40,11:41,11:42,11:45,00:55,01:02,EARLY,ONTIME,ONTIME,ONTIME,,,,,,,,11:00,11:38,,,HAN,PXU,PQC,Domestic,VJ,,,,,,,,,,,,
,2026-07-23,VJ1772/VJ1453,A544,A321,CXR-HAN-PQC,11:15,11:50,11:15,11:50,11:35,11:59,12:00,12:03,00:35,00:25,DELAY,ONTIME,ONTIME,DELAY,,93,00:10,,,,,11:35,11:57,,,HAN,CXR,PQC,Domestic,VJ,,,,,,,,,,,,
,2026-07-23,VJ981/VJ515,A522,A321,PUS-HAN-DAD,10:40,12:10,10:40,12:10,10:25,12:09,12:10,12:20,01:30,01:45,ONTIME,ONTIME,ONTIME,ONTIME,,,,,,,,11:25,12:06,,,HAN,PUS,DAD,Domestic,VJ,,,,,,,,,,,,
,2026-07-23,VJ770/VJ137,A655,A320,CXR-HAN-SGN,09:55,12:20,09:55,12:20,10:12,12:33,12:34,12:35,02:25,02:22,DELAY,ONTIME,ONTIME,DELAY,,95,00:14,,,,,12:05,12:30,,WAIT CREW VJ462 OB1215,HAN,CXR,SGN,Domestic,VJ,,,,,,,,,,,,
,2026-07-23,VJ7705/VJ7705,A516,A321,VVO-HAN-CXR,12:20,12:50,12:20,14:05,14:00,14:29,14:30,14:40,01:45,00:30,DELAY,DELAY,DELAY,DELAY,,93,00:25,,,,,,,X,,HAN,VVO,CXR,Domestic,VJ,,,,,,,,,,,,
,2026-07-23,VJ462/VJ453,A685,A321,VCA-HAN-PQC,11:40,13:00,11:40,13:00,11:57,12:58,12:59,13:03,01:20,01:02,EARLY,ONTIME,ONTIME,DELAY,,,,,,,,12:15,12:55,,,HAN,VCA,PQC,Domestic,VJ,,,,,,,,,,,,
,2026-07-23,VJ564/VJ787,A657,A321,HUI-HAN-CXR,12:35,13:10,12:35,13:10,12:30,13:09,13:10,13:16,00:35,00:40,ONTIME,ONTIME,ONTIME,ONTIME,,,,,,,,12:30,13:06,,,HAN,HUI,CXR,Domestic,VJ,,,,,,,,,,,,
,2026-07-23,VJ959/VJ433,A684,A321,FUK-HAN-UIH,11:25,13:20,11:25,13:20,12:15,13:19,13:20,13:30:00,01:55,01:05,ONTIME,ONTIME,ONTIME,DELAY,,,,,,,,12:40,13:16,,,HAN,FUK,UIH,Domestic,VJ,,,,,,,,,,,,
,2026-07-23,VJ939/VJ948,A202,A321,KIX-HAN-RMQ,12:20,13:45,12:20,13:45,12:15,13:44,13:45,13:46,01:25,01:30,ONTIME,ONTIME,ONTIME,ONTIME,,,,,,,,13:00,13:40,,,HAN,KIX,RMQ,International,VJ,,,,,,,,,,,,
,2026-07-23,VJ432/VJ7316,A662,A320,UIH-HAN-ENH,12:35,14:00,12:35,14:00,12:45,13:49,13:50,13:53,01:25,01:05,EARLY,ONTIME,ONTIME,ONTIME,,,,,,,,13:00,13:45,,,HAN,UIH,ENH,International,VJ,,,,,,,,,,,,
,2026-07-23,VJ128/VJ441,A534,A321,SGN-HAN-PQC,11:50,14:00,11:50,14:00,12:40,14:06,14:07,14:09,02:10,01:27,DELAY,ONTIME,ONTIME,DELAY,,93,00:07,,,,,13:20,14:03,,,HAN,SGN,PQC,Domestic,VJ,,,,,,,,,,,,
,2026-07-23,VJ134/VJ143,A641,A321,SGN-HAN-SGN,13:45,14:20,13:45,15:00,14:40,15:14,15:15,15:27,01:15,00:35,DELAY,ONTIME,DELAY,DELAY,,93,00:10,66,00:05,,,14:45,15:12,,,HAN,SGN,SGN,Domestic,VJ,,,,,,,,,,,,
,2026-07-23,VJ961/VJ942,A673,A321,ICN-HAN-TPE,13:35,14:25,13:35,14:25,13:15,14:23,14:24,14:40,00:50,01:09,EARLY,ONTIME,ONTIME,ONTIME,,,,,,,,13:40,14:20,,,HAN,ICN,TPE,International,VJ,,,,,,,,,,,,
,2026-07-23,VJ542/VJ525,A553,A321,DAD-HAN-DAD,12:00,14:25,12:00,14:25,12:35,14:24,14:25,14:28,02:25,01:50,ONTIME,ONTIME,ONTIME,DELAY,,,,,,,,13:35,14:21,,,HAN,DAD,DAD,Domestic,VJ,,,,,,,,,,,,
,2026-07-23,VJ1434/VJ1125,A672,A320,UIH-HAN-SGN,14:00,14:30,14:00,14:30,14:05,14:29,14:30,14:40,00:30,00:25,ONTIME,ONTIME,ONTIME,ONTIME,,,,,,,,14:05,14:26,,,HAN,UIH,SGN,Domestic,VJ,,,,,,,,,,,,
,2026-07-23,VJ933/VJ946,A500,A321,NRT-HAN-KHH,13:05,14:35,13:05,14:35,13:05,14:34,14:35,14:39,01:30,01:30,ONTIME,ONTIME,ONTIME,ONTIME,,,,,,,,13:50,14:31,,,HAN,NRT,KHH,International,VJ,,,,,,,,,,,,
,2026-07-23,VJ426/VJ145,A639,A321,PXU-HAN-SGN,14:05,14:40,14:05,14:40,14:13,14:49,14:50,14:54,00:35,00:37,DELAY,ONTIME,ONTIME,ONTIME,,93,00:03,66,00:07,,,14:20,14:47,,CREW OB 1420L,HAN,PXU,SGN,Domestic,VJ,,,,,,,,,,,,
,2026-07-23,VJ1774/VJ1773,A201,A321,CXR-HAN-CXR,14:20,10:00,14:20,14:55,15:00,15:24,15:25,15:30,00:35,00:25,DELAY,DELAY,DELAY,DELAY,,93,00:30,,,,,14:50,15:22,,,HAN,CXR,CXR,Domestic,VJ,,,,,,,,,,,,
,2026-07-23,VJ921/VJ1451,A203,A321,NGO-HAN-PQC,12:50,15:05,12:50,15:05,14:40,15:09,15:10,15:13,02:15,00:30,DELAY,ONTIME,ONTIME,DELAY,,93,00:05,,,,,14:40,15:07,,,HAN,NGO,PQC,Domestic,VJ,,,,,,,,,,,,
,2026-07-23,VJ136/VJ423,A699,A320,SGN-HAN-PXU,14:10,15:05,14:10,15:50,15:35,16:04,16:05,16:20,01:40,00:30,DELAY,ONTIME,DELAY,DELAY,,93,00:10,66,00:05,,,15:40,16:01,,CREW OB 1542L,HAN,SGN,PXU,Domestic,VJ,,,,,,,,,,,,
,2026-07-23,VJ440/VJ467,A524,A321,PQC-HAN-VCA,14:30,15:05,14:30,15:05,15:05,15:29,15:30,15:35,00:35,00:25,DELAY,DELAY,DELAY,DELAY,,93,00:25,,,,,15:00,15:26,,,HAN,PQC,VCA,Domestic,VJ,,,,,,,,,,,,
,2026-07-23,VJ494/VJ419,A635,A321,BMV-HAN-TBB,14:35,15:10,14:35,16:00,15:12,16:09,16:10,16:30,01:25,00:58,DELAY,ONTIME,DELAY,DELAY,,95,00:10,,,,,15:45,16:07,,WAIT CREW VJ136 OB 1554L,HAN,BMV,TBB,Domestic,VJ,,,,,,,,,,,,
,2026-07-23,VJ566/VJ511,A663,A320,HUI-HAN-DAD,13:30,15:10,13:30,15:10,13:40,15:06,15:07,15:09,01:40,01:27,EARLY,ONTIME,ONTIME,ONTIME,,,,,,,,14:25,15:02,,,HAN,HUI,DAD,Domestic,VJ,,,,,,,,,,,,
,2026-07-23,VJ2924/VJ2924,A580,A321,DAD-HAN-BAX,15:05,15:40,15:05,15:40,15:30,15:58,15:59,16:06,00:35,00:29,DELAY,DELAY,DELAY,DELAY,,93,00:19,,,,,,,X,,HAN,DAD,BAX,International,VJ,,,,,,,,,,,,
,2026-07-23,VJ510/VJ439,A676,A320,DAD-HAN-UIH,14:35,15:40,14:35,16:10,15:40,16:03,16:04,16:10,01:35,00:24,EARLY,ONTIME,DELAY,DELAY,,,,,,,,15:30,16:00,,,HAN,DAD,UIH,Domestic,VJ,,,,,,,,,,,,
,2026-07-23,VJ1981/VJ903,A666,A320,FSZ-HAN-BKK,14:00,15:45,14:00,15:45,14:20,15:36,15:37,15:45,01:45,01:17,EARLY,ONTIME,ONTIME,DELAY,,,,,,,,15:00,15:33,,,HAN,FSZ,BKK,International,VJ,,,,,,,,,,,,
,2026-07-23,VJ464/VJ567,A542,A321,VCA-HAN-HUI,15:10,15:55,15:10,15:55,15:35,16:09,16:10,16:20,00:45,00:35,DELAY,ONTIME,DELAY,DELAY,,93,00:10,66,00:05,,,15:35,16:06,,CREW OB 1541L,HAN,VCA,HUI,Domestic,VJ,,,,,,,,,,,,
,2026-07-23,VJ142/VJ773,A661,A321,SGN-HAN-CXR,15:30,16:00,15:30,16:30,15:50,16:54,16:55,16:57,01:00,01:05,DELAY,DELAY,DELAY,DELAY,,61,00:25,,,,,16:25,16:50,,CHANGE FPL,HAN,SGN,CXR,Domestic,VJ,,,,,,,,,,,,
,2026-07-23,VJ538/VJ539,A554,A321,DAD-HAN-DAD,14:30,16:20,14:30,16:20,15:05,16:19,16:20,16:35,01:50,01:15,ONTIME,ONTIME,ONTIME,DELAY,,,,,,,,15:35,16:15,,,HAN,DAD,DAD,Domestic,VJ,,,,,,,,,,,,
,2026-07-23,VJ902/VJ465,A698,A321,BKK-HAN-VCA,15:50,17:00,15:50,17:00,16:20,17:14,17:15,17:25,01:10,00:55,DELAY,ONTIME,DELAY,DELAY,,15A,00:15,,,,,16:25,16:53,,OFLD 09 PAX AND 05 BAG,HAN,BKK,VCA,Domestic,VJ,,,,,,,,,,,,
,2026-07-23,VJ953/VJ457,A669,A320,HIJ-HAN-PQC,16:10,17:10,16:10,17:10,16:40,17:19,17:20,17:25,01:00,00:40,DELAY,ONTIME,ONTIME,DELAY,,66,00:10,,,,,16:50,17:15,,CREW OB 1655,HAN,HIJ,PQC,Domestic,VJ,,,,,,,,,,,,
,2026-07-23,VJ916/VJ147,A200,A321,SIN-HAN-SGN,17:25,17:20,17:25,18:05,17:30,18:04,18:05,18:20,00:40,00:35,ONTIME,ONTIME,DELAY,ONTIME,,,,,,,,17:40,18:02,,,HAN,SIN,SGN,Domestic,VJ,,,,,,,,,,,,
,2026-07-23,VJ1454/VJ495,A544,A321,PQC-HAN-BMV,16:35,17:30,16:35,17:30,16:45,17:29,17:30,17:38,00:55,00:45,ONTIME,ONTIME,ONTIME,ONTIME,,,,,,,,17:05,17:26,,,HAN,PQC,BMV,Domestic,VJ,,,,,,,,,,,,
,2026-07-23,VJ138/VJ141,A689,A320,SGN-HAN-SGN,16:50,17:35,16:50,17:35,17:00,17:33,17:34,17:38,00:45,00:34,EARLY,ONTIME,ONTIME,ONTIME,,,,,,,,17:00,17:30,,,HAN,SGN,SGN,Domestic,VJ,,,,,,,,,,,,
,2026-07-23,VJ434/VJ1431,A684,A321,UIH-HAN-UIH,17:10,17:45,17:10,17:45,17:15,17:42,17:43,17:45,00:35,00:28,EARLY,ONTIME,ONTIME,ONTIME,,,,,,,,17:15,17:40,,,HAN,UIH,UIH,Domestic,VJ,,,,,,,,,,,,
,2026-07-23,VJ774/VJ517,A645,A321,CXR-HAN-DAD,17:45,18:20,17:45,18:20,18:20,18:48,18:50,18:57,00:35,00:30,DELAY,DELAY,DELAY,DELAY,,93,00:30,,,,,18:20,18:45,,,HAN,CXR,DAD,Domestic,VJ,,,,,,,,,,,,
,2026-07-23,VJ456/VJ781,A685,A321,PQC-HAN-CXR,17:45,18:20,17:45,18:20,17:40,18:14,18:15,18:25,00:35,00:35,EARLY,ONTIME,ONTIME,ONTIME,,,,,,,,17:30,18:10,,,HAN,PQC,CXR,Domestic,VJ,,,,,,,,,,,,
,2026-07-23,VJ528/VJ789,A553,A321,DAD-HAN-CXR,17:45,18:45,17:45,18:45,18:10,18:44,18:45,18:49,01:00,00:35,ONTIME,ONTIME,ONTIME,DELAY,,,,,,,,18:10,18:40,,,HAN,DAD,CXR,Domestic,VJ,,,,,,,,,,,,
,2026-07-23,VJ148/VJ155,A535,A321,SGN-HAN-SGN,18:25,19:00,18:25,19:00,18:35,19:04,19:05,19:10,00:35,00:30,DELAY,ONTIME,ONTIME,ONTIME,,93,00:05,,,,,18:30,19:01,,,HAN,SGN,SGN,Domestic,VJ,,,,,,,,,,,,
,2026-07-23,VJ454/VJ521,A671,A320,PQC-HAN-DAD,16:45,19:00,16:45,19:00,16:35,19:34,19:35,20:00,02:15,03:00,DELAY,DELAY,DELAY,ONTIME,,,,95,00:35,,,19:00,19:30,,CREW VJ512 OB 1905L,HAN,PQC,DAD,Domestic,VJ,,,,,,,,,,,,
,2026-07-23,VJ424/VJ561,A699,A320,PXU-HAN-HUI,18:45,19:15,18:45,20:50,20:25,20:44,20:45,20:48,02:05,00:20,EARLY,ONTIME,DELAY,DELAY,,,,,,,,20:25,20:42,,,HAN,PXU,HUI,Domestic,VJ,,,,,,,,,,,,
,2026-07-23,VJ144/VJ519,A529,A321,SGN-HAN-DAD,18:20,19:25,18:20,19:25,18:25,19:24,19:25,19:32,01:05,01:00,ONTIME,ONTIME,ONTIME,ONTIME,,,,,,,,18:45,19:21,,,HAN,SGN,DAD,Domestic,VJ,,,,,,,,,,,,
,2026-07-23,VJ928/VJ971,A697,A321,CGK-HAN-DEL,18:15,19:40,18:15,19:40,19:00,19:39,19:40,19:48,01:25,00:40,ONTIME,ONTIME,ONTIME,DELAY,,,,,,,,19:20,19:37,,,HAN,CGK,DEL,International,VJ,,,,,,,,,,,,
,2026-07-23,VJ442/VJ1127,A534,A321,PQC-HAN-SGN,19:05,19:40,19:05,19:40,19:20,19:49,19:50,20:10,00:35,00:30,DELAY,ONTIME,DELAY,ONTIME,,93,00:10,,,,,19:20,19:45,,,HAN,PQC,SGN,Domestic,VJ,,,,,,,,,,,,
,2026-07-23,VJ931/VJ1925,A551,A321,KIX-HAN-AMD,18:30,19:45,18:30,19:45,18:30,19:36,19:37,19:50,01:15,01:07,EARLY,ONTIME,ONTIME,ONTIME,,,,,,,,19:10,19:33,,,HAN,KIX,AMD,International,VJ,,,,,,,,,,,,
,2026-07-23,VJ1452/VJ523,A203,A321,PQC-HAN-DAD,19:50,19:50,19:50,20:30,20:05,20:29,20:30,20:40,00:40,00:25,ONTIME,ONTIME,DELAY,ONTIME,,,,,,,,20:05,20:25,,,HAN,PQC,DAD,Domestic,VJ,,,,,,,,,,,,
,2026-07-23,VJ512/VJ7712,A663,A320,DAD-HAN-PKX,18:25,19:55,18:25,19:55,19:00,19:49,19:50,20:03,01:30,00:50,EARLY,ONTIME,ONTIME,DELAY,,,,,,,,19:20,19:46,,,HAN,DAD,PKX,International,VJ,,,,,,,,,,,,
,2026-07-23,VJ568/VJ1785,A542,A321,HUI-HAN-CXR,18:55,19:55,18:55,19:55,19:30,19:53,19:55,20:05,01:00,00:25,ONTIME,ONTIME,ONTIME,DELAY,,,,,,,,19:30,19:51,,,HAN,HUI,CXR,Domestic,VJ,,,,,,,,,,,,
,2026-07-23,VJ438/VJ159,A676,A320,UIH-HAN-SGN,19:25,20:10,19:25,20:50,20:30,20:59,21:00,21:15,01:25,00:30,DELAY,ONTIME,DELAY,DELAY,,93,00:05,66,00:05,,,20:35,20:55,,CREW HN OB 2040L,HAN,UIH,SGN,Domestic,VJ,,,,,,,,,,,,
,2026-07-23,VJ540/VJ783,A554,A321,DAD-HAN-CXR,19:35,20:25,19:35,21:00,20:50,21:19,21:20,21:29,01:25,00:30,DELAY,DELAY,DELAY,DELAY,,93,00:20,,,,,20:50,21:15,,LATE TAKEOFF DUE TO ATC,HAN,DAD,CXR,Domestic,VJ,,,,,,,,,,,,
,2026-07-23,VJ904/VJ161,A666,A320,BKK-HAN-SGN,20:25,20:55,20:25,21:10,21:00,21:48,21:49,22:03,00:45,00:49,DELAY,DELAY,DELAY,DELAY,,93,00:15,99,00:24,,,21:00,21:47,,WAIT CIP A,HAN,BKK,SGN,Domestic,VJ,,,,,,,,,,,,
,2026-07-23,VJ2978/VJ2978,A516,A321,CXR-HAN-VVO,20:35,21:10,20:35,21:10,21:05,21:34,21:35,21:48,00:35,00:30,DELAY,DELAY,DELAY,DELAY,,93,00:25,,,,,,,X,,HAN,CXR,VVO,International,VJ,,,,,,,,,,,,
,2026-07-23,VJ7317/VJ7238,A662,A320,ENH-HAN-PVG,19:25,21:15,19:25,21:15,19:03,21:06,21:07,21:14,01:50,02:04,EARLY,ONTIME,ONTIME,ONTIME,,,,,,,,20:25,21:03,,,HAN,ENH,PVG,International,VJ,,,,,,,,,,,,
,2026-07-23,VJ468/VJ527,A524,A321,VCA-HAN-DAD,20:05,21:25,20:05,21:25,21:00,21:29,21:30,21:38,01:20,00:30,DELAY,ONTIME,ONTIME,DELAY,,93,00:05,,,,,20:55,21:28,,,HAN,VCA,DAD,Domestic,VJ,,,,,,,,,,,,
,2026-07-23,VJ154/VJ163,A632,A321,SGN-HAN-SGN,21:15,22:00,21:15,22:00,22:25,22:49,22:50,23:00,00:45,00:25,DELAY,DELAY,DELAY,DELAY,,93,00:50,,,,,22:25,22:45,,,HAN,SGN,SGN,Domestic,VJ,,,,,,,,,,,,
,2026-07-23,VJ420/VJ7526,A635,A321,TBB-HAN-CAN,19:15,22:30,19:15,22:30,21:00,22:26,22:28,22:30,03:15,01:28,EARLY,ONTIME,ONTIME,DELAY,,,,,,,,21:30,22:23,,,HAN,TBB,CAN,International,VJ,,,,,,,,,,,,
,2026-07-23,VJ943/VJ167,A673,A321,TPE-HAN-SGN,20:55,22:45,20:55,22:45,22:20,22:54,22:55,23:00,01:50,00:35,DELAY,ONTIME,ONTIME,DELAY,,93,00:05,66,00:05,,,22:20,22:52,,CREW HN OB 2229L,HAN,TPE,SGN,Domestic,VJ,,,,,,,,,,,,
,2026-07-23,VJ949/VJ962,A202,A321,RMQ-HAN-ICN,20:05,23:15,20:05,23:15,20:00,23:05,23:06,23:08,03:10,03:06,EARLY,ONTIME,ONTIME,ONTIME,,,,,,,,22:30,23:02,,,HAN,RMQ,ICN,International,VJ,,,,,,,,,,,,
,2026-07-23,VJ520/VJ169,A645,A321,DAD-HAN-SGN,21:35,23:25,21:35,23:25,22:40,23:49,23:50,23:52,01:50,01:10,DELAY,DELAY,DELAY,DELAY,,95,00:25,,,,,23:30,23:46,,CREW FROM VJ522 OB 2330L,HAN,DAD,SGN,Domestic,VJ,,,,,,,,,,,,
,2026-07-24,____/VJ932,A500,A321,HAN-NRT,,00:30,,00:30,,00:29,00:30,00:36,,,ONTIME,ONTIME,ONTIME,,,,,,,,,23:30,00:25,,,HAN,HAN,NRT,International,VJ,,,,,,,,,,,,
,2026-07-24,____/VJ982,A684,A321,UIH-HAN-PUS,,01:05,,01:05,,00:56,00:57,01:00,,,EARLY,ONTIME,ONTIME,,,,,,,,,00:20,00:55,,,HAN,UIH,PUS,International,VJ,,,,,,,,,,,,
,2026-07-24,____/VJ938,A200,A321,HAN-KIX,,01:20,,01:20,,01:19,01:20,01:35,,,ONTIME,ONTIME,ONTIME,,,,,,,,,00:35,01:15,,,HAN,HAN,KIX,International,VJ,,,,,,,,,,,,
,2026-07-24,____/VJ7614,A537,A321,HAN-BQS,,00:40,,01:35,,01:34,01:35,01:40,,,ONTIME,ONTIME,DELAY,,,,,,,,,,,X,,HAN,HAN,BQS,International,VJ,,,,,,,,,,,,
,2026-07-24,____/VJ960,A661,A321,CXR-HAN-ICN,,01:40,,01:40,,01:39,01:40,01:41,,,ONTIME,ONTIME,ONTIME,,,,,,,,,00:55,01:35,,,HAN,CXR,ICN,International,VJ,,,,,,,,,,,,
,2026-07-24,____/VJ920,A203,A321,HAN-NGO,,01:40,,01:40,,01:29,01:30,01:34,,,EARLY,ONTIME,ONTIME,,,,,,,,,00:55,01:25,,,HAN,HAN,NGO,International,VJ,,,,,,,,,,,,
,2026-07-24,____/VJ958,A544,A321,BMV-HAN-FUK,,02:05,,02:05,,01:53,01:55,01:56,,,EARLY,ONTIME,ONTIME,,,,,,,,,01:20,01:50,,,HAN,BMV,FUK,International,VJ,,,,,,,,,,,,
,2026-07-24,____/VJ445,A639,A321,HAN-PQC,,05:30,,05:30,,05:24,05:25,05:35,,,EARLY,ONTIME,ONTIME,,,,,,,,,04:40,05:23,,,HAN,HAN,PQC,Domestic,VJ,,,,,,,,,,,,
,2026-07-24,____/VJ501,A698,A321,HAN-DAD,,05:40,,05:40,,05:34,05:35,05:45,,,EARLY,ONTIME,ONTIME,,,,,,,,,04:50,05:30,,,HAN,HAN,DAD,Domestic,VJ,,,,,,,,,,,,
,2026-07-24,____/VJ1775,A637,A321,HAN-CXR,,05:45,,05:45,,05:44,05:45,05:50,,,ONTIME,ONTIME,ONTIME,,,,,,,,,05:00,05:42,,,HAN,HAN,CXR,Domestic,VJ,,,,,,,,,,,,
,2026-07-24,____/VJ771,A669,A320,HAN-CXR,,05:45,,05:45,,05:39,05:40,05:45,,,EARLY,ONTIME,ONTIME,,,,,,,,,05:00,05:36,,,HAN,HAN,CXR,Domestic,VJ,,,,,,,,,,,,
,2026-07-24,____/VJ121,A553,A321,HAN-SGN,,06:00,,06:00,,05:54,05:55,06:09,,,EARLY,ONTIME,ONTIME,,,,,,,,,05:10,05:50,,LATE TAKEOFF DUE TO ATC,HAN,HAN,SGN,Domestic,VJ,,,,,,,,,,,,
,2026-07-24,____/VJ123,A663,A320,HAN-SGN,,06:00,,06:00,,05:54,05:55,06:10,,,EARLY,ONTIME,ONTIME,,,,,,,,,05:20,05:52,,,HAN,HAN,SGN,Domestic,VJ,,,,,,,,,,,,
,2026-07-24,____/VJ491,A542,A321,HAN-BMV,,06:00,,06:00,,05:54,05:55,06:05,,,EARLY,ONTIME,ONTIME,,,,,,,,,05:10,05:50,,,HAN,HAN,BMV,Domestic,VJ,,,,,,,,,,,,
,2026-07-24,____/VJ431,A650,A320,HAN-UIH,,06:05,,06:05,,05:59,06:00,06:19,,,EARLY,ONTIME,ONTIME,,,,,,,,,05:15,05:56,,,HAN,HAN,UIH,Domestic,VJ,,,,,,,,,,,,
,2026-07-24,____/VJ531,A554,A321,HAN-DAD,,06:30,,06:30,,06:29,06:30,06:40,,,ONTIME,ONTIME,ONTIME,,,,,,,,,05:40,06:37,,,HAN,HAN,DAD,Domestic,VJ,,,,,,,,,,,,
,2026-07-24,____/VJ449,A699,A320,HAN-PQC,,06:30,,06:30,,06:29,06:30,06:40,,,ONTIME,ONTIME,ONTIME,,,,,,,,,05:40,06:22,,LATE TAKEOFF DUE TO ATC,HAN,HAN,PQC,Domestic,VJ,,,,,,,,,,,,
,2026-07-24,____/VJ461,A647,A321,HAN-VCA,,06:45,,06:45,,06:44,06:45,06:57,,,ONTIME,ONTIME,ONTIME,,,,,,,,,05:55,06:42,,,HAN,HAN,VCA,Domestic,VJ,,,,,,,,,,,,
,2026-07-24,____/VJ125,A662,A320,HAN-SGN,,07:00,,07:00,,06:59,07:00,07:08,,,ONTIME,ONTIME,ONTIME,,,,,,,,,06:10,06:57,,,HAN,HAN,SGN,Domestic,VJ,,,,,,,,,,,,
,2026-07-24,____/VJ1771,A635,A321,HAN-CXR,,07:00,,07:00,,06:59,07:00,07:15,,,ONTIME,ONTIME,ONTIME,,,,,,,,,06:10,06:55,,,HAN,HAN,CXR,Domestic,VJ,,,,,,,,,,,,
,2026-07-24,____/VJ421,A532,A321,HAN-PXU,,07:10,,07:10,,07:04,07:05,07:20,,,EARLY,ONTIME,ONTIME,,,,,,,,,06:20,07:00,,,HAN,HAN,PXU,Domestic,VJ,,,,,,,,,,,,
,2026-07-24,____/VJ197,A676,A320,HAN-SGN,,07:20,,07:20,,07:14,07:15,07:35,,,EARLY,ONTIME,ONTIME,,,,,,,,,06:30,07:12,,,HAN,HAN,SGN,Domestic,VJ,,,,,,,,,,,,
,2026-07-24,____/VJ905,A685,A321,HAN-KUL,,07:25,,07:25,,07:24,07:25,07:35,,,ONTIME,ONTIME,ONTIME,,,,,,,,,06:30,07:20,,,HAN,HAN,KUL,International,VJ,,,,,,,,,,,,
,2026-07-24,____/VJ535,A630,A321,HAN-DAD,,07:25,,07:25,,07:24,07:25,07:35,,,ONTIME,ONTIME,ONTIME,,,,,,,,,06:35,07:12,,,HAN,HAN,DAD,Domestic,VJ,,,,,,,,,,,,
,2026-07-24,VJ524/VJ503,A636,A321,DAD-HAN-DAD,10:45,07:30,10:45,12:30,12:15,12:42,12:43,12:59,01:45,00:28,DELAY,ONTIME,DELAY,DELAY,,93,00:13,,,,,12:15,12:40,,,HAN,DAD,DAD,Domestic,VJ,,,,,,,,,,,,
,2026-07-24,____/VJ934,A529,A321,HAN-NRT,,07:55,,07:55,,07:49,07:50,08:00,,,EARLY,ONTIME,ONTIME,,,,,,,,,07:05,07:45,,,HAN,HAN,NRT,International,VJ,,,,,,,,,,,,
,2026-07-24,VJ1926/VJ930,A551,A321,AMD-HAN-KIX,05:55,07:55,05:55,07:55,05:55,07:49,07:50,08:00,02:00,01:55,EARLY,ONTIME,ONTIME,ONTIME,,,,,,,,07:10,07:47,,,HAN,AMD,KIX,International,VJ,,,,,,,,,,,,
,2026-07-24,VJ120/VJ127,A689,A320,SGN-HAN-SGN,07:10,08:10,07:10,08:10,07:10,08:04,08:05,08:12,01:00,00:55,EARLY,ONTIME,ONTIME,ONTIME,,,,,,,,07:20,08:02,,,HAN,SGN,SGN,Domestic,VJ,,,,,,,,,,,,
,2026-07-24,VJ1780/VJ1779,A657,A321,CXR-HAN-CXR,07:50,08:20,07:50,08:20,07:40,08:24,08:25,08:30,00:30,00:45,DELAY,ONTIME,ONTIME,ONTIME,,15A,00:05,,,,,07:35,08:19,,OFFL 4 PAX 3 BAG,HAN,CXR,CXR,Domestic,VJ,,,,,,,,,,,,
,2026-07-24,____/VJ929,A551,A321,HAN-CGK,,08:40,,08:40,,08:38,08:40,08:50,,,ONTIME,ONTIME,ONTIME,,,,,,,,,08:00,08:36,,,HAN,HAN,CGK,International,VJ,,,,,,,,,,,,
,2026-07-24,VJ502/VJ435,A671,A320,DAD-HAN-UIH,07:20,08:50,07:20,08:50,07:30,08:45,08:46,08:50,01:30,01:16,EARLY,ONTIME,ONTIME,ONTIME,,,,,,,,08:10,08:43,,,HAN,DAD,UIH,Domestic,VJ,,,,,,,,,,,,
,2026-07-24,VJ504/VJ447,A524,A321,DAD-HAN-PQC,08:20,08:55,08:20,08:55,08:20,08:54,08:55,08:57,00:35,00:35,ONTIME,ONTIME,ONTIME,ONTIME,,,,,,,,08:15,08:52,,,HAN,DAD,PQC,Domestic,VJ,,,,,,,,,,,,
,2026-07-24,VJ124/VJ129,A643,A321,SGN-HAN-SGN,08:15,09:00,08:15,09:00,08:10,08:57,08:58,09:04,00:45,00:48,EARLY,ONTIME,ONTIME,ONTIME,,,,,,,,08:10,08:55,,,HAN,SGN,SGN,Domestic,VJ,,,,,,,,,,,,
,2026-07-24,VJ2925/VJ2925,A580,A321,BAX-HAN-DAD,10:20,09:00,08:30,09:00,07:55,08:24,08:25,08:56,00:30,00:30,EARLY,ONTIME,ONTIME,ONTIME,,,,,,,,,,X,,HAN,BAX,DAD,Domestic,VJ,,,,,,,,,,,,
,2026-07-24,VJ514/VJ563,A698,A321,DAD-HAN-HUI,08:50,09:25,08:50,09:25,09:15,09:34,09:35,09:36,00:35,00:20,DELAY,ONTIME,ONTIME,DELAY,,93,00:10,,,,,09:10,09:32,,,HAN,DAD,HUI,Domestic,VJ,,,,,,,,,,,,
,2026-07-24,VJ2979/VJ2979,A516,A321,VVO-HAN-CXR,09:00,09:30,09:00,09:30,09:20,09:47,09:48,09:54,00:30,00:28,DELAY,DELAY,DELAY,DELAY,,93,00:18,,,,,,,X,,HAN,VVO,CXR,Domestic,VJ,,,,,,,,,,,,
,2026-07-24,VJ156/VJ135,A668,A320,SGN-HAN-SGN,09:00,10:10,09:00,10:10,09:25,10:02,10:03,10:10,01:10,00:38,EARLY,ONTIME,ONTIME,DELAY,,,,,,,,09:35,10:00,,,HAN,SGN,SGN,Domestic,VJ,,,,,,,,,,,,
,2026-07-24,VJ126/VJ131,A549,A321,SGN-HAN-SGN,09:40,10:15,09:40,10:15,10:00,10:29,10:30,10:34,00:35,00:30,DELAY,ONTIME,DELAY,DELAY,,93,00:15,,,,,09:50,10:27,,,HAN,SGN,SGN,Domestic,VJ,,,,,,,,,,,,
,2026-07-24,VJ1124/VJ1433,A645,A321,SGN-HAN-UIH,09:40,10:15,09:40,10:15,10:10,10:34,10:35,10:45,00:35,00:25,DELAY,DELAY,DELAY,DELAY,,93,00:20,,,,,10:00,10:32,,,HAN,SGN,UIH,Domestic,VJ,,,,,,,,,,,,
,2026-07-24,VJ532/VJ425,A554,A321,DAD-HAN-PXU,09:45,10:20,09:45,10:20,10:15,10:37,10:38,10:44,00:35,00:23,DELAY,DELAY,DELAY,DELAY,,93,00:18,,,,,10:10,10:35,,,HAN,DAD,PXU,Domestic,VJ,,,,,,,,,,,,
,2026-07-24,VJ430/VJ437,A650,A320,UIH-HAN-UIH,09:50,10:25,09:50,10:25,10:15,10:34,10:35,10:50,00:35,00:20,DELAY,ONTIME,DELAY,DELAY,,93,00:10,,,,,10:10,10:32,,,HAN,UIH,UIH,Domestic,VJ,,,,,,,,,,,,
,2026-07-24,VJ770/VJ463,A669,A320,CXR-HAN-VCA,09:55,10:25,09:55,10:45,10:25,10:49,10:50,10:55,00:50,00:25,DELAY,ONTIME,DELAY,DELAY,,93,00:05,,,,,10:25,10:47,,,HAN,CXR,VCA,Domestic,VJ,,,,,,,,,,,,
,2026-07-24,VJ959/VJ493,A544,A321,FUK-HAN-BMV,11:25,10:35,11:25,12:00,11:30,11:59,12:00,12:15,00:35,00:30,ONTIME,ONTIME,DELAY,ONTIME,,,,,,,,11:35,11:57,,,HAN,FUK,BMV,Domestic,VJ,,,,,,,,,,,,
,2026-07-24,VJ536/VJ537,A630,A321,DAD-HAN-DAD,10:35,11:05,10:35,11:45,11:15,11:44,11:45,11:55,01:10,00:30,ONTIME,ONTIME,DELAY,DELAY,,,,,,,,11:10,11:42,,,HAN,DAD,DAD,Domestic,VJ,,,,,,,,,,,,
,2026-07-24,VJ448/VJ901,A647,A321,PQC-HAN-BKK,10:15,11:10,10:15,11:10,10:50,11:29,11:30,11:35,00:55,00:40,DELAY,DELAY,DELAY,DELAY,,93,00:10,66,00:10,,,11:03,11:27,,CREW OB 1105LT,HAN,PQC,BKK,International,VJ,,,,,,,,,,,,
,2026-07-24,VJ130/VJ507,A553,A321,SGN-HAN-DAD,10:50,11:20,10:50,12:25,12:00,12:28,12:30,12:39,01:35,00:30,DELAY,ONTIME,DELAY,DELAY,,93,00:05,,,,,11:55,12:26,,,HAN,SGN,DAD,Domestic,VJ,,,,,,,,,,,,
,2026-07-24,VJ1776/VJ133,A637,A321,CXR-HAN-SGN,09:55,11:20,09:55,11:20,10:40,11:17,11:18,11:20,01:25,00:38,EARLY,ONTIME,ONTIME,DELAY,,,,,,,,10:35,11:15,,,HAN,CXR,SGN,Domestic,VJ,,,,,,,,,,,,
,2026-07-24,VJ963/VJ565,A202,A321,ICN-HAN-HUI,08:55,11:30,08:55,11:30,08:50,11:29,11:30,11:35,02:35,02:40,ONTIME,ONTIME,ONTIME,ONTIME,,,,,,,,10:55,11:27,,,HAN,ICN,HUI,Domestic,VJ,,,,,,,,,,,,
,2026-07-24,VJ422/VJ451,A532,A321,PXU-HAN-PQC,10:50,11:45,10:50,11:45,10:55,11:44,11:45,11:55,00:55,00:50,ONTIME,ONTIME,ONTIME,ONTIME,,,,,,,,10:55,11:40,,,HAN,PXU,PQC,Domestic,VJ,,,,,,,,,,,,
,2026-07-24,VJ450/VJ775,A699,A320,PQC-HAN-CXR,11:15,11:45,11:15,12:15,11:40,12:12,12:13,12:25,01:00,00:33,EARLY,ONTIME,DELAY,DELAY,,,,,,,,11:35,12:10,,,HAN,PQC,CXR,Domestic,VJ,,,,,,,,,,,,
,2026-07-24,VJ981/VJ1453,A684,A321,PUS-HAN-PQC,10:40,11:50,10:40,11:50,10:40,11:49,11:50,11:56,01:10,01:10,ONTIME,ONTIME,ONTIME,ONTIME,,,,,,,,11:00,11:47,,,HAN,PUS,PQC,Domestic,VJ,,,,,,,,,,,,
,2026-07-24,VJ1772/VJ515,A635,A321,CXR-HAN-DAD,11:15,12:15,11:15,12:15,12:00,12:25,12:26,12:30,01:00,00:26,DELAY,ONTIME,ONTIME,DELAY,,93,00:11,,,,,11:55,12:23,,,HAN,CXR,DAD,Domestic,VJ,,,,,,,,,,,,
,2026-07-24,VJ128/VJ137,A662,A320,SGN-HAN-SGN,11:50,12:20,11:50,13:30,13:20,13:44,13:45,13:55,01:40,00:25,DELAY,ONTIME,DELAY,DELAY,,93,00:15,,,,,13:20,13:42,,,HAN,SGN,SGN,Domestic,VJ,,,,,,,,,,,,
,2026-07-24,VJ432/VJ509,A671,A320,UIH-HAN-DAD,12:35,13:05,12:35,13:05,13:00,13:20,13:21,13:27,00:30,00:21,DELAY,DELAY,DELAY,DELAY,,93,00:16,,,,,13:00,13:18,,,HAN,UIH,DAD,Domestic,VJ,,,,,,,,,,,,
,2026-07-24,VJ564/VJ453,A698,A321,HUI-HAN-PQC,12:30,13:05,12:30,13:05,13:05,13:34,13:35,13:45,00:35,00:30,DELAY,DELAY,DELAY,DELAY,,93,00:30,,,,,13:05,13:32,,,HAN,HUI,PQC,Domestic,VJ,,,,,,,,,,,,
,2026-07-24,VJ939/VJ787,A200,A321,KIX-HAN-CXR,12:20,13:10,12:20,13:10,12:20,13:09,13:10,13:25,00:50,00:50,ONTIME,ONTIME,ONTIME,ONTIME,,,,,,,,12:25,13:05,,,HAN,KIX,CXR,Domestic,VJ,,,,,,,,,,,,
,2026-07-24,VJ462/VJ433,A647,A321,VCA-HAN-UIH,11:40,13:20,11:40,13:20,12:10,13:15,13:16,13:35,01:40,01:06,EARLY,ONTIME,ONTIME,DELAY,,,,,,,,12:25,13:13,,,HAN,VCA,UIH,Domestic,VJ,,,,,,,,,,,,
,2026-07-24,VJ7615/VJ7615,A537,A321,BQS-HAN-CXR,13:10,13:40,13:10,13:40,13:55,14:12,14:13,14:23,00:30,00:18,DELAY,DELAY,DELAY,DELAY,,93,00:33,,,,,,,X,,HAN,BQS,CXR,Domestic,VJ,,,,,,,,,,,,
,2026-07-24,VJ906/VJ948,A685,A321,KUL-HAN-RMQ,14:40,13:40,14:40,15:30,15:15,15:54,15:55,16:15,00:50,00:40,DELAY,DELAY,DELAY,DELAY,,93,00:15,66,00:10,,,15:25,15:52,,CREW HN OB 1532LT,HAN,KUL,RMQ,International,VJ,,,,,,,,,,,,
,2026-07-24,VJ440/VJ143,A524,A321,PQC-HAN-SGN,13:35,14:10,13:35,14:10,13:45,14:14,14:15,14:25,00:35,00:30,DELAY,ONTIME,ONTIME,ONTIME,,93,00:05,,,,,13:45,14:12,,,HAN,PQC,SGN,Domestic,VJ,,,,,,,,,,,,
,2026-07-24,VJ933/VJ942,A500,A321,NRT-HAN-TPE,13:05,14:25,13:05,14:25,13:15,14:29,14:30,14:40,01:20,01:15,DELAY,ONTIME,ONTIME,ONTIME,,15A,00:05,,,,,13:40,14:28,,OFLD 01PAX + BAG,HAN,NRT,TPE,International,VJ,,,,,,,,,,,,
,2026-07-24,VJ961/VJ946,A661,A321,ICN-HAN-KHH,13:35,14:35,13:35,14:35,13:30,14:34,14:35,14:42,01:00,01:05,ONTIME,ONTIME,ONTIME,ONTIME,,,,,,,,13:45,14:30,,,HAN,ICN,KHH,International,VJ,,,,,,,,,,,,
,2026-07-24,VJ1434/VJ1125,A645,A321,UIH-HAN-SGN,14:00,14:35,14:00,15:15,14:30,15:14,15:15,15:35,01:15,00:45,ONTIME,ONTIME,DELAY,DELAY,,,,,,,,14:30,15:12,,,HAN,UIH,SGN,Domestic,VJ,,,,,,,,,,,,
,2026-07-24,VJ134/VJ525,A643,A321,SGN-HAN-DAD,14:00,14:35,14:00,15:35,15:10,15:44,15:45,15:55,01:35,00:35,DELAY,ONTIME,DELAY,DELAY,,93,00:05,66,00:05,,,15:10,15:42,,CREW ON 1520,HAN,SGN,DAD,Domestic,VJ,,,,,,,,,,,,
,2026-07-24,VJ1774/VJ1773,A528,A321,CXR-HAN-CXR,14:20,14:55,14:20,14:55,14:25,14:54,14:55,15:00,00:35,00:30,ONTIME,ONTIME,ONTIME,ONTIME,,,,,,,,14:25,14:52,,,HAN,CXR,CXR,Domestic,VJ,,,,,,,,,,,,
,2026-07-24,VJ436/VJ467,A650,A320,UIH-HAN-VCA,14:10,15:00,14:10,15:00,14:20,14:59,15:00,15:04,00:50,00:40,ONTIME,ONTIME,ONTIME,ONTIME,,,,,,,,14:25,14:57,,,HAN,UIH,VCA,Domestic,VJ,,,,,,,,,,,,
,2026-07-24,VJ510/VJ423,A553,A321,DAD-HAN-PXU,14:35,15:05,15:40,16:25,16:20,16:59,17:00,17:09,00:45,00:40,DELAY,DELAY,DELAY,DELAY,,93,00:25,66,00:05,,,16:20,16:57,,CREW OB 1630LT,HAN,DAD,PXU,Domestic,VJ,,,,,,,,,,,,
,2026-07-24,VJ492/VJ511,A542,A321,BMV-HAN-DAD,10:00,15:05,10:00,15:05,10:30,15:04,15:05,15:12,05:05,04:35,ONTIME,ONTIME,ONTIME,DELAY,,,,,,,,14:25,15:02,,,HAN,BMV,DAD,Domestic,VJ,,,,,,,,,,,,
,2026-07-24,VJ566/VJ419,A202,A321,HUI-HAN-TBB,14:30,15:10,14:30,15:10,14:45,15:14,15:15,15:25,00:40,00:30,DELAY,ONTIME,ONTIME,ONTIME,,93,00:05,,,,,14:40,15:12,,,HAN,HUI,TBB,Domestic,VJ,,,,,,,,,,,,
,2026-07-24,VJ921/VJ1451,A203,A321,NGO-HAN-PQC,12:50,15:20,12:50,15:20,13:00,15:16,15:17,15:25,02:30,02:17,EARLY,ONTIME,ONTIME,ONTIME,,,,,,,,14:25,15:14,,,HAN,NGO,PQC,Domestic,VJ,,,,,,,,,,,,
,2026-07-24,VJ138/VJ147,A552,A321,SGN-HAN-SGN,15:15,15:45,15:15,18:20,18:00,18:29,18:30,18:45,03:05,00:30,DELAY,ONTIME,DELAY,DELAY,,93,00:10,,,,,18:00,18:27,,,HAN,SGN,SGN,Domestic,VJ,,,,,,,,,,,,
,2026-07-24,VJ136/VJ903,A663,A320,SGN-HAN-BKK,14:20,15:45,14:20,15:45,15:20,15:49,15:50,15:58,01:25,00:30,DELAY,ONTIME,ONTIME,DELAY,,93,00:05,,,,,15:25,15:47,,,HAN,SGN,BKK,International,VJ,,,,,,,,,,,,
,2026-07-24,VJ464/VJ439,A669,A320,VCA-HAN-UIH,15:15,15:50,15:40,16:30,16:00,16:49,16:50,17:05,00:50,00:50,DELAY,DELAY,DELAY,DELAY,,99,00:20,,,,,16:20,16:47,,OMC LATE UPDATE CREWLIST (1639 LT),HAN,VCA,UIH,Domestic,VJ,,,,,,,,,,,,
,2026-07-24,VJ426/VJ567,A554,A321,PXU-HAN-HUI,14:05,15:55,14:05,15:55,14:30,15:54,15:55,16:10,01:50,01:25,ONTIME,ONTIME,ONTIME,DELAY,,,,,,,,15:12,15:50,,,HAN,PXU,HUI,Domestic,VJ,,,,,,,,,,,,
,2026-07-24,VJ508/VJ773,A635,A321,DAD-HAN-CXR,15:30,16:05,15:30,16:05,16:25,16:49,16:50,16:55,00:35,00:25,DELAY,DELAY,DELAY,DELAY,,93,00:45,,,,,16:20,16:47,,,HAN,DAD,CXR,Domestic,VJ,,,,,,,,,,,,
,2026-07-24,VJ494/VJ913,A544,A321,BMV-HAN-SAI,14:40,16:20,14:40,17:05,16:40,17:09,17:10,17:20,02:25,00:30,DELAY,ONTIME,DELAY,DELAY,,93,00:05,,,,,16:45,17:07,,,HAN,BMV,SAI,International,VJ,,,,,,,,,,,,
,2026-07-24,VJ538/VJ539,A630,A321,DAD-HAN-DAD,14:15,16:20,14:15,16:20,15:45,16:24,16:25,16:45,02:05,00:40,DELAY,ONTIME,DELAY,DELAY,,,,66,00:05,,,15:40,16:22,,CREW OB 1552LT,HAN,DAD,DAD,Domestic,VJ,,,,,,,,,,,,
,2026-07-24,VJ902/VJ193,A639,A321,BKK-HAN-SGN,15:50,16:35,15:50,16:35,16:30,16:59,17:00,17:10,00:45,00:30,DELAY,DELAY,DELAY,DELAY,,93,00:25,,,,,16:35,16:57,,,HAN,BKK,SGN,Domestic,VJ,,,,,,,,,,,,
,2026-07-24,VJ772/VJ513,A699,A320,CXR-HAN-DAD,15:55,16:35,16:30,17:50,17:15,17:49,17:50,18:10,01:20,00:35,ONTIME,ONTIME,DELAY,DELAY,,,,,,,,17:15,17:45,,,HAN,CXR,DAD,Domestic,VJ,,,,,,,,,,,,
,2026-07-24,VJ140/VJ151,A637,A321,SGN-HAN-SGN,16:20,16:55,16:20,16:55,17:00,17:39,17:40,17:48,00:35,00:40,DELAY,DELAY,DELAY,DELAY,,93,00:35,99,00:10,,,16:55,17:37,,FLIGHTVIEW SYSTEM DOWN,HAN,SGN,SGN,Domestic,VJ,,,,,,,,,,,,
,2026-07-24,VJ5068/VJ5068,A516,A321,CXR-HAN-NOZ,16:20,16:55,16:20,16:55,16:40,17:09,17:10,17:25,00:35,00:30,DELAY,ONTIME,DELAY,DELAY,,93,00:15,,,,,,,X,,HAN,CXR,NOZ,International,VJ,,,,,,,,,,,,
,2026-07-24,VJ452/VJ465,A632,A321,PQC-HAN-VCA,16:25,17:10,16:25,17:10,17:00,17:29,17:30,17:50,00:45,00:30,DELAY,DELAY,DELAY,DELAY,,93,00:20,,,,,16:55,17:27,,,HAN,PQC,VCA,Domestic,VJ,,,,,,,,,,,,
,2026-07-24,VJ434/VJ495,A647,A321,UIH-HAN-BMV,17:10,17:30,17:10,18:30,17:50,18:44,18:45,19:08,01:20,00:55,DELAY,ONTIME,DELAY,DELAY,,99,00:15,,,,,17:55,18:43,,LATE ACPT 30 PAX,HAN,UIH,BMV,Domestic,VJ,,,,,,,,,,,,
,2026-07-24,VJ454/VJ141,A532,A321,PQC-HAN-SGN,16:45,17:35,16:45,21:45,21:50,22:14,22:15,22:18,05:00,00:25,DELAY,DELAY,DELAY,DELAY,,,,,,,,21:50,22:12,,,HAN,PQC,SGN,Domestic,VJ,,,,,,,,,,,,
,2026-07-24,VJ530/VJ1431,A671,A320,DAD-HAN-UIH,16:15,17:40,16:15,17:40,17:05,17:39,17:40,17:55,01:25,00:35,ONTIME,ONTIME,ONTIME,DELAY,,,,,,,,17:05,17:37,,,HAN,DAD,UIH,Domestic,VJ,,,,,,,,,,,,
,2026-07-24,_____/VJ517,A522,A321,HAN-DAD,,17:45,,17:45,,17:58,17:59,18:00,,,DELAY,ONTIME,ONTIME,,,95,00:14,,,,,17:25,17:56,,CREW FR VJ530 OB 1730LT,HAN,HAN,DAD,Domestic,,,,,,,,,,,,,
,2026-07-24,VJ947/VJ153,A661,A321,KHH-HAN-SGN,20:35,18:05,20:35,21:15,20:20,21:14,21:15,21:25,00:40,00:55,ONTIME,ONTIME,DELAY,ONTIME,,,,,,,,20:30,21:12,,,HAN,KHH,SGN,Domestic,VJ,,,,,,,,,,,,
,2026-07-24,VJ928/VJ781,A551,A321,CGK-HAN-CXR,18:15,18:25,18:15,19:15,18:45,19:14,19:15,19:50,01:00,00:30,ONTIME,ONTIME,DELAY,DELAY,,,,,,,,18:45,19:12,,,HAN,CGK,CXR,Domestic,VJ,,,,,,,,,,,,
,2026-07-24,VJ931/VJ455,A697,A321,KIX-HAN-PQC,18:30,20:05,18:30,20:05,18:55,20:04,20:05,20:10,01:35,01:10,ONTIME,ONTIME,ONTIME,DELAY,,,,,,,,19:20,20:01,,,HAN,KIX,PQC,Domestic,VJ,,,,,,,,,,,,
,2026-07-24,VJ512/VJ521,A542,A321,DAD-HAN-DAD,18:15,18:45,18:15,18:45,18:50,19:19,19:20,19:56,00:30,00:30,DELAY,DELAY,DELAY,DELAY,,93,00:35,,,,,18:50,19:17,,,HAN,DAD,DAD,Domestic,VJ,,,,,,,,,,,,
,2026-07-24,VJ148/VJ155,A651,A321,SGN-HAN-SGN,18:25,19:00,18:25,19:35,18:55,19:34,19:35,19:38,01:10,00:40,ONTIME,ONTIME,DELAY,DELAY,,,,,,,,18:55,19:31,,,HAN,SGN,SGN,Domestic,VJ,,,,,,,,,,,,
,2026-07-24,VJ144/VJ519,A534,A321,SGN-HAN-DAD,18:15,19:25,18:15,19:35,19:05,19:39,19:40,19:58,01:20,00:35,DELAY,ONTIME,DELAY,DELAY,,15,00:05,,,,,19:05,19:36,,LONG BOARDING,HAN,SGN,DAD,Domestic,VJ,,,,,,,,,,,,
,2026-07-24,VJ146/VJ561,A575,A321,SGN-HAN-HUI,19:05,19:35,19:05,20:30,19:45,20:29,20:30,20:35,01:25,00:45,ONTIME,ONTIME,DELAY,DELAY,,,,,,,,19:45,20:26,,,HAN,SGN,HUI,Domestic,VJ,,,,,,,,,,,,
,2026-07-24,VJ424/VJ523,A553,A321,PXU-HAN-DAD,18:45,19:45,18:45,21:35,21:00,21:34,21:35,21:45,02:50,00:35,ONTIME,ONTIME,DELAY,DELAY,,,,,,,,21:00,21:32,,,HAN,PXU,DAD,Domestic,VJ,,,,,,,,,,,,
,2026-07-24,VJ142/VJ7712,A658,A320,SGN-HAN-PKX,15:30,19:55,15:30,19:55,16:10,19:54,19:55,20:05,04:25,03:45,ONTIME,ONTIME,ONTIME,DELAY,,,,,,,,19:15,19:50,,,HAN,SGN,PKX,International,VJ,,,,,,,,,,,,
,2026-07-24,VJ420/VJ157,A202,A321,TBB-HAN-SGN,19:15,20:00,19:15,20:00,19:25,20:09,20:10,20:15,00:45,00:45,DELAY,ONTIME,ONTIME,ONTIME,,95,00:10,,,,,19:39,20:07,,CREW VJ568 OB 1947L,HAN,TBB,SGN,Domestic,VJ,,,,,,,,,,,,
,2026-07-24,VJ931/VJ455,A697,A321,KIX-HAN-PQC,18:30,20:05,18:30,20:05,18:55,20:04,20:05,20:10,01:35,01:10,ONTIME,ONTIME,ONTIME,DELAY,,,,,,,,19:20,20:01,,,HAN,KIX,PQC,Domestic,VJ,,,,,,,,,,,,
,2026-07-24,VJ568/VJ907,A554,A321,HUI-HAN-BOM,18:55,20:05,18:55,22:30,19:30,23:44,23:45,23:48,03:35,04:15,DELAY,DELAY,DELAY,DELAY,,99,01:15,,,,,22:15,23:42,,SUPPORT TRANSIT 70 PAX FROM VJ454 (VJ454 AIBT 2150L),HAN,HUI,BOM,International,VJ,,,,,,,,,,,,
,2026-07-24,VJ540/VJ159,A630,A321,DAD-HAN-SGN,19:30,20:10,19:30,20:35,20:10,20:39,20:40,21:00,01:05,00:30,DELAY,ONTIME,DELAY,DELAY,,93,00:05,,,,,20:10,20:37,,,HAN,DAD,SGN,Domestic,VJ,,,,,,,,,,,,
,2026-07-24,VJ935/VJ783,A529,A321,NRT-HAN-CXR,20:05,20:40,20:05,21:10,20:30,20:59,21:00,21:15,01:05,00:30,EARLY,ONTIME,DELAY,DELAY,,,,,,,,20:30,20:57,,,HAN,NRT,CXR,Domestic,VJ,,,,,,,,,,,,
,2026-07-24,VJ468/VJ161,A650,A320,VCA-HAN-SGN,20:10,20:55,20:10,20:55,20:15,21:16,21:17,21:30,00:45,01:02,DELAY,DELAY,DELAY,ONTIME,,95,00:22,,,,,20:35,21:15,,WAIT CREW VJ152 OB2055,HAN,VCA,SGN,Domestic,VJ,,,,,,,,,,,,
,2026-07-24,VJ152/VJ7238,A633,A321,SGN-HAN-PVG,19:25,21:15,19:25,21:15,20:30,21:19,21:20,21:26,01:50,00:50,DELAY,ONTIME,ONTIME,DELAY,,15A,00:05,,,,,20:49,21:15,,OFFLOAD 2PAX 2BAG,HAN,SGN,PVG,International,VJ,,,,,,,,,,,,
,2026-07-24,VJ438/VJ527,A669,A320,UIH-HAN-DAD,19:35,21:25,19:35,21:35,20:55,22:24,22:25,22:30,02:00,01:30,DELAY,DELAY,DELAY,DELAY,,95,00:50,,,,,,,,WAIT CREW VJ516 OB 2156,HAN,UIH,DAD,Domestic,VJ,,,,,,,,,,,,
,2026-07-24,VJ154/VJ163,A668,A320,SGN-HAN-SGN,21:05,21:35,21:05,22:20,22:20,22:40,22:41,22:50,01:15,00:21,DELAY,DELAY,DELAY,DELAY,,93,00:21,,,,,22:20,22:37,,,HAN,SGN,SGN,Domestic,VJ,,,,,,,,,,,,
,2026-07-24,VJ776/VJ7526,A635,A321,CXR-HAN-CAN,20:15,22:30,20:15,22:30,21:35,22:34,22:35,22:40,02:15,01:00,DELAY,ONTIME,ONTIME,DELAY,,,,,,,,21:50,22:25,,,HAN,CXR,CAN,International,VJ,,,,,,,,,,,,
,2026-07-24,VJ562/VJ167,A575,A321,HUI-HAN-SGN,22:35,23:10,22:35,00:10,00:05,00:34,00:35,00:38,01:35,00:30,DELAY,DELAY,DELAY,ONTIME,,93,00:25,,,,,00:05,00:32,,,HAN,HUI,SGN,Domestic,VJ,,,,,,,,,,,,
,2026-07-24,VJ1454/VJ962,A684,A321,PQC-HAN-ICN,16:35,23:15,16:35,23:15,22:40,23:19,23:20,23:30,06:40,00:40,DELAY,ONTIME,ONTIME,DELAY,,99,00:05,,,,,22:50,23:17,,LATE ACPT 02 PAX 04 BAG,HAN,PQC,ICN,International,VJ,,,,,,,,,,,,
,2026-07-24,VJ522/VJ169,A637,A321,DAD-HAN-SGN,22:35,23:25,22:35,00:20,01:15,01:43,01:45,01:50,01:45,00:30,DELAY,DELAY,DELAY,ONTIME,,93,01:25,,,,,01:15,01:40,,,HAN,DAD,SGN,Domestic,VJ,,,,,,,,,,,,
,2026-07-24,VJ528/VJ789,A643,A321,DAD-HAN-CXR,17:55,18:45,17:55,20:35,19:55,20:34,20:35,20:43,02:40,00:40,ONTIME,ONTIME,DELAY,DELAY,,,,,,,,19:50,20:31,,,HAN,DAD,CXR,Domestic,VJ,,,,,,,,,,,,
,2026-07-25,____/VJ932,A200,A321,HAN-NRT,,00:30,,00:30,,00:29,00:30,00:45,,,ONTIME,ONTIME,ONTIME,,,,,,,,,00:40,00:27,,,HAN,HAN,NRT,International,VJ,,,,,,,,,,,,
,2026-07-25,VJ914/VJ982,A544,A321,SAI-HAN-PUS,20:50,01:05,20:50,01:05,,00:56,00:57,01:01,04:15,,EARLY,ONTIME,ONTIME,ONTIME,,,,,,,,00:20,00:50,,,HAN,SAI,PUS,International,VJ,,,,,,,,,,,,
,2026-07-25,VJ7706/VJ7706,A537,A321,CXR-HAN-KHV,00:30,01:05,00:30,03:15,03:05,03:33,03:35,03:38,02:45,00:30,DELAY,DELAY,DELAY,DELAY,,93,00:20,,,,,,,X,TECHSTOP,HAN,CXR,KHV,International,VJ,,,,,,,,,,,,
,2026-07-25,VJ943/VJ938,A500,A321,TPE-HAN-KIX,,01:20,,01:20,,01:14,01:15,01:19,,,EARLY,ONTIME,ONTIME,,,,,,,,,00:40,01:10,,,HAN,TPE,KIX,International,VJ,,,,,,,,,,,,
,2026-07-25,____/VJ960,A698,A321,HAN-ICN,,01:40,,01:40,,01:39,01:40,01:50,,,ONTIME,ONTIME,ONTIME,,,,,,,,,00:50,01:36,,,HAN,HAN,ICN,International,VJ,,,,,,,,,,,,
,2026-07-25,VJ1452/VJ920,A203,A321,PQC-HAN-NGO,,01:40,,01:40,,01:49,01:50,02:10,,,DELAY,ONTIME,DELAY,,,99,00:10,,,,,00:55,01:35,,SUPPORT TRANSIT PAX FROM VJ522 (VJ522 AIBT 0115L),HAN,PQC,NGO,International,VJ,,,,,,,,,,,,
,2026-07-25,VJ496/VJ958,A647,A321,BMV-HAN-FUK,,02:05,,02:05,,02:04,02:05,02:15,,,ONTIME,ONTIME,ONTIME,,,,,,,,,01:20,02:00,,,HAN,BMV,FUK,International,VJ,,,,,,,,,,,,
,2026-07-25,____/VJ445,A661,A321,HAN-PQC,,05:30,,05:30,,05:19,05:20,05:25,,,EARLY,ONTIME,ONTIME,,,,,,,,,04:45,05:17,,,HAN,HAN,PQC,Domestic,VJ,,,,,,,,,,,,
,2026-07-25,____/VJ501,A643,A321,HAN-DAD,,05:40,,05:40,,06:04,06:05,06:10,,,DELAY,DELAY,DELAY,,,77,00:15,89,00:10,,,04:40,05:03,,BAD WEATHER + VIP FLIGHT,HAN,HAN,DAD,Domestic,VJ,,,,,,,,,,,,
,2026-07-25,____/VJ771,A632,A321,HAN-CXR,,05:45,,05:45,,05:49,05:50,06:15,,,DELAY,ONTIME,DELAY,,,77,00:05,,,,,05:00,05:47,,BAD WEATHER,HAN,HAN,CXR,Domestic,VJ,,,,,,,,,,,,
,2026-07-25,____/VJ1775,A663,A320,HAN-CXR,,05:45,,06:00,,05:54,05:55,06:25,,,EARLY,ONTIME,DELAY,,,,,,,,,05:00,05:52,,,HAN,HAN,CXR,Domestic,VJ,,,,,,,,,,,,
,2026-07-25,____/VJ121,A685,A321,HAN-SGN,,06:00,,06:00,,05:59,06:00,06:15,,,ONTIME,ONTIME,ONTIME,,,,,,,,,05:15,05:57,,,HAN,HAN,SGN,Domestic,VJ,,,,,,,,,,,,
,2026-07-25,____/VJ449,A532,A321,HAN-PQC,,06:30,,06:30,,06:24,06:25,06:45,,,EARLY,ONTIME,ONTIME,,,,,,,,,05:00,06:28,,,HAN,HAN,PQC,Domestic,VJ,,,,,,,,,,,,
,2026-07-25,____/VJ431,A671,A320,HAN-UIH,,06:05,,06:05,,06:14,06:15,06:34,,,DELAY,ONTIME,DELAY,,,89,00:10,,,,,05:20,06:10,,VIP FLIGHT,HAN,HAN,UIH,Domestic,VJ,,,,,,,,,,,,
,2026-07-25,____/VJ491,A635,A321,HAN-BMV,,06:00,,06:00,,06:29,06:30,06:43,,,DELAY,DELAY,DELAY,,,77,00:15,89,00:15,,,05:20,06:27,,BAD WEATHER + VIP FLIGHT,HAN,HAN,BMV,Domestic,VJ,,,,,,,,,,,,
,2026-07-25,____/VJ531,A202,A321,HAN-DAD,,06:30,,06:30,,06:24,06:25,06:57,,,EARLY,ONTIME,DELAY,,,,,,,,,05:55,06:22,,LATE PUSHBACK DUE TO ATC,HAN,HAN,DAD,Domestic,VJ,,,,,,,,,,,,
,2026-07-25,____/VJ461,A645,A321,HAN-VCA,,06:45,,06:45,,06:44,06:45,07:15,,,ONTIME,ONTIME,DELAY,,,,,,,,,06:00,06:43,,LATE PUSHBACK DUE TO ATC,HAN,HAN,VCA,Domestic,VJ,,,,,,,,,,,,
,2026-07-25,VJ5069/VJ5069,A516,A321,NOZ-HAN-CXR,06:15,06:45,06:15,06:45,07:00,08:09,08:10,08:35,00:30,01:10,DELAY,DELAY,DELAY,DELAY,,93,00:45,99,00:40,,,,,X,DL99 CAPT HOLD CLOSE DUE TO ATC/ LATE PUSH BACK & TAKEOFF DUE TO ATC,HAN,NOZ,CXR,Domestic,VJ,,,,,,,,,,,,
,2026-07-25,____/VJ1771,A687,A321,HAN-CXR,,07:00,,07:00,,06:59,07:00,07:55,,,ONTIME,ONTIME,DELAY,,,,,,,,,06:20,06:57,,LATE PUSHBACK DUE TO ATC,HAN,HAN,CXR,Domestic,VJ,,,,,,,,,,,,
,2026-07-25,____/VJ125,A658,A320,HAN-SGN,,07:00,,07:00,,07:39,07:40,08:00,,,DELAY,DELAY,DELAY,,,89,00:10,65,00:30,,,06:35,07:01,,DL89 VIP MOVEMENT/ DL65 CAP REQ EXTRA FUEL,HAN,HAN,SGN,Domestic,VJ,,,,,,,,,,,,
,2026-07-25,____/VJ421,A634,A321,HAN-PXU,,07:10,,07:10,,07:07,07:09,08:10,,,EARLY,ONTIME,DELAY,,,,,,,,,06:30,07:05,,,HAN,HAN,PXU,Domestic,VJ,,,,,,,,,,,,
,2026-07-25,____/VJ535,A553,A321,HAN-DAD,,07:25,,07:25,,07:24,07:25,08:35,,,ONTIME,ONTIME,DELAY,,,,,,,,,06:45,07:23,,LATE PUSHBACK & TAKE OFF DUE TO ATC,HAN,HAN,DAD,Domestic,VJ,,,,,,,,,,,,
,2026-07-25,VJ502/VJ503,A649,A321,DAD-HAN-DAD,07:00,07:30,07:00,07:30,07:15,07:40,07:41,08:27,00:30,00:26,DELAY,ONTIME,DELAY,ONTIME,,93,00:11,,,,,07:05,07:38,,LATE PUSHBACK DUE TO ATC,HAN,DAD,DAD,Domestic,VJ,,,,,,,,,,,,
,2026-07-25,____/VJ934,A529,A321,HAN-NRT,,07:55,,07:55,,07:54,07:55,08:50,,,ONTIME,ONTIME,DELAY,,,,,,,,,07:10,07:52,,LATE PUSHBACK & TAKE OFF DUE TO ATC,HAN,HAN,NRT,International,VJ,,,,,,,,,,,,
,2026-07-25,____/VJ127,A699,A320,HAN-SGN,,08:10,,08:10,,08:09,08:10,09:05,,,ONTIME,ONTIME,DELAY,,,,,,,,,07:25,08:07,,,HAN,HAN,SGN,Domestic,VJ,,,,,,,,,,,,
,2026-07-25,____/VJ1779,A630,A321,HAN-CXR,,08:20,,08:20,,08:29,08:30,09:11,,,DELAY,ONTIME,DELAY,,,95,00:10,,,,,07:55,08:27,,CREW 1780 OB 0807/ LATE PUSHBACK DUE TO ATC,HAN,HAN,CXR,Domestic,VJ,,,,,,,,,,,,
,2026-07-25,____/VJ929,A633,A321,HAN-CGK,,08:40,,08:40,,08:39,08:40,09:30,,,ONTIME,ONTIME,DELAY,,,,,,,,,07:50,08:38,,LATE PUSHBACK & TAKE OFF DUE TO ATC,HAN,HAN,CGK,International,VJ,,,,,,,,,,,,
,2026-07-25,VJ1780/VJ930,A201,A321,CXR-HAN-KIX,07:50,07:55,07:50,08:45,07:55,08:44,08:45,09:40,00:55,00:50,ONTIME,ONTIME,DELAY,ONTIME,,,,,,,,08:10,08:42,,LATE PUSHBACK & TAKE OFF DUE TO ATC,HAN,CXR,KIX,International,VJ,,,,,,,,,,,,
,2026-07-25,VJ120/VJ447,A668,A320,SGN-HAN-PQC,07:10,08:45,07:10,08:45,07:25,08:44,08:45,09:15,01:35,01:20,ONTIME,ONTIME,DELAY,ONTIME,,,,,,,,07:55,08:42,,LATE PUSHBACK & TAKE OFF DUE TO ATC,HAN,SGN,PQC,Domestic,VJ,,,,,,,,,,,,
,2026-07-25,VJ504/VJ435,A669,A320,DAD-HAN-UIH,08:20,08:50,08:20,08:50,08:40,08:59,09:00,10:00,00:30,00:20,DELAY,ONTIME,DELAY,DELAY,,93,00:10,,,,,08:35,08:58,,,HAN,DAD,UIH,Domestic,VJ,,,,,,,,,,,,
,2026-07-25,____/VJ129,A551,A321,HAN-SGN,,09:15,,09:15,,09:12,09:14,09:55,,,EARLY,ONTIME,DELAY,,,,,,,,,08:35,09:11,,LATE PUSHBACK & TAKE OFF DUE TO ATC,HAN,HAN,SGN,Domestic,VJ,,,,,,,,,,,,
,2026-07-25,VJ514/VJ563,A643,A321,DAD-HAN-HUI,08:50,09:20,08:50,10:15,09:50,10:19,10:20,10:30,01:25,00:30,DELAY,ONTIME,DELAY,DELAY,,93,00:05,,,,,09:40,10:17,,,HAN,DAD,HUI,Domestic,VJ,,,,,,,,,,,,
,2026-07-25,VJ963/VJ915,A684,A321,ICN-HAN-SIN,08:55,10:05,08:55,10:05,09:05,10:04,10:05,10:35,01:10,01:00,ONTIME,ONTIME,DELAY,ONTIME,,,,,,,,09:20,10:02,,,HAN,ICN,SIN,International,VJ,,,,,,,,,,,,
,2026-07-25,VJ126/VJ131,A525,A321,SGN-HAN-SGN,09:45,10:15,09:45,11:30,10:55,11:24,11:25,11:33,01:45,00:30,EARLY,ONTIME,DELAY,DELAY,,,,,,,,10:55,11:22,,,HAN,SGN,SGN,Domestic,VJ,,,,,,,,,,,,
,2026-07-25,VJ532/VJ425,A202,A321,DAD-HAN-PXU,09:45,10:20,09:45,11:00,10:50,11:12,11:14,11:27,01:15,00:24,DELAY,ONTIME,DELAY,DELAY,,93,00:14,,,,,10:40,11:10,,,HAN,DAD,PXU,Domestic,VJ,,,,,,,,,,,,
,2026-07-25,VJ124/VJ463,A650,A320,SGN-HAN-VCA,08:15,10:20,08:15,10:20,08:25,10:24,10:25,10:35,02:05,02:00,DELAY,ONTIME,ONTIME,ONTIME,,95,00:05,,,,,09:50,10:22,,PUR FROM VJ514 OB1012,HAN,SGN,VCA,Domestic,VJ,,,,,,,,,,,,
,2026-07-25,VJ910/VJ997,A554,A321,BOM-HAN-DPS,07:10,10:25,09:00,11:25,10:40,11:45,11:46,11:48,02:25,01:06,DELAY,DELAY,DELAY,DELAY,,91,00:21,,,,,11:05,11:43,,SP 40PAX+44BAGS TS FR VJ910,HAN,BOM,DPS,International,VJ,,,,,,,,,,,,
,2026-07-25,VJ430/VJ437,A671,A320,UIH-HAN-UIH,09:50,10:25,09:50,11:00,10:45,11:04,11:05,11:12,01:10,00:20,DELAY,ONTIME,DELAY,DELAY,,93,00:05,,,,,10:45,11:02,,,HAN,UIH,UIH,Domestic,VJ,,,,,,,,,,,,
,2026-07-25,VJ770/VJ1773,A632,A321,CXR-HAN-CXR,09:55,10:30,09:55,11:50,11:15,11:46,11:48,11:55,01:55,00:33,EARLY,ONTIME,DELAY,DELAY,,,,,,,,11:15,11:44,,,HAN,CXR,CXR,Domestic,VJ,,,,,,,,,,,,
,2026-07-25,VJ492/VJ493,A635,A321,BMV-HAN-BMV,10:00,10:35,10:00,11:45,11:20,11:44,11:45,11:58,01:45,00:25,ONTIME,ONTIME,DELAY,DELAY,,,,,,,,11:15,11:42,,,HAN,BMV,BMV,Domestic,VJ,,,,,,,,,,,,
,2026-07-25,VJ448/VJ901,A661,A321,PQC-HAN-BKK,10:15,11:15,10:15,11:15,10:25,11:11,11:12,11:22,01:00,00:47,EARLY,ONTIME,ONTIME,ONTIME,,,,,,,,10:45,11:09,,,HAN,PQC,BKK,International,VJ,,,,,,,,,,,,
,2026-07-25,VJ959/VJ565,A647,A321,FUK-HAN-HUI,11:45,11:30,11:45,12:30,11:35,12:27,12:29,12:37,00:45,00:54,EARLY,ONTIME,DELAY,ONTIME,,,,,,,,11:50,12:25,,,HAN,FUK,HUI,Domestic,VJ,,,,,,,,,,,,
,2026-07-25,VJ536/VJ537,A522,A321,DAD-HAN-DAD,11:05,11:35,11:05,13:00,12:40,13:09,13:10,13:15,01:55,00:30,DELAY,ONTIME,DELAY,DELAY,,93,00:10,,,,,12:30,13:07,,,HAN,DAD,DAD,Domestic,VJ,,,,,,,,,,,,
,2026-07-25,VJ981/VJ507,A544,A321,PUS-HAN-DAD,10:40,11:40,10:40,11:40,10:35,12:04,12:05,12:07,01:00,01:30,DELAY,DELAY,DELAY,ONTIME,,63C,00:25,,,,,11:25,12:02,,,HAN,PUS,DAD,Domestic,VJ,,,,,,,,,,,,
,2026-07-25,VJ422/VJ451,A634,A321,PXU-HAN-PQC,10:50,11:45,10:50,13:00,12:00,12:57,12:58,13:05,02:10,00:58,EARLY,ONTIME,DELAY,DELAY,,,,,,,,12:05,12:56,,,HAN,PXU,PQC,Domestic,VJ,,,,,,,,,,,,
,2026-07-25,VJ450/VJ775,A532,A321,PQC-HAN-CXR,11:15,11:45,11:15,14:30,13:55,14:24,14:25,14:30,03:15,00:30,EARLY,ONTIME,DELAY,DELAY,,,,,,,,13:50,14:22,,,HAN,PQC,CXR,Domestic,VJ,,,,,,,,,,,,
,2026-07-25,VJ1772/VJ1453,A687,A321,CXR-HAN-PQC,11:15,11:50,11:15,13:10,13:00,13:34,13:35,13:40,01:55,00:35,DELAY,DELAY,DELAY,DELAY,,93,00:20,66,00:05,,,12:55,13:32,,CHANGE CREW OB 1308L,HAN,CXR,PQC,Domestic,VJ,,,,,,,,,,,,
,2026-07-25,VJ130/VJ133,A814,A330,SGN-HAN-SGN,10:50,11:50,10:50,11:50,11:20,12:00,12:02,12:05,01:00,00:42,DELAY,ONTIME,ONTIME,DELAY,,93,00:12,,,,,11:10,11:58,,,HAN,SGN,SGN,Domestic,VJ,,,,,,,,,,,,
,2026-07-25,VJ462/VJ515,A645,A321,VCA-HAN-DAD,11:40,12:10,11:40,12:45,12:35,13:03,13:05,13:10,01:05,00:30,DELAY,DELAY,DELAY,DELAY,,93,00:20,,,,,12:30,13:02,,,HAN,VCA,DAD,Domestic,VJ,,,,,,,,,,,,
,2026-07-25,VJ1776/VJ7638,A663,A320,CXR-HAN-TXN,09:55,12:10,09:55,12:10,11:25,12:14,12:15,12:20,02:15,00:50,DELAY,ONTIME,ONTIME,DELAY,,15A,00:05,,,,,11:45,12:12,,OFLD 02PAX02BAG,HAN,CXR,TXN,International,VJ,,,,,,,,,,,,
,2026-07-25,VJ128/VJ137,A658,A320,SGN-HAN-SGN,11:50,12:20,11:50,14:50,13:45,14:23,14:25,14:50,03:00,00:40,EARLY,ONTIME,DELAY,DELAY,,,,,,,,13:35,14:14,,,HAN,SGN,SGN,Domestic,VJ,,,,,,,,,,,,
,2026-07-25,VJ524/VJ453,A649,A321,DAD-HAN-PQC,10:40,13:00,10:40,13:00,12:15,13:04,13:05,13:10,02:20,00:50,DELAY,ONTIME,ONTIME,DELAY,,89,00:05,,,,,12:22,13:02,,VIP MOVE,HAN,DAD,PQC,Domestic,VJ,,,,,,,,,,,,
,2026-07-25,VJ933/VJ787,A200,A321,NRT-HAN-CXR,13:05,13:10,13:05,14:20,13:10,14:13,14:15,14:16,01:15,01:05,EARLY,ONTIME,DELAY,ONTIME,,,,,,,,13:36,14:11,,,HAN,NRT,CXR,Domestic,VJ,,,,,,,,,,,,
,2026-07-25,VJ134/VJ433,A699,A320,SGN-HAN-UIH,13:30,13:20,13:30,14:50,14:35,14:59,15:00,15:05,01:20,00:25,DELAY,ONTIME,DELAY,DELAY,,93,00:10,,,,,14:40,14:57,,,HAN,SGN,UIH,Domestic,VJ,,,,,,,,,,,,
,2026-07-25,VJ939/VJ948,A500,A321,KIX-HAN-RMQ,12:20,13:30,12:20,13:30,12:25,13:39,13:40,13:54,01:10,01:15,DELAY,ONTIME,DELAY,ONTIME,,87,00:10,,,,,12:50,13:38,,STUCK IMMI,HAN,KIX,RMQ,International,VJ,,,,,,,,,,,,
,2026-07-25,VJ1454/VJ441,A697,A321,PQC-HAN-PQC,16:35,14:00,16:35,16:50,16:50,17:13,17:15,17:23,00:15,00:25,DELAY,DELAY,DELAY,ONTIME,,93,00:25,,,,,16:40,17:11,,,HAN,PQC,PQC,Domestic,VJ,,,,,,,,,,,,
,2026-07-25,VJ432/VJ7316,A669,A320,UIH-HAN-ENH,12:35,14:00,12:35,14:50,13:55,14:33,14:35,14:37,02:15,00:40,EARLY,ONTIME,DELAY,DELAY,,,,,,,,14:07,14:31,,,HAN,UIH,ENH,International,VJ,,,,,,,,,,,,
,2026-07-25,VJ921/VJ942,A203,A321,NGO-HAN-TPE,12:50,14:25,12:50,14:25,13:20,14:39,14:40,14:50,01:35,01:20,DELAY,ONTIME,DELAY,DELAY,,87,00:15,,,,,13:40,14:37,,STUCK IMMI,HAN,NGO,TPE,International,VJ,,,,,,,,,,,,
,2026-07-25,VJ440/VJ467,A668,A320,PQC-HAN-VCA,13:40,14:30,13:40,14:30,14:25,14:54,14:55,15:00,00:50,00:30,DELAY,DELAY,DELAY,DELAY,,93,00:20,66,00:05,,,14:35,14:52,,CHANGE CREW OB 1435L,HAN,PQC,VCA,Domestic,VJ,,,,,,,,,,,,
,2026-07-25,VJ961/VJ946,A698,A321,ICN-HAN-KHH,13:35,14:35,13:35,14:35,13:50,14:34,14:35,14:45,01:00,00:45,ONTIME,ONTIME,ONTIME,ONTIME,,,,,,,,14:08,14:32,,,HAN,ICN,KHH,International,VJ,,,,,,,,,,,,
,2026-07-25,VJ564/VJ525,A643,A321,HUI-HAN-DAD,12:20,14:40,12:20,14:40,13:50,14:54,14:55,15:10,02:20,01:05,DELAY,ONTIME,DELAY,DELAY,,15A,00:15,,,,,13:55,14:52,,DL15A-OFLD 07PAX AND 03BAG,HAN,HUI,DAD,Domestic,VJ,,,,,,,,,,,,
,2026-07-25,VJ7707/VJ7707,A537,A321,KHV-HAN-CXR,14:25,14:55,14:25,18:00,17:25,17:44,17:45,17:50,03:35,00:20,EARLY,ONTIME,DELAY,DELAY,,,,,,,,,,X,,HAN,KHV,CXR,Domestic,VJ,,,,,,,,,,,,
,2026-07-25,VJ136/VJ145,A662,A320,SGN-HAN-SGN,14:30,15:00,14:30,16:30,15:35,16:19,16:20,16:30,02:00,00:45,EARLY,ONTIME,DELAY,DELAY,,,,,,,,15:47,16:17,,,HAN,SGN,SGN,Domestic,VJ,,,,,,,,,,,,
,2026-07-25,VJ510/VJ511,A542,A321,DAD-HAN-DAD,14:35,15:05,14:35,15:05,14:35,15:04,15:05,15:15,00:30,00:30,ONTIME,ONTIME,ONTIME,ONTIME,,,,,,,,14:30,15:03,,,HAN,DAD,DAD,Domestic,VJ,,,,,,,,,,,,
,2026-07-25,VJ566/VJ423,A647,A321,HUI-HAN-PXU,14:30,15:05,14:30,16:10,15:45,16:19,16:20,16:35,01:40,00:35,DELAY,ONTIME,DELAY,DELAY,,93,00:05,66,00:05,,,15:50,16:17,,CREW OB 1558L,HAN,HUI,PXU,Domestic,VJ,,,,,,,,,,,,
,2026-07-25,VJ426/VJ419,A202,A321,PXU-HAN-TBB,14:05,15:10,14:05,15:25,15:10,15:34,15:35,15:43,01:20,00:25,DELAY,ONTIME,DELAY,DELAY,,93,00:10,,,,,15:10,15:32,,,HAN,PXU,TBB,Domestic,VJ,,,,,,,,,,,,
,2026-07-25,VJ538/VJ1451,A522,A321,DAD-HAN-PQC,14:45,15:20,14:45,17:00,16:35,16:57,16:58,17:10,02:15,00:23,EARLY,ONTIME,DELAY,DELAY,,,,,,,,16:30,16:55,,,HAN,DAD,PQC,Domestic,VJ,,,,,,,,,,,,
,2026-07-25,VJ772/VJ143,A657,A321,CXR-HAN-SGN,15:55,15:25,15:55,17:20,16:45,17:19,17:20,17:30,01:25,00:35,ONTIME,ONTIME,DELAY,DELAY,,,,,,,,16:45,17:18,,LATE TAKE OFF DUE TO ATC,HAN,CXR,SGN,Domestic,VJ,,,,,,,,,,,,
,2026-07-25,VJ7620/VJ7620,A516,A321,CXR-HAN-BAX,15:05,15:40,15:05,15:40,15:20,15:54,15:55,16:10,00:35,00:35,DELAY,ONTIME,DELAY,ONTIME,,93,00:15,,,,,,,x,,HAN,CXR,BAX,International,VJ,,,,,,,,,,,,
,2026-07-25,VJ464/VJ439,A650,A320,VCA-HAN-UIH,15:10,15:40,15:10,16:20,15:55,16:24,16:25,16:34,01:10,00:30,DELAY,ONTIME,DELAY,DELAY,,66,00:05,,,,,15:55,16:22,,CHANGE CREW OB 1600L,HAN,VCA,UIH,Domestic,VJ,,,,,,,,,,,,
,2026-07-25,VJ436/VJ903,A671,A320,UIH-HAN-BKK,14:10,15:45,14:10,15:45,14:58,15:44,15:45,16:10,01:35,00:47,ONTIME,ONTIME,DELAY,DELAY,,,,,,,,15:05,15:42,,LATE PUSHBACK DUE TO CTOT 1626,HAN,UIH,BKK,International,VJ,,,,,,,,,,,,
,2026-07-25,VJ508/VJ567,A645,A321,DAD-HAN-HUI,15:25,15:55,15:25,16:50,16:25,17:04,17:05,17:20,01:25,00:40,DELAY,ONTIME,DELAY,DELAY,,93,00:05,66,00:10,,,16:20,17:02,,CREW OB 1631L,HAN,DAD,HUI,Domestic,VJ,,,,,,,,,,,,
,2026-07-25,VJ1774/VJ773,A632,A321,CXR-HAN-CXR,14:50,16:00,14:50,16:30,16:25,16:54,16:55,17:04,01:40,00:30,DELAY,DELAY,DELAY,DELAY,,93,00:25,,,,,16:17,16:52,,,HAN,CXR,CXR,Domestic,VJ,,,,,,,,,,,,
,2026-07-25,VJ902/VJ539,A661,A321,BKK-HAN-DAD,15:55,16:30,15:55,16:30,16:15,16:54,16:55,16:59,00:35,00:40,DELAY,DELAY,DELAY,DELAY,,93,00:15,66,00:10,,,16:15,16:52,,CREW OB 1632L,HAN,BKK,DAD,Domestic,VJ,,,,,,,,,,,,
,2026-07-25,VJ530/VJ509,A673,A321,DAD-HAN-DAD,16:15,16:50,16:15,16:50,16:50,17:12,17:13,17:18,00:35,00:23,DELAY,DELAY,DELAY,DELAY,,93,00:23,,,,,16:40,17:10,,,HAN,DAD,DAD,Domestic,VJ,,,,,,,,,,,,
,2026-07-25,VJ494/VJ465,A635,A321,BMV-HAN-VCA,14:35,17:00,14:35,17:00,15:55,16:57,16:59,17:10,02:25,01:04,EARLY,ONTIME,ONTIME,DELAY,,,,,,,,16:15,16:55,,,HAN,BMV,VCA,Domestic,VJ,,,,,,,,,,,,
,2026-07-25,VJ454/VJ457,A634,A321,PQC-HAN-PQC,16:45,17:15,16:45,18:30,17:48,18:27,18:28,18:32,01:45,00:40,EARLY,ONTIME,DELAY,DELAY,,,,,,,,17:55,18:25,,,HAN,PQC,PQC,Domestic,VJ,,,,,,,,,,,,
,2026-07-25,VJ190/VJ153,A672,A320,SGN-HAN-SGN,10:25,18:05,10:25,18:05,11:30,18:04,18:05,18:14,07:40,06:35,ONTIME,ONTIME,ONTIME,DELAY,,,,,,,,17:15,18:02,,,HAN,SGN,SGN,Domestic,VJ,,,,,,,,,,,,
,2026-07-25,VJ928/VJ517,A633,A321,CGK-HAN-DAD,18:15,18:15,18:15,20:00,19:22,19:59,20:00,20:03,01:45,00:38,ONTIME,ONTIME,DELAY,DELAY,,,,,,,,19:25,19:57,,,HAN,CGK,DAD,Domestic,VJ,,,,,,,,,,,,
,2026-07-25,VJ456/VJ781,A649,A321,PQC-HAN-CXR,17:45,18:20,17:45,18:20,18:00,18:19,18:20,18:25,00:35,00:20,ONTIME,ONTIME,ONTIME,ONTIME,,,,,,,,17:54,18:17,,,HAN,PQC,CXR,Domestic,VJ,,,,,,,,,,,,
,2026-07-25,VJ528/VJ495,A643,A321,DAD-HAN-BMV,18:00,18:35,18:00,18:35,18:25,18:49,18:50,18:50,00:35,00:25,DELAY,ONTIME,ONTIME,DELAY,,93,00:15,,,,,18:25,18:47,,,HAN,DAD,BMV,Domestic,VJ,,,,,,,,,,,,
,2026-07-25,VJ512/VJ521,A542,A321,DAD-HAN-DAD,18:15,18:45,18:15,18:45,18:45,19:14,19:15,19:25,00:30,00:30,DELAY,DELAY,DELAY,DELAY,,93,00:30,,,,,18:40,19:12,,,HAN,DAD,DAD,Domestic,VJ,,,,,,,,,,,,
,2026-07-25,VJ928/VJ141,A633,A321,CGK-HAN-SGN,18:15,18:55,18:15,18:55,18:15,18:54,18:55,19:05,00:40,00:40,ONTIME,ONTIME,ONTIME,ONTIME,,,,,,,,18:15,18:52,,,HAN,CGK,SGN,Domestic,VJ,,,,,,,,,,,,
,2026-07-25,VJ424/VJ561,A647,A321,PXU-HAN-HUI,18:45,19:15,18:45,20:55,20:40,21:09,21:10,21:17,02:10,00:30,DELAY,ONTIME,DELAY,DELAY,,93,00:15,,,,,20:40,21:07,,,HAN,PXU,HUI,Domestic,VJ,,,,,,,,,,,,
,2026-07-25,VJ146/VJ789,A575,A321,SGN-HAN-CXR,18:55,18:45,18:55,20:50,20:30,20:59,21:00,21:15,01:55,00:30,DELAY,ONTIME,DELAY,DELAY,,93,00:10,,,,,20:30,20:58,,,HAN,SGN,CXR,Domestic,VJ,,,,,,,,,,,,
,2026-07-25,VJ442/VJ155,A687,A321,PQC-HAN-SGN,19:05,19:30,19:05,19:30,19:15,19:44,19:45,19:55,00:25,00:30,DELAY,ONTIME,DELAY,ONTIME,,93,00:15,,,,,19:17,19:42,,,HAN,PQC,SGN,Domestic,VJ,,,,,,,,,,,,
,2026-07-25,VJ434/VJ1127,A699,A320,UIH-HAN-SGN,17:10,19:35,18:50,19:35,18:55,19:27,19:29,19:35,00:45,00:34,EARLY,ONTIME,ONTIME,DELAY,,,,,,,,18:55,19:25,,,HAN,UIH,SGN,Domestic,VJ,,,,,,,,,,,,
,2026-07-25,VJ144/VJ519,A636,A321,SGN-HAN-DAD,19:05,19:40,19:05,20:40,20:55,21:24,21:25,21:35,01:35,00:30,DELAY,DELAY,DELAY,DELAY,,93,00:45,,,,,20:55,21:22,,,HAN,SGN,DAD,Domestic,VJ,,,,,,,,,,,,
,2026-07-25,VJ774/VJ971,A200,A321,CXR-HAN-DEL,17:45,19:40,17:45,19:40,18:55,19:39,19:40,19:49,01:55,00:45,ONTIME,ONTIME,ONTIME,DELAY,,,,,,,,18:45,19:37,,,HAN,CXR,DEL,International,VJ,,,,,,,,,,,,
,2026-07-25,VJ420/VJ523,A202,A321,TBB-HAN-DAD,19:15,19:45,19:15,20:00,19:45,20:13,20:14,20:15,00:45,00:29,DELAY,ONTIME,DELAY,DELAY,,93,00:15,,,,,19:45,20:12,,,HAN,TBB,DAD,Domestic,VJ,,,,,,,,,,,,
,2026-07-25,VJ7639/VJ7712,A663,A320,TXN-HAN-PKX,18:55,19:55,18:55,19:55,19:00,19:47,19:48,20:00,01:00,00:48,EARLY,ONTIME,ONTIME,ONTIME,,,,,,,,19:00,19:45,,,HAN,TXN,PKX,International,VJ,,,,,,,,,,,,
,2026-07-25,VJ438/VJ1785,A650,A320,UIH-HAN-CXR,19:25,20:00,20:20,21:00,20:20,20:54,20:55,21:00,00:40,00:35,EARLY,ONTIME,DELAY,DELAY,,,,,,,,20:15,20:52,,,HAN,UIH,CXR,Domestic,VJ,,,,,,,,,,,,
,2026-07-25,VJ7317/VJ157,A669,A320,ENH-HAN-SGN,19:25,20:25,19:25,22:20,21:35,22:19,22:20,22:25,02:55,00:45,ONTIME,ONTIME,DELAY,DELAY,,,,,,,,21:30,22:17,,,HAN,ENH,SGN,Domestic,VJ,,,,,,,,,,,,
,2026-07-25,VJ540/VJ783,A661,A321,DAD-HAN-CXR,19:40,20:25,19:40,20:25,20:25,20:53,20:54,20:55,00:45,00:29,DELAY,DELAY,DELAY,DELAY,,93,00:29,,,,,20:25,20:51,,,HAN,DAD,CXR,Domestic,VJ,,,,,,,,,,,,
,2026-07-25,VJ468/VJ161,A668,A320,VCA-HAN-SGN,19:50,20:55,19:50,20:55,20:35,20:59,21:00,21:10,01:05,00:25,DELAY,ONTIME,ONTIME,DELAY,,93,00:05,,,,,20:25,20:56,,,HAN,VCA,SGN,Domestic,VJ,,,,,,,,,,,,
,2026-07-25,VJ931/VJ159,A201,A321,KIX-HAN-SGN,18:30,21:05,18:30,21:05,20:05,21:04,21:05,21:15,02:35,01:00,ONTIME,ONTIME,ONTIME,DELAY,,,,,,,,20:30,21:02,,,HAN,KIX,SGN,Domestic,VJ,,,,,,,,,,,,
,2026-07-25,VJ904/VJ7238,A671,A320,BKK-HAN-PVG,20:25,21:15,20:25,22:00,21:20,21:59,22:00,22:08,01:35,00:40,ONTIME,ONTIME,DELAY,DELAY,,,,,,,,21:35,21:57,,,HAN,BKK,PVG,International,VJ,,,,,,,,,,,,
,2026-07-25,VJ152/VJ163,A676,A320,SGN-HAN-SGN,20:20,21:25,20:20,21:25,21:00,21:24,21:25,21:34,01:05,00:25,ONTIME,ONTIME,ONTIME,DELAY,,,,,,,,21:06,21:22,,,HAN,SGN,SGN,Domestic,VJ,,,,,,,,,,,,
,2026-07-25,VJ466/VJ7526,A634,A321,VCA-HAN-CAN,21:50,22:30,21:25,23:10,22:25,23:09,23:10,23:15,01:45,00:45,ONTIME,ONTIME,DELAY,DELAY,,,,,,,,22:32,23:06,,,HAN,VCA,CAN,International,VJ,,,,,,,,,,,,
,2026-07-25,VJ947/VJ962,A698,A321,KHH-HAN-ICN,20:35,23:15,20:35,23:15,21:30,23:11,23:12,23:15,02:40,01:42,EARLY,ONTIME,ONTIME,DELAY,,,,,,,,22:30,23:09,,,HAN,KHH,ICN,International,VJ,,,,,,,,,,,,
,2026-07-25,VJ522/VJ167,A670,A321,DAD-HAN-SGN,22:55,23:30,00:00,00:50,23:55,00:36,00:37,00:46,00:50,00:42,EARLY,ONTIME,DELAY,DELAY,,,,,,,,23:50,00:34,,,HAN,DAD,SGN,Domestic,VJ,,,,,,,,,,,,
,2026-07-25,VJ518/VJ529,A542,A321,DAD-HAN-DAD,22:35,23:35,22:35,23:35,22:45,23:29,23:30,23:32,01:00,00:45,EARLY,ONTIME,ONTIME,ONTIME,,,,,,,,22:55,23:27,,,HAN,DAD,DAD,Domestic,VJ,,,,,,,,,,,,
,2026-07-25,AI2390/AI2391,VT-TNW,A320,DEL-HAN-DEL,07:20,08:20,07:20,08:20,07:35,08:25,08:27,09:29,01:00,00:52,DELAY,ONTIME,DELAY,ONTIME,,93,00:07,,,,,,,,,HAN,DEL,DEL,International,AI,,,,,,,,,,,,
,2026-07-26,VJ7660/VJ7660,A553,A321,DAD-HAN-KHV,23:50,00:25,23:50,00:25,00:15,00:44,00:45,00:50,00:35,00:30,DELAY,DELAY,DELAY,ONTIME,,93,00:20,,,,,,,X,,HAN,DAD,KHV,International,VJ,,,,,,,,,,,,
,2026-07-26,____/VJ932,A500,A321,HAN-NRT,,00:30,,00:30,,00:29,00:30,00:40,,,ONTIME,ONTIME,ONTIME,,,,,,,,,23:40,00:25,,,HAN,HAN,NRT,International,VJ,,,,,,,,,,,,
,2026-07-26,____/VJ982,A647,A321,HAN-PUS,,01:05,,01:05,,01:04,01:05,01:15,,,ONTIME,ONTIME,ONTIME,,,,,,,,,00:20,01:02,,,HAN,HAN,PUS,International,VJ,,,,,,,,,,,,
,2026-07-26,____/VJ938,A202,A321,HAN-KIX,,01:20,,01:20,,01:19,01:20,01:30,,,ONTIME,ONTIME,ONTIME,,,,,,,,,00:35,01:17,,,HAN,HAN,KIX,International,VJ,,,,,,,,,,,,
,2026-07-26,____/VJ920,A529,A321,HAN-NGO,,01:40,,01:40,,01:39,01:40,01:45,,,ONTIME,ONTIME,ONTIME,,,,,,,,,00:50,01:37,,,HAN,HAN,NGO,International,VJ,,,,,,,,,,,,
,2026-07-26,____/VJ960,A203,A321,HAN-ICN,,02:15,,02:15,,02:12,02:13,02:16,,,EARLY,ONTIME,ONTIME,,,,,,,,,01:30,02:10,,,HAN,HAN,ICN,International,VJ,,,,,,,,,,,,
,2026-07-26,____/VJ1980,A658,A320,HAN-FSZ,,02:40,,02:40,,02:38,02:39,02:40,,,EARLY,ONTIME,ONTIME,,,,,,,,,02:00,02:35,,,HAN,HAN,FSZ,International,VJ,,,,,,,,,,,,
,2026-07-26,VJ7704/VJ7704,A575,A321,CXR-HAN-VVO,00:10,02:45,00:10,02:45,02:35,03:04,03:05,03:20,02:35,00:30,DELAY,DELAY,DELAY,DELAY,,93,00:20,,,,,,,,,HAN,CXR,VVO,International,VJ,,,,,,,,,,,,
,2026-07-26,____/VJ123,A820,A321,HAN-SGN,,05:30,,05:30,,05:39,05:40,05:45,,,DELAY,ONTIME,ONTIME,,,49,00:10,,,,,04:38,05:22,,MCC SIGN TECHLOG,HAN,HAN,SGN,Domestic,VJ,,,,,,,,,,,,
,2026-07-26,____/VJ445,A632,A321,HAN-PQC,,05:30,,05:30,,05:24,05:25,05:35,,,EARLY,ONTIME,ONTIME,,,,,,,,,04:40,05:20,,,HAN,HAN,PQC,Domestic,VJ,,,,,,,,,,,,
,2026-07-26,____/VJ501,A643,A321,HAN-DAD,,05:40,,05:40,,05:34,05:35,05:40,,,EARLY,ONTIME,ONTIME,,,,,,,,,04:55,05:30,,,HAN,HAN,DAD,Domestic,VJ,,,,,,,,,,,,
,2026-07-26,____/VJ771,A689,A320,HAN-CXR,,05:45,,05:45,,05:39,05:40,05:54,,,EARLY,ONTIME,ONTIME,,,,,,,,,04:50,05:37,,,HAN,HAN,CXR,Domestic,VJ,,,,,,,,,,,,
,2026-07-26,____/VJ1775,A699,A320,HAN-CXR,,05:45,,05:45,,05:38,05:39,05:43,,,EARLY,ONTIME,ONTIME,,,,,,,,,04:47,05:37,,,HAN,HAN,CXR,Domestic,VJ,,,,,,,,,,,,
,2026-07-26,____/VJ121,A650,A320,HAN-SGN,,06:00,,06:00,,05:54,05:55,06:03,,,EARLY,ONTIME,ONTIME,,,,,,,,,05:15,05:50,,,HAN,HAN,SGN,Domestic,VJ,,,,,,,,,,,,
,2026-07-26,____/VJ491,A635,A321,HAN-BMV,,06:00,,06:00,,05:54,05:55,05:59,,,EARLY,ONTIME,ONTIME,,,,,,,,,05:10,05:52,,,HAN,HAN,BMV,Domestic,VJ,,,,,,,,,,,,
,2026-07-26,____/VJ431,A662,A320,HAN-UIH,,06:05,,06:05,,05:59,06:00,06:08,,,EARLY,ONTIME,ONTIME,,,,,,,,,05:15,05:55,,,HAN,HAN,UIH,Domestic,VJ,,,,,,,,,,,,
,2026-07-26,VJ7713/VJ952,A663,A320,PKX-HAN-HIJ,03:55,06:15,03:55,06:15,04:20,06:09,06:10,06:17,02:20,01:50,EARLY,ONTIME,ONTIME,DELAY,,,,,,,,05:20,06:08,,,HAN,PKX,HIJ,International,VJ,,,,,,,,,,,,
,2026-07-26,____/VJ531,A634,A321,HAN-DAD,,06:30,,06:30,,06:24,06:25,06:30,,,EARLY,ONTIME,ONTIME,,,,,,,,,05:55,06:22,,,HAN,HAN,DAD,Domestic,VJ,,,,,,,,,,,,
,2026-07-26,____/VJ461,A669,A320,HAN-VCA,,06:45,,06:45,,06:39,06:40,06:48,,,EARLY,ONTIME,ONTIME,,,,,,,,,06:00,06:37,,,HAN,HAN,VCA,Domestic,VJ,,,,,,,,,,,,
,2026-07-26,____/VJ125,A672,A320,HAN-SGN,,07:00,,07:00,,06:49,06:50,06:55,,,EARLY,ONTIME,ONTIME,,,,,,,,,06:15,06:47,,,HAN,HAN,SGN,Domestic,VJ,,,,,,,,,,,,
,2026-07-26,____/VJ1771,A537,A321,HAN-CXR,,07:00,,07:00,,06:54,06:55,07:05,,,EARLY,ONTIME,ONTIME,,,,,,,,,06:15,06:52,,,HAN,HAN,CXR,Domestic,VJ,,,,,,,,,,,,
,2026-07-26,VJ7239/VJ421,A671,A320,PVG-HAN-PXU,05:20,07:10,05:20,07:10,05:10,07:04,07:05,07:15,01:50,01:55,EARLY,ONTIME,ONTIME,ONTIME,,,,,,,,06:25,07:02,,,HAN,PVG,PXU,Domestic,VJ,,,,,,,,,,,,
,2026-07-26,____/VJ905,A661,A321,HAN-KUL,,07:25,,07:25,,07:24,07:25,07:33,,,ONTIME,ONTIME,ONTIME,,,,,,,,,06:55,07:23,,,HAN,HAN,KUL,International,VJ,,,,,,,,,,,,
,2026-07-26,____/VJ535,A649,A321,HAN-DAD,,07:25,,07:25,,07:11,07:12,07:20,,,EARLY,ONTIME,ONTIME,,,,,,,,,06:35,07:10,,,HAN,HAN,DAD,Domestic,VJ,,,,,,,,,,,,
,2026-07-26,____/VJ503,A645,A321,HAN-DAD,,07:30,,07:30,,07:24,07:25,07:29,,,EARLY,ONTIME,ONTIME,,,,,,,,,06:55,07:22,,,HAN,HAN,DAD,Domestic,VJ,,,,,,,,,,,,
,2026-07-26,____/VJ930,A554,A321,HAN-KIX,,07:55,,07:55,,07:54,07:55,07:56,,,ONTIME,ONTIME,ONTIME,,,,,,,,,07:05,07:48,,,HAN,HAN,KIX,International,VJ,,,,,,,,,,,,
,2026-07-26,VJ972/VJ934,A200,A321,DEL-HAN-NRT,05:40,07:55,05:40,07:55,06:15,07:54,07:55,08:05,02:15,01:40,ONTIME,ONTIME,ONTIME,DELAY,,,,,,,,07:15,07:53,,,HAN,DEL,NRT,International,VJ,,,,,,,,,,,,
,2026-07-26,____/VJ447,A522,A321,HAN-PQC,,08:45,,08:45,,08:43,08:45,08:48,,,ONTIME,ONTIME,ONTIME,,,,,,,,,08:00,08:40,,LATE TAKEOFF DUE TO ATC,HAN,HAN,PQC,Domestic,VJ,,,,,,,,,,,,
,2026-07-26,VJ7621/VJ7621,A516,A321,HAN-CXR,08:20,09:00,08:20,09:00,07:55,08:34,08:35,08:44,00:40,00:40,EARLY,ONTIME,ONTIME,ONTIME,,,,,,,,,,X,,HAN,HAN,CXR,Domestic,VJ,,,,,,,,,,,,
,2026-07-26,VJ124/VJ929,A684,A321,SGN-HAN-CGK,08:15,09:15,08:15,09:15,08:25,09:14,09:15,09:22,01:00,00:50,ONTIME,ONTIME,ONTIME,ONTIME,,,,,,,,08:38,09:10,,,HAN,SGN,CGK,International,VJ,,,,,,,,,,,,
,2026-07-26,____/VJ129,A526,A321,HAN-SGN,,09:15,,09:15,,09:09,09:10,09:18,,,EARLY,ONTIME,ONTIME,,,,,,,,,08:35,09:12,,,HAN,HAN,SGN,Domestic,VJ,,,,,,,,,,,,
,2026-07-26,VJ514/VJ563,A643,A321,DAD-HAN-HUI,08:50,09:20,08:50,09:20,08:50,09:19,09:20,09:24,00:30,00:30,ONTIME,ONTIME,ONTIME,ONTIME,,,,,,,,08:50,09:17,,,HAN,DAD,HUI,Domestic,VJ,,,,,,,,,,,,
,2026-07-26,VJ122/VJ435,A539,A321,SGN-HAN-UIH,09:05,09:40,09:05,09:40,09:10,09:39,09:40,09:55,00:35,00:30,ONTIME,ONTIME,ONTIME,ONTIME,,,,,,,,09:12,09:37,,,HAN,SGN,UIH,Domestic,VJ,,,,,,,,,,,,
,2026-07-26,VJ963/VJ915,A698,A321,ICN-HAN-SIN,08:55,09:55,08:55,09:55,08:45,09:54,09:55,10:02,01:00,01:10,ONTIME,ONTIME,ONTIME,ONTIME,,,,,,,,09:10,09:50,,,HAN,ICN,SIN,International,VJ,,,,,,,,,,,,
,2026-07-26,____/VJ1773,A633,A321,HAN-CXR,,10:00,,10:00,,09:59,10:00,10:05,,,ONTIME,ONTIME,ONTIME,,,,,,,,,09:10,09:57,,,HAN,HAN,CXR,Domestic,VJ,,,,,,,,,,,,
,2026-07-26,VJ502/VJ131,A811,A330,DAD-HAN-SGN,08:45,10:10,08:45,10:10,09:00,10:29,10:30,10:40,01:25,01:30,DELAY,DELAY,DELAY,ONTIME,,,,41,00:20,,,09:50,10:22,,CHANGE TIRES,HAN,DAD,SGN,Domestic,VJ,,,,,,,,,,,,
,2026-07-26,VJ1124/VJ1433,A668,A320,SGN-HAN-UIH,09:40,10:10,09:40,10:10,10:00,10:24,10:25,10:35,00:30,00:25,DELAY,ONTIME,DELAY,DELAY,,93,00:15,,,,,09:40,10:22,,,HAN,SGN,UIH,Domestic,VJ,,,,,,,,,,,,
,2026-07-26,VJ430/VJ463,A662,A320,UIH-HAN-VCA,09:50,10:20,09:50,10:20,09:55,10:19,10:20,10:24,00:30,00:25,ONTIME,ONTIME,ONTIME,ONTIME,,,,,,,,09:47,10:17,,,HAN,UIH,VCA,Domestic,VJ,,,,,,,,,,,,
,2026-07-26,VJ532/VJ425,A634,A321,DAD-HAN-PXU,09:45,10:20,09:45,10:20,10:05,10:26,10:27,10:35,00:35,00:22,DELAY,ONTIME,ONTIME,DELAY,,93,00:07,,,,,10:00,10:24,,,HAN,DAD,PXU,Domestic,VJ,,,,,,,,,,,,
,2026-07-26,____/VJ997,A580,A321,HAN-DPS,,10:25,,10:25,,10:34,10:35,10:40,,,DELAY,ONTIME,ONTIME,,,99,00:10,,,,,09:42,10:32,,LATE ACC 13PAX WITH 14BAG / LATE TAKEOFF DUE TO ATC,HAN,HAN,DPS,International,VJ,,,,,,,,,,,,
,2026-07-26,VJ770/VJ437,A689,A320,CXR-HAN-UIH,09:55,10:25,09:55,10:25,10:25,10:44,10:45,10:50,00:30,00:20,DELAY,DELAY,DELAY,DELAY,,93,00:20,,,,,10:25,10:42,,,HAN,CXR,UIH,Domestic,VJ,,,,,,,,,,,,
,2026-07-26,VJ492/VJ493,A635,A321,BMV-HAN-BMV,10:00,10:30,10:00,10:30,09:55,10:24,10:25,10:30,00:30,00:30,EARLY,ONTIME,ONTIME,ONTIME,,,,,,,,09:50,10:22,,,HAN,BMV,BMV,Domestic,VJ,,,,,,,,,,,,
,2026-07-26,VJ1776/VJ565,A699,A320,CXR-HAN-HUI,09:55,10:30,09:55,10:30,10:05,10:37,10:38,10:40,00:35,00:33,DELAY,ONTIME,ONTIME,ONTIME,,99,00:08,,,,,10:05,10:36,,WAIT CIPA,HAN,CXR,HUI,Domestic,VJ,,,,,,,,,,,,
,2026-07-26,VJ536/VJ537,A649,A321,DAD-HAN-DAD,10:35,11:05,10:35,11:05,10:50,11:19,11:20,11:30,00:30,00:30,DELAY,ONTIME,DELAY,ONTIME,,93,00:15,,,,,10:50,11:15,,,HAN,DAD,DAD,Domestic,VJ,,,,,,,,,,,,
,2026-07-26,VJ448/VJ901,A632,A321,PQC-HAN-BKK,10:15,11:10,10:15,11:10,10:50,11:28,11:30,11:35,00:55,00:40,DELAY,DELAY,DELAY,DELAY,,93,00:10,66,00:10,,,11:05,11:25,,CREW OB 1105L,HAN,PQC,BKK,International,VJ,,,,,,,,,,,,
,2026-07-26,VJ524/VJ507,A645,A321,DAD-HAN-DAD,10:40,11:10,10:40,11:10,10:50,11:16,11:17,11:24,00:30,00:27,DELAY,ONTIME,ONTIME,ONTIME,,93,00:07,,,,,10:40,11:14,,,HAN,DAD,DAD,Domestic,VJ,,,,,,,,,,,,
,2026-07-26,VJ130/VJ133,A642,A321,SGN-HAN-SGN,10:50,11:20,10:50,14:05,13:25,14:04,14:05,14:10,03:15,00:40,ONTIME,ONTIME,DELAY,DELAY,,,,,,,,13:25,14:02,,,HAN,SGN,SGN,Domestic,VJ,,,,,,,,,,,,
,2026-07-26,VJ422/VJ451,A671,A320,PXU-HAN-PQC,10:50,11:45,10:50,11:45,11:15,11:39,11:40,11:44,00:55,00:25,EARLY,ONTIME,ONTIME,DELAY,,,,,,,,11:15,11:35,,,HAN,PXU,PQC,Domestic,VJ,,,,,,,,,,,,
,2026-07-26,VJ1772/VJ1453,A537,A321,CXR-HAN-PQC,11:15,11:50,11:15,11:50,11:40,12:02,12:03,12:05,00:35,00:23,DELAY,ONTIME,ONTIME,DELAY,,93,00:13,,,,,11:30,11:58,,,HAN,CXR,PQC,Domestic,VJ,,,,,,,,,,,,
,2026-07-26,VJ462/VJ515,A669,A320,VCA-HAN-DAD,11:40,12:10,11:40,12:10,11:45,12:13,12:14,12:22,00:30,00:29,DELAY,ONTIME,ONTIME,ONTIME,,34,00:04,,,,,11:35,12:11,,LACK OF COBUS,HAN,VCA,DAD,Domestic,VJ,,,,,,,,,,,,
,2026-07-26,VJ128/VJ137,A672,A320,SGN-HAN-SGN,11:50,12:20,11:50,12:20,12:25,12:54,12:55,13:05,00:30,00:30,DELAY,DELAY,DELAY,DELAY,,93,00:30,95,00:05,,,12:30,12:50,,CREW VJ122 OB 1230L,HAN,SGN,SGN,Domestic,VJ,,,,,,,,,,,,
,2026-07-26,VJ506/VJ505,A697,A321,DAD-HAN-DAD,12:15,12:50,12:15,12:50,12:35,12:59,13:00,13:05,00:35,00:25,DELAY,ONTIME,ONTIME,DELAY,,93,00:10,,,,,12:25,12:57,,,HAN,DAD,DAD,Domestic,VJ,,,,,,,,,,,,
,2026-07-26,VJ564/VJ509,A643,A321,HUI-HAN-DAD,12:20,13:05,12:20,13:05,12:35,13:09,13:10,13:15,00:45,00:35,DELAY,ONTIME,ONTIME,ONTIME,,66,00:05,,,,,12:40,13:06,,CREW OB 1248L /LATE TAKEOFF DUE TO ATC,HAN,HUI,DAD,Domestic,VJ,,,,,,,,,,,,
,2026-07-26,VJ939/VJ453,A202,A321,KIX-HAN-PQC,12:20,13:20,12:20,13:20,12:15,13:09,13:10,13:27,01:00,00:55,EARLY,ONTIME,ONTIME,ONTIME,,,,,,,,12:35,13:05,,,HAN,KIX,PQC,Domestic,VJ,,,,,,,,,,,,
,2026-07-26,VJ981/VJ948,A647,A321,PUS-HAN-RMQ,10:40,13:30,10:40,13:30,10:30,13:29,13:30,13:37,02:50,03:00,ONTIME,ONTIME,ONTIME,ONTIME,,,,,,,,12:40,13:25,,LATE TAKEOFF DUE TO ATC,HAN,PUS,RMQ,International,VJ,,,,,,,,,,,,
,2026-07-26,VJ566/VJ441,A699,A320,HUI-HAN-PQC,13:30,14:00,13:30,14:15,13:35,14:11,14:12,14:14,00:45,00:37,EARLY,ONTIME,ONTIME,ONTIME,,,,,,,,13:35,14:08,,,HAN,HUI,PQC,Domestic,VJ,,,,,,,,,,,,
,2026-07-26,VJ134/VJ525,A641,A321,SGN-HAN-DAD,13:30,14:05,13:30,15:05,14:45,15:14,15:15,15:25,01:35,00:30,DELAY,ONTIME,DELAY,DELAY,,93,00:10,,,,,14:45,15:10,,,HAN,SGN,DAD,Domestic,VJ,,,,,,,,,,,,
,2026-07-26,VJ921/VJ433,A529,A321,NGO-HAN-UIH,12:50,14:10,12:50,14:10,12:40,14:26,14:27,14:40,01:20,01:47,DELAY,DELAY,DELAY,ONTIME,,95,00:17,,,,,14:00,14:25,,WAIT CREW VJ432 OB 1412,HAN,NGO,UIH,Domestic,VJ,,,,,,,,,,,,
,2026-07-26,VJ440/VJ143,A522,A321,PQC-HAN-SGN,13:30,14:15,13:30,14:15,14:05,14:34,14:35,14:45,00:45,00:30,DELAY,DELAY,DELAY,DELAY,,93,00:20,,,,,14:05,14:40,,,HAN,PQC,SGN,Domestic,VJ,,,,,,,,,,,,
,2026-07-26,VJ7661/VJ7661,A553,A321,KHV-HAN-DAD,13:45,14:15,13:45,14:15,13:42,14:11,14:12,14:22,00:30,00:30,EARLY,ONTIME,ONTIME,ONTIME,,,,,,,,,,X,,HAN,KHV,DAD,Domestic,VJ,,,,,,,,,,,,
,2026-07-26,VJ933/VJ942,A500,A321,NRT-HAN-TPE,13:05,14:25,13:05,14:25,13:05,14:24,14:25,14:40,01:20,01:20,ONTIME,ONTIME,ONTIME,ONTIME,,,,,,,,13:45,14:20,,,HAN,NRT,TPE,International,VJ,,,,,,,,,,,,
,2026-07-26,VJ961/VJ946,A203,A321,ICN-HAN-KHH,13:35,14:35,13:35,14:35,13:30,14:29,14:30,14:39,01:00,01:00,EARLY,ONTIME,ONTIME,ONTIME,,,,,,,,13:45,14:25,,LATE TAKEOFF DUE TO ATC,HAN,ICN,KHH,International,VJ,,,,,,,,,,,,
,2026-07-26,VJ1504/VJ1505,A683,A321,DAD-HAN-DAD,14:00,14:35,14:00,14:35,14:30,15:09,15:10,15:12,00:35,00:40,DELAY,DELAY,DELAY,DELAY,,93,00:25,49,00:10,,,14:30,15:00,,MCC SIGN TECHLOG,HAN,DAD,DAD,Domestic,VJ,,,,,,,,,,,,
,2026-07-26,VJ1434/VJ145,A668,A320,UIH-HAN-SGN,14:00,14:40,14:00,14:40,14:45,15:14,15:15,15:24,00:40,00:30,DELAY,DELAY,DELAY,DELAY,,93,00:30,41,00:05,,,14:30,15:08,,,HAN,UIH,SGN,Domestic,VJ,,,,,,,,,,,,
,2026-07-26,VJ136/VJ467,A650,A320,SGN-HAN-VCA,14:10,14:45,14:10,15:05,14:55,15:23,15:25,15:40,00:55,00:30,DELAY,DELAY,DELAY,DELAY,,93,00:10,66,00:10,,,15:07,15:22,,CREW OB 1507L,HAN,SGN,VCA,Domestic,VJ,,,,,,,,,,,,
,2026-07-26,VJ494/VJ787,A635,A321,BMV-HAN-CXR,14:30,15:05,14:30,15:05,14:25,15:04,15:05,15:15,00:35,00:40,ONTIME,ONTIME,ONTIME,ONTIME,,,,,,,,14:25,15:00,,,HAN,BMV,CXR,Domestic,VJ,,,,,,,,,,,,
,2026-07-26,VJ432/VJ511,A539,A321,UIH-HAN-DAD,13:35,15:05,13:35,15:05,13:55,15:04,15:05,15:15,01:30,01:10,ONTIME,ONTIME,ONTIME,DELAY,,,,,,,,14:20,15:02,,,HAN,UIH,DAD,Domestic,VJ,,,,,,,,,,,,
,2026-07-26,VJ426/VJ423,A634,A321,PXU-HAN-PXU,14:05,15:05,14:05,15:05,14:20,15:04,15:05,15:11,01:00,00:45,ONTIME,ONTIME,ONTIME,ONTIME,,,,,,,,14:25,15:03,,,HAN,PXU,PXU,Domestic,VJ,,,,,,,,,,,,
,2026-07-26,VJ538/VJ1451,A649,A321,DAD-HAN-PQC,14:15,15:05,14:15,15:40,15:15,15:49,15:50,16:05,01:25,00:35,DELAY,ONTIME,DELAY,DELAY,,93,00:05,66,00:05,,,15:20,15:45,,CREW OB 1525L,HAN,DAD,PQC,Domestic,VJ,,,,,,,,,,,,
,2026-07-26,VJ1774/VJ419,A552,A321,CXR-HAN-TBB,14:40,15:10,14:40,15:35,15:10,15:38,15:39,15:40,00:55,00:29,DELAY,ONTIME,DELAY,DELAY,,93,00:04,,,,,15:10,15:35,,,HAN,CXR,TBB,Domestic,VJ,,,,,,,,,,,,
,2026-07-26,VJ510/VJ1125,A645,A321,DAD-HAN-SGN,14:35,15:10,14:35,15:35,15:20,15:49,15:50,16:10,01:00,00:30,DELAY,ONTIME,DELAY,DELAY,,93,00:15,,,,,15:20,15:45,,,HAN,DAD,SGN,Domestic,VJ,,,,,,,,,,,,
,2026-07-26,VJ7705/VJ7705,A575,A321,VVO-HAN-CXR,12:45,13:15,12:45,15:45,15:55,16:24,16:25,16:55,03:00,00:30,DELAY,DELAY,DELAY,DELAY,,93,00:40,,,,,,,X,,HAN,VVO,CXR,Domestic,VJ,,,,,,,,,,,,
,2026-07-26,VJ906/VJ439,A661,A321,KUL-HAN-UIH,14:40,15:40,14:40,15:40,15:10,16:44,16:45,17:05,01:00,01:35,DELAY,DELAY,DELAY,DELAY,,99,01:05,,,,,16:20,16:41,,HANDLING PAX LOST ITEM ON VJ906,HAN,KUL,UIH,Domestic,VJ,,,,,,,,,,,,
,2026-07-26,VJ138/VJ147,A676,A320,SGN-HAN-SGN,15:15,15:45,15:15,15:45,15:35,15:59,16:00,16:22,00:30,00:25,DELAY,ONTIME,DELAY,DELAY,,93,00:15,,,,,15:35,15:50,,,HAN,SGN,SGN,Domestic,VJ,,,,,,,,,,,,
,2026-07-26,VJ436/VJ903,A689,A320,UIH-HAN-BKK,14:10,15:45,14:10,15:45,14:55,15:39,15:40,15:55,01:35,00:45,EARLY,ONTIME,ONTIME,DELAY,,,,,,,,15:20,15:35,,LATE TAKEOFF DUE TO ATC,HAN,UIH,BKK,International,VJ,,,,,,,,,,,,
,2026-07-26,VJ464/VJ567,A662,A320,VCA-HAN-HUI,15:10,15:55,15:10,15:55,15:30,15:59,16:00,16:05,00:45,00:30,DELAY,ONTIME,ONTIME,DELAY,,66,00:05,,,,,15:20,15:57,,CREW OB 1536L,HAN,VCA,HUI,Domestic,VJ,,,,,,,,,,,,
,2026-07-26,VJ508/VJ773,A669,A320,DAD-HAN-CXR,15:25,16:00,15:25,16:00,16:07,16:41,16:42,17:00,00:35,00:35,DELAY,DELAY,DELAY,DELAY,,93,00:32,66,00:10,,,16:07,16:38,,CREW OB 1617L,HAN,DAD,CXR,Domestic,VJ,,,,,,,,,,,,
,2026-07-26,VJ1981/VJ913,A658,A320,FSZ-HAN-SAI,14:00,16:20,14:00,16:20,14:00,16:19,16:20,16:50,02:20,02:20,ONTIME,ONTIME,DELAY,ONTIME,,,,,,,,15:30,16:15,,LATE PUSH BACK & TAKEOFF DUE TO ATC,HAN,FSZ,SAI,International,VJ,,,,,,,,,,,,
,2026-07-26,VJ528/VJ539,A641,A321,DAD-HAN-DAD,17:25,16:20,17:25,19:40,19:00,19:39,19:40,19:55,02:15,00:40,ONTIME,ONTIME,DELAY,DELAY,,,,,,,,19:00,19:38,,,HAN,DAD,DAD,Domestic,VJ,,,,,,,,,,,,
,2026-07-26,VJ902/VJ465,A632,A321,BKK-HAN-VCA,15:50,17:00,15:50,17:00,16:45,17:14,17:15,17:25,01:10,00:30,DELAY,ONTIME,DELAY,DELAY,,93,00:15,,,,,16:50,17:10,,,HAN,BKK,VCA,Domestic,VJ,,,,,,,,,,,,
,2026-07-26,VJ953/VJ457,A663,A320,HIJ-HAN-PQC,16:10,17:10,16:10,17:10,16:25,17:09,17:10,17:20,01:00,00:45,ONTIME,ONTIME,ONTIME,ONTIME,,,,,,,,16:30,17:07,,,HAN,HIJ,PQC,Domestic,VJ,,,,,,,,,,,,
,2026-07-26,VJ530/VJ495,A643,A321,DAD-HAN-BMV,16:15,17:30,16:15,17:30,16:50,17:29,17:30,17:34,01:15,00:40,ONTIME,ONTIME,ONTIME,DELAY,,,,,,,,16:40,17:25,,LATE TAKEOFF DUE TO ATC,HAN,DAD,BMV,Domestic,VJ,,,,,,,,,,,,
,2026-07-26,VJ140/VJ151,A687,A321,SGN-HAN-SGN,17:00,17:30,17:00,17:30,17:10,17:58,17:59,18:00,00:30,00:49,DELAY,DELAY,DELAY,ONTIME,,93,00:10,72,00:19,,,17:10,17:35,,,HAN,SGN,SGN,Domestic,VJ,,,,,,,,,,,,
,2026-07-26,VJ454/VJ1431,A671,A320,PQC-HAN-UIH,16:45,17:40,16:45,17:40,16:45,17:39,17:40,17:54,00:55,00:55,ONTIME,ONTIME,ONTIME,ONTIME,,,,,,,,17:00,17:37,,,HAN,PQC,UIH,Domestic,VJ,,,,,,,,,,,,
,2026-07-26,VJ1454/VJ517,A537,A321,PQC-HAN-DAD,16:50,17:45,16:50,17:45,17:35,18:09,18:10,18:15,00:55,00:35,DELAY,DELAY,DELAY,DELAY,,93,00:20,66,00:05,,,17:35,18:05,,CREW OB 1741L / LATE TAKEOFF DUE TO ATC,HAN,PQC,DAD,Domestic,VJ,,,,,,,,,,,,
,2026-07-26,VJ512/VJ781,A539,A321,DAD-HAN-CXR,18:15,18:40,18:15,19:35,19:05,19:33,19:34,19:53,01:20,00:29,EARLY,ONTIME,DELAY,DELAY,,,,,,,,18:55,19:31,,,HAN,DAD,CXR,Domestic,VJ,,,,,,,,,,,,
,2026-07-26,VJ456/VJ521,A202,A321,PQC-HAN-DAD,18:05,18:45,18:05,18:45,18:50,19:19,19:20,19:32,00:40,00:30,DELAY,DELAY,DELAY,DELAY,,93,00:35,,,,,18:50,19:17,,,HAN,PQC,DAD,Domestic,VJ,,,,,,,,,,,,
,2026-07-26,VJ916/VJ141,A698,A321,SIN-HAN-SGN,17:45,18:45,17:45,18:45,17:55,18:44,18:45,19:00,01:00,00:50,ONTIME,ONTIME,ONTIME,ONTIME,,,,,,,,18:00,18:42,,,HAN,SIN,SGN,Domestic,VJ,,,,,,,,,,,,
,2026-07-26,VJ540/VJ1127,A544,A321,DAD-HAN-SGN,19:30,19:20,19:30,20:05,19:40,20:14,20:15,20:30,00:35,00:35,DELAY,ONTIME,DELAY,ONTIME,,93,00:05,66,00:05,,,19:55,20:13,,CREW HN OB 1955,HAN,DAD,SGN,Domestic,VJ,,,,,,,,,,,,
,2026-07-26,VJ1452/VJ519,A649,A321,PQC-HAN-DAD,19:50,19:25,19:50,21:25,21:05,21:34,21:35,22:05,01:35,00:30,DELAY,ONTIME,DELAY,DELAY,,93,00:10,,,,,21:05,21:32,,,HAN,PQC,DAD,Domestic,VJ,,,,,,,,,,,,
,2026-07-26,VJ424/VJ157,A634,A321,PXU-HAN-SGN,18:45,19:30,18:45,19:30,18:55,19:29,19:30,19:40,00:45,00:35,ONTIME,ONTIME,ONTIME,ONTIME,,,,,,,,18:50,19:27,,,HAN,PXU,SGN,Domestic,VJ,,,,,,,,,,,,
,2026-07-26,VJ442/VJ561,A699,A320,PQC-HAN-HUI,19:05,19:40,19:05,19:40,19:15,19:38,19:40,19:55,00:35,00:25,ONTIME,ONTIME,ONTIME,ONTIME,,,,,,,,19:05,19:36,,,HAN,PQC,HUI,Domestic,VJ,,,,,,,,,,,,
,2026-07-26,VJ438/VJ523,A661,A321,UIH-HAN-DAD,19:25,19:55,19:25,21:25,21:10,21:39,21:40,22:00,02:00,00:30,DELAY,ONTIME,DELAY,DELAY,,93,00:15,,,,,21:00,21:36,,,HAN,UIH,DAD,Domestic,VJ,,,,,,,,,,,,
,2026-07-26,VJ928/VJ1785,A684,A321,CGK-HAN-CXR,18:50,19:55,18:50,19:55,19:05,19:54,19:55,20:10,01:05,00:50,ONTIME,ONTIME,ONTIME,ONTIME,,,,,,,,19:20,19:52,,,HAN,CGK,CXR,Domestic,VJ,,,,,,,,,,,,
,2026-07-26,VJ568/VJ7712,A662,A320,HUI-HAN-PKX,18:55,20:00,18:55,20:00,19:20,19:56,19:57,20:15,01:05,00:37,EARLY,ONTIME,ONTIME,DELAY,,,,,,,,19:25,19:54,,,HAN,HUI,PKX,International,VJ,,,,,,,,,,,,
,2026-07-26,VJ7614/VJ7614,A516,A321,CXR-HAN-BQS,19:30,20:05,19:30,20:35,20:00,20:34,20:35,20:45,01:05,00:35,ONTIME,ONTIME,DELAY,DELAY,,,,,,,,,,X,,HAN,CXR,BQS,International,VJ,,,,,,,,,,,,
,2026-07-26,VJ434/VJ1925,A529,A321,UIH-HAN-AMD,18:05,20:05,18:05,20:05,18:40,20:04,20:05,20:20,02:00,01:25,ONTIME,ONTIME,ONTIME,DELAY,,,,,,,,19:15,20:02,,,HAN,UIH,AMD,International,VJ,,,,,,,,,,,,
,2026-07-26,VJ420/VJ455,A552,A321,TBB-HAN-PQC,19:15,20:05,19:15,20:05,19:45,20:14,20:15,20:33,00:50,00:30,DELAY,ONTIME,DELAY,DELAY,,93,00:10,,,,,19:35,20:12,,,HAN,TBB,PQC,Domestic,VJ,,,,,,,,,,,,
,2026-07-26,VJ774/VJ789,A635,A321,CXR-HAN-CXR,18:05,18:45,18:05,23:05,22:40,23:03,23:05,23:08,05:00,00:25,ONTIME,ONTIME,DELAY,DELAY,,,,,,,,22:40,23:01,,,HAN,CXR,CXR,Domestic,VJ,,,,,,,,,,,,
,2026-07-26,VJ935/VJ161,A200,A321,NRT-HAN-SGN,20:05,21:05,20:05,21:05,20:45,21:19,21:20,22:10,01:00,00:35,DELAY,ONTIME,DELAY,DELAY,,93,00:10,95,00:05,,,20:50,21:18,,CREW FR VJ144 OB 2056,HAN,NRT,SGN,Domestic,VJ,,,,,,,,,,,,
,2026-07-26,VJ152/VJ159,A672,A320,SGN-HAN-SGN,20:25,21:15,20:25,00:20,00:40,00:59,01:00,01:04,03:55,00:20,DELAY,DELAY,DELAY,ONTIME,,93,00:40,,,,,,,,NO PAX,HAN,SGN,SGN,Domestic,VJ,,,,,,,,,,,,
,2026-07-26,VJ468/VJ7238,A650,A320,VCA-HAN-PVG,19:50,21:15,19:50,21:30,20:50,21:29,21:30,21:45,01:40,00:40,ONTIME,ONTIME,DELAY,DELAY,,,,,,,,20:50,21:27,,,HAN,VCA,PVG,International,VJ,,,,,,,,,,,,
,2026-07-26,____/VJ527,A817,A330,HAN-DAD,,21:25,,21:25,,21:24,21:25,22:03,,,ONTIME,ONTIME,DELAY,,,,,,,,,20:35,21:22,,LATE PUSH BACK DUE TO ATC,HAN,HAN,DAD,Domestic,VJ,,,,,,,,,,,,
,2026-07-26,VJ154/VJ163,A201,A321,SGN-HAN-SGN,21:40,22:15,21:40,00:25,23:50,00:17,00:18,0:21:00,02:45,00:28,EARLY,ONTIME,DELAY,DELAY,,,,,,,,23:45,00:15,,,HAN,SGN,SGN,Domestic,VJ,,,,,,,,,,,,
,2026-07-26,VJ496/VJ7526,A643,A321,BMV-HAN-CAN,21:30,22:30,21:30,22:30,21:40,22:29,22:30,22:33,01:00,00:50,ONTIME,ONTIME,ONTIME,ONTIME,,,,,,,,21:55,22:27,,,HAN,BMV,CAN,International,VJ,,,,,,,,,,,,
,2026-07-26,VJ518/VJ167,A202,A321,DAD-HAN-SGN,22:05,22:45,22:05,23:25,23:10,23:44,23:45,23:50,01:20,00:35,DELAY,DELAY,DELAY,DELAY,,93,00:15,66,00:05,,,23:15,23:42,,CREW OB 2320L,HAN,DAD,SGN,Domestic,VJ,,,,,,,,,,,,
,2026-07-26,VJ144/VJ962,A644,A321,SGN-HAN-ICN,18:40,23:15,18:40,23:15,20:35,23:09,23:10,23:12,04:35,02:35,EARLY,ONTIME,ONTIME,DELAY,,,,,,,,22:25,23:07,,,HAN,SGN,ICN,International,VJ,,,,,,,,,,,,
,2026-07-26,VJ142/VJ169,A642,A321,SGN-HAN-SGN,15:30,23:25,15:30,23:25,19:55,23:24,23:25,23:27,07:55,03:30,ONTIME,ONTIME,ONTIME,DELAY,,,,,,,,22:35,23:22,,,HAN,SGN,SGN,Domestic,VJ,,,,,,,,,,,,
,2026-07-26,VJ150/VJ529,A811,A330,SGN-HAN-DAD,22:30,23:30,22:30,23:30,22:45,23:27,23:28,23:29,01:00,00:43,EARLY,ONTIME,ONTIME,ONTIME,,,,,,,,22:45,23:25,,,HAN,SGN,DAD,Domestic,VJ,,,,,,,,,,,,
,2026-07-26,AI2390/AI2391,VT-CID,A320,DEL-HAN-DEL,07:20,08:20,07:20,08:20,07:36,08:24,08:25,08:30,01:00,00:49,DELAY,ONTIME,ONTIME,DELAY,,93,00:05,,,,,,,,,HAN,DEL,DEL,International,AI,,,,,,,,,,,,
,2026-07-27,____/VJ932,A500,A321,HAN-NRT,,00:30,,00:30,,00:29,00:30,00:31,,,ONTIME,ONTIME,ONTIME,,,,,,,,,23:40,00:27,,,HAN,HAN,NRT,International,VJ,,,,,,,,,,,,
,2026-07-27,____/VJ938,A203,A321,HAN-KIX,,01:20,,01:20,,00:59,01:00,01:12,,,EARLY,ONTIME,ONTIME,,,,,,,,,00:30,00:57,,,HAN,HAN,KIX,International,VJ,,,,,,,,,,,,
,2026-07-27,VJ1786/VJ982,A684,A321,CXR-HAN-PUS,00:05,01:05,00:05,01:35,01:10,01:39,01:40,01:48,01:30,00:30,DELAY,ONTIME,DELAY,DELAY,,93,00:05,,,,,01:20,01:37,,,HAN,CXR,PUS,International,VJ,,,,,,,,,,,,
,2026-07-27,____/VJ960,A580,A321,HAN-ICN,,01:40,,01:40,,01:34,01:35,01:40,,,EARLY,ONTIME,ONTIME,,,,,,,,,00:55,01:32,,,HAN,HAN,ICN,International,VJ,,,,,,,,,,,,
,2026-07-27,____/VJ920,A554,A321,HAN-NGO,,01:40,,01:40,,01:59,02:00,02:10,,,DELAY,DELAY,DELAY,,,99,00:20,,,,,00:55,02:01,,SUPPORT 04 PAX W 05 BAGS TRANSIT FROM VJ160,HAN,HAN,NGO,International,VJ,,,,,,,,,,,,
,2026-07-27,____/VJ445,A661,A321,HAN-PQC,,05:30,,05:30,,05:29,05:30,05:40,,,ONTIME,ONTIME,ONTIME,,,,,,,,,04:40,05:27,,,HAN,HAN,PQC,Domestic,VJ,,,,,,,,,,,,
,2026-07-27,____/VJ123,A658,A320,HAN-SGN,,05:30,,05:30,,05:24,05:25,05:31,,,EARLY,ONTIME,ONTIME,,,,,,,,,04:40,05:22,,,HAN,HAN,SGN,Domestic,VJ,,,,,,,,,,,,
,2026-07-27,____/VJ501,A629,A321,HAN-DAD,,05:40,,05:40,,05:34,05:35,05:40,,,EARLY,ONTIME,ONTIME,,,,,,,,,04:50,05:32,,,HAN,HAN,DAD,Domestic,VJ,,,,,,,,,,,,
,2026-07-27,____/VJ771,A671,A320,HAN-CXR,,05:45,,05:45,,05:39,05:40,05:50,,,EARLY,ONTIME,ONTIME,,,,,,,,,04:58,05:37,,,HAN,HAN,CXR,Domestic,VJ,,,,,,,,,,,,
,2026-07-27,____/VJ1775,A649,A321,HAN-CXR,,05:45,,05:45,,05:39,05:40,05:46,,,EARLY,ONTIME,ONTIME,,,,,,,,,05:00,05:37,,,HAN,HAN,CXR,Domestic,VJ,,,,,,,,,,,,
,2026-07-27,____/VJ491,A539,A321,HAN-BMV,,06:00,,06:00,,05:54,05:55,06:00,,,EARLY,ONTIME,ONTIME,,,,,,,,,05:10,05:53,,,HAN,HAN,BMV,Domestic,VJ,,,,,,,,,,,,
,2026-07-27,____/VJ121,A647,A321,HAN-SGN,,06:00,,06:00,,05:54,05:55,05:58,,,EARLY,ONTIME,ONTIME,,,,,,,,,05:10,05:52,,,HAN,HAN,SGN,Domestic,VJ,,,,,,,,,,,,
,2026-07-27,____/VJ431,A689,A320,HAN-UIH,,06:05,,06:05,,05:54,05:54,06:00,,,EARLY,ONTIME,ONTIME,,,,,,,,,05:15,05:52,,,HAN,HAN,UIH,Domestic,VJ,,,,,,,,,,,,
,2026-07-27,____/VJ531,A634,A321,HAN-DAD,,06:30,,06:30,,06:24,06:25,06:34,,,EARLY,ONTIME,ONTIME,,,,,,,,,05:40,06:22,,,HAN,HAN,DAD,Domestic,VJ,,,,,,,,,,,,
,2026-07-27,____/VJ461,A669,A320,HAN-VCA,,06:45,,06:45,,06:39,06:40,06:44,,,EARLY,ONTIME,ONTIME,,,,,,,,,05:50,06:37,,,HAN,HAN,VCA,Domestic,VJ,,,,,,,,,,,,
,2026-07-27,____/VJ1771,A645,A321,HAN-CXR,,07:00,,07:00,,06:54,06:55,07:05,,,EARLY,ONTIME,ONTIME,,,,,,,,,06:10,06:52,,,HAN,HAN,CXR,Domestic,VJ,,,,,,,,,,,,
,2026-07-27,____/VJ125,A650,A320,HAN-SGN,,07:00,,07:00,,06:54,06:55,07:00,,,EARLY,ONTIME,ONTIME,,,,,,,,,06:10,06:52,,,HAN,HAN,SGN,Domestic,VJ,,,,,,,,,,,,
,2026-07-27,VJ7713/VJ421,A662,A320,PKX-HAN-PXU,03:35,07:10,03:55,07:10,04:15,07:02,07:03,07:12,03:15,02:48,EARLY,ONTIME,ONTIME,DELAY,,,,,,,,06:20,07:00,,,HAN,PKX,PXU,Domestic,VJ,,,,,,,,,,,,
,2026-07-27,____/VJ197,A699,A320,HAN-SGN,,07:20,,07:20,,07:14,07:15,07:25,,,EARLY,ONTIME,ONTIME,,,,,,,,,06:43,07:12,,,HAN,HAN,SGN,Domestic,VJ,,,,,,,,,,,,
,2026-07-27,____/VJ905,A544,A321,HAN-KUL,,07:25,,07:25,,07:18,07:20,07:30,,,EARLY,ONTIME,ONTIME,,,,,,,,,06:30,07:17,,,HAN,HAN,KUL,International,VJ,,,,,,,,,,,,
,2026-07-27,____/VJ535,A643,A321,HAN-DAD,,07:25,,07:25,,07:24,07:25,07:35,,,ONTIME,ONTIME,ONTIME,,,,,,,,,06:40,07:22,,,HAN,HAN,DAD,Domestic,VJ,,,,,,,,,,,,
,2026-07-27,____/VJ503,A522,A321,HAN-DAD,,07:30,,07:30,,07:24,07:25,07:41,,,EARLY,ONTIME,ONTIME,,,,,,,,,06:40,07:22,,,HAN,HAN,DAD,Domestic,VJ,,,,,,,,,,,,
,2026-07-27,____/VJ934,A529,A321,HAN-NRT,,07:55,,07:55,,07:49,07:50,07:54,,,EARLY,ONTIME,ONTIME,,,,,,,,,07:15,08:45,,,HAN,HAN,NRT,International,VJ,,,,,,,,,,,,
,2026-07-27,____/VJ930,A553,A321,HAN-KIX,,07:55,,07:55,,07:45,07:46,07:50,,,EARLY,ONTIME,ONTIME,,,,,,,,,07:05,07:43,,,HAN,HAN,KIX,International,VJ,,,,,,,,,,,,
,2026-07-27,VJ120/VJ541,A687,A321,SGN-HAN-DAD,07:10,08:00,07:10,08:00,07:05,07:54,07:55,08:02,00:50,00:50,EARLY,ONTIME,ONTIME,ONTIME,,,,,,,,07:10,07:51,,,HAN,SGN,DAD,Domestic,VJ,,,,,,,,,,,,
,2026-07-27,____/VJ127,A632,A321,HAN-SGN,,08:10,,08:10,,08:09,08:10,08:20,,,ONTIME,ONTIME,ONTIME,,,,,,,,,07:20,08:05,,,HAN,HAN,SGN,Domestic,VJ,,,,,,,,,,,,
,2026-07-27,____/VJ929,A575,A321,HAN-CGK,,08:40,,08:40,,08:34,08:35,08:37,,,EARLY,ONTIME,ONTIME,,,,,,,,,07:55,08:30,,,HAN,HAN,CGK,International,VJ,,,,,,,,,,,,
,2026-07-27,VJ124/VJ129,A642,A321,SGN-HAN-SGN,08:15,08:50,08:15,08:50,08:10,08:47,08:48,08:50,00:35,00:38,EARLY,ONTIME,ONTIME,ONTIME,,,,,,,,08:10,08:45,,,HAN,SGN,SGN,Domestic,VJ,,,,,,,,,,,,
,2026-07-27,____/VJ435,A663,A320,HAN-UIH,,08:50,,08:50,,08:42,08:45,08:47,,,EARLY,ONTIME,ONTIME,,,,,,,,,08:05,08:40,,,HAN,HAN,UIH,Domestic,VJ,,,,,,,,,,,,
,2026-07-27,VJ7615/VJ7615,A516,A321,BQS-HAN-CXR,08:35,09:05,08:35,09:40,08:45,09:04,09:05,09:15,01:05,00:20,EARLY,ONTIME,ONTIME,ONTIME,,,,,,,,,,X,,HAN,BQS,CXR,Domestic,VJ,,,,,,,,,,,,
,2026-07-27,VJ504/VJ505,A535,A321,DAD-HAN-DAD,08:20,09:05,08:20,09:05,08:15,09:04,09:05,09:10,00:45,00:50,ONTIME,ONTIME,ONTIME,ONTIME,,,,,,,,08:15,09:00,,,HAN,DAD,DAD,Domestic,VJ,,,,,,,,,,,,
,2026-07-27,VJ514/VJ563,A629,A321,DAD-HAN-HUI,08:50,09:25,08:50,09:25,09:05,09:32,09:33,09:35,00:35,00:28,DELAY,ONTIME,ONTIME,ONTIME,,93,00:08,,,,,08:55,09:30,,,HAN,DAD,HUI,Domestic,VJ,,,,,,,,,,,,
,2026-07-27,____/VJ447,A532,A321,HAN-PQC,,09:55,,09:55,,09:54,09:55,09:58,,,ONTIME,ONTIME,ONTIME,,,,,,,,,09:00,09:50,,,HAN,HAN,PQC,Domestic,VJ,,,,,,,,,,,,
,2026-07-27,VJ963/VJ1773,A644,A321,ICN-HAN-CXR,08:55,10:00,08:55,10:00,08:50,09:57,09:58,10:02,01:05,01:08,EARLY,ONTIME,ONTIME,ONTIME,,,,,,,,09:20,09:54,,,HAN,ICN,CXR,Domestic,VJ,,,,,,,,,,,,
,2026-07-27,VJ126/VJ131,A640,A321,SGN-HAN-SGN,09:40,10:10,09:40,10:10,09:45,10:09,10:10,10:14,00:30,00:25,ONTIME,ONTIME,ONTIME,ONTIME,,,,,,,,09:45,10:07,,,HAN,SGN,SGN,Domestic,VJ,,,,,,,,,,,,
,2026-07-27,VJ1124/VJ1433,A672,A320,SGN-HAN-UIH,09:40,10:10,09:40,10:10,09:50,10:14,10:15,10:20,00:30,00:25,DELAY,ONTIME,ONTIME,ONTIME,,93,00:05,,,,,09:40,10:10,,,HAN,SGN,UIH,Domestic,VJ,,,,,,,,,,,,
,2026-07-27,VJ430/VJ463,A689,A320,UIH-HAN-VCA,09:50,10:20,09:50,10:20,09:40,10:19,10:20,10:24,00:30,00:40,ONTIME,ONTIME,ONTIME,ONTIME,,,,,,,,09:40,10:15,,,HAN,UIH,VCA,Domestic,VJ,,,,,,,,,,,,
,2026-07-27,VJ532/VJ425,A634,A321,DAD-HAN-PXU,09:45,10:20,09:45,10:20,10:10,10:33,10:34,10:35,00:35,00:24,DELAY,ONTIME,ONTIME,DELAY,,93,00:14,,,,,10:10,10:31,,,HAN,DAD,PXU,Domestic,VJ,,,,,,,,,,,,
,2026-07-27,VJ770/VJ437,A671,A320,CXR-HAN-UIH,09:55,10:25,09:55,10:25,10:30,10:48,10:49,10:50,00:30,00:19,DELAY,DELAY,DELAY,DELAY,,93,00:24,,,,,09:40,10:45,,,HAN,CXR,UIH,Domestic,VJ,,,,,,,,,,,,
,2026-07-27,VJ122/VJ493,A651,A321,SGN-HAN-BMV,09:05,10:30,09:05,11:45,11:30,11:59,12:00,12:15,02:40,00:30,DELAY,ONTIME,DELAY,DELAY,,93,00:15,,,,,11:20,11:55,,,HAN,SGN,BMV,Domestic,VJ,,,,,,,,,,,,
,2026-07-27,VJ536/VJ537,A643,A321,DAD-HAN-DAD,10:35,11:05,10:35,11:30,10:55,11:29,11:30,11:35,00:55,00:35,ONTIME,ONTIME,DELAY,DELAY,,,,,,,,11:00,11:27,,,HAN,DAD,DAD,Domestic,VJ,,,,,,,,,,,,
,2026-07-27,VJ524/VJ507,A522,A321,DAD-HAN-DAD,10:40,11:10,10:40,11:10,11:05,11:31,11:32,11:35,00:30,00:27,DELAY,DELAY,DELAY,DELAY,,93,00:22,,,,,11:05,11:30,,,HAN,DAD,DAD,Domestic,VJ,,,,,,,,,,,,
,2026-07-27,VJ1776/VJ901,A649,A321,CXR-HAN-BKK,09:55,11:10,09:55,11:10,10:30,11:09,11:10,11:15,01:15,00:40,ONTIME,ONTIME,ONTIME,DELAY,,,,,,,,10:40,11:05,,,HAN,CXR,BKK,International,VJ,,,,,,,,,,,,
,2026-07-27,____/VJ133,A641,A321,HAN-SGN,,11:20,,11:20,,11:19,11:20,11:26,,,ONTIME,ONTIME,ONTIME,,,,,,,,,10:40,11:17,,,HAN,HAN,SGN,Domestic,VJ,,,,,,,,,,,,
,2026-07-27,VJ492/VJ565,A539,A321,BMV-HAN-HUI,10:00,11:35,10:00,11:35,10:00,11:24,11:25,11:26,01:35,01:25,EARLY,ONTIME,ONTIME,ONTIME,,,,,,,,10:50,11:20,,,HAN,BMV,HUI,Domestic,VJ,,,,,,,,,,,,
,2026-07-27,VJ422/VJ451,A662,A320,PXU-HAN-PQC,10:50,11:45,10:50,11:45,11:08,11:39,11:40,11:41,00:55,00:32,EARLY,ONTIME,ONTIME,DELAY,,,,,,,,11:10,11:36,,,HAN,PXU,PQC,Domestic,VJ,,,,,,,,,,,,
,2026-07-27,VJ1772/VJ1453,A645,A321,CXR-HAN-PQC,11:15,11:50,11:15,12:20,11:45,12:18,12:19,12:20,01:05,00:34,EARLY,ONTIME,DELAY,DELAY,,,,,,,,11:45,12:17,,,HAN,CXR,PQC,Domestic,VJ,,,,,,,,,,,,
,2026-07-27,VJ448/VJ775,A661,A321,PQC-HAN-CXR,10:15,11:50,10:15,11:50,,11:42,11:43,11:50,01:35,,EARLY,ONTIME,ONTIME,ONTIME,,,,,,,,11:00,11:45,,,HAN,PQC,CXR,Domestic,VJ,,,,,,,,,,,,
,2026-07-27,VJ462/VJ515,A669,A320,VCA-HAN-DAD,11:40,12:10,11:40,12:10,12:00,12:29,12:30,12:40,00:30,00:30,DELAY,DELAY,DELAY,DELAY,,93,00:15,66,00:05,,,12:00,12:26,,CREW OB 1205L,HAN,VCA,DAD,Domestic,VJ,,,,,,,,,,,,
,2026-07-27,VJ130/VJ137,A676,A320,SGN-HAN-SGN,11:25,12:20,11:25,12:20,11:45,12:11,12:12,12:25,00:55,00:27,EARLY,ONTIME,ONTIME,DELAY,,,,,,,,11:45,12:09,,,HAN,SGN,SGN,Domestic,VJ,,,,,,,,,,,,
,2026-07-27,VJ981/VJ453,A684,A321,PUS-HAN-PQC,10:40,13:00,10:40,13:00,10:50,12:57,12:58,13:10,02:20,02:08,EARLY,ONTIME,ONTIME,ONTIME,,,,,,,,12:15,12:55,,,HAN,PUS,PQC,Domestic,VJ,,,,,,,,,,,,
,2026-07-27,VJ506/VJ509,A535,A321,DAD-HAN-DAD,12:15,13:05,12:15,13:05,12:40,13:09,13:10,13:12,00:50,00:30,DELAY,ONTIME,ONTIME,DELAY,,93,00:05,,,,,12:30,13:07,,,HAN,DAD,DAD,Domestic,VJ,,,,,,,,,,,,
,2026-07-27,VJ564/VJ787,A629,A321,HUI-HAN-CXR,12:30,13:10,12:30,13:10,13:00,13:38,13:39,13:40,00:40,00:39,DELAY,DELAY,DELAY,DELAY,,93,00:20,66,00:09,,,13:10,13:36,,CREW OB 1312L,HAN,HUI,CXR,Domestic,VJ,,,,,,,,,,,,
,2026-07-27,VJ198/VJ433,A699,A320,SGN-HAN-UIH,12:40,13:20,12:40,13:20,13:05,13:29,13:30,13:35,00:40,00:25,DELAY,ONTIME,ONTIME,DELAY,,93,00:15,,,,,12:55,13:25,,,HAN,SGN,UIH,Domestic,VJ,,,,,,,,,,,,
,2026-07-27,VJ939/VJ948,A203,A321,KIX-HAN-RMQ,12:20,13:30,12:20,13:30,13:00,13:44,13:45,13:53,01:10,00:45,DELAY,ONTIME,DELAY,DELAY,,66,00:15,,,,,13:15,13:41,,CREW OB 1315L,HAN,KIX,RMQ,International,VJ,,,,,,,,,,,,
,2026-07-27,VJ542/VJ191,A687,A321,DAD-HAN-SGN,12:00,13:40,12:00,13:40,12:10,13:39,13:40,13:45,01:40,01:30,ONTIME,ONTIME,ONTIME,ONTIME,,,,,,,,13:00,13:37,,,HAN,DAD,SGN,Domestic,VJ,,,,,,,,,,,,
,2026-07-27,VJ128/VJ441,A650,A320,SGN-HAN-PQC,11:50,14:00,11:50,14:00,12:50,13:59,14:00,14:04,02:10,01:10,ONTIME,ONTIME,ONTIME,DELAY,,,,,,,,13:15,13:55,,,HAN,SGN,PQC,Domestic,VJ,,,,,,,,,,,,
,2026-07-27,VJ921/VJ525,A554,A321,NGO-HAN-DAD,12:50,14:05,12:50,14:05,13:15,14:04,14:05,14:15,01:15,00:50,ONTIME,ONTIME,ONTIME,DELAY,,,,,,,,13:15,14:01,,,HAN,NGO,DAD,Domestic,VJ,,,,,,,,,,,,
,2026-07-27,VJ432/VJ143,A663,A320,UIH-HAN-SGN,12:35,14:05,12:35,14:05,12:42,14:04,14:05,14:10,01:30,01:23,ONTIME,ONTIME,ONTIME,ONTIME,,,,,,,,13:20,14:00,,,HAN,UIH,SGN,Domestic,VJ,,,,,,,,,,,,
,2026-07-27,VJ933/VJ942,A500,A321,NRT-HAN-TPE,13:05,14:25,13:05,14:25,13:25,14:48,14:50,14:58,01:20,01:25,DELAY,DELAY,DELAY,DELAY,,72,00:25,,,,,,,,CTOT 1509,HAN,NRT,TPE,International,VJ,,,,,,,,,,,,
,2026-07-27,VJ1434/VJ1125,A672,A320,UIH-HAN-SGN,14:00,14:30,14:00,14:30,14:10,14:34,14:35,14:40,00:30,00:25,DELAY,ONTIME,ONTIME,ONTIME,,93,00:05,,,,,14:10,14:31,,,HAN,UIH,SGN,Domestic,VJ,,,,,,,,,,,,
,2026-07-27,VJ961/VJ946,A580,A321,ICN-HAN-KHH,13:35,14:35,13:35,14:35,13:55,14:46,14:47,14:50,01:00,00:52,DELAY,ONTIME,ONTIME,DELAY,,93,00:05,66,00:07,,,14:17,14:45,,CREW OB 1417 LT,HAN,ICN,KHH,International,VJ,,,,,,,,,,,,
,2026-07-27,VJ134/VJ145,A534,A321,SGN-HAN-SGN,13:30,14:40,13:30,14:40,14:00,14:37,14:38,14:40,01:10,00:38,EARLY,ONTIME,ONTIME,DELAY,,,,,,,,14:00,14:35,,,HAN,SGN,SGN,Domestic,VJ,,,,,,,,,,,,
,2026-07-27,VJ426/VJ467,A634,A321,PXU-HAN-VCA,14:05,14:40,14:05,14:40,14:20,14:49,14:50,14:55,00:35,00:30,DELAY,ONTIME,ONTIME,ONTIME,,93,00:10,,,,,14:20,14:45,,,HAN,PXU,VCA,Domestic,VJ,,,,,,,,,,,,
,2026-07-27,VJ1504/VJ1505,A698,A321,DAD-HAN-DAD,14:10,14:45,14:10,14:45,15:20,15:49,15:50,15:57,00:35,00:30,DELAY,DELAY,DELAY,DELAY,,93,01:05,,,,,15:20,15:47,,,HAN,DAD,DAD,Domestic,VJ,,,,,,,,,,,,
,2026-07-27,VJ136/VJ1451,A647,A321,SGN-HAN-PQC,14:10,15:05,14:10,15:15,15:20,15:44,15:45,15:53,01:05,00:25,DELAY,DELAY,DELAY,DELAY,,93,00:30,,,,,15:20,15:42,,,HAN,SGN,PQC,Domestic,VJ,,,,,,,,,,,,
,2026-07-27,VJ538/VJ511,A643,A321,DAD-HAN-DAD,14:15,15:05,14:15,15:25,15:30,15:56,15:57,16:00,01:10,00:27,DELAY,DELAY,DELAY,DELAY,,93,00:32,,,,,15:30,15:53,,,HAN,DAD,DAD,Domestic,VJ,,,,,,,,,,,,
,2026-07-27,VJ510/VJ423,A522,A321,DAD-HAN-PXU,14:35,15:05,14:35,15:35,15:40,16:03,16:05,16:12,01:00,00:25,DELAY,DELAY,DELAY,DELAY,,93,00:30,,,,,15:30,16:00,,,HAN,DAD,PXU,Domestic,VJ,,,,,,,,,,,,
,2026-07-27,VJ1774/VJ419,A644,A321,CXR-HAN-TBB,14:20,15:10,14:20,15:10,14:35,15:02,15:03,15:05,00:50,00:28,EARLY,ONTIME,ONTIME,ONTIME,,,,,,,,14:35,15:00,,,HAN,CXR,TBB,Domestic,VJ,,,,,,,,,,,,
,2026-07-27,VJ436/VJ439,A671,A320,UIH-HAN-UIH,14:10,15:40,14:10,15:40,14:30,15:39,15:40,15:47,01:30,01:10,ONTIME,ONTIME,ONTIME,DELAY,,,,,,,,14:45,15:37,,,HAN,UIH,UIH,Domestic,VJ,,,,,,,,,,,,
,2026-07-27,VJ138/VJ147,A642,A321,SGN-HAN-SGN,15:15,15:45,15:15,15:45,16:25,16:51,16:52,17:00,00:30,00:27,DELAY,DELAY,DELAY,DELAY,,,,,,,,,,,,HAN,SGN,SGN,Domestic,VJ,,,,,,,,,,,,
,2026-07-27,VJ906/VJ903,A544,A321,KUL-HAN-BKK,14:40,15:45,14:40,15:45,16:10,16:48,16:49,17:05,01:05,00:39,DELAY,DELAY,DELAY,DELAY,,93,00:55,66,00:09,,,16:25,16:46,,CREW OB 1625,HAN,KUL,BKK,International,VJ,,,,,,,,,,,,
,2026-07-27,VJ464/VJ567,A689,A320,VCA-HAN-HUI,15:10,15:55,15:10,15:55,15:50,16:37,16:38,16:41,00:45,00:48,DELAY,DELAY,DELAY,DELAY,,63A,00:18,93,00:25,,,16:05,16:35,,CREW HAN OB 1608L,HAN,VCA,HUI,Domestic,VJ,,,,,,,,,,,,
,2026-07-27,VJ508/VJ773,A669,A320,DAD-HAN-CXR,15:25,16:00,15:25,16:55,17:05,17:29,17:30,17:36,01:30,00:25,DELAY,DELAY,DELAY,DELAY,,93,00:35,,,,,17:05,17:27,,,HAN,DAD,CXR,Domestic,VJ,,,,,,,,,,,,
,2026-07-27,VJ494/VJ539,A651,A321,BMV-HAN-DAD,14:30,16:20,14:30,17:00,16:55,17:23,17:24,17:28,02:30,00:29,DELAY,DELAY,DELAY,DELAY,,93,00:24,,,,,16:50,17:20,,,HAN,BMV,DAD,Domestic,VJ,,,,,,,,,,,,
,2026-07-27,VJ772/VJ513,A661,A321,CXR-HAN-DAD,16:05,16:40,16:05,16:40,16:35,17:03,17:04,17:10,00:35,00:29,DELAY,DELAY,DELAY,DELAY,,93,00:24,,,,,16:30,17:01,,,HAN,CXR,DAD,Domestic,VJ,,,,,,,,,,,,
,2026-07-27,VJ140/VJ151,A655,A320,SGN-HAN-SGN,16:20,16:50,16:20,16:50,17:00,17:24,17:25,17:35,00:30,00:25,DELAY,DELAY,DELAY,DELAY,,93,00:35,,,,,17:00,17:22,,,HAN,SGN,SGN,Domestic,VJ,,,,,,,,,,,,
,2026-07-27,VJ440/VJ465,A532,A321,PQC-HAN-VCA,14:40,17:00,14:40,17:00,15:15,16:59,17:00,17:10,02:20,01:45,ONTIME,ONTIME,ONTIME,DELAY,,,,,,,,16:00,16:55,,,HAN,PQC,VCA,Domestic,VJ,,,,,,,,,,,,
,2026-07-27,VJ902/VJ495,A649,A321,BKK-HAN-BMV,15:50,17:30,15:50,17:30,16:50,17:34,17:35,17:45,01:40,00:45,DELAY,ONTIME,ONTIME,DELAY,,63A,00:05,,,,,16:50,17:32,,CREW HAN OB 1714L,HAN,BKK,BMV,Domestic,VJ,,,,,,,,,,,,
,2026-07-27,VJ452/VJ141,A552,A321,PQC-HAN-SGN,14:35,17:35,14:35,18:00,15:00,17:59,18:00,18:05,03:25,03:00,ONTIME,ONTIME,DELAY,DELAY,,,,,,,,17:15,17:55,,,HAN,PQC,SGN,Domestic,VJ,,,,,,,,,,,,
,2026-07-27,VJ454/VJ1431,A662,A320,PQC-HAN-UIH,16:45,17:40,16:45,17:40,17:25,17:59,18:00,18:08,00:55,00:35,DELAY,DELAY,DELAY,DELAY,,93,00:10,66,00:10,,,17:25,17:55,,CREW OB 1738L,HAN,PQC,UIH,Domestic,VJ,,,,,,,,,,,,
,2026-07-27,VJ420/VJ517,A644,A321,TBB-HAN-DAD,19:15,17:50,19:15,19:40,19:20,19:54,19:55,19:59,00:25,00:35,DELAY,ONTIME,DELAY,ONTIME,,95,00:05,,,,,17:50,19:51,,CREW FROM VJC774,HAN,TBB,DAD,Domestic,VJ,,,,,,,,,,,,
,2026-07-27,VJ456/VJ781,A684,A321,PQC-HAN-CXR,17:45,18:20,17:45,18:50,18:35,18:55,18:56,19:00,01:05,00:21,DELAY,ONTIME,DELAY,DELAY,,93,00:06,,,,,18:35,18:52,,,HAN,PQC,CXR,Domestic,VJ,,,,,,,,,,,,
,2026-07-27,VJ512/VJ521,A643,A321,DAD-HAN-DAD,18:15,18:45,18:15,20:05,19:25,20:03,20:05,20:10,01:50,00:40,ONTIME,ONTIME,DELAY,DELAY,,,,,,,,19:20,20:01,,,HAN,DAD,DAD,Domestic,VJ,,,,,,,,,,,,
,2026-07-27,VJ528/VJ789,A554,A321,DAD-HAN-CXR,17:25,18:45,17:25,18:45,18:00,18:42,18:43,18:47,01:20,00:43,EARLY,ONTIME,ONTIME,DELAY,,,,,,,,18:00,18:40,,,HAN,DAD,CXR,Domestic,VJ,,,,,,,,,,,,
,2026-07-27,VJ434/VJ561,A699,A320,UIH-HAN-HUI,17:10,19:15,17:10,19:15,17:40,19:09,19:10,19:12,02:05,01:30,EARLY,ONTIME,ONTIME,DELAY,,,,,,,,18:25,19:05,,,HAN,UIH,HUI,Domestic,VJ,,,,,,,,,,,,
,2026-07-27,VJ148/VJ155,A632,A321,SGN-HAN-SGN,18:25,19:20,18:25,19:35,19:10,19:34,19:35,19:50,01:10,00:25,ONTIME,ONTIME,DELAY,DELAY,,,,,,,,19:10,19:30,,,HAN,SGN,SGN,Domestic,VJ,,,,,,,,,,,,
,2026-07-27,VJ530/VJ519,A636,A321,DAD-HAN-DAD,16:15,19:25,16:15,19:25,18:20,19:34,19:35,19:55,03:10,01:15,DELAY,ONTIME,DELAY,DELAY,,95,00:10,,,,,18:56,19:32,,CREW FROM VJ144,HAN,DAD,DAD,Domestic,VJ,,,,,,,,,,,,
,2026-07-27,VJ566/VJ157,A539,A321,HUI-HAN-SGN,14:35,19:30,14:35,19:30,14:50,19:29,19:30,19:37,04:55,04:40,ONTIME,ONTIME,ONTIME,ONTIME,,,,,,,,18:40,19:25,,LATE TAKEOFF DUE TO ATC,HAN,HUI,SGN,Domestic,VJ,,,,,,,,,,,,
,2026-07-27,VJ568/VJ523,A689,A320,HUI-HAN-DAD,18:55,19:45,18:55,20:10,19:45,20:09,20:10,20:25,01:15,00:25,ONTIME,ONTIME,DELAY,DELAY,,,,,,,,19:35,20:05,,,HAN,HUI,DAD,Domestic,VJ,,,,,,,,,,,,
,2026-07-27,VJ146/VJ7712,A663,A320,SGN-HAN-PKX,18:55,19:55,18:55,20:50,20:20,20:59,21:00,21:25,01:55,00:40,DELAY,ONTIME,DELAY,DELAY,,,,66,00:10,,,20:40,20:55,,CREW OB 2040L,HAN,SGN,PKX,International,VJ,,,,,,,,,,,,
,2026-07-27,VJ144/VJ455,A551,A321,SGN-HAN-PQC,18:05,20:05,18:05,20:05,18:55,20:04,20:05,20:20,02:00,01:10,ONTIME,ONTIME,ONTIME,DELAY,,,,,,,,19:15,20:00,,,HAN,SGN,PQC,Domestic,VJ,,,,,,,,,,,,
,2026-07-27,VJ931/VJ907,A553,A321,KIX-HAN-BOM,18:30,20:05,18:30,20:05,18:35,20:04,20:05,20:15,01:35,01:30,ONTIME,ONTIME,ONTIME,ONTIME,,,,,,,,19:20,20:00,,,HAN,KIX,BOM,International,VJ,,,,,,,,,,,,
,2026-07-27,VJ152/VJ159,A200,A321,SGN-HAN-SGN,19:20,20:10,19:20,20:40,20:20,20:55,20:56,21:00,01:20,00:36,DELAY,DELAY,DELAY,DELAY,,93,00:10,66,00:06,,,20:24,20:53,,CREW OB 2028L,HAN,SGN,SGN,Domestic,VJ,,,,,,,,,,,,
,2026-07-27,VJ424/VJ783,A522,A321,PXU-HAN-CXR,18:45,20:25,18:45,20:25,20:00,20:59,21:00,21:12,01:40,01:00,DELAY,DELAY,DELAY,DELAY,,93,00:05,99,00:30,,,20:00,20:25,,WAIT CREW MUSTGO OB 2059L,HAN,PXU,CXR,Domestic,VJ,,,,,,,,,,,,
,2026-07-27,VJ516/VJ161,A661,A321,DAD-HAN-SGN,19:55,20:55,19:55,21:25,20:50,21:22,21:23,21:38,01:30,00:33,EARLY,ONTIME,DELAY,DELAY,,,,,,,,20:48,21:21,,,HAN,DAD,SGN,Domestic,VJ,,,,,,,,,,,,
,2026-07-27,VJ438/VJ7238,A671,A320,UIH-HAN-PVG,19:25,21:15,19:25,21:15,19:35,21:13,21:14,21:30,01:50,01:39,EARLY,ONTIME,ONTIME,ONTIME,,,,,,,,20:25,21:10,,,HAN,UIH,PVG,International,VJ,,,,,,,,,,,,
,2026-07-27,VJ154/VJ163,A201,A321,SGN-HAN-SGN,20:55,21:25,20:55,21:25,21:45,22:14,22:15,22:17,00:30,00:30,DELAY,DELAY,DELAY,DELAY,,93,00:50,,,,,21:45,22:10,,,HAN,SGN,SGN,Domestic,VJ,,,,,,,,,,,,
,2026-07-27,VJ540/VJ527,A651,A321,DAD-HAN-DAD,19:30,21:25,19:30,21:25,20:50,21:14,21:15,21:37,01:55,00:25,EARLY,ONTIME,ONTIME,DELAY,,,,,,,,20:45,21:13,,,HAN,DAD,DAD,Domestic,VJ,,,,,,,,,,,,
,2026-07-27,VJ943/VJ7526,A500,A321,TPE-HAN-CAN,20:55,22:30,20:55,22:30,21:40,22:24,22:25,22:26,01:35,00:45,EARLY,ONTIME,ONTIME,DELAY,,,,,,,,21:55,22:22,,,HAN,TPE,CAN,International,VJ,,,,,,,,,,,,
,2026-07-27,VJ776/VJ529,A669,A320,CXR-HAN-DAD,20:10,22:35,20:10,22:35,22:00,22:24,22:25,22:35,02:25,00:25,EARLY,ONTIME,ONTIME,DELAY,,,,,,,,22:00,22:20,,,HAN,CXR,DAD,Domestic,VJ,,,,,,,,,,,,
,2026-07-27,VJ904/VJ167,A544,A321,BKK-HAN-SGN,20:25,22:45,20:25,22:45,22:45,23:14,23:15,23:17,02:20,00:30,DELAY,DELAY,DELAY,DELAY,,93,00:30,,,,,22:40,23:12,,,HAN,BKK,SGN,Domestic,VJ,,,,,,,,,,,,
,2026-07-27,VJ949/VJ962,A203,A321,RMQ-HAN-ICN,19:50,23:15,19:50,23:15,20:50,23:14,23:15,23:23,03:25,02:25,ONTIME,ONTIME,ONTIME,DELAY,,,,,,,,22:25,23:10,,LATE TAKEOFF DUE TO ATC,HAN,RMQ,ICN,International,VJ,,,,,,,,,,,,
,2026-07-27,VJ522/VJ169,A636,A321,DAD-HAN-SGN,22:35,23:25,22:35,23:25,23:40,00:04,00:05,00:14,00:50,00:25,DELAY,DELAY,DELAY,DELAY,,93,00:40,,,,,23:40,00:00,,,HAN,DAD,SGN,Domestic,VJ,,,,,,,,,,,,
,2026-07-27,AI2390/AI2391,VT-TNW,A320,DEL-HAN-DEL,07:20,08:20,07:20,08:20,07:31,08:32,08:33,08:35,01:00,01:02,DELAY,ONTIME,ONTIME,ONTIME,,93,00:11,49,00:02,,,,,,,HAN,DEL,DEL,International,AI,,,,,,,,,,,,
,2026-07-28,____/VJ932,A529,A321,HAN-NRT,20:05,00:30,20:05,00:30,,00:29,00:30,00:32,04:25,,ONTIME,ONTIME,ONTIME,ONTIME,,,,,,,,23:45,00:27,,,HAN,HAN,NRT,International,VJ,,,,,,,,,,,,
,2026-07-28,____/VJ982,A647,A321,PQC-HAN-PUS,19:50,01:05,19:50,01:05,,00:51,00:52,00:53,05:15,,EARLY,ONTIME,ONTIME,ONTIME,,,,,,,,00:15,00:30,,,HAN,PQC,PUS,International,VJ,,,,,,,,,,,,
,2026-07-28,____/VJ938,A524,A321,HAN-KIX,,01:20,,01:20,,01:12,01:13,01:20,,,EARLY,ONTIME,ONTIME,,,,,,,,,00:35,01:10,,,HAN,HAN,KIX,International,VJ,,,,,,,,,,,,
,2026-07-28,____/VJ960,A684,A321,HAN-ICN,,01:40,,01:40,,01:33,01:35,01:38,,,EARLY,ONTIME,ONTIME,,,,,,,,,00:55,01:30,,,HAN,HAN,ICN,International,VJ,,,,,,,,,,,,
,2026-07-28,____/VJ920,A554,A321,HAN-NGO,,01:40,,01:40,,01:34,01:35,01:40,,,EARLY,ONTIME,ONTIME,,,,,,,,,00:55,01:30,,,HAN,HAN,NGO,International,VJ,,,,,,,,,,,,
,2026-07-28,____/VJ958,A552,A321,HAN-FUK,,02:05,,02:05,,01:52,01:53,01:55,,,EARLY,ONTIME,ONTIME,,,,,,,,,01:20,01:50,,,HAN,HAN,FUK,International,VJ,,,,,,,,,,,,
,2026-07-28,____/VJ1980,A662,A320,HAN-FSZ,,02:40,,02:40,,02:22,02:23,02:29,,,EARLY,ONTIME,ONTIME,,,,,,,,,01:55,02:20,,,HAN,HAN,FSZ,International,VJ,,,,,,,,,,,,
,2026-07-28,____/VJ445,A532,A321,HAN-PQC,,05:30,,05:30,,05:24,05:25,05:29,,,EARLY,ONTIME,ONTIME,,,,,,,,,04:45,05:21,,,HAN,HAN,PQC,Domestic,VJ,,,,,,,,,,,,
,2026-07-28,____/VJ123,A699,A320,HAN-SGN,,05:30,,05:30,,05:24,05:25,05:35,,,EARLY,ONTIME,ONTIME,,,,,,,,,04:50,05:20,,,HAN,HAN,SGN,Domestic,VJ,,,,,,,,,,,,
,2026-07-28,____/VJ501,A634,A321,HAN-DAD,,05:40,,05:40,,05:34,05:35,05:42,,,EARLY,ONTIME,ONTIME,,,,,,,,,04:50,05:31,,,HAN,HAN,DAD,Domestic,VJ,,,,,,,,,,,,
,2026-07-28,____/VJ1775,A575,A321,HAN-CXR,,05:45,,05:45,,05:39,05:40,05:47,,,EARLY,ONTIME,ONTIME,,,,,,,,,05:00,05:35,,,HAN,HAN,CXR,Domestic,VJ,,,,,,,,,,,,
,2026-07-28,____/VJ121,A500,A321,HAN-SGN,,06:00,,06:00,,05:59,06:00,06:05,,,ONTIME,ONTIME,ONTIME,,,,,,,,,05:15,05:57,,,HAN,HAN,SGN,Domestic,VJ,,,,,,,,,,,,
,2026-07-28,____/VJ491,A534,A321,HAN-BMV,,06:00,,06:00,,05:59,06:00,06:08,,,ONTIME,ONTIME,ONTIME,,,,,,,,,05:10,05:56,,,HAN,HAN,BMV,Domestic,VJ,,,,,,,,,,,,
,2026-07-28,____/VJ771,A650,A320,HAN-CXR,,06:00,,06:00,,05:49,05:50,05:55,,,EARLY,ONTIME,ONTIME,,,,,,,,,05:15,05:47,,,HAN,HAN,CXR,Domestic,VJ,,,,,,,,,,,,
,2026-07-28,____/VJ431,A649,A321,HAN-UIH,,06:05,,06:05,,06:04,06:05,06:09,,,ONTIME,ONTIME,ONTIME,,,,,,,,,05:15,06:00,,,HAN,HAN,UIH,Domestic,VJ,,,,,,,,,,,,
,2026-07-28,____/VJ952,A671,A320,HAN-HIJ,,06:15,,06:15,,06:09,06:10,06:18,,,EARLY,ONTIME,ONTIME,,,,,,,,,05:25,06:07,,,HAN,HAN,HIJ,International,VJ,,,,,,,,,,,,
,2026-07-28,____/VJ531,A542,A321,HAN-DAD,,06:30,,06:30,,06:29,06:30,06:40,,,ONTIME,ONTIME,ONTIME,,,,,,,,,05:40,06:25,,,HAN,HAN,DAD,Domestic,VJ,,,,,,,,,,,,
,2026-07-28,____/VJ461,A632,A321,HAN-VCA,,06:45,,06:45,,06:35,06:37,06:45,,,EARLY,ONTIME,ONTIME,,,,,,,,,05:55,06:33,,,HAN,HAN,VCA,Domestic,VJ,,,,,,,,,,,,
,2026-07-28,____/VJ1771,A580,A321,HAN-CXR,,07:00,,07:00,,06:59,07:00,07:08,,,ONTIME,ONTIME,ONTIME,,,,,,,,,06:20,06:55,,,HAN,HAN,CXR,Domestic,VJ,,,,,,,,,,,,
,2026-07-28,____/VJ125,A663,A320,HAN-SGN,,07:00,,07:00,,06:54,06:55,07:00,,,EARLY,ONTIME,ONTIME,,,,,,,,,06:10,06:57,,,HAN,HAN,SGN,Domestic,VJ,,,,,,,,,,,,
,2026-07-28,____/VJ421,A689,A320,HAN-PXU,,07:10,,07:10,,07:04,07:05,07:11,,,EARLY,ONTIME,ONTIME,,,,,,,,,06:20,07:00,,LATE TAKEOFF DUE TO ATC,HAN,HAN,PXU,Domestic,VJ,,,,,,,,,,,,
,2026-07-28,____/VJ535,A687,A321,HAN-DAD,,07:25,,07:25,,07:24,07:25,07:28,,,ONTIME,ONTIME,ONTIME,,,,,,,,,06:45,07:22,,LATE TAKEOFF DUE TO ATC,HAN,HAN,DAD,Domestic,VJ,,,,,,,,,,,,
,2026-07-28,VJ502/VJ503,A651,A321,DAD-HAN-DAD,07:00,07:35,07:00,07:35,06:55,07:29,07:30,07:39,00:35,00:35,EARLY,ONTIME,ONTIME,ONTIME,,,,,,,,06:55,07:26,,,HAN,DAD,DAD,Domestic,VJ,,,,,,,,,,,,
,2026-07-28,____/VJ930,A525,A321,HAN-KIX,,07:55,,07:55,,07:44,07:45,07:55,,,EARLY,ONTIME,ONTIME,,,,,,,,,07:05,07:40,,,HAN,HAN,KIX,International,VJ,,,,,,,,,,,,
,2026-07-28,____/VJ934,A200,A321,HAN-NRT,,07:55,,07:55,,07:49,07:50,08:00,,,EARLY,ONTIME,ONTIME,,,,,,,,,07:05,07:45,,,HAN,HAN,NRT,International,VJ,,,,,,,,,,,,
,2026-07-28,VJ120/VJ541,A658,A320,SGN-HAN-DAD,07:10,08:00,07:40,08:30,08:05,08:28,08:29,08:30,00:50,00:24,EARLY,ONTIME,DELAY,DELAY,,,,,,,,08:05,08:26,,,HAN,SGN,DAD,Domestic,VJ,,,,,,,,,,,,
,2026-07-28,____/VJ127,A522,A321,HAN-SGN,,08:10,,08:50,,08:49,08:50,08:55,,,ONTIME,ONTIME,DELAY,,,,,,,,,08:05,08:47,,,HAN,HAN,SGN,Domestic,VJ,,,,,,,,,,,,
,2026-07-28,VJ1780/VJ1779,A633,A321,CXR-HAN-CXR,07:50,08:20,07:50,08:20,07:50,08:19,08:20,08:25,00:30,00:30,ONTIME,ONTIME,ONTIME,ONTIME,,,,,,,,07:50,08:17,,,HAN,CXR,CXR,Domestic,VJ,,,,,,,,,,,,
,2026-07-28,____/VJ929,A553,A321,HAN-CGK,,08:40,,08:40,,08:36,08:37,08:42,,,EARLY,ONTIME,ONTIME,,,,,,,,,07:50,08:34,,,HAN,HAN,CGK,International,VJ,,,,,,,,,,,,
,2026-07-28,VJ124/VJ129,A550,A321,SGN-HAN-SGN,08:15,08:45,08:15,08:45,08:25,08:54,08:55,08:58,00:30,00:30,DELAY,ONTIME,ONTIME,ONTIME,,93,00:10,,,,,08:20,08:52,,,HAN,SGN,SGN,Domestic,VJ,,,,,,,,,,,,
,2026-07-28,____/VJ447,A643,A321,HAN-PQC,,08:45,,08:45,,08:41,08:43,08:44,,,EARLY,ONTIME,ONTIME,,,,,,,,,08:00,08:40,,,HAN,HAN,PQC,Domestic,VJ,,,,,,,,,,,,
,2026-07-28,VJ504/VJ435,A669,A320,DAD-HAN-UIH,08:20,08:50,08:20,08:50,08:30,08:54,08:55,08:58,00:30,00:25,DELAY,ONTIME,ONTIME,ONTIME,,93,00:05,,,,,08:23,08:52,,,HAN,DAD,UIH,Domestic,VJ,,,,,,,,,,,,
,2026-07-28,VJ514/VJ563,A634,A321,DAD-HAN-HUI,08:50,09:25,08:50,09:25,09:18,09:44,09:45,09:47,00:35,00:27,DELAY,DELAY,DELAY,DELAY,,93,00:20,,,,,09:11,09:42,,,HAN,DAD,HUI,Domestic,VJ,,,,,,,,,,,,
,2026-07-28,____/VJ915,A644,A321,HAN-SIN,,09:35,,09:35,,09:34,09:35,09:42,,,ONTIME,ONTIME,ONTIME,,,,,,,,,08:45,09:31,,,HAN,HAN,SIN,International,VJ,,,,,,,,,,,,
,2026-07-28,____/VJ1773,A810,A330,HAN-CXR,,10:00,,10:00,,09:56,09:57,10:05,,,EARLY,ONTIME,ONTIME,,,,,,,,,09:10,09:54,,,HAN,HAN,CXR,Domestic,VJ,,,,,,,,,,,,
,2026-07-28,VJ126/VJ131,A641,A321,SGN-HAN-SGN,09:40,10:10,09:40,10:10,10:00,10:29,10:30,10:35,00:30,00:30,DELAY,DELAY,DELAY,DELAY,,93,00:20,,,,,10:00,10:27,,,HAN,SGN,SGN,Domestic,VJ,,,,,,,,,,,,
,2026-07-28,VJ532/VJ425,A542,A321,DAD-HAN-PXU,09:45,10:20,09:45,10:20,10:15,10:39,10:40,10:45,00:35,00:25,DELAY,DELAY,DELAY,DELAY,,93,00:20,,,,,10:15,10:36,,,HAN,DAD,PXU,Domestic,VJ,,,,,,,,,,,,
,2026-07-28,VJ963/VJ997,A203,A321,ICN-HAN-DPS,08:55,10:25,08:55,10:25,09:05,10:19,10:20,10:23,01:30,01:15,EARLY,ONTIME,ONTIME,ONTIME,,,,,,,,09:20,10:17,,,HAN,ICN,DPS,International,VJ,,,,,,,,,,,,
,2026-07-28,VJ430/VJ463,A649,A321,UIH-HAN-VCA,09:50,10:25,09:50,10:25,10:20,10:44,10:45,10:50,00:35,00:25,DELAY,DELAY,DELAY,DELAY,,93,00:20,,,,,10:15,10:42,,,HAN,UIH,VCA,Domestic,VJ,,,,,,,,,,,,
,2026-07-28,VJ1776/VJ565,A575,A321,CXR-HAN-HUI,09:55,10:30,09:55,10:50,10:35,10:54,10:55,11:05,00:55,00:20,DELAY,ONTIME,DELAY,DELAY,,93,00:05,,,,,10:30,10:52,,,HAN,CXR,HUI,Domestic,VJ,,,,,,,,,,,,
,2026-07-28,VJ492/VJ493,A534,A321,BMV-HAN-BMV,10:00,10:35,10:00,10:35,10:20,10:48,10:49,10:50,00:35,00:29,DELAY,ONTIME,ONTIME,DELAY,,93,00:14,,,,,10:20,10:46,,,HAN,BMV,BMV,Domestic,VJ,,,,,,,,,,,,
,2026-07-28,VJ122/VJ1433,A657,A321,SGN-HAN-UIH,09:05,10:35,09:05,10:35,09:15,10:33,10:34,10:38,01:30,01:19,EARLY,ONTIME,ONTIME,ONTIME,,,,,,,,10:00,10:32,,,HAN,SGN,UIH,Domestic,VJ,,,,,,,,,,,,
,2026-07-28,VJ770/VJ437,A650,A320,CXR-HAN-UIH,10:10,10:40,10:10,11:20,10:48,11:11,11:12,11:21,01:10,00:24,EARLY,ONTIME,DELAY,DELAY,,,,,,,,10:40,11:10,,,HAN,CXR,UIH,Domestic,VJ,,,,,,,,,,,,
,2026-07-28,VJ448/VJ901,A532,A321,PQC-HAN-BKK,10:15,11:10,10:15,11:10,10:08,11:09,11:10,11:20,00:55,01:02,ONTIME,ONTIME,ONTIME,ONTIME,,,,,,,,10:30,11:05,,,HAN,PQC,BKK,International,VJ,,,,,,,,,,,,
,2026-07-28,VJ536/VJ537,A687,A321,DAD-HAN-DAD,10:35,11:10,10:35,11:30,11:00,11:29,11:30,11:40,00:55,00:30,ONTIME,ONTIME,DELAY,DELAY,,,,,,,,10:55,11:27,,,HAN,DAD,DAD,Domestic,VJ,,,,,,,,,,,,
,2026-07-28,VJ524/VJ507,A651,A321,DAD-HAN-DAD,10:50,11:25,10:50,11:40,11:10,11:44,11:45,11:55,00:50,00:35,DELAY,ONTIME,DELAY,DELAY,,93,00:05,,,,,11:10,11:42,,,HAN,DAD,DAD,Domestic,VJ,,,,,,,,,,,,
,2026-07-28,VJ190/VJ195,A820,A330,SGN-HAN-SGN,10:00,11:25,10:35,12:00,11:05,11:59,12:00,12:07,01:25,00:55,ONTIME,ONTIME,DELAY,DELAY,,,,,,,,11:20,11:57,,,HAN,SGN,SGN,Domestic,VJ,,,,,,,,,,,,
,2026-07-28,VJ1124/VJ133,A544,A321,SGN-HAN-SGN,10:00,11:35,10:00,11:35,10:40,11:29,11:30,11:34,01:35,00:50,EARLY,ONTIME,ONTIME,DELAY,,,,,,,,10:55,11:27,,,HAN,SGN,SGN,Domestic,VJ,,,,,,,,,,,,
,2026-07-28,VJ422/VJ451,A689,A320,PXU-HAN-PQC,10:50,11:45,10:50,11:45,10:55,11:43,11:45,11:52,00:55,00:50,ONTIME,ONTIME,ONTIME,ONTIME,,,,,,,,11:00,11:40,,,HAN,PXU,PQC,Domestic,VJ,,,,,,,,,,,,
,2026-07-28,VJ1772/VJ1453,A536,A321,CXR-HAN-PQC,11:25,12:00,11:25,12:30,12:15,12:33,12:35,12:39,01:05,00:20,DELAY,ONTIME,DELAY,DELAY,,93,00:05,,,,,12:05,12:30,,,HAN,CXR,PQC,Domestic,VJ,,,,,,,,,,,,
,2026-07-28,VJ128/VJ137,A663,A320,SGN-HAN-SGN,11:50,12:20,11:50,12:20,12:50,13:14,13:15,13:20,00:30,00:25,DELAY,DELAY,DELAY,DELAY,,93,00:55,,,,,12:45,13:12,,,HAN,SGN,SGN,Domestic,VJ,,,,,,,,,,,,
,2026-07-28,VJ462/VJ515,A632,A321,VCA-HAN-DAD,11:40,12:25,11:40,12:25,12:10,12:36,12:37,12:40,00:45,00:27,DELAY,ONTIME,ONTIME,DELAY,,93,00:12,,,,,12:05,12:34,,,HAN,VCA,DAD,Domestic,VJ,,,,,,,,,,,,
,2026-07-28,VJ981/VJ453,A647,A321,PUS-HAN-PQC,10:40,13:00,10:40,13:00,10:33,12:58,12:59,13:00,02:20,02:26,EARLY,ONTIME,ONTIME,ONTIME,,,,,,,,12:25,12:56,,,HAN,PUS,PQC,Domestic,VJ,,,,,,,,,,,,
,2026-07-28,VJ432/VJ509,A669,A320,UIH-HAN-DAD,12:35,13:05,12:35,13:05,13:20,13:54,13:55,14:05,00:30,00:35,DELAY,DELAY,DELAY,DELAY,,93,00:40,41,00:10,,,13:35,13:52,,CHANGE TIRE,HAN,UIH,DAD,Domestic,VJ,,,,,,,,,,,,
,2026-07-28,VJ564/VJ787,A634,A321,HUI-HAN-CXR,12:30,13:10,12:30,13:10,13:10,13:39,13:40,13:47,00:40,00:30,DELAY,DELAY,DELAY,DELAY,,93,00:30,,,,,13:03,13:37,,,HAN,HUI,CXR,Domestic,VJ,,,,,,,,,,,,
,2026-07-28,VJ959/VJ433,A552,A321,FUK-HAN-UIH,11:45,13:20,11:45,13:20,11:20,13:17,13:18,13:20,01:35,01:58,EARLY,ONTIME,ONTIME,ONTIME,,,,,,,,12:30,13:15,,,HAN,FUK,UIH,Domestic,VJ,,,,,,,,,,,,
,2026-07-28,VJ939/VJ948,A524,A321,KIX-HAN-RMQ,12:20,13:30,12:20,13:30,12:22,13:29,13:30,13:40,01:10,01:08,ONTIME,ONTIME,ONTIME,ONTIME,,,,,,,,12:40,13:32,,,HAN,KIX,RMQ,International,VJ,,,,,,,,,,,,
,2026-07-28,VJ542/VJ7316,A672,A320,DAD-HAN-ENH,12:00,14:00,12:00,14:00,12:30,13:43,13:45,13:55,02:00,01:15,EARLY,ONTIME,ONTIME,DELAY,,,,,,,,13:10,13:41,,,HAN,DAD,ENH,International,VJ,,,,,,,,,,,,
,2026-07-28,VJ440/VJ143,A643,A321,PQC-HAN-SGN,13:30,14:05,13:30,14:05,13:55,14:24,14:25,14:35,00:35,00:30,DELAY,DELAY,DELAY,DELAY,,93,00:20,,,,,13:55,14:22,,,HAN,PQC,SGN,Domestic,VJ,,,,,,,,,,,,
,2026-07-28,VJ566/VJ525,A575,A321,HUI-HAN-DAD,13:30,14:05,13:30,14:30,14:10,14:44,14:45,14:50,01:00,00:35,DELAY,ONTIME,DELAY,DELAY,,93,00:10,95,00:05,,,14:15,14:42,,CREW FROM VJ524 OB 1418LT,HAN,HUI,DAD,Domestic,VJ,,,,,,,,,,,,
,2026-07-28,VJ921/VJ942,A554,A321,NGO-HAN-TPE,12:50,14:25,12:50,14:50,12:48,14:48,14:50,14:52,02:00,02:02,ONTIME,ONTIME,DELAY,ONTIME,,,,,,,,14:00,14:45,,,HAN,NGO,TPE,International,VJ,,,,,,,,,,,,
,2026-07-28,VJ134/VJ467,A636,A321,SGN-HAN-VCA,13:35,14:30,13:35,14:30,14:45,15:19,15:20,15:33,00:55,00:35,DELAY,DELAY,DELAY,DELAY,,93,00:45,66,00:05,,,14:47,15:16,,CREW OB 1455,HAN,SGN,VCA,Domestic,VJ,,,,,,,,,,,,
,2026-07-28,VJ1504/VJ1505,A539,A321,DAD-HAN-DAD,14:00,14:35,14:00,16:25,15:45,16:23,16:25,16:40,02:25,00:40,ONTIME,ONTIME,DELAY,DELAY,,,,,,,,15:40,16:21,,,HAN,DAD,DAD,Domestic,VJ,,,,,,,,,,,,
,2026-07-28,VJ933/VJ946,A529,A321,NRT-HAN-KHH,13:05,14:35,13:05,14:35,13:00,14:34,14:35,14:45,01:30,01:35,ONTIME,ONTIME,ONTIME,ONTIME,,,,,,,,13:45,14:32,,,HAN,NRT,KHH,International,VJ,,,,,,,,,,,,
,2026-07-28,VJ1981/VJ145,A662,A320,FSZ-HAN-SGN,14:00,14:40,14:00,14:40,13:53,14:39,14:40,14:50,00:40,00:47,ONTIME,ONTIME,ONTIME,ONTIME,,,,,,,,14:10,14:37,,,HAN,FSZ,SGN,Domestic,VJ,,,,,,,,,,,,
,2026-07-28,VJ426/VJ1451,A542,A321,PXU-HAN-PQC,14:05,15:05,14:05,15:05,14:30,15:02,15:03,15:04,01:00,00:33,EARLY,ONTIME,ONTIME,DELAY,,,,,,,,14:30,15:00,,,HAN,PXU,PQC,Domestic,VJ,,,,,,,,,,,,
,2026-07-28,VJ494/VJ423,A534,A321,BMV-HAN-PXU,14:35,15:10,14:35,15:30,14:55,15:29,15:30,15:39,00:55,00:35,ONTIME,ONTIME,DELAY,DELAY,,,,,,,,14:59,15:27,,,HAN,BMV,PXU,Domestic,VJ,,,,,,,,,,,,
,2026-07-28,VJ538/VJ419,A687,A321,DAD-HAN-TBB,14:20,15:10,14:45,15:45,15:20,15:49,15:50,15:57,01:00,00:30,DELAY,ONTIME,DELAY,DELAY,,93,00:05,,,,,15:20,15:46,,,HAN,DAD,TBB,Domestic,VJ,,,,,,,,,,,,
,2026-07-28,VJ436/VJ439,A650,A320,UIH-HAN-UIH,14:25,15:40,14:25,15:40,15:00,15:39,15:40,15:48,01:15,00:40,ONTIME,ONTIME,ONTIME,DELAY,,,,,,,,15:00,15:37,,,HAN,UIH,UIH,Domestic,VJ,,,,,,,,,,,,
,2026-07-28,VJ136/VJ903,A658,A320,SGN-HAN-BKK,14:10,15:45,14:10,15:45,15:10,15:49,15:50,15:55,01:35,00:40,DELAY,ONTIME,ONTIME,DELAY,,66,00:05,,,,,15:25,15:47,,CREW HN OB 1528LT,HAN,SGN,BKK,International,VJ,,,,,,,,,,,,
,2026-07-28,VJ138/VJ147,A666,A320,SGN-HAN-SGN,15:15,15:45,15:15,16:00,15:50,16:19,16:20,16:35,00:45,00:30,DELAY,DELAY,DELAY,DELAY,,93,00:15,99,00:05,,,15:50,16:17,,WAITING FOR CIPA,HAN,SGN,SGN,Domestic,VJ,,,,,,,,,,,,
,2026-07-28,VJ1434/VJ567,A657,A321,UIH-HAN-HUI,14:25,15:55,14:25,15:55,14:40,15:46,15:48,15:53,01:30,01:08,EARLY,ONTIME,ONTIME,ONTIME,,,,,,,,15:08,15:45,,,HAN,UIH,HUI,Domestic,VJ,,,,,,,,,,,,
,2026-07-28,VJ961/VJ773,A684,A321,ICN-HAN-CXR,13:35,16:00,13:35,16:00,13:50,15:59,16:00,16:03,02:25,02:10,ONTIME,ONTIME,ONTIME,ONTIME,,,,,,,,15:15,15:56,,,HAN,ICN,CXR,Domestic,VJ,,,,,,,,,,,,
,2026-07-28,VJ464/VJ913,A649,A321,VCA-HAN-SAI,15:20,16:20,15:20,17:05,17:12,17:49,17:50,17:54,01:45,00:38,DELAY,DELAY,DELAY,DELAY,,93,00:37,66,00:08,,,17:27,17:47,,CREW OB 1727LT,HAN,VCA,SAI,International,VJ,,,,,,,,,,,,
,2026-07-28,VJ1774/VJ539,A630,A321,CXR-HAN-DAD,14:25,16:20,14:25,16:20,15:00,16:17,16:18,16:22,01:55,01:18,EARLY,ONTIME,ONTIME,DELAY,,,,,,,,15:35,16:16,,,HAN,CXR,DAD,Domestic,VJ,,,,,,,,,,,,
,2026-07-28,VJ140/VJ151,A535,A321,SGN-HAN-SGN,16:20,16:55,16:20,16:55,16:25,16:54,16:55,17:10,00:35,00:30,ONTIME,ONTIME,ONTIME,ONTIME,,,,,,,,16:25,16:52,,,HAN,SGN,SGN,Domestic,VJ,,,,,,,,,,,,
,2026-07-28,VJ5068/VJ5068,A580,A321,CXR-HAN-NOZ,16:20,16:55,16:20,16:55,16:25,16:54,16:55,17:10,00:35,00:30,ONTIME,ONTIME,ONTIME,ONTIME,,,,,,,,,,X,,HAN,CXR,NOZ,International,VJ,,,,,,,,,,,,
,2026-07-28,VJ130/VJ441,A202,A321,SGN-HAN-PQC,11:05,16:55,11:05,16:55,11:40,16:54,16:55,17:05,05:50,05:15,ONTIME,ONTIME,ONTIME,DELAY,,,,,,,,16:10,16:52,,,HAN,SGN,PQC,Domestic,VJ,,,,,,,,,,,,
,2026-07-28,VJ902/VJ465,A532,A321,BKK-HAN-VCA,15:50,17:00,15:50,17:00,16:10,16:59,17:00,17:25,01:10,00:50,ONTIME,ONTIME,DELAY,DELAY,,,,,,,,16:15,16:55,,,HAN,BKK,VCA,Domestic,VJ,,,,,,,,,,,,
,2026-07-28,VJ953/VJ457,A671,A320,HIJ-HAN-PQC,16:10,17:10,16:10,17:10,16:30,17:09,17:10,17:25,01:00,00:40,ONTIME,ONTIME,ONTIME,DELAY,,,,,,,,16:25,17:07,,,HAN,HIJ,PQC,Domestic,VJ,,,,,,,,,,,,
,2026-07-28,VJ454/VJ141,A689,A320,PQC-HAN-SGN,16:45,17:35,16:45,17:35,17:10,17:34,17:35,17:43,00:50,00:25,ONTIME,ONTIME,ONTIME,DELAY,,,,,,,,17:05,17:32,,,HAN,PQC,SGN,Domestic,VJ,,,,,,,,,,,,
,2026-07-28,VJ530/VJ1431,A669,A320,DAD-HAN-UIH,16:15,17:40,16:15,17:40,17:55,18:19,18:20,18:24,01:25,00:25,DELAY,DELAY,DELAY,DELAY,,93,00:40,,,,,17:55,18:17,,,HAN,DAD,UIH,Domestic,VJ,,,,,,,,,,,,
,2026-07-28,VJ434/VJ495,A552,A321,UIH-HAN-BMV,17:10,17:45,17:10,17:45,17:15,17:44,17:45,17:54,00:35,00:30,ONTIME,ONTIME,ONTIME,ONTIME,,,,,,,,17:15,17:43,,,HAN,UIH,BMV,Domestic,VJ,,,,,,,,,,,,
,2026-07-28,VJ774/VJ517,A634,A321,CXR-HAN-DAD,17:20,17:55,17:20,18:30,18:10,18:39,18:40,18:45,01:10,00:30,DELAY,ONTIME,DELAY,DELAY,,93,00:10,,,,,18:10,18:36,,,HAN,CXR,DAD,Domestic,VJ,,,,,,,,,,,,
,2026-07-28,VJ456/VJ781,A647,A321,PQC-HAN-CXR,17:45,18:15,17:45,18:15,18:15,19:04,19:05,19:08,00:30,00:50,DELAY,DELAY,DELAY,DELAY,,49,00:20,93,00:30,,,18:08,19:01,,MCC SIGN TECHLOG,HAN,PQC,CXR,Domestic,VJ,,,,,,,,,,,,
,2026-07-28,VJ568/VJ521,A657,A321,HUI-HAN-DAD,18:55,19:05,18:55,19:30,19:05,19:29,19:30,19:35,00:35,00:25,ONTIME,ONTIME,DELAY,ONTIME,,,,,,,,19:00,19:28,,,HAN,HUI,DAD,Domestic,VJ,,,,,,,,,,,,
,2026-07-28,VJ928/VJ1127,A553,A321,CGK-HAN-SGN,18:15,19:25,18:15,19:25,18:15,19:22,19:23,19:26,01:10,01:08,EARLY,ONTIME,ONTIME,ONTIME,,,,,,,,18:40,19:20,,,HAN,CGK,SGN,Domestic,VJ,,,,,,,,,,,,
,2026-07-28,VJ916/VJ519,A644,A321,SIN-HAN-DAD,17:25,19:25,17:25,19:25,17:40,19:24,19:25,19:35,02:00,01:45,ONTIME,ONTIME,ONTIME,ONTIME,,,,,,,,18:40,19:20,,,HAN,SIN,DAD,Domestic,VJ,,,,,,,,,,,,
,2026-07-28,VJ424/VJ789,A534,A321,PXU-HAN-CXR,18:50,19:25,18:50,19:55,19:25,19:54,19:55,20:10,01:05,00:30,ONTIME,ONTIME,DELAY,DELAY,,,,,,,,19:00,19:52,,,HAN,PXU,CXR,Domestic,VJ,,,,,,,,,,,,
,2026-07-28,VJ146/VJ561,A550,A321,SGN-HAN-HUI,18:55,19:30,18:55,20:45,20:50,21:29,21:30,21:35,01:50,00:40,DELAY,DELAY,DELAY,DELAY,,93,00:35,61,00:10,,,20:50,21:17,,OMC UPDATE FLIGHT PLAN,HAN,SGN,HUI,Domestic,VJ,,,,,,,,,,,,
,2026-07-28,VJ528/VJ971,A575,A321,DAD-HAN-DEL,17:25,19:40,17:25,19:40,18:20,19:39,19:40,19:50,02:15,01:20,ONTIME,ONTIME,ONTIME,DELAY,,,,,,,,19:09,19:36,,,HAN,DAD,DEL,International,VJ,,,,,,,,,,,,
,2026-07-28,VJ144/VJ1925,A549,A321,SGN-HAN-AMD,18:05,19:45,18:05,19:45,18:50,19:44,19:45,20:00,01:40,00:55,ONTIME,ONTIME,ONTIME,DELAY,,,,,,,,19:00,19:50,,,HAN,SGN,AMD,International,VJ,,,,,,,,,,,,
,2026-07-28,VJ420/VJ523,A687,A321,TBB-HAN-DAD,19:15,19:50,19:15,20:30,20:25,20:54,20:55,20:58,01:15,00:30,DELAY,DELAY,DELAY,DELAY,,93,00:25,,,,,20:20,20:52,,,HAN,TBB,DAD,Domestic,VJ,,,,,,,,,,,,
,2026-07-28,VJ438/VJ1785,A650,A320,UIH-HAN-CXR,19:25,19:55,19:25,19:55,19:35,19:54,19:55,20:17,00:30,00:20,ONTIME,ONTIME,DELAY,ONTIME,,,,,,,,19:30,19:52,,LATE PUSHBACK DUE TO ATC,HAN,UIH,CXR,Domestic,VJ,,,,,,,,,,,,
,2026-07-28,VJ931/VJ7712,A525,A321,KIX-HAN-PKX,18:30,20:00,18:30,20:00,18:30,19:51,19:52,20:24,01:30,01:22,EARLY,ONTIME,DELAY,ONTIME,,,,,,,,19:15,19:48,,LATE PUSHBACK DUE TO ATC,HAN,KIX,PKX,International,VJ,,,,,,,,,,,,
,2026-07-28,VJ152/VJ159,A641,A321,SGN-HAN-SGN,19:25,20:20,19:25,21:25,21:20,21:49,21:50,21:55,02:00,00:30,DELAY,DELAY,DELAY,DELAY,,93,00:25,,,,,21:20,21:47,,,HAN,SGN,SGN,Domestic,VJ,,,,,,,,,,,,
,2026-07-28,VJ1452/VJ783,A542,A321,PQC-HAN-CXR,19:50,20:25,19:50,20:25,19:50,20:24,20:25,20:38,00:35,00:35,ONTIME,ONTIME,ONTIME,ONTIME,,,,,,,,19:45,20:21,,,HAN,PQC,CXR,Domestic,VJ,,,,,,,,,,,,
,2026-07-28,VJ949/VJ161,A524,A321,RMQ-HAN-SGN,19:50,20:55,19:50,20:55,20:15,20:54,20:55,20:58,01:05,00:40,ONTIME,ONTIME,ONTIME,DELAY,,,,,,,,20:10,20:52,,,HAN,RMQ,SGN,Domestic,VJ,,,,,,,,,,,,
,2026-07-28,VJ7317/VJ7238,A672,A320,ENH-HAN-PVG,19:25,21:15,19:25,21:15,19:15,21:07,21:08,21:20,01:50,01:53,EARLY,ONTIME,ONTIME,ONTIME,,,,,,,,20:35,21:05,,,HAN,ENH,PVG,International,VJ,,,,,,,,,,,,
,2026-07-28,VJ512/VJ527,A651,A321,DAD-HAN-DAD,18:30,21:45,18:30,21:45,21:20,21:49,21:50,21:55,03:15,00:30,DELAY,ONTIME,ONTIME,DELAY,,93,00:05,,,,,21:20,21:47,,,HAN,DAD,DAD,Domestic,VJ,,,,,,,,,,,,
,2026-07-28,VJ508/VJ7526,A632,A321,DAD-HAN-CAN,15:40,22:30,15:40,22:30,16:17,22:59,23:00,23:08,06:50,06:43,DELAY,DELAY,DELAY,DELAY,,99,00:30,,,,,21:45,22:55,,ACCEPT 3PAX 2BAG TRANSIT FROM VJ914,HAN,DAD,CAN,International,VJ,,,,,,,,,,,,
,2026-07-28,VJ466/VJ167,A532,A321,VCA-HAN-SGN,21:50,22:45,21:50,22:45,22:50,23:18,23:19,23:23,00:55,00:29,DELAY,DELAY,DELAY,DELAY,,93,00:34,,,,,22:50,23:16,,,HAN,VCA,SGN,Domestic,VJ,,,,,,,,,,,,
,2026-07-28,VJ776/VJ35,A814,A330,CXR-HAN-HAK,20:40,23:00,20:40,23:00,21:12,22:51,22:52,22:59,02:20,01:40,EARLY,ONTIME,ONTIME,DELAY,,,,,,,,,,,FERRY FLIGHT,HAN,CXR,HAK,International,VJ,,,,,,,,,,,,
,2026-07-28,VJ468/VJ962,A636,A321,VCA-HAN-ICN,19:50,23:15,19:50,23:15,20:58,23:14,23:15,23:23,03:25,02:17,ONTIME,ONTIME,ONTIME,DELAY,,,,,,,,22:30,23:12,,,HAN,VCA,ICN,International,VJ,,,,,,,,,,,,
,2026-07-28,VJ562/VJ169,A550,A321,HUI-HAN-SGN,22:30,23:25,22:30,01:10,01:05,01:34,01:35,01:40,02:40,00:30,DELAY,DELAY,DELAY,ONTIME,,93,00:25,,,,,01:05,01:33,,,HAN,HUI,SGN,Domestic,VJ,,,,,,,,,,,,
,2026-07-28,VJ520/VJ529,A655,A320,DAD-HAN-DAD,21:10,23:25,21:10,23:25,21:35,23:19,23:20,23:30,02:15,01:45,EARLY,ONTIME,ONTIME,DELAY,,,,,,,,22:40,23:15,,,HAN,DAD,DAD,Domestic,VJ,,,,,,,,,,,,
,2026-07-29,____/VJ932,A552,A321,BMV-HAN-NRT,21:45,00:30,21:45,00:30,,00:29,00:30,00:40,02:45,,ONTIME,ONTIME,ONTIME,ONTIME,,,,,,,,23:45,00:25,,,HAN,BMV,NRT,International,VJ,,,,,,,,,,,,
,2026-07-29,____/VJ982,A647,A321,HAN-PUS,,01:05,,01:05,,01:02,01:03,01:10,,,EARLY,ONTIME,ONTIME,,,,,,,,,00:20,00:55,,,HAN,HAN,PUS,International,VJ,,,,,,,,,,,,
,2026-07-29,VJ7706/VJ7706,A516,A321,CXR-HAN-KHV,00:30,01:05,00:30,01:05,00:55,01:28,01:29,01:42,00:35,00:34,DELAY,DELAY,DELAY,DELAY,,93,00:24,,,,,,,X,,HAN,CXR,KHV,International,VJ,,,,,,,,,,,,
,2026-07-29,____/VJ938,A203,A321,HAN-KIX,,01:20,,01:20,,01:03,01:05,01:10,,,EARLY,ONTIME,ONTIME,,,,,,,,,00:35,01:00,,,HAN,HAN,KIX,International,VJ,,,,,,,,,,,,
,2026-07-29,VJ522/VJ960,A644,A321,DAD-HAN-ICN,22:35,01:40,22:35,01:40,,01:29,01:30,01:33,03:05,,EARLY,ONTIME,ONTIME,ONTIME,,,,,,,,00:50,01:25,,,HAN,DAD,ICN,International,VJ,,,,,,,,,,,,
,2026-07-29,VJ947/VJ920,A529,A321,KHH-HAN-NGO,20:35,01:40,20:35,01:40,,01:39,01:40,01:45,05:05,,ONTIME,ONTIME,ONTIME,ONTIME,,,,,,,,00:50,01:40,,,HAN,KHH,NGO,International,VJ,,,,,,,,,,,,
,2026-07-29,____/VJ445,A534,A321,HAN-PQC,,05:30,,05:30,,05:14,05:15,05:18,,,EARLY,ONTIME,ONTIME,,,,,,,,,04:40,05:12,,,HAN,HAN,PQC,Domestic,VJ,,,,,,,,,,,,
,2026-07-29,____/VJ123,A642,A321,HAN-SGN,,05:30,,05:30,,05:24,05:25,05:35,,,EARLY,ONTIME,ONTIME,,,,,,,,,04:45,05:22,,,HAN,HAN,SGN,Domestic,VJ,,,,,,,,,,,,
,2026-07-29,____/VJ501,A687,A321,HAN-DAD,,05:40,,05:40,,05:34,05:35,05:41,,,EARLY,ONTIME,ONTIME,,,,,,,,,04:55,04:32,,,HAN,HAN,DAD,Domestic,VJ,,,,,,,,,,,,
,2026-07-29,____/VJ1775,A634,A321,HAN-CXR,,05:45,,05:45,,05:39,05:40,05:55,,,EARLY,ONTIME,ONTIME,,,,,,,,,05:00,05:38,,,HAN,HAN,CXR,Domestic,VJ,,,,,,,,,,,,
,2026-07-29,____/VJ771,A671,A320,HAN-CXR,,06:00,,06:00,,05:54,05:55,06:15,,,EARLY,ONTIME,ONTIME,,,,,,,,,05:15,05:53,,LATE PUSHBACK DUE TO ATC,HAN,HAN,CXR,Domestic,VJ,,,,,,,,,,,,
,2026-07-29,____/VJ491,A649,A321,HAN-BMV,,06:00,,06:00,,05:59,06:00,06:10,,,ONTIME,ONTIME,ONTIME,,,,,,,,,05:15,05:57,,,HAN,HAN,BMV,Domestic,VJ,,,,,,,,,,,,
,2026-07-29,VJ7527/VJ121,A632,A321,HAN-SGN,03:05,06:00,03:05,06:00,04:20,05:54,05:55,06:15,02:55,01:35,EARLY,ONTIME,ONTIME,DELAY,,,,,,,,05:12,05:53,,LATE PUSHBACK DUE TO ATC,HAN,HAN,SGN,Domestic,VJ,,,,,,,,,,,,
,2026-07-29,____/VJ431,A699,A320,HAN-UIH,,06:05,,06:05,,06:04,06:05,06:20,,,ONTIME,ONTIME,ONTIME,,,,,,,,,05:20,06:02,,LATE PUSHBACK DUE TO ATC,HAN,HAN,UIH,Domestic,VJ,,,,,,,,,,,,
,2026-07-29,____/VJ531,A522,A321,HAN-DAD,,06:30,,06:30,,06:24,06:25,06:40,,,EARLY,ONTIME,ONTIME,,,,,,,,,05:45,06:22,,,HAN,HAN,DAD,Domestic,VJ,,,,,,,,,,,,
,2026-07-29,____/VJ449,A669,A320,HAN-PQC,,06:30,,06:30,,06:24,06:25,06:40,,,EARLY,ONTIME,ONTIME,,,,,,,,,05:45,06:22,,,HAN,HAN,PQC,Domestic,VJ,,,,,,,,,,,,
,2026-07-29,VJ5069/VJ5069,A580,A321,NOZ-HAN-CXR,08:30,06:45,06:15,06:45,06:45,07:04,07:05,07:15,00:30,00:20,DELAY,DELAY,DELAY,ONTIME,,93,00:20,,,,,,,X,TECHSTOP,HAN,NOZ,CXR,Domestic,VJ,,,,,,,,,,,,
,2026-07-29,VJ7239/VJ461,A672,A320,PVG-HAN-VCA,04:50,06:45,04:50,06:45,04:40,06:39,06:40,06:50,01:55,02:00,EARLY,ONTIME,ONTIME,ONTIME,,,,,,,,06:00,06:37,,,HAN,PVG,VCA,Domestic,VJ,,,,,,,,,,,,
,2026-07-29,____/VJ125,A650,A320,HAN-SGN,,07:00,,07:00,,06:54,06:55,07:25,,,EARLY,ONTIME,DELAY,,,,,,,,,06:00,06:52,,,HAN,HAN,SGN,Domestic,VJ,,,,,,,,,,,,
,2026-07-29,____/VJ1771,A630,A321,HAN-CXR,,07:00,,07:00,,06:54,06:55,07:11,,,EARLY,ONTIME,ONTIME,,,,,,,,,06:15,06:52,,,HAN,HAN,CXR,Domestic,VJ,,,,,,,,,,,,
,2026-07-29,____/VJ421,A658,A320,HAN-PXU,,07:10,,07:10,,07:04,07:05,07:35,,,EARLY,ONTIME,DELAY,,,,,,,,,06:25,07:02,,,HAN,HAN,PXU,Domestic,VJ,,,,,,,,,,,,
,2026-07-29,____/VJ905,A200,A321,HAN-KUL,,07:25,,07:25,,07:29,07:30,07:55,,,DELAY,ONTIME,DELAY,,,99,00:05,,,,,6;40,07:27,,DL99 LATE ACCEPT 2PAX 1BAG,HAN,HAN,KUL,International,VJ,,,,,,,,,,,,
,2026-07-29,____/VJ535,A549,A321,HAN-DAD,,07:25,,07:25,,07:19,07:20,07:55,,,EARLY,ONTIME,DELAY,,,,,,,,,06:40,07:18,,,HAN,HAN,DAD,Domestic,VJ,,,,,,,,,,,,
,2026-07-29,VJ502/VJ503,A683,A321,DAD-HAN-DAD,07:00,07:30,07:00,07:30,06:55,07:23,07:25,08:00,00:30,00:30,EARLY,ONTIME,DELAY,ONTIME,,,,,,,,06:55,07:21,,,HAN,DAD,DAD,Domestic,VJ,,,,,,,,,,,,
,2026-07-29,____/VJ934,A575,A321,HAN-NRT,,07:55,,07:55,,07:54,07:55,08:06,,,ONTIME,ONTIME,ONTIME,,,,,,,,,07:10,07:52,,,HAN,HAN,NRT,International,VJ,,,,,,,,,,,,
,2026-07-29,____/VJ930,A554,A321,HAN-KIX,,07:55,,07:55,,07:54,07:55,08:10,,,ONTIME,ONTIME,ONTIME,,,,,,,,,07:05,07:52,,,HAN,HAN,KIX,International,VJ,,,,,,,,,,,,
,2026-07-29,____/VJ127,A536,A321,HAN-SGN,,08:10,,08:10,,08:09,08:10,08:25,,,ONTIME,ONTIME,ONTIME,,,,,,,,,07:22,08:07,,,HAN,HAN,SGN,Domestic,VJ,,,,,,,,,,,,
,2026-07-29,VJ1780/VJ1779,A684,A321,CXR-HAN-CXR,07:50,08:20,07:50,08:20,08:05,08:29,08:30,08:35,00:30,00:25,DELAY,ONTIME,ONTIME,ONTIME,,93,00:10,,,,,07:55,08:27,,,HAN,CXR,CXR,Domestic,VJ,,,,,,,,,,,,
,2026-07-29,____/VJ929,A525,A321,HAN-CGK,,08:40,,08:40,,08:39,08:40,08:55,,,ONTIME,ONTIME,ONTIME,,,,,,,,,07:50,08:37,,,HAN,HAN,CGK,International,VJ,,,,,,,,,,,,
,2026-07-29,VJ124/VJ129,A643,A321,SGN-HAN-SGN,08:15,08:50,08:15,08:50,08:25,08:54,08:55,09:05,00:35,00:30,DELAY,ONTIME,ONTIME,ONTIME,,93,00:05,,,,,08:20,08:52,,,HAN,SGN,SGN,Domestic,VJ,,,,,,,,,,,,
,2026-07-29,VJ504/VJ435,A655,A320,DAD-HAN-UIH,08:20,08:50,08:20,08:50,08:10,08:48,08:50,08:55,00:30,00:40,ONTIME,ONTIME,ONTIME,ONTIME,,,,,,,,08:10,08:46,,,HAN,DAD,UIH,Domestic,VJ,,,,,,,,,,,,
,2026-07-29,VJ120/VJ447,A689,A320,SGN-HAN-PQC,07:10,09:00,07:10,09:00,07:10,08:59,09:00,09:15,01:50,01:50,ONTIME,ONTIME,ONTIME,ONTIME,,,,,,,,08:20,08:57,,,HAN,SGN,PQC,Domestic,VJ,,,,,,,,,,,,
,2026-07-29,____/VJ505,A553,A321,HAN-DAD,,09:05,,09:05,,09:04,09:05,09:13,,,ONTIME,ONTIME,ONTIME,,,,,,,,,08:30,09:02,,,HAN,HAN,DAD,Domestic,VJ,,,,,,,,,,,,
,2026-07-29,VJ514/VJ563,A687,A321,DAD-HAN-HUI,08:50,09:20,08:50,09:40,09:15,09:43,09:45,09:49,00:50,00:30,DELAY,ONTIME,DELAY,DELAY,,93,00:05,,,,,09:10,09:42,,,HAN,DAD,HUI,Domestic,VJ,,,,,,,,,,,,
,2026-07-29,____/VJ915,A542,A321,HAN-SIN,,09:35,,09:35,,09:24,09:25,09:38,,,EARLY,ONTIME,ONTIME,,,,,,,,,08:50,09:22,,,HAN,HAN,SIN,International,VJ,,,,,,,,,,,,
,2026-07-29,VJ963/VJ1773,A636,A321,ICN-HAN-CXR,08:55,10:00,08:55,10:00,09:20,09:59,10:00,10:08,01:05,00:40,ONTIME,ONTIME,ONTIME,DELAY,,,,,,,,09:25,09:57,,,HAN,ICN,CXR,Domestic,VJ,,,,,,,,,,,,
,2026-07-29,VJ126/VJ131,A662,A320,SGN-HAN-SGN,09:40,10:10,09:40,10:10,09:40,10:09,10:10,10:22,00:30,00:30,ONTIME,ONTIME,ONTIME,ONTIME,,,,,,,,09:30,10:07,,,HAN,SGN,SGN,Domestic,VJ,,,,,,,,,,,,
,2026-07-29,VJ430/VJ463,A699,A320,UIH-HAN-VCA,09:50,10:20,09:50,10:20,09:55,10:18,10:20,10:35,00:30,00:25,ONTIME,ONTIME,ONTIME,ONTIME,,,,,,,,09:50,10:16,,,HAN,UIH,VCA,Domestic,VJ,,,,,,,,,,,,
,2026-07-29,VJ532/VJ425,A522,A321,DAD-HAN-PXU,09:45,10:20,09:45,10:20,10:00,10:29,10:30,10:35,00:35,00:30,DELAY,ONTIME,ONTIME,ONTIME,,93,00:10,,,,,09:54,10:27,,,HAN,DAD,PXU,Domestic,VJ,,,,,,,,,,,,
,2026-07-29,VJ492/VJ493,A649,A321,BMV-HAN-BMV,10:00,10:30,10:00,10:55,10:25,10:51,10:53,10:54,00:55,00:28,EARLY,ONTIME,DELAY,DELAY,,,,,,,,10:20,10:50,,,HAN,BMV,BMV,Domestic,VJ,,,,,,,,,,,,
,2026-07-29,VJ770/VJ437,A671,A320,CXR-HAN-UIH,10:10,10:45,10:10,11:45,11:15,11:44,11:45,11:50,01:35,00:30,ONTIME,ONTIME,DELAY,DELAY,,,,,,,,11:05,11:42,,,HAN,CXR,UIH,Domestic,VJ,,,,,,,,,,,,
,2026-07-29,VJ536/VJ537,A549,A321,DAD-HAN-DAD,10:35,11:05,10:35,11:55,11:40,12:09,12:10,12:20,01:20,00:30,DELAY,ONTIME,DELAY,DELAY,,93,00:15,,,,,11:40,12:07,,,HAN,DAD,DAD,Domestic,VJ,,,,,,,,,,,,
,2026-07-29,VJ524/VJ507,A683,A321,DAD-HAN-DAD,10:40,11:10,10:40,11:10,11:30,11:59,12:00,12:10,00:30,00:30,DELAY,DELAY,DELAY,DELAY,,93,00:50,,,,,11:26,11:57,,,HAN,DAD,DAD,Domestic,VJ,,,,,,,,,,,,
,2026-07-29,VJ1776/VJ901,A634,A321,CXR-HAN-BKK,09:55,11:10,09:55,11:35,10:50,11:34,11:35,11:40,01:40,00:45,ONTIME,ONTIME,DELAY,DELAY,,,,,,,,10:55,11:32,,,HAN,CXR,BKK,International,VJ,,,,,,,,,,,,
,2026-07-29,VJ130/VJ133,A642,A321,SGN-HAN-SGN,10:45,11:20,10:45,11:35,11:00,11:46,11:47,11:50,00:50,00:47,DELAY,ONTIME,DELAY,ONTIME,,66,00:12,,,,,11:17,11:44,,CREW OB 1117L,HAN,SGN,SGN,Domestic,VJ,,,,,,,,,,,,
,2026-07-29,VJ448/VJ565,A534,A321,PQC-HAN-HUI,10:15,11:30,10:15,11:30,10:25,11:29,11:30,11:37,01:15,01:05,ONTIME,ONTIME,ONTIME,ONTIME,,,,,,,,10:45,11:27,,,HAN,PQC,HUI,Domestic,VJ,,,,,,,,,,,,
,2026-07-29,VJ422/VJ451,A658,A320,PXU-HAN-PQC,10:50,11:45,10:50,11:45,11:30,11:49,11:50,11:53,00:55,00:20,DELAY,ONTIME,ONTIME,DELAY,,93,00:05,,,,,11:25,11:47,,,HAN,PXU,PQC,Domestic,VJ,,,,,,,,,,,,
,2026-07-29,VJ128/VJ775,A650,A320,SGN-HAN-CXR,11:50,11:45,11:50,13:05,13:10,13:34,13:35,13:52,01:15,00:25,DELAY,DELAY,DELAY,DELAY,,93,00:30,,,,,13:05,13:32,,,HAN,SGN,CXR,Domestic,VJ,,,,,,,,,,,,
,2026-07-29,VJ1772/VJ1453,A630,A321,CXR-HAN-PQC,11:15,11:50,11:15,12:40,12:30,13:04,13:05,13:13,01:25,00:35,DELAY,DELAY,DELAY,DELAY,,93,00:20,66,00:05,,,12:30,13:02,,CREW OB 1240L,HAN,CXR,PQC,Domestic,VJ,,,,,,,,,,,,
,2026-07-29,VJ462/VJ515,A672,A320,VCA-HAN-DAD,11:40,12:10,11:40,12:15,12:25,12:46,12:47,12:52,00:35,00:22,DELAY,DELAY,DELAY,DELAY,,93,00:32,,,,,12:03,12:44,,,HAN,VCA,DAD,Domestic,VJ,,,,,,,,,,,,
,2026-07-29,VJ450/VJ137,A669,A320,PQC-HAN-SGN,11:15,12:20,11:15,12:35,12:25,12:49,12:50,13:06,01:20,00:25,DELAY,ONTIME,DELAY,DELAY,,93,00:15,,,,,12:25,12:47,,,HAN,PQC,SGN,Domestic,VJ,,,,,,,,,,,,
,2026-07-29,VJ446/VJ453,A202,A321,PQC-HAN-PQC,11:35,13:00,11:35,13:00,12:10,12:59,13:00,13:15,01:25,00:50,ONTIME,ONTIME,ONTIME,DELAY,,,,,,,,12:10,12:57,,,HAN,PQC,PQC,Domestic,VJ,,,,,,,,,,,,
,2026-07-29,VJ432/VJ509,A655,A320,UIH-HAN-DAD,12:35,13:05,12:35,13:05,12:50,13:14,13:15,13:20,00:30,00:25,DELAY,ONTIME,ONTIME,ONTIME,,93,00:10,,,,,12:50,13:12,,,HAN,UIH,DAD,Domestic,VJ,,,,,,,,,,,,
,2026-07-29,VJ506/VJ787,A553,A321,DAD-HAN-CXR,12:15,13:10,12:15,13:30,12:55,13:29,13:30,13:50,01:15,00:35,ONTIME,ONTIME,DELAY,DELAY,,,,,,,,12:55,13:27,,,HAN,DAD,CXR,Domestic,VJ,,,,,,,,,,,,
,2026-07-29,VJ981/VJ433,A647,A321,PUS-HAN-UIH,10:40,13:20,10:40,13:20,10:15,13:15,13:17,13:27,02:40,03:02,EARLY,ONTIME,ONTIME,ONTIME,,,,,,,,12:30,13:13,,,HAN,PUS,UIH,Domestic,VJ,,,,,,,,,,,,
,2026-07-29,VJ939/VJ948,A203,A321,KIX-HAN-RMQ,12:20,13:40,12:20,13:40,12:30,13:39,13:40,13:55,01:20,01:10,ONTIME,ONTIME,ONTIME,ONTIME,,,,,,,,13:00,13:37,,,HAN,KIX,RMQ,International,VJ,,,,,,,,,,,,
,2026-07-29,VJ538/VJ525,A648,A321,DAD-HAN-DAD,14:15,14:05,14:15,15:00,14:50,15:19,15:20,15:30,00:45,00:30,DELAY,DELAY,DELAY,DELAY,,93,00:20,,,,,14:45,15:17,,,HAN,DAD,DAD,Domestic,VJ,,,,,,,,,,,,
,2026-07-29,VJ134/VJ143,A643,A321,SGN-HAN-SGN,13:45,14:20,13:45,14:55,14:30,15:04,15:05,15:15,01:10,00:35,DELAY,ONTIME,DELAY,DELAY,,93,00:05,66,00:05,,,14:40,15:02,,CREW OB 1441L,HAN,SGN,SGN,Domestic,VJ,,,,,,,,,,,,
,2026-07-29,VJ921/VJ942,A529,A321,NGO-HAN-TPE,12:50,14:25,12:50,14:25,12:50,14:24,14:25,14:39,01:35,01:35,ONTIME,ONTIME,ONTIME,ONTIME,,,,,,,,13:42,14:20,,,HAN,NGO,TPE,International,VJ,,,,,,,,,,,,
,2026-07-29,VJ933/VJ946,A552,A321,NRT-HAN-KHH,13:05,14:35,13:05,14:35,13:15,14:30,14:32,14:34,01:30,01:17,EARLY,ONTIME,ONTIME,ONTIME,,,,,,,,13:55,14:28,,,HAN,NRT,KHH,International,VJ,,,,,,,,,,,,
,2026-07-29,VJ961/VJ467,A644,A321,ICN-HAN-VCA,13:35,14:35,13:35,14:35,13:35,14:29,14:30,14:32,01:00,00:55,EARLY,ONTIME,ONTIME,ONTIME,,,,,,,,13:45,14:27,,,HAN,ICN,VCA,Domestic,VJ,,,,,,,,,,,,
,2026-07-29,VJ440/VJ145,A689,A320,PQC-HAN-SGN,13:45,14:50,13:45,15:05,14:40,15:09,15:10,15:16,01:20,00:30,DELAY,ONTIME,DELAY,DELAY,,66,00:05,,,,,14:40,15:07,,CHANGE CREW OB 1447L,HAN,PQC,SGN,Domestic,VJ,,,,,,,,,,,,
,2026-07-29,VJ7707/VJ7707,A516,A321,KHV-HAN-CXR,14:25,14:55,14:25,15:15,14:25,15:01,15:02,15:10,00:50,00:37,EARLY,ONTIME,ONTIME,ONTIME,,,,,,,,,,X,,HAN,KHV,CXR,Domestic,VJ,,,,,,,,,,,,
,2026-07-29,VJ510/VJ511,A667,A321,DAD-HAN-DAD,14:35,15:05,14:35,16:00,15:30,15:59,16:00,16:19,01:25,00:30,ONTIME,ONTIME,DELAY,DELAY,,,,,,,,15:30,15:55,,,HAN,DAD,DAD,Domestic,VJ,,,,,,,,,,,,
,2026-07-29,VJ566/VJ1451,A534,A321,HUI-HAN-PQC,14:30,15:05,14:30,15:05,14:50,15:17,15:18,15:20,00:35,00:28,DELAY,ONTIME,ONTIME,DELAY,,93,00:13,,,,,14:40,15:15,,,HAN,HUI,PQC,Domestic,VJ,,,,,,,,,,,,
,2026-07-29,VJ494/VJ423,A649,A321,BMV-HAN-PXU,14:30,15:05,14:30,15:30,15:10,15:44,15:45,15:52,01:00,00:35,DELAY,ONTIME,DELAY,DELAY,,93,00:10,66,00:05,,,15:18,15:42,,CHANGE CREW OB 1518L,HAN,BMV,PXU,Domestic,VJ,,,,,,,,,,,,
,2026-07-29,VJ1774/VJ419,A636,A321,CXR-HAN-TBB,14:20,15:10,14:20,15:10,15:00,15:17,15:18,15:25,00:50,00:18,DELAY,ONTIME,ONTIME,DELAY,,93,00:08,,,,,14:50,15:15,,,HAN,CXR,TBB,Domestic,VJ,,,,,,,,,,,,
,2026-07-29,VJ7620/VJ7620,A580,A321,CXR-HAN-BAX,15:05,15:40,15:05,15:40,15:25,15:54,15:55,16:16,00:35,00:30,DELAY,ONTIME,DELAY,DELAY,,93,00:15,,,,,,,X,,HAN,CXR,BAX,International,VJ,,,,,,,,,,,,
,2026-07-29,VJ136/VJ439,A632,A321,SGN-HAN-UIH,14:30,15:40,14:30,16:50,16:30,16:59,17:00,17:15,02:20,00:30,DELAY,ONTIME,DELAY,DELAY,,93,00:10,,,,,16:30,16:55,,,HAN,SGN,UIH,Domestic,VJ,,,,,,,,,,,,
,2026-07-29,VJ138/VJ147,A639,A321,SGN-HAN-SGN,15:15,15:45,15:15,16:10,16:00,16:29,16:30,16:50,00:55,00:30,DELAY,DELAY,DELAY,DELAY,,93,00:20,,,,,16:00,16:27,,,HAN,SGN,SGN,Domestic,VJ,,,,,,,,,,,,
,2026-07-29,VJ426/VJ903,A522,A321,PXU-HAN-BKK,14:05,15:45,14:05,15:45,14:10,15:40,15:42,15:50,01:40,01:32,EARLY,ONTIME,ONTIME,ONTIME,,,,,,,,15:00,15:38,,,HAN,PXU,BKK,International,VJ,,,,,,,,,,,,
,2026-07-29,VJ436/VJ567,A671,A320,UIH-HAN-HUI,14:30,15:55,14:30,16:05,15:55,16:14,16:15,16:16,01:35,00:20,DELAY,ONTIME,DELAY,DELAY,,93,00:15,,,,,15:50,16:10,,,HAN,UIH,HUI,Domestic,VJ,,,,,,,,,,,,
,2026-07-29,VJ464/VJ773,A699,A320,VCA-HAN-CXR,15:10,16:00,15:10,16:00,15:20,15:54,15:55,16:05,00:50,00:35,EARLY,ONTIME,ONTIME,ONTIME,,,,,,,,15:15,15:52,,,HAN,VCA,CXR,Domestic,VJ,,,,,,,,,,,,
,2026-07-29,VJ906/VJ539,A200,A321,KUL-HAN-DAD,14:40,16:20,14:40,16:20,15:45,16:29,16:30,16:35,01:40,00:45,DELAY,ONTIME,ONTIME,DELAY,,66,00:10,,,,,15:55,16:27,,CHANGE CREW OB 1603L,HAN,KUL,DAD,Domestic,VJ,,,,,,,,,,,,
,2026-07-29,VJ140/VJ151,A642,A321,SGN-HAN-SGN,16:20,16:50,16:20,17:50,18:00,18:34,18:35,18:49,01:30,00:35,DELAY,DELAY,DELAY,DELAY,,93,00:40,66,00:05,,,18:10,18:30,,CREW OB 1813L,HAN,SGN,SGN,Domestic,VJ,,,,,,,,,,,,
,2026-07-29,VJ902/VJ193,A634,A321,BKK-HAN-SGN,15:50,16:50,15:50,17:10,16:40,17:09,17:10,17:15,01:20,00:30,ONTIME,ONTIME,DELAY,DELAY,,,,,,,,16:40,17:05,,,HAN,BKK,SGN,Domestic,VJ,,,,,,,,,,,,
,2026-07-29,VJ530/VJ513,A662,A320,DAD-HAN-DAD,16:15,16:50,16:40,17:30,17:40,18:04,18:05,18:32,00:50,00:25,DELAY,DELAY,DELAY,DELAY,,93,00:35,,,,,17:35,,,,HAN,DAD,DAD,Domestic,VJ,,,,,,,,,,,,
,2026-07-29,VJ2986/VJ2986,A549,A321,DAD-HAN-NOZ,16:20,16:55,16:20,16:55,16:45,17:14,17:15,17:49,00:35,00:30,DELAY,DELAY,DELAY,DELAY,,93,00:20,,,,,,,X,,HAN,DAD,NOZ,International,VJ,,,,,,,,,,,,
,2026-07-29,VJ508/VJ495,A672,A320,DAD-HAN-BMV,15:25,17:30,15:25,17:30,16:25,17:29,17:30,17:45,02:05,01:05,ONTIME,ONTIME,ONTIME,DELAY,,,,,,,,16:30,17:27,,,HAN,DAD,BMV,Domestic,VJ,,,,,,,,,,,,
,2026-07-29,VJ452/VJ141,A646,A321,PQC-HAN-SGN,16:05,17:35,16:05,17:35,17:15,17:44,17:45,18:00,01:30,00:30,DELAY,ONTIME,DELAY,DELAY,,93,00:10,,,,,17:05,17:42,,,HAN,PQC,SGN,Domestic,VJ,,,,,,,,,,,,
,2026-07-29,VJ454/VJ1431,A658,A320,PQC-HAN-UIH,16:45,17:40,16:45,17:40,16:55,17:34,17:35,17:51,00:55,00:40,EARLY,ONTIME,ONTIME,ONTIME,,,,,,,,16:55,17:30,,,HAN,PQC,UIH,Domestic,VJ,,,,,,,,,,,,
,2026-07-29,VJ774/VJ517,A553,A321,CXR-HAN-DAD,17:15,17:45,17:15,18:45,18:25,18:54,18:55,19:05,01:30,00:30,DELAY,ONTIME,DELAY,DELAY,,93,00:10,,,,,18:25,18:50,,,HAN,CXR,DAD,Domestic,VJ,,,,,,,,,,,,
,2026-07-29,VJ434/VJ153,A647,A321,UIH-HAN-SGN,17:10,18:05,17:10,18:05,17:40,18:09,18:10,18:20,00:55,00:30,DELAY,ONTIME,ONTIME,DELAY,,93,00:05,,,,,17:40,18:06,,,HAN,UIH,SGN,Domestic,VJ,,,,,,,,,,,,
,2026-07-29,VJ456/VJ781,A202,A321,PQC-HAN-CXR,17:45,18:20,17:45,18:20,18:15,18:29,18:30,18:50,00:35,00:15,DELAY,ONTIME,DELAY,DELAY,,93,00:10,,,,,18:10,18:25,,,HAN,PQC,CXR,Domestic,VJ,,,,,,,,,,,,
,2026-07-29,VJ512/VJ521,A535,A321,DAD-HAN-DAD,18:15,18:45,20:20,21:00,20:25,20:59,21:00,21:05,00:40,00:35,ONTIME,ONTIME,DELAY,DELAY,,,,,,,,20:25,20:55,,,HAN,DAD,DAD,Domestic,VJ,,,,,,,,,,,,
,2026-07-29,VJ772/VJ789,A650,A320,CXR-HAN-CXR,15:55,18:45,15:55,19:10,18:45,19:09,19:10,19:22,03:15,00:25,ONTIME,ONTIME,DELAY,DELAY,,,,,,,,18:40,,,,HAN,CXR,CXR,Domestic,VJ,,,,,,,,,,,,
,2026-07-29,VJ424/VJ561,A649,A321,PXU-HAN-HUI,18:45,19:15,18:45,20:25,19:20,20:14,20:15,20:25,01:40,00:55,EARLY,ONTIME,DELAY,DELAY,,,,,,,,19:40,20:12,,,HAN,PXU,HUI,Domestic,VJ,,,,,,,,,,,,
,2026-07-29,VJ144/VJ519,A637,A321,SGN-HAN-DAD,18:20,19:25,18:20,19:25,18:40,19:24,19:25,19:40,01:05,00:45,ONTIME,ONTIME,ONTIME,DELAY,,,,,,,,18:40,19:22,,,HAN,SGN,DAD,Domestic,VJ,,,,,,,,,,,,
,2026-07-29,VJ916/VJ1127,A542,A321,SIN-HAN-SGN,17:25,19:25,17:25,19:25,17:50,19:23,19:25,19:40,02:00,01:35,ONTIME,ONTIME,ONTIME,DELAY,,,,,,,,18:35,19:21,,,HAN,SIN,SGN,Domestic,VJ,,,,,,,,,,,,
,2026-07-29,VJ146/VJ523,A643,A321,SGN-HAN-DAD,19:15,19:50,19:15,21:15,20:55,21:19,21:20,21:25,02:00,00:25,DELAY,ONTIME,DELAY,DELAY,,93,00:05,,,,,10:45,21:17,,,HAN,SGN,DAD,Domestic,VJ,,,,,,,,,,,,
,2026-07-29,VJ568/VJ7712,A671,A320,HUI-HAN-PKX,15:25,19:55,15:25,19:55,19:30,20:04,20:05,20:10,04:30,00:35,DELAY,ONTIME,ONTIME,DELAY,,66,00:10,,,,,19:35,20:00,,CREW OB 1939,HAN,HUI,PKX,International,VJ,,,,,,,,,,,,
,2026-07-29,VJ438/VJ1785,A632,A321,UIH-HAN-CXR,19:25,19:55,19:25,21:50,21:20,21:42,21:43,21:50,02:25,00:23,EARLY,ONTIME,DELAY,DELAY,,,,,,,,21:15,21:40,,,HAN,UIH,CXR,Domestic,VJ,,,,,,,,,,,,
,2026-07-29,VJ928/VJ907,A525,A321,CGK-HAN-BOM,18:15,20:05,18:15,20:05,18:33,20:02,20:03,20:12,01:50,01:30,EARLY,ONTIME,ONTIME,DELAY,,,,,,,,19:28,20:00,,,HAN,CGK,BOM,International,VJ,,,,,,,,,,,,
,2026-07-29,VJ540/VJ455,A200,A321,DAD-HAN-PQC,19:30,20:05,19:30,21:00,20:20,20:59,21:00,21:05,01:30,00:40,ONTIME,ONTIME,DELAY,DELAY,,,,,,,,20:20,20:57,,,HAN,DAD,PQC,Domestic,VJ,,,,,,,,,,,,
,2026-07-29,VJ420/VJ159,A636,A321,TBB-HAN-SGN,19:15,20:15,19:15,20:40,19:15,21:39,21:40,21:50,01:25,02:25,DELAY,DELAY,DELAY,ONTIME,,95,01:00,,,,,21:20,21:37,,CREW FROM VJ152 OB 2120LT,HAN,TBB,SGN,Domestic,VJ,,,,,,,,,,,,
,2026-07-29,VJ1452/VJ783,A534,A321,PQC-HAN-CXR,19:50,20:25,19:50,20:45,20:45,21:09,21:10,21:12,00:55,00:25,DELAY,DELAY,DELAY,DELAY,,93,00:25,,,,,20:40,21:06,,,HAN,PQC,CXR,Domestic,VJ,,,,,,,,,,,,
,2026-07-29,VJ776/VJ7238,A699,A320,CXR-HAN-PVG,20:10,21:15,20:10,21:15,20:50,21:39,21:40,21:45,01:05,00:50,DELAY,DELAY,DELAY,DELAY,,66,00:15,49,00:10,,,21:05,21:29,,MCC DO TECHLOG,HAN,CXR,PVG,International,VJ,,,,,,,,,,,,
,2026-07-29,VJ516/VJ527,A662,A320,DAD-HAN-DAD,20:00,21:25,20:00,22:25,22:10,22:29,22:30,22:36,02:25,00:20,DELAY,ONTIME,DELAY,DELAY,,93,00:05,,,,,22:10,22:27,,,HAN,DAD,DAD,Domestic,VJ,,,,,,,,,,,,
,2026-07-29,VJ154/VJ163,A684,A321,SGN-HAN-SGN,21:15,21:45,21:15,21:45,22:15,22:42,22:43,22:45,00:30,00:28,DELAY,DELAY,DELAY,DELAY,,93,00:58,,,,,22:15,22:40,,,HAN,SGN,SGN,Domestic,VJ,,,,,,,,,,,,
,2026-07-29,VJ904/VJ7526,A522,A321,BKK-HAN-CAN,20:25,22:30,20:25,22:30,21:25,22:25,22:26,22:29,02:05,01:01,EARLY,ONTIME,ONTIME,DELAY,,,,,,,,21:53,22:23,,,HAN,BKK,CAN,International,VJ,,,,,,,,,,,,
,2026-07-29,VJ520/VJ529,A544,A321,DAD-HAN-DAD,20:55,22:35,20:55,22:35,21:00,22:29,22:30,22:34,01:40,01:30,EARLY,ONTIME,ONTIME,ONTIME,,,,,,,,21:50,22:25,,,HAN,DAD,DAD,Domestic,VJ,,,,,,,,,,,,
,2026-07-29,VJ150/VJ167,A651,A321,SGN-HAN-SGN,22:30,23:05,22:30,23:35,23:40,00:09,00:10,00:15,01:05,00:30,DELAY,DELAY,DELAY,DELAY,,93,00:35,,,,,23:40,00:07,,,HAN,SGN,SGN,Domestic,VJ,,,,,,,,,,,,
,2026-07-29,VJ943/VJ962,A529,A321,TPE-HAN-ICN,20:55,23:15,20:55,23:15,21:45,23:14,23:15,23:19,02:20,01:30,ONTIME,ONTIME,ONTIME,DELAY,,,,,,,,22:40,23:12,,,HAN,TPE,ICN,International,VJ,,,,,,,,,,,,
,2026-07-29,AI2390/AI2391,VT-TQD,A320,DEL-HAN-DEL,07:20,08:20,07:20,08:20,07:53,08:52,08:54,09:10,01:00,01:01,DELAY,DELAY,DELAY,DELAY,,93,00:34,,,,,,,,,HAN,DEL,DEL,International,AI,,,,,,,,,,,,
,2026-07-30,____/VJ932,A203,A321,HAN-NRT,,00:30,,00:30,,00:34,00:35,00:45,,,DELAY,ONTIME,ONTIME,,,15A,00:05,,,,,23:40,00:28,,OFFL 1 PAX 1 PCS,HAN,HAN,NRT,International,VJ,,,,,,,,,,,,
,2026-07-30,____/VJ982,A644,A321,HAN-PUS,,01:05,,01:05,,01:02,01:03,01:07,,,EARLY,ONTIME,ONTIME,,,,,,,,,00:20,01:00,,,HAN,HAN,PUS,International,VJ,,,,,,,,,,,,
,2026-07-30,____/VJ938,A575,A321,HAN-KIX,,01:20,,01:20,,01:19,01:20,01:30,,,ONTIME,ONTIME,ONTIME,,,,,,,,,00:30,01:17,,,HAN,HAN,KIX,International,VJ,,,,,,,,,,,,
,2026-07-30,____/VJ960,A554,A321,HAN-ICN,,01:40,,01:40,,01:39,01:40,01:50,,,ONTIME,ONTIME,ONTIME,,,,,,,,,00:50,01:37,,,HAN,HAN,ICN,International,VJ,,,,,,,,,,,,
,2026-07-30,____/VJ920,A553,A321,HAN-NGO,,01:40,,01:40,,01:49,01:50,01:55,,,DELAY,ONTIME,ONTIME,,,99,00:10,,,,,00:50,01:48,,LATE ACCEPT 08 PAX + 09 BAG FROM VJ160,HAN,HAN,NGO,International,VJ,,,,,,,,,,,,
,2026-07-30,____/VJ958,A670,A321,HAN-FUK,,02:05,,02:05,,02:04,02:05,02:15,,,ONTIME,ONTIME,ONTIME,,,,,,,,,01:15,02:02,,,HAN,HAN,FUK,International,VJ,,,,,,,,,,,,
,2026-07-30,____/VJ1980,A650,A320,HAN-FSZ,,02:40,,02:40,,02:39,02:40,02:50,,,ONTIME,ONTIME,ONTIME,,,,,,,,,02:15,02:37,,,HAN,HAN,FSZ,International,VJ,,,,,,,,,,,,
,2026-07-30,____/VJ123,A641,A321,HAN-SGN,,05:30,,05:30,,05:24,05:25,05:30,,,EARLY,ONTIME,ONTIME,,,,,,,,,04:43,05:22,,,HAN,HAN,SGN,Domestic,VJ,,,,,,,,,,,,
,2026-07-30,____/VJ445,A637,A321,HAN-PQC,,05:30,,05:30,,05:24,05:25,05:27,,,EARLY,ONTIME,ONTIME,,,,,,,,,04:33,05:20,,,HAN,HAN,PQC,Domestic,VJ,,,,,,,,,,,,
,2026-07-30,____/VJ501,A632,A321,HAN-DAD,,05:40,,05:40,,05:34,05:35,05:50,,,EARLY,ONTIME,ONTIME,,,,,,,,,05:05,05:32,,,HAN,HAN,DAD,Domestic,VJ,,,,,,,,,,,,
,2026-07-30,____/VJ121,A648,A321,HAN-SGN,,06:00,,06:00,,05:54,05:55,05:58,,,EARLY,ONTIME,ONTIME,,,,,,,,,05:15,05:50,,,HAN,HAN,SGN,Domestic,VJ,,,,,,,,,,,,
,2026-07-30,____/VJ771,A668,A320,HAN-CXR,,06:00,,06:00,,05:54,05:55,06:07,,,EARLY,ONTIME,ONTIME,,,,,,,,,05:15,05:52,,,HAN,HAN,CXR,Domestic,VJ,,,,,,,,,,,,
,2026-07-30,____/VJ1775,A643,A321,HAN-CXR,,06:00,,06:00,,05:54,05:55,06:00,,,EARLY,ONTIME,ONTIME,,,,,,,,,05:15,05:52,,,HAN,HAN,CXR,Domestic,VJ,,,,,,,,,,,,
,2026-07-30,____/VJ491,A542,A321,HAN-BMV,,06:00,,06:00,,05:54,05:55,06:03,,,EARLY,ONTIME,ONTIME,,,,,,,,,05:15,05:52,,,HAN,HAN,BMV,Domestic,VJ,,,,,,,,,,,,
,2026-07-30,____/VJ431,A666,A320,HAN-UIH,,06:05,,06:05,,05:53,05:54,06:05,,,EARLY,ONTIME,ONTIME,,,,,,,,,05:15,05:51,,,HAN,HAN,UIH,Domestic,VJ,,,,,,,,,,,,
,2026-07-30,____/VJ952,A658,A320,HAN-HIJ,,06:15,,06:15,,06:09,06:10,06:12,,,EARLY,ONTIME,ONTIME,,,,,,,,,05:25,06:05,,,HAN,HAN,HIJ,International,VJ,,,,,,,,,,,,
,2026-07-30,____/VJ531,A687,A321,HAN-DAD,,06:30,,06:30,,06:24,06:25,06:30,,,EARLY,ONTIME,ONTIME,,,,,,,,,05:40,06:22,,,HAN,HAN,DAD,Domestic,VJ,,,,,,,,,,,,
,2026-07-30,____/VJ461,A649,A321,HAN-VCA,,06:45,,06:45,,06:37,06:38,06:40,,,EARLY,ONTIME,ONTIME,,,,,,,,,06:00,06:35,,,HAN,HAN,VCA,Domestic,VJ,,,,,,,,,,,,
,2026-07-30,VJ2987/VJ2987,A549,A321,NOZ-HAN-DAD,06:15,06:45,06:15,06:45,06:30,06:44,06:45,06:50,00:30,00:15,ONTIME,ONTIME,ONTIME,ONTIME,,,,,,,,,,X,,HAN,NOZ,DAD,Domestic,VJ,,,,,,,,,,,,
,2026-07-30,____/VJ1771,A534,A321,HAN-CXR,,07:00,,07:00,,06:54,06:55,06:56,,,EARLY,ONTIME,ONTIME,,,,,,,,,06:10,06:52,,,HAN,HAN,CXR,Domestic,VJ,,,,,,,,,,,,
,2026-07-30,VJ7713/VJ125,A671,A320,PKX-HAN-SGN,03:55,07:00,03:55,07:00,04:00,06:54,06:55,07:02,03:05,02:55,EARLY,ONTIME,ONTIME,ONTIME,,,,,,,,06:10,06:52,,,HAN,PKX,SGN,Domestic,VJ,,,,,,,,,,,,
,2026-07-30,____/VJ421,A672,A320,HAN-PXU,,07:10,,07:10,,07:04,07:05,07:10,,,EARLY,ONTIME,ONTIME,,,,,,,,,06:25,07:02,,,HAN,HAN,PXU,Domestic,VJ,,,,,,,,,,,,
,2026-07-30,VJ7527/VJ535,A522,A321,CAN-HAN-DAD,03:05,07:25,03:05,07:25,03:20,07:19,07:20,07:29,04:20,04:00,EARLY,ONTIME,ONTIME,ONTIME,,,,,,,,06:40,07:16,,,HAN,CAN,DAD,Domestic,VJ,,,,,,,,,,,,
,2026-07-30,VJ502/VJ503,A535,A321,DAD-HAN-DAD,07:00,07:30,07:00,07:30,06:50,07:29,07:30,07:31,00:30,00:40,ONTIME,ONTIME,ONTIME,ONTIME,,,,,,,,06:50,07:27,,,HAN,DAD,DAD,Domestic,VJ,,,,,,,,,,,,
,2026-07-30,____/VJ934,A552,A321,HAN-NRT,,07:55,,07:55,,07:49,07:50,08:00,,,EARLY,ONTIME,ONTIME,,,,,,,,,07:10,07:50,,,HAN,HAN,NRT,International,VJ,,,,,,,,,,,,
,2026-07-30,____/VJ930,A674,A321,HAN-KIX,,07:55,,07:55,,07:49,07:50,07:57,,,EARLY,ONTIME,ONTIME,,,,,,,,,07:10,07:45,,,HAN,HAN,KIX,International,VJ,,,,,,,,,,,,
,2026-07-30,VJ120/VJ127,A812,A330,SGN-HAN-SGN,07:10,08:10,07:10,08:10,07:10,08:09,08:10,08:14,01:00,01:00,ONTIME,ONTIME,ONTIME,ONTIME,,,,,,,,07:15,08:05,,,HAN,SGN,SGN,Domestic,VJ,,,,,,,,,,,,
,2026-07-30,VJ910/VJ929,A525,A321,BOM-HAN-CGK,,08:40,,08:40,06:45,08:39,08:40,08:47,,,ONTIME,ONTIME,ONTIME,,,,,,,,,08:00,08:37,,,HAN,BOM,CGK,International,VJ,,,,,,,,,,,,
,2026-07-30,____/VJ447,A647,A321,HAN-PQC,,08:45,,08:45,,08:44,08:45,08:50,,,ONTIME,ONTIME,ONTIME,,,,,,,,,07:55,08:43,,,HAN,HAN,PQC,Domestic,VJ,,,,,,,,,,,,
,2026-07-30,____/VJ435,A699,A320,HAN-UIH,,08:50,,08:50,,08:45,08:46,08:52,,,EARLY,ONTIME,ONTIME,,,,,,,,,08:00,08:43,,,HAN,HAN,UIH,Domestic,VJ,,,,,,,,,,,,
,2026-07-30,VJ7621/VJ7621,A580,A321,BAX-HAN-CXR,08:30,09:00,08:30,09:00,08:00,08:34,08:35,08:55,00:30,00:35,EARLY,ONTIME,ONTIME,ONTIME,,,,,,,,,,X,,HAN,BAX,CXR,Domestic,VJ,,,,,,,,,,,,
,2026-07-30,VJ514/VJ563,A632,A321,DAD-HAN-HUI,08:50,09:20,08:50,09:55,09:30,09:54,09:55,10:05,01:05,00:25,ONTIME,ONTIME,DELAY,DELAY,,,,,,,,09:30,09:50,,,HAN,DAD,HUI,Domestic,VJ,,,,,,,,,,,,
,2026-07-30,____/VJ915,A521,A321,HAN-SIN,,09:35,,09:35,,09:39,09:40,09:45,,,DELAY,ONTIME,ONTIME,,,15A,00:05,,,,,08:45,09:34,,OFFLOAD 3PAX 2BAG,HAN,HAN,SIN,International,VJ,,,,,,,,,,,,
,2026-07-30,VJ126/VJ131,A640,A321,SGN-HAN-SGN,09:40,10:10,09:40,10:10,09:50,10:19,10:20,10:32,00:30,00:30,DELAY,ONTIME,DELAY,ONTIME,,93,00:10,,,,,09:45,10:15,,,HAN,SGN,SGN,Domestic,VJ,,,,,,,,,,,,
,2026-07-30,VJ504/VJ135,A811,A330,DAD-HAN-SGN,08:20,10:10,08:20,10:10,09:00,10:09,10:10,10:15,01:50,01:10,ONTIME,ONTIME,ONTIME,DELAY,,,,,,,,09:25,10:05,,,HAN,DAD,SGN,Domestic,VJ,,,,,,,,,,,,
,2026-07-30,VJ430/VJ463,A666,A320,UIH-HAN-VCA,09:50,10:20,09:50,10:20,10:15,10:34,10:35,10:45,00:30,00:20,DELAY,ONTIME,DELAY,DELAY,,93,00:15,,,,,10:15,10:32,,LATE TAKEOFF DUE TO ATC,HAN,UIH,VCA,Domestic,VJ,,,,,,,,,,,,
,2026-07-30,VJ532/VJ1773,A687,A321,DAD-HAN-CXR,09:45,10:20,09:45,10:20,10:05,10:33,10:34,10:35,00:35,00:29,DELAY,ONTIME,ONTIME,DELAY,,93,00:14,,,,,09:55,10:31,,,HAN,DAD,CXR,Domestic,VJ,,,,,,,,,,,,
,2026-07-30,VJ963/VJ997,A529,A321,ICN-HAN-DPS,08:55,10:25,08:55,10:25,08:55,10:24,10:25,10:35,01:30,01:30,ONTIME,ONTIME,ONTIME,ONTIME,,,,,,,,09:45,10:20,,LATE TAKEOFF DUE TO ATC,HAN,ICN,DPS,International,VJ,,,,,,,,,,,,
,2026-07-30,VJ492/VJ493,A542,A321,BMV-HAN-BMV,10:00,10:30,10:00,10:30,10:15,10:43,10:44,10:45,00:30,00:29,DELAY,ONTIME,ONTIME,ONTIME,,93,00:14,,,,,10:15,10:40,,,HAN,BMV,BMV,Domestic,VJ,,,,,,,,,,,,
,2026-07-30,VJ122/VJ565,A634,A321,SGN-HAN-HUI,09:05,10:30,09:05,10:30,09:25,10:29,10:30,10:35,01:25,01:05,ONTIME,ONTIME,ONTIME,DELAY,,,,,,,,09:40,10:28,,,HAN,SGN,HUI,Domestic,VJ,,,,,,,,,,,,
,2026-07-30,VJ770/VJ437,A668,A320,CXR-HAN-UIH,10:10,10:40,10:10,11:30,11:25,11:40,11:41,11:50,01:20,00:16,DELAY,ONTIME,DELAY,DELAY,,93,00:11,,,,,11:20,11:37,,,HAN,CXR,UIH,Domestic,VJ,,,,,,,,,,,,
,2026-07-30,VJ1776/VJ425,A643,A321,CXR-HAN-PXU,10:10,10:45,10:10,10:45,10:45,11:08,11:09,11:15,00:35,00:24,DELAY,DELAY,DELAY,DELAY,,93,00:24,,,,,10:40,11:05,,,HAN,CXR,PXU,Domestic,VJ,,,,,,,,,,,,
,2026-07-30,VJ448/VJ901,A637,A321,PQC-HAN-BKK,10:15,11:10,10:15,11:40,11:05,11:39,11:40,11:57,01:25,00:35,ONTIME,ONTIME,DELAY,DELAY,,,,,,,,11:05,11:35,,,HAN,PQC,BKK,International,VJ,,,,,,,,,,,,
,2026-07-30,VJ524/VJ507,A535,A321,DAD-HAN-DAD,10:40,11:10,10:40,11:10,10:56,11:23,11:24,11:25,00:30,00:28,DELAY,ONTIME,ONTIME,DELAY,,93,00:14,,,,,10:45,11:22,,,HAN,DAD,DAD,Domestic,VJ,,,,,,,,,,,,
,2026-07-30,VJ130/VJ133,A550,A321,SGN-HAN-SGN,10:50,11:20,10:50,11:45,11:30,11:59,12:00,12:15,00:55,00:30,DELAY,ONTIME,DELAY,DELAY,,93,00:15,,,,,11:30,11:55,,,HAN,SGN,SGN,Domestic,VJ,,,,,,,,,,,,
,2026-07-30,VJ1772/VJ1453,A534,A321,CXR-HAN-PQC,11:15,11:50,11:15,11:50,11:47,12:16,12:17,12:35,00:35,00:30,DELAY,DELAY,DELAY,DELAY,,93,00:27,,,,,11:47,12:14,,,HAN,CXR,PQC,Domestic,VJ,,,,,,,,,,,,
,2026-07-30,VJ422/VJ7638,A672,A320,PXU-HAN-TXN,10:50,12:10,10:50,12:10,11:15,12:08,12:10,12:35,01:20,00:55,ONTIME,ONTIME,DELAY,DELAY,,,,,,,,11:30,12:05,,LATE PUSHBACK DUE TO VIP MOVE,HAN,PXU,TXN,International,VJ,,,,,,,,,,,,
,2026-07-30,VJ462/VJ515,A649,A321,VCA-HAN-DAD,11:40,12:15,11:40,12:15,11:55,12:14,12:15,12:40,00:35,00:20,ONTIME,ONTIME,DELAY,ONTIME,,,,,,,,11:50,12:10,,,HAN,VCA,DAD,Domestic,VJ,,,,,,,,,,,,
,2026-07-30,VJ981/VJ137,A644,A321,PUS-HAN-SGN,10:40,12:20,10:40,12:20,10:26,12:19,12:20,12:35,01:40,01:54,ONTIME,ONTIME,ONTIME,ONTIME,,,,,,,,11:40,12:18,,,HAN,PUS,SGN,Domestic,VJ,,,,,,,,,,,,
,2026-07-30,VJ959/VJ453,A670,A321,FUK-HAN-PQC,11:25,13:00,11:25,13:00,11:35,12:55,12:56,13:02,01:35,01:21,EARLY,ONTIME,ONTIME,ONTIME,,,,,,,,12:15,12:52,,,HAN,FUK,PQC,Domestic,VJ,,,,,,,,,,,,
,2026-07-30,VJ432/VJ509,A699,A320,UIH-HAN-DAD,12:35,13:05,12:35,13:05,13:10,13:32,13:33,13:35,00:30,00:23,DELAY,DELAY,DELAY,DELAY,,93,00:23,,,,,13:10,13:30,,,HAN,UIH,DAD,Domestic,VJ,,,,,,,,,,,,
,2026-07-30,VJ564/VJ787,A632,A321,HUI-HAN-CXR,12:20,13:10,12:20,14:10,13:33,14:06,14:10,14:15,01:50,00:37,ONTIME,ONTIME,DELAY,DELAY,,,,,,,,13:30,14:03,,,HAN,HUI,CXR,Domestic,VJ,,,,,,,,,,,,
,2026-07-30,VJ939/VJ948,A575,A321,KIX-HAN-RMQ,12:20,13:30,12:20,13:30,12:10,13:34,13:35,13:40,01:10,01:25,DELAY,ONTIME,ONTIME,ONTIME,,99,00:05,,,,,12:40,13:30,,LATE ACC 4PAX 3BAG,HAN,KIX,RMQ,International,VJ,,,,,,,,,,,,
,2026-07-30,VJ566/VJ441,A634,A321,HUI-HAN-PQC,13:30,14:00,13:30,14:30,13:55,14:22,14:24,14:28,01:00,00:29,EARLY,ONTIME,DELAY,DELAY,,,,,,,,13:45,14:00,,,HAN,HUI,PQC,Domestic,VJ,,,,,,,,,,,,
,2026-07-30,VJ128/VJ7316,A671,A320,SGN-HAN-ENH,11:50,14:00,11:50,14:00,12:25,13:54,13:55,13:58,02:10,01:30,EARLY,ONTIME,ONTIME,DELAY,,,,,,,,13:10,13:50,,,HAN,SGN,ENH,International,VJ,,,,,,,,,,,,
,2026-07-30,VJ921/VJ525,A553,A321,NGO-HAN-DAD,12:50,14:05,12:50,14:05,13:25,14:04,14:05,14:10,01:15,00:40,ONTIME,ONTIME,ONTIME,DELAY,,,,,,,,13:30,14:00,,,HAN,NGO,DAD,Domestic,VJ,,,,,,,,,,,,
,2026-07-30,VJ52/VJ143,A607,A321,HUI-HAN-SGN,13:25,14:05,13:25,15:05,14:20,15:14,15:15,15:20,01:40,00:55,DELAY,ONTIME,DELAY,DELAY,,41,00:10,,,,,14:45,15:05,,TECHNICAL CHECK,HAN,HUI,SGN,Domestic,VJ,,,,,,,,,,,,
,2026-07-30,VJ933/VJ942,A203,A321,NRT-HAN-TPE,13:05,14:25,13:05,14:25,13:15,14:20,14:21,14:23,01:20,01:06,EARLY,ONTIME,ONTIME,ONTIME,,,,,,,,13:30,14:18,,,HAN,NRT,TPE,International,VJ,,,,,,,,,,,,
,2026-07-30,VJ1504/VJ1505,A667,A321,DAD-HAN-DAD,14:00,14:35,14:00,16:15,15:50,16:14,16:15,16:28,02:15,00:25,ONTIME,ONTIME,DELAY,DELAY,,,,,,,,15:50,16:10,,,HAN,DAD,DAD,Domestic,VJ,,,,,,,,,,,,
,2026-07-30,VJ536/VJ145,A662,A320,DAD-HAN-SGN,11:00,14:40,11:00,14:40,11:55,14:44,14:45,14:50,03:40,02:50,DELAY,ONTIME,ONTIME,DELAY,,,,41,00:05,,,13:55,14:35,,TECHNICAL CHECK,HAN,DAD,SGN,Domestic,VJ,,,,,,,,,,,,
,2026-07-30,VJ134/VJ467,A685,A321,SGN-HAN-VCA,14:05,14:45,14:05,15:00,14:40,15:09,15:10,15:20,00:55,00:30,DELAY,ONTIME,DELAY,DELAY,,93,00:10,,,,,14:45,15:08,,,HAN,SGN,VCA,Domestic,VJ,,,,,,,,,,,,
,2026-07-30,VJ961/VJ946,A554,A321,ICN-HAN-KHH,13:35,14:50,13:35,14:50,13:40,14:48,14:50,14:54,01:15,01:10,ONTIME,ONTIME,ONTIME,ONTIME,,,,,,,,14:00,14:45,,,HAN,ICN,KHH,International,VJ,,,,,,,,,,,,
,2026-07-30,VJ1774/VJ511,A202,A321,CXR-HAN-DAD,14:45,15:05,14:45,16:00,15:30,15:59,16:00,16:08,01:15,00:30,ONTIME,ONTIME,DELAY,DELAY,,,,,,,,15:30,15:56,,,HAN,CXR,DAD,Domestic,VJ,,,,,,,,,,,,
,2026-07-30,VJ136/VJ423,A663,A320,SGN-HAN-PXU,14:10,15:05,14:10,15:30,14:53,15:27,15:29,15:32,01:20,00:36,EARLY,ONTIME,DELAY,DELAY,,,,,,,,14:56,15:22,,,HAN,SGN,PXU,Domestic,VJ,,,,,,,,,,,,
,2026-07-30,VJ494/VJ419,A542,A321,BMV-HAN-TBB,14:30,15:10,14:30,15:40,15:10,15:39,15:40,15:49,01:10,00:30,ONTIME,ONTIME,DELAY,DELAY,,,,,,,,15:10,15:35,,,HAN,BMV,TBB,Domestic,VJ,,,,,,,,,,,,
,2026-07-30,VJ436/VJ439,A668,A320,UIH-HAN-UIH,14:30,15:40,14:30,16:30,16:00,16:29,16:30,16:40,02:00,00:30,ONTIME,ONTIME,DELAY,DELAY,,,,,,,,16:00,16:27,,,HAN,UIH,UIH,Domestic,VJ,,,,,,,,,,,,
,2026-07-30,VJ138/VJ147,A669,A320,SGN-HAN-SGN,15:15,15:45,15:15,15:45,15:40,16:04,16:05,16:15,00:30,00:25,DELAY,DELAY,DELAY,DELAY,,93,00:20,,,,,15:40,16:00,,STUCK AT PBB,HAN,SGN,SGN,Domestic,VJ,,,,,,,,,,,,
,2026-07-30,VJ1981/VJ903,A650,A320,FSZ-HAN-BKK,14:00,15:45,14:00,15:45,14:20,15:44,15:45,15:54,01:45,01:25,ONTIME,ONTIME,ONTIME,DELAY,,,,,,,,14:55,15:41,,,HAN,FSZ,BKK,International,VJ,,,,,,,,,,,,
,2026-07-30,VJ426/VJ567,A643,A321,PXU-HAN-HUI,14:25,15:55,14:25,15:55,14:55,15:54,15:55,15:56,01:30,01:00,ONTIME,ONTIME,ONTIME,DELAY,,,,,,,,15:10,15:50,,,HAN,PXU,HUI,Domestic,VJ,,,,,,,,,,,,
,2026-07-30,VJ464/VJ539,A666,A320,VCA-HAN-DAD,15:10,16:20,15:10,16:50,16:15,16:49,16:50,16:53,01:40,00:35,ONTIME,ONTIME,DELAY,DELAY,,,,,,,,16:15,16:45,,,HAN,VCA,DAD,Domestic,VJ,,,,,,,,,,,,
,2026-07-30,____/VJ913,A637,A321,HAN-SAI,,16:50,,17:40,,17:34,17:35,17:40,,,EARLY,ONTIME,DELAY,,,,,,,,,17:05,17:30,,,HAN,HAN,SAI,International,VJ,,,,,,,,,,,,
,2026-07-30,VJ953/VJ457,A658,A320,HIJ-HAN-PQC,16:10,17:10,16:10,17:10,16:20,17:03,17:04,17:08,01:00,00:44,EARLY,ONTIME,ONTIME,ONTIME,,,,,,,,16:30,17:00,,,HAN,HIJ,PQC,Domestic,VJ,,,,,,,,,,,,
,2026-07-30,VJ530/VJ495,A699,A320,DAD-HAN-BMV,16:15,17:30,16:15,17:30,17:00,17:29,17:30,17:35,01:15,00:30,ONTIME,ONTIME,ONTIME,DELAY,,,,,,,,17:05,17:27,,LATE TAKEOFF DUE TO ATC,HAN,DAD,BMV,Domestic,VJ,,,,,,,,,,,,
,2026-07-30,VJ510/VJ141,A202,A321,DAD-HAN-SGN,14:35,17:35,14:35,20:25,20:20,20:49,20:50,21:00,05:50,00:30,DELAY,DELAY,DELAY,DELAY,,93,00:25,,,,,20:10,20:47,,,HAN,DAD,SGN,Domestic,VJ,,,,,,,,,,,,
,2026-07-30,VJ1454/VJ1431,A534,A321,PQC-HAN-UIH,16:35,17:40,16:35,18:00,17:45,18:19,18:20,18:30,01:25,00:35,DELAY,DELAY,DELAY,DELAY,,93,00:15,66,00:05,,,17:50,18:17,,CREW OB 1754L,HAN,PQC,UIH,Domestic,VJ,,,,,,,,,,,,
,2026-07-30,VJ774/VJ517,A632,A321,CXR-HAN-DAD,17:15,17:45,17:15,19:35,19:00,19:34,19:35,20:05,02:20,00:35,ONTIME,ONTIME,DELAY,DELAY,,,,,,,,18:55,19:32,,,HAN,CXR,DAD,Domestic,VJ,,,,,,,,,,,,
,2026-07-30,VJ528/VJ153,A632,A321,DAD-HAN-SGN,17:25,18:05,17:25,18:05,17:30,18:04,18:05,18:06,00:40,00:35,ONTIME,ONTIME,ONTIME,ONTIME,,,,,,,,17:30,18:00,,,HAN,DAD,SGN,Domestic,VJ,,,,,,,,,,,,
,2026-07-30,VJ456/VJ781,A670,A321,PQC-HAN-CXR,17:45,18:20,17:45,18:20,18:10,18:29,18:30,18:50,00:35,00:20,DELAY,ONTIME,DELAY,DELAY,,93,00:10,,,,,18:10,18:27,,LATE TAKEOFF DUE TO HEAVY RAIN,HAN,PQC,CXR,Domestic,VJ,,,,,,,,,,,,
,2026-07-30,VJ508/VJ521,A649,A321,DAD-HAN-DAD,15:30,18:45,15:30,22:35,22:10,22:31,22:32,22:35,07:05,00:22,EARLY,ONTIME,DELAY,DELAY,,,,,,,,22:10,22:28,,,HAN,DAD,DAD,Domestic,VJ,,,,,,,,,,,,
,2026-07-30,VJ142/VJ789,A551,A321,SGN-HAN-CXR,18:00,18:45,18:00,19:20,19:00,19:19,19:20,19:45,01:20,00:20,ONTIME,ONTIME,DELAY,DELAY,,,,,,,,18:50,19:18,,,HAN,SGN,CXR,Domestic,VJ,,,,,,,,,,,,
,2026-07-30,VJ424/VJ561,A663,A320,PXU-HAN-HUI,18:45,19:15,18:45,19:40,19:15,19:49,19:50,20:10,00:55,00:35,DELAY,ONTIME,DELAY,DELAY,,77,00:10,,,,,19:00,19:47,,HEAVY RAIN,HAN,PXU,HUI,Domestic,VJ,,,,,,,,,,,,
,2026-07-30,VJ568/VJ1127,A643,A321,HUI-HAN-SGN,18:55,19:25,18:55,19:25,19:25,19:54,19:55,20:20,00:30,00:30,DELAY,DELAY,DELAY,DELAY,,93,00:30,,,,,19:25,,,,HAN,HUI,SGN,Domestic,VJ,,,,,,,,,,,,
,2026-07-30,VJ146/VJ519,A607,A321,SGN-HAN-DAD,18:55,19:25,18:55,21:20,20:57,21:34,21:35,21:58,02:25,00:38,DELAY,ONTIME,DELAY,DELAY,,93,00:07,63D,00:08,,,20:55,21:32,,LATE BRD CALL BY CREW,HAN,SGN,DAD,Domestic,VJ,,,,,,,,,,,,
,2026-07-30,VJ928/VJ157,A525,A321,CGK-HAN-SGN,18:15,19:35,18:15,20:00,18:40,19:59,20:00,20:32,01:45,01:20,ONTIME,ONTIME,DELAY,DELAY,,,,,,,,19:15,19:57,,LATE PB DUE TO HEAVY RAIN,HAN,CGK,SGN,Domestic,VJ,,,,,,,,,,,,
,2026-07-30,VJ931/VJ971,A674,A321,KIX-HAN-DEL,18:30,19:40,18:30,19:40,19:00,19:53,19:54,19:55,01:10,00:54,DELAY,ONTIME,ONTIME,DELAY,,66,00:14,,,,,19:25,19:51,,CHANGE CREW OB 1924L,HAN,KIX,DEL,International,VJ,,,,,,,,,,,,
,2026-07-30,VJ420/VJ523,A542,A321,TBB-HAN-DAD,19:15,19:45,19:15,20:15,20:35,21:03,21:04,21:15,01:00,00:29,DELAY,DELAY,DELAY,DELAY,,93,00:49,,,,,20:30,21:01,,LATE PB DUE TO ATC,HAN,TBB,DAD,Domestic,VJ,,,,,,,,,,,,
,2026-07-30,VJ916/VJ1925,A521,A321,SIN-HAN-AMD,17:25,19:45,17:25,19:45,17:35,19:44,19:45,20:15,02:20,02:10,ONTIME,ONTIME,DELAY,ONTIME,,,,,,,,19:00,19:42,,LATE PB DUE TO HEAVY RAIN,HAN,SIN,AMD,International,VJ,,,,,,,,,,,,
,2026-07-30,VJ438/VJ1785,A668,A320,UIH-HAN-CXR,19:25,19:55,19:25,20:55,20:55,21:19,21:20,21:50,01:30,00:25,DELAY,DELAY,DELAY,DELAY,,93,00:25,,,,,20:40,21:17,,,HAN,UIH,CXR,Domestic,VJ,,,,,,,,,,,,
,2026-07-30,VJ7639/VJ7712,A672,A320,TXN-HAN-PKX,18:55,19:55,18:55,20:15,19:25,20:13,20:14,20:24,01:20,00:49,EARLY,ONTIME,DELAY,DELAY,,,,,,,,19:40,20:11,,,HAN,TXN,PKX,International,VJ,,,,,,,,,,,,
,2026-07-30,VJ152/VJ159,A646,A321,SGN-HAN-SGN,19:35,20:10,19:35,20:10,19:55,20:24,20:25,20:40,00:35,00:30,DELAY,ONTIME,DELAY,DELAY,,93,00:15,,,,,19:50,20:22,,,HAN,SGN,SGN,Domestic,VJ,,,,,,,,,,,,
,2026-07-30,VJ540/VJ783,A666,A320,DAD-HAN-CXR,19:30,20:25,19:30,20:50,20:50,21:13,21:15,21:45,01:20,00:25,DELAY,DELAY,DELAY,DELAY,,93,00:25,,,,,20:40,21:11,,LATE PB DUE TO ATC,HAN,DAD,CXR,Domestic,VJ,,,,,,,,,,,,
,2026-07-30,VJ7317/VJ161,A671,A320,ENH-HAN-SGN,19:25,20:55,19:25,20:55,19:00,20:54,20:55,21:25,01:30,01:55,ONTIME,ONTIME,DELAY,ONTIME,,,,,,,,20:05,20:52,,,HAN,ENH,SGN,Domestic,VJ,,,,,,,,,,,,
,2026-07-30,VJ7988/VJ7988,A537,A321,DAD-HAN-VVO,20:35,21:10,20:35,22:00,22:00,22:29,22:30,22:40,01:25,00:30,DELAY,DELAY,DELAY,DELAY,,93,00:30,,,,,,,X,,HAN,DAD,VVO,International,VJ,,,,,,,,,,,,
,2026-07-30,VJ904/VJ7238,A650,A320,BKK-HAN-PVG,20:25,21:25,20:25,21:25,21:00,21:29,21:30,21:40,01:00,00:30,DELAY,ONTIME,ONTIME,DELAY,,66,00:05,,,,,21:10,21:27,,CREW OB 2109L,HAN,BKK,PVG,International,VJ,,,,,,,,,,,,
,2026-07-30,VJ154/VJ163,A669,A320,SGN-HAN-SGN,20:55,21:25,20:55,22:00,21:45,22:14,22:15,22:20,01:05,00:30,DELAY,ONTIME,DELAY,DELAY,,93,00:10,66,00:05,,,21:45,22:17,,CHANGE CREW OB 2150L,HAN,SGN,SGN,Domestic,VJ,,,,,,,,,,,,
,2026-07-30,VJ949/VJ527,A575,A321,RMQ-HAN-DAD,19:50,21:25,19:50,22:15,20:25,22:59,23:00,23:07,02:25,02:35,DELAY,DELAY,DELAY,DELAY,,95,00:45,,,,,22:30,22:58,,CREW FR VJ7988 OB 2241L,HAN,RMQ,DAD,Domestic,VJ,,,,,,,,,,,,
,2026-07-30,VJ914/VJ7526,A637,A321,SAI-HAN-CAN,21:20,22:30,21:20,22:45,22:05,22:44,22:45,22:55,01:25,00:40,ONTIME,ONTIME,DELAY,DELAY,,,,,,,,22:20,22:42,,,HAN,SAI,CAN,International,VJ,,,,,,,,,,,,
,2026-07-30,VJ442/VJ167,A634,A321,PQC-HAN-SGN,19:05,22:45,19:05,23:30,22:32,23:24,23:25,23:26,04:25,00:53,EARLY,ONTIME,DELAY,DELAY,,,,,,,,22:40,22:22,,,HAN,PQC,SGN,Domestic,VJ,,,,,,,,,,,,
,2026-07-30,VJ935/VJ962,A552,A321,NRT-HAN-ICN,20:05,23:15,20:05,23:15,20:45,23:09,23:10,23:17,03:10,02:25,EARLY,ONTIME,ONTIME,DELAY,,,,,,,,22:30,23:07,,,HAN,NRT,ICN,International,VJ,,,,,,,,,,,,
,2026-07-30,VJ150/VJ169,A500,A321,SGN-HAN-SGN,22:30,23:25,22:30,23:25,22:45,23:24,23:25,23:38,00:55,00:40,ONTIME,ONTIME,ONTIME,ONTIME,,,,,,,,22:45,23:22,,,HAN,SGN,SGN,Domestic,VJ,,,,,,,,,,,,
,2026-07-31,____/VJ932,A203,A321,HAN-NRT,,00:30,,00:30,,00:24,00:25,00:29,,,EARLY,ONTIME,ONTIME,,,,,,,,,23:40,00:22,,,HAN,HAN,NRT,International,VJ,,,,,,,,,,,,
,2026-07-31,____/VJ982,A685,A321,HAN-PUS,,01:05,,01:05,,01:04,01:05,01:08,,,ONTIME,ONTIME,ONTIME,,,,,,,,,00:15,01:02,,,HAN,HAN,PUS,International,VJ,,,,,,,,,,,,
,2026-07-31,____/VJ7614,A516,A321,HAN-BQS,,01:15,,01:15,,01:14,01:15,01:30,,,ONTIME,ONTIME,ONTIME,,,,,,,,,,,X,,HAN,HAN,BQS,International,VJ,,,,,,,,,,,,
,2026-07-31,____/VJ938,A529,A321,HAN-KIX,,01:20,,01:20,,01:13,01:15,01:16,,,EARLY,ONTIME,ONTIME,,,,,,,,,00:30,01:11,,,HAN,HAN,KIX,International,VJ,,,,,,,,,,,,
,2026-07-31,____/VJ960,A553,A321,HAN-ICN,,01:40,,01:40,,01:38,01:39,01:44,,,EARLY,ONTIME,ONTIME,,,,,,,,,01:00,01:36,,,HAN,HAN,ICN,International,VJ,,,,,,,,,,,,
,2026-07-31,____/VJ920,A543,A321,HAN-NGO,,01:40,,01:40,,01:32,01:33,01:37,,,EARLY,ONTIME,ONTIME,,,,,,,,,00:50,01:30,,,HAN,HAN,NGO,International,VJ,,,,,,,,,,,,
,2026-07-31,____/VJ958,A670,A321,HAN-FUK,,02:05,,02:05,,02:02,02:03,02:05,,,EARLY,ONTIME,ONTIME,,,,,,,,,01:05,02:00,,,HAN,HAN,FUK,International,VJ,,,,,,,,,,,,
,2026-07-31,____/VJ123,A542,A321,HAN-SGN,,05:30,,05:30,,05:24,05:25,05:34,,,EARLY,ONTIME,ONTIME,,,,,,,,,04:40,05:22,,,HAN,HAN,SGN,Domestic,VJ,,,,,,,,,,,,
,2026-07-31,____/VJ445,A658,A320,HAN-PQC,,05:30,,05:30,,05:24,05:25,05:31,,,EARLY,ONTIME,ONTIME,,,,,,,,,04:45,05:22,,,HAN,HAN,PQC,Domestic,VJ,,,,,,,,,,,,
,2026-07-31,____/VJ501,A639,A321,HAN-DAD,,05:40,,05:40,,05:34,05:35,05:45,,,EARLY,ONTIME,ONTIME,,,,,,,,,04:50,05:32,,,HAN,HAN,DAD,Domestic,VJ,,,,,,,,,,,,
,2026-07-31,____/VJ771,A647,A321,HAN-CXR,,05:45,,05:45,,05:38,05:40,05:41,,,EARLY,ONTIME,ONTIME,,,,,,,,,05:05,05:36,,,HAN,HAN,CXR,Domestic,VJ,,,,,,,,,,,,
,2026-07-31,____/VJ121,A607,A321,HAN-SGN,,06:00,,06:00,,05:54,05:55,06:00,,,EARLY,ONTIME,ONTIME,,,,,,,,,05:10,05:52,,,HAN,HAN,SGN,Domestic,VJ,,,,,,,,,,,,
,2026-07-31,____/VJ491,A643,A321,HAN-BMV,,06:00,,06:00,,05:54,05:55,06:00,,,EARLY,ONTIME,ONTIME,,,,,,,,,05:15,05:52,,,HAN,HAN,BMV,Domestic,VJ,,,,,,,,,,,,
,2026-07-31,____/VJ1775,A699,A320,HAN-CXR,,06:00,,06:00,,05:54,05:55,06:03,,,EARLY,ONTIME,ONTIME,,,,,,,,,05:00,05:52,,,HAN,HAN,CXR,Domestic,VJ,,,,,,,,,,,,
,2026-07-31,____/VJ431,A663,A320,HAN-UIH,,06:05,,06:05,,05:59,06:00,06:02,,,EARLY,ONTIME,ONTIME,,,,,,,,,05:30,05:57,,,HAN,HAN,UIH,Domestic,VJ,,,,,,,,,,,,
,2026-07-31,VJ7527/VJ531,A637,A321,CAN-HAN-DAD,03:05,06:30,03:05,06:30,03:45,06:24,06:25,06:28,03:25,02:40,EARLY,ONTIME,ONTIME,DELAY,,,,,,,,05:40,06:22,,,HAN,CAN,DAD,Domestic,VJ,,,,,,,,,,,,
,2026-07-31,VJ7239/VJ449,A650,A320,PVG-HAN-PQC,04:50,06:30,04:50,06:30,05:20,06:24,06:25,06:38,01:40,01:05,EARLY,ONTIME,ONTIME,DELAY,,,,,,,,05:40,06:22,,,HAN,PVG,PQC,Domestic,VJ,,,,,,,,,,,,
,2026-07-31,VJ972/VJ461,A674,A321,DEL-HAN-VCA,05:40,06:45,05:40,06:45,06:20,06:54,06:55,07:00,01:05,00:35,DELAY,ONTIME,ONTIME,DELAY,,93,00:05,66,00:05,,,06:18,06:54,,CREW OB 0637,HAN,DEL,VCA,Domestic,VJ,,,,,,,,,,,,
,2026-07-31,____/VJ125,A649,A321,HAN-SGN,,07:00,,07:00,,06:54,06:55,07:08,,,EARLY,ONTIME,ONTIME,,,,,,,,,06:10,06:52,,,HAN,HAN,SGN,Domestic,VJ,,,,,,,,,,,,
,2026-07-31,____/VJ1771,A632,A321,HAN-CXR,,07:00,,07:00,,06:59,07:00,07:14,,,ONTIME,ONTIME,ONTIME,,,,,,,,,06:20,06:57,,,HAN,HAN,CXR,Domestic,VJ,,,,,,,,,,,,
,2026-07-31,____/VJ421,A666,A320,HAN-PXU,,07:10,,07:10,,07:04,07:05,07:12,,,EARLY,ONTIME,ONTIME,,,,,,,,,06:20,07:02,,,HAN,HAN,PXU,Domestic,VJ,,,,,,,,,,,,
,2026-07-31,____/VJ905,A200,A321,HAN-KUL,,07:25,,07:55,,07:54,07:55,08:09,,,ONTIME,ONTIME,DELAY,,,,,,,,,06:40,07:52,,,HAN,HAN,KUL,International,VJ,,,,,,,,,,,,
,2026-07-31,____/VJ535,A672,A320,HAN-DAD,,07:25,,07:25,,07:19,07:20,07:35,,,EARLY,ONTIME,ONTIME,,,,,,,,,06:35,07:17,,,HAN,HAN,DAD,Domestic,VJ,,,,,,,,,,,,
,2026-07-31,VJ502/VJ503,A535,A321,DAD-HAN-DAD,07:00,07:35,07:00,07:35,06:50,07:23,07:25,07:39,00:35,00:35,EARLY,ONTIME,ONTIME,ONTIME,,,,,,,,06:50,07:21,,,HAN,DAD,DAD,Domestic,VJ,,,,,,,,,,,,
,2026-07-31,____/VJ197,A534,A321,HAN-SGN,,07:40,,07:40,,07:39,07:40,07:46,,,ONTIME,ONTIME,ONTIME,,,,,,,,,06:55,07:37,,,HAN,HAN,SGN,Domestic,VJ,,,,,,,,,,,,
,2026-07-31,____/VJ934,A521,A321,HAN-NRT,,07:55,,07:55,,07:54,07:55,08:10,,,ONTIME,ONTIME,ONTIME,,,,,,,,,07:28,07:51,,,HAN,HAN,NRT,International,VJ,,,,,,,,,,,,
,2026-07-31,____/VJ930,A554,A321,HAN-KIX,,07:55,,07:55,,07:54,07:55,08:04,,,ONTIME,ONTIME,ONTIME,,,,,,,,,07:05,07:52,,,HAN,HAN,KIX,International,VJ,,,,,,,,,,,,
,2026-07-31,VJ120/VJ127,A669,A320,SGN-HAN-SGN,07:10,08:10,07:10,08:10,07:05,08:08,08:09,08:20,01:00,01:04,EARLY,ONTIME,ONTIME,ONTIME,,,,,,,,07:30,07:55,,,HAN,SGN,SGN,Domestic,VJ,,,,,,,,,,,,
,2026-07-31,____/VJ929,A551,A321,HAN-CGK,,08:40,,08:40,,08:44,08:45,08:50,,,DELAY,ONTIME,ONTIME,,,15A,00:05,,,,,07:55,08:35,,OFF 01 PAX 01 BAG,HAN,HAN,CGK,International,VJ,,,,,,,,,,,,
,2026-07-31,VJ124/VJ129,A662,A320,SGN-HAN-SGN,08:15,08:45,08:15,08:45,08:15,08:44,08:45,08:50,00:30,00:30,ONTIME,ONTIME,ONTIME,ONTIME,,,,,,,,08:15,08:42,,,HAN,SGN,SGN,Domestic,VJ,,,,,,,,,,,,
,2026-07-31,____/VJ435,A668,A320,HAN-UIH,,08:50,,08:50,,08:44,08:45,08:52,,,EARLY,ONTIME,ONTIME,,,,,,,,,08:00,08:41,,,HAN,HAN,UIH,Domestic,VJ,,,,,,,,,,,,
,2026-07-31,VJ504/VJ447,A630,A321,DAD-HAN-PQC,08:20,08:55,08:20,08:55,08:25,08:51,08:52,08:54,00:35,00:27,EARLY,ONTIME,ONTIME,ONTIME,,,,,,,,08:25,08:49,,,HAN,DAD,PQC,Domestic,VJ,,,,,,,,,,,,
,2026-07-31,VJ514/VJ563,A639,A321,DAD-HAN-HUI,08:50,09:25,08:50,09:25,09:15,09:43,09:44,09:48,00:35,00:29,DELAY,DELAY,DELAY,DELAY,,93,00:19,,,,,09:05,09:40,,,HAN,DAD,HUI,Domestic,VJ,,,,,,,,,,,,
,2026-07-31,VJ7989/VJ7989,A537,A321,VVO-HAN-DAD,09:00,09:30,09:00,11:10,10:55,11:14,11:15,11:17,02:10,00:20,DELAY,ONTIME,DELAY,DELAY,,93,00:05,,,,,,,X,,HAN,VVO,DAD,Domestic,VJ,,,,,,,,,,,,
,2026-07-31,VJ963/VJ1773,A552,A321,ICN-HAN-CXR,08:55,10:00,08:55,10:00,08:45,09:59,10:00,10:05,01:05,01:15,ONTIME,ONTIME,ONTIME,ONTIME,,,,,,,,09:15,09:55,,,HAN,ICN,CXR,Domestic,VJ,,,,,,,,,,,,
,2026-07-31,VJ126/VJ131,A547,A321,SGN-HAN-SGN,09:40,10:15,09:40,10:15,09:35,10:12,10:13,10:23,00:35,00:38,EARLY,ONTIME,ONTIME,ONTIME,,,,,,,,09:35,10:10,,,HAN,SGN,SGN,Domestic,VJ,,,,,,,,,,,,
,2026-07-31,VJ430/VJ463,A663,A320,UIH-HAN-VCA,09:50,10:20,09:50,11:20,10:40,11:04,11:05,11:20,01:30,00:25,EARLY,ONTIME,DELAY,DELAY,,,,,,,,10:40,11:01,,,HAN,UIH,VCA,Domestic,VJ,,,,,,,,,,,,
,2026-07-31,VJ532/VJ425,A637,A321,DAD-HAN-PXU,09:45,10:20,09:45,10:20,10:10,10:36,10:37,10:43,00:35,00:27,DELAY,DELAY,DELAY,DELAY,,93,00:17,,,,,10:00,10:33,,,HAN,DAD,PXU,Domestic,VJ,,,,,,,,,,,,
,2026-07-31,VJ492/VJ493,A643,A321,BMV-HAN-BMV,10:00,10:35,10:00,10:35,10:15,10:38,10:40,10:45,00:35,00:25,DELAY,ONTIME,ONTIME,ONTIME,,93,00:05,,,,,10:10,10:36,,,HAN,BMV,BMV,Domestic,VJ,,,,,,,,,,,,
,2026-07-31,VJ1776/VJ437,A699,A320,CXR-HAN-UIH,10:10,10:50,10:10,10:50,10:30,10:47,10:48,10:50,00:40,00:18,EARLY,ONTIME,ONTIME,DELAY,,,,,,,,10:20,10:45,,,HAN,CXR,UIH,Domestic,VJ,,,,,,,,,,,,
,2026-07-31,VJ536/VJ537,A672,A320,DAD-HAN-DAD,10:35,11:05,10:35,11:50,11:15,11:49,11:50,11:55,01:15,00:35,ONTIME,ONTIME,DELAY,DELAY,,,,,,,,11:10,11:46,,,HAN,DAD,DAD,Domestic,VJ,,,,,,,,,,,,
,2026-07-31,VJ524/VJ507,A535,A321,DAD-HAN-DAD,10:50,11:25,10:50,12:00,11:30,11:59,12:00,12:13,01:10,00:30,ONTIME,ONTIME,DELAY,DELAY,,,,,,,,11:20,11:56,,,HAN,DAD,DAD,Domestic,VJ,,,,,,,,,,,,
,2026-07-31,VJ130/VJ133,A607,A321,SGN-HAN-SGN,10:55,11:30,10:55,11:30,11:15,11:49,11:50,12:00,00:35,00:35,DELAY,DELAY,DELAY,DELAY,,93,00:15,66,00:05,,,11:22,11:47,,CREW OB 1120L,HAN,SGN,SGN,Domestic,VJ,,,,,,,,,,,,
,2026-07-31,VJ448/VJ565,A658,A320,PQC-HAN-HUI,10:15,11:30,10:15,11:30,10:40,11:29,11:30,11:36,01:15,00:50,ONTIME,ONTIME,ONTIME,DELAY,,,,,,,,10:45,11:25,,,HAN,PQC,HUI,Domestic,VJ,,,,,,,,,,,,
,2026-07-31,VJ422/VJ451,A666,A320,PXU-HAN-PQC,10:50,11:45,10:50,11:45,11:05,11:43,11:44,11:47,00:55,00:39,EARLY,ONTIME,ONTIME,ONTIME,,,,,,,,11:00,11:40,,,HAN,PXU,PQC,Domestic,VJ,,,,,,,,,,,,
,2026-07-31,VJ981/VJ901,A685,A321,PUS-HAN-BKK,10:40,11:45,10:40,11:45,10:15,11:39,11:40,11:42,01:05,01:25,EARLY,ONTIME,ONTIME,ONTIME,,,,,,,,11:00,11:37,,,HAN,PUS,BKK,International,VJ,,,,,,,,,,,,
,2026-07-31,VJ450/VJ775,A650,A320,PQC-HAN-CXR,11:15,11:45,11:15,12:10,11:50,12:23,12:25,12:28,00:55,00:35,DELAY,ONTIME,DELAY,DELAY,,93,00:05,66,00:10,,,11:40,12:20,,CREW OB 1200,HAN,PQC,CXR,Domestic,VJ,,,,,,,,,,,,
,2026-07-31,VJ959/VJ137,A670,A321,FUK-HAN-SGN,11:25,12:20,11:25,12:20,11:45,12:19,12:20,12:30,00:55,00:35,ONTIME,ONTIME,ONTIME,DELAY,,,,,,,,11:45,12:16,,,HAN,FUK,SGN,Domestic,VJ,,,,,,,,,,,,
,2026-07-31,VJ1772/VJ453,A632,A321,CXR-HAN-PQC,11:15,13:00,11:15,13:00,12:20,12:58,13:00,13:05,01:45,00:40,ONTIME,ONTIME,ONTIME,DELAY,,,,,,,,12:26,12:55,,,HAN,CXR,PQC,Domestic,VJ,,,,,,,,,,,,
,2026-07-31,VJ432/VJ509,A668,A320,UIH-HAN-DAD,12:35,13:05,12:35,13:05,13:00,13:34,13:35,13:50,00:30,00:35,DELAY,DELAY,DELAY,DELAY,,93,00:20,66,00:10,,,13:10,13:32,,CREW OB 1310,HAN,UIH,DAD,Domestic,VJ,,,,,,,,,,,,
,2026-07-31,VJ462/VJ787,A674,A321,VCA-HAN-CXR,11:40,13:10,11:40,13:10,12:15,13:09,13:10,13:20,01:30,00:55,ONTIME,ONTIME,ONTIME,DELAY,,,,,,,,12:20,13:06,,,HAN,VCA,CXR,Domestic,VJ,,,,,,,,,,,,
,2026-07-31,VJ564/VJ433,A639,A321,HUI-HAN-UIH,12:25,13:20,12:25,13:20,13:20,13:49,13:50,14:15,00:55,00:30,DELAY,DELAY,DELAY,DELAY,,93,00:30,,,,,13:20,13:46,,,HAN,HUI,UIH,Domestic,VJ,,,,,,,,,,,,
,2026-07-31,VJ939/VJ948,A529,A321,KIX-HAN-RMQ,12:20,13:30,12:20,13:30,12:05,13:21,13:22,13:38,01:10,01:17,EARLY,ONTIME,ONTIME,ONTIME,,,,,,,,12:45,13:19,,,HAN,KIX,RMQ,International,VJ,,,,,,,,,,,,
,2026-07-31,VJ921/VJ441,A543,A321,NGO-HAN-PQC,12:50,14:00,12:50,14:00,12:40,13:58,13:59,14:13,01:10,01:19,EARLY,ONTIME,ONTIME,ONTIME,,,,,,,,13:10,13:55,,,HAN,NGO,PQC,Domestic,VJ,,,,,,,,,,,,
,2026-07-31,VJ196/VJ525,A534,A321,SGN-HAN-DAD,12:40,14:10,12:40,14:10,13:10,14:09,14:10,14:25,01:30,01:00,ONTIME,ONTIME,ONTIME,DELAY,,,,,,,,13:10,14:07,,,HAN,SGN,DAD,Domestic,VJ,,,,,,,,,,,,
,2026-07-31,VJ7615/VJ7615,A516,A321,BQS-HAN-CXR,13:45,14:15,13:45,14:15,13:35,13:58,13:59,14:19,00:30,00:24,EARLY,ONTIME,ONTIME,ONTIME,,,,,,,,,,X,,HAN,BQS,CXR,Domestic,VJ,,,,,,,,,,,,
,2026-07-31,VJ440/VJ143,A630,A321,PQC-HAN-SGN,13:35,14:15,13:35,15:00,14:15,14:59,15:00,15:10,01:25,00:45,ONTIME,ONTIME,DELAY,DELAY,,,,,,,,14:15,14:56,,,HAN,PQC,SGN,Domestic,VJ,,,,,,,,,,,,
,2026-07-31,VJ933/VJ942,A203,A321,NRT-HAN-TPE,13:05,14:25,13:05,14:25,12:50,14:34,14:35,14:49,01:20,01:45,DELAY,ONTIME,DELAY,ONTIME,,15A,00:10,,,,,13:40,14:31,,OFLD 02 PAX 03 BAG,HAN,NRT,TPE,International,VJ,,,,,,,,,,,,
,2026-07-31,VJ134/VJ467,A669,A320,SGN-HAN-VCA,13:30,14:30,13:30,14:30,13:55,14:29,14:30,14:39,01:00,00:35,ONTIME,ONTIME,ONTIME,DELAY,,,,,,,,13:45,14:25,,,HAN,SGN,VCA,Domestic,VJ,,,,,,,,,,,,
,2026-07-31,VJ961/VJ946,A553,A321,ICN-HAN-KHH,13:35,14:35,13:35,14:35,13:45,14:29,14:30,14:45,01:00,00:45,EARLY,ONTIME,ONTIME,ONTIME,,,,,,,,14:00,14:28,,,HAN,ICN,KHH,International,VJ,,,,,,,,,,,,
,2026-07-31,VJ136/VJ145,A676,A320,SGN-HAN-SGN,14:10,14:40,14:10,14:40,14:55,15:24,15:25,15:35,00:30,00:30,DELAY,DELAY,DELAY,DELAY,,93,00:40,15A,00:05,,,14:45,15:21,,"OFLD 08PAX, 02BAG",HAN,SGN,SGN,Domestic,VJ,,,,,,,,,,,,
,2026-07-31,VJ426/VJ511,A637,A321,PXU-HAN-DAD,14:05,15:05,14:05,15:05,14:25,14:59,15:00,15:15,01:00,00:35,EARLY,ONTIME,ONTIME,DELAY,,,,,,,,14:25,14:57,,,HAN,PXU,DAD,Domestic,VJ,,,,,,,,,,,,
,2026-07-31,VJ566/VJ423,A658,A320,HUI-HAN-PXU,14:30,15:05,14:30,15:05,14:40,15:04,15:05,15:20,00:35,00:25,ONTIME,ONTIME,ONTIME,ONTIME,,,,,,,,14:30,15:01,,,HAN,HUI,PXU,Domestic,VJ,,,,,,,,,,,,
,2026-07-31,VJ436/VJ1451,A699,A320,UIH-HAN-PQC,14:35,15:10,14:35,15:10,14:20,15:04,15:05,15:13,00:35,00:45,EARLY,ONTIME,ONTIME,ONTIME,,,,,,,,14:20,15:00,,,HAN,UIH,PQC,Domestic,VJ,,,,,,,,,,,,
,2026-07-31,VJ1774/VJ419,A552,A321,CXR-HAN-TBB,14:20,15:10,14:20,15:10,14:45,15:09,15:10,15:20,00:50,00:25,ONTIME,ONTIME,ONTIME,DELAY,,,,,,,,14:45,15:06,,,HAN,CXR,TBB,Domestic,VJ,,,,,,,,,,,,
,2026-07-31,VJ538/VJ439,A672,A320,DAD-HAN-UIH,14:15,15:40,14:15,15:40,15:45,16:14,16:15,16:23,01:25,00:30,DELAY,DELAY,DELAY,DELAY,,93,00:30,66,00:05,,,15:40,16:08,,CREW OB 1553,HAN,DAD,UIH,Domestic,VJ,,,,,,,,,,,,
,2026-07-31,VJ494/VJ903,A643,A321,BMV-HAN-BKK,14:35,15:45,14:35,15:45,14:50,15:54,15:55,16:00,01:10,01:05,DELAY,ONTIME,ONTIME,ONTIME,,15A,00:10,,,,,14:55,15:50,,OFLD 02PAX AND 02BAG,HAN,BMV,BKK,International,VJ,,,,,,,,,,,,
,2026-07-31,VJ464/VJ567,A663,A320,VCA-HAN-HUI,15:10,15:55,15:10,16:50,16:25,16:49,16:50,16:55,01:40,00:25,ONTIME,ONTIME,DELAY,DELAY,,,,,,,,16:25,16:47,,,HAN,VCA,HUI,Domestic,VJ,,,,,,,,,,,,
,2026-07-31,VJ138/VJ147,A689,A320,SGN-HAN-SGN,15:30,16:00,15:30,16:50,16:20,16:49,16:50,17:00,01:20,00:30,ONTIME,ONTIME,DELAY,DELAY,,,,,,,,16:10,16:46,,,HAN,SGN,SGN,Domestic,VJ,,,,,,,,,,,,
,2026-07-31,VJ128/VJ773,A645,A321,SGN-HAN-CXR,11:50,16:05,11:50,16:05,15:15,16:03,16:05,16:10,04:15,00:50,ONTIME,ONTIME,ONTIME,DELAY,,,,,,,,15:25,16:00,,,HAN,SGN,CXR,Domestic,VJ,,,,,,,,,,,,
,2026-07-31,VJ906/VJ913,A200,A321,KUL-HAN-SAI,14:40,16:20,14:40,16:20,16:00,16:29,16:30,16:35,01:40,00:30,DELAY,ONTIME,ONTIME,DELAY,,93,00:10,,,,,16:10,16:27,,,HAN,KUL,SAI,International,VJ,,,,,,,,,,,,
,2026-07-31,VJ510/VJ539,A575,A321,DAD-HAN-DAD,14:35,16:20,14:35,16:20,16:00,16:29,16:30,16:35,01:45,00:30,DELAY,ONTIME,ONTIME,DELAY,,93,00:10,,,,,15:50,16:26,,,HAN,DAD,DAD,Domestic,VJ,,,,,,,,,,,,
,2026-07-31,VJ772/VJ513,A650,A320,CXR-HAN-DAD,15:55,16:35,15:55,17:15,17:30,17:49,17:50,17:55,01:20,00:20,DELAY,DELAY,DELAY,DELAY,,93,00:35,,,,,17:25,17:46,,,HAN,CXR,DAD,Domestic,VJ,,,,,,,,,,,,
,2026-07-31,VJ5068/VJ5068,A580,A321,CXR-HAN-NOZ,16:20,16:55,16:20,16:55,16:40,17:08,17:09,17:10,00:35,00:29,DELAY,ONTIME,ONTIME,DELAY,,93,00:10,,,,,,,X,,HAN,CXR,NOZ,International,VJ,,,,,,,,,,,,
,2026-07-31,VJ140/VJ151,A607,A321,SGN-HAN-SGN,16:25,17:00,16:25,17:45,17:05,17:39,17:40,17:48,01:20,00:35,EARLY,ONTIME,DELAY,DELAY,,,,,,,,17:05,17:36,,,HAN,SGN,SGN,Domestic,VJ,,,,,,,,,,,,
,2026-07-31,VJ902/VJ465,A685,A321,BKK-HAN-VCA,16:10,17:00,16:10,17:00,16:30,17:04,17:05,17:12,00:50,00:35,DELAY,ONTIME,ONTIME,DELAY,,66,00:05,,,,,16:33,17:01,,CREW OB 1645L,HAN,BKK,VCA,Domestic,VJ,,,,,,,,,,,,
,2026-07-31,VJ454/VJ495,A666,A320,PQC-HAN-BMV,16:45,17:30,16:45,17:30,16:45,17:27,17:28,17:35,00:45,00:43,EARLY,ONTIME,ONTIME,ONTIME,,,,,,,,16:45,17:25,,,HAN,PQC,BMV,Domestic,VJ,,,,,,,,,,,,
,2026-07-31,VJ452/VJ141,A539,A321,PQC-HAN-SGN,16:05,17:35,16:05,17:35,17:10,17:39,17:40,17:50,01:30,00:30,DELAY,ONTIME,ONTIME,DELAY,,93,00:05,,,,,17:10,17:35,,,HAN,PQC,SGN,Domestic,VJ,,,,,,,,,,,,
,2026-07-31,VJ530/VJ1431,A668,A320,DAD-HAN-UIH,16:15,17:40,16:15,18:10,17:55,18:19,18:20,18:35,01:55,00:25,DELAY,ONTIME,DELAY,DELAY,,93,00:10,,,,,17:50,18:16,,LATE TAKEOFF DUE TO ATC,HAN,DAD,UIH,Domestic,VJ,,,,,,,,,,,,
,2026-07-31,VJ774/VJ517,A674,A321,CXR-HAN-DAD,17:15,17:50,17:15,19:15,18:30,18:59,19:00,19:15,02:00,00:30,EARLY,ONTIME,DELAY,DELAY,,,,,,,,18:30,18:55,,,HAN,CXR,DAD,Domestic,VJ,,,,,,,,,,,,
,2026-07-31,VJ434/VJ153,A639,A321,UIH-HAN-SGN,17:10,18:05,17:10,18:40,18:15,18:44,18:45,18:58,01:30,00:30,DELAY,ONTIME,DELAY,DELAY,,93,00:05,,,,,18:05,18:41,,,HAN,UIH,SGN,Domestic,VJ,,,,,,,,,,,,
,2026-07-31,VJ456/VJ781,A632,A321,PQC-HAN-CXR,17:45,18:20,17:45,19:05,18:35,18:54,18:55,19:09,01:20,00:20,EARLY,ONTIME,DELAY,DELAY,,,,,,,,18:25,18:52,,,HAN,PQC,CXR,Domestic,VJ,,,,,,,,,,,,
,2026-07-31,____/VJ521,A816,A330,HAN-DAD,,18:45,,18:45,,18:44,18:45,19:10,,,ONTIME,ONTIME,DELAY,,,,,,,,,18:00,18:40,,,HAN,HAN,DAD,Domestic,VJ,,,,,,,,,,,,
,2026-07-31,VJ512/VJ789,A637,A321,DAD-HAN-CXR,18:15,18:50,18:15,18:50,18:50,19:15,19:16,19:32,00:35,00:26,DELAY,DELAY,DELAY,DELAY,,93,00:26,,,,,18:50,19:12,,,HAN,DAD,CXR,Domestic,VJ,,,,,,,,,,,,
,2026-07-31,VJ424/VJ561,A658,A320,PXU-HAN-HUI,18:45,19:15,18:45,20:20,19:45,20:14,20:15,20:25,01:35,00:30,EARLY,ONTIME,DELAY,DELAY,,,,,,,,19:45,20:12,,,HAN,PXU,HUI,Domestic,VJ,,,,,,,,,,,,
,2026-07-31,VJ528/VJ1127,A534,A321,DAD-HAN-SGN,17:30,19:20,17:30,19:20,18:05,19:29,19:30,19:50,01:50,01:25,DELAY,ONTIME,DELAY,DELAY,,,,15,00:10,,,18:35,19:25,,,HAN,DAD,SGN,Domestic,VJ,,,,,,,,,,,,
,2026-07-31,VJ144/VJ519,A697,A321,SGN-HAN-DAD,18:05,19:25,18:05,19:25,19:20,19:48,19:49,20:07,01:20,00:29,DELAY,DELAY,DELAY,DELAY,,93,00:24,,,,,19:20,19:45,,,HAN,SGN,DAD,Domestic,VJ,,,,,,,,,,,,
,2026-07-31,VJ928/VJ157,A551,A321,CGK-HAN-SGN,18:15,19:30,18:15,19:30,18:58,19:36,19:37,19:44,01:15,00:39,DELAY,ONTIME,ONTIME,DELAY,,66,00:07,,,,,19:00,19:32,,CHANGE CREW OB 1910L,HAN,CGK,SGN,Domestic,VJ,,,,,,,,,,,,
,2026-07-31,VJ146/VJ523,A630,A321,SGN-HAN-DAD,19:10,19:45,19:10,21:20,20:55,21:24,21:25,21:35,02:10,00:30,DELAY,ONTIME,DELAY,DELAY,,93,00:05,,,,,20:45,21:21,,,HAN,SGN,DAD,Domestic,VJ,,,,,,,,,,,,
,2026-07-31,VJ568/VJ7712,A663,A320,HUI-HAN-PKX,18:55,19:55,18:55,20:50,20:05,20:49,20:50,20:55,01:55,00:45,ONTIME,ONTIME,DELAY,DELAY,,,,,,,,20:15,20:45,,,HAN,HUI,PKX,International,VJ,,,,,,,,,,,,
,2026-07-31,VJ931/VJ907,A554,A321,KIX-HAN-BOM,18:30,20:05,18:30,20:05,19:00,20:02,20:03,20:20,01:35,01:03,EARLY,ONTIME,ONTIME,DELAY,,,,,,,,19:20,20:00,,,HAN,KIX,BOM,International,VJ,,,,,,,,,,,,
,2026-07-31,VJ420/VJ455,A552,A321,TBB-HAN-PQC,19:15,20:05,19:15,20:05,20:10,20:44,20:45,20:57,00:50,00:35,DELAY,DELAY,DELAY,DELAY,,93,00:35,66,00:05,,,20:12,20:40,,CHANGE CREW OB 2018L,HAN,TBB,PQC,Domestic,VJ,,,,,,,,,,,,
,2026-07-31,VJ949/VJ783,A529,A321,RMQ-HAN-CXR,19:50,20:30,19:50,21:00,20:10,20:59,21:00,21:14,01:10,00:50,ONTIME,ONTIME,DELAY,DELAY,,,,,,,,20:30,20:57,,LATE TAKEOFF DUE TO ATC,HAN,RMQ,CXR,Domestic,VJ,,,,,,,,,,,,
,2026-07-31,VJ1452/VJ161,A699,A320,PQC-HAN-SGN,19:55,21:10,19:55,21:10,20:23,21:29,21:30,21:39,01:15,01:07,DELAY,DELAY,DELAY,DELAY,,95,00:20,,,,,20:58,21:27,,CREW FR VJ146 OB 2105L,HAN,PQC,SGN,Domestic,VJ,,,,,,,,,,,,
,2026-07-31,VJ468/VJ7238,A669,A320,VCA-HAN-PVG,19:50,21:15,19:50,21:15,19:47,21:12,21:13,21:30,01:25,01:26,EARLY,ONTIME,ONTIME,ONTIME,,,,,,,,20:30,21:10,,,HAN,VCA,PVG,International,VJ,,,,,,,,,,,,
,2026-07-31,VJ776/VJ527,A645,A321,CXR-HAN-DAD,20:20,21:30,20:20,21:30,21:00,21:59,22:00,22:08,01:10,01:00,DELAY,DELAY,DELAY,DELAY,,95,00:30,,,,,21:30,21:56,,CREW FR VJ520 OB 2148L,HAN,CXR,DAD,Domestic,VJ,,,,,,,,,,,,
,2026-07-31,VJ154/VJ163,A820,A330,SGN-HAN-SGN,20:55,21:25,20:55,21:55,21:20,21:53,21:54,21:55,01:00,00:34,EARLY,ONTIME,DELAY,DELAY,,,,,,,,21:20,21:50,,,HAN,SGN,SGN,Domestic,VJ,,,,,,,,,,,,
,2026-07-31,VJ935/VJ7526,A521,A321,NRT-HAN-CAN,20:05,22:30,20:05,22:30,20:10,22:29,22:30,22:35,02:25,02:20,ONTIME,ONTIME,ONTIME,ONTIME,,,,,,,,21:40,22:25,,,HAN,NRT,CAN,International,VJ,,,,,,,,,,,,
,2026-07-31,VJ466/VJ167,A685,A321,VCA-HAN-SGN,21:50,22:45,21:50,23:50,23:10,23:44,23:45,23:50,02:00,00:35,EARLY,ONTIME,DELAY,DELAY,,,,,,,,23:10,23:40,,,HAN,VCA,SGN,Domestic,VJ,,,,,,,,,,,,
,2026-07-31,VJ520/VJ962,A673,A321,DAD-HAN-ICN,20:55,23:15,20:55,23:15,22:15,23:14,23:15,23:19,02:20,01:00,ONTIME,ONTIME,ONTIME,DELAY,,,,,,,,22:35,23:10,,,HAN,DAD,ICN,International,VJ,,,,,,,,,,,,
