id,date,flight,reg,type,route,sta,std,eta,etd,onC,dc,offC,aobt,groundTime,tat,otpETD1,otpETD15,otpSTD,otaSTA,doorEarly5,code1,min1,code2,min2,code3,min3,delayReason,originReport,originOTA,destination,market,airline,updatedAt,updatedBy
2026-01-01|VJ932|A817|HAN-NRT|00:55,2026-01-01,VJ932,A817,A330,HAN-NRT,,00:55,,00:55,,00:54,00:55,01:02,,,ONTIME,ONTIME,ONTIME,,,,,,,,,,HAN,,NRT,International,VJ,,
2026-01-01|VJ982|A522|HAN-PUS|01:00,2026-01-01,VJ982,A522,A321,HAN-PUS,,01:00,,01:00,,01:24,01:25,01:30,,,DELAY,DELAY,DELAY,,,95,00:25,,,,,crew 778 ob 0058,HAN,,PUS,International,VJ,,
2026-01-01|VJ920|A538|HAN-NGO|01:35,2026-01-01,VJ920,A538,A321,HAN-NGO,,01:35,,01:35,,01:54,01:55,02:15,,,DELAY,DELAY,DELAY,,,63A,00:20,,,,,capt han ob 0147,HAN,,NGO,International,VJ,,
2026-01-01|VJ938|A546|HAN-KIX|01:40,2026-01-01,VJ938,A546,A321,HAN-KIX,,01:40,,01:40,,01:37,01:38,01:45,,,EARLY,ONTIME,ONTIME,,,,,,,,,,HAN,,KIX,International,VJ,,
2026-01-01|VJ960|A640|HAN-ICN|01:45,2026-01-01,VJ960,A640,A321,HAN-ICN,,01:45,,01:45,,01:44,01:45,01:49,,,ONTIME,ONTIME,ONTIME,,,,,,,,,,HAN,,ICN,International,VJ,,
2026-01-01|VJ958|A677|HAN-FUK|02:05,2026-01-01,VJ958,A677,A321,HAN-FUK,,02:05,,02:05,,02:04,02:05,02:12,,,ONTIME,ONTIME,ONTIME,,,,,,,,,,HAN,,FUK,International,VJ,,
2026-01-01|VJ3521/VJ3521|A550|PQC-HAN-VVO|00:25,2026-01-01,VJ3521/VJ3521,A550,A321,PQC-HAN-VVO,23:55,00:25,00:35,02:20,01:55,02:19,02:20,02:30,01:45,00:25,ONTIME,ONTIME,DELAY,ONTIME,,,,,,,,,HAN,PQC,VVO,International,VJ,,
2026-01-01|VJ179|A663|HAN-SGN|05:00,2026-01-01,VJ179,A663,A320,HAN-SGN,,05:00,,05:00,,04:54,04:55,04:56,,,EARLY,ONTIME,ONTIME,,,,,,,,,,HAN,,SGN,Domestic,VJ,,
2026-01-01|VJ185|A634|HAN-SGN|05:10,2026-01-01,VJ185,A634,A321,HAN-SGN,,05:10,,05:10,,05:04,05:05,05:10,,,EARLY,ONTIME,ONTIME,,,,,,,,,,HAN,,SGN,Domestic,VJ,,
2026-01-01|VJ7713/VJ461|A656|PKX-HAN-VCA|05:30,2026-01-01,VJ7713/VJ461,A656,A320,PKX-HAN-VCA,04:10,05:30,04:10,05:30,04:20,05:24,05:25,05:32,01:20,01:05,EARLY,ONTIME,ONTIME,ONTIME,,,,,,,,,HAN,PKX,VCA,Domestic,VJ,,
2026-01-01|VJ443|A632|HAN-PQC|06:00,2026-01-01,VJ443,A632,A321,HAN-PQC,,06:00,,06:00,,05:54,05:55,06:03,,,EARLY,ONTIME,ONTIME,,,,,,,,,,HAN,,PQC,Domestic,VJ,,
2026-01-01|VJ491|A635|HAN-BMV|06:00,2026-01-01,VJ491,A635,A321,HAN-BMV,,06:00,,06:00,,05:54,05:55,06:05,,,EARLY,ONTIME,ONTIME,,,,,,,,,,HAN,,BMV,Domestic,VJ,,
2026-01-01|VJ503|A642|HAN-DAD|06:00,2026-01-01,VJ503,A642,A321,HAN-DAD,,06:00,,06:00,,05:54,05:55,06:03,,,EARLY,ONTIME,ONTIME,,,,,,,,,,HAN,,DAD,Domestic,VJ,,
2026-01-01|VJ7527/VJ421|A685|CAN-HAN-PXU|06:05,2026-01-01,VJ7527/VJ421,A685,A321,CAN-HAN-PXU,04:35,06:05,04:35,06:05,04:25,05:59,06:00,06:07,01:30,01:35,EARLY,ONTIME,ONTIME,ONTIME,,,,,,,,,HAN,CAN,PXU,Domestic,VJ,,
2026-01-01|VJ7239/VJ401|A658|PVG-HAN-DLI|06:15,2026-01-01,VJ7239/VJ401,A658,A320,PVG-HAN-DLI,05:15,06:15,05:15,06:15,05:40,06:14,06:15,06:19,01:00,00:35,ONTIME,ONTIME,ONTIME,DELAY,,,,,,,,,HAN,PVG,DLI,Domestic,VJ,,
2026-01-01|VJ952|A650|HAN-HIJ|06:35,2026-01-01,VJ952,A650,A320,HAN-HIJ,,06:35,,06:35,,06:28,06:29,06:37,,,EARLY,ONTIME,ONTIME,,,,,,,,,,HAN,,HIJ,International,VJ,,
2026-01-01|VJ181|A531|HAN-SGN|06:40,2026-01-01,VJ181,A531,A321,HAN-SGN,,06:40,,06:40,,06:34,06:35,06:45,,,EARLY,ONTIME,ONTIME,,,,,,,,,,HAN,,SGN,Domestic,VJ,,
2026-01-01|VJ105|652G|HAN-VCS|06:45,2026-01-01,VJ105,652G,C909,HAN-VCS,,06:45,,06:45,,06:35,06:36,06:39,,,EARLY,ONTIME,ONTIME,,,,,,,,,,HAN,,VCS,Domestic,VJ,,
2026-01-01|VJ905|A534|HAN-KUL|07:10,2026-01-01,VJ905,A534,A321,HAN-KUL,,07:10,,07:10,,07:04,07:05,07:14,,,EARLY,ONTIME,ONTIME,,,,,,,,,,HAN,,KUL,International,VJ,,
2026-01-01|VJ956|A689|HAN-PUS|07:30,2026-01-01,VJ956,A689,A320,HAN-PUS,,07:30,,07:30,,07:24,07:25,07:32,,,EARLY,ONTIME,ONTIME,,,,,,,,,,HAN,,PUS,International,VJ,,
2026-01-01|VJ7343/VJ431|A666|XIY-HAN-UIH|07:30,2026-01-01,VJ7343/VJ431,A666,A320,XIY-HAN-UIH,03:10,07:30,03:10,07:30,06:00,07:24,07:25,07:35,04:20,01:25,EARLY,ONTIME,ONTIME,DELAY,,,,,,,,,HAN,XIY,UIH,Domestic,VJ,,
2026-01-01|VJ940|A667|HAN-TPE|07:35,2026-01-01,VJ940,A667,A321,HAN-TPE,,07:35,,07:35,,07:29,07:30,07:45,,,EARLY,ONTIME,ONTIME,,,,,,,,,,HAN,,TPE,International,VJ,,
2026-01-01|VJ502/VJ771|A643|DAD-HAN-CXR|07:35,2026-01-01,VJ502/VJ771,A643,A321,DAD-HAN-CXR,07:05,07:35,07:05,07:35,07:25,07:47,07:50,07:52,00:30,00:25,DELAY,ONTIME,DELAY,DELAY,,93,00:15,,,,,,HAN,DAD,CXR,Domestic,VJ,,
2026-01-01|VJ107|656E|HAN-VCS|08:15,2026-01-01,VJ107,656E,C909,HAN-VCS,,08:15,,08:15,,08:14,08:15,08:20,,,ONTIME,ONTIME,ONTIME,,,,,,,,,,HAN,,VCS,Domestic,VJ,,
2026-01-01|VJ930|A545|HAN-KIX|08:20,2026-01-01,VJ930,A545,A321,HAN-KIX,,08:20,,08:20,,08:19,08:20,08:29,,,ONTIME,ONTIME,ONTIME,,,,,,,,,,HAN,,KIX,International,VJ,,
2026-01-01|VJ910/VJ934|A525|BOM-HAN-NRT|08:30,2026-01-01,VJ910/VJ934,A525,A321,BOM-HAN-NRT,07:40,08:30,07:40,09:15,08:25,09:14,09:15,09:25,01:35,00:50,ONTIME,ONTIME,DELAY,DELAY,,,,,,,,,HAN,BOM,NRT,International,VJ,,
2026-01-01|VJ125|A820|HAN-SGN|08:40,2026-01-01,VJ125,A820,A321,HAN-SGN,,08:40,,08:40,,08:39,08:40,08:52,,,ONTIME,ONTIME,ONTIME,,,,,,,,,,HAN,,SGN,Domestic,VJ,,
2026-01-01|VJ524/VJ929|A676|DAD-HAN-CGK|08:40,2026-01-01,VJ524/VJ929,A676,A320,DAD-HAN-CGK,07:40,08:40,07:40,08:40,07:35,08:30,08:32,08:35,01:00,00:57,EARLY,ONTIME,ONTIME,ONTIME,,,,,,,,,HAN,DAD,CGK,International,VJ,,
2026-01-01|VJ127|A815|HAN-SGN|08:55,2026-01-01,VJ127,A815,A330,HAN-SGN,,08:55,,08:55,,08:54,08:55,08:59,,,ONTIME,ONTIME,ONTIME,,,,,,,,,,HAN,,SGN,Domestic,VJ,,
2026-01-01|VJ773|A816|HAN-CXR|08:55,2026-01-01,VJ773,A816,A330,HAN-CXR,,08:55,,08:55,,08:54,08:55,09:04,,,ONTIME,ONTIME,ONTIME,,,,,,,,,,HAN,,CXR,Domestic,VJ,,
2026-01-01|VJ124/VJ139|A500|SGN-HAN-SGN|09:25,2026-01-01,VJ124/VJ139,A500,A321,SGN-HAN-SGN,07:50,09:25,07:50,09:25,07:52,09:24,09:25,09:30,01:35,01:33,ONTIME,ONTIME,ONTIME,ONTIME,,,,,,,,,HAN,SGN,SGN,Domestic,VJ,,
2026-01-01|VJ126/VJ915|A649|SGN-HAN-SIN|09:35,2026-01-01,VJ126/VJ915,A649,A321,SGN-HAN-SIN,08:25,09:35,08:25,09:35,08:25,09:32,09:33,09:37,01:10,01:08,EARLY,ONTIME,ONTIME,ONTIME,,,,,,,,,HAN,SGN,SIN,International,VJ,,
2026-01-01|VJ997|A542|HAN-DPS|10:00,2026-01-01,VJ997,A542,A321,HAN-DPS,,10:00,,10:00,,09:59,10:00,10:05,,,ONTIME,ONTIME,ONTIME,,,,,,,,,,HAN,,DPS,International,VJ,,
2026-01-01|VJ148/VJ149|-NVE|SGN-HAN-SGN|10:05,2026-01-01,VJ148/VJ149,-NVE,A321,SGN-HAN-SGN,09:30,10:05,09:30,10:05,09:50,10:19,10:20,10:25,00:35,00:30,DELAY,ONTIME,DELAY,DELAY,,93,00:10,63D,00:05,,,,HAN,SGN,SGN,Domestic,VJ,,
2026-01-01|VJ422/VJ567|A685|PXU-HAN-HUI|10:10,2026-01-01,VJ422/VJ567,A685,A321,PXU-HAN-HUI,09:40,10:10,09:40,10:10,09:35,10:09,10:10,10:13,00:30,00:35,ONTIME,ONTIME,ONTIME,ONTIME,,,,,,,,,HAN,PXU,HUI,Domestic,VJ,,
2026-01-01|VJ504/VJ1443|A642|DAD-HAN-PQC|10:15,2026-01-01,VJ504/VJ1443,A642,A321,DAD-HAN-PQC,09:00,10:15,09:00,10:15,09:25,10:14,10:15,10:24,01:15,00:50,ONTIME,ONTIME,ONTIME,DELAY,,,,,,,,,HAN,DAD,PQC,Domestic,VJ,,
2026-01-01|VJ492/VJ507|A635|BMV-HAN-DAD|10:30,2026-01-01,VJ492/VJ507,A635,A321,BMV-HAN-DAD,10:00,10:30,10:00,10:30,10:05,10:34,10:35,10:45,00:30,00:30,DELAY,ONTIME,ONTIME,ONTIME,,93,00:05,,,,,,HAN,BMV,DAD,Domestic,VJ,,
2026-01-01|VJ460/VJ463|A656|VCA-HAN-VCA|10:50,2026-01-01,VJ460/VJ463,A656,A320,VCA-HAN-VCA,10:20,10:50,10:20,10:50,10:12,10:49,10:50,10:58,00:30,00:38,ONTIME,ONTIME,ONTIME,ONTIME,,,,,,,,,HAN,VCA,VCA,Domestic,VJ,,
2026-01-01|VJ136/VJ135|A663|SGN-HAN-SGN|11:10,2026-01-01,VJ136/VJ135,A663,A320,SGN-HAN-SGN,10:40,11:10,10:40,11:10,10:40,11:09,11:10,11:23,00:30,00:30,ONTIME,ONTIME,ONTIME,ONTIME,,,,,,,,,HAN,SGN,SGN,Domestic,VJ,,
2026-01-01|VJ402/VJ403|A658|DLI-HAN-DLI|11:10,2026-01-01,VJ402/VJ403,A658,A320,DLI-HAN-DLI,10:35,11:10,10:35,11:10,10:30,11:09,11:10,11:15,00:35,00:40,ONTIME,ONTIME,ONTIME,ONTIME,,,,,,,,,HAN,DLI,DLI,Domestic,VJ,,
2026-01-01|VJ981/VJ946|A670|PUS-HAN-KHH|11:45,2026-01-01,VJ981/VJ946,A670,A321,PUS-HAN-KHH,11:00,11:45,11:00,11:45,11:20,11:54,11:55,12:01,00:45,00:35,DELAY,ONTIME,DELAY,DELAY,,93,00:05,66,00:05,,,,HAN,PUS,KHH,International,VJ,,
2026-01-01|VJ430/VJ407|A666|UIH-HAN-DLI|11:55,2026-01-01,VJ430/VJ407,A666,A320,UIH-HAN-DLI,11:20,11:55,11:20,11:55,11:20,11:59,12:00,12:10,00:35,00:40,DELAY,ONTIME,ONTIME,ONTIME,,87,00:05,,,,,RAMP CONGESTION,HAN,UIH,DLI,Domestic,VJ,,
2026-01-01|VJ442/VJ137|A632|PQC-HAN-SGN|12:10,2026-01-01,VJ442/VJ137,A632,A321,PQC-HAN-SGN,10:45,12:10,10:45,12:10,11:00,12:14,12:15,12:20,01:25,01:15,DELAY,ONTIME,ONTIME,ONTIME,,15A,00:05,,,,,CUT 5 PAX AND 2 PCS BAGS,HAN,PQC,SGN,Domestic,VJ,,
2026-01-01|VJ963/VJ901|A633|ICN-HAN-BKK|12:15,2026-01-01,VJ963/VJ901,A633,A321,ICN-HAN-BKK,09:30,12:15,09:30,12:15,09:36,12:06,12:08,12:11,02:45,02:32,EARLY,ONTIME,ONTIME,ONTIME,,,,,,,,,HAN,ICN,BKK,International,VJ,,
2026-01-01|VJ3522/VJ3522|A550|VVO-HAN-PQC|12:50,2026-01-01,VJ3522/VJ3522,A550,A321,VVO-HAN-PQC,12:20,12:50,12:20,14:45,14:20,14:44,14:45,14:46,02:25,00:25,ONTIME,ONTIME,DELAY,DELAY,,,,,,,,,HAN,VVO,PQC,Domestic,VJ,,
2026-01-01|VJ780/VJ781|A536|CXR-HAN-CXR|13:00,2026-01-01,VJ780/VJ781,A536,A321,CXR-HAN-CXR,12:30,13:00,12:30,13:00,12:55,13:22,13:23,13:30,00:30,00:28,DELAY,DELAY,DELAY,DELAY,,93,00:23,,,,,,HAN,CXR,CXR,Domestic,VJ,,
2026-01-01|VJ770/VJ513|A643|CXR-HAN-DAD|13:35,2026-01-01,VJ770/VJ513,A643,A321,CXR-HAN-DAD,11:45,13:35,11:45,13:35,12:25,13:25,13:26,13:30,01:50,01:01,EARLY,ONTIME,ONTIME,DELAY,,,,,,,,,HAN,CXR,DAD,Domestic,VJ,,
2026-01-01|VJ959/VJ948|A677|FUK-HAN-RMQ|13:35,2026-01-01,VJ959/VJ948,A677,A321,FUK-HAN-RMQ,12:25,13:35,12:25,13:35,12:15,13:27,13:28,13:34,01:10,01:13,EARLY,ONTIME,ONTIME,ONTIME,,,,,,,,,HAN,FUK,RMQ,International,VJ,,
2026-01-01|VJ440/VJ441|A671|PQC-HAN-PQC|13:40,2026-01-01,VJ440/VJ441,A671,A320,PQC-HAN-PQC,12:40,13:40,12:40,13:40,13:25,13:54,13:55,14:00,01:00,00:30,DELAY,ONTIME,DELAY,DELAY,,93,00:10,66,00:05,,,,HAN,PQC,PQC,Domestic,VJ,,
2026-01-01|VJ566/VJ511|A685|HUI-HAN-DAD|14:20,2026-01-01,VJ566/VJ511,A685,A321,HUI-HAN-DAD,13:05,14:20,13:05,14:20,13:16,14:19,14:20,14:23,01:15,01:04,ONTIME,ONTIME,ONTIME,ONTIME,,,,,,,,,HAN,HUI,DAD,Domestic,VJ,,
2026-01-01|VJ939/VJ942|A546|KIX-HAN-TPE|14:25,2026-01-01,VJ939/VJ942,A546,A321,KIX-HAN-TPE,13:05,14:25,13:05,14:25,13:05,14:20,14:22,14:25,01:20,01:17,EARLY,ONTIME,ONTIME,ONTIME,,,,,,,,,HAN,KIX,TPE,International,VJ,,
2026-01-01|VJ508/VJ1491|A635|DAD-HAN-BMV|14:35,2026-01-01,VJ508/VJ1491,A635,A321,DAD-HAN-BMV,13:40,14:35,13:40,14:35,14:30,15:04,15:05,15:08,00:55,00:35,DELAY,DELAY,DELAY,DELAY,,93,00:25,66,00:05,,,,HAN,DAD,BMV,Domestic,VJ,,
2026-01-01|VJ941/VJ1441|A667|TPE-HAN-PQC|15:30,2026-01-01,VJ941/VJ1441,A667,A321,TPE-HAN-PQC,14:10,15:30,14:10,15:30,15:00,15:39,15:40,15:50,01:20,00:40,DELAY,ONTIME,DELAY,DELAY,,66,00:10,,,,,CHANGE CREW HN OB 1510,HAN,TPE,PQC,Domestic,VJ,,
2026-01-01|VJ142/VJ199|A500|SGN-HAN-SGN|15:35,2026-01-01,VJ142/VJ199,A500,A321,SGN-HAN-SGN,14:50,15:35,14:50,16:00,15:50,16:19,16:20,16:44,01:10,00:30,DELAY,DELAY,DELAY,DELAY,,93,00:20,,,,,LATE ARR,HAN,SGN,SGN,Domestic,VJ,,
2026-01-01|VJ933/VJ145|A817|NRT-HAN-SGN|15:35,2026-01-01,VJ933/VJ145,A817,A330,NRT-HAN-SGN,14:00,15:35,14:00,15:35,14:35,15:34,15:35,15:50,01:35,01:00,ONTIME,ONTIME,ONTIME,DELAY,,,,,,,,,HAN,NRT,SGN,Domestic,VJ,,
2026-01-01|VJ921/VJ903|A538|NGO-HAN-BKK|15:50,2026-01-01,VJ921/VJ903,A538,A321,NGO-HAN-BKK,13:40,15:50,13:40,15:50,13:25,15:45,15:46,15:56,02:10,02:21,EARLY,ONTIME,ONTIME,ONTIME,,,,,,,,,HAN,NGO,BKK,International,VJ,,
2026-01-01|VJ404/VJ433|A658|DLI-HAN-UIH|15:50,2026-01-01,VJ404/VJ433,A658,A320,DLI-HAN-UIH,15:20,15:50,15:20,15:50,15:30,15:54,15:55,16:07,00:30,00:25,DELAY,ONTIME,DELAY,ONTIME,,93,00:05,,,,,,HAN,DLI,UIH,Domestic,VJ,,
2026-01-01|VJ1444/VJ423|A642|PQC-HAN-PXU|15:55,2026-01-01,VJ1444/VJ423,A642,A321,PQC-HAN-PXU,14:55,15:55,14:55,15:55,15:35,16:09,16:10,16:14,01:00,00:35,DELAY,ONTIME,DELAY,DELAY,,93,00:10,66,00:05,,,LATE ARR/CHANGE CREW HN OB 1537,HAN,PQC,PXU,Domestic,VJ,,
2026-01-01|VJ198/VJ195|A815|SGN-HAN-SGN|16:00,2026-01-01,VJ198/VJ195,A815,A330,SGN-HAN-SGN,15:10,16:00,15:10,16:00,15:20,16:04,16:05,16:10,00:50,00:45,DELAY,ONTIME,ONTIME,ONTIME,,93,00:05,,,,,LATE ARR,HAN,SGN,SGN,Domestic,VJ,,
2026-01-01|VJ906/VJ913|A534|KUL-HAN-SAI|16:20,2026-01-01,VJ906/VJ913,A534,A321,KUL-HAN-SAI,14:55,16:20,14:55,16:20,14:50,16:24,16:25,16:35,01:25,01:35,DELAY,ONTIME,ONTIME,ONTIME,,99,00:05,,,,,LATE ACCEPT PAX WITH BAG( 1 PAX&01 BAG),HAN,KUL,SAI,International,VJ,,
2026-01-01|VJ462/VJ515|A656|VCA-HAN-DAD|16:25,2026-01-01,VJ462/VJ515,A656,A320,VCA-HAN-DAD,15:40,16:25,15:40,16:25,16:05,16:35,16:36,16:45,00:45,00:31,DELAY,ONTIME,DELAY,DELAY,,93,00:05,87,00:06,,,LATE ARR/GATE LIMITATION,HAN,VCA,DAD,Domestic,VJ,,
2026-01-01|VJ408/VJ409|A666|DLI-HAN-DLI|16:40,2026-01-01,VJ408/VJ409,A666,A320,DLI-HAN-DLI,16:05,16:40,16:05,16:40,16:45,17:17,17:20,17:27,00:35,00:35,DELAY,DELAY,DELAY,DELAY,,93,00:30,66,00:10,,,LATE ARR/CHANGE CREW HN OB 1655,HAN,DLI,DLI,Domestic,VJ,,
2026-01-01|VJ134/VJ163|-MLN|SGN-HAN-SGN|17:20,2026-01-01,VJ134/VJ163,-MLN,A321,SGN-HAN-SGN,16:50,17:20,18:40,19:20,18:55,19:19,19:20,19:30,00:40,00:25,ONTIME,ONTIME,DELAY,DELAY,,,,,,,,,HAN,SGN,SGN,Domestic,VJ,,
2026-01-01|VJ514/VJ465|A643|DAD-HAN-VCA|17:25,2026-01-01,VJ514/VJ465,A643,A321,DAD-HAN-VCA,16:45,17:25,16:45,17:25,17:00,17:29,17:30,17:33,00:40,00:30,DELAY,ONTIME,ONTIME,ONTIME,,93,00:05,,,,,,HAN,DAD,VCA,Domestic,VJ,,
2026-01-01|VJ953/VJ445|A650|HIJ-HAN-PQC|17:40,2026-01-01,VJ953/VJ445,A650,A320,HIJ-HAN-PQC,16:20,17:40,16:20,17:40,16:45,17:36,17:37,17:40,01:20,00:52,EARLY,ONTIME,ONTIME,DELAY,,,,,,,,,HAN,HIJ,PQC,Domestic,VJ,,
2026-01-01|VJ784/VJ191|A536|CXR-HAN-SGN|17:45,2026-01-01,VJ784/VJ191,A536,A321,CXR-HAN-SGN,17:10,17:45,17:10,17:45,17:10,17:44,17:45,17:52,00:35,00:35,ONTIME,ONTIME,ONTIME,ONTIME,,,,,,,,,HAN,CXR,SGN,Domestic,VJ,,
2026-01-01|VJ961/VJ783|A640|ICN-HAN-CXR|17:55,2026-01-01,VJ961/VJ783,A640,A321,ICN-HAN-CXR,14:10,17:55,14:10,18:30,14:00,18:29,18:30,18:36,04:20,04:30,ONTIME,ONTIME,DELAY,ONTIME,,,,,,,,,HAN,ICN,CXR,Domestic,VJ,,
2026-01-01|VJ902/VJ779|A633|BKK-HAN-CXR|18:00,2026-01-01,VJ902/VJ779,A633,A321,BKK-HAN-CXR,17:00,18:00,17:00,18:00,17:15,17:56,17:58,18:03,01:00,00:43,EARLY,ONTIME,ONTIME,ONTIME,,,,,,,,,HAN,BKK,CXR,Domestic,VJ,,
2026-01-01|VJ512/VJ493|A635|DAD-HAN-BMV|18:25,2026-01-01,VJ512/VJ493,A635,A321,DAD-HAN-BMV,17:30,18:25,17:30,18:25,17:56,18:24,18:25,18:30,00:55,00:29,ONTIME,ONTIME,ONTIME,DELAY,,,,,,,,,HAN,DAD,BMV,Domestic,VJ,,
2026-01-01|VJ194/VJ165|A634|SGN-HAN-SGN|18:35,2026-01-01,VJ194/VJ165,A634,A321,SGN-HAN-SGN,18:00,18:35,18:00,18:35,18:10,18:39,18:40,18:50,00:35,00:30,DELAY,ONTIME,ONTIME,ONTIME,,93,00:05,,,,,,HAN,SGN,SGN,Domestic,VJ,,
2026-01-01|VJ784/VJ193|A536|CXR-HAN-SGN|18:45,2026-01-01,VJ784/VJ193,A536,A321,CXR-HAN-SGN,17:50,18:45,17:50,18:45,17:40,18:32,18:33,18:44,00:55,00:53,EARLY,ONTIME,ONTIME,ONTIME,,,,,,,,,HAN,CXR,SGN,Domestic,VJ,,
2026-01-01|VJ957/VJ1925|A689|PUS-HAN-AMD|19:00,2026-01-01,VJ957/VJ1925,A689,A320,PUS-HAN-AMD,17:20,19:00,17:20,19:00,18:05,18:58,19:00,19:05,01:40,00:55,ONTIME,ONTIME,ONTIME,DELAY,,,,,,,,,HAN,PUS,AMD,International,VJ,,
2026-01-01|VJ1492/VJ517|A685|BMV-HAN-DAD|19:05,2026-01-01,VJ1492/VJ517,A685,A321,BMV-HAN-DAD,18:35,19:05,18:35,19:55,19:05,19:59,20:00,20:15,01:20,00:55,DELAY,ONTIME,DELAY,DELAY,,87,00:05,,,,,GATE LIMITATION,HAN,BMV,DAD,Domestic,VJ,,
2026-01-01|VJ144/VJ971|A820|SGN-HAN-DEL|19:10,2026-01-01,VJ144/VJ971,A820,A321,SGN-HAN-DEL,14:10,19:10,14:10,19:10,14:46,19:09,19:10,19:24,05:00,04:24,ONTIME,ONTIME,ONTIME,DELAY,,,,,,,,,HAN,SGN,DEL,International,VJ,,
2026-01-01|VJ446/VJ569|A671|PQC-HAN-HUI|19:15,2026-01-01,VJ446/VJ569,A671,A320,PQC-HAN-HUI,18:25,19:15,18:25,19:45,19:20,19:44,19:45,20:00,01:20,00:25,ONTIME,ONTIME,DELAY,DELAY,,,,,,,,,HAN,PQC,HUI,Domestic,VJ,,
2026-01-01|VJ957/VJ147|A689|PUS-HAN-SGN|19:25,2026-01-01,VJ957/VJ147,A689,A320,PUS-HAN-SGN,17:20,19:25,17:20,19:25,17:35,19:28,19:30,19:35,02:05,01:55,DELAY,ONTIME,ONTIME,ONTIME,,15A,00:05,,,,,OFFLOAD 11PAX&02 BAG,HAN,PUS,SGN,Domestic,VJ,,
2026-01-01|VJ900/VJ519|A526|DPS-HAN-DAD|19:45,2026-01-01,VJ900/VJ519,A526,A321,DPS-HAN-DAD,17:20,19:45,17:20,19:45,17:00,19:54,19:55,20:14,02:25,02:55,DELAY,ONTIME,DELAY,ONTIME,,95,00:10,,,,,CREW FROM VJ446 ON 1935,HAN,DPS,DAD,Domestic,VJ,,
2026-01-01|VJ947/VJ7712|A670|KHH-HAN-PKX|20:05,2026-01-01,VJ947/VJ7712,A670,A321,KHH-HAN-PKX,18:05,20:05,18:05,20:05,17:50,19:54,19:56,20:16,02:00,02:06,EARLY,ONTIME,ONTIME,ONTIME,,,,,,,,,HAN,KHH,PKX,International,VJ,,
2026-01-01|VJ424/VJ501|A642|PXU-HAN-DAD|20:15,2026-01-01,VJ424/VJ501,A642,A321,PXU-HAN-DAD,19:35,20:15,19:35,20:15,20:00,20:19,20:20,20:26,00:40,00:20,DELAY,ONTIME,ONTIME,DELAY,,93,00:05,,,,,,HAN,PXU,DAD,Domestic,VJ,,
2026-01-01|VJ931/VJ155|A545|KIX-HAN-SGN|20:50,2026-01-01,VJ931/VJ155,A545,A321,KIX-HAN-SGN,19:15,20:50,19:15,20:50,19:20,20:49,20:50,20:59,01:35,01:30,ONTIME,ONTIME,ONTIME,ONTIME,,,,,,,,,HAN,KIX,SGN,Domestic,VJ,,
2026-01-01|VJ1440/VJ521|A667|PQC-HAN-DAD|21:10,2026-01-01,VJ1440/VJ521,A667,A321,PQC-HAN-DAD,20:10,21:10,20:10,21:35,21:10,21:37,21:40,21:52,01:25,00:30,DELAY,ONTIME,DELAY,DELAY,,93,00:05,,,,,,HAN,PQC,DAD,Domestic,VJ,,
2026-01-01|VJ432/VJ7238|A658|UIH-HAN-PVG|21:30,2026-01-01,VJ432/VJ7238,A658,A320,UIH-HAN-PVG,19:35,21:30,19:35,21:55,20:00,21:42,21:43,21:51,02:20,01:43,EARLY,ONTIME,DELAY,DELAY,,,,,,,,,HAN,UIH,PVG,International,VJ,,
2026-01-01|VJ410/VJ7306|A666|DLI-HAN-TFU|21:55,2026-01-01,VJ410/VJ7306,A666,A320,DLI-HAN-TFU,20:55,21:55,20:55,22:45,21:43,22:36,22:38,22:45,01:50,00:55,EARLY,ONTIME,DELAY,DELAY,,,,,,,,,HAN,DLI,TFU,International,VJ,,
2026-01-01|VJ152/VJ123|A575|SGN-HAN-SGN|22:10,2026-01-01,VJ152/VJ123,A575,A321,SGN-HAN-SGN,20:15,22:10,20:15,22:10,20:32,22:09,22:10,22:20,01:55,01:38,ONTIME,ONTIME,ONTIME,DELAY,,,,,,,,,HAN,SGN,SGN,Domestic,VJ,,
2026-01-01|VJ568/VJ523|A676|HUI-HAN-DAD|22:45,2026-01-01,VJ568/VJ523,A676,A320,HUI-HAN-DAD,22:15,22:45,22:15,23:35,23:00,23:34,23:35,23:45,01:20,00:35,ONTIME,ONTIME,DELAY,DELAY,,,,,,,,,HAN,HUI,DAD,Domestic,VJ,,
2026-01-01|VJ914/VJ962|A534|SAI-HAN-ICN|22:50,2026-01-01,VJ914/VJ962,A534,A321,SAI-HAN-ICN,20:50,22:50,20:50,22:50,20:35,22:49,22:50,23:00,02:00,02:15,ONTIME,ONTIME,ONTIME,ONTIME,,,,,,,,,HAN,SAI,ICN,International,VJ,,
2026-01-01|VJ158/VJ187|A639|SGN-HAN-SGN|22:50,2026-01-01,VJ158/VJ187,A639,A321,SGN-HAN-SGN,20:30,22:50,20:30,22:50,21:15,22:39,22:40,22:43,02:20,01:25,EARLY,ONTIME,ONTIME,DELAY,,,,,,,,,HAN,SGN,SGN,Domestic,VJ,,
2026-01-01|VJ180/VJ171|A814|SGN-HAN-SGN|23:25,2026-01-01,VJ180/VJ171,A814,A330,SGN-HAN-SGN,22:25,23:25,22:25,23:25,22:45,23:16,23:18,23:23,01:00,00:33,EARLY,ONTIME,ONTIME,DELAY,,,,,,,,,HAN,SGN,SGN,Domestic,VJ,,
2026-01-01|VJ494/VJ7526|A685|BMV-HAN-CAN|23:40,2026-01-01,VJ494/VJ7526,A685,A321,BMV-HAN-CAN,22:25,23:40,22:25,23:40,22:25,23:39,23:40,23:48,01:15,01:15,ONTIME,ONTIME,ONTIME,ONTIME,,,,,,,,,HAN,BMV,CAN,International,VJ,,
2026-01-01|VJ156/VJ159|A675|SGN-HAN-SGN|00:10,2026-01-01,VJ156/VJ159,A675,A320,SGN-HAN-SGN,23:35,00:10,23:35,00:10,23:45,00:24,00:25,"1 day, 0:25:00",00:35,00:40,DELAY,DELAY,ONTIME,ONTIME,,99,00:15,,,,,REPRINT PM DUE TO ERROR A/C ON EDOC,HAN,SGN,SGN,Domestic,VJ,,
2026-01-02|VJ932|A546|HAN-NRT|00:55,2026-01-02,VJ932,A546,A321,HAN-NRT,,00:55,,00:55,,00:59,01:00,01:05,,,DELAY,ONTIME,ONTIME,,,99,00:05,,,,,LATE ACCEPT PAX WITH BAG( 1 PAX& 3 BAG),HAN,,NRT,International,VJ,,
2026-01-02|VJ982|A542|HAN-PUS|01:00,2026-01-02,VJ982,A542,A321,HAN-PUS,,01:00,,01:00,,00:55,00:57,00:58,,,EARLY,ONTIME,ONTIME,,,,,,,,,,HAN,,PUS,International,VJ,,
2026-01-02|VJ920|A525|HAN-NGO|01:35,2026-01-02,VJ920,A525,A321,HAN-NGO,,01:35,,01:35,,01:34,01:35,01:40,,,ONTIME,ONTIME,ONTIME,,,,,,,,,,HAN,,NGO,International,VJ,,
2026-01-02|VJ938|A526|HAN-KIX|01:40,2026-01-02,VJ938,A526,A321,HAN-KIX,,01:40,,01:40,,01:36,01:37,01:42,,,EARLY,ONTIME,ONTIME,,,,,,,,,,HAN,,KIX,International,VJ,,
2026-01-02|VJ960|A648|HAN-ICN|02:10,2026-01-02,VJ960,A648,A321,HAN-ICN,,02:10,,02:10,,02:04,02:05,02:07,,,EARLY,ONTIME,ONTIME,,,,,,,,,,HAN,,ICN,International,VJ,,
2026-01-02|VJ7614/VJ7614|A516|CXR-HAN-BQS|02:10,2026-01-02,VJ7614/VJ7614,A516,A321,CXR-HAN-BQS,01:40,02:10,01:40,02:10,01:55,02:24,02:25,02:35,00:30,00:30,DELAY,ONTIME,DELAY,ONTIME,,93,00:15,,,,,,HAN,CXR,BQS,International,VJ,,
2026-01-02|VJ185|A553|HAN-SGN|05:10,2026-01-02,VJ185,A553,A321,HAN-SGN,,05:10,,05:10,,05:04,05:05,05:12,,,EARLY,ONTIME,ONTIME,,,,,,,,,,HAN,,SGN,Domestic,VJ,,
2026-01-02|VJ509|A522|HAN-DAD|05:25,2026-01-02,VJ509,A522,A321,HAN-DAD,,05:25,,05:25,,05:19,05:20,05:27,,,EARLY,ONTIME,ONTIME,,,,,,,,,,HAN,,DAD,Domestic,VJ,,
2026-01-02|VJ461|A689|HAN-VCA|05:30,2026-01-02,VJ461,A689,A320,HAN-VCA,,05:30,,05:30,,05:23,05:25,05:29,,,EARLY,ONTIME,ONTIME,,,,,,,,,,HAN,,VCA,Domestic,VJ,,
2026-01-02|VJ401|A656|HAN-DLI|05:50,2026-01-02,VJ401,A656,A320,HAN-DLI,,05:50,,05:50,,05:44,05:45,05:50,,,EARLY,ONTIME,ONTIME,,,,,,,,,,HAN,,DLI,Domestic,VJ,,
2026-01-02|VJ503|A643|HAN-DAD|05:55,2026-01-02,VJ503,A643,A321,HAN-DAD,,05:55,,05:55,,05:49,05:50,05:57,,,EARLY,ONTIME,ONTIME,,,,,,,,,,HAN,,DAD,Domestic,VJ,,
2026-01-02|VJ491|A635|HAN-BMV|05:55,2026-01-02,VJ491,A635,A321,HAN-BMV,,05:55,,05:55,,05:49,05:50,05:58,,,EARLY,ONTIME,ONTIME,,,,,,,,,,HAN,,BMV,Domestic,VJ,,
2026-01-02|VJ7713/VJ443|A670|PKX-HAN-PQC|06:00,2026-01-02,VJ7713/VJ443,A670,A321,PKX-HAN-PQC,04:10,06:00,04:10,06:00,04:05,05:54,05:55,06:06,01:50,01:50,EARLY,ONTIME,ONTIME,ONTIME,,,,,,,,,HAN,PKX,PQC,Domestic,VJ,,
2026-01-02|VJ421|A644|HAN-PXU|06:05,2026-01-02,VJ421,A644,A321,HAN-PXU,,06:05,,06:05,,05:59,06:00,06:09,,,EARLY,ONTIME,ONTIME,,,,,,,,,,HAN,,PXU,Domestic,VJ,,
2026-01-02|VJ105|652G|HAN-VCS|06:45,2026-01-02,VJ105,652G,C909,HAN-VCS,,06:45,,06:45,,06:38,06:40,06:45,,,EARLY,ONTIME,ONTIME,,,,,,,,,,HAN,,VCS,Domestic,VJ,,
2026-01-02|VJ905|A667|HAN-KUL|07:10,2026-01-02,VJ905,A667,A321,HAN-KUL,,07:10,,07:10,,07:03,07:05,07:06,,,EARLY,ONTIME,ONTIME,,,,,,,,,,HAN,,KUL,International,VJ,,
2026-01-02|VJ1926/VJ940|A676|AMD-HAN-TPE|07:35,2026-01-02,VJ1926/VJ940,A676,A320,AMD-HAN-TPE,06:20,07:35,06:20,07:35,05:35,07:00,07:29,07:30,01:15,01:54,EARLY,ONTIME,ONTIME,ONTIME,,,,,,,,,HAN,AMD,TPE,International,VJ,,
2026-01-02|VJ7239/VJ431|A658|PVG-HAN-UIH|07:35,2026-01-02,VJ7239/VJ431,A658,A320,PVG-HAN-UIH,05:15,07:35,05:15,07:35,05:15,07:28,07:30,07:35,02:20,02:15,EARLY,ONTIME,ONTIME,ONTIME,,,,,,,,,HAN,PVG,UIH,Domestic,VJ,,
2026-01-02|VJ502/VJ956|A668|DAD-HAN-PUS|07:45,2026-01-02,VJ502/VJ956,A668,A320,DAD-HAN-PUS,07:05,07:45,07:05,07:45,07:00,07:39,07:40,07:50,00:40,00:40,EARLY,ONTIME,ONTIME,ONTIME,,,,,,,,,HAN,DAD,PUS,International,VJ,,
2026-01-02|VJ771|A677|HAN-CXR|07:50,2026-01-02,VJ771,A677,A321,HAN-CXR,,07:50,,07:50,,07:49,07:50,08:00,,,ONTIME,ONTIME,ONTIME,,,,,,,,,,HAN,,CXR,Domestic,VJ,,
2026-01-02|VJ107|656E|HAN-VCS|08:15,2026-01-02,VJ107,656E,C909,HAN-VCS,,08:15,,08:15,,08:05,08:06,08:08,,,EARLY,ONTIME,ONTIME,,,,,,,,,,HAN,,VCS,Domestic,VJ,,
2026-01-02|VJ122/VJ934|A523|SGN-HAN-NRT|08:20,2026-01-02,VJ122/VJ934,A523,A321,SGN-HAN-NRT,07:30,08:20,07:30,08:20,07:20,08:19,08:20,08:28,00:50,01:00,ONTIME,ONTIME,ONTIME,ONTIME,,,,,,,,,HAN,SGN,NRT,International,VJ,,
2026-01-02|VJ930|A538|HAN-KIX|08:20,2026-01-02,VJ930,A538,A321,HAN-KIX,,08:20,,08:20,,08:24,08:25,08:35,,,DELAY,ONTIME,ONTIME,,,99,00:05,,,,,LATE ACCEPT 15PAX 15BAG,HAN,,KIX,International,VJ,,
2026-01-02|VJ7307/VJ929|A666|TFU-HAN-CGK|08:40,2026-01-02,VJ7307/VJ929,A666,A320,TFU-HAN-CGK,03:55,08:40,03:55,08:40,03:55,08:39,08:40,08:52,04:45,04:45,ONTIME,ONTIME,ONTIME,ONTIME,,,,,,,,,HAN,TFU,CGK,International,VJ,,
2026-01-02|VJ124/VJ125|A814|SGN-HAN-SGN|08:40,2026-01-02,VJ124/VJ125,A814,A330,SGN-HAN-SGN,07:50,08:40,07:50,08:40,07:45,08:35,08:37,08:39,00:50,00:52,EARLY,ONTIME,ONTIME,ONTIME,,,,,,,,,HAN,SGN,SGN,Domestic,VJ,,
2026-01-02|VJ7527/VJ127|A685|CAN-HAN-SGN|08:55,2026-01-02,VJ7527/VJ127,A685,A321,CAN-HAN-SGN,04:35,08:55,04:35,08:55,04:15,08:53,08:54,08:58,04:20,04:39,EARLY,ONTIME,ONTIME,ONTIME,,,,,,,,,HAN,CAN,SGN,Domestic,VJ,,
2026-01-02|VJ972/VJ139|A820|DEL-HAN-SGN|09:30,2026-01-02,VJ972/VJ139,A820,A321,DEL-HAN-SGN,05:35,09:30,05:35,09:30,05:35,09:24,09:25,09:30,03:55,03:50,EARLY,ONTIME,ONTIME,ONTIME,,,,,,,,,HAN,DEL,SGN,Domestic,VJ,,
2026-01-02|VJ510/VJ527|A522|DAD-HAN-DAD|09:30,2026-01-02,VJ510/VJ527,A522,A321,DAD-HAN-DAD,08:35,09:30,08:35,09:30,08:50,09:29,09:30,09:38,00:55,00:40,ONTIME,ONTIME,ONTIME,ONTIME,,,,,,,,,HAN,DAD,DAD,Domestic,VJ,,
2026-01-02|VJ126/VJ997|A537|SGN-HAN-DPS|10:00,2026-01-02,VJ126/VJ997,A537,A321,SGN-HAN-DPS,08:25,10:00,08:25,10:00,08:25,09:59,10:00,10:15,01:35,01:35,ONTIME,ONTIME,ONTIME,ONTIME,,,,,,,,,HAN,SGN,DPS,International,VJ,,
2026-01-02|VJ176/VJ403|A673|SGN-HAN-DLI|10:00,2026-01-02,VJ176/VJ403,A673,A321,SGN-HAN-DLI,09:00,10:00,09:00,10:00,09:00,09:54,09:55,10:07,01:00,00:55,EARLY,ONTIME,ONTIME,ONTIME,,,,,,,,,HAN,SGN,DLI,Domestic,VJ,,
2026-01-02|VJ148/VJ149|-MLI|SGN-HAN-SGN|10:05,2026-01-02,VJ148/VJ149,-MLI,A320,SGN-HAN-SGN,09:30,10:05,09:30,10:05,09:40,10:14,10:15,10:20,00:35,00:35,DELAY,ONTIME,ONTIME,ONTIME,,63D,00:10,,,,,,HAN,SGN,SGN,Domestic,VJ,,
2026-01-02|VJ422/VJ567|A644|PXU-HAN-HUI|10:10,2026-01-02,VJ422/VJ567,A644,A321,PXU-HAN-HUI,09:40,10:10,09:40,10:10,09:45,10:13,10:15,10:25,00:30,00:30,DELAY,ONTIME,ONTIME,ONTIME,,93,00:05,,,,,,HAN,PXU,HUI,Domestic,VJ,,
2026-01-02|VJ504/VJ1443|A643|DAD-HAN-PQC|10:15,2026-01-02,VJ504/VJ1443,A643,A321,DAD-HAN-PQC,09:00,10:15,09:00,10:15,09:17,10:14,10:15,10:30,01:15,00:58,ONTIME,ONTIME,ONTIME,DELAY,,,,,,,,,HAN,DAD,PQC,Domestic,VJ,,
2026-01-02|VJ963/VJ915|A698|ICN-HAN-SIN|10:30,2026-01-02,VJ963/VJ915,A698,A321,ICN-HAN-SIN,09:30,10:30,09:30,10:30,09:35,10:29,10:30,10:45,01:00,00:55,ONTIME,ONTIME,ONTIME,ONTIME,,,,,,,,,HAN,ICN,SIN,International,VJ,,
2026-01-02|VJ492/VJ507|A635|BMV-HAN-DAD|10:30,2026-01-02,VJ492/VJ507,A635,A321,BMV-HAN-DAD,10:00,10:30,10:00,10:30,10:05,10:33,10:35,10:40,00:30,00:30,DELAY,ONTIME,ONTIME,ONTIME,,93,00:05,,,,,,HAN,BMV,DAD,Domestic,VJ,,
2026-01-02|VJ402/VJ775|A656|DLI-HAN-CXR|10:40,2026-01-02,VJ402/VJ775,A656,A320,DLI-HAN-CXR,10:10,10:40,10:10,10:40,10:15,10:49,10:50,11:03,00:30,00:35,DELAY,ONTIME,DELAY,ONTIME,,63A,00:10,,,,,FO LATE SHOW UP,HAN,DLI,CXR,Domestic,VJ,,
2026-01-02|VJ460/VJ463|A689|VCA-HAN-VCA|10:50,2026-01-02,VJ460/VJ463,A689,A320,VCA-HAN-VCA,10:20,10:50,10:20,10:50,10:25,10:54,10:55,11:12,00:30,00:30,DELAY,ONTIME,DELAY,ONTIME,,66,00:05,,,,,CREW OB 1030,HAN,VCA,VCA,Domestic,VJ,,
2026-01-02|VJ136/VJ135|A549|SGN-HAN-SGN|11:10,2026-01-02,VJ136/VJ135,A549,A321,SGN-HAN-SGN,10:40,11:10,10:40,11:10,10:35,11:04,11:05,11:28,00:30,00:30,EARLY,ONTIME,DELAY,ONTIME,,,,,,,,,HAN,SGN,SGN,Domestic,VJ,,
2026-01-02|VJ451|A815|HAN-PQC|11:25,2026-01-02,VJ451,A815,A330,HAN-PQC,,11:25,,11:25,,11:19,11:20,11:34,,,EARLY,ONTIME,ONTIME,,,,,,,,,,HAN,,PQC,Domestic,VJ,,
2026-01-02|VJ132/VJ137|A553|SGN-HAN-SGN|11:40,2026-01-02,VJ132/VJ137,A553,A321,SGN-HAN-SGN,11:10,11:40,11:10,11:40,11:10,11:39,11:40,11:50,00:30,00:30,ONTIME,ONTIME,ONTIME,ONTIME,,,,,,,,,HAN,SGN,SGN,Domestic,VJ,,
2026-01-02|VJ442/VJ946|A670|PQC-HAN-KHH|11:45,2026-01-02,VJ442/VJ946,A670,A321,PQC-HAN-KHH,10:45,11:45,10:45,11:45,11:25,12:03,12:05,12:07,01:00,00:40,DELAY,DELAY,DELAY,DELAY,,93,00:10,66,00:10,,,CREW OB 1140,HAN,PQC,KHH,International,VJ,,
2026-01-02|VJ430/VJ407|A658|UIH-HAN-DLI|11:50,2026-01-02,VJ430/VJ407,A658,A320,UIH-HAN-DLI,11:20,11:50,11:20,11:50,11:08,11:44,11:45,11:59,00:30,00:37,EARLY,ONTIME,ONTIME,ONTIME,,,,,,,,,HAN,UIH,DLI,Domestic,VJ,,
2026-01-02|VJ981/VJ901|A542|PUS-HAN-BKK|12:15,2026-01-02,VJ981/VJ901,A542,A321,PUS-HAN-BKK,11:00,12:15,11:00,12:15,11:12,12:09,12:10,12:13,01:15,00:58,EARLY,ONTIME,ONTIME,ONTIME,,,,,,,,,HAN,PUS,BKK,International,VJ,,
2026-01-02|VJ440/VJ441|A650|PQC-HAN-PQC|13:10,2026-01-02,VJ440/VJ441,A650,A320,PQC-HAN-PQC,12:10,13:10,12:10,13:10,12:40,13:09,13:10,13:15,01:00,00:30,ONTIME,ONTIME,ONTIME,DELAY,,,,,,,,,HAN,PQC,PQC,Domestic,VJ,,
2026-01-02|VJ770/VJ948|A677|CXR-HAN-RMQ|13:35,2026-01-02,VJ770/VJ948,A677,A321,CXR-HAN-RMQ,12:05,13:35,12:05,13:35,12:35,13:29,13:30,13:41,01:30,00:55,EARLY,ONTIME,ONTIME,DELAY,,,,,,,,,HAN,CXR,RMQ,International,VJ,,
2026-01-02|VJ528/VJ513|A522|DAD-HAN-DAD|13:35,2026-01-02,VJ528/VJ513,A522,A321,DAD-HAN-DAD,12:40,13:35,12:40,13:35,13:15,13:44,13:45,13:55,00:55,00:30,DELAY,ONTIME,DELAY,DELAY,,93,00:10,,,,,,HAN,DAD,DAD,Domestic,VJ,,
2026-01-02|VJ128/VJ143|A811|SGN-HAN-SGN|13:40,2026-01-02,VJ128/VJ143,A811,A330,SGN-HAN-SGN,12:10,13:40,12:10,13:40,12:50,13:39,13:40,13:46,01:30,00:50,ONTIME,ONTIME,ONTIME,DELAY,,,,,,,,,HAN,SGN,SGN,Domestic,VJ,,
2026-01-02|VJ188/VJ151|-NVE|SGN-HAN-SGN|14:00,2026-01-02,VJ188/VJ151,-NVE,A320,SGN-HAN-SGN,13:25,14:00,13:25,15:05,14:50,15:14,15:15,15:25,01:40,00:25,DELAY,ONTIME,DELAY,DELAY,,93,00:10,,,,,,HAN,SGN,SGN,Domestic,VJ,,
2026-01-02|VJ566/VJ511|A644|HUI-HAN-DAD|14:20,2026-01-02,VJ566/VJ511,A644,A321,HUI-HAN-DAD,13:05,14:20,13:05,14:20,13:40,14:19,14:20,14:28,01:15,00:40,ONTIME,ONTIME,ONTIME,DELAY,,,,,,,,,HAN,HUI,DAD,Domestic,VJ,,
2026-01-02|VJ939/VJ942|A526|KIX-HAN-TPE|14:25,2026-01-02,VJ939/VJ942,A526,A321,KIX-HAN-TPE,13:05,14:25,13:05,14:25,13:15,14:19,14:20,14:23,01:20,01:05,EARLY,ONTIME,ONTIME,ONTIME,,,,,,,,,HAN,KIX,TPE,International,VJ,,
2026-01-02|VJ961/VJ1491|A648|ICN-HAN-BMV|14:35,2026-01-02,VJ961/VJ1491,A648,A321,ICN-HAN-BMV,14:10,14:35,14:10,14:35,14:00,14:34,14:35,14:38,00:25,00:35,ONTIME,ONTIME,ONTIME,ONTIME,,,,,,,,,HAN,ICN,BMV,Domestic,VJ,,
2026-01-02|VJ138/VJ153|A663|SGN-HAN-SGN|15:10,2026-01-02,VJ138/VJ153,A663,A320,SGN-HAN-SGN,14:40,15:10,14:40,15:10,15:00,15:04,15:25,15:32,00:30,00:25,DELAY,ONTIME,DELAY,DELAY,,93,00:15,,,,,,HAN,SGN,SGN,Domestic,VJ,,
2026-01-02|VJ7615/VJ7615|A516|BQS-HAN-CXR|15:10,2026-01-02,VJ7615/VJ7615,A516,A321,BQS-HAN-CXR,14:40,15:10,14:40,15:10,15:11,15:39,15:40,16:00,00:30,00:29,DELAY,DELAY,DELAY,DELAY,,93,00:30,,,,,,HAN,BQS,CXR,Domestic,VJ,,
2026-01-02|VJ774/VJ175|A656|CXR-HAN-SGN|15:20,2026-01-02,VJ774/VJ175,A656,A320,CXR-HAN-SGN,14:50,15:20,14:50,16:00,15:40,15:59,16:00,16:15,01:10,00:20,ONTIME,ONTIME,DELAY,DELAY,,,,,,,,,HAN,CXR,SGN,Domestic,VJ,,
2026-01-02|VJ508/VJ433|A635|DAD-HAN-UIH|15:25,2026-01-02,VJ508/VJ433,A635,A321,DAD-HAN-UIH,13:40,15:25,13:40,15:25,15:10,15:44,15:45,15:52,01:45,00:35,DELAY,DELAY,DELAY,DELAY,,93,00:15,66,00:05,,,CREW OB 1515,HAN,DAD,UIH,Domestic,VJ,,
2026-01-02|VJ921/VJ1441|A525|NGO-HAN-PQC|15:30,2026-01-02,VJ921/VJ1441,A525,A321,NGO-HAN-PQC,13:40,15:30,13:40,15:30,13:30,15:29,15:30,15:35,01:50,02:00,ONTIME,ONTIME,ONTIME,ONTIME,,,,,,,,,HAN,NGO,PQC,Domestic,VJ,,
2026-01-02|VJ144/VJ145|A814|SGN-HAN-SGN|15:35,2026-01-02,VJ144/VJ145,A814,A330,SGN-HAN-SGN,14:10,15:35,14:10,15:35,14:20,15:29,15:30,15:53,01:25,01:10,EARLY,ONTIME,DELAY,ONTIME,,,,,,,,,HAN,SGN,SGN,Domestic,VJ,,
2026-01-02|VJ906/VJ903|A667|KUL-HAN-BKK|15:50,2026-01-02,VJ906/VJ903,A667,A321,KUL-HAN-BKK,14:55,15:50,14:55,15:50,13:15,15:49,15:50,16:00,00:55,02:35,ONTIME,ONTIME,ONTIME,ONTIME,,,,,,,,,HAN,KUL,BKK,International,VJ,,
2026-01-02|VJ1444/VJ423|A643|PQC-HAN-PXU|15:55,2026-01-02,VJ1444/VJ423,A643,A321,PQC-HAN-PXU,15:05,15:55,15:05,15:55,16:00,16:24,16:25,16:35,00:50,00:25,DELAY,DELAY,DELAY,DELAY,,93,00:30,,,,,,HAN,PQC,PXU,Domestic,VJ,,
2026-01-02|VJ941/VJ195|A676|TPE-HAN-SGN|16:00,2026-01-02,VJ941/VJ195,A676,A320,TPE-HAN-SGN,14:10,16:00,14:10,16:00,14:25,15:59,16:00,16:15,01:50,01:35,ONTIME,ONTIME,ONTIME,ONTIME,,,,,,,,,HAN,TPE,SGN,Domestic,VJ,,
2026-01-02|VJ142/VJ157|A820|SGN-HAN-SGN|16:00,2026-01-02,VJ142/VJ157,A820,A321,SGN-HAN-SGN,14:50,16:00,14:50,16:00,15:20,15:59,16:00,16:07,01:10,00:40,ONTIME,ONTIME,ONTIME,DELAY,,,,,,,,,HAN,SGN,SGN,Domestic,VJ,,
2026-01-02|VJ933/VJ913|A667|NRT-HAN-SAI|16:20,2026-01-02,VJ933/VJ913,A667,A321,NRT-HAN-SAI,14:00,16:20,14:00,17:10,14:12,17:07,17:08,17:30,03:10,02:56,EARLY,ONTIME,DELAY,ONTIME,,,,,,,,,HAN,NRT,SAI,International,VJ,,
2026-01-02|VJ462/VJ515|A689|VCA-HAN-DAD|16:25,2026-01-02,VJ462/VJ515,A689,A320,VCA-HAN-DAD,15:40,16:25,15:40,16:50,16:25,16:49,16:50,17:00,01:10,00:25,ONTIME,ONTIME,DELAY,DELAY,,,,,,,,,HAN,VCA,DAD,Domestic,VJ,,
2026-01-02|VJ408/VJ147|A658|DLI-HAN-SGN|17:10,2026-01-02,VJ408/VJ147,A658,A320,DLI-HAN-SGN,16:00,17:10,16:00,17:10,16:20,17:09,17:10,17:40,01:10,00:50,ONTIME,ONTIME,DELAY,DELAY,,,,,,,,,HAN,DLI,SGN,Domestic,VJ,,
2026-01-02|VJ134/VJ163|-MLN|SGN-HAN-SGN|17:20,2026-01-02,VJ134/VJ163,-MLN,A320,SGN-HAN-SGN,16:50,17:20,16:50,18:00,17:50,18:14,18:15,18:23,01:10,00:25,DELAY,ONTIME,DELAY,DELAY,,93,00:15,,,,,,HAN,SGN,SGN,Domestic,VJ,,
2026-01-02|VJ514/VJ465|A522|DAD-HAN-VCA|17:25,2026-01-02,VJ514/VJ465,A522,A321,DAD-HAN-VCA,16:45,17:25,16:45,18:00,17:30,17:59,18:00,18:04,01:15,00:30,ONTIME,ONTIME,DELAY,DELAY,,,,,,,,,HAN,DAD,VCA,Domestic,VJ,,
2026-01-02|VJ512/VJ779|A635|DAD-HAN-CXR|18:00,2026-01-02,VJ512/VJ779,A635,A321,DAD-HAN-CXR,17:30,18:00,17:30,18:00,18:00,18:29,18:30,18:35,00:30,00:30,DELAY,DELAY,DELAY,DELAY,,93,00:30,,,,,,HAN,DAD,CXR,Domestic,VJ,,
2026-01-02|VJ957/VJ445|A668|PUS-HAN-PQC|18:25,2026-01-02,VJ957/VJ445,A668,A320,PUS-HAN-PQC,17:20,18:25,17:20,18:25,17:05,18:21,18:23,18:26,01:05,01:18,EARLY,ONTIME,ONTIME,ONTIME,,,,,,,,,HAN,PUS,PQC,Domestic,VJ,,
2026-01-02|VJ900/VJ165|A500|DPS-HAN-SGN|18:30,2026-01-02,VJ900/VJ165,A500,A321,DPS-HAN-SGN,17:20,18:30,17:20,18:30,17:00,18:26,18:27,18:30,01:10,01:27,EARLY,ONTIME,ONTIME,ONTIME,,,,,,,,,HAN,DPS,SGN,Domestic,VJ,,
2026-01-02|VJ947/VJ193|A670|KHH-HAN-SGN|18:55,2026-01-02,VJ947/VJ193,A670,A321,KHH-HAN-SGN,18:05,18:55,18:05,18:55,17:40,18:50,18:52,18:55,00:50,01:12,EARLY,ONTIME,ONTIME,ONTIME,,,,,,,,,HAN,KHH,SGN,Domestic,VJ,,
2026-01-02|VJ902/VJ1925|A542|BKK-HAN-AMD|19:00,2026-01-02,VJ902/VJ1925,A542,A321,BKK-HAN-AMD,17:00,19:00,17:00,19:00,17:00,18:59,19:00,19:07,02:00,02:00,ONTIME,ONTIME,ONTIME,ONTIME,,,,,,,,,HAN,BKK,AMD,International,VJ,,
2026-01-02|VJ1492/VJ517|A644|BMV-HAN-DAD|19:05,2026-01-02,VJ1492/VJ517,A644,A321,BMV-HAN-DAD,18:35,19:05,18:35,19:05,18:40,19:09,19:10,19:17,00:30,00:30,DELAY,ONTIME,ONTIME,ONTIME,,93,00:05,,,,,,HAN,BMV,DAD,Domestic,VJ,,
2026-01-02|VJ916/VJ173|A698|SIN-HAN-SGN|19:05,2026-01-02,VJ916/VJ173,A698,A321,SIN-HAN-SGN,18:05,19:05,18:05,19:40,18:15,19:38,19:40,19:50,01:35,01:25,ONTIME,ONTIME,DELAY,ONTIME,,,,,,,,,HAN,SIN,SGN,Domestic,VJ,,
2026-01-02|VJ194/VJ7358|A545|SGN-HAN-HRB|19:25,2026-01-02,VJ194/VJ7358,A545,A321,SGN-HAN-HRB,17:30,19:25,17:30,19:25,17:20,19:24,19:25,19:36,01:55,02:05,ONTIME,ONTIME,ONTIME,ONTIME,,,,,,,,,HAN,SGN,HRB,International,VJ,,
2026-01-02|VJ446/VJ569|A650|PQC-HAN-HUI|19:40,2026-01-02,VJ446/VJ569,A650,A320,PQC-HAN-HUI,17:55,19:40,17:55,19:40,18:50,19:39,19:40,19:43,01:45,00:50,ONTIME,ONTIME,ONTIME,DELAY,,,,,,,,,HAN,PQC,HUI,Domestic,VJ,,
2026-01-02|VJ152/VJ519|A544|SGN-HAN-DAD|19:45,2026-01-02,VJ152/VJ519,A544,A321,SGN-HAN-DAD,19:15,19:45,19:15,20:45,20:15,20:42,20:43,20:48,01:30,00:28,EARLY,ONTIME,DELAY,DELAY,,,,,,,,,HAN,SGN,DAD,Domestic,VJ,,
2026-01-02|VJ931/VJ907|A538|KIX-HAN-BOM|20:00,2026-01-02,VJ931/VJ907,A538,A321,KIX-HAN-BOM,19:15,20:00,19:15,20:25,19:50,20:39,20:40,20:47,01:10,00:50,DELAY,ONTIME,DELAY,DELAY,,66,00:10,87,00:05,,,STUCK AT PBB,HAN,KIX,BOM,International,VJ,,
2026-01-02|VJ928/VJ7712|A666|CGK-HAN-PKX|20:05,2026-01-02,VJ928/VJ7712,A666,A320,CGK-HAN-PKX,18:15,20:05,18:15,20:05,19:15,20:04,20:05,20:15,01:50,00:50,ONTIME,ONTIME,ONTIME,DELAY,,,,,,,,,HAN,CGK,PKX,International,VJ,,
2026-01-02|VJ432/VJ155|A648|UIH-HAN-SGN|20:05,2026-01-02,VJ432/VJ155,A648,A321,UIH-HAN-SGN,19:10,20:05,19:10,20:05,19:35,20:02,20:03,20:07,00:55,00:28,EARLY,ONTIME,ONTIME,DELAY,,,,,,,,,HAN,UIH,SGN,Domestic,VJ,,
2026-01-02|VJ424/VJ501|A643|PXU-HAN-DAD|20:15,2026-01-02,VJ424/VJ501,A643,A321,PXU-HAN-DAD,19:35,20:15,19:35,20:15,20:20,20:49,20:50,20:59,00:40,00:30,DELAY,DELAY,DELAY,DELAY,,93,00:35,,,,,,HAN,PXU,DAD,Domestic,VJ,,
2026-01-02|VJ516/VJ7342|A689|DAD-HAN-XIY|20:20,2026-01-02,VJ516/VJ7342,A689,A320,DAD-HAN-XIY,19:35,20:20,20:00,21:20,20:22,21:09,21:10,21:17,01:20,00:48,EARLY,ONTIME,DELAY,DELAY,,,,,,,,,HAN,DAD,XIY,International,VJ,,
2026-01-02|VJ949/VJ7815|A677|RMQ-HAN-MNL|21:25,2026-01-02,VJ949/VJ7815,A677,A321,RMQ-HAN-MNL,19:50,21:25,19:50,21:25,20:10,21:21,21:22,21:25,01:35,01:12,EARLY,ONTIME,ONTIME,DELAY,,,,,,,,,HAN,RMQ,MNL,International,VJ,,
2026-01-02|VJ1440/VJ521|A674|PQC-HAN-DAD|21:25,2026-01-02,VJ1440/VJ521,A674,A321,PQC-HAN-DAD,20:25,21:25,20:25,21:25,21:05,21:34,21:35,21:41,01:00,00:30,DELAY,ONTIME,DELAY,DELAY,,93,00:10,,,,,,HAN,PQC,DAD,Domestic,VJ,,
2026-01-02|VJ154/VJ7238|A656|SGN-HAN-PVG|21:30,2026-01-02,VJ154/VJ7238,A656,A320,SGN-HAN-PVG,20:10,21:30,20:10,22:10,21:40,22:19,22:20,22:25,02:00,00:40,DELAY,ONTIME,DELAY,DELAY,,66,00:10,,,,,,HAN,SGN,PVG,International,VJ,,
2026-01-02|VJ998/VJ962|A537|DPS-HAN-ICN|22:50,2026-01-02,VJ998/VJ962,A537,A321,DPS-HAN-ICN,21:35,22:50,21:35,22:50,21:28,22:59,23:00,23:09,01:15,01:32,DELAY,ONTIME,DELAY,ONTIME,,15A,00:10,,,,,CUT 7 PAX AND 2 PCS BAGS,HAN,DPS,ICN,International,VJ,,
2026-01-02|VJ158/VJ123|A647|SGN-HAN-SGN|22:50,2026-01-02,VJ158/VJ123,A647,A321,SGN-HAN-SGN,21:25,22:50,21:25,22:50,21:45,22:40,22:42,22:47,01:25,00:57,EARLY,ONTIME,ONTIME,DELAY,,,,,,,,,HAN,SGN,SGN,Domestic,VJ,,
2026-01-02|VJ180/VJ171|A814|SGN-HAN-SGN|23:25,2026-01-02,VJ180/VJ171,A814,A330,SGN-HAN-SGN,22:25,23:25,22:25,23:25,22:50,23:23,23:24,23:28,01:00,00:34,EARLY,ONTIME,ONTIME,DELAY,,,,,,,,,HAN,SGN,SGN,Domestic,VJ,,
2026-01-02|VJ156/VJ159|A699|SGN-HAN-SGN|23:40,2026-01-02,VJ156/VJ159,A699,A320,SGN-HAN-SGN,23:10,23:40,23:10,01:05,00:30,00:56,00:58,00:59,01:55,00:28,EARLY,ONTIME,DELAY,ONTIME,,,,,,,,,HAN,SGN,SGN,Domestic,VJ,,
2026-01-02|VJ778/VJ7526|A635|CXR-HAN-CAN|23:40,2026-01-02,VJ778/VJ7526,A635,A321,CXR-HAN-CAN,22:10,23:40,22:10,23:40,23:05,23:39,23:40,23:48,01:30,00:35,ONTIME,ONTIME,ONTIME,DELAY,,,,,,,,,HAN,CXR,CAN,International,VJ,,
2026-01-03|VJ932|A523|HAN-NRT|00:55,2026-01-03,VJ932,A523,A321,HAN-NRT,,00:55,,00:55,,00:52,00:53,01:00,,,EARLY,ONTIME,ONTIME,,,,,,,,,,HAN,,NRT,International,VJ,,
2026-01-03|VJ982|A667|HAN-PUS|01:00,2026-01-03,VJ982,A667,A321,HAN-PUS,,01:00,,01:00,,00:58,01:00,01:05,,,ONTIME,ONTIME,ONTIME,,,,,,,,,,HAN,,PUS,International,VJ,,
2026-01-03|VJ7706/VJ7706|A516|CXR-HAN-KHV|01:25,2026-01-03,VJ7706/VJ7706,A516,A321,CXR-HAN-KHV,00:55,01:25,00:55,01:25,01:15,01:44,01:45,01:48,00:30,00:30,DELAY,DELAY,DELAY,DELAY,,93,00:20,,,,,,HAN,CXR,KHV,International,VJ,,
2026-01-03|VJ920|A546|HAN-NGO|01:35,2026-01-03,VJ920,A546,A321,HAN-NGO,,01:35,,01:35,,01:32,01:33,01:34,,,EARLY,ONTIME,ONTIME,,,,,,,,,,HAN,,NGO,International,VJ,,
2026-01-03|VJ938|A526|HAN-KIX|01:40,2026-01-03,VJ938,A526,A321,HAN-KIX,,01:40,,01:40,,01:30,01:32,01:33,,,EARLY,ONTIME,ONTIME,,,,,,,,,,HAN,,KIX,International,VJ,,
2026-01-03|VJ960|A698|HAN-ICN|01:45,2026-01-03,VJ960,A698,A321,HAN-ICN,,01:45,,01:45,,01:40,01:41,01:43,,,EARLY,ONTIME,ONTIME,,,,,,,,,,HAN,,ICN,International,VJ,,
2026-01-03|VJ958|A648|HAN-FUK|02:05,2026-01-03,VJ958,A648,A321,HAN-FUK,,02:05,,02:05,,01:54,01:55,01:56,,,EARLY,ONTIME,ONTIME,,,,,,,,,,HAN,,FUK,International,VJ,,
2026-01-03|VJ185|A651|HAN-SGN|05:10,2026-01-03,VJ185,A651,A321,HAN-SGN,,05:10,,05:10,,05:04,05:05,05:12,,,EARLY,ONTIME,ONTIME,,,,,,,,,,HAN,,SGN,Domestic,VJ,,
2026-01-03|VJ461|A635|HAN-VCA|05:30,2026-01-03,VJ461,A635,A321,HAN-VCA,,05:30,,05:30,,05:23,05:24,05:27,,,EARLY,ONTIME,ONTIME,,,,,,,,,,HAN,,VCA,Domestic,VJ,,
2026-01-03|VJ503|A544|HAN-DAD|06:00,2026-01-03,VJ503,A544,A321,HAN-DAD,,06:00,,06:00,,05:54,05:55,06:00,,,EARLY,ONTIME,ONTIME,,,,,,,,,,HAN,,DAD,Domestic,VJ,,
2026-01-03|VJ443|A522|HAN-PQC|06:00,2026-01-03,VJ443,A522,A321,HAN-PQC,,06:00,,06:00,,05:54,05:55,06:01,,,EARLY,ONTIME,ONTIME,,,,,,,,,,HAN,,PQC,Domestic,VJ,,
2026-01-03|VJ401|A676|HAN-DLI|06:00,2026-01-03,VJ401,A676,A320,HAN-DLI,,06:00,,06:00,,05:54,05:55,06:00,,,EARLY,ONTIME,ONTIME,,,,,,,,,,HAN,,DLI,Domestic,VJ,,
2026-01-03|VJ7527/VJ491|A644|CAN-HAN-BMV|06:00,2026-01-03,VJ7527/VJ491,A644,A321,CAN-HAN-BMV,04:35,06:00,04:35,06:00,04:20,05:54,05:55,06:00,01:25,01:35,EARLY,ONTIME,ONTIME,ONTIME,,,,,,,,,HAN,CAN,BMV,Domestic,VJ,,
2026-01-03|VJ952|A650|HAN-HIJ|06:05,2026-01-03,VJ952,A650,A320,HAN-HIJ,,06:05,,06:05,,05:59,06:00,06:08,,,EARLY,ONTIME,ONTIME,,,,,,,,,,HAN,,HIJ,International,VJ,,
2026-01-03|VJ7816/VJ421|A677|MNL-HAN-PXU|06:05,2026-01-03,VJ7816/VJ421,A677,A321,MNL-HAN-PXU,04:55,06:05,04:55,06:05,04:55,05:59,06:00,06:05,01:10,01:05,EARLY,ONTIME,ONTIME,ONTIME,,,,,,,,,HAN,MNL,PXU,Domestic,VJ,,
2026-01-03|VJ181|A820|HAN-SGN|06:40,2026-01-03,VJ181,A820,A321,HAN-SGN,,06:40,,06:40,,06:34,06:35,06:39,,,EARLY,ONTIME,ONTIME,,,,,,,,,,HAN,,SGN,Domestic,VJ,,
2026-01-03|VJ105|652G|HAN-VCS|06:45,2026-01-03,VJ105,652G,C909,HAN-VCS,,06:45,,06:45,,06:39,06:40,06:49,,,EARLY,ONTIME,ONTIME,,,,,,,,,,HAN,,VCS,Domestic,VJ,,
2026-01-03|VJ905|A673|HAN-KUL|07:10,2026-01-03,VJ905,A673,A321,HAN-KUL,,07:10,,07:10,,07:19,07:20,07:25,,,DELAY,ONTIME,ONTIME,,,87,00:10,,,,,STUCK AT IMMI,HAN,,KUL,International,VJ,,
2026-01-03|VJ7713/VJ431|A666|PKX-HAN-UIH|07:10,2026-01-03,VJ7713/VJ431,A666,A320,PKX-HAN-UIH,04:10,07:10,04:10,07:10,04:25,07:01,07:05,07:12,03:00,02:40,EARLY,ONTIME,ONTIME,ONTIME,,,,,,,,,HAN,PKX,UIH,Domestic,VJ,,
2026-01-03|VJ956|A658|HAN-PUS|07:30,2026-01-03,VJ956,A658,A320,HAN-PUS,,07:30,,07:30,,07:34,07:35,07:45,,,DELAY,ONTIME,ONTIME,,,87,00:05,,,,,STUCK AT IMMI,HAN,,PUS,International,VJ,,
2026-01-03|VJ126/VJ771|A553|SGN-HAN-CXR|07:35,2026-01-03,VJ126/VJ771,A553,A321,SGN-HAN-CXR,08:25,07:35,08:25,09:00,08:25,08:58,09:00,09:11,00:35,00:35,ONTIME,ONTIME,DELAY,ONTIME,,,,,,,,,HAN,SGN,CXR,Domestic,VJ,,
2026-01-03|VJ1926/VJ940|A542|AMD-HAN-TPE|07:35,2026-01-03,VJ1926/VJ940,A542,A321,AMD-HAN-TPE,06:20,07:35,06:20,07:35,05:40,07:39,07:40,07:49,01:15,02:00,DELAY,ONTIME,ONTIME,ONTIME,,15A,00:05,,,,,CUT 5 PAX AND 1 PCS BAG,HAN,AMD,TPE,International,VJ,,
2026-01-03|VJ107|656E|HAN-VCS|08:15,2026-01-03,VJ107,656E,C909,HAN-VCS,,08:15,,08:15,,08:04,08:06,08:12,,,EARLY,ONTIME,ONTIME,,,,,,,,,,HAN,,VCS,Domestic,VJ,,
2026-01-03|VJ122/VJ934|A578|SGN-HAN-NRT|08:20,2026-01-03,VJ122/VJ934,A578,A321,SGN-HAN-NRT,07:30,08:20,07:30,08:20,07:15,08:29,08:30,08:30,00:50,01:15,DELAY,ONTIME,ONTIME,ONTIME,,11,00:10,,,,,LATE CHECK IN,HAN,SGN,NRT,International,VJ,,
2026-01-03|VJ7359/VJ930|A545|HRB-HAN-KIX|08:20,2026-01-03,VJ7359/VJ930,A545,A321,HRB-HAN-KIX,06:15,08:20,06:15,08:20,06:40,08:29,08:30,08:35,02:05,01:50,DELAY,ONTIME,ONTIME,DELAY,,41,00:10,,,,,TECHNICAL CHECK,HAN,HRB,KIX,International,VJ,,
2026-01-03|VJ7343/VJ929|A689|XIY-HAN-CGK|08:40,2026-01-03,VJ7343/VJ929,A689,A320,XIY-HAN-CGK,04:00,08:40,04:00,08:40,04:15,08:39,08:40,08:50,04:40,04:25,ONTIME,ONTIME,ONTIME,ONTIME,,,,,,,,,HAN,XIY,CGK,International,VJ,,
2026-01-03|VJ120/VJ121|A642|SGN-HAN-SGN|08:40,2026-01-03,VJ120/VJ121,A642,A321,SGN-HAN-SGN,07:40,08:40,07:40,08:40,07:35,08:38,08:40,08:42,01:00,01:05,ONTIME,ONTIME,ONTIME,ONTIME,,,,,,,,,HAN,SGN,SGN,Domestic,VJ,,
2026-01-03|VJ915|A674|HAN-SIN|09:35,2026-01-03,VJ915,A674,A321,HAN-SIN,,09:35,,09:35,,09:39,09:40,09:47,,,DELAY,ONTIME,ONTIME,,,87,00:05,,,,,BELT SYSTEMS SHUT DOWN,HAN,,SIN,International,VJ,,
2026-01-03|VJ124/VJ125|A810|SGN-HAN-SGN|09:40,2026-01-03,VJ124/VJ125,A810,A330,SGN-HAN-SGN,08:50,09:40,08:50,09:40,09:00,09:44,09:45,09:55,00:50,00:45,DELAY,ONTIME,ONTIME,ONTIME,,93,00:05,,,,,,HAN,SGN,SGN,Domestic,VJ,,
2026-01-03|VJ910/VJ997|A538|BOM-HAN-DPS|10:00,2026-01-03,VJ910/VJ997,A538,A321,BOM-HAN-DPS,07:25,10:00,07:25,10:00,07:50,09:59,10:00,10:10,02:35,02:10,ONTIME,ONTIME,ONTIME,DELAY,,,,,,,,,HAN,BOM,DPS,International,VJ,,
2026-01-03|VJ148/VJ149|-NVG|SGN-HAN-SGN|10:05,2026-01-03,VJ148/VJ149,-NVG,A320,SGN-HAN-SGN,09:30,10:05,09:30,10:05,09:40,10:09,10:10,10:20,00:35,00:30,DELAY,ONTIME,ONTIME,ONTIME,,63F,00:05,,,,,CABIN CREW CLEAN,HAN,SGN,SGN,Domestic,VJ,,
2026-01-03|VJ422/VJ1443|A677|PXU-HAN-PQC|10:15,2026-01-03,VJ422/VJ1443,A677,A321,PXU-HAN-PQC,09:40,10:15,09:40,10:15,09:45,10:11,10:12,10:22,00:35,00:27,EARLY,ONTIME,ONTIME,ONTIME,,,,,,,,,HAN,PXU,PQC,Domestic,VJ,,
2026-01-03|VJ7239/VJ7808|A656|PVG-HAN-MYJ|10:15,2026-01-03,VJ7239/VJ7808,A656,A320,PVG-HAN-MYJ,05:40,10:15,05:40,10:15,06:05,10:59,11:00,11:04,04:35,04:55,DELAY,DELAY,DELAY,DELAY,,87,00:45,,,,,BELT SYSTEMS SHUT DOWN,HAN,PVG,MYJ,International,VJ,,
2026-01-03|VJ504/VJ507|A544|DAD-HAN-DAD|10:30,2026-01-03,VJ504/VJ507,A544,A321,DAD-HAN-DAD,09:00,10:30,09:00,10:30,09:30,10:28,10:29,10:33,01:30,00:59,EARLY,ONTIME,ONTIME,DELAY,,,,,,,,,HAN,DAD,DAD,Domestic,VJ,,
2026-01-03|VJ492/VJ567|A644|BMV-HAN-HUI|10:35,2026-01-03,VJ492/VJ567,A644,A321,BMV-HAN-HUI,10:00,10:35,10:00,10:35,09:55,10:31,10:32,10:35,00:35,00:37,EARLY,ONTIME,ONTIME,ONTIME,,,,,,,,,HAN,BMV,HUI,Domestic,VJ,,
2026-01-03|VJ963/VJ7048|A537|ICN-HAN-SJW|10:40,2026-01-03,VJ963/VJ7048,A537,A321,ICN-HAN-SJW,09:30,10:40,09:30,10:40,09:40,11:14,11:15,11:19,01:10,01:35,DELAY,DELAY,DELAY,ONTIME,,87,00:35,,,,,BELT SYSTEMS SHUT DOWN,HAN,ICN,SJW,International,VJ,,
2026-01-03|VJ402/VJ403|A676|DLI-HAN-DLI|10:45,2026-01-03,VJ402/VJ403,A676,A320,DLI-HAN-DLI,10:10,10:45,10:10,11:00,10:30,10:56,10:57,11:00,00:50,00:27,EARLY,ONTIME,ONTIME,DELAY,,,,,,,,,HAN,DLI,DLI,Domestic,VJ,,
2026-01-03|VJ460/VJ463|A635|VCA-HAN-VCA|10:50,2026-01-03,VJ460/VJ463,A635,A321,VCA-HAN-VCA,10:20,10:50,10:20,10:50,10:25,11:04,11:05,11:12,00:30,00:40,DELAY,ONTIME,DELAY,ONTIME,,93,00:05,66,00:10,,,CREW OB 1037,HAN,VCA,VCA,Domestic,VJ,,
2026-01-03|VJ430/VJ407|A666|UIH-HAN-DLI|11:25,2026-01-03,VJ430/VJ407,A666,A320,UIH-HAN-DLI,10:55,11:25,10:55,11:25,11:05,11:24,11:25,11:31,00:30,00:20,ONTIME,ONTIME,ONTIME,ONTIME,,,,,,,,,HAN,UIH,DLI,Domestic,VJ,,
2026-01-03|VJ136/VJ135|A675|SGN-HAN-SGN|11:45,2026-01-03,VJ136/VJ135,A675,A320,SGN-HAN-SGN,11:15,11:45,11:15,12:00,11:40,12:04,12:05,12:10,00:45,00:25,DELAY,ONTIME,DELAY,DELAY,,93,00:05,,,,,,HAN,SGN,SGN,Domestic,VJ,,
2026-01-03|VJ981/VJ946|A667|PUS-HAN-KHH|11:45,2026-01-03,VJ981/VJ946,A667,A321,PUS-HAN-KHH,11:00,11:45,11:00,11:45,11:20,12:14,12:15,12:20,00:45,00:55,DELAY,DELAY,DELAY,DELAY,,93,00:05,66,00:15,15A,00:05,CUT 1 PAX + 1 BAG/ CREW OB 1138,HAN,PUS,KHH,International,VJ,,
2026-01-03|VJ132/VJ137|A575|SGN-HAN-SGN|12:10,2026-01-03,VJ132/VJ137,A575,A321,SGN-HAN-SGN,11:40,12:10,11:40,12:10,12:00,12:29,12:30,12:40,00:30,00:30,DELAY,DELAY,DELAY,DELAY,,93,00:20,,,,,,HAN,SGN,SGN,Domestic,VJ,,
2026-01-03|VJ442/VJ901|A522|PQC-HAN-BKK|12:15,2026-01-03,VJ442/VJ901,A522,A321,PQC-HAN-BKK,10:45,12:15,10:45,12:15,10:55,12:13,12:14,12:16,01:30,01:19,EARLY,ONTIME,ONTIME,ONTIME,,,,,,,,,HAN,PQC,BKK,International,VJ,,
2026-01-03|VJ959/VJ948|A648|FUK-HAN-RMQ|13:35,2026-01-03,VJ959/VJ948,A648,A321,FUK-HAN-RMQ,12:25,13:35,12:25,13:35,12:00,13:32,13:33,13:38,01:10,01:33,EARLY,ONTIME,ONTIME,ONTIME,,,,,,,,,HAN,FUK,RMQ,International,VJ,,
2026-01-03|VJ770/VJ513|A553|CXR-HAN-DAD|13:35,2026-01-03,VJ770/VJ513,A553,A321,CXR-HAN-DAD,11:45,13:35,11:45,14:00,13:40,14:14,14:15,14:19,02:15,00:35,DELAY,ONTIME,DELAY,DELAY,,93,00:10,66,00:05,,,CREW OB 1350,HAN,CXR,DAD,Domestic,VJ,,
2026-01-03|VJ440/VJ441|A668|PQC-HAN-PQC|13:40,2026-01-03,VJ440/VJ441,A668,A320,PQC-HAN-PQC,12:40,13:40,12:40,14:00,13:25,13:59,14:00,14:08,01:20,00:35,ONTIME,ONTIME,DELAY,DELAY,,,,,,,,,HAN,PQC,PQC,Domestic,VJ,,
2026-01-03|VJ128/VJ143|A820|SGN-HAN-SGN|13:40,2026-01-03,VJ128/VJ143,A820,A321,SGN-HAN-SGN,12:10,13:40,12:10,14:20,12:10,14:19,14:20,14:25,02:10,02:10,ONTIME,ONTIME,DELAY,ONTIME,,,,,,,,,HAN,SGN,SGN,Domestic,VJ,,
2026-01-03|VJ508/VJ511|A544|DAD-HAN-DAD|14:20,2026-01-03,VJ508/VJ511,A544,A321,DAD-HAN-DAD,13:40,14:20,13:40,14:30,14:00,14:29,14:30,14:42,00:50,00:30,ONTIME,ONTIME,DELAY,DELAY,,,,,,,,,HAN,DAD,DAD,Domestic,VJ,,
2026-01-03|VJ939/VJ942|A526|KIX-HAN-TPE|14:25,2026-01-03,VJ939/VJ942,A526,A321,KIX-HAN-TPE,13:05,14:25,13:05,14:25,13:05,14:24,14:25,14:33,01:20,01:20,ONTIME,ONTIME,ONTIME,ONTIME,,,,,,,,,HAN,KIX,TPE,International,VJ,,
2026-01-03|VJ921/VJ1491|A546|NGO-HAN-BMV|14:35,2026-01-03,VJ921/VJ1491,A546,A321,NGO-HAN-BMV,13:40,14:35,13:40,14:35,13:35,14:27,14:28,14:40,00:55,00:53,EARLY,ONTIME,ONTIME,ONTIME,,,,,,,,,HAN,NGO,BMV,Domestic,VJ,,
2026-01-03|VJ7707/VJ7707|A516|KHV-HAN-CXR|15:15,2026-01-03,VJ7707/VJ7707,A516,A321,KHV-HAN-CXR,14:45,15:15,14:45,15:15,14:45,15:01,15:02,15:12,00:30,00:17,EARLY,ONTIME,ONTIME,ONTIME,,,,,,,,,HAN,KHV,CXR,Domestic,VJ,,
2026-01-03|VJ404/VJ433|A676|DLI-HAN-UIH|15:25,2026-01-03,VJ404/VJ433,A676,A320,DLI-HAN-UIH,14:55,15:25,14:55,15:40,15:10,15:34,15:35,15:38,00:45,00:25,EARLY,ONTIME,ONTIME,ONTIME,,,,,,,,,HAN,DLI,UIH,Domestic,VJ,,
2026-01-03|VJ566/VJ1441|A644|HUI-HAN-PQC|15:30,2026-01-03,VJ566/VJ1441,A644,A321,HUI-HAN-PQC,13:30,15:30,13:30,15:30,13:40,15:29,15:30,15:34,02:00,01:50,ONTIME,ONTIME,ONTIME,ONTIME,,,,,,,,,HAN,HUI,PQC,Domestic,VJ,,
2026-01-03|VJ933/VJ903|A523|NRT-HAN-BKK|15:50,2026-01-03,VJ933/VJ903,A523,A321,NRT-HAN-BKK,14:00,15:50,14:00,15:50,14:10,15:49,15:50,15:52,01:50,01:40,ONTIME,ONTIME,ONTIME,ONTIME,,,,,,,,,HAN,NRT,BKK,International,VJ,,
2026-01-03|VJ961/VJ199|A698|SGN-HAN-SGN|15:50,2026-01-03,VJ961/VJ199,A698,A321,SGN-HAN-SGN,14:10,15:50,14:10,15:50,14:10,15:49,15:50,15:57,01:40,01:40,ONTIME,ONTIME,ONTIME,ONTIME,,,,,,,,,HAN,SGN,SGN,Domestic,VJ,,
2026-01-03|VJ906/VJ423|A673|KUL-HAN-PXU|15:55,2026-01-03,VJ906/VJ423,A673,A321,KUL-HAN-PXU,14:55,15:55,14:55,15:55,14:35,15:54,15:55,16:03,01:00,01:20,ONTIME,ONTIME,ONTIME,ONTIME,,,,,,,,,HAN,KUL,PXU,Domestic,VJ,,
2026-01-03|VJ144/VJ145|A810|SGN-HAN-SGN|16:00,2026-01-03,VJ144/VJ145,A810,A330,SGN-HAN-SGN,15:00,16:00,15:00,16:00,15:25,16:09,16:10,16:22,01:00,00:45,DELAY,ONTIME,DELAY,DELAY,,93,00:10,,,,,,HAN,SGN,SGN,Domestic,VJ,,
2026-01-03|VJ408/VJ409|A666|DLI-HAN-DLI|16:05,2026-01-03,VJ408/VJ409,A666,A320,DLI-HAN-DLI,15:35,16:05,15:35,16:05,15:35,16:04,16:05,16:17,00:30,00:30,ONTIME,ONTIME,ONTIME,ONTIME,,,,,,,,,HAN,DLI,DLI,Domestic,VJ,,
2026-01-03|VJ941/VJ191|A542|TPE-HAN-SGN|16:15,2026-01-03,VJ941/VJ191,A542,A321,TPE-HAN-SGN,14:10,16:15,14:10,16:15,14:10,16:14,16:15,16:20,02:05,02:05,ONTIME,ONTIME,ONTIME,ONTIME,,,,,,,,,HAN,TPE,SGN,Domestic,VJ,,
2026-01-03|VJ1444/VJ913|A677|PQC-HAN-SAI|16:20,2026-01-03,VJ1444/VJ913,A677,A321,PQC-HAN-SAI,15:05,16:20,15:05,16:45,15:50,16:44,16:45,16:45,01:40,00:55,ONTIME,ONTIME,DELAY,DELAY,,,,,,,,,HAN,PQC,SAI,International,VJ,,
2026-01-03|VJ462/VJ515|A635|VCA-HAN-DAD|16:25,2026-01-03,VJ462/VJ515,A635,A321,VCA-HAN-DAD,15:40,16:25,15:40,16:25,16:20,16:49,16:50,16:55,00:45,00:30,DELAY,DELAY,DELAY,DELAY,,93,00:25,,,,,,HAN,VCA,DAD,Domestic,VJ,,
2026-01-03|VJ134/VJ163|LY-MLN|SGN-HAN-SGN|17:20,2026-01-03,VJ134/VJ163,LY-MLN,A320,SGN-HAN-SGN,16:50,17:20,18:10,19:15,18:55,19:19,19:20,19:35,01:05,00:25,DELAY,ONTIME,DELAY,DELAY,,93,00:05,,,,,,HAN,SGN,SGN,Domestic,VJ,,
2026-01-03|VJ514/VJ465|A553|DAD-HAN-VCA|17:25,2026-01-03,VJ514/VJ465,A553,A321,DAD-HAN-VCA,16:45,17:25,17:15,17:50,17:53,18:20,18:21,18:28,00:35,00:28,DELAY,DELAY,DELAY,DELAY,,93,00:31,,,,,,HAN,DAD,VCA,Domestic,VJ,,
2026-01-03|VJ784/VJ783|A532|CXR-HAN-CXR|17:40,2026-01-03,VJ784/VJ783,A532,A321,CXR-HAN-CXR,17:10,17:40,17:10,17:40,17:10,17:39,17:40,17:45,00:30,00:30,ONTIME,ONTIME,ONTIME,ONTIME,,,,,,,,,HAN,CXR,CXR,Domestic,VJ,,
2026-01-03|VJ953/VJ445|A650|HIJ-HAN-PQC|17:40,2026-01-03,VJ953/VJ445,A650,A320,HIJ-HAN-PQC,15:50,17:40,15:50,17:40,16:10,17:39,17:40,17:48,01:50,01:30,ONTIME,ONTIME,ONTIME,DELAY,,,,,,,,,HAN,HIJ,PQC,Domestic,VJ,,
2026-01-03|VJ512/VJ779|A544|DAD-HAN-CXR|18:00,2026-01-03,VJ512/VJ779,A544,A321,DAD-HAN-CXR,17:30,18:00,17:30,19:00,18:35,19:04,19:05,19:11,01:30,00:30,DELAY,ONTIME,DELAY,DELAY,,93,00:05,,,,,,HAN,DAD,CXR,Domestic,VJ,,
2026-01-03|VJ957/VJ193|A658|PUS-HAN-SGN|18:10,2026-01-03,VJ957/VJ193,A658,A321,PUS-HAN-SGN,17:30,18:10,17:30,18:10,17:30,18:09,18:10,18:15,00:40,00:40,ONTIME,ONTIME,ONTIME,ONTIME,,,,,,,,,HAN,PUS,SGN,Domestic,VJ,,
2026-01-03|VJ900/VJ147|A552|DPS-HAN-SGN|18:20,2026-01-03,VJ900/VJ147,A552,A321,DPS-HAN-SGN,17:20,18:20,17:20,18:20,17:35,18:19,18:20,18:26,01:00,00:45,ONTIME,ONTIME,ONTIME,ONTIME,,,,,,,,,HAN,DPS,SGN,Domestic,VJ,,
2026-01-03|VJ194/VJ493|A500|SGN-HAN-BMV|18:25,2026-01-03,VJ194/VJ493,A500,A321,SGN-HAN-BMV,17:30,18:25,17:30,18:25,17:30,18:24,18:25,18:33,00:55,00:55,ONTIME,ONTIME,ONTIME,ONTIME,,,,,,,,,HAN,SGN,BMV,Domestic,VJ,,
2026-01-03|VJ916/VJ165|A674|SIN-HAN-SGN|18:30,2026-01-03,VJ916/VJ165,A674,A321,SIN-HAN-SGN,17:25,18:30,17:25,18:30,17:07,18:29,18:30,18:35,01:05,01:23,ONTIME,ONTIME,ONTIME,ONTIME,,,,,,,,,HAN,SIN,SGN,Domestic,VJ,,
2026-01-03|VJ902/VJ1925|A522|BKK-HAN-AMD|19:00,2026-01-03,VJ902/VJ1925,A522,A321,BKK-HAN-AMD,17:00,19:00,17:00,19:00,17:15,18:59,19:00,19:07,02:00,01:45,ONTIME,ONTIME,ONTIME,ONTIME,,,,,,,,,HAN,BKK,AMD,International,VJ,,
2026-01-03|VJ1492/VJ517|A546|BMV-HAN-DAD|19:05,2026-01-03,VJ1492/VJ517,A546,A321,BMV-HAN-DAD,18:35,19:05,18:35,19:05,18:40,19:09,19:10,19:28,00:30,00:30,DELAY,ONTIME,DELAY,ONTIME,,66,00:05,,,,,CREW OB 1835,HAN,BMV,DAD,Domestic,VJ,,
2026-01-03|VJ947/VJ173|A667|KHH-HAN-SGN|19:05,2026-01-03,VJ947/VJ173,A667,A321,KHH-HAN-SGN,18:05,19:05,18:05,19:05,18:10,19:04,19:05,19:20,01:00,00:55,ONTIME,ONTIME,ONTIME,ONTIME,,,,,,,,,HAN,KHH,SGN,Domestic,VJ,,
2026-01-03|VJ971|A815|HAN-DEL|19:10,2026-01-03,VJ971,A815,A330,HAN-DEL,,19:10,,19:10,,19:09,19:10,19:22,,,ONTIME,ONTIME,ONTIME,,,,,,,,,,HAN,,DEL,International,VJ,,
2026-01-03|VJ432/VJ569|A676|UIH-HAN-HUI|19:25,2026-01-03,VJ432/VJ569,A676,A320,UIH-HAN-HUI,19:10,19:25,19:25,20:00,19:30,20:04,20:05,20:15,00:35,00:35,DELAY,ONTIME,DELAY,DELAY,,95,00:05,,,,,CREW VJ446 OB 1940,HAN,UIH,HUI,Domestic,VJ,,
2026-01-03|VJ152/VJ519|A528|SGN-HAN-DAD|19:45,2026-01-03,VJ152/VJ519,A528,A321,SGN-HAN-DAD,19:15,19:45,19:15,19:45,19:15,19:49,19:50,20:00,00:30,00:35,DELAY,ONTIME,ONTIME,ONTIME,,15A,00:05,,,,,OFFLOAD 3PAX 2BAG,HAN,SGN,DAD,Domestic,VJ,,
2026-01-03|VJ7049/VJ177|A537|SJW-HAN-SGN|19:55,2026-01-03,VJ7049/VJ177,A537,A321,SJW-HAN-SGN,18:45,19:55,18:45,19:55,19:05,19:54,19:55,20:05,01:10,00:50,ONTIME,ONTIME,ONTIME,DELAY,,,,,,,,,HAN,SJW,SGN,Domestic,VJ,,
2026-01-03|VJ928/VJ7712|A689|CGK-HAN-PKX|20:05,2026-01-03,VJ928/VJ7712,A689,A320,CGK-HAN-PKX,18:15,20:05,18:15,20:05,18:20,20:04,20:05,20:20,01:50,01:45,ONTIME,ONTIME,ONTIME,ONTIME,,,,,,,,,HAN,CGK,PKX,International,VJ,,
2026-01-03|VJ931/VJ155|A545|KIX-HAN-SGN|20:05,2026-01-03,VJ931/VJ155,A545,A321,KIX-HAN-SGN,19:15,20:05,19:15,20:05,19:35,20:09,20:10,20:35,00:50,00:35,DELAY,ONTIME,DELAY,DELAY,,66,00:05,,,,,CREW OB 1943,HAN,KIX,SGN,Domestic,VJ,,
2026-01-03|VJ424/VJ501|A673|PXU-HAN-DAD|20:15,2026-01-03,VJ424/VJ501,A673,A321,PXU-HAN-DAD,19:35,20:15,19:35,20:15,19:50,20:29,20:30,20:30,00:40,00:40,DELAY,ONTIME,ONTIME,ONTIME,,93,00:05,66,00:10,,,CREW OB 2005,HAN,PXU,DAD,Domestic,VJ,,
2026-01-03|VJ521|A698|HAN-DAD|20:50,2026-01-03,VJ521,A698,A321,HAN-DAD,,20:50,,20:50,,20:49,20:50,21:04,,,ONTIME,ONTIME,ONTIME,,,,,,,,,,HAN,,DAD,Domestic,VJ,,
2026-01-03|VJ516/VJ7306|A635|DAD-HAN-TFU|21:10,2026-01-03,VJ516/VJ7306,A635,A321,DAD-HAN-TFU,19:35,21:10,19:35,21:10,20:30,21:09,21:10,21:14,01:35,00:40,ONTIME,ONTIME,ONTIME,DELAY,,,,,,,,,HAN,DAD,TFU,International,VJ,,
2026-01-03|VJ410/VJ7238|A666|DLI-HAN-PVG|21:30,2026-01-03,VJ410/VJ7238,A666,A320,DLI-HAN-PVG,20:15,21:30,20:15,21:45,21:10,21:49,21:50,22:00,01:30,00:40,DELAY,ONTIME,DELAY,DELAY,,66,00:05,,,,,CREW OB 2120,HAN,DLI,PVG,International,VJ,,
2026-01-03|VJ904/VJ161|A523|BKK-HAN-SGN|22:00,2026-01-03,VJ904/VJ161,A523,A321,BKK-HAN-SGN,20:25,22:00,20:25,22:00,20:35,22:23,22:25,22:30,01:35,01:50,DELAY,DELAY,DELAY,ONTIME,,95,00:25,,,,,WAIT CREW VJ160 OB 2155,HAN,BKK,SGN,Domestic,VJ,,
2026-01-03|VJ123|A527|HAN-SGN|22:10,2026-01-03,VJ123,A527,A321,HAN-SGN,,22:10,,22:10,,22:05,22:06,22:12,,,EARLY,ONTIME,ONTIME,,,,,,,,,,HAN,,SGN,Domestic,VJ,,
2026-01-03|VJ778/VJ523|A544|CXR-HAN-DAD|22:45,2026-01-03,VJ778/VJ523,A544,A321,CXR-HAN-DAD,22:10,22:45,23:35,00:10,23:50,00:14,00:15,"1 day, 0:25:00",00:35,00:25,DELAY,DELAY,DELAY,DELAY,,93,00:05,,,,,,HAN,CXR,DAD,Domestic,VJ,,
2026-01-03|VJ943/VJ962|A542|SGN-HAN-ICN|22:50,2026-01-03,VJ943/VJ962,A542,A321,SGN-HAN-ICN,20:55,22:50,20:55,23:10,21:25,23:09,23:10,23:17,02:15,01:45,ONTIME,ONTIME,DELAY,DELAY,,,,,,,,,HAN,SGN,ICN,International,VJ,,
2026-01-03|VJ464/VJ171|A553|VCA-HAN-SGN|23:25,2026-01-03,VJ464/VJ171,A553,A321,VCA-HAN-SGN,22:15,23:25,22:50,23:45,23:30,23:59,1904-01-02,"1 day, 0:05:00",00:55,00:30,DELAY,ONTIME,DELAY,DELAY,,93,00:15,,,,,,HAN,VCA,SGN,Domestic,VJ,,
2026-01-03|VJ156/VJ159|A658|SGN-HAN-SGN|23:40,2026-01-03,VJ156/VJ159,A658,A320,SGN-HAN-SGN,23:10,23:40,23:10,23:40,23:25,00:04,00:05,"1 day, 0:10:00",00:30,00:40,DELAY,DELAY,DELAY,ONTIME,,93,00:10,95,00:15,,,CREW fr vj520 OB 2350,HAN,SGN,SGN,Domestic,VJ,,
2026-01-03|VJ1440/VJ7526|A644|PQC-HAN-CAN|23:40,2026-01-03,VJ1440/VJ7526,A644,A321,PQC-HAN-CAN,20:10,23:40,20:45,23:40,20:45,23:39,23:40,23:45,02:55,02:55,ONTIME,ONTIME,ONTIME,DELAY,,,,,,,,,HAN,PQC,CAN,International,VJ,,
2026-01-04|VJ932|A817|HAN-NRT|00:55,2026-01-04,VJ932,A817,A330,HAN-NRT,,00:55,,00:55,,00:54,00:55,01:10,,,ONTIME,ONTIME,ONTIME,,,,,,,,,,HAN,,NRT,International,VJ,,
2026-01-04|VJ982|A542|HAN-PUS|01:00,2026-01-04,VJ982,A542,A321,HAN-PUS,,01:00,,01:00,,00:59,01:00,01:11,,,ONTIME,ONTIME,ONTIME,,,,,,,,,,HAN,,PUS,International,VJ,,
2026-01-04|VJ7704/VJ7704|A516|CXR-HAN-VVO|01:00,2026-01-04,VJ7704/VJ7704,A516,A321,CXR-HAN-VVO,00:30,01:00,00:30,01:00,00:30,00:59,01:00,01:03,00:30,00:30,ONTIME,ONTIME,ONTIME,ONTIME,,,,,,,,,HAN,CXR,VVO,International,VJ,,
2026-01-04|VJ920|A500|HAN-NGO|01:35,2026-01-04,VJ920,A500,A321,HAN-NGO,,01:35,,01:35,,01:34,01:35,01:39,,,ONTIME,ONTIME,ONTIME,,,,,,,,,,HAN,,NGO,International,VJ,,
2026-01-04|VJ938|A578|HAN-KIX|01:40,2026-01-04,VJ938,A578,A321,HAN-KIX,,01:40,,01:40,,01:39,01:40,01:40,,,ONTIME,ONTIME,ONTIME,,,,,,,,,,HAN,,KIX,International,VJ,,
2026-01-04|VJ960|A552|HAN-ICN|01:45,2026-01-04,VJ960,A552,A321,HAN-ICN,,01:45,,01:45,,01:40,01:42,01:45,,,EARLY,ONTIME,ONTIME,,,,,,,,,,HAN,,ICN,International,VJ,,
2026-01-04|VJ958|A648|HAN-FUK|02:05,2026-01-04,VJ958,A648,A321,HAN-FUK,,02:05,,02:05,,02:09,02:10,02:19,,,DELAY,ONTIME,ONTIME,,,15A,00:05,,,,,OFFLOAD 01PAX 03BAGS,HAN,,FUK,International,VJ,,
2026-01-04|VJ179|A633|HAN-SGN|05:00,2026-01-04,VJ179,A633,A321,HAN-SGN,,05:00,,05:00,,04:54,04:55,05:03,,,EARLY,ONTIME,ONTIME,,,,,,,,,,HAN,,SGN,Domestic,VJ,,
2026-01-04|VJ185|A643|HAN-SGN|05:10,2026-01-04,VJ185,A643,A321,HAN-SGN,,05:10,,05:10,,05:04,05:05,05:09,,,EARLY,ONTIME,ONTIME,,,,,,,,,,HAN,,SGN,Domestic,VJ,,
2026-01-04|VJ509|A677|HAN-DAD|05:25,2026-01-04,VJ509,A677,A321,HAN-DAD,,05:25,,05:25,,05:14,05:15,05:20,,,EARLY,ONTIME,ONTIME,,,,,,,,,,HAN,,DAD,Domestic,VJ,,
2026-01-04|VJ7713/VJ461|A689|PKX-HAN-VCA|05:30,2026-01-04,VJ7713/VJ461,A689,A320,PKX-HAN-VCA,04:10,05:30,04:10,05:30,04:25,05:24,05:25,05:30,01:20,01:00,EARLY,ONTIME,ONTIME,ONTIME,,,,,,,,,HAN,PKX,VCA,Domestic,VJ,,
2026-01-04|VJ443|A546|HAN-PQC|06:00,2026-01-04,VJ443,A546,A321,HAN-PQC,,06:00,,06:00,,05:51,05:52,05:55,,,EARLY,ONTIME,ONTIME,,,,,,,,,,HAN,,PQC,Domestic,VJ,,
2026-01-04|VJ401|A676|HAN-DLI|06:00,2026-01-04,VJ401,A676,A320,HAN-DLI,,06:00,,06:00,,05:47,05:48,05:53,,,EARLY,ONTIME,ONTIME,,,,,,,,,,HAN,,DLI,Domestic,VJ,,
2026-01-04|VJ491|A538|HAN-BMV|06:00,2026-01-04,VJ491,A538,A321,HAN-BMV,,06:00,,06:00,,05:54,05:55,06:05,,,EARLY,ONTIME,ONTIME,,,,,,,,,,HAN,,BMV,Domestic,VJ,,
2026-01-04|VJ7527/VJ503|A644|CAN-HAN-DAD|06:00,2026-01-04,VJ7527/VJ503,A644,A321,CAN-HAN-DAD,04:35,06:00,04:35,06:00,04:35,05:59,06:00,06:10,01:25,01:25,ONTIME,ONTIME,ONTIME,ONTIME,,,,,,,,,HAN,CAN,DAD,Domestic,VJ,,
2026-01-04|VJ7307/VJ421|A635|TFU-HAN-PXU|06:05,2026-01-04,VJ7307/VJ421,A635,A321,TFU-HAN-PXU,02:15,06:05,02:15,06:05,02:25,05:53,05:55,06:02,03:50,03:30,EARLY,ONTIME,ONTIME,ONTIME,,,,,,,,,HAN,TFU,PXU,Domestic,VJ,,
2026-01-04|VJ952|A656|HAN-HIJ|06:35,2026-01-04,VJ952,A656,A320,HAN-HIJ,,06:35,,06:35,,06:44,06:45,06:50,,,DELAY,ONTIME,ONTIME,,,87,00:10,,,,,CONVEYOR BELT NOT WORKING/MISSING 20BAGS,HAN,,HIJ,International,VJ,,
2026-01-04|VJ181|A820|HAN-SGN|06:40,2026-01-04,VJ181,A820,A321,HAN-SGN,,06:40,,06:40,,06:33,06:35,06:37,,,EARLY,ONTIME,ONTIME,,,,,,,,,,HAN,,SGN,Domestic,VJ,,
2026-01-04|VJ105|652G|HAN-VCS|06:45,2026-01-04,VJ105,652G,C909,HAN-VCS,,06:45,,06:45,,06:32,06:33,06:40,,,EARLY,ONTIME,ONTIME,,,,,,,,,,HAN,,VCS,Domestic,VJ,,
2026-01-04|VJ431|A668|HAN-UIH|07:10,2026-01-04,VJ431,A668,A320,HAN-UIH,,07:10,,07:10,,07:03,07:04,07:10,,,EARLY,ONTIME,ONTIME,,,,,,,,,,HAN,,UIH,Domestic,VJ,,
2026-01-04|VJ905|A698|HAN-KUL|07:10,2026-01-04,VJ905,A698,A321,HAN-KUL,,07:10,,07:10,,07:09,07:10,07:22,,,ONTIME,ONTIME,ONTIME,,,,,,,,,,HAN,,KUL,International,VJ,,
2026-01-04|VJ7239/VJ956|A666|PVG-HAN-PUS|07:30,2026-01-04,VJ7239/VJ956,A666,A320,PVG-HAN-PUS,05:15,07:30,05:15,07:30,05:30,07:39,07:40,07:52,02:15,02:10,DELAY,ONTIME,DELAY,ONTIME,,87,00:10,,,,,CONVEYOR BELT NOT WORKING/MISSING 11BAGS,HAN,PVG,PUS,International,VJ,,
2026-01-04|VJ1926/VJ940|A522|AMD-HAN-TPE|07:35,2026-01-04,VJ1926/VJ940,A522,A321,AMD-HAN-TPE,06:20,07:35,06:20,07:35,05:40,07:44,07:45,08:00,01:15,02:05,DELAY,ONTIME,DELAY,ONTIME,,87,00:10,,,,,CONVEYOR BELT NOT WORKING/MISSING 16BAGS,HAN,AMD,TPE,International,VJ,,
2026-01-04|VJ502/VJ771|A544|DAD-HAN-CXR|07:55,2026-01-04,VJ502/VJ771,A544,A321,DAD-HAN-CXR,07:20,07:55,07:20,07:55,07:15,07:45,07:46,07:51,00:35,00:31,EARLY,ONTIME,ONTIME,ONTIME,,,,,,,,,HAN,DAD,CXR,Domestic,VJ,,
2026-01-04|VJ107|656E|HAN-VCS|08:15,2026-01-04,VJ107,656E,C909,HAN-VCS,,08:15,,08:15,,08:01,08:03,08:05,,,EARLY,ONTIME,ONTIME,,,,,,,,,,HAN,,VCS,Domestic,VJ,,
2026-01-04|VJ934|A528|HAN-NRT|08:20,2026-01-04,VJ934,A528,A321,HAN-NRT,,08:20,,08:20,,09:24,09:25,09:26,,,DELAY,DELAY,DELAY,,,11,01:05,,,,,,HAN,,NRT,International,VJ,,
2026-01-04|VJ930|A525|HAN-KIX|08:20,2026-01-04,VJ930,A525,A321,HAN-KIX,,08:20,,08:20,,09:09,09:10,09:19,,,DELAY,DELAY,DELAY,,,11,00:50,,,,,,HAN,,KIX,International,VJ,,
2026-01-04|VJ524/VJ929|A663|DAD-HAN-CGK|08:40,2026-01-04,VJ524/VJ929,A663,A320,DAD-HAN-CGK,07:40,08:40,07:40,08:40,07:35,09:29,09:30,09:32,01:00,01:55,DELAY,DELAY,DELAY,ONTIME,,11,00:50,,,,,,HAN,DAD,CGK,International,VJ,,
2026-01-04|VJ972/VJ125|A815|DEL-HAN-SGN|08:40,2026-01-04,VJ972/VJ125,A815,A330,DEL-HAN-SGN,05:35,08:40,05:35,08:40,05:20,08:39,08:40,08:52,03:05,03:20,ONTIME,ONTIME,ONTIME,ONTIME,,,,,,,,,HAN,DEL,SGN,Domestic,VJ,,
2026-01-04|VJ122/VJ127|A674|SGN-HAN-SGN|08:55,2026-01-04,VJ122/VJ127,A674,A321,SGN-HAN-SGN,07:30,08:55,07:30,08:55,07:20,08:43,08:45,08:55,01:25,01:25,EARLY,ONTIME,ONTIME,ONTIME,,,,,,,,,HAN,SGN,SGN,Domestic,VJ,,
2026-01-04|VJ510/VJ915|A677|DAD-HAN-SIN|09:35,2026-01-04,VJ510/VJ915,A677,A321,DAD-HAN-SIN,08:35,09:35,08:35,09:35,08:45,10:14,10:15,10:30,01:00,01:30,DELAY,DELAY,DELAY,ONTIME,,11,00:40,,,,,,HAN,DAD,SIN,International,VJ,,
2026-01-04|VJ124/VJ773|A811|SGN-HAN-CXR|09:45,2026-01-04,VJ124/VJ773,A811,A330,SGN-HAN-CXR,08:55,09:45,08:55,10:20,09:45,11:02,11:03,11:10,01:25,01:18,DELAY,DELAY,DELAY,DELAY,,99,00:43,,,,,OFFLOAD PAX GET MEDICAL ISSUE WITH 01 CHECK-IN BAG,HAN,SGN,CXR,Domestic,VJ,,
2026-01-04|VJ148/VJ149|-NVG|SGN-HAN-SGN|10:05,2026-01-04,VJ148/VJ149,-NVG,A320,SGN-HAN-SGN,09:30,10:05,09:30,10:05,09:50,10:19,10:20,10:30,00:35,00:30,DELAY,ONTIME,DELAY,DELAY,,93,00:10,63D,00:05,,,LATE ARR/ LATE BRD BY CREW,HAN,SGN,SGN,Domestic,VJ,,
2026-01-04|VJ504/VJ567|A644|DAD-HAN-HUI|10:10,2026-01-04,VJ504/VJ567,A644,A321,DAD-HAN-HUI,09:05,10:10,09:05,10:10,09:40,10:05,10:07,10:25,01:05,00:27,EARLY,ONTIME,ONTIME,DELAY,,,,,,,,,HAN,DAD,HUI,Domestic,VJ,,
2026-01-04|VJ422/VJ1443|A635|PXU-HAN-PQC|10:15,2026-01-04,VJ422/VJ1443,A635,A321,PXU-HAN-PQC,09:40,10:15,09:40,10:15,09:32,10:06,10:08,10:30,00:35,00:36,EARLY,ONTIME,ONTIME,ONTIME,,,,,,,,,HAN,PXU,PQC,Domestic,VJ,,
2026-01-04|VJ963/VJ997|A526|ICN-HAN-DPS|10:30,2026-01-04,VJ963/VJ997,A526,A321,ICN-HAN-DPS,09:30,10:30,09:30,11:20,09:40,11:19,11:20,11:29,01:50,01:40,ONTIME,ONTIME,DELAY,ONTIME,,,,,,,,,HAN,ICN,DPS,International,VJ,,
2026-01-04|VJ492/VJ507|A538|BMV-HAN-DAD|10:30,2026-01-04,VJ492/VJ507,A538,A321,BMV-HAN-DAD,10:00,10:30,10:00,10:30,09:55,10:28,10:29,10:37,00:30,00:34,EARLY,ONTIME,ONTIME,ONTIME,,,,,,,,,HAN,BMV,DAD,Domestic,VJ,,
2026-01-04|VJ402/VJ403|A676|DLI-HAN-DLI|10:45,2026-01-04,VJ402/VJ403,A676,A320,DLI-HAN-DLI,10:10,10:45,10:10,10:45,10:05,10:39,10:40,10:48,00:35,00:35,EARLY,ONTIME,ONTIME,ONTIME,,,,,,,,,HAN,DLI,DLI,Domestic,VJ,,
2026-01-04|VJ460/VJ463|A689|VCA-HAN-VCA|10:55,2026-01-04,VJ460/VJ463,A689,A320,VCA-HAN-VCA,10:20,10:55,10:20,10:55,10:30,10:54,10:55,11:02,00:35,00:25,ONTIME,ONTIME,ONTIME,ONTIME,,,,,,,,,HAN,VCA,VCA,Domestic,VJ,,
2026-01-04|VJ136/VJ135|A669|SGN-HAN-SGN|11:10,2026-01-04,VJ136/VJ135,A669,A320,SGN-HAN-SGN,10:40,11:10,10:40,11:10,11:00,11:21,11:22,11:25,00:30,00:22,DELAY,ONTIME,ONTIME,DELAY,,93,00:12,,,,,,HAN,SGN,SGN,Domestic,VJ,,
2026-01-04|VJ430/VJ407|A668|UIH-HAN-DLI|11:35,2026-01-04,VJ430/VJ407,A668,A320,UIH-HAN-DLI,10:55,11:35,10:55,11:35,10:50,11:26,11:28,11:33,00:40,00:38,EARLY,ONTIME,ONTIME,ONTIME,,,,,,,,,HAN,UIH,DLI,Domestic,VJ,,
2026-01-04|VJ184/VJ129|A642|SGN-HAN-SGN|11:55,2026-01-04,VJ184/VJ129,A642,A321,SGN-HAN-SGN,11:20,11:55,11:20,11:55,11:35,12:04,12:05,12:18,00:35,00:30,DELAY,ONTIME,DELAY,ONTIME,,93,00:10,,,,,,HAN,SGN,SGN,Domestic,VJ,,
2026-01-04|VJ981/VJ946|A542|PUS-HAN-KHH|12:00,2026-01-04,VJ981/VJ946,A542,A321,PUS-HAN-KHH,11:00,12:00,11:00,12:00,11:30,12:14,12:15,12:25,01:00,00:45,DELAY,ONTIME,DELAY,DELAY,,66,00:15,,,,,CREW HN OB 1148,HAN,PUS,KHH,International,VJ,,
2026-01-04|VJ442/VJ901|A546|PQC-HAN-BKK|12:15,2026-01-04,VJ442/VJ901,A546,A321,PQC-HAN-BKK,10:45,12:15,10:45,12:15,11:20,12:14,12:15,12:25,01:30,00:55,ONTIME,ONTIME,ONTIME,DELAY,,,,,,,,,HAN,PQC,BKK,International,VJ,,
2026-01-04|VJ440/VJ441|A650|PQC-HAN-PQC|12:55,2026-01-04,VJ440/VJ441,A650,A320,PQC-HAN-PQC,11:55,12:55,11:55,13:10,12:45,13:14,13:15,13:16,01:15,00:30,DELAY,ONTIME,DELAY,DELAY,,95,00:05,,,,,CREW 430 OB 1255,HAN,PQC,PQC,Domestic,VJ,,
2026-01-04|VJ780/VJ781|A532|CXR-HAN-CXR|13:00,2026-01-04,VJ780/VJ781,A532,A321,CXR-HAN-CXR,12:30,13:00,12:30,13:00,12:28,12:58,13:00,13:10,00:30,00:32,ONTIME,ONTIME,ONTIME,ONTIME,,,,,,,,,HAN,CXR,CXR,Domestic,VJ,,
2026-01-04|VJ132/VJ137|A820|SGN-HAN-SGN|13:05,2026-01-04,VJ132/VJ137,A820,A321,SGN-HAN-SGN,12:05,13:05,12:05,13:05,11:55,13:04,13:05,13:13,01:00,01:10,ONTIME,ONTIME,ONTIME,ONTIME,,,,,,,,,HAN,SGN,SGN,Domestic,VJ,,
2026-01-04|VJ7705/VJ7705|A516|VVO-HAN-CXR|13:30,2026-01-04,VJ7705/VJ7705,A516,A321,VVO-HAN-CXR,13:00,13:30,13:00,13:30,13:20,13:44,13:45,13:48,00:30,00:25,DELAY,ONTIME,DELAY,DELAY,,93,00:15,,,,,,HAN,VVO,CXR,Domestic,VJ,,
2026-01-04|VJ959/VJ513|A648|FUK-HAN-DAD|13:35,2026-01-04,VJ959/VJ513,A648,A321,FUK-HAN-DAD,12:25,13:35,12:25,13:35,12:00,13:33,13:34,13:36,01:10,01:34,EARLY,ONTIME,ONTIME,ONTIME,,,,,,,,,HAN,FUK,DAD,Domestic,VJ,,
2026-01-04|VJ188/VJ151|-NVE|SGN-HAN-SGN|14:00,2026-01-04,VJ188/VJ151,-NVE,A320,SGN-HAN-SGN,13:25,14:00,13:25,14:35,14:05,14:29,14:30,14:33,01:10,00:25,EARLY,ONTIME,DELAY,DELAY,,,,,,,,,HAN,SGN,SGN,Domestic,VJ,,
2026-01-04|VJ770/VJ948|A629|CXR-HAN-RMQ|14:05,2026-01-04,VJ770/VJ948,A629,A321,CXR-HAN-RMQ,12:45,14:05,12:45,14:05,12:47,13:56,13:57,13:58,01:20,01:10,EARLY,ONTIME,ONTIME,ONTIME,,,,,,,,,HAN,CXR,RMQ,International,VJ,,
2026-01-04|VJ508/VJ511|A538|DAD-HAN-DAD|14:20,2026-01-04,VJ508/VJ511,A538,A321,DAD-HAN-DAD,13:40,14:20,13:40,14:35,14:15,14:54,14:55,15:00,00:55,00:40,DELAY,DELAY,DELAY,DELAY,,93,00:10,66,00:10,,,LATE ARR/ CHANGE CREW HN OB 1425,HAN,DAD,DAD,Domestic,VJ,,
2026-01-04|VJ566/VJ1491|A644|HUI-HAN-BMV|14:35,2026-01-04,VJ566/VJ1491,A644,A321,HUI-HAN-BMV,13:05,14:35,13:05,14:35,13:30,14:18,14:20,14:28,01:30,00:50,EARLY,ONTIME,ONTIME,DELAY,,,,,,,,,HAN,HUI,BMV,Domestic,VJ,,
2026-01-04|VJ921/VJ942|A500|NGO-HAN-TPE|14:40,2026-01-04,VJ921/VJ942,A500,A321,NGO-HAN-TPE,13:40,14:40,13:40,14:40,13:25,14:33,14:35,14:45,01:00,01:10,EARLY,ONTIME,ONTIME,ONTIME,,,,,,,,,HAN,NGO,TPE,International,VJ,,
2026-01-04|VJ138/VJ153|A554|SGN-HAN-SGN|15:10,2026-01-04,VJ138/VJ153,A554,A321,SGN-HAN-SGN,14:40,15:10,14:40,15:45,15:25,15:54,15:55,16:15,01:05,00:30,DELAY,ONTIME,DELAY,DELAY,,93,00:10,,,,,,HAN,SGN,SGN,Domestic,VJ,,
2026-01-04|VJ941/VJ433|A522|TPE-HAN-UIH|15:25,2026-01-04,VJ941/VJ433,A522,A321,TPE-HAN-UIH,14:10,15:25,14:10,15:25,15:00,15:33,15:35,15:37,01:15,00:35,DELAY,ONTIME,ONTIME,DELAY,,66,00:10,,,,,CREW HN OB 1510,HAN,TPE,UIH,Domestic,VJ,,
2026-01-04|VJ939/VJ1441|A578|KIX-HAN-PQC|15:30,2026-01-04,VJ939/VJ1441,A578,A321,KIX-HAN-PQC,13:05,15:30,13:05,15:30,15:00,15:33,15:35,15:37,02:25,00:35,DELAY,ONTIME,ONTIME,DELAY,,66,00:05,,,,,CREW HN OB 1510,HAN,KIX,PQC,Domestic,VJ,,
2026-01-04|VJ933/VJ145|A817|NRT-HAN-SGN|15:35,2026-01-04,VJ933/VJ145,A817,A330,NRT-HAN-SGN,14:00,15:35,14:00,15:35,14:35,15:49,15:50,16:05,01:35,01:15,DELAY,ONTIME,DELAY,DELAY,,41,00:15,,,,,TECHNICAL CHECK,HAN,NRT,SGN,Domestic,VJ,,
2026-01-04|VJ144/VJ199|A815|SGN-HAN-SGN|15:35,2026-01-04,VJ144/VJ199,A815,A330,SGN-HAN-SGN,14:10,15:35,14:10,15:35,15:05,15:49,15:50,16:00,01:25,00:45,DELAY,ONTIME,DELAY,DELAY,,93,00:15,,,,,,HAN,SGN,SGN,Domestic,VJ,,
2026-01-04|VJ906/VJ903|A698|KUL-HAN-BKK|15:50,2026-01-04,VJ906/VJ903,A698,A321,KUL-HAN-BKK,14:55,15:50,14:55,15:50,14:20,15:44,15:45,15:50,00:55,01:25,EARLY,ONTIME,ONTIME,ONTIME,,,,,,,,,HAN,KUL,BKK,International,VJ,,
2026-01-04|VJ404/VJ191|A676|DLI-HAN-SGN|15:55,2026-01-04,VJ404/VJ191,A676,A320,DLI-HAN-SGN,14:55,15:55,14:55,15:55,15:20,15:59,16:00,16:30,01:00,00:40,DELAY,ONTIME,DELAY,DELAY,,66,00:05,,,,,CREW OB 1532,HAN,DLI,SGN,Domestic,VJ,,
2026-01-04|VJ1444/VJ423|A635|PQC-HAN-PXU|15:55,2026-01-04,VJ1444/VJ423,A635,A321,PQC-HAN-PXU,14:55,15:55,14:55,16:10,15:45,16:24,16:25,16:45,01:15,00:40,DELAY,ONTIME,DELAY,DELAY,,93,00:05,66,00:10,,,CREW OB 1555,HAN,PQC,PXU,Domestic,VJ,,
2026-01-04|VJ961/VJ195|A552|ICN-HAN-SGN|16:00,2026-01-04,VJ961/VJ195,A552,A321,ICN-HAN-SGN,14:10,16:00,14:10,16:00,14:18,16:29,16:30,16:45,01:50,02:12,DELAY,DELAY,DELAY,ONTIME,,95,00:30,,,,,CREW VJ198 OB 1605,HAN,ICN,SGN,Domestic,VJ,,
2026-01-04|VJ198/VJ913|A643|SGN-HAN-SAI|16:20,2026-01-04,VJ198/VJ913,A643,A321,SGN-HAN-SAI,15:10,16:20,15:10,16:20,15:45,16:29,16:30,17:00,01:10,00:45,DELAY,ONTIME,DELAY,DELAY,,66,00:10,,,,,CREW OB 1605,HAN,SGN,SAI,International,VJ,,
2026-01-04|VJ408/VJ409|A668|DLI-HAN-DLI|16:20,2026-01-04,VJ408/VJ409,A668,A320,DLI-HAN-DLI,15:45,16:20,15:45,16:20,15:55,16:24,16:25,16:45,00:35,00:30,DELAY,ONTIME,DELAY,ONTIME,,66,00:05,,,,,CREW OB 1555,HAN,DLI,DLI,Domestic,VJ,,
2026-01-04|VJ462/VJ515|A689|VCA-HAN-DAD|16:25,2026-01-04,VJ462/VJ515,A689,A320,VCA-HAN-DAD,15:45,16:25,15:45,16:25,15:55,16:24,16:25,16:40,00:40,00:30,ONTIME,ONTIME,ONTIME,ONTIME,,,,,,,,,HAN,VCA,DAD,Domestic,VJ,,
2026-01-04|VJ514/VJ147|A648|DAD-HAN-SGN|17:20,2026-01-04,VJ514/VJ147,A648,A321,DAD-HAN-SGN,16:45,17:20,16:45,17:20,17:11,17:49,17:50,18:00,00:35,00:39,DELAY,DELAY,DELAY,DELAY,,93,00:21,66,00:09,,,CREW OB 1723,HAN,DAD,SGN,Domestic,VJ,,
2026-01-04|VJ134/VJ163|-MLI|SGN-HAN-SGN|17:20,2026-01-04,VJ134/VJ163,-MLI,A320,SGN-HAN-SGN,16:50,17:20,16:50,19:10,19:00,19:34,19:35,19:50,02:20,00:35,DELAY,DELAY,DELAY,DELAY,,93,00:15,63D,00:10,,,LATE BOARDING CALL BY CREW,HAN,SGN,SGN,Domestic,VJ,,
2026-01-04|VJ953/VJ445|A656|HIJ-HAN-PQC|17:40,2026-01-04,VJ953/VJ445,A656,A320,HIJ-HAN-PQC,16:20,17:40,16:20,17:40,16:55,17:34,17:35,17:45,01:20,00:40,EARLY,ONTIME,ONTIME,DELAY,,,,,,,,,HAN,HIJ,PQC,Domestic,VJ,,
2026-01-04|VJ784/VJ783|A549|CXR-HAN-CXR|17:55,2026-01-04,VJ784/VJ783,A549,A321,CXR-HAN-CXR,17:25,17:55,17:25,17:55,17:55,18:19,18:20,18:31,00:30,00:25,DELAY,DELAY,DELAY,DELAY,,93,00:25,,,,,,HAN,CXR,CXR,Domestic,VJ,,
2026-01-04|VJ512/VJ779|A538|DAD-HAN-CXR|18:00,2026-01-04,VJ512/VJ779,A538,A321,DAD-HAN-CXR,17:30,18:00,17:30,19:00,18:45,19:09,19:12,19:40,01:30,00:27,DELAY,ONTIME,DELAY,DELAY,,93,00:12,,,,,,HAN,DAD,CXR,Domestic,VJ,,
2026-01-04|VJ902/VJ465|A546|BKK-HAN-VCA|18:00,2026-01-04,VJ902/VJ465,A546,A321,BKK-HAN-VCA,17:00,18:00,17:00,18:00,17:16,17:54,17:55,18:05,01:00,00:39,EARLY,ONTIME,ONTIME,DELAY,,,,,,,,,HAN,BKK,VCA,Domestic,VJ,,
2026-01-04|VJ1492/VJ177|A644|BMV-HAN-SGN|18:10,2026-01-04,VJ1492/VJ177,A644,A321,BMV-HAN-SGN,18:30,18:10,18:30,19:10,18:55,19:24,19:25,19:38,00:40,00:30,DELAY,ONTIME,DELAY,DELAY,,93,00:15,,,,,,HAN,BMV,SGN,Domestic,VJ,,
2026-01-04|VJ900/VJ165|A523|DPS-HAN-SGN|18:30,2026-01-04,VJ900/VJ165,A523,A321,DPS-HAN-SGN,17:20,18:30,17:20,18:30,17:10,18:29,18:30,18:38,01:10,01:20,ONTIME,ONTIME,ONTIME,ONTIME,,,,,,,,,HAN,DPS,SGN,Domestic,VJ,,
2026-01-04|VJ194/VJ193|A655|SGN-HAN-SGN|18:40,2026-01-04,VJ194/VJ193,A655,A320,SGN-HAN-SGN,18:05,18:40,18:05,18:40,18:35,18:59,19:00,19:10,00:35,00:25,DELAY,DELAY,DELAY,DELAY,,93,00:20,,,,,,HAN,SGN,SGN,Domestic,VJ,,
2026-01-04|VJ916/VJ493|A677|SIN-HAN-BMV|19:10,2026-01-04,VJ916/VJ493,A677,A321,SIN-HAN-BMV,17:25,19:10,18:25,19:10,18:35,19:09,19:10,19:25,00:45,00:35,ONTIME,ONTIME,ONTIME,DELAY,,,,,,,,,HAN,SIN,BMV,Domestic,VJ,,
2026-01-04|VJ947/VJ1925|A542|KHH-HAN-AMD|19:20,2026-01-04,VJ947/VJ1925,A542,A321,KHH-HAN-AMD,18:20,19:20,18:20,19:20,18:15,19:18,19:20,19:36,01:00,01:05,ONTIME,ONTIME,DELAY,ONTIME,,,,,,,,,HAN,KHH,AMD,International,VJ,,
2026-01-04|VJ432/VJ517|A522|UIH-HAN-DAD|19:40,2026-01-04,VJ432/VJ517,A522,A321,UIH-HAN-DAD,19:10,19:40,19:10,19:40,19:30,19:59,20:00,20:10,00:30,00:30,DELAY,DELAY,DELAY,DELAY,,93,00:20,,,,,,HAN,UIH,DAD,Domestic,VJ,,
2026-01-04|VJ152/VJ519|A641|SGN-HAN-DAD|19:50,2026-01-04,VJ152/VJ519,A641,A321,SGN-HAN-DAD,19:15,19:50,19:15,19:50,19:50,20:19,20:20,20:45,00:35,00:30,DELAY,DELAY,DELAY,DELAY,,93,00:30,,,,,,HAN,SGN,DAD,Domestic,VJ,,
2026-01-04|VJ928/VJ7712|A663|CGK-HAN-PKX|20:05,2026-01-04,VJ928/VJ7712,A663,A320,CGK-HAN-PKX,18:15,20:05,18:15,20:05,19:10,20:04,20:05,20:20,01:50,00:55,ONTIME,ONTIME,ONTIME,DELAY,,,,,,,,,HAN,CGK,PKX,International,VJ,,
2026-01-04|VJ424/VJ155|A635|PXU-HAN-SGN|20:10,2026-01-04,VJ424/VJ155,A635,A321,PXU-HAN-SGN,19:35,20:10,19:35,21:10,20:45,21:14,21:15,21:32,01:35,00:30,DELAY,ONTIME,DELAY,DELAY,,93,00:05,,,,,,HAN,PXU,SGN,Domestic,VJ,,
2026-01-04|VJ931/VJ173|A525|KIX-HAN-SGN|20:15,2026-01-04,VJ931/VJ173,A525,A321,KIX-HAN-SGN,19:15,20:15,19:15,21:00,20:20,20:57,21:00,21:18,01:45,00:40,ONTIME,ONTIME,DELAY,DELAY,,,,,,,,,HAN,KIX,SGN,Domestic,VJ,,
2026-01-04|VJ516/VJ501|A689|DAD-HAN-DAD|20:15,2026-01-04,VJ516/VJ501,A689,A320,DAD-HAN-DAD,19:35,20:15,19:35,20:30,20:05,20:34,20:35,20:50,00:55,00:30,DELAY,ONTIME,DELAY,DELAY,,66,00:05,,,,,CREW OB 2015,HAN,DAD,DAD,Domestic,VJ,,
2026-01-04|VJ446/VJ7342|A650|PQC-HAN-XIY|20:15,2026-01-04,VJ446/VJ7342,A650,A320,PQC-HAN-XIY,17:40,20:15,17:40,21:00,19:05,20:49,20:50,21:25,03:20,01:45,EARLY,ONTIME,DELAY,DELAY,,,,,,,,,HAN,PQC,XIY,International,VJ,,
2026-01-04|VJ1440/VJ521|A578|PQC-HAN-DAD|21:10,2026-01-04,VJ1440/VJ521,A578,A321,PQC-HAN-DAD,20:10,21:10,20:10,21:10,20:30,21:05,21:06,21:20,01:00,00:36,EARLY,ONTIME,ONTIME,DELAY,,,,,,,,,HAN,PQC,DAD,Domestic,VJ,,
2026-01-04|VJ904/VJ569|A698|BKK-HAN-HUI|21:20,2026-01-04,VJ904/VJ569,A698,A321,BKK-HAN-HUI,20:25,21:20,20:25,21:20,20:55,21:24,21:25,21:39,00:55,00:30,DELAY,ONTIME,DELAY,DELAY,,93,00:05,,,,,,HAN,BKK,HUI,Domestic,VJ,,
2026-01-04|VJ410/VJ7238|A668|DLI-HAN-PVG|21:30,2026-01-04,VJ410/VJ7238,A668,A320,DLI-HAN-PVG,20:30,21:30,20:30,21:45,21:25,22:04,22:05,22:20,01:15,00:40,DELAY,DELAY,DELAY,DELAY,,93,00:05,66,00:15,,,CREW OB 2140,HAN,DLI,PVG,International,VJ,,
2026-01-04|VJ935/VJ123|A528|NRT-HAN-SGN|22:10,2026-01-04,VJ935/VJ123,A528,A321,NRT-HAN-SGN,20:55,22:10,20:55,22:30,22:25,22:54,22:55,22:55,01:35,00:30,DELAY,DELAY,DELAY,DELAY,,93,00:25,,,,,,HAN,NRT,SGN,Domestic,VJ,,
2026-01-04|VJ943/VJ962|A500|TPE-HAN-ICN|22:50,2026-01-04,VJ943/VJ962,A500,A321,TPE-HAN-ICN,21:10,22:50,21:10,22:50,21:38,22:49,22:50,22:58,01:40,01:12,ONTIME,ONTIME,ONTIME,DELAY,,,,,,,,,HAN,TPE,ICN,International,VJ,,
2026-01-04|VJ160/VJ161|A544|SGN-HAN-SGN|22:55,2026-01-04,VJ160/VJ161,A544,A321,SGN-HAN-SGN,22:05,22:55,22:05,22:55,22:10,22:49,22:50,22:53,00:50,00:40,EARLY,ONTIME,ONTIME,ONTIME,,,,,,,,,HAN,SGN,SGN,Domestic,VJ,,
2026-01-04|VJ180/VJ171|A815|SGN-HAN-SGN|23:25,2026-01-04,VJ180/VJ171,A815,A330,SGN-HAN-SGN,22:25,23:25,22:25,23:25,22:40,23:24,23:25,23:28,01:00,00:45,ONTIME,ONTIME,ONTIME,ONTIME,,,,,,,,,HAN,SGN,SGN,Domestic,VJ,,
2026-01-04|VJ949/VJ7526|A629|RMQ-HAN-CAN|23:40,2026-01-04,VJ949/VJ7526,A629,A321,RMQ-HAN-CAN,20:20,23:40,20:20,23:40,20:20,23:39,23:40,23:50,03:20,03:20,ONTIME,ONTIME,ONTIME,ONTIME,,,,,,,,,HAN,RMQ,CAN,International,VJ,,
2026-01-04|VJ190/VJ523|A677|SGN-HAN-DAD|23:40,2026-01-04,VJ190/VJ523,A677,A321,SGN-HAN-DAD,23:05,23:40,23:05,23:40,23:35,00:04,00:05,"1 day, 0:05:00",00:35,00:30,DELAY,DELAY,DELAY,DELAY,,93,00:25,,,,,,HAN,SGN,DAD,Domestic,VJ,,
2026-01-05|VJ3525/VJ3525|A516|PQC-HAN-BQS|00:30,2026-01-05,VJ3525/VJ3525,A516,A321,PQC-HAN-BQS,00:00,00:30,00:00,00:30,00:00,00:29,00:30,00:40,00:30,00:30,ONTIME,ONTIME,ONTIME,ONTIME,,,,,,,,,HAN,PQC,BQS,International,VJ,,
2026-01-05|VJ932|A820|HAN-NRT|00:55,2026-01-05,VJ932,A820,A321,HAN-NRT,,00:55,,00:55,,00:54,00:55,01:00,,,ONTIME,ONTIME,ONTIME,,,,,,,,,,HAN,,NRT,International,VJ,,
2026-01-05|VJ522/VJ982|A578|DAD-HAN-PUS|01:00,2026-01-05,VJ522/VJ982,A578,A321,DAD-HAN-PUS,00:20,01:00,00:20,01:30,00:55,01:39,01:40,01:48,01:10,00:45,DELAY,ONTIME,DELAY,DELAY,,66,00:10,,,,,CREW HN OB 0110,HAN,DAD,PUS,International,VJ,,
2026-01-05|VJ920|A526|HAN-NGO|01:35,2026-01-05,VJ920,A526,A321,HAN-NGO,,01:35,,01:35,,01:26,01:27,01:31,,,EARLY,ONTIME,ONTIME,,,,,,,,,,HAN,,NGO,International,VJ,,
2026-01-05|VJ938|A522|HAN-KIX|01:40,2026-01-05,VJ938,A522,A321,HAN-KIX,,01:40,,02:00,,02:09,02:10,02:10,,,DELAY,ONTIME,DELAY,,,41,00:10,,,,,CHANGE TIRE,HAN,,KIX,International,VJ,,
2026-01-05|VJ960|A525|HAN-ICN|03:00,2026-01-05,VJ960,A525,A321,HAN-ICN,,03:00,,03:00,,03:09,03:10,03:14,,,DELAY,ONTIME,ONTIME,,,66,00:10,,,,,CREW HN OB 0242,HAN,,ICN,International,VJ,,
2026-01-05|VJ7343/VJ185|A650|XIY-HAN-SGN|05:10,2026-01-05,VJ7343/VJ185,A650,A320,XIY-HAN-SGN,03:40,05:10,03:40,05:10,04:05,05:09,05:10,05:20,01:30,01:05,ONTIME,ONTIME,ONTIME,DELAY,,,,,,,,,HAN,XIY,SGN,Domestic,VJ,,
2026-01-05|VJ509|A643|HAN-DAD|05:25,2026-01-05,VJ509,A643,A321,HAN-DAD,,05:25,,05:25,,05:19,05:20,05:27,,,EARLY,ONTIME,ONTIME,,,,,,,,,,HAN,,DAD,Domestic,VJ,,
2026-01-05|VJ461|A675|HAN-VCA|05:30,2026-01-05,VJ461,A675,A320,HAN-VCA,,05:30,,05:30,,05:24,05:25,05:37,,,EARLY,ONTIME,ONTIME,,,,,,,,,,HAN,,VCA,Domestic,VJ,,
2026-01-05|VJ401|A672|HAN-DLI|05:50,2026-01-05,VJ401,A672,A320,HAN-DLI,,05:50,,05:50,,05:41,05:42,05:46,,,EARLY,ONTIME,ONTIME,,,,,,,,,,HAN,,DLI,Domestic,VJ,,
2026-01-05|VJ443|A641|HAN-PQC|06:00,2026-01-05,VJ443,A641,A321,HAN-PQC,,06:00,,06:00,,05:54,05:55,06:07,,,EARLY,ONTIME,ONTIME,,,,,,,,,,HAN,,PQC,Domestic,VJ,,
2026-01-05|VJ491|A644|HAN-BMV|06:00,2026-01-05,VJ491,A644,A321,HAN-BMV,,06:00,,06:00,,05:54,05:55,05:58,,,EARLY,ONTIME,ONTIME,,,,,,,,,,HAN,,BMV,Domestic,VJ,,
2026-01-05|VJ7713/VJ503|A663|PKX-HAN-DAD|06:00,2026-01-05,VJ7713/VJ503,A663,A320,PKX-HAN-DAD,04:10,06:00,04:10,06:00,04:20,05:54,05:55,06:08,01:50,01:35,EARLY,ONTIME,ONTIME,ONTIME,,,,,,,,,HAN,PKX,DAD,Domestic,VJ,,
2026-01-05|VJ421|A635|HAN-PXU|06:05,2026-01-05,VJ421,A635,A321,HAN-PXU,,06:05,,06:05,,05:59,06:00,06:06,,,EARLY,ONTIME,ONTIME,,,,,,,,,,HAN,,PXU,Domestic,VJ,,
2026-01-05|VJ105|652G|HAN-VCS|06:45,2026-01-05,VJ105,652G,C909,HAN-VCS,,06:45,,06:45,,06:29,06:31,06:39,,,EARLY,ONTIME,ONTIME,,,,,,,,,,HAN,,VCS,Domestic,VJ,,
2026-01-05|VJ905|A546|HAN-KUL|07:10,2026-01-05,VJ905,A546,A321,HAN-KUL,,07:10,,07:10,,07:04,07:05,07:07,,,EARLY,ONTIME,ONTIME,,,,,,,,,,HAN,,KUL,International,VJ,,
2026-01-05|VJ7239/VJ431|A668|PVG-HAN-UIH|07:10,2026-01-05,VJ7239/VJ431,A668,A320,PVG-HAN-UIH,05:15,07:10,05:15,07:10,05:50,07:04,07:05,07:07,01:55,01:15,EARLY,ONTIME,ONTIME,DELAY,,,,,,,,,HAN,PVG,UIH,Domestic,VJ,,
2026-01-05|VJ956|A676|HAN-PUS|07:30,2026-01-05,VJ956,A676,A320,HAN-PUS,,07:30,,07:30,,07:23,07:24,07:26,,,EARLY,ONTIME,ONTIME,,,,,,,,,,HAN,,PUS,International,VJ,,
2026-01-05|VJ502/VJ181|A575|DAD-HAN-SGN|07:40,2026-01-05,VJ502/VJ181,A575,A321,DAD-HAN-SGN,07:05,07:40,07:05,07:40,07:15,07:44,07:45,07:55,00:35,00:30,DELAY,ONTIME,ONTIME,ONTIME,,66,00:05,,,,,CREW HN OB 0720,HAN,DAD,SGN,Domestic,VJ,,
2026-01-05|VJ122/VJ771|A697|SGN-HAN-CXR|07:50,2026-01-05,VJ122/VJ771,A697,A321,SGN-HAN-CXR,07:30,07:50,07:30,08:10,07:35,08:08,08:09,08:10,00:40,00:34,EARLY,ONTIME,DELAY,ONTIME,,,,,,,,,HAN,SGN,CXR,Domestic,VJ,,
2026-01-05|VJ107|656E|HAN-VCS|08:15,2026-01-05,VJ107,656E,C909,HAN-VCS,,08:15,,08:15,,08:04,08:05,08:11,07:42,,EARLY,ONTIME,ONTIME,,,,,,,,,,HAN,,VCS,Domestic,VJ,,
2026-01-05|VJ1926/VJ940|A542|AMD-HAN-TPE|08:20,2026-01-05,VJ1926/VJ940,A542,A321,AMD-HAN-TPE,06:40,08:20,06:40,08:20,06:05,08:19,08:20,08:29,01:40,02:15,ONTIME,ONTIME,ONTIME,ONTIME,,,,,,,,,HAN,AMD,TPE,International,VJ,,
2026-01-05|VJ124/VJ930|A534|SGN-HAN-KIX|08:30,2026-01-05,VJ124/VJ930,A534,A321,SGN-HAN-KIX,07:50,08:30,07:50,08:30,07:50,08:34,08:35,08:43,00:40,00:45,DELAY,ONTIME,ONTIME,ONTIME,,66,00:05,,,,,CREW HN OB 0805,HAN,SGN,KIX,International,VJ,,
2026-01-05|VJ524/VJ929|A689|DAD-HAN-CGK|08:40,2026-01-05,VJ524/VJ929,A689,A320,DAD-HAN-CGK,07:40,08:40,07:40,08:40,07:40,08:39,08:40,08:46,01:00,01:00,ONTIME,ONTIME,ONTIME,ONTIME,,,,,,,,,HAN,DAD,CGK,International,VJ,,
2026-01-05|VJ934|A549|HAN-NRT|08:50,2026-01-05,VJ934,A549,A321,HAN-NRT,,08:50,,08:50,,08:43,08:45,08:48,,,EARLY,ONTIME,ONTIME,,,,,,,,,,HAN,,NRT,International,VJ,,
2026-01-05|VJ126/VJ127|A687|SGN-HAN-SGN|08:55,2026-01-05,VJ126/VJ127,A687,A321,SGN-HAN-SGN,08:25,08:55,08:25,08:55,08:42,09:41,09:42,09:43,00:30,01:00,DELAY,DELAY,DELAY,DELAY,,93,00:17,41,00:30,,,,HAN,SGN,SGN,Domestic,VJ,,
2026-01-05|VJ510/VJ527|A643|DAD-HAN-DAD|09:30,2026-01-05,VJ510/VJ527,A643,A321,DAD-HAN-DAD,08:35,09:30,08:35,09:30,09:00,09:33,09:35,09:40,00:55,00:35,DELAY,ONTIME,ONTIME,DELAY,,95,00:05,,,,,CREW 524 OB 0908,HAN,DAD,DAD,Domestic,VJ,,
2026-01-05|VJ176/VJ915|A636|SGN-HAN-SIN|10:00,2026-01-05,VJ176/VJ915,A636,A321,SGN-HAN-SIN,09:00,10:00,09:00,10:00,09:07,09:59,10:00,10:05,01:00,00:53,ONTIME,ONTIME,ONTIME,ONTIME,,,,,,,,,HAN,SGN,SIN,International,VJ,,
2026-01-05|VJ148/VJ149|-MLN|SGN-HAN-SGN|10:05,2026-01-05,VJ148/VJ149,-MLN,A320,SGN-HAN-SGN,09:30,10:05,09:30,10:05,09:45,10:09,10:10,10:20,00:35,00:25,DELAY,ONTIME,ONTIME,ONTIME,,93,00:05,,,,,,HAN,SGN,SGN,Domestic,VJ,,
2026-01-05|VJ422/VJ567|A635|PXU-HAN-HUI|10:10,2026-01-05,VJ422/VJ567,A635,A321,PXU-HAN-HUI,09:40,10:10,09:40,10:10,09:45,10:14,10:15,10:25,00:30,00:30,DELAY,ONTIME,ONTIME,ONTIME,,93,00:05,,,,,,HAN,PXU,HUI,Domestic,VJ,,
2026-01-05|VJ963/VJ997|A500|ICN-HAN-DPS|10:30,2026-01-05,VJ963/VJ997,A500,A321,ICN-HAN-DPS,09:30,10:30,09:30,10:30,09:20,10:26,10:28,10:32,01:00,01:08,EARLY,ONTIME,ONTIME,ONTIME,,,,,,,,,HAN,ICN,DPS,International,VJ,,
2026-01-05|VJ492/VJ507|A644|BMV-HAN-DAD|10:30,2026-01-05,VJ492/VJ507,A644,A321,BMV-HAN-DAD,10:00,10:30,10:00,10:30,10:00,10:24,10:25,10:35,00:30,00:25,EARLY,ONTIME,ONTIME,ONTIME,,,,,,,,,HAN,BMV,DAD,Domestic,VJ,,
2026-01-05|VJ504/VJ775|A655|DAD-HAN-CXR|10:40,2026-01-05,VJ504/VJ775,A655,A320,DAD-HAN-CXR,09:45,10:40,09:45,10:40,10:10,10:39,10:40,10:43,00:55,00:30,ONTIME,ONTIME,ONTIME,DELAY,,,,,,,,,HAN,DAD,CXR,Domestic,VJ,,
2026-01-05|VJ402/VJ403|A672|DLI-HAN-DLI|10:45,2026-01-05,VJ402/VJ403,A672,A320,DLI-HAN-DLI,10:10,10:45,10:10,10:45,10:10,10:42,10:45,10:55,00:35,00:35,ONTIME,ONTIME,ONTIME,ONTIME,,,,,,,,,HAN,DLI,DLI,Domestic,VJ,,
2026-01-05|VJ460/VJ463|A675|VCA-HAN-VCA|10:50,2026-01-05,VJ460/VJ463,A675,A320,VCA-HAN-VCA,10:20,10:50,10:20,10:50,10:30,10:59,11:00,11:10,00:30,00:30,DELAY,ONTIME,DELAY,ONTIME,,93,00:05,66,00:05,,,CREW HN OB 1040,HAN,VCA,VCA,Domestic,VJ,,
2026-01-05|VJ136/VJ135|A537|SGN-HAN-SGN|11:10,2026-01-05,VJ136/VJ135,A537,A321,SGN-HAN-SGN,10:40,11:10,10:40,11:10,10:55,11:20,11:22,11:25,00:30,00:27,DELAY,ONTIME,ONTIME,ONTIME,,93,00:12,,,,,,HAN,SGN,SGN,Domestic,VJ,,
2026-01-05|VJ430/VJ407|A668|UIH-HAN-DLI|11:25,2026-01-05,VJ430/VJ407,A668,A320,UIH-HAN-DLI,10:55,11:25,10:55,11:25,10:50,11:23,11:25,11:32,00:30,00:35,ONTIME,ONTIME,ONTIME,ONTIME,,,,,,,,,HAN,UIH,DLI,Domestic,VJ,,
2026-01-05|VJ132/VJ137|A632|SGN-HAN-SGN|11:40,2026-01-05,VJ132/VJ137,A632,A321,SGN-HAN-SGN,11:10,11:40,11:10,12:20,12:10,12:39,12:40,12:50,01:10,00:30,DELAY,DELAY,DELAY,DELAY,,93,00:20,,,,,,HAN,SGN,SGN,Domestic,VJ,,
2026-01-05|VJ981/VJ946|A578|PUS-HAN-KHH|12:00,2026-01-05,VJ981/VJ946,A578,A321,PUS-HAN-KHH,11:00,12:00,11:00,12:00,11:15,11:59,12:00,12:05,01:00,00:45,ONTIME,ONTIME,ONTIME,ONTIME,,,,,,,,,HAN,PUS,KHH,International,VJ,,
2026-01-05|VJ442/VJ901|A641|PQC-HAN-BKK|12:15,2026-01-05,VJ442/VJ901,A641,A321,PQC-HAN-BKK,10:45,12:15,10:45,12:15,11:20,12:08,12:09,12:13,01:30,00:49,EARLY,ONTIME,ONTIME,DELAY,,,,,,,,,HAN,PQC,BKK,International,VJ,,
2026-01-05|VJ184/VJ129|A816|SGN-HAN-SGN|11:25,2026-01-05,VJ184/VJ129,A816,A330,SGN-HAN-SGN,10:25,11:25,12:00,12:40,12:15,12:44,12:45,13:05,00:40,00:30,DELAY,ONTIME,DELAY,DELAY,,93,00:05,,,,,,HAN,SGN,SGN,Domestic,VJ,,
2026-01-05|VJ3526/VJ3526|A516|BQS-HAN-PQC|13:15,2026-01-05,VJ3526/VJ3526,A516,A321,BQS-HAN-PQC,12:45,13:15,12:45,13:15,12:55,13:14,13:15,13:30,00:30,00:20,ONTIME,ONTIME,ONTIME,ONTIME,,,,,,,,,HAN,BQS,PQC,Domestic,VJ,,
2026-01-05|VJ528/VJ513|A643|DAD-HAN-DAD|13:35,2026-01-05,VJ528/VJ513,A643,A321,DAD-HAN-DAD,12:40,13:35,12:40,13:35,13:25,13:49,13:50,13:59,00:55,00:25,DELAY,ONTIME,DELAY,DELAY,,93,00:15,,,,,,HAN,DAD,DAD,Domestic,VJ,,
2026-01-05|VJ440/VJ948|A656|PQC-HAN-RMQ|13:35,2026-01-05,VJ440/VJ948,A656,A320,PQC-HAN-RMQ,11:55,13:35,11:55,13:35,12:15,13:23,13:25,13:50,01:40,01:10,EARLY,ONTIME,ONTIME,DELAY,,,,,,,,,HAN,PQC,RMQ,International,VJ,,
2026-01-05|VJ566/VJ441|A635|HUI-HAN-PQC|13:35,2026-01-05,VJ566/VJ441,A635,A321,HUI-HAN-PQC,13:05,13:35,13:05,13:35,13:40,14:09,14:10,14:20,00:30,00:30,DELAY,DELAY,DELAY,DELAY,,93,00:35,,,,,,HAN,HUI,PQC,Domestic,VJ,,
2026-01-05|VJ128/VJ143|A815|SGN-HAN-SGN|13:40,2026-01-05,VJ128/VJ143,A815,A330,SGN-HAN-SGN,12:40,13:40,12:40,13:40,13:00,13:43,13:45,13:53,01:00,00:45,DELAY,ONTIME,ONTIME,DELAY,,93,00:05,,,,,,HAN,SGN,SGN,Domestic,VJ,,
2026-01-05|VJ770/VJ511|A697|CXR-HAN-DAD|14:20,2026-01-05,VJ770/VJ511,A697,A321,CXR-HAN-DAD,12:20,14:20,12:20,14:20,12:35,14:34,14:35,14:45,02:00,02:00,DELAY,ONTIME,DELAY,ONTIME,,61,00:15,,,,,CHANGE FPL,HAN,CXR,DAD,Domestic,VJ,,
2026-01-05|VJ921/VJ942|A526|NGO-HAN-TPE|14:25,2026-01-05,VJ921/VJ942,A526,A321,NGO-HAN-TPE,13:40,14:25,13:40,14:25,13:35,14:23,14:24,14:26,00:45,00:49,EARLY,ONTIME,ONTIME,ONTIME,,,,,,,,,HAN,NGO,TPE,International,VJ,,
2026-01-05|VJ939/VJ1491|A522|KIX-HAN-BMV|14:35,2026-01-05,VJ939/VJ1491,A522,A321,KIX-HAN-BMV,13:05,14:35,13:05,14:35,13:20,14:34,14:35,14:40,01:30,01:15,ONTIME,ONTIME,ONTIME,ONTIME,,,,,,,,,HAN,KIX,BMV,Domestic,VJ,,
2026-01-05|VJ188/VJ151|-NVE|SGN-HAN-SGN|14:00,2026-01-05,VJ188/VJ151,-NVE,A320,SGN-HAN-SGN,13:25,14:00,14:10,15:25,15:20,15:39,15:40,15:50,01:15,00:20,DELAY,ONTIME,DELAY,DELAY,,93,00:15,,,,,,HAN,SGN,SGN,Domestic,VJ,,
2026-01-05|VJ774/VJ175|A655|CXR-HAN-SGN|15:20,2026-01-05,VJ774/VJ175,A655,A320,CXR-HAN-SGN,14:50,15:20,14:50,15:20,15:10,15:34,15:35,15:35,00:30,00:25,DELAY,ONTIME,ONTIME,DELAY,,93,00:15,,,,,,HAN,CXR,SGN,Domestic,VJ,,
2026-01-05|VJ404/VJ433|A672|DLI-HAN-UIH|15:25,2026-01-05,VJ404/VJ433,A672,A320,DLI-HAN-UIH,14:55,15:25,14:55,15:25,15:25,15:44,15:45,15:50,00:30,00:20,DELAY,DELAY,DELAY,DELAY,,93,00:20,,,,,,HAN,DLI,UIH,Domestic,VJ,,
2026-01-05|VJ508/VJ1441|A644|DAD-HAN-PQC|15:30,2026-01-05,VJ508/VJ1441,A644,A321,DAD-HAN-PQC,13:40,15:30,13:40,15:30,14:12,15:29,15:30,15:33,01:50,01:18,ONTIME,ONTIME,ONTIME,DELAY,,,,,,,,,HAN,DAD,PQC,Domestic,VJ,,
2026-01-05|VJ144/VJ145|A642|SGN-HAN-SGN|15:35,2026-01-05,VJ144/VJ145,A642,A321,SGN-HAN-SGN,14:50,15:35,14:50,15:35,15:00,15:32,15:34,15:35,00:45,00:34,EARLY,ONTIME,ONTIME,ONTIME,,,,,,,,,HAN,SGN,SGN,Domestic,VJ,,
2026-01-05|VJ941/VJ903|A542|TPE-HAN-BKK|15:50,2026-01-05,VJ941/VJ903,A542,A321,TPE-HAN-BKK,14:40,15:50,14:40,15:50,15:35,16:19,16:20,16:36,01:10,00:45,DELAY,DELAY,DELAY,DELAY,,93,00:15,66,00:15,,,LATE ARR/CHANGE CREW HN OB 1552,HAN,TPE,BKK,International,VJ,,
2026-01-05|VJ906/VJ423|A546|KUL-HAN-PXU|15:55,2026-01-05,VJ906/VJ423,A546,A321,KUL-HAN-PXU,14:55,15:55,14:55,15:55,14:28,15:45,15:47,15:51,01:00,01:19,EARLY,ONTIME,ONTIME,ONTIME,,,,,,,,,HAN,KUL,PXU,Domestic,VJ,,
2026-01-05|VJ933/VJ195|A820|NRT-HAN-SGN|16:00,2026-01-05,VJ933/VJ195,A820,A321,NRT-HAN-SGN,14:00,16:00,14:00,16:00,14:25,15:59,16:00,16:07,02:00,01:35,ONTIME,ONTIME,ONTIME,DELAY,,,,,,,,,HAN,NRT,SGN,Domestic,VJ,,
2026-01-05|VJ408/VJ409|A668|DLI-HAN-DLI|16:05,2026-01-05,VJ408/VJ409,A668,A320,DLI-HAN-DLI,15:35,16:05,15:35,16:05,15:50,16:24,16:25,16:55,00:30,00:35,DELAY,DELAY,DELAY,ONTIME,,93,00:10,66,00:10,,,LATE ARR/CHANGE CREW HN OB 1600,HAN,DLI,DLI,Domestic,VJ,,
2026-01-05|VJ961/VJ913|A525|ICN-HAN-SAI|16:20,2026-01-05,VJ961/VJ913,A525,A321,ICN-HAN-SAI,14:10,16:20,14:10,16:20,14:10,16:19,16:20,16:45,02:10,02:10,ONTIME,ONTIME,DELAY,ONTIME,,,,,,,,,HAN,ICN,SAI,International,VJ,,
2026-01-05|VJ462/VJ515|A675|VCA-HAN-DAD|16:25,2026-01-05,VJ462/VJ515,A675,A320,VCA-HAN-DAD,15:40,16:25,15:40,16:25,16:05,16:23,16:25,16:35,00:45,00:20,ONTIME,ONTIME,ONTIME,DELAY,,,,,,,,,HAN,VCA,DAD,Domestic,VJ,,
2026-01-05|VJ198/VJ199|A651|SGN-HAN-SGN|15:35,2026-01-05,VJ198/VJ199,A651,A321,SGN-HAN-SGN,15:10,15:35,15:10,17:40,15:45,18:06,18:07,18:13,02:30,02:22,DELAY,DELAY,DELAY,DELAY,,69,00:27,,,,,CAPT RQ MORE FUEL,HAN,SGN,SGN,Domestic,VJ,,
2026-01-05|VJ514/VJ147|A643|DAD-HAN-SGN|17:15,2026-01-05,VJ514/VJ147,A643,A321,DAD-HAN-SGN,16:45,17:15,16:45,17:55,17:30,17:59,18:00,18:30,01:10,00:30,DELAY,ONTIME,DELAY,DELAY,,93,00:05,,,,,,HAN,DAD,SGN,Domestic,VJ,,
2026-01-05|VJ134/VJ163|-MLI|SGN-HAN-SGN|17:20,2026-01-05,VJ134/VJ163,-MLI,A320,SGN-HAN-SGN,16:50,17:20,17:35,18:15,18:35,18:59,19:00,19:35,00:40,00:25,DELAY,DELAY,DELAY,DELAY,,93,00:45,,,,,,HAN,SGN,SGN,Domestic,VJ,,
2026-01-05|VJ902/VJ465|A641|BKK-HAN-VCA|17:45,2026-01-05,VJ902/VJ465,A641,A321,BKK-HAN-VCA,17:00,17:45,17:00,17:45,17:20,17:48,17:50,18:30,00:45,00:30,DELAY,ONTIME,DELAY,DELAY,,93,00:05,,,,,,HAN,BKK,VCA,Domestic,VJ,,
2026-01-05|VJ512/VJ779|A644|DAD-HAN-CXR|18:00,2026-01-05,VJ512/VJ779,A644,A321,DAD-HAN-CXR,17:30,18:00,17:30,18:30,18:15,18:39,18:40,19:00,01:00,00:25,DELAY,ONTIME,DELAY,DELAY,,93,00:10,,,,,,HAN,DAD,CXR,Domestic,VJ,,
2026-01-05|VJ194/VJ193|A554|SGN-HAN-SGN|18:10,2026-01-05,VJ194/VJ193,A554,A321,SGN-HAN-SGN,17:30,18:10,17:30,18:10,17:40,18:09,18:10,18:50,00:40,00:30,ONTIME,ONTIME,DELAY,ONTIME,,,,,,,,,HAN,SGN,SGN,Domestic,VJ,,
2026-01-05|VJ957/VJ445|A676|PUS-HAN-PQC|18:20,2026-01-05,VJ957/VJ445,A676,A320,PUS-HAN-PQC,17:20,18:20,17:20,18:20,17:15,18:08,18:09,19:00,01:00,00:54,EARLY,ONTIME,DELAY,ONTIME,,,,,,,,,HAN,PUS,PQC,Domestic,VJ,,
2026-01-05|VJ916/VJ191|A636|SIN-HAN-SGN|18:50,2026-01-05,VJ916/VJ191,A636,A321,SIN-HAN-SGN,17:50,18:50,17:50,18:50,17:20,18:49,18:50,19:15,01:00,01:30,ONTIME,ONTIME,DELAY,ONTIME,,,,,,,,,HAN,SIN,SGN,Domestic,VJ,,
2026-01-05|VJ446/VJ569|A635|PQC-HAN-HUI|19:15,2026-01-05,VJ446/VJ569,A635,A321,PQC-HAN-HUI,18:20,19:15,18:20,20:00,19:40,20:04,20:05,20:40,01:40,00:25,DELAY,ONTIME,DELAY,DELAY,,93,00:05,,,,,,HAN,PQC,HUI,Domestic,VJ,,
2026-01-05|VJ947/VJ1925|A578|KHH-HAN-AMD|19:20,2026-01-05,VJ947/VJ1925,A578,A321,KHH-HAN-AMD,18:20,19:20,18:20,19:20,18:25,19:14,19:15,19:25,01:00,00:50,EARLY,ONTIME,ONTIME,ONTIME,,,,,,,,,HAN,KHH,AMD,International,VJ,,
2026-01-05|VJ928/VJ173|A689|CGK-HAN-SGN|19:20,2026-01-05,VJ928/VJ173,A689,A320,CGK-HAN-SGN,18:15,19:20,18:15,19:20,18:20,19:18,19:20,19:45,01:05,01:00,ONTIME,ONTIME,DELAY,ONTIME,,,,,,,,,HAN,CGK,SGN,Domestic,VJ,,
2026-01-05|VJ1492/VJ907|A522|BMV-HAN-BOM|19:35,2026-01-05,VJ1492/VJ907,A522,A321,BMV-HAN-BOM,18:35,19:35,18:35,19:35,19:05,19:49,19:50,20:18,01:00,00:45,DELAY,ONTIME,DELAY,DELAY,,66,00:15,,,,,CHANGE CREW HN OB 1920,HAN,BMV,BOM,International,VJ,,
2026-01-05|VJ900/VJ519|A552|DPS-HAN-DAD|19:45,2026-01-05,VJ900/VJ519,A552,A321,DPS-HAN-DAD,18:05,19:45,18:05,19:45,18:40,19:44,19:45,20:30,01:40,01:05,ONTIME,ONTIME,DELAY,DELAY,,,,,,,,,HAN,DPS,DAD,Domestic,VJ,,
2026-01-05|VJ931/VJ131|A534|KIX-HAN-SGN|19:55,2026-01-05,VJ931/VJ131,A534,A321,KIX-HAN-SGN,19:25,19:55,19:25,20:30,19:30,20:29,20:30,20:45,01:05,01:00,ONTIME,ONTIME,DELAY,ONTIME,,,,,,,,,HAN,KIX,SGN,Domestic,VJ,,
2026-01-05|VJ432/VJ7712|A672|UIH-HAN-PKX|20:05,2026-01-05,VJ432/VJ7712,A672,A320,UIH-HAN-PKX,19:10,20:05,19:10,20:05,19:35,20:09,20:10,20:35,00:55,00:35,DELAY,ONTIME,DELAY,DELAY,,66,00:05,,,,,CHANGE CREW HN OB 1945,HAN,UIH,PKX,International,VJ,,
2026-01-05|VJ424/VJ517|A546|PXU-HAN-DAD|20:10,2026-01-05,VJ424/VJ517,A546,A321,PXU-HAN-DAD,19:35,20:10,19:35,20:10,19:55,20:24,20:25,20:34,00:35,00:30,DELAY,ONTIME,DELAY,DELAY,,93,00:15,,,,,,HAN,PXU,DAD,Domestic,VJ,,
2026-01-05|VJ152/VJ7342|A673|SGN-HAN-XIY|20:15,2026-01-05,VJ152/VJ7342,A673,A321,SGN-HAN-XIY,19:15,20:15,19:15,20:15,19:25,20:03,20:04,20:45,01:00,00:39,EARLY,ONTIME,DELAY,ONTIME,,,,,,,,,HAN,SGN,XIY,International,VJ,,
2026-01-05|VJ949/VJ155|A656|RMQ-HAN-SGN|20:25,2026-01-05,VJ949/VJ155,A656,A320,RMQ-HAN-SGN,19:50,20:25,19:50,20:25,20:00,20:24,20:25,20:48,00:35,00:25,ONTIME,ONTIME,DELAY,ONTIME,,,,,,,,,HAN,RMQ,SGN,Domestic,VJ,,
2026-01-05|VJ154/VJ165|A655|SGN-HAN-SGN|20:45,2026-01-05,VJ154/VJ165,A655,A320,SGN-HAN-SGN,20:10,20:45,20:10,21:15,21:10,21:44,21:45,21:55,01:05,00:35,DELAY,DELAY,DELAY,DELAY,,93,00:20,66,00:10,,,LATE ARR/CHANGE CREW HN OB 2120,HAN,SGN,SGN,Domestic,VJ,,
2026-01-05|VJ130/VJ169|A815|SGN-HAN-SGN|20:50,2026-01-05,VJ130/VJ169,A815,A330,SGN-HAN-SGN,18:55,20:50,18:55,20:50,19:07,20:45,20:47,20:51,01:55,01:40,EARLY,ONTIME,ONTIME,ONTIME,,,,,,,,,HAN,SGN,SGN,Domestic,VJ,,
2026-01-05|VJ158/VJ501|A630|SGN-HAN-DAD|21:05,2026-01-05,VJ158/VJ501,A630,A321,SGN-HAN-DAD,20:30,21:05,20:30,21:05,20:50,21:24,21:25,21:33,00:35,00:35,DELAY,DELAY,DELAY,DELAY,,93,00:15,66,00:05,,,LATE ARR/CHANGE CREW HN OB 2100,HAN,SGN,DAD,Domestic,VJ,,
2026-01-05|VJ516/VJ7306|A675|DAD-HAN-TFU|21:10,2026-01-05,VJ516/VJ7306,A675,A320,DAD-HAN-TFU,19:35,21:10,19:35,21:40,20:55,21:36,21:38,21:40,02:05,00:43,EARLY,ONTIME,DELAY,DELAY,,,,,,,,,HAN,DAD,TFU,International,VJ,,
2026-01-05|VJ904/VJ7238|A542|BKK-HAN-PVG|21:30,2026-01-05,VJ904/VJ7238,A542,A321,BKK-HAN-PVG,20:25,21:30,20:25,22:30,21:50,22:28,22:30,22:30,02:05,00:40,ONTIME,ONTIME,DELAY,DELAY,,,,,,,,,HAN,BKK,PVG,International,VJ,,
2026-01-05|VJ943/VJ123|A526|TPE-HAN-SGN|22:10,2026-01-05,VJ943/VJ123,A526,A321,TPE-HAN-SGN,20:55,22:10,20:55,22:10,21:15,22:06,22:08,22:14,01:15,00:53,EARLY,ONTIME,ONTIME,DELAY,,,,,,,,,HAN,TPE,SGN,Domestic,VJ,,
2026-01-05|VJ190/VJ523|A643|SGN-HAN-DAD|22:45,2026-01-05,VJ190/VJ523,A643,A321,SGN-HAN-DAD,22:05,22:45,22:05,00:05,23:30,00:04,00:05,00:10,02:00,00:35,ONTIME,ONTIME,DELAY,DELAY,,,,,,,,,HAN,SGN,DAD,Domestic,VJ,,
2026-01-05|VJ914/VJ962|A525|SAI-HAN-ICN|22:50,2026-01-05,VJ914/VJ962,A525,A321,SAI-HAN-ICN,20:50,22:50,20:50,22:50,20:45,22:54,22:55,23:05,02:00,02:10,DELAY,ONTIME,ONTIME,ONTIME,,99,00:05,,,,,LATE ACCEPT PAX WITHT BAG( 03PAX&03PCS),HAN,SAI,ICN,International,VJ,,
2026-01-05|VJ464/VJ171|A641|VCA-HAN-HAN|23:25,2026-01-05,VJ464/VJ171,A641,A321,VCA-HAN-HAN,22:35,23:25,22:35,1904-01-02,23:50,00:29,00:30,"1 day, 0:40:00",01:25,00:40,DELAY,DELAY,DELAY,DELAY,,93,00:20,66,00:10,,,LATE ARR/CHANGE CREW HN OB 2400,HAN,VCA,HAN,Domestic,VJ,,
2026-01-05|VJ1440/VJ7526|A644|PQC-HAN-CAN|23:40,2026-01-05,VJ1440/VJ7526,A644,A321,PQC-HAN-CAN,20:10,23:40,20:10,23:40,21:35,23:39,23:40,23:43,03:30,02:05,ONTIME,ONTIME,ONTIME,DELAY,,,,,,,,,HAN,PQC,CAN,International,VJ,,
2026-01-06|VJ932|A820|HAN-NRT|00:55,2026-01-06,VJ932,A820,A321,HAN-NRT,,00:55,,00:55,,00:50,00:52,00:55,,,EARLY,ONTIME,ONTIME,,,,,,,,,,HAN,,NRT,International,VJ,,
2026-01-06|VJ982|A634|HAN-PUS|01:00,2026-01-06,VJ982,A634,A321,HAN-PUS,,01:00,,01:00,,00:54,00:55,00:57,,,EARLY,ONTIME,ONTIME,,,,,,,,,,HAN,,PUS,International,VJ,,
2026-01-06|VJ920|A549|HAN-NGO|01:35,2026-01-06,VJ920,A549,A321,HAN-NGO,,01:35,,01:35,,01:24,01:25,01:30,,,EARLY,ONTIME,ONTIME,,,,,,,,,,HAN,,NGO,International,VJ,,
2026-01-06|VJ938|A500|HAN-KIX|01:40,2026-01-06,VJ938,A500,A321,HAN-KIX,,01:40,,01:40,,01:39,01:40,01:45,,,ONTIME,ONTIME,ONTIME,,,,,,,,,,HAN,,KIX,International,VJ,,
2026-01-06|VJ960|A552|HAN-ICN|01:45,2026-01-06,VJ960,A552,A321,HAN-ICN,,01:45,,01:45,,01:39,01:40,01:43,,,EARLY,ONTIME,ONTIME,,,,,,,,,,HAN,,ICN,International,VJ,,
2026-01-06|VJ958|A648|HAN-FUK|02:05,2026-01-06,VJ958,A648,A321,HAN-FUK,,02:05,,02:05,,01:54,01:55,01:56,,,EARLY,ONTIME,ONTIME,,,,,,,,,,HAN,,FUK,International,VJ,,
2026-01-06|VJ7343/VJ185|A673|XIY-HAN-SGN|05:10,2026-01-06,VJ7343/VJ185,A673,A321,XIY-HAN-SGN,03:10,05:10,03:10,05:10,03:45,05:04,05:05,05:12,02:00,01:20,EARLY,ONTIME,ONTIME,DELAY,,,,,,,,,HAN,XIY,SGN,Domestic,VJ,,
2026-01-06|VJ461|A668|HAN-VCA|05:30,2026-01-06,VJ461,A668,A320,HAN-VCA,,05:30,,05:30,,05:22,05:23,05:26,,,EARLY,ONTIME,ONTIME,,,,,,,,,,HAN,,VCA,Domestic,VJ,,
2026-01-06|VJ773|A815|HAN-CXR|05:45,2026-01-06,VJ773,A815,A330,HAN-CXR,,05:45,,05:45,,05:39,05:40,05:50,,,EARLY,ONTIME,ONTIME,,,,,,,,,,HAN,,CXR,Domestic,VJ,,
2026-01-06|VJ443|A546|HAN-PQC|06:00,2026-01-06,VJ443,A546,A321,HAN-PQC,,06:00,,06:00,,05:54,05:55,06:04,,,EARLY,ONTIME,ONTIME,,,,,,,,,,HAN,,PQC,Domestic,VJ,,
2026-01-06|VJ491|A575|HAN-BMV|06:00,2026-01-06,VJ491,A575,A321,HAN-BMV,,06:00,,06:00,,05:54,05:55,06:00,,,EARLY,ONTIME,ONTIME,,,,,,,,,,HAN,,BMV,Domestic,VJ,,
2026-01-06|VJ7307/VJ503|A675|TFU-HAN-DAD|06:00,2026-01-06,VJ7307/VJ503,A675,A320,TFU-HAN-DAD,02:55,06:00,02:55,06:00,03:15,05:54,05:55,06:00,03:05,02:40,EARLY,ONTIME,ONTIME,DELAY,,,,,,,,,HAN,TFU,DAD,Domestic,VJ,,
2026-01-06|VJ421|A635|HAN-PXU|06:05,2026-01-06,VJ421,A635,A321,HAN-PXU,,06:05,,06:05,,06:04,06:05,06:17,,,ONTIME,ONTIME,ONTIME,,,,,,,,,,HAN,,PXU,Domestic,VJ,,
2026-01-06|VJ952|A656|HAN-HIJ|06:35,2026-01-06,VJ952,A656,A320,HAN-HIJ,,06:35,,06:35,,06:29,06:30,06:38,,,EARLY,ONTIME,ONTIME,,,,,,,,,,HAN,,HIJ,International,VJ,,
2026-01-06|VJ7527/VJ181|A644|CAN-HAN-SGN|06:40,2026-01-06,VJ7527/VJ181,A644,A321,CAN-HAN-SGN,04:35,06:40,04:35,06:40,04:20,06:34,06:35,06:45,02:05,02:15,EARLY,ONTIME,ONTIME,ONTIME,,,,,,,,,HAN,CAN,SGN,Domestic,VJ,,
2026-01-06|VJ105|656E|HAN-VCS|06:45,2026-01-06,VJ105,656E,C909,HAN-VCS,,06:45,,06:45,,06:39,06:40,06:47,,,EARLY,ONTIME,ONTIME,,,,,,,,,,HAN,,VCS,Domestic,VJ,,
2026-01-06|VJ7239/VJ905|A542|PVG-HAN-KUL|07:10,2026-01-06,VJ7239/VJ905,A542,A321,PVG-HAN-KUL,05:55,07:10,05:55,07:10,05:55,07:14,07:15,07:23,01:15,01:20,DELAY,ONTIME,ONTIME,ONTIME,,99,00:05,,,,,OFFLOAD PAX&BAG,HAN,PVG,KUL,International,VJ,,
2026-01-06|VJ7713/VJ956|A672|PKX-HAN-PUS|07:30,2026-01-06,VJ7713/VJ956,A672,A320,PKX-HAN-PUS,04:10,07:30,04:10,07:30,04:25,07:24,07:25,07:38,03:20,03:00,EARLY,ONTIME,ONTIME,ONTIME,,,,,,,,,HAN,PKX,PUS,International,VJ,,
2026-01-06|VJ940|A697|HAN-TPE|07:35,2026-01-06,VJ940,A697,A321,HAN-TPE,,07:35,,07:35,,07:44,07:45,07:50,,,DELAY,ONTIME,ONTIME,,,87,00:10,,,,,CONVEYOR BELT NOT WORKING,HAN,,TPE,International,VJ,,
2026-01-06|VJ502/VJ771|A677|DAD-HAN-CXR|07:35,2026-01-06,VJ502/VJ771,A677,A321,DAD-HAN-CXR,07:05,07:35,07:05,07:35,07:00,07:29,07:30,07:38,00:30,00:30,EARLY,ONTIME,ONTIME,ONTIME,,,,,,,,,HAN,DAD,CXR,Domestic,VJ,,
2026-01-06|VJ107|652G|HAN-VCS|08:15,2026-01-06,VJ107,652G,C909,HAN-VCS,,08:15,,08:15,,08:09,08:10,08:19,,,EARLY,ONTIME,ONTIME,,,,,,,,,,HAN,,VCS,Domestic,VJ,,
2026-01-06|VJ122/VJ934|A548|SGN-HAN-NRT|08:20,2026-01-06,VJ122/VJ934,A548,A321,SGN-HAN-NRT,07:30,08:20,07:30,08:20,07:20,08:24,08:25,08:35,00:50,01:05,DELAY,ONTIME,ONTIME,ONTIME,,99,00:05,,,,,LATE ACCEPT 12PAX 13BAG,HAN,SGN,NRT,International,VJ,,
2026-01-06|VJ929|A689|HAN-CGK|08:40,2026-01-06,VJ929,A689,A320,HAN-CGK,,08:40,,08:40,,08:39,08:40,08:45,,,ONTIME,ONTIME,ONTIME,,,,,,,,,,HAN,,CGK,International,VJ,,
2026-01-06|VJ1926/VJ930|A578|AMD-HAN-KIX|08:40,2026-01-06,VJ1926/VJ930,A578,A321,AMD-HAN-KIX,06:40,08:40,06:40,08:40,06:32,08:34,08:35,08:43,02:00,02:03,EARLY,ONTIME,ONTIME,ONTIME,,,,,,,,,HAN,AMD,KIX,International,VJ,,
2026-01-06|VJ126/VJ127|A523|SGN-HAN-SGN|08:55,2026-01-06,VJ126/VJ127,A523,A321,SGN-HAN-SGN,08:25,08:55,08:25,08:55,08:45,09:14,09:15,09:19,00:30,00:30,DELAY,DELAY,DELAY,DELAY,,93,00:20,,,,,,HAN,SGN,SGN,Domestic,VJ,,
2026-01-06|VJ524/VJ915|A667|DAD-HAN-SIN|09:35,2026-01-06,VJ524/VJ915,A667,A321,DAD-HAN-SIN,07:40,09:35,07:40,09:35,07:38,09:29,09:30,09:34,01:55,01:52,EARLY,ONTIME,ONTIME,ONTIME,,,,,,,,,HAN,DAD,SIN,International,VJ,,
2026-01-06|VJ148/VJ149|-NVG|SGN-HAN-SGN|10:05,2026-01-06,VJ148/VJ149,-NVG,A320,SGN-HAN-SGN,09:30,10:05,09:30,10:05,09:50,10:14,10:15,10:35,00:35,00:25,DELAY,ONTIME,DELAY,DELAY,,93,00:10,,,,,,HAN,SGN,SGN,Domestic,VJ,,
2026-01-06|VJ422/VJ567|A635|PXU-HAN-HUI|10:10,2026-01-06,VJ422/VJ567,A635,A321,PXU-HAN-HUI,09:40,10:10,09:40,10:30,10:05,10:44,10:45,10:55,00:50,00:40,DELAY,ONTIME,DELAY,DELAY,,93,00:05,66,00:10,,,CREW OB 1015,HAN,PXU,HUI,Domestic,VJ,,
2026-01-06|VJ492/VJ507|A575|BMV-HAN-DAD|10:30,2026-01-06,VJ492/VJ507,A575,A321,BMV-HAN-DAD,10:00,10:30,10:00,10:30,09:55,10:39,10:40,10:42,00:30,00:45,DELAY,ONTIME,ONTIME,ONTIME,,66,00:10,,,,,CREW OB 1010,HAN,BMV,DAD,Domestic,VJ,,
2026-01-06|VJ963/VJ997|A525|ICN-HAN-DPS|10:30,2026-01-06,VJ963/VJ997,A525,A321,ICN-HAN-DPS,09:30,10:30,09:30,10:30,09:09,10:25,10:27,10:28,01:00,01:18,EARLY,ONTIME,ONTIME,ONTIME,,,,,,,,,HAN,ICN,DPS,International,VJ,,
2026-01-06|VJ504/VJ403|A675|DAD-HAN-DLI|10:45,2026-01-06,VJ504/VJ403,A675,A320,DAD-HAN-DLI,09:00,10:45,09:00,10:45,09:15,10:42,10:43,10:45,01:45,01:28,EARLY,ONTIME,ONTIME,ONTIME,,,,,,,,,HAN,DAD,DLI,Domestic,VJ,,
2026-01-06|VJ910/VJ463|A522|BOM-HAN-VCA|10:50,2026-01-06,VJ910/VJ463,A522,A321,BOM-HAN-VCA,07:00,10:50,07:00,10:50,07:55,10:49,10:50,10:54,03:50,02:55,ONTIME,ONTIME,ONTIME,DELAY,,,,,,,,,HAN,BOM,VCA,Domestic,VJ,,
2026-01-06|VJ184/VJ129|A812|SGN-HAN-SGN|11:25,2026-01-06,VJ184/VJ129,A812,A330,SGN-HAN-SGN,10:25,11:25,10:25,11:25,10:50,11:29,11:30,11:32,01:00,00:40,DELAY,ONTIME,ONTIME,DELAY,,93,00:05,,,,,,HAN,SGN,SGN,Domestic,VJ,,
2026-01-06|VJ460/VJ407|A668|VCA-HAN-DLI|11:25,2026-01-06,VJ460/VJ407,A668,A320,VCA-HAN-DLI,10:20,11:25,10:20,11:25,10:15,11:21,11:22,11:25,01:05,01:07,EARLY,ONTIME,ONTIME,ONTIME,,,,,,,,,HAN,VCA,DLI,Domestic,VJ,,
2026-01-06|VJ442/VJ946|A546|PQC-HAN-KHH|11:45,2026-01-06,VJ442/VJ946,A546,A321,PQC-HAN-KHH,10:45,11:45,10:45,11:45,10:55,11:44,11:45,11:49,01:00,00:50,ONTIME,ONTIME,ONTIME,ONTIME,,,,,,,,,HAN,PQC,KHH,International,VJ,,
2026-01-06|VJ981/VJ901|A634|PUS-HAN-BKK|12:15,2026-01-06,VJ981/VJ901,A634,A321,PUS-HAN-BKK,11:00,12:15,11:00,12:15,11:10,12:04,12:05,12:07,01:15,00:55,EARLY,ONTIME,ONTIME,ONTIME,,,,,,,,,HAN,PUS,BKK,International,VJ,,
2026-01-06|VJ770/VJ441|A677|CXR-HAN-PQC|12:25,2026-01-06,VJ770/VJ441,A677,A321,CXR-HAN-PQC,11:45,12:25,11:45,12:25,12:00,12:29,12:30,12:37,00:40,00:30,DELAY,ONTIME,ONTIME,ONTIME,,93,00:05,,,,,,HAN,CXR,PQC,Domestic,VJ,,
2026-01-06|VJ186/VJ183|A553|SGN-HAN-SGN|12:40,2026-01-06,VJ186/VJ183,A553,A321,SGN-HAN-SGN,11:40,12:40,11:40,12:40,11:45,12:38,12:40,12:50,01:00,00:55,ONTIME,ONTIME,ONTIME,ONTIME,,,,,,,,,HAN,SGN,SGN,Domestic,VJ,,
2026-01-06|VJ780/VJ781|A538|CXR-HAN-CXR|13:00,2026-01-06,VJ780/VJ781,A538,A321,CXR-HAN-CXR,12:30,13:00,12:30,13:00,12:55,13:24,13:25,13:30,00:30,00:30,DELAY,DELAY,DELAY,DELAY,,93,00:25,,,,,,HAN,CXR,CXR,Domestic,VJ,,
2026-01-06|VJ959/VJ513|A648|FUK-HAN-DAD|13:35,2026-01-06,VJ959/VJ513,A648,A321,FUK-HAN-DAD,12:25,13:35,12:25,13:35,12:03,13:28,13:30,13:35,01:10,01:27,EARLY,ONTIME,ONTIME,ONTIME,,,,,,,,,HAN,FUK,DAD,Domestic,VJ,,
2026-01-06|VJ128/VJ143|A814|SGN-HAN-SGN|13:40,2026-01-06,VJ128/VJ143,A814,A330,SGN-HAN-SGN,12:10,13:40,12:10,13:40,12:50,13:38,13:40,13:50,01:30,00:50,ONTIME,ONTIME,ONTIME,DELAY,,,,,,,,,HAN,SGN,SGN,Domestic,VJ,,
2026-01-06|VJ440/VJ948|A676|PQC-HAN-RMQ|14:10,2026-01-06,VJ440/VJ948,A676,A320,PQC-HAN-RMQ,13:10,14:10,13:10,14:10,13:50,14:19,14:20,14:28,01:00,00:30,DELAY,ONTIME,DELAY,DELAY,,93,00:05,66,00:05,,,CREW OB 1350,HAN,PQC,RMQ,International,VJ,,
2026-01-06|VJ566/VJ511|A635|HUI-HAN-DAD|14:20,2026-01-06,VJ566/VJ511,A635,A321,HUI-HAN-DAD,13:05,14:20,13:30,14:35,14:10,14:39,14:40,14:45,01:05,00:30,DELAY,ONTIME,DELAY,DELAY,,93,00:05,,,,,,HAN,HUI,DAD,Domestic,VJ,,
2026-01-06|VJ939/VJ942|A500|KIX-HAN-TPE|14:25,2026-01-06,VJ939/VJ942,A500,A321,KIX-HAN-TPE,13:05,14:25,13:05,14:25,13:05,14:14,14:15,14:20,01:20,01:10,EARLY,ONTIME,ONTIME,ONTIME,,,,,,,,,HAN,KIX,TPE,International,VJ,,
2026-01-06|VJ508/VJ1491|A575|DAD-HAN-BMV|14:35,2026-01-06,VJ508/VJ1491,A575,A321,DAD-HAN-BMV,13:40,14:35,13:40,14:45,14:15,14:49,14:50,14:55,01:05,00:35,DELAY,ONTIME,DELAY,DELAY,,93,00:05,,,,,,HAN,DAD,BMV,Domestic,VJ,,
2026-01-06|VJ941/VJ433|A697|TPE-HAN-UIH|15:25,2026-01-06,VJ941/VJ433,A697,A321,TPE-HAN-UIH,14:10,15:25,14:10,15:25,14:25,15:24,15:25,15:29,01:15,01:00,ONTIME,ONTIME,ONTIME,ONTIME,,,,,,,,,HAN,TPE,UIH,Domestic,VJ,,
2026-01-06|VJ404/VJ1441|A675|DLI-HAN-PQC|15:30,2026-01-06,VJ404/VJ1441,A675,A320,DLI-HAN-PQC,14:55,15:30,14:55,15:30,14:55,15:29,15:30,15:35,00:35,00:35,ONTIME,ONTIME,ONTIME,ONTIME,,,,,,,,,HAN,DLI,PQC,Domestic,VJ,,
2026-01-06|VJ198/VJ199|A655|SGN-HAN-SGN|15:40,2026-01-06,VJ198/VJ199,A655,A320,SGN-HAN-SGN,15:10,15:40,15:10,15:40,15:15,15:39,15:40,15:45,00:30,00:25,ONTIME,ONTIME,ONTIME,ONTIME,,,,,,,,,HAN,SGN,SGN,Domestic,VJ,,
2026-01-06|VJ144/VJ903|A632|SGN-HAN-BKK|15:50,2026-01-06,VJ144/VJ903,A632,A321,SGN-HAN-BKK,14:10,15:50,14:10,15:50,14:05,15:43,15:45,15:45,01:40,01:40,EARLY,ONTIME,ONTIME,ONTIME,,,,,,,,,HAN,SGN,BKK,International,VJ,,
2026-01-06|VJ906/VJ191|A542|KUL-HAN-SGN|15:55,2026-01-06,VJ906/VJ191,A542,A321,KUL-HAN-SGN,14:55,15:55,14:55,15:55,14:40,15:53,15:55,15:55,01:00,01:15,ONTIME,ONTIME,ONTIME,ONTIME,,,,,,,,,HAN,KUL,SGN,Domestic,VJ,,
2026-01-06|VJ933/VJ195|A820|NRT-HAN-SGN|16:00,2026-01-06,VJ933/VJ195,A820,A321,NRT-HAN-SGN,14:00,16:00,14:00,16:00,13:55,15:59,16:00,16:08,02:00,02:05,ONTIME,ONTIME,ONTIME,ONTIME,,,,,,,,,HAN,NRT,SGN,Domestic,VJ,,
2026-01-06|VJ408/VJ409|A668|DLI-HAN-DLI|16:05,2026-01-06,VJ408/VJ409,A668,A320,DLI-HAN-DLI,15:35,16:05,15:35,16:05,15:30,16:02,16:03,16:19,00:30,00:33,EARLY,ONTIME,ONTIME,ONTIME,,,,,,,,,HAN,DLI,DLI,Domestic,VJ,,
2026-01-06|VJ462/VJ423|A667|VCA-HAN-PXU|16:15,2026-01-06,VJ462/VJ423,A667,A321,VCA-HAN-PXU,15:40,16:15,15:40,16:15,15:55,16:14,16:15,16:25,00:35,00:20,ONTIME,ONTIME,ONTIME,ONTIME,,,,,,,,,HAN,VCA,PXU,Domestic,VJ,,
2026-01-06|VJ961/VJ913|A552|ICN-HAN-SAI|16:20,2026-01-06,VJ961/VJ913,A552,A321,ICN-HAN-SAI,14:10,16:20,14:10,16:20,14:10,16:12,16:14,16:25,02:10,02:04,EARLY,ONTIME,ONTIME,ONTIME,,,,,,,,,HAN,ICN,SAI,International,VJ,,
2026-01-06|VJ134/VJ163|-MLI|SGN-HAN-SGN|17:20,2026-01-06,VJ134/VJ163,-MLI,A320,SGN-HAN-SGN,16:50,17:20,16:50,17:20,19:05,19:29,19:30,19:40,00:30,00:25,DELAY,DELAY,DELAY,DELAY,,93,02:10,,,,,,HAN,SGN,SGN,Domestic,VJ,,
2026-01-06|VJ953/VJ445|A656|HIJ-HAN-PQC|17:40,2026-01-06,VJ953/VJ445,A656,A320,HIJ-HAN-PQC,16:20,17:40,16:20,17:40,16:32,17:35,17:36,17:43,01:20,01:04,EARLY,ONTIME,ONTIME,ONTIME,,,,,,,,,HAN,HIJ,PQC,Domestic,VJ,,
2026-01-06|VJ902/VJ465|A634|BKK-HAN-VCA|17:45,2026-01-06,VJ902/VJ465,A634,A321,BKK-HAN-VCA,17:00,17:45,17:00,17:45,17:30,17:59,18:00,18:00,00:45,00:30,DELAY,ONTIME,ONTIME,DELAY,,,,,,,,,HAN,BKK,VCA,Domestic,VJ,,
2026-01-06|VJ512/VJ779|A635|DAD-HAN-CXR|18:00,2026-01-06,VJ512/VJ779,A635,A321,DAD-HAN-CXR,17:30,18:00,17:30,18:50,18:25,18:49,18:50,19:00,01:20,00:25,ONTIME,ONTIME,DELAY,DELAY,,,,,,,,,HAN,DAD,CXR,Domestic,VJ,,
2026-01-06|VJ194/VJ515|A637|SGN-HAN-DAD|18:05,2026-01-06,VJ194/VJ515,A637,A321,SGN-HAN-DAD,17:30,18:05,17:30,18:05,17:50,18:44,18:45,18:52,00:35,00:55,DELAY,DELAY,DELAY,DELAY,,93,00:15,95,00:25,,,CHANGE CREW FROM VJ902,HAN,SGN,DAD,Domestic,VJ,,
2026-01-06|VJ784/VJ193|A538|CXR-HAN-SGN|18:10,2026-01-06,VJ784/VJ193,A538,A321,CXR-HAN-SGN,17:10,18:10,17:10,18:10,18:00,18:39,18:40,19:08,01:00,00:40,DELAY,DELAY,DELAY,DELAY,,93,00:20,95,00:10,,,CHANGE CREW FROM VJ446,HAN,CXR,SGN,Domestic,VJ,,
2026-01-06|VJ446/VJ783|A677|PQC-HAN-CXR|18:10,2026-01-06,VJ446/VJ783,A677,A321,PQC-HAN-CXR,17:10,18:10,17:10,18:10,17:55,18:30,18:31,18:40,01:00,00:36,DELAY,DELAY,DELAY,DELAY,,93,00:15,95,00:06,,,CHANGE CREW FROM VJ784,HAN,PQC,CXR,Domestic,VJ,,
2026-01-06|VJ900/VJ493|A544|DPS-HAN-BMV|18:25,2026-01-06,VJ900/VJ493,A544,A321,DPS-HAN-BMV,17:20,18:25,17:20,18:25,17:15,18:24,18:25,18:29,01:05,01:10,ONTIME,ONTIME,ONTIME,ONTIME,,,,,,,,,HAN,DPS,BMV,Domestic,VJ,,
2026-01-06|VJ916/VJ165|A522|SIN-HAN-SGN|18:30,2026-01-06,VJ916/VJ165,A522,A321,SIN-HAN-SGN,17:25,18:30,17:25,18:30,17:07,18:29,18:30,18:35,01:05,01:23,ONTIME,ONTIME,ONTIME,ONTIME,,,,,,,,,HAN,SIN,SGN,Domestic,VJ,,
2026-01-06|VJ957/VJ1925|A672|PUS-HAN-AMD|19:00,2026-01-06,VJ957/VJ1925,A672,A320,PUS-HAN-AMD,17:20,19:00,17:20,19:00,17:05,18:59,19:00,19:05,01:40,01:55,ONTIME,ONTIME,ONTIME,ONTIME,,,,,,,,,HAN,PUS,AMD,International,VJ,,
2026-01-06|VJ1492/VJ517|A575|BMV-HAN-DAD|19:05,2026-01-06,VJ1492/VJ517,A575,A321,BMV-HAN-DAD,18:35,19:05,18:35,19:20,18:45,19:19,19:20,19:28,00:45,00:35,ONTIME,ONTIME,DELAY,ONTIME,,,,,,,,,HAN,BMV,DAD,Domestic,VJ,,
2026-01-06|VJ947/VJ173|A546|KHH-HAN-SGN|19:05,2026-01-06,VJ947/VJ173,A546,A321,KHH-HAN-SGN,18:05,19:05,18:05,19:05,18:05,18:59,19:00,19:09,01:00,00:55,EARLY,ONTIME,ONTIME,ONTIME,,,,,,,,,HAN,KHH,SGN,Domestic,VJ,,
2026-01-06|VJ130/VJ971|A812|SGN-HAN-DEL|19:10,2026-01-06,VJ130/VJ971,A812,A330,SGN-HAN-DEL,16:45,19:10,16:45,19:10,17:05,19:09,19:10,19:25,02:25,02:05,ONTIME,ONTIME,ONTIME,DELAY,,,,,,,,,HAN,SGN,DEL,International,VJ,,
2026-01-06|VJ514/VJ569|A643|DAD-HAN-HUI|19:15,2026-01-06,VJ514/VJ569,A643,A321,DAD-HAN-HUI,18:40,19:15,18:40,19:25,18:55,19:24,19:25,19:30,00:45,00:30,ONTIME,ONTIME,ONTIME,ONTIME,,,,,,,,,HAN,DAD,HUI,Domestic,VJ,,
2026-01-06|VJ172/VJ177|A814|SGN-HAN-SGN|19:55,2026-01-06,VJ172/VJ177,A814,A330,SGN-HAN-SGN,18:55,19:55,18:55,19:55,19:45,20:23,20:25,20:29,01:00,00:40,DELAY,DELAY,DELAY,DELAY,,93,00:30,,,,,,HAN,SGN,SGN,Domestic,VJ,,
2026-01-06|VJ928/VJ7712|A689|CGK-HAN-PKX|20:05,2026-01-06,VJ928/VJ7712,A689,A320,CGK-HAN-PKX,18:15,20:05,18:15,20:05,17:25,19:59,20:00,20:06,01:50,02:35,EARLY,ONTIME,ONTIME,ONTIME,,,,,,,,,HAN,CGK,PKX,International,VJ,,
2026-01-06|VJ432/VJ501|A697|UIH-HAN-DAD|20:15,2026-01-06,VJ432/VJ501,A697,A321,UIH-HAN-DAD,19:10,20:15,19:10,20:15,19:20,20:14,20:15,20:25,01:05,00:55,ONTIME,ONTIME,ONTIME,ONTIME,,,,,,,,,HAN,UIH,DAD,Domestic,VJ,,
2026-01-06|VJ424/VJ155|A667|PXU-HAN-SGN|20:30,2026-01-06,VJ424/VJ155,A667,A321,PXU-HAN-SGN,19:55,20:30,19:55,20:30,20:05,20:42,20:43,20:45,00:35,00:38,DELAY,ONTIME,ONTIME,ONTIME,,93,00:05,66,00:08,,,CREW HN OB 2015,HAN,PXU,SGN,Domestic,VJ,,
2026-01-06|VJ410/VJ7306|A668|DLI-HAN-TFU|21:10,2026-01-06,VJ410/VJ7306,A668,A320,DLI-HAN-TFU,20:15,21:10,20:15,21:25,20:35,21:14,21:15,21:17,01:10,00:40,EARLY,ONTIME,ONTIME,DELAY,,,,,,,,,HAN,DLI,TFU,International,VJ,,
2026-01-06|VJ1440/VJ7238|A675|PQC-HAN-PVG|21:30,2026-01-06,VJ1440/VJ7238,A675,A320,PQC-HAN-PVG,20:10,21:30,20:10,21:30,20:40,21:25,21:27,21:27,01:20,00:47,EARLY,ONTIME,ONTIME,DELAY,,,,,,,,,HAN,PQC,PVG,International,VJ,,
2026-01-06|VJ935/VJ123|A548|NRT-HAN-SGN|22:10,2026-01-06,VJ935/VJ123,A548,A321,NRT-HAN-SGN,20:55,22:10,20:55,22:10,20:48,22:05,22:06,22:13,01:15,01:18,EARLY,ONTIME,ONTIME,ONTIME,,,,,,,,,HAN,NRT,SGN,Domestic,VJ,,
2026-01-06|VJ568/VJ523|A643|HUI-HAN-DAD|22:45,2026-01-06,VJ568/VJ523,A643,A321,HUI-HAN-DAD,22:15,22:45,22:15,23:35,22:40,23:22,23:23,23:30,01:20,00:43,EARLY,ONTIME,DELAY,DELAY,,,,,,,,,HAN,HUI,DAD,Domestic,VJ,,
2026-01-06|VJ914/VJ962|A552|SAI-HAN-ICN|22:50,2026-01-06,VJ914/VJ962,A552,A321,SAI-HAN-ICN,20:50,22:50,20:50,22:50,20:40,22:49,22:50,22:53,02:00,02:10,ONTIME,ONTIME,ONTIME,ONTIME,,,,,,,,,HAN,SAI,ICN,International,VJ,,
2026-01-06|VJ180/VJ171|A644|SGN-HAN-SGN|23:25,2026-01-06,VJ180/VJ171,A644,A321,SGN-HAN-SGN,22:40,23:25,23:05,23:40,23:30,23:59,1904-01-02,"1 day, 0:08:00",00:35,00:30,DELAY,DELAY,DELAY,DELAY,,93,00:20,,,,,,HAN,SGN,SGN,Domestic,VJ,,
2026-01-06|VJ152/VJ7526|A644|SGN-HAN-CAN|23:40,2026-01-06,VJ152/VJ7526,A644,A321,SGN-HAN-CAN,19:15,23:40,19:15,23:40,20:23,23:39,23:40,23:45,04:25,03:17,ONTIME,ONTIME,ONTIME,DELAY,,,,,,,,,HAN,SGN,CAN,International,VJ,,
2026-01-07|VJ3523|A550|HAN-KHV|00:25,2026-01-07,VJ3523,A550,A321,HAN-KHV,,00:25,,00:25,,00:19,00:20,00:27,,,EARLY,ONTIME,ONTIME,,,,,,,,,,HAN,,KHV,International,VJ,,
2026-01-07|VJ932|A820|HAN-NRT|00:55,2026-01-07,VJ932,A820,A321,HAN-NRT,,00:55,,00:55,,00:54,00:55,01:03,,,ONTIME,ONTIME,ONTIME,,,,,,,,,,HAN,,NRT,International,VJ,,
2026-01-07|VJ982|A630|HAN-PUS|01:00,2026-01-07,VJ982,A630,A321,HAN-PUS,,01:00,,01:00,,00:46,00:47,00:48,,,EARLY,ONTIME,ONTIME,,,,,,,,,,HAN,,PUS,International,VJ,,
2026-01-07|VJ920|A525|HAN-NGO|01:35,2026-01-07,VJ920,A525,A321,HAN-NGO,,01:35,,01:35,,01:25,01:26,01:28,,,EARLY,ONTIME,ONTIME,,,,,,,,,,HAN,,NGO,International,VJ,,
2026-01-07|VJ938|A578|HAN-KIX|01:40,2026-01-07,VJ938,A578,A321,HAN-KIX,,01:40,,01:40,,01:28,01:29,01:30,,,EARLY,ONTIME,ONTIME,,,,,,,,,,HAN,,KIX,International,VJ,,
2026-01-07|VJ960|A500|HAN-ICN|01:45,2026-01-07,VJ960,A500,A321,HAN-ICN,,01:45,,01:45,,01:39,01:40,01:45,,,EARLY,ONTIME,ONTIME,,,,,,,,,,HAN,,ICN,International,VJ,,
2026-01-07|VJ179|A639|HAN-SGN|05:00,2026-01-07,VJ179,A639,A321,HAN-SGN,,05:00,,05:00,,04:54,04:55,05:07,,,EARLY,ONTIME,ONTIME,,,,,,,,,,HAN,,SGN,Domestic,VJ,,
2026-01-07|VJ185|A635|HAN-SGN|05:10,2026-01-07,VJ185,A635,A321,HAN-SGN,,05:10,,05:10,,05:04,05:05,05:08,,,EARLY,ONTIME,ONTIME,,,,,,,,,,HAN,,SGN,Domestic,VJ,,
2026-01-07|VJ461|A676|HAN-VCA|05:30,2026-01-07,VJ461,A676,A320,HAN-VCA,,05:30,,05:30,,05:24,05:25,05:36,,,EARLY,ONTIME,ONTIME,,,,,,,,,,HAN,,VCA,Domestic,VJ,,
2026-01-07|VJ7307/VJ401|A668|TFU-HAN-DLI|05:50,2026-01-07,VJ7307/VJ401,A668,A320,TFU-HAN-DLI,02:15,05:50,02:15,05:50,02:15,05:39,05:40,05:44,03:35,03:25,EARLY,ONTIME,ONTIME,ONTIME,,,,,,,,,HAN,TFU,DLI,Domestic,VJ,,
2026-01-07|VJ491|A637|HAN-BMV|06:00,2026-01-07,VJ491,A637,A321,HAN-BMV,,06:00,,09:30,,09:24,09:25,09:29,,,EARLY,ONTIME,DELAY,,,,,,,,,,HAN,,BMV,Domestic,VJ,,
2026-01-07|VJ7713/VJ443|A546|PKX-HAN-PQC|06:00,2026-01-07,VJ7713/VJ443,A546,A321,PKX-HAN-PQC,04:10,06:00,04:10,06:00,04:05,05:53,05:54,05:58,01:50,01:49,EARLY,ONTIME,ONTIME,ONTIME,,,,,,,,,HAN,PKX,PQC,Domestic,VJ,,
2026-01-07|VJ503|A544|HAN-DAD|06:25,2026-01-07,VJ503,A544,A321,HAN-DAD,,06:25,,06:25,,06:19,06:20,06:24,,,EARLY,ONTIME,ONTIME,,,,,,,,,,HAN,,DAD,Domestic,VJ,,
2026-01-07|VJ7527/VJ181|A632|CAN-HAN-SGN|06:40,2026-01-07,VJ7527/VJ181,A632,A321,CAN-HAN-SGN,04:35,06:40,04:35,06:40,04:28,06:34,06:35,06:42,02:05,02:07,EARLY,ONTIME,ONTIME,ONTIME,,,,,,,,,HAN,CAN,SGN,Domestic,VJ,,
2026-01-07|VJ105|652G|HAN-VCS|06:45,2026-01-07,VJ105,652G,C909,HAN-VCS,,06:45,,06:45,,06:39,06:40,06:50,,,EARLY,ONTIME,ONTIME,,,,,,,,,,HAN,,VCS,Domestic,VJ,,
2026-01-07|VJ972/VJ167|A812|DEL-HAN-SGN|06:50,2026-01-07,VJ972/VJ167,A812,A330,DEL-HAN-SGN,05:35,06:50,05:35,06:50,05:30,06:44,06:45,06:52,01:15,01:15,EARLY,ONTIME,ONTIME,ONTIME,,,,,,,,,HAN,DEL,SGN,Domestic,VJ,,
2026-01-07|VJ905|A522|HAN-KUL|07:10,2026-01-07,VJ905,A522,A321,HAN-KUL,,07:10,,07:10,,07:14,07:15,07:25,,,DELAY,ONTIME,ONTIME,,,99,00:05,,,,,LATE ACCPET 1 PAX AND 1 PCS BAG,HAN,,KUL,International,VJ,,
2026-01-07|VJ7239/VJ431|A675|PVG-HAN-UIH|07:10,2026-01-07,VJ7239/VJ431,A675,A320,PVG-HAN-UIH,05:15,07:10,05:15,07:10,05:10,07:04,07:05,07:14,01:55,01:55,EARLY,ONTIME,ONTIME,ONTIME,,,,,,,,,HAN,PVG,UIH,Domestic,VJ,,
2026-01-07|VJ1926/VJ956|A672|AMD-HAN-PUS|07:30,2026-01-07,VJ1926/VJ956,A672,A320,AMD-HAN-PUS,06:20,07:30,06:20,07:30,05:25,07:24,07:25,07:34,01:10,02:00,EARLY,ONTIME,ONTIME,ONTIME,,,,,,,,,HAN,AMD,PUS,International,VJ,,
2026-01-07|VJ940|A634|HAN-TPE|07:35,2026-01-07,VJ940,A634,A321,HAN-TPE,,07:35,,07:35,,07:29,07:30,07:40,,,EARLY,ONTIME,ONTIME,,,,,,,,,,HAN,,TPE,International,VJ,,
2026-01-07|VJ771|A641|HAN-CXR|07:50,2026-01-07,VJ771,A641,A321,HAN-CXR,,07:50,,07:50,,07:44,07:45,07:51,,,EARLY,ONTIME,ONTIME,,,,,,,,,,HAN,,CXR,Domestic,VJ,,
2026-01-07|VJ107|656E|HAN-VCS|08:15,2026-01-07,VJ107,656E,C909,HAN-VCS,,08:15,,08:15,,08:06,08:08,08:11,,,EARLY,ONTIME,ONTIME,,,,,,,,,,HAN,,VCS,Domestic,VJ,,
2026-01-07|VJ122/VJ934|A538|SGN-HAN-NRT|08:20,2026-01-07,VJ122/VJ934,A538,A321,SGN-HAN-NRT,07:30,08:20,07:30,08:20,07:30,08:19,08:20,08:30,00:50,00:50,ONTIME,ONTIME,ONTIME,ONTIME,,,,,,,,,HAN,SGN,NRT,International,VJ,,
2026-01-07|VJ502/VJ930|A674|DAD-HAN-KIX|08:20,2026-01-07,VJ502/VJ930,A674,A321,DAD-HAN-KIX,07:05,08:20,07:05,08:20,07:00,08:13,08:15,08:17,01:15,01:15,EARLY,ONTIME,ONTIME,ONTIME,,,,,,,,,HAN,DAD,KIX,International,VJ,,
2026-01-07|VJ524/VJ929|A663|DAD-HAN-CGK|08:40,2026-01-07,VJ524/VJ929,A663,A320,DAD-HAN-CGK,07:40,08:40,07:40,08:40,07:40,08:39,08:40,08:48,01:00,01:00,ONTIME,ONTIME,ONTIME,ONTIME,,,,,,,,,HAN,DAD,CGK,International,VJ,,
2026-01-07|VJ120/VJ121|A814|SGN-HAN-SGN|08:40,2026-01-07,VJ120/VJ121,A814,A330,SGN-HAN-SGN,07:40,08:40,07:40,08:40,07:50,08:33,08:35,08:38,01:00,00:45,EARLY,ONTIME,ONTIME,ONTIME,,,,,,,,,HAN,SGN,SGN,Domestic,VJ,,
2026-01-07|VJ176/VJ527|A662|SGN-HAN-DAD|09:30,2026-01-07,VJ176/VJ527,A662,A320,SGN-HAN-DAD,09:00,09:30,09:00,09:30,09:00,09:34,09:35,09:45,00:30,00:35,DELAY,ONTIME,ONTIME,ONTIME,,66,00:05,,,,,CREW OB 0913,HAN,SGN,DAD,Domestic,VJ,,
2026-01-07|VJ124/VJ915|A687|SGN-HAN-SIN|10:00,2026-01-07,VJ124/VJ915,A687,A321,SGN-HAN-SIN,07:50,10:00,07:50,10:00,07:55,09:59,10:00,10:03,02:10,02:05,ONTIME,ONTIME,ONTIME,ONTIME,,,,,,,,,HAN,SGN,SIN,International,VJ,,
2026-01-07|VJ148/VJ149|-MLI|SGN-HAN-SGN|10:05,2026-01-07,VJ148/VJ149,-MLI,A320,SGN-HAN-SGN,09:30,10:05,09:30,10:05,09:50,10:14,10:15,10:20,00:35,00:25,DELAY,ONTIME,ONTIME,DELAY,,93,00:10,,,,,,HAN,SGN,SGN,Domestic,VJ,,
2026-01-07|VJ504/VJ125|A544|DAD-HAN-SGN|10:05,2026-01-07,VJ504/VJ125,A544,A321,DAD-HAN-SGN,09:30,10:05,09:30,10:05,09:45,10:24,10:25,10:35,00:35,00:40,DELAY,DELAY,DELAY,ONTIME,,93,00:10,66,00:10,,,CREW OB 1000,HAN,DAD,SGN,Domestic,VJ,,
2026-01-07|VJ567|A575|HAN-HUI|10:15,2026-01-07,VJ567,A575,A321,HAN-HUI,,10:15,,11:00,,10:49,10:50,11:00,,,EARLY,ONTIME,DELAY,,,,,,,,,,HAN,,HUI,Domestic,VJ,,
2026-01-07|VJ508/VJ507|A528|DAD-HAN-DAD|10:30,2026-01-07,VJ508/VJ507,A528,A321,DAD-HAN-DAD,10:00,10:30,13:55,14:25,15:00,15:29,15:30,15:33,00:30,00:30,DELAY,DELAY,DELAY,DELAY,,93,01:05,,,,,,HAN,DAD,DAD,Domestic,VJ,,
2026-01-07|VJ963/VJ997|A552|ICN-HAN-DPS|10:30,2026-01-07,VJ963/VJ997,A552,A321,ICN-HAN-DPS,09:30,10:30,09:30,10:30,09:20,10:27,10:28,10:30,01:00,01:08,EARLY,ONTIME,ONTIME,ONTIME,,,,,,,,,HAN,ICN,DPS,International,VJ,,
2026-01-07|VJ402/VJ403|A668|DLI-HAN-DLI|10:45,2026-01-07,VJ402/VJ403,A668,A320,DLI-HAN-DLI,10:10,10:45,10:10,10:45,10:00,10:37,10:38,10:45,00:35,00:38,EARLY,ONTIME,ONTIME,ONTIME,,,,,,,,,HAN,DLI,DLI,Domestic,VJ,,
2026-01-07|VJ136/VJ135|A526|SGN-HAN-SGN|11:10,2026-01-07,VJ136/VJ135,A526,A321,SGN-HAN-SGN,10:40,11:10,10:40,11:10,10:55,11:34,11:35,11:40,00:30,00:40,DELAY,DELAY,DELAY,ONTIME,,93,00:15,66,00:10,,,CREW OB 1105,HAN,SGN,SGN,Domestic,VJ,,
2026-01-07|VJ430/VJ463|A675|UIH-HAN-VCA|11:25,2026-01-07,VJ430/VJ463,A675,A320,UIH-HAN-VCA,10:55,11:25,10:55,11:25,11:05,11:34,11:35,11:42,00:30,00:30,DELAY,ONTIME,DELAY,ONTIME,,66,00:10,,,,,CREW OB 1115,HAN,UIH,VCA,Domestic,VJ,,
2026-01-07|VJ460/VJ407|A676|VCA-HAN-DLI|11:25,2026-01-07,VJ460/VJ407,A676,A320,VCA-HAN-DLI,10:20,11:25,10:20,11:25,10:35,11:19,11:20,11:23,01:05,00:45,EARLY,ONTIME,ONTIME,ONTIME,,,,,,,,,HAN,VCA,DLI,Domestic,VJ,,
2026-01-07|VJ772/VJ133|A815|CXR-HAN-SGN|11:40,2026-01-07,VJ772/VJ133,A815,A330,CXR-HAN-SGN,10:40,11:40,10:40,11:40,10:55,11:36,11:37,11:40,01:00,00:42,EARLY,ONTIME,ONTIME,ONTIME,,,,,,,,,HAN,CXR,SGN,Domestic,VJ,,
2026-01-07|VJ442/VJ946|A546|PQC-HAN-KHH|11:45,2026-01-07,VJ442/VJ946,A546,A321,PQC-HAN-KHH,10:45,11:45,10:45,11:45,10:45,11:38,11:40,11:44,01:00,00:55,EARLY,ONTIME,ONTIME,ONTIME,,,,,,,,,HAN,PQC,KHH,International,VJ,,
2026-01-07|VJ132/VJ137|A640|SGN-HAN-SGN|11:45,2026-01-07,VJ132/VJ137,A640,A321,SGN-HAN-SGN,11:15,11:45,11:15,11:45,11:40,12:14,12:15,12:17,00:30,00:35,DELAY,DELAY,DELAY,DELAY,,93,00:25,66,00:05,,,CREW OB 1152,HAN,SGN,SGN,Domestic,VJ,,
2026-01-07|VJ981/VJ901|A630|PUS-HAN-BKK|12:15,2026-01-07,VJ981/VJ901,A630,A321,PUS-HAN-BKK,11:00,12:15,11:00,12:15,10:55,11:59,12:00,12:03,01:15,01:05,EARLY,ONTIME,ONTIME,ONTIME,,,,,,,,,HAN,PUS,BKK,International,VJ,,
2026-01-07|VJ770/VJ775|A641|CXR-HAN-CXR|12:35,2026-01-07,VJ770/VJ775,A641,A321,CXR-HAN-CXR,12:00,12:35,12:00,12:35,12:25,12:54,12:55,13:05,00:35,00:30,DELAY,DELAY,DELAY,DELAY,,93,00:20,,,,,,HAN,CXR,CXR,Domestic,VJ,,
2026-01-07|VJ440/VJ441|A656|PQC-HAN-PQC|12:55,2026-01-07,VJ440/VJ441,A656,A320,PQC-HAN-PQC,11:55,12:55,11:55,12:55,12:25,12:54,12:55,12:58,01:00,00:30,ONTIME,ONTIME,ONTIME,DELAY,,,,,,,,,HAN,PQC,PQC,Domestic,VJ,,
2026-01-07|VJ528/VJ513|A662|DAD-HAN-DAD|13:35,2026-01-07,VJ528/VJ513,A662,A320,DAD-HAN-DAD,12:40,13:35,12:40,13:35,13:35,13:59,14:00,14:11,00:55,00:25,DELAY,DELAY,DELAY,DELAY,,93,00:25,,,,,,HAN,DAD,DAD,Domestic,VJ,,
2026-01-07|VJ128/VJ143|A646|SGN-HAN-SGN|13:40,2026-01-07,VJ128/VJ143,A646,A321,SGN-HAN-SGN,12:10,13:40,12:10,13:40,12:15,13:39,13:40,13:50,01:30,01:25,ONTIME,ONTIME,ONTIME,ONTIME,,,,,,,,,HAN,SGN,SGN,Domestic,VJ,,
2026-01-07|VJ188/VJ151|-NVE|SGN-HAN-SGN|14:00,2026-01-07,VJ188/VJ151,-NVE,A320,SGN-HAN-SGN,13:25,14:00,13:25,14:20,13:55,14:19,14:20,14:30,00:55,00:25,ONTIME,ONTIME,DELAY,DELAY,,,,,,,,,HAN,SGN,SGN,Domestic,VJ,,
2026-01-07|VJ939/VJ948|A578|KIX-HAN-RMQ|14:05,2026-01-07,VJ939/VJ948,A578,A321,KIX-HAN-RMQ,13:05,14:05,13:05,14:05,13:10,13:52,13:55,14:05,01:00,00:45,EARLY,ONTIME,ONTIME,ONTIME,,,,,,,,,HAN,KIX,RMQ,International,VJ,,
2026-01-07|VJ3524/VJ3524|A550|KHV-HAN-PQC|14:15,2026-01-07,VJ3524/VJ3524,A550,A321,KHV-HAN-PQC,13:45,14:15,13:45,14:15,13:35,14:01,14:03,14:17,00:30,00:28,EARLY,ONTIME,ONTIME,ONTIME,,,,,,,,,HAN,KHV,PQC,Domestic,VJ,,
2026-01-07|VJ492/VJ511|A637|DAD-HAN-DAD|14:20,2026-01-07,VJ492/VJ511,A637,A321,DAD-HAN-DAD,10:00,14:20,13:30,14:20,13:30,14:19,14:20,14:26,00:50,00:50,ONTIME,ONTIME,ONTIME,DELAY,,,,,,,,,HAN,DAD,DAD,Domestic,VJ,,
2026-01-07|VJ566/VJ1491|A575|HUI-HAN-BMV|14:35,2026-01-07,VJ566/VJ1491,A575,A321,HUI-HAN-BMV,13:05,14:35,13:05,14:35,14:00,14:34,14:35,14:45,01:30,00:35,ONTIME,ONTIME,ONTIME,DELAY,,,,,,,,,HAN,HUI,BMV,Domestic,VJ,,
2026-01-07|VJ921/VJ942|A525|NGO-HAN-TPE|14:45,2026-01-07,VJ921/VJ942,A525,A321,NGO-HAN-TPE,13:40,14:45,13:40,14:45,13:50,14:44,14:45,14:48,01:05,00:55,ONTIME,ONTIME,ONTIME,ONTIME,,,,,,,,,HAN,NGO,TPE,International,VJ,,
2026-01-07|VJ144/VJ153|A639|SGN-HAN-SGN|15:10,2026-01-07,VJ144/VJ153,A639,A321,SGN-HAN-SGN,14:20,15:10,14:50,15:30,15:10,15:39,15:40,15:45,00:40,00:30,DELAY,ONTIME,DELAY,DELAY,,93,00:10,,,,,,HAN,SGN,SGN,Domestic,VJ,,
2026-01-07|VJ961/VJ1441|A500|ICN-HAN-PQC|15:30,2026-01-07,VJ961/VJ1441,A500,A321,ICN-HAN-PQC,14:10,15:30,14:10,15:30,14:10,15:25,15:26,15:33,01:20,01:16,EARLY,ONTIME,ONTIME,ONTIME,,,,,,,,,HAN,ICN,PQC,Domestic,VJ,,
2026-01-07|VJ138/VJ145|A539|SGN-HAN-SGN|15:35,2026-01-07,VJ138/VJ145,A539,A321,SGN-HAN-SGN,14:45,15:35,14:45,15:35,15:05,15:34,15:35,15:40,00:50,00:30,ONTIME,ONTIME,ONTIME,DELAY,,,,,,,,,HAN,SGN,SGN,Domestic,VJ,,
2026-01-07|VJ198/VJ199|A532|SGN-HAN-SGN|15:40,2026-01-07,VJ198/VJ199,A532,A321,SGN-HAN-SGN,15:10,15:40,15:15,15:55,15:35,16:04,16:05,16:15,00:40,00:30,DELAY,ONTIME,DELAY,DELAY,,93,00:10,,,,,,HAN,SGN,SGN,Domestic,VJ,,
2026-01-07|VJ906/VJ903|A522|KUL-HAN-BKK|15:50,2026-01-07,VJ906/VJ903,A522,A321,KUL-HAN-BKK,14:55,15:50,14:55,15:50,14:20,15:44,15:45,15:48,00:55,01:25,EARLY,ONTIME,ONTIME,ONTIME,,,,,,,,,HAN,KUL,BKK,International,VJ,,
2026-01-07|VJ941/VJ423|A634|TPE-HAN-PXU|15:55,2026-01-07,VJ941/VJ423,A634,A321,TPE-HAN-PXU,14:10,15:55,14:10,15:55,14:15,15:54,15:55,15:57,01:45,01:40,ONTIME,ONTIME,ONTIME,ONTIME,,,,,,,,,HAN,TPE,PXU,Domestic,VJ,,
2026-01-07|VJ408/VJ409|A676|DLI-HAN-DLI|16:05,2026-01-07,VJ408/VJ409,A676,A320,DLI-HAN-DLI,15:35,16:05,15:35,16:05,15:40,16:04,16:05,16:11,00:30,00:25,ONTIME,ONTIME,ONTIME,ONTIME,,,,,,,,,HAN,DLI,DLI,Domestic,VJ,,
2026-01-07|VJ514/VJ195|A662|DAD-HAN-SGN|18:10,2026-01-07,VJ514/VJ195,A662,A320,DAD-HAN-SGN,16:45,18:10,17:20,17:55,17:30,18:04,18:05,18:10,00:35,00:35,DELAY,ONTIME,ONTIME,DELAY,,66,00:10,,,,,CREW OB 1735,HAN,DAD,SGN,Domestic,VJ,,
2026-01-07|VJ462/VJ515|A675|VCA-HAN-DAD|17:15,2026-01-07,VJ462/VJ515,A675,A320,VCA-HAN-DAD,16:15,17:15,16:15,17:15,16:35,17:12,17:15,17:20,01:00,00:40,ONTIME,ONTIME,ONTIME,DELAY,,,,,,,,,HAN,VCA,DAD,Domestic,VJ,,
2026-01-07|VJ404/VJ445|A668|DLI-HAN-PQC|17:40,2026-01-07,VJ404/VJ445,A668,A320,DLI-HAN-PQC,14:55,17:40,14:55,17:40,15:00,17:39,17:40,17:45,02:45,02:40,ONTIME,ONTIME,ONTIME,ONTIME,,,,,,,,,HAN,DLI,PQC,Domestic,VJ,,
2026-01-07|VJ512/VJ779|A637|DAD-HAN-CXR|18:00,2026-01-07,VJ512/VJ779,A637,A321,DAD-HAN-CXR,17:30,18:00,17:30,18:00,17:50,18:14,18:15,18:15,00:30,00:25,DELAY,ONTIME,ONTIME,DELAY,,93,00:15,,,,,,HAN,DAD,CXR,Domestic,VJ,,
2026-01-07|VJ146/VJ169|A554|SGN-HAN-SGN|18:00,2026-01-07,VJ146/VJ169,A554,A321,SGN-HAN-SGN,17:00,18:00,17:00,18:00,17:15,17:59,18:00,18:03,01:00,00:45,ONTIME,ONTIME,ONTIME,ONTIME,,,,,,,,,HAN,SGN,SGN,Domestic,VJ,,
2026-01-07|VJ900/VJ913|A537|DPS-HAN-SAI|18:00,2026-01-07,VJ900/VJ913,A537,A321,DPS-HAN-SAI,17:00,18:00,17:00,18:00,17:00,17:59,18:00,18:01,01:00,01:00,ONTIME,ONTIME,ONTIME,ONTIME,,,,,,,,,HAN,DPS,SAI,International,VJ,,
2026-01-07|VJ774/VJ465|A641|CXR-HAN-VCA|18:00,2026-01-07,VJ774/VJ465,A641,A321,CXR-HAN-VCA,16:45,18:00,16:45,18:00,17:30,18:24,18:25,18:30,01:15,00:55,DELAY,DELAY,DELAY,DELAY,,41,00:25,,,,,CHANGE TIRE,HAN,CXR,VCA,Domestic,VJ,,
2026-01-07|VJ902/VJ165|A630|BKK-HAN-SGN|18:30,2026-01-07,VJ902/VJ165,A630,A321,BKK-HAN-SGN,17:00,18:30,17:00,18:30,17:15,18:24,18:25,18:30,01:30,01:10,EARLY,ONTIME,ONTIME,ONTIME,,,,,,,,,HAN,BKK,SGN,Domestic,VJ,,
2026-01-07|VJ928/VJ1925|A663|CGK-HAN-AMD|19:00,2026-01-07,VJ928/VJ1925,A663,A320,CGK-HAN-AMD,18:15,19:00,18:15,19:00,18:20,18:59,19:00,19:09,00:45,00:40,ONTIME,ONTIME,ONTIME,ONTIME,,,,,,,,,HAN,CGK,AMD,International,VJ,,
2026-01-07|VJ1492/VJ517|A575|BMV-HAN-DAD|19:05,2026-01-07,VJ1492/VJ517,A575,A321,BMV-HAN-DAD,18:35,19:05,18:35,19:05,18:55,19:24,19:25,19:42,00:30,00:30,DELAY,DELAY,DELAY,DELAY,,93,00:20,,,,,,HAN,BMV,DAD,Domestic,VJ,,
2026-01-07|VJ947/VJ7358|A546|KHH-HAN-HRB|19:25,2026-01-07,VJ947/VJ7358,A546,A321,KHH-HAN-HRB,18:05,19:25,18:05,19:25,17:41,19:24,19:25,19:27,01:20,01:44,ONTIME,ONTIME,ONTIME,ONTIME,,,,,,,,,HAN,KHH,HRB,International,VJ,,
2026-01-07|VJ194/VJ569|A658|SGN-HAN-HUI|20:00,2026-01-07,VJ194/VJ569,A658,A320,SGN-HAN-HUI,17:55,20:00,17:55,20:00,18:15,19:58,20:00,20:03,02:05,01:45,ONTIME,ONTIME,ONTIME,DELAY,,,,,,,,,HAN,SGN,HUI,Domestic,VJ,,
2026-01-07|VJ446/VJ7712|A656|PQC-HAN-PKX|20:05,2026-01-07,VJ446/VJ7712,A656,A320,PQC-HAN-PKX,17:40,20:05,17:40,20:20,18:35,20:06,20:07,20:15,02:40,01:32,EARLY,ONTIME,ONTIME,DELAY,,,,,,,,,HAN,PQC,PKX,International,VJ,,
2026-01-07|VJ931/VJ907|A674|KIX-HAN-BOM|20:15,2026-01-07,VJ931/VJ907,A674,A321,KIX-HAN-BOM,19:15,20:15,19:15,20:15,19:10,20:05,20:06,20:11,01:00,00:56,EARLY,ONTIME,ONTIME,ONTIME,,,,,,,,,HAN,KIX,BOM,International,VJ,,
2026-01-07|VJ957/VJ7342|A672|PUS-HAN-XIY|20:15,2026-01-07,VJ957/VJ7342,A672,A320,PUS-HAN-XIY,17:20,20:15,17:20,20:15,17:25,20:04,20:05,20:11,02:55,02:40,EARLY,ONTIME,ONTIME,ONTIME,,,,,,,,,HAN,PUS,XIY,International,VJ,,
2026-01-07|VJ152/VJ155|A544|SGN-HAN-SGN|20:35,2026-01-07,VJ152/VJ155,A544,A321,SGN-HAN-SGN,20:00,20:35,20:00,21:00,20:35,21:04,21:05,21:10,01:00,00:30,DELAY,ONTIME,DELAY,DELAY,,93,00:05,,,,,,HAN,SGN,SGN,Domestic,VJ,,
2026-01-07|VJ1440/VJ521|A500|PQC-HAN-DAD|21:10,2026-01-07,VJ1440/VJ521,A500,A321,PQC-HAN-DAD,20:10,21:10,20:10,21:10,20:35,21:04,21:05,21:10,01:00,00:30,EARLY,ONTIME,ONTIME,DELAY,,,,,,,,,HAN,PQC,DAD,Domestic,VJ,,
2026-01-07|VJ410/VJ7238|A676|DLI-HAN-PVG|21:30,2026-01-07,VJ410/VJ7238,A676,A320,DLI-HAN-PVG,20:15,21:30,20:15,21:30,20:30,21:24,21:25,21:28,01:15,00:55,EARLY,ONTIME,ONTIME,ONTIME,,,,,,,,,HAN,DLI,PVG,International,VJ,,
2026-01-07|VJ160/VJ123|A539|SGN-HAN-SGN|22:10,2026-01-07,VJ160/VJ123,A539,A321,SGN-HAN-SGN,21:15,22:10,21:15,22:10,21:40,22:09,22:10,22:15,00:55,00:30,ONTIME,ONTIME,ONTIME,DELAY,,,,,,,,,HAN,SGN,SGN,Domestic,VJ,,
2026-01-07|VJ424/VJ962|A634|PXU-HAN-ICN|22:50,2026-01-07,VJ424/VJ962,A634,A321,PXU-HAN-ICN,19:35,22:50,19:35,22:50,19:45,22:49,22:50,22:56,03:15,03:05,ONTIME,ONTIME,ONTIME,ONTIME,,,,,,,,,HAN,PXU,ICN,International,VJ,,
2026-01-07|VJ516/VJ171|A675|DAD-HAN-SGN|23:25,2026-01-07,VJ516/VJ171,A675,A320,DAD-HAN-SGN,20:25,23:25,20:25,23:35,20:45,23:59,1904-01-02,"1 day, 0:04:00",03:10,03:15,DELAY,DELAY,DELAY,DELAY,,95,00:25,,,,,CREW FR VJ180 OB 2338,HAN,DAD,SGN,Domestic,VJ,,
2026-01-07|VJ568/VJ523|A658|HUI-HAN-DAD|23:30,2026-01-07,VJ568/VJ523,A658,A320,HUI-HAN-DAD,23:00,23:30,23:00,23:30,22:50,23:24,23:25,23:27,00:30,00:35,EARLY,ONTIME,ONTIME,ONTIME,,,,,,,,,HAN,HUI,DAD,Domestic,VJ,,
2026-01-07|VJ778/VJ7526|A637|CXR-HAN-CAN|23:40,2026-01-07,VJ778/VJ7526,A637,A321,CXR-HAN-CAN,22:10,23:40,22:30,23:40,22:40,23:39,23:40,23:49,01:10,01:00,ONTIME,ONTIME,ONTIME,DELAY,,,,,,,,,HAN,CXR,CAN,International,VJ,,
2026-01-08|VJ932|A525|HAN-NRT|00:55,2026-01-08,VJ932,A525,A321,HAN-NRT,,00:55,,00:55,,00:50,00:52,00:54,,,EARLY,ONTIME,ONTIME,,,,,,,,,,HAN,,NRT,International,VJ,,
2026-01-08|VJ982|A687|HAN-PUS|01:00,2026-01-08,VJ982,A687,A321,HAN-PUS,,01:00,,01:00,,01:04,01:05,01:12,,,DELAY,ONTIME,ONTIME,,,15A,00:05,,,,,OFFLOAD 3PAX 2BAG,HAN,,PUS,International,VJ,,
2026-01-08|VJ920|A549|HAN-NGO|01:35,2026-01-08,VJ920,A549,A321,HAN-NGO,,01:35,,01:35,,01:23,01:24,01:30,,,EARLY,ONTIME,ONTIME,,,,,,,,,,HAN,,NGO,International,VJ,,
2026-01-08|VJ7704/VJ7704|A550|CXR-HAN-VVO|01:00,2026-01-08,VJ7704/VJ7704,A550,A321,CXR-HAN-VVO,00:30,01:00,00:30,01:35,01:20,01:54,01:55,02:10,01:05,00:35,DELAY,DELAY,DELAY,DELAY,,93,00:20,,,,,,HAN,CXR,VVO,International,VJ,,
2026-01-08|VJ938|A538|HAN-KIX|01:40,2026-01-08,VJ938,A538,A321,HAN-KIX,,01:40,,01:40,,01:19,01:20,01:28,,,EARLY,ONTIME,ONTIME,,,,,,,,,,HAN,,KIX,International,VJ,,
2026-01-08|VJ960|A552|HAN-ICN|01:45,2026-01-08,VJ960,A552,A321,HAN-ICN,,01:45,,01:45,,01:30,01:31,01:34,,,EARLY,ONTIME,ONTIME,,,,,,,,,,HAN,,ICN,International,VJ,,
2026-01-08|VJ958|A578|HAN-FUK|02:05,2026-01-08,VJ958,A578,A321,HAN-FUK,,02:05,,02:05,,01:52,01:54,01:55,,,EARLY,ONTIME,ONTIME,,,,,,,,,,HAN,,FUK,International,VJ,,
2026-01-08|VJ179|A662|HAN-SGN|05:00,2026-01-08,VJ179,A662,A320,HAN-SGN,,05:00,,05:00,,04:54,04:55,04:58,,,EARLY,ONTIME,ONTIME,,,,,,,,,,HAN,,SGN,Domestic,VJ,,
2026-01-08|VJ185|A554|HAN-SGN|05:10,2026-01-08,VJ185,A554,A321,HAN-SGN,,05:10,,05:10,,04:59,05:00,05:05,,,EARLY,ONTIME,ONTIME,,,,,,,,,,HAN,,SGN,Domestic,VJ,,
2026-01-08|VJ7343/VJ461|A672|XIY-HAN-VCA|05:30,2026-01-08,VJ7343/VJ461,A672,A320,XIY-HAN-VCA,03:10,05:30,03:10,05:30,02:50,05:29,05:30,05:38,02:20,02:40,ONTIME,ONTIME,ONTIME,ONTIME,,,,,,,,,HAN,XIY,VCA,Domestic,VJ,,
2026-01-08|VJ443|A641|HAN-PQC|06:00,2026-01-08,VJ443,A641,A321,HAN-PQC,,06:00,,06:00,,05:54,05:55,06:06,,,EARLY,ONTIME,ONTIME,,,,,,,,,,HAN,,PQC,Domestic,VJ,,
2026-01-08|VJ503|A522|HAN-DAD|06:00,2026-01-08,VJ503,A522,A321,HAN-DAD,,06:00,,06:00,,05:54,05:55,06:00,,,EARLY,ONTIME,ONTIME,,,,,,,,,,HAN,,DAD,Domestic,VJ,,
2026-01-08|VJ491|A575|HAN-BMV|06:00,2026-01-08,VJ491,A575,A321,HAN-BMV,,06:00,,06:00,,05:54,05:55,06:00,,,EARLY,ONTIME,ONTIME,,,,,,,,,,HAN,,BMV,Domestic,VJ,,
2026-01-08|VJ7527/VJ421|A637|CAN-HAN-PXU|06:05,2026-01-08,VJ7527/VJ421,A637,A321,CAN-HAN-PXU,04:35,06:05,04:35,06:05,04:30,05:59,06:00,06:05,01:30,01:30,EARLY,ONTIME,ONTIME,ONTIME,,,,,,,,,HAN,CAN,PXU,Domestic,VJ,,
2026-01-08|VJ7713/VJ952|A656|PKX-HAN-HIJ|06:35,2026-01-08,VJ7713/VJ952,A656,A320,PKX-HAN-HIJ,04:10,06:35,04:10,06:35,04:17,06:29,06:30,06:37,02:25,02:13,EARLY,ONTIME,ONTIME,ONTIME,,,,,,,,,HAN,PKX,HIJ,International,VJ,,
2026-01-08|VJ181|A820|HAN-SGN|06:40,2026-01-08,VJ181,A820,A321,HAN-SGN,,06:40,,06:40,,06:34,06:35,06:45,,,EARLY,ONTIME,ONTIME,,,,,,,,,,HAN,,SGN,Domestic,VJ,,
2026-01-08|VJ105|652G|HAN-VCS|06:45,2026-01-08,VJ105,652G,C909,HAN-VCS,,06:45,,06:45,,06:39,06:40,06:42,,,EARLY,ONTIME,ONTIME,,,,,,,,,,HAN,,VCS,Domestic,VJ,,
2026-01-08|VJ905|A537|HAN-KUL|07:10,2026-01-08,VJ905,A537,A321,HAN-KUL,,07:10,,07:10,,07:04,07:05,07:09,,,EARLY,ONTIME,ONTIME,,,,,,,,,,HAN,,KUL,International,VJ,,
2026-01-08|VJ7239/VJ431|A676|PVG-HAN-UIH|07:10,2026-01-08,VJ7239/VJ431,A676,A320,PVG-HAN-UIH,05:15,07:10,05:15,07:10,,07:04,07:05,07:09,01:55,,EARLY,ONTIME,ONTIME,ONTIME,,,,,,,,,HAN,PVG,UIH,Domestic,VJ,,
2026-01-08|VJ956|A669|HAN-PUS|07:30,2026-01-08,VJ956,A669,A320,HAN-PUS,,07:30,,07:30,,07:24,07:25,07:29,,,EARLY,ONTIME,ONTIME,,,,,,,,,,HAN,,PUS,International,VJ,,
2026-01-08|VJ502/VJ940|A661|DAD-HAN-TPE|08:05,2026-01-08,VJ502/VJ940,A661,A321,DAD-HAN-TPE,07:05,08:05,07:05,08:05,07:10,08:04,08:05,08:15,01:00,00:55,ONTIME,ONTIME,ONTIME,ONTIME,,,,,,,,,HAN,DAD,TPE,International,VJ,,
2026-01-08|VJ107|656E|HAN-VCS|08:15,2026-01-08,VJ107,656E,C909,HAN-VCS,,08:15,,08:15,,08:01,08:02,08:13,,,EARLY,ONTIME,ONTIME,,,,,,,,,,HAN,,VCS,Domestic,VJ,,
2026-01-08|VJ524/VJ771|A658|DAD-HAN-CXR|08:15,2026-01-08,VJ524/VJ771,A658,A320,DAD-HAN-CXR,07:40,08:15,07:40,08:15,07:40,08:06,08:07,08:10,00:35,00:27,EARLY,ONTIME,ONTIME,ONTIME,,,,,,,,,HAN,DAD,CXR,Domestic,VJ,,
2026-01-08|VJ7359/VJ934|A546|HRB-HAN-NRT|08:20,2026-01-08,VJ7359/VJ934,A546,A321,HRB-HAN-NRT,06:15,08:20,06:15,08:40,06:40,08:33,08:34,08:42,02:25,01:54,EARLY,ONTIME,DELAY,DELAY,,,,,,,,,HAN,HRB,NRT,International,VJ,,
2026-01-08|VJ1926/VJ929|A663|AMD-HAN-CGK|08:40,2026-01-08,VJ1926/VJ929,A663,A320,AMD-HAN-CGK,06:20,08:40,06:20,08:40,05:30,08:37,08:38,08:38,02:20,03:08,EARLY,ONTIME,ONTIME,ONTIME,,,,,,,,,HAN,AMD,CGK,International,VJ,,
2026-01-08|VJ910/VJ930|A674|BOM-HAN-KIX|08:40,2026-01-08,VJ910/VJ930,A674,A321,BOM-HAN-KIX,07:40,08:40,07:40,08:40,07:15,08:29,08:30,08:33,01:00,01:15,EARLY,ONTIME,ONTIME,ONTIME,,,,,,,,,HAN,BOM,KIX,International,VJ,,
2026-01-08|VJ126/VJ125|A545|SGN-HAN-SGN|09:20,2026-01-08,VJ126/VJ125,A545,A321,SGN-HAN-SGN,08:45,09:20,08:45,09:20,09:00,09:29,09:30,09:32,00:35,00:30,DELAY,ONTIME,ONTIME,ONTIME,,93,00:10,,,,,LATE ARR,HAN,SGN,SGN,Domestic,VJ,,
2026-01-08|VJ122/VJ915|A630|SGN-HAN-SIN|09:35,2026-01-08,VJ122/VJ915,A630,A321,SGN-HAN-SIN,07:30,09:35,07:30,09:35,07:42,09;34,09:35,09:48,02:05,01:53,ONTIME,ONTIME,ONTIME,ONTIME,,,,,,,,,HAN,SGN,SIN,International,VJ,,
2026-01-08|VJ997|A522|DAD-HAN-DPS|10:00,2026-01-08,VJ997,A522,A321,DAD-HAN-DPS,,10:00,,10:00,,09:59,10:00,10:07,,,ONTIME,ONTIME,ONTIME,,,,,,,,,,HAN,DAD,DPS,International,VJ,,
2026-01-08|VJ148/VJ149|-MLI|SGN-HAN-SGN|10:05,2026-01-08,VJ148/VJ149,-MLI,A320,SGN-HAN-SGN,09:30,10:05,09:30,10:05,09:55,10:19,10:20,10:30,00:35,00:25,DELAY,ONTIME,DELAY,DELAY,,93,00:15,,,,,LATE ARR,HAN,SGN,SGN,Domestic,VJ,,
2026-01-08|VJ422/VJ567|A637|PXU-HAN-HUI|10:10,2026-01-08,VJ422/VJ567,A637,A321,PXU-HAN-HUI,09:40,10:10,09:40,10:10,09:55,10:23,10:25,10:30,00:30,00:30,DELAY,ONTIME,DELAY,ONTIME,,93,00:15,,,,,LATE ARR,HAN,PXU,HUI,Domestic,VJ,,
2026-01-08|VJ124/VJ773|A816|SGN-HAN-CXR|10:10,2026-01-08,VJ124/VJ773,A816,A330,SGN-HAN-CXR,09:15,10:10,09:15,10:10,09:40,10:09,10:10,10:20,00:55,00:30,ONTIME,ONTIME,ONTIME,DELAY,,,,,,,,,HAN,SGN,CXR,Domestic,VJ,,
2026-01-08|VJ504/VJ507|A685|DAD-HAN-DAD|10:30,2026-01-08,VJ504/VJ507,A685,A321,DAD-HAN-DAD,09:00,10:30,09:00,10:30,09:25,10:34,10:35,10:45,01:30,01:10,DELAY,ONTIME,ONTIME,DELAY,,15A,00:05,,,,,OFFLOAD 3PAX 2BAG,HAN,DAD,DAD,Domestic,VJ,,
2026-01-08|VJ963/VJ7048|A634|ICN-HAN-SJW|10:40,2026-01-08,VJ963/VJ7048,A634,A321,ICN-HAN-SJW,09:30,10:40,09:30,10:40,09:35,10:37,10:38,10:54,01:10,01:03,EARLY,ONTIME,ONTIME,ONTIME,,,,,,,,,HAN,ICN,SJW,International,VJ,,
2026-01-08|VJ492/VJ403|A575|BMV-HAN-DLI|10:45,2026-01-08,VJ492/VJ403,A575,A321,BMV-HAN-DLI,10:00,10:45,10:00,10:45,10:05,10:42,10:43,10:55,00:45,00:38,EARLY,ONTIME,ONTIME,ONTIME,,,,,,,,,HAN,BMV,DLI,Domestic,VJ,,
2026-01-08|VJ460/VJ463|A672|VCA-HAN-VCA|11:00,2026-01-08,VJ460/VJ463,A672,A320,VCA-HAN-VCA,10:20,11:00,10:20,11:00,10:30,10:59,11:00,11:08,00:40,00:30,ONTIME,ONTIME,ONTIME,ONTIME,,,,,,,,,HAN,VCA,VCA,Domestic,VJ,,
2026-01-08|VJ136/VJ135|A667|SGN-HAN-SGN|11:10,2026-01-08,VJ136/VJ135,A667,A321,SGN-HAN-SGN,10:40,11:10,10:40,11:10,10:45,11:14,11:15,11:32,00:30,00:30,DELAY,ONTIME,DELAY,ONTIME,,93,00:05,,,,,,HAN,SGN,SGN,Domestic,VJ,,
2026-01-08|VJ430/VJ407|A676|UIH-HAN-DLI|11:35,2026-01-08,VJ430/VJ407,A676,A320,UIH-HAN-DLI,10:55,11:35,10:55,11:35,10:52,11:34,11:35,11:41,00:40,00:43,ONTIME,ONTIME,ONTIME,ONTIME,,,,,,,,,HAN,UIH,DLI,Domestic,VJ,,
2026-01-08|VJ442/VJ137|A641|PQC-HAN-SGN|11:40,2026-01-08,VJ442/VJ137,A641,A321,PQC-HAN-SGN,10:45,11:40,10:45,11:40,11:00,12:24,12:25,12:35,00:55,01:25,DELAY,DELAY,DELAY,ONTIME,,95,00:45,,,,,CREW FROM VJ132 OB 1155,HAN,PQC,SGN,Domestic,VJ,,
2026-01-08|VJ981/VJ946|A687|PUS-HAN-KHH|12:00,2026-01-08,VJ981/VJ946,A687,A321,PUS-HAN-KHH,11:00,12:00,11:00,12:00,11:05,11:46,11:48,11:57,01:00,00:43,EARLY,ONTIME,ONTIME,ONTIME,,,,,,,,,HAN,PUS,KHH,International,VJ,,
2026-01-08|VJ442/VJ901|A641|PQC-HAN-BKK|12:15,2026-01-08,VJ442/VJ901,A641,A321,PQC-HAN-BKK,10:45,12:15,10:45,12:15,11:35,12:14,12:15,12:22,01:30,00:40,ONTIME,ONTIME,ONTIME,DELAY,,,,,,,,,HAN,PQC,BKK,International,VJ,,
2026-01-08|VJ780/VJ781|A648|CXR-HAN-CXR|13:00,2026-01-08,VJ780/VJ781,A648,A321,CXR-HAN-CXR,12:30,13:00,12:30,13:00,12:40,13:09,13:10,13:20,00:30,00:30,DELAY,ONTIME,DELAY,ONTIME,,93,00:10,,,,,,HAN,CXR,CXR,Domestic,VJ,,
2026-01-08|VJ440/VJ441|A668|PQC-HAN-PQC|13:05,2026-01-08,VJ440/VJ441,A668,A320,PQC-HAN-PQC,12:05,13:05,12:05,13:05,12:20,12:54,12:55,13:02,01:00,00:35,EARLY,ONTIME,ONTIME,ONTIME,,,,,,,,,HAN,PQC,PQC,Domestic,VJ,,
2026-01-08|VJ7705/VJ7705|A550|VVO-HAN-CXR|13:30,2026-01-08,VJ7705/VJ7705,A550,A321,VVO-HAN-CXR,13:00,13:30,13:00,14:45,14:30,14:54,14:55,14:57,01:45,00:25,DELAY,ONTIME,DELAY,DELAY,,93,00:10,,,,,,HAN,VVO,CXR,Domestic,VJ,,
2026-01-08|VJ959/VJ948|A578|FUK-HAN-RMQ|13:35,2026-01-08,VJ959/VJ948,A578,A321,FUK-HAN-RMQ,12:25,13:35,12:25,13:35,12:15,13:21,13:23,13:35,01:10,01:08,EARLY,ONTIME,ONTIME,ONTIME,,,,,,,,,HAN,FUK,RMQ,International,VJ,,
2026-01-08|VJ566/VJ513|A637|HUI-HAN-DAD|13:45,2026-01-08,VJ566/VJ513,A637,A321,HUI-HAN-DAD,13:05,13:45,13:05,14:05,13:40,14:14,14:15,14:20,01:00,00:35,DELAY,ONTIME,DELAY,DELAY,,66,00:10,,,,,CHANGE CREW HN OB 1350,HAN,HUI,DAD,Domestic,VJ,,
2026-01-08|VJ933/VJ511|A525|NRT-HAN-DAD|14:20,2026-01-08,VJ933/VJ511,A525,A321,NRT-HAN-DAD,14:00,14:20,14:00,14:20,14:12,15:14,15:15,15:20,00:20,01:03,DELAY,DELAY,DELAY,ONTIME,,46,00:55,,,,,DL46 CHANGE A/C A670 (TECHNICAL)-> A525,HAN,NRT,DAD,Domestic,VJ,,
2026-01-08|VJ939/VJ942|A538|KIX-HAN-TPE|14:25,2026-01-08,VJ939/VJ942,A538,A321,KIX-HAN-TPE,13:05,14:25,13:05,14:25,12:57,14:16,14:17,14:20,01:20,01:20,EARLY,ONTIME,ONTIME,ONTIME,,,,,,,,,HAN,KIX,TPE,International,VJ,,
2026-01-08|VJ921/VJ1491|A549|NGO-HAN-BMV|14:45,2026-01-08,VJ921/VJ1491,A549,A321,NGO-HAN-BMV,13:40,14:45,13:40,14:45,13:20,14:35,14:37,14:44,01:05,01:17,EARLY,ONTIME,ONTIME,ONTIME,,,,,,,,,HAN,NGO,BMV,Domestic,VJ,,
2026-01-08|VJ961/VJ433|A552|ICN-HAN-UIH|15:10,2026-01-08,VJ961/VJ433,A552,A321,ICN-HAN-UIH,14:10,15:10,14:10,15:10,14:05,15:08,15:10,15:25,01:00,01:05,ONTIME,ONTIME,ONTIME,ONTIME,,,,,,,,,HAN,ICN,UIH,Domestic,VJ,,
2026-01-08|VJ144/VJ145|A554|SGN-HAN-SGN|15:35,2026-01-08,VJ144/VJ145,A554,A321,SGN-HAN-SGN,14:15,15:35,14:15,15:35,15:05,15:34,15:35,15:50,01:20,00:30,ONTIME,ONTIME,ONTIME,DELAY,,,,,,,,,HAN,SGN,SGN,Domestic,VJ,,
2026-01-08|VJ404/VJ1441|A575|DLI-HAN-PQC|15:35,2026-01-08,VJ404/VJ1441,A575,A321,DLI-HAN-PQC,14:55,15:35,14:55,15:35,15:20,15:54,15:55,16:00,00:40,00:35,DELAY,DELAY,DELAY,DELAY,,93,00:15,66,00:10,,,CREW HN OB 1530,HAN,DLI,PQC,Domestic,VJ,,
2026-01-08|VJ906/VJ903|A537|KUL-HAN-BKK|15:50,2026-01-08,VJ906/VJ903,A537,A321,KUL-HAN-BKK,14:55,15:50,14:50,15:50,14:50,15:46,15:48,15:55,01:00,00:58,EARLY,ONTIME,ONTIME,ONTIME,,,,,,,,,HAN,KUL,BKK,International,VJ,,
2026-01-08|VJ198/VJ423|A669|SGN-HAN-PXU|15:55,2026-01-08,VJ198/VJ423,A669,A320,SGN-HAN-PXU,15:10,15:55,15:10,16:20,15:55,16:29,16:30,16:40,01:10,00:35,DELAY,ONTIME,DELAY,DELAY,,66,00:10,,,,,CREW HN OB 1605,HAN,SGN,PXU,Domestic,VJ,,
2026-01-08|VJ770/VJ199|A658|CXR-HAN-SGN|15:55,2026-01-08,VJ770/VJ199,A658,A320,CXR-HAN-SGN,12:25,15:55,12:25,15:55,12:45,16:38,16:40,16:47,03:30,03:55,DELAY,DELAY,DELAY,DELAY,,95,00:45,,,,,CREW VJ198 OB 1610,HAN,CXR,SGN,Domestic,VJ,,
2026-01-08|VJ152/VJ195|A643|SGN-HAN-SGN|16:00,2026-01-08,VJ152/VJ195,A643,A321,SGN-HAN-SGN,19:15,16:00,19:15,20:45,20:25,21:04,21:05,21:13,01:30,00:40,DELAY,DELAY,DELAY,DELAY,,93,00:10,66,00:10,,,CREW HN OB 2035,HAN,SGN,SGN,Domestic,VJ,,
2026-01-08|VJ408/VJ409|A662|DLI-HAN-DLI|16:20,2026-01-08,VJ408/VJ409,A662,A320,DLI-HAN-DLI,15:45,16:20,15:45,16:20,15:50,16:16,16:18,16:23,00:35,00:28,EARLY,ONTIME,ONTIME,ONTIME,,,,,,,,,HAN,DLI,DLI,Domestic,VJ,,
2026-01-08|VJ941/VJ913|A661|TPE-HAN-SAI|16:20,2026-01-08,VJ941/VJ913,A661,A321,TPE-HAN-SAI,14:40,16:20,14:40,16:20,14:48,16:14,16:15,16:17,01:40,01:27,EARLY,ONTIME,ONTIME,ONTIME,,,,,,,,,HAN,TPE,SAI,International,VJ,,
2026-01-08|VJ462/VJ515|A672|VCA-HAN-DAD|16:25,2026-01-08,VJ462/VJ515,A672,A320,VCA-HAN-DAD,15:50,16:25,15:50,16:25,16:05,16:29,16:30,16:38,00:35,00:25,DELAY,ONTIME,ONTIME,ONTIME,,93,00:05,,,,,,HAN,VCA,DAD,Domestic,VJ,,
2026-01-08|VJ957/VJ147|A676|PUS-HAN-SGN|17:10,2026-01-08,VJ957/VJ147,A676,A320,PUS-HAN-SGN,17:20,17:10,17:20,18:05,17:00,18:04,18:05,18:10,00:45,01:05,ONTIME,ONTIME,DELAY,ONTIME,,,,,,,,,HAN,PUS,SGN,Domestic,VJ,,
2026-01-08|VJ134/VJ163|-NVE|SGN-HAN-SGN|17:20,2026-01-08,VJ134/VJ163,-NVE,A320,SGN-HAN-SGN,16:50,17:20,16:50,17:20,17:35,17:59,18:00,18:10,00:30,00:25,DELAY,DELAY,DELAY,DELAY,,93,00:10,,,,,,HAN,SGN,SGN,Domestic,VJ,,
2026-01-08|VJ902/VJ465|A697|BKK-HAN-VCA|17:35,2026-01-08,VJ902/VJ465,A697,A321,BKK-HAN-VCA,17:00,17:35,17:00,17:35,17:05,17:59,18:00,18:15:00,00:35,00:55,DELAY,DELAY,DELAY,ONTIME,,61,00:15,,,,,CHANGE FP,HAN,BKK,VCA,Domestic,VJ,,
2026-01-08|VJ784/VJ783|A532|CXR-HAN-CXR|17:55,2026-01-08,VJ784/VJ783,A532,A321,CXR-HAN-CXR,17:25,17:55,17:25,18:15,17:45,18:14,18:15,18:20,00:50,00:30,ONTIME,ONTIME,DELAY,DELAY,,,,,,,,,HAN,CXR,CXR,Domestic,VJ,,
2026-01-08|VJ514/VJ779|A637|DAD-HAN-CXR|18:00,2026-01-08,VJ514/VJ779,A637,A321,DAD-HAN-CXR,17:00,18:00,17:45,19:50,17:55,19:44,19:45,19:55,02:05,01:50,EARLY,ONTIME,DELAY,DELAY,,,,,,,,,HAN,DAD,CXR,Domestic,VJ,,
2026-01-08|VJ916/VJ191|A630|SIN-HAN-SGN|18:05,2026-01-08,VJ916/VJ191,A630,A321,SIN-HAN-SGN,17:25,18:05,17:25,18:05,17:15,18:04,18:05,18:00,00:40,00:50,ONTIME,ONTIME,ONTIME,ONTIME,,,,,,,,,HAN,SIN,SGN,Domestic,VJ,,
2026-01-08|VJ953/VJ445|A656|HIJ-HAN-PQC|18:10,2026-01-08,VJ953/VJ445,A656,A320,HIJ-HAN-PQC,16:20,18:10,16:20,18:10,16:55,18:08,18:10,18:12,01:50,01:15,ONTIME,ONTIME,ONTIME,DELAY,,,,,,,,,HAN,HIJ,PQC,Domestic,VJ,,
2026-01-08|VJ512/VJ165|A635|DAD-HAN-SGN|18:30,2026-01-08,VJ512/VJ165,A635,A321,DAD-HAN-SGN,17:30,18:30,17:30,18:30,17:35,18:24,18:25,18:40,01:00,00:50,EARLY,ONTIME,ONTIME,ONTIME,,,,,,,,,HAN,DAD,SGN,Domestic,VJ,,
2026-01-08|VJ194/VJ193|-NVG|SGN-HAN-SGN|18:35,2026-01-08,VJ194/VJ193,-NVG,A320,SGN-HAN-SGN,18:00,18:35,18:00,18:35,19:10,19:34,19:35,19:44,00:35,00:25,DELAY,DELAY,DELAY,DELAY,,93,01:00,,,,,,HAN,SGN,SGN,Domestic,VJ,,
2026-01-08|VJ446/VJ493|A655|PQC-HAN-BMV|18:45,2026-01-08,VJ446/VJ493,A655,A320,PQC-HAN-BMV,17:45,18:45,17:45,20:00,19:08,19:58,20:00,20:02,02:15,00:52,ONTIME,ONTIME,DELAY,DELAY,,,,,,,,,HAN,PQC,BMV,Domestic,VJ,,
2026-01-08|VJ900/VJ1925|A553|DPS-HAN-AMD|19:00,2026-01-08,VJ900/VJ1925,A553,A321,DPS-HAN-AMD,17:20,19:00,17:20,19:00,17:10,18:59,19:00,19:05,01:40,01:50,ONTIME,ONTIME,ONTIME,ONTIME,,,,,,,,,HAN,DPS,AMD,International,VJ,,
2026-01-08|VJ971|A814|HAN-DEL|19:10,2026-01-08,VJ971,A814,A330,HAN-DEL,,19:10,,19:10,,19:14,19:15,19:25,,,DELAY,ONTIME,ONTIME,,,99,00:05,,,,,LATE ACCEPT 15 PAX 18BAG,HAN,,DEL,International,VJ,,
2026-01-08|VJ1492/VJ517|A549|BMV-HAN-DAD|19:20,2026-01-08,VJ1492/VJ517,A549,A321,BMV-HAN-DAD,18:45,19:20,18:45,19:20,18:50,19:18,19:20,19:30,00:35,00:30,ONTIME,ONTIME,ONTIME,ONTIME,,,,,,,,,HAN,BMV,DAD,Domestic,VJ,,
2026-01-08|VJ432/VJ569|A552|UIH-HAN-HUI|19:25,2026-01-08,VJ432/VJ569,A552,A321,UIH-HAN-HUI,18:55,19:25,18:55,20:05,19:25,20:04,20:05,20:17,01:10,00:40,ONTIME,ONTIME,DELAY,DELAY,,,,,,,,,HAN,UIH,HUI,Domestic,VJ,,
2026-01-08|VJ947/VJ173|A687|KHH-HAN-SGN|19:30,2026-01-08,VJ947/VJ173,A687,A321,KHH-HAN-SGN,18:40,19:30,18:40,19:30,18:07,19:28,19:30,19:33,00:50,01:23,ONTIME,ONTIME,ONTIME,ONTIME,,,,,,,,,HAN,KHH,SGN,Domestic,VJ,,
2026-01-08|VJ928/VJ7712|A663|CGK-HAN-PKX|20:05,2026-01-08,VJ928/VJ7712,A663,A320,CGK-HAN-PKX,18:15,20:05,18:15,20:05,18:05,20:00,20:01,20:07,01:50,01:56,EARLY,ONTIME,ONTIME,ONTIME,,,,,,,,,HAN,CGK,PKX,International,VJ,,
2026-01-08|VJ410/VJ501|A662|PXU-HAN-DAD|20:15,2026-01-08,VJ410/VJ501,A662,A320,PXU-HAN-DAD,20:30,20:15,20:30,21:05,20:20,21:04,21:05,21:15,00:35,00:45,ONTIME,ONTIME,DELAY,ONTIME,,,,,,,,,HAN,PXU,DAD,Domestic,VJ,,
2026-01-08|VJ1440/VJ521|A575|PQC-HAN-DAD|21:20,2026-01-08,VJ1440/VJ521,A575,A321,PQC-HAN-DAD,20:20,21:20,20:20,21:20,20:55,21:24,21:25,21:30,01:00,00:30,DELAY,ONTIME,ONTIME,DELAY,,93,00:05,,,,,,HAN,PQC,DAD,Domestic,VJ,,
2026-01-08|VJ516/VJ7238|A672|DAD-HAN-PVG|21:30,2026-01-08,VJ516/VJ7238,A672,A320,DAD-HAN-PVG,19:40,21:30,19:40,21:30,20:00,21:15,21:16,21:26,01:50,01:16,EARLY,ONTIME,ONTIME,DELAY,,,,,,,,,HAN,DAD,PVG,International,VJ,,
2026-01-08|VJ949/VJ123|A578|RMQ-HAN-SGN|22:10,2026-01-08,VJ949/VJ123,A578,A321,RMQ-HAN-SGN,19:50,22:10,19:50,22:10,19:47,22:19,22:20,22:24,02:20,02:33,DELAY,ONTIME,ONTIME,ONTIME,,95,00:10,,,,,CREW 158 OB 2158,HAN,RMQ,SGN,Domestic,VJ,,
2026-01-08|VJ424/VJ523|A669|PXU-HAN-DAD|22:45,2026-01-08,VJ424/VJ523,A669,A320,PXU-HAN-DAD,19:35,22:45,22:10,22:45,20:26,22:44,22:45,22:00,00:35,02:19,ONTIME,ONTIME,ONTIME,DELAY,,,,,,,,,HAN,PXU,DAD,Domestic,VJ,,
2026-01-08|VJ943/VJ962|A538|TPE-HAN-ICN|22:50,2026-01-08,VJ943/VJ962,A538,A321,TPE-HAN-ICN,20:55,22:50,20:55,22:50,21:35,22:44,22:45,22:48,01:55,01:10,EARLY,ONTIME,ONTIME,DELAY,,,,,,,,,HAN,TPE,ICN,International,VJ,,
2026-01-08|VJ166/VJ187|A639|SGN-HAN-SGN|22:50,2026-01-08,VJ166/VJ187,A639,A321,SGN-HAN-SGN,21:00,22:50,21:00,22:50,21:30,22:40,22:41,22:43,01:50,01:11,EARLY,ONTIME,ONTIME,DELAY,,,,,,,,,HAN,SGN,SGN,Domestic,VJ,,
2026-01-08|VJ998/VJ7526|A522|DPS-HAN-CAN|23:40,2026-01-08,VJ998/VJ7526,A522,A321,DPS-HAN-CAN,21:35,23:40,21:35,23:40,21:40,23:35,23:36,23:45,02:05,01:56,EARLY,ONTIME,ONTIME,ONTIME,,,,,,,,,HAN,DPS,CAN,International,VJ,,
2026-01-08|VJ494/VJ159|A655|BMV-HAN-SGN|23:40,2026-01-08,VJ494/VJ159,A655,A320,BMV-HAN-SGN,21:00,23:40,22:05,00:25,00:00,00:24,00:25,"1 day, 0:34:00",02:20,00:25,ONTIME,ONTIME,DELAY,ONTIME,,,,,,,,,HAN,BMV,SGN,Domestic,VJ,,
2026-01-08|VJ180/VJ171|A644|SGN-HAN-SGN|00:30,2026-01-08,VJ180/VJ171,A644,A321,SGN-HAN-SGN,00:00,00:30,00:00,00:30,00:10,00:29,00:30,0:40:00,00:30,00:20,ONTIME,ONTIME,ONTIME,ONTIME,,,,,,,,,HAN,SGN,SGN,Domestic,VJ,,
2026-01-09|VJ932|A537|HAN-NRT|00:55,2026-01-09,VJ932,A537,A321,HAN-NRT,,00:55,,00:55,,00:59,01:00,01:10,,,DELAY,ONTIME,ONTIME,,,15A,00:05,,,,,OFFLOAD 1PAX 1BAG,HAN,,NRT,International,VJ,,
2026-01-09|VJ982|A661|HAN-PUS|01:00,2026-01-09,VJ982,A661,A321,HAN-PUS,,01:00,,01:00,,00:49,00:50,00:52,,,EARLY,ONTIME,ONTIME,,,,,,,,,,HAN,,PUS,International,VJ,,
2026-01-09|VJ920|A697|HAN-NGO|01:35,2026-01-09,VJ920,A697,A321,HAN-NGO,,01:35,,01:35,,01:25,01:26,01:28,,,EARLY,ONTIME,ONTIME,,,,,,,,,,HAN,,NGO,International,VJ,,
2026-01-09|VJ938|A549|HAN-KIX|01:40,2026-01-09,VJ938,A549,A321,HAN-KIX,,01:40,,01:40,,01:28,01:30,01:30,,,EARLY,ONTIME,ONTIME,,,,,,,,,,HAN,,KIX,International,VJ,,
2026-01-09|VJ960|A552|HAN-ICN|01:45,2026-01-09,VJ960,A552,A321,HAN-ICN,,01:45,,01:45,,01:31,01:32,01:36,,,EARLY,ONTIME,ONTIME,,,,,,,,,,HAN,,ICN,International,VJ,,
2026-01-09|VJ7614/VJ7614|A539|CXR-HAN-BQS|02:10,2026-01-09,VJ7614/VJ7614,A539,A321,CXR-HAN-BQS,01:40,02:10,01:40,02:10,01:40,02:09,02:10,02:14,00:30,00:30,ONTIME,ONTIME,ONTIME,ONTIME,,,,,,,,,HAN,CXR,BQS,International,VJ,,
2026-01-09|VJ179|A516|HAN-SGN|05:00,2026-01-09,VJ179,A516,A321,HAN-SGN,,05:00,,05:00,,04:54,04:55,05:05,,,EARLY,ONTIME,ONTIME,,,,,,,,,,HAN,,SGN,Domestic,VJ,,
2026-01-09|VJ185|A546|HAN-SGN|05:10,2026-01-09,VJ185,A546,A321,HAN-SGN,,05:10,,05:10,,05:14,05:15,05:25,,,DELAY,ONTIME,ONTIME,,,15A,00:05,,,,,DL15A OFFLOAD 3PAX 6BAG,HAN,,SGN,Domestic,VJ,,
2026-01-09|VJ461|A637|HAN-VCA|05:30,2026-01-09,VJ461,A637,A321,HAN-VCA,,05:30,,05:30,,05:24,05:25,05:34,,,EARLY,ONTIME,ONTIME,,,,,,,,,,HAN,,VCA,Domestic,VJ,,
2026-01-09|VJ7713/VJ401|A663|PKX-HAN-DLI|05:50,2026-01-09,VJ7713/VJ401,A663,A320,PKX-HAN-DLI,04:10,05:50,04:10,05:50,03:55,05:44,05:45,05:50,01:40,01:50,EARLY,ONTIME,ONTIME,ONTIME,,,,,,,,,HAN,PKX,DLI,Domestic,VJ,,
2026-01-09|VJ443|A676|HAN-PQC|06:00,2026-01-09,VJ443,A676,A320,HAN-PQC,,06:00,,06:00,,05:54,05:55,05:58,,,EARLY,ONTIME,ONTIME,,,,,,,,,,HAN,,PQC,Domestic,VJ,,
2026-01-09|VJ491|A636|HAN-BMV|06:00,2026-01-09,VJ491,A636,A321,HAN-BMV,,06:00,,06:00,,05:54,05:55,06:00,,,EARLY,ONTIME,ONTIME,,,,,,,,,,HAN,,BMV,Domestic,VJ,,
2026-01-09|VJ7527/VJ503|A522|CAN-HAN-DAD|06:00,2026-01-09,VJ7527/VJ503,A522,A321,CAN-HAN-DAD,04:35,06:00,04:35,06:00,04:25,05:54,05:55,06:05,01:25,01:30,EARLY,ONTIME,ONTIME,ONTIME,,,,,,,,,HAN,CAN,DAD,Domestic,VJ,,
2026-01-09|VJ181|A670|HAN-SGN|06:40,2026-01-09,VJ181,A670,A321,HAN-SGN,,06:40,,07:30,,07:18,07:20,07:27,,,EARLY,ONTIME,DELAY,,,,,,,,,,HAN,,SGN,Domestic,VJ,,
2026-01-09|VJ105|652G|HAN-VCS|06:45,2026-01-09,VJ105,652G,C909,HAN-VCS,,06:45,,06:45,,06:39,06:40,06:45,,,EARLY,ONTIME,ONTIME,,,,,,,,,,HAN,,VCS,Domestic,VJ,,
2026-01-09|VJ431|A575|HAN-UIH|07:10,2026-01-09,VJ431,A575,A321,HAN-UIH,,07:10,,07:10,,07:04,07:05,07:15,,,EARLY,ONTIME,ONTIME,,,,,,,,,,HAN,,UIH,Domestic,VJ,,
2026-01-09|VJ905|A634|HAN-KUL|07:10,2026-01-09,VJ905,A634,A321,HAN-KUL,,07:10,,07:10,,07:04,07:05,07:08,,,EARLY,ONTIME,ONTIME,,,,,,,,,,HAN,,KUL,International,VJ,,
2026-01-09|VJ7239/VJ956|A672|PVG-HAN-PUS|07:30,2026-01-09,VJ7239/VJ956,A672,A320,PVG-HAN-PUS,05:15,07:30,05:15,07:30,04:56,07:39,07:40,08:00,02:15,02:44,DELAY,ONTIME,DELAY,ONTIME,,15A,00:10,,,,,OFFLOAD 2 PAX 3BAG,HAN,PVG,PUS,International,VJ,,
2026-01-09|VJ940|A647|HAN-TPE|07:35,2026-01-09,VJ940,A647,A321,HAN-TPE,,07:35,,07:35,,07:34,07:35,07:50,,,ONTIME,ONTIME,ONTIME,,,,,,,,,,HAN,,TPE,International,VJ,,
2026-01-09|VJ1926/VJ771|A553|AMD-HAN-CXR|08:05,2026-01-09,VJ1926/VJ771,A553,A321,AMD-HAN-CXR,06:20,08:05,06:20,08:05,05:40,07:59,08:00,08:04,01:45,02:20,EARLY,ONTIME,ONTIME,ONTIME,,,,,,,,,HAN,AMD,CXR,Domestic,VJ,,
2026-01-09|VJ107|656E|HAN-VCS|08:15,2026-01-09,VJ107,656E,C909,HAN-VCS,,08:15,,08:15,,08:11,08:12,08:15,,,EARLY,ONTIME,ONTIME,,,,,,,,,,HAN,,VCS,Domestic,VJ,,
2026-01-09|VJ930|A674|HAN-KIX|08:20,2026-01-09,VJ930,A674,A321,HAN-KIX,,08:20,,08:20,,08:17,08:19,08:25,,,EARLY,ONTIME,ONTIME,,,,,,,,,,HAN,,KIX,International,VJ,,
2026-01-09|VJ934|A545|HAN-NRT|08:20,2026-01-09,VJ934,A545,A321,HAN-NRT,,08:20,,08:20,,08:19,08:20,08:25,,,ONTIME,ONTIME,ONTIME,,,,,,,,,,HAN,,NRT,International,VJ,,
2026-01-09|VJ972/VJ125|A814|DEL-HAN-SGN|08:40,2026-01-09,VJ972/VJ125,A814,A330,DEL-HAN-SGN,05:35,08:40,05:35,08:40,05:15,08:39,08:40,08:49,03:05,03:25,ONTIME,ONTIME,ONTIME,ONTIME,,,,,,,,,HAN,DEL,SGN,Domestic,VJ,,
2026-01-09|VJ502/VJ929|A669|DAD-HAN-CGK|08:40,2026-01-09,VJ502/VJ929,A669,A320,DAD-HAN-CGK,07:05,08:40,07:05,08:40,06:55,08:39,08:40,08:44,01:35,01:45,ONTIME,ONTIME,ONTIME,ONTIME,,,,,,,,,HAN,DAD,CGK,International,VJ,,
2026-01-09|VJ126/VJ127|A693|SGN-HAN-SGN|08:55,2026-01-09,VJ126/VJ127,A693,A321,SGN-HAN-SGN,08:25,08:55,08:25,08:55,08:32,08:54,08:55,09:03,00:30,00:23,ONTIME,ONTIME,ONTIME,ONTIME,,,,,,,,,HAN,SGN,SGN,Domestic,VJ,,
2026-01-09|VJ524/VJ139|A662|DAD-HAN-SGN|09:30,2026-01-09,VJ524/VJ139,A662,A320,DAD-HAN-SGN,08:10,09:30,08:10,09:30,08:00,09:24,09:25,09:27,01:20,01:25,EARLY,ONTIME,ONTIME,ONTIME,,,,,,,,,HAN,DAD,SGN,Domestic,VJ,,
2026-01-09|VJ122/VJ915|A649|SGN-HAN-SIN|09:35,2026-01-09,VJ122/VJ915,A649,A321,SGN-HAN-SIN,07:30,09:35,07:30,09:35,07:40,09:30,09:31,09:34,02:05,01:51,EARLY,ONTIME,ONTIME,ONTIME,,,,,,,,,HAN,SGN,SIN,International,VJ,,
2026-01-09|VJ527|A642|HAN-DAD|09:45,2026-01-09,VJ527,A642,A321,HAN-DAD,,09:45,,09:45,,09:44,09:45,09:50,,,ONTIME,ONTIME,ONTIME,,,,,,,,,,HAN,,DAD,Domestic,VJ,,
2026-01-09|VJ504/VJ997|A522|DAD-HAN-DPS|10:00,2026-01-09,VJ504/VJ997,A522,A321,DAD-HAN-DPS,09:00,10:00,09:00,10:00,09:35,10:29,10:30,10:30,01:00,00:55,DELAY,DELAY,DELAY,DELAY,,93,00:05,66,00:15,41,00:10,CREW HN OB 09:55,HAN,DAD,DPS,International,VJ,,
2026-01-09|VJ148/VJ149|-MLI|SGN-HAN-SGN|10:05,2026-01-09,VJ148/VJ149,-MLI,A320,SGN-HAN-SGN,09:30,10:05,09:30,10:05,09:35,10:00,10:02,10:09,00:35,00:27,EARLY,ONTIME,ONTIME,ONTIME,,,,,,,,,HAN,SGN,SGN,Domestic,VJ,,
2026-01-09|VJ176/VJ567|A554|SGN-HAN-HUI|10:10,2026-01-09,VJ176/VJ567,A554,A321,SGN-HAN-HUI,09:25,10:10,09:25,10:10,09:50,10:16,10:17,10:25,00:45,00:27,DELAY,ONTIME,ONTIME,DELAY,,93,00:15,,,,,,HAN,SGN,HUI,Domestic,VJ,,
2026-01-09|VJ507|A643|HAN-DAD|10:30,2026-01-09,VJ507,A643,A321,HAN-DAD,,10:30,,10:30,,10:24,10:25,10:35,,,EARLY,ONTIME,ONTIME,,,,,,,,,,HAN,,DAD,Domestic,VJ,,
2026-01-09|VJ492/VJ403|A636|BMV-HAN-DLI|10:45,2026-01-09,VJ492/VJ403,A636,A321,BMV-HAN-DLI,10:00,10:45,10:00,10:45,09:55,10:44,10:45,10:48,00:45,00:50,ONTIME,ONTIME,ONTIME,ONTIME,,,,,,,,,HAN,BMV,DLI,Domestic,VJ,,
2026-01-09|VJ402/VJ463|A663|DLI-HAN-VCA|10:50,2026-01-09,VJ402/VJ463,A663,A320,DLI-HAN-VCA,10:10,10:50,10:10,10:50,10:05,10:49,10:50,11:00,00:40,00:45,ONTIME,ONTIME,ONTIME,ONTIME,,,,,,,,,HAN,DLI,VCA,Domestic,VJ,,
2026-01-09|VJ460/VJ775|A637|VCA-HAN-CXR|10:55,2026-01-09,VJ460/VJ775,A637,A321,VCA-HAN-CXR,10:20,10:55,10:20,10:55,10:30,10:54,10:55,11:00,00:35,00:25,ONTIME,ONTIME,ONTIME,ONTIME,,,,,,,,,HAN,VCA,CXR,Domestic,VJ,,
2026-01-09|VJ136/VJ135|A607|SGN-HAN-SGN|11:10,2026-01-09,VJ136/VJ135,A607,A321,SGN-HAN-SGN,10:40,11:10,10:40,11:10,10:50,11:17,11:18,11:19,00:30,00:28,DELAY,ONTIME,ONTIME,ONTIME,,93,00:08,,,,,,HAN,SGN,SGN,Domestic,VJ,,
2026-01-09|VJ430/VJ407|A575|UIH-HAN-DLI|11:25,2026-01-09,VJ430/VJ407,A575,A321,UIH-HAN-DLI,10:55,11:25,10:55,11:45,11:10,11:35,11:37,11:39,00:50,00:27,EARLY,ONTIME,ONTIME,ONTIME,,,,,,,,,HAN,UIH,DLI,Domestic,VJ,,
2026-01-09|VJ124/VJ451|A811|SGN-HAN-PQC|11:25,2026-01-09,VJ124/VJ451,A811,A330,SGN-HAN-PQC,07:50,11:25,07:50,11:25,08:00,11:24,11:25,11:32,03:35,03:25,ONTIME,ONTIME,ONTIME,ONTIME,,,,,,,,,HAN,SGN,PQC,Domestic,VJ,,
2026-01-09|VJ963/VJ946|A538|ICN-HAN-KHH|11:45,2026-01-09,VJ963/VJ946,A538,A321,ICN-HAN-KHH,09:30,11:45,09:30,11:45,09:15,11:33,11:35,11:38,02:15,02:20,EARLY,ONTIME,ONTIME,ONTIME,,,,,,,,,HAN,ICN,KHH,International,VJ,,
2026-01-09|VJ132/VJ137|A544|SGN-HAN-SGN|11:55,2026-01-09,VJ132/VJ137,A544,A321,SGN-HAN-SGN,11:25,11:55,11:25,11:55,11:50,12:14,12:15,12:20,00:30,00:25,DELAY,DELAY,DELAY,DELAY,,93,00:20,,,,,,HAN,SGN,SGN,Domestic,VJ,,
2026-01-09|VJ981/VJ901|A661|PUS-HAN-BKK|12:15,2026-01-09,VJ981/VJ901,A661,A321,PUS-HAN-BKK,11:00,12:15,11:00,12:15,10:55,12:14,12:15,12:24,01:15,01:20,ONTIME,ONTIME,ONTIME,ONTIME,,,,,,,,,HAN,PUS,BKK,International,VJ,,
2026-01-09|VJ442/VJ441|A676|PQC-HAN-PQC|12:25,2026-01-09,VJ442/VJ441,A676,A320,PQC-HAN-PQC,10:45,12:25,10:45,12:25,11:02,12:19,12:20,12:24,01:40,01:18,EARLY,ONTIME,ONTIME,DELAY,,,,,,,,,HAN,PQC,PQC,Domestic,VJ,,
2026-01-09|VJ528/VJ513|A642|DAD-HAN-DAD|13:35,2026-01-09,VJ528/VJ513,A642,A321,DAD-HAN-DAD,13:00,13:35,13:00,14:00,13:25,13:54,13:55,14:05,01:00,00:30,EARLY,ONTIME,DELAY,DELAY,,,,,,,,,HAN,DAD,DAD,Domestic,VJ,,
2026-01-09|VJ128/VJ143|A812|SGN-HAN-SGN|13:40,2026-01-09,VJ128/VJ143,A812,A330,SGN-HAN-SGN,12:10,13:40,12:10,13:40,12:25,13:38,13:39,13:42,01:30,01:14,EARLY,ONTIME,ONTIME,ONTIME,,,,,,,,,HAN,SGN,SGN,Domestic,VJ,,
2026-01-09|VJ188/VJ151|-NVE|SGN-HAN-SGN|14:00,2026-01-09,VJ188/VJ151,-NVE,A320,SGN-HAN-SGN,13:25,14:00,13:25,14:00,14:15,14:39,14:40,15:11,00:35,00:25,DELAY,DELAY,DELAY,DELAY,,93,00:40,,,,,,HAN,SGN,SGN,Domestic,VJ,,
2026-01-09|VJ939/VJ948|A549|KIX-HAN-RMQ|14:05,2026-01-09,VJ939/VJ948,A549,A321,KIX-HAN-RMQ,13:05,14:05,13:05,14:05,12:50,14:00,14:02,14:03,01:00,01:12,EARLY,ONTIME,ONTIME,ONTIME,,,,,,,,,HAN,KIX,RMQ,International,VJ,,
2026-01-09|VJ508/VJ511|A643|DAD-HAN-DAD|14:20,2026-01-09,VJ508/VJ511,A643,A321,DAD-HAN-DAD,13:40,14:20,13:40,14:20,14:15,14:48,14:50,15:00,00:40,00:35,DELAY,DELAY,DELAY,DELAY,,93,00:25,66,00:05,,,CREW HN OB 14:25,HAN,DAD,DAD,Domestic,VJ,,
2026-01-09|VJ921/VJ1491|A697|NGO-HAN-BMV|14:35,2026-01-09,VJ921/VJ1491,A697,A321,NGO-HAN-BMV,13:40,14:35,13:40,14:35,12:50,14:23,14:25,14:30,00:55,01:35,EARLY,ONTIME,ONTIME,ONTIME,,,,,,,,,HAN,NGO,BMV,Domestic,VJ,,
2026-01-09|VJ933/VJ942|A537|NRT-HAN-TPE|14:45,2026-01-09,VJ933/VJ942,A537,A321,NRT-HAN-TPE,14:00,14:45,14:00,14:45,14:05,14:49,14:50,15:05,00:45,00:45,DELAY,ONTIME,DELAY,ONTIME,,66,00:05,,,,,CREW HN OB 14:25,HAN,NRT,TPE,International,VJ,,
2026-01-09|VJ7615/VJ7615|A539|BQS-HAN-CXR|15:10,2026-01-09,VJ7615/VJ7615,A539,A321,BQS-HAN-CXR,14:40,15:10,14:40,15:10,15:20,15:59,16:00,16:10,00:30,00:40,DELAY,DELAY,DELAY,DELAY,,93,00:40,99,00:10,,,TECHSTOP / CAPTAIN DO LOADSHEET,HAN,BQS,CXR,Domestic,VJ,,
2026-01-09|VJ566/VJ1441|A554|HUI-HAN-PQC|15:30,2026-01-09,VJ566/VJ1441,A554,A321,HUI-HAN-PQC,13:05,15:30,13:05,15:30,13:25,15:24,15:25,15:40,02:25,02:00,EARLY,ONTIME,ONTIME,DELAY,,,,,,,,,HAN,HUI,PQC,Domestic,VJ,,
2026-01-09|VJ144/VJ145|A814|SGN-HAN-SGN|15:35,2026-01-09,VJ144/VJ145,A814,A330,SGN-HAN-SGN,14:10,15:35,14:10,15:35,14:55,15:34,15:35,15:40,01:25,00:40,ONTIME,ONTIME,ONTIME,DELAY,,,,,,,,,HAN,SGN,SGN,Domestic,VJ,,
2026-01-09|VJ774/VJ175|A637|CXR-HAN-SGN|15:35,2026-01-09,VJ774/VJ175,A637,A321,CXR-HAN-SGN,15:05,15:35,15:05,15:35,15:30,15:54,15:55,16:25,00:30,00:25,DELAY,DELAY,DELAY,DELAY,,93,00:20,,,,,,HAN,CXR,SGN,Domestic,VJ,,
2026-01-09|VJ770/VJ199|A553|CXR-HAN-SGN|15:40,2026-01-09,VJ770/VJ199,A553,A321,CXR-HAN-SGN,12:15,15:40,12:15,15:40,12:35,15:39,15:40,15:55,03:25,03:05,ONTIME,ONTIME,ONTIME,DELAY,,,,,,,,,HAN,CXR,SGN,Domestic,VJ,,
2026-01-09|VJ941/VJ903|A647|TPE-HAN-BKK|15:50,2026-01-09,VJ941/VJ903,A647,A321,TPE-HAN-BKK,14:10,15:50,14:10,15:50,14:20,15:41,15:42,16:00,01:40,01:22,EARLY,ONTIME,ONTIME,ONTIME,,,,,,,,,HAN,TPE,BKK,International,VJ,,
2026-01-09|VJ198/VJ195|A662|SGN-HAN-SGN|16:00,2026-01-09,VJ198/VJ195,A662,A320,SGN-HAN-SGN,15:10,16:00,15:10,16:00,15:15,15:59,16:00,16:10,00:50,00:45,ONTIME,ONTIME,ONTIME,ONTIME,,,,,,,,,HAN,SGN,SGN,Domestic,VJ,,
2026-01-09|VJ142/VJ157|A667|SGN-HAN-SGN|16:00,2026-01-09,VJ142/VJ157,A667,A321,SGN-HAN-SGN,14:50,16:00,14:50,16:00,15:11,15:57,15:58,16:15,01:10,00:47,EARLY,ONTIME,ONTIME,DELAY,,,,,,,,,HAN,SGN,SGN,Domestic,VJ,,
2026-01-09|VJ462/VJ423|A663|VCA-HAN-PXU|16:10,2026-01-09,VJ462/VJ423,A663,A320,VCA-HAN-PXU,15:40,16:10,15:40,16:10,16:00,16:21,16:23,16:36,00:30,00:23,DELAY,ONTIME,DELAY,DELAY,,93,00:13,,,,,,HAN,VCA,PXU,Domestic,VJ,,
2026-01-09|VJ961/VJ913|A552|ICN-HAN-SAI|16:20,2026-01-09,VJ961/VJ913,A552,A321,ICN-HAN-SAI,14:10,16:20,14:10,16:20,14:25,16:19,16:20,16:35,02:10,01:55,ONTIME,ONTIME,ONTIME,ONTIME,,,,,,,,,HAN,ICN,SAI,International,VJ,,
2026-01-09|VJ408/VJ2623|A575|DLI-HAN-DAD|16:25,2026-01-09,VJ408/VJ2623,A575,A321,DLI-HAN-DAD,15:35,16:25,15:35,16:25,15:55,16:34,16:35,16:40,00:50,00:40,DELAY,ONTIME,ONTIME,DELAY,,66,00:10,,,,,CREW OB 1603,HAN,DLI,DAD,Domestic,VJ,,
2026-01-09|VJ514/VJ147|A642|DAD-HAN-SGN|17:25,2026-01-09,VJ514/VJ147,A642,A321,DAD-HAN-SGN,16:45,17:25,16:45,18:15,17:35,18:20,18:21,18:29,01:30,00:46,DELAY,ONTIME,DELAY,DELAY,,66,00:06,,,,,CREW OB 1800,HAN,DAD,SGN,Domestic,VJ,,
2026-01-09|VJ194/VJ465|A655|SGN-HAN-VCA|17:45,2026-01-09,VJ194/VJ465,A655,A320,SGN-HAN-VCA,17:30,17:45,17:30,18:25,18:00,18:29,18:30,18:40,00:55,00:30,DELAY,ONTIME,DELAY,DELAY,,66,00:05,,,,,CREW OB 1811,HAN,SGN,VCA,Domestic,VJ,,
2026-01-09|VJ902/VJ779|A661|BKK-HAN-CXR|18:00,2026-01-09,VJ902/VJ779,A661,A321,BKK-HAN-CXR,17:00,18:00,17:00,18:00,17:12,17:56,17:58,18:01,01:00,00:46,EARLY,ONTIME,ONTIME,ONTIME,,,,,,,,,HAN,BKK,CXR,Domestic,VJ,,
2026-01-09|VJ900/VJ193|A646|DPS-HAN-SGN|18:10,2026-01-09,VJ900/VJ193,A646,A321,DPS-HAN-SGN,17:20,18:10,17:20,18:10,16:55,18:09,18:10,18:19,00:50,01:15,ONTIME,ONTIME,ONTIME,ONTIME,,,,,,,,,HAN,DPS,SGN,Domestic,VJ,,
2026-01-09|VJ446/VJ165|A676|PQC-HAN-SGN|18:30,2026-01-09,VJ446/VJ165,A676,A320,PQC-HAN-SGN,17:10,18:30,17:10,18:30,17:35,18:39,18:40,18:45,01:20,01:05,DELAY,ONTIME,ONTIME,DELAY,,66,00:10,,,,,CREW OB 1815,HAN,PQC,SGN,Domestic,VJ,,
2026-01-09|VJ957/VJ1925|A672|PUS-HAN-AMD|19:00,2026-01-09,VJ957/VJ1925,A672,A320,PUS-HAN-AMD,17:20,19:00,17:20,19:00,17:30,18:59,19:00,19:15,01:40,01:30,ONTIME,ONTIME,ONTIME,ONTIME,,,,,,,,,HAN,PUS,AMD,International,VJ,,
2026-01-09|VJ445|A656|HAN-PQC|19:00,2026-01-09,VJ445,A656,A320,HAN-PQC,,19:00,,19:00,,18:59,19:00,19:15,,,ONTIME,ONTIME,ONTIME,,,,,,,,,,HAN,,PQC,Domestic,VJ,,
2026-01-09|VJ512/VJ517|A643|DAD-HAN-DAD|19:05,2026-01-09,VJ512/VJ517,A643,A321,DAD-HAN-DAD,17:30,19:05,17:30,19:05,18:40,19:18,19:20,19:30,01:35,00:40,DELAY,ONTIME,DELAY,DELAY,,93,00:05,66,00:10,,,CREW OB 1842,HAN,DAD,DAD,Domestic,VJ,,
2026-01-09|VJ916/VJ173|A649|SIN-HAN-SGN|19:05,2026-01-09,VJ916/VJ173,A649,A321,SIN-HAN-SGN,17:25,19:05,17:25,19:05,17:05,19:04,19:05,19:20,01:40,02:00,ONTIME,ONTIME,ONTIME,ONTIME,,,,,,,,,HAN,SIN,SGN,Domestic,VJ,,
2026-01-09|VJ947/VJ907|A538|KHH-HAN-BOM|19:15,2026-01-09,VJ947/VJ907,A538,A321,KHH-HAN-BOM,18:05,19:15,18:05,19:15,18:02,19:14,19:15,19:25,01:10,01:13,ONTIME,ONTIME,ONTIME,ONTIME,,,,,,,,,HAN,KHH,BOM,International,VJ,,
2026-01-09|VJ516/VJ569|A575|DAD-HAN-HUI|19:15,2026-01-09,VJ516/VJ569,A575,A321,DAD-HAN-HUI,19:35,19:15,20:05,20:45,20:05,20:37,20:38,20:45,00:40,00:33,EARLY,ONTIME,DELAY,DELAY,,,,,,,,,HAN,DAD,HUI,Domestic,VJ,,
2026-01-09|VJ1492/VJ519|A697|BMV-HAN-DAD|19:45,2026-01-09,VJ1492/VJ519,A697,A321,BMV-HAN-DAD,18:35,19:45,18:35,19:45,18:45,19:44,19:45,20:00,01:10,01:00,ONTIME,ONTIME,ONTIME,ONTIME,,,,,,,,,HAN,BMV,DAD,Domestic,VJ,,
2026-01-09|VJ928/VJ7712|A669|CGK-HAN-PKX|20:05,2026-01-09,VJ928/VJ7712,A669,A320,CGK-HAN-PKX,18:15,20:05,18:15,20:05,18:55,19:57,19:59,20:10,01:50,01:04,EARLY,ONTIME,ONTIME,DELAY,,,,,,,,,HAN,CGK,PKX,International,VJ,,
2026-01-09|VJ931/VJ7342|A674|KIX-HAN-XIY|20:20,2026-01-09,VJ931/VJ7342,A674,A321,KIX-HAN-XIY,19:15,20:20,19:15,20:20,19:05,20:09,20:10,20:20,01:05,01:05,EARLY,ONTIME,ONTIME,ONTIME,,,,,,,,,HAN,KIX,XIY,International,VJ,,
2026-01-09|VJ1440/VJ521|A554|PQC-HAN-DAD|21:10,2026-01-09,VJ1440/VJ521,A554,A321,PQC-HAN-DAD,20:10,21:10,20:10,21:35,21:05,21:34,21:35,21:40,01:25,00:30,ONTIME,ONTIME,DELAY,DELAY,,,,,,,,,HAN,PQC,DAD,Domestic,VJ,,
2026-01-09|VJ904/VJ7238|A647|BKK-HAN-PVG|21:30,2026-01-09,VJ904/VJ7238,A647,A321,BKK-HAN-PVG,20:25,21:30,20:25,21:50,20:50,21:34,21:35,21:38,01:25,00:45,EARLY,ONTIME,ONTIME,DELAY,,,,,,,,,HAN,BKK,PVG,International,VJ,,
2026-01-09|VJ150/VJ161|A526|SGN-HAN-SGN|21:50,2026-01-09,VJ150/VJ161,A526,A321,SGN-HAN-SGN,21:10,21:50,21:10,21:50,21:40,22:09,22:10,22:20,00:40,00:30,DELAY,DELAY,DELAY,DELAY,,93,00:20,,,,,,HAN,SGN,SGN,Domestic,VJ,,
2026-01-09|VJ134/VJ123|A658|SGN-HAN-SGN|22:40,2026-01-09,VJ134/VJ123,A658,A320,SGN-HAN-SGN,22:10,22:40,22:10,22:40,20:10,22:34,22:35,22:37,00:30,02:25,EARLY,ONTIME,ONTIME,ONTIME,,,,,,,,,HAN,SGN,SGN,Domestic,VJ,,
2026-01-09|VJ518/VJ523|A643|DAD-HAN-DAD|22:45,2026-01-09,VJ518/VJ523,A643,A321,DAD-HAN-DAD,22:15,22:45,22:15,22:45,23:30,23:59,1904-01-02,00:18,00:30,00:30,DELAY,DELAY,DELAY,DELAY,,93,01:15,,,,,,HAN,DAD,DAD,Domestic,VJ,,
2026-01-09|VJ914/VJ962|A552|SAI-HAN-ICN|22:50,2026-01-09,VJ914/VJ962,A552,A321,SAI-HAN-ICN,20:50,22:50,20:50,22:50,20:50,22:42,22:44,22:47,02:00,01:54,EARLY,ONTIME,ONTIME,ONTIME,,,,,,,,,HAN,SAI,ICN,International,VJ,,
2026-01-09|VJ180/VJ171|A810|SGN-HAN-SGN|23:25,2026-01-09,VJ180/VJ171,A810,A330,SGN-HAN-SGN,22:25,23:25,22:25,23:25,22:35,23:21,23:23,23:24,01:00,00:48,EARLY,ONTIME,ONTIME,ONTIME,,,,,,,,,HAN,SGN,SGN,Domestic,VJ,,
2026-01-09|VJ190/VJ7526|A642|SGN-HAN-CAN|23:40,2026-01-09,VJ190/VJ7526,A642,A321,SGN-HAN-CAN,22:20,23:40,22:20,23:40,23:50,00:14,00:15,00:23,01:20,00:25,DELAY,DELAY,DELAY,DELAY,,93,00:35,,,,,,HAN,SGN,CAN,International,VJ,,
2026-01-10|VJ932|A549|HAN-NRT|00:55,2026-01-10,VJ932,A549,A321,HAN-NRT,,00:55,,00:55,,00:52,00:55,00:55,,,ONTIME,ONTIME,ONTIME,,,,,,,,,,HAN,,NRT,International,VJ,,
2026-01-10|VJ982|A661|HAN-PUS|01:00,2026-01-10,VJ982,A661,A321,HAN-PUS,,01:00,,01:00,,00:54,00:55,01:00,,,EARLY,ONTIME,ONTIME,,,,,,,,,,HAN,,PUS,International,VJ,,
2026-01-10|VJ7706/VJ7706|A539|CXR-HAN-KHV|01:25,2026-01-10,VJ7706/VJ7706,A539,A321,CXR-HAN-KHV,00:55,01:25,00:55,01:25,01:00,01:32,01:33,01:37,00:30,00:33,DELAY,ONTIME,ONTIME,ONTIME,,93,00:08,,,,,,HAN,CXR,KHV,International,VJ,,
2026-01-10|VJ920|A545|HAN-NGO|01:35,2026-01-10,VJ920,A545,A321,HAN-NGO,,01:35,,01:35,,01:19,01:20,01:25,,,EARLY,ONTIME,ONTIME,,,,,,,,,,HAN,,NGO,International,VJ,,
2026-01-10|VJ938|A575|HAN-KIX|01:40,2026-01-10,VJ938,A575,A321,HAN-KIX,,01:40,,01:40,,01:33,01:35,01:35,,,EARLY,ONTIME,ONTIME,,,,,,,,,,HAN,,KIX,International,VJ,,
2026-01-10|VJ958|A636|HAN-FUK|02:05,2026-01-10,VJ958,A636,A321,HAN-FUK,,02:05,,02:05,,01:49,01:50,02:03,,,EARLY,ONTIME,ONTIME,,,,,,,,,,HAN,,FUK,International,VJ,,
2026-01-10|VJ960|A667|HAN-ICN|02:15,2026-01-10,VJ960,A667,A321,HAN-ICN,,02:15,,02:15,,01:49,01:50,01:55,,,EARLY,ONTIME,ONTIME,,,,,,,,,,HAN,,ICN,International,VJ,,
2026-01-10|VJ179|A675|HAN-SGN|05:00,2026-01-10,VJ179,A675,A320,HAN-SGN,,05:00,,05:00,,04:54,04:55,05:01,,,EARLY,ONTIME,ONTIME,,,,,,,,,,HAN,,SGN,Domestic,VJ,,
2026-01-10|VJ7343/VJ185|A674|XIY-HAN-SGN|05:10,2026-01-10,VJ7343/VJ185,A674,A321,XIY-HAN-SGN,03:10,05:10,03:10,05:10,02:55,05:04,05:05,05:10,02:00,02:10,EARLY,ONTIME,ONTIME,ONTIME,,,,,,,,,HAN,XIY,SGN,Domestic,VJ,,
2026-01-10|VJ461|A673|HAN-VCA|05:30,2026-01-10,VJ461,A673,A321,HAN-VCA,,05:30,,05:30,,05:24,05:25,05:31,,,EARLY,ONTIME,ONTIME,,,,,,,,,,HAN,,VCA,Domestic,VJ,,
2026-01-10|VJ443|A522|HAN-PQC|06:00,2026-01-10,VJ443,A522,A321,HAN-PQC,,06:00,,06:00,,05:54,05:55,05:59,,,EARLY,ONTIME,ONTIME,,,,,,,,,,HAN,,PQC,Domestic,VJ,,
2026-01-10|VJ7239/VJ503|A647|PVG-HAN-DAD|06:00,2026-01-10,VJ7239/VJ503,A647,A321,PVG-HAN-DAD,05:15,06:00,05:15,06:00,05:20,06:04,06:05,06:11,00:45,00:45,DELAY,ONTIME,ONTIME,ONTIME,,66,00:05,,,,,CREW OB 0535,HAN,PVG,DAD,Domestic,VJ,,
2026-01-10|VJ491|A637|HAN-BMV|06:00,2026-01-10,VJ491,A637,A321,HAN-BMV,,06:00,,06:00,,05:54,05:55,06:07,,,EARLY,ONTIME,ONTIME,,,,,,,,,,HAN,,BMV,Domestic,VJ,,
2026-01-10|VJ7527/VJ421|A642|CAN-HAN-PXU|06:05,2026-01-10,VJ7527/VJ421,A642,A321,CAN-HAN-PXU,04:35,06:05,04:35,06:05,04:40,05:59,06:00,06:05,01:30,01:20,EARLY,ONTIME,ONTIME,ONTIME,,,,,,,,,HAN,CAN,PXU,Domestic,VJ,,
2026-01-10|VJ952|A663|HAN-HIJ|06:05,2026-01-10,VJ952,A663,A320,HAN-HIJ,,06:05,,06:05,,06:04,06:05,06:15,,,ONTIME,ONTIME,ONTIME,,,,,,,,,,HAN,,HIJ,International,VJ,,
2026-01-10|VJ181|A817|HAN-SGN|06:40,2026-01-10,VJ181,A817,A330,HAN-SGN,,06:40,,06:40,,06:34,06:35,06:42,,,EARLY,ONTIME,ONTIME,,,,,,,,,,HAN,,SGN,Domestic,VJ,,
2026-01-10|VJ105|652G|HAN-VCS|06:45,2026-01-10,VJ105,652G,C909,HAN-VCS,,06:45,,06:45,,06:44,06:45,06:52,,,ONTIME,ONTIME,ONTIME,,,,,,,,,,HAN,,VCS,Domestic,VJ,,
2026-01-10|VJ905|A537|HAN-KUL|07:10,2026-01-10,VJ905,A537,A321,HAN-KUL,,07:10,,07:10,,07:04,07:05,07:15,,,EARLY,ONTIME,ONTIME,,,,,,,,,,HAN,,KUL,International,VJ,,
2026-01-10|VJ1926/VJ956|A672|AMD-HAN-PUS|07:30,2026-01-10,VJ1926/VJ956,A672,A320,AMD-HAN-PUS,06:20,07:30,06:20,07:30,05:25,07:20,07:21,07:30,01:10,01:56,EARLY,ONTIME,ONTIME,ONTIME,,,,,,,,,HAN,AMD,PUS,International,VJ,,
2026-01-10|VJ940|A671|HAN-TPE|07:35,2026-01-10,VJ940,A671,A320,HAN-TPE,,07:35,,07:35,,07:26,07:27,07:33,,,EARLY,ONTIME,ONTIME,,,,,,,,,,HAN,,TPE,International,VJ,,
2026-01-10|VJ502/VJ771|A525|DAD-HAN-CXR|07:40,2026-01-10,VJ502/VJ771,A525,A321,DAD-HAN-CXR,07:05,07:40,07:05,07:40,07:05,07:38,07:40,07:45,00:35,00:35,ONTIME,ONTIME,ONTIME,ONTIME,,,,,,,,,HAN,DAD,CXR,Domestic,VJ,,
2026-01-10|VJ107|656E|HAN-VCS|08:15,2026-01-10,VJ107,656E,C909,HAN-VCS,,08:15,,08:15,,08:01,08:02,08:10,,,EARLY,ONTIME,ONTIME,,,,,,,,,,HAN,,VCS,Domestic,VJ,,
2026-01-10|VJ122/VJ934|A548|SGN-HAN-NRT|08:20,2026-01-10,VJ122/VJ934,A548,A321,SGN-HAN-NRT,07:30,08:20,07:30,08:20,07:25,08:17,08:18,08:21,00:50,00:53,EARLY,ONTIME,ONTIME,ONTIME,,,,,,,,,HAN,SGN,NRT,International,VJ,,
2026-01-10|VJ910/VJ930|A538|BOM-HAN-KIX|08:20,2026-01-10,VJ910/VJ930,A538,A321,BOM-HAN-KIX,06:40,08:20,06:40,08:20,07:00,08:19,08:20,08:30,01:40,01:20,ONTIME,ONTIME,ONTIME,DELAY,,,,,,,,,HAN,BOM,KIX,International,VJ,,
2026-01-10|VJ7713/VJ929|A669|PKX-HAN-CGK|08:40,2026-01-10,VJ7713/VJ929,A669,A320,PKX-HAN-CGK,04:10,08:40,04:10,08:40,04:25,08:31,08:32,08:37,04:30,04:07,EARLY,ONTIME,ONTIME,ONTIME,,,,,,,,,HAN,PKX,CGK,International,VJ,,
2026-01-10|VJ120/VJ121|A641|SGN-HAN-SGN|08:40,2026-01-10,VJ120/VJ121,A641,A321,SGN-HAN-SGN,07:40,08:40,07:40,08:40,07:45,08:28,08:29,08:37,01:00,00:44,EARLY,ONTIME,ONTIME,ONTIME,,,,,,,,,HAN,SGN,SGN,Domestic,VJ,,
2026-01-10|VJ124/VJ125|A815|SGN-HAN-SGN|09:05,2026-01-10,VJ124/VJ125,A815,A330,SGN-HAN-SGN,08:15,09:05,08:15,09:50,09:00,09:39,09:40,09:48,01:35,00:40,EARLY,ONTIME,DELAY,DELAY,,,,,,,,,HAN,SGN,SGN,Domestic,VJ,,
2026-01-10|VJ126/VJ127|A687|SGN-HAN-SGN|09:10,2026-01-10,VJ126/VJ127,A687,A321,SGN-HAN-SGN,08:40,09:10,08:40,09:10,08:45,09:14,09:15,09:24,00:30,00:30,DELAY,ONTIME,ONTIME,ONTIME,,93,00:05,,,,,,HAN,SGN,SGN,Domestic,VJ,,
2026-01-10|VJ504/VJ915|A647|DAD-HAN-SIN|09:35,2026-01-10,VJ504/VJ915,A647,A321,DAD-HAN-SIN,09:10,09:35,09:10,10:00,09:25,10:09,10:10,10:15,00:50,00:45,DELAY,ONTIME,DELAY,ONTIME,,66,00:10,,,,,CREW OB 0940,HAN,DAD,SIN,International,VJ,,
2026-01-10|VJ997|A697|HAN-DPS|10:00,2026-01-10,VJ997,A697,A321,HAN-DPS,,10:00,,10:00,,09:56,09:57,10:04,,,EARLY,ONTIME,ONTIME,,,,,,,,,,HAN,,DPS,International,VJ,,
2026-01-10|VJ148/VJ149|-MLI|SGN-HAN-SGN|10:05,2026-01-10,VJ148/VJ149,-MLI,A320,SGN-HAN-SGN,09:30,10:05,09:30,10:05,09:45,10:09,10:10,10:20,00:35,00:25,DELAY,ONTIME,ONTIME,ONTIME,,93,00:05,,,,,,HAN,SGN,SGN,Domestic,VJ,,
2026-01-10|VJ422/VJ567|A642|PXU-HAN-HUI|10:10,2026-01-10,VJ422/VJ567,A642,A321,PXU-HAN-HUI,09:40,10:10,09:40,10:10,09:40,10:09,10:10,10:20,00:30,00:30,ONTIME,ONTIME,ONTIME,ONTIME,,,,,,,,,HAN,PXU,HUI,Domestic,VJ,,
2026-01-10|VJ507|A634|HAN-DAD|10:30,2026-01-10,VJ507,A634,A321,HAN-DAD,,10:30,,10:30,,10:29,10:30,10:34,,,ONTIME,ONTIME,ONTIME,,,,,,,,,,HAN,,DAD,Domestic,VJ,,
2026-01-10|VJ492/VJ403|A637|BMV-HAN-DLI|10:45,2026-01-10,VJ492/VJ403,A637,A321,BMV-HAN-DLI,10:00,10:45,10:00,10:45,10:20,10:44,10:45,10:50,00:45,00:25,ONTIME,ONTIME,ONTIME,DELAY,,,,,,,,,HAN,BMV,DLI,Domestic,VJ,,
2026-01-10|VJ963/VJ463|A552|ICN-HAN-VCA|10:50,2026-01-10,VJ963/VJ463,A552,A321,ICN-HAN-VCA,09:30,10:50,09:30,10:50,09:30,10:44,10:45,10:50,01:20,01:15,EARLY,ONTIME,ONTIME,ONTIME,,,,,,,,,HAN,ICN,VCA,Domestic,VJ,,
2026-01-10|VJ460/VJ407|A673|VCA-HAN-DLI|11:25,2026-01-10,VJ460/VJ407,A673,A321,VCA-HAN-DLI,10:20,11:25,10:20,11:25,10:25,11:19,11:20,11:30,01:05,00:55,EARLY,ONTIME,ONTIME,ONTIME,,,,,,,,,HAN,VCA,DLI,Domestic,VJ,,
2026-01-10|VJ137|A655|HAN-SGN|11:40,2026-01-10,VJ137,A655,A320,HAN-SGN,,11:40,,11:40,,11:39,11:40,11:50,,,ONTIME,ONTIME,ONTIME,,,,,,,,,,HAN,,SGN,Domestic,VJ,,
2026-01-10|VJ442/VJ946|A522|PQC-HAN-KHH|11:45,2026-01-10,VJ442/VJ946,A522,A321,PQC-HAN-KHH,10:45,11:45,10:45,11:45,11:00,11:39,11:40,11:42,01:00,00:40,EARLY,ONTIME,ONTIME,ONTIME,,,,,,,,,HAN,PQC,KHH,International,VJ,,
2026-01-10|VJ981/VJ901|A661|PUS-HAN-BKK|12:15,2026-01-10,VJ981/VJ901,A661,A321,PUS-HAN-BKK,11:00,12:15,11:00,12:15,11:10,12:04,12:05,12:12,01:15,00:55,EARLY,ONTIME,ONTIME,ONTIME,,,,,,,,,HAN,PUS,BKK,International,VJ,,
2026-01-10|VJ524/VJ441|A554|DAD-HAN-PQC|12:25,2026-01-10,VJ524/VJ441,A554,A321,DAD-HAN-PQC,07:40,12:25,07:40,12:25,08:00,12:21,12:22,12:24,04:45,04:22,EARLY,ONTIME,ONTIME,DELAY,,,,,,,,,HAN,DAD,PQC,Domestic,VJ,,
2026-01-10|VJ959/VJ513|A636|FUK-HAN-DAD|13:35,2026-01-10,VJ959/VJ513,A636,A321,FUK-HAN-DAD,12:25,13:35,12:25,13:35,12:25,13:32,13:33,13:35,01:10,01:08,EARLY,ONTIME,ONTIME,ONTIME,,,,,,,,,HAN,FUK,DAD,Domestic,VJ,,
2026-01-10|VJ770/VJ948|A525|CXR-HAN-RMQ|13:35,2026-01-10,VJ770/VJ948,A525,A321,CXR-HAN-RMQ,11:50,13:35,11:50,13:35,12:05,13:29,13:30,13:31,01:45,01:25,EARLY,ONTIME,ONTIME,ONTIME,,,,,,,,,HAN,CXR,RMQ,International,VJ,,
2026-01-10|VJ508/VJ511|A554|DAD-HAN-DAD|14:20,2026-01-10,VJ508/VJ511,A554,A321,DAD-HAN-DAD,13:40,14:20,13:40,14:20,14:20,14:49,14:50,15:00,00:40,00:30,DELAY,DELAY,DELAY,DELAY,,93,00:30,,,,,,HAN,DAD,DAD,Domestic,VJ,,
2026-01-10|VJ128/VJ143|A632|SGN-HAN-SGN|14:25,2026-01-10,VJ128/VJ143,A632,A321,SGN-HAN-SGN,12:20,14:25,13:45,15:10,14:50,15:19,15:20,15:30,01:25,00:30,DELAY,ONTIME,DELAY,DELAY,,93,00:10,,,,,,HAN,SGN,SGN,Domestic,VJ,,
2026-01-10|VJ566/VJ1491|A642|HUI-HAN-BMV|14:35,2026-01-10,VJ566/VJ1491,A642,A321,HUI-HAN-BMV,13:05,14:35,13:05,14:35,13:30,14:29,14:30,14:35,01:30,01:00,EARLY,ONTIME,ONTIME,DELAY,,,,,,,,,HAN,HUI,BMV,Domestic,VJ,,
2026-01-10|VJ921/VJ942|A545|NGO-HAN-TPE|14:40,2026-01-10,VJ921/VJ942,A545,A321,NGO-HAN-TPE,13:40,14:40,13:40,14:40,13:05,14:37,14:38,14:43,01:00,01:33,EARLY,ONTIME,ONTIME,ONTIME,,,,,,,,,HAN,NGO,TPE,International,VJ,,
2026-01-10|VJ7707/VJ7707|A539|KHV-HAN-CXR|15:15,2026-01-10,VJ7707/VJ7707,A539,A321,KHV-HAN-CXR,14:45,15:15,14:45,15:15,14:55,15:24,15:25,15:31,00:30,00:30,DELAY,ONTIME,DELAY,ONTIME,,93,00:10,,,,,,HAN,KHV,CXR,Domestic,VJ,,
2026-01-10|VJ404/VJ433|A637|DLI-HAN-UIH|15:25,2026-01-10,VJ404/VJ433,A637,A321,DLI-HAN-UIH,14:55,15:25,14:55,15:25,15:15,15:34,15:35,15:41,00:30,00:20,DELAY,ONTIME,DELAY,DELAY,,93,00:10,,,,,,HAN,DLI,UIH,Domestic,VJ,,
2026-01-10|VJ132/VJ145|A817|SGN-HAN-SGN|15:35,2026-01-10,VJ132/VJ145,A817,A330,SGN-HAN-SGN,12:05,15:35,13:40,15:35,15:00,15:44,15:45,15:50,01:55,00:45,DELAY,ONTIME,ONTIME,DELAY,,93,00:10,,,,,,HAN,SGN,SGN,Domestic,VJ,,
2026-01-10|VJ198/VJ199|A675|SGN-HAN-SGN|15:40,2026-01-10,VJ198/VJ199,A675,A320,SGN-HAN-SGN,15:10,15:40,15:10,16:05,15:45,16:17,16:18,16:35,00:55,00:33,DELAY,ONTIME,DELAY,DELAY,,93,00:05,87,00:08,,,GATE LIMITATION,HAN,SGN,SGN,Domestic,VJ,,
2026-01-10|VJ961/VJ903|A667|ICN-HAN-BKK|15:50,2026-01-10,VJ961/VJ903,A667,A321,ICN-HAN-BKK,14:10,15:50,14:10,15:50,14:18,15:44,15:45,15:55,01:40,01:27,EARLY,ONTIME,ONTIME,ONTIME,,,,,,,,,HAN,ICN,BKK,International,VJ,,
2026-01-10|VJ939/VJ191|A575|KIX-HAN-SGN|15:55,2026-01-10,VJ939/VJ191,A575,A321,KIX-HAN-SGN,13:05,15:55,13:05,15:55,13:15,15:53,15:55,15:57,02:50,02:40,ONTIME,ONTIME,ONTIME,ONTIME,,,,,,,,,HAN,KIX,SGN,Domestic,VJ,,
2026-01-10|VJ933/VJ423|A549|NRT-HAN-PXU|15:55,2026-01-10,VJ933/VJ423,A549,A321,NRT-HAN-PXU,14:00,15:55,14:00,15:55,14:15,15:54,15:55,16:10,01:55,01:40,ONTIME,ONTIME,ONTIME,ONTIME,,,,,,,,,HAN,NRT,PXU,Domestic,VJ,,
2026-01-10|VJ906/VJ195|A537|KUL-HAN-SGN|16:00,2026-01-10,VJ906/VJ195,A537,A321,KUL-HAN-SGN,14:55,16:00,14:55,16:00,15:10,15:54,15:55,16:15,01:05,00:45,EARLY,ONTIME,ONTIME,ONTIME,,,,,,,,,HAN,KUL,SGN,Domestic,VJ,,
2026-01-10|VJ408/VJ409|A673|DLI-HAN-DLI|16:05,2026-01-10,VJ408/VJ409,A673,A321,DLI-HAN-DLI,15:35,16:05,15:35,16:05,15:45,16:00,16:05,16:20,00:30,00:20,ONTIME,ONTIME,ONTIME,ONTIME,,,,,,,,,HAN,DLI,DLI,Domestic,VJ,,
2026-01-10|VJ941/VJ913|A671|TPE-HAN-SAI|16:20,2026-01-10,VJ941/VJ913,A671,A320,TPE-HAN-SAI,14:10,16:20,14:10,16:20,14:30,16:08,16:10,16:25,02:10,01:40,EARLY,ONTIME,ONTIME,DELAY,,,,,,,,,HAN,TPE,SAI,International,VJ,,
2026-01-10|VJ462/VJ515|A552|VCA-HAN-DAD|16:25,2026-01-10,VJ462/VJ515,A552,A321,VCA-HAN-DAD,15:40,16:25,15:40,16:25,15:50,16:24,16:25,16:40,00:45,00:35,ONTIME,ONTIME,ONTIME,ONTIME,,,,,,,,,HAN,VCA,DAD,Domestic,VJ,,
2026-01-10|VJ134/VJ163|-NVG|SGN-HAN-SGN|17:20,2026-01-10,VJ134/VJ163,-NVG,A320,SGN-HAN-SGN,16:50,17:20,16:50,17:20,17:05,17:29,17:30,17:41,00:30,00:25,DELAY,ONTIME,DELAY,ONTIME,,93,00:10,,,,,,HAN,SGN,SGN,Domestic,VJ,,
2026-01-10|VJ514/VJ465|A636|DAD-HAN-VCA|17:25,2026-01-10,VJ514/VJ465,A636,A321,DAD-HAN-VCA,16:45,17:25,16:45,17:25,17:05,17:34,17:35,17:40,00:40,00:30,DELAY,ONTIME,ONTIME,DELAY,,93,00:10,,,,,,HAN,DAD,VCA,Domestic,VJ,,
2026-01-10|VJ953/VJ445|A663|HIJ-HAN-PQC|17:40,2026-01-10,VJ953/VJ445,A663,A320,HIJ-HAN-PQC,15:50,17:40,15:50,17:40,16:40,17:39,17:40,17:48,01:50,01:00,ONTIME,ONTIME,ONTIME,DELAY,,,,,,,,,HAN,HIJ,PQC,Domestic,VJ,,
2026-01-10|VJ446/VJ147|A634|PQC-HAN-SGN|18:05,2026-01-10,VJ446/VJ147,A634,A321,PQC-HAN-SGN,17:05,18:05,17:05,18:05,17:20,18:03,18:04,18:05,01:00,00:44,EARLY,ONTIME,ONTIME,ONTIME,,,,,,,,,HAN,PQC,SGN,Domestic,VJ,,
2026-01-10|VJ916/VJ779|A647|SIN-HAN-CXR|18:15,2026-01-10,VJ916/VJ779,A647,A321,SIN-HAN-CXR,17:25,18:15,17:25,18:15,17:55,18:59,19:00,19:15,00:50,01:05,DELAY,DELAY,DELAY,DELAY,,93,00:10,41,00:35,,,TECHNICAL CHECK,HAN,SIN,CXR,Domestic,VJ,,
2026-01-10|VJ512/VJ783|A554|DAD-HAN-CXR|18:20,2026-01-10,VJ512/VJ783,A554,A321,DAD-HAN-CXR,17:40,18:20,17:40,18:20,17:35,18:19,18:20,18:24,00:40,00:45,ONTIME,ONTIME,ONTIME,ONTIME,,,,,,,,,HAN,DAD,CXR,Domestic,VJ,,
2026-01-10|VJ784/VJ493|A648|CXR-HAN-BMV|18:25,2026-01-10,VJ784/VJ493,A648,A321,CXR-HAN-BMV,17:10,18:25,17:10,18:25,17:10,18:19,18:20,18:30,01:15,01:10,EARLY,ONTIME,ONTIME,ONTIME,,,,,,,,,HAN,CXR,BMV,Domestic,VJ,,
2026-01-10|VJ957/VJ165|A672|PUS-HAN-SGN|18:30,2026-01-10,VJ957/VJ165,A672,A320,PUS-HAN-SGN,17:20,18:30,17:20,18:30,17:50,18:28,18:30,18:43,01:10,00:40,ONTIME,ONTIME,ONTIME,DELAY,,,,,,,,,HAN,PUS,SGN,Domestic,VJ,,
2026-01-10|VJ440/VJ1925|A656|PQC-HAN-AMD|19:00,2026-01-10,VJ440/VJ1925,A656,A320,PQC-HAN-AMD,13:15,19:00,13:15,19:00,13:55,18:59,19:00,19:07,05:45,05:05,ONTIME,ONTIME,ONTIME,DELAY,,,,,,,,,HAN,PQC,AMD,International,VJ,,
2026-01-10|VJ1492/VJ517|A642|BMV-HAN-DAD|19:05,2026-01-10,VJ1492/VJ517,A642,A321,BMV-HAN-DAD,18:35,19:05,18:35,19:05,18:45,19:23,19:25,19:35,00:30,00:40,DELAY,DELAY,DELAY,ONTIME,,93,00:10,66,00:10,,,CREW HN OB 18:55,HAN,BMV,DAD,Domestic,VJ,,
2026-01-10|VJ902/VJ173|A661|BKK-HAN-SGN|19:05,2026-01-10,VJ902/VJ173,A661,A321,BKK-HAN-SGN,17:00,19:05,17:00,19:05,18:40,19:13,19:15,19:19,02:05,00:35,DELAY,ONTIME,ONTIME,DELAY,,93,00:05,66,00:05,,,CREW HN OB 18:53,HAN,BKK,SGN,Domestic,VJ,,
2026-01-10|VJ971|A811|HAN-DEL|19:10,2026-01-10,VJ971,A811,A330,HAN-DEL,,19:10,,19:10,,19:09,19:10,19:23,,,ONTIME,ONTIME,ONTIME,,,,,,,,,,HAN,,DEL,International,VJ,,
2026-01-10|VJ947/VJ569|A522|KHH-HAN-HUI|19:15,2026-01-10,VJ947/VJ569,A522,A321,KHH-HAN-HUI,18:05,19:15,18:05,19:15,17:20,19:14,19:15,19:30,01:10,01:55,ONTIME,ONTIME,ONTIME,ONTIME,,,,,,,,,HAN,KHH,HUI,Domestic,VJ,,
2026-01-10|VJ172/VJ177|A544|SGN-HAN-SGN|19:55,2026-01-10,VJ172/VJ177,A544,A321,SGN-HAN-SGN,18:55,19:55,18:55,19:55,17:48,19:54,19:55,20:00,01:00,02:07,ONTIME,ONTIME,ONTIME,ONTIME,,,,,,,,,HAN,SGN,SGN,Domestic,VJ,,
2026-01-10|VJ928/VJ7712|A669|CGK-HAN-PKX|20:05,2026-01-10,VJ928/VJ7712,A669,A320,CGK-HAN-PKX,18:15,20:05,18:15,20:05,18:12,19:54,19:55,20:05,01:50,01:43,EARLY,ONTIME,ONTIME,ONTIME,,,,,,,,,HAN,CGK,PKX,International,VJ,,
2026-01-10|VJ516/VJ501|A552|DAD-HAN-DAD|20:15,2026-01-10,VJ516/VJ501,A552,A321,DAD-HAN-DAD,19:35,20:15,19:35,20:50,20:15,20:49,20:50,20:55,01:15,00:35,ONTIME,ONTIME,DELAY,DELAY,,,,,,,,,HAN,DAD,DAD,Domestic,VJ,,
2026-01-10|VJ931/VJ7306|A538|KIX-HAN-TFU|21:10,2026-01-10,VJ931/VJ7306,A538,A321,KIX-HAN-TFU,19:15,21:10,19:15,21:10,19:05,20:48,20:50,21:10,01:55,01:45,EARLY,ONTIME,ONTIME,ONTIME,,,,,,,,,HAN,KIX,TFU,International,VJ,,
2026-01-10|VJ152/VJ7238|A676|SGN-HAN-PVG|21:30,2026-01-10,VJ152/VJ7238,A676,A320,SGN-HAN-PVG,19:30,21:30,19:30,21:30,18:54,21:21,21:22,21:25,02:00,02:28,EARLY,ONTIME,ONTIME,ONTIME,,,,,,,,,HAN,SGN,PVG,International,VJ,,
2026-01-10|VJ166/VJ161|A575|SGN-HAN-SGN|21:50,2026-01-10,VJ166/VJ161,A575,A321,SGN-HAN-SGN,21:00,21:50,21:00,21:50,20:30,22:11,22:12,22:15,00:50,01:42,DELAY,DELAY,DELAY,ONTIME,,95,00:22,,,,,CHANGE CREW FRVJ 160,HAN,SGN,SGN,Domestic,VJ,,
2026-01-10|VJ935/VJ123|A548|NRT-HAN-SGN|22:10,2026-01-10,VJ935/VJ123,A548,A321,NRT-HAN-SGN,20:55,22:10,20:55,22:10,21:50,22:36,22:38,22:40,01:15,00:48,DELAY,DELAY,DELAY,DELAY,,95,00:28,,,,,CHANGE CREW FRVJ158,HAN,NRT,SGN,Domestic,VJ,,
2026-01-10|VJ568/VJ523|A522|HUI-HAN-DAD|22:45,2026-01-10,VJ568/VJ523,A522,A321,HUI-HAN-DAD,22:15,22:45,22:15,22:45,22:38,23:04,23:05,23:08,00:30,00:27,DELAY,DELAY,DELAY,DELAY,,93,00:20,,,,,,HAN,HUI,DAD,Domestic,VJ,,
2026-01-10|VJ904/VJ962|A667|BKK-HAN-ICN|22:50,2026-01-10,VJ904/VJ962,A667,A321,BKK-HAN-ICN,20:25,22:50,20:25,22:50,20:44,22:48,22:50,22:51,02:25,02:06,ONTIME,ONTIME,ONTIME,DELAY,,,,,,,,,HAN,BKK,ICN,International,VJ,,
2026-01-01|VJ432/VJ7526|A637|UIH-HAN-CAN|23:40,2026-01-01,VJ432/VJ7526,A637,A321,UIH-HAN-CAN,19:10,23:40,19:10,23:40,19:32,23:44,23:45,23:48,04:30,04:13,DELAY,ONTIME,ONTIME,DELAY,,99,00:05,,,,,LATE ACCPET 9 PAX AND 8 PCS BAGS,HAN,UIH,CAN,International,VJ,,
2026-01-10|VJ156/VJ171|A662|SGN-HAN-SGN|00:20,2026-01-10,VJ156/VJ171,A662,A320,SGN-HAN-SGN,23:45,00:20,23:45,00:20,22:45,00:14,00:15,00:20,00:35,01:30,EARLY,ONTIME,ONTIME,ONTIME,,,,,,,,,HAN,SGN,SGN,Domestic,VJ,,
2026-01-11|VJ932|A820|HAN-NRT|00:55,2026-01-11,VJ932,A820,A321,HAN-NRT,,00:55,,00:55,,00:51,00:52,00:56,,,EARLY,ONTIME,ONTIME,,,,,,,,,,HAN,,NRT,International,VJ,,
2026-01-11|VJ982|A636|HAN-PUS|01:00,2026-01-11,VJ982,A636,A321,HAN-PUS,,01:00,,01:00,,00:59,01:00,01:10,,,ONTIME,ONTIME,ONTIME,,,,,,,,,,HAN,,PUS,International,VJ,,
2026-01-11|VJ3524/VJ3521|A537|PQC-HAN-VVO|01:00,2026-01-11,VJ3524/VJ3521,A537,A321,PQC-HAN-VVO,23:55,01:00,23:55,01:00,00:28,01:03,01:05,01:09,01:05,00:37,DELAY,ONTIME,ONTIME,ONTIME,,93,00:05,,,,,,HAN,PQC,VVO,International,VJ,,
2026-01-11|VJ920|A697|HAN-NGO|01:35,2026-01-11,VJ920,A697,A321,HAN-NGO,,01:35,,01:35,,01:24,01:25,01:28,,,EARLY,ONTIME,ONTIME,,,,,,,,,,HAN,,NGO,International,VJ,,
2026-01-11|VJ938|A549|HAN-KIX|01:40,2026-01-11,VJ938,A549,A321,HAN-KIX,,01:40,,01:40,,01:38,01:39,01:42,,,EARLY,ONTIME,ONTIME,,,,,,,,,,HAN,,KIX,International,VJ,,
2026-01-11|VJ960|A648|HAN-ICN|01:45,2026-01-11,VJ960,A648,A321,HAN-ICN,,01:45,,01:45,,01:39,01:40,01:41,,,EARLY,ONTIME,ONTIME,,,,,,,,,,HAN,,ICN,International,VJ,,
2026-01-11|VJ958|A651|HAN-FUK|02:05,2026-01-11,VJ958,A651,A321,HAN-FUK,,02:05,,02:05,,01:54,01:55,01:58,,,EARLY,ONTIME,ONTIME,,,,,,,,,,HAN,,FUK,International,VJ,,
2026-01-11|VJ179|A655|HAN-SGN|05:00,2026-01-11,VJ179,A655,A320,HAN-SGN,,05:00,,05:00,,04:49,04:50,04:52,,,EARLY,ONTIME,ONTIME,,,,,,,,,,HAN,,SGN,Domestic,VJ,,
2026-01-11|VJ185|A575|HAN-SGN|05:10,2026-01-11,VJ185,A575,A321,HAN-SGN,,05:10,,05:10,,05:03,05:05,05:07,,,EARLY,ONTIME,ONTIME,,,,,,,,,,HAN,,SGN,Domestic,VJ,,
2026-01-11|VJ7713/VJ461|A669|PKX-HAN-VCA|05:30,2026-01-11,VJ7713/VJ461,A669,A320,PKX-HAN-VCA,04:10,05:30,04:10,05:30,04:25,05:24,05:25,05:31,01:20,01:00,EARLY,ONTIME,ONTIME,ONTIME,,,,,,,,,HAN,PKX,VCA,Domestic,VJ,,
2026-01-11|VJ401|A671|HAN-DLI|05:50,2026-01-11,VJ401,A671,A320,HAN-DLI,,05:50,,05:50,,05:44,05:45,05:50,,,EARLY,ONTIME,ONTIME,,,,,,,,,,HAN,,DLI,Domestic,VJ,,
2026-01-11|VJ503|A525|HAN-DAD|06:00,2026-01-11,VJ503,A525,A321,HAN-DAD,,06:00,,06:00,,05:54,05:55,06:10,,,EARLY,ONTIME,ONTIME,,,,,,,,,,HAN,,DAD,Domestic,VJ,,
2026-01-11|VJ491|A698|HAN-BMV|06:00,2026-01-11,VJ491,A698,A321,HAN-BMV,,06:00,,06:00,,05:49,05:50,06:00,,,EARLY,ONTIME,ONTIME,,,,,,,,,,HAN,,BMV,Domestic,VJ,,
2026-01-11|VJ443|A539|HAN-PQC|06:00,2026-01-11,VJ443,A539,A321,HAN-PQC,,06:00,,06:00,,05:49,05:50,05:55,,,EARLY,ONTIME,ONTIME,,,,,,,,,,HAN,,PQC,Domestic,VJ,,
2026-01-11|VJ7239/VJ952|A676|PVG-HAN-HIJ|06:35,2026-01-11,VJ7239/VJ952,A676,A320,PVG-HAN-HIJ,05:15,06:35,05:15,06:35,04:55,06:24,06:25,06:26,01:20,01:30,EARLY,ONTIME,ONTIME,ONTIME,,,,,,,,,HAN,PVG,HIJ,International,VJ,,
2026-01-11|VJ181|A642|HAN-SGN|06:40,2026-01-11,VJ181,A642,A321,HAN-SGN,,06:40,,06:40,,06:31,06:33,06:35,,,EARLY,ONTIME,ONTIME,,,,,,,,,,HAN,,SGN,Domestic,VJ,,
2026-01-11|VJ105|652G|HAN-VCS|06:45,2026-01-11,VJ105,652G,C909,HAN-VCS,,06:45,,06:45,,06:36,06:37,06:45,,,EARLY,ONTIME,ONTIME,,,,,,,,,,HAN,,VCS,Domestic,VJ,,
2026-01-11|VJ905|A677|HAN-KUL|07:10,2026-01-11,VJ905,A677,A321,HAN-KUL,,07:10,,07:10,,07:04,07:05,07:06,,,EARLY,ONTIME,ONTIME,,,,,,,,,,HAN,,KUL,International,VJ,,
2026-01-11|VJ7527/VJ431|A637|CAN-HAN-UIH|07:10,2026-01-11,VJ7527/VJ431,A637,A321,CAN-HAN-UIH,04:35,07:10,04:35,07:10,04:25,07:04,07:05,07:08,02:35,02:40,EARLY,ONTIME,ONTIME,ONTIME,,,,,,,,,HAN,CAN,UIH,Domestic,VJ,,
2026-01-11|VJ1926/VJ956|A656|AMD-HAN-PUS|07:30,2026-01-11,VJ1926/VJ956,A656,A320,AMD-HAN-PUS,06:20,07:30,06:20,07:30,05:35,07:24,07:25,07:32,01:10,01:50,EARLY,ONTIME,ONTIME,ONTIME,,,,,,,,,HAN,AMD,PUS,International,VJ,,
2026-01-11|VJ940|A535|HAN-TPE|07:35,2026-01-11,VJ940,A535,A321,HAN-TPE,,07:35,,07:35,,07:29,07:30,07:35,,,EARLY,ONTIME,ONTIME,,,,,,,,,,HAN,,TPE,International,VJ,,
2026-01-11|VJ107|656E|HAN-VCS|08:15,2026-01-11,VJ107,656E,C909,HAN-VCS,,08:15,,08:15,,08:14,08:15,08:17,,,ONTIME,ONTIME,ONTIME,,,,,,,,,,HAN,,VCS,Domestic,VJ,,
2026-01-11|VJ934|A545|HAN-NRT|08:20,2026-01-11,VJ934,A545,A321,HAN-NRT,,08:20,,08:20,,08:24,08:25,08:33,,,DELAY,ONTIME,ONTIME,,,15A,00:05,,,,,OFFLOAD 2 PAX & 3 BAGS,HAN,,NRT,International,VJ,,
2026-01-11|VJ930|A538|HAN-KIX|08:20,2026-01-11,VJ930,A538,A321,HAN-KIX,,08:20,,08:20,,08:19,08:20,08:28,,,ONTIME,ONTIME,ONTIME,,,,,,,,,,HAN,,KIX,International,VJ,,
2026-01-11|VJ929|A672|HAN-CGK|08:40,2026-01-11,VJ929,A672,A320,HAN-CGK,,08:40,,08:40,,08:39,08:40,08:50,,,ONTIME,ONTIME,ONTIME,,,,,,,,,,HAN,,CGK,International,VJ,,
2026-01-11|VJ124/VJ125|A810|SGN-HAN-SGN|09:15,2026-01-11,VJ124/VJ125,A810,A330,SGN-HAN-SGN,08:15,09:15,08:15,09:30,08:55,09:32,09:35,09:40,01:15,00:40,DELAY,ONTIME,DELAY,DELAY,,93,00:05,,,,,,HAN,SGN,SGN,Domestic,VJ,,
2026-01-11|VJ972/VJ773|A811|DEL-HAN-CXR|09:25,2026-01-11,VJ972/VJ773,A811,A330,DEL-HAN-CXR,05:35,09:25,05:35,09:25,05:20,09:48,09:50,09:50,03:50,04:30,DELAY,DELAY,DELAY,ONTIME,,95,00:25,,,,,CREW VJ124 OB 0915,HAN,DEL,CXR,Domestic,VJ,,
2026-01-11|VJ502/VJ915|A550|DAD-HAN-SIN|09:35,2026-01-11,VJ502/VJ915,A550,A321,DAD-HAN-SIN,07:05,09:35,07:05,09:35,07:07,09:28,09:30,09:30,02:30,02:23,EARLY,ONTIME,ONTIME,ONTIME,,,,,,,,,HAN,DAD,SIN,International,VJ,,
2026-01-11|VJ504/VJ997|A525|DAD-HAN-DPS|10:00,2026-01-11,VJ504/VJ997,A525,A321,DAD-HAN-DPS,09:05,10:00,09:05,10:00,09:55,10:44,10:45,10:48,00:55,00:50,DELAY,DELAY,DELAY,DELAY,,93,00:25,66,00:15,11,00:05,CREW HN OB 1015/ LATE CHECK IN,HAN,DAD,DPS,International,VJ,,
2026-01-11|VJ148/VJ149|-NVG|SGN-HAN-SGN|10:05,2026-01-11,VJ148/VJ149,-NVG,A320,SGN-HAN-SGN,09:30,10:05,09:30,10:05,09:50,10:14,10:15,10:25,00:35,00:25,DELAY,ONTIME,DELAY,DELAY,,93,00:10,,,,,,HAN,SGN,SGN,Domestic,VJ,,
2026-01-11|VJ567|A673|HAN-HUI|10:10,2026-01-11,VJ567,A673,A321,HAN-HUI,,10:10,,10:10,,10:39,10:40,10:40,,,DELAY,DELAY,DELAY,,,95,00:30,,,,,CREW VJ504 OB 1021,HAN,,HUI,Domestic,VJ,,
2026-01-11|VJ524/VJ507|A580|DAD-HAN-DAD|10:30,2026-01-11,VJ524/VJ507,A580,A321,DAD-HAN-DAD,07:50,10:30,07:50,10:30,07:38,10:22,10:23,10:29,02:40,02:45,EARLY,ONTIME,ONTIME,ONTIME,,,,,,,,,HAN,DAD,DAD,Domestic,VJ,,
2026-01-11|VJ492/VJ403|A698|BMV-HAN-DLI|10:45,2026-01-11,VJ492/VJ403,A698,A321,BMV-HAN-DLI,10:05,10:45,10:05,10:45,10:00,10:43,10:45,10:47,00:40,00:45,ONTIME,ONTIME,ONTIME,ONTIME,,,,,,,,,HAN,BMV,DLI,Domestic,VJ,,
2026-01-11|VJ402/VJ463|A671|DLI-HAN-VCA|10:50,2026-01-11,VJ402/VJ463,A671,A320,DLI-HAN-VCA,10:10,10:50,10:10,10:50,10:05,10:49,10:50,10:55,00:40,00:45,ONTIME,ONTIME,ONTIME,ONTIME,,,,,,,,,HAN,DLI,VCA,Domestic,VJ,,
2026-01-11|VJ184/VJ129|A639|SGN-HAN-SGN|11:25,2026-01-11,VJ184/VJ129,A639,A321,SGN-HAN-SGN,10:25,11:25,10:25,11:25,10:20,11:23,11:24,11:34,01:00,01:04,EARLY,ONTIME,ONTIME,ONTIME,,,,,,,,,HAN,SGN,SGN,Domestic,VJ,,
2026-01-11|VJ430/VJ407|A637|UIH-HAN-DLI|11:30,2026-01-11,VJ430/VJ407,A637,A321,UIH-HAN-DLI,10:55,11:30,10:55,11:30,10:40,11:23,11:24,11:45,00:35,00:44,EARLY,ONTIME,ONTIME,ONTIME,,,,,,,,,HAN,UIH,DLI,Domestic,VJ,,
2026-01-11|VJ442/VJ946|A539|PQC-HAN-KHH|11:45,2026-01-11,VJ442/VJ946,A539,A321,PQC-HAN-KHH,10:45,11:45,10:45,11:45,11:00,11:44,11:45,11:55,01:00,00:45,ONTIME,ONTIME,ONTIME,ONTIME,,,,,,,,,HAN,PQC,KHH,International,VJ,,
2026-01-11|VJ981/VJ901|A636|PUS-HAN-BKK|12:15,2026-01-11,VJ981/VJ901,A636,A321,PUS-HAN-BKK,11:00,12:15,11:00,12:15,11:20,12:04,12:05,12:10,01:15,00:45,EARLY,ONTIME,ONTIME,DELAY,,,,,,,,,HAN,PUS,BKK,International,VJ,,
2026-01-11|VJ132/VJ137|A641|SGN-HAN-SGN|12:20,2026-01-11,VJ132/VJ137,A641,A321,SGN-HAN-SGN,11:50,12:20,11:50,12:20,12:10,12:39,12:40,12:43,00:30,00:30,DELAY,DELAY,DELAY,DELAY,,93,00:20,,,,,,HAN,SGN,SGN,Domestic,VJ,,
2026-01-11|VJ460/VJ441|A669|VCA-HAN-PQC|12:25,2026-01-11,VJ460/VJ441,A669,A320,VCA-HAN-PQC,10:20,12:25,10:20,12:25,10:30,12:22,12:23,12:25,02:05,01:53,EARLY,ONTIME,ONTIME,ONTIME,,,,,,,,,HAN,VCA,PQC,Domestic,VJ,,
2026-01-11|VJ3522/VJ3522|A537|VVO-HAN-PQC|12:50,2026-01-11,VJ3522/VJ3522,A537,A321,VVO-HAN-PQC,12:45,12:50,12:45,13:20,13:10,13:32,13:34,13:36,00:35,00:24,DELAY,ONTIME,DELAY,DELAY,,93,00:14,,,,,,HAN,VVO,PQC,Domestic,VJ,,
2026-01-11|VJ959/VJ948|A651|FUK-HAN-RMQ|13:35,2026-01-11,VJ959/VJ948,A651,A321,FUK-HAN-RMQ,12:25,13:35,12:25,13:35,11:45,13:25,13:26,13:27,01:10,01:41,EARLY,ONTIME,ONTIME,ONTIME,,,,,,,,,HAN,FUK,RMQ,International,VJ,,
2026-01-11|VJ440/VJ513|A663|PQC-HAN-DAD|13:35,2026-01-11,VJ440/VJ513,A663,A320,PQC-HAN-DAD,12:30,13:35,12:30,13:35,12:30,13:28,13:30,13:30,01:05,01:00,EARLY,ONTIME,ONTIME,ONTIME,,,,,,,,,HAN,PQC,DAD,Domestic,VJ,,
2026-01-11|VJ188/VJ151|-MLI|SGN-HAN-SGN|14:00,2026-01-11,VJ188/VJ151,-MLI,A320,SGN-HAN-SGN,13:25,14:00,13:25,14:00,14:40,15:04,15:05,15:10,00:35,00:25,DELAY,DELAY,DELAY,DELAY,,93,01:05,,,,,,HAN,SGN,SGN,Domestic,VJ,,
2026-01-11|VJ508/VJ511|A580|DAD-HAN-DAD|14:20,2026-01-11,VJ508/VJ511,A580,A321,DAD-HAN-DAD,13:40,14:20,13:40,14:20,14:10,14:39,14:40,14:50,00:40,00:30,DELAY,DELAY,DELAY,DELAY,,93,00:20,,,,,,HAN,DAD,DAD,Domestic,VJ,,
2026-01-11|VJ939/VJ781|A549|KIX-HAN-CXR|14:25,2026-01-11,VJ939/VJ781,A549,A321,KIX-HAN-CXR,13:05,14:25,13:05,14:25,13:00,14:44,14:45,14:53,01:20,01:45,DELAY,DELAY,DELAY,ONTIME,,95,00:20,,,,,CREW VJ780 OB 1423,HAN,KIX,CXR,Domestic,VJ,,
2026-01-11|VJ963/VJ942|A667|ICN-HAN-TPE|14:25,2026-01-11,VJ963/VJ942,A667,A321,ICN-HAN-TPE,09:30,14:25,09:30,14:25,09:25,14:23,14:25,14:27,04:55,05:00,ONTIME,ONTIME,ONTIME,ONTIME,,,,,,,,,HAN,ICN,TPE,International,VJ,,
2026-01-11|VJ566/VJ1491|A673|HUI-HAN-BMV|14:35,2026-01-11,VJ566/VJ1491,A673,A321,HUI-HAN-BMV,13:05,14:35,13:05,14:35,13:56,14:30,14:31,14:34,01:30,00:35,EARLY,ONTIME,ONTIME,DELAY,,,,,,,,,HAN,HUI,BMV,Domestic,VJ,,
2026-01-11|VJ138/VJ153|A658|SGN-HAN-SGN|15:25,2026-01-11,VJ138/VJ153,A658,A320,SGN-HAN-SGN,14:55,15:25,14:55,15:25,15:15,15:39,15:40,15:55,00:30,00:25,DELAY,ONTIME,DELAY,DELAY,,93,00:15,,,,,,HAN,SGN,SGN,Domestic,VJ,,
2026-01-11|VJ961/VJ1441|A648|ICN-HAN-PQC|15:30,2026-01-11,VJ961/VJ1441,A648,A321,ICN-HAN-PQC,14:10,15:30,14:10,15:30,14:00,15:14,15:15,15:20,01:20,01:15,EARLY,ONTIME,ONTIME,ONTIME,,,,,,,,,HAN,ICN,PQC,Domestic,VJ,,
2026-01-11|VJ144/VJ145|A815|SGN-HAN-SGN|15:35,2026-01-11,VJ144/VJ145,A815,A330,SGN-HAN-SGN,14:45,15:35,16:00,16:45,16:20,16:58,17:00,17:05,00:45,00:40,DELAY,ONTIME,DELAY,DELAY,,93,00:15,,,,,,HAN,SGN,SGN,Domestic,VJ,,
2026-01-11|VJ933/VJ199|A820|NRT-HAN-SGN|15:35,2026-01-11,VJ933/VJ199,A820,A321,NRT-HAN-SGN,14:00,15:35,14:00,15:35,14:15,15:34,15:35,15:42,01:35,01:20,ONTIME,ONTIME,ONTIME,ONTIME,,,,,,,,,HAN,NRT,SGN,Domestic,VJ,,
2026-01-11|VJ906/VJ903|A677|KUL-HAN-BKK|15:50,2026-01-11,VJ906/VJ903,A677,A321,KUL-HAN-BKK,14:55,15:50,14:55,15:50,14:35,15:40,15:42,15:50,00:55,01:07,EARLY,ONTIME,ONTIME,ONTIME,,,,,,,,,HAN,KUL,BKK,International,VJ,,
2026-01-11|VJ404/VJ423|A698|DLI-HAN-PXU|15:55,2026-01-11,VJ404/VJ423,A698,A321,DLI-HAN-PXU,14:55,15:55,14:55,15:55,15:10,15:51,15:52,16:05,01:00,00:42,EARLY,ONTIME,ONTIME,ONTIME,,,,,,,,,HAN,DLI,PXU,Domestic,VJ,,
2026-01-11|VJ408/VJ409|A637|DLI-HAN-DLI|16:15,2026-01-11,VJ408/VJ409,A637,A321,DLI-HAN-DLI,15:40,16:15,15:40,16:15,15:55,16:14,16:15,16:28,00:35,00:20,ONTIME,ONTIME,ONTIME,ONTIME,,,,,,,,,HAN,DLI,DLI,Domestic,VJ,,
2026-01-11|VJ941/VJ913|A535|TPE-HAN-SAI|16:20,2026-01-11,VJ941/VJ913,A535,A321,TPE-HAN-SAI,14:10,16:20,14:10,16:20,14:33,16:17,16:18,16:33,02:10,01:45,EARLY,ONTIME,ONTIME,DELAY,,,,,,,,,HAN,TPE,SAI,International,VJ,,
2026-01-11|VJ462/VJ515|A671|VCA-HAN-DAD|16:25,2026-01-11,VJ462/VJ515,A671,A320,VCA-HAN-DAD,15:40,16:25,15:40,16:25,15:45,16:24,16:25,16:34,00:45,00:40,ONTIME,ONTIME,ONTIME,ONTIME,,,,,,,,,HAN,VCA,DAD,Domestic,VJ,,
2026-01-11|VJ780/VJ147|A634|CXR-HAN-SGN|17:10,2026-01-11,VJ780/VJ147,A634,A321,CXR-HAN-SGN,13:25,17:10,13:55,17:10,14:00,17:04,17:05,17:15,03:15,03:05,EARLY,ONTIME,ONTIME,DELAY,,,,,,,,,HAN,CXR,SGN,Domestic,VJ,,
2026-01-11|VJ134/VJ163|LY-NVE|SGN-HAN-SGN|17:20,2026-01-11,VJ134/VJ163,LY-NVE,A320,SGN-HAN-SGN,16:50,17:20,18:40,19:10,19:00,19:22,19:23,19:27,00:30,00:23,DELAY,ONTIME,DELAY,DELAY,,93,00:13,,,,,,HAN,SGN,SGN,Domestic,VJ,,
2026-01-11|VJ514/VJ465|A663|DAD-HAN-VCA|17:25,2026-01-11,VJ514/VJ465,A663,A320,DAD-HAN-VCA,16:45,17:25,16:45,17:25,16:50,17:19,17:20,17:27,00:40,00:30,EARLY,ONTIME,ONTIME,ONTIME,,,,,,,,,HAN,DAD,VCA,Domestic,VJ,,
2026-01-11|VJ953/VJ445|A676|HIJ-HAN-PQC|17:40,2026-01-11,VJ953/VJ445,A676,A320,HIJ-HAN-PQC,16:20,17:40,16:20,17:40,17:25,17:49,17:50,17:58,01:20,00:25,DELAY,ONTIME,DELAY,DELAY,,93,00:10,,,,,,HAN,HIJ,PQC,Domestic,VJ,,
2026-01-11|VJ172/VJ177|A639|SGN-HAN-SGN|17:45,2026-01-11,VJ172/VJ177,A639,A321,SGN-HAN-SGN,16:45,17:45,16:45,17:45,16:50,17:34,17:35,17:40,01:00,00:45,EARLY,ONTIME,ONTIME,ONTIME,,,,,,,,,HAN,SGN,SGN,Domestic,VJ,,
2026-01-11|VJ512/VJ779|A642|DAD-HAN-CXR|18:00,2026-01-11,VJ512/VJ779,A642,A321,DAD-HAN-CXR,17:30,18:00,17:30,18:00,17:35,18:04,18:05,18:15,00:30,00:30,DELAY,ONTIME,ONTIME,ONTIME,,93,00:05,,,,,,HAN,DAD,CXR,Domestic,VJ,,
2026-01-11|VJ902/VJ193|A636|BKK-HAN-SGN|18:20,2026-01-11,VJ902/VJ193,A636,A321,BKK-HAN-SGN,17:00,18:20,17:00,18:20,17:05,18:26,18:27,18:29,01:20,01:22,DELAY,ONTIME,ONTIME,ONTIME,,95,00:07,,,,,WAIT CREW VJ194 OB 1800,HAN,BKK,SGN,Domestic,VJ,,
2026-01-11|VJ916/VJ493|A580|SIN-HAN-BMV|18:25,2026-01-11,VJ916/VJ493,A580,A321,SIN-HAN-BMV,17:25,18:25,17:25,18:25,17:15,18:39,18:40,18:40,01:00,01:25,DELAY,ONTIME,ONTIME,ONTIME,,95,00:15,,,,,WAIT CREW VJ464 OB 1815,HAN,SIN,BMV,Domestic,VJ,,
2026-01-11|VJ900/VJ165|A544|DPS-HAN-SGN|18:30,2026-01-11,VJ900/VJ165,A544,A321,DPS-HAN-SGN,17:20,18:30,17:20,18:30,17:05,18:28,18:30,18:35,01:10,01:25,ONTIME,ONTIME,ONTIME,ONTIME,,,,,,,,,HAN,DPS,SGN,Domestic,VJ,,
2026-01-11|VJ928/VJ1925|A672|CGK-HAN-AMD|19:00,2026-01-11,VJ928/VJ1925,A672,A320,CGK-HAN-AMD,18:15,19:00,18:15,19:20,19:00,19:34,19:35,19:39,01:05,00:35,DELAY,ONTIME,DELAY,DELAY,,93,00:05,66,00:10,,,CREW HN OB 1910,HAN,CGK,AMD,International,VJ,,
2026-01-11|VJ1492/VJ517|A673|BMV-HAN-DAD|19:05,2026-01-11,VJ1492/VJ517,A673,A321,BMV-HAN-DAD,18:35,19:05,18:35,19:05,18:40,19:04,19:05,19:09,00:30,00:25,ONTIME,ONTIME,ONTIME,ONTIME,,,,,,,,,HAN,BMV,DAD,Domestic,VJ,,
2026-01-11|VJ921/VJ569|A697|NGO-HAN-HUI|19:15,2026-01-11,VJ921/VJ569,A697,A321,NGO-HAN-HUI,13:40,19:15,13:40,19:15,13:10,19:11,19:12,19:24,05:35,06:02,EARLY,ONTIME,ONTIME,ONTIME,,,,,,,,,HAN,NGO,HUI,Domestic,VJ,,
2026-01-11|VJ947/VJ7358|A539|KHH-HAN-HRB|19:25,2026-01-11,VJ947/VJ7358,A539,A321,KHH-HAN-HRB,18:05,19:25,18:05,19:25,17:45,19:24,19:25,19:40,01:20,01:40,ONTIME,ONTIME,ONTIME,ONTIME,,,,,,,,,HAN,KHH,HRB,International,VJ,,
2026-01-11|VJ424/VJ155|A648|PXU-HAN-SGN|20:05,2026-01-11,VJ424/VJ155,A648,A321,PXU-HAN-SGN,19:35,20:05,19:35,20:30,19:58,20:27,20:28,20:40,00:55,00:30,EARLY,ONTIME,DELAY,DELAY,,,,,,,,,HAN,PXU,SGN,Domestic,VJ,,
2026-01-11|VJ957/VJ7712|A656|PUS-HAN-PKX|20:05,2026-01-11,VJ957/VJ7712,A656,A320,PUS-HAN-PKX,17:20,20:05,17:20,20:05,17:06,19:59,20:00,20:02,02:45,02:54,EARLY,ONTIME,ONTIME,ONTIME,,,,,,,,,HAN,PUS,PKX,International,VJ,,
2026-01-11|VJ931/VJ519|A538|KIX-HAN-DAD|20:10,2026-01-11,VJ931/VJ519,A538,A321,KIX-HAN-DAD,19:15,20:10,19:15,20:10,19:35,20:09,20:10,20:15,00:55,00:35,ONTIME,ONTIME,ONTIME,DELAY,,,,,,,,,HAN,KIX,DAD,Domestic,VJ,,
2026-01-11|VJ152/VJ501|A644|SGN-HAN-DAD|20:15,2026-01-11,VJ152/VJ501,A644,A321,SGN-HAN-DAD,19:15,20:15,19:15,20:15,19:45,20:24,20:25,20:52,01:00,00:40,DELAY,ONTIME,DELAY,DELAY,,66,00:10,,,,,CREW OB 2000,HAN,SGN,DAD,Domestic,VJ,,
2026-01-11|VJ949/VJ7342|A651|RMQ-HAN-XIY|20:35,2026-01-11,VJ949/VJ7342,A651,A321,RMQ-HAN-XIY,19:50,20:35,19:50,20:35,19:47,20:31,20:32,20:50,00:45,00:45,EARLY,ONTIME,ONTIME,ONTIME,,,,,,,,,HAN,RMQ,XIY,International,VJ,,
2026-01-11|VJ1440/VJ521|A698|PQC-HAN-DAD|21:10,2026-01-11,VJ1440/VJ521,A698,A321,PQC-HAN-DAD,20:10,21:10,20:10,21:10,20:25,21:04,21:05,21:10,01:00,00:40,EARLY,ONTIME,ONTIME,ONTIME,,,,,,,,,HAN,PQC,DAD,Domestic,VJ,,
2026-01-11|VJ446/VJ7238|A669|PQC-HAN-PVG|21:30,2026-01-11,VJ446/VJ7238,A669,A320,PQC-HAN-PVG,17:10,21:30,17:10,21:30,18:05,21:20,21:21,21:25,04:20,03:16,EARLY,ONTIME,ONTIME,DELAY,,,,,,,,,HAN,PQC,PVG,International,VJ,,
2026-01-11|VJ935/VJ123|A545|NRT-HAN-SGN|22:10,2026-01-11,VJ935/VJ123,A545,A321,NRT-HAN-SGN,20:55,22:10,20:55,22:10,21:35,22:09,22:10,22:20,01:15,00:35,ONTIME,ONTIME,ONTIME,DELAY,,,,,,,,,HAN,NRT,SGN,Domestic,VJ,,
2026-01-11|VJ778/VJ523|A642|CXR-HAN-DAD|22:45,2026-01-11,VJ778/VJ523,A642,A321,CXR-HAN-DAD,22:10,22:45,22:30,23:10,22:45,23:08,23:09,23:14,00:40,00:24,EARLY,ONTIME,DELAY,DELAY,,,,,,,,,HAN,CXR,DAD,Domestic,VJ,,
2026-01-11|VJ190/VJ187|A528|SGN-HAN-SGN|22:50,2026-01-11,VJ190/VJ187,A528,A321,SGN-HAN-SGN,22:00,22:50,22:00,22:50,22:25,22:54,22:55,23:03,00:50,00:30,DELAY,ONTIME,ONTIME,DELAY,,93,00:05,,,,,,HAN,SGN,SGN,Domestic,VJ,,
2026-01-11|VJ943/VJ962|A667|TPE-HAN-ICN|22:50,2026-01-11,VJ943/VJ962,A667,A321,TPE-HAN-ICN,20:55,22:50,20:55,22:50,21:25,22:46,22:47,22:49,01:55,01:22,EARLY,ONTIME,ONTIME,DELAY,,,,,,,,,HAN,TPE,ICN,International,VJ,,
2026-01-11|VJ158/VJ171|A815|SGN-HAN-SGN|23:25,2026-01-11,VJ158/VJ171,A815,A330,SGN-HAN-SGN,20:45,23:25,22:00,23:25,23:00,23:34,23:35,23:37,01:25,00:35,DELAY,ONTIME,ONTIME,DELAY,,93,00:10,,,,,,HAN,SGN,SGN,Domestic,VJ,,
2026-01-11|VJ914/VJ7526|A535|SAI-HAN-CAN|23:40,2026-01-11,VJ914/VJ7526,A535,A321,SAI-HAN-CAN,20:50,23:40,20:50,23:40,20:45,23:39,23:40,23:49,02:50,02:55,ONTIME,ONTIME,ONTIME,ONTIME,,,,,,,,,HAN,SAI,CAN,International,VJ,,
2026-01-12|VJ932|A820|HAN-NRT|00:55,2026-01-12,VJ932,A820,A321,HAN-NRT,,00:55,,00:55,,00:54,00:55,01:02,,,ONTIME,ONTIME,ONTIME,,,,,,,,,,HAN,,NRT,International,VJ,,
2026-01-12|VJ982|A677|HAN-PUS|01:00,2026-01-12,VJ982,A677,A321,HAN-PUS,,01:00,,01:00,,00:59,01:00,01:01,,,ONTIME,ONTIME,ONTIME,,,,,,,,,,HAN,,PUS,International,VJ,,
2026-01-12|VJ920|A697|HAN-NGO|01:35,2026-01-12,VJ920,A697,A321,HAN-NGO,,01:35,,01:35,,01:24,01:25,01:30,,,EARLY,ONTIME,ONTIME,,,,,,,,,,HAN,,NGO,International,VJ,,
2026-01-12|VJ938|A550|HAN-KIX|01:40,2026-01-12,VJ938,A550,A321,HAN-KIX,,01:40,,01:40,,01:35,01:36,01:40,,,EARLY,ONTIME,ONTIME,,,,,,,,,,HAN,,KIX,International,VJ,,
2026-01-12|VJ960|A553|HAN-ICN|01:45,2026-01-12,VJ960,A553,A321,HAN-ICN,,01:45,,01:45,,01:34,01:35,01:37,,,EARLY,ONTIME,ONTIME,,,,,,,,,,HAN,,ICN,International,VJ,,
2026-01-12|VJ7614/VJ7614|A516|CXR-HAN-BQS|02:10,2026-01-12,VJ7614/VJ7614,A516,A321,CXR-HAN-BQS,01:40,02:10,01:40,02:10,01:40,02:16,02:17,02:18,00:30,00:37,DELAY,ONTIME,ONTIME,ONTIME,,93,00:07,,,,,,HAN,CXR,BQS,International,VJ,,
2026-01-12|VJ179|A698|HAN-SGN|05:00,2026-01-12,VJ179,A698,A321,HAN-SGN,,05:00,,05:00,,04:54,04:55,04:56,,,EARLY,ONTIME,ONTIME,,,,,,,,,,HAN,,SGN,Domestic,VJ,,
2026-01-12|VJ461|A525|HAN-VCA|05:30,2026-01-12,VJ461,A525,A321,HAN-VCA,,05:30,,05:30,,05:24,05:25,05:27,,,EARLY,ONTIME,ONTIME,,,,,,,,,,HAN,,VCA,Domestic,VJ,,
2026-01-12|VJ7713/VJ401|A656|PKX-HAN-DLI|05:50,2026-01-12,VJ7713/VJ401,A656,A320,PKX-HAN-DLI,04:10,05:50,04:10,05:50,04:10,05:40,05:41,05:45,01:40,01:31,EARLY,ONTIME,ONTIME,ONTIME,,,,,,,,,HAN,PKX,DLI,Domestic,VJ,,
2026-01-12|VJ443|A647|HAN-PQC|06:00,2026-01-12,VJ443,A647,A321,HAN-PQC,,06:00,,06:00,,05:51,05:52,05:55,,,EARLY,ONTIME,ONTIME,,,,,,,,,,HAN,,PQC,Domestic,VJ,,
2026-01-12|VJ503|A538|HAN-DAD|06:00,2026-01-12,VJ503,A538,A321,HAN-DAD,,06:00,,06:00,,05:54,05:55,06:02,,,EARLY,ONTIME,ONTIME,,,,,,,,,,HAN,,DAD,Domestic,VJ,,
2026-01-12|VJ491|A637|HAN-BMV|06:00,2026-01-12,VJ491,A637,A321,HAN-BMV,,06:00,,06:00,,05:54,05:55,06:05,,,EARLY,ONTIME,ONTIME,,,,,,,,,,HAN,,BMV,Domestic,VJ,,
2026-01-12|VJ421|A643|HAN-PXU|06:05,2026-01-12,VJ421,A643,A321,HAN-PXU,,06:05,,06:05,,05:59,06:00,06:05,,,EARLY,ONTIME,ONTIME,,,,,,,,,,HAN,,PXU,Domestic,VJ,,
2026-01-12|VJ7527/VJ181|A535|CAN-HAN-SGN|06:40,2026-01-12,VJ7527/VJ181,A535,A321,CAN-HAN-SGN,04:35,06:40,04:35,06:40,04:45,06:34,06:35,06:43,02:05,01:50,EARLY,ONTIME,ONTIME,ONTIME,,,,,,,,,HAN,CAN,SGN,Domestic,VJ,,
2026-01-12|VJ105|652G|HAN-VCS|06:45,2026-01-12,VJ105,652G,C909,HAN-VCS,,06:45,,06:45,,06:39,06:40,06:45,,,EARLY,ONTIME,ONTIME,,,,,,,,,,HAN,,VCS,Domestic,VJ,,
2026-01-12|VJ905|A648|HAN-KUL|07:10,2026-01-12,VJ905,A648,A321,HAN-KUL,,07:10,,07:10,,07:09,07:10,07:20,,,ONTIME,ONTIME,ONTIME,,,,,,,,,,HAN,,KUL,International,VJ,,
2026-01-12|VJ431|A671|HAN-UIH|07:10,2026-01-12,VJ431,A671,A320,HAN-UIH,,07:10,,07:10,,07:04,07:05,07:10,,,EARLY,ONTIME,ONTIME,,,,,,,,,,HAN,,UIH,Domestic,VJ,,
2026-01-12|VJ956|A663|HAN-PUS|07:30,2026-01-12,VJ956,A663,A320,HAN-PUS,,07:30,,07:30,,07:34,07:35,07:43,,,DELAY,ONTIME,ONTIME,,,15A,00:05,,,,,OFFLOAD 1PAX 1BAG,HAN,,PUS,International,VJ,,
2026-01-12|VJ7343/VJ940|A651|XIY-HAN-TPE|07:35,2026-01-12,VJ7343/VJ940,A651,A321,XIY-HAN-TPE,03:30,07:35,03:30,07:35,02:45,07:29,07:30,07:40,04:05,04:45,EARLY,ONTIME,ONTIME,ONTIME,,,,,,,,,HAN,XIY,TPE,International,VJ,,
2026-01-12|VJ502/VJ771|A542|DAD-HAN-CXR|07:40,2026-01-12,VJ502/VJ771,A542,A321,DAD-HAN-CXR,07:05,07:40,07:05,07:40,07:15,07:39,07:40,07:49,00:35,00:25,ONTIME,ONTIME,ONTIME,ONTIME,,,,,,,,,HAN,DAD,CXR,Domestic,VJ,,
2026-01-12|VJ107|656E|HAN-VCS|08:15,2026-01-12,VJ107,656E,C909,HAN-VCS,,08:15,,08:15,,08:09,08:10,08:15,,,EARLY,ONTIME,ONTIME,,,,,,,,,,HAN,,VCS,Domestic,VJ,,
2026-01-12|VJ7359/VJ930|A539|HRB-HAN-KIX|08:20,2026-01-12,VJ7359/VJ930,A539,A321,HRB-HAN-KIX,06:15,08:20,06:15,08:20,07:05,08:14,08:15,08:21,02:05,01:10,EARLY,ONTIME,ONTIME,DELAY,,,,,,,,,HAN,HRB,KIX,International,VJ,,
2026-01-12|VJ122/VJ934|A528|SGN-HAN-NRT|08:30,2026-01-12,VJ122/VJ934,A528,A321,SGN-HAN-NRT,07:30,08:30,07:30,08:30,07:20,08:29,08:30,08:39,01:00,01:10,ONTIME,ONTIME,ONTIME,ONTIME,,,,,,,,,HAN,SGN,NRT,International,VJ,,
2026-01-12|VJ7239/VJ929|A669|PVG-HAN-CGK|08:40,2026-01-12,VJ7239/VJ929,A669,A320,PVG-HAN-CGK,05:15,08:40,05:15,08:40,04:55,08:39,08:40,08:44,03:25,03:45,ONTIME,ONTIME,ONTIME,ONTIME,,,,,,,,,HAN,PVG,CGK,International,VJ,,
2026-01-12|VJ124/VJ125|A500|SGN-HAN-SGN|09:00,2026-01-12,VJ124/VJ125,A500,A321,SGN-HAN-SGN,08:10,09:00,08:10,09:00,08:10,08:56,08:57,09:07,00:50,00:47,EARLY,ONTIME,ONTIME,ONTIME,,,,,,,,,HAN,SGN,SGN,Domestic,VJ,,
2026-01-12|VJ126/VJ127|A653|SGN-HAN-SGN|09:00,2026-01-12,VJ126/VJ127,A653,A321,SGN-HAN-SGN,08:25,09:00,08:25,09:00,08:40,09:09,09:10,09:13,00:35,00:30,DELAY,ONTIME,ONTIME,ONTIME,,93,00:10,,,,,,HAN,SGN,SGN,Domestic,VJ,,
2026-01-12|VJ524/VJ527|A632|DAD-HAN-DAD|09:30,2026-01-12,VJ524/VJ527,A632,A321,DAD-HAN-DAD,07:50,09:30,07:50,09:30,07:50,09:24,09:25,09:31,01:40,01:35,EARLY,ONTIME,ONTIME,ONTIME,,,,,,,,,HAN,DAD,DAD,Domestic,VJ,,
2026-01-12|VJ915|A673|HAN-SIN|09:35,2026-01-12,VJ915,A673,A321,HAN-SIN,,09:35,,09:35,,09:31,09:32,09:33,,,EARLY,ONTIME,ONTIME,,,,,,,,,,HAN,,SIN,International,VJ,,
2026-01-12|VJ504/VJ997|A538|DAD-HAN-DPS|10:00,2026-01-12,VJ504/VJ997,A538,A321,DAD-HAN-DPS,09:00,10:00,09:00,10:00,09:15,09:59,10:00,10:02,01:00,00:45,ONTIME,ONTIME,ONTIME,ONTIME,,,,,,,,,HAN,DAD,DPS,International,VJ,,
2026-01-12|VJ1926/VJ149|A672|AMD-HAN-SGN|10:05,2026-01-12,VJ1926/VJ149,A672,A320,AMD-HAN-SGN,06:35,10:05,06:35,10:05,05:50,10:04,10:05,10:13,03:30,04:15,ONTIME,ONTIME,ONTIME,ONTIME,,,,,,,,,HAN,AMD,SGN,Domestic,VJ,,
2026-01-12|VJ422/VJ567|A643|PXU-HAN-HUI|10:10,2026-01-12,VJ422/VJ567,A643,A321,PXU-HAN-HUI,09:40,10:10,09:40,10:10,09:45,10:14,10:15,10:23,00:30,00:30,DELAY,ONTIME,ONTIME,ONTIME,,93,00:05,,,,,,HAN,PXU,HUI,Domestic,VJ,,
2026-01-12|VJ492/VJ507|A637|BMV-HAN-DAD|10:30,2026-01-12,VJ492/VJ507,A637,A321,BMV-HAN-DAD,10:00,10:30,10:00,10:30,10:05,10:29,10:30,10:35,00:30,00:25,ONTIME,ONTIME,ONTIME,ONTIME,,,,,,,,,HAN,BMV,DAD,Domestic,VJ,,
2026-01-12|VJ402/VJ775|A656|DLI-HAN-CXR|10:40,2026-01-12,VJ402/VJ775,A656,A320,DLI-HAN-CXR,10:10,10:40,10:10,10:40,09:50,10:38,10:40,10:42,00:30,00:50,ONTIME,ONTIME,ONTIME,ONTIME,,,,,,,,,HAN,DLI,CXR,Domestic,VJ,,
2026-01-12|VJ176/VJ403|A675|SGN-HAN-DLI|10:45,2026-01-12,VJ176/VJ403,A675,A320,SGN-HAN-DLI,09:00,10:45,09:00,10:45,09:05,10:39,10:40,10:42,01:45,01:35,EARLY,ONTIME,ONTIME,ONTIME,,,,,,,,,HAN,SGN,DLI,Domestic,VJ,,
2026-01-12|VJ460/VJ463|A525|VCA-HAN-VCA|10:50,2026-01-12,VJ460/VJ463,A525,A321,VCA-HAN-VCA,10:20,10:50,10:20,10:50,10:20,10:48,10:50,10:50,00:30,00:30,ONTIME,ONTIME,ONTIME,ONTIME,,,,,,,,,HAN,VCA,VCA,Domestic,VJ,,
2026-01-12|VJ430/VJ407|A671|UIH-HAN-DLI|11:25,2026-01-12,VJ430/VJ407,A671,A320,UIH-HAN-DLI,10:55,11:25,10:55,11:25,10:50,11:17,11:18,11:22,00:30,00:28,EARLY,ONTIME,ONTIME,ONTIME,,,,,,,,,HAN,UIH,DLI,Domestic,VJ,,
2026-01-12|VJ184/VJ129|A536|SGN-HAN-SGN|11:25,2026-01-12,VJ184/VJ129,A536,A321,SGN-HAN-SGN,10:25,11:25,10:25,11:25,10:35,11:24,11:25,11:30,01:00,00:50,ONTIME,ONTIME,ONTIME,ONTIME,,,,,,,,,HAN,SGN,SGN,Domestic,VJ,,
2026-01-12|VJ772/VJ133|A816|CXR-HAN-SGN|11:40,2026-01-12,VJ772/VJ133,A816,A330,CXR-HAN-SGN,10:40,11:40,10:40,11:40,10:45,11:39,11:40,11:45,01:00,00:55,ONTIME,ONTIME,ONTIME,ONTIME,,,,,,,,,HAN,CXR,SGN,Domestic,VJ,,
2026-01-12|VJ442/VJ946|A647|PQC-HAN-KHH|11:45,2026-01-12,VJ442/VJ946,A647,A321,PQC-HAN-KHH,10:45,11:45,10:45,11:45,11:00,11:44,11:45,11:49,01:00,00:45,ONTIME,ONTIME,ONTIME,ONTIME,,,,,,,,,HAN,PQC,KHH,International,VJ,,
2026-01-12|VJ132/VJ137|A552|SGN-HAN-SGN|12:10,2026-01-12,VJ132/VJ137,A552,A321,SGN-HAN-SGN,11:40,12:10,11:40,12:10,11:40,12:07,12:08,12:14,00:30,00:28,EARLY,ONTIME,ONTIME,ONTIME,,,,,,,,,HAN,SGN,SGN,Domestic,VJ,,
2026-01-12|VJ963/VJ901|A667|ICN-HAN-BKK|12:15,2026-01-12,VJ963/VJ901,A667,A321,ICN-HAN-BKK,09:30,12:15,09:30,12:15,09:35,12:06,12:07,12:09,02:45,02:32,EARLY,ONTIME,ONTIME,ONTIME,,,,,,,,,HAN,ICN,BKK,International,VJ,,
2026-01-12|VJ981/VJ441|A677|PUS-HAN-PQC|12:25,2026-01-12,VJ981/VJ441,A677,A321,PUS-HAN-PQC,11:00,12:25,11:00,12:25,11:05,12:15,12:16,12:23,01:25,01:11,EARLY,ONTIME,ONTIME,ONTIME,,,,,,,,,HAN,PUS,PQC,Domestic,VJ,,
2026-01-12|VJ528/VJ513|A632|DAD-HAN-DAD|13:35,2026-01-12,VJ528/VJ513,A632,A321,DAD-HAN-DAD,12:40,13:35,12:40,13:35,13:05,13:39,13:40,13:42,00:55,00:35,DELAY,ONTIME,ONTIME,DELAY,,66,00:05,,,,,CHANGE CREW HN OB 1315,HAN,DAD,DAD,Domestic,VJ,,
2026-01-12|VJ770/VJ948|A542|CXR-HAN-RMQ|13:35,2026-01-12,VJ770/VJ948,A542,A321,CXR-HAN-RMQ,11:50,13:35,11:50,13:35,12:20,13:23,13:25,13:26,01:45,01:05,EARLY,ONTIME,ONTIME,DELAY,,,,,,,,,HAN,CXR,RMQ,International,VJ,,
2026-01-12|VJ128/VJ143|A811|SGN-HAN-SGN|13:40,2026-01-12,VJ128/VJ143,A811,A330,SGN-HAN-SGN,12:10,13:40,12:10,13:40,12:35,13:34,13:35,13:37,01:30,01:00,EARLY,ONTIME,ONTIME,DELAY,,,,,,,,,HAN,SGN,SGN,Domestic,VJ,,
2026-01-12|VJ188/VJ151|-MLI|SGN-HAN-SGN|14:00,2026-01-12,VJ188/VJ151,-MLI,A320,SGN-HAN-SGN,13:25,14:00,14:55,15:25,15:00,15:24,15:25,15:34,00:30,00:25,ONTIME,ONTIME,DELAY,DELAY,,,,,,,,,HAN,SGN,SGN,Domestic,VJ,,
2026-01-12|VJ508/VJ511|A637|DAD-HAN-DAD|14:20,2026-01-12,VJ508/VJ511,A637,A321,DAD-HAN-DAD,13:40,14:20,13:40,14:20,13:35,14:14,14:15,14:26,00:40,00:40,EARLY,ONTIME,ONTIME,ONTIME,,,,,,,,,HAN,DAD,DAD,Domestic,VJ,,
2026-01-12|VJ939/VJ942|A550|KIX-HAN-TPE|14:25,2026-01-12,VJ939/VJ942,A550,A321,KIX-HAN-TPE,13:05,14:25,13:05,14:25,13:25,14:11,14:12,14:20,01:20,00:47,EARLY,ONTIME,ONTIME,DELAY,,,,,,,,,HAN,KIX,TPE,International,VJ,,
2026-01-12|VJ508/VJ1491|A637|DAD-HAN-BMV|14:35,2026-01-12,VJ508/VJ1491,A637,A321,DAD-HAN-BMV,13:40,14:35,13:40,14:35,14:00,14:34,14:35,14:42,00:55,00:35,ONTIME,ONTIME,ONTIME,DELAY,,,,,,,,,HAN,DAD,BMV,Domestic,VJ,,
2026-01-12|VJ7615/VJ7615|A516|BQS-HAN-CXR|15:10,2026-01-12,VJ7615/VJ7615,A516,A321,BQS-HAN-CXR,14:40,15:10,14:40,15:10,15:00,15:59,16:00,16:10,00:30,01:00,DELAY,DELAY,DELAY,DELAY,,93,00:20,99,00:30,,,TECHSTOP / CAPTAIN DO LOADSHEET,HAN,BQS,CXR,Domestic,VJ,,
2026-01-12|VJ774/VJ175|A656|CXR-HAN-SGN|15:20,2026-01-12,VJ774/VJ175,A656,A320,CXR-HAN-SGN,14:50,15:20,14:50,15:20,15:15,15:39,15:40,15:48,00:30,00:25,DELAY,DELAY,DELAY,DELAY,,93,00:20,,,,,,HAN,CXR,SGN,Domestic,VJ,,
2026-01-12|VJ941/VJ1441|A651|TPE-HAN-PQC|15:30,2026-01-12,VJ941/VJ1441,A651,A321,TPE-HAN-PQC,14:10,15:30,14:10,15:30,14:20,15:29,15:30,15:38,01:20,01:10,ONTIME,ONTIME,ONTIME,ONTIME,,,,,,,,,HAN,TPE,PQC,Domestic,VJ,,
2026-01-12|VJ144/VJ145|A684|SGN-HAN-SGN|15:35,2026-01-12,VJ144/VJ145,A684,A321,SGN-HAN-SGN,14:10,15:35,14:10,16:35,16:05,16:34,16:35,16:55,02:25,00:30,ONTIME,ONTIME,DELAY,DELAY,,,,,,,,,HAN,SGN,SGN,Domestic,VJ,,
2026-01-12|VJ198/VJ199|A641|SGN-HAN-SGN|15:45,2026-01-12,VJ198/VJ199,A641,A321,SGN-HAN-SGN,15:10,15:45,15:10,15:45,15:30,15:54,15:55,16:00,00:35,00:25,DELAY,ONTIME,ONTIME,DELAY,,93,00:10,,,,,,HAN,SGN,SGN,Domestic,VJ,,
2026-01-12|VJ921/VJ903|A697|NGO-HAN-BKK|15:50,2026-01-12,VJ921/VJ903,A697,A321,NGO-HAN-BKK,13:40,15:50,13:40,15:50,13:15,15:42,15:43,15:58,02:10,02:28,EARLY,ONTIME,ONTIME,ONTIME,,,,,,,,,HAN,NGO,BKK,International,VJ,,
2026-01-12|VJ961/VJ423|A553|ICN-HAN-PXU|15:55,2026-01-12,VJ961/VJ423,A553,A321,ICN-HAN-PXU,14:10,15:55,14:10,15:55,14:15,15:54,15:55,16:08,01:45,01:40,ONTIME,ONTIME,ONTIME,ONTIME,,,,,,,,,HAN,ICN,PXU,Domestic,VJ,,
2026-01-12|VJ933/VJ195|A820|NRT-HAN-SGN|16:00,2026-01-12,VJ933/VJ195,A820,A321,NRT-HAN-SGN,14:00,16:00,14:00,16:00,14:30,15:59,16:00,16:10,02:00,01:30,ONTIME,ONTIME,ONTIME,DELAY,,,,,,,,,HAN,NRT,SGN,Domestic,VJ,,
2026-01-12|VJ408/VJ409|A671|DLI-HAN-DLI|16:05,2026-01-12,VJ408/VJ409,A671,A320,DLI-HAN-DLI,15:35,16:05,15:35,16:05,15:55,16:14,16:15,16:35,00:30,00:20,DELAY,ONTIME,DELAY,DELAY,,93,00:10,,,,,,HAN,DLI,DLI,Domestic,VJ,,
2026-01-12|VJ906/VJ913|A648|KUL-HAN-SAI|16:20,2026-01-12,VJ906/VJ913,A648,A321,KUL-HAN-SAI,14:55,16:20,14:55,16:20,14:38,16:10,16:11,16:28,01:25,01:33,EARLY,ONTIME,ONTIME,ONTIME,,,,,,,,,HAN,KUL,SAI,International,VJ,,
2026-01-12|VJ462/VJ515|A525|VCA-HAN-DAD|16:25,2026-01-12,VJ462/VJ515,A525,A321,VCA-HAN-DAD,15:40,16:25,15:40,16:25,16:05,16:34,16:35,16:40,00:45,00:30,DELAY,ONTIME,ONTIME,DELAY,,93,00:10,,,,,,HAN,VCA,DAD,Domestic,VJ,,
2026-01-12|VJ134/VJ163|-NVE|SGN-HAN-SGN|17:20,2026-01-12,VJ134/VJ163,-NVE,A320,SGN-HAN-SGN,16:50,17:20,16:50,17:55,18:05,18:29,18:30,18:40,01:05,00:25,DELAY,DELAY,DELAY,DELAY,,93,00:35,,,,,,HAN,SGN,SGN,Domestic,VJ,,
2026-01-12|VJ514/VJ465|A632|DAD-HAN-VCA|17:25,2026-01-12,VJ514/VJ465,A632,A321,DAD-HAN-VCA,16:45,17:25,16:45,17:25,17:10,17:39,17:40,17:40,00:40,00:30,DELAY,ONTIME,ONTIME,DELAY,,93,00:15,,,,,,HAN,DAD,VCA,Domestic,VJ,,
2026-01-12|VJ404/VJ445|A675|DLI-HAN-PQC|17:40,2026-01-12,VJ404/VJ445,A675,A320,DLI-HAN-PQC,14:55,17:40,14:55,17:40,14:55,17:39,17:40,17:43,02:45,02:45,ONTIME,ONTIME,ONTIME,ONTIME,,,,,,,,,HAN,DLI,PQC,Domestic,VJ,,
2026-01-12|VJ146/VJ169|A816|SGN-HAN-SGN|18:00,2026-01-12,VJ146/VJ169,A816,A330,SGN-HAN-SGN,17:00,18:00,17:00,18:00,17:10,17:59,18:00,18:06,01:00,00:50,ONTIME,ONTIME,ONTIME,ONTIME,,,,,,,,,HAN,SGN,SGN,Domestic,VJ,,
2026-01-12|VJ902/VJ131|A667|BKK-HAN-SGN|18:00,2026-01-12,VJ902/VJ131,A667,A321,BKK-HAN-SGN,17:00,18:00,17:00,18:00,17:30,18:07,18:08,18:11,01:00,00:38,DELAY,ONTIME,ONTIME,DELAY,,95,00:08,,,,,CREW VJ130 OB 1745,HAN,BKK,SGN,Domestic,VJ,,
2026-01-12|VJ446/VJ779|A677|PQC-HAN-CXR|18:10,2026-01-12,VJ446/VJ779,A677,A321,PQC-HAN-CXR,17:10,18:10,17:10,18:10,17:30,18:09,18:10,18:16,01:00,00:40,ONTIME,ONTIME,ONTIME,DELAY,,,,,,,,,HAN,PQC,CXR,Domestic,VJ,,
2026-01-12|VJ957/VJ1925|A663|PUS-HAN-AMD|19:00,2026-01-12,VJ957/VJ1925,A663,A320,PUS-HAN-AMD,17:20,19:00,17:20,19:00,17:27,18:59,19:00,19:04,01:40,01:33,ONTIME,ONTIME,ONTIME,ONTIME,,,,,,,,,HAN,PUS,AMD,International,VJ,,
2026-01-12|VJ916/VJ517|A673|SIN-HAN-DAD|19:05,2026-01-12,VJ916/VJ517,A673,A321,SIN-HAN-DAD,17:25,19:05,17:25,19:05,17:00,19:04,19:05,19:15,01:40,02:05,ONTIME,ONTIME,ONTIME,ONTIME,,,,,,,,,HAN,SIN,DAD,Domestic,VJ,,
2026-01-12|VJ194/VJ173|A634|SGN-HAN-SGN|19:05,2026-01-12,VJ194/VJ173,A634,A321,SGN-HAN-SGN,17:35,19:05,17:35,19:05,18:30,19:04,19:05,19:19,01:30,00:35,ONTIME,ONTIME,ONTIME,DELAY,,,,,,,,,HAN,SGN,SGN,Domestic,VJ,,
2026-01-12|VJ512/VJ569|A643|DAD-HAN-HUI|19:15,2026-01-12,VJ512/VJ569,A643,A321,DAD-HAN-HUI,17:30,19:15,17:30,19:15,17:35,19:09,19:10,19:18,01:45,01:35,EARLY,ONTIME,ONTIME,ONTIME,,,,,,,,,HAN,DAD,HUI,Domestic,VJ,,
2026-01-12|VJ130/VJ907|A526|SGN-HAN-BOM|19:15,2026-01-12,VJ130/VJ907,A526,A321,SGN-HAN-BOM,16:45,19:15,16:45,19:15,17:15,19:14,19:15,19:20,02:30,02:00,ONTIME,ONTIME,ONTIME,DELAY,,,,,,,,,HAN,SGN,BOM,International,VJ,,
2026-01-12|VJ1492/VJ519|A637|BMV-HAN-DAD|19:45,2026-01-12,VJ1492/VJ519,A637,A321,BMV-HAN-DAD,18:35,19:45,18:35,19:45,18:30,19:38,19:40,19:42,01:10,01:10,EARLY,ONTIME,ONTIME,ONTIME,,,,,,,,,HAN,BMV,DAD,Domestic,VJ,,
2026-01-12|VJ928/VJ7712|A669|CGK-HAN-PKX|20:05,2026-01-12,VJ928/VJ7712,A669,A320,CGK-HAN-PKX,18:15,20:05,18:15,20:05,19:25,20:04,20:05,20:11,01:50,00:40,ONTIME,ONTIME,ONTIME,DELAY,,,,,,,,,HAN,CGK,PKX,International,VJ,,
2026-01-12|VJ1440/VJ521|A651|PQC-HAN-DAD|21:10,2026-01-12,VJ1440/VJ521,A651,A321,PQC-HAN-DAD,20:10,21:10,20:10,21:10,20:30,21:05,21:06,21:09,01:00,00:36,EARLY,ONTIME,ONTIME,DELAY,,,,,,,,,HAN,PQC,DAD,Domestic,VJ,,
2026-01-12|VJ7238|A676|HAN-PVG|21:30,2026-01-12,VJ7238,A676,A320,HAN-PVG,,21:30,,21:30,,21:24,21:25,21:29,,,EARLY,ONTIME,ONTIME,,,,,,,,,,HAN,,PVG,International,VJ,,
2026-01-12|VJ931/VJ123|A539|KIX-HAN-SGN|22:10,2026-01-12,VJ931/VJ123,A539,A321,KIX-HAN-SGN,19:15,22:10,19:15,22:10,18:40,22:09,22:10,22:20,02:55,03:30,ONTIME,ONTIME,ONTIME,ONTIME,,,,,,,,,HAN,KIX,SGN,Domestic,VJ,,
2026-01-12|VJ568/VJ523|A643|HUI-HAN-DAD|22:45,2026-01-12,VJ568/VJ523,A643,A321,HUI-HAN-DAD,22:15,22:45,22:15,22:45,22:05,22:34,22:35,22:37,00:30,00:30,EARLY,ONTIME,ONTIME,ONTIME,,,,,,,,,HAN,HUI,DAD,Domestic,VJ,,
2026-01-12|VJ424/VJ962|A553|PXU-HAN-ICN|22:50,2026-01-12,VJ424/VJ962,A553,A321,PXU-HAN-ICN,19:35,22:50,19:35,22:50,19:40,22:49,22:50,22:54,03:15,03:10,ONTIME,ONTIME,ONTIME,ONTIME,,,,,,,,,HAN,PXU,ICN,International,VJ,,
2026-01-12|VJ180/VJ171|A811|SGN-HAN-SGN|23:25,2026-01-12,VJ180/VJ171,A811,A330,SGN-HAN-SGN,22:25,23:25,22:25,23:25,22:30,23:14,23:15,23:18,01:00,00:45,EARLY,ONTIME,ONTIME,ONTIME,,,,,,,,,HAN,SGN,SGN,Domestic,VJ,,
2026-01-12|VJ152/VJ7526|A639|SGN-HAN-CAN|23:40,2026-01-12,VJ152/VJ7526,A639,A321,SGN-HAN-CAN,19:15,23:40,19:15,23:40,19:18,23:39,23:40,23:45,04:25,04:22,ONTIME,ONTIME,ONTIME,ONTIME,,,,,,,,,HAN,SGN,CAN,International,VJ,,
2026-01-13|VJ932|A820|HAN-NRT|00:55,2026-01-13,VJ932,A820,A321,HAN-NRT,,00:55,,00:55,,00:54,00:55,00:58,,,ONTIME,ONTIME,ONTIME,,,,,,,,,,HAN,,NRT,International,VJ,,
2026-01-13|VJ982|A542|HAN-PUS|01:00,2026-01-13,VJ982,A542,A321,HAN-PUS,,01:00,,01:00,,00:49,00:50,00:55,,,EARLY,ONTIME,ONTIME,,,,,,,,,,HAN,,PUS,International,VJ,,
2026-01-13|VJ920|A528|HAN-NGO|01:35,2026-01-13,VJ920,A528,A321,HAN-NGO,,01:35,,01:35,,01:29,01:30,01:35,,,EARLY,ONTIME,ONTIME,,,,,,,,,,HAN,,NGO,International,VJ,,
2026-01-13|VJ938|A534|HAN-KIX|01:40,2026-01-13,VJ938,A534,A321,HAN-KIX,,01:40,,01:40,,01:24,01:25,01:35,,,EARLY,ONTIME,ONTIME,,,,,,,,,,HAN,,KIX,International,VJ,,
2026-01-13|VJ960|A697|HAN-ICN|01:45,2026-01-13,VJ960,A697,A321,HAN-ICN,,01:45,,01:45,,01:33,01:35,01:40,,,EARLY,ONTIME,ONTIME,,,,,,,,,,HAN,,ICN,International,VJ,,
2026-01-13|VJ958|A673|HAN-FUK|02:05,2026-01-13,VJ958,A673,A321,HAN-FUK,,02:05,,02:05,,01:52,01:54,01:54,,,EARLY,ONTIME,ONTIME,,,,,,,,,,HAN,,FUK,International,VJ,,
2026-01-13|VJ179|A671|HAN-SGN|05:00,2026-01-13,VJ179,A671,A320,HAN-SGN,,05:00,,05:00,,04:54,04:55,05:03,,,EARLY,ONTIME,ONTIME,,,,,,,,,,HAN,,SGN,Domestic,VJ,,
2026-01-13|VJ461|A693|HAN-VCA|05:30,2026-01-13,VJ461,A693,A321,HAN-VCA,,05:30,,05:30,,05:24,05:25,05:32,,,EARLY,ONTIME,ONTIME,,,,,,,,,,HAN,,VCA,Domestic,VJ,,
2026-01-13|VJ773|A816|HAN-CXR|05:45,2026-01-13,VJ773,A816,A330,HAN-CXR,,05:45,,05:45,,05:39,05:40,05:45,,,EARLY,ONTIME,ONTIME,,,,,,,,,,HAN,,CXR,Domestic,VJ,,
2026-01-13|VJ503|A538|HAN-DAD|06:00,2026-01-13,VJ503,A538,A321,HAN-DAD,,06:00,,06:00,,05:54,05:55,06:04,,,EARLY,ONTIME,ONTIME,,,,,,,,,,HAN,,DAD,Domestic,VJ,,
2026-01-13|VJ491|A637|HAN-BMV|06:00,2026-01-13,VJ491,A637,A321,HAN-BMV,,06:00,,06:00,,05:54,05:55,06:00,,,EARLY,ONTIME,ONTIME,,,,,,,,,,HAN,,BMV,Domestic,VJ,,
2026-01-13|VJ443|A648|HAN-PQC|06:00,2026-01-13,VJ443,A648,A321,HAN-PQC,,06:00,,06:00,,05:54,05:55,06:00,,,EARLY,ONTIME,ONTIME,,,,,,,,,,HAN,,PQC,Domestic,VJ,,
2026-01-13|VJ7527/VJ421|A639|CAN-HAN-PXU|06:05,2026-01-13,VJ7527/VJ421,A639,A321,CAN-HAN-PXU,04:35,06:05,04:35,06:05,04:20,05:59,06:00,06:12,01:30,01:40,EARLY,ONTIME,ONTIME,ONTIME,,,,,,,,,HAN,CAN,PXU,Domestic,VJ,,
2026-01-13|VJ7239/VJ952|A676|PVG-HAN-HIJ|06:35,2026-01-13,VJ7239/VJ952,A676,A320,PVG-HAN-HIJ,05:15,06:35,05:15,06:35,05:30,06:28,06:29,06:31,01:20,00:59,EARLY,ONTIME,ONTIME,ONTIME,,,,,,,,,HAN,PVG,HIJ,International,VJ,,
2026-01-13|VJ181|A632|HAN-SGN|06:40,2026-01-13,VJ181,A632,A321,HAN-SGN,,06:40,,06:40,,06:34,06:35,06:42,,,EARLY,ONTIME,ONTIME,,,,,,,,,,HAN,,SGN,Domestic,VJ,,
2026-01-13|VJ105|652G|HAN-VCS|06:45,2026-01-13,VJ105,652G,C909,HAN-VCS,,06:45,,06:45,,06:39,06:40,06:43,,,EARLY,ONTIME,ONTIME,,,,,,,,,,HAN,,VCS,Domestic,VJ,,
2026-01-13|VJ905|A525|HAN-KUL|07:10,2026-01-13,VJ905,A525,A321,HAN-KUL,,07:10,,07:10,,07:04,07:05,07:15,,,EARLY,ONTIME,ONTIME,,,,,,,,,,HAN,,KUL,International,VJ,,
2026-01-13|VJ1926/VJ956|A663|AMD-HAN-PUS|07:30,2026-01-13,VJ1926/VJ956,A663,A320,AMD-HAN-PUS,06:20,07:30,06:20,07:30,05:32,07:24,07:25,07:26,01:10,01:53,EARLY,ONTIME,ONTIME,ONTIME,,,,,,,,,HAN,AMD,PUS,International,VJ,,
2026-01-13|VJ940|A550|HAN-TPE|07:35,2026-01-13,VJ940,A550,A321,HAN-TPE,,07:35,,07:35,,07:24,07:25,07:33,,,EARLY,ONTIME,ONTIME,,,,,,,,,,HAN,,TPE,International,VJ,,
2026-01-13|VJ502/VJ771|A653|DAD-HAN-CXR|07:50,2026-01-13,VJ502/VJ771,A653,A321,DAD-HAN-CXR,07:05,07:50,07:05,07:50,07:05,07:44,07:45,07:50,00:45,00:40,EARLY,ONTIME,ONTIME,ONTIME,,,,,,,,,HAN,DAD,CXR,Domestic,VJ,,
2026-01-13|VJ107|656E|HAN-VCS|08:15,2026-01-13,VJ107,656E,C909,HAN-VCS,,08:15,,08:15,,08:02,08:05,08:09,,,EARLY,ONTIME,ONTIME,,,,,,,,,,HAN,,VCS,Domestic,VJ,,
2026-01-13|VJ122/VJ934|A500|SGN-HAN-NRT|08:20,2026-01-13,VJ122/VJ934,A500,A321,SGN-HAN-NRT,07:30,08:20,07:30,08:20,07:20,08:19,08:20,08:23,00:50,01:00,ONTIME,ONTIME,ONTIME,ONTIME,,,,,,,,,HAN,SGN,NRT,International,VJ,,
2026-01-13|VJ930|A516|HAN-KIX|08:20,2026-01-13,VJ930,A516,A321,HAN-KIX,,08:20,,08:20,,08:15,08:16,08:18,,,EARLY,ONTIME,ONTIME,,,,,,,,,,HAN,,KIX,International,VJ,,
2026-01-13|VJ127|A645|HAN-SGN|09:10,2026-01-13,VJ127,A645,A321,HAN-SGN,,09:10,,09:10,,09:19,09:20,09:25,,,DELAY,ONTIME,ONTIME,,,95,00:10,,,,,CHANGE CREW FRVJ126 ob 0853,HAN,,SGN,Domestic,VJ,,
2026-01-13|VJ7713/VJ929|A669|PKX-HAN-CGK|09:25,2026-01-13,VJ7713/VJ929,A669,A320,PKX-HAN-CGK,04:10,09:25,04:10,09:25,04:09,09:24,09:25,09:35,05:15,05:16,ONTIME,ONTIME,ONTIME,ONTIME,,,,,,,,,HAN,PKX,CGK,International,VJ,,
2026-01-13|VJ915|A647|HAN-SIN|09:35,2026-01-13,VJ915,A647,A321,HAN-SIN,,09:35,,09:35,,09:34,09:35,09:41,,,ONTIME,ONTIME,ONTIME,,,,,,,,,,HAN,,SIN,International,VJ,,
2026-01-13|VJ910/VJ997|A526|BOM-HAN-DPS|10:00,2026-01-13,VJ910/VJ997,A526,A321,BOM-HAN-DPS,06:40,10:00,06:40,10:00,06:24,09:54,09:55,10:00,03:20,03:31,EARLY,ONTIME,ONTIME,ONTIME,,,,,,,,,HAN,BOM,DPS,International,VJ,,
2026-01-13|VJ148/VJ149|-MLI|SGN-HAN-SGN|10:05,2026-01-13,VJ148/VJ149,-MLI,A320,SGN-HAN-SGN,09:30,10:05,09:30,10:05,09:45,10:09,10:10,10:15,00:35,00:25,DELAY,ONTIME,ONTIME,ONTIME,,93,00:05,,,,,,HAN,SGN,SGN,Domestic,VJ,,
2026-01-13|VJ422/VJ567|A639|PXU-HAN-HUI|10:10,2026-01-13,VJ422/VJ567,A639,A321,PXU-HAN-HUI,09:40,10:10,09:40,10:10,10:00,10:29,10:30,10:35,00:30,00:30,DELAY,DELAY,DELAY,DELAY,,93,00:20,,,,,,HAN,PXU,HUI,Domestic,VJ,,
2026-01-13|VJ504/VJ507|A538|DAD-HAN-DAD|10:30,2026-01-13,VJ504/VJ507,A538,A321,DAD-HAN-DAD,09:00,10:30,09:00,10:30,09:25,10:34,10:35,10:44,01:30,01:10,DELAY,ONTIME,ONTIME,DELAY,,99,00:05,,,,,SUPPORT PAX NEED MEDICAL,HAN,DAD,DAD,Domestic,VJ,,
2026-01-13|VJ7048|A698|HAN-SJW|10:40,2026-01-13,VJ7048,A698,A321,HAN-SJW,,10:40,,10:40,,10:39,10:40,10:43,,,ONTIME,ONTIME,ONTIME,,,,,,,,,,HAN,,SJW,International,VJ,,
2026-01-13|VJ492/VJ403|A637|BMV-HAN-DLI|10:45,2026-01-13,VJ492/VJ403,A637,A321,BMV-HAN-DLI,10:00,10:45,10:00,10:45,10:05,10:38,10:40,10:42,00:45,00:35,EARLY,ONTIME,ONTIME,ONTIME,,,,,,,,,HAN,BMV,DLI,Domestic,VJ,,
2026-01-13|VJ460/VJ463|A693|VCA-HAN-VCA|10:50,2026-01-13,VJ460/VJ463,A693,A321,VCA-HAN-VCA,10:20,10:50,10:20,10:50,10:15,10:44,10:45,10:52,00:30,00:30,EARLY,ONTIME,ONTIME,ONTIME,,,,,,,,,HAN,VCA,VCA,Domestic,VJ,,
2026-01-13|VJ184/VJ129|A811|SGN-HAN-SGN|11:25,2026-01-13,VJ184/VJ129,A811,A330,SGN-HAN-SGN,10:25,11:25,10:25,11:25,10:24,11:24,11:25,11:29,01:00,01:01,ONTIME,ONTIME,ONTIME,ONTIME,,,,,,,,,HAN,SGN,SGN,Domestic,VJ,,
2026-01-13|VJ126/VJ407|A668|SGN-HAN-DLI|11:45,2026-01-13,VJ126/VJ407,A668,A320,SGN-HAN-DLI,08:25,11:45,08:25,11:45,08:43,11:44,11:45,11:59,03:20,03:02,ONTIME,ONTIME,ONTIME,DELAY,,,,,,,,,HAN,SGN,DLI,Domestic,VJ,,
2026-01-13|VJ442/VJ946|A648|PQC-HAN-KHH|11:45,2026-01-13,VJ442/VJ946,A648,A321,PQC-HAN-KHH,10:45,11:45,10:45,11:45,11:05,11:44,11:45,11:51,01:00,00:40,ONTIME,ONTIME,ONTIME,DELAY,,,,,,,,,HAN,PQC,KHH,International,VJ,,
2026-01-13|VJ132/VJ137|A607|SGN-HAN-SGN|12:10,2026-01-13,VJ132/VJ137,A607,A321,SGN-HAN-SGN,11:40,12:10,11:40,12:10,11:40,12:09,12:10,12:19,00:30,00:30,ONTIME,ONTIME,ONTIME,ONTIME,,,,,,,,,HAN,SGN,SGN,Domestic,VJ,,
2026-01-13|VJ981/VJ901|A542|PUS-HAN-BKK|12:15,2026-01-13,VJ981/VJ901,A542,A321,PUS-HAN-BKK,11:00,12:15,11:00,12:15,11:00,12:05,12:06,12:13,01:15,01:06,EARLY,ONTIME,ONTIME,ONTIME,,,,,,,,,HAN,PUS,BKK,International,VJ,,
2026-01-13|VJ186/VJ183|A817|SGN-HAN-SGN|12:40,2026-01-13,VJ186/VJ183,A817,A330,SGN-HAN-SGN,11:40,12:40,11:40,12:40,11:40,12:39,12:40,12:43,01:00,01:00,ONTIME,ONTIME,ONTIME,ONTIME,,,,,,,,,HAN,SGN,SGN,Domestic,VJ,,
2026-01-13|VJ440/VJ441|A675|PQC-HAN-PQC|12:55,2026-01-13,VJ440/VJ441,A675,A320,PQC-HAN-PQC,11:55,12:55,11:55,12:55,12:38,13:07,13:08,13:11,01:00,00:30,DELAY,ONTIME,DELAY,DELAY,,93,00:08,66,00:05,,,,HAN,PQC,PQC,Domestic,VJ,,
2026-01-13|VJ780/VJ781|A537|CXR-HAN-CXR|13:00,2026-01-13,VJ780/VJ781,A537,A321,CXR-HAN-CXR,12:30,13:00,12:30,13:00,12:45,13:12,13:13,13:21,00:30,00:28,DELAY,ONTIME,DELAY,ONTIME,,93,00:13,,,,,,HAN,CXR,CXR,Domestic,VJ,,
2026-01-13|VJ959/VJ948|A673|FUK-HAN-RMQ|13:35,2026-01-13,VJ959/VJ948,A673,A321,FUK-HAN-RMQ,12:25,13:35,12:25,13:35,12:10,14:34,14:35,14:42,01:10,02:25,DELAY,DELAY,DELAY,ONTIME,,99,01:00,,,,,PAX NEED MEDICAL ASSIST,HAN,FUK,RMQ,International,VJ,,
2026-01-13|VJ963/VJ513|A633|ICN-HAN-DAD|13:35,2026-01-13,VJ963/VJ513,A633,A321,ICN-HAN-DAD,11:05,13:35,11:05,13:35,11:10,13:39,13:40,13:45,02:30,02:30,DELAY,ONTIME,ONTIME,ONTIME,,15A,00:05,,,,,OFFLOAD 4 PAX AND 7 PCS BAGS,HAN,ICN,DAD,Domestic,VJ,,
2026-01-13|VJ128/VJ143|A815|SGN-HAN-SGN|13:40,2026-01-13,VJ128/VJ143,A815,A330,SGN-HAN-SGN,12:10,13:40,12:10,13:40,12:38,13:36,13:38,13:42,01:30,01:00,EARLY,ONTIME,ONTIME,DELAY,,,,,,,,,HAN,SGN,SGN,Domestic,VJ,,
2026-01-13|VJ921/VJ1491|A528|NGO-HAN-BMV|14:35,2026-01-13,VJ921/VJ1491,A528,A321,NGO-HAN-BMV,13:40,14:35,13:40,14:35,12:54,14:34,14:35,14:38,00:55,01:41,ONTIME,ONTIME,ONTIME,ONTIME,,,,,,,,,HAN,NGO,BMV,Domestic,VJ,,
2026-01-13|VJ939/VJ942|A534|KIX-HAN-TPE|14:40,2026-01-13,VJ939/VJ942,A534,A321,KIX-HAN-TPE,13:05,14:40,13:05,14:40,13:05,14:24,14:25,14:37,01:35,01:20,EARLY,ONTIME,ONTIME,ONTIME,,,,,,,,,HAN,KIX,TPE,International,VJ,,
2026-01-13|VJ404/VJ433|A637|DLI-HAN-UIH|15:25,2026-01-13,VJ404/VJ433,A637,A321,DLI-HAN-UIH,14:55,15:25,14:55,15:25,14:55,15:24,15:25,15:30,00:30,00:30,ONTIME,ONTIME,ONTIME,ONTIME,,,,,,,,,HAN,DLI,UIH,Domestic,VJ,,
2026-01-13|VJ770/VJ1441|A653|CXR-HAN-PQC|15:30,2026-01-13,VJ770/VJ1441,A653,A321,CXR-HAN-PQC,12:00,15:30,12:00,15:30,12:09,15:24,15:25,15:30,03:30,03:16,EARLY,ONTIME,ONTIME,ONTIME,,,,,,,,,HAN,CXR,PQC,Domestic,VJ,,
2026-01-13|VJ941/VJ145|A550|TPE-HAN-SGN|15:35,2026-01-13,VJ941/VJ145,A550,A321,TPE-HAN-SGN,14:10,15:35,14:10,15:35,14:25,15:30,15:31,15:45,01:25,01:06,EARLY,ONTIME,ONTIME,ONTIME,,,,,,,,,HAN,TPE,SGN,Domestic,VJ,,
2026-01-13|VJ566/VJ199|A639|DAD-HAN-SGN|15:40,2026-01-13,VJ566/VJ199,A639,A321,DAD-HAN-SGN,13:05,15:40,13:05,15:40,13:55,15:30,15:32,15:47,02:35,01:37,EARLY,ONTIME,ONTIME,DELAY,,,,,,,,,HAN,DAD,SGN,Domestic,VJ,,
2026-01-13|VJ961/VJ903|A697|ICN-HAN-BKK|15:50,2026-01-13,VJ961/VJ903,A697,A321,ICN-HAN-BKK,14:10,15:50,14:10,15:50,14:10,15:33,15:35,15:45,01:40,01:25,EARLY,ONTIME,ONTIME,ONTIME,,,,,,,,,HAN,ICN,BKK,International,VJ,,
2026-01-13|VJ508/VJ423|A538|DAD-HAN-PXU|15:55,2026-01-13,VJ508/VJ423,A538,A321,DAD-HAN-PXU,13:40,15:55,13:40,15:55,14:00,15:51,15:52,16:01,02:15,01:52,EARLY,ONTIME,ONTIME,DELAY,,,,,,,,,HAN,DAD,PXU,Domestic,VJ,,
2026-01-13|VJ933/VJ195|A820|NRT-HAN-SGN|16:00,2026-01-13,VJ933/VJ195,A820,A321,NRT-HAN-SGN,14:00,16:00,14:00,16:00,14:18,15:59,16:00,16:09,02:00,01:42,ONTIME,ONTIME,ONTIME,DELAY,,,,,,,,,HAN,NRT,SGN,Domestic,VJ,,
2026-01-13|VJ906/VJ913|A525|KUL-HAN-SAI|16:20,2026-01-13,VJ906/VJ913,A525,A321,KUL-HAN-SAI,14:55,16:20,14:55,16:20,14:55,16:14,16:15,16:23,01:25,01:20,EARLY,ONTIME,ONTIME,ONTIME,,,,,,,,,HAN,KUL,SAI,International,VJ,,
2026-01-13|VJ462/VJ515|A693|VCA-HAN-DAD|16:25,2026-01-13,VJ462/VJ515,A693,A321,VCA-HAN-DAD,15:40,16:25,15:40,16:25,15:45,16:18,16:19,16:30,00:45,00:34,EARLY,ONTIME,ONTIME,ONTIME,,,,,,,,,HAN,VCA,DAD,Domestic,VJ,,
2026-01-13|VJ408/VJ409|A669|DLI-HAN-DLI|16:30,2026-01-13,VJ408/VJ409,A669,A320,DLI-HAN-DLI,15:55,16:30,15:55,16:30,16:15,16:38,16:40,16:41,00:35,00:25,DELAY,ONTIME,ONTIME,DELAY,,93,00:10,,,,,,HAN,DLI,DLI,Domestic,VJ,,
2026-01-13|VJ134/VJ163|A656|SGN-HAN-SGN|17:20,2026-01-13,VJ134/VJ163,A656,A320,SGN-HAN-SGN,16:50,17:20,16:50,17:20,17:10,17:34,17:35,17:37,00:30,00:25,DELAY,ONTIME,DELAY,DELAY,,93,00:15,,,,,,HAN,SGN,SGN,Domestic,VJ,,
2026-01-13|VJ514/VJ465|A639|DAD-HAN-VCA|17:25,2026-01-13,VJ514/VJ465,A639,A321,DAD-HAN-VCA,16:45,17:25,16:45,17:25,17:25,17:46,17:48,17:54,00:40,00:23,DELAY,DELAY,DELAY,DELAY,,93,00:23,,,,,,HAN,DAD,VCA,Domestic,VJ,,
2026-01-13|VJ784/VJ783|A537|CXR-HAN-CXR|17:40,2026-01-13,VJ784/VJ783,A537,A321,CXR-HAN-CXR,17:10,17:40,17:10,17:40,17:50,18:19,18:20,18:30,00:30,00:30,DELAY,DELAY,DELAY,DELAY,,93,00:40,,,,,,HAN,CXR,CXR,Domestic,VJ,,
2026-01-13|VJ953/VJ445|A676|HIJ-HAN-PQC|17:40,2026-01-13,VJ953/VJ445,A676,A320,HIJ-HAN-PQC,16:20,17:40,16:20,17:40,16:40,17:34,17:35,17:41,01:20,00:55,EARLY,ONTIME,ONTIME,DELAY,,,,,,,,,HAN,HIJ,PQC,Domestic,VJ,,
2026-01-13|VJ902/VJ147|A542|BKK-HAN-SGN|17:45,2026-01-13,VJ902/VJ147,A542,A321,BKK-HAN-SGN,17:00,17:45,17:00,17:45,17:05,17:44,17:45,17:55,00:45,00:40,ONTIME,ONTIME,ONTIME,ONTIME,,,,,,,,,HAN,BKK,SGN,Domestic,VJ,,
2026-01-13|VJ194/VJ193|A635|SGN-HAN-SGN|18:10,2026-01-13,VJ194/VJ193,A635,A321,SGN-HAN-SGN,17:30,18:10,17:30,18:10,17:55,18:09,18:10,18:23,00:40,00:15,ONTIME,ONTIME,ONTIME,DELAY,,,,,,,,,HAN,SGN,SGN,Domestic,VJ,,
2026-01-13|VJ916/VJ779|A647|SIN-HAN-CXR|18:15,2026-01-13,VJ916/VJ779,A647,A321,SIN-HAN-CXR,17:25,18:15,17:25,18:15,17:15,18:07,18:08,18:25,00:50,00:53,EARLY,ONTIME,ONTIME,ONTIME,,,,,,,,,HAN,SIN,CXR,Domestic,VJ,,
2026-01-13|VJ900/VJ165|A545|DPS-HAN-SGN|18:30,2026-01-13,VJ900/VJ165,A545,A321,DPS-HAN-SGN,17:20,18:30,17:20,18:30,17:20,18:41,18:43,18:58,01:10,01:23,DELAY,ONTIME,DELAY,ONTIME,,95,00:13,,,,,WAIT FA FROM VJ446 OB 1840,HAN,DPS,SGN,Domestic,VJ,,
2026-01-13|VJ192/VJ189|A817|SGN-HAN-SGN|19:00,2026-01-13,VJ192/VJ189,A817,A330,SGN-HAN-SGN,18:00,19:00,18:00,19:00,18:10,18:58,19:00,19:05,01:00,00:50,ONTIME,ONTIME,ONTIME,ONTIME,,,,,,,,,HAN,SGN,SGN,Domestic,VJ,,
2026-01-13|VJ446/VJ1925|A675|PQC-HAN-AMD|19:00,2026-01-13,VJ446/VJ1925,A675,A320,PQC-HAN-AMD,17:35,19:00,17:35,19:00,18:35,19:19,19:20,19:50,01:25,00:45,DELAY,DELAY,DELAY,DELAY,,93,00:10,66,00:10,,,LATE ARR/ CREW OB 1855,HAN,PQC,AMD,International,VJ,,
2026-01-13|VJ1492/VJ517|A534|BMV-HAN-DAD|19:05,2026-01-13,VJ1492/VJ517,A534,A321,BMV-HAN-DAD,18:35,19:05,18:35,19:05,18:45,19:14,19:15,19:35,00:30,00:30,DELAY,ONTIME,DELAY,ONTIME,,93,00:10,,,,,,HAN,BMV,DAD,Domestic,VJ,,
2026-01-13|VJ130/VJ971|A811|SGN-HAN-DEL|19:10,2026-01-13,VJ130/VJ971,A811,A330,SGN-HAN-DEL,16:45,19:10,16:45,19:10,17:00,19:19,19:20,19:25,02:25,02:20,DELAY,ONTIME,ONTIME,ONTIME,,99,00:10,,,,,LATE ACCEPT PAX TRANSIT FROM VJ446,HAN,SGN,DEL,International,VJ,,
2026-01-13|VJ947/VJ569|A648|KHH-HAN-HUI|19:15,2026-01-13,VJ947/VJ569,A648,A321,KHH-HAN-HUI,18:05,19:15,18:05,19:15,17:58,19:12,19:13,19:21,01:10,01:15,EARLY,ONTIME,ONTIME,ONTIME,,,,,,,,,HAN,KHH,HUI,Domestic,VJ,,
2026-01-13|VJ7049/VJ519|A698|SJW-HAN-DAD|19:45,2026-01-13,VJ7049/VJ519,A698,A321,SJW-HAN-DAD,18:45,19:45,18:45,19:45,18:55,19:44,19:45,19:55,01:00,00:50,ONTIME,ONTIME,ONTIME,ONTIME,,,,,,,,,HAN,SJW,DAD,Domestic,VJ,,
2026-01-13|VJ516/VJ155|A693|DAD-HAN-SGN|20:05,2026-01-13,VJ516/VJ155,A693,A321,DAD-HAN-SGN,19:35,20:05,19:35,20:05,19:55,20:28,20:30,20:40,00:30,00:35,DELAY,DELAY,DELAY,DELAY,,93,00:20,66,00:05,,,LATE ARR/CHANGE CREW HN OB 2003,HAN,DAD,SGN,Domestic,VJ,,
2026-01-13|VJ928/VJ7712|A668|CGK-HAN-PKX|20:05,2026-01-13,VJ928/VJ7712,A668,A320,CGK-HAN-PKX,19:00,20:05,19:00,20:05,19:05,19:54,19:55,20:04,01:05,00:50,EARLY,ONTIME,ONTIME,ONTIME,,,,,,,,,HAN,CGK,PKX,International,VJ,,
2026-01-13|VJ424/VJ501|A553|PXU-HAN-DAD|20:15,2026-01-13,VJ424/VJ501,A553,A321,PXU-HAN-DAD,19:35,20:15,19:35,20:15,19:40,20:14,20:15,20:22,00:40,00:35,ONTIME,ONTIME,ONTIME,ONTIME,,,,,,,,,HAN,PXU,DAD,Domestic,VJ,,
2026-01-13|VJ931/VJ7306|A516|KIX-HAN-TFU|20:55,2026-01-13,VJ931/VJ7306,A516,A321,KIX-HAN-TFU,19:15,20:55,19:15,21:10,18:50,21:01,21:02,21:05,01:55,02:12,EARLY,ONTIME,ONTIME,ONTIME,,,,,,,,,HAN,KIX,TFU,International,VJ,,
2026-01-13|VJ410/VJ7238|A669|DLI-HAN-PVG|21:40,2026-01-13,VJ410/VJ7238,A669,A320,DLI-HAN-PVG,20:40,21:40,20:40,21:40,21:00,21:44,21:45,21:55,01:00,00:45,DELAY,ONTIME,ONTIME,DELAY,,41,00:05,,,,,TECHNICAL CHECK,HAN,DLI,PVG,International,VJ,,
2026-01-13|VJ160/VJ161|A552|SGN-HAN-SGN|21:50,2026-01-13,VJ160/VJ161,A552,A321,SGN-HAN-SGN,21:20,21:50,21:20,21:50,22:05,22:34,22:35,22:48,00:30,00:30,DELAY,DELAY,DELAY,DELAY,,93,00:45,,,,,,HAN,SGN,SGN,Domestic,VJ,,
2026-01-13|VJ935/VJ123|A500|NRT-HAN-SGN|22:10,2026-01-13,VJ935/VJ123,A500,A321,NRT-HAN-SGN,20:55,22:10,20:55,22:10,20:35,22:04,22:05,22:10,01:15,01:30,EARLY,ONTIME,ONTIME,ONTIME,,,,,,,,,HAN,NRT,SGN,Domestic,VJ,,
2026-01-13|VJ158/VJ523|A538|SGN-HAN-DAD|22:45,2026-01-13,VJ158/VJ523,A538,A321,SGN-HAN-DAD,20:30,22:45,20:30,22:45,20:45,22:44,22:45,22:56,02:15,02:00,ONTIME,ONTIME,ONTIME,ONTIME,,,,,,,,,HAN,SGN,DAD,Domestic,VJ,,
2026-01-13|VJ949/VJ962|A673|RMQ-HAN-ICN|22:50,2026-01-13,VJ949/VJ962,A673,A321,RMQ-HAN-ICN,19:50,22:50,19:50,22:50,20:45,22:48,22:50,23:00,03:00,02:05,ONTIME,ONTIME,ONTIME,DELAY,,,,,,,,,HAN,RMQ,ICN,International,VJ,,
2026-01-13|VJ943/VJ187|A534|TPE-HAN-SGN|22:50,2026-01-13,VJ943/VJ187,A534,A321,TPE-HAN-SGN,21:10,22:50,21:10,22:50,21:20,22:47,22:48,22:54,01:40,01:28,EARLY,ONTIME,ONTIME,ONTIME,,,,,,,,,HAN,TPE,SGN,Domestic,VJ,,
2026-01-13|VJ180/VJ171|A820|SGN-HAN-SGN|23:25,2026-01-13,VJ180/VJ171,A820,A321,SGN-HAN-SGN,22:25,23:25,22:25,23:25,22:25,23:16,23:17,23:23,01:00,00:52,EARLY,ONTIME,ONTIME,ONTIME,,,,,,,,,HAN,SGN,SGN,Domestic,VJ,,
2026-01-13|VJ190/VJ7526|A542|SGN-HAN-CAN|23:40,2026-01-13,VJ190/VJ7526,A542,A321,SGN-HAN-CAN,22:35,23:40,22:35,23:40,22:35,23:39,23:40,23:48,01:05,01:05,ONTIME,ONTIME,ONTIME,ONTIME,,,,,,,,,HAN,SGN,CAN,International,VJ,,
2026-01-14|VJ932|A815|HAN-NRT|00:55,2026-01-14,VJ932,A815,A330,HAN-NRT,,00:55,,00:55,,00:54,00:55,00:58,,,ONTIME,ONTIME,ONTIME,,,,,,,,,,HAN,,NRT,International,VJ,,
2026-01-14|VJ982|A648|HAN-PUS|01:00,2026-01-14,VJ982,A648,A321,HAN-PUS,,01:00,,01:00,,00:43,00:44,00:50,,,EARLY,ONTIME,ONTIME,,,,,,,,,,HAN,,PUS,International,VJ,,
2026-01-14|VJ7706/VJ7706|A550|CXR-HAN-KHV|01:25,2026-01-14,VJ7706/VJ7706,A550,A321,CXR-HAN-KHV,00:55,01:25,00:55,01:25,01:00,01:29,01:30,01:40,00:30,00:30,DELAY,ONTIME,ONTIME,ONTIME,,93,00:05,,,,,,HAN,CXR,KHV,International,VJ,,
2026-01-14|VJ920|A536|HAN-NGO|01:35,2026-01-14,VJ920,A536,A321,HAN-NGO,,01:35,,01:35,,01:21,01:22,01:25,,,EARLY,ONTIME,ONTIME,,,,,,,,,,HAN,,NGO,International,VJ,,
2026-01-14|VJ938|A528|HAN-KIX|01:40,2026-01-14,VJ938,A528,A321,HAN-KIX,,01:40,,01:40,,01:24,01:26,01:27,,,EARLY,ONTIME,ONTIME,,,,,,,,,,HAN,,KIX,International,VJ,,
2026-01-14|VJ960|A698|HAN-ICN|01:45,2026-01-14,VJ960,A698,A321,HAN-ICN,,01:45,,01:45,,01:40,01:41,01:43,,,EARLY,ONTIME,ONTIME,,,,,,,,,,HAN,,ICN,International,VJ,,
2026-01-14|VJ7307/VJ179|A516|TFU-HAN-SGN|05:00,2026-01-14,VJ7307/VJ179,A516,A321,TFU-HAN-SGN,02:15,05:00,02:15,05:00,02:23,04:54,04:55,05:02,02:45,02:32,EARLY,ONTIME,ONTIME,ONTIME,,,,,,,,,HAN,TFU,SGN,Domestic,VJ,,
2026-01-14|VJ185|A644|HAN-SGN|05:10,2026-01-14,VJ185,A644,A321,HAN-SGN,,05:10,,05:10,,05:04,05:05,05:07,,,EARLY,ONTIME,ONTIME,,,,,,,,,,HAN,,SGN,Domestic,VJ,,
2026-01-14|VJ461|A663|HAN-VCA|05:30,2026-01-14,VJ461,A663,A320,HAN-VCA,,05:30,,05:30,,05:24,05:25,05:35,,,EARLY,ONTIME,ONTIME,,,,,,,,,,HAN,,VCA,Domestic,VJ,,
2026-01-14|VJ503|A697|HAN-DAD|06:00,2026-01-14,VJ503,A697,A321,HAN-DAD,,06:00,,06:00,,05:54,05:55,06:00,,,EARLY,ONTIME,ONTIME,,,,,,,,,,HAN,,DAD,Domestic,VJ,,
2026-01-14|VJ491|A633|HAN-BMV|06:00,2026-01-14,VJ491,A633,A321,HAN-BMV,,06:00,,06:00,,05:54,05:55,06:00,,,EARLY,ONTIME,ONTIME,,,,,,,,,,HAN,,BMV,Domestic,VJ,,
2026-01-14|VJ443|A525|HAN-PQC|06:00,2026-01-14,VJ443,A525,A321,HAN-PQC,,06:00,,06:00,,05:54,05:55,06:00,,,EARLY,ONTIME,ONTIME,,,,,,,,,,HAN,,PQC,Domestic,VJ,,
2026-01-14|VJ401|A663|HAN-DLI|06:20,2026-01-14,VJ401,A663,A321,HAN-DLI,,06:20,,06:20,,06:14,06:15,06:23,,,EARLY,ONTIME,ONTIME,,,,,,,,,,HAN,,DLI,Domestic,VJ,,
2026-01-14|VJ181|A647|HAN-SGN|06:40,2026-01-14,VJ181,A647,A321,HAN-SGN,,06:40,,06:40,,06:34,06:35,06:37,,,EARLY,ONTIME,ONTIME,,,,,,,,,,HAN,,SGN,Domestic,VJ,,
2026-01-14|VJ105|652G|HAN-VCS|06:45,2026-01-14,VJ105,652G,C909,HAN-VCS,,06:45,,06:45,,06:31,06:32,06:37,,,EARLY,ONTIME,ONTIME,,,,,,,,,,HAN,,VCS,Domestic,VJ,,
2026-01-14|VJ972/VJ167|A811|DEL-HAN-SGN|06:50,2026-01-14,VJ972/VJ167,A811,A330,DEL-HAN-SGN,05:35,06:50,05:35,06:50,05:45,06:49,06:50,06:57,01:15,01:05,ONTIME,ONTIME,ONTIME,ONTIME,,,,,,,,,HAN,DEL,SGN,Domestic,VJ,,
2026-01-14|VJ7238/VJ431|A668|PVG-HAN-IH|07:10,2026-01-14,VJ7238/VJ431,A668,A320,PVG-HAN-IH,05:25,07:10,05:25,07:10,05:15,07:04,07:05,07:10,01:45,01:50,EARLY,ONTIME,ONTIME,ONTIME,,,,,,,,,HAN,PVG,IH,International,VJ,,
2026-01-14|VJ7527/VJ905|A542|CAN-HAN-KUL|07:10,2026-01-14,VJ7527/VJ905,A542,A321,CAN-HAN-KUL,04:35,07:10,04:35,07:10,04:10,07:02,07:03,07:06,02:35,02:53,EARLY,ONTIME,ONTIME,ONTIME,,,,,,,,,HAN,CAN,KUL,International,VJ,,
2026-01-14|VJ7713/VJ956|A669|PKX-HAN-PUS|07:30,2026-01-14,VJ7713/VJ956,A669,A320,PKX-HAN-PUS,04:10,07:30,04:10,07:30,04:10,07:24,07:25,07:30,03:20,03:15,EARLY,ONTIME,ONTIME,ONTIME,,,,,,,,,HAN,PKX,PUS,International,VJ,,
2026-01-14|VJ940|A653|HAN-TPE|07:35,2026-01-14,VJ940,A653,A321,HAN-TPE,,07:35,,07:35,,07:29,07:30,07:31,,,EARLY,ONTIME,ONTIME,,,,,,,,,,HAN,,TPE,International,VJ,,
2026-01-14|VJ502/VJ771|A630|DAD-HAN-CXR|07:35,2026-01-14,VJ502/VJ771,A630,A321,DAD-HAN-CXR,07:05,07:35,07:05,07:35,06:55,07:34,07:35,07:40,00:30,00:40,ONTIME,ONTIME,ONTIME,ONTIME,,,,,,,,,HAN,DAD,CXR,Domestic,VJ,,
2026-01-14|VJ107|656E|HAN-VCS|08:15,2026-01-14,VJ107,656E,C909,HAN-VCS,,08:15,,08:15,,08:07,08:08,08:13,,,EARLY,ONTIME,ONTIME,,,,,,,,,,HAN,,VCS,Domestic,VJ,,
2026-01-14|VJ122/VJ934|A693|SGN-HAN-NRT|08:20,2026-01-14,VJ122/VJ934,A693,A321,SGN-HAN-NRT,07:30,08:20,07:30,08:20,07:25,08:19,08:20,08:30,00:50,00:55,ONTIME,ONTIME,ONTIME,ONTIME,,,,,,,,,HAN,SGN,NRT,International,VJ,,
2026-01-14|VJ930|A526|HAN-KIX|08:20,2026-01-14,VJ930,A526,A321,HAN-KIX,,08:20,,08:20,,08:14,08:15,08:23,,,EARLY,ONTIME,ONTIME,,,,,,,,,,HAN,,KIX,International,VJ,,
2026-01-14|VJ929|A662|HAN-CGK|08:40,2026-01-14,VJ929,A662,A320,HAN-CGK,,08:40,,08:40,,08:39,08:40,08:45,,,ONTIME,ONTIME,ONTIME,,,,,,,,,,HAN,,CGK,International,VJ,,
2026-01-14|VJ125|A637|HAN-SGN|08:40,2026-01-14,VJ125,A637,A321,HAN-SGN,,08:40,,08:40,,08:34,08:35,08:40,,,EARLY,ONTIME,ONTIME,,,,,,,,,,HAN,,SGN,Domestic,VJ,,
2026-01-14|VJ120/VJ121|A817|SGN-HAN-SGN|08:40,2026-01-14,VJ120/VJ121,A817,A330,SGN-HAN-SGN,07:40,08:40,07:40,08:40,07:50,08:39,08:40,08:47,01:00,00:50,ONTIME,ONTIME,ONTIME,ONTIME,,,,,,,,,HAN,SGN,SGN,Domestic,VJ,,
2026-01-14|VJ126/VJ127|A544|SGN-HAN-SGN|08:55,2026-01-14,VJ126/VJ127,A544,A321,SGN-HAN-SGN,08:25,08:55,08:25,08:55,08:25,08:54,08:55,09:05,00:30,00:30,ONTIME,ONTIME,ONTIME,ONTIME,,,,,,,,,HAN,SGN,SGN,Domestic,VJ,,
2026-01-14|VJ524/VJ527|A643|DAD-HAN-DAD|09:30,2026-01-14,VJ524/VJ527,A643,A321,DAD-HAN-DAD,07:40,09:30,07:40,09:30,07:30,09:27,09:28,09:29,01:50,01:58,EARLY,ONTIME,ONTIME,ONTIME,,,,,,,,,HAN,DAD,DAD,Domestic,VJ,,
2026-01-14|VJ915|A634|HAN-SIN|09:35,2026-01-14,VJ915,A634,A321,HAN-SIN,,09:35,,09:35,,09:29,09:30,09:40,,,EARLY,ONTIME,ONTIME,,,,,,,,,,HAN,,SIN,International,VJ,,
2026-01-14|VJ504/VJ997|A697|DAD-HAN-DPS|10:00,2026-01-14,VJ504/VJ997,A697,A321,DAD-HAN-DPS,09:00,10:00,09:00,10:00,08:55,09:56,09:57,10:05,01:00,01:02,EARLY,ONTIME,ONTIME,ONTIME,,,,,,,,,HAN,DAD,DPS,International,VJ,,
2026-01-14|VJ148/VJ149|A539|SGN-HAN-SGN|10:05,2026-01-14,VJ148/VJ149,A539,A321,SGN-HAN-SGN,09:30,10:05,09:30,10:05,09:35,09:59,10:00,10:20,00:35,00:25,EARLY,ONTIME,ONTIME,ONTIME,,,,,,,,,HAN,SGN,SGN,Domestic,VJ,,
2026-01-14|VJ504/VJ567|A697|DAD-HAN-HUI|10:10,2026-01-14,VJ504/VJ567,A697,A321,DAD-HAN-HUI,09:00,10:10,09:00,10:10,09:30,10:08,10:09,10:25,01:10,00:39,EARLY,ONTIME,ONTIME,DELAY,,,,,,,,,HAN,DAD,HUI,Domestic,VJ,,
2026-01-14|VJ492/VJ507|A633|BMV-HAN-DAD|10:30,2026-01-14,VJ492/VJ507,A633,A321,BMV-HAN-DAD,10:00,10:30,10:00,10:30,09:50,10:29,10:30,10:40,00:30,00:40,ONTIME,ONTIME,ONTIME,ONTIME,,,,,,,,,HAN,BMV,DAD,Domestic,VJ,,
2026-01-14|VJ963/VJ775|A673|ICN-HAN-CXR|10:40,2026-01-14,VJ963/VJ775,A673,A321,ICN-HAN-CXR,09:30,10:40,09:30,10:40,09:15,10:39,10:40,10:55,01:10,01:25,ONTIME,ONTIME,ONTIME,ONTIME,,,,,,,,,HAN,ICN,CXR,Domestic,VJ,,
2026-01-14|VJ460/VJ463|A663|VCA-HAN-VCA|10:50,2026-01-14,VJ460/VJ463,A663,A320,VCA-HAN-VCA,10:20,10:50,10:20,10:50,10:25,11:07,11:08,11:00,00:30,00:43,DELAY,DELAY,ONTIME,ONTIME,,93,00:05,41,00:13,,,TECHNICAL CHECK,HAN,VCA,VCA,Domestic,VJ,,
2026-01-14|VJ402/VJ403|A663|DLI-HAN-DLI|11:00,2026-01-14,VJ402/VJ403,A663,A320,DLI-HAN-DLI,10:30,11:00,10:30,11:00,10:15,10:59,11:00,11:08,00:30,00:45,ONTIME,ONTIME,ONTIME,ONTIME,,,,,,,,,HAN,DLI,DLI,Domestic,VJ,,
2026-01-14|VJ136/VJ135|A646|SGN-HAN-SGN|11:10,2026-01-14,VJ136/VJ135,A646,A321,SGN-HAN-SGN,10:40,11:10,10:40,11:10,10:40,11:09,11:10,11:20,00:30,00:30,ONTIME,ONTIME,ONTIME,ONTIME,,,,,,,,,HAN,SGN,SGN,Domestic,VJ,,
2026-01-14|VJ430/VJ407|A668|UIH-HAN-DLI|11:25,2026-01-14,VJ430/VJ407,A668,A320,UIH-HAN-DLI,10:55,11:25,10:55,11:25,10:50,11:19,11:20,11:39,00:30,00:30,EARLY,ONTIME,ONTIME,ONTIME,,,,,,,,,HAN,UIH,DLI,Domestic,VJ,,
2026-01-14|VJ132/VJ137|A644|SGN-HAN-SGN|11:40,2026-01-14,VJ132/VJ137,A644,A321,SGN-HAN-SGN,11:10,11:40,11:10,11:40,11:05,11:38,11:40,11:55,00:30,00:35,ONTIME,ONTIME,ONTIME,ONTIME,,,,,,,,,HAN,SGN,SGN,Domestic,VJ,,
2026-01-14|VJ442/VJ946|A525|PQC-HAN-KHH|11:45,2026-01-14,VJ442/VJ946,A525,A321,PQC-HAN-KHH,10:45,11:45,10:45,11:45,11:00,11:44,11:45,11:52,01:00,00:45,ONTIME,ONTIME,ONTIME,ONTIME,,,,,,,,,HAN,PQC,KHH,International,VJ,,
2026-01-14|VJ981/VJ901|A648|PUS-HAN-BKK|12:15,2026-01-14,VJ981/VJ901,A648,A321,PUS-HAN-BKK,11:00,12:15,11:00,12:15,10:55,12:09,12:10,12:12,01:15,01:15,EARLY,ONTIME,ONTIME,ONTIME,,,,,,,,,HAN,PUS,BKK,International,VJ,,
2026-01-14|VJ528/VJ441|A643|DAD-HAN-PQC|13:10,2026-01-14,VJ528/VJ441,A643,A321,DAD-HAN-PQC,12:40,13:10,12:40,13:10,12:50,13:18,13:20,13:25,00:30,00:30,DELAY,ONTIME,ONTIME,ONTIME,,93,00:10,,,,,,HAN,DAD,PQC,Domestic,VJ,,
2026-01-14|VJ770/VJ948|A630|CXR-HAN-RMQ|13:35,2026-01-14,VJ770/VJ948,A630,A321,CXR-HAN-RMQ,11:45,13:35,11:45,13:35,12:05,13:29,13:30,13:33,01:50,01:25,EARLY,ONTIME,ONTIME,DELAY,,,,,,,,,HAN,CXR,RMQ,International,VJ,,
2026-01-14|VJ128/VJ143|A811|SGN-HAN-SGN|13:40,2026-01-14,VJ128/VJ143,A811,A330,SGN-HAN-SGN,12:10,13:40,12:10,13:40,12:10,13:37,13:38,13:43,01:30,01:28,EARLY,ONTIME,ONTIME,ONTIME,,,,,,,,,HAN,SGN,SGN,Domestic,VJ,,
2026-01-14|VJ188/VJ151|-NVE|SGN-HAN-SGN|14:00,2026-01-14,VJ188/VJ151,-NVE,A320,SGN-HAN-SGN,13:25,14:00,13:25,14:35,14:25,14:49,14:50,15:00,01:10,00:25,DELAY,ONTIME,DELAY,DELAY,,93,00:15,,,,,,HAN,SGN,SGN,Domestic,VJ,,
2026-01-14|VJ440/VJ513|A676|PQC-HAN-DAD|14:00,2026-01-14,VJ440/VJ513,A676,A320,PQC-HAN-DAD,13:00,14:00,13:00,14:00,13:15,13:57,13:58,13:59,01:00,00:43,EARLY,ONTIME,ONTIME,ONTIME,,,,,,,,,HAN,PQC,DAD,Domestic,VJ,,
2026-01-14|VJ939/VJ511|A528|KIX-HAN-DAD|14:20,2026-01-14,VJ939/VJ511,A528,A321,KIX-HAN-DAD,13:05,14:20,13:05,14:20,12:35,14:14,14:15,14:20,01:15,01:40,EARLY,ONTIME,ONTIME,ONTIME,,,,,,,,,HAN,KIX,DAD,Domestic,VJ,,
2026-01-14|VJ921/VJ942|A536|NGO-HAN-TPE|14:25,2026-01-14,VJ921/VJ942,A536,A321,NGO-HAN-TPE,13:40,14:25,13:40,14:25,13:00,14:20,14:21,14:28,00:45,01:21,EARLY,ONTIME,ONTIME,ONTIME,,,,,,,,,HAN,NGO,TPE,International,VJ,,
2026-01-14|VJ508/VJ1491|A633|DAD-HAN-BMV|14:35,2026-01-14,VJ508/VJ1491,A633,A321,DAD-HAN-BMV,13:40,14:35,13:40,14:35,14:00,14:33,14:34,14:38,00:55,00:34,EARLY,ONTIME,ONTIME,DELAY,,,,,,,,,HAN,DAD,BMV,Domestic,VJ,,
2026-01-14|VJ7707/VJ7707|A550|KHV-HAN-CXR|15:15,2026-01-14,VJ7707/VJ7707,A550,A321,KHV-HAN-CXR,14:45,15:15,14:45,15:15,15:05,15:24,15:25,15:28,00:30,00:20,DELAY,ONTIME,ONTIME,DELAY,,93,00:10,,,,,,HAN,KHV,CXR,Domestic,VJ,,
2026-01-14|VJ566/VJ175|A670|HUI-HAN-SGN|15:25,2026-01-14,VJ566/VJ175,A670,A321,HUI-HAN-SGN,13:05,15:25,13:05,15:25,13:40,15:19,15:20,15:30,02:20,01:40,EARLY,ONTIME,ONTIME,DELAY,,,,,,,,,HAN,HUI,SGN,Domestic,VJ,,
2026-01-14|VJ462/VJ153|A653|VCA-HAN-SGN|16:45,2026-01-14,VJ462/VJ153,A653,A321,VCA-HAN-SGN,16:10,16:45,16:10,16:45,16:10,16:44,16:45,17:00,00:35,00:35,ONTIME,ONTIME,ONTIME,ONTIME,,,,,,,,,HAN,VCA,SGN,Domestic,VJ,,
2026-01-14|VJ198/VJ199|A544|SGN-HAN-SGN|15:40,2026-01-14,VJ198/VJ199,A544,A321,SGN-HAN-SGN,15:10,15:40,15:10,15:40,15:45,16:14,16:15,16:20,00:30,00:30,DELAY,DELAY,DELAY,DELAY,,93,00:35,,,,,,HAN,SGN,SGN,Domestic,VJ,,
2026-01-14|VJ774/VJ1441|A677|CXR-HAN-PQC|15:45,2026-01-14,VJ774/VJ1441,A677,A321,CXR-HAN-PQC,15:05,15:45,15:05,16:00,15:55,16:22,16:23,16:42,00:55,00:28,DELAY,DELAY,DELAY,DELAY,,93,00:23,,,,,,HAN,CXR,PQC,Domestic,VJ,,
2026-01-14|VJ906/VJ903|A542|KUL-HAN-BKK|15:50,2026-01-14,VJ906/VJ903,A542,A321,KUL-HAN-BKK,14:55,15:50,14:55,15:50,14:35,15:32,15:33,15:50,00:55,00:58,EARLY,ONTIME,ONTIME,ONTIME,,,,,,,,,HAN,KUL,BKK,International,VJ,,
2026-01-14|VJ961/VJ423|A698|ICN-HAN-PXU|15:55,2026-01-14,VJ961/VJ423,A698,A321,ICN-HAN-PXU,14:10,15:55,14:10,15:55,14:20,15:54,15:55,16:02,01:45,01:35,ONTIME,ONTIME,ONTIME,ONTIME,,,,,,,,,HAN,ICN,PXU,Domestic,VJ,,
2026-01-14|VJ933/VJ195|A815|NRT-HAN-SGN|16:00,2026-01-14,VJ933/VJ195,A815,A330,NRT-HAN-SGN,14:00,16:00,14:00,16:00,13:50,15:58,16:00,16:03,02:00,02:10,ONTIME,ONTIME,ONTIME,ONTIME,,,,,,,,,HAN,NRT,SGN,Domestic,VJ,,
2026-01-14|VJ408/VJ409|A662|DLI-HAN-DLI|16:05,2026-01-14,VJ408/VJ409,A662,A320,DLI-HAN-DLI,15:35,16:05,15:35,16:05,15:55,16:19,16:20,16:28,00:30,00:25,DELAY,ONTIME,DELAY,DELAY,,93,00:15,,,,,,HAN,DLI,DLI,Domestic,VJ,,
2026-01-14|VJ941/VJ913|A675|TPE-HAN-SAI|16:20,2026-01-14,VJ941/VJ913,A675,A320,TPE-HAN-SAI,15:10,16:20,15:10,16:20,14:25,16:17,16:18,16:20,01:10,01:53,EARLY,ONTIME,ONTIME,ONTIME,,,,,,,,,HAN,TPE,SAI,International,VJ,,
2026-01-14|VJ404/VJ515|A663|TPE-HAN-DAD|16:25,2026-01-14,VJ404/VJ515,A663,A320,TPE-HAN-DAD,15:40,16:25,15:40,16:25,15:08,16:24,16:25,16:35,00:45,01:17,ONTIME,ONTIME,ONTIME,ONTIME,,,,,,,,,HAN,TPE,DAD,Domestic,VJ,,
2026-01-14|VJ134/VJ163|-MLI|SGN-HAN-SGN|17:20,2026-01-14,VJ134/VJ163,-MLI,A320,SGN-HAN-SGN,16:50,17:20,16:50,19:00,18:33,18:56,18:58,19:02,02:10,00:25,EARLY,ONTIME,DELAY,DELAY,,,,,,,,,HAN,SGN,SGN,Domestic,VJ,,
2026-01-14|VJ957/VJ445|A669|PUS-HAN-PQC|17:40,2026-01-14,VJ957/VJ445,A669,A320,PUS-HAN-PQC,17:20,17:40,17:20,17:40,16:58,17:59,18:00,18:07,00:20,01:02,DELAY,DELAY,DELAY,ONTIME,,41,00:20,,,,,TECHNICAL CHECK,HAN,PUS,PQC,Domestic,VJ,,
2026-01-14|VJ902/VJ145|A648|BKK-HAN-SGN|18:00,2026-01-14,VJ902/VJ145,A648,A321,BKK-HAN-SGN,17:00,18:00,17:00,18:00,17:20,17:59,18:00,18:07,01:00,00:40,ONTIME,ONTIME,ONTIME,DELAY,,,,,,,,,HAN,BKK,SGN,Domestic,VJ,,
2026-01-14|VJ194/VJ193|A580|SGN-HAN-SGN|18:10,2026-01-14,VJ194/VJ193,A580,A321,SGN-HAN-SGN,17:30,18:10,17:30,20:30,20:00,20:23,20:25,20:40,03:00,00:25,EARLY,ONTIME,DELAY,DELAY,,,,,,,,,HAN,SGN,SGN,Domestic,VJ,,
2026-01-14|VJ512/VJ465|A657|DAD-HAN-VCA|18:15,2026-01-14,VJ512/VJ465,A657,A321,DAD-HAN-VCA,17:45,18:15,17:45,18:15,17:55,18:33,18:35,18:40,00:30,00:40,DELAY,DELAY,DELAY,ONTIME,,93,00:10,66,00:10,,,CREW HN OB 18:05,HAN,DAD,VCA,Domestic,VJ,,
2026-01-14|VJ446/VJ779|A643|PQC-HAN-CXR|18:25,2026-01-14,VJ446/VJ779,A643,A321,PQC-HAN-CXR,17:40,18:25,17:40,19:10,18:45,19:09,19:10,19:15,01:30,00:25,ONTIME,ONTIME,DELAY,DELAY,,,,,,,,,HAN,PQC,CXR,Domestic,VJ,,
2026-01-14|VJ900/VJ165|A523|DPS-HAN-SGN|18:30,2026-01-14,VJ900/VJ165,A523,A321,DPS-HAN-SGN,17:20,18:30,17:20,18:30,16:58,18:19,18:20,18:30,01:10,01:22,EARLY,ONTIME,ONTIME,ONTIME,,,,,,,,,HAN,DPS,SGN,Domestic,VJ,,
2026-01-14|VJ916/VJ191|A634|SIN-HAN-SGN|18:40,2026-01-14,VJ916/VJ191,A634,A321,SIN-HAN-SGN,17:25,18:40,17:25,18:40,17:35,18:54,18:55,18:59,01:15,01:20,DELAY,ONTIME,DELAY,ONTIME,,49,00:15,,,,,CAPT DO TECHLOG,HAN,SIN,SGN,Domestic,VJ,,
2026-01-14|VJ514/VJ1925|A676|DAD-HAN-AMD|19:00,2026-01-14,VJ514/VJ1925,A676,A320,DAD-HAN-AMD,17:00,19:00,17:00,19:00,17:35,18:55,18:56,18:59,02:00,01:21,EARLY,ONTIME,ONTIME,DELAY,,,,,,,,,HAN,DAD,AMD,International,VJ,,
2026-01-14|VJ1492/VJ517|A633|BMV-HAN-DAD|19:05,2026-01-14,VJ1492/VJ517,A633,A321,BMV-HAN-DAD,18:35,19:05,18:35,19:05,18:50,19:29,19:30,19:35,00:30,00:40,DELAY,DELAY,DELAY,ONTIME,,93,00:15,66,00:10,,,CREW HN OB 18:45,HAN,BMV,DAD,Domestic,VJ,,
2026-01-14|VJ947/VJ907|A525|KHH-HAN-BOM|19:15,2026-01-14,VJ947/VJ907,A525,A321,KHH-HAN-BOM,18:05,19:15,18:05,19:15,17:55,19:12,19:13,19:15,01:10,01:18,EARLY,ONTIME,ONTIME,ONTIME,,,,,,,,,HAN,KHH,BOM,International,VJ,,
2026-01-14|VJ152/VJ173|A684|SGN-HAN-SGN|19:45,2026-01-14,VJ152/VJ173,A684,A321,SGN-HAN-SGN,19:15,19:45,19:15,22:20,21:50,22:18,22:20,22:22,03:05,00:30,ONTIME,ONTIME,DELAY,DELAY,,,,,,,,,HAN,SGN,SGN,Domestic,VJ,,
2026-01-14|VJ26/VJ169|A814|VTE-HAN-SGN|20:55,2026-01-14,VJ26/VJ169,A814,A330,VTE-HAN-SGN,19:55,20:55,19:55,20:55,20:15,20:54,20:55,21:01,01:00,00:40,ONTIME,ONTIME,ONTIME,DELAY,,,,,,,,,HAN,VTE,SGN,Domestic,VJ,,
2026-01-14|VJ424/VJ155|A698|PXU-HAN-SGN|20:05,2026-01-14,VJ424/VJ155,A698,A320,PXU-HAN-SGN,19:35,20:05,19:35,20:05,19:50,20:14,20:15,20:20,00:30,00:25,DELAY,ONTIME,ONTIME,ONTIME,,93,00:10,,,,,,HAN,PXU,SGN,Domestic,VJ,,
2026-01-14|VJ928/VJ7712|A662|CGK-HAN-PKX|20:05,2026-01-14,VJ928/VJ7712,A662,A321,CGK-HAN-PKX,18:15,20:05,18:15,20:05,18:20,19:58,20:00,20:01,01:50,01:40,EARLY,ONTIME,ONTIME,ONTIME,,,,,,,,,HAN,CGK,PKX,International,VJ,,
2026-01-14|VJ931/VJ569|A526|KIX-HAN-HUI|20:10,2026-01-14,VJ931/VJ569,A526,A321,KIX-HAN-HUI,19:15,20:10,19:15,20:10,19:15,19:59,20:00,20:05,00:55,00:45,EARLY,ONTIME,ONTIME,ONTIME,,,,,,,,,HAN,KIX,HUI,Domestic,VJ,,
2026-01-14|VJ516/VJ7342|A663|DAD-HAN-XIY|20:35,2026-01-14,VJ516/VJ7342,A663,A320,DAD-HAN-XIY,19:35,20:35,19:35,20:35,20:05,20:39,20:40,20:50,01:00,00:35,DELAY,ONTIME,ONTIME,DELAY,,66,00:05,,,,,CREW HN OB 20:15,HAN,DAD,XIY,International,VJ,,
2026-01-14|VJ410/VJ7238|A662|DLI-HAN-PVG|21:30,2026-01-14,VJ410/VJ7238,A662,A320,DLI-HAN-PVG,20:15,21:30,20:15,22:30,21:50,22:29,22:30,22:35,02:15,00:40,ONTIME,ONTIME,DELAY,DELAY,,,,,,,,,HAN,DLI,PVG,International,VJ,,
2026-01-14|VJ1440/VJ521|A677|PQC-HAN-DAD|21:35,2026-01-14,VJ1440/VJ521,A677,A321,PQC-HAN-DAD,20:25,21:35,20:25,22:20,21:40,22:29,22:30,22:40,01:55,00:50,DELAY,ONTIME,DELAY,DELAY,,99,00:10,,,,,LATE ACCEPT 2 PAX 2 PCS BAGS,HAN,PQC,DAD,Domestic,VJ,,
2026-01-14|VJ160/VJ161|A532|SGN-HAN-SGN|22:35,2026-01-14,VJ160/VJ161,A532,A321,SGN-HAN-SGN,22:05,22:35,22:05,23:10,22:45,23:14,23:15,23:25,01:05,00:30,DELAY,ONTIME,DELAY,DELAY,,93,00:05,,,,,,HAN,SGN,SGN,Domestic,VJ,,
2026-01-14|VJ180/VJ523|A655|SGN-HAN-DAD|22:45,2026-01-14,VJ180/VJ523,A655,A321,SGN-HAN-DAD,22:35,22:45,22:35,23:50,23:15,23:49,23:50,0:00:00,01:15,00:35,ONTIME,ONTIME,DELAY,DELAY,,,,,,,,,HAN,SGN,DAD,Domestic,VJ,,
2026-01-14|VJ935/VJ962|A693|NRT-HAN-ICN|22:50,2026-01-14,VJ935/VJ962,A693,A321,NRT-HAN-ICN,20:55,22:50,20:55,22:50,20:55,22:49,22:50,22:58,01:55,01:55,ONTIME,ONTIME,ONTIME,ONTIME,,,,,,,,,HAN,NRT,ICN,International,VJ,,
2026-01-14|VJ914/VJ171|A675|SAI-HAN-SGN|23:25,2026-01-14,VJ914/VJ171,A675,A320,SAI-HAN-SGN,20:50,23:25,20:50,23:25,20:35,23:54,23:55,23:59,02:35,03:20,DELAY,DELAY,DELAY,ONTIME,,95,00:30,,,,,CHANGE CREW FRVJ180 2330,HAN,SAI,SGN,Domestic,VJ,,
2026-01-14|VJ778/VJ7526|A643|CXR-HAN-CAN|23:50,2026-01-14,VJ778/VJ7526,A643,A321,CXR-HAN-CAN,22:50,23:50,22:50,00:10,23:44,00:09,00:10,00:15,01:20,00:26,ONTIME,ONTIME,DELAY,DELAY,,,,,,,,,HAN,CXR,CAN,International,VJ,,
2026-01-15|VJ932|A526|HAN-NRT|00:55,2026-01-15,VJ932,A526,A321,HAN-NRT,,00:55,,00:55,,00:49,00:50,00:57,,,EARLY,ONTIME,ONTIME,,,,,,,,,,HAN,,NRT,International,VJ,,
2026-01-15|VJ982|A633|HAN-PUS|01:00,2026-01-15,VJ982,A633,A321,HAN-PUS,,01:00,,01:00,,00:51,00:52,00:55,,,EARLY,ONTIME,ONTIME,,,,,,,,,,HAN,,PUS,International,VJ,,
2026-01-15|VJ7704/VJ7704|A550|CXR-HAN-VVO|01:00,2026-01-15,VJ7704/VJ7704,A550,A321,CXR-HAN-VVO,00:30,01:00,00:30,01:00,00:35,00:59,01:00,01:06,00:30,00:25,ONTIME,ONTIME,ONTIME,ONTIME,,,,,,,,,HAN,CXR,VVO,International,VJ,,
2026-01-15|VJ920|A536|HAN-NGO|01:35,2026-01-15,VJ920,A536,A321,HAN-NGO,,01:35,,01:35,,01:39,01:40,01:44,,,DELAY,ONTIME,ONTIME,,,99,00:05,,,,,LATE ACCEPT 4 PAX AND 7 PCS BAGS,HAN,,NGO,International,VJ,,
2026-01-15|VJ938|A554|HAN-KIX|01:40,2026-01-15,VJ938,A554,A321,HAN-KIX,,01:40,,01:40,,01:39,01:40,01:50,,,ONTIME,ONTIME,ONTIME,,,,,,,,,,HAN,,KIX,International,VJ,,
2026-01-15|VJ960|A534|HAN-ICN|01:45,2026-01-15,VJ960,A534,A321,HAN-ICN,,01:45,,01:45,,01:44,01:45,01:55,,,ONTIME,ONTIME,ONTIME,,,,,,,,,,HAN,,ICN,International,VJ,,
2026-01-15|VJ958|A698|HAN-FUK|02:05,2026-01-15,VJ958,A698,A321,HAN-FUK,,02:05,,02:05,,01:58,02:00,02:05,,,EARLY,ONTIME,ONTIME,,,,,,,,,,HAN,,FUK,International,VJ,,
2026-01-15|VJ179|A658|HAN-SGN|05:00,2026-01-15,VJ179,A658,A320,HAN-SGN,,05:00,,05:00,,04:54,04:55,04:58,,,EARLY,ONTIME,ONTIME,,,,,,,,,,HAN,,SGN,Domestic,VJ,,
2026-01-15|VJ185|A814|HAN-SGN|05:10,2026-01-15,VJ185,A814,A330,HAN-SGN,,05:10,,05:10,,05:04,05:05,05:20,,,EARLY,ONTIME,ONTIME,,,,,,,,,,HAN,,SGN,Domestic,VJ,,
2026-01-15|VJ461|A657|HAN-VCA|05:30,2026-01-15,VJ461,A657,A321,HAN-VCA,,05:30,,05:30,,05:24,05:25,05:31,,,EARLY,ONTIME,ONTIME,,,,,,,,,,HAN,,VCA,Domestic,VJ,,
2026-01-15|VJ503|A580|HAN-DAD|05:55,2026-01-15,VJ503,A580,A321,HAN-DAD,,05:55,,05:55,,05:49,05:50,05:59,,,EARLY,ONTIME,ONTIME,,,,,,,,,,HAN,,DAD,Domestic,VJ,,
2026-01-15|VJ7527/VJ443|A643|CAN-HAN-PQC|06:00,2026-01-15,VJ7527/VJ443,A643,A321,CAN-HAN-PQC,04:45,06:00,04:45,06:00,05:05,05:54,05:55,06:02,01:15,00:50,EARLY,ONTIME,ONTIME,DELAY,,,,,,,,,HAN,CAN,PQC,Domestic,VJ,,
2026-01-15|VJ421|A522|HAN-PXU|06:05,2026-01-15,VJ421,A522,A321,HAN-PXU,,06:05,,06:05,,05:59,06:00,06:06,,,EARLY,ONTIME,ONTIME,,,,,,,,,,HAN,,PXU,Domestic,VJ,,
2026-01-15|VJ7343/VJ952|A663|XIY-HAN-HIJ|06:35,2026-01-15,VJ7343/VJ952,A663,A320,XIY-HAN-HIJ,03:20,06:35,03:20,06:35,04:00,06:28,06:30,06:31,03:15,02:30,EARLY,ONTIME,ONTIME,DELAY,,,,,,,,,HAN,XIY,HIJ,International,VJ,,
2026-01-15|VJ181|A544|HAN-SGN|06:40,2026-01-15,VJ181,A544,A321,HAN-SGN,,06:40,,06:40,,06:34,06:35,06:45,,,EARLY,ONTIME,ONTIME,,,,,,,,,,HAN,,SGN,Domestic,VJ,,
2026-01-15|VJ105|652G|HAN-VCS|06:45,2026-01-15,VJ105,652G,C909,HAN-VCS,,06:45,,06:45,,06:35,06:36,06:39,,,EARLY,ONTIME,ONTIME,,,,,,,,,,HAN,,VCS,Domestic,VJ,,
2026-01-15|VJ431|A668|HAN-UIH|07:10,2026-01-15,VJ431,A668,A320,HAN-UIH,,07:10,,07:10,,07:04,07:05,07:10,,,EARLY,ONTIME,ONTIME,,,,,,,,,,HAN,,UIH,Domestic,VJ,,
2026-01-15|VJ905|A542|HAN-KUL|07:10,2026-01-15,VJ905,A542,A321,HAN-KUL,,07:10,,07:10,,07:04,07:05,07:20,,,EARLY,ONTIME,ONTIME,,,,,,,,,,HAN,,KUL,International,VJ,,
2026-01-15|VJ7713/VJ956|A662|PKX-HAN-PUS|07:30,2026-01-15,VJ7713/VJ956,A662,A320,PKX-HAN-PUS,04:10,07:30,04:10,07:30,04:05,07:24,07:25,07:35,03:20,03:20,EARLY,ONTIME,ONTIME,ONTIME,,,,,,,,,HAN,PKX,PUS,International,VJ,,
2026-01-15|VJ502/VJ771|A538|DAD-HAN-CXR|07:35,2026-01-15,VJ502/VJ771,A538,A321,DAD-HAN-CXR,07:05,07:35,07:05,07:35,07:00,07:29,07:30,07:39,00:30,00:30,EARLY,ONTIME,ONTIME,ONTIME,,,,,,,,,HAN,DAD,CXR,Domestic,VJ,,
2026-01-15|VJ7239/VJ940|A677|PVG-HAN-TPE|07:35,2026-01-15,VJ7239/VJ940,A677,A321,PVG-HAN-TPE,05:55,07:35,05:55,07:35,05:40,07:29,07:30,07:35,01:40,01:50,EARLY,ONTIME,ONTIME,ONTIME,,,,,,,,,HAN,PVG,TPE,International,VJ,,
2026-01-15|VJ107|656E|HAN-VCS|08:15,2026-01-15,VJ107,656E,C909,HAN-VCS,,08:15,,08:15,,08:12,08:13,08:20,,,EARLY,ONTIME,ONTIME,,,,,,,,,,HAN,,VCS,Domestic,VJ,,
2026-01-15|VJ122/VJ934|A578|SGN-HAN-NRT|08:20,2026-01-15,VJ122/VJ934,A578,A321,SGN-HAN-NRT,07:30,08:20,07:30,08:20,07:13,08:19,08:20,08:28,00:50,01:07,ONTIME,ONTIME,ONTIME,ONTIME,,,,,,,,,HAN,SGN,NRT,International,VJ,,
2026-01-15|VJ930|A539|HAN-KIX|08:20,2026-01-15,VJ930,A539,A321,HAN-KIX,,08:20,,08:20,,08:24,08:25,08:35,,,DELAY,ONTIME,ONTIME,,,15A,00:05,,,,,OFFLOAD 1 PAX + 1 BAG,HAN,,KIX,International,VJ,,
2026-01-15|VJ124/VJ125|A815|SGN-HAN-SGN|08:40,2026-01-15,VJ124/VJ125,A815,A330,SGN-HAN-SGN,07:50,08:40,07:50,08:40,07:50,08:39,08:40,08:44,00:50,00:50,ONTIME,ONTIME,ONTIME,ONTIME,,,,,,,,,HAN,SGN,SGN,Domestic,VJ,,
2026-01-15|VJ1926/VJ929|A676|AMD-HAN-CGK|08:40,2026-01-15,VJ1926/VJ929,A676,A320,AMD-HAN-CGK,06:20,08:40,06:20,08:40,05:35,08:44,08:45,08:55,02:20,03:10,DELAY,ONTIME,ONTIME,ONTIME,,99,00:05,,,,,LATE ACCEPT 8 PAX AND 9 PCS BAGS,HAN,AMD,CGK,International,VJ,,
2026-01-15|VJ773|A816|HAN-CXR|08:55,2026-01-15,VJ773,A816,A330,HAN-CXR,,08:55,,08:55,,08:54,08:55,09:02,,,ONTIME,ONTIME,ONTIME,,,,,,,,,,HAN,,CXR,Domestic,VJ,,
2026-01-15|VJ910/VJ915|A525|BOM-HAN-SIN|09:35,2026-01-15,VJ910/VJ915,A525,A321,BOM-HAN-SIN,06:40,09:35,06:40,09:35,06:20,09:34,09:35,09:37,02:55,03:15,ONTIME,ONTIME,ONTIME,ONTIME,,,,,,,,,HAN,BOM,SIN,International,VJ,,
2026-01-15|VJ504/VJ997|A580|DAD-HAN-DPS|10:00,2026-01-15,VJ504/VJ997,A580,A321,DAD-HAN-DPS,09:00,10:00,09:00,10:00,09:30,10:14,10:15,10:21,01:00,00:45,DELAY,ONTIME,DELAY,DELAY,,66,00:15,,,,,CREW HN OB 0945,HAN,DAD,DPS,International,VJ,,
2026-01-15|VJ148/VJ149|-NVG|SGN-HAN-SGN|10:05,2026-01-15,VJ148/VJ149,-NVG,A320,SGN-HAN-SGN,09:30,10:05,09:30,10:05,09:30,10:03,10:05,10:16,00:35,00:35,ONTIME,ONTIME,ONTIME,ONTIME,,,,,,,,,HAN,SGN,SGN,Domestic,VJ,,
2026-01-15|VJ422/VJ567|A522|PXU-HAN-HUI|10:10,2026-01-15,VJ422/VJ567,A522,A321,PXU-HAN-HUI,09:40,10:10,09:40,10:10,09:30,10:06,10:07,10:09,00:30,00:37,EARLY,ONTIME,ONTIME,ONTIME,,,,,,,,,HAN,PXU,HUI,Domestic,VJ,,
2026-01-15|VJ963/VJ507|A693|ICN-HAN-DAD|10:30,2026-01-15,VJ963/VJ507,A693,A321,ICN-HAN-DAD,09:30,10:30,09:30,10:30,09:35,11:09,11:10,11:23,01:00,01:35,DELAY,DELAY,DELAY,ONTIME,,89,00:40,,,,,RESTRICTION AT DEPARTURE AIRPORT,HAN,ICN,DAD,Domestic,VJ,,
2026-01-15|VJ524/VJ403|A655|DAD-HAN-DLI|10:45,2026-01-15,VJ524/VJ403,A655,A320,DAD-HAN-DLI,07:40,10:45,07:40,10:45,07:30,10:44,10:45,10:50,03:05,03:15,ONTIME,ONTIME,ONTIME,ONTIME,,,,,,,,,HAN,DAD,DLI,Domestic,VJ,,
2026-01-15|VJ460/VJ463|A657|VCA-HAN-VCA|10:50,2026-01-15,VJ460/VJ463,A657,A321,VCA-HAN-VCA,10:20,10:50,10:20,10:50,10:20,10:49,10:50,11:00,00:30,00:30,ONTIME,ONTIME,ONTIME,ONTIME,,,,,,,,,HAN,VCA,VCA,Domestic,VJ,,
2026-01-15|VJ430/VJ407|A668|UIH-HAN-DLI|11:25,2026-01-15,VJ430/VJ407,A668,A320,UIH-HAN-DLI,10:55,11:25,10:55,11:40,11:05,11:39,11:40,11:48,00:45,00:35,ONTIME,ONTIME,DELAY,ONTIME,,,,,,,,,HAN,UIH,DLI,Domestic,VJ,,
2026-01-15|VJ132/VJ137|A552|SGN-HAN-SGN|11:40,2026-01-15,VJ132/VJ137,A552,A321,SGN-HAN-SGN,11:10,11:40,11:10,11:40,11:15,11:39,11:40,11:44,00:30,00:25,ONTIME,ONTIME,ONTIME,ONTIME,,,,,,,,,HAN,SGN,SGN,Domestic,VJ,,
2026-01-15|VJ981/VJ946|A630|PUS-HAN-KHH|11:45,2026-01-15,VJ981/VJ946,A630,A321,PUS-HAN-KHH,11:00,11:45,11:40,12:30,11:45,12:26,12:27,12:30,00:50,00:42,EARLY,ONTIME,DELAY,DELAY,,,,,,,,,HAN,PUS,KHH,International,VJ,,
2026-01-15|VJ136/VJ135|A544|SGN-HAN-SGN|12:10,2026-01-15,VJ136/VJ135,A544,A321,SGN-HAN-SGN,11:35,12:10,11:35,12:10,11:55,12:24,12:25,12:32,00:35,00:30,DELAY,ONTIME,DELAY,DELAY,,93,00:15,,,,,,HAN,SGN,SGN,Domestic,VJ,,
2026-01-15|VJ442/VJ901|A643|PQC-HAN-BKK|12:15,2026-01-15,VJ442/VJ901,A643,A321,PQC-HAN-BKK,10:45,12:15,10:45,12:15,11:05,12:09,12:10,12:11,01:30,01:05,EARLY,ONTIME,ONTIME,DELAY,,,,,,,,,HAN,PQC,BKK,International,VJ,,
2026-01-15|VJ440/VJ441|A669|PQC-HAN-PQC|12:55,2026-01-15,VJ440/VJ441,A669,A320,PQC-HAN-PQC,11:55,12:55,11:55,13:30,12:50,13:21,13:22,13:25,01:35,00:32,EARLY,ONTIME,DELAY,DELAY,,,,,,,,,HAN,PQC,PQC,Domestic,VJ,,
2026-01-15|VJ770/VJ781|A538|CXR-HAN-CXR|13:00,2026-01-15,VJ770/VJ781,A538,A321,CXR-HAN-CXR,11:45,13:00,11:45,13:00,12:05,12:56,12:58,12:59,01:15,00:53,EARLY,ONTIME,ONTIME,DELAY,,,,,,,,,HAN,CXR,CXR,Domestic,VJ,,
2026-01-15|VJ7705/VJ7705|A550|VVO-HAN-CXR|13:30,2026-01-15,VJ7705/VJ7705,A550,A321,VVO-HAN-CXR,13:00,13:30,13:00,13:30,13:15,13:29,13:30,13:39,00:30,00:15,ONTIME,ONTIME,ONTIME,ONTIME,,,,,,,,,HAN,VVO,CXR,Domestic,VJ,,
2026-01-15|VJ959/VJ948|A698|FUK-HAN-RMQ|13:35,2026-01-15,VJ959/VJ948,A698,A321,FUK-HAN-RMQ,12:25,13:35,12:25,13:35,11:50,13:34,13:35,13:38,01:10,01:45,ONTIME,ONTIME,ONTIME,ONTIME,,,,,,,,,HAN,FUK,RMQ,International,VJ,,
2026-01-15|VJ780/VJ513|A549|CXR-HAN-DAD|13:35,2026-01-15,VJ780/VJ513,A549,A321,CXR-HAN-DAD,12:30,13:35,12:30,13:35,12:45,13:31,13:32,13:38,01:05,00:47,EARLY,ONTIME,ONTIME,ONTIME,,,,,,,,,HAN,CXR,DAD,Domestic,VJ,,
2026-01-15|VJ508/VJ511|A693|DAD-HAN-DAD|14:20,2026-01-15,VJ508/VJ511,A693,A321,DAD-HAN-DAD,13:40,14:20,14:25,15:00,14:55,15:24,15:25,15:28,00:35,00:30,DELAY,DELAY,DELAY,DELAY,,93,00:25,,,,,,HAN,DAD,DAD,Domestic,VJ,,
2026-01-15|VJ921/VJ942|A536|NGO-HAN-TPE|14:25,2026-01-15,VJ921/VJ942,A536,A321,NGO-HAN-TPE,12:25,14:25,12:25,14:25,12:55,14:14,14:15,14:18,02:00,01:20,EARLY,ONTIME,ONTIME,DELAY,,,,,,,,,HAN,NGO,TPE,International,VJ,,
2026-01-15|VJ939/VJ1491|A554|KIX-HAN-BMV|14:35,2026-01-15,VJ939/VJ1491,A554,A321,KIX-HAN-BMV,13:05,14:35,13:05,14:35,12:55,14:31,14:32,14:34,01:30,01:37,EARLY,ONTIME,ONTIME,ONTIME,,,,,,,,,HAN,KIX,BMV,Domestic,VJ,,
2026-01-15|VJ404/VJ433|A655|DLI-HAN-UIH|15:25,2026-01-15,VJ404/VJ433,A655,A320,DLI-HAN-UIH,14:55,15:25,14:55,15:25,15:10,15:34,15:35,15:40,00:30,00:25,DELAY,ONTIME,ONTIME,ONTIME,,93,00:10,,,,,,HAN,DLI,UIH,Domestic,VJ,,
2026-01-15|VJ566/VJ1441|A522|HUI-HAN-PQC|15:30,2026-01-15,VJ566/VJ1441,A522,A321,HUI-HAN-PQC,13:05,15:30,13:05,15:30,13:10,15:24,15:25,15:32,02:25,02:15,EARLY,ONTIME,ONTIME,ONTIME,,,,,,,,,HAN,HUI,PQC,Domestic,VJ,,
2026-01-15|VJ450/VJ145|A817|PQC-HAN-SGN|15:35,2026-01-15,VJ450/VJ145,A817,A330,PQC-HAN-SGN,13:10,15:35,14:10,15:35,13:30,15:44,15:45,16:00,01:25,02:15,DELAY,ONTIME,DELAY,DELAY,,95,00:10,,,,,CREW 144 OB 1508,HAN,PQC,SGN,Domestic,VJ,,
2026-01-15|VJ906/VJ199|A542|KUL-HAN-SGN|15:40,2026-01-15,VJ906/VJ199,A542,A321,KUL-HAN-SGN,14:55,15:40,14:55,15:40,14:30,15:39,15:40,15:45,00:45,01:10,ONTIME,ONTIME,ONTIME,ONTIME,,,,,,,,,HAN,KUL,SGN,Domestic,VJ,,
2026-01-15|VJ933/VJ903|A526|NRT-HAN-BKK|15:50,2026-01-15,VJ933/VJ903,A526,A321,NRT-HAN-BKK,14:00,15:50,14:00,15:50,14:05,15:49,15:50,15:57,01:50,01:45,ONTIME,ONTIME,ONTIME,ONTIME,,,,,,,,,HAN,NRT,BKK,International,VJ,,
2026-01-15|VJ198/VJ191|A644|SGN-HAN-SGN|15:55,2026-01-15,VJ198/VJ191,A644,A321,SGN-HAN-SGN,15:10,15:55,15:10,15:55,15:21,15:54,15:55,15:58,00:45,00:34,ONTIME,ONTIME,ONTIME,ONTIME,,,,,,,,,HAN,SGN,SGN,Domestic,VJ,,
2026-01-15|VJ423|A632|HAN-PXU|15:55,2026-01-15,VJ423,A632,A321,HAN-PXU,,15:55,,15:55,,16:24,16:25,17:03,,,DELAY,DELAY,DELAY,,,62A,00:30,,,,,WAIT FLIGHT DOC (FLIGHT CERTIFICATION),HAN,,PXU,Domestic,VJ,,
2026-01-15|VJ961/VJ195|A534|ICN-HAN-SGN|16:00,2026-01-15,VJ961/VJ195,A534,A321,ICN-HAN-SGN,14:10,16:00,14:10,16:00,14:05,15:59,16:00,16:15,01:50,01:55,ONTIME,ONTIME,ONTIME,ONTIME,,,,,,,,,HAN,ICN,SGN,Domestic,VJ,,
2026-01-15|VJ408/VJ409|A668|DLI-HAN-DLI|16:05,2026-01-15,VJ408/VJ409,A668,A320,DLI-HAN-DLI,15:35,16:05,15:35,16:25,15:55,16:24,16:25,16:55,00:50,00:30,ONTIME,ONTIME,DELAY,DELAY,,,,,,,,,HAN,DLI,DLI,Domestic,VJ,,
2026-01-15|VJ941/VJ913|A677|TPE-HAN-SAI|16:20,2026-01-15,VJ941/VJ913,A677,A321,TPE-HAN-SAI,14:10,16:20,14:10,16:20,14:45,16:14,16:15,16:25,02:10,01:30,EARLY,ONTIME,ONTIME,DELAY,,,,,,,,,HAN,TPE,SAI,International,VJ,,
2026-01-15|VJ462/VJ515|A657|VCA-HAN-DAD|16:25,2026-01-15,VJ462/VJ515,A657,A321,VCA-HAN-DAD,15:40,16:25,15:40,16:25,15:45,16:24,16:25,16:53,00:45,00:40,ONTIME,ONTIME,DELAY,ONTIME,,,,,,,,,HAN,VCA,DAD,Domestic,VJ,,
2026-01-15|VJ134/VJ163|LY-MLI|SGN-HAN-SGN|17:20,2026-01-15,VJ134/VJ163,LY-MLI,A320,SGN-HAN-SGN,16:50,17:20,16:50,19:10,19:05,19:29,19:30,19:50,02:20,00:25,DELAY,DELAY,DELAY,DELAY,,93,00:20,,,,,,HAN,SGN,SGN,Domestic,VJ,,
2026-01-15|VJ514/VJ465|A549|DAD-HAN-VCA|17:25,2026-01-15,VJ514/VJ465,A549,A321,DAD-HAN-VCA,16:45,17:25,16:45,17:25,16:55,17:29,17:30,17:40,00:40,00:35,DELAY,ONTIME,ONTIME,ONTIME,,66,00:05,,,,,CREW OB 1700,HAN,DAD,VCA,Domestic,VJ,,
2026-01-15|VJ784/VJ783|A634|CXR-HAN-CXR|17:40,2026-01-15,VJ784/VJ783,A634,A321,CXR-HAN-CXR,17:10,17:40,17:10,17:40,17:55,18:24,18:25,18:32,00:30,00:30,DELAY,DELAY,DELAY,DELAY,,93,00:45,,,,,,HAN,CXR,CXR,Domestic,VJ,,
2026-01-15|VJ953/VJ445|A663|HIJ-HAN-PQC|17:40,2026-01-15,VJ953/VJ445,A663,A320,HIJ-HAN-PQC,16:20,17:40,16:20,17:40,16:30,17:39,17:40,17:47,01:20,01:10,ONTIME,ONTIME,ONTIME,ONTIME,,,,,,,,,HAN,HIJ,PQC,Domestic,VJ,,
2026-01-15|VJ947/VJ779|A630|KHH-HAN-CXR|18:00,2026-01-15,VJ947/VJ779,A630,A321,KHH-HAN-CXR,18:05,18:00,18:35,19:30,18:17,19:27,19:28,19:36,00:55,01:11,EARLY,ONTIME,DELAY,ONTIME,,,,,,,,,HAN,KHH,CXR,Domestic,VJ,,
2026-01-15|VJ194/VJ193|A575|SGN-HAN-SGN|18:10,2026-01-15,VJ194/VJ193,A575,A321,SGN-HAN-SGN,17:30,18:10,17:30,18:10,17:55,18:24,18:25,18:45,00:40,00:30,DELAY,ONTIME,DELAY,DELAY,,93,00:15,,,,,,HAN,SGN,SGN,Domestic,VJ,,
2026-01-15|VJ902/VJ493|A643|BKK-HAN-BMV|18:25,2026-01-15,VJ902/VJ493,A643,A321,BKK-HAN-BMV,17:00,18:25,17:00,18:25,17:30,18:34,18:35,18:40,01:25,01:05,DELAY,ONTIME,ONTIME,DELAY,,93,00:10,,,,,,HAN,BKK,BMV,Domestic,VJ,,
2026-01-15|VJ900/VJ165|A651|DPS-HAN-SGN|18:30,2026-01-15,VJ900/VJ165,A651,A321,DPS-HAN-SGN,17:20,18:30,17:20,18:30,17:00,18:27,18:28,18:42,01:10,01:28,EARLY,ONTIME,ONTIME,ONTIME,,,,,,,,,HAN,DPS,SGN,Domestic,VJ,,
2026-01-15|VJ446/VJ147|A669|PQC-HAN-SGN|18:35,2026-01-15,VJ446/VJ147,A669,A320,PQC-HAN-SGN,17:35,18:35,17:35,19:50,19:20,19:49,19:50,20:00,02:15,00:30,ONTIME,ONTIME,DELAY,DELAY,,,,,,,,,HAN,PQC,SGN,Domestic,VJ,,
2026-01-15|VJ957/VJ1925|A662|PUS-HAN-AMD|19:00,2026-01-15,VJ957/VJ1925,A662,A320,PUS-HAN-AMD,17:20,19:00,17:20,19:00,17:10,18:52,18:53,18:59,01:40,01:43,EARLY,ONTIME,ONTIME,ONTIME,,,,,,,,,HAN,PUS,AMD,International,VJ,,
2026-01-15|VJ1492/VJ517|A554|BMV-HAN-DAD|19:05,2026-01-15,VJ1492/VJ517,A554,A321,BMV-HAN-DAD,18:35,19:05,18:35,19:05,18:50,19:19,19:20,19:30,00:30,00:30,DELAY,ONTIME,DELAY,ONTIME,,93,00:15,,,,,,HAN,BMV,DAD,Domestic,VJ,,
2026-01-15|VJ928/VJ173|A676|CGK-HAN-SGN|19:05,2026-01-15,VJ928/VJ173,A676,A320,CGK-HAN-SGN,18:15,19:05,18:15,19:15,18:55,19:28,19:30,19:35,01:00,00:35,DELAY,ONTIME,DELAY,DELAY,,93,00:05,66,00:10,,,CREW OB 1905,HAN,CGK,SGN,Domestic,VJ,,
2026-01-15|VJ144/VJ971|A815|SGN-HAN-DEL|19:10,2026-01-15,VJ144/VJ971,A815,A330,SGN-HAN-DEL,14:40,19:10,14:40,19:10,14:40,19:09,19:10,19:22,04:30,04:30,ONTIME,ONTIME,ONTIME,ONTIME,,,,,,,,,HAN,SGN,DEL,International,VJ,,
2026-01-15|VJ432/VJ569|A655|UIH-HAN-HUI|19:45,2026-01-15,VJ432/VJ569,A655,A320,UIH-HAN-HUI,19:10,19:45,19:10,19:45,19:30,19:54,19:55,20:09,00:35,00:25,DELAY,ONTIME,DELAY,DELAY,,93,00:10,,,,,,HAN,UIH,HUI,Domestic,VJ,,
2026-01-15|VJ516/VJ155|A657|DAD-HAN-SGN|20:05,2026-01-15,VJ516/VJ155,A657,A321,DAD-HAN-SGN,19:35,20:05,19:35,20:40,20:10,20:49,20:50,20:52,01:05,00:40,DELAY,ONTIME,DELAY,DELAY,,66,00:10,,,,,CREW OB 2020,HAN,DAD,SGN,Domestic,VJ,,
2026-01-15|VJ916/VJ7712|A525|SIN-HAN-PKX|20:05,2026-01-15,VJ916/VJ7712,A525,A321,SIN-HAN-PKX,17:25,20:05,17:25,20:15,17:20,20:10,20:11,20:15,02:50,02:51,EARLY,ONTIME,ONTIME,ONTIME,,,,,,,,,HAN,SIN,PKX,International,VJ,,
2026-01-15|VJ152/VJ501|A671|SGN-HAN-DAD|20:15,2026-01-15,VJ152/VJ501,A671,A320,SGN-HAN-DAD,19:15,20:15,19:15,20:15,19:45,20:19,20:20,20:22,01:00,00:35,DELAY,ONTIME,ONTIME,DELAY,,66,00:05,,,,,CREW OB 1950,HAN,SGN,DAD,Domestic,VJ,,
2026-01-15|VJ424/VJ521|A632|PXU-HAN-DAD|20:50,2026-01-15,VJ424/VJ521,A632,A321,PXU-HAN-DAD,19:50,20:50,19:50,21:25,20:55,21:24,21:25,21:39,01:35,00:30,ONTIME,ONTIME,DELAY,DELAY,,,,,,,,,HAN,PXU,DAD,Domestic,VJ,,
2026-01-15|VJ410/VJ7238|A668|DLI-HAN-PVG|21:30,2026-01-15,VJ410/VJ7238,A668,A320,DLI-HAN-PVG,20:15,21:30,20:15,22:00,21:30,22:04,22:05,22:12,01:45,00:35,DELAY,ONTIME,DELAY,DELAY,,66,00:05,,,,,CREW OB 2140,HAN,DLI,PVG,International,VJ,,
2026-01-15|VJ512/VJ161|A693|DAD-HAN-SGN|21:50,2026-01-15,VJ512/VJ161,A693,A321,DAD-HAN-SGN,17:30,21:50,18:15,21:50,18:45,21:44,21:45,21:48,03:35,03:00,EARLY,ONTIME,ONTIME,DELAY,,,,,,,,,HAN,DAD,SGN,Domestic,VJ,,
2026-01-15|VJ914/VJ962|A677|SAI-HAN-ICN|22:50,2026-01-15,VJ914/VJ962,A677,A321,SAI-HAN-ICN,20:50,22:50,20:50,22:50,20:35,22:49,22:50,23:04,02:00,02:15,ONTIME,ONTIME,ONTIME,ONTIME,,,,,,,,,HAN,SAI,ICN,International,VJ,,
2026-01-15|VJ904/VJ187|A526|BKK-HAN-SGN|22:50,2026-01-15,VJ904/VJ187,A526,A321,BKK-HAN-SGN,20:25,22:50,20:25,22:50,20:25,22:49,22:50,22:55,02:25,02:25,ONTIME,ONTIME,ONTIME,ONTIME,,,,,,,,,HAN,BKK,SGN,Domestic,VJ,,
2026-01-15|VJ568/VJ523|A655|HUI-HAN-DAD|23:15,2026-01-15,VJ568/VJ523,A655,A320,HUI-HAN-DAD,22:45,23:15,22:45,23:15,23:15,23:34,23:35,23:40,00:30,00:20,DELAY,DELAY,DELAY,DELAY,,93,00:20,,,,,,HAN,HUI,DAD,Domestic,VJ,,
2026-01-15|VJ196/VJ171|A670|SGN-HAN-SGN|23:25,2026-01-15,VJ196/VJ171,A670,A321,SGN-HAN-SGN,21:45,23:25,21:45,23:25,22:35,23:17,23:18,23:25,01:40,00:43,EARLY,ONTIME,ONTIME,DELAY,,,,,,,,,HAN,SGN,SGN,Domestic,VJ,,
2026-01-15|VJ3525/VJ3525|A550|PQC-HAN-BQS|23:30,2026-01-15,VJ3525/VJ3525,A550,A321,PQC-HAN-BQS,23:00,23:30,23:00,1904-01-02,23:15,23:54,23:55,00:02,01:00,00:40,EARLY,ONTIME,DELAY,ONTIME,,,,,,,,,HAN,PQC,BQS,International,VJ,,
2026-01-15|VJ935/VJ7526|A578|NRT-HAN-CAN|23:40,2026-01-15,VJ935/VJ7526,A578,A321,NRT-HAN-CAN,22:10,23:40,22:10,23:40,21:20,23:39,23:40,23:45,01:30,02:20,ONTIME,ONTIME,ONTIME,ONTIME,,,,,,,,,HAN,NRT,CAN,International,VJ,,
2026-01-16|VJ932|A534|HAN-NRT|00:55,2026-01-16,VJ932,A534,A321,HAN-NRT,,00:55,,00:55,,00:39,00:40,00:43,,,EARLY,ONTIME,ONTIME,,,,,,,,,,HAN,,NRT,International,VJ,,
2026-01-16|VJ982|A698|HAN-PUS|01:00,2026-01-16,VJ982,A698,A321,HAN-PUS,,01:00,,01:00,,00:55,00:56,00:59,,,EARLY,ONTIME,ONTIME,,,,,,,,,,HAN,,PUS,International,VJ,,
2026-01-16|VJ920|A536|HAN-NGO|01:35,2026-01-16,VJ920,A536,A321,HAN-NGO,,01:35,,01:35,,01:24,01:25,01:30,,,EARLY,ONTIME,ONTIME,,,,,,,,,,HAN,,NGO,International,VJ,,
2026-01-16|VJ938|A539|HAN-KIX|01:40,2026-01-16,VJ938,A539,A321,HAN-KIX,,01:40,,01:40,,01:25,01:26,01:29,,,EARLY,ONTIME,ONTIME,,,,,,,,,,HAN,,KIX,International,VJ,,
2026-01-16|VJ960|A554|HAN-ICN|01:45,2026-01-16,VJ960,A554,A321,HAN-ICN,,01:45,,01:45,,01:42,01:43,01:50,,,EARLY,ONTIME,ONTIME,,,,,,,,,,HAN,,ICN,International,VJ,,
2026-01-16|VJ185|A580|HAN-SGN|05:10,2026-01-16,VJ185,A580,A321,HAN-SGN,,05:10,,05:10,,05:04,05:05,05:15,,,EARLY,ONTIME,ONTIME,,,,,,,,,,HAN,,SGN,Domestic,VJ,,
2026-01-16|VJ461|A658|HAN-VCA|05:30,2026-01-16,VJ461,A658,A320,HAN-VCA,,05:30,,05:30,,05:24,05:25,05:31,,,EARLY,ONTIME,ONTIME,,,,,,,,,,HAN,,VCA,Domestic,VJ,,
2026-01-16|VJ443|A522|HAN-PQC|06:00,2026-01-16,VJ443,A522,A321,HAN-PQC,,06:00,,06:00,,05:54,05:55,06:04,,,EARLY,ONTIME,ONTIME,,,,,,,,,,HAN,,PQC,Domestic,VJ,,
2026-01-16|VJ503|A630|HAN-DAD|06:00,2026-01-16,VJ503,A630,A321,HAN-DAD,,06:00,,06:00,,05:54,05:55,06:00,,,EARLY,ONTIME,ONTIME,,,,,,,,,,HAN,,DAD,Domestic,VJ,,
2026-01-16|VJ491|A632|HAN-BMV|06:00,2026-01-16,VJ491,A632,A321,HAN-BMV,,06:00,,06:00,,05:54,05:55,06:00,,,EARLY,ONTIME,ONTIME,,,,,,,,,,HAN,,BMV,Domestic,VJ,,
2026-01-16|VJ401|A657|HAN-DLI|06:00,2026-01-16,VJ401,A657,A321,HAN-DLI,,06:00,,06:00,,05:54,05:55,06:01,,,EARLY,ONTIME,ONTIME,,,,,,,,,,HAN,,DLI,Domestic,VJ,,
2026-01-16|VJ181|A643|HAN-SGN|06:40,2026-01-16,VJ181,A643,A321,HAN-SGN,,06:40,,06:40,,06:32,06:33,06:37,,,EARLY,ONTIME,ONTIME,,,,,,,,,,HAN,,SGN,Domestic,VJ,,
2026-01-16|VJ105|652G|HAN-VCS|06:45,2026-01-16,VJ105,652G,C909,HAN-VCS,,06:45,,06:45,,06:39,06:40,06:43,,,EARLY,ONTIME,ONTIME,,,,,,,,,,HAN,,VCS,Domestic,VJ,,
2026-01-16|VJ1926/VJ431|A662|AMD-HAN-UIH|07:10,2026-01-16,VJ1926/VJ431,A662,A320,AMD-HAN-UIH,06:20,07:10,06:20,07:10,05:35,07:04,07:05,07:12,00:50,01:30,EARLY,ONTIME,ONTIME,ONTIME,,,,,,,,,HAN,AMD,UIH,Domestic,VJ,,
2026-01-16|VJ905|A546|HAN-KUL|07:10,2026-01-16,VJ905,A546,A321,HAN-KUL,,07:10,,07:10,,07:04,07:05,07:08,,,EARLY,ONTIME,ONTIME,,,,,,,,,,HAN,,KUL,International,VJ,,
2026-01-16|VJ956|A676|HAN-PUS|07:30,2026-01-16,VJ956,A676,A320,HAN-PUS,,07:30,,07:30,,07:24,07:25,07:34,,,EARLY,ONTIME,ONTIME,,,,,,,,,,HAN,,PUS,International,VJ,,
2026-01-16|VJ7713/VJ940|A525|PKX-HAN-TPE|07:35,2026-01-16,VJ7713/VJ940,A525,A321,PKX-HAN-TPE,04:10,07:35,04:10,07:35,04:15,07:29,07:30,07:40,03:25,03:15,EARLY,ONTIME,ONTIME,ONTIME,,,,,,,,,HAN,PKX,TPE,International,VJ,,
2026-01-16|VJ502/VJ771|A637|DAD-HAN-CXR|07:35,2026-01-16,VJ502/VJ771,A637,A321,DAD-HAN-CXR,07:05,07:35,07:05,07:35,07:05,07:31,07:32,07:33,00:30,00:27,EARLY,ONTIME,ONTIME,ONTIME,,,,,,,,,HAN,DAD,CXR,Domestic,VJ,,
2026-01-16|VJ107|656E|HAN-VCS|08:15,2026-01-16,VJ107,656E,C909,HAN-VCS,,08:15,,08:15,,08:09,08:10,08:19,,,EARLY,ONTIME,ONTIME,,,,,,,,,,HAN,,VCS,Domestic,VJ,,
2026-01-16|VJ122/VJ934|A500|SGN-HAN-NRT|08:20,2026-01-16,VJ122/VJ934,A500,A321,SGN-HAN-NRT,07:30,08:20,07:30,08:20,07:30,08:19,08:20,08:33,00:50,00:50,ONTIME,ONTIME,ONTIME,ONTIME,,,,,,,,,HAN,SGN,NRT,International,VJ,,
2026-01-16|VJ930|A549|HAN-KIX|08:20,2026-01-16,VJ930,A549,A321,HAN-KIX,,08:20,,08:20,,08:19,08:20,08:28,,,ONTIME,ONTIME,ONTIME,,,,,,,,,,HAN,,KIX,International,VJ,,
2026-01-16|VJ7239/VJ929|A668|PVG-HAN-CGK|08:40,2026-01-16,VJ7239/VJ929,A668,A320,PVG-HAN-CGK,06:45,08:40,06:45,08:40,06:55,08:29,08:30,08:40,01:55,01:35,EARLY,ONTIME,ONTIME,ONTIME,,,,,,,,,HAN,PVG,CGK,International,VJ,,
2026-01-16|VJ124/VJ125|A820|SGN-HAN-SGN|08:40,2026-01-16,VJ124/VJ125,A820,A321,SGN-HAN-SGN,07:50,08:40,07:50,08:40,08:00,08:44,08:45,08:55,00:50,00:45,DELAY,ONTIME,ONTIME,ONTIME,,93,00:05,,,,,,HAN,SGN,SGN,Domestic,VJ,,
2026-01-16|VJ176/VJ527|A673|SGN-HAN-DAD|09:30,2026-01-16,VJ176/VJ527,A673,A321,SGN-HAN-DAD,09:00,09:30,09:00,09:30,09:10,09:39,09:40,09:45,00:30,00:30,DELAY,ONTIME,ONTIME,ONTIME,,93,00:10,,,,,,HAN,SGN,DAD,Domestic,VJ,,
2026-01-16|VJ7527/VJ915|A578|CAN-HAN-SIN|09:35,2026-01-16,VJ7527/VJ915,A578,A321,CAN-HAN-SIN,04:35,09:35,04:35,09:35,04:35,09:29,09:30,09:35,05:00,04:55,EARLY,ONTIME,ONTIME,ONTIME,,,,,,,,,HAN,CAN,SIN,International,VJ,,
2026-01-16|VJ442/VJ997|A674|PQC-HAN-DPS|10:00,2026-01-16,VJ442/VJ997,A674,A321,PQC-HAN-DPS,10:45,10:00,10:45,11:30,10:50,11:39,11:40,11:55,00:45,00:50,DELAY,ONTIME,DELAY,ONTIME,,66,00:10,,,,,CHANGE CREW HN OB 1105,HAN,PQC,DPS,International,VJ,,
2026-01-16|VJ504/VJ403|A630|DAD-HAN-DLI|10:00,2026-01-16,VJ504/VJ403,A630,A321,DAD-HAN-DLI,09:00,10:00,09:00,10:00,09:30,09:59,10:00,10:02,01:00,00:30,ONTIME,ONTIME,ONTIME,DELAY,,,,,,,,,HAN,DAD,DLI,Domestic,VJ,,
2026-01-16|VJ148/VJ149|-NVG|SGN-HAN-SGN|10:05,2026-01-16,VJ148/VJ149,-NVG,A320,SGN-HAN-SGN,09:30,10:05,09:30,10:05,09:35,10:04,10:05,10:13,00:35,00:30,ONTIME,ONTIME,ONTIME,ONTIME,,,,,,,,,HAN,SGN,SGN,Domestic,VJ,,
2026-01-16|VJ492/VJ567|A632|BMV-HAN-HUI|10:35,2026-01-16,VJ492/VJ567,A632,A321,BMV-HAN-HUI,10:00,10:35,10:00,10:35,10:00,10:33,10:34,10:40,00:35,00:34,EARLY,ONTIME,ONTIME,ONTIME,,,,,,,,,HAN,BMV,HUI,Domestic,VJ,,
2026-01-16|VJ524/VJ775|A655|DAD-HAN-CXR|10:40,2026-01-16,VJ524/VJ775,A655,A320,DAD-HAN-CXR,09:00,10:40,09:00,10:40,08:55,10:39,10:40,10:51,01:40,01:45,ONTIME,ONTIME,ONTIME,ONTIME,,,,,,,,,HAN,DAD,CXR,Domestic,VJ,,
2026-01-16|VJ402/VJ507|A657|DLI-HAN-DAD|10:45,2026-01-16,VJ402/VJ507,A657,A321,DLI-HAN-DAD,10:10,10:45,10:10,10:45,10:15,10:49,10:50,11:00,00:35,00:35,DELAY,ONTIME,ONTIME,ONTIME,,15A,00:05,,,,,OFFLOAD 01PAX& 01 BAGS,HAN,DLI,DAD,Domestic,VJ,,
2026-01-16|VJ460/VJ463|A658|VCA-HAN-VCA|10:50,2026-01-16,VJ460/VJ463,A658,A320,VCA-HAN-VCA,10:20,10:50,10:20,10:50,10:25,10:56,10:57,11:02,00:30,00:32,DELAY,ONTIME,ONTIME,ONTIME,,66,00:07,,,,,CHANGE CREW OB 1035,HAN,VCA,VCA,Domestic,VJ,,
2026-01-16|VJ136/VJ135|A607|SGN-HAN-SGN|11:10,2026-01-16,VJ136/VJ135,A607,A321,SGN-HAN-SGN,10:40,11:10,10:40,11:10,10:45,11:14,11:15,11:25,00:30,00:30,DELAY,ONTIME,ONTIME,ONTIME,,93,00:05,,,,,,HAN,SGN,SGN,Domestic,VJ,,
2026-01-16|VJ430/VJ407|A668|UIH-HAN-DLI|11:25,2026-01-16,VJ430/VJ407,A668,A320,UIH-HAN-DLI,10:55,11:25,10:55,11:25,10:55,11:22,11:23,11:28,00:30,00:28,EARLY,ONTIME,ONTIME,ONTIME,,,,,,,,,HAN,UIH,DLI,Domestic,VJ,,
2026-01-16|VJ451|A817|HAN-PQC|11:25,2026-01-16,VJ451,A817,A330,HAN-PQC,,11:25,,11:25,,11:24,11:25,11:30,,,ONTIME,ONTIME,ONTIME,,,,,,,,,,HAN,,PQC,Domestic,VJ,,
2026-01-16|VJ132/VJ137|A644|SGN-HAN-SGN|11:40,2026-01-16,VJ132/VJ137,A644,A321,SGN-HAN-SGN,11:10,11:40,11:10,11:40,11:05,11:39,11:40,11:47,00:30,00:35,ONTIME,ONTIME,ONTIME,ONTIME,,,,,,,,,HAN,SGN,SGN,Domestic,VJ,,
2026-01-16|VJ963/VJ946|A677|ICN-HAN-KHH|11:45,2026-01-16,VJ963/VJ946,A677,A321,ICN-HAN-KHH,09:30,11:45,09:30,11:45,09:35,11:35,11:36,11:46,02:15,02:01,EARLY,ONTIME,ONTIME,ONTIME,,,,,,,,,HAN,ICN,KHH,International,VJ,,
2026-01-16|VJ139|A522|PQC-HAN-SGN|11:45,2026-01-16,VJ139,A522,A321,PQC-HAN-SGN,,11:45,,12:00,,11:59,12:00,12:05,,,ONTIME,ONTIME,DELAY,,,,,,,,,,HAN,PQC,SGN,Domestic,VJ,,
2026-01-16|VJ3526/VJ3526|A550|BQS-HAN-PQC|12:10,2026-01-16,VJ3526/VJ3526,A550,A321,BQS-HAN-PQC,11:40,12:10,11:40,13:20,12:40,13:19,13:20,13:26,01:40,00:40,ONTIME,ONTIME,DELAY,DELAY,,,,,,,,,HAN,BQS,PQC,Domestic,VJ,,
2026-01-16|VJ981/VJ901|A698|PUS-HAN-BKK|12:15,2026-01-16,VJ981/VJ901,A698,A321,PUS-HAN-BKK,11:00,12:15,11:00,12:15,11:00,12:09,12:10,12:12,01:15,01:10,EARLY,ONTIME,ONTIME,ONTIME,,,,,,,,,HAN,PUS,BKK,International,VJ,,
2026-01-16|VJ440/VJ441|A663|PQC-HAN-PQC|12:55,2026-01-16,VJ440/VJ441,A663,A320,PQC-HAN-PQC,11:55,12:55,11:55,12:55,12:05,12:48,12:50,12:55,01:00,00:45,EARLY,ONTIME,ONTIME,ONTIME,,,,,,,,,HAN,PQC,PQC,Domestic,VJ,,
2026-01-16|VJ528/VJ948|A673|DAD-HAN-RMQ|13:35,2026-01-16,VJ528/VJ948,A673,A321,DAD-HAN-RMQ,12:40,13:35,12:40,13:35,13:05,13:44,13:45,13:50,00:55,00:40,DELAY,ONTIME,ONTIME,DELAY,,66,00:10,,,,,CHANGE CREW HN OB 1325,HAN,DAD,RMQ,International,VJ,,
2026-01-16|VJ770/VJ513|A637|CXR-HAN-DAD|13:35,2026-01-16,VJ770/VJ513,A637,A321,CXR-HAN-DAD,11:45,13:35,11:45,13:35,12:00,13:34,13:35,13:45,01:50,01:35,ONTIME,ONTIME,ONTIME,ONTIME,,,,,,,,,HAN,CXR,DAD,Domestic,VJ,,
2026-01-16|VJ128/VJ143|A810|SGN-HAN-SGN|13:40,2026-01-16,VJ128/VJ143,A810,A330,SGN-HAN-SGN,12:10,13:40,12:10,13:40,12:55,13:39,13:40,13:50,01:30,00:45,ONTIME,ONTIME,ONTIME,DELAY,,,,,,,,,HAN,SGN,SGN,Domestic,VJ,,
2026-01-16|VJ188/VJ151|-NVE|SGN-HAN-SGN|14:00,2026-01-16,VJ188/VJ151,-NVE,A320,SGN-HAN-SGN,13:25,14:00,13:25,15:40,15:00,15:39,15:40,15:50,02:15,00:40,ONTIME,ONTIME,DELAY,DELAY,,,,,,,,,HAN,SGN,SGN,Domestic,VJ,,
2026-01-16|VJ921/VJ942|A536|NGO-HAN-TPE|14:25,2026-01-16,VJ921/VJ942,A536,A321,NGO-HAN-TPE,13:40,14:25,13:40,14:25,12:53,14:23,14:24,14:25,00:45,01:31,EARLY,ONTIME,ONTIME,ONTIME,,,,,,,,,HAN,NGO,TPE,International,VJ,,
2026-01-16|VJ508/VJ511|A657|DAD-HAN-DAD|14:30,2026-01-16,VJ508/VJ511,A657,A321,DAD-HAN-DAD,13:55,14:30,13:55,15:15,14:35,15:14,15:15,15:18,01:20,00:40,ONTIME,ONTIME,DELAY,DELAY,,,,,,,,,HAN,DAD,DAD,Domestic,VJ,,
2026-01-16|VJ566/VJ1491|A632|HUI-HAN-BMV|14:35,2026-01-16,VJ566/VJ1491,A632,A321,HUI-HAN-BMV,13:30,14:35,13:30,14:35,13:40,14:22,14:24,14:30,01:05,00:44,EARLY,ONTIME,ONTIME,ONTIME,,,,,,,,,HAN,HUI,BMV,Domestic,VJ,,
2026-01-16|VJ774/VJ175|A655|CXR-HAN-SGN|15:20,2026-01-16,VJ774/VJ175,A655,A320,CXR-HAN-SGN,14:50,15:20,14:50,16:00,15:25,15:59,16:00,16:08,01:10,00:35,ONTIME,ONTIME,DELAY,DELAY,,,,,,,,,HAN,CXR,SGN,Domestic,VJ,,
2026-01-16|VJ939/VJ1441|A539|KIX-HAN-PQC|15:30,2026-01-16,VJ939/VJ1441,A539,A321,KIX-HAN-PQC,13:05,15:30,13:05,15:30,13:13,15:27,15:28,15:33,02:25,02:15,EARLY,ONTIME,ONTIME,ONTIME,,,,,,,,,HAN,KIX,PQC,Domestic,VJ,,
2026-01-16|VJ144/VJ145|A820|SGN-HAN-SGN|15:35,2026-01-16,VJ144/VJ145,A820,A321,SGN-HAN-SGN,14:10,15:35,14:10,15:35,15:00,15:44,15:45,15:55,01:25,00:45,DELAY,ONTIME,DELAY,DELAY,,93,00:10,,,,,,HAN,SGN,SGN,Domestic,VJ,,
2026-01-16|VJ198/VJ199|A675|SGN-HAN-SGN|15:40,2026-01-16,VJ198/VJ199,A675,A320,SGN-HAN-SGN,15:10,15:40,15:10,16:40,16:05,16:39,16:40,16:43,01:30,00:35,ONTIME,ONTIME,DELAY,DELAY,,,,,,,,,HAN,SGN,SGN,Domestic,VJ,,
2026-01-16|VJ941/VJ903|A525|TPE-HAN-BKK|15:50,2026-01-16,VJ941/VJ903,A525,A321,TPE-HAN-BKK,14:10,15:50,14:10,15:50,14:17,15:41,15:42,15:52,01:40,01:25,EARLY,ONTIME,ONTIME,ONTIME,,,,,,,,,HAN,TPE,BKK,International,VJ,,
2026-01-16|VJ142/VJ423|A639|SGN-HAN-PXU|15:55,2026-01-16,VJ142/VJ423,A639,A321,SGN-HAN-PXU,14:50,15:55,14:50,15:55,15:30,15:59,16:00,16:10,01:05,00:30,DELAY,ONTIME,ONTIME,DELAY,,93,00:05,,,,,,HAN,SGN,PXU,Domestic,VJ,,
2026-01-16|VJ961/VJ157|A554|ICN-HAN-SGN|16:00,2026-01-16,VJ961/VJ157,A554,A321,ICN-HAN-SGN,14:10,16:00,14:10,16:00,14:20,15:59,16:00,16:10,01:50,01:40,ONTIME,ONTIME,ONTIME,ONTIME,,,,,,,,,HAN,ICN,SGN,Domestic,VJ,,
2026-01-16|VJ933/VJ913|A534|NRT-HAN-SAI|16:20,2026-01-16,VJ933/VJ913,A534,A321,NRT-HAN-SAI,14:00,16:20,14:00,16:20,14:03,16:17,16:18,16:26,02:20,02:15,EARLY,ONTIME,ONTIME,ONTIME,,,,,,,,,HAN,NRT,SAI,International,VJ,,
2026-01-16|VJ462/VJ515|A658|VCA-HAN-DAD|16:25,2026-01-16,VJ462/VJ515,A658,A320,VCA-HAN-DAD,15:40,16:25,15:40,16:25,16:20,16:44,16:45,16:55,00:45,00:25,DELAY,DELAY,DELAY,DELAY,,93,00:20,,,,,,HAN,VCA,DAD,Domestic,VJ,,
2026-01-16|VJ134/VJ163|-MLI|SGN-HAN-SGN|17:20,2026-01-16,VJ134/VJ163,-MLI,A320,SGN-HAN-SGN,16:50,17:20,18:00,18:40,18:32,18:56,18:57,19:02,00:40,00:25,DELAY,DELAY,DELAY,DELAY,,93,00:17,,,,,,HAN,SGN,SGN,Domestic,VJ,,
2026-01-16|VJ446/VJ465|A663|VCA-HAN-VCA|17:25,2026-01-16,VJ446/VJ465,A663,A320,VCA-HAN-VCA,17:40,17:25,17:40,18:20,18:00,18:34,18:35,18:41,00:40,00:35,DELAY,ONTIME,DELAY,DELAY,,93,00:05,66,00:10,,,CREW HN OB 1810,HAN,VCA,VCA,Domestic,VJ,,
2026-01-16|VJ408/VJ445|A662|DLI-HAN-PQC|17:40,2026-01-16,VJ408/VJ445,A662,A320,DLI-HAN-PQC,15:35,17:40,15:35,17:40,15:55,17:39,17:40,17:47,02:05,01:45,ONTIME,ONTIME,ONTIME,DELAY,,,,,,,,,HAN,DLI,PQC,Domestic,VJ,,
2026-01-16|VJ902/VJ147|A698|BKK-HAN-SGN|17:45,2026-01-16,VJ902/VJ147,A698,A321,BKK-HAN-SGN,17:00,17:45,17:00,17:45,17:10,17:44,17:45,17:57,00:45,00:35,ONTIME,ONTIME,ONTIME,ONTIME,,,,,,,,,HAN,BKK,SGN,Domestic,VJ,,
2026-01-16|VJ193|A683|HAN-SGN|18:10,2026-01-16,VJ193,A683,A321,HAN-SGN,,18:10,,20:20,,20:29,20:30,20:38,,,DELAY,ONTIME,DELAY,,,95,00:10,,,,,CREW VJ194 OB 2005,HAN,,SGN,Domestic,VJ,,
2026-01-16|VJ512/VJ779|A657|DAD-HAN-CXR|18:10,2026-01-16,VJ512/VJ779,A657,A321,DAD-HAN-CXR,17:40,18:10,18:30,19:10,18:45,19:14,19:15,19:28,00:40,00:30,DELAY,ONTIME,DELAY,DELAY,,93,00:05,,,,,,HAN,DAD,CXR,Domestic,VJ,,
2026-01-16|VJ900/VJ165|A523|DPS-HAN-SGN|18:30,2026-01-16,VJ900/VJ165,A523,A321,DPS-HAN-SGN,17:20,18:30,17:20,18:30,17:00,18:25,18:28,18:30,01:10,01:28,EARLY,ONTIME,ONTIME,ONTIME,,,,,,,,,HAN,DPS,SGN,Domestic,VJ,,
2026-01-16|VJ957/VJ1925|A676|PUS-HAN-AMD|19:00,2026-01-16,VJ957/VJ1925,A676,A320,PUS-HAN-AMD,17:20,19:00,17:20,19:00,17:00,19:09,19:10,19:15,01:40,02:10,DELAY,ONTIME,ONTIME,ONTIME,,63A,00:10,,,,,CREW SHOW UP LATE OB 1846,HAN,PUS,AMD,International,VJ,,
2026-01-16|VJ1492/VJ517|A632|BMV-HAN-DAD|19:05,2026-01-16,VJ1492/VJ517,A632,A321,BMV-HAN-DAD,18:35,19:05,18:35,19:05,18:40,19:04,19:05,19:17,00:30,00:25,ONTIME,ONTIME,ONTIME,ONTIME,,,,,,,,,HAN,BMV,DAD,Domestic,VJ,,
2026-01-16|VJ947/VJ173|A677|KHH-HAN-SGN|19:05,2026-01-16,VJ947/VJ173,A677,A321,KHH-HAN-SGN,18:05,19:05,18:05,19:05,17:50,19:04,19:05,19:14,01:00,01:15,ONTIME,ONTIME,ONTIME,ONTIME,,,,,,,,,HAN,KHH,SGN,Domestic,VJ,,
2026-01-16|VJ906/VJ907|A546|KUL-HAN-BOM|19:15,2026-01-16,VJ906/VJ907,A546,A321,KUL-HAN-BOM,14:55,19:15,14:55,19:15,14:55,19:14,19:15,19:24,04:20,04:20,ONTIME,ONTIME,ONTIME,ONTIME,,,,,,,,,HAN,KUL,BOM,International,VJ,,
2026-01-16|VJ916/VJ7358|A578|SIN-HAN-HRB|19:25,2026-01-16,VJ916/VJ7358,A578,A321,SIN-HAN-HRB,17:25,19:25,17:25,19:25,17:25,19:24,19:25,19:30,02:00,02:00,ONTIME,ONTIME,ONTIME,ONTIME,,,,,,,,,HAN,SIN,HRB,International,VJ,,
2026-01-16|VJ424/VJ155|A639|PXU-HAN-SGN|20:05,2026-01-16,VJ424/VJ155,A639,A321,PXU-HAN-SGN,19:35,20:05,20:05,20:45,20:00,20:39,20:40,20:45,00:40,00:40,EARLY,ONTIME,DELAY,DELAY,,,,,,,,,HAN,PXU,SGN,Domestic,VJ,,
2026-01-16|VJ928/VJ7712|A668|CGK-HAN-PKX|20:05,2026-01-16,VJ928/VJ7712,A668,A320,CGK-HAN-PKX,18:15,20:05,18:15,20:05,18:05,20:04,20:05,20:08,01:50,02:00,ONTIME,ONTIME,ONTIME,ONTIME,,,,,,,,,HAN,CGK,PKX,International,VJ,,
2026-01-16|VJ194/VJ569|A635|SGN-HAN-HUI|20:15,2026-01-16,VJ194/VJ569,A635,A321,SGN-HAN-HUI,17:30,20:15,19:20,20:15,19:40,20:13,20:14,20:20,00:55,00:34,EARLY,ONTIME,ONTIME,DELAY,,,,,,,,,HAN,SGN,HUI,Domestic,VJ,,
2026-01-16|VJ931/VJ7342|A549|KIX-HAN-XIY|20:20,2026-01-16,VJ931/VJ7342,A549,A321,KIX-HAN-XIY,19:15,20:20,19:15,20:20,18:55,20:06,20:07,20:14,01:05,01:12,EARLY,ONTIME,ONTIME,ONTIME,,,,,,,,,HAN,KIX,XIY,International,VJ,,
2026-01-16|VJ154/VJ521|A656|SGN-HAN-DAD|20:50,2026-01-16,VJ154/VJ521,A656,A320,SGN-HAN-DAD,20:10,20:50,20:35,21:45,21:45,22:19,22:20,22:23,01:10,00:35,DELAY,DELAY,DELAY,DELAY,,93,00:25,66,00:10,,,CREW HN OB 2155,HAN,SGN,DAD,Domestic,VJ,,
2026-01-16|VJ904/VJ501|A525|BKK-HAN-DAD|21:10,2026-01-16,VJ904/VJ501,A525,A321,BKK-HAN-DAD,20:25,21:10,20:25,21:30,21:00,22:04,22:05,22:15,01:05,01:05,DELAY,DELAY,DELAY,DELAY,,93,00:35,,,,,,HAN,BKK,DAD,Domestic,VJ,,
2026-01-16|VJ158/VJ7238|A667|SGN-HAN-PVG|21:30,2026-01-16,VJ158/VJ7238,A667,A321,SGN-HAN-PVG,20:30,21:30,20:30,21:45,21:15,21:48,21:50,21:55,01:15,00:35,DELAY,ONTIME,DELAY,DELAY,,66,00:05,,,,,CREW HN OB 2125,HAN,SGN,PVG,International,VJ,,
2026-01-16|VJ160/VJ161|A653|SGN-HAN-SGN|21:50,2026-01-16,VJ160/VJ161,A653,A321,SGN-HAN-SGN,21:15,21:50,21:15,22:00,21:50,22:19,22:20,22:27,00:45,00:30,DELAY,DELAY,DELAY,DELAY,,93,00:20,,,,,,HAN,SGN,SGN,Domestic,VJ,,
2026-01-16|VJ914/VJ123|A534|SAI-HAN-SGN|22:10,2026-01-16,VJ914/VJ123,A534,A321,SAI-HAN-SGN,20:50,22:10,20:50,22:10,20:36,22:03,22:04,22:07,01:20,01:28,EARLY,ONTIME,ONTIME,ONTIME,,,,,,,,,HAN,SAI,SGN,Domestic,VJ,,
2026-01-16|VJ518/VJ523|A632|DAD-HAN-DAD|22:45,2026-01-16,VJ518/VJ523,A632,A321,DAD-HAN-DAD,22:15,22:45,22:35,23:10,22:45,23:24,23:25,23:30,00:35,00:40,DELAY,ONTIME,DELAY,DELAY,,93,00:05,66,00:10,,,CREW HN OB 2255,HAN,DAD,DAD,Domestic,VJ,,
2026-01-16|VJ949/VJ962|A673|RMQ-HAN-ICN|22:50,2026-01-16,VJ949/VJ962,A673,A321,RMQ-HAN-ICN,19:50,22:50,19:50,22:50,20:00,22:49,22:50,22:54,03:00,02:50,ONTIME,ONTIME,ONTIME,ONTIME,,,,,,,,,HAN,RMQ,ICN,International,VJ,,
2026-01-16|VJ150/VJ171|A820|SGN-HAN-SGN|23:25,2026-01-16,VJ150/VJ171,A820,A321,SGN-HAN-SGN,21:10,23:25,21:10,23:25,21:25,23:19,23:20,23:26,02:15,01:55,EARLY,ONTIME,ONTIME,ONTIME,,,,,,,,,HAN,SGN,SGN,Domestic,VJ,,
2026-01-16|VJ410/VJ7526|A630|DLI-HAN-CAN|23:40,2026-01-16,VJ410/VJ7526,A630,A321,DLI-HAN-CAN,22:50,23:40,22:50,00:40,23:00,00:39,00:40,0:49:00,01:50,01:40,ONTIME,ONTIME,DELAY,ONTIME,,,,,,,,,HAN,DLI,CAN,International,VJ,,
2026-01-17|VJ3523/VJ3523|A550|PQC-HAN-KHV|00:25,2026-01-17,VJ3523/VJ3523,A550,A321,PQC-HAN-KHV,23:55,00:25,23:55,00:25,00:15,00:44,00:45,0:55:00,00:30,00:30,DELAY,DELAY,DELAY,DELAY,,93,00:20,,,,,,HAN,PQC,KHV,International,VJ,,
2026-01-17|VJ932|A500|HAN-NRT|00:55,2026-01-17,VJ932,A500,A321,HAN-NRT,,00:55,,00:55,,00:54,00:55,00:58,,,ONTIME,ONTIME,ONTIME,,,,,,,,,,HAN,,NRT,International,VJ,,
2026-01-17|VJ982|A698|HAN-PUS|01:00,2026-01-17,VJ982,A698,A321,HAN-PUS,,01:00,,01:00,,00:59,01:00,01:10,,,ONTIME,ONTIME,ONTIME,,,,,,,,,,HAN,,PUS,International,VJ,,
2026-01-17|VJ920|A538|HAN-NGO|01:35,2026-01-17,VJ920,A538,A321,HAN-NGO,,01:35,,01:35,,01:19,01:20,01:25,,,EARLY,ONTIME,ONTIME,,,,,,,,,,HAN,,NGO,International,VJ,,
2026-01-17|VJ938|A674|HAN-KIX|01:40,2026-01-17,VJ938,A674,A321,HAN-KIX,,01:40,,01:40,,01:32,01:33,01:34,,,EARLY,ONTIME,ONTIME,,,,,,,,,,HAN,,KIX,International,VJ,,
2026-01-17|VJ960|A536|HAN-ICN|01:45,2026-01-17,VJ960,A536,A321,HAN-ICN,,01:45,,01:45,,01:40,01:42,01:45,,,EARLY,ONTIME,ONTIME,,,,,,,,,,HAN,,ICN,International,VJ,,
2026-01-17|VJ958|A651|HAN-FUK|02:05,2026-01-17,VJ958,A651,A321,HAN-FUK,,02:05,,03:15,,03:14,03:15,03:19,,,ONTIME,ONTIME,DELAY,,,,,,,,,,HAN,,FUK,International,VJ,,
2026-01-17|VJ179|A656|HAN-SGN|05:00,2026-01-17,VJ179,A656,A320,HAN-SGN,,05:00,,05:00,,04:52,04:53,04:54,,,EARLY,ONTIME,ONTIME,,,,,,,,,,HAN,,SGN,Domestic,VJ,,
2026-01-17|VJ185|A643|HAN-SGN|05:10,2026-01-17,VJ185,A643,A321,HAN-SGN,,05:10,,05:10,,05:04,05:05,05:07,,,EARLY,ONTIME,ONTIME,,,,,,,,,,HAN,,SGN,Domestic,VJ,,
2026-01-17|VJ461|A635|HAN-VCA|05:30,2026-01-17,VJ461,A635,A321,HAN-VCA,,05:30,,05:30,,05:24,05:25,05:34,,,EARLY,ONTIME,ONTIME,,,,,,,,,,HAN,,VCA,Domestic,VJ,,
2026-01-17|VJ401|A658|HAN-DLI|05:50,2026-01-17,VJ401,A658,A320,HAN-DLI,,05:50,,05:50,,05:44,05:45,05:56,,,EARLY,ONTIME,ONTIME,,,,,,,,,,HAN,,DLI,Domestic,VJ,,
2026-01-17|VJ491|A539|HAN-BMV|06:00,2026-01-17,VJ491,A539,A321,HAN-BMV,,06:00,,06:00,,05:54,05:55,06:02,,,EARLY,ONTIME,ONTIME,,,,,,,,,,HAN,,BMV,Domestic,VJ,,
2026-01-17|VJ7343/VJ443|A549|XIY-HAN-PQC|06:00,2026-01-17,VJ7343/VJ443,A549,A321,XIY-HAN-PQC,03:10,06:00,03:10,06:00,03:00,06:14,06:15,06:19,02:50,03:15,DELAY,ONTIME,DELAY,ONTIME,,63A,00:15,,,,,FO SHOW UP LATE ONB 0613,HAN,XIY,PQC,Domestic,VJ,,
2026-01-17|VJ7527/VJ421|A630|CAN-HAN-PXU|06:05,2026-01-17,VJ7527/VJ421,A630,A321,CAN-HAN-PXU,05:00,06:05,05:00,06:05,05:05,05:54,05:55,05:59,01:05,00:50,EARLY,ONTIME,ONTIME,ONTIME,,,,,,,,,HAN,CAN,PXU,Domestic,VJ,,
2026-01-17|VJ7713/VJ952|A668|PKX-HAN-HIJ|06:05,2026-01-17,VJ7713/VJ952,A668,A320,PKX-HAN-HIJ,04:10,06:05,04:10,06:05,04:10,05:59,06:00,06:06,01:55,01:50,EARLY,ONTIME,ONTIME,ONTIME,,,,,,,,,HAN,PKX,HIJ,International,VJ,,
2026-01-17|VJ105|652G|HAN-VCS|06:45,2026-01-17,VJ105,652G,C909,HAN-VCS,,06:45,,06:45,,06:39,06:40,06:46,,,EARLY,ONTIME,ONTIME,,,,,,,,,,HAN,,VCS,Domestic,VJ,,
2026-01-17|VJ181|A683|HAN-SGN|07:05,2026-01-17,VJ181,A683,A321,HAN-SGN,,07:05,,07:05,,06:56,06:57,07:03,,,EARLY,ONTIME,ONTIME,,,,,,,,,,HAN,,SGN,Domestic,VJ,,
2026-01-17|VJ905|A523|HAN-KUL|07:10,2026-01-17,VJ905,A523,A321,HAN-KUL,,07:10,,07:10,,07:04,07:05,07:14,,,EARLY,ONTIME,ONTIME,,,,,,,,,,HAN,,KUL,International,VJ,,
2026-01-17|VJ1926/VJ956|A676|AMD-HAN-PUS|07:30,2026-01-17,VJ1926/VJ956,A676,A320,AMD-HAN-PUS,06:20,07:30,06:20,07:30,06:00,07:34,07:35,07:45,01:10,01:35,DELAY,ONTIME,ONTIME,ONTIME,,15A,00:05,,,,,OFFLOAD 1 PAX + 2 BAGS,HAN,AMD,PUS,International,VJ,,
2026-01-17|VJ910/VJ940|A546|BOM-HAN-TPE|07:35,2026-01-17,VJ910/VJ940,A546,A321,BOM-HAN-TPE,06:40,07:35,06:40,07:35,06:45,07:29,07:30,07:42,00:55,00:45,EARLY,ONTIME,ONTIME,ONTIME,,,,,,,,,HAN,BOM,TPE,International,VJ,,
2026-01-17|VJ120/VJ431|A670|SGN-HAN-UIH|08:00,2026-01-17,VJ120/VJ431,A670,A321,SGN-HAN-UIH,07:40,08:00,07:40,08:10,07:45,08:14,08:15,08:26,00:30,00:30,DELAY,ONTIME,DELAY,ONTIME,,93,00:05,,,,,,HAN,SGN,UIH,Domestic,VJ,,
2026-01-17|VJ122/VJ771|A684|SGN-HAN-CXR|08:00,2026-01-17,VJ122/VJ771,A684,A321,SGN-HAN-CXR,07:30,08:00,07:30,08:00,07:25,07:59,08:00,08:11,00:30,00:35,ONTIME,ONTIME,ONTIME,ONTIME,,,,,,,,,HAN,SGN,CXR,Domestic,VJ,,
2026-01-17|VJ107|656E|HAN-VCS|08:15,2026-01-17,VJ107,656E,C909,HAN-VCS,,08:15,,08:15,,08:09,08:10,08:23,,,EARLY,ONTIME,ONTIME,,,,,,,,,,HAN,,VCS,Domestic,VJ,,
2026-01-17|VJ7359/VJ934|A578|HRB-HAN-NRT|08:20,2026-01-17,VJ7359/VJ934,A578,A321,HRB-HAN-NRT,06:15,08:20,06:15,08:20,06:50,08:34,08:35,08:45,02:05,01:45,DELAY,ONTIME,DELAY,DELAY,,87,00:10,99,00:05,,,"STUCK AT IMMI, LATE ACCPET PAX AND BAGS",HAN,HRB,NRT,International,VJ,,
2026-01-17|VJ502/VJ930|A575|DAD-HAN-KIX|08:20,2026-01-17,VJ502/VJ930,A575,A321,DAD-HAN-KIX,07:05,08:20,07:05,08:20,07:03,08:29,08:30,08:35,01:15,01:27,DELAY,ONTIME,ONTIME,ONTIME,,87,00:10,,,,,STUCK AT IMMI,HAN,DAD,KIX,International,VJ,,
2026-01-17|VJ124/VJ125|A820|SGN-HAN-SGN|08:40,2026-01-17,VJ124/VJ125,A820,A321,SGN-HAN-SGN,07:50,08:40,07:50,08:40,07:55,08:59,09:00,09:17,00:50,01:05,DELAY,DELAY,DELAY,ONTIME,,41,00:10,99,00:10,,,"COOLING BRAKES, TECHNICAL CHECK",HAN,SGN,SGN,Domestic,VJ,,
2026-01-17|VJ929|A663|HAN-CGK|09:10,2026-01-17,VJ929,A663,A320,HAN-CGK,,09:10,,09:10,,09:09,09:10,09:25,,,ONTIME,ONTIME,ONTIME,,,,,,,,,,HAN,,CGK,International,VJ,,
2026-01-17|VJ148/VJ149|-NVG|SGN-HAN-SGN|10:05,2026-01-17,VJ148/VJ149,-NVG,A320,SGN-HAN-SGN,09:30,10:05,09:30,10:05,09:45,10:09,10:10,10:43,00:35,00:25,DELAY,ONTIME,DELAY,ONTIME,,93,00:05,,,,,,HAN,SGN,SGN,Domestic,VJ,,
2026-01-17|VJ504/VJ567|A649|DAD-HAN-HUI|10:10,2026-01-17,VJ504/VJ567,A649,A321,DAD-HAN-HUI,09:00,10:10,09:00,10:10,08:50,10:06,10:07,10:11,01:10,01:17,EARLY,ONTIME,ONTIME,ONTIME,,,,,,,,,HAN,DAD,HUI,Domestic,VJ,,
2026-01-17|VJ963/VJ915|A673|ICN-HAN-SIN|10:20,2026-01-17,VJ963/VJ915,A673,A321,ICN-HAN-SIN,09:30,10:20,09:30,10:20,09:25,10:19,10:20,10:22,00:50,00:55,ONTIME,ONTIME,ONTIME,ONTIME,,,,,,,,,HAN,ICN,SIN,International,VJ,,
2026-01-17|VJ422/VJ507|A630|PXU-HAN-DAD|10:30,2026-01-17,VJ422/VJ507,A630,A321,PXU-HAN-DAD,09:40,10:30,09:40,10:30,09:40,10:29,10:30,10:33,00:50,00:50,ONTIME,ONTIME,ONTIME,ONTIME,,,,,,,,,HAN,PXU,DAD,Domestic,VJ,,
2026-01-17|VJ402/VJ403|A658|DLI-HAN-DLI|10:45,2026-01-17,VJ402/VJ403,A658,A320,DLI-HAN-DLI,10:10,10:45,10:10,10:45,10:10,10:44,10:45,11:00,00:35,00:35,ONTIME,ONTIME,ONTIME,ONTIME,,,,,,,,,HAN,DLI,DLI,Domestic,VJ,,
2026-01-17|VJ460/VJ463|A635|VCA-HAN-VCA|10:50,2026-01-17,VJ460/VJ463,A635,A321,VCA-HAN-VCA,10:20,10:50,10:20,10:50,10:30,10:59,11:00,11:05,00:30,00:30,DELAY,ONTIME,ONTIME,ONTIME,,93,00:10,,,,,,HAN,VCA,VCA,Domestic,VJ,,
2026-01-17|VJ492/VJ997|A539|BMV-HAN-DPS|11:00,2026-01-17,VJ492/VJ997,A539,A321,BMV-HAN-DPS,10:00,11:00,10:00,11:00,10:25,11:04,11:05,11:10,01:00,00:40,DELAY,ONTIME,ONTIME,DELAY,,66,00:05,,,,,,HAN,BMV,DPS,International,VJ,,
2026-01-17|VJ136/VJ135|A699|SGN-HAN-SGN|11:10,2026-01-17,VJ136/VJ135,A699,A320,SGN-HAN-SGN,10:40,11:10,10:40,11:10,10:55,11:24,11:25,11:33,00:30,00:30,DELAY,ONTIME,DELAY,ONTIME,,93,00:10,66,00:05,,,,HAN,SGN,SGN,Domestic,VJ,,
2026-01-17|VJ442/VJ946|A549|PQC-HAN-KHH|11:45,2026-01-17,VJ442/VJ946,A549,A321,PQC-HAN-KHH,10:45,11:45,10:45,11:45,10:55,11:44,11:45,11:54,01:00,00:50,ONTIME,ONTIME,ONTIME,ONTIME,,,,,,,,,HAN,PQC,KHH,International,VJ,,
2026-01-17|VJ981/VJ407|A698|PUS-HAN-DLI|11:50,2026-01-17,VJ981/VJ407,A698,A321,PUS-HAN-DLI,11:00,11:50,11:00,11:50,10:50,11:48,11:50,11:57,00:50,01:00,ONTIME,ONTIME,ONTIME,ONTIME,,,,,,,,,HAN,PUS,DLI,Domestic,VJ,,
2026-01-17|VJ7239/VJ137|A667|PVG-HAN-SGN|12:20,2026-01-17,VJ7239/VJ137,A667,A321,PVG-HAN-SGN,07:40,12:20,07:40,12:20,07:58,12:24,12:25,12:35,04:40,04:27,DELAY,ONTIME,ONTIME,DELAY,,99,00:05,,,,,WAITING FOR PILOT IN GD,HAN,PVG,SGN,Domestic,VJ,,
2026-01-17|VJ430/VJ901|A670|UIH-HAN-BKK|12:40,2026-01-17,VJ430/VJ901,A670,A321,UIH-HAN-BKK,11:50,12:40,11:50,13:00,12:20,12:59,13:00,13:10,01:10,00:40,ONTIME,ONTIME,DELAY,DELAY,,,,,,,,,HAN,UIH,BKK,International,VJ,,
2026-01-17|VJ440/VJ441|A662|PQC-HAN-PQC|12:55,2026-01-17,VJ440/VJ441,A662,A320,PQC-HAN-PQC,11:55,12:55,11:55,12:55,12:35,12:59,13:00,13:05,01:00,00:25,DELAY,ONTIME,ONTIME,DELAY,,93,00:05,,,,,,HAN,PQC,PQC,Domestic,VJ,,
2026-01-17|VJ770/VJ513|A684|CXR-HAN-DAD|13:35,2026-01-17,VJ770/VJ513,A684,A321,CXR-HAN-DAD,12:10,13:35,12:10,13:35,12:45,13:34,13:35,13:45,01:25,00:50,ONTIME,ONTIME,ONTIME,DELAY,,,,,,,,,HAN,CXR,DAD,Domestic,VJ,,
2026-01-17|VJ128/VJ143|A683|SGN-HAN-SGN|13:40,2026-01-17,VJ128/VJ143,A683,A321,SGN-HAN-SGN,12:10,13:40,12:10,13:40,12:30,13:39,13:40,13:49,01:30,01:10,ONTIME,ONTIME,ONTIME,DELAY,,,,,,,,,HAN,SGN,SGN,Domestic,VJ,,
2026-01-17|VJ939/VJ948|A674|KIX-HAN-RMQ|13:55,2026-01-17,VJ939/VJ948,A674,A321,KIX-HAN-RMQ,13:05,13:55,13:05,13:55,13:15,13:54,13:55,14:03,00:50,00:40,ONTIME,ONTIME,ONTIME,ONTIME,,,,,,,,,HAN,KIX,RMQ,International,VJ,,
2026-01-17|VJ3524/VJ3524|A550|KHV-HAN-PQC|14:15,2026-01-17,VJ3524/VJ3524,A550,A321,KHV-HAN-PQC,13:45,14:15,13:45,14:45,14:30,14:54,14:55,14:56,01:00,00:25,DELAY,ONTIME,DELAY,DELAY,,93,00:10,,,,,,HAN,KHV,PQC,Domestic,VJ,,
2026-01-17|VJ566/VJ511|A649|HUI-HAN-DAD|14:20,2026-01-17,VJ566/VJ511,A649,A321,HUI-HAN-DAD,13:05,14:20,13:05,14:20,13:10,14:18,14:20,14:20,01:15,01:10,ONTIME,ONTIME,ONTIME,ONTIME,,,,,,,,,HAN,HUI,DAD,Domestic,VJ,,
2026-01-17|VJ508/VJ942|A630|DAD-HAN-TPE|14:25,2026-01-17,VJ508/VJ942,A630,A321,DAD-HAN-TPE,13:40,14:25,13:40,14:55,14:20,15:04,15:05,15:15,01:15,00:45,DELAY,ONTIME,DELAY,DELAY,,66,00:10,,,,,,HAN,DAD,TPE,International,VJ,,
2026-01-17|VJ921/VJ1491|A536|NGO-HAN-BMV|15:00,2026-01-17,VJ921/VJ1491,A536,A321,NGO-HAN-BMV,13:40,15:00,13:40,15:00,13:20,14:55,14:56,14:57,01:20,01:36,EARLY,ONTIME,ONTIME,ONTIME,,,,,,,,,HAN,NGO,BMV,Domestic,VJ,,
2026-01-17|VJ404/VJ433|A658|DLI-HAN-UIH|15:25,2026-01-17,VJ404/VJ433,A658,A320,DLI-HAN-UIH,14:55,15:25,14:55,15:25,15:15,15:39,15:40,15:44,00:30,00:25,DELAY,ONTIME,DELAY,DELAY,,93,00:15,,,,,,HAN,DLI,UIH,Domestic,VJ,,
2026-01-17|VJ144/VJ145|A820|SGN-HAN-SGN|15:35,2026-01-17,VJ144/VJ145,A820,A321,SGN-HAN-SGN,14:10,15:35,14:10,16:30,15:08,16:39,16:40,16:50,02:20,01:32,DELAY,ONTIME,DELAY,DELAY,,61,00:10,,,,,CHANGE FPL,HAN,SGN,SGN,Domestic,VJ,,
2026-01-17|VJ198/VJ199|A656|SGN-HAN-SGN|15:40,2026-01-17,VJ198/VJ199,A656,A320,SGN-HAN-SGN,15:10,15:40,15:10,16:20,16:00,16:19,16:20,16:44,01:10,00:20,ONTIME,ONTIME,DELAY,DELAY,,,,,,,,,HAN,SGN,SGN,Domestic,VJ,,
2026-01-17|VJ933/VJ903|A500|NRT-HAN-BKK|15:50,2026-01-17,VJ933/VJ903,A500,A321,NRT-HAN-BKK,14:00,15:50,14:00,15:50,14:00,15:49,15:50,15:52,01:50,01:50,ONTIME,ONTIME,ONTIME,ONTIME,,,,,,,,,HAN,NRT,BKK,International,VJ,,
2026-01-17|VJ959/VJ423|A651|FUK-HAN-PXU|15:55,2026-01-17,VJ959/VJ423,A651,A321,FUK-HAN-PXU,12:25,15:55,13:30,15:55,13:00,15:54,15:55,16:00,02:25,02:55,ONTIME,ONTIME,ONTIME,DELAY,,,,,,,,,HAN,FUK,PXU,Domestic,VJ,,
2026-01-17|VJ941/VJ195|A546|TPE-HAN-SGN|16:00,2026-01-17,VJ941/VJ195,A546,A321,TPE-HAN-SGN,14:10,16:00,14:10,16:00,14:12,15:59,16:00,16:13,01:50,01:48,ONTIME,ONTIME,ONTIME,ONTIME,,,,,,,,,HAN,TPE,SGN,Domestic,VJ,,
2026-01-17|VJ961/VJ1441|A536|ICN-HAN-PQC|16:10,2026-01-17,VJ961/VJ1441,A536,A321,ICN-HAN-PQC,14:10,16:10,14:10,16:10,14:10,16:19,16:20,16:23,02:00,02:10,DELAY,ONTIME,ONTIME,ONTIME,,99,00:10,,,,,CHANGE FPL,HAN,ICN,PQC,Domestic,VJ,,
2026-01-17|VJ7239/VJ913|A667|PVG-HAN-SAI|16:20,2026-01-17,VJ7239/VJ913,A667,A321,PVG-HAN-SAI,07:40,16:20,07:40,16:20,14:45,16:11,16:12,16:22,08:40,01:27,EARLY,ONTIME,ONTIME,DELAY,,,,,,,,,HAN,PVG,SAI,International,VJ,,
2026-01-17|VJ408/VJ409|A698|DLI-HAN-DLI|16:30,2026-01-17,VJ408/VJ409,A698,A321,DLI-HAN-DLI,16:00,16:30,16:00,17:00,16:45,17:07,17:08,17:09,01:00,00:23,DELAY,ONTIME,DELAY,DELAY,,93,00:08,,,,,,HAN,DLI,DLI,Domestic,VJ,,
2026-01-17|VJ134/VJ163|-MLI|SGN-HAN-SGN|17:20,2026-01-17,VJ134/VJ163,-MLI,A320,SGN-HAN-SGN,16:50,17:20,18:05,18:40,18:05,18:34,18:35,18:40,00:35,00:30,EARLY,ONTIME,DELAY,DELAY,,,,,,,,,HAN,SGN,SGN,Domestic,VJ,,
2026-01-17|VJ514/VJ465|A632|DAD-HAN-VCA|17:25,2026-01-17,VJ514/VJ465,A632,A321,DAD-HAN-VCA,16:45,17:25,16:45,17:40,17:15,17:39,17:40,17:40,00:55,00:25,ONTIME,ONTIME,ONTIME,DELAY,,,,,,,,,HAN,DAD,VCA,Domestic,VJ,,
2026-01-17|VJ953/VJ445|A668|HIJ-HAN-PQC|17:40,2026-01-17,VJ953/VJ445,A668,A320,HIJ-HAN-PQC,15:50,17:40,15:50,18:10,16:20,17:57,17:58,18:08,02:20,01:38,EARLY,ONTIME,DELAY,DELAY,,,,,,,,,HAN,HIJ,PQC,Domestic,VJ,,
2026-01-17|VJ512/VJ779|A649|DAD-HAN-CXR|18:00,2026-01-17,VJ512/VJ779,A649,A321,DAD-HAN-CXR,17:30,18:00,17:30,18:00,17:50,18:19,18:20,18:23,00:30,00:30,DELAY,DELAY,DELAY,DELAY,,93,00:20,,,,,,HAN,DAD,CXR,Domestic,VJ,,
2026-01-17|VJ900/VJ783|A534|CXR-HAN-SGN|18:00,2026-01-17,VJ900/VJ783,A534,A321,CXR-HAN-SGN,17:20,18:00,17:20,18:00,17:00,18:09,18:10,18:17,00:40,01:10,DELAY,ONTIME,DELAY,ONTIME,,66,00:10,,,,,CHANEG CREW OB 1740,HAN,CXR,SGN,Domestic,VJ,,
2026-01-17|VJ784/VJ193|A687|CXR-HAN-SGN|18:10,2026-01-17,VJ784/VJ193,A687,A321,CXR-HAN-SGN,17:10,18:10,17:10,18:10,17:22,18:49,18:50,19:03,01:00,01:28,DELAY,DELAY,DELAY,ONTIME,,95,00:40,,,,,CREW FROM VJ134 OB 1820,HAN,CXR,SGN,Domestic,VJ,,
2026-01-17|VJ902/VJ515|A670|BKK-HAN-DAD|18:10,2026-01-17,VJ902/VJ515,A670,A321,BKK-HAN-DAD,17:20,18:10,17:20,18:50,18:00,19:19,19:20,19:30,01:30,01:20,DELAY,DELAY,DELAY,DELAY,,93,00:30,,,,,LATE ARR/ CREW IMMI,HAN,BKK,DAD,Domestic,VJ,,
2026-01-17|VJ947/VJ165|A549|KHH-HAN-SGN|18:30,2026-01-17,VJ947/VJ165,A549,A321,KHH-HAN-SGN,18:05,18:30,18:05,19:00,17:45,18:54,18:55,19:00,00:55,01:10,EARLY,ONTIME,DELAY,ONTIME,,,,,,,,,HAN,KHH,SGN,Domestic,VJ,,
2026-01-17|VJ446/VJ173|A662|PQC-HAN-SGN|19:05,2026-01-17,VJ446/VJ173,A662,A320,PQC-HAN-SGN,17:35,19:05,17:35,19:05,18:25,19:04,19:05,19:08,01:30,00:40,ONTIME,ONTIME,ONTIME,DELAY,,,,,,,,,HAN,PQC,SGN,Domestic,VJ,,
2026-01-17|VJ144/VJ971|A820|SGN-HAN-DEL|19:10,2026-01-17,VJ144/VJ971,A820,A330,SGN-HAN-DEL,14:25,19:10,14:25,19:10,15:08,19:09,19:10,19:20,04:45,04:02,ONTIME,ONTIME,ONTIME,DELAY,,,,,,,,,HAN,SGN,DEL,International,VJ,,
2026-01-17|VJ194/VJ569|A662|PQC-HAN-HUI|19:15,2026-01-17,VJ194/VJ569,A662,A320,PQC-HAN-HUI,17:35,19:15,17:35,19:15,17:35,19:14,19:15,19:45,01:40,01:40,ONTIME,ONTIME,DELAY,ONTIME,,,,,,,,,HAN,PQC,HUI,Domestic,VJ,,
2026-01-17|VJ916/VJ147|A673|SIN-HAN-SGN|19:20,2026-01-17,VJ916/VJ147,A673,A321,SIN-HAN-SGN,18:20,19:20,18:20,19:20,17:55,19:19,19:20,19:30,01:00,01:25,ONTIME,ONTIME,ONTIME,ONTIME,,,,,,,,,HAN,SIN,SGN,Domestic,VJ,,
2026-01-17|VJ1492/VJ517|A536|BMV-HAN-DAD|19:30,2026-01-17,VJ1492/VJ517,A536,A321,BMV-HAN-DAD,19:00,19:30,19:00,19:30,18:55,19:29,19:30,19:55,00:30,00:35,ONTIME,ONTIME,DELAY,ONTIME,,,,,,,,,HAN,BMV,DAD,Domestic,VJ,,
2026-01-17|VJ957/VJ1925|A676|PUS-HAN-AMD|19:30,2026-01-17,VJ957/VJ1925,A676,A320,PUS-HAN-AMD,17:20,19:30,17:20,19:30,17:20,19:27,19:28,20:00,02:10,02:08,EARLY,ONTIME,DELAY,ONTIME,,,,,,,,,HAN,PUS,AMD,International,VJ,,
2026-01-17|VJ152/VJ519|A683|SGN-HAN-DAD|19:45,2026-01-17,VJ152/VJ519,A683,A321,SGN-HAN-DAD,19:15,19:45,19:15,20:00,19:40,20:14,20:15,20:45,00:45,00:35,DELAY,ONTIME,DELAY,DELAY,,93,00:10,66,00:05,,,LATE ARR/CREW OB 1950,HAN,SGN,DAD,Domestic,VJ,,
2026-01-17|VJ172/VJ177|A641|SGN-HAN-SGN|19:55,2026-01-17,VJ172/VJ177,A641,A321,SGN-HAN-SGN,19:10,19:55,19:10,19:55,19:25,19:54,19:55,20:20,00:45,00:30,ONTIME,ONTIME,DELAY,ONTIME,,,,,,,,,HAN,SGN,SGN,Domestic,VJ,,
2026-01-17|VJ432/VJ155|A658|UIH-HAN-SGN|20:05,2026-01-17,VJ432/VJ155,A658,A320,UIH-HAN-SGN,19:10,20:05,19:10,20:05,19:15,20:04,20:05,20:20,00:55,00:50,ONTIME,ONTIME,ONTIME,ONTIME,,,,,,,,,HAN,UIH,SGN,Domestic,VJ,,
2026-01-17|VJ928/VJ7712|A663|CGK-HAN-PKX|20:05,2026-01-17,VJ928/VJ7712,A663,A320,CGK-HAN-PKX,18:40,20:05,18:40,20:05,18:46,19:45,19:47,20:00,01:25,01:01,EARLY,ONTIME,ONTIME,ONTIME,,,,,,,,,HAN,CGK,PKX,International,VJ,,
2026-01-17|VJ424/VJ501|A651|PXU-HAN-DAD|20:15,2026-01-17,VJ424/VJ501,A651,A321,PXU-HAN-DAD,19:35,20:15,19:35,20:15,19:55,20:24,20:25,20:45,00:40,00:30,DELAY,ONTIME,DELAY,DELAY,,93,00:10,,,,,,HAN,PXU,DAD,Domestic,VJ,,
2026-01-17|VJ904/VJ7306|A500|BKK-HAN-TFU|21:30,2026-01-17,VJ904/VJ7306,A500,A321,BKK-HAN-TFU,20:25,21:30,20:25,21:30,21:00,21:39,21:40,21:49,01:05,00:40,DELAY,ONTIME,DELAY,DELAY,,66,00:10,,,,,CHANGE CREW OB 2120,HAN,BKK,TFU,International,VJ,,
2026-01-17|VJ160/VJ161|A656|SGN-HAN-SGN|21:50,2026-01-17,VJ160/VJ161,A656,A320,SGN-HAN-SGN,21:15,21:50,21:15,21:50,21:30,21:54,21:55,21:58,00:35,00:25,DELAY,ONTIME,ONTIME,ONTIME,,93,00:05,,,,,,HAN,SGN,SGN,Domestic,VJ,,
2026-01-17|VJ914/VJ7238|A523|SAI-HAN-PVG|21:55,2026-01-17,VJ914/VJ7238,A523,A321,SAI-HAN-PVG,20:50,21:55,20:50,21:55,20:30,21:45,21:47,21:47,01:05,01:17,EARLY,ONTIME,ONTIME,ONTIME,,,,,,,,,HAN,SAI,PVG,International,VJ,,
2026-01-17|VJ935/VJ123|A578|NRT-HAN-SGN|22:10,2026-01-17,VJ935/VJ123,A578,A321,NRT-HAN-SGN,20:55,22:10,20:55,22:10,21:35,22:19,22:20,22:25,01:15,00:45,DELAY,ONTIME,ONTIME,DELAY,,95,00:10,,,,,CREW FROM VJ152 OB 2157,HAN,NRT,SGN,Domestic,VJ,,
2026-01-17|VJ568/VJ523|A662|HUI-HAN-DAD|22:45,2026-01-17,VJ568/VJ523,A662,A320,HUI-HAN-DAD,22:15,22:45,22:15,22:45,23:10,23:33,23:35,23:40,00:30,00:25,DELAY,DELAY,DELAY,DELAY,,93,00:50,,,,,,HAN,HUI,DAD,Domestic,VJ,,
2026-01-17|VJ931/VJ962|A575|KIX-HAN-ICN|22:50,2026-01-17,VJ931/VJ962,A575,A321,KIX-HAN-ICN,19:15,22:50,19:15,22:50,19:30,22:49,22:50,22:58,03:35,03:20,ONTIME,ONTIME,ONTIME,ONTIME,,,,,,,,,HAN,KIX,ICN,International,VJ,,
2026-01-17|VJ190/VJ171|A644|SGN-HAN-SGN|23:35,2026-01-17,VJ190/VJ171,A644,A321,SGN-HAN-SGN,23:05,23:35,23:05,23:35,23:20,23:48,23:50,23:52,00:30,00:30,DELAY,ONTIME,DELAY,ONTIME,,93,00:15,,,,,,HAN,SGN,SGN,Domestic,VJ,,
2026-01-17|VJ7526|A635|HAN-CAN|23:40,2026-01-17,VJ7526,A635,A321,HAN-CAN,,23:40,,23:40,,23:39,23:40,23:50,,,ONTIME,ONTIME,ONTIME,,,,,,,,,,HAN,,CAN,International,VJ,,
2026-01-18|VJ932|A817|HAN-NRT|00:55,2026-01-18,VJ932,A817,A330,HAN-NRT,,00:55,,00:55,,01:19,01:20,01:25,,,DELAY,DELAY,DELAY,,,99,00:25,,,,,CAPT RQS MORE FUEL,HAN,,NRT,International,VJ,,
2026-01-18|VJ982|A698|HAN-PUS|01:00,2026-01-18,VJ982,A698,A321,HAN-PUS,,01:00,,01:00,,01:09,01:10,01:20,,,DELAY,ONTIME,DELAY,,,15A,00:10,,,,,"OFFLOAD 02PAX, 07BAGS",HAN,,PUS,International,VJ,,
2026-01-18|VJ7704/VJ7704|A550|CXR-HAN-VVO|01:00,2026-01-18,VJ7704/VJ7704,A550,A321,CXR-HAN-VVO,00:30,01:00,00:30,01:00,01:15,01:44,01:45,02:00,00:30,00:30,DELAY,DELAY,DELAY,DELAY,,93,00:45,,,,,,HAN,CXR,VVO,International,VJ,,
2026-01-18|VJ920|A539|HAN-NGO|01:35,2026-01-18,VJ920,A539,A321,HAN-NGO,,01:35,,01:35,,01:15,01:16,01:22,,,EARLY,ONTIME,ONTIME,,,,,,,,,,HAN,,NGO,International,VJ,,
2026-01-18|VJ938|A674|HAN-KIX|01:40,2026-01-18,VJ938,A674,A321,HAN-KIX,,01:40,,01:40,,01:29,01:30,01:33,,,EARLY,ONTIME,ONTIME,,,,,,,,,,HAN,,KIX,International,VJ,,
2026-01-18|VJ960|A630|HAN-ICN|01:45,2026-01-18,VJ960,A630,A321,HAN-ICN,,01:45,,01:45,,01:39,01:40,01:46,,,EARLY,ONTIME,ONTIME,,,,,,,,,,HAN,,ICN,International,VJ,,
2026-01-18|VJ958|A670|HAN-FUK|02:05,2026-01-18,VJ958,A670,A321,HAN-FUK,,02:05,,02:05,,01:54,01:55,01:57,,,EARLY,ONTIME,ONTIME,,,,,,,,,,HAN,,FUK,International,VJ,,
2026-01-18|VJ7713/VJ461|A663|PKX-HAN-VCA|05:30,2026-01-18,VJ7713/VJ461,A663,A320,PKX-HAN-VCA,04:10,05:30,04:10,05:30,04:00,05:24,05:25,05:30,01:20,01:25,EARLY,ONTIME,ONTIME,ONTIME,,,,,,,,,HAN,PKX,VCA,Domestic,VJ,,
2026-01-18|VJ401|A632|HAN-DLI|06:00,2026-01-18,VJ401,A632,A321,HAN-DLI,,06:00,,06:00,,05:54,05:55,06:05,,,EARLY,ONTIME,ONTIME,,,,,,,,,,HAN,,DLI,Domestic,VJ,,
2026-01-18|VJ443|A535|HAN-PQC|06:00,2026-01-18,VJ443,A535,A321,HAN-PQC,,06:00,,06:00,,05:54,05:55,06:05,,,EARLY,ONTIME,ONTIME,,,,,,,,,,HAN,,PQC,Domestic,VJ,,
2026-01-18|VJ503|A538|HAN-DAD|06:00,2026-01-18,VJ503,A538,A321,HAN-DAD,,06:00,,06:00,,05:54,05:55,06:10,,,EARLY,ONTIME,ONTIME,,,,,,,,,,HAN,,DAD,Domestic,VJ,,
2026-01-18|VJ7527/VJ491|A635|CAN-HAN-BMV|06:00,2026-01-18,VJ7527/VJ491,A635,A321,CAN-HAN-BMV,04:35,06:00,04:35,06:00,04:20,05:54,05:55,06:04,01:25,01:35,EARLY,ONTIME,ONTIME,ONTIME,,,,,,,,,HAN,CAN,BMV,Domestic,VJ,,
2026-01-18|VJ952|A675|HAN-HIJ|06:35,2026-01-18,VJ952,A675,A320,HAN-HIJ,,06:35,,06:35,,06:34,06:35,06:44,,,ONTIME,ONTIME,ONTIME,,,,,,,,,,HAN,,HIJ,International,VJ,,
2026-01-18|VJ7239/VJ181|A523|PVG-HAN-SGN|06:40,2026-01-18,VJ7239/VJ181,A523,A321,PVG-HAN-SGN,05:25,06:40,05:25,06:40,05:40,06:34,06:35,06:40,01:15,00:55,EARLY,ONTIME,ONTIME,ONTIME,,,,,,,,,HAN,PVG,SGN,Domestic,VJ,,
2026-01-18|VJ105|652G|HAN-VCS|06:45,2026-01-18,VJ105,652G,C909,HAN-VCS,,06:45,,06:45,,06:39,06:40,06:46,,,EARLY,ONTIME,ONTIME,,,,,,,,,,HAN,,VCS,Domestic,VJ,,
2026-01-18|VJ431|A658|HAN-UIH|07:10,2026-01-18,VJ431,A658,A320,HAN-UIH,,07:10,,07:10,,07:04,07:05,07:07,,,EARLY,ONTIME,ONTIME,,,,,,,,,,HAN,,UIH,Domestic,VJ,,
2026-01-18|VJ905|A667|HAN-KUL|07:10,2026-01-18,VJ905,A667,A321,HAN-KUL,,07:10,,07:10,,07:09,07:10,07:19,,,ONTIME,ONTIME,ONTIME,,,,,,,,,,HAN,,KUL,International,VJ,,
2026-01-18|VJ940|A536|HAN-TPE|07:35,2026-01-18,VJ940,A536,A321,HAN-TPE,,07:35,,07:35,,07:29,07:30,07:40,,,EARLY,ONTIME,ONTIME,,,,,,,,,,HAN,,TPE,International,VJ,,
2026-01-18|VJ502/VJ771|A634|DAD-HAN-CXR|07:35,2026-01-18,VJ502/VJ771,A634,A321,DAD-HAN-CXR,07:05,07:35,07:05,08:00,07:20,07:51,07:52,07:58,00:55,00:32,EARLY,ONTIME,DELAY,ONTIME,,,,,,,,,HAN,DAD,CXR,Domestic,VJ,,
2026-01-18|VJ1926/VJ956|A676|AMD-HAN-PUS|07:50,2026-01-18,VJ1926/VJ956,A676,A320,AMD-HAN-PUS,06:50,07:50,06:50,07:50,06:25,07:49,07:50,07:55,01:00,01:25,ONTIME,ONTIME,ONTIME,ONTIME,,,,,,,,,HAN,AMD,PUS,International,VJ,,
2026-01-18|VJ930|A537|HAN-KIX|08:20,2026-01-18,VJ930,A537,A321,HAN-KIX,,08:20,,08:20,,08:24,08:25,08:30,,,DELAY,ONTIME,ONTIME,,,15A,00:05,,,,,"OFFLOAD 02PAX, 02BAGS",HAN,,KIX,International,VJ,,
2026-01-18|VJ7307/VJ934|A500|TFU-HAN-NRT|08:20,2026-01-18,VJ7307/VJ934,A500,A321,TFU-HAN-NRT,02:45,08:20,02:45,08:20,02:50,08:19,08:20,08:25,05:35,05:30,ONTIME,ONTIME,ONTIME,ONTIME,,,,,,,,,HAN,TFU,NRT,International,VJ,,
2026-01-18|VJ524/VJ929|A699|DAD-HAN-CGK|08:40,2026-01-18,VJ524/VJ929,A699,A320,DAD-HAN-CGK,07:40,08:40,07:40,08:40,07:40,08:39,08:40,08:46,01:00,01:00,ONTIME,ONTIME,ONTIME,ONTIME,,,,,,,,,HAN,DAD,CGK,International,VJ,,
2026-01-18|VJ122/VJ125|A641|SGN-HAN-SGN|08:40,2026-01-18,VJ122/VJ125,A641,A321,SGN-HAN-SGN,07:30,08:40,07:30,08:40,07:20,08:38,08:40,08:42,01:10,01:20,ONTIME,ONTIME,ONTIME,ONTIME,,,,,,,,,HAN,SGN,SGN,Domestic,VJ,,
2026-01-18|VJ915|A640|HAN-SIN|09:35,2026-01-18,VJ915,A640,A321,HAN-SIN,,09:35,,09:35,,09:24,09:25,09:35,,,EARLY,ONTIME,ONTIME,,,,,,,,,,HAN,,SIN,International,VJ,,
2026-01-18|VJ148/VJ149|-NVG|SGN-HAN-SGN|10:05,2026-01-18,VJ148/VJ149,-NVG,A320,SGN-HAN-SGN,09:30,10:05,09:30,10:05,09:30,10:19,10:20,10:30,00:35,00:50,DELAY,ONTIME,DELAY,ONTIME,,63D,00:15,,,,,LATE BRD BY CREW ( HANDLE LOST PROPERTY),HAN,SGN,SGN,Domestic,VJ,,
2026-01-18|VJ504/VJ567|A538|DAD-HAN-HUI|10:10,2026-01-18,VJ504/VJ567,A538,A321,DAD-HAN-HUI,09:00,10:10,09:00,10:10,09:50,10:14,10:15,10:22,01:10,00:25,DELAY,ONTIME,ONTIME,DELAY,,93,00:05,,,,,,HAN,DAD,HUI,Domestic,VJ,,
2026-01-18|VJ492/VJ507|A635|BMV-HAN-DAD|10:30,2026-01-18,VJ492/VJ507,A635,A321,BMV-HAN-DAD,10:00,10:30,10:00,10:30,10:10,10:39,10:40,10:45,00:30,00:30,DELAY,ONTIME,ONTIME,ONTIME,,93,00:10,,,,,,HAN,BMV,DAD,Domestic,VJ,,
2026-01-18|VJ963/VJ997|A575|ICN-HAN-DPS|10:30,2026-01-18,VJ963/VJ997,A575,A321,ICN-HAN-DPS,09:30,10:30,09:30,10:30,09:40,10:29,10:30,10:35,01:00,00:50,ONTIME,ONTIME,ONTIME,ONTIME,,,,,,,,,HAN,ICN,DPS,International,VJ,,
2026-01-18|VJ402/VJ403|A632|DLI-HAN-DLI|10:45,2026-01-18,VJ402/VJ403,A632,A321,DLI-HAN-DLI,10:10,10:45,10:10,10:45,10:35,11:04,11:05,11:10,00:35,00:30,DELAY,DELAY,DELAY,DELAY,,93,00:25,,,,,,HAN,DLI,DLI,Domestic,VJ,,
2026-01-18|VJ136/VJ463|A669|SGN-HAN-VCA|11:15,2026-01-18,VJ136/VJ463,A669,A320,SGN-HAN-VCA,10:40,11:15,10:40,11:15,10:45,11:14,11:15,11:20,00:35,00:30,ONTIME,ONTIME,ONTIME,ONTIME,,,,,,,,,HAN,SGN,VCA,Domestic,VJ,,
2026-01-18|VJ107|656E|HAN-VCS|11:20,2026-01-18,VJ107,656E,C909,HAN-VCS,,11:20,,11:20,,11:19,11:20,11:40,,,ONTIME,ONTIME,DELAY,,,,,,,,,,HAN,,VCS,Domestic,VJ,,
2026-01-18|VJ430/VJ407|A658|UIH-HAN-DLI|11:25,2026-01-18,VJ430/VJ407,A658,A320,UIH-HAN-DLI,10:55,11:25,10:55,11:25,11:00,11:24,11:25,11:40,00:30,00:25,ONTIME,ONTIME,ONTIME,ONTIME,,,,,,,,,HAN,UIH,DLI,Domestic,VJ,,
2026-01-18|VJ770/VJ129|A634|CXR-HAN-SGN|11:25,2026-01-18,VJ770/VJ129,A634,A321,CXR-HAN-SGN,05:35,11:25,12:10,12:40,12:20,12:58,13:00,13:01,00:30,00:40,DELAY,DELAY,DELAY,DELAY,,93,00:10,66,00:10,,,LATE ARR/CHANGE CREW HN OB 1228,HAN,CXR,SGN,Domestic,VJ,,
2026-01-18|VJ460/VJ135|A663|VCA-HAN-SGN|11:25,2026-01-18,VJ460/VJ135,A663,A320,VCA-HAN-SGN,10:20,11:25,10:20,11:25,10:20,11:24,11:25,11:40,01:05,01:05,ONTIME,ONTIME,ONTIME,ONTIME,,,,,,,,,HAN,VCA,SGN,Domestic,VJ,,
2026-01-18|VJ184/VJ773|A811|SGN-HAN-CXR|11:25,2026-01-18,VJ184/VJ773,A811,A330,SGN-HAN-CXR,10:25,11:25,10:25,11:25,10:20,11:21,11:22,11:30,01:00,01:02,EARLY,ONTIME,ONTIME,ONTIME,,,,,,,,,HAN,SGN,CXR,Domestic,VJ,,
2026-01-18|VJ981/VJ946|A698|PUS-HAN-KHH|12:00,2026-01-18,VJ981/VJ946,A698,A321,PUS-HAN-KHH,11:00,12:00,11:00,12:00,11:05,11:52,11:53,11:56,01:00,00:48,EARLY,ONTIME,ONTIME,ONTIME,,,,,,,,,HAN,PUS,KHH,International,VJ,,
2026-01-18|VJ442/VJ901|A535|PQC-HAN-BKK|12:15,2026-01-18,VJ442/VJ901,A535,A321,PQC-HAN-BKK,10:45,12:15,10:45,12:15,11:05,12:04,12:05,12:08,01:30,01:00,EARLY,ONTIME,ONTIME,DELAY,,,,,,,,,HAN,PQC,BKK,International,VJ,,
2026-01-18|VJ933/VJ781|A817|NRT-HAN-CXR|13:00,2026-01-18,VJ933/VJ781,A817,A321,NRT-HAN-CXR,11:45,13:00,14:00,15:00,14:55,15:39,15:40,15:50,01:00,00:45,DELAY,DELAY,DELAY,DELAY,,93,00:40,,,,,,HAN,NRT,CXR,Domestic,VJ,,
2026-01-18|VJ440/VJ441|A668|PQC-HAN-PQC|13:25,2026-01-18,VJ440/VJ441,A668,A320,PQC-HAN-PQC,12:25,13:25,12:25,13:25,12:50,13:14,13:15,13:25,01:00,00:25,EARLY,ONTIME,ONTIME,DELAY,,,,,,,,,HAN,PQC,PQC,Domestic,VJ,,
2026-01-18|VJ7705/VJ7705|A550|VVO-HAN-CXR|13:30,2026-01-18,VJ7705/VJ7705,A550,A321,VVO-HAN-CXR,13:00,13:30,13:00,14:15,14:33,14:57,14:58,15:08,01:15,00:25,DELAY,DELAY,DELAY,DELAY,,93,00:43,,,,,,HAN,VVO,CXR,Domestic,VJ,,
2026-01-18|VJ566/VJ513|A538|HUI-HAN-DAD|13:35,2026-01-18,VJ566/VJ513,A538,A321,HUI-HAN-DAD,13:05,13:35,13:05,13:35,13:25,13:49,13:50,13:58,00:30,00:25,DELAY,ONTIME,DELAY,DELAY,,93,00:15,,,,,,HAN,HUI,DAD,Domestic,VJ,,
2026-01-18|VJ780/VJ948|A657|CXR-HAN-RMQ|13:35,2026-01-18,VJ780/VJ948,A657,A321,CXR-HAN-RMQ,12:30,13:35,12:30,13:35,12:35,13:27,13:28,13:35,01:05,00:53,EARLY,ONTIME,ONTIME,ONTIME,,,,,,,,,HAN,CXR,RMQ,International,VJ,,
2026-01-18|VJ188/VJ151|-NVE|SGN-HAN-SGN|14:00,2026-01-18,VJ188/VJ151,-NVE,A320,SGN-HAN-SGN,13:25,14:00,13:25,14:00,14:15,14:39,14:40,14:55,00:35,00:25,DELAY,DELAY,DELAY,DELAY,,93,00:40,,,,,,HAN,SGN,SGN,Domestic,VJ,,
2026-01-18|VJ959/VJ511|A670|FUK-HAN-DAD|14:20,2026-01-18,VJ959/VJ511,A670,A321,FUK-HAN-DAD,12:25,14:20,12:25,14:20,11:53,14:14,14:15,14:19,01:55,02:22,EARLY,ONTIME,ONTIME,ONTIME,,,,,,,,,HAN,FUK,DAD,Domestic,VJ,,
2026-01-18|VJ939/VJ942|A674|KIX-HAN-TPE|14:25,2026-01-18,VJ939/VJ942,A674,A321,KIX-HAN-TPE,13:05,14:25,13:05,14:25,12:40,14:24,14:25,14:30,01:20,01:45,ONTIME,ONTIME,ONTIME,ONTIME,,,,,,,,,HAN,KIX,TPE,International,VJ,,
2026-01-18|VJ508/VJ1491|A635|DAD-HAN-BMV|14:35,2026-01-18,VJ508/VJ1491,A635,A321,DAD-HAN-BMV,13:40,14:35,13:40,14:35,14:15,14:43,14:45,14:47,00:55,00:30,DELAY,ONTIME,ONTIME,DELAY,,93,00:10,,,,,,HAN,DAD,BMV,Domestic,VJ,,
2026-01-18|VJ132/VJ137|A639|SGN-HAN-SGN|14:45,2026-01-18,VJ132/VJ137,A639,A321,SGN-HAN-SGN,14:10,14:45,14:10,14:45,14:35,15:04,15:05,15:10,00:35,00:30,DELAY,DELAY,DELAY,DELAY,,93,00:20,,,,,,HAN,SGN,SGN,Domestic,VJ,,
2026-01-18|VJ941/VJ1441|A536|TPE-HAN-PQC|15:30,2026-01-18,VJ941/VJ1441,A536,A321,TPE-HAN-PQC,14:10,15:30,14:10,15:30,14:25,15:27,15:28,15:35,01:20,01:03,EARLY,ONTIME,ONTIME,ONTIME,,,,,,,,,HAN,TPE,PQC,Domestic,VJ,,
2026-01-18|VJ144/VJ145|A546|SGN-HAN-SGN|15:35,2026-01-18,VJ144/VJ145,A546,A321,SGN-HAN-SGN,14:25,15:35,14:25,16:30,16:10,16:44,16:45,16:58,02:05,00:35,DELAY,ONTIME,DELAY,DELAY,,93,00:15,,,,,,HAN,SGN,SGN,Domestic,VJ,,
2026-01-18|VJ199|A820|NRT-HAN-SGN|15:35,2026-01-18,VJ199,A820,A330,NRT-HAN-SGN,,15:35,,15:35,,15:34,15:35,15:40,,,ONTIME,ONTIME,ONTIME,,,,,,,,,,HAN,NRT,SGN,Domestic,VJ,,
2026-01-18|VJ921/VJ903|A539|NGO-HAN-BKK|15:50,2026-01-18,VJ921/VJ903,A539,A321,NGO-HAN-BKK,13:40,15:50,13:40,15:50,13:15,15:39,15:40,15:45,02:10,02:25,EARLY,ONTIME,ONTIME,ONTIME,,,,,,,,,HAN,NGO,BKK,International,VJ,,
2026-01-18|VJ961/VJ191|A630|ICN-HAN-SGN|15:55,2026-01-18,VJ961/VJ191,A630,A321,ICN-HAN-SGN,14:10,15:55,14:10,15:55,13:40,15:52,15:53,15:56,01:45,02:13,EARLY,ONTIME,ONTIME,ONTIME,,,,,,,,,HAN,ICN,SGN,Domestic,VJ,,
2026-01-18|VJ404/VJ423|A632|DLI-HAN-PXU|15:55,2026-01-18,VJ404/VJ423,A632,A321,DLI-HAN-PXU,14:55,15:55,14:55,15:55,15:30,15:54,15:55,16:05,01:00,00:25,ONTIME,ONTIME,ONTIME,DELAY,,,,,,,,,HAN,DLI,PXU,Domestic,VJ,,
2026-01-18|VJ408/VJ409|A658|DLI-HAN-DLI|16:05,2026-01-18,VJ408/VJ409,A658,A320,DLI-HAN-DLI,15:35,16:05,15:35,16:20,15:55,16:19,16:20,16:28,00:45,00:25,ONTIME,ONTIME,DELAY,DELAY,,,,,,,,,HAN,DLI,DLI,Domestic,VJ,,
2026-01-18|VJ906/VJ913|A667|KUL-HAN-SAI|16:20,2026-01-18,VJ906/VJ913,A667,A321,KUL-HAN-SAI,14:55,16:20,14:55,16:20,14:45,16:09,16:10,16:15,01:25,01:25,EARLY,ONTIME,ONTIME,ONTIME,,,,,,,,,HAN,KUL,SAI,International,VJ,,
2026-01-18|VJ462/VJ515|A669|VCA-HAN-DAD|16:50,2026-01-18,VJ462/VJ515,A669,A320,VCA-HAN-DAD,16:05,16:50,16:05,16:50,16:38,16:49,16:50,16:59,00:45,00:12,ONTIME,ONTIME,ONTIME,DELAY,,,,,,,,,HAN,VCA,DAD,Domestic,VJ,,
2026-01-18|VJ514/VJ465|A538|DAD-HAN-VCA|17:25,2026-01-18,VJ514/VJ465,A538,A321,DAD-HAN-VCA,16:45,17:25,16:45,17:25,17:20,17:45,17:47,17:50,00:40,00:27,DELAY,DELAY,DELAY,DELAY,,93,00:22,,,,,,HAN,DAD,VCA,Domestic,VJ,,
2026-01-18|VJ953/VJ445|A675|HIJ-HAN-PQC|17:40,2026-01-18,VJ953/VJ445,A675,A320,HIJ-HAN-PQC,16:20,17:40,16:20,17:40,16:28,17:29,17:30,17:51,01:20,01:02,EARLY,ONTIME,ONTIME,ONTIME,,,,,,,,,HAN,HIJ,PQC,Domestic,VJ,,
2026-01-18|VJ172/VJ177|A820|SGN-HAN-SGN|17:45,2026-01-18,VJ172/VJ177,A820,A321,SGN-HAN-SGN,16:45,17:45,18:20,19:20,18:50,19:34,19:35,19:44,01:00,00:45,DELAY,ONTIME,DELAY,DELAY,,93,00:15,,,,,,HAN,SGN,SGN,Domestic,VJ,,
2026-01-18|VJ512/VJ779|A670|DAD-HAN-CXR|18:00,2026-01-18,VJ512/VJ779,A670,A321,DAD-HAN-CXR,17:30,18:00,17:30,18:00,17:50,18:19,18:20,18:35,00:30,00:30,DELAY,DELAY,DELAY,DELAY,,93,00:20,,,,,,HAN,DAD,CXR,Domestic,VJ,,
2026-01-18|VJ194/VJ193|A653|SGN-HAN-SGN|18:10,2026-01-18,VJ194/VJ193,A653,A321,SGN-HAN-SGN,17:30,18:10,19:55,21:20,20:55,21:19,21:20,21:25,01:25,00:25,ONTIME,ONTIME,DELAY,DELAY,,,,,,,,,HAN,SGN,SGN,Domestic,VJ,,
2026-01-18|VJ446/VJ147|A656|PQC-HAN-SGN|18:10,2026-01-18,VJ446/VJ147,A656,A320,PQC-HAN-SGN,17:10,18:10,17:10,18:10,17:45,18:09,18:10,18:17,01:00,00:25,ONTIME,ONTIME,ONTIME,DELAY,,,,,,,,,HAN,PQC,SGN,Domestic,VJ,,
2026-01-18|VJ134/VJ163|-MLN|SGN-HAN-SGN|18:20,2026-01-18,VJ134/VJ163,-MLN,A320,SGN-HAN-SGN,17:40,18:20,17:40,19:20,19:10,19:34,19:35,19:40,01:40,00:25,DELAY,ONTIME,DELAY,DELAY,,93,00:15,,,,,,HAN,SGN,SGN,Domestic,VJ,,
2026-01-18|VJ902/VJ493|A535|BKK-HAN-BMV|18:25,2026-01-18,VJ902/VJ493,A535,A321,BKK-HAN-BMV,17:00,18:25,17:00,18:25,17:22,18:21,18:22,18:25,01:25,01:00,EARLY,ONTIME,ONTIME,DELAY,,,,,,,,,HAN,BKK,BMV,Domestic,VJ,,
2026-01-18|VJ916/VJ165|A640|SIN-HAN-SGN|18:30,2026-01-18,VJ916/VJ165,A640,A321,SIN-HAN-SGN,17:25,18:30,17:25,18:30,16:30,18:26,18:27,18:37,01:05,01:57,EARLY,ONTIME,ONTIME,ONTIME,,,,,,,,,HAN,SIN,SGN,Domestic,VJ,,
2026-01-18|VJ957/VJ1925|A676|PUS-HAN-AMD|19:00,2026-01-18,VJ957/VJ1925,A676,A320,PUS-HAN-AMD,17:40,19:00,17:40,19:00,17:30,19:09,19:10,19:15,01:20,01:40,DELAY,ONTIME,ONTIME,ONTIME,,99,00:10,,,,,SUPPORT TRANSIT PAX FROM VJ900,HAN,PUS,AMD,International,VJ,,
2026-01-18|VJ1492/VJ517|A635|BMV-HAN-DAD|19:05,2026-01-18,VJ1492/VJ517,A635,A321,BMV-HAN-DAD,18:35,19:05,18:35,19:05,18:55,19:24,19:25,19:45,00:30,00:30,DELAY,DELAY,DELAY,DELAY,,93,00:15,99,00:05,,,LATE ACCPET 5 PAX AND 1 PCS BAG,HAN,BMV,DAD,Domestic,VJ,,
2026-01-18|VJ900/VJ173|A522|DPS-HAN-SGN|19:05,2026-01-18,VJ900/VJ173,A522,A321,DPS-HAN-SGN,18:00,19:05,18:00,19:05,18:05,19:04,19:05,19:10,01:05,01:00,ONTIME,ONTIME,ONTIME,ONTIME,,,,,,,,,HAN,DPS,SGN,Domestic,VJ,,
2026-01-18|VJ928/VJ569|A699|CGK-HAN-HUI|19:15,2026-01-18,VJ928/VJ569,A699,A320,CGK-HAN-HUI,18:15,19:15,18:15,19:15,18:25,19:09,19:10,19:30,01:00,00:45,EARLY,ONTIME,ONTIME,ONTIME,,,,,,,,,HAN,CGK,HUI,Domestic,VJ,,
2026-01-18|VJ152/VJ519|A545|SGN-HAN-DAD|19:45,2026-01-18,VJ152/VJ519,A545,A321,SGN-HAN-DAD,19:15,19:45,19:15,19:45,19:25,19:59,20:00,20:30,00:30,00:35,DELAY,ONTIME,DELAY,ONTIME,,93,00:10,66,00:05,,,,HAN,SGN,DAD,Domestic,VJ,,
2026-01-18|VJ931/VJ7712|A537|KIX-HAN-PKX|20:05,2026-01-18,VJ931/VJ7712,A537,A321,KIX-HAN-PKX,19:15,20:05,19:15,20:05,18:50,20:01,20:02,20:32,00:50,01:12,EARLY,ONTIME,DELAY,ONTIME,,,,,,,,,HAN,KIX,PKX,International,VJ,,
2026-01-18|VJ516/VJ155|A669|DAD-HAN-SGN|20:35,2026-01-18,VJ516/VJ155,A669,A320,DAD-HAN-SGN,20:00,20:35,20:00,20:50,20:15,20:49,20:50,21:13,00:50,00:35,ONTIME,ONTIME,DELAY,ONTIME,,,,,,,,,HAN,DAD,SGN,Domestic,VJ,,
2026-01-18|VJ904/VJ521|A539|BKK-HAN-DAD|21:25,2026-01-18,VJ904/VJ521,A539,A321,BKK-HAN-DAD,20:25,21:25,20:25,21:25,20:30,21:39,21:40,21:53,01:00,01:10,DELAY,ONTIME,DELAY,ONTIME,,95,00:15,,,,,CHANGE CREW FRVJ410,HAN,BKK,DAD,Domestic,VJ,,
2026-01-18|VJ410/VJ7238|A658|DLI-HAN-PVG|21:30,2026-01-18,VJ410/VJ7238,A658,A320,DLI-HAN-PVG,20:15,21:30,20:15,21:30,21:10,21:44,21:45,21:51,01:15,00:35,DELAY,ONTIME,DELAY,DELAY,,93,00:05,66,00:10,,,,HAN,DLI,PVG,International,VJ,,
2026-01-18|VJ914/VJ501|A667|SAI-HAN-DAD|22:05,2026-01-18,VJ914/VJ501,A667,A321,SAI-HAN-DAD,20:50,22:05,20:50,22:05,20:35,22:02,22:03,22:05,01:15,01:28,EARLY,ONTIME,ONTIME,ONTIME,,,,,,,,,HAN,SAI,DAD,Domestic,VJ,,
2026-01-18|VJ166/VJ123|A645|SGN-HAN-SGN|22:10,2026-01-18,VJ166/VJ123,A645,A321,SGN-HAN-SGN,21:00,22:10,21:00,22:10,21:15,22:04,22:05,22:09,01:10,00:50,EARLY,ONTIME,ONTIME,ONTIME,,,,,,,,,HAN,SGN,SGN,Domestic,VJ,,
2026-01-18|VJ568/VJ523|A699|HUI-HAN-DAD|22:45,2026-01-18,VJ568/VJ523,A699,A320,HUI-HAN-DAD,22:15,22:45,22:15,23:10,22:45,23:09,23:10,23:19,00:55,00:25,ONTIME,ONTIME,DELAY,DELAY,,,,,,,,,HAN,HUI,DAD,Domestic,VJ,,
2026-01-18|VJ935/VJ962|A500|NRT-HAN-ICN|22:50,2026-01-18,VJ935/VJ962,A500,A321,NRT-HAN-ICN,20:55,22:50,20:55,22:50,20:21,22:49,22:50,22:56,01:55,02:29,ONTIME,ONTIME,ONTIME,ONTIME,,,,,,,,,HAN,NRT,ICN,International,VJ,,
2026-01-18|VJ520/VJ159|A545|DAD-HAN-SGN|23:40,2026-01-18,VJ520/VJ159,A545,A321,DAD-HAN-SGN,22:55,23:40,22:55,00:25,23:40,00:18,00:20,00:25,01:30,00:40,EARLY,ONTIME,DELAY,DELAY,,,,,,,,,HAN,DAD,SGN,Domestic,VJ,,
2026-01-18|VJ518/VJ7526|A635|DAD-HAN-CAN|23:40,2026-01-18,VJ518/VJ7526,A635,A321,DAD-HAN-CAN,22:15,23:40,22:15,23:40,23:13,23:49,23:50,23:53,01:25,00:37,DELAY,ONTIME,ONTIME,DELAY,,93,00:03,66,00:07,,,,HAN,DAD,CAN,International,VJ,,
2026-01-18|VJ158/VJ187|A641|SGN-HAN-SGN|00:10,2026-01-18,VJ158/VJ187,A641,A321,SGN-HAN-SGN,23:35,00:10,23:35,00:10,23:55,00:24,00:25,00:39,00:35,00:30,DELAY,ONTIME,DELAY,DELAY,,93,00:15,,,,,,HAN,SGN,SGN,Domestic,VJ,,
2026-01-19|VJ932|A812|HAN-NRT|00:55,2026-01-19,VJ932,A812,A330,HAN-NRT,,00:55,,00:55,,00:59,01:00,01:10,,,DELAY,ONTIME,ONTIME,,,99,00:05,,,,,OFFLOAD 1 BAG,HAN,,NRT,International,VJ,,
2026-01-19|VJ982|A698|HAN-PUS|01:00,2026-01-19,VJ982,A698,A321,HAN-PUS,,01:00,,01:00,,00:59,01:00,01:01,,,ONTIME,ONTIME,ONTIME,,,,,,,,,,HAN,,PUS,International,VJ,,
2026-01-19|VJ920|A674|HAN-NGO|01:35,2026-01-19,VJ920,A674,A321,HAN-NGO,,01:35,,01:35,,01:24,01:25,01:30,,,EARLY,ONTIME,ONTIME,,,,,,,,,,HAN,,NGO,International,VJ,,
2026-01-19|VJ522/VJ938|A539|DAD-HAN-KIX|01:40,2026-01-19,VJ522/VJ938,A539,A321,DAD-HAN-KIX,00:35,01:40,00:35,01:40,01:10,01:49,01:50,01:54,01:05,00:40,DELAY,ONTIME,ONTIME,DELAY,,66,00:10,,,,,,HAN,DAD,KIX,International,VJ,,
2026-01-19|VJ960|A575|HAN-ICN|01:45,2026-01-19,VJ960,A575,A321,HAN-ICN,,01:45,,01:45,,01:26,01:27,01:40,,,EARLY,ONTIME,ONTIME,,,,,,,,,,HAN,,ICN,International,VJ,,
2026-01-19|VJ7614/VJ7614|A550|CXR-HAN-BQS|04:40,2026-01-19,VJ7614/VJ7614,A550,A321,CXR-HAN-BQS,04:10,04:40,04:10,04:40,04:12,04:38,04:40,04:42,00:30,00:28,ONTIME,ONTIME,ONTIME,ONTIME,,,,,,,,,HAN,CXR,BQS,International,VJ,,
2026-01-19|VJ185|A632|HAN-SGN|05:10,2026-01-19,VJ185,A632,A321,HAN-SGN,,05:10,,05:10,,05:04,05:05,05:15,,,EARLY,ONTIME,ONTIME,,,,,,,,,,HAN,,SGN,Domestic,VJ,,
2026-01-19|VJ461|A656|HAN-VCA|05:30,2026-01-19,VJ461,A656,A320,HAN-VCA,,05:30,,05:30,,05:23,05:25,05:27,,,EARLY,ONTIME,ONTIME,,,,,,,,,,HAN,,VCA,Domestic,VJ,,
2026-01-19|VJ443|A534|HAN-PQC|06:00,2026-01-19,VJ443,A534,A321,HAN-PQC,,06:00,,06:00,,05:54,05:55,06:05,,,EARLY,ONTIME,ONTIME,,,,,,,,,,HAN,,PQC,Domestic,VJ,,
2026-01-19|VJ401|A655|HAN-DLI|06:00,2026-01-19,VJ401,A655,A320,HAN-DLI,,06:00,,06:00,,05:54,05:55,06:02,,,EARLY,ONTIME,ONTIME,,,,,,,,,,HAN,,DLI,Domestic,VJ,,
2026-01-19|VJ503|A538|HAN-DAD|06:00,2026-01-19,VJ503,A538,A321,HAN-DAD,,06:00,,06:00,,05:54,05:55,06:10,,,EARLY,ONTIME,ONTIME,,,,,,,,,,HAN,,DAD,Domestic,VJ,,
2026-01-19|VJ491|A535|HAN-BMV|06:00,2026-01-19,VJ491,A535,A321,HAN-BMV,,06:00,,06:00,,05:52,05:54,05:55,,,EARLY,ONTIME,ONTIME,,,,,,,,,,HAN,,BMV,Domestic,VJ,,
2026-01-19|VJ7527/VJ421|A635|CAN-HAN-PXU|06:05,2026-01-19,VJ7527/VJ421,A635,A321,CAN-HAN-PXU,04:35,06:05,04:35,06:05,04:40,05:59,06:00,06:10,01:30,01:20,EARLY,ONTIME,ONTIME,ONTIME,,,,,,,,,HAN,CAN,PXU,Domestic,VJ,,
2026-01-19|VJ181|A645|HAN-SGN|06:40,2026-01-19,VJ181,A645,A321,HAN-SGN,,06:40,,06:40,,06:34,06:35,06:50,,,EARLY,ONTIME,ONTIME,,,,,,,,,,HAN,,SGN,Domestic,VJ,,
2026-01-19|VJ105|652G|HAN-VCS|06:45,2026-01-19,VJ105,652G,C909,HAN-VCS,,06:45,,06:45,,06:33,06:35,06:36,,,EARLY,ONTIME,ONTIME,,,,,,,,,,HAN,,VCS,Domestic,VJ,,
2026-01-19|VJ431|A672|HAN-UIH|07:10,2026-01-19,VJ431,A672,A320,HAN-UIH,,07:10,,07:10,,07:04,07:05,07:13,,,EARLY,ONTIME,ONTIME,,,,,,,,,,HAN,,UIH,Domestic,VJ,,
2026-01-19|VJ7713/VJ905|A537|PKX-HAN-KUL|07:10,2026-01-19,VJ7713/VJ905,A537,A321,PKX-HAN-KUL,04:30,07:10,04:30,07:10,04:45,07:09,07:10,07:15,02:40,02:25,ONTIME,ONTIME,ONTIME,ONTIME,,,,,,,,,HAN,PKX,KUL,International,VJ,,
2026-01-19|VJ7239/VJ956|A658|PVG-HAN-PUS|07:30,2026-01-19,VJ7239/VJ956,A658,A320,PVG-HAN-PUS,05:15,07:30,05:15,07:30,05:42,07:24,07:25,07:38,02:15,01:43,EARLY,ONTIME,ONTIME,DELAY,,,,,,,,,HAN,PVG,PUS,International,VJ,,
2026-01-19|VJ940|A544|HAN-TPE|07:35,2026-01-19,VJ940,A544,A321,HAN-TPE,,07:35,,07:35,,07:29,07:30,07:38,,,EARLY,ONTIME,ONTIME,,,,,,,,,,HAN,,TPE,International,VJ,,
2026-01-19|VJ502/VJ771|A683|DAD-HAN-CXR|07:35,2026-01-19,VJ502/VJ771,A683,A321,DAD-HAN-CXR,07:05,07:35,07:05,07:35,07:00,07:26,07:30,07:35,00:30,00:30,EARLY,ONTIME,ONTIME,ONTIME,,,,,,,,,HAN,DAD,CXR,Domestic,VJ,,
2026-01-19|VJ107|656E|HAN-VCS|08:15,2026-01-19,VJ107,656E,C909,HAN-VCS,,08:15,,08:15,,08:09,08:10,08:20,,,EARLY,ONTIME,ONTIME,,,,,,,,,,HAN,,VCS,Domestic,VJ,,
2026-01-19|VJ930|A554|HAN-KIX|08:20,2026-01-19,VJ930,A554,A321,HAN-KIX,,08:20,,08:20,,08:17,08:18,08:30,,,EARLY,ONTIME,ONTIME,,,,,,,,,,HAN,,KIX,International,VJ,,
2026-01-19|VJ934|A578|HAN-NRT|08:30,2026-01-19,VJ934,A578,A321,HAN-NRT,,08:30,,08:30,,08:22,08:23,08:28,,,EARLY,ONTIME,ONTIME,,,,,,,,,,HAN,,NRT,International,VJ,,
2026-01-19|VJ1926/VJ929|A676|AMD-HAN-CGK|08:40,2026-01-19,VJ1926/VJ929,A676,A320,AMD-HAN-CGK,06:20,08:40,06:20,08:40,05:45,08:39,08:40,08:50,02:20,02:55,ONTIME,ONTIME,ONTIME,ONTIME,,,,,,,,,HAN,AMD,CGK,International,VJ,,
2026-01-19|VJ124/VJ125|A634|SGN-HAN-SGN|08:40,2026-01-19,VJ124/VJ125,A634,A321,SGN-HAN-SGN,07:50,08:40,07:50,08:40,07:35,08:36,08:37,08:42,00:50,01:02,EARLY,ONTIME,ONTIME,ONTIME,,,,,,,,,HAN,SGN,SGN,Domestic,VJ,,
2026-01-19|VJ126/VJ127|A647|SGN-HAN-SGN|09:20,2026-01-19,VJ126/VJ127,A647,A321,SGN-HAN-SGN,08:50,09:20,08:50,09:20,08:50,09:19,09:20,09:25,00:30,00:30,ONTIME,ONTIME,ONTIME,ONTIME,,,,,,,,,HAN,SGN,SGN,Domestic,VJ,,
2026-01-19|VJ176/VJ527|A542|SGN-HAN-DAD|09:35,2026-01-19,VJ176/VJ527,A542,A321,SGN-HAN-DAD,09:00,09:35,09:00,09:35,09:15,09:49,09:50,09:57,00:35,00:35,DELAY,ONTIME,DELAY,ONTIME,,93,00:10,66,00:05,,,CREW OB 0924,HAN,SGN,DAD,Domestic,VJ,,
2026-01-19|VJ915|A629|HAN-SIN|09:35,2026-01-19,VJ915,A629,A321,HAN-SIN,,09:35,,09:35,,09:24,09:25,09:32,,,EARLY,ONTIME,ONTIME,,,,,,,,,,HAN,,SIN,International,VJ,,
2026-01-19|VJ963/VJ997|A500|ICN-HAN-DPS|10:00,2026-01-19,VJ963/VJ997,A500,A321,ICN-HAN-DPS,09:30,10:00,09:30,10:00,09:15,10:19,10:20,10:30,00:30,01:05,DELAY,DELAY,DELAY,ONTIME,,63A,00:20,,,,,CREW SHOW UP LATE OB 0950,HAN,ICN,DPS,International,VJ,,
2026-01-19|VJ148/VJ149|-MLI|SGN-HAN-SGN|10:05,2026-01-19,VJ148/VJ149,-MLI,A320,SGN-HAN-SGN,09:30,10:05,09:30,10:05,09:50,10:13,10:15,10:20,00:35,00:25,DELAY,ONTIME,ONTIME,DELAY,,93,00:10,,,,,,HAN,SGN,SGN,Domestic,VJ,,
2026-01-19|VJ422/VJ567|A635|PXU-HAN-HUI|10:10,2026-01-19,VJ422/VJ567,A635,A321,PXU-HAN-HUI,09:40,10:10,09:40,10:10,10:00,10:24,10:25,10:25,00:30,00:25,DELAY,ONTIME,ONTIME,DELAY,,93,00:15,,,,,,HAN,PXU,HUI,Domestic,VJ,,
2026-01-19|VJ492/VJ507|A535|BMV-HAN-DAD|10:30,2026-01-19,VJ492/VJ507,A535,A321,BMV-HAN-DAD,10:00,10:30,10:00,10:30,09:55,10:29,10:30,10:37,00:30,00:35,ONTIME,ONTIME,ONTIME,ONTIME,,,,,,,,,HAN,BMV,DAD,Domestic,VJ,,
2026-01-19|VJ524/VJ775|A699|DAD-HAN-CXR|10:40,2026-01-19,VJ524/VJ775,A699,A320,DAD-HAN-CXR,07:50,10:40,07:50,10:40,07:43,10:38,10:39,10:43,02:50,02:56,EARLY,ONTIME,ONTIME,ONTIME,,,,,,,,,HAN,DAD,CXR,Domestic,VJ,,
2026-01-19|VJ402/VJ403|A655|DLI-HAN-DLI|10:45,2026-01-19,VJ402/VJ403,A655,A320,DLI-HAN-DLI,10:10,10:45,10:10,10:45,10:30,10:56,10:57,10:58,00:35,00:27,DELAY,ONTIME,ONTIME,DELAY,,93,00:06,66,00:06,,,CREW OB 1033,HAN,DLI,DLI,Domestic,VJ,,
2026-01-19|VJ460/VJ463|A656|VCA-HAN-VCA|10:50,2026-01-19,VJ460/VJ463,A656,A320,VCA-HAN-VCA,10:20,10:50,10:20,10:50,10:30,11:04,11:05,11:05,00:30,00:35,DELAY,ONTIME,ONTIME,ONTIME,,93,00:05,66,00:10,,,CREW OB 1040,HAN,VCA,VCA,Domestic,VJ,,
2026-01-19|VJ430/VJ407|A672|UIH-HAN-DLI|11:25,2026-01-19,VJ430/VJ407,A672,A320,UIH-HAN-DLI,10:55,11:25,10:55,11:25,10:55,11:19,11:20,11:23,00:30,00:25,EARLY,ONTIME,ONTIME,ONTIME,,,,,,,,,HAN,UIH,DLI,Domestic,VJ,,
2026-01-19|VJ129|A815|HAN-SGN|11:25,2026-01-19,VJ129,A815,A330,HAN-SGN,,11:25,,11:25,,11:39,11:40,11:40,,,DELAY,ONTIME,ONTIME,,,95,00:15,,,,,WAIT CREW VJ184 OB 1100,HAN,,SGN,Domestic,VJ,,
2026-01-19|VJ442/VJ946|A534|PQC-HAN-KHH|11:45,2026-01-19,VJ442/VJ946,A534,A321,PQC-HAN-KHH,10:45,11:45,10:45,11:45,11:00,11:44,11:45,11:54,01:00,00:45,ONTIME,ONTIME,ONTIME,ONTIME,,,,,,,,,HAN,PQC,KHH,International,VJ,,
2026-01-19|VJ132/VJ137|A630|SGN-HAN-SGN|12:10,2026-01-19,VJ132/VJ137,A630,A321,SGN-HAN-SGN,11:40,12:10,11:40,12:10,11:45,12:14,12:15,12:23,00:30,00:30,DELAY,ONTIME,ONTIME,ONTIME,,93,00:05,,,,,,HAN,SGN,SGN,Domestic,VJ,,
2026-01-19|VJ981/VJ901|A698|PUS-HAN-BKK|12:15,2026-01-19,VJ981/VJ901,A698,A321,PUS-HAN-BKK,11:00,12:15,11:00,12:15,11:00,12:04,12:05,12:07,01:15,01:05,EARLY,ONTIME,ONTIME,ONTIME,,,,,,,,,HAN,PUS,BKK,International,VJ,,
2026-01-19|VJ770/VJ441|A683|CXR-HAN-PQC|12:25,2026-01-19,VJ770/VJ441,A683,A321,CXR-HAN-PQC,11:45,12:25,11:45,12:25,12:05,12:34,12:35,12:49,00:40,00:30,DELAY,ONTIME,DELAY,DELAY,,93,00:10,,,,,,HAN,CXR,PQC,Domestic,VJ,,
2026-01-19|VJ504/VJ7048|A538|DAD-HAN-SJW|12:50,2026-01-19,VJ504/VJ7048,A538,A321,DAD-HAN-SJW,09:00,12:50,09:00,12:50,09:35,12:40,12:41,12:58,03:50,03:06,EARLY,ONTIME,ONTIME,DELAY,,,,,,,,,HAN,DAD,SJW,International,VJ,,
2026-01-19|VJ528/VJ513|A542|DAD-HAN-DAD|13:35,2026-01-19,VJ528/VJ513,A542,A321,DAD-HAN-DAD,12:45,13:35,12:45,13:35,13:25,13:54,13:55,14:05,00:50,00:30,DELAY,DELAY,DELAY,DELAY,,93,00:20,,,,,,HAN,DAD,DAD,Domestic,VJ,,
2026-01-19|VJ188/VJ151|-NVE|SGN-HAN-SGN|14:00,2026-01-19,VJ188/VJ151,-NVE,A320,SGN-HAN-SGN,13:25,14:00,13:25,14:00,15:30,15:54,15:55,16:10,00:35,00:25,DELAY,DELAY,DELAY,DELAY,,93,01:55,,,,,,HAN,SGN,SGN,Domestic,VJ,,
2026-01-19|VJ939/VJ948|A539|KIX-HAN-RMQ|14:05,2026-01-19,VJ939/VJ948,A539,A321,KIX-HAN-RMQ,13:05,14:05,13:05,14:05,12:48,13:55,13:56,13:58,01:00,01:08,EARLY,ONTIME,ONTIME,ONTIME,,,,,,,,,HAN,KIX,RMQ,International,VJ,,
2026-01-19|VJ508/VJ511|A535|DAD-HAN-DAD|14:20,2026-01-19,VJ508/VJ511,A535,A321,DAD-HAN-DAD,13:40,14:20,13:40,14:50,14:20,15:04,15:05,15:19,01:10,00:45,DELAY,ONTIME,DELAY,DELAY,,66,00:10,15A,00:05,,,CREW OB 1430 / OFFLOAD 2 PAX + 2 BAGS,HAN,DAD,DAD,Domestic,VJ,,
2026-01-19|VJ921/VJ942|A674|NGO-HAN-TPE|14:40,2026-01-19,VJ921/VJ942,A674,A321,NGO-HAN-TPE,13:40,14:40,13:40,14:40,12:58,14:34,14:35,14:35,01:00,01:37,EARLY,ONTIME,ONTIME,ONTIME,,,,,,,,,HAN,NGO,TPE,International,VJ,,
2026-01-19|VJ128/VJ143|A811|SGN-HAN-SGN|14:55,2026-01-19,VJ128/VJ143,A811,A330,SGN-HAN-SGN,13:55,14:55,13:55,15:40,15:10,15:45,15:46,15:52,01:45,00:36,DELAY,ONTIME,DELAY,DELAY,,93,00:06,,,,,,HAN,SGN,SGN,Domestic,VJ,,
2026-01-19|VJ941/VJ1491|A544|TPE-HAN-BMV|15:05,2026-01-19,VJ941/VJ1491,A544,A321,TPE-HAN-BMV,14:10,15:05,14:10,15:05,14:45,15:19,15:20,15:27,00:55,00:35,DELAY,ONTIME,DELAY,DELAY,,93,00:10,66,00:05,,,CREW OB 1455,HAN,TPE,BMV,Domestic,VJ,,
2026-01-19|VJ774/VJ175|A699|CXR-HAN-SGN|15:20,2026-01-19,VJ774/VJ175,A699,A320,CXR-HAN-SGN,14:50,15:20,14:50,15:20,15:10,15:34,15:35,15:47,00:30,00:25,DELAY,ONTIME,DELAY,DELAY,,93,00:15,,,,,,HAN,CXR,SGN,Domestic,VJ,,
2026-01-19|VJ404/VJ1441|A655|DLI-HAN-PQC|15:30,2026-01-19,VJ404/VJ1441,A655,A320,DLI-HAN-PQC,14:55,15:30,14:55,15:30,15:20,15:44,15:45,15:55,00:35,00:25,DELAY,ONTIME,DELAY,DELAY,,93,00:15,,,,,,HAN,DLI,PQC,Domestic,VJ,,
2026-01-19|VJ144/VJ145|A647|SGN-HAN-SGN|15:35,2026-01-19,VJ144/VJ145,A647,A321,SGN-HAN-SGN,14:25,15:35,14:25,15:35,15:25,15:49,15:50,15:50,01:10,00:25,DELAY,ONTIME,ONTIME,DELAY,,93,00:15,,,,,,HAN,SGN,SGN,Domestic,VJ,,
2026-01-19|VJ198/VJ199|A632|SGN-HAN-SGN|15:40,2026-01-19,VJ198/VJ199,A632,A321,SGN-HAN-SGN,15:10,15:40,15:10,15:40,15:35,16:04,16:05,16:28,00:30,00:30,DELAY,DELAY,DELAY,DELAY,,93,00:25,,,,,,HAN,SGN,SGN,Domestic,VJ,,
2026-01-19|VJ566/VJ903|A635|HUI-HAN-BKK|15:50,2026-01-19,VJ566/VJ903,A635,A321,HUI-HAN-BKK,13:05,15:50,13:05,15:50,13:30,15:41,15:42,15:45,02:45,02:12,EARLY,ONTIME,ONTIME,DELAY,,,,,,,,,HAN,HUI,BKK,International,VJ,,
2026-01-19|VJ566/VJ423|A635|HUI-HAN-PXU|15:55,2026-01-19,VJ566/VJ423,A635,A321,HUI-HAN-PXU,13:05,15:55,13:05,15:55,13:30,15:54,15:55,16:19,02:50,02:25,ONTIME,ONTIME,DELAY,DELAY,,,,,,,,,HAN,HUI,PXU,Domestic,VJ,,
2026-01-19|VJ184/VJ195|A816|SGN-HAN-SGN|16:00,2026-01-19,VJ184/VJ195,A816,A330,SGN-HAN-SGN,10:25,16:00,10:25,16:00,10:35,15:59,16:00,16:22,05:35,05:25,ONTIME,ONTIME,DELAY,ONTIME,,,,,,,,,HAN,SGN,SGN,Domestic,VJ,,
2026-01-19|VJ408/VJ409|A672|DLI-HAN-DLI|16:05,2026-01-19,VJ408/VJ409,A672,A320,DLI-HAN-DLI,15:35,16:05,15:35,16:05,15:40,16:14,16:15,16:30,00:30,00:35,DELAY,ONTIME,DELAY,ONTIME,,66,00:10,,,,,CREW OB 1550,HAN,DLI,DLI,Domestic,VJ,,
2026-01-19|VJ906/VJ913|A537|KUL-HAN-SAI|16:20,2026-01-19,VJ906/VJ913,A537,A321,KUL-HAN-SAI,14:55,16:20,14:55,16:20,14:40,16:24,16:25,16:35,01:25,01:45,DELAY,ONTIME,ONTIME,ONTIME,,15A,00:05,,,,,OFFLOAD 04PAX+03BAG,HAN,KUL,SAI,International,VJ,,
2026-01-19|VJ462/VJ515|A656|VCA-HAN-DAD|16:25,2026-01-19,VJ462/VJ515,A656,A320,VCA-HAN-DAD,15:40,16:25,15:40,17:20,16:45,17:18,17:19,17:20,01:40,00:34,EARLY,ONTIME,DELAY,DELAY,,,,,,,,,HAN,VCA,DAD,Domestic,VJ,,
2026-01-19|VJ772/VJ133|A817|CXR-HAN-SGN|16:55,2026-01-19,VJ772/VJ133,A817,A330,CXR-HAN-SGN,15:55,16:55,15:55,16:55,17:10,17:37,17:38,17:50,01:00,00:28,DELAY,DELAY,DELAY,DELAY,,93,00:43,,,,,,HAN,CXR,SGN,Domestic,VJ,,
2026-01-19|VJ514/VJ465|A542|DAD-HAN-VCA|17:25,2026-01-19,VJ514/VJ465,A542,A321,DAD-HAN-VCA,16:45,17:25,16:45,17:25,17:33,18:02,18:03,18:10,00:40,00:30,DELAY,DELAY,DELAY,DELAY,,93,00:38,,,,,,HAN,DAD,VCA,Domestic,VJ,,
2026-01-19|VJ7615/VJ7615|A550|BQS-HAN-CXR|17:40,2026-01-19,VJ7615/VJ7615,A550,A321,BQS-HAN-CXR,17:10,17:40,17:10,18:00,17:30,18:14,18:15,18:27,00:50,00:45,DELAY,ONTIME,DELAY,DELAY,,63A,00:15,,,,,FO LATE TO A/C OB 1813,HAN,BQS,CXR,Domestic,VJ,,
2026-01-19|VJ440/VJ445|A675|PQC-HAN-PQC|17:40,2026-01-19,VJ440/VJ445,A675,A320,PQC-HAN-PQC,11:55,17:40,11:55,17:40,12:20,17:39,17:40,17:42,05:45,05:20,ONTIME,ONTIME,ONTIME,DELAY,,,,,,,,,HAN,PQC,PQC,Domestic,VJ,,
2026-01-19|VJ130/VJ131|A697|SGN-HAN-SGN|17:45,2026-01-19,VJ130/VJ131,A697,A321,SGN-HAN-SGN,16:45,17:45,16:45,17:45,16:50,17:38,17:40,17:42,01:00,00:50,EARLY,ONTIME,ONTIME,ONTIME,,,,,,,,,HAN,SGN,SGN,Domestic,VJ,,
2026-01-19|VJ512/VJ779|A535|DAD-HAN-CXR|18:00,2026-01-19,VJ512/VJ779,A535,A321,DAD-HAN-CXR,17:30,18:00,18:05,18:40,18:40,19:09,19:10,19:15,00:35,00:30,DELAY,DELAY,DELAY,DELAY,,93,00:30,,,,,,HAN,DAD,CXR,Domestic,VJ,,
2026-01-19|VJ146/VJ169|A815|SGN-HAN-SGN|18:00,2026-01-19,VJ146/VJ169,A815,A330,SGN-HAN-SGN,17:00,18:00,17:00,18:00,17:10,18:04,18:05,18:10,01:00,00:55,DELAY,ONTIME,ONTIME,ONTIME,,66,00:05,,,,,CREW OB 1725,HAN,SGN,SGN,Domestic,VJ,,
2026-01-19|VJ902/VJ193|A698|BKK-HAN-SGN|18:10,2026-01-19,VJ902/VJ193,A698,A321,BKK-HAN-SGN,17:00,18:10,17:00,18:10,17:20,18:08,18:09,18:10,01:10,00:49,EARLY,ONTIME,ONTIME,DELAY,,,,,,,,,HAN,BKK,SGN,Domestic,VJ,,
2026-01-19|VJ957/VJ1925|A658|PUS-HAN-AMD|19:00,2026-01-19,VJ957/VJ1925,A658,A320,PUS-HAN-AMD,17:20,19:00,17:20,19:00,17:12,18:49,18:50,18:56,01:40,01:38,EARLY,ONTIME,ONTIME,ONTIME,,,,,,,,,HAN,PUS,AMD,International,VJ,,
2026-01-19|VJ194/VJ517|A693|SGN-HAN-DAD|19:05,2026-01-19,VJ194/VJ517,A693,A321,SGN-HAN-DAD,17:30,19:05,17:30,19:05,17:55,19:02,19:03,19:03,01:35,01:08,EARLY,ONTIME,ONTIME,DELAY,,,,,,,,,HAN,SGN,DAD,Domestic,VJ,,
2026-01-19|VJ916/VJ173|A629|SIN-HAN-SGN|19:05,2026-01-19,VJ916/VJ173,A629,A321,SIN-HAN-SGN,17:25,19:05,17:25,19:05,17:10,19:00,19:01,19:04,01:40,01:51,EARLY,ONTIME,ONTIME,ONTIME,,,,,,,,,HAN,SIN,SGN,Domestic,VJ,,
2026-01-19|VJ928/VJ569|A676|CGK-HAN-HUI|19:15,2026-01-19,VJ928/VJ569,A676,A320,CGK-HAN-HUI,18:15,19:15,18:15,19:15,18:10,19:07,19:08,19:10,01:00,00:58,EARLY,ONTIME,ONTIME,ONTIME,,,,,,,,,HAN,CGK,HUI,Domestic,VJ,,
2026-01-19|VJ947/VJ907|A534|KHH-HAN-BOM|19:15,2026-01-19,VJ947/VJ907,A534,A321,KHH-HAN-BOM,18:05,19:15,18:05,19:15,17:50,19:03,19:05,19:20,01:10,01:15,EARLY,ONTIME,ONTIME,ONTIME,,,,,,,,,HAN,KHH,BOM,International,VJ,,
2026-01-19|VJ931/VJ519|A554|KIX-HAN-DAD|20:00,2026-01-19,VJ931/VJ519,A554,A321,KIX-HAN-DAD,19:15,20:00,19:15,20:00,19:00,19:59,20:00,20:10,00:45,01:00,ONTIME,ONTIME,ONTIME,ONTIME,,,,,,,,,HAN,KIX,DAD,Domestic,VJ,,
2026-01-19|VJ1492/VJ7712|A544|BMV-HAN-PKX|20:05,2026-01-19,VJ1492/VJ7712,A544,A321,BMV-HAN-PKX,19:05,20:05,19:05,20:05,19:15,19:54,19:55,19:58,01:00,00:40,EARLY,ONTIME,ONTIME,ONTIME,,,,,,,,,HAN,BMV,PKX,International,VJ,,
2026-01-19|VJ424/VJ155|A575|PXU-HAN-SGN|20:10,2026-01-19,VJ424/VJ155,A575,A321,PXU-HAN-SGN,19:35,20:10,19:35,20:10,19:55,20:23,20:25,20:28,00:35,00:30,DELAY,ONTIME,DELAY,DELAY,,93,00:15,,,,,,HAN,PXU,SGN,Domestic,VJ,,
2026-01-19|VJ410/VJ7342|A672|DLI-HAN-XIY|20:15,2026-01-19,VJ410/VJ7342,A672,A320,DLI-HAN-XIY,20:15,20:15,20:15,21:30,20:38,21:29,21:30,21:38,01:15,00:52,ONTIME,ONTIME,DELAY,DELAY,,,,,,,,,HAN,DLI,XIY,International,VJ,,
2026-01-19|VJ152/VJ501|A634|SGN-HAN-DAD|20:15,2026-01-19,VJ152/VJ501,A634,A321,SGN-HAN-DAD,19:15,20:15,19:15,20:15,20:15,20:44,20:45,20:45,01:00,00:30,DELAY,DELAY,DELAY,DELAY,,93,00:30,,,,,,HAN,SGN,DAD,Domestic,VJ,,
2026-01-19|VJ949/VJ7306|A539|RMQ-HAN-TFU|21:20,2026-01-19,VJ949/VJ7306,A539,A321,RMQ-HAN-TFU,20:20,21:20,20:20,22:00,20:00,21:59,22:00,22:04,01:40,02:00,ONTIME,ONTIME,DELAY,ONTIME,,,,,,,,,HAN,RMQ,TFU,International,VJ,,
2026-01-19|VJ154/VJ7238|A699|SGN-HAN-PVG|21:30,2026-01-19,VJ154/VJ7238,A699,A320,SGN-HAN-PVG,20:10,21:30,20:10,21:30,21:05,21:39,21:40,21:55,01:20,00:35,DELAY,ONTIME,DELAY,DELAY,,66,00:10,,,,,CREW OB 2115,HAN,SGN,PVG,International,VJ,,
2026-01-19|VJ914/VJ161|A537|SAI-HAN-SGN|22:00,2026-01-19,VJ914/VJ161,A537,A321,SAI-HAN-SGN,20:50,22:00,20:50,22:00,21:11,22:12,22:14,22:29,01:10,01:03,DELAY,ONTIME,DELAY,DELAY,,95,00:14,,,,,WAIT CREW VJ160 OB 2156,HAN,SAI,SGN,Domestic,VJ,,
2026-01-19|VJ998/VJ123|A500|DPS-HAN-SGN|22:10,2026-01-19,VJ998/VJ123,A500,A321,DPS-HAN-SGN,21:35,22:10,21:35,22:10,21:40,22:09,22:10,22:13,00:35,00:30,ONTIME,ONTIME,ONTIME,ONTIME,,,,,,,,,HAN,DPS,SGN,Domestic,VJ,,
2026-01-19|VJ568/VJ523|A676|HUI-HAN-DAD|22:45,2026-01-19,VJ568/VJ523,A676,A320,HUI-HAN-DAD,22:15,22:45,22:15,22:45,22:35,22:54,22:55,23:00,00:30,00:20,DELAY,ONTIME,ONTIME,DELAY,,93,00:10,,,,,,HAN,HUI,DAD,Domestic,VJ,,
2026-01-19|VJ7049/VJ962|A538|SJW-HAN-ICN|22:50,2026-01-19,VJ7049/VJ962,A538,A321,SJW-HAN-ICN,20:40,22:50,20:40,22:50,21:30,22:54,22:55,23:13,02:10,01:25,DELAY,ONTIME,DELAY,DELAY,,15A,00:05,,,,,OFFLOAD 2PAX 4BAG,HAN,SJW,ICN,International,VJ,,
2026-01-19|VJ180/VJ171|A637|SGN-HAN-SGN|23:25,2026-01-19,VJ180/VJ171,A637,A321,SGN-HAN-SGN,22:25,23:25,22:25,23:25,22:46,23:22,23:23,23:26,01:00,00:37,EARLY,ONTIME,ONTIME,DELAY,,,,,,,,,HAN,SGN,SGN,Domestic,VJ,,
2026-01-19|VJ160/VJ7526|A647|SGN-HAN-CAN|23:40,2026-01-19,VJ160/VJ7526,A647,A321,SGN-HAN-CAN,21:15,23:40,21:15,23:40,21:38,23:39,23:40,23:40,02:25,02:02,ONTIME,ONTIME,ONTIME,DELAY,,,,,,,,,HAN,SGN,CAN,International,VJ,,
2026-01-20|VJ932|A812|HAN-NRT|00:55,2026-01-20,VJ932,A812,A330,HAN-NRT,,00:55,,00:55,,00:52,00:53,00:56,,,EARLY,ONTIME,ONTIME,,,,,,,,,,HAN,,NRT,International,VJ,,
2026-01-20|VJ982|A670|HAN-PUS|01:00,2026-01-20,VJ982,A670,A321,HAN-PUS,,01:00,,01:00,,00:43,00:45,00:55,,,EARLY,ONTIME,ONTIME,,,,,,,,,,HAN,,PUS,International,VJ,,
2026-01-20|VJ920|A693|HAN-NGO|01:35,2026-01-20,VJ920,A693,A321,HAN-NGO,,01:35,,01:35,,01:34,01:35,01:44,,,ONTIME,ONTIME,ONTIME,,,,,,,,,,HAN,,NGO,International,VJ,,
2026-01-20|VJ938|A554|HAN-KIX|01:40,2026-01-20,VJ938,A554,A321,HAN-KIX,,01:40,,01:40,,01:37,01:39,01:41,,,EARLY,ONTIME,ONTIME,,,,,,,,,,HAN,,KIX,International,VJ,,
2026-01-20|VJ960|A674|HAN-ICN|01:45,2026-01-20,VJ960,A674,A321,HAN-ICN,,01:45,,01:45,,01:35,01:36,01:38,,,EARLY,ONTIME,ONTIME,,,,,,,,,,HAN,,ICN,International,VJ,,
2026-01-20|VJ958|A542|HAN-FUK|02:05,2026-01-20,VJ958,A542,A321,HAN-FUK,,02:05,,02:05,,01:50,01:51,01:56,,,EARLY,ONTIME,ONTIME,,,,,,,,,,HAN,,FUK,International,VJ,,
2026-01-20|VJ179|A655|HAN-SGN|05:00,2026-01-20,VJ179,A655,A320,HAN-SGN,,05:00,,05:00,,04:54,04:55,05:08,,,EARLY,ONTIME,ONTIME,,,,,,,,,,HAN,,SGN,Domestic,VJ,,
2026-01-20|VJ7343/VJ461|A672|XIY-HAN-VCA|05:30,2026-01-20,VJ7343/VJ461,A672,A320,XIY-HAN-VCA,04:20,05:30,04:20,05:30,04:25,05:24,05:25,05:27,01:10,01:00,EARLY,ONTIME,ONTIME,ONTIME,,,,,,,,,HAN,XIY,VCA,Domestic,VJ,,
2026-01-20|VJ773|A815|HAN-CXR|05:45,2026-01-20,VJ773,A815,A330,HAN-CXR,,05:45,,05:45,,05:37,05:38,05:40,,,EARLY,ONTIME,ONTIME,,,,,,,,,,HAN,,CXR,Domestic,VJ,,
2026-01-20|VJ491|A635|HAN-BMV|06:00,2026-01-20,VJ491,A635,A321,HAN-BMV,,06:00,,06:00,,05:54,05:55,06:07,,,EARLY,ONTIME,ONTIME,,,,,,,,,,HAN,,BMV,Domestic,VJ,,
2026-01-20|VJ503|A575|HAN-DAD|06:00,2026-01-20,VJ503,A575,A321,HAN-DAD,,06:00,,06:00,,05:54,05:55,05:59,,,EARLY,ONTIME,ONTIME,,,,,,,,,,HAN,,DAD,Domestic,VJ,,
2026-01-20|VJ7527/VJ443|A647|CAN-HAN-PQC|06:00,2026-01-20,VJ7527/VJ443,A647,A321,CAN-HAN-PQC,04:35,06:00,04:35,06:00,04:14,05:54,05:55,06:02,01:25,01:41,EARLY,ONTIME,ONTIME,ONTIME,,,,,,,,,HAN,CAN,PQC,Domestic,VJ,,
2026-01-20|VJ952|A656|HAN-HIJ|06:35,2026-01-20,VJ952,A656,A320,HAN-HIJ,,06:35,,06:35,,06:29,06:30,06:40,,,EARLY,ONTIME,ONTIME,,,,,,,,,,HAN,,HIJ,International,VJ,,
2026-01-20|VJ181|A697|HAN-SGN|06:40,2026-01-20,VJ181,A697,A321,HAN-SGN,,06:40,,06:40,,06:34,06:35,06:40,,,EARLY,ONTIME,ONTIME,,,,,,,,,,HAN,,SGN,Domestic,VJ,,
2026-01-20|VJ105|652G|HAN-VCS|06:45,2026-01-20,VJ105,652G,C909,HAN-VCS,,06:45,,06:45,,06:39,06:40,06:50,,,EARLY,ONTIME,ONTIME,,,,,,,,,,HAN,,VCS,Domestic,VJ,,
2026-01-20|VJ431|A657|HAN-UIH|07:10,2026-01-20,VJ431,A657,A321,HAN-UIH,,07:10,,07:10,,07:04,07:05,07:12,,,EARLY,ONTIME,ONTIME,,,,,,,,,,HAN,,UIH,Domestic,VJ,,
2026-01-20|VJ7713/VJ905|A544|PKX-HAN-KUL|07:10,2026-01-20,VJ7713/VJ905,A544,A321,PKX-HAN-KUL,04:10,07:10,04:10,07:10,04:35,07:04,07:05,07:09,03:00,02:30,EARLY,ONTIME,ONTIME,DELAY,,,,,,,,,HAN,PKX,KUL,International,VJ,,
2026-01-20|VJ1926/VJ956|A658|AMD-HAN-PUS|07:30,2026-01-20,VJ1926/VJ956,A658,A320,AMD-HAN-PUS,06:20,07:30,06:20,07:30,05:45,07:24,07:25,07:34,01:10,01:40,EARLY,ONTIME,ONTIME,ONTIME,,,,,,,,,HAN,AMD,PUS,International,VJ,,
2026-01-20|VJ771|A811|HAN-CXR|07:35,2026-01-20,VJ771,A811,A330,HAN-CXR,,07:35,,07:35,,07:29,07:30,07:32,,,EARLY,ONTIME,ONTIME,,,,,,,,,,HAN,,CXR,Domestic,VJ,,
2026-01-20|VJ910/VJ940|A534|BOM-HAN-TPE|07:35,2026-01-20,VJ910/VJ940,A534,A321,BOM-HAN-TPE,06:40,07:35,06:40,07:35,06:34,07:24,07:25,07:32,00:55,00:51,EARLY,ONTIME,ONTIME,ONTIME,,,,,,,,,HAN,BOM,TPE,International,VJ,,
2026-01-20|VJ107|656E|HAN-VCS|08:15,2026-01-20,VJ107,656E,C909,HAN-VCS,,08:15,,08:15,,07:59,08:00,08:02,,,EARLY,ONTIME,ONTIME,,,,,,,,,,HAN,,VCS,Domestic,VJ,,
2026-01-20|VJ934|A653|HAN-NRT|08:20,2026-01-20,VJ934,A653,A321,HAN-NRT,,08:20,,08:20,,08:19,08:20,08:25,,,ONTIME,ONTIME,ONTIME,,,,,,,,,,HAN,,NRT,International,VJ,,
2026-01-20|VJ7307/VJ930|A539|TFU-HAN-KIX|08:20,2026-01-20,VJ7307/VJ930,A539,A321,TFU-HAN-KIX,03:10,08:20,03:10,08:20,02:50,08:19,08:20,08:29,05:10,05:30,ONTIME,ONTIME,ONTIME,ONTIME,,,,,,,,,HAN,TFU,KIX,International,VJ,,
2026-01-20|VJ7239/VJ929|A699|PVG-HAN-CGK|08:40,2026-01-20,VJ7239/VJ929,A699,A320,PVG-HAN-CGK,05:15,08:40,05:15,08:40,05:10,08:28,08:30,08:39,03:25,03:20,EARLY,ONTIME,ONTIME,ONTIME,,,,,,,,,HAN,PVG,CGK,International,VJ,,
2026-01-20|VJ126/VJ127|A532|SGN-HAN-SGN|08:55,2026-01-20,VJ126/VJ127,A532,A321,SGN-HAN-SGN,08:25,08:55,08:25,08:55,08:40,09:09,09:10,09:20,00:30,00:30,DELAY,ONTIME,DELAY,ONTIME,,93,00:15,,,,,,HAN,SGN,SGN,Domestic,VJ,,
2026-01-20|VJ915|A578|HAN-SIN|09:35,2026-01-20,VJ915,A578,A321,HAN-SIN,,09:35,,09:35,,09:29,09:30,09:33,,,EARLY,ONTIME,ONTIME,,,,,,,,,,HAN,,SIN,International,VJ,,
2026-01-20|VJ504/VJ997|A575|DAD-HAN-DPS|10:00,2026-01-20,VJ504/VJ997,A575,A321,DAD-HAN-DPS,09:00,10:00,09:00,10:00,09:15,10:19,10:20,10:30,01:00,01:05,DELAY,DELAY,DELAY,ONTIME,,63D,00:15,87,00:05,,,LATE BRD BY CREW /STUCK AT PBB,HAN,DAD,DPS,International,VJ,,
2026-01-20|VJ148/VJ149|-NVG|SGN-HAN-SGN|10:05,2026-01-20,VJ148/VJ149,-NVG,A320,SGN-HAN-SGN,09:30,10:05,09:30,10:05,10:05,10:27,10:28,10:43,00:35,00:23,DELAY,DELAY,DELAY,DELAY,,93,00:23,,,,,,HAN,SGN,SGN,Domestic,VJ,,
2026-01-20|VJ502/VJ567|A667|DAD-HAN-HUI|10:10,2026-01-20,VJ502/VJ567,A667,A321,DAD-HAN-HUI,07:05,10:10,07:05,10:10,07:05,09:59,10:00,10:02,03:05,02:55,EARLY,ONTIME,ONTIME,ONTIME,,,,,,,,,HAN,DAD,HUI,Domestic,VJ,,
2026-01-20|VJ524/VJ507|A669|DAD-HAN-DAD|10:30,2026-01-20,VJ524/VJ507,A669,A320,DAD-HAN-DAD,09:25,10:30,09:25,10:30,09:27,10:25,10:26,10:40,01:05,00:59,EARLY,ONTIME,ONTIME,ONTIME,,,,,,,,,HAN,DAD,DAD,Domestic,VJ,,
2026-01-20|VJ492/VJ403|A635|BMV-HAN-DLI|10:45,2026-01-20,VJ492/VJ403,A635,A321,BMV-HAN-DLI,10:00,10:45,10:00,10:45,10:10,10:39,10:40,10:43,00:45,00:30,EARLY,ONTIME,ONTIME,ONTIME,,,,,,,,,HAN,BMV,DLI,Domestic,VJ,,
2026-01-20|VJ460/VJ463|A672|VCA-HAN-VCA|10:50,2026-01-20,VJ460/VJ463,A672,A320,VCA-HAN-VCA,10:20,10:50,10:20,10:50,10:20,10:49,10:50,10:59,00:30,00:30,ONTIME,ONTIME,ONTIME,ONTIME,,,,,,,,,HAN,VCA,VCA,Domestic,VJ,,
2026-01-20|VJ136/VJ135|A655|SGN-HAN-SGN|11:10,2026-01-20,VJ136/VJ135,A655,A320,SGN-HAN-SGN,10:40,11:10,10:40,11:10,10:45,11:09,11:10,11:17,00:30,00:25,ONTIME,ONTIME,ONTIME,ONTIME,,,,,,,,,HAN,SGN,SGN,Domestic,VJ,,
2026-01-20|VJ184/VJ129|A814|SGN-HAN-SGN|11:25,2026-01-20,VJ184/VJ129,A814,A330,SGN-HAN-SGN,10:25,11:25,10:25,11:25,10:55,11:34,11:35,11:37,01:00,00:40,DELAY,ONTIME,ONTIME,DELAY,,93,00:10,,,,,,HAN,SGN,SGN,Domestic,VJ,,
2026-01-20|VJ430/VJ407|A657|UIH-HAN-DLI|11:25,2026-01-20,VJ430/VJ407,A657,A321,UIH-HAN-DLI,10:55,11:25,10:55,11:25,11:05,11:29,11:30,11:31,00:30,00:25,DELAY,ONTIME,ONTIME,ONTIME,,93,00:05,,,,,,HAN,UIH,DLI,Domestic,VJ,,
2026-01-20|VJ132/VJ137|A636|SGN-HAN-SGN|11:40,2026-01-20,VJ132/VJ137,A636,A321,SGN-HAN-SGN,11:10,11:40,11:10,11:40,11:30,11:54,11:55,12:03,00:30,00:25,DELAY,ONTIME,DELAY,DELAY,,93,00:15,,,,,,HAN,SGN,SGN,Domestic,VJ,,
2026-01-20|VJ981/VJ901|A670|PUS-HAN-BKK|12:15,2026-01-20,VJ981/VJ901,A670,A321,PUS-HAN-BKK,11:00,12:15,11:00,12:15,10:52,12:05,12:06,12:09,01:15,01:14,EARLY,ONTIME,ONTIME,ONTIME,,,,,,,,,HAN,PUS,BKK,International,VJ,,
2026-01-20|VJ186/VJ183|A644|SGN-HAN-SGN|12:40,2026-01-20,VJ186/VJ183,A644,A321,SGN-HAN-SGN,11:40,12:40,11:40,12:40,12:25,12:54,12:55,13:04,01:00,00:30,DELAY,ONTIME,DELAY,DELAY,,93,00:15,,,,,,HAN,SGN,SGN,Domestic,VJ,,
2026-01-20|VJ440/VJ441|A675|PQC-HAN-PQC|12:55,2026-01-20,VJ440/VJ441,A675,A320,PQC-HAN-PQC,11:55,12:55,11:55,12:55,11:45,12:37,12:38,12:51,01:00,00:53,EARLY,ONTIME,ONTIME,ONTIME,,,,,,,,,HAN,PQC,PQC,Domestic,VJ,,
2026-01-20|VJ780/VJ781|A545|CXR-HAN-CXR|13:00,2026-01-20,VJ780/VJ781,A545,A321,CXR-HAN-CXR,12:30,13:00,12:30,13:00,12:40,13:09,13:10,13:20,00:30,00:30,DELAY,ONTIME,DELAY,ONTIME,,93,00:10,,,,,,HAN,CXR,CXR,Domestic,VJ,,
2026-01-20|VJ959/VJ948|A542|FUK-HAN-RMQ|13:35,2026-01-20,VJ959/VJ948,A542,A321,FUK-HAN-RMQ,12:25,13:35,12:25,13:35,12:15,13:39,13:40,13:45,01:10,01:25,DELAY,ONTIME,ONTIME,ONTIME,,15A,00:05,,,,,CUT 01PAX&02BAG,HAN,FUK,RMQ,International,VJ,,
2026-01-20|VJ128/VJ143|A820|SGN-HAN-SGN|13:40,2026-01-20,VJ128/VJ143,A820,A321,SGN-HAN-SGN,12:10,13:40,12:10,13:40,12:40,13:39,13:40,13:42,01:30,01:00,ONTIME,ONTIME,ONTIME,DELAY,,,,,,,,,HAN,SGN,SGN,Domestic,VJ,,
2026-01-20|VJ508/VJ511|A634|DAD-HAN-DAD|14:20,2026-01-20,VJ508/VJ511,A634,A321,DAD-HAN-DAD,13:40,14:20,13:40,14:20,13:55,14:24,14:25,14:38,00:40,00:30,DELAY,ONTIME,DELAY,ONTIME,,93,00:05,,,,,,HAN,DAD,DAD,Domestic,VJ,,
2026-01-20|VJ963/VJ942|A538|ICN-HAN-TPE|14:25,2026-01-20,VJ963/VJ942,A538,A321,ICN-HAN-TPE,09:30,14:25,09:30,14:25,09:15,14:24,14:25,14:26,04:55,05:10,ONTIME,ONTIME,ONTIME,ONTIME,,,,,,,,,HAN,ICN,TPE,International,VJ,,
2026-01-20|VJ566/VJ1491|A667|HUI-HAN-BMV|14:35,2026-01-20,VJ566/VJ1491,A667,A321,HUI-HAN-BMV,13:05,14:35,13:05,14:35,13:15,14:34,14:35,14:36,01:30,01:20,ONTIME,ONTIME,ONTIME,ONTIME,,,,,,,,,HAN,HUI,BMV,Domestic,VJ,,
2026-01-20|VJ138/VJ153|A549|SGN-HAN-SGN|15:10,2026-01-20,VJ138/VJ153,A549,A321,SGN-HAN-SGN,14:40,15:10,14:40,15:10,15:35,16:04,16:05,16:22,00:30,00:30,DELAY,DELAY,DELAY,DELAY,,93,00:55,,,,,,HAN,SGN,SGN,Domestic,VJ,,
2026-01-20|VJ939/VJ1441|A554|KIX-HAN-PQC|15:30,2026-01-20,VJ939/VJ1441,A554,A321,KIX-HAN-PQC,13:05,15:30,13:05,15:30,13:03,15:26,15:27,15:29,02:25,02:24,EARLY,ONTIME,ONTIME,ONTIME,,,,,,,,,HAN,KIX,PQC,Domestic,VJ,,
2026-01-20|VJ941/VJ145|A534|TPE-HAN-SGN|15:35,2026-01-20,VJ941/VJ145,A534,A321,TPE-HAN-SGN,14:10,15:35,14:10,15:35,14:40,15:34,15:35,15:37,01:25,00:55,ONTIME,ONTIME,ONTIME,DELAY,,,,,,,,,HAN,TPE,SGN,Domestic,VJ,,
2026-01-20|VJ442/VJ903|A647|PQC-HAN-BKK|15:50,2026-01-20,VJ442/VJ903,A647,A321,PQC-HAN-BKK,10:45,15:50,10:45,15:50,10:55,15:54,15:55,16:00,05:05,05:00,DELAY,ONTIME,ONTIME,ONTIME,,15A,00:05,,,,,CUT 06PAX&04BAGS,HAN,PQC,BKK,International,VJ,,
2026-01-20|VJ906/VJ191|A544|KUL-HAN-SGN|15:55,2026-01-20,VJ906/VJ191,A544,A321,KUL-HAN-SGN,14:55,15:55,14:55,15:55,14:30,15:54,15:55,15:57,01:00,01:25,ONTIME,ONTIME,ONTIME,ONTIME,,,,,,,,,HAN,KUL,SGN,Domestic,VJ,,
2026-01-20|VJ404/VJ423|A635|DLI-HAN-PXU|15:55,2026-01-20,VJ404/VJ423,A635,A321,DLI-HAN-PXU,14:55,15:55,14:55,15:55,15:10,15:54,15:55,16:05,01:00,00:45,ONTIME,ONTIME,ONTIME,ONTIME,,,,,,,,,HAN,DLI,PXU,Domestic,VJ,,
2026-01-20|VJ933/VJ195|A812|NRT-HAN-SGN|16:00,2026-01-20,VJ933/VJ195,A812,A330,NRT-HAN-SGN,14:00,16:00,14:00,16:00,14:48,15:58,16:00,16:02,02:00,01:12,ONTIME,ONTIME,ONTIME,DELAY,,,,,,,,,HAN,NRT,SGN,Domestic,VJ,,
2026-01-20|VJ921/VJ409|A693|NGO-HAN-DLI|16:05,2026-01-20,VJ921/VJ409,A693,A321,NGO-HAN-DLI,13:40,16:05,13:40,16:05,12:50,16:04,16:05,16:12,02:25,03:15,ONTIME,ONTIME,ONTIME,ONTIME,,,,,,,,,HAN,NGO,DLI,Domestic,VJ,,
2026-01-20|VJ961/VJ913|A674|ICN-HAN-SAI|16:20,2026-01-20,VJ961/VJ913,A674,A321,ICN-HAN-SAI,14:10,16:20,14:10,16:20,15:10,16:19,16:20,16:23,02:10,01:10,ONTIME,ONTIME,ONTIME,DELAY,,,,,,,,,HAN,ICN,SAI,International,VJ,,
2026-01-20|VJ462/VJ515|A672|VCA-HAN-DAD|16:25,2026-01-20,VJ462/VJ515,A672,A320,VCA-HAN-DAD,15:40,16:25,15:40,16:25,16:20,16:44,16:45,16:55,00:45,00:25,DELAY,DELAY,DELAY,DELAY,,93,00:20,,,,,,HAN,VCA,DAD,Domestic,VJ,,
2026-01-20|VJ144/VJ147|A655|SGN-HAN-SGN|17:10,2026-01-20,VJ144/VJ147,A655,A320,SGN-HAN-SGN,14:10,17:10,14:10,17:10,14:20,17:09,17:10,17:18,03:00,02:50,ONTIME,ONTIME,ONTIME,ONTIME,,,,,,,,,HAN,SGN,SGN,Domestic,VJ,,
2026-01-20|VJ134/VJ163|-MLI|SGN-HAN-SGN|17:20,2026-01-20,VJ134/VJ163,-MLI,A320,SGN-HAN-SGN,16:50,17:20,17:10,18:50,18:35,18:59,19:00,19:04,01:40,00:25,DELAY,ONTIME,DELAY,DELAY,,93,00:10,,,,,,HAN,SGN,SGN,Domestic,VJ,,
2026-01-20|VJ408/VJ465|A657|DLI-HAN-VCA|17:25,2026-01-20,VJ408/VJ465,A657,A321,DLI-HAN-VCA,15:35,17:25,15:35,17:25,15:55,17:24,17:25,17:30,01:50,01:30,ONTIME,ONTIME,ONTIME,DELAY,,,,,,,,,HAN,DLI,VCA,Domestic,VJ,,
2026-01-20|VJ953/VJ445|A656|HIJ-HAN-PQC|17:40,2026-01-20,VJ953/VJ445,A656,A320,HIJ-HAN-PQC,16:20,17:40,16:20,17:40,16:57,17:34,17:35,17:40,01:20,00:38,EARLY,ONTIME,ONTIME,DELAY,,,,,,,,,HAN,HIJ,PQC,Domestic,VJ,,
2026-01-20|VJ902/VJ783|A670|BKK-HAN-CXR|18:00,2026-01-20,VJ902/VJ783,A670,A321,BKK-HAN-CXR,17:00,18:00,17:00,18:40,16:55,18:32,18:33,18:41,01:40,01:38,EARLY,ONTIME,DELAY,ONTIME,,,,,,,,,HAN,BKK,CXR,Domestic,VJ,,
2026-01-20|VJ192/VJ189|A817|SGN-HAN-SGN|19:00,2026-01-20,VJ192/VJ189,A817,A330,SGN-HAN-SGN,18:00,19:00,18:00,19:00,18:45,19:24,19:25,19:30,01:00,00:40,DELAY,DELAY,DELAY,DELAY,,93,00:25,,,,,,HAN,SGN,SGN,Domestic,VJ,,
2026-01-20|VJ512/VJ1925|A669|DAD-HAN-AMD|19:00,2026-01-20,VJ512/VJ1925,A669,A320,DAD-HAN-AMD,17:30,19:00,17:30,19:00,17:35,18:49,18:50,18:53,01:30,01:15,EARLY,ONTIME,ONTIME,ONTIME,,,,,,,,,HAN,DAD,AMD,International,VJ,,
2026-01-20|VJ1492/VJ517|A667|BMV-HAN-DAD|19:05,2026-01-20,VJ1492/VJ517,A667,A321,BMV-HAN-DAD,18:35,19:05,18:35,19:05,18:50,19:19,19:20,19:30,00:30,00:30,DELAY,ONTIME,DELAY,ONTIME,,93,00:15,,,,,,HAN,BMV,DAD,Domestic,VJ,,
2026-01-20|VJ784/VJ173|A545|CXR-HAN-SGN|19:05,2026-01-20,VJ784/VJ173,A545,A321,CXR-HAN-SGN,17:10,19:05,17:10,19:05,17:55,19:04,19:05,19:06,01:55,01:10,ONTIME,ONTIME,ONTIME,DELAY,,,,,,,,,HAN,CXR,SGN,Domestic,VJ,,
2026-01-20|VJ130/VJ971|A814|SGN-HAN-DEL|19:10,2026-01-20,VJ130/VJ971,A814,A330,SGN-HAN-DEL,16:45,19:10,16:45,19:10,17:00,18:59,19:00,19:13,02:25,02:00,EARLY,ONTIME,ONTIME,ONTIME,,,,,,,,,HAN,SGN,DEL,International,VJ,,
2026-01-20|VJ957/VJ569|A658|PUS-HAN-HUI|19:15,2026-01-20,VJ957/VJ569,A658,A320,PUS-HAN-HUI,17:15,19:15,17:15,19:15,17:25,19:05,19:06,19:15,02:00,01:41,EARLY,ONTIME,ONTIME,ONTIME,,,,,,,,,HAN,PUS,HUI,Domestic,VJ,,
2026-01-20|VJ152/VJ519|A641|SGN-HAN-DAD|19:45,2026-01-20,VJ152/VJ519,A641,A321,SGN-HAN-DAD,19:15,19:45,19:15,19:45,19:10,19:44,19:45,19:52,00:30,00:35,ONTIME,ONTIME,ONTIME,ONTIME,,,,,,,,,HAN,SGN,DAD,Domestic,VJ,,
2026-01-20|VJ172/VJ177|A816|SGN-HAN-SGN|19:55,2026-01-20,VJ172/VJ177,A816,A330,SGN-HAN-SGN,18:55,19:55,18:55,20:20,19:50,20:29,20:30,20:37,01:25,00:40,DELAY,ONTIME,DELAY,DELAY,,93,00:10,,,,,,HAN,SGN,SGN,Domestic,VJ,,
2026-01-20|VJ928/VJ155|A699|CGK-HAN-SGN|20:05,2026-01-20,VJ928/VJ155,A699,A320,CGK-HAN-SGN,18:15,20:05,18:15,20:05,18:10,20:00,20:01,20:05,01:50,01:51,EARLY,ONTIME,ONTIME,ONTIME,,,,,,,,,HAN,CGK,SGN,Domestic,VJ,,
2026-01-20|VJ916/VJ7712|A578|SIN-HAN-PKX|20:05,2026-01-20,VJ916/VJ7712,A578,A321,SIN-HAN-PKX,17:25,20:05,17:25,20:05,17:20,20:04,20:05,20:12,02:40,02:45,ONTIME,ONTIME,ONTIME,ONTIME,,,,,,,,,HAN,SIN,PKX,International,VJ,,
2026-01-20|VJ424/VJ501|A635|PXU-HAN-DAD|20:15,2026-01-20,VJ424/VJ501,A635,A321,PXU-HAN-DAD,19:35,20:15,19:35,20:15,20:00,20:29,20:30,20:43,00:40,00:30,DELAY,ONTIME,DELAY,DELAY,,93,00:15,,,,,,HAN,PXU,DAD,Domestic,VJ,,
2026-01-20|VJ931/VJ7238|A539|KIX-HAN-PVG|21:30,2026-01-20,VJ931/VJ7238,A539,A321,KIX-HAN-PVG,19:15,21:30,19:15,21:30,19:05,21:22,21:23,21:25,02:15,02:18,EARLY,ONTIME,ONTIME,ONTIME,,,,,,,,,HAN,KIX,PVG,International,VJ,,
2026-01-20|VJ410/VJ123|A693|DLI-HAN-SGN|22:10,2026-01-20,VJ410/VJ123,A693,A321,DLI-HAN-SGN,20:15,22:10,20:15,22:10,20:50,22:06,22:07,22:11,01:55,01:17,EARLY,ONTIME,ONTIME,DELAY,,,,,,,,,HAN,DLI,SGN,Domestic,VJ,,
2026-01-20|VJ568/VJ523|A658|HUI-HAN-DAD|22:45,2026-01-20,VJ568/VJ523,A658,A320,HUI-HAN-DAD,22:15,22:45,22:15,22:45,22:25,22:49,22:50,23:00,00:30,00:25,DELAY,ONTIME,ONTIME,ONTIME,,93,00:05,,,,,,HAN,HUI,DAD,Domestic,VJ,,
2026-01-20|VJ943/VJ962|A538|TPE-HAN-ICN|22:50,2026-01-20,VJ943/VJ962,A538,A321,TPE-HAN-ICN,20:55,22:50,20:55,22:50,21:45,22:45,22:46,22:47,01:55,01:01,EARLY,ONTIME,ONTIME,DELAY,,,,,,,,,HAN,TPE,ICN,International,VJ,,
2026-01-20|VJ190/VJ187|A532|SGN-HAN-SGN|22:50,2026-01-20,VJ190/VJ187,A532,A321,SGN-HAN-SGN,22:00,22:50,22:00,22:50,22:15,22:49,22:50,22:54,00:50,00:35,ONTIME,ONTIME,ONTIME,ONTIME,,,,,,,,,HAN,SGN,SGN,Domestic,VJ,,
2026-01-20|VJ180/VJ171|A642|SGN-HAN-SGN|23:25,2026-01-20,VJ180/VJ171,A642,A321,SGN-HAN-SGN,22:25,23:25,22:25,23:25,22:45,23:24,23:25,23:30,01:00,00:40,ONTIME,ONTIME,ONTIME,DELAY,,,,,,,,,HAN,SGN,SGN,Domestic,VJ,,
2026-01-20|VJ904/VJ7526|A647|BKK-HAN-CAN|23:40,2026-01-20,VJ904/VJ7526,A647,A321,BKK-HAN-CAN,20:25,23:40,20:25,23:40,21:24,23:38,23:40,23:41,03:15,02:16,ONTIME,ONTIME,ONTIME,DELAY,,,,,,,,,HAN,BKK,CAN,International,VJ,,
2026-01-21|VJ932|A811|HAN-NRT|00:55,2026-01-21,VJ932,A811,A330,HAN-NRT,,00:55,,00:55,,00:50,00:51,00:52,,,EARLY,ONTIME,ONTIME,,,,,,,,,,HAN,,NRT,International,VJ,,
2026-01-21|VJ982|A542|HAN-PUS|01:00,2026-01-21,VJ982,A542,A321,HAN-PUS,,01:00,,01:00,,00:44,00:45,00:49,,,EARLY,ONTIME,ONTIME,,,,,,,,,,HAN,,PUS,International,VJ,,
2026-01-21|VJ7706/VJ7706|A550|CXR-HAN-KHV|01:25,2026-01-21,VJ7706/VJ7706,A550,A321,CXR-HAN-KHV,00:55,01:25,00:55,01:25,01:15,01:42,01:43,01:48,00:30,00:28,DELAY,DELAY,DELAY,DELAY,,93,00:18,,,,,,HAN,CXR,KHV,International,VJ,,
2026-01-21|VJ920|A674|HAN-NGO|01:35,2026-01-21,VJ920,A674,A321,HAN-NGO,,01:35,,01:35,,01:27,01:28,01:29,,,EARLY,ONTIME,ONTIME,,,,,,,,,,HAN,,NGO,International,VJ,,
2026-01-21|VJ938|A554|HAN-KIX|01:40,2026-01-21,VJ938,A554,A321,HAN-KIX,,01:40,,01:40,,01:32,01:34,01:39,,,EARLY,ONTIME,ONTIME,,,,,,,,,,HAN,,KIX,International,VJ,,
2026-01-21|VJ960|A575|HAN-ICN|01:45,2026-01-21,VJ960,A575,A321,HAN-ICN,,01:45,,01:45,,01:33,01:34,01:39,,,EARLY,ONTIME,ONTIME,,,,,,,,,,HAN,,ICN,International,VJ,,
2026-01-21|VJ509|A667|HAN-DAD|05:25,2026-01-21,VJ509,A667,A321,HAN-DAD,,05:25,,05:25,,05:19,05:20,05:30,,,EARLY,ONTIME,ONTIME,,,,,,,,,,HAN,,DAD,Domestic,VJ,,
2026-01-21|VJ461|A672|HAN-VCA|05:30,2026-01-21,VJ461,A672,A320,HAN-VCA,,05:30,,05:30,,05:24,05:25,05:30,,,EARLY,ONTIME,ONTIME,,,,,,,,,,HAN,,VCA,Domestic,VJ,,
2026-01-21|VJ7713/VJ401|A578|PKX-HAN-DLI|05:50,2026-01-21,VJ7713/VJ401,A578,A321,PKX-HAN-DLI,04:10,05:50,04:10,05:50,04:35,05:44,05:45,05:50,01:40,01:10,EARLY,ONTIME,ONTIME,DELAY,,,,,,,,,HAN,PKX,DLI,Domestic,VJ,,
2026-01-21|VJ503|A655|HAN-DAD|06:00,2026-01-21,VJ503,A655,A320,HAN-DAD,,06:00,,06:00,,05:54,05:55,06:06,,,EARLY,ONTIME,ONTIME,,,,,,,,,,HAN,,DAD,Domestic,VJ,,
2026-01-21|VJ491|A635|HAN-BMV|06:00,2026-01-21,VJ491,A635,A321,HAN-BMV,,06:00,,06:00,,05:54,05:55,06:02,,,EARLY,ONTIME,ONTIME,,,,,,,,,,HAN,,BMV,Domestic,VJ,,
2026-01-21|VJ185|A668|HAN-SGN|06:00,2026-01-21,VJ185,A668,A320,HAN-SGN,,06:00,,06:00,,05:53,05:55,05:55,,,EARLY,ONTIME,ONTIME,,,,,,,,,,HAN,,SGN,Domestic,VJ,,
2026-01-21|VJ443|A647|CAN-HAN-PQC|06:00,2026-01-21,VJ443,A647,A321,CAN-HAN-PQC,,06:00,,06:00,,05:59,06:00,06:10,,,ONTIME,ONTIME,ONTIME,,,,,,,,,,HAN,CAN,PQC,Domestic,VJ,,
2026-01-21|VJ421|A544|HAN-PXU|06:05,2026-01-21,VJ421,A544,A321,HAN-PXU,,06:05,,06:05,,05:59,06:00,06:08,,,EARLY,ONTIME,ONTIME,,,,,,,,,,HAN,,PXU,Domestic,VJ,,
2026-01-21|VJ105|652G|HAN-VCS|06:45,2026-01-21,VJ105,652G,C909,HAN-VCS,,06:45,,06:45,,06:34,06:35,06:40,,,EARLY,ONTIME,ONTIME,,,,,,,,,,HAN,,VCS,Domestic,VJ,,
2026-01-21|VJ972/VJ167|A814|DEL-HAN-SGN|06:50,2026-01-21,VJ972/VJ167,A814,A330,DEL-HAN-SGN,05:35,06:50,05:35,06:50,05:40,06:44,06:45,06:55,01:15,01:05,EARLY,ONTIME,ONTIME,ONTIME,,,,,,,,,HAN,DEL,SGN,Domestic,VJ,,
2026-01-21|VJ905|A657|HAN-KUL|07:10,2026-01-21,VJ905,A657,A321,HAN-KUL,,07:10,,07:10,,07:04,07:05,07:11,,,EARLY,ONTIME,ONTIME,,,,,,,,,,HAN,,KUL,International,VJ,,
2026-01-21|VJ956|A669|HAN-PUS|07:30,2026-01-21,VJ956,A669,A320,HAN-PUS,,07:30,,07:30,,07:15,07:16,07:18,,,EARLY,ONTIME,ONTIME,,,,,,,,,,HAN,,PUS,International,VJ,,
2026-01-21|VJ771|A641|HAN-CXR|07:35,2026-01-21,VJ771,A641,A321,HAN-CXR,,07:35,,07:35,,07:29,07:30,07:38,,,EARLY,ONTIME,ONTIME,,,,,,,,,,HAN,,CXR,Domestic,VJ,,
2026-01-21|VJ7239/VJ940|A539|PVG-HAN-TPE|07:35,2026-01-21,VJ7239/VJ940,A539,A321,PVG-HAN-TPE,05:15,07:35,05:15,07:35,05:10,07:29,07:30,07:35,02:20,02:20,EARLY,ONTIME,ONTIME,ONTIME,,,,,,,,,HAN,PVG,TPE,International,VJ,,
2026-01-21|VJ107|656E|HAN-VCS|08:15,2026-01-21,VJ107,656E,C909,HAN-VCS,,08:15,,08:15,,08:07,08:08,08:08,,,EARLY,ONTIME,ONTIME,,,,,,,,,,HAN,,VCS,Domestic,VJ,,
2026-01-21|VJ934|A653|HAN-NRT|08:20,2026-01-21,VJ934,A653,A321,HAN-NRT,,08:20,,08:20,,08:19,08:20,08:30,,,ONTIME,ONTIME,ONTIME,,,,,,,,,,HAN,,NRT,International,VJ,,
2026-01-21|VJ122/VJ930|A534|SGN-HAN-KIX|08:20,2026-01-21,VJ122/VJ930,A534,A321,SGN-HAN-KIX,07:30,08:20,07:30,08:20,07:30,08:09,08:10,08:14,00:50,00:40,EARLY,ONTIME,ONTIME,ONTIME,,,,,,,,,HAN,SGN,KIX,International,VJ,,
2026-01-21|VJ524/VJ929|A676|DAD-HAN-CGK|08:40,2026-01-21,VJ524/VJ929,A676,A320,DAD-HAN-CGK,07:35,08:40,07:35,08:40,07:35,08:39,08:40,08:41,01:05,01:05,ONTIME,ONTIME,ONTIME,ONTIME,,,,,,,,,HAN,DAD,CGK,International,VJ,,
2026-01-21|VJ120/VJ121|A817|SGN-HAN-SGN|08:40,2026-01-21,VJ120/VJ121,A817,A330,SGN-HAN-SGN,07:40,08:40,07:40,08:40,07:40,08:39,08:40,08:45,01:00,01:00,ONTIME,ONTIME,ONTIME,ONTIME,,,,,,,,,HAN,SGN,SGN,Domestic,VJ,,
2026-01-21|VJ124/VJ125|A687|SGN-HAN-SGN|08:40,2026-01-21,VJ124/VJ125,A687,A321,SGN-HAN-SGN,07:50,08:40,07:50,08:40,07:47,08:34,08:35,08:39,00:50,00:48,EARLY,ONTIME,ONTIME,ONTIME,,,,,,,,,HAN,SGN,SGN,Domestic,VJ,,
2026-01-21|VJ176/VJ527|A693|SGN-HAN-DAD|09:35,2026-01-21,VJ176/VJ527,A693,A321,SGN-HAN-DAD,09:00,09:35,09:00,09:35,08:55,09:31,09:33,09:45,00:35,00:38,EARLY,ONTIME,ONTIME,ONTIME,,,,,,,,,HAN,SGN,DAD,Domestic,VJ,,
2026-01-21|VJ126/VJ915|A537|SGN-HAN-SIN|09:35,2026-01-21,VJ126/VJ915,A537,A321,SGN-HAN-SIN,08:25,09:35,08:25,09:35,08:35,09:34,09:35,09:40,01:10,01:00,ONTIME,ONTIME,ONTIME,ONTIME,,,,,,,,,HAN,SGN,SIN,International,VJ,,
2026-01-21|VJ148/VJ149|-NVG|SGN-HAN-SGN|10:05,2026-01-21,VJ148/VJ149,-NVG,A320,SGN-HAN-SGN,09:30,10:05,09:30,10:05,09:40,10:04,10:05,10:15,00:35,00:25,ONTIME,ONTIME,ONTIME,ONTIME,,,,,,,,,HAN,SGN,SGN,Domestic,VJ,,
2026-01-21|VJ422/VJ567|A544|PXU-HAN-HUI|10:10,2026-01-21,VJ422/VJ567,A544,A321,PXU-HAN-HUI,09:40,10:10,09:40,10:10,09:50,10:19,10:20,10:25,00:30,00:30,DELAY,ONTIME,ONTIME,ONTIME,,93,00:10,,,,,,HAN,PXU,HUI,Domestic,VJ,,
2026-01-21|VJ507|A699|HAN-DAD|10:30,2026-01-21,VJ507,A699,A320,HAN-DAD,,10:30,,10:30,,10:29,10:30,10:37,,,ONTIME,ONTIME,ONTIME,,,,,,,,,,HAN,,DAD,Domestic,VJ,,
2026-01-21|VJ963/VJ997|A538|ICN-HAN-DPS|10:30,2026-01-21,VJ963/VJ997,A538,A321,ICN-HAN-DPS,09:30,10:30,09:30,10:30,09:15,10:22,10:23,10:38,01:00,01:08,EARLY,ONTIME,ONTIME,ONTIME,,,,,,,,,HAN,ICN,DPS,International,VJ,,
2026-01-21|VJ492/VJ463|A635|BMV-HAN-VCA|10:30,2026-01-21,VJ492/VJ463,A635,A321,BMV-HAN-VCA,10:00,10:30,10:00,11:10,10:30,10:59,11:00,11:05,01:10,00:30,EARLY,ONTIME,DELAY,DELAY,,,,,,,,,HAN,BMV,VCA,Domestic,VJ,,
2026-01-21|VJ504/VJ775|A655|DAD-HAN-CXR|10:40,2026-01-21,VJ504/VJ775,A655,A320,DAD-HAN-CXR,09:00,10:40,09:00,10:40,09:30,10:39,10:40,10:45,01:40,01:10,ONTIME,ONTIME,ONTIME,DELAY,,,,,,,,,HAN,DAD,CXR,Domestic,VJ,,
2026-01-21|VJ403|A636|HAN-DLI|10:45,2026-01-21,VJ403,A636,A320,HAN-DLI,,10:45,,10:45,,10:39,10:40,10:55,,,EARLY,ONTIME,ONTIME,,,,,,,,,,HAN,,DLI,Domestic,VJ,,
2026-01-21|VJ136/VJ135|A523|SGN-HAN-SGN|11:10,2026-01-21,VJ136/VJ135,A523,A321,SGN-HAN-SGN,10:40,11:10,10:40,11:10,10:50,11:09,11:10,11:17,00:30,00:20,ONTIME,ONTIME,ONTIME,ONTIME,,,,,,,,,HAN,SGN,SGN,Domestic,VJ,,
2026-01-21|VJ402/VJ407|A578|DLI-HAN-DLI|11:25,2026-01-21,VJ402/VJ407,A578,A321,DLI-HAN-DLI,10:10,11:25,10:10,11:25,10:00,11:12,11:13,11:15,01:15,01:13,EARLY,ONTIME,ONTIME,ONTIME,,,,,,,,,HAN,DLI,DLI,Domestic,VJ,,
2026-01-21|VJ132/VJ133|A670|SGN-HAN-SGN|11:40,2026-01-21,VJ132/VJ133,A670,A321,SGN-HAN-SGN,11:10,11:40,13:10,13:50,14:00,14:36,14:37,14:40,00:40,00:37,DELAY,DELAY,DELAY,DELAY,,93,00:40,66,00:07,,,,HAN,SGN,SGN,Domestic,VJ,,
2026-01-21|VJ442/VJ946|A647|PQC-HAN-KHH|11:45,2026-01-21,VJ442/VJ946,A647,A321,PQC-HAN-KHH,10:45,11:45,10:45,11:45,11:10,11:42,11:43,11:47,01:00,00:33,EARLY,ONTIME,ONTIME,DELAY,,,,,,,,,HAN,PQC,KHH,International,VJ,,
2026-01-21|VJ770/VJ901|A641|CXR-HAN-BKK|12:45,2026-01-21,VJ770/VJ901,A641,A321,CXR-HAN-BKK,11:45,12:45,11:45,12:45,12:15,12:59,13:00,13:03,01:00,00:45,DELAY,ONTIME,DELAY,DELAY,,93,00:15,,,,,,HAN,CXR,BKK,International,VJ,,
2026-01-21|VJ440/VJ441|A656|PQC-HAN-PQC|12:55,2026-01-21,VJ440/VJ441,A656,A320,PQC-HAN-PQC,11:55,12:55,11:55,12:55,12:00,12:46,12:47,12:50,01:00,00:47,EARLY,ONTIME,ONTIME,ONTIME,,,,,,,,,HAN,PQC,PQC,Domestic,VJ,,
2026-01-21|VJ981/VJ948|A542|PUS-HAN-RMQ|13:35,2026-01-21,VJ981/VJ948,A542,A321,PUS-HAN-RMQ,11:00,13:35,11:00,13:35,10:55,13:19,13:20,13:30,02:35,02:25,EARLY,ONTIME,ONTIME,ONTIME,,,,,,,,,HAN,PUS,RMQ,International,VJ,,
2026-01-21|VJ128/VJ143|A814|SGN-HAN-SGN|13:40,2026-01-21,VJ128/VJ143,A814,A330,SGN-HAN-SGN,12:10,13:40,12:10,13:40,12:23,13:39,13:40,13:43,01:30,01:17,ONTIME,ONTIME,ONTIME,ONTIME,,,,,,,,,HAN,SGN,SGN,Domestic,VJ,,
2026-01-21|VJ528/VJ2956|A693|DAD-HAN-MZG|13:45,2026-01-21,VJ528/VJ2956,A693,A321,DAD-HAN-MZG,12:45,13:45,12:45,13:45,13:10,13:41,13:43,13:50,01:00,00:33,EARLY,ONTIME,ONTIME,DELAY,,,,,,,,FERRY FLIGHT,HAN,DAD,MZG,International,VJ,,
2026-01-21|VJ939/VJ513|A554|KIX-HAN-DAD|14:05,2026-01-21,VJ939/VJ513,A554,A321,KIX-HAN-DAD,13:05,14:05,13:05,14:05,13:00,13:53,13:54,14:05,01:00,00:54,EARLY,ONTIME,ONTIME,ONTIME,,,,,,,,,HAN,KIX,DAD,Domestic,VJ,,
2026-01-21|VJ508/VJ511|A699|DAD-HAN-DAD|14:20,2026-01-21,VJ508/VJ511,A699,A320,DAD-HAN-DAD,13:40,14:20,13:40,14:20,14:00,14:22,14:23,14:27,00:40,00:23,DELAY,ONTIME,ONTIME,DELAY,,93,00:03,,,,,,HAN,DAD,DAD,Domestic,VJ,,
2026-01-21|VJ921/VJ942|A674|NGO-HAN-TPE|14:40,2026-01-21,VJ921/VJ942,A674,A321,NGO-HAN-TPE,13:40,14:40,13:40,14:40,13:25,14:34,14:35,14:37,01:00,01:10,EARLY,ONTIME,ONTIME,ONTIME,,,,,,,,,HAN,NGO,TPE,International,VJ,,
2026-01-21|VJ188/VJ151|-NVE|SGN-HAN-SGN|14:50,2026-01-21,VJ188/VJ151,-NVE,A320,SGN-HAN-SGN,14:15,14:50,14:15,16:15,15:40,16:09,16:10,16:15,02:00,00:30,EARLY,ONTIME,DELAY,DELAY,,,,,,,,,HAN,SGN,SGN,Domestic,VJ,,
2026-01-21|VJ566/VJ1491|A544|HUI-HAN-BMV|15:10,2026-01-21,VJ566/VJ1491,A544,A321,HUI-HAN-BMV,13:05,15:10,13:05,15:10,13:35,15:09,15:10,15:19,02:05,01:35,ONTIME,ONTIME,ONTIME,DELAY,,,,,,,,,HAN,HUI,BMV,Domestic,VJ,,
2026-01-21|VJ7707/VJ7707|A550|KHV-HAN-CXR|15:15,2026-01-21,VJ7707/VJ7707,A550,A321,KHV-HAN-CXR,14:45,15:15,14:45,15:50,15:30,15:45,15:47,16:00,01:05,00:17,EARLY,ONTIME,DELAY,DELAY,,,,,,,,,HAN,KHV,CXR,Domestic,VJ,,
2026-01-21|VJ138/VJ153|A687|SGN-HAN-SGN|15:20,2026-01-21,VJ138/VJ153,A687,A321,SGN-HAN-SGN,14:50,15:20,14:50,15:20,15:50,16:19,16:20,16:45,00:30,00:30,DELAY,DELAY,DELAY,DELAY,,93,01:00,,,,,,HAN,SGN,SGN,Domestic,VJ,,
2026-01-21|VJ404/VJ433|A636|DLI-HAN-UIH|15:25,2026-01-21,VJ404/VJ433,A636,A321,DLI-HAN-UIH,14:55,15:25,14:55,15:25,15:30,15:56,15:57,16:14,00:30,00:27,DELAY,DELAY,DELAY,DELAY,,93,00:32,,,,,,HAN,DLI,UIH,Domestic,VJ,,
2026-01-21|VJ941/VJ145|A539|TPE-HAN-SGN|15:35,2026-01-21,VJ941/VJ145,A539,A321,TPE-HAN-SGN,14:10,15:35,14:10,15:35,14:24,15:34,15:35,15:44,01:25,01:11,ONTIME,ONTIME,ONTIME,ONTIME,,,,,,,,,HAN,TPE,SGN,Domestic,VJ,,
2026-01-21|VJ961/VJ903|A575|ICN-HAN-BKK|15:50,2026-01-21,VJ961/VJ903,A575,A321,ICN-HAN-BKK,14:10,15:50,14:10,15:50,14:10,15:46,15:47,15:50,01:40,01:37,EARLY,ONTIME,ONTIME,ONTIME,,,,,,,,,HAN,ICN,BKK,International,VJ,,
2026-01-21|VJ408/VJ1441|A673|DLI-HAN-PQC|18:50,2026-01-21,VJ408/VJ1441,A673,A321,DLI-HAN-PQC,17:10,18:50,18:20,19:00,18:45,19:14,19:15,19:25,00:40,00:30,DELAY,ONTIME,DELAY,DELAY,,93,00:15,,,,,,HAN,DLI,PQC,Domestic,VJ,,
2026-01-21|VJ144/VJ423|A533|SGN-HAN-PXU|15:55,2026-01-21,VJ144/VJ423,A533,A321,SGN-HAN-PXU,14:10,15:55,14:10,15:55,14:50,15:54,15:55,16:06,01:45,01:05,ONTIME,ONTIME,ONTIME,DELAY,,,,,,,,,HAN,SGN,PXU,Domestic,VJ,,
2026-01-21|VJ933/VJ195|A811|NRT-HAN-SGN|16:00,2026-01-21,VJ933/VJ195,A811,A330,NRT-HAN-SGN,14:00,16:00,14:00,16:00,14:15,15:59,16:00,16:07,02:00,01:45,ONTIME,ONTIME,ONTIME,ONTIME,,,,,,,,,HAN,NRT,SGN,Domestic,VJ,,
2026-01-21|VJ906/VJ409|A657|KUL-HAN-DLI|16:10,2026-01-21,VJ906/VJ409,A657,A321,KUL-HAN-DLI,14:55,16:10,14:55,16:10,14:20,16:08,16:09,16:25,01:15,01:49,EARLY,ONTIME,ONTIME,ONTIME,,,,,,,,,HAN,KUL,DLI,Domestic,VJ,,
2026-01-21|VJ460/VJ913|A635|VCA-HAN-SAI|16:20,2026-01-21,VJ460/VJ913,A635,A321,VCA-HAN-SAI,16:00,16:20,16:00,16:50,16:15,16:59,17:00,17:08,00:50,00:45,DELAY,ONTIME,DELAY,ONTIME,,66,00:10,,,,,CHANGE CREW HN OB 1635,HAN,VCA,SAI,International,VJ,,
2026-01-21|VJ774/VJ515|A655|CXR-HAN-DAD|16:25,2026-01-21,VJ774/VJ515,A655,A320,CXR-HAN-DAD,14:50,16:25,14:50,16:25,15:20,16:24,16:25,16:44,01:35,01:05,ONTIME,ONTIME,DELAY,DELAY,,,,,,,,,HAN,CXR,DAD,Domestic,VJ,,
2026-01-21|VJ134/VJ163|-MLI|SGN-HAN-SGN|17:20,2026-01-21,VJ134/VJ163,-MLI,A320,SGN-HAN-SGN,16:50,17:20,17:40,19:00,18:55,19:19,19:20,19:39,01:20,00:25,DELAY,DELAY,DELAY,DELAY,,93,00:20,,,,,,HAN,SGN,SGN,Domestic,VJ,,
2026-01-21|VJ462/VJ445|A672|VCA-HAN-PQC|17:40,2026-01-21,VJ462/VJ445,A672,A320,VCA-HAN-PQC,15:40,17:40,15:40,17:40,15:35,17:39,17:40,17:48,02:00,02:05,ONTIME,ONTIME,ONTIME,ONTIME,,,,,,,,,HAN,VCA,PQC,Domestic,VJ,,
2026-01-21|VJ514/VJ465|A554|DAD-HAN-VCA|17:50,2026-01-21,VJ514/VJ465,A554,A321,DAD-HAN-VCA,17:15,17:50,17:15,17:50,17:55,18:16,18:17,18:28,00:35,00:22,DELAY,DELAY,DELAY,DELAY,,93,00:27,,,,,,HAN,DAD,VCA,Domestic,VJ,,
2026-01-21|VJ902/VJ779|A641|BKK-HAN-CXR|18:20,2026-01-21,VJ902/VJ779,A641,A321,BKK-HAN-CXR,17:30,18:20,17:30,19:00,17:55,18:54,18:55,19:00,01:30,01:00,EARLY,ONTIME,DELAY,DELAY,,,,,,,,,HAN,BKK,CXR,Domestic,VJ,,
2026-01-21|VJ957/VJ193|A669|PUS-HAN-SGN|18:25,2026-01-21,VJ957/VJ193,A669,A320,PUS-HAN-SGN,17:20,18:25,17:20,18:25,17:25,18:44,18:45,18:55,01:05,01:20,DELAY,DELAY,DELAY,ONTIME,,95,00:20,,,,,CREW FROM VJ146 OB 1820,HAN,PUS,SGN,Domestic,VJ,,
2026-01-21|VJ947/VJ147|A647|KHH-HAN-SGN|19:00,2026-01-21,VJ947/VJ147,A647,A321,KHH-HAN-SGN,18:05,19:00,18:05,19:00,18:00,18:59,19:00,19:05,00:55,01:00,ONTIME,ONTIME,ONTIME,ONTIME,,,,,,,,,HAN,KHH,SGN,Domestic,VJ,,
2026-01-21|VJ928/VJ1925|A676|CGK-HAN-AMD|19:15,2026-01-21,VJ928/VJ1925,A676,A320,CGK-HAN-AMD,18:15,19:15,18:15,19:15,18:45,19:34,19:35,19:42,01:00,00:50,DELAY,DELAY,DELAY,DELAY,,66,00:10,49,00:10,,,CHANGE CREW HN OB 1903/MCC SIGN TECHLOG,HAN,CGK,AMD,International,VJ,,
2026-01-21|VJ916/VJ7358|A537|SIN-HAN-HRB|19:25,2026-01-21,VJ916/VJ7358,A537,A321,SIN-HAN-HRB,17:25,19:25,17:25,19:25,17:35,19:19,19:20,19:26,02:00,01:45,EARLY,ONTIME,ONTIME,ONTIME,,,,,,,,,HAN,SIN,HRB,International,VJ,,
2026-01-21|VJ1492/VJ517|A544|BMV-HAN-DAD|19:45,2026-01-21,VJ1492/VJ517,A544,A321,BMV-HAN-DAD,19:10,19:45,19:10,19:45,19:15,19:49,19:50,20:00,00:35,00:35,DELAY,ONTIME,ONTIME,ONTIME,,87,00:05,,,,,STUCK AT PBB,HAN,BMV,DAD,Domestic,VJ,,
2026-01-21|VJ512/VJ169|A658|DAD-HAN-SGN|19:50,2026-01-21,VJ512/VJ169,A658,A320,DAD-HAN-SGN,17:30,19:50,17:30,19:50,17:12,19:48,19:50,19:51,02:20,02:38,ONTIME,ONTIME,ONTIME,ONTIME,,,,,,,,,HAN,DAD,SGN,Domestic,VJ,,
2026-01-21|VJ424/VJ155|A635|PXU-HAN-SGN|20:05,2026-01-21,VJ424/VJ155,A635,A321,PXU-HAN-SGN,19:35,20:05,19:35,20:05,19:55,20:18,20:20,20:25,00:30,00:25,DELAY,ONTIME,DELAY,DELAY,,93,00:15,,,,,,HAN,PXU,SGN,Domestic,VJ,,
2026-01-21|VJ446/VJ7712|A656|PQC-HAN-PKX|20:05,2026-01-21,VJ446/VJ7712,A656,A320,PQC-HAN-PKX,17:35,20:05,17:35,20:05,18:20,19:54,19:55,20:01,02:30,01:35,EARLY,ONTIME,ONTIME,DELAY,,,,,,,,,HAN,PQC,PKX,International,VJ,,
2026-01-21|VJ516/VJ569|A655|DAD-HAN-HUI|20:05,2026-01-21,VJ516/VJ569,A655,A320,DAD-HAN-HUI,19:35,20:05,20:00,20:35,20:15,20:38,20:40,20:47,00:35,00:25,DELAY,ONTIME,DELAY,DELAY,,93,00:05,,,,,,HAN,DAD,HUI,Domestic,VJ,,
2026-01-21|VJ931/VJ907|A534|KIX-HAN-BOM|20:15,2026-01-21,VJ931/VJ907,A534,A321,KIX-HAN-BOM,19:15,20:15,19:15,20:15,19:00,19:59,20:00,20:10,01:00,01:00,EARLY,ONTIME,ONTIME,ONTIME,,,,,,,,,HAN,KIX,BOM,International,VJ,,
2026-01-21|VJ432/VJ501|A636|UIH-HAN-DAD|20:45,2026-01-21,VJ432/VJ501,A636,A321,UIH-HAN-DAD,19:50,20:45,19:50,20:45,20:06,20:44,20:45,20:52,00:55,00:39,ONTIME,ONTIME,ONTIME,DELAY,,,,,,,,,HAN,UIH,DAD,Domestic,VJ,,
2026-01-21|VJ410/VJ7238|A657|DLI-HAN-PVG|21:30,2026-01-21,VJ410/VJ7238,A657,A320,DLI-HAN-PVG,20:20,21:30,20:20,21:30,20:50,21:29,21:30,21:32,01:10,00:40,ONTIME,ONTIME,ONTIME,DELAY,,,,,,,,,HAN,DLI,PVG,International,VJ,,
2026-01-21|VJ160/VJ161|A670|SGN-HAN-SGN|22:00,2026-01-21,VJ160/VJ161,A670,A321,SGN-HAN-SGN,21:15,22:00,21:15,22:00,22:25,22:54,22:55,23:01,00:45,00:30,DELAY,DELAY,DELAY,DELAY,,93,00:55,,,,,,HAN,SGN,SGN,Domestic,VJ,,
2026-01-21|VJ904/VJ123|A575|BKK-HAN-SGN|22:10,2026-01-21,VJ904/VJ123,A575,A321,BKK-HAN-SGN,20:25,22:10,20:25,22:10,20:40,22:04,22:05,22:09,01:45,01:25,EARLY,ONTIME,ONTIME,ONTIME,,,,,,,,,HAN,BKK,SGN,Domestic,VJ,,
2026-01-21|VJ943/VJ962|A674|TPE-HAN-ICN|22:50,2026-01-21,VJ943/VJ962,A674,A321,TPE-HAN-ICN,21:10,22:50,21:10,22:50,21:45,22:48,22:50,23:00,01:40,01:05,ONTIME,ONTIME,ONTIME,DELAY,,,,,,,,,HAN,TPE,ICN,International,VJ,,
2026-01-21|VJ180/VJ171|A522|SGN-HAN-SGN|23:25,2026-01-21,VJ180/VJ171,A522,A321,SGN-HAN-SGN,22:25,23:25,22:25,23:25,22:50,23:24,23:25,23:35,01:00,00:35,ONTIME,ONTIME,ONTIME,DELAY,,,,,,,,,HAN,SGN,SGN,Domestic,VJ,,
2026-01-21|VJ568/VJ523|A655|HUI-HAN-DAD|23:35,2026-01-21,VJ568/VJ523,A655,A320,HUI-HAN-DAD,23:05,23:35,23:05,23:35,23:50,00:14,00:15,00:19,00:30,00:25,DELAY,DELAY,DELAY,DELAY,,,,,,,,,HAN,HUI,DAD,Domestic,VJ,,
2026-01-21|VJ152/VJ7342|A648|SGN-HAN-XIY|23:35,2026-01-21,VJ152/VJ7342,A648,A321,SGN-HAN-XIY,21:05,23:35,21:05,23:35,21:25,23:24,23:25,23:31,02:30,02:00,EARLY,ONTIME,ONTIME,DELAY,,,,,,,,,HAN,SGN,XIY,International,VJ,,
2026-01-21|VJ914/VJ7526|A635|SAI-HAN-CAN|23:40,2026-01-21,VJ914/VJ7526,A635,A321,SAI-HAN-CAN,21:00,23:40,21:00,23:40,21:00,23:37,23:38,23:45,02:40,02:38,EARLY,ONTIME,ONTIME,ONTIME,,,,,,,,,HAN,SAI,CAN,International,VJ,,
2026-01-22|VJ3521/VJ3521|A539|PQC-HAN-VVO|00:25,2026-01-22,VJ3521/VJ3521,A539,A321,PQC-HAN-VVO,23:55,00:25,23:55,00:25,1904-01-02,00:29,00:30,00:35,00:30,00:30,DELAY,DELAY,ONTIME,ONTIME,,93,00:05,,,,,,HAN,PQC,VVO,International,VJ,,
2026-01-22|VJ932|A653|HAN-NRT|00:55,2026-01-22,VJ932,A653,A321,HAN-NRT,,00:55,,00:55,,00:54,00:55,01:04,,,ONTIME,ONTIME,ONTIME,,,,,,,,,,HAN,,NRT,International,VJ,,
2026-01-22|VJ982|A544|HAN-PUS|01:00,2026-01-22,VJ982,A544,A321,HAN-PUS,,01:00,,01:00,,00:54,00:55,00:59,,,EARLY,ONTIME,ONTIME,,,,,,,,,,HAN,,PUS,International,VJ,,
2026-01-22|VJ920|A697|HAN-NGO|01:35,2026-01-22,VJ920,A697,A321,HAN-NGO,,01:35,,01:35,,01:23,01:25,01:27,,,EARLY,ONTIME,ONTIME,,,,,,,,,,HAN,,NGO,International,VJ,,
2026-01-22|VJ938|A554|HAN-KIX|01:40,2026-01-22,VJ938,A554,A321,HAN-KIX,,01:40,,01:40,,01:38,01:40,01:43,,,ONTIME,ONTIME,ONTIME,,,,,,,,,,HAN,,KIX,International,VJ,,
2026-01-22|VJ960|A538|HAN-ICN|01:45,2026-01-22,VJ960,A538,A321,HAN-ICN,,01:45,,01:45,,01:33,01:35,01:40,,,EARLY,ONTIME,ONTIME,,,,,,,,,,HAN,,ICN,International,VJ,,
2026-01-22|VJ958|A542|HAN-FUK|02:05,2026-01-22,VJ958,A542,A321,HAN-FUK,,02:05,,02:05,,01:48,01:50,01:58,,,EARLY,ONTIME,ONTIME,,,,,,,,,,HAN,,FUK,International,VJ,,
2026-01-22|VJ461|A643|HAN-VCA|05:30,2026-01-22,VJ461,A643,A321,HAN-VCA,,05:30,,05:30,,05:24,05:25,05:33,,,EARLY,ONTIME,ONTIME,,,,,,,,,,HAN,,VCA,Domestic,VJ,,
2026-01-22|VJ443|A693|HAN-PQC|06:00,2026-01-22,VJ443,A693,A321,HAN-PQC,,06:00,,06:00,,05:51,05:52,05:54,,,EARLY,ONTIME,ONTIME,,,,,,,,,,HAN,,PQC,Domestic,VJ,,
2026-01-22|VJ491|A636|HAN-BMV|06:00,2026-01-22,VJ491,A636,A321,HAN-BMV,,06:00,,06:00,,05:54,05:55,05:58,,,EARLY,ONTIME,ONTIME,,,,,,,,,,HAN,,BMV,Domestic,VJ,,
2026-01-22|VJ7527/VJ503|A635|CAN-HAN-DAD|06:00,2026-01-22,VJ7527/VJ503,A635,A321,CAN-HAN-DAD,04:35,06:00,04:35,06:00,04:30,05:54,05:55,06:03,01:25,01:25,EARLY,ONTIME,ONTIME,ONTIME,,,,,,,,,HAN,CAN,DAD,Domestic,VJ,,
2026-01-22|VJ7713/VJ952|A656|PKX-HAN-HIJ|06:35,2026-01-22,VJ7713/VJ952,A656,A320,PKX-HAN-HIJ,04:10,06:35,04:10,06:35,04:15,06:29,06:30,06:40,02:25,02:15,EARLY,ONTIME,ONTIME,ONTIME,,,,,,,,,HAN,PKX,HIJ,International,VJ,,
2026-01-22|VJ181|A641|HAN-SGN|06:40,2026-01-22,VJ181,A641,A321,HAN-SGN,,06:40,,06:40,,06:34,06:35,06:41,,,EARLY,ONTIME,ONTIME,,,,,,,,,,HAN,,SGN,Domestic,VJ,,
2026-01-22|VJ105|652G|HAN-VCS|06:45,2026-01-22,VJ105,652G,C909,HAN-VCS,,06:45,,06:45,,06:38,06:40,06:41,,,EARLY,ONTIME,ONTIME,,,,,,,,,,HAN,,VCS,Domestic,VJ,,
2026-01-22|VJ7239/VJ905|A657|PVG-HAN-KUL|07:10,2026-01-22,VJ7239/VJ905,A657,A321,PVG-HAN-KUL,05:15,07:10,05:15,07:10,05:00,07:09,07:10,07:16,01:55,02:10,ONTIME,ONTIME,ONTIME,ONTIME,,,,,,,,,HAN,PVG,KUL,International,VJ,,
2026-01-22|VJ1926/VJ956|A676|AMD-HAN-PUS|07:30,2026-01-22,VJ1926/VJ956,A676,A320,AMD-HAN-PUS,06:35,07:30,06:35,07:30,06:00,07:24,07:25,07:30,00:55,01:25,EARLY,ONTIME,ONTIME,ONTIME,,,,,,,,,HAN,AMD,PUS,International,VJ,,
2026-01-22|VJ122/VJ771|A667|SGN-HAN-CXR|07:35,2026-01-22,VJ122/VJ771,A667,A321,SGN-HAN-CXR,07:30,07:35,07:30,08:25,07:45,08:18,08:20,08:26,00:55,00:35,EARLY,ONTIME,DELAY,ONTIME,,,,,,,,,HAN,SGN,CXR,Domestic,VJ,,
2026-01-22|VJ7343/VJ940|A648|XIY-HAN-TPE|07:35,2026-01-22,VJ7343/VJ940,A648,A321,XIY-HAN-TPE,06:35,07:35,06:35,07:35,06:05,07:13,07:15,07:25,01:00,01:10,EARLY,ONTIME,ONTIME,ONTIME,,,,,,,,,HAN,XIY,TPE,International,VJ,,
2026-01-22|VJ524/VJ431|A655|DAD-HAN-UIH|08:15,2026-01-22,VJ524/VJ431,A655,A320,DAD-HAN-UIH,07:40,08:15,07:40,08:15,07:30,08:07,08:08,08:11,00:35,00:38,EARLY,ONTIME,ONTIME,ONTIME,,,,,,,,,HAN,DAD,UIH,Domestic,VJ,,
2026-01-22|VJ107|656E|HAN-VCS|08:15,2026-01-22,VJ107,656E,C909,HAN-VCS,,08:15,,08:15,,08:09,08:10,08:18,,,EARLY,ONTIME,ONTIME,,,,,,,,,,HAN,,VCS,Domestic,VJ,,
2026-01-22|VJ910/VJ930|A534|BOM-HAN-KIX|08:20,2026-01-22,VJ910/VJ930,A534,A321,BOM-HAN-KIX,07:40,08:20,07:40,08:20,06:30,08:14,08:15,08:18,00:40,01:45,EARLY,ONTIME,ONTIME,ONTIME,,,,,,,,,HAN,BOM,KIX,International,VJ,,
2026-01-22|VJ7359/VJ934|A537|HRB-HAN-NRT|08:30,2026-01-22,VJ7359/VJ934,A537,A321,HRB-HAN-NRT,07:30,08:30,07:30,08:30,06:30,08:17,08:18,08:30,01:00,01:48,EARLY,ONTIME,ONTIME,ONTIME,,,,,,,,,HAN,HRB,NRT,International,VJ,,
2026-01-22|VJ125|A699|HAN-SGN|08:40,2026-01-22,VJ125,A699,A320,HAN-SGN,,08:40,,08:40,,08:39,08:40,08:48,,,ONTIME,ONTIME,ONTIME,,,,,,,,,,HAN,,SGN,Domestic,VJ,,
2026-01-22|VJ124/VJ929|A658|SGN-HAN-CGK|08:50,2026-01-22,VJ124/VJ929,A658,A320,SGN-HAN-CGK,07:50,08:50,07:50,08:50,08:00,08:49,08:50,08:55,01:00,00:50,ONTIME,ONTIME,ONTIME,ONTIME,,,,,,,,,HAN,SGN,CGK,International,VJ,,
2026-01-22|VJ773|A815|HAN-CXR|08:55,2026-01-22,VJ773,A815,A330,HAN-CXR,,08:55,,08:55,,08:44,08:45,08:50,,,EARLY,ONTIME,ONTIME,,,,,,,,,,HAN,,CXR,Domestic,VJ,,
2026-01-22|VJ139|A811|HAN-SGN|09:25,2026-01-22,VJ139,A811,A330,HAN-SGN,,09:25,,09:25,,09:23,09:25,09:27,,,ONTIME,ONTIME,ONTIME,,,,,,,,,,HAN,,SGN,Domestic,VJ,,
2026-01-22|VJ915|A698|HAN-SIN|09:35,2026-01-22,VJ915,A698,A321,HAN-SIN,,09:35,,09:35,,09:34,09:35,09:42,,,ONTIME,ONTIME,ONTIME,,,,,,,,,,HAN,,SIN,International,VJ,,
2026-01-22|VJ997|A553|HAN-DPS|10:00,2026-01-22,VJ997,A553,A321,HAN-DPS,,10:00,,10:00,,09:55,09:56,01:00,,,EARLY,ONTIME,ONTIME,,,,,,,,,,HAN,,DPS,International,VJ,,
2026-01-22|VJ148/VJ149|-NVG|SGN-HAN-SGN|10:05,2026-01-22,VJ148/VJ149,-NVG,A320,SGN-HAN-SGN,09:30,10:05,09:30,10:05,09:45,10:09,10:10,10:19,00:35,00:25,DELAY,ONTIME,ONTIME,ONTIME,,93,00:05,,,,,,HAN,SGN,SGN,Domestic,VJ,,
2026-01-22|VJ504/VJ567|A635|DAD-HAN-HUI|10:10,2026-01-22,VJ504/VJ567,A635,A321,DAD-HAN-HUI,09:00,10:10,09:00,10:10,09:37,10:05,10:06,10:11,01:10,00:29,EARLY,ONTIME,ONTIME,DELAY,,,,,,,,,HAN,DAD,HUI,Domestic,VJ,,
2026-01-22|VJ492/VJ507|A636|BMV-HAN-DAD|10:30,2026-01-22,VJ492/VJ507,A636,A321,BMV-HAN-DAD,10:00,10:30,10:00,10:30,09:56,10:29,10:30,10:39,00:30,00:34,ONTIME,ONTIME,ONTIME,ONTIME,,,,,,,,,HAN,BMV,DAD,Domestic,VJ,,
2026-01-22|VJ963/VJ403|A674|ICN-HAN-DLI|10:45,2026-01-22,VJ963/VJ403,A674,A321,ICN-HAN-DLI,09:30,10:45,09:30,10:45,09:10,10:34,10:35,10:45,01:15,01:25,EARLY,ONTIME,ONTIME,ONTIME,,,,,,,,,HAN,ICN,DLI,Domestic,VJ,,
2026-01-22|VJ126/VJ407|A677|SGN-HAN-DLI|11:25,2026-01-22,VJ126/VJ407,A677,A321,SGN-HAN-DLI,08:25,11:25,08:25,11:25,08:35,11:24,11:25,11:34,03:00,02:50,ONTIME,ONTIME,ONTIME,ONTIME,,,,,,,,,HAN,SGN,DLI,Domestic,VJ,,
2026-01-22|VJ132/VJ137|A641|SGN-HAN-SGN|11:40,2026-01-22,VJ132/VJ137,A641,A321,SGN-HAN-SGN,11:10,11:40,15:50,17:15,16:35,17:14,17:15,17:20,01:25,00:40,ONTIME,ONTIME,DELAY,DELAY,,,,,,,,,HAN,SGN,SGN,Domestic,VJ,,
2026-01-22|VJ442/VJ946|A693|PQC-HAN-KHH|11:45,2026-01-22,VJ442/VJ946,A693,A321,PQC-HAN-KHH,10:45,11:45,10:45,11:45,10:40,11:25,11:30,11:35,01:00,00:50,EARLY,ONTIME,ONTIME,ONTIME,,,,,,,,,HAN,PQC,KHH,International,VJ,,
2026-01-22|VJ135|A650|HAN-SGN|12:00,2026-01-22,VJ135,A650,A320,HAN-SGN,,12:00,,12:00,,11:55,11:56,11:59,,,EARLY,ONTIME,ONTIME,,,,,,,,,,HAN,,SGN,Domestic,VJ,,
2026-01-22|VJ981/VJ901|A687|PUS-HAN-BKK|12:15,2026-01-22,VJ981/VJ901,A687,A321,PUS-HAN-BKK,11:00,12:15,11:00,12:15,11:40,12:34,12:35,12:44,01:15,00:55,DELAY,DELAY,DELAY,DELAY,,93,00:10,41,00:10,,,TECHNICAL CHECK,HAN,PUS,BKK,International,VJ,,
2026-01-22|VJ430/VJ441|A655|UIH-HAN-PQC|12:40,2026-01-22,VJ430/VJ441,A655,A320,UIH-HAN-PQC,12:00,12:40,12:00,12:40,11:55,12:30,12:31,12:39,00:40,00:36,EARLY,ONTIME,ONTIME,ONTIME,,,,,,,,,HAN,UIH,PQC,Domestic,VJ,,
2026-01-22|VJ3522/VJ3522|A539|VVO-HAN-PQC|12:50,2026-01-22,VJ3522/VJ3522,A539,A321,VVO-HAN-PQC,12:20,12:50,12:20,12:50,12:50,13:16,13:17,13:27,00:30,00:27,DELAY,DELAY,DELAY,DELAY,,93,00:27,,,,,,HAN,VVO,PQC,Domestic,VJ,,
2026-01-22|VJ780/VJ781|A684|CXR-HAN-CXR|13:20,2026-01-22,VJ780/VJ781,A684,A321,CXR-HAN-CXR,12:45,13:20,12:45,13:20,12:40,13:16,13:17,13:20,00:35,00:37,EARLY,ONTIME,ONTIME,ONTIME,,,,,,,,,HAN,CXR,CXR,Domestic,VJ,,
2026-01-22|VJ566/VJ513|A635|HUI-HAN-DAD|13:35,2026-01-22,VJ566/VJ513,A635,A321,HUI-HAN-DAD,13:05,13:35,13:05,13:35,13:15,13:44,13:45,15:50,00:30,00:30,DELAY,ONTIME,DELAY,ONTIME,,,,,,,,,HAN,HUI,DAD,Domestic,VJ,,
2026-01-22|VJ959/VJ948|A542|FUK-HAN-RMQ|13:35,2026-01-22,VJ959/VJ948,A542,A321,FUK-HAN-RMQ,12:25,13:35,12:25,13:35,12:02,13:24,13:25,13:37,01:10,01:23,EARLY,ONTIME,ONTIME,ONTIME,,,,,,,,,HAN,FUK,RMQ,International,VJ,,
2026-01-22|VJ508/VJ511|A636|DAD-HAN-DAD|14:20,2026-01-22,VJ508/VJ511,A636,A321,DAD-HAN-DAD,13:40,14:20,13:40,14:20,14:05,14:29,14:30,14:35,00:40,00:25,DELAY,ONTIME,ONTIME,DELAY,,93,00:10,,,,,,HAN,DAD,DAD,Domestic,VJ,,
2026-01-22|VJ939/VJ1491|A554|KIX-HAN-BMV|14:35,2026-01-22,VJ939/VJ1491,A554,A321,KIX-HAN-BMV,13:05,14:35,13:05,14:35,13:25,14:34,14:35,14:40,01:30,01:10,ONTIME,ONTIME,ONTIME,DELAY,,,,,,,,,HAN,KIX,BMV,Domestic,VJ,,
2026-01-22|VJ921/VJ942|A697|NGO-HAN-TPE|14:40,2026-01-22,VJ921/VJ942,A697,A321,NGO-HAN-TPE,13:40,14:40,13:40,14:40,13:35,14:34,14:35,14:44,01:00,01:00,EARLY,ONTIME,ONTIME,ONTIME,,,,,,,,,HAN,NGO,TPE,International,VJ,,
2026-01-22|VJ933/VJ1441|A653|NRT-HAN-PQC|15:30,2026-01-22,VJ933/VJ1441,A653,A321,NRT-HAN-PQC,14:00,15:30,14:00,15:30,14:30,15:25,15:26,15:35,01:30,00:56,EARLY,ONTIME,ONTIME,DELAY,,,,,,,,,HAN,NRT,PQC,Domestic,VJ,,
2026-01-22|VJ144/VJ145|A699|SGN-HAN-SGN|15:35,2026-01-22,VJ144/VJ145,A699,A320,SGN-HAN-SGN,14:10,15:35,14:10,15:35,14:47,15:34,15:35,15:50,01:25,00:48,ONTIME,ONTIME,ONTIME,DELAY,,,,,,,,,HAN,SGN,SGN,Domestic,VJ,,
2026-01-22|VJ941/VJ903|A648|TPE-HAN-BKK|15:50,2026-01-22,VJ941/VJ903,A648,A321,TPE-HAN-BKK,14:10,15:50,14:10,15:50,14:14,15:43,15:45,15:50,01:40,01:31,EARLY,ONTIME,ONTIME,ONTIME,,,,,,,,,HAN,TPE,BKK,International,VJ,,
2026-01-22|VJ961/VJ191|A538|ICN-HAN-SGN|15:55,2026-01-22,VJ961/VJ191,A538,A321,ICN-HAN-SGN,14:10,15:55,14:10,15:55,14:10,15:54,15:55,16:00,01:45,01:45,ONTIME,ONTIME,ONTIME,ONTIME,,,,,,,,,HAN,ICN,SGN,Domestic,VJ,,
2026-01-22|VJ770/VJ423|A667|CXR-HAN-PXU|15:55,2026-01-22,VJ770/VJ423,A667,A321,CXR-HAN-PXU,11:45,15:55,12:40,15:55,12:45,15:54,15:55,16:04,03:15,03:10,ONTIME,ONTIME,ONTIME,DELAY,,,,,,,,,HAN,CXR,PXU,Domestic,VJ,,
2026-01-22|VJ142/VJ195|A811|SGN-HAN-SGN|16:00,2026-01-22,VJ142/VJ195,A811,A330,SGN-HAN-SGN,14:50,16:00,14:50,16:00,15:20,16:09,16:10,16:15,01:10,00:50,DELAY,ONTIME,ONTIME,DELAY,,93,00:10,,,,,,HAN,SGN,SGN,Domestic,VJ,,
2026-01-22|VJ408/VJ409|A698|DLI-HAN-DLI|16:05,2026-01-22,VJ408/VJ409,A698,A321,DLI-HAN-DLI,15:35,16:05,15:35,16:05,16:00,16:28,16:30,16:35,00:30,00:30,DELAY,DELAY,DELAY,DELAY,,93,00:25,,,,,,HAN,DLI,DLI,Domestic,VJ,,
2026-01-22|VJ404/VJ913|A674|DLI-HAN-SAI|16:20,2026-01-22,VJ404/VJ913,A674,A321,DLI-HAN-SAI,14:55,16:20,14:55,16:20,15:00,16:15,16:17,16:20,01:25,01:17,EARLY,ONTIME,ONTIME,ONTIME,,,,,,,,,HAN,DLI,SAI,International,VJ,,
2026-01-22|VJ462/VJ515|A643|VCA-HAN-DAD|16:25,2026-01-22,VJ462/VJ515,A643,A321,VCA-HAN-DAD,15:40,16:25,15:40,16:25,15:35,16:19,16:20,16:40,00:45,00:45,EARLY,ONTIME,ONTIME,ONTIME,,,,,,,,,HAN,VCA,DAD,Domestic,VJ,,
2026-01-22|VJ134/VJ163|-MLI|SGN-HAN-SGN|17:20,2026-01-22,VJ134/VJ163,-MLI,A320,SGN-HAN-SGN,16:50,17:20,17:30,18:10,18:22,18:44,18:45,18:52,00:40,00:23,DELAY,DELAY,DELAY,DELAY,,93,00:35,,,,,,HAN,SGN,SGN,Domestic,VJ,,
2026-01-22|VJ953/VJ147|A656|HIJ-HAN-SGN|17:20,2026-01-22,VJ953/VJ147,A656,A320,HIJ-HAN-SGN,16:20,17:20,16:20,17:20,16:45,17:24,17:25,17:30,01:00,00:40,DELAY,ONTIME,ONTIME,DELAY,,93,00:05,,,,,,HAN,HIJ,SGN,Domestic,VJ,,
2026-01-22|VJ514/VJ465|A635|DAD-HAN-VCA|17:25,2026-01-22,VJ514/VJ465,A635,A321,DAD-HAN-VCA,16:45,17:25,16:45,17:25,17:10,17:38,17:39,17:40,00:40,00:29,DELAY,ONTIME,ONTIME,DELAY,,93,00:14,,,,,,HAN,DAD,VCA,Domestic,VJ,,
2026-01-22|VJ440/VJ445|A672|PQC-HAN-PQC|17:40,2026-01-22,VJ440/VJ445,A672,A320,PQC-HAN-PQC,11:55,17:40,11:55,17:40,12:10,17:38,17:40,17:43,05:45,05:30,ONTIME,ONTIME,ONTIME,ONTIME,,,,,,,,,HAN,PQC,PQC,Domestic,VJ,,
2026-01-22|VJ136/VJ193|A641|SGN-HAN-SGN|18:10,2026-01-22,VJ136/VJ193,A641,A321,SGN-HAN-SGN,15:25,18:10,15:25,18:10,17:25,18:09,18:10,18:13,02:45,00:45,ONTIME,ONTIME,ONTIME,DELAY,,,,,,,,,HAN,SGN,SGN,Domestic,VJ,,
2026-01-22|VJ906/VJ783|A657|KUL-HAN-CXR|18:20,2026-01-22,VJ906/VJ783,A657,A321,KUL-HAN-CXR,14:55,18:20,14:55,18:20,14:30,18:54,18:55,18:59,03:25,04:25,DELAY,DELAY,DELAY,ONTIME,,95,00:35,,,,,CHANGE CREW FRVJ784 OB 1835,HAN,KUL,CXR,Domestic,VJ,,
2026-01-22|VJ916/VJ493|A677|SIN-HAN-BMV|18:25,2026-01-22,VJ916/VJ493,A677,A321,SIN-HAN-BMV,17:25,18:25,17:25,18:25,17:30,18:18,18:20,18:22,01:00,00:50,EARLY,ONTIME,ONTIME,ONTIME,,,,,,,,,HAN,SIN,BMV,Domestic,VJ,,
2026-01-22|VJ446/VJ779|A655|PQC-HAN-CXR|18:25,2026-01-22,VJ446/VJ779,A655,A320,PQC-HAN-CXR,17:25,18:25,17:25,18:25,17:55,18:24,18:25,18:27,01:00,00:30,ONTIME,ONTIME,ONTIME,DELAY,,,,,,,,,HAN,PQC,CXR,Domestic,VJ,,
2026-01-22|VJ194/VJ165|A580|SGN-HAN-SGN|18:30,2026-01-22,VJ194/VJ165,A580,A321,SGN-HAN-SGN,17:30,18:30,17:30,18:30,17:35,18:16,18:17,18:25,01:00,00:42,EARLY,ONTIME,ONTIME,ONTIME,,,,,,,,,HAN,SGN,SGN,Domestic,VJ,,
2026-01-22|VJ1492/VJ517|A553|BMV-HAN-DAD|19:05,2026-01-22,VJ1492/VJ517,A553,A321,BMV-HAN-DAD,18:35,19:05,18:35,19:05,19:00,19:29,19:30,19:42,00:30,00:30,DELAY,DELAY,DELAY,DELAY,,93,00:25,,,,,,HAN,BMV,DAD,Domestic,VJ,,
2026-01-22|VJ947/VJ173|A693|KHH-HAN-SGN|19:05,2026-01-22,VJ947/VJ173,A693,A321,KHH-HAN-SGN,18:05,19:05,18:05,19:05,18:15,19:04,19:05,19:15,01:00,00:50,ONTIME,ONTIME,ONTIME,ONTIME,,,,,,,,,HAN,KHH,SGN,Domestic,VJ,,
2026-01-22|VJ450/VJ971|A817|PQC-HAN-DEL|19:10,2026-01-22,VJ450/VJ971,A817,A330,PQC-HAN-DEL,13:25,19:10,13:25,19:10,14:02,19:09,19:10,19:15,05:45,05:08,ONTIME,ONTIME,ONTIME,DELAY,,,,,,,,,HAN,PQC,DEL,International,VJ,,
2026-01-22|VJ152/VJ569|A578|SGN-HAN-HUI|19:15,2026-01-22,VJ152/VJ569,A578,A320,SGN-HAN-HUI,17:30,19:15,17:30,19:15,17:35,19:12,19:14,19:37,01:45,01:39,EARLY,ONTIME,DELAY,ONTIME,,,,,,,,,HAN,SGN,HUI,Domestic,VJ,,
2026-01-22|VJ928/VJ1925|A658|CGK-HAN-AMD|19:25,2026-01-22,VJ928/VJ1925,A658,A320,CGK-HAN-AMD,18:25,19:25,18:25,19:25,19:00,19:34,19:35,19:59,01:00,00:35,DELAY,ONTIME,DELAY,DELAY,,93,00:10,,,,,,HAN,CGK,AMD,International,VJ,,
2026-01-22|VJ152/VJ519|A670|SGN-HAN-DAD|19:45,2026-01-22,VJ152/VJ519,A670,A321,SGN-HAN-DAD,19:15,19:45,19:15,19:45,19:30,19:59,20:00,20:15,00:30,00:30,DELAY,ONTIME,DELAY,ONTIME,,93,00:15,,,,,,HAN,SGN,DAD,Domestic,VJ,,
2026-01-22|VJ424/VJ155|A554|PXU-HAN-SGN|20:05,2026-01-22,VJ424/VJ155,A554,A321,PXU-HAN-SGN,19:35,20:05,19:35,20:05,20:00,20:29,20:30,20:35,00:30,00:30,DELAY,DELAY,DELAY,DELAY,,93,00:25,,,,,,HAN,PXU,SGN,Domestic,VJ,,
2026-01-22|VJ957/VJ7712|A676|PUS-HAN-PKX|20:05,2026-01-22,VJ957/VJ7712,A676,A320,PUS-HAN-PKX,17:20,20:05,17:20,20:05,17:21,19:54,19:55,20:15,02:45,02:34,EARLY,ONTIME,ONTIME,ONTIME,,,,,,,,,HAN,PUS,PKX,International,VJ,,
2026-01-22|VJ516/VJ501|A643|DAD-HAN-DAD|20:15,2026-01-22,VJ516/VJ501,A643,A321,DAD-HAN-DAD,19:35,20:15,19:35,20:15,20:05,20:39,20:40,20:45,00:40,00:35,DELAY,DELAY,DELAY,DELAY,,93,00:25,,,,,,HAN,DAD,DAD,Domestic,VJ,,
2026-01-22|VJ931/VJ7306|A534|KIX-HAN-TFU|21:10,2026-01-22,VJ931/VJ7306,A534,A321,KIX-HAN-TFU,19:15,21:10,19:15,21:10,19:22,20:58,21:00,21:06,01:55,01:38,EARLY,ONTIME,ONTIME,ONTIME,,,,,,,,,HAN,KIX,TFU,International,VJ,,
2026-01-22|VJ949/VJ7238|A542|RMQ-HAN-PVG|21:30,2026-01-22,VJ949/VJ7238,A542,A321,RMQ-HAN-PVG,19:50,21:30,19:50,21:30,20:10,21:23,21:25,21:26,01:40,01:15,EARLY,ONTIME,ONTIME,DELAY,,,,,,,,,HAN,RMQ,PVG,International,VJ,,
2026-01-22|VJ902/VJ123|A687|BKK-HAN-SGN|22:10,2026-01-22,VJ902/VJ123,A687,A321,BKK-HAN-SGN,17:25,22:10,17:25,22:10,17:35,22:24,22:25,22:26,04:45,04:50,DELAY,ONTIME,DELAY,ONTIME,,95,00:15,,,,,CHANGE CREW FRVJ914 OB 2155,HAN,BKK,SGN,Domestic,VJ,,
2026-01-22|VJ568/VJ523|A689|HUI-HAN-DAD|22:45,2026-01-22,VJ568/VJ523,A689,A320,HUI-HAN-DAD,22:15,22:45,22:15,22:45,22:40,23:04,23:05,23:12,00:30,00:25,DELAY,DELAY,DELAY,DELAY,,93,00:20,,,,,,HAN,HUI,DAD,Domestic,VJ,,
2026-01-22|VJ998/VJ962|A534|DPS-HAN-ICN|22:50,2026-01-22,VJ998/VJ962,A534,A321,DPS-HAN-ICN,21:35,22:50,21:35,22:50,21:30,22:49,22:50,22:58,01:15,01:20,ONTIME,ONTIME,ONTIME,ONTIME,,,,,,,,,HAN,DPS,ICN,International,VJ,,
2026-01-22|VJ190/VJ187|A633|SGN-HAN-SGN|22:50,2026-01-22,VJ190/VJ187,A633,A321,SGN-HAN-SGN,22:00,22:50,22:00,22:50,22:25,22:54,22:55,23:03,00:50,00:30,DELAY,ONTIME,ONTIME,DELAY,,93,00:05,,,,,,HAN,SGN,SGN,Domestic,VJ,,
2026-01-22|VJ180/VJ171|A656|SGN-HAN-SGN|23:25,2026-01-22,VJ180/VJ171,A656,A320,SGN-HAN-SGN,22:25,23:25,22:25,23:25,22:45,23:18,23:20,23:21,01:00,00:35,EARLY,ONTIME,ONTIME,DELAY,,,,,,,,,HAN,SGN,SGN,Domestic,VJ,,
2026-01-22|VJ520/VJ159|A670|DAD-HAN-SGN|23:40,2026-01-22,VJ520/VJ159,A670,A321,DAD-HAN-SGN,22:55,23:40,22:55,23:40,23:40,00:09,00:10,00:15,00:45,00:30,DELAY,DELAY,DELAY,DELAY,,93,00:30,,,,,,HAN,DAD,SGN,Domestic,VJ,,
2026-01-22|VJ410/VJ7526|A534|DLI-HAN-CAN|23:40,2026-01-22,VJ410/VJ7526,A534,A321,DLI-HAN-CAN,20:15,23:40,20:15,23:40,21:18,23:37,23:39,23:46,03:25,02:21,EARLY,ONTIME,ONTIME,DELAY,,,,,,,,,HAN,DLI,CAN,International,VJ,,
2026-01-23|VJ932|A653|HAN-NRT|00:55,2026-01-23,VJ932,A653,A321,HAN-NRT,,00:55,,00:55,,00:54,00:55,00:58,,,ONTIME,ONTIME,ONTIME,,,,,,,,,,HAN,,NRT,International,VJ,,
2026-01-23|VJ982|A698|HAN-PUS|01:00,2026-01-23,VJ982,A698,A321,HAN-PUS,,01:00,,01:00,,00:49,00:50,00:53,,,EARLY,ONTIME,ONTIME,,,,,,,,,,HAN,,PUS,International,VJ,,
2026-01-23|VJ920|A537|HAN-NGO|01:35,2026-01-23,VJ920,A537,A321,HAN-NGO,,01:35,,01:35,,01:21,01:23,01:27,,,EARLY,ONTIME,ONTIME,,,,,,,,,,HAN,,NGO,International,VJ,,
2026-01-23|VJ938|A674|HAN-KIX|01:40,2026-01-23,VJ938,A674,A321,HAN-KIX,,01:40,,01:40,,01:28,01:30,01:33,,,EARLY,ONTIME,ONTIME,,,,,,,,,,HAN,,KIX,International,VJ,,
2026-01-23|VJ960|A697|HAN-ICN|01:45,2026-01-23,VJ960,A697,A321,HAN-ICN,,01:45,,01:45,,01:34,01:36,01:41,,,EARLY,ONTIME,ONTIME,,,,,,,,,,HAN,,ICN,International,VJ,,
2026-01-23|VJ7614/VJ7614|A539|CXR-HAN-BQS|02:10,2026-01-23,VJ7614/VJ7614,A539,A321,CXR-HAN-BQS,01:40,02:10,01:40,02:10,02:00,02:29,02:30,02:38,00:30,00:30,DELAY,DELAY,DELAY,DELAY,,93,00:20,,,,,,HAN,CXR,BQS,International,VJ,,
2026-01-23|VJ7713/VJ185|A676|PKX-HAN-SGN|05:10,2026-01-23,VJ7713/VJ185,A676,A320,PKX-HAN-SGN,04:10,05:10,04:10,05:10,04:35,05:09,05:10,05:17,01:00,00:35,ONTIME,ONTIME,ONTIME,DELAY,,,,,,,,,HAN,PKX,SGN,Domestic,VJ,,
2026-01-23|VJ461|A655|HAN-VCA|05:30,2026-01-23,VJ461,A655,A320,HAN-VCA,,05:30,,05:30,,05:24,05:25,05:38,,,EARLY,ONTIME,ONTIME,,,,,,,,,,HAN,,VCA,Domestic,VJ,,
2026-01-23|VJ503|A651|HAN-DAD|06:00,2026-01-23,VJ503,A651,A321,HAN-DAD,,06:00,,06:00,,05:54,05:55,05:58,,,EARLY,ONTIME,ONTIME,,,,,,,,,,HAN,,DAD,Domestic,VJ,,
2026-01-23|VJ491|A648|HAN-BMV|06:00,2026-01-23,VJ491,A648,A321,HAN-BMV,,06:00,,06:00,,05:54,05:55,06:00,,,EARLY,ONTIME,ONTIME,,,,,,,,,,HAN,,BMV,Domestic,VJ,,
2026-01-23|VJ401|A643|HAN-DLI|06:00,2026-01-23,VJ401,A643,A321,HAN-DLI,,06:00,,06:00,,05:54,05:55,06:15,,,EARLY,ONTIME,ONTIME,,,,,,,,,,HAN,,DLI,Domestic,VJ,,
2026-01-23|VJ7527/VJ443|A677|CAN-HAN-PQC|06:00,2026-01-23,VJ7527/VJ443,A677,A321,CAN-HAN-PQC,04:35,06:00,04:35,06:00,04:45,05:54,05:55,06:05,01:25,01:10,EARLY,ONTIME,ONTIME,ONTIME,,,,,,,,,HAN,CAN,PQC,Domestic,VJ,,
2026-01-23|VJ421|A637|HAN-PXU|06:05,2026-01-23,VJ421,A637,A321,HAN-PXU,,06:05,,06:05,,05:59,06:00,06:10,,,EARLY,ONTIME,ONTIME,,,,,,,,,,HAN,,PXU,Domestic,VJ,,
2026-01-23|VJ181|A644|HAN-SGN|06:40,2026-01-23,VJ181,A644,A321,HAN-SGN,,06:40,,06:40,,06:34,06:35,06:42,,,EARLY,ONTIME,ONTIME,,,,,,,,,,HAN,,SGN,Domestic,VJ,,
2026-01-23|VJ105|652G|HAN-VCS|06:45,2026-01-23,VJ105,652G,C909,HAN-VCS,,06:45,,06:45,,06:39,06:40,06:45,,,EARLY,ONTIME,ONTIME,,,,,,,,,,HAN,,VCS,Domestic,VJ,,
2026-01-23|VJ905|A684|HAN-KUL|07:10,2026-01-23,VJ905,A684,A321,HAN-KUL,,07:10,,07:10,,07:04,07:05,07:10,,,EARLY,ONTIME,ONTIME,,,,,,,,,,HAN,,KUL,International,VJ,,
2026-01-23|VJ956|A699|HAN-PUS|07:30,2026-01-23,VJ956,A699,A320,HAN-PUS,,07:30,,07:30,,07:24,07:25,07:31,,,EARLY,ONTIME,ONTIME,,,,,,,,,,HAN,,PUS,International,VJ,,
2026-01-23|VJ940|A667|HAN-TPE|07:35,2026-01-23,VJ940,A667,A321,HAN-TPE,,07:35,,07:35,,07:29,07:30,07:40,,,EARLY,ONTIME,ONTIME,,,,,,,,,,HAN,,TPE,International,VJ,,
2026-01-23|VJ7307/VJ771|A534|TFU-HAN-CXR|07:35,2026-01-23,VJ7307/VJ771,A534,A321,TFU-HAN-CXR,02:15,07:35,02:15,07:35,02:10,07:29,07:30,07:35,05:20,05:20,EARLY,ONTIME,ONTIME,ONTIME,,,,,,,,,HAN,TFU,CXR,Domestic,VJ,,
2026-01-23|VJ107|656E|HAN-VCS|08:15,2026-01-23,VJ107,656E,C909,HAN-VCS,,08:15,,08:15,,08:09,08:10,08:18,,,EARLY,ONTIME,ONTIME,,,,,,,,,,HAN,,VCS,Domestic,VJ,,
2026-01-23|VJ122/VJ934|A578|SGN-HAN-NRT|08:20,2026-01-23,VJ122/VJ934,A578,A321,SGN-HAN-NRT,07:30,08:20,07:30,08:20,07:20,08:24,08:25,08:30,00:50,01:05,DELAY,ONTIME,ONTIME,ONTIME,,15A,00:05,,,,,OFFLOAD 3PAX+3BAGS,HAN,SGN,NRT,International,VJ,,
2026-01-23|VJ930|A554|HAN-KIX|08:20,2026-01-23,VJ930,A554,A321,HAN-KIX,,08:20,,08:20,,08:19,08:20,08:24,,,ONTIME,ONTIME,ONTIME,,,,,,,,,,HAN,,KIX,International,VJ,,
2026-01-23|VJ524/VJ929|A662|DAD-HAN-CGK|08:40,2026-01-23,VJ524/VJ929,A662,A320,DAD-HAN-CGK,07:40,08:40,07:40,08:40,07:40,08:39,08:40,08:43,01:00,01:00,ONTIME,ONTIME,ONTIME,ONTIME,,,,,,,,,HAN,DAD,CGK,International,VJ,,
2026-01-23|VJ124/VJ125|A544|SGN-HAN-SGN|08:40,2026-01-23,VJ124/VJ125,A544,A321,SGN-HAN-SGN,07:50,08:40,07:50,08:40,07:40,08:37,08:38,08:42,00:50,00:58,EARLY,ONTIME,ONTIME,ONTIME,,,,,,,,,HAN,SGN,SGN,Domestic,VJ,,
2026-01-23|VJ126/VJ127|A647|SGN-HAN-SGN|08:55,2026-01-23,VJ126/VJ127,A647,A321,SGN-HAN-SGN,08:25,08:55,08:25,08:55,08:25,08:59,09:00,09:10,00:30,00:35,DELAY,ONTIME,ONTIME,ONTIME,,15A,00:05,,,,,OFFLOAD 10PAX+2BAGS,HAN,SGN,SGN,Domestic,VJ,,
2026-01-23|VJ176/VJ527|A500|SGN-HAN-DAD|09:30,2026-01-23,VJ176/VJ527,A500,A321,SGN-HAN-DAD,09:00,09:30,09:00,09:30,09:15,09:44,09:45,09:55,00:30,00:30,DELAY,ONTIME,DELAY,ONTIME,,93,00:15,,,,,,HAN,SGN,DAD,Domestic,VJ,,
2026-01-23|VJ139|A811|HAN-SGN|09:30,2026-01-23,VJ139,A811,A330,HAN-SGN,,09:30,,09:30,,09:23,09:25,09:29,,,EARLY,ONTIME,ONTIME,,,,,,,,,,HAN,,SGN,Domestic,VJ,,
2026-01-23|VJ7239/VJ915|A542|PVG-HAN-SIN|09:35,2026-01-23,VJ7239/VJ915,A542,A321,PVG-HAN-SIN,05:15,09:35,05:15,09:35,05:50,09:32,09:33,09:35,04:20,03:43,EARLY,ONTIME,ONTIME,DELAY,,,,,,,,,HAN,PVG,SIN,International,VJ,,
2026-01-23|VJ148/VJ149|-NVG|SGN-HAN-SGN|10:05,2026-01-23,VJ148/VJ149,-NVG,A320,SGN-HAN-SGN,09:30,10:05,09:30,10:05,10:10,10:34,10:35,10:50,00:35,00:25,DELAY,DELAY,DELAY,DELAY,,93,00:30,,,,,,HAN,SGN,SGN,Domestic,VJ,,
2026-01-23|VJ422/VJ567|A637|PXU-HAN-HUI|10:10,2026-01-23,VJ422/VJ567,A637,A321,PXU-HAN-HUI,09:40,10:10,09:40,10:10,09:50,10:13,10:15,10:16,00:30,00:25,DELAY,ONTIME,ONTIME,ONTIME,,93,00:05,,,,,,HAN,PXU,HUI,Domestic,VJ,,
2026-01-23|VJ963/VJ997|A553|ICN-HAN-DPS|10:15,2026-01-23,VJ963/VJ997,A553,A321,ICN-HAN-DPS,09:30,10:15,09:30,10:15,09:05,10:14,10:15,10:23,00:45,01:10,ONTIME,ONTIME,ONTIME,ONTIME,,,,,,,,,HAN,ICN,DPS,International,VJ,,
2026-01-23|VJ504/VJ507|A651|DAD-HAN-DAD|10:30,2026-01-23,VJ504/VJ507,A651,A321,DAD-HAN-DAD,09:00,10:30,09:00,10:30,09:40,10:29,10:30,10:37,01:30,00:50,ONTIME,ONTIME,ONTIME,DELAY,,,,,,,,,HAN,DAD,DAD,Domestic,VJ,,
2026-01-23|VJ463|A635|HAN-VCA|10:30,2026-01-23,VJ463,A635,A321,HAN-VCA,,10:30,,10:30,,10:29,10:30,10:40,,,ONTIME,ONTIME,ONTIME,,,,,,,,,,HAN,,VCA,Domestic,VJ,,
2026-01-23|VJ1926/VJ775|A658|AMD-HAN-CXR|10:40,2026-01-23,VJ1926/VJ775,A658,A320,AMD-HAN-CXR,06:45,10:40,06:45,10:40,06:35,10:39,10:40,10:48,03:55,04:05,ONTIME,ONTIME,ONTIME,ONTIME,,,,,,,,,HAN,AMD,CXR,Domestic,VJ,,
2026-01-23|VJ492/VJ403|A667|BMV-HAN-DLI|10:45,2026-01-23,VJ492/VJ403,A667,A321,BMV-HAN-DLI,10:00,10:45,10:00,10:45,10:15,10:54,10:55,11:00,00:45,00:40,DELAY,ONTIME,ONTIME,ONTIME,,15A,00:10,,,,,OFFLOAD 10PAX+4BAGS,HAN,BMV,DLI,Domestic,VJ,,
2026-01-23|VJ136/VJ135|A676|SGN-HAN-SGN|11:10,2026-01-23,VJ136/VJ135,A676,A320,SGN-HAN-SGN,10:40,11:10,10:40,11:10,10:55,11:29,11:30,11:40,00:30,00:35,DELAY,DELAY,DELAY,ONTIME,,93,00:20,,,,,,HAN,SGN,SGN,Domestic,VJ,,
2026-01-23|VJ972/VJ451|A817|DEL-HAN-PQC|11:25,2026-01-23,VJ972/VJ451,A817,A330,DEL-HAN-PQC,05:35,11:25,05:35,11:25,05:35,11:24,11:25,11:30,05:50,05:50,ONTIME,ONTIME,ONTIME,ONTIME,,,,,,,,,HAN,DEL,PQC,Domestic,VJ,,
2026-01-23|VJ402/VJ407|A643|DLI-HAN-DLI|11:25,2026-01-23,VJ402/VJ407,A643,A321,DLI-HAN-DLI,10:10,11:25,10:10,11:25,10:40,11:24,11:25,11:30,01:15,00:45,ONTIME,ONTIME,ONTIME,DELAY,,,,,,,,,HAN,DLI,DLI,Domestic,VJ,,
2026-01-23|VJ132/VJ137|A668|SGN-HAN-SGN|11:40,2026-01-23,VJ132/VJ137,A668,A320,SGN-HAN-SGN,11:10,11:40,11:10,11:40,11:40,12:04,12:05,12:17,00:30,00:25,DELAY,DELAY,DELAY,DELAY,,93,00:25,,,,,,HAN,SGN,SGN,Domestic,VJ,,
2026-01-23|VJ442/VJ946|A677|PQC-HAN-KHH|11:45,2026-01-23,VJ442/VJ946,A677,A321,PQC-HAN-KHH,10:45,11:45,10:45,11:45,11:05,11:44,11:45,11:50,01:00,00:40,ONTIME,ONTIME,ONTIME,DELAY,,,,,,,,,HAN,PQC,KHH,International,VJ,,
2026-01-23|VJ981/VJ441|A698|PUS-HAN-PQC|12:25,2026-01-23,VJ981/VJ441,A698,A321,PUS-HAN-PQC,11:00,12:25,11:00,12:25,10:52,12:12,12:13,12:16,01:25,01:21,EARLY,ONTIME,ONTIME,ONTIME,,,,,,,,,HAN,PUS,PQC,Domestic,VJ,,
2026-01-23|VJ770/VJ901|A534|CXR-HAN-BKK|12:30,2026-01-23,VJ770/VJ901,A534,A321,CXR-HAN-BKK,11:45,12:30,11:45,12:30,12:00,12:44,12:45,12:52,00:45,00:45,DELAY,ONTIME,DELAY,ONTIME,,93,00:15,,,,,,HAN,CXR,BKK,International,VJ,,
2026-01-23|VJ528/VJ948|A500|DAD-HAN-RMQ|13:35,2026-01-23,VJ528/VJ948,A500,A321,DAD-HAN-RMQ,12:40,13:35,12:40,14:10,13:40,14:24,14:25,14:28,01:30,00:45,DELAY,ONTIME,DELAY,DELAY,,93,00:15,,,,,,HAN,DAD,RMQ,International,VJ,,
2026-01-23|VJ566/VJ513|A637|HUI-HAN-DAD|13:35,2026-01-23,VJ566/VJ513,A637,A321,HUI-HAN-DAD,13:05,13:35,13:05,13:55,13:25,13:54,13:55,13:57,00:50,00:30,ONTIME,ONTIME,DELAY,DELAY,,,,,,,,,HAN,HUI,DAD,Domestic,VJ,,
2026-01-23|VJ128/VJ143|A815|SGN-HAN-SGN|13:40,2026-01-23,VJ128/VJ143,A815,A330,SGN-HAN-SGN,12:10,13:40,12:10,13:40,12:40,13:39,13:40,13:47,01:30,01:00,ONTIME,ONTIME,ONTIME,DELAY,,,,,,,,,HAN,SGN,SGN,Domestic,VJ,,
2026-01-23|VJ188/VJ151|-NVE|SGN-HAN-SGN|14:15,2026-01-23,VJ188/VJ151,-NVE,A320,SGN-HAN-SGN,13:40,14:15,13:40,14:15,14:25,14:46,14:47,14:55,00:35,00:22,DELAY,DELAY,DELAY,DELAY,,93,00:32,,,,,,HAN,SGN,SGN,Domestic,VJ,,
2026-01-23|VJ508/VJ511|A651|DAD-HAN-DAD|14:20,2026-01-23,VJ508/VJ511,A651,A321,DAD-HAN-DAD,13:40,14:20,13:40,14:45,14:05,14:44,14:45,14:50,01:05,00:40,ONTIME,ONTIME,DELAY,DELAY,,,,,,,,,HAN,DAD,DAD,Domestic,VJ,,
2026-01-23|VJ921/VJ942|A537|NGO-HAN-TPE|14:25,2026-01-23,VJ921/VJ942,A537,A321,NGO-HAN-TPE,13:40,14:25,13:40,14:25,13:12,14:19,14:20,14:24,00:45,01:08,EARLY,ONTIME,ONTIME,ONTIME,,,,,,,,,HAN,NGO,TPE,International,VJ,,
2026-01-23|VJ961/VJ1491|A648|ICN-HAN-BMV|14:45,2026-01-23,VJ961/VJ1491,A648,A321,ICN-HAN-BMV,14:10,14:45,14:10,14:45,14:15,14:54,14:55,14:58,00:35,00:40,DELAY,ONTIME,ONTIME,ONTIME,,93,00:10,,,,,,HAN,ICN,BMV,Domestic,VJ,,
2026-01-23|VJ7615/VJ7615|A539|BQS-HAN-CXR|15:10,2026-01-23,VJ7615/VJ7615,A539,A321,BQS-HAN-CXR,14:40,15:10,14:40,15:10,14:40,15:06,15:07,15:16,00:30,00:27,EARLY,ONTIME,ONTIME,ONTIME,,,,,,,,,HAN,BQS,CXR,Domestic,VJ,,
2026-01-23|VJ774/VJ433|A658|CXR-HAN-UIH|15:25,2026-01-23,VJ774/VJ433,A658,A320,CXR-HAN-UIH,14:50,15:25,14:50,16:20,16:00,16:24,16:25,16:41,01:30,00:25,DELAY,ONTIME,DELAY,DELAY,,93,00:05,,,,,,HAN,CXR,UIH,Domestic,VJ,,
2026-01-23|VJ939/VJ145|A674|KIX-HAN-SGN|15:35,2026-01-23,VJ939/VJ145,A674,A321,KIX-HAN-SGN,13:05,15:35,13:05,15:35,13:10,15:34,15:35,15:45,02:30,02:25,ONTIME,ONTIME,ONTIME,ONTIME,,,,,,,,,HAN,KIX,SGN,Domestic,VJ,,
2026-01-23|VJ198/VJ199|A523|SGN-HAN-SGN|15:40,2026-01-23,VJ198/VJ199,A523,A321,SGN-HAN-SGN,15:10,15:40,15:10,15:40,15:55,16:24,16:25,16:51,00:30,00:30,DELAY,DELAY,DELAY,DELAY,,93,00:45,,,,,,HAN,SGN,SGN,Domestic,VJ,,
2026-01-23|VJ906/VJ903|A684|KUL-HAN-BKK|15:50,2026-01-23,VJ906/VJ903,A684,A321,KUL-HAN-BKK,14:55,15:50,14:55,15:50,14:36,15:42,15:43,15:50,00:55,01:07,EARLY,ONTIME,ONTIME,ONTIME,,,,,,,,,HAN,KUL,BKK,International,VJ,,
2026-01-23|VJ933/VJ175|A653|NRT-HAN-SGN|15:50,2026-01-23,VJ933/VJ175,A653,A321,NRT-HAN-SGN,14:00,15:50,14:00,15:50,14:15,15:49,15:50,15:59,01:50,01:35,ONTIME,ONTIME,ONTIME,ONTIME,,,,,,,,,HAN,NRT,SGN,Domestic,VJ,,
2026-01-23|VJ460/VJ423|A635|VCA-HAN-PXU|15:55,2026-01-23,VJ460/VJ423,A635,A321,VCA-HAN-PXU,15:25,15:55,15:25,16:30,16:00,16:29,16:30,16:38,01:05,00:30,ONTIME,ONTIME,DELAY,DELAY,,,,,,,,,HAN,VCA,PXU,Domestic,VJ,,
2026-01-23|VJ142/VJ157|A811|SGN-HAN-SGN|16:00,2026-01-23,VJ142/VJ157,A811,A330,SGN-HAN-SGN,14:50,16:00,14:50,16:00,15:15,15:59,16:00,16:00,01:10,00:45,ONTIME,ONTIME,ONTIME,DELAY,,,,,,,,,HAN,SGN,SGN,Domestic,VJ,,
2026-01-23|VJ144/VJ195|A647|SGN-HAN-SGN|16:00,2026-01-23,VJ144/VJ195,A647,A321,SGN-HAN-SGN,14:10,16:00,14:10,16:00,14:39,15:59,16:00,16:10,01:50,01:21,ONTIME,ONTIME,ONTIME,DELAY,,,,,,,,,HAN,SGN,SGN,Domestic,VJ,,
2026-01-23|VJ408/VJ1441|A643|DLI-HAN-PQC|16:05,2026-01-23,VJ408/VJ1441,A643,A321,DLI-HAN-PQC,15:35,16:05,15:35,16:05,15:45,16:11,16:12,16:19,00:30,00:27,DELAY,ONTIME,ONTIME,ONTIME,,93,00:08,,,,,,HAN,DLI,PQC,Domestic,VJ,,
2026-01-23|VJ941/VJ913|A697|TPE-HAN-SAI|16:20,2026-01-23,VJ941/VJ913,A697,A321,TPE-HAN-SAI,14:10,16:20,14:10,16:20,15:50,16:14,16:15,16:23,02:10,00:25,EARLY,ONTIME,ONTIME,DELAY,,,,,,,,,HAN,TPE,SAI,International,VJ,,
2026-01-23|VJ462/VJ515|A655|VCA-HAN-DAD|16:25,2026-01-23,VJ462/VJ515,A655,A320,VCA-HAN-DAD,15:40,16:25,15:40,16:25,14:50,16:24,16:25,16:34,00:45,01:35,ONTIME,ONTIME,ONTIME,ONTIME,,,,,,,,,HAN,VCA,DAD,Domestic,VJ,,
2026-01-23|VJ134/VJ163|A639|SGN-HAN-SGN|17:20,2026-01-23,VJ134/VJ163,A639,A320,SGN-HAN-SGN,16:50,17:20,16:50,17:20,17:00,17:49,17:50,18:00,00:30,00:50,DELAY,DELAY,DELAY,ONTIME,,93,00:10,99,00:20,,,DL99 DUE TO HANDLE SMOKING PAX FROM VJ134,HAN,SGN,SGN,Domestic,VJ,,
2026-01-23|VJ514/VJ465|A637|DAD-HAN-VCA|17:25,2026-01-23,VJ514/VJ465,A637,A321,DAD-HAN-VCA,16:45,17:25,17:10,17:45,17:20,17:44,17:45,17:52,00:35,00:25,ONTIME,ONTIME,DELAY,DELAY,,,,,,,,,HAN,DAD,VCA,Domestic,VJ,,
2026-01-23|VJ440/VJ445|A672|PQC-HAN-PQC|17:40,2026-01-23,VJ440/VJ445,A672,A320,PQC-HAN-PQC,11:55,17:40,11:55,17:40,12:10,17:36,17:37,17:38,05:45,05:27,EARLY,ONTIME,ONTIME,ONTIME,,,,,,,,,HAN,PQC,PQC,Domestic,VJ,,
2026-01-23|VJ512/VJ779|A651|DAD-HAN-CXR|18:00,2026-01-23,VJ512/VJ779,A651,A321,DAD-HAN-CXR,17:30,18:00,18:00,18:35,18:30,18:49,18:50,18:56,00:35,00:20,DELAY,ONTIME,DELAY,DELAY,,93,00:15,,,,,,HAN,DAD,CXR,Domestic,VJ,,
2026-01-23|VJ446/VJ147|A698|PQC-HAN-SGN|18:10,2026-01-23,VJ446/VJ147,A698,A321,PQC-HAN-SGN,17:10,18:10,17:10,18:10,17:45,18:19,18:20,18:22,01:00,00:35,DELAY,ONTIME,ONTIME,DELAY,,93,00:10,,,,,,HAN,PQC,SGN,Domestic,VJ,,
2026-01-23|VJ916/VJ193|A542|SIN-HAN-SGN|18:10,2026-01-23,VJ916/VJ193,A542,A321,SIN-HAN-SGN,17:25,18:10,17:25,18:45,17:35,18:54,18:55,19:05,01:20,01:20,DELAY,ONTIME,DELAY,ONTIME,,95,00:10,,,,,WAIT CREW FROM VJ194 OB 1825,HAN,SIN,SGN,Domestic,VJ,,
2026-01-23|VJ928/VJ1925|A662|CGK-HAN-AMD|19:00,2026-01-23,VJ928/VJ1925,A662,A320,CGK-HAN-AMD,18:15,19:00,18:15,19:00,18:15,18:54,18:55,18:59,00:45,00:40,EARLY,ONTIME,ONTIME,ONTIME,,,,,,,,,HAN,CGK,AMD,International,VJ,,
2026-01-23|VJ902/VJ517|A534|BKK-HAN-DAD|19:05,2026-01-23,VJ902/VJ517,A534,A321,BKK-HAN-DAD,17:15,19:05,17:15,19:05,17:50,19:04,19:05,19:15,01:50,01:15,ONTIME,ONTIME,ONTIME,DELAY,,,,,,,,,HAN,BKK,DAD,Domestic,VJ,,
2026-01-23|VJ194/VJ907|A550|SGN-HAN-BOM|19:15,2026-01-23,VJ194/VJ907,A550,A321,SGN-HAN-BOM,17:30,19:15,17:30,19:15,18:00,19:07,19:08,19:15,01:45,01:08,EARLY,ONTIME,ONTIME,DELAY,,,,,,,,,HAN,SGN,BOM,International,VJ,,
2026-01-23|VJ947/VJ569|A677|KHH-HAN-HUI|19:15,2026-01-23,VJ947/VJ569,A677,A321,KHH-HAN-HUI,18:05,19:15,18:05,19:15,18:05,19:13,19:14,19:25,01:10,01:09,EARLY,ONTIME,ONTIME,ONTIME,,,,,,,,,HAN,KHH,HUI,Domestic,VJ,,
2026-01-23|VJ1492/VJ519|A648|BMV-HAN-DAD|19:45,2026-01-23,VJ1492/VJ519,A648,A321,BMV-HAN-DAD,18:45,19:45,18:45,19:45,19:00,19:44,19:45,19:48,01:00,00:45,ONTIME,ONTIME,ONTIME,ONTIME,,,,,,,,,HAN,BMV,DAD,Domestic,VJ,,
2026-01-23|VJ152/VJ173|A685|SGN-HAN-SGN|19:50,2026-01-23,VJ152/VJ173,A685,A321,SGN-HAN-SGN,19:15,19:50,20:30,21:30,21:15,21:42,21:43,21:49,01:00,00:28,DELAY,ONTIME,DELAY,DELAY,,93,00:13,,,,,,HAN,SGN,SGN,Domestic,VJ,,
2026-01-23|VJ516/VJ155|A655|DAD-HAN-SGN|20:05,2026-01-23,VJ516/VJ155,A655,A320,DAD-HAN-SGN,19:35,20:05,19:35,20:30,20:05,20:34,20:35,20:45,00:55,00:30,DELAY,ONTIME,DELAY,DELAY,,93,00:05,,,,,,HAN,DAD,SGN,Domestic,VJ,,
2026-01-23|VJ432/VJ7712|A658|UIH-HAN-PKX|20:05,2026-01-23,VJ432/VJ7712,A658,A320,UIH-HAN-PKX,19:10,20:05,20:40,21:40,20:50,21:39,21:40,21:45,01:00,00:50,ONTIME,ONTIME,DELAY,DELAY,,,,,,,,,HAN,UIH,PKX,International,VJ,,
2026-01-23|VJ424/VJ501|A635|PXU-HAN-DAD|20:20,2026-01-23,VJ424/VJ501,A635,A321,PXU-HAN-DAD,19:35,20:20,20:10,20:45,20:30,20:59,21:00,21:02,00:35,00:30,DELAY,ONTIME,DELAY,DELAY,,93,00:15,,,,,,HAN,PXU,DAD,Domestic,VJ,,
2026-01-23|VJ949/VJ7238|A500|RMQ-HAN-PVG|21:30,2026-01-23,VJ949/VJ7238,A500,A321,RMQ-HAN-PVG,19:50,21:30,19:50,21:30,20:50,21:24,21:25,21:27,01:40,00:35,EARLY,ONTIME,ONTIME,DELAY,,,,,,,,,HAN,RMQ,PVG,International,VJ,,
2026-01-23|VJ1440/VJ123|A668|PQC-HAN-SGN|22:10,2026-01-23,VJ1440/VJ123,A668,A320,PQC-HAN-SGN,20:45,22:10,20:45,22:30,21:50,22:29,22:30,22:40,01:45,00:40,ONTIME,ONTIME,DELAY,DELAY,,,,,,,,,HAN,PQC,SGN,Domestic,VJ,,
2026-01-23|VJ568/VJ523|A677|HUI-HAN-DAD|22:45,2026-01-23,VJ568/VJ523,A677,A321,HUI-HAN-DAD,22:15,22:45,22:15,22:45,22:35,23:04,23:05,23:09,00:30,00:30,DELAY,DELAY,DELAY,DELAY,,93,00:20,,,,,,HAN,HUI,DAD,Domestic,VJ,,
2026-01-23|VJ904/VJ962|A684|BKK-HAN-ICN|22:50,2026-01-23,VJ904/VJ962,A684,A321,BKK-HAN-ICN,20:14,22:50,20:25,22:50,20:20,22:54,22:55,23:00,02:25,02:35,DELAY,ONTIME,ONTIME,ONTIME,,15A,00:05,,,,,OFFLOAD 5 PAX 3 BAGS,HAN,BKK,ICN,International,VJ,,
2026-01-23|VJ150/VJ171|A811|SGN-HAN-SGN|23:25,2026-01-23,VJ150/VJ171,A811,A330,SGN-HAN-SGN,21:10,23:25,21:10,23:25,21:45,23:18,23:20,23:20,02:15,01:35,EARLY,ONTIME,ONTIME,DELAY,,,,,,,,,HAN,SGN,SGN,Domestic,VJ,,
2026-01-23|VJ156/VJ159|A532|SGN-HAN-SGN|23:40,2026-01-23,VJ156/VJ159,A532,A321,SGN-HAN-SGN,23:10,23:40,23:10,23:40,23:05,00:09,00:10,"1 day, 0:10:00",00:30,01:05,DELAY,DELAY,DELAY,ONTIME,,95,00:30,,,,,CREW VJ156 OB 2350,HAN,SGN,SGN,Domestic,VJ,,
2026-01-23|VJ518/VJ7526|A534|DAD-HAN-CAN|23:40,2026-01-23,VJ518/VJ7526,A534,A321,DAD-HAN-CAN,22:15,23:40,22:15,23:40,22:40,23:33,23:34,23:37,01:25,00:54,EARLY,ONTIME,ONTIME,DELAY,,,,,,,,,HAN,DAD,CAN,International,VJ,,
2026-01-24|VJ932|A578|HAN-NRT|00:55,2026-01-24,VJ932,A578,A321,HAN-NRT,,00:55,,00:55,,00:53,00:55,01:05,,,ONTIME,ONTIME,ONTIME,,,,,,,,,,HAN,,NRT,International,VJ,,
2026-01-24|VJ982|A648|HAN-PUS|01:00,2026-01-24,VJ982,A648,A321,HAN-PUS,,01:00,,01:00,,01:04,01:05,01:14,,,DELAY,ONTIME,ONTIME,,,15A,00:05,,,,,OFFLOAD 3 PAX 2 BAGS,HAN,,PUS,International,VJ,,
2026-01-24|VJ7706/VJ7706|A539|CXR-HAN-KHV|01:25,2026-01-24,VJ7706/VJ7706,A539,A321,CXR-HAN-KHV,00:55,01:25,00:55,01:25,01:10,01:39,01:40,01:50,00:30,00:30,DELAY,ONTIME,DELAY,ONTIME,,93,00:15,,,,,,HAN,CXR,KHV,International,VJ,,
2026-01-24|VJ920|A537|HAN-NGO|01:35,2026-01-24,VJ920,A537,A321,HAN-NGO,,01:35,,01:35,,01:34,01:35,01:40,,,ONTIME,ONTIME,ONTIME,,,,,,,,,,HAN,,NGO,International,VJ,,
2026-01-24|VJ938|A553|HAN-KIX|01:40,2026-01-24,VJ938,A553,A321,HAN-KIX,,01:40,,01:40,,01:27,01:28,01:31,,,EARLY,ONTIME,ONTIME,,,,,,,,,,HAN,,KIX,International,VJ,,
2026-01-24|VJ960|A554|HAN-ICN|01:45,2026-01-24,VJ960,A554,A321,HAN-ICN,,01:45,,01:45,,01:43,01:45,01:52,,,ONTIME,ONTIME,ONTIME,,,,,,,,,,HAN,,ICN,International,VJ,,
2026-01-24|VJ958|A698|HAN-FUK|02:05,2026-01-24,VJ958,A698,A321,HAN-FUK,,02:05,,02:05,,01:47,01:48,01:53,,,EARLY,ONTIME,ONTIME,,,,,,,,,,HAN,,FUK,International,VJ,,
2026-01-24|VJ185|A642|HAN-SGN|05:10,2026-01-24,VJ185,A642,A321,HAN-SGN,,05:10,,05:10,,05:04,05:05,05:08,,,EARLY,ONTIME,ONTIME,,,,,,,,,,HAN,,SGN,Domestic,VJ,,
2026-01-24|VJ461|A655|HAN-VCA|05:30,2026-01-24,VJ461,A655,A320,HAN-VCA,,05:30,,05:30,,05:17,05:18,05:20,,,EARLY,ONTIME,ONTIME,,,,,,,,,,HAN,,VCA,Domestic,VJ,,
2026-01-24|VJ503|A637|HAN-DAD|05:55,2026-01-24,VJ503,A637,A321,HAN-DAD,,05:55,,05:55,,05:49,05:50,06:00,,,EARLY,ONTIME,ONTIME,,,,,,,,,,HAN,,DAD,Domestic,VJ,,
2026-01-24|VJ491|A522|HAN-BMV|05:55,2026-01-24,VJ491,A522,A321,HAN-BMV,,05:55,,05:55,,05:49,05:50,06:00,,,EARLY,ONTIME,ONTIME,,,,,,,,,,HAN,,BMV,Domestic,VJ,,
2026-01-24|VJ443|A667|HAN-PQC|06:00,2026-01-24,VJ443,A667,A321,HAN-PQC,,06:00,,06:00,,05:59,06:00,06:10,,,ONTIME,ONTIME,ONTIME,,,,,,,,,,HAN,,PQC,Domestic,VJ,,
2026-01-24|VJ7713/VJ952|A658|PKX-HAN-HIJ|06:30,2026-01-24,VJ7713/VJ952,A658,A320,PKX-HAN-HIJ,05:30,06:30,05:30,06:30,05:40,06:21,06:22,06:25,01:00,00:42,EARLY,ONTIME,ONTIME,ONTIME,,,,,,,,,HAN,PKX,HIJ,International,VJ,,
2026-01-24|VJ181|A532|HAN-SGN|06:40,2026-01-24,VJ181,A532,A321,HAN-SGN,,06:40,,06:40,,06:59,07:00,07:06,,,DELAY,DELAY,DELAY,,,95,00:20,,,,,CREW VJ7713 OB 0640,HAN,,SGN,Domestic,VJ,,
2026-01-24|VJ105|652G|HAN-VCS|06:45,2026-01-24,VJ105,652G,C909,HAN-VCS,,06:45,,06:45,,06:39,06:40,06:48,,,EARLY,ONTIME,ONTIME,,,,,,,,,,HAN,,VCS,Domestic,VJ,,
2026-01-24|VJ431|A640|HAN-UIH|07:10,2026-01-24,VJ431,A640,A321,HAN-UIH,,07:10,,07:10,,07:04,07:05,07:20,,,EARLY,ONTIME,ONTIME,,,,,,,,,,HAN,,UIH,Domestic,VJ,,
2026-01-24|VJ7527/VJ905|A534|CAN-HAN-KUL|07:10,2026-01-24,VJ7527/VJ905,A534,A321,CAN-HAN-KUL,04:35,07:10,04:35,07:10,04:20,06:59,07:00,07:17,02:35,02:40,EARLY,ONTIME,ONTIME,ONTIME,,,,,,,,,HAN,CAN,KUL,International,VJ,,
2026-01-24|VJ1926/VJ956|A662|AMD-HAN-PUS|07:30,2026-01-24,VJ1926/VJ956,A662,A320,AMD-HAN-PUS,06:20,07:30,06:20,07:30,05:40,07:24,07:25,07:32,01:10,01:45,EARLY,ONTIME,ONTIME,ONTIME,,,,,,,,,HAN,AMD,PUS,International,VJ,,
2026-01-24|VJ940|A699|HAN-TPE|07:35,2026-01-24,VJ940,A699,A320,HAN-TPE,,07:35,,07:35,,07:29,07:30,07:45,,,EARLY,ONTIME,ONTIME,,,,,,,,,,HAN,,TPE,International,VJ,,
2026-01-24|VJ771|A635|HAN-CXR|07:35,2026-01-24,VJ771,A635,A321,HAN-CXR,,07:35,,07:35,,07:29,07:30,07:40,,,EARLY,ONTIME,ONTIME,,,,,,,,,,HAN,,CXR,Domestic,VJ,,
2026-01-24|VJ107|656E|HAN-VCS|08:15,2026-01-24,VJ107,656E,C909,HAN-VCS,,08:15,,08:15,,08:06,08:07,08:13,,,EARLY,ONTIME,ONTIME,,,,,,,,,,HAN,,VCS,Domestic,VJ,,
2026-01-24|VJ934|A653|HAN-NRT|08:20,2026-01-24,VJ934,A653,A321,HAN-NRT,,08:20,,08:20,,08:16,08:17,08:20,,,EARLY,ONTIME,ONTIME,,,,,,,,,,HAN,,NRT,International,VJ,,
2026-01-24|VJ7239/VJ930|A500|PVG-HAN-KIX|08:20,2026-01-24,VJ7239/VJ930,A500,A321,PVG-HAN-KIX,05:15,08:20,05:15,08:20,04:36,08:19,08:20,08:35,03:05,03:44,ONTIME,ONTIME,ONTIME,ONTIME,,,,,,,,,HAN,PVG,KIX,International,VJ,,
2026-01-24|VJ124/VJ125|A671|SGN-HAN-SGN|08:40,2026-01-24,VJ124/VJ125,A671,A320,SGN-HAN-SGN,07:50,08:40,07:50,08:40,07:50,08:36,08:38,08:39,00:50,00:48,EARLY,ONTIME,ONTIME,ONTIME,,,,,,,,,HAN,SGN,SGN,Domestic,VJ,,
2026-01-24|VJ121|A663|HAN-SGN|08:40,2026-01-24,VJ121,A663,A320,HAN-SGN,,08:40,,08:40,,08:39,08:40,08:43,,,ONTIME,ONTIME,ONTIME,,,,,,,,,,HAN,,SGN,Domestic,VJ,,
2026-01-24|VJ524/VJ929|A669|DAD-HAN-CGK|08:40,2026-01-24,VJ524/VJ929,A669,A320,DAD-HAN-CGK,07:40,08:40,07:40,08:40,07:40,08:39,08:40,08:50,01:00,01:00,ONTIME,ONTIME,ONTIME,ONTIME,,,,,,,,,HAN,DAD,CGK,International,VJ,,
2026-01-24|VJ126/VJ127|A639|SGN-HAN-SGN|08:55,2026-01-24,VJ126/VJ127,A639,A321,SGN-HAN-SGN,08:25,08:55,08:25,08:55,08:20,08:54,08:55,09:05,00:30,00:35,ONTIME,ONTIME,ONTIME,ONTIME,,,,,,,,,HAN,SGN,SGN,Domestic,VJ,,
2026-01-24|VJ122/VJ915|A547|SGN-HAN-SIN|09:35,2026-01-24,VJ122/VJ915,A547,A321,SGN-HAN-SIN,07:30,09:35,07:30,09:35,07:35,09:34,09:35,09:37,02:05,02:00,ONTIME,ONTIME,ONTIME,ONTIME,,,,,,,,,HAN,SGN,SIN,International,VJ,,
2026-01-24|VJ910/VJ997|A550|BOM-HAN-DPS|10:00,2026-01-24,VJ910/VJ997,A550,A321,BOM-HAN-DPS,06:40,10:00,06:40,10:00,06:35,09:54,09:55,09:59,03:20,03:20,EARLY,ONTIME,ONTIME,ONTIME,,,,,,,,,HAN,BOM,DPS,International,VJ,,
2026-01-24|VJ148/VJ149|-NVG|SGN-HAN-SGN|10:05,2026-01-24,VJ148/VJ149,-NVG,A320,SGN-HAN-SGN,09:30,10:05,09:30,10:05,09:50,10:14,10:15,10:20,00:35,00:25,DELAY,ONTIME,ONTIME,DELAY,,93,00:10,,,,,,HAN,SGN,SGN,Domestic,VJ,,
2026-01-24|VJ504/VJ567|A637|DAD-HAN-HUI|10:10,2026-01-24,VJ504/VJ567,A637,A321,DAD-HAN-HUI,09:00,10:10,09:00,10:10,09:22,10:02,10:04,10:14,01:10,00:42,EARLY,ONTIME,ONTIME,DELAY,,,,,,,,,HAN,DAD,HUI,Domestic,VJ,,
2026-01-24|VJ492/VJ507|A522|BMV-HAN-DAD|10:30,2026-01-24,VJ492/VJ507,A522,A321,BMV-HAN-DAD,10:00,10:30,10:00,10:30,10:05,10:43,10:45,10:45,00:30,00:40,DELAY,ONTIME,ONTIME,ONTIME,,93,00:15,,,,,,HAN,BMV,DAD,Domestic,VJ,,
2026-01-24|VJ963/VJ7048|A673|ICN-HAN-SJW|10:40,2026-01-24,VJ963/VJ7048,A673,A321,ICN-HAN-SJW,09:30,10:40,09:30,10:40,09:20,10:31,10:32,10:35,01:10,01:12,EARLY,ONTIME,ONTIME,ONTIME,,,,,,,,,HAN,ICN,SJW,International,VJ,,
2026-01-24|VJ120/VJ403|A641|SGN-HAN-DLI|10:45,2026-01-24,VJ120/VJ403,A641,A321,SGN-HAN-DLI,07:40,10:45,07:40,10:45,07:35,10:44,10:45,10:48,03:05,03:10,ONTIME,ONTIME,ONTIME,ONTIME,,,,,,,,,HAN,SGN,DLI,Domestic,VJ,,
2026-01-24|VJ430/VJ407|A640|UIH-HAN-DLI|11:25,2026-01-24,VJ430/VJ407,A640,A321,UIH-HAN-DLI,10:55,11:25,10:55,11:25,10:35,11:14,11:15,11:25,00:30,00:40,EARLY,ONTIME,ONTIME,ONTIME,,,,,,,,,HAN,UIH,DLI,Domestic,VJ,,
2026-01-24|VJ442/VJ946|A667|PQC-HAN-KHH|11:45,2026-01-24,VJ442/VJ946,A667,A321,PQC-HAN-KHH,10:45,11:45,10:45,11:45,10:55,11:42,11:43,11:50,01:00,00:48,EARLY,ONTIME,ONTIME,ONTIME,,,,,,,,,HAN,PQC,KHH,International,VJ,,
2026-01-24|VJ132/VJ137|A685|SGN-HAN-SGN|11:50,2026-01-24,VJ132/VJ137,A685,A321,SGN-HAN-SGN,11:15,11:50,11:15,11:50,11:35,12:04,12:05,12:15,00:35,00:30,DELAY,ONTIME,DELAY,DELAY,,93,00:15,,,,,,HAN,SGN,SGN,Domestic,VJ,,
2026-01-24|VJ136/VJ135|A668|SGN-HAN-SGN|11:55,2026-01-24,VJ136/VJ135,A668,A320,SGN-HAN-SGN,11:25,11:55,11:25,11:55,11:40,12:11,12:12,12:19,00:30,00:32,DELAY,DELAY,DELAY,ONTIME,,93,00:10,95,00:07,,,CREW VJ122 OB 1150,HAN,SGN,SGN,Domestic,VJ,,
2026-01-24|VJ981/VJ901|A648|PUS-HAN-BKK|12:15,2026-01-24,VJ981/VJ901,A648,A321,PUS-HAN-BKK,11:00,12:15,11:00,12:15,11:15,12:09,12:10,12:20,01:15,00:55,EARLY,ONTIME,ONTIME,ONTIME,,,,,,,,,HAN,PUS,BKK,International,VJ,,
2026-01-24|VJ770/VJ441|A635|CXR-HAN-PQC|12:25,2026-01-24,VJ770/VJ441,A635,A321,CXR-HAN-PQC,11:45,12:25,11:45,12:50,12:35,13:04,13:05,13:18,01:05,00:30,DELAY,ONTIME,DELAY,DELAY,,93,00:15,,,,,,HAN,CXR,PQC,Domestic,VJ,,
2026-01-24|VJ948|A697|HAN-RMQ|13:35,2026-01-24,VJ948,A697,A321,HAN-RMQ,,13:35,,13:35,,13:27,13:28,13:35,,,EARLY,ONTIME,ONTIME,,,,,,,,,,HAN,,RMQ,International,VJ,,
2026-01-24|VJ566/VJ513|A637|HUI-HAN-DAD|13:35,2026-01-24,VJ566/VJ513,A637,A321,HUI-HAN-DAD,13:05,13:35,13:05,13:35,13:20,13:57,14:00,14:05,00:30,00:40,DELAY,DELAY,DELAY,ONTIME,,93,00:25,,,,,,HAN,HUI,DAD,Domestic,VJ,,
2026-01-24|VJ128/VJ143|A820|SGN-HAN-SGN|13:40,2026-01-24,VJ128/VJ143,A820,A321,SGN-HAN-SGN,12:10,13:40,12:10,13:40,12:40,13:39,13:40,13:44,01:30,01:00,ONTIME,ONTIME,ONTIME,DELAY,,,,,,,,,HAN,SGN,SGN,Domestic,VJ,,
2026-01-24|VJ508/VJ511|A522|DAD-HAN-DAD|14:20,2026-01-24,VJ508/VJ511,A522,A321,DAD-HAN-DAD,13:40,14:20,13:40,14:20,14:25,14:49,14:50,14:57,00:40,00:25,DELAY,DELAY,DELAY,DELAY,,93,00:30,,,,,,HAN,DAD,DAD,Domestic,VJ,,
2026-01-24|VJ959/VJ942|A698|FUK-HAN-TPE|14:25,2026-01-24,VJ959/VJ942,A698,A321,FUK-HAN-TPE,12:25,14:25,12:25,14:25,11:55,14:12,14:13,14:24,02:00,02:18,EARLY,ONTIME,ONTIME,ONTIME,,,,,,,,,HAN,FUK,TPE,International,VJ,,
2026-01-24|VJ939/VJ1491|A553|KIX-HAN-BMV|14:35,2026-01-24,VJ939/VJ1491,A553,A321,KIX-HAN-BMV,13:05,14:35,13:05,14:35,13:17,14:31,14:32,14:40,01:30,01:15,EARLY,ONTIME,ONTIME,ONTIME,,,,,,,,,HAN,KIX,BMV,Domestic,VJ,,
2026-01-24|VJ7707/VJ7707|A539|KHV-HAN-CXR|15:15,2026-01-24,VJ7707/VJ7707,A539,A321,KHV-HAN-CXR,14:45,15:15,14:45,15:15,14:50,15:10,15:11,15:19,00:30,00:21,EARLY,ONTIME,ONTIME,ONTIME,,,,,,,,,HAN,KHV,CXR,Domestic,VJ,,
2026-01-24|VJ961/VJ1441|A554|ICN-HAN-PQC|15:30,2026-01-24,VJ961/VJ1441,A554,A321,ICN-HAN-PQC,14:10,15:30,14:10,15:30,14:10,15:19,15:20,15:26,01:20,01:10,EARLY,ONTIME,ONTIME,ONTIME,,,,,,,,,HAN,ICN,PQC,Domestic,VJ,,
2026-01-24|VJ440/VJ145|A672|PQC-HAN-SGN|15:35,2026-01-24,VJ440/VJ145,A672,A320,PQC-HAN-SGN,12:20,15:35,12:20,15:35,12:52,15:34,15:35,15:36,03:15,02:43,ONTIME,ONTIME,ONTIME,DELAY,,,,,,,,,HAN,PQC,SGN,Domestic,VJ,,
2026-01-24|VJ933/VJ903|A578|NRT-HAN-BKK|15:50,2026-01-24,VJ933/VJ903,A578,A321,NRT-HAN-BKK,14:00,15:50,14:00,15:50,14:00,15:48,15:50,15:52,01:50,01:50,ONTIME,ONTIME,ONTIME,ONTIME,,,,,,,,,HAN,NRT,BKK,International,VJ,,
2026-01-24|VJ144/VJ191|A663|SGN-HAN-SGN|15:55,2026-01-24,VJ144/VJ191,A663,A320,SGN-HAN-SGN,14:10,15:55,14:10,15:55,14:45,15:50,15:51,15:55,01:45,01:06,EARLY,ONTIME,ONTIME,DELAY,,,,,,,,,HAN,SGN,SGN,Domestic,VJ,,
2026-01-24|VJ404/VJ423|A641|DLI-HAN-PXU|15:55,2026-01-24,VJ404/VJ423,A641,A321,DLI-HAN-PXU,14:55,15:55,14:55,15:55,15:20,15:59,16:00,16:04,01:00,00:40,DELAY,ONTIME,ONTIME,DELAY,,93,00:05,,,,,,HAN,DLI,PXU,Domestic,VJ,,
2026-01-24|VJ921/VJ195|A537|NGO-HAN-SGN|16:00,2026-01-24,VJ921/VJ195,A537,A321,NGO-HAN-SGN,13:40,16:00,13:40,16:00,13:13,15:59,16:00,16:05,02:20,02:47,ONTIME,ONTIME,ONTIME,ONTIME,,,,,,,,,HAN,NGO,SGN,Domestic,VJ,,
2026-01-24|VJ408/VJ409|A648|DLI-HAN-DLI|16:05,2026-01-24,VJ408/VJ409,A648,A321,DLI-HAN-DLI,15:35,16:05,15:35,16:05,15:45,16:14,16:15,16:20,00:30,00:30,DELAY,ONTIME,ONTIME,ONTIME,,93,00:10,,,,,,HAN,DLI,DLI,Domestic,VJ,,
2026-01-24|VJ906/VJ913|A534|KUL-HAN-SAI|16:20,2026-01-24,VJ906/VJ913,A534,A321,KUL-HAN-SAI,14:55,16:20,14:55,16:20,15:05,16:08,16:10,16:22,01:25,01:05,EARLY,ONTIME,ONTIME,ONTIME,,,,,,,,,HAN,KUL,SAI,International,VJ,,
2026-01-24|VJ462/VJ147|A655|VCA-HAN-SGN|17:10,2026-01-24,VJ462/VJ147,A655,A320,VCA-HAN-SGN,15:40,17:10,15:40,17:10,15:40,17:09,17:10,17:15,01:30,01:30,ONTIME,ONTIME,ONTIME,ONTIME,,,,,,,,,HAN,VCA,SGN,Domestic,VJ,,
2026-01-24|VJ134/VJ163|-MLI|SGN-HAN-SGN|17:20,2026-01-24,VJ134/VJ163,-MLI,A320,SGN-HAN-SGN,16:50,17:20,17:45,18:20,18:40,19:04,19:05,19:12,00:35,00:25,DELAY,DELAY,DELAY,DELAY,,93,00:45,,,,,LATE TAKEOFF DUE TO ATC,HAN,SGN,SGN,Domestic,VJ,,
2026-01-24|VJ514/VJ465|A637|DAD-HAN-VCA|17:25,2026-01-24,VJ514/VJ465,A637,A321,DAD-HAN-VCA,16:45,17:25,16:45,17:50,17:20,17:48,17:50,17:55,01:05,00:30,ONTIME,ONTIME,DELAY,DELAY,,,,,,,,,HAN,DAD,VCA,Domestic,VJ,,
2026-01-24|VJ784/VJ783|A548|CXR-HAN-CXR|17:40,2026-01-24,VJ784/VJ783,A548,A321,CXR-HAN-CXR,17:10,17:40,17:10,17:40,17:20,17:49,17:50,17:55,00:30,00:30,DELAY,ONTIME,ONTIME,ONTIME,,93,00:10,,,,,,HAN,CXR,CXR,Domestic,VJ,,
2026-01-24|VJ941/VJ445|A699|TPE-HAN-PQC|17:40,2026-01-24,VJ941/VJ445,A699,A320,TPE-HAN-PQC,14:10,17:40,14:10,17:40,14:30,17:38,17:39,17:45,03:30,03:09,EARLY,ONTIME,ONTIME,DELAY,,,,,,,,,HAN,TPE,PQC,Domestic,VJ,,
2026-01-24|VJ902/VJ779|A640|BKK-HAN-CXR|18:00,2026-01-24,VJ902/VJ779,A640,A321,BKK-HAN-CXR,17:00,18:00,17:00,18:00,17:00,17:57,17:58,18:05,01:00,00:58,EARLY,ONTIME,ONTIME,ONTIME,,,,,,,,,HAN,BKK,CXR,Domestic,VJ,,
2026-01-24|VJ953/VJ515|A658|HIJ-HAN-DAD|18:10,2026-01-24,VJ953/VJ515,A658,A320,HIJ-HAN-DAD,17:10,18:10,17:10,18:10,17:10,18:09,18:10,18:40,01:00,01:00,ONTIME,ONTIME,DELAY,ONTIME,,,,,,,,LATE PUSHBACK DUE TO ATC,HAN,HIJ,DAD,Domestic,VJ,,
2026-01-24|VJ194/VJ193|A687|SGN-HAN-SGN|18:20,2026-01-24,VJ194/VJ193,A687,A321,SGN-HAN-SGN,17:45,18:20,17:45,18:40,18:05,18:34,18:35,18:44,00:55,00:30,EARLY,ONTIME,DELAY,DELAY,,,,,,,,,HAN,SGN,SGN,Domestic,VJ,,
2026-01-24|VJ916/VJ493|A547|SIN-HAN-BMV|18:25,2026-01-24,VJ916/VJ493,A547,A321,SIN-HAN-BMV,17:25,18:25,17:25,18:25,17:05,18:16,18:17,18:28,01:00,01:12,EARLY,ONTIME,ONTIME,ONTIME,,,,,,,,,HAN,SIN,BMV,Domestic,VJ,,
2026-01-24|VJ1492/VJ517|A553|BMV-HAN-DAD|19:05,2026-01-24,VJ1492/VJ517,A553,A321,BMV-HAN-DAD,18:35,19:05,18:35,19:05,18:55,19:24,19:25,19:35,00:30,00:30,DELAY,DELAY,DELAY,DELAY,,93,00:20,,,,,,HAN,BMV,DAD,Domestic,VJ,,
2026-01-24|VJ446/VJ173|A635|PQC-HAN-SGN|19:05,2026-01-24,VJ446/VJ173,A635,A321,PQC-HAN-SGN,17:10,19:05,17:10,19:05,18:36,19:09,19:10,19:20,01:55,00:34,DELAY,ONTIME,ONTIME,DELAY,,93,00:05,,,,,,HAN,PQC,SGN,Domestic,VJ,,
2026-01-24|VJ971|A817|HAN-DEL|19:10,2026-01-24,VJ971,A817,A330,HAN-DEL,,19:10,,19:10,,19:09,19:10,19:16,,,ONTIME,ONTIME,ONTIME,,,,,,,,,,HAN,,DEL,International,VJ,,
2026-01-24|VJ928/VJ569|A669|CGK-HAN-HUI|19:15,2026-01-24,VJ928/VJ569,A669,A320,CGK-HAN-HUI,18:15,19:15,18:15,19:15,18:15,19:24,19:25,19:30,01:00,01:10,DELAY,ONTIME,ONTIME,ONTIME,,95,00:10,,,,,WAIT CREW FR VJ512 OB 1905,HAN,CGK,HUI,Domestic,VJ,,
2026-01-24|VJ957/VJ1925|A662|PUS-HAN-AMD|19:20,2026-01-24,VJ957/VJ1925,A662,A320,PUS-HAN-AMD,17:20,19:20,17:20,19:20,16:50,19:19,19:20,19:35,02:00,02:30,ONTIME,ONTIME,ONTIME,ONTIME,,,,,,,,,HAN,PUS,AMD,International,VJ,,
2026-01-24|VJ947/VJ519|A667|KHH-HAN-DAD|19:45,2026-01-24,VJ947/VJ519,A667,A321,KHH-HAN-DAD,18:05,19:45,18:05,19:45,17:45,19:44,19:45,19:56,01:40,02:00,ONTIME,ONTIME,ONTIME,ONTIME,,,,,,,,,HAN,KHH,DAD,Domestic,VJ,,
2026-01-24|VJ424/VJ155|A641|PXU-HAN-SGN|20:05,2026-01-24,VJ424/VJ155,A641,A321,PXU-HAN-SGN,19:35,20:05,19:35,20:05,19:50,20:19,20:20,20:20,00:30,00:30,DELAY,ONTIME,ONTIME,ONTIME,,93,00:15,,,,,LATE TAKEOFF DUE TO ATC,HAN,PXU,SGN,Domestic,VJ,,
2026-01-24|VJ931/VJ7712|A500|KIX-HAN-PKX|20:05,2026-01-24,VJ931/VJ7712,A500,A321,KIX-HAN-PKX,19:15,20:05,19:15,20:25,19:30,20:21,20:22,20:28,01:10,00:52,EARLY,ONTIME,DELAY,ONTIME,,,,,,,,,HAN,KIX,PKX,International,VJ,,
2026-01-24|VJ512/VJ501|A522|DAD-HAN-DAD|20:15,2026-01-24,VJ512/VJ501,A522,A321,DAD-HAN-DAD,17:30,20:15,17:30,20:15,18:45,20:14,20:15,20:20,02:45,01:30,ONTIME,ONTIME,ONTIME,DELAY,,,,,,,,,HAN,DAD,DAD,Domestic,VJ,,
2026-01-24|VJ949/VJ7306|A697|RMQ-HAN-TFU|21:10,2026-01-24,VJ949/VJ7306,A697,A321,RMQ-HAN-TFU,19:50,21:10,19:50,21:10,20:08,20:54,20:55,20:58,01:20,00:47,EARLY,ONTIME,ONTIME,DELAY,,,,,,,,,HAN,RMQ,TFU,International,VJ,,
2026-01-24|VJ904/VJ7238|A578|BKK-HAN-PVG|21:30,2026-01-24,VJ904/VJ7238,A578,A321,BKK-HAN-PVG,20:25,21:30,20:25,21:30,20:40,21:27,21:28,21:30,01:05,00:48,EARLY,ONTIME,ONTIME,ONTIME,,,,,,,,,HAN,BKK,PVG,International,VJ,,
2026-01-24|VJ160/VJ161|A651|SGN-HAN-SGN|21:50,2026-01-24,VJ160/VJ161,A651,A321,SGN-HAN-SGN,21:15,21:50,21:15,22:10,22:15,22:44,22:45,22:52,00:55,00:30,DELAY,DELAY,DELAY,DELAY,,93,00:35,,,,,,HAN,SGN,SGN,Domestic,VJ,,
2026-01-24|VJ516/VJ123|A658|DAD-HAN-SGN|22:10,2026-01-24,VJ516/VJ123,A658,A320,DAD-HAN-SGN,21:20,22:10,21:20,22:45,22:05,22:29,22:30,22:37,01:25,00:25,EARLY,ONTIME,DELAY,DELAY,,,,,,,,,HAN,DAD,SGN,Domestic,VJ,,
2026-01-24|VJ568/VJ523|A669|HUI-HAN-DAD|22:45,2026-01-24,VJ568/VJ523,A669,A320,HUI-HAN-DAD,22:15,22:45,22:15,22:45,22:55,23:19,23:20,23:22,00:30,00:25,DELAY,DELAY,DELAY,DELAY,,93,00:35,,,,,,HAN,HUI,DAD,Domestic,VJ,,
2026-01-24|VJ1440/VJ962|A554|PQC-HAN-ICN|22:50,2026-01-24,VJ1440/VJ962,A554,A321,PQC-HAN-ICN,20:10,22:50,20:10,22:50,20:10,22:49,22:50,22:55,02:40,02:40,ONTIME,ONTIME,ONTIME,ONTIME,,,,,,,,,HAN,PQC,ICN,International,VJ,,
2026-01-24|VJ464/VJ171|A637|VCA-HAN-SGN|23:25,2026-01-24,VJ464/VJ171,A637,A321,VCA-HAN-SGN,22:20,23:25,22:20,23:25,23:05,23:39,23:40,23:47,01:05,00:35,DELAY,ONTIME,DELAY,DELAY,,93,00:15,,,,,,HAN,VCA,SGN,Domestic,VJ,,
2026-01-24|VJ152/VJ7526|A644|SGN-HAN-CAN|23:40,2026-01-24,VJ152/VJ7526,A644,A321,SGN-HAN-CAN,19:15,23:40,19:15,23:40,21:05,23:39,23:40,23:50,04:25,02:35,ONTIME,ONTIME,ONTIME,DELAY,,,,,,,,,HAN,SGN,CAN,International,VJ,,
2026-01-25|VJ932|A820|HAN-NRT|00:55,2026-01-25,VJ932,A820,A321,HAN-NRT,,00:55,,00:55,,00:49,00:50,00:57,,,EARLY,ONTIME,ONTIME,,,,,,,,,,HAN,,NRT,International,VJ,,
2026-01-25|VJ982|A522|HAN-PUS|01:00,2026-01-25,VJ982,A522,A321,HAN-PUS,,01:00,,01:00,,00:59,01:00,01:05,,,ONTIME,ONTIME,ONTIME,,,,,,,,,,HAN,,PUS,International,VJ,,
2026-01-25|VJ7704VJ7704|A549|CXR-HAN-VVO|01:00,2026-01-25,VJ7704VJ7704,A549,A321,CXR-HAN-VVO,00:30,01:00,00:30,01:00,00:50,01:19,01:20,01:30,00:30,00:30,DELAY,DELAY,DELAY,DELAY,,93,00:20,,,,,,HAN,CXR,VVO,International,VJ,,
2026-01-25|VJ920|A547|HAN-NGO|01:35,2026-01-25,VJ920,A547,A321,HAN-NGO,,01:35,,01:35,,01:19,01:20,01:22,,,EARLY,ONTIME,ONTIME,,,,,,,,,,HAN,,NGO,International,VJ,,
2026-01-25|VJ938|A553|HAN-KIX|01:40,2026-01-25,VJ938,A553,A321,HAN-KIX,,01:40,,01:40,,01:39,01:40,01:42,,,ONTIME,ONTIME,ONTIME,,,,,,,,,,HAN,,KIX,International,VJ,,
2026-01-25|VJ960|A532|HAN-ICN|01:45,2026-01-25,VJ960,A532,A321,HAN-ICN,,01:45,,01:45,,01:42,01:43,01:48,,,EARLY,ONTIME,ONTIME,,,,,,,,,,HAN,,ICN,International,VJ,,
2026-01-25|VJ958|A550|HAN-FUK|02:05,2026-01-25,VJ958,A550,A321,HAN-FUK,,02:05,,02:05,,01:48,01:50,01:53,,,EARLY,ONTIME,ONTIME,,,,,,,,,,HAN,,FUK,International,VJ,,
2026-01-25|VJ185|A635|HAN-SGN|05:10,2026-01-25,VJ185,A635,A321,HAN-SGN,,05:10,,05:10,,05:03,05:05,05:08,,,EARLY,ONTIME,ONTIME,,,,,,,,,,HAN,,SGN,Domestic,VJ,,
2026-01-25|VJ509|A648|HAN-DAD|05:25,2026-01-25,VJ509,A648,A321,HAN-DAD,,05:25,,05:25,,05:19,05:20,05:30,,,EARLY,ONTIME,ONTIME,,,,,,,,,,HAN,,DAD,Domestic,VJ,,
2026-01-25|VJ461|A641|HAN-VCA|05:30,2026-01-25,VJ461,A641,A321,HAN-VCA,,05:30,,05:30,,05:24,05:25,05:29,,,EARLY,ONTIME,ONTIME,,,,,,,,,,HAN,,VCA,Domestic,VJ,,
2026-01-25|VJ7713/VJ401|A500|PKX-HAN-DLI|05:50,2026-01-25,VJ7713/VJ401,A500,A321,PKX-HAN-DLI,04:10,05:50,04:10,05:50,04:15,05:44,05:45,05:55,01:40,01:30,EARLY,ONTIME,ONTIME,ONTIME,,,,,,,,,HAN,PKX,DLI,Domestic,VJ,,
2026-01-25|VJ7307/VJ491|A697|TFU-HAN-BMV|05:55,2026-01-25,VJ7307/VJ491,A697,A321,TFU-HAN-BMV,02:15,05:55,02:15,05:55,02:10,05:46,05:47,05:55,03:40,03:37,EARLY,ONTIME,ONTIME,ONTIME,,,,,,,,,HAN,TFU,BMV,Domestic,VJ,,
2026-01-25|VJ443|A673|HAN-PQC|06:00,2026-01-25,VJ443,A673,A321,HAN-PQC,,06:00,,06:00,,05:54,05:55,06:01,,,EARLY,ONTIME,ONTIME,,,,,,,,,,HAN,,PQC,Domestic,VJ,,
2026-01-25|VJ503|A698|HAN-DAD|05:55,2026-01-25,VJ503,A698,A321,HAN-DAD,,05:55,,06:00,,05:59,06:00,06:10,,,ONTIME,ONTIME,ONTIME,,,,,,,,,,HAN,,DAD,Domestic,VJ,,
2026-01-25|VJ7527/VJ421|A644|CAN-HAN-PXU|06:05,2026-01-25,VJ7527/VJ421,A644,A321,CAN-HAN-PXU,04:35,06:05,04:35,06:05,04:40,06:04,06:05,06:13,01:30,01:25,ONTIME,ONTIME,ONTIME,ONTIME,,,,,,,,,HAN,CAN,PXU,Domestic,VJ,,
2026-01-25|VJ181|A548|HAN-SGN|06:40,2026-01-25,VJ181,A548,A321,HAN-SGN,,06:40,,06:40,,06:34,06:35,06:45,,,EARLY,ONTIME,ONTIME,,,,,,,,,,HAN,,SGN,Domestic,VJ,,
2026-01-25|VJ105|652G|HAN-VCS|06:45,2026-01-25,VJ105,652G,C909,HAN-VCS,,06:45,,06:45,,06:39,06:40,06:43,,,EARLY,ONTIME,ONTIME,,,,,,,,,,HAN,,VCS,Domestic,VJ,,
2026-01-25|VJ431|A655|HAN-UIH|07:10,2026-01-25,VJ431,A655,A320,HAN-UIH,,07:10,,07:10,,07:04,07:05,07:15,,,EARLY,ONTIME,ONTIME,,,,,,,,,,HAN,,UIH,Domestic,VJ,,
2026-01-25|VJ905|A633|HAN-KUL|07:10,2026-01-25,VJ905,A633,A321,HAN-KUL,,07:10,,07:10,,06:59,07:00,07:06,,,EARLY,ONTIME,ONTIME,,,,,,,,,,HAN,,KUL,International,VJ,,
2026-01-25|VJ7239/VJ940|A578|PVG-HAN-TPE|07:35,2026-01-25,VJ7239/VJ940,A578,A321,PVG-HAN-TPE,05:15,07:35,05:15,07:35,04:41,07:29,07:30,07:37,02:20,02:49,EARLY,ONTIME,ONTIME,ONTIME,,,,,,,,,HAN,PVG,TPE,International,VJ,,
2026-01-25|VJ1926/VJ952|A662|AMD-HAN-HIJ|06:35,2026-01-25,VJ1926/VJ952,A662,A320,AMD-HAN-HIJ,06:40,06:35,06:40,07:40,06:00,07:30,07:31,07:36,01:00,01:31,EARLY,ONTIME,DELAY,ONTIME,,,,,,,,,HAN,AMD,HIJ,International,VJ,,
2026-01-25|VJ122/VJ771|A639|SGN-HAN-CXR|08:05,2026-01-25,VJ122/VJ771,A639,A321,SGN-HAN-CXR,07:30,08:05,07:30,08:05,07:30,07:59,08:00,08:05,00:35,00:30,EARLY,ONTIME,ONTIME,ONTIME,,,,,,,,,HAN,SGN,CXR,Domestic,VJ,,
2026-01-25|VJ107|656E|HAN-VCS|08:15,2026-01-25,VJ107,656E,C909,HAN-VCS,,08:15,,08:15,,08:08,08:09,08:18,,,EARLY,ONTIME,ONTIME,,,,,,,,,,HAN,,VCS,Domestic,VJ,,
2026-01-25|VJ934|A534|HAN-NRT|08:20,2026-01-25,VJ934,A534,A321,HAN-NRT,,08:20,,08:20,,08:24,08:25,08:35,,,DELAY,ONTIME,ONTIME,,,99,00:05,,,,,LATE ACCEPT 02PAX 02BAGS,HAN,,NRT,International,VJ,,
2026-01-25|VJ930|A653|HAN-KIX|08:20,2026-01-25,VJ930,A653,A321,HAN-KIX,,08:20,,08:20,,08:09,08:10,08:21,,,EARLY,ONTIME,ONTIME,,,,,,,,,,HAN,,KIX,International,VJ,,
2026-01-25|VJ125|A812|HAN-SGN|08:40,2026-01-25,VJ125,A812,A330,HAN-SGN,,08:40,,08:40,,08:39,08:40,08:52,,,ONTIME,ONTIME,ONTIME,,,,,,,,,,HAN,,SGN,Domestic,VJ,,
2026-01-25|VJ524/VJ956|A689|DAD-HAN-PUS|08:40,2026-01-25,VJ524/VJ956,A689,A320,DAD-HAN-PUS,07:40,08:40,07:40,08:40,07:40,08:36,08:38,08:45,01:00,00:58,EARLY,ONTIME,ONTIME,ONTIME,,,,,,,,,HAN,DAD,PUS,International,VJ,,
2026-01-25|VJ972/VJ773|A817|DEL-HAN-CXR|09:00,2026-01-25,VJ972/VJ773,A817,A330,DEL-HAN-CXR,05:35,09:00,05:35,09:00,05:45,08:59,09:00,09:15,03:25,03:15,ONTIME,ONTIME,ONTIME,ONTIME,,,,,,,,,HAN,DEL,CXR,Domestic,VJ,,
2026-01-25|VJ126/VJ915|A544|SGN-HAN-SIN|09:35,2026-01-25,VJ126/VJ915,A544,A321,SGN-HAN-SIN,08:25,09:35,08:25,09:35,08:45,09:39,09:40,09:55,01:10,00:55,DELAY,ONTIME,DELAY,DELAY,,15A,00:05,,,,,OFFLOAD 01PAX 01BAG,HAN,SGN,SIN,International,VJ,,
2026-01-25|VJ510/VJ929|A676|DAD-HAN-CGK|09:50,2026-01-25,VJ510/VJ929,A676,A320,DAD-HAN-CGK,08:50,09:50,08:50,10:00,09:20,09:59,10:00,10:35,01:10,00:40,ONTIME,ONTIME,DELAY,DELAY,,,,,,,,LATE PUSHBACK DUE TO ATC,HAN,DAD,CGK,International,VJ,,
2026-01-25|VJ148/VJ149|-NVG|SGN-HAN-SGN|10:05,2026-01-25,VJ148/VJ149,-NVG,A320,SGN-HAN-SGN,09:30,10:05,09:30,10:05,10:05,10:29,10:30,10:59,00:35,00:25,DELAY,DELAY,DELAY,DELAY,,93,00:25,,,,,LATE PUSHBACK DUE TO ATC,HAN,SGN,SGN,Domestic,VJ,,
2026-01-25|VJ422/VJ567|A644|PXU-HAN-HUI|10:10,2026-01-25,VJ422/VJ567,A644,A321,PXU-HAN-HUI,09:40,10:10,09:40,10:10,10:00,10:24,10:25,10:55,00:30,00:25,DELAY,ONTIME,DELAY,DELAY,,93,00:15,,,,,LATE PUSHBACK DUE TO ATC,HAN,PXU,HUI,Domestic,VJ,,
2026-01-25|VJ507|A536|HAN-DAD|10:30,2026-01-25,VJ507,A536,A321,HAN-DAD,,10:30,,10:30,,10:29,10:30,11:09,,,ONTIME,ONTIME,DELAY,,,,,,,,,LATE PUSHBACK DUE TO ATC,HAN,,DAD,Domestic,VJ,,
2026-01-25|VJ492/VJ463|A697|BMV-HAN-VCA|10:30,2026-01-25,VJ492/VJ463,A697,A321,BMV-HAN-VCA,10:00,10:30,10:00,10:30,10:20,10:49,10:50,11:28,00:30,00:30,DELAY,DELAY,DELAY,DELAY,,93,00:20,,,,,LATE PUSHBACK DUE TO ATC,HAN,BMV,VCA,Domestic,VJ,,
2026-01-25|VJ504/VJ403|A698|DAD-HAN-DLI|10:45,2026-01-25,VJ504/VJ403,A698,A321,DAD-HAN-DLI,09:00,10:45,09:00,10:45,09:40,10:42,10:43,11:16,01:45,01:03,EARLY,ONTIME,DELAY,DELAY,,,,,,,,LATE PUSHBACK DUE TO ATC,HAN,DAD,DLI,Domestic,VJ,,
2026-01-25|VJ136/VJ135|A675|SGN-HAN-SGN|11:10,2026-01-25,VJ136/VJ135,A675,A320,SGN-HAN-SGN,10:40,11:10,10:40,11:10,10:45,11:09,11:10,11:35,00:30,00:25,ONTIME,ONTIME,DELAY,ONTIME,,,,,,,,LATE PUSHBACK DUE TO ATC,HAN,SGN,SGN,Domestic,VJ,,
2026-01-25|VJ402/VJ997|A500|DLI-HAN-DPS|11:10,2026-01-25,VJ402/VJ997,A500,A321,DLI-HAN-DPS,10:10,11:10,10:10,11:10,10:30,11:14,11:15,11:30,01:00,00:45,DELAY,ONTIME,DELAY,DELAY,,93,00:05,,,,,,HAN,DLI,DPS,International,VJ,,
2026-01-25|VJ430/VJ407|A655|UIH-HAN-DLI|11:25,2026-01-25,VJ430/VJ407,A655,A320,UIH-HAN-DLI,10:55,11:25,10:55,11:40,10:55,11:32,11:33,11:40,00:45,00:38,EARLY,ONTIME,ONTIME,ONTIME,,,,,,,,,HAN,UIH,DLI,Domestic,VJ,,
2026-01-25|VJ184/VJ129|A814|SGN-HAN-SGN|11:25,2026-01-25,VJ184/VJ129,A814,A330,SGN-HAN-SGN,10:25,11:25,10:25,11:25,10:30,11:21,11:23,11:40,01:00,00:53,EARLY,ONTIME,ONTIME,ONTIME,,,,,,,,,HAN,SGN,SGN,Domestic,VJ,,
2026-01-25|VJ963/VJ901|A554|ICN-HAN-BKK|12:15,2026-01-25,VJ963/VJ901,A554,A321,ICN-HAN-BKK,09:30,12:15,09:30,12:15,09:13,12:14,12:15,12:19,02:45,03:02,ONTIME,ONTIME,ONTIME,ONTIME,,,,,,,,,HAN,ICN,BKK,International,VJ,,
2026-01-25|VJ132/VJ137|A668|SGN-HAN-SGN|12:20,2026-01-25,VJ132/VJ137,A668,A320,SGN-HAN-SGN,11:50,12:20,11:50,12:20,12:05,12:29,12:30,12:37,00:30,00:25,DELAY,ONTIME,DELAY,ONTIME,,93,00:10,,,,,,HAN,SGN,SGN,Domestic,VJ,,
2026-01-25|VJ440/VJ441|A699|PQC-HAN-PQC|12:55,2026-01-25,VJ440/VJ441,A699,A320,PQC-HAN-PQC,11:55,12:55,11:55,12:55,12:10,12:46,12:47,12:57,01:00,00:37,EARLY,ONTIME,ONTIME,ONTIME,,,,,,,,,HAN,PQC,PQC,Domestic,VJ,,
2026-01-25|VJ442/VJ2956|A673|PQC-HAN-MZG|13:10,2026-01-25,VJ442/VJ2956,A673,A321,PQC-HAN-MZG,10:45,13:10,10:45,13:10,10:55,13:02,13:04,13:11,02:25,02:09,EARLY,ONTIME,ONTIME,ONTIME,,,,,,,,,HAN,PQC,MZG,International,VJ,,
2026-01-25|VJ780/VJ781|A640|CXR-HAN-CXR|13:15,2026-01-25,VJ780/VJ781,A640,A321,CXR-HAN-CXR,12:45,13:15,12:45,13:15,12:45,13:14,13:15,13:19,00:30,00:30,ONTIME,ONTIME,ONTIME,ONTIME,,,,,,,,,HAN,CXR,CXR,Domestic,VJ,,
2026-01-25|VJ7705/VJ7705|A549|VVO-HAN-CXR|13:30,2026-01-25,VJ7705/VJ7705,A549,A321,VVO-HAN-CXR,13:00,13:30,13:00,13:30,13:35,13:54,13:55,14:04,00:30,00:20,DELAY,DELAY,DELAY,DELAY,,93,00:25,,,,,,HAN,VVO,CXR,Domestic,VJ,,
2026-01-25|VJ959/VJ948|A550|FUK-HAN-RMQ|13:35,2026-01-25,VJ959/VJ948,A550,A321,FUK-HAN-RMQ,12:25,13:35,12:25,13:35,12:15,13:34,13:35,13:36,01:10,01:20,ONTIME,ONTIME,ONTIME,ONTIME,,,,,,,,,HAN,FUK,RMQ,International,VJ,,
2026-01-25|VJ770/VJ513|A513|CXR-HAN-DAD|13:45,2026-01-25,VJ770/VJ513,A513,A321,CXR-HAN-DAD,13:05,13:45,12:15,13:45,12:35,13:43,13:45,13:46,01:30,01:10,ONTIME,ONTIME,ONTIME,ONTIME,,,,,,,,,HAN,CXR,DAD,Domestic,VJ,,
2026-01-25|VJ939/VJ1491|A553|KIX-HAN-BMV|14:35,2026-01-25,VJ939/VJ1491,A553,A321,KIX-HAN-BMV,13:05,14:35,13:05,14:35,12:55,14:29,14:30,14:36,01:30,01:35,EARLY,ONTIME,ONTIME,ONTIME,,,,,,,,,HAN,KIX,BMV,Domestic,VJ,,
2026-01-25|VJ921/VJ942|A547|NGO-HAN-TPE|14:40,2026-01-25,VJ921/VJ942,A547,A321,NGO-HAN-TPE,13:40,14:40,13:40,14:40,13:10,14:39,14:40,14:46,01:00,01:30,ONTIME,ONTIME,ONTIME,ONTIME,,,,,,,,,HAN,NGO,TPE,International,VJ,,
2026-01-25|VJ981/VJ511|A522|PUS-HAN-DAD|14:55,2026-01-25,VJ981/VJ511,A522,A321,PUS-HAN-DAD,14:10,14:55,11:00,14:55,10:40,14:54,14:55,15:00,03:55,04:15,ONTIME,ONTIME,ONTIME,ONTIME,,,,,,,,,HAN,PUS,DAD,Domestic,VJ,,
2026-01-25|VJ566/VJ153|A644|HUI-HAN-SGN|15:10,2026-01-25,VJ566/VJ153,A644,A321,HUI-HAN-SGN,13:40,15:10,13:05,15:10,14:05,15:09,15:10,15:20,02:05,01:05,ONTIME,ONTIME,ONTIME,DELAY,,,,,,,,,HAN,HUI,SGN,Domestic,VJ,,
2026-01-25|VJ188/VJ151|-NVE|SGN-HAN-SGN|15:20,2026-01-25,VJ188/VJ151,-NVE,A320,SGN-HAN-SGN,14:45,15:20,14:45,15:20,15:15,15:39,15:40,15:50,00:35,00:25,DELAY,DELAY,DELAY,DELAY,,93,00:20,,,,,,HAN,SGN,SGN,Domestic,VJ,,
2026-01-25|VJ408/VJ433|A655|DLI-HAN-UIH|15:25,2026-01-25,VJ408/VJ433,A655,A320,DLI-HAN-UIH,11:00,15:25,15:50,16:25,15:55,16:24,16:25,16:32,00:35,00:30,ONTIME,ONTIME,DELAY,DELAY,,,,,,,,,HAN,DLI,UIH,Domestic,VJ,,
2026-01-25|VJ404/VJ1441|A698|DLI-HAN-PQC|15:30,2026-01-25,VJ404/VJ1441,A698,A321,DLI-HAN-PQC,13:05,15:30,13:40,16:05,15:45,16:09,16:10,16:15,02:25,00:25,DELAY,ONTIME,DELAY,DELAY,,93,00:05,,,,,,HAN,DLI,PQC,Domestic,VJ,,
2026-01-25|VJ144/VJ145|A812|SGN-HAN-SGN|15:35,2026-01-25,VJ144/VJ145,A812,A330,SGN-HAN-SGN,14:10,15:35,14:10,15:35,14:30,15:24,15:25,15:29,01:25,00:55,EARLY,ONTIME,ONTIME,DELAY,,,,,,,,,HAN,SGN,SGN,Domestic,VJ,,
2026-01-25|VJ933/VJ199|A820|NRT-HAN-SGN|15:35,2026-01-25,VJ933/VJ199,A820,A321,NRT-HAN-SGN,14:00,15:35,14:00,15:35,14:00,15:34,15:35,15:40,01:35,01:35,ONTIME,ONTIME,ONTIME,ONTIME,,,,,,,,,HAN,NRT,SGN,Domestic,VJ,,
2026-01-25|VJ941/VJ423|A578|TPE-HAN-PXU|15:55,2026-01-25,VJ941/VJ423,A578,A321,TPE-HAN-PXU,14:10,15:55,14:10,15:55,15:00,15:53,15:55,15:58,01:45,00:55,ONTIME,ONTIME,ONTIME,DELAY,,,,,,,,,HAN,TPE,PXU,Domestic,VJ,,
2026-01-25|VJ462/VJ409|A641|VCA-HAN-DLI|16:05,2026-01-25,VJ462/VJ409,A641,A321,VCA-HAN-DLI,15:35,16:05,15:40,16:40,16:10,16:49,16:50,16:58,01:00,00:40,DELAY,ONTIME,DELAY,DELAY,,95,00:10,,,,,WAIT FOR FA FROM VJ460 OB 1630,HAN,VCA,DLI,Domestic,VJ,,
2026-01-25|VJ138/VJ191|A658|SGN-HAN-SGN|16:15,2026-01-25,VJ138/VJ191,A658,A320,SGN-HAN-SGN,13:40,16:15,16:10,17:20,16:45,17:24,17:25,17:39,01:10,00:40,DELAY,ONTIME,DELAY,DELAY,,93,00:05,,,,,,HAN,SGN,SGN,Domestic,VJ,,
2026-01-25|VJ906/VJ913|A633|KUL-HAN-SAI|16:20,2026-01-25,VJ906/VJ913,A633,A321,KUL-HAN-SAI,14:55,16:20,14:55,16:20,14:30,16:10,16:12,16:21,01:25,01:42,EARLY,ONTIME,ONTIME,ONTIME,,,,,,,,,HAN,KUL,SAI,International,VJ,,
2026-01-25|VJ460/VJ903|A697|VCA-HAN-BKK|16:20,2026-01-25,VJ460/VJ903,A697,A321,VCA-HAN-BKK,15:25,16:20,15:25,17:20,16:40,17:24,17:25,17:40,01:55,00:45,DELAY,ONTIME,DELAY,DELAY,,93,00:05,,,,,,HAN,VCA,BKK,International,VJ,,
2026-01-25|VJ508/VJ515|A536|VCA-HAN-DAD|16:25,2026-01-25,VJ508/VJ515,A536,A321,VCA-HAN-DAD,15:40,16:25,13:40,16:40,13:40,16:49,16:50,17:04,03:00,03:10,DELAY,ONTIME,DELAY,ONTIME,,15A,00:10,,,,,OFFLOAD 08PAX 03BAG,HAN,VCA,DAD,Domestic,VJ,,
2026-01-25|VJ514/VJ465|A639|DAD-HAN-VCA|17:35,2026-01-25,VJ514/VJ465,A639,A321,DAD-HAN-VCA,17:00,17:35,17:00,17:35,17:15,17:44,17:45,17:55,00:35,00:30,DELAY,ONTIME,DELAY,ONTIME,,93,00:10,,,,,,HAN,DAD,VCA,Domestic,VJ,,
2026-01-25|VJ134/VJ163|-MLI|SGN-HAN-SGN|17:40,2026-01-25,VJ134/VJ163,-MLI,A320,SGN-HAN-SGN,17:05,17:40,17:05,17:40,17:10,17:39,17:40,17:55,00:35,00:30,ONTIME,ONTIME,ONTIME,ONTIME,,,,,,,,,HAN,SGN,SGN,Domestic,VJ,,
2026-01-25|VJ953/VJ445|A662|HIJ-HAN-PQC|17:40,2026-01-25,VJ953/VJ445,A662,A320,HIJ-HAN-PQC,17:25,17:40,17:25,18:40,17:45,18:35,18:36,18:48,01:15,00:51,EARLY,ONTIME,DELAY,DELAY,,,,,,,,,HAN,HIJ,PQC,Domestic,VJ,,
2026-01-25|VJ172/VJ177|A814|SGN-HAN-SGN|17:45,2026-01-25,VJ172/VJ177,A814,A330,SGN-HAN-SGN,16:45,17:45,16:45,18:10,17:35,18:19,18:20,18:42,01:25,00:45,DELAY,ONTIME,DELAY,DELAY,,93,00:10,,,,,,HAN,SGN,SGN,Domestic,VJ,,
2026-01-25|VJ902/VJ147|A554|BKK-HAN-SGN|17:45,2026-01-25,VJ902/VJ147,A554,A321,BKK-HAN-SGN,17:00,17:45,17:00,17:45,17:45,18:09,18:10,18:18,00:45,00:25,DELAY,DELAY,DELAY,DELAY,,93,00:25,,,,,,HAN,BKK,SGN,Domestic,VJ,,
2026-01-25|VJ152/VJ493|A668|SGN-HAN-BMV|18:25,2026-01-25,VJ152/VJ493,A668,A320,SGN-HAN-BMV,17:25,18:25,19:15,19:45,19:20,19:44,19:45,20:05,00:30,00:25,ONTIME,ONTIME,DELAY,DELAY,,,,,,,,,HAN,SGN,BMV,Domestic,VJ,,
2026-01-25|VJ194/VJ193|A814|SGN-HAN-SGN|18:30,2026-01-25,VJ194/VJ193,A814,A330,SGN-HAN-SGN,17:30,18:30,17:30,18:30,18:00,18:36,18:38,18:57,01:00,00:38,DELAY,ONTIME,DELAY,DELAY,,93,00:08,,,,,,HAN,SGN,SGN,Domestic,VJ,,
2026-01-25|VJ916/VJ165|A544|SIN-HAN-SGN|18:30,2026-01-25,VJ916/VJ165,A544,A321,SIN-HAN-SGN,17:25,18:30,17:25,18:30,17:40,17:29,17:30,17:55,01:05,23:50,EARLY,ONTIME,ONTIME,ONTIME,,,,,,,,,HAN,SIN,SGN,Domestic,VJ,,
2026-01-25|VJ512/VJ779|A532|DAD-HAN-CXR|18:35,2026-01-25,VJ512/VJ779,A532,A321,DAD-HAN-CXR,18:05,18:35,18:05,18:35,18:35,19:04,19:05,19:25,00:30,00:30,DELAY,DELAY,DELAY,DELAY,,93,00:30,,,,,,HAN,DAD,CXR,Domestic,VJ,,
2026-01-25|VJ446/VJ569|A699|PQC-HAN-HUI|19:15,2026-01-25,VJ446/VJ569,A699,A320,PQC-HAN-HUI,17:40,19:15,17:40,19:15,17:57,19:14,19:15,19:34,01:35,01:18,ONTIME,ONTIME,DELAY,DELAY,,,,,,,,,HAN,PQC,HUI,Domestic,VJ,,
2026-01-25|VJ957/VJ1925|A689|PUS-HAN-AMD|19:30,2026-01-25,VJ957/VJ1925,A689,A320,PUS-HAN-AMD,18:30,19:30,18:30,19:30,18:25,19:19,19:20,19:45,01:00,00:55,EARLY,ONTIME,ONTIME,ONTIME,,,,,,,,,HAN,PUS,AMD,International,VJ,,
2026-01-25|VJ1492/VJ7358|A553|BMV-HAN-HRB|19:35,2026-01-25,VJ1492/VJ7358,A553,A321,BMV-HAN-HRB,18:35,19:35,18:35,19:35,19:05,19:39,19:40,19:48,01:00,00:35,DELAY,ONTIME,ONTIME,DELAY,,93,00:05,,,,,,HAN,BMV,HRB,International,VJ,,
2026-01-25|VJ432/VJ519|A655|UIH-HAN-DAD|19:50,2026-01-25,VJ432/VJ519,A655,A320,UIH-HAN-DAD,19:15,19:50,20:10,20:55,20:20,20:52,20:55,21:00,00:45,00:35,ONTIME,ONTIME,DELAY,DELAY,,,,,,,,,HAN,UIH,DAD,Domestic,VJ,,
2026-01-25|VJ931/VJ155|A653|KIX-HAN-SGN|20:05,2026-01-25,VJ931/VJ155,A653,A321,KIX-HAN-SGN,19:15,20:05,19:15,20:05,19:20,20:04,20:05,20:20,00:50,00:45,ONTIME,ONTIME,ONTIME,ONTIME,,,,,,,,,HAN,KIX,SGN,Domestic,VJ,,
2026-01-25|VJ410/VJ173|A641|DAD-HAN-SGN|20:05,2026-01-25,VJ410/VJ173,A641,A321,DAD-HAN-SGN,19:35,20:05,20:40,21:45,21:30,21:59,22:00,22:06,01:05,00:30,DELAY,ONTIME,DELAY,DELAY,,93,00:15,,,,,,HAN,DAD,SGN,Domestic,VJ,,
2026-01-25|VJ424/VJ501|A578|PXU-HAN-DAD|20:15,2026-01-25,VJ424/VJ501,A578,A321,PXU-HAN-DAD,19:35,20:15,19:35,21:35,19:45,21:34,21:35,21:42,02:00,01:50,ONTIME,ONTIME,DELAY,ONTIME,,,,,,,,,HAN,PXU,DAD,Domestic,VJ,,
2026-01-25|VJ928/VJ7712|A676|CGK-HAN-PKX|20:25,2026-01-25,VJ928/VJ7712,A676,A320,CGK-HAN-PKX,19:25,20:25,19:25,20:45,20:00,20:44,20:45,20:55,01:20,00:45,ONTIME,ONTIME,DELAY,DELAY,,,,,,,,,HAN,CGK,PKX,International,VJ,,
2026-01-25|VJ949/VJ7342|A550|RMQ-HAN-XIY|20:50,2026-01-25,VJ949/VJ7342,A550,A321,RMQ-HAN-XIY,19:50,20:50,19:50,20:50,20:00,20:46,20:47,21:01,01:00,00:47,EARLY,ONTIME,ONTIME,ONTIME,,,,,,,,,HAN,RMQ,XIY,International,VJ,,
2026-01-25|VJ914/VJ7238|A633|SAI-HAN-PVG|21:30,2026-01-25,VJ914/VJ7238,A633,A321,SAI-HAN-PVG,19:10,21:30,20:50,21:30,20:35,21:24,21:25,21:32,00:40,00:50,EARLY,ONTIME,ONTIME,DELAY,,,,,,,,,HAN,SAI,PVG,International,VJ,,
2026-01-25|VJ935/VJ123|A534|NRT-HAN-SGN|22:10,2026-01-25,VJ935/VJ123,A534,A321,NRT-HAN-SGN,20:55,22:10,20:55,22:10,21:05,22:04,22:05,22:13,01:15,01:00,EARLY,ONTIME,ONTIME,ONTIME,,,,,,,,,HAN,NRT,SGN,Domestic,VJ,,
2026-01-25|VJ568/VJ523|A699|HUI-HAN-DAD|22:45,2026-01-25,VJ568/VJ523,A699,A320,HUI-HAN-DAD,22:15,22:45,22:15,22:45,22:45,23:09,23:10,23:15,00:30,00:25,DELAY,DELAY,DELAY,DELAY,,93,00:25,,,,,,HAN,HUI,DAD,Domestic,VJ,,
2026-01-25|VJ943/VJ962|A547|TPE-HAN-ICN|22:50,2026-01-25,VJ943/VJ962,A547,A321,TPE-HAN-ICN,21:10,22:50,21:10,23:10,22:40,23:14,23:15,23:20,02:00,00:35,DELAY,ONTIME,DELAY,DELAY,,93,00:05,,,,,,HAN,TPE,ICN,International,VJ,,
2026-01-25|VJ158/VJ187|A677|SGN-HAN-SGN|22:50,2026-01-25,VJ158/VJ187,A677,A321,SGN-HAN-SGN,21:15,22:50,21:15,22:50,21:25,22:42,22:43,22:45,01:35,01:18,EARLY,ONTIME,ONTIME,ONTIME,,,,,,,,,HAN,SGN,SGN,Domestic,VJ,,
2026-01-25|VJ464/VJ171|A639|VCA-HAN-SGN|23:25,2026-01-25,VJ464/VJ171,A639,A321,VCA-HAN-SGN,22:30,23:25,22:30,00:30,23:00,00:22,00:23,00:26,02:00,01:23,DELAY,DELAY,DELAY,DELAY,,,,,,,,,HAN,VCA,SGN,Domestic,VJ,,
2026-01-25|VJ904/VJ7526|A697|BKK-HAN-CAN|23:40,2026-01-25,VJ904/VJ7526,A697,A321,BKK-HAN-CAN,21:55,23:40,21:55,23:40,23:05,23:44,23:45,23:50,01:45,00:40,DELAY,ONTIME,ONTIME,DELAY,,93,00:05,,,,,,HAN,BKK,CAN,International,VJ,,
2026-01-26|VJ3525/VJ3525|A537|PQC-HAN-BQS|00:30,2026-01-26,VJ3525/VJ3525,A537,A321,PQC-HAN-BQS,1904-01-02,00:30,1904-01-02,00:30,00:00,00:28,00:30,00:40,00:30,00:30,ONTIME,ONTIME,ONTIME,ONTIME,,,,,,,,,HAN,PQC,BQS,International,VJ,,
2026-01-26|VJ932|A820|HAN-NRT|00:55,2026-01-26,VJ932,A820,A330,HAN-NRT,,00:55,,00:55,,01:14,01:15,01:25,,,DELAY,DELAY,DELAY,,,95,00:20,,,,,WAIT CAPT FROM VJ778 OB 0047,HAN,,NRT,International,VJ,,
2026-01-26|VJ982|A673|HAN-PUS|01:00,2026-01-26,VJ982,A673,A321,HAN-PUS,,01:00,,01:00,,00:52,00:54,00:57,,,EARLY,ONTIME,ONTIME,,,,,,,,,,HAN,,PUS,International,VJ,,
2026-01-26|VJ960|A522|HAN-ICN|01:45,2026-01-26,VJ960,A522,A321,HAN-ICN,,01:45,,01:45,,01:43,01:45,01:46,,,ONTIME,ONTIME,ONTIME,,,,,,,,,,HAN,,ICN,International,VJ,,
2026-01-26|VJ920|A697|HAN-NGO|01:50,2026-01-26,VJ920,A697,A321,HAN-NGO,,01:50,,01:50,,01:34,01:35,01:40,,,EARLY,ONTIME,ONTIME,,,,,,,,,,HAN,,NGO,International,VJ,,
2026-01-26|VJ938|A578|HAN-KIX|02:05,2026-01-26,VJ938,A578,A321,HAN-KIX,,02:05,,02:05,,01:54,01:55,01:55,,,EARLY,ONTIME,ONTIME,,,,,,,,,,HAN,,KIX,International,VJ,,
2026-01-26|VJ40/VJ179|A683|TSN-HAN-SGN|05:00,2026-01-26,VJ40/VJ179,A683,A321,TSN-HAN-SGN,03:05,05:00,03:05,05:00,03:05,04:54,04:55,05:01,01:55,01:50,EARLY,ONTIME,ONTIME,ONTIME,,,,,,,,,HAN,TSN,SGN,Domestic,VJ,,
2026-01-26|VJ461|A668|HAN-VCA|05:30,2026-01-26,VJ461,A668,A320,HAN-VCA,,05:30,,05:30,,05:24,05:25,05:35,,,EARLY,ONTIME,ONTIME,,,,,,,,,,HAN,,VCA,Domestic,VJ,,
2026-01-26|VJ443|A655|HAN-PQC|06:00,2026-01-26,VJ443,A655,A320,HAN-PQC,,06:00,,06:00,,05:54,05:55,06:00,,,EARLY,ONTIME,ONTIME,,,,,,,,,,HAN,,PQC,Domestic,VJ,,
2026-01-26|VJ401|A644|HAN-DLI|06:00,2026-01-26,VJ401,A644,A321,HAN-DLI,,06:00,,06:00,,05:45,05:46,05:51,,,EARLY,ONTIME,ONTIME,,,,,,,,,,HAN,,DLI,Domestic,VJ,,
2026-01-26|VJ421|A641|HAN-PXU|06:05,2026-01-26,VJ421,A641,A321,HAN-PXU,,06:05,,06:05,,05:59,06:00,06:10,,,EARLY,ONTIME,ONTIME,,,,,,,,,,HAN,,PXU,Domestic,VJ,,
2026-01-26|VJ7343/VJ491|A550|XIY-HAN-BMV|06:15,2026-01-26,VJ7343/VJ491,A550,A321,XIY-HAN-BMV,03:45,06:15,03:45,06:15,04:00,06:07,06:08,06:14,02:30,02:08,EARLY,ONTIME,ONTIME,ONTIME,,,,,,,,,HAN,XIY,BMV,Domestic,VJ,,
2026-01-26|VJ7239/VJ503|A633|PVG-HAN-DAD|06:30,2026-01-26,VJ7239/VJ503,A633,A321,PVG-HAN-DAD,05:15,06:30,05:15,06:30,05:00,06:24,06:25,06:28,01:15,01:25,EARLY,ONTIME,ONTIME,ONTIME,,,,,,,,,HAN,PVG,DAD,Domestic,VJ,,
2026-01-26|VJ181|A698|HAN-SGN|06:40,2026-01-26,VJ181,A698,A320,HAN-SGN,,06:40,,06:40,,06:34,06:35,06:40,,,EARLY,ONTIME,ONTIME,,,,,,,,,,HAN,,SGN,Domestic,VJ,,
2026-01-26|VJ105|652G|HAN-VCS|06:45,2026-01-26,VJ105,652G,C909,HAN-VCS,,06:45,,06:45,,06:39,06:40,06:50,,,EARLY,ONTIME,ONTIME,,,,,,,,,,HAN,,VCS,Domestic,VJ,,
2026-01-26|VJ905|A667|HAN-KUL|07:10,2026-01-26,VJ905,A667,A321,HAN-KUL,,07:10,,07:10,,07:04,07:05,07:10,,,EARLY,ONTIME,ONTIME,,,,,,,,,,HAN,,KUL,International,VJ,,
2026-01-26|VJ7713/VJ956|A676|PKX-HAN-PUS|07:30,2026-01-26,VJ7713/VJ956,A676,A320,PKX-HAN-PUS,04:30,07:30,04:30,07:30,05:00,07:29,07:30,07:33,03:00,02:30,ONTIME,ONTIME,ONTIME,DELAY,,,,,,,,,HAN,PKX,PUS,International,VJ,,
2026-01-26|VJ940|A661|HAN-TPE|07:35,2026-01-26,VJ940,A661,A321,HAN-TPE,,07:35,,07:35,,07:29,07:30,07:32,,,EARLY,ONTIME,ONTIME,,,,,,,,,,HAN,,TPE,International,VJ,,
2026-01-26|VJ7527/VJ771|A658|CAN-HAN-CXR|07:35,2026-01-26,VJ7527/VJ771,A658,A320,CAN-HAN-CXR,04:35,07:35,04:35,07:35,04:45,07:29,07:30,07:40,03:00,02:45,EARLY,ONTIME,ONTIME,ONTIME,,,,,,,,,HAN,CAN,CXR,Domestic,VJ,,
2026-01-26|VJ107|656E|HAN-VCS|08:15,2026-01-26,VJ107,656E,C909,HAN-VCS,,08:15,,08:15,,08:14,08:15,08:23,,,ONTIME,ONTIME,ONTIME,,,,,,,,,,HAN,,VCS,Domestic,VJ,,
2026-01-26|VJ934|A500|HAN-NRT|08:20,2026-01-26,VJ934,A500,A321,HAN-NRT,,08:20,,08:20,,08:24,08:25,08:35,,,DELAY,ONTIME,ONTIME,,,15A,00:05,,,,,OFFLOAD 01PAX+03BAGS,HAN,,NRT,International,VJ,,
2026-01-26|VJ7359/VJ930|A553|HRB-HAN-KIX|08:20,2026-01-26,VJ7359/VJ930,A553,A321,HRB-HAN-KIX,06:25,08:20,06:25,08:20,06:55,08:13,08:15,08:21,01:55,01:20,EARLY,ONTIME,ONTIME,DELAY,,,,,,,,,HAN,HRB,KIX,International,VJ,,
2026-01-26|VJ124/VJ125|A685|SGN-HAN-SGN|08:40,2026-01-26,VJ124/VJ125,A685,A321,SGN-HAN-SGN,07:50,08:40,07:50,08:40,07:40,08:39,08:40,08:44,00:50,01:00,ONTIME,ONTIME,ONTIME,ONTIME,,,,,,,,,HAN,SGN,SGN,Domestic,VJ,,
2026-01-26|VJ1926/VJ929|A689|AMD-HAN-CGK|08:40,2026-01-26,VJ1926/VJ929,A689,A320,AMD-HAN-CGK,06:50,08:40,06:50,08:40,06:25,08:39,08:40,08:45,01:50,02:15,ONTIME,ONTIME,ONTIME,ONTIME,,,,,,,,,HAN,AMD,CGK,International,VJ,,
2026-01-26|VJ126/VJ127|A635|SGN-HAN-SGN|08:55,2026-01-26,VJ126/VJ127,A635,A321,SGN-HAN-SGN,08:25,08:55,08:25,08:55,08:25,08:54,08:55,09:07,00:30,00:30,ONTIME,ONTIME,ONTIME,ONTIME,,,,,,,,,HAN,SGN,SGN,Domestic,VJ,,
2026-01-26|VJ524/VJ527|A642|DAD-HAN-DAD|09:30,2026-01-26,VJ524/VJ527,A642,A321,DAD-HAN-DAD,07:40,09:30,07:40,09:30,07:35,09:27,09:28,09:31,01:50,01:53,EARLY,ONTIME,ONTIME,ONTIME,,,,,,,,,HAN,DAD,DAD,Domestic,VJ,,
2026-01-26|VJ122/VJ915|A549|SGN-HAN-SIN|09:35,2026-01-26,VJ122/VJ915,A549,A321,SGN-HAN-SIN,07:30,09:35,07:30,09:35,07:25,09:24,09:25,09:30,02:05,02:00,EARLY,ONTIME,ONTIME,ONTIME,,,,,,,,,HAN,SGN,SIN,International,VJ,,
2026-01-26|VJ997|A544|HAN-DPS|10:00,2026-01-26,VJ997,A544,A321,HAN-DPS,,10:00,,10:00,,09:59,10:00,10:09,,,ONTIME,ONTIME,ONTIME,,,,,,,,,,HAN,,DPS,International,VJ,,
2026-01-26|VJ148/VJ149|NVG|SGN-HAN-SGN|10:05,2026-01-26,VJ148/VJ149,NVG,A320,SGN-HAN-SGN,09:30,10:05,09:30,10:05,09:30,10:02,10:03,10:05,00:35,00:33,EARLY,ONTIME,ONTIME,ONTIME,,,,,,,,,HAN,SGN,SGN,Domestic,VJ,,
2026-01-26|VJ422/VJ567|A641|PXU-HAN-HUI|10:10,2026-01-26,VJ422/VJ567,A641,A321,PXU-HAN-HUI,09:40,10:10,09:40,10:10,09:45,10:14,10:15,10:16,00:30,00:30,DELAY,ONTIME,ONTIME,ONTIME,,93,00:05,,,,,,HAN,PXU,HUI,Domestic,VJ,,
2026-01-26|VJ504/VJ463|A633|DAD-HAN-VCA|10:30,2026-01-26,VJ504/VJ463,A633,A321,DAD-HAN-VCA,09:30,10:30,09:30,10:30,10:05,10:39,10:40,10:45,01:00,00:35,DELAY,ONTIME,ONTIME,DELAY,,93,00:10,,,,,,HAN,DAD,VCA,Domestic,VJ,,
2026-01-26|VJ492/VJ507|A550|BMV-HAN-DAD|10:50,2026-01-26,VJ492/VJ507,A550,A321,BMV-HAN-DAD,10:20,10:50,10:20,10:50,10:25,10:49,10:50,10:56,00:30,00:25,ONTIME,ONTIME,ONTIME,ONTIME,,,,,,,,,HAN,BMV,DAD,Domestic,VJ,,
2026-01-26|VJ402/VJ403|A644|DLI-HAN-DLI|10:55,2026-01-26,VJ402/VJ403,A644,A321,DLI-HAN-DLI,10:20,10:55,10:20,10:55,10:05,10:54,10:55,11:00,00:35,00:50,ONTIME,ONTIME,ONTIME,ONTIME,,,,,,,,,HAN,DLI,DLI,Domestic,VJ,,
2026-01-26|VJ176/VJ135|A649|SGN-HAN-SGN|11:10,2026-01-26,VJ176/VJ135,A649,A321,SGN-HAN-SGN,09:00,11:10,09:00,11:10,08:50,11:09,11:10,11:15,02:10,02:20,ONTIME,ONTIME,ONTIME,ONTIME,,,,,,,,,HAN,SGN,SGN,Domestic,VJ,,
2026-01-26|VJ136/VJ775|A630|SGN-HAN-CXR|11:15,2026-01-26,VJ136/VJ775,A630,A321,SGN-HAN-CXR,10:40,11:15,10:40,11:15,10:35,11:14,11:15,11:21,00:35,00:40,ONTIME,ONTIME,ONTIME,ONTIME,,,,,,,,,HAN,SGN,CXR,Domestic,VJ,,
2026-01-26|VJ184/VJ129|A812|SGN-HAN-SGN|11:25,2026-01-26,VJ184/VJ129,A812,A330,SGN-HAN-SGN,10:25,11:25,10:25,11:25,10:35,11:19,11:20,11:26,01:00,00:45,EARLY,ONTIME,ONTIME,ONTIME,,,,,,,,,HAN,SGN,SGN,Domestic,VJ,,
2026-01-26|VJ772/VJ133|A816|CXR-HAN-SGN|11:40,2026-01-26,VJ772/VJ133,A816,A330,CXR-HAN-SGN,10:40,11:40,10:40,11:40,10:50,11:39,11:40,11:53,01:00,00:50,ONTIME,ONTIME,ONTIME,ONTIME,,,,,,,,,HAN,CXR,SGN,Domestic,VJ,,
2026-01-26|VJ963/VJ946|A547|ICN-HAN-KHH|11:45,2026-01-26,VJ963/VJ946,A547,A321,ICN-HAN-KHH,09:30,11:45,09:30,11:45,09:15,11:41,11:42,11:44,02:15,02:27,EARLY,ONTIME,ONTIME,ONTIME,,,,,,,,,HAN,ICN,KHH,International,VJ,,
2026-01-26|VJ442/VJ407|A655|PQC-HAN-DLI|11:45,2026-01-26,VJ442/VJ407,A655,A320,PQC-HAN-DLI,10:45,11:45,10:45,11:45,11:15,11:38,11:39,11:42,01:00,00:24,EARLY,ONTIME,ONTIME,DELAY,,,,,,,,,HAN,PQC,DLI,Domestic,VJ,,
2026-01-26|VJ981/VJ901|A673|PUS-HAN-BKK|12:15,2026-01-26,VJ981/VJ901,A673,A321,PUS-HAN-BKK,11:00,12:15,11:00,12:15,10:55,12:08,12:10,12:17,01:15,01:15,EARLY,ONTIME,ONTIME,ONTIME,,,,,,,,,HAN,PUS,BKK,International,VJ,,
2026-01-26|VJ770/VJ441|A658|CXR-HAN-PQC|12:25,2026-01-26,VJ770/VJ441,A658,A320,CXR-HAN-PQC,11:45,12:25,11:45,12:25,12:15,12:39,12:40,12:46,00:40,00:25,DELAY,ONTIME,DELAY,DELAY,,93,00:15,,,,,,HAN,CXR,PQC,Domestic,VJ,,
2026-01-26|VJ3526/VJ3526|A537|BQS-HAN-PQC|13:15,2026-01-26,VJ3526/VJ3526,A537,A321,BQS-HAN-PQC,12:45,13:15,12:45,13:15,13:10,13:32,13:33,13:42,00:30,00:23,DELAY,DELAY,DELAY,DELAY,,93,00:18,,,,,,HAN,BQS,PQC,Domestic,VJ,,
2026-01-26|VJ528/VJ513|A642|DAD-HAN-DAD|13:35,2026-01-26,VJ528/VJ513,A642,A321,DAD-HAN-DAD,12:40,13:35,12:40,13:35,13:00,13:34,13:35,13:38,00:55,00:35,ONTIME,ONTIME,ONTIME,DELAY,,,,,,,,,HAN,DAD,DAD,Domestic,VJ,,
2026-01-26|VJ128/VJ143|A817|SGN-HAN-SGN|13:40,2026-01-26,VJ128/VJ143,A817,A330,SGN-HAN-SGN,12:10,13:40,12:10,13:40,12:22,13:39,13:40,13:44,01:30,01:18,ONTIME,ONTIME,ONTIME,ONTIME,,,,,,,,,HAN,SGN,SGN,Domestic,VJ,,
2026-01-26|VJ939/VJ948|A578|KIX-HAN-RMQ|14:05,2026-01-26,VJ939/VJ948,A578,A321,KIX-HAN-RMQ,13:05,14:05,13:05,14:05,13:00,13:44,13:45,13:55,01:00,00:45,EARLY,ONTIME,ONTIME,ONTIME,,,,,,,,,HAN,KIX,RMQ,International,VJ,,
2026-01-26|VJ566/VJ511|A641|HUI-HAN-DAD|14:20,2026-01-26,VJ566/VJ511,A641,A321,HUI-HAN-DAD,13:05,14:20,13:05,14:20,13:30,14:15,14:16,14:23,01:15,00:46,EARLY,ONTIME,ONTIME,DELAY,,,,,,,,,HAN,HUI,DAD,Domestic,VJ,,
2026-01-26|VJ508/VJ1491|A550|DAD-HAN-BMV|14:45,2026-01-26,VJ508/VJ1491,A550,A321,DAD-HAN-BMV,14:00,14:45,14:00,15:15,14:40,15:12,15:13,15:15,01:15,00:33,EARLY,ONTIME,DELAY,DELAY,,,,,,,,,HAN,DAD,BMV,Domestic,VJ,,
2026-01-26|VJ188/VJ151|NVE|SGN-HAN-SGN|14:55,2026-01-26,VJ188/VJ151,NVE,A320,SGN-HAN-SGN,14:20,14:55,14:20,15:30,15:05,15:28,15:30,15:43,01:10,00:25,ONTIME,ONTIME,DELAY,DELAY,,,,,,,,,HAN,SGN,SGN,Domestic,VJ,,
2026-01-26|VJ961/VJ942|A522|ICN-HAN-TPE|15:10,2026-01-26,VJ961/VJ942,A522,A321,ICN-HAN-TPE,14:10,15:10,14:10,15:10,13:57,15:03,15:05,15:06,01:00,01:08,EARLY,ONTIME,ONTIME,ONTIME,,,,,,,,,HAN,ICN,TPE,International,VJ,,
2026-01-26|VJ144/VJ433|A635|SGN-HAN-UIH|15:35,2026-01-26,VJ144/VJ433,A635,A321,SGN-HAN-UIH,14:10,15:35,14:10,15:35,14:40,15:29,15:30,15:40,01:25,00:50,EARLY,ONTIME,ONTIME,DELAY,,,,,,,,,HAN,SGN,UIH,Domestic,VJ,,
2026-01-26|VJ404/VJ145|A644|DLI-HAN-SGN|15:35,2026-01-26,VJ404/VJ145,A644,A321,DLI-HAN-SGN,15:05,15:35,15:05,15:35,15:15,15:49,15:50,16:00,00:30,00:35,DELAY,ONTIME,DELAY,ONTIME,,93,00:15,,,,,,HAN,DLI,SGN,Domestic,VJ,,
2026-01-26|VJ906/VJ903|A667|KUL-HAN-BKK|15:50,2026-01-26,VJ906/VJ903,A667,A321,KUL-HAN-BKK,14:55,15:50,14:55,15:50,14:30,15:48,15:50,15:55,00:55,01:20,ONTIME,ONTIME,ONTIME,ONTIME,,,,,,,,,HAN,KUL,BKK,International,VJ,,
2026-01-26|VJ921/VJ423|A697|NGO-HAN-PXU|15:55,2026-01-26,VJ921/VJ423,A697,A321,NGO-HAN-PXU,13:40,15:55,13:40,15:55,13:15,15:47,15:48,15:54,02:15,02:33,EARLY,ONTIME,ONTIME,ONTIME,,,,,,,,,HAN,NGO,PXU,Domestic,VJ,,
2026-01-26|VJ933/VJ195|A820|NRT-HAN-SGN|16:00,2026-01-26,VJ933/VJ195,A820,A330,NRT-HAN-SGN,14:00,16:00,14:00,16:00,14:15,15:59,16:00,16:06,02:00,01:45,ONTIME,ONTIME,ONTIME,ONTIME,,,,,,,,,HAN,NRT,SGN,Domestic,VJ,,
2026-01-26|VJ774/VJ1441|A684|CXR-HAN-PQC|16:15,2026-01-26,VJ774/VJ1441,A684,A321,CXR-HAN-PQC,15:40,16:15,15:40,16:15,16:00,16:19,16:20,16:40,00:35,00:20,DELAY,ONTIME,DELAY,DELAY,,,,,,,,,HAN,CXR,PQC,Domestic,VJ,,
2026-01-26|VJ941/VJ913|A661|TPE-HAN-SAI|16:20,2026-01-26,VJ941/VJ913,A661,A321,TPE-HAN-SAI,15:25,16:20,15:25,16:20,14:20,16:18,16:20,16:35,00:55,02:00,ONTIME,ONTIME,ONTIME,ONTIME,,,,,,,,,HAN,TPE,SAI,International,VJ,,
2026-01-26|VJ460/VJ515|A633|VCA-HAN-DAD|16:25,2026-01-26,VJ460/VJ515,A633,A321,VCA-HAN-DAD,15:25,16:25,15:25,16:25,16:10,16:39,16:40,16:49,01:00,00:30,DELAY,ONTIME,DELAY,DELAY,,93,00:15,,,,,,HAN,VCA,DAD,Domestic,VJ,,
2026-01-26|VJ408/VJ409|A655|DLI-HAN-DLI|16:25,2026-01-26,VJ408/VJ409,A655,A320,DLI-HAN-DLI,15:55,16:25,15:55,16:25,16:00,16:24,16:25,16:40,00:30,00:25,ONTIME,ONTIME,ONTIME,ONTIME,,,,,,,,,HAN,DLI,DLI,Domestic,VJ,,
2026-01-26|VJ134/VJ163|MLI|SGN-HAN-SGN|17:20,2026-01-26,VJ134/VJ163,MLI,A320,SGN-HAN-SGN,16:50,17:20,17:35,18:40,18:15,18:34,18:35,18:45,01:05,00:20,EARLY,ONTIME,DELAY,DELAY,,,,,,,,,HAN,SGN,SGN,Domestic,VJ,,
2026-01-26|VJ440/VJ465|A662|PQC-HAN-VCA|17:25,2026-01-26,VJ440/VJ465,A662,A320,PQC-HAN-VCA,15:40,17:25,14:45,17:25,15:20,17:24,17:25,17:27,02:40,02:05,ONTIME,ONTIME,ONTIME,ONTIME,,,,,,,,,HAN,PQC,VCA,Domestic,VJ,,
2026-01-26|VJ957/VJ445|A676|PUS-HAN-PQC|17:40,2026-01-26,VJ957/VJ445,A676,A320,PUS-HAN-PQC,13:05,17:40,17:20,17:40,17:17,17:39,17:40,17:46,00:20,00:23,ONTIME,ONTIME,ONTIME,DELAY,,,,,,,,,HAN,PUS,PQC,Domestic,VJ,,
2026-01-26|VJ130/VJ131|A812|SGN-HAN-SGN|17:45,2026-01-26,VJ130/VJ131,A812,A330,SGN-HAN-SGN,16:45,17:45,16:45,17:45,17:00,17:42,17:43,17:49,01:00,00:43,EARLY,ONTIME,ONTIME,ONTIME,,,,,,,,,HAN,SGN,SGN,Domestic,VJ,,
2026-01-26|VJ512/VJ779|A641|DAD-HAN-CXR|18:00,2026-01-26,VJ512/VJ779,A641,A321,DAD-HAN-CXR,17:30,18:00,17:30,18:00,17:45,18:12,18:13,18:23,00:30,00:28,DELAY,ONTIME,DELAY,ONTIME,,93,00:13,,,,,,HAN,DAD,CXR,Domestic,VJ,,
2026-01-26|VJ146/VJ169|A816|SGN-HAN-SGN|18:00,2026-01-26,VJ146/VJ169,A816,A330,SGN-HAN-SGN,17:00,18:00,17:00,18:00,17:15,17:59,18:00,18:05,01:00,00:45,ONTIME,ONTIME,ONTIME,ONTIME,,,,,,,,,HAN,SGN,SGN,Domestic,VJ,,
2026-01-26|VJ194/VJ193|A536|SGN-HAN-SGN|18:10,2026-01-26,VJ194/VJ193,A536,A321,SGN-HAN-SGN,17:30,18:10,17:30,18:10,17:25,18:09,18:10,18:20,00:40,00:45,ONTIME,ONTIME,ONTIME,ONTIME,,,,,,,,,HAN,SGN,SGN,Domestic,VJ,,
2026-01-26|VJ446/VJ1925|A658|PQC-HAN-AMD|19:00,2026-01-26,VJ446/VJ1925,A658,A320,PQC-HAN-AMD,17:20,19:00,17:30,19:00,18:35,19:14,19:15,19:23,01:30,00:40,DELAY,ONTIME,DELAY,DELAY,,93,00:15,,,,,,HAN,PQC,AMD,International,VJ,,
2026-01-26|VJ947/VJ173|A547|KHH-HAN-SGN|19:05,2026-01-26,VJ947/VJ173,A547,A321,KHH-HAN-SGN,18:05,19:05,18:05,19:05,17:55,19:04,19:05,19:10,01:00,01:10,ONTIME,ONTIME,ONTIME,ONTIME,,,,,,,,,HAN,KHH,SGN,Domestic,VJ,,
2026-01-26|VJ462/VJ517|A658|VCA-HAN-DAD|19:05,2026-01-26,VJ462/VJ517,A658,A320,VCA-HAN-DAD,15:40,19:05,15:40,19:05,15:40,19:16,19:17,19:20,03:25,03:37,DELAY,ONTIME,ONTIME,ONTIME,,95,00:12,,,,,DL95 DUE TO WAIT CREW FROM VJ446 OB1848,HAN,VCA,DAD,Domestic,VJ,,
2026-01-26|VJ916/VJ907|A549|SIN-HAN-BOM|19:15,2026-01-26,VJ916/VJ907,A549,A321,SIN-HAN-BOM,17:25,19:15,17:25,19:15,17:19,19:14,19:15,19:19,01:50,01:56,ONTIME,ONTIME,ONTIME,ONTIME,,,,,,,,,HAN,SIN,BOM,International,VJ,,
2026-01-26|VJ514/VJ569|A642|DAD-HAN-HUI|19:15,2026-01-26,VJ514/VJ569,A642,A321,DAD-HAN-HUI,17:00,19:15,17:00,19:15,17:15,19:14,19:15,19:21,02:15,02:00,ONTIME,ONTIME,ONTIME,ONTIME,,,,,,,,,HAN,DAD,HUI,Domestic,VJ,,
2026-01-26|VJ1492/VJ519|A550|BMV-HAN-DAD|19:45,2026-01-26,VJ1492/VJ519,A550,A321,BMV-HAN-DAD,18:50,19:45,18:50,19:45,19:05,19:41,19:42,19:52,00:55,00:37,EARLY,ONTIME,ONTIME,ONTIME,,,,,,,,,HAN,BMV,DAD,Domestic,VJ,,
2026-01-26|VJ424/VJ155|A697|PXU-HAN-SGN|20:05,2026-01-26,VJ424/VJ155,A697,A321,PXU-HAN-SGN,19:35,20:05,19:35,20:05,19:35,20:04,20:05,20:08,00:30,00:30,ONTIME,ONTIME,ONTIME,ONTIME,,,,,,,,,HAN,PXU,SGN,Domestic,VJ,,
2026-01-26|VJ902/VJ7342|A673|BKK-HAN-XIY|20:15,2026-01-26,VJ902/VJ7342,A673,A321,BKK-HAN-XIY,17:00,20:15,17:00,20:15,17:07,19:59,20:00,20:15,03:15,02:53,EARLY,ONTIME,ONTIME,ONTIME,,,,,,,,,HAN,BKK,XIY,International,VJ,,
2026-01-26|VJ928/VJ7712|A689|CGK-HAN-PKX|20:15,2026-01-26,VJ928/VJ7712,A689,A320,CGK-HAN-PKX,18:15,20:15,18:15,20:15,18:05,20:09,20:10,20:13,02:00,02:05,EARLY,ONTIME,ONTIME,ONTIME,,,,,,,,,HAN,CGK,PKX,International,VJ,,
2026-01-26|VJ432/VJ501|A635|UIH-HAN-DAD|20:15,2026-01-26,VJ432/VJ501,A635,A321,UIH-HAN-DAD,19:20,20:15,19:20,20:15,19:22,20:13,20:15,20:30,00:55,00:53,ONTIME,ONTIME,ONTIME,ONTIME,,,,,,,,,HAN,UIH,DAD,Domestic,VJ,,
2026-01-26|VJ931/VJ7238|A553|KIX-HAN-PVG|21:30,2026-01-26,VJ931/VJ7238,A553,A321,KIX-HAN-PVG,19:15,21:30,19:15,21:30,19:00,21:21,21:23,21:27,02:15,02:23,EARLY,ONTIME,ONTIME,ONTIME,,,,,,,,,HAN,KIX,PVG,International,VJ,,
2026-01-26|VJ152/VJ123|A685|SGN-HAN-SGN|22:10,2026-01-26,VJ152/VJ123,A685,A321,SGN-HAN-SGN,19:15,22:10,21:15,22:15,22:30,22:56,22:58,23:06,01:00,00:28,DELAY,DELAY,DELAY,DELAY,,93,00:43,,,,,,HAN,SGN,SGN,Domestic,VJ,,
2026-01-26|VJ568/VJ523|A642|HUI-HAN-DAD|22:45,2026-01-26,VJ568/VJ523,A642,A321,HUI-HAN-DAD,22:15,22:45,22:15,22:45,22:35,23:04,23:05,23:13,00:30,00:30,DELAY,DELAY,DELAY,DELAY,,93,00:20,,,,,,HAN,HUI,DAD,Domestic,VJ,,
2026-01-26|VJ904/VJ962|A667|BKK-HAN-ICN|22:50,2026-01-26,VJ904/VJ962,A667,A321,BKK-HAN-ICN,20:50,22:50,20:25,22:50,20:25,22:54,22:55,23:13,02:25,02:30,DELAY,ONTIME,DELAY,ONTIME,,99,00:05,,,,,DL99 DUE TO ACCEPT PAX WITH BAGS ( 4 PAX 1 BAG),HAN,BKK,ICN,International,VJ,,
2026-01-26|VJ156/VJ1159|A536|SGN-HAN-SGN|23:40,2026-01-26,VJ156/VJ1159,A536,A321,SGN-HAN-SGN,23:10,23:40,23:10,23:40,23:05,23:39,23:40,23:44,00:30,00:35,ONTIME,ONTIME,ONTIME,ONTIME,,,,,,,,,HAN,SGN,SGN,Domestic,VJ,,
2026-01-26|VJ778/VJ7526|A641|CXR-HAN-CAN|23:40,2026-01-26,VJ778/VJ7526,A641,A321,CXR-HAN-CAN,22:10,23:40,22:10,23:40,22:45,23:39,23:40,23:48,01:30,00:55,ONTIME,ONTIME,ONTIME,DELAY,,,,,,,,,HAN,CXR,CAN,International,VJ,,
2026-01-27|VJ932|A820|HAN-NRT|00:55,2026-01-27,VJ932,A820,A321,HAN-NRT,,00:55,,00:55,,00:54,00:55,01:02,,,ONTIME,ONTIME,ONTIME,,,,,,,,,,HAN,,NRT,International,VJ,,
2026-01-27|VJ982|A661|HAN-PUS|01:00,2026-01-27,VJ982,A661,A321,HAN-PUS,,01:00,,01:00,,00:45,00:47,00:48,,,EARLY,ONTIME,ONTIME,,,,,,,,,,HAN,,PUS,International,VJ,,
2026-01-27|VJ920|A500|HAN-NGO|01:35,2026-01-27,VJ920,A500,A321,HAN-NGO,,01:35,,01:35,,01:24,01:25,01:27,,,EARLY,ONTIME,ONTIME,,,,,,,,,,HAN,,NGO,International,VJ,,
2026-01-27|VJ938|A550|HAN-KIX|01:40,2026-01-27,VJ938,A550,A321,HAN-KIX,,01:40,,01:40,,01:34,01:35,01:40,,,EARLY,ONTIME,ONTIME,,,,,,,,,,HAN,,KIX,International,VJ,,
2026-01-27|VJ960|A578|HAN-ICN|01:45,2026-01-27,VJ960,A578,A321,HAN-ICN,,01:45,,01:45,,01:42,01:43,01:45,,,EARLY,ONTIME,ONTIME,,,,,,,,,,HAN,,ICN,International,VJ,,
2026-01-27|VJ958|A522|HAN-FUK|02:05,2026-01-27,VJ958,A522,A321,HAN-FUK,,02:05,,02:05,,01:51,01:52,01:57,,,EARLY,ONTIME,ONTIME,,,,,,,,,,HAN,,FUK,International,VJ,,
2026-01-27|VJ179|A647|HAN-SGN|05:00,2026-01-27,VJ179,A647,A321,HAN-SGN,,05:00,,05:00,,04:53,04:55,05:10,,,EARLY,ONTIME,ONTIME,,,,,,,,,,HAN,,SGN,Domestic,VJ,,
2026-01-27|VJ185|A637|HAN-SGN|05:10,2026-01-27,VJ185,A637,A321,HAN-SGN,,05:10,,05:10,,05:04,05:05,05:14,,,EARLY,ONTIME,ONTIME,,,,,,,,,,HAN,,SGN,Domestic,VJ,,
2026-01-27|VJ461|A655|HAN-VCA|05:30,2026-01-27,VJ461,A655,A320,HAN-VCA,,05:30,,05:30,,05:24,05:25,05:35,,,EARLY,ONTIME,ONTIME,,,,,,,,,,HAN,,VCA,Domestic,VJ,,
2026-01-27|VJ773|A816|HAN-CXR|05:45,2026-01-27,VJ773,A816,A330,HAN-CXR,,05:45,,05:45,,05:39,05:40,05:45,,,EARLY,ONTIME,ONTIME,,,,,,,,,,HAN,,CXR,Domestic,VJ,,
2026-01-27|VJ7713/VJ443|A689|PKX-HAN-PQC|06:00,2026-01-27,VJ7713/VJ443,A689,A320,PKX-HAN-PQC,04:20,06:00,04:20,06:00,04:35,06:19,06:20,06:28,01:40,01:45,DELAY,DELAY,DELAY,ONTIME,,61,00:20,,,,,CHANGE FLIGHT PLAN,HAN,PKX,PQC,Domestic,VJ,,
2026-01-27|VJ503|A544|HAN-DAD|06:00,2026-01-27,VJ503,A544,A321,HAN-DAD,,06:00,,06:00,,05:54,05:55,06:00,,,EARLY,ONTIME,ONTIME,,,,,,,,,,HAN,,DAD,Domestic,VJ,,
2026-01-27|VJ7527/VJ491|A641|CAN-HAN-BMV|06:00,2026-01-27,VJ7527/VJ491,A641,A321,CAN-HAN-BMV,04:35,06:00,04:35,06:00,04:30,05:54,05:55,06:02,01:25,01:25,EARLY,ONTIME,ONTIME,ONTIME,,,,,,,,,HAN,CAN,BMV,Domestic,VJ,,
2026-01-27|VJ952|A675|HAN-HIJ|06:35,2026-01-27,VJ952,A675,A320,HAN-HIJ,,06:35,,06:35,,06:26,06:27,06:29,,,EARLY,ONTIME,ONTIME,,,,,,,,,,HAN,,HIJ,International,VJ,,
2026-01-27|VJ181|A662|HAN-SGN|06:40,2026-01-27,VJ181,A662,A320,HAN-SGN,,06:40,,06:40,,06:34,06:35,08:30,,,EARLY,ONTIME,DELAY,,,,,,,,,BAD WEATHER AT HAN,HAN,,SGN,Domestic,VJ,,
2026-01-27|VJ105|652G|HAN-VCS|06:45,2026-01-27,VJ105,652G,C909,HAN-VCS,,06:45,,06:45,,06:38,06:39,06:42,,,EARLY,ONTIME,ONTIME,,,,,,,,,,HAN,,VCS,Domestic,VJ,,
2026-01-27|VJ7343/VJ431|A673|XIY-HAN-UIH|07:10,2026-01-27,VJ7343/VJ431,A673,A321,XIY-HAN-UIH,03:10,07:10,03:10,07:10,03:05,07:38,07:39,08:32,04:00,04:34,DELAY,DELAY,DELAY,ONTIME,,71,00:29,,,,,BAD WEATHER AT HAN,HAN,XIY,UIH,Domestic,VJ,,
2026-01-27|VJ905|A633|HAN-KUL|07:10,2026-01-27,VJ905,A633,A321,HAN-KUL,,07:10,,07:10,,06:54,06:55,08:35,,,EARLY,ONTIME,DELAY,,,,,,,,,BAD WEATHER AT HAN,HAN,,KUL,International,VJ,,
2026-01-27|VJ1926/VJ956|A658|AMD-HAN-PUS|07:30,2026-01-27,VJ1926/VJ956,A658,A320,AMD-HAN-PUS,04:20,07:30,06:20,07:30,06:12,08:31,08:32,09:00,01:10,02:20,DELAY,DELAY,DELAY,DELAY,,71,01:02,,,,,BAD WEATHER AT HAN,HAN,AMD,PUS,International,VJ,,
2026-01-27|VJ940|A684|HAN-TPE|07:35,2026-01-27,VJ940,A684,A321,HAN-TPE,,07:35,,07:35,,07:29,07:30,09:43,,,EARLY,ONTIME,DELAY,,,,,,,,,BAD WEATHER AT HAN,HAN,,TPE,International,VJ,,
2026-01-27|VJ771|A635|HAN-CXR|07:35,2026-01-27,VJ771,A635,A321,HAN-CXR,,07:35,,07:35,,07:29,07:30,09:00,,,EARLY,ONTIME,DELAY,,,,,,,,,BAD WEATHER AT HAN,HAN,,CXR,Domestic,VJ,,
2026-01-27|VJ107|656E|HAN-VCS|08:15,2026-01-27,VJ107,656E,C909,HAN-VCS,,08:15,,08:15,,08:27,08:28,09:25,,,DELAY,ONTIME,DELAY,,,71,00:13,,,,,BAD WEATHER AT HAN,HAN,,VCS,Domestic,VJ,,
2026-01-27|VJ930|A546|HAN-KIX|08:20,2026-01-27,VJ930,A546,A321,HAN-KIX,,08:20,,08:20,,08:19,08:20,09:29,,,ONTIME,ONTIME,DELAY,,,,,,,,,BAD WEATHER AT HAN,HAN,,KIX,International,VJ,,
2026-01-27|VJ910/VJ934|A549|BOM-HAN-NRT|08:20,2026-01-27,VJ910/VJ934,A549,A321,BOM-HAN-NRT,06:40,08:20,06:40,08:20,06:15,08:19,08:20,09:34,01:40,02:05,ONTIME,ONTIME,DELAY,ONTIME,,,,,,,,BAD WEATHER AT HAN,HAN,BOM,NRT,International,VJ,,
2026-01-27|VJ524/VJ929|A699|DAD-HAN-CGK|08:40,2026-01-27,VJ524/VJ929,A699,A320,DAD-HAN-CGK,06:20,08:40,07:40,08:40,09:00,09:29,09:30,10:17,01:00,00:30,DELAY,DELAY,DELAY,DELAY,,93,00:50,,,,,,HAN,DAD,CGK,International,VJ,,
2026-01-27|VJ124/VJ125|A698|SGN-HAN-SGN|08:40,2026-01-27,VJ124/VJ125,A698,A321,SGN-HAN-SGN,07:50,08:40,07:50,08:40,09:30,09:59,10:00,10:18,00:50,00:30,DELAY,DELAY,DELAY,DELAY,,93,01:20,,,,,,HAN,SGN,SGN,Domestic,VJ,,
2026-01-27|VJ122/VJ915|A683|SGN-HAN-SIN|09:35,2026-01-27,VJ122/VJ915,A683,A321,SGN-HAN-SIN,07:30,09:35,07:30,09:35,08:55,10:09,10:10,10:23,02:05,01:15,DELAY,DELAY,DELAY,DELAY,,93,00:05,71,00:30,,,BAD WEATHER AT HAN,HAN,SGN,SIN,International,VJ,,
2026-01-27|VJ7239/VJ997|A553|PVG-HAN-DPS|10:00,2026-01-27,VJ7239/VJ997,A553,A321,PVG-HAN-DPS,05:15,10:00,05:15,10:00,05:05,10:36,10:37,10:40,04:45,05:32,DELAY,DELAY,DELAY,ONTIME,,71,00:37,,,,,BAD WEATHER AT HAN,HAN,PVG,DPS,International,VJ,,
2026-01-27|VJ148/VJ149|NVG|SGN-HAN-SGN|10:05,2026-01-27,VJ148/VJ149,NVG,A320,SGN-HAN-SGN,09:30,10:05,09:30,10:05,10:05,10:29,10:30,10:59,00:35,00:25,DELAY,DELAY,DELAY,DELAY,,93,00:25,,,,,,HAN,SGN,SGN,Domestic,VJ,,
2026-01-27|VJ504/VJ507|A544|DAD-HAN-DAD|10:30,2026-01-27,VJ504/VJ507,A544,A321,DAD-HAN-DAD,09:00,10:30,09:00,10:30,10:00,10:29,10:30,10:45,01:30,00:30,ONTIME,ONTIME,ONTIME,DELAY,,,,,,,,,HAN,DAD,DAD,Domestic,VJ,,
2026-01-27|VJ492/VJ567|A641|BMV-HAN-HUI|10:35,2026-01-27,VJ492/VJ567,A641,A321,BMV-HAN-HUI,10:00,10:35,10:00,10:35,10:10,10:34,10:35,11:05,00:35,00:25,ONTIME,ONTIME,DELAY,ONTIME,,,,,,,,,HAN,BMV,HUI,Domestic,VJ,,
2026-01-27|VJ403|A668|HAN-DLI|10:45,2026-01-27,VJ403,A668,A320,HAN-DLI,,10:45,,10:45,,10:38,10:39,11:10,,,EARLY,ONTIME,DELAY,,,,,,,,,,HAN,,DLI,Domestic,VJ,,
2026-01-27|VJ963/VJ407|A667|ICN-HAN-DLI|11:25,2026-01-27,VJ963/VJ407,A667,A321,ICN-HAN-DLI,09:30,11:25,09:30,11:25,09:40,11:59,12:00,12:05,01:55,02:20,DELAY,DELAY,DELAY,ONTIME,,41,00:35,,,,,CHANGE TIRE,HAN,ICN,DLI,Domestic,VJ,,
2026-01-27|VJ184/VJ129|A812|SGN-HAN-SGN|11:25,2026-01-27,VJ184/VJ129,A812,A330,SGN-HAN-SGN,10:25,11:25,10:25,11:25,11:00,11:44,11:45,11:46,01:00,00:45,DELAY,DELAY,DELAY,DELAY,,93,00:20,,,,,,HAN,SGN,SGN,Domestic,VJ,,
2026-01-27|VJ440/VJ135|A676|PQC-HAN-SGN|11:45,2026-01-27,VJ440/VJ135,A676,A320,PQC-HAN-SGN,11:55,11:45,11:55,12:30,12:10,12:43,12:45,12:52,00:35,00:35,DELAY,ONTIME,DELAY,ONTIME,,93,00:15,,,,,,HAN,PQC,SGN,Domestic,VJ,,
2026-01-27|VJ132/VJ137|A672|SGN-HAN-SGN|12:00,2026-01-27,VJ132/VJ137,A672,A320,SGN-HAN-SGN,11:30,12:00,11:30,12:45,12:15,12:43,12:45,12:58,01:15,00:30,ONTIME,ONTIME,DELAY,DELAY,,,,,,,,,HAN,SGN,SGN,Domestic,VJ,,
2026-01-27|VJ981/VJ901|A661|PUS-HAN-BKK|12:15,2026-01-27,VJ981/VJ901,A661,A321,PUS-HAN-BKK,11:00,12:15,11:00,12:15,11:00,12:13,12:15,12:21,01:15,01:15,ONTIME,ONTIME,ONTIME,ONTIME,,,,,,,,,HAN,PUS,BKK,International,VJ,,
2026-01-27|VJ442/VJ441|A689|PQC-HAN-PQC|12:25,2026-01-27,VJ442/VJ441,A689,A320,PQC-HAN-PQC,10:45,12:25,10:45,12:25,11:25,12:24,12:25,12:40,01:40,01:00,ONTIME,ONTIME,ONTIME,DELAY,,,,,,,,,HAN,PQC,PQC,Domestic,VJ,,
2026-01-27|VJ186/VJ183|A810|SGN-HAN-SGN|12:40,2026-01-27,VJ186/VJ183,A810,A330,SGN-HAN-SGN,11:40,12:40,11:40,12:40,11:45,12:35,12:40,12:52,01:00,00:55,ONTIME,ONTIME,ONTIME,ONTIME,,,,,,,,,HAN,SGN,SGN,Domestic,VJ,,
2026-01-27|VJ128/VJ948|A534|SGN-HAN-RMQ|13:35,2026-01-27,VJ128/VJ948,A534,A321,SGN-HAN-RMQ,12:10,13:35,12:10,13:35,12:45,13:31,13:32,13:35,01:25,00:47,EARLY,ONTIME,ONTIME,DELAY,,,,,,,,,HAN,SGN,RMQ,International,VJ,,
2026-01-27|VJ430/VJ513|A673|UIH-HAN-DAD|13:35,2026-01-27,VJ430/VJ513,A673,A321,UIH-HAN-DAD,10:55,13:35,10:55,13:35,12:15,13:34,13:35,13:50,02:40,01:20,ONTIME,ONTIME,ONTIME,DELAY,,,,,,,,,HAN,UIH,DAD,Domestic,VJ,,
2026-01-27|VJ959/VJ781|A522|FUK-HAN-CXR|14:10,2026-01-27,VJ959/VJ781,A522,A321,FUK-HAN-CXR,12:25,14:10,12:25,14:10,12:20,14:24,14:25,14:32,01:45,02:05,DELAY,ONTIME,DELAY,ONTIME,,95,00:15,,,,,WAIT CREW VJ780 OB 1405,HAN,FUK,CXR,Domestic,VJ,,
2026-01-27|VJ770/VJ511|A635|CXR-HAN-DAD|14:20,2026-01-27,VJ770/VJ511,A635,A321,CXR-HAN-DAD,11:45,14:20,13:30,14:20,14:05,14:44,14:45,14:50,00:50,00:40,DELAY,DELAY,DELAY,DELAY,,93,00:25,,,,,,HAN,CXR,DAD,Domestic,VJ,,
2026-01-27|VJ780/VJ942|A645|CXR-HAN-TPE|14:25,2026-01-27,VJ780/VJ942,A645,A321,CXR-HAN-TPE,13:25,14:25,13:25,14:25,13:45,14:24,14:25,14:33,01:00,00:40,ONTIME,ONTIME,ONTIME,DELAY,,,,,,,,,HAN,CXR,TPE,International,VJ,,
2026-01-27|VJ566/VJ1491|A641|HUI-HAN-BMV|14:35,2026-01-27,VJ566/VJ1491,A641,A321,HUI-HAN-BMV,13:40,14:35,13:40,14:35,14:10,14:39,14:40,14:44,00:55,00:30,DELAY,ONTIME,ONTIME,DELAY,,93,00:05,,,,,,HAN,HUI,BMV,Domestic,VJ,,
2026-01-27|VJ961/VJ153|A578|ICN-HAN-SGN|15:10,2026-01-27,VJ961/VJ153,A578,A321,ICN-HAN-SGN,14:10,15:10,14:10,15:10,13:56,15:49,15:50,16:05,01:00,01:54,DELAY,DELAY,DELAY,ONTIME,,95,00:40,,,,,WAIT CREW VJ138 OB 1525,HAN,ICN,SGN,Domestic,VJ,,
2026-01-27|VJ508/VJ1441|A544|DAD-HAN-PQC|15:30,2026-01-27,VJ508/VJ1441,A544,A321,DAD-HAN-PQC,13:40,15:30,14:00,15:30,14:20,15:14,15:15,15:20,01:30,00:55,EARLY,ONTIME,ONTIME,DELAY,,,,,,,,,HAN,DAD,PQC,Domestic,VJ,,
2026-01-27|VJ921/VJ145|A500|NGO-HAN-SGN|15:35,2026-01-27,VJ921/VJ145,A500,A321,NGO-HAN-SGN,13:40,15:35,13:40,15:35,13:15,15:34,15:35,15:45,01:55,02:20,ONTIME,ONTIME,ONTIME,ONTIME,,,,,,,,,HAN,NGO,SGN,Domestic,VJ,,
2026-01-27|VJ198/VJ199|A669|SGN-HAN-SGN|15:40,2026-01-27,VJ198/VJ199,A669,A320,SGN-HAN-SGN,15:10,15:40,15:10,15:40,15:25,15:52,15:54,15:55,00:30,00:29,DELAY,ONTIME,ONTIME,ONTIME,,93,00:14,,,,,,HAN,SGN,SGN,Domestic,VJ,,
2026-01-27|VJ138/VJ903|A637|SGN-HAN-BKK|15:50,2026-01-27,VJ138/VJ903,A637,A321,SGN-HAN-BKK,14:40,15:50,14:40,15:50,15:05,15:49,15:50,15:56,01:10,00:45,ONTIME,ONTIME,ONTIME,DELAY,,,,,,,,,HAN,SGN,BKK,International,VJ,,
2026-01-27|VJ144/VJ423|A649|SGN-HAN-PXU|15:55,2026-01-27,VJ144/VJ423,A649,A321,SGN-HAN-PXU,14:10,15:55,14:10,15:55,14:45,15:54,15:55,16:42,01:45,01:10,ONTIME,ONTIME,DELAY,DELAY,,,,,,,,,HAN,SGN,PXU,Domestic,VJ,,
2026-01-27|VJ933/VJ195|A820|NRT-HAN-SGN|16:00,2026-01-27,VJ933/VJ195,A820,A321,NRT-HAN-SGN,14:00,16:00,14:00,16:00,14:35,15:59,16:00,16:35,02:00,01:25,ONTIME,ONTIME,DELAY,DELAY,,,,,,,,,HAN,NRT,SGN,Domestic,VJ,,
2026-01-27|VJ408/VJ409|A667|DLI-HAN-DLI|16:05,2026-01-27,VJ408/VJ409,A667,A321,DLI-HAN-DLI,15:35,16:05,16:20,16:55,16:50,17:14,17:15,17:20,00:35,00:25,DELAY,DELAY,DELAY,DELAY,,93,00:20,,,,,,HAN,DLI,DLI,Domestic,VJ,,
2026-01-27|VJ941/VJ913|A684|TPE-HAN-SAI|16:20,2026-01-27,VJ941/VJ913,A684,A321,TPE-HAN-SAI,14:10,16:20,16:00,17:20,17:10,17:54,17:55,18:05,01:20,00:45,DELAY,DELAY,DELAY,DELAY,,93,00:35,,,,,,HAN,TPE,SAI,International,VJ,,
2026-01-27|VJ404/VJ515|A668|DLI-HAN-DAD|16:25,2026-01-27,VJ404/VJ515,A668,A320,DLI-HAN-DAD,14:55,16:25,14:55,16:25,15:35,16:19,16:20,17:00,01:30,00:45,EARLY,ONTIME,DELAY,DELAY,,,,,,,,,HAN,DLI,DAD,Domestic,VJ,,
2026-01-27|VJ953/VJ147|A675|HIJ-HAN-SGN|17:10,2026-01-27,VJ953/VJ147,A675,A320,HIJ-HAN-SGN,16:20,17:10,16:20,17:10,17:05,17:39,17:40,17:50,00:50,00:35,DELAY,DELAY,DELAY,DELAY,,93,00:30,,,,,,HAN,HIJ,SGN,Domestic,VJ,,
2026-01-27|VJ514/VJ465|A642|DAD-HAN-VCA|17:25,2026-01-27,VJ514/VJ465,A642,A321,DAD-HAN-VCA,16:45,17:25,16:45,17:25,17:25,17:58,18:00,18:01,00:40,00:35,DELAY,DELAY,DELAY,DELAY,,93,00:35,,,,,,HAN,DAD,VCA,Domestic,VJ,,
2026-01-27|VJ134/VJ163|MLI|SGN-HAN-SGN|17:30,2026-01-27,VJ134/VJ163,MLI,A320,SGN-HAN-SGN,17:00,17:30,17:40,18:15,18:35,18:59,19:00,19:21,00:35,00:25,DELAY,DELAY,DELAY,DELAY,,93,00:45,,,,,,HAN,SGN,SGN,Domestic,VJ,,
2026-01-27|VJ462/VJ445|A655|VCA-HAN-PQC|17:40,2026-01-27,VJ462/VJ445,A655,A320,VCA-HAN-PQC,15:40,17:40,15:40,17:40,15:45,17:39,17:40,17:50,02:00,01:55,ONTIME,ONTIME,ONTIME,ONTIME,,,,,,,,,HAN,VCA,PQC,Domestic,VJ,,
2026-01-27|VJ902/VJ779|A661|DAD-HAN-CXR|18:00,2026-01-27,VJ902/VJ779,A661,A321,DAD-HAN-CXR,17:00,18:00,17:00,18:40,17:50,18:44,18:45,18:47,01:40,00:55,DELAY,ONTIME,DELAY,DELAY,,95,00:05,,,,,WAIT CREW VJ446 OB 1825,HAN,DAD,CXR,Domestic,VJ,,
2026-01-27|VJ446/VJ493|A635|PQC-HAN-BMV|18:25,2026-01-27,VJ446/VJ493,A635,A321,PQC-HAN-BMV,17:10,18:25,17:30,18:25,18:12,18:34,18:35,18:40,00:55,00:23,DELAY,ONTIME,ONTIME,DELAY,,93,00:10,,,,,,HAN,PQC,BMV,Domestic,VJ,,
2026-01-27|VJ906/VJ165|A633|KUL-HAN-SGN|18:30,2026-01-27,VJ906/VJ165,A633,A321,KUL-HAN-SGN,14:55,18:30,16:10,18:30,15:55,18:24,18:25,18:29,02:20,02:30,EARLY,ONTIME,ONTIME,DELAY,,,,,,,,,HAN,KUL,SGN,Domestic,VJ,,
2026-01-27|VJ784/VJ783|A522|CXR-HAN-CXR|18:50,2026-01-27,VJ784/VJ783,A522,A321,CXR-HAN-CXR,18:20,18:50,18:55,19:30,19:05,19:29,19:30,19:40,00:35,00:25,ONTIME,ONTIME,DELAY,DELAY,,,,,,,,,HAN,CXR,CXR,Domestic,VJ,,
2026-01-27|VJ446/VJ1925|A689|PQC-HAN-AMD|19:00,2026-01-27,VJ446/VJ1925,A689,A320,PQC-HAN-AMD,17:10,19:00,17:10,19:00,18:10,18:54,18:55,19:00,01:50,00:45,EARLY,ONTIME,ONTIME,DELAY,,,,,,,,,HAN,PQC,AMD,International,VJ,,
2026-01-27|VJ1492/VJ517|A641|BMV-HAN-DAD|19:05,2026-01-27,VJ1492/VJ517,A641,A321,BMV-HAN-DAD,18:35,19:05,18:35,19:05,18:45,19:14,19:15,19:27,00:30,00:30,DELAY,ONTIME,DELAY,ONTIME,,93,00:10,,,,,,HAN,BMV,DAD,Domestic,VJ,,
2026-01-27|VJ130/VJ971|A812|SGN-HAN-DEL|19:10,2026-01-27,VJ130/VJ971,A812,A330,SGN-HAN-DEL,16:45,19:10,16:45,19:10,17:25,19:19,19:20,19:38,02:25,01:55,DELAY,ONTIME,DELAY,DELAY,,11,00:10,,,,,LATE CHECK IN 4BAGS / 1915,HAN,SGN,DEL,International,VJ,,
2026-01-27|VJ152/VJ569|A535|SGN-HAN-HUI|19:15,2026-01-27,VJ152/VJ569,A535,A321,SGN-HAN-HUI,19:15,19:15,20:45,21:25,20:50,21:24,21:25,21:30,00:40,00:35,ONTIME,ONTIME,DELAY,DELAY,,,,,,,,,HAN,SGN,HUI,Domestic,VJ,,
2026-01-27|VJ192/VJ189|A815|SGN-HAN-SGN|20:00,2026-01-27,VJ192/VJ189,A815,A330,SGN-HAN-SGN,19:00,20:00,19:00,20:00,19:25,20:09,20:10,20:17,01:00,00:45,DELAY,ONTIME,DELAY,DELAY,,93,00:10,,,,,,HAN,SGN,SGN,Domestic,VJ,,
2026-01-27|VJ516/VJ155|A668|DAD-HAN-SGN|20:05,2026-01-27,VJ516/VJ155,A668,A320,DAD-HAN-SGN,19:35,20:05,20:15,21:05,20:25,21:01,21:02,21:05,00:50,00:37,EARLY,ONTIME,DELAY,DELAY,,,,,,,,,HAN,DAD,SGN,Domestic,VJ,,
2026-01-27|VJ928/VJ7712|A699|CGK-HAN-PKX|20:05,2026-01-27,VJ928/VJ7712,A699,A320,CGK-HAN-PKX,18:15,20:05,19:35,20:20,19:36,20:19,20:20,20:25,00:45,00:44,ONTIME,ONTIME,DELAY,DELAY,,,,,,,,,HAN,CGK,PKX,International,VJ,,
2026-01-27|VJ904/VJ519|A637|BKK-HAN-DAD|20:10,2026-01-27,VJ904/VJ519,A637,A321,BKK-HAN-DAD,20:25,20:10,20:25,21:30,20:45,21:24,21:25,21:37,01:05,00:40,EARLY,ONTIME,DELAY,DELAY,,,,,,,,,HAN,BKK,DAD,Domestic,VJ,,
2026-01-27|VJ931/VJ7306|A546|KIX-HAN-TFU|21:10,2026-01-27,VJ931/VJ7306,A546,A321,KIX-HAN-TFU,19:15,21:10,20:05,21:10,20:05,20:51,20:52,21:07,01:05,00:47,EARLY,ONTIME,ONTIME,DELAY,,,,,,,,,HAN,KIX,TFU,International,VJ,,
2026-01-27|VJ916/VJ7238|A683|SIN-HAN-PVG|21:30,2026-01-27,VJ916/VJ7238,A683,A321,SIN-HAN-PVG,17:25,21:30,18:15,21:30,18:40,21:28,21:29,21:33,03:15,02:49,EARLY,ONTIME,ONTIME,DELAY,,,,,,,,,HAN,SIN,PVG,International,VJ,,
2026-01-27|VJ123|A525|HAN-SGN|22:10,2026-01-27,VJ123,A525,A321,HAN-SGN,,22:10,,22:10,,22:09,22:10,22:13,,,ONTIME,ONTIME,ONTIME,,,,,,,,,,HAN,,SGN,Domestic,VJ,,
2026-01-27|VJ568/VJ523|A698|HUI-HAN-DAD|22:45,2026-01-27,VJ568/VJ523,A698,A321,HUI-HAN-DAD,22:15,22:45,00:25,01:00,00:20,00:59,01:00,01:08,00:35,00:40,ONTIME,ONTIME,DELAY,DELAY,,,,,,,,,HAN,HUI,DAD,Domestic,VJ,,
2026-01-27|VJ914/VJ962|A684|SAI-HAN-ICN|22:50,2026-01-27,VJ914/VJ962,A684,A321,SAI-HAN-ICN,20:50,22:50,21:35,23:15,22:45,23:27,23:29,23:45,01:40,00:44,DELAY,ONTIME,DELAY,DELAY,,93,00:14,,,,,,HAN,SAI,ICN,International,VJ,,
2026-01-27|VJ196/VJ187|A668|SGN-HAN-SGN|22:50,2026-01-27,VJ196/VJ187,A668,A320,SGN-HAN-SGN,21:20,22:50,21:20,22:50,21:30,22:41,22:42,22:52,01:30,01:12,EARLY,ONTIME,ONTIME,ONTIME,,,,,,,,,HAN,SGN,SGN,Domestic,VJ,,
2026-01-27|VJ410/VJ7526|A667|DLI-HAN-CAN|23:40,2026-01-27,VJ410/VJ7526,A667,A321,DLI-HAN-CAN,20:15,23:40,21:05,23:40,21:54,23:53,23:54,00:01,02:35,02:00,DELAY,ONTIME,DELAY,DELAY,,41,00:14,,,,,TECHNICAL CHECK,HAN,DLI,CAN,International,VJ,,
2026-01-28|VJ3623/VJ3523|A539|PQC-HAN-KHV|00:25,2026-01-28,VJ3623/VJ3523,A539,A321,PQC-HAN-KHV,23:55,00:25,23:55,00:45,00:25,00:54,00:55,00:58,00:50,00:30,DELAY,ONTIME,DELAY,ONTIME,,93,00:10,,,,,,HAN,PQC,KHV,International,VJ,,
2026-01-28|VJ932|A817|HAN-NRT|00:55,2026-01-28,VJ932,A817,A330,HAN-NRT,,00:55,,00:55,,00:48,00:50,00:55,,,EARLY,ONTIME,ONTIME,,,,,,,,,,HAN,,NRT,International,VJ,,
2026-01-28|VJ982|A661|HAN-PUS|01:00,2026-01-28,VJ982,A661,A321,HAN-PUS,,01:00,,01:00,,00:52,00:53,01:00,,,EARLY,ONTIME,ONTIME,,,,,,,,,,HAN,,PUS,International,VJ,,
2026-01-28|VJ920|A534|HAN-NGO|01:35,2026-01-28,VJ920,A534,A321,HAN-NGO,,01:35,,01:35,,01:32,01:33,01:35,,,EARLY,ONTIME,ONTIME,,,,,,,,,,HAN,,NGO,International,VJ,,
2026-01-28|VJ938|A549|HAN-KIX|01:40,2026-01-28,VJ938,A549,A321,HAN-KIX,,01:40,,01:40,,01:31,01:32,01:35,,,EARLY,ONTIME,ONTIME,,,,,,,,,,HAN,,KIX,International,VJ,,
2026-01-28|VJ960|A544|HAN-ICN|01:45,2026-01-28,VJ960,A544,A321,HAN-ICN,,01:45,,01:45,,01:38,01:39,01:40,,,EARLY,ONTIME,ONTIME,,,,,,,,,,HAN,,ICN,International,VJ,,
2026-01-28|VJ179|A553|HAN-SGN|05:00,2026-01-28,VJ179,A553,A321,HAN-SGN,,05:00,,05:00,,04:54,04:55,05:03,,,EARLY,ONTIME,ONTIME,,,,,,,,,,HAN,,SGN,Domestic,VJ,,
2026-01-28|VJ185|A635|HAN-SGN|05:10,2026-01-28,VJ185,A635,A321,HAN-SGN,,05:10,,05:10,,04:56,04:57,05:05,,,EARLY,ONTIME,ONTIME,,,,,,,,,,HAN,,SGN,Domestic,VJ,,
2026-01-28|VJ7713/VJ461|A699|PKX-HAN-VCA|05:30,2026-01-28,VJ7713/VJ461,A699,A320,PKX-HAN-VCA,04:10,05:30,04:10,05:30,04:20,05:23,05:24,05:28,01:20,01:04,EARLY,ONTIME,ONTIME,ONTIME,,,,,,,,,HAN,PKX,VCA,Domestic,VJ,,
2026-01-28|VJ503|A644|HAN-DAD|06:00,2026-01-28,VJ503,A644,A321,HAN-DAD,,06:00,,06:00,,05:54,05:55,06:00,,,EARLY,ONTIME,ONTIME,,,,,,,,,,HAN,,DAD,Domestic,VJ,,
2026-01-28|VJ401|A668|HAN-DLI|06:00,2026-01-28,VJ401,A668,A320,HAN-DLI,,06:00,,06:00,,05:49,05:50,05:52,,,EARLY,ONTIME,ONTIME,,,,,,,,,,HAN,,DLI,Domestic,VJ,,
2026-01-28|VJ491|A642|HAN-BMV|06:00,2026-01-28,VJ491,A642,A321,HAN-BMV,,06:00,,06:00,,05:54,05:55,05:59,,,EARLY,ONTIME,ONTIME,,,,,,,,,,HAN,,BMV,Domestic,VJ,,
2026-01-28|VJ7307/VJ443|A546|TFU-HAN-PQC|06:00,2026-01-28,VJ7307/VJ443,A546,A321,TFU-HAN-PQC,02:15,06:00,02:15,06:00,02:05,05:54,05:55,06:02,03:45,03:50,EARLY,ONTIME,ONTIME,ONTIME,,,,,,,,,HAN,TFU,PQC,Domestic,VJ,,
2026-01-28|VJ421|A641|HAN-PXU|06:05,2026-01-28,VJ421,A641,A321,HAN-PXU,,06:05,,06:05,,05:59,06:00,06:12,,,EARLY,ONTIME,ONTIME,,,,,,,,,,HAN,,PXU,Domestic,VJ,,
2026-01-28|VJ181|A672|HAN-SGN|06:40,2026-01-28,VJ181,A672,A320,HAN-SGN,,06:40,,06:40,,06:31,06:32,06:34,,,EARLY,ONTIME,ONTIME,,,,,,,,,,HAN,,SGN,Domestic,VJ,,
2026-01-28|VJ105|652G|HAN-VCS|06:45,2026-01-28,VJ105,652G,C909,HAN-VCS,,06:45,,06:45,,06:39,06:40,06:41,,,EARLY,ONTIME,ONTIME,,,,,,,,,,HAN,,VCS,Domestic,VJ,,
2026-01-28|VJ905|A548|HAN-KUL|07:10,2026-01-28,VJ905,A548,A321,HAN-KUL,,07:10,,07:10,,06:58,07:00,07:07,,,EARLY,ONTIME,ONTIME,,,,,,,,,,HAN,,KUL,International,VJ,,
2026-01-28|VJ972/VJ167|A812|DEL-HAN-SGN|07:20,2026-01-28,VJ972/VJ167,A812,A330,DEL-HAN-SGN,05:35,07:20,05:35,07:20,05:38,07:14,07:15,07:26,01:45,01:37,EARLY,ONTIME,ONTIME,ONTIME,,,,,,,,,HAN,DEL,SGN,Domestic,VJ,,
2026-01-28|VJ1926/VJ956|A689|AMD-HAN-PUS|07:30,2026-01-28,VJ1926/VJ956,A689,A320,AMD-HAN-PUS,06:20,07:30,06:20,07:30,05:30,07:24,07:25,07:42,01:10,01:55,EARLY,ONTIME,ONTIME,ONTIME,,,,,,,,,HAN,AMD,PUS,International,VJ,,
2026-01-28|VJ7527/VJ940|A667|CAN-HAN-TPE|07:35,2026-01-28,VJ7527/VJ940,A667,A321,CAN-HAN-TPE,04:35,07:35,04:35,07:35,05:10,07:29,07:30,07:45,03:00,02:20,EARLY,ONTIME,ONTIME,DELAY,,,,,,,,,HAN,CAN,TPE,International,VJ,,
2026-01-28|VJ107|656E|HAN-VCS|08:15,2026-01-28,VJ107,656E,C909,HAN-VCS,,08:15,,08:15,,08:09,08:10,08:11,,,EARLY,ONTIME,ONTIME,,,,,,,,,,HAN,,VCS,Domestic,VJ,,
2026-01-28|VJ122/VJ934|A500|SGN-HAN-NRT|08:20,2026-01-28,VJ122/VJ934,A500,A321,SGN-HAN-NRT,07:30,08:20,07:30,08:20,07:23,08:19,08:20,08:25,00:50,00:57,ONTIME,ONTIME,ONTIME,ONTIME,,,,,,,,,HAN,SGN,NRT,International,VJ,,
2026-01-28|VJ930|A550|HAN-KIX|08:20,2026-01-28,VJ930,A550,A321,HAN-KIX,,08:20,,08:20,,08:09,08:10,08:12,,,EARLY,ONTIME,ONTIME,,,,,,,,,,HAN,,KIX,International,VJ,,
2026-01-28|VJ120/VJ771|A820|SGN-HAN-CXR|08:30,2026-01-28,VJ120/VJ771,A820,A321,SGN-HAN-CXR,07:40,08:30,07:40,08:30,07:40,08:19,08:20,08:25,00:50,00:40,EARLY,ONTIME,ONTIME,ONTIME,,,,,,,,,HAN,SGN,CXR,Domestic,VJ,,
2026-01-28|VJ121|A637|HAN-SGN|08:40,2026-01-28,VJ121,A637,A321,HAN-SGN,,08:40,,08:40,,08:34,08:35,08:42,,,EARLY,ONTIME,ONTIME,,,,,,,,,,HAN,,SGN,Domestic,VJ,,
2026-01-28|VJ176/VJ929|A553|SGN-HAN-CGK|08:40,2026-01-28,VJ176/VJ929,A553,A320,SGN-HAN-CGK,09:45,08:40,09:45,10:30,10:25,11:03,11:05,11:09,00:45,00:40,DELAY,DELAY,DELAY,DELAY,,93,00:35,,,,,,HAN,SGN,CGK,International,VJ,,
2026-01-28|VJ126/VJ127|A647|SGN-HAN-SGN|08:55,2026-01-28,VJ126/VJ127,A647,A321,SGN-HAN-SGN,08:25,08:55,08:25,08:55,08:35,09:04,09:05,09:10,00:30,00:30,DELAY,ONTIME,ONTIME,ONTIME,,93,00:10,,,,,,HAN,SGN,SGN,Domestic,VJ,,
2026-01-28|VJ7239/VJ915|A683|PVG-HAN-SIN|09:35,2026-01-28,VJ7239/VJ915,A683,A321,PVG-HAN-SIN,05:15,09:35,05:15,09:35,05:05,09:29,09:30,09:35,04:20,04:25,EARLY,ONTIME,ONTIME,ONTIME,,,,,,,,,HAN,PVG,SIN,International,VJ,,
2026-01-28|VJ997|A645|HAN-DPS|10:00,2026-01-28,VJ997,A645,A321,HAN-DPS,,10:00,,10:00,,09:59,10:00,10:04,,,ONTIME,ONTIME,ONTIME,,,,,,,,,,HAN,,DPS,International,VJ,,
2026-01-28|VJ148/VJ149|-NVG|SGN-HAN-SGN|10:05,2026-01-28,VJ148/VJ149,-NVG,A320,SGN-HAN-SGN,09:30,10:05,09:30,10:05,10:10,10:34,10:35,10:40,00:35,00:25,DELAY,DELAY,DELAY,DELAY,,93,00:30,,,,,,HAN,SGN,SGN,Domestic,VJ,,
2026-01-28|VJ567|A641|HAN-HUI|10:10,2026-01-28,VJ567,A641,A321,HAN-HUI,,10:10,,10:25,,10:21,10:22,10:25,,,EARLY,ONTIME,ONTIME,,,,,,,,,,HAN,,HUI,Domestic,VJ,,
2026-01-28|VJ504/VJ463|A644|DAD-HAN-VCA|10:30,2026-01-28,VJ504/VJ463,A644,A321,DAD-HAN-VCA,09:00,10:30,09:00,11:00,09:35,10:57,10:58,11:00,02:00,01:23,EARLY,ONTIME,DELAY,DELAY,,,,,,,,,HAN,DAD,VCA,Domestic,VJ,,
2026-01-28|VJ524/VJ527|A535|DAD-HAN-DAD|10:35,2026-01-28,VJ524/VJ527,A535,A321,DAD-HAN-DAD,08:05,10:35,10:05,10:35,10:10,10:34,10:35,10:41,00:30,00:25,ONTIME,ONTIME,ONTIME,DELAY,,,,,,,,,HAN,DAD,DAD,Domestic,VJ,,
2026-01-28|VJ963/VJ403|A684|ICN-HAN-DLI|10:45,2026-01-28,VJ963/VJ403,A684,A321,ICN-HAN-DLI,09:00,10:45,09:45,11:05,10:30,11:04,11:05,11:15,01:20,00:35,ONTIME,ONTIME,DELAY,DELAY,,,,,,,,,HAN,ICN,DLI,Domestic,VJ,,
2026-01-28|VJ136/VJ135|A639|SGN-HAN-SGN|11:10,2026-01-28,VJ136/VJ135,A639,A321,SGN-HAN-SGN,10:40,11:10,10:40,11:10,11:20,11:49,11:50,12:00,00:30,00:30,DELAY,DELAY,DELAY,DELAY,,93,00:40,,,,,,HAN,SGN,SGN,Domestic,VJ,,
2026-01-28|VJ402/VJ407|A668|DLI-HAN-DLI|11:25,2026-01-28,VJ402/VJ407,A668,A320,DLI-HAN-DLI,10:10,11:25,10:10,11:25,10:10,11:22,11:23,11:35,01:15,01:13,EARLY,ONTIME,ONTIME,ONTIME,,,,,,,,,HAN,DLI,DLI,Domestic,VJ,,
2026-01-28|VJ507|A658|HAN-DAD|11:30,2026-01-28,VJ507,A658,A321,HAN-DAD,,11:30,,11:30,,11:29,11:30,11:35,,,ONTIME,ONTIME,ONTIME,,,,,,,,,,HAN,,DAD,Domestic,VJ,,
2026-01-28|VJ132/VJ137|A657|SGN-HAN-SGN|11:40,2026-01-28,VJ132/VJ137,A657,A321,SGN-HAN-SGN,11:10,11:40,11:10,11:40,11:25,11:59,12:00,12:08,00:30,00:35,DELAY,DELAY,DELAY,ONTIME,,93,00:20,,,,,,HAN,SGN,SGN,Domestic,VJ,,
2026-01-28|VJ442/VJ946|A546|PQC-HAN-KHH|11:45,2026-01-28,VJ442/VJ946,A546,A321,PQC-HAN-KHH,10:45,11:45,10:45,11:45,11:00,11:44,11:45,11:55,01:00,00:45,ONTIME,ONTIME,ONTIME,ONTIME,,,,,,,,,HAN,PQC,KHH,International,VJ,,
2026-01-28|VJ981/VJ775|A522|PUS-HAN-CXR|12:00,2026-01-28,VJ981/VJ775,A522,A321,PUS-HAN-CXR,11:00,12:00,11:00,12:00,11:00,11:57,11:58,12:05,01:00,00:58,EARLY,ONTIME,ONTIME,ONTIME,,,,,,,,,HAN,PUS,CXR,Domestic,VJ,,
2026-01-28|VJ492/VJ901|A642|BMV-HAN-BKK|12:15,2026-01-28,VJ492/VJ901,A642,A321,BMV-HAN-BKK,10:00,12:15,10:00,12:15,10:22,12:14,12:15,12:19,02:15,01:53,ONTIME,ONTIME,ONTIME,DELAY,,,,,,,,,HAN,BMV,BKK,International,VJ,,
2026-01-28|VJ566/VJ513|A641|HUI-HAN-DAD|13:40,2026-01-28,VJ566/VJ513,A641,A321,HUI-HAN-DAD,13:05,13:40,13:05,14:00,13:40,14:08,14:09,14:10,00:55,00:29,DELAY,ONTIME,DELAY,DELAY,,93,00:09,,,,,,HAN,HUI,DAD,Domestic,VJ,,
2026-01-28|VJ128/VJ143|A672|SGN-HAN-SGN|13:40,2026-01-28,VJ128/VJ143,A672,A320,SGN-HAN-SGN,12:10,13:40,12:10,13:40,12:30,13:38,13:40,13:41,01:30,01:10,ONTIME,ONTIME,ONTIME,DELAY,,,,,,,,,HAN,SGN,SGN,Domestic,VJ,,
2026-01-28|VJ3524/VJ3524|A539|KHV-HAN-PQC|14:15,2026-01-28,VJ3524/VJ3524,A539,A321,KHV-HAN-PQC,13:05,14:15,13:05,14:15,14:00,14:24,14:25,14:30,01:10,00:25,DELAY,ONTIME,ONTIME,DELAY,,93,00:10,,,,,,HAN,KHV,PQC,Domestic,VJ,,
2026-01-28|VJ921/VJ948|A534|NGO-HAN-RMQ|14:35,2026-01-28,VJ921/VJ948,A534,A321,NGO-HAN-RMQ,13:35,14:35,13:35,14:35,13:00,14:19,14:20,14:35,01:00,01:20,EARLY,ONTIME,ONTIME,ONTIME,,,,,,,,,HAN,NGO,RMQ,International,VJ,,
2026-01-28|VJ528/VJ942|A535|DAD-HAN-TPE|14:35,2026-01-28,VJ528/VJ942,A535,A321,DAD-HAN-TPE,13:50,14:35,13:50,14:50,14:10,14:49,14:50,15:00,01:00,00:40,ONTIME,ONTIME,DELAY,DELAY,,,,,,,,,HAN,DAD,TPE,International,VJ,,
2026-01-28|VJ939/VJ441|A549|KIX-HAN-PQC|14:40,2026-01-28,VJ939/VJ441,A549,A321,KIX-HAN-PQC,13:05,14:40,13:05,14:40,14:15,15:04,15:05,15:15,01:35,00:50,DELAY,DELAY,DELAY,DELAY,,95,00:25,,,,,CREW FROM VJ422 OB 1440,HAN,KIX,PQC,Domestic,VJ,,
2026-01-28|VJ188/VJ151|-NVE|SGN-HAN-SGN|14:55,2026-01-28,VJ188/VJ151,-NVE,A320,SGN-HAN-SGN,14:25,14:55,14:25,15:45,15:35,15:58,16:00,16:10,01:20,00:25,DELAY,ONTIME,DELAY,DELAY,,93,00:15,,,,,,HAN,SGN,SGN,Domestic,VJ,,
2026-01-28|VJ961/VJ1491|A544|ICN-HAN-BMV|14:55,2026-01-28,VJ961/VJ1491,A544,A321,ICN-HAN-BMV,14:10,14:55,14:10,14:55,14:12,14:54,14:55,15:05,00:45,00:43,ONTIME,ONTIME,ONTIME,ONTIME,,,,,,,,,HAN,ICN,BMV,Domestic,VJ,,
2026-01-28|VJ138/VJ153|A635|SGN-HAN-SGN|15:10,2026-01-28,VJ138/VJ153,A635,A321,SGN-HAN-SGN,14:40,15:10,14:40,15:50,15:25,16:04,16:05,16:15,01:10,00:40,DELAY,ONTIME,DELAY,DELAY,,93,00:05,41,00:10,,,DL41 TECHNICAL CHECK,HAN,SGN,SGN,Domestic,VJ,,
2026-01-28|VJ460/VJ511|A644|VCA-HAN-DAD|15:10,2026-01-28,VJ460/VJ511,A644,A321,VCA-HAN-DAD,14:10,15:10,15:55,16:30,16:30,17:04,17:05,17:25,00:35,00:35,DELAY,DELAY,DELAY,DELAY,,93,00:35,,,,,,HAN,VCA,DAD,Domestic,VJ,,
2026-01-28|VJ906/VJ433|A548|KUL-HAN-UIH|15:25,2026-01-28,VJ906/VJ433,A548,A321,KUL-HAN-UIH,13:05,15:25,13:05,15:25,14:25,15:34,15:35,15:40,02:20,01:10,DELAY,ONTIME,ONTIME,DELAY,,95,00:10,,,,,CREW FROM VJ144 OB 1505,HAN,KUL,UIH,Domestic,VJ,,
2026-01-28|VJ508/VJ191|A658|DAD-HAN-SGN|15:55,2026-01-28,VJ508/VJ191,A658,A321,DAD-HAN-SGN,14:35,15:55,14:35,15:55,15:20,15:54,15:55,16:02,01:20,00:35,ONTIME,ONTIME,ONTIME,DELAY,,,,,,,,,HAN,DAD,SGN,Domestic,VJ,,
2026-01-28|VJ941/VJ1441|A667|TPE-HAN-PQC|15:55,2026-01-28,VJ941/VJ1441,A667,A321,TPE-HAN-PQC,14:10,15:55,14:10,15:55,14:50,15:48,15:50,15:54,01:45,01:00,EARLY,ONTIME,ONTIME,DELAY,,,,,,,,,HAN,TPE,PQC,Domestic,VJ,,
2026-01-28|VJ774/VJ423|A522|CXR-HAN-PXU|15:55,2026-01-28,VJ774/VJ423,A522,A321,CXR-HAN-PXU,14:55,15:55,16:10,17:10,16:55,17:28,17:30,17:36,01:00,00:35,DELAY,DELAY,DELAY,DELAY,,93,00:20,,,,,,HAN,CXR,PXU,Domestic,VJ,,
2026-01-28|VJ933/VJ195|A817|NRT-HAN-SGN|16:00,2026-01-28,VJ933/VJ195,A817,A330,NRT-HAN-SGN,14:00,16:00,14:00,16:00,14:02,16:09,16:10,16:15,02:00,02:08,DELAY,ONTIME,ONTIME,ONTIME,,95,00:10,,,,,CREW FROM VJ138 OB 1530,HAN,NRT,SGN,Domestic,VJ,,
2026-01-28|VJ408/VJ409|A668|DLI-HAN-DLI|16:05,2026-01-28,VJ408/VJ409,A668,A320,DLI-HAN-DLI,15:35,16:05,15:35,16:05,16:15,16:39,16:40,16:48,00:30,00:25,DELAY,DELAY,DELAY,DELAY,,93,00:35,,,,,,HAN,DLI,DLI,Domestic,VJ,,
2026-01-28|VJ198/VJ913|A643|SGN-HAN-SAI|16:20,2026-01-28,VJ198/VJ913,A643,A321,SGN-HAN-SAI,15:10,16:20,15:10,16:20,16:30,17:14,17:15,17:20,01:10,00:45,DELAY,DELAY,DELAY,DELAY,,93,00:55,,,,,,HAN,SGN,SAI,International,VJ,,
2026-01-28|VJ462/VJ515|A699|VCA-HAN-DAD|16:25,2026-01-28,VJ462/VJ515,A699,A320,VCA-HAN-DAD,15:40,16:25,15:40,16:25,15:55,16:24,16:25,16:35,00:45,00:30,ONTIME,ONTIME,ONTIME,ONTIME,,,,,,,,,HAN,VCA,DAD,Domestic,VJ,,
2026-01-28|VJ146/VJ1925|A545|SGN-HAN-AMD|19:15,2026-01-28,VJ146/VJ1925,A545,A321,SGN-HAN-AMD,17:00,19:15,17:00,19:15,17:30,19:04,19:05,19:14,02:15,01:35,EARLY,ONTIME,ONTIME,DELAY,,,,,,,,,HAN,SGN,AMD,International,VJ,,
2026-01-28|VJ134/VJ163|-MLI|SGN-HAN-SGN|17:20,2026-01-28,VJ134/VJ163,-MLI,A320,SGN-HAN-SGN,16:50,17:20,16:50,18:50,18:30,18:59,19:00,19:10,02:00,00:30,DELAY,ONTIME,DELAY,DELAY,,93,00:05,15A,00:05,,,DL15A OFFLOAD 1PAX 1BAG,HAN,SGN,SGN,Domestic,VJ,,
2026-01-28|VJ514/VJ465|A641|DAD-HAN-VCA|17:25,2026-01-28,VJ514/VJ465,A641,A321,DAD-HAN-VCA,16:45,17:25,16:45,18:05,17:40,18:04,18:05,18:35,01:20,00:25,ONTIME,ONTIME,DELAY,DELAY,,,,,,,,,HAN,DAD,VCA,Domestic,VJ,,
2026-01-28|VJ440/VJ445|A655|PQC-HAN-PQC|17:40,2026-01-28,VJ440/VJ445,A655,A320,PQC-HAN-PQC,11:55,17:40,11:55,17:40,12:10,17:39,17:40,17:48,05:45,05:30,ONTIME,ONTIME,ONTIME,ONTIME,,,,,,,,,HAN,PQC,PQC,Domestic,VJ,,
2026-01-28|VJ902/VJ779|A642|BKK-HAN-CXR|18:00,2026-01-28,VJ902/VJ779,A642,A321,BKK-HAN-CXR,17:00,18:00,17:00,18:00,17:10,18:09,18:10,18:15,01:00,01:00,DELAY,ONTIME,ONTIME,ONTIME,,93,00:10,,,,,,HAN,BKK,CXR,Domestic,VJ,,
2026-01-28|VJ770/VJ169|A816|CXR-HAN-SGN|18:00,2026-01-28,VJ770/VJ169,A816,A330,CXR-HAN-SGN,13:10,18:00,13:10,18:00,13:22,17:58,18:00,18:10,04:50,04:38,ONTIME,ONTIME,ONTIME,ONTIME,,,,,,,,,HAN,CXR,SGN,Domestic,VJ,,
2026-01-28|VJ194/VJ165|A607|SGN-HAN-SGN|18:30,2026-01-28,VJ194/VJ165,A607,A321,SGN-HAN-SGN,17:30,18:30,17:30,18:30,17:50,18:28,18:29,18:34,01:00,00:39,EARLY,ONTIME,ONTIME,DELAY,,,,,,,,,HAN,SGN,SGN,Domestic,VJ,,
2026-01-28|VJ998/VJ962|A645|DPS-HAN-ICN|22:50,2026-01-28,VJ998/VJ962,A645,A321,DPS-HAN-ICN,21:35,22:50,21:35,22:50,21:15,22:48,22:50,22:55,01:15,01:35,ONTIME,ONTIME,ONTIME,ONTIME,,,,,,,,,HAN,DPS,ICN,International,VJ,,
2026-01-28|VJ947/VJ907|A546|KHH-HAN-BOM|19:15,2026-01-28,VJ947/VJ907,A546,A321,KHH-HAN-BOM,18:05,19:15,18:05,19:15,18:07,19:14,19:15,19:25,01:10,01:08,ONTIME,ONTIME,ONTIME,ONTIME,,,,,,,,,HAN,KHH,BOM,International,VJ,,
2026-01-28|VJ916/VJ569|A683|PUS-HAN-HUI|19:20,2026-01-28,VJ916/VJ569,A683,A321,PUS-HAN-HUI,17:25,19:20,17:25,19:20,17:10,19:15,19:16,19:26,01:55,02:06,EARLY,ONTIME,ONTIME,ONTIME,,,,,,,,,HAN,PUS,HUI,Domestic,VJ,,
2026-01-28|VJ1492/VJ517|A544|BMV-HAN-DAD|19:25,2026-01-28,VJ1492/VJ517,A544,A321,BMV-HAN-DAD,18:55,19:25,18:55,19:45,19:10,19:44,19:45,19:51,00:50,00:35,ONTIME,ONTIME,DELAY,ONTIME,,,,,,,,,HAN,BMV,DAD,Domestic,VJ,,
2026-01-28|VJ432/VJ519|A548|PXU-HAN-DAD|19:45,2026-01-28,VJ432/VJ519,A548,A321,PXU-HAN-DAD,19:10,19:45,19:10,20:00,19:20,19:54,19:55,20:00,00:50,00:35,EARLY,ONTIME,ONTIME,ONTIME,,,,,,,,,HAN,PXU,DAD,Domestic,VJ,,
2026-01-28|VJ931/VJ7712|A550|KIX-HAN-PKX|20:05,2026-01-28,VJ931/VJ7712,A550,A321,KIX-HAN-PKX,19:15,20:05,19:15,20:05,19:00,19:57,19:58,20:05,00:50,00:58,EARLY,ONTIME,ONTIME,ONTIME,,,,,,,,,HAN,KIX,PKX,International,VJ,,
2026-01-28|VJ152/VJ155|A545|SGN-HAN-SGN|20:05,2026-01-28,VJ152/VJ155,A545,A321,SGN-HAN-SGN,19:15,20:05,19:55,20:30,20:05,20:34,20:35,20:35,00:35,00:30,DELAY,ONTIME,DELAY,DELAY,,93,00:05,,,,,,HAN,SGN,SGN,Domestic,VJ,,
2026-01-28|VJ1440/VJ501|A667|PQC-HAN-DAD|20:15,2026-01-28,VJ1440/VJ501,A667,A321,PQC-HAN-DAD,20:35,20:15,18:20,21:15,21:05,21:34,21:35,21:40,02:55,00:30,DELAY,DELAY,DELAY,DELAY,,93,00:20,,,,,,HAN,PQC,DAD,Domestic,VJ,,
2026-01-28|VJ957/VJ7238|A689|PUS-HAN-PVG|21:30,2026-01-28,VJ957/VJ7238,A689,A320,PUS-HAN-PVG,17:20,21:30,17:20,21:30,17:18,21:29,21:30,21:40,04:10,04:12,ONTIME,ONTIME,ONTIME,ONTIME,,,,,,,,,HAN,PUS,PVG,International,VJ,,
2026-01-28|VJ446/VJ123|A549|PQC-HAN-SGN|22:10,2026-01-28,VJ446/VJ123,A549,A321,PQC-HAN-SGN,19:15,22:10,19:15,22:10,20:35,22:29,22:30,22:32,02:55,01:55,DELAY,DELAY,DELAY,DELAY,,95,00:20,,,,,CREW VJ160 OB 2204,HAN,PQC,SGN,Domestic,VJ,,
2026-01-28|VJ410/VJ523|A668|DLI-HAN-DAD|23:10,2026-01-28,VJ410/VJ523,A668,A320,DLI-HAN-DAD,20:15,23:10,20:15,23:10,21:23,23:04,23:05,23:15,02:55,01:42,EARLY,ONTIME,ONTIME,DELAY,,,,,,,,,HAN,DLI,DAD,Domestic,VJ,,
2026-01-28|VJ772/VJ171|A820|CXR-HAN-SGN|23:25,2026-01-28,VJ772/VJ171,A820,A321,CXR-HAN-SGN,22:10,23:25,22:10,23:25,22:40,23:21,23:23,23:30,01:15,00:43,EARLY,ONTIME,ONTIME,DELAY,,,,,,,,,HAN,CXR,SGN,Domestic,VJ,,
2026-01-28|VJ180/VJ7526|A685|SGN-HAN-CAN|23:40,2026-01-28,VJ180/VJ7526,A685,A321,SGN-HAN-CAN,22:25,23:40,22:25,23:40,22:30,23:39,23:40,23:46,01:15,01:10,ONTIME,ONTIME,ONTIME,ONTIME,,,,,,,,,HAN,SGN,CAN,International,VJ,,
2026-01-28|VJ778/VJ159|A642|CXR-HAN-SGN|23:40,2026-01-28,VJ778/VJ159,A642,A321,CXR-HAN-SGN,22:10,23:40,22:10,23:40,23:15,23:44,23:45,23:50,01:30,00:30,DELAY,ONTIME,ONTIME,DELAY,,93,00:05,,,,,,HAN,CXR,SGN,Domestic,VJ,,
2026-01-29|VJ932|A548|HAN-NRT|00:55,2026-01-29,VJ932,A548,A321,HAN-NRT,,00:55,,00:55,,00:53,00:55,00:58,,,ONTIME,ONTIME,ONTIME,,,,,,,,,,HAN,,NRT,International,VJ,,
2026-01-29|VJ982|A544|HAN-PUS|01:00,2026-01-29,VJ982,A544,A321,HAN-PUS,,01:00,,01:00,,00:47,00:48,00:50,,,EARLY,ONTIME,ONTIME,,,,,,,,,,HAN,,PUS,International,VJ,,
2026-01-29|VJ920|A500|HAN-NGO|01:35,2026-01-29,VJ920,A500,A321,HAN-NGO,,01:35,,01:35,,01:18,01:19,01:22,,,EARLY,ONTIME,ONTIME,,,,,,,,,,HAN,,NGO,International,VJ,,
2026-01-29|VJ938|A553|HAN-KIX|01:40,2026-01-29,VJ938,A553,A321,HAN-KIX,,01:40,,01:40,,01:34,01:35,01:38,,,EARLY,ONTIME,ONTIME,,,,,,,,,,HAN,,KIX,International,VJ,,
2026-01-29|VJ960|A683|HAN-ICN|01:45,2026-01-29,VJ960,A683,A321,HAN-ICN,,01:45,,01:45,,01:40,01:42,01:45,,,EARLY,ONTIME,ONTIME,,,,,,,,,,HAN,,ICN,International,VJ,,
2026-01-29|VJ958|A634|HAN-FUK|02:05,2026-01-29,VJ958,A634,A321,HAN-FUK,,02:05,,02:05,,01:48,01:49,01:51,,,EARLY,ONTIME,ONTIME,,,,,,,,,,HAN,,FUK,International,VJ,,
2026-01-29|VJ7704/VJ7704|A539|CXR-HAN-VVO|01:00,2026-01-29,VJ7704/VJ7704,A539,A321,CXR-HAN-VVO,00:30,01:00,00:30,02:10,02:20,02:44,02:45,02:55,01:40,00:25,DELAY,DELAY,DELAY,DELAY,,93,00:35,,,,,,HAN,CXR,VVO,International,VJ,,
2026-01-29|VJ179|A535|HAN-SGN|05:00,2026-01-29,VJ179,A535,A321,HAN-SGN,,05:00,,05:00,,04:54,04:55,05:00,,,EARLY,ONTIME,ONTIME,,,,,,,,,,HAN,,SGN,Domestic,VJ,,
2026-01-29|VJ185|A641|HAN-SGN|05:10,2026-01-29,VJ185,A641,A321,HAN-SGN,,05:10,,05:10,,05:04,05:05,05:10,,,EARLY,ONTIME,ONTIME,,,,,,,,,,HAN,,SGN,Domestic,VJ,,
2026-01-29|VJ461|A534|HAN-VCA|05:30,2026-01-29,VJ461,A534,A321,HAN-VCA,,05:30,,05:30,,05:24,05:25,05:33,,,EARLY,ONTIME,ONTIME,,,,,,,,,,HAN,,VCA,Domestic,VJ,,
2026-01-29|VJ7713/VJ503|A550|PKX-HAN-DAD|05:55,2026-01-29,VJ7713/VJ503,A550,A321,PKX-HAN-DAD,04:10,05:55,04:10,05:55,04:15,05:48,05:50,06:02,01:45,01:35,EARLY,ONTIME,ONTIME,ONTIME,,,,,,,,,HAN,PKX,DAD,Domestic,VJ,,
2026-01-29|VJ443|A644|HAN-PQC|06:00,2026-01-29,VJ443,A644,A321,HAN-PQC,,06:00,,06:00,,05:54,05:55,06:05,,,EARLY,ONTIME,ONTIME,,,,,,,,,,HAN,,PQC,Domestic,VJ,,
2026-01-29|VJ491|A643|HAN-BMV|06:00,2026-01-29,VJ491,A643,A321,HAN-BMV,,06:00,,06:00,,05:54,05:55,06:01,,,EARLY,ONTIME,ONTIME,,,,,,,,,,HAN,,BMV,Domestic,VJ,,
2026-01-29|VJ952|A658|HAN-HIJ|06:35,2026-01-29,VJ952,A658,A320,HAN-HIJ,,06:35,,06:35,,06:28,06:29,06:31,,,EARLY,ONTIME,ONTIME,,,,,,,,,,HAN,,HIJ,International,VJ,,
2026-01-29|VJ181|A649|HAN-SGN|06:40,2026-01-29,VJ181,A649,A321,HAN-SGN,,06:40,,06:40,,06:34,06:35,06:45,,,EARLY,ONTIME,ONTIME,,,,,,,,,,HAN,,SGN,Domestic,VJ,,
2026-01-29|VJ105|652G|HAN-VCS|06:45,2026-01-29,VJ105,652G,C909,HAN-VCS,,06:45,,06:45,,06:39,06:40,06:43,,,EARLY,ONTIME,ONTIME,,,,,,,,,,HAN,,VCS,Domestic,VJ,,
2026-01-29|VJ431|A699|HAN-UIH|07:10,2026-01-29,VJ431,A699,A320,HAN-UIH,,07:10,,07:10,,07:04,07:05,07:12,,,EARLY,ONTIME,ONTIME,,,,,,,,,,HAN,,UIH,Domestic,VJ,,
2026-01-29|VJ905|A674|HAN-KUL|07:10,2026-01-29,VJ905,A674,A321,HAN-KUL,,07:10,,07:10,,07:04,07:05,07:10,,,EARLY,ONTIME,ONTIME,,,,,,,,,,HAN,,KUL,International,VJ,,
2026-01-29|VJ7239/VJ956|A689|PVG-HAN-PUS|07:30,2026-01-29,VJ7239/VJ956,A689,A320,PVG-HAN-PUS,05:15,07:30,05:15,07:30,05:25,07:18,07:20,07:22,02:15,01:55,EARLY,ONTIME,ONTIME,ONTIME,,,,,,,,,HAN,PVG,PUS,International,VJ,,
2026-01-29|VJ940|A537|HAN-TPE|07:35,2026-01-29,VJ940,A537,A321,HAN-TPE,,07:35,,07:35,,07:26,07:28,07:29,,,EARLY,ONTIME,ONTIME,,,,,,,,,,HAN,,TPE,International,VJ,,
2026-01-29|VJ107|656E|HAN-VCS|08:15,2026-01-29,VJ107,656E,C909,HAN-VCS,,08:15,,08:15,,08:14,08:15,08:25,,,ONTIME,ONTIME,ONTIME,,,,,,,,,,HAN,,VCS,Domestic,VJ,,
2026-01-29|VJ122/VJ934|A523|SGN-HAN-NRT|08:20,2026-01-29,VJ122/VJ934,A523,A321,SGN-HAN-NRT,07:30,08:20,07:30,08:20,07:15,08:19,08:20,08:26,00:50,01:05,ONTIME,ONTIME,ONTIME,ONTIME,,,,,,,,,HAN,SGN,NRT,International,VJ,,
2026-01-29|VJ910/VJ930|A546|BOM-HAN-KIX|08:20,2026-01-29,VJ910/VJ930,A546,A321,BOM-HAN-KIX,06:40,08:20,06:40,08:20,06:19,08:24,08:25,08:33,01:40,02:06,DELAY,ONTIME,ONTIME,ONTIME,,15A,00:05,,,,,OFFLOAD 01PAX 03PCS,HAN,BOM,KIX,International,VJ,,
2026-01-29|VJ124/VJ125|A820|SGN-HAN-SGN|08:40,2026-01-29,VJ124/VJ125,A820,A321,SGN-HAN-SGN,07:50,08:40,07:50,08:40,08:15,08:54,08:55,09:03,00:50,00:40,DELAY,ONTIME,DELAY,DELAY,,93,00:15,,,,,,HAN,SGN,SGN,Domestic,VJ,,
2026-01-29|VJ524/VJ929|A662|DAD-HAN-CGK|08:40,2026-01-29,VJ524/VJ929,A662,A320,DAD-HAN-CGK,07:40,08:40,07:40,08:40,07:30,08:39,08:40,08:49,01:00,01:10,ONTIME,ONTIME,ONTIME,ONTIME,,,,,,,,,HAN,DAD,CGK,International,VJ,,
2026-01-29|VJ773|A816|HAN-CXR|08:55,2026-01-29,VJ773,A816,A330,HAN-CXR,,08:55,,08:55,,08:54,08:55,09:23,,,ONTIME,ONTIME,DELAY,,,,,,,,,,HAN,,CXR,Domestic,VJ,,
2026-01-29|VJ126/VJ127|A640|SGN-HAN-SGN|08:55,2026-01-29,VJ126/VJ127,A640,A321,SGN-HAN-SGN,08:25,08:55,08:25,08:55,08:35,09:04,09:05,09:10,00:30,00:30,DELAY,ONTIME,ONTIME,ONTIME,,93,00:10,,,,,,HAN,SGN,SGN,Domestic,VJ,,
2026-01-29|VJ915|A536|HAN-SIN|09:35,2026-01-29,VJ915,A536,A321,HAN-SIN,,09:35,,09:35,,09:34,09:35,09:52,,,ONTIME,ONTIME,DELAY,,,,,,,,,,HAN,,SIN,International,VJ,,
2026-01-29|VJ7527/VJ771|A685|CAN-HAN-CXR|09:35,2026-01-29,VJ7527/VJ771,A685,A321,CAN-HAN-CXR,04:35,09:35,04:35,09:35,04:50,09:32,09:33,09:43,05:00,04:43,EARLY,ONTIME,ONTIME,ONTIME,,,,,,,,,HAN,CAN,CXR,Domestic,VJ,,
2026-01-29|VJ1926/VJ997|A545|AMD-HAN-DPS|10:00,2026-01-29,VJ1926/VJ997,A545,A321,AMD-HAN-DPS,06:20,10:00,06:20,10:00,05:37,09:59,10:00,10:03,03:40,04:23,ONTIME,ONTIME,ONTIME,ONTIME,,,,,,,,,HAN,AMD,DPS,International,VJ,,
2026-01-29|VJ148/VJ149|-NVG|SGN-HAN-SGN|10:05,2026-01-29,VJ148/VJ149,-NVG,A320,SGN-HAN-SGN,09:30,10:05,09:30,10:05,09:45,10:09,10:10,10:20,00:35,00:25,DELAY,ONTIME,ONTIME,ONTIME,,93,00:05,,,,,,HAN,SGN,SGN,Domestic,VJ,,
2026-01-29|VJ504/VJ567|A550|DAD-HAN-HUI|10:10,2026-01-29,VJ504/VJ567,A550,A321,DAD-HAN-HUI,09:00,10:10,09:00,10:10,09:30,10:09,10:10,10:25,01:10,00:40,ONTIME,ONTIME,ONTIME,DELAY,,,,,,,,,HAN,DAD,HUI,Domestic,VJ,,
2026-01-29|VJ463|A684|HAN-VCA|10:30,2026-01-29,VJ463,A684,A321,HAN-VCA,,10:30,,10:30,,10:23,10:25,10:32,,,EARLY,ONTIME,ONTIME,,,,,,,,,,HAN,,VCA,Domestic,VJ,,
2026-01-29|VJ507|A522|HAN-DAD|10:30,2026-01-29,VJ507,A522,A321,HAN-DAD,,10:30,,10:30,,10:29,10:30,10:45,,,ONTIME,ONTIME,ONTIME,,,,,,,,,,HAN,,DAD,Domestic,VJ,,
2026-01-29|VJ963/VJ7048|A645|ICN-HAN-SJW|10:40,2026-01-29,VJ963/VJ7048,A645,A321,ICN-HAN-SJW,09:30,10:40,09:30,10:40,09:05,10:31,10:33,10:52,01:10,01:28,EARLY,ONTIME,ONTIME,ONTIME,,,,,,,,,HAN,ICN,SJW,International,VJ,,
2026-01-29|VJ492/VJ403|A643|BMV-HAN-DLI|10:45,2026-01-29,VJ492/VJ403,A643,A321,BMV-HAN-DLI,10:00,10:45,10:00,10:45,10:20,10:49,10:50,11:00,00:45,00:30,DELAY,ONTIME,ONTIME,DELAY,,93,00:05,,,,,,HAN,BMV,DLI,Domestic,VJ,,
2026-01-29|VJ136/VJ135|A677|SGN-HAN-SGN|11:10,2026-01-29,VJ136/VJ135,A677,A321,SGN-HAN-SGN,10:40,11:10,10:40,11:10,10:40,11:09,11:10,11:25,00:30,00:30,ONTIME,ONTIME,ONTIME,ONTIME,,,,,,,,,HAN,SGN,SGN,Domestic,VJ,,
2026-01-29|VJ430/VJ407|A699|UIH-HAN-DLI|11:25,2026-01-29,VJ430/VJ407,A699,A320,UIH-HAN-DLI,10:55,11:25,10:55,11:35,10:50,11:26,11:27,11:29,00:40,00:37,EARLY,ONTIME,ONTIME,ONTIME,,,,,,,,,HAN,UIH,DLI,Domestic,VJ,,
2026-01-29|VJ442/VJ137|A644|PQC-HAN-SGN|11:40,2026-01-29,VJ442/VJ137,A644,A321,PQC-HAN-SGN,10:45,11:40,10:45,11:40,11:00,11:31,11:32,11:38,00:55,00:32,EARLY,ONTIME,ONTIME,ONTIME,,,,,,,,,HAN,PQC,SGN,Domestic,VJ,,
2026-01-29|VJ981/VJ946|A544|PUS-HAN-KHH|12:00,2026-01-29,VJ981/VJ946,A544,A321,PUS-HAN-KHH,11:00,12:00,11:00,12:00,10:50,11:59,12:00,12:08,01:00,01:10,ONTIME,ONTIME,ONTIME,ONTIME,,,,,,,,,HAN,PUS,KHH,International,VJ,,
2026-01-29|VJ132/VJ901|A657|SGN-HAN-BKK|12:15,2026-01-29,VJ132/VJ901,A657,A321,SGN-HAN-BKK,11:10,12:15,11:10,12:15,11:00,12:13,12:15,12:16,01:05,01:15,ONTIME,ONTIME,ONTIME,ONTIME,,,,,,,,,HAN,SGN,BKK,International,VJ,,
2026-01-29|VJ440/VJ441|A655|PQC-HAN-PQC|12:55,2026-01-29,VJ440/VJ441,A655,A320,PQC-HAN-PQC,11:55,12:55,11:55,12:55,12:30,12:59,13:00,13:10,01:00,00:30,DELAY,ONTIME,ONTIME,DELAY,,66,00:05,,,,,CREW HN OB 1235,HAN,PQC,PQC,Domestic,VJ,,
2026-01-29|VJ566/VJ513|A550|HUI-HAN-DAD|13:35,2026-01-29,VJ566/VJ513,A550,A321,HUI-HAN-DAD,13:05,13:35,13:05,13:50,13:35,14:14,14:15,14:20,00:45,00:40,DELAY,DELAY,DELAY,DELAY,,93,00:15,66,00:10,,,CREW HN OB 1340,HAN,HUI,DAD,Domestic,VJ,,
2026-01-29|VJ959/VJ948|A634|FUK-HAN-RMQ|13:35,2026-01-29,VJ959/VJ948,A634,A321,FUK-HAN-RMQ,12:25,13:35,12:25,13:35,11:50,13:21,13:22,13:33,01:10,01:32,EARLY,ONTIME,ONTIME,ONTIME,,,,,,,,,HAN,FUK,RMQ,International,VJ,,
2026-01-29|VJ508/VJ511|A522|DAD-HAN-DAD|14:20,2026-01-29,VJ508/VJ511,A522,A321,DAD-HAN-DAD,13:40,14:20,14:10,15:25,14:55,15:24,15:25,15:30,01:15,00:30,ONTIME,ONTIME,DELAY,DELAY,,,,,,,,LATE TAKEOFF DUE TO ATC,HAN,DAD,DAD,Domestic,VJ,,
2026-01-29|VJ921/VJ942|A500|NGO-HAN-TPE|14:25,2026-01-29,VJ921/VJ942,A500,A321,NGO-HAN-TPE,13:40,14:25,13:40,14:25,13:10,14:19,14:20,14:25,00:45,01:10,EARLY,ONTIME,ONTIME,ONTIME,,,,,,,,,HAN,NGO,TPE,International,VJ,,
2026-01-29|VJ780/VJ781|A552|CXR-HAN-CXR|14:30,2026-01-29,VJ780/VJ781,A552,A321,CXR-HAN-CXR,14:00,14:30,14:00,14:30,14:00,14:29,14:30,14:36,00:30,00:30,ONTIME,ONTIME,ONTIME,ONTIME,,,,,,,,,HAN,CXR,CXR,Domestic,VJ,,
2026-01-29|VJ770/VJ1491|A685|CXR-HAN-BMV|14:35,2026-01-29,VJ770/VJ1491,A685,A321,CXR-HAN-BMV,13:45,14:35,13:45,15:05,14:45,15:18,15:20,15:33,01:20,00:35,DELAY,ONTIME,DELAY,DELAY,,93,00:10,66,00:05,,,CREW HN OB 1455( LATE TAKEOFF DUE TO ATC ),HAN,CXR,BMV,Domestic,VJ,,
2026-01-29|VJ7705/VJ7705|A539|VVO-HAN-CXR|14:40,2026-01-29,VJ7705/VJ7705,A539,A321,VVO-HAN-CXR,14:10,14:40,14:10,15:20,15:30,15:57,15:58,16:03,01:10,00:28,DELAY,DELAY,DELAY,DELAY,,93,00:38,,,,,TECHSTOP(LATE TAKEOFF DUE TO ATC),HAN,VVO,CXR,Domestic,VJ,,
2026-01-29|VJ144/VJ145|A820|SGN-HAN-SGN|15:35,2026-01-29,VJ144/VJ145,A820,A321,SGN-HAN-SGN,14:10,15:35,14:10,15:35,15:00,15:44,15:45,16:05,01:25,00:45,DELAY,ONTIME,DELAY,DELAY,,93,00:10,,,,,LATE TAKEOFF DUE TO ATC,HAN,SGN,SGN,Domestic,VJ,,
2026-01-29|VJ198/VJ199|A697|SGN-HAN-SGN|15:40,2026-01-29,VJ198/VJ199,A697,A321,SGN-HAN-SGN,15:10,15:40,15:10,15:40,15:25,15:54,15:55,16:20,00:30,00:30,DELAY,ONTIME,DELAY,ONTIME,,93,00:15,,,,,LATE TAKEOFF DUE TO ATC,HAN,SGN,SGN,Domestic,VJ,,
2026-01-29|VJ941/VJ903|A537|TPE-HAN-BKK|15:50,2026-01-29,VJ941/VJ903,A537,A321,TPE-HAN-BKK,14:10,15:50,14:10,15:50,14:45,15:46,15:48,16:00,01:40,01:03,EARLY,ONTIME,ONTIME,DELAY,,,,,,,,LATE TAKEOFF DUE TO ATC,HAN,TPE,BKK,International,VJ,,
2026-01-29|VJ404/VJ191|A643|DLI-HAN-SGN|15:55,2026-01-29,VJ404/VJ191,A643,A321,DLI-HAN-SGN,14:55,15:55,14:55,15:55,15:20,15:59,16:00,16:12,01:00,00:40,DELAY,ONTIME,DELAY,DELAY,,66,00:05,,,,,CREW HN OB 1530/LATE TAKEOFF DUE TO ATC,HAN,DLI,SGN,Domestic,VJ,,
2026-01-29|VJ906/VJ1441|A674|KUL-HAN-PQC|15:55,2026-01-29,VJ906/VJ1441,A674,A321,KUL-HAN-PQC,14:55,15:55,14:55,15:55,14:30,15:54,15:55,16:17,01:00,01:25,ONTIME,ONTIME,DELAY,ONTIME,,,,,,,,LATE TAKEOFF DUE TO ATC,HAN,KUL,PQC,Domestic,VJ,,
2026-01-29|VJ939/VJ195|A553|KIX-HAN-SGN|16:00,2026-01-29,VJ939/VJ195,A553,A321,KIX-HAN-SGN,13:05,16:00,13:05,16:00,12:50,15:59,16:00,16:30,02:55,03:10,ONTIME,ONTIME,DELAY,ONTIME,,,,,,,,LATE TAKEOFF DUE TO ATC,HAN,KIX,SGN,Domestic,VJ,,
2026-01-29|VJ933/VJ423|A548|NRT-HAN-PXU|16:05,2026-01-29,VJ933/VJ423,A548,A321,NRT-HAN-PXU,14:00,16:05,14:00,16:05,14:05,15:59,16:00,16:33,02:05,01:55,EARLY,ONTIME,DELAY,ONTIME,,,,,,,,,HAN,NRT,PXU,Domestic,VJ,,
2026-01-29|VJ408/VJ409|A699|DLI-HAN-DLI|16:05,2026-01-29,VJ408/VJ409,A699,A320,DLI-HAN-DLI,15:35,16:05,15:35,16:20,15:35,16:14,16:15,16:50,00:45,00:40,EARLY,ONTIME,DELAY,ONTIME,,,,,,,,,HAN,DLI,DLI,Domestic,VJ,,
2026-01-29|VJ460/VJ913|A684|VCA-HAN-SAI|16:20,2026-01-29,VJ460/VJ913,A684,A321,VCA-HAN-SAI,15:25,16:20,15:25,16:20,15:35,16:19,16:20,16:35,00:55,00:45,ONTIME,ONTIME,ONTIME,ONTIME,,,,,,,,LATE TAKEOFF DUE TO ATC,HAN,VCA,SAI,International,VJ,,
2026-01-29|VJ462/VJ515|A534|VCA-HAN-DAD|16:25,2026-01-29,VJ462/VJ515,A534,A321,VCA-HAN-DAD,15:40,16:25,15:40,16:25,15:30,16:24,16:25,16:55,00:45,00:55,ONTIME,ONTIME,DELAY,ONTIME,,,,,,,,LATE TAKEOFF DUE TO ATC,HAN,VCA,DAD,Domestic,VJ,,
2026-01-29|VJ514/VJ465|A550|DAD-HAN-VCA|17:25,2026-01-29,VJ514/VJ465,A550,A321,DAD-HAN-VCA,16:45,17:25,16:45,17:40,18:00,18:34,18:35,18:55,00:55,00:35,DELAY,DELAY,DELAY,DELAY,,93,00:50,66,00:05,,,CREW HN OB 1810,HAN,DAD,VCA,Domestic,VJ,,
2026-01-29|VJ134/VJ163|-NVE|SGN-HAN-SGN|17:30,2026-01-29,VJ134/VJ163,-NVE,A320,SGN-HAN-SGN,17:00,17:30,17:00,17:30,17:15,17:39,17:40,17:50,00:30,00:25,DELAY,ONTIME,DELAY,ONTIME,,93,00:10,,,,,,HAN,SGN,SGN,Domestic,VJ,,
2026-01-29|VJ902/VJ779|A657|BKK-HAN-CXR|18:00,2026-01-29,VJ902/VJ779,A657,A321,BKK-HAN-CXR,17:00,18:00,17:00,18:00,16:55,17:59,18:00,18:06,01:00,01:05,ONTIME,ONTIME,ONTIME,ONTIME,,,,,,,,,HAN,BKK,CXR,Domestic,VJ,,
2026-01-29|VJ512/VJ445|A675|DAD-HAN-PQC|18:05,2026-01-29,VJ512/VJ445,A675,A320,DAD-HAN-PQC,17:30,18:05,17:30,18:05,17:35,18:04,18:05,18:24,00:35,00:30,ONTIME,ONTIME,DELAY,ONTIME,,,,,,,,,HAN,DAD,PQC,Domestic,VJ,,
2026-01-29|VJ916/VJ493|A536|SIN-HAN-BMV|18:25,2026-01-29,VJ916/VJ493,A536,A321,SIN-HAN-BMV,17:25,18:25,17:25,18:25,17:00,19:14,19:15,19:30,01:00,02:15,DELAY,DELAY,DELAY,ONTIME,,95,00:50,,,,,WAIT CREW FR VJ446 OB 1855,HAN,SIN,BMV,Domestic,VJ,,
2026-01-29|VJ446/VJ165|A655|PQC-HAN-SGN|18:40,2026-01-29,VJ446/VJ165,A655,A320,PQC-HAN-SGN,17:40,18:40,17:40,18:40,18:45,19:44,19:45,19:51,01:00,01:00,DELAY,DELAY,DELAY,DELAY,,93,00:30,66,00:05,99,00:30,CREW HN OB 1852 / SPECIAL REQUEST BY CAPTAIN,HAN,PQC,SGN,Domestic,VJ,,
2026-01-29|VJ957/VJ1925|A689|PUS-HAN-AMD|19:00,2026-01-29,VJ957/VJ1925,A689,A320,PUS-HAN-AMD,17:20,19:00,17:20,19:00,16:55,18:59,19:00,19:11,01:40,02:05,ONTIME,ONTIME,ONTIME,ONTIME,,,,,,,,,HAN,PUS,AMD,International,VJ,,
2026-01-29|VJ1492/VJ517|A685|BMV-HAN-DAD|19:05,2026-01-29,VJ1492/VJ517,A685,A321,BMV-HAN-DAD,18:35,19:05,18:35,20:10,19:55,20:23,20:25,20:32,01:35,00:30,DELAY,ONTIME,DELAY,DELAY,,93,00:15,,,,,,HAN,BMV,DAD,Domestic,VJ,,
2026-01-29|VJ961/VJ173|A683|ICN-HAN-SGN|19:05,2026-01-29,VJ961/VJ173,A683,A321,ICN-HAN-SGN,14:10,19:05,14:10,19:05,14:10,19:04,19:05,19:15,04:55,04:55,ONTIME,ONTIME,ONTIME,ONTIME,,,,,,,,,HAN,ICN,SGN,Domestic,VJ,,
2026-01-29|VJ971|A812|HAN-DEL|19:10,2026-01-29,VJ971,A812,A330,HAN-DEL,,19:10,,19:10,,19:09,19:10,19:40,,,ONTIME,ONTIME,DELAY,,,,,,,,,,HAN,,DEL,International,VJ,,
2026-01-29|VJ784/VJ783|A552|CXR-HAN-CXR|19:10,2026-01-29,VJ784/VJ783,A552,A321,CXR-HAN-CXR,18:40,19:10,18:40,20:25,19:10,20:18,20:20,20:30,01:45,01:10,EARLY,ONTIME,DELAY,DELAY,,,,,,,,,HAN,CXR,CXR,Domestic,VJ,,
2026-01-29|VJ953/VJ569|A658|HIJ-HAN-HUI|19:15,2026-01-29,VJ953/VJ569,A658,A320,HIJ-HAN-HUI,16:20,19:15,16:20,19:15,16:40,19:14,19:15,19:18,02:55,02:35,ONTIME,ONTIME,ONTIME,DELAY,,,,,,,,,HAN,HIJ,HUI,Domestic,VJ,,
2026-01-29|VJ152/VJ519|A637|SGN-HAN-DAD|19:45,2026-01-29,VJ152/VJ519,A637,A321,SGN-HAN-DAD,19:15,19:45,19:15,20:00,19:35,20:14,20:15,20:24,00:45,00:40,DELAY,ONTIME,DELAY,DELAY,,93,00:05,66,00:10,,,CREW HN OB 1950,HAN,SGN,DAD,Domestic,VJ,,
2026-01-29|VJ928/VJ7712|A662|CGK-HAN-PKX|20:05,2026-01-29,VJ928/VJ7712,A662,A320,CGK-HAN-PKX,18:15,20:05,18:15,20:05,18:45,19:52,19:53,20:15,01:50,01:08,EARLY,ONTIME,ONTIME,DELAY,,,,,,,,,HAN,CGK,PKX,International,VJ,,
2026-01-29|VJ424/VJ155|A548|PXU-HAN-SGN|20:20,2026-01-29,VJ424/VJ155,A548,A321,PXU-HAN-SGN,19:45,20:20,19:45,20:20,20:20,20:44,20:45,20:52,00:35,00:25,DELAY,DELAY,DELAY,DELAY,,93,00:25,,,,,,HAN,PXU,SGN,Domestic,VJ,,
2026-01-29|VJ158/VJ7238|A676|SGN-HAN-PVG|21:30,2026-01-29,VJ158/VJ7238,A676,A320,SGN-HAN-PVG,20:30,21:30,20:30,21:30,20:55,21:28,21:29,21:31,01:00,00:34,EARLY,ONTIME,ONTIME,DELAY,,,,,,,,,HAN,SGN,PVG,International,VJ,,
2026-01-29|VJ166/VJ161|A643|SGN-HAN-SGN|21:50,2026-01-29,VJ166/VJ161,A643,A321,SGN-HAN-SGN,21:00,21:50,21:00,21:50,22:05,22:29,22:30,22:31,00:50,00:25,DELAY,DELAY,DELAY,DELAY,,93,00:40,,,,,,HAN,SGN,SGN,Domestic,VJ,,
2026-01-29|VJ516/VJ123|A534|DAD-HAN-SGN|22:10,2026-01-29,VJ516/VJ123,A534,A321,DAD-HAN-SGN,19:35,22:10,19:35,22:10,20:25,22:09,22:10,22:16,02:35,01:45,ONTIME,ONTIME,ONTIME,DELAY,,,,,,,,,HAN,DAD,SGN,Domestic,VJ,,
2026-01-29|VJ568/VJ523|A658|HUI-HAN-DAD|22:45,2026-01-29,VJ568/VJ523,A658,A320,HUI-HAN-DAD,22:15,22:45,22:15,22:45,22:20,22:44,22:45,22:54,00:30,00:25,ONTIME,ONTIME,ONTIME,ONTIME,,,,,,,,,HAN,HUI,DAD,Domestic,VJ,,
2026-01-29|VJ949/VJ962|A634|RMQ-HAN-ICN|22:50,2026-01-29,VJ949/VJ962,A634,A321,RMQ-HAN-ICN,19:50,22:50,19:50,22:50,20:00,22:54,22:55,23:05,03:00,02:55,DELAY,ONTIME,ONTIME,ONTIME,,15A,00:05,,,,,OFFLOAD 02PAX+01BAG,HAN,RMQ,ICN,International,VJ,,
2026-01-29|VJ931/VJ187|A546|KIX-HAN-SGN|22:50,2026-01-29,VJ931/VJ187,A546,A321,KIX-HAN-SGN,19:15,22:50,19:15,22:50,19:45,22:41,22:42,22:45,03:35,02:57,EARLY,ONTIME,ONTIME,DELAY,,,,,,,,,HAN,KIX,SGN,Domestic,VJ,,
2026-01-29|VJ180/VJ171|A820|SGN-HAN-SGN|23:25,2026-01-29,VJ180/VJ171,A820,A321,SGN-HAN-SGN,22:25,23:25,22:25,23:25,23:10,23:51,23:52,23:56,01:00,00:42,DELAY,DELAY,DELAY,DELAY,,93,00:27,,,,,,HAN,SGN,SGN,Domestic,VJ,,
2026-01-29|VJ778/VJ7526|A657|CXR-HAN-CAN|23:40,2026-01-29,VJ778/VJ7526,A657,A321,CXR-HAN-CAN,22:10,23:40,22:10,23:40,22:40,23:37,23:38,23:39,01:30,00:58,EARLY,ONTIME,ONTIME,DELAY,,,,,,,,,HAN,CXR,CAN,International,VJ,,
2026-01-30|VJ932|A523|HAN-NRT|00:55,2026-01-30,VJ932,A523,A321,HAN-NRT,,00:55,,00:55,,00:54,00:55,01:00,,,ONTIME,ONTIME,ONTIME,,,,,,,,,,HAN,,NRT,International,VJ,,
2026-01-30|VJ982|A544|HAN-PUS|01:00,2026-01-30,VJ982,A544,A321,HAN-PUS,,01:00,,01:00,,00:58,01:00,01:10,,,ONTIME,ONTIME,ONTIME,,,,,,,,,,HAN,,PUS,International,VJ,,
2026-01-30|VJ920|A545|HAN-NGO|01:35,2026-01-30,VJ920,A545,A321,HAN-NGO,,01:35,,01:35,,01:19,01:20,01:23,,,EARLY,ONTIME,ONTIME,,,,,,,,,,HAN,,NGO,International,VJ,,
2026-01-30|VJ938|A537|HAN-KIX|01:40,2026-01-30,VJ938,A537,A321,HAN-KIX,,01:40,,01:40,,01:27,01:28,01:32,,,EARLY,ONTIME,ONTIME,,,,,,,,,,HAN,,KIX,International,VJ,,
2026-01-30|VJ960|A645|HAN-ICN|01:45,2026-01-30,VJ960,A645,A321,HAN-ICN,,01:45,,01:45,,01:34,01:35,01:38,,,EARLY,ONTIME,ONTIME,,,,,,,,,,HAN,,ICN,International,VJ,,
2026-01-30|VJ7614/VJ7614|A539|CXR-HAN-BQS|02:10,2026-01-30,VJ7614/VJ7614,A539,A321,CXR-HAN-BQS,01:40,02:10,01:40,02:10,01:45,02:19,02:20,00:25,00:30,00:35,DELAY,ONTIME,ONTIME,ONTIME,,93,00:10,,,,,,HAN,CXR,BQS,International,VJ,,
2026-01-30|VJ185|A672|HAN-SGN|05:10,2026-01-30,VJ185,A672,A320,HAN-SGN,,05:10,,05:10,,04:59,05:00,05:03,,,EARLY,ONTIME,ONTIME,,,,,,,,,,HAN,,SGN,Domestic,VJ,,
2026-01-30|VJ443|A500|HAN-PQC|06:00,2026-01-30,VJ443,A500,A321,HAN-PQC,,06:00,,06:00,,05:54,05:55,06:03,,,EARLY,ONTIME,ONTIME,,,,,,,,,,HAN,,PQC,Domestic,VJ,,
2026-01-30|VJ503|A550|HAN-DAD|06:00,2026-01-30,VJ503,A550,A321,HAN-DAD,,06:00,,06:00,,05:54,05:55,06:05,,,EARLY,ONTIME,ONTIME,,,,,,,,,,HAN,,DAD,Domestic,VJ,,
2026-01-30|VJ491|A637|HAN-BMV|06:00,2026-01-30,VJ491,A637,A321,HAN-BMV,,06:00,,06:00,,05:52,05:55,05:57,,,EARLY,ONTIME,ONTIME,,,,,,,,,,HAN,,BMV,Domestic,VJ,,
2026-01-30|VJ401|A699|HAN-DLI|06:00,2026-01-30,VJ401,A699,A320,HAN-DLI,,06:00,,06:00,,05:54,05:55,06:00,,,EARLY,ONTIME,ONTIME,,,,,,,,,,HAN,,DLI,Domestic,VJ,,
2026-01-30|VJ7713/VJ461|A662|PKX-HAN-VCA|06:00,2026-01-30,VJ7713/VJ461,A662,A320,PKX-HAN-VCA,04:10,06:00,04:10,06:00,04:30,05:51,05:52,05:56,01:50,01:22,EARLY,ONTIME,ONTIME,DELAY,,,,,,,,,HAN,PKX,VCA,Domestic,VJ,,
2026-01-30|VJ421|A641|HAN-PXU|06:05,2026-01-30,VJ421,A641,A321,HAN-PXU,,06:05,,06:05,,05:59,06:00,06:05,,,EARLY,ONTIME,ONTIME,,,,,,,,,,HAN,,PXU,Domestic,VJ,,
2026-01-30|VJ105|652G|HAN-VCS|06:45,2026-01-30,VJ105,652G,C909,HAN-VCS,,06:45,,06:45,,06:39,06:40,06:52,,,EARLY,ONTIME,ONTIME,,,,,,,,,,HAN,,VCS,Domestic,VJ,,
2026-01-30|VJ905|A684|HAN-KUL|07:10,2026-01-30,VJ905,A684,A321,HAN-KUL,,07:10,,07:10,,07:02,07:03,07:08,,,EARLY,ONTIME,ONTIME,,,,,,,,,,HAN,,KUL,International,VJ,,
2026-01-30|VJ956|A663|HAN-PUS|07:30,2026-01-30,VJ956,A663,A320,HAN-PUS,,07:30,,07:30,,07:24,07:25,07:35,,,EARLY,ONTIME,ONTIME,,,,,,,,,,HAN,,PUS,International,VJ,,
2026-01-30|VJ940|A651|HAN-TPE|07:35,2026-01-30,VJ940,A651,A321,HAN-TPE,,07:35,,07:35,,07:29,07:30,07:35,,,EARLY,ONTIME,ONTIME,,,,,,,,,,HAN,,TPE,International,VJ,,
2026-01-30|VJ771|A685|HAN-CXR|07:35,2026-01-30,VJ771,A685,A321,HAN-CXR,,07:35,,07:35,,07:27,07:29,07:30,,,EARLY,ONTIME,ONTIME,,,,,,,,,,HAN,,CXR,Domestic,VJ,,
2026-01-30|VJ107|656E|HAN-VCS|08:15,2026-01-30,VJ107,656E,C909,HAN-VCS,,08:15,,08:15,,08:14,08:15,08:21,,,ONTIME,ONTIME,ONTIME,,,,,,,,,,HAN,,VCS,Domestic,VJ,,
2026-01-30|VJ930|A536|HAN-KIX|08:20,2026-01-30,VJ930,A536,A321,HAN-KIX,,08:20,,08:20,,08:19,08:20,08:27,,,ONTIME,ONTIME,ONTIME,,,,,,,,,,HAN,,KIX,International,VJ,,
2026-01-30|VJ122/VJ934|A646|SGN-HAN-NRT|08:30,2026-01-30,VJ122/VJ934,A646,A321,SGN-HAN-NRT,07:30,08:30,07:30,08:30,07:30,08:29,08:30,08:45,01:00,01:00,ONTIME,ONTIME,ONTIME,ONTIME,,,,,,,,,HAN,SGN,NRT,International,VJ,,
2026-01-30|VJ124/VJ125|A543|SGN-HAN-SGN|08:40,2026-01-30,VJ124/VJ125,A543,A321,SGN-HAN-SGN,07:50,08:40,07:50,08:40,08:05,08:39,08:40,08:50,00:50,00:35,ONTIME,ONTIME,ONTIME,ONTIME,,,,,,,,,HAN,SGN,SGN,Domestic,VJ,,
2026-01-30|VJ1926/VJ929|A689|AMD-HAN-CGK|08:40,2026-01-30,VJ1926/VJ929,A689,A320,AMD-HAN-CGK,06:20,08:40,06:20,08:40,05:50,08:29,08:30,08:35,02:20,02:40,EARLY,ONTIME,ONTIME,ONTIME,,,,,,,,,HAN,AMD,CGK,International,VJ,,
2026-01-30|VJ7527/VJ127|A657|CAN-HAN-SGN|08:55,2026-01-30,VJ7527/VJ127,A657,A321,CAN-HAN-SGN,04:35,08:55,04:35,08:55,04:25,09:09,09:10,09:10,04:20,04:45,DELAY,ONTIME,ONTIME,ONTIME,,95,00:15,,,,,WAIT CREW VJ126 OB 0840,HAN,CAN,SGN,Domestic,VJ,,
2026-01-30|VJ524/VJ527|A658|DAD-HAN-DAD|09:30,2026-01-30,VJ524/VJ527,A658,A320,DAD-HAN-DAD,07:40,09:30,07:40,09:30,07:35,09:29,09:30,09:34,01:50,01:55,ONTIME,ONTIME,ONTIME,ONTIME,,,,,,,,,HAN,DAD,DAD,Domestic,VJ,,
2026-01-30|VJ915|A575|HAN-SIN|09:35,2026-01-30,VJ915,A575,A321,HAN-SIN,,09:35,,09:35,,09:22,09:23,09:45,,,EARLY,ONTIME,ONTIME,,,,,,,,,,HAN,,SIN,International,VJ,,
2026-01-30|VJ504/VJ997|A550|DAD-HAN-DPS|10:00,2026-01-30,VJ504/VJ997,A550,A321,DAD-HAN-DPS,09:00,10:00,09:00,10:30,09:30,10:29,10:30,10:38,01:30,01:00,ONTIME,ONTIME,DELAY,DELAY,,,,,,,,,HAN,DAD,DPS,International,VJ,,
2026-01-30|VJ148/VJ149|-NVG|SGN-HAN-SGN|10:05,2026-01-30,VJ148/VJ149,-NVG,A320,SGN-HAN-SGN,09:30,10:05,09:30,10:05,09:50,10:14,10:15,10:28,00:35,00:25,DELAY,ONTIME,DELAY,DELAY,,93,00:10,,,,,,HAN,SGN,SGN,Domestic,VJ,,
2026-01-30|VJ422/VJ567|A641|PXU-HAN-HUI|10:10,2026-01-30,VJ422/VJ567,A641,A321,PXU-HAN-HUI,09:40,10:10,09:40,10:10,09:50,10:19,10:20,10:32,00:30,00:30,DELAY,ONTIME,DELAY,ONTIME,,93,00:10,,,,,,HAN,PXU,HUI,Domestic,VJ,,
2026-01-30|VJ963/VJ403|A634|ICN-HAN-DLI|10:15,2026-01-30,VJ963/VJ403,A634,A321,ICN-HAN-DLI,09:30,10:15,09:30,10:15,09:30,10:09,10:10,10:24,00:45,00:40,EARLY,ONTIME,ONTIME,ONTIME,,,,,,,,,HAN,ICN,DLI,Domestic,VJ,,
2026-01-30|VJ492/VJ507|A637|BMV-HAN-DAD|10:30,2026-01-30,VJ492/VJ507,A637,A321,BMV-HAN-DAD,10:00,10:30,10:00,11:25,10:35,11:09,11:00,11:15,01:25,00:25,EARLY,ONTIME,DELAY,DELAY,,,,,,,,,HAN,BMV,DAD,Domestic,VJ,,
2026-01-30|VJ402/VJ775|A699|DLI-HAN-CXR|10:40,2026-01-30,VJ402/VJ775,A699,A320,DLI-HAN-CXR,10:10,10:40,10:40,11:10,10:39,11:09,11:10,11:19,00:30,00:31,ONTIME,ONTIME,DELAY,DELAY,,,,,,,,,HAN,DLI,CXR,Domestic,VJ,,
2026-01-30|VJ176/VJ463|A640|SGN-HAN-VCA|11:00,2026-01-30,VJ176/VJ463,A640,A321,SGN-HAN-VCA,09:00,11:00,09:00,11:00,10:10,10:54,10:55,10:59,02:00,00:45,EARLY,ONTIME,ONTIME,DELAY,,,,,,,,,HAN,SGN,VCA,Domestic,VJ,,
2026-01-30|VJ136/VJ135|A672|SGN-HAN-SGN|11:10,2026-01-30,VJ136/VJ135,A672,A320,SGN-HAN-SGN,10:40,11:10,10:40,12:25,12:00,12:24,12:25,12:34,01:45,00:25,ONTIME,ONTIME,DELAY,DELAY,,,,,,,,,HAN,SGN,SGN,Domestic,VJ,,
2026-01-30|VJ972/VJ451|A812|DEL-HAN-PQC|11:25,2026-01-30,VJ972/VJ451,A812,A330,DEL-HAN-PQC,05:35,11:25,05:35,11:25,05:35,11:24,11:25,11:33,05:50,05:50,ONTIME,ONTIME,ONTIME,ONTIME,,,,,,,,,HAN,DEL,PQC,Domestic,VJ,,
2026-01-30|VJ407|A676|HAN-DLI|11:25,2026-01-30,VJ407,A676,A320,HAN-DLI,,11:25,,11:25,,11:22,11:23,11:26,,,EARLY,ONTIME,ONTIME,,,,,,,,,,HAN,,DLI,Domestic,VJ,,
2026-01-30|VJ132/VJ137|A636|SGN-HAN-SGN|11:40,2026-01-30,VJ132/VJ137,A636,A321,SGN-HAN-SGN,11:10,11:40,11:10,11:40,11:15,11:44,11:45,11:51,00:30,00:30,DELAY,ONTIME,ONTIME,ONTIME,,93,00:05,,,,,,HAN,SGN,SGN,Domestic,VJ,,
2026-01-30|VJ442/VJ946|A500|PQC-HAN-KHH|11:45,2026-01-30,VJ442/VJ946,A500,A321,PQC-HAN-KHH,10:45,11:45,10:45,11:45,10:50,11:44,11:45,11:55,01:00,00:55,ONTIME,ONTIME,ONTIME,ONTIME,,,,,,,,,HAN,PQC,KHH,International,VJ,,
2026-01-30|VJ770/VJ901|A685|CXR-HAN-BKK|12:15,2026-01-30,VJ770/VJ901,A685,A321,CXR-HAN-BKK,11:45,12:15,11:45,13:00,12:15,12:59,13:00,13:08,01:15,00:45,ONTIME,ONTIME,DELAY,DELAY,,,,,,,,,HAN,CXR,BKK,International,VJ,,
2026-01-30|VJ440/VJ441|A675|PQC-HAN-PQC|13:05,2026-01-30,VJ440/VJ441,A675,A320,PQC-HAN-PQC,12:05,13:05,12:05,13:30,12:40,13:18,13:20,13:25,01:25,00:40,EARLY,ONTIME,DELAY,DELAY,,,,,,,,,HAN,PQC,PQC,Domestic,VJ,,
2026-01-30|VJ981/VJ513|A544|PUS-HAN-DAD|13:35,2026-01-30,VJ981/VJ513,A544,A321,PUS-HAN-DAD,11:00,13:35,11:00,13:35,11:10,13:34,13:35,13:40,02:35,02:25,ONTIME,ONTIME,ONTIME,ONTIME,,,,,,,,,HAN,PUS,DAD,Domestic,VJ,,
2026-01-30|VJ128/VJ143|A820|SGN-HAN-SGN|13:40,2026-01-30,VJ128/VJ143,A820,A321,SGN-HAN-SGN,12:10,13:40,12:10,13:40,12:30,13:39,13:40,13:55,01:30,01:10,ONTIME,ONTIME,ONTIME,DELAY,,,,,,,,,HAN,SGN,SGN,Domestic,VJ,,
2026-01-30|VJ528/VJ948|A658|DAD-HAN-RMQ|14:05,2026-01-30,VJ528/VJ948,A658,A320,DAD-HAN-RMQ,12:40,14:05,12:40,14:05,12:50,13:50,13:51,14:05,01:25,01:01,EARLY,ONTIME,ONTIME,ONTIME,,,,,,,,,HAN,DAD,RMQ,International,VJ,,
2026-01-30|VJ566/VJ511|A641|HUI-HAN-DAD|14:20,2026-01-30,VJ566/VJ511,A641,A321,HUI-HAN-DAD,13:05,14:20,13:05,14:20,13:05,14:19,14:20,14:50,01:15,01:15,ONTIME,ONTIME,DELAY,ONTIME,,,,,,,,,HAN,HUI,DAD,Domestic,VJ,,
2026-01-30|VJ508/VJ1491|A637|DAD-HAN-BMV|14:35,2026-01-30,VJ508/VJ1491,A637,A321,DAD-HAN-BMV,13:40,14:35,14:40,15:20,14:55,15:24,15:25,15:35,00:40,00:30,DELAY,ONTIME,DELAY,DELAY,,93,00:05,,,,,,HAN,DAD,BMV,Domestic,VJ,,
2026-01-30|VJ921/VJ942|A545|NGO-HAN-TPE|14:40,2026-01-30,VJ921/VJ942,A545,A321,NGO-HAN-TPE,13:40,14:40,13:40,14:40,13:12,14:37,14:38,14:52,01:00,01:26,EARLY,ONTIME,ONTIME,ONTIME,,,,,,,,,HAN,NGO,TPE,International,VJ,,
2026-01-30|VJ188/VJ151|-NVE|SGN-HAN-SGN|15:00,2026-01-30,VJ188/VJ151,-NVE,A320,SGN-HAN-SGN,14:25,15:00,14:40,15:15,15:05,15:29,15:30,15:38,00:35,00:25,DELAY,ONTIME,DELAY,DELAY,,93,00:15,,,,,,HAN,SGN,SGN,Domestic,VJ,,
2026-01-30|VJ7615/VJ7615|A539|BQS-HAN-CXR|15:10,2026-01-30,VJ7615/VJ7615,A539,A321,BQS-HAN-CXR,14:40,15:10,14:40,15:10,15:25,15:54,15:55,16:05,00:30,00:30,DELAY,DELAY,DELAY,DELAY,,93,00:45,,,,,,HAN,BQS,CXR,Domestic,VJ,,
2026-01-30|VJ961/VJ433|A645|ICN-HAN-UIH|15:25,2026-01-30,VJ961/VJ433,A645,A321,ICN-HAN-UIH,14:10,15:25,14:10,15:25,14:30,15:24,15:25,15:32,01:15,00:55,ONTIME,ONTIME,ONTIME,DELAY,,,,,,,,,HAN,ICN,UIH,Domestic,VJ,,
2026-01-30|VJ774/VJ1441|A699|CXR-HAN-PQC|15:30,2026-01-30,VJ774/VJ1441,A699,A320,CXR-HAN-PQC,14:50,15:30,15:40,16:30,16:00,16:28,16:29,16:38,00:50,00:29,EARLY,ONTIME,DELAY,DELAY,,,,,,,,,HAN,CXR,PQC,Domestic,VJ,,
2026-01-30|VJ144/VJ145|A649|SGN-HAN-SGN|15:35,2026-01-30,VJ144/VJ145,A649,A321,SGN-HAN-SGN,14:20,15:35,14:20,16:35,16:00,16:34,16:35,16:55,02:15,00:35,ONTIME,ONTIME,DELAY,DELAY,,,,,,,,,HAN,SGN,SGN,Domestic,VJ,,
2026-01-30|VJ933/VJ423|A523|NRT-HAN-PXU|15:55,2026-01-30,VJ933/VJ423,A523,A321,NRT-HAN-PXU,14:00,15:55,14:00,15:55,14:00,15:50,15:51,15:54,01:55,01:51,EARLY,ONTIME,ONTIME,ONTIME,,,,,,,,,HAN,NRT,PXU,Domestic,VJ,,
2026-01-30|VJ961/VJ157|A645|ICN-HAN-SGN|16:00,2026-01-30,VJ961/VJ157,A645,A321,ICN-HAN-SGN,14:10,16:00,14:10,16:00,15:30,15:59,16:00,16:09,01:50,00:30,ONTIME,ONTIME,ONTIME,DELAY,,,,,,,,,HAN,ICN,SGN,Domestic,VJ,,
2026-01-30|VJ408/VJ175|A676|DLI-HAN-SGN|16:05,2026-01-30,VJ408/VJ175,A676,A320,DLI-HAN-SGN,15:35,16:05,15:35,16:25,16:00,16:24,16:25,16:35,00:50,00:25,ONTIME,ONTIME,DELAY,DELAY,,,,,,,,,HAN,DLI,SGN,Domestic,VJ,,
2026-01-30|VJ906/VJ913|A684|KUL-HAN-SAI|16:20,2026-01-30,VJ906/VJ913,A684,A321,KUL-HAN-SAI,14:55,16:20,14:55,16:20,15:35,16:17,16:18,16:27,01:25,00:43,EARLY,ONTIME,ONTIME,DELAY,,,,,,,,,HAN,KUL,SAI,International,VJ,,
2026-01-30|VJ460/VJ515|A640|VCA-HAN-DAD|16:25,2026-01-30,VJ460/VJ515,A640,A321,VCA-HAN-DAD,15:55,16:25,15:55,16:25,14:42,16:29,16:30,16:40,00:30,01:48,DELAY,ONTIME,ONTIME,ONTIME,,95,00:05,,,,,WAIT CREW FROM VJ462 OB 1600,HAN,VCA,DAD,Domestic,VJ,,
2026-01-30|VJ514/VJ465|A647|DAD-HAN-VCA|17:25,2026-01-30,VJ514/VJ465,A647,A321,DAD-HAN-VCA,16:45,17:25,16:45,18:00,17:20,17:59,18:00,18:03,01:15,00:40,ONTIME,ONTIME,DELAY,DELAY,,,,,,,,,HAN,DAD,VCA,Domestic,VJ,,
2026-01-30|VJ134/VJ163|-MLI|SGN-HAN-SGN|17:30,2026-01-30,VJ134/VJ163,-MLI,A320,SGN-HAN-SGN,17:00,17:30,17:00,18:30,18:15,18:44,18:45,18:54,01:30,00:30,DELAY,ONTIME,DELAY,DELAY,,93,00:10,63D,00:05,,,DL63D DUE TO LATE CREW BOARDING CALL,HAN,SGN,SGN,Domestic,VJ,,
2026-01-30|VJ462/VJ445|A662|VCA-HAN-PQC|17:40,2026-01-30,VJ462/VJ445,A662,A320,VCA-HAN-PQC,15:40,17:40,15:40,17:40,15:45,17:39,17:40,17:44,02:00,01:55,ONTIME,ONTIME,ONTIME,ONTIME,,,,,,,,,HAN,VCA,PQC,Domestic,VJ,,
2026-01-30|VJ512/VJ779|A641|DAD-HAN-CXR|18:00,2026-01-30,VJ512/VJ779,A641,A321,DAD-HAN-CXR,17:30,18:00,17:30,19:00,18:30,18:59,19:00,19:09,01:30,00:30,ONTIME,ONTIME,DELAY,DELAY,,,,,,,,,HAN,DAD,CXR,Domestic,VJ,,
2026-01-30|VJ194/VJ193|A672|SGN-HAN-SGN|18:10,2026-01-30,VJ194/VJ193,A672,A320,SGN-HAN-SGN,17:30,18:10,17:30,18:10,17:50,18:14,18:15,18:22,00:40,00:25,DELAY,ONTIME,ONTIME,DELAY,,93,00:05,,,,,,HAN,SGN,SGN,Domestic,VJ,,
2026-01-30|VJ902/VJ165|A685|BKK-HAN-SGN|18:30,2026-01-30,VJ902/VJ165,A685,A321,BKK-HAN-SGN,17:00,18:30,17:00,18:50,18:20,18:54,18:55,19:00,01:50,00:35,DELAY,ONTIME,DELAY,DELAY,,66,00:05,,,,,CREW HN OB 1825,HAN,BKK,SGN,Domestic,VJ,,
2026-01-30|VJ460/VJ147|A640|VCA-HAN-SGN|18:50,2026-01-30,VJ460/VJ147,A640,A321,VCA-HAN-SGN,15:55,18:50,15:55,18:50,16:00,18:49,18:50,18:54,02:55,02:50,ONTIME,ONTIME,ONTIME,ONTIME,,,,,,,,,HAN,VCA,SGN,Domestic,VJ,,
2026-01-30|VJ957/VJ1925|A663|PUS-HAN-AMD|19:00,2026-01-30,VJ957/VJ1925,A663,A320,PUS-HAN-AMD,17:20,19:00,17:20,19:00,17:10,18:57,18:58,19:08,01:40,01:48,EARLY,ONTIME,ONTIME,ONTIME,,,,,,,,,HAN,PUS,AMD,International,VJ,,
2026-01-30|VJ1492/VJ517|A637|BMV-HAN-DAD|19:05,2026-01-30,VJ1492/VJ517,A637,A321,BMV-HAN-DAD,18:35,19:05,18:35,20:05,19:40,20:29,20:30,21:00,01:30,00:50,DELAY,DELAY,DELAY,DELAY,,93,00:05,89,00:20,,,DL89 DUE TO VIP MOVE,HAN,BMV,DAD,Domestic,VJ,,
2026-01-30|VJ516/VJ173|A651|DAD-HAN-SGN|19:05,2026-01-30,VJ516/VJ173,A651,A321,DAD-HAN-SGN,19:35,19:05,20:10,20:50,20:22,20:49,20:50,21:15,00:40,00:28,ONTIME,ONTIME,DELAY,DELAY,,,,,,,,,HAN,DAD,SGN,Domestic,VJ,,
2026-01-30|VJ916/VJ907|A575|SIN-HAN-BOM|19:15,2026-01-30,VJ916/VJ907,A575,A321,SIN-HAN-BOM,17:25,19:15,17:25,19:15,17:40,19:14,19:15,19:25,01:50,01:35,ONTIME,ONTIME,ONTIME,ONTIME,,,,,,,,,HAN,SIN,BOM,International,VJ,,
2026-01-30|VJ947/VJ7358|A500|KHH-HAN-HRB|19:25,2026-01-30,VJ947/VJ7358,A500,A321,KHH-HAN-HRB,18:05,19:25,18:05,19:25,17:55,19:13,19:14,19:17,01:20,01:19,EARLY,ONTIME,ONTIME,ONTIME,,,,,,,,,HAN,KHH,HRB,International,VJ,,
2026-01-30|VJ432/VJ569|A645|UIH-HAN-HUI|19:40,2026-01-30,VJ432/VJ569,A645,A320,UIH-HAN-HUI,19:10,19:40,19:10,19:40,19:20,19:44,19:45,20:17,00:30,00:25,DELAY,ONTIME,DELAY,ONTIME,,93,00:05,,,,,,HAN,UIH,HUI,Domestic,VJ,,
2026-01-30|VJ424/VJ155|A523|PXU-HAN-SGN|20:05,2026-01-30,VJ424/VJ155,A523,A321,PXU-HAN-SGN,19:35,20:05,19:35,20:05,20:15,20:44,20:45,21:15,00:30,00:30,DELAY,DELAY,DELAY,DELAY,,93,00:40,,,,,,HAN,PXU,SGN,Domestic,VJ,,
2026-01-30|VJ928/VJ7712|A689|CGK-HAN-PKX|20:05,2026-01-30,VJ928/VJ7712,A689,A320,CGK-HAN-PKX,18:15,20:05,18:15,20:05,18:30,20:04,20:05,20:15,01:50,01:35,ONTIME,ONTIME,ONTIME,ONTIME,,,,,,,,,HAN,CGK,PKX,International,VJ,,
2026-01-30|VJ152/VJ501|A674|SGN-HAN-DAD|20:15,2026-01-30,VJ152/VJ501,A674,A321,SGN-HAN-DAD,19:15,20:15,19:15,20:15,19:25,20:09,20:10,20:52,01:00,00:45,EARLY,ONTIME,DELAY,ONTIME,,,,,,,,,HAN,SGN,DAD,Domestic,VJ,,
2026-01-30|VJ446/VJ7342|A675|PQC-HAN-XIY|20:20,2026-01-30,VJ446/VJ7342,A675,A320,PQC-HAN-XIY,20:30,20:20,18:30,20:20,18:45,20:19,20:20,20:50,01:50,01:35,ONTIME,ONTIME,DELAY,ONTIME,,,,,,,,,HAN,PQC,XIY,International,VJ,,
2026-01-30|VJ949/VJ7238|A658|RMQ-HAN-PVG|21:55,2026-01-30,VJ949/VJ7238,A658,A320,RMQ-HAN-PVG,20:55,21:55,20:30,21:55,20:45,21:54,21:55,21:58,01:25,01:10,ONTIME,ONTIME,ONTIME,ONTIME,,,,,,,,,HAN,RMQ,PVG,International,VJ,,
2026-01-30|VJ1440/VJ123|A699|PQC-HAN-SGN|22:35,2026-01-30,VJ1440/VJ123,A699,A320,PQC-HAN-SGN,22:00,22:35,21:25,22:35,21:35,22:57,22:59,23:00,01:10,01:24,DELAY,DELAY,DELAY,ONTIME,,95,00:25,,,,,WAIT FOR CREW FROM VJ160 OB 2235,HAN,PQC,SGN,Domestic,VJ,,
2026-01-30|VJ931/VJ962|A536|KIX-HAN-ICN|22:50,2026-01-30,VJ931/VJ962,A536,A321,KIX-HAN-ICN,19:15,22:50,19:15,22:50,19:35,22:49,22:50,22:54,03:35,03:15,ONTIME,ONTIME,ONTIME,DELAY,,,,,,,,,HAN,KIX,ICN,International,VJ,,
2026-01-30|VJ518/VJ523|A637|DAD-HAN-DAD|23:10,2026-01-30,VJ518/VJ523,A637,A321,DAD-HAN-DAD,21:20,23:10,00:25,01:00,00:35,00:59,01:00,01:05,00:35,00:25,ONTIME,ONTIME,DELAY,ONTIME,,,,,,,,,HAN,DAD,DAD,Domestic,VJ,,
2026-01-30|VJ180/VJ171|A820|SGN-HAN-SGN|23:25,2026-01-30,VJ180/VJ171,A820,A321,SGN-HAN-SGN,22:25,23:25,22:25,23:25,22:30,23:19,23:20,23:26,01:00,00:50,EARLY,ONTIME,ONTIME,ONTIME,,,,,,,,,HAN,SGN,SGN,Domestic,VJ,,
2026-01-30|VJ150/VJ7526|A657|SGN-HAN-CAN|23:40,2026-01-30,VJ150/VJ7526,A657,A321,SGN-HAN-CAN,22:10,23:40,21:10,23:40,21:45,23:39,23:40,23:44,02:30,01:55,ONTIME,ONTIME,ONTIME,ONTIME,,,,,,,,,HAN,SGN,CAN,International,VJ,,
2026-01-31|VJ932|A545|HAN-NRT|00:55,2026-01-31,VJ932,A545,A321,HAN-NRT,,00:55,,00:55,,00:54,00:55,00:58,,,ONTIME,ONTIME,ONTIME,,,,,,,,,,HAN,,NRT,International,VJ,,
2026-01-31|VJ982|A629|HAN-PUS|01:00,2026-01-31,VJ982,A629,A321,HAN-PUS,,01:00,,01:00,,00:57,00:58,01:03,,,EARLY,ONTIME,ONTIME,,,,,,,,,,HAN,,PUS,International,VJ,,
2026-01-31|VJ920|A674|HAN-NGO|01:35,2026-01-31,VJ920,A674,A321,HAN-NGO,,01:35,,01:35,,01:29,01:30,01:32,,,EARLY,ONTIME,ONTIME,,,,,,,,,,HAN,,NGO,International,VJ,,
2026-01-31|VJ938|A550|HAN-KIX|01:40,2026-01-31,VJ938,A550,A321,HAN-KIX,,01:40,,01:40,,01:38,01:40,01:41,,,ONTIME,ONTIME,ONTIME,,,,,,,,,,HAN,,KIX,International,VJ,,
2026-01-31|VJ7706/VJ7706|A539|CXR-HAN-KHV|01:40,2026-01-31,VJ7706/VJ7706,A539,A321,CXR-HAN-KHV,01:10,01:40,01:10,01:40,01:10,01:44,01:45,01:55,00:30,00:35,DELAY,ONTIME,ONTIME,ONTIME,,93,00:05,,,,,,HAN,CXR,KHV,International,VJ,,
2026-01-31|VJ960|A647|HAN-ICN|01:45,2026-01-31,VJ960,A647,A321,HAN-ICN,,01:45,,01:45,,01:38,01:40,01:43,,,EARLY,ONTIME,ONTIME,,,,,,,,,,HAN,,ICN,International,VJ,,
2026-01-31|VJ178/VJ958|A651|SGN-HAN-FUK|03:05,2026-01-31,VJ178/VJ958,A651,A321,SGN-HAN-FUK,01:10,03:05,01:10,03:05,02:40,03:34,03:35,03:36,01:55,00:55,DELAY,DELAY,DELAY,DELAY,,93,00:15,66,00:15,,,CREW HN OB 0305,HAN,SGN,FUK,International,VJ,,
2026-01-31|VJ179|A639|HAN-SGN|05:00,2026-01-31,VJ179,A639,A321,HAN-SGN,,05:00,,05:00,,04:54,04:55,05:03,,,EARLY,ONTIME,ONTIME,,,,,,,,,,HAN,,SGN,Domestic,VJ,,
2026-01-31|VJ7343/VJ185|A675|XIY-HAN-SGN|05:10,2026-01-31,VJ7343/VJ185,A675,A320,XIY-HAN-SGN,03:10,05:10,03:10,05:10,03:35,05:29,05:30,05:35,02:00,01:55,DELAY,DELAY,DELAY,DELAY,,61,00:20,,,,,CHANGE FLIGHT PLAN,HAN,XIY,SGN,Domestic,VJ,,
2026-01-31|VJ461|A676|HAN-VCA|05:30,2026-01-31,VJ461,A676,A320,HAN-VCA,,05:30,,05:30,,05:24,05:25,05:39,,,EARLY,ONTIME,ONTIME,,,,,,,,,,HAN,,VCA,Domestic,VJ,,
2026-01-31|VJ443|A684|HAN-PQC|06:00,2026-01-31,VJ443,A684,A321,HAN-PQC,,06:00,,06:00,,05:54,05:55,06:05,,,EARLY,ONTIME,ONTIME,,,,,,,,,,HAN,,PQC,Domestic,VJ,,
2026-01-31|VJ7527/VJ503|A657|CAN-HAN-DAD|06:00,2026-01-31,VJ7527/VJ503,A657,A321,CAN-HAN-DAD,04:35,06:00,04:35,06:00,04:15,05:54,05:55,06:04,01:25,01:40,EARLY,ONTIME,ONTIME,ONTIME,,,,,,,,,HAN,CAN,DAD,Domestic,VJ,,
2026-01-31|VJ7713/VJ491|A689|PKX-HAN-BMV|06:00,2026-01-31,VJ7713/VJ491,A689,A320,PKX-HAN-BMV,04:10,06:00,04:10,06:00,04:40,05:54,05:55,06:12,01:50,01:15,EARLY,ONTIME,ONTIME,DELAY,,,,,,,,,HAN,PKX,BMV,Domestic,VJ,,
2026-01-31|VJ952|A656|HAN-HIJ|06:05,2026-01-31,VJ952,A656,A320,HAN-HIJ,,06:05,,06:05,,05:53,05:55,06:04,,,EARLY,ONTIME,ONTIME,,,,,,,,,,HAN,,HIJ,International,VJ,,
2026-01-31|VJ181|A641|HAN-SGN|06:40,2026-01-31,VJ181,A641,A321,HAN-SGN,,06:40,,06:40,,06:34,06:35,06:45,,,EARLY,ONTIME,ONTIME,,,,,,,,,,HAN,,SGN,Domestic,VJ,,
2026-01-31|VJ105|652G|HAN-VCS|06:45,2026-01-31,VJ105,652G,C909,HAN-VCS,,06:45,,06:45,,06:39,06:40,06:50,,,EARLY,ONTIME,ONTIME,,,,,,,,,,HAN,,VCS,Domestic,VJ,,
2026-01-31|VJ905|A640|HAN-KUL|07:10,2026-01-31,VJ905,A640,A321,HAN-KUL,,07:10,,07:10,,07:04,07:05,07:09,,,EARLY,ONTIME,ONTIME,,,,,,,,,,HAN,,KUL,International,VJ,,
2026-01-31|VJ36/VJ431|A666|TSN-HAN-UIH|07:10,2026-01-31,VJ36/VJ431,A666,A320,TSN-HAN-UIH,03:05,07:10,03:05,07:10,03:40,07:04,07:05,07:13,04:05,03:25,EARLY,ONTIME,ONTIME,DELAY,,,,,,,,,HAN,TSN,UIH,Domestic,VJ,,
2026-01-31|VJ1926/VJ956|A663|AMD-HAN-PUS|07:30,2026-01-31,VJ1926/VJ956,A663,A320,AMD-HAN-PUS,06:20,07:30,06:20,07:30,05:10,07:24,07:25,07:35,01:10,02:15,EARLY,ONTIME,ONTIME,ONTIME,,,,,,,,,HAN,AMD,PUS,International,VJ,,
2026-01-31|VJ771|A634|HAN-CXR|07:35,2026-01-31,VJ771,A634,A321,HAN-CXR,,07:35,,07:35,,07:29,07:30,07:40,,,EARLY,ONTIME,ONTIME,,,,,,,,,,HAN,,CXR,Domestic,VJ,,
2026-01-31|VJ7359/VJ940|A500|HRB-HAN-TPE|07:35,2026-01-31,VJ7359/VJ940,A500,A321,HRB-HAN-TPE,06:15,07:35,06:15,07:35,06:45,07:29,07:30,07:40,01:20,00:45,EARLY,ONTIME,ONTIME,DELAY,,,,,,,,,HAN,HRB,TPE,International,VJ,,
2026-01-31|VJ107|656E|HAN-VCS|08:15,2026-01-31,VJ107,656E,C909,HAN-VCS,,08:15,,08:15,,08:04,08:06,08:16,,,EARLY,ONTIME,ONTIME,,,,,,,,,,HAN,,VCS,Domestic,VJ,,
2026-01-31|VJ934|A646|HAN-NRT|08:20,2026-01-31,VJ934,A646,A321,HAN-NRT,,08:20,,08:20,,08:24,08:25,08:30,,,DELAY,ONTIME,ONTIME,,,99,00:05,,,,,LATE ACCEPT 6PAX+6BAGS,HAN,,NRT,International,VJ,,
2026-01-31|VJ910/VJ930|A575|BOM-HAN-KIX|08:20,2026-01-31,VJ910/VJ930,A575,A321,BOM-HAN-KIX,06:40,08:20,06:40,08:20,06:20,08:18,08:20,08:22,01:40,02:00,ONTIME,ONTIME,ONTIME,ONTIME,,,,,,,,,HAN,BOM,KIX,International,VJ,,
2026-01-31|VJ124/VJ125|A820|SGN-HAN-SGN|08:40,2026-01-31,VJ124/VJ125,A820,A321,SGN-HAN-SGN,07:50,08:40,07:50,08:40,07:55,08:39,08:40,08:48,00:50,00:45,ONTIME,ONTIME,ONTIME,ONTIME,,,,,,,,,HAN,SGN,SGN,Domestic,VJ,,
2026-01-31|VJ122/VJ121|A636|SGN-HAN-SGN|08:40,2026-01-31,VJ122/VJ121,A636,A321,SGN-HAN-SGN,07:30,08:40,07:30,08:40,07:25,08:33,08:34,08:39,01:10,01:09,EARLY,ONTIME,ONTIME,ONTIME,,,,,,,,,HAN,SGN,SGN,Domestic,VJ,,
2026-01-31|VJ7239/VJ929|A658|PVG-HAN-CGK|08:40,2026-01-31,VJ7239/VJ929,A658,A320,PVG-HAN-CGK,05:10,08:40,05:10,08:40,06:15,08:39,08:40,08:43,03:30,02:25,ONTIME,ONTIME,ONTIME,DELAY,,,,,,,,,HAN,PVG,CGK,International,VJ,,
2026-01-31|VJ126/VJ127|A642|SGN-HAN-SGN|09:20,2026-01-31,VJ126/VJ127,A642,A321,SGN-HAN-SGN,08:50,09:20,08:50,09:20,08:50,09:19,09:20,09:30,00:30,00:30,ONTIME,ONTIME,ONTIME,ONTIME,,,,,,,,,HAN,SGN,SGN,Domestic,VJ,,
2026-01-31|VJ915|A645|HAN-SIN|09:35,2026-01-31,VJ915,A645,A321,HAN-SIN,,09:35,,09:35,,09:32,09:34,09:35,,,EARLY,ONTIME,ONTIME,,,,,,,,,,HAN,,SIN,International,VJ,,
2026-01-31|VJ148/VJ149|-NVG|SGN-HAN-SGN|10:05,2026-01-31,VJ148/VJ149,-NVG,A320,SGN-HAN-SGN,09:30,10:05,09:30,10:05,10:20,10:44,10:45,11:00,00:35,00:25,DELAY,DELAY,DELAY,DELAY,,93,00:40,,,,,,HAN,SGN,SGN,Domestic,VJ,,
2026-01-31|VJ504/VJ567|A657|DAD-HAN-HUI|10:10,2026-01-31,VJ504/VJ567,A657,A321,DAD-HAN-HUI,09:00,10:10,09:00,10:10,09:45,10:09,10:10,10:19,01:10,00:25,ONTIME,ONTIME,ONTIME,DELAY,,,,,,,,,HAN,DAD,HUI,Domestic,VJ,,
2026-01-31|VJ963/VJ997|A536|ICN-HAN-DPS|10:30,2026-01-31,VJ963/VJ997,A536,A321,ICN-HAN-DPS,09:30,10:30,09:30,10:30,09:33,10:29,10:30,10:40,01:00,00:57,ONTIME,ONTIME,ONTIME,ONTIME,,,,,,,,,HAN,ICN,DPS,International,VJ,,
2026-01-31|VJ507|A649|HAN-DAD|10:30,2026-01-31,VJ507,A649,A321,HAN-DAD,,10:30,,10:30,,10:29,10:30,10:40,,,ONTIME,ONTIME,ONTIME,,,,,,,,,,HAN,,DAD,Domestic,VJ,,
2026-01-31|VJ120/VJ463|A699|SGN-HAN-VCA|10:30,2026-01-31,VJ120/VJ463,A699,A320,SGN-HAN-VCA,07:40,10:30,07:40,10:30,07:50,10:27,10:28,10:31,02:50,02:38,EARLY,ONTIME,ONTIME,ONTIME,,,,,,,,,HAN,SGN,VCA,Domestic,VJ,,
2026-01-31|VJ524/VJ403|A632|DAD-HAN-DLI|10:45,2026-01-31,VJ524/VJ403,A632,A321,DAD-HAN-DLI,07:40,10:45,07:40,10:45,07:30,10:44,10:45,10:50,03:05,03:15,ONTIME,ONTIME,ONTIME,ONTIME,,,,,,,,,HAN,DAD,DLI,Domestic,VJ,,
2026-01-31|VJ136/VJ135|A668|SGN-HAN-SGN|11:10,2026-01-31,VJ136/VJ135,A668,A320,SGN-HAN-SGN,10:40,11:10,10:40,11:10,10:50,11:14,11:15,11:23,00:30,00:25,DELAY,ONTIME,ONTIME,ONTIME,,93,00:05,,,,,,HAN,SGN,SGN,Domestic,VJ,,
2026-01-31|VJ430/VJ407|A666|UIH-HAN-DLI|11:25,2026-01-31,VJ430/VJ407,A666,A320,UIH-HAN-DLI,10:55,11:25,10:55,11:25,11:00,11:24,11:25,11:33,00:30,00:25,ONTIME,ONTIME,ONTIME,ONTIME,,,,,,,,,HAN,UIH,DLI,Domestic,VJ,,
2026-01-31|VJ132/VJ137|A639|SGN-HAN-SGN|11:40,2026-01-31,VJ132/VJ137,A639,A321,SGN-HAN-SGN,11:10,11:40,11:10,11:40,11:35,12:04,12:05,12:10,00:30,00:30,DELAY,DELAY,DELAY,DELAY,,93,00:25,,,,,,HAN,SGN,SGN,Domestic,VJ,,
2026-01-31|VJ442/VJ946|A684|PQC-HAN-KHH|11:45,2026-01-31,VJ442/VJ946,A684,A321,PQC-HAN-KHH,10:45,11:45,10:45,12:00,11:15,11:54,11:55,11:56,01:15,00:40,EARLY,ONTIME,ONTIME,DELAY,,,,,,,,,HAN,PQC,KHH,International,VJ,,
2026-01-31|VJ981/VJ901|A629|PUS-HAN-BKK|12:15,2026-01-31,VJ981/VJ901,A629,A321,PUS-HAN-BKK,11:00,12:15,11:00,12:15,11:12,12:06,12:08,12:11,01:15,00:56,EARLY,ONTIME,ONTIME,ONTIME,,,,,,,,,HAN,PUS,BKK,International,VJ,,
2026-01-31|VJ440/VJ441|A662|PQC-HAN-PQC|12:55,2026-01-31,VJ440/VJ441,A662,A320,PQC-HAN-PQC,11:55,12:55,11:55,12:55,12:25,12:51,12:52,12:55,01:00,00:27,EARLY,ONTIME,ONTIME,DELAY,,,,,,,,,HAN,PQC,PQC,Domestic,VJ,,
2026-01-31|VJ770/VJ513|A634|CXR-HAN-DAD|13:35,2026-01-31,VJ770/VJ513,A634,A321,CXR-HAN-DAD,11:45,13:35,11:45,13:35,12:10,13:30,13:31,13:34,01:50,01:21,EARLY,ONTIME,ONTIME,DELAY,,,,,,,,,HAN,CXR,DAD,Domestic,VJ,,
2026-01-31|VJ492/VJ143|A689|BMV-HAN-SGN|13:40,2026-01-31,VJ492/VJ143,A689,A320,BMV-HAN-SGN,10:00,13:40,10:00,13:40,10:25,13:39,13:40,13:46,03:40,03:15,ONTIME,ONTIME,ONTIME,DELAY,,,,,,,,,HAN,BMV,SGN,Domestic,VJ,,
2026-01-31|VJ959/VJ948|A651|FUK-HAN-RMQ|14:10,2026-01-31,VJ959/VJ948,A651,A321,FUK-HAN-RMQ,12:25,14:10,13:10,14:40,13:45,14:39,14:40,14:41,01:30,00:55,ONTIME,ONTIME,DELAY,DELAY,,,,,,,,,HAN,FUK,RMQ,International,VJ,,
2026-01-31|VJ508/VJ511|A649|DAD-HAN-DAD|14:20,2026-01-31,VJ508/VJ511,A649,A321,DAD-HAN-DAD,13:40,14:20,13:40,14:20,14:10,14:44,14:45,14:50,00:40,00:35,DELAY,DELAY,DELAY,DELAY,,93,00:20,41,00:05,,,TECHNICAL CHECK,HAN,DAD,DAD,Domestic,VJ,,
2026-01-31|VJ939/VJ942|A550|KIX-HAN-TPE|14:25,2026-01-31,VJ939/VJ942,A550,A321,KIX-HAN-TPE,13:05,14:25,13:05,14:25,13:35,14:24,14:25,14:28,01:20,00:50,ONTIME,ONTIME,ONTIME,DELAY,,,,,,,,,HAN,KIX,TPE,International,VJ,,
2026-01-31|VJ566/VJ1491|A657|HUI-HAN-BMV|14:35,2026-01-31,VJ566/VJ1491,A657,A321,HUI-HAN-BMV,13:05,14:35,13:05,14:35,13:33,14:32,14:33,14:38,01:30,01:00,EARLY,ONTIME,ONTIME,DELAY,,,,,,,,,HAN,HUI,BMV,Domestic,VJ,,
2026-01-31|VJ7707/VJ7707|A539|KHV-HAN-CXR|15:15,2026-01-31,VJ7707/VJ7707,A539,A321,KHV-HAN-CXR,14:45,15:15,14:45,15:15,15:07,15:24,15:25,15:32,00:30,00:18,DELAY,ONTIME,DELAY,DELAY,,93,00:10,,,,,,HAN,KHV,CXR,Domestic,VJ,,
2026-01-31|VJ933/VJ1441|A545|NRT-HAN-PQC|15:30,2026-01-31,VJ933/VJ1441,A545,A321,NRT-HAN-PQC,14:00,15:30,14:00,15:30,14:40,15:24,15:25,15:35,01:30,00:45,EARLY,ONTIME,ONTIME,DELAY,,,,,,,,,HAN,NRT,PQC,Domestic,VJ,,
2026-01-31|VJ144/VJ145|A820|SGN-HAN-SGN|15:35,2026-01-31,VJ144/VJ145,A820,A321,SGN-HAN-SGN,14:10,15:35,14:10,15:35,15:05,15:49,15:50,15:55,01:25,00:45,DELAY,ONTIME,DELAY,DELAY,,93,00:15,,,,,,HAN,SGN,SGN,Domestic,VJ,,
2026-01-31|VJ404/VJ199|A632|DLI-HAN-SGN|15:40,2026-01-31,VJ404/VJ199,A632,A321,DLI-HAN-SGN,14:55,15:40,14:55,15:40,15:18,15:54,15:55,16:10,00:45,00:37,DELAY,ONTIME,DELAY,DELAY,,93,00:15,,,,,,HAN,DLI,SGN,Domestic,VJ,,
2026-01-31|VJ941/VJ903|A500|TPE-HAN-BKK|15:50,2026-01-31,VJ941/VJ903,A500,A321,TPE-HAN-BKK,14:10,15:50,14:10,15:50,14:45,15:44,15:45,15:48,01:40,01:00,EARLY,ONTIME,ONTIME,DELAY,,,,,,,,,HAN,TPE,BKK,International,VJ,,
2026-01-31|VJ921/VJ191|A674|NGO-HAN-SGN|15:55,2026-01-31,VJ921/VJ191,A674,A321,NGO-HAN-SGN,13:40,15:55,13:40,15:55,14:05,15:54,15:55,16:01,02:15,01:50,ONTIME,ONTIME,ONTIME,DELAY,,,,,,,,,HAN,NGO,SGN,Domestic,VJ,,
2026-01-31|VJ198/VJ423|A642|SGN-HAN-PXU|15:55,2026-01-31,VJ198/VJ423,A642,A321,SGN-HAN-PXU,15:10,15:55,15:10,15:55,15:35,16:02,16:05,16:10,00:45,00:30,DELAY,ONTIME,ONTIME,DELAY,,93,00:10,,,,,,HAN,SGN,PXU,Domestic,VJ,,
2026-01-31|VJ408/VJ409|A666|DLI-HAN-DLI|16:15,2026-01-31,VJ408/VJ409,A666,A320,DLI-HAN-DLI,15:35,16:15,15:35,16:15,15:50,16:19,16:20,16:35,00:40,00:30,DELAY,ONTIME,DELAY,ONTIME,,66,00:05,,,,,CHANGE CREW OB 1559,HAN,DLI,DLI,Domestic,VJ,,
2026-01-31|VJ906/VJ913|A640|KUL-HAN-SAI|16:20,2026-01-31,VJ906/VJ913,A640,A321,KUL-HAN-SAI,14:55,16:20,14:55,16:20,14:30,16:18,16:20,16:40,01:25,01:50,ONTIME,ONTIME,DELAY,ONTIME,,,,,,,,,HAN,KUL,SAI,International,VJ,,
2026-01-31|VJ460/VJ515|A699|VCA-HAN-DAD|16:25,2026-01-31,VJ460/VJ515,A699,A320,VCA-HAN-DAD,15:25,16:25,15:25,16:25,15:35,16:19,16:20,16:25,01:00,00:45,EARLY,ONTIME,ONTIME,ONTIME,,,,,,,,,HAN,VCA,DAD,Domestic,VJ,,
2026-01-31|VJ462/VJ147|A676|VCA-HAN-SGN|17:10,2026-01-31,VJ462/VJ147,A676,A320,VCA-HAN-SGN,15:40,17:10,15:40,17:10,15:55,17:07,17:08,17:20,01:30,01:13,EARLY,ONTIME,ONTIME,ONTIME,,,,,,,,,HAN,VCA,SGN,Domestic,VJ,,
2026-01-31|VJ134/VJ163|-MLI|SGN-HAN-SGN|17:25,2026-01-31,VJ134/VJ163,-MLI,A320,SGN-HAN-SGN,16:55,17:25,17:55,18:25,18:50,19:13,19:15,19:20,00:30,00:25,DELAY,DELAY,DELAY,DELAY,,93,00:50,,,,,,HAN,SGN,SGN,Domestic,VJ,,
2026-01-31|VJ902/VJ783|A629|BKK-HAN-CXR|17:40,2026-01-31,VJ902/VJ783,A629,A321,BKK-HAN-CXR,16:55,17:40,16:55,17:40,17:30,17:59,18:00,18:10,00:45,00:30,DELAY,DELAY,DELAY,DELAY,,93,00:20,,,,,,HAN,BKK,CXR,Domestic,VJ,,
2026-01-31|VJ953/VJ445|A656|HIJ-HAN-PQC|17:40,2026-01-31,VJ953/VJ445,A656,A320,HIJ-HAN-PQC,15:50,17:40,15:50,17:40,16:10,17:34,17:35,17:43,01:50,01:25,EARLY,ONTIME,ONTIME,DELAY,,,,,,,,,HAN,HIJ,PQC,Domestic,VJ,,
2026-01-31|VJ784/VJ779|A525|CXR-HAN-CXR|18:00,2026-01-31,VJ784/VJ779,A525,A321,CXR-HAN-CXR,17:10,18:00,17:10,18:00,17:20,17:53,17:54,18:28,00:50,00:34,EARLY,ONTIME,DELAY,ONTIME,,,,,,,,LATE PUSHBACK DUE TO VIP FLIGHT,HAN,CXR,CXR,Domestic,VJ,,
2026-01-31|VJ193|A542|HAN-SGN|18:10,2026-01-31,VJ193,A542,A321,HAN-SGN,,18:10,,18:10,,18:04,18:05,18:25,,,EARLY,ONTIME,ONTIME,,,,,,,,,,HAN,,SGN,Domestic,VJ,,
2026-01-31|VJ514/VJ165|A634|DAD-HAN-SGN|18:30,2026-01-31,VJ514/VJ165,A634,A321,DAD-HAN-SGN,16:45,18:30,16:45,19:00,16:55,19:19,19:20,19:22,02:15,02:25,DELAY,DELAY,DELAY,ONTIME,,95,00:20,,,,,CHANGE CREW 194 OB 1905,HAN,DAD,SGN,Domestic,VJ,,
2026-01-31|VJ928/VJ1925|A658|CGK-HAN-AMD|19:00,2026-01-31,VJ928/VJ1925,A658,A320,CGK-HAN-AMD,18:15,19:00,18:15,19:00,18:25,18:59,19:00,19:11,00:45,00:35,ONTIME,ONTIME,ONTIME,ONTIME,,,,,,,,,HAN,CGK,AMD,International,VJ,,
2026-01-31|VJ1492/VJ517|A657|BMV-HAN-DAD|19:05,2026-01-31,VJ1492/VJ517,A657,A321,BMV-HAN-DAD,18:35,19:05,18:35,19:25,19:05,19:34,19:35,19:41,00:50,00:30,DELAY,ONTIME,DELAY,DELAY,,93,00:10,,,,,,HAN,BMV,DAD,Domestic,VJ,,
2026-01-31|VJ971|A812|HAN-DEL|19:10,2026-01-31,VJ971,A812,A330,HAN-DEL,,19:10,,19:10,,19:09,19:10,19:15,,,ONTIME,ONTIME,ONTIME,,,,,,,,,,HAN,,DEL,International,VJ,,
2026-01-31|VJ194/VJ569|A636|SGN-HAN-HUI|19:15,2026-01-31,VJ194/VJ569,A636,A321,SGN-HAN-HUI,17:30,19:15,18:25,19:15,18:50,19:19,19:20,19:25,00:50,00:30,DELAY,ONTIME,ONTIME,DELAY,,93,00:05,,,,,,HAN,SGN,HUI,Domestic,VJ,,
2026-01-31|VJ961/VJ519|A647|ICN-HAN-DAD|19:45,2026-01-31,VJ961/VJ519,A647,A321,ICN-HAN-DAD,14:10,19:45,14:10,19:45,14:35,19:44,19:45,19:53,05:35,05:10,ONTIME,ONTIME,ONTIME,DELAY,,,,,,,,,HAN,ICN,DAD,Domestic,VJ,,
2026-01-31|VJ928/VJ7712|A658|CGK-HAN-PKX|20:05,2026-01-31,VJ928/VJ7712,A658,A320,CGK-HAN-PKX,18:15,20:05,18:15,20:05,18:56,19:54,19:55,20:00,01:50,00:59,EARLY,ONTIME,ONTIME,DELAY,,,,,,,,,HAN,CGK,PKX,International,VJ,,
2026-01-31|VJ172/VJ177|A685|SGN-HAN-SGN|20:05,2026-01-31,VJ172/VJ177,A685,A321,SGN-HAN-SGN,18:55,20:05,18:55,20:05,19:55,20:20,20:21,20:30,01:10,00:26,DELAY,DELAY,DELAY,DELAY,,93,00:16,,,,,,HAN,SGN,SGN,Domestic,VJ,,
2026-01-31|VJ424/VJ155|A642|PXU-HAN-SGN|20:05,2026-01-31,VJ424/VJ155,A642,A321,PXU-HAN-SGN,19:35,20:05,19:35,20:05,20:15,20:39,20:40,20:43,00:30,00:25,DELAY,DELAY,DELAY,DELAY,,93,00:35,,,,,,HAN,PXU,SGN,Domestic,VJ,,
2026-01-31|VJ916/VJ501|A645|SIN-HAN-DAD|20:15,2026-01-31,VJ916/VJ501,A645,A321,SIN-HAN-DAD,17:25,20:15,17:25,20:15,17:10,20:14,20:15,20:20,02:50,03:05,ONTIME,ONTIME,ONTIME,ONTIME,,,,,,,,,HAN,SIN,DAD,Domestic,VJ,,
2026-01-31|VJ1440/VJ7306|A545|PQC-HAN-TFU|21:10,2026-01-31,VJ1440/VJ7306,A545,A321,PQC-HAN-TFU,20:10,21:10,20:10,21:10,20:40,21:24,21:25,21:25,01:00,00:45,DELAY,ONTIME,ONTIME,DELAY,,66,00:15,,,,,CHANGE CREW OB 2105,HAN,PQC,TFU,International,VJ,,
2026-01-31|VJ410/VJ7238|A666|DLI-HAN-PVG|21:30,2026-01-31,VJ410/VJ7238,A666,A320,DLI-HAN-PVG,20:55,21:30,20:55,21:45,20:58,21:39,21:40,21:51,00:50,00:42,EARLY,ONTIME,DELAY,ONTIME,,,,,,,,,HAN,DLI,PVG,International,VJ,,
2026-01-31|VJ166/VJ123|A643|SGN-HAN-SGN|22:10,2026-01-31,VJ166/VJ123,A643,A321,SGN-HAN-SGN,21:20,22:10,21:20,22:10,21:45,22:14,22:15,22:19,00:50,00:30,DELAY,ONTIME,ONTIME,DELAY,,93,00:05,,,,,,HAN,SGN,SGN,Domestic,VJ,,
2026-01-31|VJ568/VJ523|A649|HUI-HAN-DAD|22:45,2026-01-31,VJ568/VJ523,A649,A321,HUI-HAN-DAD,22:15,22:45,22:15,22:45,22:40,22:59,23:00,23:00,00:30,00:20,DELAY,ONTIME,ONTIME,DELAY,,93,00:15,,,,,,HAN,HUI,DAD,Domestic,VJ,,
2026-01-31|VJ904/VJ962|A500|BKK-HAN-ICN|22:50,2026-01-31,VJ904/VJ962,A500,A321,BKK-HAN-ICN,20:25,22:50,20:25,22:50,20:40,22:47,22:48,22:50,02:25,02:08,EARLY,ONTIME,ONTIME,ONTIME,,,,,,,,,HAN,BKK,ICN,International,VJ,,
2026-01-31|VJ190/VJ171|A676|SGN-HAN-SGN|23:25,2026-01-31,VJ190/VJ171,A676,A320,SGN-HAN-SGN,22:00,23:25,22:00,23:25,22:35,23:20,23:21,23:24,01:25,00:46,EARLY,ONTIME,ONTIME,DELAY,,,,,,,,,HAN,SGN,SGN,Domestic,VJ,,
2026-01-31|VJ152/VJ7526|A641|SGN-HAN-CAN|23:40,2026-01-31,VJ152/VJ7526,A641,A321,SGN-HAN-CAN,19:25,23:40,21:45,23:40,22:40,23:39,23:40,23:44,01:55,01:00,ONTIME,ONTIME,ONTIME,DELAY,,,,,,,,,HAN,SGN,CAN,International,VJ,,
2026-01-31|VJ156/VJ159|A689|SGN-HAN-SGN|23:40,2026-01-31,VJ156/VJ159,A689,A320,SGN-HAN-SGN,23:10,23:40,23:10,23:40,23:45,00:14,00:15,00:25,00:30,00:30,DELAY,DELAY,DELAY,DELAY,,93,00:35,,,,,,HAN,SGN,SGN,Domestic,VJ,,
