id,date,flight,reg,type,route,sta,std,eta,etd,onC,dc,offC,aobt,groundTime,tat,otpETD1,otpETD15,otpSTD,otaSTA,doorEarly5,code1,min1,code2,min2,code3,min3,delayReason,originReport,originOTA,destination,market,airline,updatedAt,updatedBy
2026-08-01|VJ932|A203|HAN-NRT|00:30,2026-08-01,VJ932,A203,A321,HAN-NRT,20:55,00:30,20:55,00:30,,00:29,00:30,00:38,03:35,,ONTIME,ONTIME,ONTIME,ONTIME,,,,,,,,,HAN,,NRT,International,VJ,,
2026-08-01|VJ982|A698|HAN-PUS|01:05,2026-08-01,VJ982,A698,A321,HAN-PUS,21:50,01:05,21:50,01:05,,01:02,01:03,01:04,03:15,,EARLY,ONTIME,ONTIME,ONTIME,,,,,,,,,HAN,,PUS,International,VJ,,
2026-08-01|VJ7706/VJ7706|A516|HAN-KHV|01:05,2026-08-01,VJ7706/VJ7706,A516,A321,HAN-KHV,00:30,01:05,00:30,01:05,00:55,01:24,01:25,01:35,00:35,00:30,DELAY,DELAY,DELAY,DELAY,,93,00:20,,,,,,HAN,,KHV,International,VJ,,
2026-08-01|VJ938|A553|HAN-KIX|01:20,2026-08-01,VJ938,A553,A321,HAN-KIX,,01:20,,01:20,,01:19,01:20,01:24,,,ONTIME,ONTIME,ONTIME,,,,,,,,,,HAN,,KIX,International,VJ,,
2026-08-01|VJ920|A200|HAN-NGO|01:40,2026-08-01,VJ920,A200,A321,HAN-NGO,,01:40,,01:40,,01:36,01:37,01:41,,,EARLY,ONTIME,ONTIME,,,,,,,,,,HAN,,NGO,International,VJ,,
2026-08-01|VJ960|A529|HAN-ICN|02:20,2026-08-01,VJ960,A529,A321,HAN-ICN,,02:20,,02:50,,02:44,02:45,02:50,,,EARLY,ONTIME,DELAY,,,,,,,,,,HAN,,ICN,International,VJ,,
2026-08-01|VJ958|A630|HAN-FUK|02:40,2026-08-01,VJ958,A630,A321,HAN-FUK,,02:40,,03:30,,03:14,03:15,03:18,,,EARLY,ONTIME,DELAY,,,,,,,,,,HAN,,FUK,International,VJ,,
2026-08-01|VJ123|A639|HAN-SGN|05:30,2026-08-01,VJ123,A639,A321,HAN-SGN,,05:30,,05:30,,05:24,05:25,05:35,,,EARLY,ONTIME,ONTIME,,,,,,,,,,HAN,,SGN,Domestic,VJ,,
2026-08-01|VJ445|A635|HAN-PQC|05:30,2026-08-01,VJ445,A635,A321,HAN-PQC,,05:30,,05:30,,05:23,05:25,05:26,,,EARLY,ONTIME,ONTIME,,,,,,,,,,HAN,,PQC,Domestic,VJ,,
2026-08-01|VJ501|A637|HAN-DAD|05:40,2026-08-01,VJ501,A637,A321,HAN-DAD,,05:40,,05:40,,05:34,05:35,05:41,,,EARLY,ONTIME,ONTIME,,,,,,,,,,HAN,,DAD,Domestic,VJ,,
2026-08-01|VJ771|A666|HAN-CXR|05:45,2026-08-01,VJ771,A666,A320,HAN-CXR,,05:45,,05:45,,05:39,05:40,05:48,,,EARLY,ONTIME,ONTIME,,,,,,,,,,HAN,,CXR,Domestic,VJ,,
2026-08-01|VJ121|A658|HAN-SGN|06:00,2026-08-01,VJ121,A658,A320,HAN-SGN,,06:00,,06:00,,05:54,05:55,06:05,,,EARLY,ONTIME,ONTIME,,,,,,,,,,HAN,,SGN,Domestic,VJ,,
2026-08-01|VJ491|A643|HAN-BMV|06:00,2026-08-01,VJ491,A643,A321,HAN-BMV,,06:00,,06:00,,05:54,05:55,06:05,,,EARLY,ONTIME,ONTIME,,,,,,,,,,HAN,,BMV,Domestic,VJ,,
2026-08-01|VJ431|A689|HAN-UIH|06:05,2026-08-01,VJ431,A689,A320,HAN-UIH,,06:05,,06:05,,05:58,05:59,06:02,,,EARLY,ONTIME,ONTIME,,,,,,,,,,HAN,,UIH,Domestic,VJ,,
2026-08-01|VJ531|A539|HAN-DAD|06:30,2026-08-01,VJ531,A539,A321,HAN-DAD,,06:30,,06:30,,06:24,06:25,06:36,,,EARLY,ONTIME,ONTIME,,,,,,,,,,HAN,,DAD,Domestic,VJ,,
2026-08-01|VJ449|A663|HAN-PQC|06:30,2026-08-01,VJ449,A663,A320,HAN-PQC,,06:30,,06:30,,06:24,06:25,06:27,,,EARLY,ONTIME,ONTIME,,,,,,,,,,HAN,,PQC,Domestic,VJ,,
2026-08-01|VJ461|A534|HAN-VCA|06:45,2026-08-01,VJ461,A534,A321,HAN-VCA,,06:45,,06:45,,06:44,06:45,06:52,,,ONTIME,ONTIME,ONTIME,,,,,,,,,LATE TAKEOFF DUE TO ATC,HAN,,VCA,Domestic,VJ,,
2026-08-01|VJ5069/VJ5069|A580|HAN-CXR|06:45,2026-08-01,VJ5069/VJ5069,A580,A321,HAN-CXR,06:15,06:45,06:15,06:45,06:15,06:35,06:36,06:44,00:30,00:21,EARLY,ONTIME,ONTIME,ONTIME,,,,,,,,,HAN,,CXR,Domestic,VJ,,
2026-08-01|VJ125|A650|HAN-SGN|07:00,2026-08-01,VJ125,A650,A320,HAN-SGN,,07:00,,07:00,,06:51,06:52,06:57,,,EARLY,ONTIME,ONTIME,,,,,,,,,,HAN,,SGN,Domestic,VJ,,
2026-08-01|VJ1771|A668|HAN-CXR|07:00,2026-08-01,VJ1771,A668,A320,HAN-CXR,,07:00,,07:00,,06:59,07:00,07:15,,,ONTIME,ONTIME,ONTIME,,,,,,,,,,HAN,,CXR,Domestic,VJ,,
2026-08-01|VJ421|A669|HAN-PXU|07:10,2026-08-01,VJ421,A669,A320,HAN-PXU,,07:10,,07:10,,07:04,07:05,07:17,,,EARLY,ONTIME,ONTIME,,,,,,,,,,HAN,,PXU,Domestic,VJ,,
2026-08-01|VJ503|A632|HAN-DAD|07:30,2026-08-01,VJ503,A632,A321,HAN-DAD,,07:30,,07:30,,07:24,07:25,07:45,,,EARLY,ONTIME,ONTIME,,,,,,,,,,HAN,,DAD,Domestic,VJ,,
2026-08-01|VJ934|A521|HAN-NRT|07:55,2026-08-01,VJ934,A521,A321,HAN-NRT,,07:55,,07:55,,07:49,07:50,07:55,,,EARLY,ONTIME,ONTIME,,,,,,,,,,HAN,,NRT,International,VJ,,
2026-08-01|VJ930|A526|HAN-KIX|07:55,2026-08-01,VJ930,A526,A321,HAN-KIX,,07:55,,07:55,,07:54,07:55,08:00,,,ONTIME,ONTIME,ONTIME,,,,,,,,,,HAN,,KIX,International,VJ,,
2026-08-01|VJ120/VJ127|A642|SGN-HAN-SGN|08:10,2026-08-01,VJ120/VJ127,A642,A321,SGN-HAN-SGN,07:10,08:10,07:10,08:10,07:25,07:59,08:00,08:10,01:00,00:35,EARLY,ONTIME,ONTIME,ONTIME,,,,,,,,,HAN,SGN,SGN,Domestic,VJ,,
2026-08-01|VJ929|A532|HAN-CGK|08:40,2026-08-01,VJ929,A532,A321,HAN-CGK,,08:40,,08:40,,08:39,08:40,08:50,,,ONTIME,ONTIME,ONTIME,,,,,,,,,,HAN,,CGK,International,VJ,,
2026-08-01|VJ447|A575|HAN-PQC|08:45,2026-08-01,VJ447,A575,A321,HAN-PQC,,08:45,,08:45,,08:37,08:39,08:42,,,EARLY,ONTIME,ONTIME,,,,,,,,,,HAN,,PQC,Domestic,VJ,,
2026-08-01|VJ435|A672|HAN-UIH|08:50,2026-08-01,VJ435,A672,A320,HAN-UIH,,08:50,,08:50,,08:45,08:46,08:55,,,EARLY,ONTIME,ONTIME,,,,,,,,,,HAN,,UIH,Domestic,VJ,,
2026-08-01|VJ514/VJ563|A637|DAD-HAN-HUI|09:20,2026-08-01,VJ514/VJ563,A637,A321,DAD-HAN-HUI,08:50,09:20,08:50,09:20,09:00,09:26,09:27,09:30,00:30,00:27,DELAY,ONTIME,ONTIME,ONTIME,,93,00:07,,,,,,HAN,DAD,HUI,Domestic,VJ,,
2026-08-01|VJ504/VJ1773|A645|DAD-HAN-CXR|10:00,2026-08-01,VJ504/VJ1773,A645,A321,DAD-HAN-CXR,08:20,10:00,08:20,10:00,08:25,09:54,09:55,10:02,01:40,01:30,EARLY,ONTIME,ONTIME,ONTIME,,,,,,,,,HAN,DAD,CXR,Domestic,VJ,,
2026-08-01|VJ963/VJ915|A673|ICN-HAN-SIN|10:10,2026-08-01,VJ963/VJ915,A673,A321,ICN-HAN-SIN,08:55,10:10,08:55,10:10,08:35,09:57,09:58,10:03,01:15,01:23,EARLY,ONTIME,ONTIME,ONTIME,,,,,,,,,HAN,ICN,SIN,International,VJ,,
2026-08-01|VJ126/VJ131|A633|SGN-HAN-SGN|10:10,2026-08-01,VJ126/VJ131,A633,A321,SGN-HAN-SGN,09:40,10:10,11:00,12:25,11:55,12:24,12:25,12:35,01:25,00:30,ONTIME,ONTIME,DELAY,DELAY,,,,,,,,,HAN,SGN,SGN,Domestic,VJ,,
2026-08-01|VJ122/VJ135|A655|SGN-HAN-SGN|10:10,2026-08-01,VJ122/VJ135,A655,A320,SGN-HAN-SGN,09:05,10:10,09:05,10:10,09:30,10:04,10:05,10:12,01:05,00:35,EARLY,ONTIME,ONTIME,DELAY,,,,,,,,,HAN,SGN,SGN,Domestic,VJ,,
2026-08-01|VJ430/VJ463|A689|UIH-HAN-VCA|10:20,2026-08-01,VJ430/VJ463,A689,A320,UIH-HAN-VCA,09:50,10:20,09:50,10:20,09:50,10:18,10:19,10:22,00:30,00:29,EARLY,ONTIME,ONTIME,ONTIME,,,,,,,,,HAN,UIH,VCA,Domestic,VJ,,
2026-08-01|VJ532/VJ425|A539|DAD-HAN-PXU|10:20,2026-08-01,VJ532/VJ425,A539,A321,DAD-HAN-PXU,09:45,10:20,09:45,10:20,10:05,10:24,10:25,10:30,00:35,00:20,DELAY,ONTIME,ONTIME,DELAY,,93,00:05,,,,,,HAN,DAD,PXU,Domestic,VJ,,
2026-08-01|VJ437|A671|HAN-UIH|10:25,2026-08-01,VJ437,A671,A320,HAN-UIH,,10:25,,10:25,,10:43,10:44,10:50,,,DELAY,DELAY,DELAY,,,61,00:19,,,,,CHANGE FPL,HAN,,UIH,Domestic,VJ,,
2026-08-01|VJ910/VJ997|A554|BOM-HAN-DPS|10:25,2026-08-01,VJ910/VJ997,A554,A321,BOM-HAN-DPS,07:10,10:25,07:10,10:25,06:57,10:22,10:23,10:25,03:15,03:26,EARLY,ONTIME,ONTIME,ONTIME,,,,,,,,,HAN,BOM,DPS,International,VJ,,
2026-08-01|VJ492/VJ493|A643|BMV-HAN-BMV|10:30,2026-08-01,VJ492/VJ493,A643,A321,BMV-HAN-BMV,10:00,10:30,10:00,10:55,10:25,10:52,10:54,10:57,00:55,00:29,EARLY,ONTIME,DELAY,DELAY,,,,,,,,,HAN,BMV,BMV,Domestic,VJ,,
2026-08-01|VJ448/VJ901|A635|PQC-HAN-BKK|11:10,2026-08-01,VJ448/VJ901,A635,A321,PQC-HAN-BKK,10:10,11:10,10:10,11:10,10:15,11:04,11:05,11:15,01:00,00:50,EARLY,ONTIME,ONTIME,ONTIME,,,,,,,,,HAN,PQC,BKK,International,VJ,,
2026-08-01|VJ524/VJ507|A632|DAD-HAN-DAD|11:10,2026-08-01,VJ524/VJ507,A632,A321,DAD-HAN-DAD,10:40,11:10,10:40,11:40,11:10,11:39,11:40,11:50,01:00,00:30,ONTIME,ONTIME,DELAY,DELAY,,,,,,,,,HAN,DAD,DAD,Domestic,VJ,,
2026-08-01|VJ130/VJ133|A651|SGN-HAN-SGN|11:20,2026-08-01,VJ130/VJ133,A651,A321,SGN-HAN-SGN,10:50,11:20,10:50,11:50,11:15,11:46,11:47,12:05,01:00,00:32,EARLY,ONTIME,DELAY,DELAY,,,,,,,,,HAN,SGN,SGN,Domestic,VJ,,
2026-08-01|VJ190/VJ565|A639|SGN-HAN-HUI|11:30,2026-08-01,VJ190/VJ565,A639,A321,SGN-HAN-HUI,10:25,11:30,10:25,11:30,10:40,11:49,11:50,11:58,01:05,01:10,DELAY,DELAY,DELAY,ONTIME,,95,00:20,,,,,CREW FR VJ450 OB 1138,HAN,SGN,HUI,Domestic,VJ,,
2026-08-01|VJ422/VJ451|A669|PXU-HAN-PQC|11:45,2026-08-01,VJ422/VJ451,A669,A320,PXU-HAN-PQC,10:50,11:45,10:50,11:45,10:55,11:43,11:44,11:47,00:55,00:49,EARLY,ONTIME,ONTIME,ONTIME,,,,,,,,,HAN,PXU,PQC,Domestic,VJ,,
2026-08-01|VJ1772/VJ775|A668|CXR-HAN-CXR|11:45,2026-08-01,VJ1772/VJ775,A668,A320,CXR-HAN-CXR,11:15,11:45,11:15,12:30,12:05,12:29,12:30,12:40,01:15,00:25,ONTIME,ONTIME,DELAY,DELAY,,,,,,,,,HAN,CXR,CXR,Domestic,VJ,,
2026-08-01|VJ981/VJ1453|A698|PUS-HAN-PQC|11:50,2026-08-01,VJ981/VJ1453,A698,A321,PUS-HAN-PQC,10:40,11:50,10:40,11:50,10:25,11:44,11:45,11:54,01:10,01:20,EARLY,ONTIME,ONTIME,ONTIME,,,,,,,,,HAN,PUS,PQC,Domestic,VJ,,
2026-08-01|VJ462/VJ515|A534|VCA-HAN-DAD|12:10,2026-08-01,VJ462/VJ515,A534,A321,VCA-HAN-DAD,11:40,12:10,11:40,12:40,12:15,12:39,12:40,12:48,01:00,00:25,ONTIME,ONTIME,DELAY,DELAY,,,,,,,,,HAN,VCA,DAD,Domestic,VJ,,
2026-08-01|VJ128/VJ137|A650|SGN-HAN-SGN|12:20,2026-08-01,VJ128/VJ137,A650,A320,SGN-HAN-SGN,11:50,12:20,11:50,12:20,12:35,12:59,13:00,13:02,00:30,00:25,DELAY,DELAY,DELAY,DELAY,,93,00:40,,,,,,HAN,SGN,SGN,Domestic,VJ,,
2026-08-01|VJ770/VJ453|A666|CXR-HAN-PQC|13:00,2026-08-01,VJ770/VJ453,A666,A320,CXR-HAN-PQC,09:55,13:00,09:55,13:00,10:20,12:59,13:00,13:05,03:05,02:40,ONTIME,ONTIME,ONTIME,DELAY,,,,,,,,,HAN,CXR,PQC,Domestic,VJ,,
2026-08-01|VJ432/VJ509|A672|UIH-HAN-DAD|13:05,2026-08-01,VJ432/VJ509,A672,A320,UIH-HAN-DAD,12:35,13:05,12:35,13:05,12:50,13:14,13:15,13:29,00:30,00:25,DELAY,ONTIME,DELAY,ONTIME,,93,00:10,,,,,,HAN,UIH,DAD,Domestic,VJ,,
2026-08-01|VJ564/VJ787|A637|HUI-HAN-CXR|13:10,2026-08-01,VJ564/VJ787,A637,A321,HUI-HAN-CXR,12:20,13:10,12:20,13:10,12:35,13:06,13:07,13:11,00:50,00:32,EARLY,ONTIME,ONTIME,ONTIME,,,,,,,,,HAN,HUI,CXR,Domestic,VJ,,
2026-08-01|VJ446/VJ433|A543|PQC-HAN-UIH|13:20,2026-08-01,VJ446/VJ433,A543,A321,PQC-HAN-UIH,08:15,13:20,08:15,13:20,09:02,13:19,13:20,13:27,05:05,04:18,ONTIME,ONTIME,ONTIME,DELAY,,,,,,,,,HAN,PQC,UIH,Domestic,VJ,,
2026-08-01|VJ939/VJ948|A553|KIX-HAN-RMQ|13:30,2026-08-01,VJ939/VJ948,A553,A321,KIX-HAN-RMQ,12:20,13:30,12:20,13:30,11:55,13:29,13:30,13:45,01:10,01:35,ONTIME,ONTIME,ONTIME,ONTIME,,,,,,,,,HAN,KIX,RMQ,International,VJ,,
2026-08-01|VJ921/VJ441|A200|NGO-HAN-PQC|14:00,2026-08-01,VJ921/VJ441,A200,A321,NGO-HAN-PQC,12:50,14:00,12:50,14:00,13:00,13:59,14:00,14:05,01:10,01:00,ONTIME,ONTIME,ONTIME,ONTIME,,,,,,,,,HAN,NGO,PQC,Domestic,VJ,,
2026-08-01|VJ450/VJ7316|A663|PQC-HAN-ENH|14:00,2026-08-01,VJ450/VJ7316,A663,A320,PQC-HAN-ENH,11:15,14:00,11:15,14:00,11:18,13:47,13:48,13:51,02:45,02:30,EARLY,ONTIME,ONTIME,ONTIME,,,,,,,,,HAN,PQC,ENH,International,VJ,,
2026-08-01|VJ134/VJ143|A542|SGN-HAN-SGN|14:05,2026-08-01,VJ134/VJ143,A542,A321,SGN-HAN-SGN,13:30,14:05,13:30,14:35,14:10,14:39,14:40,14:55,01:05,00:30,DELAY,ONTIME,DELAY,DELAY,,93,00:05,,,,,,HAN,SGN,SGN,Domestic,VJ,,
2026-08-01|VJ959/VJ942|A630|FUK-HAN-TPE|14:25,2026-08-01,VJ959/VJ942,A630,A321,FUK-HAN-TPE,11:45,14:25,11:45,14:25,13:05,14:29,14:30,14:40,02:40,01:25,DELAY,ONTIME,ONTIME,DELAY,,99,00:05,,,,,LATE ACPT 04PAX 04BAG,HAN,FUK,TPE,International,VJ,,
2026-08-01|VJ961/VJ467|A529|ICN-HAN-VCA|14:30,2026-08-01,VJ961/VJ467,A529,A321,ICN-HAN-VCA,13:35,14:30,13:35,14:30,13:10,14:27,14:28,14:29,00:55,01:18,EARLY,ONTIME,ONTIME,ONTIME,,,,,,,,,HAN,ICN,VCA,Domestic,VJ,,
2026-08-01|VJ933/VJ946|A203|NRT-HAN-KHH|14:35,2026-08-01,VJ933/VJ946,A203,A321,NRT-HAN-KHH,13:05,14:35,13:05,14:35,13:05,14:34,14:35,14:44,01:30,01:30,ONTIME,ONTIME,ONTIME,ONTIME,,,,,,,,,HAN,NRT,KHH,International,VJ,,
2026-08-01|VJ1504/VJ1505|A636|DAD-HAN-DAD|14:35,2026-08-01,VJ1504/VJ1505,A636,A321,DAD-HAN-DAD,14:00,14:35,14:30,15:45,15:35,16:04,16:05,16:20,01:15,00:30,DELAY,DELAY,DELAY,DELAY,,93,00:20,,,,,,HAN,DAD,DAD,Domestic,VJ,,
2026-08-01|VJ136/VJ145|A658|SGN-HAN-SGN|14:40,2026-08-01,VJ136/VJ145,A658,A320,SGN-HAN-SGN,14:10,14:40,14:30,15:10,15:00,15:24,15:25,15:30,00:40,00:25,DELAY,ONTIME,DELAY,DELAY,,93,00:15,,,,,,HAN,SGN,SGN,Domestic,VJ,,
2026-08-01|VJ7707/VJ7707|A516|KHV-HAN-CXR|14:55,2026-08-01,VJ7707/VJ7707,A516,A321,KHV-HAN-CXR,14:25,14:55,14:25,15:20,14:35,14:59,15:00,15:21,00:55,00:25,EARLY,ONTIME,DELAY,ONTIME,,,,,,,,,HAN,KHV,CXR,Domestic,VJ,,
2026-08-01|VJ436/VJ1451|A671|UIH-HAN-PQC|15:05,2026-08-01,VJ436/VJ1451,A671,A320,UIH-HAN-PQC,14:10,15:05,14:10,15:05,14:40,15:04,15:05,15:10,00:55,00:25,ONTIME,ONTIME,ONTIME,DELAY,,,,,,,,,HAN,UIH,PQC,Domestic,VJ,,
2026-08-01|VJ494/VJ511|A643|BMV-HAN-DAD|15:05,2026-08-01,VJ494/VJ511,A643,A321,BMV-HAN-DAD,14:30,15:05,14:30,15:30,15:10,15:39,15:40,15:45,01:00,00:30,DELAY,ONTIME,DELAY,DELAY,,93,00:10,,,,,,HAN,BMV,DAD,Domestic,VJ,,
2026-08-01|VJ1774/VJ423|A578|CXR-HAN-PXU|15:05,2026-08-01,VJ1774/VJ423,A578,A321,CXR-HAN-PXU,14:20,15:05,14:20,15:05,14:25,15:02,15:03,15:15,00:45,00:38,EARLY,ONTIME,ONTIME,ONTIME,,,,,,,,,HAN,CXR,PXU,Domestic,VJ,,
2026-08-01|VJ426/VJ419|A539|PXU-HAN-TBB|15:10,2026-08-01,VJ426/VJ419,A539,A321,PXU-HAN-TBB,14:05,15:10,14:05,15:10,14:10,15:04,15:05,15:10,01:05,00:55,EARLY,ONTIME,ONTIME,ONTIME,,,,,,,,,HAN,PXU,TBB,Domestic,VJ,,
2026-08-01|VJ566/VJ439|A639|HUI-HAN-UIH|15:40,2026-08-01,VJ566/VJ439,A639,A321,HUI-HAN-UIH,14:30,15:40,14:30,15:40,15:15,15:44,15:45,15:55,01:10,00:30,DELAY,ONTIME,ONTIME,DELAY,,93,00:05,,,,,,HAN,HUI,UIH,Domestic,VJ,,
2026-08-01|VJ464/VJ147|A689|VCA-HAN-SGN|15:45,2026-08-01,VJ464/VJ147,A689,A320,VCA-HAN-SGN,15:10,15:45,15:10,15:45,15:15,15:44,15:45,15:53,00:35,00:30,ONTIME,ONTIME,ONTIME,ONTIME,,,,,,,,,HAN,VCA,SGN,Domestic,VJ,,
2026-08-01|VJ440/VJ903|A552|PQC-HAN-BKK|15:45,2026-08-01,VJ440/VJ903,A552,A321,PQC-HAN-BKK,14:25,15:45,14:25,15:45,15:30,15:59,16:00,16:10,01:20,00:30,DELAY,ONTIME,DELAY,DELAY,,93,00:15,,,,,,HAN,PQC,BKK,International,VJ,,
2026-08-01|VJ138/VJ567|A662|SGN-HAN-HUI|15:55,2026-08-01,VJ138/VJ567,A662,A320,SGN-HAN-HUI,15:15,15:55,15:15,15:55,15:45,16:07,16:08,16:10,00:40,00:23,DELAY,ONTIME,ONTIME,DELAY,,93,00:13,,,,,,HAN,SGN,HUI,Domestic,VJ,,
2026-08-01|VJ508/VJ773|A534|DAD-HAN-CXR|16:00,2026-08-01,VJ508/VJ773,A534,A321,DAD-HAN-CXR,15:25,16:00,15:25,16:35,16:05,16:34,16:35,16:45,01:10,00:30,ONTIME,ONTIME,DELAY,DELAY,,,,,,,,,HAN,DAD,CXR,Domestic,VJ,,
2026-08-01|VJ510/VJ913|A632|DAD-HAN-SAI|16:20,2026-08-01,VJ510/VJ913,A632,A320,DAD-HAN-SAI,14:35,16:20,15:20,16:20,15:45,16:19,16:20,16:45,01:00,00:35,ONTIME,ONTIME,DELAY,DELAY,,,,,,,,,HAN,DAD,SAI,International,VJ,,
2026-08-01|VJ142/VJ193|A812|SGN-HAN-SGN|16:30,2026-08-01,VJ142/VJ193,A812,A330,SGN-HAN-SGN,15:30,16:30,15:30,16:30,16:00,16:39,16:40,16:45,01:00,00:40,DELAY,ONTIME,ONTIME,DELAY,,93,00:10,,,,,,HAN,SGN,SGN,Domestic,VJ,,
2026-08-01|VJ902/VJ465|A635|BKK-HAN-VCA|17:00,2026-08-01,VJ902/VJ465,A635,A321,BKK-HAN-VCA,15:50,17:00,15:50,17:00,16:10,16:56,16:57,17:10,01:10,00:47,EARLY,ONTIME,ONTIME,DELAY,,,,,,,,,HAN,BKK,VCA,Domestic,VJ,,
2026-08-01|VJ530/VJ457|A672|DAD-HAN-PQC|17:10,2026-08-01,VJ530/VJ457,A672,A320,DAD-HAN-PQC,16:15,17:10,16:15,17:10,17:00,17:24,17:25,17:37,00:55,00:25,DELAY,ONTIME,DELAY,DELAY,,93,00:15,,,,,,HAN,DAD,PQC,Domestic,VJ,,
2026-08-01|VJ140/VJ151|A820|SGN-HAN-SGN|17:20,2026-08-01,VJ140/VJ151,A820,A321,SGN-HAN-SGN,16:20,17:20,16:20,17:20,16:40,17:24,17:25,17:35,01:00,00:45,DELAY,ONTIME,ONTIME,DELAY,,93,00:05,,,,,,HAN,SGN,SGN,Domestic,VJ,,
2026-08-01|VJ454/VJ1431|A669|PQC-HAN-UIH|17:40,2026-08-01,VJ454/VJ1431,A669,A320,PQC-HAN-UIH,16:45,17:40,16:45,17:40,16:35,17:37,17:38,17:43,00:55,01:03,EARLY,ONTIME,ONTIME,ONTIME,,,,,,,,,HAN,PQC,UIH,Domestic,VJ,,
2026-08-01|VJ1454/VJ517|A698|PQC-HAN-DAD|17:45,2026-08-01,VJ1454/VJ517,A698,A321,PQC-HAN-DAD,16:35,17:45,16:35,17:45,17:05,17:44,17:45,17:59,01:10,00:40,ONTIME,ONTIME,ONTIME,DELAY,,,,,,,,,HAN,PQC,DAD,Domestic,VJ,,
2026-08-01|VJ456/VJ495|A666|PQC-HAN-BMV|18:15,2026-08-01,VJ456/VJ495,A666,A320,PQC-HAN-BMV,17:45,18:15,17:45,18:15,17:55,18:19,18:20,18:25,00:30,00:25,DELAY,ONTIME,ONTIME,ONTIME,,93,00:05,,,,,,HAN,PQC,BMV,Domestic,VJ,,
2026-08-01|VJ774/VJ781|A630|CXR-HAN-CXR|18:15,2026-08-01,VJ774/VJ781,A630,A321,CXR-HAN-CXR,17:15,18:15,17:15,18:15,17:50,18:13,18:14,18:23,01:00,00:24,EARLY,ONTIME,ONTIME,DELAY,,,,,,,,,HAN,CXR,CXR,Domestic,VJ,,
2026-08-01|VJ512/VJ521|A643|DAD-HAN-DAD|18:45,2026-08-01,VJ512/VJ521,A643,A321,DAD-HAN-DAD,18:15,18:45,18:15,18:45,18:20,18:44,18:45,18:50,00:30,00:25,ONTIME,ONTIME,ONTIME,ONTIME,,,,,,,,,HAN,DAD,DAD,Domestic,VJ,,
2026-08-01|VJ434/VJ789|A543|UIH-HAN-CXR|18:45,2026-08-01,VJ434/VJ789,A543,A321,UIH-HAN-CXR,17:10,18:45,17:10,18:45,17:20,18:41,18:42,18:47,01:35,01:22,EARLY,ONTIME,ONTIME,ONTIME,,,,,,,,,HAN,UIH,CXR,Domestic,VJ,,
2026-08-01|VJ424/VJ561|A578|PXU-HAN-HUI|19:15,2026-08-01,VJ424/VJ561,A578,A321,PXU-HAN-HUI,18:45,19:15,18:45,19:15,18:50,19:14,19:15,19:20,00:30,00:25,ONTIME,ONTIME,ONTIME,ONTIME,,,,,,,,,HAN,PXU,HUI,Domestic,VJ,,
2026-08-01|VJ928/VJ519|A532|CGK-HAN-DAD|19:25,2026-08-01,VJ928/VJ519,A532,A321,CGK-HAN-DAD,18:15,19:25,18:15,19:25,18:35,19:34,19:35,19:40,01:10,01:00,DELAY,ONTIME,ONTIME,DELAY,,95,00:10,,,,,CREW VJ146 OB 1914L,HAN,CGK,DAD,Domestic,VJ,,
2026-08-01|VJ442/VJ157|A200|PQC-HAN-SGN|19:35,2026-08-01,VJ442/VJ157,A200,A321,PQC-HAN-SGN,19:05,19:35,19:05,19:35,19:10,19:49,19:50,20:00,00:30,00:40,DELAY,ONTIME,DELAY,ONTIME,,93,00:05,66,00:10,,,CREW OB 1925L,HAN,PQC,SGN,Domestic,VJ,,
2026-08-01|VJ931/VJ971|A526|KIX-HAN-DEL|19:40,2026-08-01,VJ931/VJ971,A526,A321,KIX-HAN-DEL,18:30,19:40,18:30,19:40,18:30,19:36,19:37,19:40,01:10,01:07,EARLY,ONTIME,ONTIME,ONTIME,,,,,,,,,HAN,KIX,DEL,International,VJ,,
2026-08-01|VJ568/VJ523|A662|HUI-HAN-DAD|19:40,2026-08-01,VJ568/VJ523,A662,A320,HUI-HAN-DAD,18:55,19:40,18:55,19:40,19:20,19:43,19:45,19:48,00:45,00:25,DELAY,ONTIME,ONTIME,DELAY,,93,00:05,,,,,,HAN,HUI,DAD,Domestic,VJ,,
2026-08-01|VJ772/VJ7712|A668|CXR-HAN-PKX|19:55,2026-08-01,VJ772/VJ7712,A668,A320,CXR-HAN-PKX,15:55,19:55,15:55,19:55,17:25,19:45,19:46,19:59,04:00,02:21,EARLY,ONTIME,ONTIME,DELAY,,,,,,,,,HAN,CXR,PKX,International,VJ,,
2026-08-01|VJ438/VJ1785|A639|UIH-HAN-CXR|19:55,2026-08-01,VJ438/VJ1785,A639,A321,UIH-HAN-CXR,19:25,19:55,19:25,19:55,19:40,20:04,20:05,20:10,00:30,00:25,DELAY,ONTIME,ONTIME,ONTIME,,93,00:10,,,,,,HAN,UIH,CXR,Domestic,VJ,,
2026-08-01|VJ152/VJ159|A542|SGN-HAN-SGN|20:10,2026-08-01,VJ152/VJ159,A542,A321,SGN-HAN-SGN,19:35,20:10,19:35,20:50,20:20,20:48,20:50,20:55,01:15,00:30,ONTIME,ONTIME,DELAY,DELAY,,,,,,,,,HAN,SGN,SGN,Domestic,VJ,,
2026-08-01|VJ420/VJ783|A539|TBB-HAN-CXR|20:25,2026-08-01,VJ420/VJ783,A539,A321,TBB-HAN-CXR,19:15,20:25,19:15,20:25,19:15,20:24,20:25,20:35,01:10,01:10,ONTIME,ONTIME,ONTIME,ONTIME,,,,,,,,,HAN,TBB,CXR,Domestic,VJ,,
2026-08-01|VJ949/VJ161|A553|RMQ-HAN-SGN|20:55,2026-08-01,VJ949/VJ161,A553,A321,RMQ-HAN-SGN,19:50,20:55,19:50,20:55,20:05,20:54,20:55,21:02,01:05,00:50,ONTIME,ONTIME,ONTIME,ONTIME,,,,,,,,,HAN,RMQ,SGN,Domestic,VJ,,
2026-08-01|VJ1452/VJ7238|A671|PQC-HAN-PVG|21:15,2026-08-01,VJ1452/VJ7238,A671,A320,PQC-HAN-PVG,19:50,21:15,19:50,21:15,20:05,21:04,21:05,21:10,01:25,01:00,EARLY,ONTIME,ONTIME,ONTIME,,,,,,,,,HAN,PQC,PVG,International,VJ,,
2026-08-01|VJ520/VJ527|A657|DAD-HAN-DAD|21:25,2026-08-01,VJ520/VJ527,A657,A321,DAD-HAN-DAD,20:55,21:25,20:55,21:25,20:55,21:14,21:15,21:25,00:30,00:20,EARLY,ONTIME,ONTIME,ONTIME,,,,,,,,,HAN,DAD,DAD,Domestic,VJ,,
2026-08-01|VJ914/VJ7526|A632|SAI-HAN-CAN|22:30,2026-08-01,VJ914/VJ7526,A632,A321,SAI-HAN-CAN,20:50,22:30,20:50,22:30,21:45,22:29,22:30,22:39,01:40,00:45,ONTIME,ONTIME,ONTIME,DELAY,,,,,,,,,HAN,SAI,CAN,International,VJ,,
2026-08-01|VJ518/VJ529|A633|DAD-HAN-DAD|22:35,2026-08-01,VJ518/VJ529,A633,A321,DAD-HAN-DAD,22:05,22:35,22:05,22:35,22:35,23:01,23:02,23:05,00:30,00:27,DELAY,DELAY,DELAY,DELAY,,,,,,,,,HAN,DAD,DAD,Domestic,VJ,,
2026-08-01|VJ776/VJ167|A534|CXR-HAN-SGN|22:45,2026-08-01,VJ776/VJ167,A534,A321,CXR-HAN-SGN,20:10,22:45,20:10,22:45,21:25,22:44,22:45,22:50,02:35,01:20,ONTIME,ONTIME,ONTIME,DELAY,,,,,,,,,HAN,CXR,SGN,Domestic,VJ,,
2026-08-01|VJ935/VJ962|A521|NRT-HAN-ICN|23:15,2026-08-01,VJ935/VJ962,A521,A321,NRT-HAN-ICN,20:05,23:15,20:05,23:15,20:30,23:24,23:25,23:42,03:10,02:55,DELAY,ONTIME,DELAY,DELAY,,11,00:05,99,00:05,,,LATE CLOSE FIGURE/LATE ACCEPT 01PAX 01BAG,HAN,NRT,ICN,International,VJ,,
2026-08-01|VJ466/VJ169|A635|VCA-HAN-SGN|23:25,2026-08-01,VJ466/VJ169,A635,A321,VCA-HAN-SGN,21:50,23:25,21:50,23:25,22:20,23:57,23:58,00:05,01:35,01:38,DELAY,DELAY,DELAY,DELAY,,95,00:33,,,,,CREW VJ160 OB 2343,HAN,VCA,SGN,Domestic,VJ,,
2026-08-01|AI2390/AI2391|VT-TQL|DEL-HAN-DEL|08:20,2026-08-01,AI2390/AI2391,VT-TQL,A320,DEL-HAN-DEL,07:20,08:20,07:20,08:20,07:26,08:26,08:27,08:32,01:00,01:01,DELAY,ONTIME,ONTIME,ONTIME,,93,00:07,,,,,,HAN,DEL,DEL,International,AI,,
2026-08-02|VJ7658/VJ7658|A537|DAD-HAN-BQS|00:20,2026-08-02,VJ7658/VJ7658,A537,A321,DAD-HAN-BQS,23:45,00:20,23:45,00:20,00:00,00:26,00:27,00:30,00:35,00:27,DELAY,ONTIME,ONTIME,ONTIME,,93,00:07,,,,,,HAN,DAD,BQS,International,VJ,,
2026-08-02|VJ932|A543|HAN-NRT|00:30,2026-08-02,VJ932,A543,A321,HAN-NRT,,00:30,,00:30,,00:23,00:24,00:29,,,EARLY,ONTIME,ONTIME,,,,,,,,,,HAN,,NRT,International,VJ,,
2026-08-02|VJ7704/VJ7704|A516|CXR-HAN-VVO|00:45,2026-08-02,VJ7704/VJ7704,A516,A321,CXR-HAN-VVO,00:10,00:45,00:10,00:45,00:20,00:54,00:55,00:58,00:35,00:35,DELAY,ONTIME,ONTIME,ONTIME,,93,00:10,,,,,,HAN,CXR,VVO,International,VJ,,
2026-08-02|VJ982|A630|HAN-PUS|01:05,2026-08-02,VJ982,A630,A321,HAN-PUS,,01:05,,01:05,,00:57,00:58,01:00,,,EARLY,ONTIME,ONTIME,,,,,,,,,,HAN,,PUS,International,VJ,,
2026-08-02|VJ938|A552|HAN-KIX|01:20,2026-08-02,VJ938,A552,A321,HAN-KIX,,01:20,,01:20,,01:19,01:20,01:27,,,ONTIME,ONTIME,ONTIME,,,,,,,,,,HAN,,KIX,International,VJ,,
2026-08-02|VJ960|A203|HAN-ICN|01:40,2026-08-02,VJ960,A203,A321,HAN-ICN,,01:40,,01:40,,01:34,01:35,01:39,,,EARLY,ONTIME,ONTIME,,,,,,,,,,HAN,,ICN,International,VJ,,
2026-08-02|VJ920|A554|HAN-NGO|01:40,2026-08-02,VJ920,A554,A321,HAN-NGO,,01:40,,01:40,,01:31,01:32,01:39,,,EARLY,ONTIME,ONTIME,,,,,,,,,,HAN,,NGO,International,VJ,,
2026-08-02|VJ1980|A669|HAN-FSZ|02:40,2026-08-02,VJ1980,A669,A320,HAN-FSZ,,02:40,,02:40,,02:16,02:17,02:26,,,EARLY,ONTIME,ONTIME,,,,,,,,,,HAN,,FSZ,International,VJ,,
2026-08-02|VJ445|A642|HAN-PQC|05:30,2026-08-02,VJ445,A642,A321,HAN-PQC,,05:30,,05:30,,05:24,05:25,05:31,,,EARLY,ONTIME,ONTIME,,,,,,,,,,HAN,,PQC,Domestic,VJ,,
2026-08-02|VJ123|A673|HAN-SGN|05:30,2026-08-02,VJ123,A673,A321,HAN-SGN,,05:30,,05:30,,05:24,05:25,05:28,,,EARLY,ONTIME,ONTIME,,,,,,,,,,HAN,,SGN,Domestic,VJ,,
2026-08-02|VJ501|A640|HAN-DAD|05:40,2026-08-02,VJ501,A640,A321,HAN-DAD,,05:40,,05:40,,05:33,05:35,05:38,,,EARLY,ONTIME,ONTIME,,,,,,,,,,HAN,,DAD,Domestic,VJ,,
2026-08-02|VJ771|A663|HAN-CXR|05:45,2026-08-02,VJ771,A663,A320,HAN-CXR,,05:45,,05:45,,05:39,05:40,05:43,,,EARLY,ONTIME,ONTIME,,,,,,,,,,HAN,,CXR,Domestic,VJ,,
2026-08-02|VJ121|A532|HAN-SGN|06:00,2026-08-02,VJ121,A532,A321,HAN-SGN,,06:00,,06:00,,05:54,05:55,06:06,,,EARLY,ONTIME,ONTIME,,,,,,,,,,HAN,,SGN,Domestic,VJ,,
2026-08-02|VJ491|A539|HAN-BMV|06:00,2026-08-02,VJ491,A539,A321,HAN-BMV,,06:00,,06:00,,05:54,05:55,05:58,,,EARLY,ONTIME,ONTIME,,,,,,,,,,HAN,,BMV,Domestic,VJ,,
2026-08-02|VJ431|A650|HAN-UIH|06:05,2026-08-02,VJ431,A650,A320,HAN-UIH,,06:05,,06:05,,05:54,05:55,06:06,,,EARLY,ONTIME,ONTIME,,,,,,,,,,HAN,,UIH,Domestic,VJ,,
2026-08-02|VJ952|A672|HAN-HIJ|06:15,2026-08-02,VJ952,A672,A320,HAN-HIJ,,06:15,,06:15,,06:14,06:15,06:21,,,ONTIME,ONTIME,ONTIME,,,,,,,,,,HAN,,HIJ,International,VJ,,
2026-08-02|VJ531|A637|HAN-DAD|06:30,2026-08-02,VJ531,A637,A321,HAN-DAD,,06:30,,06:30,,06:29,06:30,06:36,,,ONTIME,ONTIME,ONTIME,,,,,,,,,,HAN,,DAD,Domestic,VJ,,
2026-08-02|VJ461|A639|HAN-VCA|06:45,2026-08-02,VJ461,A639,A321,HAN-VCA,,06:45,,06:45,,06:39,06:40,06:50,,,EARLY,ONTIME,ONTIME,,,,,,,,,,HAN,,VCA,Domestic,VJ,,
2026-08-02|VJ125|A666|HAN-SGN|07:00,2026-08-02,VJ125,A666,A320,HAN-SGN,,07:00,,07:00,,06:53,06:55,06:58,,,EARLY,ONTIME,ONTIME,,,,,,,,,,HAN,,SGN,Domestic,VJ,,
2026-08-02|VJ1771|A632|HAN-CXR|07:00,2026-08-02,VJ1771,A632,A321,HAN-CXR,,07:00,,07:00,,06:54,06:55,07:05,,,EARLY,ONTIME,ONTIME,,,,,,,,,,HAN,,CXR,Domestic,VJ,,
2026-08-02|VJ421|A671|HAN-PXU|07:10,2026-08-02,VJ421,A671,A320,HAN-PXU,,07:10,,07:10,,06:54,06:55,07:10,,,EARLY,ONTIME,ONTIME,,,,,,,,,,HAN,,PXU,Domestic,VJ,,
2026-08-02|VJ905|A544|HAN-KUL|07:25,2026-08-02,VJ905,A544,A321,HAN-KUL,,07:25,,07:25,,07:19,07:20,07:28,,,EARLY,ONTIME,ONTIME,,,,,,,,,,HAN,,KUL,International,VJ,,
2026-08-02|VJ503|A634|HAN-DAD|07:30,2026-08-02,VJ503,A634,A321,HAN-DAD,,07:30,,07:30,,07:29,07:30,07:36,,,ONTIME,ONTIME,ONTIME,,,,,,,,,,HAN,,DAD,Domestic,VJ,,
2026-08-02|VJ930|A529|HAN-KIX|07:55,2026-08-02,VJ930,A529,A321,HAN-KIX,,07:55,,07:55,,07:59,08:00,08:09,,,DELAY,ONTIME,ONTIME,,,99,00:05,,,,,LATE ACCEPT 15PAX 19BAG,HAN,,KIX,International,VJ,,
2026-08-02|VJ120/VJ934|A547|SGN-HAN-NRT|08:10,2026-08-02,VJ120/VJ934,A547,A321,SGN-HAN-NRT,07:10,08:10,07:10,08:10,07:10,08:09,08:10,08:17,01:00,01:00,ONTIME,ONTIME,ONTIME,ONTIME,,,,,,,,,HAN,SGN,NRT,International,VJ,,
2026-08-02|VJ127|A648|HAN-SGN|08:10,2026-08-02,VJ127,A648,A321,HAN-SGN,,08:10,,08:10,,08:09,08:10,08:19,,,ONTIME,ONTIME,ONTIME,,,,,,,,,,HAN,,SGN,Domestic,VJ,,
2026-08-02|VJ929|A578|HAN-CGK|08:40,2026-08-02,VJ929,A578,A321,HAN-CGK,,08:40,,08:40,,08:39,08:40,08:49,,,ONTIME,ONTIME,ONTIME,,,,,,,,,,HAN,,CGK,International,VJ,,
2026-08-02|VJ124/VJ129|A651|SGN-HAN-SGN|08:45,2026-08-02,VJ124/VJ129,A651,A321,SGN-HAN-SGN,08:15,08:45,08:15,08:45,08:15,08:43,08:45,08:46,00:30,00:30,ONTIME,ONTIME,ONTIME,ONTIME,,,,,,,,,HAN,SGN,SGN,Domestic,VJ,,
2026-08-02|VJ502/VJ447|A662|DAD-HAN-PQC|08:45,2026-08-02,VJ502/VJ447,A662,A320,DAD-HAN-PQC,07:00,08:45,07:00,08:45,07:00,08:38,08:39,08:42,01:45,01:39,EARLY,ONTIME,ONTIME,ONTIME,,,,,,,,,HAN,DAD,PQC,Domestic,VJ,,
2026-08-02|VJ435|A668|HAN-UIH|08:50,2026-08-02,VJ435,A668,A320,HAN-UIH,,08:50,,08:50,,08:47,08:49,08:57,,,EARLY,ONTIME,ONTIME,,,,,,,,,,HAN,,UIH,Domestic,VJ,,
2026-08-02|VJ505|A526|HAN-DAD|09:05,2026-08-02,VJ505,A526,A321,HAN-DAD,,09:05,,09:05,,09:04,09:05,09:10,,,ONTIME,ONTIME,ONTIME,,,,,,,,,,HAN,,DAD,Domestic,VJ,,
2026-08-02|VJ514/VJ563|A640|DAD-HAN-HUI|09:20,2026-08-02,VJ514/VJ563,A640,A321,DAD-HAN-HUI,08:50,09:20,08:50,09:20,08:50,09:17,09:19,09:21,00:30,00:29,EARLY,ONTIME,ONTIME,ONTIME,,,,,,,,,HAN,DAD,HUI,Domestic,VJ,,
2026-08-02|VJ915|A667|HAN-SIN|09:35,2026-08-02,VJ915,A667,A321,HAN-SIN,,09:35,,09:35,,09:34,09:35,09:38,,,ONTIME,ONTIME,ONTIME,,,,,,,,,,HAN,,SIN,International,VJ,,
2026-08-02|VJ1773|A536|HAN-CXR|10:00,2026-08-02,VJ1773,A536,A321,HAN-CXR,,10:00,,10:00,,09:59,10:00,10:08,,,ONTIME,ONTIME,ONTIME,,,,,,,,,,HAN,,CXR,Domestic,VJ,,
2026-08-02|VJ126/VJ131|A676|SGN-HAN-SGN|10:10,2026-08-02,VJ126/VJ131,A676,A320,SGN-HAN-SGN,09:40,10:10,09:40,10:10,10:00,10:24,10:25,10:33,00:30,00:25,DELAY,ONTIME,DELAY,DELAY,,93,00:15,,,,,,HAN,SGN,SGN,Domestic,VJ,,
2026-08-02|VJ135|A814|HAN-SGN|10:10,2026-08-02,VJ135,A814,A330,HAN-SGN,,10:10,,10:10,,10:09,10:10,10:19,,,ONTIME,ONTIME,ONTIME,,,,,,,,,,HAN,,SGN,Domestic,VJ,,
2026-08-02|VJ430/VJ463|A650|UIH-HAN-VCA|10:20,2026-08-02,VJ430/VJ463,A650,A320,UIH-HAN-VCA,09:50,10:20,09:50,10:20,09:30,10:19,10:20,10:24,00:30,00:50,ONTIME,ONTIME,ONTIME,ONTIME,,,,,,,,,HAN,UIH,VCA,Domestic,VJ,,
2026-08-02|VJ532/VJ425|A637|DAD-HAN-PXU|10:20,2026-08-02,VJ532/VJ425,A637,A321,DAD-HAN-PXU,09:45,10:20,09:45,10:20,10:05,10:27,10:28,10:35,00:35,00:23,DELAY,ONTIME,ONTIME,DELAY,,93,00:08,,,,,,HAN,DAD,PXU,Domestic,VJ,,
2026-08-02|VJ770/VJ437|A663|CXR-HAN-UIH|10:25,2026-08-02,VJ770/VJ437,A663,A320,CXR-HAN-UIH,09:55,10:25,09:55,10:25,10:05,10:29,10:30,10:38,00:30,00:25,DELAY,ONTIME,ONTIME,ONTIME,,93,00:05,,,,,,HAN,CXR,UIH,Domestic,VJ,,
2026-08-02|VJ963/VJ997|A521|ICN-HAN-DPS|10:25,2026-08-02,VJ963/VJ997,A521,A321,ICN-HAN-DPS,08:55,10:25,08:55,10:25,09:10,10:18,10:20,10:22,01:30,01:10,EARLY,ONTIME,ONTIME,ONTIME,,,,,,,,,HAN,ICN,DPS,International,VJ,,
2026-08-02|VJ492/VJ493|A539|BMV-HAN-BMV|10:30,2026-08-02,VJ492/VJ493,A539,A321,BMV-HAN-BMV,10:00,10:30,10:00,10:30,10:10,10:34,10:35,10:43,00:30,00:25,DELAY,ONTIME,ONTIME,ONTIME,,93,00:05,,,,,,HAN,BMV,BMV,Domestic,VJ,,
2026-08-02|VJ448/VJ565|A642|PQC-HAN-HUI|10:50,2026-08-02,VJ448/VJ565,A642,A321,PQC-HAN-HUI,10:15,10:50,10:15,10:50,10:25,10:49,10:50,11:05,00:35,00:25,ONTIME,ONTIME,ONTIME,ONTIME,,,,,,,,,HAN,PQC,HUI,Domestic,VJ,,
2026-08-02|VJ524/VJ507|A634|DAD-HAN-DAD|11:10,2026-08-02,VJ524/VJ507,A634,A321,DAD-HAN-DAD,10:40,11:10,10:40,11:10,10:50,11:19,11:20,11:40,00:30,00:30,DELAY,ONTIME,DELAY,ONTIME,,93,00:10,,,,,,HAN,DAD,DAD,Domestic,VJ,,
2026-08-02|VJ122/VJ901|A658|SGN-HAN-BKK|11:10,2026-08-02,VJ122/VJ901,A658,A320,SGN-HAN-BKK,09:05,11:10,09:05,11:10,09:55,11:03,11:04,11:13,02:05,01:09,EARLY,ONTIME,ONTIME,DELAY,,,,,,,,,HAN,SGN,BKK,International,VJ,,
2026-08-02|VJ130/VJ133|A534|SGN-HAN-SGN|11:20,2026-08-02,VJ130/VJ133,A534,A321,SGN-HAN-SGN,10:50,11:20,10:50,11:20,11:10,11:38,11:40,11:50,00:30,00:30,DELAY,DELAY,DELAY,DELAY,,93,00:20,,,,,,HAN,SGN,SGN,Domestic,VJ,,
2026-08-02|VJ422/VJ451|A671|PXU-HAN-PQC|11:45,2026-08-02,VJ422/VJ451,A671,A320,PXU-HAN-PQC,10:50,11:45,10:50,11:45,10:40,11:44,11:45,11:51,00:55,01:05,ONTIME,ONTIME,ONTIME,ONTIME,,,,,,,,,HAN,PXU,PQC,Domestic,VJ,,
2026-08-02|VJ981/VJ1453|A630|PUS-HAN-PQC|11:50,2026-08-02,VJ981/VJ1453,A630,A321,PUS-HAN-PQC,10:40,11:50,10:40,11:50,10:25,11:47,11:48,11:58,01:10,01:23,EARLY,ONTIME,ONTIME,ONTIME,,,,,,,,,HAN,PUS,PQC,Domestic,VJ,,
2026-08-02|VJ462/VJ515|A639|VCA-HAN-DAD|12:10,2026-08-02,VJ462/VJ515,A639,A321,VCA-HAN-DAD,11:40,12:10,11:40,12:10,11:45,12:14,12:15,12:20,00:30,00:30,DELAY,ONTIME,ONTIME,ONTIME,,93,00:05,,,,,,HAN,VCA,DAD,Domestic,VJ,,
2026-08-02|VJ1772/VJ137|A632|CXR-HAN-SGN|12:20,2026-08-02,VJ1772/VJ137,A632,A321,CXR-HAN-SGN,11:15,12:20,11:15,12:20,12:00,12:29,12:30,12:50,01:05,00:30,DELAY,ONTIME,DELAY,DELAY,,93,00:10,,,,,,HAN,CXR,SGN,Domestic,VJ,,
2026-08-02|VJ564/VJ453|A640|HUI-HAN-PQC|13:00,2026-08-02,VJ564/VJ453,A640,A321,HUI-HAN-PQC,12:20,13:00,12:20,13:00,12:16,12:50,12:52,13:08,00:40,00:36,EARLY,ONTIME,ONTIME,ONTIME,,,,,,,,,HAN,HUI,PQC,Domestic,VJ,,
2026-08-02|VJ128/VJ509|A666|SGN-HAN-DAD|13:05,2026-08-02,VJ128/VJ509,A666,A320,SGN-HAN-DAD,11:50,13:05,11:50,13:05,12:10,13:03,13:04,13:18,01:15,00:54,EARLY,ONTIME,ONTIME,DELAY,,,,,,,,,HAN,SGN,DAD,Domestic,VJ,,
2026-08-02|VJ506/VJ787|A698|DAD-HAN-CXR|13:10,2026-08-02,VJ506/VJ787,A698,A321,DAD-HAN-CXR,12:30,13:10,12:30,13:10,13:00,13:29,13:30,13:40,00:40,00:30,DELAY,DELAY,DELAY,DELAY,,93,00:20,,,,,,HAN,DAD,CXR,Domestic,VJ,,
2026-08-02|VJ7705/VJ7705|A516|VVO-HAN-CXR|13:15,2026-08-02,VJ7705/VJ7705,A516,A321,VVO-HAN-CXR,12:45,13:15,12:45,13:15,13:00,13:24,13:25,13:40,00:30,00:25,DELAY,ONTIME,DELAY,ONTIME,,93,00:10,,,,,,HAN,VVO,CXR,Domestic,VJ,,
2026-08-02|VJ7659/VJ7659|A537|BQS-HAN-DAD|13:15,2026-08-02,VJ7659/VJ7659,A537,A321,BQS-HAN-DAD,12:45,13:15,12:45,13:15,12:53,13:12,13:13,13:30,00:30,00:20,EARLY,ONTIME,ONTIME,ONTIME,,,,,,,,,HAN,BQS,DAD,Domestic,VJ,,
2026-08-02|VJ432/VJ433|A668|UIH-HAN-UIH|13:20,2026-08-02,VJ432/VJ433,A668,A320,UIH-HAN-UIH,12:35,13:20,12:35,13:20,13:00,13:19,13:20,13:28,00:45,00:20,ONTIME,ONTIME,ONTIME,DELAY,,,,,,,,,HAN,UIH,UIH,Domestic,VJ,,
2026-08-02|VJ939/VJ948|A552|KIX-HAN-RMQ|13:30,2026-08-02,VJ939/VJ948,A552,A321,KIX-HAN-RMQ,12:20,13:30,12:20,13:30,12:08,13:24,13:25,13:45,01:10,01:17,EARLY,ONTIME,ONTIME,ONTIME,,,,,,,,,HAN,KIX,RMQ,International,VJ,,
2026-08-02|VJ921/VJ441|A554|NGO-HAN-PQC|14:00,2026-08-02,VJ921/VJ441,A554,A321,NGO-HAN-PQC,12:50,14:00,12:50,14:00,12:48,13:55,13:56,14:08,01:10,01:08,EARLY,ONTIME,ONTIME,ONTIME,,,,,,,,,HAN,NGO,PQC,Domestic,VJ,,
2026-08-02|VJ440/VJ149|A522|PQC-HAN-SGN|14:00,2026-08-02,VJ440/VJ149,A522,A321,PQC-HAN-SGN,13:30,14:00,13:30,14:00,13:40,14:13,14:14,14:15,00:30,00:34,DELAY,ONTIME,ONTIME,ONTIME,,93,00:10,95,00:04,,,CREW 122 OB 1351L,HAN,PQC,SGN,Domestic,VJ,,
2026-08-02|VJ134/VJ143|A651|SGN-HAN-SGN|14:05,2026-08-02,VJ134/VJ143,A651,A321,SGN-HAN-SGN,13:30,14:05,13:30,14:45,14:10,14:44,14:45,14:54,01:15,00:35,ONTIME,ONTIME,DELAY,DELAY,,,,,,,,,HAN,SGN,SGN,Domestic,VJ,,
2026-08-02|VJ933/VJ942|A543|NRT-HAN-TPE|14:25,2026-08-02,VJ933/VJ942,A543,A321,NRT-HAN-TPE,13:05,14:25,13:05,15:00,13:05,14:49,14:50,15:13,01:55,01:45,EARLY,ONTIME,DELAY,ONTIME,,,,,,,,LATE PB DUE TO CTOT 1525L,HAN,NRT,TPE,International,VJ,,
2026-08-02|VJ566/VJ467|A642|HUI-HAN-VCA|14:30,2026-08-02,VJ566/VJ467,A642,A321,HUI-HAN-VCA,13:50,14:30,13:50,14:30,14:15,14:39,14:40,14:41,00:40,00:25,DELAY,ONTIME,ONTIME,DELAY,,93,00:10,,,,,,HAN,HUI,VCA,Domestic,VJ,,
2026-08-02|VJ961/VJ946|A203|ICN-HAN-KHH|14:35,2026-08-02,VJ961/VJ946,A203,A321,ICN-HAN-KHH,13:35,14:35,13:35,14:35,13:35,14:25,14:27,14:29,01:00,00:52,EARLY,ONTIME,ONTIME,ONTIME,,,,,,,,,HAN,ICN,KHH,International,VJ,,
2026-08-02|VJ1504/VJ1505|A649|DAD-HAN-DAD|14:35,2026-08-02,VJ1504/VJ1505,A649,A321,DAD-HAN-DAD,14:00,14:35,14:00,16:40,16:00,16:37,16:38,16:53,02:40,00:38,EARLY,ONTIME,DELAY,DELAY,,,,,,,,,HAN,DAD,DAD,Domestic,VJ,,
2026-08-02|VJ510/VJ511|A634|DAD-HAN-DAD|15:05,2026-08-02,VJ510/VJ511,A634,A321,DAD-HAN-DAD,14:35,15:05,14:35,15:50,15:25,15:53,15:55,15:57,01:15,00:30,DELAY,ONTIME,DELAY,DELAY,,93,00:05,,,,,,HAN,DAD,DAD,Domestic,VJ,,
2026-08-02|VJ1981/VJ423|A669|FSZ-HAN-PXU|15:05,2026-08-02,VJ1981/VJ423,A669,A320,FSZ-HAN-PXU,14:00,15:05,14:00,15:05,13:50,14:54,14:55,15:00,01:05,01:05,EARLY,ONTIME,ONTIME,ONTIME,,,,,,,,,HAN,FSZ,PXU,Domestic,VJ,,
2026-08-02|VJ494/VJ1451|A539|BMV-HAN-PQC|15:05,2026-08-02,VJ494/VJ1451,A539,A321,BMV-HAN-PQC,14:30,15:05,14:30,15:30,15:00,15:34,15:35,15:45,01:00,00:35,DELAY,ONTIME,DELAY,DELAY,,66,00:05,,,,,CHANGE CREW OB 1508L,HAN,BMV,PQC,Domestic,VJ,,
2026-08-02|VJ426/VJ419|A637|PXU-HAN-TBB|15:10,2026-08-02,VJ426/VJ419,A637,A321,PXU-HAN-TBB,14:05,15:10,14:05,15:10,14:05,15:07,15:08,15:13,01:05,01:03,EARLY,ONTIME,ONTIME,ONTIME,,,,,,,,,HAN,PXU,TBB,Domestic,VJ,,
2026-08-02|VJ136/VJ145|A532|SGN-HAN-SGN|15:15,2026-08-02,VJ136/VJ145,A532,A321,SGN-HAN-SGN,14:40,15:15,14:40,15:15,15:15,15:42,15:44,15:45,00:35,00:29,DELAY,DELAY,DELAY,DELAY,,93,00:29,,,,,,HAN,SGN,SGN,Domestic,VJ,,
2026-08-02|VJ2924/VJ2924|A526|DAD-HAN-BAX|15:40,2026-08-02,VJ2924/VJ2924,A526,A321,DAD-HAN-BAX,15:05,15:40,15:05,15:40,15:20,15:49,15:50,15:55,00:35,00:30,DELAY,ONTIME,ONTIME,ONTIME,,93,00:10,,,,,,HAN,DAD,BAX,International,VJ,,
2026-08-02|VJ1774/VJ439|A670|CXR-HAN-UIH|15:40,2026-08-02,VJ1774/VJ439,A670,A321,CXR-HAN-UIH,14:25,15:40,14:25,15:40,14:55,15:34,15:35,15:39,01:15,00:40,EARLY,ONTIME,ONTIME,DELAY,,,,,,,,,HAN,CXR,UIH,Domestic,VJ,,
2026-08-02|VJ906/VJ903|A544|KUL-HAN-BKK|15:45,2026-08-02,VJ906/VJ903,A544,A321,KUL-HAN-BKK,14:40,15:45,14:40,15:45,15:05,15:44,15:45,15:56,01:05,00:40,ONTIME,ONTIME,ONTIME,DELAY,,,,,,,,,HAN,KUL,BKK,International,VJ,,
2026-08-02|VJ464/VJ567|A650|VCA-HAN-HUI|15:55,2026-08-02,VJ464/VJ567,A650,A320,VCA-HAN-HUI,15:10,15:55,15:10,15:55,15:12,15:51,15:52,16:01,00:45,00:40,EARLY,ONTIME,ONTIME,ONTIME,,,,,,,,,HAN,VCA,HUI,Domestic,VJ,,
2026-08-02|VJ142/VJ773|A814|SGN-HAN-CXR|16:30,2026-08-02,VJ142/VJ773,A814,A330,SGN-HAN-CXR,15:30,16:30,15:30,16:30,15:50,16:34,16:35,16:45,01:00,00:45,DELAY,ONTIME,ONTIME,DELAY,,93,00:05,,,,,,HAN,SGN,CXR,Domestic,VJ,,
2026-08-02|VJ508/VJ193|A639|DAD-HAN-SGN|16:35,2026-08-02,VJ508/VJ193,A639,A321,DAD-HAN-SGN,15:25,16:35,15:25,16:50,16:10,16:48,16:49,16:50,01:25,00:39,EARLY,ONTIME,ONTIME,DELAY,,,,,,,,,HAN,DAD,SGN,Domestic,VJ,,
2026-08-02|VJ140/VJ151|A525|SGN-HAN-SGN|16:55,2026-08-02,VJ140/VJ151,A525,A321,SGN-HAN-SGN,16:20,16:55,16:20,17:10,17:20,17:44,17:45,17:50,00:50,00:25,DELAY,DELAY,DELAY,DELAY,,93,00:35,,,,,,HAN,SGN,SGN,Domestic,VJ,,
2026-08-02|VJ436/VJ465|A663|UIH-HAN-VCA|17:00,2026-08-02,VJ436/VJ465,A663,A320,UIH-HAN-VCA,14:10,17:00,14:10,17:00,14:20,16:58,16:59,17:04,02:50,02:39,EARLY,ONTIME,ONTIME,ONTIME,,,,,,,,,HAN,UIH,VCA,Domestic,VJ,,
2026-08-02|VJ530/VJ495|A666|DAD-HAN-BMV|17:30,2026-08-02,VJ530/VJ495,A666,A320,DAD-HAN-BMV,16:15,17:30,16:15,17:30,16:30,17:24,17:25,17:32,01:15,00:55,EARLY,ONTIME,ONTIME,ONTIME,,,,,,,,,HAN,DAD,BMV,Domestic,VJ,,
2026-08-02|VJ452/VJ141|A662|PQC-HAN-SGN|17:35,2026-08-02,VJ452/VJ141,A662,A320,PQC-HAN-SGN,16:05,17:35,16:05,17:35,16:10,17:27,17:28,17:31,01:30,01:18,EARLY,ONTIME,ONTIME,ONTIME,,,,,,,,,HAN,PQC,SGN,Domestic,VJ,,
2026-08-02|VJ454/VJ1431|A671|PQC-HAN-UIH|17:40,2026-08-02,VJ454/VJ1431,A671,A320,PQC-HAN-UIH,16:45,17:40,16:45,17:40,17:00,17:34,17:35,17:39,00:55,00:35,EARLY,ONTIME,ONTIME,ONTIME,,,,,,,,,HAN,PQC,UIH,Domestic,VJ,,
2026-08-02|VJ774/VJ517|A647|CXR-HAN-DAD|18:20,2026-08-02,VJ774/VJ517,A647,A321,CXR-HAN-DAD,17:50,18:20,17:50,19:20,18:55,19:24,19:25,19:30,01:30,00:30,DELAY,ONTIME,DELAY,DELAY,,93,00:05,,,,,,HAN,CXR,DAD,Domestic,VJ,,
2026-08-02|VJ456/VJ781|A640|PQC-HAN-CXR|18:20,2026-08-02,VJ456/VJ781,A640,A321,PQC-HAN-CXR,17:45,18:20,17:45,18:45,18:20,18:44,18:45,18:50,01:00,00:25,ONTIME,ONTIME,DELAY,DELAY,,,,,,,,,HAN,PQC,CXR,Domestic,VJ,,
2026-08-02|VJ512/VJ521|A634|DAD-HAN-DAD|18:45,2026-08-02,VJ512/VJ521,A634,A321,DAD-HAN-DAD,18:15,18:45,19:15,20:45,20:20,20:49,20:50,21:04,01:30,00:30,DELAY,ONTIME,DELAY,DELAY,,93,00:05,,,,,,HAN,DAD,DAD,Domestic,VJ,,
2026-08-02|VJ144/VJ789|A575|SGN-HAN-CXR|18:45,2026-08-02,VJ144/VJ789,A575,A321,SGN-HAN-CXR,18:05,18:45,18:05,18:45,18:30,19:04,19:05,19:10,00:40,00:35,DELAY,DELAY,DELAY,DELAY,,93,00:15,66,00:05,,,CREW OB 1837,HAN,SGN,CXR,Domestic,VJ,,
2026-08-02|VJ424/VJ561|A669|PXU-HAN-HUI|19:15,2026-08-02,VJ424/VJ561,A669,A320,PXU-HAN-HUI,18:45,19:15,18:45,19:15,18:45,19:14,19:15,19:19,00:30,00:30,ONTIME,ONTIME,ONTIME,ONTIME,,,,,,,,,HAN,PXU,HUI,Domestic,VJ,,
2026-08-02|VJ916/VJ1127|A667|SIN-HAN-SGN|19:20,2026-08-02,VJ916/VJ1127,A667,A321,SIN-HAN-SGN,17:25,19:20,17:25,19:20,17:20,19:18,19:19,19:35,01:55,01:59,EARLY,ONTIME,ONTIME,ONTIME,,,,,,,,,HAN,SIN,SGN,Domestic,VJ,,
2026-08-02|VJ1454/VJ157|A524|PQC-HAN-SGN|19:30,2026-08-02,VJ1454/VJ157,A524,A321,PQC-HAN-SGN,16:35,19:30,16:35,19:30,17:10,19:29,19:30,19:45,02:55,02:20,ONTIME,ONTIME,ONTIME,DELAY,,,,,,,,,HAN,PQC,SGN,Domestic,VJ,,
2026-08-02|VJ146/VJ523|A651|SGN-HAN-DAD|19:40,2026-08-02,VJ146/VJ523,A651,A321,SGN-HAN-DAD,18:55,19:40,18:55,20:35,20:10,20:34,20:35,20:55,01:40,00:25,ONTIME,ONTIME,DELAY,DELAY,,,,,,,,,HAN,SGN,DAD,Domestic,VJ,,
2026-08-02|VJ442/VJ519|A554|PQC-HAN-DAD|19:40,2026-08-02,VJ442/VJ519,A554,A321,PQC-HAN-DAD,19:05,19:40,19:05,20:25,19:40,20:19,20:20,20:35,01:20,00:40,EARLY,ONTIME,DELAY,DELAY,,,,,,,,,HAN,PQC,DAD,Domestic,VJ,,
2026-08-02|VJ931/VJ1925|A529|KIX-HAN-AMD|19:45,2026-08-02,VJ931/VJ1925,A529,A321,KIX-HAN-AMD,18:30,19:45,18:30,19:45,18:55,19:44,19:45,20:00,01:15,00:50,ONTIME,ONTIME,ONTIME,DELAY,,,,,,,,,HAN,KIX,AMD,International,VJ,,
2026-08-02|VJ7614/VJ7614|A549|CXR-HAN-BQS|19:50,2026-08-02,VJ7614/VJ7614,A549,A321,CXR-HAN-BQS,19:15,19:50,19:15,19:50,19:40,20:09,20:10,20:32,00:35,00:30,DELAY,DELAY,DELAY,DELAY,,93,00:20,,,,,,HAN,CXR,BQS,International,VJ,,
2026-08-02|VJ953/VJ7712|A672|HIJ-HAN-PKX|19:55,2026-08-02,VJ953/VJ7712,A672,A320,HIJ-HAN-PKX,16:10,19:55,16:10,19:55,16:25,19:54,19:55,20:10,03:45,03:30,ONTIME,ONTIME,ONTIME,ONTIME,,,,,,,,,HAN,HIJ,PKX,International,VJ,,
2026-08-02|VJ420/VJ1785|A637|TBB-HAN-CXR|19:55,2026-08-02,VJ420/VJ1785,A637,A321,TBB-HAN-CXR,19:15,19:55,19:15,19:55,19:05,19:51,19:52,20:10,00:40,00:47,EARLY,ONTIME,ONTIME,ONTIME,,,,,,,,,HAN,TBB,CXR,Domestic,VJ,,
2026-08-02|VJ928/VJ455|A578|CGK-HAN-PQC|20:05,2026-08-02,VJ928/VJ455,A578,A321,CGK-HAN-PQC,18:15,20:05,18:15,20:05,18:47,19:58,19:59,20:20,01:50,01:12,EARLY,ONTIME,ONTIME,DELAY,,,,,,,,,HAN,CGK,PQC,Domestic,VJ,,
2026-08-02|VJ568/VJ159|A650|HUI-HAN-SGN|20:10,2026-08-02,VJ568/VJ159,A650,A320,HUI-HAN-SGN,18:55,20:10,18:55,20:10,19:10,20:07,20:08,20:25,01:15,00:58,EARLY,ONTIME,ONTIME,ONTIME,,,,,,,,,HAN,HUI,SGN,Domestic,VJ,,
2026-08-02|VJ1452/VJ783|A539|PQC-HAN-CXR|20:25,2026-08-02,VJ1452/VJ783,A539,A321,PQC-HAN-CXR,19:50,20:25,19:50,21:00,20:50,21:12,21:13,21:27,01:10,00:23,DELAY,ONTIME,DELAY,DELAY,,93,00:13,,,,,,HAN,PQC,CXR,Domestic,VJ,,
2026-08-02|VJ949/VJ161|A552|RMQ-HAN-SGN|20:55,2026-08-02,VJ949/VJ161,A552,A321,RMQ-HAN-SGN,19:50,20:55,19:50,20:55,20:30,20:59,21:00,21:20,01:05,00:30,DELAY,ONTIME,DELAY,DELAY,,93,00:05,,,,,,HAN,RMQ,SGN,Domestic,VJ,,
2026-08-02|VJ902/VJ7238|A658|BKK-HAN-PVG|21:15,2026-08-02,VJ902/VJ7238,A658,A320,BKK-HAN-PVG,15:50,21:15,15:50,21:15,16:00,21:04,21:05,21:30,05:25,05:05,EARLY,ONTIME,ONTIME,ONTIME,,,,,,,,,HAN,BKK,PVG,International,VJ,,
2026-08-02|VJ154/VJ163|A643|SGN-HAN-SGN|21:25,2026-08-02,VJ154/VJ163,A643,A321,SGN-HAN-SGN,20:55,21:25,20:55,21:25,21:10,21:36,21:37,21:49,00:30,00:27,DELAY,ONTIME,DELAY,ONTIME,,93,00:12,,,,,,HAN,SGN,SGN,Domestic,VJ,,
2026-08-02|VJ527|A817|HAN-DAD|22:10,2026-08-02,VJ527,A817,A330,HAN-DAD,,22:10,,22:10,,23:06,23:08,23:09,,,DELAY,DELAY,DELAY,,,95,00:58,,,,,CREW VJ776 OB 2237LT,HAN,,DAD,Domestic,VJ,,
2026-08-02|VJ468/VJ7526|A642|VCA-HAN-CAN|22:30,2026-08-02,VJ468/VJ7526,A642,A321,VCA-HAN-CAN,19:50,22:30,19:50,22:30,19:55,22:24,22:25,22:28,02:40,02:30,EARLY,ONTIME,ONTIME,ONTIME,,,,,,,,,HAN,VCA,CAN,International,VJ,,
2026-08-02|VJ520/VJ529|A634|DAD-HAN-DAD|22:35,2026-08-02,VJ520/VJ529,A634,A321,DAD-HAN-DAD,20:55,22:35,1904-01-02,00:35,00:50,01:15,01:16,01:23,00:35,00:26,DELAY,DELAY,DELAY,ONTIME,,93,00:41,,,,,,HAN,DAD,DAD,Domestic,VJ,,
2026-08-02|VJ152/VJ167|A657|SGN-HAN-SGN|22:45,2026-08-02,VJ152/VJ167,A657,A321,SGN-HAN-SGN,19:20,22:45,20:20,22:45,21:25,22:34,22:35,22:40,02:25,01:10,EARLY,ONTIME,ONTIME,DELAY,,,,,,,,,HAN,SGN,SGN,Domestic,VJ,,
2026-08-02|VJ904/VJ962|A544|BKK-HAN-ICN|23:15,2026-08-02,VJ904/VJ962,A544,A321,BKK-HAN-ICN,20:25,23:15,20:25,23:15,20:55,23:14,23:15,23:19,02:50,02:20,ONTIME,ONTIME,ONTIME,DELAY,,,,,,,,,HAN,BKK,ICN,International,VJ,,
2026-08-02|VJ160/VJ169|A522|SGN-HAN-SGN|23:25,2026-08-02,VJ160/VJ169,A522,A321,SGN-HAN-SGN,22:40,23:25,22:40,23:25,23:00,23:29,23:30,23:35,00:45,00:30,DELAY,ONTIME,ONTIME,DELAY,,93,00:05,,,,,,HAN,SGN,SGN,Domestic,VJ,,
2026-08-02|AI2390/AI2392|VT-TQD|DEL-HAN-DEL|08:20,2026-08-02,AI2390/AI2392,VT-TQD,A320,DEL-HAN-DEL,07:20,08:20,07:20,08:20,07:22,08:18,08:19,08:21,01:00,00:57,EARLY,ONTIME,ONTIME,ONTIME,,,,,,,,,HAN,DEL,DEL,International,AI,,
2026-08-03|VJ932|A203|HAN-NRT|00:30,2026-08-03,VJ932,A203,A321,HAN-NRT,,00:30,,00:30,,00:25,00:26,00:33,,,EARLY,ONTIME,ONTIME,,,,,,,,,,HAN,,NRT,International,VJ,,
2026-08-03|VJ2978/VJ2978|A575|CXR-HAN-VVO|00:45,2026-08-03,VJ2978/VJ2978,A575,A321,CXR-HAN-VVO,00:10,00:45,00:10,00:45,00:35,00:59,01:00,01:08,00:35,00:25,DELAY,ONTIME,DELAY,DELAY,,93,00:15,,,,,,HAN,CXR,VVO,International,VJ,,
2026-08-03|VJ982|A670|HAN-PUS|01:05,2026-08-03,VJ982,A670,A321,HAN-PUS,,01:05,,01:05,,00:54,00:55,00:59,,,EARLY,ONTIME,ONTIME,,,,,,,,,,HAN,,PUS,International,VJ,,
2026-08-03|VJ938|A543|HAN-KIX|01:20,2026-08-03,VJ938,A543,A321,HAN-KIX,,01:20,,01:20,,01:19,01:20,01:23,,,ONTIME,ONTIME,ONTIME,,,,,,,,,,HAN,,KIX,International,VJ,,
2026-08-03|VJ960|A640|HAN-ICN|01:40,2026-08-03,VJ960,A640,A321,HAN-ICN,,01:40,,01:40,,01:29,01:30,01:35,,,EARLY,ONTIME,ONTIME,,,,,,,,,,HAN,,ICN,International,VJ,,
2026-08-03|VJ920|A554|HAN-NGO|01:40,2026-08-03,VJ920,A554,A321,HAN-NGO,,01:40,,01:40,,01:51,01:52,01:53,,,DELAY,ONTIME,ONTIME,,,41,00:12,,,,,DAILY CHECK,HAN,,NGO,International,VJ,,
2026-08-03|VJ445|A647|HAN-PQC|05:30,2026-08-03,VJ445,A647,A321,HAN-PQC,,05:30,,05:30,,05:24,05:25,05:28,,,EARLY,ONTIME,ONTIME,,,,,,,,,,HAN,,PQC,Domestic,VJ,,
2026-08-03|VJ7527/VJ123|A642|CAN-HAN-SGN|05:30,2026-08-03,VJ7527/VJ123,A642,A321,CAN-HAN-SGN,03:05,05:30,03:05,05:30,03:00,05:24,05:25,05:35,02:25,02:25,EARLY,ONTIME,ONTIME,ONTIME,,,,,,,,,HAN,CAN,SGN,Domestic,VJ,,
2026-08-03|VJ501|A539|HAN-DAD|05:40,2026-08-03,VJ501,A539,A321,HAN-DAD,,05:40,,05:40,,05:34,05:35,05:40,,,EARLY,ONTIME,ONTIME,,,,,,,,,,HAN,,DAD,Domestic,VJ,,
2026-08-03|VJ771|A671|HAN-CXR|05:45,2026-08-03,VJ771,A671,A320,HAN-CXR,,05:45,,05:45,,05:39,05:40,05:48,,,EARLY,ONTIME,ONTIME,,,,,,,,,,HAN,,CXR,Domestic,VJ,,
2026-08-03|VJ121|A547|HAN-SGN|06:00,2026-08-03,VJ121,A547,A321,HAN-SGN,,06:00,,06:00,,05:59,06:00,06:07,,,ONTIME,ONTIME,ONTIME,,,,,,,,,,HAN,,SGN,Domestic,VJ,,
2026-08-03|VJ491|A649|HAN-BMV|06:00,2026-08-03,VJ491,A649,A321,HAN-BMV,,06:00,,06:00,,05:54,05:55,05:57,,,EARLY,ONTIME,ONTIME,,,,,,,,,,HAN,,BMV,Domestic,VJ,,
2026-08-03|VJ431|A669|HAN-UIH|06:05,2026-08-03,VJ431,A669,A320,HAN-UIH,,06:05,,06:05,,05:59,06:00,06:05,,,EARLY,ONTIME,ONTIME,,,,,,,,,,HAN,,UIH,Domestic,VJ,,
2026-08-03|VJ531|A630|HAN-DAD|06:30,2026-08-03,VJ531,A630,A321,HAN-DAD,,06:30,,06:30,,06:24,06:25,06:30,,,EARLY,ONTIME,ONTIME,,,,,,,,,,HAN,,DAD,Domestic,VJ,,
2026-08-03|VJ449|A668|HAN-PQC|06:30,2026-08-03,VJ449,A668,A320,HAN-PQC,,06:30,,06:30,,06:24,06:25,06:35,,,EARLY,ONTIME,ONTIME,,,,,,,,,,HAN,,PQC,Domestic,VJ,,
2026-08-03|VJ461|A650|HAN-VCA|06:45,2026-08-03,VJ461,A650,A320,HAN-VCA,,06:45,,06:45,,06:35,06:36,06:38,,,EARLY,ONTIME,ONTIME,,,,,,,,,,HAN,,VCA,Domestic,VJ,,
2026-08-03|VJ125|A662|HAN-SGN|07:00,2026-08-03,VJ125,A662,A320,HAN-SGN,,07:00,,07:00,,06:54,06:55,07:00,,,EARLY,ONTIME,ONTIME,,,,,,,,,,HAN,,SGN,Domestic,VJ,,
2026-08-03|VJ1771|A672|HAN-CXR|07:00,2026-08-03,VJ1771,A672,A320,HAN-CXR,,07:00,,07:00,,06:54,06:55,07:00,,,EARLY,ONTIME,ONTIME,,,,,,,,,,HAN,,CXR,Domestic,VJ,,
2026-08-03|VJ7239/VJ421|A658|PVG-HAN-PXU|07:10,2026-08-03,VJ7239/VJ421,A658,A320,PVG-HAN-PXU,04:50,07:10,04:50,07:10,04:45,07:04,07:05,07:12,02:20,02:20,EARLY,ONTIME,ONTIME,ONTIME,,,,,,,,,HAN,PVG,PXU,Domestic,VJ,,
2026-08-03|VJ197|A542|HAN-SGN|07:20,2026-08-03,VJ197,A542,A321,HAN-SGN,,07:20,,07:20,,07:14,07:15,07:23,,,EARLY,ONTIME,ONTIME,,,,,,,,,,HAN,,SGN,Domestic,VJ,,
2026-08-03|VJ905|A524|HAN-KUL|07:25,2026-08-03,VJ905,A524,A321,HAN-KUL,,07:25,,07:25,,07:19,07:20,07:28,,,EARLY,ONTIME,ONTIME,,,,,,,,,,HAN,,KUL,International,VJ,,
2026-08-03|VJ503|A637|HAN-DAD|07:45,2026-08-03,VJ503,A637,A321,HAN-DAD,,07:45,,07:45,,07:38,07:40,07:47,,,EARLY,ONTIME,ONTIME,,,,,,,,,,HAN,,DAD,Domestic,VJ,,
2026-08-03|VJ930|A521|HAN-KIX|07:55,2026-08-03,VJ930,A521,A321,HAN-KIX,,07:55,,07:55,,07:54,07:55,08:00,,,ONTIME,ONTIME,ONTIME,,,,,,,,,,HAN,,KIX,International,VJ,,
2026-08-03|VJ502/VJ934|A537|DAD-HAN-NRT|07:55,2026-08-03,VJ502/VJ934,A537,A321,DAD-HAN-NRT,07:00,07:55,07:00,07:55,06:55,07:59,08:00,08:10,00:55,01:05,DELAY,ONTIME,ONTIME,ONTIME,,15A,00:05,,,,,OFLD 01PAX AND 01BAG,HAN,DAD,NRT,International,VJ,,
2026-08-03|VJ120/VJ127|A534|SGN-HAN-SGN|08:10,2026-08-03,VJ120/VJ127,A534,A321,SGN-HAN-SGN,07:10,08:10,07:10,08:10,07:05,08:06,08:07,08:12,01:00,01:02,EARLY,ONTIME,ONTIME,ONTIME,,,,,,,,,HAN,SGN,SGN,Domestic,VJ,,
2026-08-03|VJ929|A529|HAN-CGK|08:40,2026-08-03,VJ929,A529,A321,HAN-CGK,,08:40,,08:40,,08:29,08:30,08:33,,,EARLY,ONTIME,ONTIME,,,,,,,,,,HAN,,CGK,International,VJ,,
2026-08-03|VJ447|A651|HAN-PQC|08:45,2026-08-03,VJ447,A651,A321,HAN-PQC,,08:45,,08:45,,08:43,08:44,08:45,,,EARLY,ONTIME,ONTIME,,,,,,,,,,HAN,,PQC,Domestic,VJ,,
2026-08-03|VJ435|A663|HAN-UIH|08:50,2026-08-03,VJ435,A663,A320,HAN-UIH,,08:50,,08:50,,08:46,08:47,08:56,,,EARLY,ONTIME,ONTIME,,,,,,,,,,HAN,,UIH,Domestic,VJ,,
2026-08-03|VJ7615/VJ7615|A549|BQS-HAN-CXR|08:50,2026-08-03,VJ7615/VJ7615,A549,A321,BQS-HAN-CXR,08:20,08:50,08:20,08:50,08:20,08:49,08:50,08:55,00:30,00:30,ONTIME,ONTIME,ONTIME,ONTIME,,,,,,,,,HAN,BQS,CXR,Domestic,VJ,,
2026-08-03|VJ2925/VJ2925|A526|BAX-HAN-DAD|09:00,2026-08-03,VJ2925/VJ2925,A526,A321,BAX-HAN-DAD,08:30,09:00,08:30,09:00,08:10,08:34,08:35,08:50,00:30,00:25,EARLY,ONTIME,ONTIME,ONTIME,,,,,,,,,HAN,BAX,DAD,Domestic,VJ,,
2026-08-03|VJ505|A580|HAN-DAD|09:05,2026-08-03,VJ505,A580,A321,HAN-DAD,,09:05,,09:05,,09:19,09:20,09:30,,,DELAY,ONTIME,DELAY,,,18,00:15,,,,,DL18 LATE ACC 77 IB BAG FR VJ1926,HAN,,DAD,Domestic,VJ,,
2026-08-03|VJ514/VJ563|A539|DAD-HAN-HUI|09:20,2026-08-03,VJ514/VJ563,A539,A321,DAD-HAN-HUI,08:50,09:20,08:50,09:20,09:05,09:29,09:30,09:35,00:30,00:25,DELAY,ONTIME,ONTIME,ONTIME,,93,00:10,,,,,,HAN,DAD,HUI,Domestic,VJ,,
2026-08-03|VJ963/VJ1773|A544|ICN-HAN-CXR|10:00,2026-08-03,VJ963/VJ1773,A544,A321,ICN-HAN-CXR,08:55,10:00,08:55,10:00,09:00,09:48,09:49,09:55,01:05,00:49,EARLY,ONTIME,ONTIME,ONTIME,,,,,,,,,HAN,ICN,CXR,Domestic,VJ,,
2026-08-03|VJ126/VJ131|A632|SGN-HAN-SGN|10:15,2026-08-03,VJ126/VJ131,A632,A321,SGN-HAN-SGN,09:40,10:15,09:40,10:15,10:05,10:34,10:35,10:40,00:35,00:30,DELAY,DELAY,DELAY,DELAY,,93,00:20,,,,,,HAN,SGN,SGN,Domestic,VJ,,
2026-08-03|VJ532/VJ425|A630|DAD-HAN-PXU|10:20,2026-08-03,VJ532/VJ425,A630,A321,DAD-HAN-PXU,09:45,10:20,09:45,10:20,09:50,10:16,10:17,10:22,00:35,00:27,EARLY,ONTIME,ONTIME,ONTIME,,,,,,,,,HAN,DAD,PXU,Domestic,VJ,,
2026-08-03|VJ122/VJ463|A689|SGN-HAN-VCA|10:20,2026-08-03,VJ122/VJ463,A689,A320,SGN-HAN-VCA,09:05,10:20,09:05,10:20,09:00,10:13,10:14,10:15,01:15,01:14,EARLY,ONTIME,ONTIME,ONTIME,,,,,,,,,HAN,SGN,VCA,Domestic,VJ,,
2026-08-03|VJ430/VJ437|A669|UIH-HAN-UIH|10:25,2026-08-03,VJ430/VJ437,A669,A320,UIH-HAN-UIH,09:50,10:25,09:50,10:25,10:00,10:28,10:30,10:33,00:35,00:30,DELAY,ONTIME,ONTIME,ONTIME,,66,00:05,,,,,CREW OB 1010L,HAN,UIH,UIH,Domestic,VJ,,
2026-08-03|VJ492/VJ493|A649|BMV-HAN-BMV|10:35,2026-08-03,VJ492/VJ493,A649,A321,BMV-HAN-BMV,10:00,10:35,10:00,10:35,10:05,10:39,10:40,10:48,00:35,00:35,DELAY,ONTIME,ONTIME,ONTIME,,,,66,00:05,,,CREW OB 1018L,HAN,BMV,BMV,Domestic,VJ,,
2026-08-03|VJ448/VJ901|A647|PQC-HAN-BKK|11:10,2026-08-03,VJ448/VJ901,A647,A321,PQC-HAN-BKK,10:15,11:10,10:15,11:10,10:20,11:04,11:05,11:09,00:55,00:45,EARLY,ONTIME,ONTIME,ONTIME,,,,,,,,,HAN,PQC,BKK,International,VJ,,
2026-08-03|VJ130/VJ133|A642|SGN-HAN-SGN|11:25,2026-08-03,VJ130/VJ133,A642,A321,SGN-HAN-SGN,10:50,11:25,10:50,11:25,11:05,11:34,11:35,11:40,00:35,00:30,DELAY,ONTIME,ONTIME,ONTIME,,93,00:10,,,,,LATE TAKEOFF DUE TO ATC,HAN,SGN,SGN,Domestic,VJ,,
2026-08-03|VJ524/VJ507|A637|DAD-HAN-DAD|11:30,2026-08-03,VJ524/VJ507,A637,A321,DAD-HAN-DAD,10:55,11:30,10:55,11:30,11:25,11:54,11:55,12:00,00:35,00:30,DELAY,DELAY,DELAY,DELAY,,93,00:25,,,,,,HAN,DAD,DAD,Domestic,VJ,,
2026-08-03|VJ770/VJ565|A671|CXR-HAN-HUI|11:30,2026-08-03,VJ770/VJ565,A671,A320,CXR-HAN-HUI,09:55,11:30,09:55,11:30,10:20,11:29,11:30,11:33,01:35,01:10,ONTIME,ONTIME,ONTIME,DELAY,,,,,,,,LATE TAKEOFF DUE TO ATC,HAN,CXR,HUI,Domestic,VJ,,
2026-08-03|VJ1772/VJ451|A672|CXR-HAN-PQC|11:45,2026-08-03,VJ1772/VJ451,A672,A320,CXR-HAN-PQC,11:15,11:45,11:15,11:45,11:25,12:04,12:05,12:15,00:30,00:40,DELAY,DELAY,DELAY,ONTIME,,93,00:05,66,00:05,41,00:10,CREW OB 1132L,HAN,CXR,PQC,Domestic,VJ,,
2026-08-03|VJ422/VJ775|A658|PXU-HAN-CXR|11:45,2026-08-03,VJ422/VJ775,A658,A320,PXU-HAN-CXR,10:50,11:45,10:50,11:45,10:55,11:38,11:40,11:44,00:55,00:45,EARLY,ONTIME,ONTIME,ONTIME,,,,,,,,,HAN,PXU,CXR,Domestic,VJ,,
2026-08-03|VJ981/VJ1453|A670|PUS-HAN-PQC|11:50,2026-08-03,VJ981/VJ1453,A670,A321,PUS-HAN-PQC,10:40,11:50,10:40,11:50,10:20,11:44,11:45,11:55,01:10,01:25,EARLY,ONTIME,ONTIME,ONTIME,,,,,,,,LATE TAKEOFF DUE TO ATC,HAN,PUS,PQC,Domestic,VJ,,
2026-08-03|VJ462/VJ515|A650|VCA-HAN-DAD|12:10,2026-08-03,VJ462/VJ515,A650,A320,VCA-HAN-DAD,11:40,12:10,11:40,12:10,11:30,12:03,12:05,12:25,00:30,00:35,EARLY,ONTIME,ONTIME,ONTIME,,,,,,,,LATE TAKEOFF DUE TO ATC,HAN,VCA,DAD,Domestic,VJ,,
2026-08-03|VJ450/VJ137|A668|PQC-HAN-SGN|12:20,2026-08-03,VJ450/VJ137,A668,A320,PQC-HAN-SGN,11:15,12:20,11:15,12:20,11:50,12:19,12:20,12:30,01:05,00:30,ONTIME,ONTIME,ONTIME,DELAY,,,,,,,,,HAN,PQC,SGN,Domestic,VJ,,
2026-08-03|VJ506/VJ453|A580|DAD-HAN-PQC|13:00,2026-08-03,VJ506/VJ453,A580,A321,DAD-HAN-PQC,12:15,13:00,12:15,13:00,13:00,13:19,13:20,13:30,00:45,00:20,DELAY,DELAY,DELAY,DELAY,,93,00:20,,,,,LATE TAKEOFF DUE TO ATC,HAN,DAD,PQC,Domestic,VJ,,
2026-08-03|VJ509|A810|HAN-DAD|13:05,2026-08-03,VJ509,A810,A330,HAN-DAD,,13:05,,13:05,,13:04,13:05,13:15,,,ONTIME,ONTIME,ONTIME,,,,,,,,,,HAN,,DAD,Domestic,VJ,,
2026-08-03|VJ564/VJ787|A539|HUI-HAN-CXR|13:10,2026-08-03,VJ564/VJ787,A539,A321,HUI-HAN-CXR,12:20,13:10,12:20,13:10,12:45,13:14,13:15,13:20,00:50,00:30,DELAY,ONTIME,ONTIME,DELAY,,93,00:05,,,,,,HAN,HUI,CXR,Domestic,VJ,,
2026-08-03|VJ2979/VJ2979|A575|VVO-HAN-CXR|13:15,2026-08-03,VJ2979/VJ2979,A575,A321,VVO-HAN-CXR,12:45,13:15,12:45,13:15,13:10,13:29,13:30,13:40,00:30,00:20,DELAY,ONTIME,DELAY,DELAY,,93,00:15,,,,,,HAN,VVO,CXR,Domestic,VJ,,
2026-08-03|VJ128/VJ433|A662|SGN-HAN-UIH|13:20,2026-08-03,VJ128/VJ433,A662,A320,SGN-HAN-UIH,11:50,13:20,11:50,13:20,12:35,13:19,13:20,13:23,01:30,00:45,ONTIME,ONTIME,ONTIME,DELAY,,,,,,,,,HAN,SGN,UIH,Domestic,VJ,,
2026-08-03|VJ921/VJ948|A554|NGO-HAN-RMQ|13:30,2026-08-03,VJ921/VJ948,A554,A321,NGO-HAN-RMQ,12:50,13:30,12:50,13:30,12:55,13:34,13:35,13:45,00:40,00:40,DELAY,ONTIME,ONTIME,ONTIME,,66,00:05,,,,,CREW OB 1309L,HAN,NGO,RMQ,International,VJ,,
2026-08-03|VJ198/VJ191|A542|SGN-HAN-SGN|13:40,2026-08-03,VJ198/VJ191,A542,A321,SGN-HAN-SGN,12:40,13:40,12:40,13:40,12:50,13:39,13:40,13:47,01:00,00:50,ONTIME,ONTIME,ONTIME,ONTIME,,,,,,,,,HAN,SGN,SGN,Domestic,VJ,,
2026-08-03|VJ939/VJ441|A543|KIX-HAN-PQC|14:00,2026-08-03,VJ939/VJ441,A543,A321,KIX-HAN-PQC,12:20,14:00,12:20,14:00,12:10,13:51,13:52,13:59,01:40,01:42,EARLY,ONTIME,ONTIME,ONTIME,,,,,,,,,HAN,KIX,PQC,Domestic,VJ,,
2026-08-03|VJ440/VJ143|A651|PQC-HAN-SGN|14:05,2026-08-03,VJ440/VJ143,A651,A321,PQC-HAN-SGN,13:30,14:05,13:30,14:05,13:45,14:14,14:15,14:20,00:35,00:30,DELAY,ONTIME,ONTIME,ONTIME,,93,00:10,,,,,,HAN,PQC,SGN,Domestic,VJ,,
2026-08-03|VJ933/VJ942|A203|NRT-HAN-TPE|14:25,2026-08-03,VJ933/VJ942,A203,A321,NRT-HAN-TPE,13:05,14:25,13:05,14:25,13:00,14:24,14:25,14:28,01:20,01:25,ONTIME,ONTIME,ONTIME,ONTIME,,,,,,,,,HAN,NRT,TPE,International,VJ,,
2026-08-03|VJ134/VJ467|A667|SGN-HAN-VCA|14:30,2026-08-03,VJ134/VJ467,A667,A321,SGN-HAN-VCA,13:30,14:30,13:30,14:30,13:50,14:23,14:24,14:26,01:00,00:34,EARLY,ONTIME,ONTIME,DELAY,,,,,,,,,HAN,SGN,VCA,Domestic,VJ,,
2026-08-03|VJ426/VJ946|A630|PXU-HAN-KHH|14:35,2026-08-03,VJ426/VJ946,A630,A321,PXU-HAN-KHH,14:05,14:35,14:05,14:50,14:00,14:36,14:37,14:45,00:45,00:37,EARLY,ONTIME,ONTIME,ONTIME,,,,,,,,,HAN,PXU,KHH,International,VJ,,
2026-08-03|VJ1504/VJ1505|A657|DAD-HAN-DAD|14:35,2026-08-03,VJ1504/VJ1505,A657,A321,DAD-HAN-DAD,14:00,14:35,14:00,14:35,14:25,14:48,14:49,14:50,00:35,00:24,DELAY,ONTIME,ONTIME,DELAY,,93,00:14,,,,,,HAN,DAD,DAD,Domestic,VJ,,
2026-08-03|VJ136/VJ145|A641|SGN-HAN-SGN|14:50,2026-08-03,VJ136/VJ145,A641,A321,SGN-HAN-SGN,14:15,14:50,14:15,15:20,15:05,15:39,15:40,15:48,01:05,00:35,DELAY,DELAY,DELAY,DELAY,,93,00:15,87,00:05,,,STUCK AT PBB,HAN,SGN,SGN,Domestic,VJ,,
2026-08-03|VJ452/VJ1451|A578|PQC-HAN-PQC|15:05,2026-08-03,VJ452/VJ1451,A578,A321,PQC-HAN-PQC,14:35,15:05,14:35,15:05,14:35,15:04,15:05,15:15,00:30,00:30,ONTIME,ONTIME,ONTIME,ONTIME,,,,,,,,,HAN,PQC,PQC,Domestic,VJ,,
2026-08-03|VJ510/VJ511|A633|DAD-HAN-DAD|15:10,2026-08-03,VJ510/VJ511,A633,A321,DAD-HAN-DAD,14:35,15:10,14:35,15:10,15:05,15:34,15:35,15:40,00:35,00:30,DELAY,DELAY,DELAY,DELAY,,93,00:25,,,,,,HAN,DAD,DAD,Domestic,VJ,,
2026-08-03|VJ494/VJ423|A649|BMV-HAN-PXU|15:10,2026-08-03,VJ494/VJ423,A649,A321,BMV-HAN-PXU,14:35,15:10,14:35,15:10,14:50,15:14,15:15,15:20,00:35,00:25,DELAY,ONTIME,ONTIME,ONTIME,,93,00:05,,,,,,HAN,BMV,PXU,Domestic,VJ,,
2026-08-03|VJ1774/VJ419|A544|CXR-HAN-TBB|15:10,2026-08-03,VJ1774/VJ419,A544,A321,CXR-HAN-TBB,14:20,15:10,14:20,15:10,14:25,15:04,15:05,15:08,00:50,00:40,EARLY,ONTIME,ONTIME,ONTIME,,,,,,,,,HAN,CXR,TBB,Domestic,VJ,,
2026-08-03|VJ566/VJ439|A671|HUI-HAN-UIH|15:40,2026-08-03,VJ566/VJ439,A671,A320,HUI-HAN-UIH,14:30,15:40,14:30,15:40,14:40,15:29,15:30,15:32,01:10,00:50,EARLY,ONTIME,ONTIME,ONTIME,,,,,,,,,HAN,HUI,UIH,Domestic,VJ,,
2026-08-03|VJ138/VJ147|A632|SGN-HAN-SGN|15:50,2026-08-03,VJ138/VJ147,A632,A321,SGN-HAN-SGN,15:15,15:50,15:15,16:15,16:05,16:34,16:35,16:41,01:00,00:30,DELAY,DELAY,DELAY,DELAY,,93,00:20,,,,,,HAN,SGN,SGN,Domestic,VJ,,
2026-08-03|VJ432/VJ903|A663|UIH-HAN-BKK|15:45,2026-08-03,VJ432/VJ903,A663,A320,UIH-HAN-BKK,12:35,15:45,12:35,15:45,12:55,15:36,15:37,15:39,03:10,02:42,EARLY,ONTIME,ONTIME,DELAY,,,,,,,,,HAN,UIH,BKK,International,VJ,,
2026-08-03|VJ436/VJ567|A669|UIH-HAN-HUI|15:55,2026-08-03,VJ436/VJ567,A669,A320,UIH-HAN-HUI,14:10,15:55,14:10,15:55,15:25,15:54,15:55,15:57,01:45,00:30,ONTIME,ONTIME,ONTIME,DELAY,,,,,,,,,HAN,UIH,HUI,Domestic,VJ,,
2026-08-03|VJ961/VJ773|A640|ICN-HAN-CXR|16:00,2026-08-03,VJ961/VJ773,A640,A321,ICN-HAN-CXR,13:35,16:00,13:35,16:00,13:55,15:59,16:00,16:04,02:25,02:05,ONTIME,ONTIME,ONTIME,DELAY,,,,,,,,,HAN,ICN,CXR,Domestic,VJ,,
2026-08-03|VJ906/VJ913|A524|KUL-HAN-SAI|16:20,2026-08-03,VJ906/VJ913,A524,A321,KUL-HAN-SAI,14:40,16:20,14:40,16:20,15:10,16:05,16:06,16:15,01:40,00:56,EARLY,ONTIME,ONTIME,DELAY,,,,,,,,,HAN,KUL,SAI,International,VJ,,
2026-08-03|VJ464/VJ513|A689|VCA-HAN-DAD|16:35,2026-08-03,VJ464/VJ513,A689,A320,VCA-HAN-DAD,15:10,16:35,15:10,16:35,15:25,16:39,16:40,16:50,01:25,01:15,DELAY,ONTIME,ONTIME,ONTIME,,15A,00:05,,,,,OFLD 02 PAX AND 05 BAG,HAN,VCA,DAD,Domestic,VJ,,
2026-08-03|VJ140/VJ151|A642|SGN-HAN-SGN|16:55,2026-08-03,VJ140/VJ151,A642,A321,SGN-HAN-SGN,16:20,16:55,16:20,16:55,16:50,17:24,17:25,17:31,00:35,00:35,DELAY,DELAY,DELAY,DELAY,,93,00:25,15,00:05,,,LONG BRD,HAN,SGN,SGN,Domestic,VJ,,
2026-08-03|VJ902/VJ465|A647|BKK-HAN-VCA|17:00,2026-08-03,VJ902/VJ465,A647,A321,BKK-HAN-VCA,15:50,17:00,15:50,17:00,16:05,16:59,17:00,17:10,01:10,00:55,ONTIME,ONTIME,ONTIME,ONTIME,,,,,,,,,HAN,BKK,VCA,Domestic,VJ,,
2026-08-03|VJ772/VJ495|A658|CXR-HAN-BMV|17:30,2026-08-03,VJ772/VJ495,A658,A320,CXR-HAN-BMV,15:55,17:30,15:55,17:30,16:20,17:28,17:30,17:45,01:35,01:10,ONTIME,ONTIME,ONTIME,DELAY,,,,,,,,LATE TAKEOFF DUE TO ATC,HAN,CXR,BMV,Domestic,VJ,,
2026-08-03|VJ508/VJ141|A650|DAD-HAN-SGN|17:35,2026-08-03,VJ508/VJ141,A650,A320,DAD-HAN-SGN,15:25,17:35,15:25,17:35,15:50,17:31,17:32,17:50,02:10,01:42,EARLY,ONTIME,ONTIME,DELAY,,,,,,,,LATE TAKEOFF DUE TO ATC,HAN,DAD,SGN,Domestic,VJ,,
2026-08-03|VJ434/VJ1431|A662|UIH-HAN-UIH|17:40,2026-08-03,VJ434/VJ1431,A662,A320,UIH-HAN-UIH,17:10,17:40,17:10,17:40,17:25,17:43,17:45,17:53,00:30,00:20,DELAY,ONTIME,ONTIME,ONTIME,,93,00:05,,,,,,HAN,UIH,UIH,Domestic,VJ,,
2026-08-03|VJ1454/VJ517|A534|PQC-HAN-DAD|17:45,2026-08-03,VJ1454/VJ517,A534,A321,PQC-HAN-DAD,17:05,17:45,17:05,17:45,17:20,17:54,17:55,18:00,00:40,00:35,DELAY,ONTIME,ONTIME,ONTIME,,93,00:05,66,00:05,,,CREW OB 1732L,HAN,PQC,DAD,Domestic,VJ,,
2026-08-03|VJ774/VJ781|A539|CXR-HAN-CXR|18:15,2026-08-03,VJ774/VJ781,A539,A321,CXR-HAN-CXR,17:15,18:15,17:15,18:15,17:45,18:14,18:15,18:21,01:00,00:30,ONTIME,ONTIME,ONTIME,DELAY,,,,,,,,LATE TAKEOFF DUE TO ATC,HAN,CXR,CXR,Domestic,VJ,,
2026-08-03|VJ512/VJ521|A633|DAD-HAN-DAD|19:00,2026-08-03,VJ512/VJ521,A633,A321,DAD-HAN-DAD,18:25,19:00,18:25,19:30,19:05,19:34,19:35,19:38,01:05,00:30,DELAY,ONTIME,DELAY,DELAY,,93,00:05,,,,,,HAN,DAD,DAD,Domestic,VJ,,
2026-08-03|VJ144/VJ1127|A687|SGN-HAN-SGN|19:20,2026-08-03,VJ144/VJ1127,A687,A321,SGN-HAN-SGN,18:05,19:20,18:05,19:20,18:10,19:16,19:17,19:20,01:15,01:07,EARLY,ONTIME,ONTIME,ONTIME,,,,,,,,,HAN,SGN,SGN,Domestic,VJ,,
2026-08-03|VJ456/VJ519|A580|PQC-HAN-DAD|19:30,2026-08-03,VJ456/VJ519,A580,A321,PQC-HAN-DAD,17:45,19:30,17:45,19:30,18:35,19:28,19:29,19:31,01:45,00:54,EARLY,ONTIME,ONTIME,DELAY,,,,,,,,,HAN,PQC,DAD,Domestic,VJ,,
2026-08-03|VJ424/VJ561|A649|PXU-HAN-HUI|19:35,2026-08-03,VJ424/VJ561,A649,A321,PXU-HAN-HUI,18:50,19:35,18:50,19:35,18:55,19:29,19:30,19:35,00:45,00:35,EARLY,ONTIME,ONTIME,ONTIME,,,,,,,,,HAN,PXU,HUI,Domestic,VJ,,
2026-08-03|VJ568/VJ7712|A669|HUI-HAN-PKX|19:55,2026-08-03,VJ568/VJ7712,A669,A320,HUI-HAN-PKX,18:55,19:55,18:55,19:55,18:50,19:46,19:47,19:50,01:00,00:57,EARLY,ONTIME,ONTIME,ONTIME,,,,,,,,,HAN,HUI,PKX,International,VJ,,
2026-08-03|VJ420/VJ1785|A544|TBB-HAN-CXR|19:55,2026-08-03,VJ420/VJ1785,A544,A321,TBB-HAN-CXR,19:15,19:55,19:15,19:55,19:10,19:54,19:55,20:00,00:40,00:45,ONTIME,ONTIME,ONTIME,ONTIME,,,,,,,,,HAN,TBB,CXR,Domestic,VJ,,
2026-08-03|VJ928/VJ907|A529|CGK-HAN-BOM|20:05,2026-08-03,VJ928/VJ907,A529,A321,CGK-HAN-BOM,18:15,20:05,18:15,20:05,18:30,19:56,19:57,20:02,01:50,01:27,EARLY,ONTIME,ONTIME,ONTIME,,,,,,,,,HAN,CGK,BOM,International,VJ,,
2026-08-03|VJ931/VJ455|A521|KIX-HAN-PQC|20:05,2026-08-03,VJ931/VJ455,A521,A321,KIX-HAN-PQC,18:30,20:05,18:30,20:05,18:50,20:01,20:02,20:05,01:35,01:12,EARLY,ONTIME,ONTIME,DELAY,,,,,,,,,HAN,KIX,PQC,Domestic,VJ,,
2026-08-03|VJ152/VJ159|A643|SGN-HAN-SGN|20:10,2026-08-03,VJ152/VJ159,A643,A321,SGN-HAN-SGN,19:20,20:10,19:20,20:10,19:30,20:05,20:06,20:07,00:50,00:36,EARLY,ONTIME,ONTIME,ONTIME,,,,,,,,,HAN,SGN,SGN,Domestic,VJ,,
2026-08-03|VJ442/VJ161|A543|PQC-HAN-SGN|20:55,2026-08-03,VJ442/VJ161,A543,A321,PQC-HAN-SGN,19:05,20:55,19:05,20:55,19:15,20:54,20:55,21:00,01:50,01:40,ONTIME,ONTIME,ONTIME,ONTIME,,,,,,,,,HAN,PQC,SGN,Domestic,VJ,,
2026-08-03|VJ438/VJ7238|A671|UIH-HAN-PVG|21:15,2026-08-03,VJ438/VJ7238,A671,A320,UIH-HAN-PVG,19:25,21:15,19:25,21:15,19:06,21:14,21:15,21:21,01:50,02:09,ONTIME,ONTIME,ONTIME,ONTIME,,,,,,,,,HAN,UIH,PVG,International,VJ,,
2026-08-03|VJ146/VJ527|A651|SGN-HAN-DAD|21:25,2026-08-03,VJ146/VJ527,A651,A321,SGN-HAN-DAD,18:55,21:25,18:55,21:25,20:35,21:23,21:25,21:26,02:30,00:50,ONTIME,ONTIME,ONTIME,DELAY,,,,,,,,,HAN,SGN,DAD,Domestic,VJ,,
2026-08-03|VJ530/VJ7526|A634|DAD-HAN-CAN|22:30,2026-08-03,VJ530/VJ7526,A634,A321,DAD-HAN-CAN,20:10,22:30,20:10,22:30,20:40,22:29,22:30,22:35,02:20,01:50,ONTIME,ONTIME,ONTIME,DELAY,,,,,,,,,HAN,DAD,CAN,International,VJ,,
2026-08-03|VJ518/VJ529|A633|DAD-HAN-DAD|22:45,2026-08-03,VJ518/VJ529,A633,A321,DAD-HAN-DAD,22:15,22:45,22:15,23:25,23:20,23:49,23:50,23:52,01:10,00:30,DELAY,DELAY,DELAY,DELAY,,93,00:25,,,,,,HAN,DAD,DAD,Domestic,VJ,,
2026-08-03|VJ904/VJ167|A663|BKK-HAN-SGN|22:45,2026-08-03,VJ904/VJ167,A663,A320,BKK-HAN-SGN,20:25,22:45,20:25,22:45,20:48,22:42,22:43,22:45,02:20,01:55,EARLY,ONTIME,ONTIME,DELAY,,,,,,,,,HAN,BKK,SGN,Domestic,VJ,,
2026-08-03|VJ914/VJ962|A524|SAI-HAN-ICN|23:15,2026-08-03,VJ914/VJ962,A524,A321,SAI-HAN-ICN,20:50,23:15,20:50,23:15,22:30,23:34,23:35,23:38,02:25,01:05,DELAY,DELAY,DELAY,DELAY,,13,00:20,,,,,KOREA APIS ERROR,HAN,SAI,ICN,International,VJ,,
2026-08-03|AI2390/AI2391|VT-CIO|DEL-HAN-DEL|08:20,2026-08-03,AI2390/AI2391,VT-CIO,A320,DEL-HAN-DEL,07:20,08:20,07:20,08:20,07:45,08:34,08:35,08:38,01:00,00:50,DELAY,ONTIME,DELAY,DELAY,,93,00:15,,,,,,HAN,DEL,DEL,International,AI,,
2026-08-04|VJ932|A554|HAN-NRT|00:30,2026-08-04,VJ932,A554,A321,HAN-NRT,,00:30,,00:30,,00:29,00:30,00:35,,,ONTIME,ONTIME,ONTIME,,,,,,,,,,HAN,,NRT,International,VJ,,
2026-08-04|VJ982|A630|HAN-PUS|01:05,2026-08-04,VJ982,A630,A321,HAN-PUS,,01:05,,01:05,,00:59,01:00,01:06,,,EARLY,ONTIME,ONTIME,,,,,,,,,,HAN,,PUS,International,VJ,,
2026-08-04|VJ938|A537|HAN-KIX|01:20,2026-08-04,VJ938,A537,A321,HAN-KIX,,01:20,,01:20,,01:19,01:20,01:24,,,ONTIME,ONTIME,ONTIME,,,,,,,,,,HAN,,KIX,International,VJ,,
2026-08-04|VJ960|A640|HAN-ICN|01:40,2026-08-04,VJ960,A640,A321,HAN-ICN,,01:40,,01:40,,01:31,01:32,01:39,,,EARLY,ONTIME,ONTIME,,,,,,,,,,HAN,,ICN,International,VJ,,
2026-08-04|VJ920|A580|HAN-NGO|01:40,2026-08-04,VJ920,A580,A321,HAN-NGO,,01:40,,01:40,,01:25,01:26,01:33,,,EARLY,ONTIME,ONTIME,,,,,,,,,,HAN,,NGO,International,VJ,,
2026-08-04|VJ958|A667|HAN-FUK|02:05,2026-08-04,VJ958,A667,A321,HAN-FUK,,02:05,,02:05,,02:04,02:05,02:07,,,ONTIME,ONTIME,ONTIME,,,,,,,,,,HAN,,FUK,International,VJ,,
2026-08-04|VJ1980|A662|HAN-FSZ|02:40,2026-08-04,VJ1980,A662,A320,HAN-FSZ,,02:40,,02:40,,02:13,02:15,02:20,,,EARLY,ONTIME,ONTIME,,,,,,,,,,HAN,,FSZ,International,VJ,,
2026-08-04|VJ123|A811|HAN-SGN|05:30,2026-08-04,VJ123,A811,A330,HAN-SGN,,05:30,,05:30,,05:24,05:25,05:35,,,EARLY,ONTIME,ONTIME,,,,,,,,,,HAN,,SGN,Domestic,VJ,,
2026-08-04|VJ445|A689|HAN-PQC|05:30,2026-08-04,VJ445,A689,A320,HAN-PQC,,05:30,,05:30,,05:29,05:30,05:38,,,ONTIME,ONTIME,ONTIME,,,,,,,,,,HAN,,PQC,Domestic,VJ,,
2026-08-04|VJ501|A649|HAN-DAD|05:40,2026-08-04,VJ501,A649,A321,HAN-DAD,,05:40,,05:40,,05:34,05:35,05:41,,,EARLY,ONTIME,ONTIME,,,,,,,,,,HAN,,DAD,Domestic,VJ,,
2026-08-04|VJ771|A658|HAN-CXR|05:45,2026-08-04,VJ771,A658,A320,HAN-CXR,,05:45,,05:45,,05:44,05:45,05:50,,,ONTIME,ONTIME,ONTIME,,,,,,,,,,HAN,,CXR,Domestic,VJ,,
2026-08-04|VJ121|A632|HAN-SGN|06:00,2026-08-04,VJ121,A632,A321,HAN-SGN,,06:00,,06:00,,05:52,05:53,05:57,,,EARLY,ONTIME,ONTIME,,,,,,,,,,HAN,,SGN,Domestic,VJ,,
2026-08-04|VJ491|A687|HAN-BMV|06:00,2026-08-04,VJ491,A687,A321,HAN-BMV,,06:00,,06:00,,05:54,05:55,06:08,,,EARLY,ONTIME,ONTIME,,,,,,,,,,HAN,,BMV,Domestic,VJ,,
2026-08-04|VJ431|A699|HAN-UIH|06:05,2026-08-04,VJ431,A699,A320,HAN-UIH,,06:05,,06:05,,05:54,05:55,06:01,,,EARLY,ONTIME,ONTIME,,,,,,,,,,HAN,,UIH,Domestic,VJ,,
2026-08-04|VJ952|A666|HAN-HIJ|06:15,2026-08-04,VJ952,A666,A320,HAN-HIJ,,06:15,,06:15,,06:09,06:10,06:17,,,EARLY,ONTIME,ONTIME,,,,,,,,,,HAN,,HIJ,International,VJ,,
2026-08-04|VJ531|A534|HAN-DAD|06:30,2026-08-04,VJ531,A534,A321,HAN-DAD,,06:30,,06:30,,06:22,06:23,06:31,,,EARLY,ONTIME,ONTIME,,,,,,,,,,HAN,,DAD,Domestic,VJ,,
2026-08-04|VJ7527/VJ461|A634|CAN-HAN-VCA|06:45,2026-08-04,VJ7527/VJ461,A634,A321,CAN-HAN-VCA,03:05,06:45,03:05,06:45,03:05,06:39,06:40,06:44,03:40,03:35,EARLY,ONTIME,ONTIME,ONTIME,,,,,,,,,HAN,CAN,VCA,Domestic,VJ,,
2026-08-04|VJ1771|A647|HAN-CXR|07:00,2026-08-04,VJ1771,A647,A321,HAN-CXR,,07:00,,07:00,,06:54,06:55,07:08,,,EARLY,ONTIME,ONTIME,,,,,,,,,,HAN,,CXR,Domestic,VJ,,
2026-08-04|VJ125|A671|HAN-SGN|07:00,2026-08-04,VJ125,A671,A320,HAN-SGN,,07:00,,07:00,,06:54,06:55,07:01,,,EARLY,ONTIME,ONTIME,,,,,,,,,,HAN,,SGN,Domestic,VJ,,
2026-08-04|VJ7713/VJ421|A669|PKX-HAN-PXU|07:10,2026-08-04,VJ7713/VJ421,A669,A320,PKX-HAN-PXU,03:55,07:10,03:55,07:10,03:55,07:04,07:05,07:15,03:15,03:10,EARLY,ONTIME,ONTIME,ONTIME,,,,,,,,,HAN,PKX,PXU,Domestic,VJ,,
2026-08-04|VJ503|A539|HAN-DAD|07:30,2026-08-04,VJ503,A539,A321,HAN-DAD,,07:30,,07:30,,07:21,07:22,07:36,,,EARLY,ONTIME,ONTIME,,,,,,,,,,HAN,,DAD,Domestic,VJ,,
2026-08-04|VJ934|A203|HAN-NRT|07:55,2026-08-04,VJ934,A203,A321,HAN-NRT,,07:55,,07:55,,07:48,07:49,07:50,,,EARLY,ONTIME,ONTIME,,,,,,,,,,HAN,,NRT,International,VJ,,
2026-08-04|VJ930|A500|HAN-KIX|07:55,2026-08-04,VJ930,A500,A321,HAN-KIX,,07:55,,07:55,,07:49,07:50,07:56,,,EARLY,ONTIME,ONTIME,,,,,,,,,,HAN,,KIX,International,VJ,,
2026-08-04|VJ120/VJ127|A635|SGN-HAN-SGN|08:10,2026-08-04,VJ120/VJ127,A635,A321,SGN-HAN-SGN,07:10,08:10,07:10,08:10,07:27,08:03,08:04,08:10,01:00,00:37,EARLY,ONTIME,ONTIME,DELAY,,,,,,,,,HAN,SGN,SGN,Domestic,VJ,,
2026-08-04|VJ929|A578|HAN-CGK|08:40,2026-08-04,VJ929,A578,A321,HAN-CGK,,08:40,,08:40,,08:30,08:31,08:34,,,EARLY,ONTIME,ONTIME,,,,,,,,,,HAN,,CGK,International,VJ,,
2026-08-04|VJ447|A672|HAN-PQC|08:45,2026-08-04,VJ447,A672,A320,HAN-PQC,,08:45,,08:45,,08:37,08:40,08:45,,,EARLY,ONTIME,ONTIME,,,,,,,,,,HAN,,PQC,Domestic,VJ,,
2026-08-04|VJ504/VJ435|A676|DAD-HAN-UIH|08:50,2026-08-04,VJ504/VJ435,A676,A320,DAD-HAN-UIH,08:20,08:50,08:20,08:50,08:20,08:36,08:37,08:45,00:30,00:17,EARLY,ONTIME,ONTIME,ONTIME,,,,,,,,,HAN,DAD,UIH,Domestic,VJ,,
2026-08-04|VJ514/VJ563|A649|DAD-HAN-HUI|09:20,2026-08-04,VJ514/VJ563,A649,A321,DAD-HAN-HUI,08:50,09:20,08:50,09:20,08:55,09:19,09:20,09:20,00:30,00:25,ONTIME,ONTIME,ONTIME,ONTIME,,,,,,,,,HAN,DAD,HUI,Domestic,VJ,,
2026-08-04|VJ915|A544|HAN-SIN|09:35,2026-08-04,VJ915,A544,A321,HAN-SIN,,09:35,,09:35,,09:34,09:35,09:38,,,ONTIME,ONTIME,ONTIME,,,,,,,,,,HAN,,SIN,International,VJ,,
2026-08-04|VJ126/VJ131|A629|SGN-HAN-SGN|10:10,2026-08-04,VJ126/VJ131,A629,A321,SGN-HAN-SGN,09:40,10:10,09:40,10:10,09:55,10:23,10:24,10:25,00:30,00:29,DELAY,ONTIME,ONTIME,ONTIME,,93,00:14,,,,,,HAN,SGN,SGN,Domestic,VJ,,
2026-08-04|VJ122/VJ1773|A516|SGN-HAN-CXR|10:10,2026-08-04,VJ122/VJ1773,A516,A321,SGN-HAN-CXR,09:35,10:10,09:35,10:10,10:20,10:44,10:45,10:47,00:35,00:25,DELAY,DELAY,DELAY,DELAY,,93,00:35,,,,,,HAN,SGN,CXR,Domestic,VJ,,
2026-08-04|VJ532/VJ463|A534|DAD-HAN-VCA|10:20,2026-08-04,VJ532/VJ463,A534,A321,DAD-HAN-VCA,09:45,10:20,09:45,10:20,09:45,10:14,10:15,10:16,00:35,00:30,EARLY,ONTIME,ONTIME,ONTIME,,,,,,,,,HAN,DAD,VCA,Domestic,VJ,,
2026-08-04|VJ430/VJ425|A699|UIH-HAN-PXU|10:20,2026-08-04,VJ430/VJ425,A699,A320,UIH-HAN-PXU,09:50,10:20,09:50,10:20,10:00,10:24,10:25,10:30,00:30,00:25,DELAY,ONTIME,ONTIME,ONTIME,,93,00:05,,,,,,HAN,UIH,PXU,Domestic,VJ,,
2026-08-04|VJ963/VJ997|A524|ICN-HAN-DPS|10:25,2026-08-04,VJ963/VJ997,A524,A321,ICN-HAN-DPS,08:55,10:25,08:55,10:25,09:10,10:34,10:35,10:40,01:30,01:25,DELAY,ONTIME,ONTIME,ONTIME,,99,00:10,,,,,CAPT REQ EXTRA FUEL 1020,HAN,ICN,DPS,International,VJ,,
2026-08-04|VJ770/VJ437|A658|CXR-HAN-UIH|10:25,2026-08-04,VJ770/VJ437,A658,A320,CXR-HAN-UIH,09:55,10:25,09:55,10:50,10:25,10:48,10:50,10:58,00:55,00:25,ONTIME,ONTIME,DELAY,DELAY,,,,,,,,,HAN,CXR,UIH,Domestic,VJ,,
2026-08-04|VJ910/VJ565|A529|BOM-HAN-HUI|10:30,2026-08-04,VJ910/VJ565,A529,A321,BOM-HAN-HUI,07:10,10:30,07:10,10:30,06:45,10:29,10:30,10:40,03:20,03:45,ONTIME,ONTIME,ONTIME,ONTIME,,,,,,,,,HAN,BOM,HUI,Domestic,VJ,,
2026-08-04|VJ492/VJ493|A687|BMV-HAN-BMV|10:30,2026-08-04,VJ492/VJ493,A687,A321,BMV-HAN-BMV,10:00,10:30,10:00,10:30,10:10,10:36,10:37,10:42,00:30,00:27,DELAY,ONTIME,ONTIME,ONTIME,,93,00:07,,,,,,HAN,BMV,BMV,Domestic,VJ,,
2026-08-04|VJ524/VJ507|A539|DAD-HAN-DAD|11:10,2026-08-04,VJ524/VJ507,A539,A321,DAD-HAN-DAD,10:40,11:10,10:40,11:30,11:00,11:27,11:28,11:33,00:50,00:28,EARLY,ONTIME,DELAY,DELAY,,,,,,,,,HAN,DAD,DAD,Domestic,VJ,,
2026-08-04|VJ901|A542|HAN-BKK|11:10,2026-08-04,VJ901,A542,A321,HAN-BKK,,11:10,,11:10,,11:04,11:05,11:10,,,EARLY,ONTIME,ONTIME,,,,,,,,,,HAN,,BKK,International,VJ,,
2026-08-04|VJ133|A653|HAN-SGN|11:20,2026-08-04,VJ133,A653,A321,HAN-SGN,,11:20,,11:20,,11:19,11:20,11:24,,,ONTIME,ONTIME,ONTIME,,,,,,,,,,HAN,,SGN,Domestic,VJ,,
2026-08-04|VJ190/VJ195|A641|SGN-HAN-SGN|11:25,2026-08-04,VJ190/VJ195,A641,A321,SGN-HAN-SGN,10:25,11:25,10:25,11:25,10:35,11:24,11:25,11:30,01:00,00:50,ONTIME,ONTIME,ONTIME,ONTIME,,,,,,,,,HAN,SGN,SGN,Domestic,VJ,,
2026-08-04|VJ451|A535|HAN-PQC|11:45,2026-08-04,VJ451,A535,A321,HAN-PQC,,11:45,,11:45,,13:04,13:05,13:10,,,DELAY,DELAY,DELAY,,,87,01:20,,,,,A/C LATE POSITIONING DUE TO RAMP CONGESTION (CHOCK ON 1230),HAN,,PQC,Domestic,VJ,,
2026-08-04|VJ130/VJ1453|A632|SGN-HAN-PQC|11:50,2026-08-04,VJ130/VJ1453,A632,A321,SGN-HAN-PQC,10:50,11:50,10:50,11:50,11:30,11:55,11:56,12:03,01:00,00:26,DELAY,ONTIME,ONTIME,DELAY,,93,00:06,,,,,,HAN,SGN,PQC,Domestic,VJ,,
2026-08-04|VJ462/VJ515|A634|VCA-HAN-DAD|12:10,2026-08-04,VJ462/VJ515,A634,A321,VCA-HAN-DAD,11:40,12:10,11:40,12:10,11:38,12:09,12:10,12:20,00:30,00:32,ONTIME,ONTIME,ONTIME,ONTIME,,,,,,,,,HAN,VCA,DAD,Domestic,VJ,,
2026-08-04|VJ422/VJ7638|A669|PXU-HAN-TXN|12:10,2026-08-04,VJ422/VJ7638,A669,A320,PXU-HAN-TXN,10:50,12:10,10:50,12:10,10:50,12:02,12:03,12:13,01:20,01:13,EARLY,ONTIME,ONTIME,ONTIME,,,,,,,,,HAN,PXU,TXN,International,VJ,,
2026-08-04|VJ1772/VJ137|A647|CXR-HAN-SGN|12:50,2026-08-04,VJ1772/VJ137,A647,A321,CXR-HAN-SGN,11:15,12:50,11:15,12:50,11:50,14:11,14:12,14:18,01:35,02:22,DELAY,DELAY,DELAY,DELAY,,61,01:22,,,,,"CHANGE FPL ,DOWN CONFIG A330 > A321",HAN,CXR,SGN,Domestic,VJ,,
2026-08-04|VJ981/VJ453|A630|PUS-HAN-PQC|13:00,2026-08-04,VJ981/VJ453,A630,A321,PUS-HAN-PQC,10:40,13:00,10:40,13:00,10:35,12:58,13:00,13:01,02:20,02:25,ONTIME,ONTIME,ONTIME,ONTIME,,,,,,,,,HAN,PUS,PQC,Domestic,VJ,,
2026-08-04|VJ432/VJ509|A676|UIH-HAN-DAD|13:05,2026-08-04,VJ432/VJ509,A676,A320,UIH-HAN-DAD,12:35,13:05,12:35,13:05,13:10,13:33,13:34,13:35,00:30,00:24,DELAY,DELAY,DELAY,DELAY,,93,00:29,,,,,,HAN,UIH,DAD,Domestic,VJ,,
2026-08-04|VJ564/VJ787|A649|HUI-HAN-CXR|13:10,2026-08-04,VJ564/VJ787,A649,A321,HUI-HAN-CXR,12:20,13:10,12:20,13:10,12:30,13:07,13:08,13:22,00:50,00:38,EARLY,ONTIME,ONTIME,ONTIME,,,,,,,,,HAN,HUI,CXR,Domestic,VJ,,
2026-08-04|VJ1774/VJ948|A536|CXR-HAN-RMQ|13:30,2026-08-04,VJ1774/VJ948,A536,A321,CXR-HAN-RMQ,14:45,13:30,14:45,15:40,14:50,15:52,15:53,15:59,00:55,01:03,DELAY,ONTIME,DELAY,ONTIME,,61,00:13,,,,,CHANGE FPL,HAN,CXR,RMQ,International,VJ,,
2026-08-04|VJ939/VJ433|A537|KIX-HAN-UIH|13:35,2026-08-04,VJ939/VJ433,A537,A321,KIX-HAN-UIH,12:20,13:35,12:20,13:35,12:05,13:30,13:31,13:41,01:15,01:26,EARLY,ONTIME,ONTIME,ONTIME,,,,,,,,,HAN,KIX,UIH,Domestic,VJ,,
2026-08-04|VJ921/VJ441|A580|NGO-HAN-PQC|14:00,2026-08-04,VJ921/VJ441,A580,A321,NGO-HAN-PQC,12:50,14:00,12:50,14:00,12:35,13:54,13:55,13:59,01:10,01:20,EARLY,ONTIME,ONTIME,ONTIME,,,,,,,,,HAN,NGO,PQC,Domestic,VJ,,
2026-08-04|VJ448/VJ7316|A689|PQC-HAN-ENH|14:00,2026-08-04,VJ448/VJ7316,A689,A320,PQC-HAN-ENH,10:15,14:00,10:15,14:00,10:35,13:47,13:48,14:14,03:45,03:13,EARLY,ONTIME,ONTIME,DELAY,,,,,,,,,HAN,PQC,ENH,International,VJ,,
2026-08-04|VJ566/VJ143|A529|HUI-HAN-SGN|14:05,2026-08-04,VJ566/VJ143,A529,A321,HUI-HAN-SGN,13:30,14:05,13:30,14:05,13:50,14:24,14:25,14:35,00:35,00:35,DELAY,DELAY,DELAY,DELAY,,93,00:15,99,00:05,,,SUPPORT ACCEPT 03 PAX DUE TO VJ137 DOWN CONFIG,HAN,HUI,SGN,Domestic,VJ,,
2026-08-04|VJ933/VJ942|A554|NRT-HAN-TPE|14:25,2026-08-04,VJ933/VJ942,A554,A321,NRT-HAN-TPE,13:05,14:25,13:05,14:25,13:25,14:24,14:25,14:30,01:20,01:00,ONTIME,ONTIME,ONTIME,DELAY,,,,,,,,,HAN,NRT,TPE,International,VJ,,
2026-08-04|VJ134/VJ467|A671|SGN-HAN-VCA|14:30,2026-08-04,VJ134/VJ467,A671,A320,SGN-HAN-VCA,13:30,14:30,13:30,14:30,14:05,14:29,14:30,14:38,01:00,00:25,ONTIME,ONTIME,ONTIME,DELAY,,,,,,,,,HAN,SGN,VCA,Domestic,VJ,,
2026-08-04|VJ1504/VJ1505|A693|DAD-HAN-DAD|14:35,2026-08-04,VJ1504/VJ1505,A693,A321,DAD-HAN-DAD,14:00,14:35,14:00,14:35,14:20,14:48,14:49,14:50,00:35,00:29,DELAY,ONTIME,ONTIME,DELAY,,93,00:14,,,,,,HAN,DAD,DAD,Domestic,VJ,,
2026-08-04|VJ961/VJ946|A640|ICN-HAN-KHH|14:35,2026-08-04,VJ961/VJ946,A640,A321,ICN-HAN-KHH,13:35,14:35,13:35,14:35,13:32,14:34,14:35,14:41,01:00,01:03,ONTIME,ONTIME,ONTIME,ONTIME,,,,,,,,,HAN,ICN,KHH,International,VJ,,
2026-08-04|VJ136/VJ145|A650|SGN-HAN-SGN|14:40,2026-08-04,VJ136/VJ145,A650,A320,SGN-HAN-SGN,14:10,14:40,14:10,14:40,14:45,15:14,15:15,15:25,00:30,00:30,DELAY,DELAY,DELAY,DELAY,,93,00:30,13,00:05,,,,HAN,SGN,SGN,Domestic,VJ,,
2026-08-04|VJ510/VJ511|A539|DAD-HAN-DAD|15:05,2026-08-04,VJ510/VJ511,A539,A321,DAD-HAN-DAD,14:35,15:05,14:35,15:50,15:25,15:54,15:55,15:58,01:15,00:30,DELAY,ONTIME,DELAY,DELAY,,93,00:05,,,,,,HAN,DAD,DAD,Domestic,VJ,,
2026-08-04|VJ426/VJ1451|A699|PXU-HAN-PQC|15:05,2026-08-04,VJ426/VJ1451,A699,A320,PXU-HAN-PQC,14:05,15:05,14:05,15:05,14:10,14:57,14:58,15:04,01:00,00:48,EARLY,ONTIME,ONTIME,ONTIME,,,,,,,,,HAN,PXU,PQC,Domestic,VJ,,
2026-08-04|VJ436/VJ423|A658|UIH-HAN-PXU|15:05,2026-08-04,VJ436/VJ423,A658,A320,UIH-HAN-PXU,14:10,15:05,14:10,15:05,14:45,15:09,15:10,15:15,00:55,00:25,DELAY,ONTIME,ONTIME,DELAY,,93,00:05,,,,,,HAN,UIH,PXU,Domestic,VJ,,
2026-08-04|VJ494/VJ419|A687|BMV-HAN-TBB|15:20,2026-08-04,VJ494/VJ419,A687,A321,BMV-HAN-TBB,14:30,15:20,14:30,15:50,15:25,15:49,15:50,15:59,01:20,00:25,ONTIME,ONTIME,DELAY,DELAY,,,,,,,,,HAN,BMV,TBB,Domestic,VJ,,
2026-08-04|VJ1981/VJ903|A662|FSZ-HAN-BKK|15:45,2026-08-04,VJ1981/VJ903,A662,A320,FSZ-HAN-BKK,14:00,15:45,14:00,15:45,13:53,15:33,15:35,15:36,01:45,01:42,EARLY,ONTIME,ONTIME,ONTIME,,,,,,,,,HAN,FSZ,BKK,International,VJ,,
2026-08-04|VJ464/VJ567|A534|VCA-HAN-HUI|15:55,2026-08-04,VJ464/VJ567,A534,A321,VCA-HAN-HUI,15:10,15:55,15:10,15:55,15:10,15:53,15:55,16:01,00:45,00:45,ONTIME,ONTIME,ONTIME,ONTIME,,,,,,,,,HAN,VCA,HUI,Domestic,VJ,,
2026-08-04|VJ440/VJ439|A672|PQC-HAN-UIH|16:00,2026-08-04,VJ440/VJ439,A672,A320,PQC-HAN-UIH,13:30,16:00,13:30,16:00,14:00,15:52,15:55,16:05,02:30,01:55,EARLY,ONTIME,ONTIME,DELAY,,,,,,,,,HAN,PQC,UIH,Domestic,VJ,,
2026-08-04|VJ508/VJ773|A634|DAD-HAN-CXR|16:00,2026-08-04,VJ508/VJ773,A634,A321,DAD-HAN-CXR,15:25,16:00,15:25,16:00,16:05,16:41,16:42,16:52,00:35,00:37,DELAY,DELAY,DELAY,DELAY,,93,00:35,66,00:07,,,CREW OB 1612,HAN,DAD,CXR,Domestic,VJ,,
2026-08-04|VJ5068/VJ5068|A516|CXR-HAN-NOZ|16:55,2026-08-04,VJ5068/VJ5068,A516,A321,CXR-HAN-NOZ,16:20,16:55,16:20,16:55,16:38,17:12,17:13,17:23,00:35,00:35,DELAY,DELAY,DELAY,DELAY,,93,00:18,,,,,,HAN,CXR,NOZ,International,VJ,,
2026-08-04|VJ140/VJ151|A653|SGN-HAN-SGN|17:00,2026-08-04,VJ140/VJ151,A653,A321,SGN-HAN-SGN,16:30,17:00,16:30,17:00,16:35,17:09,17:10,17:15,00:30,00:35,DELAY,ONTIME,ONTIME,ONTIME,,93,00:10,,,,,,HAN,SGN,SGN,Domestic,VJ,,
2026-08-04|VJ902/VJ465|A542|BKK-HAN-VCA|17:00,2026-08-04,VJ902/VJ465,A542,A321,BKK-HAN-VCA,15:50,17:00,15:50,17:00,16:00,16:54,16:55,16:58,01:10,00:55,EARLY,ONTIME,ONTIME,ONTIME,,,,,,,,,HAN,BKK,VCA,Domestic,VJ,,
2026-08-04|VJ953/VJ457|A666|HIJ-HAN-PQC|17:10,2026-08-04,VJ953/VJ457,A666,A320,HIJ-HAN-PQC,16:10,17:10,16:10,17:10,16:20,17:09,17:10,17:15,01:00,00:50,ONTIME,ONTIME,ONTIME,ONTIME,,,,,,,,,HAN,HIJ,PQC,Domestic,VJ,,
2026-08-04|VJ1454/VJ495|A607|PQC-HAN-BMV|17:30,2026-08-04,VJ1454/VJ495,A607,A321,PQC-HAN-BMV,16:50,17:30,16:50,17:30,17:30,17:59,18:00,18:10,00:40,00:30,DELAY,DELAY,DELAY,DELAY,,93,00:30,,,,,,HAN,PQC,BMV,Domestic,VJ,,
2026-08-04|VJ959/VJ141|A667|FUK-HAN-SGN|17:35,2026-08-04,VJ959/VJ141,A667,A321,FUK-HAN-SGN,11:45,17:35,11:45,17:35,11:35,17:34,17:35,17:40,05:50,06:00,ONTIME,ONTIME,ONTIME,ONTIME,,,,,,,,,HAN,FUK,SGN,Domestic,VJ,,
2026-08-04|VJ530/VJ1431|A676|DAD-HAN-UIH|17:40,2026-08-04,VJ530/VJ1431,A676,A320,DAD-HAN-UIH,16:15,17:40,16:15,17:40,17:05,17:33,17:35,17:38,01:25,00:30,EARLY,ONTIME,ONTIME,DELAY,,,,,,,,,HAN,DAD,UIH,Domestic,VJ,,
2026-08-04|VJ774/VJ517|A649|CXR-HAN-DAD|17:45,2026-08-04,VJ774/VJ517,A649,A321,CXR-HAN-DAD,17:15,17:45,17:15,17:45,17:50,18:19,18:20,18:25,00:30,00:30,DELAY,DELAY,DELAY,DELAY,,93,00:35,,,,,,HAN,CXR,DAD,Domestic,VJ,,
2026-08-04|VJ456/VJ781|A630|PQC-HAN-CXR|18:15,2026-08-04,VJ456/VJ781,A630,A321,PQC-HAN-CXR,17:45,18:15,17:45,18:15,17:48,18:14,18:15,18:18,00:30,00:27,ONTIME,ONTIME,ONTIME,ONTIME,,,,,,,,,HAN,PQC,CXR,Domestic,VJ,,
2026-08-04|VJ512/VJ521|A539|DAD-HAN-DAD|18:45,2026-08-04,VJ512/VJ521,A539,A321,DAD-HAN-DAD,18:15,18:45,18:15,19:40,19:35,20:04,20:05,20:07,01:25,00:30,DELAY,DELAY,DELAY,DELAY,,93,00:25,,,,,,HAN,DAD,DAD,Domestic,VJ,,
2026-08-04|VJ916/VJ789|A544|SIN-HAN-CXR|18:45,2026-08-04,VJ916/VJ789,A544,A321,SIN-HAN-CXR,17:25,18:45,17:25,18:45,17:30,18:37,18:38,18:50,01:20,01:08,EARLY,ONTIME,ONTIME,ONTIME,,,,,,,,,HAN,SIN,CXR,Domestic,VJ,,
2026-08-04|VJ155|A811|HAN-SGN|18:55,2026-08-04,VJ155,A811,A330,HAN-SGN,,18:55,,19:55,,19:54,19:55,20:05,,,ONTIME,ONTIME,DELAY,,,,,,,,,,HAN,,SGN,Domestic,VJ,,
2026-08-04|VJ424/VJ561|A658|PXU-HAN-HUI|19:15,2026-08-04,VJ424/VJ561,A658,A320,PXU-HAN-HUI,18:45,19:15,18:45,19:15,18:45,19:14,19:15,19:18,00:30,00:30,ONTIME,ONTIME,ONTIME,ONTIME,,,,,,,,,HAN,PXU,HUI,Domestic,VJ,,
2026-08-04|VJ144/VJ519|A644|SGN-HAN-DAD|19:25,2026-08-04,VJ144/VJ519,A644,A321,SGN-HAN-DAD,18:05,19:25,18:05,19:25,18:25,19:17,19:18,19:20,01:20,00:53,EARLY,ONTIME,ONTIME,DELAY,,,,,,,,,HAN,SGN,DAD,Domestic,VJ,,
2026-08-04|VJ434/VJ157|A537|UIH-HAN-SGN|19:30,2026-08-04,VJ434/VJ157,A537,A321,UIH-HAN-SGN,17:25,19:30,17:25,19:30,17:35,19:34,19:35,19:45,02:05,02:00,DELAY,ONTIME,ONTIME,ONTIME,,,,99,00:05,,,WAIT FOR CREW ON GD ( CREW VJ148 OB 1932),HAN,UIH,SGN,Domestic,VJ,,
2026-08-04|VJ931/VJ971|A500|KIX-HAN-DEL|19:40,2026-08-04,VJ931/VJ971,A500,A321,KIX-HAN-DEL,18:30,19:40,18:30,19:40,18:55,19:39,19:40,19:54,01:10,00:45,ONTIME,ONTIME,ONTIME,DELAY,,,,,,,,,HAN,KIX,DEL,International,VJ,,
2026-08-04|VJ568/VJ523|A534|HUI-HAN-DAD|19:40,2026-08-04,VJ568/VJ523,A534,A321,HUI-HAN-DAD,18:55,19:40,18:55,19:40,,19:34,19:35,19:37,00:45,,EARLY,ONTIME,ONTIME,ONTIME,,,,,,,,,HAN,HUI,DAD,Domestic,VJ,,
2026-08-04|VJ928/VJ1925|A578|CGK-HAN-AMD|19:45,2026-08-04,VJ928/VJ1925,A578,A321,CGK-HAN-AMD,18:15,19:45,18:15,19:45,18:35,19:41,19:42,19:48,01:30,01:07,EARLY,ONTIME,ONTIME,DELAY,,,,,,,,,HAN,CGK,AMD,International,VJ,,
2026-08-04|VJ7639/VJ7712|A669|TXN-HAN-PKX|20:00,2026-08-04,VJ7639/VJ7712,A669,A320,TXN-HAN-PKX,18:55,20:00,18:55,20:00,18:55,19:51,19:52,20:00,01:05,00:57,EARLY,ONTIME,ONTIME,ONTIME,,,,,,,,,HAN,TXN,PKX,International,VJ,,
2026-08-04|VJ438/VJ1127|A672|UIH-HAN-SGN|20:25,2026-08-04,VJ438/VJ1127,A672,A320,UIH-HAN-SGN,19:45,20:25,19:45,20:25,20:15,20:39,20:40,20:50,00:40,00:25,DELAY,ONTIME,DELAY,DELAY,,,,,,,,LATE TAKE OFF DUE TO ATC,HAN,UIH,SGN,Domestic,VJ,,
2026-08-04|VJ148/VJ783|A635|SGN-HAN-CXR|20:30,2026-08-04,VJ148/VJ783,A635,A321,SGN-HAN-CXR,18:25,20:30,18:25,20:30,19:10,20:43,20:44,20:45,02:05,01:34,DELAY,ONTIME,ONTIME,DELAY,,,,95,00:14,,,CREW VJ438 OB 2035,HAN,SGN,CXR,Domestic,VJ,,
2026-08-04|VJ468/VJ161|A671|VCA-HAN-SGN|20:55,2026-08-04,VJ468/VJ161,A671,A320,VCA-HAN-SGN,19:50,20:55,19:50,20:55,19:50,20:38,20:39,20:45,01:05,00:49,EARLY,ONTIME,ONTIME,ONTIME,,,,,,,,LATE TAKEOFF DUE TO ATC,HAN,VCA,SGN,Domestic,VJ,,
2026-08-04|VJ7317/VJ7238|A689|ENH-HAN-PVG|21:15,2026-08-04,VJ7317/VJ7238,A689,A320,ENH-HAN-PVG,19:25,21:15,19:25,21:15,19:45,21:11,21:12,21:22,01:50,01:27,EARLY,ONTIME,ONTIME,DELAY,,,,,,,,,HAN,ENH,PVG,International,VJ,,
2026-08-04|VJ154/VJ163|A693|SGN-HAN-SGN|21:25,2026-08-04,VJ154/VJ163,A693,A321,SGN-HAN-SGN,20:55,21:25,20:55,21:25,23:25,23:52,23:53,23:57,00:30,00:28,DELAY,DELAY,DELAY,DELAY,,93,02:28,,,,,,HAN,SGN,SGN,Domestic,VJ,,
2026-08-04|VJ454/VJ527|A535|PQC-HAN-DAD|21:25,2026-08-04,VJ454/VJ527,A535,A321,PQC-HAN-DAD,16:45,21:25,16:45,22:10,18:15,22:09,22:10,22:25,05:25,03:55,ONTIME,ONTIME,DELAY,DELAY,,,,,,,,LATE TAKEOFF DUE TO BAD WEATHER AT HAN,HAN,PQC,DAD,Domestic,VJ,,
2026-08-04|VJ776/VJ7526|A634|CXR-HAN-CAN|22:30,2026-08-04,VJ776/VJ7526,A634,A321,CXR-HAN-CAN,20:10,22:30,20:10,22:30,21:35,22:29,22:30,23:14,02:20,00:55,ONTIME,ONTIME,DELAY,DELAY,,,,,,,,LATE TAKEOFF DUE TO BAD WEATHER AT HAN,HAN,CXR,CAN,International,VJ,,
2026-08-04|VJ518/VJ529|A539|DAD-HAN-DAD|22:35,2026-08-04,VJ518/VJ529,A539,A321,DAD-HAN-DAD,22:05,22:35,22:05,23:35,00:30,00:56,00:57,0:58:00,01:30,00:27,DELAY,DELAY,DELAY,DELAY,,93,01:22,,,,,,HAN,DAD,DAD,Domestic,VJ,,
2026-08-04|VJ520/VJ167|A649|DAD-HAN-SGN|22:45,2026-08-04,VJ520/VJ167,A649,A321,DAD-HAN-SGN,20:55,22:45,20:55,02:00,22:00,02:29,02:30,02:37,05:05,04:30,DELAY,DELAY,DELAY,DELAY,,,,95,00:30,,,CREW VJ496 OB 0208L,HAN,DAD,SGN,Domestic,VJ,,
2026-08-04|VJ466/VJ962|A542|VCA-HAN-ICN|23:15,2026-08-04,VJ466/VJ962,A542,A321,VCA-HAN-ICN,21:50,23:15,21:50,23:15,21:55,23:14,23:15,23:20,01:25,01:20,ONTIME,ONTIME,ONTIME,ONTIME,,,,,,,,,HAN,VCA,ICN,International,VJ,,
2026-08-04|VJ522/VJ169|A644|DAD-HAN-SGN|23:25,2026-08-04,VJ522/VJ169,A644,A321,DAD-HAN-SGN,22:35,23:25,22:35,00:30,23:45,00:21,00:22,00:25,01:55,00:37,EARLY,ONTIME,DELAY,DELAY,,,,,,,,,HAN,DAD,SGN,Domestic,VJ,,
2026-08-05|VJ932|A203|HAN-NRT|00:30,2026-08-05,VJ932,A203,A321,HAN-NRT,,00:30,,00:30,,00:29,00:30,00:35,,,ONTIME,ONTIME,ONTIME,,,,,,,,,,HAN,,NRT,International,VJ,,
2026-08-05|VJ982|A640|HAN-PUS|01:05,2026-08-05,VJ982,A640,A321,HAN-PUS,,01:05,,01:05,,00:54,00:55,01:00,,,EARLY,ONTIME,ONTIME,,,,,,,,,,HAN,,PUS,International,VJ,,
2026-08-05|VJ920|A524|HAN-NGO|01:40,2026-08-05,VJ920,A524,A321,HAN-NGO,,01:40,,02:05,,02:19,02:20,02:30,,,DELAY,ONTIME,DELAY,,,,,99,00:15,,,LATE ACCEPT PAX FROM VJ 458,HAN,,NGO,International,VJ,,
2026-08-05|VJ7706/VJ7706|A575|CXR-HAN-KHV|01:05,2026-08-05,VJ7706/VJ7706,A575,A321,CXR-HAN-KHV,00:30,01:05,00:30,02:05,01:40,02:09,02:10,02:22,01:35,00:30,DELAY,ONTIME,DELAY,DELAY,,93,00:05,,,,,,HAN,CXR,KHV,International,VJ,,
2026-08-05|VJ960|A537|HAN-ICN|02:20,2026-08-05,VJ960,A537,A321,HAN-ICN,,02:20,,02:20,,02:19,02:20,02:23,,,ONTIME,ONTIME,ONTIME,,,,,,,,,,HAN,,ICN,International,VJ,,
2026-08-05|VJ938|A529|HAN-KIX|02:30,2026-08-05,VJ938,A529,A321,HAN-KIX,,02:30,,02:30,,02:19,02:20,02:31,,,EARLY,ONTIME,ONTIME,,,,,,,,,,HAN,,KIX,International,VJ,,
2026-08-05|VJ123|A687|HAN-SGN|05:30,2026-08-05,VJ123,A687,A321,HAN-SGN,,05:30,,05:30,,05:29,05:30,05:34,,,ONTIME,ONTIME,ONTIME,,,,,,,,,,HAN,,SGN,Domestic,VJ,,
2026-08-05|VJ445|A639|HAN-PQC|05:30,2026-08-05,VJ445,A639,A321,HAN-PQC,,05:30,,05:30,,05:24,05:25,05:29,,,EARLY,ONTIME,ONTIME,,,,,,,,,,HAN,,PQC,Domestic,VJ,,
2026-08-05|VJ501|A554|HAN-DAD|05:40,2026-08-05,VJ501,A554,A321,HAN-DAD,,05:40,,05:40,,05:34,05:35,05:39,,,EARLY,ONTIME,ONTIME,,,,,,,,,,HAN,,DAD,Domestic,VJ,,
2026-08-05|VJ771|A662|HAN-CXR|05:45,2026-08-05,VJ771,A662,A320,HAN-CXR,,05:45,,05:45,,05:39,05:40,05:46,,,EARLY,ONTIME,ONTIME,,,,,,,,,,HAN,,CXR,Domestic,VJ,,
2026-08-05|VJ121|A667|HAN-SGN|06:00,2026-08-05,VJ121,A667,A321,HAN-SGN,,06:00,,06:00,,05:54,05:55,06:03,,,EARLY,ONTIME,ONTIME,,,,,,,,,,HAN,,SGN,Domestic,VJ,,
2026-08-05|VJ491|A634|HAN-BMV|06:00,2026-08-05,VJ491,A634,A321,HAN-BMV,,06:00,,06:00,,05:54,05:55,05:58,,,EARLY,ONTIME,ONTIME,,,,,,,,,,HAN,,BMV,Domestic,VJ,,
2026-08-05|VJ431|A676|HAN-UIH|06:05,2026-08-05,VJ431,A676,A320,HAN-UIH,,06:05,,06:05,,06:02,06:03,06:07,,,EARLY,ONTIME,ONTIME,,,,,,,,,,HAN,,UIH,Domestic,VJ,,
2026-08-05|VJ531|A658|HAN-DAD|06:30,2026-08-05,VJ531,A658,A320,HAN-DAD,,06:30,,06:30,,06:29,06:30,06:38,,,ONTIME,ONTIME,ONTIME,,,,,,,,,,HAN,,DAD,Domestic,VJ,,
2026-08-05|VJ449|A666|HAN-PQC|06:30,2026-08-05,VJ449,A666,A320,HAN-PQC,,06:30,,06:30,,06:24,06:25,06:32,,,EARLY,ONTIME,ONTIME,,,,,,,,,,HAN,,PQC,Domestic,VJ,,
2026-08-05|VJ461|A534|HAN-VCA|06:45,2026-08-05,VJ461,A534,A321,HAN-VCA,,06:45,,06:45,,06:39,06:40,06:48,,,EARLY,ONTIME,ONTIME,,,,,,,,,,HAN,,VCA,Domestic,VJ,,
2026-08-05|VJ5069/VJ5069|A516|HAN-CXR|06:45,2026-08-05,VJ5069/VJ5069,A516,A321,HAN-CXR,06:15,06:45,06:15,06:45,06:10,06:44,06:45,06:47,00:30,00:35,ONTIME,ONTIME,ONTIME,ONTIME,,,,,,,,LATE TAKEOFF DUE TO ATC,HAN,,CXR,Domestic,VJ,,
2026-08-05|VJ125|A699|HAN-SGN|07:00,2026-08-05,VJ125,A699,A320,HAN-SGN,,07:00,,07:00,,06:54,06:55,07:02,,,EARLY,ONTIME,ONTIME,,,,,,,,,LATE TAKEOFF DUE TO ATC,HAN,,SGN,Domestic,VJ,,
2026-08-05|VJ1771|A689|HAN-CXR|07:00,2026-08-05,VJ1771,A689,A320,HAN-CXR,,07:00,,07:00,,07:54,07:55,08:00,,,DELAY,DELAY,DELAY,,,41,00:55,,,,,TECHNICAL CHECK,HAN,,CXR,Domestic,VJ,,
2026-08-05|VJ421|A669|HAN-PXU|07:10,2026-08-05,VJ421,A669,A320,HAN-PXU,,07:10,,07:10,,07:04,07:05,07:16,,,EARLY,ONTIME,ONTIME,,,,,,,,,,HAN,,PXU,Domestic,VJ,,
2026-08-05|VJ905|A698|HAN-KUL|07:25,2026-08-05,VJ905,A698,A321,HAN-KUL,,07:25,,07:25,,07:24,07:25,07:30,,,ONTIME,ONTIME,ONTIME,,,,,,,,,,HAN,,KUL,International,VJ,,
2026-08-05|VJ502/VJ503|A535|DAD-HAN-DAD|07:30,2026-08-05,VJ502/VJ503,A535,A321,DAD-HAN-DAD,07:00,07:30,07:00,07:30,07:10,07:34,07:35,07:39,00:30,00:25,DELAY,ONTIME,ONTIME,ONTIME,,93,00:05,,,,,,HAN,DAD,DAD,Domestic,VJ,,
2026-08-05|VJ934|A578|AMD-HAN-NRT|07:55,2026-08-05,VJ934,A578,A321,AMD-HAN-NRT,,07:55,,07:55,,07:54,07:55,08:03,,,ONTIME,ONTIME,ONTIME,,,,,,,,,,HAN,AMD,NRT,International,VJ,,
2026-08-05|VJ930|A536|HAN-KIX|07:55,2026-08-05,VJ930,A536,A321,HAN-KIX,,07:55,,07:55,,07:54,07:55,08:05,,,ONTIME,ONTIME,ONTIME,,,,,,,,,,HAN,,KIX,International,VJ,,
2026-08-05|VJ120/VJ127|A550|SGN-HAN-SGN|08:10,2026-08-05,VJ120/VJ127,A550,A321,SGN-HAN-SGN,07:10,08:10,07:10,08:10,07:25,08:04,08:05,08:15,01:00,00:40,EARLY,ONTIME,ONTIME,ONTIME,,,,,,,,,HAN,SGN,SGN,Domestic,VJ,,
2026-08-05|VJ972/VJ929|A500|DEL-HAN-CGK|08:40,2026-08-05,VJ972/VJ929,A500,A321,DEL-HAN-CGK,05:40,08:40,05:40,08:40,05:46,08:30,08:32,08:33,03:00,02:46,EARLY,ONTIME,ONTIME,ONTIME,,,,,,,,,HAN,DEL,CGK,International,VJ,,
2026-08-05|VJ124/VJ129|A672|SGN-HAN-SGN|08:45,2026-08-05,VJ124/VJ129,A672,A320,SGN-HAN-SGN,08:15,08:45,08:15,08:45,08:24,08:49,08:50,09:00,00:30,00:26,DELAY,ONTIME,ONTIME,ONTIME,,93,00:05,,,,,,HAN,SGN,SGN,Domestic,VJ,,
2026-08-05|VJ447|A635|HAN-PQC|08:45,2026-08-05,VJ447,A635,A321,HAN-PQC,,08:45,,08:45,,08:44,08:45,08:51,,,ONTIME,ONTIME,ONTIME,,,,,,,,,,HAN,,PQC,Domestic,VJ,,
2026-08-05|VJ504/VJ435|A522|DAD-HAN-UIH|08:50,2026-08-05,VJ504/VJ435,A522,A321,DAD-HAN-UIH,08:20,08:50,08:20,08:50,08:25,08:54,08:55,09:00,00:30,00:30,DELAY,ONTIME,ONTIME,ONTIME,,93,00:05,,,,,,HAN,DAD,UIH,Domestic,VJ,,
2026-08-05|VJ505|A642|HAN-DAD|09:05,2026-08-05,VJ505,A642,A321,HAN-DAD,,09:05,,09:05,,08:58,09:00,09:02,,,EARLY,ONTIME,ONTIME,,,,,,,,,,HAN,,DAD,Domestic,VJ,,
2026-08-05|VJ514/VJ563|A554|DAD-HAN-HUI|09:20,2026-08-05,VJ514/VJ563,A554,A321,DAD-HAN-HUI,08:50,09:20,08:50,09:20,09:00,09:28,09:29,09:35,00:30,00:29,DELAY,ONTIME,ONTIME,ONTIME,,93,00:09,,,,,,HAN,DAD,HUI,Domestic,VJ,,
2026-08-05|VJ915|A200|HAN-SIN|09:35,2026-08-05,VJ915,A200,A321,HAN-SIN,,09:35,,09:35,,09:34,09:35,09:50,,,ONTIME,ONTIME,ONTIME,,,,,,,,,,HAN,,SIN,International,VJ,,
2026-08-05|VJ122/VJ1773|A526|SGN-HAN-CXR|10:00,2026-08-05,VJ122/VJ1773,A526,A321,SGN-HAN-CXR,09:05,10:00,09:05,10:10,09:35,10:19,10:20,10:25,01:05,00:45,DELAY,ONTIME,DELAY,DELAY,,89,00:10,,,,,VIP MOVEMENT,HAN,SGN,CXR,Domestic,VJ,,
2026-08-05|VJ430/VJ463|A676|UIH-HAN-VCA|10:20,2026-08-05,VJ430/VJ463,A676,A320,UIH-HAN-VCA,09:50,10:20,09:50,10:20,10:00,10:29,10:30,10:35,00:30,00:30,DELAY,ONTIME,ONTIME,ONTIME,,93,00:05,66,00:05,,,CREW HN OB 1015LT,HAN,UIH,VCA,Domestic,VJ,,
2026-08-05|VJ532/VJ425|A658|DAD-HAN-PXU|10:20,2026-08-05,VJ532/VJ425,A658,A320,DAD-HAN-PXU,09:45,10:20,09:45,10:20,09:50,10:19,10:20,10:32,00:35,00:30,ONTIME,ONTIME,ONTIME,ONTIME,,,,,,,,,HAN,DAD,PXU,Domestic,VJ,,
2026-08-05|VJ492/VJ493|A634|BMV-HAN-BMV|10:30,2026-08-05,VJ492/VJ493,A634,A321,BMV-HAN-BMV,10:00,10:30,10:00,10:30,10:10,10:37,10:38,10:44,00:30,00:28,DELAY,ONTIME,ONTIME,ONTIME,,93,00:08,,,,,,HAN,BMV,BMV,Domestic,VJ,,
2026-08-05|VJ770/VJ437|A662|CXR-HAN-UIH|10:30,2026-08-05,VJ770/VJ437,A662,A320,CXR-HAN-UIH,09:55,10:30,09:55,10:50,10:25,10:48,10:50,10:52,00:55,00:25,ONTIME,ONTIME,DELAY,DELAY,,,,,,,,,HAN,CXR,UIH,Domestic,VJ,,
2026-08-05|VJ126/VJ131|A811|SGN-HAN-SGN|10:40,2026-08-05,VJ126/VJ131,A811,A330,SGN-HAN-SGN,09:40,10:40,09:40,10:40,09:32,10:38,10:40,10:50,01:00,01:08,ONTIME,ONTIME,ONTIME,ONTIME,,,,,,,,,HAN,SGN,SGN,Domestic,VJ,,
2026-08-05|VJ448/VJ901|A639|PQC-HAN-BKK|11:10,2026-08-05,VJ448/VJ901,A639,A321,PQC-HAN-BKK,10:15,11:10,10:15,11:10,10:35,11:09,11:10,11:19,00:55,00:35,ONTIME,ONTIME,ONTIME,DELAY,,,,,,,,,HAN,PQC,BKK,International,VJ,,
2026-08-05|VJ524/VJ507|A535|DAD-HAN-DAD|11:10,2026-08-05,VJ524/VJ507,A535,A321,DAD-HAN-DAD,10:40,11:10,10:40,11:10,10:50,11:19,11:20,11:25,00:30,00:30,DELAY,ONTIME,ONTIME,ONTIME,,93,00:10,,,,,,HAN,DAD,DAD,Domestic,VJ,,
2026-08-05|VJ130/VJ133|A667|SGN-HAN-SGN|11:20,2026-08-05,VJ130/VJ133,A667,A321,SGN-HAN-SGN,10:50,11:20,10:50,11:20,11:30,11:59,12:00,12:08,00:30,00:30,DELAY,DELAY,DELAY,DELAY,,93,00:40,,,,,,HAN,SGN,SGN,Domestic,VJ,,
2026-08-05|VJ963/VJ565|A542|ICN-HAN-HUI|11:30,2026-08-05,VJ963/VJ565,A542,A321,ICN-HAN-HUI,08:55,11:30,08:55,11:30,08:45,11:24,11:25,11:30,02:35,02:40,EARLY,ONTIME,ONTIME,ONTIME,,,,,,,,,HAN,ICN,HUI,Domestic,VJ,,
2026-08-05|VJ422/VJ451|A669|PXU-HAN-PQC|11:45,2026-08-05,VJ422/VJ451,A669,A320,PXU-HAN-PQC,10:50,11:45,10:50,11:45,10:55,11:44,11:45,11:47,00:55,00:50,ONTIME,ONTIME,ONTIME,ONTIME,,,,,,,,,HAN,PXU,PQC,Domestic,VJ,,
2026-08-05|VJ450/VJ775|A676|PQC-HAN-CXR|11:45,2026-08-05,VJ450/VJ775,A676,A320,PQC-HAN-CXR,11:15,11:45,11:15,11:45,11:35,12:24,12:25,12:34,00:30,00:50,DELAY,DELAY,DELAY,DELAY,,93,00:15,41,00:25,,,TECHNICAL CHECK,HAN,PQC,CXR,Domestic,VJ,,
2026-08-05|VJ462/VJ515|A534|VCA-HAN-DAD|12:10,2026-08-05,VJ462/VJ515,A534,A321,VCA-HAN-DAD,11:40,12:10,11:40,12:10,11:50,12:19,12:20,12:24,00:30,00:30,DELAY,ONTIME,ONTIME,ONTIME,,93,00:10,,,,,,HAN,VCA,DAD,Domestic,VJ,,
2026-08-05|VJ128/VJ137|A699|SGN-HAN-SGN|12:20,2026-08-05,VJ128/VJ137,A699,A320,SGN-HAN-SGN,11:50,12:20,11:50,12:20,12:35,13:04,13:05,13:15,00:30,00:30,DELAY,DELAY,DELAY,DELAY,,93,00:40,87,00:05,,,STUCK AT PBB,HAN,SGN,SGN,Domestic,VJ,,
2026-08-05|VJ506/VJ453|A642|DAD-HAN-PQC|13:00,2026-08-05,VJ506/VJ453,A642,A321,DAD-HAN-PQC,12:15,13:00,12:15,13:00,12:23,12:56,12:58,13:00,00:45,00:35,EARLY,ONTIME,ONTIME,ONTIME,,,,,,,,,HAN,DAD,PQC,Domestic,VJ,,
2026-08-05|VJ432/VJ509|A522|UIH-HAN-DAD|13:05,2026-08-05,VJ432/VJ509,A522,A321,UIH-HAN-DAD,12:35,13:05,12:35,13:05,13:05,13:27,13:28,13:35,00:30,00:23,DELAY,DELAY,DELAY,DELAY,,93,00:23,,,,,,HAN,UIH,DAD,Domestic,VJ,,
2026-08-05|VJ564/VJ787|A554|HUI-HAN-CXR|13:10,2026-08-05,VJ564/VJ787,A554,A321,HUI-HAN-CXR,12:20,13:10,12:20,13:10,12:55,13:23,13:25,13:32,00:50,00:30,DELAY,ONTIME,DELAY,DELAY,,93,00:15,,,,,,HAN,HUI,CXR,Domestic,VJ,,
2026-08-05|VJ981/VJ433|A640|PUS-HAN-UIH|13:20,2026-08-05,VJ981/VJ433,A640,A321,PUS-HAN-UIH,10:40,13:20,10:40,13:20,10:34,13:19,13:20,13:22,02:40,02:46,ONTIME,ONTIME,ONTIME,ONTIME,,,,,,,,,HAN,PUS,UIH,Domestic,VJ,,
2026-08-05|VJ1772/VJ948|A689|CXR-HAN-RMQ|13:30,2026-08-05,VJ1772/VJ948,A689,A320,CXR-HAN-RMQ,11:15,13:30,11:15,13:30,12:30,13:34,13:35,13:45,02:15,01:05,DELAY,ONTIME,ONTIME,DELAY,,15A,00:05,,,,,OFFL 2 PAX 1 BAG,HAN,CXR,RMQ,International,VJ,,
2026-08-05|VJ939/VJ441|A529|KIX-HAN-PQC|14:00,2026-08-05,VJ939/VJ441,A529,A321,KIX-HAN-PQC,12:20,14:00,12:20,14:00,13:10,13:59,14:00,14:02,01:40,00:50,ONTIME,ONTIME,ONTIME,DELAY,,,,,,,,,HAN,KIX,PQC,Domestic,VJ,,
2026-08-05|VJ143|A607|HAN-SGN|14:05,2026-08-05,VJ143,A607,A321,HAN-SGN,,14:05,,14:05,,14:04,14:05,14:15,,,ONTIME,ONTIME,ONTIME,,,,,,,,,,HAN,,SGN,Domestic,VJ,,
2026-08-05|VJ933/VJ942|A203|NRT-HAN-TPE|14:25,2026-08-05,VJ933/VJ942,A203,A321,NRT-HAN-TPE,13:05,14:25,13:05,14:25,13:10,14:24,14:25,14:30,01:20,01:15,ONTIME,ONTIME,ONTIME,ONTIME,,,,,,,,,HAN,NRT,TPE,International,VJ,,
2026-08-05|VJ134/VJ467|A668|SGN-HAN-VCA|14:30,2026-08-05,VJ134/VJ467,A668,A320,SGN-HAN-VCA,13:30,14:30,13:30,14:30,13:40,14:22,14:23,14:28,01:00,00:43,EARLY,ONTIME,ONTIME,ONTIME,,,,,,,,,HAN,SGN,VCA,Domestic,VJ,,
2026-08-05|VJ1504/VJ1505|A532|DAD-HAN-DAD|14:35,2026-08-05,VJ1504/VJ1505,A532,A321,DAD-HAN-DAD,14:00,14:35,14:00,15:05,15:50,18:28,18:30,18:33,01:05,02:40,DELAY,DELAY,DELAY,DELAY,,93,01:15,77,02:10,,,BAD WX AT HAN GROUND RETURN,HAN,DAD,DAD,Domestic,VJ,,
2026-08-05|VJ136/VJ145|A650|SGN-HAN-SGN|14:40,2026-08-05,VJ136/VJ145,A650,A320,SGN-HAN-SGN,14:10,14:40,14:10,14:40,14:25,14:49,14:50,14:55,00:30,00:25,DELAY,ONTIME,ONTIME,ONTIME,,93,00:10,,,,,,HAN,SGN,SGN,Domestic,VJ,,
2026-08-05|VJ961/VJ946|A537|ICN-HAN-KHH|14:45,2026-08-05,VJ961/VJ946,A537,A321,ICN-HAN-KHH,13:35,14:45,13:35,14:45,13:25,14:39,14:40,14:41,01:10,01:15,EARLY,ONTIME,ONTIME,ONTIME,,,,,,,,,HAN,ICN,KHH,International,VJ,,
2026-08-05|VJ7707/VJ7707|A575|KHV-HAN-CXR|14:55,2026-08-05,VJ7707/VJ7707,A575,A321,KHV-HAN-CXR,14:25,14:55,14:25,14:55,15:15,15:43,15:45,15:53,00:30,00:30,DELAY,DELAY,DELAY,DELAY,,93,00:50,,,,,,HAN,KHV,CXR,Domestic,VJ,,
2026-08-05|VJ510/VJ511|A535|DAD-HAN-DAD|15:05,2026-08-05,VJ510/VJ511,A535,A321,DAD-HAN-DAD,14:35,15:05,14:35,15:05,16:05,16:33,16:35,17:22,00:30,00:30,DELAY,DELAY,DELAY,DELAY,,93,01:30,,,,,,HAN,DAD,DAD,Domestic,VJ,,
2026-08-05|VJ426/VJ1451|A658|PXU-HAN-PQC|15:05,2026-08-05,VJ426/VJ1451,A658,A320,PXU-HAN-PQC,14:05,15:05,14:05,15:05,14:00,14:49,14:50,15:02,01:00,00:50,EARLY,ONTIME,ONTIME,ONTIME,,,,,,,,,HAN,PXU,PQC,Domestic,VJ,,
2026-08-05|VJ566/VJ423|A542|HUI-HAN-PXU|15:05,2026-08-05,VJ566/VJ423,A542,A321,HUI-HAN-PXU,14:30,15:05,14:30,15:05,14:50,15:27,15:28,15:35,00:35,00:38,DELAY,DELAY,DELAY,DELAY,,93,00:15,66,00:08,,,CREW OB 1505,HAN,HUI,PXU,Domestic,VJ,,
2026-08-05|VJ440/VJ419|A635|PQC-HAN-TBB|15:10,2026-08-05,VJ440/VJ419,A635,A321,PQC-HAN-TBB,13:30,15:10,13:30,15:10,14:00,15:08,15:10,15:15,01:40,01:10,ONTIME,ONTIME,ONTIME,DELAY,,,,,,,,,HAN,PQC,TBB,Domestic,VJ,,
2026-08-05|VJ7620/VJ7620|A526|CXR-HAN-BAX|15:40,2026-08-05,VJ7620/VJ7620,A526,A321,CXR-HAN-BAX,15:05,15:40,16:15,17:50,19:15,19:49,19:50,20:03,01:35,00:35,DELAY,DELAY,DELAY,DELAY,,93,02:00,,,,,,HAN,CXR,BAX,International,VJ,,
2026-08-05|VJ906/VJ439|A698|KUL-HAN-UIH|15:40,2026-08-05,VJ906/VJ439,A698,A321,KUL-HAN-UIH,14:40,15:40,14:40,15:40,15:05,15:49,15:50,15:55,01:00,00:45,DELAY,ONTIME,ONTIME,DELAY,,77,00:10,,,,,BAD WEATHER,HAN,KUL,UIH,Domestic,VJ,,
2026-08-05|VJ436/VJ903|A662|UIH-HAN-BKK|15:45,2026-08-05,VJ436/VJ903,A662,A320,UIH-HAN-BKK,14:10,15:45,14:30,15:45,14:34,15:41,15:42,15:48,01:15,01:08,EARLY,ONTIME,ONTIME,DELAY,,,,,,,,,HAN,UIH,BKK,International,VJ,,
2026-08-05|VJ464/VJ567|A666|VCA-HAN-HUI|15:55,2026-08-05,VJ464/VJ567,A666,A320,VCA-HAN-HUI,15:10,15:55,15:10,15:55,16:20,16:44,16:45,17:33,00:45,00:25,DELAY,DELAY,DELAY,DELAY,,93,00:50,,,,,,HAN,VCA,HUI,Domestic,VJ,,
2026-08-05|VJ508/VJ773|A534|DAD-HAN-CXR|16:00,2026-08-05,VJ508/VJ773,A534,A321,DAD-HAN-CXR,15:25,16:00,15:25,16:00,16:25,17:02,17:03,17:31,00:35,00:38,DELAY,DELAY,DELAY,DELAY,,93,00:55,77,00:08,,,BAD WX AT HAN,HAN,DAD,CXR,Domestic,VJ,,
2026-08-05|VJ921/VJ913|A524|NGO-HAN-SAI|16:20,2026-08-05,VJ921/VJ913,A524,A321,NGO-HAN-SAI,12:50,16:20,12:50,16:20,13:35,16:19,16:20,16:30,03:30,02:45,ONTIME,ONTIME,ONTIME,DELAY,,,,,,,,,HAN,NGO,SAI,International,VJ,,
2026-08-05|VJ1774/VJ193|A516|CXR-HAN-SGN|16:30,2026-08-05,VJ1774/VJ193,A516,A321,CXR-HAN-SGN,14:25,16:30,14:25,16:30,16:10,16:54,16:55,17:21,02:05,00:45,DELAY,DELAY,DELAY,DELAY,,93,00:10,66,00:10,87,00:05,CREW OB 1624LT / GATE LIMITATION,HAN,CXR,SGN,Domestic,VJ,,
2026-08-05|VJ530/VJ513|A522|DAD-HAN-DAD|16:35,2026-08-05,VJ530/VJ513,A522,A321,DAD-HAN-DAD,16:15,16:35,16:15,19:10,19:35,20:04,20:05,20:28,02:55,00:30,DELAY,DELAY,DELAY,DELAY,,93,00:55,,,,,,HAN,DAD,DAD,Domestic,VJ,,
2026-08-05|VJ142/VJ465|A632|SGN-HAN-VCA|17:00,2026-08-05,VJ142/VJ465,A632,A321,SGN-HAN-VCA,15:30,17:00,15:40,17:05,17:30,18:09,18:10,18:25,01:25,00:40,DELAY,DELAY,DELAY,DELAY,,93,00:55,66,00:10,,,CREW OB 1740,HAN,SGN,VCA,Domestic,VJ,,
2026-08-05|VJ140/VJ151|A667|SGN-HAN-SGN|17:10,2026-08-05,VJ140/VJ151,A667,A321,SGN-HAN-SGN,16:40,17:10,16:40,19:10,18:50,19:19,19:20,19:29,02:30,00:30,DELAY,ONTIME,DELAY,DELAY,,93,00:10,,,,,,HAN,SGN,SGN,Domestic,VJ,,
2026-08-05|VJ902/VJ495|A639|BKK-HAN-BMV|17:30,2026-08-05,VJ902/VJ495,A639,A321,BKK-HAN-BMV,15:50,17:30,15:50,17:30,17:40,18:09,18:10,18:15,01:40,00:30,DELAY,DELAY,DELAY,DELAY,,93,00:40,,,,,,HAN,BKK,BMV,Domestic,VJ,,
2026-08-05|VJ772/VJ141|A666|CXR-HAN-SGN|17:35,2026-08-05,VJ772/VJ141,A666,A320,CXR-HAN-SGN,15:55,17:35,15:55,20:30,18:25,20:29,20:30,20:45,04:35,02:05,ONTIME,ONTIME,DELAY,DELAY,,,,,,,,,HAN,CXR,SGN,Domestic,VJ,,
2026-08-05|VJ454/VJ1431|A669|PQC-HAN-UIH|17:40,2026-08-05,VJ454/VJ1431,A669,A320,PQC-HAN-UIH,16:45,17:40,16:45,19:00,18:10,19:09,19:10,19:20,02:15,01:00,DELAY,ONTIME,DELAY,DELAY,,95,00:10,,,,,,HAN,PQC,UIH,Domestic,VJ,,
2026-08-05|VJ434/VJ517|A640|UIH-HAN-DAD|17:45,2026-08-05,VJ434/VJ517,A640,A321,UIH-HAN-DAD,17:10,17:45,17:10,19:50,20:03,20:32,20:33,21:12,02:40,00:30,DELAY,DELAY,DELAY,DELAY,,93,00:43,,,,,,HAN,UIH,DAD,Domestic,VJ,,
2026-08-05|VJ512/VJ521|A535|DAD-HAN-DAD|18:45,2026-08-05,VJ512/VJ521,A535,A321,DAD-HAN-DAD,18:15,18:45,18:15,22:10,21:45,22:14,22:15,22:27,03:55,00:30,DELAY,ONTIME,DELAY,DELAY,,93,00:05,,,,,,HAN,DAD,DAD,Domestic,VJ,,
2026-08-05|VJ456/VJ789|A642|PQC-HAN-CXR|18:45,2026-08-05,VJ456/VJ789,A642,A321,PQC-HAN-CXR,17:45,18:45,17:45,18:45,19:25,19:53,19:54,20:11,01:00,00:29,DELAY,DELAY,DELAY,DELAY,,93,01:09,,,,,,HAN,PQC,CXR,Domestic,VJ,,
2026-08-05|VJ148/VJ155|A661|SGN-HAN-SGN|18:55,2026-08-05,VJ148/VJ155,A661,A321,SGN-HAN-SGN,18:25,18:55,18:25,20:15,20:25,20:54,20:55,21:10,01:50,00:30,DELAY,DELAY,DELAY,DELAY,,93,00:40,,,,,,HAN,SGN,SGN,Domestic,VJ,,
2026-08-05|VJ424/VJ561|A542|PXU-HAN-HUI|19:15,2026-08-05,VJ424/VJ561,A542,A321,PXU-HAN-HUI,18:45,19:15,18:45,19:55,20:15,20:44,20:45,21:00,01:10,00:30,DELAY,DELAY,DELAY,DELAY,,93,00:50,,,,,,HAN,PXU,HUI,Domestic,VJ,,
2026-08-05|VJ144/VJ519|A637|SGN-HAN-DAD|19:25,2026-08-05,VJ144/VJ519,A637,A321,SGN-HAN-DAD,18:20,19:25,18:20,19:40,19:50,20:19,20:20,20:43,01:20,00:30,DELAY,DELAY,DELAY,DELAY,,93,00:40,,,,,,HAN,SGN,DAD,Domestic,VJ,,
2026-08-05|VJ420/VJ157|A635|TBB-HAN-SGN|19:30,2026-08-05,VJ420/VJ157,A635,A321,TBB-HAN-SGN,19:15,19:30,19:15,20:10,20:05,20:54,20:55,21:25,00:55,00:50,DELAY,DELAY,DELAY,DELAY,,93,00:25,87,00:20,,,GATE LIMITATION,HAN,TBB,SGN,Domestic,VJ,,
2026-08-05|VJ568/VJ7712|A676|HUI-HAN-PKX|19:55,2026-08-05,VJ568/VJ7712,A676,A320,HUI-HAN-PKX,18:55,19:55,18:55,22:00,21:30,21:59,22:00,22:25,03:05,00:30,ONTIME,ONTIME,DELAY,DELAY,,,,,,,,,HAN,HUI,PKX,International,VJ,,
2026-08-05|VJ438/VJ523|A698|UIH-HAN-DAD|19:55,2026-08-05,VJ438/VJ523,A698,A321,UIH-HAN-DAD,19:25,19:55,19:25,20:15,20:10,20:39,20:40,20:55,00:50,00:30,DELAY,DELAY,DELAY,DELAY,,93,00:25,,,,,,HAN,UIH,DAD,Domestic,VJ,,
2026-08-05|VJ931/VJ907|A536|KIX-HAN-BOM|20:05,2026-08-05,VJ931/VJ907,A536,A321,KIX-HAN-BOM,18:30,20:05,18:30,20:05,19:15,20:39,20:40,20:50,01:35,01:25,DELAY,DELAY,DELAY,DELAY,,99,00:35,,,,,HỖ TRỢ 06PAX+05BAG FORM VJ452 1950  C.ON,HAN,KIX,BOM,International,VJ,,
2026-08-05|VJ916/VJ455|A200|SIN-HAN-PQC|20:05,2026-08-05,VJ916/VJ455,A200,A321,SIN-HAN-PQC,17:25,20:05,17:25,20:05,18:50,20:04,20:05,20:28,02:40,01:15,ONTIME,ONTIME,DELAY,DELAY,,,,,,,,,HAN,SIN,PQC,Domestic,VJ,,
2026-08-05|VJ442/VJ159|A529|PQC-HAN-SGN|20:50,2026-08-05,VJ442/VJ159,A529,A321,PQC-HAN-SGN,19:05,20:50,19:05,20:50,20:40,21:59,22:00,22:20,01:45,01:20,DELAY,DELAY,DELAY,DELAY,,93,00:20,95,00:50,,,CREW VJ152 OB 2135,HAN,PQC,SGN,Domestic,VJ,,
2026-08-05|VJ904/VJ7238|A662|BKK-HAN-PVG|21:15,2026-08-05,VJ904/VJ7238,A662,A320,BKK-HAN-PVG,20:25,21:15,20:25,21:45,21:35,22:19,22:20,22:26,01:20,00:45,DELAY,DELAY,DELAY,DELAY,,93,00:20,66,00:10,99,00:05,"CREW OB 2145/LATE ACCEPT 02PAX,02BAG",HAN,BKK,PVG,International,VJ,,
2026-08-05|VJ928/VJ527|A500|CGK-HAN-DAD|21:25,2026-08-05,VJ928/VJ527,A500,A321,CGK-HAN-DAD,18:15,21:25,18:15,00:20,18:35,00:48,00:50,00:57,06:05,06:15,DELAY,DELAY,DELAY,DELAY,,95,00:30,,,,,CREW VJ516 OB 0025,HAN,CGK,DAD,Domestic,VJ,,
2026-08-05|VJ774/VJ783|A810|CXR-HAN-CXR|21:30,2026-08-05,VJ774/VJ783,A810,A330,CXR-HAN-CXR,17:30,21:30,17:30,00:45,19:45,01:14,01:15,01:20,07:15,05:30,DELAY,DELAY,DELAY,DELAY,,95,00:30,,,,,CREW VJ146 OB 0045L,HAN,CXR,CXR,Domestic,VJ,,
2026-08-05|VJ452/VJ7526|A685|PQC-HAN-CAN|22:30,2026-08-05,VJ452/VJ7526,A685,A321,PQC-HAN-CAN,16:05,22:30,16:05,22:30,19:50,22:29,22:30,22:38,06:25,02:40,ONTIME,ONTIME,ONTIME,DELAY,,,,,,,,,HAN,PQC,CAN,International,VJ,,
2026-08-05|VJ518/VJ529|A629|DAD-HAN-DAD|22:35,2026-08-05,VJ518/VJ529,A629,A321,DAD-HAN-DAD,22:05,22:35,22:05,22:35,22:20,22:47,22:48,22:50,00:30,00:28,DELAY,ONTIME,ONTIME,ONTIME,,93,00:13,,,,,,HAN,DAD,DAD,Domestic,VJ,,
2026-08-05|VJ776/VJ167|A534|CXR-HAN-SGN|22:45,2026-08-05,VJ776/VJ167,A534,A321,CXR-HAN-SGN,20:10,22:45,20:10,23:15,22:35,23:14,23:15,23:25,03:05,00:40,ONTIME,ONTIME,DELAY,DELAY,,,,,,,,,HAN,CXR,SGN,Domestic,VJ,,
2026-08-05|VJ935/VJ962|A578|NRT-HAN-ICN|23:15,2026-08-05,VJ935/VJ962,A578,A321,NRT-HAN-ICN,20:05,23:15,20:05,23:15,20:30,23:19,23:20,23:25,03:10,02:50,DELAY,ONTIME,ONTIME,DELAY,,99,00:05,,,,,LATE ACCEPT 02PAX+04BAG,HAN,NRT,ICN,International,VJ,,
2026-08-05|AI2390/AI2391|VT-TQR|DEL-HAN-DEL|08:20,2026-08-05,AI2390/AI2391,VT-TQR,A320,DEL-HAN-DEL,07:20,08:20,07:20,08:20,07:30,08:40,08:41,08:49,01:00,01:11,DELAY,DELAY,DELAY,ONTIME,,93,00:10,99,00:11,,,,HAN,DEL,DEL,International,AI,,
2026-08-06|VJ7704/VJ7704|A554|CXR-HAN-VVO|00:20,2026-08-06,VJ7704/VJ7704,A554,A321,CXR-HAN-VVO,23:45,00:20,23:45,00:20,00:17,00:46,00:47,00:50,00:35,00:30,DELAY,DELAY,DELAY,ONTIME,,93,00:27,,,,,,HAN,CXR,VVO,International,VJ,,
2026-08-06|VJ932|A203|HAN-NRT|00:30,2026-08-06,VJ932,A203,A321,HAN-NRT,,00:30,,01:20,,01:44,01:45,01:50,,,DELAY,DELAY,DELAY,,,99,00:20,15A,00:05,,,SUPPORT TRANSIT PAX VJ520/ OFLD 2 PAX AND 2 BAG,HAN,,NRT,International,VJ,,
2026-08-06|VJ7660/VJ7660|A553|DAD-HAN-KHV|00:25,2026-08-06,VJ7660/VJ7660,A553,A321,DAD-HAN-KHV,23:50,00:25,23:50,01:05,01:05,01:34,01:35,01:45,01:15,00:30,DELAY,DELAY,DELAY,ONTIME,,93,00:30,,,,,,HAN,DAD,KHV,International,VJ,,
2026-08-06|VJ947/VJ938|A537|KHH-HAN-KIX|01:20,2026-08-06,VJ947/VJ938,A537,A321,KHH-HAN-KIX,20:45,01:20,20:45,02:00,,01:59,02:00,02:04,05:15,,ONTIME,ONTIME,DELAY,ONTIME,,,,,,,,,HAN,KHH,KIX,International,VJ,,
2026-08-06|VJ982|A698|HAN-PUS|01:05,2026-08-06,VJ982,A698,A321,HAN-PUS,,01:05,,01:35,,01:33,01:34,01:35,,,EARLY,ONTIME,DELAY,,,,,,,,,,HAN,,PUS,International,VJ,,
2026-08-06|VJ960|A542|HAN-ICN|01:40,2026-08-06,VJ960,A542,A321,HAN-ICN,,01:40,,01:40,,01:39,01:40,01:52,,,ONTIME,ONTIME,ONTIME,,,,,,,,,,HAN,,ICN,International,VJ,,
2026-08-06|VJ920|A524|HAN-NGO|01:40,2026-08-06,VJ920,A524,A321,HAN-NGO,,01:40,,02:30,,02:44,02:45,03:00,,,DELAY,ONTIME,DELAY,,,99,00:15,,,,,SUPPORT 02 TRANSIT PAX 03 BAG VJ150,HAN,,NGO,International,VJ,,
2026-08-06|VJ958|A640|HAN-FUK|02:05,2026-08-06,VJ958,A640,A321,HAN-FUK,,02:05,,02:35,,02:48,02:50,03:00,,,DELAY,ONTIME,DELAY,,,99,00:15,,,,,SUPPORT TRANSIT PAX VJ150,HAN,,FUK,International,VJ,,
2026-08-06|VJ1980|A669|HAN-FSZ|02:40,2026-08-06,VJ1980,A669,A320,HAN-FSZ,,02:40,,02:40,,02:33,02:34,02:36,,,EARLY,ONTIME,ONTIME,,,,,,,,,,HAN,,FSZ,International,VJ,,
2026-08-06|VJ123|A687|HAN-SGN|05:30,2026-08-06,VJ123,A687,A321,HAN-SGN,,05:30,,05:30,,05:24,05:25,05:33,,,EARLY,ONTIME,ONTIME,,,,,,,,,,HAN,,SGN,Domestic,VJ,,
2026-08-06|VJ445|A657|HAN-PQC|05:30,2026-08-06,VJ445,A657,A321,HAN-PQC,,05:30,,05:30,,05:24,05:25,05:29,,,EARLY,ONTIME,ONTIME,,,,,,,,,,HAN,,PQC,Domestic,VJ,,
2026-08-06|VJ501|A634|HAN-DAD|05:40,2026-08-06,VJ501,A634,A321,HAN-DAD,,05:40,,05:40,,05:39,05:40,05:52,,,ONTIME,ONTIME,ONTIME,,,,,,,,,,HAN,,DAD,Domestic,VJ,,
2026-08-06|VJ121|A642|HAN-SGN|06:00,2026-08-06,VJ121,A642,A321,HAN-SGN,,06:00,,06:00,,05:54,05:55,05:59,,,EARLY,ONTIME,ONTIME,,,,,,,,,,HAN,,SGN,Domestic,VJ,,
2026-08-06|VJ491|A637|HAN-BMV|06:00,2026-08-06,VJ491,A637,A321,HAN-BMV,,06:00,,06:00,,05:54,05:55,06:02,,,EARLY,ONTIME,ONTIME,,,,,,,,,,HAN,,BMV,Domestic,VJ,,
2026-08-06|VJ431|A655|HAN-UIH|06:05,2026-08-06,VJ431,A655,A320,HAN-UIH,,06:05,,06:05,,05:57,05:58,06:02,,,EARLY,ONTIME,ONTIME,,,,,,,,,,HAN,,UIH,Domestic,VJ,,
2026-08-06|VJ952|A668|HAN-HIJ|06:15,2026-08-06,VJ952,A668,A320,HAN-HIJ,,06:15,,06:15,,06:09,06:10,06:12,,,EARLY,ONTIME,ONTIME,,,,,,,,,,HAN,,HIJ,International,VJ,,
2026-08-06|VJ531|A685|HAN-DAD|06:30,2026-08-06,VJ531,A685,A321,HAN-DAD,,06:30,,06:30,,06:24,06:25,06:28,,,EARLY,ONTIME,ONTIME,,,,,,,,,,HAN,,DAD,Domestic,VJ,,
2026-08-06|VJ461|A639|HAN-VCA|06:45,2026-08-06,VJ461,A639,A321,HAN-VCA,,06:45,,06:45,,06:39,06:40,06:42,,,EARLY,ONTIME,ONTIME,,,,,,,,,,HAN,,VCA,Domestic,VJ,,
2026-08-06|VJ125|A666|HAN-SGN|07:00,2026-08-06,VJ125,A666,A320,HAN-SGN,,07:00,,07:00,,06:51,06:52,06:54,,,EARLY,ONTIME,ONTIME,,,,,,,,,,HAN,,SGN,Domestic,VJ,,
2026-08-06|VJ1771|A632|HAN-CXR|07:00,2026-08-06,VJ1771,A632,A321,HAN-CXR,,07:00,,07:00,,06:54,06:55,07:10,,,EARLY,ONTIME,ONTIME,,,,,,,,,,HAN,,CXR,Domestic,VJ,,
2026-08-06|VJ421|A689|HAN-PXU|07:10,2026-08-06,VJ421,A689,A320,HAN-PXU,,07:10,,07:10,,07:04,07:05,07:08,,,EARLY,ONTIME,ONTIME,,,,,,,,,,HAN,,PXU,Domestic,VJ,,
2026-08-06|VJ502/VJ503|A539|DAD-HAN-DAD|07:30,2026-08-06,VJ502/VJ503,A539,A321,DAD-HAN-DAD,07:00,07:30,07:00,07:30,07:00,07:28,07:29,07:31,00:30,00:29,EARLY,ONTIME,ONTIME,ONTIME,,,,,,,,,HAN,DAD,DAD,Domestic,VJ,,
2026-08-06|VJ930|A549|HAN-KIX|07:55,2026-08-06,VJ930,A549,A321,HAN-KIX,,07:55,,07:55,,07:59,08:00,08:07,,,DELAY,ONTIME,ONTIME,,,99,00:05,,,,,LATE ACCEPT 03PAX + 03BAG,HAN,,KIX,International,VJ,,
2026-08-06|VJ127|A522|HAN-SGN|08:10,2026-08-06,VJ127,A522,A321,HAN-SGN,,08:10,,08:10,,08:19,08:20,08:25,,,DELAY,ONTIME,ONTIME,,,95,00:10,,,,,CREW FR VJ120 OB 0750,HAN,,SGN,Domestic,VJ,,
2026-08-06|VJ934|A536|HAN-NRT|07:55,2026-08-06,VJ934,A536,A321,HAN-NRT,,07:55,,08:40,,08:34,08:35,08:38,,,EARLY,ONTIME,DELAY,,,,,,,,,,HAN,,NRT,International,VJ,,
2026-08-06|VJ120/VJ929|A673|SGN-HAN-CGK|08:40,2026-08-06,VJ120/VJ929,A673,A321,SGN-HAN-CGK,07:10,08:40,07:10,08:40,07:25,08:54,08:55,09:09,01:30,01:30,DELAY,ONTIME,DELAY,ONTIME,,99,00:15,,,,,EXPIRED AC DOCUMENTS,HAN,SGN,CGK,International,VJ,,
2026-08-06|VJ124/VJ129|A535|SGN-HAN-SGN|08:45,2026-08-06,VJ124/VJ129,A535,A321,SGN-HAN-SGN,08:15,08:45,08:15,08:45,08:20,08:49,08:50,08:57,00:30,00:30,DELAY,ONTIME,ONTIME,ONTIME,,93,00:05,,,,,,HAN,SGN,SGN,Domestic,VJ,,
2026-08-06|VJ7713/VJ447|A676|PKX-HAN-PQC|08:45,2026-08-06,VJ7713/VJ447,A676,A320,PKX-HAN-PQC,03:55,08:45,03:55,09:00,06:15,08:58,08:59,09:00,05:05,02:44,EARLY,ONTIME,ONTIME,DELAY,,,,,,,,,HAN,PKX,PQC,Domestic,VJ,,
2026-08-06|VJ435|A662|HAN-UIH|08:50,2026-08-06,VJ435,A662,A320,HAN-UIH,,08:50,,08:50,,08:47,08:48,08:52,,,EARLY,ONTIME,ONTIME,,,,,,,,,,HAN,,UIH,Domestic,VJ,,
2026-08-06|VJ7621/VJ7621|A526|BAX-HAN-CXR|09:00,2026-08-06,VJ7621/VJ7621,A526,A321,BAX-HAN-CXR,08:30,09:00,08:30,13:15,12:10,12:27,12:28,12:48,04:45,00:18,EARLY,ONTIME,DELAY,DELAY,,,,,,,,,HAN,BAX,CXR,Domestic,VJ,,
2026-08-06|VJ915|A683|HAN-SIN|09:35,2026-08-06,VJ915,A683,A321,HAN-SIN,,09:35,,09:35,,09:30,09:31,09:40,,,EARLY,ONTIME,ONTIME,,,,,,,,,,HAN,,SIN,International,VJ,,
2026-08-06|VJ563|A643|HAN-HUI|09:40,2026-08-06,VJ563,A643,A321,HAN-HUI,,09:40,,09:40,,09:49,09:50,09:55,,,DELAY,ONTIME,ONTIME,,,95,00:10,,,,,CREW 514 OB 0930L,HAN,,HUI,Domestic,VJ,,
2026-08-06|VJ1773|A635|HAN-CXR|10:00,2026-08-06,VJ1773,A635,A321,HAN-CXR,,10:00,,10:00,,09:57,09:58,10:05,,,EARLY,ONTIME,ONTIME,,,,,,,,,,HAN,,CXR,Domestic,VJ,,
2026-08-06|VJ504/VJ131|A814|DAD-HAN-SGN|10:10,2026-08-06,VJ504/VJ131,A814,A330,DAD-HAN-SGN,09:45,10:10,09:45,11:10,10:25,10:59,11:00,11:08,01:25,00:35,EARLY,ONTIME,DELAY,DELAY,,,,,,,,,HAN,DAD,SGN,Domestic,VJ,,
2026-08-06|VJ430/VJ463|A655|UIH-HAN-VCA|10:20,2026-08-06,VJ430/VJ463,A655,A320,UIH-HAN-VCA,09:50,10:20,09:50,10:20,10:05,10:27,10:28,10:31,00:30,00:23,DELAY,ONTIME,ONTIME,ONTIME,,93,00:08,,,,,,HAN,UIH,VCA,Domestic,VJ,,
2026-08-06|VJ122/VJ425|A699|SGN-HAN-PXU|10:20,2026-08-06,VJ122/VJ425,A699,A320,SGN-HAN-PXU,09:05,10:20,09:05,10:20,09:25,10:14,10:15,10:19,01:15,00:50,EARLY,ONTIME,ONTIME,DELAY,,,,,,,,,HAN,SGN,PXU,Domestic,VJ,,
2026-08-06|VJ963/VJ997|A578|ICN-HAN-DPS|10:25,2026-08-06,VJ963/VJ997,A578,A321,ICN-HAN-DPS,08:55,10:25,08:55,10:25,08:48,10:19,10:20,10:23,01:30,01:32,EARLY,ONTIME,ONTIME,ONTIME,,,,,,,,,HAN,ICN,DPS,International,VJ,,
2026-08-06|VJ126/VJ437|A649|SGN-HAN-UIH|10:25,2026-08-06,VJ126/VJ437,A649,A321,SGN-HAN-UIH,09:40,10:25,09:40,10:40,10:25,10:54,10:55,11:05,01:00,00:30,DELAY,ONTIME,DELAY,DELAY,,93,00:15,,,,,,HAN,SGN,UIH,Domestic,VJ,,
2026-08-06|VJ492/VJ493|A637|BMV-HAN-BMV|10:30,2026-08-06,VJ492/VJ493,A637,A321,BMV-HAN-BMV,10:00,10:30,10:00,10:30,10:40,11:09,11:10,11:20,00:30,00:30,DELAY,DELAY,DELAY,DELAY,,93,00:40,,,,,,HAN,BMV,BMV,Domestic,VJ,,
2026-08-06|VJ532/VJ565|A685|DAD-HAN-HUI|10:30,2026-08-06,VJ532/VJ565,A685,A321,DAD-HAN-HUI,09:45,10:30,09:45,10:30,10:15,10:37,10:38,10:42,00:45,00:23,DELAY,ONTIME,ONTIME,DELAY,,93,00:08,,,,,,HAN,DAD,HUI,Domestic,VJ,,
2026-08-06|VJ514/VJ135|A634|DAD-HAN-SGN|10:45,2026-08-06,VJ514/VJ135,A634,A321,DAD-HAN-SGN,08:50,10:45,08:50,10:45,09:10,10:40,10:41,10:44,01:55,01:31,EARLY,ONTIME,ONTIME,DELAY,,,,,,,,,HAN,DAD,SGN,Domestic,VJ,,
2026-08-06|VJ448/VJ901|A657|PQC-HAN-BKK|11:10,2026-08-06,VJ448/VJ901,A657,A321,PQC-HAN-BKK,10:15,11:10,10:15,11:10,10:40,11:14,11:15,11:20,00:55,00:35,DELAY,ONTIME,ONTIME,DELAY,,66,00:05,,,,,CHANGE CREW OB 1055L,HAN,PQC,BKK,International,VJ,,
2026-08-06|VJ524/VJ507|A539|DAD-HAN-DAD|11:10,2026-08-06,VJ524/VJ507,A539,A321,DAD-HAN-DAD,10:40,11:10,10:40,11:10,11:15,11:44,11:45,11:50,00:30,00:30,DELAY,DELAY,DELAY,DELAY,,93,00:35,,,,,,HAN,DAD,DAD,Domestic,VJ,,
2026-08-06|VJ130/VJ133|A687|SGN-HAN-SGN|11:30,2026-08-06,VJ130/VJ133,A687,A321,SGN-HAN-SGN,10:55,11:30,10:55,11:30,11:20,11:59,12:00,12:07,00:35,00:40,DELAY,DELAY,DELAY,DELAY,,93,00:20,95,00:10,,,CREW 126 OB 1131L,HAN,SGN,SGN,Domestic,VJ,,
2026-08-06|VJ422/VJ451|A689|PXU-HAN-PQC|11:45,2026-08-06,VJ422/VJ451,A689,A320,PXU-HAN-PQC,10:50,11:45,10:50,11:45,11:05,11:43,11:44,11:45,00:55,00:39,EARLY,ONTIME,ONTIME,ONTIME,,,,,,,,,HAN,PXU,PQC,Domestic,VJ,,
2026-08-06|VJ1772/VJ1453|A632|CXR-HAN-PQC|11:50,2026-08-06,VJ1772/VJ1453,A632,A321,CXR-HAN-PQC,11:15,11:50,11:15,12:05,12:05,12:44,12:45,12:58,00:50,00:40,DELAY,DELAY,DELAY,DELAY,,93,00:30,66,00:10,,,CHANGE CREW OB 1216L,HAN,CXR,PQC,Domestic,VJ,,
2026-08-06|VJ462/VJ515|A639|VCA-HAN-DAD|12:10,2026-08-06,VJ462/VJ515,A639,A321,VCA-HAN-DAD,11:40,12:10,11:40,12:10,11:55,12:24,12:25,12:35,00:30,00:30,DELAY,ONTIME,DELAY,ONTIME,,93,00:15,,,,,,HAN,VCA,DAD,Domestic,VJ,,
2026-08-06|VJ137|A658|HAN-SGN|12:20,2026-08-06,VJ137,A658,A320,HAN-SGN,,12:20,,12:20,,12:19,12:20,12:29,,,ONTIME,ONTIME,ONTIME,,,,,,,,,,HAN,,SGN,Domestic,VJ,,
2026-08-06|VJ7705/VJ7705|A554|VVO-HAN-CXR|12:50,2026-08-06,VJ7705/VJ7705,A554,A321,VVO-HAN-CXR,12:20,12:50,12:20,12:50,12:50,13:10,13:12,13:20,00:30,00:22,DELAY,DELAY,DELAY,DELAY,,93,00:22,,,,,,HAN,VVO,CXR,Domestic,VJ,,
2026-08-06|VJ432/VJ509|A662|UIH-HAN-DAD|13:05,2026-08-06,VJ432/VJ509,A662,A320,UIH-HAN-DAD,12:35,13:05,12:35,13:05,13:00,13:24,13:25,13:35,00:30,00:25,DELAY,DELAY,DELAY,DELAY,,93,00:20,,,,,,HAN,UIH,DAD,Domestic,VJ,,
2026-08-06|VJ564/VJ787|A643|HUI-HAN-CXR|13:15,2026-08-06,VJ564/VJ787,A643,A321,HUI-HAN-CXR,12:40,13:15,12:40,13:40,13:30,13:59,14:00,14:10,01:00,00:30,DELAY,DELAY,DELAY,DELAY,,93,00:20,,,,,,HAN,HUI,CXR,Domestic,VJ,,
2026-08-06|VJ939/VJ453|A537|KIX-HAN-PQC|13:20,2026-08-06,VJ939/VJ453,A537,A321,KIX-HAN-PQC,12:20,13:20,12:20,13:20,12:40,13:18,13:19,13:25,01:00,00:39,EARLY,ONTIME,ONTIME,DELAY,,,,,,,,,HAN,KIX,PQC,Domestic,VJ,,
2026-08-06|VJ981/VJ433|A698|PUS-HAN-UIH|13:20,2026-08-06,VJ981/VJ433,A698,A321,PUS-HAN-UIH,10:40,13:20,10:40,13:20,10:40,13:18,13:20,13:30,02:40,02:40,ONTIME,ONTIME,ONTIME,ONTIME,,,,,,,,,HAN,PUS,UIH,Domestic,VJ,,
2026-08-06|VJ959/VJ948|A640|FUK-HAN-RMQ|13:50,2026-08-06,VJ959/VJ948,A640,A321,FUK-HAN-RMQ,11:25,13:50,11:25,13:50,13:05,13:45,13:47,13:49,02:25,00:42,EARLY,ONTIME,ONTIME,DELAY,,,,,,,,,HAN,FUK,RMQ,International,VJ,,
2026-08-06|VJ7661/VJ7661|A553|KHV-HAN-DAD|14:15,2026-08-06,VJ7661/VJ7661,A553,A321,KHV-HAN-DAD,13:45,14:15,13:45,15:10,14:45,15:09,15:10,15:20,01:25,00:25,ONTIME,ONTIME,DELAY,DELAY,,,,,,,,,HAN,KHV,DAD,Domestic,VJ,,
2026-08-06|VJ933/VJ942|A203|NRT-HAN-TPE|14:25,2026-08-06,VJ933/VJ942,A203,A321,NRT-HAN-TPE,13:05,14:25,13:05,15:45,14:05,15:29,15:30,15:50,02:40,01:25,EARLY,ONTIME,DELAY,DELAY,,,,,,,,,HAN,NRT,TPE,International,VJ,,
2026-08-06|VJ134/VJ467|A656|SGN-HAN-VCA|14:30,2026-08-06,VJ134/VJ467,A656,A320,SGN-HAN-VCA,13:30,14:30,13:30,14:30,13:50,14:29,14:30,14:33,01:00,00:40,ONTIME,ONTIME,ONTIME,DELAY,,,,,,,,,HAN,SGN,VCA,Domestic,VJ,,
2026-08-06|VJ440/VJ7316|A676|PQC-HAN-ENH|14:30,2026-08-06,VJ440/VJ7316,A676,A320,PQC-HAN-ENH,13:30,14:30,13:30,14:30,13:55,14:34,14:35,14:45,01:00,00:40,DELAY,ONTIME,ONTIME,DELAY,,66,00:05,,,,,CREW ON 1416,HAN,PQC,ENH,International,VJ,,
2026-08-06|VJ1504/VJ1505|A534|DAD-HAN-DAD|14:35,2026-08-06,VJ1504/VJ1505,A534,A321,DAD-HAN-DAD,14:00,14:35,14:00,14:35,14:35,15:04,15:05,15:15,00:35,00:30,DELAY,DELAY,DELAY,DELAY,,93,00:30,,,,,,HAN,DAD,DAD,Domestic,VJ,,
2026-08-06|VJ921/VJ946|A524|NGO-HAN-KHH|14:35,2026-08-06,VJ921/VJ946,A524,A321,NGO-HAN-KHH,12:50,14:35,12:50,14:35,13:40,14:29,14:30,14:35,01:45,00:50,EARLY,ONTIME,ONTIME,DELAY,,,,,,,,,HAN,NGO,KHH,International,VJ,,
2026-08-06|VJ961/VJ143|A542|ICN-HAN-SGN|14:35,2026-08-06,VJ961/VJ143,A542,A321,ICN-HAN-SGN,13:35,14:35,13:35,14:35,13:17,14:44,14:45,14:50,01:00,01:28,DELAY,ONTIME,ONTIME,ONTIME,,15A,00:10,,,,,OFLD 4PAX AND 1BAG,HAN,ICN,SGN,Domestic,VJ,,
2026-08-06|VJ136/VJ145|A675|SGN-HAN-SGN|14:50,2026-08-06,VJ136/VJ145,A675,A320,SGN-HAN-SGN,14:20,14:50,14:20,14:50,14:55,15:19,15:20,15:35,00:30,00:25,DELAY,DELAY,DELAY,DELAY,,93,00:30,,,,,,HAN,SGN,SGN,Domestic,VJ,,
2026-08-06|VJ566/VJ441|A685|HUI-HAN-PQC|14:50,2026-08-06,VJ566/VJ441,A685,A321,HUI-HAN-PQC,14:15,14:50,14:15,14:50,14:15,14:49,14:50,14:57,00:35,00:35,ONTIME,ONTIME,ONTIME,ONTIME,,,,,,,,,HAN,HUI,PQC,Domestic,VJ,,
2026-08-06|VJ510/VJ511|A539|DAD-HAN-DAD|15:05,2026-08-06,VJ510/VJ511,A539,A321,DAD-HAN-DAD,14:35,15:05,14:35,15:35,16:05,16:34,16:35,16:45,01:00,00:30,DELAY,DELAY,DELAY,DELAY,,93,01:00,,,,,,HAN,DAD,DAD,Domestic,VJ,,
2026-08-06|VJ426/VJ1451|A699|PXU-HAN-PQC|15:05,2026-08-06,VJ426/VJ1451,A699,A320,PXU-HAN-PQC,14:05,15:05,14:05,15:05,13:50,15:14,15:15,15:20,01:00,01:25,DELAY,ONTIME,ONTIME,ONTIME,,15A,00:10,,,,,OFLD 13PAX AND 12BAG,HAN,PXU,PQC,Domestic,VJ,,
2026-08-06|VJ128/VJ423|A666|SGN-HAN-PXU|15:05,2026-08-06,VJ128/VJ423,A666,A320,SGN-HAN-PXU,11:50,15:05,11:50,15:05,12:39,15:04,15:05,15:10,03:15,02:26,ONTIME,ONTIME,ONTIME,DELAY,,,,,,,,,HAN,SGN,PXU,Domestic,VJ,,
2026-08-06|VJ436/VJ419|A649|UIH-HAN-TBB|15:10,2026-08-06,VJ436/VJ419,A649,A321,UIH-HAN-TBB,14:10,15:10,14:10,15:10,15:10,15:31,15:32,15:37,01:00,00:22,DELAY,DELAY,DELAY,DELAY,,93,00:22,,,,,,HAN,UIH,TBB,Domestic,VJ,,
2026-08-06|VJ1981/VJ903|A669|FSZ-HAN-BKK|15:45,2026-08-06,VJ1981/VJ903,A669,A320,FSZ-HAN-BKK,14:00,15:45,14:00,15:45,14:00,15:39,15:40,15:43,01:45,01:40,EARLY,ONTIME,ONTIME,ONTIME,,,,,,,,,HAN,FSZ,BKK,International,VJ,,
2026-08-06|VJ494/VJ567|A637|BMV-HAN-HUI|15:55,2026-08-06,VJ494/VJ567,A637,A321,BMV-HAN-HUI,14:30,15:55,14:30,15:55,16:00,16:23,16:24,16:25,01:25,00:24,DELAY,DELAY,DELAY,DELAY,,93,00:29,,,,,,HAN,BMV,HUI,Domestic,VJ,,
2026-08-06|VJ508/VJ773|A639|DAD-HAN-CXR|16:00,2026-08-06,VJ508/VJ773,A639,A321,DAD-HAN-CXR,15:25,16:00,15:25,16:45,17:05,17:34,17:35,17:40,01:20,00:30,DELAY,DELAY,DELAY,DELAY,,93,00:50,,,,,,HAN,DAD,CXR,Domestic,VJ,,
2026-08-06|VJ140/VJ151|A646|SGN-HAN-SGN|16:50,2026-08-06,VJ140/VJ151,A646,A321,SGN-HAN-SGN,16:20,16:50,16:20,16:50,17:10,17:39,17:40,17:50,00:30,00:30,DELAY,DELAY,DELAY,DELAY,,93,00:50,,,,,,HAN,SGN,SGN,Domestic,VJ,,
2026-08-06|VJ902/VJ913|A657|BKK-HAN-SAI|16:50,2026-08-06,VJ902/VJ913,A657,A321,BKK-HAN-SAI,15:50,16:50,15:50,17:15,16:35,17:13,17:15,17:18,01:25,00:40,ONTIME,ONTIME,DELAY,DELAY,,,,,,,,,HAN,BKK,SAI,International,VJ,,
2026-08-06|VJ142/VJ465|A634|SGN-HAN-VCA|17:00,2026-08-06,VJ142/VJ465,A634,A321,SGN-HAN-VCA,15:40,17:00,15:40,17:00,16:26,16:59,17:00,17:10,01:20,00:34,ONTIME,ONTIME,ONTIME,DELAY,,,,,,,,,HAN,SGN,VCA,Domestic,VJ,,
2026-08-06|VJ530/VJ457|A662|DAD-HAN-PQC|17:10,2026-08-06,VJ530/VJ457,A662,A320,DAD-HAN-PQC,16:15,17:10,16:15,18:10,17:45,18:14,18:15,18:29,01:55,00:30,DELAY,ONTIME,DELAY,DELAY,,66,00:05,,,,,CREW HN OB 1755L,HAN,DAD,PQC,Domestic,VJ,,
2026-08-06|VJ454/VJ495|A689|PQC-HAN-BMV|17:30,2026-08-06,VJ454/VJ495,A689,A320,PQC-HAN-BMV,16:45,17:30,16:45,17:30,17:20,17:49,17:50,17:58,00:45,00:30,DELAY,DELAY,DELAY,DELAY,,93,00:20,,,,,,HAN,PQC,BMV,Domestic,VJ,,
2026-08-06|VJ953/VJ1431|A668|HIJ-HAN-UIH|17:40,2026-08-06,VJ953/VJ1431,A668,A320,HIJ-HAN-UIH,16:10,17:40,16:10,17:40,16:15,17:38,17:39,17:45,01:30,01:24,EARLY,ONTIME,ONTIME,ONTIME,,,,,,,,,HAN,HIJ,UIH,Domestic,VJ,,
2026-08-06|VJ774/VJ517|A643|CXR-HAN-DAD|18:00,2026-08-06,VJ774/VJ517,A643,A321,CXR-HAN-DAD,17:25,18:00,17:25,19:00,18:55,19:24,19:25,19:30,01:35,00:30,DELAY,DELAY,DELAY,DELAY,,93,00:25,,,,,,HAN,CXR,DAD,Domestic,VJ,,
2026-08-06|VJ456/VJ781|A537|PQC-HAN-CXR|18:35,2026-08-06,VJ456/VJ781,A537,A321,PQC-HAN-CXR,18:05,18:35,18:05,18:35,18:50,19:14,19:15,19:23,00:30,00:25,DELAY,DELAY,DELAY,DELAY,,93,00:40,,,,,,HAN,PQC,CXR,Domestic,VJ,,
2026-08-06|VJ144/VJ521|A202|SGN-HAN-DAD|18:45,2026-08-06,VJ144/VJ521,A202,A321,SGN-HAN-DAD,18:05,18:45,18:05,18:45,18:05,19:24,19:25,19:30,00:40,01:20,DELAY,DELAY,DELAY,ONTIME,,95,00:40,,,,,CREW VJ512 OB 1907LT,HAN,SGN,DAD,Domestic,VJ,,
2026-08-06|VJ434/VJ789|A698|UIH-HAN-CXR|18:45,2026-08-06,VJ434/VJ789,A698,A321,UIH-HAN-CXR,17:10,18:45,17:10,18:45,17:40,18:44,18:45,18:47,01:35,01:05,ONTIME,ONTIME,ONTIME,DELAY,,,,,,,,,HAN,UIH,CXR,Domestic,VJ,,
2026-08-06|VJ148/VJ155|A641|SGN-HAN-SGN|19:00,2026-08-06,VJ148/VJ155,A641,A321,SGN-HAN-SGN,18:25,19:00,18:25,19:25,19:10,19:39,19:40,19:45,01:00,00:30,DELAY,ONTIME,DELAY,DELAY,,93,00:15,,,,,,HAN,SGN,SGN,Domestic,VJ,,
2026-08-06|VJ424/VJ561|A666|PXU-HAN-HUI|19:15,2026-08-06,VJ424/VJ561,A666,A320,PXU-HAN-HUI,18:45,19:15,18:45,19:15,18:55,19:19,19:20,19:30,00:30,00:25,DELAY,ONTIME,ONTIME,ONTIME,,93,00:05,,,,,,HAN,PXU,HUI,Domestic,VJ,,
2026-08-06|VJ1454/VJ519|A632|PQC-HAN-DAD|19:25,2026-08-06,VJ1454/VJ519,A632,A321,PQC-HAN-DAD,17:00,19:25,17:00,20:10,18:43,20:54,20:55,20:57,03:10,02:12,DELAY,DELAY,DELAY,DELAY,,61,00:45,,,,,CHANGE FPL,HAN,PQC,DAD,Domestic,VJ,,
2026-08-06|VJ931/VJ971|A549|KIX-HAN-DEL|19:40,2026-08-06,VJ931/VJ971,A549,A321,KIX-HAN-DEL,18:30,19:40,18:30,19:40,18:45,19:49,19:50,19:54,01:10,01:05,DELAY,ONTIME,ONTIME,ONTIME,,99,00:10,,,,,SUPPORT LATE PAX IB FROM VJ1454,HAN,KIX,DEL,International,VJ,,
2026-08-06|VJ512/VJ1925|A500|DAD-HAN-AMD|19:45,2026-08-06,VJ512/VJ1925,A500,A321,DAD-HAN-AMD,18:15,19:45,18:15,19:45,18:45,20:08,20:10,20:15,01:30,01:25,DELAY,DELAY,DELAY,DELAY,,99,00:10,61,00:15,,,CHANGE FPL + ARRANGE PAX,HAN,DAD,AMD,International,VJ,,
2026-08-06|VJ464/VJ7712|A655|VCA-HAN-PKX|19:55,2026-08-06,VJ464/VJ7712,A655,A320,VCA-HAN-PKX,15:10,19:55,15:10,19:55,16:30,19:54,19:55,20:05,04:45,03:25,ONTIME,ONTIME,ONTIME,DELAY,,,,,,,,,HAN,VCA,PKX,International,VJ,,
2026-08-06|VJ568/VJ1785|A637|HUI-HAN-CXR|19:55,2026-08-06,VJ568/VJ1785,A637,A321,HUI-HAN-CXR,18:55,19:55,18:55,20:10,19:35,20:05,20:06,20:10,01:15,00:31,EARLY,ONTIME,ONTIME,DELAY,,,,,,,,,HAN,HUI,CXR,Domestic,VJ,,
2026-08-06|VJ146/VJ157|A542|SGN-HAN-SGN|20:00,2026-08-06,VJ146/VJ157,A542,A321,SGN-HAN-SGN,19:25,20:00,19:25,20:40,20:50,21:19,21:20,21:30,01:15,00:30,DELAY,DELAY,DELAY,DELAY,,93,00:40,,,,,,HAN,SGN,SGN,Domestic,VJ,,
2026-08-06|VJ442/VJ523|A685|PQC-HAN-DAD|20:30,2026-08-06,VJ442/VJ523,A685,A321,PQC-HAN-DAD,19:55,20:30,19:55,20:30,20:15,20:43,20:44,20:45,00:35,00:29,DELAY,ONTIME,ONTIME,DELAY,,93,00:14,,,,,,HAN,PQC,DAD,Domestic,VJ,,
2026-08-06|VJ468/VJ161|A656|VCA-HAN-SGN|20:55,2026-08-06,VJ468/VJ161,A656,A320,VCA-HAN-SGN,19:50,20:55,19:50,20:55,19:40,20:54,20:55,20:59,01:05,01:15,ONTIME,ONTIME,ONTIME,ONTIME,,,,,,,,,HAN,VCA,SGN,Domestic,VJ,,
2026-08-06|VJ916/VJ159|A683|SIN-HAN-SGN|21:10,2026-08-06,VJ916/VJ159,A683,A321,SIN-HAN-SGN,17:25,21:10,17:25,21:10,17:36,21:09,21:10,21:20,03:45,03:34,ONTIME,ONTIME,ONTIME,ONTIME,,,,,,,,,HAN,SIN,SGN,Domestic,VJ,,
2026-08-06|VJ904/VJ7238|A669|BKK-HAN-PVG|21:25,2026-08-06,VJ904/VJ7238,A669,A320,BKK-HAN-PVG,20:25,21:25,20:25,21:25,20:50,21:17,21:18,21:22,01:00,00:28,EARLY,ONTIME,ONTIME,DELAY,,,,,,,,,HAN,BKK,PVG,International,VJ,,
2026-08-06|VJ776/VJ527|A639|CXR-HAN-DAD|21:25,2026-08-06,VJ776/VJ527,A639,A321,CXR-HAN-DAD,20:10,21:25,21:00,22:20,22:10,22:39,22:40,22:50,01:20,00:30,DELAY,DELAY,DELAY,DELAY,,93,00:20,,,,,,HAN,CXR,DAD,Domestic,VJ,,
2026-08-06|VJ420/VJ7526|A649|PXU-HAN-CAN|22:30,2026-08-06,VJ420/VJ7526,A649,A321,PXU-HAN-CAN,19:15,22:30,19:15,22:30,20:00,22:27,22:28,22:30,03:15,02:28,EARLY,ONTIME,ONTIME,DELAY,,,,,,,,,HAN,PXU,CAN,International,VJ,,
2026-08-06|VJ518/VJ529|A539|DAD-HAN-DAD|22:35,2026-08-06,VJ518/VJ529,A539,A321,DAD-HAN-DAD,22:05,22:35,22:05,22:35,23:00,23:26,23:27,23:30,00:30,00:27,DELAY,DELAY,DELAY,DELAY,,93,00:52,,,,,,HAN,DAD,DAD,Domestic,VJ,,
2026-08-06|VJ947/VJ167|A524|KHH-HAN-SGN|22:45,2026-08-06,VJ947/VJ167,A524,A321,KHH-HAN-SGN,20:35,22:45,20:35,22:45,20:57,22:44,22:45,22:54,02:10,01:48,ONTIME,ONTIME,ONTIME,DELAY,,,,,,,,,HAN,KHH,SGN,Domestic,VJ,,
2026-08-06|VJ152/VJ962|A535|SGN-HAN-ICN|23:15,2026-08-06,VJ152/VJ962,A535,A321,SGN-HAN-ICN,19:20,23:15,19:20,23:15,20:10,23:24,23:25,23:45,03:55,03:15,DELAY,ONTIME,DELAY,DELAY,,15A,00:10,,,,,DUE TO OFLD 01PAX + BAG,HAN,SGN,ICN,International,VJ,,
2026-08-06|VJ1452/VJ169|A699|PQC-HAN-SGN|23:50,2026-08-06,VJ1452/VJ169,A699,A320,PQC-HAN-SGN,19:50,23:50,19:50,23:50,20:15,23:54,23:55,00:05,04:00,03:40,DELAY,ONTIME,ONTIME,DELAY,,95,00:05,,,,,CREW FROM VJ160 OB 2330LT,HAN,PQC,SGN,Domestic,VJ,,
2026-08-07|VJ932|A203|HAN-NRT|00:30,2026-08-07,VJ932,A203,A321,HAN-NRT,,00:30,,00:30,,00:34,00:35,00:45,,01:04,DELAY,ONTIME,ONTIME,,,99,00:05,,,,,SUPPORT LATE PAX IB FROM VJ520,HAN,,NRT,International,VJ,,
2026-08-07|VJ982|A640|HAN-PUS|01:05,2026-08-07,VJ982,A640,A321,HAN-PUS,,01:05,,01:05,,01:04,01:05,01:07,,01:16,ONTIME,ONTIME,ONTIME,,,,,,,,,,HAN,,PUS,International,VJ,,
2026-08-07|VJ7614/VJ7614|A554|CXR-HAN-BQS|01:15,2026-08-07,VJ7614/VJ7614,A554,A321,CXR-HAN-BQS,00:40,01:15,00:40,01:15,00:40,01:12,01:13,01:20,00:35,00:33,EARLY,ONTIME,ONTIME,ONTIME,,,,,,,,,HAN,CXR,BQS,International,VJ,,
2026-08-07|VJ938|A578|HAN-KIX|01:20,2026-08-07,VJ938,A578,A321,HAN-KIX,,01:20,,01:20,,01:16,01:17,01:25,,01:40,EARLY,ONTIME,ONTIME,,,,,,,,,,HAN,,KIX,International,VJ,,
2026-08-07|VJ960|A697|HAN-ICN|01:40,2026-08-07,VJ960,A697,A321,HAN-ICN,,01:40,,01:40,,01:39,01:40,01:42,,,ONTIME,ONTIME,ONTIME,,,,,,,,,,HAN,,ICN,International,VJ,,
2026-08-07|VJ958|A544|HAN-FUK|02:05,2026-08-07,VJ958,A544,A321,HAN-FUK,,02:05,,02:05,,02:04,02:05,02:15,,,ONTIME,ONTIME,ONTIME,,,,,,,,,,HAN,,FUK,International,VJ,,
2026-08-07|VJ920|A543|HAN-NGO|02:30,2026-08-07,VJ920,A543,A321,HAN-NGO,,02:30,,02:30,,02:14,02:15,02:23,,,EARLY,ONTIME,ONTIME,,,,,,,,,,HAN,,NGO,International,VJ,,
2026-08-07|VJ123|A643|HAN-SGN|05:30,2026-08-07,VJ123,A643,A321,HAN-SGN,,05:30,,05:30,,05:24,05:25,05:35,,,EARLY,ONTIME,ONTIME,,,,,,,,,,HAN,,SGN,Domestic,VJ,,
2026-08-07|VJ445|A689|HAN-PQC|05:30,2026-08-07,VJ445,A689,A320,HAN-PQC,,05:30,,05:30,,05:24,05:25,05:28,,,EARLY,ONTIME,ONTIME,,,,,,,,,,HAN,,PQC,Domestic,VJ,,
2026-08-07|VJ501|A673|HAN-DAD|05:40,2026-08-07,VJ501,A673,A321,HAN-DAD,,05:40,,05:40,,05:39,05:40,05:50,,,ONTIME,ONTIME,ONTIME,,,,,,,,,,HAN,,DAD,Domestic,VJ,,
2026-08-07|VJ121|A668|HAN-SGN|06:00,2026-08-07,VJ121,A668,A320,HAN-SGN,,06:00,,06:00,,05:54,05:55,06:05,,,EARLY,ONTIME,ONTIME,,,,,,,,,,HAN,,SGN,Domestic,VJ,,
2026-08-07|VJ491|A637|HAN-BMV|06:00,2026-08-07,VJ491,A637,A321,HAN-BMV,,06:00,,06:00,,05:53,05:54,05:55,,,EARLY,ONTIME,ONTIME,,,,,,,,,,HAN,,BMV,Domestic,VJ,,
2026-08-07|VJ431|A676|HAN-UIH|06:05,2026-08-07,VJ431,A676,A320,HAN-UIH,,06:05,,06:05,,06:33,06:34,06:35,,,DELAY,DELAY,DELAY,,,41,00:29,,,,,GROUND RETURN DUE TO TECH-CHECK,HAN,,UIH,Domestic,VJ,,
2026-08-07|VJ449|A656|HAN-PQC|06:30,2026-08-07,VJ449,A656,A320,HAN-PQC,,06:30,,06:30,,06:21,06:22,06:25,,,EARLY,ONTIME,ONTIME,,,,,,,,,,HAN,,PQC,Domestic,VJ,,
2026-08-07|VJ531|A537|HAN-DAD|06:30,2026-08-07,VJ531,A537,A321,HAN-DAD,,06:30,,06:30,,06:29,06:30,06:40,,,ONTIME,ONTIME,ONTIME,,,,,,,,,,HAN,,DAD,Domestic,VJ,,
2026-08-07|VJ461|A635|HAN-VCA|06:45,2026-08-07,VJ461,A635,A321,HAN-VCA,,06:45,,06:45,,06:39,06:40,06:49,,,EARLY,ONTIME,ONTIME,,,,,,,,,,HAN,,VCA,Domestic,VJ,,
2026-08-07|VJ1771|A657|HAN-CXR|07:00,2026-08-07,VJ1771,A657,A321,HAN-CXR,,07:00,,07:00,,06:54,06:55,06:58,,,EARLY,ONTIME,ONTIME,,,,,,,,,,HAN,,CXR,Domestic,VJ,,
2026-08-07|VJ125|A655|HAN-SGN|07:00,2026-08-07,VJ125,A655,A320,HAN-SGN,,07:00,,07:00,,06:54,06:55,07:10,,,EARLY,ONTIME,ONTIME,,,,,,,,,,HAN,,SGN,Domestic,VJ,,
2026-08-07|VJ905|A685|HAN-KUL|07:25,2026-08-07,VJ905,A685,A321,HAN-KUL,,07:25,,07:25,,07:19,07:20,07:30,,,EARLY,ONTIME,ONTIME,,,,,,,,,,HAN,,KUL,International,VJ,,
2026-08-07|VJ502/VJ503|A202|DAD-HAN-DAD|07:30,2026-08-07,VJ502/VJ503,A202,A321,DAD-HAN-DAD,07:00,07:30,07:00,07:30,06:55,07:29,07:30,07:32,00:30,00:35,ONTIME,ONTIME,ONTIME,ONTIME,,,,,,,,,HAN,DAD,DAD,Domestic,VJ,,
2026-08-07|VJ934|A549|HAN-NRT|07:55,2026-08-07,VJ934,A549,A321,HAN-NRT,,07:55,,07:55,,07:49,07:50,07:56,,,EARLY,ONTIME,ONTIME,,,,,,,,,,HAN,,NRT,International,VJ,,
2026-08-07|VJ930|A500|HAN-KIX|07:55,2026-08-07,VJ930,A500,A321,HAN-KIX,,07:55,,07:55,,07:49,07:50,07:57,,,EARLY,ONTIME,ONTIME,,,,,,,,,,HAN,,KIX,International,VJ,,
2026-08-07|VJ127|A634|HAN-SGN|08:10,2026-08-07,VJ127,A634,A321,HAN-SGN,,08:10,,08:10,,08:04,08:05,08:17,,,EARLY,ONTIME,ONTIME,,,,,,,,,,HAN,,SGN,Domestic,VJ,,
2026-08-07|VJ120/VJ929|A552|SGN-HAN-CGK|08:40,2026-08-07,VJ120/VJ929,A552,A321,SGN-HAN-CGK,07:10,08:40,07:10,08:40,07:20,08:49,08:50,08:55,01:30,01:30,DELAY,ONTIME,ONTIME,ONTIME,,15A,00:10,,,,,LATE TAKEOFF DUE TO ATC,HAN,SGN,CGK,International,VJ,,
2026-08-07|VJ447|A632|HAN-PQC|08:45,2026-08-07,VJ447,A632,A321,HAN-PQC,,08:45,,08:45,,08:44,08:45,08:46,,,ONTIME,ONTIME,ONTIME,,,,,,,,,,HAN,,PQC,Domestic,VJ,,
2026-08-07|VJ129|A534|HAN-SGN|08:45,2026-08-07,VJ129,A534,A321,HAN-SGN,,08:45,,09:00,,08:58,08:59,09:00,,,EARLY,ONTIME,ONTIME,,,,,,,,,,HAN,,SGN,Domestic,VJ,,
2026-08-07|VJ504/VJ435|A650|DAD-HAN-UIH|09:05,2026-08-07,VJ504/VJ435,A650,A320,DAD-HAN-UIH,08:20,09:05,08:20,09:05,08:25,08:54,08:55,09:07,00:45,00:30,EARLY,ONTIME,ONTIME,ONTIME,,,,,,,,,HAN,DAD,UIH,Domestic,VJ,,
2026-08-07|VJ514/VJ563|A673|DAD-HAN-HUI|09:20,2026-08-07,VJ514/VJ563,A673,A321,DAD-HAN-HUI,08:50,09:20,08:50,09:20,09:05,09:39,09:40,09:47,00:30,00:35,DELAY,DELAY,DELAY,ONTIME,,93,00:15,99,00:05,,,OFFLOAD 6CABIN BAG,HAN,DAD,HUI,Domestic,VJ,,
2026-08-07|VJ156/VJ1773|A674|SGN-HAN-CXR|10:00,2026-08-07,VJ156/VJ1773,A674,A321,SGN-HAN-CXR,09:00,10:00,09:00,10:00,09:12,09:59,10:00,10:10,01:00,00:48,ONTIME,ONTIME,ONTIME,ONTIME,,,,,,,,,HAN,SGN,CXR,Domestic,VJ,,
2026-08-07|VJ126/VJ131|A529|SGN-HAN-SGN|10:10,2026-08-07,VJ126/VJ131,A529,A321,SGN-HAN-SGN,09:40,10:10,09:40,10:10,10:10,10:34,10:35,10:52,00:30,00:25,DELAY,DELAY,DELAY,DELAY,,93,00:25,,,,,,HAN,SGN,SGN,Domestic,VJ,,
2026-08-07|VJ135|A662|HAN-SGN|10:10,2026-08-07,VJ135,A662,A320,HAN-SGN,,10:10,,10:10,,10:28,10:29,10:35,,,DELAY,DELAY,DELAY,,,95,00:19,,,,,CREW FR VJ122 OB 1004L,HAN,,SGN,Domestic,VJ,,
2026-08-07|VJ425|A536|HAN-PXU|10:20,2026-08-07,VJ425,A536,A321,HAN-PXU,,10:20,,10:20,,10:16,10:17,10:22,,,EARLY,ONTIME,ONTIME,,,,,,,,,,HAN,,PXU,Domestic,VJ,,
2026-08-07|VJ463|A666|HAN-VCA|10:20,2026-08-07,VJ463,A666,A320,HAN-VCA,,10:20,,10:20,,10:18,10:20,10:24,,,ONTIME,ONTIME,ONTIME,,,,,,,,,,HAN,,VCA,Domestic,VJ,,
2026-08-07|VJ959/VJ997|A544|FUK-HAN-DPS|10:25,2026-08-07,VJ959/VJ997,A544,A321,FUK-HAN-DPS,11:25,10:25,11:25,12:45,11:55,12:59,13:00,13:08,01:20,01:05,DELAY,ONTIME,DELAY,DELAY,,61,00:15,,,,,CHANGE A/C DUE TO TECHNICAL,HAN,FUK,DPS,International,VJ,,
2026-08-07|VJ430/VJ437|A676|UIH-HAN-UIH|10:25,2026-08-07,VJ430/VJ437,A676,A320,UIH-HAN-UIH,09:50,10:25,09:50,10:55,10:30,10:53,10:54,10:55,01:05,00:24,EARLY,ONTIME,DELAY,DELAY,,,,,,,,,HAN,UIH,UIH,Domestic,VJ,,
2026-08-07|VJ492/VJ493|A637|BMV-HAN-BMV|10:30,2026-08-07,VJ492/VJ493,A637,A321,BMV-HAN-BMV,10:00,10:30,10:00,10:30,10:15,10:42,10:43,10:45,00:30,00:28,DELAY,ONTIME,ONTIME,ONTIME,,93,00:13,,,,,,HAN,BMV,BMV,Domestic,VJ,,
2026-08-07|VJ524/VJ507|A202|DAD-HAN-DAD|11:10,2026-08-07,VJ524/VJ507,A202,A321,DAD-HAN-DAD,10:40,11:10,10:40,11:10,11:00,11:29,11:30,11:40,00:30,00:30,DELAY,DELAY,DELAY,DELAY,,93,00:20,,,,,,HAN,DAD,DAD,Domestic,VJ,,
2026-08-07|VJ122/VJ901|A667|SGN-HAN-BKK|11:10,2026-08-07,VJ122/VJ901,A667,A321,SGN-HAN-BKK,09:05,11:10,09:05,11:10,09:40,11:06,11:07,11:15,02:05,01:27,EARLY,ONTIME,ONTIME,DELAY,,,,,,,,,HAN,SGN,BKK,International,VJ,,
2026-08-07|VJ133|A649|HAN-SGN|11:20,2026-08-07,VJ133,A649,A321,HAN-SGN,,11:20,,11:20,,11:19,11:20,11:28,,,ONTIME,ONTIME,ONTIME,,,,,,,,,,HAN,,SGN,Domestic,VJ,,
2026-08-07|VJ981/VJ565|A640|PUS-HAN-HUI|11:30,2026-08-07,VJ981/VJ565,A640,A321,PUS-HAN-HUI,10:40,11:30,10:40,11:30,10:15,11:27,11:28,11:30,00:50,01:13,EARLY,ONTIME,ONTIME,ONTIME,,,,,,,,,HAN,PUS,HUI,Domestic,VJ,,
2026-08-07|VJ532/VJ775|A537|DAD-HAN-CXR|11:45,2026-08-07,VJ532/VJ775,A537,A321,DAD-HAN-CXR,09:45,11:45,09:45,11:45,10:40,11:44,11:45,11:50,02:00,01:05,ONTIME,ONTIME,ONTIME,DELAY,,,,,,,,,HAN,DAD,CXR,Domestic,VJ,,
2026-08-07|VJ448/VJ451|A689|PQC-HAN-PQC|11:45,2026-08-07,VJ448/VJ451,A689,A320,PQC-HAN-PQC,10:15,11:45,10:15,11:45,10:30,11:39,11:40,11:55,01:30,01:10,EARLY,ONTIME,ONTIME,ONTIME,,,,,,,,,HAN,PQC,PQC,Domestic,VJ,,
2026-08-07|VJ450/VJ1453|A656|PQC-HAN-PQC|11:50,2026-08-07,VJ450/VJ1453,A656,A320,PQC-HAN-PQC,11:15,11:50,11:15,11:50,11:20,11:46,11:47,12:05,00:35,00:27,EARLY,ONTIME,ONTIME,ONTIME,,,,,,,,,HAN,PQC,PQC,Domestic,VJ,,
2026-08-07|VJ462/VJ515|A635|VCA-HAN-DAD|12:10,2026-08-07,VJ462/VJ515,A635,A321,VCA-HAN-DAD,11:40,12:10,11:40,12:10,11:55,12:18,12:19,12:40,00:30,00:24,DELAY,ONTIME,DELAY,ONTIME,,93,00:09,,,,,,HAN,VCA,DAD,Domestic,VJ,,
2026-08-07|VJ128/VJ137|A655|SGN-HAN-SGN|12:20,2026-08-07,VJ128/VJ137,A655,A320,SGN-HAN-SGN,11:50,12:20,11:50,12:20,12:40,13:04,13:05,13:15,00:30,00:25,DELAY,DELAY,DELAY,DELAY,,93,00:25,,,,,,HAN,SGN,SGN,Domestic,VJ,,
2026-08-07|VJ453|A669|HAN-PQC|13:00,2026-08-07,VJ453,A669,A320,HAN-PQC,,13:00,,13:00,,14:14,14:15,14:25,,,DELAY,DELAY,DELAY,,,99,01:15,,,,,LATE A/C TO POSITIONING / LATE TAKEOFF DUE TO ATC,HAN,,PQC,Domestic,VJ,,
2026-08-07|VJ1772/VJ787|A630|CXR-HAN-CXR|13:10,2026-08-07,VJ1772/VJ787,A630,A321,CXR-HAN-CXR,12:25,13:10,12:25,13:10,13:05,13:29,13:30,13:40,00:45,00:25,DELAY,DELAY,DELAY,DELAY,,93,00:20,,,,,,HAN,CXR,CXR,Domestic,VJ,,
2026-08-07|VJ432/VJ509|A650|UIH-HAN-DAD|13:20,2026-08-07,VJ432/VJ509,A650,A320,UIH-HAN-DAD,12:50,13:20,12:50,13:20,13:20,13:39,13:40,14:00,00:30,00:20,DELAY,DELAY,DELAY,DELAY,,93,00:20,,,,,,HAN,UIH,DAD,Domestic,VJ,,
2026-08-07|VJ939/VJ948|A578|KIX-HAN-RMQ|13:30,2026-08-07,VJ939/VJ948,A578,A321,KIX-HAN-RMQ,12:20,13:30,12:20,13:30,12:20,13:29,13:30,13:40,01:10,01:10,ONTIME,ONTIME,ONTIME,ONTIME,,,,,,,,LATE TAKEOFF DUE TO ATC,HAN,KIX,RMQ,International,VJ,,
2026-08-07|VJ564/VJ433|A673|HUI-HAN-UIH|13:50,2026-08-07,VJ564/VJ433,A673,A321,HUI-HAN-UIH,12:20,13:50,12:20,13:50,13:12,13:46,13:47,14:05,01:30,00:35,EARLY,ONTIME,ONTIME,DELAY,,,,,,,,,HAN,HUI,UIH,Domestic,VJ,,
2026-08-07|VJ130/VJ143|A643|SGN-HAN-SGN|14:05,2026-08-07,VJ130/VJ143,A643,A321,SGN-HAN-SGN,10:50,14:05,10:50,14:05,11:10,14:02,14:03,14:20,03:15,02:53,EARLY,ONTIME,ONTIME,DELAY,,,,,,,,,HAN,SGN,SGN,Domestic,VJ,,
2026-08-07|VJ7615/VJ7615|A554|BQS-HAN-CXR|14:15,2026-08-07,VJ7615/VJ7615,A554,A321,BQS-HAN-CXR,13:45,14:15,13:45,14:15,13:25,13:59,14:00,14:39,00:30,00:35,EARLY,ONTIME,DELAY,ONTIME,,,,,,,,,HAN,BQS,CXR,Domestic,VJ,,
2026-08-07|VJ933/VJ942|A203|NRT-HAN-TPE|14:25,2026-08-07,VJ933/VJ942,A203,A321,NRT-HAN-TPE,13:05,14:25,13:05,14:25,13:00,14:24,14:25,14:30,01:20,01:25,ONTIME,ONTIME,ONTIME,ONTIME,,,,,,,,LATE TAKEOFF DUE TO ATC,HAN,NRT,TPE,International,VJ,,
2026-08-07|VJ134/VJ467|A699|SGN-HAN-VCA|14:30,2026-08-07,VJ134/VJ467,A699,A320,SGN-HAN-VCA,13:30,14:30,13:30,15:00,14:55,15:19,15:20,15:32,01:30,00:25,DELAY,DELAY,DELAY,DELAY,,93,00:20,,,,,,HAN,SGN,VCA,Domestic,VJ,,
2026-08-07|VJ961/VJ946|A697|ICN-HAN-KHH|14:35,2026-08-07,VJ961/VJ946,A697,A321,ICN-HAN-KHH,13:35,14:35,13:35,14:35,13:40,14:39,14:40,14:45,01:00,01:00,DELAY,ONTIME,ONTIME,ONTIME,,99,00:05,,,,,LATE ACC 1PAX 2BAG / LATE TAKEOFF DUE TO ATC,HAN,ICN,KHH,International,VJ,,
2026-08-07|VJ426/VJ1505|A536|PXU-HAN-DAD|14:35,2026-08-07,VJ426/VJ1505,A536,A321,PXU-HAN-DAD,14:05,14:35,14:05,14:35,14:20,14:48,14:49,14:50,00:30,00:29,DELAY,ONTIME,ONTIME,ONTIME,,93,00:14,,,,,,HAN,PXU,DAD,Domestic,VJ,,
2026-08-07|VJ136/VJ145|A675|SGN-HAN-SGN|14:40,2026-08-07,VJ136/VJ145,A675,A320,SGN-HAN-SGN,14:10,14:40,14:10,16:10,16:05,16:39,16:40,17:04,02:00,00:35,DELAY,DELAY,DELAY,DELAY,,93,00:20,41,00:10,,,LỖI ĐỘNG CƠ RUNG LẮC,HAN,SGN,SGN,Domestic,VJ,,
2026-08-07|VJ510/VJ511|A522|DAD-HAN-DAD|15:05,2026-08-07,VJ510/VJ511,A522,A321,DAD-HAN-DAD,14:35,15:05,14:35,15:05,15:05,15:34,15:35,15:43,00:30,00:30,DELAY,DELAY,DELAY,DELAY,,93,00:30,,,,,,HAN,DAD,DAD,Domestic,VJ,,
2026-08-07|VJ440/VJ423|A632|PQC-HAN-PXU|15:05,2026-08-07,VJ440/VJ423,A632,A321,PQC-HAN-PXU,13:30,15:05,13:30,15:05,14:05,15:04,15:05,15:10,01:35,01:00,ONTIME,ONTIME,ONTIME,DELAY,,,,,,,,,HAN,PQC,PXU,Domestic,VJ,,
2026-08-07|VJ921/VJ419|A543|NGO-HAN-TBB|15:10,2026-08-07,VJ921/VJ419,A543,A321,NGO-HAN-TBB,12:50,15:10,12:50,15:10,14:10,15:09,15:10,15:20,02:20,01:00,ONTIME,ONTIME,ONTIME,DELAY,,,,,,,,,HAN,NGO,TBB,Domestic,VJ,,
2026-08-07|VJ1774/VJ1451|A698|CXR-HAN-PQC|15:15,2026-08-07,VJ1774/VJ1451,A698,A321,CXR-HAN-PQC,14:40,15:15,14:40,15:15,15:30,15:58,15:59,16:08,00:35,00:29,DELAY,DELAY,DELAY,DELAY,,93,00:44,,,,,LATE TAKEOFF DUE TO ATC,HAN,CXR,PQC,Domestic,VJ,,
2026-08-07|VJ906/VJ439|A685|KUL-HAN-UIH|15:40,2026-08-07,VJ906/VJ439,A685,A321,KUL-HAN-UIH,14:40,15:40,14:40,15:40,15:20,15:49,15:50,15:55,01:00,00:30,DELAY,ONTIME,ONTIME,DELAY,,93,00:10,,,,,,HAN,KUL,UIH,Domestic,VJ,,
2026-08-07|VJ436/VJ903|A676|UIH-HAN-BKK|15:45,2026-08-07,VJ436/VJ903,A676,A320,UIH-HAN-BKK,14:10,15:45,14:10,15:45,15:05,15:44,15:45,16:00,01:35,00:40,ONTIME,ONTIME,ONTIME,DELAY,,,,,,,,,HAN,UIH,BKK,International,VJ,,
2026-08-07|VJ1504/VJ147|A647|DAD-HAN-SGN|15:45,2026-08-07,VJ1504/VJ147,A647,A321,DAD-HAN-SGN,14:00,15:45,14:00,15:45,16:20,16:48,16:49,17:00,01:45,00:29,DELAY,DELAY,DELAY,DELAY,,93,01:04,,,,,,HAN,DAD,SGN,Domestic,VJ,,
2026-08-07|VJ494/VJ567|A637|BMV-HAN-HUI|15:55,2026-08-07,VJ494/VJ567,A637,A321,BMV-HAN-HUI,14:30,15:55,14:30,15:55,15:10,15:54,15:55,16:05,01:25,00:45,ONTIME,ONTIME,ONTIME,DELAY,,,,,,,,,HAN,BMV,HUI,Domestic,VJ,,
2026-08-07|VJ566/VJ773|A640|HUI-HAN-CXR|16:00,2026-08-07,VJ566/VJ773,A640,A321,HUI-HAN-CXR,14:30,16:00,14:30,16:00,15:05,15:56,15:57,16:04,01:30,00:52,EARLY,ONTIME,ONTIME,DELAY,,,,,,,,,HAN,HUI,CXR,Domestic,VJ,,
2026-08-07|VJ508/VJ913|A635|DAD-HAN-SAI|16:20,2026-08-07,VJ508/VJ913,A635,A321,DAD-HAN-SAI,15:25,16:20,15:25,17:00,16:45,17:19,17:20,17:30,01:35,00:35,DELAY,DELAY,DELAY,DELAY,,93,00:15,66,00:05,,,CREW  OB 1658L,HAN,DAD,SAI,International,VJ,,
2026-08-07|VJ142/VJ193|A529|SGN-HAN-SGN|16:30,2026-08-07,VJ142/VJ193,A529,A321,SGN-HAN-SGN,15:30,16:30,15:30,17:15,17:35,18:04,18:05,18:20,01:45,00:30,DELAY,DELAY,DELAY,DELAY,,93,00:50,,,,,,HAN,SGN,SGN,Domestic,VJ,,
2026-08-07|VJ464/VJ513|A666|VCA-HAN-DAD|16:35,2026-08-07,VJ464/VJ513,A666,A320,VCA-HAN-DAD,15:10,16:35,15:10,16:35,15:45,16:34,16:35,16:50,01:25,00:50,ONTIME,ONTIME,ONTIME,DELAY,,,,,,,,,HAN,VCA,DAD,Domestic,VJ,,
2026-08-07|VJ140/VJ151|A649|SGN-HAN-SGN|16:50,2026-08-07,VJ140/VJ151,A649,A321,SGN-HAN-SGN,16:20,16:50,16:20,16:50,17:55,18:24,18:25,18:35,00:30,00:30,DELAY,DELAY,DELAY,DELAY,,93,01:35,,,,,LATE TAKEOFF DUE TO ATC,HAN,SGN,SGN,Domestic,VJ,,
2026-08-07|VJ5068/VJ5068|A537|CXR-HAN-NOZ|16:55,2026-08-07,VJ5068/VJ5068,A537,A321,CXR-HAN-NOZ,16:20,16:55,16:20,17:30,17:40,18:09,18:10,18:47,01:10,00:30,DELAY,DELAY,DELAY,DELAY,,93,00:40,,,,,,HAN,CXR,NOZ,International,VJ,,
2026-08-07|VJ138/VJ465|A662|SGN-HAN-VCA|17:00,2026-08-07,VJ138/VJ465,A662,A320,SGN-HAN-VCA,15:15,17:00,15:15,17:20,17:50,18:14,18:15,18:25,02:05,00:25,DELAY,DELAY,DELAY,DELAY,,93,00:55,,,,,,HAN,SGN,VCA,Domestic,VJ,,
2026-08-07|VJ772/VJ495|A657|CXR-HAN-BMV|17:30,2026-08-07,VJ772/VJ495,A657,A321,CXR-HAN-BMV,15:55,17:30,15:55,17:30,17:20,17:57,17:58,18:00,01:35,00:38,DELAY,DELAY,DELAY,DELAY,,93,00:20,66,00:08,,,CREW OB 1734L,HAN,CXR,BMV,Domestic,VJ,,
2026-08-07|VJ1454/VJ141|A656|PQC-HAN-SGN|17:35,2026-08-07,VJ1454/VJ141,A656,A320,PQC-HAN-SGN,16:35,17:35,16:35,17:35,17:45,18:04,18:05,18:25,01:00,00:20,DELAY,DELAY,DELAY,DELAY,,93,00:30,,,,,,HAN,PQC,SGN,Domestic,VJ,,
2026-08-07|VJ454/VJ1431|A689|PQC-HAN-UIH|17:40,2026-08-07,VJ454/VJ1431,A689,A320,PQC-HAN-UIH,16:45,17:40,16:45,17:40,17:32,17:56,17:57,18:20,00:55,00:25,DELAY,DELAY,DELAY,DELAY,,93,00:17,,,,,,HAN,PQC,UIH,Domestic,VJ,,
2026-08-07|VJ530/VJ517|A658|DAD-HAN-DAD|17:45,2026-08-07,VJ530/VJ517,A658,A320,DAD-HAN-DAD,16:30,17:45,16:30,17:45,18:05,18:29,18:30,18:35,01:15,00:25,DELAY,DELAY,DELAY,DELAY,,93,00:45,,,,,LATE TAKEOFF DUE TO ATC,HAN,DAD,DAD,Domestic,VJ,,
2026-08-07|VJ902/VJ781|A667|BKK-HAN-CXR|18:15,2026-08-07,VJ902/VJ781,A667,A321,BKK-HAN-CXR,15:50,18:15,15:50,18:15,16:30,18:28,18:29,18:30,02:25,01:59,DELAY,ONTIME,ONTIME,DELAY,,95,00:14,,,,,FO FR VJ5068 OB 1828L,HAN,BKK,CXR,Domestic,VJ,,
2026-08-07|VJ512/VJ521|A522|DAD-HAN-DAD|18:45,2026-08-07,VJ512/VJ521,A522,A321,DAD-HAN-DAD,18:15,18:45,18:15,19:55,19:35,20:04,20:05,20:20,01:40,00:30,DELAY,ONTIME,DELAY,DELAY,,93,00:10,,,,,,HAN,DAD,DAD,Domestic,VJ,,
2026-08-07|VJ434/VJ789|A673|UIH-HAN-CXR|18:45,2026-08-07,VJ434/VJ789,A673,A321,UIH-HAN-CXR,17:40,18:45,17:40,18:45,18:35,18:59,19:00,19:10,01:05,00:25,DELAY,ONTIME,DELAY,DELAY,,93,00:15,,,,,,HAN,UIH,CXR,Domestic,VJ,,
2026-08-07|VJ148/VJ155|A200|SGN-HAN-SGN|18:55,2026-08-07,VJ148/VJ155,A200,A321,SGN-HAN-SGN,18:25,18:55,18:25,18:55,19:15,19:44,19:45,19:55,00:30,00:30,DELAY,DELAY,DELAY,DELAY,,93,00:50,,,,,,HAN,SGN,SGN,Domestic,VJ,,
2026-08-07|VJ774/VJ561|A630|CXR-HAN-HUI|19:15,2026-08-07,VJ774/VJ561,A630,A321,CXR-HAN-HUI,17:15,19:15,17:15,19:15,19:00,19:29,19:30,19:40,02:00,00:30,DELAY,ONTIME,DELAY,DELAY,,93,00:15,,,,,,HAN,CXR,HUI,Domestic,VJ,,
2026-08-07|VJ144/VJ519|A655|SGN-HAN-DAD|19:25,2026-08-07,VJ144/VJ519,A655,A320,SGN-HAN-DAD,18:05,19:25,18:05,19:50,19:25,20:07,20:08,20:14,01:45,00:43,DELAY,DELAY,DELAY,DELAY,,41,00:18,,,,,TECHNICAL CHECK,HAN,SGN,DAD,Domestic,VJ,,
2026-08-07|VJ424/VJ157|A632|PXU-HAN-SGN|19:30,2026-08-07,VJ424/VJ157,A632,A321,PXU-HAN-SGN,18:45,19:30,18:45,19:30,19:25,19:54,19:55,20:30,00:45,00:30,DELAY,DELAY,DELAY,DELAY,,93,00:25,,,,,,HAN,PXU,SGN,Domestic,VJ,,
2026-08-07|VJ146/VJ523|A643|SGN-HAN-DAD|19:40,2026-08-07,VJ146/VJ523,A643,A321,SGN-HAN-DAD,19:10,19:40,19:10,20:30,20:00,20:25,20:26,20:40,01:20,00:26,EARLY,ONTIME,DELAY,DELAY,,,,,,,,,HAN,SGN,DAD,Domestic,VJ,,
2026-08-07|VJ456/VJ7712|A669|PQC-HAN-PKX|19:55,2026-08-07,VJ456/VJ7712,A669,A320,PQC-HAN-PKX,17:45,19:55,17:45,20:55,20:15,20:54,20:55,21:09,03:10,00:40,ONTIME,ONTIME,DELAY,DELAY,,,,,,,,,HAN,PQC,PKX,International,VJ,,
2026-08-07|VJ568/VJ1785|A637|HUI-HAN-CXR|19:55,2026-08-07,VJ568/VJ1785,A637,A321,HUI-HAN-CXR,18:55,19:55,18:55,19:55,19:25,19:54,19:55,20:20,01:00,00:30,ONTIME,ONTIME,DELAY,DELAY,,,,,,,,LATE PUSH BACK & TAKEOFF DUE TO ATC,HAN,HUI,CXR,Domestic,VJ,,
2026-08-07|VJ931/VJ907|A500|KIX-HAN-BOM|20:05,2026-08-07,VJ931/VJ907,A500,A321,KIX-HAN-BOM,18:30,20:05,18:30,20:30,18:45,20:29,20:30,20:35,02:00,01:45,ONTIME,ONTIME,DELAY,ONTIME,,,,,,,,,HAN,KIX,BOM,International,VJ,,
2026-08-07|VJ928/VJ455|A552|CGK-HAN-PQC|20:05,2026-08-07,VJ928/VJ455,A552,A321,CGK-HAN-PQC,18:15,20:05,18:15,20:05,19:30,20:09,20:10,20:15,01:50,00:40,DELAY,ONTIME,ONTIME,DELAY,,66,00:05,,,,,CREW OB 1940L,HAN,CGK,PQC,Domestic,VJ,,
2026-08-07|VJ776/VJ161|A640|CXR-HAN-SGN|20:55,2026-08-07,VJ776/VJ161,A640,A321,CXR-HAN-SGN,20:10,20:55,20:10,20:55,21:00,21:34,21:35,21:38,00:45,00:35,DELAY,DELAY,DELAY,DELAY,,93,00:35,66,00:05,,,CREW OB 2112L,HAN,CXR,SGN,Domestic,VJ,,
2026-08-07|VJ516/VJ7238|A666|DAD-HAN-PVG|21:15,2026-08-07,VJ516/VJ7238,A666,A320,DAD-HAN-PVG,19:45,21:15,19:45,21:15,20:18,21:14,21:15,21:25,01:30,00:57,ONTIME,ONTIME,ONTIME,DELAY,,,,,,,,,HAN,DAD,PVG,International,VJ,,
2026-08-07|VJ438/VJ527|A685|UIH-HAN-DAD|21:25,2026-08-07,VJ438/VJ527,A685,A321,UIH-HAN-DAD,19:25,21:25,19:25,21:25,21:10,21:24,21:25,21:34,02:00,00:15,ONTIME,ONTIME,ONTIME,DELAY,,,,,,,,,HAN,UIH,DAD,Domestic,VJ,,
2026-08-07|VJ496/VJ7526|A657|BMV-HAN-CAN|22:30,2026-08-07,VJ496/VJ7526,A657,A321,BMV-HAN-CAN,21:30,22:30,21:30,22:30,22:25,22:59,23:00,23:10,01:00,00:35,DELAY,DELAY,DELAY,DELAY,,93,00:25,66,00:05,,,CREW OB 2232L,HAN,BMV,CAN,International,VJ,,
2026-08-07|VJ150/VJ167|A534|SGN-HAN-SGN|23:05,2026-08-07,VJ150/VJ167,A534,A321,SGN-HAN-SGN,22:30,23:05,22:30,23:25,23:10,23:39,23:40,23:56,00:55,00:30,DELAY,ONTIME,DELAY,DELAY,,93,00:15,,,,,,HAN,SGN,SGN,Domestic,VJ,,
2026-08-07|VJ947/VJ962|A697|KHH-HAN-ICN|23:15,2026-08-07,VJ947/VJ962,A697,A321,KHH-HAN-ICN,20:35,23:15,20:35,23:15,21:00,23:24,23:25,23:30,02:40,02:25,DELAY,ONTIME,ONTIME,DELAY,,15A,00:10,,,,,OFFLOAD 1 PAX 1 BAG,HAN,KHH,ICN,International,VJ,,
2026-08-07|VJ522/VJ169|A650|DAD-HAN-SGN|23:25,2026-08-07,VJ522/VJ169,A650,A320,DAD-HAN-SGN,22:35,23:25,22:35,23:55,00:20,00:44,00:45,00:50,01:20,00:25,DELAY,DELAY,DELAY,ONTIME,,93,00:50,,,,,,HAN,DAD,SGN,Domestic,VJ,,
2026-08-08|VJ932|A203|HAN-NRT|00:30,2026-08-08,VJ932,A203,A321,HAN-NRT,,00:30,,00:30,,00:29,00:30,00:35,,,ONTIME,ONTIME,ONTIME,,,,,,,,,,HAN,,NRT,International,VJ,,
2026-08-08|VJ982|A673|HAN-PUS|01:05,2026-08-08,VJ982,A673,A321,HAN-PUS,,01:05,,01:05,,01:09,01:10,01:15,,,DELAY,ONTIME,ONTIME,,,15A,00:05,,,,,OFFLOAD 2PAX 2BAG,HAN,,PUS,International,VJ,,
2026-08-08|VJ7706/VJ7706|A575|CXR-HAN-KHV|01:05,2026-08-08,VJ7706/VJ7706,A575,A321,CXR-HAN-KHV,00:30,01:05,00:30,01:05,00:40,01:09,01:10,01:18,00:35,00:30,DELAY,ONTIME,ONTIME,ONTIME,,93,00:05,,,,,,HAN,CXR,KHV,International,VJ,,
2026-08-08|VJ938|A578|HAN-KIX|01:20,2026-08-08,VJ938,A578,A321,HAN-KIX,,01:20,,01:20,,01:17,01:18,01:21,,,EARLY,ONTIME,ONTIME,,,,,,,,,,HAN,,KIX,International,VJ,,
2026-08-08|VJ963/VJ960|A535|ICN-HAN-ICN|01:40,2026-08-08,VJ963/VJ960,A535,A321,ICN-HAN-ICN,08:55,01:40,08:55,01:40,,01:39,01:40,01:42,16:45,,ONTIME,ONTIME,ONTIME,ONTIME,,,,,,,,,HAN,ICN,ICN,International,VJ,,
2026-08-08|VJ920|A543|HAN-NGO|01:40,2026-08-08,VJ920,A543,A321,HAN-NGO,,01:40,,01:40,,01:34,01:35,01:40,,,EARLY,ONTIME,ONTIME,,,,,,,,,,HAN,,NGO,International,VJ,,
2026-08-08|VJ958|A630|HAN-FUK|02:05,2026-08-08,VJ958,A630,A321,HAN-FUK,,02:05,,02:05,,02:03,02:05,02:06,,,ONTIME,ONTIME,ONTIME,,,,,,,,,,HAN,,FUK,International,VJ,,
2026-08-08|VJ123|A657|HAN-SGN|05:30,2026-08-08,VJ123,A657,A321,HAN-SGN,,05:30,,05:30,,05:24,05:25,05:30,,,EARLY,ONTIME,ONTIME,,,,,,,,,,HAN,,SGN,Domestic,VJ,,
2026-08-08|VJ445|A634|HAN-PQC|05:30,2026-08-08,VJ445,A634,A321,HAN-PQC,,05:30,,05:30,,05:24,05:25,05:33,,,EARLY,ONTIME,ONTIME,,,,,,,,,,HAN,,PQC,Domestic,VJ,,
2026-08-08|VJ501|A637|HAN-DAD|05:40,2026-08-08,VJ501,A637,A321,HAN-DAD,,05:40,,05:40,,05:37,05:38,05:45,,,EARLY,ONTIME,ONTIME,,,,,,,,,,HAN,,DAD,Domestic,VJ,,
2026-08-08|VJ121|A676|HAN-SGN|06:00,2026-08-08,VJ121,A676,A320,HAN-SGN,,06:00,,06:00,,05:54,05:55,06:03,,,EARLY,ONTIME,ONTIME,,,,,,,,,,HAN,,SGN,Domestic,VJ,,
2026-08-08|VJ771|A658|HAN-CXR|06:00,2026-08-08,VJ771,A658,A320,HAN-CXR,,06:00,,06:00,,05:54,05:55,05:59,,,EARLY,ONTIME,ONTIME,,,,,,,,,,HAN,,CXR,Domestic,VJ,,
2026-08-08|VJ491|A643|HAN-BMV|06:00,2026-08-08,VJ491,A643,A321,HAN-BMV,,06:00,,06:00,,05:54,05:55,06:05,,,EARLY,ONTIME,ONTIME,,,,,,,,,,HAN,,BMV,Domestic,VJ,,
2026-08-08|VJ431|A656|HAN-UIH|06:05,2026-08-08,VJ431,A656,A320,HAN-UIH,,06:05,,06:05,,05:59,06:00,06:03,,,EARLY,ONTIME,ONTIME,,,,,,,,,,HAN,,UIH,Domestic,VJ,,
2026-08-08|VJ531|A635|HAN-DAD|06:30,2026-08-08,VJ531,A635,A321,HAN-DAD,,06:30,,06:30,,06:24,06:25,06:30,,,EARLY,ONTIME,ONTIME,,,,,,,,,,HAN,,DAD,Domestic,VJ,,
2026-08-08|VJ449|A699|HAN-PQC|06:30,2026-08-08,VJ449,A699,A320,HAN-PQC,,06:30,,06:30,,06:19,06:20,06:24,,,EARLY,ONTIME,ONTIME,,,,,,,,,,HAN,,PQC,Domestic,VJ,,
2026-08-08|VJ461|A632|HAN-VCA|06:45,2026-08-08,VJ461,A632,A321,HAN-VCA,,06:45,,06:45,,06:38,06:40,06:41,,,EARLY,ONTIME,ONTIME,,,,,,,,,,HAN,,VCA,Domestic,VJ,,
2026-08-08|VJ125|A666|HAN-SGN|07:00,2026-08-08,VJ125,A666,A320,HAN-SGN,,07:00,,07:00,,06:54,06:55,07:05,,,EARLY,ONTIME,ONTIME,,,,,,,,,,HAN,,SGN,Domestic,VJ,,
2026-08-08|VJ1771|A689|HAN-CXR|07:00,2026-08-08,VJ1771,A689,A320,HAN-CXR,,07:00,,07:00,,06:54,06:55,07:02,,,EARLY,ONTIME,ONTIME,,,,,,,,,,HAN,,CXR,Domestic,VJ,,
2026-08-08|VJ7713/VJ421|A669|771-HAN-PXU|07:10,2026-08-08,VJ7713/VJ421,A669,A320,771-HAN-PXU,05:22,07:10,05:22,07:10,05:22,07:09,07:10,07:15,01:48,01:48,ONTIME,ONTIME,ONTIME,ONTIME,,,,,,,,,HAN,771,PXU,Domestic,VJ,,
2026-08-08|VJ502/VJ503|A661|DAD-HAN-DAD|07:30,2026-08-08,VJ502/VJ503,A661,A321,DAD-HAN-DAD,07:00,07:30,07:00,07:30,06:55,07:24,07:25,07:34,00:30,00:30,EARLY,ONTIME,ONTIME,ONTIME,,,,,,,,,HAN,DAD,DAD,Domestic,VJ,,
2026-08-08|VJ120/VJ930|A653|SGN-HAN-KIX|08:10,2026-08-08,VJ120/VJ930,A653,A321,SGN-HAN-KIX,07:10,08:10,07:10,08:10,07:10,08:09,08:10,08:14,01:00,01:00,ONTIME,ONTIME,ONTIME,ONTIME,,,,,,,,,HAN,SGN,KIX,International,VJ,,
2026-08-08|VJ5069/VJ5069|A537|NOZ-HAN-CXR|08:25,2026-08-08,VJ5069/VJ5069,A537,A321,NOZ-HAN-CXR,06:40,08:25,06:40,08:25,07:52,08:11,08:12,08:21,01:45,00:20,EARLY,ONTIME,ONTIME,DELAY,,,,,,,,,HAN,NOZ,CXR,Domestic,VJ,,
2026-08-08|VJ910/VJ934|A500|BOM-HAN-NRT|08:10,2026-08-08,VJ910/VJ934,A500,A321,BOM-HAN-NRT,07:35,08:10,07:35,08:35,07:20,08:34,08:35,08:38,01:00,01:15,ONTIME,ONTIME,DELAY,ONTIME,,,,,,,,,HAN,BOM,NRT,International,VJ,,
2026-08-08|VJ447|A698|HAN-PQC|08:45,2026-08-08,VJ447,A698,A321,HAN-PQC,,08:45,,08:45,,08:39,08:40,08:45,,,EARLY,ONTIME,ONTIME,,,,,,,,,,HAN,,PQC,Domestic,VJ,,
2026-08-08|VJ504/VJ435|A655|DAD-HAN-UIH|08:50,2026-08-08,VJ504/VJ435,A655,A320,DAD-HAN-UIH,08:20,08:50,08:20,08:50,08:15,08:47,08:48,08:50,00:30,00:33,EARLY,ONTIME,ONTIME,ONTIME,,,,,,,,,HAN,DAD,UIH,Domestic,VJ,,
2026-08-08|VJ129|A648|HAN-SGN|08:45,2026-08-08,VJ129,A648,A321,HAN-SGN,,08:45,,09:10,,09:23,09:24,09:25,,,DELAY,ONTIME,DELAY,,,95,00:14,,,,,CREW VJ124 OB 0901,HAN,,SGN,Domestic,VJ,,
2026-08-08|VJ514/VJ563|A637|DAD-HAN-HUI|09:20,2026-08-08,VJ514/VJ563,A637,A321,DAD-HAN-HUI,08:50,09:20,08:50,09:20,09:15,09:59,10:00,10:10,00:30,00:45,DELAY,DELAY,DELAY,DELAY,,93,00:25,41,00:15,,,TECHNICAL CHECK - AIR BLEED ERROR,HAN,DAD,HUI,Domestic,VJ,,
2026-08-08|VJ124/VJ929|A516|SGN-HAN-CGK|08:40,2026-08-08,VJ124/VJ929,A516,A321,SGN-HAN-CGK,08:15,08:40,08:15,09:25,08:45,09:29,09:30,09:38,01:10,00:45,DELAY,ONTIME,DELAY,DELAY,,66,00:05,,,,,CREW OB 0900L,HAN,SGN,CGK,International,VJ,,
2026-08-08|VJ122/VJ1773|A539|SGN-HAN-CXR|10:00,2026-08-08,VJ122/VJ1773,A539,A321,SGN-HAN-CXR,09:05,10:00,09:05,10:00,09:00,09:59,10:00,10:09,00:55,01:00,ONTIME,ONTIME,ONTIME,ONTIME,,,,,,,,,HAN,SGN,CXR,Domestic,VJ,,
2026-08-08|VJ915|A544|HAN-SIN|10:05,2026-08-08,VJ915,A544,A321,HAN-SIN,,10:05,,10:05,,10:04,10:05,10:20,,,ONTIME,ONTIME,ONTIME,,,,,,,,,LATE PUSHBACK DUE TO ATC,HAN,,SIN,International,VJ,,
2026-08-08|VJ126/VJ131|A607|SGN-HAN-SGN|10:10,2026-08-08,VJ126/VJ131,A607,A321,SGN-HAN-SGN,09:40,10:10,09:40,10:10,10:05,10:34,10:35,10:52,00:30,00:30,DELAY,DELAY,DELAY,DELAY,,93,00:25,,,,,,HAN,SGN,SGN,Domestic,VJ,,
2026-08-08|VJ430/VJ463|A656|UIH-HAN-VCA|10:20,2026-08-08,VJ430/VJ463,A656,A320,UIH-HAN-VCA,09:50,10:20,09:50,10:20,09:45,10:19,10:20,10:28,00:30,00:35,ONTIME,ONTIME,ONTIME,ONTIME,,,,,,,,,HAN,UIH,VCA,Domestic,VJ,,
2026-08-08|VJ425|A662|HAN-PXU|10:20,2026-08-08,VJ425,A662,A320,HAN-PXU,,10:20,,10:20,,10:16,10:17,10:33,,,EARLY,ONTIME,ONTIME,,,,,,,,,,HAN,,PXU,Domestic,VJ,,
2026-08-08|VJ963/VJ997|A697|ICN-HAN-DPS|10:25,2026-08-08,VJ963/VJ997,A697,A321,ICN-HAN-DPS,08:55,10:25,08:55,10:25,09:05,10:23,10:24,10:40,01:30,01:19,EARLY,ONTIME,ONTIME,ONTIME,,,,,,,,,HAN,ICN,DPS,International,VJ,,
2026-08-08|VJ532/VJ493|A635|DAD-HAN-BMV|10:30,2026-08-08,VJ532/VJ493,A635,A321,DAD-HAN-BMV,09:45,10:30,09:45,10:30,09:40,10:24,10:25,10:45,00:45,00:45,EARLY,ONTIME,ONTIME,ONTIME,,,,,,,,LATE PUSHBACK DUE TO ATC,HAN,DAD,BMV,Domestic,VJ,,
2026-08-08|VJ770/VJ437|A658|CXR-HAN-UIH|10:40,2026-08-08,VJ770/VJ437,A658,A320,CXR-HAN-UIH,10:10,10:40,10:10,10:40,10:35,10:53,10:54,10:55,00:30,00:19,DELAY,ONTIME,ONTIME,DELAY,,93,00:14,,,,,,HAN,CXR,UIH,Domestic,VJ,,
2026-08-08|VJ492/VJ901|A643|BMV-HAN-BKK|11:10,2026-08-08,VJ492/VJ901,A643,A321,BMV-HAN-BKK,10:00,11:10,10:00,11:10,10:20,11:09,11:10,11:15,01:10,00:50,ONTIME,ONTIME,ONTIME,DELAY,,,,,,,,,HAN,BMV,BKK,International,VJ,,
2026-08-08|VJ524/VJ507|A661|DAD-HAN-DAD|11:10,2026-08-08,VJ524/VJ507,A661,A321,DAD-HAN-DAD,10:40,11:10,10:40,11:10,10:55,11:24,11:25,11:35,00:30,00:30,DELAY,ONTIME,DELAY,ONTIME,,93,00:15,,,,,,HAN,DAD,DAD,Domestic,VJ,,
2026-08-08|VJ981/VJ133|A673|PUS-HAN-SGN|11:20,2026-08-08,VJ981/VJ133,A673,A321,PUS-HAN-SGN,10:40,11:20,10:40,11:20,10:25,11:19,11:20,11:25,00:40,00:55,ONTIME,ONTIME,ONTIME,ONTIME,,,,,,,,,HAN,PUS,SGN,Domestic,VJ,,
2026-08-08|VJ422/VJ451|A669|PXU-HAN-PQC|11:45,2026-08-08,VJ422/VJ451,A669,A320,PXU-HAN-PQC,10:50,11:45,10:50,11:45,10:50,11:34,11:35,11:41,00:55,00:45,EARLY,ONTIME,ONTIME,ONTIME,,,,,,,,,HAN,PXU,PQC,Domestic,VJ,,
2026-08-08|VJ450/VJ775|A699|PQC-HAN-CXR|11:45,2026-08-08,VJ450/VJ775,A699,A320,PQC-HAN-CXR,11:15,11:45,11:15,11:45,11:30,11:53,11:54,11:57,00:30,00:24,DELAY,ONTIME,ONTIME,ONTIME,,93,00:09,,,,,,HAN,PQC,CXR,Domestic,VJ,,
2026-08-08|VJ448/VJ565|A634|PQC-HAN-HUI|11:45,2026-08-08,VJ448/VJ565,A634,A321,PQC-HAN-HUI,10:15,11:45,10:15,11:45,10:35,11:44,11:45,11:50,01:30,01:10,ONTIME,ONTIME,ONTIME,DELAY,,,,,,,,,HAN,PQC,HUI,Domestic,VJ,,
2026-08-08|VJ130/VJ1453|A670|SGN-HAN-PQC|11:50,2026-08-08,VJ130/VJ1453,A670,A321,SGN-HAN-PQC,10:50,11:50,10:50,12:20,12:00,12:29,12:30,12:45,01:30,00:30,DELAY,ONTIME,DELAY,DELAY,,93,00:10,,,,,,HAN,SGN,PQC,Domestic,VJ,,
2026-08-08|VJ462/VJ515|A632|VCA-HAN-DAD|12:10,2026-08-08,VJ462/VJ515,A632,A321,VCA-HAN-DAD,11:40,12:10,11:40,12:10,11:55,12:23,12:24,12:25,00:30,00:29,DELAY,ONTIME,ONTIME,ONTIME,,93,00:14,,,,,,HAN,VCA,DAD,Domestic,VJ,,
2026-08-08|VJ564/VJ137|A637|HUI-HAN-SGN|12:50,2026-08-08,VJ564/VJ137,A637,A321,HUI-HAN-SGN,12:20,12:50,12:20,14:10,13:25,14:09,14:10,14:17,01:50,00:45,ONTIME,ONTIME,DELAY,DELAY,,,,,,,,,HAN,HUI,SGN,Domestic,VJ,,
2026-08-08|VJ1772/VJ453|A689|CXR-HAN-PQC|13:00,2026-08-08,VJ1772/VJ453,A689,A320,CXR-HAN-PQC,11:15,13:00,11:15,13:00,11:30,12:59,13:00,13:10,01:45,01:30,ONTIME,ONTIME,ONTIME,ONTIME,,,,,,,,,HAN,CXR,PQC,Domestic,VJ,,
2026-08-08|VJ432/VJ509|A655|UIH-HAN-DAD|13:05,2026-08-08,VJ432/VJ509,A655,A320,UIH-HAN-DAD,12:35,13:05,12:35,13:05,12:45,13:09,13:10,13:23,00:30,00:25,DELAY,ONTIME,DELAY,ONTIME,,93,00:05,,,,,,HAN,UIH,DAD,Domestic,VJ,,
2026-08-08|VJ959/VJ948|A630|FUK-HAN-RMQ|13:30,2026-08-08,VJ959/VJ948,A630,A321,FUK-HAN-RMQ,11:45,13:30,11:45,13:30,11:40,13:34,13:35,13:40,01:45,01:55,DELAY,ONTIME,ONTIME,ONTIME,,15A,00:05,,,,,OFFLOAD 01PAX 01BAG,HAN,FUK,RMQ,International,VJ,,
2026-08-08|VJ440/VJ787|A698|PQC-HAN-CXR|14:00,2026-08-08,VJ440/VJ787,A698,A321,PQC-HAN-CXR,13:30,14:00,13:30,14:00,13:45,14:08,14:09,14:13,00:30,00:24,DELAY,ONTIME,ONTIME,ONTIME,,93,00:09,,,,,,HAN,PQC,CXR,Domestic,VJ,,
2026-08-08|VJ128/VJ7316|A666|SGN-HAN-ENH|14:00,2026-08-08,VJ128/VJ7316,A666,A320,SGN-HAN-ENH,11:50,14:00,11:50,14:25,12:50,14:13,14:14,14:15,02:35,01:24,EARLY,ONTIME,ONTIME,DELAY,,,,,,,,,HAN,SGN,ENH,International,VJ,,
2026-08-08|VJ939/VJ441|A578|KIX-HAN-PQC|14:00,2026-08-08,VJ939/VJ441,A578,A321,KIX-HAN-PQC,12:20,14:00,12:20,14:00,12:25,13:54,13:55,14:04,01:40,01:30,EARLY,ONTIME,ONTIME,ONTIME,,,,,,,,,HAN,KIX,PQC,Domestic,VJ,,
2026-08-08|VJ921/VJ942|A543|NGO-HAN-TPE|14:25,2026-08-08,VJ921/VJ942,A543,A321,NGO-HAN-TPE,12:50,14:25,12:50,14:25,13:00,14:44,14:45,15:20,01:35,01:45,DELAY,DELAY,DELAY,ONTIME,,99,00:05,99,00:15,,,5MINS LATE ACCEPT 3 PAX 3 BAG/ 15 MINS CAPT REQ HOLD CLOSING DOOR DUE TO CTOT 1520L,HAN,NGO,TPE,International,VJ,,
2026-08-08|VJ436/VJ467|A658|UIH-HAN-VCA|14:30,2026-08-08,VJ436/VJ467,A658,A320,UIH-HAN-VCA,14:30,14:30,14:30,15:35,14:50,15:34,15:35,15:44,01:05,00:45,ONTIME,ONTIME,DELAY,DELAY,,,,,,,,,HAN,UIH,VCA,Domestic,VJ,,
2026-08-08|VJ1504/VJ1505|A683|DAD-HAN-DAD|14:35,2026-08-08,VJ1504/VJ1505,A683,A321,DAD-HAN-DAD,14:00,14:35,14:00,16:00,16:05,16:34,16:35,16:40,02:00,00:30,DELAY,DELAY,DELAY,DELAY,,93,00:35,,,,,,HAN,DAD,DAD,Domestic,VJ,,
2026-08-08|VJ961/VJ946|A535|ICN-HAN-KHH|14:35,2026-08-08,VJ961/VJ946,A535,A321,ICN-HAN-KHH,13:35,14:35,13:35,14:35,13:10,14:34,14:35,15:05,01:00,01:25,ONTIME,ONTIME,DELAY,ONTIME,,,,,,,,,HAN,ICN,KHH,International,VJ,,
2026-08-08|VJ933/VJ433|A203|NRT-HAN-UIH|14:35,2026-08-08,VJ933/VJ433,A203,A321,NRT-HAN-UIH,13:05,14:35,13:05,14:35,12:55,14:29,14:30,14:37,01:30,01:35,EARLY,ONTIME,ONTIME,ONTIME,,,,,,,,,HAN,NRT,UIH,Domestic,VJ,,
2026-08-08|VJ136/VJ145|A676|SGN-HAN-SGN|14:40,2026-08-08,VJ136/VJ145,A676,A320,SGN-HAN-SGN,14:10,14:40,14:10,15:50,15:25,15:54,15:55,16:08,01:40,00:30,DELAY,ONTIME,DELAY,DELAY,,87,00:05,,,,,STUCK AT PBB,HAN,SGN,SGN,Domestic,VJ,,
2026-08-08|VJ1774/VJ143|A539|CXR-HAN-SGN|14:50,2026-08-08,VJ1774/VJ143,A539,A321,CXR-HAN-SGN,14:20,14:50,14:20,15:20,15:00,15:29,15:30,15:38,01:00,00:30,DELAY,ONTIME,DELAY,DELAY,,93,00:10,,,,,,HAN,CXR,SGN,Domestic,VJ,,
2026-08-08|VJ7707/VJ7707|A575|KHV-HAN-CXR|14:55,2026-08-08,VJ7707/VJ7707,A575,A321,KHV-HAN-CXR,14:25,14:55,14:25,14:55,14:00,14:35,14:36,15:00,00:30,00:36,EARLY,ONTIME,ONTIME,ONTIME,,,,,,,,,HAN,KHV,CXR,Domestic,VJ,,
2026-08-08|VJ510/VJ511|A685|DAD-HAN-DAD|15:05,2026-08-08,VJ510/VJ511,A685,A321,DAD-HAN-DAD,14:35,15:05,14:35,15:05,14:40,15:14,15:15,15:29,00:30,00:35,DELAY,ONTIME,DELAY,ONTIME,,93,00:05,15A,00:05,,,OFLD 03 PAX AND 01BAG,HAN,DAD,DAD,Domestic,VJ,,
2026-08-08|VJ426/VJ1451|A662|PXU-HAN-PQC|15:05,2026-08-08,VJ426/VJ1451,A662,A320,PXU-HAN-PQC,14:05,15:05,14:05,15:05,14:25,15:19,15:20,15:35,01:00,00:55,DELAY,ONTIME,DELAY,DELAY,,89,00:15,,,,,VIP MOVEMENT,HAN,PXU,PQC,Domestic,VJ,,
2026-08-08|VJ494/VJ419|A635|BMV-HAN-TBB|15:10,2026-08-08,VJ494/VJ419,A635,A321,BMV-HAN-TBB,14:30,15:10,14:30,15:40,15:15,15:39,15:40,15:50,01:10,00:25,ONTIME,ONTIME,DELAY,DELAY,,,,,,,,,HAN,BMV,TBB,Domestic,VJ,,
2026-08-08|VJ566/VJ423|A634|HUI-HAN-PXU|15:15,2026-08-08,VJ566/VJ423,A634,A321,HUI-HAN-PXU,14:45,15:15,14:45,15:15,15:10,15:43,15:45,16:00,00:30,00:35,DELAY,DELAY,DELAY,DELAY,,93,00:25,66,00:05,,,CREW OB 1525,HAN,HUI,PXU,Domestic,VJ,,
2026-08-08|VJ7620/VJ7620|A537|CXR-HAN-BAX|15:40,2026-08-08,VJ7620/VJ7620,A537,A321,CXR-HAN-BAX,15:05,15:40,15:05,15:40,15:35,16:03,16:04,16:23,00:35,00:29,DELAY,DELAY,DELAY,DELAY,,93,00:24,,,,,,HAN,CXR,BAX,International,VJ,,
2026-08-08|VJ134/VJ903|A663|SGN-HAN-BKK|15:45,2026-08-08,VJ134/VJ903,A663,A320,SGN-HAN-BKK,13:30,15:45,13:30,16:50,16:20,16:59,17:00,17:20,03:20,00:40,DELAY,ONTIME,DELAY,DELAY,,66,00:10,,,,,CREW OB 1638 OB,HAN,SGN,BKK,International,VJ,,
2026-08-08|VJ464/VJ567|A656|VCA-HAN-HUI|15:55,2026-08-08,VJ464/VJ567,A656,A320,VCA-HAN-HUI,15:10,15:55,15:10,15:55,16:10,16:39,16:40,16:50,00:45,00:30,DELAY,DELAY,DELAY,DELAY,,93,00:40,66,00:05,,,CREW OB 1620,HAN,VCA,HUI,Domestic,VJ,,
2026-08-08|VJ508/VJ773|A632|DAD-HAN-CXR|16:00,2026-08-08,VJ508/VJ773,A632,A321,DAD-HAN-CXR,15:25,16:00,15:25,16:30,16:40,17:04,17:05,17:15,01:05,00:25,DELAY,DELAY,DELAY,DELAY,,93,00:35,,,,,,HAN,DAD,CXR,Domestic,VJ,,
2026-08-08|VJ142/VJ913|A633|SGN-HAN-SAI|16:30,2026-08-08,VJ142/VJ913,A633,A321,SGN-HAN-SAI,15:30,16:30,15:30,17:10,17:30,18:09,18:10,18:15,01:40,00:40,DELAY,DELAY,DELAY,DELAY,,93,00:50,66,00:10,,,CREW OB 1747,HAN,SGN,SAI,International,VJ,,
2026-08-08|VJ140/VJ151|A673|SGN-HAN-SGN|16:50,2026-08-08,VJ140/VJ151,A673,A321,SGN-HAN-SGN,16:20,16:50,16:20,17:35,17:30,18:04,18:05,18:13,01:15,00:35,DELAY,DELAY,DELAY,DELAY,,99,00:05,93,00:25,,,"LATE ACCEPT 15 PAX, 6 BAG",HAN,SGN,SGN,Domestic,VJ,,
2026-08-08|VJ902/VJ193|A643|BKK-HAN-SGN|16:50,2026-08-08,VJ902/VJ193,A643,A321,BKK-HAN-SGN,15:50,16:50,15:50,16:50,16:45,18:14,18:15,18:25,01:00,01:30,DELAY,DELAY,DELAY,DELAY,,93,00:25,95,01:00,,,CREW VJ142 OB 1750,HAN,BKK,SGN,Domestic,VJ,,
2026-08-08|VJ2986/VJ2986|A554|DAD-HAN-NOZ|16:55,2026-08-08,VJ2986/VJ2986,A554,A321,DAD-HAN-NOZ,16:20,16:55,16:20,16:55,17:05,17:34,17:35,17:45,00:35,00:30,DELAY,DELAY,DELAY,DELAY,,93,00:40,,,,,,HAN,DAD,NOZ,International,VJ,,
2026-08-08|VJ772/VJ457|A699|CXR-HAN-PQC|17:10,2026-08-08,VJ772/VJ457,A699,A320,CXR-HAN-PQC,15:55,17:10,15:55,17:10,17:25,17:49,17:50,17:57,01:15,00:25,DELAY,DELAY,DELAY,DELAY,,93,00:40,,,,,,HAN,CXR,PQC,Domestic,VJ,,
2026-08-08|VJ530/VJ495|A655|DAD-HAN-BMV|17:30,2026-08-08,VJ530/VJ495,A655,A320,DAD-HAN-BMV,16:15,17:30,16:15,17:30,17:40,18:04,18:05,18:10,01:15,00:25,DELAY,DELAY,DELAY,DELAY,,93,00:35,,,,,,HAN,DAD,BMV,Domestic,VJ,,
2026-08-08|VJ1454/VJ465|A542|PQC-HAN-VCA|17:35,2026-08-08,VJ1454/VJ465,A542,A321,PQC-HAN-VCA,17:00,17:35,17:00,17:35,17:40,18:09,18:10,18:20,00:35,00:30,DELAY,DELAY,DELAY,DELAY,,93,00:35,,,,,,HAN,PQC,VCA,Domestic,VJ,,
2026-08-08|VJ454/VJ1431|A669|PQC-HAN-UIH|17:40,2026-08-08,VJ454/VJ1431,A669,A320,PQC-HAN-UIH,16:45,17:40,16:45,17:40,17:15,17:38,17:40,17:46,00:55,00:25,ONTIME,ONTIME,ONTIME,DELAY,,,,,,,,,HAN,PQC,UIH,Domestic,VJ,,
2026-08-08|VJ456/VJ781|A689|PQC-HAN-CXR|18:15,2026-08-08,VJ456/VJ781,A689,A320,PQC-HAN-CXR,17:45,18:15,17:45,18:15,18:25,18:43,18:45,18:55,00:30,00:20,DELAY,DELAY,DELAY,DELAY,,93,00:30,,,,,,HAN,PQC,CXR,Domestic,VJ,,
2026-08-08|VJ774/VJ517|A698|CXR-HAN-DAD|18:40,2026-08-08,VJ774/VJ517,A698,A321,CXR-HAN-DAD,18:10,18:40,18:10,19:40,19:25,19:54,19:55,20:02,01:30,00:30,DELAY,ONTIME,DELAY,DELAY,,93,00:15,,,,,,HAN,CXR,DAD,Domestic,VJ,,
2026-08-08|VJ512/VJ521|A685|DAD-HAN-DAD|18:45,2026-08-08,VJ512/VJ521,A685,A321,DAD-HAN-DAD,18:15,18:45,18:15,19:35,19:21,19:49,19:50,19:55,01:20,00:29,DELAY,ONTIME,DELAY,DELAY,,93,00:15,,,,,,HAN,DAD,DAD,Domestic,VJ,,
2026-08-08|VJ148/VJ155|A637|SGN-HAN-SGN|18:55,2026-08-08,VJ148/VJ155,A637,A321,SGN-HAN-SGN,18:25,18:55,18:25,20:35,20:05,20:39,20:40,20:55,02:10,00:35,DELAY,ONTIME,DELAY,DELAY,,15A,00:05,,,,,OFFLOAD 1PAX 02BAGS,HAN,SGN,SGN,Domestic,VJ,,
2026-08-08|VJ434/VJ789|A203|UIH-HAN-CXR|19:00,2026-08-08,VJ434/VJ789,A203,A321,UIH-HAN-CXR,18:25,19:00,18:25,19:00,18:40,19:04,19:05,19:08,00:35,00:25,DELAY,ONTIME,ONTIME,ONTIME,,93,00:05,,,,,,HAN,UIH,CXR,Domestic,VJ,,
2026-08-08|VJ916/VJ519|A544|SIN-HAN-DAD|19:25,2026-08-08,VJ916/VJ519,A544,A321,SIN-HAN-DAD,18:05,19:25,18:05,19:25,18:35,19:34,19:35,19:40,01:20,01:00,DELAY,ONTIME,ONTIME,DELAY,,,,15A,00:10,,,OFLD 16 PAX AND 03 BAG,HAN,SIN,DAD,Domestic,VJ,,
2026-08-08|VJ424/VJ561|A634|PXU-HAN-HUI|19:25,2026-08-08,VJ424/VJ561,A634,A321,PXU-HAN-HUI,18:55,19:25,18:55,19:25,19:55,20:24,20:25,20:30,00:30,00:30,DELAY,DELAY,DELAY,DELAY,,93,01:00,,,,,,HAN,PXU,HUI,Domestic,VJ,,
2026-08-08|VJ146/VJ523|A539|SGN-HAN-DAD|19:40,2026-08-08,VJ146/VJ523,A539,A321,SGN-HAN-DAD,19:40,19:40,19:40,22:00,21:15,21:59,22:00,22:04,02:20,00:45,ONTIME,ONTIME,DELAY,DELAY,,,,,,,,,HAN,SGN,DAD,Domestic,VJ,,
2026-08-08|VJ931/VJ157|A653|KIX-HAN-SGN|19:45,2026-08-08,VJ931/VJ157,A653,A321,KIX-HAN-SGN,18:45,19:45,18:45,19:45,19:20,19:58,19:59,20:00,01:00,00:39,DELAY,ONTIME,ONTIME,DELAY,,93,00:05,66,00:09,,,CREW OB 1935L,HAN,KIX,SGN,Domestic,VJ,,
2026-08-08|VJ568/VJ7712|A662|HUI-HAN-PKX|19:55,2026-08-08,VJ568/VJ7712,A662,A320,HUI-HAN-PKX,18:55,19:55,18:55,21:10,20:50,21:29,21:30,21:40,02:15,00:40,DELAY,DELAY,DELAY,DELAY,,93,00:05,66,00:09,,,CREW OB 2113,HAN,HUI,PKX,International,VJ,,
2026-08-08|VJ420/VJ1785|A635|TBB-HAN-CXR|19:55,2026-08-08,VJ420/VJ1785,A635,A321,TBB-HAN-CXR,19:15,19:55,19:15,20:20,20:00,20:24,20:25,20:31,01:05,00:25,DELAY,ONTIME,DELAY,DELAY,,93,00:05,,,,,LATE TAKEOFF DUE TO ATC,HAN,TBB,CXR,Domestic,VJ,,
2026-08-08|VJ928/VJ971|A516|CGK-HAN-DEL|19:40,2026-08-08,VJ928/VJ971,A516,A321,CGK-HAN-DEL,18:15,19:40,18:15,20:35,19:50,20:34,20:35,20:47,02:20,00:45,ONTIME,ONTIME,DELAY,DELAY,,,,,,,,,HAN,CGK,DEL,International,VJ,,
2026-08-08|VJ1452/VJ783|A662|PQC-HAN-CXR|20:25,2026-08-08,VJ1452/VJ783,A662,A320,PQC-HAN-CXR,19:50,20:25,19:50,20:55,20:30,20:53,20:54,20:55,01:05,00:24,EARLY,ONTIME,DELAY,DELAY,,,,,,,,LATE TAKEOFF DUE TO ATC,HAN,PQC,CXR,Domestic,VJ,,
2026-08-08|VJ442/VJ159|A526|PQC-HAN-SGN|20:30,2026-08-08,VJ442/VJ159,A526,A321,PQC-HAN-SGN,20:00,20:30,20:00,21:35,20:40,21:49,21:50,21:55,01:35,01:10,DELAY,ONTIME,DELAY,DELAY,,,,95,00:15,,,CREW VJ152 OB 2117L,HAN,PQC,SGN,Domestic,VJ,,
2026-08-08|VJ7317/VJ7238|A666|ENH-HAN-PVG|21:15,2026-08-08,VJ7317/VJ7238,A666,A320,ENH-HAN-PVG,19:25,21:15,19:25,21:15,20:00,20:59,21:00,21:25,01:50,01:00,EARLY,ONTIME,ONTIME,DELAY,,,,,,,,,HAN,ENH,PVG,International,VJ,,
2026-08-08|VJ154/VJ163|A671|SGN-HAN-SGN|21:25,2026-08-08,VJ154/VJ163,A671,A320,SGN-HAN-SGN,20:55,21:25,20:55,21:25,21:00,21:24,21:25,21:30,00:30,00:25,ONTIME,ONTIME,ONTIME,ONTIME,,,,,,,,,HAN,SGN,SGN,Domestic,VJ,,
2026-08-08|VJ144/VJ7526|A629|SGN-HAN-CAN|22:30,2026-08-08,VJ144/VJ7526,A629,A321,SGN-HAN-CAN,18:05,22:30,18:05,23:45,18:55,23:49,23:50,"1 day, 0:00:00",05:40,04:55,DELAY,ONTIME,DELAY,DELAY,,15A,00:05,,,,,OFFLOAD 5PAX 3BAG,HAN,SGN,CAN,International,VJ,,
2026-08-08|VJ998/VJ167|A697|DPS-HAN-SGN|22:45,2026-08-08,VJ998/VJ167,A697,A321,DPS-HAN-SGN,21:35,22:45,21:35,22:45,21:45,23:14,23:15,23:20,01:10,01:30,DELAY,DELAY,DELAY,ONTIME,,95,00:30,,,,,CREW FR VJ194 OB 2250/ GD FROM VJ458 OB 2314,HAN,DPS,SGN,Domestic,VJ,,
2026-08-08|VJ947/VJ962|A535|KHH-HAN-ICN|23:15,2026-08-08,VJ947/VJ962,A535,A321,KHH-HAN-ICN,20:35,23:15,20:35,23:15,21:03,23:14,23:15,23:20,02:40,02:12,ONTIME,ONTIME,ONTIME,DELAY,,,,,,,,,HAN,KHH,ICN,International,VJ,,
2026-08-08|AI2390/AI2391|VT-EXN|DEL-HAN-DEL|08:20,2026-08-08,AI2390/AI2391,VT-EXN,A320,DEL-HAN-DEL,07:20,08:20,07:20,08:20,08:01,08:55,08:56,09:02,01:00,00:55,DELAY,DELAY,DELAY,DELAY,,93,00:36,,,,,,HAN,DEL,DEL,International,AI,,
2026-08-09|VJ932|A536|HAN-NRT|00:30,2026-08-09,VJ932,A536,A321,HAN-NRT,,00:30,,00:30,,00:49,00:50,00:55,,,DELAY,DELAY,DELAY,,,99,00:20,,,,,SUPPORT TRANSIT PAX FROM VJ520,HAN,,NRT,International,VJ,,
2026-08-09|VJ982|A542|HAN-PUS|01:05,2026-08-09,VJ982,A542,A321,HAN-PUS,,01:05,,01:05,,00:54,00:55,01:00,,,EARLY,ONTIME,ONTIME,,,,,,,,,,HAN,,PUS,International,VJ,,
2026-08-09|VJ938|A500|HAN-KIX|01:20,2026-08-09,VJ938,A500,A321,HAN-KIX,,01:20,,01:20,,01:19,01:20,01:25,,,ONTIME,ONTIME,ONTIME,,,,,,,,,,HAN,,KIX,International,VJ,,
2026-08-09|VJ960|A630|HAN-ICN|01:40,2026-08-09,VJ960,A630,A321,HAN-ICN,,01:40,,01:40,,01:59,02:00,02:10,,,DELAY,DELAY,DELAY,,,,,49,00:20,,,MCC SIGN TECHLOG,HAN,,ICN,International,VJ,,
2026-08-09|VJ920|A544|HAN-NGO|01:40,2026-08-09,VJ920,A544,A321,HAN-NGO,,01:40,,01:40,,01:39,01:40,01:45,,,ONTIME,ONTIME,ONTIME,,,,,,,,,,HAN,,NGO,International,VJ,,
2026-08-09|VJ2940|A543|HAN-NGO|02:25,2026-08-09,VJ2940,A543,A321,HAN-NGO,,02:25,,02:25,,02:15,02:16,02:19,,,EARLY,ONTIME,ONTIME,,,,,,,,,,HAN,,NGO,International,VJ,,
2026-08-09|VJ1980|A663|HAN-FSZ|02:40,2026-08-09,VJ1980,A663,A320,HAN-FSZ,,02:40,,02:40,,02:28,02:29,02:35,,,EARLY,ONTIME,ONTIME,,,,,,,,,,HAN,,FSZ,International,VJ,,
2026-08-09|VJ123|A685|HAN-SGN|05:30,2026-08-09,VJ123,A685,A321,HAN-SGN,,05:30,,05:30,,05:24,05:25,05:35,,,EARLY,ONTIME,ONTIME,,,,,,,,,,HAN,,SGN,Domestic,VJ,,
2026-08-09|VJ445|A632|HAN-PQC|05:30,2026-08-09,VJ445,A632,A321,HAN-PQC,,05:30,,05:30,,05:24,05:25,05:27,,,EARLY,ONTIME,ONTIME,,,,,,,,,,HAN,,PQC,Domestic,VJ,,
2026-08-09|VJ501|A633|HAN-DAD|05:40,2026-08-09,VJ501,A633,A321,HAN-DAD,,05:40,,05:40,,05:34,05:35,05:40,,,EARLY,ONTIME,ONTIME,,,,,,,,,,HAN,,DAD,Domestic,VJ,,
2026-08-09|VJ121|A635|HAN-SGN|06:00,2026-08-09,VJ121,A635,A321,HAN-SGN,,06:00,,06:00,,05:49,05:50,05:55,,,EARLY,ONTIME,ONTIME,,,,,,,,,LATE TAKEOFF DUE TO ATC,HAN,,SGN,Domestic,VJ,,
2026-08-09|VJ491|A539|HAN-BMV|06:00,2026-08-09,VJ491,A539,A321,HAN-BMV,,06:00,,06:00,,05:54,05:55,06:00,,,EARLY,ONTIME,ONTIME,,,,,,,,,,HAN,,BMV,Domestic,VJ,,
2026-08-09|VJ771|A658|HAN-CXR|06:00,2026-08-09,VJ771,A658,A320,HAN-CXR,,06:00,,06:00,,05:54,05:55,05:59,,,EARLY,ONTIME,ONTIME,,,,,,,,,,HAN,,CXR,Domestic,VJ,,
2026-08-09|VJ431|A689|HAN-UIH|06:05,2026-08-09,VJ431,A689,A320,HAN-UIH,,06:05,,06:05,,06:04,06:05,06:10,,,ONTIME,ONTIME,ONTIME,,,,,,,,,,HAN,,UIH,Domestic,VJ,,
2026-08-09|VJ952|A672|HAN-HIJ|06:15,2026-08-09,VJ952,A672,A320,HAN-HIJ,,06:15,,06:15,,06:09,06:10,06:15,,,EARLY,ONTIME,ONTIME,,,,,,,,,,HAN,,HIJ,International,VJ,,
2026-08-09|VJ531|A669|HAN-DAD|06:30,2026-08-09,VJ531,A669,A320,HAN-DAD,,06:30,,06:30,,06:24,06:25,06:35,,,EARLY,ONTIME,ONTIME,,,,,,,,,,HAN,,DAD,Domestic,VJ,,
2026-08-09|VJ461|A698|HAN-VCA|06:45,2026-08-09,VJ461,A698,A321,HAN-VCA,,06:45,,06:45,,06:39,06:40,06:48,,,EARLY,ONTIME,ONTIME,,,,,,,,,,HAN,,VCA,Domestic,VJ,,
2026-08-09|VJ2987/VJ2987|A554|NOZ-HAN-DAD|06:45,2026-08-09,VJ2987/VJ2987,A554,A321,NOZ-HAN-DAD,06:15,06:45,06:15,06:45,06:15,06:34,06:35,06:45,00:30,00:20,EARLY,ONTIME,ONTIME,ONTIME,,,,,,,,,HAN,NOZ,DAD,Domestic,VJ,,
2026-08-09|VJ125|A662|HAN-SGN|07:00,2026-08-09,VJ125,A662,A320,HAN-SGN,,07:00,,07:00,,06:54,06:55,07:00,,,EARLY,ONTIME,ONTIME,,,,,,,,,LATE TAKEOFF DUE TO ATC,HAN,,SGN,Domestic,VJ,,
2026-08-09|VJ1771|A666|HAN-CXR|07:00,2026-08-09,VJ1771,A666,A320,HAN-CXR,,07:00,,07:00,,06:54,06:55,07:11,,,EARLY,ONTIME,ONTIME,,,,,,,,,,HAN,,CXR,Domestic,VJ,,
2026-08-09|VJ421|A699|HAN-PXU|07:10,2026-08-09,VJ421,A699,A320,HAN-PXU,,07:10,,07:10,,07:04,07:05,07:18,,,EARLY,ONTIME,ONTIME,,,,,,,,,,HAN,,PXU,Domestic,VJ,,
2026-08-09|VJ905|A684|HAN-KUL|07:25,2026-08-09,VJ905,A684,A321,HAN-KUL,,07:25,,07:25,,07:19,07:20,07:25,,,EARLY,ONTIME,ONTIME,,,,,,,,,,HAN,,KUL,International,VJ,,
2026-08-09|VJ502/VJ503|A551|DAD-HAN-DAD|07:30,2026-08-09,VJ502/VJ503,A551,A321,DAD-HAN-DAD,07:00,07:30,07:00,07:30,06:45,07:24,07:25,07:30,00:30,00:40,EARLY,ONTIME,ONTIME,ONTIME,,,,,,,,,HAN,DAD,DAD,Domestic,VJ,,
2026-08-09|VJ934|A516|HAN-NRT|07:55,2026-08-09,VJ934,A516,A321,HAN-NRT,,07:55,,07:55,,07:49,07:50,07:59,,,EARLY,ONTIME,ONTIME,,,,,,,,,,HAN,,NRT,International,VJ,,
2026-08-09|VJ930|A203|HAN-KIX|07:55,2026-08-09,VJ930,A203,A321,HAN-KIX,,07:55,,07:55,,07:49,07:50,07:57,,,EARLY,ONTIME,ONTIME,,,,,,,,,,HAN,,KIX,International,VJ,,
2026-08-09|VJ120/VJ127|A642|SGN-HAN-SGN|08:10,2026-08-09,VJ120/VJ127,A642,A321,SGN-HAN-SGN,07:10,08:10,07:10,08:10,07:05,08:05,08:06,08:10,01:00,01:01,EARLY,ONTIME,ONTIME,ONTIME,,,,,,,,,HAN,SGN,SGN,Domestic,VJ,,
2026-08-09|VJ929|A648|HAN-CGK|08:40,2026-08-09,VJ929,A648,A321,HAN-CGK,,08:40,,08:40,,08:39,08:40,08:52,,,ONTIME,ONTIME,ONTIME,,,,,,,,,,HAN,,CGK,International,VJ,,
2026-08-09|VJ124/VJ129|A636|SGN-HAN-SGN|08:45,2026-08-09,VJ124/VJ129,A636,A321,SGN-HAN-SGN,08:15,08:45,08:15,08:45,08:10,09:24,09:25,09:30,00:30,01:15,DELAY,DELAY,DELAY,ONTIME,,99,00:40,,,,,OFLD 01PAX NEED SUPPORT MEDIC -N- SYNC PAX+BAG,HAN,SGN,SGN,Domestic,VJ,,
2026-08-09|VJ447|A651|HAN-PQC|08:45,2026-08-09,VJ447,A651,A321,HAN-PQC,,08:45,,08:45,,08:44,08:45,08:55,,,ONTIME,ONTIME,ONTIME,,,,,,,,,,HAN,,PQC,Domestic,VJ,,
2026-08-09|VJ435|A656|HAN-UIH|08:50,2026-08-09,VJ435,A656,A320,HAN-UIH,,08:50,,08:50,,08:43,08:44,08:58,,,EARLY,ONTIME,ONTIME,,,,,,,,,,HAN,,UIH,Domestic,VJ,,
2026-08-09|VJ7621/VJ7621|A537|BAX-HAN-CXR|09:00,2026-08-09,VJ7621/VJ7621,A537,A321,BAX-HAN-CXR,08:30,09:00,08:30,09:00,08:35,08:56,08:57,09:10,00:30,00:22,EARLY,ONTIME,ONTIME,ONTIME,,,,,,,,,HAN,BAX,CXR,Domestic,VJ,,
2026-08-09|VJ563|A641|HAN-HUI|09:20,2026-08-09,VJ563,A641,A321,HAN-HUI,,09:20,,09:20,,09:19,09:20,09:24,,,ONTIME,ONTIME,ONTIME,,,,,,,,,,HAN,,HUI,Domestic,VJ,,
2026-08-09|VJ915|A629|HAN-SIN|09:35,2026-08-09,VJ915,A629,A321,HAN-SIN,,09:35,,09:35,,09:32,09:33,09:37,,,EARLY,ONTIME,ONTIME,,,,,,,,,,HAN,,SIN,International,VJ,,
2026-08-09|VJ514/VJ1773|A633|DAD-HAN-CXR|10:00,2026-08-09,VJ514/VJ1773,A633,A321,DAD-HAN-CXR,08:50,10:00,08:50,10:00,09:05,09:49,09:50,09:58,01:10,00:45,EARLY,ONTIME,ONTIME,ONTIME,,,,,,,,,HAN,DAD,CXR,Domestic,VJ,,
2026-08-09|VJ135|A634|HAN-SGN|10:10,2026-08-09,VJ135,A634,A321,HAN-SGN,,10:10,,10:10,,10:09,10:10,10:19,,,ONTIME,ONTIME,ONTIME,,,,,,,,,,HAN,,SGN,Domestic,VJ,,
2026-08-09|VJ532/VJ463|A669|DAD-HAN-VCA|10:20,2026-08-09,VJ532/VJ463,A669,A320,DAD-HAN-VCA,09:45,10:20,09:45,10:20,10:05,10:24,10:25,10:28,00:35,00:20,DELAY,ONTIME,ONTIME,DELAY,,93,00:05,,,,,,HAN,DAD,VCA,Domestic,VJ,,
2026-08-09|VJ122/VJ997|A522|SGN-HAN-DPS|10:25,2026-08-09,VJ122/VJ997,A522,A321,SGN-HAN-DPS,09:05,10:25,09:05,10:25,09:15,10:24,10:25,10:40,01:20,01:10,ONTIME,ONTIME,ONTIME,ONTIME,,,,,,,,,HAN,SGN,DPS,International,VJ,,
2026-08-09|VJ430/VJ437|A689|UIH-HAN-UIH|10:25,2026-08-09,VJ430/VJ437,A689,A320,UIH-HAN-UIH,09:50,10:25,09:50,10:25,10:05,10:29,10:30,10:36,00:35,00:25,DELAY,ONTIME,ONTIME,ONTIME,,93,00:05,,,,,,HAN,UIH,UIH,Domestic,VJ,,
2026-08-09|VJ963/VJ493|A535|ICN-HAN-BMV|10:30,2026-08-09,VJ963/VJ493,A535,A321,ICN-HAN-BMV,08:55,10:30,08:55,10:30,08:40,10:25,10:27,10:39,01:35,01:47,EARLY,ONTIME,ONTIME,ONTIME,,,,,,,,,HAN,ICN,BMV,Domestic,VJ,,
2026-08-09|VJ492/VJ565|A539|BMV-HAN-HUI|10:30,2026-08-09,VJ492/VJ565,A539,A321,BMV-HAN-HUI,10:00,10:30,10:00,10:30,10:20,10:48,10:49,10:53,00:30,00:29,DELAY,DELAY,DELAY,DELAY,,93,00:19,,,,,,HAN,BMV,HUI,Domestic,VJ,,
2026-08-09|VJ770/VJ425|A658|CXR-HAN-PXU|10:40,2026-08-09,VJ770/VJ425,A658,A320,CXR-HAN-PXU,10:10,10:40,10:10,11:15,10:55,11:14,11:15,11:38,01:05,00:20,ONTIME,ONTIME,DELAY,DELAY,,,,,,,,,HAN,CXR,PXU,Domestic,VJ,,
2026-08-09|VJ448/VJ901|A632|PQC-HAN-BKK|11:10,2026-08-09,VJ448/VJ901,A632,A321,PQC-HAN-BKK,10:15,11:10,10:15,11:10,10:35,11:09,11:10,11:40,00:55,00:35,ONTIME,ONTIME,DELAY,DELAY,,,,,,,,,HAN,PQC,BKK,International,VJ,,
2026-08-09|VJ524/VJ507|A551|DAD-HAN-DAD|11:10,2026-08-09,VJ524/VJ507,A551,A321,DAD-HAN-DAD,10:40,11:10,10:40,11:10,11:05,11:34,11:35,11:54,00:30,00:30,DELAY,DELAY,DELAY,DELAY,,93,00:25,,,,,,HAN,DAD,DAD,Domestic,VJ,,
2026-08-09|VJ130/VJ133|A685|SGN-HAN-SGN|11:20,2026-08-09,VJ130/VJ133,A685,A321,SGN-HAN-SGN,10:50,11:20,10:50,11:20,11:00,11:39,11:40,11:50,00:30,00:40,DELAY,DELAY,DELAY,ONTIME,,93,00:10,66,00:10,,,CREW OB 1110LT,HAN,SGN,SGN,Domestic,VJ,,
2026-08-09|VJ422/VJ451|A699|PXU-HAN-PQC|11:45,2026-08-09,VJ422/VJ451,A699,A320,PXU-HAN-PQC,10:50,11:45,10:50,11:45,11:10,11:44,11:45,12:00,00:55,00:35,ONTIME,ONTIME,ONTIME,DELAY,,,,,,,,,HAN,PXU,PQC,Domestic,VJ,,
2026-08-09|VJ981/VJ1453|A542|PUS-HAN-PQC|11:50,2026-08-09,VJ981/VJ1453,A542,A321,PUS-HAN-PQC,10:40,11:50,10:40,11:50,10:15,11:47,11:48,12:04,01:10,01:33,EARLY,ONTIME,ONTIME,ONTIME,,,,,,,,,HAN,PUS,PQC,Domestic,VJ,,
2026-08-09|VJ1772/VJ7638|A672|CXR-HAN-TXN|12:10,2026-08-09,VJ1772/VJ7638,A672,A320,CXR-HAN-TXN,11:15,12:10,11:15,12:10,11:40,12:19,12:20,12:25,00:55,00:40,DELAY,ONTIME,ONTIME,DELAY,,93,00:10,,,,,,HAN,CXR,TXN,International,VJ,,
2026-08-09|VJ128/VJ137|A662|SGN-HAN-SGN|12:20,2026-08-09,VJ128/VJ137,A662,A320,SGN-HAN-SGN,11:50,12:20,11:50,13:10,13:05,13:34,13:35,13:45,01:20,00:30,DELAY,DELAY,DELAY,DELAY,,93,00:20,66,00:05,,,CREW HN OB 1313LT,HAN,SGN,SGN,Domestic,VJ,,
2026-08-09|VJ506/VJ505|A550|DAD-HAN-DAD|12:45,2026-08-09,VJ506/VJ505,A550,A321,DAD-HAN-DAD,12:15,12:45,12:15,12:45,12:50,13:24,13:25,13:45,00:30,00:35,DELAY,DELAY,DELAY,DELAY,,93,00:35,87,00:05,,,STUCK PBB,HAN,DAD,DAD,Domestic,VJ,,
2026-08-09|VJ432/VJ509|A656|UIH-HAN-DAD|13:05,2026-08-09,VJ432/VJ509,A656,A320,UIH-HAN-DAD,12:35,13:05,12:35,13:05,12:55,13:19,13:20,13:30,00:30,00:25,DELAY,ONTIME,DELAY,DELAY,,93,00:15,,,,,,HAN,UIH,DAD,Domestic,VJ,,
2026-08-09|VJ564/VJ787|A641|HUI-HAN-CXR|13:10,2026-08-09,VJ564/VJ787,A641,A321,HUI-HAN-CXR,12:20,13:10,12:20,13:10,12:40,13:09,13:10,13:20,00:50,00:30,ONTIME,ONTIME,ONTIME,DELAY,,,,,,,,,HAN,HUI,CXR,Domestic,VJ,,
2026-08-09|VJ939/VJ453|A500|KIX-HAN-PQC|13:20,2026-08-09,VJ939/VJ453,A500,A321,KIX-HAN-PQC,12:20,13:20,12:20,13:20,12:20,13:14,13:15,13:30,01:00,00:55,EARLY,ONTIME,ONTIME,ONTIME,,,,,,,,,HAN,KIX,PQC,Domestic,VJ,,
2026-08-09|VJ462/VJ948|A698|VCA-HAN-RMQ|13:30,2026-08-09,VJ462/VJ948,A698,A321,VCA-HAN-RMQ,11:40,13:30,11:40,13:30,12:10,13:29,13:30,13:45,01:50,01:20,ONTIME,ONTIME,ONTIME,DELAY,,,,,,,,,HAN,VCA,RMQ,International,VJ,,
2026-08-09|VJ440/VJ441|A651|PQC-HAN-PQC|14:00,2026-08-09,VJ440/VJ441,A651,A321,PQC-HAN-PQC,13:30,14:00,13:30,14:00,14:00,14:22,14:23,14:25,00:30,00:23,DELAY,DELAY,DELAY,DELAY,,93,00:23,,,,,,HAN,PQC,PQC,Domestic,VJ,,
2026-08-09|VJ933/VJ149|A536|NRT-HAN-SGN|14:05,2026-08-09,VJ933/VJ149,A536,A321,NRT-HAN-SGN,13:05,14:05,13:05,14:05,13:10,14:04,14:05,14:10,01:00,00:55,ONTIME,ONTIME,ONTIME,ONTIME,,,,,,,,,HAN,NRT,SGN,Domestic,VJ,,
2026-08-09|VJ961/VJ143|A630|ICN-HAN-SGN|14:05,2026-08-09,VJ961/VJ143,A630,A321,ICN-HAN-SGN,13:35,14:05,13:35,14:05,13:15,14:04,14:05,14:15,00:30,00:50,ONTIME,ONTIME,ONTIME,ONTIME,,,,,,,,,HAN,ICN,SGN,Domestic,VJ,,
2026-08-09|VJ921/VJ942|A544|NGO-HAN-TPE|14:25,2026-08-09,VJ921/VJ942,A544,A321,NGO-HAN-TPE,12:50,14:25,12:50,14:55,12:55,14:49,14:50,14:52,02:05,01:55,EARLY,ONTIME,DELAY,ONTIME,,,,,,,,,HAN,NGO,TPE,International,VJ,,
2026-08-09|VJ134/VJ467|A675|SGN-HAN-VCA|14:30,2026-08-09,VJ134/VJ467,A675,A320,SGN-HAN-VCA,13:30,14:30,13:30,14:30,13:50,14:28,14:29,14:31,01:00,00:39,EARLY,ONTIME,ONTIME,DELAY,,,,,,,,,HAN,SGN,VCA,Domestic,VJ,,
2026-08-09|VJ906/VJ946|A684|KUL-HAN-KHH|14:35,2026-08-09,VJ906/VJ946,A684,A321,KUL-HAN-KHH,14:40,14:35,14:40,15:30,14:50,15:29,15:30,15:35,00:50,00:40,ONTIME,ONTIME,DELAY,ONTIME,,,,,,,,CREW OB 1506LT,HAN,KUL,KHH,International,VJ,,
2026-08-09|VJ1504/VJ1505|A667|DAD-HAN-DAD|14:35,2026-08-09,VJ1504/VJ1505,A667,A321,DAD-HAN-DAD,14:00,14:35,14:00,14:35,15:05,15:34,15:35,15:40,00:35,00:30,DELAY,DELAY,DELAY,DELAY,,93,01:00,,,,,,HAN,DAD,DAD,Domestic,VJ,,
2026-08-09|VJ136/VJ145|A650|SGN-HAN-SGN|14:40,2026-08-09,VJ136/VJ145,A650,A320,SGN-HAN-SGN,14:10,14:40,14:10,15:35,15:15,15:39,15:40,15:49,01:25,00:25,DELAY,ONTIME,DELAY,DELAY,,93,00:05,,,,,,HAN,SGN,SGN,Domestic,VJ,,
2026-08-09|VJ436/VJ1451|A689|UIH-HAN-PQC|15:05,2026-08-09,VJ436/VJ1451,A689,A320,UIH-HAN-PQC,14:10,15:05,14:10,15:05,14:20,14:56,14:57,15:02,00:55,00:37,EARLY,ONTIME,ONTIME,ONTIME,,,,,,,,,HAN,UIH,PQC,Domestic,VJ,,
2026-08-09|VJ510/VJ511|A554|DAD-HAN-DAD|15:05,2026-08-09,VJ510/VJ511,A554,A321,DAD-HAN-DAD,14:35,15:05,14:35,15:05,14:55,15:18,15:19,15:20,00:30,00:24,DELAY,ONTIME,ONTIME,DELAY,,93,00:14,,,,,,HAN,DAD,DAD,Domestic,VJ,,
2026-08-09|VJ1981/VJ423|A663|FSZ-HAN-PXU|15:05,2026-08-09,VJ1981/VJ423,A663,A320,FSZ-HAN-PXU,14:00,15:05,14:00,15:05,13:50,15:02,15:03,15:08,01:05,01:13,EARLY,ONTIME,ONTIME,ONTIME,,,,,,,,,HAN,FSZ,PXU,Domestic,VJ,,
2026-08-09|VJ494/VJ419|A535|BMV-HAN-TBB|15:10,2026-08-09,VJ494/VJ419,A535,A321,BMV-HAN-TBB,14:30,15:10,14:30,15:10,14:30,14:59,15:00,15:04,00:40,00:30,EARLY,ONTIME,ONTIME,ONTIME,,,,,,,,,HAN,BMV,TBB,Domestic,VJ,,
2026-08-09|VJ1774/VJ439|A521|CXR-HAN-UIH|15:40,2026-08-09,VJ1774/VJ439,A521,A321,CXR-HAN-UIH,14:40,15:40,16:50,17:25,17:45,18:14,18:15,18:23,00:35,00:30,DELAY,DELAY,DELAY,DELAY,,93,00:50,,,,,,HAN,CXR,UIH,Domestic,VJ,,
2026-08-09|VJ138/VJ147|A635|SGN-HAN-SGN|15:45,2026-08-09,VJ138/VJ147,A635,A321,SGN-HAN-SGN,15:15,15:45,15:15,17:00,16:50,17:14,17:15,17:21,01:45,00:25,DELAY,ONTIME,DELAY,DELAY,,93,00:15,,,,,,HAN,SGN,SGN,Domestic,VJ,,
2026-08-09|VJ426/VJ903|A658|PXU-HAN-BKK|15:45,2026-08-09,VJ426/VJ903,A658,A320,PXU-HAN-BKK,14:20,15:45,14:20,16:30,15:35,16:20,16:21,16:30,02:10,00:46,EARLY,ONTIME,DELAY,DELAY,,,,,,,,,HAN,PXU,BKK,International,VJ,,
2026-08-09|VJ566/VJ567|A539|HUI-HAN-HUI|15:55,2026-08-09,VJ566/VJ567,A539,A321,HUI-HAN-HUI,13:30,15:55,13:30,15:55,14:10,15:51,15:52,15:59,02:25,01:42,EARLY,ONTIME,ONTIME,DELAY,,,,,,,,,HAN,HUI,HUI,Domestic,VJ,,
2026-08-09|VJ508/VJ515|A551|DAD-HAN-DAD|15:55,2026-08-09,VJ508/VJ515,A551,A321,DAD-HAN-DAD,15:25,15:55,15:25,15:55,15:45,16:09,16:10,16:20,00:30,00:25,DELAY,ONTIME,DELAY,DELAY,,93,00:15,,,,,,HAN,DAD,DAD,Domestic,VJ,,
2026-08-09|VJ142/VJ773|A634|SGN-HAN-CXR|16:00,2026-08-09,VJ142/VJ773,A634,A321,SGN-HAN-CXR,15:30,16:00,15:30,16:45,16:08,16:37,16:38,16:45,01:15,00:30,EARLY,ONTIME,DELAY,DELAY,,,,,,,,,HAN,SGN,CXR,Domestic,VJ,,
2026-08-09|VJ140/VJ151|A685|SGN-HAN-SGN|17:00,2026-08-09,VJ140/VJ151,A685,A321,SGN-HAN-SGN,16:30,17:00,16:30,17:00,17:30,17:49,17:50,17:55,00:30,00:20,DELAY,DELAY,DELAY,DELAY,,93,00:50,,,,,,HAN,SGN,SGN,Domestic,VJ,,
2026-08-09|VJ902/VJ465|A632|BKK-HAN-VCA|17:00,2026-08-09,VJ902/VJ465,A632,A321,BKK-HAN-VCA,15:50,17:00,15:50,17:00,16:55,17:24,17:25,17:30,01:10,00:30,DELAY,DELAY,DELAY,DELAY,,93,00:25,,,,,,HAN,BKK,VCA,Domestic,VJ,,
2026-08-09|VJ953/VJ913|A672|HIJ-HAN-SAI|17:05,2026-08-09,VJ953/VJ913,A672,A320,HIJ-HAN-SAI,16:10,17:05,16:10,17:05,16:22,17:04,17:05,17:12,00:55,00:43,ONTIME,ONTIME,ONTIME,ONTIME,,,,,,,,,HAN,HIJ,SAI,International,VJ,,
2026-08-09|VJ530/VJ457|A656|DAD-HAN-PQC|17:10,2026-08-09,VJ530/VJ457,A656,A320,DAD-HAN-PQC,16:15,17:10,16:15,17:10,16:55,17:29,17:30,17:48,00:55,00:35,DELAY,DELAY,DELAY,DELAY,,93,00:10,89,00:10,,,VIP MOVEMENT,HAN,DAD,PQC,Domestic,VJ,,
2026-08-09|VJ452/VJ193|A552|PQC-HAN-SGN|17:15,2026-08-09,VJ452/VJ193,A552,A321,PQC-HAN-SGN,16:40,17:15,16:40,17:50,17:35,18:14,18:15,18:42,01:10,00:40,DELAY,DELAY,DELAY,DELAY,,93,00:15,66,00:10,,,CREW OB 1745LT,HAN,PQC,SGN,Domestic,VJ,,
2026-08-09|VJ454/VJ495|A699|PQC-HAN-BMV|17:30,2026-08-09,VJ454/VJ495,A699,A320,PQC-HAN-BMV,16:45,17:30,16:45,17:30,17:00,17:29,17:30,17:45,00:45,00:30,ONTIME,ONTIME,ONTIME,ONTIME,,,,,,,,,HAN,PQC,BMV,Domestic,VJ,,
2026-08-09|VJ1454/VJ141|A646|PQC-HAN-SGN|17:35,2026-08-09,VJ1454/VJ141,A646,A321,PQC-HAN-SGN,16:35,17:35,16:35,17:35,17:25,18:14,18:15,18:20,01:00,00:50,DELAY,DELAY,DELAY,DELAY,,93,00:20,95,00:15,11,00:05,CREW ON GD FROM VJ1774 OB 1807LT,HAN,PQC,SGN,Domestic,VJ,,
2026-08-09|VJ464/VJ1431|A669|VCA-HAN-UIH|17:40,2026-08-09,VJ464/VJ1431,A669,A320,VCA-HAN-UIH,15:10,17:40,15:10,17:40,15:30,17:39,17:40,17:50,02:30,02:10,ONTIME,ONTIME,ONTIME,DELAY,,,,,,,,,HAN,VCA,UIH,Domestic,VJ,,
2026-08-09|VJ774/VJ517|A641|CXR-HAN-DAD|17:45,2026-08-09,VJ774/VJ517,A641,A321,CXR-HAN-DAD,17:15,17:45,17:15,18:15,18:05,18:34,18:35,18:48,01:00,00:30,DELAY,DELAY,DELAY,DELAY,,93,00:20,,,,,,HAN,CXR,DAD,Domestic,VJ,,
2026-08-09|VJ916/VJ781|A629|SIN-HAN-CXR|18:15,2026-08-09,VJ916/VJ781,A629,A321,SIN-HAN-CXR,17:25,18:15,17:25,18:15,17:45,18:09,18:10,18:17,00:50,00:25,EARLY,ONTIME,ONTIME,DELAY,,,,,,,,,HAN,SIN,CXR,Domestic,VJ,,
2026-08-09|VJ512/VJ521|A554|DAD-HAN-DAD|18:45,2026-08-09,VJ512/VJ521,A554,A321,DAD-HAN-DAD,18:15,18:45,18:15,19:00,18:35,18:59,19:00,19:13,00:45,00:25,ONTIME,ONTIME,DELAY,DELAY,,,,,,,,,HAN,DAD,DAD,Domestic,VJ,,
2026-08-09|VJ148/VJ155|A552|SGN-HAN-SGN|19:15,2026-08-09,VJ148/VJ155,A552,A321,SGN-HAN-SGN,18:45,19:15,18:45,01:15,00:40,00:59,01:00,01:10,06:30,00:20,EARLY,ONTIME,DELAY,ONTIME,,,,,,,,NO PAX,HAN,SGN,SGN,Domestic,VJ,,
2026-08-09|VJ928/VJ789|A648|CGK-HAN-CXR|19:15,2026-08-09,VJ928/VJ789,A648,A321,CGK-HAN-CXR,18:15,19:15,18:15,19:15,18:40,19:13,19:15,19:35,01:00,00:35,ONTIME,ONTIME,DELAY,DELAY,,,,,,,,LATE PUSHBACK DUE TO ATC,HAN,CGK,CXR,Domestic,VJ,,
2026-08-09|VJ424/VJ561|A663|PXU-HAN-HUI|19:15,2026-08-09,VJ424/VJ561,A663,A320,PXU-HAN-HUI,18:45,19:15,18:45,19:15,18:45,19:14,19:15,19:45,00:30,00:30,ONTIME,ONTIME,DELAY,ONTIME,,,,,,,,,HAN,PXU,HUI,Domestic,VJ,,
2026-08-09|VJ144/VJ519|A636|SGN-HAN-DAD|19:35,2026-08-09,VJ144/VJ519,A636,A321,SGN-HAN-DAD,19:05,19:35,19:05,22:10,20:55,22:37,22:38,22:40,03:05,01:43,DELAY,DELAY,DELAY,DELAY,,95,00:28,,,,,CREW VJ1432 OB 2215,HAN,SGN,DAD,Domestic,VJ,,
2026-08-09|VJ568/VJ1127|A539|HUI-HAN-SGN|19:35,2026-08-09,VJ568/VJ1127,A539,A321,HUI-HAN-SGN,18:55,19:35,18:55,19:35,19:00,19:54,19:55,20:05,00:40,00:55,DELAY,DELAY,DELAY,ONTIME,,15A,00:20,,,,,OFFLOAD 4 PAX 2 BAGS,HAN,HUI,SGN,Domestic,VJ,,
2026-08-09|VJ146/VJ523|A630|SGN-HAN-DAD|19:40,2026-08-09,VJ146/VJ523,A630,A321,SGN-HAN-DAD,18:55,19:40,18:55,20:25,20:00,20:29,20:30,20:43,01:30,00:30,DELAY,ONTIME,DELAY,DELAY,,93,00:05,,,,,,HAN,SGN,DAD,Domestic,VJ,,
2026-08-09|VJ931/VJ1925|A203|KIX-HAN-AMD|19:45,2026-08-09,VJ931/VJ1925,A203,A321,KIX-HAN-AMD,18:30,19:45,18:30,19:45,18:40,19:44,19:45,19:55,01:15,01:05,ONTIME,ONTIME,ONTIME,ONTIME,,,,,,,,,HAN,KIX,AMD,International,VJ,,
2026-08-09|VJ442/VJ157|A651|PQC-HAN-SGN|19:45,2026-08-09,VJ442/VJ157,A651,A321,PQC-HAN-SGN,19:05,19:45,19:05,19:45,19:20,19:49,19:50,19:59,00:40,00:30,DELAY,ONTIME,ONTIME,ONTIME,,93,00:05,,,,,,HAN,PQC,SGN,Domestic,VJ,,
2026-08-09|VJ7614/VJ7614|A537|CXR-HAN-BQS|19:55,2026-08-09,VJ7614/VJ7614,A537,A321,CXR-HAN-BQS,19:15,19:55,19:15,19:55,19:15,19:54,19:55,20:20,00:40,00:40,ONTIME,ONTIME,DELAY,ONTIME,,,,,,,,,HAN,CXR,BQS,International,VJ,,
2026-08-09|VJ7639/VJ7712|A666|TXN-HAN-PKX|20:00,2026-08-09,VJ7639/VJ7712,A666,A320,TXN-HAN-PKX,18:55,20:00,18:55,20:00,19:05,19:59,20:00,20:15,01:05,00:55,ONTIME,ONTIME,ONTIME,ONTIME,,,,,,,,,HAN,TXN,PKX,International,VJ,,
2026-08-09|VJ456/VJ455|A500|PQC-HAN-PQC|20:05,2026-08-09,VJ456/VJ455,A500,A321,PQC-HAN-PQC,17:50,20:05,17:50,20:05,18:30,20:04,20:05,20:20,02:15,01:35,ONTIME,ONTIME,ONTIME,DELAY,,,,,,,,,HAN,PQC,PQC,Domestic,VJ,,
2026-08-09|VJ1452/VJ783|A689|PQC-HAN-CXR|20:25,2026-08-09,VJ1452/VJ783,A689,A320,PQC-HAN-CXR,19:50,20:25,19:50,20:25,20:15,20:36,20:37,20:55,00:35,00:22,DELAY,ONTIME,DELAY,DELAY,,93,00:12,,,,,,HAN,PQC,CXR,Domestic,VJ,,
2026-08-09|VJ468/VJ161|A675|VCA-HAN-SGN|20:55,2026-08-09,VJ468/VJ161,A675,A320,VCA-HAN-SGN,19:50,20:55,19:50,20:55,19:35,20:54,20:55,21:01,01:05,01:20,ONTIME,ONTIME,ONTIME,ONTIME,,,,,,,,,HAN,VCA,SGN,Domestic,VJ,,
2026-08-09|VJ152/VJ159|A667|SGN-HAN-SGN|20:10,2026-08-09,VJ152/VJ159,A667,A321,SGN-HAN-SGN,19:20,20:10,19:20,23:45,23:30,23:57,23:58,00:00,04:25,00:28,DELAY,ONTIME,DELAY,DELAY,,93,00:13,,,,,,HAN,SGN,SGN,Domestic,VJ,,
2026-08-09|VJ949/VJ527|A698|RMQ-HAN-DAD|21:25,2026-08-09,VJ949/VJ527,A698,A321,RMQ-HAN-DAD,19:50,21:25,19:50,21:25,20:05,21:23,21:24,21:28,01:35,01:19,EARLY,ONTIME,ONTIME,ONTIME,,,,,,,,,HAN,RMQ,DAD,Domestic,VJ,,
2026-08-09|VJ776/VJ7526|A634|CXR-HAN-CAN|22:30,2026-08-09,VJ776/VJ7526,A634,A321,CXR-HAN-CAN,20:10,22:30,20:10,22:30,21:25,22:29,22:30,22:33,02:20,01:05,ONTIME,ONTIME,ONTIME,DELAY,,,,,,,,,HAN,CXR,CAN,International,VJ,,
2026-08-09|VJ520/VJ529|A639|DAD-HAN-DAD|22:35,2026-08-09,VJ520/VJ529,A639,A321,DAD-HAN-DAD,20:55,22:35,20:55,22:35,21:15,22:29,22:30,22:33,01:40,01:15,EARLY,ONTIME,ONTIME,DELAY,,,,,,,,,HAN,DAD,DAD,Domestic,VJ,,
2026-08-09|VJ194/VJ167|A637|SGN-HAN-SGN|22:45,2026-08-09,VJ194/VJ167,A637,A321,SGN-HAN-SGN,21:50,22:45,21:50,00:35,00:25,00:54,00:55,00:56,02:45,00:30,DELAY,DELAY,DELAY,ONTIME,,93,00:20,,,,,,HAN,SGN,SGN,Domestic,VJ,,
2026-08-09|VJ943/VJ962|A544|TPE-HAN-ICN|23:15,2026-08-09,VJ943/VJ962,A544,A321,TPE-HAN-ICN,20:55,23:15,20:55,23:15,22:50,23:24,23:25,23:30,02:20,00:35,DELAY,ONTIME,ONTIME,DELAY,,93,00:10,,,,,,HAN,TPE,ICN,International,VJ,,
2026-08-09|VJ438/VJ169|A521|UIH-HAN-SGN|23:25,2026-08-09,VJ438/VJ169,A521,A321,UIH-HAN-SGN,19:25,23:25,19:25,23:25,22:17,23:24,23:25,23:27,04:00,01:08,ONTIME,ONTIME,ONTIME,DELAY,,,,,,,,,HAN,UIH,SGN,Domestic,VJ,,
2026-08-09|AI2390/AI2391|VT-TNY|DEL-HAN-DEL|08:20,2026-08-09,AI2390/AI2391,VT-TNY,A320,DEL-HAN-DEL,07:20,08:20,07:20,08:20,07:30,08:15,08:16,08:18,01:00,00:46,EARLY,ONTIME,ONTIME,ONTIME,,,,,,,,,HAN,DEL,DEL,International,AI,,
2026-08-10|VJ7988/VJ7988|A554|DAD-HAN-VVO|00:25,2026-08-10,VJ7988/VJ7988,A554,A321,DAD-HAN-VVO,23:50,00:25,23:50,00:25,00:05,00:34,00:35,00:40,00:35,00:30,DELAY,ONTIME,ONTIME,ONTIME,,93,00:10,,,,,,HAN,DAD,VVO,International,VJ,,
2026-08-10|VJ932|A516|HAN-NRT|00:30,2026-08-10,VJ932,A516,A321,HAN-NRT,,00:30,,00:30,,00:29,00:30,00:38,,,ONTIME,ONTIME,ONTIME,,,,,,,,,,HAN,,NRT,International,VJ,,
2026-08-10|VJ982|A629|HAN-PUS|01:05,2026-08-10,VJ982,A629,A321,HAN-PUS,,01:05,,01:05,,01:04,01:05,01:12,,,ONTIME,ONTIME,ONTIME,,,,,,,,,,HAN,,PUS,International,VJ,,
2026-08-10|VJ938|A522|HAN-KIX|01:20,2026-08-10,VJ938,A522,A321,HAN-KIX,,01:20,,01:20,,01:19,01:20,01:28,,,ONTIME,ONTIME,ONTIME,,,,,,,,,,HAN,,KIX,International,VJ,,
2026-08-10|VJ960|A648|HAN-ICN|01:40,2026-08-10,VJ960,A648,A321,HAN-ICN,,01:40,,01:40,,01:38,01:39,01:46,,,EARLY,ONTIME,ONTIME,,,,,,,,,,HAN,,ICN,International,VJ,,
2026-08-10|VJ920|A535|HAN-NGO|01:40,2026-08-10,VJ920,A535,A321,HAN-NGO,,01:40,,01:40,,01:39,01:40,01:43,,,ONTIME,ONTIME,ONTIME,,,,,,,,,,HAN,,NGO,International,VJ,,
2026-08-10|VJ123|A641|HAN-SGN|05:30,2026-08-10,VJ123,A641,A321,HAN-SGN,,05:30,,05:30,,05:23,05:24,05:30,,,EARLY,ONTIME,ONTIME,,,,,,,,,,HAN,,SGN,Domestic,VJ,,
2026-08-10|VJ445|A632|HAN-PQC|05:30,2026-08-10,VJ445,A632,A321,HAN-PQC,,05:30,,05:30,,05:24,05:25,05:30,,,EARLY,ONTIME,ONTIME,,,,,,,,,,HAN,,PQC,Domestic,VJ,,
2026-08-10|VJ7527/VJ501|A634|CAN-HAN-DAD|05:40,2026-08-10,VJ7527/VJ501,A634,A321,CAN-HAN-DAD,03:05,05:40,03:05,05:40,02:53,05:39,05:40,05:49,02:35,02:47,ONTIME,ONTIME,ONTIME,ONTIME,,,,,,,,,HAN,CAN,DAD,Domestic,VJ,,
2026-08-10|VJ771|A669|HAN-CXR|05:45,2026-08-10,VJ771,A669,A320,HAN-CXR,,05:45,,05:45,,05:39,05:40,05:49,,,EARLY,ONTIME,ONTIME,,,,,,,,,,HAN,,CXR,Domestic,VJ,,
2026-08-10|VJ121|A636|HAN-SGN|06:00,2026-08-10,VJ121,A636,A321,HAN-SGN,,06:00,,06:00,,05:54,05:55,06:00,,,EARLY,ONTIME,ONTIME,,,,,,,,,,HAN,,SGN,Domestic,VJ,,
2026-08-10|VJ491|A539|HAN-BMV|06:00,2026-08-10,VJ491,A539,A321,HAN-BMV,,06:00,,06:00,,05:54,05:55,06:05,,,EARLY,ONTIME,ONTIME,,,,,,,,,,HAN,,BMV,Domestic,VJ,,
2026-08-10|VJ431|A672|HAN-UIH|06:05,2026-08-10,VJ431,A672,A320,HAN-UIH,,06:05,,06:05,,05:59,06:00,06:05,,,EARLY,ONTIME,ONTIME,,,,,,,,,,HAN,,UIH,Domestic,VJ,,
2026-08-10|VJ531|A689|HAN-DAD|06:30,2026-08-10,VJ531,A689,A320,HAN-DAD,,06:30,,06:30,,06:24,06:25,06:31,,,EARLY,ONTIME,ONTIME,,,,,,,,,,HAN,,DAD,Domestic,VJ,,
2026-08-10|VJ7713/VJ449|A666|PKX-HAN-PQC|06:30,2026-08-10,VJ7713/VJ449,A666,A320,PKX-HAN-PQC,03:55,06:30,03:55,06:30,04:16,06:24,06:25,06:27,02:35,02:09,EARLY,ONTIME,ONTIME,DELAY,,,,,,,,,HAN,PKX,PQC,Domestic,VJ,,
2026-08-10|VJ461|A542|HAN-VCA|06:45,2026-08-10,VJ461,A542,A321,HAN-VCA,,06:45,,06:45,,06:39,06:40,06:45,,,EARLY,ONTIME,ONTIME,,,,,,,,,,HAN,,VCA,Domestic,VJ,,
2026-08-10|VJ125|A656|HAN-SGN|07:00,2026-08-10,VJ125,A656,A320,HAN-SGN,,07:00,,07:00,,06:54,06:55,07:02,,,EARLY,ONTIME,ONTIME,,,,,,,,,,HAN,,SGN,Domestic,VJ,,
2026-08-10|VJ1771|A651|HAN-CXR|07:00,2026-08-10,VJ1771,A651,A321,HAN-CXR,,07:00,,07:00,,06:54,06:55,07:03,,,EARLY,ONTIME,ONTIME,,,,,,,,,,HAN,,CXR,Domestic,VJ,,
2026-08-10|VJ421|A663|HAN-PXU|07:10,2026-08-10,VJ421,A663,A320,HAN-PXU,,07:10,,07:10,,07:01,07:02,07:05,,,EARLY,ONTIME,ONTIME,,,,,,,,,,HAN,,PXU,Domestic,VJ,,
2026-08-10|VJ197|A699|HAN-SGN|07:20,2026-08-10,VJ197,A699,A320,HAN-SGN,,07:20,,07:20,,07:14,07:15,07:25,,,EARLY,ONTIME,ONTIME,,,,,,,,,,HAN,,SGN,Domestic,VJ,,
2026-08-10|VJ905|A630|HAN-KUL|07:25,2026-08-10,VJ905,A630,A321,HAN-KUL,,07:25,,07:25,,07:19,07:20,07:27,,,EARLY,ONTIME,ONTIME,,,,,,,,,,HAN,,KUL,International,VJ,,
2026-08-10|VJ502/VJ503|A687|DAD-HAN-DAD|07:35,2026-08-10,VJ502/VJ503,A687,A321,DAD-HAN-DAD,07:00,07:35,07:00,07:35,07:00,07:28,07:29,07:33,00:35,00:29,EARLY,ONTIME,ONTIME,ONTIME,,,,,,,,,HAN,DAD,DAD,Domestic,VJ,,
2026-08-10|VJ934|A203|HAN-NRT|07:55,2026-08-10,VJ934,A203,A321,HAN-NRT,,07:55,,07:55,,07:54,07:55,08:02,,,ONTIME,ONTIME,ONTIME,,,,,,,,,,HAN,,NRT,International,VJ,,
2026-08-10|VJ930|A536|HAN-KIX|07:55,2026-08-10,VJ930,A536,A321,HAN-KIX,,07:55,,07:55,,07:49,07:50,08:00,,,EARLY,ONTIME,ONTIME,,,,,,,,,,HAN,,KIX,International,VJ,,
2026-08-10|VJ120/VJ127|A649|SGN-HAN-SGN|08:10,2026-08-10,VJ120/VJ127,A649,A321,SGN-HAN-SGN,07:10,08:10,07:10,08:10,07:05,08:04,08:05,08:10,01:00,01:00,EARLY,ONTIME,ONTIME,ONTIME,,,,,,,,,HAN,SGN,SGN,Domestic,VJ,,
2026-08-10|VJ929|A684|HAN-CGK|08:40,2026-08-10,VJ929,A684,A321,HAN-CGK,,08:40,,08:40,,08:39,08:40,08:50,,,ONTIME,ONTIME,ONTIME,,,,,,,,,,HAN,,CGK,International,VJ,,
2026-08-10|VJ124/VJ129|A550|SGN-HAN-SGN|08:50,2026-08-10,VJ124/VJ129,A550,A321,SGN-HAN-SGN,08:15,08:50,08:15,08:50,08:20,08:49,08:50,09:04,00:35,00:30,ONTIME,ONTIME,ONTIME,ONTIME,,,,,,,,,HAN,SGN,SGN,Domestic,VJ,,
2026-08-10|VJ7615/VJ7615|A537|BQS-HAN-CXR|08:50,2026-08-10,VJ7615/VJ7615,A537,A321,BQS-HAN-CXR,08:20,08:50,08:20,08:50,08:15,08:41,08:42,08:46,00:30,00:27,EARLY,ONTIME,ONTIME,ONTIME,,,,,,,,,HAN,BQS,CXR,Domestic,VJ,,
2026-08-10|VJ435|A658|HAN-UIH|08:50,2026-08-10,VJ435,A658,A320,HAN-UIH,,08:50,,08:50,,08:43,08:44,08:48,,,EARLY,ONTIME,ONTIME,,,,,,,,,,HAN,,UIH,Domestic,VJ,,
2026-08-10|VJ504/VJ447|A661|DAD-HAN-PQC|08:55,2026-08-10,VJ504/VJ447,A661,A321,DAD-HAN-PQC,08:20,08:55,08:20,08:55,08:30,08:53,08:55,09:00,00:35,00:25,ONTIME,ONTIME,ONTIME,ONTIME,,,,,,,,,HAN,DAD,PQC,Domestic,VJ,,
2026-08-10|VJ514/VJ505|A634|DAD-HAN-DAD|09:25,2026-08-10,VJ514/VJ505,A634,A321,DAD-HAN-DAD,08:50,09:25,08:50,09:25,09:25,09:54,09:55,10:05,00:35,00:30,DELAY,DELAY,DELAY,DELAY,,93,00:30,,,,,,HAN,DAD,DAD,Domestic,VJ,,
2026-08-10|VJ963/VJ563|A544|ICN-HAN-HUI|09:55,2026-08-10,VJ963/VJ563,A544,A321,ICN-HAN-HUI,08:55,09:55,08:55,09:55,08:35,09:49,09:50,09:53,01:00,01:15,EARLY,ONTIME,ONTIME,ONTIME,,,,,,,,,HAN,ICN,HUI,Domestic,VJ,,
2026-08-10|VJ122/VJ1773|A575|SGN-HAN-CXR|10:00,2026-08-10,VJ122/VJ1773,A575,A321,SGN-HAN-CXR,09:05,10:00,09:05,10:00,08:55,09:59,10:00,10:05,00:55,01:05,ONTIME,ONTIME,ONTIME,ONTIME,,,,,,,,,HAN,SGN,CXR,Domestic,VJ,,
2026-08-10|VJ126/VJ131|A529|SGN-HAN-SGN|10:15,2026-08-10,VJ126/VJ131,A529,A321,SGN-HAN-SGN,09:40,10:15,09:40,10:15,09:40,10:14,10:15,10:20,00:35,00:35,ONTIME,ONTIME,ONTIME,ONTIME,,,,,,,,,HAN,SGN,SGN,Domestic,VJ,,
2026-08-10|VJ532/VJ425|A689|DAD-HAN-PXU|10:20,2026-08-10,VJ532/VJ425,A689,A320,DAD-HAN-PXU,09:45,10:20,09:45,10:20,09:45,10:13,10:14,10:16,00:35,00:29,EARLY,ONTIME,ONTIME,ONTIME,,,,,,,,,HAN,DAD,PXU,Domestic,VJ,,
2026-08-10|VJ770/VJ463|A669|CXR-HAN-VCA|10:25,2026-08-10,VJ770/VJ463,A669,A320,CXR-HAN-VCA,09:55,10:25,09:55,10:25,10:25,10:49,10:50,10:55,00:30,00:25,DELAY,DELAY,DELAY,DELAY,,93,00:25,,,,,CREW OB 1032L,HAN,CXR,VCA,Domestic,VJ,,
2026-08-10|VJ430/VJ437|A672|UIH-HAN-UIH|10:25,2026-08-10,VJ430/VJ437,A672,A320,UIH-HAN-UIH,09:50,10:25,09:50,10:25,09:50,10:16,10:17,10:22,00:35,00:27,EARLY,ONTIME,ONTIME,ONTIME,,,,,,,,,HAN,UIH,UIH,Domestic,VJ,,
2026-08-10|VJ492/VJ493|A539|BMV-HAN-BMV|10:35,2026-08-10,VJ492/VJ493,A539,A321,BMV-HAN-BMV,10:00,10:35,10:00,10:35,10:05,10:34,10:35,10:41,00:35,00:30,ONTIME,ONTIME,ONTIME,ONTIME,,,,,,,,,HAN,BMV,BMV,Domestic,VJ,,
2026-08-10|VJ507|A815|HAN-DAD|11:10,2026-08-10,VJ507,A815,A330,HAN-DAD,,11:10,,14:00,,13:59,14:00,14:10,,,ONTIME,ONTIME,DELAY,,,,,,,,,,HAN,,DAD,Domestic,VJ,,
2026-08-10|VJ448/VJ901|A632|PQC-HAN-BKK|11:15,2026-08-10,VJ448/VJ901,A632,A321,PQC-HAN-BKK,10:15,11:15,10:15,11:15,10:55,11:24,11:25,11:30,01:00,00:30,DELAY,ONTIME,ONTIME,DELAY,,93,00:10,,,,,,HAN,PQC,BKK,International,VJ,,
2026-08-10|VJ130/VJ133|A641|SGN-HAN-SGN|11:20,2026-08-10,VJ130/VJ133,A641,A321,SGN-HAN-SGN,10:50,11:20,10:50,11:20,10:40,11:24,11:25,11:30,00:30,00:45,DELAY,ONTIME,ONTIME,ONTIME,,15A,00:05,,,,,OFL 05 PAX WITH 02 BAGS,HAN,SGN,SGN,Domestic,VJ,,
2026-08-10|VJ524/VJ565|A687|DAD-HAN-HUI|11:30,2026-08-10,VJ524/VJ565,A687,A321,DAD-HAN-HUI,10:50,11:30,10:50,11:30,11:05,11:29,11:30,11:40,00:40,00:25,ONTIME,ONTIME,ONTIME,ONTIME,,,,,,,,,HAN,DAD,HUI,Domestic,VJ,,
2026-08-10|VJ422/VJ451|A663|PXU-HAN-PQC|11:45,2026-08-10,VJ422/VJ451,A663,A320,PXU-HAN-PQC,10:50,11:45,10:50,11:45,11:05,11:43,11:45,11:48,00:55,00:40,ONTIME,ONTIME,ONTIME,ONTIME,,,,,,,,,HAN,PXU,PQC,Domestic,VJ,,
2026-08-10|VJ450/VJ775|A666|PQC-HAN-CXR|11:45,2026-08-10,VJ450/VJ775,A666,A320,PQC-HAN-CXR,11:15,11:45,11:15,11:45,11:20,11:39,11:40,11:41,00:30,00:20,EARLY,ONTIME,ONTIME,ONTIME,,,,,,,,,HAN,PQC,CXR,Domestic,VJ,,
2026-08-10|VJ1772/VJ1453|A651|CXR-HAN-PQC|11:50,2026-08-10,VJ1772/VJ1453,A651,A321,CXR-HAN-PQC,11:15,11:50,11:15,11:50,11:30,11:53,11:54,12:02,00:35,00:24,DELAY,ONTIME,ONTIME,ONTIME,,93,00:04,,,,,,HAN,CXR,PQC,Domestic,VJ,,
2026-08-10|VJ462/VJ515|A542|VCA-HAN-DAD|12:10,2026-08-10,VJ462/VJ515,A542,A321,VCA-HAN-DAD,11:40,12:10,11:40,12:10,11:40,12:09,12:10,12:20,00:30,00:30,ONTIME,ONTIME,ONTIME,ONTIME,,,,,,,,,HAN,VCA,DAD,Domestic,VJ,,
2026-08-10|VJ128/VJ137|A656|SGN-HAN-SGN|12:20,2026-08-10,VJ128/VJ137,A656,A320,SGN-HAN-SGN,11:50,12:20,11:50,13:00,12:30,13:09,13:10,13:20,01:10,00:40,DELAY,ONTIME,DELAY,DELAY,,66,00:10,,,,,CHANGE CREW OB 1246L,HAN,SGN,SGN,Domestic,VJ,,
2026-08-10|VJ7989/VJ7989|A554|VVO-HAN-DAD|12:55,2026-08-10,VJ7989/VJ7989,A554,A321,VVO-HAN-DAD,12:25,12:55,12:25,12:55,12:25,12:38,12:39,12:42,00:30,00:14,EARLY,ONTIME,ONTIME,ONTIME,,,,,,,,,HAN,VVO,DAD,Domestic,VJ,,
2026-08-10|VJ432/VJ509|A658|UIH-HAN-DAD|13:05,2026-08-10,VJ432/VJ509,A658,A320,UIH-HAN-DAD,12:35,13:05,12:35,13:05,12:30,13:04,13:05,13:20,00:30,00:35,ONTIME,ONTIME,ONTIME,ONTIME,,,,,,,,,HAN,UIH,DAD,Domestic,VJ,,
2026-08-10|VJ506/VJ787|A634|DAD-HAN-CXR|13:10,2026-08-10,VJ506/VJ787,A634,A321,DAD-HAN-CXR,12:35,13:10,12:35,14:10,13:50,14:19,14:20,14:29,01:35,00:30,DELAY,ONTIME,DELAY,DELAY,,93,00:10,,,,,,HAN,DAD,CXR,Domestic,VJ,,
2026-08-10|VJ981/VJ433|A629|PUS-HAN-UIH|13:20,2026-08-10,VJ981/VJ433,A629,A321,PUS-HAN-UIH,10:40,13:20,10:40,13:20,11:30,13:13,13:14,13:21,02:40,01:44,EARLY,ONTIME,ONTIME,DELAY,,,,,,,,,HAN,PUS,UIH,Domestic,VJ,,
2026-08-10|VJ939/VJ948|A522|KIX-HAN-RMQ|13:30,2026-08-10,VJ939/VJ948,A522,A321,KIX-HAN-RMQ,12:20,13:30,12:20,13:30,11:50,13:24,13:25,13:30,01:10,01:35,EARLY,ONTIME,ONTIME,ONTIME,,,,,,,,,HAN,KIX,RMQ,International,VJ,,
2026-08-10|VJ564/VJ453|A544|HUI-HAN-PQC|13:30,2026-08-10,VJ564/VJ453,A544,A321,HUI-HAN-PQC,12:55,13:30,12:55,13:30,12:55,13:26,13:28,13:38,00:35,00:33,EARLY,ONTIME,ONTIME,ONTIME,,,,,,,,,HAN,HUI,PQC,Domestic,VJ,,
2026-08-10|VJ198/VJ191|A699|SGN-HAN-SGN|13:40,2026-08-10,VJ198/VJ191,A699,A320,SGN-HAN-SGN,12:40,13:40,12:40,13:40,13:00,13:36,13:37,13:48,01:00,00:37,EARLY,ONTIME,ONTIME,DELAY,,,,,,,,,HAN,SGN,SGN,Domestic,VJ,,
2026-08-10|VJ933/VJ143|A516|NRT-HAN-SGN|14:05,2026-08-10,VJ933/VJ143,A516,A321,NRT-HAN-SGN,13:05,14:05,13:05,14:05,12:35,14:04,14:05,14:14,01:00,01:30,ONTIME,ONTIME,ONTIME,ONTIME,,,,,,,,,HAN,NRT,SGN,Domestic,VJ,,
2026-08-10|VJ440/VJ441|A661|PQC-HAN-PQC|14:15,2026-08-10,VJ440/VJ441,A661,A321,PQC-HAN-PQC,13:40,14:15,13:40,14:15,14:00,14:26,14:27,14:30,00:35,00:27,DELAY,ONTIME,ONTIME,DELAY,,93,00:12,,,,,,HAN,PQC,PQC,Domestic,VJ,,
2026-08-10|VJ961/VJ942|A648|ICN-HAN-TPE|14:25,2026-08-10,VJ961/VJ942,A648,A321,ICN-HAN-TPE,13:35,14:25,13:35,14:25,13:15,14:24,14:25,14:40,00:50,01:10,ONTIME,ONTIME,ONTIME,ONTIME,,,,,,,,,HAN,ICN,TPE,International,VJ,,
2026-08-10|VJ134/VJ467|A676|SGN-HAN-VCA|14:30,2026-08-10,VJ134/VJ467,A676,A320,SGN-HAN-VCA,14:00,14:30,14:00,15:00,14:55,15:19,15:20,15:25,01:00,00:25,DELAY,DELAY,DELAY,DELAY,,93,00:20,,,,,,HAN,SGN,VCA,Domestic,VJ,,
2026-08-10|VJ921/VJ946|A535|NGO-HAN-KHH|14:35,2026-08-10,VJ921/VJ946,A535,A321,NGO-HAN-KHH,12:50,14:35,12:50,14:35,12:50,14:24,14:25,14:30,01:45,01:35,EARLY,ONTIME,ONTIME,ONTIME,,,,,,,,,HAN,NGO,KHH,International,VJ,,
2026-08-10|VJ1504/VJ1505|A534|DAD-HAN-DAD|14:35,2026-08-10,VJ1504/VJ1505,A534,A321,DAD-HAN-DAD,14:00,14:35,14:00,15:40,15:20,15:47,15:48,15:50,01:40,00:28,DELAY,ONTIME,DELAY,DELAY,,93,00:08,,,,,,HAN,DAD,DAD,Domestic,VJ,,
2026-08-10|VJ436/VJ423|A672|UIH-HAN-PXU|15:05,2026-08-10,VJ436/VJ423,A672,A320,UIH-HAN-PXU,14:10,15:05,14:10,15:05,14:00,15:03,15:05,15:08,00:55,01:05,ONTIME,ONTIME,ONTIME,ONTIME,,,,,,,,,HAN,UIH,PXU,Domestic,VJ,,
2026-08-10|VJ1774/VJ1451|A575|CXR-HAN-PQC|15:05,2026-08-10,VJ1774/VJ1451,A575,A321,CXR-HAN-PQC,14:20,15:05,14:20,15:05,14:30,15:01,15:02,15:08,00:45,00:32,EARLY,ONTIME,ONTIME,ONTIME,,,,,,,,,HAN,CXR,PQC,Domestic,VJ,,
2026-08-10|VJ494/VJ511|A539|BMV-HAN-DAD|15:10,2026-08-10,VJ494/VJ511,A539,A321,BMV-HAN-DAD,14:35,15:10,14:35,15:10,15:05,15:38,15:39,15:40,00:35,00:34,DELAY,DELAY,DELAY,DELAY,,93,00:25,66,00:04,,,CREW OB 1515L,HAN,BMV,DAD,Domestic,VJ,,
2026-08-10|VJ510/VJ419|A551|DAD-HAN-TBB|15:10,2026-08-10,VJ510/VJ419,A551,A321,DAD-HAN-TBB,14:35,15:10,14:35,15:10,15:07,15:34,15:35,15:40,00:35,00:28,DELAY,DELAY,DELAY,DELAY,,93,00:25,,,,,,HAN,DAD,TBB,Domestic,VJ,,
2026-08-10|VJ566/VJ439|A687|HUI-HAN-UIH|15:40,2026-08-10,VJ566/VJ439,A687,A321,HUI-HAN-UIH,14:30,15:40,14:30,15:40,15:00,15:39,15:40,15:48,01:10,00:40,ONTIME,ONTIME,ONTIME,DELAY,,,,,,,,,HAN,HUI,UIH,Domestic,VJ,,
2026-08-10|VJ138/VJ147|A643|SGN-HAN-SGN|15:45,2026-08-10,VJ138/VJ147,A643,A321,SGN-HAN-SGN,15:15,15:45,15:15,16:25,15:50,16:21,16:22,16:32,01:10,00:32,EARLY,ONTIME,DELAY,DELAY,,,,,,,,,HAN,SGN,SGN,Domestic,VJ,,
2026-08-10|VJ426/VJ903|A689|PXU-HAN-BKK|15:45,2026-08-10,VJ426/VJ903,A689,A320,PXU-HAN-BKK,14:05,15:45,14:05,15:45,13:40,15:43,15:44,15:45,01:40,02:04,EARLY,ONTIME,ONTIME,ONTIME,,,,,,,,,HAN,PXU,BKK,International,VJ,,
2026-08-10|VJ464/VJ567|A669|VCA-HAN-HUI|15:55,2026-08-10,VJ464/VJ567,A669,A320,VCA-HAN-HUI,15:15,15:55,15:15,17:40,17:00,17:31,17:32,17:38,02:25,00:32,EARLY,ONTIME,DELAY,DELAY,,,,,,,,,HAN,VCA,HUI,Domestic,VJ,,
2026-08-10|VJ508/VJ773|A542|DAD-HAN-CXR|16:00,2026-08-10,VJ508/VJ773,A542,A321,DAD-HAN-CXR,15:25,16:00,15:25,16:00,15:45,16:13,16:14,16:15,00:35,00:29,DELAY,ONTIME,ONTIME,DELAY,,93,00:14,,,,,,HAN,DAD,CXR,Domestic,VJ,,
2026-08-10|VJ906/VJ913|A630|KUL-HAN-SAI|16:20,2026-08-10,VJ906/VJ913,A630,A321,KUL-HAN-SAI,14:40,16:20,14:40,16:20,14:55,16:09,16:10,16:15,01:40,01:15,EARLY,ONTIME,ONTIME,ONTIME,,,,,,,,,HAN,KUL,SAI,International,VJ,,
2026-08-10|VJ772/VJ513|A666|CXR-HAN-DAD|16:35,2026-08-10,VJ772/VJ513,A666,A320,CXR-HAN-DAD,15:55,16:35,15:55,16:35,16:05,16:34,16:35,16:45,00:40,00:30,ONTIME,ONTIME,ONTIME,ONTIME,,,,,,,,,HAN,CXR,DAD,Domestic,VJ,,
2026-08-10|VJ140/VJ151|A529|SGN-HAN-SGN|16:55,2026-08-10,VJ140/VJ151,A529,A321,SGN-HAN-SGN,16:20,16:55,16:20,16:55,16:30,16:59,17:00,17:10,00:35,00:30,DELAY,ONTIME,ONTIME,ONTIME,,93,00:05,,,,,,HAN,SGN,SGN,Domestic,VJ,,
2026-08-10|VJ902/VJ465|A632|BKK-HAN-VCA|17:00,2026-08-10,VJ902/VJ465,A632,A321,BKK-HAN-VCA,15:55,17:00,15:55,17:00,16:45,17:10,17:11,17:15,17:15,00:26,DELAY,ONTIME,ONTIME,DELAY,,93,00:11,,,,,,HAN,BKK,VCA,Domestic,VJ,,
2026-08-10|VJ530/VJ495|A658|DAD-HAN-BMV|17:30,2026-08-10,VJ530/VJ495,A658,A320,DAD-HAN-BMV,16:15,17:30,16:15,17:30,16:50,17:24,17:25,17:35,01:15,00:35,EARLY,ONTIME,ONTIME,DELAY,,,,,,,,,HAN,DAD,BMV,Domestic,VJ,,
2026-08-10|VJ1454/VJ141|A651|PQC-HAN-SGN|17:35,2026-08-10,VJ1454/VJ141,A651,A321,PQC-HAN-SGN,16:35,17:35,16:35,17:35,16:50,17:29,17:30,17:45,01:00,00:40,EARLY,ONTIME,ONTIME,ONTIME,,,,,,,,,HAN,PQC,SGN,Domestic,VJ,,
2026-08-10|VJ454/VJ1431|A663|PQC-HAN-UIH|17:40,2026-08-10,VJ454/VJ1431,A663,A320,PQC-HAN-UIH,16:45,17:40,16:45,17:40,16:45,17:24,17:25,17:38,00:55,00:40,EARLY,ONTIME,ONTIME,ONTIME,,,,,,,,,HAN,PQC,UIH,Domestic,VJ,,
2026-08-10|VJ774/VJ517|A537|CXR-HAN-DAD|18:05,2026-08-10,VJ774/VJ517,A537,A321,CXR-HAN-DAD,17:30,18:05,17:30,19:20,19:10,19:34,19:35,19:42,01:50,00:25,DELAY,ONTIME,DELAY,DELAY,,93,00:15,,,,,,HAN,CXR,DAD,Domestic,VJ,,
2026-08-10|VJ434/VJ781|A629|UIH-HAN-CXR|18:15,2026-08-10,VJ434/VJ781,A629,A321,UIH-HAN-CXR,17:40,18:15,17:40,18:15,17:17,18:10,18:11,18:17,00:35,00:54,EARLY,ONTIME,ONTIME,ONTIME,,,,,,,,,HAN,UIH,CXR,Domestic,VJ,,
2026-08-10|VJ512/VJ521|A539|DAD-HAN-DAD|19:00,2026-08-10,VJ512/VJ521,A539,A321,DAD-HAN-DAD,18:25,19:00,19:00,19:40,19:05,19:39,19:40,19:44,00:40,00:35,ONTIME,ONTIME,DELAY,DELAY,,,,,,,,,HAN,DAD,DAD,Domestic,VJ,,
2026-08-10|VJ928/VJ789|A684|CGK-HAN-CXR|19:15,2026-08-10,VJ928/VJ789,A684,A321,CGK-HAN-CXR,18:15,19:15,18:15,19:15,18:45,19:14,19:15,19:30,01:00,00:30,ONTIME,ONTIME,ONTIME,DELAY,,,,,,,,,HAN,CGK,CXR,Domestic,VJ,,
2026-08-10|VJ424/VJ561|A672|PXU-HAN-HUI|19:20,2026-08-10,VJ424/VJ561,A672,A320,PXU-HAN-HUI,18:45,19:20,18:45,19:20,18:50,19:08,19:10,19:22,00:35,00:20,EARLY,ONTIME,ONTIME,ONTIME,,,,,,,,,HAN,PXU,HUI,Domestic,VJ,,
2026-08-10|VJ146/VJ523|A516|SGN-HAN-DAD|19:40,2026-08-10,VJ146/VJ523,A516,A321,SGN-HAN-DAD,18:55,19:40,19:00,19:40,19:20,19:49,19:50,19:53,00:40,00:30,DELAY,ONTIME,ONTIME,DELAY,,93,00:10,,,,,,HAN,SGN,DAD,Domestic,VJ,,
2026-08-10|VJ420/VJ519|A551|TBB-HAN-DAD|19:50,2026-08-10,VJ420/VJ519,A551,A321,TBB-HAN-DAD,19:15,19:50,19:50,20:30,19:40,20:24,20:25,20:26,00:40,00:45,EARLY,ONTIME,DELAY,DELAY,,,,,,,,,HAN,TBB,DAD,Domestic,VJ,,
2026-08-10|VJ194/VJ7712|A656|SGN-HAN-PKX|19:55,2026-08-10,VJ194/VJ7712,A656,A320,SGN-HAN-PKX,19:00,19:55,19:00,19:55,19:20,19:54,19:55,20:10,00:55,00:35,ONTIME,ONTIME,ONTIME,DELAY,,,,,,,,,HAN,SGN,PKX,International,VJ,,
2026-08-10|VJ452/VJ907|A500|PQC-HAN-BOM|20:05,2026-08-10,VJ452/VJ907,A500,A321,PQC-HAN-BOM,14:35,20:05,14:35,20:05,14:45,20:04,20:05,20:20,05:30,05:20,ONTIME,ONTIME,ONTIME,ONTIME,,,,,,,,,HAN,PQC,BOM,International,VJ,,
2026-08-10|VJ144/VJ455|A525|SGN-HAN-PQC|20:05,2026-08-10,VJ144/VJ455,A525,A321,SGN-HAN-PQC,18:05,20:05,18:05,20:05,18:20,20:04,20:05,20:15,02:00,01:45,ONTIME,ONTIME,ONTIME,ONTIME,,,,,,,,,HAN,SGN,PQC,Domestic,VJ,,
2026-08-10|VJ438/VJ159|A687|UIH-HAN-SGN|20:10,2026-08-10,VJ438/VJ159,A687,A321,UIH-HAN-SGN,19:25,20:10,19:25,20:10,19:28,20:08,20:09,20:10,00:45,00:41,EARLY,ONTIME,ONTIME,ONTIME,,,,,,,,,HAN,UIH,SGN,Domestic,VJ,,
2026-08-10|VJ468/VJ161|A676|VCA-HAN-SGN|20:55,2026-08-10,VJ468/VJ161,A676,A320,VCA-HAN-SGN,19:50,20:55,19:50,20:55,20:30,20:54,20:55,21:05,01:05,00:25,ONTIME,ONTIME,ONTIME,DELAY,,,,,,,,,HAN,VCA,SGN,Domestic,VJ,,
2026-08-10|VJ935/VJ7238|A203|NRT-HAN-PVG|21:15,2026-08-10,VJ935/VJ7238,A203,A321,NRT-HAN-PVG,20:05,21:15,20:05,21:15,20:25,21:12,21:13,21:17,01:10,00:48,EARLY,ONTIME,ONTIME,DELAY,,,,,,,,,HAN,NRT,PVG,International,VJ,,
2026-08-10|VJ154/VJ163|A635|SGN-HAN-SGN|21:25,2026-08-10,VJ154/VJ163,A635,A321,SGN-HAN-SGN,20:55,21:25,20:55,21:25,21:10,21:39,21:40,21:47,00:30,00:30,DELAY,ONTIME,DELAY,ONTIME,,93,00:15,,,,,,HAN,SGN,SGN,Domestic,VJ,,
2026-08-10|VJ496/VJ527|A658|BMV-HAN-DAD|22:00,2026-08-10,VJ496/VJ527,A658,A320,BMV-HAN-DAD,21:30,22:00,21:30,22:00,21:30,21:57,21:58,21:59,00:30,00:28,EARLY,ONTIME,ONTIME,ONTIME,,,,,,,,,HAN,BMV,DAD,Domestic,VJ,,
2026-08-10|VJ520/VJ7526|A685|DAD-HAN-CAN|22:30,2026-08-10,VJ520/VJ7526,A685,A321,DAD-HAN-CAN,20:55,22:30,20:55,22:30,20:55,22:24,22:25,22:35,01:35,01:30,EARLY,ONTIME,ONTIME,ONTIME,,,,,,,,,HAN,DAD,CAN,International,VJ,,
2026-08-10|VJ456/VJ529|A544|PQC-HAN-DAD|22:35,2026-08-10,VJ456/VJ529,A544,A321,PQC-HAN-DAD,18:15,22:35,18:15,22:35,18:40,22:28,22:29,22:30,04:20,03:49,EARLY,ONTIME,ONTIME,DELAY,,,,,,,,,HAN,PQC,DAD,Domestic,VJ,,
2026-08-10|VJ152/VJ167|A550|SGN-HAN-SGN|22:45,2026-08-10,VJ152/VJ167,A550,A321,SGN-HAN-SGN,19:20,22:45,19:20,22:45,19:28,22:42,22:43,22:46,03:25,03:15,EARLY,ONTIME,ONTIME,ONTIME,,,,,,,,,HAN,SGN,SGN,Domestic,VJ,,
2026-08-10|VJ914/VJ962|A630|SAI-HAN-ICN|23:15,2026-08-10,VJ914/VJ962,A630,A321,SAI-HAN-ICN,20:50,23:15,20:50,23:15,20:40,23:09,23:10,23:18,02:25,02:30,EARLY,ONTIME,ONTIME,ONTIME,,,,,,,,,HAN,SAI,ICN,International,VJ,,
2026-08-10|AI2390/AI2391|VT-TNU|DEL-HAN-DEL|08:20,2026-08-10,AI2390/AI2391,VT-TNU,A320,DEL-HAN-DEL,07:20,08:20,07:20,08:20,07:20,08:16,08:17,08:20,01:00,00:57,EARLY,ONTIME,ONTIME,ONTIME,,,,,,,,,HAN,DEL,DEL,International,AI,,
2026-08-11|VJ932|A575|HAN-NRT|00:30,2026-08-11,VJ932,A575,A321,HAN-NRT,,00:30,,00:30,,00:29,00:30,00:33,,,ONTIME,ONTIME,ONTIME,,,,,,,,,,HAN,,NRT,International,VJ,,
2026-08-11|VJ982|A629|HAN-PUS|01:05,2026-08-11,VJ982,A629,A321,HAN-PUS,,01:05,,01:05,,00:54,00:55,01:03,,,EARLY,ONTIME,ONTIME,,,,,,,,,,HAN,,PUS,International,VJ,,
2026-08-11|VJ938|A522|HAN-KIX|01:20,2026-08-11,VJ938,A522,A321,HAN-KIX,,01:20,,01:20,,01:11,01:12,01:15,,,EARLY,ONTIME,ONTIME,,,,,,,,,,HAN,,KIX,International,VJ,,
2026-08-11|VJ960|A648|HAN-ICN|01:40,2026-08-11,VJ960,A648,A321,HAN-ICN,,01:40,,01:40,,01:33,01:34,01:37,,,EARLY,ONTIME,ONTIME,,,,,,,,,,HAN,,ICN,International,VJ,,
2026-08-11|VJ920|A536|HAN-NGO|01:40,2026-08-11,VJ920,A536,A321,HAN-NGO,,01:40,,01:40,,01:39,01:40,01:45,,,ONTIME,ONTIME,ONTIME,,,,,,,,,,HAN,,NGO,International,VJ,,
2026-08-11|VJ958|A535|HAN-FUK|02:05,2026-08-11,VJ958,A535,A321,HAN-FUK,,02:05,,02:05,,01:54,01:55,02:00,,,EARLY,ONTIME,ONTIME,,,,,,,,,,HAN,,FUK,International,VJ,,
2026-08-11|VJ1980|A663|HAN-FSZ|02:40,2026-08-11,VJ1980,A663,A320,HAN-FSZ,,02:40,,02:40,,02:29,02:30,02:33,,,EARLY,ONTIME,ONTIME,,,,,,,,,,HAN,,FSZ,International,VJ,,
2026-08-11|VJ123|A687|HAN-SGN|05:30,2026-08-11,VJ123,A687,A321,HAN-SGN,,05:30,,05:30,,05:39,05:40,05:45,,,DELAY,ONTIME,ONTIME,,,15A,00:10,,,,,OFLD 04PAX + 02BAG,HAN,,SGN,Domestic,VJ,,
2026-08-11|VJ445|A689|HAN-PQC|05:30,2026-08-11,VJ445,A689,A320,HAN-PQC,,05:30,,05:30,,05:24,05:25,05:30,,,EARLY,ONTIME,ONTIME,,,,,,,,,,HAN,,PQC,Domestic,VJ,,
2026-08-11|VJ501|A661|HAN-DAD|05:40,2026-08-11,VJ501,A661,A321,HAN-DAD,,05:40,,05:40,,05:34,05:35,05:42,,,EARLY,ONTIME,ONTIME,,,,,,,,,,HAN,,DAD,Domestic,VJ,,
2026-08-11|VJ771|A632|HAN-CXR|05:45,2026-08-11,VJ771,A632,A321,HAN-CXR,,05:45,,05:45,,05:39,05:40,05:45,,,EARLY,ONTIME,ONTIME,,,,,,,,,,HAN,,CXR,Domestic,VJ,,
2026-08-11|VJ491|A669|HAN-BMV|06:00,2026-08-11,VJ491,A669,A320,HAN-BMV,,06:00,,06:00,,05:54,05:55,06:05,,,EARLY,ONTIME,ONTIME,,,,,,,,,,HAN,,BMV,Domestic,VJ,,
2026-08-11|VJ7713/VJ121|A656|PKX-HAN-SGN|06:00,2026-08-11,VJ7713/VJ121,A656,A320,PKX-HAN-SGN,03:55,06:00,03:55,06:00,04:07,05:54,05:55,06:05,02:05,01:48,EARLY,ONTIME,ONTIME,ONTIME,,,,,,,,,HAN,PKX,SGN,Domestic,VJ,,
2026-08-11|VJ952|A675|HAN-HIJ|06:15,2026-08-11,VJ952,A675,A320,HAN-HIJ,,06:15,,06:15,,06:09,06:10,06:12,,,EARLY,ONTIME,ONTIME,,,,,,,,,,HAN,,HIJ,International,VJ,,
2026-08-11|VJ531|A539|HAN-DAD|06:30,2026-08-11,VJ531,A539,A321,HAN-DAD,,06:30,,06:30,,06:24,06:25,06:26,,,EARLY,ONTIME,ONTIME,,,,,,,,,,HAN,,DAD,Domestic,VJ,,
2026-08-11|VJ461|A551|HAN-VCA|06:45,2026-08-11,VJ461,A551,A321,HAN-VCA,,06:45,,06:45,,06:39,06:40,06:43,,,EARLY,ONTIME,ONTIME,,,,,,,,,,HAN,,VCA,Domestic,VJ,,
2026-08-11|VJ125|A672|HAN-SGN|07:00,2026-08-11,VJ125,A672,A320,HAN-SGN,,07:00,,07:00,,06:53,06:54,06:55,,,EARLY,ONTIME,ONTIME,,,,,,,,,,HAN,,SGN,Domestic,VJ,,
2026-08-11|VJ1771|A684|HAN-CXR|07:00,2026-08-11,VJ1771,A684,A321,HAN-CXR,,07:00,,07:00,,06:54,06:55,07:08,,,EARLY,ONTIME,ONTIME,,,,,,,,,,HAN,,CXR,Domestic,VJ,,
2026-08-11|VJ421|A666|HAN-PXU|07:10,2026-08-11,VJ421,A666,A320,HAN-PXU,,07:10,,07:10,,07:01,07:02,07:03,,,EARLY,ONTIME,ONTIME,,,,,,,,,,HAN,,PXU,Domestic,VJ,,
2026-08-11|VJ503|A651|HAN-DAD|07:30,2026-08-11,VJ503,A651,A321,HAN-DAD,,07:30,,07:30,,07:39,07:40,07:45,,,DELAY,ONTIME,ONTIME,,,,,95,00:10,,,CREW VJ502 OB 0710L,HAN,,DAD,Domestic,VJ,,
2026-08-11|VJ934|A203|HAN-NRT|07:55,2026-08-11,VJ934,A203,A321,HAN-NRT,,07:55,,07:55,,07:49,07:50,08:05,,,EARLY,ONTIME,ONTIME,,,,,,,,,,HAN,,NRT,International,VJ,,
2026-08-11|VJ930|A537|HAN-KIX|07:55,2026-08-11,VJ930,A537,A321,HAN-KIX,,07:55,,07:55,,07:44,07:45,07:55,,,EARLY,ONTIME,ONTIME,,,,,,,,,,HAN,,KIX,International,VJ,,
2026-08-11|VJ120/VJ127|A202|SGN-HAN-SGN|08:10,2026-08-11,VJ120/VJ127,A202,A321,SGN-HAN-SGN,07:10,08:10,07:10,08:10,07:45,08:23,08:24,08:25,01:00,00:39,DELAY,ONTIME,ONTIME,DELAY,,93,00:05,41,00:09,,,LATE TAKEOFF DUE TO ATC/ TECHNICAL CHECK,HAN,SGN,SGN,Domestic,VJ,,
2026-08-11|VJ929|A552|HAN-CGK|08:40,2026-08-11,VJ929,A552,A321,HAN-CGK,,08:40,,08:40,,08:44,08:45,08:53,,,DELAY,ONTIME,ONTIME,,,99,00:05,,,,,Late acc 1pax 1bag,HAN,,CGK,International,VJ,,
2026-08-11|VJ124/VJ129|A650|SGN-HAN-SGN|08:45,2026-08-11,VJ124/VJ129,A650,A320,SGN-HAN-SGN,08:15,08:45,08:15,08:45,08:30,08:54,08:55,08:57,00:30,00:25,DELAY,ONTIME,ONTIME,ONTIME,,93,00:10,,,,,,HAN,SGN,SGN,Domestic,VJ,,
2026-08-11|VJ447|A542|HAN-PQC|08:45,2026-08-11,VJ447,A542,A321,HAN-PQC,,08:45,,08:45,,08:44,08:45,08:50,,,ONTIME,ONTIME,ONTIME,,,,,,,,,,HAN,,PQC,Domestic,VJ,,
2026-08-11|VJ514/VJ563|A661|DAD-HAN-HUI|09:20,2026-08-11,VJ514/VJ563,A661,A321,DAD-HAN-HUI,08:50,09:20,08:50,09:20,09:05,09:23,09:25,09:28,00:30,00:20,DELAY,ONTIME,ONTIME,ONTIME,,93,00:05,,,,,,HAN,DAD,HUI,Domestic,VJ,,
2026-08-11|VJ915|A500|HAN-SIN|09:35,2026-08-11,VJ915,A500,A321,HAN-SIN,,09:35,,09:35,07:30,09:34,09:35,09:42,,,ONTIME,ONTIME,ONTIME,,,,,,,,,,HAN,,SIN,International,VJ,,
2026-08-11|VJ502/VJ1773|A526|DAD-HAN-CXR|10:00,2026-08-11,VJ502/VJ1773,A526,A321,DAD-HAN-CXR,07:00,10:00,07:00,10:00,06:50,09:59,10:00,10:08,03:00,03:10,ONTIME,ONTIME,ONTIME,ONTIME,,,,,,,,,HAN,DAD,CXR,Domestic,VJ,,
2026-08-11|VJ126/VJ131|A645|SGN-HAN-SGN|10:10,2026-08-11,VJ126/VJ131,A645,A321,SGN-HAN-SGN,09:40,10:10,09:40,10:10,09:50,10:19,10:20,10:25,00:30,00:30,DELAY,ONTIME,ONTIME,ONTIME,,93,00:10,,,,,,HAN,SGN,SGN,Domestic,VJ,,
2026-08-11|VJ504/VJ463|A658|DAD-HAN-VCA|10:20,2026-08-11,VJ504/VJ463,A658,A320,DAD-HAN-VCA,08:20,10:20,08:20,10:20,08:30,10:19,10:20,10:35,02:00,01:50,ONTIME,ONTIME,ONTIME,ONTIME,,,,,,,,,HAN,DAD,VCA,Domestic,VJ,,
2026-08-11|VJ425|A685|HAN-PXU|10:20,2026-08-11,VJ425,A685,A321,HAN-PXU,,10:20,,10:20,,10:14,10:15,10:35,,,EARLY,ONTIME,ONTIME,,,,,,,,,LATE TAKEOFF DUE TO ATC,HAN,,PXU,Domestic,VJ,,
2026-08-11|VJ122/VJ997|A674|SGN-HAN-DPS|10:25,2026-08-11,VJ122/VJ997,A674,A321,SGN-HAN-DPS,09:05,10:25,09:05,10:25,09:20,10:23,10:24,10:25,01:20,01:04,EARLY,ONTIME,ONTIME,ONTIME,,,,,,,,,HAN,SGN,DPS,International,VJ,,
2026-08-11|VJ532/VJ493|A539|DAD-HAN-BMV|10:30,2026-08-11,VJ532/VJ493,A539,A321,DAD-HAN-BMV,09:45,10:30,09:45,10:30,09:50,10:23,10:24,10:40,00:45,00:34,EARLY,ONTIME,ONTIME,ONTIME,,,,,,,,,HAN,DAD,BMV,Domestic,VJ,,
2026-08-11|VJ492/VJ565|A669|BMV-HAN-HUI|10:30,2026-08-11,VJ492/VJ565,A669,A320,BMV-HAN-HUI,10:00,10:30,10:00,10:30,10:10,10:29,10:30,10:45,00:30,00:20,ONTIME,ONTIME,ONTIME,ONTIME,,,,,,,,LATE TAKEOFF DUE TO ATC,HAN,BMV,HUI,Domestic,VJ,,
2026-08-11|VJ524/VJ507|A651|DAD-HAN-DAD|11:10,2026-08-11,VJ524/VJ507,A651,A321,DAD-HAN-DAD,10:40,11:10,10:40,11:40,11:30,11:53,11:55,12:00,01:00,00:25,DELAY,ONTIME,DELAY,DELAY,,93,00:15,,,,,,HAN,DAD,DAD,Domestic,VJ,,
2026-08-11|VJ963/VJ901|A630|ICN-HAN-BKK|11:10,2026-08-11,VJ963/VJ901,A630,A321,ICN-HAN-BKK,08:55,11:10,08:55,11:10,08:38,11:09,11:10,11:20,02:15,02:32,ONTIME,ONTIME,ONTIME,ONTIME,,,,,,,,,HAN,ICN,BKK,International,VJ,,
2026-08-11|VJ190/VJ195|A647|SGN-HAN-SGN|11:25,2026-08-11,VJ190/VJ195,A647,A321,SGN-HAN-SGN,10:25,11:25,10:25,11:25,10:55,11:24,11:25,11:32,01:00,00:30,ONTIME,ONTIME,ONTIME,DELAY,,,,,,,,,HAN,SGN,SGN,Domestic,VJ,,
2026-08-11|VJ422/VJ451|A666|PXU-HAN-PQC|11:45,2026-08-11,VJ422/VJ451,A666,A320,PXU-HAN-PQC,10:50,11:45,10:50,11:45,10:35,11:37,11:38,11:43,00:55,01:03,EARLY,ONTIME,ONTIME,ONTIME,,,,,,,,,HAN,PXU,PQC,Domestic,VJ,,
2026-08-11|VJ462/VJ515|A551|VCA-HAN-DAD|12:10,2026-08-11,VJ462/VJ515,A551,A321,VCA-HAN-DAD,11:40,12:10,11:40,12:10,11:35,12:02,12:03,12:06,00:30,00:28,EARLY,ONTIME,ONTIME,ONTIME,,,,,,,,,HAN,VCA,DAD,Domestic,VJ,,
2026-08-11|VJ448/VJ137|A689|PQC-HAN-SGN|12:20,2026-08-11,VJ448/VJ137,A689,A320,PQC-HAN-SGN,10:15,12:20,10:15,12:20,10:18,12:19,12:20,12:27,02:05,02:02,ONTIME,ONTIME,ONTIME,ONTIME,,,,,,,,,HAN,PQC,SGN,Domestic,VJ,,
2026-08-11|VJ770/VJ453|A632|CXR-HAN-PQC|13:00,2026-08-11,VJ770/VJ453,A632,A321,CXR-HAN-PQC,09:55,13:00,09:55,13:00,10:30,12:58,12:59,13:00,03:05,02:29,EARLY,ONTIME,ONTIME,DELAY,,,,,,,,,HAN,CXR,PQC,Domestic,VJ,,
2026-08-11|VJ1772/VJ509|A642|CXR-HAN-DAD|13:05,2026-08-11,VJ1772/VJ509,A642,A321,CXR-HAN-DAD,11:25,13:05,11:25,13:05,12:10,13:04,13:05,13:12,01:40,00:55,ONTIME,ONTIME,ONTIME,DELAY,,,,,,,,,HAN,CXR,DAD,Domestic,VJ,,
2026-08-11|VJ981/VJ787|A629|PUS-HAN-CXR|13:10,2026-08-11,VJ981/VJ787,A629,A321,PUS-HAN-CXR,10:40,13:10,10:40,13:10,11:00,13:04,13:05,13:09,02:30,02:05,EARLY,ONTIME,ONTIME,DELAY,,,,,,,,,HAN,PUS,CXR,Domestic,VJ,,
2026-08-11|VJ564/VJ433|A661|HUI-HAN-UIH|13:20,2026-08-11,VJ564/VJ433,A661,A321,HUI-HAN-UIH,12:20,13:20,12:20,13:20,12:40,13:14,13:15,13:20,01:00,00:35,EARLY,ONTIME,ONTIME,DELAY,,,,,,,,,HAN,HUI,UIH,Domestic,VJ,,
2026-08-11|VJ959/VJ948|A535|FUK-HAN-RMQ|13:30,2026-08-11,VJ959/VJ948,A535,A321,FUK-HAN-RMQ,11:45,13:30,11:45,13:30,11:15,13:29,13:30,13:38,01:45,02:15,ONTIME,ONTIME,ONTIME,ONTIME,,,,,,,,,HAN,FUK,RMQ,International,VJ,,
2026-08-11|VJ939/VJ441|A522|KIX-HAN-PQC|14:00,2026-08-11,VJ939/VJ441,A522,A321,KIX-HAN-PQC,12:20,14:00,12:20,14:00,12:16,13:52,13:53,13:58,01:40,01:37,EARLY,ONTIME,ONTIME,ONTIME,,,,,,,,,HAN,KIX,PQC,Domestic,VJ,,
2026-08-11|VJ128/VJ7316|A672|SGN-HAN-ENH|14:00,2026-08-11,VJ128/VJ7316,A672,A320,SGN-HAN-ENH,11:50,14:00,11:50,14:00,12:20,13:53,13:55,14:00,02:10,01:35,EARLY,ONTIME,ONTIME,DELAY,,,,,,,,,HAN,SGN,ENH,International,VJ,,
2026-08-11|VJ921/VJ942|A536|NGO-HAN-TPE|14:25,2026-08-11,VJ921/VJ942,A536,A321,NGO-HAN-TPE,12:50,14:25,12:50,14:25,12:50,14:24,14:25,14:30,01:35,01:35,ONTIME,ONTIME,ONTIME,ONTIME,,,,,,,,,HAN,NGO,TPE,International,VJ,,
2026-08-11|VJ134/VJ467|A656|SGN-HAN-VCA|14:30,2026-08-11,VJ134/VJ467,A656,A320,SGN-HAN-VCA,13:30,14:30,13:30,14:30,13:30,14:29,14:30,14:35,01:00,01:00,ONTIME,ONTIME,ONTIME,ONTIME,,,,,,,,,HAN,SGN,VCA,Domestic,VJ,,
2026-08-11|VJ1504/VJ1505|A524|DAD-HAN-DAD|14:35,2026-08-11,VJ1504/VJ1505,A524,A321,DAD-HAN-DAD,14:00,14:35,14:00,14:35,14:10,14:38,14:40,14:44,00:35,00:30,DELAY,ONTIME,ONTIME,ONTIME,,93,00:05,,,,,,HAN,DAD,DAD,Domestic,VJ,,
2026-08-11|VJ933/VJ946|A575|NRT-HAN-KHH|14:35,2026-08-11,VJ933/VJ946,A575,A321,NRT-HAN-KHH,13:05,14:35,13:05,14:35,13:00,14:28,14:29,14:30,01:30,01:29,EARLY,ONTIME,ONTIME,ONTIME,,,,,,,,,HAN,NRT,KHH,International,VJ,,
2026-08-11|VJ136/VJ145|A699|SGN-HAN-SGN|14:40,2026-08-11,VJ136/VJ145,A699,A320,SGN-HAN-SGN,14:10,14:40,14:10,15:05,14:30,15:04,15:05,15:10,00:55,00:35,ONTIME,ONTIME,DELAY,DELAY,,,,,,,,,HAN,SGN,SGN,Domestic,VJ,,
2026-08-11|VJ510/VJ511|A651|DAD-HAN-DAD|15:05,2026-08-11,VJ510/VJ511,A651,A321,DAD-HAN-DAD,14:35,15:05,14:35,16:15,15:50,16:14,16:15,16:30,01:40,00:25,ONTIME,ONTIME,DELAY,DELAY,,,,,,,,,HAN,DAD,DAD,Domestic,VJ,,
2026-08-11|VJ440/VJ423|A542|PQC-HAN-PXU|15:05,2026-08-11,VJ440/VJ423,A542,A321,PQC-HAN-PXU,13:30,15:05,13:30,15:05,13:50,14:59,15:00,15:05,01:35,01:10,EARLY,ONTIME,ONTIME,DELAY,,,,,,,,,HAN,PQC,PXU,Domestic,VJ,,
2026-08-11|VJ1774/VJ419|A683|CXR-HAN-TBB|15:10,2026-08-11,VJ1774/VJ419,A683,A321,CXR-HAN-TBB,14:30,15:10,14:30,15:35,15:05,15:27,15:28,15:33,01:05,00:23,EARLY,ONTIME,DELAY,DELAY,,,,,,,,,HAN,CXR,TBB,Domestic,VJ,,
2026-08-11|VJ426/VJ439|A685|PXU-HAN-UIH|15:40,2026-08-11,VJ426/VJ439,A685,A321,PXU-HAN-UIH,14:05,15:40,14:05,15:40,14:15,15:38,15:39,15:40,01:35,01:24,EARLY,ONTIME,ONTIME,ONTIME,,,,,,,,,HAN,PXU,UIH,Domestic,VJ,,
2026-08-11|VJ1981/VJ903|A663|FSZ-HAN-BKK|15:45,2026-08-11,VJ1981/VJ903,A663,A320,FSZ-HAN-BKK,14:00,15:45,14:00,15:45,13:40,15:44,15:45,15:53,01:45,02:05,ONTIME,ONTIME,ONTIME,ONTIME,,,,,,,,,HAN,FSZ,BKK,International,VJ,,
2026-08-11|VJ464/VJ567|A658|VCA-HAN-HUI|15:55,2026-08-11,VJ464/VJ567,A658,A320,VCA-HAN-HUI,15:10,15:55,15:10,16:15,15:40,16:07,16:08,16:25,01:05,00:28,EARLY,ONTIME,DELAY,DELAY,,,,,,,,,HAN,VCA,HUI,Domestic,VJ,,
2026-08-11|VJ494/VJ773|A539|BMV-HAN-CXR|16:00,2026-08-11,VJ494/VJ773,A539,A321,BMV-HAN-CXR,14:30,16:00,14:30,16:00,14:35,15:51,15:52,15:55,01:30,01:17,EARLY,ONTIME,ONTIME,ONTIME,,,,,,,,,HAN,BMV,CXR,Domestic,VJ,,
2026-08-11|VJ961/VJ913|A648|ICN-HAN-SAI|16:20,2026-08-11,VJ961/VJ913,A648,A321,ICN-HAN-SAI,13:35,16:20,13:35,16:20,13:20,15:09,15:10,16:20,02:45,01:50,EARLY,ONTIME,ONTIME,ONTIME,,,,,,,,,HAN,ICN,SAI,International,VJ,,
2026-08-11|VJ140/VJ151|A543|SGN-HAN-SGN|16:50,2026-08-11,VJ140/VJ151,A543,A321,SGN-HAN-SGN,16:20,16:50,16:20,16:50,16:37,17:06,17:07,17:17,00:30,00:30,DELAY,DELAY,DELAY,DELAY,,93,00:17,,,,,,HAN,SGN,SGN,Domestic,VJ,,
2026-08-11|VJ5068/VJ5068|A526|CXR-HAN-NOZ|16:55,2026-08-11,VJ5068/VJ5068,A526,A321,CXR-HAN-NOZ,16:20,16:55,16:20,17:25,17:00,17:29,17:30,17:43,01:05,00:30,DELAY,ONTIME,DELAY,DELAY,,93,00:05,,,,,,HAN,CXR,NOZ,International,VJ,,
2026-08-11|VJ902/VJ465|A630|BKK-HAN-VCA|17:00,2026-08-11,VJ902/VJ465,A630,A321,BKK-HAN-VCA,15:50,17:00,15:50,17:00,16:10,16:54,16:55,17:00,01:10,00:45,EARLY,ONTIME,ONTIME,DELAY,,,,,,,,,HAN,BKK,VCA,Domestic,VJ,,
2026-08-11|VJ566/VJ437|A669|HUI-HAN-UIH|17:05,2026-08-11,VJ566/VJ437,A669,A320,HUI-HAN-UIH,13:30,17:05,13:30,17:05,13:55,17:04,17:05,17:08,03:35,03:10,ONTIME,ONTIME,ONTIME,DELAY,,,,,,,,,HAN,HUI,UIH,Domestic,VJ,,
2026-08-11|VJ530/VJ457|A642|DAD-HAN-PQC|17:10,2026-08-11,VJ530/VJ457,A642,A321,DAD-HAN-PQC,16:15,17:10,16:15,17:10,16:45,17:09,17:10,17:20,00:55,00:25,ONTIME,ONTIME,ONTIME,DELAY,,,,,,,,,HAN,DAD,PQC,Domestic,VJ,,
2026-08-11|VJ508/VJ495|A551|DAD-HAN-BMV|17:30,2026-08-11,VJ508/VJ495,A551,A321,DAD-HAN-BMV,15:25,17:30,15:25,17:30,15:35,17:29,17:30,17:37,02:05,01:55,ONTIME,ONTIME,ONTIME,ONTIME,,,,,,,,,HAN,DAD,BMV,Domestic,VJ,,
2026-08-11|VJ454/VJ1431|A666|PQC-HAN-UIH|17:40,2026-08-11,VJ454/VJ1431,A666,A320,PQC-HAN-UIH,16:45,17:40,16:45,17:40,16:40,17:36,17:37,17:41,00:55,00:57,EARLY,ONTIME,ONTIME,ONTIME,,,,,,,,,HAN,PQC,UIH,Domestic,VJ,,
2026-08-11|VJ774/VJ517|A629|CXR-HAN-DAD|17:45,2026-08-11,VJ774/VJ517,A629,A321,CXR-HAN-DAD,17:15,17:45,17:15,17:45,17:35,18:04,18:05,18:10,00:30,00:30,DELAY,DELAY,DELAY,DELAY,,93,00:20,,,,,,HAN,CXR,DAD,Domestic,VJ,,
2026-08-11|VJ456/VJ781|A632|PQC-HAN-CXR|18:15,2026-08-11,VJ456/VJ781,A632,A321,PQC-HAN-CXR,17:45,18:15,17:45,18:15,17:55,18:19,18:20,18:24,00:30,00:25,DELAY,ONTIME,ONTIME,ONTIME,,93,00:05,,,,,,HAN,PQC,CXR,Domestic,VJ,,
2026-08-11|VJ512/VJ521|A651|DAD-HAN-DAD|18:45,2026-08-11,VJ512/VJ521,A651,A321,DAD-HAN-DAD,18:15,18:45,18:15,20:05,20:10,20:39,20:40,20:47,01:50,00:30,DELAY,DELAY,DELAY,DELAY,,93,00:35,,,,,,HAN,DAD,DAD,Domestic,VJ,,
2026-08-11|VJ434/VJ155|A661|UIH-HAN-SGN|19:10,2026-08-11,VJ434/VJ155,A661,A321,UIH-HAN-SGN,17:10,19:10,17:10,19:10,17:05,20:33,20:34,20:35,02:00,03:29,DELAY,DELAY,DELAY,ONTIME,,88,01:24,,,,,SGN AIRPORT CLSD TIL 1916L,HAN,UIH,SGN,Domestic,VJ,,
2026-08-11|VJ568/VJ561|A658|HUI-HAN-HUI|19:15,2026-08-11,VJ568/VJ561,A658,A320,HUI-HAN-HUI,18:55,19:15,18:55,19:55,19:20,19:48,19:50,20:02,01:00,00:30,EARLY,ONTIME,DELAY,DELAY,,,,,,,,,HAN,HUI,HUI,Domestic,VJ,,
2026-08-11|VJ144/VJ519|A657|SGN-HAN-DAD|19:25,2026-08-11,VJ144/VJ519,A657,A321,SGN-HAN-DAD,18:05,19:25,18:05,19:25,18:05,19:20,19:21,19:29,01:20,01:16,EARLY,ONTIME,ONTIME,ONTIME,,,,,,,,,HAN,SGN,DAD,Domestic,VJ,,
2026-08-11|VJ928/VJ971|A552|CGK-HAN-DEL|19:40,2026-08-11,VJ928/VJ971,A552,A321,CGK-HAN-DEL,18:15,19:40,18:15,19:40,18:35,19:34,19:35,19:37,19:37,01:00,EARLY,ONTIME,ONTIME,DELAY,,,,,,,,,HAN,CGK,DEL,International,VJ,,
2026-08-11|VJ424/VJ523|A542|PXU-HAN-DAD|19:40,2026-08-11,VJ424/VJ523,A542,A321,PXU-HAN-DAD,18:45,19:40,18:45,19:40,18:35,19:31,19:32,19:35,00:55,00:57,EARLY,ONTIME,ONTIME,ONTIME,,,,,,,,,HAN,PXU,DAD,Domestic,VJ,,
2026-08-11|VJ916/VJ1925|A500|SIN-HAN-AMD|19:45,2026-08-11,VJ916/VJ1925,A500,A321,SIN-HAN-AMD,17:25,19:45,17:25,19:45,17:20,19:44,19:45,19:52,02:20,02:25,ONTIME,ONTIME,ONTIME,ONTIME,,,,,,,,,HAN,SIN,AMD,International,VJ,,
2026-08-11|VJ148/VJ157|A650|SGN-HAN-SGN|19:55,2026-08-11,VJ148/VJ157,A650,A320,SGN-HAN-SGN,18:25,19:55,18:25,19:55,19:35,19:59,20:00,21:20,01:30,00:25,DELAY,ONTIME,DELAY,DELAY,,93,00:05,,,,,LATE PB DUE TO ATC,HAN,SGN,SGN,Domestic,VJ,,
2026-08-11|VJ438/VJ1785|A685|UIH-HAN-CXR|19:55,2026-08-11,VJ438/VJ1785,A685,A321,UIH-HAN-CXR,19:25,19:55,19:25,19:55,19:35,19:54,19:55,20:05,00:30,00:20,ONTIME,ONTIME,ONTIME,ONTIME,,,,,,,,,HAN,UIH,CXR,Domestic,VJ,,
2026-08-11|VJ953/VJ7712|A675|HIJ-HAN-PKX|20:00,2026-08-11,VJ953/VJ7712,A675,A320,HIJ-HAN-PKX,16:10,20:00,16:10,20:00,15:50,19:59,20:00,20:08,03:50,04:10,ONTIME,ONTIME,ONTIME,ONTIME,,,,,,,,,HAN,HIJ,PKX,International,VJ,,
2026-08-11|VJ152/VJ159|A699|SGN-HAN-SGN|20:10,2026-08-11,VJ152/VJ159,A699,A320,SGN-HAN-SGN,19:35,20:10,19:35,23:30,23:00,23:29,23:30,23:33,03:55,00:30,ONTIME,ONTIME,DELAY,DELAY,,,,,,,,,HAN,SGN,SGN,Domestic,VJ,,
2026-08-11|VJ468/VJ161|A656|VCA-HAN-SGN|20:55,2026-08-11,VJ468/VJ161,A656,A320,VCA-HAN-SGN,19:50,20:55,19:50,20:55,19:38,21:12,21:13,21:33,01:05,01:35,DELAY,DELAY,DELAY,ONTIME,,88,00:18,,,,,CTOT 2150L,HAN,VCA,SGN,Domestic,VJ,,
2026-08-11|VJ947/VJ7238|A575|KHH-HAN-PVG|21:15,2026-08-11,VJ947/VJ7238,A575,A321,KHH-HAN-PVG,20:35,21:15,20:35,21:15,20:00,21:02,21:03,21:12,00:40,01:03,EARLY,ONTIME,ONTIME,ONTIME,,,,,,,,,HAN,KHH,PVG,International,VJ,,
2026-08-11|VJ520/VJ527|A629|DAD-HAN-DAD|21:25,2026-08-11,VJ520/VJ527,A629,A321,DAD-HAN-DAD,20:55,21:25,20:55,21:25,21:25,21:53,21:54,21:55,00:30,00:29,DELAY,DELAY,DELAY,DELAY,,93,00:29,,,,,,HAN,DAD,DAD,Domestic,VJ,,
2026-08-11|VJ776/VJ163|A539|CXR-HAN-SGN|21:40,2026-08-11,VJ776/VJ163,A539,A321,CXR-HAN-SGN,20:10,21:40,20:10,21:40,20:40,23:53,23:55,00:05,01:30,03:15,DELAY,DELAY,DELAY,DELAY,,95,02:15,,,,,WAIT FOR CREW FROM VJ154 OB 2322L,HAN,CXR,SGN,Domestic,VJ,,
2026-08-11|VJ496/VJ7526|A551|BMV-HAN-CAN|22:30,2026-08-11,VJ496/VJ7526,A551,A321,BMV-HAN-CAN,21:30,22:30,21:30,23:00,21:55,22:57,22:58,22:59,01:30,01:03,EARLY,ONTIME,DELAY,DELAY,,,,,,,,,HAN,BMV,CAN,International,VJ,,
2026-08-11|VJ458/VJ529|A642|PQC-HAN-DAD|22:35,2026-08-11,VJ458/VJ529,A642,A321,PQC-HAN-DAD,21:55,22:35,21:55,22:35,22:00,22:29,22:30,22:33,00:40,00:30,EARLY,ONTIME,ONTIME,ONTIME,,,,,,,,,HAN,PQC,DAD,Domestic,VJ,,
2026-08-11|VJ914/VJ962|A648|SAI-HAN-ICN|23:15,2026-08-11,VJ914/VJ962,A648,A321,SAI-HAN-ICN,20:50,23:15,20:50,23:15,20:22,23:14,23:15,23:16,02:25,02:53,ONTIME,ONTIME,ONTIME,ONTIME,,,,,,,,,HAN,SAI,ICN,International,VJ,,
2026-08-11|VJ522/VJ169|A657|DAD-HAN-SGN|23:25,2026-08-11,VJ522/VJ169,A657,A321,DAD-HAN-SGN,22:35,23:25,22:35,23:25,22:30,23:11,23:12,23:14,00:50,00:42,EARLY,ONTIME,ONTIME,ONTIME,,,,,,,,,HAN,DAD,SGN,Domestic,VJ,,
2026-08-11|VJ160/VJ167|A647|SGN-HAN-SGN|23:25,2026-08-11,VJ160/VJ167,A647,A321,SGN-HAN-SGN,22:40,23:25,22:40,02:10,02:06,02:29,02:30,02:33,03:30,00:24,DELAY,DELAY,DELAY,ONTIME,,93,00:20,,,,,,HAN,SGN,SGN,Domestic,VJ,,
2026-08-12|VJ932|A203|HAN-NRT|00:30,2026-08-12,VJ932,A203,A321,HAN-NRT,,00:30,,00:30,,00:19,00:20,00:23,,,EARLY,ONTIME,ONTIME,,,,,,,,,,HAN,,NRT,International,VJ,,
2026-08-12|VJ982|A535|HAN-PUS|01:05,2026-08-12,VJ982,A535,A321,HAN-PUS,,01:05,,01:05,,01:03,01:05,01:06,,,ONTIME,ONTIME,ONTIME,,,,,,,,,,HAN,,PUS,International,VJ,,
2026-08-12|VJ7706|A554|HAN-KHV|01:05,2026-08-12,VJ7706,A554,A321,HAN-KHV,,01:05,,01:05,,01:04,01:05,01:15,,,ONTIME,ONTIME,ONTIME,,,,,,,,,,HAN,,KHV,International,VJ,,
2026-08-12|VJ938|A522|HAN-KIX|01:20,2026-08-12,VJ938,A522,A321,HAN-KIX,,01:20,,01:20,,01:12,01:13,01:17,,,EARLY,ONTIME,ONTIME,,,,,,,,,,HAN,,KIX,International,VJ,,
2026-08-12|VJ960|A630|HAN-ICN|01:40,2026-08-12,VJ960,A630,A321,HAN-ICN,,01:40,,01:40,,01:39,01:40,01:43,,,ONTIME,ONTIME,ONTIME,,,,,,,,,,HAN,,ICN,International,VJ,,
2026-08-12|VJ920|A674|HAN-NGO|01:40,2026-08-12,VJ920,A674,A321,HAN-NGO,,01:40,,01:40,,01:34,01:35,01:37,,,EARLY,ONTIME,ONTIME,,,,,,,,,,HAN,,NGO,International,VJ,,
2026-08-12|VJ445|A651|HAN-PQC|05:30,2026-08-12,VJ445,A651,A321,HAN-PQC,,05:30,,05:30,,05:24,05:25,05:35,,,EARLY,ONTIME,ONTIME,,,,,,,,,,HAN,,PQC,Domestic,VJ,,
2026-08-12|VJ123|A683|HAN-SGN|05:30,2026-08-12,VJ123,A683,A321,HAN-SGN,,05:30,,05:30,,05:34,05:35,05:37,,,DELAY,ONTIME,ONTIME,,,15A,00:05,,,,,OFLD 2PAX OB,HAN,,SGN,Domestic,VJ,,
2026-08-12|VJ501|A551|HAN-DAD|05:40,2026-08-12,VJ501,A551,A321,HAN-DAD,,05:40,,05:40,,05:34,05:35,05:45,,,EARLY,ONTIME,ONTIME,,,,,,,,,,HAN,,DAD,Domestic,VJ,,
2026-08-12|VJ771|A666|HAN-CXR|05:45,2026-08-12,VJ771,A666,A320,HAN-CXR,,05:45,,05:45,,05:39,05:40,05:50,,,EARLY,ONTIME,ONTIME,,,,,,,,,,HAN,,CXR,Domestic,VJ,,
2026-08-12|VJ491|A634|HAN-BMV|06:00,2026-08-12,VJ491,A634,A321,HAN-BMV,,06:00,,06:00,,05:54,05:55,06:10,,,EARLY,ONTIME,ONTIME,,,,,,,,,,HAN,,BMV,Domestic,VJ,,
2026-08-12|VJ121|A675|HAN-SGN|06:00,2026-08-12,VJ121,A675,A320,HAN-SGN,,06:00,,06:00,,05:54,05:55,06:15,,,EARLY,ONTIME,ONTIME,,,,,,,,,,HAN,,SGN,Domestic,VJ,,
2026-08-12|VJ461|A663|HAN-VCA|06:45,2026-08-12,VJ461,A663,A320,HAN-VCA,,06:45,,06:45,,06:39,06:40,06:46,,,EARLY,ONTIME,ONTIME,,,,,,,,,,HAN,,VCA,Domestic,VJ,,
2026-08-12|VJ5069/VJ5069|A526|NOZ-HAN-CXR|06:45,2026-08-12,VJ5069/VJ5069,A526,A321,NOZ-HAN-CXR,06:15,06:45,06:30,06:45,06:25,06:39,06:40,06:43,00:15,00:15,EARLY,ONTIME,ONTIME,ONTIME,,,,,,,,,HAN,NOZ,CXR,Domestic,VJ,,
2026-08-12|VJ125|A669|HAN-SGN|07:00,2026-08-12,VJ125,A669,A320,HAN-SGN,,07:00,,07:00,,06:49,06:50,06:52,,,EARLY,ONTIME,ONTIME,,,,,,,,,,HAN,,SGN,Domestic,VJ,,
2026-08-12|VJ1771|A632|HAN-CXR|07:00,2026-08-12,VJ1771,A632,A321,HAN-CXR,,07:00,,07:00,,06:54,06:55,07:02,,,EARLY,ONTIME,ONTIME,,,,,,,,,,HAN,,CXR,Domestic,VJ,,
2026-08-12|VJ421|A672|HAN-PXU|07:10,2026-08-12,VJ421,A672,A320,HAN-PXU,,07:10,,07:10,,07:02,07:03,07:13,,,EARLY,ONTIME,ONTIME,,,,,,,,,,HAN,,PXU,Domestic,VJ,,
2026-08-12|VJ905|A500|HAN-KUL|07:25,2026-08-12,VJ905,A500,A321,HAN-KUL,,07:25,,07:25,,07:19,07:20,07:27,,,EARLY,ONTIME,ONTIME,,,,,,,,,,HAN,,KUL,International,VJ,,
2026-08-12|VJ502/VJ503|A642|DAD-HAN-DAD|07:30,2026-08-12,VJ502/VJ503,A642,A321,DAD-HAN-DAD,07:00,07:30,07:00,07:30,06:55,07:29,07:30,07:33,00:30,00:35,ONTIME,ONTIME,ONTIME,ONTIME,,,,,,,,,HAN,DAD,DAD,Domestic,VJ,,
2026-08-12|VJ934|A537|HAN-NRT|07:55,2026-08-12,VJ934,A537,A321,HAN-NRT,,07:55,,07:55,,07:46,07:47,07:51,,,EARLY,ONTIME,ONTIME,,,,,,,,,,HAN,,NRT,International,VJ,,
2026-08-12|VJ930|A575|HAN-KIX|07:55,2026-08-12,VJ930,A575,A321,HAN-KIX,,07:55,,07:55,,07:49,07:50,07:54,,,EARLY,ONTIME,ONTIME,,,,,,,,,,HAN,,KIX,International,VJ,,
2026-08-12|VJ120/VJ127|A649|SGN-HAN-SGN|08:10,2026-08-12,VJ120/VJ127,A649,A321,SGN-HAN-SGN,07:10,08:10,07:10,08:10,07:12,08:06,08:07,08:14,01:00,00:55,EARLY,ONTIME,ONTIME,ONTIME,,,,,,,,,HAN,SGN,SGN,Domestic,VJ,,
2026-08-12|VJ929|A536|HAN-CGK|08:40,2026-08-12,VJ929,A536,A321,HAN-CGK,,08:40,,08:40,,08:33,08:35,08:39,,,EARLY,ONTIME,ONTIME,,,,,,,,,,HAN,,CGK,International,VJ,,
2026-08-12|VJ124/VJ129|A699|SGN-HAN-SGN|08:45,2026-08-12,VJ124/VJ129,A699,A320,SGN-HAN-SGN,08:15,08:45,08:15,08:45,08:30,08:54,08:55,09:00,00:30,00:25,DELAY,ONTIME,ONTIME,ONTIME,,93,00:10,,,,,,HAN,SGN,SGN,Domestic,VJ,,
2026-08-12|VJ447|A542|HAN-PQC|08:45,2026-08-12,VJ447,A542,A321,HAN-PQC,,08:45,,08:45,,08:31,08:32,08:40,,,EARLY,ONTIME,ONTIME,,,,,,,,,,HAN,,PQC,Domestic,VJ,,
2026-08-12|VJ504/VJ505|A644|DAD-HAN-DAD|09:05,2026-08-12,VJ504/VJ505,A644,A321,DAD-HAN-DAD,08:20,09:05,08:20,09:05,08:30,09:04,09:05,09:10,00:45,00:35,ONTIME,ONTIME,ONTIME,ONTIME,,,,,,,,,HAN,DAD,DAD,Domestic,VJ,,
2026-08-12|VJ514/VJ563|A551|DAD-HAN-HUI|09:20,2026-08-12,VJ514/VJ563,A551,A321,DAD-HAN-HUI,08:50,09:20,08:50,09:20,09:10,09:33,09:34,09:35,00:30,00:24,DELAY,ONTIME,ONTIME,DELAY,,93,00:14,,,,,,HAN,DAD,HUI,Domestic,VJ,,
2026-08-12|VJ972/VJ1773|A552|DEL-HAN-CXR|10:00,2026-08-12,VJ972/VJ1773,A552,A321,DEL-HAN-CXR,05:40,10:00,05:40,10:00,05:50,09:49,09:50,09:53,04:20,04:00,EARLY,ONTIME,ONTIME,ONTIME,,,,,,,,,HAN,DEL,CXR,Domestic,VJ,,
2026-08-12|VJ963/VJ915|A648|ICN-HAN-SIN|10:05,2026-08-12,VJ963/VJ915,A648,A321,ICN-HAN-SIN,08:55,10:05,08:55,10:05,08:25,09:57,09:58,10:10,01:10,01:33,EARLY,ONTIME,ONTIME,ONTIME,,,,,,,,,HAN,ICN,SIN,International,VJ,,
2026-08-12|VJ126/VJ131|A643|SGN-HAN-SGN|10:10,2026-08-12,VJ126/VJ131,A643,A321,SGN-HAN-SGN,09:40,10:10,09:40,10:10,09:55,10:24,10:25,10:34,00:30,00:30,DELAY,ONTIME,DELAY,ONTIME,,93,00:15,,,,,,HAN,SGN,SGN,Domestic,VJ,,
2026-08-12|VJ463|A658|HAN-VCA|10:20,2026-08-12,VJ463,A658,A320,HAN-VCA,,10:20,,10:20,,10:14,10:15,10:17,,,EARLY,ONTIME,ONTIME,,,,,,,,,,HAN,,VCA,Domestic,VJ,,
2026-08-12|VJ492/VJ493|A634|BMV-HAN-BMV|10:30,2026-08-12,VJ492/VJ493,A634,A321,BMV-HAN-BMV,10:00,10:30,10:00,10:30,10:15,10:44,10:45,10:52,00:30,00:30,DELAY,ONTIME,DELAY,ONTIME,,93,00:15,,,,,,HAN,BMV,BMV,Domestic,VJ,,
2026-08-12|VJ448/VJ901|A651|PQC-HAN-BKK|11:10,2026-08-12,VJ448/VJ901,A651,A321,PQC-HAN-BKK,10:15,11:10,10:15,11:10,10:28,11:09,11:10,11:19,00:55,00:42,ONTIME,ONTIME,ONTIME,ONTIME,,,,,,,,,HAN,PQC,BKK,International,VJ,,
2026-08-12|VJ524/VJ507|A642|DAD-HAN-DAD|11:10,2026-08-12,VJ524/VJ507,A642,A321,DAD-HAN-DAD,10:40,11:10,10:40,11:10,11:10,11:38,11:39,11:40,00:30,00:29,DELAY,DELAY,DELAY,DELAY,,93,00:29,,,,,,HAN,DAD,DAD,Domestic,VJ,,
2026-08-12|VJ130/VJ133|A683|SGN-HAN-SGN|11:20,2026-08-12,VJ130/VJ133,A683,A321,SGN-HAN-SGN,10:50,11:20,10:50,11:20,11:10,11:39,11:40,11:50,00:30,00:30,DELAY,DELAY,DELAY,DELAY,,93,00:20,,,,,,HAN,SGN,SGN,Domestic,VJ,,
2026-08-12|VJ565|A549|HAN-HUI|11:30,2026-08-12,VJ565,A549,A321,HAN-HUI,,11:30,,11:30,,11:29,11:30,11:35,,,ONTIME,ONTIME,ONTIME,,,,,,,,,,HAN,,HUI,Domestic,VJ,,
2026-08-12|VJ422/VJ451|A672|PXU-HAN-PQC|11:45,2026-08-12,VJ422/VJ451,A672,A320,PXU-HAN-PQC,10:50,11:45,10:50,11:45,11:05,11:37,11:38,11:40,00:55,00:33,EARLY,ONTIME,ONTIME,ONTIME,,,,,,,,,HAN,PXU,PQC,Domestic,VJ,,
2026-08-12|VJ775|A650|HAN-CXR|11:45,2026-08-12,VJ775,A650,A320,HAN-CXR,,11:45,,11:45,,11:39,11:40,11:44,,,EARLY,ONTIME,ONTIME,,,,,,,,,,HAN,,CXR,Domestic,VJ,,
2026-08-12|VJ462/VJ515|A663|VCA-HAN-DAD|12:10,2026-08-12,VJ462/VJ515,A663,A320,VCA-HAN-DAD,11:40,12:10,11:40,12:10,11:40,12:04,12:05,12:10,00:30,00:25,EARLY,ONTIME,ONTIME,ONTIME,,,,,,,,,HAN,VCA,DAD,Domestic,VJ,,
2026-08-12|VJ128/VJ137|A669|SGN-HAN-SGN|12:20,2026-08-12,VJ128/VJ137,A669,A320,SGN-HAN-SGN,11:50,12:20,11:50,12:20,12:30,13:04,13:05,13:10,00:30,00:35,DELAY,DELAY,DELAY,DELAY,,93,00:35,66,00:10,,,CREW OB 1240,HAN,SGN,SGN,Domestic,VJ,,
2026-08-12|VJ1772/VJ453|A632|CXR-HAN-PQC|13:00,2026-08-12,VJ1772/VJ453,A632,A321,CXR-HAN-PQC,11:15,13:00,11:15,13:00,11:40,12:57,12:58,13:00,01:45,01:18,EARLY,ONTIME,ONTIME,DELAY,,,,,,,,,HAN,CXR,PQC,Domestic,VJ,,
2026-08-12|VJ564/VJ509|A551|HUI-HAN-DAD|13:05,2026-08-12,VJ564/VJ509,A551,A321,HUI-HAN-DAD,12:20,13:05,12:20,13:05,12:40,13:14,13:15,13:17,00:45,00:35,DELAY,ONTIME,ONTIME,DELAY,,93,00:05,66,00:05,,,CREW OB 1259,HAN,HUI,DAD,Domestic,VJ,,
2026-08-12|VJ981/VJ787|A535|PUS-HAN-CXR|13:10,2026-08-12,VJ981/VJ787,A535,A321,PUS-HAN-CXR,10:40,13:10,10:40,13:10,10:05,13:09,13:10,13:15,02:30,03:05,ONTIME,ONTIME,ONTIME,ONTIME,,,,,,,,,HAN,PUS,CXR,Domestic,VJ,,
2026-08-12|VJ939/VJ433|A522|KIX-HAN-UIH|13:20,2026-08-12,VJ939/VJ433,A522,A321,KIX-HAN-UIH,12:20,13:20,12:20,13:20,12:20,13:17,13:18,13:19,01:00,00:58,EARLY,ONTIME,ONTIME,ONTIME,,,,,,,,,HAN,KIX,UIH,Domestic,VJ,,
2026-08-12|VJ506/VJ948|A644|DAD-HAN-RMQ|13:30,2026-08-12,VJ506/VJ948,A644,A321,DAD-HAN-RMQ,12:15,13:30,12:15,13:30,12:55,13:29,13:30,13:40,01:15,00:35,ONTIME,ONTIME,ONTIME,DELAY,,,,,,,,,HAN,DAD,RMQ,International,VJ,,
2026-08-12|VJ134/VJ437|A676|SGN-HAN-UIH|14:00,2026-08-12,VJ134/VJ437,A676,A320,SGN-HAN-UIH,13:30,14:00,13:30,14:35,14:00,14:28,14:30,14:34,01:05,00:30,EARLY,ONTIME,DELAY,DELAY,,,,,,,,,HAN,SGN,UIH,Domestic,VJ,,
2026-08-12|VJ440/VJ143|A542|PQC-HAN-SGN|14:05,2026-08-12,VJ440/VJ143,A542,A321,PQC-HAN-SGN,13:30,14:05,13:30,14:05,13:50,14:29,14:30,14:35,00:35,00:40,DELAY,DELAY,DELAY,DELAY,,93,00:15,66,00:10,,,CREW OB 1403L,HAN,PQC,SGN,Domestic,VJ,,
2026-08-12|VJ933/VJ942|A203|NRT-HAN-TPE|14:25,2026-08-12,VJ933/VJ942,A203,A321,NRT-HAN-TPE,13:05,14:25,13:05,14:25,13:00,14:14,14:15,14:18,01:20,01:15,EARLY,ONTIME,ONTIME,ONTIME,,,,,,,,,HAN,NRT,TPE,International,VJ,,
2026-08-12|VJ1504/VJ1505|A544|DAD-HAN-DAD|14:35,2026-08-12,VJ1504/VJ1505,A544,A321,DAD-HAN-DAD,14:00,14:35,14:00,15:20,15:05,15:34,15:35,15:40,01:20,00:30,DELAY,ONTIME,DELAY,DELAY,,93,00:15,,,,,,HAN,DAD,DAD,Domestic,VJ,,
2026-08-12|VJ136/VJ145|A668|SGN-HAN-SGN|14:40,2026-08-12,VJ136/VJ145,A668,A320,SGN-HAN-SGN,14:10,14:40,14:10,15:25,15:20,15:44,15:45,15:55,01:15,00:25,DELAY,DELAY,DELAY,DELAY,,93,00:20,,,,,,HAN,SGN,SGN,Domestic,VJ,,
2026-08-12|VJ961/VJ946|A630|ICN-HAN-KHH|14:50,2026-08-12,VJ961/VJ946,A630,A321,ICN-HAN-KHH,13:35,14:50,13:35,14:50,13:45,14:39,14:40,14:48,01:15,00:55,EARLY,ONTIME,ONTIME,ONTIME,,,,,,,,,HAN,ICN,KHH,International,VJ,,
2026-08-12|VJ7707/VJ7707|A554|KHV-HAN-CXR|14:55,2026-08-12,VJ7707/VJ7707,A554,A321,KHV-HAN-CXR,14:25,14:55,14:25,14:55,14:25,14:54,14:55,15:05,00:30,00:30,ONTIME,ONTIME,ONTIME,ONTIME,,,,,,,,,HAN,KHV,CXR,Domestic,VJ,,
2026-08-12|VJ921/VJ439|A674|NGO-HAN-UIH|14:55,2026-08-12,VJ921/VJ439,A674,A321,NGO-HAN-UIH,12:50,14:55,12:50,14:55,12:30,14:48,14:50,14:52,02:05,02:20,EARLY,ONTIME,ONTIME,ONTIME,,,,,,,,,HAN,NGO,UIH,Domestic,VJ,,
2026-08-12|VJ510/VJ511|A539|DAD-HAN-DAD|15:05,2026-08-12,VJ510/VJ511,A539,A321,DAD-HAN-DAD,14:35,15:05,14:35,15:30,15:12,15:41,15:42,15:50,00:55,00:30,DELAY,ONTIME,DELAY,DELAY,,93,00:12,,,,,,HAN,DAD,DAD,Domestic,VJ,,
2026-08-12|VJ566/VJ423|A549|HUI-HAN-PXU|15:05,2026-08-12,VJ566/VJ423,A549,A321,HUI-HAN-PXU,14:30,15:05,14:30,15:05,14:55,15:16,15:17,15:20,00:35,00:22,DELAY,ONTIME,ONTIME,DELAY,,93,00:12,,,,,,HAN,HUI,PXU,Domestic,VJ,,
2026-08-12|VJ494/VJ419|A634|BMV-HAN-TBB|15:10,2026-08-12,VJ494/VJ419,A634,A321,BMV-HAN-TBB,14:30,15:10,14:30,15:10,14:55,15:24,15:25,15:40,00:40,00:30,DELAY,ONTIME,DELAY,DELAY,,93,00:15,,,,,,HAN,BMV,TBB,Domestic,VJ,,
2026-08-12|VJ138/VJ147|A667|SGN-HAN-SGN|15:45,2026-08-12,VJ138/VJ147,A667,A321,SGN-HAN-SGN,15:15,15:45,15:15,16:55,16:55,17:24,17:25,17:33,01:40,00:30,DELAY,DELAY,DELAY,DELAY,,93,00:30,,,,,,HAN,SGN,SGN,Domestic,VJ,,
2026-08-12|VJ906/VJ903|A500|KUL-HAN-BKK|15:45,2026-08-12,VJ906/VJ903,A500,A321,KUL-HAN-BKK,14:40,15:45,14:40,15:45,15:05,15:44,15:45,16:00,01:05,00:40,ONTIME,ONTIME,ONTIME,DELAY,,,,,,,,,HAN,KUL,BKK,International,VJ,,
2026-08-12|VJ464/VJ567|A658|VCA-HAN-HUI|15:55,2026-08-12,VJ464/VJ567,A658,A320,VCA-HAN-HUI,15:10,15:55,15:10,15:55,15:25,15:53,15:54,16:10,00:45,00:29,EARLY,ONTIME,ONTIME,ONTIME,,,,,,,,,HAN,VCA,HUI,Domestic,VJ,,
2026-08-12|VJ1774/VJ773|A698|CXR-HAN-CXR|16:00,2026-08-12,VJ1774/VJ773,A698,A321,CXR-HAN-CXR,14:40,16:00,14:40,16:00,15:05,15:54,15:55,16:02,01:20,00:50,EARLY,ONTIME,ONTIME,DELAY,,,,,,,,,HAN,CXR,CXR,Domestic,VJ,,
2026-08-12|VJ508/VJ913|A663|DAD-HAN-SAI|16:20,2026-08-12,VJ508/VJ913,A663,A320,DAD-HAN-SAI,15:25,16:20,15:25,16:20,16:00,16:39,16:40,16:45,00:55,00:40,DELAY,DELAY,DELAY,DELAY,,93,00:10,66,00:10,,,CREW OB 1617,HAN,DAD,SAI,International,VJ,,
2026-08-12|VJ142/VJ193|A643|SGN-HAN-SGN|16:30,2026-08-12,VJ142/VJ193,A643,A321,SGN-HAN-SGN,15:30,16:30,15:30,16:30,16:40,17:09,17:10,17:20,01:00,00:30,DELAY,DELAY,DELAY,DELAY,,93,00:40,,,,,,HAN,SGN,SGN,Domestic,VJ,,
2026-08-12|VJ772/VJ513|A650|CXR-HAN-DAD|16:35,2026-08-12,VJ772/VJ513,A650,A320,CXR-HAN-DAD,15:55,16:35,15:55,16:35,16:30,16:54,16:55,17:05,00:40,00:25,DELAY,DELAY,DELAY,DELAY,,93,00:20,,,,,,HAN,CXR,DAD,Domestic,VJ,,
2026-08-12|VJ140/VJ151|A683|SGN-HAN-SGN|16:50,2026-08-12,VJ140/VJ151,A683,A321,SGN-HAN-SGN,16:20,16:50,16:20,16:50,17:50,18:19,18:20,18:27,00:30,00:30,DELAY,DELAY,DELAY,DELAY,,93,01:30,,,,,,HAN,SGN,SGN,Domestic,VJ,,
2026-08-12|VJ452/VJ465|A550|PQC-HAN-VCA|17:00,2026-08-12,VJ452/VJ465,A550,A321,PQC-HAN-VCA,16:05,17:00,16:05,17:00,16:35,16:57,16:59,17:09,00:55,00:24,EARLY,ONTIME,ONTIME,DELAY,,,,,,,,,HAN,PQC,VCA,Domestic,VJ,,
2026-08-12|VJ454/VJ495|A672|PQC-HAN-BMV|17:30,2026-08-12,VJ454/VJ495,A672,A320,PQC-HAN-BMV,16:45,17:30,16:45,17:30,17:15,17:44,17:45,17:55,00:45,00:30,DELAY,ONTIME,DELAY,DELAY,,93,00:10,66,00:05,,,CREW OB 1720,HAN,PQC,BMV,Domestic,VJ,,
2026-08-12|VJ141|A655|HAN-SGN|17:35,2026-08-12,VJ141,A655,A320,HAN-SGN,,17:35,,17:35,,17:34,17:35,17:50,,,ONTIME,ONTIME,ONTIME,,,,,,,,,,HAN,,SGN,Domestic,VJ,,
2026-08-12|VJ774/VJ517|A535|CXR-HAN-DAD|17:45,2026-08-12,VJ774/VJ517,A535,A321,CXR-HAN-DAD,17:15,17:45,17:15,18:10,18:10,18:39,18:40,18:45,00:55,00:30,DELAY,DELAY,DELAY,DELAY,,93,00:30,,,,,,HAN,CXR,DAD,Domestic,VJ,,
2026-08-12|VJ456/VJ781|A632|PQC-HAN-CXR|18:15,2026-08-12,VJ456/VJ781,A632,A321,PQC-HAN-CXR,17:45,18:15,17:45,18:15,18:30,18:54,18:55,19:05,00:30,00:25,DELAY,DELAY,DELAY,DELAY,,93,00:40,,,,,,HAN,PQC,CXR,Domestic,VJ,,
2026-08-12|VJ512/VJ521|A539|DAD-HAN-DAD|18:45,2026-08-12,VJ512/VJ521,A539,A321,DAD-HAN-DAD,18:15,18:45,18:15,19:50,19:40,20:14,20:15,20:25,01:35,00:35,DELAY,DELAY,DELAY,DELAY,,93,00:20,15,00:05,,,,HAN,DAD,DAD,Domestic,VJ,,
2026-08-12|VJ148/VJ155|A675|SGN-HAN-SGN|18:55,2026-08-12,VJ148/VJ155,A675,A320,SGN-HAN-SGN,18:25,18:55,18:25,19:45,19:20,19:44,19:45,19:57,01:20,00:25,ONTIME,ONTIME,DELAY,DELAY,,,,,,,,,HAN,SGN,SGN,Domestic,VJ,,
2026-08-12|VJ7658/VJ7658|A516|DAD-HAN-BQS|19:10,2026-08-12,VJ7658/VJ7658,A516,A321,DAD-HAN-BQS,18:35,19:10,18:35,19:10,19:15,19:44,19:45,20:00,00:35,00:30,DELAY,DELAY,DELAY,DELAY,,93,00:35,,,,,,HAN,DAD,BQS,International,VJ,,
2026-08-12|VJ144/VJ561|A639|SGN-HAN-HUI|19:15,2026-08-12,VJ144/VJ561,A639,A321,SGN-HAN-HUI,18:05,19:15,18:05,19:15,18:30,19:14,19:15,19:20,01:10,00:45,ONTIME,ONTIME,ONTIME,DELAY,,,,,,,,,HAN,SGN,HUI,Domestic,VJ,,
2026-08-12|VJ530/VJ519|A551|DAD-HAN-DAD|19:25,2026-08-12,VJ530/VJ519,A551,A321,DAD-HAN-DAD,16:15,19:25,16:15,19:25,17:10,20:34,20:35,20:45,03:10,03:25,DELAY,DELAY,DELAY,DELAY,,95,01:10,,,,,CREW 7658 OB 2010L,HAN,DAD,DAD,Domestic,VJ,,
2026-08-12|VJ434/VJ523|A522|UIH-HAN-DAD|19:40,2026-08-12,VJ434/VJ523,A522,A321,UIH-HAN-DAD,17:40,19:40,17:40,19:40,17:45,19:39,19:40,19:43,02:00,01:55,ONTIME,ONTIME,ONTIME,ONTIME,,,,,,,,,HAN,UIH,DAD,Domestic,VJ,,
2026-08-12|VJ568/VJ7712|A658|HUI-HAN-PKX|19:55,2026-08-12,VJ568/VJ7712,A658,A320,HUI-HAN-PKX,18:55,19:55,18:55,19:55,19:30,20:07,20:08,20:24,01:00,00:38,DELAY,ONTIME,DELAY,DELAY,,66,00:13,,,,,CREW OB 1946L/ LATE TAKEOFF DUE TO ATC,HAN,HUI,PKX,International,VJ,,
2026-08-12|VJ928/VJ907|A536|CGK-HAN-BOM|20:05,2026-08-12,VJ928/VJ907,A536,A321,CGK-HAN-BOM,18:15,20:05,18:15,20:05,18:45,19:59,20:00,20:20,01:50,01:15,EARLY,ONTIME,ONTIME,DELAY,,,,,,,,LATE PUSHBACK TAKEOFF DUE TO ATC,HAN,CGK,BOM,International,VJ,,
2026-08-12|VJ931/VJ455|A575|KIX-HAN-PQC|20:05,2026-08-12,VJ931/VJ455,A575,A321,KIX-HAN-PQC,18:30,20:05,18:30,20:05,18:40,20:02,20:03,20:20,01:35,01:23,EARLY,ONTIME,ONTIME,ONTIME,,,,,,,,,HAN,KIX,PQC,Domestic,VJ,,
2026-08-12|VJ424/VJ1785|A549|PXU-HAN-CXR|20:05,2026-08-12,VJ424/VJ1785,A549,A321,PXU-HAN-CXR,18:45,20:05,18:45,20:35,19:30,20:48,20:50,20:52,01:50,01:20,DELAY,ONTIME,DELAY,DELAY,,95,00:15,,,,,CREW 420 OB 2023L,HAN,PXU,CXR,Domestic,VJ,,
2026-08-12|VJ420/VJ159|A634|TBB-HAN-SGN|20:10,2026-08-12,VJ420/VJ159,A634,A321,TBB-HAN-SGN,19:15,20:10,19:15,20:45,20:10,21:29,21:30,21:42,01:30,01:20,DELAY,DELAY,DELAY,DELAY,,95,00:45,,,,,CREW FR VJ152 OB 2109L,HAN,TBB,SGN,Domestic,VJ,,
2026-08-12|VJ516/VJ7238|A650|DAD-HAN-PVG|21:15,2026-08-12,VJ516/VJ7238,A650,A320,DAD-HAN-PVG,19:45,21:15,19:45,21:15,20:30,21:14,21:15,21:20,01:30,00:45,ONTIME,ONTIME,ONTIME,DELAY,,,,,,,,,HAN,DAD,PVG,International,VJ,,
2026-08-12|VJ154/VJ163|A668|SGN-HAN-SGN|21:25,2026-08-12,VJ154/VJ163,A668,A320,SGN-HAN-SGN,20:55,21:25,20:55,21:25,21:46,22:14,22:15,22:22,00:30,00:29,DELAY,DELAY,DELAY,DELAY,,93,00:46,15,00:04,,,,HAN,SGN,SGN,Domestic,VJ,,
2026-08-12|VJ520/VJ527|A642|DAD-HAN-DAD|21:25,2026-08-12,VJ520/VJ527,A642,A321,DAD-HAN-DAD,20:55,21:25,20:55,21:25,21:00,21:24,21:25,21:27,00:30,00:25,ONTIME,ONTIME,ONTIME,ONTIME,,,,,,,,,HAN,DAD,DAD,Domestic,VJ,,
2026-08-12|VJ902/VJ7526|A651|BKK-HAN-CAN|22:30,2026-08-12,VJ902/VJ7526,A651,A321,BKK-HAN-CAN,15:50,22:30,15:50,22:30,16:00,22:24,22:25,22:28,06:40,06:25,EARLY,ONTIME,ONTIME,ONTIME,,,,,,,,,HAN,BKK,CAN,International,VJ,,
2026-08-12|VJ518/VJ529|A535|DAD-HAN-DAD|22:35,2026-08-12,VJ518/VJ529,A535,A321,DAD-HAN-DAD,22:05,22:35,22:05,22:35,22:07,22:35,22:36,22:38,00:30,00:29,DELAY,ONTIME,ONTIME,ONTIME,,93,00:01,,,,,,HAN,DAD,DAD,Domestic,VJ,,
2026-08-12|VJ562/VJ167|A639|HUI-HAN-SGN|22:45,2026-08-12,VJ562/VJ167,A639,A321,HUI-HAN-SGN,22:15,22:45,22:15,22:45,22:25,22:54,22:55,22:59,00:30,00:30,DELAY,ONTIME,ONTIME,ONTIME,,93,00:10,,,,,,HAN,HUI,SGN,Domestic,VJ,,
2026-08-12|VJ146/VJ962|A542|SGN-HAN-ICN|23:15,2026-08-12,VJ146/VJ962,A542,A321,SGN-HAN-ICN,18:55,23:15,18:55,23:15,19:50,23:14,23:15,23:20,04:20,03:25,ONTIME,ONTIME,ONTIME,DELAY,,,,,,,,,HAN,SGN,ICN,International,VJ,,
2026-08-12|AI2390/AI2391|VT-EXJ|DEL-HAN-DEL|08:20,2026-08-12,AI2390/AI2391,VT-EXJ,A320,DEL-HAN-DEL,07:20,08:20,07:20,08:20,08:15,09:09,09:10,09:11,01:00,00:55,DELAY,DELAY,DELAY,DELAY,,93,00:50,,,,,,HAN,DEL,DEL,International,AI,,
2026-08-13|VJ7704/VJ7704|A554|CXR-HAN-VVO|00:20,2026-08-13,VJ7704/VJ7704,A554,A321,CXR-HAN-VVO,23:45,00:20,23:45,00:20,23:55,00:24,00:25,00:30,00:35,00:30,DELAY,ONTIME,ONTIME,ONTIME,,93,00:05,,,,,,HAN,CXR,VVO,International,VJ,,
2026-08-13|VJ932|A500|HAN-NRT|00:30,2026-08-13,VJ932,A500,A321,HAN-NRT,,00:30,,00:30,,00:16,00:17,00:20,,,EARLY,ONTIME,ONTIME,,,,,,,,,,HAN,,NRT,International,VJ,,
2026-08-13|VJ982|A644|HAN-PUS|01:05,2026-08-13,VJ982,A644,A321,HAN-PUS,,01:05,,01:05,,01:04,01:05,01:12,,,ONTIME,ONTIME,ONTIME,,,,,,,,,,HAN,,PUS,International,VJ,,
2026-08-13|VJ938|A674|HAN-KIX|01:20,2026-08-13,VJ938,A674,A321,HAN-KIX,,01:20,,01:20,,01:16,01:17,01:21,,,EARLY,ONTIME,ONTIME,,,,,,,,,,HAN,,KIX,International,VJ,,
2026-08-13|VJ960|A544|HAN-ICN|01:40,2026-08-13,VJ960,A544,A321,HAN-ICN,,01:40,,01:40,,01:39,01:40,01:42,,,ONTIME,ONTIME,ONTIME,,,,,,,,,,HAN,,ICN,International,VJ,,
2026-08-13|VJ920|A203|HAN-NGO|01:40,2026-08-13,VJ920,A203,A321,HAN-NGO,,01:40,,01:40,,01:47,01:48,01:50,,,DELAY,ONTIME,ONTIME,,,,,99,00:08,,,SUPPORT TRANSIT PAX,HAN,,NGO,International,VJ,,
2026-08-13|VJ958|A670|HAN-FUK|02:05,2026-08-13,VJ958,A670,A321,HAN-FUK,,02:05,,02:45,,03:04,03:05,03:12,,,DELAY,DELAY,DELAY,,,,,46,00:20,,,CHANGE AIRCRAFT,HAN,,FUK,International,VJ,,
2026-08-13|VJ1980|A672|HAN-FSZ|02:40,2026-08-13,VJ1980,A672,A320,HAN-FSZ,,02:40,,02:40,,02:29,02:30,02:32,,,EARLY,ONTIME,ONTIME,,,,,,,,,,HAN,,FSZ,International,VJ,,
2026-08-13|VJ123|A534|HAN-SGN|05:30,2026-08-13,VJ123,A534,A321,HAN-SGN,,05:30,,05:30,,05:24,05:25,05:33,,,EARLY,ONTIME,ONTIME,,,,,,,,,,HAN,,SGN,Domestic,VJ,,
2026-08-13|VJ445|A637|HAN-PQC|05:30,2026-08-13,VJ445,A637,A321,HAN-PQC,,05:30,,05:30,,05:31,05:32,05:34,,,DELAY,ONTIME,ONTIME,,,99,00:02,,,,,LATE ACC 35 PAX 4BAGS,HAN,,PQC,Domestic,VJ,,
2026-08-13|VJ501|A651|HAN-DAD|05:40,2026-08-13,VJ501,A651,A321,HAN-DAD,,05:40,,05:40,,05:39,05:40,05:43,,,ONTIME,ONTIME,ONTIME,,,,,,,,,,HAN,,DAD,Domestic,VJ,,
2026-08-13|VJ771|A522|HAN-CXR|05:45,2026-08-13,VJ771,A522,A321,HAN-CXR,,05:45,,05:45,,05:39,05:40,05:48,,,EARLY,ONTIME,ONTIME,,,,,,,,,,HAN,,CXR,Domestic,VJ,,
2026-08-13|VJ121|A632|HAN-SGN|06:00,2026-08-13,VJ121,A632,A321,HAN-SGN,,06:00,,06:00,,06:07,06:08,06:13,,,DELAY,ONTIME,ONTIME,,,46,00:08,,,,,CHANGE A/C,HAN,,SGN,Domestic,VJ,,
2026-08-13|VJ491|A550|HAN-BMV|06:00,2026-08-13,VJ491,A550,A321,HAN-BMV,,06:00,,06:00,,05:54,05:55,06:00,,,EARLY,ONTIME,ONTIME,,,,,,,,,,HAN,,BMV,Domestic,VJ,,
2026-08-13|VJ952|A666|HAN-HIJ|06:15,2026-08-13,VJ952,A666,A320,HAN-HIJ,,06:15,,06:15,,06:14,06:15,06:20,,,ONTIME,ONTIME,ONTIME,,,,,,,,,,HAN,,HIJ,International,VJ,,
2026-08-13|VJ461|A676|HAN-VCA|06:45,2026-08-13,VJ461,A676,A320,HAN-VCA,,06:45,,06:45,,06:39,06:40,06:50,,,EARLY,ONTIME,ONTIME,,,,,,,,,,HAN,,VCA,Domestic,VJ,,
2026-08-13|VJ125|A663|HAN-SGN|07:00,2026-08-13,VJ125,A663,A320,HAN-SGN,,07:00,,07:00,,06:54,06:55,07:05,,,EARLY,ONTIME,ONTIME,,,,,,,,,,HAN,,SGN,Domestic,VJ,,
2026-08-13|VJ1771|A699|HAN-CXR|07:00,2026-08-13,VJ1771,A699,A320,HAN-CXR,,07:00,,07:00,,06:54,06:55,06:57,,,EARLY,ONTIME,ONTIME,,,,,,,,,,HAN,,CXR,Domestic,VJ,,
2026-08-13|VJ421|A650|HAN-PXU|07:10,2026-08-13,VJ421,A650,A320,HAN-PXU,,07:10,,07:10,,07:01,07:02,07:14,,,EARLY,ONTIME,ONTIME,,,,,,,,,,HAN,,PXU,Domestic,VJ,,
2026-08-13|VJ120/VJ503|A649|SGN-HAN-DAD|07:40,2026-08-13,VJ120/VJ503,A649,A321,SGN-HAN-DAD,07:10,07:40,07:10,07:40,07:00,07:38,07:40,07:43,,00:40,ONTIME,ONTIME,ONTIME,ONTIME,,,,,,,,,HAN,SGN,DAD,Domestic,VJ,,
2026-08-13|VJ910/VJ934|A536|BOM-HAN-NRT|07:55,2026-08-13,VJ910/VJ934,A536,A321,BOM-HAN-NRT,07:10,07:55,07:10,07:55,07:15,07:59,08:00,08:03,00:45,00:45,DELAY,ONTIME,ONTIME,ONTIME,,66,00:05,,,,,CREW OB 0740,HAN,BOM,NRT,International,VJ,,
2026-08-13|VJ930|A551|HAN-KIX|07:55,2026-08-13,VJ930,A551,A321,HAN-KIX,,07:55,,07:55,,07:59,08:00,08:03,,,DELAY,ONTIME,ONTIME,,,99,00:05,,,,,LATE ACPT 07 PAX 10 PCS,HAN,,KIX,International,VJ,,
2026-08-13|VJ127|A549|HAN-SGN|08:10,2026-08-13,VJ127,A549,A321,HAN-SGN,,08:10,,08:10,,08:06,08:07,08:09,,,EARLY,ONTIME,ONTIME,,,,,,,,,,HAN,,SGN,Domestic,VJ,,
2026-08-13|VJ7659/VJ7659|A516|BQS-HAN-DAD|08:10,2026-08-13,VJ7659/VJ7659,A516,A321,BQS-HAN-DAD,07:40,08:10,07:40,08:10,07:50,08:09,08:10,08:15,00:30,00:20,ONTIME,ONTIME,ONTIME,ONTIME,,,,,,,,,HAN,BQS,DAD,Domestic,VJ,,
2026-08-13|VJ929|A630|HAN-CGK|08:40,2026-08-13,VJ929,A630,A321,HAN-CGK,,08:40,,08:40,,08:35,08:36,08:40,,,EARLY,ONTIME,ONTIME,,,,,,,,,,HAN,,CGK,International,VJ,,
2026-08-13|VJ447|A648|HAN-PQC|08:45,2026-08-13,VJ447,A648,A321,HAN-PQC,,08:45,,08:45,,08:37,08:39,08:50,,,EARLY,ONTIME,ONTIME,,,,,,,,,,HAN,,PQC,Domestic,VJ,,
2026-08-13|VJ514/VJ563|A651|DAD-HAN-HUI|09:25,2026-08-13,VJ514/VJ563,A651,A321,DAD-HAN-HUI,08:50,09:25,08:50,09:25,09:00,09:24,09:25,09:35,00:35,00:25,ONTIME,ONTIME,ONTIME,ONTIME,,,,,,,,,HAN,DAD,HUI,Domestic,VJ,,
2026-08-13|VJ504/VJ915|A693|DAD-HAN-SIN|09:35,2026-08-13,VJ504/VJ915,A693,A321,DAD-HAN-SIN,08:20,09:35,08:20,09:35,08:20,09:32,09:33,09:35,01:15,01:13,EARLY,ONTIME,ONTIME,ONTIME,,,,,,,,,HAN,DAD,SIN,International,VJ,,
2026-08-13|VJ963/VJ1773|A542|ICN-HAN-CXR|10:00,2026-08-13,VJ963/VJ1773,A542,A321,ICN-HAN-CXR,08:55,10:00,08:55,10:00,08:25,09:54,09:55,09:58,01:05,01:30,EARLY,ONTIME,ONTIME,ONTIME,,,,,,,,,HAN,ICN,CXR,Domestic,VJ,,
2026-08-13|VJ135|A658|HAN-SGN|10:10,2026-08-13,VJ135,A658,A320,HAN-SGN,,10:10,,10:10,,10:09,10:10,10:15,,,ONTIME,ONTIME,ONTIME,,,,,,,,,,HAN,,SGN,Domestic,VJ,,
2026-08-13|VJ126/VJ131|A653|SGN-HAN-SGN|10:15,2026-08-13,VJ126/VJ131,A653,A321,SGN-HAN-SGN,09:40,10:15,09:40,10:15,10:00,10:29,10:30,10:40,00:35,00:30,DELAY,ONTIME,DELAY,DELAY,,93,00:15,,,,,,HAN,SGN,SGN,Domestic,VJ,,
2026-08-13|VJ156/VJ463|A675|SGN-HAN-VCA|10:20,2026-08-13,VJ156/VJ463,A675,A320,SGN-HAN-VCA,09:00,10:20,09:00,10:20,09:00,10:18,10:19,10:29,01:20,01:19,EARLY,ONTIME,ONTIME,ONTIME,,,,,,,,,HAN,SGN,VCA,Domestic,VJ,,
2026-08-13|VJ122/VJ997|A646|SGN-HAN-DPS|10:25,2026-08-13,VJ122/VJ997,A646,A321,SGN-HAN-DPS,09:05,10:25,09:05,10:25,09:12,10:21,10:22,10:25,01:20,01:10,EARLY,ONTIME,ONTIME,ONTIME,,,,,,,,,HAN,SGN,DPS,International,VJ,,
2026-08-13|VJ770/VJ565|A522|CXR-HAN-HUI|10:30,2026-08-13,VJ770/VJ565,A522,A321,CXR-HAN-HUI,09:55,10:30,09:55,10:50,10:10,10:43,10:44,10:45,00:55,00:34,EARLY,ONTIME,ONTIME,ONTIME,,,,,,,,CREW OB 1024,HAN,CXR,HUI,Domestic,VJ,,
2026-08-13|VJ492/VJ493|A550|BMV-HAN-BMV|10:35,2026-08-13,VJ492/VJ493,A550,A321,BMV-HAN-BMV,10:00,10:35,10:00,10:55,10:25,10:54,10:55,11:05,00:55,00:30,ONTIME,ONTIME,DELAY,DELAY,,,,,,,,,HAN,BMV,BMV,Domestic,VJ,,
2026-08-13|VJ422/VJ901|A650|PXU-HAN-BKK|11:10,2026-08-13,VJ422/VJ901,A650,A320,PXU-HAN-BKK,10:50,11:10,10:50,11:55,11:00,11:50,11:51,11:56,01:05,00:51,EARLY,ONTIME,DELAY,ONTIME,,,,,,,,,HAN,PXU,BKK,International,VJ,,
2026-08-13|VJ448/VJ507|A637|PQC-HAN-DAD|11:10,2026-08-13,VJ448/VJ507,A637,A321,PQC-HAN-DAD,10:15,11:10,10:15,11:10,10:25,11:02,11:03,11:05,00:55,00:38,EARLY,ONTIME,ONTIME,ONTIME,,,,,,,,,HAN,PQC,DAD,Domestic,VJ,,
2026-08-13|VJ130/VJ133|A669|SGN-HAN-SGN|11:20,2026-08-13,VJ130/VJ133,A669,A320,SGN-HAN-SGN,10:50,11:20,10:50,11:20,10:55,11:19,11:20,11:29,00:30,00:25,ONTIME,ONTIME,ONTIME,ONTIME,,,,,,,,,HAN,SGN,SGN,Domestic,VJ,,
2026-08-13|VJ981/VJ1453|A644|PUS-HAN-PQC|11:50,2026-08-13,VJ981/VJ1453,A644,A321,PUS-HAN-PQC,10:40,11:50,10:40,11:50,10:35,11:44,11:45,11:47,01:10,01:10,EARLY,ONTIME,ONTIME,ONTIME,,,,,,,,,HAN,PUS,PQC,Domestic,VJ,,
2026-08-13|VJ1772/VJ515|A699|CXR-HAN-DAD|12:10,2026-08-13,VJ1772/VJ515,A699,A320,CXR-HAN-DAD,11:15,12:10,11:15,12:10,11:30,12:09,12:10,12:15,00:55,00:40,ONTIME,ONTIME,ONTIME,ONTIME,,,,,,,,,HAN,CXR,DAD,Domestic,VJ,,
2026-08-13|VJ137|A698|HAN-SGN|12:20,2026-08-13,VJ137,A698,A321,HAN-SGN,,12:20,,15:30,,15:29,15:30,15:37,,,ONTIME,ONTIME,DELAY,,,,,,,,,,HAN,,SGN,Domestic,VJ,,
2026-08-13|VJ7705/VJ7705|A554|VVO-HAN-CXR|12:50,2026-08-13,VJ7705/VJ7705,A554,A321,VVO-HAN-CXR,12:20,12:50,12:20,12:50,12:20,12:44,12:45,12:52,00:30,00:25,EARLY,ONTIME,ONTIME,ONTIME,,,,,,,,,HAN,VVO,CXR,Domestic,VJ,,
2026-08-13|VJ564/VJ453|A651|HUI-HAN-PQC|13:00,2026-08-13,VJ564/VJ453,A651,A321,HUI-HAN-PQC,12:25,13:00,12:25,13:00,12:40,13:09,13:10,13:15,00:35,00:30,DELAY,ONTIME,ONTIME,ONTIME,,93,00:10,,,,,,HAN,HUI,PQC,Domestic,VJ,,
2026-08-13|VJ128/VJ435|A663|SGN-HAN-UIH|13:00,2026-08-13,VJ128/VJ435,A663,A320,SGN-HAN-UIH,11:50,13:00,11:50,13:00,12:35,12:57,12:58,13:05,01:10,00:23,EARLY,ONTIME,ONTIME,DELAY,,,,,,,,,HAN,SGN,UIH,Domestic,VJ,,
2026-08-13|VJ939/VJ509|A674|KIX-HAN-DAD|13:05,2026-08-13,VJ939/VJ509,A674,A321,KIX-HAN-DAD,12:20,13:05,12:20,13:05,12:00,12:59,13:00,13:05,00:45,01:00,EARLY,ONTIME,ONTIME,ONTIME,,,,,,,,,HAN,KIX,DAD,Domestic,VJ,,
2026-08-13|VJ959/VJ433|A670|FUK-HAN-UIH|13:20,2026-08-13,VJ959/VJ433,A670,A321,FUK-HAN-UIH,11:25,13:20,12:05,13:20,12:25,13:18,13:20,13:20,01:15,00:55,ONTIME,ONTIME,ONTIME,DELAY,,,,,,,,,HAN,FUK,UIH,Domestic,VJ,,
2026-08-13|VJ921/VJ948|A203|NGO-HAN-RMQ|13:30,2026-08-13,VJ921/VJ948,A203,A321,NGO-HAN-RMQ,12:50,13:30,12:50,13:30,12:38,13:29,13:30,13:40,00:40,00:52,ONTIME,ONTIME,ONTIME,ONTIME,,,,,,,,,HAN,NGO,RMQ,International,VJ,,
2026-08-13|VJ462/VJ7316|A676|VCA-HAN-ENH|14:00,2026-08-13,VJ462/VJ7316,A676,A320,VCA-HAN-ENH,11:40,14:00,11:40,14:00,11:42,13:43,13:44,13:50,02:20,02:02,EARLY,ONTIME,ONTIME,ONTIME,,,,,,,,,HAN,VCA,ENH,International,VJ,,
2026-08-13|VJ566/VJ143|A522|HUI-HAN-SGN|14:05,2026-08-13,VJ566/VJ143,A522,A321,HUI-HAN-SGN,13:30,14:05,13:30,14:30,13:55,14:29,14:30,14:35,01:00,00:35,ONTIME,ONTIME,DELAY,DELAY,,,,,,,,,HAN,HUI,SGN,Domestic,VJ,,
2026-08-13|VJ933/VJ942|A500|NRT-HAN-TPE|14:25,2026-08-13,VJ933/VJ942,A500,A321,NRT-HAN-TPE,13:05,14:25,13:05,14:25,12:52,14:29,14:30,14:39,01:20,01:38,DELAY,ONTIME,ONTIME,ONTIME,,15A,00:05,,,,,OFLD 01PAX 01PCS,HAN,NRT,TPE,International,VJ,,
2026-08-13|VJ134/VJ437|A662|SGN-HAN-UIH|14:25,2026-08-13,VJ134/VJ437,A662,A320,SGN-HAN-UIH,13:30,14:25,13:30,14:25,13:30,14:24,14:25,14:35,00:55,00:55,ONTIME,ONTIME,ONTIME,ONTIME,,,,,,,,,HAN,SGN,UIH,Domestic,VJ,,
2026-08-13|VJ961/VJ946|A544|ICN-HAN-KHH|14:35,2026-08-13,VJ961/VJ946,A544,A321,ICN-HAN-KHH,13:35,14:35,13:35,14:35,13:30,14:30,14:31,14:34,01:00,01:01,EARLY,ONTIME,ONTIME,ONTIME,,,,,,,,,HAN,ICN,KHH,International,VJ,,
2026-08-13|VJ1504/VJ1505|A632|DAD-HAN-DAD|14:35,2026-08-13,VJ1504/VJ1505,A632,A321,DAD-HAN-DAD,14:00,14:35,14:00,15:10,14:32,15:09,15:10,15:15,01:10,00:38,ONTIME,ONTIME,DELAY,DELAY,,,,,,,,,HAN,DAD,DAD,Domestic,VJ,,
2026-08-13|VJ136/VJ145|A549|SGN-HAN-SGN|14:50,2026-08-13,VJ136/VJ145,A549,A321,SGN-HAN-SGN,14:15,14:50,14:15,14:50,14:15,14:49,14:50,14:55,00:35,00:35,ONTIME,ONTIME,ONTIME,ONTIME,,,,,,,,,HAN,SGN,SGN,Domestic,VJ,,
2026-08-13|VJ440/VJ439|A648|PQC-HAN-UIH|14:55,2026-08-13,VJ440/VJ439,A648,A321,PQC-HAN-UIH,13:30,14:55,13:30,14:55,13:50,14:53,14:55,15:02,01:25,01:05,ONTIME,ONTIME,ONTIME,DELAY,,,,,,,,,HAN,PQC,UIH,Domestic,VJ,,
2026-08-13|VJ1981/VJ467|A672|FSZ-HAN-VCA|15:00,2026-08-13,VJ1981/VJ467,A672,A320,FSZ-HAN-VCA,14:00,15:00,14:00,15:00,13:25,14:59,15:00,15:05,01:00,01:35,ONTIME,ONTIME,ONTIME,ONTIME,,,,,,,,,HAN,FSZ,VCA,Domestic,VJ,,
2026-08-13|VJ510/VJ511|A637|DAD-HAN-DAD|15:05,2026-08-13,VJ510/VJ511,A637,A321,DAD-HAN-DAD,14:35,15:05,14:35,15:15,14:45,15:18,15:19,15:20,00:40,00:34,DELAY,ONTIME,ONTIME,ONTIME,,66,00:04,,,,,CREW OB 1455,HAN,DAD,DAD,Domestic,VJ,,
2026-08-13|VJ494/VJ423|A550|BMV-HAN-PXU|15:05,2026-08-13,VJ494/VJ423,A550,A321,BMV-HAN-PXU,14:35,15:05,14:35,15:45,15:05,16:09,16:10,16:20,01:10,01:05,DELAY,DELAY,DELAY,DELAY,,61,00:25,,,,,CHANGE FLT PLN,HAN,BMV,PXU,Domestic,VJ,,
2026-08-13|VJ142/VJ419|A656|SGN-HAN-TBB|15:10,2026-08-13,VJ142/VJ419,A656,A320,SGN-HAN-TBB,15:30,15:10,15:30,15:45,15:30,15:54,15:55,16:00,00:15,00:25,DELAY,ONTIME,DELAY,ONTIME,,93,00:10,,,,,,HAN,SGN,TBB,Domestic,VJ,,
2026-08-13|VJ2924/VJ2924|A516|DAD-HAN-BAX|15:40,2026-08-13,VJ2924/VJ2924,A516,A321,DAD-HAN-BAX,15:05,15:40,15:05,15:40,15:25,15:54,15:55,16:05,00:35,00:30,DELAY,ONTIME,DELAY,DELAY,,93,00:15,,,,,,HAN,DAD,BAX,International,VJ,,
2026-08-13|VJ902/VJ903|A650|BKK-HAN-BKK|15:45,2026-08-13,VJ902/VJ903,A650,A320,BKK-HAN-BKK,15:50,15:45,16:30,17:30,16:55,17:29,17:30,17:35,01:00,00:35,ONTIME,ONTIME,DELAY,DELAY,,,,,,,,,HAN,BKK,BKK,International,VJ,,
2026-08-13|VJ464/VJ567|A675|VCA-HAN-HUI|15:55,2026-08-13,VJ464/VJ567,A675,A320,VCA-HAN-HUI,15:10,15:55,15:10,16:20,15:40,16:04,16:05,16:25,01:10,00:25,EARLY,ONTIME,DELAY,DELAY,,,,,,,,,HAN,VCA,HUI,Domestic,VJ,,
2026-08-13|VJ508/VJ773|A699|DAD-HAN-CXR|16:00,2026-08-13,VJ508/VJ773,A699,A320,DAD-HAN-CXR,15:25,16:00,15:25,16:00,16:05,16:27,16:28,16:36,00:35,00:23,DELAY,DELAY,DELAY,DELAY,,93,00:28,,,,,,HAN,DAD,CXR,Domestic,VJ,,
2026-08-13|VJ1454/VJ913|A644|PQC-HAN-SAI|16:20,2026-08-13,VJ1454/VJ913,A644,A321,PQC-HAN-SAI,16:35,16:20,16:35,17:40,16:45,17:37,17:38,17:39,01:05,00:53,EARLY,ONTIME,DELAY,ONTIME,,,,,,,,,HAN,PQC,SAI,International,VJ,,
2026-08-13|VJ140/VJ151|A653|SGN-HAN-SGN|16:50,2026-08-13,VJ140/VJ151,A653,A321,SGN-HAN-SGN,16:20,16:50,16:20,16:50,16:40,17:09,17:10,17:20,00:30,00:30,DELAY,DELAY,DELAY,DELAY,,93,00:20,,,,,,HAN,SGN,SGN,Domestic,VJ,,
2026-08-13|VJ953/VJ457|A666|HIJ-HAN-PQC|17:10,2026-08-13,VJ953/VJ457,A666,A320,HIJ-HAN-PQC,16:10,17:10,16:10,17:10,15:55,17:04,17:05,17:13,01:00,01:10,EARLY,ONTIME,ONTIME,ONTIME,,,,,,,,,HAN,HIJ,PQC,Domestic,VJ,,
2026-08-13|VJ432/VJ495|A663|UIH-HAN-BMV|17:30,2026-08-13,VJ432/VJ495,A663,A320,UIH-HAN-BMV,16:45,17:30,16:45,17:30,16:50,17:24,17:25,17:30,00:45,00:35,EARLY,ONTIME,ONTIME,ONTIME,,,,,,,,,HAN,UIH,BMV,Domestic,VJ,,
2026-08-13|VJ434/VJ517|A670|UIH-HAN-DAD|17:45,2026-08-13,VJ434/VJ517,A670,A321,UIH-HAN-DAD,17:10,17:45,17:10,17:45,17:10,17:44,17:45,17:48,00:35,00:35,ONTIME,ONTIME,ONTIME,ONTIME,,,,,,,,,HAN,UIH,DAD,Domestic,VJ,,
2026-08-13|VJ456/VJ781|A651|PQC-HAN-CXR|18:20,2026-08-13,VJ456/VJ781,A651,A321,PQC-HAN-CXR,17:45,18:20,17:45,18:45,18:05,18:42,18:43,18:50,01:00,00:38,EARLY,ONTIME,DELAY,DELAY,,,,,,,,,HAN,PQC,CXR,Domestic,VJ,,
2026-08-13|VJ424/VJ561|A550|PXU-HAN-HUI|19:20,2026-08-13,VJ424/VJ561,A550,A321,PXU-HAN-HUI,18:45,19:20,18:45,20:35,20:00,20:34,20:35,20:45,01:50,00:35,ONTIME,ONTIME,DELAY,DELAY,,,,,,,,,HAN,PXU,HUI,Domestic,VJ,,
2026-08-13|VJ916/VJ1127|A693|SIN-HAN-SGN|19:20,2026-08-13,VJ916/VJ1127,A693,A321,SIN-HAN-SGN,17:25,19:20,17:25,19:20,17:15,19:19,19:20,19:24,01:55,02:05,ONTIME,ONTIME,ONTIME,ONTIME,,,,,,,,,HAN,SIN,SGN,Domestic,VJ,,
2026-08-13|VJ144/VJ519|A629|SGN-HAN-DAD|19:25,2026-08-13,VJ144/VJ519,A629,A321,SGN-HAN-DAD,18:05,19:25,18:05,19:25,17:55,19:19,19:20,19:23,01:20,01:25,EARLY,ONTIME,ONTIME,ONTIME,,,,,,,,,HAN,SGN,DAD,Domestic,VJ,,
2026-08-13|VJ512/VJ523|A637|DAD-HAN-DAD|19:40,2026-08-13,VJ512/VJ523,A637,A321,DAD-HAN-DAD,18:15,19:40,18:15,19:40,18:50,19:29,19:30,19:32,01:25,00:40,EARLY,ONTIME,ONTIME,DELAY,,,,,,,,,HAN,DAD,DAD,Domestic,VJ,,
2026-08-13|VJ530/VJ971|A674|DAD-HAN-DEL|19:40,2026-08-13,VJ530/VJ971,A674,A321,DAD-HAN-DEL,16:15,19:40,16:15,19:40,16:35,19:34,19:35,19:40,03:25,03:00,EARLY,ONTIME,ONTIME,DELAY,,,,,,,,,HAN,DAD,DEL,International,VJ,,
2026-08-13|VJ931/VJ1925|A551|KIX-HAN-AMD|19:45,2026-08-13,VJ931/VJ1925,A551,A321,KIX-HAN-AMD,18:30,19:45,18:30,19:45,18:25,19:42,19:43,19:50,01:15,01:18,EARLY,ONTIME,ONTIME,ONTIME,,,,,,,,,HAN,KIX,AMD,International,VJ,,
2026-08-13|VJ420/VJ1785|A656|TBB-HAN-CXR|19:55,2026-08-13,VJ420/VJ1785,A656,A320,TBB-HAN-CXR,19:15,19:55,19:15,20:35,19:55,20:25,20:26,20:29,01:20,00:31,EARLY,ONTIME,DELAY,DELAY,,,,,,,,,HAN,TBB,CXR,Domestic,VJ,,
2026-08-13|VJ568/VJ7712|A675|HUI-HAN-PKX|19:55,2026-08-13,VJ568/VJ7712,A675,A320,HUI-HAN-PKX,18:55,19:55,18:55,20:20,19:32,20:11,20:12,20:19,01:25,00:40,EARLY,ONTIME,DELAY,DELAY,,,,,,,,,HAN,HUI,PKX,International,VJ,,
2026-08-13|VJ152/VJ159|A641|SGN-HAN-SGN|20:10,2026-08-13,VJ152/VJ159,A641,A321,SGN-HAN-SGN,19:20,20:10,19:20,20:30,20:35,21:04,21:05,21:10,01:10,00:30,DELAY,DELAY,DELAY,DELAY,,93,00:35,,,,,,HAN,SGN,SGN,Domestic,VJ,,
2026-08-13|VJ468/VJ161|A672|VCA-HAN-SGN|20:55,2026-08-13,VJ468/VJ161,A672,A320,VCA-HAN-SGN,20:00,20:55,20:00,20:55,20:15,20:54,20:55,20:58,00:55,00:40,ONTIME,ONTIME,ONTIME,ONTIME,,,,,,,,,HAN,VCA,SGN,Domestic,VJ,,
2026-08-13|VJ2978/VJ2978|A554|CXR-HAN-VVO|21:10,2026-08-13,VJ2978/VJ2978,A554,A321,CXR-HAN-VVO,20:35,21:10,20:35,21:10,20:50,21:19,21:20,21:25,00:35,00:30,DELAY,ONTIME,ONTIME,ONTIME,,,,,,,,,HAN,CXR,VVO,International,VJ,,
2026-08-13|VJ7317/VJ7238|A676|ENH-HAN-PVG|21:15,2026-08-13,VJ7317/VJ7238,A676,A320,ENH-HAN-PVG,19:25,21:15,19:25,21:15,19:22,21:12,21:13,21:16,01:50,01:51,EARLY,ONTIME,ONTIME,ONTIME,,,,,,,,,HAN,ENH,PVG,International,VJ,,
2026-08-13|VJ520/VJ527|A670|DAD-HAN-DAD|21:30,2026-08-13,VJ520/VJ527,A670,A321,DAD-HAN-DAD,20:55,21:30,20:55,21:30,21:00,21:28,21:30,21:31,00:35,00:30,ONTIME,ONTIME,ONTIME,ONTIME,,,,,,,,,HAN,DAD,DAD,Domestic,VJ,,
2026-08-13|VJ154/VJ163|A667|SGN-HAN-SGN|21:35,2026-08-13,VJ154/VJ163,A667,A321,SGN-HAN-SGN,21:00,21:35,21:00,21:35,21:25,21:54,21:55,22:00,00:35,00:30,DELAY,DELAY,DELAY,DELAY,,93,00:20,,,,,,HAN,SGN,SGN,Domestic,VJ,,
2026-08-13|VJ935/VJ7526|A536|NRT-HAN-CAN|22:30,2026-08-13,VJ935/VJ7526,A536,A321,NRT-HAN-CAN,20:05,22:30,20:05,22:30,20:55,21:27,21:28,21:29,02:25,00:33,EARLY,ONTIME,ONTIME,DELAY,,,,,,,,,HAN,NRT,CAN,International,VJ,,
2026-08-13|VJ458/VJ167|A666|PQC-HAN-SGN|22:45,2026-08-13,VJ458/VJ167,A666,A320,PQC-HAN-SGN,21:55,22:45,21:55,22:45,22:30,22:58,22:59,23:00,00:50,00:29,DELAY,ONTIME,ONTIME,DELAY,,93,00:14,,,,,,HAN,PQC,SGN,Domestic,VJ,,
2026-08-13|VJ943/VJ962|A500|TPE-HAN-ICN|23:15,2026-08-13,VJ943/VJ962,A500,A321,TPE-HAN-ICN,20:55,23:15,20:55,23:15,21:50,23:19,23:20,23:28,02:20,01:30,DELAY,ONTIME,ONTIME,DELAY,,99,00:05,,,,,LATE ACCEPT 2PAX 2BAG,HAN,TPE,ICN,International,VJ,,
2026-08-13|VJ438/VJ31|A648|UIH-HAN-CTU|23:20,2026-08-13,VJ438/VJ31,A648,A321,UIH-HAN-CTU,18:40,23:20,18:40,23:20,18:50,23:19,23:20,23:33,04:40,04:30,ONTIME,ONTIME,ONTIME,ONTIME,,,,,,,,FERRY,HAN,UIH,CTU,International,VJ,,
2026-08-13|VJ522/VJ169|A649|DAD-HAN-SGN|23:25,2026-08-13,VJ522/VJ169,A649,A321,DAD-HAN-SGN,22:35,23:25,22:35,23:25,23:05,23:44,23:45,23:50,00:50,00:40,DELAY,DELAY,DELAY,DELAY,,93,00:10,99,00:10,,,SUPPORT CREW VJ160 DHD OB 2343L,HAN,DAD,SGN,Domestic,VJ,,
2026-08-14|VJ932|A646|DPS-HAN-NRT|00:30,2026-08-14,VJ932,A646,A321,DPS-HAN-NRT,,00:30,,00:30,,00:24,00:25,00:29,,,EARLY,ONTIME,ONTIME,,,,,,,,,,HAN,DPS,NRT,International,VJ,,
2026-08-14|VJ7614/VJ7614|A580|CXR-HAN-BQS|00:40,2026-08-14,VJ7614/VJ7614,A580,A321,CXR-HAN-BQS,00:05,00:40,00:05,00:40,00:20,00:54,00:55,01:08,00:35,00:35,DELAY,ONTIME,DELAY,ONTIME,,93,00:15,,,,,,HAN,CXR,BQS,International,VJ,,
2026-08-14|VJ982|A630|HAN-PUS|01:05,2026-08-14,VJ982,A630,A321,HAN-PUS,,01:05,,01:05,,00:59,01:00,01:02,,,EARLY,ONTIME,ONTIME,,,,,,,,,,HAN,,PUS,International,VJ,,
2026-08-14|VJ938|A203|HAN-KIX|01:20,2026-08-14,VJ938,A203,A321,HAN-KIX,,01:20,,01:20,,01:14,01:15,01:20,,,EARLY,ONTIME,ONTIME,,,,,,,,,,HAN,,KIX,International,VJ,,
2026-08-14|VJ960|A544|KHH-HAN-ICN|01:40,2026-08-14,VJ960,A544,A321,KHH-HAN-ICN,,01:40,,01:40,,01:38,01:39,01:45,,,EARLY,ONTIME,ONTIME,,,,,,,,,,HAN,KHH,ICN,International,VJ,,
2026-08-14|VJ920|A200|HAN-NGO|01:40,2026-08-14,VJ920,A200,A321,HAN-NGO,,01:40,,01:40,,01:39,01:40,01:44,,,ONTIME,ONTIME,ONTIME,,,,,,,,,,HAN,,NGO,International,VJ,,
2026-08-14|VJ958|A650|BKK-HAN-FUK|02:05,2026-08-14,VJ958,A650,A320,BKK-HAN-FUK,,02:05,,02:05,,01:54,01:55,01:57,,,EARLY,ONTIME,ONTIME,,,,,,,,,,HAN,BKK,FUK,International,VJ,,
2026-08-14|VJ123|A656|HAN-SGN|05:30,2026-08-14,VJ123,A656,A320,HAN-SGN,,05:30,,05:30,,05:19,05:20,05:24,,,EARLY,ONTIME,ONTIME,,,,,,,,,,HAN,,SGN,Domestic,VJ,,
2026-08-14|VJ445|A550|HAN-PQC|05:30,2026-08-14,VJ445,A550,A321,HAN-PQC,,05:30,,05:30,,05:24,05:25,05:30,,,EARLY,ONTIME,ONTIME,,,,,,,,,,HAN,,PQC,Domestic,VJ,,
2026-08-14|VJ501|A661|HAN-DAD|05:40,2026-08-14,VJ501,A661,A321,HAN-DAD,,05:40,,05:40,,05:34,05:35,05:41,,,EARLY,ONTIME,ONTIME,,,,,,,,,,HAN,,DAD,Domestic,VJ,,
2026-08-14|VJ771|A699|HAN-CXR|05:45,2026-08-14,VJ771,A699,A320,HAN-CXR,,05:45,,05:45,,05:39,05:40,05:48,,,EARLY,ONTIME,ONTIME,,,,,,,,,,HAN,,CXR,Domestic,VJ,,
2026-08-14|VJ121|A647|HAN-SGN|06:00,2026-08-14,VJ121,A647,A321,HAN-SGN,,06:00,,06:00,,05:54,05:55,06:00,,,EARLY,ONTIME,ONTIME,,,,,,,,,,HAN,,SGN,Domestic,VJ,,
2026-08-14|VJ491|A651|HAN-BMV|06:00,2026-08-14,VJ491,A651,A321,HAN-BMV,,06:00,,06:00,,05:54,05:55,06:00,,,EARLY,ONTIME,ONTIME,,,,,,,,,,HAN,,BMV,Domestic,VJ,,
2026-08-14|VJ461|A662|HAN-VCA|06:05,2026-08-14,VJ461,A662,A320,HAN-VCA,,06:05,,06:05,,06:09,06:10,06:17,,,DELAY,ONTIME,ONTIME,,,15,00:05,,,,,LONG BRD,HAN,,VCA,Domestic,VJ,,
2026-08-14|VJ449|A663|HAN-PQC|06:30,2026-08-14,VJ449,A663,A320,HAN-PQC,,06:30,,06:30,,06:21,06:22,06:27,,,EARLY,ONTIME,ONTIME,,,,,,,,,,HAN,,PQC,Domestic,VJ,,
2026-08-14|VJ125|A637|HAN-SGN|07:00,2026-08-14,VJ125,A637,A321,HAN-SGN,,07:00,,07:00,,06:53,06:55,07:10,,,EARLY,ONTIME,ONTIME,,,,,,,,,,HAN,,SGN,Domestic,VJ,,
2026-08-14|VJ1771|A634|HAN-CXR|07:00,2026-08-14,VJ1771,A634,A321,HAN-CXR,,07:00,,07:00,,06:54,06:55,06:58,,,EARLY,ONTIME,ONTIME,,,,,,,,,,HAN,,CXR,Domestic,VJ,,
2026-08-14|VJ7239/VJ421|A676|HAN-PXU|07:10,2026-08-14,VJ7239/VJ421,A676,A320,HAN-PXU,04:50,07:10,04:30,07:10,04:30,07:04,07:05,07:13,02:40,02:35,EARLY,ONTIME,ONTIME,ONTIME,,,,,,,,,HAN,,PXU,Domestic,VJ,,
2026-08-14|VJ7713/VJ197|A675|PKX-HAN-SGN|07:20,2026-08-14,VJ7713/VJ197,A675,A320,PKX-HAN-SGN,03:55,07:20,04:20,07:20,04:15,07:14,07:15,07:30,03:00,03:00,EARLY,ONTIME,ONTIME,DELAY,,,,,,,,,HAN,PKX,SGN,Domestic,VJ,,
2026-08-14|VJ905|A644|HAN-KUL|07:25,2026-08-14,VJ905,A644,A321,HAN-KUL,,07:25,,07:25,,07:19,07:20,07:24,,,EARLY,ONTIME,ONTIME,,,,,,,,,,HAN,,KUL,International,VJ,,
2026-08-14|VJ502/VJ503|A670|DAD-HAN-DAD|07:30,2026-08-14,VJ502/VJ503,A670,A321,DAD-HAN-DAD,07:00,07:30,07:00,07:30,06:55,07:19,07:20,07:30,00:30,00:25,EARLY,ONTIME,ONTIME,ONTIME,,,,,,,,,HAN,DAD,DAD,Domestic,VJ,,
2026-08-14|VJ7527/VJ934|A536|CAN-HAN-NRT|07:55,2026-08-14,VJ7527/VJ934,A536,A321,CAN-HAN-NRT,03:05,07:55,03:05,07:55,03:25,07:49,07:50,07:54,04:50,04:25,EARLY,ONTIME,ONTIME,DELAY,,,,,,,,,HAN,CAN,NRT,International,VJ,,
2026-08-14|VJ972/VJ930|A674|DEL-HAN-KIX|07:55,2026-08-14,VJ972/VJ930,A674,A321,DEL-HAN-KIX,05:40,07:55,05:40,07:55,06:00,07:49,07:50,07:59,02:15,01:50,EARLY,ONTIME,ONTIME,DELAY,,,,,,,,,HAN,DEL,KIX,International,VJ,,
2026-08-14|VJ120/VJ127|A666|SGN-HAN-SGN|08:10,2026-08-14,VJ120/VJ127,A666,A320,SGN-HAN-SGN,07:10,08:10,07:10,08:10,07:05,08:08,08:10,08:18,01:00,01:05,ONTIME,ONTIME,ONTIME,ONTIME,,,,,,,,,HAN,SGN,SGN,Domestic,VJ,,
2026-08-14|VJ929|A551|HAN-CGK|08:40,2026-08-14,VJ929,A551,A321,HAN-CGK,,08:40,,08:40,,08:26,08:27,08:28,,,EARLY,ONTIME,ONTIME,,,,,,,,,,HAN,,CGK,International,VJ,,
2026-08-14|VJ124/VJ129|A535|SGN-HAN-SGN|08:45,2026-08-14,VJ124/VJ129,A535,A321,SGN-HAN-SGN,08:15,08:45,08:15,08:45,08:15,08:54,08:55,09:00,00:30,00:40,DELAY,ONTIME,ONTIME,ONTIME,,87,00:05,99,00:05,,,STUCK AT PBB + ARRANGE PAX,HAN,SGN,SGN,Domestic,VJ,,
2026-08-14|VJ447|A542|HAN-PQC|08:45,2026-08-14,VJ447,A542,A321,HAN-PQC,,08:45,,08:45,,08:39,08:40,08:50,,,EARLY,ONTIME,ONTIME,,,,,,,,,,HAN,,PQC,Domestic,VJ,,
2026-08-14|VJ2925/VJ2925|A516|BAX-HAN-DAD|09:00,2026-08-14,VJ2925/VJ2925,A516,A321,BAX-HAN-DAD,08:30,09:00,08:30,09:00,08:05,08:27,08:30,08:45,00:30,00:25,EARLY,ONTIME,ONTIME,ONTIME,,,,,,,,,HAN,BAX,DAD,Domestic,VJ,,
2026-08-14|VJ514/VJ563|A661|DAD-HAN-HUI|09:25,2026-08-14,VJ514/VJ563,A661,A321,DAD-HAN-HUI,08:50,09:25,08:50,09:25,09:05,09:34,09:35,09:40,00:35,00:30,DELAY,ONTIME,ONTIME,ONTIME,,93,00:10,,,,,,HAN,DAD,HUI,Domestic,VJ,,
2026-08-14|VJ2979/VJ2979|A554|VVO-HAN-CXR|09:30,2026-08-14,VJ2979/VJ2979,A554,A321,VVO-HAN-CXR,09:00,09:30,09:00,09:30,08:50,09:11,09:12,09:18,00:30,00:22,EARLY,ONTIME,ONTIME,ONTIME,,,,,,,,,HAN,VVO,CXR,Domestic,VJ,,
2026-08-14|VJ504/VJ1773|A524|DAD-HAN-CXR|10:00,2026-08-14,VJ504/VJ1773,A524,A321,DAD-HAN-CXR,08:20,10:00,08:20,10:00,08:20,09:56,09:58,10:03,01:40,01:38,EARLY,ONTIME,ONTIME,ONTIME,,,,,,,,,HAN,DAD,CXR,Domestic,VJ,,
2026-08-14|VJ126/VJ131|A672|SGN-HAN-SGN|10:10,2026-08-14,VJ126/VJ131,A672,A320,SGN-HAN-SGN,09:40,10:10,09:40,10:10,09:35,10:09,10:10,10:20,00:30,00:35,ONTIME,ONTIME,ONTIME,ONTIME,,,,,,,,,HAN,SGN,SGN,Domestic,VJ,,
2026-08-14|VJ156/VJ135|A658|SGN-HAN-SGN|10:10,2026-08-14,VJ156/VJ135,A658,A320,SGN-HAN-SGN,09:00,10:10,09:00,10:10,09:00,10:09,10:10,10:15,01:10,01:10,ONTIME,ONTIME,ONTIME,ONTIME,,,,,,,,,HAN,SGN,SGN,Domestic,VJ,,
2026-08-14|VJ770/VJ463|A699|CXR-HAN-VCA|10:20,2026-08-14,VJ770/VJ463,A699,A320,CXR-HAN-VCA,09:55,10:20,09:55,11:00,10:30,10:58,11:00,11:05,01:05,00:30,ONTIME,ONTIME,DELAY,DELAY,,,,,,,,,HAN,CXR,VCA,Domestic,VJ,,
2026-08-14|VJ492/VJ493|A651|BMV-HAN-BMV|10:30,2026-08-14,VJ492/VJ493,A651,A321,BMV-HAN-BMV,10:00,10:30,10:00,10:30,10:15,10:44,10:45,10:55,00:30,00:30,DELAY,ONTIME,DELAY,ONTIME,,93,00:15,,,,,,HAN,BMV,BMV,Domestic,VJ,,
2026-08-14|VJ524/VJ507|A670|DAD-HAN-DAD|11:10,2026-08-14,VJ524/VJ507,A670,A321,DAD-HAN-DAD,10:40,11:10,10:40,11:55,11:25,11:54,11:55,12:18,01:15,00:30,ONTIME,ONTIME,DELAY,DELAY,,,,,,,,,HAN,DAD,DAD,Domestic,VJ,,
2026-08-14|VJ963/VJ901|A500|ICN-HAN-BKK|11:10,2026-08-14,VJ963/VJ901,A500,A321,ICN-HAN-BKK,08:55,11:10,08:55,11:10,09:00,11:03,11:04,11:08,02:15,02:04,EARLY,ONTIME,ONTIME,ONTIME,,,,,,,,,HAN,ICN,BKK,International,VJ,,
2026-08-14|VJ130/VJ133|A643|SGN-HAN-SGN|11:25,2026-08-14,VJ130/VJ133,A643,A321,SGN-HAN-SGN,10:50,11:25,10:50,11:25,11:00,11:29,11:30,13:35,00:35,00:30,DELAY,ONTIME,DELAY,ONTIME,,93,00:05,,,,,,HAN,SGN,SGN,Domestic,VJ,,
2026-08-14|VJ448/VJ565|A550|PQC-HAN-HUI|11:30,2026-08-14,VJ448/VJ565,A550,A321,PQC-HAN-HUI,10:15,11:30,10:15,11:30,10:20,11:29,11:30,11:34,01:15,01:10,ONTIME,ONTIME,ONTIME,ONTIME,,,,,,,,,HAN,PQC,HUI,Domestic,VJ,,
2026-08-14|VJ450/VJ775|A663|PQC-HAN-CXR|11:45,2026-08-14,VJ450/VJ775,A663,A320,PQC-HAN-CXR,11:15,11:45,11:15,11:45,11:05,11:44,11:45,12:15,00:30,00:40,ONTIME,ONTIME,DELAY,ONTIME,,,,,,,,,HAN,PQC,CXR,Domestic,VJ,,
2026-08-14|VJ981/VJ515|A630|PUS-HAN-DAD|12:10,2026-08-14,VJ981/VJ515,A630,A321,PUS-HAN-DAD,10:40,12:10,10:40,12:10,10:42,12:09,12:10,12:25,01:30,01:28,ONTIME,ONTIME,ONTIME,ONTIME,,,,,,,,,HAN,PUS,DAD,Domestic,VJ,,
2026-08-14|VJ959/VJ7638|A650|FUK-HAN-TXN|12:10,2026-08-14,VJ959/VJ7638,A650,A320,FUK-HAN-TXN,11:25,12:10,11:25,12:10,12:00,12:33,12:34,12:38,00:45,00:34,DELAY,DELAY,DELAY,DELAY,,93,00:15,66,00:09,,,CHANGE CREW OB 1212L (DUE TO LATE ARR),HAN,FUK,TXN,International,VJ,,
2026-08-14|VJ128/VJ137|A637|SGN-HAN-SGN|12:30,2026-08-14,VJ128/VJ137,A637,A321,SGN-HAN-SGN,11:55,12:30,11:55,14:00,13:15,13:59,14:00,14:05,02:05,00:45,ONTIME,ONTIME,DELAY,DELAY,,,,,,,,,HAN,SGN,SGN,Domestic,VJ,,
2026-08-14|VJ1772/VJ1453|A532|CXR-HAN-PQC|12:30,2026-08-14,VJ1772/VJ1453,A532,A321,CXR-HAN-PQC,11:55,12:30,11:55,14:00,13:15,13:50,13:52,13:59,02:05,00:37,EARLY,ONTIME,DELAY,DELAY,,,,,,,,,HAN,CXR,PQC,Domestic,VJ,,
2026-08-14|VJ422/VJ437|A676|PXU-HAN-UIH|12:40,2026-08-14,VJ422/VJ437,A676,A320,PXU-HAN-UIH,10:50,12:40,10:50,12:40,12:35,12:59,13:00,13:04,01:50,00:25,DELAY,DELAY,DELAY,DELAY,,93,00:20,,,,,,HAN,PXU,UIH,Domestic,VJ,,
2026-08-14|VJ564/VJ453|A661|HUI-HAN-PQC|13:05,2026-08-14,VJ564/VJ453,A661,A321,HUI-HAN-PQC,12:30,13:05,12:30,13:05,13:40,14:14,14:15,14:25,00:35,00:35,DELAY,DELAY,DELAY,DELAY,,93,01:05,66,00:05,,,CHANGE CREW OB 1353L,HAN,HUI,PQC,Domestic,VJ,,
2026-08-14|VJ939/VJ948|A203|KIX-HAN-RMQ|13:30,2026-08-14,VJ939/VJ948,A203,A321,KIX-HAN-RMQ,12:20,13:30,12:20,13:30,12:45,13:28,13:29,13:34,01:10,00:44,EARLY,ONTIME,ONTIME,DELAY,,,,,,,,,HAN,KIX,RMQ,International,VJ,,
2026-08-14|VJ7615/VJ7615|A580|BQS-HAN-CXR|13:40,2026-08-14,VJ7615/VJ7615,A580,A321,BQS-HAN-CXR,13:10,13:40,13:10,13:40,13:55,14:11,14:12,14:40,00:30,00:17,DELAY,DELAY,DELAY,DELAY,,93,00:32,,,,,,HAN,BQS,CXR,Domestic,VJ,,
2026-08-14|VJ440/VJ441|A542|PQC-HAN-PQC|14:05,2026-08-14,VJ440/VJ441,A542,A321,PQC-HAN-PQC,13:30,14:05,13:30,14:05,14:25,14:54,14:55,15:13,00:35,00:30,DELAY,DELAY,DELAY,DELAY,,93,00:50,,,,,,HAN,PQC,PQC,Domestic,VJ,,
2026-08-14|VJ196/VJ143|A675|SGN-HAN-SGN|14:05,2026-08-14,VJ196/VJ143,A675,A320,SGN-HAN-SGN,13:10,14:05,13:10,14:05,14:35,14:59,15:00,15:30,00:55,00:25,DELAY,DELAY,DELAY,DELAY,,93,00:55,,,,,,HAN,SGN,SGN,Domestic,VJ,,
2026-08-14|VJ921/VJ433|A200|NGO-HAN-UIH|14:15,2026-08-14,VJ921/VJ433,A200,A321,NGO-HAN-UIH,12:50,14:15,12:50,14:15,12:50,14:14,14:15,14:36,01:25,01:25,ONTIME,ONTIME,DELAY,ONTIME,,,,,,,,,HAN,NGO,UIH,Domestic,VJ,,
2026-08-14|VJ933/VJ942|A646|NRT-HAN-TPE|14:25,2026-08-14,VJ933/VJ942,A646,A321,NRT-HAN-TPE,13:05,14:25,13:05,14:25,13:40,14:24,14:25,14:34,01:20,00:45,ONTIME,ONTIME,ONTIME,DELAY,,,,,,,,,HAN,NRT,TPE,International,VJ,,
2026-08-14|VJ134/VJ467|A535|SGN-HAN-VCA|14:30,2026-08-14,VJ134/VJ467,A535,A321,SGN-HAN-VCA,13:40,14:30,13:40,15:30,15:10,15:54,15:55,16:15,01:50,00:45,DELAY,DELAY,DELAY,DELAY,,93,00:10,66,00:10,49,00:05,CHANGE CREW OB 1526L/ TECHLOG,HAN,SGN,VCA,Domestic,VJ,,
2026-08-14|VJ1504/VJ1505|A697|DAD-HAN-DAD|14:35,2026-08-14,VJ1504/VJ1505,A697,A321,DAD-HAN-DAD,14:00,14:35,14:00,16:25,16:00,16:29,16:30,16:49,02:25,00:30,DELAY,ONTIME,DELAY,DELAY,,93,00:05,,,,,,HAN,DAD,DAD,Domestic,VJ,,
2026-08-14|VJ1774/VJ946|A524|CXR-HAN-KHH|14:35,2026-08-14,VJ1774/VJ946,A524,A321,CXR-HAN-KHH,14:20,14:35,14:20,15:35,14:50,15:27,15:29,16:05,01:15,00:39,EARLY,ONTIME,DELAY,DELAY,,,,,,,,,HAN,CXR,KHH,International,VJ,,
2026-08-14|VJ136/VJ145|A669|SGN-HAN-SGN|14:40,2026-08-14,VJ136/VJ145,A669,A320,SGN-HAN-SGN,14:10,14:40,14:10,16:00,15:30,15:54,15:55,16:22,01:50,00:25,EARLY,ONTIME,DELAY,DELAY,,,,,,,,,HAN,SGN,SGN,Domestic,VJ,,
2026-08-14|VJ439|A547|HAN-UIH|14:55,2026-08-14,VJ439,A547,A321,HAN-UIH,,14:55,,14:55,,15:23,15:24,16:02,,,DELAY,DELAY,DELAY,,,61,00:29,,,,,CHANGE FPL,HAN,,UIH,Domestic,VJ,,
2026-08-14|VJ961/VJ423|A544|ICN-HAN-PXU|15:05,2026-08-14,VJ961/VJ423,A544,A321,ICN-HAN-PXU,13:35,15:05,13:35,15:05,13:55,15:00,15:02,15:20,01:30,01:07,EARLY,ONTIME,ONTIME,DELAY,,,,,,,,,HAN,ICN,PXU,Domestic,VJ,,
2026-08-14|VJ510/VJ511|A639|DAD-HAN-DAD|15:10,2026-08-14,VJ510/VJ511,A639,A321,DAD-HAN-DAD,14:35,15:10,14:35,16:00,15:40,16:30,16:31,16:33,01:25,00:51,DELAY,DELAY,DELAY,DELAY,,93,00:10,99,00:21,,,CAPT REFUSE TO DC DUE TO TSAT 1649L,HAN,DAD,DAD,Domestic,VJ,,
2026-08-14|VJ566/VJ419|A550|HUI-HAN-TBB|15:10,2026-08-14,VJ566/VJ419,A550,A321,HUI-HAN-TBB,14:30,15:10,14:30,15:50,15:25,15:54,15:55,16:10,01:20,00:30,DELAY,ONTIME,DELAY,DELAY,,93,00:05,,,,,,HAN,HUI,TBB,Domestic,VJ,,
2026-08-14|VJ494/VJ903|A651|BMV-HAN-BKK|15:45,2026-08-14,VJ494/VJ903,A651,A321,BMV-HAN-BKK,14:30,15:45,14:30,15:45,14:55,15:44,15:45,16:09,01:15,00:50,ONTIME,ONTIME,DELAY,DELAY,,,,,,,,,HAN,BMV,BKK,International,VJ,,
2026-08-14|VJ464/VJ567|A699|VCA-HAN-HUI|15:55,2026-08-14,VJ464/VJ567,A699,A320,VCA-HAN-HUI,15:10,15:55,15:10,16:50,16:30,16:59,17:00,17:20,01:40,00:30,DELAY,ONTIME,DELAY,DELAY,,93,00:05,66,00:05,,,CHANGE CREW OB 1640L,HAN,VCA,HUI,Domestic,VJ,,
2026-08-14|VJ906/VJ773|A644|KUL-HAN-CXR|16:00,2026-08-14,VJ906/VJ773,A644,A321,KUL-HAN-CXR,14:40,16:00,14:40,16:00,15:05,15:59,16:00,16:30,01:20,00:55,ONTIME,ONTIME,DELAY,DELAY,,,,,,,,,HAN,KUL,CXR,Domestic,VJ,,
2026-08-14|VJ508/VJ913|A630|DAD-HAN-SAI|16:20,2026-08-14,VJ508/VJ913,A630,A321,DAD-HAN-SAI,15:25,16:20,18:45,17:00,16:40,17:14,17:15,17:20,22:15,00:35,DELAY,ONTIME,DELAY,DELAY,,93,00:10,66,00:05,,,CREW OB 1654,HAN,DAD,SAI,International,VJ,,
2026-08-14|VJ452/VJ193|A534|PQC-HAN-SGN|16:35,2026-08-14,VJ452/VJ193,A534,A321,PQC-HAN-SGN,16:20,16:35,16:20,18:00,17:40,18:09,18:10,18:20,01:40,00:30,DELAY,ONTIME,DELAY,DELAY,,93,00:10,,,,,,HAN,PQC,SGN,Domestic,VJ,,
2026-08-14|VJ142/VJ513|A658|SGN-HAN-DAD|16:35,2026-08-14,VJ142/VJ513,A658,A320,SGN-HAN-DAD,15:30,16:35,15:30,16:35,16:10,16:44,16:45,16:49,01:05,00:35,DELAY,ONTIME,ONTIME,DELAY,,87,00:10,,,,,GATE LIMIT,HAN,SGN,DAD,Domestic,VJ,,
2026-08-14|VJ5068/VJ5068|A554|CXR-HAN-NOZ|16:55,2026-08-14,VJ5068/VJ5068,A554,A321,CXR-HAN-NOZ,16:20,16:55,16:20,16:55,16:35,17:21,17:23,17:36,00:35,00:48,DELAY,DELAY,DELAY,ONTIME,,93,00:10,63A,00:18,,,CAPT OB 1718,HAN,CXR,NOZ,International,VJ,,
2026-08-14|VJ902/VJ495|A500|BKK-HAN-BMV|17:30,2026-08-14,VJ902/VJ495,A500,A321,BKK-HAN-BMV,15:50,17:30,15:50,17:30,16:55,17:29,17:30,17:45,01:40,00:35,ONTIME,ONTIME,ONTIME,DELAY,,,,,,,,,HAN,BKK,BMV,Domestic,VJ,,
2026-08-14|VJ772/VJ141|A663|CXR-HAN-SGN|17:35,2026-08-14,VJ772/VJ141,A663,A320,CXR-HAN-SGN,15:55,17:35,15:55,17:35,16:50,17:34,17:35,17:42,01:40,00:45,ONTIME,ONTIME,ONTIME,DELAY,,,,,,,,,HAN,CXR,SGN,Domestic,VJ,,
2026-08-14|VJ949/VJ789|A203|RMQ-HAN-CXR|18:45,2026-08-14,VJ949/VJ789,A203,A321,RMQ-HAN-CXR,19:50,18:45,19:50,21:05,19:45,21:04,21:05,21:15,01:15,01:20,ONTIME,ONTIME,DELAY,ONTIME,,,,,,,,,HAN,RMQ,CXR,Domestic,VJ,,
2026-08-14|VJ436/VJ155|A676|UIH-HAN-SGN|18:55,2026-08-14,VJ436/VJ155,A676,A320,UIH-HAN-SGN,16:25,18:55,17:05,18:55,17:20,18:54,18:55,19:03,01:50,01:35,ONTIME,ONTIME,ONTIME,DELAY,,,,,,,,,HAN,UIH,SGN,Domestic,VJ,,
2026-08-14|VJ512/VJ521|A639|DAD-HAN-DAD|19:00,2026-08-14,VJ512/VJ521,A639,A321,DAD-HAN-DAD,18:25,19:00,20:15,20:55,20:10,20:51,20:52,21:02,00:40,00:42,EARLY,ONTIME,DELAY,DELAY,,,,,,,,,HAN,DAD,DAD,Domestic,VJ,,
2026-08-14|VJ424/VJ561|A544|PXU-HAN-HUI|19:15,2026-08-14,VJ424/VJ561,A544,A321,PXU-HAN-HUI,20:30,19:15,18:45,19:50,19:25,19:54,19:55,20:03,01:05,00:30,DELAY,ONTIME,DELAY,ONTIME,,93,00:05,,,,,,HAN,PXU,HUI,Domestic,VJ,,
2026-08-14|VJ931/VJ157|A674|KIX-HAN-SGN|19:30,2026-08-14,VJ931/VJ157,A674,A321,KIX-HAN-SGN,21:40,19:30,18:30,19:30,18:15,19:29,19:30,19:40,01:00,01:15,ONTIME,ONTIME,ONTIME,ONTIME,,,,,,,,,HAN,KIX,SGN,Domestic,VJ,,
2026-08-14|VJ146/VJ149|A668|SGN-HAN-SGN|14:00,2026-08-14,VJ146/VJ149,A668,A320,SGN-HAN-SGN,18:55,14:00,19:25,20:00,19:50,20:14,20:15,20:35,00:35,00:25,DELAY,ONTIME,DELAY,DELAY,,93,00:15,,,,,,HAN,SGN,SGN,Domestic,VJ,,
2026-08-14|VJ442/VJ519|A542|PQC-HAN-DAD|19:35,2026-08-14,VJ442/VJ519,A542,A321,PQC-HAN-DAD,19:05,19:35,20:05,20:50,20:15,20:59,21:00,21:04,00:45,00:45,DELAY,ONTIME,DELAY,DELAY,,34,00:10,,,,,LACK OF COBUS,HAN,PQC,DAD,Domestic,VJ,,
2026-08-14|VJ420/VJ523|A550|TBB-HAN-DAD|19:40,2026-08-14,VJ420/VJ523,A550,A321,TBB-HAN-DAD,21:00,19:40,22:00,20:40,20:20,20:59,21:00,21:10,22:40,00:40,DELAY,DELAY,DELAY,ONTIME,,93,00:10,66,00:10,,,CREW HN OB 2042LT,HAN,TBB,DAD,Domestic,VJ,,
2026-08-14|VJ148/VJ7712|A671|SGN-HAN-PKX|19:55,2026-08-14,VJ148/VJ7712,A671,A320,SGN-HAN-PKX,00:20,19:55,18:25,19:55,18:40,19:45,19:46,19:49,01:30,01:06,EARLY,ONTIME,ONTIME,DELAY,,,,,,,,,HAN,SGN,PKX,International,VJ,,
2026-08-14|VJ928/VJ907|A551|CGK-HAN-BOM|20:05,2026-08-14,VJ928/VJ907,A551,A321,CGK-HAN-BOM,18:15,20:05,18:15,20:05,18:20,19:57,19:58,20:20,01:50,01:38,EARLY,ONTIME,ONTIME,ONTIME,,,,,,,,,HAN,CGK,BOM,International,VJ,,
2026-08-14|VJ438/VJ455|A547|UIH-HAN-PQC|20:05,2026-08-14,VJ438/VJ455,A547,A321,UIH-HAN-PQC,18:40,20:05,18:40,20:05,19:55,20:29,20:30,20:40,01:25,00:35,DELAY,DELAY,DELAY,DELAY,,93,00:20,66,00:05,,,CREW OB 2006,HAN,UIH,PQC,Domestic,VJ,,
2026-08-14|VJ456/VJ159|A661|PQC-HAN-SGN|20:10,2026-08-14,VJ456/VJ159,A661,A321,PQC-HAN-SGN,17:50,20:10,17:50,20:10,19:35,20:59,21:00,21:04,02:20,01:25,DELAY,DELAY,DELAY,DELAY,,,,99,00:50,,,WAIT CIPA,HAN,PQC,SGN,Domestic,VJ,,
2026-08-14|VJ7639/VJ783|A650|TXN-HAN-CXR|20:25,2026-08-14,VJ7639/VJ783,A650,A320,TXN-HAN-CXR,22:15,20:25,18:55,20:25,19:35,20:21,20:22,20:35,01:30,00:47,EARLY,ONTIME,ONTIME,ONTIME,,,,,,,,,HAN,TXN,CXR,Domestic,VJ,,
2026-08-14|VJ516/VJ161|A658|DAD-HAN-SGN|20:55,2026-08-14,VJ516/VJ161,A658,A320,DAD-HAN-SGN,19:45,20:55,19:45,20:55,20:40,21:04,21:05,21:20,01:10,00:25,DELAY,ONTIME,DELAY,DELAY,,93,00:10,,,,,,HAN,DAD,SGN,Domestic,VJ,,
2026-08-14|VJ568/VJ7238|A699|HUI-HAN-PVG|21:15,2026-08-14,VJ568/VJ7238,A699,A320,HUI-HAN-PVG,01:15,21:15,18:55,21:15,20:45,21:24,21:25,21:30,02:20,00:40,DELAY,ONTIME,ONTIME,DELAY,,66,00:05,34,00:05,,,CREW HN OB 2104LT,HAN,HUI,PVG,International,VJ,,
2026-08-14|VJ434/VJ163|A200|UIH-HAN-SGN|21:25,2026-08-14,VJ434/VJ163,A200,A321,UIH-HAN-SGN,23:35,21:25,17:40,21:25,18:30,21:24,21:25,21:40,03:45,02:55,ONTIME,ONTIME,ONTIME,ONTIME,,,,,,,,,HAN,UIH,SGN,Domestic,VJ,,
2026-08-14|VJ904/VJ527|A651|BKK-HAN-DAD|21:25,2026-08-14,VJ904/VJ527,A651,A321,BKK-HAN-DAD,20:25,21:25,20:25,21:25,21:10,21:47,21:48,21:52,01:00,00:38,DELAY,DELAY,DELAY,DELAY,,93,00:15,66,00:08,,,CREW OB 2118,HAN,BKK,DAD,Domestic,VJ,,
2026-08-14|VJ776/VJ7526|A634|CXR-HAN-CAN|22:30,2026-08-14,VJ776/VJ7526,A634,A321,CXR-HAN-CAN,20:10,22:30,20:10,22:30,20:27,22:27,22:28,22:29,02:20,02:01,EARLY,ONTIME,ONTIME,DELAY,,,,,,,,,HAN,CXR,CAN,International,VJ,,
2026-08-14|VJ518/VJ529|A642|DAD-HAN-DAD|22:35,2026-08-14,VJ518/VJ529,A642,A321,DAD-HAN-DAD,22:05,22:35,22:05,22:35,22:14,22:39,22:40,22:45,00:30,00:26,DELAY,ONTIME,ONTIME,ONTIME,,93,00:05,,,,,,HAN,DAD,DAD,Domestic,VJ,,
2026-08-14|VJ943/VJ167|A646|TPE-HAN-SGN|22:45,2026-08-14,VJ943/VJ167,A646,A321,TPE-HAN-SGN,20:55,22:45,20:55,22:45,22:20,23:53,23:54,23:55,01:50,01:34,DELAY,DELAY,DELAY,DELAY,,93,00:05,95,01:04,,,CREW VJ154 OB 2340,HAN,TPE,SGN,Domestic,VJ,,
2026-08-14|VJ468/VJ962|A535|VCA-HAN-ICN|23:15,2026-08-14,VJ468/VJ962,A535,A321,VCA-HAN-ICN,05:30,23:15,19:50,23:15,21:50,23:34,23:35,23:40,03:25,01:45,DELAY,DELAY,DELAY,DELAY,,15A,00:20,,,,,OFLD 03PAX 04PCS,HAN,VCA,ICN,International,VJ,,
2026-08-14|VJ914/VJ169|A630|SAI-HAN-SGN|23:25,2026-08-14,VJ914/VJ169,A630,A321,SAI-HAN-SGN,01:35,23:25,20:50,23:25,21:25,23:49,23:50,00:03,02:35,02:25,DELAY,DELAY,DELAY,DELAY,,95,00:25,,,,,CREW FROM VJ150 OB2328LT,HAN,SAI,SGN,Domestic,VJ,,
2026-08-15|VJ932|A536|HAN-NRT|00:30,2026-08-15,VJ932,A536,A321,HAN-NRT,,00:30,,00:30,,00:29,00:30,00:34,,,ONTIME,ONTIME,ONTIME,,,,,,,,,,HAN,,NRT,International,VJ,,
2026-08-15|VJ982|A629|HAN-PUS|01:05,2026-08-15,VJ982,A629,A321,HAN-PUS,,01:05,,01:05,,00:59,01:00,01:05,,,EARLY,ONTIME,ONTIME,,,,,,,,,,HAN,,PUS,International,VJ,,
2026-08-15|VJ7706/VJ7706|A580|CXR-HAN-KHV|01:05,2026-08-15,VJ7706/VJ7706,A580,A321,CXR-HAN-KHV,00:30,01:05,00:30,01:05,00:40,01:09,01:10,11:15,00:35,00:30,DELAY,ONTIME,DELAY,ONTIME,,93,00:05,,,,,,HAN,CXR,KHV,International,VJ,,
2026-08-15|VJ938|A500|HAN-KIX|01:20,2026-08-15,VJ938,A500,A321,HAN-KIX,,01:20,,01:20,,01:19,01:20,01:28,,,ONTIME,ONTIME,ONTIME,,,,,,,,,,HAN,,KIX,International,VJ,,
2026-08-15|VJ960|A544|HAN-ICN|01:40,2026-08-15,VJ960,A544,A321,HAN-ICN,,01:40,,01:40,,01:39,01:40,01:53,,,ONTIME,ONTIME,ONTIME,,,,,,,,,,HAN,,ICN,International,VJ,,
2026-08-15|VJ920|A524|HAN-NGO|01:40,2026-08-15,VJ920,A524,A321,HAN-NGO,,01:40,,01:40,,01:44,01:45,01:50,,,DELAY,ONTIME,ONTIME,,,99,00:05,,,,,ARRANGE PAX ON BOARD,HAN,,NGO,International,VJ,,
2026-08-15|VJ958|A673|HAN-FUK|02:05,2026-08-15,VJ958,A673,A321,HAN-FUK,,02:05,,02:05,,02:00,02:01,02:03,,,EARLY,ONTIME,ONTIME,,,,,,,,,,HAN,,FUK,International,VJ,,
2026-08-15|VJ121|A534|HAN-SGN|06:00,2026-08-15,VJ121,A534,A321,HAN-SGN,,06:00,,06:00,,05:54,05:55,06:04,,,EARLY,ONTIME,ONTIME,,,,,,,,,,HAN,,SGN,Domestic,VJ,,
2026-08-15|VJ771|A662|HAN-CXR|06:00,2026-08-15,VJ771,A662,A320,HAN-CXR,,06:00,,06:00,,05:54,05:55,06:05,,,EARLY,ONTIME,ONTIME,,,,,,,,,,HAN,,CXR,Domestic,VJ,,
2026-08-15|VJ491|A550|HAN-BMV|06:00,2026-08-15,VJ491,A550,A321,HAN-BMV,,06:00,,06:00,,05:54,05:55,06:05,,,EARLY,ONTIME,ONTIME,,,,,,,,,,HAN,,BMV,Domestic,VJ,,
2026-08-15|VJ501|A634|HAN-DAD|06:00,2026-08-15,VJ501,A634,A321,HAN-DAD,,06:00,,06:00,,05:54,05:55,06:00,,,EARLY,ONTIME,ONTIME,,,,,,,,,,HAN,,DAD,Domestic,VJ,,
2026-08-15|VJ7713/VJ431|A671|PKX-HAN-UIH|06:05,2026-08-15,VJ7713/VJ431,A671,A320,PKX-HAN-UIH,03:55,06:05,03:55,06:05,04:00,05:59,06:00,06:10,02:10,02:00,EARLY,ONTIME,ONTIME,ONTIME,,,,,,,,,HAN,PKX,UIH,Domestic,VJ,,
2026-08-15|VJ461|A650|HAN-VCA|06:45,2026-08-15,VJ461,A650,A320,HAN-VCA,,06:45,,06:45,,06:39,06:40,06:45,,,EARLY,ONTIME,ONTIME,,,,,,,,,,HAN,,VCA,Domestic,VJ,,
2026-08-15|VJ5069/VJ5069|A554|NOZ-HAN-CXR|06:45,2026-08-15,VJ5069/VJ5069,A554,A321,NOZ-HAN-CXR,06:15,06:45,06:15,06:45,06:30,06:50,06:51,06:56,00:30,00:21,DELAY,ONTIME,ONTIME,ONTIME,,93,00:06,,,,,,HAN,NOZ,CXR,Domestic,VJ,,
2026-08-15|VJ1771|A539|HAN-CXR|07:00,2026-08-15,VJ1771,A539,A321,HAN-CXR,,07:00,,07:00,,06:54,06:55,07:04,,,EARLY,ONTIME,ONTIME,,,,,,,,,,HAN,,CXR,Domestic,VJ,,
2026-08-15|VJ421|A649|HAN-PXU|07:10,2026-08-15,VJ421,A649,A321,HAN-PXU,,07:10,,07:10,,07:04,07:05,07:15,,,EARLY,ONTIME,ONTIME,,,,,,,,,,HAN,,PXU,Domestic,VJ,,
2026-08-15|VJ502/VJ503|A543|DAD-HAN-DAD|07:30,2026-08-15,VJ502/VJ503,A543,A321,DAD-HAN-DAD,07:00,07:30,07:00,07:30,06:46,07:24,07:25,07:28,00:30,00:39,EARLY,ONTIME,ONTIME,ONTIME,,,,,,,,,HAN,DAD,DAD,Domestic,VJ,,
2026-08-15|VJ120/VJ934|A521|SGN-HAN-NRT|07:55,2026-08-15,VJ120/VJ934,A521,A321,SGN-HAN-NRT,07:10,07:55,07:10,07:55,07:00,07:59,08:00,08:06,00:45,01:00,DELAY,ONTIME,ONTIME,ONTIME,,99,00:05,,,,,STUCK IMMI,HAN,SGN,NRT,International,VJ,,
2026-08-15|VJ930|A532|HAN-KIX|08:10,2026-08-15,VJ930,A532,A321,HAN-KIX,,08:10,,08:10,,08:09,08:10,08:15,,,ONTIME,ONTIME,ONTIME,,,,,,,,,,HAN,,KIX,International,VJ,,
2026-08-15|VJ127|A699|HAN-SGN|08:10,2026-08-15,VJ127,A699,A320,HAN-SGN,,08:10,,08:10,,08:09,08:10,08:13,,,ONTIME,ONTIME,ONTIME,,,,,,,,,,HAN,,SGN,Domestic,VJ,,
2026-08-15|VJ929|A633|HAN-CGK|08:40,2026-08-15,VJ929,A633,A321,HAN-CGK,,08:40,,08:40,,08:38,08:40,08:42,,,ONTIME,ONTIME,ONTIME,,,,,,,,,,HAN,,CGK,International,VJ,,
2026-08-15|VJ124/VJ129|A675|SGN-HAN-SGN|08:45,2026-08-15,VJ124/VJ129,A675,A320,SGN-HAN-SGN,08:15,08:45,08:15,08:45,08:10,08:43,08:45,08:46,00:30,00:35,ONTIME,ONTIME,ONTIME,ONTIME,,,,,,,,,HAN,SGN,SGN,Domestic,VJ,,
2026-08-15|VJ447|A643|HAN-PQC|08:45,2026-08-15,VJ447,A643,A321,HAN-PQC,,08:45,,08:45,,08:44,08:45,09:00,,,ONTIME,ONTIME,ONTIME,,,,,,,,,,HAN,,PQC,Domestic,VJ,,
2026-08-15|VJ504/VJ435|A656|DAD-HAN-UIH|08:50,2026-08-15,VJ504/VJ435,A656,A320,DAD-HAN-UIH,08:20,08:50,08:20,08:50,08:23,08:47,08:48,08:53,00:30,00:25,EARLY,ONTIME,ONTIME,ONTIME,,,,,,,,,HAN,DAD,UIH,Domestic,VJ,,
2026-08-15|VJ563|A687|HAN-HUI|09:20,2026-08-15,VJ563,A687,A321,HAN-HUI,,09:20,,09:20,,09:19,09:20,09:26,,,ONTIME,ONTIME,ONTIME,,,,,,,,,,HAN,,HUI,Domestic,VJ,,
2026-08-15|VJ915|A542|HAN-SIN|09:35,2026-08-15,VJ915,A542,A321,HAN-SIN,,09:35,,09:35,,09:31,09:32,09:35,,,EARLY,ONTIME,ONTIME,,,,,,,,,,HAN,,SIN,International,VJ,,
2026-08-15|VJ514/VJ1773|A634|DAD-HAN-CXR|10:00,2026-08-15,VJ514/VJ1773,A634,A321,DAD-HAN-CXR,09:10,10:00,09:10,10:00,09:20,09:57,09:58,10:03,00:50,00:38,EARLY,ONTIME,ONTIME,ONTIME,,,,,,,,,HAN,DAD,CXR,Domestic,VJ,,
2026-08-15|VJ126/VJ131|A667|SGN-HAN-SGN|10:10,2026-08-15,VJ126/VJ131,A667,A321,SGN-HAN-SGN,09:40,10:10,09:40,10:10,11:30,11:59,12:00,12:02,00:30,00:30,DELAY,DELAY,DELAY,DELAY,,93,01:50,,,,,,HAN,SGN,SGN,Domestic,VJ,,
2026-08-15|VJ430/VJ463|A671|UIH-HAN-VCA|10:20,2026-08-15,VJ430/VJ463,A671,A320,UIH-HAN-VCA,09:50,10:20,09:50,10:20,10:05,10:26,10:27,10:34,00:30,00:22,DELAY,ONTIME,ONTIME,ONTIME,,93,00:07,,,,,,HAN,UIH,VCA,Domestic,VJ,,
2026-08-15|VJ997|A551|HAN-DPS|10:25,2026-08-15,VJ997,A551,A321,HAN-DPS,,10:25,,10:25,,10:14,10:15,10:25,,,EARLY,ONTIME,ONTIME,,,,,,,,,,HAN,,DPS,International,VJ,,
2026-08-15|VJ963/VJ493|A535|ICN-HAN-BMV|10:30,2026-08-15,VJ963/VJ493,A535,A321,ICN-HAN-BMV,08:55,10:30,08:55,10:30,09:10,10:24,10:25,10:29,01:35,01:15,EARLY,ONTIME,ONTIME,ONTIME,,,,,,,,,HAN,ICN,BMV,Domestic,VJ,,
2026-08-15|VJ770/VJ437|A662|CXR-HAN-UIH|10:40,2026-08-15,VJ770/VJ437,A662,A320,CXR-HAN-UIH,10:10,10:40,10:10,10:40,10:30,10:52,10:54,10:55,00:30,00:24,DELAY,ONTIME,ONTIME,DELAY,,93,00:14,,,,,,HAN,CXR,UIH,Domestic,VJ,,
2026-08-15|VJ524/VJ507|A543|DAD-HAN-DAD|11:10,2026-08-15,VJ524/VJ507,A543,A321,DAD-HAN-DAD,10:40,11:10,10:40,11:10,10:40,11:09,11:10,11:18,00:30,00:30,ONTIME,ONTIME,ONTIME,ONTIME,,,,,,,,,HAN,DAD,DAD,Domestic,VJ,,
2026-08-15|VJ981/VJ901|A629|PUS-HAN-BKK|11:10,2026-08-15,VJ981/VJ901,A629,A321,PUS-HAN-BKK,10:40,11:10,10:10,11:10,10:15,11:03,11:04,11:06,01:00,00:49,EARLY,ONTIME,ONTIME,ONTIME,,,,,,,,,HAN,PUS,BKK,International,VJ,,
2026-08-15|VJ422/VJ565|A649|PXU-HAN-HUI|11:40,2026-08-15,VJ422/VJ565,A649,A321,PXU-HAN-HUI,10:50,11:40,10:50,11:40,10:50,11:34,11:35,11:40,00:50,00:45,EARLY,ONTIME,ONTIME,ONTIME,,,,,,,,,HAN,PXU,HUI,Domestic,VJ,,
2026-08-15|VJ190/VJ775|A672|SGN-HAN-CXR|11:45,2026-08-15,VJ190/VJ775,A672,A320,SGN-HAN-CXR,10:25,11:45,10:52,11:45,10:55,11:44,11:45,11:49,00:53,00:50,ONTIME,ONTIME,ONTIME,DELAY,,,,,,,,,HAN,SGN,CXR,Domestic,VJ,,
2026-08-15|VJ1772/VJ1453|A539|CXR-HAN-PQC|12:00,2026-08-15,VJ1772/VJ1453,A539,A321,CXR-HAN-PQC,11:15,12:00,11:15,12:00,11:30,11:59,12:00,12:02,00:45,00:30,ONTIME,ONTIME,ONTIME,ONTIME,,,,,,,,,HAN,CXR,PQC,Domestic,VJ,,
2026-08-15|VJ462/VJ515|A650|VCA-HAN-DAD|12:10,2026-08-15,VJ462/VJ515,A650,A320,VCA-HAN-DAD,11:40,12:10,11:40,12:10,12:05,12:19,12:20,12:25,00:30,00:15,DELAY,ONTIME,ONTIME,DELAY,,93,00:10,,,,,,HAN,VCA,DAD,Domestic,VJ,,
2026-08-15|VJ450/VJ137|A683|PQC-HAN-SGN|12:20,2026-08-15,VJ450/VJ137,A683,A321,PQC-HAN-SGN,11:15,12:20,11:18,12:20,11:20,12:26,12:27,12:35,01:02,01:07,DELAY,ONTIME,ONTIME,ONTIME,,15A,00:07,,,,,OFLD 12PAX WITH 7BAG / LATE TAKEOFF DUE TO ATC,HAN,PQC,SGN,Domestic,VJ,,
2026-08-15|VJ432/VJ509|A656|UIH-HAN-DAD|13:05,2026-08-15,VJ432/VJ509,A656,A320,UIH-HAN-DAD,12:35,13:05,12:35,13:05,12:40,13:04,13:05,13:08,00:30,00:25,ONTIME,ONTIME,ONTIME,ONTIME,,,,,,,,,HAN,UIH,DAD,Domestic,VJ,,
2026-08-15|VJ564/VJ787|A687|HUI-HAN-CXR|13:10,2026-08-15,VJ564/VJ787,A687,A321,HUI-HAN-CXR,12:20,13:10,12:20,13:10,12:35,13:09,13:10,13:12,00:50,00:35,ONTIME,ONTIME,ONTIME,ONTIME,,,,,,,,,HAN,HUI,CXR,Domestic,VJ,,
2026-08-15|VJ492/VJ433|A550|BMV-HAN-UIH|13:20,2026-08-15,VJ492/VJ433,A550,A321,BMV-HAN-UIH,10:00,13:20,10:00,13:20,10:25,13:17,13:18,13:23,03:20,02:53,EARLY,ONTIME,ONTIME,DELAY,,,,,,,,,HAN,BMV,UIH,Domestic,VJ,,
2026-08-15|VJ939/VJ948|A500|KIX-HAN-RMQ|13:30,2026-08-15,VJ939/VJ948,A500,A321,KIX-HAN-RMQ,12:20,13:30,12:20,13:30,12:25,13:29,13:30,13:33,01:10,01:05,ONTIME,ONTIME,ONTIME,ONTIME,,,,,,,,,HAN,KIX,RMQ,International,VJ,,
2026-08-15|VJ921/VJ453|A524|NGO-HAN-PQC|13:50,2026-08-15,VJ921/VJ453,A524,A321,NGO-HAN-PQC,12:50,13:50,12:50,13:50,12:50,13:48,13:50,13:52,01:00,01:00,ONTIME,ONTIME,ONTIME,ONTIME,,,,,,,,,HAN,NGO,PQC,Domestic,VJ,,
2026-08-15|VJ933/VJ441|A536|NRT-HAN-PQC|14:00,2026-08-15,VJ933/VJ441,A536,A321,NRT-HAN-PQC,13:05,14:00,13:05,14:00,13:05,13:52,13:53,13:58,00:55,00:48,EARLY,ONTIME,ONTIME,ONTIME,,,,,,,,,HAN,NRT,PQC,Domestic,VJ,,
2026-08-15|VJ128/VJ7316|A689|SGN-HAN-ENH|14:00,2026-08-15,VJ128/VJ7316,A689,A320,SGN-HAN-ENH,11:50,14:00,13:29,14:40,13:45,14:26,14:27,14:30,01:11,00:42,EARLY,ONTIME,DELAY,DELAY,,,,,,,,,HAN,SGN,ENH,International,VJ,,
2026-08-15|VJ440/VJ143|A643|PQC-HAN-SGN|14:05,2026-08-15,VJ440/VJ143,A643,A321,PQC-HAN-SGN,13:30,14:05,13:30,14:45,13:55,14:39,14:40,14:44,01:15,00:45,EARLY,ONTIME,DELAY,DELAY,,,,,,,,,HAN,PQC,SGN,Domestic,VJ,,
2026-08-15|VJ959/VJ942|A673|FUK-HAN-TPE|14:25,2026-08-15,VJ959/VJ942,A673,A321,FUK-HAN-TPE,11:45,14:25,12:00,14:25,11:50,14:24,14:25,14:50,02:25,02:35,ONTIME,ONTIME,DELAY,ONTIME,,,,,,,,LATE PUSHBACK TAKEOFF DUE TO CTOT 1513L,HAN,FUK,TPE,International,VJ,,
2026-08-15|VJ136/VJ467|A669|SGN-HAN-VCA|14:30,2026-08-15,VJ136/VJ467,A669,A320,SGN-HAN-VCA,14:10,14:30,14:10,14:45,15:05,15:24,15:25,15:34,00:35,00:20,DELAY,DELAY,DELAY,DELAY,,93,00:40,,,,,,HAN,SGN,VCA,Domestic,VJ,,
2026-08-15|VJ961/VJ946|A544|ICN-HAN-KHH|14:35,2026-08-15,VJ961/VJ946,A544,A321,ICN-HAN-KHH,13:35,14:35,14:10,15:00,14:15,14:59,15:00,15:07,00:50,00:45,ONTIME,ONTIME,DELAY,DELAY,,,,,,,,,HAN,ICN,KHH,International,VJ,,
2026-08-15|VJ1504/VJ1505|A534|DAD-HAN-DAD|14:35,2026-08-15,VJ1504/VJ1505,A534,A321,DAD-HAN-DAD,14:00,14:35,14:00,14:35,14:45,15:21,15:22,15:24,00:35,00:37,DELAY,DELAY,DELAY,DELAY,,93,00:40,15,00:07,,,,HAN,DAD,DAD,Domestic,VJ,,
2026-08-15|VJ7707/VJ7707|A580|KHV-HAN-CXR|14:55,2026-08-15,VJ7707/VJ7707,A580,A321,KHV-HAN-CXR,14:25,14:55,14:25,14:55,14:00,14:53,14:54,15:02,00:30,00:54,EARLY,ONTIME,ONTIME,ONTIME,,,,,,,,,HAN,KHV,CXR,Domestic,VJ,,
2026-08-15|VJ510/VJ511|A632|DAD-HAN-DAD|15:05,2026-08-15,VJ510/VJ511,A632,A321,DAD-HAN-DAD,14:35,15:05,14:35,15:05,15:00,15:29,15:30,15:35,00:30,00:30,DELAY,DELAY,DELAY,DELAY,,93,00:25,,,,,,HAN,DAD,DAD,Domestic,VJ,,
2026-08-15|VJ566/VJ419|A649|HUI-HAN-TBB|15:10,2026-08-15,VJ566/VJ419,A649,A321,HUI-HAN-TBB,14:40,15:10,14:40,15:10,14:35,15:18,15:19,15:23,00:30,00:44,DELAY,ONTIME,ONTIME,ONTIME,,15,00:09,,,,,,HAN,HUI,TBB,Domestic,VJ,,
2026-08-15|VJ1774/VJ423|A203|CXR-HAN-PXU|15:10,2026-08-15,VJ1774/VJ423,A203,A321,CXR-HAN-PXU,14:30,15:10,14:30,15:10,14:55,15:22,15:23,15:25,00:40,00:28,DELAY,ONTIME,ONTIME,DELAY,,93,00:13,,,,,LATE TAKEOFF DUE TO ATC,HAN,CXR,PXU,Domestic,VJ,,
2026-08-15|VJ494/VJ439|A535|BMV-HAN-UIH|15:40,2026-08-15,VJ494/VJ439,A535,A321,BMV-HAN-UIH,14:30,15:40,14:30,15:40,14:30,15:29,15:30,15:40,01:10,01:00,EARLY,ONTIME,ONTIME,ONTIME,,,,,,,,,HAN,BMV,UIH,Domestic,VJ,,
2026-08-15|VJ7620/VJ7620|A554|CXR-HAN-BAX|15:40,2026-08-15,VJ7620/VJ7620,A554,A321,CXR-HAN-BAX,15:05,15:40,15:05,15:40,15:20,15:49,15:50,15:55,00:35,00:30,DELAY,ONTIME,ONTIME,ONTIME,,93,00:10,,,,,,HAN,CXR,BAX,International,VJ,,
2026-08-15|VJ436/VJ903|A662|UIH-HAN-BKK|15:45,2026-08-15,VJ436/VJ903,A662,A320,UIH-HAN-BKK,14:30,15:45,14:30,15:45,14:45,16:04,16:05,16:08,01:15,01:20,DELAY,DELAY,DELAY,ONTIME,,84,00:20,,,,,CTOT 1618L,HAN,UIH,BKK,International,VJ,,
2026-08-15|VJ464/VJ567|A671|VCA-HAN-HUI|15:55,2026-08-15,VJ464/VJ567,A671,A320,VCA-HAN-HUI,15:10,15:55,15:10,15:55,15:35,16:04,16:05,16:10,00:45,00:30,DELAY,ONTIME,ONTIME,DELAY,,93,00:05,66,00:05,,,CREW OB 1544L,HAN,VCA,HUI,Domestic,VJ,,
2026-08-15|VJ508/VJ913|A650|DAD-HAN-SAI|16:20,2026-08-15,VJ508/VJ913,A650,A320,DAD-HAN-SAI,15:25,16:20,15:46,16:20,15:50,16:19,16:20,16:28,00:34,00:30,ONTIME,ONTIME,ONTIME,DELAY,,,,,,,,,HAN,DAD,SAI,International,VJ,,
2026-08-15|VJ142/VJ193|A816|SGN-HAN-SGN|16:30,2026-08-15,VJ142/VJ193,A816,A330,SGN-HAN-SGN,15:30,16:30,15:30,16:30,15:45,16:34,16:35,16:40,01:00,00:50,DELAY,ONTIME,ONTIME,ONTIME,,93,00:05,,,,,,HAN,SGN,SGN,Domestic,VJ,,
2026-08-15|VJ902/VJ465|A629|BKK-HAN-VCA|17:00,2026-08-15,VJ902/VJ465,A629,A321,BKK-HAN-VCA,15:50,17:00,15:50,17:00,16:25,16:59,17:00,17:09,01:10,00:35,ONTIME,ONTIME,ONTIME,DELAY,,,,,,,,,HAN,BKK,VCA,Domestic,VJ,,
2026-08-15|VJ1454/VJ457|A539|PQC-HAN-PQC|17:10,2026-08-15,VJ1454/VJ457,A539,A321,PQC-HAN-PQC,16:35,17:10,16:40,17:10,16:45,17:13,17:14,17:19,00:30,00:29,DELAY,ONTIME,ONTIME,ONTIME,,93,00:04,,,,,LATE TAKEOFF DUE TO ATC,HAN,PQC,PQC,Domestic,VJ,,
2026-08-15|VJ772/VJ495|A672|CXR-HAN-BMV|17:30,2026-08-15,VJ772/VJ495,A672,A320,CXR-HAN-BMV,15:55,17:30,15:55,17:30,16:05,17:29,17:30,17:39,01:35,01:25,ONTIME,ONTIME,ONTIME,ONTIME,,,,,,,,,HAN,CXR,BMV,Domestic,VJ,,
2026-08-15|VJ434/VJ141|A550|UIH-HAN-SGN|17:40,2026-08-15,VJ434/VJ141,A550,A321,UIH-HAN-SGN,17:10,17:40,17:10,17:40,17:05,17:39,17:40,17:43,00:30,00:35,ONTIME,ONTIME,ONTIME,ONTIME,,,,,,,,,HAN,UIH,SGN,Domestic,VJ,,
2026-08-15|VJ774/VJ517|A687|CXR-HAN-DAD|17:45,2026-08-15,VJ774/VJ517,A687,A321,CXR-HAN-DAD,17:15,17:45,17:30,17:45,17:35,18:11,18:12,18:15,00:15,00:37,DELAY,DELAY,DELAY,DELAY,,93,00:20,66,00:07,,,CHANGE CREW OB 1748L,HAN,CXR,DAD,Domestic,VJ,,
2026-08-15|VJ512/VJ521|A632|DAD-HAN-DAD|18:45,2026-08-15,VJ512/VJ521,A632,A321,DAD-HAN-DAD,18:15,18:45,18:50,19:30,19:05,19:29,19:30,19:35,00:40,00:25,ONTIME,ONTIME,DELAY,DELAY,,,,,,,,,HAN,DAD,DAD,Domestic,VJ,,
2026-08-15|VJ916/VJ789|A542|SIN-HAN-CXR|18:45,2026-08-15,VJ916/VJ789,A542,A321,SIN-HAN-CXR,17:25,18:45,17:25,18:45,17:10,18:39,18:40,18:44,01:20,01:30,EARLY,ONTIME,ONTIME,ONTIME,,,,,,,,,HAN,SIN,CXR,Domestic,VJ,,
2026-08-15|VJ456/VJ781|A524|PQC-HAN-CXR|18:50,2026-08-15,VJ456/VJ781,A524,A321,PQC-HAN-CXR,18:20,18:50,18:40,19:20,18:42,19:16,19:17,19:20,00:40,00:35,EARLY,ONTIME,DELAY,DELAY,,,,,,,,,HAN,PQC,CXR,Domestic,VJ,,
2026-08-15|VJ148/VJ155|A675|SGN-HAN-SGN|18:55,2026-08-15,VJ148/VJ155,A675,A320,SGN-HAN-SGN,18:25,18:55,19:20,19:55,19:20,19:49,19:50,19:55,00:35,00:30,EARLY,ONTIME,DELAY,DELAY,,,,,,,,,HAN,SGN,SGN,Domestic,VJ,,
2026-08-15|VJ568/VJ561|A671|HUI-HAN-HUI|19:25,2026-08-15,VJ568/VJ561,A671,A320,HUI-HAN-HUI,18:55,19:25,19:27,20:00,19:30,19:58,19:59,20:05,00:33,00:29,EARLY,ONTIME,DELAY,DELAY,,,,,,,,,HAN,HUI,HUI,Domestic,VJ,,
2026-08-15|VJ144/VJ519|A637|SGN-HAN-DAD|19:25,2026-08-15,VJ144/VJ519,A637,A321,SGN-HAN-DAD,18:25,19:25,18:48,19:25,19:00,19:24,19:25,19:33,00:37,00:25,ONTIME,ONTIME,ONTIME,DELAY,,,,,,,,,HAN,SGN,DAD,Domestic,VJ,,
2026-08-15|VJ928/VJ157|A633|CGK-HAN-SGN|19:30,2026-08-15,VJ928/VJ157,A633,A321,CGK-HAN-SGN,18:15,19:30,18:23,19:30,18:30,19:26,19:27,19:36,01:07,00:57,EARLY,ONTIME,ONTIME,ONTIME,,,,,,,,,HAN,CGK,SGN,Domestic,VJ,,
2026-08-15|VJ424/VJ971|A203|PXU-HAN-DEL|19:40,2026-08-15,VJ424/VJ971,A203,A321,PXU-HAN-DEL,18:45,19:40,18:45,20:10,19:10,20:07,20:09,20:20,01:25,00:59,EARLY,ONTIME,DELAY,DELAY,,,,,,,,,HAN,PXU,DEL,International,VJ,,
2026-08-15|VJ146/VJ523|A643|SGN-HAN-DAD|19:40,2026-08-15,VJ146/VJ523,A643,A321,SGN-HAN-DAD,18:55,19:40,18:55,20:35,20:10,20:34,20:35,20:58,01:40,00:25,ONTIME,ONTIME,DELAY,DELAY,,,,,,,,,HAN,SGN,DAD,Domestic,VJ,,
2026-08-15|VJ530/VJ7712|A656|DAD-HAN-PKX|19:55,2026-08-15,VJ530/VJ7712,A656,A320,DAD-HAN-PKX,16:15,19:55,16:30,19:55,16:38,19:44,19:45,19:50,03:25,03:07,EARLY,ONTIME,ONTIME,DELAY,,,,,,,,,HAN,DAD,PKX,International,VJ,,
2026-08-15|VJ152/VJ159|A668|SGN-HAN-SGN|20:10,2026-08-15,VJ152/VJ159,A668,A320,SGN-HAN-SGN,19:20,20:10,19:48,20:20,19:55,20:19,20:20,20:25,00:32,00:25,ONTIME,ONTIME,ONTIME,DELAY,,,,,,,,,HAN,SGN,SGN,Domestic,VJ,,
2026-08-15|VJ420/VJ783|A649|TBB-HAN-CXR|20:25,2026-08-15,VJ420/VJ783,A649,A321,TBB-HAN-CXR,19:15,20:25,19:14,20:25,19:15,20:13,20:14,20:32,01:11,00:59,EARLY,ONTIME,ONTIME,ONTIME,,,,,,,,,HAN,TBB,CXR,Domestic,VJ,,
2026-08-15|VJ438/VJ161|A671|UIH-HAN-SGN|20:55,2026-08-15,VJ438/VJ161,A671,A320,UIH-HAN-SGN,19:25,20:55,19:25,20:55,20:25,20:49,20:50,20:59,01:30,00:25,EARLY,ONTIME,ONTIME,DELAY,,,,,,,,,HAN,UIH,SGN,Domestic,VJ,,
2026-08-15|VJ904/VJ7238|A662|BKK-HAN-PVG|21:25,2026-08-15,VJ904/VJ7238,A662,A320,BKK-HAN-PVG,20:25,21:25,20:50,21:25,21:00,21:34,21:35,21:40,00:35,00:35,DELAY,ONTIME,ONTIME,DELAY,,66,00:10,,,,,CHANGE CREW OB 2113L (DUE TO LATE ARR),HAN,BKK,PVG,International,VJ,,
2026-08-15|VJ442/VJ163|A553|PQC-HAN-SGN|21:25,2026-08-15,VJ442/VJ163,A553,A321,PQC-HAN-SGN,19:55,21:25,20:21,21:25,20:25,21:11,21:12,21:25,01:04,00:47,EARLY,ONTIME,ONTIME,DELAY,,,,,,,,,HAN,PQC,SGN,Domestic,VJ,,
2026-08-15|VJ7317/VJ527|A689|ENH-HAN-DAD|21:25,2026-08-15,VJ7317/VJ527,A689,A320,ENH-HAN-DAD,19:25,21:25,19:49,21:25,19:55,21:18,21:19,21:25,01:36,01:24,EARLY,ONTIME,ONTIME,DELAY,,,,,,,,,HAN,ENH,DAD,Domestic,VJ,,
2026-08-15|VJ520/VJ7526|A687|DAD-HAN-CAN|22:30,2026-08-15,VJ520/VJ7526,A687,A321,DAD-HAN-CAN,20:55,22:30,21:25,22:30,21:25,22:20,22:21,22:25,01:05,00:56,EARLY,ONTIME,ONTIME,DELAY,,,,,,,,,HAN,DAD,CAN,International,VJ,,
2026-08-15|VJ518/VJ529|A632|DAD-HAN-DAD|22:35,2026-08-15,VJ518/VJ529,A632,A321,DAD-HAN-DAD,22:05,22:35,22:05,23:30,22:55,23:24,23:25,23:29,01:25,00:30,EARLY,ONTIME,DELAY,DELAY,,,,,,,,,HAN,DAD,DAD,Domestic,VJ,,
2026-08-15|VJ943/VJ167|A673|TPE-HAN-SGN|22:45,2026-08-15,VJ943/VJ167,A673,A321,TPE-HAN-SGN,20:55,22:45,21:55,22:45,22:00,22:58,22:59,23:00,00:50,00:59,DELAY,ONTIME,ONTIME,DELAY,,95,00:14,,,,,CREW 194 OB 2243L,HAN,TPE,SGN,Domestic,VJ,,
2026-08-15|VJ998/VJ962|A551|DPS-HAN-ICN|23:15,2026-08-15,VJ998/VJ962,A551,A321,DPS-HAN-ICN,21:35,23:15,21:35,23:15,21:25,23:10,23:12,23:13,01:40,01:47,EARLY,ONTIME,ONTIME,ONTIME,,,,,,,,,HAN,DPS,ICN,International,VJ,,
2026-08-15|AI2390/AI2391|VT-TQL|DEL-HAN-DEL|08:20,2026-08-15,AI2390/AI2391,VT-TQL,A320,DEL-HAN-DEL,07:20,08:20,07:20,08:20,07:30,08:19,08:20,08:21,01:00,00:50,ONTIME,ONTIME,ONTIME,ONTIME,,,,,,,,,HAN,DEL,DEL,International,AI,,
2026-08-16|VJ7660/VJ7660|A516|DAD-HAN-KHV|00:25,2026-08-16,VJ7660/VJ7660,A516,A321,DAD-HAN-KHV,23:50,00:25,23:50,00:25,23:50,00:20,00:21,00:28,00:35,00:31,EARLY,ONTIME,ONTIME,ONTIME,,,,,,,,,HAN,DAD,KHV,International,VJ,,
2026-08-16|VJ932|A521|HAN-NRT|00:30,2026-08-16,VJ932,A521,A321,HAN-NRT,,00:30,,00:30,,00:29,00:30,00:40,,,ONTIME,ONTIME,ONTIME,,,,,,,,,,HAN,,NRT,International,VJ,,
2026-08-16|VJ7704/VJ7704|A580|CXR-HAN-VVO|00:45,2026-08-16,VJ7704/VJ7704,A580,A321,CXR-HAN-VVO,00:10,00:45,00:10,00:45,00:30,00:58,00:59,01:00,00:35,00:29,DELAY,ONTIME,ONTIME,DELAY,,93,00:14,,,,,,HAN,CXR,VVO,International,VJ,,
2026-08-16|VJ780/VJ982|A647|CXR-HAN-PUS|01:05,2026-08-16,VJ780/VJ982,A647,A321,CXR-HAN-PUS,23:00,01:05,23:00,01:05,,01:04,01:05,01:14,02:05,,ONTIME,ONTIME,ONTIME,ONTIME,,,,,,,,,HAN,CXR,PUS,International,VJ,,
2026-08-16|VJ938|A544|HAN-KIX|01:20,2026-08-16,VJ938,A544,A321,HAN-KIX,,01:20,,01:20,,01:19,01:20,01:27,,,ONTIME,ONTIME,ONTIME,,,,,,,,,,HAN,,KIX,International,VJ,,
2026-08-16|VJ960|A633|HAN-ICN|01:40,2026-08-16,VJ960,A633,A321,HAN-ICN,,01:40,,01:40,,01:39,01:40,01:43,,,ONTIME,ONTIME,ONTIME,,,,,,,,,,HAN,,ICN,International,VJ,,
2026-08-16|VJ920|A500|HAN-NGO|01:40,2026-08-16,VJ920,A500,A321,HAN-NGO,,01:40,,01:40,,01:39,01:40,01:49,,,ONTIME,ONTIME,ONTIME,,,,,,,,,,HAN,,NGO,International,VJ,,
2026-08-16|VJ1980|A672|HAN-FSZ|02:40,2026-08-16,VJ1980,A672,A320,HAN-FSZ,,02:40,,02:40,,02:38,02:39,02:42,,,EARLY,ONTIME,ONTIME,,,,,,,,,,HAN,,FSZ,International,VJ,,
2026-08-16|VJ123|A535|HAN-SGN|05:30,2026-08-16,VJ123,A535,A321,HAN-SGN,,05:30,,05:30,,05:24,05:25,05:33,,,EARLY,ONTIME,ONTIME,,,,,,,,,,HAN,,SGN,Domestic,VJ,,
2026-08-16|VJ445|A641|HAN-PQC|05:30,2026-08-16,VJ445,A641,A321,HAN-PQC,,05:30,,05:30,,05:23,05:25,05:27,,,EARLY,ONTIME,ONTIME,,,,,,,,,,HAN,,PQC,Domestic,VJ,,
2026-08-16|VJ501|A649|HAN-DAD|05:40,2026-08-16,VJ501,A649,A321,HAN-DAD,,05:40,,05:40,,05:35,05:36,05:38,,,EARLY,ONTIME,ONTIME,,,,,,,,,,HAN,,DAD,Domestic,VJ,,
2026-08-16|VJ771|A668|HAN-CXR|05:45,2026-08-16,VJ771,A668,A320,HAN-CXR,,05:45,,05:45,,05:39,05:40,05:44,,,EARLY,ONTIME,ONTIME,,,,,,,,,,HAN,,CXR,Domestic,VJ,,
2026-08-16|VJ121|A656|HAN-SGN|06:00,2026-08-16,VJ121,A656,A320,HAN-SGN,,06:00,,06:00,,05:49,05:50,05:52,,,EARLY,ONTIME,ONTIME,,,,,,,,,,HAN,,SGN,Domestic,VJ,,
2026-08-16|VJ491|A687|HAN-BMV|06:00,2026-08-16,VJ491,A687,A321,HAN-BMV,,06:00,,06:00,,05:54,05:55,05:57,,,EARLY,ONTIME,ONTIME,,,,,,,,,,HAN,,BMV,Domestic,VJ,,
2026-08-16|VJ431|A676|HAN-UIH|06:05,2026-08-16,VJ431,A676,A320,HAN-UIH,,06:05,,06:05,,05:59,06:00,06:05,,,EARLY,ONTIME,ONTIME,,,,,,,,,,HAN,,UIH,Domestic,VJ,,
2026-08-16|VJ952|A662|HAN-HIJ|06:15,2026-08-16,VJ952,A662,A320,HAN-HIJ,,06:15,,06:15,,06:08,06:10,06:12,,,EARLY,ONTIME,ONTIME,,,,,,,,,,HAN,,HIJ,International,VJ,,
2026-08-16|VJ461|A637|HAN-VCA|06:45,2026-08-16,VJ461,A637,A321,HAN-VCA,,06:45,,06:45,,06:37,06:38,06:40,,,EARLY,ONTIME,ONTIME,,,,,,,,,,HAN,,VCA,Domestic,VJ,,
2026-08-16|VJ125|A655|HAN-SGN|07:00,2026-08-16,VJ125,A655,A320,HAN-SGN,,07:00,,07:00,,06:54,06:55,06:58,,,EARLY,ONTIME,ONTIME,,,,,,,,,,HAN,,SGN,Domestic,VJ,,
2026-08-16|VJ1771|A539|HAN-CXR|07:00,2026-08-16,VJ1771,A539,A321,HAN-CXR,,07:00,,07:00,,06:54,06:55,06:58,,,EARLY,ONTIME,ONTIME,,,,,,,,,,HAN,,CXR,Domestic,VJ,,
2026-08-16|VJ421|A643|HAN-PXU|07:10,2026-08-16,VJ421,A643,A321,HAN-PXU,,07:10,,07:10,,07:03,07:05,07:13,,,EARLY,ONTIME,ONTIME,,,,,,,,,,HAN,,PXU,Domestic,VJ,,
2026-08-16|VJ905|A644|HAN-KUL|07:25,2026-08-16,VJ905,A644,A321,HAN-KUL,,07:25,,07:25,,07:19,07:20,07:27,,,EARLY,ONTIME,ONTIME,,,,,,,,,,HAN,,KUL,International,VJ,,
2026-08-16|VJ1506/VJ503|A632|DAD-HAN-DAD|07:30,2026-08-16,VJ1506/VJ503,A632,A321,DAD-HAN-DAD,07:00,07:30,07:00,07:30,06:45,07:20,07:21,07:27,00:30,00:36,EARLY,ONTIME,ONTIME,ONTIME,,,,,,,,,HAN,DAD,DAD,Domestic,VJ,,
2026-08-16|VJ934|A203|HAN-NRT|07:55,2026-08-16,VJ934,A203,A321,HAN-NRT,,07:55,,07:55,,08:04,08:05,08:10,,,DELAY,ONTIME,ONTIME,,,99,00:10,,,,,CAPT REQ MORE FUEL,HAN,,NRT,International,VJ,,
2026-08-16|VJ930|A532|HAN-KIX|07:55,2026-08-16,VJ930,A532,A321,HAN-KIX,,07:55,,07:55,,07:54,07:55,08:00,,,ONTIME,ONTIME,ONTIME,,,,,,,,,,HAN,,KIX,International,VJ,,
2026-08-16|VJ127|A542|HAN-SGN|08:40,2026-08-16,VJ127,A542,A321,HAN-SGN,,08:40,,08:40,,08:39,08:40,08:46,,,ONTIME,ONTIME,ONTIME,,,,,,,,,,HAN,,SGN,Domestic,VJ,,
2026-08-16|VJ124/VJ129|A675|SGN-HAN-SGN|08:45,2026-08-16,VJ124/VJ129,A675,A320,SGN-HAN-SGN,08:15,08:45,08:15,08:45,08:10,08:34,08:35,08:38,00:30,00:25,EARLY,ONTIME,ONTIME,ONTIME,,,,,,,,,HAN,SGN,SGN,Domestic,VJ,,
2026-08-16|VJ447|A671|HAN-PQC|08:45,2026-08-16,VJ447,A671,A320,HAN-PQC,,08:45,,08:45,,08:44,08:45,08:50,,,ONTIME,ONTIME,ONTIME,,,,,,,,,,HAN,,PQC,Domestic,VJ,,
2026-08-16|VJ435|A650|HAN-UIH|08:50,2026-08-16,VJ435,A650,A320,HAN-UIH,,08:50,,08:50,,08:42,08:43,08:48,,,EARLY,ONTIME,ONTIME,,,,,,,,,,HAN,,UIH,Domestic,VJ,,
2026-08-16|VJ7621/VJ7621|A554|BAX-HAN-CXR|09:00,2026-08-16,VJ7621/VJ7621,A554,A321,BAX-HAN-CXR,10:45,09:00,08:30,09:00,07:45,08:24,08:25,08:58,00:30,00:40,EARLY,ONTIME,ONTIME,ONTIME,,,,,,,,,HAN,BAX,CXR,Domestic,VJ,,
2026-08-16|VJ120/VJ929|A525|SGN-HAN-CGK|09:05,2026-08-16,VJ120/VJ929,A525,A321,SGN-HAN-CGK,07:55,09:05,07:55,09:05,07:55,08:56,08:57,09:07,01:10,01:02,EARLY,ONTIME,ONTIME,ONTIME,,,,,,,,,HAN,SGN,CGK,International,VJ,,
2026-08-16|VJ514/VJ505|A649|DAD-HAN-DAD|09:25,2026-08-16,VJ514/VJ505,A649,A321,DAD-HAN-DAD,08:50,09:25,08:50,09:25,08:50,09:17,09:18,09:22,00:35,00:28,EARLY,ONTIME,ONTIME,ONTIME,,,,,,,,,HAN,DAD,DAD,Domestic,VJ,,
2026-08-16|VJ915|A629|HAN-SIN|09:35,2026-08-16,VJ915,A629,A321,HAN-SIN,,09:35,,09:35,,09:39,09:40,09:44,,,DELAY,ONTIME,ONTIME,,,15A,00:05,,,,,OFF 03 PAX 01 BAG,HAN,,SIN,International,VJ,,
2026-08-16|VJ122/VJ1773|A661|SGN-HAN-CXR|10:00,2026-08-16,VJ122/VJ1773,A661,A321,SGN-HAN-CXR,09:05,10:00,09:05,10:00,09:05,09:58,09:59,10:05,00:55,00:54,EARLY,ONTIME,ONTIME,ONTIME,,,,,,,,,HAN,SGN,CXR,Domestic,VJ,,
2026-08-16|VJ504/VJ135|A810|DAD-HAN-SGN|10:10,2026-08-16,VJ504/VJ135,A810,A330,DAD-HAN-SGN,08:20,10:10,08:20,10:10,08:40,10:07,10:08,10:15,01:50,01:28,EARLY,ONTIME,ONTIME,DELAY,,,,,,,,,HAN,DAD,SGN,Domestic,VJ,,
2026-08-16|VJ430/VJ463|A676|UIH-HAN-VCA|10:20,2026-08-16,VJ430/VJ463,A676,A320,UIH-HAN-VCA,09:50,10:20,09:50,10:20,09:50,10:11,10:12,10:15,00:30,00:22,EARLY,ONTIME,ONTIME,ONTIME,,,,,,,,,HAN,UIH,VCA,Domestic,VJ,,
2026-08-16|VJ770/VJ437|A668|CXR-HAN-UIH|10:25,2026-08-16,VJ770/VJ437,A668,A320,CXR-HAN-UIH,09:55,10:25,09:55,10:25,09:55,10:24,10:25,10:28,00:30,00:30,ONTIME,ONTIME,ONTIME,ONTIME,,,,,,,,,HAN,CXR,UIH,Domestic,VJ,,
2026-08-16|VJ963/VJ997|A551|ICN-HAN-DPS|10:25,2026-08-16,VJ963/VJ997,A551,A321,ICN-HAN-DPS,08:55,10:25,08:55,10:25,08:25,10:59,11:00,11:05,01:30,02:35,DELAY,DELAY,DELAY,ONTIME,,,,99,00:35,,,OFL PAX NEED MEDICAL SUPPORT,HAN,ICN,DPS,International,VJ,,
2026-08-16|VJ126/VJ565|A550|SGN-HAN-HUI|10:30,2026-08-16,VJ126/VJ565,A550,A321,SGN-HAN-HUI,09:40,10:30,09:40,10:30,09:35,10:23,10:25,10:28,00:50,00:50,EARLY,ONTIME,ONTIME,ONTIME,,,,,,,,,HAN,SGN,HUI,Domestic,VJ,,
2026-08-16|VJ492/VJ1491|A687|BMV-HAN-BMV|10:30,2026-08-16,VJ492/VJ1491,A687,A321,BMV-HAN-BMV,10:00,10:30,10:00,10:30,10:00,10:29,10:30,10:32,00:30,00:30,ONTIME,ONTIME,ONTIME,ONTIME,,,,,,,,,HAN,BMV,BMV,Domestic,VJ,,
2026-08-16|VJ448/VJ901|A641|PQC-HAN-BKK|11:10,2026-08-16,VJ448/VJ901,A641,A321,PQC-HAN-BKK,10:15,11:10,10:15,11:10,10:20,11:09,11:10,11:13,00:55,00:50,ONTIME,ONTIME,ONTIME,ONTIME,,,,,,,,,HAN,PQC,BKK,International,VJ,,
2026-08-16|VJ524/VJ507|A632|DAD-HAN-DAD|11:10,2026-08-16,VJ524/VJ507,A632,A321,DAD-HAN-DAD,10:40,11:10,10:40,11:10,11:00,11:27,11:28,11:35,00:30,00:28,DELAY,DELAY,DELAY,DELAY,,93,00:18,,,,,,HAN,DAD,DAD,Domestic,VJ,,
2026-08-16|VJ130/VJ133|A673|SGN-HAN-SGN|11:20,2026-08-16,VJ130/VJ133,A673,A321,SGN-HAN-SGN,10:50,11:20,10:50,11:20,10:45,11:17,11:18,11:30,00:30,00:33,EARLY,ONTIME,ONTIME,ONTIME,,,,,,,,,HAN,SGN,SGN,Domestic,VJ,,
2026-08-16|VJ422/VJ563|A643|PXU-HAN-HUI|11:25,2026-08-16,VJ422/VJ563,A643,A321,PXU-HAN-HUI,10:50,11:25,10:50,11:25,10:35,11:21,11:22,11:30,00:35,00:47,EARLY,ONTIME,ONTIME,ONTIME,,,,,,,,,HAN,PXU,HUI,Domestic,VJ,,
2026-08-16|VJ981/VJ1453|A647|PUS-HAN-PQC|11:50,2026-08-16,VJ981/VJ1453,A647,A321,PUS-HAN-PQC,10:40,11:50,10:40,11:50,10:30,11:47,11:48,11:50,01:10,01:18,EARLY,ONTIME,ONTIME,ONTIME,,,,,,,,,HAN,PUS,PQC,Domestic,VJ,,
2026-08-16|VJ462/VJ515|A637|VCA-HAN-DAD|12:10,2026-08-16,VJ462/VJ515,A637,A321,VCA-HAN-DAD,11:40,12:10,11:40,12:10,11:40,12:07,12:08,12:12,00:30,00:28,EARLY,ONTIME,ONTIME,ONTIME,,,,,,,,,HAN,VCA,DAD,Domestic,VJ,,
2026-08-16|VJ128/VJ137|A655|SGN-HAN-SGN|12:20,2026-08-16,VJ128/VJ137,A655,A320,SGN-HAN-SGN,11:50,12:20,11:50,12:20,12:00,12:24,12:25,12:35,00:30,00:25,DELAY,ONTIME,ONTIME,ONTIME,,93,00:05,,,,,,HAN,SGN,SGN,Domestic,VJ,,
2026-08-16|VJ432/VJ509|A650|UIH-HAN-DAD|13:05,2026-08-16,VJ432/VJ509,A650,A320,UIH-HAN-DAD,12:35,13:05,12:35,13:05,12:35,12:59,13:00,13:01,00:30,00:25,EARLY,ONTIME,ONTIME,ONTIME,,,,,,,,,HAN,UIH,DAD,Domestic,VJ,,
2026-08-16|VJ1772/VJ787|A539|CXR-HAN-CXR|13:10,2026-08-16,VJ1772/VJ787,A539,A321,CXR-HAN-CXR,11:15,13:10,11:15,13:10,11:30,13:06,13:07,13:09,01:55,01:37,EARLY,ONTIME,ONTIME,ONTIME,,,,,,,,,HAN,CXR,CXR,Domestic,VJ,,
2026-08-16|VJ7705/VJ7705|A580|VVO-HAN-CXR|13:15,2026-08-16,VJ7705/VJ7705,A580,A321,VVO-HAN-CXR,12:45,13:15,12:45,13:40,13:00,13:38,13:40,13:50,00:55,00:40,ONTIME,ONTIME,DELAY,ONTIME,,,,,,,,,HAN,VVO,CXR,Domestic,VJ,,
2026-08-16|VJ506/VJ433|A651|DAD-HAN-UIH|13:20,2026-08-16,VJ506/VJ433,A651,A321,DAD-HAN-UIH,12:50,13:20,12:50,13:20,12:55,13:24,13:25,13:33,00:30,00:30,DELAY,ONTIME,ONTIME,ONTIME,,93,00:05,,,,,,HAN,DAD,UIH,Domestic,VJ,,
2026-08-16|VJ933/VJ948|A521|NRT-HAN-RMQ|13:30,2026-08-16,VJ933/VJ948,A521,A321,NRT-HAN-RMQ,13:05,13:30,13:05,14:00,13:15,13:59,14:00,14:15,00:55,00:45,ONTIME,ONTIME,DELAY,ONTIME,,,,,,,,,HAN,NRT,RMQ,International,VJ,,
2026-08-16|VJ921/VJ441|A500|NGO-HAN-PQC|14:00,2026-08-16,VJ921/VJ441,A500,A321,NGO-HAN-PQC,12:50,14:00,12:50,14:00,12:25,13:58,13:59,14:10,01:10,01:34,EARLY,ONTIME,ONTIME,ONTIME,,,,,,,,,HAN,NGO,PQC,Domestic,VJ,,
2026-08-16|VJ440/VJ143|A671|PQC-HAN-SGN|14:05,2026-08-16,VJ440/VJ143,A671,A320,PQC-HAN-SGN,13:30,14:05,13:30,14:05,13:55,14:24,14:25,14:33,00:35,00:30,DELAY,DELAY,DELAY,DELAY,,93,00:15,66,00:05,,,CREW OB 1405L,HAN,PQC,SGN,Domestic,VJ,,
2026-08-16|VJ566/VJ149|A550|HUI-HAN-SGN|14:05,2026-08-16,VJ566/VJ149,A550,A321,HUI-HAN-SGN,13:30,14:05,13:30,14:05,13:35,14:04,14:05,14:20,00:35,00:30,ONTIME,ONTIME,ONTIME,ONTIME,,,,,,,,,HAN,HUI,SGN,Domestic,VJ,,
2026-08-16|VJ7661/VJ7661|A516|KHV-HAN-DAD|14:15,2026-08-16,VJ7661/VJ7661,A516,A321,KHV-HAN-DAD,13:45,14:15,13:45,14:30,13:40,14:03,14:04,14:24,00:45,00:24,EARLY,ONTIME,ONTIME,ONTIME,,,,,,,,,HAN,KHV,DAD,Domestic,VJ,,
2026-08-16|VJ961/VJ942|A633|ICN-HAN-TPE|14:25,2026-08-16,VJ961/VJ942,A633,A321,ICN-HAN-TPE,13:35,14:25,13:35,14:25,13:45,14:29,14:30,14:37,00:50,00:45,DELAY,ONTIME,ONTIME,ONTIME,,99,00:05,,,,,LATE ACCEPT 3PAX 2BAG,HAN,ICN,TPE,International,VJ,,
2026-08-16|VJ134/VJ467|A675|SGN-HAN-VCA|14:30,2026-08-16,VJ134/VJ467,A675,A320,SGN-HAN-VCA,13:40,14:30,13:40,14:30,14:10,14:34,14:35,14:40,00:50,00:25,DELAY,ONTIME,ONTIME,DELAY,,93,00:05,,,,,,HAN,SGN,VCA,Domestic,VJ,,
2026-08-16|VJ939/VJ946|A544|KIX-HAN-KHH|14:35,2026-08-16,VJ939/VJ946,A544,A321,KIX-HAN-KHH,12:20,14:35,12:20,14:35,12:20,14:34,14:35,14:42,02:15,02:15,ONTIME,ONTIME,ONTIME,ONTIME,,,,,,,,,HAN,KIX,KHH,International,VJ,,
2026-08-16|VJ1504/VJ1505|A635|DAD-HAN-DAD|14:35,2026-08-16,VJ1504/VJ1505,A635,A321,DAD-HAN-DAD,14:00,14:35,14:00,16:35,16:30,16:59,17:00,17:05,02:35,00:30,DELAY,DELAY,DELAY,DELAY,,93,00:25,,,,,,HAN,DAD,DAD,Domestic,VJ,,
2026-08-16|VJ136/VJ145|A656|SGN-HAN-SGN|14:40,2026-08-16,VJ136/VJ145,A656,A320,SGN-HAN-SGN,14:10,14:40,14:10,15:10,14:50,15:14,15:15,15:18,01:00,00:25,DELAY,ONTIME,DELAY,DELAY,,93,00:05,,,,,,HAN,SGN,SGN,Domestic,VJ,,
2026-08-16|VJ510/VJ511|A632|DAD-HAN-DAD|15:05,2026-08-16,VJ510/VJ511,A632,A321,DAD-HAN-DAD,14:35,15:05,14:35,15:50,15:20,15:49,15:50,15:55,01:15,00:30,ONTIME,ONTIME,DELAY,DELAY,,,,,,,,,HAN,DAD,DAD,Domestic,VJ,,
2026-08-16|VJ1981/VJ423|A672|FSZ-HAN-PXU|15:05,2026-08-16,VJ1981/VJ423,A672,A320,FSZ-HAN-PXU,14:00,15:05,14:00,15:05,13:55,15:01,15:02,15:07,01:05,01:07,EARLY,ONTIME,ONTIME,ONTIME,,,,,,,,,HAN,FSZ,PXU,Domestic,VJ,,
2026-08-16|VJ564/VJ453|A643|HUI-HAN-PQC|15:05,2026-08-16,VJ564/VJ453,A643,A321,HUI-HAN-PQC,14:30,15:05,14:30,15:05,14:30,14:54,14:55,14:58,00:35,00:25,EARLY,ONTIME,ONTIME,ONTIME,,,,,,,,,HAN,HUI,PQC,Domestic,VJ,,
2026-08-16|VJ1492/VJ419|A687|BMV-HAN-TBB|15:10,2026-08-16,VJ1492/VJ419,A687,A321,BMV-HAN-TBB,14:30,15:10,14:30,15:10,14:40,15:08,15:09,15:14,00:40,00:29,EARLY,ONTIME,ONTIME,ONTIME,,,,,,,,,HAN,BMV,TBB,Domestic,VJ,,
2026-08-16|VJ138/VJ147|A547|SGN-HAN-SGN|15:45,2026-08-16,VJ138/VJ147,A547,A321,SGN-HAN-SGN,15:15,15:45,15:15,15:45,15:15,15:44,15:45,15:54,00:30,00:30,ONTIME,ONTIME,ONTIME,ONTIME,,,,,,,,,HAN,SGN,SGN,Domestic,VJ,,
2026-08-16|VJ436/VJ903|A668|UIH-HAN-BKK|15:45,2026-08-16,VJ436/VJ903,A668,A320,UIH-HAN-BKK,14:10,15:45,14:10,15:45,14:10,15:41,15:42,16:00,01:35,01:32,EARLY,ONTIME,ONTIME,ONTIME,,,,,,,,,HAN,UIH,BKK,International,VJ,,
2026-08-16|VJ464/VJ567|A676|VCA-HAN-HUI|15:55,2026-08-16,VJ464/VJ567,A676,A320,VCA-HAN-HUI,15:10,15:55,15:10,15:55,15:15,15:44,15:45,15:50,00:45,00:30,EARLY,ONTIME,ONTIME,ONTIME,,,,,,,,,HAN,VCA,HUI,Domestic,VJ,,
2026-08-16|VJ1774/VJ773|A661|CXR-HAN-CXR|16:00,2026-08-16,VJ1774/VJ773,A661,A321,CXR-HAN-CXR,14:20,16:00,14:20,17:00,14:20,16:59,17:00,17:08,02:40,02:40,ONTIME,ONTIME,DELAY,ONTIME,,,,,,,,,HAN,CXR,CXR,Domestic,VJ,,
2026-08-16|VJ906/VJ913|A644|KUL-HAN-SAI|16:20,2026-08-16,VJ906/VJ913,A644,A321,KUL-HAN-SAI,14:40,16:20,14:40,16:20,14:55,16:19,16:20,16:25,01:40,01:25,ONTIME,ONTIME,ONTIME,ONTIME,,,,,,,,,HAN,KUL,SAI,International,VJ,,
2026-08-16|VJ142/VJ193|A810|SGN-HAN-SGN|16:30,2026-08-16,VJ142/VJ193,A810,A330,SGN-HAN-SGN,15:45,16:30,15:45,16:30,15:45,16:29,16:30,16:40,00:45,00:45,ONTIME,ONTIME,ONTIME,ONTIME,,,,,,,,,HAN,SGN,SGN,Domestic,VJ,,
2026-08-16|VJ508/VJ151|A637|DAD-HAN-SGN|16:50,2026-08-16,VJ508/VJ151,A637,A321,DAD-HAN-SGN,15:25,16:50,15:25,16:50,15:50,16:49,16:50,16:55,01:25,01:00,ONTIME,ONTIME,ONTIME,DELAY,,,,,,,,,HAN,DAD,SGN,Domestic,VJ,,
2026-08-16|VJ902/VJ465|A641|BKK-HAN-VCA|17:00,2026-08-16,VJ902/VJ465,A641,A321,BKK-HAN-VCA,15:50,17:00,15:50,17:00,16:10,16:57,16:58,17:04,01:10,00:48,EARLY,ONTIME,ONTIME,DELAY,,,,,,,,,HAN,BKK,VCA,Domestic,VJ,,
2026-08-16|VJ953/VJ1455|A662|HIJ-HAN-PQC|17:10,2026-08-16,VJ953/VJ1455,A662,A320,HIJ-HAN-PQC,16:10,17:10,16:10,17:10,16:45,17:09,17:10,17:11,01:00,00:25,ONTIME,ONTIME,ONTIME,DELAY,,,,,,,,,HAN,HIJ,PQC,Domestic,VJ,,
2026-08-16|VJ1454/VJ495|A647|PQC-HAN-BMV|17:30,2026-08-16,VJ1454/VJ495,A647,A321,PQC-HAN-BMV,16:35,17:30,16:35,17:30,17:05,17:29,17:30,17:35,00:55,00:25,ONTIME,ONTIME,ONTIME,DELAY,,,,,,,,,HAN,PQC,BMV,Domestic,VJ,,
2026-08-16|VJ452/VJ141|A683|PQC-HAN-SGN|17:35,2026-08-16,VJ452/VJ141,A683,A321,PQC-HAN-SGN,16:05,17:35,16:05,17:35,16:40,17:44,17:45,17:49,01:30,01:05,DELAY,ONTIME,ONTIME,DELAY,,,,95,00:10,,,CREW VJ140 OB 1720L,HAN,PQC,SGN,Domestic,VJ,,
2026-08-16|VJ434/VJ1431|A651|UIH-HAN-UIH|17:40,2026-08-16,VJ434/VJ1431,A651,A321,UIH-HAN-UIH,17:10,17:40,17:10,17:40,17:40,17:53,17:54,17:55,00:30,00:14,DELAY,ONTIME,ONTIME,DELAY,,93,00:14,,,,,,HAN,UIH,UIH,Domestic,VJ,,
2026-08-16|VJ774/VJ517|A539|CXR-HAN-DAD|17:45,2026-08-16,VJ774/VJ517,A539,A321,CXR-HAN-DAD,17:15,17:45,17:15,17:45,17:55,18:24,18:25,18:40,00:30,00:30,DELAY,DELAY,DELAY,DELAY,,93,00:40,,,,,,HAN,CXR,DAD,Domestic,VJ,,
2026-08-16|VJ916/VJ781|A629|SIN-HAN-CXR|18:15,2026-08-16,VJ916/VJ781,A629,A321,SIN-HAN-CXR,17:25,18:15,17:25,18:15,17:30,18:14,18:15,18:25,00:50,00:45,ONTIME,ONTIME,ONTIME,ONTIME,,,,,,,,,HAN,SIN,CXR,Domestic,VJ,,
2026-08-16|VJ512/VJ521|A632|DAD-HAN-DAD|18:45,2026-08-16,VJ512/VJ521,A632,A321,DAD-HAN-DAD,18:15,18:45,18:15,19:40,19:25,19:59,20:00,20:05,01:25,00:35,DELAY,DELAY,DELAY,DELAY,,93,00:15,87,00:05,,,STUCK AT PBB,HAN,DAD,DAD,Domestic,VJ,,
2026-08-16|VJ424/VJ561|A672|PXU-HAN-HUI|19:15,2026-08-16,VJ424/VJ561,A672,A320,PXU-HAN-HUI,18:45,19:15,18:45,19:15,18:40,19:14,19:15,19:20,00:30,00:35,ONTIME,ONTIME,ONTIME,ONTIME,,,,,,,,,HAN,PXU,HUI,Domestic,VJ,,
2026-08-16|VJ148/VJ155|A550|SGN-HAN-SGN|19:30,2026-08-16,VJ148/VJ155,A550,A321,SGN-HAN-SGN,19:00,19:30,19:00,20:25,20:15,20:43,20:44,21:10,01:25,00:29,DELAY,DELAY,DELAY,DELAY,,93,00:19,,,,,,HAN,SGN,SGN,Domestic,VJ,,
2026-08-16|VJ530/VJ1145|A650|DAD-HAN-SGN|19:30,2026-08-16,VJ530/VJ1145,A650,A320,DAD-HAN-SGN,16:15,19:30,16:15,19:30,16:15,19:29,19:30,19:36,03:15,03:15,ONTIME,ONTIME,ONTIME,ONTIME,,,,,,,,,HAN,DAD,SGN,Domestic,VJ,,
2026-08-16|VJ140/VJ519|A673|SGN-HAN-DAD|19:40,2026-08-16,VJ140/VJ519,A673,A321,SGN-HAN-DAD,16:20,19:40,16:20,20:40,16:55,21:03,21:04,21:33,04:20,04:09,DELAY,DELAY,DELAY,DELAY,,95,00:24,,,,,CREW FR VJ146 OB 2038L,HAN,SGN,DAD,Domestic,VJ,,
2026-08-16|VJ928/VJ1925|A525|CGK-HAN-AMD|19:45,2026-08-16,VJ928/VJ1925,A525,A321,CGK-HAN-AMD,18:40,19:45,18:40,19:45,19:15,20:04,20:05,20:30,01:05,00:50,DELAY,DELAY,DELAY,DELAY,,66,00:10,99,00:10,,,change crew ob 1934l/ dl99 support pax from vj928 c.on 1915,HAN,CGK,AMD,International,VJ,,
2026-08-16|VJ7614/VJ7614|A580|CXR-HAN-BQS|19:50,2026-08-16,VJ7614/VJ7614,A580,A321,CXR-HAN-BQS,19:15,19:50,19:15,19:50,19:20,19:49,19:50,20:18,00:35,00:30,ONTIME,ONTIME,DELAY,ONTIME,,,,,,,,,HAN,CXR,BQS,International,VJ,,
2026-08-16|VJ931/VJ523|A532|KIX-HAN-DAD|19:55,2026-08-16,VJ931/VJ523,A532,A321,KIX-HAN-DAD,18:30,19:55,18:30,19:55,18:15,19:51,19:52,20:22,01:25,01:37,EARLY,ONTIME,DELAY,ONTIME,,,,,,,,,HAN,KIX,DAD,Domestic,VJ,,
2026-08-16|VJ420/VJ1785|A687|TBB-HAN-CXR|20:00,2026-08-16,VJ420/VJ1785,A687,A321,TBB-HAN-CXR,19:15,20:00,19:15,20:00,19:20,19:59,20:00,20:30,00:45,00:40,ONTIME,ONTIME,DELAY,ONTIME,,,,,,,,,HAN,TBB,CXR,Domestic,VJ,,
2026-08-16|VJ568/VJ7712|A676|HUI-HAN-PKX|20:00,2026-08-16,VJ568/VJ7712,A676,A320,HUI-HAN-PKX,18:55,20:00,18:55,20:00,19:05,19:57,19:58,20:10,01:05,00:53,EARLY,ONTIME,ONTIME,ONTIME,,,,,,,,,HAN,HUI,PKX,International,VJ,,
2026-08-16|VJ442/VJ455|A500|PQC-HAN-PQC|20:05,2026-08-16,VJ442/VJ455,A500,A321,PQC-HAN-PQC,19:05,20:05,19:05,20:05,19:00,20:04,20:05,20:54,01:00,01:05,ONTIME,ONTIME,DELAY,ONTIME,,,,,,,,,HAN,PQC,PQC,Domestic,VJ,,
2026-08-16|VJ146/VJ159|A671|SGN-HAN-SGN|20:10,2026-08-16,VJ146/VJ159,A671,A320,SGN-HAN-SGN,18:55,20:10,18:55,20:30,20:20,20:59,21:00,21:25,01:35,00:40,DELAY,DELAY,DELAY,DELAY,,93,00:15,66,00:15,,,CREW OB 20:38,HAN,SGN,SGN,Domestic,VJ,,
2026-08-16|VJ468/VJ7238|A675|VCA-HAN-PVG|21:15,2026-08-16,VJ468/VJ7238,A675,A320,VCA-HAN-PVG,19:50,21:15,19:50,21:15,20:30,21:14,21:15,21:30,01:25,00:45,ONTIME,ONTIME,ONTIME,DELAY,,,,,,,,,HAN,VCA,PVG,International,VJ,,
2026-08-16|VJ776/VJ163|A661|CXR-HAN-SGN|21:25,2026-08-16,VJ776/VJ163,A661,A321,CXR-HAN-SGN,20:10,21:25,20:10,21:45,21:35,22:14,22:15,22:20,01:35,00:40,DELAY,DELAY,DELAY,DELAY,,93,00:20,95,00:10,,,CREW VJ144 OB 2145L,HAN,CXR,SGN,Domestic,VJ,,
2026-08-16|VJ456/VJ1529|A643|PQC-HAN-DAD|21:25,2026-08-16,VJ456/VJ1529,A643,A321,PQC-HAN-DAD,19:50,21:25,19:50,21:55,20:23,22:19,22:20,22:24,02:05,01:57,DELAY,DELAY,DELAY,DELAY,,95,00:25,,,,,CREW 776 OB 2158,HAN,PQC,DAD,Domestic,VJ,,
2026-08-16|VJ152/VJ161|A655|SGN-HAN-SGN|22:05,2026-08-16,VJ152/VJ161,A655,A320,SGN-HAN-SGN,21:30,22:05,21:30,22:40,22:30,22:54,22:55,23:00,01:10,00:25,DELAY,ONTIME,DELAY,DELAY,,93,00:15,,,,,,HAN,SGN,SGN,Domestic,VJ,,
2026-08-16|VJ947/VJ7526|A544|KHH-HAN-CAN|22:30,2026-08-16,VJ947/VJ7526,A544,A321,KHH-HAN-CAN,20:35,22:30,20:35,22:30,20:35,22:29,22:30,22:35,01:55,01:55,ONTIME,ONTIME,ONTIME,ONTIME,,,,,,,,,HAN,KHH,CAN,International,VJ,,
2026-08-16|VJ144/VJ1507|A639|SGN-HAN-DAD|22:35,2026-08-16,VJ144/VJ1507,A639,A321,SGN-HAN-DAD,18:05,22:35,18:05,22:35,19:33,22:33,22:35,22:36,04:30,03:02,ONTIME,ONTIME,ONTIME,DELAY,,,,,,,,,HAN,SGN,DAD,Domestic,VJ,,
2026-08-16|VJ496/VJ167|A647|BMV-HAN-SGN|22:45,2026-08-16,VJ496/VJ167,A647,A321,BMV-HAN-SGN,21:30,22:45,21:30,02:15,21:50,02:14,02:15,02:28,04:45,04:25,ONTIME,ONTIME,DELAY,DELAY,,,,,,,,,HAN,BMV,SGN,Domestic,VJ,,
2026-08-16|VJ914/VJ962|A644|SAI-HAN-ICN|23:15,2026-08-16,VJ914/VJ962,A644,A321,SAI-HAN-ICN,20:50,23:15,20:50,23:15,20:55,23:19,23:20,23:30,02:25,02:25,DELAY,ONTIME,ONTIME,ONTIME,,99,00:05,,,,,OFFLOAD CABIN BAGS,HAN,SAI,ICN,International,VJ,,
2026-08-16|VJ160/VJ169|A657|SGN-HAN-SGN|23:25,2026-08-16,VJ160/VJ169,A657,A321,SGN-HAN-SGN,22:40,23:25,22:40,23:25,23:40,00:09,00:10,"1 day, 0:15:00",00:45,00:30,DELAY,DELAY,DELAY,DELAY,,93,00:45,,,,,,HAN,SGN,SGN,Domestic,VJ,,
2026-08-16|AI2390/AI2391|VT-EXH|DEL-HAN-DEL|08:20,2026-08-16,AI2390/AI2391,VT-EXH,A320,DEL-HAN-DEL,07:20,08:20,07:20,08:20,07:42,08:38,08:39,08:42,01:00,00:57,DELAY,DELAY,DELAY,DELAY,,93,00:19,,,,,,HAN,DEL,DEL,International,AI,,
2026-08-17|VJ932|A551|HAN-NRT|00:30,2026-08-17,VJ932,A551,A321,HAN-NRT,,00:30,,01:00,,00:59,01:00,01:08,,,ONTIME,ONTIME,DELAY,,,,,,,,,,HAN,,NRT,International,VJ,,
2026-08-17|VJ982|A532|HAN-PUS|01:05,2026-08-17,VJ982,A532,A321,HAN-PUS,,01:05,,01:05,,00:51,00:52,00:58,,,EARLY,ONTIME,ONTIME,,,,,,,,,,HAN,,PUS,International,VJ,,
2026-08-17|VJ938|A521|HAN-KIX|01:20,2026-08-17,VJ938,A521,A321,HAN-KIX,,01:20,,01:20,,01:19,01:20,01:25,,,ONTIME,ONTIME,ONTIME,,,,,,,,,,HAN,,KIX,International,VJ,,
2026-08-17|VJ960|A633|HAN-ICN|01:40,2026-08-17,VJ960,A633,A321,HAN-ICN,,01:40,,01:40,,01:39,01:40,01:48,,,ONTIME,ONTIME,ONTIME,,,,,,,,,,HAN,,ICN,International,VJ,,
2026-08-17|VJ920|A693|HAN-NGO|01:40,2026-08-17,VJ920,A693,A321,HAN-NGO,,01:40,,01:40,,01:39,01:40,01:55,,,ONTIME,ONTIME,ONTIME,,,,,,,,,,HAN,,NGO,International,VJ,,
2026-08-17|VJ123|A650|HAN-SGN|05:30,2026-08-17,VJ123,A650,A320,HAN-SGN,,05:30,,05:30,,05:24,05:25,05:28,,,EARLY,ONTIME,ONTIME,,,,,,,,,,HAN,,SGN,Domestic,VJ,,
2026-08-17|VJ501|A539|HAN-DAD|05:40,2026-08-17,VJ501,A539,A321,HAN-DAD,,05:40,,05:40,,05:34,05:35,05:40,,,EARLY,ONTIME,ONTIME,,,,,,,,,,HAN,,DAD,Domestic,VJ,,
2026-08-17|VJ771|A662|HAN-CXR|05:45,2026-08-17,VJ771,A662,A320,HAN-CXR,,05:45,,05:45,,05:44,05:45,05:48,,,ONTIME,ONTIME,ONTIME,,,,,,,,,,HAN,,CXR,Domestic,VJ,,
2026-08-17|VJ121|A673|HAN-SGN|06:00,2026-08-17,VJ121,A673,A321,HAN-SGN,,06:00,,06:00,,05:54,05:55,05:57,,,EARLY,ONTIME,ONTIME,,,,,,,,,,HAN,,SGN,Domestic,VJ,,
2026-08-17|VJ491|A687|HAN-BMV|06:00,2026-08-17,VJ491,A687,A321,HAN-BMV,,06:00,,06:00,,05:54,05:55,06:00,,,EARLY,ONTIME,ONTIME,,,,,,,,,,HAN,,BMV,Domestic,VJ,,
2026-08-17|VJ431|A699|HAN-UIH|06:05,2026-08-17,VJ431,A699,A320,HAN-UIH,,06:05,,06:05,,05:56,05:57,06:03,,,EARLY,ONTIME,ONTIME,,,,,,,,,,HAN,,UIH,Domestic,VJ,,
2026-08-17|VJ449|A676|HAN-PQC|06:30,2026-08-17,VJ449,A676,A320,HAN-PQC,,06:30,,06:30,04:15,06:24,06:25,06:29,,,EARLY,ONTIME,ONTIME,,,,,,,,,,HAN,,PQC,Domestic,VJ,,
2026-08-17|VJ461|A542|HAN-VCA|06:45,2026-08-17,VJ461,A542,A321,HAN-VCA,,06:45,,06:45,,06:39,06:40,06:45,,,EARLY,ONTIME,ONTIME,,,,,,,,,,HAN,,VCA,Domestic,VJ,,
2026-08-17|VJ125|A671|HAN-SGN|07:00,2026-08-17,VJ125,A671,A320,HAN-SGN,,07:00,,07:00,,06:53,06:55,07:01,,,EARLY,ONTIME,ONTIME,,,,,,,,,,HAN,,SGN,Domestic,VJ,,
2026-08-17|VJ1771|A698|HAN-CXR|07:00,2026-08-17,VJ1771,A698,A321,HAN-CXR,,07:00,,07:00,,06:54,06:55,07:01,,,EARLY,ONTIME,ONTIME,,,,,,,,,,HAN,,CXR,Domestic,VJ,,
2026-08-17|VJ421|A675|HAN-PXU|07:10,2026-08-17,VJ421,A675,A320,HAN-PXU,,07:10,,07:10,,07:38,07:39,07:40,,,DELAY,DELAY,DELAY,,,46,00:29,,,,,CHANGE A/C,HAN,,PXU,Domestic,VJ,,
2026-08-17|VJ503|A637|HAN-DAD|07:30,2026-08-17,VJ503,A637,A321,HAN-DAD,,07:30,,07:30,,07:19,07:20,07:30,,,EARLY,ONTIME,ONTIME,,,,,,,,,,HAN,,DAD,Domestic,VJ,,
2026-08-17|VJ905|A544|HAN-KUL|07:35,2026-08-17,VJ905,A544,A321,HAN-KUL,,07:35,,07:35,,07:34,07:35,07:37,,,ONTIME,ONTIME,ONTIME,,,,,,,,,,HAN,,KUL,International,VJ,,
2026-08-17|VJ1925/VJ934|A525|AMD-HAN-NRT|07:55,2026-08-17,VJ1925/VJ934,A525,A321,AMD-HAN-NRT,06:55,07:55,06:55,07:55,,07:54,07:55,08:00,01:00,,ONTIME,ONTIME,ONTIME,ONTIME,,,,,,,,,HAN,AMD,NRT,International,VJ,,
2026-08-17|VJ120/VJ127|A642|SGN-HAN-SGN|08:10,2026-08-17,VJ120/VJ127,A642,A321,SGN-HAN-SGN,07:10,08:10,07:10,08:10,06:58,08:04,08:05,08:08,01:00,01:07,EARLY,ONTIME,ONTIME,ONTIME,,,,,,,,,HAN,SGN,SGN,Domestic,VJ,,
2026-08-17|VJ929|A203|HAN-CGK|08:40,2026-08-17,VJ929,A203,A321,HAN-CGK,,08:40,,08:40,,08:38,08:40,08:42,,,ONTIME,ONTIME,ONTIME,,,,,,,,,,HAN,,CGK,International,VJ,,
2026-08-17|VJ124/VJ129|A534|SGN-HAN-SGN|08:45,2026-08-17,VJ124/VJ129,A534,A321,SGN-HAN-SGN,08:15,08:45,08:15,08:45,08:10,08:44,08:45,08:51,00:30,00:35,ONTIME,ONTIME,ONTIME,ONTIME,,,,,,,,,HAN,SGN,SGN,Domestic,VJ,,
2026-08-17|VJ447|A668|HAN-PQC|08:45,2026-08-17,VJ447,A668,A320,HAN-PQC,,08:45,,08:45,,08:31,08:32,08:39,,,EARLY,ONTIME,ONTIME,,,,,,,,,,HAN,,PQC,Domestic,VJ,,
2026-08-17|VJ7615/VJ7615|A580|BQS-HAN-CXR|08:50,2026-08-17,VJ7615/VJ7615,A580,A321,BQS-HAN-CXR,08:20,08:50,08:20,08:50,08:20,08:38,08:39,09:04,00:30,00:19,EARLY,ONTIME,ONTIME,ONTIME,,,,,,,,,HAN,BQS,CXR,Domestic,VJ,,
2026-08-17|VJ505|A672|HAN-DAD|09:05,2026-08-17,VJ505,A672,A320,HAN-DAD,,09:05,,09:05,,08:56,08:57,09:05,,,EARLY,ONTIME,ONTIME,,,,,,,,,,HAN,,DAD,Domestic,VJ,,
2026-08-17|VJ514/VJ563|A539|DAD-HAN-HUI|09:20,2026-08-17,VJ514/VJ563,A539,A321,DAD-HAN-HUI,08:50,09:20,08:50,09:20,09:05,09:29,09:30,09:35,00:30,00:25,DELAY,ONTIME,ONTIME,ONTIME,,93,00:10,,,,,,HAN,DAD,HUI,Domestic,VJ,,
2026-08-17|VJ963/VJ131|A644|ICN-HAN-SGN|10:10,2026-08-17,VJ963/VJ131,A644,A321,ICN-HAN-SGN,08:55,10:10,08:55,10:10,09:20,10:07,10:08,10:15,01:15,00:48,EARLY,ONTIME,ONTIME,DELAY,,,,,,,,,HAN,ICN,SGN,Domestic,VJ,,
2026-08-17|VJ126/VJ1773|A575|SGN-HAN-CXR|10:15,2026-08-17,VJ126/VJ1773,A575,A321,SGN-HAN-CXR,09:40,10:15,09:40,10:15,09:45,10:12,10:13,10:20,00:35,00:28,EARLY,ONTIME,ONTIME,ONTIME,,,,,,,,,HAN,SGN,CXR,Domestic,VJ,,
2026-08-17|VJ463|A641|HAN-VCA|10:20,2026-08-17,VJ463,A641,A321,HAN-VCA,,10:20,,10:20,,10:09,10:10,10:13,,,EARLY,ONTIME,ONTIME,,,,,,,,,,HAN,,VCA,Domestic,VJ,,
2026-08-17|VJ492/VJ1491|A687|BMV-HAN-BMV|10:30,2026-08-17,VJ492/VJ1491,A687,A321,BMV-HAN-BMV,10:00,10:30,10:00,10:30,10:05,10:33,10:34,10:35,00:30,00:29,DELAY,ONTIME,ONTIME,ONTIME,,93,00:04,,,,,,HAN,BMV,BMV,Domestic,VJ,,
2026-08-17|VJ770/VJ901|A662|CXR-HAN-BKK|11:10,2026-08-17,VJ770/VJ901,A662,A320,CXR-HAN-BKK,09:55,11:10,09:55,11:10,10:15,10:56,10:57,11:05,01:15,00:42,EARLY,ONTIME,ONTIME,DELAY,,,,,,,,,HAN,CXR,BKK,International,VJ,,
2026-08-17|VJ507|A651|HAN-DAD|11:10,2026-08-17,VJ507,A651,A321,HAN-DAD,,11:10,,11:10,,11:03,11:05,11:15,,,EARLY,ONTIME,ONTIME,,,,,,,,,,HAN,,DAD,Domestic,VJ,,
2026-08-17|VJ133|A522|HAN-SGN|11:20,2026-08-17,VJ133,A522,A321,HAN-SGN,,11:20,,11:20,,11:19,11:20,11:28,,,ONTIME,ONTIME,ONTIME,,,,,,,,,,HAN,,SGN,Domestic,VJ,,
2026-08-17|VJ524/VJ565|A637|DAD-HAN-HUI|11:30,2026-08-17,VJ524/VJ565,A637,A321,DAD-HAN-HUI,10:40,11:30,10:40,11:30,10:55,11:26,11:27,11:30,00:50,00:32,EARLY,ONTIME,ONTIME,ONTIME,,,,,,,,,HAN,DAD,HUI,Domestic,VJ,,
2026-08-17|VJ422/VJ451|A675|PXU-HAN-PQC|11:45,2026-08-17,VJ422/VJ451,A675,A320,PXU-HAN-PQC,10:50,11:45,,11:45,11:15,11:39,11:40,11:44,,,EARLY,ONTIME,ONTIME,DELAY,,,,,,,,,HAN,PXU,PQC,Domestic,VJ,,
2026-08-17|VJ430/VJ775|A699|UIH-HAN-CXR|11:45,2026-08-17,VJ430/VJ775,A699,A320,UIH-HAN-CXR,09:50,11:45,09:58,11:45,09:55,11:43,11:45,11:48,01:47,01:50,ONTIME,ONTIME,ONTIME,ONTIME,,,,,,,,,HAN,UIH,CXR,Domestic,VJ,,
2026-08-17|VJ981/VJ515|A532|PUS-HAN-DAD|12:10,2026-08-17,VJ981/VJ515,A532,A321,PUS-HAN-DAD,10:40,12:10,10:40,12:10,10:50,12:09,12:10,12:20,01:30,01:20,ONTIME,ONTIME,ONTIME,ONTIME,,,,,,,,,HAN,PUS,DAD,Domestic,VJ,,
2026-08-17|VJ128/VJ137|A671|SGN-HAN-SGN|12:20,2026-08-17,VJ128/VJ137,A671,A320,SGN-HAN-SGN,11:50,12:20,11:50,13:00,12:15,12:53,12:55,12:57,01:10,00:40,EARLY,ONTIME,DELAY,DELAY,,,,,,,,,HAN,SGN,SGN,Domestic,VJ,,
2026-08-17|VJ506/VJ453|A672|DAD-HAN-PQC|13:00,2026-08-17,VJ506/VJ453,A672,A320,DAD-HAN-PQC,12:15,13:00,12:15,13:00,12:35,12:59,13:00,13:10,00:45,00:25,ONTIME,ONTIME,ONTIME,DELAY,,,,,,,,,HAN,DAD,PQC,Domestic,VJ,,
2026-08-17|VJ450/VJ787|A676|PQC-HAN-CXR|13:10,2026-08-17,VJ450/VJ787,A676,A320,PQC-HAN-CXR,11:15,13:10,11:15,13:10,11:10,13:04,13:05,13:15,01:55,01:55,EARLY,ONTIME,ONTIME,ONTIME,,,,,,,,,HAN,PQC,CXR,Domestic,VJ,,
2026-08-17|VJ961/VJ433|A633|ICN-HAN-UIH|13:20,2026-08-17,VJ961/VJ433,A633,A321,ICN-HAN-UIH,13:35,13:20,14:11,15:00,13:30,14:59,15:00,15:20,00:49,01:30,ONTIME,ONTIME,DELAY,ONTIME,,,,,,,,,HAN,ICN,UIH,Domestic,VJ,,
2026-08-17|VJ130/VJ948|A524|SGN-HAN-RMQ|13:30,2026-08-17,VJ130/VJ948,A524,A321,SGN-HAN-RMQ,12:10,13:30,12:10,13:30,12:45,13:49,13:50,13:55,01:20,01:05,DELAY,DELAY,DELAY,DELAY,,66,00:05,41,00:15,,,CREW HN OB 1305LT,HAN,SGN,RMQ,International,VJ,,
2026-08-17|VJ933/VJ441|A551|NRT-HAN-PQC|14:00,2026-08-17,VJ933/VJ441,A551,A321,NRT-HAN-PQC,13:05,14:00,13:05,14:00,12:53,13:59,14:00,14:02,00:55,01:07,ONTIME,ONTIME,ONTIME,ONTIME,,,,,,,,,HAN,NRT,PQC,Domestic,VJ,,
2026-08-17|VJ564/VJ143|A539|HUI-HAN-SGN|14:05,2026-08-17,VJ564/VJ143,A539,A321,HUI-HAN-SGN,12:20,14:05,12:20,14:05,12:45,14:04,14:05,14:14,01:45,01:20,ONTIME,ONTIME,ONTIME,DELAY,,,,,,,,,HAN,HUI,SGN,Domestic,VJ,,
2026-08-17|VJ939/VJ942|A521|KIX-HAN-TPE|14:25,2026-08-17,VJ939/VJ942,A521,A321,KIX-HAN-TPE,12:20,14:25,12:20,14:25,12:10,14:24,14:25,14:30,02:05,02:15,ONTIME,ONTIME,ONTIME,ONTIME,,,,,,,,,HAN,KIX,TPE,International,VJ,,
2026-08-17|VJ134/VJ467|A663|SGN-HAN-VCA|14:30,2026-08-17,VJ134/VJ467,A663,A320,SGN-HAN-VCA,13:30,14:30,13:30,14:30,13:45,14:27,14:28,14:30,01:00,00:43,EARLY,ONTIME,ONTIME,ONTIME,,,,,,,,,HAN,SGN,VCA,Domestic,VJ,,
2026-08-17|VJ1504/VJ1505|A639|DAD-HAN-DAD|14:35,2026-08-17,VJ1504/VJ1505,A639,A321,DAD-HAN-DAD,14:00,14:35,15:11,15:45,15:15,15:44,15:45,15:52,00:34,00:30,ONTIME,ONTIME,DELAY,DELAY,,,,,,,,,HAN,DAD,DAD,Domestic,VJ,,
2026-08-17|VJ921/VJ946|A693|NGO-HAN-KHH|14:35,2026-08-17,VJ921/VJ946,A693,A321,NGO-HAN-KHH,12:50,14:35,14:13,14:35,12:50,14:33,14:35,14:42,00:22,01:45,ONTIME,ONTIME,ONTIME,ONTIME,,,,,,,,,HAN,NGO,KHH,International,VJ,,
2026-08-17|VJ136/VJ145|A669|SGN-HAN-SGN|14:45,2026-08-17,VJ136/VJ145,A669,A320,SGN-HAN-SGN,14:15,14:45,14:15,15:20,15:00,15:24,15:25,15:35,01:05,00:25,DELAY,ONTIME,DELAY,DELAY,,93,00:05,,,,,,HAN,SGN,SGN,Domestic,VJ,,
2026-08-17|VJ452/VJ511|A500|PQC-HAN-DAD|15:05,2026-08-17,VJ452/VJ511,A500,A321,PQC-HAN-DAD,14:35,15:05,14:35,15:45,15:02,15:44,15:45,15:59,01:10,00:43,ONTIME,ONTIME,DELAY,DELAY,,,,,,,,,HAN,PQC,DAD,Domestic,VJ,,
2026-08-17|VJ440/VJ423|A668|PQC-HAN-PXU|15:05,2026-08-17,VJ440/VJ423,A668,A320,PQC-HAN-PXU,13:30,15:05,13:30,15:05,13:15,15:00,15:01,15:07,01:35,01:46,EARLY,ONTIME,ONTIME,ONTIME,,,,,,,,,HAN,PQC,PXU,Domestic,VJ,,
2026-08-17|VJ566/VJ419|A637|HUI-HAN-TBB|15:10,2026-08-17,VJ566/VJ419,A637,A321,HUI-HAN-TBB,14:30,15:10,14:30,15:10,14:45,15:14,15:15,15:20,00:40,00:30,DELAY,ONTIME,ONTIME,ONTIME,,93,00:05,,,,,,HAN,HUI,TBB,Domestic,VJ,,
2026-08-17|VJ1774/VJ439|A580|CXR-HAN-UIH|15:40,2026-08-17,VJ1774/VJ439,A580,A321,CXR-HAN-UIH,14:40,15:40,14:55,15:40,15:00,15:37,15:38,15:40,00:45,00:38,EARLY,ONTIME,ONTIME,DELAY,,,,,,,,,HAN,CXR,UIH,Domestic,VJ,,
2026-08-17|VJ906/VJ903|A544|KUL-HAN-BKK|15:45,2026-08-17,VJ906/VJ903,A544,A321,KUL-HAN-BKK,14:50,15:45,14:57,15:45,15:05,15:44,15:45,15:53,00:48,00:40,ONTIME,ONTIME,ONTIME,ONTIME,,,,,,,,,HAN,KUL,BKK,International,VJ,,
2026-08-17|VJ464/VJ567|A641|VCA-HAN-HUI|15:55,2026-08-17,VJ464/VJ567,A641,A321,VCA-HAN-HUI,15:10,15:55,15:10,15:55,15:10,15:49,15:50,15:55,00:45,00:40,EARLY,ONTIME,ONTIME,ONTIME,,,,,,,,,HAN,VCA,HUI,Domestic,VJ,,
2026-08-17|VJ1492/VJ773|A687|BMV-HAN-CXR|16:00,2026-08-17,VJ1492/VJ773,A687,A321,BMV-HAN-CXR,14:30,16:00,14:30,16:00,14:30,16:37,16:38,16:47,01:30,02:08,DELAY,DELAY,DELAY,ONTIME,,,,63A,00:38,,,CREW HN OB 1617LT,HAN,BMV,CXR,Domestic,VJ,,
2026-08-17|VJ198/VJ913|A657|SGN-HAN-SAI|16:20,2026-08-17,VJ198/VJ913,A657,A321,SGN-HAN-SAI,14:05,16:20,15:40,16:20,16:00,16:48,16:49,16:50,00:40,00:49,DELAY,DELAY,DELAY,DELAY,,93,00:10,63A,00:19,,,CREW HN OB 1632LT,HAN,SGN,SAI,International,VJ,,
2026-08-17|VJ772/VJ1511|A699|CXR-HAN-DAD|16:35,2026-08-17,VJ772/VJ1511,A699,A320,CXR-HAN-DAD,15:55,16:35,15:55,16:35,16:05,16:31,16:32,16:37,00:40,00:27,EARLY,ONTIME,ONTIME,ONTIME,,,,,,,,,HAN,CXR,DAD,Domestic,VJ,,
2026-08-17|VJ140/VJ151|A656|SGN-HAN-SGN|16:50,2026-08-17,VJ140/VJ151,A656,A320,SGN-HAN-SGN,16:20,16:50,16:20,16:50,16:50,17:14,17:15,17:20,00:30,00:25,DELAY,DELAY,DELAY,DELAY,,93,00:25,,,,,,HAN,SGN,SGN,Domestic,VJ,,
2026-08-17|VJ902/VJ465|A662|BKK-HAN-VCA|17:00,2026-08-17,VJ902/VJ465,A662,A320,BKK-HAN-VCA,15:50,17:00,16:10,17:00,16:10,16:56,16:57,17:00,00:50,00:47,EARLY,ONTIME,ONTIME,DELAY,,,,,,,,,HAN,BKK,VCA,Domestic,VJ,,
2026-08-17|VJ508/VJ495|A649|DAD-HAN-BMV|17:30,2026-08-17,VJ508/VJ495,A649,A321,DAD-HAN-BMV,15:35,17:30,15:35,17:30,15:50,17:29,17:30,17:35,01:55,01:40,ONTIME,ONTIME,ONTIME,ONTIME,,,,,,,,,HAN,DAD,BMV,Domestic,VJ,,
2026-08-17|VJ454/VJ141|A675|PQC-HAN-SGN|17:35,2026-08-17,VJ454/VJ141,A675,A320,PQC-HAN-SGN,16:45,17:35,16:45,17:35,16:32,17:39,17:40,17:50,00:50,01:08,DELAY,ONTIME,ONTIME,ONTIME,,,,63A,00:05,,,CREW HN OB 1718LT,HAN,PQC,SGN,Domestic,VJ,,
2026-08-17|VJ774/VJ517|A676|CXR-HAN-DAD|17:45,2026-08-17,VJ774/VJ517,A676,A320,CXR-HAN-DAD,17:15,17:45,17:15,17:45,17:40,18:04,18:05,18:14,00:30,00:25,DELAY,DELAY,DELAY,DELAY,,93,00:20,,,,,,HAN,CXR,DAD,Domestic,VJ,,
2026-08-17|VJ434/VJ781|A633|UIH-HAN-CXR|18:15,2026-08-17,VJ434/VJ781,A633,A321,UIH-HAN-CXR,17:40,18:15,17:40,19:45,19:05,19:44,19:45,19:55,02:05,00:40,ONTIME,ONTIME,DELAY,DELAY,,,,,,,,,HAN,UIH,CXR,Domestic,VJ,,
2026-08-17|VJ462/VJ521|A542|VCA-HAN-DAD|18:45,2026-08-17,VJ462/VJ521,A542,A321,VCA-HAN-DAD,11:40,18:45,11:42,18:45,11:40,18:44,18:45,18:55,07:03,07:05,ONTIME,ONTIME,ONTIME,ONTIME,,,,,,,,,HAN,VCA,DAD,Domestic,VJ,,
2026-08-17|VJ148/VJ155|A683|SGN-HAN-SGN|18:55,2026-08-17,VJ148/VJ155,A683,A321,SGN-HAN-SGN,18:25,18:55,18:25,18:55,18:50,19:19,19:20,19:25,00:30,00:30,DELAY,DELAY,DELAY,DELAY,,93,00:25,,,,,,HAN,SGN,SGN,Domestic,VJ,,
2026-08-17|VJ146/VJ519|A539|SGN-HAN-DAD|19:25,2026-08-17,VJ146/VJ519,A539,A321,SGN-HAN-DAD,18:55,19:25,18:55,20:05,19:30,20:04,20:05,20:07,01:10,00:35,ONTIME,ONTIME,DELAY,DELAY,,,,,,,,,HAN,SGN,DAD,Domestic,VJ,,
2026-08-17|VJ568/VJ523|A641|HUI-HAN-DAD|19:40,2026-08-17,VJ568/VJ523,A641,A321,HUI-HAN-DAD,18:55,19:40,18:55,19:40,18:55,20:24,20:25,20:30,00:45,01:30,DELAY,DELAY,DELAY,ONTIME,,,,95,00:45,,,CREW VJ512 OB 1955LT,HAN,HUI,DAD,Domestic,VJ,,
2026-08-17|VJ420/VJ1785|A637|TBB-HAN-CXR|19:55,2026-08-17,VJ420/VJ1785,A637,A321,TBB-HAN-CXR,19:15,19:55,19:15,19:55,19:45,20:09,20:10,20:18,00:40,00:25,DELAY,ONTIME,DELAY,DELAY,,93,00:15,,,,,,HAN,TBB,CXR,Domestic,VJ,,
2026-08-17|VJ424/VJ7712|A668|PXU-HAN-PKX|19:55,2026-08-17,VJ424/VJ7712,A668,A320,PXU-HAN-PKX,18:45,19:55,18:45,19:55,18:55,19:54,19:55,20:05,01:10,01:00,ONTIME,ONTIME,ONTIME,ONTIME,,,,,,,,,HAN,PXU,PKX,International,VJ,,
2026-08-17|VJ928/VJ455|A203|CGK-HAN-PQC|20:05,2026-08-17,VJ928/VJ455,A203,A321,CGK-HAN-PQC,18:15,20:05,18:15,20:05,18:45,20:01,20:02,20:11,01:50,01:17,EARLY,ONTIME,ONTIME,DELAY,,,,,,,,,HAN,CGK,PQC,Domestic,VJ,,
2026-08-17|VJ144/VJ907|A201|SGN-HAN-BOM|20:05,2026-08-17,VJ144/VJ907,A201,A321,SGN-HAN-BOM,18:05,20:05,18:05,20:05,18:40,20:03,20:04,20:14,02:00,01:24,EARLY,ONTIME,ONTIME,DELAY,,,,,,,,,HAN,SGN,BOM,International,VJ,,
2026-08-17|VJ456/VJ159|A672|PQC-HAN-SGN|20:10,2026-08-17,VJ456/VJ159,A672,A320,PQC-HAN-SGN,17:45,20:10,17:45,20:10,18:15,20:09,20:10,20:20,02:25,01:55,ONTIME,ONTIME,ONTIME,DELAY,,,,,,,,,HAN,PQC,SGN,Domestic,VJ,,
2026-08-17|VJ512/VJ161|A500|DAD-HAN-SGN|20:55,2026-08-17,VJ512/VJ161,A500,A321,DAD-HAN-SGN,18:15,20:55,18:15,21:40,19:35,21:26,21:27,21:35,03:25,01:52,EARLY,ONTIME,DELAY,DELAY,,,,,,,,,HAN,DAD,SGN,Domestic,VJ,,
2026-08-17|VJ468/VJ7238|A663|VCA-HAN-PVG|21:15,2026-08-17,VJ468/VJ7238,A663,A320,VCA-HAN-PVG,19:50,21:15,19:50,21:15,19:55,21:09,21:10,21:20,01:25,01:15,EARLY,ONTIME,ONTIME,ONTIME,,,,,,,,,HAN,VCA,PVG,International,VJ,,
2026-08-17|VJ154/VJ163|A655|SGN-HAN-SGN|21:25,2026-08-17,VJ154/VJ163,A655,A320,SGN-HAN-SGN,20:55,21:25,20:55,21:25,21:05,21:29,21:30,21:32,00:30,00:25,DELAY,ONTIME,ONTIME,ONTIME,,93,00:05,,,,,,HAN,SGN,SGN,Domestic,VJ,,
2026-08-17|VJ510/VJ7526|A651|DAD-HAN-CAN|22:30,2026-08-17,VJ510/VJ7526,A651,A321,DAD-HAN-CAN,14:35,22:30,14:35,22:30,14:50,22:26,22:27,22:30,07:55,07:37,EARLY,ONTIME,ONTIME,ONTIME,,,,,,,,,HAN,DAD,CAN,International,VJ,,
2026-08-17|VJ496/VJ167|A649|BMV-HAN-SGN|22:45,2026-08-17,VJ496/VJ167,A649,A321,BMV-HAN-SGN,21:30,22:45,21:30,22:45,22:25,22:54,22:55,22:56,01:15,00:30,DELAY,ONTIME,ONTIME,DELAY,,93,00:10,,,,,,HAN,BMV,SGN,Domestic,VJ,,
2026-08-17|VJ943/VJ962|A521|TPE-HAN-ICN|23:15,2026-08-17,VJ943/VJ962,A521,A321,TPE-HAN-ICN,20:55,23:15,20:55,23:15,21:15,23:07,23:08,23:10,02:20,01:53,EARLY,ONTIME,ONTIME,DELAY,,,,,,,,,HAN,TPE,ICN,International,VJ,,
2026-08-17|VJ1518/VJ169|A699|DAD-HAN-SGN|23:25,2026-08-17,VJ1518/VJ169,A699,A320,DAD-HAN-SGN,19:45,23:25,19:45,23:25,20:15,23:24,23:25,23:33,03:40,03:10,ONTIME,ONTIME,ONTIME,DELAY,,,,,,,,,HAN,DAD,SGN,Domestic,VJ,,
2026-08-17|AI2390/AI2391|VT-RTS|DEL-HAN-DEL|08:20,2026-08-17,AI2390/AI2391,VT-RTS,A320,DEL-HAN-DEL,07:20,08:20,07:20,08:20,07:30,08:22,08:23,08:28,01:00,00:53,DELAY,ONTIME,ONTIME,ONTIME,,93,00:03,,,,,,HAN,DEL,DEL,International,AI,,
