id,date,flight,reg,type,route,sta,std,eta,etd,onC,dc,offC,aobt,groundTime,tat,otpETD1,otpETD15,otpSTD,otaSTA,doorEarly5,code1,min1,code2,min2,code3,min3,delayReason,originReport,originOTA,destination,market,airline,updatedAt,updatedBy
2026-03-01|VJ932|A816|HAN-NRT|00:55,2026-03-01,VJ932,A816,A330,HAN-NRT,,00:55,,00:55,,00:54,00:55,01:10,,,ONTIME,ONTIME,ONTIME,,,,,,,,,,HAN,,NRT,International,VJ,,
2026-03-01|VJ982|A634|HAN-PUS|01:00,2026-03-01,VJ982,A634,A321,HAN-PUS,,01:00,,01:00,,00:59,01:00,01:15,,,ONTIME,ONTIME,ONTIME,,,,,,,,,,HAN,,PUS,International,VJ,,
2026-03-01|VJ920|A552|HAN-NGO|01:35,2026-03-01,VJ920,A552,A321,HAN-NGO,,01:35,,01:35,,01:32,01:33,01:36,,,EARLY,ONTIME,ONTIME,,,,,,,,,,HAN,,NGO,International,VJ,,
2026-03-01|VJ938|A545|HAN-KIX|01:40,2026-03-01,VJ938,A545,A321,HAN-KIX,,01:40,,01:40,,01:39,01:40,01:55,,,ONTIME,ONTIME,ONTIME,,,,,,,,,,HAN,,KIX,International,VJ,,
2026-03-01|VJ960|A578|HAN-ICN|01:45,2026-03-01,VJ960,A578,A321,HAN-ICN,,01:45,,01:45,,01:44,01:45,01:52,,,ONTIME,ONTIME,ONTIME,,,,,,,,,,HAN,,ICN,International,VJ,,
2026-03-01|VJ7704/VJ7704|A550|CXR-HAN-VVO|01:00,2026-03-01,VJ7704/VJ7704,A550,A321,CXR-HAN-VVO,00:30,01:00,01:20,01:50,02:00,02:28,02:30,02:35,00:30,00:30,DELAY,DELAY,DELAY,DELAY,,93,00:40,,,,,,HAN,CXR,VVO,International,VJ,,
2026-03-01|VJ958|A542|HAN-FUK|02:05,2026-03-01,VJ958,A542,A321,HAN-FUK,,02:05,,02:05,,02:04,02:05,02:15,,,ONTIME,ONTIME,ONTIME,,,,,,,,,,HAN,,FUK,International,VJ,,
2026-03-01|VJ185|A662|HAN-SGN|05:10,2026-03-01,VJ185,A662,A320,HAN-SGN,,05:10,,05:10,,05:04,05:05,05:15,,,EARLY,ONTIME,ONTIME,,,,,,,,,,HAN,,SGN,Domestic,VJ,,
2026-03-01|VJ7713/VJ461|A699|PKX-HAN-VCA|05:30,2026-03-01,VJ7713/VJ461,A699,A320,PKX-HAN-VCA,04:10,05:30,04:10,05:30,04:45,05:24,05:25,05:33,01:20,00:40,EARLY,ONTIME,ONTIME,DELAY,,,,,,,,,HAN,PKX,VCA,Domestic,VJ,,
2026-03-01|VJ443|A629|HAN-PQC|06:00,2026-03-01,VJ443,A629,A321,HAN-PQC,,06:00,,06:00,,05:54,05:55,06:05,,,EARLY,ONTIME,ONTIME,,,,,,,,,,HAN,,PQC,Domestic,VJ,,
2026-03-01|VJ491|A635|HAN-BMV|06:00,2026-03-01,VJ491,A635,A321,HAN-BMV,,06:00,,06:00,,05:54,05:55,06:00,,,EARLY,ONTIME,ONTIME,,,,,,,,,,HAN,,BMV,Domestic,VJ,,
2026-03-01|VJ7527/VJ401|A642|CAN-HAN-DLI|06:00,2026-03-01,VJ7527/VJ401,A642,A321,CAN-HAN-DLI,04:35,06:00,04:35,06:00,05:00,05:54,05:55,05:58,01:25,00:55,EARLY,ONTIME,ONTIME,DELAY,,,,,,,,,HAN,CAN,DLI,Domestic,VJ,,
2026-03-01|VJ421|A673|HAN-PXU|06:35,2026-03-01,VJ421,A673,A321,HAN-PXU,,06:35,,06:35,,06:29,06:30,06:30,,,EARLY,ONTIME,ONTIME,,,,,,,,,,HAN,,PXU,Domestic,VJ,,
2026-03-01|VJ952|A672|HAN-HIJ|06:35,2026-03-01,VJ952,A672,A320,HAN-HIJ,,06:35,,06:35,,06:29,06:30,06:34,,,EARLY,ONTIME,ONTIME,,,,,,,,,,HAN,,HIJ,International,VJ,,
2026-03-01|VJ181|A657|HAN-SGN|06:40,2026-03-01,VJ181,A657,A321,HAN-SGN,,06:40,,06:40,,06:34,06:35,06:40,,,EARLY,ONTIME,ONTIME,,,,,,,,,,HAN,,SGN,Domestic,VJ,,
2026-03-01|VJ105|652G|HAN-VCS|06:45,2026-03-01,VJ105,652G,C909,HAN-VCS,,06:45,,06:45,,06:39,06:40,06:43,,,EARLY,ONTIME,ONTIME,,,,,,,,,,HAN,,VCS,Domestic,VJ,,
2026-03-01|VJ503|A537|HAN-DAD|06:45,2026-03-01,VJ503,A537,A321,HAN-DAD,,06:45,,06:45,,06:39,06:40,06:50,,,EARLY,ONTIME,ONTIME,,,,,,,,,,HAN,,DAD,Domestic,VJ,,
2026-03-01|VJ905|A677|HAN-KUL|07:10,2026-03-01,VJ905,A677,A321,HAN-KUL,,07:10,,07:10,,07:04,07:05,07:07,,,EARLY,ONTIME,ONTIME,,,,,,,,,,HAN,,KUL,International,VJ,,
2026-03-01|VJ1926/VJ956|A668|AMD-HAN-PUS|07:30,2026-03-01,VJ1926/VJ956,A668,A320,AMD-HAN-PUS,06:35,07:30,06:35,07:30,05:55,07:29,07:30,07:40,00:55,01:35,ONTIME,ONTIME,ONTIME,ONTIME,,,,,,,,,HAN,AMD,PUS,International,VJ,,
2026-03-01|VJ940|A522|HAN-TPE|07:35,2026-03-01,VJ940,A522,A321,HAN-TPE,,07:35,,07:35,,07:29,07:30,07:36,,,EARLY,ONTIME,ONTIME,,,,,,,,,,HAN,,TPE,International,VJ,,
2026-03-01|VJ771|A532|HAN-CXR|07:35,2026-03-01,VJ771,A532,A321,HAN-CXR,,07:35,,07:35,,07:34,07:35,07:40,,,ONTIME,ONTIME,ONTIME,,,,,,,,,,HAN,,CXR,Domestic,VJ,,
2026-03-01|VJ107|656E|HAN-VCS|08:15,2026-03-01,VJ107,656E,C909,HAN-VCS,,08:15,,08:15,,08:09,08:10,08:16,,,EARLY,ONTIME,ONTIME,,,,,,,,,,HAN,,VCS,Domestic,VJ,,
2026-03-01|VJ930|A697|HAN-KIX|08:20,2026-03-01,VJ930,A697,A321,HAN-KIX,,08:20,,08:20,,08:34,08:35,08:47,,,DELAY,ONTIME,DELAY,,,87,00:15,,,,,STUCK AT IMMI,HAN,,KIX,International,VJ,,
2026-03-01|VJ122/VJ934|A653|SGN-HAN-NRT|08:35,2026-03-01,VJ122/VJ934,A653,A321,SGN-HAN-NRT,07:30,08:35,07:30,08:35,07:15,08:44,08:45,08:48,01:05,01:30,DELAY,ONTIME,ONTIME,ONTIME,,87,00:10,,,,,STUCK AT IMMI,HAN,SGN,NRT,International,VJ,,
2026-03-01|VJ524/VJ929|A658|DAD-HAN-CGK|08:40,2026-03-01,VJ524/VJ929,A658,A320,DAD-HAN-CGK,07:40,08:40,07:40,08:40,07:35,08:39,08:40,08:46,01:00,01:05,ONTIME,ONTIME,ONTIME,ONTIME,,,,,,,,,HAN,DAD,CGK,International,VJ,,
2026-03-01|VJ972/VJ125|A817|DEL-HAN-SGN|08:40,2026-03-01,VJ972/VJ125,A817,A330,DEL-HAN-SGN,05:35,08:40,05:35,08:40,05:35,08:38,08:39,08:45,03:05,03:04,EARLY,ONTIME,ONTIME,ONTIME,,,,,,,,,HAN,DEL,SGN,Domestic,VJ,,
2026-03-01|VJ126/VJ127|A546|SGN-HAN-SGN|08:55,2026-03-01,VJ126/VJ127,A546,A321,SGN-HAN-SGN,08:25,08:55,08:25,08:55,08:20,08:47,08:48,08:51,00:30,00:28,EARLY,ONTIME,ONTIME,ONTIME,,,,,,,,,HAN,SGN,SGN,Domestic,VJ,,
2026-03-01|VJ124/VJ773|A812|SGN-HAN-CXR|09:40,2026-03-01,VJ124/VJ773,A812,A330,SGN-HAN-CXR,08:35,09:40,08:35,09:40,08:55,09:36,09:38,09:39,01:05,00:43,EARLY,ONTIME,ONTIME,DELAY,,,,,,,,,HAN,SGN,CXR,Domestic,VJ,,
2026-03-01|VJ148/VJ149|-NVG|SGN-HAN-SGN|10:05,2026-03-01,VJ148/VJ149,-NVG,A320,SGN-HAN-SGN,09:30,10:05,09:30,10:05,09:45,10:04,10:05,10:15,00:35,00:20,ONTIME,ONTIME,ONTIME,ONTIME,,,,,,,,,HAN,SGN,SGN,Domestic,VJ,,
2026-03-01|VJ963/VJ997|A580|ICN-HAN-DPS|10:30,2026-03-01,VJ963/VJ997,A580,A321,ICN-HAN-DPS,09:30,10:30,09:30,10:30,08:45,10:21,10:22,10:24,01:00,01:37,EARLY,ONTIME,ONTIME,ONTIME,,,,,,,,,HAN,ICN,DPS,International,VJ,,
2026-03-01|VJ504/VJ915|A537|DAD-HAN-SIN|10:40,2026-03-01,VJ504/VJ915,A537,A321,DAD-HAN-SIN,09:50,10:40,09:50,10:40,10:35,11:19,11:20,11:35,00:50,00:45,DELAY,DELAY,DELAY,DELAY,,93,00:25,66,00:15,,,CREW OB 1050,HAN,DAD,SIN,International,VJ,,
2026-03-01|VJ492/VJ507|A635|BMV-HAN-DAD|10:40,2026-03-01,VJ492/VJ507,A635,A321,BMV-HAN-DAD,10:00,10:40,10:00,10:40,09:55,10:38,10:39,10:43,00:40,00:44,EARLY,ONTIME,ONTIME,ONTIME,,,,,,,,,HAN,BMV,DAD,Domestic,VJ,,
2026-03-01|VJ422/VJ567|A673|PXU-HAN-HUI|10:45,2026-03-01,VJ422/VJ567,A673,A321,PXU-HAN-HUI,10:15,10:45,10:15,10:45,10:05,10:35,10:36,10:37,00:30,00:31,EARLY,ONTIME,ONTIME,ONTIME,,,,,,,,,HAN,PXU,HUI,Domestic,VJ,,
2026-03-01|VJ7239/VJ403|A669|PVG-HAN-DLI|10:45,2026-03-01,VJ7239/VJ403,A669,A320,PVG-HAN-DLI,05:15,10:45,05:15,10:45,05:07,10:39,10:40,10:45,05:30,05:33,EARLY,ONTIME,ONTIME,ONTIME,,,,,,,,,HAN,PVG,DLI,Domestic,VJ,,
2026-03-01|VJ402/VJ463|A642|DLI-HAN-VCA|10:50,2026-03-01,VJ402/VJ463,A642,A321,DLI-HAN-VCA,10:10,10:50,10:10,10:50,10:00,10:43,10:45,10:50,00:40,00:45,EARLY,ONTIME,ONTIME,ONTIME,,,,,,,,,HAN,DLI,VCA,Domestic,VJ,,
2026-03-01|VJ136/VJ135|A538|SGN-HAN-SGN|11:10,2026-03-01,VJ136/VJ135,A538,A321,SGN-HAN-SGN,10:40,11:10,10:40,11:10,10:50,11:19,11:20,11:25,00:30,00:30,DELAY,ONTIME,ONTIME,ONTIME,,93,00:10,,,,,,HAN,SGN,SGN,Domestic,VJ,,
2026-03-01|VJ184/VJ129|A698|SGN-HAN-SGN|11:25,2026-03-01,VJ184/VJ129,A698,A321,SGN-HAN-SGN,10:25,11:25,10:25,11:25,10:36,11:18,11:20,11:23,01:00,00:44,EARLY,ONTIME,ONTIME,ONTIME,,,,,,,,,HAN,SGN,SGN,Domestic,VJ,,
2026-03-01|VJ502/VJ407|A656|DAD-HAN-DLI|11:25,2026-03-01,VJ502/VJ407,A656,A320,DAD-HAN-DLI,07:05,11:25,07:05,11:25,07:05,11:19,11:20,11:25,04:20,04:15,EARLY,ONTIME,ONTIME,ONTIME,,,,,,,,,HAN,DAD,DLI,Domestic,VJ,,
2026-03-01|VJ132/VJ137|A640|SGN-HAN-SGN|11:40,2026-03-01,VJ132/VJ137,A640,A321,SGN-HAN-SGN,11:10,11:40,11:10,11:40,11:15,11:39,11:40,11:50,00:30,00:25,ONTIME,ONTIME,ONTIME,ONTIME,,,,,,,,,HAN,SGN,SGN,Domestic,VJ,,
2026-03-01|VJ442/VJ946|A629|PQC-HAN-KHH|11:45,2026-03-01,VJ442/VJ946,A629,A321,PQC-HAN-KHH,10:45,11:45,10:45,11:45,10:50,11:44,11:45,11:53,01:00,00:55,ONTIME,ONTIME,ONTIME,ONTIME,,,,,,,,,HAN,PQC,KHH,International,VJ,,
2026-03-01|VJ440/VJ441|A650|PQC-HAN-PQC|13:05,2026-03-01,VJ440/VJ441,A650,A320,PQC-HAN-PQC,12:05,13:05,12:05,13:05,12:08,12:59,13:00,13:03,01:00,00:52,EARLY,ONTIME,ONTIME,ONTIME,,,,,,,,,HAN,PQC,PQC,Domestic,VJ,,
2026-03-01|VJ780/VJ781|A630|CXR-HAN-CXR|13:15,2026-03-01,VJ780/VJ781,A630,A321,CXR-HAN-CXR,12:45,13:15,13:05,13:45,13:15,13:44,13:45,13:54,00:40,00:30,ONTIME,ONTIME,DELAY,DELAY,,,,,,,,,HAN,CXR,CXR,Domestic,VJ,,
2026-03-01|VJ7705/VJ7705|A550|VVO-HAN-CXR|13:30,2026-03-01,VJ7705/VJ7705,A550,A321,VVO-HAN-CXR,13:00,13:30,13:00,15:00,14:35,14:54,14:55,14:59,02:00,00:20,EARLY,ONTIME,DELAY,DELAY,,,,,,,,,HAN,VVO,CXR,Domestic,VJ,,
2026-03-01|VJ981/VJ948|A634|PUS-HAN-RMQ|13:30,2026-03-01,VJ981/VJ948,A634,A321,PUS-HAN-RMQ,11:00,13:30,11:00,13:30,10:50,13:21,13:23,13:25,02:30,02:33,EARLY,ONTIME,ONTIME,ONTIME,,,,,,,,,HAN,PUS,RMQ,International,VJ,,
2026-03-01|VJ770/VJ513|A661|CXR-HAN-DAD|13:35,2026-03-01,VJ770/VJ513,A661,A321,CXR-HAN-DAD,12:20,13:35,12:20,13:35,12:25,13:31,13:32,13:35,01:15,01:07,EARLY,ONTIME,ONTIME,ONTIME,,,,,,,,,HAN,CXR,DAD,Domestic,VJ,,
2026-03-01|VJ939/VJ901|A545|KIX-HAN-BKK|14:05,2026-03-01,VJ939/VJ901,A545,A321,KIX-HAN-BKK,13:05,14:05,13:05,14:05,12:52,14:01,14:02,14:12,01:00,01:10,EARLY,ONTIME,ONTIME,ONTIME,,,,,,,,,HAN,KIX,BKK,International,VJ,,
2026-03-01|VJ508/VJ511|A635|DAD-HAN-DAD|14:35,2026-03-01,VJ508/VJ511,A635,A321,DAD-HAN-DAD,13:55,14:35,13:55,14:35,14:40,15:04,15:05,15:10,00:40,00:25,DELAY,DELAY,DELAY,DELAY,,93,00:30,,,,,,HAN,DAD,DAD,Domestic,VJ,,
2026-03-01|VJ921/VJ942|A552|NGO-HAN-TPE|14:40,2026-03-01,VJ921/VJ942,A552,A321,NGO-HAN-TPE,13:40,14:40,13:40,14:40,12:50,14:39,14:40,14:41,01:00,01:50,ONTIME,ONTIME,ONTIME,ONTIME,,,,,,,,,HAN,NGO,TPE,International,VJ,,
2026-03-01|VJ566/VJ1491|A673|HUI-HAN-BMV|15:00,2026-03-01,VJ566/VJ1491,A673,A321,HUI-HAN-BMV,13:45,15:00,13:45,15:00,13:25,14:56,14:57,15:03,01:15,01:32,EARLY,ONTIME,ONTIME,ONTIME,,,,,,,,,HAN,HUI,BMV,Domestic,VJ,,
2026-03-01|VJ188/VJ151|-NVE|SGN-HAN-SGN|15:05,2026-03-01,VJ188/VJ151,-NVE,A320,SGN-HAN-SGN,14:30,15:05,14:30,15:30,15:10,15:34,15:35,15:45,01:00,00:25,DELAY,ONTIME,DELAY,DELAY,,93,00:05,,,,,,HAN,SGN,SGN,Domestic,VJ,,
2026-03-01|VJ404/VJ433|A669|DLI-HAN-UIH|15:25,2026-03-01,VJ404/VJ433,A669,A320,DLI-HAN-UIH,14:55,15:25,14:55,15:25,15:20,15:39,15:40,15:40,00:30,00:20,DELAY,ONTIME,ONTIME,DELAY,,93,00:15,,,,,,HAN,DLI,UIH,Domestic,VJ,,
2026-03-01|VJ959/VJ1441|A542|FUK-HAN-PQC|15:30,2026-03-01,VJ959/VJ1441,A542,A321,FUK-HAN-PQC,12:25,15:30,12:25,15:30,11:40,15:29,15:30,15:33,03:05,03:50,ONTIME,ONTIME,ONTIME,ONTIME,,,,,,,,,HAN,FUK,PQC,Domestic,VJ,,
2026-03-01|VJ144/VJ145|A811|SGN-HAN-SGN|15:35,2026-03-01,VJ144/VJ145,A811,A330,SGN-HAN-SGN,14:25,15:35,14:25,15:35,14:35,15:34,15:35,15:50,01:10,01:00,ONTIME,ONTIME,ONTIME,ONTIME,,,,,,,,,HAN,SGN,SGN,Domestic,VJ,,
2026-03-01|VJ198/VJ199|A637|SGN-HAN-SGN|15:35,2026-03-01,VJ198/VJ199,A637,A321,SGN-HAN-SGN,15:10,15:35,15:10,15:35,15:30,15:59,16:00,16:15,00:25,00:30,DELAY,DELAY,DELAY,DELAY,,93,00:25,,,,,,HAN,SGN,SGN,Domestic,VJ,,
2026-03-01|VJ961/VJ903|A578|ICN-HAN-BKK|15:50,2026-03-01,VJ961/VJ903,A578,A321,ICN-HAN-BKK,14:10,15:50,14:10,15:50,13:55,15:49,15:50,16:19,01:40,01:55,ONTIME,ONTIME,DELAY,ONTIME,,,,,,,,,HAN,ICN,BKK,International,VJ,,
2026-03-01|VJ933/VJ195|A816|NRT-HAN-SGN|16:00,2026-03-01,VJ933/VJ195,A816,A330,NRT-HAN-SGN,14:00,16:00,14:00,16:00,13:45,15:59,16:00,16:30,02:00,02:15,ONTIME,ONTIME,DELAY,ONTIME,,,,,,,,,HAN,NRT,SGN,Domestic,VJ,,
2026-03-01|VJ941/VJ409|A522|TPE-HAN-DLI|16:05,2026-03-01,VJ941/VJ409,A522,A321,TPE-HAN-DLI,14:10,16:05,14:10,16:05,14:54,16:04,16:05,16:18,01:55,01:11,ONTIME,ONTIME,ONTIME,DELAY,,,,,,,,,HAN,TPE,DLI,Domestic,VJ,,
2026-03-01|VJ906/VJ913|A677|KUL-HAN-SAI|16:20,2026-03-01,VJ906/VJ913,A677,A321,KUL-HAN-SAI,14:55,16:20,14:55,16:20,14:55,16:09,16:10,16:18,01:25,01:15,EARLY,ONTIME,ONTIME,ONTIME,,,,,,,,,HAN,KUL,SAI,International,VJ,,
2026-03-01|VJ460/VJ423|A642|VCA-HAN-PXU|16:20,2026-03-01,VJ460/VJ423,A642,A321,VCA-HAN-PXU,15:45,16:20,15:45,16:40,16:05,16:34,16:35,16:50,00:55,00:30,EARLY,ONTIME,DELAY,DELAY,,,,,,,,,HAN,VCA,PXU,Domestic,VJ,,
2026-03-01|VJ408/VJ515|A656|DLI-HAN-DAD|16:25,2026-03-01,VJ408/VJ515,A656,A320,DLI-HAN-DAD,15:35,16:25,15:35,16:25,15:52,16:24,16:25,16:40,00:50,00:33,ONTIME,ONTIME,ONTIME,DELAY,,,,,,,,,HAN,DLI,DAD,Domestic,VJ,,
2026-03-01|VJ514/VJ465|A661|DAD-HAN-VCA|17:25,2026-03-01,VJ514/VJ465,A661,A321,DAD-HAN-VCA,16:45,17:25,16:45,17:50,17:10,17:39,17:40,17:46,01:05,00:30,EARLY,ONTIME,DELAY,DELAY,,,,,,,,,HAN,DAD,VCA,Domestic,VJ,,
2026-03-01|VJ134/VJ163|-MLI|SGN-HAN-SGN|17:30,2026-03-01,VJ134/VJ163,-MLI,A320,SGN-HAN-SGN,17:00,17:30,17:40,18:40,18:10,18:29,18:30,18:42,01:00,00:20,EARLY,ONTIME,DELAY,DELAY,,,,,,,,,HAN,SGN,SGN,Domestic,VJ,,
2026-03-01|VJ953/VJ445|A672|HIJ-HAN-PQC|17:40,2026-03-01,VJ953/VJ445,A672,A320,HIJ-HAN-PQC,16:20,17:40,16:20,17:40,16:34,17:29,17:31,17:36,01:20,00:57,EARLY,ONTIME,ONTIME,ONTIME,,,,,,,,,HAN,HIJ,PQC,Domestic,VJ,,
2026-03-01|VJ172/VJ177|A817|SGN-HAN-SGN|17:45,2026-03-01,VJ172/VJ177,A817,A330,SGN-HAN-SGN,16:45,17:45,16:45,17:45,16:35,17:41,17:42,17:51,01:00,01:07,EARLY,ONTIME,ONTIME,ONTIME,,,,,,,,,HAN,SGN,SGN,Domestic,VJ,,
2026-03-01|VJ957/VJ147|A668|PUS-HAN-SGN|18:10,2026-03-01,VJ957/VJ147,A668,A320,PUS-HAN-SGN,17:20,18:10,17:20,18:10,17:10,18:09,18:10,18:12,00:50,01:00,ONTIME,ONTIME,ONTIME,ONTIME,,,,,,,,,HAN,PUS,SGN,Domestic,VJ,,
2026-03-01|VJ462/VJ493|A699|VCA-HAN-BMV|18:25,2026-03-01,VJ462/VJ493,A699,A320,VCA-HAN-BMV,15:40,18:25,15:40,18:25,16:00,18:21,18:22,18:28,02:45,02:22,EARLY,ONTIME,ONTIME,DELAY,,,,,,,,,HAN,VCA,BMV,Domestic,VJ,,
2026-03-01|VJ446/VJ1925|A662|PQC-HAN-AMD|19:00,2026-03-01,VJ446/VJ1925,A662,A320,PQC-HAN-AMD,17:10,19:00,17:10,19:00,17:28,18:51,18:52,18:58,01:50,01:24,EARLY,ONTIME,ONTIME,DELAY,,,,,,,,,HAN,PQC,AMD,International,VJ,,
2026-03-01|VJ947/VJ173|A629|KHH-HAN-SGN|19:05,2026-03-01,VJ947/VJ173,A629,A321,KHH-HAN-SGN,18:05,19:05,18:05,19:05,17:55,19:04,19:05,19:08,01:00,01:10,ONTIME,ONTIME,ONTIME,ONTIME,,,,,,,,,HAN,KHH,SGN,Domestic,VJ,,
2026-03-01|VJ512/VJ569|A633|DAD-HAN-HUI|19:15,2026-03-01,VJ512/VJ569,A633,A321,DAD-HAN-HUI,17:30,19:15,18:20,19:15,18:17,19:03,19:05,19:05,00:55,00:48,EARLY,ONTIME,ONTIME,DELAY,,,,,,,,,HAN,DAD,HUI,Domestic,VJ,,
2026-03-01|VJ916/VJ779|A537|SIN-HAN-CXR|19:30,2026-03-01,VJ916/VJ779,A537,A321,SIN-HAN-CXR,18:40,19:30,18:40,20:30,19:40,20:28,20:29,20:33,01:50,00:49,EARLY,ONTIME,DELAY,DELAY,,,,,,,,,HAN,SIN,CXR,Domestic,VJ,,
2026-03-01|VJ1492/VJ517|A673|BMV-HAN-DAD|19:45,2026-03-01,VJ1492/VJ517,A673,A321,BMV-HAN-DAD,19:00,19:45,19:00,19:45,19:00,19:41,19:43,19:45,00:45,00:43,EARLY,ONTIME,ONTIME,ONTIME,,,,,,,,,HAN,BMV,DAD,Domestic,VJ,,
2026-03-01|VJ152/VJ165|A657|SGN-HAN-SGN|20:00,2026-03-01,VJ152/VJ165,A657,A321,SGN-HAN-SGN,19:15,20:00,19:15,20:00,19:10,19:47,19:48,19:51,00:45,00:38,EARLY,ONTIME,ONTIME,ONTIME,,,,,,,,,HAN,SGN,SGN,Domestic,VJ,,
2026-03-01|VJ931/VJ155|A697|KIX-HAN-SGN|20:05,2026-03-01,VJ931/VJ155,A697,A321,KIX-HAN-SGN,19:15,20:05,19:15,20:05,19:05,20:03,20:05,20:07,00:50,01:00,ONTIME,ONTIME,ONTIME,ONTIME,,,,,,,,,HAN,KIX,SGN,Domestic,VJ,,
2026-03-01|VJ928/VJ7712|A658|CGK-HAN-PKX|20:05,2026-03-01,VJ928/VJ7712,A658,A320,CGK-HAN-PKX,18:15,20:05,18:15,20:05,19:05,20:04,20:05,20:10,01:50,01:00,ONTIME,ONTIME,ONTIME,DELAY,,,,,,,,,HAN,CGK,PKX,International,VJ,,
2026-03-01|VJ902/VJ501|A545|BKK-HAN-DAD|20:15,2026-03-01,VJ902/VJ501,A545,A321,BKK-HAN-DAD,18:40,20:15,18:40,20:15,19:15,20:39,20:40,20:44,01:35,01:25,DELAY,DELAY,DELAY,DELAY,,93,00:25,,,,,,HAN,BKK,DAD,Domestic,VJ,,
2026-03-01|VJ410/VJ7238|A522|DLI-HAN-PVG|21:30,2026-03-01,VJ410/VJ7238,A522,A321,DLI-HAN-PVG,20:15,21:30,20:30,21:30,20:55,21:29,21:30,21:37,01:00,00:35,ONTIME,ONTIME,ONTIME,DELAY,,,,,,,,,HAN,DLI,PVG,International,VJ,,
2026-03-01|VJ516/VJ161|A656|DAD-HAN-SGN|21:50,2026-03-01,VJ516/VJ161,A656,A320,DAD-HAN-SGN,19:35,21:50,19:35,21:50,20:02,21:46,21:47,21:57,02:15,01:45,EARLY,ONTIME,ONTIME,DELAY,,,,,,,,,HAN,DAD,SGN,Domestic,VJ,,
2026-03-01|VJ160/VJ123|A645|SGN-HAN-SGN|22:10,2026-03-01,VJ160/VJ123,A645,A321,SGN-HAN-SGN,21:15,22:10,21:15,22:10,21:40,22:09,22:10,22:13,00:55,00:30,ONTIME,ONTIME,ONTIME,DELAY,,,,,,,,,HAN,SGN,SGN,Domestic,VJ,,
2026-03-01|VJ432/VJ523|A669|UIH-HAN-DAD|22:45,2026-03-01,VJ432/VJ523,A669,A320,UIH-HAN-DAD,19:10,22:45,19:40,22:45,19:35,22:59,23:00,23:13,03:05,03:25,DELAY,ONTIME,DELAY,DELAY,,95,00:15,,,,,WAIT CREW FR VJ568 OB 2235,HAN,UIH,DAD,Domestic,VJ,,
2026-03-01|VJ943/VJ962|A552|TPE-HAN-ICN|22:50,2026-03-01,VJ943/VJ962,A552,A321,TPE-HAN-ICN,21:40,22:50,21:40,22:50,21:35,22:49,22:50,23:05,01:10,01:15,ONTIME,ONTIME,ONTIME,ONTIME,,,,,,,,,HAN,TPE,ICN,International,VJ,,
2026-03-01|VJ156/VJ159|A639|SGN-HAN-SGN|23:40,2026-03-01,VJ156/VJ159,A639,A321,SGN-HAN-SGN,23:10,23:40,23:10,23:40,23:15,23:34,23:35,23:38,00:30,00:20,EARLY,ONTIME,ONTIME,ONTIME,,,,,,,,,HAN,SGN,SGN,Domestic,VJ,,
2026-03-01|VJ424/VJ7526|A642|PXU-HAN-CAN|23:40,2026-03-01,VJ424/VJ7526,A642,A321,PXU-HAN-CAN,20:00,23:40,20:00,23:40,20:50,23:39,23:40,23:44,03:40,02:50,ONTIME,ONTIME,ONTIME,DELAY,,,,,,,,,HAN,PXU,CAN,International,VJ,,
2026-03-01|VJ196/VJ171|A816|SGN-HAN-SGN|00:05,2026-03-01,VJ196/VJ171,A816,A330,SGN-HAN-SGN,21:20,00:05,21:20,00:05,21:53,23:53,23:54,23:57,02:45,02:01,EARLY,ONTIME,DELAY,DELAY,,,,,,,,,HAN,SGN,SGN,Domestic,VJ,,
2026-03-02|VJ932|A817|HAN-NRT|00:55,2026-03-02,VJ932,A817,A330,HAN-NRT,,00:55,,00:55,,00:54,00:55,00:56,,,ONTIME,ONTIME,ONTIME,,,,,,,,,,HAN,,NRT,International,VJ,,
2026-03-02|VJ982|A634|HAN-PUS|01:00,2026-03-02,VJ982,A634,A321,HAN-PUS,,01:00,,01:00,,00:59,01:00,01:01,,,ONTIME,ONTIME,ONTIME,,,,,,,,,,HAN,,PUS,International,VJ,,
2026-03-02|VJ920|A546|HAN-NGO|01:35,2026-03-02,VJ920,A546,A321,HAN-NGO,,01:35,,01:35,,01:34,01:35,01:40,,,ONTIME,ONTIME,ONTIME,,,,,,,,,,HAN,,NGO,International,VJ,,
2026-03-02|VJ938|A578|HAN-KIX|01:40,2026-03-02,VJ938,A578,A321,HAN-KIX,,01:40,,01:40,,01:39,01:40,01:48,,,ONTIME,ONTIME,ONTIME,,,,,,,,,,HAN,,KIX,International,VJ,,
2026-03-02|VJ960|A661|HAN-ICN|01:45,2026-03-02,VJ960,A661,A321,HAN-ICN,,01:45,,01:45,,01:42,01:43,01:45,,,EARLY,ONTIME,ONTIME,,,,,,,,,,HAN,,ICN,International,VJ,,
2026-03-02|VJ7614/VJ7614|A537|CXR-HAN-BQS|02:10,2026-03-02,VJ7614/VJ7614,A537,A321,CXR-HAN-BQS,01:40,02:10,01:40,02:10,01:55,02:24,02:25,02:34,00:30,00:30,DELAY,ONTIME,DELAY,ONTIME,,93,00:15,,,,,,HAN,CXR,BQS,International,VJ,,
2026-03-02|VJ179|A657|HAN-SGN|05:00,2026-03-02,VJ179,A657,A321,HAN-SGN,,05:00,,05:00,,04:52,04:54,04:55,,,EARLY,ONTIME,ONTIME,,,,,,,,,,HAN,,SGN,Domestic,VJ,,
2026-03-02|VJ461|A668|HAN-VCA|05:30,2026-03-02,VJ461,A668,A320,HAN-VCA,,05:30,,05:30,,05:24,05:25,05:32,,,EARLY,ONTIME,ONTIME,,,,,,,,,,HAN,,VCA,Domestic,VJ,,
2026-03-02|VJ401|A699|HAN-DLI|05:50,2026-03-02,VJ401,A699,A320,HAN-DLI,,05:50,,05:50,,05:44,05:45,05:50,,,EARLY,ONTIME,ONTIME,,,,,,,,,,HAN,,DLI,Domestic,VJ,,
2026-03-02|VJ443|A580|HAN-PQC|06:00,2026-03-02,VJ443,A580,A321,HAN-PQC,,06:00,,06:00,,05:54,05:55,05:58,,,EARLY,ONTIME,ONTIME,,,,,,,,,,HAN,,PQC,Domestic,VJ,,
2026-03-02|VJ503|A542|HAN-DAD|06:00,2026-03-02,VJ503,A542,A321,HAN-DAD,,06:00,,06:00,,05:54,05:55,06:05,,,EARLY,ONTIME,ONTIME,,,,,,,,,,HAN,,DAD,Domestic,VJ,,
2026-03-02|VJ7527/VJ491|A642|CAN-HAN-BMV|06:00,2026-03-02,VJ7527/VJ491,A642,A321,CAN-HAN-BMV,04:35,06:00,04:35,06:00,04:40,05:54,05:55,06:04,01:25,01:15,EARLY,ONTIME,ONTIME,ONTIME,,,,,,,,,HAN,CAN,BMV,Domestic,VJ,,
2026-03-02|VJ421|A532|HAN-PXU|06:35,2026-03-02,VJ421,A532,A321,HAN-PXU,,06:35,,06:35,,06:29,06:30,06:36,,,EARLY,ONTIME,ONTIME,,,,,,,,,,HAN,,PXU,Domestic,VJ,,
2026-03-02|VJ181|A633|HAN-SGN|06:40,2026-03-02,VJ181,A633,A321,HAN-SGN,,06:40,,06:40,,06:33,06:35,06:35,,,EARLY,ONTIME,ONTIME,,,,,,,,,,HAN,,SGN,Domestic,VJ,,
2026-03-02|VJ105|652G|HAN-VCS|06:45,2026-03-02,VJ105,652G,C909,HAN-VCS,,06:45,,06:45,,06:39,06:40,06:50,,,EARLY,ONTIME,ONTIME,,,,,,,,,,HAN,,VCS,Domestic,VJ,,
2026-03-02|VJ905|A629|HAN-KUL|07:10,2026-03-02,VJ905,A629,A321,HAN-KUL,,07:10,,07:10,,06:59,07:00,07:02,,,EARLY,ONTIME,ONTIME,,,,,,,,,,HAN,,KUL,International,VJ,,
2026-03-02|VJ7713/VJ431|A658|PKX-HAN-UIH|07:10,2026-03-02,VJ7713/VJ431,A658,A320,PKX-HAN-UIH,04:10,07:10,04:10,07:10,04:15,07:02,07:03,07:09,03:00,02:48,EARLY,ONTIME,ONTIME,ONTIME,,,,,,,,,HAN,PKX,UIH,Domestic,VJ,,
2026-03-02|VJ956|A650|HAN-PUS|07:30,2026-03-02,VJ956,A650,A320,HAN-PUS,,07:30,,07:30,,07:29,07:30,07:40,,,ONTIME,ONTIME,ONTIME,,,,,,,,,,HAN,,PUS,International,VJ,,
2026-03-02|VJ771|A677|HAN-CXR|07:35,2026-03-02,VJ771,A677,A321,HAN-CXR,,07:35,,07:35,,07:29,07:30,07:35,,,EARLY,ONTIME,ONTIME,,,,,,,,,,HAN,,CXR,Domestic,VJ,,
2026-03-02|VJ7239/VJ940|A522|PVG-HAN-TPE|07:35,2026-03-02,VJ7239/VJ940,A522,A321,PVG-HAN-TPE,05:15,07:35,05:15,07:35,05:20,07:49,07:50,08:14,02:20,02:30,DELAY,ONTIME,DELAY,ONTIME,,87,00:15,,,,,STUCK AT IMMI,HAN,PVG,TPE,International,VJ,,
2026-03-02|VJ107|656E|HAN-VCS|08:15,2026-03-02,VJ107,656E,C909,HAN-VCS,,08:15,,08:15,,07:30,08:10,08:11,,,EARLY,ONTIME,ONTIME,,,,,,,,,,HAN,,VCS,Domestic,VJ,,
2026-03-02|VJ122/VJ934|A543|SGN-HAN-NRT|08:20,2026-03-02,VJ122/VJ934,A543,A321,SGN-HAN-NRT,07:30,08:20,07:30,08:20,07:20,08:24,08:25,08:41,00:50,01:05,DELAY,ONTIME,DELAY,ONTIME,,15A,00:05,,,,,OFFLOAD 03PAX+02BAG,HAN,SGN,NRT,International,VJ,,
2026-03-02|VJ930|A575|HAN-KIX|08:20,2026-03-02,VJ930,A575,A321,HAN-KIX,,08:20,,08:20,,08:19,08:20,08:30,,,ONTIME,ONTIME,ONTIME,,,,,,,,,,HAN,,KIX,International,VJ,,
2026-03-02|VJ125|A673|HAN-SGN|08:40,2026-03-02,VJ125,A673,A321,HAN-SGN,,08:40,,08:40,,08:34,08:35,08:49,,,EARLY,ONTIME,ONTIME,,,,,,,,,,HAN,,SGN,Domestic,VJ,,
2026-03-02|VJ124/VJ929|A666|SGN-HAN-CGK|08:40,2026-03-02,VJ124/VJ929,A666,A320,SGN-HAN-CGK,07:50,08:40,07:50,08:40,07:35,08:39,08:40,08:45,00:50,01:05,ONTIME,ONTIME,ONTIME,ONTIME,,,,,,,,,HAN,SGN,CGK,International,VJ,,
2026-03-02|VJ126/VJ127|A547|SGN-HAN-SGN|08:55,2026-03-02,VJ126/VJ127,A547,A321,SGN-HAN-SGN,08:25,08:55,08:25,08:55,08:30,08:54,08:55,09:00,00:30,00:25,ONTIME,ONTIME,ONTIME,ONTIME,,,,,,,,,HAN,SGN,SGN,Domestic,VJ,,
2026-03-02|VJ176/VJ527|A550|SGN-HAN-DAD|09:30,2026-03-02,VJ176/VJ527,A550,A321,SGN-HAN-DAD,09:00,09:30,09:00,09:30,09:00,09:24,09:25,09:29,00:30,00:25,EARLY,ONTIME,ONTIME,ONTIME,,,,,,,,,HAN,SGN,DAD,Domestic,VJ,,
2026-03-02|VJ504/VJ997|A542|DAD-HAN-DPS|10:00,2026-03-02,VJ504/VJ997,A542,A321,DAD-HAN-DPS,09:00,10:00,09:00,10:00,09:30,10:09,10:10,10:33,01:00,00:40,DELAY,ONTIME,DELAY,DELAY,,66,00:10,,,,,CREW HN OB 0950,HAN,DAD,DPS,International,VJ,,
2026-03-02|VJ148/VJ149|-NVG|SGN-HAN-SGN|10:05,2026-03-02,VJ148/VJ149,-NVG,A320,SGN-HAN-SGN,09:30,10:05,09:30,10:05,09:50,10:14,10:15,10:20,00:35,00:25,DELAY,ONTIME,ONTIME,DELAY,,,,,,,,,HAN,SGN,SGN,Domestic,VJ,,
2026-03-02|VJ507|A643|HAN-DAD|10:30,2026-03-02,VJ507,A643,A321,HAN-DAD,,10:30,,10:30,,10:29,10:30,10:37,,,ONTIME,ONTIME,ONTIME,,,,,,,,,,HAN,,DAD,Domestic,VJ,,
2026-03-02|VJ963/VJ915|A552|ICN-HAN-SIN|10:30,2026-03-02,VJ963/VJ915,A552,A321,ICN-HAN-SIN,09:30,10:30,09:30,10:30,09:05,10:29,10:30,10:31,01:00,01:25,ONTIME,ONTIME,ONTIME,ONTIME,,,,,,,,,HAN,ICN,SIN,International,VJ,,
2026-03-02|VJ524/VJ775|A669|DAD-HAN-CXR|10:40,2026-03-02,VJ524/VJ775,A669,A320,DAD-HAN-CXR,07:40,10:40,07:40,10:40,07:35,10:39,10:40,10:43,03:00,03:05,ONTIME,ONTIME,ONTIME,ONTIME,,,,,,,,,HAN,DAD,CXR,Domestic,VJ,,
2026-03-02|VJ422/VJ567|A532|PXU-HAN-HUI|10:45,2026-03-02,VJ422/VJ567,A532,A321,PXU-HAN-HUI,10:15,10:45,10:15,11:05,10:35,11:14,11:15,11:24,00:50,00:40,DELAY,ONTIME,DELAY,DELAY,,49,00:10,,,,,MCC SIGN TECHLOG,HAN,PXU,HUI,Domestic,VJ,,
2026-03-02|VJ1926/VJ403|A662|AMD-HAN-DLI|10:45,2026-03-02,VJ1926/VJ403,A662,A320,AMD-HAN-DLI,06:20,10:45,06:20,10:45,05:35,10:39,10:40,10:50,04:25,05:05,EARLY,ONTIME,ONTIME,ONTIME,,,,,,,,,HAN,AMD,DLI,Domestic,VJ,,
2026-03-02|VJ492/VJ463|A642|BMV-HAN-VCA|10:50,2026-03-02,VJ492/VJ463,A642,A321,BMV-HAN-VCA,10:00,10:50,10:00,10:50,10:00,10:39,10:40,10:50,00:50,00:40,EARLY,ONTIME,ONTIME,ONTIME,,,,,,,,,HAN,BMV,VCA,Domestic,VJ,,
2026-03-02|VJ136/VJ135|A689|SGN-HAN-SGN|11:10,2026-03-02,VJ136/VJ135,A689,A320,SGN-HAN-SGN,10:40,11:10,10:40,11:10,10:40,11:06,11:07,11:13,00:30,00:27,EARLY,ONTIME,ONTIME,ONTIME,,,,,,,,,HAN,SGN,SGN,Domestic,VJ,,
2026-03-02|VJ184/VJ129|A632|SGN-HAN-SGN|11:25,2026-03-02,VJ184/VJ129,A632,A321,SGN-HAN-SGN,10:25,11:25,10:25,11:25,10:44,11:24,11:25,11:28,01:00,00:41,ONTIME,ONTIME,ONTIME,DELAY,,,,,,,,,HAN,SGN,SGN,Domestic,VJ,,
2026-03-02|VJ402/VJ407|A699|DLI-HAN-DLI|11:25,2026-03-02,VJ402/VJ407,A699,A320,DLI-HAN-DLI,10:10,11:25,10:10,11:25,09:55,11:22,11:24,11:35,01:15,01:29,EARLY,ONTIME,ONTIME,ONTIME,,,,,,,,,HAN,DLI,DLI,Domestic,VJ,,
2026-03-02|VJ772/VJ133|A812|CXR-HAN-SGN|11:40,2026-03-02,VJ772/VJ133,A812,A330,CXR-HAN-SGN,10:40,11:40,10:40,11:40,10:42,11:39,11:40,11:50,01:00,00:58,ONTIME,ONTIME,ONTIME,ONTIME,,,,,,,,,HAN,CXR,SGN,Domestic,VJ,,
2026-03-02|VJ442/VJ946|A580|PQC-HAN-KHH|11:45,2026-03-02,VJ442/VJ946,A580,A321,PQC-HAN-KHH,10:45,11:45,10:45,11:45,10:40,11:33,11:35,11:39,01:00,00:55,EARLY,ONTIME,ONTIME,ONTIME,,,,,,,,,HAN,PQC,KHH,International,VJ,,
2026-03-02|VJ981/VJ901|A634|PUS-HAN-BKK|12:15,2026-03-02,VJ981/VJ901,A634,A321,PUS-HAN-BKK,11:00,12:15,11:00,12:15,10:50,12:10,12:11,12:19,01:15,01:21,EARLY,ONTIME,ONTIME,ONTIME,,,,,,,,,HAN,PUS,BKK,International,VJ,,
2026-03-02|VJ430/VJ441|A658|UIH-HAN-PQC|12:55,2026-03-02,VJ430/VJ441,A658,A320,UIH-HAN-PQC,10:55,12:55,10:55,12:55,10:50,12:49,12:50,12:57,02:00,02:00,EARLY,ONTIME,ONTIME,ONTIME,,,,,,,,,HAN,UIH,PQC,Domestic,VJ,,
2026-03-02|VJ528/VJ948|A550|DAD-HAN-RMQ|13:30,2026-03-02,VJ528/VJ948,A550,A321,DAD-HAN-RMQ,12:40,13:30,12:40,13:30,13:10,13:49,13:50,13:51,00:50,00:40,DELAY,DELAY,DELAY,DELAY,,93,00:10,66,00:10,,,CREW HN OB 1325,HAN,DAD,RMQ,International,VJ,,
2026-03-02|VJ939/VJ513|A578|KIX-HAN-DAD|13:35,2026-03-02,VJ939/VJ513,A578,A321,KIX-HAN-DAD,13:05,13:35,13:05,13:35,12:45,13:27,13:28,13:30,00:30,00:43,EARLY,ONTIME,ONTIME,ONTIME,,,,,,,,,HAN,KIX,DAD,Domestic,VJ,,
2026-03-02|VJ128/VJ143|A816|SGN-HAN-SGN|13:40,2026-03-02,VJ128/VJ143,A816,A330,SGN-HAN-SGN,12:10,13:40,12:10,13:40,12:45,13:38,13:40,13:42,01:30,00:55,ONTIME,ONTIME,ONTIME,DELAY,,,,,,,,,HAN,SGN,SGN,Domestic,VJ,,
2026-03-02|VJ770/VJ511|A677|CXR-HAN-DAD|14:20,2026-03-02,VJ770/VJ511,A677,A321,CXR-HAN-DAD,11:45,14:20,11:45,14:45,12:03,14:54,14:55,15:01,03:00,02:52,DELAY,ONTIME,DELAY,DELAY,,95,00:10,,,,,WAIT CREW 508 OB 1430,HAN,CXR,DAD,Domestic,VJ,,
2026-03-02|VJ921/VJ942|A546|NGO-HAN-TPE|14:25,2026-03-02,VJ921/VJ942,A546,A321,NGO-HAN-TPE,13:40,14:25,13:40,14:25,13:00,14:34,14:35,14:38,00:45,01:35,DELAY,ONTIME,ONTIME,ONTIME,,99,00:10,,,,,OFFLOAD PAX ONBOARD,HAN,NGO,TPE,International,VJ,,
2026-03-02|VJ566/VJ1491|A532|HUI-HAN-BMV|14:35,2026-03-02,VJ566/VJ1491,A532,A321,HUI-HAN-BMV,13:45,14:35,14:00,14:35,14:30,15:03,15:05,15:15,00:35,00:35,DELAY,DELAY,DELAY,DELAY,,93,00:25,66,00:05,,,CREW OB 1440,HAN,HUI,BMV,Domestic,VJ,,
2026-03-02|VJ188/VJ151|-NVE|SGN-HAN-SGN|14:40,2026-03-02,VJ188/VJ151,-NVE,A320,SGN-HAN-SGN,14:05,14:40,14:05,14:40,14:40,15:04,15:05,15:14,00:35,00:25,DELAY,DELAY,DELAY,DELAY,,93,00:25,,,,,,HAN,SGN,SGN,Domestic,VJ,,
2026-03-02|VJ7615/VJ7615|A537|BQS-HAN-CXR|15:10,2026-03-02,VJ7615/VJ7615,A537,A321,BQS-HAN-CXR,14:40,15:10,14:40,15:10,14:45,15:15,15:16,15:24,00:30,00:31,DELAY,ONTIME,ONTIME,ONTIME,,93,00:06,,,,,,HAN,BQS,CXR,Domestic,VJ,,
2026-03-02|VJ774/VJ175|A669|CXR-HAN-SGN|15:20,2026-03-02,VJ774/VJ175,A669,A320,CXR-HAN-SGN,14:50,15:20,14:50,15:20,15:10,15:34,15:35,15:43,00:30,00:25,DELAY,ONTIME,DELAY,DELAY,,93,00:15,,,,,,HAN,CXR,SGN,Domestic,VJ,,
2026-03-02|VJ404/VJ433|A662|DLI-HAN-UIH|15:25,2026-03-02,VJ404/VJ433,A662,A320,DLI-HAN-UIH,14:55,15:25,14:55,15:25,14:50,15:24,15:25,15:30,00:30,00:35,ONTIME,ONTIME,ONTIME,ONTIME,,,,,,,,,HAN,DLI,UIH,Domestic,VJ,,
2026-03-02|VJ921/VJ1441|A546|NGO-HAN-PQC|15:30,2026-03-02,VJ921/VJ1441,A546,A321,NGO-HAN-PQC,13:40,15:30,13:40,15:30,14:05,15:16,15:17,15:30,01:50,01:12,EARLY,ONTIME,ONTIME,DELAY,,,,,,,,,HAN,NGO,PQC,Domestic,VJ,,
2026-03-02|VJ144/VJ145|A673|SGN-HAN-SGN|15:35,2026-03-02,VJ144/VJ145,A673,A321,SGN-HAN-SGN,14:10,15:35,14:10,15:35,14:45,15:29,15:30,15:40,01:25,00:45,EARLY,ONTIME,ONTIME,DELAY,,,,,,,,,HAN,SGN,SGN,Domestic,VJ,,
2026-03-02|VJ198/VJ199|A647|SGN-HAN-SGN|15:35,2026-03-02,VJ198/VJ199,A647,A321,SGN-HAN-SGN,15:10,15:35,15:10,15:50,16:00,16:29,16:30,16:35,00:40,00:30,DELAY,DELAY,DELAY,DELAY,,93,00:40,,,,,,HAN,SGN,SGN,Domestic,VJ,,
2026-03-02|VJ961/VJ903|A661|ICN-HAN-BKK|15:50,2026-03-02,VJ961/VJ903,A661,A321,ICN-HAN-BKK,14:10,15:50,14:10,15:50,13:48,15:47,15:48,15:55,01:40,02:00,EARLY,ONTIME,ONTIME,ONTIME,,,,,,,,,HAN,ICN,BKK,International,VJ,,
2026-03-02|VJ941/VJ423|A522|TPE-HAN-PXU|15:55,2026-03-02,VJ941/VJ423,A522,A321,TPE-HAN-PXU,14:10,15:55,14:10,15:55,14:55,15:52,15:53,16:01,01:45,00:58,EARLY,ONTIME,ONTIME,DELAY,,,,,,,,,HAN,TPE,PXU,Domestic,VJ,,
2026-03-02|VJ933/VJ195|A817|NRT-HAN-SGN|16:00,2026-03-02,VJ933/VJ195,A817,A330,NRT-HAN-SGN,14:00,16:00,14:00,16:00,13:33,15:59,16:00,16:04,02:00,02:27,ONTIME,ONTIME,ONTIME,ONTIME,,,,,,,,,HAN,NRT,SGN,Domestic,VJ,,
2026-03-02|VJ408/VJ409|A699|DLI-HAN-DLI|16:05,2026-03-02,VJ408/VJ409,A699,A320,DLI-HAN-DLI,15:35,16:05,15:35,16:05,15:45,16:09,16:10,16:20,00:30,00:25,DELAY,ONTIME,ONTIME,ONTIME,,93,00:05,,,,,,HAN,DLI,DLI,Domestic,VJ,,
2026-03-02|VJ906/VJ913|A629|KUL-HAN-SAI|16:20,2026-03-02,VJ906/VJ913,A629,A321,KUL-HAN-SAI,14:55,16:20,14:55,16:20,14:25,16:10,16:11,16:30,01:25,01:46,EARLY,ONTIME,ONTIME,ONTIME,,,,,,,,,HAN,KUL,SAI,International,VJ,,
2026-03-02|VJ460/VJ191|A642|VCA-HAN-SGN|16:20,2026-03-02,VJ460/VJ191,A642,A321,VCA-HAN-SGN,15:45,16:20,15:45,16:40,16:10,16:39,16:40,16:44,00:55,00:30,ONTIME,ONTIME,DELAY,DELAY,,,,,,,,,HAN,VCA,SGN,Domestic,VJ,,
2026-03-02|VJ462/VJ515|A668|VCA-HAN-DAD|16:25,2026-03-02,VJ462/VJ515,A668,A320,VCA-HAN-DAD,15:40,16:25,15:40,16:25,15:40,16:24,16:25,16:30,00:45,00:45,ONTIME,ONTIME,ONTIME,ONTIME,,,,,,,,,HAN,VCA,DAD,Domestic,VJ,,
2026-03-02|VJ514/VJ465|A677|DAD-HAN-VCA|17:25,2026-03-02,VJ514/VJ465,A677,A321,DAD-HAN-VCA,16:45,17:25,16:45,17:25,17:00,17:29,17:30,17:35,00:40,00:30,DELAY,ONTIME,ONTIME,ONTIME,,93,00:05,,,,,,HAN,DAD,VCA,Domestic,VJ,,
2026-03-02|VJ134/VJ163|-MLI|SGN-HAN-SGN|17:30,2026-03-02,VJ134/VJ163,-MLI,A320,SGN-HAN-SGN,17:00,17:30,17:00,17:50,17:20,17:49,17:50,18:00,00:50,00:30,ONTIME,ONTIME,DELAY,DELAY,,,,,,,,,HAN,SGN,SGN,Domestic,VJ,,
2026-03-02|VJ440/VJ445|A672|PQC-HAN-PQC|17:40,2026-03-02,VJ440/VJ445,A672,A320,PQC-HAN-PQC,11:55,17:40,11:55,17:40,12:00,17:39,17:40,17:48,05:45,05:40,ONTIME,ONTIME,ONTIME,ONTIME,,,,,,,,,HAN,PQC,PQC,Domestic,VJ,,
2026-03-02|VJ130/VJ131|A633|SGN-HAN-SGN|17:45,2026-03-02,VJ130/VJ131,A633,A321,SGN-HAN-SGN,16:45,17:45,16:45,17:45,16:45,17:37,17:39,17:40,01:00,00:54,EARLY,ONTIME,ONTIME,ONTIME,,,,,,,,,HAN,SGN,SGN,Domestic,VJ,,
2026-03-02|VJ902/VJ147|A634|BKK-HAN-SGN|17:45,2026-03-02,VJ902/VJ147,A634,A321,BKK-HAN-SGN,17:00,17:45,17:00,17:45,17:15,17:44,17:45,17:50,00:45,00:30,ONTIME,ONTIME,ONTIME,ONTIME,,,,,,,,,HAN,BKK,SGN,Domestic,VJ,,
2026-03-02|VJ146/VJ169|A812|SGN-HAN-SGN|18:00,2026-03-02,VJ146/VJ169,A812,A330,SGN-HAN-SGN,17:00,18:00,17:00,18:20,17:20,18:14,18:15,18:15,01:20,00:55,EARLY,ONTIME,ONTIME,DELAY,,,,,,,,,HAN,SGN,SGN,Domestic,VJ,,
2026-03-02|VJ512/VJ779|A643|DAD-HAN-CXR|18:10,2026-03-02,VJ512/VJ779,A643,A321,DAD-HAN-CXR,17:30,18:10,17:30,19:00,18:30,19:04,19:05,19:10,01:30,00:35,DELAY,ONTIME,DELAY,DELAY,,66,00:05,,,,,CHANGE CREW HN OB 1845,HAN,DAD,CXR,Domestic,VJ,,
2026-03-02|VJ957/VJ1925|A650|PUS-HAN-AMD|19:00,2026-03-02,VJ957/VJ1925,A650,A320,PUS-HAN-AMD,17:20,19:00,17:20,19:00,17:05,18:53,18:55,18:56,01:40,01:50,EARLY,ONTIME,ONTIME,ONTIME,,,,,,,,,HAN,PUS,AMD,International,VJ,,
2026-03-02|VJ1492/VJ517|A532|BMV-HAN-DAD|19:05,2026-03-02,VJ1492/VJ517,A532,A321,BMV-HAN-DAD,18:35,19:05,18:35,19:40,19:15,19:39,19:40,19:45,01:05,00:25,ONTIME,ONTIME,DELAY,DELAY,,,,,,,,,HAN,BMV,DAD,Domestic,VJ,,
2026-03-02|VJ928/VJ569|A666|CGK-HAN-HUI|19:15,2026-03-02,VJ928/VJ569,A666,A320,CGK-HAN-HUI,18:15,19:15,18:15,19:15,18:10,19:05,19:06,19:12,01:00,00:56,EARLY,ONTIME,ONTIME,ONTIME,,,,,,,,,HAN,CGK,HUI,Domestic,VJ,,
2026-03-02|VJ947/VJ907|A580|KHH-HAN-BOM|19:15,2026-03-02,VJ947/VJ907,A580,A321,KHH-HAN-BOM,18:05,19:15,18:05,19:15,17:40,18:58,19:01,19:06,01:10,01:21,EARLY,ONTIME,ONTIME,ONTIME,,,,,,,,,HAN,KHH,BOM,International,VJ,,
2026-03-02|VJ152/VJ155|A644|SGN-HAN-SGN|20:05,2026-03-02,VJ152/VJ155,A644,A321,SGN-HAN-SGN,19:15,20:05,19:15,20:05,19:00,19:56,19:58,20:00,00:50,00:58,EARLY,ONTIME,ONTIME,ONTIME,,,,,,,,,HAN,SGN,SGN,Domestic,VJ,,
2026-03-02|VJ446/VJ7712|A656|PQC-HAN-PKX|20:05,2026-03-02,VJ446/VJ7712,A656,A320,PQC-HAN-PKX,17:10,20:05,17:10,20:05,17:40,19:56,19:57,20:02,02:55,02:17,EARLY,ONTIME,ONTIME,DELAY,,,,,,,,,HAN,PQC,PKX,International,VJ,,
2026-03-02|VJ432/VJ173|A662|UIH-HAN-SGN|20:15,2026-03-02,VJ432/VJ173,A662,A320,UIH-HAN-SGN,19:10,20:15,19:10,20:15,18:50,20:04,20:05,20:10,01:05,01:15,EARLY,ONTIME,ONTIME,ONTIME,,,,,,,,,HAN,UIH,SGN,Domestic,VJ,,
2026-03-02|VJ424/VJ501|A522|PXU-HAN-DAD|20:15,2026-03-02,VJ424/VJ501,A522,A321,PXU-HAN-DAD,19:35,20:15,19:35,20:15,19:35,20:09,20:10,20:13,00:40,00:35,EARLY,ONTIME,ONTIME,ONTIME,,,,,,,,,HAN,PXU,DAD,Domestic,VJ,,
2026-03-02|VJ154/VJ7238|A669|SGN-HAN-PVG|21:30,2026-03-02,VJ154/VJ7238,A669,A320,SGN-HAN-PVG,20:10,21:30,20:10,21:30,21:05,21:39,21:40,21:41,01:20,00:35,DELAY,ONTIME,ONTIME,DELAY,,66,00:10,,,,,CHANGE CREW HN OB 2115,HAN,SGN,PVG,International,VJ,,
2026-03-02|VJ943/VJ161|A578|TPE-HAN-SGN|21:50,2026-03-02,VJ943/VJ161,A578,A321,TPE-HAN-SGN,20:55,21:50,20:55,21:50,21:40,22:04,22:05,22:10,00:55,00:25,DELAY,ONTIME,DELAY,DELAY,,93,00:15,,,,,,HAN,TPE,SGN,Domestic,VJ,,
2026-03-02|VJ516/VJ523|A668|DAD-HAN-DAD|22:45,2026-03-02,VJ516/VJ523,A668,A320,DAD-HAN-DAD,22:15,22:45,19:35,22:45,19:35,22:54,22:55,22:57,03:10,03:20,DELAY,ONTIME,ONTIME,ONTIME,,95,00:10,,,,,CREW FROM VJ568 OB 2235,HAN,DAD,DAD,Domestic,VJ,,
2026-03-02|VJ916/VJ962|A552|SIN-HAN-ICN|22:50,2026-03-02,VJ916/VJ962,A552,A321,SIN-HAN-ICN,20:50,22:50,18:15,22:50,18:35,22:59,23:00,23:05,04:35,04:25,DELAY,ONTIME,ONTIME,ONTIME,,87,00:10,,,,,STUCK AT IMMI,HAN,SIN,ICN,International,VJ,,
2026-03-02|VJ180/VJ171|A816|SGN-HAN-SGN|23:25,2026-03-02,VJ180/VJ171,A816,A330,SGN-HAN-SGN,22:25,23:25,22:25,23:25,22:25,23:14,23:15,23:20,01:00,00:50,EARLY,ONTIME,ONTIME,ONTIME,,,,,,,,,HAN,SGN,SGN,Domestic,VJ,,
2026-03-02|VJ998/VJ7526|A542|DPS-HAN-CAN|23:40,2026-03-02,VJ998/VJ7526,A542,A321,DPS-HAN-CAN,21:35,23:40,21:35,23:40,21:25,23:39,23:40,23:49,02:05,02:15,ONTIME,ONTIME,ONTIME,ONTIME,,,,,,,,,HAN,DPS,CAN,International,VJ,,
2026-03-03|VJ932|A812|HAN-NRT|00:55,2026-03-03,VJ932,A812,A330,HAN-NRT,,00:55,,00:55,,01:09,01:10,01:18,,,DELAY,ONTIME,DELAY,,,99,00:15,,,,,VERIFY BAG,HAN,,NRT,International,VJ,,
2026-03-03|VJ982|A629|HAN-PUS|01:00,2026-03-03,VJ982,A629,A321,HAN-PUS,,01:00,,01:00,,00:59,01:00,01:12,,,ONTIME,ONTIME,ONTIME,,,,,,,,,,HAN,,PUS,International,VJ,,
2026-03-03|VJ920|A578|HAN-NGO|01:35,2026-03-03,VJ920,A578,A321,HAN-NGO,,01:35,,01:35,,01:34,01:35,01:44,,,ONTIME,ONTIME,ONTIME,,,,,,,,,,HAN,,NGO,International,VJ,,
2026-03-03|VJ938|A550|HAN-KIX|01:40,2026-03-03,VJ938,A550,A321,HAN-KIX,,01:40,,01:40,,01:39,01:40,01:48,,,ONTIME,ONTIME,ONTIME,,,,,,,,,,HAN,,KIX,International,VJ,,
2026-03-03|VJ960|A661|HAN-ICN|01:45,2026-03-03,VJ960,A661,A321,HAN-ICN,,01:45,,01:45,,01:54,01:55,01:58,,,DELAY,ONTIME,ONTIME,,,87,00:10,,,,,STUCK AT IMMIGRATION,HAN,,ICN,International,VJ,,
2026-03-03|VJ958|A522|HAN-FUK|02:05,2026-03-03,VJ958,A522,A321,HAN-FUK,,02:05,,02:05,,02:04,02:05,02:06,,,ONTIME,ONTIME,ONTIME,,,,,,,,,,HAN,,FUK,International,VJ,,
2026-03-03|VJ21|A662|HAN-VTE|04:50,2026-03-03,VJ21,A662,A320,HAN-VTE,,04:50,,04:50,,04:48,04:50,04:55,,,ONTIME,ONTIME,ONTIME,,,,,,,,,,HAN,,VTE,International,VJ,,
2026-03-03|VJ179|A673|HAN-SGN|05:00,2026-03-03,VJ179,A673,A321,HAN-SGN,,05:00,,05:00,,04:54,04:55,05:03,,,EARLY,ONTIME,ONTIME,,,,,,,,,,HAN,,SGN,Domestic,VJ,,
2026-03-03|VJ7713/VJ461|A656|PKX-HAN-VCA|05:30,2026-03-03,VJ7713/VJ461,A656,A320,PKX-HAN-VCA,04:10,05:30,04:10,05:30,04:10,05:24,05:25,05:30,01:20,01:15,EARLY,ONTIME,ONTIME,ONTIME,,,,,,,,,HAN,PKX,VCA,Domestic,VJ,,
2026-03-03|VJ773|A817|HAN-CXR|05:45,2026-03-03,VJ773,A817,A330,HAN-CXR,,05:45,,05:45,,05:39,05:40,05:45,,,EARLY,ONTIME,ONTIME,,,,,,,,,,HAN,,CXR,Domestic,VJ,,
2026-03-03|VJ401|A699|HAN-DLI|05:50,2026-03-03,VJ401,A699,A320,HAN-DLI,,05:50,,05:50,,05:59,06:00,06:05,,,DELAY,ONTIME,ONTIME,,,99,00:10,,,,,CAPT REQ MORE FUEL,HAN,,DLI,Domestic,VJ,,
2026-03-03|VJ491|A532|HAN-BMV|05:55,2026-03-03,VJ491,A532,A321,HAN-BMV,,05:55,,05:55,,05:49,05:50,06:00,,,EARLY,ONTIME,ONTIME,,,,,,,,,,HAN,,BMV,Domestic,VJ,,
2026-03-03|VJ443|A643|HAN-PQC|06:00,2026-03-03,VJ443,A643,A321,HAN-PQC,,06:00,,06:00,,05:54,05:55,06:10,,,EARLY,ONTIME,ONTIME,,,,,,,,,,HAN,,PQC,Domestic,VJ,,
2026-03-03|VJ7527/VJ503|A542|CAN-HAN-DAD|06:00,2026-03-03,VJ7527/VJ503,A542,A321,CAN-HAN-DAD,04:35,06:00,04:35,06:00,04:25,05:54,05:55,06:03,01:25,01:30,EARLY,ONTIME,ONTIME,ONTIME,,,,,,,,,HAN,CAN,DAD,Domestic,VJ,,
2026-03-03|VJ421|A649|HAN-PXU|06:05,2026-03-03,VJ421,A649,A321,HAN-PXU,,06:05,,06:05,,05:59,06:00,06:08,,,EARLY,ONTIME,ONTIME,,,,,,,,,,HAN,,PXU,Domestic,VJ,,
2026-03-03|VJ952|A666|HAN-HIJ|06:35,2026-03-03,VJ952,A666,A320,HAN-HIJ,,06:35,,06:35,,06:29,06:30,06:32,,,EARLY,ONTIME,ONTIME,,,,,,,,,,HAN,,HIJ,International,VJ,,
2026-03-03|VJ181|A657|HAN-SGN|06:40,2026-03-03,VJ181,A657,A321,HAN-SGN,,06:40,,06:40,,06:34,06:35,06:41,,,EARLY,ONTIME,ONTIME,,,,,,,,,,HAN,,SGN,Domestic,VJ,,
2026-03-03|VJ105|652G|HAN-VCS|06:45,2026-03-03,VJ105,652G,C909,HAN-VCS,,06:45,,06:45,,06:39,06:40,06:46,,,EARLY,ONTIME,ONTIME,,,,,,,,,,HAN,,VCS,Domestic,VJ,,
2026-03-03|VJ905|A516|HAN-KUL|07:10,2026-03-03,VJ905,A516,A321,HAN-KUL,,07:10,,07:10,,07:19,07:20,07:32,,,DELAY,ONTIME,DELAY,,,15A,00:10,,,,,OFFLOAD 06PAX &01 BAG,HAN,,KUL,International,VJ,,
2026-03-03|VJ431|A699|HAN-UIH|07:10,2026-03-03,VJ431,A699,A320,HAN-UIH,,07:10,,07:10,,06:59,07:00,07:12,,,EARLY,ONTIME,ONTIME,,,,,,,,,,HAN,,UIH,Domestic,VJ,,
2026-03-03|VJ1926/VJ956|A650|AMD-HAN-PUS|07:30,2026-03-03,VJ1926/VJ956,A650,A320,AMD-HAN-PUS,06:20,07:30,06:20,07:30,05:30,07:34,07:35,07:41,01:10,02:05,DELAY,ONTIME,ONTIME,ONTIME,,99,00:05,,,,,LATE ACCEPT PAX WITH BAG,HAN,AMD,PUS,International,VJ,,
2026-03-03|VJ940|A543|HAN-TPE|07:35,2026-03-03,VJ940,A543,A321,HAN-TPE,,07:35,,07:35,,07:34,07:35,07:45,,,ONTIME,ONTIME,ONTIME,,,,,,,,,,HAN,,TPE,International,VJ,,
2026-03-03|VJ771|A667|HAN-CXR|07:35,2026-03-03,VJ771,A667,A321,HAN-CXR,,07:35,,07:35,,07:29,07:30,07:40,,,EARLY,ONTIME,ONTIME,,,,,,,,,,HAN,,CXR,Domestic,VJ,,
2026-03-03|VJ107|656E|HAN-VCS|08:15,2026-03-03,VJ107,656E,C909,HAN-VCS,,08:15,,08:15,,08:13,08:15,08:20,,,ONTIME,ONTIME,ONTIME,,,,,,,,,,HAN,,VCS,Domestic,VJ,,
2026-03-03|VJ910/VJ930|A580|BOM-HAN-KIX|08:20,2026-03-03,VJ910/VJ930,A580,A321,BOM-HAN-KIX,06:40,08:20,06:40,08:20,05:50,08:29,08:30,08:41,01:40,02:40,DELAY,ONTIME,DELAY,ONTIME,,87,00:10,,,,,STUCK AT IMMIGRATION,HAN,BOM,KIX,International,VJ,,
2026-03-03|VJ122/VJ934|A607|SGN-HAN-NRT|08:20,2026-03-03,VJ122/VJ934,A607,A321,SGN-HAN-NRT,07:30,08:20,07:30,08:45,08:00,08:44,08:45,09:00,01:15,00:45,ONTIME,ONTIME,DELAY,DELAY,,,,,,,,,HAN,SGN,NRT,International,VJ,,
2026-03-03|VJ124/VJ929|A671|SGN-HAN-CGK|08:40,2026-03-03,VJ124/VJ929,A671,A320,SGN-HAN-CGK,07:50,08:40,07:50,08:40,08:05,08:39,08:40,08:51,00:50,00:35,ONTIME,ONTIME,ONTIME,ONTIME,,,,,,,,,HAN,SGN,CGK,International,VJ,,
2026-03-03|VJ126/VJ125|A525|SGN-HAN-SGN|09:00,2026-03-03,VJ126/VJ125,A525,A321,SGN-HAN-SGN,08:25,09:00,08:25,09:20,08:55,09:24,09:25,09:35,00:55,00:30,DELAY,ONTIME,DELAY,DELAY,,93,00:05,,,,,,HAN,SGN,SGN,Domestic,VJ,,
2026-03-03|VJ504/VJ915|A542|DAD-HAN-SIN|09:35,2026-03-03,VJ504/VJ915,A542,A321,DAD-HAN-SIN,06:40,09:35,06:40,09:50,09:25,10:04,10:05,10:12,03:10,00:40,DELAY,ONTIME,DELAY,DELAY,,93,00:05,66,00:10,,,CREW HN OB 0935,HAN,DAD,SIN,International,VJ,,
2026-03-03|VJ963/VJ997|A552|SIN-HAN-DPS|10:00,2026-03-03,VJ963/VJ997,A552,A321,SIN-HAN-DPS,09:00,10:00,09:00,10:15,09:10,10:09,10:10,10:24,01:15,01:00,EARLY,ONTIME,DELAY,ONTIME,,,,,,,,,HAN,SIN,DPS,International,VJ,,
2026-03-03|VJ148/VJ149|-NVG|SGN-HAN-SGN|10:05,2026-03-03,VJ148/VJ149,-NVG,A320,SGN-HAN-SGN,09:30,10:05,09:30,10:05,09:50,10:14,10:15,10:26,00:35,00:25,DELAY,ONTIME,DELAY,DELAY,,93,00:10,,,,,,HAN,SGN,SGN,Domestic,VJ,,
2026-03-03|VJ422/VJ567|A649|PXU-HAN-HUI|10:10,2026-03-03,VJ422/VJ567,A649,A321,PXU-HAN-HUI,09:40,10:10,09:40,10:10,09:40,10:08,10:10,10:18,00:30,00:30,ONTIME,ONTIME,ONTIME,ONTIME,,,,,,,,,HAN,PXU,HUI,Domestic,VJ,,
2026-03-03|VJ492/VJ507|A532|BMV-HAN-DAD|10:30,2026-03-03,VJ492/VJ507,A532,A321,BMV-HAN-DAD,10:00,10:30,10:00,10:30,10:20,10:49,10:50,10:58,00:30,00:30,DELAY,DELAY,DELAY,DELAY,,93,00:20,,,,,,HAN,BMV,DAD,Domestic,VJ,,
2026-03-03|VJ402/VJ463|A667|DLI-HAN-VCA|10:45,2026-03-03,VJ402/VJ463,A667,A321,DLI-HAN-VCA,09:30,10:45,09:30,10:45,10:20,10:49,10:50,10:55,01:15,00:30,DELAY,ONTIME,ONTIME,DELAY,,93,00:05,,,,,,HAN,DLI,VCA,Domestic,VJ,,
2026-03-03|VJ524/VJ403|A668|DAD-HAN-DLI|10:45,2026-03-03,VJ524/VJ403,A668,A320,DAD-HAN-DLI,09:55,10:45,09:55,10:45,09:55,10:44,10:45,10:46,00:50,00:50,ONTIME,ONTIME,ONTIME,ONTIME,,,,,,,,,HAN,DAD,DLI,Domestic,VJ,,
2026-03-03|VJ136/VJ135|A653|SGN-HAN-SGN|11:10,2026-03-03,VJ136/VJ135,A653,A321,SGN-HAN-SGN,10:40,11:10,10:40,11:10,10:40,11:09,11:10,11:20,00:30,00:30,ONTIME,ONTIME,ONTIME,ONTIME,,,,,,,,,HAN,SGN,SGN,Domestic,VJ,,
2026-03-03|VJ430/VJ407|A699|UIH-HAN-DLI|11:25,2026-03-03,VJ430/VJ407,A699,A320,UIH-HAN-DLI,10:55,11:25,10:55,11:25,11:00,11:24,11:25,11:29,00:30,00:25,ONTIME,ONTIME,ONTIME,ONTIME,,,,,,,,,HAN,UIH,DLI,Domestic,VJ,,
2026-03-03|VJ184/VJ129|A816|SGN-HAN-SGN|11:25,2026-03-03,VJ184/VJ129,A816,A330,SGN-HAN-SGN,10:25,11:25,10:25,11:25,10:30,11:24,11:25,11:29,01:00,00:55,ONTIME,ONTIME,ONTIME,ONTIME,,,,,,,,,HAN,SGN,SGN,Domestic,VJ,,
2026-03-03|VJ981/VJ946|A629|PUS-HAN-KHH|12:00,2026-03-03,VJ981/VJ946,A629,A321,PUS-HAN-KHH,11:00,12:00,11:00,12:00,10:55,11:59,12:00,12:02,01:00,01:05,ONTIME,ONTIME,ONTIME,ONTIME,,,,,,,,,HAN,PUS,KHH,International,VJ,,
2026-03-03|VJ442/VJ901|A643|PQC-HAN-BKK|12:15,2026-03-03,VJ442/VJ901,A643,A321,PQC-HAN-BKK,10:45,12:15,10:45,12:15,11:15,12:14,12:15,12:25,01:30,01:00,ONTIME,ONTIME,ONTIME,DELAY,,,,,,,,,HAN,PQC,BKK,International,VJ,,
2026-03-03|VJ440/VJ441|A672|DLI-HAN-PQC|12:25,2026-03-03,VJ440/VJ441,A672,A320,DLI-HAN-PQC,10:10,12:25,10:10,12:35,12:00,12:34,12:35,12:40,02:25,00:35,ONTIME,ONTIME,ONTIME,DELAY,,,,,,,,,HAN,DLI,PQC,Domestic,VJ,,
2026-03-03|VJ186/VJ183|A815|SGN-HAN-SGN|12:40,2026-03-03,VJ186/VJ183,A815,A330,SGN-HAN-SGN,11:40,12:40,11:40,12:40,11:50,12:38,12:40,12:50,01:00,00:50,ONTIME,ONTIME,ONTIME,ONTIME,,,,,,,,,HAN,SGN,SGN,Domestic,VJ,,
2026-03-03|VJ770/VJ781|A543|CXR-HAN-CXR|13:00,2026-03-03,VJ770/VJ781,A543,A321,CXR-HAN-CXR,12:30,13:00,12:30,13:00,12:20,12:57,12:58,13:05,00:30,00:38,EARLY,ONTIME,ONTIME,ONTIME,,,,,,,,,HAN,CXR,CXR,Domestic,VJ,,
2026-03-03|VJ780/VJ948|A648|CXR-HAN-RMQ|13:30,2026-03-03,VJ780/VJ948,A648,A321,CXR-HAN-RMQ,11:45,13:30,11:45,13:30,12:50,13:34,13:35,13:41,01:45,00:45,DELAY,ONTIME,ONTIME,DELAY,,66,00:05,,,,,CREW HN OB 1305,HAN,CXR,RMQ,International,VJ,,
2026-03-03|VJ566/VJ513|A649|HUI-HAN-DAD|13:35,2026-03-03,VJ566/VJ513,A649,A321,HUI-HAN-DAD,13:05,13:35,13:05,13:35,13:25,13:58,14:00,14:04,00:30,00:35,DELAY,DELAY,DELAY,DELAY,,93,00:20,66,00:05,,,CREW HN OB 1335,HAN,HUI,DAD,Domestic,VJ,,
2026-03-03|VJ128/VJ143|A814|SGN-HAN-SGN|13:40,2026-03-03,VJ128/VJ143,A814,A330,SGN-HAN-SGN,12:10,13:40,12:10,13:40,12:30,13:34,13:35,13:53,01:30,01:05,EARLY,ONTIME,ONTIME,DELAY,,,,,,,,,HAN,SGN,SGN,Domestic,VJ,,
2026-03-03|VJ959/VJ511|A522|FUK-HAN-DAD|14:20,2026-03-03,VJ959/VJ511,A522,A321,FUK-HAN-DAD,12:25,14:20,12:25,14:20,12:00,14:14,14:15,14:22,01:55,02:15,EARLY,ONTIME,ONTIME,ONTIME,,,,,,,,,HAN,FUK,DAD,Domestic,VJ,,
2026-03-03|VJ939/VJ942|A550|KIX-HAN-TPE|14:25,2026-03-03,VJ939/VJ942,A550,A321,KIX-HAN-TPE,13:05,14:25,13:05,14:25,13:05,14:24,14:25,14:30,01:20,01:20,ONTIME,ONTIME,ONTIME,ONTIME,,,,,,,,,HAN,KIX,TPE,International,VJ,,
2026-03-03|V961/VJ1491|A661|ICN-HAN-BMV|14:35,2026-03-03,V961/VJ1491,A661,A321,ICN-HAN-BMV,14:10,14:35,14:10,14:35,14:05,14:39,14:40,14:48,00:25,00:35,DELAY,ONTIME,ONTIME,ONTIME,,66,00:05,,,,,CREW HN OB 1410,HAN,ICN,BMV,Domestic,VJ,,
2026-03-03|VJ138/VJ153|A525|SGN-HAN-SGN|15:10,2026-03-03,VJ138/VJ153,A525,A321,SGN-HAN-SGN,14:40,15:10,14:40,15:10,14:55,15:23,15:24,15:25,00:30,00:29,DELAY,ONTIME,ONTIME,ONTIME,,93,00:14,,,,,,HAN,SGN,SGN,Domestic,VJ,,
2026-03-03|VJ404/VJ433|A668|DLI-HAN-UIH|15:25,2026-03-03,VJ404/VJ433,A668,A320,DLI-HAN-UIH,14:55,15:25,14:55,15:25,15:10,15:34,15:35,15:40,00:30,00:25,DELAY,ONTIME,ONTIME,ONTIME,,93,00:10,,,,,,HAN,DLI,UIH,Domestic,VJ,,
2026-03-03|VJ941/VJ1441|A575|TPE-HAN-PQC|15:30,2026-03-03,VJ941/VJ1441,A575,A321,TPE-HAN-PQC,14:10,15:30,14:10,15:30,14:35,15:23,15:25,15:26,01:20,00:50,EARLY,ONTIME,ONTIME,DELAY,,,,,,,,,HAN,TPE,PQC,Domestic,VJ,,
2026-03-03|VJ198/VJ423|A647|SGN-HAN-PXU|15:55,2026-03-03,VJ198/VJ423,A647,A321,SGN-HAN-PXU,15:10,15:55,15:10,15:55,15:15,15:52,15:54,16:01,00:45,00:39,EARLY,ONTIME,ONTIME,ONTIME,,,,,,,,,HAN,SGN,PXU,Domestic,VJ,,
2026-03-03|VJ921/VJ191|A578|NGO-HAN-SGN|15:55,2026-03-03,VJ921/VJ191,A578,A321,NGO-HAN-SGN,13:40,15:55,13:40,15:55,12:57,15:54,15:55,16:00,02:15,02:58,ONTIME,ONTIME,ONTIME,ONTIME,,,,,,,,,HAN,NGO,SGN,Domestic,VJ,,
2026-03-03|VJ906/VJ199|A516|KUL-HAN-SGN|15:55,2026-03-03,VJ906/VJ199,A516,A321,KUL-HAN-SGN,14:55,15:55,14:55,15:55,14:25,15:52,15:53,15:58,01:00,01:28,EARLY,ONTIME,ONTIME,ONTIME,,,,,,,,,HAN,KUL,SGN,Domestic,VJ,,
2026-03-03|VJ144/VJ409|A639|SGN-HAN-DLI|16:05,2026-03-03,VJ144/VJ409,A639,A321,SGN-HAN-DLI,14:10,16:05,14:10,16:05,14:30,16:04,16:05,16:08,01:55,01:35,ONTIME,ONTIME,ONTIME,DELAY,,,,,,,,,HAN,SGN,DLI,Domestic,VJ,,
2026-03-03|VJ508/VJ913|A532|DAD-HAN-SAI|16:20,2026-03-03,VJ508/VJ913,A532,A321,DAD-HAN-SAI,13:40,16:20,13:40,16:20,14:55,16:09,16:10,16:15,02:40,01:15,EARLY,ONTIME,ONTIME,DELAY,,,,,,,,,HAN,DAD,SAI,International,VJ,,
2026-03-03|VJ408/VJ515|A669|DLI-HAN-DAD|16:25,2026-03-03,VJ408/VJ515,A669,A320,DLI-HAN-DAD,15:35,16:25,15:35,16:25,15:55,16:24,16:25,16:33,00:50,00:30,ONTIME,ONTIME,ONTIME,DELAY,,,,,,,,,HAN,DLI,DAD,Domestic,VJ,,
2026-03-03|VJ462/VJ147|A656|VCA-HAN-SGN|17:10,2026-03-03,VJ462/VJ147,A656,A320,VCA-HAN-SGN,15:40,17:10,15:40,17:10,15:55,17:03,17:05,17:14,01:30,01:10,EARLY,ONTIME,ONTIME,ONTIME,,,,,,,,,HAN,VCA,SGN,Domestic,VJ,,
2026-03-03|VJ514/VJ465|A649|DAD-HAN-VCA|17:25,2026-03-03,VJ514/VJ465,A649,A321,DAD-HAN-VCA,16:45,17:25,16:45,18:15,17:55,18:24,18:25,18:29,01:30,00:30,DELAY,ONTIME,DELAY,DELAY,,93,00:10,,,,,,HAN,DAD,VCA,Domestic,VJ,,
2026-03-03|VJ134/VJ163|-MLI|SGN-HAN-SGN|17:30,2026-03-03,VJ134/VJ163,-MLI,A320,SGN-HAN-SGN,17:00,17:30,17:00,17:30,17:20,17:44,17:45,18:00,00:30,00:25,DELAY,ONTIME,DELAY,DELAY,,93,00:15,,,,,,HAN,SGN,SGN,Domestic,VJ,,
2026-03-03|VJ953/VJ445|A669|HIJ-HAN-PQC|17:40,2026-03-03,VJ953/VJ445,A669,A320,HIJ-HAN-PQC,16:20,17:40,16:20,18:20,16:30,18:14,18:15,18:23,02:00,01:45,EARLY,ONTIME,DELAY,ONTIME,,,,,,,,,HAN,HIJ,PQC,Domestic,VJ,,
2026-03-03|VJ784/VJ783|A543|CXR-HAN-CXR|17:40,2026-03-03,VJ784/VJ783,A543,A321,CXR-HAN-CXR,17:10,17:40,17:10,18:10,17:45,18:19,18:20,18:35,01:00,00:35,DELAY,ONTIME,DELAY,DELAY,,93,00:05,66,00:05,,,CHANGE CREW OB 1755,HAN,CXR,CXR,Domestic,VJ,,
2026-03-03|VJ130/VJ195|A816|SGN-HAN-SGN|17:45,2026-03-03,VJ130/VJ195,A816,A330,SGN-HAN-SGN,16:45,17:45,16:45,17:45,16:50,17:44,17:45,17:49,01:00,00:55,ONTIME,ONTIME,ONTIME,ONTIME,,,,,,,,,HAN,SGN,SGN,Domestic,VJ,,
2026-03-03|VJ194/VJ193|A644|SGN-HAN-SGN|18:10,2026-03-03,VJ194/VJ193,A644,A321,SGN-HAN-SGN,17:30,18:10,17:30,18:10,17:15,17:59,18:00,18:05,00:40,00:45,EARLY,ONTIME,ONTIME,ONTIME,,,,,,,,,HAN,SGN,SGN,Domestic,VJ,,
2026-03-03|VJ512/VJ779|A522|DAD-HAN-CXR|18:15,2026-03-03,VJ512/VJ779,A522,A321,DAD-HAN-CXR,17:30,18:15,17:30,18:15,17:45,18:14,18:15,18:25,00:45,00:30,ONTIME,ONTIME,ONTIME,ONTIME,,,,,,,,,HAN,DAD,CXR,Domestic,VJ,,
2026-03-03|VJ460/VJ493|A667|DAD-HAN-BMV|18:25,2026-03-03,VJ460/VJ493,A667,A321,DAD-HAN-BMV,15:35,18:25,15:35,18:25,16:00,18:24,18:25,18:40,02:50,02:25,ONTIME,ONTIME,ONTIME,DELAY,,,,,,,,,HAN,DAD,BMV,Domestic,VJ,,
2026-03-03|VJ916/VJ165|A542|SIN-HAN-SGN|18:30,2026-03-03,VJ916/VJ165,A542,A321,SIN-HAN-SGN,17:25,18:30,17:40,18:30,18:00,18:34,18:35,18:42,00:50,00:35,DELAY,ONTIME,ONTIME,DELAY,,66,00:05,,,,,CHANGE CREW OB 1810,HAN,SIN,SGN,Domestic,VJ,,
2026-03-03|VJ1925|A655|HAN-AMD|19:00,2026-03-03,VJ1925,A655,A320,HAN-AMD,,19:00,,19:00,,18:59,19:00,19:05,,,ONTIME,ONTIME,ONTIME,,,,,,,,,,HAN,,AMD,International,VJ,,
2026-03-03|VJ192/VJ189|A815|SGN-HAN-SGN|19:00,2026-03-03,VJ192/VJ189,A815,A330,SGN-HAN-SGN,18:00,19:00,18:00,19:00,17:45,18:50,18:51,18:56,01:00,01:06,EARLY,ONTIME,ONTIME,ONTIME,,,,,,,,,HAN,SGN,SGN,Domestic,VJ,,
2026-03-03|VJ1492/VJ517|A532|BMV-HAN-DAD|19:05,2026-03-03,VJ1492/VJ517,A532,A321,BMV-HAN-DAD,18:35,19:05,18:35,19:05,18:45,19:14,19:15,19:20,00:30,00:30,DELAY,ONTIME,ONTIME,ONTIME,,93,00:10,,,,,,HAN,BMV,DAD,Domestic,VJ,,
2026-03-03|VJ933/VJ971|A812|NRT-HAN-DEL|19:10,2026-03-03,VJ933/VJ971,A812,A330,NRT-HAN-DEL,14:00,19:10,14:00,19:10,14:14,19:09,19:10,19:25,05:10,04:56,ONTIME,ONTIME,ONTIME,ONTIME,,,,,,,,,HAN,NRT,DEL,International,VJ,,
2026-03-03|VJ902/VJ569|A643|BKK-HAN-HUI|19:15,2026-03-03,VJ902/VJ569,A643,A321,BKK-HAN-HUI,17:00,19:15,17:00,19:15,17:25,19:14,19:15,19:22,02:15,01:50,ONTIME,ONTIME,ONTIME,DELAY,,,,,,,,,HAN,BKK,HUI,Domestic,VJ,,
2026-03-03|VJ172/VJ177|A811|SGN-HAN-SGN|19:55,2026-03-03,VJ172/VJ177,A811,A330,SGN-HAN-SGN,18:55,19:55,19:25,20:15,19:55,20:38,20:40,20:48,00:50,00:45,DELAY,DELAY,DELAY,DELAY,,93,00:25,,,,,,HAN,SGN,SGN,Domestic,VJ,,
2026-03-03|VJ152/VJ155|A673|SGN-HAN-SGN|20:05,2026-03-03,VJ152/VJ155,A673,A321,SGN-HAN-SGN,19:15,20:05,19:15,20:05,19:45,20:14,20:15,20:18,00:50,00:30,DELAY,ONTIME,ONTIME,DELAY,,93,00:10,,,,,,HAN,SGN,SGN,Domestic,VJ,,
2026-03-03|VJ928/VJ7712|A671|CGK-HAN-PKX|20:05,2026-03-03,VJ928/VJ7712,A671,A320,CGK-HAN-PKX,18:15,20:05,18:15,20:05,18:25,19:59,20:00,20:02,01:50,01:35,EARLY,ONTIME,ONTIME,ONTIME,,,,,,,,,HAN,CGK,PKX,International,VJ,,
2026-03-03|VJ947/VJ501|A629|KHH-HAN-DAD|20:15,2026-03-03,VJ947/VJ501,A629,A321,KHH-HAN-DAD,18:20,20:15,18:20,20:15,18:00,20:14,20:15,20:15,01:55,02:15,ONTIME,ONTIME,ONTIME,ONTIME,,,,,,,,,HAN,KHH,DAD,Domestic,VJ,,
2026-03-03|VJ516/VJ7238|A669|DAD-HAN-PVG|21:30,2026-03-03,VJ516/VJ7238,A669,A320,DAD-HAN-PVG,19:35,21:30,19:35,21:30,20:05,21:24,21:25,21:27,01:55,01:20,EARLY,ONTIME,ONTIME,DELAY,,,,,,,,,HAN,DAD,PVG,International,VJ,,
2026-03-03|VJ949/VJ161|A648|RMQ-HAN-SGN|21:50,2026-03-03,VJ949/VJ161,A648,A321,RMQ-HAN-SGN,19:50,21:50,19:50,21:50,19:55,21:59,22:00,22:11,02:00,02:05,DELAY,ONTIME,DELAY,ONTIME,,95,00:10,,,,,WAIT CREW VJ160 OB 2150,HAN,RMQ,SGN,Domestic,VJ,,
2026-03-03|VJ432/VJ34|A668|UIH-HAN-TSN|22:00,2026-03-03,VJ432/VJ34,A668,A320,UIH-HAN-TSN,19:10,22:00,19:10,22:00,19:20,21:59,22:00,22:23,02:50,02:40,ONTIME,ONTIME,DELAY,ONTIME,,,,,,,,FERRY FLIGHT,HAN,UIH,TSN,International,VJ,,
2026-03-03|VJ943/VJ123|A550|TPE-HAN-SGN|22:10,2026-03-03,VJ943/VJ123,A550,A321,TPE-HAN-SGN,20:55,22:10,20:55,22:10,21:45,22:24,22:25,22:40,01:15,00:40,DELAY,ONTIME,DELAY,DELAY,,93,00:05,66,00:10,,,CREW OB 2155,HAN,TPE,SGN,Domestic,VJ,,
2026-03-03|VJ190/VJ523|A656|SGN-HAN-DAD|22:45,2026-03-03,VJ190/VJ523,A656,A320,SGN-HAN-DAD,22:00,22:45,22:00,22:45,22:10,23:34,23:35,23:37,00:45,01:25,DELAY,DELAY,DELAY,ONTIME,,95,00:50,,,,,WAIT CREW VJ518 OB 2310,HAN,SGN,DAD,Domestic,VJ,,
2026-03-03|VJ931/VJ962|A575|KIX-HAN-ICN|22:50,2026-03-03,VJ931/VJ962,A575,A321,KIX-HAN-ICN,19:15,22:50,19:15,22:50,19:10,22:47,22:48,22:50,03:35,03:38,EARLY,ONTIME,ONTIME,ONTIME,,,,,,,,,HAN,KIX,ICN,International,VJ,,
2026-03-03|VJ156/VJ159|A635|SGN-HAN-SGN|23:40,2026-03-03,VJ156/VJ159,A635,A321,SGN-HAN-SGN,23:10,23:40,23:10,23:40,23:15,23:44,23:45,23:50,00:30,00:30,DELAY,ONTIME,ONTIME,ONTIME,,93,00:05,,,,,,HAN,SGN,SGN,Domestic,VJ,,
2026-03-03|VJ410/VJ7526|A639|DLI-HAN-CAN|23:40,2026-03-03,VJ410/VJ7526,A639,A321,DLI-HAN-CAN,20:15,23:40,20:15,23:40,20:35,23:39,23:40,23:41,03:25,03:05,ONTIME,ONTIME,ONTIME,DELAY,,,,,,,,,HAN,DLI,CAN,International,VJ,,
2026-03-04|VJ932|A816|HAN-NRT|00:55,2026-03-04,VJ932,A816,A330,HAN-NRT,,00:55,,00:55,,00:54,00:55,01:03,,,ONTIME,ONTIME,ONTIME,,,,,,,,,,HAN,,NRT,International,VJ,,
2026-03-04|VJ982|A629|HAN-PUS|01:00,2026-03-04,VJ982,A629,A321,HAN-PUS,,01:00,,01:00,,00:57,00:58,00:59,,,EARLY,ONTIME,ONTIME,,,,,,,,,,HAN,,PUS,International,VJ,,
2026-03-04|VJ920|A607|HAN-NGO|01:35,2026-03-04,VJ920,A607,A321,HAN-NGO,,01:35,,01:35,,01:30,01:32,01:34,,,EARLY,ONTIME,ONTIME,,,,,,,,,,HAN,,NGO,International,VJ,,
2026-03-04|VJ938|A552|HAN-KIX|01:40,2026-03-04,VJ938,A552,A321,HAN-KIX,,01:40,,01:40,,01:29,01:30,01:40,,,EARLY,ONTIME,ONTIME,,,,,,,,,,HAN,,KIX,International,VJ,,
2026-03-04|VJ960|A674|HAN-ICN|01:45,2026-03-04,VJ960,A674,A321,HAN-ICN,,01:45,,01:45,,01:44,01:45,01:47,,,ONTIME,ONTIME,ONTIME,,,,,,,,,,HAN,,ICN,International,VJ,,
2026-03-04|VJ7706/VJ7706|A549|CXR-HAN-KHV|02:10,2026-03-04,VJ7706/VJ7706,A549,A321,CXR-HAN-KHV,01:40,02:10,01:40,02:45,03:10,03:39,03:40,03:57,01:05,00:30,DELAY,DELAY,DELAY,DELAY,,93,00:55,,,,,,HAN,CXR,KHV,International,VJ,,
2026-03-04|VJ185|A650|HAN-SGN|05:10,2026-03-04,VJ185,A650,A320,HAN-SGN,,05:10,,05:10,,05:04,05:05,05:15,,,EARLY,ONTIME,ONTIME,,,,,,,,,,HAN,,SGN,Domestic,VJ,,
2026-03-04|VJ461|A545|HAN-VCA|05:30,2026-03-04,VJ461,A545,A321,HAN-VCA,,05:30,,05:30,,05:24,05:25,05:32,,,EARLY,ONTIME,ONTIME,,,,,,,,,,HAN,,VCA,Domestic,VJ,,
2026-03-04|VJ503|A633|HAN-DAD|06:00,2026-03-04,VJ503,A633,A321,HAN-DAD,,06:00,,06:00,,05:49,05:50,05:52,,,EARLY,ONTIME,ONTIME,,,,,,,,,,HAN,,DAD,Domestic,VJ,,
2026-03-04|VJ491|A532|HAN-BMV|06:00,2026-03-04,VJ491,A532,A321,HAN-BMV,,06:00,,06:00,,05:54,05:55,06:00,,,EARLY,ONTIME,ONTIME,,,,,,,,,,HAN,,BMV,Domestic,VJ,,
2026-03-04|VJ443|A657|HAN-PQC|06:00,2026-03-04,VJ443,A657,A321,HAN-PQC,,06:00,,06:00,,05:54,05:55,06:05,,,EARLY,ONTIME,ONTIME,,,,,,,,,,HAN,,PQC,Domestic,VJ,,
2026-03-04|VJ421|A643|HAN-PXU|06:05,2026-03-04,VJ421,A643,A321,HAN-PXU,,06:05,,06:05,,05:59,06:00,06:07,,,EARLY,ONTIME,ONTIME,,,,,,,,,,HAN,,PXU,Domestic,VJ,,
2026-03-04|VJ181|A649|HAN-SGN|06:40,2026-03-04,VJ181,A649,A321,HAN-SGN,,06:40,,06:40,,06:49,06:50,06:54,,,DELAY,ONTIME,ONTIME,,,41,00:10,,,,,TECHNICAL CHECK,HAN,,SGN,Domestic,VJ,,
2026-03-04|VJ105|652G|HAN-VCS|06:45,2026-03-04,VJ105,652G,C909,HAN-VCS,,06:45,,06:45,,06:38,06:39,06:43,,,EARLY,ONTIME,ONTIME,,,,,,,,,,HAN,,VCS,Domestic,VJ,,
2026-03-04|VJ972/VJ167|A812|DEL-HAN-SGN|06:50,2026-03-04,VJ972/VJ167,A812,A330,DEL-HAN-SGN,05:35,06:50,05:35,06:50,05:10,06:44,06:45,06:55,01:15,01:35,EARLY,ONTIME,ONTIME,ONTIME,,,,,,,,,HAN,DEL,SGN,Domestic,VJ,,
2026-03-04|VJ905|A647|HAN-KUL|07:10,2026-03-04,VJ905,A647,A321,HAN-KUL,,07:10,,07:10,,07:04,07:05,07:12,,,EARLY,ONTIME,ONTIME,,,,,,,,,,HAN,,KUL,International,VJ,,
2026-03-04|VJ7713/VJ431|A671|PKX-HAN-UIH|07:10,2026-03-04,VJ7713/VJ431,A671,A320,PKX-HAN-UIH,04:10,07:10,04:10,07:10,04:58,07:04,07:05,07:16,03:00,02:07,EARLY,ONTIME,ONTIME,DELAY,,,,,,,,,HAN,PKX,UIH,Domestic,VJ,,
2026-03-04|VJ7239/VJ956|A699|PVG-HAN-PUS|07:30,2026-03-04,VJ7239/VJ956,A699,A320,PVG-HAN-PUS,05:15,07:30,05:15,07:30,05:05,07:34,07:35,07:43,02:15,02:30,DELAY,ONTIME,ONTIME,ONTIME,,15A,00:05,,,,,OFFLOAD 1PAX 1BAG,HAN,PVG,PUS,International,VJ,,
2026-03-04|VJ940|A661|HAN-TPE|07:35,2026-03-04,VJ940,A661,A321,HAN-TPE,,07:35,,07:35,,07:29,07:30,07:40,,,EARLY,ONTIME,ONTIME,,,,,,,,,,HAN,,TPE,International,VJ,,
2026-03-04|VJ7527/VJ771|A639|CAN-HAN-CXR|07:35,2026-03-04,VJ7527/VJ771,A639,A321,CAN-HAN-CXR,04:35,07:35,04:35,07:35,04:35,07:29,07:30,07:37,03:00,02:55,EARLY,ONTIME,ONTIME,ONTIME,,,,,,,,,HAN,CAN,CXR,Domestic,VJ,,
2026-03-04|VJ107|656E|HAN-VCS|08:15,2026-03-04,VJ107,656E,C909,HAN-VCS,,08:15,,08:15,,08:09,08:10,08:13,,,EARLY,ONTIME,ONTIME,,,,,,,,,,HAN,,VCS,Domestic,VJ,,
2026-03-04|VJ122/VJ934|A653|SGN-HAN-NRT|08:20,2026-03-04,VJ122/VJ934,A653,A321,SGN-HAN-NRT,07:30,08:20,07:30,08:20,07:25,08:19,08:20,08:29,00:50,00:55,ONTIME,ONTIME,ONTIME,ONTIME,,,,,,,,,HAN,SGN,NRT,International,VJ,,
2026-03-04|VJ930|A500|HAN-KIX|08:20,2026-03-04,VJ930,A500,A321,HAN-KIX,,08:20,,08:20,,08:19,08:20,08:27,,,ONTIME,ONTIME,ONTIME,,,,,,,,,,HAN,,KIX,International,VJ,,
2026-03-04|VJ125|A667|HAN-SGN|08:40,2026-03-04,VJ125,A667,A321,HAN-SGN,,08:40,,08:40,,08:39,08:40,08:50,,,ONTIME,ONTIME,ONTIME,,,,,,,,,,HAN,,SGN,Domestic,VJ,,
2026-03-04|VJ1926/VJ929|A666|AMD-HAN-CGK|08:40,2026-03-04,VJ1926/VJ929,A666,A320,AMD-HAN-CGK,06:20,08:40,06:20,08:40,05:35,08:39,08:40,08:47,02:20,03:05,ONTIME,ONTIME,ONTIME,ONTIME,,,,,,,,,HAN,AMD,CGK,International,VJ,,
2026-03-04|VJ120/VJ121|A815|SGN-HAN-SGN|08:40,2026-03-04,VJ120/VJ121,A815,A330,SGN-HAN-SGN,07:40,08:40,07:40,08:40,07:40,08:39,08:40,08:50,01:00,01:00,ONTIME,ONTIME,ONTIME,ONTIME,,,,,,,,,HAN,SGN,SGN,Domestic,VJ,,
2026-03-04|VJ126/VJ127|A544|SGN-HAN-SGN|08:55,2026-03-04,VJ126/VJ127,A544,A321,SGN-HAN-SGN,08:25,08:55,08:25,08:55,08:40,09:09,09:10,09:20,00:30,00:30,DELAY,ONTIME,DELAY,ONTIME,,93,00:15,,,,,,HAN,SGN,SGN,Domestic,VJ,,
2026-03-04|VJ504/VJ527|A633|DAD-HAN-DAD|09:30,2026-03-04,VJ504/VJ527,A633,A321,DAD-HAN-DAD,09:00,09:30,09:00,09:30,09:15,09:39,09:40,09:54,00:30,00:25,DELAY,ONTIME,DELAY,ONTIME,,93,00:10,,,,,,HAN,DAD,DAD,Domestic,VJ,,
2026-03-04|VJ124/VJ915|A525|SGN-HAN-SIN|09:35,2026-03-04,VJ124/VJ915,A525,A321,SGN-HAN-SIN,07:50,09:35,07:50,09:35,07:45,09:33,09:35,09:36,01:45,01:50,ONTIME,ONTIME,ONTIME,ONTIME,,,,,,,,,HAN,SGN,SIN,International,VJ,,
2026-03-04|VJ524/VJ997|A554|DAD-HAN-DPS|10:00,2026-03-04,VJ524/VJ997,A554,A321,DAD-HAN-DPS,07:40,10:00,07:40,10:00,07:35,09:51,09:52,09:58,02:20,02:17,EARLY,ONTIME,ONTIME,ONTIME,,,,,,,,,HAN,DAD,DPS,International,VJ,,
2026-03-04|VJ148/VJ149|-NVG|SGN-HAN-SGN|10:05,2026-03-04,VJ148/VJ149,-NVG,A320,SGN-HAN-SGN,09:30,10:05,09:30,10:05,09:50,10:14,10:15,10:28,00:35,00:25,DELAY,ONTIME,DELAY,DELAY,,93,00:10,,,,,,HAN,SGN,SGN,Domestic,VJ,,
2026-03-04|VJ422/VJ567|A643|PXU-HAN-HUI|10:10,2026-03-04,VJ422/VJ567,A643,A321,PXU-HAN-HUI,09:40,10:10,09:40,10:10,09:35,10:08,10:10,10:13,00:30,00:35,ONTIME,ONTIME,ONTIME,ONTIME,,,,,,,,,HAN,PXU,HUI,Domestic,VJ,,
2026-03-04|VJ492/VJ507|A532|BMV-HAN-DAD|10:30,2026-03-04,VJ492/VJ507,A532,A321,BMV-HAN-DAD,10:00,10:30,10:00,10:30,10:10,10:39,10:40,10:50,00:30,00:30,DELAY,ONTIME,DELAY,ONTIME,,93,00:10,,,,,,HAN,BMV,DAD,Domestic,VJ,,
2026-03-04|VJ963/VJ463|A580|ICN-HAN-VCA|10:30,2026-03-04,VJ963/VJ463,A580,A321,ICN-HAN-VCA,09:30,10:30,09:30,10:30,09:05,10:27,10:28,10:33,01:00,01:23,EARLY,ONTIME,ONTIME,ONTIME,,,,,,,,,HAN,ICN,VCA,Domestic,VJ,,
2026-03-04|VJ775|A650|HAN-CXR|10:40,2026-03-04,VJ775,A650,A320,HAN-CXR,,10:40,,10:40,,10:38,10:39,10:48,,,EARLY,ONTIME,ONTIME,,,,,,,,,,HAN,,CXR,Domestic,VJ,,
2026-03-04|VJ136/VJ135|A644|SGN-HAN-SGN|11:30,2026-03-04,VJ136/VJ135,A644,A321,SGN-HAN-SGN,11:00,11:30,11:00,11:30,11:15,11:42,11:43,11:45,00:30,00:28,DELAY,ONTIME,ONTIME,ONTIME,,93,00:13,,,,,,HAN,SGN,SGN,Domestic,VJ,,
2026-03-04|VJ442/VJ137|A657|PQC-HAN-SGN|12:30,2026-03-04,VJ442/VJ137,A657,A321,PQC-HAN-SGN,10:45,12:30,10:45,12:30,10:40,12:59,13:00,13:14,01:45,02:20,DELAY,DELAY,DELAY,ONTIME,,95,00:30,,,,,WAIT CREW VJ132 OB 1230,HAN,PQC,SGN,Domestic,VJ,,
2026-03-04|VJ772/VJ133|A817|CXR-HAN-SGN|11:40,2026-03-04,VJ772/VJ133,A817,A330,CXR-HAN-SGN,10:40,11:40,10:40,11:40,10:50,11:39,11:40,11:43,01:00,00:50,ONTIME,ONTIME,ONTIME,ONTIME,,,,,,,,,HAN,CXR,SGN,Domestic,VJ,,
2026-03-04|VJ176/VJ946|A683|SGN-HAN-KHH|11:45,2026-03-04,VJ176/VJ946,A683,A321,SGN-HAN-KHH,09:00,11:45,09:00,11:45,09:00,11:44,11:45,11:57,02:45,02:45,ONTIME,ONTIME,ONTIME,ONTIME,,,,,,,,,HAN,SGN,KHH,International,VJ,,
2026-03-04|VJ981/VJ901|A629|PUS-HAN-BKK|12:15,2026-03-04,VJ981/VJ901,A629,A321,PUS-HAN-BKK,11:00,12:15,11:00,12:15,11:10,12:14,12:15,12:20,01:15,01:05,ONTIME,ONTIME,ONTIME,ONTIME,,,,,,,,,HAN,PUS,BKK,International,VJ,,
2026-03-04|VJ430/VJ441|A671|UIH-HAN-PQC|12:25,2026-03-04,VJ430/VJ441,A671,A320,UIH-HAN-PQC,10:55,12:25,10:55,12:25,11:06,12:24,12:25,12:35,01:30,01:19,ONTIME,ONTIME,ONTIME,ONTIME,,,,,,,,,HAN,UIH,PQC,Domestic,VJ,,
2026-03-04|VJ921/VJ948|A607|NGO-HAN-RMQ|13:30,2026-03-04,VJ921/VJ948,A607,A321,NGO-HAN-RMQ,13:40,13:30,13:40,13:50,13:15,13:58,14:00,14:05,00:10,00:45,DELAY,ONTIME,DELAY,ONTIME,,66,00:10,,,,,CREW HN OB 1332,HAN,NGO,RMQ,International,VJ,,
2026-03-04|VJ770/VJ513|A639|CXR-HAN-DAD|13:35,2026-03-04,VJ770/VJ513,A639,A321,CXR-HAN-DAD,11:45,13:35,11:45,13:35,12:00,13:34,13:35,13:44,01:50,01:35,ONTIME,ONTIME,ONTIME,ONTIME,,,,,,,,,HAN,CXR,DAD,Domestic,VJ,,
2026-03-04|VJ128/VJ143|A812|SGN-HAN-SGN|13:40,2026-03-04,VJ128/VJ143,A812,A330,SGN-HAN-SGN,12:10,13:40,12:10,13:40,12:30,13:39,13:40,13:50,01:30,01:10,ONTIME,ONTIME,ONTIME,DELAY,,,,,,,,,HAN,SGN,SGN,Domestic,VJ,,
2026-03-04|VJ566/VJ511|A643|HUI-HAN-DAD|14:20,2026-03-04,VJ566/VJ511,A643,A321,HUI-HAN-DAD,13:05,14:20,13:05,14:20,13:32,14:16,14:18,14:20,01:15,00:46,EARLY,ONTIME,ONTIME,DELAY,,,,,,,,,HAN,HUI,DAD,Domestic,VJ,,
2026-03-04|VJ939/VJ942|A552|KIX-HAN-TPE|14:25,2026-03-04,VJ939/VJ942,A552,A321,KIX-HAN-TPE,13:05,14:25,13:05,14:25,13:05,14:14,14:15,14:20,01:20,01:10,EARLY,ONTIME,ONTIME,ONTIME,,,,,,,,,HAN,KIX,TPE,International,VJ,,
2026-03-04|VJ528/VJ1491|A633|DAD-HAN-BMV|14:35,2026-03-04,VJ528/VJ1491,A633,A321,DAD-HAN-BMV,12:40,14:35,12:40,14:35,13:20,14:29,14:30,14:35,01:55,01:10,EARLY,ONTIME,ONTIME,DELAY,,,,,,,,,HAN,DAD,BMV,Domestic,VJ,,
2026-03-04|VJ138/VJ153|A524|SGN-HAN-SGN|15:10,2026-03-04,VJ138/VJ153,A524,A321,SGN-HAN-SGN,14:40,15:10,14:40,15:30,15:05,15:34,15:35,15:40,00:50,00:30,DELAY,ONTIME,DELAY,DELAY,,,,,,,,,HAN,SGN,SGN,Domestic,VJ,,
2026-03-04|VJ188/VJ151|-NVE|SGN-HAN-SGN|15:15,2026-03-04,VJ188/VJ151,-NVE,A320,SGN-HAN-SGN,14:40,15:15,14:40,15:45,15:25,15:49,15:50,16:00,01:05,00:25,DELAY,ONTIME,DELAY,DELAY,,93,00:05,,,,,,HAN,SGN,SGN,Domestic,VJ,,
2026-03-04|VJ774/VJ175|A650|CXR-HAN-SGN|15:20,2026-03-04,VJ774/VJ175,A650,A320,CXR-HAN-SGN,14:50,15:20,14:50,15:40,15:22,15:44,15:45,15:57,00:50,00:23,DELAY,ONTIME,DELAY,DELAY,,93,00:05,,,,,,HAN,CXR,SGN,Domestic,VJ,,
2026-03-04|VJ440/VJ433|A669|PQC-HAN-UIH|15:25,2026-03-04,VJ440/VJ433,A669,A320,PQC-HAN-UIH,12:20,15:25,12:20,15:25,12:22,15:24,15:25,15:32,03:05,03:03,ONTIME,ONTIME,ONTIME,ONTIME,,,,,,,,,HAN,PQC,UIH,Domestic,VJ,,
2026-03-04|VJ941/VJ1441|A661|TPE-HAN-PQC|15:30,2026-03-04,VJ941/VJ1441,A661,A321,TPE-HAN-PQC,14:10,15:30,14:10,15:30,15:05,15:38,15:40,15:43,01:20,00:35,DELAY,ONTIME,ONTIME,DELAY,,93,00:05,66,00:05,,,CREW HN OB 1510,HAN,TPE,PQC,Domestic,VJ,,
2026-03-04|VJ462/VJ145|A545|VCA-HAN-SGN|15:35,2026-03-04,VJ462/VJ145,A545,A321,VCA-HAN-SGN,15:40,15:35,15:40,16:15,15:45,16:14,16:15,16:30,00:35,00:30,ONTIME,ONTIME,DELAY,ONTIME,,,,,,,,,HAN,VCA,SGN,Domestic,VJ,,
2026-03-04|VJ144/VJ199|A670|SGN-HAN-SGN|15:35,2026-03-04,VJ144/VJ199,A670,A321,SGN-HAN-SGN,14:10,15:35,14:10,15:35,14:35,15:34,15:35,15:42,01:25,01:00,ONTIME,ONTIME,ONTIME,DELAY,,,,,,,,,HAN,SGN,SGN,Domestic,VJ,,
2026-03-04|VJ961/VJ903|A674|ICN-HAN-BKK|15:50,2026-03-04,VJ961/VJ903,A674,A321,ICN-HAN-BKK,14:10,15:50,14:10,15:50,13:55,15:44,15:45,15:55,01:40,01:50,EARLY,ONTIME,ONTIME,ONTIME,,,,,,,,,HAN,ICN,BKK,International,VJ,,
2026-03-04|VJ508/VJ191|A532|DAD-HAN-SGN|15:55,2026-03-04,VJ508/VJ191,A532,A321,DAD-HAN-SGN,13:40,15:55,13:40,15:55,14:10,15:54,15:55,16:05,02:15,01:45,ONTIME,ONTIME,ONTIME,DELAY,,,,,,,,,HAN,DAD,SGN,Domestic,VJ,,
2026-03-04|VJ460/VJ423|A580|VCA-HAN-PXU|15:55,2026-03-04,VJ460/VJ423,A580,A321,VCA-HAN-PXU,15:20,15:55,15:20,15:55,15:30,16:04,16:05,16:20,00:35,00:35,DELAY,ONTIME,DELAY,ONTIME,,93,00:05,66,00:05,,,CREW HN OB 1535,HAN,VCA,PXU,Domestic,VJ,,
2026-03-04|VJ7707/VJ7707|A549|KHV-HAN-CXR|16:00,2026-03-04,VJ7707/VJ7707,A549,A321,KHV-HAN-CXR,15:30,16:00,15:30,16:50,16:45,17:04,17:05,17:25,01:20,00:20,DELAY,ONTIME,DELAY,DELAY,,93,00:15,,,,,,HAN,KHV,CXR,Domestic,VJ,,
2026-03-04|VJ933/VJ195|A816|NRT-HAN-SGN|16:00,2026-03-04,VJ933/VJ195,A816,A330,NRT-HAN-SGN,14:00,16:00,14:00,16:00,14:02,15:59,16:00,16:25,02:00,01:58,ONTIME,ONTIME,DELAY,ONTIME,,,,,,,,,HAN,NRT,SGN,Domestic,VJ,,
2026-03-04|VJ906/VJ913|A647|KUL-HAN-SAI|16:20,2026-03-04,VJ906/VJ913,A647,A321,KUL-HAN-SAI,14:55,16:20,14:55,16:20,14:35,16:24,16:25,16:35,01:25,01:50,DELAY,ONTIME,ONTIME,ONTIME,,99,00:05,,,,,LATE ACCEPT 3 PAX 7 BAGS,HAN,KUL,SAI,International,VJ,,
2026-03-04|VJ198/VJ515|A544|SGN-HAN-DAD|16:25,2026-03-04,VJ198/VJ515,A544,A321,SGN-HAN-DAD,15:10,16:25,15:10,16:25,15:27,16:24,16:25,16:40,01:15,00:58,ONTIME,ONTIME,ONTIME,DELAY,,,,,,,,,HAN,SGN,DAD,Domestic,VJ,,
2026-03-04|VJ132/VJ147|A697|SGN-HAN-SGN|17:10,2026-03-04,VJ132/VJ147,A697,A321,SGN-HAN-SGN,11:10,17:10,11:10,17:10,12:05,17:09,17:10,17:15,06:00,05:05,ONTIME,ONTIME,ONTIME,DELAY,,,,,,,,,HAN,SGN,SGN,Domestic,VJ,,
2026-03-04|VJ514/VJ465|A639|DAD-HAN-VCA|17:25,2026-03-04,VJ514/VJ465,A639,A321,DAD-HAN-VCA,16:45,17:25,16:45,17:25,17:15,17:44,17:45,17:49,00:40,00:30,DELAY,DELAY,DELAY,DELAY,,93,00:20,,,,,,HAN,DAD,VCA,Domestic,VJ,,
2026-03-04|VJ134/VJ163|-MLI|SGN-HAN-SGN|17:30,2026-03-04,VJ134/VJ163,-MLI,A320,SGN-HAN-SGN,17:00,17:30,18:00,18:35,18:30,18:50,18:51,19:05,00:35,00:21,DELAY,DELAY,DELAY,DELAY,,93,00:16,,,,,,HAN,SGN,SGN,Domestic,VJ,,
2026-03-04|VJ512/VJ779|A643|DAD-HAN-CXR|18:00,2026-03-04,VJ512/VJ779,A643,A321,DAD-HAN-CXR,17:30,18:00,17:30,18:00,17:40,17:59,18:00,18:08,00:30,00:20,ONTIME,ONTIME,ONTIME,ONTIME,,,,,,,,,HAN,DAD,CXR,Domestic,VJ,,
2026-03-04|VJ146/VJ169|A817|SGN-HAN-SGN|18:00,2026-03-04,VJ146/VJ169,A817,A330,SGN-HAN-SGN,17:00,18:00,17:00,18:00,16:55,17:59,18:00,18:04,01:00,01:05,ONTIME,ONTIME,ONTIME,ONTIME,,,,,,,,,HAN,SGN,SGN,Domestic,VJ,,
2026-03-04|VJ194/VJ193|A649|SGN-HAN-SGN|18:10,2026-03-04,VJ194/VJ193,A649,A321,SGN-HAN-SGN,17:30,18:10,17:30,18:10,17:35,18:09,18:10,18:15,00:40,00:35,ONTIME,ONTIME,ONTIME,ONTIME,,,,,,,,,HAN,SGN,SGN,Domestic,VJ,,
2026-03-04|VJ446/VJ445|A672|PQC-HAN-PQC|18:10,2026-03-04,VJ446/VJ445,A672,A320,PQC-HAN-PQC,17:10,18:10,17:10,18:10,17:10,18:09,18:10,18:18,01:00,01:00,ONTIME,ONTIME,ONTIME,ONTIME,,,,,,,,,HAN,PQC,PQC,Domestic,VJ,,
2026-03-04|VJ957/VJ1925|A699|PUS-HAN-AMD|19:00,2026-03-04,VJ957/VJ1925,A699,A320,PUS-HAN-AMD,17:20,19:00,17:20,19:00,17:00,18:59,19:00,19:09,01:40,02:00,ONTIME,ONTIME,ONTIME,ONTIME,,,,,,,,,HAN,PUS,AMD,International,VJ,,
2026-03-04|VJ949/VJ173|A607|RMQ-HAN-SGN|19:05,2026-03-04,VJ949/VJ173,A607,A321,RMQ-HAN-SGN,17:00,19:05,20:05,20:45,20:05,20:43,20:44,20:54,00:40,00:39,EARLY,ONTIME,DELAY,DELAY,,,,,,,,,HAN,RMQ,SGN,Domestic,VJ,,
2026-03-04|VJ1492/VJ517|A633|BMV-HAN-DAD|19:05,2026-03-04,VJ1492/VJ517,A633,A321,BMV-HAN-DAD,18:35,19:05,18:35,19:05,18:45,19:19,19:20,19:34,00:30,00:35,DELAY,ONTIME,DELAY,ONTIME,,93,00:10,66,00:05,,,CREW HN OB 1850,HAN,BMV,DAD,Domestic,VJ,,
2026-03-04|VJ916/VJ907|A525|SIN-HAN-BOM|19:15,2026-03-04,VJ916/VJ907,A525,A321,SIN-HAN-BOM,17:25,19:15,17:25,19:15,17:20,19:08,19:10,19:20,01:50,01:50,EARLY,ONTIME,ONTIME,ONTIME,,,,,,,,,HAN,SIN,BOM,International,VJ,,
2026-03-04|VJ928/VJ569|A666|CGK-HAN-HUI|19:15,2026-03-04,VJ928/VJ569,A666,A320,CGK-HAN-HUI,18:15,19:15,18:15,19:15,18:20,19:14,19:15,19:25,01:00,00:55,ONTIME,ONTIME,ONTIME,ONTIME,,,,,,,,,HAN,CGK,HUI,Domestic,VJ,,
2026-03-04|VJ152/VJ155|A542|SGN-HAN-SGN|20:05,2026-03-04,VJ152/VJ155,A542,A321,SGN-HAN-SGN,19:15,20:05,19:15,20:05,19:05,20:03,20:04,20:05,00:50,00:59,EARLY,ONTIME,ONTIME,ONTIME,,,,,,,,,HAN,SGN,SGN,Domestic,VJ,,
2026-03-04|VJ432/VJ7712|A669|UIH-HAN-PKX|20:05,2026-03-04,VJ432/VJ7712,A669,A320,UIH-HAN-PKX,19:10,20:05,19:10,20:05,19:10,19:54,19:55,19:58,00:55,00:45,EARLY,ONTIME,ONTIME,ONTIME,,,,,,,,,HAN,UIH,PKX,International,VJ,,
2026-03-04|VJ931/VJ501|A500|KIX-HAN-DAD|20:15,2026-03-04,VJ931/VJ501,A500,A321,KIX-HAN-DAD,19:15,20:15,19:15,20:15,19:15,20:14,20:15,20:17,01:00,01:00,ONTIME,ONTIME,ONTIME,ONTIME,,,,,,,,,HAN,KIX,DAD,Domestic,VJ,,
2026-03-04|VJ158/VJ165|A644|SGN-HAN-SGN|21:00,2026-03-04,VJ158/VJ165,A644,A321,SGN-HAN-SGN,20:30,21:00,20:30,21:00,20:30,20:58,20:59,21:00,00:30,00:29,EARLY,ONTIME,ONTIME,ONTIME,,,,,,,,,HAN,SGN,SGN,Domestic,VJ,,
2026-03-04|VJ902/VJ7238|A630|BKK-HAN-PVG|21:30,2026-03-04,VJ902/VJ7238,A630,A321,BKK-HAN-PVG,17:00,21:30,17:00,21:30,17:25,21:22,21:23,21:33,04:30,03:58,EARLY,ONTIME,ONTIME,DELAY,,,,,,,,,HAN,BKK,PVG,International,VJ,,
2026-03-04|VJ160/VJ161|A667|SGN-HAN-SGN|21:50,2026-03-04,VJ160/VJ161,A667,A321,SGN-HAN-SGN,21:15,21:50,21:15,21:50,21:15,21:49,21:50,21:59,00:35,00:35,ONTIME,ONTIME,ONTIME,ONTIME,,,,,,,,,HAN,SGN,SGN,Domestic,VJ,,
2026-03-04|VJ935/VJ123|A653|NRT-HAN-SGN|22:10,2026-03-04,VJ935/VJ123,A653,A321,NRT-HAN-SGN,19:35,22:10,19:35,22:10,21:20,22:04,22:05,22:12,02:35,00:45,EARLY,ONTIME,ONTIME,DELAY,,,,,,,,,HAN,NRT,SGN,Domestic,VJ,,
2026-03-04|VJ518/VJ523|A656|DAD-HAN-DAD|22:45,2026-03-04,VJ518/VJ523,A656,A320,DAD-HAN-DAD,22:15,22:45,22:15,22:45,22:30,22:54,22:55,22:55,00:30,00:25,DELAY,ONTIME,ONTIME,ONTIME,,93,00:10,,,,,,HAN,DAD,DAD,Domestic,VJ,,
2026-03-04|VJ914/VJ962|A647|SAI-HAN-ICN|22:50,2026-03-04,VJ914/VJ962,A647,A321,SAI-HAN-ICN,20:50,22:50,19:50,22:50,20:55,22:54,22:55,23:05,03:00,02:00,DELAY,ONTIME,ONTIME,ONTIME,,99,00:05,,,,,LATE ACC 10PAX 17BAG,HAN,SAI,ICN,International,VJ,,
2026-03-04|VJ516/VJ171|A544|DAD-HAN-SGN|23:25,2026-03-04,VJ516/VJ171,A544,A321,DAD-HAN-SGN,20:55,23:25,20:55,23:25,20:20,23:14,23:15,23:22,02:30,02:55,EARLY,ONTIME,ONTIME,ONTIME,,,,,,,,,HAN,DAD,SGN,Domestic,VJ,,
2026-03-04|VJ156/VJ159|A545|SGN-HAN-SGN|23:40,2026-03-04,VJ156/VJ159,A545,A321,SGN-HAN-SGN,23:10,23:40,23:10,23:40,23:40,00:04,00:05,"1 day, 0:28:00",00:30,00:25,DELAY,DELAY,DELAY,DELAY,,93,00:25,,,,,,HAN,SGN,SGN,Domestic,VJ,,
2026-03-04|VJ166/VJ7526|A532|SGN-HAN-CAN|23:40,2026-03-04,VJ166/VJ7526,A532,A321,SGN-HAN-CAN,21:00,23:40,21:00,23:40,21:40,23:44,23:45,23:55,02:40,02:05,DELAY,ONTIME,ONTIME,DELAY,,15A,00:05,,,,,OFFLOAD 2PAX 1BAG,HAN,SGN,CAN,International,VJ,,
2026-03-05|VJ3521/VJ3521|A537|PQC-HAN-VVO|00:25,2026-03-05,VJ3521/VJ3521,A537,A321,PQC-HAN-VVO,23:55,00:25,23:55,00:25,1904-01-02,00:29,00:30,"1 day, 0:39:00",00:30,00:30,DELAY,DELAY,DELAY,ONTIME,,93,00:05,,,,,,HAN,PQC,VVO,International,VJ,,
2026-03-05|VJ932|A552|HAN-NRT|00:55,2026-03-05,VJ932,A552,A321,HAN-NRT,,00:55,,00:55,,00:51,00:52,00:57,,,EARLY,ONTIME,ONTIME,,,,,,,,,,HAN,,NRT,International,VJ,,
2026-03-05|VJ982|A661|HAN-PUS|01:00,2026-03-05,VJ982,A661,A321,HAN-PUS,,01:00,,01:00,,01:14,01:15,01:30,,,DELAY,ONTIME,DELAY,,,15A,00:15,,,,,OFFLOAD 1PAX 1BAG,HAN,,PUS,International,VJ,,
2026-03-05|VJ920|A674|HAN-NGO|01:35,2026-03-05,VJ920,A674,A321,HAN-NGO,,01:35,,01:35,,01:34,01:35,01:37,,,ONTIME,ONTIME,ONTIME,,,,,,,,,,HAN,,NGO,International,VJ,,
2026-03-05|VJ938|A580|HAN-KIX|01:40,2026-03-05,VJ938,A580,A321,HAN-KIX,,01:40,,01:40,,01:36,01:37,01:42,,,EARLY,ONTIME,ONTIME,,,,,,,,,,HAN,,KIX,International,VJ,,
2026-03-05|VJ960|A693|HAN-ICN|01:45,2026-03-05,VJ960,A693,A321,HAN-ICN,,01:45,,01:45,,01:44,01:45,01:48,,,ONTIME,ONTIME,ONTIME,,,,,,,,,,HAN,,ICN,International,VJ,,
2026-03-05|VJ958|A554|HAN-FUK|02:05,2026-03-05,VJ958,A554,A321,HAN-FUK,,02:05,,02:05,,01:59,02:00,02:03,,,EARLY,ONTIME,ONTIME,,,,,,,,,,HAN,,FUK,International,VJ,,
2026-03-05|VJ179|A650|HAN-SGN|05:00,2026-03-05,VJ179,A650,A320,HAN-SGN,,05:00,,05:00,,04:54,04:55,05:00,,,EARLY,ONTIME,ONTIME,,,,,,,,,,HAN,,SGN,Domestic,VJ,,
2026-03-05|VJ7713/VJ461|A669|PKX-HAN-VCA|05:30,2026-03-05,VJ7713/VJ461,A669,A320,PKX-HAN-VCA,04:10,05:30,04:10,05:30,04:40,05:24,05:25,05:32,01:20,00:45,EARLY,ONTIME,ONTIME,DELAY,,,,,,,,,HAN,PKX,VCA,Domestic,VJ,,
2026-03-05|VJ443|A639|HAN-PQC|06:00,2026-03-05,VJ443,A639,A321,HAN-PQC,,06:00,,06:00,,05:54,05:55,06:05,,,EARLY,ONTIME,ONTIME,,,,,,,,,,HAN,,PQC,Domestic,VJ,,
2026-03-05|VJ503|A542|HAN-DAD|06:00,2026-03-05,VJ503,A542,A321,HAN-DAD,,06:00,,06:00,,05:52,05:53,05:55,,,EARLY,ONTIME,ONTIME,,,,,,,,,,HAN,,DAD,Domestic,VJ,,
2026-03-05|VJ491|A641|HAN-BMV|06:00,2026-03-05,VJ491,A641,A321,HAN-BMV,,06:00,,06:00,,05:54,05:55,06:10,,,EARLY,ONTIME,ONTIME,,,,,,,,,,HAN,,BMV,Domestic,VJ,,
2026-03-05|VJ421|A685|HAN-PXU|06:05,2026-03-05,VJ421,A685,A321,HAN-PXU,,06:05,,06:05,,05:57,05:58,06:08,,,EARLY,ONTIME,ONTIME,,,,,,,,,,HAN,,PXU,Domestic,VJ,,
2026-03-05|VJ952|A666|HAN-HIJ|06:35,2026-03-05,VJ952,A666,A320,HAN-HIJ,,06:35,,06:35,,06:29,06:30,06:42,,,EARLY,ONTIME,ONTIME,,,,,,,,,,HAN,,HIJ,International,VJ,,
2026-03-05|VJ181|A683|HAN-SGN|06:40,2026-03-05,VJ181,A683,A321,HAN-SGN,,06:40,,06:40,,06:34,06:35,06:45,,,EARLY,ONTIME,ONTIME,,,,,,,,,,HAN,,SGN,Domestic,VJ,,
2026-03-05|VJ105|652G|HAN-VCS|06:45,2026-03-05,VJ105,652G,C909,HAN-VCS,,06:45,,06:45,,06:39,06:40,06:55,,,EARLY,ONTIME,ONTIME,,,,,,,,,,HAN,,VCS,Domestic,VJ,,
2026-03-05|VJ431|A671|HAN-UIH|07:10,2026-03-05,VJ431,A671,A320,HAN-UIH,,07:10,,07:10,,07:04,07:05,07:11,,,EARLY,ONTIME,ONTIME,,,,,,,,,,HAN,,UIH,Domestic,VJ,,
2026-03-05|VJ7527/VJ905|A532|CAN-HAN-KUL|07:10,2026-03-05,VJ7527/VJ905,A532,A321,CAN-HAN-KUL,04:35,07:10,04:35,07:10,04:32,07:04,07:05,07:20,02:35,02:33,EARLY,ONTIME,ONTIME,ONTIME,,,,,,,,,HAN,CAN,KUL,International,VJ,,
2026-03-05|VJ1926/VJ956|A699|AMD-HAN-PUS|07:30,2026-03-05,VJ1926/VJ956,A699,A320,AMD-HAN-PUS,06:20,07:30,06:20,07:30,05:40,07:29,07:30,07:45,01:10,01:50,ONTIME,ONTIME,ONTIME,ONTIME,,,,,,,,,HAN,AMD,PUS,International,VJ,,
2026-03-05|VJ7239/VJ940|A629|PVG-HAN-TPE|07:35,2026-03-05,VJ7239/VJ940,A629,A321,PVG-HAN-TPE,05:15,07:35,05:15,07:35,04:55,07:39,07:40,07:50,02:20,02:45,DELAY,ONTIME,ONTIME,ONTIME,,99,00:05,,,,,LATE ACC 4 PAX 5BAG,HAN,PVG,TPE,International,VJ,,
2026-03-05|VJ107|656E|HAN-VCS|08:15,2026-03-05,VJ107,656E,C909,HAN-VCS,,08:15,,08:15,,08:09,08:10,08:15,,,EARLY,ONTIME,ONTIME,,,,,,,,,,HAN,,VCS,Domestic,VJ,,
2026-03-05|VJ122/VJ934|A653|SGN-HAN-NRT|08:20,2026-03-05,VJ122/VJ934,A653,A321,SGN-HAN-NRT,07:30,08:20,07:30,08:20,07:15,08:19,08:20,08:30,00:50,01:05,ONTIME,ONTIME,ONTIME,ONTIME,,,,,,,,,HAN,SGN,NRT,International,VJ,,
2026-03-05|VJ910/VJ930|A525|BOM-HAN-KIX|08:20,2026-03-05,VJ910/VJ930,A525,A321,BOM-HAN-KIX,06:40,08:20,06:40,08:20,06:10,08:19,08:20,08:30,01:40,02:10,ONTIME,ONTIME,ONTIME,ONTIME,,,,,,,,,HAN,BOM,KIX,International,VJ,,
2026-03-05|VJ124/VJ771|A667|SGN-HAN-CXR|07:35,2026-03-05,VJ124/VJ771,A667,A321,SGN-HAN-CXR,07:50,07:35,07:50,08:25,07:55,08:34,08:35,08:38,00:35,00:40,DELAY,ONTIME,DELAY,ONTIME,,66,00:10,,,,,CHANGE CREW HN OB 0802,HAN,SGN,CXR,Domestic,VJ,,
2026-03-05|VJ524/VJ929|A656|DAD-HAN-CGK|08:40,2026-03-05,VJ524/VJ929,A656,A320,DAD-HAN-CGK,07:40,08:40,07:40,08:40,07:30,08:39,08:40,08:43,01:00,01:10,ONTIME,ONTIME,ONTIME,ONTIME,,,,,,,,,HAN,DAD,CGK,International,VJ,,
2026-03-05|VJ125|A697|HAN-SGN|08:40,2026-03-05,VJ125,A697,A321,HAN-SGN,,08:40,,08:40,,08:39,08:40,08:45,,,ONTIME,ONTIME,ONTIME,,,,,,,,,,HAN,,SGN,Domestic,VJ,,
2026-03-05|VJ773|A816|HAN-CXR|08:55,2026-03-05,VJ773,A816,A330,HAN-CXR,,08:55,,08:55,,08:54,08:55,09:02,,,ONTIME,ONTIME,ONTIME,,,,,,,,,,HAN,,CXR,Domestic,VJ,,
2026-03-05|VJ126/VJ127|A544|SGN-HAN-SGN|08:55,2026-03-05,VJ126/VJ127,A544,A321,SGN-HAN-SGN,08:25,08:55,08:25,08:55,08:40,09:14,09:15,09:25,00:30,00:35,DELAY,DELAY,DELAY,ONTIME,,41,00:20,,,,,TECHNICAL CHECK,HAN,SGN,SGN,Domestic,VJ,,
2026-03-05|VJ139|A817|HAN-SGN|09:25,2026-03-05,VJ139,A817,A330,HAN-SGN,,09:25,,09:25,,09:23,09:25,09:50,,,ONTIME,ONTIME,DELAY,,,,,,,,,,HAN,,SGN,Domestic,VJ,,
2026-03-05|VJ963/VJ915|A647|ICN-HAN-SIN|09:35,2026-03-05,VJ963/VJ915,A647,A321,ICN-HAN-SIN,09:30,09:35,09:30,10:00,09:30,10:14,10:15,10:23,00:30,00:45,DELAY,ONTIME,DELAY,ONTIME,,66,00:15,,,,,CHANGE CREW HN OB 0945,HAN,ICN,SIN,International,VJ,,
2026-03-05|VJ504/VJ997|A542|DAD-HAN-DPS|10:00,2026-03-05,VJ504/VJ997,A542,A321,DAD-HAN-DPS,09:00,10:00,09:00,10:00,09:15,09:59,10:00,10:04,01:00,00:45,ONTIME,ONTIME,ONTIME,ONTIME,,,,,,,,,HAN,DAD,DPS,International,VJ,,
2026-03-05|VJ148/VJ149|-NVG|SGN-HAN-SGN|10:05,2026-03-05,VJ148/VJ149,-NVG,A320,SGN-HAN-SGN,09:30,10:05,09:30,10:05,09:40,10:04,10:05,10:18,00:35,00:25,ONTIME,ONTIME,ONTIME,ONTIME,,,,,,,,,HAN,SGN,SGN,Domestic,VJ,,
2026-03-05|VJ422/VJ567|A685|PXU-HAN-HUI|10:10,2026-03-05,VJ422/VJ567,A685,A321,PXU-HAN-HUI,09:40,10:10,09:40,10:10,09:55,10:24,10:25,10:30,00:30,00:30,DELAY,ONTIME,DELAY,ONTIME,,93,00:15,,,,,,HAN,PXU,HUI,Domestic,VJ,,
2026-03-05|VJ492/VJ507|A641|BMV-HAN-DAD|10:30,2026-03-05,VJ492/VJ507,A641,A321,BMV-HAN-DAD,10:00,10:30,10:00,11:00,10:30,10:59,11:00,11:07,01:00,00:30,ONTIME,ONTIME,DELAY,DELAY,,,,,,,,,HAN,BMV,DAD,Domestic,VJ,,
2026-03-05|VJ136/VJ135|A655|SGN-HAN-SGN|11:10,2026-03-05,VJ136/VJ135,A655,A320,SGN-HAN-SGN,10:40,11:10,10:40,11:10,10:40,11:09,11:10,11:15,00:30,00:30,ONTIME,ONTIME,ONTIME,ONTIME,,,,,,,,,HAN,SGN,SGN,Domestic,VJ,,
2026-03-05|VJ770/VJ463|A526|CXR-HAN-VCA|10:30,2026-03-05,VJ770/VJ463,A526,A321,CXR-HAN-VCA,10:45,10:30,11:45,12:20,11:50,12:24,12:25,12:32,00:35,00:35,DELAY,ONTIME,DELAY,DELAY,,66,00:05,,,,,CHANGE CREW HN OB 1155,HAN,CXR,VCA,Domestic,VJ,,
2026-03-05|VJ132/VJ137|A523|SGN-HAN-SGN|11:40,2026-03-05,VJ132/VJ137,A523,A321,SGN-HAN-SGN,11:10,11:40,11:10,11:40,12:05,12:34,12:35,12:41,00:30,00:30,DELAY,DELAY,DELAY,DELAY,,93,00:55,,,,,,HAN,SGN,SGN,Domestic,VJ,,
2026-03-05|VJ981/VJ946|A661|PUS-HAN-KHH|11:45,2026-03-05,VJ981/VJ946,A661,A321,PUS-HAN-KHH,11:00,11:45,11:00,11:45,11:55,12:44,12:45,12:50,00:45,00:50,DELAY,DELAY,DELAY,DELAY,,93,00:40,66,00:15,99,00:05,CHANGE CREW OB 1210/ LATE ACCEPT 02PAX,HAN,PUS,KHH,International,VJ,,
2026-03-05|VJ770/VJ901|A526|CXR-HAN-BKK|12:15,2026-03-05,VJ770/VJ901,A526,A321,CXR-HAN-BKK,11:45,12:15,11:45,12:15,11:15,12:14,12:15,12:24,00:30,01:00,ONTIME,ONTIME,ONTIME,ONTIME,,,,,,,,,HAN,CXR,BKK,International,VJ,,
2026-03-05|VJ3522/VJ3522|A537|VVO-HAN-PQC|12:50,2026-03-05,VJ3522/VJ3522,A537,A321,VVO-HAN-PQC,12:20,12:50,12:20,13:30,13:10,13:59,14:00,14:10,01:10,00:50,DELAY,DELAY,DELAY,DELAY,,93,00:10,66,00:10,99,00:10,CHANGE CREW HN OB 1325/ FO DO LS,HAN,VVO,PQC,Domestic,VJ,,
2026-03-05|VJ780/VJ781|A667|CXR-HAN-CXR|13:00,2026-03-05,VJ780/VJ781,A667,A321,CXR-HAN-CXR,12:30,13:00,12:30,13:00,12:45,13:14,13:15,13:21,00:30,00:30,DELAY,ONTIME,DELAY,ONTIME,,93,00:15,,,,,,HAN,CXR,CXR,Domestic,VJ,,
2026-03-05|VJ440/VJ441|A672|PQC-HAN-PQC|12:25,2026-03-05,VJ440/VJ441,A672,A320,PQC-HAN-PQC,11:55,12:25,12:35,13:30,13:10,13:39,13:40,13:52,00:55,00:30,DELAY,ONTIME,DELAY,DELAY,,93,00:05,66,00:05,,,CHANGE CREW HN OB 1315,HAN,PQC,PQC,Domestic,VJ,,
2026-03-05|VJ959/VJ948|A554|FUK-HAN-RMQ|13:30,2026-03-05,VJ959/VJ948,A554,A321,FUK-HAN-RMQ,12:25,13:30,12:25,13:30,12:00,13:28,13:30,13:34,01:05,01:30,ONTIME,ONTIME,ONTIME,ONTIME,,,,,,,,,HAN,FUK,RMQ,International,VJ,,
2026-03-05|VJ508/VJ513|A641|DAD-HAN-DAD|13:35,2026-03-05,VJ508/VJ513,A641,A321,DAD-HAN-DAD,13:05,13:35,13:40,14:55,14:35,15:14,15:15,15:25,01:15,00:40,DELAY,DELAY,DELAY,DELAY,,93,00:10,66,00:10,,,CHANGE CREW HN OB 1450,HAN,DAD,DAD,Domestic,VJ,,
2026-03-05|VJ566/VJ511|A685|DAD-HAN-DAD|14:20,2026-03-05,VJ566/VJ511,A685,A321,DAD-HAN-DAD,13:40,14:20,13:05,14:20,13:35,14:19,14:20,14:30,01:15,00:45,ONTIME,ONTIME,ONTIME,ONTIME,,,,,,,,,HAN,DAD,DAD,Domestic,VJ,,
2026-03-05|VJ921/VJ942|A674|NGO-HAN-TPE|14:25,2026-03-05,VJ921/VJ942,A674,A321,NGO-HAN-TPE,13:05,14:25,13:20,14:25,13:20,14:24,14:25,14:36,01:05,01:05,ONTIME,ONTIME,ONTIME,ONTIME,,,,,,,,,HAN,NGO,TPE,International,VJ,,
2026-03-05|VJ939/VJ1491|A580|KIX-HAN-BMV|14:35,2026-03-05,VJ939/VJ1491,A580,A321,KIX-HAN-BMV,13:05,14:35,13:05,14:35,13:20,14:29,14:30,14:35,01:30,01:10,EARLY,ONTIME,ONTIME,ONTIME,,,,,,,,,HAN,KIX,BMV,Domestic,VJ,,
2026-03-05|VJ430/VJ433|A671|UIH-HAN-UIH|15:25,2026-03-05,VJ430/VJ433,A671,A320,UIH-HAN-UIH,10:55,15:25,10:55,15:25,10:50,15:24,15:25,15:39,04:30,04:35,ONTIME,ONTIME,ONTIME,ONTIME,,,,,,,,,HAN,UIH,UIH,Domestic,VJ,,
2026-03-05|VJ961/VJ1441|A693|ICN-HAN-PQC|15:30,2026-03-05,VJ961/VJ1441,A693,A321,ICN-HAN-PQC,14:10,15:30,14:10,15:30,14:00,15:20,15:21,15:30,01:20,01:21,EARLY,ONTIME,ONTIME,ONTIME,,,,,,,,,HAN,ICN,PQC,Domestic,VJ,,
2026-03-05|VJ933/VJ145|A552|NRT-HAN-SGN|15:35,2026-03-05,VJ933/VJ145,A552,A321,NRT-HAN-SGN,14:00,15:35,14:00,15:35,13:35,15:34,15:35,15:50,01:35,02:00,ONTIME,ONTIME,ONTIME,ONTIME,,,,,,,,,HAN,NRT,SGN,Domestic,VJ,,
2026-03-05|VJ144/VJ199|A697|SGN-HAN-SGN|15:35,2026-03-05,VJ144/VJ199,A697,A321,SGN-HAN-SGN,14:10,15:35,14:10,15:35,14:35,15:27,15:29,15:35,01:25,00:54,EARLY,ONTIME,ONTIME,DELAY,,,,,,,,,HAN,SGN,SGN,Domestic,VJ,,
2026-03-05|VJ906/VJ191|A532|NGO-HAN-SGN|15:55,2026-03-05,VJ906/VJ191,A532,A321,NGO-HAN-SGN,13:40,15:55,13:40,15:55,14:36,15:54,15:55,16:05,02:15,01:19,ONTIME,ONTIME,ONTIME,DELAY,,,,,,,,,HAN,NGO,SGN,Domestic,VJ,,
2026-03-05|VJ462/VJ423|A669|VCA-HAN-SGN|15:55,2026-03-05,VJ462/VJ423,A669,A320,VCA-HAN-SGN,15:40,15:55,15:40,16:15,15:55,16:19,16:20,16:33,00:35,00:25,DELAY,ONTIME,DELAY,ONTIME,,93,00:05,,,,,,HAN,VCA,SGN,Domestic,VJ,,
2026-03-05|VJ142/VJ195|A817|SGN-HAN-SGN|16:00,2026-03-05,VJ142/VJ195,A817,A330,SGN-HAN-SGN,14:50,16:00,14:50,16:00,15:30,16:09,16:10,16:15,01:10,00:40,DELAY,ONTIME,ONTIME,DELAY,,93,00:10,,,,,,HAN,SGN,SGN,Domestic,VJ,,
2026-03-05|VJ941/VJ913|A629|TPE-HAN-SAI|16:20,2026-03-05,VJ941/VJ913,A629,A321,TPE-HAN-SAI,14:10,16:20,14:10,16:20,14:40,16:15,16:16,16:22,02:10,01:36,EARLY,ONTIME,ONTIME,DELAY,,,,,,,,,HAN,TPE,SAI,International,VJ,,
2026-03-05|VJ198/VJ515|A658|SGN-HAN-DAD|16:25,2026-03-05,VJ198/VJ515,A658,A320,SGN-HAN-DAD,15:10,16:25,15:10,16:25,16:05,16:29,16:30,16:40,01:15,00:25,DELAY,ONTIME,ONTIME,DELAY,,93,00:05,,,,,,HAN,SGN,DAD,Domestic,VJ,,
2026-03-05|VJ953/VJ147|A666|HIJ-HAN-SGN|17:10,2026-03-05,VJ953/VJ147,A666,A320,HIJ-HAN-SGN,16:20,17:10,16:20,17:10,16:45,17:08,17:10,17:20,00:50,00:25,ONTIME,ONTIME,ONTIME,DELAY,,,,,,,,,HAN,HIJ,SGN,Domestic,VJ,,
2026-03-05|VJ1492/VJ465|A580|BMV-HAN-VCA|17:25,2026-03-05,VJ1492/VJ465,A580,A321,BMV-HAN-VCA,18:35,17:25,18:35,19:35,19:00,19:34,19:35,19:48,01:00,00:35,ONTIME,ONTIME,DELAY,DELAY,,,,,,,,,HAN,BMV,VCA,Domestic,VJ,,
2026-03-05|VJ446/VJ445|A675|PQC-HAN-PQC|17:40,2026-03-05,VJ446/VJ445,A675,A320,PQC-HAN-PQC,17:10,17:40,17:10,17:40,17:00,17:39,17:40,17:43,00:30,00:40,ONTIME,ONTIME,ONTIME,ONTIME,,,,,,,,,HAN,PQC,PQC,Domestic,VJ,,
2026-03-05|VJ784/VJ783|A522|CXR-HAN-CXR|17:40,2026-03-05,VJ784/VJ783,A522,A321,CXR-HAN-CXR,17:10,17:40,17:10,17:40,17:15,17:44,17:45,17:52,00:30,00:30,DELAY,ONTIME,ONTIME,ONTIME,,93,00:05,,,,,,HAN,CXR,CXR,Domestic,VJ,,
2026-03-05|VJ134/VJ163|-MLI|SGN-HAN-SGN|17:45,2026-03-05,VJ134/VJ163,-MLI,A320,SGN-HAN-SGN,17:15,17:45,17:15,17:45,17:50,18:14,18:15,18:25,00:30,00:25,DELAY,DELAY,DELAY,DELAY,,93,00:30,,,,,,HAN,SGN,SGN,Domestic,VJ,,
2026-03-05|VJ512/VJ779|A685|DAD-HAN-CXR|18:00,2026-03-05,VJ512/VJ779,A685,A321,DAD-HAN-CXR,17:30,18:00,17:30,18:00,18:00,18:23,18:25,18:30,00:30,00:25,DELAY,DELAY,DELAY,DELAY,,93,00:25,,,,,,HAN,DAD,CXR,Domestic,VJ,,
2026-03-05|VJ194/VJ193|A670|SGN-HAN-SGN|18:10,2026-03-05,VJ194/VJ193,A670,A321,SGN-HAN-SGN,17:30,18:10,18:25,19:00,18:45,19:14,19:15,19:35,00:35,00:30,DELAY,ONTIME,DELAY,DELAY,,93,00:15,,,,,,HAN,SGN,SGN,Domestic,VJ,,
2026-03-05|VJ902/VJ493|A639|BKK-HAN-BMV|18:25,2026-03-05,VJ902/VJ493,A639,A321,BKK-HAN-BMV,17:00,18:25,17:00,18:25,17:02,18:24,18:25,18:35,01:25,01:23,ONTIME,ONTIME,ONTIME,ONTIME,,,,,,,,,HAN,BKK,BMV,Domestic,VJ,,
2026-03-05|VJ928/VJ1925|A656|CGK-HAN-AMD|19:00,2026-03-05,VJ928/VJ1925,A656,A320,CGK-HAN-AMD,18:15,19:00,18:15,19:00,18:18,18:59,19:00,19:10,00:45,00:42,ONTIME,ONTIME,ONTIME,ONTIME,,,,,,,,,HAN,CGK,AMD,International,VJ,,
2026-03-05|VJ460/VJ517|A526|VCA-HAN-DAD|19:05,2026-03-05,VJ460/VJ517,A526,A321,VCA-HAN-DAD,17:10,19:05,17:10,19:05,17:55,19:04,19:05,19:15,01:55,01:10,ONTIME,ONTIME,ONTIME,DELAY,,,,,,,,,HAN,VCA,DAD,Domestic,VJ,,
2026-03-05|VJ916/VJ173|A647|SIN-HAN-SGN|19:05,2026-03-05,VJ916/VJ173,A647,A321,SIN-HAN-SGN,17:25,19:05,17:25,19:05,17:50,19:02,19:03,19:20,01:40,01:13,EARLY,ONTIME,ONTIME,DELAY,,,,,,,,,HAN,SIN,SGN,Domestic,VJ,,
2026-03-05|VJ971|A815|HAN-DEL|19:10,2026-03-05,VJ971,A815,A330,HAN-DEL,,19:10,,19:10,,19:09,19:10,19:51,,,ONTIME,ONTIME,DELAY,,,,,,,,,,HAN,,DEL,International,VJ,,
2026-03-05|VJ514/VJ569|A641|DAD-HAN-HUI|19:15,2026-03-05,VJ514/VJ569,A641,A321,DAD-HAN-HUI,16:45,19:15,19:00,19:35,19:10,19:39,19:40,19:52,00:35,00:30,DELAY,ONTIME,DELAY,DELAY,,93,00:05,,,,,,HAN,DAD,HUI,Domestic,VJ,,
2026-03-05|VJ957/VJ7712|A669|PUS-HAN-PKX|20:05,2026-03-05,VJ957/VJ7712,A669,A320,PUS-HAN-PKX,17:02,20:05,17:02,20:05,17:10,20:04,20:05,2015,03:03,02:55,ONTIME,ONTIME,DELAY,ONTIME,,,,,,,,,HAN,PUS,PKX,International,VJ,,
2026-03-05|VJ155|A643|HAN-SGN|20:05,2026-03-05,VJ155,A643,A321,HAN-SGN,,20:05,,20:05,,20:04,20:05,20:15,,,ONTIME,ONTIME,ONTIME,,,,,,,,,,HAN,,SGN,Domestic,VJ,,
2026-03-05|VJ432/VJ501|A671|UIH-HAN-DAD|20:15,2026-03-05,VJ432/VJ501,A671,A320,UIH-HAN-DAD,19:10,20:15,19:10,20:15,19:20,20:08,20:10,20:20,01:05,00:50,EARLY,ONTIME,ONTIME,ONTIME,,,,,,,,,HAN,UIH,DAD,Domestic,VJ,,
2026-03-05|VJ516/VJ7238|A658|DAD-HAN-PVG|21:30,2026-03-05,VJ516/VJ7238,A658,A320,DAD-HAN-PVG,19:35,21:30,19:35,21:30,20:20,21:26,21:27,21:37,01:55,01:07,EARLY,ONTIME,ONTIME,DELAY,,,,,,,,,HAN,DAD,PVG,International,VJ,,
2026-03-05|VJ160/VJ161|A634|SGN-HAN-SGN|21:50,2026-03-05,VJ160/VJ161,A634,A321,SGN-HAN-SGN,21:15,21:50,21:15,21:50,21:20,21:43,21:45,21:50,00:35,00:25,EARLY,ONTIME,ONTIME,ONTIME,,,,,,,,,HAN,SGN,SGN,Domestic,VJ,,
2026-03-05|VJ166/VJ123|A636|SGN-HAN-SGN|22:10,2026-03-05,VJ166/VJ123,A636,A321,SGN-HAN-SGN,21:00,22:10,21:00,22:10,21:10,21:59,22:00,22:08,01:10,00:50,EARLY,ONTIME,ONTIME,ONTIME,,,,,,,,,HAN,SGN,SGN,Domestic,VJ,,
2026-03-05|VJ152/VJ523|A532|SGN-HAN-DAD|22:45,2026-03-05,VJ152/VJ523,A532,A320,SGN-HAN-DAD,20:00,22:45,21:15,23:15,21:40,23:14,23:15,23:15,02:00,01:35,ONTIME,ONTIME,DELAY,DELAY,,,,,,,,,HAN,SGN,DAD,Domestic,VJ,,
2026-03-05|VJ914/VJ962|A629|SAI-HAN-ICN|22:50,2026-03-05,VJ914/VJ962,A629,A321,SAI-HAN-ICN,20:50,22:50,20:50,22:50,21:00,22:49,22:50,23:00,02:00,01:50,ONTIME,ONTIME,ONTIME,ONTIME,,,,,,,,,HAN,SAI,ICN,International,VJ,,
2026-03-05|VJ190/VJ187|A544|SGN-HAN-SGN|22:50,2026-03-05,VJ190/VJ187,A544,A321,SGN-HAN-SGN,22:00,22:50,22:00,22:50,21:50,22:49,22:50,22:53,00:50,01:00,ONTIME,ONTIME,ONTIME,ONTIME,,,,,,,,,HAN,SGN,SGN,Domestic,VJ,,
2026-03-05|VJ196/VJ171|A817|SGN-HAN-SGN|23:25,2026-03-05,VJ196/VJ171,A817,A330,SGN-HAN-SGN,21:20,23:25,21:20,23:25,22:10,23:21,23:23,23:25,02:05,01:13,EARLY,ONTIME,ONTIME,DELAY,,,,,,,,,HAN,SGN,SGN,Domestic,VJ,,
2026-03-05|VJ494/VJ7526|A639|BMV-HAN-CAN|23:40,2026-03-05,VJ494/VJ7526,A639,A321,BMV-HAN-CAN,22:25,23:40,22:25,23:40,23:15,23:54,23:55,23:56,01:15,00:40,DELAY,ONTIME,DELAY,DELAY,,93,00:05,66,00:10,,,CREW OB HN 2325,HAN,BMV,CAN,International,VJ,,
2026-03-06|VJ932|A653|HAN-NRT|00:55,2026-03-06,VJ932,A653,A321,HAN-NRT,,00:55,,00:55,,00:50,00:52,00:52,,,EARLY,ONTIME,ONTIME,,,,,,,,,,HAN,,NRT,International,VJ,,
2026-03-06|VJ982|A661|HAN-PUS|01:00,2026-03-06,VJ982,A661,A321,HAN-PUS,,01:00,,01:00,,00:59,01:00,01:10,,,ONTIME,ONTIME,ONTIME,,,,,,,,,,HAN,,PUS,International,VJ,,
2026-03-06|VJ920|A525|HAN-NGO|01:35,2026-03-06,VJ920,A525,A321,HAN-NGO,,01:35,,01:35,,01:29,01:30,01:32,,,EARLY,ONTIME,ONTIME,,,,,,,,,,HAN,,NGO,International,VJ,,
2026-03-06|VJ938|A554|HAN-KIX|01:40,2026-03-06,VJ938,A554,A321,HAN-KIX,,01:40,,01:40,,01:38,01:39,01:41,,,EARLY,ONTIME,ONTIME,,,,,,,,,,HAN,,KIX,International,VJ,,
2026-03-06|VJ960|A674|HAN-ICN|01:45,2026-03-06,VJ960,A674,A321,HAN-ICN,,01:45,,01:45,,01:44,01:45,01:50,,,ONTIME,ONTIME,ONTIME,,,,,,,,,,HAN,,ICN,International,VJ,,
2026-03-06|VJ7614/VJ7614|A549|CXR-HAN-BQS|02:10,2026-03-06,VJ7614/VJ7614,A549,A321,CXR-HAN-BQS,01:40,02:10,01:40,02:10,02:00,02:29,02:30,02:45,00:30,00:30,DELAY,DELAY,DELAY,DELAY,,93,00:20,,,,,,HAN,CXR,BQS,International,VJ,,
2026-03-06|VJ179|A669|HAN-SGN|05:00,2026-03-06,VJ179,A669,A320,HAN-SGN,,05:00,,05:00,,04:54,04:55,05:04,,,EARLY,ONTIME,ONTIME,,,,,,,,,,HAN,,SGN,Domestic,VJ,,
2026-03-06|VJ185|A666|HAN-SGN|05:10,2026-03-06,VJ185,A666,A320,HAN-SGN,,05:10,,05:10,,05:04,05:05,05:15,,,EARLY,ONTIME,ONTIME,,,,,,,,,,HAN,,SGN,Domestic,VJ,,
2026-03-06|VJ461|A671|HAN-VCA|05:30,2026-03-06,VJ461,A671,A320,HAN-VCA,,05:30,,05:30,,05:24,05:25,05:35,,,EARLY,ONTIME,ONTIME,,,,,,,,,,HAN,,VCA,Domestic,VJ,,
2026-03-06|VJ443|A580|HAN-PQC|06:00,2026-03-06,VJ443,A580,A321,HAN-PQC,,06:00,,06:00,,05:54,05:55,06:05,,,EARLY,ONTIME,ONTIME,,,,,,,,,,HAN,,PQC,Domestic,VJ,,
2026-03-06|VJ491|A685|HAN-BMV|06:00,2026-03-06,VJ491,A685,A321,HAN-BMV,,06:00,,06:00,,05:54,05:55,06:02,,,EARLY,ONTIME,ONTIME,,,,,,,,,,HAN,,BMV,Domestic,VJ,,
2026-03-06|VJ7527/VJ503|A639|CAN-HAN-DAD|06:00,2026-03-06,VJ7527/VJ503,A639,A321,CAN-HAN-DAD,04:35,06:00,04:35,06:00,04:40,05:54,05:55,06:05,01:25,01:15,EARLY,ONTIME,ONTIME,ONTIME,,,,,,,,,HAN,CAN,DAD,Domestic,VJ,,
2026-03-06|VJ421|A644|HAN-PXU|06:05,2026-03-06,VJ421,A644,A321,HAN-PXU,,06:05,,06:05,,05:59,06:00,06:07,,,EARLY,ONTIME,ONTIME,,,,,,,,,,HAN,,PXU,Domestic,VJ,,
2026-03-06|VJ181|A641|HAN-SGN|06:40,2026-03-06,VJ181,A641,A321,HAN-SGN,,06:40,,06:40,,06:34,06:35,06:40,,,EARLY,ONTIME,ONTIME,,,,,,,,,,HAN,,SGN,Domestic,VJ,,
2026-03-06|VJ105|652G|HAN-VCS|06:45,2026-03-06,VJ105,652G,C909,HAN-VCS,,06:45,,06:45,,06:36,06:38,06:45,,,EARLY,ONTIME,ONTIME,,,,,,,,,,HAN,,VCS,Domestic,VJ,,
2026-03-06|VJ7239/VJ431|A658|PVG-HAN-UIH|07:10,2026-03-06,VJ7239/VJ431,A658,A320,PVG-HAN-UIH,05:15,07:10,05:15,07:10,05:30,07:04,07:05,07:10,01:55,01:35,EARLY,ONTIME,ONTIME,ONTIME,,,,,,,,,HAN,PVG,UIH,Domestic,VJ,,
2026-03-06|VJ905|A542|HAN-KUL|07:10,2026-03-06,VJ905,A542,A321,HAN-KUL,,07:10,,07:10,,07:04,07:05,07:10,,,EARLY,ONTIME,ONTIME,,,,,,,,,,HAN,,KUL,International,VJ,,
2026-03-06|VJ1926/VJ956|A656|AMD-HAN-PUS|07:30,2026-03-06,VJ1926/VJ956,A656,A320,AMD-HAN-PUS,06:20,07:30,06:20,07:30,05:40,07:24,07:25,07:35,01:10,01:45,EARLY,ONTIME,ONTIME,ONTIME,,,,,,,,,HAN,AMD,PUS,International,VJ,,
2026-03-06|VJ940|A697|HAN-TPE|07:35,2026-03-06,VJ940,A697,A321,HAN-TPE,,07:35,,07:35,,07:29,07:30,07:40,,,EARLY,ONTIME,ONTIME,,,,,,,,,,HAN,,TPE,International,VJ,,
2026-03-06|VJ771|A632|HAN-CXR|07:35,2026-03-06,VJ771,A632,A321,HAN-CXR,,07:35,,07:35,,07:29,07:30,07:40,,,EARLY,ONTIME,ONTIME,,,,,,,,,,HAN,,CXR,Domestic,VJ,,
2026-03-06|VJ107|656E|HAN-VCS|08:15,2026-03-06,VJ107,656E,C909,HAN-VCS,,08:15,,08:15,,08:08,08:09,08:11,,,EARLY,ONTIME,ONTIME,,,,,,,,,,HAN,,VCS,Domestic,VJ,,
2026-03-06|VJ934|A607|HAN-NRT|08:20,2026-03-06,VJ934,A607,A321,HAN-NRT,,08:20,,08:20,,08:24,08:25,08:35,,,DELAY,ONTIME,ONTIME,,,87,00:05,,,,,STUCK AT IMMI,HAN,,NRT,International,VJ,,
2026-03-06|VJ930|A693|HAN-KIX|08:20,2026-03-06,VJ930,A693,A321,HAN-KIX,,08:20,,08:20,,08:19,08:20,08:30,,,ONTIME,ONTIME,ONTIME,,,,,,,,,,HAN,,KIX,International,VJ,,
2026-03-06|VJ124/VJ125|A544|SGN-HAN-SGN|08:40,2026-03-06,VJ124/VJ125,A544,A321,SGN-HAN-SGN,07:50,08:40,07:50,08:40,07:45,08:39,08:40,08:48,00:50,00:55,ONTIME,ONTIME,ONTIME,ONTIME,,,,,,,,,HAN,SGN,SGN,Domestic,VJ,,
2026-03-06|VJ7713/VJ929|A699|PKX-HAN-CGK|08:40,2026-03-06,VJ7713/VJ929,A699,A320,PKX-HAN-CGK,04:10,08:40,04:10,08:40,04:10,08:49,08:50,09:06,04:30,04:40,DELAY,ONTIME,DELAY,ONTIME,,87,00:10,,,,,STUCK AT IMMI,HAN,PKX,CGK,International,VJ,,
2026-03-06|VJ126/VJ127|A657|SGN-HAN-SGN|08:55,2026-03-06,VJ126/VJ127,A657,A321,SGN-HAN-SGN,08:25,08:55,08:25,08:55,08:35,09:04,09:05,09:10,00:30,00:30,DELAY,ONTIME,ONTIME,ONTIME,,,,,,,,,HAN,SGN,SGN,Domestic,VJ,,
2026-03-06|VJ972/VJ139|A815|DEL-HAN-SGN|09:30,2026-03-06,VJ972/VJ139,A815,A330,DEL-HAN-SGN,05:35,09:30,05:35,09:30,05:45,09:29,09:30,09:33,03:55,03:45,ONTIME,ONTIME,ONTIME,ONTIME,,,,,,,,,HAN,DEL,SGN,Domestic,VJ,,
2026-03-06|VJ524/VJ527|A630|DAD-HAN-DAD|09:30,2026-03-06,VJ524/VJ527,A630,A321,DAD-HAN-DAD,07:40,09:30,07:40,09:30,07:40,09:19,09:20,09:40,01:50,01:40,EARLY,ONTIME,ONTIME,ONTIME,,,,,,,,,HAN,DAD,DAD,Domestic,VJ,,
2026-03-06|VJ122/VJ915|A670|SGN-HAN-SIN|09:35,2026-03-06,VJ122/VJ915,A670,A321,SGN-HAN-SIN,07:30,09:35,07:30,09:35,07:25,09:27,09:28,09:39,02:05,02:03,EARLY,ONTIME,ONTIME,ONTIME,,,,,,,,,HAN,SGN,SIN,International,VJ,,
2026-03-06|VJ176/VJ997|A537|SGN-HAN-DPS|10:00,2026-03-06,VJ176/VJ997,A537,A321,SGN-HAN-DPS,09:00,10:00,09:00,10:00,09:10,09:54,09:55,10:00,01:00,00:45,EARLY,ONTIME,ONTIME,ONTIME,,,,,,,,,HAN,SGN,DPS,International,VJ,,
2026-03-06|VJ148/VJ149|-MLN|SGN-HAN-SGN|10:05,2026-03-06,VJ148/VJ149,-MLN,A320,SGN-HAN-SGN,09:30,10:05,09:30,10:05,09:45,10:09,10:10,10:20,00:35,00:25,DELAY,ONTIME,ONTIME,ONTIME,,93,00:05,,,,,,HAN,SGN,SGN,Domestic,VJ,,
2026-03-06|VJ422/VJ567|A644|PXU-HAN-HUI|10:10,2026-03-06,VJ422/VJ567,A644,A321,PXU-HAN-HUI,09:40,10:10,09:40,10:10,09:45,10:06,10:07,10:15,00:30,00:22,EARLY,ONTIME,ONTIME,ONTIME,,,,,,,,,HAN,PXU,HUI,Domestic,VJ,,
2026-03-06|VJ963/VJ463|A629|ICN-HAN-VCA|10:30,2026-03-06,VJ963/VJ463,A629,A321,ICN-HAN-VCA,09:30,10:30,09:30,10:30,09:25,10:29,10:30,10:36,01:00,01:05,ONTIME,ONTIME,ONTIME,ONTIME,,,,,,,,,HAN,ICN,VCA,Domestic,VJ,,
2026-03-06|VJ492/VJ507|A685|BMV-HAN-DAD|10:30,2026-03-06,VJ492/VJ507,A685,A321,BMV-HAN-DAD,10:00,10:30,10:00,10:30,10:20,10:49,10:50,10:56,00:30,00:30,DELAY,DELAY,DELAY,DELAY,,93,00:20,,,,,,HAN,BMV,DAD,Domestic,VJ,,
2026-03-06|VJ504/VJ775|A655|DAD-HAN-CXR|10:40,2026-03-06,VJ504/VJ775,A655,A320,DAD-HAN-CXR,09:00,10:40,09:00,10:40,09:08,10:39,10:40,10:43,01:40,01:32,ONTIME,ONTIME,ONTIME,ONTIME,,,,,,,,,HAN,DAD,CXR,Domestic,VJ,,
2026-03-06|VJ128/VJ135|A643|SGN-HAN-SGN|11:10,2026-03-06,VJ128/VJ135,A643,A321,SGN-HAN-SGN,12:10,11:10,12:10,12:55,12:20,12:51,12:52,13:05,00:45,00:32,EARLY,ONTIME,DELAY,ONTIME,,,,,,,,,HAN,SGN,SGN,Domestic,VJ,,
2026-03-06|VJ132/VJ137|A635|SGN-HAN-SGN|11:40,2026-03-06,VJ132/VJ137,A635,A321,SGN-HAN-SGN,11:10,11:40,11:10,11:40,11:45,12:12,12:13,12:19,00:30,00:28,DELAY,DELAY,DELAY,DELAY,,93,00:33,,,,,,HAN,SGN,SGN,Domestic,VJ,,
2026-03-06|VJ442/VJ946|A580|PQC-HAN-KHH|11:45,2026-03-06,VJ442/VJ946,A580,A321,PQC-HAN-KHH,10:45,11:45,10:45,11:45,11:10,11:53,11:55,11:57,01:00,00:45,DELAY,ONTIME,ONTIME,DELAY,,66,00:10,,,,,,HAN,PQC,KHH,International,VJ,,
2026-03-06|VJ981/VJ901|A661|PUS-HAN-BKK|12:15,2026-03-06,VJ981/VJ901,A661,A321,PUS-HAN-BKK,11:00,12:15,11:00,12:15,11:00,12:02,12:03,12:05,01:15,01:03,EARLY,ONTIME,ONTIME,ONTIME,,,,,,,,,HAN,PUS,BKK,International,VJ,,
2026-03-06|VJ430/VJ441|A658|UIH-HAN-PQC|12:25,2026-03-06,VJ430/VJ441,A658,A320,UIH-HAN-PQC,10:55,12:25,10:55,12:25,10:45,12:21,12:22,12:28,01:30,01:37,EARLY,ONTIME,ONTIME,ONTIME,,,,,,,,,HAN,UIH,PQC,Domestic,VJ,,
2026-03-06|VJ770/VJ948|A543|CXR-HAN-RMQ|13:30,2026-03-06,VJ770/VJ948,A543,A321,CXR-HAN-RMQ,12:00,13:30,12:00,13:30,12:25,13:27,13:29,13:35,01:30,01:04,EARLY,ONTIME,ONTIME,DELAY,,,,,,,,,HAN,CXR,RMQ,International,VJ,,
2026-03-06|VJ528/VJ143|A526|DAD-HAN-SGN|13:40,2026-03-06,VJ528/VJ143,A526,A321,DAD-HAN-SGN,12:40,13:40,12:40,13:40,12:50,13:31,13:32,13:40,01:00,00:42,EARLY,ONTIME,ONTIME,ONTIME,,,,,,,,,HAN,DAD,SGN,Domestic,VJ,,
2026-03-06|VJ939/VJ513|A554|KIX-HAN-DAD|14:00,2026-03-06,VJ939/VJ513,A554,A321,KIX-HAN-DAD,13:05,14:00,13:05,14:00,13:25,13:59,14:00,14:08,00:55,00:35,ONTIME,ONTIME,ONTIME,DELAY,,,,,,,,,HAN,KIX,DAD,Domestic,VJ,,
2026-03-06|VJ566/VJ511|A644|HUI-HAN-DAD|14:20,2026-03-06,VJ566/VJ511,A644,A321,HUI-HAN-DAD,13:05,14:20,13:05,14:20,13:30,14:19,14:20,14:25,01:15,00:50,ONTIME,ONTIME,ONTIME,DELAY,,,,,,,,,HAN,HUI,DAD,Domestic,VJ,,
2026-03-06|VJ508/VJ1491|A685|DAD-HAN-BMV|14:35,2026-03-06,VJ508/VJ1491,A685,A321,DAD-HAN-BMV,13:40,14:35,13:40,14:35,14:35,15:04,15:05,15:15,00:55,00:30,DELAY,DELAY,DELAY,DELAY,,93,00:30,,,,,,HAN,DAD,BMV,Domestic,VJ,,
2026-03-06|VJ188/VJ151|-NVE|SGN-HAN-SGN|14:40,2026-03-06,VJ188/VJ151,-NVE,A320,SGN-HAN-SGN,14:05,14:40,14:50,16:45,16:05,16:37,16:38,17:16,01:55,00:33,EARLY,ONTIME,DELAY,DELAY,,,,,,,,,HAN,SGN,SGN,Domestic,VJ,,
2026-03-06|VJ921/VJ942|A525|NGO-HAN-TPE|14:40,2026-03-06,VJ921/VJ942,A525,A321,NGO-HAN-TPE,13:40,14:40,13:40,14:40,13:15,14:39,14:40,14:45,01:00,01:25,ONTIME,ONTIME,ONTIME,ONTIME,,,,,,,,,HAN,NGO,TPE,International,VJ,,
2026-03-06|VJ961/VJ153|A674|ICN-HAN-SGN|15:10,2026-03-06,VJ961/VJ153,A674,A321,ICN-HAN-SGN,14:10,15:10,14:10,15:10,14:15,15:09,15:10,15:20,01:00,00:55,ONTIME,ONTIME,ONTIME,ONTIME,,,,,,,,,HAN,ICN,SGN,Domestic,VJ,,
2026-03-06|VJ7615/VJ7615|A549|BQS-HAN-CXR|15:10,2026-03-06,VJ7615/VJ7615,A549,A321,BQS-HAN-CXR,14:40,15:10,14:40,15:10,15:15,15:38,15:39,16:01,00:30,00:24,DELAY,DELAY,DELAY,DELAY,,93,00:29,,,,,,HAN,BQS,CXR,Domestic,VJ,,
2026-03-06|VJ440/VJ433|A675|PQC-HAN-UIH|15:25,2026-03-06,VJ440/VJ433,A675,A320,PQC-HAN-UIH,11:55,15:25,11:55,15:25,12:25,15:22,15:24,15:28,03:30,02:59,EARLY,ONTIME,ONTIME,DELAY,,,,,,,,,HAN,PQC,UIH,Domestic,VJ,,
2026-03-06|VJ138/VJ1441|A657|SGN-HAN-PQC|15:30,2026-03-06,VJ138/VJ1441,A657,A321,SGN-HAN-PQC,14:40,15:30,14:40,15:30,15:10,15:39,15:40,15:45,00:50,00:30,DELAY,ONTIME,ONTIME,DELAY,,93,00:10,,,,,,HAN,SGN,PQC,Domestic,VJ,,
2026-03-06|VJ144/VJ145|A817|SGN-HAN-SGN|15:35,2026-03-06,VJ144/VJ145,A817,A330,SGN-HAN-SGN,14:10,15:35,14:10,15:35,15:00,15:34,15:35,15:50,01:25,00:35,ONTIME,ONTIME,ONTIME,DELAY,,,,,,,,,HAN,SGN,SGN,Domestic,VJ,,
2026-03-06|VJ933/VJ199|A653|NRT-HAN-SGN|15:35,2026-03-06,VJ933/VJ199,A653,A321,NRT-HAN-SGN,14:00,15:35,14:00,15:35,14:10,15:33,15:35,15:45,01:35,01:25,ONTIME,ONTIME,ONTIME,ONTIME,,,,,,,,,HAN,NRT,SGN,Domestic,VJ,,
2026-03-06|VJ941/VJ903|A697|TPE-HAN-BKK|15:50,2026-03-06,VJ941/VJ903,A697,A321,TPE-HAN-BKK,14:10,15:50,14:10,15:50,14:50,15:49,15:50,16:00,01:40,01:00,ONTIME,ONTIME,ONTIME,DELAY,,,,,,,,,HAN,TPE,BKK,International,VJ,,
2026-03-06|VJ460/VJ423|A629|VCA-HAN-PXU|15:55,2026-03-06,VJ460/VJ423,A629,A321,VCA-HAN-PXU,14:55,15:55,14:55,16:30,15:55,16:29,16:30,17:07,01:35,00:35,ONTIME,ONTIME,DELAY,DELAY,,,,,,,,,HAN,VCA,PXU,Domestic,VJ,,
2026-03-06|VJ142/VJ157|A815|SGN-HAN-SGN|16:00,2026-03-06,VJ142/VJ157,A815,A330,SGN-HAN-SGN,14:50,16:00,14:50,16:00,15:20,16:09,16:10,16:20,01:10,00:50,DELAY,ONTIME,DELAY,DELAY,,93,00:05,66,00:05,,,CREW CHANGE OB 1535,HAN,SGN,SGN,Domestic,VJ,,
2026-03-06|VJ198/VJ195|A552|SGN-HAN-SGN|16:00,2026-03-06,VJ198/VJ195,A552,A321,SGN-HAN-SGN,15:10,16:00,15:10,16:00,16:25,17:03,17:05,17:25,00:50,00:40,DELAY,DELAY,DELAY,DELAY,,93,00:55,66,00:10,,,CREW CHANGE OB 1635,HAN,SGN,SGN,Domestic,VJ,,
2026-03-06|VJ460/VJ913|A629|VCA-HAN-SAI|16:20,2026-03-06,VJ460/VJ913,A629,A321,VCA-HAN-SAI,15:20,16:20,15:20,16:20,14:30,16:14,16:15,16:20,01:00,01:45,EARLY,ONTIME,ONTIME,ONTIME,,,,,,,,,HAN,VCA,SAI,International,VJ,,
2026-03-06|VJ516/VJ515|A634|DAD-HAN-DAD|16:25,2026-03-06,VJ516/VJ515,A634,A321,DAD-HAN-DAD,12:10,16:25,19:35,20:10,19:45,20:14,20:15,20:20,00:35,00:30,DELAY,ONTIME,DELAY,DELAY,,93,00:05,,,,,,HAN,DAD,DAD,Domestic,VJ,,
2026-03-06|VJ462/VJ147|A671|VCA-HAN-SGN|17:10,2026-03-06,VJ462/VJ147,A671,A320,VCA-HAN-SGN,15:40,17:10,15:40,17:10,15:45,17:14,17:15,17:25,01:30,01:30,DELAY,ONTIME,ONTIME,ONTIME,,15A,00:05,,,,,CUT 12PAX&6 PAX,HAN,VCA,SGN,Domestic,VJ,,
2026-03-06|VJ134/VJ163|-MLI|SGN-HAN-SGN|17:35,2026-03-06,VJ134/VJ163,-MLI,A320,SGN-HAN-SGN,17:05,17:35,19:00,19:30,19:05,19:29,19:30,19:40,00:30,00:25,ONTIME,ONTIME,DELAY,DELAY,,,,,,,,,HAN,SGN,SGN,Domestic,VJ,,
2026-03-06|VJ440/VJ445|A675|PQC-HAN-PQC|17:40,2026-03-06,VJ440/VJ445,A675,A320,PQC-HAN-PQC,11:55,17:40,11:55,17:40,15:10,17:39,17:30,17:55,05:45,02:20,EARLY,ONTIME,ONTIME,DELAY,,,,,,,,,HAN,PQC,PQC,Domestic,VJ,,
2026-03-06|VJ514/VJ465|A554|DAD-HAN-VCA|17:45,2026-03-06,VJ514/VJ465,A554,A321,DAD-HAN-VCA,17:10,17:45,17:10,17:45,17:45,18:09,18:10,18:15,00:35,00:25,DELAY,DELAY,DELAY,DELAY,,93,00:25,,,,,,HAN,DAD,VCA,Domestic,VJ,,
2026-03-06|VJ512/VJ779|A644|DAD-HAN-CXR|18:00,2026-03-06,VJ512/VJ779,A644,A321,DAD-HAN-CXR,17:30,18:00,17:30,18:00,18:00,18:21,18:22,18:35,00:30,00:22,DELAY,DELAY,DELAY,DELAY,,93,00:22,,,,,,HAN,DAD,CXR,Domestic,VJ,,
2026-03-06|VJ194/VJ193|A635|SGN-HAN-SGN|18:10,2026-03-06,VJ194/VJ193,A635,A321,SGN-HAN-SGN,17:30,18:10,17:30,18:40,17:45,18:43,18:45,18:50,01:10,01:00,DELAY,ONTIME,DELAY,ONTIME,,95,00:05,,,,,CREW FROM VJ194 1825,HAN,SGN,SGN,Domestic,VJ,,
2026-03-06|VJ446/VJ1925|A672|PQC-HAN-AMD|19:00,2026-03-06,VJ446/VJ1925,A672,A320,PQC-HAN-AMD,17:10,19:00,17:10,19:00,18:03,18:53,18:55,19:00,01:50,00:52,EARLY,ONTIME,ONTIME,DELAY,,,,,,,,,HAN,PQC,AMD,International,VJ,,
2026-03-06|VJ1492/VJ517|A685|BMV-HAN-DAD|19:05,2026-03-06,VJ1492/VJ517,A685,A321,BMV-HAN-DAD,18:35,19:05,19:05,19:40,20:00,20:29,20:30,20:32,00:35,00:30,DELAY,DELAY,DELAY,DELAY,,93,00:50,,,,,,HAN,BMV,DAD,Domestic,VJ,,
2026-03-06|VJ916/VJ173|A670|SIN-HAN-SGN|19:05,2026-03-06,VJ916/VJ173,A670,A321,SIN-HAN-SGN,17:25,19:05,17:25,19:05,17:25,18:58,19:00,19:18,01:40,01:35,EARLY,ONTIME,ONTIME,ONTIME,,,,,,,,,HAN,SIN,SGN,Domestic,VJ,,
2026-03-06|VJ947/VJ907|A580|KHH-HAN-BOM|19:15,2026-03-06,VJ947/VJ907,A580,A321,KHH-HAN-BOM,18:05,19:15,18:05,19:15,18:05,19:19,19:20,19:30,01:10,01:15,DELAY,ONTIME,ONTIME,ONTIME,,15A,00:05,,,,,LATE ACCEPT 01PAX WITH 1PCS,HAN,KHH,BOM,International,VJ,,
2026-03-06|VJ902/VJ569|A661|BKK-HAN-HUI|19:15,2026-03-06,VJ902/VJ569,A661,A321,BKK-HAN-HUI,17:00,19:15,17:00,19:15,17:10,19:09,19:10,19:20,02:15,02:00,EARLY,ONTIME,ONTIME,ONTIME,,,,,,,,,HAN,BKK,HUI,Domestic,VJ,,
2026-03-06|VJ152/VJ165|A551|SGN-HAN-SGN|20:00,2026-03-06,VJ152/VJ165,A551,A321,SGN-HAN-SGN,19:15,20:00,19:15,20:00,19:25,19:59,20:00,20:05,00:45,00:35,ONTIME,ONTIME,ONTIME,ONTIME,,,,,,,,,HAN,SGN,SGN,Domestic,VJ,,
2026-03-06|VJ432/VJ155|A655|UIH-HAN-SGN|20:05,2026-03-06,VJ432/VJ155,A655,A320,UIH-HAN-SGN,19:10,20:05,19:10,20:05,19:15,20:01,20:02,20:15,00:55,00:47,EARLY,ONTIME,ONTIME,ONTIME,,,,,,,,,HAN,UIH,SGN,Domestic,VJ,,
2026-03-06|VJ957/VJ7712|A656|PUS-HAN-PKX|20:05,2026-03-06,VJ957/VJ7712,A656,A320,PUS-HAN-PKX,17:20,20:05,17:20,20:05,19:20,20:04,20:05,20:10,02:45,00:45,ONTIME,ONTIME,ONTIME,DELAY,,,,,,,,,HAN,PUS,PKX,International,VJ,,
2026-03-06|VJ424/VJ501|A629|PXU-HAN-DAD|20:15,2026-03-06,VJ424/VJ501,A629,A321,PXU-HAN-DAD,19:35,20:15,20:15,21:30,20:55,21:34,21:35,21:44,01:15,00:40,DELAY,ONTIME,DELAY,DELAY,,15A,00:05,,,,,OFFLOAD 03PAX 01BAG,HAN,PXU,DAD,Domestic,VJ,,
2026-03-06|VJ931/VJ7238|A693|KIX-HAN-PVG|21:30,2026-03-06,VJ931/VJ7238,A693,A321,KIX-HAN-PVG,19:35,21:30,19:35,21:30,19:35,21:29,21:30,21:33,01:55,01:55,ONTIME,ONTIME,ONTIME,ONTIME,,,,,,,,,HAN,KIX,PVG,International,VJ,,
2026-03-06|VJ160/VJ161|A637|SGN-HAN-SGN|21:50,2026-03-06,VJ160/VJ161,A637,A321,SGN-HAN-SGN,21:15,21:50,21:15,21:50,21:30,21:48,21:50,21:54,00:35,00:20,ONTIME,ONTIME,ONTIME,ONTIME,,,,,,,,,HAN,SGN,SGN,Domestic,VJ,,
2026-03-06|VJ1440/VJ123|A657|PQC-HAN-SGN|22:10,2026-03-06,VJ1440/VJ123,A657,A321,PQC-HAN-SGN,20:30,22:10,20:10,22:10,20:35,22:29,22:30,22:40,02:00,01:55,DELAY,DELAY,DELAY,ONTIME,,95,00:20,,,,,CREW FROM VJ150 OB 2210,HAN,PQC,SGN,Domestic,VJ,,
2026-03-06|VJ568/VJ523|A661|HUI-HAN-DAD|22:45,2026-03-06,VJ568/VJ523,A661,A321,HUI-HAN-DAD,22:15,22:45,22:15,22:45,22:50,23:34,23:35,23:45,00:30,00:45,DELAY,DELAY,DELAY,DELAY,,93,00:35,41,00:15,,,LATE ARR/TECHNICAL CHECK,HAN,HUI,DAD,Domestic,VJ,,
2026-03-06|VJ904/VJ962|A697|BKK-HAN-ICN|22:50,2026-03-06,VJ904/VJ962,A697,A321,BKK-HAN-ICN,20:25,22:50,20:25,22:50,21:03,22:49,22:50,23:00,02:25,01:47,ONTIME,ONTIME,ONTIME,DELAY,,,,,,,,,HAN,BKK,ICN,International,VJ,,
2026-03-06|VJ180/VJ171|A817|SGN-HAN-SGN|23:25,2026-03-06,VJ180/VJ171,A817,A330,SGN-HAN-SGN,22:25,23:25,22:25,23:25,22:45,23:23,23:25,23:27,01:00,00:40,ONTIME,ONTIME,ONTIME,DELAY,,,,,,,,,HAN,SGN,SGN,Domestic,VJ,,
2026-03-06|VJ914/VJ7526|A542|SAI-HAN-CAN|23:40,2026-03-06,VJ914/VJ7526,A542,A321,SAI-HAN-CAN,19:15,23:40,20:50,23:40,20:50,23:39,23:40,23:47,02:50,02:50,ONTIME,ONTIME,ONTIME,DELAY,,,,,,,,,HAN,SAI,CAN,International,VJ,,
2026-03-07|VJ932|A607|HAN-NRT|00:55,2026-03-07,VJ932,A607,A321,HAN-NRT,,00:55,,00:55,,00:53,00:54,00:57,,,EARLY,ONTIME,ONTIME,,,,,,,,,,HAN,,NRT,International,VJ,,
2026-03-07|VJ982|A687|HAN-PUS|01:00,2026-03-07,VJ982,A687,A321,HAN-PUS,,01:00,,01:00,,00:59,01:00,01:08,,,ONTIME,ONTIME,ONTIME,,,,,,,,,,HAN,,PUS,International,VJ,,
2026-03-07|VJ7706/VJ7706|A549|CXR-HAN-KHV|01:25,2026-03-07,VJ7706/VJ7706,A549,A321,CXR-HAN-KHV,00:55,01:25,00:55,01:25,01:00,01:29,01:30,01:35,00:30,00:30,DELAY,ONTIME,ONTIME,ONTIME,,93,00:05,,,,,,HAN,CXR,KHV,International,VJ,,
2026-03-07|VJ920|A525|HAN-NGO|01:35,2026-03-07,VJ920,A525,A321,HAN-NGO,,01:35,,01:35,,01:19,01:20,01:24,,,EARLY,ONTIME,ONTIME,,,,,,,,,,HAN,,NGO,International,VJ,,
2026-03-07|VJ938|A674|HAN-KIX|01:40,2026-03-07,VJ938,A674,A321,HAN-KIX,,01:40,,01:40,,01:35,01:36,01:40,,,EARLY,ONTIME,ONTIME,,,,,,,,,,HAN,,KIX,International,VJ,,
2026-03-07|VJ960|A543|HAN-ICN|01:45,2026-03-07,VJ960,A543,A321,HAN-ICN,,01:45,,01:45,,01:44,01:45,01:47,,,ONTIME,ONTIME,ONTIME,,,,,,,,,,HAN,,ICN,International,VJ,,
2026-03-07|VJ958|A683|HAN-FUK|02:05,2026-03-07,VJ958,A683,A321,HAN-FUK,,02:05,,02:05,,01:59,02:00,02:05,,,EARLY,ONTIME,ONTIME,,,,,,,,,,HAN,,FUK,International,VJ,,
2026-03-07|VJ179|A667|HAN-SGN|05:00,2026-03-07,VJ179,A667,A321,HAN-SGN,,05:00,,05:00,,04:54,04:55,05:00,,,EARLY,ONTIME,ONTIME,,,,,,,,,,HAN,,SGN,Domestic,VJ,,
2026-03-07|VJ7713/VJ185|A663|PKX-HAN-SGN|05:25,2026-03-07,VJ7713/VJ185,A663,A320,PKX-HAN-SGN,04:10,05:25,04:10,05:25,04:10,05:19,05:20,05:29,01:15,01:10,EARLY,ONTIME,ONTIME,ONTIME,,,,,,,,,HAN,PKX,SGN,Domestic,VJ,,
2026-03-07|VJ461|A669|HAN-VCA|05:30,2026-03-07,VJ461,A669,A320,HAN-VCA,,05:30,,05:30,,05:19,05:20,05:24,,,EARLY,ONTIME,ONTIME,,,,,,,,,,HAN,,VCA,Domestic,VJ,,
2026-03-07|VJ503|A545|HAN-DAD|05:55,2026-03-07,VJ503,A545,A321,HAN-DAD,,05:55,,05:55,,05:49,05:50,05:52,,,EARLY,ONTIME,ONTIME,,,,,,,,,,HAN,,DAD,Domestic,VJ,,
2026-03-07|VJ443|A629|HAN-PQC|06:00,2026-03-07,VJ443,A629,A321,HAN-PQC,,06:00,,06:00,,05:54,05:55,06:02,,,EARLY,ONTIME,ONTIME,,,,,,,,,,HAN,,PQC,Domestic,VJ,,
2026-03-07|VJ491|A537|HAN-BMV|06:00,2026-03-07,VJ491,A537,A321,HAN-BMV,,06:00,,06:00,,05:54,05:55,06:00,,,EARLY,ONTIME,ONTIME,,,,,,,,,,HAN,,BMV,Domestic,VJ,,
2026-03-07|VJ421|A685|HAN-PXU|06:05,2026-03-07,VJ421,A685,A321,HAN-PXU,,06:05,,06:05,,05:59,06:00,06:10,,,EARLY,ONTIME,ONTIME,,,,,,,,,,HAN,,PXU,Domestic,VJ,,
2026-03-07|VJ952|A675|HAN-HIJ|06:05,2026-03-07,VJ952,A675,A320,HAN-HIJ,,06:05,,06:05,,06:04,06:05,06:15,,,ONTIME,ONTIME,ONTIME,,,,,,,,,,HAN,,HIJ,International,VJ,,
2026-03-07|VJ105|656E|HAN-VCS|06:45,2026-03-07,VJ105,656E,C909,HAN-VCS,,06:45,,06:45,,06:34,06:35,06:38,,,EARLY,ONTIME,ONTIME,,,,,,,,,,HAN,,VCS,Domestic,VJ,,
2026-03-07|VJ431|A656|HAN-UIH|07:10,2026-03-07,VJ431,A656,A320,HAN-UIH,,07:10,,07:10,,07:01,07:02,07:09,,,EARLY,ONTIME,ONTIME,,,,,,,,,,HAN,,UIH,Domestic,VJ,,
2026-03-07|VJ7527/VJ905|A542|CAN-HAN-KUL|07:10,2026-03-07,VJ7527/VJ905,A542,A321,CAN-HAN-KUL,04:35,07:10,04:35,07:10,04:35,07:04,07:05,07:09,02:35,02:30,EARLY,ONTIME,ONTIME,ONTIME,,,,,,,,,HAN,CAN,KUL,International,VJ,,
2026-03-07|VJ122/VJ956|A689|SGN-HAN-PUS|07:30,2026-03-07,VJ122/VJ956,A689,A320,SGN-HAN-PUS,04:10,07:30,07:20,08:15,07:25,08:19,08:20,08:30,00:55,00:55,DELAY,ONTIME,DELAY,DELAY,,15A,00:05,,,,,OFFLOAD 1 PAX 1 BAG,HAN,SGN,PUS,International,VJ,,
2026-03-07|VJ910/VJ771|A580|BOM-HAN-CXR|07:35,2026-03-07,VJ910/VJ771,A580,A321,BOM-HAN-CXR,06:40,07:35,06:40,07:35,06:30,07:29,07:30,07:35,00:55,01:00,EARLY,ONTIME,ONTIME,ONTIME,,,,,,,,,HAN,BOM,CXR,Domestic,VJ,,
2026-03-07|VJ7239/VJ940|A693|PVG-HAN-TPE|07:35,2026-03-07,VJ7239/VJ940,A693,A321,PVG-HAN-TPE,05:15,07:35,05:15,07:35,05:05,07:39,07:40,07:50,02:20,02:35,DELAY,ONTIME,ONTIME,ONTIME,,18,00:05,,,,,LATE BAG DELIVERY TO A/C,HAN,PVG,TPE,International,VJ,,
2026-03-07|VJ107|652G|HAN-VCS|08:15,2026-03-07,VJ107,652G,C909,HAN-VCS,,08:15,,08:15,,08:04,08:05,08:08,,,EARLY,ONTIME,ONTIME,,,,,,,,,,HAN,,VCS,Domestic,VJ,,
2026-03-07|VJ1926/VJ934|A552|AMD-HAN-NRT|08:20,2026-03-07,VJ1926/VJ934,A552,A321,AMD-HAN-NRT,06:20,08:20,06:20,08:20,06:00,08:44,08:45,08:50,02:00,02:45,DELAY,DELAY,DELAY,ONTIME,,87,00:25,,,,,STUCK AT IMMIGRATION,HAN,AMD,NRT,International,VJ,,
2026-03-07|VJ930|A554|HAN-KIX|08:20,2026-03-07,VJ930,A554,A321,HAN-KIX,,08:20,,08:20,,08:34,08:35,08:44,,,DELAY,ONTIME,DELAY,,,87,00:15,,,,,STUCK AT IMMIGRATION,HAN,,KIX,International,VJ,,
2026-03-07|VJ124/VJ125|A817|SGN-HAN-SGN|08:40,2026-03-07,VJ124/VJ125,A817,A330,SGN-HAN-SGN,07:50,08:40,07:50,08:40,07:50,08:34,08:35,08:40,00:50,00:45,EARLY,ONTIME,ONTIME,ONTIME,,,,,,,,,HAN,SGN,SGN,Domestic,VJ,,
2026-03-07|VJ120/VJ121|A516|SGN-HAN-SGN|08:40,2026-03-07,VJ120/VJ121,A516,A321,SGN-HAN-SGN,07:40,08:40,07:40,08:40,07:35,08:34,08:35,08:50,01:00,01:00,EARLY,ONTIME,ONTIME,ONTIME,,,,,,,,,HAN,SGN,SGN,Domestic,VJ,,
2026-03-07|VJ430/VJ929|A656|UIH-HAN-CGK|08:40,2026-03-07,VJ430/VJ929,A656,A320,UIH-HAN-CGK,07:30,08:40,10:55,11:40,11:05,11:44,11:45,11:50,00:45,00:40,DELAY,ONTIME,DELAY,DELAY,,66,00:05,,,,,CREW HN OB 1120,HAN,UIH,CGK,International,VJ,,
2026-03-07|VJ126/VJ127|A642|SGN-HAN-SGN|08:55,2026-03-07,VJ126/VJ127,A642,A321,SGN-HAN-SGN,08:25,08:55,08:25,08:55,08:20,08:54,08:55,09:04,00:30,00:35,ONTIME,ONTIME,ONTIME,ONTIME,,,,,,,,,HAN,SGN,SGN,Domestic,VJ,,
2026-03-07|VJ524/VJ915|A633|DAD-HAN-SIN|09:35,2026-03-07,VJ524/VJ915,A633,A321,DAD-HAN-SIN,07:40,09:35,07:40,09:35,07:35,09:33,09:35,09:36,01:55,02:00,ONTIME,ONTIME,ONTIME,ONTIME,,,,,,,,,HAN,DAD,SIN,International,VJ,,
2026-03-07|VJ504/VJ997|A545|DAD-HAN-DPS|10:00,2026-03-07,VJ504/VJ997,A545,A321,DAD-HAN-DPS,09:00,10:00,09:00,10:00,09:20,10:04,10:05,10:21,01:00,00:45,DELAY,ONTIME,DELAY,DELAY,,66,00:05,,,,,CREW HN OB 0935,HAN,DAD,DPS,International,VJ,,
2026-03-07|VJ148/VJ149|-NVG|SGN-HAN-SGN|10:05,2026-03-07,VJ148/VJ149,-NVG,A320,SGN-HAN-SGN,09:30,10:05,09:30,10:05,09:30,10:04,10:05,10:11,00:35,00:35,ONTIME,ONTIME,ONTIME,ONTIME,,,,,,,,,HAN,SGN,SGN,Domestic,VJ,,
2026-03-07|VJ422/VJ567|A685|PXU-HAN-HUI|10:10,2026-03-07,VJ422/VJ567,A685,A321,PXU-HAN-HUI,09:40,10:10,09:40,10:10,09:35,10:09,10:10,10:20,00:30,00:35,ONTIME,ONTIME,ONTIME,ONTIME,,,,,,,,,HAN,PXU,HUI,Domestic,VJ,,
2026-03-07|VJ492/VJ507|A537|BMV-HAN-DAD|10:30,2026-03-07,VJ492/VJ507,A537,A321,BMV-HAN-DAD,10:00,10:30,10:00,10:30,10:20,10:49,10:50,10:52,00:30,00:30,DELAY,DELAY,DELAY,DELAY,,93,00:20,,,,,,HAN,BMV,DAD,Domestic,VJ,,
2026-03-07|VJ136/VJ181|A672|SGN-HAN-SGN|11:15,2026-03-07,VJ136/VJ181,A672,A320,SGN-HAN-SGN,10:40,11:15,10:40,11:15,10:40,11:14,11:15,11:23,00:35,00:35,ONTIME,ONTIME,ONTIME,ONTIME,,,,,,,,,HAN,SGN,SGN,Domestic,VJ,,
2026-03-07|VJ132/VJ137|A667|SGN-HAN-SGN|11:40,2026-03-07,VJ132/VJ137,A667,A321,SGN-HAN-SGN,11:10,11:40,11:10,11:40,11:35,12:09,12:10,12:10,00:30,00:35,DELAY,DELAY,DELAY,DELAY,,93,00:25,66,00:05,,,CREW HN OB 1140,HAN,SGN,SGN,Domestic,VJ,,
2026-03-07|VJ963/VJ946|A697|ICN-HAN-KHH|11:45,2026-03-07,VJ963/VJ946,A697,A321,ICN-HAN-KHH,09:30,11:45,09:30,11:45,09:15,11:38,11:40,11:41,02:15,02:25,EARLY,ONTIME,ONTIME,ONTIME,,,,,,,,,HAN,ICN,KHH,International,VJ,,
2026-03-07|VJ442/VJ463|A629|PQC-HAN-VCA|11:45,2026-03-07,VJ442/VJ463,A629,A321,PQC-HAN-VCA,10:45,11:45,10:45,11:45,11:00,11:33,11:35,11:40,01:00,00:35,EARLY,ONTIME,ONTIME,ONTIME,,,,,,,,,HAN,PQC,VCA,Domestic,VJ,,
2026-03-07|VJ981/VJ901|A687|PUS-HAN-BKK|12:15,2026-03-07,VJ981/VJ901,A687,A321,PUS-HAN-BKK,11:00,12:15,11:00,12:15,11:55,12:38,12:39,12:40,01:15,00:44,DELAY,DELAY,DELAY,DELAY,,93,00:10,66,00:14,,,CREW HN OB 1210,HAN,PUS,BKK,International,VJ,,
2026-03-07|VJ430/VJ441|A656|UIH-HAN-PQC|12:25,2026-03-07,VJ430/VJ441,A656,A320,UIH-HAN-PQC,10:55,12:25,10:55,12:25,12:05,12:39,12:40,12:46,01:30,00:35,DELAY,ONTIME,DELAY,DELAY,,93,00:10,66,00:05,,,CREW HN OB 1210,HAN,UIH,PQC,Domestic,VJ,,
2026-03-07|VJ128/VJ135|A636|SGN-HAN-SGN|13:00,2026-03-07,VJ128/VJ135,A636,A321,SGN-HAN-SGN,12:25,13:00,12:25,13:30,12:48,13:29,13:30,13:39,01:05,00:42,ONTIME,ONTIME,DELAY,DELAY,,,,,,,,,HAN,SGN,SGN,Domestic,VJ,,
2026-03-07|VJ959/VJ948|A683|FUK-HAN-RMQ|13:30,2026-03-07,VJ959/VJ948,A683,A321,FUK-HAN-RMQ,12:25,13:30,12:25,13:30,11:50,13:19,13:20,13:24,01:05,01:30,EARLY,ONTIME,ONTIME,ONTIME,,,,,,,,,HAN,FUK,RMQ,International,VJ,,
2026-03-07|VJ770/VJ513|A580|CXR-HAN-DAD|13:35,2026-03-07,VJ770/VJ513,A580,A321,CXR-HAN-DAD,12:00,13:35,12:00,13:35,12:10,13:32,13:33,13:40,01:35,01:23,EARLY,ONTIME,ONTIME,ONTIME,,,,,,,,,HAN,CXR,DAD,Domestic,VJ,,
2026-03-07|VJ508/VJ511|A537|DAD-HAN-DAD|14:20,2026-03-07,VJ508/VJ511,A537,A321,DAD-HAN-DAD,13:40,14:20,13:40,14:50,14:15,14:49,14:50,15:02,01:10,00:35,ONTIME,ONTIME,DELAY,DELAY,,,,,,,,,HAN,DAD,DAD,Domestic,VJ,,
2026-03-07|VJ939/VJ942|A674|KIX-HAN-TPE|14:25,2026-03-07,VJ939/VJ942,A674,A321,KIX-HAN-TPE,13:05,14:25,13:05,14:25,12:50,14:24,14:25,14:30,01:20,01:35,ONTIME,ONTIME,ONTIME,ONTIME,,,,,,,,,HAN,KIX,TPE,International,VJ,,
2026-03-07|VJ566/VJ1491|A685|HUI-HAN-BMV|14:35,2026-03-07,VJ566/VJ1491,A685,A321,HUI-HAN-BMV,13:05,14:35,13:05,14:35,13:25,14:31,14:32,14:38,01:30,01:07,EARLY,ONTIME,ONTIME,DELAY,,,,,,,,,HAN,HUI,BMV,Domestic,VJ,,
2026-03-07|VJ7707/VJ7707|A549|KHV-HAN-CXR|15:15,2026-03-07,VJ7707/VJ7707,A549,A321,KHV-HAN-CXR,14:45,15:15,14:45,15:15,14:55,15:13,15:15,15:20,00:30,00:20,ONTIME,ONTIME,ONTIME,ONTIME,,,,,,,,,HAN,KHV,CXR,Domestic,VJ,,
2026-03-07|VJ462/VJ433|A655|PQC-HAN-UIH|15:25,2026-03-07,VJ462/VJ433,A655,A320,PQC-HAN-UIH,15:40,15:25,15:40,16:10,15:50,16:09,16:10,16:20,00:30,00:20,ONTIME,ONTIME,DELAY,ONTIME,,,,,,,,,HAN,PQC,UIH,Domestic,VJ,,
2026-03-07|VJ941/VJ1441|A693|TPE-HAN-PQC|15:30,2026-03-07,VJ941/VJ1441,A693,A321,TPE-HAN-PQC,14:10,15:30,14:10,15:30,14:38,15:23,15:24,15:26,01:20,00:46,EARLY,ONTIME,ONTIME,DELAY,,,,,,,,,HAN,TPE,PQC,Domestic,VJ,,
2026-03-07|VJ144/VJ145|A817|SGN-HAN-SGN|15:35,2026-03-07,VJ144/VJ145,A817,A330,SGN-HAN-SGN,14:10,15:35,14:10,15:35,14:28,15:33,15:35,15:40,01:25,01:07,ONTIME,ONTIME,ONTIME,DELAY,,,,,,,,,HAN,SGN,SGN,Domestic,VJ,,
2026-03-07|VJ933/VJ199|A607|NRT-HAN-SGN|15:35,2026-03-07,VJ933/VJ199,A607,A321,NRT-HAN-SGN,13:40,15:35,13:40,15:35,13:20,15:34,15:35,15:36,01:55,02:15,ONTIME,ONTIME,ONTIME,ONTIME,,,,,,,,,HAN,NRT,SGN,Domestic,VJ,,
2026-03-07|VJ921/VJ191|A525|NGO-HAN-SGN|15:55,2026-03-07,VJ921/VJ191,A525,A321,NGO-HAN-SGN,14:00,15:55,14:00,15:55,12:45,15:52,15:54,15:55,01:55,03:09,EARLY,ONTIME,ONTIME,ONTIME,,,,,,,,,HAN,NGO,SGN,Domestic,VJ,,
2026-03-07|VJ961/VJ423|A543|ICN-HAN-PXU|15:55,2026-03-07,VJ961/VJ423,A543,A321,ICN-HAN-PXU,14:10,15:55,14:10,15:55,13:42,15:50,15:51,16:00,01:45,02:09,EARLY,ONTIME,ONTIME,ONTIME,,,,,,,,,HAN,ICN,PXU,Domestic,VJ,,
2026-03-07|VJ198/VJ195|A641|SGN-HAN-SGN|16:00,2026-03-07,VJ198/VJ195,A641,A321,SGN-HAN-SGN,15:10,16:00,15:10,16:00,15:40,16:09,16:10,16:10,00:50,00:30,DELAY,ONTIME,ONTIME,DELAY,,93,00:10,,,,,,HAN,SGN,SGN,Domestic,VJ,,
2026-03-07|VJ906/VJ913|A542|KUL-HAN-SAI|16:20,2026-03-07,VJ906/VJ913,A542,A321,KUL-HAN-SAI,14:55,16:20,14:55,16:20,14:55,16:14,16:15,16:20,01:25,01:20,EARLY,ONTIME,ONTIME,ONTIME,,,,,,,,,HAN,KUL,SAI,International,VJ,,
2026-03-07|VJ516/VJ515|A526|DAD-HAN-DAD|16:25,2026-03-07,VJ516/VJ515,A526,A321,DAD-HAN-DAD,19:35,16:25,19:35,20:10,19:50,20:18,20:20,20:21,00:35,00:30,DELAY,ONTIME,DELAY,ONTIME,,93,00:10,,,,,,HAN,DAD,DAD,Domestic,VJ,,
2026-03-07|VJ460/VJ147|A629|VCA-HAN-SGN|17:10,2026-03-07,VJ460/VJ147,A629,A321,VCA-HAN-SGN,16:30,17:10,16:30,17:10,16:35,17:14,17:15,17:23,00:40,00:40,DELAY,ONTIME,ONTIME,ONTIME,,66,00:05,,,,,CREW OB 1645,HAN,VCA,SGN,Domestic,VJ,,
2026-03-07|VJ134/VJ163|LY-MLI|SGN-HAN-SGN|17:35,2026-03-07,VJ134/VJ163,LY-MLI,A320,SGN-HAN-SGN,17:00,17:35,18:50,19:30,19:25,19:49,19:50,20:13,00:40,00:25,DELAY,DELAY,DELAY,DELAY,,93,00:20,,,,,,HAN,SGN,SGN,Domestic,VJ,,
2026-03-07|VJ784/VJ465|A548|CXR-HAN-VCA|17:35,2026-03-07,VJ784/VJ465,A548,A321,CXR-HAN-VCA,17:10,17:35,17:10,18:00,17:25,17:54,17:55,18:00,00:50,00:30,EARLY,ONTIME,DELAY,ONTIME,,,,,,,,,HAN,CXR,VCA,Domestic,VJ,,
2026-03-07|VJ953/VJ445|A675|HIJ-HAN-PQC|17:40,2026-03-07,VJ953/VJ445,A675,A320,HIJ-HAN-PQC,15:50,17:40,15:50,17:40,16:35,17:36,17:38,17:42,01:50,01:03,EARLY,ONTIME,ONTIME,DELAY,,,,,,,,,HAN,HIJ,PQC,Domestic,VJ,,
2026-03-07|VJ514/VJ783|A580|DAD-HAN-CXR|17:40,2026-03-07,VJ514/VJ783,A580,A321,DAD-HAN-CXR,16:45,17:40,16:45,17:40,17:05,17:59,18:00,18:10,00:55,00:55,DELAY,DELAY,DELAY,DELAY,,95,00:20,,,,,WAIT CREW VJ784 OB 1740,HAN,DAD,CXR,Domestic,VJ,,
2026-03-07|VJ512/VJ779|A537|DAD-HAN-CXR|18:00,2026-03-07,VJ512/VJ779,A537,A321,DAD-HAN-CXR,17:30,18:00,18:10,19:00,18:35,19:04,19:05,19:15,00:50,00:30,DELAY,ONTIME,DELAY,DELAY,,93,00:05,,,,,,HAN,DAD,CXR,Domestic,VJ,,
2026-03-07|VJ194/VJ193|A553|SGN-HAN-SGN|18:10,2026-03-07,VJ194/VJ193,A553,A321,SGN-HAN-SGN,17:30,18:10,17:30,18:10,17:37,18:09,18:10,18:12,00:40,00:33,ONTIME,ONTIME,ONTIME,ONTIME,,,,,,,,,HAN,SGN,SGN,Domestic,VJ,,
2026-03-07|VJ1492/VJ493|A685|BKK-HAN-BMV|18:25,2026-03-07,VJ1492/VJ493,A685,A321,BKK-HAN-BMV,18:35,18:25,18:35,19:10,18:45,19:09,19:10,19:20,00:35,00:25,ONTIME,ONTIME,DELAY,ONTIME,,,,,,,,,HAN,BKK,BMV,Domestic,VJ,,
2026-03-07|VJ916/VJ165|A633|SIN-HAN-SGN|18:30,2026-03-07,VJ916/VJ165,A633,A321,SIN-HAN-SGN,17:25,18:30,17:25,18:30,17:10,18:29,18:30,18:37,01:05,01:20,ONTIME,ONTIME,ONTIME,ONTIME,,,,,,,,,HAN,SIN,SGN,Domestic,VJ,,
2026-03-07|VJ446/VJ1925|A676|PQC-HAN-AMD|19:00,2026-03-07,VJ446/VJ1925,A676,A320,PQC-HAN-AMD,17:10,19:00,17:10,19:00,17:25,18:51,18:52,18:54,01:50,01:27,EARLY,ONTIME,ONTIME,ONTIME,,,,,,,,,HAN,PQC,AMD,International,VJ,,
2026-03-07|VJ902/VJ517|A687|BKK-HAN-DAD|19:05,2026-03-07,VJ902/VJ517,A687,A321,BKK-HAN-DAD,17:00,19:05,17:10,19:05,17:55,19:04,19:05,19:20,01:55,01:10,ONTIME,ONTIME,ONTIME,DELAY,,,,,,,,,HAN,BKK,DAD,Domestic,VJ,,
2026-03-07|VJ971|A811|HAN-DEL|19:10,2026-03-07,VJ971,A811,A330,HAN-DEL,,19:10,,19:10,,19:08,19:10,19:15,,,ONTIME,ONTIME,ONTIME,,,,,,,,,,HAN,,DEL,International,VJ,,
2026-03-07|VJ957/VJ569|A689|PUS-HAN-HUI|19:15,2026-03-07,VJ957/VJ569,A689,A320,PUS-HAN-HUI,17:20,19:15,17:50,19:15,17:55,19:14,19:15,19:25,01:25,01:20,ONTIME,ONTIME,ONTIME,DELAY,,,,,,,,,HAN,PUS,HUI,Domestic,VJ,,
2026-03-07|VJ947/VJ173|A697|KHH-HAN-SGN|19:30,2026-03-07,VJ947/VJ173,A697,A321,KHH-HAN-SGN,18:05,19:30,18:05,19:30,17:35,19:29,19:30,19:45,01:25,01:55,ONTIME,ONTIME,ONTIME,ONTIME,,,,,,,,,HAN,KHH,SGN,Domestic,VJ,,
2026-03-07|VJ520/VJ519|A639|DAD-HAN-DAD|19:45,2026-03-07,VJ520/VJ519,A639,A321,DAD-HAN-DAD,22:55,19:45,22:55,23:30,22:55,23:14,23:15,23:20,00:35,00:20,EARLY,ONTIME,DELAY,ONTIME,,,,,,,,,HAN,DAD,DAD,Domestic,VJ,,
2026-03-07|VJ152/VJ155|A642|SGN-HAN-SGN|20:05,2026-03-07,VJ152/VJ155,A642,A321,SGN-HAN-SGN,19:15,20:05,19:15,20:05,19:05,19:59,20:00,20:10,00:50,00:55,EARLY,ONTIME,ONTIME,ONTIME,,,,,,,,,HAN,SGN,SGN,Domestic,VJ,,
2026-03-07|VJ432/VJ7712|A669|UIH-HAN-PKX|20:05,2026-03-07,VJ432/VJ7712,A669,A320,UIH-HAN-PKX,19:10,20:05,19:55,21:40,20:45,21:34,21:35,21:38,01:45,00:50,EARLY,ONTIME,DELAY,DELAY,,,,,,,,,HAN,UIH,PKX,International,VJ,,
2026-03-07|VJ424/VJ501|A543|PXU-HAN-DAD|20:15,2026-03-07,VJ424/VJ501,A543,A321,PXU-HAN-DAD,19:35,20:15,19:35,20:15,19:35,20:14,20:15,20:45,00:40,00:40,ONTIME,ONTIME,DELAY,ONTIME,,,,,,,,,HAN,PXU,DAD,Domestic,VJ,,
2026-03-07|VJ172/VJ521|A657|SGN-HAN-DAD|20:50,2026-03-07,VJ172/VJ521,A657,A321,SGN-HAN-DAD,18:55,20:50,18:55,20:50,19:08,20:49,20:50,21:05,01:55,01:42,ONTIME,ONTIME,ONTIME,ONTIME,,,,,,,,,HAN,SGN,DAD,Domestic,VJ,,
2026-03-07|VJ928/VJ7238|A656|CGK-HAN-PVG|21:30,2026-03-07,VJ928/VJ7238,A656,A320,CGK-HAN-PVG,18:15,21:30,21:00,22:10,21:15,22:09,22:10,22:13,01:10,00:55,ONTIME,ONTIME,DELAY,DELAY,,,,,,,,,HAN,CGK,PVG,International,VJ,,
2026-03-07|VJ949/VJ123|A683|RMQ-HAN-SGN|22:10,2026-03-07,VJ949/VJ123,A683,A321,RMQ-HAN-SGN,19:50,22:10,19:50,22:10,19:55,22:04,22:05,22:10,02:20,02:10,EARLY,ONTIME,ONTIME,ONTIME,,,,,,,,,HAN,RMQ,SGN,Domestic,VJ,,
2026-03-07|VJ568/VJ523|A699|HUI-HAN-DAD|22:45,2026-03-07,VJ568/VJ523,A699,A320,HUI-HAN-DAD,22:15,22:45,22:15,22:45,22:50,23:13,23:14,23:15,00:30,00:24,DELAY,DELAY,DELAY,DELAY,,93,00:29,,,,,,HAN,HUI,DAD,Domestic,VJ,,
2026-03-07|VJ998/VJ962|A545|DPS-HAN-ICN|22:50,2026-03-07,VJ998/VJ962,A545,A321,DPS-HAN-ICN,21:35,22:50,21:35,22:50,21:35,22:49,22:50,23:05,01:15,01:15,ONTIME,ONTIME,ONTIME,ONTIME,,,,,,,,,HAN,DPS,ICN,International,VJ,,
2026-03-07|VJ196/VJ171|A532|SGN-HAN-SGN|23:25,2026-03-07,VJ196/VJ171,A532,A321,SGN-HAN-SGN,21:20,23:25,21:20,23:25,21:38,23:19,23:20,23:28,02:05,01:42,EARLY,ONTIME,ONTIME,DELAY,,,,,,,,,HAN,SGN,SGN,Domestic,VJ,,
2026-03-07|VJ156/VJ159|A649|SGN-HAN-SGN|23:40,2026-03-07,VJ156/VJ159,A649,A321,SGN-HAN-SGN,23:10,23:40,23:10,23:40,23:10,23:39,23:40,23:54,00:30,00:30,ONTIME,ONTIME,ONTIME,ONTIME,,,,,,,,,HAN,SGN,SGN,Domestic,VJ,,
2026-03-07|VJ190/VJ7526|A641|SGN-HAN-CAN|23:40,2026-03-07,VJ190/VJ7526,A641,A321,SGN-HAN-CAN,22:00,23:40,22:00,23:40,21:50,23:38,23:40,23:41,01:40,01:50,ONTIME,ONTIME,ONTIME,ONTIME,,,,,,,,,HAN,SGN,CAN,International,VJ,,
2026-03-08|VJ932|A817|HAN-NRT|00:55,2026-03-08,VJ932,A817,A330,HAN-NRT,,00:55,,00:55,,00:54,00:55,01:10,,,ONTIME,ONTIME,ONTIME,,,,,,,,,,HAN,,NRT,International,VJ,,
2026-03-08|VJ982|A629|HAN-PUS|01:00,2026-03-08,VJ982,A629,A321,HAN-PUS,,01:00,,01:00,,00:54,00:55,01:00,,,EARLY,ONTIME,ONTIME,,,,,,,,,,HAN,,PUS,International,VJ,,
2026-03-08|VJ7704/VJ7704|A549|CXR-HAN-VVO|01:00,2026-03-08,VJ7704/VJ7704,A549,A321,CXR-HAN-VVO,00:30,01:00,01:20,01:40,01:05,01:39,01:40,01:47,00:20,00:35,ONTIME,ONTIME,DELAY,DELAY,,,,,,,,,HAN,CXR,VVO,International,VJ,,
2026-03-08|VJ920|A674|HAN-NGO|01:35,2026-03-08,VJ920,A674,A321,HAN-NGO,,01:35,,01:35,,01:31,01:33,01:38,,,EARLY,ONTIME,ONTIME,,,,,,,,,,HAN,,NGO,International,VJ,,
2026-03-08|VJ938|A554|HAN-KIX|01:40,2026-03-08,VJ938,A554,A321,HAN-KIX,,01:40,,01:40,,01:39,01:40,01:44,,,ONTIME,ONTIME,ONTIME,,,,,,,,,,HAN,,KIX,International,VJ,,
2026-03-08|VJ960|A578|HAN-ICN|01:45,2026-03-08,VJ960,A578,A321,HAN-ICN,,01:45,,01:45,,01:41,01:42,01:44,,,EARLY,ONTIME,ONTIME,,,,,,,,,,HAN,,ICN,International,VJ,,
2026-03-08|VJ958|A684|HAN-FUK|02:05,2026-03-08,VJ958,A684,A321,HAN-FUK,,02:05,,02:05,,02:01,02:02,02:04,,,EARLY,ONTIME,ONTIME,,,,,,,,,,HAN,,FUK,International,VJ,,
2026-03-08|VJ179|A657|HAN-SGN|05:00,2026-03-08,VJ179,A657,A321,HAN-SGN,,05:00,,05:00,,04:54,04:55,05:05,,,EARLY,ONTIME,ONTIME,,,,,,,,,,HAN,,SGN,Domestic,VJ,,
2026-03-08|VJ509|A542|HAN-DAD|05:25,2026-03-08,VJ509,A542,A321,HAN-DAD,,05:25,,05:25,,05:08,05:10,05:20,,,EARLY,ONTIME,ONTIME,,,,,,,,,,HAN,,DAD,Domestic,VJ,,
2026-03-08|VJ443|A687|HAN-PQC|06:00,2026-03-08,VJ443,A687,A321,HAN-PQC,,06:00,,06:00,,05:49,05:50,06:00,,,EARLY,ONTIME,ONTIME,,,,,,,,,,HAN,,PQC,Domestic,VJ,,
2026-03-08|VJ503|A552|HAN-DAD|06:00,2026-03-08,VJ503,A552,A321,HAN-DAD,,06:00,,06:00,,05:54,05:55,06:10,,,EARLY,ONTIME,ONTIME,,,,,,,,,,HAN,,DAD,Domestic,VJ,,
2026-03-08|VJ491|A685|HAN-BMV|06:00,2026-03-08,VJ491,A685,A321,HAN-BMV,,06:00,,06:00,,05:54,05:55,06:05,,,EARLY,ONTIME,ONTIME,,,,,,,,,,HAN,,BMV,Domestic,VJ,,
2026-03-08|VJ7527/VJ421|A641|CAN-HAN-PXU|06:05,2026-03-08,VJ7527/VJ421,A641,A321,CAN-HAN-PXU,04:35,06:05,04:35,06:05,04:13,05:59,06:00,06:05,01:30,01:47,EARLY,ONTIME,ONTIME,ONTIME,,,,,,,,,HAN,CAN,PXU,Domestic,VJ,,
2026-03-08|VJ7713/VJ461|A669|PKX-HAN-VCA|06:30,2026-03-08,VJ7713/VJ461,A669,A320,PKX-HAN-VCA,05:35,06:30,05:35,06:30,05:50,06:24,06:25,06:33,00:55,00:35,EARLY,ONTIME,ONTIME,ONTIME,,,,,,,,,HAN,PKX,VCA,Domestic,VJ,,
2026-03-08|VJ7239/VJ952|A656|PVG-HAN-HIJ|06:35,2026-03-08,VJ7239/VJ952,A656,A320,PVG-HAN-HIJ,05:40,06:35,05:40,06:35,05:32,06:29,06:30,06:37,00:55,00:58,EARLY,ONTIME,ONTIME,ONTIME,,,,,,,,,HAN,PVG,HIJ,International,VJ,,
2026-03-08|VJ105|652G|HAN-VCS|06:45,2026-03-08,VJ105,652G,C909,HAN-VCS,,06:45,,06:45,,06:39,06:40,06:42,,,EARLY,ONTIME,ONTIME,,,,,,,,,,HAN,,VCS,Domestic,VJ,,
2026-03-08|VJ181|A699|HAN-SGN|06:55,2026-03-08,VJ181,A699,A320,HAN-SGN,,06:55,,06:55,,06:44,06:45,06:50,,,EARLY,ONTIME,ONTIME,,,,,,,,,,HAN,,SGN,Domestic,VJ,,
2026-03-08|VJ905|A548|HAN-KUL|07:10,2026-03-08,VJ905,A548,A321,HAN-KUL,,07:10,,07:10,,07:04,07:05,07:15,,,EARLY,ONTIME,ONTIME,,,,,,,,,,HAN,,KUL,International,VJ,,
2026-03-08|VJ1926/VJ956|A676|AMD-HAN-PUS|07:30,2026-03-08,VJ1926/VJ956,A676,A320,AMD-HAN-PUS,06:20,07:30,06:20,07:30,05:20,07:29,07:30,07:42,01:10,02:10,ONTIME,ONTIME,ONTIME,ONTIME,,,,,,,,,HAN,AMD,PUS,International,VJ,,
2026-03-08|VJ940|A575|HAN-TPE|07:35,2026-03-08,VJ940,A575,A321,HAN-TPE,,07:35,,07:35,,07:39,07:40,07:50,,,DELAY,ONTIME,ONTIME,,,87,00:05,,,,,STUCK AT IMMI,HAN,,TPE,International,VJ,,
2026-03-08|VJ502/VJ431|A689|DAD-HAN-UIH|07:40,2026-03-08,VJ502/VJ431,A689,A320,DAD-HAN-UIH,07:05,07:40,07:05,07:40,06:55,07:39,07:40,07:47,00:35,00:45,ONTIME,ONTIME,ONTIME,ONTIME,,,,,,,,,HAN,DAD,UIH,Domestic,VJ,,
2026-03-08|VJ107|656E|HAN-VCS|08:15,2026-03-08,VJ107,656E,C909,HAN-VCS,,08:15,,08:15,,08:05,08:07,08:09,,,EARLY,ONTIME,ONTIME,,,,,,,,,,HAN,,VCS,Domestic,VJ,,
2026-03-08|VJ524/VJ771|A639|DAD-HAN-CXR|08:15,2026-03-08,VJ524/VJ771,A639,A321,DAD-HAN-CXR,07:40,08:15,07:40,08:15,07:42,08:11,08:12,08:15,00:35,00:30,EARLY,ONTIME,ONTIME,ONTIME,,,,,,,,,HAN,DAD,CXR,Domestic,VJ,,
2026-03-08|VJ930|A524|HAN-KIX|08:20,2026-03-08,VJ930,A524,A321,HAN-KIX,,08:20,,08:20,,08:19,08:20,08:30,,,ONTIME,ONTIME,ONTIME,,,,,,,,,,HAN,,KIX,International,VJ,,
2026-03-08|VJ934|A653|HAN-NRT|08:20,2026-03-08,VJ934,A653,A321,HAN-NRT,,08:20,,08:20,,08:19,08:20,08:35,,,ONTIME,ONTIME,ONTIME,,,,,,,,,,HAN,,NRT,International,VJ,,
2026-03-08|VJ122/VJ125|A532|SGN-HAN-SGN|08:40,2026-03-08,VJ122/VJ125,A532,A321,SGN-HAN-SGN,07:30,08:40,07:30,08:40,07:15,08:28,08:29,08:45,01:10,01:14,EARLY,ONTIME,ONTIME,ONTIME,,,,,,,,,HAN,SGN,SGN,Domestic,VJ,,
2026-03-08|VJ124/VJ929|A658|SGN-HAN-CGK|08:40,2026-03-08,VJ124/VJ929,A658,A320,SGN-HAN-CGK,07:50,08:40,07:50,08:40,07:42,08:39,08:40,08:50,00:50,00:58,ONTIME,ONTIME,ONTIME,ONTIME,,,,,,,,,HAN,SGN,CGK,International,VJ,,
2026-03-08|VJ126/VJ127|A522|SGN-HAN-SGN|08:55,2026-03-08,VJ126/VJ127,A522,A321,SGN-HAN-SGN,08:25,08:55,08:25,08:55,08:50,09:19,09:20,09:39,00:30,00:30,DELAY,DELAY,DELAY,DELAY,,93,00:25,,,,,,HAN,SGN,SGN,Domestic,VJ,,
2026-03-08|VJ972/VJ773|A811|DEL-HAN-CXR|09:00,2026-03-08,VJ972/VJ773,A811,A330,DEL-HAN-CXR,05:35,09:00,05:35,09:00,05:45,08:59,09:00,09:08,03:25,03:15,ONTIME,ONTIME,ONTIME,ONTIME,,,,,,,,,HAN,DEL,CXR,Domestic,VJ,,
2026-03-08|VJ510/VJ915|A542|DAD-HAN-SIN|09:35,2026-03-08,VJ510/VJ915,A542,A321,DAD-HAN-SIN,08:35,09:35,08:35,09:35,08:37,09:34,09:35,09:38,01:00,00:58,ONTIME,ONTIME,ONTIME,ONTIME,,,,,,,,,HAN,DAD,SIN,International,VJ,,
2026-03-08|VJ504/VJ997|A552|DAD-HAN-DPS|10:00,2026-03-08,VJ504/VJ997,A552,A321,DAD-HAN-DPS,09:00,10:00,09:00,10:30,09:32,10:26,10:27,10:30,01:30,00:55,EARLY,ONTIME,DELAY,DELAY,,,,,,,,,HAN,DAD,DPS,International,VJ,,
2026-03-08|VJ148/VJ149|-NVG|SGN-HAN-SGN|10:05,2026-03-08,VJ148/VJ149,-NVG,A320,SGN-HAN-SGN,09:30,10:05,09:30,10:05,09:55,10:19,10:20,10:30,00:35,00:25,DELAY,ONTIME,DELAY,DELAY,,93,00:15,,,,,,HAN,SGN,SGN,Domestic,VJ,,
2026-03-08|VJ963/VJ567|A545|ICN-HAN-HUI|10:10,2026-03-08,VJ963/VJ567,A545,A321,ICN-HAN-HUI,09:30,10:10,09:30,10:10,08:55,10:09,10:10,10:20,00:40,01:15,ONTIME,ONTIME,ONTIME,ONTIME,,,,,,,,,HAN,ICN,HUI,Domestic,VJ,,
2026-03-08|VJ492/VJ507|A685|BMV-HAN-DAD|10:30,2026-03-08,VJ492/VJ507,A685,A321,BMV-HAN-DAD,10:00,10:30,10:00,10:30,10:15,10:44,10:45,10:54,00:30,00:30,DELAY,ONTIME,DELAY,ONTIME,,93,00:15,,,,,,HAN,BMV,DAD,Domestic,VJ,,
2026-03-08|VJ422/VJ463|A641|PXU-HAN-VCA|10:30,2026-03-08,VJ422/VJ463,A641,A321,PXU-HAN-VCA,09:40,10:30,09:40,10:30,09:35,10:18,10:20,10:28,00:50,00:45,EARLY,ONTIME,ONTIME,ONTIME,,,,,,,,,HAN,PXU,VCA,Domestic,VJ,,
2026-03-08|VJ939/VJ135|A554|KIX-HAN-SGN|11:10,2026-03-08,VJ939/VJ135,A554,A321,KIX-HAN-SGN,13:05,11:10,13:05,13:20,12:30,13:19,13:20,13:24,00:15,00:50,ONTIME,ONTIME,DELAY,ONTIME,,,,,,,,,HAN,KIX,SGN,Domestic,VJ,,
2026-03-08|VJ184/VJ129|A551|SGN-HAN-SGN|11:25,2026-03-08,VJ184/VJ129,A551,A321,SGN-HAN-SGN,10:25,11:25,10:25,11:25,10:45,11:24,11:25,11:29,01:00,00:40,ONTIME,ONTIME,ONTIME,DELAY,,,,,,,,,HAN,SGN,SGN,Domestic,VJ,,
2026-03-08|VJ132/VJ137|A663|SGN-HAN-SGN|11:40,2026-03-08,VJ132/VJ137,A663,A320,SGN-HAN-SGN,11:10,11:40,11:10,11:40,11:45,12:09,12:10,12:20,00:30,00:25,DELAY,DELAY,DELAY,DELAY,,93,00:30,,,,,,HAN,SGN,SGN,Domestic,VJ,,
2026-03-08|VJ442/VJ946|A687|PQC-HAN-KHH|11:45,2026-03-08,VJ442/VJ946,A687,A321,PQC-HAN-KHH,10:45,11:45,10:45,11:45,10:50,11:54,11:55,12:05,01:00,01:05,DELAY,ONTIME,DELAY,ONTIME,,15A,00:10,,,,,OFFLOAD 01PAX 02 BAGS,HAN,PQC,KHH,International,VJ,,
2026-03-08|VJ981/VJ901|A629|PUS-HAN-BKK|12:15,2026-03-08,VJ981/VJ901,A629,A321,PUS-HAN-BKK,11:00,12:15,11:00,12:15,10:40,12:14,12:15,12:18,01:15,01:35,ONTIME,ONTIME,ONTIME,ONTIME,,,,,,,,,HAN,PUS,BKK,International,VJ,,
2026-03-08|VJ430/VJ441|A689|UIH-HAN-PQC|12:25,2026-03-08,VJ430/VJ441,A689,A320,UIH-HAN-PQC,11:25,12:25,11:25,12:25,11:45,12:24,12:25,12:39,01:00,00:40,ONTIME,ONTIME,ONTIME,DELAY,,,,,,,,,HAN,UIH,PQC,Domestic,VJ,,
2026-03-08|VJ770/VJ781|A639|CXR-HAN-CXR|13:15,2026-03-08,VJ770/VJ781,A639,A321,CXR-HAN-CXR,12:25,13:15,12:25,13:15,12:45,13:19,13:20,13:28,00:50,00:35,DELAY,ONTIME,ONTIME,DELAY,,95,00:05,,,,,WAIT CREW FR VJ780 OB 1256,HAN,CXR,CXR,Domestic,VJ,,
2026-03-08|VJ7705/VJ7705|A549|VVO-HAN-CXR|13:30,2026-03-08,VJ7705/VJ7705,A549,A321,VVO-HAN-CXR,13:00,13:30,13:00,14:50,13:55,14:17,14:19,14:28,01:50,00:24,EARLY,ONTIME,DELAY,DELAY,,,,,,,,,HAN,VVO,CXR,Domestic,VJ,,
2026-03-08|VJ959/VJ948|A684|FUK-HAN-RMQ|13:30,2026-03-08,VJ959/VJ948,A684,A321,FUK-HAN-RMQ,12:25,13:30,12:25,13:30,11:50,13:26,13:27,13:29,01:05,01:37,EARLY,ONTIME,ONTIME,ONTIME,,,,,,,,,HAN,FUK,RMQ,International,VJ,,
2026-03-08|VJ780/VJ513|A644|CXR-HAN-DAD|13:35,2026-03-08,VJ780/VJ513,A644,A321,CXR-HAN-DAD,12:30,13:35,12:30,13:35,12:40,13:34,13:35,13:42,01:05,00:55,ONTIME,ONTIME,ONTIME,ONTIME,,,,,,,,,HAN,CXR,DAD,Domestic,VJ,,
2026-03-08|VJ512/VJ511|A683|DAD-HAN-DAD|14:20,2026-03-08,VJ512/VJ511,A683,A321,DAD-HAN-DAD,13:40,14:20,13:40,17:50,17:15,17:49,17:50,17:54,04:10,00:35,ONTIME,ONTIME,DELAY,DELAY,,,,,,,,,HAN,DAD,DAD,Domestic,VJ,,
2026-03-08|VJ939/VJ942|A554|KIX-HAN-TPE|14:25,2026-03-08,VJ939/VJ942,A554,A321,KIX-HAN-TPE,13:05,14:25,13:05,14:25,12:40,14:24,14:25,14:27,01:20,01:45,ONTIME,ONTIME,ONTIME,ONTIME,,,,,,,,,HAN,KIX,TPE,International,VJ,,
2026-03-08|VJ566/VJ1491|A552|HUI-HAN-BMV|14:35,2026-03-08,VJ566/VJ1491,A552,A321,HUI-HAN-BMV,13:05,14:35,13:05,14:35,13:43,14:34,14:35,14:44,01:30,00:52,ONTIME,ONTIME,ONTIME,DELAY,,,,,,,,,HAN,HUI,BMV,Domestic,VJ,,
2026-03-08|VJ188/VJ151|-NVE|SGN-HAN-SGN|14:55,2026-03-08,VJ188/VJ151,-NVE,A320,SGN-HAN-SGN,14:20,14:55,14:20,14:55,14:50,15:14,15:15,15:25,00:35,00:25,DELAY,DELAY,DELAY,DELAY,,93,00:20,,,,,,HAN,SGN,SGN,Domestic,VJ,,
2026-03-08|VJ138/VJ153|A642|SGN-HAN-SGN|15:10,2026-03-08,VJ138/VJ153,A642,A321,SGN-HAN-SGN,14:40,15:10,14:40,15:10,15:25,15:54,15:55,16:18,00:30,00:30,DELAY,DELAY,DELAY,DELAY,,93,00:45,,,,,,HAN,SGN,SGN,Domestic,VJ,,
2026-03-08|VJ440/VJ433|A675|PQC-HAN-UIH|15:25,2026-03-08,VJ440/VJ433,A675,A320,PQC-HAN-UIH,12:05,15:25,12:05,15:25,12:15,15:24,15:25,15:31,03:20,03:10,ONTIME,ONTIME,ONTIME,ONTIME,,,,,,,,,HAN,PQC,UIH,Domestic,VJ,,
2026-03-08|VJ508/VJ1441|A685|DAD-HAN-PQC|15:30,2026-03-08,VJ508/VJ1441,A685,A321,DAD-HAN-PQC,13:40,15:30,13:40,15:30,14:45,15:29,15:30,15:44,01:50,00:45,ONTIME,ONTIME,ONTIME,DELAY,,,,,,,,,HAN,DAD,PQC,Domestic,VJ,,
2026-03-08|VJ941/VJ145|A575|TPE-HAN-SGN|15:35,2026-03-08,VJ941/VJ145,A575,A321,TPE-HAN-SGN,14:10,15:35,14:10,15:35,14:55,16:24,16:25,16:54,01:25,01:30,DELAY,DELAY,DELAY,DELAY,,95,00:50,,,,,CREW 144 OB 1600,HAN,TPE,SGN,Domestic,VJ,,
2026-03-08|VJ144/VJ199|A522|SGN-HAN-SGN|15:35,2026-03-08,VJ144/VJ199,A522,A321,SGN-HAN-SGN,14:10,15:35,14:10,16:20,15:40,16:24,16:25,16:47,02:10,00:45,DELAY,ONTIME,DELAY,DELAY,,89,00:05,,,,,VIP FLIGHT,HAN,SGN,SGN,Domestic,VJ,,
2026-03-08|VJ906/VJ903|A548|KUL-HAN-BKK|15:50,2026-03-08,VJ906/VJ903,A548,A321,KUL-HAN-BKK,14:55,15:50,14:55,15:50,14:40,15:47,15:48,15:59,00:55,01:08,EARLY,ONTIME,ONTIME,ONTIME,,,,,,,,,HAN,KUL,BKK,International,VJ,,
2026-03-08|VJ198/VJ191|A532|SGN-HAN-SGN|15:55,2026-03-08,VJ198/VJ191,A532,A321,SGN-HAN-SGN,15:20,15:55,15:20,15:55,15:15,15:54,15:55,16:02,00:35,00:40,ONTIME,ONTIME,ONTIME,ONTIME,,,,,,,,,HAN,SGN,SGN,Domestic,VJ,,
2026-03-08|VJ460/VJ423|A641|VCA-HAN-PXU|15:55,2026-03-08,VJ460/VJ423,A641,A321,VCA-HAN-PXU,15:20,15:55,15:20,15:55,15:30,16:04,16:05,16:25,00:35,00:35,DELAY,ONTIME,DELAY,ONTIME,,93,00:05,66,00:05,,,CREW HN OB 1535,HAN,VCA,PXU,Domestic,VJ,,
2026-03-08|VJ933/VJ195|A817|NRT-HAN-SGN|16:00,2026-03-08,VJ933/VJ195,A817,A330,NRT-HAN-SGN,14:00,16:00,14:00,16:00,13:35,15:59,16:00,16:10,02:00,02:25,ONTIME,ONTIME,ONTIME,ONTIME,,,,,,,,,HAN,NRT,SGN,Domestic,VJ,,
2026-03-08|VJ961/VJ913|A578|ICN-HAN-SAI|16:20,2026-03-08,VJ961/VJ913,A578,A321,ICN-HAN-SAI,14:10,16:20,14:10,16:20,13:45,16:19,16:20,16:50,02:10,02:35,ONTIME,ONTIME,DELAY,ONTIME,,,,,,,,,HAN,ICN,SAI,International,VJ,,
2026-03-08|VJ953/VJ515|A656|HIJ-HAN-DAD|16:25,2026-03-08,VJ953/VJ515,A656,A320,HIJ-HAN-DAD,16:20,16:25,16:20,17:10,16:50,17:14,17:15,17:26,00:50,00:25,DELAY,ONTIME,DELAY,DELAY,,93,00:05,,,,,,HAN,HIJ,DAD,Domestic,VJ,,
2026-03-08|VJ514/VJ465|A644|DAD-HAN-VCA|17:25,2026-03-08,VJ514/VJ465,A644,A321,DAD-HAN-VCA,16:45,17:25,16:45,18:00,17:25,17:52,17:53,17:55,01:15,00:28,EARLY,ONTIME,DELAY,DELAY,,,,,,,,,HAN,DAD,VCA,Domestic,VJ,,
2026-03-08|VJ134/VJ163|-MLI|SGN-HAN-SGN|17:30,2026-03-08,VJ134/VJ163,-MLI,A320,SGN-HAN-SGN,17:00,17:30,17:00,18:20,17:30,18:14,18:15,18:19,01:20,00:45,EARLY,ONTIME,DELAY,DELAY,,,,,,,,,HAN,SGN,SGN,Domestic,VJ,,
2026-03-08|VJ172/VJ177|A814|SGN-HAN-SGN|17:45,2026-03-08,VJ172/VJ177,A814,A330,SGN-HAN-SGN,16:45,17:45,16:45,17:45,16:50,17:44,17:45,17:52,01:00,00:55,ONTIME,ONTIME,ONTIME,ONTIME,,,,,,,,,HAN,SGN,SGN,Domestic,VJ,,
2026-03-08|VJ949/VJ779|A684|RMQ-HAN-CXR|18:00,2026-03-08,VJ949/VJ779,A684,A321,RMQ-HAN-CXR,19:50,18:00,19:50,20:30,20:00,20:34,20:35,20:40,00:40,00:35,DELAY,ONTIME,DELAY,ONTIME,,66,00:05,,,,,CREW HN OB 2005,HAN,RMQ,CXR,Domestic,VJ,,
2026-03-08|VJ462/VJ445|A669|VCA-HAN-PQC|18:00,2026-03-08,VJ462/VJ445,A669,A320,VCA-HAN-PQC,16:00,18:00,16:00,18:00,16:20,17:57,17:58,18:05,02:00,01:38,EARLY,ONTIME,ONTIME,DELAY,,,,,,,,,HAN,VCA,PQC,Domestic,VJ,,
2026-03-08|VJ902/VJ193|A629|BKK-HAN-SGN|18:10,2026-03-08,VJ902/VJ193,A629,A321,BKK-HAN-SGN,17:00,18:10,17:00,18:10,17:25,18:24,18:25,18:40,01:10,01:00,DELAY,ONTIME,DELAY,DELAY,,95,00:15,,,,,CREW 194 OB 1755,HAN,BKK,SGN,Domestic,VJ,,
2026-03-08|VJ916/VJ493|A542|SIN-HAN-BMV|18:25,2026-03-08,VJ916/VJ493,A542,A321,SIN-HAN-BMV,17:25,18:25,17:25,18:25,17:10,18:15,18:16,18:25,01:00,01:06,EARLY,ONTIME,ONTIME,ONTIME,,,,,,,,,HAN,SIN,BMV,Domestic,VJ,,
2026-03-08|VJ957/VJ165|A676|PUS-HAN-SGN|18:30,2026-03-08,VJ957/VJ165,A676,A320,PUS-HAN-SGN,17:20,18:30,17:20,18:30,17:00,18:24,18:25,18:30,01:10,01:25,EARLY,ONTIME,ONTIME,ONTIME,,,,,,,,,HAN,PUS,SGN,Domestic,VJ,,
2026-03-08|VJ446/VJ1925|A655|PQC-HAN-AMD|19:00,2026-03-08,VJ446/VJ1925,A655,A320,PQC-HAN-AMD,17:10,19:00,17:10,19:00,17:17,18:48,18:50,18:55,01:50,01:33,EARLY,ONTIME,ONTIME,ONTIME,,,,,,,,,HAN,PQC,AMD,International,VJ,,
2026-03-08|VJ947/VJ517|A687|KHH-HAN-DAD|19:05,2026-03-08,VJ947/VJ517,A687,A321,KHH-HAN-DAD,17:00,19:05,17:00,19:05,18:05,19:04,19:05,19:12,02:05,01:00,ONTIME,ONTIME,ONTIME,DELAY,,,,,,,,,HAN,KHH,DAD,Domestic,VJ,,
2026-03-08|VJ173|A544|HAN-SGN|19:05,2026-03-08,VJ173,A544,A321,HAN-SGN,,19:05,,19:05,,19:00,19:02,19:05,,,EARLY,ONTIME,ONTIME,,,,,,,,,,HAN,,SGN,Domestic,VJ,,
2026-03-08|VJ953/VJ569|A656|HIJ-HAN-HUI|19:15,2026-03-08,VJ953/VJ569,A656,A320,HIJ-HAN-HUI,16:20,19:15,18:15,19:50,19:10,19:46,19:47,19:55,01:35,00:37,EARLY,ONTIME,DELAY,DELAY,,,,,,,,,HAN,HIJ,HUI,Domestic,VJ,,
2026-03-08|VJ1492/VJ519|A545|BMV-HAN-DAD|19:45,2026-03-08,VJ1492/VJ519,A545,A321,BMV-HAN-DAD,18:35,19:45,18:35,19:45,18:45,19:44,19:45,19:52,01:10,01:00,ONTIME,ONTIME,ONTIME,ONTIME,,,,,,,,,HAN,BMV,DAD,Domestic,VJ,,
2026-03-08|VJ432/VJ501|A675|UIH-HAN-DAD|20:15,2026-03-08,VJ432/VJ501,A675,A320,UIH-HAN-DAD,19:10,20:15,19:10,20:15,19:30,19:59,20:00,20:11,01:05,00:30,EARLY,ONTIME,ONTIME,DELAY,,,,,,,,,HAN,UIH,DAD,Domestic,VJ,,
2026-03-08|VJ424/VJ521|A641|PXU-HAN-DAD|20:50,2026-03-08,VJ424/VJ521,A641,A321,PXU-HAN-DAD,19:35,20:50,19:35,20:50,20:45,21:09,21:10,21:15,01:15,00:25,DELAY,DELAY,DELAY,DELAY,,93,00:20,,,,,,HAN,PXU,DAD,Domestic,VJ,,
2026-03-08|VJ160/VJ161|A575|SGN-HAN-SGN|21:50,2026-03-08,VJ160/VJ161,A575,A321,SGN-HAN-SGN,21:15,21:50,21:15,21:50,21:50,22:19,22:20,22:35,00:35,00:30,DELAY,DELAY,DELAY,DELAY,,93,00:30,,,,,,HAN,SGN,SGN,Domestic,VJ,,
2026-03-08|VJ914/VJ123|A578|SAI-HAN-SGN|22:10,2026-03-08,VJ914/VJ123,A578,A321,SAI-HAN-SGN,20:50,22:10,20:50,22:10,21:20,22:19,22:20,22:32,01:20,01:00,DELAY,ONTIME,DELAY,DELAY,,99,00:10,,,,,OFFLOAD 01 CREW,HAN,SAI,SGN,Domestic,VJ,,
2026-03-08|VJ464/VJ523|A644|VCA-HAN-DAD|22:45,2026-03-08,VJ464/VJ523,A644,A321,VCA-HAN-DAD,22:15,22:45,22:50,23:30,22:55,23:29,23:30,23:35,00:40,00:35,ONTIME,ONTIME,DELAY,DELAY,,,,,,,,,HAN,VCA,DAD,Domestic,VJ,,
2026-03-08|VJ158/VJ962|A554|SGN-HAN-ICN|22:50,2026-03-08,VJ158/VJ962,A554,A321,SGN-HAN-ICN,20:55,22:50,20:55,22:50,20:35,22:54,22:55,23:05,01:55,02:20,DELAY,ONTIME,ONTIME,ONTIME,,99,00:05,,,,,LATE ACC 13 PAX 17BAG,HAN,SGN,ICN,International,VJ,,
2026-03-08|VJ1440/VJ7526|A685|PQC-HAN-CAN|23:40,2026-03-08,VJ1440/VJ7526,A685,A321,PQC-HAN-CAN,21:35,23:40,21:35,23:40,20:45,23:39,23:40,23:50,02:05,02:55,ONTIME,ONTIME,ONTIME,ONTIME,,,,,,,,,HAN,PQC,CAN,International,VJ,,
2026-03-08|VJ180/VJ171|A812|SGN-HAN-SGN|00:05,2026-03-08,VJ180/VJ171,A812,A330,SGN-HAN-SGN,23:05,00:05,23:05,00:05,23:25,00:09,00:10,"1 day, 0:20:00",01:00,00:45,DELAY,DELAY,DELAY,DELAY,,93,00:05,,,,,,HAN,SGN,SGN,Domestic,VJ,,
2026-03-09|VJ3525/VJ3525|A516|PQC-HAN-BQS|00:30,2026-03-09,VJ3525/VJ3525,A516,A321,PQC-HAN-BQS,00:00,00:30,00:00,00:30,23:40,00:12,00:13,00:22,00:30,00:33,EARLY,ONTIME,ONTIME,DELAY,,,,,,,,,HAN,PQC,BQS,International,VJ,,
2026-03-09|VJ932|A815|HAN-NRT|00:55,2026-03-09,VJ932,A815,A330,HAN-NRT,,00:55,,00:55,,00:54,00:55,01:05,,,ONTIME,ONTIME,ONTIME,,,,,,,,,,HAN,,NRT,International,VJ,,
2026-03-09|VJ982|A687|HAN-PUS|01:00,2026-03-09,VJ982,A687,A321,HAN-PUS,,01:00,,01:00,,00:59,01:00,01:05,,,ONTIME,ONTIME,ONTIME,,,,,,,,,,HAN,,PUS,International,VJ,,
2026-03-09|VJ920|A548|HAN-NGO|01:35,2026-03-09,VJ920,A548,A321,HAN-NGO,,01:35,,01:35,,01:29,01:30,01:32,,,EARLY,ONTIME,ONTIME,,,,,,,,,,HAN,,NGO,International,VJ,,
2026-03-09|VJ938|A524|HAN-KIX|01:40,2026-03-09,VJ938,A524,A321,HAN-KIX,,01:40,,01:40,,01:39,01:40,01:46,,,ONTIME,ONTIME,ONTIME,,,,,,,,,,HAN,,KIX,International,VJ,,
2026-03-09|VJ960|A552|HAN-ICN|01:45,2026-03-09,VJ960,A552,A321,HAN-ICN,,01:45,,01:45,,01:39,01:40,01:42,,,EARLY,ONTIME,ONTIME,,,,,,,,,,HAN,,ICN,International,VJ,,
2026-03-09|VJ179|A544|HAN-SGN|05:00,2026-03-09,VJ179,A544,A321,HAN-SGN,,05:00,,05:00,,04:54,04:55,05:05,,,EARLY,ONTIME,ONTIME,,,,,,,,,,HAN,,SGN,Domestic,VJ,,
2026-03-09|VJ185|A675|HAN-SGN|05:10,2026-03-09,VJ185,A675,A320,HAN-SGN,,05:10,,05:10,,05:04,05:05,05:15,,,EARLY,ONTIME,ONTIME,,,,,,,,,,HAN,,SGN,Domestic,VJ,,
2026-03-09|VJ509|A532|HAN-DAD|05:25,2026-03-09,VJ509,A532,A321,HAN-DAD,,05:25,,05:25,,05:19,05:20,05:25,,,EARLY,ONTIME,ONTIME,,,,,,,,,,HAN,,DAD,Domestic,VJ,,
2026-03-09|VJ461|A662|HAN-VCA|05:30,2026-03-09,VJ461,A662,A320,HAN-VCA,,05:30,,05:30,,05:24,05:25,05:35,,,EARLY,ONTIME,ONTIME,,,,,,,,,,HAN,,VCA,Domestic,VJ,,
2026-03-09|VJ443|A674|HAN-PQC|06:00,2026-03-09,VJ443,A674,A321,HAN-PQC,,06:00,,06:00,,05:54,05:55,06:12,,,EARLY,ONTIME,ONTIME,,,,,,,,,,HAN,,PQC,Domestic,VJ,,
2026-03-09|VJ7527/VJ491|A685|CAN-HAN-BMV|06:00,2026-03-09,VJ7527/VJ491,A685,A321,CAN-HAN-BMV,04:35,06:00,04:35,06:00,04:35,05:54,05:55,06:01,01:25,01:20,EARLY,ONTIME,ONTIME,ONTIME,,,,,,,,,HAN,CAN,BMV,Domestic,VJ,,
2026-03-09|VJ421|A632|HAN-PXU|06:05,2026-03-09,VJ421,A632,A321,HAN-PXU,,06:05,,06:05,,05:59,06:00,06:01,,,EARLY,ONTIME,ONTIME,,,,,,,,,,HAN,,PXU,Domestic,VJ,,
2026-03-09|VJ181|A699|HAN-SGN|06:40,2026-03-09,VJ181,A699,A320,HAN-SGN,,06:40,,06:40,,06:34,06:35,06:45,,,EARLY,ONTIME,ONTIME,,,,,,,,,,HAN,,SGN,Domestic,VJ,,
2026-03-09|VJ105|656E|HAN-VCS|06:45,2026-03-09,VJ105,656E,C909,HAN-VCS,,06:45,,06:45,,06:39,06:40,06:48,,,EARLY,ONTIME,ONTIME,,,,,,,,,,HAN,,VCS,Domestic,VJ,,
2026-03-09|VJ503|A545|HAN-DAD|06:55,2026-03-09,VJ503,A545,A321,HAN-DAD,,06:55,,06:55,,06:49,06:50,07:00,,,EARLY,ONTIME,ONTIME,,,,,,,,,,HAN,,DAD,Domestic,VJ,,
2026-03-09|VJ905|A542|HAN-KUL|07:10,2026-03-09,VJ905,A542,A321,HAN-KUL,,07:10,,07:10,,07:14,07:15,07:25,,,DELAY,ONTIME,ONTIME,,,15A,00:05,,,,,offload 3pax 1bag,HAN,,KUL,International,VJ,,
2026-03-09|VJ1926/VJ431|A655|AMD-HAN-UIH|07:30,2026-03-09,VJ1926/VJ431,A655,A320,AMD-HAN-UIH,06:20,07:30,06:20,07:30,05:45,07:24,07:25,07:35,01:10,01:40,EARLY,ONTIME,ONTIME,ONTIME,,,,,,,,,HAN,AMD,UIH,Domestic,VJ,,
2026-03-09|VJ956|A658|HAN-PUS|07:30,2026-03-09,VJ956,A658,A320,HAN-PUS,,07:30,,07:30,,07:39,07:40,07:51,,,DELAY,ONTIME,DELAY,,,87,00:10,,,,,STUCK AT IMMIGRATION,HAN,,PUS,International,VJ,,
2026-03-09|VJ940|A522|HAN-TPE|07:35,2026-03-09,VJ940,A522,A321,HAN-TPE,,07:35,,07:35,,07:29,07:30,07:40,,,EARLY,ONTIME,ONTIME,,,,,,,,,,HAN,,TPE,International,VJ,,
2026-03-09|VJ122/VJ771|A549|SGN-HAN-CXR|08:05,2026-03-09,VJ122/VJ771,A549,A321,SGN-HAN-CXR,07:30,08:05,07:30,08:05,07:20,08:04,08:05,08:15,00:35,00:45,ONTIME,ONTIME,ONTIME,ONTIME,,,,,,,,,HAN,SGN,CXR,Domestic,VJ,,
2026-03-09|VJ107|652G|HAN-VCS|08:15,2026-03-09,VJ107,652G,C909,HAN-VCS,,08:15,,08:15,,08:09,08:10,08:12,,,EARLY,ONTIME,ONTIME,,,,,,,,,,HAN,,VCS,Domestic,VJ,,
2026-03-09|VJ934|A653|HAN-NRT|08:20,2026-03-09,VJ934,A653,A321,HAN-NRT,,08:20,,08:20,,08:29,08:30,08:50,,,DELAY,ONTIME,DELAY,,,87,00:10,,,,,STUCK AT IMMIGRATION,HAN,,NRT,International,VJ,,
2026-03-09|VJ524/VJ930|A543|DAD-HAN-KIX|08:20,2026-03-09,VJ524/VJ930,A543,A321,DAD-HAN-KIX,07:40,08:20,07:40,08:20,07:35,08:29,08:30,08:35,00:40,00:55,DELAY,ONTIME,ONTIME,ONTIME,,87,00:10,,,,,STUCK AT IMMIGRATION,HAN,DAD,KIX,International,VJ,,
2026-03-09|VJ124/VJ125|A697|SGN-HAN-SGN|08:40,2026-03-09,VJ124/VJ125,A697,A321,SGN-HAN-SGN,07:50,08:40,07:50,08:40,07:30,08:39,08:40,08:42,00:50,01:10,ONTIME,ONTIME,ONTIME,ONTIME,,,,,,,,,HAN,SGN,SGN,Domestic,VJ,,
2026-03-09|VJ929|A656|HAN-CGK|08:40,2026-03-09,VJ929,A656,A320,HAN-CGK,,08:40,,08:40,,08:34,08:35,08:42,,,EARLY,ONTIME,ONTIME,,,,,,,,,,HAN,,CGK,International,VJ,,
2026-03-09|VJ126/VJ127|A698|SGN-HAN-SGN|08:55,2026-03-09,VJ126/VJ127,A698,A321,SGN-HAN-SGN,08:25,08:55,08:25,08:55,08:25,08:54,08:55,09:05,00:30,00:30,ONTIME,ONTIME,ONTIME,ONTIME,,,,,,,,,HAN,SGN,SGN,Domestic,VJ,,
2026-03-09|VJ176/VJ527|A642|SGN-HAN-DAD|09:30,2026-03-09,VJ176/VJ527,A642,A321,SGN-HAN-DAD,09:00,09:30,09:00,09:30,08:40,09:34,09:35,09:45,00:30,00:55,DELAY,ONTIME,ONTIME,ONTIME,,15A,00:05,,,,,OFFLOAD 1 PAX 1 BAG,HAN,SGN,DAD,Domestic,VJ,,
2026-03-09|VJ510/VJ915|A532|DAD-HAN-SIN|09:35,2026-03-09,VJ510/VJ915,A532,A321,DAD-HAN-SIN,08:35,09:35,08:35,09:35,08:55,09:39,09:40,09:48,01:00,00:45,DELAY,ONTIME,ONTIME,DELAY,,66,00:05,,,,,CREW HN OB 0910,HAN,DAD,SIN,International,VJ,,
2026-03-09|VJ148/VJ149|-NVG|SGN-HAN-SGN|10:05,2026-03-09,VJ148/VJ149,-NVG,A320,SGN-HAN-SGN,09:30,10:05,09:30,10:05,09:40,10:04,10:05,10:19,00:35,00:25,ONTIME,ONTIME,ONTIME,ONTIME,,,,,,,,,HAN,SGN,SGN,Domestic,VJ,,
2026-03-09|VJ422/VJ567|A632|PXU-HAN-HUI|10:10,2026-03-09,VJ422/VJ567,A632,A321,PXU-HAN-HUI,09:40,10:10,09:40,10:10,09:42,10:09,10:10,10:16,00:30,00:28,ONTIME,ONTIME,ONTIME,ONTIME,,,,,,,,,HAN,PXU,HUI,Domestic,VJ,,
2026-03-09|VJ963/VJ997|A554|ICN-HAN-DPS|10:00,2026-03-09,VJ963/VJ997,A554,A321,ICN-HAN-DPS,09:30,10:00,09:30,10:15,09:00,10:14,10:15,10:16,00:45,01:15,ONTIME,ONTIME,DELAY,ONTIME,,,,,,,,,HAN,ICN,DPS,International,VJ,,
2026-03-09|VJ492/VJ507|A685|BMV-HAN-DAD|10:30,2026-03-09,VJ492/VJ507,A685,A321,BMV-HAN-DAD,10:00,10:30,10:00,10:30,09:55,10:29,10:30,10:45,00:30,00:35,ONTIME,ONTIME,ONTIME,ONTIME,,,,,,,,,HAN,BMV,DAD,Domestic,VJ,,
2026-03-09|VJ504/VJ463|A545|DAD-HAN-VCA|10:30,2026-03-09,VJ504/VJ463,A545,A321,DAD-HAN-VCA,09:55,10:30,09:55,11:15,10:33,11:07,11:08,11:17,01:20,00:35,EARLY,ONTIME,DELAY,DELAY,,,,,,,,,HAN,DAD,VCA,Domestic,VJ,,
2026-03-09|VJ502/VJ775|A672|DAD-HAN-CXR|10:40,2026-03-09,VJ502/VJ775,A672,A320,DAD-HAN-CXR,07:05,10:40,07:05,10:40,07:06,10:39,10:40,10:55,03:35,03:34,ONTIME,ONTIME,ONTIME,ONTIME,,,,,,,,,HAN,DAD,CXR,Domestic,VJ,,
2026-03-09|VJ136/VJ135|A547|SGN-HAN-SGN|11:10,2026-03-09,VJ136/VJ135,A547,A321,SGN-HAN-SGN,10:40,11:10,10:40,11:10,10:40,11:09,11:10,11:25,00:30,00:30,ONTIME,ONTIME,ONTIME,ONTIME,,,,,,,,,HAN,SGN,SGN,Domestic,VJ,,
2026-03-09|VJ184/VJ129|A820|SGN-HAN-SGN|11:25,2026-03-09,VJ184/VJ129,A820,A321,SGN-HAN-SGN,10:25,11:25,10:25,11:25,10:35,11:17,11:20,11:29,01:00,00:45,EARLY,ONTIME,ONTIME,ONTIME,,,,,,,,,HAN,SGN,SGN,Domestic,VJ,,
2026-03-09|VJ772/VJ133|A816|CXR-HAN-SGN|11:40,2026-03-09,VJ772/VJ133,A816,A330,CXR-HAN-SGN,10:40,11:40,10:40,11:55,10:58,11:54,11:55,12:04,01:15,00:57,ONTIME,ONTIME,DELAY,DELAY,,,,,,,,,HAN,CXR,SGN,Domestic,VJ,,
2026-03-09|VJ981/VJ946|A687|PUS-HAN-KHH|11:45,2026-03-09,VJ981/VJ946,A687,A321,PUS-HAN-KHH,11:00,11:45,11:00,11:45,10:45,11:44,11:45,11:54,00:45,01:00,ONTIME,ONTIME,ONTIME,ONTIME,,,,,,,,,HAN,PUS,KHH,International,VJ,,
2026-03-09|VJ442/VJ901|A674|PQC-HAN-BKK|12:15,2026-03-09,VJ442/VJ901,A674,A321,PQC-HAN-BKK,11:10,12:15,11:10,12:15,11:05,12:53,12:55,13:34,01:05,01:50,DELAY,DELAY,DELAY,ONTIME,,61,00:40,,,,,CHANGE FPL,HAN,PQC,BKK,International,VJ,,
2026-03-09|VJ430/VJ441|A655|UIH-HAN-PQC|12:25,2026-03-09,VJ430/VJ441,A655,A320,UIH-HAN-PQC,11:15,12:25,11:15,12:25,11:30,12:14,12:15,12:28,01:10,00:45,EARLY,ONTIME,ONTIME,ONTIME,,,,,,,,,HAN,UIH,PQC,Domestic,VJ,,
2026-03-09|VJ3526/VJ3526|A516|BQS-HAN-PQC|13:15,2026-03-09,VJ3526/VJ3526,A516,A321,BQS-HAN-PQC,12:45,13:15,12:45,13:15,12:45,13:00,13:01,13:10,00:30,00:16,EARLY,ONTIME,ONTIME,ONTIME,,,,,,,,,HAN,BQS,PQC,Domestic,VJ,,
2026-03-09|VJ442/VJ948|A674|PQC-HAN-RMQ|13:30,2026-03-09,VJ442/VJ948,A674,A321,PQC-HAN-RMQ,10:45,13:30,10:45,13:30,12:45,13:29,13:30,13:40,02:45,00:45,ONTIME,ONTIME,ONTIME,DELAY,,,,,,,,,HAN,PQC,RMQ,International,VJ,,
2026-03-09|VJ528/VJ513|A642|DAD-HAN-DAD|13:35,2026-03-09,VJ528/VJ513,A642,A321,DAD-HAN-DAD,12:40,13:35,12:40,13:35,13:15,13:44,13:45,13:50,00:55,00:30,DELAY,ONTIME,ONTIME,DELAY,,93,00:10,,,,,,HAN,DAD,DAD,Domestic,VJ,,
2026-03-09|VJ128/VJ143|A649|SGN-HAN-SGN|13:40,2026-03-09,VJ128/VJ143,A649,A321,SGN-HAN-SGN,12:10,13:40,13:00,16:10,15:55,16:24,16:25,16:38,03:10,00:30,DELAY,ONTIME,DELAY,DELAY,,93,00:15,,,,,,HAN,SGN,SGN,Domestic,VJ,,
2026-03-09|VJ566/VJ511|A632|HUI-HAN-DAD|14:20,2026-03-09,VJ566/VJ511,A632,A321,HUI-HAN-DAD,13:05,14:20,13:05,14:20,13:35,14:18,14:20,14:21,01:15,00:45,ONTIME,ONTIME,ONTIME,DELAY,,,,,,,,,HAN,HUI,DAD,Domestic,VJ,,
2026-03-09|VJ939/VJ942|A524|KIX-HAN-TPE|14:25,2026-03-09,VJ939/VJ942,A524,A321,KIX-HAN-TPE,13:05,14:25,13:05,14:25,13:15,14:24,14:25,14:35,01:20,01:10,ONTIME,ONTIME,ONTIME,ONTIME,,,,,,,,,HAN,KIX,TPE,International,VJ,,
2026-03-09|VJ770/VJ1491|A549|CXR-HAN-BMV|14:35,2026-03-09,VJ770/VJ1491,A549,A321,CXR-HAN-BMV,12:15,14:35,12:15,14:35,13:00,14:30,14:31,14:35,02:20,01:31,EARLY,ONTIME,ONTIME,DELAY,,,,,,,,,HAN,CXR,BMV,Domestic,VJ,,
2026-03-09|VJ188/VJ151|-NVE|SGN-HAN-SGN|14:50,2026-03-09,VJ188/VJ151,-NVE,A320,SGN-HAN-SGN,14:20,14:50,14:20,15:50,15:25,15:49,15:50,16:00,01:30,00:25,ONTIME,ONTIME,DELAY,DELAY,,,,,,,,,HAN,SGN,SGN,Domestic,VJ,,
2026-03-09|VJ440/VJ175|A669|PQC-HAN-SGN|15:20,2026-03-09,VJ440/VJ175,A669,A320,PQC-HAN-SGN,11:55,15:20,11:55,15:20,12:15,15:19,15:20,15:28,03:25,03:05,ONTIME,ONTIME,ONTIME,DELAY,,,,,,,,,HAN,PQC,SGN,Domestic,VJ,,
2026-03-09|VJ774/VJ433|A672|CXR-HAN-UIH|15:25,2026-03-09,VJ774/VJ433,A672,A320,CXR-HAN-UIH,14:50,15:25,14:50,16:15,16:00,16:19,16:20,16:35,01:25,00:20,DELAY,ONTIME,DELAY,DELAY,,93,00:05,,,,,,HAN,CXR,UIH,Domestic,VJ,,
2026-03-09|VJ941/VJ1441|A522|TPE-HAN-PQC|15:30,2026-03-09,VJ941/VJ1441,A522,A321,TPE-HAN-PQC,14:10,15:30,14:10,15:30,14:15,15:25,15:30,15:33,01:20,01:15,ONTIME,ONTIME,ONTIME,ONTIME,,,,,,,,,HAN,TPE,PQC,Domestic,VJ,,
2026-03-09|VJ144/VJ145|A699|SGN-HAN-SGN|15:35,2026-03-09,VJ144/VJ145,A699,A320,SGN-HAN-SGN,14:10,15:35,14:10,15:35,14:50,15:29,15:30,15:45,01:25,00:40,EARLY,ONTIME,ONTIME,DELAY,,,,,,,,,HAN,SGN,SGN,Domestic,VJ,,
2026-03-09|VJ508/VJ199|A685|DAD-HAN-SGN|15:35,2026-03-09,VJ508/VJ199,A685,A321,DAD-HAN-SGN,13:40,15:35,13:40,15:35,14:15,15:33,15:35,15:40,01:55,01:20,ONTIME,ONTIME,ONTIME,DELAY,,,,,,,,,HAN,DAD,SGN,Domestic,VJ,,
2026-03-09|VJ961/VJ903|A552|ICN-HAN-BKK|15:50,2026-03-09,VJ961/VJ903,A552,A321,ICN-HAN-BKK,14:10,15:50,14:10,15:50,14:10,15:39,15:40,15:45,01:40,01:30,EARLY,ONTIME,ONTIME,ONTIME,,,,,,,,,HAN,ICN,BKK,International,VJ,,
2026-03-09|VJ198/VJ423|A673|SGN-HAN-PXU|15:55,2026-03-09,VJ198/VJ423,A673,A321,SGN-HAN-PXU,15:10,15:55,15:10,16:25,16:15,16:38,16:40,16:50,01:15,00:25,DELAY,ONTIME,DELAY,DELAY,,93,00:15,,,,,,HAN,SGN,PXU,Domestic,VJ,,
2026-03-09|VJ933/VJ195|A815|NRT-HAN-SGN|16:00,2026-03-09,VJ933/VJ195,A815,A330,NRT-HAN-SGN,14:00,16:00,14:00,16:00,14:00,15:59,16:00,16:10,02:00,02:00,ONTIME,ONTIME,ONTIME,ONTIME,,,,,,,,,HAN,NRT,SGN,Domestic,VJ,,
2026-03-09|VJ906/VJ913|A542|KUL-HAN-SAI|16:20,2026-03-09,VJ906/VJ913,A542,A321,KUL-HAN-SAI,14:55,16:20,14:55,16:20,14:28,16:05,16:06,16:10,01:25,01:38,EARLY,ONTIME,ONTIME,ONTIME,,,,,,,,,HAN,KUL,SAI,International,VJ,,
2026-03-09|VJ916/VJ515|A532|SIN-HAN-DAD|16:25,2026-03-09,VJ916/VJ515,A532,A321,SIN-HAN-DAD,17:25,16:25,17:25,18:25,17:55,18:33,18:34,18:35,01:00,00:39,DELAY,ONTIME,DELAY,DELAY,,66,00:09,,,,,CREW HN OB 1810,HAN,SIN,DAD,Domestic,VJ,,
2026-03-09|VJ460/VJ147|A545|VCA-HAN-SGN|17:10,2026-03-09,VJ460/VJ147,A545,A321,VCA-HAN-SGN,15:20,17:10,15:20,17:10,16:30,17:09,17:10,17:25,01:50,00:40,ONTIME,ONTIME,ONTIME,DELAY,,,,,,,,,HAN,VCA,SGN,Domestic,VJ,,
2026-03-09|VJ514/VJ465|A642|DAD-HAN-VCA|17:25,2026-03-09,VJ514/VJ465,A642,A321,DAD-HAN-VCA,16:45,17:25,16:45,17:35,17:30,17:57,17:58,18:00,00:50,00:28,DELAY,DELAY,DELAY,DELAY,,93,00:23,,,,,,HAN,DAD,VCA,Domestic,VJ,,
2026-03-09|VJ462/VJ445|A662|VCA-HAN-PQC|17:40,2026-03-09,VJ462/VJ445,A662,A320,VCA-HAN-PQC,15:40,17:40,15:40,17:40,16:05,17:33,17:35,17:40,02:00,01:30,EARLY,ONTIME,ONTIME,DELAY,,,,,,,,,HAN,VCA,PQC,Domestic,VJ,,
2026-03-09|VJ130/VJ131|A820|SGN-HAN-SGN|17:45,2026-03-09,VJ130/VJ131,A820,A321,SGN-HAN-SGN,16:45,17:45,16:45,17:45,16:50,17:39,17:40,17:44,01:00,00:50,EARLY,ONTIME,ONTIME,ONTIME,,,,,,,,,HAN,SGN,SGN,Domestic,VJ,,
2026-03-09|VJ512/VJ779|A632|DAD-HAN-CXR|18:00,2026-03-09,VJ512/VJ779,A632,A321,DAD-HAN-CXR,17:30,18:00,17:30,18:00,17:50,18:13,18:14,18:17,00:30,00:24,DELAY,ONTIME,DELAY,DELAY,,93,00:14,,,,,,HAN,DAD,CXR,Domestic,VJ,,
2026-03-09|VJ146/VJ169|A816|SGN-HAN-SGN|18:00,2026-03-09,VJ146/VJ169,A816,A330,SGN-HAN-SGN,17:00,18:00,17:00,18:00,17:50,18:38,18:40,18:47,01:00,00:50,DELAY,DELAY,DELAY,DELAY,,93,00:35,66,00:05,,,CREW HN OB 1805,HAN,SGN,SGN,Domestic,VJ,,
2026-03-09|VJ194/VJ193|A553|SGN-HAN-SGN|18:10,2026-03-09,VJ194/VJ193,A553,A321,SGN-HAN-SGN,17:30,18:10,17:30,18:10,17:50,18:14,18:15,18:20,00:40,00:25,DELAY,ONTIME,ONTIME,DELAY,,93,00:05,,,,,,HAN,SGN,SGN,Domestic,VJ,,
2026-03-09|VJ446/VJ1925|A671|PQC-HAN-AMD|19:00,2026-03-09,VJ446/VJ1925,A671,A320,PQC-HAN-AMD,17:10,19:00,17:10,19:00,17:15,18:53,18:55,18:56,01:50,01:40,EARLY,ONTIME,ONTIME,ONTIME,,,,,,,,,HAN,PQC,AMD,International,VJ,,
2026-03-09|VJ1492/VJ517|A549|BMV-HAN-DAD|19:05,2026-03-09,VJ1492/VJ517,A549,A321,BMV-HAN-DAD,18:35,19:05,18:35,19:05,18:45,19:04,19:05,19:19,00:30,00:20,ONTIME,ONTIME,ONTIME,ONTIME,,,,,,,,,HAN,BMV,DAD,Domestic,VJ,,
2026-03-09|VJ902/VJ907|A674|BKK-HAN-BOM|19:15,2026-03-09,VJ902/VJ907,A674,A321,BKK-HAN-BOM,17:00,19:15,17:00,19:15,18:35,19:14,19:15,19:25,02:15,00:40,ONTIME,ONTIME,ONTIME,DELAY,,,,,,,,,HAN,BKK,BOM,International,VJ,,
2026-03-09|VJ957/VJ569|A658|PUS-HAN-HUI|19:15,2026-03-09,VJ957/VJ569,A658,A320,PUS-HAN-HUI,17:20,19:15,17:20,19:15,17:20,19:09,19:10,19:24,01:55,01:50,EARLY,ONTIME,ONTIME,ONTIME,,,,,,,,,HAN,PUS,HUI,Domestic,VJ,,
2026-03-09|VJ424/VJ165|A673|PXU-HAN-SGN|20:05,2026-03-09,VJ424/VJ165,A673,A321,PXU-HAN-SGN,19:35,20:05,19:55,20:50,20:35,21:14,21:15,21:23,00:55,00:40,DELAY,DELAY,DELAY,DELAY,,93,00:15,66,00:10,,,CREW HN OB 2045,HAN,PXU,SGN,Domestic,VJ,,
2026-03-09|VJ928/VJ7712|A656|CGK-HAN-PKX|20:05,2026-03-09,VJ928/VJ7712,A656,A320,CGK-HAN-PKX,18:15,20:05,18:15,20:05,18:05,19:55,19:56,20:03,01:50,01:51,EARLY,ONTIME,ONTIME,ONTIME,,,,,,,,,HAN,CGK,PKX,International,VJ,,
2026-03-09|VJ931/VJ501|A543|KIX-HAN-DAD|20:15,2026-03-09,VJ931/VJ501,A543,A321,KIX-HAN-DAD,19:15,20:15,19:15,20:15,19:15,20:14,20:15,20:24,01:00,01:00,ONTIME,ONTIME,ONTIME,ONTIME,,,,,,,,,HAN,KIX,DAD,Domestic,VJ,,
2026-03-09|VJ1440/VJ521|A522|PQC-HAN-DAD|20:50,2026-03-09,VJ1440/VJ521,A522,A321,PQC-HAN-DAD,20:10,20:50,20:10,20:50,20:25,21:21,21:22,21:28,00:40,00:57,DELAY,DELAY,DELAY,ONTIME,,95,00:32,,,,,WAIT CREW FR VJ154 OB 2100,HAN,PQC,DAD,Domestic,VJ,,
2026-03-09|VJ154/VJ7238|A669|SGN-HAN-PVG|21:30,2026-03-09,VJ154/VJ7238,A669,A320,SGN-HAN-PVG,20:10,21:30,20:10,21:30,20:45,21:27,21:28,21:36,01:20,00:43,EARLY,ONTIME,ONTIME,DELAY,,,,,,,,,HAN,SGN,PVG,International,VJ,,
2026-03-09|VJ935/VJ161|A653|NRT-HAN-SGN|21:50,2026-03-09,VJ935/VJ161,A653,A321,NRT-HAN-SGN,20:55,21:50,20:55,21:50,21:30,21:59,22:00,22:05,00:55,00:30,DELAY,ONTIME,ONTIME,DELAY,,93,00:10,,,,,,HAN,NRT,SGN,Domestic,VJ,,
2026-03-09|VJ432/VJ123|A672|UIH-HAN-SGN|22:10,2026-03-09,VJ432/VJ123,A672,A320,UIH-HAN-SGN,20:00,22:10,20:00,22:10,20:45,22:09,22:10,22:15,02:10,01:25,ONTIME,ONTIME,ONTIME,DELAY,,,,,,,,,HAN,UIH,SGN,Domestic,VJ,,
2026-03-09|VJ568/VJ523|A658|HUI-HAN-DAD|22:45,2026-03-09,VJ568/VJ523,A658,A320,HUI-HAN-DAD,22:15,22:45,22:15,22:45,23:00,23:24,23:25,23:35,00:30,00:25,DELAY,DELAY,DELAY,DELAY,,93,00:40,,,,,,HAN,HUI,DAD,Domestic,VJ,,
2026-03-09|VJ998/VJ962|A554|DPS-HAN-ICN|22:50,2026-03-09,VJ998/VJ962,A554,A321,DPS-HAN-ICN,21:35,22:50,21:35,22:50,21:20,22:59,23:00,23:05,01:15,01:40,DELAY,ONTIME,ONTIME,ONTIME,,15A,00:10,,,,,OFFLOAD 1 PAX + 2 BAG,HAN,DPS,ICN,International,VJ,,
2026-03-09|VJ914/VJ1159|A542|SAI-HAN-SGN|23:40,2026-03-09,VJ914/VJ1159,A542,A321,SAI-HAN-SGN,20:50,23:40,20:50,23:40,21:00,23:36,23:37,23:41,02:50,02:37,EARLY,ONTIME,ONTIME,ONTIME,,,,,,,,,HAN,SAI,SGN,Domestic,VJ,,
2026-03-09|VJ778/VJ7526|A632|CXR-HAN-CAN|23:40,2026-03-09,VJ778/VJ7526,A632,A321,CXR-HAN-CAN,22:10,23:40,22:10,23:40,22:50,23:38,23:39,23:44,01:30,00:49,EARLY,ONTIME,ONTIME,DELAY,,,,,,,,,HAN,CXR,CAN,International,VJ,,
2026-03-10|VJ932|A815|HAN-NRT|00:55,2026-03-10,VJ932,A815,A330,HAN-NRT,,00:55,,00:55,,01:04,01:05,01:25,,,DELAY,ONTIME,DELAY,,,15A,00:10,,,,,OFFLOAD 1 + PAX 2 BAG,HAN,,NRT,International,VJ,,
2026-03-10|VJ982|A546|HAN-PUS|01:00,2026-03-10,VJ982,A546,A321,HAN-PUS,,01:00,,01:00,,00:59,01:00,01:01,,,ONTIME,ONTIME,ONTIME,,,,,,,,,,HAN,,PUS,International,VJ,,
2026-03-10|VJ920|A548|HAN-NGO|01:35,2026-03-10,VJ920,A548,A321,HAN-NGO,,01:35,,01:35,,01:26,01:27,01:34,,,EARLY,ONTIME,ONTIME,,,,,,,,,,HAN,,NGO,International,VJ,,
2026-03-10|VJ938|A552|HAN-KIX|01:40,2026-03-10,VJ938,A552,A321,HAN-KIX,,01:40,,01:40,,01:37,01:38,01:41,,,EARLY,ONTIME,ONTIME,,,,,,,,,,HAN,,KIX,International,VJ,,
2026-03-10|VJ960|A500|HAN-ICN|01:45,2026-03-10,VJ960,A500,A321,HAN-ICN,,01:45,,01:45,,01:36,01:37,01:42,,,EARLY,ONTIME,ONTIME,,,,,,,,,,HAN,,ICN,International,VJ,,
2026-03-10|VJ958|A687|HAN-FUK|02:05,2026-03-10,VJ958,A687,A321,HAN-FUK,,02:05,,02:05,,02:01,02:02,02:04,,,EARLY,ONTIME,ONTIME,,,,,,,,,,HAN,,FUK,International,VJ,,
2026-03-10|VJ179|A642|HAN-SGN|05:00,2026-03-10,VJ179,A642,A321,HAN-SGN,,05:00,,05:00,,04:59,05:00,05:15,,,ONTIME,ONTIME,ONTIME,,,,,,,,,,HAN,,SGN,Domestic,VJ,,
2026-03-10|VJ185|A663|HAN-SGN|05:10,2026-03-10,VJ185,A663,A320,HAN-SGN,,05:10,,05:10,,05:04,05:05,05:10,,,EARLY,ONTIME,ONTIME,,,,,,,,,,HAN,,SGN,Domestic,VJ,,
2026-03-10|VJ7713/VJ461|A656|PKX-HAN-VCA|05:30,2026-03-10,VJ7713/VJ461,A656,A320,PKX-HAN-VCA,04:10,05:30,04:10,05:30,04:00,05:24,05:25,05:31,01:20,01:25,EARLY,ONTIME,ONTIME,ONTIME,,,,,,,,,HAN,PKX,VCA,Domestic,VJ,,
2026-03-10|VJ773|A816|HAN-CXR|05:45,2026-03-10,VJ773,A816,A330,HAN-CXR,,05:45,,05:45,,05:39,05:40,05:52,,,EARLY,ONTIME,ONTIME,,,,,,,,,,HAN,,CXR,Domestic,VJ,,
2026-03-10|VJ443|A549|HAN-PQC|06:00,2026-03-10,VJ443,A549,A321,HAN-PQC,,06:00,,06:00,,05:52,05:53,06:03,,,EARLY,ONTIME,ONTIME,,,,,,,,,,HAN,,PQC,Domestic,VJ,,
2026-03-10|VJ503|A532|HAN-DAD|06:00,2026-03-10,VJ503,A532,A321,HAN-DAD,,06:00,,06:00,,05:54,05:55,06:01,,,EARLY,ONTIME,ONTIME,,,,,,,,,,HAN,,DAD,Domestic,VJ,,
2026-03-10|VJ491|A685|HAN-BMV|06:00,2026-03-10,VJ491,A685,A321,HAN-BMV,,06:00,,06:00,,05:54,05:55,06:05,,,EARLY,ONTIME,ONTIME,,,,,,,,,,HAN,,BMV,Domestic,VJ,,
2026-03-10|VJ7527/VJ421|A632|CAN-HAN-PXU|06:05,2026-03-10,VJ7527/VJ421,A632,A321,CAN-HAN-PXU,04:35,06:05,04:35,06:05,04:20,05:59,06:00,06:10,01:30,01:40,EARLY,ONTIME,ONTIME,ONTIME,,,,,,,,,HAN,CAN,PXU,Domestic,VJ,,
2026-03-10|VJ952|A655|HAN-HIJ|06:35,2026-03-10,VJ952,A655,A320,HAN-HIJ,,06:35,,06:35,,06:29,06:30,06:40,,,EARLY,ONTIME,ONTIME,,,,,,,,,,HAN,,HIJ,International,VJ,,
2026-03-10|VJ181|A543|HAN-SGN|06:40,2026-03-10,VJ181,A543,A321,HAN-SGN,,06:40,,06:40,,06:34,06:35,06:55,,,EARLY,ONTIME,ONTIME,,,,,,,,,,HAN,,SGN,Domestic,VJ,,
2026-03-10|VJ105|656E|HAN-VCS|06:45,2026-03-10,VJ105,656E,C909,HAN-VCS,,06:45,,06:45,,06:39,06:40,06:41,,,EARLY,ONTIME,ONTIME,,,,,,,,,,HAN,,VCS,Domestic,VJ,,
2026-03-10|VJ7239/VJ431|A669|PVG-HAN-UIH|07:10,2026-03-10,VJ7239/VJ431,A669,A320,PVG-HAN-UIH,05:15,07:10,05:15,07:10,05:15,07:04,07:05,07:12,01:55,01:50,EARLY,ONTIME,ONTIME,ONTIME,,,,,,,,,HAN,PVG,UIH,Domestic,VJ,,
2026-03-10|VJ905|A547|HAN-KUL|07:10,2026-03-10,VJ905,A547,A321,HAN-KUL,,07:10,,07:10,,07:04,07:05,07:12,,,EARLY,ONTIME,ONTIME,,,,,,,,,,HAN,,KUL,International,VJ,,
2026-03-10|VJ1926/VJ956|A671|AMD-HAN-PUS|07:30,2026-03-10,VJ1926/VJ956,A671,A320,AMD-HAN-PUS,06:20,07:30,06:20,07:30,05:50,07:34,07:35,07:44,01:10,01:45,DELAY,ONTIME,ONTIME,ONTIME,,87,00:05,,,,,STUCK AT IMMI,HAN,AMD,PUS,International,VJ,,
2026-03-10|VJ910/VJ940|A674|BOM-HAN-TPE|07:35,2026-03-10,VJ910/VJ940,A674,A321,BOM-HAN-TPE,06:40,07:35,06:40,07:35,06:25,07:49,07:50,08:00,00:55,01:25,DELAY,ONTIME,DELAY,ONTIME,,87,00:15,,,,,STUCK AT IMMI,HAN,BOM,TPE,International,VJ,,
2026-03-10|VJ502/VJ771|A534|DAD-HAN-CXR|08:05,2026-03-10,VJ502/VJ771,A534,A321,DAD-HAN-CXR,07:05,08:05,07:05,08:05,07:05,08:01,08:02,08:03,01:00,00:57,EARLY,ONTIME,ONTIME,ONTIME,,,,,,,,,HAN,DAD,CXR,Domestic,VJ,,
2026-03-10|VJ122/VJ934|A653|SGN-HAN-NRT|08:20,2026-03-10,VJ122/VJ934,A653,A321,SGN-HAN-NRT,07:30,08:20,07:30,08:20,07:25,08:19,08:20,08:28,00:50,00:55,ONTIME,ONTIME,ONTIME,ONTIME,,,,,,,,,HAN,SGN,NRT,International,VJ,,
2026-03-10|VJ930|A524|HAN-KIX|08:20,2026-03-10,VJ930,A524,A321,HAN-KIX,,08:20,,08:20,,08:39,08:40,08:50,,,DELAY,DELAY,DELAY,,,87,00:15,15A,00:05,,,STUCK AT IMMI/OFFLOAD 2PAX 1BAG,HAN,,KIX,International,VJ,,
2026-03-10|VJ524/VJ929|A658|DAD-HAN-CGK|08:40,2026-03-10,VJ524/VJ929,A658,A320,DAD-HAN-CGK,07:40,08:40,07:40,08:40,08:25,09:04,09:05,09:33,01:00,00:40,DELAY,DELAY,DELAY,DELAY,,93,00:10,66,00:15,,,CREW OB 0840,HAN,DAD,CGK,International,VJ,,
2026-03-10|VJ124/VJ125|A657|SGN-HAN-SGN|08:40,2026-03-10,VJ124/VJ125,A657,A321,SGN-HAN-SGN,07:50,08:40,07:50,09:45,07:52,09:44,09:45,09:55,01:55,01:53,ONTIME,ONTIME,DELAY,ONTIME,,,,,,,,,HAN,SGN,SGN,Domestic,VJ,,
2026-03-10|VJ430/VJ127|A669|UIH-HAN-SGN|08:55,2026-03-10,VJ430/VJ127,A669,A321,UIH-HAN-SGN,10:55,08:55,10:55,11:30,11:10,11:44,11:45,11:48,00:35,00:35,DELAY,ONTIME,DELAY,ONTIME,,93,00:10,66,00:05,,,CREW OB 1125,HAN,UIH,SGN,Domestic,VJ,,
2026-03-10|VJ126/VJ915|A647|SGN-HAN-SIN|09:35,2026-03-10,VJ126/VJ915,A647,A321,SGN-HAN-SIN,08:25,09:35,08:25,09:35,08:30,09:29,09:30,09:40,01:10,01:00,EARLY,ONTIME,ONTIME,ONTIME,,,,,,,,,HAN,SGN,SIN,International,VJ,,
2026-03-10|VJ504/VJ997|A532|DAD-HAN-DPS|10:00,2026-03-10,VJ504/VJ997,A532,A321,DAD-HAN-DPS,09:00,10:00,09:00,10:15,09:45,10:29,10:30,10:41,01:15,00:45,DELAY,ONTIME,DELAY,DELAY,,66,00:15,,,,,CHANGE CREW OB 1000,HAN,DAD,DPS,International,VJ,,
2026-03-10|VJ148/VJ149|-NVG|SGN-HAN-SGN|10:05,2026-03-10,VJ148/VJ149,-NVG,A320,SGN-HAN-SGN,09:30,10:05,09:30,10:05,09:45,10:09,10:10,10:20,00:35,00:25,DELAY,ONTIME,ONTIME,ONTIME,,93,00:05,,,,,,HAN,SGN,SGN,Domestic,VJ,,
2026-03-10|VJ422/VJ567|A632|PXU-HAN-HUI|10:10,2026-03-10,VJ422/VJ567,A632,A321,PXU-HAN-HUI,09:40,10:10,09:40,10:30,10:00,10:24,10:25,10:35,00:50,00:25,EARLY,ONTIME,DELAY,DELAY,,,,,,,,,HAN,PXU,HUI,Domestic,VJ,,
2026-03-10|VJ507|A643|HAN-DAD|10:30,2026-03-10,VJ507,A643,A321,HAN-DAD,,10:30,,10:30,,10:29,10:30,10:37,,,ONTIME,ONTIME,ONTIME,,,,,,,,,,HAN,,DAD,Domestic,VJ,,
2026-03-10|VJ492/VJ463|A685|BMV-HAN-VCA|10:40,2026-03-10,VJ492/VJ463,A685,A321,BMV-HAN-VCA,10:00,10:40,10:00,10:40,10:05,10:38,10:39,10:45,00:40,00:34,EARLY,ONTIME,ONTIME,ONTIME,,,,,,,,,HAN,BMV,VCA,Domestic,VJ,,
2026-03-10|VJ136/VJ135|A634|SGN-HAN-SGN|11:10,2026-03-10,VJ136/VJ135,A634,A321,SGN-HAN-SGN,10:40,11:10,10:40,11:10,11:00,11:29,11:30,11:35,00:30,00:30,DELAY,DELAY,DELAY,DELAY,,93,00:20,,,,,,HAN,SGN,SGN,Domestic,VJ,,
2026-03-10|VJ184/VJ129|A812|SGN-HAN-SGN|11:25,2026-03-10,VJ184/VJ129,A812,A330,SGN-HAN-SGN,10:25,11:25,10:25,11:25,10:35,11:24,11:25,11:35,01:00,00:50,ONTIME,ONTIME,ONTIME,ONTIME,,,,,,,,,HAN,SGN,SGN,Domestic,VJ,,
2026-03-10|VJ963/VJ946|A554|ICN-HAN-KHH|11:45,2026-03-10,VJ963/VJ946,A554,A321,ICN-HAN-KHH,09:30,11:45,09:30,11:45,09:26,11:44,11:45,11:48,02:15,02:19,ONTIME,ONTIME,ONTIME,ONTIME,,,,,,,,,HAN,ICN,KHH,International,VJ,,
2026-03-10|VJ442/VJ901|A549|PQC-HAN-BKK|12:15,2026-03-10,VJ442/VJ901,A549,A321,PQC-HAN-BKK,10:45,12:15,10:45,12:15,11:05,12:19,12:20,12:30,01:30,01:15,DELAY,ONTIME,ONTIME,DELAY,,99,00:05,,,,,LATE ACCEPT 11 PAX + 10BAG,HAN,PQC,BKK,International,VJ,,
2026-03-10|VJ132/VJ137|A637|SGN-HAN-SGN|12:20,2026-03-10,VJ132/VJ137,A637,A321,SGN-HAN-SGN,11:50,12:20,11:50,13:20,12:50,13:19,13:20,13:20,01:30,00:30,ONTIME,ONTIME,DELAY,DELAY,,,,,,,,,HAN,SGN,SGN,Domestic,VJ,,
2026-03-10|VJ186/VJ183|A550|SGN-HAN-SGN|12:40,2026-03-10,VJ186/VJ183,A550,A321,SGN-HAN-SGN,11:40,12:40,11:40,12:40,11:50,12:39,12:40,12:45,01:00,00:50,ONTIME,ONTIME,ONTIME,ONTIME,,,,,,,,,HAN,SGN,SGN,Domestic,VJ,,
2026-03-10|VJ440/VJ441|A662|PQC-HAN-PQC|12:55,2026-03-10,VJ440/VJ441,A662,A320,PQC-HAN-PQC,11:55,12:55,11:55,12:55,11:55,12:49,12:50,12:55,01:00,00:55,EARLY,ONTIME,ONTIME,ONTIME,,,,,,,,,HAN,PQC,PQC,Domestic,VJ,,
2026-03-10|VJ780/VJ781|A633|CXR-HAN-CXR|13:00,2026-03-10,VJ780/VJ781,A633,A321,CXR-HAN-CXR,12:30,13:00,12:30,13:00,12:45,13:12,13:13,13:20,00:30,00:28,DELAY,ONTIME,DELAY,ONTIME,,93,00:13,,,,,,HAN,CXR,CXR,Domestic,VJ,,
2026-03-10|VJ959/VJ948|A687|FUK-HAN-RMQ|13:30,2026-03-10,VJ959/VJ948,A687,A321,FUK-HAN-RMQ,12:25,13:30,12:25,13:30,12:00,13:27,13:30,13:45,01:05,01:30,ONTIME,ONTIME,ONTIME,ONTIME,,,,,,,,,HAN,FUK,RMQ,International,VJ,,
2026-03-10|VJ770/VJ513|A661|CXR-HAN-DAD|13:35,2026-03-10,VJ770/VJ513,A661,A321,CXR-HAN-DAD,12:15,13:35,12:15,13:35,13:25,14:04,14:05,14:14,01:20,00:40,DELAY,DELAY,DELAY,DELAY,,93,00:20,66,00:10,,,CREW HN OB 1335,HAN,CXR,DAD,Domestic,VJ,,
2026-03-10|VJ128/VJ143|A811|SGN-HAN-SGN|13:40,2026-03-10,VJ128/VJ143,A811,A330,SGN-HAN-SGN,12:10,13:40,12:10,13:40,13:00,13:39,13:40,13:50,01:30,00:40,ONTIME,ONTIME,ONTIME,DELAY,,,,,,,,,HAN,SGN,SGN,Domestic,VJ,,
2026-03-10|VJ939/VJ511|A552|KIX-HAN-DAD|14:20,2026-03-10,VJ939/VJ511,A552,A321,KIX-HAN-DAD,13:05,14:20,13:05,14:20,12:42,14:19,14:20,14:22,01:15,01:38,ONTIME,ONTIME,ONTIME,ONTIME,,,,,,,,,HAN,KIX,DAD,Domestic,VJ,,
2026-03-10|VJ566/VJ1491|A632|HUI-HAN-BMV|14:35,2026-03-10,VJ566/VJ1491,A632,A321,HUI-HAN-BMV,13:05,14:35,13:30,14:35,13:40,14:32,14:33,14:37,01:05,00:53,EARLY,ONTIME,ONTIME,DELAY,,,,,,,,,HAN,HUI,BMV,Domestic,VJ,,
2026-03-10|VJ921/VJ942|A548|NGO-HAN-TPE|14:40,2026-03-10,VJ921/VJ942,A548,A321,NGO-HAN-TPE,13:40,14:40,13:40,14:40,13:00,14:35,14:36,14:37,01:00,01:36,EARLY,ONTIME,ONTIME,ONTIME,,,,,,,,,HAN,NGO,TPE,International,VJ,,
2026-03-10|VJ941/VJ433|A674|TPE-HAN-UIH|15:25,2026-03-10,VJ941/VJ433,A674,A321,TPE-HAN-UIH,14:10,15:25,14:10,15:25,14:40,15:24,15:25,15:35,01:15,00:45,ONTIME,ONTIME,ONTIME,DELAY,,,,,,,,,HAN,TPE,UIH,Domestic,VJ,,
2026-03-10|VJ961/VJ1441|A500|ICN-HAN-PQC|15:30,2026-03-10,VJ961/VJ1441,A500,A321,ICN-HAN-PQC,14:10,15:30,14:10,15:30,13:50,15:28,15:30,15:37,01:20,01:40,ONTIME,ONTIME,ONTIME,ONTIME,,,,,,,,,HAN,ICN,PQC,Domestic,VJ,,
2026-03-10|VJ144/VJ145|A551|SGN-HAN-SGN|15:35,2026-03-10,VJ144/VJ145,A551,A321,SGN-HAN-SGN,14:10,15:35,14:10,15:35,14:20,15:29,15:30,15:35,01:25,01:10,EARLY,ONTIME,ONTIME,ONTIME,,,,,,,,,HAN,SGN,SGN,Domestic,VJ,,
2026-03-10|VJ198/VJ199|A642|SGN-HAN-SGN|15:35,2026-03-10,VJ198/VJ199,A642,A321,SGN-HAN-SGN,15:10,15:35,15:10,15:35,15:20,15:54,15:55,16:00,00:25,00:35,DELAY,DELAY,DELAY,ONTIME,,93,00:15,66,00:05,,,LATE ARR/CHANGE CREW HN OB 1530,HAN,SGN,SGN,Domestic,VJ,,
2026-03-10|VJ460/VJ191|A685|VCA-HAN-SGN|15:55,2026-03-10,VJ460/VJ191,A685,A321,VCA-HAN-SGN,15:35,15:55,15:35,17:30,15:50,17:29,17:30,17:32,01:55,01:40,ONTIME,ONTIME,DELAY,ONTIME,,,,,,,,,HAN,VCA,SGN,Domestic,VJ,,
2026-03-10|VJ961/VJ423|A500|ICN-HAN-PXU|15:55,2026-03-10,VJ961/VJ423,A500,A321,ICN-HAN-PXU,14:10,15:55,14:10,15:55,14:25,15:51,15:52,15:55,01:45,01:27,EARLY,ONTIME,ONTIME,ONTIME,,,,,,,,,HAN,ICN,PXU,Domestic,VJ,,
2026-03-10|VJ933/VJ195|A815|NRT-HAN-SGN|16:00,2026-03-10,VJ933/VJ195,A815,A330,NRT-HAN-SGN,14:00,16:00,14:00,16:00,13:55,15:59,16:00,16:05,02:00,02:05,ONTIME,ONTIME,ONTIME,ONTIME,,,,,,,,,HAN,NRT,SGN,Domestic,VJ,,
2026-03-10|VJ508/VJ913|A542|DAD-HAN-SAI|16:20,2026-03-10,VJ508/VJ913,A542,A321,DAD-HAN-SAI,15:35,16:20,15:00,16:20,15:45,16:27,16:28,16:30,01:20,00:43,DELAY,ONTIME,ONTIME,ONTIME,,66,00:08,,,,,CHANGE CREW OB 1600,HAN,DAD,SAI,International,VJ,,
2026-03-10|VJ462/VJ515|A656|VCA-HAN-DAD|16:25,2026-03-10,VJ462/VJ515,A656,A320,VCA-HAN-DAD,15:40,16:25,15:40,16:25,15:35,16:21,16:22,16:26,00:45,00:47,EARLY,ONTIME,ONTIME,ONTIME,,,,,,,,,HAN,VCA,DAD,Domestic,VJ,,
2026-03-10|VJ514/VJ465|A661|DAD-HAN-VCA|17:25,2026-03-10,VJ514/VJ465,A661,A321,DAD-HAN-VCA,16:45,17:25,16:45,18:00,17:30,18:09,18:10,18:20,01:15,00:40,DELAY,ONTIME,DELAY,DELAY,,41,00:10,,,,,TECHNICAL CHECK,HAN,DAD,VCA,Domestic,VJ,,
2026-03-10|VJ784/VJ783|A633|CXR-HAN-CXR|17:40,2026-03-10,VJ784/VJ783,A633,A321,CXR-HAN-CXR,17:10,17:40,17:30,18:15,17:50,18:19,18:20,18:27,00:45,00:30,DELAY,ONTIME,DELAY,DELAY,,93,00:05,,,,,,HAN,CXR,CXR,Domestic,VJ,,
2026-03-10|VJ512/VJ779|A552|DAD-HAN-CXR|18:00,2026-03-10,VJ512/VJ779,A552,A321,DAD-HAN-CXR,17:30,18:00,17:30,18:00,17:55,18:24,18:25,18:26,00:30,00:30,DELAY,DELAY,DELAY,DELAY,,93,00:25,,,,,,HAN,DAD,CXR,Domestic,VJ,,
2026-03-10|VJ446/VJ445|A663|PQC-HAN-PQC|18:10,2026-03-10,VJ446/VJ445,A663,A320,PQC-HAN-PQC,17:10,18:10,17:10,18:10,17:22,18:07,18:09,18:12,01:00,00:47,EARLY,ONTIME,ONTIME,ONTIME,,,,,,,,,HAN,PQC,PQC,Domestic,VJ,,
2026-03-10|VJ961/VJ193|A647|SIN-HAN-SGN|18:25,2026-03-10,VJ961/VJ193,A647,A321,SIN-HAN-SGN,17:25,18:25,17:25,18:25,17:10,18:24,18:25,18:35,01:00,01:15,ONTIME,ONTIME,ONTIME,ONTIME,,,,,,,,,HAN,SIN,SGN,Domestic,VJ,,
2026-03-10|VJ957/VJ493|A671|PUS-HAN-BMV|18:25,2026-03-10,VJ957/VJ493,A671,A320,PUS-HAN-BMV,17:20,18:25,17:20,18:25,17:20,18:21,18:22,18:35,01:05,01:02,EARLY,ONTIME,ONTIME,ONTIME,,,,,,,,,HAN,PUS,BMV,Domestic,VJ,,
2026-03-10|VJ902/VJ165|A549|BKK-HAN-SGN|18:30,2026-03-10,VJ902/VJ165,A549,A321,BKK-HAN-SGN,17:00,18:30,17:00,18:30,17:25,18:28,18:30,18:40,01:30,01:05,ONTIME,ONTIME,ONTIME,DELAY,,,,,,,,,HAN,BKK,SGN,Domestic,VJ,,
2026-03-10|VJ953/VJ1925|A655|HIJ-HAN-AMD|19:00,2026-03-10,VJ953/VJ1925,A655,A320,HIJ-HAN-AMD,16:20,19:00,16:20,19:00,16:34,18:52,18:53,18:57,02:40,02:19,EARLY,ONTIME,ONTIME,ONTIME,,,,,,,,,HAN,HIJ,AMD,International,VJ,,
2026-03-10|VJ192/VJ189|A543|SGN-HAN-SGN|19:00,2026-03-10,VJ192/VJ189,A543,A321,SGN-HAN-SGN,18:00,19:00,18:00,19:00,18:35,19:04,19:05,19:12,01:00,00:30,DELAY,ONTIME,ONTIME,DELAY,,93,00:05,,,,,,HAN,SGN,SGN,Domestic,VJ,,
2026-03-10|VJ1492/VJ517|A632|BMV-HAN-DAD|19:05,2026-03-10,VJ1492/VJ517,A632,A321,BMV-HAN-DAD,18:35,19:05,18:35,19:05,18:40,19:09,19:10,19:20,00:30,00:30,DELAY,ONTIME,ONTIME,ONTIME,,93,00:05,,,,,,HAN,BMV,DAD,Domestic,VJ,,
2026-03-10|VJ130/VJ971|A812|SGN-HAN-DEL|19:10,2026-03-10,VJ130/VJ971,A812,A330,SGN-HAN-DEL,16:45,19:10,16:45,19:10,17:05,19:09,19:10,19:17,02:25,02:05,ONTIME,ONTIME,ONTIME,DELAY,,,,,,,,,HAN,SGN,DEL,International,VJ,,
2026-03-10|VJ194/VJ569|A666|SGN-HAN-HUI|19:15,2026-03-10,VJ194/VJ569,A666,A320,SGN-HAN-HUI,17:30,19:15,17:30,19:15,17:28,19:14,19:15,19:24,01:45,01:47,ONTIME,ONTIME,ONTIME,ONTIME,,,,,,,,,HAN,SGN,HUI,Domestic,VJ,,
2026-03-10|VJ172/VJ177|A811|SGN-HAN-SGN|19:55,2026-03-10,VJ172/VJ177,A811,A330,SGN-HAN-SGN,18:55,19:55,18:55,19:55,19:25,19:59,20:00,20:10,01:00,00:35,DELAY,ONTIME,ONTIME,DELAY,,93,00:05,,,,,,HAN,SGN,SGN,Domestic,VJ,,
2026-03-10|VJ152/VJ155|A641|SGN-HAN-SGN|20:05,2026-03-10,VJ152/VJ155,A641,A321,SGN-HAN-SGN,19:15,20:05,19:15,20:05,19:55,20:24,20:25,20:30,00:50,00:30,DELAY,DELAY,DELAY,DELAY,,93,00:20,,,,,,HAN,SGN,SGN,Domestic,VJ,,
2026-03-10|VJ424/VJ501|A547|PXU-HAN-DAD|20:15,2026-03-10,VJ424/VJ501,A547,A321,PXU-HAN-DAD,19:35,20:15,19:35,20:15,19:55,20:24,20:25,20:30,00:40,00:30,DELAY,ONTIME,ONTIME,DELAY,,93,00:10,,,,,,HAN,PXU,DAD,Domestic,VJ,,
2026-03-10|VJ947/VJ521|A554|KHH-HAN-DAD|20:50,2026-03-10,VJ947/VJ521,A554,A321,KHH-HAN-DAD,18:05,20:50,18:05,20:50,18:05,21:12,21:13,21:15,02:45,03:08,DELAY,DELAY,DELAY,ONTIME,,95,00:23,,,,,CHANGE CREW FROM VJ949 OB 2050,HAN,KHH,DAD,Domestic,VJ,,
2026-03-10|VJ1440/VJ519|A500|PQC-HAN-DAD|21:10,2026-03-10,VJ1440/VJ519,A500,A321,PQC-HAN-DAD,20:10,21:10,20:10,21:10,20:24,21:01,21:02,21:10,01:00,00:38,EARLY,ONTIME,ONTIME,ONTIME,,,,,,,,,HAN,PQC,DAD,Domestic,VJ,,
2026-03-10|VJ931/VJ123|A524|KIX-HAN-SGN|22:10,2026-03-10,VJ931/VJ123,A524,A321,KIX-HAN-SGN,19:15,22:10,19:15,22:10,19:20,21:59,22:00,22:03,02:55,02:40,EARLY,ONTIME,ONTIME,ONTIME,,,,,,,,,HAN,KIX,SGN,Domestic,VJ,,
2026-03-10|VJ914/VJ523|A542|SAI-HAN-DAD|22:45,2026-03-10,VJ914/VJ523,A542,A320,SAI-HAN-DAD,20:50,22:45,20:50,22:45,20:30,22:39,22:40,22:41,01:55,02:10,EARLY,ONTIME,ONTIME,ONTIME,,,,,,,,,HAN,SAI,DAD,Domestic,VJ,,
2026-03-10|VJ943/VJ962|A548|TPE-HAN-ICN|22:50,2026-03-10,VJ943/VJ962,A548,A321,TPE-HAN-ICN,21:10,22:50,21:10,22:50,21:45,22:49,22:50,22:58,01:40,01:05,ONTIME,ONTIME,ONTIME,DELAY,,,,,,,,,HAN,TPE,ICN,International,VJ,,
2026-03-10|VJ180/VJ171|A536|SGN-HAN-SGN|23:25,2026-03-10,VJ180/VJ171,A536,A321,SGN-HAN-SGN,22:25,23:25,22:25,23:25,22:30,23:15,23:16,23:21,01:00,00:46,EARLY,ONTIME,ONTIME,ONTIME,,,,,,,,,HAN,SGN,SGN,Domestic,VJ,,
2026-03-10|VJ935/VJ7526|A653|NRT-HAN-CAN|23:40,2026-03-10,VJ935/VJ7526,A653,A321,NRT-HAN-CAN,20:55,23:40,20:55,23:40,20:55,23:39,23:40,23:44,02:45,02:45,ONTIME,ONTIME,ONTIME,ONTIME,,,,,,,,,HAN,NRT,CAN,International,VJ,,
2026-03-11|VJ3523/VJ3523|A539|PQC-HAN-KHV|00:25,2026-03-11,VJ3523/VJ3523,A539,A321,PQC-HAN-KHV,23:55,00:25,23:55,00:25,23:55,00:24,00:25,00:32,00:30,00:30,ONTIME,ONTIME,ONTIME,ONTIME,,,,,,,,,HAN,PQC,KHV,International,VJ,,
2026-03-11|VJ932|A815|HAN-NRT|00:55,2026-03-11,VJ932,A815,A330,HAN-NRT,,00:55,,00:55,,00:54,00:55,01:05,,,ONTIME,ONTIME,ONTIME,,,,,,,,,,HAN,,NRT,International,VJ,,
2026-03-11|VJ982|A687|HAN-PUS|01:00,2026-03-11,VJ982,A687,A321,HAN-PUS,,01:00,,01:00,,00:51,00:52,00:54,,,EARLY,ONTIME,ONTIME,,,,,,,,,,HAN,,PUS,International,VJ,,
2026-03-11|VJ920|A500|HAN-NGO|01:35,2026-03-11,VJ920,A500,A321,HAN-NGO,,01:35,,01:35,,01:29,01:30,01:36,,,EARLY,ONTIME,ONTIME,,,,,,,,,,HAN,,NGO,International,VJ,,
2026-03-11|VJ938|A552|HAN-KIX|01:40,2026-03-11,VJ938,A552,A321,HAN-KIX,,01:40,,01:40,,01:37,01:38,01:41,,,EARLY,ONTIME,ONTIME,,,,,,,,,,HAN,,KIX,International,VJ,,
2026-03-11|VJ960|A547|HAN-ICN|01:45,2026-03-11,VJ960,A547,A321,HAN-ICN,,01:45,,01:45,,01:36,01:37,01:42,,,EARLY,ONTIME,ONTIME,,,,,,,,,,HAN,,ICN,International,VJ,,
2026-03-11|VJ179|A538|HAN-SGN|05:00,2026-03-11,VJ179,A538,A321,HAN-SGN,,05:00,,05:00,,04:54,04:55,05:05,,,EARLY,ONTIME,ONTIME,,,,,,,,,,HAN,,SGN,Domestic,VJ,,
2026-03-11|VJ509|A647|HAN-DAD|05:25,2026-03-11,VJ509,A647,A321,HAN-DAD,,05:25,,05:25,,05:19,05:20,05:26,,,EARLY,ONTIME,ONTIME,,,,,,,,,,HAN,,DAD,Domestic,VJ,,
2026-03-11|VJ461|A658|HAN-VCA|05:30,2026-03-11,VJ461,A658,A320,HAN-VCA,,05:30,,05:30,,05:24,05:25,05:35,,,EARLY,ONTIME,ONTIME,,,,,,,,,,HAN,,VCA,Domestic,VJ,,
2026-03-11|VJ443|A635|HAN-PQC|06:00,2026-03-11,VJ443,A635,A321,HAN-PQC,,06:00,,06:00,,05:54,05:55,06:01,,,EARLY,ONTIME,ONTIME,,,,,,,,,,HAN,,PQC,Domestic,VJ,,
2026-03-11|VJ503|A632|HAN-DAD|06:00,2026-03-11,VJ503,A632,A321,HAN-DAD,,06:00,,06:00,,05:54,05:55,06:05,,,EARLY,ONTIME,ONTIME,,,,,,,,,,HAN,,DAD,Domestic,VJ,,
2026-03-11|VJ491|A641|HAN-BMV|06:00,2026-03-11,VJ491,A641,A321,HAN-BMV,,06:00,,06:00,,05:54,05:55,06:00,,,EARLY,ONTIME,ONTIME,,,,,,,,,,HAN,,BMV,Domestic,VJ,,
2026-03-11|VJ421|A671|HAN-PXU|06:05,2026-03-11,VJ421,A671,A320,HAN-PXU,,06:05,,06:05,,05:59,06:00,06:10,,,EARLY,ONTIME,ONTIME,,,,,,,,,,HAN,,PXU,Domestic,VJ,,
2026-03-11|VJ105|652G|HAN-VCS|06:45,2026-03-11,VJ105,652G,C909,HAN-VCS,,06:45,,06:45,,06:44,06:45,06:55,,,ONTIME,ONTIME,ONTIME,,,,,,,,,,HAN,,VCS,Domestic,VJ,,
2026-03-11|VJ972/VJ167|A812|DEL-HAN-SGN|06:50,2026-03-11,VJ972/VJ167,A812,A330,DEL-HAN-SGN,05:35,06:50,05:35,06:50,05:35,06:49,06:50,06:52,01:15,01:15,ONTIME,ONTIME,ONTIME,ONTIME,,,,,,,,,HAN,DEL,SGN,Domestic,VJ,,
2026-03-11|VJ431|A685|HAN-UIH|07:10,2026-03-11,VJ431,A685,A321,HAN-UIH,,07:10,,07:10,,07:04,07:05,07:13,,,EARLY,ONTIME,ONTIME,,,,,,,,,,HAN,,UIH,Domestic,VJ,,
2026-03-11|VJ905|A534|HAN-KUL|07:10,2026-03-11,VJ905,A534,A321,HAN-KUL,,07:10,,07:10,,07:09,07:10,07:20,,,ONTIME,ONTIME,ONTIME,,,,,,,,,,HAN,,KUL,International,VJ,,
2026-03-11|VJ1926/VJ956|A655|AMD-HAN-PUS|07:30,2026-03-11,VJ1926/VJ956,A655,A320,AMD-HAN-PUS,06:20,07:30,06:20,07:30,05:30,07:24,07:25,07:34,01:10,01:55,EARLY,ONTIME,ONTIME,ONTIME,,,,,,,,,HAN,AMD,PUS,International,VJ,,
2026-03-11|VJ940|A532|HAN-TPE|07:35,2026-03-11,VJ940,A532,A321,HAN-TPE,,07:35,,07:35,,07:39,07:40,07:45,,,DELAY,ONTIME,ONTIME,,,15A,00:05,,,,,CUT 1PAX &03BAG,HAN,,TPE,International,VJ,,
2026-03-11|VJ107|656E|HAN-VCS|08:15,2026-03-11,VJ107,656E,C909,HAN-VCS,,08:15,,08:15,,08:07,08:08,08:10,,,EARLY,ONTIME,ONTIME,,,,,,,,,,HAN,,VCS,Domestic,VJ,,
2026-03-11|VJ930|A674|HAN-KIX|08:20,2026-03-11,VJ930,A674,A321,HAN-KIX,,08:20,,08:20,,08:24,08:25,08:35,,,DELAY,ONTIME,ONTIME,,,15A,00:05,,,,,OFFLOAD 1 PAX 1 BAG,HAN,,KIX,International,VJ,,
2026-03-11|VJ7527/VJ934|A653|CAN-HAN-NRT|08:20,2026-03-11,VJ7527/VJ934,A653,A321,CAN-HAN-NRT,04:35,08:20,04:35,08:20,04:25,08:49,08:50,09:10,03:45,04:25,DELAY,DELAY,DELAY,ONTIME,,87,00:15,99,00:15,,,STUCK AT IMMIGRATION/LATE ACCEPT 6 PAX 10 BAG,HAN,CAN,NRT,International,VJ,,
2026-03-11|VJ524/VJ771|A683|DAD-HAN-CXR|08:35,2026-03-11,VJ524/VJ771,A683,A321,DAD-HAN-CXR,08:00,08:35,08:00,08:35,07:55,08:34,08:35,08:43,00:35,00:40,ONTIME,ONTIME,ONTIME,ONTIME,,,,,,,,,HAN,DAD,CXR,Domestic,VJ,,
2026-03-11|VJ120/VJ121|A811|SGN-HAN-SGN|08:40,2026-03-11,VJ120/VJ121,A811,A330,SGN-HAN-SGN,07:40,08:40,07:40,08:40,07:30,08:39,08:40,08:42,01:00,01:10,ONTIME,ONTIME,ONTIME,ONTIME,,,,,,,,,HAN,SGN,SGN,Domestic,VJ,,
2026-03-11|VJ929|A656|HAN-CGK|08:40,2026-03-11,VJ929,A656,A320,HAN-CGK,,08:40,,08:40,,08:39,08:40,08:50,,,ONTIME,ONTIME,ONTIME,,,,,,,,,,HAN,,CGK,International,VJ,,
2026-03-11|VJ127|A661|HAN-SGN|08:55,2026-03-11,VJ127,A661,A321,HAN-SGN,,08:55,,08:55,,08:54,08:55,09:05,,,ONTIME,ONTIME,ONTIME,,,,,,,,,,HAN,,SGN,Domestic,VJ,,
2026-03-11|VJ430/VJ527|A685|UIH-HAN-DAD|09:30,2026-03-11,VJ430/VJ527,A685,A321,UIH-HAN-DAD,10:55,09:30,10:55,11:30,11:05,11:28,11:29,11:34,00:35,00:24,EARLY,ONTIME,DELAY,ONTIME,,,,,,,,,HAN,UIH,DAD,Domestic,VJ,,
2026-03-11|VJ510/VJ915|A647|DAD-HAN-SIN|09:35,2026-03-11,VJ510/VJ915,A647,A321,DAD-HAN-SIN,08:35,09:35,08:35,09:35,08:50,09:29,09:30,09:45,01:00,00:40,EARLY,ONTIME,ONTIME,ONTIME,,,,,,,,,HAN,DAD,SIN,International,VJ,,
2026-03-11|VJ126/VJ997|A578|SGN-HAN-DPS|10:00,2026-03-11,VJ126/VJ997,A578,A321,SGN-HAN-DPS,08:25,10:00,08:25,10:00,08:25,09:59,10:00,10:25,01:35,01:35,ONTIME,ONTIME,DELAY,ONTIME,,,,,,,,,HAN,SGN,DPS,International,VJ,,
2026-03-11|VJ148/VJ149|-NVG|SGN-HAN-SGN|10:05,2026-03-11,VJ148/VJ149,-NVG,A320,SGN-HAN-SGN,09:30,10:05,09:30,10:05,09:40,10:04,10:05,10:09,00:35,00:25,ONTIME,ONTIME,ONTIME,ONTIME,,,,,,,,,HAN,SGN,SGN,Domestic,VJ,,
2026-03-11|VJ504/VJ567|A632|DAD-HAN-HUI|10:10,2026-03-11,VJ504/VJ567,A632,A321,DAD-HAN-HUI,09:20,10:10,09:20,10:10,09:20,10:04,10:05,10:10,00:50,00:45,EARLY,ONTIME,ONTIME,ONTIME,,,,,,,,,HAN,DAD,HUI,Domestic,VJ,,
2026-03-11|VJ422/VJ463|A671|PXU-HAN-VCA|10:30,2026-03-11,VJ422/VJ463,A671,A320,PXU-HAN-VCA,09:40,10:30,09:40,10:30,09:55,10:29,10:30,10:39,00:50,00:35,ONTIME,ONTIME,ONTIME,ONTIME,,,,,,,,,HAN,PXU,VCA,Domestic,VJ,,
2026-03-11|VJ492/VJ507|A641|BMV-HAN-DAD|10:30,2026-03-11,VJ492/VJ507,A641,A321,BMV-HAN-DAD,10:00,10:30,10:00,10:30,10:05,10:39,10:40,10:45,00:30,00:35,DELAY,ONTIME,ONTIME,ONTIME,,93,00:05,66,00:05,,,CREW HN OB 10:10,HAN,BMV,DAD,Domestic,VJ,,
2026-03-11|VJ176/VJ775|A634|SGN-HAN-CXR|10:40,2026-03-11,VJ176/VJ775,A634,A321,SGN-HAN-CXR,09:00,10:40,09:00,10:40,09:50,10:33,10:34,10:44,01:40,00:44,EARLY,ONTIME,ONTIME,DELAY,,,,,,,,,HAN,SGN,CXR,Domestic,VJ,,
2026-03-11|VJ136/VJ135|A637|SGN-HAN-SGN|11:10,2026-03-11,VJ136/VJ135,A637,A321,SGN-HAN-SGN,10:40,11:10,10:40,11:10,10:40,11:19,11:20,11:24,00:30,00:40,DELAY,ONTIME,ONTIME,ONTIME,,66,00:10,,,,,CREW HN OB 10:50,HAN,SGN,SGN,Domestic,VJ,,
2026-03-11|VJ132/VJ137|A544|SGN-HAN-SGN|11:40,2026-03-11,VJ132/VJ137,A544,A321,SGN-HAN-SGN,11:10,11:40,11:10,11:40,11:20,11:39,11:40,11:55,00:30,00:20,ONTIME,ONTIME,ONTIME,ONTIME,,,,,,,,,HAN,SGN,SGN,Domestic,VJ,,
2026-03-11|VJ772/VJ133|A816|CXR-HAN-SGN|11:40,2026-03-11,VJ772/VJ133,A816,A330,CXR-HAN-SGN,10:40,11:40,10:40,11:40,11:00,11:39,11:40,11:50,01:00,00:40,ONTIME,ONTIME,ONTIME,DELAY,,,,,,,,,HAN,CXR,SGN,Domestic,VJ,,
2026-03-11|VJ963/VJ946|A548|ICN-HAN-KHH|11:45,2026-03-11,VJ963/VJ946,A548,A321,ICN-HAN-KHH,09:30,11:45,09:30,11:45,09:10,11:34,11:35,11:40,02:15,02:25,EARLY,ONTIME,ONTIME,ONTIME,,,,,,,,,HAN,ICN,KHH,International,VJ,,
2026-03-11|VJ442/VJ901|A635|PQC-HAN-BKK|12:15,2026-03-11,VJ442/VJ901,A635,A321,PQC-HAN-BKK,10:45,12:15,10:45,12:15,10:50,12:09,12:10,12:14,01:30,01:20,EARLY,ONTIME,ONTIME,ONTIME,,,,,,,,,HAN,PQC,BKK,International,VJ,,
2026-03-11|VJ440/VJ441|A663|PQC-HAN-PQC|12:25,2026-03-11,VJ440/VJ441,A663,A320,PQC-HAN-PQC,12:20,12:25,12:20,12:55,12:25,12:54,12:55,13:04,00:35,00:30,ONTIME,ONTIME,DELAY,ONTIME,,,,,,,,,HAN,PQC,PQC,Domestic,VJ,,
2026-03-11|VJ981/VJ948|A687|PUS-HAN-RMQ|13:30,2026-03-11,VJ981/VJ948,A687,A321,PUS-HAN-RMQ,11:00,13:30,11:00,13:30,10:38,13:34,13:35,13:45,02:30,02:57,DELAY,ONTIME,ONTIME,ONTIME,,15A,00:05,,,,,OFFLOAD 1PAX 3BAG,HAN,PUS,RMQ,International,VJ,,
2026-03-11|VJ128/VJ513|A698|SGN-HAN-DAD|13:35,2026-03-11,VJ128/VJ513,A698,A321,SGN-HAN-DAD,12:10,13:35,12:10,13:35,12:15,13:29,13:30,13:33,01:25,01:15,EARLY,ONTIME,ONTIME,ONTIME,,,,,,,,,HAN,SGN,DAD,Domestic,VJ,,
2026-03-11|VJ770/VJ143|A677|CXR-HAN-SGN|13:40,2026-03-11,VJ770/VJ143,A677,A321,CXR-HAN-SGN,13:00,13:40,13:00,14:00,13:35,14:04,14:05,14:10,01:00,00:30,DELAY,ONTIME,DELAY,DELAY,,93,00:05,,,,,,HAN,CXR,SGN,Domestic,VJ,,
2026-03-11|VJ3524/VJ3524|A539|KHV-HAN-PQC|14:15,2026-03-11,VJ3524/VJ3524,A539,A321,KHV-HAN-PQC,13:45,14:15,13:45,14:15,13:20,13:59,14:00,14:05,00:30,00:40,EARLY,ONTIME,ONTIME,ONTIME,,,,,,,,,HAN,KHV,PQC,Domestic,VJ,,
2026-03-11|VJ508/VJ511|A641|DAD-HAN-DAD|14:20,2026-03-11,VJ508/VJ511,A641,A321,DAD-HAN-DAD,13:40,14:20,14:05,14:40,14:20,14:49,14:50,14:56,00:35,00:30,DELAY,ONTIME,DELAY,DELAY,,93,00:10,,,,,,HAN,DAD,DAD,Domestic,VJ,,
2026-03-11|VJ939/VJ942|A552|KIX-HAN-TPE|14:25,2026-03-11,VJ939/VJ942,A552,A321,KIX-HAN-TPE,13:05,14:25,13:05,14:25,12:55,14:21,14:22,14:27,01:20,01:27,EARLY,ONTIME,ONTIME,ONTIME,,,,,,,,,HAN,KIX,TPE,International,VJ,,
2026-03-11|VJ566/VJ1491|A632|HUI-HAN-BMV|14:35,2026-03-11,VJ566/VJ1491,A632,A321,HUI-HAN-BMV,13:05,14:35,13:05,14:35,13:15,14:28,14:30,14:32,01:30,01:15,EARLY,ONTIME,ONTIME,ONTIME,,,,,,,,,HAN,HUI,BMV,Domestic,VJ,,
2026-03-11|VJ188/VJ151|-NVE|SGN-HAN-SGN|14:55,2026-03-11,VJ188/VJ151,-NVE,A320,SGN-HAN-SGN,14:20,14:55,14:20,15:25,15:15,15:39,15:40,15:50,01:05,00:25,DELAY,ONTIME,DELAY,DELAY,,93,00:15,,,,,,HAN,SGN,SGN,Domestic,VJ,,
2026-03-11|VJ921/VJ153|A500|NGO-HAN-SGN|15:10,2026-03-11,VJ921/VJ153,A500,A321,NGO-HAN-SGN,13:40,15:10,13:40,15:10,13:00,15:09,15:10,15:20,01:30,02:10,ONTIME,ONTIME,ONTIME,ONTIME,,,,,,,,,HAN,NGO,SGN,Domestic,VJ,,
2026-03-11|VJ138/VJ433|A669|SGN-HAN-UIH|15:25,2026-03-11,VJ138/VJ433,A669,A320,SGN-HAN-UIH,14:40,15:25,14:40,15:25,15:15,15:34,15:35,15:40,00:45,00:20,DELAY,ONTIME,ONTIME,DELAY,,93,00:10,,,,,,HAN,SGN,UIH,Domestic,VJ,,
2026-03-11|VJ961/VJ1441|A547|ICN-HAN-PQC|15:30,2026-03-11,VJ961/VJ1441,A547,A321,ICN-HAN-PQC,14:10,15:30,14:10,15:30,14:00,15:24,15:25,15:28,01:20,01:25,EARLY,ONTIME,ONTIME,ONTIME,,,,,,,,,HAN,ICN,PQC,Domestic,VJ,,
2026-03-11|VJ906/VJ145|A534|KUL-HAN-SGN|15:35,2026-03-11,VJ906/VJ145,A534,A321,KUL-HAN-SGN,14:55,15:35,14:55,15:35,15:05,15:34,15:35,15:45,00:40,00:30,ONTIME,ONTIME,ONTIME,ONTIME,,,,,,,,,HAN,KUL,SGN,Domestic,VJ,,
2026-03-11|VJ199|A546|CXR-HAN-SGN|15:35,2026-03-11,VJ199,A546,A321,CXR-HAN-SGN,,15:35,,16:45,,16:44,16:45,16:54,,,ONTIME,ONTIME,DELAY,,,,,,,,,,HAN,CXR,SGN,Domestic,VJ,,
2026-03-11|VJ941/VJ903|A532|TPE-HAN-BKK|15:50,2026-03-11,VJ941/VJ903,A532,A321,TPE-HAN-BKK,14:10,15:50,14:10,15:50,14:55,15:47,15:48,15:52,01:40,00:53,EARLY,ONTIME,ONTIME,DELAY,,,,,,,,,HAN,TPE,BKK,International,VJ,,
2026-03-11|VJ774/VJ423|A684|SGN-HAN-PXU|15:55,2026-03-11,VJ774/VJ423,A684,A321,SGN-HAN-PXU,14:40,15:55,14:40,15:55,15:20,15:54,15:55,16:00,01:15,00:35,ONTIME,ONTIME,ONTIME,DELAY,,,,,,,,,HAN,SGN,PXU,Domestic,VJ,,
2026-03-11|VJ933/VJ195|A815|NRT-HAN-SGN|16:00,2026-03-11,VJ933/VJ195,A815,A330,NRT-HAN-SGN,14:00,16:00,14:00,16:00,14:20,16:14,16:15,16:40,02:00,01:55,DELAY,ONTIME,DELAY,DELAY,,95,00:15,,,,,CREW VJ138 OB 1535,HAN,NRT,SGN,Domestic,VJ,,
2026-03-11|VJ198/VJ913|A535|SGN-HAN-SAI|16:20,2026-03-11,VJ198/VJ913,A535,A321,SGN-HAN-SAI,15:10,16:20,15:10,16:20,15:45,16:27,16:28,16:30,01:10,00:43,DELAY,ONTIME,ONTIME,DELAY,,66,00:08,,,,,CHANGE CREW OB 1600,HAN,SGN,SAI,International,VJ,,
2026-03-11|VJ460/VJ515|A671|VCA-HAN-DAD|16:25,2026-03-11,VJ460/VJ515,A671,A320,VCA-HAN-DAD,15:20,16:25,15:20,16:25,15:35,16:24,16:25,16:29,01:05,00:50,ONTIME,ONTIME,ONTIME,ONTIME,,,,,,,,,HAN,VCA,DAD,Domestic,VJ,,
2026-03-11|VJ514/VJ465|A698|DAD-HAN-VCA|17:25,2026-03-11,VJ514/VJ465,A698,A321,DAD-HAN-VCA,16:45,17:25,16:45,17:25,16:55,17:24,17:25,17:33,00:40,00:30,ONTIME,ONTIME,ONTIME,ONTIME,,,,,,,,,HAN,DAD,VCA,Domestic,VJ,,
2026-03-11|VJ462/VJ445|A658|VCA-HAN-PQC|17:40,2026-03-11,VJ462/VJ445,A658,A320,VCA-HAN-PQC,15:40,17:40,15:40,17:40,16:15,17:48,17:49,17:55,02:00,01:34,DELAY,ONTIME,ONTIME,DELAY,,49,00:10,,,,,WAIT MCC SIGN TECHLOG,HAN,VCA,PQC,Domestic,VJ,,
2026-03-11|VJ146/VJ779|A636|SGN-HAN-CXR|18:00,2026-03-11,VJ146/VJ779,A636,A321,SGN-HAN-CXR,17:00,18:00,17:00,18:00,17:00,17:54,17:55,18:00,01:00,00:55,EARLY,ONTIME,ONTIME,ONTIME,,,,,,,,,HAN,SGN,CXR,Domestic,VJ,,
2026-03-11|VJ902/VJ169|A635|BKK-HAN-SGN|18:00,2026-03-11,VJ902/VJ169,A635,A321,BKK-HAN-SGN,17:00,18:00,17:00,18:00,17:05,17:58,18:00,18:00,01:00,00:55,ONTIME,ONTIME,ONTIME,ONTIME,,,,,,,,,HAN,BKK,SGN,Domestic,VJ,,
2026-03-11|VJ194/VJ193|A544|SGN-HAN-SGN|18:10,2026-03-11,VJ194/VJ193,A544,A321,SGN-HAN-SGN,17:30,18:10,17:30,18:10,17:20,18:09,18:10,18:14,00:40,00:50,ONTIME,ONTIME,ONTIME,ONTIME,,,,,,,,,HAN,SGN,SGN,Domestic,VJ,,
2026-03-11|VJ957/VJ1925|A655|PUS-HAN-AMD|19:00,2026-03-11,VJ957/VJ1925,A655,A320,PUS-HAN-AMD,17:20,19:00,17:20,19:00,17:10,18:54,18:55,19:00,01:40,01:45,EARLY,ONTIME,ONTIME,ONTIME,,,,,,,,,HAN,PUS,AMD,International,VJ,,
2026-03-11|VJ1492/VJ517|A632|BMV-HAN-DAD|19:05,2026-03-11,VJ1492/VJ517,A632,A321,BMV-HAN-DAD,18:35,19:05,18:35,19:05,18:45,19:14,19:15,19:20,00:30,00:30,DELAY,ONTIME,ONTIME,ONTIME,,93,00:10,,,,,,HAN,BMV,DAD,Domestic,VJ,,
2026-03-11|VJ928/VJ173|A656|CGK-HAN-SGN|19:05,2026-03-11,VJ928/VJ173,A656,A320,CGK-HAN-SGN,18:15,19:05,18:15,19:05,18:35,19:04,19:05,19:19,00:50,00:30,ONTIME,ONTIME,ONTIME,DELAY,,,,,,,,,HAN,CGK,SGN,Domestic,VJ,,
2026-03-11|VJ947/VJ907|A548|KHH-HAN-BOM|19:15,2026-03-11,VJ947/VJ907,A548,A321,KHH-HAN-BOM,18:05,19:15,18:05,19:15,17:55,19:00,19:01,19:06,01:10,01:06,EARLY,ONTIME,ONTIME,ONTIME,,,,,,,,,HAN,KHH,BOM,International,VJ,,
2026-03-11|VJ194/VJ569|A637|SGN-HAN-HUI|19:15,2026-03-11,VJ194/VJ569,A637,A321,SGN-HAN-HUI,17:30,19:15,17:30,19:15,18:25,19:09,10:10,19:15,01:45,15:45,EARLY,ONTIME,ONTIME,DELAY,,,,,,,,,HAN,SGN,HUI,Domestic,VJ,,
2026-03-11|VJ916/VJ519|A647|SIN-HAN-DAD|19:45,2026-03-11,VJ916/VJ519,A647,A321,SIN-HAN-DAD,17:25,19:45,17:25,19:45,17:25,19:38,19:40,19:50,02:20,02:15,EARLY,ONTIME,ONTIME,ONTIME,,,,,,,,,HAN,SIN,DAD,Domestic,VJ,,
2026-03-11|VJ432/VJ165|A669|UIH-HAN-SGN|20:05,2026-03-11,VJ432/VJ165,A669,A320,UIH-HAN-SGN,19:10,20:05,19:30,20:05,19:25,20:03,20:05,20:08,00:35,00:40,ONTIME,ONTIME,ONTIME,ONTIME,,,,,,,,,HAN,UIH,SGN,Domestic,VJ,,
2026-03-11|VJ152/VJ155|A661|SGN-HAN-SGN|20:05,2026-03-11,VJ152/VJ155,A661,A321,SGN-HAN-SGN,19:15,20:05,19:15,20:25,20:00,20:24,20:25,20:35,01:10,00:25,ONTIME,ONTIME,DELAY,DELAY,,,,,,,,,HAN,SGN,SGN,Domestic,VJ,,
2026-03-11|VJ446/VJ7712|A689|PQC-HAN-PKX|20:05,2026-03-11,VJ446/VJ7712,A689,A320,PQC-HAN-PKX,17:10,20:05,19:05,20:35,19:20,20:32,20:33,20:45,01:30,01:13,EARLY,ONTIME,DELAY,DELAY,,,,,,,,,HAN,PQC,PKX,International,VJ,,
2026-03-11|VJ424/VJ501|A684|PXU-HAN-DAD|20:15,2026-03-11,VJ424/VJ501,A684,A321,PXU-HAN-DAD,19:35,20:15,19:35,20:15,19:55,20:18,20:20,20:23,00:40,00:25,DELAY,ONTIME,ONTIME,DELAY,,93,00:05,,,,,,HAN,PXU,DAD,Domestic,VJ,,
2026-03-11|VJ949/VJ521|A687|RMQ-HAN-DAD|20:50,2026-03-11,VJ949/VJ521,A687,A321,RMQ-HAN-DAD,19:50,20:50,19:50,20:50,20:10,20:47,20:48,20:55,01:00,00:38,EARLY,ONTIME,ONTIME,DELAY,,,,,,,,,HAN,RMQ,DAD,Domestic,VJ,,
2026-03-11|VJ516/VJ7238|A671|DAD-HAN-PVG|21:30,2026-03-11,VJ516/VJ7238,A671,A320,DAD-HAN-PVG,19:35,21:30,19:35,21:30,20:00,21:14,21:15,21:20,01:55,01:15,EARLY,ONTIME,ONTIME,DELAY,,,,,,,,,HAN,DAD,PVG,International,VJ,,
2026-03-11|VJ568/VJ523|A542|HUI-HAN-DAD|22:45,2026-03-11,VJ568/VJ523,A542,A321,HUI-HAN-DAD,22:15,22:45,22:20,22:45,22:30,22:54,22:55,23:00,00:25,00:25,DELAY,ONTIME,ONTIME,ONTIME,,93,00:10,,,,,,HAN,HUI,DAD,Domestic,VJ,,
2026-03-11|VJ154/VJ962|A500|SGN-HAN-ICN|22:50,2026-03-11,VJ154/VJ962,A500,A321,SGN-HAN-ICN,20:10,22:50,20:10,22:50,20:25,22:49,22:50,23:00,02:40,02:25,ONTIME,ONTIME,ONTIME,ONTIME,,,,,,,,,HAN,SGN,ICN,International,VJ,,
2026-03-11|VJ998/VJ171|A578|DPS-HAN-SGN|23:25,2026-03-11,VJ998/VJ171,A578,A321,DPS-HAN-SGN,21:35,23:25,21:35,23:25,21:30,23:24,23:25,23:30,01:50,01:55,ONTIME,ONTIME,ONTIME,ONTIME,,,,,,,,,HAN,DPS,SGN,Domestic,VJ,,
2026-03-11|VJ904/VJ7526|A532|BKK-HAN-CAN|23:40,2026-03-11,VJ904/VJ7526,A532,A321,BKK-HAN-CAN,20:25,23:40,20:25,23:40,20:35,23:39,23:40,23:45,03:15,03:05,ONTIME,ONTIME,ONTIME,ONTIME,,,,,,,,,HAN,BKK,CAN,International,VJ,,
2026-03-12|VJ932|A653|HAN-NRT|00:55,2026-03-12,VJ932,A653,A321,HAN-NRT,,00:55,,00:55,,00:44,00:45,00:46,,,EARLY,ONTIME,ONTIME,,,,,,,,,,HAN,,NRT,International,VJ,,
2026-03-12|VJ982|A647|HAN-PUS|01:00,2026-03-12,VJ982,A647,A321,HAN-PUS,,01:00,,01:00,,00:54,00:54,01:02,,,EARLY,ONTIME,ONTIME,,,,,,,,,,HAN,,PUS,International,VJ,,
2026-03-12|VJ7704/VJ7704|A516|CXR-HAN-VVO|01:00,2026-03-12,VJ7704/VJ7704,A516,A321,CXR-HAN-VVO,00:30,01:00,00:50,01:20,00:30,01:09,01:10,01:15,00:30,00:40,EARLY,ONTIME,ONTIME,ONTIME,,,,,,,,,HAN,CXR,VVO,International,VJ,,
2026-03-12|VJ920|A552|HAN-NGO|01:35,2026-03-12,VJ920,A552,A321,HAN-NGO,,01:35,,01:35,,01:29,01:30,01:35,,,EARLY,ONTIME,ONTIME,,,,,,,,,,HAN,,NGO,International,VJ,,
2026-03-12|VJ938|A674|HAN-KIX|01:40,2026-03-12,VJ938,A674,A321,HAN-KIX,,01:40,,01:40,,01:28,01:30,01:35,,,EARLY,ONTIME,ONTIME,,,,,,,,,,HAN,,KIX,International,VJ,,
2026-03-12|VJ960|A547|HAN-ICN|01:45,2026-03-12,VJ960,A547,A321,HAN-ICN,,01:45,,01:45,,01:29,01:30,01:40,,,EARLY,ONTIME,ONTIME,,,,,,,,,,HAN,,ICN,International,VJ,,
2026-03-12|VJ958|A687|HAN-FUK|02:05,2026-03-12,VJ958,A687,A321,HAN-FUK,,02:05,,02:05,,02:02,02:03,02:05,,,EARLY,ONTIME,ONTIME,,,,,,,,,,HAN,,FUK,International,VJ,,
2026-03-12|VJ179|A666|HAN-SGN|05:00,2026-03-12,VJ179,A666,A320,HAN-SGN,,05:00,,05:00,,04:59,05:00,05:14,,,ONTIME,ONTIME,ONTIME,,,,,,,,,,HAN,,SGN,Domestic,VJ,,
2026-03-12|VJ461|A657|HAN-VCA|05:30,2026-03-12,VJ461,A657,A321,HAN-VCA,,05:30,,05:30,,05:24,05:25,05:34,,,EARLY,ONTIME,ONTIME,,,,,,,,,,HAN,,VCA,Domestic,VJ,,
2026-03-12|VJ503|A546|HAN-DAD|05:55,2026-03-12,VJ503,A546,A321,HAN-DAD,,05:55,,05:55,,05:49,05:50,06:00,,,EARLY,ONTIME,ONTIME,,,,,,,,,,HAN,,DAD,Domestic,VJ,,
2026-03-12|VJ491|A632|HAN-BMV|05:55,2026-03-12,VJ491,A632,A321,HAN-BMV,,05:55,,05:55,,05:47,05:48,05:51,,,EARLY,ONTIME,ONTIME,,,,,,,,,,HAN,,BMV,Domestic,VJ,,
2026-03-12|VJ443|A535|HAN-PQC|06:00,2026-03-12,VJ443,A535,A321,HAN-PQC,,06:00,,06:00,,05:54,05:55,06:08,,,EARLY,ONTIME,ONTIME,,,,,,,,,,HAN,,PQC,Domestic,VJ,,
2026-03-12|VJ421|A636|HAN-PXU|06:05,2026-03-12,VJ421,A636,A321,HAN-PXU,,06:05,,06:05,,05:59,06:00,06:05,,,EARLY,ONTIME,ONTIME,,,,,,,,,,HAN,,PXU,Domestic,VJ,,
2026-03-12|VJ7239/VJ952|A671|PVG-HAN-HIJ|06:35,2026-03-12,VJ7239/VJ952,A671,A320,PVG-HAN-HIJ,05:15,06:35,05:15,06:35,,06:29,06:30,06:38,01:20,,EARLY,ONTIME,ONTIME,ONTIME,,,,,,,,,HAN,PVG,HIJ,International,VJ,,
2026-03-12|VJ181|A698|HAN-SGN|06:40,2026-03-12,VJ181,A698,A321,HAN-SGN,,06:40,,06:40,,06:38,06:40,06:43,,,ONTIME,ONTIME,ONTIME,,,,,,,,,A/C LATE TO PARKING 45,HAN,,SGN,Domestic,VJ,,
2026-03-12|VJ105|652G|HAN-VCS|06:45,2026-03-12,VJ105,652G,C909,HAN-VCS,,06:45,,06:45,,06:39,06:40,06:52,,,EARLY,ONTIME,ONTIME,,,,,,,,,,HAN,,VCS,Domestic,VJ,,
2026-03-12|VJ7527/VJ905|A532|CAN-HAN-KUL|07:10,2026-03-12,VJ7527/VJ905,A532,A321,CAN-HAN-KUL,04:35,07:10,04:35,07:10,04:20,07:09,07:10,07:20,02:35,02:50,ONTIME,ONTIME,ONTIME,ONTIME,,,,,,,,OFFLOAD 1PAX 1BAG,HAN,CAN,KUL,International,VJ,,
2026-03-12|VJ7713/VJ956|A699|PKX-HAN-PUS|07:30,2026-03-12,VJ7713/VJ956,A699,A320,PKX-HAN-PUS,04:10,07:30,04:10,07:30,05:00,07:29,07:30,07:45,03:20,02:30,ONTIME,ONTIME,ONTIME,DELAY,,,,,,,,,HAN,PKX,PUS,International,VJ,,
2026-03-12|VJ940|A534|HAN-TPE|07:35,2026-03-12,VJ940,A534,A321,HAN-TPE,,07:35,,07:35,,07:29,07:30,07:34,,,EARLY,ONTIME,ONTIME,,,,,,,,,,HAN,,TPE,International,VJ,,
2026-03-12|VJ502/VJ771|A675|DAD-HAN-CXR|07:35,2026-03-12,VJ502/VJ771,A675,A320,DAD-HAN-CXR,07:05,07:35,07:05,07:35,07:20,07:44,07:45,07:50,00:30,00:25,DELAY,ONTIME,ONTIME,ONTIME,,93,00:10,,,,,,HAN,DAD,CXR,Domestic,VJ,,
2026-03-12|VJ524/VJ431|A672|DAD-HAN-UIH|08:10,2026-03-12,VJ524/VJ431,A672,A320,DAD-HAN-UIH,07:40,08:10,07:40,08:10,07:35,08:09,08:10,08:14,00:30,00:35,ONTIME,ONTIME,ONTIME,ONTIME,,,,,,,,,HAN,DAD,UIH,Domestic,VJ,,
2026-03-12|VJ107|656E|HAN-VCS|08:15,2026-03-12,VJ107,656E,C909,HAN-VCS,,08:15,,08:15,,08:09,08:10,,,,EARLY,ONTIME,,,,,,,,,,,HAN,,VCS,Domestic,VJ,,
2026-03-12|VJ910/VJ934|A548|BOM-HAN-NRT|08:20,2026-03-12,VJ910/VJ934,A548,A321,BOM-HAN-NRT,06:40,08:20,06:40,08:20,06:15,08:24,08:25,08:35,01:40,02:10,DELAY,ONTIME,ONTIME,ONTIME,,99,00:05,,,,,LATE ACCEPT 10PAX+15BAGS,HAN,BOM,NRT,International,VJ,,
2026-03-12|VJ930|A697|HAN-KIX|08:20,2026-03-12,VJ930,A697,A321,HAN-KIX,,08:20,,08:20,,08:19,08:20,08:29,,,ONTIME,ONTIME,ONTIME,,,,,,,,,,HAN,,KIX,International,VJ,,
2026-03-12|VJ122/VJ929|A689|SGN-HAN-CGK|08:40,2026-03-12,VJ122/VJ929,A689,A320,SGN-HAN-CGK,07:30,08:40,07:30,08:40,07:35,08:39,08:40,08:46,01:10,01:05,ONTIME,ONTIME,ONTIME,ONTIME,,,,,,,,,HAN,SGN,CGK,International,VJ,,
2026-03-12|VJ124/VJ125|A629|SGN-HAN-SGN|08:40,2026-03-12,VJ124/VJ125,A629,A321,SGN-HAN-SGN,07:50,08:40,07:50,08:40,08:00,08:39,08:40,08:50,00:50,00:40,ONTIME,ONTIME,ONTIME,ONTIME,,,,,,,,,HAN,SGN,SGN,Domestic,VJ,,
2026-03-12|VJ773|A815|HAN-CXR|08:55,2026-03-12,VJ773,A815,A330,HAN-CXR,,08:55,,08:55,,08:54,08:55,09:03,,,ONTIME,ONTIME,ONTIME,,,,,,,,,,HAN,,CXR,Domestic,VJ,,
2026-03-12|VJ126/VJ127|A667|SGN-HAN-SGN|08:55,2026-03-12,VJ126/VJ127,A667,A321,SGN-HAN-SGN,08:25,08:55,08:25,08:55,08:35,09:04,09:05,09:10,00:30,00:30,DELAY,ONTIME,ONTIME,ONTIME,,93,00:10,,,,,,HAN,SGN,SGN,Domestic,VJ,,
2026-03-12|VJ915|A549|HAN-SIN|09:35,2026-03-12,VJ915,A549,A321,HAN-SIN,,09:35,,09:35,,09:34,09:35,09:38,,,ONTIME,ONTIME,ONTIME,,,,,,,,,,HAN,,SIN,International,VJ,,
2026-03-12|VJ504/VJ139|A546|DAD-HAN-SGN|09:40,2026-03-12,VJ504/VJ139,A546,A321,DAD-HAN-SGN,09:00,09:40,09:00,10:10,09:30,10:09,10:10,10:10,01:10,00:40,ONTIME,ONTIME,DELAY,DELAY,,,,,,,,,HAN,DAD,SGN,Domestic,VJ,,
2026-03-12|VJ148/VJ149|-NVG|SGN-HAN-SGN|10:05,2026-03-12,VJ148/VJ149,-NVG,A320,SGN-HAN-SGN,09:30,10:05,09:30,10:05,09:55,10:19,10:20,10:30,00:35,00:25,DELAY,ONTIME,DELAY,DELAY,,93,00:15,,,,,,HAN,SGN,SGN,Domestic,VJ,,
2026-03-12|VJ422/VJ567|A636|PXU-HAN-HUI|10:10,2026-03-12,VJ422/VJ567,A636,A321,PXU-HAN-HUI,09:40,10:10,09:40,10:10,09:45,10:09,10:10,10:20,00:30,00:25,ONTIME,ONTIME,ONTIME,ONTIME,,,,,,,,,HAN,PXU,HUI,Domestic,VJ,,
2026-03-12|VJ963/VJ997|A500|ICN-HAN-DPS|10:30,2026-03-12,VJ963/VJ997,A500,A321,ICN-HAN-DPS,09:30,10:30,09:30,10:30,08:45,10:21,10:22,10:25,01:00,01:37,EARLY,ONTIME,ONTIME,ONTIME,,,,,,,,,HAN,ICN,DPS,International,VJ,,
2026-03-12|VJ507|A685|HAN-DAD|10:30,2026-03-12,VJ507,A685,A321,HAN-DAD,,10:30,,10:30,,10:28,10:29,10:33,,,EARLY,ONTIME,ONTIME,,,,,,,,,,HAN,,DAD,Domestic,VJ,,
2026-03-12|VJ1926/VJ463|A655|AMD-HAN-VCA|10:30,2026-03-12,VJ1926/VJ463,A655,A320,AMD-HAN-VCA,06:20,10:30,06:20,10:30,05:35,10:59,11:00,11:00,04:10,05:25,DELAY,DELAY,DELAY,ONTIME,,63A,00:30,,,,,WAIT 01 FA ON GD,HAN,AMD,VCA,Domestic,VJ,,
2026-03-12|VJ132/VJ137|A635|SGN-HAN-SGN|11:40,2026-03-12,VJ132/VJ137,A635,A321,SGN-HAN-SGN,11:10,11:40,11:10,11:40,11:15,11:44,11:45,11:51,00:30,00:30,DELAY,ONTIME,ONTIME,ONTIME,,66,00:05,,,,,CREW OB 1110,HAN,SGN,SGN,Domestic,VJ,,
2026-03-12|VJ442/VJ946|A549|PQC-HAN-KHH|11:45,2026-03-12,VJ442/VJ946,A549,A321,PQC-HAN-KHH,10:45,11:45,10:45,11:45,11:05,11:38,11:40,11:42,01:00,00:35,EARLY,ONTIME,ONTIME,DELAY,,,,,,,,,HAN,PQC,KHH,International,VJ,,
2026-03-12|VJ492/VJ901|A632|BMV-HAN-BKK|12:15,2026-03-12,VJ492/VJ901,A632,A321,BMV-HAN-BKK,10:00,12:15,10:00,12:15,09:50,12:14,12:15,12:19,02:15,02:25,ONTIME,ONTIME,ONTIME,ONTIME,,,,,,,,,HAN,BMV,BKK,International,VJ,,
2026-03-12|VJ770/VJ441|A675|CXR-HAN-PQC|12:25,2026-03-12,VJ770/VJ441,A675,A320,CXR-HAN-PQC,11:45,12:25,11:45,12:50,12:40,13:04,13:05,13:10,01:05,00:25,DELAY,ONTIME,DELAY,DELAY,,93,00:15,,,,,,HAN,CXR,PQC,Domestic,VJ,,
2026-03-12|VJ780/VJ781|A580|CXR-HAN-CXR|13:00,2026-03-12,VJ780/VJ781,A580,A321,CXR-HAN-CXR,12:30,13:00,12:30,13:00,13:00,13:24,13:25,13:30,00:30,00:25,DELAY,DELAY,DELAY,DELAY,,93,00:25,,,,,,HAN,CXR,CXR,Domestic,VJ,,
2026-03-12|VJ7705/VJ7705|A516|VVO-HAN-CXR|13:30,2026-03-12,VJ7705/VJ7705,A516,A321,VVO-HAN-CXR,13:30,13:30,13:00,13:30,13:20,13:39,13:40,13:43,00:30,00:20,DELAY,ONTIME,ONTIME,ONTIME,,93,00:10,,,,,,HAN,VVO,CXR,Domestic,VJ,,
2026-03-12|VJ981/VJ948|A647|PUS-HAN-RMQ|13:30,2026-03-12,VJ981/VJ948,A647,A321,PUS-HAN-RMQ,11:00,13:30,11:00,13:30,10:45,13:26,13:27,13:34,02:30,02:42,EARLY,ONTIME,ONTIME,ONTIME,,,,,,,,,HAN,PUS,RMQ,International,VJ,,
2026-03-12|VJ566/VJ513|A636|HUI-HAN-DAD|13:40,2026-03-12,VJ566/VJ513,A636,A321,HUI-HAN-DAD,13:05,13:40,13:05,13:40,13:25,13:54,13:55,14:03,00:35,00:30,DELAY,ONTIME,DELAY,DELAY,,93,00:10,66,00:05,,,CREW HN OB 1325,HAN,HUI,DAD,Domestic,VJ,,
2026-03-12|VJ508/VJ511|A685|DAD-HAN-DAD|14:20,2026-03-12,VJ508/VJ511,A685,A321,DAD-HAN-DAD,13:40,14:20,13:40,14:20,14:05,14:34,14:35,14:35,00:40,00:30,DELAY,ONTIME,ONTIME,DELAY,,93,00:15,,,,,,HAN,DAD,DAD,Domestic,VJ,,
2026-03-12|VJ939/VJ942|A674|KIX-HAN-TPE|14:25,2026-03-12,VJ939/VJ942,A674,A321,KIX-HAN-TPE,13:05,14:25,13:05,14:25,12:25,14:21,14:22,14:25,01:20,01:57,EARLY,ONTIME,ONTIME,ONTIME,,,,,,,,,HAN,KIX,TPE,International,VJ,,
2026-03-12|VJ440/VJ1491|A641|PQC-HAN-BMV|14:35,2026-03-12,VJ440/VJ1491,A641,A321,PQC-HAN-BMV,11:55,14:35,11:55,14:35,13:00,14:34,14:35,14:38,02:40,01:35,ONTIME,ONTIME,ONTIME,DELAY,,,,,,,,,HAN,PQC,BMV,Domestic,VJ,,
2026-03-12|VJ430/VJ433|A672|UIH-HAN-UIH|15:25,2026-03-12,VJ430/VJ433,A672,A320,UIH-HAN-UIH,12:00,15:25,12:00,15:25,12:05,15:29,15:30,15:40,03:25,03:25,DELAY,ONTIME,ONTIME,ONTIME,,15A,00:05,,,,,OFFLOAD 09PAX+06BAGS,HAN,UIH,UIH,Domestic,VJ,,
2026-03-12|VJ921/VJ1441|A552|NGO-HAN-PQC|15:30,2026-03-12,VJ921/VJ1441,A552,A321,NGO-HAN-PQC,13:40,15:30,13:40,15:30,12:42,15:27,15:28,15:33,01:50,02:46,EARLY,ONTIME,ONTIME,ONTIME,,,,,,,,,HAN,NGO,PQC,Domestic,VJ,,
2026-03-12|VJ961/VJ199|A547|ICN-HAN-SGN|15:35,2026-03-12,VJ961/VJ199,A547,A321,ICN-HAN-SGN,14:10,15:35,14:10,15:35,13:38,15:34,15:35,15:45,01:25,01:57,ONTIME,ONTIME,ONTIME,ONTIME,,,,,,,,,HAN,ICN,SGN,Domestic,VJ,,
2026-03-12|VJ906/VJ191|A532|KUL-HAN-SGN|15:55,2026-03-12,VJ906/VJ191,A532,A321,KUL-HAN-SGN,14:55,15:55,14:55,15:55,14:30,15:54,15:55,16:10,01:00,01:25,ONTIME,ONTIME,ONTIME,ONTIME,,,,,,,,,HAN,KUL,SGN,Domestic,VJ,,
2026-03-12|VJ198/VJ423|A525|SGN-HAN-PXU|15:55,2026-03-12,VJ198/VJ423,A525,A321,SGN-HAN-PXU,15:10,15:55,15:10,15:55,15:15,15:49,15:50,16:00,00:45,00:35,EARLY,ONTIME,ONTIME,ONTIME,,,,,,,,,HAN,SGN,PXU,Domestic,VJ,,
2026-03-12|VJ941/VJ195|A534|TPE-HAN-SGN|16:00,2026-03-12,VJ941/VJ195,A534,A321,TPE-HAN-SGN,14:10,16:00,14:10,16:00,14:33,16:04,16:05,16:15,01:50,01:32,DELAY,ONTIME,ONTIME,DELAY,,15A,00:05,,,,,OFFLOAD 14 PAX 7 BAGS,HAN,TPE,SGN,Domestic,VJ,,
2026-03-12|VJ933/VJ913|A653|NRT-HAN-SAI|16:20,2026-03-12,VJ933/VJ913,A653,A321,NRT-HAN-SAI,14:00,16:20,14:00,16:20,13:35,16:17,16:18,16:25,02:20,02:43,EARLY,ONTIME,ONTIME,ONTIME,,,,,,,,,HAN,NRT,SAI,International,VJ,,
2026-03-12|VJ462/VJ515|A657|VCA-HAN-DAD|16:25,2026-03-12,VJ462/VJ515,A657,A321,VCA-HAN-DAD,15:40,16:25,15:40,16:25,15:50,16:24,16:25,16:35,00:45,00:35,ONTIME,ONTIME,ONTIME,ONTIME,,,,,,,,,HAN,VCA,DAD,Domestic,VJ,,
2026-03-12|VJ134/VJ163|-NVG|SGN-HAN-SGN|17:20,2026-03-12,VJ134/VJ163,-NVG,A320,SGN-HAN-SGN,16:50,17:20,16:50,17:20,17:00,17:24,17:25,17:29,00:30,00:25,DELAY,ONTIME,ONTIME,ONTIME,,93,00:05,,,,,,HAN,SGN,SGN,Domestic,VJ,,
2026-03-12|VJ514/VJ465|A636|DAD-HAN-VCA|17:30,2026-03-12,VJ514/VJ465,A636,A321,DAD-HAN-VCA,16:55,17:30,16:55,18:15,17:50,18:13,18:14,18:23,01:20,00:24,EARLY,ONTIME,DELAY,DELAY,,,,,,,,,HAN,DAD,VCA,Domestic,VJ,,
2026-03-12|VJ460/VJ445|A655|VCA-HAN-PQC|17:40,2026-03-12,VJ460/VJ445,A655,A320,VCA-HAN-PQC,15:20,17:40,15:20,17:40,16:08,17:39,17:40,17:48,02:20,01:32,ONTIME,ONTIME,ONTIME,DELAY,,,,,,,,,HAN,VCA,PQC,Domestic,VJ,,
2026-03-12|VJ953/VJ147|A671|HIJ-HAN-PQC|17:10,2026-03-12,VJ953/VJ147,A671,A320,HIJ-HAN-PQC,16:20,17:10,16:20,17:10,16:45,17:09,17:10,17:17,00:50,00:25,ONTIME,ONTIME,ONTIME,DELAY,,,,,,,,,HAN,HIJ,PQC,Domestic,VJ,,
2026-03-12|VJ959/VJ779|A687|FUK-HAN-CXR|18:00,2026-03-12,VJ959/VJ779,A687,A321,FUK-HAN-CXR,12:25,18:00,12:25,18:00,11:45,18:39,18:40,18:50,05:35,06:55,DELAY,DELAY,DELAY,ONTIME,,95,00:40,,,,,CREW VJ784 OB 1810,HAN,FUK,CXR,Domestic,VJ,,
2026-03-12|VJ194/VJ193|A629|SGN-HAN-SGN|18:10,2026-03-12,VJ194/VJ193,A629,A321,SGN-HAN-SGN,17:30,18:10,17:30,18:10,17:40,18:09,18:10,18:13,00:40,00:30,ONTIME,ONTIME,ONTIME,ONTIME,,,,,,,,,HAN,SGN,SGN,Domestic,VJ,,
2026-03-12|VJ957/VJ493|A699|PUS-HAN-BMV|18:25,2026-03-12,VJ957/VJ493,A699,A321,PUS-HAN-BMV,17:20,18:25,17:20,18:25,17:10,18:19,18:20,18:25,01:05,01:10,EARLY,ONTIME,ONTIME,ONTIME,,,,,,,,,HAN,PUS,BMV,Domestic,VJ,,
2026-03-12|VJ916/VJ165|A535|SIN-HAN-SGN|18:30,2026-03-12,VJ916/VJ165,A535,A321,SIN-HAN-SGN,17:25,18:30,17:25,18:30,17:05,18:29,18:30,18:40,01:05,01:25,ONTIME,ONTIME,ONTIME,ONTIME,,,,,,,,,HAN,SIN,SGN,Domestic,VJ,,
2026-03-12|VJ446/VJ1925|A669|PQC-HAN-AMD|19:00,2026-03-12,VJ446/VJ1925,A669,A320,PQC-HAN-AMD,17:10,19:00,17:10,19:00,17:20,18:46,18:47,18:55,01:50,01:27,EARLY,ONTIME,ONTIME,ONTIME,,,,,,,,,HAN,PQC,AMD,International,VJ,,
2026-03-12|VJ947/VJ173|A549|KHH-HAN-SGN|19:05,2026-03-12,VJ947/VJ173,A549,A321,KHH-HAN-SGN,18:05,19:05,18:05,19:05,17:40,19:03,19:04,19:10,01:00,01:24,EARLY,ONTIME,ONTIME,ONTIME,,,,,,,,,HAN,KHH,SGN,Domestic,VJ,,
2026-03-12|VJ1492/VJ517|A641|BMV-HAN-DAD|19:05,2026-03-12,VJ1492/VJ517,A641,A321,BMV-HAN-DAD,18:35,19:05,18:35,19:05,18:45,19:14,19:15,19:29,00:30,00:30,DELAY,ONTIME,DELAY,ONTIME,,93,00:10,,,,,,HAN,BMV,DAD,Domestic,VJ,,
2026-03-12|VJ142/VJ971|A814|SGN-HAN-DEL|19:10,2026-03-12,VJ142/VJ971,A814,A330,SGN-HAN-DEL,14:50,19:10,14:50,19:10,15:05,19:09,19:10,19:20,04:20,04:05,ONTIME,ONTIME,ONTIME,ONTIME,,,,,,,,,HAN,SGN,DEL,International,VJ,,
2026-03-12|VJ512/VJ569|A685|DAD-HAN-HUI|19:15,2026-03-12,VJ512/VJ569,A685,A321,DAD-HAN-HUI,17:40,19:15,17:40,19:15,18:10,19:14,19:15,19:25,01:35,01:05,ONTIME,ONTIME,ONTIME,DELAY,,,,,,,,,HAN,DAD,HUI,Domestic,VJ,,
2026-03-12|VJ902/VJ519|A632|BKK-HAN-DAD|19:45,2026-03-12,VJ902/VJ519,A632,A321,BKK-HAN-DAD,17:00,19:45,17:00,19:45,17:44,19:44,19:45,19:55,02:45,02:01,ONTIME,ONTIME,ONTIME,DELAY,,,,,,,,,HAN,BKK,DAD,Domestic,VJ,,
2026-03-12|VJ152/VJ155|A649|SGN-HAN-SGN|20:05,2026-03-12,VJ152/VJ155,A649,A321,SGN-HAN-SGN,19:15,20:05,19:15,20:05,19:40,20:09,20:10,20:20,00:50,00:30,DELAY,ONTIME,ONTIME,DELAY,,93,00:05,,,,,,HAN,SGN,SGN,Domestic,VJ,,
2026-03-12|VJ432/VJ7712|A672|UIH-HAN-PKX|20:05,2026-03-12,VJ432/VJ7712,A672,A320,UIH-HAN-PKX,19:10,20:05,19:10,20:05,19:35,20:03,20:04,20:13,00:55,00:29,EARLY,ONTIME,ONTIME,DELAY,,,,,,,,,HAN,UIH,PKX,International,VJ,,
2026-03-12|VJ1440/VJ521|A552|PQC-HAN-DAD|21:10,2026-03-12,VJ1440/VJ521,A552,A321,PQC-HAN-DAD,20:10,21:10,20:10,21:10,20:45,21:14,21:15,21:25,01:00,00:30,DELAY,ONTIME,ONTIME,DELAY,,93,00:05,,,,,,HAN,PQC,DAD,Domestic,VJ,,
2026-03-12|VJ949/VJ7238|A647|RMQ-HAN-PVG|21:30,2026-03-12,VJ949/VJ7238,A647,A321,RMQ-HAN-PVG,19:50,21:30,19:50,21:30,20:06,21:25,21:26,21:29,01:40,01:20,EARLY,ONTIME,ONTIME,DELAY,,,,,,,,,HAN,RMQ,PVG,International,VJ,,
2026-03-12|VJ935/VJ123|A548|NRT-HAN-SGN|22:10,2026-03-12,VJ935/VJ123,A548,A321,NRT-HAN-SGN,20:55,22:10,20:55,22:10,20:25,22:29,22:30,22:35,01:15,02:05,DELAY,DELAY,DELAY,ONTIME,,95,00:20,,,,,CREW VJ196 OB 2205,HAN,NRT,SGN,Domestic,VJ,,
2026-03-12|VJ516/VJ523|A657|DAD-HAN-DAD|22:45,2026-03-12,VJ516/VJ523,A657,A321,DAD-HAN-DAD,22:15,22:45,22:15,23:30,20:30,00:04,00:05,00:15,01:15,03:35,DELAY,DELAY,DELAY,ONTIME,,46,00:35,,,,,CHANGE AC,HAN,DAD,DAD,Domestic,VJ,,
2026-03-12|VJ931/VJ962|A697|KIX-HAN-ICN|22:50,2026-03-12,VJ931/VJ962,A697,A321,KIX-HAN-ICN,19:15,22:50,19:15,22:50,18:50,22:49,22:50,23:05,03:35,04:00,ONTIME,ONTIME,ONTIME,ONTIME,,,,,,,,,HAN,KIX,ICN,International,VJ,,
2026-03-12|VJ196/VJ171|A534|SGN-HAN-SGN|23:25,2026-03-12,VJ196/VJ171,A534,A321,SGN-HAN-SGN,19:35,23:25,19:35,23:25,21:55,23:20,23:21,23:30,03:50,01:26,EARLY,ONTIME,ONTIME,DELAY,,,,,,,,,HAN,SGN,SGN,Domestic,VJ,,
2026-03-12|VJ518/VJ7526|A641|DAD-HAN-CAN|23:40,2026-03-12,VJ518/VJ7526,A641,A321,DAD-HAN-CAN,22:15,23:40,22:15,23:40,23:10,23:54,23:55,23:55,01:25,00:45,DELAY,ONTIME,ONTIME,DELAY,,66,00:15,,,,,CREW HN OB 2325,HAN,DAD,CAN,International,VJ,,
2026-03-12|V784/VJ783|A580|CXR-HAN-CXR|17:50,2026-03-12,V784/VJ783,A580,A321,CXR-HAN-CXR,17:10,17:50,17:10,18:40,18:05,18:38,18:39,,01:30,00:34,EARLY,ONTIME,,DELAY,,,,,,,,,HAN,CXR,CXR,Domestic,VJ,,
2026-03-13|VJ932|A500|HAN-NRT|00:55,2026-03-13,VJ932,A500,A321,HAN-NRT,,00:55,,00:55,,00:54,00:55,00:57,,,ONTIME,ONTIME,ONTIME,,,,,,,,,,HAN,,NRT,International,VJ,,
2026-03-13|VJ982|A645|HAN-PUS|01:00,2026-03-13,VJ982,A645,A321,HAN-PUS,,01:00,,01:00,,00:59,01:00,01:05,,,ONTIME,ONTIME,ONTIME,,,,,,,,,,HAN,,PUS,International,VJ,,
2026-03-13|VJ920|A537|HAN-NGO|01:35,2026-03-13,VJ920,A537,A321,HAN-NGO,,01:35,,01:35,,01:30,01:31,01:34,,,EARLY,ONTIME,ONTIME,,,,,,,,,,HAN,,NGO,International,VJ,,
2026-03-13|VJ938|A674|HAN-KIX|01:40,2026-03-13,VJ938,A674,A321,HAN-KIX,,01:40,,01:40,,01:31,01:32,01:36,,,EARLY,ONTIME,ONTIME,,,,,,,,,,HAN,,KIX,International,VJ,,
2026-03-13|VJ960|A549|HAN-ICN|01:45,2026-03-13,VJ960,A549,A321,HAN-ICN,,01:45,,01:45,,01:44,01:45,01:47,,,ONTIME,ONTIME,ONTIME,,,,,,,,,,HAN,,ICN,International,VJ,,
2026-03-13|VJ7614|A516|HAN-BQS|02:10,2026-03-13,VJ7614,A516,A321,HAN-BQS,,02:10,,02:10,,02:09,02:10,02:18,,,ONTIME,ONTIME,ONTIME,,,,,,,,,,HAN,,BQS,International,VJ,,
2026-03-13|VJ21|A653|HAN-VTE|04:50,2026-03-13,VJ21,A653,A321,HAN-VTE,,04:50,,04:50,,04:33,04:34,04:40,,,EARLY,ONTIME,ONTIME,,,,,,,,,,HAN,,VTE,International,VJ,,
2026-03-13|VJ185|A636|HAN-SGN|05:10,2026-03-13,VJ185,A636,A321,HAN-SGN,,05:10,,05:10,,05:04,05:05,05:12,,,EARLY,ONTIME,ONTIME,,,,,,,,,,HAN,,SGN,Domestic,VJ,,
2026-03-13|VJ509|A535|HAN-DAD|05:25,2026-03-13,VJ509,A535,A321,HAN-DAD,,05:25,,05:25,,05:18,05:19,05:23,,,EARLY,ONTIME,ONTIME,,,,,,,,,,HAN,,DAD,Domestic,VJ,,
2026-03-13|VJ461|A689|HAN-VCA|05:30,2026-03-13,VJ461,A689,A320,HAN-VCA,,05:30,,05:30,,05:24,05:25,05:32,,,EARLY,ONTIME,ONTIME,,,,,,,,,,HAN,,VCA,Domestic,VJ,,
2026-03-13|VJ443|A634|HAN-PQC|06:00,2026-03-13,VJ443,A634,A321,HAN-PQC,,06:00,,06:00,,05:54,05:55,05:57,,,EARLY,ONTIME,ONTIME,,,,,,,,,,HAN,,PQC,Domestic,VJ,,
2026-03-13|VJ503|A644|HAN-DAD|06:00,2026-03-13,VJ503,A644,A321,HAN-DAD,,06:00,,06:00,,05:54,05:55,05:57,,,EARLY,ONTIME,ONTIME,,,,,,,,,,HAN,,DAD,Domestic,VJ,,
2026-03-13|VJ7527/VJ491|A641|CAN-HAN-BMV|06:00,2026-03-13,VJ7527/VJ491,A641,A321,CAN-HAN-BMV,04:35,06:00,04:35,06:00,,05:54,05:55,06:01,01:25,,EARLY,ONTIME,ONTIME,ONTIME,,,,,,,,,HAN,CAN,BMV,Domestic,VJ,,
2026-03-13|VJ421|A632|HAN-PXU|06:05,2026-03-13,VJ421,A632,A321,HAN-PXU,,06:05,,06:05,,05:59,06:00,06:09,,,EARLY,ONTIME,ONTIME,,,,,,,,,,HAN,,PXU,Domestic,VJ,,
2026-03-13|VJ105|652G|HAN-VCS|06:45,2026-03-13,VJ105,652G,C909,HAN-VCS,,06:45,,06:45,,06:39,06:40,06:43,,,EARLY,ONTIME,ONTIME,,,,,,,,,,HAN,,VCS,Domestic,VJ,,
2026-03-13|VJ7239/VJ905|A647|PVG-HAN-KUL|07:10,2026-03-13,VJ7239/VJ905,A647,A321,PVG-HAN-KUL,05:15,07:10,05:15,07:10,05:00,07:04,07:05,07:11,01:55,02:05,EARLY,ONTIME,ONTIME,ONTIME,,,,,,,,,HAN,PVG,KUL,International,VJ,,
2026-03-13|VJ7713/VJ956|A672|PKX-HAN-PUS|07:30,2026-03-13,VJ7713/VJ956,A672,A320,PKX-HAN-PUS,04:10,07:30,04:10,07:30,04:10,07:24,07:25,07:35,03:20,03:15,EARLY,ONTIME,ONTIME,ONTIME,,,,,,,,,HAN,PKX,PUS,International,VJ,,
2026-03-13|VJ940|A580|HAN-TPE|07:35,2026-03-13,VJ940,A580,A321,HAN-TPE,,07:35,,07:35,,07:29,07:30,07:40,,,EARLY,ONTIME,ONTIME,,,,,,,,,,HAN,,TPE,International,VJ,,
2026-03-13|VJ1926/VJ431|A669|AMD-HAN-UIH|07:35,2026-03-13,VJ1926/VJ431,A669,A320,AMD-HAN-UIH,06:20,07:35,06:20,07:35,05:15,07:29,07:30,07:34,01:15,02:15,EARLY,ONTIME,ONTIME,ONTIME,,,,,,,,,HAN,AMD,UIH,Domestic,VJ,,
2026-03-13|VJ502/VJ771|A670|DAD-HAN-CXR|07:35,2026-03-13,VJ502/VJ771,A670,A321,DAD-HAN-CXR,07:05,07:35,07:05,07:35,07:05,07:29,07:30,07:34,00:30,00:25,EARLY,ONTIME,ONTIME,ONTIME,,,,,,,,,HAN,DAD,CXR,Domestic,VJ,,
2026-03-13|VJ107|656E|HAN-VCS|08:15,2026-03-13,VJ107,656E,C909,HAN-VCS,,08:15,,08:15,,08:09,08:10,08:13,,,EARLY,ONTIME,ONTIME,,,,,,,,,,HAN,,VCS,Domestic,VJ,,
2026-03-13|VJ122/VJ934|A545|SGN-HAN-NRT|08:20,2026-03-13,VJ122/VJ934,A545,A321,SGN-HAN-NRT,07:30,08:20,07:30,08:20,07:30,08:19,08:20,08:28,00:50,00:50,ONTIME,ONTIME,ONTIME,ONTIME,,,,,,,,,HAN,SGN,NRT,International,VJ,,
2026-03-13|VJ930|A525|HAN-KIX|08:20,2026-03-13,VJ930,A525,A321,HAN-KIX,,08:20,,08:20,,08:19,08:20,08:28,,,ONTIME,ONTIME,ONTIME,,,,,,,,,,HAN,,KIX,International,VJ,,
2026-03-13|VJ124/VJ929|A548|SGN-HAN-CGK|08:40,2026-03-13,VJ124/VJ929,A548,A321,SGN-HAN-CGK,07:50,08:40,07:50,08:40,07:50,08:34,08:35,08:40,00:50,00:45,EARLY,ONTIME,ONTIME,ONTIME,,,,,,,,,HAN,SGN,CGK,International,VJ,,
2026-03-13|VJ126/VJ127|A539|SGN-HAN-SGN|08:55,2026-03-13,VJ126/VJ127,A539,A321,SGN-HAN-SGN,08:25,08:55,08:25,08:55,08:15,08:54,08:55,08:59,00:30,00:40,ONTIME,ONTIME,ONTIME,ONTIME,,,,,,,,,HAN,SGN,SGN,Domestic,VJ,,
2026-03-13|VJ139|A811|HAN-SGN|09:30,2026-03-13,VJ139,A811,A330,HAN-SGN,,09:30,,09:30,,09:29,09:30,09:39,,,ONTIME,ONTIME,ONTIME,,,,,,,,,,HAN,,SGN,Domestic,VJ,,
2026-03-13|VJ524/VJ527|A542|DAD-HAN-DAD|09:30,2026-03-13,VJ524/VJ527,A542,A321,DAD-HAN-DAD,08:15,09:30,08:15,09:30,08:10,09:29,09:30,09:35,01:15,01:20,ONTIME,ONTIME,ONTIME,ONTIME,,,,,,,,,HAN,DAD,DAD,Domestic,VJ,,
2026-03-13|VJ176/VJ915|A629|SGN-HAN-SIN|10:00,2026-03-13,VJ176/VJ915,A629,A321,SGN-HAN-SIN,09:00,10:00,09:00,10:00,09:10,09:59,10:00,10:05,01:00,00:50,ONTIME,ONTIME,ONTIME,ONTIME,,,,,,,,,HAN,SGN,SIN,International,VJ,,
2026-03-13|VJ510/VJ997|A535|DAD-HAN-DPS|10:00,2026-03-13,VJ510/VJ997,A535,A321,DAD-HAN-DPS,08:35,10:00,08:35,10:00,08:45,09:59,10:00,10:09,01:25,01:15,ONTIME,ONTIME,ONTIME,ONTIME,,,,,,,,,HAN,DAD,DPS,International,VJ,,
2026-03-13|VJ148/VJ149|-NVG|SGN-HAN-SGN|10:05,2026-03-13,VJ148/VJ149,-NVG,A320,SGN-HAN-SGN,09:30,10:05,09:30,10:05,09:30,09:59,10:00,10:15,00:35,00:30,EARLY,ONTIME,ONTIME,ONTIME,,,,,,,,,HAN,SGN,SGN,Domestic,VJ,,
2026-03-13|VJ422/VJ567|A632|PXU-HAN-HUI|10:10,2026-03-13,VJ422/VJ567,A632,A321,PXU-HAN-HUI,09:40,10:10,09:40,10:10,09:50,10:09,10:10,10:11,00:30,00:20,ONTIME,ONTIME,ONTIME,ONTIME,,,,,,,,,HAN,PXU,HUI,Domestic,VJ,,
2026-03-13|VJ492/VJ507|A641|BMV-HAN-DAD|10:30,2026-03-13,VJ492/VJ507,A641,A321,BMV-HAN-DAD,10:00,10:30,10:00,10:30,10:15,10:44,10:45,10:50,00:30,00:30,DELAY,ONTIME,DELAY,ONTIME,,93,00:15,,,,,,HAN,BMV,DAD,Domestic,VJ,,
2026-03-13|VJ963/VJ463|A697|ICN-HAN-VCA|10:30,2026-03-13,VJ963/VJ463,A697,A321,ICN-HAN-VCA,09:30,10:30,09:30,10:30,08:55,10:23,10:25,10:30,01:00,01:30,EARLY,ONTIME,ONTIME,ONTIME,,,,,,,,,HAN,ICN,VCA,Domestic,VJ,,
2026-03-13|VJ504/VJ775|A644|DAD-HAN-CXR|10:40,2026-03-13,VJ504/VJ775,A644,A321,DAD-HAN-CXR,09:00,10:40,09:00,10:40,09:15,10:37,10:38,10:44,01:40,01:23,EARLY,ONTIME,ONTIME,ONTIME,,,,,,,,,HAN,DAD,CXR,Domestic,VJ,,
2026-03-13|VJ136/VJ135|A657|SGN-HAN-SGN|11:10,2026-03-13,VJ136/VJ135,A657,A321,SGN-HAN-SGN,10:40,11:10,10:40,11:10,10:35,11:09,11:10,11:18,00:30,00:35,ONTIME,ONTIME,ONTIME,ONTIME,,,,,,,,,HAN,SGN,SGN,Domestic,VJ,,
2026-03-13|VJ442/VJ946|A634|PQC-HAN-KHH|11:45,2026-03-13,VJ442/VJ946,A634,A321,PQC-HAN-KHH,10:45,11:45,10:45,11:45,11:05,11:54,11:55,12:00,01:00,00:50,DELAY,ONTIME,ONTIME,DELAY,,66,00:05,99,00:05,,,CHANGE CREW OB 1130/LATE ACPT 02PAX 6 BAGS,HAN,PQC,KHH,International,VJ,,
2026-03-13|VJ132/VJ181|A635|SGN-HAN-SGN|06:40,2026-03-13,VJ132/VJ181,A635,A321,SGN-HAN-SGN,11:10,06:40,11:10,11:45,11:15,11:44,11:45,11:53,00:35,00:30,ONTIME,ONTIME,DELAY,ONTIME,,,,,,,,,HAN,SGN,SGN,Domestic,VJ,,
2026-03-13|VJ981/VJ901|A645|PUS-HAN-BKK|12:15,2026-03-13,VJ981/VJ901,A645,A321,PUS-HAN-BKK,11:00,12:15,11:00,12:15,10:30,12:19,12:20,12:25,01:15,01:50,DELAY,ONTIME,ONTIME,ONTIME,,15A,00:05,,,,,OFFLOAD 02PAX &02 BAG,HAN,PUS,BKK,International,VJ,,
2026-03-13|VJ430/VJ441|A669|UIH-HAN-PQC|12:25,2026-03-13,VJ430/VJ441,A669,A320,UIH-HAN-PQC,11:20,12:25,11:20,12:25,11:10,12:14,12:15,12:25,01:05,01:05,EARLY,ONTIME,ONTIME,ONTIME,,,,,,,,,HAN,UIH,PQC,Domestic,VJ,,
2026-03-13|VJ770/VJ948|A670|CXR-HAN-RMQ|13:30,2026-03-13,VJ770/VJ948,A670,A321,CXR-HAN-RMQ,11:45,13:30,11:45,13:30,11:55,13:29,13:30,13:27,01:45,01:35,ONTIME,ONTIME,ONTIME,ONTIME,,,,,,,,,HAN,CXR,RMQ,International,VJ,,
2026-03-13|VJ528/VJ513|A552|DAD-HAN-DAD|13:35,2026-03-13,VJ528/VJ513,A552,A321,DAD-HAN-DAD,13:00,13:35,13:00,13:35,13:10,13:39,13:40,13:42,00:35,00:30,DELAY,ONTIME,ONTIME,ONTIME,,93,00:05,,,,,,HAN,DAD,DAD,Domestic,VJ,,
2026-03-13|VJ961/VJ143|A549|SGN-HAN-SGN|13:40,2026-03-13,VJ961/VJ143,A549,A321,SGN-HAN-SGN,12:10,13:40,12:10,14:45,13:35,16:04,16:05,16:15,02:35,02:30,DELAY,DELAY,DELAY,DELAY,,61,01:20,,,,,CHANGE A/C,HAN,SGN,SGN,Domestic,VJ,,
2026-03-13|VJ188/VJ151|-NVE|SGN-HAN-SGN|14:00,2026-03-13,VJ188/VJ151,-NVE,A320,SGN-HAN-SGN,13:25,14:00,13:25,14:20,13:50,14:19,14:20,14:42,00:55,00:30,ONTIME,ONTIME,DELAY,DELAY,,,,,,,,,HAN,SGN,SGN,Domestic,VJ,,
2026-03-13|VJ511|A685|HAN-DAD|14:20,2026-03-13,VJ511,A685,A321,HAN-DAD,,14:20,,14:20,,14:14,14:15,14:23,,,EARLY,ONTIME,ONTIME,,,,,,,,,,HAN,,DAD,Domestic,VJ,,
2026-03-13|VJ939/VJ942|A674|KIX-HAN-TPE|14:25,2026-03-13,VJ939/VJ942,A674,A321,KIX-HAN-TPE,13:05,14:25,13:05,14:25,12:20,14:34,14:35,14:45,01:20,02:15,DELAY,ONTIME,DELAY,ONTIME,,15A,00:10,,,,,OFFLOAD 01PAX &02BAGS,HAN,KIX,TPE,International,VJ,,
2026-03-13|VJ566/VJ1491|A632|HUI-HAN-BMV|14:35,2026-03-13,VJ566/VJ1491,A632,A321,HUI-HAN-BMV,13:05,14:35,13:05,14:35,13:20,14:34,14:35,14:37,01:30,01:15,ONTIME,ONTIME,ONTIME,ONTIME,,,,,,,,,HAN,HUI,BMV,Domestic,VJ,,
2026-03-13|VJ7615/VJ7615|A516|BQS-HAN-CXR|15:10,2026-03-13,VJ7615/VJ7615,A516,A321,BQS-HAN-CXR,14:40,15:10,14:40,15:10,14:35,15:00,15:01,15:08,00:30,00:26,EARLY,ONTIME,ONTIME,ONTIME,,,,,,,,,HAN,BQS,CXR,Domestic,VJ,,
2026-03-13|VJ440/VJ433|A655|PQC-HAN-UIH|15:25,2026-03-13,VJ440/VJ433,A655,A320,PQC-HAN-UIH,11:55,15:25,11:55,15:25,11:55,15:22,15:23,15:25,03:30,03:28,EARLY,ONTIME,ONTIME,ONTIME,,,,,,,,,HAN,PQC,UIH,Domestic,VJ,,
2026-03-13|VJ921/VJ1441|A537|NGO-HAN-PQC|15:30,2026-03-13,VJ921/VJ1441,A537,A321,NGO-HAN-PQC,13:40,15:30,13:40,15:30,12:35,15:19,15:20,15:25,01:50,02:45,EARLY,ONTIME,ONTIME,ONTIME,,,,,,,,,HAN,NGO,PQC,Domestic,VJ,,
2026-03-13|VJ144/VJ145|A528|SGN-HAN-SGN|15:35,2026-03-13,VJ144/VJ145,A528,A321,SGN-HAN-SGN,14:10,15:35,14:10,15:35,14:40,15:34,15:35,15:39,01:25,00:55,ONTIME,ONTIME,ONTIME,DELAY,,,,,,,,,HAN,SGN,SGN,Domestic,VJ,,
2026-03-13|VJ774/VJ175|A683|CXR-HAN-SGN|15:35,2026-03-13,VJ774/VJ175,A683,A321,CXR-HAN-SGN,15:05,15:35,15:05,15:55,15:30,15:59,16:00,16:05,00:50,00:30,DELAY,ONTIME,DELAY,DELAY,,93,00:05,,,,,,HAN,CXR,SGN,Domestic,VJ,,
2026-03-13|VJ906/VJ903|A647|KUL-HAN-BKK|15:50,2026-03-13,VJ906/VJ903,A647,A321,KUL-HAN-BKK,14:55,15:50,14:55,15:50,14:40,15:44,15:45,15:53,00:55,01:05,EARLY,ONTIME,ONTIME,ONTIME,,,,,,,,,HAN,KUL,BKK,International,VJ,,
2026-03-13|VJ941/VJ423|A580|TPE-HAN-PXU|15:55,2026-03-13,VJ941/VJ423,A580,A321,TPE-HAN-PXU,14:10,15:55,14:10,15:55,15:07,15:54,15:55,16:04,01:45,00:48,ONTIME,ONTIME,ONTIME,DELAY,,,,,,,,,HAN,TPE,PXU,Domestic,VJ,,
2026-03-13|VJ508/VJ191|A641|DAD-HAN-SGN|15:55,2026-03-13,VJ508/VJ191,A641,A321,DAD-HAN-SGN,13:40,15:55,14:25,15:55,14:30,15:54,15:55,16:03,01:30,01:25,ONTIME,ONTIME,ONTIME,DELAY,,,,,,,,,HAN,DAD,SGN,Domestic,VJ,,
2026-03-13|VJ142/VJ157|A637|SGN-HAN-SGN|16:00,2026-03-13,VJ142/VJ157,A637,A321,SGN-HAN-SGN,14:50,16:00,14:50,16:00,15:00,15:59,16:00,16:15,01:10,01:00,ONTIME,ONTIME,ONTIME,ONTIME,,,,,,,,,HAN,SGN,SGN,Domestic,VJ,,
2026-03-13|VJ933/VJ913|A500|NRT-HAN-SAI|16:20,2026-03-13,VJ933/VJ913,A500,A321,NRT-HAN-SAI,14:00,16:20,14:00,16:20,13:15,16:15,16:16,16:28,02:20,03:01,EARLY,ONTIME,ONTIME,ONTIME,,,,,,,,,HAN,NRT,SAI,International,VJ,,
2026-03-13|VJ198/VJ515|A650|SGN-HAN-DAD|16:25,2026-03-13,VJ198/VJ515,A650,A320,SGN-HAN-DAD,15:10,16:25,15:10,16:25,15:20,16:23,16:25,16:37,01:15,01:05,ONTIME,ONTIME,ONTIME,ONTIME,,,,,,,,,HAN,SGN,DAD,Domestic,VJ,,
2026-03-13|VJ134/VJ163|-MLI|SGN-HAN-SGN|17:20,2026-03-13,VJ134/VJ163,-MLI,A320,SGN-HAN-SGN,16:50,17:20,16:50,17:20,17:05,17:29,17:30,17:35,00:30,00:25,DELAY,ONTIME,ONTIME,ONTIME,,93,00:10,,,,,,HAN,SGN,SGN,Domestic,VJ,,
2026-03-13|VJ446/VJ445|A656|PQC-HAN-PQC|17:40,2026-03-13,VJ446/VJ445,A656,A320,PQC-HAN-PQC,17:10,17:40,17:10,17:40,17:35,18:09,18:10,18:24,00:30,00:35,DELAY,DELAY,DELAY,DELAY,,93,00:20,66,00:10,,,CREW HN OB 1745,HAN,PQC,PQC,Domestic,VJ,,
2026-03-13|VJ902/VJ465|A645|BKK-HAN-VCA|17:50,2026-03-13,VJ902/VJ465,A645,A321,BKK-HAN-VCA,17:00,17:50,17:00,17:50,17:15,17:43,17:45,17:48,00:50,00:30,EARLY,ONTIME,ONTIME,ONTIME,,,,,,,,,HAN,BKK,VCA,Domestic,VJ,,
2026-03-13|VJ512/VJ779|A685|DAD-HAN-CXR|18:00,2026-03-13,VJ512/VJ779,A685,A321,DAD-HAN-CXR,17:30,18:00,17:30,18:15,17:55,18:19,18:20,18:30,00:45,00:25,DELAY,ONTIME,DELAY,DELAY,,93,00:05,,,,,,HAN,DAD,CXR,Domestic,VJ,,
2026-03-13|VJ462/VJ147|A689|VCA-HAN-SGN|18:10,2026-03-13,VJ462/VJ147,A689,A320,VCA-HAN-SGN,16:25,18:10,16:25,18:10,16:30,18:04,18:05,18:15,01:45,01:35,EARLY,ONTIME,ONTIME,ONTIME,,,,,,,,,HAN,VCA,SGN,Domestic,VJ,,
2026-03-13|VJ194/VJ193|A554|SGN-HAN-SGN|18:10,2026-03-13,VJ194/VJ193,A554,A321,SGN-HAN-SGN,17:30,18:10,17:30,18:10,17:40,18:09,18:10,18:34,00:40,00:30,ONTIME,ONTIME,DELAY,ONTIME,,,,,,,,,HAN,SGN,SGN,Domestic,VJ,,
2026-03-13|VJ957/VJ1925|A672|PUS-HAN-AMD|19:00,2026-03-13,VJ957/VJ1925,A672,A320,PUS-HAN-AMD,17:20,19:00,17:20,19:00,16:45,18:51,18:52,19:04,01:40,02:07,EARLY,ONTIME,ONTIME,ONTIME,,,,,,,,,HAN,PUS,AMD,International,VJ,,
2026-03-13|VJ916/VJ173|A629|SIN-HAN-SGN|19:05,2026-03-13,VJ916/VJ173,A629,A321,SIN-HAN-SGN,17:50,19:05,17:50,19:05,17:45,19:04,19:05,19:20,01:15,01:20,ONTIME,ONTIME,ONTIME,ONTIME,,,,,,,,,HAN,SIN,SGN,Domestic,VJ,,
2026-03-13|VJ514/VJ517|A553|DAD-HAN-DAD|19:05,2026-03-13,VJ514/VJ517,A553,A321,DAD-HAN-DAD,17:20,19:05,17:20,19:05,17:15,18:59,19:00,19:07,01:45,01:45,EARLY,ONTIME,ONTIME,ONTIME,,,,,,,,,HAN,DAD,DAD,Domestic,VJ,,
2026-03-13|VJ460/VJ907|A697|VCA-HAN-BOM|19:15,2026-03-13,VJ460/VJ907,A697,A321,VCA-HAN-BOM,15:20,19:15,15:20,19:15,15:40,19:09,19:10,19:30,03:55,03:30,EARLY,ONTIME,ONTIME,DELAY,,,,,,,,,HAN,VCA,BOM,International,VJ,,
2026-03-13|VJ1492/VJ569|A632|BMV-HAN-HUI|19:15,2026-03-13,VJ1492/VJ569,A632,A321,BMV-HAN-HUI,18:35,19:15,18:35,19:15,18:45,19:14,19:15,19:25,00:40,00:30,ONTIME,ONTIME,ONTIME,ONTIME,,,,,,,,,HAN,BMV,HUI,Domestic,VJ,,
2026-03-13|VJ152/VJ155|A661|SGN-HAN-SGN|20:05,2026-03-13,VJ152/VJ155,A661,A321,SGN-HAN-SGN,19:15,20:05,19:15,20:05,19:00,19:54,19:55,19:58,00:50,00:55,EARLY,ONTIME,ONTIME,ONTIME,,,,,,,,,HAN,SGN,SGN,Domestic,VJ,,
2026-03-13|VJ432/VJ7712|A655|UIH-HAN-PKX|20:05,2026-03-13,VJ432/VJ7712,A655,A320,UIH-HAN-PKX,19:10,20:05,19:10,20:05,19:20,19:59,20:00,20:04,00:55,00:40,EARLY,ONTIME,ONTIME,ONTIME,,,,,,,,,HAN,UIH,PKX,International,VJ,,
2026-03-13|VJ947/VJ165|A634|KHH-HAN-SGN|20:05,2026-03-13,VJ947/VJ165,A634,A321,KHH-HAN-SGN,18:05,20:05,18:05,20:05,18:15,20:01,20:02,20:05,02:00,01:47,EARLY,ONTIME,ONTIME,ONTIME,,,,,,,,,HAN,KHH,SGN,Domestic,VJ,,
2026-03-13|VJ928/VJ519|A548|CGK-HAN-DAD|20:05,2026-03-13,VJ928/VJ519,A548,A321,CGK-HAN-DAD,18:15,20:05,18:15,20:05,18:05,20:03,20:05,20:10,01:50,02:00,ONTIME,ONTIME,ONTIME,ONTIME,,,,,,,,,HAN,CGK,DAD,Domestic,VJ,,
2026-03-13|VJ516/VJ501|A650|DAD-HAN-DAD|20:15,2026-03-13,VJ516/VJ501,A650,A320,DAD-HAN-DAD,19:35,20:15,19:35,20:55,20:10,20:44,20:45,20:45,01:20,00:35,EARLY,ONTIME,DELAY,DELAY,,,,,,,,,HAN,DAD,DAD,Domestic,VJ,,
2026-03-13|VJ424/VJ521|A580|PXU-HAN-DAD|20:50,2026-03-13,VJ424/VJ521,A580,A321,PXU-HAN-DAD,19:35,20:50,19:35,20:50,19:45,20:41,20:42,20:44,01:15,00:57,EARLY,ONTIME,ONTIME,ONTIME,,,,,,,,,HAN,PXU,DAD,Domestic,VJ,,
2026-03-13|VJ949/VJ7238|A670|RMQ-HAN-PVG|21:30,2026-03-13,VJ949/VJ7238,A670,A321,RMQ-HAN-PVG,19:50,21:30,19:50,21:30,19:58,21:22,21:23,21:25,01:40,01:25,EARLY,ONTIME,ONTIME,ONTIME,,,,,,,,,HAN,RMQ,PVG,International,VJ,,
2026-03-13|VJ154/VJ123|A683|SGN-HAN-SGN|22:10,2026-03-13,VJ154/VJ123,A683,A321,SGN-HAN-SGN,20:25,22:10,20:25,22:10,21:28,22:09,22:10,22:14,01:45,00:42,ONTIME,ONTIME,ONTIME,DELAY,,,,,,,,,HAN,SGN,SGN,Domestic,VJ,,
2026-03-13|VJ190/VJ523|A637|SGN-HAN-DAD|22:45,2026-03-13,VJ190/VJ523,A637,A321,SGN-HAN-DAD,22:00,22:45,21:10,23:15,22:05,23:14,23:15,23:22,02:05,01:10,ONTIME,ONTIME,DELAY,ONTIME,,,,,,,,,HAN,SGN,DAD,Domestic,VJ,,
2026-03-13|VJ931/VJ962|A525|KIX-HAN-ICN|22:50,2026-03-13,VJ931/VJ962,A525,A321,KIX-HAN-ICN,19:15,22:50,19:15,22:50,18:50,22:48,22:50,22:50,03:35,04:00,ONTIME,ONTIME,ONTIME,ONTIME,,,,,,,,,HAN,KIX,ICN,International,VJ,,
2026-03-13|VJ171|A810|HAN-SGN|23:25,2026-03-13,VJ171,A810,A330,HAN-SGN,,23:25,,23:25,,23:24,23:25,23:31,,,ONTIME,ONTIME,ONTIME,,,,,,,,,,HAN,,SGN,Domestic,VJ,,
2026-03-13|VJ914/VJ7526|A500|SAI-HAN-CAN|23:40,2026-03-13,VJ914/VJ7526,A500,A321,SAI-HAN-CAN,20:50,23:40,20:50,23:40,20:40,23:39,23:40,23:45,02:50,03:00,ONTIME,ONTIME,ONTIME,ONTIME,,,,,,,,,HAN,SAI,CAN,International,VJ,,
2026-03-14|VJ932|A553|HAN-NRT|00:55,2026-03-14,VJ932,A553,A321,HAN-NRT,,00:55,,00:55,,00:49,00:50,00:54,,,EARLY,ONTIME,ONTIME,,,,,,,,,,HAN,,NRT,International,VJ,,
2026-03-14|VJ982|A537|HAN-PUS|01:00,2026-03-14,VJ982,A537,A321,HAN-PUS,,01:00,,01:00,,00:59,01:00,01:40,,,ONTIME,ONTIME,DELAY,,,,,,,,,,HAN,,PUS,International,VJ,,
2026-03-14|VJ920|A547|HAN-NGO|01:35,2026-03-14,VJ920,A547,A321,HAN-NGO,,01:35,,01:35,,01:32,01:33,01:43,,,EARLY,ONTIME,ONTIME,,,,,,,,,,HAN,,NGO,International,VJ,,
2026-03-14|VJ938|A674|HAN-KIX|01:40,2026-03-14,VJ938,A674,A321,HAN-KIX,,01:40,,01:40,,01:33,01:35,01:40,,,EARLY,ONTIME,ONTIME,,,,,,,,,,HAN,,KIX,International,VJ,,
2026-03-14|VJ960|A548|HAN-ICN|01:45,2026-03-14,VJ960,A548,A321,HAN-ICN,,01:45,,01:45,,01:38,01:40,01:45,,,EARLY,ONTIME,ONTIME,,,,,,,,,,HAN,,ICN,International,VJ,,
2026-03-14|VJ7706/VJ7706|A516|CXR-HAN-KHV|01:45,2026-03-14,VJ7706/VJ7706,A516,A321,CXR-HAN-KHV,01:15,01:45,01:15,01:45,01:10,01:38,01:40,01:45,00:30,00:30,EARLY,ONTIME,ONTIME,ONTIME,,,,,,,,,HAN,CXR,KHV,International,VJ,,
2026-03-14|VJ958|A645|HAN-FUK|02:05,2026-03-14,VJ958,A645,A321,HAN-FUK,,02:05,,02:05,,01:56,01:58,01:58,,,EARLY,ONTIME,ONTIME,,,,,,,,,,HAN,,FUK,International,VJ,,
2026-03-14|VJ179|A647|HAN-SGN|05:00,2026-03-14,VJ179,A647,A321,HAN-SGN,,05:00,,05:00,,04:54,04:55,05:02,,,EARLY,ONTIME,ONTIME,,,,,,,,,,HAN,,SGN,Domestic,VJ,,
2026-03-14|VJ461|A544|HAN-VCA|05:30,2026-03-14,VJ461,A544,A321,HAN-VCA,,05:30,,05:30,,05:24,05:25,05:29,,,EARLY,ONTIME,ONTIME,,,,,,,,,,HAN,,VCA,Domestic,VJ,,
2026-03-14|VJ443|A632|HAN-PQC|06:00,2026-03-14,VJ443,A632,A321,HAN-PQC,,06:00,,06:00,,05:54,05:55,06:04,,,EARLY,ONTIME,ONTIME,,,,,,,,,,HAN,,PQC,Domestic,VJ,,
2026-03-14|VJ503|A685|HAN-DAD|06:00,2026-03-14,VJ503,A685,A321,HAN-DAD,,06:00,,06:00,,05:54,05:55,06:05,,,EARLY,ONTIME,ONTIME,,,,,,,,,,HAN,,DAD,Domestic,VJ,,
2026-03-14|VJ491|A629|HAN-BMV|06:00,2026-03-14,VJ491,A629,A321,HAN-BMV,,06:00,,06:00,,05:49,05:50,05:53,,,EARLY,ONTIME,ONTIME,,,,,,,,,,HAN,,BMV,Domestic,VJ,,
2026-03-14|VJ952|A650|HAN-HIJ|06:05,2026-03-14,VJ952,A650,A320,HAN-HIJ,,06:05,,06:05,,05:59,06:00,06:10,,,EARLY,ONTIME,ONTIME,,,,,,,,,,HAN,,HIJ,International,VJ,,
2026-03-14|VJ421|A639|HAN-PXU|06:05,2026-03-14,VJ421,A639,A321,HAN-PXU,,06:05,,06:05,,05:59,06:00,06:08,,,EARLY,ONTIME,ONTIME,,,,,,,,,,HAN,,PXU,Domestic,VJ,,
2026-03-14|VJ181|A524|HAN-SGN|06:40,2026-03-14,VJ181,A524,A321,HAN-SGN,,06:40,,06:40,,06:34,06:35,06:40,,,EARLY,ONTIME,ONTIME,,,,,,,,,,HAN,,SGN,Domestic,VJ,,
2026-03-14|VJ105|652G|HAN-VCS|06:45,2026-03-14,VJ105,652G,C909,HAN-VCS,,06:45,,06:45,,06:39,06:40,06:50,,,EARLY,ONTIME,ONTIME,,,,,,,,,,HAN,,VCS,Domestic,VJ,,
2026-03-14|VJ1926/VJ431|A672|AMD-HAN-UIH|07:10,2026-03-14,VJ1926/VJ431,A672,A320,AMD-HAN-UIH,06:20,07:10,06:20,07:10,05:25,07:04,07:05,07:10,00:50,01:40,EARLY,ONTIME,ONTIME,ONTIME,,,,,,,,,HAN,AMD,UIH,Domestic,VJ,,
2026-03-14|VJ7527/VJ905|A500|CAN-HAN-KUL|07:10,2026-03-14,VJ7527/VJ905,A500,A321,CAN-HAN-KUL,04:35,07:10,04:35,07:10,04:25,07:04,07:05,07:16,02:35,02:40,EARLY,ONTIME,ONTIME,ONTIME,,,,,,,,,HAN,CAN,KUL,International,VJ,,
2026-03-14|VJ7713/VJ956|A655|PKX-HAN-PUS|07:30,2026-03-14,VJ7713/VJ956,A655,A320,PKX-HAN-PUS,04:10,07:30,04:10,07:30,04:15,07:24,07:25,07:40,03:20,03:10,EARLY,ONTIME,ONTIME,ONTIME,,,,,,,,,HAN,PKX,PUS,International,VJ,,
2026-03-14|VJ502/VJ771|A552|DAD-HAN-CXR|07:35,2026-03-14,VJ502/VJ771,A552,A321,DAD-HAN-CXR,07:05,07:35,07:05,07:35,07:00,07:29,07:30,07:35,00:30,00:30,EARLY,ONTIME,ONTIME,ONTIME,,,,,,,,,HAN,DAD,CXR,Domestic,VJ,,
2026-03-14|VJ940|A535|HAN-TPE|07:35,2026-03-14,VJ940,A535,A321,HAN-TPE,,07:35,,07:35,,07:34,07:35,07:45,,,ONTIME,ONTIME,ONTIME,,,,,,,,,,HAN,,TPE,International,VJ,,
2026-03-14|VJ107|656E|HAN-VCS|08:15,2026-03-14,VJ107,656E,C909,HAN-VCS,,08:15,,08:15,,08:10,08:11,08:12,,,EARLY,ONTIME,ONTIME,,,,,,,,,,HAN,,VCS,Domestic,VJ,,
2026-03-14|VJ934|A545|HAN-NRT|08:20,2026-03-14,VJ934,A545,A321,HAN-NRT,,08:20,,08:20,,08:39,08:40,08:47,,,DELAY,DELAY,DELAY,,,87,00:10,99,00:10,,,STUCK AT IMMIGRATION/ACCEPT 20 PAX 24 BAGS,HAN,,NRT,International,VJ,,
2026-03-14|VJ910/VJ930|A697|BOM-HAN-KIX|08:20,2026-03-14,VJ910/VJ930,A697,A321,BOM-HAN-KIX,06:40,08:20,06:40,08:20,06:45,08:19,08:20,08:28,01:40,01:35,ONTIME,ONTIME,ONTIME,ONTIME,,,,,,,,,HAN,BOM,KIX,International,VJ,,
2026-03-14|VJ120/VJ121|A810|SGN-HAN-SGN|08:40,2026-03-14,VJ120/VJ121,A810,A330,SGN-HAN-SGN,07:40,08:40,07:40,08:40,07:45,08:34,08:35,08:40,01:00,00:50,EARLY,ONTIME,ONTIME,ONTIME,,,,,,,,,HAN,SGN,SGN,Domestic,VJ,,
2026-03-14|VJ7239/VJ929|A670|PVG-HAN-CGK|08:40,2026-03-14,VJ7239/VJ929,A670,A321,PVG-HAN-CGK,05:15,08:40,05:15,08:40,05:00,08:28,08:30,08:35,03:25,03:30,EARLY,ONTIME,ONTIME,ONTIME,,,,,,,,,HAN,PVG,CGK,International,VJ,,
2026-03-14|VJ126/VJ915|A698|SGN-HAN-SIN|09:35,2026-03-14,VJ126/VJ915,A698,A321,SGN-HAN-SIN,08:25,09:35,08:25,09:35,08:25,09:29,09:30,09:31,01:10,01:05,EARLY,ONTIME,ONTIME,ONTIME,,,,,,,,,HAN,SGN,SIN,International,VJ,,
2026-03-14|VJ148/VJ149|-NVG|SGN-HAN-SGN|10:05,2026-03-14,VJ148/VJ149,-NVG,A320,SGN-HAN-SGN,09:30,10:05,09:30,10:05,09:30,09:54,09:55,10:00,00:35,00:25,EARLY,ONTIME,ONTIME,ONTIME,,,,,,,,,HAN,SGN,SGN,Domestic,VJ,,
2026-03-14|VJ504/VJ567|A685|DAD-HAN-HUI|10:10,2026-03-14,VJ504/VJ567,A685,A321,DAD-HAN-HUI,09:00,10:10,09:00,10:10,09:35,10:09,10:10,10:18,01:10,00:35,ONTIME,ONTIME,ONTIME,DELAY,,,,,,,,,HAN,DAD,HUI,Domestic,VJ,,
2026-03-14|VJ963/VJ997|A525|ICN-HAN-DPS|10:15,2026-03-14,VJ963/VJ997,A525,A321,ICN-HAN-DPS,09:30,10:15,09:30,10:15,08:45,10:05,10:06,10:22,00:45,01:21,EARLY,ONTIME,ONTIME,ONTIME,,,,,,,,,HAN,ICN,DPS,International,VJ,,
2026-03-14|VJ422/VJ463|A639|PXU-HAN-VCA|10:30,2026-03-14,VJ422/VJ463,A639,A321,PXU-HAN-VCA,09:40,10:30,09:40,10:30,09:40,10:26,10:28,10:32,00:50,00:48,EARLY,ONTIME,ONTIME,ONTIME,,,,,,,,,HAN,PXU,VCA,Domestic,VJ,,
2026-03-14|VJ524/VJ507|A666|DAD-HAN-DAD|10:30,2026-03-14,VJ524/VJ507,A666,A320,DAD-HAN-DAD,07:40,10:30,07:40,10:30,07:35,10:27,10:28,10:37,02:50,02:53,EARLY,ONTIME,ONTIME,ONTIME,,,,,,,,,HAN,DAD,DAD,Domestic,VJ,,
2026-03-14|VJ136/VJ135|A671|SGN-HAN-SGN|11:10,2026-03-14,VJ136/VJ135,A671,A320,SGN-HAN-SGN,10:40,11:10,10:40,11:10,10:30,11:03,11:05,11:07,00:30,00:35,EARLY,ONTIME,ONTIME,ONTIME,,,,,,,,,HAN,SGN,SGN,Domestic,VJ,,
2026-03-14|VJ132/VJ137|A661|SGN-HAN-SGN|11:40,2026-03-14,VJ132/VJ137,A661,A321,SGN-HAN-SGN,11:10,11:40,11:10,11:40,11:15,11:44,11:45,11:50,00:30,00:30,DELAY,ONTIME,ONTIME,ONTIME,,93,00:05,,,,,,HAN,SGN,SGN,Domestic,VJ,,
2026-03-14|VJ981/VJ946|A537|PUS-HAN-KHH|11:45,2026-03-14,VJ981/VJ946,A537,A321,PUS-HAN-KHH,11:00,11:45,11:00,12:15,11:00,12:11,12:13,12:13,01:15,01:13,EARLY,ONTIME,DELAY,ONTIME,,,,,,,,,HAN,PUS,KHH,International,VJ,,
2026-03-14|VJ442/VJ901|A632|BMV-HAN-BKK|12:15,2026-03-14,VJ442/VJ901,A632,A321,BMV-HAN-BKK,10:45,12:15,10:45,12:15,10:54,12:14,12:15,12:24,01:30,01:21,ONTIME,ONTIME,ONTIME,ONTIME,,,,,,,,,HAN,BMV,BKK,International,VJ,,
2026-03-14|VJ430/VJ441|A672|UIH-HAN-PQC|12:25,2026-03-14,VJ430/VJ441,A672,A320,UIH-HAN-PQC,10:55,12:25,10:55,12:25,10:50,12:19,12:20,12:30,01:30,01:30,EARLY,ONTIME,ONTIME,ONTIME,,,,,,,,,HAN,UIH,PQC,Domestic,VJ,,
2026-03-14|VJ959/VJ948|A645|FUK-HAN-RMQ|13:30,2026-03-14,VJ959/VJ948,A645,A321,FUK-HAN-RMQ,12:25,13:30,12:25,13:30,11:45,13:25,13:26,13:28,01:05,01:41,EARLY,ONTIME,ONTIME,ONTIME,,,,,,,,,HAN,FUK,RMQ,International,VJ,,
2026-03-14|VJ492/VJ513|A629|PQC-HAN-DAD|13:35,2026-03-14,VJ492/VJ513,A629,A321,PQC-HAN-DAD,10:00,13:35,10:00,13:35,10:00,13:34,13:35,13:43,03:35,03:35,ONTIME,ONTIME,ONTIME,ONTIME,,,,,,,,,HAN,PQC,DAD,Domestic,VJ,,
2026-03-14|VJ128/VJ143|A676|SGN-HAN-SGN|13:40,2026-03-14,VJ128/VJ143,A676,A320,SGN-HAN-SGN,12:10,13:40,12:10,13:40,12:17,13:39,13:40,13:43,01:30,01:23,ONTIME,ONTIME,ONTIME,ONTIME,,,,,,,,,HAN,SGN,SGN,Domestic,VJ,,
2026-03-14|VJ939/VJ942|A674|KIX-HAN-TPE|14:25,2026-03-14,VJ939/VJ942,A674,A321,KIX-HAN-TPE,13:05,14:25,13:05,14:25,12:25,14:21,14:22,14:23,01:20,01:57,EARLY,ONTIME,ONTIME,ONTIME,,,,,,,,,HAN,KIX,TPE,International,VJ,,
2026-03-14|VJ921/VJ1491|A547|NGO-HAN-BMV|14:35,2026-03-14,VJ921/VJ1491,A547,A321,NGO-HAN-BMV,13:40,14:35,13:40,14:35,12:48,14:31,14:32,14:33,00:55,01:44,EARLY,ONTIME,ONTIME,ONTIME,,,,,,,,,HAN,NGO,BMV,Domestic,VJ,,
2026-03-14|VJ941/VJ511|A535|TPE-HAN-DAD|15:00,2026-03-14,VJ941/VJ511,A535,A321,TPE-HAN-DAD,14:10,15:00,14:10,15:00,14:40,15:19,15:20,15:22,00:50,00:40,DELAY,DELAY,DELAY,DELAY,,93,00:10,95,00:10,,,LATE ARR/CHANGE CREW FROM VJ508 1450,HAN,TPE,DAD,Domestic,VJ,,
2026-03-14|VJ7707/VJ7707|A516|KHV-HAN-CXR|15:15,2026-03-14,VJ7707/VJ7707,A516,A321,KHV-HAN-CXR,14:45,15:15,14:45,15:15,14:55,15:20,15:21,15:25,00:30,00:26,DELAY,ONTIME,ONTIME,ONTIME,,93,00:06,,,,,,HAN,KHV,CXR,Domestic,VJ,,
2026-03-14|VJ508/VJ433|A666|DAD-HAN-UIH|15:25,2026-03-14,VJ508/VJ433,A666,A320,DAD-HAN-UIH,13:40,15:25,13:40,15:25,14:10,15:21,15:22,15:25,01:45,01:12,EARLY,ONTIME,ONTIME,DELAY,,,,,,,,,HAN,DAD,UIH,Domestic,VJ,,
2026-03-14|VJ961/VJ1441|A548|ICN-HAN-PQC|15:30,2026-03-14,VJ961/VJ1441,A548,A321,ICN-HAN-PQC,14:10,15:30,14:10,15:30,13:15,15:24,15:25,15:30,01:20,02:10,EARLY,ONTIME,ONTIME,ONTIME,,,,,,,,,HAN,ICN,PQC,Domestic,VJ,,
2026-03-14|VJ144/VJ145|A524|SGN-HAN-SGN|15:35,2026-03-14,VJ144/VJ145,A524,A321,SGN-HAN-SGN,14:10,15:35,14:10,16:45,15:00,17:14,17:15,17:25,02:35,02:15,DELAY,DELAY,DELAY,DELAY,,46,00:30,,,,,CHANGE A/C,HAN,SGN,SGN,Domestic,VJ,,
2026-03-14|VJ770/VJ199|A552|CXR-HAN-SGN|15:35,2026-03-14,VJ770/VJ199,A552,A321,CXR-HAN-SGN,11:45,15:35,11:45,15:35,12:28,15:34,15:35,15:44,03:50,03:07,ONTIME,ONTIME,ONTIME,DELAY,,,,,,,,,HAN,CXR,SGN,Domestic,VJ,,
2026-03-14|VJ906/VJ191|A500|KUL-HAN-SGN|15:55,2026-03-14,VJ906/VJ191,A500,A321,KUL-HAN-SGN,14:55,15:55,14:55,15:55,14:20,15:54,15:55,15:57,01:00,01:35,ONTIME,ONTIME,ONTIME,ONTIME,,,,,,,,,HAN,KUL,SGN,Domestic,VJ,,
2026-03-14|VJ460/VJ423|A639|VCA-HAN-PXU|15:55,2026-03-14,VJ460/VJ423,A639,A321,VCA-HAN-PXU,15:20,15:55,15:20,15:55,15:35,16:03,16:05,16:10,00:35,00:30,DELAY,ONTIME,ONTIME,ONTIME,,93,00:10,,,,,,HAN,VCA,PXU,Domestic,VJ,,
2026-03-14|VJ933/VJ195|A553|NRT-HAN-SGN|16:00,2026-03-14,VJ933/VJ195,A553,A321,NRT-HAN-SGN,14:00,16:00,14:00,16:00,13:10,15:56,15:58,16:08,02:00,02:48,EARLY,ONTIME,ONTIME,ONTIME,,,,,,,,,HAN,NRT,SGN,Domestic,VJ,,
2026-03-14|VJ198/VJ913|A647|SGN-HAN-SAI|16:20,2026-03-14,VJ198/VJ913,A647,A321,SGN-HAN-SAI,15:10,16:20,15:10,16:20,15:15,16:19,16:20,16:22,01:10,01:05,ONTIME,ONTIME,ONTIME,ONTIME,,,,,,,,,HAN,SGN,SAI,International,VJ,,
2026-03-14|VJ462/VJ515|A544|VCA-HAN-DAD|16:25,2026-03-14,VJ462/VJ515,A544,A321,VCA-HAN-DAD,15:40,16:25,15:40,16:25,15:30,16:29,16:30,16:40,00:45,01:00,DELAY,ONTIME,ONTIME,ONTIME,,15A,00:05,,,,,OFFLOAD 04PAX&02BAGS,HAN,VCA,DAD,Domestic,VJ,,
2026-03-14|VJ134/VJ163|-NVE|SGN-HAN-SGN|17:20,2026-03-14,VJ134/VJ163,-NVE,A320,SGN-HAN-SGN,16:50,17:20,16:50,17:20,17:05,17:29,17:30,17:35,00:30,00:25,DELAY,ONTIME,ONTIME,ONTIME,,93,00:10,,,,,,HAN,SGN,SGN,Domestic,VJ,,
2026-03-14|VJ514/VJ465|A632|DAD-HAN-VCA|17:25,2026-03-14,VJ514/VJ465,A632,A321,DAD-HAN-VCA,16:45,17:25,16:45,17:25,17:00,17:28,17:30,17:32,00:40,00:30,DELAY,ONTIME,ONTIME,ONTIME,,93,00:05,,,,,,HAN,DAD,VCA,Domestic,VJ,,
2026-03-14|VJ440/VJ445|A656|PQC-HAN-PQC|17:40,2026-03-14,VJ440/VJ445,A656,A320,PQC-HAN-PQC,11:55,17:40,11:55,17:40,12:30,17:39,17:40,17:49,05:45,05:10,ONTIME,ONTIME,ONTIME,DELAY,,,,,,,,,HAN,PQC,PQC,Domestic,VJ,,
2026-03-14|VJ512/VJ779|A633|DAD-HAN-CXR|18:00,2026-03-14,VJ512/VJ779,A633,A321,DAD-HAN-CXR,17:30,18:00,17:30,18:00,17:45,18:14,18:15,18:25,00:30,00:30,DELAY,ONTIME,DELAY,ONTIME,,93,00:15,,,,,,HAN,DAD,CXR,Domestic,VJ,,
2026-03-14|VJ194/VJ193|A658|SGN-HAN-SGN|18:10,2026-03-14,VJ194/VJ193,A658,A320,SGN-HAN-SGN,17:30,18:10,17:30,18:10,17:35,18:09,18:10,18:17,00:40,00:35,ONTIME,ONTIME,ONTIME,ONTIME,,,,,,,,,HAN,SGN,SGN,Domestic,VJ,,
2026-03-14|VJ916/VJ783|A698|SIN-HAN-CXR|18:25,2026-03-14,VJ916/VJ783,A698,A321,SIN-HAN-CXR,17:25,18:25,17:25,18:25,17:10,19:24,19:25,19:30,01:00,02:15,DELAY,DELAY,DELAY,ONTIME,,95,01:00,,,,,CREW FROM VJ784 OB 1905,HAN,SIN,CXR,Domestic,VJ,,
2026-03-14|VJ916/VJ493|A698|SIN-HAN-BMV|18:25,2026-03-14,VJ916/VJ493,A698,A321,SIN-HAN-BMV,17:25,18:25,17:25,18:25,17:05,18:15,18:16,18:38,01:00,01:11,EARLY,ONTIME,ONTIME,ONTIME,,,,,,,,,HAN,SIN,BMV,Domestic,VJ,,
2026-03-14|VJ957/VJ165|A655|PUS-HAN-SGN|18:30,2026-03-14,VJ957/VJ165,A655,A320,PUS-HAN-SGN,17:20,18:30,17:20,18:30,17:05,18:29,18:30,18:55,01:10,01:25,ONTIME,ONTIME,DELAY,ONTIME,,,,,,,,,HAN,PUS,SGN,Domestic,VJ,,
2026-03-14|VJ446/VJ1925|A662|PQC-HAN-AMD|19:00,2026-03-14,VJ446/VJ1925,A662,A320,PQC-HAN-AMD,17:10,19:00,17:10,19:00,17:53,18:52,18:53,19:03,01:50,01:00,EARLY,ONTIME,ONTIME,DELAY,,,,,,,,,HAN,PQC,AMD,International,VJ,,
2026-03-14|VJ1492/VJ517|A547|BMV-HAN-DAD|19:05,2026-03-14,VJ1492/VJ517,A547,A321,BMV-HAN-DAD,18:35,19:05,18:35,19:05,18:55,19:23,19:25,19:31,00:30,00:30,DELAY,DELAY,DELAY,DELAY,,93,00:20,,,,,,HAN,BMV,DAD,Domestic,VJ,,
2026-03-14|VJ928/VJ173|A670|CGK-HAN-SGN|19:05,2026-03-14,VJ928/VJ173,A670,A321,CGK-HAN-SGN,18:15,19:05,18:15,19:05,18:45,19:23,19:25,19:30,00:50,00:40,DELAY,DELAY,DELAY,DELAY,,93,00:10,66,00:10,,,LATE ARR/ CHANGE CREW HN OB 1857,HAN,CGK,SGN,Domestic,VJ,,
2026-03-14|VJ971|A812|HAN-DEL|19:10,2026-03-14,VJ971,A812,A330,HAN-DEL,,19:10,,19:10,,19:04,19:05,19:13,,,EARLY,ONTIME,ONTIME,,,,,,,,,,HAN,,DEL,International,VJ,,
2026-03-14|VJ784/VJ569|A644|CXR-HAN-HUI|19:15,2026-03-14,VJ784/VJ569,A644,A321,CXR-HAN-HUI,17:55,19:15,17:55,19:15,18:50,19:19,19:20,19:22,01:20,00:30,DELAY,ONTIME,ONTIME,DELAY,,93,00:05,,,,,,HAN,CXR,HUI,Domestic,VJ,,
2026-03-14|VJ172/VJ519|A661|SGN-HAN-DAD|19:45,2026-03-14,VJ172/VJ519,A661,A321,SGN-HAN-DAD,18:55,19:45,18:55,19:45,19:00,19:43,19:45,19:50,00:50,00:45,ONTIME,ONTIME,ONTIME,ONTIME,,,,,,,,,HAN,SGN,DAD,Domestic,VJ,,
2026-03-14|VJ953/VJ7712|A650|HIJ-HAN-PKX|20:05,2026-03-14,VJ953/VJ7712,A650,A320,HIJ-HAN-PKX,15:50,20:05,15:50,20:05,16:22,20:00,20:01,20:05,04:15,03:39,EARLY,ONTIME,ONTIME,DELAY,,,,,,,,,HAN,HIJ,PKX,International,VJ,,
2026-03-14|VJ152/VJ155|A542|SGN-HAN-SGN|20:05,2026-03-14,VJ152/VJ155,A542,A321,SGN-HAN-SGN,19:15,20:05,19:15,20:05,19:08,19:55,19:56,20:12,00:50,00:48,EARLY,ONTIME,ONTIME,ONTIME,,,,,,,,,HAN,SGN,SGN,Domestic,VJ,,
2026-03-14|VJ432/VJ501|A666|UIH-HAN-DAD|20:15,2026-03-14,VJ432/VJ501,A666,A320,UIH-HAN-DAD,19:10,20:15,19:10,20:15,19:20,20:08,20:10,20:14,01:05,00:50,EARLY,ONTIME,ONTIME,ONTIME,,,,,,,,,HAN,UIH,DAD,Domestic,VJ,,
2026-03-14|VJ158/VJ7238|A671|SGN-HAN-PVG|21:30,2026-03-14,VJ158/VJ7238,A671,A320,SGN-HAN-PVG,20:30,21:30,20:30,21:30,20:35,21:25,21:26,21:28,01:00,00:51,EARLY,ONTIME,ONTIME,ONTIME,,,,,,,,,HAN,SGN,PVG,International,VJ,,
2026-03-14|VJ424/VJ161|A639|PXU-HAN-SGN|21:50,2026-03-14,VJ424/VJ161,A639,A321,PXU-HAN-SGN,19:35,21:50,19:35,21:50,19:50,22:04,22:05,22:10,02:15,02:15,DELAY,ONTIME,DELAY,ONTIME,,95,00:15,,,,,CREW FROM VJ160 OB 2140,HAN,PXU,SGN,Domestic,VJ,,
2026-03-14|VJ568/VJ523|A644|HUI-HAN-DAD|22:45,2026-03-14,VJ568/VJ523,A644,A321,HUI-HAN-DAD,22:15,22:45,22:15,22:45,22:30,22:57,22:58,22:59,00:30,00:28,DELAY,ONTIME,ONTIME,ONTIME,,93,00:13,,,,,,HAN,HUI,DAD,Domestic,VJ,,
2026-03-14|VJ947/VJ962|A537|KHH-HAN-ICN|22:50,2026-03-14,VJ947/VJ962,A537,A321,KHH-HAN-ICN,18:20,22:50,18:20,22:50,18:10,22:54,22:55,23:05,04:30,04:45,DELAY,ONTIME,ONTIME,ONTIME,,15A,00:05,,,,,OFFLOAD 04PAX&03BAGS,HAN,KHH,ICN,International,VJ,,
2026-03-14|VJ494/VJ171|A632|BMV-HAN-SGN|23:25,2026-03-14,VJ494/VJ171,A632,A321,BMV-HAN-SGN,22:25,23:25,22:25,23:25,22:40,23:18,23:19,23:25,01:00,00:39,EARLY,ONTIME,ONTIME,ONTIME,,,,,,,,,HAN,BMV,SGN,Domestic,VJ,,
2026-03-14|VJ935/VJ7526|A545|NRT-HAN-CAN|23:40,2026-03-14,VJ935/VJ7526,A545,A321,NRT-HAN-CAN,20:55,23:40,20:55,23:40,21:05,23:38,23:40,23:40,02:45,02:35,ONTIME,ONTIME,ONTIME,ONTIME,,,,,,,,,HAN,NRT,CAN,International,VJ,,
2026-03-15|VJ3521/VJ3521|A539|PQC-HAN-VVO|00:25,2026-03-15,VJ3521/VJ3521,A539,A321,PQC-HAN-VVO,23:55,00:25,23:55,00:25,23:47,00:18,00:19,00:25,00:30,00:32,EARLY,ONTIME,ONTIME,ONTIME,,,,,,,,,HAN,PQC,VVO,International,VJ,,
2026-03-15|VJ982|A552|HAN-PUS|01:00,2026-03-15,VJ982,A552,A321,HAN-PUS,,01:00,,01:00,,00:59,01:00,01:03,,,ONTIME,ONTIME,ONTIME,,,,,,,,,,HAN,,PUS,International,VJ,,
2026-03-15|VJ932|A810|HAN-NRT|01:30,2026-03-15,VJ932,A810,A330,HAN-NRT,,01:30,,01:30,,01:29,01:30,01:36,,,ONTIME,ONTIME,ONTIME,,,,,,,,,,HAN,,NRT,International,VJ,,
2026-03-15|VJ920|A525|HAN-NGO|01:35,2026-03-15,VJ920,A525,A321,HAN-NGO,,01:35,,01:35,,01:27,01:28,01:33,,,EARLY,ONTIME,ONTIME,,,,,,,,,,HAN,,NGO,International,VJ,,
2026-03-15|VJ938|A697|HAN-KIX|01:40,2026-03-15,VJ938,A697,A321,HAN-KIX,,01:40,,01:40,,01:31,01:32,01:35,,,EARLY,ONTIME,ONTIME,,,,,,,,,,HAN,,KIX,International,VJ,,
2026-03-15|VJ960|A548|HAN-ICN|01:45,2026-03-15,VJ960,A548,A321,HAN-ICN,,01:45,,01:45,,01:32,01:34,01:35,,,EARLY,ONTIME,ONTIME,,,,,,,,,,HAN,,ICN,International,VJ,,
2026-03-15|VJ958|A645|HAN-FUK|02:05,2026-03-15,VJ958,A645,A321,HAN-FUK,,02:05,,02:05,,01:48,01:50,01:55,,,EARLY,ONTIME,ONTIME,,,,,,,,,,HAN,,FUK,International,VJ,,
2026-03-15|VJ185|A524|HAN-SGN|05:10,2026-03-15,VJ185,A524,A321,HAN-SGN,,05:10,,05:10,,05:04,05:05,05:10,,,EARLY,ONTIME,ONTIME,,,,,,,,,,HAN,,SGN,Domestic,VJ,,
2026-03-15|VJ509|A575|HAN-DAD|05:25,2026-03-15,VJ509,A575,A321,HAN-DAD,,05:25,,05:25,,05:19,05:20,05:30,,,EARLY,ONTIME,ONTIME,,,,,,,,,,HAN,,DAD,Domestic,VJ,,
2026-03-15|VJ461|A666|HAN-VCA|05:30,2026-03-15,VJ461,A666,A320,HAN-VCA,,05:30,,05:30,,05:24,05:25,05:35,,,EARLY,ONTIME,ONTIME,,,,,,,,,,HAN,,VCA,Domestic,VJ,,
2026-03-15|VJ503|A636|HAN-DAD|06:00,2026-03-15,VJ503,A636,A321,HAN-DAD,,06:00,,06:00,,05:54,05:55,06:06,,,EARLY,ONTIME,ONTIME,,,,,,,,,,HAN,,DAD,Domestic,VJ,,
2026-03-15|VJ491|A673|HAN-BMV|06:00,2026-03-15,VJ491,A673,A321,HAN-BMV,,06:00,,06:00,,05:54,05:55,05:57,,,EARLY,ONTIME,ONTIME,,,,,,,,,,HAN,,BMV,Domestic,VJ,,
2026-03-15|VJ7713/VJ443|A650|PKX-HAN-PQC|06:00,2026-03-15,VJ7713/VJ443,A650,A320,PKX-HAN-PQC,04:10,06:00,04:10,06:00,04:55,05:54,05:55,05:58,01:50,01:00,EARLY,ONTIME,ONTIME,DELAY,,,,,,,,,HAN,PKX,PQC,Domestic,VJ,,
2026-03-15|VJ421|A544|HAN-PXU|06:05,2026-03-15,VJ421,A544,A321,HAN-PXU,,06:05,,06:05,,05:59,06:00,06:14,,,EARLY,ONTIME,ONTIME,,,,,,,,,,HAN,,PXU,Domestic,VJ,,
2026-03-15|VJ7239/VJ952|A671|PVG-HAN-HIJ|06:35,2026-03-15,VJ7239/VJ952,A671,A320,PVG-HAN-HIJ,05:15,06:35,05:15,06:35,04:35,06:39,06:40,06:47,01:20,02:05,DELAY,ONTIME,ONTIME,ONTIME,,99,00:05,,,,,LATE ACPT 1PAX2BAGS,HAN,PVG,HIJ,International,VJ,,
2026-03-15|VJ181|A661|HAN-SGN|06:40,2026-03-15,VJ181,A661,A321,HAN-SGN,,06:40,,06:40,,06:34,06:35,06:45,,,EARLY,ONTIME,ONTIME,,,,,,,,,,HAN,,SGN,Domestic,VJ,,
2026-03-15|VJ105|652G|HAN-VCS|06:45,2026-03-15,VJ105,652G,C909,HAN-VCS,,06:45,,06:45,,06:39,06:40,06:44,,,EARLY,ONTIME,ONTIME,,,,,,,,,,HAN,,VCS,Domestic,VJ,,
2026-03-15|VJ431|A689|HAN-UIH|07:10,2026-03-15,VJ431,A689,A320,HAN-UIH,,07:10,,07:10,,06:28,07:04,07:05,,,EARLY,ONTIME,ONTIME,,,,,,,,,,HAN,,UIH,Domestic,VJ,,
2026-03-15|VJ7527/VJ905|A545|CAN-HAN-KUL|07:10,2026-03-15,VJ7527/VJ905,A545,A321,CAN-HAN-KUL,04:35,07:10,04:35,07:10,04:20,07:04,07:05,07:14,02:35,02:45,EARLY,ONTIME,ONTIME,ONTIME,,,,,,,,,HAN,CAN,KUL,International,VJ,,
2026-03-15|VJ1926/VJ956|A662|AMD-HAN-PUS|07:30,2026-03-15,VJ1926/VJ956,A662,A320,AMD-HAN-PUS,06:20,07:30,06:20,07:30,06:20,07:39,07:40,07:45,01:10,01:20,DELAY,ONTIME,ONTIME,ONTIME,,87,00:10,,,,,STUCK AT IMMI,HAN,AMD,PUS,International,VJ,,
2026-03-15|VJ771|A637|HAN-CXR|07:35,2026-03-15,VJ771,A637,A321,HAN-CXR,,07:35,,07:35,,07:26,07:27,07:35,,,EARLY,ONTIME,ONTIME,,,,,,,,,,HAN,,CXR,Domestic,VJ,,
2026-03-15|VJ940|A629|HAN-TPE|07:35,2026-03-15,VJ940,A629,A321,HAN-TPE,,07:35,,07:35,,07:44,07:45,07:55,,,DELAY,ONTIME,DELAY,,,11,00:10,,,,,LATE CHECKIN,HAN,,TPE,International,VJ,,
2026-03-15|VJ107|656E|HAN-VCS|08:15,2026-03-15,VJ107,656E,C909,HAN-VCS,,08:15,,08:15,,08:09,08:10,08:25,,,EARLY,ONTIME,ONTIME,,,,,,,,,,HAN,,VCS,Domestic,VJ,,
2026-03-15|VJ934|A607|HAN-NRT|08:20,2026-03-15,VJ934,A607,A321,HAN-NRT,,08:20,,08:20,,08:34,08:35,08:45,,,DELAY,ONTIME,DELAY,,,87,00:15,,,,,STUCK AT IMMI,HAN,,NRT,International,VJ,,
2026-03-15|VJ930|A674|HAN-KIX|08:20,2026-03-15,VJ930,A674,A321,HAN-KIX,,08:20,,08:20,,08:34,08:35,08:35,,,DELAY,ONTIME,ONTIME,,,87,00:15,,,,,STUCK AT IMMI,HAN,,KIX,International,VJ,,
2026-03-15|VJ929|A677|HAN-CGK|08:40,2026-03-15,VJ929,A677,A321,HAN-CGK,,08:40,,08:40,,08:39,08:40,08:50,,,ONTIME,ONTIME,ONTIME,,,,,,,,,,HAN,,CGK,International,VJ,,
2026-03-15|VJ126/VJ127|A532|SGN-HAN-SGN|08:55,2026-03-15,VJ126/VJ127,A532,A321,SGN-HAN-SGN,08:25,08:55,08:25,08:55,08:30,08:59,09:00,09:15,00:30,00:30,DELAY,ONTIME,DELAY,ONTIME,,93,00:05,,,,,,HAN,SGN,SGN,Domestic,VJ,,
2026-03-15|VJ972/VJ773|A812|DEL-HAN-CXR|09:00,2026-03-15,VJ972/VJ773,A812,A330,DEL-HAN-CXR,05:35,09:00,05:35,09:00,05:20,08:59,09:00,09:06,03:25,03:40,ONTIME,ONTIME,ONTIME,ONTIME,,,,,,,,,HAN,DEL,CXR,Domestic,VJ,,
2026-03-15|VJ510/VJ915|A677|DAD-HAN-SIN|09:35,2026-03-15,VJ510/VJ915,A677,A321,DAD-HAN-SIN,07:40,09:35,07:40,10:00,09:15,09:59,10:00,10:05,02:20,00:45,ONTIME,ONTIME,DELAY,DELAY,,,,,,,,,HAN,DAD,SIN,International,VJ,,
2026-03-15|VJ504/VJ997|A575|DAD-HAN-DPS|10:00,2026-03-15,VJ504/VJ997,A575,A321,DAD-HAN-DPS,09:00,10:00,09:00,10:30,09:50,10:29,10:30,10:30,01:30,00:40,ONTIME,ONTIME,DELAY,DELAY,,,,,,,,,HAN,DAD,DPS,International,VJ,,
2026-03-15|VJ148/VJ149|-NVG|SGN-HAN-SGN|10:05,2026-03-15,VJ148/VJ149,-NVG,A320,SGN-HAN-SGN,09:30,10:05,09:30,10:05,09:40,10:04,10:05,10:35,00:35,00:25,ONTIME,ONTIME,DELAY,ONTIME,,,,,,,,,HAN,SGN,SGN,Domestic,VJ,,
2026-03-15|VJ422/VJ567|A544|PXU-HAN-HUI|10:10,2026-03-15,VJ422/VJ567,A544,A321,PXU-HAN-HUI,09:00,10:10,09:40,11:20,11:00,11:29,11:30,11:31,01:40,00:30,DELAY,ONTIME,DELAY,DELAY,,93,00:10,,,,,,HAN,PXU,HUI,Domestic,VJ,,
2026-03-15|VJ463|A636|HAN-VCA|10:30,2026-03-15,VJ463,A636,A321,HAN-VCA,,10:30,,10:30,,10:29,10:30,10:36,,,ONTIME,ONTIME,ONTIME,,,,,,,,,,HAN,,VCA,Domestic,VJ,,
2026-03-15|VJ492/VJ507|A673|BMV-HAN-DAD|10:40,2026-03-15,VJ492/VJ507,A673,A321,BMV-HAN-DAD,10:00,10:40,10:00,10:40,10:00,10:39,10:40,10:50,00:40,00:40,ONTIME,ONTIME,ONTIME,ONTIME,,,,,,,,,HAN,BMV,DAD,Domestic,VJ,,
2026-03-15|VJ440/VJ135|A656|PQC-HAN-SGN|11:20,2026-03-15,VJ440/VJ135,A656,A320,PQC-HAN-SGN,10:45,11:20,10:45,12:50,12:35,13:09,13:10,13:14,02:05,00:35,DELAY,DELAY,DELAY,DELAY,,93,00:10,66,00:10,,,CREW HN OB 1245,HAN,PQC,SGN,Domestic,VJ,,
2026-03-15|VJ184/VJ129|A811|SGN-HAN-SGN|11:25,2026-03-15,VJ184/VJ129,A811,A330,SGN-HAN-SGN,10:25,11:25,10:25,11:25,10:20,11:22,11:23,11:25,01:00,01:03,EARLY,ONTIME,ONTIME,ONTIME,,,,,,,,,HAN,SGN,SGN,Domestic,VJ,,
2026-03-15|VJ770/VJ137|A637|SGN-HAN-SGN|11:40,2026-03-15,VJ770/VJ137,A637,A321,SGN-HAN-SGN,11:10,11:40,11:10,12:30,12:00,12:34,12:35,12:45,01:20,00:35,DELAY,ONTIME,DELAY,DELAY,,66,00:05,,,,,CREW HN OB 1210,HAN,SGN,SGN,Domestic,VJ,,
2026-03-15|VJ132/VJ946|A551|SGN-HAN-KHH|11:45,2026-03-15,VJ132/VJ946,A551,A321,SGN-HAN-KHH,11:10,11:45,11:10,12:40,11:40,12:32,12:33,12:40,01:30,00:53,EARLY,ONTIME,DELAY,DELAY,,,,,,,,,HAN,SGN,KHH,International,VJ,,
2026-03-15|VJ963/VJ901|A537|ICN-HAN-BKK|12:15,2026-03-15,VJ963/VJ901,A537,A321,ICN-HAN-BKK,09:30,12:15,09:30,12:15,08:40,12:14,12:15,12:30,02:45,03:35,ONTIME,ONTIME,ONTIME,ONTIME,,,,,,,,,HAN,ICN,BKK,International,VJ,,
2026-03-15|VJ430/VJ441|A689|UIH-HAN-PQC|12:25,2026-03-15,VJ430/VJ441,A689,A320,UIH-HAN-PQC,11:55,12:25,11:55,12:25,10:56,12:17,12:18,12:25,00:30,01:22,EARLY,ONTIME,ONTIME,ONTIME,,,,,,,,,HAN,UIH,PQC,Domestic,VJ,,
2026-03-15|VJ3522/VJ3522|A539|VVO-HAN-PQC|12:50,2026-03-15,VJ3522/VJ3522,A539,A321,VVO-HAN-PQC,12:20,12:50,12:20,12:50,12:35,13:04,13:05,13:05,00:30,00:30,DELAY,ONTIME,ONTIME,ONTIME,,93,00:15,,,,,,HAN,VVO,PQC,Domestic,VJ,,
2026-03-15|VJ780/VJ781|A687|CXR-HAN-CXR|13:00,2026-03-15,VJ780/VJ781,A687,A321,CXR-HAN-CXR,12:30,13:00,12:30,13:00,12:45,13:11,13:12,13:15,00:30,00:27,DELAY,ONTIME,ONTIME,ONTIME,,93,00:12,,,,,,HAN,CXR,CXR,Domestic,VJ,,
2026-03-15|VJ959/VJ948|A645|FUK-HAN-RMQ|13:30,2026-03-15,VJ959/VJ948,A645,A321,FUK-HAN-RMQ,12:25,13:30,12:25,13:30,11:45,13:27,13:28,13:33,01:05,01:43,EARLY,ONTIME,ONTIME,ONTIME,,,,,,,,,HAN,FUK,RMQ,International,VJ,,
2026-03-15|VJ136/VJ513|A524|SGN-HAN-DAD|13:35,2026-03-15,VJ136/VJ513,A524,A321,SGN-HAN-DAD,10:40,13:35,10:40,13:35,10:55,13:28,13:29,13:38,02:55,02:34,EARLY,ONTIME,ONTIME,ONTIME,,,,,,,,,HAN,SGN,DAD,Domestic,VJ,,
2026-03-15|VJ939/VJ942|A697|KIX-HAN-TPE|14:25,2026-03-15,VJ939/VJ942,A697,A321,KIX-HAN-TPE,13:05,14:25,13:05,14:25,12:30,14:24,14:25,14:35,01:20,01:55,ONTIME,ONTIME,ONTIME,ONTIME,,,,,,,,,HAN,KIX,TPE,International,VJ,,
2026-03-15|VJ508/VJ511|A673|DAD-HAN-DAD|14:30,2026-03-15,VJ508/VJ511,A673,A321,DAD-HAN-DAD,13:55,14:30,13:55,14:30,14:30,14:58,15:00,15:00,00:35,00:30,DELAY,DELAY,DELAY,DELAY,,93,00:30,,,,,,HAN,DAD,DAD,Domestic,VJ,,
2026-03-15|VJ566/VJ1491|A544|HUI-HAN-BMV|14:35,2026-03-15,VJ566/VJ1491,A544,A321,HUI-HAN-BMV,13:05,14:35,14:20,15:35,15:15,15:44,15:45,16:15,01:15,00:30,DELAY,ONTIME,DELAY,DELAY,,93,00:10,,,,,,HAN,HUI,BMV,Domestic,VJ,,
2026-03-15|VJ138/VJ153|A643|SGN-HAN-SGN|15:10,2026-03-15,VJ138/VJ153,A643,A321,SGN-HAN-SGN,14:40,15:10,14:40,15:10,15:15,15:44,15:45,16:06,00:30,00:30,DELAY,DELAY,DELAY,DELAY,,93,00:35,,,,,,HAN,SGN,SGN,Domestic,VJ,,
2026-03-15|VJ981/VJ433|A552|PUS-HAN-UIH|15:25,2026-03-15,VJ981/VJ433,A552,A321,PUS-HAN-UIH,10:55,15:25,10:55,15:25,10:50,15:54,15:55,16:25,04:30,05:05,DELAY,DELAY,DELAY,ONTIME,,61,00:30,,,,,CHANGE FPL,HAN,PUS,UIH,Domestic,VJ,,
2026-03-15|VJ921/VJ1441|A525|NGO-HAN-PQC|15:30,2026-03-15,VJ921/VJ1441,A525,A321,NGO-HAN-PQC,13:40,15:30,13:40,15:30,12:40,15:29,15:30,15:40,01:50,02:50,ONTIME,ONTIME,ONTIME,ONTIME,,,,,,,,,HAN,NGO,PQC,Domestic,VJ,,
2026-03-15|VJ961/VJ145|A548|ICN-HAN-SGN|15:35,2026-03-15,VJ961/VJ145,A548,A321,ICN-HAN-SGN,14:10,15:35,14:10,15:35,13:40,15:34,15:35,15:45,01:25,01:55,ONTIME,ONTIME,ONTIME,ONTIME,,,,,,,,,HAN,ICN,SGN,Domestic,VJ,,
2026-03-15|VJ198/VJ199|-NVE|SGN-HAN-SGN|15:40,2026-03-15,VJ198/VJ199,-NVE,A320,SGN-HAN-SGN,15:10,15:40,15:10,15:40,15:35,15:59,16:00,16:40,00:30,00:25,DELAY,DELAY,DELAY,DELAY,,93,00:20,,,,,,HAN,SGN,SGN,Domestic,VJ,,
2026-03-15|VJ941/VJ903|A629|TPE-HAN-BKK|15:50,2026-03-15,VJ941/VJ903,A629,A321,TPE-HAN-BKK,14:10,15:50,14:10,15:50,14:40,15:49,15:50,16:00,01:40,01:10,ONTIME,ONTIME,ONTIME,DELAY,,,,,,,,,HAN,TPE,BKK,International,VJ,,
2026-03-15|VJ460/VJ423|A636|VCA-HAN-PXU|15:55,2026-03-15,VJ460/VJ423,A636,A321,VCA-HAN-PXU,15:20,15:55,15:20,16:05,15:35,16:04,16:05,16:10,00:45,00:30,ONTIME,ONTIME,ONTIME,ONTIME,,,,,,,,,HAN,VCA,PXU,Domestic,VJ,,
2026-03-15|VJ933/VJ195|A810|NRT-HAN-SGN|16:00,2026-03-15,VJ933/VJ195,A810,A330,NRT-HAN-SGN,14:00,16:00,14:00,16:00,13:40,16:04,16:05,16:30,02:00,02:25,DELAY,ONTIME,DELAY,ONTIME,,15A,00:05,,,,,OFFLOAD 2PAX 1BAG,HAN,NRT,SGN,Domestic,VJ,,
2026-03-15|VJ906/VJ913|A545|KUL-HAN-SAI|16:20,2026-03-15,VJ906/VJ913,A545,A321,KUL-HAN-SAI,14:55,16:20,14:55,16:20,14:35,16:14,16:15,16:50,01:25,01:40,EARLY,ONTIME,DELAY,ONTIME,,,,,,,,,HAN,KUL,SAI,International,VJ,,
2026-03-15|VJ152/VJ515|A642|SGN-HAN-DAD|16:25,2026-03-15,VJ152/VJ515,A642,A321,SGN-HAN-DAD,19:35,16:25,19:35,20:10,19:40,20:07,20:08,20:20,00:35,00:28,EARLY,ONTIME,DELAY,ONTIME,,,,,,,,,HAN,SGN,DAD,Domestic,VJ,,
2026-03-15|VJ134/VJ163|-NVG|SGN-HAN-SGN|17:20,2026-03-15,VJ134/VJ163,-NVG,A320,SGN-HAN-SGN,16:50,17:20,16:50,17:20,16:45,17:11,17:12,17:35,00:30,00:27,EARLY,ONTIME,ONTIME,ONTIME,,,,,,,,,HAN,SGN,SGN,Domestic,VJ,,
2026-03-15|VJ514/VJ147|A524|DAD-HAN-SGN|17:20,2026-03-15,VJ514/VJ147,A524,A321,DAD-HAN-SGN,16:45,17:20,16:45,17:20,17:05,17:33,17:35,17:40,00:35,00:30,DELAY,ONTIME,DELAY,DELAY,,93,00:15,,,,,,HAN,DAD,SGN,Domestic,VJ,,
2026-03-15|VJ916/VJ465|A677|SIN-HAN-VCA|17:25,2026-03-15,VJ916/VJ465,A677,A321,SIN-HAN-VCA,17:25,17:25,17:40,18:50,18:10,18:49,18:50,19:00,01:10,00:40,ONTIME,ONTIME,DELAY,DELAY,,,,,,,,,HAN,SIN,VCA,Domestic,VJ,,
2026-03-15|VJ188/VJ445|A655|SGN-HAN-PQC|17:40,2026-03-15,VJ188/VJ445,A655,A320,SGN-HAN-PQC,13:25,17:40,13:25,17:40,13:46,17:35,17:36,17:46,04:15,03:50,EARLY,ONTIME,ONTIME,DELAY,,,,,,,,,HAN,SGN,PQC,Domestic,VJ,,
2026-03-15|VJ172/VJ177|A811|SGN-HAN-SGN|17:45,2026-03-15,VJ172/VJ177,A811,A330,SGN-HAN-SGN,16:45,17:45,16:45,17:45,17:05,17:41,17:43,17:52,01:00,00:38,EARLY,ONTIME,ONTIME,DELAY,,,,,,,,,HAN,SGN,SGN,Domestic,VJ,,
2026-03-15|VJ512/VJ779|A667|DAD-HAN-CXR|18:00,2026-03-15,VJ512/VJ779,A667,A321,DAD-HAN-CXR,17:30,18:00,17:30,18:00,17:30,17:58,18:00,18:05,00:30,00:30,ONTIME,ONTIME,ONTIME,ONTIME,,,,,,,,,HAN,DAD,CXR,Domestic,VJ,,
2026-03-15|VJ902/VJ193|A537|BKK-HAN-SGN|18:10,2026-03-15,VJ902/VJ193,A537,A321,BKK-HAN-SGN,17:00,18:10,17:00,18:10,17:15,18:09,18:10,18:16,01:10,00:55,ONTIME,ONTIME,ONTIME,ONTIME,,,,,,,,,HAN,BKK,SGN,Domestic,VJ,,
2026-03-15|VJ957/VJ493|A662|PUS-HAN-BMV|18:25,2026-03-15,VJ957/VJ493,A662,A320,PUS-HAN-BMV,17:20,18:25,17:20,18:25,16:58,18:14,18:15,18:30,01:05,01:17,EARLY,ONTIME,ONTIME,ONTIME,,,,,,,,,HAN,PUS,BMV,Domestic,VJ,,
2026-03-15|VJ194/VJ165|A656|SGN-HAN-SGN|18:30,2026-03-15,VJ194/VJ165,A656,A320,SGN-HAN-SGN,17:30,18:30,17:50,19:20,18:40,19:19,19:20,19:30,01:30,00:40,ONTIME,ONTIME,DELAY,DELAY,,,,,,,,,HAN,SGN,SGN,Domestic,VJ,,
2026-03-15|VJ953/VJ1925|A671|HIJ-HAN-AMD|19:00,2026-03-15,VJ953/VJ1925,A671,A320,HIJ-HAN-AMD,16:20,19:00,16:20,19:00,16:50,18:57,18:58,19:10,02:40,02:08,EARLY,ONTIME,ONTIME,DELAY,,,,,,,,,HAN,HIJ,AMD,International,VJ,,
2026-03-15|VJ928/VJ517|A578|CGK-HAN-DAD|19:05,2026-03-15,VJ928/VJ517,A578,A321,CGK-HAN-DAD,18:15,19:05,18:15,19:05,18:30,19:09,19:10,19:19,00:50,00:40,DELAY,ONTIME,ONTIME,ONTIME,,95,00:05,,,,,CREW VJ902 OB 1845,HAN,CGK,DAD,Domestic,VJ,,
2026-03-15|VJ462/VJ173|A666|VCA-HAN-SGN|19:05,2026-03-15,VJ462/VJ173,A666,A320,VCA-HAN-SGN,15:40,19:05,15:40,19:05,15:45,19:04,19:05,19:20,03:25,03:20,ONTIME,ONTIME,ONTIME,ONTIME,,,,,,,,,HAN,VCA,SGN,Domestic,VJ,,
2026-03-15|VJ947/VJ569|A551|CGK-HAN-HUI|19:15,2026-03-15,VJ947/VJ569,A551,A321,CGK-HAN-HUI,18:05,19:15,18:50,19:15,18:35,19:14,19:15,19:25,00:25,00:40,ONTIME,ONTIME,ONTIME,DELAY,,,,,,,,,HAN,CGK,HUI,Domestic,VJ,,
2026-03-15|VJ1492/VJ519|A544|BMV-HAN-DAD|19:45,2026-03-15,VJ1492/VJ519,A544,A321,BMV-HAN-DAD,18:35,19:45,20:20,21:00,20:25,20:53,20:54,20:59,00:40,00:29,EARLY,ONTIME,DELAY,DELAY,,,,,,,,,HAN,BMV,DAD,Domestic,VJ,,
2026-03-15|VJ152/VJ155|A641|SGN-HAN-SGN|20:05,2026-03-15,VJ152/VJ155,A641,A321,SGN-HAN-SGN,19:15,20:05,19:15,20:05,19:25,20:04,20:05,20:15,00:50,00:40,ONTIME,ONTIME,ONTIME,ONTIME,,,,,,,,,HAN,SGN,SGN,Domestic,VJ,,
2026-03-15|VJ424/VJ501|A636|PXU-HAN-DAD|20:15,2026-03-15,VJ424/VJ501,A636,A321,PXU-HAN-DAD,19:35,20:15,19:45,20:15,20:10,20:39,20:40,20:54,00:30,00:30,DELAY,DELAY,DELAY,DELAY,,93,00:25,,,,,,HAN,PXU,DAD,Domestic,VJ,,
2026-03-15|VJ935/VJ161|A607|NRT-HAN-SGN|21:50,2026-03-15,VJ935/VJ161,A607,A321,NRT-HAN-SGN,20:55,21:50,20:55,21:50,21:20,21:48,21:50,21:58,00:55,00:30,ONTIME,ONTIME,ONTIME,DELAY,,,,,,,,,HAN,NRT,SGN,Domestic,VJ,,
2026-03-15|VJ914/VJ962|A545|SAI-HAN-ICN|22:50,2026-03-15,VJ914/VJ962,A545,A321,SAI-HAN-ICN,20:50,22:50,20:50,22:50,21:05,22:49,22:50,23:05,02:00,01:45,ONTIME,ONTIME,ONTIME,ONTIME,,,,,,,,,HAN,SAI,ICN,International,VJ,,
2026-03-15|VJ778/VJ523|A633|CXR-HAN-DAD|23:00,2026-03-15,VJ778/VJ523,A633,A321,CXR-HAN-DAD,22:25,23:00,22:25,23:00,22:35,22:59,23:00,23:10,00:35,00:25,ONTIME,ONTIME,ONTIME,ONTIME,,,,,,,,,HAN,CXR,DAD,Domestic,VJ,,
2026-03-15|VJ180/VJ171|A532|SGN-HAN-SGN|23:25,2026-03-15,VJ180/VJ171,A532,A321,SGN-HAN-SGN,22:25,23:25,22:25,23:25,23:35,23:59,00:00,00:05,01:00,00:25,DELAY,DELAY,DELAY,DELAY,,93,00:35,,,,,,HAN,SGN,SGN,Domestic,VJ,,
2026-03-15|VJ998/VJ7526|A575|DPS-HAN-CAN|23:40,2026-03-15,VJ998/VJ7526,A575,A321,DPS-HAN-CAN,21:35,23:40,21:35,23:40,21:25,23:39,23:40,23:42,02:05,02:15,ONTIME,ONTIME,ONTIME,ONTIME,,,,,,,,,HAN,DPS,CAN,International,VJ,,
2026-03-16|VJ932|A810|HAN-NRT|00:55,2026-03-16,VJ932,A810,A330,HAN-NRT,,00:55,,00:55,,00:54,00:55,01:06,,,ONTIME,ONTIME,ONTIME,,,,,,,,,,HAN,,NRT,International,VJ,,
2026-03-16|VJ982|A629|HAN-PUS|01:00,2026-03-16,VJ982,A629,A321,HAN-PUS,,01:00,,01:00,,00:56,00:58,00:59,,,EARLY,ONTIME,ONTIME,,,,,,,,,,HAN,,PUS,International,VJ,,
2026-03-16|VJ920|A578|HAN-NGO|01:35,2026-03-16,VJ920,A578,A321,HAN-NGO,,01:35,,01:35,,01:25,01:26,01:28,,,EARLY,ONTIME,ONTIME,,,,,,,,,,HAN,,NGO,International,VJ,,
2026-03-16|VJ938|A674|HAN-KIX|01:40,2026-03-16,VJ938,A674,A321,HAN-KIX,,01:40,,01:40,,01:39,01:40,01:46,,,ONTIME,ONTIME,ONTIME,,,,,,,,,,HAN,,KIX,International,VJ,,
2026-03-16|VJ960|A525|HAN-ICN|01:45,2026-03-16,VJ960,A525,A321,HAN-ICN,,01:45,,01:45,,01:31,01:32,01:35,,,EARLY,ONTIME,ONTIME,,,,,,,,,,HAN,,ICN,International,VJ,,
2026-03-16|VJ7614/VJ7614|A537|CXR-HAN-BQS|02:10,2026-03-16,VJ7614/VJ7614,A537,A321,CXR-HAN-BQS,01:40,02:10,01:40,02:10,02:10,02:39,02:40,02:55,00:30,00:30,DELAY,DELAY,DELAY,DELAY,,93,00:30,,,,,,HAN,CXR,BQS,International,VJ,,
2026-03-16|VJ185|A689|HAN-SGN|05:10,2026-03-16,VJ185,A689,A320,HAN-SGN,,05:10,,05:10,,05:04,05:05,05:10,,,EARLY,ONTIME,ONTIME,,,,,,,,,,HAN,,SGN,Domestic,VJ,,
2026-03-16|VJ461|A662|HAN-VCA|05:30,2026-03-16,VJ461,A662,A320,HAN-VCA,,05:30,,05:30,,05:24,05:25,05:26,,,EARLY,ONTIME,ONTIME,,,,,,,,,,HAN,,VCA,Domestic,VJ,,
2026-03-16|VJ7527/VJ509|A575|CAN-HAN-DAD|05:40,2026-03-16,VJ7527/VJ509,A575,A321,CAN-HAN-DAD,04:35,05:40,04:35,05:40,04:20,05:34,05:35,05:38,01:05,01:15,EARLY,ONTIME,ONTIME,ONTIME,,,,,,,,,HAN,CAN,DAD,Domestic,VJ,,
2026-03-16|VJ443|A544|HAN-PQC|06:00,2026-03-16,VJ443,A544,A321,HAN-PQC,,06:00,,06:00,,05:54,05:55,06:03,,,EARLY,ONTIME,ONTIME,,,,,,,,,,HAN,,PQC,Domestic,VJ,,
2026-03-16|VJ503|A632|HAN-DAD|06:00,2026-03-16,VJ503,A632,A321,HAN-DAD,,06:00,,06:00,,05:54,05:55,06:00,,,EARLY,ONTIME,ONTIME,,,,,,,,,,HAN,,DAD,Domestic,VJ,,
2026-03-16|VJ491|A637|HAN-BMV|06:00,2026-03-16,VJ491,A637,A321,HAN-BMV,,06:00,,06:00,,05:54,05:55,05:59,,,EARLY,ONTIME,ONTIME,,,,,,,,,,HAN,,BMV,Domestic,VJ,,
2026-03-16|VJ421|A636|HAN-PXU|06:05,2026-03-16,VJ421,A636,A321,HAN-PXU,,06:05,,06:05,,05:57,05:58,06:05,,,EARLY,ONTIME,ONTIME,,,,,,,,,,HAN,,PXU,Domestic,VJ,,
2026-03-16|VJ181|A542|HAN-SGN|06:40,2026-03-16,VJ181,A542,A321,HAN-SGN,,06:40,,06:40,,06:34,06:35,06:38,,,EARLY,ONTIME,ONTIME,,,,,,,,,,HAN,,SGN,Domestic,VJ,,
2026-03-16|VJ105|652G|HAN-VCS|06:45,2026-03-16,VJ105,652G,C909,HAN-VCS,,06:45,,06:45,,06:39,06:40,06:47,,,EARLY,ONTIME,ONTIME,,,,,,,,,,HAN,,VCS,Domestic,VJ,,
2026-03-16|VJ905|A539|HAN-KUL|07:10,2026-03-16,VJ905,A539,A321,HAN-KUL,,07:10,,07:10,,07:04,07:05,07:12,,,EARLY,ONTIME,ONTIME,,,,,,,,,,HAN,,KUL,International,VJ,,
2026-03-16|VJ1926/VJ431|A671|AMD-HAN-UIH|07:20,2026-03-16,VJ1926/VJ431,A671,A320,AMD-HAN-UIH,06:20,07:20,06:20,07:20,06:00,07:14,07:15,07:16,01:00,01:15,EARLY,ONTIME,ONTIME,ONTIME,,,,,,,,,HAN,AMD,UIH,Domestic,VJ,,
2026-03-16|VJ956|A666|HAN-PUS|07:30,2026-03-16,VJ956,A666,A320,HAN-PUS,,07:30,,07:30,,07:39,07:40,07:45,,,DELAY,ONTIME,ONTIME,,,87,00:05,15A,00:05,,,STUCK AT IMMI/OFFLOAD 1PAX 1BAG,HAN,,PUS,International,VJ,,
2026-03-16|VJ940|A645|HAN-TPE|07:35,2026-03-16,VJ940,A645,A321,HAN-TPE,,07:35,,07:35,,07:49,07:50,07:59,,,DELAY,ONTIME,DELAY,,,87,00:10,15A,00:05,,,STUCK AT IMMI/OFFLOAD 1PAX 2BAG,HAN,,TPE,International,VJ,,
2026-03-16|VJ771|A677|HAN-CXR|07:35,2026-03-16,VJ771,A677,A321,HAN-CXR,,07:35,,07:35,,07:28,07:30,07:33,,,EARLY,ONTIME,ONTIME,,,,,,,,,,HAN,,CXR,Domestic,VJ,,
2026-03-16|VJ107|656E|HAN-VCS|08:15,2026-03-16,VJ107,656E,C909,HAN-VCS,,08:15,,08:15,,08:04,08:05,08:07,,,EARLY,ONTIME,ONTIME,,,,,,,,,,HAN,,VCS,Domestic,VJ,,
2026-03-16|VJ930|A552|HAN-KIX|08:20,2026-03-16,VJ930,A552,A321,HAN-KIX,,08:20,,08:20,,08:39,08:40,08:50,,,DELAY,DELAY,DELAY,,,99,00:20,,,,,STUCK AT IMMI,HAN,,KIX,International,VJ,,
2026-03-16|VJ934|A551|HAN-NRT|08:20,2026-03-16,VJ934,A551,A321,HAN-NRT,,08:20,,08:20,,08:29,08:30,08:33,,,DELAY,ONTIME,ONTIME,,,87,00:10,,,,,STUCK AT IMMI,HAN,,NRT,International,VJ,,
2026-03-16|VJ929|A697|HAN-CGK|08:40,2026-03-16,VJ929,A697,A321,HAN-CGK,,08:40,,08:40,,08:37,08:38,08:39,,,EARLY,ONTIME,ONTIME,,,,,,,,,,HAN,,CGK,International,VJ,,
2026-03-16|VJ125|A650|HAN-SGN|08:40,2026-03-16,VJ125,A650,A320,HAN-SGN,,08:40,,08:40,,08:39,08:40,08:48,,,ONTIME,ONTIME,ONTIME,,,,,,,,,,HAN,,SGN,Domestic,VJ,,
2026-03-16|VJ126/VJ127|A643|SGN-HAN-SGN|08:55,2026-03-16,VJ126/VJ127,A643,A321,SGN-HAN-SGN,08:25,08:55,08:25,08:55,08:30,08:59,09:00,09:05,00:30,00:30,DELAY,ONTIME,ONTIME,ONTIME,,93,00:05,,,,,,HAN,SGN,SGN,Domestic,VJ,,
2026-03-16|VJ524/VJ527|A635|DAD-HAN-DAD|09:30,2026-03-16,VJ524/VJ527,A635,A321,DAD-HAN-DAD,07:40,09:30,07:40,09:30,07:25,09:29,09:30,09:36,01:50,02:05,ONTIME,ONTIME,ONTIME,ONTIME,,,,,,,,,HAN,DAD,DAD,Domestic,VJ,,
2026-03-16|VJ915|A640|HAN-SIN|09:35,2026-03-16,VJ915,A640,A321,HAN-SIN,,09:35,,09:35,,09:30,09:32,09:35,,,EARLY,ONTIME,ONTIME,,,,,,,,,,HAN,,SIN,International,VJ,,
2026-03-16|VJ176/VJ997|A634|SGN-HAN-DPS|10:00,2026-03-16,VJ176/VJ997,A634,A321,SGN-HAN-DPS,09:00,10:00,09:00,10:00,07:45,09:58,10:00,10:02,01:00,02:15,ONTIME,ONTIME,ONTIME,ONTIME,,,,,,,,,HAN,SGN,DPS,International,VJ,,
2026-03-16|VJ442/VJ149|A544|PQC-HAN-SGN|10:05,2026-03-16,VJ442/VJ149,A544,A321,PQC-HAN-SGN,10:45,10:05,10:45,11:30,10:45,11:29,11:30,11:44,00:45,00:45,ONTIME,ONTIME,DELAY,ONTIME,,,,,,,,,HAN,PQC,SGN,Domestic,VJ,,
2026-03-16|VJ504/VJ567|A632|DAD-HAN-HUI|10:10,2026-03-16,VJ504/VJ567,A632,A321,DAD-HAN-HUI,09:10,10:10,09:10,10:10,09:25,10:05,10:07,10:10,01:00,00:42,EARLY,ONTIME,ONTIME,ONTIME,,,,,,,,,HAN,DAD,HUI,Domestic,VJ,,
2026-03-16|VJ422/VJ463|A636|PXU-HAN-VCA|10:30,2026-03-16,VJ422/VJ463,A636,A321,PXU-HAN-VCA,09:40,10:30,09:40,10:30,09:45,10:28,10:30,10:38,00:50,00:45,ONTIME,ONTIME,ONTIME,ONTIME,,,,,,,,,HAN,PXU,VCA,Domestic,VJ,,
2026-03-16|VJ510/VJ507|A575|DAD-HAN-DAD|10:30,2026-03-16,VJ510/VJ507,A575,A321,DAD-HAN-DAD,08:50,10:30,08:50,10:30,09:00,10:29,10:30,10:37,01:40,01:30,ONTIME,ONTIME,ONTIME,ONTIME,,,,,,,,,HAN,DAD,DAD,Domestic,VJ,,
2026-03-16|VJ963/VJ775|A687|ICN-HAN-CXR|10:40,2026-03-16,VJ963/VJ775,A687,A321,ICN-HAN-CXR,09:30,10:40,09:30,10:40,09:03,10:33,10:35,10:45,01:10,01:32,EARLY,ONTIME,ONTIME,ONTIME,,,,,,,,,HAN,ICN,CXR,Domestic,VJ,,
2026-03-16|VJ184/VJ129|A817|SGN-HAN-SGN|11:25,2026-03-16,VJ184/VJ129,A817,A330,SGN-HAN-SGN,10:25,11:25,10:25,11:25,10:40,11:24,11:25,11:35,01:00,00:45,ONTIME,ONTIME,ONTIME,ONTIME,,,,,,,,,HAN,SGN,SGN,Domestic,VJ,,
2026-03-16|VJ772/VJ133|A815|CXR-HAN-SGN|11:40,2026-03-16,VJ772/VJ133,A815,A330,CXR-HAN-SGN,10:40,11:40,10:40,11:40,11:00,11:44,11:45,11:50,01:00,00:45,DELAY,ONTIME,ONTIME,DELAY,,93,00:05,,,,,,HAN,CXR,SGN,Domestic,VJ,,
2026-03-16|VJ132/VJ137|A528|SGN-HAN-SGN|11:45,2026-03-16,VJ132/VJ137,A528,A321,SGN-HAN-SGN,11:10,11:45,11:10,12:00,11:25,11:59,12:00,12:04,00:50,00:35,ONTIME,ONTIME,DELAY,ONTIME,,,,,,,,,HAN,SGN,SGN,Domestic,VJ,,
2026-03-16|VJ176/VJ946|A634|SGN-HAN-KHH|11:45,2026-03-16,VJ176/VJ946,A634,A321,SGN-HAN-KHH,09:00,11:45,09:00,11:45,08:56,11:44,11:45,11:50,02:45,02:49,ONTIME,ONTIME,ONTIME,ONTIME,,,,,,,,,HAN,SGN,KHH,International,VJ,,
2026-03-16|VJ492/VJ901|A637|BMV-HAN-BKK|12:15,2026-03-16,VJ492/VJ901,A637,A321,BMV-HAN-BKK,10:00,12:15,10:00,12:15,10:00,12:24,12:25,12:30,02:15,02:25,DELAY,ONTIME,ONTIME,ONTIME,,15A,00:10,,,,,OFFLOAD 03PAX+03BAGS,HAN,BMV,BKK,International,VJ,,
2026-03-16|VJ430/VJ441|A671|UIH-HAN-PQC|12:25,2026-03-16,VJ430/VJ441,A671,A320,UIH-HAN-PQC,11:05,12:25,11:05,12:25,11:00,12:19,12:20,12:21,01:20,01:20,EARLY,ONTIME,ONTIME,ONTIME,,,,,,,,,HAN,UIH,PQC,Domestic,VJ,,
2026-03-16|VJ921/VJ948|A578|NGO-HAN-RMQ|13:30,2026-03-16,VJ921/VJ948,A578,A321,NGO-HAN-RMQ,13:40,13:30,13:40,13:30,12:35,13:39,13:30,13:35,23:50,00:55,ONTIME,ONTIME,ONTIME,ONTIME,,,,,,,,,HAN,NGO,RMQ,International,VJ,,
2026-03-16|VJ981/VJ513|A629|PUS-HAN-DAD|13:35,2026-03-16,VJ981/VJ513,A629,A321,PUS-HAN-DAD,11:00,13:35,11:00,13:35,10:50,13:34,13:35,13:44,02:35,02:45,ONTIME,ONTIME,ONTIME,ONTIME,,,,,,,,,HAN,PUS,DAD,Domestic,VJ,,
2026-03-16|VJ128/VJ143|A812|SGN-HAN-SGN|13:40,2026-03-16,VJ128/VJ143,A812,A330,SGN-HAN-SGN,12:10,13:40,12:10,13:40,12:55,13:39,13:40,13:46,01:30,00:45,ONTIME,ONTIME,ONTIME,DELAY,,,,,,,,,HAN,SGN,SGN,Domestic,VJ,,
2026-03-16|VJ188/VJ151|-MLI|SGN-HAN-SGN|14:00,2026-03-16,VJ188/VJ151,-MLI,A320,SGN-HAN-SGN,13:25,14:00,13:25,14:15,14:15,14:39,14:40,14:48,00:50,00:25,DELAY,DELAY,DELAY,DELAY,,93,00:25,,,,,,HAN,SGN,SGN,Domestic,VJ,,
2026-03-16|VJ508/VJ511|A575|DAD-HAN-DAD|14:20,2026-03-16,VJ508/VJ511,A575,A321,DAD-HAN-DAD,13:40,14:20,13:40,14:20,14:20,14:49,14:50,14:55,00:40,00:30,DELAY,DELAY,DELAY,DELAY,,93,00:30,,,,,,HAN,DAD,DAD,Domestic,VJ,,
2026-03-16|VJ939/VJ942|A674|KIX-HAN-TPE|14:25,2026-03-16,VJ939/VJ942,A674,A321,KIX-HAN-TPE,13:05,14:25,13:05,14:25,12:20,14:24,14:25,14:27,01:20,02:05,ONTIME,ONTIME,ONTIME,ONTIME,,,,,,,,,HAN,KIX,TPE,International,VJ,,
2026-03-16|VJ566/VJ1491|A632|HUI-HAN-BMV|14:35,2026-03-16,VJ566/VJ1491,A632,A321,HUI-HAN-BMV,13:05,14:35,13:05,14:35,13:20,14:27,14:28,14:31,01:30,01:08,EARLY,ONTIME,ONTIME,ONTIME,,,,,,,,,HAN,HUI,BMV,Domestic,VJ,,
2026-03-16|VJ7615/VJ7615|A537|BQS-HAN-CXR|15:10,2026-03-16,VJ7615/VJ7615,A537,A321,BQS-HAN-CXR,14:40,15:10,14:40,15:10,14:55,15:24,15:25,15:25,00:30,00:30,DELAY,ONTIME,ONTIME,ONTIME,,93,00:15,,,,,,HAN,BQS,CXR,Domestic,VJ,,
2026-03-16|VJ440/VJ433|A655|PQC-HAN-UIH|15:25,2026-03-16,VJ440/VJ433,A655,A320,PQC-HAN-UIH,11:55,15:25,11:55,15:25,12:05,15:24,15:25,15:25,03:30,03:20,ONTIME,ONTIME,ONTIME,ONTIME,,,,,,,,,HAN,PQC,UIH,Domestic,VJ,,
2026-03-16|VJ774/VJ1441|A687|CXR-HAN-PQC|15:30,2026-03-16,VJ774/VJ1441,A687,A321,CXR-HAN-PQC,14:50,15:30,14:50,16:00,15:25,15:58,16:00,16:00,01:10,00:35,ONTIME,ONTIME,DELAY,DELAY,,,,,,,,,HAN,CXR,PQC,Domestic,VJ,,
2026-03-16|VJ528/VJ199|A635|DAD-HAN-SGN|15:35,2026-03-16,VJ528/VJ199,A635,A321,DAD-HAN-SGN,12:40,15:35,12:40,15:35,13:15,15:29,15:30,15:32,02:55,02:15,EARLY,ONTIME,ONTIME,DELAY,,,,,,,,,HAN,DAD,SGN,Domestic,VJ,,
2026-03-16|VJ941/VJ903|A645|TPE-HAN-BKK|15:50,2026-03-16,VJ941/VJ903,A645,A321,TPE-HAN-BKK,14:10,15:50,14:10,15:50,14:55,15:42,15:43,15:50,01:40,00:48,EARLY,ONTIME,ONTIME,DELAY,,,,,,,,,HAN,TPE,BKK,International,VJ,,
2026-03-16|VJ906/VJ191|A539|KUL-HAN-SGN|15:55,2026-03-16,VJ906/VJ191,A539,A321,KUL-HAN-SGN,14:55,15:55,14:55,15:55,14:30,15:52,15:54,15:56,01:00,01:24,EARLY,ONTIME,ONTIME,ONTIME,,,,,,,,,HAN,KUL,SGN,Domestic,VJ,,
2026-03-16|VJ770/VJ423|A516|CXR-HAN-PXU|15:55,2026-03-16,VJ770/VJ423,A516,A321,CXR-HAN-PXU,13:25,15:55,13:25,15:55,13:25,15:54,15:55,15:57,02:30,02:30,ONTIME,ONTIME,ONTIME,ONTIME,,,,,,,,,HAN,CXR,PXU,Domestic,VJ,,
2026-03-16|VJ933/VJ195|A810|NRT-HAN-SGN|16:00,2026-03-16,VJ933/VJ195,A810,A330,NRT-HAN-SGN,14:00,16:00,14:00,16:00,13:30,15:58,16:00,16:08,02:00,02:30,ONTIME,ONTIME,ONTIME,ONTIME,,,,,,,,,HAN,NRT,SGN,Domestic,VJ,,
2026-03-16|VJ961/VJ913|A547|ICN-HAN-SAI|16:20,2026-03-16,VJ961/VJ913,A547,A321,ICN-HAN-SAI,14:10,16:20,14:10,16:20,13:50,16:11,16:12,16:27,02:10,02:22,EARLY,ONTIME,ONTIME,ONTIME,,,,,,,,,HAN,ICN,SAI,International,VJ,,
2026-03-16|VJ144/VJ515|A524|SGN-HAN-DAD|16:25,2026-03-16,VJ144/VJ515,A524,A321,SGN-HAN-DAD,14:10,16:25,14:10,16:25,14:20,16:21,16:22,16:35,02:15,02:02,EARLY,ONTIME,ONTIME,ONTIME,,,,,,,,,HAN,SGN,DAD,Domestic,VJ,,
2026-03-16|VJ514/VJ465|A629|DAD-HAN-VCA|17:25,2026-03-16,VJ514/VJ465,A629,A321,DAD-HAN-VCA,16:45,17:25,16:45,17:50,17:20,17:49,17:50,17:55,01:05,00:30,ONTIME,ONTIME,DELAY,DELAY,,,,,,,,,HAN,DAD,VCA,Domestic,VJ,,
2026-03-16|VJ462/VJ445|A662|VCA-HAN-PQC|17:40,2026-03-16,VJ462/VJ445,A662,A320,VCA-HAN-PQC,15:40,17:40,15:40,17:40,15:25,17:32,17:33,17:36,02:00,02:08,EARLY,ONTIME,ONTIME,ONTIME,,,,,,,,,HAN,VCA,PQC,Domestic,VJ,,
2026-03-16|VJ460/VJ131|A636|VCA-HAN-SGN|17:45,2026-03-16,VJ460/VJ131,A636,A321,VCA-HAN-SGN,15:20,17:45,15:20,20:15,15:35,20:14,20:15,20:18,04:55,04:40,ONTIME,ONTIME,DELAY,ONTIME,,,,,,,,,HAN,VCA,SGN,Domestic,VJ,,
2026-03-16|VJ512/VJ779|A647|DAD-HAN-CXR|18:00,2026-03-16,VJ512/VJ779,A647,A321,DAD-HAN-CXR,17:30,18:00,17:30,18:00,17:28,17:53,17:55,17:58,00:30,00:27,EARLY,ONTIME,ONTIME,ONTIME,,,,,,,,,HAN,DAD,CXR,Domestic,VJ,,
2026-03-16|VJ146/VJ169|A815|SGN-HAN-SGN|18:00,2026-03-16,VJ146/VJ169,A815,A330,SGN-HAN-SGN,17:00,18:00,17:00,18:00,16:55,18:19,18:20,18:23,01:00,01:25,DELAY,DELAY,DELAY,ONTIME,,99,00:20,,,,,CAPT REQUEST CHANGE PAX SEAT,HAN,SGN,SGN,Domestic,VJ,,
2026-03-16|VJ194/VJ193|A553|SGN-HAN-SGN|18:10,2026-03-16,VJ194/VJ193,A553,A321,SGN-HAN-SGN,17:30,18:10,17:30,18:10,17:40,18:09,18:10,18:17,00:40,00:30,ONTIME,ONTIME,ONTIME,ONTIME,,,,,,,,,HAN,SGN,SGN,Domestic,VJ,,
2026-03-16|VJ446/VJ1925|A689|PQC-HAN-AMD|19:00,2026-03-16,VJ446/VJ1925,A689,A320,PQC-HAN-AMD,17:10,19:00,17:10,19:00,17:00,18:44,18:45,18:54,01:50,01:45,EARLY,ONTIME,ONTIME,ONTIME,,,,,,,,,HAN,PQC,AMD,International,VJ,,
2026-03-16|VJ1492/VJ517|A632|BMV-HAN-DAD|19:05,2026-03-16,VJ1492/VJ517,A632,A321,BMV-HAN-DAD,18:35,19:05,18:35,19:05,18:45,19:14,19:15,19:22,00:30,00:30,DELAY,ONTIME,DELAY,ONTIME,,93,00:10,,,,,,HAN,BMV,DAD,Domestic,VJ,,
2026-03-16|VJ928/VJ907|A697|CGK-HAN-BOM|19:15,2026-03-16,VJ928/VJ907,A697,A321,CGK-HAN-BOM,18:15,19:15,18:15,19:15,18:15,19:09,19:10,19:17,01:00,00:55,EARLY,ONTIME,ONTIME,ONTIME,,,,,,,,,HAN,CGK,BOM,International,VJ,,
2026-03-16|VJ902/VJ569|A637|BKK-HAN-HUI|19:15,2026-03-16,VJ902/VJ569,A637,A321,BKK-HAN-HUI,17:00,19:15,17:00,19:15,17:50,19:11,19:12,19:16,02:15,01:22,EARLY,ONTIME,ONTIME,DELAY,,,,,,,,,HAN,BKK,HUI,Domestic,VJ,,
2026-03-16|VJ947/VJ519|A634|KHH-HAN-DAD|19:45,2026-03-16,VJ947/VJ519,A634,A321,KHH-HAN-DAD,18:05,19:45,18:05,19:45,17:36,19:44,19:45,19:50,01:40,02:09,ONTIME,ONTIME,ONTIME,ONTIME,,,,,,,,,HAN,KHH,DAD,Domestic,VJ,,
2026-03-16|VJ931/VJ155|A552|NRT-HAN-SGN|20:05,2026-03-16,VJ931/VJ155,A552,A321,NRT-HAN-SGN,19:15,20:05,19:15,20:05,19:25,20:04,20:05,20:15,00:50,00:40,ONTIME,ONTIME,ONTIME,ONTIME,,,,,,,,,HAN,NRT,SGN,Domestic,VJ,,
2026-03-16|VJ957/VJ7712|A666|PUS-HAN-PKX|20:05,2026-03-16,VJ957/VJ7712,A666,A320,PUS-HAN-PKX,17:20,20:05,17:20,20:05,16:55,19:55,19:56,20:03,02:45,03:01,EARLY,ONTIME,ONTIME,ONTIME,,,,,,,,,HAN,PUS,PKX,International,VJ,,
2026-03-16|VJ424/VJ501|A516|PXU-HAN-DAD|20:15,2026-03-16,VJ424/VJ501,A516,A321,PXU-HAN-DAD,19:35,20:15,19:35,20:25,19:55,20:19,20:20,20:25,00:50,00:25,EARLY,ONTIME,ONTIME,DELAY,,,,,,,,,HAN,PXU,DAD,Domestic,VJ,,
2026-03-16|VJ152/VJ165|A633|SGN-HAN-SGN|20:50,2026-03-16,VJ152/VJ165,A633,A321,SGN-HAN-SGN,19:15,20:50,19:15,20:50,19:35,20:47,20:48,20:55,01:35,01:13,EARLY,ONTIME,ONTIME,DELAY,,,,,,,,,HAN,SGN,SGN,Domestic,VJ,,
2026-03-16|VJ432/VJ7238|A655|UIH-HAN-PVG|21:30,2026-03-16,VJ432/VJ7238,A655,A320,UIH-HAN-PVG,19:10,21:30,19:10,21:30,18:55,21:25,21:26,21:30,02:20,02:31,EARLY,ONTIME,ONTIME,ONTIME,,,,,,,,,HAN,UIH,PVG,International,VJ,,
2026-03-16|VJ778/VJ523|A647|CXR-HAN-DAD|22:45,2026-03-16,VJ778/VJ523,A647,A321,CXR-HAN-DAD,22:10,22:45,22:10,22:45,22:25,22:53,22:55,22:56,00:35,00:30,DELAY,ONTIME,ONTIME,ONTIME,,93,00:10,,,,,,HAN,CXR,DAD,Domestic,VJ,,
2026-03-16|VJ904/VJ962|A645|BKK-HAN-ICN|22:50,2026-03-16,VJ904/VJ962,A645,A321,BKK-HAN-ICN,20:25,22:50,20:25,22:50,20:25,22:54,22:55,23:05,02:25,02:30,DELAY,ONTIME,ONTIME,ONTIME,,15A,00:05,,,,,OFFLOAD 1 PAX 3BAG,HAN,BKK,ICN,International,VJ,,
2026-03-16|VJ180/VJ171|A536|SGN-HAN-SGN|23:25,2026-03-16,VJ180/VJ171,A536,A321,SGN-HAN-SGN,22:25,23:25,22:25,23:25,22:20,23:14,23:15,23:16,01:00,00:55,EARLY,ONTIME,ONTIME,ONTIME,,,,,,,,,HAN,SGN,SGN,Domestic,VJ,,
2026-03-16|VJ518/VJ7526|A632|DAD-HAN-CAN|23:40,2026-03-16,VJ518/VJ7526,A632,A321,DAD-HAN-CAN,22:15,23:40,22:15,23:40,22:50,23:37,23:38,23:42,01:25,00:48,EARLY,ONTIME,ONTIME,DELAY,,,,,,,,,HAN,DAD,CAN,International,VJ,,
2026-03-17|VJ932|A816|HAN-NRT|00:55,2026-03-17,VJ932,A816,A330,HAN-NRT,,00:55,,00:55,,00:54,00:55,01:03,,,ONTIME,ONTIME,ONTIME,,,,,,,,,,HAN,,NRT,International,VJ,,
2026-03-17|VJ982|A634|HAN-PUS|01:00,2026-03-17,VJ982,A634,A321,HAN-PUS,,01:00,,01:00,,00:51,00:52,00:54,,,EARLY,ONTIME,ONTIME,,,,,,,,,,HAN,,PUS,International,VJ,,
2026-03-17|VJ920|A547|HAN-NGO|01:35,2026-03-17,VJ920,A547,A321,HAN-NGO,,01:35,,01:35,,01:27,01:28,01:31,,,EARLY,ONTIME,ONTIME,,,,,,,,,,HAN,,NGO,International,VJ,,
2026-03-17|VJ938|A539|HAN-KIX|01:40,2026-03-17,VJ938,A539,A321,HAN-KIX,,01:40,,01:40,,01:33,01:35,01:40,,,EARLY,ONTIME,ONTIME,,,,,,,,,,HAN,,KIX,International,VJ,,
2026-03-17|VJ960|A534|HAN-ICN|01:45,2026-03-17,VJ960,A534,A321,HAN-ICN,,01:45,,01:45,,01:39,01:40,01:44,,,EARLY,ONTIME,ONTIME,,,,,,,,,,HAN,,ICN,International,VJ,,
2026-03-17|VJ958|A640|HAN-FUK|02:05,2026-03-17,VJ958,A640,A321,HAN-FUK,,02:05,,02:05,,01:54,01:55,01:59,,,EARLY,ONTIME,ONTIME,,,,,,,,,,HAN,,FUK,International,VJ,,
2026-03-17|VJ461|A687|HAN-VCA|05:30,2026-03-17,VJ461,A687,A321,HAN-VCA,,05:30,,05:30,,05:24,05:25,05:33,,,EARLY,ONTIME,ONTIME,,,,,,,,,,HAN,,VCA,Domestic,VJ,,
2026-03-17|VJ773|A815|HAN-CXR|05:45,2026-03-17,VJ773,A815,A330,HAN-CXR,,05:45,,05:45,,05:39,05:40,05:50,,,EARLY,ONTIME,ONTIME,,,,,,,,,,HAN,,CXR,Domestic,VJ,,
2026-03-17|VJ503|A552|HAN-DAD|06:00,2026-03-17,VJ503,A552,A321,HAN-DAD,,06:00,,06:00,,05:54,05:55,06:04,,,EARLY,ONTIME,ONTIME,,,,,,,,,,HAN,,DAD,Domestic,VJ,,
2026-03-17|VJ491|A635|HAN-BMV|06:00,2026-03-17,VJ491,A635,A321,HAN-BMV,,06:00,,06:00,,05:54,05:55,06:05,,,EARLY,ONTIME,ONTIME,,,,,,,,,,HAN,,BMV,Domestic,VJ,,
2026-03-17|VJ7527/VJ443|A632|CAN-HAN-PQC|06:00,2026-03-17,VJ7527/VJ443,A632,A321,CAN-HAN-PQC,04:35,06:00,04:35,06:00,04:55,05:54,05:55,06:05,01:25,01:00,EARLY,ONTIME,ONTIME,DELAY,,,,,,,,,HAN,CAN,PQC,Domestic,VJ,,
2026-03-17|VJ421|A637|HAN-PXU|06:05,2026-03-17,VJ421,A637,A321,HAN-PXU,,06:05,,06:05,,05:53,05:54,06:07,,,EARLY,ONTIME,ONTIME,,,,,,,,,,HAN,,PXU,Domestic,VJ,,
2026-03-17|VJ7713/VJ952|A666|PKX-HAN-HIJ|06:35,2026-03-17,VJ7713/VJ952,A666,A320,PKX-HAN-HIJ,04:10,06:35,04:10,06:35,04:15,06:29,06:30,06:35,02:25,02:15,EARLY,ONTIME,ONTIME,ONTIME,,,,,,,,,HAN,PKX,HIJ,International,VJ,,
2026-03-17|VJ181|A524|HAN-SGN|06:40,2026-03-17,VJ181,A524,A321,HAN-SGN,,06:40,,06:40,,06:34,06:35,06:50,,,EARLY,ONTIME,ONTIME,,,,,,,,,,HAN,,SGN,Domestic,VJ,,
2026-03-17|VJ105|652G|HAN-VCS|06:45,2026-03-17,VJ105,652G,C909,HAN-VCS,,06:45,,06:45,,06:39,06:40,06:45,,,EARLY,ONTIME,ONTIME,,,,,,,,,,HAN,,VCS,Domestic,VJ,,
2026-03-17|VJ905|A578|HAN-KUL|07:10,2026-03-17,VJ905,A578,A321,HAN-KUL,,07:10,,07:10,,07:04,07:05,07:10,,,EARLY,ONTIME,ONTIME,,,,,,,,,,HAN,,KUL,International,VJ,,
2026-03-17|VJ1926/VJ431|A689|AMD-HAN-UIH|07:10,2026-03-17,VJ1926/VJ431,A689,A320,AMD-HAN-UIH,06:20,07:10,06:20,07:10,05:45,07:04,07:05,07:15,00:50,01:20,EARLY,ONTIME,ONTIME,ONTIME,,,,,,,,,HAN,AMD,UIH,Domestic,VJ,,
2026-03-17|VJ7239/VJ956|A655|PVG-HAN-PUS|07:30,2026-03-17,VJ7239/VJ956,A655,A320,PVG-HAN-PUS,05:15,07:30,05:15,07:30,05:45,07:24,07:25,07:28,02:15,01:40,EARLY,ONTIME,ONTIME,DELAY,,,,,,,,,HAN,PVG,PUS,International,VJ,,
2026-03-17|VJ940|A516|HAN-TPE|07:35,2026-03-17,VJ940,A516,A321,HAN-TPE,,07:35,,07:35,,07:29,07:30,07:40,,,EARLY,ONTIME,ONTIME,,,,,,,,,,HAN,,TPE,International,VJ,,
2026-03-17|VJ771|A629|HAN-CXR|07:35,2026-03-17,VJ771,A629,A321,HAN-CXR,,07:35,,07:35,,07:29,07:30,07:35,,,EARLY,ONTIME,ONTIME,,,,,,,,,,HAN,,CXR,Domestic,VJ,,
2026-03-17|VJ107|656E|HAN-VCS|08:15,2026-03-17,VJ107,656E,C909,HAN-VCS,,08:15,,08:15,,08:06,08:07,08:10,,,EARLY,ONTIME,ONTIME,,,,,,,,,,HAN,,VCS,Domestic,VJ,,
2026-03-17|VJ934|A551|HAN-NRT|08:20,2026-03-17,VJ934,A551,A321,HAN-NRT,,08:20,,08:20,,08:19,08:20,08:25,,,ONTIME,ONTIME,ONTIME,,,,,,,,,,HAN,,NRT,International,VJ,,
2026-03-17|VJ930|A674|HAN-KIX|08:20,2026-03-17,VJ930,A674,A321,HAN-KIX,,08:20,,08:20,,08:19,08:20,08:30,,,ONTIME,ONTIME,ONTIME,,,,,,,,,,HAN,,KIX,International,VJ,,
2026-03-17|VJ910/VJ929|A697|BOM-HAN-CGK|08:40,2026-03-17,VJ910/VJ929,A697,A321,BOM-HAN-CGK,06:40,08:40,06:40,08:40,06:30,08:44,08:45,08:55,02:00,02:15,DELAY,ONTIME,ONTIME,ONTIME,,99,00:05,,,,,LATE ACPT 06PAX VÀ 07PCS,HAN,BOM,CGK,International,VJ,,
2026-03-17|VJ124/VJ125|A536|SGN-HAN-SGN|08:40,2026-03-17,VJ124/VJ125,A536,A321,SGN-HAN-SGN,07:50,08:40,07:50,08:40,07:45,08:32,08:33,08:37,00:50,00:48,EARLY,ONTIME,ONTIME,ONTIME,,,,,,,,,HAN,SGN,SGN,Domestic,VJ,,
2026-03-17|VJ126/VJ127|A675|SGN-HAN-SGN|08:55,2026-03-17,VJ126/VJ127,A675,A320,SGN-HAN-SGN,08:25,08:55,08:25,08:55,08:30,08:54,08:55,08:58,00:30,00:25,ONTIME,ONTIME,ONTIME,ONTIME,,,,,,,,,HAN,SGN,SGN,Domestic,VJ,,
2026-03-17|VJ915|A526|HAN-SIN|09:35,2026-03-17,VJ915,A526,A321,HAN-SIN,,09:35,,09:35,,09:31,09:32,09:35,,,EARLY,ONTIME,ONTIME,,,,,,,,,,HAN,,SIN,International,VJ,,
2026-03-17|VJ504/VJ997|A552|DAD-HAN-DPS|10:00,2026-03-17,VJ504/VJ997,A552,A321,DAD-HAN-DPS,09:00,10:00,09:00,10:00,09:35,10:19,10:20,10:25,01:00,00:45,DELAY,DELAY,DELAY,DELAY,,93,00:05,66,00:15,,,LATE ARR/ CHANGE CREW HN OB 0955,HAN,DAD,DPS,International,VJ,,
2026-03-17|VJ148/VJ149|A607|SGN-HAN-SGN|10:05,2026-03-17,VJ148/VJ149,A607,A321,SGN-HAN-SGN,09:30,10:05,09:30,10:05,09:30,10:03,10:05,10:09,00:35,00:35,ONTIME,ONTIME,ONTIME,ONTIME,,,,,,,,,HAN,SGN,SGN,Domestic,VJ,,
2026-03-17|VJ422/VJ567|A637|PXU-HAN-HUI|10:10,2026-03-17,VJ422/VJ567,A637,A321,PXU-HAN-HUI,09:40,10:10,09:40,10:10,09:50,10:08,10:10,10:15,00:30,00:20,ONTIME,ONTIME,ONTIME,ONTIME,,,,,,,,,HAN,PXU,HUI,Domestic,VJ,,
2026-03-17|VJ981/VJ507|A634|PUS-HAN-DAD|10:30,2026-03-17,VJ981/VJ507,A634,A321,PUS-HAN-DAD,09:30,10:30,11:00,11:45,10:40,11:41,11:42,11:44,00:45,01:02,EARLY,ONTIME,DELAY,DELAY,,,,,,,,,HAN,PUS,DAD,Domestic,VJ,,
2026-03-17|VJ492/VJ463|A635|BMV-HAN-VCA|10:30,2026-03-17,VJ492/VJ463,A635,A321,BMV-HAN-VCA,10:00,10:30,10:00,10:30,10:05,10:34,10:35,10:44,00:30,00:30,DELAY,ONTIME,ONTIME,ONTIME,,93,00:05,,,,,,HAN,BMV,VCA,Domestic,VJ,,
2026-03-17|VJ184/VJ129|A811|SGN-HAN-SGN|11:25,2026-03-17,VJ184/VJ129,A811,A330,SGN-HAN-SGN,10:25,11:25,10:25,11:25,10:30,11:18,11:20,11:25,01:00,00:50,EARLY,ONTIME,ONTIME,ONTIME,,,,,,,,,HAN,SGN,SGN,Domestic,VJ,,
2026-03-17|VJ524/VJ946|A647|DAD-HAN-KHH|11:45,2026-03-17,VJ524/VJ946,A647,A321,DAD-HAN-KHH,07:40,11:45,07:40,11:45,07:35,11:44,11:45,11:47,04:05,04:10,ONTIME,ONTIME,ONTIME,ONTIME,,,,,,,,,HAN,DAD,KHH,International,VJ,,
2026-03-17|VJ132/VJ137|A656|SGN-HAN-SGN|12:05,2026-03-17,VJ132/VJ137,A656,A320,SGN-HAN-SGN,11:35,12:05,11:35,12:05,11:55,12:14,12:18,12:20,00:30,00:23,DELAY,ONTIME,ONTIME,DELAY,,93,00:13,,,,,,HAN,SGN,SGN,Domestic,VJ,,
2026-03-17|VJ442/VJ901|A632|PQC-HAN-BKK|12:15,2026-03-17,VJ442/VJ901,A632,A321,PQC-HAN-BKK,10:45,12:15,10:45,12:15,10:50,12:14,12:15,12:20,01:30,01:25,ONTIME,ONTIME,ONTIME,ONTIME,,,,,,,,,HAN,PQC,BKK,International,VJ,,
2026-03-17|VJ186/VJ183|A817|SGN-HAN-SGN|12:40,2026-03-17,VJ186/VJ183,A817,A330,SGN-HAN-SGN,11:40,12:40,11:40,12:40,11:45,12:34,12:35,12:40,01:00,00:50,EARLY,ONTIME,ONTIME,ONTIME,,,,,,,,,HAN,SGN,SGN,Domestic,VJ,,
2026-03-17|VJ430/VJ441|A689|UIH-HAN-PQC|12:55,2026-03-17,VJ430/VJ441,A689,A320,UIH-HAN-PQC,10:55,12:55,10:55,12:55,11:10,12:54,12:55,13:05,02:00,01:45,ONTIME,ONTIME,ONTIME,ONTIME,,,,,,,,,HAN,UIH,PQC,Domestic,VJ,,
2026-03-17|VJ780/VJ781|A548|CXR-HAN-CXR|13:00,2026-03-17,VJ780/VJ781,A548,A321,CXR-HAN-CXR,12:30,13:00,12:30,13:00,12:35,13:03,13:05,13:05,00:30,00:30,DELAY,ONTIME,ONTIME,ONTIME,,93,00:05,,,,,,HAN,CXR,CXR,Domestic,VJ,,
2026-03-17|VJ959/VJ948|A640|FUK-HAN-RMQ|13:30,2026-03-17,VJ959/VJ948,A640,A321,FUK-HAN-RMQ,12:25,13:30,12:25,13:30,11:55,13:29,13:30,13:32,01:05,01:35,ONTIME,ONTIME,ONTIME,ONTIME,,,,,,,,,HAN,FUK,RMQ,International,VJ,,
2026-03-17|VJ770/VJ513|A629|CXR-HAN-DAD|13:35,2026-03-17,VJ770/VJ513,A629,A321,CXR-HAN-DAD,11:45,13:35,11:45,13:35,12:10,13:26,13:27,13:32,01:50,01:17,EARLY,ONTIME,ONTIME,DELAY,,,,,,,,,HAN,CXR,DAD,Domestic,VJ,,
2026-03-17|VJ128/VJ143|A812|SGN-HAN-SGN|14:05,2026-03-17,VJ128/VJ143,A812,A330,SGN-HAN-SGN,13:05,14:05,13:05,14:05,13:15,13:54,13:55,13:57,01:00,00:40,EARLY,ONTIME,ONTIME,ONTIME,,,,,,,,,HAN,SGN,SGN,Domestic,VJ,,
2026-03-17|VJ508/VJ511|A634|DAD-HAN-DAD|14:20,2026-03-17,VJ508/VJ511,A634,A321,DAD-HAN-DAD,13:40,14:20,15:00,15:35,15:30,15:59,16:00,16:20,00:35,00:30,DELAY,DELAY,DELAY,DELAY,,93,00:25,,,,,,HAN,DAD,DAD,Domestic,VJ,,
2026-03-17|VJ921/VJ942|A547|NGO-HAN-TPE|14:25,2026-03-17,VJ921/VJ942,A547,A321,NGO-HAN-TPE,13:40,14:25,13:40,14:25,12:57,14:24,14:25,14:30,00:45,01:28,ONTIME,ONTIME,ONTIME,ONTIME,,,,,,,,,HAN,NGO,TPE,International,VJ,,
2026-03-17|VJ566/VJ1491|A637|HUI-HAN-BMV|14:35,2026-03-17,VJ566/VJ1491,A637,A321,HUI-HAN-BMV,13:05,14:35,13:05,14:35,13:27,14:29,14:30,14:35,01:30,01:03,EARLY,ONTIME,ONTIME,DELAY,,,,,,,,,HAN,HUI,BMV,Domestic,VJ,,
2026-03-17|VJ138/VJ153|A633|SGN-HAN-SGN|15:10,2026-03-17,VJ138/VJ153,A633,A321,SGN-HAN-SGN,14:40,15:10,14:40,15:40,15:05,15:34,15:35,16:00,01:00,00:30,EARLY,ONTIME,DELAY,DELAY,,,,,,,,,HAN,SGN,SGN,Domestic,VJ,,
2026-03-17|VJ440/VJ433|A662|PQC-HAN-UIH|15:25,2026-03-17,VJ440/VJ433,A662,A320,PQC-HAN-UIH,11:55,15:25,11:55,15:25,12:15,15:21,15:22,15:30,03:30,03:07,EARLY,ONTIME,ONTIME,DELAY,,,,,,,,,HAN,PQC,UIH,Domestic,VJ,,
2026-03-17|VJ961/VJ1441|A534|ICN-HAN-PQC|15:30,2026-03-17,VJ961/VJ1441,A534,A321,ICN-HAN-PQC,13:40,15:30,14:10,15:30,14:05,15:21,15:22,15:26,01:20,01:17,EARLY,ONTIME,ONTIME,DELAY,,,,,,,,,HAN,ICN,PQC,Domestic,VJ,,
2026-03-17|VJ941/VJ145|A516|TPE-HAN-SGN|15:35,2026-03-17,VJ941/VJ145,A516,A321,TPE-HAN-SGN,14:10,15:35,14:10,15:35,15:05,15:29,15:30,15:47,01:25,00:25,EARLY,ONTIME,ONTIME,DELAY,,,,,,,,,HAN,TPE,SGN,Domestic,VJ,,
2026-03-17|VJ939/VJ199|A539|KIX-HAN-SGN|15:35,2026-03-17,VJ939/VJ199,A539,A321,KIX-HAN-SGN,13:05,15:35,13:05,15:35,12:55,15:24,15:25,15:44,02:30,02:30,EARLY,ONTIME,ONTIME,ONTIME,,,,,,,,,HAN,KIX,SGN,Domestic,VJ,,
2026-03-17|VJ198/VJ423|A649|SGN-HAN-PXU|15:55,2026-03-17,VJ198/VJ423,A649,A321,SGN-HAN-PXU,15:10,15:55,15:10,15:55,15:20,15:54,15:55,16:05,00:45,00:35,ONTIME,ONTIME,ONTIME,ONTIME,,,,,,,,,HAN,SGN,PXU,Domestic,VJ,,
2026-03-17|VJ963/VJ191|A645|ICN-HAN-SGN|15:55,2026-03-17,VJ963/VJ191,A645,A321,ICN-HAN-SGN,09:30,15:55,14:15,15:55,14:30,15:44,15:45,16:10,01:40,01:15,EARLY,ONTIME,ONTIME,DELAY,,,,,,,,,HAN,ICN,SGN,Domestic,VJ,,
2026-03-17|VJ933/VJ195|A816|NRT-HAN-SGN|16:00,2026-03-17,VJ933/VJ195,A816,A330,NRT-HAN-SGN,14:00,16:00,14:00,16:00,14:50,15:59,16:00,16:24,02:00,01:10,ONTIME,ONTIME,DELAY,DELAY,,,,,,,,,HAN,NRT,SGN,Domestic,VJ,,
2026-03-17|VJ460/VJ913|A635|VCA-HAN-SAI|16:20,2026-03-17,VJ460/VJ913,A635,A321,VCA-HAN-SAI,15:20,16:20,15:20,16:20,15:45,16:29,16:30,16:48,01:00,00:45,DELAY,ONTIME,DELAY,DELAY,,66,00:10,,,,,CREW OB 1605,HAN,VCA,SAI,International,VJ,,
2026-03-17|VJ462/VJ515|A687|VCA-HAN-DAD|16:25,2026-03-17,VJ462/VJ515,A687,A321,VCA-HAN-DAD,15:40,16:25,15:40,16:25,15:30,16:16,16:17,16:40,00:45,00:47,EARLY,ONTIME,ONTIME,ONTIME,,,,,,,,,HAN,VCA,DAD,Domestic,VJ,,
2026-03-17|VJ144/VJ147|A670|SGN-HAN-SGN|17:10,2026-03-17,VJ144/VJ147,A670,A321,SGN-HAN-SGN,14:10,17:10,14:10,17:10,14:35,17:06,17:07,17:10,03:00,02:32,EARLY,ONTIME,ONTIME,DELAY,,,,,,,,,HAN,SGN,SGN,Domestic,VJ,,
2026-03-17|VJ134/VJ163|-NVE|SGN-HAN-SGN|17:20,2026-03-17,VJ134/VJ163,-NVE,A320,SGN-HAN-SGN,16:50,17:20,16:50,17:20,17:00,17:24,17:25,17:35,00:30,00:25,DELAY,ONTIME,ONTIME,ONTIME,,93,00:05,,,,,,HAN,SGN,SGN,Domestic,VJ,,
2026-03-17|VJ916/VJ465|A526|SIN-HAN-VCA|17:25,2026-03-17,VJ916/VJ465,A526,A321,SIN-HAN-VCA,17:25,17:25,17:25,18:00,17:15,18:14,18:15,18:24,00:35,01:00,DELAY,ONTIME,DELAY,ONTIME,,61,00:15,,,,,FLIGHT PLAN CHANGED,HAN,SIN,VCA,Domestic,VJ,,
2026-03-17|VJ784/VJ783|A548|CXR-HAN-CXR|17:40,2026-03-17,VJ784/VJ783,A548,A321,CXR-HAN-CXR,17:10,17:40,17:10,17:40,17:35,18:04,18:05,18:09,00:30,00:30,DELAY,DELAY,DELAY,DELAY,,93,00:25,,,,,,HAN,CXR,CXR,Domestic,VJ,,
2026-03-17|VJ953/VJ445|A666|HIJ-HAN-PQC|17:40,2026-03-17,VJ953/VJ445,A666,A320,HIJ-HAN-PQC,16:20,17:40,16:20,17:40,16:35,17:35,17:36,17:40,01:20,01:01,EARLY,ONTIME,ONTIME,ONTIME,,,,,,,,,HAN,HIJ,PQC,Domestic,VJ,,
2026-03-17|VJ512/VJ779|A636|DAD-HAN-CXR|18:00,2026-03-17,VJ512/VJ779,A636,A321,DAD-HAN-CXR,17:30,18:00,17:30,18:00,17:35,18:04,18:05,18:15,00:30,00:30,DELAY,ONTIME,ONTIME,ONTIME,,93,00:05,,,,,,HAN,DAD,CXR,Domestic,VJ,,
2026-03-17|VJ957/VJ165|A655|PUS-HAN-SGN|18:30,2026-03-17,VJ957/VJ165,A655,A320,PUS-HAN-SGN,17:20,18:30,17:20,18:30,17:00,18:29,18:30,18:40,01:10,01:30,ONTIME,ONTIME,ONTIME,ONTIME,,,,,,,,,HAN,PUS,SGN,Domestic,VJ,,
2026-03-17|VJ192/VJ189|A817|SGN-HAN-SGN|19:00,2026-03-17,VJ192/VJ189,A817,A330,SGN-HAN-SGN,18:00,19:00,18:00,19:00,18:40,19:13,19:15,19:15,01:00,00:35,DELAY,ONTIME,ONTIME,DELAY,,93,00:15,,,,,,HAN,SGN,SGN,Domestic,VJ,,
2026-03-17|VJ446/VJ1925|A663|PQC-HAN-AMD|19:00,2026-03-17,VJ446/VJ1925,A663,A320,PQC-HAN-AMD,17:10,19:00,17:10,19:00,17:10,18:49,18:50,18:55,01:50,01:40,EARLY,ONTIME,ONTIME,ONTIME,,,,,,,,,HAN,PQC,AMD,International,VJ,,
2026-03-17|VJ1492/VJ517|A637|BMV-HAN-DAD|19:05,2026-03-17,VJ1492/VJ517,A637,A321,BMV-HAN-DAD,18:35,19:05,18:35,19:05,18:55,19:24,19:25,19:33,00:30,00:30,DELAY,DELAY,DELAY,DELAY,,93,00:20,,,,,,HAN,BMV,DAD,Domestic,VJ,,
2026-03-17|VJ130/VJ971|A811|SGN-HAN-DEL|19:10,2026-03-17,VJ130/VJ971,A811,A330,SGN-HAN-DEL,16:45,19:10,16:45,19:10,16:40,19:09,19:10,19:15,02:25,02:30,ONTIME,ONTIME,ONTIME,ONTIME,,,,,,,,,HAN,SGN,DEL,International,VJ,,
2026-03-17|VJ928/VJ569|A697|CGK-HAN-HUI|19:15,2026-03-17,VJ928/VJ569,A697,A321,CGK-HAN-HUI,18:15,19:15,18:15,19:15,18:35,19:14,19:15,19:21,01:00,00:40,ONTIME,ONTIME,ONTIME,DELAY,,,,,,,,,HAN,CGK,HUI,Domestic,VJ,,
2026-03-17|VJ902/VJ519|A632|BKK-HAN-DAD|19:45,2026-03-17,VJ902/VJ519,A632,A321,BKK-HAN-DAD,17:00,19:45,17:00,19:45,17:22,19:44,19:45,19:53,02:45,02:23,ONTIME,ONTIME,ONTIME,DELAY,,,,,,,,,HAN,BKK,DAD,Domestic,VJ,,
2026-03-17|VJ152/VJ177|A536|SGN-HAN-SGN|19:55,2026-03-17,VJ152/VJ177,A536,A321,SGN-HAN-SGN,19:15,19:55,19:15,19:55,19:35,20:04,20:05,20:10,00:40,00:30,DELAY,ONTIME,ONTIME,DELAY,,93,00:10,,,,,,HAN,SGN,SGN,Domestic,VJ,,
2026-03-17|VJ424/VJ155|A649|PXU-HAN-SGN|20:05,2026-03-17,VJ424/VJ155,A649,A321,PXU-HAN-SGN,19:35,20:05,19:35,20:05,19:55,20:14,20:15,20:18,00:30,00:20,DELAY,ONTIME,ONTIME,DELAY,,93,00:10,,,,,,HAN,PXU,SGN,Domestic,VJ,,
2026-03-17|VJ432/VJ501|A662|UIH-HAN-DAD|20:15,2026-03-17,VJ432/VJ501,A662,A320,UIH-HAN-DAD,19:10,20:15,19:10,20:15,19:35,20:09,20:10,20:15,01:05,00:35,EARLY,ONTIME,ONTIME,DELAY,,,,,,,,,HAN,UIH,DAD,Domestic,VJ,,
2026-03-17|VJ778/VJ523|A580|CXR-HAN-DAD|22:45,2026-03-17,VJ778/VJ523,A580,A321,CXR-HAN-DAD,22:10,22:45,22:10,23:25,22:55,23:23,23:25,23:26,01:15,00:30,ONTIME,ONTIME,DELAY,DELAY,,,,,,,,,HAN,CXR,DAD,Domestic,VJ,,
2026-03-17|VJ169/VJ962|A578|SGN-HAN-ICN|22:50,2026-03-17,VJ169/VJ962,A578,A321,SGN-HAN-ICN,21:20,22:50,21:20,22:50,21:30,23:04,23:05,23:11,01:30,01:35,DELAY,ONTIME,DELAY,ONTIME,,61,00:15,,,,,CHANGE FPL,HAN,SGN,ICN,International,VJ,,
2026-03-17|VJ518/VJ187|A637|DAD-HAN-SGN|22:50,2026-03-17,VJ518/VJ187,A637,A321,DAD-HAN-SGN,22:15,22:50,22:15,23:30,22:45,23:14,23:15,23:18,01:15,00:30,EARLY,ONTIME,DELAY,DELAY,,,,,,,,,HAN,DAD,SGN,Domestic,VJ,,
2026-03-17|VJ180/VJ171|A642|SGN-HAN-SGN|23:25,2026-03-17,VJ180/VJ171,A642,A321,SGN-HAN-SGN,22:25,23:25,22:25,23:25,22:30,23:14,23:15,23:20,01:00,00:45,EARLY,ONTIME,ONTIME,ONTIME,,,,,,,,,HAN,SGN,SGN,Domestic,VJ,,
2026-03-17|VJ914/VJ7526|A635|SAI-HAN-CAN|23:40,2026-03-17,VJ914/VJ7526,A635,A321,SAI-HAN-CAN,20:50,23:40,20:50,23:40,20:52,23:37,23:38,23:41,02:50,02:46,EARLY,ONTIME,ONTIME,ONTIME,,,,,,,,,HAN,SAI,CAN,International,VJ,,
2026-03-18|VJ932|A812|HAN-NRT|00:55,2026-03-18,VJ932,A812,A330,HAN-NRT,,00:55,,00:55,,00:54,00:55,01:00,,,ONTIME,ONTIME,ONTIME,,,,,,,,,,HAN,,NRT,International,VJ,,
2026-03-18|VJ982|A640|HAN-PUS|02:15,2026-03-18,VJ982,A640,A321,HAN-PUS,,02:15,,02:15,,02:49,02:50,02:56,,,DELAY,DELAY,DELAY,,,61,00:35,,,,,CHANGE FPL,HAN,,PUS,International,VJ,,
2026-03-18|VJ7706/VJ7706|A516|CXR-HAN-KHV|01:25,2026-03-18,VJ7706/VJ7706,A516,A321,CXR-HAN-KHV,00:55,01:25,00:55,01:25,00:55,01:24,01:25,01:35,00:30,00:30,ONTIME,ONTIME,ONTIME,ONTIME,,,,,,,,,HAN,CXR,KHV,International,VJ,,
2026-03-18|VJ920|A551|HAN-NGO|01:35,2026-03-18,VJ920,A551,A321,HAN-NGO,,01:35,,01:35,,01:26,01:27,01:28,,,EARLY,ONTIME,ONTIME,,,,,,,,,,HAN,,NGO,International,VJ,,
2026-03-18|VJ938|A547|HAN-KIX|01:40,2026-03-18,VJ938,A547,A321,HAN-KIX,,01:40,,01:40,,01:39,01:40,01:41,,,ONTIME,ONTIME,ONTIME,,,,,,,,,,HAN,,KIX,International,VJ,,
2026-03-18|VJ960|A526|HAN-ICN|01:45,2026-03-18,VJ960,A526,A321,HAN-ICN,,01:45,,01:45,,01:44,01:45,02:00,,,ONTIME,ONTIME,ONTIME,,,,,,,,,,HAN,,ICN,International,VJ,,
2026-03-18|VJ25|A816|HAN-VTE|04:50,2026-03-18,VJ25,A816,A330,HAN-VTE,,04:50,,04:50,,04:42,04:43,04:45,,,EARLY,ONTIME,ONTIME,,,,,,,,,FERRY FLIGHT,HAN,,VTE,International,VJ,,
2026-03-18|VJ185|A675|HAN-SGN|05:10,2026-03-18,VJ185,A675,A320,HAN-SGN,,05:10,,05:10,,05:04,05:05,05:15,,,EARLY,ONTIME,ONTIME,,,,,,,,,,HAN,,SGN,Domestic,VJ,,
2026-03-18|VJ509|A636|HAN-DAD|05:25,2026-03-18,VJ509,A636,A321,HAN-DAD,,05:25,,05:25,,05:19,05:20,05:24,,,EARLY,ONTIME,ONTIME,,,,,,,,,,HAN,,DAD,Domestic,VJ,,
2026-03-18|VJ461|A699|HAN-VCA|05:30,2026-03-18,VJ461,A699,A320,HAN-VCA,,05:30,,05:30,,05:24,05:25,05:35,,,EARLY,ONTIME,ONTIME,,,,,,,,,,HAN,,VCA,Domestic,VJ,,
2026-03-18|VJ443|A534|HAN-PQC|06:00,2026-03-18,VJ443,A534,A321,HAN-PQC,,06:00,,06:00,,05:54,05:55,06:00,,,EARLY,ONTIME,ONTIME,,,,,,,,,,HAN,,PQC,Domestic,VJ,,
2026-03-18|VJ503|A674|HAN-DAD|06:00,2026-03-18,VJ503,A674,A321,HAN-DAD,,06:00,,06:00,,05:54,05:55,06:05,,,EARLY,ONTIME,ONTIME,,,,,,,,,,HAN,,DAD,Domestic,VJ,,
2026-03-18|VJ7527/VJ491|A635|CAN-HAN-BMV|06:00,2026-03-18,VJ7527/VJ491,A635,A321,CAN-HAN-BMV,04:35,06:00,04:35,06:00,04:30,05:54,05:55,06:03,01:25,01:25,EARLY,ONTIME,ONTIME,ONTIME,,,,,,,,,HAN,CAN,BMV,Domestic,VJ,,
2026-03-18|VJ421|A552|HAN-PXU|06:05,2026-03-18,VJ421,A552,A321,HAN-PXU,,06:05,,06:05,,05:59,06:00,06:06,,,EARLY,ONTIME,ONTIME,,,,,,,,,,HAN,,PXU,Domestic,VJ,,
2026-03-18|VJ105|652G|HAN-VCS|06:45,2026-03-18,VJ105,652G,C909,HAN-VCS,,06:45,,06:45,,06:39,06:40,06:55,,,EARLY,ONTIME,ONTIME,,,,,,,,,,HAN,,VCS,Domestic,VJ,,
2026-03-18|VJ972/VJ167|A811|DEL-HAN-SGN|06:50,2026-03-18,VJ972/VJ167,A811,A330,DEL-HAN-SGN,05:35,06:50,05:35,06:50,05:40,06:44,06:45,06:56,01:15,01:05,EARLY,ONTIME,ONTIME,ONTIME,,,,,,,,,HAN,DEL,SGN,Domestic,VJ,,
2026-03-18|VJ905|A674|HAN-KUL|07:10,2026-03-18,VJ905,A674,A321,HAN-KUL,,07:10,,07:10,,07:04,07:05,07:15,,,EARLY,ONTIME,ONTIME,,,,,,,,,,HAN,,KUL,International,VJ,,
2026-03-18|VJ431|A632|HAN-UIH|07:20,2026-03-18,VJ431,A632,A321,HAN-UIH,,07:20,,07:20,,07:14,07:15,07:23,,,EARLY,ONTIME,ONTIME,,,,,,,,,,HAN,,UIH,Domestic,VJ,,
2026-03-18|VJ1926/VJ956|A663|AMD-HAN-PUS|07:30,2026-03-18,VJ1926/VJ956,A663,A320,AMD-HAN-PUS,06:20,07:30,06:20,07:30,06:05,07:34,07:35,07:45,01:10,01:30,DELAY,ONTIME,ONTIME,ONTIME,,15A,00:05,,,,,OFFLOAD 02PAX+02BAGS,HAN,AMD,PUS,International,VJ,,
2026-03-18|VJ940|A697|HAN-TPE|07:35,2026-03-18,VJ940,A697,A321,HAN-TPE,,07:35,,07:35,,07:34,07:35,07:45,,,ONTIME,ONTIME,ONTIME,,,,,,,,,,HAN,,TPE,International,VJ,,
2026-03-18|VJ771|A645|HAN-CXR|07:35,2026-03-18,VJ771,A645,A321,HAN-CXR,,07:35,,07:35,,07:29,07:30,07:45,,,EARLY,ONTIME,ONTIME,,,,,,,,,,HAN,,CXR,Domestic,VJ,,
2026-03-18|VJ107|656E|HAN-VCS|08:15,2026-03-18,VJ107,656E,C909,HAN-VCS,,08:15,,08:15,,08:14,08:15,08:17,,,ONTIME,ONTIME,ONTIME,,,,,,,,,,HAN,,VCS,Domestic,VJ,,
2026-03-18|VJ934|A653|HAN-NRT|08:20,2026-03-18,VJ934,A653,A321,HAN-NRT,,08:20,,08:20,,08:29,08:30,08:34,,,DELAY,ONTIME,ONTIME,,,99,00:10,,,,,STUCK AT IMMI,HAN,,NRT,International,VJ,,
2026-03-18|VJ930|A543|HAN-KIX|08:20,2026-03-18,VJ930,A543,A321,HAN-KIX,,08:20,,08:20,,08:29,08:30,08:34,,,DELAY,ONTIME,ONTIME,,,99,00:10,,,,,STUCK AT IMMI,HAN,,KIX,International,VJ,,
2026-03-18|VJ121|A814|HAN-SGN|08:40,2026-03-18,VJ121,A814,A330,HAN-SGN,,08:40,,08:40,,08:39,08:40,08:53,,,ONTIME,ONTIME,ONTIME,,,,,,,,,,HAN,,SGN,Domestic,VJ,,
2026-03-18|VJ524/VJ929|A634|DAD-HAN-CGK|08:40,2026-03-18,VJ524/VJ929,A634,A321,DAD-HAN-CGK,07:40,08:40,07:40,08:40,,08:39,08:40,08:46,01:00,,ONTIME,ONTIME,ONTIME,ONTIME,,,,,,,,,HAN,DAD,CGK,International,VJ,,
2026-03-18|VJ126/VJ127|A544|SGN-HAN-SGN|08:55,2026-03-18,VJ126/VJ127,A544,A321,SGN-HAN-SGN,08:25,08:55,08:25,08:55,08:40,09:08,09:10,09:19,00:30,00:30,DELAY,ONTIME,DELAY,ONTIME,,93,00:15,,,,,,HAN,SGN,SGN,Domestic,VJ,,
2026-03-18|VJ510/VJ527|A636|DAD-HAN-DAD|09:30,2026-03-18,VJ510/VJ527,A636,A321,DAD-HAN-DAD,08:35,09:30,08:35,09:30,08:45,09:24,09:25,09:30,00:55,00:40,EARLY,ONTIME,ONTIME,ONTIME,,,,,,,,,HAN,DAD,DAD,Domestic,VJ,,
2026-03-18|VJ120/VJ915|A539|SGN-HAN-SIN|09:35,2026-03-18,VJ120/VJ915,A539,A321,SGN-HAN-SIN,07:40,09:35,07:40,09:35,07:35,09:32,09:33,09:35,01:55,01:58,EARLY,ONTIME,ONTIME,ONTIME,,,,,,,,,HAN,SGN,SIN,International,VJ,,
2026-03-18|VJ176/VJ997|A536|SGN-HAN-DPS|10:00,2026-03-18,VJ176/VJ997,A536,A321,SGN-HAN-DPS,09:00,10:00,09:00,10:00,09:12,09:59,10:00,10:10,01:00,00:48,ONTIME,ONTIME,ONTIME,ONTIME,,,,,,,,,HAN,SGN,DPS,International,VJ,,
2026-03-18|VJ149|A629|HAN-SGN|10:05,2026-03-18,VJ149,A629,A321,HAN-SGN,,10:05,,10:05,,10:04,10:05,10:15,,,ONTIME,ONTIME,ONTIME,,,,,,,,,,HAN,,SGN,Domestic,VJ,,
2026-03-18|VJ422/VJ567|A657|PXU-HAN-HUI|10:10,2026-03-18,VJ422/VJ567,A657,A321,PXU-HAN-HUI,09:40,10:10,09:40,10:10,09:40,10:09,10:10,10:25,00:30,00:30,ONTIME,ONTIME,ONTIME,ONTIME,,,,,,,,,HAN,PXU,HUI,Domestic,VJ,,
2026-03-18|VJ492/VJ507|A635|BMV-HAN-DAD|10:30,2026-03-18,VJ492/VJ507,A635,A321,BMV-HAN-DAD,10:00,10:30,10:00,10:30,10:15,10:44,10:45,10:52,00:30,00:30,DELAY,ONTIME,DELAY,ONTIME,,93,00:15,,,,,,HAN,BMV,DAD,Domestic,VJ,,
2026-03-18|VJ148/VJ463|A658|SGN-HAN-VCA|10:30,2026-03-18,VJ148/VJ463,A658,A320,SGN-HAN-VCA,09:30,10:30,09:30,10:30,09:35,10:24,10:25,10:35,01:00,00:50,EARLY,ONTIME,ONTIME,ONTIME,,,,,,,,,HAN,SGN,VCA,Domestic,VJ,,
2026-03-18|VJ504/VJ775|A674|DAD-HAN-CXR|10:40,2026-03-18,VJ504/VJ775,A674,A321,DAD-HAN-CXR,09:00,10:40,09:00,10:40,09:33,10:37,10:38,10:45,01:40,,EARLY,ONTIME,ONTIME,DELAY,,,,,,,,,HAN,DAD,CXR,Domestic,VJ,,
2026-03-18|VJ136/VJ135|A671|SGN-HAN-SGN|11:10,2026-03-18,VJ136/VJ135,A671,A320,SGN-HAN-SGN,10:40,11:10,10:40,11:30,11:05,11:29,11:30,11:39,00:50,00:25,ONTIME,ONTIME,DELAY,DELAY,,,,,,,,,HAN,SGN,SGN,Domestic,VJ,,
2026-03-18|VJ772/VJ133|A815|CXR-HAN-SGN|11:40,2026-03-18,VJ772/VJ133,A815,A330,CXR-HAN-SGN,10:40,11:40,10:40,11:40,11:00,11:39,11:40,11:49,01:00,00:40,ONTIME,ONTIME,ONTIME,DELAY,,,,,,,,,HAN,CXR,SGN,Domestic,VJ,,
2026-03-18|VJ430/VJ137|A632|UIH-HAN-SGN|11:40,2026-03-18,VJ430/VJ137,A632,A321,UIH-HAN-SGN,11:05,11:40,11:05,11:40,11:05,11:39,11:40,11:45,00:35,00:35,ONTIME,ONTIME,ONTIME,ONTIME,,,,,,,,,HAN,UIH,SGN,Domestic,VJ,,
2026-03-18|VJ963/VJ946|A578|ICN-HAN-KHH|11:45,2026-03-18,VJ963/VJ946,A578,A321,ICN-HAN-KHH,09:30,11:45,09:30,11:45,09:05,11:34,11:35,11:47,02:15,02:30,EARLY,ONTIME,ONTIME,ONTIME,,,,,,,,,HAN,ICN,KHH,International,VJ,,
2026-03-18|VJ442/VJ901|A534|PQC-HAN-BKK|12:15,2026-03-18,VJ442/VJ901,A534,A321,PQC-HAN-BKK,10:45,12:15,10:45,12:15,11:10,12:06,12:07,12:14,01:30,00:57,EARLY,ONTIME,ONTIME,DELAY,,,,,,,,,HAN,PQC,BKK,International,VJ,,
2026-03-18|VJ132/VJ441|A675|SGN-HAN-PQC|12:25,2026-03-18,VJ132/VJ441,A675,A320,SGN-HAN-PQC,11:10,12:25,11:10,12:25,11:35,12:24,12:25,12:32,01:15,00:50,ONTIME,ONTIME,ONTIME,DELAY,,,,,,,,,HAN,SGN,PQC,Domestic,VJ,,
2026-03-18|VJ981/VJ948|A640|PUS-HAN-RMQ|13:30,2026-03-18,VJ981/VJ948,A640,A321,PUS-HAN-RMQ,11:00,13:30,11:00,13:30,12:25,13:24,13:25,13:26,02:30,01:00,EARLY,ONTIME,ONTIME,DELAY,,,,,,,,,HAN,PUS,RMQ,International,VJ,,
2026-03-18|VJ528/VJ513|A636|DAD-HAN-DAD|13:35,2026-03-18,VJ528/VJ513,A636,A321,DAD-HAN-DAD,12:40,13:35,12:40,13:35,13:10,13:34,13:35,13:45,00:55,00:25,ONTIME,ONTIME,ONTIME,DELAY,,,,,,,,,HAN,DAD,DAD,Domestic,VJ,,
2026-03-18|VJ128/VJ143|A820|SGN-HAN-SGN|13:40,2026-03-18,VJ128/VJ143,A820,A321,SGN-HAN-SGN,12:10,13:40,12:10,13:40,12:46,13:39,13:40,13:45,01:30,00:54,ONTIME,ONTIME,ONTIME,DELAY,,,,,,,,,HAN,SGN,SGN,Domestic,VJ,,
2026-03-18|VJ566/VJ511|A657|HUI-HAN-DAD|14:20,2026-03-18,VJ566/VJ511,A657,A321,HUI-HAN-DAD,13:05,14:20,13:05,14:20,13:28,14:12,14:13,14:14,01:15,00:45,EARLY,ONTIME,ONTIME,DELAY,,,,,,,,,HAN,HUI,DAD,Domestic,VJ,,
2026-03-18|VJ921/VJ942|A551|NGO-HAN-TPE|14:25,2026-03-18,VJ921/VJ942,A551,A321,NGO-HAN-TPE,13:40,14:25,13:40,14:25,13:27,14:24,14:25,14:27,00:45,00:58,ONTIME,ONTIME,ONTIME,ONTIME,,,,,,,,,HAN,NGO,TPE,International,VJ,,
2026-03-18|VJ770/VJ1491|A545|CXR-HAN-BMV|14:35,2026-03-18,VJ770/VJ1491,A545,A321,CXR-HAN-BMV,12:00,14:35,12:00,14:35,12:35,14:32,14:33,14:40,02:35,01:58,EARLY,ONTIME,ONTIME,DELAY,,,,,,,,,HAN,CXR,BMV,Domestic,VJ,,
2026-03-18|VJ188/VJ151|-NVE|SGN-HAN-SGN|14:40,2026-03-18,VJ188/VJ151,-NVE,A320,SGN-HAN-SGN,14:05,14:40,14:05,15:25,14:50,15:24,15:25,15:32,01:20,00:35,ONTIME,ONTIME,DELAY,DELAY,,,,,,,,,HAN,SGN,SGN,Domestic,VJ,,
2026-03-18|VJ138/VJ153|A544|SGN-HAN-SGN|15:10,2026-03-18,VJ138/VJ153,A544,A321,SGN-HAN-SGN,14:40,15:10,14:40,15:10,15:05,15:34,15:35,15:45,00:30,00:30,DELAY,DELAY,DELAY,DELAY,,93,00:25,,,,,,HAN,SGN,SGN,Domestic,VJ,,
2026-03-18|VJ7707/VJ7707|A516|KHV-HAN-CXR|15:15,2026-03-18,VJ7707/VJ7707,A516,A321,KHV-HAN-CXR,14:45,15:15,15:05,15:30,15:20,15:44,15:45,16:02,00:25,00:25,DELAY,ONTIME,DELAY,DELAY,,,,,,,,,HAN,KHV,CXR,Domestic,VJ,,
2026-03-18|VJ440/VJ433|A666|PQC-HAN-UIH|15:25,2026-03-18,VJ440/VJ433,A666,A320,PQC-HAN-UIH,11:55,15:25,11:55,15:25,12:35,15:20,15:21,15:25,03:30,02:46,EARLY,ONTIME,ONTIME,DELAY,,,,,,,,,HAN,PQC,UIH,Domestic,VJ,,
2026-03-18|VJ508/VJ1441|A635|DAD-HAN-PQC|15:30,2026-03-18,VJ508/VJ1441,A635,A321,DAD-HAN-PQC,13:40,15:30,13:40,15:30,14:20,15:29,15:30,15:30,01:50,01:10,ONTIME,ONTIME,ONTIME,DELAY,,,,,,,,,HAN,DAD,PQC,Domestic,VJ,,
2026-03-18|VJ939/VJ199|A547|KIX-HAN-SGN|15:35,2026-03-18,VJ939/VJ199,A547,A321,KIX-HAN-SGN,13:05,15:35,13:05,15:35,13:00,15:34,15:35,15:40,02:30,02:35,ONTIME,ONTIME,ONTIME,ONTIME,,,,,,,,,HAN,KIX,SGN,Domestic,VJ,,
2026-03-18|VJ961/VJ903|A526|ICN-HAN-BKK|15:50,2026-03-18,VJ961/VJ903,A526,A321,ICN-HAN-BKK,14:10,15:50,14:10,15:50,14:10,15:49,15:50,15:50,01:40,01:40,ONTIME,ONTIME,ONTIME,ONTIME,,,,,,,,,HAN,ICN,BKK,International,VJ,,
2026-03-18|VJ906/VJ191|A674|KUL-HAN-SGN|15:55,2026-03-18,VJ906/VJ191,A674,A321,KUL-HAN-SGN,14:55,15:55,14:55,15:55,15:20,15:54,15:55,16:05,01:00,00:35,ONTIME,ONTIME,ONTIME,DELAY,,,,,,,,,HAN,KUL,SGN,Domestic,VJ,,
2026-03-18|VJ774/VJ423|A657|CXR-HAN-PXU|15:55,2026-03-18,VJ774/VJ423,A657,A321,CXR-HAN-PXU,14:50,15:55,14:50,15:55,15:05,15:54,15:55,16:15,01:05,00:50,ONTIME,ONTIME,DELAY,ONTIME,,,,,,,,,HAN,CXR,PXU,Domestic,VJ,,
2026-03-18|VJ933/VJ195|A812|NRT-HAN-SGN|16:00,2026-03-18,VJ933/VJ195,A812,A330,NRT-HAN-SGN,14:00,16:00,14:00,16:00,13:48,16:04,16:05,16:20,02:00,02:17,DELAY,ONTIME,DELAY,ONTIME,,15A,00:05,,,,,OFFLOAD 7PAX &1 BAG,HAN,NRT,SGN,Domestic,VJ,,
2026-03-18|VJ941/VJ913|A697|TPE-HAN-SAI|16:20,2026-03-18,VJ941/VJ913,A697,A321,TPE-HAN-SAI,14:10,16:20,14:10,16:20,14:41,16:16,16:17,16:43,02:10,01:36,EARLY,ONTIME,DELAY,DELAY,,,,,,,,,HAN,TPE,SAI,International,VJ,,
2026-03-18|VJ462/VJ515|A699|VCA-HAN-DAD|16:25,2026-03-18,VJ462/VJ515,A699,A320,VCA-HAN-DAD,15:40,16:25,15:40,16:25,15:35,16:34,16:35,16:40,00:45,01:00,DELAY,ONTIME,ONTIME,ONTIME,,15A,00:10,,,,,OFFLOAD 11PAX & 1 BAG,HAN,VCA,DAD,Domestic,VJ,,
2026-03-18|VJ134/VJ163|-MLI|SGN-HAN-SGN|17:20,2026-03-18,VJ134/VJ163,-MLI,A320,SGN-HAN-SGN,16:50,17:20,16:50,17:20,16:45,17:16,17:17,17:25,00:30,00:32,EARLY,ONTIME,ONTIME,ONTIME,,,,,,,,,HAN,SGN,SGN,Domestic,VJ,,
2026-03-18|VJ198/VJ465|A644|SGN-HAN-VCA|17:25,2026-03-18,VJ198/VJ465,A644,A321,SGN-HAN-VCA,15:10,17:25,15:10,17:25,15:57,17:24,17:25,17:33,02:15,01:28,ONTIME,ONTIME,ONTIME,DELAY,,,,,,,,,HAN,SGN,VCA,Domestic,VJ,,
2026-03-18|VJ460/VJ445|A658|VCA-HAN-PQC|17:40,2026-03-18,VJ460/VJ445,A658,A320,VCA-HAN-PQC,15:20,17:40,15:20,17:40,15:45,17:39,17:40,17:46,02:20,01:55,ONTIME,ONTIME,ONTIME,DELAY,,,,,,,,,HAN,VCA,PQC,Domestic,VJ,,
2026-03-18|VJ512/VJ779|A552|DAD-HAN-CXR|18:00,2026-03-18,VJ512/VJ779,A552,A321,DAD-HAN-CXR,17:30,18:00,17:30,18:00,17:25,17:59,18:00,18:05,00:30,00:35,ONTIME,ONTIME,ONTIME,ONTIME,,,,,,,,,HAN,DAD,CXR,Domestic,VJ,,
2026-03-18|VJ146/VJ169|A815|SGN-HAN-SGN|18:00,2026-03-18,VJ146/VJ169,A815,A330,SGN-HAN-SGN,17:00,18:00,17:00,18:00,17:05,17:59,18:00,18:03,01:00,00:55,ONTIME,ONTIME,ONTIME,ONTIME,,,,,,,,,HAN,SGN,SGN,Domestic,VJ,,
2026-03-18|VJ446/VJ1925|A656|PQC-HAN-AMD|19:00,2026-03-18,VJ446/VJ1925,A656,A320,PQC-HAN-AMD,17:10,19:00,17:10,19:00,17:30,18:54,18:55,19:00,01:50,01:25,EARLY,ONTIME,ONTIME,DELAY,,,,,,,,,HAN,PQC,AMD,International,VJ,,
2026-03-18|VJ902/VJ517|A534|BKK-HAN-DAD|19:05,2026-03-18,VJ902/VJ517,A534,A321,BKK-HAN-DAD,17:00,19:05,17:00,19:05,17:15,19:02,19:03,19:08,02:05,01:48,EARLY,ONTIME,ONTIME,ONTIME,,,,,,,,,HAN,BKK,DAD,Domestic,VJ,,
2026-03-18|VJ512/VJ173|A657|DAD-HAN-SGN|19:05,2026-03-18,VJ512/VJ173,A657,A321,DAD-HAN-SGN,17:25,19:05,17:25,19:05,15:35,18:57,18:58,19:13,01:40,03:23,EARLY,ONTIME,ONTIME,ONTIME,,,,,,,,,HAN,DAD,SGN,Domestic,VJ,,
2026-03-18|VJ514/VJ569|A643|DAD-HAN-HUI|19:15,2026-03-18,VJ514/VJ569,A643,A321,DAD-HAN-HUI,16:45,19:15,16:45,19:15,16:30,19:14,19:15,19:25,02:30,02:45,ONTIME,ONTIME,ONTIME,ONTIME,,,,,,,,,HAN,DAD,HUI,Domestic,VJ,,
2026-03-18|VJ900/VJ907|A575|DPS-HAN-BOM|19:15,2026-03-18,VJ900/VJ907,A575,A321,DPS-HAN-BOM,17:20,19:15,17:20,19:15,17:20,19:13,19:14,19:25,01:55,01:54,EARLY,ONTIME,ONTIME,ONTIME,,,,,,,,,HAN,DPS,BOM,International,VJ,,
2026-03-18|VJ1492/VJ519|A545|BMV-HAN-DAD|19:45,2026-03-18,VJ1492/VJ519,A545,A321,BMV-HAN-DAD,18:35,19:45,18:35,19:45,18:35,19:34,19:35,19:42,01:10,01:00,EARLY,ONTIME,ONTIME,ONTIME,,,,,,,,,HAN,BMV,DAD,Domestic,VJ,,
2026-03-18|VJ432/VJ7712|A666|UIH-HAN-PKX|20:05,2026-03-18,VJ432/VJ7712,A666,A320,UIH-HAN-PKX,19:10,20:05,19:10,20:05,18:55,19:51,19:52,20:00,00:55,00:57,EARLY,ONTIME,ONTIME,ONTIME,,,,,,,,,HAN,UIH,PKX,International,VJ,,
2026-03-18|VJ152/VJ165|A649|SGN-HAN-SGN|20:05,2026-03-18,VJ152/VJ165,A649,A321,SGN-HAN-SGN,19:15,20:05,19:15,20:05,19:50,20:19,20:20,20:20,00:50,00:30,DELAY,ONTIME,ONTIME,DELAY,,93,00:15,,,,,,HAN,SGN,SGN,Domestic,VJ,,
2026-03-18|VJ947/VJ501|A578|KHH-HAN-DAD|20:15,2026-03-18,VJ947/VJ501,A578,A321,KHH-HAN-DAD,18:05,20:15,18:05,20:15,17:45,20:14,20:15,20:25,02:10,02:30,ONTIME,ONTIME,ONTIME,ONTIME,,,,,,,,,HAN,KHH,DAD,Domestic,VJ,,
2026-03-18|VJ516/VJ7238|A699|DAD-HAN-PVG|21:30,2026-03-18,VJ516/VJ7238,A699,A320,DAD-HAN-PVG,19:35,21:30,19:35,21:30,20:15,21:17,21:18,21:22,01:55,01:03,EARLY,ONTIME,ONTIME,DELAY,,,,,,,,,HAN,DAD,PVG,International,VJ,,
2026-03-18|VJ160/VJ161|A524|SGN-HAN-SGN|21:50,2026-03-18,VJ160/VJ161,A524,A321,SGN-HAN-SGN,21:15,21:50,21:15,21:50,21:35,22:02,22:03,22:05,00:35,00:28,DELAY,ONTIME,ONTIME,DELAY,,93,00:13,,,,,,HAN,SGN,SGN,Domestic,VJ,,
2026-03-18|VJ568/VJ523|A643|HUI-HAN-DAD|22:45,2026-03-18,VJ568/VJ523,A643,A321,HUI-HAN-DAD,22:15,22:45,22:15,22:45,22:30,22:59,22:59,23:00,00:30,00:29,DELAY,ONTIME,ONTIME,ONTIME,,93,00:14,,,,,,HAN,HUI,DAD,Domestic,VJ,,
2026-03-18|VJ904/VJ962|A526|BKK-HAN-ICN|22:50,2026-03-18,VJ904/VJ962,A526,A321,BKK-HAN-ICN,20:25,22:50,20:25,22:50,20:35,22:49,22:50,22:54,02:25,02:15,ONTIME,ONTIME,ONTIME,ONTIME,,,,,,,,,HAN,BKK,ICN,International,VJ,,
2026-03-18|VJ1440/VJ7526|A635|PQC-HAN-CAN|23:40,2026-03-18,VJ1440/VJ7526,A635,A321,PQC-HAN-CAN,20:10,23:40,20:10,23:40,20:40,23:39,23:40,23:42,03:30,03:00,ONTIME,ONTIME,ONTIME,DELAY,,,,,,,,,HAN,PQC,CAN,International,VJ,,
2026-03-19|VJ932|A653|HAN-NRT|00:55,2026-03-19,VJ932,A653,A321,HAN-NRT,,00:55,,00:55,,00:47,00:48,00:51,,,EARLY,ONTIME,ONTIME,,,,,,,,,,HAN,,NRT,International,VJ,,
2026-03-19|VJ982|A640|HAN-PUS|01:00,2026-03-19,VJ982,A640,A321,HAN-PUS,,01:00,,01:00,,00:57,00:58,01:01,,,EARLY,ONTIME,ONTIME,,,,,,,,,,HAN,,PUS,International,VJ,,
2026-03-19|VJ7704/VJ7704|A516|CXR-HAN-VVO|01:00,2026-03-19,VJ7704/VJ7704,A516,A321,CXR-HAN-VVO,00:30,01:00,00:30,01:00,00:45,01:14,01:15,01:25,00:30,00:30,DELAY,ONTIME,DELAY,ONTIME,,93,00:15,,,,,,HAN,CXR,VVO,International,VJ,,
2026-03-19|VJ920|A543|HAN-NGO|01:35,2026-03-19,VJ920,A543,A321,HAN-NGO,,01:35,,01:35,,01:34,01:35,01:45,,,ONTIME,ONTIME,ONTIME,,,,,,,,,,HAN,,NGO,International,VJ,,
2026-03-19|VJ938|A534|HAN-KIX|01:40,2026-03-19,VJ938,A534,A321,HAN-KIX,,01:40,,01:40,,01:39,01:40,01:42,,,ONTIME,ONTIME,ONTIME,,,,,,,,,,HAN,,KIX,International,VJ,,
2026-03-19|VJ960|A551|HAN-ICN|01:45,2026-03-19,VJ960,A551,A321,HAN-ICN,,01:45,,01:45,,01:43,01:45,01:50,,,ONTIME,ONTIME,ONTIME,,,,,,,,,,HAN,,ICN,International,VJ,,
2026-03-19|VJ958|A634|HAN-FUK|02:05,2026-03-19,VJ958,A634,A321,HAN-FUK,,02:05,,02:05,,01:55,01:56,01:58,,,EARLY,ONTIME,ONTIME,,,,,,,,,,HAN,,FUK,International,VJ,,
2026-03-19|VJ185|A647|HAN-SGN|05:10,2026-03-19,VJ185,A647,A321,HAN-SGN,,05:10,,05:10,,05:04,05:05,05:10,,,EARLY,ONTIME,ONTIME,,,,,,,,,,HAN,,SGN,Domestic,VJ,,
2026-03-19|VJ461|A676|HAN-VCA|05:30,2026-03-19,VJ461,A676,A320,HAN-VCA,,05:30,,05:30,,05:24,05:25,05:35,,,EARLY,ONTIME,ONTIME,,,,,,,,,,HAN,,VCA,Domestic,VJ,,
2026-03-19|VJ443|A554|HAN-PQC|06:00,2026-03-19,VJ443,A554,A321,HAN-PQC,,06:00,,06:00,,05:54,05:55,06:07,,,EARLY,ONTIME,ONTIME,,,,,,,,,,HAN,,PQC,Domestic,VJ,,
2026-03-19|VJ503|A545|HAN-DAD|06:00,2026-03-19,VJ503,A545,A321,HAN-DAD,,06:00,,06:00,,05:54,05:55,06:09,,,EARLY,ONTIME,ONTIME,,,,,,,,,,HAN,,DAD,Domestic,VJ,,
2026-03-19|VJ491|A657|HAN-BMV|06:00,2026-03-19,VJ491,A657,A321,HAN-BMV,,06:00,,06:00,,05:54,05:55,05:56,,,EARLY,ONTIME,ONTIME,,,,,,,,,,HAN,,BMV,Domestic,VJ,,
2026-03-19|VJ421|A552|HAN-PXU|06:05,2026-03-19,VJ421,A552,A321,HAN-PXU,,06:05,,06:05,,05:59,06:00,06:11,,,EARLY,ONTIME,ONTIME,,,,,,,,,,HAN,,PXU,Domestic,VJ,,
2026-03-19|VJ952|A663|HAN-HIJ|06:35,2026-03-19,VJ952,A663,A320,HAN-HIJ,,06:35,,06:35,,06:28,06:30,06:30,,,EARLY,ONTIME,ONTIME,,,,,,,,,,HAN,,HIJ,International,VJ,,
2026-03-19|VJ105|652G|HAN-VCS|06:45,2026-03-19,VJ105,652G,C909,HAN-VCS,,06:45,,06:45,,06:39,06:40,06:52,,,EARLY,ONTIME,ONTIME,,,,,,,,,,HAN,,VCS,Domestic,VJ,,
2026-03-19|VJ905|A697|HAN-KUL|07:10,2026-03-19,VJ905,A697,A321,HAN-KUL,,07:10,,07:10,,07:04,07:05,07:15,,,EARLY,ONTIME,ONTIME,,,,,,,,,,HAN,,KUL,International,VJ,,
2026-03-19|VJ7713/VJ431|A666|PKX-HAN-UIH|07:10,2026-03-19,VJ7713/VJ431,A666,A320,PKX-HAN-UIH,04:10,07:10,04:10,07:10,04:04,07:04,07:05,07:11,03:00,03:01,EARLY,ONTIME,ONTIME,ONTIME,,,,,,,,,HAN,PKX,UIH,Domestic,VJ,,
2026-03-19|VJ7239/VJ956|A699|PVG-HAN-PUS|07:30,2026-03-19,VJ7239/VJ956,A699,A320,PVG-HAN-PUS,05:15,07:30,05:15,07:30,05:15,07:29,07:30,07:35,02:15,02:15,ONTIME,ONTIME,ONTIME,ONTIME,,,,,,,,,HAN,PVG,PUS,International,VJ,,
2026-03-19|VJ940|A542|HAN-TPE|07:35,2026-03-19,VJ940,A542,A321,HAN-TPE,,07:35,,07:35,,07:34,07:35,07:44,,,ONTIME,ONTIME,ONTIME,,,,,,,,,,HAN,,TPE,International,VJ,,
2026-03-19|VJ1926/VJ181|A656|AMD-HAN-SGN|07:35,2026-03-19,VJ1926/VJ181,A656,A320,AMD-HAN-SGN,06:20,07:35,06:20,07:35,05:28,07:29,07:30,07:36,01:15,02:02,EARLY,ONTIME,ONTIME,ONTIME,,,,,,,,,HAN,AMD,SGN,Domestic,VJ,,
2026-03-19|VJ7527/VJ771|A635|CAN-HAN-CXR|07:35,2026-03-19,VJ7527/VJ771,A635,A321,CAN-HAN-CXR,04:35,07:35,04:35,07:35,04:26,07:26,07:27,07:28,03:00,03:01,EARLY,ONTIME,ONTIME,ONTIME,,,,,,,,,HAN,CAN,CXR,Domestic,VJ,,
2026-03-19|VJ107|656E|HAN-VCS|08:15,2026-03-19,VJ107,656E,C909,HAN-VCS,,08:15,,08:15,,08:09,08:10,08:19,,,EARLY,ONTIME,ONTIME,,,,,,,,,,HAN,,VCS,Domestic,VJ,,
2026-03-19|VJ930|A546|HAN-KIX|08:20,2026-03-19,VJ930,A546,A321,HAN-KIX,,08:20,,08:20,,08:19,08:20,08:25,,,ONTIME,ONTIME,ONTIME,,,,,,,,,,HAN,,KIX,International,VJ,,
2026-03-19|VJ910/VJ934|A575|BOM-HAN-NRT|08:20,2026-03-19,VJ910/VJ934,A575,A321,BOM-HAN-NRT,06:40,08:20,06:40,08:20,06:35,08:19,08:20,08:30,01:40,01:45,ONTIME,ONTIME,ONTIME,ONTIME,,,,,,,,,HAN,BOM,NRT,International,VJ,,
2026-03-19|VJ929|A677|HAN-CGK|08:40,2026-03-19,VJ929,A677,A321,HAN-CGK,,08:40,,08:40,,08:26,08:27,08:40,,,EARLY,ONTIME,ONTIME,,,,,,,,,,HAN,,CGK,International,VJ,,
2026-03-19|VJ124/VJ125|A673|SGN-HAN-SGN|08:40,2026-03-19,VJ124/VJ125,A673,A321,SGN-HAN-SGN,07:50,08:40,07:50,08:40,07:55,08:39,08:40,08:44,00:50,00:45,ONTIME,ONTIME,ONTIME,ONTIME,,,,,,,,,HAN,SGN,SGN,Domestic,VJ,,
2026-03-19|VJ773|A815|HAN-CXR|08:55,2026-03-19,VJ773,A815,A330,HAN-CXR,,08:55,,08:55,,08:54,08:55,09:05,,,ONTIME,ONTIME,ONTIME,,,,,,,,,,HAN,,CXR,Domestic,VJ,,
2026-03-19|VJ126/VJ127|A674|SGN-HAN-SGN|08:55,2026-03-19,VJ126/VJ127,A674,A321,SGN-HAN-SGN,08:25,08:55,08:25,08:55,08:40,09:09,09:10,09:20,00:30,00:30,DELAY,ONTIME,DELAY,ONTIME,,93,00:15,,,,,,HAN,SGN,SGN,Domestic,VJ,,
2026-03-19|VJ139|A820|HAN-SGN|09:25,2026-03-19,VJ139,A820,A321,HAN-SGN,,09:25,,09:25,,09:20,09:21,09:30,,,EARLY,ONTIME,ONTIME,,,,,,,,,,HAN,,SGN,Domestic,VJ,,
2026-03-19|VJ504/VJ915|A545|DAD-HAN-SIN|09:35,2026-03-19,VJ504/VJ915,A545,A321,DAD-HAN-SIN,09:00,09:35,09:00,10:15,09:35,10:19,10:20,10:30,01:15,00:45,DELAY,ONTIME,DELAY,DELAY,,66,00:05,,,,,CREW HN OB 0953,HAN,DAD,SIN,International,VJ,,
2026-03-19|VJ149|-NVG|HAN-SGN|10:05,2026-03-19,VJ149,-NVG,A320,HAN-SGN,,10:05,,10:05,,10:04,10:05,10:10,,,ONTIME,ONTIME,ONTIME,,,,,,,,,,HAN,,SGN,Domestic,VJ,,
2026-03-19|VJ422/VJ567|A552|PXU-HAN-HUI|10:10,2026-03-19,VJ422/VJ567,A552,A321,PXU-HAN-HUI,09:40,10:10,09:40,10:10,09:45,10:09,10:10,10:19,00:30,00:25,ONTIME,ONTIME,ONTIME,ONTIME,,,,,,,,,HAN,PXU,HUI,Domestic,VJ,,
2026-03-19|VJ524/VJ507|A643|DAD-HAN-DAD|10:30,2026-03-19,VJ524/VJ507,A643,A321,DAD-HAN-DAD,07:40,10:30,07:40,10:30,07:35,10:21,10:22,10:30,02:50,02:47,EARLY,ONTIME,ONTIME,ONTIME,,,,,,,,,HAN,DAD,DAD,Domestic,VJ,,
2026-03-19|VJ492/VJ463|A657|BMV-HAN-VCA|10:30,2026-03-19,VJ492/VJ463,A657,A321,BMV-HAN-VCA,10:00,10:30,10:00,10:30,09:55,10:29,10:30,10:38,00:30,00:35,ONTIME,ONTIME,ONTIME,ONTIME,,,,,,,,,HAN,BMV,VCA,Domestic,VJ,,
2026-03-19|VJ148/VJ135|A644|SGN-HAN-SGN|11:10,2026-03-19,VJ148/VJ135,A644,A321,SGN-HAN-SGN,09:30,11:10,09:30,11:10,09:40,11:04,11:05,11:07,01:40,01:25,EARLY,ONTIME,ONTIME,ONTIME,,,,,,,,,HAN,SGN,SGN,Domestic,VJ,,
2026-03-19|VJ132/VJ137|A689|SGN-HAN-SGN|11:40,2026-03-19,VJ132/VJ137,A689,A320,SGN-HAN-SGN,11:10,11:40,11:10,11:40,11:25,11:49,11:50,11:55,00:30,00:25,DELAY,ONTIME,ONTIME,ONTIME,,93,00:10,,,,,,HAN,SGN,SGN,Domestic,VJ,,
2026-03-19|VJ963/VJ946|A526|ICN-HAN-KHH|11:45,2026-03-19,VJ963/VJ946,A526,A321,ICN-HAN-KHH,09:30,11:45,09:30,11:45,09:25,11:44,11:45,11:48,02:15,02:20,ONTIME,ONTIME,ONTIME,ONTIME,,,,,,,,,HAN,ICN,KHH,International,VJ,,
2026-03-19|VJ136/VJ901|A693|SGN-HAN-BKK|12:15,2026-03-19,VJ136/VJ901,A693,A321,SGN-HAN-BKK,10:40,12:15,10:40,12:15,11:25,12:14,12:15,12:25,01:35,00:50,ONTIME,ONTIME,ONTIME,DELAY,,,,,,,,,HAN,SGN,BKK,International,VJ,,
2026-03-19|VJ430/VJ441|A666|UIH-HAN-PQC|12:25,2026-03-19,VJ430/VJ441,A666,A320,UIH-HAN-PQC,10:55,12:25,10:55,12:25,10:50,12:21,12:22,12:26,01:30,01:32,EARLY,ONTIME,ONTIME,ONTIME,,,,,,,,,HAN,UIH,PQC,Domestic,VJ,,
2026-03-19|VJ981/VJ781|A640|PUS-HAN-CXR|13:00,2026-03-19,VJ981/VJ781,A640,A321,PUS-HAN-CXR,11:00,13:00,11:00,13:00,11:15,12:59,13:00,13:10,02:00,01:45,ONTIME,ONTIME,ONTIME,ONTIME,,,,,,,,,HAN,PUS,CXR,Domestic,VJ,,
2026-03-19|VJ7705/VJ7705|A516|VVO-HAN-CXR|13:30,2026-03-19,VJ7705/VJ7705,A516,A321,VVO-HAN-CXR,13:00,13:30,13:00,13:50,13:25,13:54,13:55,14:00,00:50,00:30,DELAY,ONTIME,DELAY,DELAY,,93,00:05,,,,,,HAN,VVO,CXR,Domestic,VJ,,
2026-03-19|VJ442/VJ948|A554|PQC-HAN-RMQ|13:30,2026-03-19,VJ442/VJ948,A554,A321,PQC-HAN-RMQ,10:45,13:30,10:45,13:30,11:00,13:26,13:27,13:30,02:45,02:27,EARLY,ONTIME,ONTIME,ONTIME,,,,,,,,,HAN,PQC,RMQ,International,VJ,,
2026-03-19|VJ959/VJ513|A634|FUK-HAN-DAD|13:35,2026-03-19,VJ959/VJ513,A634,A321,FUK-HAN-DAD,12:25,13:35,12:25,13:35,11:45,13:24,13:25,13:28,01:10,01:40,EARLY,ONTIME,ONTIME,ONTIME,,,,,,,,,HAN,FUK,DAD,Domestic,VJ,,
2026-03-19|VJ770/VJ511|A635|CXR-HAN-DAD|14:20,2026-03-19,VJ770/VJ511,A635,A321,CXR-HAN-DAD,11:45,14:20,11:45,14:20,12:12,14:34,14:35,14:35,02:35,02:23,DELAY,ONTIME,ONTIME,DELAY,,95,00:15,,,,,CREW 508 OB 1405,HAN,CXR,DAD,Domestic,VJ,,
2026-03-19|VJ939/VJ942|A534|KIX-HAN-TPE|14:25,2026-03-19,VJ939/VJ942,A534,A321,KIX-HAN-TPE,13:05,14:25,13:05,14:25,13:10,14:14,14:15,14:20,01:20,01:05,EARLY,ONTIME,ONTIME,ONTIME,,,,,,,,,HAN,KIX,TPE,International,VJ,,
2026-03-19|VJ566/VJ1491|A552|HUI-HAN-BMV|14:35,2026-03-19,VJ566/VJ1491,A552,A321,HUI-HAN-BMV,13:05,14:35,13:05,14:35,13:25,14:24,14:25,14:31,01:30,01:00,EARLY,ONTIME,ONTIME,DELAY,,,,,,,,,HAN,HUI,BMV,Domestic,VJ,,
2026-03-19|VJ440/VJ433|A658|PQC-HAN-UIH|15:25,2026-03-19,VJ440/VJ433,A658,A320,PQC-HAN-UIH,11:55,15:25,11:55,15:25,12:00,15:19,15:20,15:30,03:30,03:20,EARLY,ONTIME,ONTIME,ONTIME,,,,,,,,,HAN,PQC,UIH,Domestic,VJ,,
2026-03-19|VJ921/VJ1441|A543|NGO-HAN-PQC|15:30,2026-03-19,VJ921/VJ1441,A543,A321,NGO-HAN-PQC,13:40,15:30,13:40,15:30,13:25,15:26,15:27,15:32,01:50,02:02,EARLY,ONTIME,ONTIME,ONTIME,,,,,,,,,HAN,NGO,PQC,Domestic,VJ,,
2026-03-19|VJ780/VJ199|A537|CXR-HAN-SGN|15:35,2026-03-19,VJ780/VJ199,A537,A321,CXR-HAN-SGN,12:45,15:35,12:45,15:35,13:03,15:34,15:35,15:40,02:50,02:32,ONTIME,ONTIME,ONTIME,DELAY,,,,,,,,,HAN,CXR,SGN,Domestic,VJ,,
2026-03-19|VJ961/VJ191|A551|SGN-HAN-SGN|15:55,2026-03-19,VJ961/VJ191,A551,A321,SGN-HAN-SGN,15:10,15:55,15:10,15:55,14:30,15:54,15:55,15:58,00:45,01:25,ONTIME,ONTIME,ONTIME,ONTIME,,,,,,,,,HAN,SGN,SGN,Domestic,VJ,,
2026-03-19|VJ941/VJ423|A542|TPE-HAN-PXU|15:55,2026-03-19,VJ941/VJ423,A542,A321,TPE-HAN-PXU,14:10,15:55,14:10,15:55,14:30,15:54,15:55,15:55,01:45,01:25,ONTIME,ONTIME,ONTIME,DELAY,,,,,,,,,HAN,TPE,PXU,Domestic,VJ,,
2026-03-19|VJ142/VJ195|A820|SGN-HAN-SGN|16:00,2026-03-19,VJ142/VJ195,A820,A321,SGN-HAN-SGN,14:50,16:00,14:50,16:00,15:15,15:59,16:00,16:10,01:10,00:45,ONTIME,ONTIME,ONTIME,DELAY,,,,,,,,,HAN,SGN,SGN,Domestic,VJ,,
2026-03-19|VJ906/VJ913|A697|KUL-HAN-SAI|16:20,2026-03-19,VJ906/VJ913,A697,A321,KUL-HAN-SAI,14:55,16:20,14:55,16:20,14:55,16:09,16:10,16:20,01:25,01:15,EARLY,ONTIME,ONTIME,ONTIME,,,,,,,,,HAN,KUL,SAI,International,VJ,,
2026-03-19|VJ508/VJ515|A643|DAD-HAN-DAD|16:25,2026-03-19,VJ508/VJ515,A643,A321,DAD-HAN-DAD,13:40,16:25,13:40,16:25,14:00,16:34,16:35,17:05,02:45,02:35,DELAY,ONTIME,DELAY,DELAY,,15A,00:10,,,,,OFFLOAD 04PAX+02BAG,HAN,DAD,DAD,Domestic,VJ,,
2026-03-19|VJ147|A600|HAN-SGN|17:10,2026-03-19,VJ147,A600,A321,HAN-SGN,,17:10,,17:10,,17:09,17:10,17:20,,,ONTIME,ONTIME,ONTIME,,,,,,,,,,HAN,,SGN,Domestic,VJ,,
2026-03-19|VJ134/VJ163|-MLI|SGN-HAN-SGN|17:20,2026-03-19,VJ134/VJ163,-MLI,A320,SGN-HAN-SGN,16:50,17:20,16:50,17:20,17:00,17:24,17:25,17:35,00:30,00:25,DELAY,ONTIME,ONTIME,ONTIME,,93,00:05,,,,,,HAN,SGN,SGN,Domestic,VJ,,
2026-03-19|VJ198/VJ465|A674|VCA-HAN-VCA|17:35,2026-03-19,VJ198/VJ465,A674,A321,VCA-HAN-VCA,15:10,17:35,15:20,17:35,15:25,17:32,17:33,17:35,02:15,02:08,EARLY,ONTIME,ONTIME,ONTIME,,,,,,,,,HAN,VCA,VCA,Domestic,VJ,,
2026-03-19|VJ784/VJ783|A640|CXR-HAN-CXR|17:40,2026-03-19,VJ784/VJ783,A640,A321,CXR-HAN-CXR,17:10,17:40,17:10,17:40,17:55,18:24,18:25,18:47,00:30,00:30,DELAY,DELAY,DELAY,DELAY,,93,00:45,,,,,,HAN,CXR,CXR,Domestic,VJ,,
2026-03-19|VJ462/VJ445|A676|VCA-HAN-PQC|17:40,2026-03-19,VJ462/VJ445,A676,A320,VCA-HAN-PQC,15:40,17:40,15:40,17:40,15:45,17:39,17:40,17:48,02:00,01:55,ONTIME,ONTIME,ONTIME,ONTIME,,,,,,,,,HAN,VCA,PQC,Domestic,VJ,,
2026-03-19|VJ512/VJ779|A629|DAD-HAN-CXR|18:00,2026-03-19,VJ512/VJ779,A629,A321,DAD-HAN-CXR,17:30,18:00,17:30,18:00,17:40,18:04,18:05,18:10,00:30,00:25,DELAY,ONTIME,ONTIME,ONTIME,,93,00:05,,,,,,HAN,DAD,CXR,Domestic,VJ,,
2026-03-19|VJ514/VJ193|A634|DAD-HAN-SGN|18:10,2026-03-19,VJ514/VJ193,A634,A321,DAD-HAN-SGN,16:45,18:10,16:45,18:10,16:45,18:04,18:05,18:15,01:25,01:20,EARLY,ONTIME,ONTIME,ONTIME,,,,,,,,,HAN,DAD,SGN,Domestic,VJ,,
2026-03-19|VJ957/VJ165|A699|PUS-HAN-SGN|18:30,2026-03-19,VJ957/VJ165,A699,A320,PUS-HAN-SGN,17:20,18:30,17:20,18:30,17:10,18:22,18:23,18:40,01:10,01:13,EARLY,ONTIME,ONTIME,ONTIME,,,,,,,,,HAN,PUS,SGN,Domestic,VJ,,
2026-03-19|VJ953/VJ1925|A663|HIJ-HAN-AMD|19:00,2026-03-19,VJ953/VJ1925,A663,A320,HIJ-HAN-AMD,16:20,19:00,16:20,19:00,16:45,18:54,18:55,19:00,02:40,02:10,EARLY,ONTIME,ONTIME,DELAY,,,,,,,,,HAN,HIJ,AMD,International,VJ,,
2026-03-19|VJ1492/VJ517|A643|BMV-HAN-DAD|19:05,2026-03-19,VJ1492/VJ517,A643,A321,BMV-HAN-DAD,18:35,19:05,18:35,19:05,18:40,19:09,19:10,19:28,00:30,00:30,DELAY,ONTIME,DELAY,ONTIME,,93,00:05,,,,,,HAN,BMV,DAD,Domestic,VJ,,
2026-03-19|VJ194/VJ173|A655|SGN-HAN-SGN|19:05,2026-03-19,VJ194/VJ173,A655,A320,SGN-HAN-SGN,17:30,19:05,17:30,19:05,17:25,19:04,19:05,19:15,01:35,01:40,ONTIME,ONTIME,ONTIME,ONTIME,,,,,,,,,HAN,SGN,SGN,Domestic,VJ,,
2026-03-19|VJ971|A811|HAN-DEL|19:10,2026-03-19,VJ971,A811,A330,HAN-DEL,,19:10,,19:10,,19:09,19:10,19:32,,,ONTIME,ONTIME,DELAY,,,,,,,,,,HAN,,DEL,International,VJ,,
2026-03-19|VJ460/VJ569|Â657|VCA-HAN-HUI|19:15,2026-03-19,VJ460/VJ569,Â657,A321,VCA-HAN-HUI,15:20,19:15,15:20,19:15,16:00,19:09,19:10,19:22,03:55,03:10,EARLY,ONTIME,ONTIME,DELAY,,,,,,,,,HAN,VCA,HUI,Domestic,VJ,,
2026-03-19|VJ916/VJ519|A545|SIN-HAN-DAD|19:45,2026-03-19,VJ916/VJ519,A545,A321,SIN-HAN-DAD,17:25,19:45,17:55,19:45,17:58,20:29,20:30,20:35,01:50,02:32,DELAY,DELAY,DELAY,DELAY,,63A,00:45,,,,,CAPT SHOW UP LATE OB 2028,HAN,SIN,DAD,Domestic,VJ,,
2026-03-19|VJ446/VJ7712|A669|PQC-HAN-PKX|20:05,2026-03-19,VJ446/VJ7712,A669,A320,PQC-HAN-PKX,17:10,20:05,17:10,20:05,17:30,19:59,20:00,20:04,02:55,02:30,EARLY,ONTIME,ONTIME,DELAY,,,,,,,,,HAN,PQC,PKX,International,VJ,,
2026-03-19|VJ424/VJ155|A542|PXU-HAN-SGN|20:10,2026-03-19,VJ424/VJ155,A542,A321,PXU-HAN-SGN,19:35,20:10,19:35,21:50,21:05,21:44,21:45,21:47,02:15,00:40,EARLY,ONTIME,DELAY,DELAY,,,,,,,,,HAN,PXU,SGN,Domestic,VJ,,
2026-03-19|VJ516/VJ501|A643|DAD-HAN-DAD|20:15,2026-03-19,VJ516/VJ501,A643,A321,DAD-HAN-DAD,19:35,20:15,19:35,20:15,20:40,21:14,21:15,21:24,00:40,00:35,DELAY,DELAY,DELAY,DELAY,,93,00:55,87,00:05,,,STUCK AT PBB,HAN,DAD,DAD,Domestic,VJ,,
2026-03-19|VJ931/VJ7238|A546|KIX-HAN-PVG|21:30,2026-03-19,VJ931/VJ7238,A546,A321,KIX-HAN-PVG,19:15,21:30,19:15,21:30,19:15,21:19,21:20,21:28,02:15,02:05,EARLY,ONTIME,ONTIME,ONTIME,,,,,,,,,HAN,KIX,PVG,International,VJ,,
2026-03-19|VJ160/VJ161|A673|SGN-HAN-SGN|21:50,2026-03-19,VJ160/VJ161,A673,A321,SGN-HAN-SGN,21:15,21:50,21:15,21:50,21:25,21:54,21:55,22:00,00:35,00:30,DELAY,ONTIME,ONTIME,ONTIME,,93,00:05,,,,,,HAN,SGN,SGN,Domestic,VJ,,
2026-03-19|VJ464/VJ523|A674|VCA-HAN-DAD|22:45,2026-03-19,VJ464/VJ523,A674,A321,VCA-HAN-DAD,22:15,22:45,22:15,23:30,22:40,23:44,23:45,23:53,01:15,01:05,DELAY,ONTIME,DELAY,DELAY,,61,00:15,,,,,CHANGE FPL,HAN,VCA,DAD,Domestic,VJ,,
2026-03-19|VJ935/VJ962|A575|NRT-HAN-ICN|22:50,2026-03-19,VJ935/VJ962,A575,A321,NRT-HAN-ICN,20:55,22:50,20:55,22:50,21:12,22:49,22:50,22:53,01:55,01:38,ONTIME,ONTIME,ONTIME,DELAY,,,,,,,,,HAN,NRT,ICN,International,VJ,,
2026-03-19|VJ180/VJ171|A642|SGN-HAN-SGN|23:25,2026-03-19,VJ180/VJ171,A642,A321,SGN-HAN-SGN,22:25,23:25,22:25,23:25,22:35,23:19,23:20,23:25,01:00,00:45,EARLY,ONTIME,ONTIME,ONTIME,,,,,,,,,HAN,SGN,SGN,Domestic,VJ,,
2026-03-19|VJ3525/VJ3525|A537|PQC-HAN-BQS|23:30,2026-03-19,VJ3525/VJ3525,A537,A321,PQC-HAN-BQS,23:00,23:30,23:00,23:30,23:05,23:34,23:35,23:45,00:30,00:30,DELAY,ONTIME,ONTIME,ONTIME,,93,00:05,,,,,,HAN,PQC,BQS,International,VJ,,
2026-03-19|VJ568/VJ7526|A657|HUI-HAN-CAN|23:40,2026-03-19,VJ568/VJ7526,A657,A321,HUI-HAN-CAN,22:15,23:40,22:15,23:40,22:30,23:39,23:40,23:40,01:25,01:10,ONTIME,ONTIME,ONTIME,ONTIME,,,,,,,,,HAN,HUI,CAN,International,VJ,,
2026-03-20|VJ932|A607|HAN-NRT|00:55,2026-03-20,VJ932,A607,A321,HAN-NRT,,00:55,,00:55,,00:54,00:55,01:03,,,ONTIME,ONTIME,ONTIME,,,,,,,,,,HAN,,NRT,International,VJ,,
2026-03-20|VJ982|A677|HAN-PUS|01:00,2026-03-20,VJ982,A677,A321,HAN-PUS,,01:00,,01:00,,00:59,01:00,01:12,,,ONTIME,ONTIME,ONTIME,,,,,,,,,,HAN,,PUS,International,VJ,,
2026-03-20|VJ920|A545|HAN-NGO|01:35,2026-03-20,VJ920,A545,A321,HAN-NGO,,01:35,,01:35,,01:29,01:30,01:30,,,EARLY,ONTIME,ONTIME,,,,,,,,,,HAN,,NGO,International,VJ,,
2026-03-20|VJ938|A526|HAN-KIX|01:40,2026-03-20,VJ938,A526,A321,HAN-KIX,,01:40,,01:40,,01:36,01:37,01:41,,,EARLY,ONTIME,ONTIME,,,,,,,,,,HAN,,KIX,International,VJ,,
2026-03-20|VJ960|A543|HAN-ICN|01:45,2026-03-20,VJ960,A543,A321,HAN-ICN,,01:45,,01:45,,01:34,01:35,01:42,,,EARLY,ONTIME,ONTIME,,,,,,,,,,HAN,,ICN,International,VJ,,
2026-03-20|VJ185|A655|HAN-SGN|05:10,2026-03-20,VJ185,A655,A320,HAN-SGN,,05:10,,05:10,,05:04,05:05,05:18,,,EARLY,ONTIME,ONTIME,,,,,,,,,,HAN,,SGN,Domestic,VJ,,
2026-03-20|VJ509|A554|HAN-DAD|05:25,2026-03-20,VJ509,A554,A321,HAN-DAD,,05:25,,05:25,,05:54,05:55,05:55,,,DELAY,DELAY,DELAY,,,49,00:30,,,,,CAPT REQUEST UPDATE E-TECHLOG/FPL,HAN,,DAD,Domestic,VJ,,
2026-03-20|VJ7713/VJ461|A669|PKX-HAN-VCA|05:30,2026-03-20,VJ7713/VJ461,A669,A320,PKX-HAN-VCA,04:10,05:30,04:10,05:30,,05:24,05:25,06:35,01:20,,EARLY,ONTIME,DELAY,ONTIME,,,,,,,,,HAN,PKX,VCA,Domestic,VJ,,
2026-03-20|VJ503|A629|HAN-DAD|05:55,2026-03-20,VJ503,A629,A321,HAN-DAD,,05:55,,05:55,,05:49,05:50,05:55,,,EARLY,ONTIME,ONTIME,,,,,,,,,,HAN,,DAD,Domestic,VJ,,
2026-03-20|VJ443|A552|HAN-PQC|06:00,2026-03-20,VJ443,A552,A321,HAN-PQC,,06:00,,06:00,,05:54,05:55,06:15,,,EARLY,ONTIME,ONTIME,,,,,,,,,,HAN,,PQC,Domestic,VJ,,
2026-03-20|VJ7527/VJ491|A657|CAN-HAN-BMV|06:00,2026-03-20,VJ7527/VJ491,A657,A321,CAN-HAN-BMV,04:35,06:00,04:35,06:00,04:05,05:53,05:55,06:03,01:25,01:50,EARLY,ONTIME,ONTIME,ONTIME,,,,,,,,,HAN,CAN,BMV,Domestic,VJ,,
2026-03-20|VJ421|A637|HAN-PXU|06:05,2026-03-20,VJ421,A637,A321,HAN-PXU,,06:05,,06:05,,05:59,06:00,06:15,,,EARLY,ONTIME,ONTIME,,,,,,,,,,HAN,,PXU,Domestic,VJ,,
2026-03-20|VJ181|A643|HAN-SGN|06:40,2026-03-20,VJ181,A643,A321,HAN-SGN,,06:40,,06:40,,06:34,06:35,06:40,,,EARLY,ONTIME,ONTIME,,,,,,,,,,HAN,,SGN,Domestic,VJ,,
2026-03-20|VJ105|652G|HAN-VCS|06:45,2026-03-20,VJ105,652G,C909,HAN-VCS,,06:45,,06:45,,06:34,06:35,06:00,,,EARLY,ONTIME,ONTIME,,,,,,,,,,HAN,,VCS,Domestic,VJ,,
2026-03-20|VJ1926/VJ431|A663|AMD-HAN-UIH|07:10,2026-03-20,VJ1926/VJ431,A663,A320,AMD-HAN-UIH,06:20,07:10,06:20,07:10,06:15,07:04,07:05,07:11,00:50,00:50,EARLY,ONTIME,ONTIME,ONTIME,,,,,,,,,HAN,AMD,UIH,Domestic,VJ,,
2026-03-20|VJ905|A516|HAN-KUL|07:10,2026-03-20,VJ905,A516,A321,HAN-KUL,,07:10,,07:10,,06:59,07:00,07:08,,,EARLY,ONTIME,ONTIME,,,,,,,,,,HAN,,KUL,International,VJ,,
2026-03-20|VJ956|A658|HAN-PUS|07:30,2026-03-20,VJ956,A658,A320,HAN-PUS,,07:30,,07:30,,07:24,07:25,07:33,,,EARLY,ONTIME,ONTIME,,,,,,,,,,HAN,,PUS,International,VJ,,
2026-03-20|VJ940|A535|HAN-TPE|07:35,2026-03-20,VJ940,A535,A321,HAN-TPE,,07:35,,07:35,,07:29,07:30,07:43,,,EARLY,ONTIME,ONTIME,,,,,,,,,,HAN,,TPE,International,VJ,,
2026-03-20|VJ7239/VJ771|A546|PVG-HAN-CXR|07:35,2026-03-20,VJ7239/VJ771,A546,A321,PVG-HAN-CXR,05:15,07:35,05:15,07:35,05:00,07:29,07:30,07:35,02:20,02:30,EARLY,ONTIME,ONTIME,ONTIME,,,,,,,,,HAN,PVG,CXR,Domestic,VJ,,
2026-03-20|VJ107|656E|HAN-VCS|08:15,2026-03-20,VJ107,656E,C909,HAN-VCS,,08:15,,08:15,,08:09,08:10,08:12,,,EARLY,ONTIME,ONTIME,,,,,,,,,,HAN,,VCS,Domestic,VJ,,
2026-03-20|VJ934|A653|HAN-NRT|08:20,2026-03-20,VJ934,A653,A321,HAN-NRT,,08:20,,08:20,,08:19,08:20,08:22,,,ONTIME,ONTIME,ONTIME,,,,,,,,,,HAN,,NRT,International,VJ,,
2026-03-20|VJ930|A693|HAN-KIX|08:20,2026-03-20,VJ930,A693,A321,HAN-KIX,,08:20,,08:20,,08:14,08:15,08:24,,,EARLY,ONTIME,ONTIME,,,,,,,,,,HAN,,KIX,International,VJ,,
2026-03-20|VJ124/VJ125|A524|SGN-HAN-SGN|08:40,2026-03-20,VJ124/VJ125,A524,A321,SGN-HAN-SGN,07:50,08:40,07:50,08:40,07:55,08:44,08:45,08:51,00:50,00:50,DELAY,ONTIME,ONTIME,ONTIME,,15A,00:05,,,,,OFFLOAD 6PAX 2BAGS,HAN,SGN,SGN,Domestic,VJ,,
2026-03-20|VJ929|A697|HAN-CGK|08:40,2026-03-20,VJ929,A697,A321,HAN-CGK,,08:40,,08:40,,08:39,08:40,08:49,,,ONTIME,ONTIME,ONTIME,,,,,,,,,,HAN,,CGK,International,VJ,,
2026-03-20|VJ126/VJ127|A683|SGN-HAN-SGN|08:55,2026-03-20,VJ126/VJ127,A683,A321,SGN-HAN-SGN,08:25,08:55,10:00,11:25,10:55,11:24,11:25,11:34,01:25,00:30,ONTIME,ONTIME,DELAY,DELAY,,,,,,,,,HAN,SGN,SGN,Domestic,VJ,,
2026-03-20|VJ524/VJ527|A698|DAD-HAN-DAD|09:30,2026-03-20,VJ524/VJ527,A698,A321,DAD-HAN-DAD,07:40,09:30,07:40,09:30,07:45,09:27,09:28,09:30,01:50,01:43,EARLY,ONTIME,ONTIME,ONTIME,,,,,,,,,HAN,DAD,DAD,Domestic,VJ,,
2026-03-20|VJ139|A820|HAN-SGN|09:30,2026-03-20,VJ139,A820,A321,HAN-SGN,,09:30,,09:30,,09:29,09:30,09:33,,,ONTIME,ONTIME,ONTIME,,,,,,,,,,HAN,,SGN,Domestic,VJ,,
2026-03-20|VJ915|A534|HAN-SIN|09:35,2026-03-20,VJ915,A534,A321,HAN-SIN,,09:35,,09:35,,09:29,09:30,09:35,,,EARLY,ONTIME,ONTIME,,,,,,,,,,HAN,,SIN,International,VJ,,
2026-03-20|VJ510/VJ997|A554|DAD-HAN-DPS|10:00,2026-03-20,VJ510/VJ997,A554,A321,DAD-HAN-DPS,08:35,10:00,08:35,10:30,09:55,10:39,10:40,10:55,01:55,00:45,DELAY,ONTIME,DELAY,DELAY,,66,00:10,,,,,CREW HN OB 1008,HAN,DAD,DPS,International,VJ,,
2026-03-20|VJ148/VJ149|-MLN|SGN-HAN-SGN|10:05,2026-03-20,VJ148/VJ149,-MLN,A320,SGN-HAN-SGN,09:30,10:05,09:30,10:05,09:55,10:19,10:20,10:29,00:35,00:25,DELAY,ONTIME,DELAY,DELAY,,93,00:15,,,,,,HAN,SGN,SGN,Domestic,VJ,,
2026-03-20|VJ422/VJ567|A637|PXU-HAN-HUI|10:10,2026-03-20,VJ422/VJ567,A637,A321,PXU-HAN-HUI,09:40,10:10,09:40,10:10,10:00,10:28,10:29,10:35,00:30,00:29,DELAY,DELAY,DELAY,DELAY,,93,00:19,,,,,,HAN,PXU,HUI,Domestic,VJ,,
2026-03-20|VJ492/VJ507|A657|BMV-HAN-DAD|10:30,2026-03-20,VJ492/VJ507,A657,A321,BMV-HAN-DAD,10:00,10:30,10:00,10:30,10:10,10:39,10:40,10:55,00:30,00:30,DELAY,ONTIME,DELAY,ONTIME,,93,00:10,,,,,,HAN,BMV,DAD,Domestic,VJ,,
2026-03-20|VJ176/VJ463|A544|SGN-HAN-VCA|10:30,2026-03-20,VJ176/VJ463,A544,A321,SGN-HAN-VCA,09:00,10:30,09:00,10:30,09:15,10:24,10:25,10:30,01:30,01:10,EARLY,ONTIME,ONTIME,ONTIME,,,,,,,,,HAN,SGN,VCA,Domestic,VJ,,
2026-03-20|VJ963/VJ775|A645|ICN-HAN-CXR|10:40,2026-03-20,VJ963/VJ775,A645,A321,ICN-HAN-CXR,09:30,10:40,09:30,10:40,09:10,10:32,10:34,10:50,01:10,01:24,EARLY,ONTIME,ONTIME,ONTIME,,,,,,,,,HAN,ICN,CXR,Domestic,VJ,,
2026-03-20|VJ504/VJ135|A629|DAD-HAN-SGN|11:10,2026-03-20,VJ504/VJ135,A629,A321,DAD-HAN-SGN,09:00,11:10,09:00,11:10,09:17,11:09,11:10,11:18,02:10,01:53,ONTIME,ONTIME,ONTIME,DELAY,,,,,,,,,HAN,DAD,SGN,Domestic,VJ,,
2026-03-20|VJ442/VJ946|A552|PQC-HAN-KHH|11:45,2026-03-20,VJ442/VJ946,A552,A321,PQC-HAN-KHH,10:45,11:45,10:45,11:45,11:05,11:48,11:50,11:58,01:00,00:45,DELAY,ONTIME,ONTIME,DELAY,,66,00:05,,,,,CREW HN OB 1120,HAN,PQC,KHH,International,VJ,,
2026-03-20|VJ3526/VJ3526|A537|BQS-HAN-PQC|12:10,2026-03-20,VJ3526/VJ3526,A537,A321,BQS-HAN-PQC,11:40,12:10,11:40,12:30,12:05,12:33,12:35,12:40,00:50,00:30,DELAY,ONTIME,DELAY,DELAY,,93,00:05,,,,,,HAN,BQS,PQC,Domestic,VJ,,
2026-03-20|VJ981/VJ901|A677|PUS-HAN-BKK|12:15,2026-03-20,VJ981/VJ901,A677,A321,PUS-HAN-BKK,11:00,12:15,11:00,12:15,11:00,12:03,12:04,12:06,01:15,01:04,EARLY,ONTIME,ONTIME,ONTIME,,,,,,,,,HAN,PUS,BKK,International,VJ,,
2026-03-20|VJ136/VJ441|A655|SGN-HAN-PQC|12:25,2026-03-20,VJ136/VJ441,A655,A320,SGN-HAN-PQC,10:40,12:25,10:40,12:25,10:55,12:15,12:16,12:20,01:45,01:21,EARLY,ONTIME,ONTIME,ONTIME,,,,,,,,,HAN,SGN,PQC,Domestic,VJ,,
2026-03-20|VJ132/VJ137|A500|SGN-HAN-SGN|12:30,2026-03-20,VJ132/VJ137,A500,A321,SGN-HAN-SGN,12:00,12:30,12:00,12:30,12:25,12:54,12:55,13:05,00:30,00:30,DELAY,DELAY,DELAY,DELAY,,93,00:25,,,,,,HAN,SGN,SGN,Domestic,VJ,,
2026-03-20|VJ770/VJ948|A546|CXR-HAN-RMQ|13:30,2026-03-20,VJ770/VJ948,A546,A321,CXR-HAN-RMQ,11:45,13:30,11:45,13:30,12:20,13:29,13:30,13:35,01:45,01:10,ONTIME,ONTIME,ONTIME,DELAY,,,,,,,,,HAN,CXR,RMQ,International,VJ,,
2026-03-20|VJ528/VJ513|A698|DAD-HAN-DAD|13:35,2026-03-20,VJ528/VJ513,A698,A321,DAD-HAN-DAD,12:40,13:35,12:40,13:35,13:00,13:33,13:35,13:45,00:55,00:35,ONTIME,ONTIME,ONTIME,DELAY,,,,,,,,,HAN,DAD,DAD,Domestic,VJ,,
2026-03-20|VJ143|A811|HAN-SGN|13:40,2026-03-20,VJ143,A811,A330,HAN-SGN,,13:40,,13:40,,13:39,13:40,13:50,,,ONTIME,ONTIME,ONTIME,,,,,,,,,,HAN,,SGN,Domestic,VJ,,
2026-03-20|VJ188/VJ151|-MLI|SGN-HAN-SGN|14:10,2026-03-20,VJ188/VJ151,-MLI,A320,SGN-HAN-SGN,13:35,14:10,14:25,15:25,15:20,15:44,15:45,15:51,01:00,00:25,DELAY,DELAY,DELAY,DELAY,,93,00:20,,,,,,HAN,SGN,SGN,Domestic,VJ,,
2026-03-20|VJ566/VJ511|A637|HUI-HAN-DAD|14:20,2026-03-20,VJ566/VJ511,A637,A321,HUI-HAN-DAD,13:05,14:20,13:05,14:20,13:50,14:29,14:30,14:40,01:15,00:40,DELAY,ONTIME,DELAY,DELAY,,66,00:10,,,,,CREW HN OB 1411,HAN,HUI,DAD,Domestic,VJ,,
2026-03-20|VJ939/VJ942|A526|KIX-HAN-TPE|14:25,2026-03-20,VJ939/VJ942,A526,A321,KIX-HAN-TPE,13:05,14:25,13:05,14:25,12:57,14:23,14:25,14:29,01:20,01:28,ONTIME,ONTIME,ONTIME,ONTIME,,,,,,,,,HAN,KIX,TPE,International,VJ,,
2026-03-20|VJ508/VJ1491|A657|DAD-HAN-BMV|14:35,2026-03-20,VJ508/VJ1491,A657,A321,DAD-HAN-BMV,13:40,14:35,13:40,15:10,14:35,15:09,15:10,15:23,01:30,00:35,ONTIME,ONTIME,DELAY,DELAY,,,,,,,,,HAN,DAD,BMV,Domestic,VJ,,
2026-03-20|VJ138/VJ153|A632|SGN-HAN-SGN|15:10,2026-03-20,VJ138/VJ153,A632,A321,SGN-HAN-SGN,14:40,15:10,15:00,16:05,15:50,16:16,16:17,16:25,01:05,00:27,DELAY,ONTIME,DELAY,DELAY,,93,00:12,,,,,,HAN,SGN,SGN,Domestic,VJ,,
2026-03-20|VJ430/VJ433|A663|UIH-HAN-UIH|15:25,2026-03-20,VJ430/VJ433,A663,A320,UIH-HAN-UIH,10:55,15:25,10:55,15:25,10:55,15:24,15:25,15:40,04:30,04:30,ONTIME,ONTIME,ONTIME,ONTIME,,,,,,,,,HAN,UIH,UIH,Domestic,VJ,,
2026-03-20|VJ961/VJ1441|A543|ICN-HAN-PQC|15:30,2026-03-20,VJ961/VJ1441,A543,A321,ICN-HAN-PQC,14:10,15:30,14:10,15:30,14:00,15:26,15:27,15:35,01:20,01:27,EARLY,ONTIME,ONTIME,ONTIME,,,,,,,,,HAN,ICN,PQC,Domestic,VJ,,
2026-03-20|VJ144/VJ145|A539|SGN-HAN-SGN|15:35,2026-03-20,VJ144/VJ145,A539,A321,SGN-HAN-SGN,14:10,15:35,14:10,15:35,14:35,15:39,15:40,15:45,01:25,01:05,DELAY,ONTIME,ONTIME,DELAY,,15A,00:05,,,,,OFFLOAD 5 PAX 3 BAGS,HAN,SGN,SGN,Domestic,VJ,,
2026-03-20|VJ933/VJ199|A607|NRT-HAN-SGN|15:35,2026-03-20,VJ933/VJ199,A607,A321,NRT-HAN-SGN,14:00,15:35,14:00,15:35,13:45,15:29,15:30,15:38,01:35,01:45,EARLY,ONTIME,ONTIME,ONTIME,,,,,,,,,HAN,NRT,SGN,Domestic,VJ,,
2026-03-20|VJ941/VJ903|A535|TPE-HAN-BKK|15:50,2026-03-20,VJ941/VJ903,A535,A321,TPE-HAN-BKK,14:10,15:50,14:10,15:50,14:26,15:48,15:50,15:51,01:40,01:24,ONTIME,ONTIME,ONTIME,DELAY,,,,,,,,,HAN,TPE,BKK,International,VJ,,
2026-03-20|VJ460/VJ191|A544|VCA-HAN-SGN|15:55,2026-03-20,VJ460/VJ191,A544,A321,VCA-HAN-SGN,15:20,15:55,15:20,15:55,15:45,16:19,16:20,16:30,00:35,00:35,DELAY,DELAY,DELAY,DELAY,,93,00:20,66,00:05,,,CREW HN OB 1550,HAN,VCA,SGN,Domestic,VJ,,
2026-03-20|VJ921/VJ423|A545|NGO-HAN-PXU|15:55,2026-03-20,VJ921/VJ423,A545,A321,NGO-HAN-PXU,13:40,15:55,13:40,15:55,13:00,15:54,15:55,16:05,02:15,02:55,ONTIME,ONTIME,ONTIME,ONTIME,,,,,,,,,HAN,NGO,PXU,Domestic,VJ,,
2026-03-20|VJ142/VJ157|A820|SGN-HAN-SGN|16:00,2026-03-20,VJ142/VJ157,A820,A321,SGN-HAN-SGN,14:50,16:00,14:50,16:00,15:20,15:59,16:00,16:15,01:10,00:40,ONTIME,ONTIME,ONTIME,DELAY,,,,,,,,,HAN,SGN,SGN,Domestic,VJ,,
2026-03-20|VJ906/VJ195|A516|KUL-HAN-SGN|16:00,2026-03-20,VJ906/VJ195,A516,A321,KUL-HAN-SGN,14:55,16:00,14:55,16:00,14:17,15:57,15:58,16:08,01:05,01:41,EARLY,ONTIME,ONTIME,ONTIME,,,,,,,,,HAN,KUL,SGN,Domestic,VJ,,
2026-03-20|VJ774/VJ913|A640|CXR-HAN-SAI|16:20,2026-03-20,VJ774/VJ913,A640,A321,CXR-HAN-SAI,14:50,16:20,14:50,16:20,15:40,16:19,16:20,16:50,01:30,00:40,ONTIME,ONTIME,DELAY,DELAY,,,,,,,,,HAN,CXR,SAI,International,VJ,,
2026-03-20|VJ462/VJ515|A669|VCA-HAN-DAD|16:25,2026-03-20,VJ462/VJ515,A669,A320,VCA-HAN-DAD,15:40,16:25,15:40,16:25,16:00,16:24,16:25,16:40,00:45,00:25,ONTIME,ONTIME,ONTIME,DELAY,,,,,,,,,HAN,VCA,DAD,Domestic,VJ,,
2026-03-20|VJ198/VJ147|A673|SGN-HAN-SGN|17:10,2026-03-20,VJ198/VJ147,A673,A321,SGN-HAN-SGN,15:10,17:10,15:10,17:10,15:35,17:09,17:10,17:25,02:00,01:35,ONTIME,ONTIME,ONTIME,DELAY,,,,,,,,,HAN,SGN,SGN,Domestic,VJ,,
2026-03-20|VJ134/VJ163|-NVE|SGN-HAN-SGN|17:20,2026-03-20,VJ134/VJ163,-NVE,A320,SGN-HAN-SGN,16:50,17:20,16:50,17:20,17:05,17:29,17:30,17:35,00:30,00:25,DELAY,ONTIME,ONTIME,ONTIME,,93,00:10,,,,,,HAN,SGN,SGN,Domestic,VJ,,
2026-03-20|VJ514/VJ465|A636|DAD-HAN-VCA|17:25,2026-03-20,VJ514/VJ465,A636,A321,DAD-HAN-VCA,15:10,17:25,15:10,17:25,16:55,17:23,17:25,17:32,02:15,00:30,ONTIME,ONTIME,ONTIME,DELAY,,,,,,,,,HAN,DAD,VCA,Domestic,VJ,,
2026-03-20|VJ440/VJ445|A676|PQC-HAN-PQC|17:40,2026-03-20,VJ440/VJ445,A676,A320,PQC-HAN-PQC,11:55,17:40,11:55,17:40,12:15,17:39,17:40,17:45,05:45,05:25,ONTIME,ONTIME,ONTIME,DELAY,,,,,,,,,HAN,PQC,PQC,Domestic,VJ,,
2026-03-20|VJ512/VJ779|A637|DAD-HAN-CXR|18:00,2026-03-20,VJ512/VJ779,A637,A321,DAD-HAN-CXR,17:30,18:00,17:30,18:45,18:30,18:54,18:55,19:00,01:15,00:25,DELAY,ONTIME,DELAY,DELAY,,93,00:10,,,,,,HAN,DAD,CXR,Domestic,VJ,,
2026-03-20|VJ194/VJ193|A629|SGN-HAN-SGN|18:10,2026-03-20,VJ194/VJ193,A629,A321,SGN-HAN-SGN,17:30,18:10,17:30,18:10,17:35,18:09,18:10,18:18,00:40,00:35,ONTIME,ONTIME,ONTIME,ONTIME,,,,,,,,,HAN,SGN,SGN,Domestic,VJ,,
2026-03-20|VJ446/VJ1925|A689|PUS-HAN-AMD|19:00,2026-03-20,VJ446/VJ1925,A689,A320,PUS-HAN-AMD,17:20,19:00,17:20,19:00,17:15,18:54,18:55,19:05,01:40,01:40,EARLY,ONTIME,ONTIME,ONTIME,,,,,,,,,HAN,PUS,AMD,International,VJ,,
2026-03-20|VJ1492/VJ517|A657|BMV-HAN-DAD|19:05,2026-03-20,VJ1492/VJ517,A657,A321,BMV-HAN-DAD,18:35,19:05,19:20,19:40,19:30,19:59,20:00,20:05,00:20,00:30,DELAY,DELAY,DELAY,DELAY,,93,00:20,,,,,,HAN,BMV,DAD,Domestic,VJ,,
2026-03-20|VJ947/VJ173|A552|KHH-HAN-SGN|19:05,2026-03-20,VJ947/VJ173,A552,A321,KHH-HAN-SGN,18:05,19:05,18:05,19:05,18:05,19:04,19:05,19:08,01:00,01:00,ONTIME,ONTIME,ONTIME,ONTIME,,,,,,,,,HAN,KHH,SGN,Domestic,VJ,,
2026-03-20|VJ916/VJ907|A534|SIN-HAN-BOM|19:15,2026-03-20,VJ916/VJ907,A534,A321,SIN-HAN-BOM,17:25,19:15,17:25,19:15,17:20,19:14,19:15,19:19,01:50,01:55,ONTIME,ONTIME,ONTIME,ONTIME,,,,,,,,,HAN,SIN,BOM,International,VJ,,
2026-03-20|VJ902/VJ569|A677|DAD-HAN-HUI|19:15,2026-03-20,VJ902/VJ569,A677,A321,DAD-HAN-HUI,17:00,19:15,17:00,19:15,16:55,19:14,19:15,19:16,02:15,02:20,ONTIME,ONTIME,ONTIME,ONTIME,,,,,,,,,HAN,DAD,HUI,Domestic,VJ,,
2026-03-20|VJ424/VJ519|A545|PXU-HAN-DAD|20:05,2026-03-20,VJ424/VJ519,A545,A321,PXU-HAN-DAD,19:35,20:05,19:35,20:05,20:00,20:29,20:30,20:35,00:30,00:30,DELAY,DELAY,DELAY,DELAY,,93,00:25,,,,,,HAN,PXU,DAD,Domestic,VJ,,
2026-03-20|VJ931/VJ155|A693|KIX-HAN-SGN|20:05,2026-03-20,VJ931/VJ155,A693,A321,KIX-HAN-SGN,19:15,20:05,19:15,20:05,19:30,20:02,20:03,20:10,00:50,00:33,EARLY,ONTIME,ONTIME,ONTIME,,,,,,,,,HAN,KIX,SGN,Domestic,VJ,,
2026-03-20|VJ928/VJ7712|A697|CGK-HAN-PKX|20:05,2026-03-20,VJ928/VJ7712,A697,A321,CGK-HAN-PKX,17:10,20:05,17:10,20:05,18:50,20:01,20:02,20:19,02:55,01:12,EARLY,ONTIME,ONTIME,DELAY,,,,,,,,,HAN,CGK,PKX,International,VJ,,
2026-03-20|VJ516/VJ501|A669|DAD-HAN-DAD|20:15,2026-03-20,VJ516/VJ501,A669,A320,DAD-HAN-DAD,19:35,20:15,19:35,20:15,20:25,20:44,20:45,20:45,00:40,00:20,DELAY,DELAY,DELAY,DELAY,,93,00:30,,,,,,HAN,DAD,DAD,Domestic,VJ,,
2026-03-20|VJ152/VJ165|A672|SGN-HAN-SGN|20:20,2026-03-20,VJ152/VJ165,A672,A320,SGN-HAN-SGN,19:15,20:20,19:15,20:20,19:30,20:19,20:20,20:24,01:05,00:50,ONTIME,ONTIME,ONTIME,ONTIME,,,,,,,,,HAN,SGN,SGN,Domestic,VJ,,
2026-03-20|VJ949/VJ521|A546|RMQ-HAN-DAD|20:50,2026-03-20,VJ949/VJ521,A546,A321,RMQ-HAN-DAD,19:50,20:50,19:50,20:50,20:05,21:04,21:05,21:15,01:00,01:00,DELAY,ONTIME,DELAY,ONTIME,,93,00:15,,,,,,HAN,RMQ,DAD,Domestic,VJ,,
2026-03-20|VJ432/VJ7238|A663|UIH-HAN-PVG|21:30,2026-03-20,VJ432/VJ7238,A663,A320,UIH-HAN-PVG,19:10,21:30,19:10,21:30,19:40,21:23,21:24,21:28,02:20,01:44,EARLY,ONTIME,ONTIME,DELAY,,,,,,,,,HAN,UIH,PVG,International,VJ,,
2026-03-20|VJ160/VJ161|A647|SGN-HAN-SGN|21:50,2026-03-20,VJ160/VJ161,A647,A321,SGN-HAN-SGN,21:15,21:50,21:15,21:50,21:35,22:04,22:05,22:05,00:35,00:30,DELAY,ONTIME,ONTIME,DELAY,,,,,,,,,HAN,SGN,SGN,Domestic,VJ,,
2026-03-20|VJ568/VJ523|A677|HUI-HAN-DAD|22:45,2026-03-20,VJ568/VJ523,A677,A321,HUI-HAN-DAD,22:15,22:45,22:15,22:45,22:35,23:04,23:05,23:10,00:30,00:30,DELAY,DELAY,DELAY,DELAY,,93,00:20,,,,,,HAN,HUI,DAD,Domestic,VJ,,
2026-03-20|VJ1440/VJ962|A543|PQC-HAN-ICN|22:50,2026-03-20,VJ1440/VJ962,A543,A321,PQC-HAN-ICN,20:10,22:50,20:10,22:50,21:00,22:54,22:55,23:05,02:40,01:55,DELAY,ONTIME,ONTIME,DELAY,,15A,00:05,,,,,OFFLOAD 1 PAX 1BAG,HAN,PQC,ICN,International,VJ,,
2026-03-20|VJ464/VJ171|A636|SGN-HAN-SGN|23:25,2026-03-20,VJ464/VJ171,A636,A321,SGN-HAN-SGN,21:20,23:25,21:20,23:25,22:45,23:24,23:25,23:30,02:05,00:40,ONTIME,ONTIME,ONTIME,DELAY,,,,,,,,,HAN,SGN,SGN,Domestic,VJ,,
2026-03-20|VJ180/VJ7526|A673|CXR-HAN-CAN|23:40,2026-03-20,VJ180/VJ7526,A673,A321,CXR-HAN-CAN,22:10,23:40,22:10,23:40,22:40,23:44,23:45,23:52,01:30,01:05,DELAY,ONTIME,ONTIME,DELAY,,99,00:05,,,,,LATE ACC 29PAX 3BAG,HAN,CXR,CAN,International,VJ,,
2026-03-21|VJ932|A653|HAN-NRT|00:55,2026-03-21,VJ932,A653,A321,HAN-NRT,,00:55,,00:55,,00:54,00:55,01:00,,,ONTIME,ONTIME,ONTIME,,,,,,,,,,HAN,,NRT,International,VJ,,
2026-03-21|VJ982|A684|HAN-PUS|01:00,2026-03-21,VJ982,A684,A321,HAN-PUS,,01:00,,01:00,,00:58,01:00,01:01,,,ONTIME,ONTIME,ONTIME,,,,,,,,,,HAN,,PUS,International,VJ,,
2026-03-21|VJ3623/VJ3523|A516|PQC-HAN-KHV|00:25,2026-03-21,VJ3623/VJ3523,A516,A321,PQC-HAN-KHV,23:55,00:25,23:55,01:10,23:55,00:29,00:30,00:40,01:15,00:35,EARLY,ONTIME,ONTIME,ONTIME,,,,,,,,,HAN,PQC,KHV,International,VJ,,
2026-03-21|VJ920|A554|HAN-NGO|01:35,2026-03-21,VJ920,A554,A321,HAN-NGO,,01:35,,01:35,,01:34,01:35,01:45,,,ONTIME,ONTIME,ONTIME,,,,,,,,,,HAN,,NGO,International,VJ,,
2026-03-21|VJ938|A545|HAN-KIX|01:40,2026-03-21,VJ938,A545,A321,HAN-KIX,,01:40,,01:40,,01:39,01:40,01:42,,,ONTIME,ONTIME,ONTIME,,,,,,,,,,HAN,,KIX,International,VJ,,
2026-03-21|VJ960|A526|HAN-ICN|01:45,2026-03-21,VJ960,A526,A321,HAN-ICN,,01:45,,01:45,,01:34,01:35,01:35,,,EARLY,ONTIME,ONTIME,,,,,,,,,,HAN,,ICN,International,VJ,,
2026-03-21|VJ958|A647|HAN-FUK|02:05,2026-03-21,VJ958,A647,A321,HAN-FUK,,02:05,,02:05,,01:55,01:56,02:00,,,EARLY,ONTIME,ONTIME,,,,,,,,,,HAN,,FUK,International,VJ,,
2026-03-21|VJ185|A535|HAN-SGN|05:10,2026-03-21,VJ185,A535,A321,HAN-SGN,,05:10,,05:10,,05:04,05:05,05:07,,,EARLY,ONTIME,ONTIME,,,,,,,,,,HAN,,SGN,Domestic,VJ,,
2026-03-21|VJ461|A658|HAN-VCA|05:30,2026-03-21,VJ461,A658,A320,HAN-VCA,,05:30,,05:30,,05:24,05:25,05:29,,,EARLY,ONTIME,ONTIME,,,,,,,,,,HAN,,VCA,Domestic,VJ,,
2026-03-21|VJ503|A693|HAN-DAD|05:55,2026-03-21,VJ503,A693,A321,HAN-DAD,,05:55,,05:55,,05:44,05:45,05:55,,,EARLY,ONTIME,ONTIME,,,,,,,,,,HAN,,DAD,Domestic,VJ,,
2026-03-21|VJ7527/VJ491|A673|CAN-HAN-BMV|05:55,2026-03-21,VJ7527/VJ491,A673,A321,CAN-HAN-BMV,04:35,05:55,04:35,05:55,,05:49,05:50,05:59,01:20,,EARLY,ONTIME,ONTIME,ONTIME,,,,,,,,,HAN,CAN,BMV,Domestic,VJ,,
2026-03-21|VJ443|A542|HAN-PQC|06:00,2026-03-21,VJ443,A542,A321,HAN-PQC,,06:00,,06:00,,05:54,05:55,06:10,,,EARLY,ONTIME,ONTIME,,,,,,,,,,HAN,,PQC,Domestic,VJ,,
2026-03-21|VJ421|A657|HAN-PXU|06:05,2026-03-21,VJ421,A657,A321,HAN-PXU,,06:05,,06:05,,05:59,06:00,06:05,,,EARLY,ONTIME,ONTIME,,,,,,,,,,HAN,,PXU,Domestic,VJ,,
2026-03-21|VJ952|A669|HAN-HIJ|06:05,2026-03-21,VJ952,A669,A320,HAN-HIJ,,06:05,,06:05,,05:59,06:00,06:05,,,EARLY,ONTIME,ONTIME,,,,,,,,,,HAN,,HIJ,International,VJ,,
2026-03-21|VJ181|A810|HAN-SGN|06:40,2026-03-21,VJ181,A810,A330,HAN-SGN,,06:40,,06:40,,06:39,06:40,06:50,,,ONTIME,ONTIME,ONTIME,,,,,,,,,,HAN,,SGN,Domestic,VJ,,
2026-03-21|VJ105|652G|HAN-VCS|06:45,2026-03-21,VJ105,652G,C909,HAN-VCS,,06:45,,06:45,,06:39,06:40,06:45,,,EARLY,ONTIME,ONTIME,,,,,,,,,,HAN,,VCS,Domestic,VJ,,
2026-03-21|VJ905|A640|HAN-KUL|07:10,2026-03-21,VJ905,A640,A321,HAN-KUL,,07:10,,07:10,,07:29,07:30,07:37,,,DELAY,DELAY,DELAY,,,99,00:20,,,,,,HAN,,KUL,International,VJ,,
2026-03-21|VJ7239/VJ956|A663|PVG-HAN-PUS|07:30,2026-03-21,VJ7239/VJ956,A663,A320,PVG-HAN-PUS,05:15,07:30,05:15,07:30,05:28,07:29,07:30,07:40,02:15,02:02,ONTIME,ONTIME,ONTIME,ONTIME,,,,,,,,,HAN,PVG,PUS,International,VJ,,
2026-03-21|VJ940|A630|HAN-TPE|07:35,2026-03-21,VJ940,A630,A321,HAN-TPE,,07:35,,07:35,,07:34,07:35,07:45,,,ONTIME,ONTIME,ONTIME,,,,,,,,,,HAN,,TPE,International,VJ,,
2026-03-21|VJ771|A637|HAN-CXR|07:35,2026-03-21,VJ771,A637,A321,HAN-CXR,,07:35,,07:35,,07:29,07:30,07:32,,,EARLY,ONTIME,ONTIME,,,,,,,,,,HAN,,CXR,Domestic,VJ,,
2026-03-21|VJ502/VJ431|A699|DAD-HAN-UIH|07:35,2026-03-21,VJ502/VJ431,A699,A320,DAD-HAN-UIH,07:05,07:35,07:05,07:35,07:05,07:24,07:25,07:25,00:30,00:20,EARLY,ONTIME,ONTIME,ONTIME,,,,,,,,,HAN,DAD,UIH,Domestic,VJ,,
2026-03-21|VJ107|656E|HAN-VCS|08:15,2026-03-21,VJ107,656E,C909,HAN-VCS,,08:15,,08:15,,08:13,08:15,08:20,,,ONTIME,ONTIME,ONTIME,,,,,,,,,,HAN,,VCS,Domestic,VJ,,
2026-03-21|VJ7713/VJ934|A697|PKX-HAN-NRT|08:20,2026-03-21,VJ7713/VJ934,A697,A321,PKX-HAN-NRT,04:10,08:20,04:10,08:20,04:55,08:19,08:20,08:25,04:10,03:25,ONTIME,ONTIME,ONTIME,DELAY,,,,,,,,,HAN,PKX,NRT,International,VJ,,
2026-03-21|VJ910/VJ930|A534|BOM-HAN-KIX|08:20,2026-03-21,VJ910/VJ930,A534,A321,BOM-HAN-KIX,06:40,08:20,06:40,08:20,07:40,08:29,08:30,08:35,01:40,00:50,DELAY,ONTIME,ONTIME,DELAY,,99,00:10,,,,,,HAN,BOM,KIX,International,VJ,,
2026-03-21|VJ1926/VJ121|A689|AMD-HAN-SGN|08:40,2026-03-21,VJ1926/VJ121,A689,A320,AMD-HAN-SGN,06:20,08:40,06:20,08:40,05:40,08:39,08:40,08:55,02:20,03:00,ONTIME,ONTIME,ONTIME,ONTIME,,,,,,,,,HAN,AMD,SGN,Domestic,VJ,,
2026-03-21|VJ524/VJ929|A551|DAD-HAN-CGK|08:40,2026-03-21,VJ524/VJ929,A551,A321,DAD-HAN-CGK,07:40,08:40,07:40,08:40,07:30,08:33,08:35,08:40,01:00,01:05,EARLY,ONTIME,ONTIME,ONTIME,,,,,,,,,HAN,DAD,CGK,International,VJ,,
2026-03-21|VJ126/VJ127|A629|SGN-HAN-SGN|08:55,2026-03-21,VJ126/VJ127,A629,A321,SGN-HAN-SGN,08:25,08:55,08:25,08:55,08:45,09:14,09:15,09:27,00:30,00:30,DELAY,DELAY,DELAY,DELAY,,93,00:20,,,,,,HAN,SGN,SGN,Domestic,VJ,,
2026-03-21|VJ120/VJ915|A525|SGN-HAN-SIN|09:35,2026-03-21,VJ120/VJ915,A525,A321,SGN-HAN-SIN,07:40,09:35,07:40,09:35,07:55,09:26,08:28,09:33,01:55,00:33,EARLY,ONTIME,ONTIME,ONTIME,,,,,,,,,HAN,SGN,SIN,International,VJ,,
2026-03-21|VJ504/VJ997|A693|DAD-HAN-DPS|10:00,2026-03-21,VJ504/VJ997,A693,A321,DAD-HAN-DPS,09:00,10:00,09:00,10:00,09:20,10:04,10:05,10:09,01:00,00:45,DELAY,ONTIME,ONTIME,DELAY,,66,00:05,,,,,CREW HN OB 09:33,HAN,DAD,DPS,International,VJ,,
2026-03-21|VJ148/VJ149|-NVG|SGN-HAN-SGN|10:05,2026-03-21,VJ148/VJ149,-NVG,A320,SGN-HAN-SGN,09:30,10:05,09:30,10:05,09:45,10:04,10:05,10:15,00:35,00:20,ONTIME,ONTIME,ONTIME,ONTIME,,,,,,,,,HAN,SGN,SGN,Domestic,VJ,,
2026-03-21|VJ422/VJ567|A657|PXU-HAN-HUI|10:10,2026-03-21,VJ422/VJ567,A657,A321,PXU-HAN-HUI,09:40,10:10,09:40,10:10,09:50,10:14,10:15,10:20,00:30,00:25,DELAY,ONTIME,ONTIME,ONTIME,,93,00:05,,,,,,HAN,PXU,HUI,Domestic,VJ,,
2026-03-21|VJ492/VJ507|A673|BMV-HAN-DAD|10:30,2026-03-21,VJ492/VJ507,A673,A321,BMV-HAN-DAD,10:00,10:30,10:00,10:30,09:55,10:34,10:35,10:45,00:30,00:40,DELAY,ONTIME,ONTIME,ONTIME,,95,00:05,,,,,CREW FROM VJ524 OB 10:15,HAN,BMV,DAD,Domestic,VJ,,
2026-03-21|VJ463|A650|HAN-VCA|10:30,2026-03-21,VJ463,A650,A320,HAN-VCA,,10:30,,10:30,,10:23,10:25,10:29,,,EARLY,ONTIME,ONTIME,,,,,,,,,,HAN,,VCA,Domestic,VJ,,
2026-03-21|VJ136/VJ135|A672|SGN-HAN-SGN|11:10,2026-03-21,VJ136/VJ135,A672,A320,SGN-HAN-SGN,10:40,11:10,10:40,11:10,10:45,11:09,11:10,11:25,00:30,00:25,ONTIME,ONTIME,ONTIME,ONTIME,,,,,,,,,HAN,SGN,SGN,Domestic,VJ,,
2026-03-21|VJ132/VJ137|A636|SGN-HAN-SGN|11:40,2026-03-21,VJ132/VJ137,A636,A321,SGN-HAN-SGN,11:10,11:40,11:10,11:40,11:15,11:39,11:40,11:49,00:30,00:25,ONTIME,ONTIME,ONTIME,ONTIME,,,,,,,,,HAN,SGN,SGN,Domestic,VJ,,
2026-03-21|VJ963/VJ946|A543|ICN-HAN-KHH|11:45,2026-03-21,VJ963/VJ946,A543,A321,ICN-HAN-KHH,09:30,11:45,09:30,11:45,09:05,11:44,11:45,11:49,02:15,02:40,ONTIME,ONTIME,ONTIME,ONTIME,,,,,,,,,HAN,ICN,KHH,International,VJ,,
2026-03-21|VJ442/VJ901|A542|PQC-HAN-BKK|12:15,2026-03-21,VJ442/VJ901,A542,A321,PQC-HAN-BKK,10:45,12:15,10:45,12:15,11:05,12:04,12:05,12:15,01:30,01:00,EARLY,ONTIME,ONTIME,DELAY,,,,,,,,,HAN,PQC,BKK,International,VJ,,
2026-03-21|VJ440/VJ441|A676|PQC-HAN-PQC|12:45,2026-03-21,VJ440/VJ441,A676,A320,PQC-HAN-PQC,12:10,12:45,12:10,12:45,12:15,12:44,12:45,12:50,00:35,00:30,ONTIME,ONTIME,ONTIME,ONTIME,,,,,,,,,HAN,PQC,PQC,Domestic,VJ,,
2026-03-21|VJ981/VJ948|A684|PUS-HAN-RMQ|13:30,2026-03-21,VJ981/VJ948,A684,A321,PUS-HAN-RMQ,11:00,13:30,11:00,13:30,11:00,13:29,13:30,13:31,02:30,02:30,ONTIME,ONTIME,ONTIME,ONTIME,,,,,,,,,HAN,PUS,RMQ,International,VJ,,
2026-03-21|VJ770/VJ513|A637|CXR-HAN-DAD|13:35,2026-03-21,VJ770/VJ513,A637,A321,CXR-HAN-DAD,11:45,13:35,11:45,13:35,12:15,13:32,13:33,13:35,01:50,01:18,EARLY,ONTIME,ONTIME,DELAY,,,,,,,,,HAN,CXR,DAD,Domestic,VJ,,
2026-03-21|VJ128/VJ143|A817|SGN-HAN-SGN|13:40,2026-03-21,VJ128/VJ143,A817,A330,SGN-HAN-SGN,12:10,13:40,12:10,13:40,12:35,13:39,13:40,13:50,01:30,01:05,ONTIME,ONTIME,ONTIME,DELAY,,,,,,,,,HAN,SGN,SGN,Domestic,VJ,,
2026-03-21|VJ3524/VJ3524|A516|KHV-HAN-PQC|14:15,2026-03-21,VJ3524/VJ3524,A516,A321,KHV-HAN-PQC,13:45,14:15,13:45,14:15,14:00,14:19,14:20,14:30,00:30,00:20,DELAY,ONTIME,ONTIME,ONTIME,,,,,,,,,HAN,KHV,PQC,Domestic,VJ,,
2026-03-21|VJ508/VJ511|A673|DAD-HAN-DAD|14:20,2026-03-21,VJ508/VJ511,A673,A321,DAD-HAN-DAD,13:40,14:20,14:00,15:00,14:40,15:09,15:10,15:16,01:00,00:30,DELAY,ONTIME,DELAY,DELAY,,93,00:10,,,,,,HAN,DAD,DAD,Domestic,VJ,,
2026-03-21|VJ933/VJ942|A653|NRT-HAN-TPE|14:25,2026-03-21,VJ933/VJ942,A653,A321,NRT-HAN-TPE,14:00,14:25,14:00,14:55,13:45,15:18,15:19,15:24,00:55,01:34,DELAY,DELAY,DELAY,ONTIME,,41,00:24,,,,,,HAN,NRT,TPE,International,VJ,,
2026-03-21|VJ566/VJ1491|A657|HUI-HAN-BMV|14:35,2026-03-21,VJ566/VJ1491,A657,A321,HUI-HAN-BMV,13:05,14:35,13:05,14:35,13:25,14:31,14:32,14:36,01:30,01:07,EARLY,ONTIME,ONTIME,DELAY,,,,,,,,,HAN,HUI,BMV,Domestic,VJ,,
2026-03-21|VJ430/VJ433|A699|UIH-HAN-UIH|15:25,2026-03-21,VJ430/VJ433,A699,A320,UIH-HAN-UIH,11:20,15:25,11:20,15:25,11:00,15:21,15:22,15:27,04:05,04:22,EARLY,ONTIME,ONTIME,ONTIME,,,,,,,,,HAN,UIH,UIH,Domestic,VJ,,
2026-03-21|VJ959/VJ1441|A647|FUK-HAN-PQC|15:30,2026-03-21,VJ959/VJ1441,A647,A321,FUK-HAN-PQC,12:25,15:30,12:25,15:30,12:00,15:28,15:30,15:32,03:05,03:30,ONTIME,ONTIME,ONTIME,ONTIME,,,,,,,,,HAN,FUK,PQC,Domestic,VJ,,
2026-03-21|VJ939/VJ145|A545|KIX-HAN-SGN|15:35,2026-03-21,VJ939/VJ145,A545,A321,KIX-HAN-SGN,13:05,15:35,13:05,15:35,12:45,15:29,15:30,15:35,02:30,02:45,EARLY,ONTIME,ONTIME,ONTIME,,,,,,,,,HAN,KIX,SGN,Domestic,VJ,,
2026-03-21|VJ941/VJ423|A630|TPE-HAN-PXU|15:55,2026-03-21,VJ941/VJ423,A630,A321,TPE-HAN-PXU,14:10,15:55,14:10,15:55,14:55,15:52,15:53,15:54,01:45,00:58,EARLY,ONTIME,ONTIME,DELAY,,,,,,,,,HAN,TPE,PXU,Domestic,VJ,,
2026-03-21|VJ961/VJ195|A526|ICN-HAN-SGN|16:00,2026-03-21,VJ961/VJ195,A526,A321,ICN-HAN-SGN,14:10,16:00,14:10,16:00,14:40,15:58,16:00,16:01,01:50,01:20,ONTIME,ONTIME,ONTIME,DELAY,,,,,,,,,HAN,ICN,SGN,Domestic,VJ,,
2026-03-21|VJ921/VJ913|A554|NGO-HAN-SAI|16:20,2026-03-21,VJ921/VJ913,A554,A321,NGO-HAN-SAI,13:40,16:20,13:40,16:20,12:50,16:09,16:10,16:12,02:40,03:20,EARLY,ONTIME,ONTIME,ONTIME,,,,,,,,,HAN,NGO,SAI,International,VJ,,
2026-03-21|VJ460/VJ515|A650|VCA-HAN-DAD|16:25,2026-03-21,VJ460/VJ515,A650,A320,VCA-HAN-DAD,15:20,16:25,15:20,16:25,15:40,16:19,16:20,16:26,01:05,00:40,EARLY,ONTIME,ONTIME,DELAY,,,,,,,,,HAN,VCA,DAD,Domestic,VJ,,
2026-03-21|VJ462/VJ147|A658|VCA-HAN-SGN|17:10,2026-03-21,VJ462/VJ147,A658,A320,VCA-HAN-SGN,15:40,17:10,15:40,17:10,16:00,16:57,16:58,17:00,01:30,00:58,EARLY,ONTIME,ONTIME,DELAY,,,,,,,,,HAN,VCA,SGN,Domestic,VJ,,
2026-03-21|VJ134/VJ163|-NVG|SGN-HAN-SGN|17:20,2026-03-21,VJ134/VJ163,-NVG,A320,SGN-HAN-SGN,16:50,17:20,16:50,17:20,16:50,17:11,17:12,17:16,00:30,00:22,EARLY,ONTIME,ONTIME,ONTIME,,,,,,,,,HAN,SGN,SGN,Domestic,VJ,,
2026-03-21|VJ514/VJ465|A637|DAD-HAN-VCA|17:25,2026-03-21,VJ514/VJ465,A637,A321,DAD-HAN-VCA,16:45,17:25,16:45,17:25,16:45,17:23,17:25,17:29,00:40,00:40,ONTIME,ONTIME,ONTIME,ONTIME,,,,,,,,,HAN,DAD,VCA,Domestic,VJ,,
2026-03-21|VJ953/VJ445|A669|HIJ-HAN-PQC|17:40,2026-03-21,VJ953/VJ445,A669,A320,HIJ-HAN-PQC,15:50,17:40,15:50,17:40,16:15,17:31,17:32,17:40,01:50,01:17,EARLY,ONTIME,ONTIME,DELAY,,,,,,,,,HAN,HIJ,PQC,Domestic,VJ,,
2026-03-21|VJ906/VJ783|A640|KUL-HAN-CXR|17:40,2026-03-21,VJ906/VJ783,A640,A321,KUL-HAN-CXR,14:55,17:40,14:55,18:10,14:45,18:19,18:20,18:35,03:15,03:35,DELAY,ONTIME,DELAY,ONTIME,,95,00:10,,,,,CHANGE CREW 783 OB1755,HAN,KUL,CXR,Domestic,VJ,,
2026-03-21|VJ512/VJ779|A677|DAD-HAN-CXR|18:00,2026-03-21,VJ512/VJ779,A677,A321,DAD-HAN-CXR,17:30,18:00,17:30,18:00,17:45,18:09,18:10,18:14,00:30,00:25,DELAY,ONTIME,ONTIME,ONTIME,,93,00:10,,,,,,HAN,DAD,CXR,Domestic,VJ,,
2026-03-21|VJ198/VJ193|A535|SGN-HAN-SGN|18:10,2026-03-21,VJ198/VJ193,A535,A321,SGN-HAN-SGN,15:10,18:10,15:10,18:10,16:15,18:03,18:05,18:09,03:00,01:50,EARLY,ONTIME,ONTIME,DELAY,,,,,,,,,HAN,SGN,SGN,Domestic,VJ,,
2026-03-21|VJ902/VJ165|A542|BKK-HAN-SGN|18:30,2026-03-21,VJ902/VJ165,A542,A321,BKK-HAN-SGN,17:00,18:30,17:00,18:30,14:11,18:26,18:27,18:34,01:30,04:16,EARLY,ONTIME,ONTIME,ONTIME,,,,,,,,,HAN,BKK,SGN,Domestic,VJ,,
2026-03-21|VJ446/VJ1925|A671|PQC-HAN-AMD|19:00,2026-03-21,VJ446/VJ1925,A671,A320,PQC-HAN-AMD,17:10,19:00,17:10,19:00,17:35,18:56,18:58,19:02,01:50,01:23,EARLY,ONTIME,ONTIME,DELAY,,,,,,,,,HAN,PQC,AMD,International,VJ,,
2026-03-21|VJ144/VJ517|A522|SGN-HAN-DAD|19:05,2026-03-21,VJ144/VJ517,A522,A321,SGN-HAN-DAD,17:10,19:05,17:10,19:05,17:00,18:54,18:55,19:02,01:55,01:55,EARLY,ONTIME,ONTIME,ONTIME,,,,,,,,,HAN,SGN,DAD,Domestic,VJ,,
2026-03-21|VJ971|A814|HAN-DEL|19:10,2026-03-21,VJ971,A814,A330,HAN-DEL,,19:10,,19:10,,19:09,19:10,19:15,,,ONTIME,ONTIME,ONTIME,,,,,,,,,,HAN,,DEL,International,VJ,,
2026-03-21|VJ1492/VJ569|A657|BMV-HAN-HUI|19:15,2026-03-21,VJ1492/VJ569,A657,A321,BMV-HAN-HUI,18:35,19:15,18:35,19:15,18:45,19:13,19:14,19:18,00:40,00:29,EARLY,ONTIME,ONTIME,ONTIME,,,,,,,,,HAN,BMV,HUI,Domestic,VJ,,
2026-03-21|VJ424/VJ519|A630|PXU-HAN-DAD|20:05,2026-03-21,VJ424/VJ519,A630,A321,PXU-HAN-DAD,19:35,20:05,19:35,20:05,20:00,20:29,20:30,20:37,00:30,00:30,DELAY,DELAY,DELAY,DELAY,,93,00:25,,,,,,HAN,PXU,DAD,Domestic,VJ,,
2026-03-21|VJ957/VJ7712|A663|PUS-HAN-PKX|20:05,2026-03-21,VJ957/VJ7712,A663,A320,PUS-HAN-PKX,17:20,20:05,17:20,20:05,17:25,19:54,19:55,19:56,02:45,02:30,EARLY,ONTIME,ONTIME,ONTIME,,,,,,,,,HAN,PUS,PKX,International,VJ,,
2026-03-21|VJ152/VJ155|A544|SGN-HAN-SGN|20:05,2026-03-21,VJ152/VJ155,A544,A321,SGN-HAN-SGN,19:15,20:05,19:15,20:15,20:05,20:34,20:35,20:45,01:00,00:30,DELAY,DELAY,DELAY,DELAY,,93,00:20,,,,,,HAN,SGN,SGN,Domestic,VJ,,
2026-03-21|VJ432/VJ501|A699|UIH-HAN-DAD|20:15,2026-03-21,VJ432/VJ501,A699,A320,UIH-HAN-DAD,19:10,20:15,19:10,20:15,19:05,20:09,20:10,20:13,01:05,01:05,EARLY,ONTIME,ONTIME,ONTIME,,,,,,,,,HAN,UIH,DAD,Domestic,VJ,,
2026-03-21|VJ516/VJ7238|A650|DAD-HAN-PVG|21:30,2026-03-21,VJ516/VJ7238,A650,A320,DAD-HAN-PVG,19:35,21:30,19:35,21:30,19:47,21:24,21:25,21:25,01:55,01:38,EARLY,ONTIME,ONTIME,ONTIME,,,,,,,,,HAN,DAD,PVG,International,VJ,,
2026-03-21|VJ778/VJ523|A677|CXR-HAN-DAD|22:45,2026-03-21,VJ778/VJ523,A677,A321,CXR-HAN-DAD,22:10,22:45,22:10,22:45,23:05,23:34,23:35,23:37,00:35,00:30,DELAY,DELAY,DELAY,DELAY,,93,00:50,,,,,,HAN,CXR,DAD,Domestic,VJ,,
2026-03-21|VJ914/VJ962|A554|SAI-HAN-ICN|22:50,2026-03-21,VJ914/VJ962,A554,A321,SAI-HAN-ICN,20:50,22:50,20:50,22:50,20:50,22:48,22:50,22:56,02:00,02:00,ONTIME,ONTIME,ONTIME,ONTIME,,,,,,,,,HAN,SAI,ICN,International,VJ,,
2026-03-21|VJ180/VJ171|A639|SGN-HAN-SGN|23:25,2026-03-21,VJ180/VJ171,A639,A321,SGN-HAN-SGN,22:25,23:25,22:25,23:25,22:45,23:24,23:25,23:27,01:00,00:40,ONTIME,ONTIME,ONTIME,DELAY,,,,,,,,,HAN,SGN,SGN,Domestic,VJ,,
2026-03-21|VJ949/VJ7526|A684|RMQ-HAN-CAN|23:40,2026-03-21,VJ949/VJ7526,A684,A321,RMQ-HAN-CAN,19:50,23:40,19:50,23:40,19:55,23:35,23:36,23:38,03:50,03:41,EARLY,ONTIME,ONTIME,ONTIME,,,,,,,,,HAN,RMQ,CAN,International,VJ,,
2026-03-22|VJ932|A816|HAN-NRT|00:55,2026-03-22,VJ932,A816,A330,HAN-NRT,,00:55,,00:55,,00:54,00:55,01:05,,,ONTIME,ONTIME,ONTIME,,,,,,,,,,HAN,,NRT,International,VJ,,
2026-03-22|VJ982|A693|HAN-PUS|01:00,2026-03-22,VJ982,A693,A321,HAN-PUS,,01:00,,01:00,,00:51,00:52,00:54,,,EARLY,ONTIME,ONTIME,,,,,,,,,,HAN,,PUS,International,VJ,,
2026-03-22|VJ7704/VJ7704|A539|CXR-HAN-VVO|01:00,2026-03-22,VJ7704/VJ7704,A539,A321,CXR-HAN-VVO,00:30,01:00,00:30,01:00,00:40,01:06,01:07,01:09,00:30,00:27,DELAY,ONTIME,ONTIME,ONTIME,,93,00:07,,,,,,HAN,CXR,VVO,International,VJ,,
2026-03-22|VJ920|A548|HAN-NGO|01:35,2026-03-22,VJ920,A548,A321,HAN-NGO,,01:35,,01:35,,01:20,01:21,01:25,,,EARLY,ONTIME,ONTIME,,,,,,,,,,HAN,,NGO,International,VJ,,
2026-03-22|VJ938|A551|HAN-KIX|01:40,2026-03-22,VJ938,A551,A321,HAN-KIX,,01:40,,01:40,,01:37,01:38,01:45,,,EARLY,ONTIME,ONTIME,,,,,,,,,,HAN,,KIX,International,VJ,,
2026-03-22|VJ960|A534|HAN-ICN|01:45,2026-03-22,VJ960,A534,A321,HAN-ICN,,01:45,,01:45,,01:34,01:35,01:38,,,EARLY,ONTIME,ONTIME,,,,,,,,,,HAN,,ICN,International,VJ,,
2026-03-22|VJ958|A687|HAN-FUK|02:05,2026-03-22,VJ958,A687,A321,HAN-FUK,,02:05,,02:05,,01:57,01:58,02:02,,,EARLY,ONTIME,ONTIME,,,,,,,,,,HAN,,FUK,International,VJ,,
2026-03-22|VJ23|A817|HAN-VTE|04:50,2026-03-22,VJ23,A817,A330,HAN-VTE,,04:50,,04:50,,04:42,04:43,04:47,,,EARLY,ONTIME,ONTIME,,,,,,,,,FERRY FLIGHT,HAN,,VTE,International,VJ,,
2026-03-22|VJ39/VJ185|A668|TSN-HAN-SGN|05:10,2026-03-22,VJ39/VJ185,A668,A320,TSN-HAN-SGN,03:05,05:10,03:05,05:10,02:50,05:04,05:05,05:11,02:05,02:15,EARLY,ONTIME,ONTIME,ONTIME,,,,,,,,,HAN,TSN,SGN,Domestic,VJ,,
2026-03-22|VJ509|A697|HAN-DAD|05:25,2026-03-22,VJ509,A697,A321,HAN-DAD,,05:25,,05:25,,05:19,05:20,05:30,,,EARLY,ONTIME,ONTIME,,,,,,,,,,HAN,,DAD,Domestic,VJ,,
2026-03-22|VJ461|A658|HAN-VCA|05:30,2026-03-22,VJ461,A658,A320,HAN-VCA,,05:30,,05:30,,05:24,05:25,05:33,,,EARLY,ONTIME,ONTIME,,,,,,,,,,HAN,,VCA,Domestic,VJ,,
2026-03-22|VJ7527/VJ443|A684|CAN-HAN-PQC|06:00,2026-03-22,VJ7527/VJ443,A684,A321,CAN-HAN-PQC,04:35,06:00,04:35,06:00,04:22,05:54,05:55,06:05,01:25,01:33,EARLY,ONTIME,ONTIME,ONTIME,,,,,,,,,HAN,CAN,PQC,Domestic,VJ,,
2026-03-22|VJ503|A637|HAN-DAD|06:00,2026-03-22,VJ503,A637,A321,HAN-DAD,,06:00,,06:00,,05:54,05:55,06:05,,,EARLY,ONTIME,ONTIME,,,,,,,,,,HAN,,DAD,Domestic,VJ,,
2026-03-22|VJ491|A657|HAN-BMV|06:00,2026-03-22,VJ491,A657,A321,HAN-BMV,,06:00,,06:00,,05:54,05:55,06:03,,,EARLY,ONTIME,ONTIME,,,,,,,,,,HAN,,BMV,Domestic,VJ,,
2026-03-22|VJ421|A643|HAN-PXU|06:05,2026-03-22,VJ421,A643,A321,HAN-PXU,,06:05,,06:05,,05:59,06:00,06:02,,,EARLY,ONTIME,ONTIME,,,,,,,,,,HAN,,PXU,Domestic,VJ,,
2026-03-22|VJ7239/VJ952|A650|PVG-HAN-HIJ|06:35,2026-03-22,VJ7239/VJ952,A650,A320,PVG-HAN-HIJ,05:15,06:35,05:15,06:35,04:55,06:27,06:28,06:30,01:20,01:33,EARLY,ONTIME,ONTIME,ONTIME,,,,,,,,,HAN,PVG,HIJ,International,VJ,,
2026-03-22|VJ181|A522|HAN-SGN|06:40,2026-03-22,VJ181,A522,A321,HAN-SGN,,06:40,,06:40,,06:34,06:35,06:40,,,EARLY,ONTIME,ONTIME,,,,,,,,,,HAN,,SGN,Domestic,VJ,,
2026-03-22|VJ105|652G|HAN-VCS|06:45,2026-03-22,VJ105,652G,C909,HAN-VCS,,06:45,,06:45,,06:31,06:32,06:33,,,EARLY,ONTIME,ONTIME,,,,,,,,,,HAN,,VCS,Domestic,VJ,,
2026-03-22|VJ905|A525|HAN-KUL|07:10,2026-03-22,VJ905,A525,A321,HAN-KUL,,07:10,,07:10,,07:04,07:05,07:15,,,EARLY,ONTIME,ONTIME,,,,,,,,,,HAN,,KUL,International,VJ,,
2026-03-22|VJ431|A699|HAN-UIH|07:10,2026-03-22,VJ431,A699,A320,HAN-UIH,,07:10,,07:10,,07:01,07:02,07:04,,,EARLY,ONTIME,ONTIME,,,,,,,,,,HAN,,UIH,Domestic,VJ,,
2026-03-22|VJ7713/VJ956|A663|PKX-HAN-PUS|07:30,2026-03-22,VJ7713/VJ956,A663,A320,PKX-HAN-PUS,04:10,07:30,04:10,07:30,04:15,07:24,07:25,07:33,03:20,03:10,EARLY,ONTIME,ONTIME,ONTIME,,,,,,,,,HAN,PKX,PUS,International,VJ,,
2026-03-22|VJ771|A647|HAN-CXR|07:35,2026-03-22,VJ771,A647,A321,HAN-CXR,,07:35,,07:35,,07:28,07:30,07:35,,,EARLY,ONTIME,ONTIME,,,,,,,,,,HAN,,CXR,Domestic,VJ,,
2026-03-22|VJ940|A630|HAN-TPE|07:35,2026-03-22,VJ940,A630,A321,HAN-TPE,,07:35,,07:35,,07:39,07:40,07:50,,,DELAY,ONTIME,ONTIME,,,15A,00:05,,,,,OFFLOAD 5 PAX AND 1 PCS BAG,HAN,,TPE,International,VJ,,
2026-03-22|VJ107|656E|HAN-VCS|08:15,2026-03-22,VJ107,656E,C909,HAN-VCS,,08:15,,08:15,,08:09,08:10,08:18,,,EARLY,ONTIME,ONTIME,,,,,,,,,,HAN,,VCS,Domestic,VJ,,
2026-03-22|VJ934|A653|HAN-NRT|08:20,2026-03-22,VJ934,A653,A321,HAN-NRT,,08:20,,08:20,,08:19,08:20,08:35,,,ONTIME,ONTIME,ONTIME,,,,,,,,,,HAN,,NRT,International,VJ,,
2026-03-22|VJ930|A524|HAN-KIX|08:20,2026-03-22,VJ930,A524,A321,HAN-KIX,,08:20,,08:20,,08:19,08:20,08:35,,,ONTIME,ONTIME,ONTIME,,,,,,,,,,HAN,,KIX,International,VJ,,
2026-03-22|VJ929|A542|HAN-CGK|08:40,2026-03-22,VJ929,A542,A321,HAN-CGK,,08:40,,08:40,,08:39,08:40,08:45,,,ONTIME,ONTIME,ONTIME,,,,,,,,,,HAN,,CGK,International,VJ,,
2026-03-22|VJ124/VJ125|A649|SGN-HAN-SGN|08:40,2026-03-22,VJ124/VJ125,A649,A321,SGN-HAN-SGN,07:50,08:40,07:50,08:40,07:45,08:34,08:35,08:45,00:50,00:50,EARLY,ONTIME,ONTIME,ONTIME,,,,,,,,,HAN,SGN,SGN,Domestic,VJ,,
2026-03-22|VJ126/VJ127|A646|SGN-HAN-SGN|08:55,2026-03-22,VJ126/VJ127,A646,A321,SGN-HAN-SGN,08:25,08:55,08:25,08:55,08:31,08:53,08:55,08:58,00:30,00:24,ONTIME,ONTIME,ONTIME,ONTIME,,,,,,,,,HAN,SGN,SGN,Domestic,VJ,,
2026-03-22|VJ972/VJ773|A814|DEL-HAN-CXR|09:00,2026-03-22,VJ972/VJ773,A814,A330,DEL-HAN-CXR,05:35,09:00,05:35,09:00,05:25,08:54,08:55,09:10,03:25,03:30,EARLY,ONTIME,ONTIME,ONTIME,,,,,,,,,HAN,DEL,CXR,Domestic,VJ,,
2026-03-22|VJ524/VJ567|A673|DAD-HAN-HUI|09:30,2026-03-22,VJ524/VJ567,A673,A321,DAD-HAN-HUI,07:40,09:30,07:40,09:30,07:35,09:26,09:28,09:29,01:50,01:53,EARLY,ONTIME,ONTIME,ONTIME,,,,,,,,,HAN,DAD,HUI,Domestic,VJ,,
2026-03-22|VJ915|A543|HAN-SIN|09:35,2026-03-22,VJ915,A543,A321,HAN-SIN,,09:35,,09:35,,09:34,09:35,09:38,,,ONTIME,ONTIME,ONTIME,,,,,,,,,,HAN,,SIN,International,VJ,,
2026-03-22|VJ510/VJ997|A697|DAD-HAN-DPS|10:00,2026-03-22,VJ510/VJ997,A697,A321,DAD-HAN-DPS,08:35,10:00,08:35,10:00,08:43,09:59,10:00,10:03,01:25,01:17,ONTIME,ONTIME,ONTIME,ONTIME,,,,,,,,,HAN,DAD,DPS,International,VJ,,
2026-03-22|VJ422/VJ463|A643|PXU-HAN-VCA|10:30,2026-03-22,VJ422/VJ463,A643,A321,PXU-HAN-VCA,09:40,10:30,09:40,10:30,09:30,10:24,10:25,10:30,00:50,00:55,EARLY,ONTIME,ONTIME,ONTIME,,,,,,,,,HAN,PXU,VCA,Domestic,VJ,,
2026-03-22|VJ504/VJ507|A637|DAD-HAN-DAD|10:30,2026-03-22,VJ504/VJ507,A637,A321,DAD-HAN-DAD,09:00,10:30,09:00,10:30,09:30,10:24,10:25,10:31,01:30,00:55,EARLY,ONTIME,ONTIME,DELAY,,,,,,,,,HAN,DAD,DAD,Domestic,VJ,,
2026-03-22|VJ492/VJ135|A657|BMV-HAN-SGN|11:10,2026-03-22,VJ492/VJ135,A657,A321,BMV-HAN-SGN,10:00,11:10,10:00,11:10,10:20,11:09,11:10,11:11,01:10,00:50,ONTIME,ONTIME,ONTIME,DELAY,,,,,,,,,HAN,BMV,SGN,Domestic,VJ,,
2026-03-22|VJ184/VJ129|A811|SGN-HAN-SGN|11:25,2026-03-22,VJ184/VJ129,A811,A330,SGN-HAN-SGN,10:25,11:25,10:25,11:25,10:30,11:24,11:25,11:35,01:00,00:55,ONTIME,ONTIME,ONTIME,ONTIME,,,,,,,,,HAN,SGN,SGN,Domestic,VJ,,
2026-03-22|VJ132/VJ137|A668|SGN-HAN-SGN|11:40,2026-03-22,VJ132/VJ137,A668,A320,SGN-HAN-SGN,11:10,11:40,11:10,11:40,11:20,11:44,11:45,11:55,00:30,00:25,DELAY,ONTIME,ONTIME,ONTIME,,93,00:05,,,,,,HAN,SGN,SGN,Domestic,VJ,,
2026-03-22|VJ442/VJ946|A684|PQC-HAN-KHH|11:45,2026-03-22,VJ442/VJ946,A684,A321,PQC-HAN-KHH,10:45,11:45,10:45,11:45,10:50,11:44,11:45,11:48,01:00,00:55,ONTIME,ONTIME,ONTIME,ONTIME,,,,,,,,,HAN,PQC,KHH,International,VJ,,
2026-03-22|VJ136/VJ901|A642|SGN-HAN-BKK|12:15,2026-03-22,VJ136/VJ901,A642,A321,SGN-HAN-BKK,10:40,12:15,10:40,12:15,11:16,12:14,12:15,12:20,01:35,00:59,ONTIME,ONTIME,ONTIME,DELAY,,,,,,,,,HAN,SGN,BKK,International,VJ,,
2026-03-22|VJ430/VJ441|A669|UIH-HAN-PQC|13:00,2026-03-22,VJ430/VJ441,A669,A320,UIH-HAN-PQC,10:55,13:00,10:55,13:00,10:50,12:49,12:50,13:00,02:05,02:00,EARLY,ONTIME,ONTIME,ONTIME,,,,,,,,,HAN,UIH,PQC,Domestic,VJ,,
2026-03-22|VJ780/VJ781|A670|CXR-HAN-CXR|13:00,2026-03-22,VJ780/VJ781,A670,A321,CXR-HAN-CXR,12:30,13:00,12:30,13:00,12:20,12:54,12:55,12:58,00:30,00:35,EARLY,ONTIME,ONTIME,ONTIME,,,,,,,,,HAN,CXR,CXR,Domestic,VJ,,
2026-03-22|VJ959/VJ948|A687|FUK-HAN-RMQ|13:30,2026-03-22,VJ959/VJ948,A687,A321,FUK-HAN-RMQ,12:25,13:30,12:25,13:30,12:05,13:29,13:30,13:35,01:05,01:25,ONTIME,ONTIME,ONTIME,ONTIME,,,,,,,,,HAN,FUK,RMQ,International,VJ,,
2026-03-22|VJ7705/VJ7705|A539|VVO-HAN-CXR|13:30,2026-03-22,VJ7705/VJ7705,A539,A321,VVO-HAN-CXR,13:00,13:30,13:00,14:00,13:30,13:48,13:50,13:52,01:00,00:20,EARLY,ONTIME,DELAY,DELAY,,,,,,,,,HAN,VVO,CXR,Domestic,VJ,,
2026-03-22|VJ963/VJ513|A554|ICN-HAN-DAD|13:35,2026-03-22,VJ963/VJ513,A554,A321,ICN-HAN-DAD,09:30,13:35,09:30,13:35,09:05,13:24,13:25,13:30,04:05,04:20,EARLY,ONTIME,ONTIME,ONTIME,,,,,,,,,HAN,ICN,DAD,Domestic,VJ,,
2026-03-22|VJ188/VJ151|LY-MLN|SGN-HAN-SGN|14:00,2026-03-22,VJ188/VJ151,LY-MLN,A320,SGN-HAN-SGN,13:25,14:00,13:25,14:00,13:25,13:59,14:00,14:10,00:35,00:35,ONTIME,ONTIME,ONTIME,ONTIME,,,,,,,,,HAN,SGN,SGN,Domestic,VJ,,
2026-03-22|VJ566/VJ511|A673|HUI-HAN-DAD|14:20,2026-03-22,VJ566/VJ511,A673,A321,HUI-HAN-DAD,12:25,14:20,12:25,14:20,12:45,14:17,14:18,14:25,01:55,01:33,EARLY,ONTIME,ONTIME,DELAY,,,,,,,,,HAN,HUI,DAD,Domestic,VJ,,
2026-03-22|VJ981/VJ942|A693|PUS-HAN-TPE|14:25,2026-03-22,VJ981/VJ942,A693,A321,PUS-HAN-TPE,11:00,14:25,11:00,14:25,10:40,14:24,14:25,14:30,03:25,03:45,ONTIME,ONTIME,ONTIME,ONTIME,,,,,,,,,HAN,PUS,TPE,International,VJ,,
2026-03-22|VJ939/VJ1491|A551|KIX-HAN-BMV|14:35,2026-03-22,VJ939/VJ1491,A551,A321,KIX-HAN-BMV,13:05,14:35,13:05,14:35,12:55,14:34,14:35,14:37,01:30,01:40,ONTIME,ONTIME,ONTIME,ONTIME,,,,,,,,,HAN,KIX,BMV,Domestic,VJ,,
2026-03-22|VJ138/VJ153|A544|SGN-HAN-SGN|15:10,2026-03-22,VJ138/VJ153,A544,A321,SGN-HAN-SGN,14:40,15:10,14:40,16:00,15:35,16:04,16:05,16:20,01:20,00:30,DELAY,ONTIME,DELAY,DELAY,,93,00:05,,,,,,HAN,SGN,SGN,Domestic,VJ,,
2026-03-22|VJ430/VJ433|A699|UIH-HAN-UIH|15:25,2026-03-22,VJ430/VJ433,A699,A320,UIH-HAN-UIH,10:55,15:25,10:55,15:25,14:20,15:24,15:25,15:29,04:30,01:05,ONTIME,ONTIME,ONTIME,DELAY,,,,,,,,,HAN,UIH,UIH,Domestic,VJ,,
2026-03-22|VJ770/VJ1441|A647|DAD-HAN-PQC|15:30,2026-03-22,VJ770/VJ1441,A647,A321,DAD-HAN-PQC,11:45,15:30,11:45,15:30,12:05,15:28,15:30,15:35,03:45,03:25,ONTIME,ONTIME,ONTIME,DELAY,,,,,,,,,HAN,DAD,PQC,Domestic,VJ,,
2026-03-22|VJ921/VJ199|A548|NGO-HAN-SGN|15:35,2026-03-22,VJ921/VJ199,A548,A321,NGO-HAN-SGN,13:40,15:35,13:40,15:35,13:00,15:34,15:35,15:45,01:55,02:35,ONTIME,ONTIME,ONTIME,ONTIME,,,,,,,,,HAN,NGO,SGN,Domestic,VJ,,
2026-03-22|VJ941/VJ903|A630|TPE-HAN-BKK|15:50,2026-03-22,VJ941/VJ903,A630,A321,TPE-HAN-BKK,14:10,15:50,14:10,15:50,14:45,15:44,15:45,15:50,01:40,01:00,EARLY,ONTIME,ONTIME,DELAY,,,,,,,,,HAN,TPE,BKK,International,VJ,,
2026-03-22|VJ906/VJ423|A551|KUL-HAN-PXU|15:55,2026-03-22,VJ906/VJ423,A551,A321,KUL-HAN-PXU,14:55,15:55,14:55,15:55,14:55,15:51,15:52,16:05,01:00,00:57,EARLY,ONTIME,ONTIME,ONTIME,,,,,,,,,HAN,KUL,PXU,Domestic,VJ,,
2026-03-22|VJ961/VJ195|A534|ICN-HAN-SGN|16:00,2026-03-22,VJ961/VJ195,A534,A321,ICN-HAN-SGN,14:10,16:00,14:10,16:00,13:40,15:58,16:00,16:11,01:50,02:20,ONTIME,ONTIME,ONTIME,ONTIME,,,,,,,,,HAN,ICN,SGN,Domestic,VJ,,
2026-03-22|VJ198/VJ913|A641|SGN-HAN-SAI|16:20,2026-03-22,VJ198/VJ913,A641,A321,SGN-HAN-SAI,15:10,16:20,15:10,16:20,14:25,16:11,16:12,16:34,01:10,01:47,EARLY,ONTIME,ONTIME,ONTIME,,,,,,,,,HAN,SGN,SAI,International,VJ,,
2026-03-22|VJ462/VJ515|A658|VCA-HAN-DAD|16:25,2026-03-22,VJ462/VJ515,A658,A320,VCA-HAN-DAD,15:40,16:25,15:40,16:25,15:45,16:19,16:20,16:23,00:45,00:35,EARLY,ONTIME,ONTIME,ONTIME,,,,,,,,,HAN,VCA,DAD,Domestic,VJ,,
2026-03-22|VJ134/VJ163|-MLI|SGN-HAN-SGN|17:20,2026-03-22,VJ134/VJ163,-MLI,A320,SGN-HAN-SGN,16:50,17:20,16:50,18:15,17:55,18:19,18:20,18:29,01:25,00:25,DELAY,ONTIME,DELAY,DELAY,,93,00:05,,,,,,HAN,SGN,SGN,Domestic,VJ,,
2026-03-22|VJ514/VJ465|A536|DAD-HAN-VCA|17:25,2026-03-22,VJ514/VJ465,A536,A321,DAD-HAN-VCA,16:45,17:25,16:45,17:25,17:05,17:34,17:35,17:37,00:40,00:30,DELAY,ONTIME,ONTIME,DELAY,,93,00:10,,,,,,HAN,DAD,VCA,Domestic,VJ,,
2026-03-22|VJ172/VJ177|A575|SGN-HAN-SGN|17:45,2026-03-22,VJ172/VJ177,A575,A321,SGN-HAN-SGN,16:45,17:45,16:45,17:45,16:55,17:41,17:42,17:50,01:00,00:47,EARLY,ONTIME,ONTIME,ONTIME,,,,,,,,,HAN,SGN,SGN,Domestic,VJ,,
2026-03-22|VJ512/VJ779|A673|DAD-HAN-CXR|18:00,2026-03-22,VJ512/VJ779,A673,A321,DAD-HAN-CXR,17:30,18:00,17:30,18:20,18:00,18:27,18:28,18:40,00:50,00:28,DELAY,ONTIME,DELAY,DELAY,,93,00:08,,,,,,HAN,DAD,CXR,Domestic,VJ,,
2026-03-22|VJ194/VJ193|A642|SGN-HAN-SGN|18:10,2026-03-22,VJ194/VJ193,A642,A321,SGN-HAN-SGN,17:30,18:10,17:30,18:10,17:37,18:06,18:09,18:10,00:40,00:32,EARLY,ONTIME,ONTIME,ONTIME,,,,,,,,,HAN,SGN,SGN,Domestic,VJ,,
2026-03-22|VJ446/VJ445|A689|PQC-HAN-PQC|18:10,2026-03-22,VJ446/VJ445,A689,A320,PQC-HAN-PQC,17:10,18:10,17:10,18:10,17:20,18:09,18:10,18:25,01:00,00:50,ONTIME,ONTIME,ONTIME,ONTIME,,,,,,,,,HAN,PQC,PQC,Domestic,VJ,,
2026-03-22|VJ460/VJ165|A643|VCA-HAN-SGN|18:30,2026-03-22,VJ460/VJ165,A643,A321,VCA-HAN-SGN,15:20,18:30,15:20,18:30,15:40,18:29,18:30,18:45,03:10,02:50,ONTIME,ONTIME,ONTIME,DELAY,,,,,,,,,HAN,VCA,SGN,Domestic,VJ,,
2026-03-22|VJ957/VJ1925|A663|PUS-HAN-AMD|19:00,2026-03-22,VJ957/VJ1925,A663,A320,PUS-HAN-AMD,17:20,19:00,17:20,19:00,16:55,18:57,18:58,19:05,01:40,02:03,EARLY,ONTIME,ONTIME,ONTIME,,,,,,,,,HAN,PUS,AMD,International,VJ,,
2026-03-22|VJ902/VJ517|A657|BKK-HAN-DAD|19:05,2026-03-22,VJ902/VJ517,A657,A321,BKK-HAN-DAD,17:00,19:05,17:00,19:05,17:15,19:04,19:05,19:15,02:05,01:50,ONTIME,ONTIME,ONTIME,ONTIME,,,,,,,,,HAN,BKK,DAD,Domestic,VJ,,
2026-03-22|VJ947/VJ173|A684|KHH-HAN-SGN|19:05,2026-03-22,VJ947/VJ173,A684,A321,KHH-HAN-SGN,18:05,19:05,18:05,19:05,17:40,19:04,19:05,19:20,01:00,01:25,ONTIME,ONTIME,ONTIME,ONTIME,,,,,,,,,HAN,KHH,SGN,Domestic,VJ,,
2026-03-22|VJ1492/VJ569|A551|BMV-HAN-HUI|19:15,2026-03-22,VJ1492/VJ569,A551,A321,BMV-HAN-HUI,18:35,19:15,18:35,19:15,17:20,19:14,19:15,19:24,00:40,01:55,ONTIME,ONTIME,ONTIME,ONTIME,,,,,,,,,HAN,BMV,HUI,Domestic,VJ,,
2026-03-22|VJ928/VJ519|A542|CGK-HAN-DAD|19:45,2026-03-22,VJ928/VJ519,A542,A321,CGK-HAN-DAD,18:15,19:45,18:15,19:45,18:40,19:41,19:43,19:49,01:30,01:03,EARLY,ONTIME,ONTIME,DELAY,,,,,,,,,HAN,CGK,DAD,Domestic,VJ,,
2026-03-22|VJ152/VJ155|A646|SGN-HAN-SGN|20:05,2026-03-22,VJ152/VJ155,A646,A321,SGN-HAN-SGN,19:15,20:05,19:15,20:05,19:15,19:59,20:00,20:10,00:50,00:45,EARLY,ONTIME,ONTIME,ONTIME,,,,,,,,,HAN,SGN,SGN,Domestic,VJ,,
2026-03-22|VJ432/VJ501|A699|UIH-HAN-DAD|20:15,2026-03-22,VJ432/VJ501,A699,A320,UIH-HAN-DAD,19:10,20:15,19:10,20:15,19:10,20:06,20:07,20:16,01:05,00:57,EARLY,ONTIME,ONTIME,ONTIME,,,,,,,,,HAN,UIH,DAD,Domestic,VJ,,
2026-03-22|VJ158/VJ161|A639|SGN-HAN-SGN|21:50,2026-03-22,VJ158/VJ161,A639,A321,SGN-HAN-SGN,20:30,21:50,20:30,21:50,19:45,21:43,21:45,21:48,01:20,02:00,EARLY,ONTIME,ONTIME,ONTIME,,,,,,,,,HAN,SGN,SGN,Domestic,VJ,,
2026-03-22|VJ778/VJ523|A673|CXR-HAN-DAD|22:45,2026-03-22,VJ778/VJ523,A673,A321,CXR-HAN-DAD,22:10,22:45,23:00,23:35,23:15,23:44,23:45,23:47,00:35,00:30,DELAY,ONTIME,DELAY,DELAY,,93,00:10,,,,,,HAN,CXR,DAD,Domestic,VJ,,
2026-03-22|VJ424/VJ962|A554|PXU-HAN-ICN|22:50,2026-03-22,VJ424/VJ962,A554,A321,PXU-HAN-ICN,19:35,22:50,19:35,22:50,21:45,22:54,22:55,23:03,03:15,01:10,DELAY,ONTIME,ONTIME,DELAY,,15A,00:05,,,,,OFFLOAD 01PAX VÀ 01 BAGS,HAN,PXU,ICN,International,VJ,,
2026-03-22|VJ180/VJ171|A532|SGN-HAN-SGN|23:25,2026-03-22,VJ180/VJ171,A532,A321,SGN-HAN-SGN,22:25,23:25,22:25,23:25,22:30,23:19,23:20,23:21,01:00,00:50,EARLY,ONTIME,ONTIME,ONTIME,,,,,,,,,HAN,SGN,SGN,Domestic,VJ,,
2026-03-22|VJ935/VJ7526|A653|NRT-HAN-CAN|23:40,2026-03-22,VJ935/VJ7526,A653,A321,NRT-HAN-CAN,20:55,23:40,20:55,23:40,21:30,00:09,00:10,00:20,02:45,02:40,DELAY,DELAY,DELAY,DELAY,,46,00:30,,,,,,HAN,NRT,CAN,International,VJ,,
2026-03-23|VJ932|A816|HAN-NRT|00:55,2026-03-23,VJ932,A816,A330,HAN-NRT,,00:55,,00:55,,01:04,01:05,01:10,,,DELAY,ONTIME,ONTIME,,,99,00:10,,,,,REFUELING EXTRA FUEL,HAN,,NRT,International,VJ,,
2026-03-23|VJ982|A630|HAN-PUS|01:00,2026-03-23,VJ982,A630,A321,HAN-PUS,,01:00,,01:00,,00:46,00:47,00:51,,,EARLY,ONTIME,ONTIME,,,,,,,,,,HAN,,PUS,International,VJ,,
2026-03-23|VJ920|A554|HAN-NGO|01:35,2026-03-23,VJ920,A554,A321,HAN-NGO,,01:35,,01:35,,01:29,01:30,01:40,,,EARLY,ONTIME,ONTIME,,,,,,,,,,HAN,,NGO,International,VJ,,
2026-03-23|VJ938|A551|HAN-KIX|01:40,2026-03-23,VJ938,A551,A321,HAN-KIX,,01:40,,01:40,,01:39,01:40,01:48,,,ONTIME,ONTIME,ONTIME,,,,,,,,,,HAN,,KIX,International,VJ,,
2026-03-23|VJ960|A684|HAN-ICN|01:45,2026-03-23,VJ960,A684,A321,HAN-ICN,,01:45,,01:45,,01:44,01:45,01:52,,,ONTIME,ONTIME,ONTIME,,,,,,,,,,HAN,,ICN,International,VJ,,
2026-03-23|VJ7614/VJ7614|A537|CXR-HAN-BQS|02:10,2026-03-23,VJ7614/VJ7614,A537,A321,CXR-HAN-BQS,01:30,02:10,01:30,02:10,01:58,02:25,02:26,02:32,00:40,00:28,DELAY,DELAY,DELAY,DELAY,,93,00:16,,,,,,HAN,CXR,BQS,International,VJ,,
2026-03-23|VJ185|A650|HAN-SGN|05:10,2026-03-23,VJ185,A650,A320,HAN-SGN,,05:10,,05:10,,05:04,05:05,05:15,,,EARLY,ONTIME,ONTIME,,,,,,,,,,HAN,,SGN,Domestic,VJ,,
2026-03-23|VJ509|A687|HAN-DAD|05:25,2026-03-23,VJ509,A687,A321,HAN-DAD,,05:25,,05:25,,05:19,05:20,05:27,,,EARLY,ONTIME,ONTIME,,,,,,,,,,HAN,,DAD,Domestic,VJ,,
2026-03-23|VJ461|A658|HAN-VCA|05:30,2026-03-23,VJ461,A658,A320,HAN-VCA,,05:30,,05:30,,05:24,05:25,05:35,,,EARLY,ONTIME,ONTIME,,,,,,,,,,HAN,,VCA,Domestic,VJ,,
2026-03-23|VJ443|A639|HAN-PQC|06:00,2026-03-23,VJ443,A639,A321,HAN-PQC,,06:00,,06:00,,05:54,05:55,06:00,,,EARLY,ONTIME,ONTIME,,,,,,,,,,HAN,,PQC,Domestic,VJ,,
2026-03-23|VJ503|A637|HAN-DAD|06:00,2026-03-23,VJ503,A637,A321,HAN-DAD,,06:00,,06:00,,05:54,05:55,06:05,,,EARLY,ONTIME,ONTIME,,,,,,,,,,HAN,,DAD,Domestic,VJ,,
2026-03-23|VJ491|A542|HAN-BMV|06:00,2026-03-23,VJ491,A542,A321,HAN-BMV,,06:00,,06:00,,05:54,05:55,05:56,,,EARLY,ONTIME,ONTIME,,,,,,,,,,HAN,,BMV,Domestic,VJ,,
2026-03-23|VJ421|A647|HAN-PXU|06:05,2026-03-23,VJ421,A647,A321,HAN-PXU,,06:05,,06:05,,05:59,06:00,06:07,,,EARLY,ONTIME,ONTIME,,,,,,,,,,HAN,,PXU,Domestic,VJ,,
2026-03-23|VJ181|A548|HAN-SGN|06:40,2026-03-23,VJ181,A548,A321,HAN-SGN,,06:40,,06:40,,06:33,06:35,06:38,,,EARLY,ONTIME,ONTIME,,,,,,,,,,HAN,,SGN,Domestic,VJ,,
2026-03-23|VJ105|652G|HAN-VCS|06:45,2026-03-23,VJ105,652G,C909,HAN-VCS,,06:45,,06:45,,06:39,06:40,06:40,,,EARLY,ONTIME,ONTIME,,,,,,,,,,HAN,,VCS,Domestic,VJ,,
2026-03-23|VJ431|A671|HAN-UIH|07:10,2026-03-23,VJ431,A671,A320,HAN-UIH,,07:10,,07:10,,07:04,07:05,07:15,,,EARLY,ONTIME,ONTIME,,,,,,,,,,HAN,,UIH,Domestic,VJ,,
2026-03-23|VJ7527/VJ905|A697|CAN-HAN-KUL|07:10,2026-03-23,VJ7527/VJ905,A697,A321,CAN-HAN-KUL,04:35,07:10,04:35,07:10,05:05,07:04,07:05,07:09,02:35,02:00,EARLY,ONTIME,ONTIME,DELAY,,,,,,,,,HAN,CAN,KUL,International,VJ,,
2026-03-23|VJ956|A656|HAN-PUS|07:30,2026-03-23,VJ956,A656,A320,HAN-PUS,,07:30,,07:30,,07:23,07:25,07:26,,,EARLY,ONTIME,ONTIME,,,,,,,,,,HAN,,PUS,International,VJ,,
2026-03-23|VJ940|A544|HAN-TPE|07:35,2026-03-23,VJ940,A544,A321,HAN-TPE,,07:35,,07:35,,07:29,07:30,07:37,,,EARLY,ONTIME,ONTIME,,,,,,,,,,HAN,,TPE,International,VJ,,
2026-03-23|VJ771|A642|HAN-CXR|07:35,2026-03-23,VJ771,A642,A321,HAN-CXR,,07:35,,07:35,,07:26,07:28,07:29,,,EARLY,ONTIME,ONTIME,,,,,,,,,,HAN,,CXR,Domestic,VJ,,
2026-03-23|VJ107|656E|HAN-VCS|08:15,2026-03-23,VJ107,656E,C909,HAN-VCS,,08:15,,08:15,,08:09,08:10,08:18,,,EARLY,ONTIME,ONTIME,,,,,,,,,,HAN,,VCS,Domestic,VJ,,
2026-03-23|VJ934|A653|HAN-NRT|08:20,2026-03-23,VJ934,A653,A321,HAN-NRT,,08:20,,08:20,,08:19,08:20,08:25,,,ONTIME,ONTIME,ONTIME,,,,,,,,,,HAN,,NRT,International,VJ,,
2026-03-23|VJ930|A524|HAN-KIX|08:20,2026-03-23,VJ930,A524,A321,HAN-KIX,,08:20,,08:20,,08:19,08:20,08:25,,,ONTIME,ONTIME,ONTIME,,,,,,,,,,HAN,,KIX,International,VJ,,
2026-03-23|VJ124/VJ125|A675|SGN-HAN-SGN|08:40,2026-03-23,VJ124/VJ125,A675,A320,SGN-HAN-SGN,07:50,08:40,07:50,08:40,07:40,08:34,08:35,08:42,00:50,00:55,EARLY,ONTIME,ONTIME,ONTIME,,,,,,,,,HAN,SGN,SGN,Domestic,VJ,,
2026-03-23|VJ929|A693|HAN-CGK|08:40,2026-03-23,VJ929,A693,A321,HAN-CGK,,08:40,,08:40,,08:39,08:40,08:50,,,ONTIME,ONTIME,ONTIME,,,,,,,,,,HAN,,CGK,International,VJ,,
2026-03-23|VJ510/VJ527|A687|DAD-HAN-DAD|09:30,2026-03-23,VJ510/VJ527,A687,A321,DAD-HAN-DAD,08:35,09:30,08:35,09:30,08:55,09:29,09:30,09:40,00:55,00:35,ONTIME,ONTIME,ONTIME,DELAY,,,,,,,,,HAN,DAD,DAD,Domestic,VJ,,
2026-03-23|VJ915|A543|HAN-SIN|09:35,2026-03-23,VJ915,A543,A321,HAN-SIN,,09:35,,09:35,,09:34,09:35,09:43,,,ONTIME,ONTIME,ONTIME,,,,,,,,,,HAN,,SIN,International,VJ,,
2026-03-23|VJ176/VJ997|A575|SGN-HAN-DPS|10:00,2026-03-23,VJ176/VJ997,A575,A321,SGN-HAN-DPS,09:00,10:00,09:00,10:00,09:05,09:59,10:00,10:10,01:00,00:55,ONTIME,ONTIME,ONTIME,ONTIME,,,,,,,,,HAN,SGN,DPS,International,VJ,,
2026-03-23|VJ148/VJ149|-NVG|SGN-HAN-SGN|10:05,2026-03-23,VJ148/VJ149,-NVG,A320,SGN-HAN-SGN,09:30,10:05,09:30,10:05,09:45,10:09,10:10,10:20,00:35,00:25,DELAY,ONTIME,ONTIME,ONTIME,,93,00:05,,,,,,HAN,SGN,SGN,Domestic,VJ,,
2026-03-23|VJ504/VJ567|A637|DAD-HAN-HUI|10:10,2026-03-23,VJ504/VJ567,A637,A321,DAD-HAN-HUI,09:00,10:10,09:00,10:10,09:25,10:04,10:05,10:13,01:10,00:40,EARLY,ONTIME,ONTIME,DELAY,,,,,,,,,HAN,DAD,HUI,Domestic,VJ,,
2026-03-23|VJ492/VJ507|A542|BMV-HAN-DAD|10:30,2026-03-23,VJ492/VJ507,A542,A321,BMV-HAN-DAD,10:00,10:30,10:00,10:30,10:05,10:34,10:35,10:43,00:30,00:30,DELAY,ONTIME,ONTIME,ONTIME,,93,00:05,,,,,,HAN,BMV,DAD,Domestic,VJ,,
2026-03-23|VJ422/VJ463|A647|PXU-HAN-VCA|10:30,2026-03-23,VJ422/VJ463,A647,A321,PXU-HAN-VCA,09:40,10:30,09:40,10:30,09:50,10:28,10:30,10:30,00:50,00:40,ONTIME,ONTIME,ONTIME,ONTIME,,,,,,,,,HAN,PXU,VCA,Domestic,VJ,,
2026-03-23|VJ524/VJ775|A666|DAD-HAN-CXR|10:40,2026-03-23,VJ524/VJ775,A666,A320,DAD-HAN-CXR,07:40,10:40,07:40,10:40,07:30,10:36,10:37,10:45,03:00,03:07,EARLY,ONTIME,ONTIME,ONTIME,,,,,,,,,HAN,DAD,CXR,Domestic,VJ,,
2026-03-23|VJ184/VJ129|A820|SGN-HAN-SGN|11:25,2026-03-23,VJ184/VJ129,A820,A321,SGN-HAN-SGN,10:25,11:25,10:25,11:25,10:25,11:24,11:25,11:33,01:00,01:00,ONTIME,ONTIME,ONTIME,ONTIME,,,,,,,,,HAN,SGN,SGN,Domestic,VJ,,
2026-03-23|VJ772/VJ133|A815|CXR-HAN-SGN|11:40,2026-03-23,VJ772/VJ133,A815,A330,CXR-HAN-SGN,10:40,11:40,10:40,11:40,10:55,11:38,11:39,11:49,01:00,00:44,EARLY,ONTIME,ONTIME,ONTIME,,,,,,,,,HAN,CXR,SGN,Domestic,VJ,,
2026-03-23|VJ137|A536|HAN-SGN|11:40,2026-03-23,VJ137,A536,A321,HAN-SGN,,11:40,,11:40,,11:38,11:40,11:42,,,ONTIME,ONTIME,ONTIME,,,,,,,,,,HAN,,SGN,Domestic,VJ,,
2026-03-23|VJ963/VJ946|A534|ICN-HAN-KHH|11:45,2026-03-23,VJ963/VJ946,A534,A321,ICN-HAN-KHH,09:30,11:45,09:30,11:45,09:05,11:49,11:50,11:55,02:15,02:45,DELAY,ONTIME,ONTIME,ONTIME,,15A,00:05,,,,,OFFLOAD 2 PAX 1 BAG,HAN,ICN,KHH,International,VJ,,
2026-03-23|VJ981/VJ901|A630|PUS-HAN-BKK|12:15,2026-03-23,VJ981/VJ901,A630,A321,PUS-HAN-BKK,11:00,12:15,11:00,12:15,10:45,12:14,12:15,12:20,01:15,01:30,ONTIME,ONTIME,ONTIME,ONTIME,,,,,,,,,HAN,PUS,BKK,International,VJ,,
2026-03-23|VJ132/VJ441|A650|SGN-HAN-PQC|12:25,2026-03-23,VJ132/VJ441,A650,A320,SGN-HAN-PQC,11:10,12:25,11:10,12:25,11:15,12:24,12:25,12:35,01:15,01:10,ONTIME,ONTIME,ONTIME,ONTIME,,,,,,,,,HAN,SGN,PQC,Domestic,VJ,,
2026-03-23|VJ770/VJ948|A539|CXR-HAN-RMQ|13:30,2026-03-23,VJ770/VJ948,A539,A321,CXR-HAN-RMQ,12:00,13:30,12:00,13:30,12:00,13:21,13:22,13:25,01:30,01:22,EARLY,ONTIME,ONTIME,ONTIME,,,,,,,,,HAN,CXR,RMQ,International,VJ,,
2026-03-23|VJ528/VJ513|A687|DAD-HAN-DAD|13:35,2026-03-23,VJ528/VJ513,A687,A321,DAD-HAN-DAD,12:40,13:35,12:40,13:35,13:15,13:44,13:45,13:50,00:55,00:30,DELAY,ONTIME,ONTIME,DELAY,,93,00:10,,,,,,HAN,DAD,DAD,Domestic,VJ,,
2026-03-23|VJ128/VJ143|A814|SGN-HAN-SGN|13:40,2026-03-23,VJ128/VJ143,A814,A330,SGN-HAN-SGN,12:10,13:40,12:10,13:40,12:20,13:39,13:40,13:50,01:30,01:20,ONTIME,ONTIME,ONTIME,ONTIME,,,,,,,,,HAN,SGN,SGN,Domestic,VJ,,
2026-03-23|VJ188/VJ151|A657|SGN-HAN-SGN|14:00,2026-03-23,VJ188/VJ151,A657,A321,SGN-HAN-SGN,13:25,14:00,13:25,14:00,13:35,13:59,14:00,14:03,00:35,00:25,ONTIME,ONTIME,ONTIME,ONTIME,,,,,,,,,HAN,SGN,SGN,Domestic,VJ,,
2026-03-23|VJ442/VJ511|A639|PQC-HAN-DAD|14:20,2026-03-23,VJ442/VJ511,A639,A321,PQC-HAN-DAD,10:45,14:20,10:45,14:20,10:53,14:16,14:17,14:20,03:35,03:24,EARLY,ONTIME,ONTIME,ONTIME,,,,,,,,,HAN,PQC,DAD,Domestic,VJ,,
2026-03-23|VJ939/VJ942|A551|KIX-HAN-TPE|14:25,2026-03-23,VJ939/VJ942,A551,A321,KIX-HAN-TPE,13:05,14:25,13:05,14:25,12:50,14:22,14:23,14:26,01:20,01:33,EARLY,ONTIME,ONTIME,ONTIME,,,,,,,,,HAN,KIX,TPE,International,VJ,,
2026-03-23|VJ566/VJ1491|A637|HUI-HAN-BMV|14:35,2026-03-23,VJ566/VJ1491,A637,A321,HUI-HAN-BMV,13:05,14:35,13:05,14:35,13:15,14:29,14:30,14:35,01:30,01:15,EARLY,ONTIME,ONTIME,ONTIME,,,,,,,,,HAN,HUI,BMV,Domestic,VJ,,
2026-03-23|VJ7615/VJ7615|A537|BQS-HAN-CXR|15:10,2026-03-23,VJ7615/VJ7615,A537,A321,BQS-HAN-CXR,14:40,15:10,14:40,15:10,15:00,15:19,15:20,15:22,00:30,00:20,DELAY,ONTIME,ONTIME,DELAY,,93,00:10,,,,,,HAN,BQS,CXR,Domestic,VJ,,
2026-03-23|VJ774/VJ433|A666|CXR-HAN-UIH|15:25,2026-03-23,VJ774/VJ433,A666,A320,CXR-HAN-UIH,14:50,15:25,14:50,15:25,15:27,15:48,15:50,15:54,00:35,00:23,DELAY,DELAY,DELAY,DELAY,,93,00:25,,,,,,HAN,CXR,UIH,Domestic,VJ,,
2026-03-23|VJ508/VJ1441|A542|DAD-HAN-PQC|15:30,2026-03-23,VJ508/VJ1441,A542,A321,DAD-HAN-PQC,13:40,15:30,13:40,15:30,14:20,15:28,15:29,15:32,01:50,01:09,EARLY,ONTIME,ONTIME,DELAY,,,,,,,,,HAN,DAD,PQC,Domestic,VJ,,
2026-03-23|VJ144/VJ145|A553|SGN-HAN-SGN|15:35,2026-03-23,VJ144/VJ145,A553,A321,SGN-HAN-SGN,14:10,15:35,14:10,15:35,14:35,15:34,15:35,15:40,01:25,01:00,ONTIME,ONTIME,ONTIME,DELAY,,,,,,,,,HAN,SGN,SGN,Domestic,VJ,,
2026-03-23|VJ921/VJ903|A554|NGO-HAN-BKK|15:50,2026-03-23,VJ921/VJ903,A554,A321,NGO-HAN-BKK,13:40,15:50,13:40,15:50,12:50,15:44,15:45,15:55,02:10,02:55,EARLY,ONTIME,ONTIME,ONTIME,,,,,,,,,HAN,NGO,BKK,International,VJ,,
2026-03-23|VJ198/VJ191|A532|SGN-HAN-SGN|15:55,2026-03-23,VJ198/VJ191,A532,A321,SGN-HAN-SGN,15:10,15:55,15:10,15:55,15:05,15:54,15:55,16:09,00:45,00:50,ONTIME,ONTIME,ONTIME,ONTIME,,,,,,,,,HAN,SGN,SGN,Domestic,VJ,,
2026-03-23|VJ961/VJ423|A684|ICN-HAN-PXU|15:55,2026-03-23,VJ961/VJ423,A684,A321,ICN-HAN-PXU,14:10,15:55,14:10,15:55,14:05,15:51,15:52,16:07,01:45,01:47,EARLY,ONTIME,ONTIME,ONTIME,,,,,,,,,HAN,ICN,PXU,Domestic,VJ,,
2026-03-23|VJ933/VJ195|A816|NRT-HAN-SGN|16:00,2026-03-23,VJ933/VJ195,A816,A330,NRT-HAN-SGN,14:00,16:00,14:00,16:00,13:50,15:59,16:00,16:10,02:00,02:10,ONTIME,ONTIME,ONTIME,ONTIME,,,,,,,,,HAN,NRT,SGN,Domestic,VJ,,
2026-03-23|VJ941/VJ913|A544|TPE-HAN-SAI|16:20,2026-03-23,VJ941/VJ913,A544,A321,TPE-HAN-SAI,14:10,16:20,14:10,16:20,14:35,16:09,16:10,16:25,02:10,01:35,EARLY,ONTIME,ONTIME,DELAY,,,,,,,,,HAN,TPE,SAI,International,VJ,,
2026-03-23|VJ440/VJ515|A689|PQC-HAN-DAD|16:25,2026-03-23,VJ440/VJ515,A689,A320,PQC-HAN-DAD,12:40,16:25,12:40,16:25,12:40,16:24,16:25,16:35,03:45,03:45,ONTIME,ONTIME,ONTIME,ONTIME,,,,,,,,,HAN,PQC,DAD,Domestic,VJ,,
2026-03-23|VJ134/VJ163|-MLI|SGN-HAN-SGN|17:20,2026-03-23,VJ134/VJ163,-MLI,A320,SGN-HAN-SGN,16:50,17:20,16:50,17:20,16:55,17:19,17:20,17:28,00:30,00:25,ONTIME,ONTIME,ONTIME,ONTIME,,,,,,,,,HAN,SGN,SGN,Domestic,VJ,,
2026-03-23|VJ462/VJ465|A658|VCA-HAN-VCA|17:25,2026-03-23,VJ462/VJ465,A658,A320,VCA-HAN-VCA,15:40,17:25,15:40,17:25,15:35,17:14,17:15,17:20,01:45,01:40,EARLY,ONTIME,ONTIME,ONTIME,,,,,,,,,HAN,VCA,VCA,Domestic,VJ,,
2026-03-23|VJ445|A671|HAN-PQC|17:40,2026-03-23,VJ445,A671,A320,HAN-PQC,,17:40,,17:40,,17:44,17:45,17:49,,,DELAY,ONTIME,ONTIME,,,15A,00:05,,,,,OFFLOAD 01 PAX+01BAG,HAN,,PQC,Domestic,VJ,,
2026-03-23|VJ512/VJ779|A639|DAD-HAN-CXR|18:00,2026-03-23,VJ512/VJ779,A639,A321,DAD-HAN-CXR,17:30,18:00,17:30,18:00,17:50,18:19,18:20,18:29,00:30,00:30,DELAY,DELAY,DELAY,DELAY,,93,00:20,,,,,,HAN,DAD,CXR,Domestic,VJ,,
2026-03-23|VJ146/VJ169|A820|SGN-HAN-SGN|18:00,2026-03-23,VJ146/VJ169,A820,A321,SGN-HAN-SGN,17:00,18:00,17:00,18:00,17:20,17:58,18:00,18:03,01:00,00:40,ONTIME,ONTIME,ONTIME,DELAY,,,,,,,,,HAN,SGN,SGN,Domestic,VJ,,
2026-03-23|VJ957/VJ1925|A656|PUS-HAN-AMD|19:00,2026-03-23,VJ957/VJ1925,A656,A320,PUS-HAN-AMD,17:20,19:00,17:20,19:00,16:55,18:59,19:00,19:07,01:40,02:05,ONTIME,ONTIME,ONTIME,ONTIME,,,,,,,,,HAN,PUS,AMD,International,VJ,,
2026-03-23|VJ1492/VJ517|A637|BMV-HAN-DAD|19:05,2026-03-23,VJ1492/VJ517,A637,A321,BMV-HAN-DAD,18:35,19:05,18:35,19:05,18:40,19:09,19:10,19:15,00:30,00:30,DELAY,ONTIME,ONTIME,ONTIME,,93,00:05,,,,,,HAN,BMV,DAD,Domestic,VJ,,
2026-03-23|VJ916/VJ907|A543|SIN-HAN-BOM|19:15,2026-03-23,VJ916/VJ907,A543,A321,SIN-HAN-BOM,17:25,19:15,17:25,19:15,17:25,19:14,19:15,19:20,01:50,01:50,ONTIME,ONTIME,ONTIME,ONTIME,,,,,,,,,HAN,SIN,BOM,International,VJ,,
2026-03-23|VJ460/VJ569|A647|VCA-HAN-HUI|19:15,2026-03-23,VJ460/VJ569,A647,A321,VCA-HAN-HUI,15:20,19:15,15:20,19:15,15:50,18:59,19:00,19:07,03:55,03:10,EARLY,ONTIME,ONTIME,DELAY,,,,,,,,,HAN,VCA,HUI,Domestic,VJ,,
2026-03-23|VJ514/VJ519|A687|DAD-HAN-DAD|19:45,2026-03-23,VJ514/VJ519,A687,A321,DAD-HAN-DAD,16:45,19:45,16:45,19:45,17:45,19:42,19:43,19:45,03:00,01:58,EARLY,ONTIME,ONTIME,DELAY,,,,,,,,,HAN,DAD,DAD,Domestic,VJ,,
2026-03-23|VJ928/VJ155|A693|CGK-HAN-SGN|20:05,2026-03-23,VJ928/VJ155,A693,A321,CGK-HAN-SGN,18:15,20:05,18:15,20:05,18:30,19:59,20:00,20:19,01:50,01:30,EARLY,ONTIME,ONTIME,ONTIME,,,,,,,,,HAN,CGK,SGN,Domestic,VJ,,
2026-03-23|VJ446/VJ7712|A676|PQC-HAN-PKX|20:05,2026-03-23,VJ446/VJ7712,A676,A320,PQC-HAN-PKX,17:10,20:05,17:10,20:05,17:00,19:48,19:50,20:03,02:55,02:50,EARLY,ONTIME,ONTIME,ONTIME,,,,,,,,,HAN,PQC,PKX,International,VJ,,
2026-03-23|VJ516/VJ501|A689|DAD-HAN-DAD|20:15,2026-03-23,VJ516/VJ501,A689,A320,DAD-HAN-DAD,19:35,20:15,20:10,20:35,20:10,20:34,20:35,20:42,00:25,00:25,ONTIME,ONTIME,DELAY,DELAY,,,,,,,,,HAN,DAD,DAD,Domestic,VJ,,
2026-03-23|VJ432/VJ7238|A666|UIH-HAN-PVG|21:30,2026-03-23,VJ432/VJ7238,A666,A320,UIH-HAN-PVG,19:10,21:30,19:10,21:30,19:35,21:17,21:19,21:25,02:20,01:44,EARLY,ONTIME,ONTIME,DELAY,,,,,,,,,HAN,UIH,PVG,International,VJ,,
2026-03-23|VJ160/VJ161|A532|SGN-HAN-SGN|21:50,2026-03-23,VJ160/VJ161,A532,A321,SGN-HAN-SGN,21:15,21:50,21:15,21:50,21:40,22:09,22:10,22:15,00:35,00:30,DELAY,DELAY,DELAY,DELAY,,93,00:20,,,,,,HAN,SGN,SGN,Domestic,VJ,,
2026-03-23|VJ568/VJ523|A647|HUI-HAN-DAD|22:45,2026-03-23,VJ568/VJ523,A647,A321,HUI-HAN-DAD,22:15,22:45,22:15,22:45,22:20,22:49,22:50,22:59,00:30,00:30,DELAY,ONTIME,ONTIME,ONTIME,,93,00:05,,,,,,HAN,HUI,DAD,Domestic,VJ,,
2026-03-23|VJ947/VJ962|A534|KHH-HAN-ICN|22:50,2026-03-23,VJ947/VJ962,A534,A321,KHH-HAN-ICN,18:05,22:50,18:05,22:50,17:50,22:54,22:55,23:05,04:45,05:05,DELAY,ONTIME,ONTIME,ONTIME,,15A,00:05,,,,,OFFLOAD 1PAX+2BAG,HAN,KHH,ICN,International,VJ,,
2026-03-23|VJ180/VJ171|A683|SGN-HAN-SGN|23:25,2026-03-23,VJ180/VJ171,A683,A321,SGN-HAN-SGN,22:25,23:25,22:25,23:25,22:30,23:23,23:25,23:27,01:00,00:55,ONTIME,ONTIME,ONTIME,ONTIME,,,,,,,,,HAN,SGN,SGN,Domestic,VJ,,
2026-03-23|VJ518/VJ7526|A637|DAD-HAN-CAN|23:40,2026-03-23,VJ518/VJ7526,A637,A321,DAD-HAN-CAN,22:15,23:40,22:15,23:40,22:45,23:39,23:40,23:50,01:25,00:55,ONTIME,ONTIME,ONTIME,DELAY,,,,,,,,,HAN,DAD,CAN,International,VJ,,
2026-03-24|VJ932|A816|HAN-NRT|00:55,2026-03-24,VJ932,A816,A330,HAN-NRT,,00:55,,00:55,,00:51,00:52,00:55,,,EARLY,ONTIME,ONTIME,,,,,,,,,,HAN,,NRT,International,VJ,,
2026-03-24|VJ982|A630|HAN-PUS|01:00,2026-03-24,VJ982,A630,A321,HAN-PUS,,01:00,,01:00,,00:59,01:00,01:14,,,ONTIME,ONTIME,ONTIME,,,,,,,,,,HAN,,PUS,International,VJ,,
2026-03-24|VJ920|A575|HAN-NGO|01:35,2026-03-24,VJ920,A575,A321,HAN-NGO,,01:35,,01:35,,01:21,01:22,01:28,,,EARLY,ONTIME,ONTIME,,,,,,,,,,HAN,,NGO,International,VJ,,
2026-03-24|VJ938|A554|HAN-KIX|01:40,2026-03-24,VJ938,A554,A321,HAN-KIX,,01:40,,01:40,,01:34,01:35,01:40,,,EARLY,ONTIME,ONTIME,,,,,,,,,,HAN,,KIX,International,VJ,,
2026-03-24|VJ960|A553|HAN-ICN|01:45,2026-03-24,VJ960,A553,A321,HAN-ICN,,01:45,,01:45,,01:32,01:34,01:35,,,EARLY,ONTIME,ONTIME,,,,,,,,,,HAN,,ICN,International,VJ,,
2026-03-24|VJ958|A687|HAN-FUK|02:05,2026-03-24,VJ958,A687,A321,HAN-FUK,,02:05,,02:05,,01:49,01:50,01:55,,,EARLY,ONTIME,ONTIME,,,,,,,,,,HAN,,FUK,International,VJ,,
2026-03-24|VJ185|A663|HAN-SGN|05:10,2026-03-24,VJ185,A663,A320,HAN-SGN,,05:10,,05:10,,05:04,05:05,05:10,,,EARLY,ONTIME,ONTIME,,,,,,,,,,HAN,,SGN,Domestic,VJ,,
2026-03-24|VJ461|A658|HAN-VCA|05:30,2026-03-24,VJ461,A658,A320,HAN-VCA,,05:30,,05:30,,05:24,05:25,05:27,,,EARLY,ONTIME,ONTIME,,,,,,,,,,HAN,,VCA,Domestic,VJ,,
2026-03-24|VJ773|A815|HAN-CXR|05:45,2026-03-24,VJ773,A815,A330,HAN-CXR,,05:45,,05:45,,05:54,05:55,06:00,,,DELAY,ONTIME,ONTIME,,,15A,00:10,,,,,OFFLOAD 13PAX+03BAG,HAN,,CXR,Domestic,VJ,,
2026-03-24|VJ503|A632|HAN-DAD|06:00,2026-03-24,VJ503,A632,A321,HAN-DAD,,06:00,,06:00,,05:54,05:55,06:00,,,EARLY,ONTIME,ONTIME,,,,,,,,,,HAN,,DAD,Domestic,VJ,,
2026-03-24|VJ491|A636|HAN-BMV|06:00,2026-03-24,VJ491,A636,A321,HAN-BMV,,06:00,,06:00,,05:59,06:00,06:15,,,ONTIME,ONTIME,ONTIME,,,,,,,,,,HAN,,BMV,Domestic,VJ,,
2026-03-24|VJ7527/VJ443|A637|CAN-HAN-PQC|06:00,2026-03-24,VJ7527/VJ443,A637,A321,CAN-HAN-PQC,04:35,06:00,04:35,06:00,04:25,05:54,05:55,06:02,01:25,01:30,EARLY,ONTIME,ONTIME,ONTIME,,,,,,,,,HAN,CAN,PQC,Domestic,VJ,,
2026-03-24|VJ421|A653|HAN-PXU|06:05,2026-03-24,VJ421,A653,A321,HAN-PXU,,06:05,,06:05,,05:59,06:00,06:11,,,EARLY,ONTIME,ONTIME,,,,,,,,,,HAN,,PXU,Domestic,VJ,,
2026-03-24|VJ7713/VJ952|A676|PKX-HAN-HIJ|06:35,2026-03-24,VJ7713/VJ952,A676,A320,PKX-HAN-HIJ,04:10,06:35,04:10,06:35,04:00,06:34,06:35,06:46,02:25,02:35,ONTIME,ONTIME,ONTIME,ONTIME,,,,,,,,,HAN,PKX,HIJ,International,VJ,,
2026-03-24|VJ181|A684|HAN-SGN|06:40,2026-03-24,VJ181,A684,A321,HAN-SGN,,06:40,,06:40,,06:34,06:35,06:42,,,EARLY,ONTIME,ONTIME,,,,,,,,,,HAN,,SGN,Domestic,VJ,,
2026-03-24|VJ105|652G|HAN-VCS|06:45,2026-03-24,VJ105,652G,C909,HAN-VCS,,06:45,,06:45,,06:29,06:30,06:50,,,EARLY,ONTIME,ONTIME,,,,,,,,,,HAN,,VCS,Domestic,VJ,,
2026-03-24|VJ905|A697|HAN-KUL|07:10,2026-03-24,VJ905,A697,A321,HAN-KUL,,07:10,,07:10,,07:29,07:30,07:37,,,DELAY,DELAY,DELAY,,,41,00:20,,,,,TECHNICAL CHECK,HAN,,KUL,International,VJ,,
2026-03-24|VJ7239/VJ431|A666|PVG-HAN-UIH|07:10,2026-03-24,VJ7239/VJ431,A666,A320,PVG-HAN-UIH,05:15,07:10,05:15,07:10,05:00,07:04,07:05,07:18,01:55,02:05,EARLY,ONTIME,ONTIME,ONTIME,,,,,,,,,HAN,PVG,UIH,Domestic,VJ,,
2026-03-24|VJ1926/VJ956|A656|AMD-HAN-PUS|07:30,2026-03-24,VJ1926/VJ956,A656,A320,AMD-HAN-PUS,06:20,07:30,06:20,07:30,05:50,07:29,07:30,07:45,01:10,01:40,ONTIME,ONTIME,ONTIME,ONTIME,,,,,,,,,HAN,AMD,PUS,International,VJ,,
2026-03-24|VJ940|A670|HAN-TPE|07:35,2026-03-24,VJ940,A670,A321,HAN-TPE,,07:35,,07:35,,07:34,07:35,07:50,,,ONTIME,ONTIME,ONTIME,,,,,,,,,,HAN,,TPE,International,VJ,,
2026-03-24|VJ771|A524|HAN-CXR|07:35,2026-03-24,VJ771,A524,A321,HAN-CXR,,07:35,,07:35,,07:29,07:30,07:45,,,EARLY,ONTIME,ONTIME,,,,,,,,,,HAN,,CXR,Domestic,VJ,,
2026-03-24|VJ107|656E|HAN-VCS|08:15,2026-03-24,VJ107,656E,C909,HAN-VCS,,08:15,,08:15,,07:57,07:58,08:05,,,EARLY,ONTIME,ONTIME,,,,,,,,,,HAN,,VCS,Domestic,VJ,,
2026-03-24|VJ934|A539|HAN-NRT|08:20,2026-03-24,VJ934,A539,A321,HAN-NRT,,08:20,,08:20,,08:14,08:15,08:20,,,EARLY,ONTIME,ONTIME,,,,,,,,,,HAN,,NRT,International,VJ,,
2026-03-24|VJ930|A551|HAN-KIX|08:20,2026-03-24,VJ930,A551,A321,HAN-KIX,,08:20,,08:20,,08:19,08:20,08:30,,,ONTIME,ONTIME,ONTIME,,,,,,,,,,HAN,,KIX,International,VJ,,
2026-03-24|VJ524/VJ929|A550|DAD-HAN-CGK|08:40,2026-03-24,VJ524/VJ929,A550,A321,DAD-HAN-CGK,07:40,08:40,07:40,08:40,07:40,08:31,08:33,08:37,01:00,00:53,EARLY,ONTIME,ONTIME,ONTIME,,,,,,,,,HAN,DAD,CGK,International,VJ,,
2026-03-24|VJ124/VJ125|A677|SGN-HAN-SGN|08:40,2026-03-24,VJ124/VJ125,A677,A321,SGN-HAN-SGN,07:50,08:40,07:50,08:40,07:45,08:38,08:40,08:41,00:50,00:55,ONTIME,ONTIME,ONTIME,ONTIME,,,,,,,,,HAN,SGN,SGN,Domestic,VJ,,
2026-03-24|VJ910/VJ915|A543|BOM-HAN-SIN|09:35,2026-03-24,VJ910/VJ915,A543,A321,BOM-HAN-SIN,06:40,09:35,06:40,09:35,06:10,09:19,09:20,09:25,02:55,03:10,EARLY,ONTIME,ONTIME,ONTIME,,,,,,,,,HAN,BOM,SIN,International,VJ,,
2026-03-24|VJ126/VJ997|A693|SGN-HAN-DPS|10:00,2026-03-24,VJ126/VJ997,A693,A321,SGN-HAN-DPS,08:25,10:00,08:25,10:00,08:35,09:58,09:59,10:04,01:35,01:24,EARLY,ONTIME,ONTIME,ONTIME,,,,,,,,,HAN,SGN,DPS,International,VJ,,
2026-03-24|VJ148/VJ149|-NVG|SGN-HAN-SGN|10:05,2026-03-24,VJ148/VJ149,-NVG,A320,SGN-HAN-SGN,09:30,10:05,09:30,10:05,09:30,10:00,10:02,10:05,00:35,00:32,EARLY,ONTIME,ONTIME,ONTIME,,,,,,,,,HAN,SGN,SGN,Domestic,VJ,,
2026-03-24|VJ504/VJ567|A629|DAD-HAN-HUI|10:10,2026-03-24,VJ504/VJ567,A629,A321,DAD-HAN-HUI,09:20,10:10,09:20,10:10,09:45,10:09,10:10,10:18,00:50,00:25,ONTIME,ONTIME,ONTIME,DELAY,,,,,,,,,HAN,DAD,HUI,Domestic,VJ,,
2026-03-24|VJ507|A536|HAN-DAD|10:30,2026-03-24,VJ507,A536,A321,HAN-DAD,,10:30,,10:30,,10:28,10:30,10:36,,,ONTIME,ONTIME,ONTIME,,,,,,,,,,HAN,,DAD,Domestic,VJ,,
2026-03-24|VJ422/VJ463|A653|PXU-HAN-VCA|10:30,2026-03-24,VJ422/VJ463,A653,A321,PXU-HAN-VCA,09:40,10:30,09:40,10:30,09:50,10:29,10:30,10:44,00:50,00:40,ONTIME,ONTIME,ONTIME,ONTIME,,,,,,,,,HAN,PXU,VCA,Domestic,VJ,,
2026-03-24|VJ184/VJ129|A820|SGN-HAN-SGN|11:25,2026-03-24,VJ184/VJ129,A820,A321,SGN-HAN-SGN,10:25,11:25,10:25,11:25,10:40,11:24,11:25,11:35,01:00,00:45,ONTIME,ONTIME,ONTIME,ONTIME,,,,,,,,,HAN,SGN,SGN,Domestic,VJ,,
2026-03-24|VJ963/VJ946|A534|ICN-HAN-KHH|11:45,2026-03-24,VJ963/VJ946,A534,A321,ICN-HAN-KHH,09:30,11:45,09:30,11:45,09:00,11:44,11:45,11:47,02:15,02:45,ONTIME,ONTIME,ONTIME,ONTIME,,,,,,,,,HAN,ICN,KHH,International,VJ,,
2026-03-24|VJ981/VJ901|A630|PUS-HAN-BKK|12:15,2026-03-24,VJ981/VJ901,A630,A321,PUS-HAN-BKK,11:00,12:15,11:00,12:15,10:45,12:11,12:12,12:14,01:15,01:27,EARLY,ONTIME,ONTIME,ONTIME,,,,,,,,,HAN,PUS,BKK,International,VJ,,
2026-03-24|VJ430/VJ441|A666|UIH-HAN-PQC|12:25,2026-03-24,VJ430/VJ441,A666,A320,UIH-HAN-PQC,10:55,12:25,10:55,12:25,11:00,12:24,12:25,12:30,01:30,01:25,ONTIME,ONTIME,ONTIME,ONTIME,,,,,,,,,HAN,UIH,PQC,Domestic,VJ,,
2026-03-24|VJ186/VJ183|A814|SGN-HAN-SGN|12:40,2026-03-24,VJ186/VJ183,A814,A330,SGN-HAN-SGN,11:40,12:40,11:40,13:10,12:10,13:06,13:08,13:09,01:30,00:58,EARLY,ONTIME,DELAY,DELAY,,,,,,,,,HAN,SGN,SGN,Domestic,VJ,,
2026-03-24|VJ780/VJ781|A634|CXR-HAN-CXR|13:00,2026-03-24,VJ780/VJ781,A634,A321,CXR-HAN-CXR,12:30,13:00,12:30,13:00,13:10,13:39,13:40,13:52,00:30,00:30,DELAY,DELAY,DELAY,DELAY,,93,00:40,,,,,,HAN,CXR,CXR,Domestic,VJ,,
2026-03-24|VJ959/VJ948|A687|FUK-HAN-RMQ|13:30,2026-03-24,VJ959/VJ948,A687,A321,FUK-HAN-RMQ,12:25,13:30,12:25,13:30,12:05,13:23,13:25,13:30,01:05,01:20,EARLY,ONTIME,ONTIME,ONTIME,,,,,,,,,HAN,FUK,RMQ,International,VJ,,
2026-03-24|VJ442/VJ513|A637|PQC-HAN-DAD|13:35,2026-03-24,VJ442/VJ513,A637,A321,PQC-HAN-DAD,10:45,13:35,10:45,13:35,11:25,13:34,13:35,13:43,02:50,02:10,ONTIME,ONTIME,ONTIME,DELAY,,,,,,,,,HAN,PQC,DAD,Domestic,VJ,,
2026-03-24|VJ128/VJ143|A811|SGN-HAN-SGN|13:40,2026-03-24,VJ128/VJ143,A811,A330,SGN-HAN-SGN,12:10,13:40,12:10,14:10,13:15,14:06,14:08,14:12,02:00,00:53,EARLY,ONTIME,DELAY,DELAY,,,,,,,,,HAN,SGN,SGN,Domestic,VJ,,
2026-03-24|VJ508/VJ511|A536|DAD-HAN-DAD|14:20,2026-03-24,VJ508/VJ511,A536,A321,DAD-HAN-DAD,13:40,14:20,13:40,14:20,14:15,14:44,14:45,14:55,00:40,00:30,DELAY,DELAY,DELAY,DELAY,,93,00:25,,,,,,HAN,DAD,DAD,Domestic,VJ,,
2026-03-24|VJ939/VJ942|A554|KIX-HAN-TPE|14:25,2026-03-24,VJ939/VJ942,A554,A321,KIX-HAN-TPE,13:05,14:25,13:05,14:25,12:50,14:18,14:19,14:23,01:20,01:29,EARLY,ONTIME,ONTIME,ONTIME,,,,,,,,,HAN,KIX,TPE,International,VJ,,
2026-03-24|VJ770/VJ1491|A639|CXR-HAN-BMV|14:35,2026-03-24,VJ770/VJ1491,A639,A321,CXR-HAN-BMV,12:00,14:35,12:00,14:35,12:45,14:34,14:35,14:39,02:35,01:50,ONTIME,ONTIME,ONTIME,DELAY,,,,,,,,,HAN,CXR,BMV,Domestic,VJ,,
2026-03-24|VJ144/VJ153|A677|SGN-HAN-SGN|15:10,2026-03-24,VJ144/VJ153,A677,A321,SGN-HAN-SGN,14:10,15:10,14:10,15:10,14:25,14:59,15:00,15:18,01:00,00:35,EARLY,ONTIME,ONTIME,ONTIME,,,,,,,,,HAN,SGN,SGN,Domestic,VJ,,
2026-03-24|VJ440/VJ433|A671|PQC-HAN-UIH|15:25,2026-03-24,VJ440/VJ433,A671,A320,PQC-HAN-UIH,11:55,15:25,11:55,15:25,12:20,15:14,15:15,15:20,03:30,02:55,EARLY,ONTIME,ONTIME,DELAY,,,,,,,,,HAN,PQC,UIH,Domestic,VJ,,
2026-03-24|VJ941/VJ1441|A670|TPE-HAN-PQC|15:30,2026-03-24,VJ941/VJ1441,A670,A321,TPE-HAN-PQC,14:10,15:30,14:10,15:30,15:05,15:39,15:40,15:47,01:20,00:35,DELAY,ONTIME,DELAY,DELAY,,93,00:05,66,00:05,,,CREW HN OB 1510,HAN,TPE,PQC,Domestic,VJ,,
2026-03-24|VJ921/VJ145|A575|NGO-HAN-SGN|15:35,2026-03-24,VJ921/VJ145,A575,A321,NGO-HAN-SGN,13:40,15:35,13:40,15:35,13:00,15:34,15:35,15:40,01:55,02:35,ONTIME,ONTIME,ONTIME,ONTIME,,,,,,,,,HAN,NGO,SGN,Domestic,VJ,,
2026-03-24|VJ198/VJ423|A522|SGN-HAN-PXU|15:55,2026-03-24,VJ198/VJ423,A522,A321,SGN-HAN-PXU,15:10,15:55,15:10,15:55,15:25,15:54,15:55,16:03,00:45,00:30,ONTIME,ONTIME,ONTIME,ONTIME,,,,,,,,,HAN,SGN,PXU,Domestic,VJ,,
2026-03-24|VJ933/VJ195|A816|NRT-HAN-SGN|16:00,2026-03-24,VJ933/VJ195,A816,A330,NRT-HAN-SGN,14:00,16:00,14:00,16:00,13:50,15:59,16:00,16:02,02:00,02:10,ONTIME,ONTIME,ONTIME,ONTIME,,,,,,,,,HAN,NRT,SGN,Domestic,VJ,,
2026-03-24|VJ906/VJ913|A697|KUL-HAN-SAI|16:20,2026-03-24,VJ906/VJ913,A697,A321,KUL-HAN-SAI,14:55,16:20,14:55,16:20,14:50,16:05,16:06,16:11,01:25,01:16,EARLY,ONTIME,ONTIME,ONTIME,,,,,,,,,HAN,KUL,SAI,International,VJ,,
2026-03-24|VJ460/VJ515|A653|VCA-HAN-DAD|16:25,2026-03-24,VJ460/VJ515,A653,A321,VCA-HAN-DAD,15:20,16:25,15:20,16:25,16:00,16:29,16:30,16:40,01:05,00:30,DELAY,ONTIME,ONTIME,DELAY,,93,00:05,,,,,,HAN,VCA,DAD,Domestic,VJ,,
2026-03-24|VJ462/VJ147|A658|VCA-HAN-SGN|17:10,2026-03-24,VJ462/VJ147,A658,A320,VCA-HAN-SGN,15:40,17:10,15:40,17:10,15:50,17:03,17:04,17:10,01:30,01:14,EARLY,ONTIME,ONTIME,ONTIME,,,,,,,,,HAN,VCA,SGN,Domestic,VJ,,
2026-03-24|VJ134/VJ163|-NVE|SGN-HAN-SGN|17:20,2026-03-24,VJ134/VJ163,-NVE,A320,SGN-HAN-SGN,16:50,17:20,16:50,17:20,16:55,17:14,17:15,17:20,00:30,00:20,EARLY,ONTIME,ONTIME,ONTIME,,,,,,,,,HAN,SGN,SGN,Domestic,VJ,,
2026-03-24|VJ514/VJ465|A637|DAD-HAN-VCA|17:25,2026-03-24,VJ514/VJ465,A637,A321,DAD-HAN-VCA,16:45,17:25,16:45,17:25,17:15,17:44,17:45,18:05,00:40,00:30,DELAY,DELAY,DELAY,DELAY,,93,00:20,,,,,,HAN,DAD,VCA,Domestic,VJ,,
2026-03-24|VJ784/VJ783|A634|CXR-HAN-CXR|17:40,2026-03-24,VJ784/VJ783,A634,A321,CXR-HAN-CXR,17:10,17:40,17:10,18:15,18:10,18:29,18:30,18:35,01:05,00:20,DELAY,ONTIME,DELAY,DELAY,,93,00:15,,,,,,HAN,CXR,CXR,Domestic,VJ,,
2026-03-24|VJ953/VJ445|A676|HIJ-HAN-PQC|17:40,2026-03-24,VJ953/VJ445,A676,A320,HIJ-HAN-PQC,16:20,17:40,16:20,17:40,16:36,17:37,17:38,17:42,01:20,01:02,EARLY,ONTIME,ONTIME,DELAY,,,,,,,,,HAN,HIJ,PQC,Domestic,VJ,,
2026-03-24|VJ512/VJ779|A642|DAD-HAN-CXR|18:00,2026-03-24,VJ512/VJ779,A642,A321,DAD-HAN-CXR,17:30,18:00,17:30,18:00,17:45,18:49,18:50,18:52,00:30,01:05,DELAY,DELAY,DELAY,ONTIME,,93,00:15,99,00:35,,,A08 REQUEST OFFLOAD 1 PAX (SEAT 29C),HAN,DAD,CXR,Domestic,VJ,,
2026-03-24|VJ165|A669|HAN-SGN|18:30,2026-03-24,VJ165,A669,A320,HAN-SGN,,18:30,,18:30,,18:26,18:27,18:33,,,EARLY,ONTIME,ONTIME,,,,,,,,,,HAN,,SGN,Domestic,VJ,,
2026-03-24|VJ192/VJ189|A811|SGN-HAN-SGN|19:00,2026-03-24,VJ192/VJ189,A811,A330,SGN-HAN-SGN,18:00,19:00,19:40,20:40,19:25,20:36,20:37,20:45,01:00,01:12,EARLY,ONTIME,DELAY,DELAY,,,,,,,,,HAN,SGN,SGN,Domestic,VJ,,
2026-03-24|VJ957/VJ1925|A656|PUS-HAN-AMD|19:00,2026-03-24,VJ957/VJ1925,A656,A320,PUS-HAN-AMD,17:20,19:00,17:20,19:00,17:13,18:47,18:48,18:58,01:40,01:35,EARLY,ONTIME,ONTIME,ONTIME,,,,,,,,,HAN,PUS,AMD,International,VJ,,
2026-03-24|VJ1492/VJ517|A639|BMV-HAN-DAD|19:05,2026-03-24,VJ1492/VJ517,A639,A321,BMV-HAN-DAD,18:35,19:05,18:35,19:05,18:55,19:24,19:25,19:34,00:30,00:30,DELAY,DELAY,DELAY,DELAY,,93,00:20,,,,,,HAN,BMV,DAD,Domestic,VJ,,
2026-03-24|VJ947/VJ173|A534|KHH-HAN-SGN|19:05,2026-03-24,VJ947/VJ173,A534,A321,KHH-HAN-SGN,18:05,19:05,18:05,19:05,17:45,19:04,19:05,19:15,01:00,01:20,ONTIME,ONTIME,ONTIME,ONTIME,,,,,,,,,HAN,KHH,SGN,Domestic,VJ,,
2026-03-24|VJ130/VJ971|A820|SGN-HAN-DEL|19:10,2026-03-24,VJ130/VJ971,A820,A321,SGN-HAN-DEL,16:45,19:10,16:45,19:10,17:20,19:09,19:10,19:20,02:25,01:50,ONTIME,ONTIME,ONTIME,DELAY,,,,,,,,,HAN,SGN,DEL,International,VJ,,
2026-03-24|VJ928/VJ569|A550|CGK-HAN-HUI|19:15,2026-03-24,VJ928/VJ569,A550,A321,CGK-HAN-HUI,18:15,19:15,18:15,19:15,18:15,19:11,19:12,19:20,01:00,00:57,EARLY,ONTIME,ONTIME,ONTIME,,,,,,,,,HAN,CGK,HUI,Domestic,VJ,,
2026-03-24|VJ902/VJ519|A630|BKK-HAN-DAD|19:45,2026-03-24,VJ902/VJ519,A630,A321,BKK-HAN-DAD,17:00,19:45,17:00,19:45,17:25,19:41,19:42,19:47,02:45,02:17,EARLY,ONTIME,ONTIME,DELAY,,,,,,,,,HAN,BKK,DAD,Domestic,VJ,,
2026-03-24|VJ172/VJ177|A811|SGN-HAN-SGN|19:55,2026-03-24,VJ172/VJ177,A811,A330,SGN-HAN-SGN,18:55,19:55,18:55,19:55,18:55,19:50,19:52,20:00,01:00,00:57,EARLY,ONTIME,ONTIME,ONTIME,,,,,,,,,HAN,SGN,SGN,Domestic,VJ,,
2026-03-24|VJ432/VJ501|A671|UIH-HAN-DAD|20:15,2026-03-24,VJ432/VJ501,A671,A320,UIH-HAN-DAD,19:10,20:15,19:10,20:15,19:10,20:09,20:10,20:13,01:05,01:00,EARLY,ONTIME,ONTIME,ONTIME,,,,,,,,,HAN,UIH,DAD,Domestic,VJ,,
2026-03-24|VJ152/VJ161|A635|SGN-HAN-SGN|21:50,2026-03-24,VJ152/VJ161,A635,A321,SGN-HAN-SGN,19:15,21:50,19:15,21:50,18:57,21:46,21:47,21:52,02:35,02:50,EARLY,ONTIME,ONTIME,ONTIME,,,,,,,,,HAN,SGN,SGN,Domestic,VJ,,
2026-03-24|VJ778/VJ523|A642|CXR-HAN-DAD|22:45,2026-03-24,VJ778/VJ523,A642,A321,CXR-HAN-DAD,22:10,22:45,22:10,23:40,23:25,23:54,23:55,"1 day, 0:00:00",01:30,00:30,DELAY,ONTIME,DELAY,DELAY,,93,00:15,,,,,,HAN,CXR,DAD,Domestic,VJ,,
2026-03-24|VJ1440/VJ962|A670|PQC-HAN-ICN|22:50,2026-03-24,VJ1440/VJ962,A670,A321,PQC-HAN-ICN,20:10,22:50,20:10,22:50,21:15,22:49,22:50,22:51,02:40,01:35,ONTIME,ONTIME,ONTIME,DELAY,,,,,,,,,HAN,PQC,ICN,International,VJ,,
2026-03-24|VJ158/VJ171|A650|SGN-HAN-SGN|23:25,2026-03-24,VJ158/VJ171,A650,A321,SGN-HAN-SGN,20:30,23:25,20:30,23:25,20:35,23:14,23:15,23:21,02:55,02:40,EARLY,ONTIME,ONTIME,ONTIME,,,,,,,,,HAN,SGN,SGN,Domestic,VJ,,
2026-03-24|VJ7526|A636|HAN-CAN|23:40,2026-03-24,VJ7526,A636,A321,HAN-CAN,,23:40,,23:40,,23:38,23:40,23:41,,,ONTIME,ONTIME,ONTIME,,,,,,,,,,HAN,,CAN,International,VJ,,
2026-03-25|VJ932|A816|HAN-NRT|00:55,2026-03-25,VJ932,A816,A330,HAN-NRT,,00:55,,00:55,,00:51,00:52,00:55,,,EARLY,ONTIME,ONTIME,,,,,,,,,,HAN,,NRT,International,VJ,,
2026-03-25|VJ982|A551|HAN-PUS|01:00,2026-03-25,VJ982,A551,A321,HAN-PUS,,01:00,,01:00,,00:54,00:55,00:57,,,EARLY,ONTIME,ONTIME,,,,,,,,,,HAN,,PUS,International,VJ,,
2026-03-25|VJ7706/VJ7706|A549|CXR-HAN-KHV|01:25,2026-03-25,VJ7706/VJ7706,A549,A321,CXR-HAN-KHV,00:55,01:25,00:55,01:25,00:30,01:59,02:00,02:05,00:30,01:30,DELAY,DELAY,DELAY,ONTIME,,93,00:35,,,,,,HAN,CXR,KHV,International,VJ,,
2026-03-25|VJ920|A539|HAN-NGO|01:35,2026-03-25,VJ920,A539,A321,HAN-NGO,,01:35,,01:35,,01:24,01:25,01:30,,,EARLY,ONTIME,ONTIME,,,,,,,,,,HAN,,NGO,International,VJ,,
2026-03-25|VJ938|A554|HAN-KIX|01:40,2026-03-25,VJ938,A554,A321,HAN-KIX,,01:40,,01:40,,01:36,01:37,01:40,,,EARLY,ONTIME,ONTIME,,,,,,,,,,HAN,,KIX,International,VJ,,
2026-03-25|VJ960|A550|HAN-ICN|01:45,2026-03-25,VJ960,A550,A321,HAN-ICN,,01:45,,01:45,,01:34,01:35,01:39,,,EARLY,ONTIME,ONTIME,,,,,,,,,,HAN,,ICN,International,VJ,,
2026-03-25|VJ2934|A671|HAN-OKJ|04:55,2026-03-25,VJ2934,A671,A320,HAN-OKJ,,04:55,,04:55,,04:44,04:45,04:50,,,EARLY,ONTIME,ONTIME,,,,,,,,,,HAN,,OKJ,International,VJ,,
2026-03-25|VJ185|A542|HAN-SGN|05:10,2026-03-25,VJ185,A542,A321,HAN-SGN,,05:10,,05:10,,05:04,05:05,05:13,,,EARLY,ONTIME,ONTIME,,,,,,,,,,HAN,,SGN,Domestic,VJ,,
2026-03-25|VJ509|A653|HAN-DAD|05:25,2026-03-25,VJ509,A653,A321,HAN-DAD,,05:25,,05:25,,05:24,05:25,05:40,,,ONTIME,ONTIME,ONTIME,,,,,,,,,,HAN,,DAD,Domestic,VJ,,
2026-03-25|VJ461|A663|HAN-VCA|05:30,2026-03-25,VJ461,A663,A320,HAN-VCA,,05:30,,05:30,,05:24,05:25,05:29,,,EARLY,ONTIME,ONTIME,,,,,,,,,,HAN,,VCA,Domestic,VJ,,
2026-03-25|VJ503|A522|HAN-DAD|06:00,2026-03-25,VJ503,A522,A321,HAN-DAD,,06:00,,06:00,,05:54,05:55,06:05,,,EARLY,ONTIME,ONTIME,,,,,,,,,,HAN,,DAD,Domestic,VJ,,
2026-03-25|VJ7527/VJ443|A636|CAN-HAN-PQC|06:00,2026-03-25,VJ7527/VJ443,A636,A321,CAN-HAN-PQC,04:35,06:00,04:35,06:00,04:34,05:54,05:55,05:58,01:25,01:21,EARLY,ONTIME,ONTIME,ONTIME,,,,,,,,,HAN,CAN,PQC,Domestic,VJ,,
2026-03-25|VJ491|A639|HAN-BMV|06:00,2026-03-25,VJ491,A639,A321,HAN-BMV,,06:00,,06:00,,05:52,05:53,05:55,,,EARLY,ONTIME,ONTIME,,,,,,,,,,HAN,,BMV,Domestic,VJ,,
2026-03-25|VJ421|A637|HAN-PXU|06:05,2026-03-25,VJ421,A637,A321,HAN-PXU,,06:05,,06:05,,05:59,06:00,06:08,,,EARLY,ONTIME,ONTIME,,,,,,,,,,HAN,,PXU,Domestic,VJ,,
2026-03-25|VJ181|A689|HAN-SGN|06:40,2026-03-25,VJ181,A689,A320,HAN-SGN,,06:40,,06:40,,06:34,06:35,06:45,,,EARLY,ONTIME,ONTIME,,,,,,,,,,HAN,,SGN,Domestic,VJ,,
2026-03-25|VJ105|652G|HAN-VCS|06:45,2026-03-25,VJ105,652G,C909,HAN-VCS,,06:45,,06:45,,06:39,06:40,06:45,,,EARLY,ONTIME,ONTIME,,,,,,,,,,HAN,,VCS,Domestic,VJ,,
2026-03-25|VJ972/VJ167|A820|DEL-HAN-SGN|06:50,2026-03-25,VJ972/VJ167,A820,A321,DEL-HAN-SGN,05:35,06:50,05:35,06:50,05:40,06:49,06:50,06:55,01:15,01:10,ONTIME,ONTIME,ONTIME,ONTIME,,,,,,,,,HAN,DEL,SGN,Domestic,VJ,,
2026-03-25|VJ431|A655|HAN-UIH|07:10,2026-03-25,VJ431,A655,A320,HAN-UIH,,07:10,,07:10,,07:04,07:05,07:10,,,EARLY,ONTIME,ONTIME,,,,,,,,,,HAN,,UIH,Domestic,VJ,,
2026-03-25|VJ905|A544|HAN-KUL|07:10,2026-03-25,VJ905,A544,A321,HAN-KUL,,07:10,,07:10,,07:14,07:15,07:25,,,DELAY,ONTIME,ONTIME,,,15A,00:05,,,,,OFFLOAD 7 PAX & 02BAGS,HAN,,KUL,International,VJ,,
2026-03-25|VJ956|A658|HAN-PUS|07:30,2026-03-25,VJ956,A658,A320,HAN-PUS,,07:30,,07:30,,07:54,07:55,08:00,,,DELAY,DELAY,DELAY,,,99,00:25,,,,,REFUELING EXTRA FUEL,HAN,,PUS,International,VJ,,
2026-03-25|VJ940|A630|HAN-TPE|07:35,2026-03-25,VJ940,A630,A321,HAN-TPE,,07:35,,07:35,,07:34,07:35,07:45,,,ONTIME,ONTIME,ONTIME,,,,,,,,,,HAN,,TPE,International,VJ,,
2026-03-25|VJ771|A687|HAN-CXR|07:35,2026-03-25,VJ771,A687,A321,HAN-CXR,,07:35,,07:35,,07:29,07:30,07:36,,,EARLY,ONTIME,ONTIME,,,,,,,,,,HAN,,CXR,Domestic,VJ,,
2026-03-25|VJ107|656E|HAN-VCS|08:15,2026-03-25,VJ107,656E,C909,HAN-VCS,,08:15,,08:15,,08:14,08:15,08:17,,,ONTIME,ONTIME,ONTIME,,,,,,,,,,HAN,,VCS,Domestic,VJ,,
2026-03-25|VJ934|A553|HAN-NRT|08:20,2026-03-25,VJ934,A553,A321,HAN-NRT,,08:20,,08:20,,08:29,08:30,08:35,,,DELAY,ONTIME,ONTIME,,,99,00:10,,,,,LATE ACCPT 03 PAX 03 BAGS,HAN,,NRT,International,VJ,,
2026-03-25|VJ930|A543|HAN-KIX|08:20,2026-03-25,VJ930,A543,A321,HAN-KIX,,08:20,,08:20,,08:19,08:20,08:30,,,ONTIME,ONTIME,ONTIME,,,,,,,,,,HAN,,KIX,International,VJ,,
2026-03-25|VJ929|A697|HAN-CGK|08:40,2026-03-25,VJ929,A697,A321,HAN-CGK,,08:40,,08:40,,08:39,08:30,08:48,,,EARLY,ONTIME,ONTIME,,,,,,,,,,HAN,,CGK,International,VJ,,
2026-03-25|VJ120/VJ121|A814|SGN-HAN-SGN|08:40,2026-03-25,VJ120/VJ121,A814,A330,SGN-HAN-SGN,07:40,08:40,07:40,08:40,07:38,08:37,08:39,08:45,01:00,01:01,EARLY,ONTIME,ONTIME,ONTIME,,,,,,,,,HAN,SGN,SGN,Domestic,VJ,,
2026-03-25|VJ524/VJ527|A632|DAD-HAN-DAD|09:30,2026-03-25,VJ524/VJ527,A632,A321,DAD-HAN-DAD,07:40,09:30,07:40,09:30,07:20,09:29,09:30,09:44,01:50,02:10,ONTIME,ONTIME,ONTIME,ONTIME,,,,,,,,,HAN,DAD,DAD,Domestic,VJ,,
2026-03-25|VJ915|A670|HAN-SIN|09:35,2026-03-25,VJ915,A670,A321,HAN-SIN,,09:35,,09:35,,09:33,09:35,09:36,,,ONTIME,ONTIME,ONTIME,,,,,,,,,,HAN,,SIN,International,VJ,,
2026-03-25|VJ510/VJ997|A653|DAD-HAN-DPS|10:00,2026-03-25,VJ510/VJ997,A653,A321,DAD-HAN-DPS,08:35,10:00,08:35,10:00,09:10,09:54,09:55,10:03,01:25,00:45,EARLY,ONTIME,ONTIME,DELAY,,,,,,,,,HAN,DAD,DPS,International,VJ,,
2026-03-25|VJ148/VJ149|-NVG|SGN-HAN-SGN|10:05,2026-03-25,VJ148/VJ149,-NVG,A320,SGN-HAN-SGN,09:30,10:05,09:30,10:05,09:55,10:19,10:20,10:27,00:35,00:25,DELAY,ONTIME,DELAY,DELAY,,93,00:15,,,,,,HAN,SGN,SGN,Domestic,VJ,,
2026-03-25|VJ963/VJ567|A640|ICN-HAN-HUI|10:10,2026-03-25,VJ963/VJ567,A640,A321,ICN-HAN-HUI,09:00,10:10,09:00,10:10,09:12,11:04,11:05,11:07,01:10,01:53,DELAY,DELAY,DELAY,ONTIME,,46,00:55,,,,,CHANGE A/C DUE TO TECHNICAL,HAN,ICN,HUI,Domestic,VJ,,
2026-03-25|VJ492/VJ507|A639|BMV-HAN-DAD|10:30,2026-03-25,VJ492/VJ507,A639,A321,BMV-HAN-DAD,10:00,10:30,10:00,10:30,10:05,10:09,10:30,10:34,00:30,00:25,ONTIME,ONTIME,ONTIME,ONTIME,,,,,,,,,HAN,BMV,DAD,Domestic,VJ,,
2026-03-25|VJ422/VJ463|A637|PXU-HAN-VCA|10:30,2026-03-25,VJ422/VJ463,A637,A321,PXU-HAN-VCA,09:40,10:30,09:40,10:30,09:40,10:34,10:35,10:42,00:50,00:55,DELAY,ONTIME,ONTIME,ONTIME,,41,00:05,,,,,TECHNICAL ( CHANGE TIRE),HAN,PXU,VCA,Domestic,VJ,,
2026-03-25|VJ176/VJ775|A666|SGN-HAN-CXR|10:40,2026-03-25,VJ176/VJ775,A666,A320,SGN-HAN-CXR,09:00,10:40,09:00,10:40,09:00,10:39,10:40,10:47,01:40,01:40,ONTIME,ONTIME,ONTIME,ONTIME,,,,,,,,,HAN,SGN,CXR,Domestic,VJ,,
2026-03-25|VJ136/VJ135|A536|SGN-HAN-SGN|11:10,2026-03-25,VJ136/VJ135,A536,A321,SGN-HAN-SGN,10:40,11:10,10:40,11:10,10:32,11:08,11:09,11:13,00:30,00:37,EARLY,ONTIME,ONTIME,ONTIME,,,,,,,,,HAN,SGN,SGN,Domestic,VJ,,
2026-03-25|VJ132/VJ137|A542|SGN-HAN-SGN|11:40,2026-03-25,VJ132/VJ137,A542,A321,SGN-HAN-SGN,11:10,11:40,11:10,11:40,11:10,11:39,11:40,11:46,00:30,00:30,ONTIME,ONTIME,ONTIME,ONTIME,,,,,,,,,HAN,SGN,SGN,Domestic,VJ,,
2026-03-25|VJ772/VJ133|A815|CXR-HAN-SGN|11:40,2026-03-25,VJ772/VJ133,A815,A330,CXR-HAN-SGN,10:40,11:40,10:40,11:40,10:55,11:34,11:35,11:40,01:00,00:40,EARLY,ONTIME,ONTIME,ONTIME,,,,,,,,,HAN,CXR,SGN,Domestic,VJ,,
2026-03-25|VJ963/VJ946|A640|ICN-HAN-KHH|11:45,2026-03-25,VJ963/VJ946,A640,A321,ICN-HAN-KHH,09:30,11:45,09:30,11:45,09:30,11:44,11:45,11:50,02:15,02:15,ONTIME,ONTIME,ONTIME,ONTIME,,,,,,,,,HAN,ICN,KHH,International,VJ,,
2026-03-25|VJ981/VJ901|A551|PUS-HAN-BKK|12:15,2026-03-25,VJ981/VJ901,A551,A321,PUS-HAN-BKK,11:00,12:15,11:00,12:15,10:55,12:14,12:15,12:20,01:15,01:20,ONTIME,ONTIME,ONTIME,ONTIME,,,,,,,,,HAN,PUS,BKK,International,VJ,,
2026-03-25|VJ430/VJ441|A655|UIH-HAN-PQC|12:25,2026-03-25,VJ430/VJ441,A655,A320,UIH-HAN-PQC,10:55,12:25,10:55,12:25,11:00,12:17,12:18,12:28,01:30,01:18,EARLY,ONTIME,ONTIME,ONTIME,,,,,,,,,HAN,UIH,PQC,Domestic,VJ,,
2026-03-25|VJ921/VJ948|A539|NGO-HAN-RMQ|13:30,2026-03-25,VJ921/VJ948,A539,A321,NGO-HAN-RMQ,13:40,13:30,13:40,13:30,12:55,13:34,13:35,13:36,23:50,00:40,DELAY,ONTIME,ONTIME,ONTIME,,66,00:05,,,,,CHANGE CREW HN OB 1310,HAN,NGO,RMQ,International,VJ,,
2026-03-25|VJ442/VJ513|A636|PQC-HAN-DAD|13:35,2026-03-25,VJ442/VJ513,A636,A321,PQC-HAN-DAD,10:45,13:35,10:45,13:35,11:00,13:49,13:50,14:00,02:50,02:50,DELAY,ONTIME,DELAY,ONTIME,,95,00:15,,,,,CREW FROM VJ528 OB 1325,HAN,PQC,DAD,Domestic,VJ,,
2026-03-25|VJ128/VJ143|A820|SGN-HAN-SGN|13:40,2026-03-25,VJ128/VJ143,A820,A321,SGN-HAN-SGN,12:10,13:40,12:10,13:40,12:20,13:38,13:40,13:41,01:30,01:20,ONTIME,ONTIME,ONTIME,ONTIME,,,,,,,,,HAN,SGN,SGN,Domestic,VJ,,
2026-03-25|VJ188/VJ151|-NVE|SGN-HAN-SGN|14:00,2026-03-25,VJ188/VJ151,-NVE,A320,SGN-HAN-SGN,13:25,14:00,13:25,14:00,14:05,14:29,14:30,14:45,00:35,00:25,DELAY,DELAY,DELAY,DELAY,,93,00:30,,,,,,HAN,SGN,SGN,Domestic,VJ,,
2026-03-25|VJ528/VJ511|A632|DAD-HAN-DAD|14:20,2026-03-25,VJ528/VJ511,A632,A321,DAD-HAN-DAD,12:40,14:20,12:40,14:20,13:15,14:14,14:15,14:20,01:40,01:00,EARLY,ONTIME,ONTIME,DELAY,,,,,,,,,HAN,DAD,DAD,Domestic,VJ,,
2026-03-25|VJ566/VJ942|A640|HUI-HAN-TPE|14:25,2026-03-25,VJ566/VJ942,A640,A321,HUI-HAN-TPE,13:05,14:25,13:05,15:00,14:10,14:54,14:55,14:57,01:55,00:45,EARLY,ONTIME,DELAY,DELAY,,,,,,,,,HAN,HUI,TPE,International,VJ,,
2026-03-25|VJ939/VJ1491|A554|KIX-HAN-BMV|14:35,2026-03-25,VJ939/VJ1491,A554,A321,KIX-HAN-BMV,13:05,14:35,13:05,14:35,12:55,14:34,14:35,14:39,01:30,01:40,ONTIME,ONTIME,ONTIME,ONTIME,,,,,,,,,HAN,KIX,BMV,Domestic,VJ,,
2026-03-25|VJ7707/VJ7707|A549|KHV-HAN-CXR|15:15,2026-03-25,VJ7707/VJ7707,A549,A321,KHV-HAN-CXR,14:45,15:15,14:45,15:15,15:30,15:50,15:51,16:00,00:30,00:21,DELAY,DELAY,DELAY,DELAY,,93,00:36,,,,,,HAN,KHV,CXR,Domestic,VJ,,
2026-03-25|VJ440/VJ433|A676|PQC-HAN-UIH|15:25,2026-03-25,VJ440/VJ433,A676,A320,PQC-HAN-UIH,12:10,15:25,12:10,15:25,12:20,15:24,15:25,15:33,03:15,03:05,ONTIME,ONTIME,ONTIME,ONTIME,,,,,,,,,HAN,PQC,UIH,Domestic,VJ,,
2026-03-25|VJ941/VJ1441|A630|TPE-HAN-PQC|15:30,2026-03-25,VJ941/VJ1441,A630,A321,TPE-HAN-PQC,14:10,15:30,14:10,15:30,14:55,15:34,15:35,15:45,01:20,00:40,DELAY,ONTIME,ONTIME,DELAY,,66,00:05,,,,,CHANGE CREW HAN 1507,HAN,TPE,PQC,Domestic,VJ,,
2026-03-25|VJ961/VJ199|A550|ICN-HAN-SGN|15:35,2026-03-25,VJ961/VJ199,A550,A321,ICN-HAN-SGN,14:10,15:35,14:10,15:35,14:08,15:33,15:35,15:43,01:25,01:27,ONTIME,ONTIME,ONTIME,ONTIME,,,,,,,,,HAN,ICN,SGN,Domestic,VJ,,
2026-03-25|VJ906/VJ903|A630|KUL-HAN-BKK|15:50,2026-03-25,VJ906/VJ903,A630,A321,KUL-HAN-BKK,14:55,15:50,14:55,15:50,14:43,15:46,15:48,15:50,00:55,01:05,EARLY,ONTIME,ONTIME,ONTIME,,,,,,,,,HAN,KUL,BKK,International,VJ,,
2026-03-25|VJ144/VJ191|A689|SGN-HAN-SGN|15:55,2026-03-25,VJ144/VJ191,A689,A320,SGN-HAN-SGN,14:10,15:55,14:10,15:55,14:15,15:54,15:55,16:05,01:45,01:40,ONTIME,ONTIME,ONTIME,ONTIME,,,,,,,,,HAN,SGN,SGN,Domestic,VJ,,
2026-03-25|VJ508/VJ423|A687|DAD-HAN-PXU|15:55,2026-03-25,VJ508/VJ423,A687,A321,DAD-HAN-PXU,13:40,15:55,13:40,15:55,14:05,15:48,15:50,15:55,02:15,01:45,EARLY,ONTIME,ONTIME,DELAY,,,,,,,,,HAN,DAD,PXU,Domestic,VJ,,
2026-03-25|VJ933/VJ195|A816|NRT-HAN-SGN|16:00,2026-03-25,VJ933/VJ195,A816,A330,NRT-HAN-SGN,14:00,16:00,14:00,16:00,13:48,15:59,16:00,16:10,02:00,02:12,ONTIME,ONTIME,ONTIME,ONTIME,,,,,,,,,HAN,NRT,SGN,Domestic,VJ,,
2026-03-25|VJ460/VJ913|A637|VCA-HAN-SAI|16:20,2026-03-25,VJ460/VJ913,A637,A321,VCA-HAN-SAI,15:20,16:20,15:20,16:20,16:00,16:42,16:43,16:50,01:00,00:43,DELAY,DELAY,DELAY,DELAY,,93,00:10,66,00:13,,,CHANGE CREW HN OB 1615,HAN,VCA,SAI,International,VJ,,
2026-03-25|VJ462/VJ515|A663|VCA-HAN-DAD|16:25,2026-03-25,VJ462/VJ515,A663,A320,VCA-HAN-DAD,15:40,16:25,15:40,16:25,15:35,16:08,16:09,16:15,00:45,00:34,EARLY,ONTIME,ONTIME,ONTIME,,,,,,,,,HAN,VCA,DAD,Domestic,VJ,,
2026-03-25|VJ134/VJ163|-MLI|SGN-HAN-SGN|17:20,2026-03-25,VJ134/VJ163,-MLI,A320,SGN-HAN-SGN,16:50,17:20,16:50,18:40,18:15,18:39,18:40,18:45,01:50,00:25,ONTIME,ONTIME,DELAY,DELAY,,,,,,,,,HAN,SGN,SGN,Domestic,VJ,,
2026-03-25|VJ198/VJ465|A667|SGN-HAN-VCA|17:25,2026-03-25,VJ198/VJ465,A667,A321,SGN-HAN-VCA,15:10,17:25,15:10,17:25,16:10,17:24,17:25,17:30,02:15,01:15,ONTIME,ONTIME,ONTIME,DELAY,,,,,,,,,HAN,SGN,VCA,Domestic,VJ,,
2026-03-25|VJ2935/VJ445|A671|OKJ-HAN-PQC|17:40,2026-03-25,VJ2935/VJ445,A671,A320,OKJ-HAN-PQC,16:10,17:40,16:10,17:40,16:05,17:39,17:40,17:49,01:30,01:35,ONTIME,ONTIME,ONTIME,ONTIME,,,,,,,,,HAN,OKJ,PQC,Domestic,VJ,,
2026-03-25|VJ916/VJ779|A670|SIN-HAN-CXR|18:00,2026-03-25,VJ916/VJ779,A670,A321,SIN-HAN-CXR,17:25,18:00,17:25,19:30,17:22,19:29,19:30,19:40,02:05,02:08,ONTIME,ONTIME,DELAY,ONTIME,,,,,,,,,HAN,SIN,CXR,Domestic,VJ,,
2026-03-25|VJ146/VJ169|A815|SGN-HAN-SGN|18:00,2026-03-25,VJ146/VJ169,A815,A330,SGN-HAN-SGN,17:00,18:00,17:00,18:00,17:10,17:56,17:57,17:58,01:00,00:47,EARLY,ONTIME,ONTIME,ONTIME,,,,,,,,,HAN,SGN,SGN,Domestic,VJ,,
2026-03-25|VJ902/VJ193|A551|BKK-HAN-SGN|18:10,2026-03-25,VJ902/VJ193,A551,A321,BKK-HAN-SGN,17:00,18:10,17:00,18:10,17:30,18:04,18:05,18:09,01:10,00:35,EARLY,ONTIME,ONTIME,DELAY,,,,,,,,,HAN,BKK,SGN,Domestic,VJ,,
2026-03-25|VJ446/VJ1925|A650|PQC-HAN-AMD|19:00,2026-03-25,VJ446/VJ1925,A650,A320,PQC-HAN-AMD,17:10,19:00,17:10,19:00,17:15,18:59,19:00,19:25,01:50,01:45,ONTIME,ONTIME,DELAY,ONTIME,,,,,,,,,HAN,PQC,AMD,International,VJ,,
2026-03-25|VJ1492/VJ517|A522|BMV-HAN-DAD|19:05,2026-03-25,VJ1492/VJ517,A522,A321,BMV-HAN-DAD,18:35,19:05,18:35,19:05,18:45,19:14,19:15,19:25,00:30,00:30,DELAY,ONTIME,DELAY,ONTIME,,93,00:10,,,,,,HAN,BMV,DAD,Domestic,VJ,,
2026-03-25|VJ194/VJ173|A536|SGN-HAN-SGN|19:05,2026-03-25,VJ194/VJ173,A536,A321,SGN-HAN-SGN,17:30,19:05,17:30,19:05,17:38,18:54,18:55,19:00,01:35,01:17,EARLY,ONTIME,ONTIME,ONTIME,,,,,,,,,HAN,SGN,SGN,Domestic,VJ,,
2026-03-25|VJ928/VJ907|A697|CGK-HAN-BOM|19:15,2026-03-25,VJ928/VJ907,A697,A321,CGK-HAN-BOM,18:15,19:15,18:15,19:15,18:20,19:11,19:12,19:14,01:00,00:52,EARLY,ONTIME,ONTIME,ONTIME,,,,,,,,,HAN,CGK,BOM,International,VJ,,
2026-03-25|VJ947/VJ569|A629|KHH-HAN-HUI|19:15,2026-03-25,VJ947/VJ569,A629,A321,KHH-HAN-HUI,18:05,19:15,18:05,19:15,18:05,19:11,19:12,19:13,01:10,01:07,EARLY,ONTIME,ONTIME,ONTIME,,,,,,,,,HAN,KHH,HUI,Domestic,VJ,,
2026-03-25|VJ514/VJ519|A644|DAD-HAN-DAD|19:45,2026-03-25,VJ514/VJ519,A644,A321,DAD-HAN-DAD,16:50,19:45,16:50,20:20,16:50,20:19,20:20,20:30,03:30,03:30,ONTIME,ONTIME,DELAY,ONTIME,,,,,,,,,HAN,DAD,DAD,Domestic,VJ,,
2026-03-25|VJ152/VJ155|A635|SGN-HAN-SGN|20:05,2026-03-25,VJ152/VJ155,A635,A321,SGN-HAN-SGN,19:15,20:05,19:15,20:05,19:20,19:54,19:55,20:00,00:50,00:35,EARLY,ONTIME,ONTIME,ONTIME,,,,,,,,,HAN,SGN,SGN,Domestic,VJ,,
2026-03-25|VJ957/VJ7712|A689|PUS-HAN-PKX|20:05,2026-03-25,VJ957/VJ7712,A689,A320,PUS-HAN-PKX,17:20,20:05,17:20,20:05,17:20,19:59,20:00,20:05,02:45,02:40,EARLY,ONTIME,ONTIME,ONTIME,,,,,,,,,HAN,PUS,PKX,International,VJ,,
2026-03-25|VJ424/VJ501|A637|PXU-HAN-DAD|20:15,2026-03-25,VJ424/VJ501,A637,A321,PXU-HAN-DAD,19:35,20:15,19:35,20:15,19:40,20:08,20:10,20:15,00:40,00:30,EARLY,ONTIME,ONTIME,ONTIME,,,,,,,,,HAN,PXU,DAD,Domestic,VJ,,
2026-03-25|VJ432/VJ7238|A676|UIH-HAN-PVG|21:30,2026-03-25,VJ432/VJ7238,A676,A320,UIH-HAN-PVG,19:10,21:30,19:10,21:30,19:45,21:24,21:25,21:35,02:20,01:40,EARLY,ONTIME,ONTIME,DELAY,,,,,,,,,HAN,UIH,PVG,International,VJ,,
2026-03-25|VJ166/VJ34|A663|SGN-HAN-TSN|22:00,2026-03-25,VJ166/VJ34,A663,A320,SGN-HAN-TSN,21:00,22:00,21:00,22:00,21:25,21:59,22:00,22:15,01:00,00:35,ONTIME,ONTIME,ONTIME,DELAY,,,,,,,,FERRY FLIGHT,HAN,SGN,TSN,International,VJ,,
2026-03-25|VJ949/VJ962|A539|RMQ-HAN-ICN|22:50,2026-03-25,VJ949/VJ962,A539,A321,RMQ-HAN-ICN,19:50,22:50,19:50,22:50,20:20,22:49,22:50,23:00,03:00,02:30,ONTIME,ONTIME,ONTIME,DELAY,,,,,,,,,HAN,RMQ,ICN,International,VJ,,
2026-03-25|VJ568/VJ523|A629|HUI-HAN-DAD|23:00,2026-03-25,VJ568/VJ523,A629,A321,HUI-HAN-DAD,22:15,23:00,22:15,23:00,22:15,22:54,22:55,23:00,00:45,00:40,EARLY,ONTIME,ONTIME,ONTIME,,,,,,,,,HAN,HUI,DAD,Domestic,VJ,,
2026-03-25|VJ196/VJ171|A816|SGN-HAN-SGN|23:25,2026-03-25,VJ196/VJ171,A816,A321,SGN-HAN-SGN,21:20,23:25,21:20,23:25,21:25,23:19,23:20,23:21,02:05,01:55,EARLY,ONTIME,ONTIME,ONTIME,,,,,,,,,HAN,SGN,SGN,Domestic,VJ,,
2026-03-25|VJ914/VJ7526|A637|SAI-HAN-CAN|23:40,2026-03-25,VJ914/VJ7526,A637,A321,SAI-HAN-CAN,20:50,23:40,20:50,23:40,21:00,23:39,23:40,23:54,02:50,02:40,ONTIME,ONTIME,ONTIME,ONTIME,,,,,,,,,HAN,SAI,CAN,International,VJ,,
2026-03-26|VJ3521/VJ3521|A550|PQC-HAN-VVO|00:25,2026-03-26,VJ3521/VJ3521,A550,A321,PQC-HAN-VVO,23:55,00:25,23:55,00:25,23:55,00:23,00:25,00:31,00:30,00:30,ONTIME,ONTIME,ONTIME,ONTIME,,,,,,,,,HAN,PQC,VVO,International,VJ,,
2026-03-26|VJ932|A554|HAN-NRT|00:55,2026-03-26,VJ932,A554,A321,HAN-NRT,,00:55,,00:55,,00:54,00:55,00:57,,,ONTIME,ONTIME,ONTIME,,,,,,,,,,HAN,,NRT,International,VJ,,
2026-03-26|VJ982|A630|HAN-PUS|01:00,2026-03-26,VJ982,A630,A321,HAN-PUS,,01:00,,01:00,,00:54,00:55,01:00,,,EARLY,ONTIME,ONTIME,,,,,,,,,,HAN,,PUS,International,VJ,,
2026-03-26|VJ920|A551|HAN-NGO|01:35,2026-03-26,VJ920,A551,A321,HAN-NGO,,01:35,,01:35,,01:19,01:20,01:21,,,EARLY,ONTIME,ONTIME,,,,,,,,,,HAN,,NGO,International,VJ,,
2026-03-26|VJ938|A580|HAN-KIX|01:40,2026-03-26,VJ938,A580,A321,HAN-KIX,,01:40,,01:40,,01:32,01:33,01:35,,,EARLY,ONTIME,ONTIME,,,,,,,,,,HAN,,KIX,International,VJ,,
2026-03-26|VJ960|A544|HAN-ICN|01:45,2026-03-26,VJ960,A544,A321,HAN-ICN,,01:45,,01:45,,01:38,01:40,01:42,,,EARLY,ONTIME,ONTIME,,,,,,,,,,HAN,,ICN,International,VJ,,
2026-03-26|VJ958|A640|HAN-FUK|02:05,2026-03-26,VJ958,A640,A321,HAN-FUK,,02:05,,02:05,,01:53,01:55,01:59,,,EARLY,ONTIME,ONTIME,,,,,,,,,,HAN,,FUK,International,VJ,,
2026-03-26|VJ185|A656|HAN-SGN|05:10,2026-03-26,VJ185,A656,A320,HAN-SGN,,05:10,,05:10,,05:04,05:05,05:10,,,EARLY,ONTIME,ONTIME,,,,,,,,,,HAN,,SGN,Domestic,VJ,,
2026-03-26|VJ7713/VJ461|A689|PKX-HAN-VCA|05:30,2026-03-26,VJ7713/VJ461,A689,A320,PKX-HAN-VCA,04:10,05:30,04:10,05:30,04:20,05:24,05:25,05:32,01:20,01:05,EARLY,ONTIME,ONTIME,ONTIME,,,,,,,,,HAN,PKX,VCA,Domestic,VJ,,
2026-03-26|VJ443|A644|HAN-PQC|06:00,2026-03-26,VJ443,A644,A321,HAN-PQC,,06:00,,06:00,,05:52,05:54,05:57,,,EARLY,ONTIME,ONTIME,,,,,,,,,,HAN,,PQC,Domestic,VJ,,
2026-03-26|VJ503|A522|HAN-DAD|06:00,2026-03-26,VJ503,A522,A321,HAN-DAD,,06:00,,06:00,,05:54,05:55,06:04,,,EARLY,ONTIME,ONTIME,,,,,,,,,,HAN,,DAD,Domestic,VJ,,
2026-03-26|VJ7527/VJ491|A637|CAN-HAN-BMV|06:00,2026-03-26,VJ7527/VJ491,A637,A321,CAN-HAN-BMV,04:35,06:00,04:35,06:00,04:25,05:54,05:55,06:00,01:25,01:30,EARLY,ONTIME,ONTIME,ONTIME,,,,,,,,,HAN,CAN,BMV,Domestic,VJ,,
2026-03-26|VJ421|A635|HAN-PXU|06:05,2026-03-26,VJ421,A635,A321,HAN-PXU,,06:05,,07:05,,06:59,07:00,07:05,,,EARLY,ONTIME,DELAY,,,,,,,,,,HAN,,PXU,Domestic,VJ,,
2026-03-26|VJ952|A676|HAN-HIJ|06:35,2026-03-26,VJ952,A676,A320,HAN-HIJ,,06:35,,06:35,,06:29,06:30,06:32,,,EARLY,ONTIME,ONTIME,,,,,,,,,,HAN,,HIJ,International,VJ,,
2026-03-26|VJ181|A698|HAN-SGN|06:40,2026-03-26,VJ181,A698,A321,HAN-SGN,,06:40,,06:40,,06:34,06:35,06:43,,,EARLY,ONTIME,ONTIME,,,,,,,,,,HAN,,SGN,Domestic,VJ,,
2026-03-26|VJ905|A543|HAN-KUL|07:10,2026-03-26,VJ905,A543,A321,HAN-KUL,,07:10,,07:10,,07:04,07:05,07:13,,,EARLY,ONTIME,ONTIME,,,,,,,,,,HAN,,KUL,International,VJ,,
2026-03-26|VJ1926/VJ431|A650|AMD-HAN-UIH|07:20,2026-03-26,VJ1926/VJ431,A650,A320,AMD-HAN-UIH,06:20,07:20,06:20,07:20,05:50,07:14,07:15,07:17,01:00,01:25,EARLY,ONTIME,ONTIME,ONTIME,,,,,,,,,HAN,AMD,UIH,Domestic,VJ,,
2026-03-26|VJ7239/VJ956|A658|PVG-HAN-PUS|07:30,2026-03-26,VJ7239/VJ956,A658,A320,PVG-HAN-PUS,05:15,07:30,05:15,07:30,05:20,07:24,07:25,07:34,02:15,02:05,EARLY,ONTIME,ONTIME,ONTIME,,,,,,,,,HAN,PVG,PUS,International,VJ,,
2026-03-26|VJ524/VJ771|A642|DAD-HAN-CXR|07:35,2026-03-26,VJ524/VJ771,A642,A321,DAD-HAN-CXR,07:40,07:35,07:40,08:15,07:51,08:19,08:20,08:27,00:35,00:29,DELAY,ONTIME,DELAY,ONTIME,,93,00:05,,,,,,HAN,DAD,CXR,Domestic,VJ,,
2026-03-26|VJ940|A667|HAN-TPE|07:35,2026-03-26,VJ940,A667,A321,HAN-TPE,,07:35,,07:35,,07:29,07:30,07:45,,,EARLY,ONTIME,ONTIME,,,,,,,,,,HAN,,TPE,International,VJ,,
2026-03-26|VJ107|656E|HAN-VCS|08:15,2026-03-26,VJ107,656E,C909,HAN-VCS,,08:15,,08:15,,08:14,08:15,08:17,,,ONTIME,ONTIME,ONTIME,,,,,,,,,,HAN,,VCS,Domestic,VJ,,
2026-03-26|VJ934|A653|HAN-NRT|08:20,2026-03-26,VJ934,A653,A321,HAN-NRT,,08:20,,08:20,,08:29,08:30,08:45,,,DELAY,ONTIME,DELAY,,,15A,00:10,,,,,"OFFLOAD 2 PAX, 1 BAG",HAN,,NRT,International,VJ,,
2026-03-26|VJ910/VJ930|A697|BOM-HAN-KIX|08:20,2026-03-26,VJ910/VJ930,A697,A321,BOM-HAN-KIX,06:40,08:20,06:40,08:20,06:25,08:19,08:20,08:25,01:40,01:55,ONTIME,ONTIME,ONTIME,ONTIME,,,,,,,,,HAN,BOM,KIX,International,VJ,,
2026-03-26|VJ929|A634|HAN-CGK|08:40,2026-03-26,VJ929,A634,A321,HAN-CGK,,08:40,,08:40,,08:39,08:40,08:55,,,ONTIME,ONTIME,ONTIME,,,,,,,,,,HAN,,CGK,International,VJ,,
2026-03-26|VJ125|A632|HAN-SGN|08:40,2026-03-26,VJ125,A632,A321,HAN-SGN,,08:40,,08:40,,08:39,08:40,08:50,,,ONTIME,ONTIME,ONTIME,,,,,,,,,,HAN,,SGN,Domestic,VJ,,
2026-03-26|VJ126/VJ127|A534|SGN-HAN-SGN|08:55,2026-03-26,VJ126/VJ127,A534,A321,SGN-HAN-SGN,08:25,08:55,08:25,08:55,08:20,09:59,10:00,10:05,00:30,01:40,DELAY,DELAY,DELAY,ONTIME,,41,01:05,,,,,GROUND RETURN / TECHNICAL CHECK,HAN,SGN,SGN,Domestic,VJ,,
2026-03-26|VJ124/VJ773|A816|SGN-HAN-CXR|08:55,2026-03-26,VJ124/VJ773,A816,A330,SGN-HAN-CXR,07:40,08:55,07:40,08:55,07:50,08:52,08:53,09:02,01:15,01:03,EARLY,ONTIME,ONTIME,ONTIME,,,,,,,,,HAN,SGN,CXR,Domestic,VJ,,
2026-03-26|VJ442/VJ139|A644|PQC-HAN-SGN|09:35,2026-03-26,VJ442/VJ139,A644,A321,PQC-HAN-SGN,10:45,09:35,10:45,11:20,10:50,11:29,11:30,11:35,00:35,00:40,DELAY,ONTIME,DELAY,ONTIME,,66,00:10,,,,,CREW OB 1100,HAN,PQC,SGN,Domestic,VJ,,
2026-03-26|VJ997|A553|HAN-DPS|10:00,2026-03-26,VJ997,A553,A321,HAN-DPS,,10:00,,10:00,,09:59,10:00,10:18,,,ONTIME,ONTIME,DELAY,,,,,,,,,,HAN,,DPS,International,VJ,,
2026-03-26|VJ148/VJ149|-NVG|SGN-HAN-SGN|10:05,2026-03-26,VJ148/VJ149,-NVG,A320,SGN-HAN-SGN,09:30,10:05,09:30,10:05,09:50,10:14,10:15,10:35,00:35,00:25,DELAY,ONTIME,DELAY,DELAY,,93,00:10,,,,,,HAN,SGN,SGN,Domestic,VJ,,
2026-03-26|VJ422/VJ567|A635|PXU-HAN-HUI|10:10,2026-03-26,VJ422/VJ567,A635,A321,PXU-HAN-HUI,09:40,10:10,09:40,10:10,10:45,11:24,11:25,11:26,00:30,00:40,DELAY,DELAY,DELAY,DELAY,,,,,,,,,HAN,PXU,HUI,Domestic,VJ,,
2026-03-26|VJ507|A531|HAN-DAD|10:30,2026-03-26,VJ507,A531,A321,HAN-DAD,,10:30,,12:30,,13:09,13:10,13:25,,,DELAY,DELAY,DELAY,,,61,00:40,,,,,CHANGE FPL,HAN,,DAD,Domestic,VJ,,
2026-03-26|VJ963/VJ915|A539|ICN-HAN-SIN|10:30,2026-03-26,VJ963/VJ915,A539,A321,ICN-HAN-SIN,09:30,10:30,09:30,10:30,09:10,10:29,10:30,10:32,01:00,01:20,ONTIME,ONTIME,ONTIME,ONTIME,,,,,,,,,HAN,ICN,SIN,International,VJ,,
2026-03-26|VJ492/VJ463|A637|BMV-HAN-VCA|10:30,2026-03-26,VJ492/VJ463,A637,A321,BMV-HAN-VCA,10:00,10:30,10:00,10:30,10:00,10:29,10:30,10:40,00:30,00:30,ONTIME,ONTIME,ONTIME,ONTIME,,,,,,,,,HAN,BMV,VCA,Domestic,VJ,,
2026-03-26|VJ136/VJ135|A656|SGN-HAN-SGN|11:10,2026-03-26,VJ136/VJ135,A656,A320,SGN-HAN-SGN,10:40,11:10,10:40,11:10,10:45,11:19,11:20,11:30,00:30,00:35,DELAY,ONTIME,DELAY,ONTIME,,66,00:10,,,,,CREW OB 1055,HAN,SGN,SGN,Domestic,VJ,,
2026-03-26|VJ981/VJ946|A630|PUS-HAN-KHH|12:00,2026-03-26,VJ981/VJ946,A630,A321,PUS-HAN-KHH,11:00,12:00,11:00,12:00,11:02,11:58,12:00,12:05,01:00,00:58,ONTIME,ONTIME,ONTIME,ONTIME,,,,,,,,,HAN,PUS,KHH,International,VJ,,
2026-03-26|VJ132/VJ137|A657|SGN-HAN-SGN|12:10,2026-03-26,VJ132/VJ137,A657,A321,SGN-HAN-SGN,11:40,12:10,11:40,12:10,11:55,12:24,12:25,12:35,00:30,00:30,DELAY,ONTIME,DELAY,ONTIME,,93,00:15,,,,,,HAN,SGN,SGN,Domestic,VJ,,
2026-03-26|VJ770/VJ901|A642|CXR-HAN-BKK|12:15,2026-03-26,VJ770/VJ901,A642,A321,CXR-HAN-BKK,11:45,12:15,12:45,13:50,13:15,14:09,14:10,14:15,01:05,00:55,DELAY,DELAY,DELAY,DELAY,,63A,00:20,,,,,CREW SHOW UP LATE OB 1340,HAN,CXR,BKK,International,VJ,,
2026-03-26|VJ430/VJ441|A650|UIH-HAN-PQC|12:25,2026-03-26,VJ430/VJ441,A650,A320,UIH-HAN-PQC,11:05,12:25,11:05,12:25,10:55,12:24,12:25,12:30,01:20,01:30,ONTIME,ONTIME,ONTIME,ONTIME,,,,,,,,,HAN,UIH,PQC,Domestic,VJ,,
2026-03-26|VJ3522/VJ3522|A550|VVO-HAN-PQC|12:50,2026-03-26,VJ3522/VJ3522,A550,A321,VVO-HAN-PQC,12:20,12:50,12:20,12:50,12:50,13:19,13:20,13:44,00:30,00:30,DELAY,DELAY,DELAY,DELAY,,93,00:30,,,,,,HAN,VVO,PQC,Domestic,VJ,,
2026-03-26|VJ780/VJ781|A524|CXR-HAN-CXR|13:00,2026-03-26,VJ780/VJ781,A524,A321,CXR-HAN-CXR,12:30,13:00,12:30,13:00,13:05,13:34,13:35,13:55,00:30,00:30,DELAY,DELAY,DELAY,DELAY,,93,00:35,,,,,,HAN,CXR,CXR,Domestic,VJ,,
2026-03-26|VJ959/VJ948|A640|FUK-HAN-RMQ|13:30,2026-03-26,VJ959/VJ948,A640,A321,FUK-HAN-RMQ,12:25,13:30,12:25,13:30,11:50,13:29,13:30,13:43,01:05,01:40,ONTIME,ONTIME,ONTIME,ONTIME,,,,,,,,,HAN,FUK,RMQ,International,VJ,,
2026-03-26|VJ440/VJ513|A671|PQC-HAN-DAD|13:35,2026-03-26,VJ440/VJ513,A671,A320,PQC-HAN-DAD,12:10,13:35,12:10,13:35,12:25,13:34,13:35,13:45,01:25,01:10,ONTIME,ONTIME,ONTIME,ONTIME,,,,,,,,,HAN,PQC,DAD,Domestic,VJ,,
2026-03-26|VJ939/VJ942|A580|KIX-HAN-TPE|14:25,2026-03-26,VJ939/VJ942,A580,A321,KIX-HAN-TPE,13:05,14:25,13:05,14:25,12:45,14:19,14:20,14:23,01:20,01:35,EARLY,ONTIME,ONTIME,ONTIME,,,,,,,,,HAN,KIX,TPE,International,VJ,,
2026-03-26|VJ933/VJ511|A554|NRT-HAN-DAD|14:25,2026-03-26,VJ933/VJ511,A554,A321,NRT-HAN-DAD,14:00,14:25,14:00,14:25,13:50,14:24,14:25,14:40,00:25,00:35,ONTIME,ONTIME,ONTIME,ONTIME,,,,,,,,,HAN,NRT,DAD,Domestic,VJ,,
2026-03-26|VJ921/VJ1491|A551|NGO-HAN-BMV|14:35,2026-03-26,VJ921/VJ1491,A551,A321,NGO-HAN-BMV,13:40,14:35,13:40,14:35,12:55,14:34,14:35,14:40,00:55,01:40,ONTIME,ONTIME,ONTIME,ONTIME,,,,,,,,,HAN,NGO,BMV,Domestic,VJ,,
2026-03-26|VJ462/VJ433|A689|VCA-HAN-UIH|16:10,2026-03-26,VJ462/VJ433,A689,A320,VCA-HAN-UIH,15:40,16:10,15:40,16:10,16:05,16:29,16:30,16:40,00:30,00:25,DELAY,DELAY,DELAY,DELAY,,93,00:20,,,,,,HAN,VCA,UIH,Domestic,VJ,,
2026-03-26|VJ144/VJ1441|A644|SGN-HAN-PQC|15:30,2026-03-26,VJ144/VJ1441,A644,A321,SGN-HAN-PQC,14:35,15:30,16:15,17:25,16:50,17:29,17:30,17:40,01:10,00:40,DELAY,ONTIME,DELAY,DELAY,,66,00:05,,,,,,HAN,SGN,PQC,Domestic,VJ,,
2026-03-26|VJ508/VJ199|A677|DAD-HAN-SGN|15:35,2026-03-26,VJ508/VJ199,A677,A321,DAD-HAN-SGN,13:40,15:35,15:55,16:30,16:30,16:59,17:00,17:04,00:35,00:30,DELAY,DELAY,DELAY,DELAY,,93,00:25,66,00:05,,,,HAN,DAD,SGN,Domestic,VJ,,
2026-03-26|VJ198/VJ191|A578|NRT-HAN-SGN|15:55,2026-03-26,VJ198/VJ191,A578,A321,NRT-HAN-SGN,15:10,15:55,15:10,15:55,15:35,16:04,16:05,16:10,00:45,00:30,DELAY,ONTIME,ONTIME,DELAY,,93,00:10,,,,,,HAN,NRT,SGN,Domestic,VJ,,
2026-03-26|VJ941/VJ423|A667|TPE-HAN-PXU|15:55,2026-03-26,VJ941/VJ423,A667,A321,TPE-HAN-PXU,14:10,15:55,14:10,15:55,14:50,15:51,15:52,16:01,01:45,01:02,EARLY,ONTIME,ONTIME,DELAY,,,,,,,,,HAN,TPE,PXU,Domestic,VJ,,
2026-03-26|VJ961/VJ195|A544|ICN-HAN-SGN|16:00,2026-03-26,VJ961/VJ195,A544,A321,ICN-HAN-SGN,14:10,16:00,14:10,16:00,14:10,15:59,16:00,16:05,01:50,01:50,ONTIME,ONTIME,ONTIME,ONTIME,,,,,,,,,HAN,ICN,SGN,Domestic,VJ,,
2026-03-26|VJ460/VJ913|A637|VCA-HAN-SAI|16:20,2026-03-26,VJ460/VJ913,A637,A321,VCA-HAN-SAI,15:20,16:20,15:20,16:20,15:40,16:24,16:25,16:28,01:00,00:45,DELAY,ONTIME,ONTIME,DELAY,,66,00:05,,,,,CREW OB 1600,HAN,VCA,SAI,International,VJ,,
2026-03-26|VJ516/VJ515|A525|DAD-HAN-DAD|16:25,2026-03-26,VJ516/VJ515,A525,A320,DAD-HAN-DAD,15:40,16:25,19:35,20:10,19:45,20:09,20:10,20:15,00:35,00:25,ONTIME,ONTIME,DELAY,DELAY,,,,,,,,,HAN,DAD,DAD,Domestic,VJ,,
2026-03-26|VJ142/VJ147|A820|SGN-HAN-SGN|17:10,2026-03-26,VJ142/VJ147,A820,A330,SGN-HAN-SGN,14:50,17:10,14:50,17:10,15:23,17:39,17:40,17:55,02:20,02:17,DELAY,DELAY,DELAY,DELAY,,99,00:30,,,,,WAIT FOR MADAM,HAN,SGN,SGN,Domestic,VJ,,
2026-03-26|VJ134/VJ163|-NVG|SGN-HAN-SGN|17:20,2026-03-26,VJ134/VJ163,-NVG,A320,SGN-HAN-SGN,16:50,17:20,16:50,17:20,17:05,17:29,17:30,17:35,00:30,00:25,DELAY,ONTIME,ONTIME,ONTIME,,93,00:10,,,,,,HAN,SGN,SGN,Domestic,VJ,,
2026-03-26|VJ514/VJ465|A666|DAD-HAN-VCA|17:25,2026-03-26,VJ514/VJ465,A666,A320,DAD-HAN-VCA,16:45,17:25,16:45,17:25,17:20,17:44,17:45,17:51,00:40,00:25,DELAY,DELAY,DELAY,DELAY,,93,00:20,,,,,,HAN,DAD,VCA,Domestic,VJ,,
2026-03-26|VJ953/VJ445|A676|HIJ-HAN-PQC|17:40,2026-03-26,VJ953/VJ445,A676,A320,HIJ-HAN-PQC,16:20,17:40,16:20,17:40,16:45,17:38,17:40,17:42,01:20,00:55,ONTIME,ONTIME,ONTIME,DELAY,,,,,,,,,HAN,HIJ,PQC,Domestic,VJ,,
2026-03-26|VJ784/VJ783|A633|CXR-HAN-CXR|17:40,2026-03-26,VJ784/VJ783,A633,A321,CXR-HAN-CXR,17:10,17:40,17:10,17:40,17:20,17:44,17:45,17:50,00:30,00:25,DELAY,ONTIME,ONTIME,ONTIME,,93,00:05,,,,,,HAN,CXR,CXR,Domestic,VJ,,
2026-03-26|VJ512/VJ779|A661|DAD-HAN-CXR|18:00,2026-03-26,VJ512/VJ779,A661,A321,DAD-HAN-CXR,17:30,18:00,17:30,18:00,17:35,18:04,18:05,18:15,00:30,00:30,DELAY,ONTIME,ONTIME,ONTIME,,93,00:05,,,,,,HAN,DAD,CXR,Domestic,VJ,,
2026-03-26|VJ957/VJ193|A658|PUS-HAN-SGN|18:10,2026-03-26,VJ957/VJ193,A658,A320,PUS-HAN-SGN,17:20,18:10,17:20,18:10,17:15,18:09,18:10,18:15,00:50,00:55,ONTIME,ONTIME,ONTIME,ONTIME,,,,,,,,,HAN,PUS,SGN,Domestic,VJ,,
2026-03-26|VJ194/VJ1925|A656|SGN-HAN-AMD|19:00,2026-03-26,VJ194/VJ1925,A656,A320,SGN-HAN-AMD,17:30,19:00,17:30,19:00,17:50,18:49,18:50,18:58,01:30,01:00,EARLY,ONTIME,ONTIME,DELAY,,,,,,,,,HAN,SGN,AMD,International,VJ,,
2026-03-26|VJ1492/VJ517|A551|BMV-HAN-DAD|19:05,2026-03-26,VJ1492/VJ517,A551,A321,BMV-HAN-DAD,18:35,19:05,18:35,19:30,18:50,19:29,19:30,19:33,00:55,00:40,ONTIME,ONTIME,DELAY,ONTIME,,,,,,,,,HAN,BMV,DAD,Domestic,VJ,,
2026-03-26|VJ928/VJ173|A634|CGK-HAN-SGN|19:05,2026-03-26,VJ928/VJ173,A634,A321,CGK-HAN-SGN,18:15,19:05,18:15,19:05,18:45,19:14,19:15,19:28,00:50,00:30,DELAY,ONTIME,DELAY,DELAY,,93,00:10,,,,,,HAN,CGK,SGN,Domestic,VJ,,
2026-03-26|VJ971|A814|HAN-DEL|19:10,2026-03-26,VJ971,A814,A330,HAN-DEL,,19:10,,19:10,,19:09,19:10,19:25,,,ONTIME,ONTIME,ONTIME,,,,,,,,,,HAN,,DEL,International,VJ,,
2026-03-26|VJ947/VJ569|A630|KHH-HAN-HUI|19:15,2026-03-26,VJ947/VJ569,A630,A321,KHH-HAN-HUI,18:20,19:15,18:20,19:15,18:10,19:14,19:15,19:22,00:55,01:05,ONTIME,ONTIME,ONTIME,ONTIME,,,,,,,,,HAN,KHH,HUI,Domestic,VJ,,
2026-03-26|VJ916/VJ519|A539|SIN-HAN-DAD|19:45,2026-03-26,VJ916/VJ519,A539,A321,SIN-HAN-DAD,18:20,19:45,18:20,19:45,17:50,19:39,19:40,19:56,01:25,01:50,EARLY,ONTIME,ONTIME,ONTIME,,,,,,,,,HAN,SIN,DAD,Domestic,VJ,,
2026-03-26|VJ152/VJ155|A698|SGN-HAN-SGN|20:05,2026-03-26,VJ152/VJ155,A698,A321,SGN-HAN-SGN,19:15,20:05,19:15,20:05,19:50,20:18,20:20,20:20,00:50,00:30,DELAY,ONTIME,ONTIME,DELAY,,93,00:15,,,,,,HAN,SGN,SGN,Domestic,VJ,,
2026-03-26|VJ446/VJ7712|A655|PQC-HAN-PKX|20:05,2026-03-26,VJ446/VJ7712,A655,A320,PQC-HAN-PKX,17:10,20:05,17:10,20:05,17:30,19:54,19:55,20:05,02:55,02:25,EARLY,ONTIME,ONTIME,DELAY,,,,,,,,,HAN,PQC,PKX,International,VJ,,
2026-03-26|VJ424/VJ501|A667|PXU-HAN-DAD|20:15,2026-03-26,VJ424/VJ501,A667,A321,PXU-HAN-DAD,19:35,20:15,19:35,20:35,19:55,20:30,20:31,20:33,01:00,00:36,EARLY,ONTIME,DELAY,DELAY,,,,,,,,,HAN,PXU,DAD,Domestic,VJ,,
2026-03-26|VJ432/VJ7238|A689|UIH-HAN-PVG|21:30,2026-03-26,VJ432/VJ7238,A689,A320,UIH-HAN-PVG,20:00,21:30,20:00,21:30,20:40,21:29,21:30,21:33,01:30,00:50,ONTIME,ONTIME,ONTIME,DELAY,,,,,,,,,HAN,UIH,PVG,International,VJ,,
2026-03-26|VJ160/VJ161|A544|SGN-HAN-SGN|21:50,2026-03-26,VJ160/VJ161,A544,A321,SGN-HAN-SGN,21:15,21:50,21:15,21:50,21:45,22:14,22:15,22:20,00:35,00:30,DELAY,DELAY,DELAY,DELAY,,93,00:25,,,,,,HAN,SGN,SGN,Domestic,VJ,,
2026-03-26|VJ778/VJ523|A661|CXR-HAN-DAD|22:45,2026-03-26,VJ778/VJ523,A661,A321,CXR-HAN-DAD,22:10,22:45,22:10,22:45,23:00,23:29,23:30,23:37,00:35,00:30,DELAY,DELAY,DELAY,DELAY,,93,00:45,,,,,,HAN,CXR,DAD,Domestic,VJ,,
2026-03-26|VJ931/VJ962|A697|KIX-HAN-ICN|22:50,2026-03-26,VJ931/VJ962,A697,A321,KIX-HAN-ICN,19:15,22:50,19:15,22:50,19:05,22:49,22:50,22:55,03:35,03:45,ONTIME,ONTIME,ONTIME,ONTIME,,,,,,,,,HAN,KIX,ICN,International,VJ,,
2026-03-26|VJ914/VJ171|A637|SAI-HAN-SGN|23:25,2026-03-26,VJ914/VJ171,A637,A321,SAI-HAN-SGN,20:50,23:25,20:50,23:25,22:50,23:29,23:30,23:40,02:35,00:40,DELAY,ONTIME,ONTIME,DELAY,,95,00:05,,,,,,HAN,SAI,SGN,Domestic,VJ,,
2026-03-26|VJ1440/VJ7526|A644|PQC-HAN-CAN|23:40,2026-03-26,VJ1440/VJ7526,A644,A321,PQC-HAN-CAN,22:10,23:40,22:10,23:40,21:05,23:37,23:38,23:40,01:30,02:33,EARLY,ONTIME,ONTIME,ONTIME,,,,,,,,,HAN,PQC,CAN,International,VJ,,
2026-03-26|VJ2982/VJ2982|A550|PQC-HAN-NOZ|23:55,2026-03-26,VJ2982/VJ2982,A550,A321,PQC-HAN-NOZ,23:25,23:55,23:25,00:10,23:15,1904-01-02,00:02,00:10,00:45,00:47,EARLY,ONTIME,ONTIME,ONTIME,,,,,,,,,HAN,PQC,NOZ,International,VJ,,
2026-03-27|VJ932|A653|HAN-NRT|00:55,2026-03-27,VJ932,A653,A321,HAN-NRT,,00:55,,00:55,,01:04,01:05,01:10,,,DELAY,ONTIME,ONTIME,,,99,00:10,,,,,LATE ACPT PAX ( 03PAX&07BAGS),HAN,,NRT,International,VJ,,
2026-03-27|VJ982|A640|HAN-PUS|01:00,2026-03-27,VJ982,A640,A321,HAN-PUS,,01:00,,01:00,,00:54,00:55,00:56,,,EARLY,ONTIME,ONTIME,,,,,,,,,,HAN,,PUS,International,VJ,,
2026-03-27|VJ920|A580|HAN-NGO|01:35,2026-03-27,VJ920,A580,A321,HAN-NGO,,01:35,,01:35,,01:34,01:35,01:50,,,ONTIME,ONTIME,ONTIME,,,,,,,,,,HAN,,NGO,International,VJ,,
2026-03-27|VJ938|A539|HAN-KIX|01:40,2026-03-27,VJ938,A539,A321,HAN-KIX,,01:40,,01:40,,01:44,01:45,01:52,,,DELAY,ONTIME,ONTIME,,,99,00:05,,,,,LATE ACPT PAX ( 01PAX&01BAGS),HAN,,KIX,International,VJ,,
2026-03-27|VJ960|A551|HAN-ICN|01:45,2026-03-27,VJ960,A551,A321,HAN-ICN,,01:45,,01:45,,01:41,01:42,01:45,,,EARLY,ONTIME,ONTIME,,,,,,,,,,HAN,,ICN,International,VJ,,
2026-03-27|VJ7614/VJ7614|A516|CXR-HAN-BQS|02:25,2026-03-27,VJ7614/VJ7614,A516,A321,CXR-HAN-BQS,01:40,02:25,01:40,02:25,02:05,02:34,02:35,02:40,00:45,00:30,DELAY,ONTIME,ONTIME,DELAY,,93,00:10,,,,,,HAN,CXR,BQS,International,VJ,,
2026-03-27|VJ27|A820|HAN-VTE|04:50,2026-03-27,VJ27,A820,A321,HAN-VTE,,04:50,,04:50,,04:41,04:42,04:50,,,EARLY,ONTIME,ONTIME,,,,,,,,,,HAN,,VTE,International,VJ,,
2026-03-27|VJ185|A522|HAN-SGN|05:10,2026-03-27,VJ185,A522,A321,HAN-SGN,,05:10,,05:10,,05:04,05:05,05:06,,,EARLY,ONTIME,ONTIME,,,,,,,,,,HAN,,SGN,Domestic,VJ,,
2026-03-27|VJ509|A643|HAN-DAD|05:25,2026-03-27,VJ509,A643,A321,HAN-DAD,,05:25,,05:25,,05:19,05:20,05:30,,,EARLY,ONTIME,ONTIME,,,,,,,,,,HAN,,DAD,Domestic,VJ,,
2026-03-27|VJ461|A671|HAN-VCA|05:30,2026-03-27,VJ461,A671,A320,HAN-VCA,,05:30,,05:30,,05:24,05:25,05:26,,,EARLY,ONTIME,ONTIME,,,,,,,,,,HAN,,VCA,Domestic,VJ,,
2026-03-27|VJ503|A644|HAN-DAD|06:00,2026-03-27,VJ503,A644,A321,HAN-DAD,,06:00,,06:00,,05:59,06:00,06:07,,,ONTIME,ONTIME,ONTIME,,,,,,,,,,HAN,,DAD,Domestic,VJ,,
2026-03-27|VJ491|A632|HAN-BMV|06:00,2026-03-27,VJ491,A632,A321,HAN-BMV,,06:00,,06:00,,05:51,05:52,05:55,,,EARLY,ONTIME,ONTIME,,,,,,,,,,HAN,,BMV,Domestic,VJ,,
2026-03-27|VJ443|A642|HAN-PQC|06:00,2026-03-27,VJ443,A642,A321,HAN-PQC,,06:00,,06:00,,05:54,05:55,06:05,,,EARLY,ONTIME,ONTIME,,,,,,,,,,HAN,,PQC,Domestic,VJ,,
2026-03-27|VJ421|A639|HAN-PXU|06:05,2026-03-27,VJ421,A639,A321,HAN-PXU,,06:05,,06:05,,05:59,06:00,06:14,,,EARLY,ONTIME,ONTIME,,,,,,,,,,HAN,,PXU,Domestic,VJ,,
2026-03-27|VJ7239/VJ181|A689|PVG-HAN-SGN|06:40,2026-03-27,VJ7239/VJ181,A689,A320,PVG-HAN-SGN,05:15,06:40,05:15,06:40,05:10,06:39,06:40,06:50,01:25,01:30,ONTIME,ONTIME,ONTIME,ONTIME,,,,,,,,,HAN,PVG,SGN,Domestic,VJ,,
2026-03-27|VJ905|A578|HAN-KUL|07:10,2026-03-27,VJ905,A578,A321,HAN-KUL,,07:10,,07:10,,07:14,07:15,07:20,,,DELAY,ONTIME,ONTIME,,,15A,00:05,,,,,OFFLOAD 01PAX & 01 BAGS,HAN,,KUL,International,VJ,,
2026-03-27|VJ7713/VJ431|A655|PKX-HAN-UIH|07:10,2026-03-27,VJ7713/VJ431,A655,A320,PKX-HAN-UIH,04:10,07:10,04:10,07:10,04:05,07:04,07:05,07:11,03:00,03:00,EARLY,ONTIME,ONTIME,ONTIME,,,,,,,,,HAN,PKX,UIH,Domestic,VJ,,
2026-03-27|VJ1926/VJ956|A656|AMD-HAN-PUS|07:30,2026-03-27,VJ1926/VJ956,A656,A320,AMD-HAN-PUS,06:20,07:30,06:20,07:30,05:35,07:24,07:25,07:35,01:10,01:50,EARLY,ONTIME,ONTIME,ONTIME,,,,,,,,,HAN,AMD,PUS,International,VJ,,
2026-03-27|VJ940|A630|HAN-TPE|07:35,2026-03-27,VJ940,A630,A321,HAN-TPE,,07:35,,07:35,,07:39,07:40,07:50,,,DELAY,ONTIME,ONTIME,,,15A,00:05,,,,,OFDLOAD 02PAX& 01BAGS,HAN,,TPE,International,VJ,,
2026-03-27|VJ771|A677|HAN-CXR|07:35,2026-03-27,VJ771,A677,A321,HAN-CXR,,07:35,,07:35,,07:29,07:30,07:35,,,EARLY,ONTIME,ONTIME,,,,,,,,,,HAN,,CXR,Domestic,VJ,,
2026-03-27|VJ107|656E|HAN-VCS|08:15,2026-03-27,VJ107,656E,C909,HAN-VCS,,08:15,,08:15,,08:06,08:07,08:14,,,EARLY,ONTIME,ONTIME,,,,,,,,,,HAN,,VCS,Domestic,VJ,,
2026-03-27|VJ7527/VJ930|A553|CAN-HAN-KIX|08:20,2026-03-27,VJ7527/VJ930,A553,A321,CAN-HAN-KIX,04:35,08:20,04:35,08:20,04:35,08:34,08:35,08:46,03:45,04:00,DELAY,ONTIME,DELAY,ONTIME,,63A,00:15,,,,,LATE FO OB 0834,HAN,CAN,KIX,International,VJ,,
2026-03-27|VJ929|A543|HAN-CGK|08:40,2026-03-27,VJ929,A543,A321,HAN-CGK,,08:40,,08:40,,08:48,08:50,09:00,,,DELAY,ONTIME,DELAY,,,15A,00:10,,,,,OFFLOAD  4PAX 6BAG,HAN,,CGK,International,VJ,,
2026-03-27|VJ124/VJ125|A524|SGN-HAN-SGN|08:40,2026-03-27,VJ124/VJ125,A524,A321,SGN-HAN-SGN,07:50,08:40,07:50,08:40,07:52,08:34,08:35,08:40,00:50,00:43,EARLY,ONTIME,ONTIME,ONTIME,,,,,,,,,HAN,SGN,SGN,Domestic,VJ,,
2026-03-27|VJ524/VJ934|A554|DAD-HAN-NRT|08:40,2026-03-27,VJ524/VJ934,A554,A321,DAD-HAN-NRT,07:40,08:40,07:40,08:40,07:40,08:34,08:35,08:43,01:00,00:55,EARLY,ONTIME,ONTIME,ONTIME,,,,,,,,,HAN,DAD,NRT,International,VJ,,
2026-03-27|VJ127|A666|HAN-SGN|09:05,2026-03-27,VJ127,A666,A320,HAN-SGN,,09:05,,09:05,,09:24,09:25,09:28,,,DELAY,DELAY,DELAY,,,95,00:20,,,,,CREW 126 OB 0900,HAN,,SGN,Domestic,VJ,,
2026-03-27|VJ972/VJ139|A814|DEL-HAN-SGN|09:30,2026-03-27,VJ972/VJ139,A814,A330,DEL-HAN-SGN,05:35,09:30,05:35,09:30,05:40,09:29,09:30,09:40,03:55,03:50,ONTIME,ONTIME,ONTIME,ONTIME,,,,,,,,,HAN,DEL,SGN,Domestic,VJ,,
2026-03-27|VJ510/VJ527|A677|DAD-HAN-DAD|09:30,2026-03-27,VJ510/VJ527,A677,A321,DAD-HAN-DAD,08:35,09:30,08:35,09:30,08:40,09:29,09:30,09:40,00:55,00:50,ONTIME,ONTIME,ONTIME,ONTIME,,,,,,,,,HAN,DAD,DAD,Domestic,VJ,,
2026-03-27|VJ126/VJ915|A545|SGN-HAN-SIN|09:35,2026-03-27,VJ126/VJ915,A545,A321,SGN-HAN-SIN,08:25,09:35,08:25,09:35,08:40,09:33,09:35,09:43,01:10,00:55,ONTIME,ONTIME,ONTIME,ONTIME,,,,,,,,,HAN,SGN,SIN,International,VJ,,
2026-03-27|VJ176/VJ997|A528|SGN-HAN-DPS|10:00,2026-03-27,VJ176/VJ997,A528,A321,SGN-HAN-DPS,09:00,10:00,09:00,10:00,09:05,09:59,10:00,10:05,01:00,00:55,ONTIME,ONTIME,ONTIME,ONTIME,,,,,,,,,HAN,SGN,DPS,International,VJ,,
2026-03-27|VJ148/VJ149|-NVG|SGN-HAN-SGN|10:05,2026-03-27,VJ148/VJ149,-NVG,A320,SGN-HAN-SGN,09:30,10:05,09:30,10:05,09:40,10:04,10:05,10:30,00:35,00:25,ONTIME,ONTIME,DELAY,ONTIME,,,,,,,,,HAN,SGN,SGN,Domestic,VJ,,
2026-03-27|VJ504/VJ567|A644|DAD-HAN-HUI|10:10,2026-03-27,VJ504/VJ567,A644,A321,DAD-HAN-HUI,09:00,10:10,09:00,10:10,09:25,10:03,10:04,10:20,01:10,00:39,EARLY,ONTIME,ONTIME,DELAY,,,,,,,,,HAN,DAD,HUI,Domestic,VJ,,
2026-03-27|VJ492/VJ507|A632|BMV-HAN-DAD|10:30,2026-03-27,VJ492/VJ507,A632,A321,BMV-HAN-DAD,10:00,10:30,10:00,10:30,10:15,10:44,10:45,11:00,00:30,00:30,DELAY,ONTIME,DELAY,ONTIME,,93,00:15,,,,,,HAN,BMV,DAD,Domestic,VJ,,
2026-03-27|VJ963/VJ463|A645|ICN-HAN-VCA|10:30,2026-03-27,VJ963/VJ463,A645,A321,ICN-HAN-VCA,09:30,10:30,09:30,10:30,09:25,10:18,10:20,10:40,01:00,00:55,EARLY,ONTIME,ONTIME,ONTIME,,,,,,,,,HAN,ICN,VCA,Domestic,VJ,,
2026-03-27|VJ422/VJ775|A643|PXU-HAN-CXR|10:40,2026-03-27,VJ422/VJ775,A643,A321,PXU-HAN-CXR,09:40,10:40,09:40,10:40,09:47,10:39,10:40,10:55,01:00,00:53,ONTIME,ONTIME,ONTIME,ONTIME,,,,,,,,,HAN,PXU,CXR,Domestic,VJ,,
2026-03-27|VJ136/VJ135|A522|SGN-HAN-SGN|11:15,2026-03-27,VJ136/VJ135,A522,A321,SGN-HAN-SGN,10:40,11:15,10:40,11:15,11:00,11:39,11:40,12:00,00:35,00:40,DELAY,DELAY,DELAY,DELAY,,93,00:15,66,00:10,,,CREW HN OB 1110,HAN,SGN,SGN,Domestic,VJ,,
2026-03-27|VJ132/VJ137|A548|SGN-HAN-SGN|11:40,2026-03-27,VJ132/VJ137,A548,A321,SGN-HAN-SGN,11:10,11:40,11:10,11:40,11:40,12:09,12:10,12:20,00:30,00:30,DELAY,DELAY,DELAY,DELAY,,93,00:30,,,,,,HAN,SGN,SGN,Domestic,VJ,,
2026-03-27|VJ981/VJ946|A640|PUS-HAN-KHH|11:45,2026-03-27,VJ981/VJ946,A640,A321,PUS-HAN-KHH,11:00,11:45,11:00,11:45,10:55,11:44,11:45,12:00,00:45,00:50,ONTIME,ONTIME,ONTIME,ONTIME,,,,,,,,,HAN,PUS,KHH,International,VJ,,
2026-03-27|VJ442/VJ901|A642|PQC-HAN-BKK|12:15,2026-03-27,VJ442/VJ901,A642,A321,PQC-HAN-BKK,10:45,12:15,10:45,12:15,11:10,12:08,12:10,12:20,01:30,01:00,EARLY,ONTIME,ONTIME,DELAY,,,,,,,,,HAN,PQC,BKK,International,VJ,,
2026-03-27|VJ430/VJ441|A655|UIH-HAN-PQC|12:25,2026-03-27,VJ430/VJ441,A655,A320,UIH-HAN-PQC,10:55,12:25,10:55,12:25,10:55,12:24,12:25,12:30,01:30,01:30,ONTIME,ONTIME,ONTIME,ONTIME,,,,,,,,,HAN,UIH,PQC,Domestic,VJ,,
2026-03-27|VJ528/VJ948|A677|DAD-HAN-RMQ|13:30,2026-03-27,VJ528/VJ948,A677,A321,DAD-HAN-RMQ,11:45,13:30,11:45,13:30,13:00,13:44,13:45,13:52,01:45,00:45,DELAY,ONTIME,DELAY,DELAY,,66,00:15,,,,,CREW HN OB 1320,HAN,DAD,RMQ,International,VJ,,
2026-03-27|VJ770/VJ513|A639|CXR-HAN-DAD|13:35,2026-03-27,VJ770/VJ513,A639,A321,CXR-HAN-DAD,12:40,13:35,12:40,13:35,12:25,13:44,13:45,13:50,00:55,01:20,DELAY,ONTIME,ONTIME,ONTIME,,95,00:10,,,,,CREW 528 OB 1318,HAN,CXR,DAD,Domestic,VJ,,
2026-03-27|VJ143|A817|HAN-SGN|13:40,2026-03-27,VJ143,A817,A330,HAN-SGN,,13:40,,13:40,,13:39,13:40,13:50,,,ONTIME,ONTIME,ONTIME,,,,,,,,,,HAN,,SGN,Domestic,VJ,,
2026-03-27|VJ188/VJ151|-NVE|SGN-HAN-SGN|14:00,2026-03-27,VJ188/VJ151,-NVE,A320,SGN-HAN-SGN,13:25,14:00,13:25,15:05,14:30,14:54,14:55,15:02,01:40,00:25,EARLY,ONTIME,DELAY,DELAY,,,,,,,,,HAN,SGN,SGN,Domestic,VJ,,
2026-03-27|VJ2983/VJ2983|A550|NOZ-HAN-PQC|14:05,2026-03-27,VJ2983/VJ2983,A550,A321,NOZ-HAN-PQC,13:35,14:05,13:35,14:05,13:55,14:17,14:18,14:30,00:30,00:23,DELAY,ONTIME,DELAY,DELAY,,,,,,,,,HAN,NOZ,PQC,Domestic,VJ,,
2026-03-27|VJ939/VJ511|A539|KIX-HAN-DAD|14:20,2026-03-27,VJ939/VJ511,A539,A321,KIX-HAN-DAD,13:05,14:20,13:05,14:20,13:05,14:19,14:20,14:28,01:15,01:15,ONTIME,ONTIME,ONTIME,ONTIME,,,,,,,,,HAN,KIX,DAD,Domestic,VJ,,
2026-03-27|VJ921/VJ942|A580|NGO-HAN-TPE|14:25,2026-03-27,VJ921/VJ942,A580,A321,NGO-HAN-TPE,13:40,14:25,13:40,14:25,13:05,14:14,14:15,14:23,00:45,01:10,EARLY,ONTIME,ONTIME,ONTIME,,,,,,,,,HAN,NGO,TPE,International,VJ,,
2026-03-27|VJ508/VJ1491|A632|DAD-HAN-BMV|14:35,2026-03-27,VJ508/VJ1491,A632,A321,DAD-HAN-BMV,13:40,14:35,14:25,15:30,14:55,15:28,15:30,15:45,01:05,00:35,ONTIME,ONTIME,DELAY,DELAY,,,,,,,,,HAN,DAD,BMV,Domestic,VJ,,
2026-03-27|VJ961/VJ153|A551|HUI-HAN-SGN|15:10,2026-03-27,VJ961/VJ153,A551,A321,HUI-HAN-SGN,13:05,15:10,13:05,15:10,14:05,15:09,15:10,15:14,02:05,01:05,ONTIME,ONTIME,ONTIME,DELAY,,,,,,,,,HAN,HUI,SGN,Domestic,VJ,,
2026-03-27|VJ7615/VJ7615|A516|BQS-HAN-CXR|15:10,2026-03-27,VJ7615/VJ7615,A516,A321,BQS-HAN-CXR,14:40,15:10,14:40,15:10,14:57,15:19,15:20,15:25,00:30,00:23,DELAY,ONTIME,ONTIME,DELAY,,,,,,,,,HAN,BQS,CXR,Domestic,VJ,,
2026-03-27|VJ138/VJ175|A658|SGN-HAN-SGN|15:20,2026-03-27,VJ138/VJ175,A658,A320,SGN-HAN-SGN,14:40,15:20,14:40,15:20,15:10,15:29,15:30,15:35,00:40,00:20,DELAY,ONTIME,ONTIME,DELAY,,93,00:10,,,,,,HAN,SGN,SGN,Domestic,VJ,,
2026-03-27|VJ440/VJ433|A676|PQC-HAN-UIH|15:25,2026-03-27,VJ440/VJ433,A676,A320,PQC-HAN-UIH,11:55,15:25,11:55,15:25,12:10,15:24,15:25,15:35,03:30,03:15,ONTIME,ONTIME,ONTIME,ONTIME,,,,,,,,,HAN,PQC,UIH,Domestic,VJ,,
2026-03-27|VJ906/VJ1441|A578|TPE-HAN-PQC|15:30,2026-03-27,VJ906/VJ1441,A578,A321,TPE-HAN-PQC,14:10,15:30,14:10,15:30,14:45,15:59,16:00,16:15,01:20,01:15,DELAY,DELAY,DELAY,DELAY,,95,00:30,,,,,CREW OB 1537,HAN,TPE,PQC,Domestic,VJ,,
2026-03-27|VJ144/VJ145|A674|SGN-HAN-SGN|15:35,2026-03-27,VJ144/VJ145,A674,A321,SGN-HAN-SGN,14:10,15:35,14:10,15:35,15:20,15:49,15:50,16:05,01:25,00:30,DELAY,ONTIME,DELAY,DELAY,,93,00:10,,,,,,HAN,SGN,SGN,Domestic,VJ,,
2026-03-27|VJ933/VJ199|A653|NRT-HAN-SGN|15:35,2026-03-27,VJ933/VJ199,A653,A321,NRT-HAN-SGN,14:00,15:35,14:00,15:35,14:00,15:34,15:35,15:50,01:35,01:35,ONTIME,ONTIME,ONTIME,ONTIME,,,,,,,,,HAN,NRT,SGN,Domestic,VJ,,
2026-03-27|VJ566/VJ903|A644|HUI-HAN-BKK|15:50,2026-03-27,VJ566/VJ903,A644,A321,HUI-HAN-BKK,14:10,15:50,14:10,15:50,13:43,15:49,15:50,16:00,01:40,02:07,ONTIME,ONTIME,ONTIME,ONTIME,,,,,,,,,HAN,HUI,BKK,International,VJ,,
2026-03-27|VJ198/VJ423|A500|SGN-HAN-PXU|15:55,2026-03-27,VJ198/VJ423,A500,A321,SGN-HAN-PXU,15:10,15:55,15:30,17:00,16:00,16:59,17:00,17:11,01:30,01:00,ONTIME,ONTIME,DELAY,DELAY,,,,,,,,,HAN,SGN,PXU,Domestic,VJ,,
2026-03-27|VJ774/VJ191|A643|CXR-HAN-SGN|15:55,2026-03-27,VJ774/VJ191,A643,A321,CXR-HAN-SGN,14:50,15:55,14:50,15:55,15:45,16:19,16:20,16:25,01:05,00:35,DELAY,DELAY,DELAY,DELAY,,93,00:20,66,00:05,,,CREW HN OB 1555,HAN,CXR,SGN,Domestic,VJ,,
2026-03-27|VJ142/VJ157|A814|SGN-HAN-SGN|16:00,2026-03-27,VJ142/VJ157,A814,A330,SGN-HAN-SGN,14:50,16:00,14:50,16:00,15:40,16:23,16:24,16:30,01:10,00:44,DELAY,DELAY,DELAY,DELAY,,93,00:24,,,,,,HAN,SGN,SGN,Domestic,VJ,,
2026-03-27|VJ941/VJ913|A630|TPE-HAN-SAI|16:20,2026-03-27,VJ941/VJ913,A630,A321,TPE-HAN-SAI,14:55,16:20,14:55,16:20,15:10,16:09,16:10,16:35,01:25,01:00,EARLY,ONTIME,ONTIME,ONTIME,,,,,,,,,HAN,TPE,SAI,International,VJ,,
2026-03-27|VJ462/VJ515|A671|VCA-HAN-DAD|16:25,2026-03-27,VJ462/VJ515,A671,A320,VCA-HAN-DAD,15:40,16:25,15:40,16:25,16:00,16:29,16:30,16:40,00:45,00:30,DELAY,ONTIME,ONTIME,DELAY,,66,00:05,,,,,CREW OB 1607,HAN,VCA,DAD,Domestic,VJ,,
2026-03-27|VJ460/VJ147|A645|VCA-HAN-SGN|17:10,2026-03-27,VJ460/VJ147,A645,A321,VCA-HAN-SGN,15:20,17:10,15:20,17:10,16:25,17:04,17:05,17:16,01:50,00:40,EARLY,ONTIME,ONTIME,DELAY,,,,,,,,,HAN,VCA,SGN,Domestic,VJ,,
2026-03-27|VJ134/VJ163|-MLI|SGN-HAN-SGN|17:20,2026-03-27,VJ134/VJ163,-MLI,A320,SGN-HAN-SGN,16:50,17:20,18:25,19:00,18:55,19:19,19:20,19:30,00:35,00:25,DELAY,DELAY,DELAY,DELAY,,93,00:20,,,,,,HAN,SGN,SGN,Domestic,VJ,,
2026-03-27|VJ514/VJ465|A639|DAD-HAN-VCA|17:25,2026-03-27,VJ514/VJ465,A639,A321,DAD-HAN-VCA,16:45,17:25,17:15,17:45,17:30,17:59,18:00,18:04,00:30,00:30,DELAY,ONTIME,DELAY,DELAY,,93,00:15,,,,,,HAN,DAD,VCA,Domestic,VJ,,
2026-03-27|VJ128/VJ445|A689|SGN-HAN-PQC|17:40,2026-03-27,VJ128/VJ445,A689,A320,SGN-HAN-PQC,12:10,17:40,12:10,17:40,13:00,17:37,17:38,17:40,05:30,04:38,EARLY,ONTIME,ONTIME,DELAY,,,,,,,,,HAN,SGN,PQC,Domestic,VJ,,
2026-03-27|VJ512/VJ779|A539|DAD-HAN-CXR|18:00,2026-03-27,VJ512/VJ779,A539,A321,DAD-HAN-CXR,17:30,18:00,17:30,18:00,17:50,18:23,18:25,18:36,00:30,00:35,DELAY,DELAY,DELAY,DELAY,,93,00:20,66,00:05,,,CREW OB 1800,HAN,DAD,CXR,Domestic,VJ,,
2026-03-27|VJ902/VJ165|A642|BKK-HAN-SGN|18:30,2026-03-27,VJ902/VJ165,A642,A321,BKK-HAN-SGN,17:00,18:30,17:00,18:30,17:15,18:29,18:30,18:40,01:30,01:15,ONTIME,ONTIME,ONTIME,ONTIME,,,,,,,,,HAN,BKK,SGN,Domestic,VJ,,
2026-03-27|VJ446/VJ1925|A675|PQC-HAN-AMD|19:00,2026-03-27,VJ446/VJ1925,A675,A320,PQC-HAN-AMD,17:10,19:00,17:10,19:00,17:25,18:53,18:54,19:00,01:50,01:29,EARLY,ONTIME,ONTIME,ONTIME,,,,,,,,,HAN,PQC,AMD,International,VJ,,
2026-03-27|VJ1492/VJ517|A632|BMV-HAN-DAD|19:05,2026-03-27,VJ1492/VJ517,A632,A321,BMV-HAN-DAD,18:35,19:05,19:35,20:10,20:00,20:29,20:30,20:39,00:35,00:30,DELAY,DELAY,DELAY,DELAY,,93,00:20,,,,,,HAN,BMV,DAD,Domestic,VJ,,
2026-03-27|VJ194/VJ173|A522|SGN-HAN-SGN|19:05,2026-03-27,VJ194/VJ173,A522,A321,SGN-HAN-SGN,17:30,19:05,17:30,19:05,17:35,19:04,19:05,19:15,01:35,01:30,ONTIME,ONTIME,ONTIME,ONTIME,,,,,,,,,HAN,SGN,SGN,Domestic,VJ,,
2026-03-27|VJ916/VJ907|A545|SIN-HAN-BOM|19:15,2026-03-27,VJ916/VJ907,A545,A321,SIN-HAN-BOM,17:25,19:15,17:25,19:15,17:20,19:14,19:15,19:20,01:50,01:55,ONTIME,ONTIME,ONTIME,ONTIME,,,,,,,,,HAN,SIN,BOM,International,VJ,,
2026-03-27|VJ947/VJ569|A640|KHH-HAN-HUI|19:15,2026-03-27,VJ947/VJ569,A640,A321,KHH-HAN-HUI,18:05,19:15,18:05,19:15,18:15,19:07,19:09,19:18,01:10,00:54,EARLY,ONTIME,ONTIME,ONTIME,,,,,,,,,HAN,KHH,HUI,Domestic,VJ,,
2026-03-27|VJ928/VJ519|A543|CGK-HAN-DAD|20:00,2026-03-27,VJ928/VJ519,A543,A321,CGK-HAN-DAD,18:05,20:00,18:05,20:00,18:30,19:59,20:00,20:05,01:55,01:30,ONTIME,ONTIME,ONTIME,DELAY,,,,,,,,,HAN,CGK,DAD,Domestic,VJ,,
2026-03-27|VJ152/VJ155|A537|SGN-HAN-SGN|20:05,2026-03-27,VJ152/VJ155,A537,A321,SGN-HAN-SGN,19:15,20:05,19:15,20:05,19:20,20:04,20:05,20:20,00:50,00:45,ONTIME,ONTIME,ONTIME,ONTIME,,,,,,,,,HAN,SGN,SGN,Domestic,VJ,,
2026-03-27|VJ957/VJ7712|A656|PUS-HAN-PKX|20:05,2026-03-27,VJ957/VJ7712,A656,A320,PUS-HAN-PKX,17:20,20:05,17:20,20:05,17:17,19:54,19:55,19:59,02:45,02:38,EARLY,ONTIME,ONTIME,ONTIME,,,,,,,,,HAN,PUS,PKX,International,VJ,,
2026-03-27|VJ516/VJ501|A671|DAD-HAN-DAD|20:15,2026-03-27,VJ516/VJ501,A671,A320,DAD-HAN-DAD,19:35,20:15,19:35,20:55,20:30,20:54,20:55,21:10,01:20,00:25,ONTIME,ONTIME,DELAY,DELAY,,,,,,,,,HAN,DAD,DAD,Domestic,VJ,,
2026-03-27|VJ432/VJ7238|A676|UIH-HAN-PVG|21:30,2026-03-27,VJ432/VJ7238,A676,A320,UIH-HAN-PVG,19:10,21:30,19:10,21:30,19:20,21:29,21:30,21:32,02:20,02:10,ONTIME,ONTIME,ONTIME,ONTIME,,,,,,,,,HAN,UIH,PVG,International,VJ,,
2026-03-27|VJ778/VJ523|A516|CXR-HAN-DAD|22:45,2026-03-27,VJ778/VJ523,A516,A321,CXR-HAN-DAD,22:10,22:45,22:10,22:45,22:25,23:26,23:28,23:29,00:35,01:03,DELAY,DELAY,DELAY,ONTIME,,95,00:33,93,00:10,,,CREW FR VJ568 OB 2300,HAN,CXR,DAD,Domestic,VJ,,
2026-03-27|VJ1440/VJ962|A578|PQC-HAN-ICN|22:50,2026-03-27,VJ1440/VJ962,A578,A321,PQC-HAN-ICN,20:10,22:50,20:10,22:50,21:30,22:54,22:55,23:05,02:40,01:25,DELAY,ONTIME,ONTIME,DELAY,,15A,00:05,,,,,OFFLOAD 1 PAX 1BAG,HAN,PQC,ICN,International,VJ,,
2026-03-27|VJ904/VJ7526|A644|BKK-HAN-HAN|23:40,2026-03-27,VJ904/VJ7526,A644,A321,BKK-HAN-HAN,20:25,23:40,20:25,23:40,21:00,23:39,23:40,23:43,03:15,02:40,ONTIME,ONTIME,ONTIME,DELAY,,,,,,,,,HAN,BKK,HAN,Domestic,VJ,,
2026-03-28|VJ932|A554|HAN-NRT|00:55,2026-03-28,VJ932,A554,A321,HAN-NRT,,00:55,,00:55,,00:50,00:51,01:00,,,EARLY,ONTIME,ONTIME,,,,,,,,,,HAN,,NRT,International,VJ,,
2026-03-28|VJ982|A630|HAN-PUS|01:00,2026-03-28,VJ982,A630,A321,HAN-PUS,,01:00,,01:00,,00:46,00:47,00:50,,,EARLY,ONTIME,ONTIME,,,,,,,,,,HAN,,PUS,International,VJ,,
2026-03-28|VJ7706/VJ7706|A539|CXR-HAN-KHV|01:25,2026-03-28,VJ7706/VJ7706,A539,A321,CXR-HAN-KHV,00:55,01:25,00:55,01:25,01:05,01:30,01:32,01:39,00:30,00:27,DELAY,ONTIME,ONTIME,ONTIME,,93,00:07,,,,,,HAN,CXR,KHV,International,VJ,,
2026-03-28|VJ920|A553|HAN-NGO|01:35,2026-03-28,VJ920,A553,A321,HAN-NGO,,01:35,,01:35,,01:26,01:28,01:28,,,EARLY,ONTIME,ONTIME,,,,,,,,,,HAN,,NGO,International,VJ,,
2026-03-28|VJ938|A543|HAN-KIX|01:40,2026-03-28,VJ938,A543,A321,HAN-KIX,,01:40,,01:40,,01:34,01:35,01:37,,,EARLY,ONTIME,ONTIME,,,,,,,,,,HAN,,KIX,International,VJ,,
2026-03-28|VJ960|A500|HAN-ICN|01:45,2026-03-28,VJ960,A500,A321,HAN-ICN,,01:45,,01:45,,01:38,01:40,01:45,,,EARLY,ONTIME,ONTIME,,,,,,,,,,HAN,,ICN,International,VJ,,
2026-03-28|VJ958|A677|HAN-FUK|02:05,2026-03-28,VJ958,A677,A321,HAN-FUK,,02:05,,02:05,,02:02,02:03,02:04,,,EARLY,ONTIME,ONTIME,,,,,,,,,,HAN,,FUK,International,VJ,,
2026-03-28|VJ7713/VJ185|A656|PKX-HAN-SGN|05:10,2026-03-28,VJ7713/VJ185,A656,A320,PKX-HAN-SGN,04:10,05:10,04:10,05:10,04:20,05:18,05:19,05:23,01:00,00:59,DELAY,ONTIME,ONTIME,ONTIME,,93,00:09,,,,,CREW IMMI PROCESSING,HAN,PKX,SGN,Domestic,VJ,,
2026-03-28|VJ461|A632|HAN-VCA|05:30,2026-03-28,VJ461,A632,A321,HAN-VCA,,05:30,,05:30,,05:24,05:25,05:33,,,EARLY,ONTIME,ONTIME,,,,,,,,,,HAN,,VCA,Domestic,VJ,,
2026-03-28|VJ503|A580|HAN-DAD|05:55,2026-03-28,VJ503,A580,A321,HAN-DAD,,05:55,,05:55,,05:48,05:50,05:55,,,EARLY,ONTIME,ONTIME,,,,,,,,,,HAN,,DAD,Domestic,VJ,,
2026-03-28|VJ491|A643|HAN-BMV|05:55,2026-03-28,VJ491,A643,A321,HAN-BMV,,05:55,,05:55,,05:44,05:45,05:50,,,EARLY,ONTIME,ONTIME,,,,,,,,,,HAN,,BMV,Domestic,VJ,,
2026-03-28|VJ443|A639|HAN-PQC|06:00,2026-03-28,VJ443,A639,A321,HAN-PQC,,06:00,,06:00,,05:54,05:55,05:59,,,EARLY,ONTIME,ONTIME,,,,,,,,,,HAN,,PQC,Domestic,VJ,,
2026-03-28|VJ952|A671|HAN-HIJ|06:05,2026-03-28,VJ952,A671,A320,HAN-HIJ,,06:05,,06:05,,05:59,06:00,06:08,,,EARLY,ONTIME,ONTIME,,,,,,,,,,HAN,,HIJ,International,VJ,,
2026-03-28|VJ421|A546|HAN-PXU|06:35,2026-03-28,VJ421,A546,A321,HAN-PXU,,06:35,,06:35,,06:29,06:30,06:40,,,EARLY,ONTIME,ONTIME,,,,,,,,,,HAN,,PXU,Domestic,VJ,,
2026-03-28|VJ181|A640|HAN-SGN|06:40,2026-03-28,VJ181,A640,A321,HAN-SGN,,06:40,,06:40,,06:34,06:35,06:45,,,EARLY,ONTIME,ONTIME,,,,,,,,,,HAN,,SGN,Domestic,VJ,,
2026-03-28|VJ905|A693|HAN-KUL|07:10,2026-03-28,VJ905,A693,A321,HAN-KUL,,07:10,,07:10,,07:04,07:05,07:17,,,EARLY,ONTIME,ONTIME,,,,,,,,,,HAN,,KUL,International,VJ,,
2026-03-28|VJ7239/VJ1431|A676|PVG-HAN-UIH|07:10,2026-03-28,VJ7239/VJ1431,A676,A320,PVG-HAN-UIH,05:15,07:10,05:15,07:10,05:10,07:04,07:05,07:08,01:55,01:55,EARLY,ONTIME,ONTIME,ONTIME,,,,,,,,,HAN,PVG,UIH,Domestic,VJ,,
2026-03-28|VJ1926/VJ956|A675|AMD-HAN-PUS|07:30,2026-03-28,VJ1926/VJ956,A675,A320,AMD-HAN-PUS,06:20,07:30,06:20,07:30,06:10,07:29,07:30,07:40,01:10,01:20,ONTIME,ONTIME,ONTIME,ONTIME,,,,,,,,,HAN,AMD,PUS,International,VJ,,
2026-03-28|VJ7527/VJ1771|A644|CAN-HAN-CXR|07:35,2026-03-28,VJ7527/VJ1771,A644,A321,CAN-HAN-CXR,04:35,07:35,04:35,07:35,04:35,07:29,07:30,07:34,03:00,02:55,EARLY,ONTIME,ONTIME,ONTIME,,,,,,,,,HAN,CAN,CXR,Domestic,VJ,,
2026-03-28|VJ940|A537|HAN-TPE|07:35,2026-03-28,VJ940,A537,A321,HAN-TPE,,07:35,,07:35,,07:29,07:30,07:40,,,EARLY,ONTIME,ONTIME,,,,,,,,,,HAN,,TPE,International,VJ,,
2026-03-28|VJ107|656E|HAN-VCS|08:15,2026-03-28,VJ107,656E,C909,HAN-VCS,,08:15,,08:15,,08:04,08:05,08:14,,,EARLY,ONTIME,ONTIME,,,,,,,,,,HAN,,VCS,Domestic,VJ,,
2026-03-28|VJ934|A528|HAN-NRT|08:20,2026-03-28,VJ934,A528,A321,HAN-NRT,,08:20,,08:20,,08:19,08:20,08:30,,,ONTIME,ONTIME,ONTIME,,,,,,,,,,HAN,,NRT,International,VJ,,
2026-03-28|VJ910/VJ930|A545|BOM-HAN-KIX|08:20,2026-03-28,VJ910/VJ930,A545,A321,BOM-HAN-KIX,06:40,08:20,06:40,08:20,,08:19,08:20,08:30,01:40,,ONTIME,ONTIME,ONTIME,ONTIME,,,,,,,,,HAN,BOM,KIX,International,VJ,,
2026-03-28|VJ929|A551|HAN-CGK|08:40,2026-03-28,VJ929,A551,A321,HAN-CGK,,08:40,,08:40,,08:59,09:00,09:04,,,DELAY,DELAY,DELAY,,,99,00:10,15A,00:10,,,15A DUE TO CUT 2PAX/2PCS,HAN,,CGK,International,VJ,,
2026-03-28|VJ120/VJ1121|A642|SGN-HAN-SGN|08:40,2026-03-28,VJ120/VJ1121,A642,A321,SGN-HAN-SGN,07:40,08:40,07:40,08:40,07:45,08:38,08:40,08:40,01:00,00:55,ONTIME,ONTIME,ONTIME,ONTIME,,,,,,,,,HAN,SGN,SGN,Domestic,VJ,,
2026-03-28|VJ126/VJ127|A636|SGN-HAN-SGN|08:55,2026-03-28,VJ126/VJ127,A636,A321,SGN-HAN-SGN,08:25,08:55,08:25,08:55,08:30,08:59,09:00,09:10,00:30,00:30,DELAY,ONTIME,ONTIME,ONTIME,,93,00:05,,,,,,HAN,SGN,SGN,Domestic,VJ,,
2026-03-28|VJ915|A645|HAN-SIN|09:35,2026-03-28,VJ915,A645,A321,HAN-SIN,,09:35,,09:35,,08:31,08:32,08:34,,,EARLY,ONTIME,ONTIME,,,,,,,,,,HAN,,SIN,International,VJ,,
2026-03-28|VJ504/VJ997|A580|DAD-HAN-DPS|10:00,2026-03-28,VJ504/VJ997,A580,A321,DAD-HAN-DPS,09:00,10:00,09:00,10:00,09:15,09:59,10:00,10:08,01:00,00:45,ONTIME,ONTIME,ONTIME,ONTIME,,,,,,,,,HAN,DAD,DPS,International,VJ,,
2026-03-28|VJ148/VJ149|-NVG|SGN-HAN-SGN|10:05,2026-03-28,VJ148/VJ149,-NVG,A320,SGN-HAN-SGN,09:30,10:05,09:30,10:05,09:40,10:04,10:05,10:11,00:35,00:25,ONTIME,ONTIME,ONTIME,ONTIME,,,,,,,,,HAN,SGN,SGN,Domestic,VJ,,
2026-03-28|VJ963/VJ507|A648|ICN-HAN-DAD|10:30,2026-03-28,VJ963/VJ507,A648,A321,ICN-HAN-DAD,09:30,10:30,09:30,10:30,09:00,10:22,10:23,10:25,01:00,01:23,EARLY,ONTIME,ONTIME,ONTIME,,,,,,,,,HAN,ICN,DAD,Domestic,VJ,,
2026-03-28|VJ463|A635|HAN-VCA|10:30,2026-03-28,VJ463,A635,A321,HAN-VCA,,10:30,,10:30,,10:29,10:30,10:45,,,ONTIME,ONTIME,ONTIME,,,,,,,,,,HAN,,VCA,Domestic,VJ,,
2026-03-28|VJ422/VJ567|A546|PXU-HAN-HUI|10:45,2026-03-28,VJ422/VJ567,A546,A321,PXU-HAN-HUI,10:15,10:45,10:15,10:45,10:25,10:54,10:55,11:05,00:30,00:30,DELAY,ONTIME,DELAY,ONTIME,,93,00:10,,,,,,HAN,PXU,HUI,Domestic,VJ,,
2026-03-28|VJ492/VJ135|A643|BMV-HAN-SGN|11:10,2026-03-28,VJ492/VJ135,A643,A321,BMV-HAN-SGN,10:00,11:10,10:00,11:10,09:55,10:58,11:00,11:04,01:10,01:05,EARLY,ONTIME,ONTIME,ONTIME,,,,,,,,,HAN,BMV,SGN,Domestic,VJ,,
2026-03-28|VJ137|A667|HAN-SGN|11:40,2026-03-28,VJ137,A667,A321,HAN-SGN,,11:40,,11:40,,11:49,11:50,11:55,,,DELAY,ONTIME,ONTIME,,,95,00:10,,,,,CHANGE CREW VJ132 OB 1130,HAN,,SGN,Domestic,VJ,,
2026-03-28|VJ981/VJ946|A630|PUS-HAN-KHH|11:45,2026-03-28,VJ981/VJ946,A630,A321,PUS-HAN-KHH,11:00,11:45,11:00,11:45,10:40,11:44,11:45,11:48,00:45,01:05,ONTIME,ONTIME,ONTIME,ONTIME,,,,,,,,,HAN,PUS,KHH,International,VJ,,
2026-03-28|VJ442/VJ901|A639|PQC-HAN-BKK|12:15,2026-03-28,VJ442/VJ901,A639,A321,PQC-HAN-BKK,10:45,12:15,10:45,12:15,11:05,12:14,12:15,12:18,01:30,01:10,ONTIME,ONTIME,ONTIME,DELAY,,,,,,,,,HAN,PQC,BKK,International,VJ,,
2026-03-28|VJ440/VJ441|A689|PQC-HAN-PQC|12:40,2026-03-28,VJ440/VJ441,A689,A320,PQC-HAN-PQC,11:55,12:40,11:55,12:40,12:15,12:49,12:50,12:55,00:45,00:35,DELAY,ONTIME,ONTIME,DELAY,,66,00:10,,,,,,HAN,PQC,PQC,Domestic,VJ,,
2026-03-28|VJ959/VJ948|A677|FUK-HAN-RMQ|13:30,2026-03-28,VJ959/VJ948,A677,A321,FUK-HAN-RMQ,12:25,13:30,12:25,13:30,12:00,13:24,13:25,13:40,01:05,01:25,EARLY,ONTIME,ONTIME,ONTIME,,,,,,,,,HAN,FUK,RMQ,International,VJ,,
2026-03-28|VJ770/VJ513|A644|CXR-HAN-DAD|13:35,2026-03-28,VJ770/VJ513,A644,A321,CXR-HAN-DAD,11:45,13:35,11:45,13:35,12:05,13:34,13:35,13:37,01:50,01:30,ONTIME,ONTIME,ONTIME,DELAY,,,,,,,,,HAN,CXR,DAD,Domestic,VJ,,
2026-03-28|VJ450/VJ143|A811|PQC-HAN-SGN|13:40,2026-03-28,VJ450/VJ143,A811,A330,PQC-HAN-SGN,12:35,13:40,12:35,13:40,13:15,14:04,14:05,14:10,01:05,00:50,DELAY,DELAY,DELAY,DELAY,,93,00:20,66,00:05,,,,HAN,PQC,SGN,Domestic,VJ,,
2026-03-28|VJ508/VJ511|A642|DAD-HAN-DAD|14:20,2026-03-28,VJ508/VJ511,A642,A321,DAD-HAN-DAD,13:40,14:20,13:40,14:20,14:05,14:34,14:35,14:46,00:40,00:30,DELAY,ONTIME,DELAY,DELAY,,93,00:15,,,,,,HAN,DAD,DAD,Domestic,VJ,,
2026-03-28|VJ921/VJ942|A553|NGO-HAN-TPE|14:25,2026-03-28,VJ921/VJ942,A553,A321,NGO-HAN-TPE,13:40,14:25,13:40,14:25,13:00,14:14,14:15,14:19,00:45,01:15,EARLY,ONTIME,ONTIME,ONTIME,,,,,,,,,HAN,NGO,TPE,International,VJ,,
2026-03-28|VJ566/VJ1491|A546|HUI-HAN-BMV|14:35,2026-03-28,VJ566/VJ1491,A546,A321,HUI-HAN-BMV,13:45,14:35,13:45,14:35,14:10,14:39,14:40,14:47,00:50,00:30,DELAY,ONTIME,ONTIME,DELAY,,93,00:05,,,,,,HAN,HUI,BMV,Domestic,VJ,,
2026-03-28|VJ7707/VJ7707|A539|KHV-HAN-CXR|15:15,2026-03-28,VJ7707/VJ7707,A539,A321,KHV-HAN-CXR,14:45,15:15,14:45,15:15,14:38,15:04,15:06,15:10,00:30,00:28,EARLY,ONTIME,ONTIME,ONTIME,,,,,,,,,HAN,KHV,CXR,Domestic,VJ,,
2026-03-28|VJ136/VJ433|A672|SGN-HAN-UIH|15:25,2026-03-28,VJ136/VJ433,A672,A320,SGN-HAN-UIH,10:40,15:25,10:40,15:25,10:45,15:19,15:20,15:23,04:45,04:35,EARLY,ONTIME,ONTIME,ONTIME,,,,,,,,,HAN,SGN,UIH,Domestic,VJ,,
2026-03-28|VJ961/VJ1441|A500|ICN-HAN-PQC|15:30,2026-03-28,VJ961/VJ1441,A500,A321,ICN-HAN-PQC,14:10,15:30,14:10,15:30,13:45,15:22,15:23,15:26,01:20,01:38,EARLY,ONTIME,ONTIME,ONTIME,,,,,,,,,HAN,ICN,PQC,Domestic,VJ,,
2026-03-28|VJ198/VJ199|A536|SGN-HAN-SGN|15:35,2026-03-28,VJ198/VJ199,A536,A321,SGN-HAN-SGN,15:10,15:35,15:35,16:10,15:50,16:19,16:20,16:35,00:35,00:30,DELAY,ONTIME,DELAY,DELAY,,93,00:10,,,,,,HAN,SGN,SGN,Domestic,VJ,,
2026-03-28|VJ941/VJ145|A537|TPE-HAN-SGN|15:35,2026-03-28,VJ941/VJ145,A537,A321,TPE-HAN-SGN,14:10,15:35,14:10,15:35,14:45,15:34,15:35,15:43,01:25,00:50,ONTIME,ONTIME,ONTIME,DELAY,,,,,,,,,HAN,TPE,SGN,Domestic,VJ,,
2026-03-28|VJ460/VJ191|A635|VCA-HAN-SGN|15:55,2026-03-28,VJ460/VJ191,A635,A321,VCA-HAN-SGN,15:20,15:55,15:20,16:15,15:45,16:24,16:25,16:35,00:55,00:40,DELAY,ONTIME,DELAY,DELAY,,66,00:10,,,,,CREW HN OB 1550,HAN,VCA,SGN,Domestic,VJ,,
2026-03-28|VJ144/VJ423|A636|SGN-HAN-PXU|15:55,2026-03-28,VJ144/VJ423,A636,A321,SGN-HAN-PXU,14:10,15:55,14:10,15:55,14:55,15:54,15:55,16:00,01:45,01:00,ONTIME,ONTIME,ONTIME,DELAY,,,,,,,,,HAN,SGN,PXU,Domestic,VJ,,
2026-03-28|VJ132/VJ195|A544|SGN-HAN-SGN|16:00,2026-03-28,VJ132/VJ195,A544,A321,SGN-HAN-SGN,13:05,16:00,13:05,16:00,11:10,15:59,16:00,16:07,02:55,04:50,ONTIME,ONTIME,ONTIME,ONTIME,,,,,,,,,HAN,SGN,SGN,Domestic,VJ,,
2026-03-28|VJ906/VJ913|A693|KUL-HAN-SAI|16:20,2026-03-28,VJ906/VJ913,A693,A321,KUL-HAN-SAI,14:55,16:20,14:55,16:20,14:35,15:59,16:00,16:07,01:25,01:25,EARLY,ONTIME,ONTIME,ONTIME,,,,,,,,,HAN,KUL,SAI,International,VJ,,
2026-03-28|VJ462/VJ515|A632|VCA-HAN-DAD|16:25,2026-03-28,VJ462/VJ515,A632,A321,VCA-HAN-DAD,15:40,16:25,15:40,16:25,16:05,16:34,16:35,16:46,00:45,00:30,DELAY,ONTIME,DELAY,DELAY,,93,00:10,,,,,,HAN,VCA,DAD,Domestic,VJ,,
2026-03-28|VJ5068/VJ5068|A550|CXR-HAN-NOZ|16:10,2026-03-28,VJ5068/VJ5068,A550,A321,CXR-HAN-NOZ,16:10,16:10,16:10,16:55,16:05,16:52,16:53,17:00,00:45,00:48,EARLY,ONTIME,DELAY,ONTIME,,,,,,,,,HAN,CXR,NOZ,International,VJ,,
2026-03-28|VJ933/VJ147|A554|NRT-HAN-SGN|17:10,2026-03-28,VJ933/VJ147,A554,A321,NRT-HAN-SGN,14:00,17:10,14:00,17:10,13:50,16:59,17:00,17:05,03:10,03:10,EARLY,ONTIME,ONTIME,ONTIME,,,,,,,,,HAN,NRT,SGN,Domestic,VJ,,
2026-03-28|VJ134/VJ163|-NVG|SGN-HAN-SGN|17:20,2026-03-28,VJ134/VJ163,-NVG,A320,SGN-HAN-SGN,16:50,17:20,16:50,17:20,17:00,17:24,17:25,17:33,00:30,00:25,DELAY,ONTIME,ONTIME,ONTIME,,93,00:05,,,,,,HAN,SGN,SGN,Domestic,VJ,,
2026-03-28|VJ514/VJ465|A644|DAD-HAN-VCA|17:25,2026-03-28,VJ514/VJ465,A644,A321,DAD-HAN-VCA,16:45,17:25,16:45,17:45,17:15,17:44,17:45,17:52,01:00,00:30,ONTIME,ONTIME,DELAY,DELAY,,,,,,,,,HAN,DAD,VCA,Domestic,VJ,,
2026-03-28|VJ446/VJ445|A650|PQC-HAN-PQC|17:40,2026-03-28,VJ446/VJ445,A650,A320,PQC-HAN-PQC,17:10,17:40,17:10,17:40,17:30,17:59,18:00,18:07,00:30,00:30,DELAY,DELAY,DELAY,DELAY,,93,00:10,66,00:10,,,CREW OB 1740,HAN,PQC,PQC,Domestic,VJ,,
2026-03-28|VJ939/VJ783|A543|KIX-HAN-CXR|17:55,2026-03-28,VJ939/VJ783,A543,A321,KIX-HAN-CXR,17:00,17:55,17:00,17:55,12:55,17:54,17:55,18:05,00:55,05:00,ONTIME,ONTIME,ONTIME,ONTIME,,,,,,,,,HAN,KIX,CXR,Domestic,VJ,,
2026-03-28|VJ194/VJ193|A642|SGN-HAN-SGN|18:10,2026-03-28,VJ194/VJ193,A642,A321,SGN-HAN-SGN,17:30,18:10,17:30,18:10,17:55,18:19,18:20,18:25,00:40,00:25,DELAY,ONTIME,ONTIME,DELAY,,93,00:10,,,,,,HAN,SGN,SGN,Domestic,VJ,,
2026-03-28|VJ512/VJ779|A516|DAD-HAN-CXR|18:10,2026-03-28,VJ512/VJ779,A516,A321,DAD-HAN-CXR,17:30,18:10,17:30,18:10,17:40,18:19,18:20,18:25,00:40,00:40,DELAY,ONTIME,ONTIME,ONTIME,,66,00:10,,,,,CREW HN OB 1750,HAN,DAD,CXR,Domestic,VJ,,
2026-03-28|VJ916/VJ165|A645|SIN-HAN-SGN|18:30,2026-03-28,VJ916/VJ165,A645,A321,SIN-HAN-SGN,17:25,18:30,17:25,18:30,17:05,18:25,18:26,18:43,01:05,01:21,EARLY,ONTIME,ONTIME,ONTIME,,,,,,,,,HAN,SIN,SGN,Domestic,VJ,,
2026-03-28|VJ1925|A676|HAN-AMD|19:00,2026-03-28,VJ1925,A676,A320,HAN-AMD,,19:00,,19:00,,18:59,19:00,19:10,,,ONTIME,ONTIME,ONTIME,,,,,,,,,,HAN,,AMD,International,VJ,,
2026-03-28|VJ1492/VJ517|A546|BMV-HAN-DAD|19:05,2026-03-28,VJ1492/VJ517,A546,A321,BMV-HAN-DAD,18:35,19:05,18:35,19:05,18:50,19:19,19:20,19:30,00:30,00:30,DELAY,ONTIME,DELAY,ONTIME,,93,00:15,,,,,,HAN,BMV,DAD,Domestic,VJ,,
2026-03-28|VJ947/VJ173|A630|KHH-HAN-SGN|19:05,2026-03-28,VJ947/VJ173,A630,A321,KHH-HAN-SGN,18:05,19:05,18:05,19:05,17:55,18:59,19:00,19:05,01:00,01:05,EARLY,ONTIME,ONTIME,ONTIME,,,,,,,,,HAN,KHH,SGN,Domestic,VJ,,
2026-03-28|VJ971|A814|HAN-DEL|19:10,2026-03-28,VJ971,A814,A330,HAN-DEL,,19:10,,19:10,,19:09,19:10,19:20,,,ONTIME,ONTIME,ONTIME,,,,,,,,,,HAN,,DEL,International,VJ,,
2026-03-28|VJ928/VJ569|A684|CGK-HAN-HUI|19:15,2026-03-28,VJ928/VJ569,A684,A321,CGK-HAN-HUI,18:15,19:15,18:15,19:15,18:50,19:24,19:25,19:30,01:00,00:35,DELAY,ONTIME,ONTIME,DELAY,,93,00:05,66,00:05,,,CREW OB 1855,HAN,CGK,HUI,Domestic,VJ,,
2026-03-28|VJ432/VJ519|A672|UIH-HAN-DAD|19:45,2026-03-28,VJ432/VJ519,A672,A320,UIH-HAN-DAD,19:10,19:45,19:10,19:45,19:15,19:41,19:42,19:55,00:35,00:27,EARLY,ONTIME,ONTIME,ONTIME,,,,,,,,,HAN,UIH,DAD,Domestic,VJ,,
2026-03-28|VJ784/VJ177|A670|CXR-HAN-SGN|19:55,2026-03-28,VJ784/VJ177,A670,A321,CXR-HAN-SGN,17:10,19:55,17:10,19:55,17:05,19:54,19:55,19:55,02:45,02:50,ONTIME,ONTIME,ONTIME,ONTIME,,,,,,,,,HAN,CXR,SGN,Domestic,VJ,,
2026-03-28|VJ152/VJ155|A687|SGN-HAN-SGN|20:05,2026-03-28,VJ152/VJ155,A687,A321,SGN-HAN-SGN,18:55,20:05,19:15,20:05,19:05,20:01,20:02,20:12,00:50,00:57,EARLY,ONTIME,ONTIME,ONTIME,,,,,,,,,HAN,SGN,SGN,Domestic,VJ,,
2026-03-28|VJ957/VJ7712|A675|PUS-HAN-PKX|20:05,2026-03-28,VJ957/VJ7712,A675,A320,PUS-HAN-PKX,17:20,20:05,17:20,20:05,17:05,19:49,19:50,20:05,02:45,02:45,EARLY,ONTIME,ONTIME,ONTIME,,,,,,,,,HAN,PUS,PKX,International,VJ,,
2026-03-28|VJ424/VJ1501|A636|PXU-HAN-DAD|20:15,2026-03-28,VJ424/VJ1501,A636,A321,PXU-HAN-DAD,19:35,20:15,19:35,20:15,19:50,20:14,20:15,20:24,00:40,00:25,ONTIME,ONTIME,ONTIME,ONTIME,,,,,,,,,HAN,PXU,DAD,Domestic,VJ,,
2026-03-28|VJ949/VJ521|A677|RMQ-HAN-DAD|20:50,2026-03-28,VJ949/VJ521,A677,A321,RMQ-HAN-DAD,19:50,20:50,19:50,20:50,20:15,20:46,20:47,20:57,01:00,00:32,EARLY,ONTIME,ONTIME,DELAY,,,,,,,,,HAN,RMQ,DAD,Domestic,VJ,,
2026-03-28|VJ1440/VJ7238|A500|PQC-HAN-PVG|21:30,2026-03-28,VJ1440/VJ7238,A500,A321,PQC-HAN-PVG,20:10,21:30,20:10,21:30,20:35,21:24,21:25,21:28,01:20,00:50,EARLY,ONTIME,ONTIME,DELAY,,,,,,,,,HAN,PQC,PVG,International,VJ,,
2026-03-28|VJ196/VJ161|A526|SGN-HAN-SGN|21:50,2026-03-28,VJ196/VJ161,A526,A321,SGN-HAN-SGN,21:15,21:50,21:20,21:50,21:25,21:49,21:50,21:55,00:30,00:25,ONTIME,ONTIME,ONTIME,ONTIME,,,,,,,,,HAN,SGN,SGN,Domestic,VJ,,
2026-03-28|VJ778/VJ1123|A543|SGN-HAN-SGN|22:10,2026-03-28,VJ778/VJ1123,A543,A321,SGN-HAN-SGN,20:40,22:10,22:10,22:45,22:45,23:22,23:23,23:25,00:35,00:38,DELAY,DELAY,DELAY,DELAY,,93,00:30,66,00:08,,,CREW OB 2300,HAN,SGN,SGN,Domestic,VJ,,
2026-03-28|VJ931/VJ962|A545|KIX-HAN-ICN|22:50,2026-03-28,VJ931/VJ962,A545,A321,KIX-HAN-ICN,19:15,22:50,19:15,22:50,19:05,22:46,22:47,22:50,03:35,03:42,EARLY,ONTIME,ONTIME,ONTIME,,,,,,,,,HAN,KIX,ICN,International,VJ,,
2026-03-28|VJ902/VJ7526|A639|SGN-HAN-CAN|22:35,2026-03-28,VJ902/VJ7526,A639,A321,SGN-HAN-CAN,19:15,22:35,17:00,22:55,17:15,22:59,23:00,23:15,05:55,05:45,DELAY,ONTIME,DELAY,ONTIME,,99,00:05,,,,,LATE ACCEPT 4 PAX 2 BAG,HAN,SGN,CAN,International,VJ,,
2026-03-28|VJ180/VJ171|A640|SGN-HAN-SGN|23:25,2026-03-28,VJ180/VJ171,A640,A321,SGN-HAN-SGN,22:25,23:25,22:25,23:25,22:25,00:31,00:32,00:40,01:00,02:07,DELAY,DELAY,DELAY,ONTIME,,41,01:07,,,,,GROUND RETURN,HAN,SGN,SGN,Domestic,VJ,,
2026-03-29|VJ932|A580|HAN-NRT|00:30,2026-03-29,VJ932,A580,A321,HAN-NRT,,00:30,,00:30,,00:19,00:20,00:30,,,EARLY,ONTIME,ONTIME,,,,,,,,,,HAN,,NRT,International,VJ,,
2026-03-29|VJ982|A667|HAN-PUS|00:55,2026-03-29,VJ982,A667,A321,HAN-PUS,,00:55,,00:55,,00:49,00:50,00:55,,,EARLY,ONTIME,ONTIME,,,,,,,,,,HAN,,PUS,International,VJ,,
2026-03-29|VJ7704/VJ7704|A516|CXR-HAN-VVO|01:00,2026-03-29,VJ7704/VJ7704,A516,A321,CXR-HAN-VVO,00:30,01:00,00:30,01:00,00:50,01:19,01:20,01:30,00:30,00:30,DELAY,DELAY,DELAY,DELAY,,93,00:20,,,,,,HAN,CXR,VVO,International,VJ,,
2026-03-29|VJ7614/VJ7614|A537|CXR-HAN-BQS|01:05,2026-03-29,VJ7614/VJ7614,A537,A321,CXR-HAN-BQS,00:35,01:05,00:35,01:05,01:05,01:34,01:35,01:40,00:30,00:30,DELAY,DELAY,DELAY,DELAY,,93,00:30,,,,,,HAN,CXR,BQS,International,VJ,,
2026-03-29|VJ938|A551|HAN-KIX|01:20,2026-03-29,VJ938,A551,A321,HAN-KIX,,01:20,,01:20,,01:08,01:10,01:11,,,EARLY,ONTIME,ONTIME,,,,,,,,,,HAN,,KIX,International,VJ,,
2026-03-29|VJ920|A546|HAN-NGO|01:40,2026-03-29,VJ920,A546,A321,HAN-NGO,,01:40,,01:40,,01:24,01:26,01:31,,,EARLY,ONTIME,ONTIME,,,,,,,,,,HAN,,NGO,International,VJ,,
2026-03-29|VJ960|A630|HAN-ICN|01:45,2026-03-29,VJ960,A630,A321,HAN-ICN,,01:45,,01:45,,01:34,01:35,01:39,,,EARLY,ONTIME,ONTIME,,,,,,,,,,HAN,,ICN,International,VJ,,
2026-03-29|VJ2934|A656|HAN-OKJ|03:25,2026-03-29,VJ2934,A656,A320,HAN-OKJ,,03:25,,03:25,,03:09,03:10,03:15,,,EARLY,ONTIME,ONTIME,,,,,,,,,,HAN,,OKJ,International,VJ,,
2026-03-29|VJ2978/VJ2978|A549|CXR-HAN-VVO|04:25,2026-03-29,VJ2978/VJ2978,A549,A321,CXR-HAN-VVO,12:30,04:25,03:55,04:25,03:40,04:07,04:08,04:10,00:30,00:28,EARLY,ONTIME,ONTIME,ONTIME,,,,,,,,,HAN,CXR,VVO,International,VJ,,
2026-03-29|VJ123|A544|HAN-SGN|05:40,2026-03-29,VJ123,A544,A321,HAN-SGN,,05:40,,05:40,,05:34,05:35,05:40,,,EARLY,ONTIME,ONTIME,,,,,,,,,,HAN,,SGN,Domestic,VJ,,
2026-03-29|VJ771|A644|HAN-CXR|05:45,2026-03-29,VJ771,A644,A321,HAN-CXR,,05:45,,05:45,,05:39,05:40,05:48,,,EARLY,ONTIME,ONTIME,,,,,,,,,,HAN,,CXR,Domestic,VJ,,
2026-03-29|VJ491|A635|HAN-BMV|06:00,2026-03-29,VJ491,A635,A321,HAN-BMV,,06:00,,06:00,,05:54,05:55,06:10,,,EARLY,ONTIME,ONTIME,,,,,,,,,,HAN,,BMV,Domestic,VJ,,
2026-03-29|VJ431|A637|HAN-UIH|06:05,2026-03-29,VJ431,A637,A321,HAN-UIH,,06:05,,06:05,,05:59,06:00,06:05,,,EARLY,ONTIME,ONTIME,,,,,,,,,,HAN,,UIH,Domestic,VJ,,
2026-03-29|VJ952|A671|HAN-HIJ|06:15,2026-03-29,VJ952,A671,A320,HAN-HIJ,,06:15,,06:15,,06:09,06:10,06:20,,,EARLY,ONTIME,ONTIME,,,,,,,,,,HAN,,HIJ,International,VJ,,
2026-03-29|VJ101|656E|HAN-VCS|06:45,2026-03-29,VJ101,656E,C909,HAN-VCS,,06:45,,06:45,,06:36,06:37,06:41,,,EARLY,ONTIME,ONTIME,,,,,,,,,,HAN,,VCS,Domestic,VJ,,
2026-03-29|VJ5069/VJ5069|A550|NOZ-HAN-CXR|06:50,2026-03-29,VJ5069/VJ5069,A550,A321,NOZ-HAN-CXR,08:35,06:50,06:20,06:50,06:05,06:39,06:40,06:44,00:30,00:35,EARLY,ONTIME,ONTIME,ONTIME,,,,,,,,,HAN,NOZ,CXR,Domestic,VJ,,
2026-03-29|VJ125|A668|HAN-SGN|07:00,2026-03-29,VJ125,A668,A320,HAN-SGN,,07:00,,07:00,,06:54,06:55,07:00,,,EARLY,ONTIME,ONTIME,,,,,,,,,,HAN,,SGN,Domestic,VJ,,
2026-03-29|VJ7713/VJ905|A675|PKX-HAN-KUL|07:25,2026-03-29,VJ7713/VJ905,A675,A320,PKX-HAN-KUL,04:10,07:25,04:10,07:25,04:12,07:19,07:20,07:30,03:15,03:08,EARLY,ONTIME,ONTIME,ONTIME,,,,,,,,,HAN,PKX,KUL,International,VJ,,
2026-03-29|VJ503|A636|HAN-DAD|07:30,2026-03-29,VJ503,A636,A321,HAN-DAD,,07:30,,07:30,,07:24,07:25,07:29,,,EARLY,ONTIME,ONTIME,,,,,,,,,,HAN,,DAD,Domestic,VJ,,
2026-03-29|VJ934|A553|HAN-NRT|07:55,2026-03-29,VJ934,A553,A321,HAN-NRT,,07:55,,07:55,,07:48,07:50,07:58,,,EARLY,ONTIME,ONTIME,,,,,,,,,,HAN,,NRT,International,VJ,,
2026-03-29|VJ930|A693|HAN-KIX|07:55,2026-03-29,VJ930,A693,A321,HAN-KIX,,07:55,,07:55,,07:54,07:55,08:05,,,ONTIME,ONTIME,ONTIME,,,,,,,,,,HAN,,KIX,International,VJ,,
2026-03-29|VJ7239/VJ929|A500|PVG-HAN-CGK|08:40,2026-03-29,VJ7239/VJ929,A500,A321,PVG-HAN-CGK,05:15,08:40,05:15,08:40,05:15,08:39,08:40,08:49,03:25,03:25,ONTIME,ONTIME,ONTIME,ONTIME,,,,,,,,,HAN,PVG,CGK,International,VJ,,
2026-03-29|VJ124/VJ129|A536|SGN-HAN-SGN|08:45,2026-03-29,VJ124/VJ129,A536,A321,SGN-HAN-SGN,08:15,08:45,08:15,08:45,08:05,08:44,08:45,08:56,00:30,00:40,ONTIME,ONTIME,ONTIME,ONTIME,,,,,,,,,HAN,SGN,SGN,Domestic,VJ,,
2026-03-29|VJ447|A632|HAN-PQC|08:45,2026-03-29,VJ447,A632,A321,HAN-PQC,,08:45,,08:45,,08:44,08:45,08:50,,,ONTIME,ONTIME,ONTIME,,,,,,,,,,HAN,,PQC,Domestic,VJ,,
2026-03-29|VJ7527/VJ505|A639|CAN-HAN-DAD|09:05,2026-03-29,VJ7527/VJ505,A639,A321,CAN-HAN-DAD,03:15,09:05,03:15,09:05,04:08,09:04,09:05,09:13,05:50,04:57,ONTIME,ONTIME,ONTIME,DELAY,,,,,,,,,HAN,CAN,DAD,Domestic,VJ,,
2026-03-29|VJ972/VJ1781|A814|DEL-HAN-CXR|09:10,2026-03-29,VJ972/VJ1781,A814,A330,DEL-HAN-CXR,05:35,09:10,05:35,09:10,05:20,09:08,09:10,09:14,03:35,03:50,ONTIME,ONTIME,ONTIME,ONTIME,,,,,,,,,HAN,DEL,CXR,Domestic,VJ,,
2026-03-29|VJ563|A642|HAN-HUI|09:20,2026-03-29,VJ563,A642,A321,HAN-HUI,,09:20,,09:20,,09:14,09:15,09:17,,,EARLY,ONTIME,ONTIME,,,,,,,,,,HAN,,HUI,Domestic,VJ,,
2026-03-29|VJ915|A647|HAN-SIN|09:35,2026-03-29,VJ915,A647,A321,HAN-SIN,,09:35,,09:35,,09:34,09:35,09:47,,,ONTIME,ONTIME,ONTIME,,,,,,,,,,HAN,,SIN,International,VJ,,
2026-03-29|VJ997|A528|HAN-DPS|10:05,2026-03-29,VJ997,A528,A321,HAN-DPS,,10:05,,10:05,,10:04,10:05,10:08,,,ONTIME,ONTIME,ONTIME,,,,,,,,,,HAN,,DPS,International,VJ,,
2026-03-29|VJ126/VJ131|A554|SGN-HAN-SGN|10:10,2026-03-29,VJ126/VJ131,A554,A321,SGN-HAN-SGN,09:40,10:10,09:40,10:10,09:25,10:05,10:07,10:10,00:30,00:42,EARLY,ONTIME,ONTIME,ONTIME,,,,,,,,,HAN,SGN,SGN,Domestic,VJ,,
2026-03-29|VJ1926/VJ463|A676|AMD-HAN-VCA|10:20,2026-03-29,VJ1926/VJ463,A676,A320,AMD-HAN-VCA,06:20,10:20,06:20,10:20,07:00,10:19,10:20,10:27,04:00,03:20,ONTIME,ONTIME,ONTIME,DELAY,,,,,,,,,HAN,AMD,VCA,Domestic,VJ,,
2026-03-29|VJ430/VJ1427|A637|UIH-HAN-PXU|10:30,2026-03-29,VJ430/VJ1427,A637,A321,UIH-HAN-PXU,09:50,10:30,09:50,10:30,10:10,10:37,10:38,10:44,00:40,00:28,DELAY,ONTIME,ONTIME,DELAY,,93,00:08,,,,,,HAN,UIH,PXU,Domestic,VJ,,
2026-03-29|VJ524/VJ507|A636|DAD-HAN-DAD|11:10,2026-03-29,VJ524/VJ507,A636,A321,DAD-HAN-DAD,10:40,11:10,10:40,11:30,11:15,11:44,11:45,11:55,00:50,00:30,DELAY,ONTIME,DELAY,DELAY,,93,00:15,,,,,,HAN,DAD,DAD,Domestic,VJ,,
2026-03-29|VJ963/VJ901|A545|ICN-HAN-BKK|11:10,2026-03-29,VJ963/VJ901,A545,A321,ICN-HAN-BKK,09:30,11:10,09:30,11:10,09:10,11:07,11:08,11:09,01:40,01:58,EARLY,ONTIME,ONTIME,ONTIME,,,,,,,,,HAN,ICN,BKK,International,VJ,,
2026-03-29|VJ130/VJ133|A542|SGN-HAN-SGN|11:20,2026-03-29,VJ130/VJ133,A542,A321,SGN-HAN-SGN,10:50,11:20,10:50,11:20,11:00,11:29,11:30,11:34,00:30,00:30,DELAY,ONTIME,ONTIME,ONTIME,,93,00:10,,,,,,HAN,SGN,SGN,Domestic,VJ,,
2026-03-29|VJ770/VJ451|A644|CXR-HAN-PQC|11:45,2026-03-29,VJ770/VJ451,A644,A321,CXR-HAN-PQC,09:55,11:45,09:55,11:45,10:25,11:42,11:43,11:47,01:50,01:18,EARLY,ONTIME,ONTIME,DELAY,,,,,,,,,HAN,CXR,PQC,Domestic,VJ,,
2026-03-29|VJ492/VJ515|A635|BMV-HAN-DAD|12:10,2026-03-29,VJ492/VJ515,A635,A321,BMV-HAN-DAD,10:00,12:10,10:00,12:10,10:40,12:06,12:08,12:08,02:10,01:28,EARLY,ONTIME,ONTIME,DELAY,,,,,,,,,HAN,BMV,DAD,Domestic,VJ,,
2026-03-29|VJ128/VJ137|A668|SGN-HAN-SGN|12:30,2026-03-29,VJ128/VJ137,A668,A320,SGN-HAN-SGN,11:50,12:30,11:50,13:15,12:05,13:50,13:51,13:57,01:25,01:46,DELAY,DELAY,DELAY,ONTIME,,41,00:36,,,,,TECHNICAL CHECK,HAN,SGN,SGN,Domestic,VJ,,
2026-03-29|VJ564/VJ787|A642|HUI-HAN-CXR|13:10,2026-03-29,VJ564/VJ787,A642,A321,HUI-HAN-CXR,12:20,13:10,12:20,13:10,12:35,13:07,13:08,13:15,00:50,00:33,EARLY,ONTIME,ONTIME,ONTIME,,,,,,,,,HAN,HUI,CXR,Domestic,VJ,,
2026-03-29|VJ7705/VJ7705|A516|VVO-HAN-CXR|13:30,2026-03-29,VJ7705/VJ7705,A516,A321,VVO-HAN-CXR,12:50,13:30,12:50,13:30,13:50,14:08,14:10,14:20,00:40,00:20,DELAY,DELAY,DELAY,DELAY,,93,00:40,,,,,,HAN,VVO,CXR,Domestic,VJ,,
2026-03-29|VJ122/VJ948|A534|SGN-HAN-RMQ|13:30,2026-03-29,VJ122/VJ948,A534,A321,SGN-HAN-RMQ,09:05,13:30,09:05,13:30,09:06,13:28,13:30,13:38,04:25,04:24,ONTIME,ONTIME,ONTIME,ONTIME,,,,,,,,,HAN,SGN,RMQ,International,VJ,,
2026-03-29|VJ506/VJ191|A639|DAD-HAN-SGN|13:40,2026-03-29,VJ506/VJ191,A639,A321,DAD-HAN-SGN,12:15,13:40,12:15,13:40,12:50,13:37,13:39,13:41,01:25,00:49,EARLY,ONTIME,ONTIME,DELAY,,,,,,,,,HAN,DAD,SGN,Domestic,VJ,,
2026-03-29|VJ921/VJ525|A546|NGO-HAN-DAD|14:05,2026-03-29,VJ921/VJ525,A546,A321,NGO-HAN-DAD,12:50,14:05,12:50,14:05,13:50,14:18,14:20,14:20,01:15,00:30,DELAY,ONTIME,ONTIME,DELAY,,93,00:15,,,,,,HAN,NGO,DAD,Domestic,VJ,,
2026-03-29|VJ7615/VJ7615|A537|BQS-HAN-CXR|14:05,2026-03-29,VJ7615/VJ7615,A537,A321,BQS-HAN-CXR,13:35,14:05,13:35,14:05,14:25,14:44,14:45,15:02,00:30,00:20,DELAY,DELAY,DELAY,DELAY,,93,00:40,,,,,,HAN,BQS,CXR,Domestic,VJ,,
2026-03-29|VJ939/VJ143|A551|KIX-HAN-SGN|14:05,2026-03-29,VJ939/VJ143,A551,A321,KIX-HAN-SGN,12:20,14:05,12:20,14:05,13:05,14:01,14:02,14:12,01:45,00:57,EARLY,ONTIME,ONTIME,DELAY,,,,,,,,,HAN,KIX,SGN,Domestic,VJ,,
2026-03-29|VJ981/VJ441|A667|PUS-HAN-PQC|14:10,2026-03-29,VJ981/VJ441,A667,A321,PUS-HAN-PQC,11:00,14:10,11:00,14:10,11:05,14:01,14:02,14:07,03:10,02:57,EARLY,ONTIME,ONTIME,ONTIME,,,,,,,,,HAN,PUS,PQC,Domestic,VJ,,
2026-03-29|VJ933/VJ942|A580|NRT-HAN-TPE|14:25,2026-03-29,VJ933/VJ942,A580,A321,NRT-HAN-TPE,13:05,14:25,13:05,14:25,14:05,14:49,14:50,14:55,01:20,00:45,DELAY,DELAY,DELAY,DELAY,,93,00:10,66,00:15,,,CREW OB 1420,HAN,NRT,TPE,International,VJ,,
2026-03-29|VJ1504/VJ1505|A670|DAD-HAN-DAD|14:35,2026-03-29,VJ1504/VJ1505,A670,A321,DAD-HAN-DAD,14:00,14:35,14:00,14:35,14:20,14:43,14:44,14:48,00:35,00:24,DELAY,ONTIME,ONTIME,DELAY,,93,00:09,,,,,,HAN,DAD,DAD,Domestic,VJ,,
2026-03-29|VJ961/VJ946|A630|ICN-HAN-KHH|14:35,2026-03-29,VJ961/VJ946,A630,A321,ICN-HAN-KHH,13:35,14:35,13:35,14:35,14:00,14:34,14:35,14:40,01:00,00:35,ONTIME,ONTIME,ONTIME,DELAY,,,,,,,,,HAN,ICN,KHH,International,VJ,,
2026-03-29|VJ136/VJ145|A689|SGN-HAN-SGN|14:40,2026-03-29,VJ136/VJ145,A689,A320,SGN-HAN-SGN,14:10,14:40,14:10,14:40,14:25,14:48,14:50,15:07,00:30,00:25,DELAY,ONTIME,DELAY,ONTIME,,93,00:10,,,,,,HAN,SGN,SGN,Domestic,VJ,,
2026-03-29|VJ1428/VJ511|A637|PXU-HAN-DAD|15:05,2026-03-29,VJ1428/VJ511,A637,A321,PXU-HAN-DAD,14:15,15:05,14:15,15:05,14:35,15:09,15:10,15:14,00:50,00:35,DELAY,ONTIME,ONTIME,DELAY,,66,00:05,,,,,,HAN,PXU,DAD,Domestic,VJ,,
2026-03-29|VJ906/VJ439|A675|KUL-HAN-UIH|15:40,2026-03-29,VJ906/VJ439,A675,A320,KUL-HAN-UIH,14:40,15:40,14:40,15:40,15:05,15:38,15:40,15:47,01:00,00:35,ONTIME,ONTIME,ONTIME,DELAY,,,,,,,,,HAN,KUL,UIH,Domestic,VJ,,
2026-03-29|VJ138/VJ147|-NVG|SGN-HAN-SGN|15:45,2026-03-29,VJ138/VJ147,-NVG,A320,SGN-HAN-SGN,15:15,15:45,15:15,15:45,15:30,15:54,15:55,16:26,00:30,00:25,DELAY,ONTIME,DELAY,ONTIME,,93,00:10,,,,,,HAN,SGN,SGN,Domestic,VJ,,
2026-03-29|VJ464/VJ567|A676|VCA-HAN-HUI|15:55,2026-03-29,VJ464/VJ567,A676,A320,VCA-HAN-HUI,15:10,15:55,15:10,15:55,15:45,16:09,16:10,16:20,00:45,00:25,DELAY,ONTIME,DELAY,DELAY,,93,00:15,,,,,,HAN,VCA,HUI,Domestic,VJ,,
2026-03-29|VJ508/VJ773|A635|DAD-HAN-CXR|16:00,2026-03-29,VJ508/VJ773,A635,A321,DAD-HAN-CXR,15:25,16:00,15:25,16:00,16:00,16:23,16:25,16:40,00:35,00:25,DELAY,DELAY,DELAY,DELAY,,93,00:25,,,,,,HAN,DAD,CXR,Domestic,VJ,,
2026-03-29|VJ2935/VJ913|A656|OKJ-HAN-SAI|16:20,2026-03-29,VJ2935/VJ913,A656,A320,OKJ-HAN-SAI,14:40,16:20,14:40,16:20,14:15,16:08,16:09,16:24,01:40,01:54,EARLY,ONTIME,ONTIME,ONTIME,,,,,,,,,HAN,OKJ,SAI,International,VJ,,
2026-03-29|VJ140/VJ151|A697|SGN-HAN-SGN|16:50,2026-03-29,VJ140/VJ151,A697,A321,SGN-HAN-SGN,16:20,16:50,16:20,17:15,17:00,17:29,17:30,17:40,00:55,00:30,DELAY,ONTIME,DELAY,DELAY,,93,00:15,,,,,,HAN,SGN,SGN,Domestic,VJ,,
2026-03-29|VJ2979/VJ2979|A549|VVO-HAN-CXR|17:10,2026-03-29,VJ2979/VJ2979,A549,A321,VVO-HAN-CXR,16:40,17:10,16:40,17:10,17:10,17:24,17:25,17:32,00:30,00:15,DELAY,ONTIME,DELAY,DELAY,,93,00:15,,,,,,HAN,VVO,CXR,Domestic,VJ,,
2026-03-29|VJ510/VJ495|A636|DAD-HAN-BMV|17:30,2026-03-29,VJ510/VJ495,A636,A321,DAD-HAN-BMV,14:35,17:30,14:35,17:30,15:25,17:28,17:30,17:34,02:55,02:05,ONTIME,ONTIME,ONTIME,DELAY,,,,,,,,,HAN,DAD,BMV,Domestic,VJ,,
2026-03-29|VJ774/VJ517|A642|CXR-HAN-DAD|17:45,2026-03-29,VJ774/VJ517,A642,A321,CXR-HAN-DAD,17:15,17:45,17:15,18:15,17:40,18:14,18:15,18:25,01:00,00:35,ONTIME,ONTIME,DELAY,DELAY,,,,,,,,,HAN,CXR,DAD,Domestic,VJ,,
2026-03-29|VJ528/VJ1153|A546|DAD-HAN-SGN|18:05,2026-03-29,VJ528/VJ1153,A546,A321,DAD-HAN-SGN,17:25,18:05,17:25,18:05,17:40,18:09,18:10,18:20,00:40,00:30,DELAY,ONTIME,ONTIME,ONTIME,,93,00:05,,,,,,HAN,DAD,SGN,Domestic,VJ,,
2026-03-29|VJ512/VJ521|A637|DAD-HAN-DAD|18:45,2026-03-29,VJ512/VJ521,A637,A321,DAD-HAN-DAD,18:15,18:45,18:15,18:45,18:45,19:14,19:15,19:25,00:30,00:30,DELAY,DELAY,DELAY,DELAY,,93,00:30,,,,,,HAN,DAD,DAD,Domestic,VJ,,
2026-03-29|VJ454/VJ155|A644|PQC-HAN-SGN|18:55,2026-03-29,VJ454/VJ155,A644,A321,PQC-HAN-SGN,16:45,18:55,16:45,18:55,17:10,18:54,18:55,19:02,02:10,01:45,ONTIME,ONTIME,ONTIME,DELAY,,,,,,,,,HAN,PQC,SGN,Domestic,VJ,,
2026-03-29|VJ446/VJ1561|A649|PQC-HAN-HUI|19:15,2026-03-29,VJ446/VJ1561,A649,A321,PQC-HAN-HUI,16:05,19:15,16:05,19:15,17:22,19:11,19:12,19:20,03:10,01:50,EARLY,ONTIME,ONTIME,DELAY,,,,,,,,,HAN,PQC,HUI,Domestic,VJ,,
2026-03-29|VJ1127|A632|HAN-SGN|19:35,2026-03-29,VJ1127,A632,A321,HAN-SGN,,19:35,,19:35,,19:34,19:35,19:39,,,ONTIME,ONTIME,ONTIME,,,,,,,,,,HAN,,SGN,Domestic,VJ,,
2026-03-29|VJ928/VJ1925|A500|CGK-HAN-AMD|19:45,2026-03-29,VJ928/VJ1925,A500,A321,CGK-HAN-AMD,18:15,19:45,18:15,19:45,18:45,19:39,19:40,19:42,01:30,00:55,EARLY,ONTIME,ONTIME,DELAY,,,,,,,,,HAN,CGK,AMD,International,VJ,,
2026-03-29|VJ438/VJ523|A675|UIH-HAN-DAD|20:00,2026-03-29,VJ438/VJ523,A675,A320,UIH-HAN-DAD,19:25,20:00,19:25,20:00,19:45,20:13,20:15,20:15,00:35,00:30,DELAY,ONTIME,ONTIME,DELAY,,93,00:15,,,,,,HAN,UIH,DAD,Domestic,VJ,,
2026-03-29|VJ902/VJ457|A545|BKK-HAN-PQC|20:05,2026-03-29,VJ902/VJ457,A545,A321,BKK-HAN-PQC,15:50,20:05,15:50,20:05,15:55,20:00,20:02,20:09,04:15,04:07,EARLY,ONTIME,ONTIME,ONTIME,,,,,,,,,HAN,BKK,PQC,Domestic,VJ,,
2026-03-29|VJ916/VJ7815|A647|SIN-HAN-MNL|20:10,2026-03-29,VJ916/VJ7815,A647,A321,SIN-HAN-MNL,17:25,20:10,17:25,20:10,19:55,20:44,20:45,20:50,02:45,00:50,DELAY,DELAY,DELAY,DELAY,,,,,,,,FERRY FLIGHT,HAN,SIN,MNL,International,VJ,,
2026-03-29|VJ931/VJ159|A693|KIX-HAN-SGN|20:10,2026-03-29,VJ931/VJ159,A693,A321,KIX-HAN-SGN,18:30,20:10,18:30,20:10,19:07,20:24,20:25,20:25,01:40,01:18,DELAY,ONTIME,ONTIME,DELAY,,95,00:15,,,,,crew fr vj152 ob 2000,HAN,KIX,SGN,Domestic,VJ,,
2026-03-29|VJ150/VJ161|A689|SGN-HAN-SGN|20:55,2026-03-29,VJ150/VJ161,A689,A320,SGN-HAN-SGN,19:50,20:55,19:50,20:55,20:08,20:54,20:55,21:10,01:05,00:47,ONTIME,ONTIME,ONTIME,DELAY,,,,,,,,,HAN,SGN,SGN,Domestic,VJ,,
2026-03-29|VJ154/VJ163|-MLI|SGN-HAN-SGN|21:25,2026-03-29,VJ154/VJ163,-MLI,A320,SGN-HAN-SGN,20:55,21:25,20:55,21:25,21:15,21:39,21:40,21:50,00:30,00:25,DELAY,ONTIME,DELAY,DELAY,,93,00:15,,,,,,HAN,SGN,SGN,Domestic,VJ,,
2026-03-29|VJ776/VJ7526|A635|CXR-HAN-CAN|22:30,2026-03-29,VJ776/VJ7526,A635,A321,CXR-HAN-CAN,20:10,22:30,20:10,22:30,21:25,22:29,22:30,22:45,02:20,01:05,ONTIME,ONTIME,ONTIME,DELAY,,,,,,,,,HAN,CXR,CAN,International,VJ,,
2026-03-29|VJ998/VJ962|A528|DPS-HAN-ICN|23:15,2026-03-29,VJ998/VJ962,A528,A321,DPS-HAN-ICN,21:45,23:15,21:45,23:15,21:30,23:14,23:15,23:18,01:30,01:45,ONTIME,ONTIME,ONTIME,ONTIME,,,,,,,,,HAN,DPS,ICN,International,VJ,,
2026-03-29|VJ3525/VJ3525|A516|PQC-HAN-BQS|23:50,2026-03-29,VJ3525/VJ3525,A516,A321,PQC-HAN-BQS,23:20,23:50,23:20,23:50,23:30,23:59,1904-01-02,"1 day, 0:05:00",00:30,00:30,DELAY,ONTIME,ONTIME,ONTIME,,93,00:10,,,,,,HAN,PQC,BQS,International,VJ,,
2026-03-30|VJ932|A543|HAN-NRT|00:30,2026-03-30,VJ932,A543,A321,HAN-NRT,,00:30,,00:30,,00:29,00:30,00:35,,,ONTIME,ONTIME,ONTIME,,,,,,,,,,HAN,,NRT,International,VJ,,
2026-03-30|VJ982|A630|HAN-PUS|01:05,2026-03-30,VJ982,A630,A321,HAN-PUS,,01:05,,01:05,,00:57,00:58,01:02,,,EARLY,ONTIME,ONTIME,,,,,,,,,,HAN,,PUS,International,VJ,,
2026-03-30|VJ938|A580|HAN-KIX|01:20,2026-03-30,VJ938,A580,A321,HAN-KIX,,01:20,,01:20,,01:09,01:10,01:14,,,EARLY,ONTIME,ONTIME,,,,,,,,,,HAN,,KIX,International,VJ,,
2026-03-30|VJ960|A667|HAN-ICN|01:40,2026-03-30,VJ960,A667,A321,HAN-ICN,,01:40,,01:40,,01:33,01:35,01:35,,,EARLY,ONTIME,ONTIME,,,,,,,,,,HAN,,ICN,International,VJ,,
2026-03-30|VJ920|A553|HAN-NGO|01:40,2026-03-30,VJ920,A553,A321,HAN-NGO,,01:40,,01:40,,01:39,01:40,01:45,,,ONTIME,ONTIME,ONTIME,,,,,,,,,,HAN,,NGO,International,VJ,,
2026-03-30|VJ123|A647|HAN-SGN|05:30,2026-03-30,VJ123,A647,A321,HAN-SGN,,05:30,,05:30,,05:24,05:25,05:33,,,EARLY,ONTIME,ONTIME,,,,,,,,,,HAN,,SGN,Domestic,VJ,,
2026-03-30|VJ771|A535|HAN-CXR|05:45,2026-03-30,VJ771,A535,A321,HAN-CXR,,05:45,,05:45,,05:39,05:40,05:50,,,EARLY,ONTIME,ONTIME,,,,,,,,,,HAN,,CXR,Domestic,VJ,,
2026-03-30|VJ121|A671|HAN-SGN|06:00,2026-03-30,VJ121,A671,A320,HAN-SGN,,06:00,,06:00,,05:54,05:55,06:00,,,EARLY,ONTIME,ONTIME,,,,,,,,,,HAN,,SGN,Domestic,VJ,,
2026-03-30|VJ491|A632|HAN-BMV|06:00,2026-03-30,VJ491,A632,A321,HAN-BMV,,06:00,,06:00,,05:54,05:55,06:05,,,EARLY,ONTIME,ONTIME,,,,,,,,,,HAN,,BMV,Domestic,VJ,,
2026-03-30|VJ431|A676|HAN-UIH|06:05,2026-03-30,VJ431,A676,A320,HAN-UIH,,06:05,,06:05,,05:59,06:00,06:10,,,EARLY,ONTIME,ONTIME,,,,,,,,,,HAN,,UIH,Domestic,VJ,,
2026-03-30|VJ449|A669|HAN-PQC|06:30,2026-03-30,VJ449,A669,A320,HAN-PQC,,06:30,,06:30,,06:24,06:25,06:28,,,EARLY,ONTIME,ONTIME,,,,,,,,,,HAN,,PQC,Domestic,VJ,,
2026-03-30|VJ101|656E|HAN-VCS|06:45,2026-03-30,VJ101,656E,C909,HAN-VCS,,06:45,,06:45,,06:39,06:40,06:44,,,EARLY,ONTIME,ONTIME,,,,,,,,,,HAN,,VCS,Domestic,VJ,,
2026-03-30|VJ125|A637|HAN-SGN|07:00,2026-03-30,VJ125,A637,A321,HAN-SGN,,07:00,,07:00,,06:54,06:55,07:05,,,EARLY,ONTIME,ONTIME,,,,,,,,,,HAN,,SGN,Domestic,VJ,,
2026-03-30|VJ7527/VJ503|A635|CAN-HAN-DAD|07:30,2026-03-30,VJ7527/VJ503,A635,A321,CAN-HAN-DAD,03:05,07:30,03:05,07:30,03:25,07:23,07:25,07:30,04:25,04:00,EARLY,ONTIME,ONTIME,DELAY,,,,,,,,,HAN,CAN,DAD,Domestic,VJ,,
2026-03-30|VJ1926/VJ934|A500|AMD-HAN-NRT|07:55,2026-03-30,VJ1926/VJ934,A500,A321,AMD-HAN-NRT,05:55,07:55,05:55,07:55,06:35,07:49,07:50,07:59,02:00,01:15,EARLY,ONTIME,ONTIME,DELAY,,,,,,,,,HAN,AMD,NRT,International,VJ,,
2026-03-30|VJ7816/VJ930|A534|MNL-HAN-KIX|07:55,2026-03-30,VJ7816/VJ930,A534,A321,MNL-HAN-KIX,04:15,07:55,04:15,07:55,04:35,07:59,08:00,08:10,03:40,03:25,DELAY,ONTIME,ONTIME,DELAY,,99,00:05,,,,,late acc 8pax 8bag,HAN,MNL,KIX,International,VJ,,
2026-03-30|VJ127|A649|HAN-SGN|08:10,2026-03-30,VJ127,A649,A321,HAN-SGN,,08:10,,08:10,,08:02,08:03,08:10,,,EARLY,ONTIME,ONTIME,,,,,,,,,,HAN,,SGN,Domestic,VJ,,
2026-03-30|VJ929|A634|HAN-CGK|08:40,2026-03-30,VJ929,A634,A321,HAN-CGK,,08:40,,08:40,,08:39,08:40,08:49,,,ONTIME,ONTIME,ONTIME,,,,,,,,,,HAN,,CGK,International,VJ,,
2026-03-30|VJ447|A639|HAN-PQC|08:45,2026-03-30,VJ447,A639,A321,HAN-PQC,,08:45,,08:45,,08:41,08:45,08:47,,,ONTIME,ONTIME,ONTIME,,,,,,,,,,HAN,,PQC,Domestic,VJ,,
2026-03-30|VJ129|A642|HAN-SGN|09:00,2026-03-30,VJ129,A642,A321,HAN-SGN,,09:00,,09:00,,09:09,09:10,09:15,,,DELAY,ONTIME,ONTIME,,,95,00:10,,,,,CREW VJ124 OB 0845,HAN,,SGN,Domestic,VJ,,
2026-03-30|VJ505|A656|HAN-DAD|09:05,2026-03-30,VJ505,A656,A320,HAN-DAD,,09:05,,09:05,,09:02,09:03,09:13,,,EARLY,ONTIME,ONTIME,,,,,,,,,,HAN,,DAD,Domestic,VJ,,
2026-03-30|VJ563|A644|HAN-HUI|09:20,2026-03-30,VJ563,A644,A321,HAN-HUI,,09:20,,09:20,,09:19,09:20,09:31,,,ONTIME,ONTIME,ONTIME,,,,,,,,,,HAN,,HUI,Domestic,VJ,,
2026-03-30|VJ915|A687|HAN-SIN|09:35,2026-03-30,VJ915,A687,A321,HAN-SIN,,09:35,,09:35,,09:34,09:35,09:43,,,ONTIME,ONTIME,ONTIME,,,,,,,,,,HAN,,SIN,International,VJ,,
2026-03-30|VJ124/VJ997|A548|SGN-HAN-DPS|10:05,2026-03-30,VJ124/VJ997,A548,A321,SGN-HAN-DPS,08:15,10:05,08:15,10:05,08:20,10:04,10:05,10:08,01:50,01:45,ONTIME,ONTIME,ONTIME,ONTIME,,,,,,,,,HAN,SGN,DPS,International,VJ,,
2026-03-30|VJ463|A636|HAN-VCA|10:20,2026-03-30,VJ463,A636,A321,HAN-VCA,,10:20,,10:20,,10:19,10:20,10:23,,,ONTIME,ONTIME,ONTIME,,,,,,,,,,HAN,,VCA,Domestic,VJ,,
2026-03-30|VJ430/VJ1427|A676|UIH-HAN-PXU|10:30,2026-03-30,VJ430/VJ1427,A676,A320,UIH-HAN-PXU,09:50,10:30,09:50,10:30,10:00,10:25,10:26,10:33,00:40,00:26,EARLY,ONTIME,ONTIME,ONTIME,,,,,,,,,HAN,UIH,PXU,Domestic,VJ,,
2026-03-30|VJ1780/VJ131|A814|CXR-HAN-SGN|10:40,2026-03-30,VJ1780/VJ131,A814,A330,CXR-HAN-SGN,09:10,10:40,09:10,11:40,09:50,11:39,11:40,11:46,02:30,01:50,ONTIME,ONTIME,DELAY,DELAY,,,,,,,,,HAN,CXR,SGN,Domestic,VJ,,
2026-03-30|VJ492/VJ901|A632|BMV-HAN-BKK|11:10,2026-03-30,VJ492/VJ901,A632,A321,BMV-HAN-BKK,10:00,11:10,10:00,11:10,10:15,11:04,11:05,11:08,01:10,00:50,EARLY,ONTIME,ONTIME,ONTIME,,,,,,,,,HAN,BMV,BKK,International,VJ,,
2026-03-30|VJ524/VJ507|A635|DAD-HAN-DAD|11:10,2026-03-30,VJ524/VJ507,A635,A321,DAD-HAN-DAD,10:40,11:10,10:40,11:10,10:55,11:19,11:20,11:20,00:30,00:25,DELAY,ONTIME,ONTIME,ONTIME,,93,00:10,,,,,,HAN,DAD,DAD,Domestic,VJ,,
2026-03-30|VJ130/VJ133|A647|SGN-HAN-SGN|11:20,2026-03-30,VJ130/VJ133,A647,A321,SGN-HAN-SGN,10:50,11:20,10:50,11:20,11:10,11:34,11:35,11:45,00:30,00:25,DELAY,ONTIME,DELAY,DELAY,,93,00:15,,,,,,HAN,SGN,SGN,Domestic,VJ,,
2026-03-30|VJ451|A673|HAN-PQC|11:45,2026-03-30,VJ451,A673,A321,HAN-PQC,,11:45,,11:45,,11:39,11:40,11:44,,,EARLY,ONTIME,ONTIME,,,,,,,,,,HAN,,PQC,Domestic,VJ,,
2026-03-30|VJ770/VJ775|A535|CXR-HAN-CXR|11:45,2026-03-30,VJ770/VJ775,A535,A321,CXR-HAN-CXR,09:55,11:45,09:55,11:45,10:28,11:42,11:44,11:50,01:50,01:16,EARLY,ONTIME,ONTIME,DELAY,,,,,,,,,HAN,CXR,CXR,Domestic,VJ,,
2026-03-30|VJ981/VJ515|A630|PUS-HAN-DAD|12:10,2026-03-30,VJ981/VJ515,A630,A321,PUS-HAN-DAD,10:40,12:10,10:40,12:10,10:50,12:03,12:05,12:07,01:30,01:15,EARLY,ONTIME,ONTIME,ONTIME,,,,,,,,,HAN,PUS,DAD,Domestic,VJ,,
2026-03-30|VJ128/VJ137|A542|SGN-HAN-SGN|12:20,2026-03-30,VJ128/VJ137,A542,A321,SGN-HAN-SGN,11:50,12:20,11:50,12:20,12:08,12:37,12:38,12:50,00:30,00:30,DELAY,DELAY,DELAY,DELAY,,93,00:18,,,,,,HAN,SGN,SGN,Domestic,VJ,,
2026-03-30|VJ3526/VJ3526|A516|BQS-HAN-PQC|12:50,2026-03-30,VJ3526/VJ3526,A516,A321,BQS-HAN-PQC,12:20,12:50,12:20,12:50,12:55,13:14,13:15,13:20,00:30,00:20,DELAY,DELAY,DELAY,DELAY,,93,00:25,,,,,,HAN,BQS,PQC,Domestic,VJ,,
2026-03-30|VJ564/VJ787|A644|HUI-HAN-CXR|13:10,2026-03-30,VJ564/VJ787,A644,A321,HUI-HAN-CXR,12:20,13:10,12:20,13:10,12:55,13:24,13:25,13:34,00:50,00:30,DELAY,ONTIME,DELAY,DELAY,,93,00:15,,,,,,HAN,HUI,CXR,Domestic,VJ,,
2026-03-30|VJ963/VJ948|A528|ICN-HAN-RMQ|13:30,2026-03-30,VJ963/VJ948,A528,A321,ICN-HAN-RMQ,08:55,13:30,08:55,13:30,09:05,13:25,13:26,13:34,04:35,04:21,EARLY,ONTIME,ONTIME,ONTIME,,,,,,,,,HAN,ICN,RMQ,International,VJ,,
2026-03-30|VJ506/VJ191|A656|DAD-HAN-SGN|13:40,2026-03-30,VJ506/VJ191,A656,A320,DAD-HAN-SGN,12:15,13:40,12:15,13:40,12:35,13:39,13:40,13:40,01:25,01:05,ONTIME,ONTIME,ONTIME,DELAY,,,,,,,,,HAN,DAD,SGN,Domestic,VJ,,
2026-03-30|VJ921/VJ441|A553|NGO-HAN-PQC|14:00,2026-03-30,VJ921/VJ441,A553,A321,NGO-HAN-PQC,12:50,14:00,12:50,14:00,13:15,13:54,13:55,13:58,01:10,00:40,EARLY,ONTIME,ONTIME,DELAY,,,,,,,,,HAN,NGO,PQC,Domestic,VJ,,
2026-03-30|VJ134/VJ525|A649|SGN-HAN-DAD|14:05,2026-03-30,VJ134/VJ525,A649,A321,SGN-HAN-DAD,13:30,14:05,13:30,14:05,13:30,14:04,14:05,14:10,00:35,00:35,ONTIME,ONTIME,ONTIME,ONTIME,,,,,,,,,HAN,SGN,DAD,Domestic,VJ,,
2026-03-30|VJ933/VJ143|A543|NRT-HAN-SGN|14:05,2026-03-30,VJ933/VJ143,A543,A321,NRT-HAN-SGN,13:05,14:05,13:05,14:05,12:50,14:09,14:10,14:17,01:00,01:20,DELAY,ONTIME,ONTIME,ONTIME,,99,00:05,,,,,ARRANGE PAX,HAN,NRT,SGN,Domestic,VJ,,
2026-03-30|VJ933/VJ942|A543|NRT-HAN-TPE|14:25,2026-03-30,VJ933/VJ942,A543,A321,NRT-HAN-TPE,13:05,14:25,13:05,14:25,13:55,14:34,14:35,14:37,01:20,00:40,DELAY,ONTIME,ONTIME,DELAY,,66,00:10,,,,,CREW OB 1408,HAN,NRT,TPE,International,VJ,,
2026-03-30|VJ961/VJ946|A667|ICN-HAN-KHH|14:35,2026-03-30,VJ961/VJ946,A667,A321,ICN-HAN-KHH,13:35,14:35,13:35,14:35,14:00,14:34,14:35,14:45,01:00,00:35,ONTIME,ONTIME,ONTIME,DELAY,,,,,,,,,HAN,ICN,KHH,International,VJ,,
2026-03-30|VJ1504/VJ1505|A661|DAD-HAN-DAD|14:35,2026-03-30,VJ1504/VJ1505,A661,A321,DAD-HAN-DAD,14:00,14:35,14:00,15:00,14:40,15:04,15:05,15:12,01:00,00:25,DELAY,ONTIME,DELAY,DELAY,,93,00:05,,,,,,HAN,DAD,DAD,Domestic,VJ,,
2026-03-30|VJ450/VJ145|A669|PQC-HAN-SGN|14:40,2026-03-30,VJ450/VJ145,A669,A320,PQC-HAN-SGN,11:15,14:40,11:15,14:40,11:25,14:39,14:40,14:47,03:25,03:15,ONTIME,ONTIME,ONTIME,ONTIME,,,,,,,,,HAN,PQC,SGN,Domestic,VJ,,
2026-03-30|VJ440/VJ511|A639|PQC-HAN-DAD|15:05,2026-03-30,VJ440/VJ511,A639,A321,PQC-HAN-DAD,13:30,15:05,13:30,15:05,13:50,14:57,14:58,15:02,01:35,01:08,EARLY,ONTIME,ONTIME,DELAY,,,,,,,,,HAN,PQC,DAD,Domestic,VJ,,
2026-03-30|VJ1428/VJ423|A676|PXU-HAN-PXU|15:05,2026-03-30,VJ1428/VJ423,A676,A320,PXU-HAN-PXU,14:15,15:05,14:15,15:05,14:05,14:54,14:55,15:00,00:50,00:50,EARLY,ONTIME,ONTIME,ONTIME,,,,,,,,,HAN,PXU,PXU,Domestic,VJ,,
2026-03-30|VJ464/VJ439|A636|VCA-HAN-UIH|15:40,2026-03-30,VJ464/VJ439,A636,A321,VCA-HAN-UIH,15:10,15:40,15:10,16:00,15:50,16:14,16:15,16:25,00:50,00:25,DELAY,ONTIME,DELAY,DELAY,,93,00:15,,,,,,HAN,VCA,UIH,Domestic,VJ,,
2026-03-30|VJ2827/VJ2827|A549|CXR-HAN-BAX|15:40,2026-03-30,VJ2827/VJ2827,A549,A321,CXR-HAN-BAX,15:10,15:40,15:10,15:40,15:45,16:14,16:15,16:40,00:30,00:30,DELAY,DELAY,DELAY,DELAY,,93,00:15,,,,,,HAN,CXR,BAX,International,VJ,,
2026-03-30|VJ138/VJ147|-NVG|SGN-HAN-SGN|15:45,2026-03-30,VJ138/VJ147,-NVG,A320,SGN-HAN-SGN,15:15,15:45,15:15,15:45,15:30,15:54,15:55,16:07,00:30,00:25,DELAY,ONTIME,DELAY,ONTIME,,93,00:10,,,,,,HAN,SGN,SGN,Domestic,VJ,,
2026-03-30|VJ510/VJ567|A635|DAD-HAN-HUI|15:55,2026-03-30,VJ510/VJ567,A635,A321,DAD-HAN-HUI,14:35,15:55,14:35,15:55,14:50,15:49,15:50,16:00,01:20,01:00,EARLY,ONTIME,ONTIME,ONTIME,,,,,,,,,HAN,DAD,HUI,Domestic,VJ,,
2026-03-30|VJ508/VJ773|A630|DAD-HAN-CXR|16:00,2026-03-30,VJ508/VJ773,A630,A321,DAD-HAN-CXR,15:25,16:00,15:25,16:00,15:45,16:13,16:15,16:18,00:35,00:30,DELAY,ONTIME,DELAY,DELAY,,93,00:15,,,,,,HAN,DAD,CXR,Domestic,VJ,,
2026-03-30|VJ446/VJ913|A547|PQC-HAN-SAI|16:20,2026-03-30,VJ446/VJ913,A547,A321,PQC-HAN-SAI,15:20,16:20,15:20,16:20,15:20,16:19,16:20,16:33,01:00,01:00,ONTIME,ONTIME,ONTIME,ONTIME,,,,,,,,,HAN,PQC,SAI,International,VJ,,
2026-03-30|VJ772/VJ1513|A537|CXR-HAN-DAD|16:45,2026-03-30,VJ772/VJ1513,A537,A321,CXR-HAN-DAD,16:10,16:45,17:25,18:05,17:30,18:04,18:05,18:07,00:40,00:35,ONTIME,ONTIME,DELAY,DELAY,,,,,,,,,HAN,CXR,DAD,Domestic,VJ,,
2026-03-30|VJ140/VJ151|A668|SGN-HAN-SGN|16:50,2026-03-30,VJ140/VJ151,A668,A320,SGN-HAN-SGN,16:20,16:50,16:20,16:50,16:20,16:49,16:50,17:01,00:30,00:30,ONTIME,ONTIME,ONTIME,ONTIME,,,,,,,,,HAN,SGN,SGN,Domestic,VJ,,
2026-03-30|VJ902/VJ495|A632|BKK-HAN-BMV|17:30,2026-03-30,VJ902/VJ495,A632,A321,BKK-HAN-BMV,15:50,17:30,15:50,17:30,16:15,17:24,17:25,17:30,01:40,01:10,EARLY,ONTIME,ONTIME,DELAY,,,,,,,,,HAN,BKK,BMV,Domestic,VJ,,
2026-03-30|VJ454/VJ517|A673|PQC-HAN-DAD|17:45,2026-03-30,VJ454/VJ517,A673,A321,PQC-HAN-DAD,16:45,17:45,16:45,17:45,16:25,17:43,17:44,17:47,01:00,01:19,EARLY,ONTIME,ONTIME,ONTIME,,,,,,,,,HAN,PQC,DAD,Domestic,VJ,,
2026-03-30|VJ528/VJ1153|A649|DAD-HAN-SGN|18:05,2026-03-30,VJ528/VJ1153,A649,A321,DAD-HAN-SGN,17:25,18:05,17:25,18:05,17:30,18:04,18:05,18:07,00:40,00:35,ONTIME,ONTIME,ONTIME,ONTIME,,,,,,,,,HAN,DAD,SGN,Domestic,VJ,,
2026-03-30|VJ774/VJ781|A644|CXR-HAN-CXR|18:15,2026-03-30,VJ774/VJ781,A644,A321,CXR-HAN-CXR,17:15,18:15,17:15,18:15,17:05,18:05,18:06,18:11,01:00,01:01,EARLY,ONTIME,ONTIME,ONTIME,,,,,,,,,HAN,CXR,CXR,Domestic,VJ,,
2026-03-30|VJ512/VJ521|A639|DAD-HAN-DAD|18:45,2026-03-30,VJ512/VJ521,A639,A321,DAD-HAN-DAD,18:15,18:45,18:15,18:45,18:35,19:03,19:05,19:10,00:30,00:30,DELAY,DELAY,DELAY,DELAY,,93,00:20,,,,,,HAN,DAD,DAD,Domestic,VJ,,
2026-03-30|VJ916/VJ1127|A687|SIN-HAN-SGN|19:20,2026-03-30,VJ916/VJ1127,A687,A321,SIN-HAN-SGN,17:25,19:20,17:25,19:20,18:08,19:19,19:20,19:27,01:55,01:12,ONTIME,ONTIME,ONTIME,DELAY,,,,,,,,,HAN,SIN,SGN,Domestic,VJ,,
2026-03-30|VJ568/VJ523|A635|HUI-HAN-DAD|19:40,2026-03-30,VJ568/VJ523,A635,A321,HUI-HAN-DAD,18:55,19:40,18:55,19:40,19:10,19:39,19:40,19:45,00:45,00:30,ONTIME,ONTIME,ONTIME,ONTIME,,,,,,,,,HAN,HUI,DAD,Domestic,VJ,,
2026-03-30|VJ136/VJ7712|A671|SGN-HAN-PKX|19:55,2026-03-30,VJ136/VJ7712,A671,A320,SGN-HAN-PKX,14:25,19:55,14:25,19:55,14:35,20:04,20:05,20:18,05:30,05:30,DELAY,ONTIME,DELAY,ONTIME,,18,00:10,,,,,FINDING BAGGAGE,HAN,SGN,PKX,International,VJ,,
2026-03-30|VJ931/VJ907|A534|KIX-HAN-BOM|20:05,2026-03-30,VJ931/VJ907,A534,A321,KIX-HAN-BOM,18:30,20:05,18:30,20:05,18:55,19:59,20:00,20:02,01:35,01:05,EARLY,ONTIME,ONTIME,DELAY,,,,,,,,,HAN,KIX,BOM,International,VJ,,
2026-03-30|VJ146/VJ457|A580|SGN-HAN-PQC|20:05,2026-03-30,VJ146/VJ457,A580,A321,SGN-HAN-PQC,18:45,20:05,18:55,20:05,19:30,19:56,19:57,20:05,01:10,00:27,EARLY,ONTIME,ONTIME,DELAY,,,,,,,,,HAN,SGN,PQC,Domestic,VJ,,
2026-03-30|VJ152/VJ159|A525|SGN-HAN-SGN|20:10,2026-03-30,VJ152/VJ159,A525,A321,SGN-HAN-SGN,19:20,20:10,19:20,20:10,19:45,20:14,20:15,20:24,00:50,00:30,DELAY,ONTIME,ONTIME,DELAY,,93,00:05,,,,,,HAN,SGN,SGN,Domestic,VJ,,
2026-03-30|VJ424/VJ7238|A676|PXU-HAN-PVG|21:15,2026-03-30,VJ424/VJ7238,A676,A320,PXU-HAN-PVG,18:45,21:15,18:45,21:15,18:35,21:13,21:15,21:15,02:30,02:40,ONTIME,ONTIME,ONTIME,ONTIME,,,,,,,,,HAN,PXU,PVG,International,VJ,,
2026-03-30|VJ154/VJ163|-MLI|SGN-HAN-SGN|21:25,2026-03-30,VJ154/VJ163,-MLI,A320,SGN-HAN-SGN,20:55,21:25,20:55,21:25,21:20,21:48,21:50,21:50,00:30,00:30,DELAY,DELAY,DELAY,DELAY,,93,00:20,87,00:05,,,STUCK AT PBB,HAN,SGN,SGN,Domestic,VJ,,
2026-03-30|VJ776/VJ7526|A630|CXR-HAN-CAN|22:30,2026-03-30,VJ776/VJ7526,A630,A321,CXR-HAN-CAN,20:10,22:30,20:10,22:30,20:45,22:29,22:30,22:40,02:20,01:45,ONTIME,ONTIME,ONTIME,DELAY,,,,,,,,,HAN,CXR,CAN,International,VJ,,
2026-03-30|VJ943/VJ962|A580|TPE-HAN-ICN|23:15,2026-03-30,VJ943/VJ962,A580,A321,TPE-HAN-ICN,20:55,23:15,20:55,23:15,20:40,23:19,23:20,23:30,02:20,02:40,DELAY,ONTIME,ONTIME,ONTIME,,99,00:05,,,,,OFFLOAD 6 CABIN BAGS,HAN,TPE,ICN,International,VJ,,
2026-03-31|VJ7813|A667|HAN-CEB|00:05,2026-03-31,VJ7813,A667,A321,HAN-CEB,,00:05,,00:05,,23:58,00:00,00:01,,,EARLY,ONTIME,ONTIME,,,,,,,,,FERRY,HAN,,CEB,International,VJ,,
2026-03-31|VJ932|A537|HAN-NRT|00:30,2026-03-31,VJ932,A537,A321,HAN-NRT,,00:30,,00:30,,00:29,00:30,00:35,,,ONTIME,ONTIME,ONTIME,,,,,,,,,,HAN,,NRT,International,VJ,,
2026-03-31|VJ982|A543|HAN-PUS|01:05,2026-03-31,VJ982,A543,A321,HAN-PUS,,01:05,,01:05,,00:57,00:58,00:59,,,EARLY,ONTIME,ONTIME,,,,,,,,,,HAN,,PUS,International,VJ,,
2026-03-31|VJ938|A528|HAN-KIX|01:20,2026-03-31,VJ938,A528,A321,HAN-KIX,,01:20,,01:20,,01:18,01:19,01:21,,,EARLY,ONTIME,ONTIME,,,,,,,,,,HAN,,KIX,International,VJ,,
2026-03-31|VJ960|A532|HAN-ICN|01:40,2026-03-31,VJ960,A532,A321,HAN-ICN,,01:40,,01:40,,01:44,01:45,01:55,,,DELAY,ONTIME,ONTIME,,,99,00:05,,,,,ARRANGE PAX IN CABIN,HAN,,ICN,International,VJ,,
2026-03-31|VJ920|A548|HAN-NGO|01:40,2026-03-31,VJ920,A548,A321,HAN-NGO,,01:40,,01:40,,01:39,01:40,01:47,,,ONTIME,ONTIME,ONTIME,,,,,,,,,,HAN,,NGO,International,VJ,,
2026-03-31|VJ958|A500|HAN-FUK|02:05,2026-03-31,VJ958,A500,A321,HAN-FUK,,02:05,,02:05,,02:04,02:05,02:15,,,ONTIME,ONTIME,ONTIME,,,,,,,,,,HAN,,FUK,International,VJ,,
2026-03-31|VJ123|A634|HAN-SGN|05:30,2026-03-31,VJ123,A634,A321,HAN-SGN,,05:30,,05:30,,05:24,05:25,05:34,,,EARLY,ONTIME,ONTIME,,,,,,,,,,HAN,,SGN,Domestic,VJ,,
2026-03-31|VJ771|A639|HAN-CXR|05:45,2026-03-31,VJ771,A639,A321,HAN-CXR,,05:45,,05:45,,05:34,05:35,05:45,,,EARLY,ONTIME,ONTIME,,,,,,,,,,HAN,,CXR,Domestic,VJ,,
2026-03-31|VJ491|A644|HAN-BMV|06:00,2026-03-31,VJ491,A644,A321,HAN-BMV,,06:00,,06:00,,05:54,05:55,06:03,,,EARLY,ONTIME,ONTIME,,,,,,,,,,HAN,,BMV,Domestic,VJ,,
2026-03-31|VJ431|A635|HAN-UIH|06:05,2026-03-31,VJ431,A635,A321,HAN-UIH,,06:05,,06:05,,05:59,06:00,06:05,,,EARLY,ONTIME,ONTIME,,,,,,,,,,HAN,,UIH,Domestic,VJ,,
2026-03-31|VJ7713/VJ952|A671|PKX-HAN-HIJ|06:15,2026-03-31,VJ7713/VJ952,A671,A320,PKX-HAN-HIJ,03:55,06:15,03:55,06:15,04:40,06:09,06:10,06:23,02:20,01:30,EARLY,ONTIME,ONTIME,DELAY,,,,,,,,,HAN,PKX,HIJ,International,VJ,,
2026-03-31|VJ461|A636|HAN-VCA|06:45,2026-03-31,VJ461,A636,A321,HAN-VCA,,06:45,,06:45,,06:39,06:40,06:49,,,EARLY,ONTIME,ONTIME,,,,,,,,,,HAN,,VCA,Domestic,VJ,,
2026-03-31|VJ101|656E|HAN-VCS|06:45,2026-03-31,VJ101,656E,C909,HAN-VCS,,06:45,,06:45,,06:39,06:40,06:45,,,EARLY,ONTIME,ONTIME,,,,,,,,,,HAN,,VCS,Domestic,VJ,,
2026-03-31|VJ125|A820|HAN-SGN|07:00,2026-03-31,VJ125,A820,A321,HAN-SGN,,07:00,,07:00,,06:54,06:55,07:10,,,EARLY,ONTIME,ONTIME,,,,,,,,,,HAN,,SGN,Domestic,VJ,,
2026-03-31|VJ421|A632|HAN-PXU|07:10,2026-03-31,VJ421,A632,A321,HAN-PXU,,07:10,,07:10,,07:04,07:05,07:15,,,EARLY,ONTIME,ONTIME,,,,,,,,,,HAN,,PXU,Domestic,VJ,,
2026-03-31|VJ905|A658|HAN-KUL|07:25,2026-03-31,VJ905,A658,A320,HAN-KUL,,07:25,,07:25,,07:19,07:20,07:28,,,EARLY,ONTIME,ONTIME,,,,,,,,,,HAN,,KUL,International,VJ,,
2026-03-31|VJ503|A687|HAN-DAD|07:30,2026-03-31,VJ503,A687,A321,HAN-DAD,,07:30,,07:30,,07:24,07:25,07:34,,,EARLY,ONTIME,ONTIME,,,,,,,,,,HAN,,DAD,Domestic,VJ,,
2026-03-31|VJ934|A526|HAN-NRT|07:55,2026-03-31,VJ934,A526,A321,HAN-NRT,,07:55,,07:55,,07:54,07:55,08:05,,,ONTIME,ONTIME,ONTIME,,,,,,,,,,HAN,,NRT,International,VJ,,
2026-03-31|VJ930|A697|HAN-KIX|07:55,2026-03-31,VJ930,A697,A321,HAN-KIX,,07:55,,07:55,,08:14,08:15,08:18,,,DELAY,DELAY,DELAY,,,41,00:20,,,,,TECHNICAL CHECK,HAN,,KIX,International,VJ,,
2026-03-31|VJ127|A673|HAN-SGN|08:10,2026-03-31,VJ127,A673,A321,HAN-SGN,,08:10,,08:10,,08:04,08:05,08:07,,,EARLY,ONTIME,ONTIME,,,,,,,,,,HAN,,SGN,Domestic,VJ,,
2026-03-31|VJ7527/VJ929|A630|CAN-HAN-CGK|08:40,2026-03-31,VJ7527/VJ929,A630,A321,CAN-HAN-CGK,03:05,08:40,03:05,08:40,03:30,08:39,08:40,08:46,05:35,05:10,ONTIME,ONTIME,ONTIME,DELAY,,,,,,,,,HAN,CAN,CGK,International,VJ,,
2026-03-31|VJ124/VJ129|A551|SGN-HAN-SGN|08:45,2026-03-31,VJ124/VJ129,A551,A321,SGN-HAN-SGN,08:15,08:45,08:15,08:45,08:45,09:19,09:20,09:30,00:30,00:35,DELAY,DELAY,DELAY,DELAY,,93,00:30,87,00:05,,,STUCK AT PBB,HAN,SGN,SGN,Domestic,VJ,,
2026-03-31|VJ447|A645|HAN-PQC|08:45,2026-03-31,VJ447,A645,A321,HAN-PQC,,08:45,,08:45,,08:44,08:45,08:47,,,ONTIME,ONTIME,ONTIME,,,,,,,,,,HAN,,PQC,Domestic,VJ,,
2026-03-31|VJ2828/VJ2828|A549|BAX-HAN-CXR|09:00,2026-03-31,VJ2828/VJ2828,A549,A321,BAX-HAN-CXR,08:30,09:00,08:30,09:00,08:10,08:32,08:33,09:00,00:30,00:23,EARLY,ONTIME,ONTIME,ONTIME,,,,,,,,,HAN,BAX,CXR,Domestic,VJ,,
2026-03-31|VJ1781|A815|HAN-CXR|09:10,2026-03-31,VJ1781,A815,A330,HAN-CXR,,09:10,,09:10,,09:08,09:10,09:15,,,ONTIME,ONTIME,ONTIME,,,,,,,,,,HAN,,CXR,Domestic,VJ,,
2026-03-31|VJ563|A649|HAN-HUI|09:20,2026-03-31,VJ563,A649,A321,HAN-HUI,,09:20,,09:20,,09:13,09:14,09:22,,,EARLY,ONTIME,ONTIME,,,,,,,,,,HAN,,HUI,Domestic,VJ,,
2026-03-31|VJ910/VJ915|A534|BOM-HAN-SIN|09:35,2026-03-31,VJ910/VJ915,A534,A321,BOM-HAN-SIN,07:10,09:35,07:10,09:35,07:22,09:25,09:26,09:29,02:25,02:04,EARLY,ONTIME,ONTIME,ONTIME,,,,,,,,,HAN,BOM,SIN,International,VJ,,
2026-03-31|VJ963/VJ997|A547|ICN-HAN-DPS|10:05,2026-03-31,VJ963/VJ997,A547,A321,ICN-HAN-DPS,08:55,10:05,08:55,10:05,,10:04,10:05,10:07,01:10,,ONTIME,ONTIME,ONTIME,ONTIME,,,,,,,,,HAN,ICN,DPS,International,VJ,,
2026-03-31|VJ126/VJ131|A542|SGN-HAN-SGN|10:10,2026-03-31,VJ126/VJ131,A542,A321,SGN-HAN-SGN,09:40,10:10,10:40,12:00,11:30,11:59,12:00,12:10,01:20,00:30,ONTIME,ONTIME,DELAY,DELAY,,,,,,,,,HAN,SGN,SGN,Domestic,VJ,,
2026-03-31|VJ430/VJ463|A635|UIH-HAN-VCA|10:20,2026-03-31,VJ430/VJ463,A635,A321,UIH-HAN-VCA,09:50,10:20,09:50,10:20,09:50,10:19,10:20,10:26,00:30,00:30,ONTIME,ONTIME,ONTIME,ONTIME,,,,,,,,,HAN,UIH,VCA,Domestic,VJ,,
2026-03-31|VJ7814/VJ1427|A667|CEB-HAN-PXU|10:30,2026-03-31,VJ7814/VJ1427,A667,A321,CEB-HAN-PXU,08:20,10:30,08:20,10:30,09:50,10:21,10:22,10:33,02:10,00:32,EARLY,ONTIME,ONTIME,DELAY,,,,,,,,,HAN,CEB,PXU,Domestic,VJ,,
2026-03-31|VJ492/VJ901|A644|BMV-HAN-BKK|11:10,2026-03-31,VJ492/VJ901,A644,A321,BMV-HAN-BKK,10:00,11:10,10:00,11:10,,11:06,11:07,11:10,01:10,,EARLY,ONTIME,ONTIME,ONTIME,,,,,,,,,HAN,BMV,BKK,International,VJ,,
2026-03-31|VJ507|A553|HAN-DAD|11:10,2026-03-31,VJ507,A553,A321,HAN-DAD,,11:10,,11:10,,10:59,11:00,11:10,,,EARLY,ONTIME,ONTIME,,,,,,,,,,HAN,,DAD,Domestic,VJ,,
2026-03-31|VJ770/VJ133|A639|CXR-HAN-SGN|11:20,2026-03-31,VJ770/VJ133,A639,A321,CXR-HAN-SGN,09:55,11:20,09:55,11:20,10:20,11:19,11:20,11:29,01:25,01:00,ONTIME,ONTIME,ONTIME,DELAY,,,,,,,,,HAN,CXR,SGN,Domestic,VJ,,
2026-03-31|VJ422/VJ451|A632|PXU-HAN-PQC|11:45,2026-03-31,VJ422/VJ451,A632,A321,PXU-HAN-PQC,10:50,11:45,10:50,11:45,10:50,11:37,11:38,11:40,00:55,00:48,EARLY,ONTIME,ONTIME,ONTIME,,,,,,,,,HAN,PXU,PQC,Domestic,VJ,,
2026-03-31|VJ462/VJ515|A636|VCA-HAN-DAD|12:10,2026-03-31,VJ462/VJ515,A636,A321,VCA-HAN-DAD,11:40,12:10,11:40,12:10,12:00,12:23,12:25,12:25,00:30,00:25,DELAY,ONTIME,ONTIME,DELAY,,93,00:14,,,,,,HAN,VCA,DAD,Domestic,VJ,,
2026-03-31|VJ130/VJ137|A634|SGN-HAN-SGN|12:20,2026-03-31,VJ130/VJ137,A634,A321,SGN-HAN-SGN,10:50,12:20,10:50,12:20,10:40,12:15,12:17,12:19,01:30,01:37,EARLY,ONTIME,ONTIME,ONTIME,,,,,,,,,HAN,SGN,SGN,Domestic,VJ,,
2026-03-31|VJ564/VJ453|A649|HUI-HAN-PQC|13:00,2026-03-31,VJ564/VJ453,A649,A321,HUI-HAN-PQC,12:20,13:00,12:20,13:00,12:25,12:56,12:57,13:00,00:40,00:32,EARLY,ONTIME,ONTIME,ONTIME,,,,,,,,,HAN,HUI,PQC,Domestic,VJ,,
2026-03-31|VJ524/VJ787|A687|DAD-HAN-CXR|13:10,2026-03-31,VJ524/VJ787,A687,A321,DAD-HAN-CXR,10:40,13:10,10:40,13:10,10:50,13:08,13:09,13:13,02:30,02:19,EARLY,ONTIME,ONTIME,ONTIME,,,,,,,,,HAN,DAD,CXR,Domestic,VJ,,
2026-03-31|VJ981/VJ948|A543|PUS-HAN-RMQ|13:30,2026-03-31,VJ981/VJ948,A543,A321,PUS-HAN-RMQ,10:40,13:30,10:40,13:30,10:55,13:19,13:20,13:38,02:50,02:25,EARLY,ONTIME,ONTIME,ONTIME,,,,,,,,,HAN,PUS,RMQ,International,VJ,,
2026-03-31|VJ939/VJ441|A528|KIX-HAN-PQC|14:00,2026-03-31,VJ939/VJ441,A528,A321,KIX-HAN-PQC,12:20,14:00,12:20,14:00,13:20,13:59,14:00,14:06,01:40,00:40,ONTIME,ONTIME,ONTIME,DELAY,,,,,,,,,HAN,KIX,PQC,Domestic,VJ,,
2026-03-31|VJ7316|A676|HAN-ENH|14:00,2026-03-31,VJ7316,A676,A320,HAN-ENH,,14:00,,14:00,,13:46,13:47,13:49,,,EARLY,ONTIME,ONTIME,,,,,,,,,,HAN,,ENH,International,VJ,,
2026-03-31|VJ959/VJ143|A500|FUK-HAN-SGN|14:05,2026-03-31,VJ959/VJ143,A500,A321,FUK-HAN-SGN,11:45,14:05,11:45,14:05,12:00,14:04,14:05,14:10,02:20,02:05,ONTIME,ONTIME,ONTIME,ONTIME,,,,,,,,,HAN,FUK,SGN,Domestic,VJ,,
2026-03-31|VJ921/VJ942|A548|NGO-HAN-TPE|14:25,2026-03-31,VJ921/VJ942,A548,A321,NGO-HAN-TPE,12:50,14:25,12:50,14:25,13:06,14:24,14:25,14:30,01:35,01:19,ONTIME,ONTIME,ONTIME,DELAY,,,,,,,,,HAN,NGO,TPE,International,VJ,,
2026-03-31|VJ525|A662|PQC-HAN-DAD|14:25,2026-03-31,VJ525,A662,A321,PQC-HAN-DAD,,14:25,,14:25,,14:24,14:25,14:35,,,ONTIME,ONTIME,ONTIME,,,,,,,,,,HAN,PQC,DAD,Domestic,VJ,,
2026-03-31|VJ198/VJ141|A669|SGN-HAN-SGN|14:30,2026-03-31,VJ198/VJ141,A669,A320,SGN-HAN-SGN,12:40,14:30,12:40,14:30,12:45,14:29,14:30,14:40,01:50,01:45,ONTIME,ONTIME,ONTIME,ONTIME,,,,,,,,,HAN,SGN,SGN,Domestic,VJ,,
2026-03-31|VJ933/VJ946|A537|NRT-HAN-KHH|14:35,2026-03-31,VJ933/VJ946,A537,A321,NRT-HAN-KHH,13:05,14:35,13:05,14:35,13:35,14:34,14:35,14:44,01:30,01:00,ONTIME,ONTIME,ONTIME,DELAY,,,,,,,,,HAN,NRT,KHH,International,VJ,,
2026-03-31|VJ1504/VJ1505|A640|DAD-HAN-DAD|14:35,2026-03-31,VJ1504/VJ1505,A640,A321,DAD-HAN-DAD,14:00,14:35,14:00,14:35,14:20,14:49,14:50,14:50,00:35,00:30,DELAY,ONTIME,ONTIME,DELAY,,93,00:15,,,,,,HAN,DAD,DAD,Domestic,VJ,,
2026-03-31|VJ136/VJ145|A689|SGN-HAN-SGN|15:05,2026-03-31,VJ136/VJ145,A689,A320,SGN-HAN-SGN,14:35,15:05,14:35,15:05,14:55,15:19,15:20,15:30,00:30,00:25,DELAY,ONTIME,DELAY,DELAY,,93,00:15,,,,,,HAN,SGN,SGN,Domestic,VJ,,
2026-03-31|VJ510/VJ511|A553|DAD-HAN-DAD|15:05,2026-03-31,VJ510/VJ511,A553,A321,DAD-HAN-DAD,14:35,15:05,14:35,15:05,14:35,15:04,15:05,15:15,00:30,00:30,ONTIME,ONTIME,ONTIME,ONTIME,,,,,,,,,HAN,DAD,DAD,Domestic,VJ,,
2026-03-31|VJ1428/VJ423|A667|PXU-HAN-PXU|15:05,2026-03-31,VJ1428/VJ423,A667,A321,PXU-HAN-PXU,14:15,15:05,14:15,15:05,14:10,15:02,15:03,15:06,00:50,00:53,EARLY,ONTIME,ONTIME,ONTIME,,,,,,,,,HAN,PXU,PXU,Domestic,VJ,,
2026-03-31|VJ906/VJ439|A658|KUL-HAN-UIH|15:40,2026-03-31,VJ906/VJ439,A658,A320,KUL-HAN-UIH,14:40,15:40,14:40,15:40,14:40,15:29,15:30,15:40,01:00,00:50,EARLY,ONTIME,ONTIME,ONTIME,,,,,,,,,HAN,KUL,UIH,Domestic,VJ,,
2026-03-31|VJ138/VJ147|-NVG|SGN-HAN-SGN|15:45,2026-03-31,VJ138/VJ147,-NVG,A320,SGN-HAN-SGN,15:15,15:45,15:15,15:45,15:25,15:49,15:50,15:55,00:30,00:25,DELAY,ONTIME,ONTIME,ONTIME,,93,00:05,,,,,,HAN,SGN,SGN,Domestic,VJ,,
2026-03-31|VJ464/VJ567|A635|VCA-HAN-HUI|15:55,2026-03-31,VJ464/VJ567,A635,A321,VCA-HAN-HUI,15:10,15:55,15:10,15:55,15:28,15:54,15:55,16:06,00:45,00:27,ONTIME,ONTIME,ONTIME,DELAY,,,,,,,,,HAN,VCA,HUI,Domestic,VJ,,
2026-03-31|VJ440/VJ773|A645|PQC-HAN-CXR|16:00,2026-03-31,VJ440/VJ773,A645,A321,PQC-HAN-CXR,13:30,16:00,13:30,16:00,13:50,15:59,16:00,16:10,02:30,02:10,ONTIME,ONTIME,ONTIME,DELAY,,,,,,,,,HAN,PQC,CXR,Domestic,VJ,,
2026-03-31|VJ961/VJ913|A532|ICN-HAN-SAI|16:20,2026-03-31,VJ961/VJ913,A532,A321,ICN-HAN-SAI,13:35,16:20,13:35,16:20,13:35,16:05,16:06,16:25,02:45,02:31,EARLY,ONTIME,ONTIME,ONTIME,,,,,,,,,HAN,ICN,SAI,International,VJ,,
2026-03-31|VJ140/VJ151|A639|SGN-HAN-SGN|16:50,2026-03-31,VJ140/VJ151,A639,A321,SGN-HAN-SGN,16:20,16:50,16:20,16:50,16:55,17:22,17:23,17:35,00:30,00:28,DELAY,DELAY,DELAY,DELAY,,93,00:33,,,,,,HAN,SGN,SGN,Domestic,VJ,,
2026-03-31|VJ902/VJ495|A644|BKK-HAN-BMV|17:30,2026-03-31,VJ902/VJ495,A644,A321,BKK-HAN-BMV,15:50,17:30,15:50,17:30,16:20,17:19,17:20,17:30,01:40,01:00,EARLY,ONTIME,ONTIME,DELAY,,,,,,,,,HAN,BKK,BMV,Domestic,VJ,,
2026-03-31|VJ134/VJ1153|A673|SGN-HAN-SGN|18:05,2026-03-31,VJ134/VJ1153,A673,A321,SGN-HAN-SGN,13:30,18:05,13:30,18:05,13:45,18:04,18:05,18:09,04:35,04:20,ONTIME,ONTIME,ONTIME,ONTIME,,,,,,,,,HAN,SGN,SGN,Domestic,VJ,,
2026-03-31|VJ774/VJ517|A677|CXR-HAN-DAD|18:05,2026-03-31,VJ774/VJ517,A677,A321,CXR-HAN-DAD,17:35,18:05,17:35,18:40,18:30,18:59,19:00,19:15,01:05,00:30,DELAY,DELAY,DELAY,DELAY,,93,00:20,,,,,,HAN,CXR,DAD,Domestic,VJ,,
2026-03-31|VJ528/VJ521|A662|DAD-HAN-DAD|18:45,2026-03-31,VJ528/VJ521,A662,A321,DAD-HAN-DAD,17:45,18:45,17:45,18:45,18:25,18:49,18:50,19:00,01:00,00:25,DELAY,ONTIME,ONTIME,DELAY,,93,00:05,,,,,,HAN,DAD,DAD,Domestic,VJ,,
2026-03-31|VJ454/VJ1789|A632|PQC-HAN-CXR|18:45,2026-03-31,VJ454/VJ1789,A632,A321,PQC-HAN-CXR,16:45,18:45,16:45,18:45,16:35,18:41,18:42,18:43,02:00,02:07,EARLY,ONTIME,ONTIME,ONTIME,,,,,,,,,HAN,PQC,CXR,Domestic,VJ,,
2026-03-31|VJ144/VJ155|A634|SGN-HAN-SGN|18:55,2026-03-31,VJ144/VJ155,A634,A321,SGN-HAN-SGN,18:05,18:55,18:05,18:55,18:00,18:54,18:55,19:00,00:50,00:55,ONTIME,ONTIME,ONTIME,ONTIME,,,,,,,,,HAN,SGN,SGN,Domestic,VJ,,
2026-03-31|VJ148/VJ1127|A522|SGN-HAN-SGN|19:20,2026-03-31,VJ148/VJ1127,A522,A321,SGN-HAN-SGN,18:25,19:20,18:25,19:20,18:50,19:19,19:20,19:23,00:55,00:30,ONTIME,ONTIME,ONTIME,DELAY,,,,,,,,,HAN,SGN,SGN,Domestic,VJ,,
2026-03-31|VJ971|A820|HAN-DEL|19:40,2026-03-31,VJ971,A820,A321,HAN-DEL,,19:40,,19:40,,19:39,19:40,19:50,,,ONTIME,ONTIME,ONTIME,,,,,,,,,,HAN,,DEL,International,VJ,,
2026-03-31|VJ568/VJ523|A635|HUI-HAN-DAD|19:40,2026-03-31,VJ568/VJ523,A635,A321,HUI-HAN-DAD,18:55,19:40,18:55,19:40,19:15,19:44,19:45,19:47,00:45,00:30,DELAY,ONTIME,ONTIME,DELAY,,93,00:05,,,,,,HAN,HUI,DAD,Domestic,VJ,,
2026-03-31|VJ916/VJ1925|A534|SIN-HAN-AMD|19:45,2026-03-31,VJ916/VJ1925,A534,A321,SIN-HAN-AMD,17:25,19:45,17:25,19:45,17:25,19:39,19:40,19:41,02:20,02:15,EARLY,ONTIME,ONTIME,ONTIME,,,,,,,,,HAN,SIN,AMD,International,VJ,,
2026-03-31|VJ152/VJ159|A551|SGN-HAN-SGN|20:10,2026-03-31,VJ152/VJ159,A551,A321,SGN-HAN-SGN,19:20,20:10,19:45,20:20,20:15,20:44,20:45,20:53,00:35,00:30,DELAY,DELAY,DELAY,DELAY,,93,00:25,,,,,,HAN,SGN,SGN,Domestic,VJ,,
2026-03-31|VJ456/VJ161|A649|PQC-HAN-SGN|20:55,2026-03-31,VJ456/VJ161,A649,A321,PQC-HAN-SGN,17:45,20:55,17:45,20:55,18:05,20:54,20:55,20:56,03:10,02:50,ONTIME,ONTIME,ONTIME,DELAY,,,,,,,,,HAN,PQC,SGN,Domestic,VJ,,
2026-03-31|VJ154/VJ163|-NVE|SGN-HAN-SGN|21:25,2026-03-31,VJ154/VJ163,-NVE,A320,SGN-HAN-SGN,20:55,21:25,20:55,21:25,21:15,21:39,21:40,21:40,00:30,00:25,DELAY,ONTIME,ONTIME,DELAY,,93,00:15,,,,,,HAN,SGN,SGN,Domestic,VJ,,
2026-03-31|VJ943/VJ7526|A548|TPE-HAN-CAN|22:30,2026-03-31,VJ943/VJ7526,A548,A321,TPE-HAN-CAN,20:55,22:30,20:55,22:30,21:20,22:26,22:27,22:28,01:35,01:07,EARLY,ONTIME,ONTIME,DELAY,,,,,,,,,HAN,TPE,CAN,International,VJ,,
2026-03-31|VJ520/VJ167|A677|DAD-HAN-SGN|22:45,2026-03-31,VJ520/VJ167,A677,A321,DAD-HAN-SGN,21:15,22:45,21:50,23:45,23:20,23:44,23:45,23:58,01:55,00:25,ONTIME,ONTIME,DELAY,DELAY,,,,,,,,,HAN,DAD,SGN,Domestic,VJ,,
2026-03-31|VJ935/VJ962|A526|NRT-HAN-ICN|23:15,2026-03-31,VJ935/VJ962,A526,A321,NRT-HAN-ICN,20:05,23:15,20:05,23:15,21:08,23:14,23:15,23:20,03:10,02:07,ONTIME,ONTIME,ONTIME,DELAY,,,,,,,,,HAN,NRT,ICN,International,VJ,,
