id,date,flight,reg,type,route,sta,std,eta,etd,onC,dc,offC,aobt,groundTime,tat,otpETD1,otpETD15,otpSTD,otaSTA,doorEarly5,code1,min1,code2,min2,code3,min3,delayReason,originReport,originOTA,destination,market,airline,updatedAt,updatedBy
2026-02-01|VJ932|A820|HAN-NRT|00:55,2026-02-01,VJ932,A820,A321,HAN-NRT,,00:55,,00:55,,00:49,00:50,00:51,,,EARLY,ONTIME,ONTIME,,,,,,,,,,HAN,,NRT,International,VJ,,
2026-02-01|VJ982|A645|HAN-PUS|01:00,2026-02-01,VJ982,A645,A321,HAN-PUS,,01:00,,01:00,,00:50,00:51,00:55,,,EARLY,ONTIME,ONTIME,,,,,,,,,,HAN,,PUS,International,VJ,,
2026-02-01|VJ3521/VJ3521|A539|PQC-HAN-VVO|00:25,2026-02-01,VJ3521/VJ3521,A539,A321,PQC-HAN-VVO,23:55,00:25,23:55,01:00,00:35,01:04,01:05,01:11,01:05,00:30,DELAY,ONTIME,DELAY,DELAY,,93,00:05,,,,,,HAN,PQC,VVO,International,VJ,,
2026-02-01|VJ920|A550|HAN-NGO|01:35,2026-02-01,VJ920,A550,A321,HAN-NGO,,01:35,,01:35,,01:26,01:27,01:29,,,EARLY,ONTIME,ONTIME,,,,,,,,,,HAN,,NGO,International,VJ,,
2026-02-01|VJ938|A536|HAN-KIX|01:40,2026-02-01,VJ938,A536,A321,HAN-KIX,,01:40,,01:40,,01:44,01:45,01:55,,,DELAY,ONTIME,ONTIME,,,99,00:05,,,,,LATE ACCEPT 04PAX+11BAGS,HAN,,KIX,International,VJ,,
2026-02-01|VJ960|A575|HAN-ICN|01:45,2026-02-01,VJ960,A575,A321,HAN-ICN,,01:45,,01:45,,01:36,01:37,01:42,,,EARLY,ONTIME,ONTIME,,,,,,,,,,HAN,,ICN,International,VJ,,
2026-02-01|VJ958|A651|HAN-FUK|02:05,2026-02-01,VJ958,A651,A321,HAN-FUK,,02:05,,02:05,,01:44,01:45,02:00,,,EARLY,ONTIME,ONTIME,,,,,,,,,,HAN,,FUK,International,VJ,,
2026-02-01|VJ179|A677|HAN-SGN|05:00,2026-02-01,VJ179,A677,A321,HAN-SGN,,05:00,,05:00,,04:44,04:45,04:47,,,EARLY,ONTIME,ONTIME,,,,,,,,,,HAN,,SGN,Domestic,VJ,,
2026-02-01|VJ185|A699|HAN-SGN|05:10,2026-02-01,VJ185,A699,A320,HAN-SGN,,05:10,,05:10,,05:04,05:05,05:09,,,EARLY,ONTIME,ONTIME,,,,,,,,,,HAN,,SGN,Domestic,VJ,,
2026-02-01|VJ461|A668|HAN-VCA|05:30,2026-02-01,VJ461,A668,A320,HAN-VCA,,05:30,,05:30,,05:21,05:22,05:25,,,EARLY,ONTIME,ONTIME,,,,,,,,,,HAN,,VCA,Domestic,VJ,,
2026-02-01|VJ401|A522|HAN-DLI|05:50,2026-02-01,VJ401,A522,A321,HAN-DLI,,05:50,,05:50,,05:44,05:45,05:49,,,EARLY,ONTIME,ONTIME,,,,,,,,,,HAN,,DLI,Domestic,VJ,,
2026-02-01|VJ443|A684|HAN-PQC|06:00,2026-02-01,VJ443,A684,A321,HAN-PQC,,06:00,,06:00,,05:51,05:52,06:02,,,EARLY,ONTIME,ONTIME,,,,,,,,,,HAN,,PQC,Domestic,VJ,,
2026-02-01|VJ7527/VJ491|A641|CAN-HAN-BMV|06:00,2026-02-01,VJ7527/VJ491,A641,A321,CAN-HAN-BMV,04:35,06:00,04:35,06:00,04:30,05:54,05:55,06:00,01:25,01:25,EARLY,ONTIME,ONTIME,ONTIME,,,,,,,,,HAN,CAN,BMV,Domestic,VJ,,
2026-02-01|VJ421|A632|HAN-PXU|06:05,2026-02-01,VJ421,A632,A321,HAN-PXU,,06:05,,06:05,,05:59,06:00,06:08,,,EARLY,ONTIME,ONTIME,,,,,,,,,,HAN,,PXU,Domestic,VJ,,
2026-02-01|VJ952|A663|HAN-HIJ|06:35,2026-02-01,VJ952,A663,A320,HAN-HIJ,,06:35,,06:35,,06:29,06:30,06:30,,,EARLY,ONTIME,ONTIME,,,,,,,,,,HAN,,HIJ,International,VJ,,
2026-02-01|VJ181|A649|HAN-SGN|06:40,2026-02-01,VJ181,A649,A321,HAN-SGN,,06:40,,06:40,,06:29,06:30,06:35,,,EARLY,ONTIME,ONTIME,,,,,,,,,,HAN,,SGN,Domestic,VJ,,
2026-02-01|VJ105|652G|HAN-VCS|06:45,2026-02-01,VJ105,652G,C909,HAN-VCS,,06:45,,06:45,,06:37,06:38,06:44,,,EARLY,ONTIME,ONTIME,,,,,,,,,,HAN,,VCS,Domestic,VJ,,
2026-02-01|VJ905|A640|HAN-KUL|07:10,2026-02-01,VJ905,A640,A321,HAN-KUL,,07:10,,07:10,,06:54,06:55,07:05,,,EARLY,ONTIME,ONTIME,,,,,,,,,,HAN,,KUL,International,VJ,,
2026-02-01|VJ431|A657|HAN-UIH|07:10,2026-02-01,VJ431,A657,A321,HAN-UIH,,07:10,,07:10,,07:04,07:05,07:11,,,EARLY,ONTIME,ONTIME,,,,,,,,,,HAN,,UIH,Domestic,VJ,,
2026-02-01|VJ7239/VJ956|A666|PVG-HAN-PUS|07:30,2026-02-01,VJ7239/VJ956,A666,A320,PVG-HAN-PUS,05:15,07:30,05:15,07:30,05:36,07:24,07:25,07:34,02:15,01:49,EARLY,ONTIME,ONTIME,DELAY,,,,,,,,,HAN,PVG,PUS,International,VJ,,
2026-02-01|VJ940|A525|HAN-TPE|07:35,2026-02-01,VJ940,A525,A321,HAN-TPE,,07:35,,07:35,,07:24,07:25,07:30,,,EARLY,ONTIME,ONTIME,,,,,,,,,,HAN,,TPE,International,VJ,,
2026-02-01|VJ502/VJ771|A647|DAD-HAN-CXR|07:35,2026-02-01,VJ502/VJ771,A647,A321,DAD-HAN-CXR,07:05,07:35,07:05,07:35,07:10,07:29,07:30,07:35,00:30,00:20,EARLY,ONTIME,ONTIME,ONTIME,,,,,,,,,HAN,DAD,CXR,Domestic,VJ,,
2026-02-01|VJ107|656E|HAN-VCS|08:15,2026-02-01,VJ107,656E,C909,HAN-VCS,,08:15,,08:15,,08:07,08:09,08:15,,,EARLY,ONTIME,ONTIME,,,,,,,,,,HAN,,VCS,Domestic,VJ,,
2026-02-01|VJ934|A646|HAN-NRT|08:20,2026-02-01,VJ934,A646,A321,HAN-NRT,,08:20,,08:20,,08:09,08:10,08:15,,,EARLY,ONTIME,ONTIME,,,,,,,,,,HAN,,NRT,International,VJ,,
2026-02-01|VJ930|A545|HAN-KIX|08:20,2026-02-01,VJ930,A545,A321,HAN-KIX,,08:20,,08:20,,08:07,08:08,08:15,,,EARLY,ONTIME,ONTIME,,,,,,,,,,HAN,,KIX,International,VJ,,
2026-02-01|VJ1926/VJ929|A658|AMD-HAN-CGK|08:40,2026-02-01,VJ1926/VJ929,A658,A320,AMD-HAN-CGK,06:20,08:40,06:20,08:40,05:45,08:39,08:40,08:48,02:20,02:55,ONTIME,ONTIME,ONTIME,ONTIME,,,,,,,,,HAN,AMD,CGK,International,VJ,,
2026-02-01|VJ122/VJ125|A633|SGN-HAN-SGN|08:40,2026-02-01,VJ122/VJ125,A633,A321,SGN-HAN-SGN,07:30,08:40,07:30,08:40,07:30,08:36,08:37,08:40,01:10,01:07,EARLY,ONTIME,ONTIME,ONTIME,,,,,,,,,HAN,SGN,SGN,Domestic,VJ,,
2026-02-01|VJ972/VJ773|A812|DEL-HAN-CXR|09:00,2026-02-01,VJ972/VJ773,A812,A330,DEL-HAN-CXR,05:35,09:00,05:35,09:00,05:30,08:55,08:57,09:00,03:25,03:27,EARLY,ONTIME,ONTIME,ONTIME,,,,,,,,,HAN,DEL,CXR,Domestic,VJ,,
2026-02-01|VJ963/VJ915|A500|ICN-HAN-SIN|09:35,2026-02-01,VJ963/VJ915,A500,A321,ICN-HAN-SIN,09:20,09:35,09:20,10:30,09:30,10:28,10:30,10:35,01:10,01:00,ONTIME,ONTIME,DELAY,ONTIME,,,,,,,,,HAN,ICN,SIN,International,VJ,,
2026-02-01|VJ124/VJ127|A670|SGN-HAN-SGN|09:40,2026-02-01,VJ124/VJ127,A670,A321,SGN-HAN-SGN,09:05,09:40,09:05,10:05,09:35,10:04,10:05,10:10,01:00,00:30,ONTIME,ONTIME,DELAY,DELAY,,,,,,,,,HAN,SGN,SGN,Domestic,VJ,,
2026-02-01|VJ148/VJ149|-NVG|SGN-HAN-SGN|10:05,2026-02-01,VJ148/VJ149,-NVG,A320,SGN-HAN-SGN,09:30,10:05,09:30,10:05,09:55,10:14,10:15,10:22,00:35,00:20,DELAY,ONTIME,DELAY,DELAY,,93,00:10,,,,,,HAN,SGN,SGN,Domestic,VJ,,
2026-02-01|VJ422/VJ567|A632|PXU-HAN-HUI|10:10,2026-02-01,VJ422/VJ567,A632,A321,PXU-HAN-HUI,09:40,10:10,09:40,10:10,09:45,10:14,10:15,10:25,00:30,00:30,DELAY,ONTIME,ONTIME,ONTIME,,93,00:05,,,,,,HAN,PXU,HUI,Domestic,VJ,,
2026-02-01|VJ126/VJ997|A547|SGN-HAN-DPS|10:15,2026-02-01,VJ126/VJ997,A547,A321,SGN-HAN-DPS,09:15,10:15,09:15,10:35,09:55,10:38,10:40,10:52,01:20,00:45,DELAY,ONTIME,DELAY,DELAY,,66,00:05,,,,,CREW HN OB 1020,HAN,SGN,DPS,International,VJ,,
2026-02-01|VJ492/VJ507|A641|BMV-HAN-DAD|10:30,2026-02-01,VJ492/VJ507,A641,A321,BMV-HAN-DAD,10:00,10:30,10:00,10:30,10:05,10:34,10:35,10:54,00:30,00:30,DELAY,ONTIME,DELAY,ONTIME,,93,00:05,,,,,,HAN,BMV,DAD,Domestic,VJ,,
2026-02-01|VJ524/VJ463|A637|DAD-HAN-VCA|10:30,2026-02-01,VJ524/VJ463,A637,A321,DAD-HAN-VCA,07:40,10:30,11:05,11:45,10:52,11:33,11:35,11:38,00:40,00:43,EARLY,ONTIME,DELAY,DELAY,,,,,,,,,HAN,DAD,VCA,Domestic,VJ,,
2026-02-01|VJ403|A662|HAN-DLI|10:45,2026-02-01,VJ403,A662,A320,HAN-DLI,,10:45,,10:45,,10:41,10:42,10:44,,,EARLY,ONTIME,ONTIME,,,,,,,,,,HAN,,DLI,Domestic,VJ,,
2026-02-01|VJ981/VJ135|A645|ICN-HAN-SGN|11:10,2026-02-01,VJ981/VJ135,A645,A321,ICN-HAN-SGN,11:00,11:10,11:00,12:00,10:52,11:59,12:00,12:00,01:00,01:08,ONTIME,ONTIME,DELAY,ONTIME,,,,,,,,,HAN,ICN,SGN,Domestic,VJ,,
2026-02-01|VJ430/VJ407|A657|UIH-HAN-DLI|11:25,2026-02-01,VJ430/VJ407,A657,A321,UIH-HAN-DLI,10:55,11:25,10:55,11:25,10:38,11:22,11:23,11:24,00:30,00:45,EARLY,ONTIME,ONTIME,ONTIME,,,,,,,,,HAN,UIH,DLI,Domestic,VJ,,
2026-02-01|VJ184/VJ129|A814|SGN-HAN-SGN|11:25,2026-02-01,VJ184/VJ129,A814,A330,SGN-HAN-SGN,10:25,11:25,10:25,11:25,10:50,11:34,11:35,11:50,01:00,00:45,DELAY,ONTIME,DELAY,DELAY,,93,00:10,,,,,,HAN,SGN,SGN,Domestic,VJ,,
2026-02-01|VJ132/VJ137|A635|SGN-HAN-SGN|11:40,2026-02-01,VJ132/VJ137,A635,A321,SGN-HAN-SGN,11:10,11:40,11:10,11:40,11:20,11:56,11:57,12:06,00:30,00:37,DELAY,DELAY,DELAY,ONTIME,,93,00:10,66,00:07,,,CREW HN OB 1130,HAN,SGN,SGN,Domestic,VJ,,
2026-02-01|VJ442/VJ946|A684|PQC-HAN-KHH|11:45,2026-02-01,VJ442/VJ946,A684,A321,PQC-HAN-KHH,10:45,11:45,10:45,11:45,11:10,11:54,11:55,12:00,01:00,00:45,DELAY,ONTIME,ONTIME,DELAY,,66,00:10,,,,,CREW HN OB 1125,HAN,PQC,KHH,International,VJ,,
2026-02-01|VJ402/VJ441|A522|DLI-HAN-PQC|12:25,2026-02-01,VJ402/VJ441,A522,A321,DLI-HAN-PQC,10:10,12:25,10:10,12:25,10:10,12:16,12:17,12:27,02:15,02:07,EARLY,ONTIME,ONTIME,ONTIME,,,,,,,,,HAN,DLI,PQC,Domestic,VJ,,
2026-02-01|VJ770/VJ901|A647|CXR-HAN-BKK|12:45,2026-02-01,VJ770/VJ901,A647,A321,CXR-HAN-BKK,11:45,12:45,11:45,12:45,12:05,14:02,14:03,14:10,01:00,01:58,DELAY,DELAY,DELAY,DELAY,,66,00:05,41,01:13,,,CREW HN OB 1220/ DL41 GROUND RETURN,HAN,CXR,BKK,International,VJ,,
2026-02-01|VJ3522/VJ3522|A539|VVO-HAN-PQC|12:50,2026-02-01,VJ3522/VJ3522,A539,A321,VVO-HAN-PQC,12:20,12:50,12:45,13:20,12:50,13:19,13:20,13:30,00:35,00:30,ONTIME,ONTIME,DELAY,DELAY,,,,,,,,,HAN,VVO,PQC,Domestic,VJ,,
2026-02-01|VJ198/VJ781|A643|SGN-HAN-CXR|13:15,2026-02-01,VJ198/VJ781,A643,A321,SGN-HAN-CXR,16:00,13:15,16:00,16:40,17:05,17:39,17:40,17:45,00:40,00:35,DELAY,DELAY,DELAY,DELAY,,93,00:55,66,00:05,,,CREW OB 1715,HAN,SGN,CXR,Domestic,VJ,,
2026-02-01|VJ780/VJ948|A698|CXR-HAN-RMQ|13:30,2026-02-01,VJ780/VJ948,A698,A321,CXR-HAN-RMQ,12:30,13:30,12:30,13:30,12:30,13:28,13:30,13:35,01:00,01:00,ONTIME,ONTIME,ONTIME,ONTIME,,,,,,,,,HAN,CXR,RMQ,International,VJ,,
2026-02-01|VJ959/VJ513|A651|FUK-HAN-DAD|13:35,2026-02-01,VJ959/VJ513,A651,A321,FUK-HAN-DAD,12:25,13:35,12:25,13:35,12:20,13:30,13:32,13:35,01:10,01:12,EARLY,ONTIME,ONTIME,ONTIME,,,,,,,,,HAN,FUK,DAD,Domestic,VJ,,
2026-02-01|VJ566/VJ511|A632|HUI-HAN-DAD|14:20,2026-02-01,VJ566/VJ511,A632,A321,HUI-HAN-DAD,13:05,14:20,13:05,14:20,13:50,14:26,14:27,14:30,01:15,00:37,DELAY,ONTIME,ONTIME,DELAY,,66,00:07,,,,,CREW 524 OB 1400,HAN,HUI,DAD,Domestic,VJ,,
2026-02-01|VJ939/VJ942|A536|KIX-HAN-TPE|14:25,2026-02-01,VJ939/VJ942,A536,A321,KIX-HAN-TPE,13:05,14:25,13:05,14:25,13:10,14:12,14:14,14:20,01:20,01:04,EARLY,ONTIME,ONTIME,ONTIME,,,,,,,,,HAN,KIX,TPE,International,VJ,,
2026-02-01|VJ508/VJ1491|A641|DAD-HAN-BMV|14:35,2026-02-01,VJ508/VJ1491,A641,A321,DAD-HAN-BMV,13:40,14:35,13:40,14:35,14:25,14:54,14:55,15:02,00:55,00:30,DELAY,DELAY,DELAY,DELAY,,93,00:20,,,,,,HAN,DAD,BMV,Domestic,VJ,,
2026-02-01|VJ188/VJ151|-NVE|SGN-HAN-SGN|14:55,2026-02-01,VJ188/VJ151,-NVE,A320,SGN-HAN-SGN,14:25,14:55,14:25,15:25,15:05,15:29,15:30,15:40,01:00,00:25,DELAY,ONTIME,DELAY,DELAY,,93,00:05,,,,,,HAN,SGN,SGN,Domestic,VJ,,
2026-02-01|VJ144/VJ153|A633|SGN-HAN-SGN|15:10,2026-02-01,VJ144/VJ153,A633,A321,SGN-HAN-SGN,14:10,15:10,14:10,15:10,14:05,15:07,15:08,15:14,01:00,01:03,EARLY,ONTIME,ONTIME,ONTIME,,,,,,,,,HAN,SGN,SGN,Domestic,VJ,,
2026-02-01|VJ404/VJ433|A662|DLI-HAN-UIH|15:25,2026-02-01,VJ404/VJ433,A662,A320,DLI-HAN-UIH,14:55,15:25,14:55,15:25,14:55,15:24,15:25,13:32,00:30,00:30,ONTIME,ONTIME,ONTIME,ONTIME,,,,,,,,,HAN,DLI,UIH,Domestic,VJ,,
2026-02-01|VJ941/VJ1441|A525|TPE-HAN-PQC|15:30,2026-02-01,VJ941/VJ1441,A525,A321,TPE-HAN-PQC,14:10,15:30,14:10,15:30,14:30,15:27,15:28,15:35,01:20,00:58,EARLY,ONTIME,ONTIME,DELAY,,,,,,,,,HAN,TPE,PQC,Domestic,VJ,,
2026-02-01|VJ514/VJ145|A651|DAD-HAN-SGN|15:35,2026-02-01,VJ514/VJ145,A651,A321,DAD-HAN-SGN,15:25,15:35,15:25,17:30,17:10,17:39,17:40,17:47,02:05,00:30,DELAY,ONTIME,DELAY,DELAY,,93,00:10,,,,,,HAN,DAD,SGN,Domestic,VJ,,
2026-02-01|VJ138/VJ199|A673|SGN-HAN-SGN|15:45,2026-02-01,VJ138/VJ199,A673,A321,SGN-HAN-SGN,14:40,15:45,14:50,16:05,15:30,15:57,15:58,16:00,01:15,00:28,EARLY,ONTIME,ONTIME,DELAY,,,,,,,,,HAN,SGN,SGN,Domestic,VJ,,
2026-02-01|VJ961/VJ903|A575|ICN-HAN-BKK|15:50,2026-02-01,VJ961/VJ903,A575,A321,ICN-HAN-BKK,14:10,15:50,14:10,15:50,14:25,15:49,15:50,16:03,01:40,01:25,ONTIME,ONTIME,ONTIME,ONTIME,,,,,,,,,HAN,ICN,BKK,International,VJ,,
2026-02-01|VJ906/VJ423|A640|KUL-HAN-PXU|15:55,2026-02-01,VJ906/VJ423,A640,A321,KUL-HAN-PXU,14:55,15:55,14:55,15:55,14:35,15:54,15:55,16:10,01:00,01:20,ONTIME,ONTIME,ONTIME,ONTIME,,,,,,,,,HAN,KUL,PXU,Domestic,VJ,,
2026-02-01|VJ933/VJ195|A820|NRT-HAN-SGN|16:00,2026-02-01,VJ933/VJ195,A820,A321,NRT-HAN-SGN,14:00,16:00,14:10,16:10,14:20,16:04,16:05,16:24,02:00,01:45,EARLY,ONTIME,DELAY,DELAY,,,,,,,,,HAN,NRT,SGN,Domestic,VJ,,
2026-02-01|VJ191|A672|HAN-SGN|16:00,2026-02-01,VJ191,A672,A320,HAN-SGN,,16:00,,16:00,,15:59,16:00,16:15,,,ONTIME,ONTIME,ONTIME,,,,,,,,,,HAN,,SGN,Domestic,VJ,,
2026-02-01|VJ921/VJ409|A550|NGO-HAN-DLI|16:05,2026-02-01,VJ921/VJ409,A550,A321,NGO-HAN-DLI,13:40,16:05,13:40,16:05,13:35,16:04,16:05,16:35,02:25,02:30,ONTIME,ONTIME,DELAY,ONTIME,,,,,,,,,HAN,NGO,DLI,Domestic,VJ,,
2026-02-01|VJ408/VJ913|A657|DLI-HAN-SAI|16:20,2026-02-01,VJ408/VJ913,A657,A321,DLI-HAN-SAI,15:35,16:20,15:35,16:20,15:35,16:10,16:11,16:35,00:45,00:36,EARLY,ONTIME,ONTIME,ONTIME,,,,,,,,,HAN,DLI,SAI,International,VJ,,
2026-02-01|VJ462/VJ515|A668|VCA-HAN-DAD|16:25,2026-02-01,VJ462/VJ515,A668,A320,VCA-HAN-DAD,15:40,16:25,15:40,16:25,15:50,16:24,16:25,16:40,00:45,00:35,ONTIME,ONTIME,ONTIME,ONTIME,,,,,,,,,HAN,VCA,DAD,Domestic,VJ,,
2026-02-01|VJ460/VJ465|A637|VCA-HAN-VCA|17:25,2026-02-01,VJ460/VJ465,A637,A321,VCA-HAN-VCA,15:25,17:25,16:40,17:25,16:50,17:24,17:25,17:30,00:45,00:35,ONTIME,ONTIME,ONTIME,DELAY,,,,,,,,,HAN,VCA,VCA,Domestic,VJ,,
2026-02-01|VJ134/VJ163|-MLI|SGN-HAN-SGN|17:30,2026-02-01,VJ134/VJ163,-MLI,A320,SGN-HAN-SGN,17:00,17:30,17:00,18:00,17:35,17:59,18:00,18:07,01:00,00:25,ONTIME,ONTIME,DELAY,DELAY,,,,,,,,,HAN,SGN,SGN,Domestic,VJ,,
2026-02-01|VJ440/VJ445|A656|PQC-HAN-PQC|17:40,2026-02-01,VJ440/VJ445,A656,A320,PQC-HAN-PQC,11:55,17:40,11:55,17:40,12:25,17:39,17:40,17:49,05:45,05:15,ONTIME,ONTIME,ONTIME,DELAY,,,,,,,,,HAN,PQC,PQC,Domestic,VJ,,
2026-02-01|VJ172/VJ177|A814|SGN-HAN-SGN|17:45,2026-02-01,VJ172/VJ177,A814,A330,SGN-HAN-SGN,16:45,17:45,16:45,18:05,17:25,18:02,18:03,18:07,01:20,00:38,EARLY,ONTIME,DELAY,DELAY,,,,,,,,,HAN,SGN,SGN,Domestic,VJ,,
2026-02-01|VJ446/VJ779|A522|PQC-HAN-CXR|18:10,2026-02-01,VJ446/VJ779,A522,A321,PQC-HAN-CXR,17:10,18:10,17:10,18:10,17:50,18:19,18:20,18:25,01:00,00:30,DELAY,ONTIME,ONTIME,DELAY,,93,00:10,,,,,,HAN,PQC,CXR,Domestic,VJ,,
2026-02-01|VJ194/VJ193|A549|SGN-HAN-SGN|18:15,2026-02-01,VJ194/VJ193,A549,A321,SGN-HAN-SGN,17:35,18:15,17:55,19:05,18:35,19:09,19:10,19:12,01:10,00:35,DELAY,ONTIME,DELAY,DELAY,,15A,00:05,,,,,OFFLOAD 1 PAX + 2 BAGS,HAN,SGN,SGN,Domestic,VJ,,
2026-02-01|VJ957/VJ147|A666|PUS-HAN-SGN|18:20,2026-02-01,VJ957/VJ147,A666,A320,PUS-HAN-SGN,17:20,18:20,17:20,19:15,17:25,19:05,19:06,19:20,01:55,01:41,EARLY,ONTIME,DELAY,ONTIME,,,,,,,,,HAN,PUS,SGN,Domestic,VJ,,
2026-02-01|VJ512/VJ493|A632|DAD-HAN-BMV|18:25,2026-02-01,VJ512/VJ493,A632,A321,DAD-HAN-BMV,17:30,18:25,17:30,18:25,17:55,18:24,18:25,18:33,00:55,00:30,ONTIME,ONTIME,ONTIME,DELAY,,,,,,,,,HAN,DAD,BMV,Domestic,VJ,,
2026-02-01|VJ953/VJ1925|A663|HIJ-HAN-AMD|19:00,2026-02-01,VJ953/VJ1925,A663,A320,HIJ-HAN-AMD,16:20,19:00,16:20,19:00,17:20,18:48,18:50,19:00,02:40,01:30,EARLY,ONTIME,ONTIME,DELAY,,,,,,,,,HAN,HIJ,AMD,International,VJ,,
2026-02-01|VJ947/VJ173|A684|KHH-HAN-SGN|19:05,2026-02-01,VJ947/VJ173,A684,A321,KHH-HAN-SGN,18:05,19:05,18:05,19:05,18:05,19:02,19:03,19:09,01:00,00:58,EARLY,ONTIME,ONTIME,ONTIME,,,,,,,,,HAN,KHH,SGN,Domestic,VJ,,
2026-02-01|VJ902/VJ569|A647|BKK-HAN-HUI|19:15,2026-02-01,VJ902/VJ569,A647,A321,BKK-HAN-HUI,17:30,19:15,17:30,20:15,19:05,20:14,20:15,20:18,02:45,01:10,ONTIME,ONTIME,DELAY,DELAY,,,,,,,,,HAN,BKK,HUI,Domestic,VJ,,
2026-02-01|VJ1492/VJ519|A641|BMV-HAN-DAD|19:45,2026-02-01,VJ1492/VJ519,A641,A321,BMV-HAN-DAD,18:35,19:45,18:35,19:45,19:15,19:54,19:55,20:10,01:10,00:40,DELAY,ONTIME,DELAY,DELAY,,15A,00:10,,,,,OFFLOAD 3 PAX + 1BAG,HAN,BMV,DAD,Domestic,VJ,,
2026-02-01|VJ432/VJ7712|A662|UIH-HAN-PKX|20:05,2026-02-01,VJ432/VJ7712,A662,A320,UIH-HAN-PKX,19:10,20:05,19:10,20:05,19:20,19:59,20:00,20:08,00:55,00:40,EARLY,ONTIME,ONTIME,ONTIME,,,,,,,,,HAN,UIH,PKX,International,VJ,,
2026-02-01|VJ516/VJ155|A668|DAD-HAN-SGN|20:05,2026-02-01,VJ516/VJ155,A668,A320,DAD-HAN-SGN,19:35,20:05,19:55,20:35,20:10,20:44,20:45,20:52,00:40,00:35,DELAY,ONTIME,DELAY,DELAY,,66,00:10,,,,,CREW HN OB 2021,HAN,DAD,SGN,Domestic,VJ,,
2026-02-01|VJ931/VJ521|A545|KIX-HAN-DAD|20:50,2026-02-01,VJ931/VJ521,A545,A321,KIX-HAN-DAD,19:15,20:50,19:15,20:50,19:10,20:48,20:50,21:03,01:35,01:40,ONTIME,ONTIME,ONTIME,ONTIME,,,,,,,,,HAN,KIX,DAD,Domestic,VJ,,
2026-02-01|VJ928/VJ7238|A658|CGK-HAN-PVG|21:30,2026-02-01,VJ928/VJ7238,A658,A320,CGK-HAN-PVG,18:15,21:30,18:15,21:30,18:20,21:17,21:18,21:25,03:15,02:58,EARLY,ONTIME,ONTIME,ONTIME,,,,,,,,,HAN,CGK,PVG,International,VJ,,
2026-02-01|VJ160/VJ161|A635|SGN-HAN-SGN|21:50,2026-02-01,VJ160/VJ161,A635,A321,SGN-HAN-SGN,21:15,21:50,21:15,22:25,21:40,22:11,22:12,22:17,01:10,00:32,EARLY,ONTIME,DELAY,DELAY,,,,,,,,,HAN,SGN,SGN,Domestic,VJ,,
2026-02-01|VJ914/VJ123|A657|SAI-HAN-SGN|22:10,2026-02-01,VJ914/VJ123,A657,A321,SAI-HAN-SGN,20:50,22:10,20:50,22:10,20:35,22:14,22:15,22:19,01:20,01:40,DELAY,ONTIME,ONTIME,ONTIME,,95,00:05,,,,,WAIT PU VJ166 OB 2150,HAN,SAI,SGN,Domestic,VJ,,
2026-02-01|VJ494/VJ523|A632|BMV-HAN-DAD|22:45,2026-02-01,VJ494/VJ523,A632,A321,BMV-HAN-DAD,22:25,22:45,22:25,22:45,22:30,22:54,22:55,23:00,00:20,00:25,DELAY,ONTIME,ONTIME,ONTIME,,93,00:10,,,,,,HAN,BMV,DAD,Domestic,VJ,,
2026-02-01|VJ904/VJ962|A575|BKK-HAN-ICN|22:50,2026-02-01,VJ904/VJ962,A575,A321,BKK-HAN-ICN,20:25,22:50,20:25,22:50,21:25,22:54,22:55,23:05,02:25,01:30,DELAY,ONTIME,ONTIME,DELAY,,99,00:05,,,,,LATE ACCEPT 6 PAX + 8 BAGS,HAN,BKK,ICN,International,VJ,,
2026-02-01|VJ935/VJ187|A646|NRT-HAN-SGN|22:50,2026-02-01,VJ935/VJ187,A646,A321,NRT-HAN-SGN,20:55,22:50,20:55,22:50,20:55,22:49,22:50,22:57,01:55,01:55,ONTIME,ONTIME,ONTIME,ONTIME,,,,,,,,,HAN,NRT,SGN,Domestic,VJ,,
2026-02-01|VJ464/VJ7526|A637|VCA-HAN-CAN|23:40,2026-02-01,VJ464/VJ7526,A637,A321,VCA-HAN-CAN,22:20,23:40,22:20,23:40,22:35,23:39,23:40,23:45,01:20,01:05,ONTIME,ONTIME,ONTIME,ONTIME,,,,,,,,,HAN,VCA,CAN,International,VJ,,
2026-02-01|VJ171|A811|SGN-HAN-SGN|23:45,2026-02-01,VJ171,A811,A321,SGN-HAN-SGN,,23:45,,23:45,,00:29,00:30,00:35,,,DELAY,DELAY,DELAY,,,95,00:45,,,,,CREW VJ180 OB 0005+,HAN,SGN,SGN,Domestic,VJ,,
2026-02-02|VJ932|A814|HAN-NRT|00:55,2026-02-02,VJ932,A814,A330,HAN-NRT,,00:55,,00:55,,01:04,01:05,01:09,,,DELAY,ONTIME,ONTIME,,,95,00:10,,,,,WAIT CAPT VJ180 OB 0025,HAN,,NRT,International,VJ,,
2026-02-02|VJ982|A640|HAN-PUS|01:00,2026-02-02,VJ982,A640,A321,HAN-PUS,,01:00,,01:00,,00:49,00:50,00:52,,,EARLY,ONTIME,ONTIME,,,,,,,,,,HAN,,PUS,International,VJ,,
2026-02-02|VJ920|A547|HAN-NGO|01:35,2026-02-02,VJ920,A547,A321,HAN-NGO,,01:35,,01:35,,01:19,01:20,01:25,,,EARLY,ONTIME,ONTIME,,,,,,,,,,HAN,,NGO,International,VJ,,
2026-02-02|VJ938|A536|HAN-KIX|01:40,2026-02-02,VJ938,A536,A321,HAN-KIX,,01:40,,01:40,,01:26,01:27,01:30,,,EARLY,ONTIME,ONTIME,,,,,,,,,,HAN,,KIX,International,VJ,,
2026-02-02|VJ960|A528|HAN-ICN|01:45,2026-02-02,VJ960,A528,A321,HAN-ICN,,01:45,,01:45,,01:32,01:33,01:38,,,EARLY,ONTIME,ONTIME,,,,,,,,,,HAN,,ICN,International,VJ,,
2026-02-02|VJ7614/VJ7614|A539|CXR-HAN-BQS|02:10,2026-02-02,VJ7614/VJ7614,A539,A321,CXR-HAN-BQS,01:40,02:10,01:40,02:10,02:29,02:58,02:59,03:04,00:30,00:30,DELAY,DELAY,DELAY,DELAY,,93,00:49,,,,,,HAN,CXR,BQS,International,VJ,,
2026-02-02|VJ179|A699|HAN-SGN|05:00,2026-02-02,VJ179,A699,A320,HAN-SGN,,05:00,,05:00,,04:54,04:55,04:56,,,EARLY,ONTIME,ONTIME,,,,,,,,,,HAN,,SGN,Domestic,VJ,,
2026-02-02|VJ185|A500|HAN-SGN|05:10,2026-02-02,VJ185,A500,A321,HAN-SGN,,05:10,,05:10,,04:59,05:00,05:05,,,EARLY,ONTIME,ONTIME,,,,,,,,,,HAN,,SGN,Domestic,VJ,,
2026-02-02|VJ7713/VJ461|A662|PKX-HAN-VCA|05:30,2026-02-02,VJ7713/VJ461,A662,A320,PKX-HAN-VCA,04:10,05:30,04:10,05:30,04:25,05:24,05:25,05:32,01:20,01:00,EARLY,ONTIME,ONTIME,ONTIME,,,,,,,,,HAN,PKX,VCA,Domestic,VJ,,
2026-02-02|VJ401|A676|HAN-DLI|05:50,2026-02-02,VJ401,A676,A320,HAN-DLI,,05:50,,05:50,,05:44,05:45,05:48,,,EARLY,ONTIME,ONTIME,,,,,,,,,,HAN,,DLI,Domestic,VJ,,
2026-02-02|VJ503|A525|HAN-DAD|06:00,2026-02-02,VJ503,A525,A321,HAN-DAD,,06:00,,06:00,,05:54,05:55,06:05,,,EARLY,ONTIME,ONTIME,,,,,,,,,,HAN,,DAD,Domestic,VJ,,
2026-02-02|VJ491|A641|HAN-BMV|06:00,2026-02-02,VJ491,A641,A321,HAN-BMV,,06:00,,06:00,,05:49,05:50,05:59,,,EARLY,ONTIME,ONTIME,,,,,,,,,,HAN,,BMV,Domestic,VJ,,
2026-02-02|VJ7527/VJ443|A637|CAN-HAN-PQC|06:00,2026-02-02,VJ7527/VJ443,A637,A321,CAN-HAN-PQC,04:35,06:00,04:35,06:00,04:50,05:54,05:55,05:57,01:25,01:05,EARLY,ONTIME,ONTIME,ONTIME,,,,,,,,,HAN,CAN,PQC,Domestic,VJ,,
2026-02-02|VJ421|A673|HAN-PXU|06:05,2026-02-02,VJ421,A673,A321,HAN-PXU,,06:05,,06:05,,05:59,06:00,06:06,,,EARLY,ONTIME,ONTIME,,,,,,,,,,HAN,,PXU,Domestic,VJ,,
2026-02-02|VJ181|A820|HAN-SGN|06:40,2026-02-02,VJ181,A820,A321,HAN-SGN,,06:40,,06:40,,06:34,06:35,06:39,,,EARLY,ONTIME,ONTIME,,,,,,,,,,HAN,,SGN,Domestic,VJ,,
2026-02-02|VJ105|652G|HAN-VCS|06:45,2026-02-02,VJ105,652G,C909,HAN-VCS,,06:45,,06:45,,06:34,06:35,06:38,,,EARLY,ONTIME,ONTIME,,,,,,,,,,HAN,,VCS,Domestic,VJ,,
2026-02-02|VJ905|A698|HAN-KUL|07:10,2026-02-02,VJ905,A698,A321,HAN-KUL,,07:10,,07:10,,07:04,07:05,07:15,,,EARLY,ONTIME,ONTIME,,,,,,,,,,HAN,,KUL,International,VJ,,
2026-02-02|VJ7239/VJ956|A658|PVG-HAN-PUS|07:30,2026-02-02,VJ7239/VJ956,A658,A320,PVG-HAN-PUS,05:15,07:30,05:15,07:30,05:20,07:24,07:25,07:32,02:15,02:05,EARLY,ONTIME,ONTIME,ONTIME,,,,,,,,,HAN,PVG,PUS,International,VJ,,
2026-02-02|VJ502/VJ771|A642|DAD-HAN-CXR|07:35,2026-02-02,VJ502/VJ771,A642,A321,DAD-HAN-CXR,07:05,07:35,07:05,07:35,07:05,07:29,07:30,07:35,00:30,00:25,EARLY,ONTIME,ONTIME,ONTIME,,,,,,,,,HAN,DAD,CXR,Domestic,VJ,,
2026-02-02|VJ940|A629|HAN-TPE|07:35,2026-02-02,VJ940,A629,A321,HAN-TPE,,07:35,,07:35,,07:29,07:30,07:38,,,EARLY,ONTIME,ONTIME,,,,,,,,,,HAN,,TPE,International,VJ,,
2026-02-02|VJ107|656E|HAN-VCS|08:15,2026-02-02,VJ107,656E,C909,HAN-VCS,,08:15,,08:15,,08:04,08:05,08:07,,,EARLY,ONTIME,ONTIME,,,,,,,,,,HAN,,VCS,Domestic,VJ,,
2026-02-02|VJ934|A550|HAN-NRT|08:20,2026-02-02,VJ934,A550,A321,HAN-NRT,,08:20,,08:20,,08:19,08:20,08:26,,,ONTIME,ONTIME,ONTIME,,,,,,,,,,HAN,,NRT,International,VJ,,
2026-02-02|VJ930|A516|HAN-KIX|08:20,2026-02-02,VJ930,A516,A321,HAN-KIX,,08:20,,08:20,,08:16,08:17,08:22,,,EARLY,ONTIME,ONTIME,,,,,,,,,,HAN,,KIX,International,VJ,,
2026-02-02|VJ124/VJ125|A811|SGN-HAN-SGN|08:40,2026-02-02,VJ124/VJ125,A811,A330,SGN-HAN-SGN,07:50,08:40,07:50,08:40,07:45,08:34,08:35,08:36,00:50,00:50,EARLY,ONTIME,ONTIME,ONTIME,,,,,,,,,HAN,SGN,SGN,Domestic,VJ,,
2026-02-02|VJ929|A666|HAN-CGK|08:40,2026-02-02,VJ929,A666,A320,HAN-CGK,,08:40,,08:40,,08:32,08:34,08:37,,,EARLY,ONTIME,ONTIME,,,,,,,,,,HAN,,CGK,International,VJ,,
2026-02-02|VJ126/VJ127|A657|SGN-HAN-SGN|08:55,2026-02-02,VJ126/VJ127,A657,A321,SGN-HAN-SGN,08:25,08:55,08:25,08:55,08:20,08:54,08:55,09:00,00:30,00:35,ONTIME,ONTIME,ONTIME,ONTIME,,,,,,,,,HAN,SGN,SGN,Domestic,VJ,,
2026-02-02|VJ524/VJ527|A649|DAD-HAN-DAD|09:30,2026-02-02,VJ524/VJ527,A649,A321,DAD-HAN-DAD,07:40,09:30,07:40,09:30,07:35,09:18,09:20,09:34,01:50,01:45,EARLY,ONTIME,ONTIME,ONTIME,,,,,,,,,HAN,DAD,DAD,Domestic,VJ,,
2026-02-02|VJ504/VJ997|A525|DAD-HAN-DPS|10:00,2026-02-02,VJ504/VJ997,A525,A321,DAD-HAN-DPS,09:00,10:00,09:00,10:00,09:40,10:24,10:25,10:28,01:00,00:45,DELAY,DELAY,DELAY,DELAY,,66,00:10,,,,,CREW HN OB 09:55,HAN,DAD,DPS,International,VJ,,
2026-02-02|VJ148/VJ149|-NVG|SGN-HAN-SGN|10:05,2026-02-02,VJ148/VJ149,-NVG,A320,SGN-HAN-SGN,09:30,10:05,09:30,10:05,09:35,10:02,10:03,10:07,00:35,00:28,EARLY,ONTIME,ONTIME,ONTIME,,,,,,,,,HAN,SGN,SGN,Domestic,VJ,,
2026-02-02|VJ422/VJ567|A673|PXU-HAN-HUI|10:10,2026-02-02,VJ422/VJ567,A673,A321,PXU-HAN-HUI,09:40,10:10,09:40,10:10,09:40,10:07,10:08,10:12,00:30,00:28,EARLY,ONTIME,ONTIME,ONTIME,,,,,,,,,HAN,PXU,HUI,Domestic,VJ,,
2026-02-02|VJ492/VJ507|A641|BMV-HAN-DAD|10:30,2026-02-02,VJ492/VJ507,A641,A321,BMV-HAN-DAD,10:00,10:30,10:00,10:30,10:00,10:34,10:35,10:42,00:30,00:35,DELAY,ONTIME,ONTIME,ONTIME,,66,00:05,,,,,CREW HN OB 10:10,HAN,BMV,DAD,Domestic,VJ,,
2026-02-02|VJ915|A647|HAN-SIN|10:30,2026-02-02,VJ915,A647,A321,HAN-SIN,,10:30,,10:30,,10:25,10:26,10:28,,,EARLY,ONTIME,ONTIME,,,,,,,,,,HAN,,SIN,International,VJ,,
2026-02-02|VJ1926/VJ775|A663|AMD-HAN-CXR|10:40,2026-02-02,VJ1926/VJ775,A663,A320,AMD-HAN-CXR,06:20,10:40,06:20,10:40,10:05,10:33,10:35,10:40,04:20,00:30,EARLY,ONTIME,ONTIME,DELAY,,,,,,,,,HAN,AMD,CXR,Domestic,VJ,,
2026-02-02|VJ184/VJ129|A810|SGN-HAN-SGN|11:25,2026-02-02,VJ184/VJ129,A810,A330,SGN-HAN-SGN,10:25,11:25,10:25,11:25,10:30,11:18,11:20,11:28,01:00,00:50,EARLY,ONTIME,ONTIME,ONTIME,,,,,,,,,HAN,SGN,SGN,Domestic,VJ,,
2026-02-02|VJ402/VJ137|A676|DLI-HAN-SGN|11:40,2026-02-02,VJ402/VJ137,A676,A320,DLI-HAN-SGN,10:10,11:40,10:10,11:40,08:35,11:36,11:37,11:43,01:30,03:02,EARLY,ONTIME,ONTIME,ONTIME,,,,,,,,,HAN,DLI,SGN,Domestic,VJ,,
2026-02-02|VJ772/VJ133|A815|CXR-HAN-SGN|11:40,2026-02-02,VJ772/VJ133,A815,A330,CXR-HAN-SGN,10:40,11:40,10:40,11:40,10:45,11:27,11:30,11:40,01:00,00:45,EARLY,ONTIME,ONTIME,ONTIME,,,,,,,,,HAN,CXR,SGN,Domestic,VJ,,
2026-02-02|VJ442/VJ407|A637|PQC-HAN-DLI|11:45,2026-02-02,VJ442/VJ407,A637,A321,PQC-HAN-DLI,10:45,11:45,10:45,11:45,11:10,11:44,11:45,11:52,01:00,00:35,ONTIME,ONTIME,ONTIME,DELAY,,,,,,,,,HAN,PQC,DLI,Domestic,VJ,,
2026-02-02|VJ946|A633|HAN-KHH|12:00,2026-02-02,VJ946,A633,A321,HAN-KHH,,12:00,,12:00,,11:59,12:00,12:09,,,ONTIME,ONTIME,ONTIME,,,,,,,,,,HAN,,KHH,International,VJ,,
2026-02-02|VJ136/VJ135|A651|SGN-HAN-SGN|12:05,2026-02-02,VJ136/VJ135,A651,A321,SGN-HAN-SGN,11:35,12:05,11:35,12:05,11:50,12:18,12:19,12:20,00:30,00:29,DELAY,ONTIME,ONTIME,ONTIME,,93,00:14,,,,,,HAN,SGN,SGN,Domestic,VJ,,
2026-02-02|VJ963/VJ901|A575|ICN-HAN-BKK|12:15,2026-02-02,VJ963/VJ901,A575,A321,ICN-HAN-BKK,09:30,12:15,09:30,12:15,09:50,12:09,12:10,12:13,02:45,02:20,EARLY,ONTIME,ONTIME,DELAY,,,,,,,,,HAN,ICN,BKK,International,VJ,,
2026-02-02|VJ20/VJ441|A687|VTE-HAN-PQC|12:25,2026-02-02,VJ20/VJ441,A687,A321,VTE-HAN-PQC,11:45,12:25,09:10,12:25,11:00,12:18,12:20,12:25,03:15,01:20,EARLY,ONTIME,ONTIME,ONTIME,,,,,,,,,HAN,VTE,PQC,Domestic,VJ,,
2026-02-02|VJ981/VJ948|A640|PUS-HAN-RMQ|13:30,2026-02-02,VJ981/VJ948,A640,A321,PUS-HAN-RMQ,11:00,13:30,11:00,13:30,10:55,13:16,13:18,14:22,02:30,02:23,EARLY,ONTIME,DELAY,ONTIME,,,,,,,,,HAN,PUS,RMQ,International,VJ,,
2026-02-02|VJ528/VJ513|A649|DAD-HAN-DAD|13:35,2026-02-02,VJ528/VJ513,A649,A321,DAD-HAN-DAD,12:40,13:35,12:40,13:35,12:55,13:32,13:34,14:05,00:55,00:39,EARLY,ONTIME,DELAY,ONTIME,,,,,,,,,HAN,DAD,DAD,Domestic,VJ,,
2026-02-02|VJ128/VJ143|A812|SGN-HAN-SGN|13:40,2026-02-02,VJ128/VJ143,A812,A330,SGN-HAN-SGN,12:10,13:40,12:10,13:40,12:50,13:29,13:30,13:45,01:30,00:40,EARLY,ONTIME,ONTIME,DELAY,,,,,,,,,HAN,SGN,SGN,Domestic,VJ,,
2026-02-02|VJ508/VJ511|A641|DAD-HAN-DAD|14:20,2026-02-02,VJ508/VJ511,A641,A321,DAD-HAN-DAD,13:40,14:20,13:40,15:00,14:25,14:57,14:58,15:00,01:20,00:33,EARLY,ONTIME,DELAY,DELAY,,,,,,,,,HAN,DAD,DAD,Domestic,VJ,,
2026-02-02|VJ939/VJ942|A536|KIX-HAN-TPE|14:25,2026-02-02,VJ939/VJ942,A536,A321,KIX-HAN-TPE,13:05,14:25,13:05,14:25,13:05,14:19,14:20,14:22,01:20,01:15,EARLY,ONTIME,ONTIME,ONTIME,,,,,,,,,HAN,KIX,TPE,International,VJ,,
2026-02-02|VJ770/VJ1491|A642|CXR-HAN-BMV|14:35,2026-02-02,VJ770/VJ1491,A642,A321,CXR-HAN-BMV,09:00,14:35,11:45,14:35,12:00,14:34,14:35,14:40,02:50,02:35,ONTIME,ONTIME,ONTIME,DELAY,,,,,,,,,HAN,CXR,BMV,Domestic,VJ,,
2026-02-02|VJ188/VJ151|-NVE|SGN-HAN-SGN|15:00,2026-02-02,VJ188/VJ151,-NVE,A320,SGN-HAN-SGN,14:25,15:00,14:25,15:40,14:25,14:57,14:58,15:00,01:15,00:33,EARLY,ONTIME,ONTIME,ONTIME,,,,,,,,,HAN,SGN,SGN,Domestic,VJ,,
2026-02-02|VJ7615/VJ7615|A539|BQS-HAN-CXR|15:10,2026-02-02,VJ7615/VJ7615,A539,A321,BQS-HAN-CXR,14:40,15:10,14:40,15:10,15:25,15:49,15:50,16:00,00:30,00:25,DELAY,DELAY,DELAY,DELAY,,93,00:40,,,,,,HAN,BQS,CXR,Domestic,VJ,,
2026-02-02|VJ921/VJ175|A547|NGO-HAN-SGN|15:20,2026-02-02,VJ921/VJ175,A547,A321,NGO-HAN-SGN,13:40,15:20,13:40,15:20,13:35,15:19,15:20,15:22,01:40,01:45,ONTIME,ONTIME,ONTIME,ONTIME,,,,,,,,,HAN,NGO,SGN,Domestic,VJ,,
2026-02-02|VJ774/VJ433|A663|CXR-HAN-UIH|15:25,2026-02-02,VJ774/VJ433,A663,A320,CXR-HAN-UIH,14:50,15:25,14:50,15:25,15:20,15:42,15:43,15:55,00:35,00:23,DELAY,DELAY,DELAY,DELAY,,93,00:18,,,,,,HAN,CXR,UIH,Domestic,VJ,,
2026-02-02|VJ941/VJ1441|A629|TPE-HAN-PQC|15:30,2026-02-02,VJ941/VJ1441,A629,A321,TPE-HAN-PQC,14:10,15:30,14:10,15:30,14:45,15:23,15:25,15:30,01:20,00:40,EARLY,ONTIME,ONTIME,DELAY,,,,,,,,,HAN,TPE,PQC,Domestic,VJ,,
2026-02-02|VJ144/VJ145|A811|SGN-HAN-SGN|15:35,2026-02-02,VJ144/VJ145,A811,A330,SGN-HAN-SGN,14:10,15:35,14:10,15:35,14:28,15:30,15:32,15:47,01:25,01:04,EARLY,ONTIME,ONTIME,DELAY,,,,,,,,,HAN,SGN,SGN,Domestic,VJ,,
2026-02-02|VJ961/VJ903|A528|ICN-HAN-BKK|15:50,2026-02-02,VJ961/VJ903,A528,A321,ICN-HAN-BKK,14:10,15:50,14:10,15:50,14:15,15:49,15:50,16:28,01:40,01:35,ONTIME,ONTIME,DELAY,ONTIME,,,,,,,,LATE AOBT DUE TO ATC,HAN,ICN,BKK,International,VJ,,
2026-02-02|VJ566/VJ191|A673|HUI-HAN-SGN|15:55,2026-02-02,VJ566/VJ191,A673,A321,HUI-HAN-SGN,13:05,15:55,13:05,15:55,13:20,15:54,15:55,16:35,02:50,02:35,ONTIME,ONTIME,DELAY,ONTIME,,,,,,,,LATE AOBT DUE TO ATC,HAN,HUI,SGN,Domestic,VJ,,
2026-02-02|VJ906/VJ199|A698|KUL-HAN-SGN|15:55,2026-02-02,VJ906/VJ199,A698,A321,KUL-HAN-SGN,14:55,15:55,14:55,15:55,14:18,15:49,15:50,16:25,01:00,01:32,EARLY,ONTIME,DELAY,ONTIME,,,,,,,,LATE AOBT DUE TO ATC,HAN,KUL,SGN,Domestic,VJ,,
2026-02-02|VJ933/VJ195|A814|NRT-HAN-SGN|16:00,2026-02-02,VJ933/VJ195,A814,A330,NRT-HAN-SGN,14:00,16:00,14:00,16:00,15:00,15:56,15:57,16:40,02:00,00:57,EARLY,ONTIME,DELAY,DELAY,,,,,,,,LATE AOBT DUE TO ATC,HAN,NRT,SGN,Domestic,VJ,,
2026-02-02|VJ198/VJ913|A534|SGN-HAN-SAI|16:20,2026-02-02,VJ198/VJ913,A534,A321,SGN-HAN-SAI,15:10,16:20,15:10,16:50,16:15,16:59,17:00,17:22,01:40,00:45,DELAY,ONTIME,DELAY,DELAY,,66,00:10,,,,,CHANGE CREW OB 1637,HAN,SGN,SAI,International,VJ,,
2026-02-02|VJ462/VJ515|A662|VCA-HAN-DAD|16:25,2026-02-02,VJ462/VJ515,A662,A320,VCA-HAN-DAD,15:40,16:25,15:40,16:25,15:55,16:24,16:25,16:55,00:45,00:30,ONTIME,ONTIME,DELAY,ONTIME,,,,,,,,LATE AOBT DUE TO ATC,HAN,VCA,DAD,Domestic,VJ,,
2026-02-02|VJ408/VJ409|A637|DLI-HAN-DLI|16:25,2026-02-02,VJ408/VJ409,A637,A321,DLI-HAN-DLI,15:55,16:25,15:55,16:25,16:10,16:38,16:40,16:45,00:30,00:30,DELAY,ONTIME,DELAY,ONTIME,,93,00:15,,,,,,HAN,DLI,DLI,Domestic,VJ,,
2026-02-02|VJ514/VJ423|A649|DAD-HAN-PXU|17:20,2026-02-02,VJ514/VJ423,A649,A321,DAD-HAN-PXU,16:45,17:20,16:45,18:20,17:35,18:16,18:17,18:37,01:35,00:42,EARLY,ONTIME,DELAY,DELAY,,,,,,,,,HAN,DAD,PXU,Domestic,VJ,,
2026-02-02|VJ134/VJ163|-MLI|SGN-HAN-SGN|17:30,2026-02-02,VJ134/VJ163,-MLI,A320,SGN-HAN-SGN,17:00,17:30,17:00,18:00,18:00,18:24,18:25,18:30,01:00,00:25,DELAY,DELAY,DELAY,DELAY,,93,00:25,,,,,,HAN,SGN,SGN,Domestic,VJ,,
2026-02-02|VJ440/VJ445|A656|PQC-HAN-PQC|17:40,2026-02-02,VJ440/VJ445,A656,A320,PQC-HAN-PQC,11:55,17:40,11:55,17:40,11:55,17:31,17:32,17:55,05:45,05:37,EARLY,ONTIME,ONTIME,ONTIME,,,,,,,,,HAN,PQC,PQC,Domestic,VJ,,
2026-02-02|VJ130/VJ131|A810|SGN-HAN-SGN|17:45,2026-02-02,VJ130/VJ131,A810,A330,SGN-HAN-SGN,16:45,17:45,16:45,17:45,16:50,17:39,17:40,18:01,01:00,00:50,EARLY,ONTIME,DELAY,ONTIME,,,,,,,,,HAN,SGN,SGN,Domestic,VJ,,
2026-02-02|VJ446/VJ465|A687|PQC-HAN-VCA|17:50,2026-02-02,VJ446/VJ465,A687,A321,PQC-HAN-VCA,17:10,17:50,17:10,17:50,17:15,17:49,17:50,18:11,00:40,00:35,ONTIME,ONTIME,DELAY,ONTIME,,,,,,,,,HAN,PQC,VCA,Domestic,VJ,,
2026-02-02|VJ512/VJ779|A641|DAD-HAN-CXR|18:00,2026-02-02,VJ512/VJ779,A641,A321,DAD-HAN-CXR,17:30,18:00,17:30,19:30,19:10,19:38,19:40,19:47,02:00,00:30,DELAY,ONTIME,DELAY,DELAY,,93,00:10,,,,,,HAN,DAD,CXR,Domestic,VJ,,
2026-02-02|VJ146/VJ169|A815|SGN-HAN-SGN|18:00,2026-02-02,VJ146/VJ169,A815,A330,SGN-HAN-SGN,17:00,18:00,17:00,18:00,17:10,17:58,18:00,18:15,01:00,00:50,ONTIME,ONTIME,ONTIME,ONTIME,,,,,,,,,HAN,SGN,SGN,Domestic,VJ,,
2026-02-02|VJ902/VJ193|A575|BKK-HAN-SGN|19:05,2026-02-02,VJ902/VJ193,A575,A321,BKK-HAN-SGN,17:00,19:05,17:00,18:35,17:20,18:34,18:35,18:48,01:35,01:15,ONTIME,ONTIME,ONTIME,DELAY,,,,,,,,,HAN,BKK,SGN,Domestic,VJ,,
2026-02-02|VJ916/VJ173|A647|SIN-HAN-SGN|19:05,2026-02-02,VJ916/VJ173,A647,A321,SIN-HAN-SGN,18:20,19:05,18:20,19:05,18:10,18:54,18:55,19:05,00:45,00:45,EARLY,ONTIME,ONTIME,ONTIME,,,,,,,,,HAN,SIN,SGN,Domestic,VJ,,
2026-02-02|VJ132/VJ907|A548|SGN-HAN-BOM|19:15,2026-02-02,VJ132/VJ907,A548,A321,SGN-HAN-BOM,16:40,19:15,16:40,19:45,17:35,19:41,19:42,19:44,03:05,02:07,EARLY,ONTIME,DELAY,DELAY,,,,,,,,,HAN,SGN,BOM,International,VJ,,
2026-02-02|VJ928/VJ1925|A666|CGK-HAN-AMD|19:15,2026-02-02,VJ928/VJ1925,A666,A320,CGK-HAN-AMD,18:15,19:15,18:15,19:15,18:30,19:14,19:15,19:25,01:00,00:45,ONTIME,ONTIME,ONTIME,ONTIME,,,,,,,,,HAN,CGK,AMD,International,VJ,,
2026-02-02|VJ1492/VJ569|A685|BMV-HAN-HUI|19:15,2026-02-02,VJ1492/VJ569,A685,A321,BMV-HAN-HUI,18:35,19:15,18:35,19:15,18:45,19:09,19:10,19:13,00:40,00:25,EARLY,ONTIME,ONTIME,ONTIME,,,,,,,,,HAN,BMV,HUI,Domestic,VJ,,
2026-02-02|VJ152/VJ519|A632|SGN-HAN-DAD|19:45,2026-02-02,VJ152/VJ519,A632,A321,SGN-HAN-DAD,19:15,19:45,19:15,19:45,20:00,20:29,20:30,20:32,00:30,00:30,DELAY,DELAY,DELAY,DELAY,,93,00:45,,,,,,HAN,SGN,DAD,Domestic,VJ,,
2026-02-02|VJ957/VJ7712|A658|PUS-HAN-PKX|20:05,2026-02-02,VJ957/VJ7712,A658,A320,PUS-HAN-PKX,17:25,20:05,17:25,20:05,17:25,20:04,20:05,20:08,02:40,02:40,ONTIME,ONTIME,ONTIME,ONTIME,,,,,,,,,HAN,PUS,PKX,International,VJ,,
2026-02-02|VJ947/VJ521|A633|KHH-HAN-DAD|21:10,2026-02-02,VJ947/VJ521,A633,A321,KHH-HAN-DAD,18:20,21:10,18:20,21:10,18:00,21:07,21:09,21:12,02:50,03:09,EARLY,ONTIME,ONTIME,ONTIME,,,,,,,,,HAN,KHH,DAD,Domestic,VJ,,
2026-02-02|VJ949/VJ7238|A640|RMQ-HAN-PVG|21:30,2026-02-02,VJ949/VJ7238,A640,A321,RMQ-HAN-PVG,19:50,21:30,19:50,21:30,20:15,21:17,21:20,21:30,01:40,01:05,EARLY,ONTIME,ONTIME,DELAY,,,,,,,,,HAN,RMQ,PVG,International,VJ,,
2026-02-02|VJ931/VJ161|A516|KIX-HAN-SGN|21:50,2026-02-02,VJ931/VJ161,A516,A321,KIX-HAN-SGN,19:15,21:50,19:15,21:50,19:15,21:54,21:55,22:01,02:35,02:40,DELAY,ONTIME,ONTIME,ONTIME,,95,00:05,,,,,CREW FROM VJ154 OB 2139,HAN,KIX,SGN,Domestic,VJ,,
2026-02-02|VJ943/VJ962|A536|TPE-HAN-ICN|22:50,2026-02-02,VJ943/VJ962,A536,A321,TPE-HAN-ICN,20:55,22:50,20:55,22:50,22:00,22:49,22:50,23:00,01:55,00:50,ONTIME,ONTIME,ONTIME,DELAY,,,,,,,,,HAN,TPE,ICN,International,VJ,,
2026-02-02|VJ778/VJ523|A670|CXR-HAN-DAD|22:55,2026-02-02,VJ778/VJ523,A670,A321,CXR-HAN-DAD,22:15,22:55,22:15,00:20,00:50,01:14,01:15,01:22,02:05,00:25,DELAY,DELAY,DELAY,DELAY,,93,00:55,,,,,,HAN,CXR,DAD,Domestic,VJ,,
2026-02-02|VJ196/VJ171|A812|SGN-HAN-SGN|23:25,2026-02-02,VJ196/VJ171,A812,A330,SGN-HAN-SGN,21:20,23:25,21:20,23:50,22:45,00:09,00:10,00:15,02:30,01:25,DELAY,DELAY,DELAY,DELAY,,95,00:20,,,,,WAIT CREW POSITIONING FROM VJ520 OB 0007,HAN,SGN,SGN,Domestic,VJ,,
2026-02-02|VJ432/VJ7342|A676|UIH-HAN-XIY|23:35,2026-02-02,VJ432/VJ7342,A676,A320,UIH-HAN-XIY,20:00,23:35,20:00,23:35,20:00,23:34,23:35,23:41,03:35,03:35,ONTIME,ONTIME,ONTIME,ONTIME,,,,,,,,,HAN,UIH,XIY,International,VJ,,
2026-02-02|VJ424/VJ7526|A649|PXU-HAN-CAN|23:40,2026-02-02,VJ424/VJ7526,A649,A321,PXU-HAN-CAN,21:00,23:40,21:00,23:40,22:10,23:39,23:40,23:48,02:40,01:30,ONTIME,ONTIME,ONTIME,DELAY,,,,,,,,,HAN,PXU,CAN,International,VJ,,
2026-02-03|VJ932|A812|HAN-NRT|00:55,2026-02-03,VJ932,A812,A330,HAN-NRT,,00:55,,00:55,,00:52,00:53,01:00,,,EARLY,ONTIME,ONTIME,,,,,,,,,,HAN,,NRT,International,VJ,,
2026-02-03|VJ982|A550|HAN-PUS|01:00,2026-02-03,VJ982,A550,A321,HAN-PUS,,01:00,,01:00,,00:46,00:48,00:50,,,EARLY,ONTIME,ONTIME,,,,,,,,,,HAN,,PUS,International,VJ,,
2026-02-03|VJ920|A525|HAN-NGO|01:35,2026-02-03,VJ920,A525,A321,HAN-NGO,,01:35,,01:35,,01:19,01:20,01:25,,,EARLY,ONTIME,ONTIME,,,,,,,,,,HAN,,NGO,International,VJ,,
2026-02-03|VJ938|A528|HAN-KIX|01:40,2026-02-03,VJ938,A528,A321,HAN-KIX,,01:40,,01:40,,01:35,01:36,01:39,,,EARLY,ONTIME,ONTIME,,,,,,,,,,HAN,,KIX,International,VJ,,
2026-02-03|VJ960|A687|HAN-ICN|01:45,2026-02-03,VJ960,A687,A321,HAN-ICN,,01:45,,01:45,,01:40,01:42,01:44,,,EARLY,ONTIME,ONTIME,,,,,,,,,,HAN,,ICN,International,VJ,,
2026-02-03|VJ958|A647|HAN-FUK|02:05,2026-02-03,VJ958,A647,A321,HAN-FUK,,02:05,,02:05,,01:54,01:55,01:58,,,EARLY,ONTIME,ONTIME,,,,,,,,,,HAN,,FUK,International,VJ,,
2026-02-03|VJ185|A629|HAN-SGN|05:10,2026-02-03,VJ185,A629,A321,HAN-SGN,,05:10,,05:10,,05:04,05:05,05:10,,,EARLY,ONTIME,ONTIME,,,,,,,,,FERRY FLIGHT,HAN,,SGN,Domestic,VJ,,
2026-02-03|VJ461|A639|HAN-VCA|05:30,2026-02-03,VJ461,A639,A321,HAN-VCA,,05:30,,05:30,,05:24,05:25,05:29,,,EARLY,ONTIME,ONTIME,,,,,,,,,,HAN,,VCA,Domestic,VJ,,
2026-02-03|VJ773|A815|HAN-CXR|05:45,2026-02-03,VJ773,A815,A330,HAN-CXR,,05:45,,05:45,,05:32,05:33,05:45,,,EARLY,ONTIME,ONTIME,,,,,,,,,FERRY FLIGHT,HAN,,CXR,Domestic,VJ,,
2026-02-03|VJ401|A663|HAN-DLI|06:00,2026-02-03,VJ401,A663,A320,HAN-DLI,,06:00,,06:00,,05:54,05:55,06:00,,,EARLY,ONTIME,ONTIME,,,,,,,,,,HAN,,DLI,Domestic,VJ,,
2026-02-03|VJ503|A661|HAN-DAD|06:00,2026-02-03,VJ503,A661,A321,HAN-DAD,,06:00,,06:00,,05:48,05:50,05:52,,,EARLY,ONTIME,ONTIME,,,,,,,,,,HAN,,DAD,Domestic,VJ,,
2026-02-03|VJ7713/VJ443|A658|PKX-HAN-PQC|06:00,2026-02-03,VJ7713/VJ443,A658,A320,PKX-HAN-PQC,04:10,06:00,04:10,06:00,04:10,05:48,05:50,05:54,01:50,01:40,EARLY,ONTIME,ONTIME,ONTIME,,,,,,,,,HAN,PKX,PQC,Domestic,VJ,,
2026-02-03|VJ7527/VJ491|A649|CAN-HAN-BMV|06:00,2026-02-03,VJ7527/VJ491,A649,A321,CAN-HAN-BMV,04:35,06:00,04:35,06:00,04:45,05:48,05:50,05:55,01:25,01:05,EARLY,ONTIME,ONTIME,ONTIME,,,,,,,,,HAN,CAN,BMV,Domestic,VJ,,
2026-02-03|VJ421|A642|HAN-PXU|06:05,2026-02-03,VJ421,A642,A321,HAN-PXU,,06:05,,06:05,,05:57,05:58,06:07,,,EARLY,ONTIME,ONTIME,,,,,,,,,,HAN,,PXU,Domestic,VJ,,
2026-02-03|VJ952|A662|HAN-HIJ|06:35,2026-02-03,VJ952,A662,A320,HAN-HIJ,,06:35,,06:35,,06:24,06:25,06:30,,,EARLY,ONTIME,ONTIME,,,,,,,,,,HAN,,HIJ,International,VJ,,
2026-02-03|VJ7239/VJ181|A640|PVG-HAN-SGN|06:40,2026-02-03,VJ7239/VJ181,A640,A321,PVG-HAN-SGN,05:15,06:40,05:15,06:40,04:55,06:34,06:35,06:40,01:25,01:40,EARLY,ONTIME,ONTIME,ONTIME,,,,,,,,,HAN,PVG,SGN,Domestic,VJ,,
2026-02-03|VJ105|652G|HAN-VCS|06:45,2026-02-03,VJ105,652G,C909,HAN-VCS,,06:45,,06:45,,06:29,06:30,06:40,,,EARLY,ONTIME,ONTIME,,,,,,,,,,HAN,,VCS,Domestic,VJ,,
2026-02-03|VJ905|A698|HAN-KUL|07:10,2026-02-03,VJ905,A698,A321,HAN-KUL,,07:10,,07:10,,07:04,07:05,07:12,,,EARLY,ONTIME,ONTIME,,,,,,,,,,HAN,,KUL,International,VJ,,
2026-02-03|VJ7343/VJ956|A676|XIY-HAN-PUS|07:30,2026-02-03,VJ7343/VJ956,A676,A320,XIY-HAN-PUS,06:35,07:30,06:35,07:30,06:30,07:27,07:28,07:31,00:55,00:58,EARLY,ONTIME,ONTIME,ONTIME,,,,,,,,,HAN,XIY,PUS,International,VJ,,
2026-02-03|VJ940|A549|HAN-TPE|07:35,2026-02-03,VJ940,A549,A321,HAN-TPE,,07:35,,07:35,,07:29,07:30,07:35,,,EARLY,ONTIME,ONTIME,,,,,,,,,,HAN,,TPE,International,VJ,,
2026-02-03|VJ502/VJ771|A635|DAD-HAN-CXR|07:40,2026-02-03,VJ502/VJ771,A635,A321,DAD-HAN-CXR,07:05,07:40,07:05,07:40,06:50,07:34,07:35,07:47,00:35,00:45,EARLY,ONTIME,ONTIME,ONTIME,,,,,,,,,HAN,DAD,CXR,Domestic,VJ,,
2026-02-03|VJ107|656E|HAN-VCS|08:15,2026-02-03,VJ107,656E,C909,HAN-VCS,,08:15,,08:15,,08:03,08:04,08:05,,,EARLY,ONTIME,ONTIME,,,,,,,,,,HAN,,VCS,Domestic,VJ,,
2026-02-03|VJ930|A534|HAN-KIX|08:20,2026-02-03,VJ930,A534,A321,HAN-KIX,,08:20,,08:20,,08:07,08:08,08:10,,,EARLY,ONTIME,ONTIME,,,,,,,,,,HAN,,KIX,International,VJ,,
2026-02-03|VJ934|A537|HAN-NRT|08:20,2026-02-03,VJ934,A537,A321,HAN-NRT,,08:20,,08:20,,08:14,08:15,08:25,,,EARLY,ONTIME,ONTIME,,,,,,,,,,HAN,,NRT,International,VJ,,
2026-02-03|VJ124/VJ125|A810|SGN-HAN-SGN|08:40,2026-02-03,VJ124/VJ125,A810,A330,SGN-HAN-SGN,07:50,08:40,07:50,08:40,07:50,08:36,08:38,08:40,00:50,00:48,EARLY,ONTIME,ONTIME,ONTIME,,,,,,,,,HAN,SGN,SGN,Domestic,VJ,,
2026-02-03|VJ1926/VJ929|A666|AMD-HAN-CGK|08:40,2026-02-03,VJ1926/VJ929,A666,A320,AMD-HAN-CGK,06:35,08:40,06:35,08:40,05:50,08:38,08:39,08:40,02:05,02:49,EARLY,ONTIME,ONTIME,ONTIME,,,,,,,,,HAN,AMD,CGK,International,VJ,,
2026-02-03|VJ910/VJ997|A548|HAN-DPS|10:00,2026-02-03,VJ910/VJ997,A548,A321,HAN-DPS,07:10,10:00,07:10,10:00,07:10,09:46,09:47,09:52,02:50,02:37,EARLY,ONTIME,ONTIME,ONTIME,,,,,,,,,HAN,,DPS,International,VJ,,
2026-02-03|VJ148/VJ149|-NVG|SGN-HAN-SGN|10:05,2026-02-03,VJ148/VJ149,-NVG,A320,SGN-HAN-SGN,09:30,10:05,09:30,10:05,09:35,10:04,10:05,10:10,00:35,00:30,ONTIME,ONTIME,ONTIME,ONTIME,,,,,,,,,HAN,SGN,SGN,Domestic,VJ,,
2026-02-03|VJ422/VJ567|A642|PXU-HAN-HUI|10:10,2026-02-03,VJ422/VJ567,A642,A321,PXU-HAN-HUI,09:40,10:10,09:40,10:10,09:50,10:19,10:20,10:24,00:30,00:30,DELAY,ONTIME,ONTIME,ONTIME,,93,00:10,,,,,,HAN,PXU,HUI,Domestic,VJ,,
2026-02-03|VJ524/VJ507|A643|DAD-HAN-DAD|10:30,2026-02-03,VJ524/VJ507,A643,A321,DAD-HAN-DAD,07:40,10:30,07:40,10:30,07:37,10:20,10:21,10:28,02:50,02:44,EARLY,ONTIME,ONTIME,ONTIME,,,,,,,,,HAN,DAD,DAD,Domestic,VJ,,
2026-02-03|VJ402/VJ403|A663|DLI-HAN-DLI|10:50,2026-02-03,VJ402/VJ403,A663,A320,DLI-HAN-DLI,10:20,10:50,10:20,10:50,10:05,10:34,10:35,10:39,00:30,00:30,EARLY,ONTIME,ONTIME,ONTIME,,,,,,,,,HAN,DLI,DLI,Domestic,VJ,,
2026-02-03|VJ135|A644|HAN-SGN|11:10,2026-02-03,VJ135,A644,A321,HAN-SGN,,11:10,,11:10,,11:07,11:08,11:09,,,EARLY,ONTIME,ONTIME,,,,,,,,,,HAN,,SGN,Domestic,VJ,,
2026-02-03|VJ184/VJ129|A817|SGN-HAN-SGN|11:25,2026-02-03,VJ184/VJ129,A817,A330,SGN-HAN-SGN,10:25,11:25,10:25,11:25,10:35,11:24,11:25,11:27,01:00,00:50,ONTIME,ONTIME,ONTIME,ONTIME,,,,,,,,,HAN,SGN,SGN,Domestic,VJ,,
2026-02-03|VJ407|A632|HAN-DLI|11:25,2026-02-03,VJ407,A632,A321,HAN-DLI,,11:25,,11:25,,11:24,11:25,11:26,,,ONTIME,ONTIME,ONTIME,,,,,,,,,,HAN,,DLI,Domestic,VJ,,
2026-02-03|VJ137|A544|HAN-SGN|11:40,2026-02-03,VJ137,A544,A321,HAN-SGN,,11:40,,11:40,,11:39,11:40,11:44,,,ONTIME,ONTIME,ONTIME,,,,,,,,,,HAN,,SGN,Domestic,VJ,,
2026-02-03|VJ136/VJ946|A516|SGN-HAN-KHH|11:45,2026-02-03,VJ136/VJ946,A516,A321,SGN-HAN-KHH,10:40,11:45,10:40,11:45,10:55,11:36,11:37,11:46,01:05,00:42,EARLY,ONTIME,ONTIME,ONTIME,,,,,,,,,HAN,SGN,KHH,International,VJ,,
2026-02-03|VJ492/VJ901|A649|BMV-HAN-BKK|12:15,2026-02-03,VJ492/VJ901,A649,A321,BMV-HAN-BKK,10:00,12:15,10:00,12:15,10:15,12:09,12:10,12:20,02:15,01:55,EARLY,ONTIME,ONTIME,ONTIME,,,,,,,,,HAN,BMV,BKK,International,VJ,,
2026-02-03|VJ442/VJ441|A658|PQC-HAN-PQC|12:25,2026-02-03,VJ442/VJ441,A658,A320,PQC-HAN-PQC,10:45,12:25,10:45,12:25,10:45,12:29,12:30,12:40,01:40,01:45,DELAY,ONTIME,ONTIME,ONTIME,,15A,00:05,,,,,OFFLOAD 2 PAX + 2 BAGS,HAN,PQC,PQC,Domestic,VJ,,
2026-02-03|VJ186/VJ183|A811|SGN-HAN-SGN|12:40,2026-02-03,VJ186/VJ183,A811,A330,SGN-HAN-SGN,11:40,12:40,11:40,12:40,11:50,12:29,12:30,12:45,01:00,00:40,EARLY,ONTIME,ONTIME,ONTIME,,,,,,,,,HAN,SGN,SGN,Domestic,VJ,,
2026-02-03|VJ780/VJ781|A522|CXR-HAN-CXR|13:00,2026-02-03,VJ780/VJ781,A522,A321,CXR-HAN-CXR,12:30,13:00,12:30,13:00,12:45,13:14,13:15,13:27,00:30,00:30,DELAY,ONTIME,DELAY,ONTIME,,93,00:15,,,,,,HAN,CXR,CXR,Domestic,VJ,,
2026-02-03|VJ963/VJ948|A536|ICN-HAN-RMQ|13:30,2026-02-03,VJ963/VJ948,A536,A321,ICN-HAN-RMQ,09:30,13:30,09:30,13:30,09:10,13:14,13:15,13:25,04:00,04:05,EARLY,ONTIME,ONTIME,ONTIME,,,,,,,,,HAN,ICN,RMQ,International,VJ,,
2026-02-03|VJ513|A637|HAN-DAD|13:35,2026-02-03,VJ513,A637,A321,HAN-DAD,,13:35,,13:35,,13:31,13:32,13:34,,,EARLY,ONTIME,ONTIME,,,,,,,,,,HAN,,DAD,Domestic,VJ,,
2026-02-03|VJ128/VJ143|A820|SGN-HAN-SGN|13:40,2026-02-03,VJ128/VJ143,A820,A321,SGN-HAN-SGN,12:10,13:40,12:10,13:40,13:15,13:59,14:00,14:03,01:30,00:45,DELAY,DELAY,DELAY,DELAY,,93,00:20,,,,,,HAN,SGN,SGN,Domestic,VJ,,
2026-02-03|VJ981/VJ915|A550|PUS-HAN-SIN|13:55,2026-02-03,VJ981/VJ915,A550,A321,PUS-HAN-SIN,11:00,13:55,11:00,13:55,11:00,13:48,13:49,13:53,02:55,02:49,EARLY,ONTIME,ONTIME,ONTIME,,,,,,,,,HAN,PUS,SIN,International,VJ,,
2026-02-03|VJ959/VJ511|A647|FUK-HAN-DAD|14:20,2026-02-03,VJ959/VJ511,A647,A321,FUK-HAN-DAD,12:25,14:20,12:25,14:20,12:05,14:49,14:50,14:50,01:55,02:45,DELAY,DELAY,DELAY,ONTIME,,46,00:30,,,,,A/C CHANGE FOR TECHNICAL REASON,HAN,FUK,DAD,Domestic,VJ,,
2026-02-03|VJ939/VJ942|A528|KIX-HAN-TPE|14:25,2026-02-03,VJ939/VJ942,A528,A321,KIX-HAN-TPE,13:05,14:25,13:05,14:25,13:25,14:19,14:20,14:27,01:20,00:55,EARLY,ONTIME,ONTIME,DELAY,,,,,,,,,HAN,KIX,TPE,International,VJ,,
2026-02-03|VJ770/VJ1491|A635|CXR-HAN-BMV|14:35,2026-02-03,VJ770/VJ1491,A635,A321,CXR-HAN-BMV,11:55,14:35,11:55,14:35,12:25,14:34,14:35,14:39,02:40,02:10,ONTIME,ONTIME,ONTIME,DELAY,,,,,,,,,HAN,CXR,BMV,Domestic,VJ,,
2026-02-03|VJ566/VJ153|A642|HUI-HAN-SGN|15:10,2026-02-03,VJ566/VJ153,A642,A321,HUI-HAN-SGN,13:05,15:10,13:05,15:10,13:30,15:07,15:08,15:09,02:05,01:38,EARLY,ONTIME,ONTIME,DELAY,,,,,,,,,HAN,HUI,SGN,Domestic,VJ,,
2026-02-03|VJ440/VJ433|A656|PQC-HAN-UIH|15:25,2026-02-03,VJ440/VJ433,A656,A320,PQC-HAN-UIH,12:30,15:25,12:30,15:25,12:35,15:24,15:25,15:33,02:55,02:50,ONTIME,ONTIME,ONTIME,ONTIME,,,,,,,,,HAN,PQC,UIH,Domestic,VJ,,
2026-02-03|VJ961/VJ1441|A687|ICN-HAN-PQC|15:30,2026-02-03,VJ961/VJ1441,A687,A321,ICN-HAN-PQC,14:10,15:30,14:10,15:30,14:25,15:26,15:27,15:29,01:20,01:02,EARLY,ONTIME,ONTIME,ONTIME,,,,,,,,,HAN,ICN,PQC,Domestic,VJ,,
2026-02-03|VJ144/VJ145|A810|SGN-HAN-SGN|15:35,2026-02-03,VJ144/VJ145,A810,A330,SGN-HAN-SGN,14:10,15:35,14:10,15:35,14:35,15:24,15:25,15:35,01:25,00:50,EARLY,ONTIME,ONTIME,DELAY,,,,,,,,,HAN,SGN,SGN,Domestic,VJ,,
2026-02-03|VJ138/VJ199|A629|SGN-HAN-SGN|15:35,2026-02-03,VJ138/VJ199,A629,A321,SGN-HAN-SGN,14:40,15:35,14:40,15:35,14:05,15:34,15:35,15:39,00:55,01:30,ONTIME,ONTIME,ONTIME,ONTIME,,,,,,,,FERRY FLIGHT,HAN,SGN,SGN,Domestic,VJ,,
2026-02-03|VJ906/VJ903|A698|KUL-HAN-BKK|15:50,2026-02-03,VJ906/VJ903,A698,A321,KUL-HAN-BKK,14:55,15:50,14:55,15:50,14:45,15:34,15:35,15:54,00:55,00:50,EARLY,ONTIME,ONTIME,ONTIME,,,,,,,,,HAN,KUL,BKK,International,VJ,,
2026-02-03|VJ921/VJ423|A525|NGO-HAN-PXU|15:55,2026-02-03,VJ921/VJ423,A525,A321,NGO-HAN-PXU,13:40,15:55,13:40,15:55,13:15,15:54,15:55,15:56,02:15,02:40,ONTIME,ONTIME,ONTIME,ONTIME,,,,,,,,,HAN,NGO,PXU,Domestic,VJ,,
2026-02-03|VJ933/VJ195|A812|NRT-HAN-SGN|16:00,2026-02-03,VJ933/VJ195,A812,A330,NRT-HAN-SGN,14:00,16:00,14:00,16:00,14:15,15:59,16:00,16:10,02:00,01:45,ONTIME,ONTIME,ONTIME,ONTIME,,,,,,,,,HAN,NRT,SGN,Domestic,VJ,,
2026-02-03|VJ408/VJ409|A632|DLI-HAN-DLI|16:05,2026-02-03,VJ408/VJ409,A632,A321,DLI-HAN-DLI,15:35,16:05,15:35,16:05,15:40,16:04,16:05,16:25,00:30,00:25,ONTIME,ONTIME,DELAY,ONTIME,,,,,,,,,HAN,DLI,DLI,Domestic,VJ,,
2026-02-03|VJ404/VJ913|A663|DLI-HAN-SAI|16:20,2026-02-03,VJ404/VJ913,A663,A320,DLI-HAN-SAI,15:00,16:20,15:00,16:20,15:02,15:58,15:59,16:26,01:20,00:57,EARLY,ONTIME,ONTIME,ONTIME,,,,,,,,,HAN,DLI,SAI,International,VJ,,
2026-02-03|VJ462/VJ515|A639|VCA-HAN-DAD|16:25,2026-02-03,VJ462/VJ515,A639,A321,VCA-HAN-DAD,15:40,16:25,15:40,16:25,16:05,16:38,16:39,16:44,00:45,00:34,DELAY,ONTIME,DELAY,DELAY,,93,00:14,,,,,,HAN,VCA,DAD,Domestic,VJ,,
2026-02-03|VJ198/VJ191|A661|SGN-HAN-SGN|16:40,2026-02-03,VJ198/VJ191,A661,A321,SGN-HAN-SGN,16:05,16:40,16:05,16:40,16:15,16:39,16:40,16:50,00:35,00:25,ONTIME,ONTIME,ONTIME,ONTIME,,,,,,,,FERRY FLIGHT,HAN,SGN,SGN,Domestic,VJ,,
2026-02-03|VJ906/VJ147|A549|KUL-HAN-SGN|17:10,2026-02-03,VJ906/VJ147,A549,A321,KUL-HAN-SGN,14:55,17:10,14:55,17:10,14:50,17:07,17:08,17:10,02:15,02:18,EARLY,ONTIME,ONTIME,ONTIME,,,,,,,,FERRY FLIGHT,HAN,KUL,SGN,Domestic,VJ,,
2026-02-03|VJ514/VJ465|A637|DAD-HAN-VCA|17:25,2026-02-03,VJ514/VJ465,A637,A321,DAD-HAN-VCA,16:45,17:25,16:45,17:25,17:05,17:34,17:35,17:40,00:40,00:30,DELAY,ONTIME,ONTIME,DELAY,,93,00:10,,,,,,HAN,DAD,VCA,Domestic,VJ,,
2026-02-03|VJ134/VJ163|-MLI|SGN-HAN-SGN|17:30,2026-02-03,VJ134/VJ163,-MLI,A320,SGN-HAN-SGN,17:00,17:30,17:00,17:30,17:50,18:14,18:15,18:24,00:30,00:25,DELAY,DELAY,DELAY,DELAY,,93,00:45,,,,,,HAN,SGN,SGN,Domestic,VJ,,
2026-02-03|VJ953/VJ445|A662|HIJ-HAN-PQC|17:40,2026-02-03,VJ953/VJ445,A662,A320,HIJ-HAN-PQC,16:20,17:40,16:20,17:40,17:10,17:39,17:40,17:45,01:20,00:30,ONTIME,ONTIME,ONTIME,DELAY,,,,,,,,,HAN,HIJ,PQC,Domestic,VJ,,
2026-02-03|VJ784/VJ783|A522|CXR-HAN-CXR|17:40,2026-02-03,VJ784/VJ783,A522,A321,CXR-HAN-CXR,17:10,17:40,17:45,18:20,17:55,18:18,18:20,18:30,00:35,00:25,ONTIME,ONTIME,DELAY,DELAY,,,,,,,,FERRY FLIGHT,HAN,CXR,CXR,Domestic,VJ,,
2026-02-03|VJ512/VJ779|A657|DAD-HAN-CXR|18:00,2026-02-03,VJ512/VJ779,A657,A321,DAD-HAN-CXR,17:30,18:00,17:30,18:00,17:48,18:14,18:15,18:24,00:30,00:27,DELAY,ONTIME,DELAY,DELAY,,93,00:15,,,,,,HAN,DAD,CXR,Domestic,VJ,,
2026-02-03|VJ446/VJ493|A658|PQC-HAN-BMV|18:25,2026-02-03,VJ446/VJ493,A658,A320,PQC-HAN-BMV,17:10,18:25,17:10,18:25,17:42,18:24,18:25,18:33,01:15,00:43,ONTIME,ONTIME,ONTIME,DELAY,,,,,,,,,HAN,PQC,BMV,Domestic,VJ,,
2026-02-03|VJ957/VJ1925|A676|PUS-HAN-AMD|19:00,2026-02-03,VJ957/VJ1925,A676,A320,PUS-HAN-AMD,17:20,19:00,17:20,19:00,17:01,18:54,18:55,19:00,01:40,01:54,EARLY,ONTIME,ONTIME,ONTIME,,,,,,,,,HAN,PUS,AMD,International,VJ,,
2026-02-03|VJ130/VJ189|A817|SGN-HAN-SGN|19:00,2026-02-03,VJ130/VJ189,A817,A330,SGN-HAN-SGN,16:45,19:00,16:45,19:00,16:40,19:39,19:40,19:50,02:15,03:00,DELAY,DELAY,DELAY,ONTIME,,95,00:40,,,,,WAIT CREW VJ192 OB 1914,HAN,SGN,SGN,Domestic,VJ,,
2026-02-03|VJ192/VJ971|A811|SGN-HAN-DEL|19:10,2026-02-03,VJ192/VJ971,A811,A330,SGN-HAN-DEL,18:00,19:10,18:00,19:50,18:50,19:44,19:45,19:55,01:50,00:55,EARLY,ONTIME,DELAY,DELAY,,93,00:25,66,00:10,,,CREW HN OB 1910,HAN,SGN,DEL,International,VJ,,
2026-02-03|VJ928/VJ569|A666|CGK-HAN-HUI|19:15,2026-02-03,VJ928/VJ569,A666,A320,CGK-HAN-HUI,18:15,19:15,18:15,19:15,18:10,19:14,19:15,19:20,01:00,01:05,ONTIME,ONTIME,ONTIME,ONTIME,,,,,,,,,HAN,CGK,HUI,Domestic,VJ,,
2026-02-03|VJ1492/VJ519|A635|BMV-HAN-DAD|19:45,2026-02-03,VJ1492/VJ519,A635,A321,BMV-HAN-DAD,18:35,19:45,18:35,19:45,18:52,19:44,19:45,19:51,01:10,00:53,ONTIME,ONTIME,ONTIME,DELAY,,,,,,,,,HAN,BMV,DAD,Domestic,VJ,,
2026-02-03|VJ172/VJ177|A816|SGN-HAN-SGN|19:55,2026-02-03,VJ172/VJ177,A816,A330,SGN-HAN-SGN,18:55,19:55,18:55,19:55,20:05,20:39,20:40,20:54,01:00,00:35,DELAY,DELAY,DELAY,DELAY,,93,00:45,,,,,,HAN,SGN,SGN,Domestic,VJ,,
2026-02-03|VJ152/VJ155|A672|SGN-HAN-SGN|20:05,2026-02-03,VJ152/VJ155,A672,A320,SGN-HAN-SGN,19:15,20:05,19:15,20:05,19:55,20:19,20:20,20:30,00:50,00:25,DELAY,ONTIME,DELAY,DELAY,,93,00:15,,,,,,HAN,SGN,SGN,Domestic,VJ,,
2026-02-03|VJ432/VJ7712|A656|UIH-HAN-PKX|20:10,2026-02-03,VJ432/VJ7712,A656,A320,UIH-HAN-PKX,19:10,20:10,19:10,20:10,19:22,20:03,20:05,20:08,01:00,00:43,EARLY,ONTIME,ONTIME,ONTIME,,,,,,,,,HAN,UIH,PKX,International,VJ,,
2026-02-03|VJ931/VJ7306|A534|KIX-HAN-TFU|20:55,2026-02-03,VJ931/VJ7306,A534,A321,KIX-HAN-TFU,19:15,20:55,19:15,20:55,19:05,20:46,20:47,20:55,01:40,01:42,EARLY,ONTIME,ONTIME,ONTIME,,,,,,,,,HAN,KIX,TFU,International,VJ,,
2026-02-03|VJ1440/VJ521|A687|PQC-HAN-DAD|21:10,2026-02-03,VJ1440/VJ521,A687,A321,PQC-HAN-DAD,20:10,21:10,20:10,21:10,20:30,21:08,21:10,21:11,01:00,00:40,ONTIME,ONTIME,ONTIME,DELAY,,,,,,,,,HAN,PQC,DAD,Domestic,VJ,,
2026-02-03|VJ947/VJ7238|A516|KHH-HAN-PVG|21:30,2026-02-03,VJ947/VJ7238,A516,A321,KHH-HAN-PVG,18:05,21:30,18:05,21:30,17:52,21:29,21:30,21:34,03:25,03:38,ONTIME,ONTIME,ONTIME,ONTIME,,,,,,,,,HAN,KHH,PVG,International,VJ,,
2026-02-03|VJ410/VJ123|A632|DLI-HAN-SGN|22:10,2026-02-03,VJ410/VJ123,A632,A321,DLI-HAN-SGN,20:15,22:10,20:15,22:40,20:50,22:39,22:40,22:42,02:25,01:50,ONTIME,ONTIME,DELAY,DELAY,,,,,,,,,HAN,DLI,SGN,Domestic,VJ,,
2026-02-03|VJ998/VJ962|A548|DPS-HAN-ICN|22:50,2026-02-03,VJ998/VJ962,A548,A321,DPS-HAN-ICN,20:25,22:50,21:35,22:50,21:00,22:49,22:50,23:03,01:15,01:50,ONTIME,ONTIME,ONTIME,DELAY,,,,,,,,,HAN,DPS,ICN,International,VJ,,
2026-02-03|VJ914/VJ523|A663|SAI-HAN-DAD|22:55,2026-02-03,VJ914/VJ523,A663,A320,SAI-HAN-DAD,20:50,22:55,20:50,22:55,20:36,23:34,23:35,23:40,02:05,02:59,DELAY,DELAY,DELAY,ONTIME,,95,00:40,,,,,WAIT CREW VJ778 OB 2310,HAN,SAI,DAD,Domestic,VJ,,
2026-02-03|VJ196/VJ171|A812|SGN-HAN-SGN|23:25,2026-02-03,VJ196/VJ171,A812,A330,SGN-HAN-SGN,21:20,23:25,21:20,23:25,21:30,23:24,23:25,23:29,02:05,01:55,ONTIME,ONTIME,ONTIME,ONTIME,,,,,,,,,HAN,SGN,SGN,Domestic,VJ,,
2026-02-03|VJ902/VJ7526|A649|BKK-HAN-CAN|23:40,2026-02-03,VJ902/VJ7526,A649,A321,BKK-HAN-CAN,22:20,23:40,17:00,23:40,17:45,23:38,23:40,23:42,06:40,05:55,ONTIME,ONTIME,ONTIME,ONTIME,,,,,,,,,HAN,BKK,CAN,International,VJ,,
2026-02-04|VJ932|A820|HAN-NRT|00:55,2026-02-04,VJ932,A820,A321,HAN-NRT,,00:55,,00:55,,00:51,00:53,00:55,,,EARLY,ONTIME,ONTIME,,,,,,,,,,HAN,,NRT,International,VJ,,
2026-02-04|VJ982|A698|HAN-PUS|01:00,2026-02-04,VJ982,A698,A321,HAN-PUS,,01:00,,01:00,,00:57,00:58,00:59,,,EARLY,ONTIME,ONTIME,,,,,,,,,,HAN,,PUS,International,VJ,,
2026-02-04|VJ7706/VJ7706|A549|CXR-HAN-KHV|01:25,2026-02-04,VJ7706/VJ7706,A549,A321,CXR-HAN-KHV,00:55,01:25,00:55,01:25,00:55,01:19,01:20,01:30,00:30,00:25,EARLY,ONTIME,ONTIME,ONTIME,,,,,,,,,HAN,CXR,KHV,International,VJ,,
2026-02-04|VJ920|A536|HAN-NGO|01:35,2026-02-04,VJ920,A536,A321,HAN-NGO,,01:35,,01:35,,01:15,01:17,01:20,,,EARLY,ONTIME,ONTIME,,,,,,,,,,HAN,,NGO,International,VJ,,
2026-02-04|VJ938|A550|HAN-KIX|01:40,2026-02-04,VJ938,A550,A321,HAN-KIX,,01:40,,01:40,,01:27,01:28,01:35,,,EARLY,ONTIME,ONTIME,,,,,,,,,,HAN,,KIX,International,VJ,,
2026-02-04|VJ960|A537|HAN-ICN|01:45,2026-02-04,VJ960,A537,A321,HAN-ICN,,01:45,,01:45,,01:44,01:45,01:50,,,ONTIME,ONTIME,ONTIME,,,,,,,,,,HAN,,ICN,International,VJ,,
2026-02-04|VJ179|A639|HAN-SGN|05:00,2026-02-04,VJ179,A639,A321,HAN-SGN,,05:00,,05:00,,04:54,04:55,05:05,,,EARLY,ONTIME,ONTIME,,,,,,,,,,HAN,,SGN,Domestic,VJ,,
2026-02-04|VJ185|A689|HAN-SGN|05:10,2026-02-04,VJ185,A689,A320,HAN-SGN,,05:10,,05:10,,04:55,04:56,05:00,,,EARLY,ONTIME,ONTIME,,,,,,,,,FERRY FLIGHT,HAN,,SGN,Domestic,VJ,,
2026-02-04|VJ509|A635|HAN-DAD|05:25,2026-02-04,VJ509,A635,A321,HAN-DAD,,05:25,,05:25,,05:19,05:20,05:22,,,EARLY,ONTIME,ONTIME,,,,,,,,,,HAN,,DAD,Domestic,VJ,,
2026-02-04|VJ461|A666|HAN-VCA|05:30,2026-02-04,VJ461,A666,A320,HAN-VCA,,05:30,,05:30,,05:24,05:25,05:37,,,EARLY,ONTIME,ONTIME,,,,,,,,,,HAN,,VCA,Domestic,VJ,,
2026-02-04|VJ401|A671|HAN-DLI|06:00,2026-02-04,VJ401,A671,A320,HAN-DLI,,06:00,,06:00,,05:46,05:48,06:05,,,EARLY,ONTIME,ONTIME,,,,,,,,,,HAN,,DLI,Domestic,VJ,,
2026-02-04|VJ491|A525|HAN-BMV|06:00,2026-02-04,VJ491,A525,A321,HAN-BMV,,06:00,,06:00,,05:54,05:55,06:02,,,EARLY,ONTIME,ONTIME,,,,,,,,,,HAN,,BMV,Domestic,VJ,,
2026-02-04|VJ443|A637|HAN-PQC|06:00,2026-02-04,VJ443,A637,A321,HAN-PQC,,06:00,,06:00,,05:49,05:50,05:51,,,EARLY,ONTIME,ONTIME,,,,,,,,,,HAN,,PQC,Domestic,VJ,,
2026-02-04|VJ7307/VJ503|A534|TFU-HAN-DAD|06:00,2026-02-04,VJ7307/VJ503,A534,A321,TFU-HAN-DAD,02:15,06:00,02:15,06:00,02:12,05:54,05:55,06:10,03:45,03:43,EARLY,ONTIME,ONTIME,ONTIME,,,,,,,,,HAN,TFU,DAD,Domestic,VJ,,
2026-02-04|VJ7527/VJ421|A649|CAN-HAN-PXU|06:05,2026-02-04,VJ7527/VJ421,A649,A321,CAN-HAN-PXU,04:35,06:05,04:35,06:05,04:25,05:59,06:00,06:06,01:30,01:35,EARLY,ONTIME,ONTIME,ONTIME,,,,,,,,,HAN,CAN,PXU,Domestic,VJ,,
2026-02-04|VJ181|A685|HAN-SGN|06:40,2026-02-04,VJ181,A685,A321,HAN-SGN,,06:40,,06:40,,06:34,06:35,06:39,,,EARLY,ONTIME,ONTIME,,,,,,,,,FERRY FLIGHT,HAN,,SGN,Domestic,VJ,,
2026-02-04|VJ105|652G|HAN-VCS|06:45,2026-02-04,VJ105,652G,C909,HAN-VCS,,06:45,,06:45,,06:39,06:40,06:44,,,EARLY,ONTIME,ONTIME,,,,,,,,,,HAN,,VCS,Domestic,VJ,,
2026-02-04|VJ972/VJ167|A811|DEL-HAN-SGN|06:50,2026-02-04,VJ972/VJ167,A811,A330,DEL-HAN-SGN,05:35,06:50,05:35,06:50,05:55,06:49,06:50,07:00,01:15,00:55,ONTIME,ONTIME,ONTIME,DELAY,,,,,,,,,HAN,DEL,SGN,Domestic,VJ,,
2026-02-04|VJ7239/VJ905|A516|PVG-HAN-KUL|07:10,2026-02-04,VJ7239/VJ905,A516,A321,PVG-HAN-KUL,05:15,07:10,05:15,07:10,05:00,07:04,07:05,07:07,01:55,02:05,EARLY,ONTIME,ONTIME,ONTIME,,,,,,,,,HAN,PVG,KUL,International,VJ,,
2026-02-04|VJ7713/VJ956|A656|PKX-HAN-PUS|07:30,2026-02-04,VJ7713/VJ956,A656,A320,PKX-HAN-PUS,04:15,07:30,04:15,07:30,04:20,07:34,07:35,07:45,03:15,03:15,DELAY,ONTIME,ONTIME,ONTIME,,15A,00:05,,,,,OFFLOAD 01PAX 01PC,HAN,PKX,PUS,International,VJ,,
2026-02-04|VJ940|A629|HAN-TPE|07:35,2026-02-04,VJ940,A629,A321,HAN-TPE,,07:35,,07:35,,07:29,07:30,07:38,,,EARLY,ONTIME,ONTIME,,,,,,,,,,HAN,,TPE,International,VJ,,
2026-02-04|VJ502/VJ771|A684|DAD-HAN-CXR|07:35,2026-02-04,VJ502/VJ771,A684,A321,DAD-HAN-CXR,07:05,07:35,07:05,07:35,06:52,07:29,07:30,07:40,00:30,00:38,EARLY,ONTIME,ONTIME,ONTIME,,,,,,,,,HAN,DAD,CXR,Domestic,VJ,,
2026-02-04|VJ107|656E|HAN-VCS|08:15,2026-02-04,VJ107,656E,C909,HAN-VCS,,08:15,,08:15,,08:05,08:05,08:18,,,EARLY,ONTIME,ONTIME,,,,,,,,,,HAN,,VCS,Domestic,VJ,,
2026-02-04|VJ934|A547|HAN-NRT|08:20,2026-02-04,VJ934,A547,A321,HAN-NRT,,08:20,,08:20,,08:17,08:18,08:20,,,EARLY,ONTIME,ONTIME,,,,,,,,,,HAN,,NRT,International,VJ,,
2026-02-04|VJ930|A528|HAN-KIX|08:20,2026-02-04,VJ930,A528,A321,HAN-KIX,,08:20,,08:20,,08:24,08:25,08:31,,,DELAY,ONTIME,ONTIME,,,15A,00:05,,,,,OFFLOAD 01PAX 02PC,HAN,,KIX,International,VJ,,
2026-02-04|VJ124/VJ125|A816|SGN-HAN-SGN|08:40,2026-02-04,VJ124/VJ125,A816,A330,SGN-HAN-SGN,07:50,08:40,07:50,08:40,08:05,08:38,08:40,08:50,00:50,00:35,ONTIME,ONTIME,ONTIME,ONTIME,,,,,,,,,HAN,SGN,SGN,Domestic,VJ,,
2026-02-04|VJ120/VJ121|A817|SGN-HAN-SGN|08:40,2026-02-04,VJ120/VJ121,A817,A330,SGN-HAN-SGN,07:40,08:40,07:40,08:40,07:50,08:34,08:35,08:39,01:00,00:45,EARLY,ONTIME,ONTIME,ONTIME,,,,,,,,,HAN,SGN,SGN,Domestic,VJ,,
2026-02-04|VJ1926/VJ929|A676|AMD-HAN-CGK|08:40,2026-02-04,VJ1926/VJ929,A676,A320,AMD-HAN-CGK,06:20,08:40,06:20,08:40,05:25,08:38,08:40,08:40,02:20,03:15,ONTIME,ONTIME,ONTIME,ONTIME,,,,,,,,,HAN,AMD,CGK,International,VJ,,
2026-02-04|VJ510/VJ527|A635|DAD-HAN-DAD|09:30,2026-02-04,VJ510/VJ527,A635,A321,DAD-HAN-DAD,08:35,09:30,08:35,09:30,08:40,09:19,09:20,09:22,00:55,00:40,EARLY,ONTIME,ONTIME,ONTIME,,,,,,,,,HAN,DAD,DAD,Domestic,VJ,,
2026-02-04|VJ122/VJ915|A645|SGN-HAN-SIN|09:35,2026-02-04,VJ122/VJ915,A645,A321,SGN-HAN-SIN,07:30,09:35,07:30,09:35,07:30,09:33,09:35,09:40,02:05,02:05,ONTIME,ONTIME,ONTIME,ONTIME,,,,,,,,,HAN,SGN,SIN,International,VJ,,
2026-02-04|VJ504/VJ997|A534|DAD-HAN-DPS|10:00,2026-02-04,VJ504/VJ997,A534,A321,DAD-HAN-DPS,09:00,10:00,09:00,10:30,09:45,10:29,10:30,10:38,01:30,00:45,ONTIME,ONTIME,DELAY,DELAY,,,,,,,,,HAN,DAD,DPS,International,VJ,,
2026-02-04|VJ148/VJ149|-NVG|SGN-HAN-SGN|10:05,2026-02-04,VJ148/VJ149,-NVG,A320,SGN-HAN-SGN,09:30,10:05,09:30,10:05,09:55,10:19,10:20,10:26,00:35,00:25,DELAY,ONTIME,DELAY,DELAY,,93,00:15,,,,,,HAN,SGN,SGN,Domestic,VJ,,
2026-02-04|VJ422/VJ567|A649|PXU-HAN-HUI|10:10,2026-02-04,VJ422/VJ567,A649,A321,PXU-HAN-HUI,09:40,10:10,09:40,10:10,09:50,10:24,10:25,10:32,00:30,00:35,DELAY,ONTIME,DELAY,ONTIME,,93,00:10,66,00:05,,,CREW HN OB 1002,HAN,PXU,HUI,Domestic,VJ,,
2026-02-04|VJ524/VJ507|A674|DAD-HAN-DAD|10:30,2026-02-04,VJ524/VJ507,A674,A321,DAD-HAN-DAD,07:40,10:30,07:40,10:30,07:30,10:17,10:18,10:25,02:50,02:48,EARLY,ONTIME,ONTIME,ONTIME,,,,,,,,,HAN,DAD,DAD,Domestic,VJ,,
2026-02-04|VJ492/VJ775|A525|BMV-HAN-CXR|10:40,2026-02-04,VJ492/VJ775,A525,A321,BMV-HAN-CXR,10:00,10:40,10:00,10:40,10:08,10:44,10:45,10:47,00:40,00:37,DELAY,ONTIME,ONTIME,ONTIME,,66,00:05,,,,,CREW HN OB 1008,HAN,BMV,CXR,Domestic,VJ,,
2026-02-04|VJ402/VJ403|A671|DLI-HAN-DLI|10:45,2026-02-04,VJ402/VJ403,A671,A320,DLI-HAN-DLI,10:10,10:45,10:10,10:45,10:20,10:44,10:45,10:54,00:35,00:25,ONTIME,ONTIME,ONTIME,ONTIME,,,,,,,,,HAN,DLI,DLI,Domestic,VJ,,
2026-02-04|VJ135|A658|HAN-SGN|11:10,2026-02-04,VJ135,A658,A320,HAN-SGN,,11:10,,11:10,,11:07,11:08,11:10,,,EARLY,ONTIME,ONTIME,,,,,,,,,,HAN,,SGN,Domestic,VJ,,
2026-02-04|VJ442/VJ407|A637|PQC-HAN-DLI|11:25,2026-02-04,VJ442/VJ407,A637,A321,PQC-HAN-DLI,10:45,11:25,10:45,11:45,11:15,11:44,11:45,11:46,01:00,00:30,ONTIME,ONTIME,DELAY,DELAY,,,,,,,,,HAN,PQC,DLI,Domestic,VJ,,
2026-02-04|VJ772/VJ133|A815|CXR-HAN-SGN|11:40,2026-02-04,VJ772/VJ133,A815,A330,CXR-HAN-SGN,10:40,11:40,10:40,11:40,10:45,11:39,11:40,11:44,01:00,00:55,ONTIME,ONTIME,ONTIME,ONTIME,,,,,,,,,HAN,CXR,SGN,Domestic,VJ,,
2026-02-04|VJ132/VJ137|A644|SGN-HAN-SGN|11:40,2026-02-04,VJ132/VJ137,A644,A321,SGN-HAN-SGN,11:10,11:40,11:10,12:10,11:45,12:04,12:05,12:07,01:00,00:20,EARLY,ONTIME,DELAY,DELAY,,,,,,,,FERRY FLIGHT,HAN,SGN,SGN,Domestic,VJ,,
2026-02-04|VJ963/VJ946|A548|ICN-HAN-KHH|11:45,2026-02-04,VJ963/VJ946,A548,A321,ICN-HAN-KHH,09:30,11:45,09:30,11:45,09:25,11:24,11:25,11:32,02:15,02:00,EARLY,ONTIME,ONTIME,ONTIME,,,,,,,,,HAN,ICN,KHH,International,VJ,,
2026-02-04|VJ981/VJ901|A698|PUS-HAN-BKK|12:15,2026-02-04,VJ981/VJ901,A698,A321,PUS-HAN-BKK,11:00,12:15,11:00,12:15,11:10,12:12,12:13,12:17,01:15,01:03,EARLY,ONTIME,ONTIME,ONTIME,,,,,,,,,HAN,PUS,BKK,International,VJ,,
2026-02-04|VJ176/VJ441|A672|SGN-HAN-PQC|12:25,2026-02-04,VJ176/VJ441,A672,A320,SGN-HAN-PQC,09:00,12:25,09:00,12:25,09:30,12:24,12:25,12:27,03:25,02:55,ONTIME,ONTIME,ONTIME,DELAY,,,,,,,,,HAN,SGN,PQC,Domestic,VJ,,
2026-02-04|VJ770/VJ948|A693|CXR-HAN-RMQ|13:30,2026-02-04,VJ770/VJ948,A693,A321,CXR-HAN-RMQ,12:00,13:30,12:00,13:30,12:10,13:29,13:30,13:34,01:30,01:20,ONTIME,ONTIME,ONTIME,ONTIME,,,,,,,,,HAN,CXR,RMQ,International,VJ,,
2026-02-04|VJ528/VJ513|A635|DAD-HAN-DAD|13:35,2026-02-04,VJ528/VJ513,A635,A321,DAD-HAN-DAD,12:40,13:35,12:40,13:35,12:45,13:32,13:33,13:35,00:55,00:48,EARLY,ONTIME,ONTIME,ONTIME,,,,,,,,,HAN,DAD,DAD,Domestic,VJ,,
2026-02-04|VJ128/VJ143|A812|SGN-HAN-SGN|13:40,2026-02-04,VJ128/VJ143,A812,A330,SGN-HAN-SGN,12:10,13:40,12:10,13:40,12:40,13:38,13:40,13:41,01:30,01:00,ONTIME,ONTIME,ONTIME,DELAY,,,,,,,,,HAN,SGN,SGN,Domestic,VJ,,
2026-02-04|VJ508/VJ511|A674|DAD-HAN-DAD|14:20,2026-02-04,VJ508/VJ511,A674,A321,DAD-HAN-DAD,13:40,14:20,13:40,14:20,14:00,14:29,14:30,14:38,00:40,00:30,DELAY,ONTIME,DELAY,DELAY,,93,00:10,,,,,,HAN,DAD,DAD,Domestic,VJ,,
2026-02-04|VJ939/VJ942|A550|KIX-HAN-TPE|14:25,2026-02-04,VJ939/VJ942,A550,A321,KIX-HAN-TPE,13:05,14:25,13:05,14:25,13:25,14:21,14:22,14:25,01:20,00:57,EARLY,ONTIME,ONTIME,DELAY,,,,,,,,,HAN,KIX,TPE,International,VJ,,
2026-02-04|VJ566/VJ1491|A649|HUI-HAN-BMV|14:35,2026-02-04,VJ566/VJ1491,A649,A321,HUI-HAN-BMV,13:05,14:35,13:05,14:35,13:45,14:34,14:35,14:36,01:30,00:50,ONTIME,ONTIME,ONTIME,DELAY,,,,,,,,,HAN,HUI,BMV,Domestic,VJ,,
2026-02-04|VJ188/VJ151|-NVE|SGN-HAN-SGN|15:10,2026-02-04,VJ188/VJ151,-NVE,A320,SGN-HAN-SGN,14:35,15:10,14:35,16:05,15:40,16:04,16:05,16:30,01:30,00:25,ONTIME,ONTIME,DELAY,DELAY,,,,,,,,,HAN,SGN,SGN,Domestic,VJ,,
2026-02-04|VJ138/VJ153|A670|SGN-HAN-SGN|15:10,2026-02-04,VJ138/VJ153,A670,A321,SGN-HAN-SGN,14:40,15:10,14:40,15:10,15:10,15:39,15:40,15:48,00:30,00:30,DELAY,DELAY,DELAY,DELAY,,93,00:30,,,,,,HAN,SGN,SGN,Domestic,VJ,,
2026-02-04|VJ7707/VJ7707|A549|KHV-HAN-CXR|15:15,2026-02-04,VJ7707/VJ7707,A549,A321,KHV-HAN-CXR,14:45,15:15,14:45,15:15,15:05,15:29,15:30,15:30,00:30,00:25,DELAY,ONTIME,ONTIME,DELAY,,93,00:15,,,,,,HAN,KHV,CXR,Domestic,VJ,,
2026-02-04|VJ404/VJ433|A671|DLI-HAN-UIH|15:25,2026-02-04,VJ404/VJ433,A671,A320,DLI-HAN-UIH,14:55,15:25,14:55,15:25,15:25,15:45,15:46,15:55,00:30,00:21,DELAY,DELAY,DELAY,DELAY,,93,00:21,,,,,,HAN,DLI,UIH,Domestic,VJ,,
2026-02-04|VJ921/VJ1441|A536|NGO-HAN-PQC|15:30,2026-02-04,VJ921/VJ1441,A536,A321,NGO-HAN-PQC,13:40,15:30,13:40,15:30,13:15,15:19,15:20,15:30,01:50,02:05,EARLY,ONTIME,ONTIME,ONTIME,,,,,,,,,HAN,NGO,PQC,Domestic,VJ,,
2026-02-04|VJ144/VJ145|A816|SGN-HAN-SGN|15:35,2026-02-04,VJ144/VJ145,A816,A330,SGN-HAN-SGN,14:10,15:35,14:10,15:35,15:00,15:34,15:35,15:44,01:25,00:35,ONTIME,ONTIME,ONTIME,DELAY,,,,,,,,,HAN,SGN,SGN,Domestic,VJ,,
2026-02-04|VJ961/VJ199|A537|ICN-HAN-SGN|15:35,2026-02-04,VJ961/VJ199,A537,A321,ICN-HAN-SGN,14:10,15:35,14:10,15:35,14:00,15:19,15:20,15:20,01:25,01:20,EARLY,ONTIME,ONTIME,ONTIME,,,,,,,,FERRY FLIGHT,HAN,ICN,SGN,Domestic,VJ,,
2026-02-04|VJ774/VJ175|A535|CXR-HAN-SGN|15:35,2026-02-04,VJ774/VJ175,A535,A321,CXR-HAN-SGN,15:05,15:35,15:05,15:45,15:25,15:44,15:45,15:59,00:40,00:20,ONTIME,ONTIME,DELAY,DELAY,,,,,,,,FERRY FLIGHT,HAN,CXR,SGN,Domestic,VJ,,
2026-02-04|VJ941/VJ903|A629|TPE-HAN-BKK|15:50,2026-02-04,VJ941/VJ903,A629,A321,TPE-HAN-BKK,14:10,15:50,14:10,15:50,14:55,15:48,15:50,16:05,01:40,00:55,ONTIME,ONTIME,ONTIME,DELAY,,,,,,,,,HAN,TPE,BKK,International,VJ,,
2026-02-04|VJ423|A657|HAN-PXU|15:55,2026-02-04,VJ423,A657,A321,HAN-PXU,,15:55,,15:55,,15:54,15:55,15:58,,,ONTIME,ONTIME,ONTIME,,,,,,,,,,HAN,,PXU,Domestic,VJ,,
2026-02-04|VJ933/VJ195|A820|NRT-HAN-SGN|16:00,2026-02-04,VJ933/VJ195,A820,A321,NRT-HAN-SGN,14:00,16:00,14:00,16:00,13:53,15:59,16:00,16:03,02:00,02:07,ONTIME,ONTIME,ONTIME,ONTIME,,,,,,,,,HAN,NRT,SGN,Domestic,VJ,,
2026-02-04|VJ408/VJ409|A637|DLI-HAN-DLI|16:05,2026-02-04,VJ408/VJ409,A637,A321,DLI-HAN-DLI,15:35,16:05,16:00,16:35,16:00,16:34,16:35,16:55,00:35,00:35,ONTIME,ONTIME,DELAY,DELAY,,,,,,,,,HAN,DLI,DLI,Domestic,VJ,,
2026-02-04|VJ906/VJ913|A516|KUL-HAN-SAI|16:20,2026-02-04,VJ906/VJ913,A516,A321,KUL-HAN-SAI,14:55,16:20,14:55,16:20,14:30,16:13,16:15,16:27,01:25,01:45,EARLY,ONTIME,ONTIME,ONTIME,,,,,,,,,HAN,KUL,SAI,International,VJ,,
2026-02-04|VJ462/VJ515|A666|VCA-HAN-DAD|16:25,2026-02-04,VJ462/VJ515,A666,A320,VCA-HAN-DAD,15:40,16:25,15:40,16:25,15:35,16:22,16:23,16:40,00:45,00:48,EARLY,ONTIME,ONTIME,ONTIME,,,,,,,,,HAN,VCA,DAD,Domestic,VJ,,
2026-02-04|VJ134/VJ163|-MLI|SGN-HAN-SGN|17:20,2026-02-04,VJ134/VJ163,-MLI,A320,SGN-HAN-SGN,16:50,17:20,16:50,17:45,17:40,18:04,18:05,18:08,00:55,00:25,DELAY,DELAY,DELAY,DELAY,,93,00:20,,,,,,HAN,SGN,SGN,Domestic,VJ,,
2026-02-04|VJ514/VJ465|A635|DAD-HAN-VCA|17:25,2026-02-04,VJ514/VJ465,A635,A321,DAD-HAN-VCA,16:45,17:25,16:45,17:25,16:44,17:29,17:30,17:35,00:40,00:46,DELAY,ONTIME,ONTIME,ONTIME,,66,00:05,,,,,CREW HN OB 1705,HAN,DAD,VCA,Domestic,VJ,,
2026-02-04|VJ440/VJ445|A662|PQC-HAN-PQC|17:40,2026-02-04,VJ440/VJ445,A662,A320,PQC-HAN-PQC,11:55,17:40,11:55,17:40,12:20,17:34,17:34,17:43,05:45,05:14,EARLY,ONTIME,ONTIME,DELAY,,,,,,,,,HAN,PQC,PQC,Domestic,VJ,,
2026-02-04|VJ146/VJ169|A815|SGN-HAN-SGN|18:00,2026-02-04,VJ146/VJ169,A815,A330,SGN-HAN-SGN,17:00,18:00,17:00,18:00,17:10,17:54,17:55,17:58,01:00,00:45,EARLY,ONTIME,ONTIME,ONTIME,,,,,,,,,HAN,SGN,SGN,Domestic,VJ,,
2026-02-04|VJ916/VJ779|A645|SIN-HAN-CXR|18:00,2026-02-04,VJ916/VJ779,A645,A321,SIN-HAN-CXR,17:25,18:00,17:25,18:00,17:05,17:57,17:58,18:00,00:35,00:53,EARLY,ONTIME,ONTIME,ONTIME,,,,,,,,,HAN,SIN,CXR,Domestic,VJ,,
2026-02-04|VJ512/VJ193|A674|DAD-HAN-SGN|18:10,2026-02-04,VJ512/VJ193,A674,A321,DAD-HAN-SGN,17:30,18:10,17:30,18:10,18:20,18:49,18:50,19:00,00:40,00:30,DELAY,DELAY,DELAY,DELAY,,93,00:40,,,,,FERRY FLIGHT,HAN,DAD,SGN,Domestic,VJ,,
2026-02-04|VJ957/VJ1925|A656|PUS-HAN-AMD|19:00,2026-02-04,VJ957/VJ1925,A656,A320,PUS-HAN-AMD,17:20,19:00,17:20,19:00,17:20,18:49,18:50,18:52,01:40,01:30,EARLY,ONTIME,ONTIME,ONTIME,,,,,,,,,HAN,PUS,AMD,International,VJ,,
2026-02-04|VJ928/VJ173|A676|CGK-HAN-SGN|19:05,2026-02-04,VJ928/VJ173,A676,A320,CGK-HAN-SGN,18:15,19:05,18:15,19:05,18:15,19:02,19:03,19:05,00:50,00:48,EARLY,ONTIME,ONTIME,ONTIME,,,,,,,,,HAN,CGK,SGN,Domestic,VJ,,
2026-02-04|VJ1492/VJ569|A649|BMV-HAN-HUI|19:15,2026-02-04,VJ1492/VJ569,A649,A321,BMV-HAN-HUI,18:35,19:15,18:35,19:15,18:50,19:14,19:15,19:15,00:40,00:25,ONTIME,ONTIME,ONTIME,ONTIME,,,,,,,,,HAN,BMV,HUI,Domestic,VJ,,
2026-02-04|VJ947/VJ907|A548|KHH-HAN-BOM|19:15,2026-02-04,VJ947/VJ907,A548,A321,KHH-HAN-BOM,18:05,19:15,18:05,19:15,17:55,19:14,19:15,19:17,01:10,01:20,ONTIME,ONTIME,ONTIME,ONTIME,,,,,,,,,HAN,KHH,BOM,International,VJ,,
2026-02-04|VJ446/VJ519|A672|PQC-HAN-DAD|19:45,2026-02-04,VJ446/VJ519,A672,A320,PQC-HAN-DAD,17:10,19:45,17:10,19:45,17:50,19:44,19:45,19:51,02:35,01:55,ONTIME,ONTIME,ONTIME,DELAY,,,,,,,,,HAN,PQC,DAD,Domestic,VJ,,
2026-02-04|VJ432/VJ7712|A671|UIH-HAN-PKX|20:05,2026-02-04,VJ432/VJ7712,A671,A320,UIH-HAN-PKX,19:10,20:05,19:50,20:50,17:39,20:44,20:45,20:47,01:00,03:06,EARLY,ONTIME,DELAY,ONTIME,,,,,,,,,HAN,UIH,PKX,International,VJ,,
2026-02-04|VJ194/VJ7342|A648|SGN-HAN-XIY|20:15,2026-02-04,VJ194/VJ7342,A648,A321,SGN-HAN-XIY,17:30,20:15,17:30,20:15,17:40,20:03,20:05,20:08,02:45,02:25,EARLY,ONTIME,ONTIME,ONTIME,,,,,,,,,HAN,SGN,XIY,International,VJ,,
2026-02-04|VJ198/VJ521|A651|SGN-HAN-DAD|20:50,2026-02-04,VJ198/VJ521,A651,A321,SGN-HAN-DAD,15:15,20:50,15:15,20:50,15:55,20:49,20:50,20:55,05:35,04:55,ONTIME,ONTIME,ONTIME,DELAY,,,,,,,,,HAN,SGN,DAD,Domestic,VJ,,
2026-02-04|VJ516/VJ7238|A666|DAD-HAN-PVG|21:30,2026-02-04,VJ516/VJ7238,A666,A320,DAD-HAN-PVG,19:35,21:30,19:35,21:30,20:10,21:13,21:15,21:20,01:55,01:05,EARLY,ONTIME,ONTIME,DELAY,,,,,,,,,HAN,DAD,PVG,International,VJ,,
2026-02-04|VJ160/VJ161|A632|SGN-HAN-SGN|21:50,2026-02-04,VJ160/VJ161,A632,A321,SGN-HAN-SGN,21:15,21:50,21:30,23:00,22:35,23:04,23:05,23:10,01:30,00:30,DELAY,ONTIME,DELAY,DELAY,,93,00:05,,,,,,HAN,SGN,SGN,Domestic,VJ,,
2026-02-04|VJ943/VJ123|A550|TPE-HAN-SGN|22:10,2026-02-04,VJ943/VJ123,A550,A321,TPE-HAN-SGN,20:55,22:10,20:55,22:10,21:40,22:04,22:05,22:15,01:15,00:25,EARLY,ONTIME,ONTIME,DELAY,,,,,,,,FERRY FLIGHT,HAN,TPE,SGN,Domestic,VJ,,
2026-02-04|VJ152/VJ523|A685|SGN-HAN-DAD|22:45,2026-02-04,VJ152/VJ523,A685,A321,SGN-HAN-DAD,19:15,22:45,20:30,22:45,21:20,22:44,22:45,22:48,02:15,01:25,ONTIME,ONTIME,ONTIME,DELAY,,,,,,,,,HAN,SGN,DAD,Domestic,VJ,,
2026-02-04|VJ935/VJ962|A547|NRT-HAN-ICN|22:50,2026-02-04,VJ935/VJ962,A547,A321,NRT-HAN-ICN,20:55,22:50,20:55,22:50,20:50,22:46,22:47,22:50,01:55,01:57,EARLY,ONTIME,ONTIME,ONTIME,,,,,,,,,HAN,NRT,ICN,International,VJ,,
2026-02-04|VJ180/VJ171|A816|SGN-HAN-SGN|23:25,2026-02-04,VJ180/VJ171,A816,A321,SGN-HAN-SGN,22:25,23:25,22:25,23:25,23:15,00:34,00:35,00:45,01:00,01:20,DELAY,DELAY,DELAY,DELAY,,93,00:35,41,00:35,,,,HAN,SGN,SGN,Domestic,VJ,,
2026-02-04|VJ410/VJ7526|A637|DLI-HAN-CAN|23:40,2026-02-04,VJ410/VJ7526,A637,A321,DLI-HAN-CAN,20:15,23:40,20:50,23:40,21:10,23:39,23:40,23:48,02:50,02:30,ONTIME,ONTIME,ONTIME,DELAY,,,,,,,,,HAN,DLI,CAN,International,VJ,,
2026-02-05|VJ932|A815|HAN-NRT|00:55,2026-02-05,VJ932,A815,A330,HAN-NRT,,00:55,,00:55,,00:54,00:55,00:57,,,ONTIME,ONTIME,ONTIME,,,,,,,,,,HAN,,NRT,International,VJ,,
2026-02-05|VJ982|A535|HAN-PUS|01:00,2026-02-05,VJ982,A535,A321,HAN-PUS,,01:00,,01:00,,00:46,00:47,00:53,,,EARLY,ONTIME,ONTIME,,,,,,,,,,HAN,,PUS,International,VJ,,
2026-02-05|VJ7704/VJ7704|A549|CXR-HAN-VVO|01:00,2026-02-05,VJ7704/VJ7704,A549,A321,CXR-HAN-VVO,00:30,01:00,00:30,01:00,00:30,00:59,01:00,01:06,00:30,00:30,ONTIME,ONTIME,ONTIME,ONTIME,,,,,,,,,HAN,CXR,VVO,International,VJ,,
2026-02-05|VJ920|A516|HAN-NGO|01:35,2026-02-05,VJ920,A516,A321,HAN-NGO,,01:35,,01:35,,01:23,01:24,01:28,,,EARLY,ONTIME,ONTIME,,,,,,,,,,HAN,,NGO,International,VJ,,
2026-02-05|VJ938|A536|HAN-KIX|01:40,2026-02-05,VJ938,A536,A321,HAN-KIX,,01:40,,01:40,,01:29,01:30,01:39,,,EARLY,ONTIME,ONTIME,,,,,,,,,,HAN,,KIX,International,VJ,,
2026-02-05|VJ960|A528|HAN-ICN|01:45,2026-02-05,VJ960,A528,A321,HAN-ICN,,01:45,,01:45,,01:36,01:37,01:40,,,EARLY,ONTIME,ONTIME,,,,,,,,,,HAN,,ICN,International,VJ,,
2026-02-05|VJ958|A534|HAN-FUK|02:05,2026-02-05,VJ958,A534,A321,HAN-FUK,,02:05,,02:05,,01:49,01:50,01:54,,,EARLY,ONTIME,ONTIME,,,,,,,,,,HAN,,FUK,International,VJ,,
2026-02-05|VJ179|A635|HAN-SGN|05:00,2026-02-05,VJ179,A635,A321,HAN-SGN,,05:00,,05:00,,04:54,04:55,05:05,,,EARLY,ONTIME,ONTIME,,,,,,,,,,HAN,,SGN,Domestic,VJ,,
2026-02-05|VJ185|A629|HAN-SGN|05:10,2026-02-05,VJ185,A629,A321,HAN-SGN,,05:10,,05:10,,04:54,04:55,05:05,,,EARLY,ONTIME,ONTIME,,,,,,,,,FERRY FLIGHT,HAN,,SGN,Domestic,VJ,,
2026-02-05|VJ461|A655|HAN-VCA|05:30,2026-02-05,VJ461,A655,A320,HAN-VCA,,05:30,,05:30,,05:24,05:25,05:32,,,EARLY,ONTIME,ONTIME,,,,,,,,,,HAN,,VCA,Domestic,VJ,,
2026-02-05|VJ443|A537|HAN-PQC|06:00,2026-02-05,VJ443,A537,A321,HAN-PQC,,06:00,,06:00,,05:51,05:52,05:56,,,EARLY,ONTIME,ONTIME,,,,,,,,,,HAN,,PQC,Domestic,VJ,,
2026-02-05|VJ401|A650|HAN-DLI|06:00,2026-02-05,VJ401,A650,A320,HAN-DLI,,06:00,,06:00,,05:54,05:55,06:15,,,EARLY,ONTIME,ONTIME,,,,,,,,,,HAN,,DLI,Domestic,VJ,,
2026-02-05|VJ491|A657|HAN-BMV|06:00,2026-02-05,VJ491,A657,A321,HAN-BMV,,06:00,,06:00,,05:54,05:55,06:05,,,EARLY,ONTIME,ONTIME,,,,,,,,,,HAN,,BMV,Domestic,VJ,,
2026-02-05|VJ503|A693|HAN-DAD|06:00,2026-02-05,VJ503,A693,A321,HAN-DAD,,06:00,,06:00,,05:52,05:53,05:59,,,EARLY,ONTIME,ONTIME,,,,,,,,,,HAN,,DAD,Domestic,VJ,,
2026-02-05|VJ7343/VJ421|A648|XIY-HAN-PXU|06:05,2026-02-05,VJ7343/VJ421,A648,A321,XIY-HAN-PXU,03:10,06:05,03:10,06:05,03:10,05:59,06:00,06:15,02:55,02:50,EARLY,ONTIME,ONTIME,ONTIME,,,,,,,,,HAN,XIY,PXU,Domestic,VJ,,
2026-02-05|VJ952|A672|HAN-HIJ|06:35,2026-02-05,VJ952,A672,A320,HAN-HIJ,,06:35,,06:35,,06:27,06:28,06:30,,,EARLY,ONTIME,ONTIME,,,,,,,,,,HAN,,HIJ,International,VJ,,
2026-02-05|VJ7239/VJ181|A666|PVG-HAN-SGN|06:40,2026-02-05,VJ7239/VJ181,A666,A320,PVG-HAN-SGN,05:15,06:40,05:15,06:40,04:31,06:34,06:35,06:45,01:25,02:04,EARLY,ONTIME,ONTIME,ONTIME,,,,,,,,,HAN,PVG,SGN,Domestic,VJ,,
2026-02-05|VJ105|652G|HAN-VCS|06:45,2026-02-05,VJ105,652G,C909,HAN-VCS,,06:45,,06:45,,06:39,06:40,06:49,,,EARLY,ONTIME,ONTIME,,,,,,,,,,HAN,,VCS,Domestic,VJ,,
2026-02-05|VJ905|A538|HAN-KUL|07:10,2026-02-05,VJ905,A538,A321,HAN-KUL,,07:10,,07:10,,07:02,07:03,07:17,,,EARLY,ONTIME,ONTIME,,,,,,,,,,HAN,,KUL,International,VJ,,
2026-02-05|VJ431|A645|HAN-UIH|07:10,2026-02-05,VJ431,A645,A321,HAN-UIH,,07:10,,07:10,,07:04,07:05,07:18,,,EARLY,ONTIME,ONTIME,,,,,,,,,,HAN,,UIH,Domestic,VJ,,
2026-02-05|VJ7713/VJ956|A671|PKX-HAN-PUS|07:30,2026-02-05,VJ7713/VJ956,A671,A320,PKX-HAN-PUS,04:45,07:30,04:45,07:30,05:00,07:24,07:25,07:36,02:45,02:25,EARLY,ONTIME,ONTIME,ONTIME,,,,,,,,,HAN,PKX,PUS,International,VJ,,
2026-02-05|VJ502/VJ771|A580|DAD-HAN-CXR|07:35,2026-02-05,VJ502/VJ771,A580,A321,DAD-HAN-CXR,07:05,07:35,07:05,07:35,06:55,07:29,07:30,07:45,00:30,00:35,EARLY,ONTIME,ONTIME,ONTIME,,,,,,,,,HAN,DAD,CXR,Domestic,VJ,,
2026-02-05|VJ940|A698|HAN-TPE|07:35,2026-02-05,VJ940,A698,A321,HAN-TPE,,07:35,,07:35,,07:29,07:30,07:39,,,EARLY,ONTIME,ONTIME,,,,,,,,,,HAN,,TPE,International,VJ,,
2026-02-05|VJ107|656E|HAN-VCS|08:15,2026-02-05,VJ107,656E,C909,HAN-VCS,,08:15,,08:15,,07:59,08:00,08:05,,,EARLY,ONTIME,ONTIME,,,,,,,,,,HAN,,VCS,Domestic,VJ,,
2026-02-05|VJ910/VJ930|A548|BOM-HAN-KIX|08:20,2026-02-05,VJ910/VJ930,A548,A321,BOM-HAN-KIX,06:40,08:20,06:40,08:20,06:30,08:19,08:20,08:25,01:40,01:50,ONTIME,ONTIME,ONTIME,ONTIME,,,,,,,,,HAN,BOM,KIX,International,VJ,,
2026-02-05|VJ122/VJ934|A646|SGN-HAN-NRT|08:30,2026-02-05,VJ122/VJ934,A646,A321,SGN-HAN-NRT,07:30,08:30,07:30,08:30,07:30,08:29,08:30,08:41,01:00,01:00,ONTIME,ONTIME,ONTIME,ONTIME,,,,,,,,,HAN,SGN,NRT,International,VJ,,
2026-02-05|VJ524/VJ929|A663|DAD-HAN-CGK|08:40,2026-02-05,VJ524/VJ929,A663,A320,DAD-HAN-CGK,07:40,08:40,07:40,08:40,07:40,08:29,08:30,08:36,01:00,00:50,EARLY,ONTIME,ONTIME,ONTIME,,,,,,,,,HAN,DAD,CGK,International,VJ,,
2026-02-05|VJ125|A820|HAN-SGN|08:40,2026-02-05,VJ125,A820,A321,HAN-SGN,,08:40,,08:40,,08:49,08:50,08:56,,,DELAY,ONTIME,DELAY,,,95,00:10,,,,,WAIT CREW FROM VJ124 OB 0812,HAN,,SGN,Domestic,VJ,,
2026-02-05|VJ126/VJ127|A542|SGN-HAN-SGN|08:55,2026-02-05,VJ126/VJ127,A542,A321,SGN-HAN-SGN,08:25,08:55,08:25,08:55,08:35,09:04,09:05,09:10,00:30,00:30,DELAY,ONTIME,ONTIME,ONTIME,,93,00:10,,,,,,HAN,SGN,SGN,Domestic,VJ,,
2026-02-05|VJ124/VJ773|A816|SGN-HAN-CXR|08:55,2026-02-05,VJ124/VJ773,A816,A330,SGN-HAN-CXR,07:50,08:55,07:50,08:55,07:50,08:52,08:55,09:04,01:05,01:05,ONTIME,ONTIME,ONTIME,ONTIME,,,,,,,,,HAN,SGN,CXR,Domestic,VJ,,
2026-02-05|VJ1926/VJ139|A656|AMD-HAN-SGN|09:25,2026-02-05,VJ1926/VJ139,A656,A320,AMD-HAN-SGN,06:20,09:25,06:20,09:25,05:20,09:19,09:20,09:28,03:05,04:00,EARLY,ONTIME,ONTIME,ONTIME,,,,,,,,,HAN,AMD,SGN,Domestic,VJ,,
2026-02-05|VJ915|A670|HAN-SIN|09:35,2026-02-05,VJ915,A670,A321,HAN-SIN,,09:35,,09:35,,09:24,09:25,09:35,,,EARLY,ONTIME,ONTIME,,,,,,,,,,HAN,,SIN,International,VJ,,
2026-02-05|VJ504/VJ997|A693|DAD-HAN-DPS|10:00,2026-02-05,VJ504/VJ997,A693,A321,DAD-HAN-DPS,09:05,10:00,09:05,10:00,09:45,10:29,10:30,10:40,00:55,00:45,DELAY,DELAY,DELAY,DELAY,,93,00:20,66,00:10,,,LATE ARR/CHANGE CREW HN OB 1000,HAN,DAD,DPS,International,VJ,,
2026-02-05|VJ148/VJ149|-NVG|SGN-HAN-SGN|10:05,2026-02-05,VJ148/VJ149,-NVG,A320,SGN-HAN-SGN,09:30,10:05,09:30,10:05,09:45,10:09,10:10,10:18,00:35,00:25,DELAY,ONTIME,ONTIME,ONTIME,,93,00:05,,,,,LATE ARR,HAN,SGN,SGN,Domestic,VJ,,
2026-02-05|VJ422/VJ567|A648|PXU-HAN-HUI|10:10,2026-02-05,VJ422/VJ567,A648,A321,PXU-HAN-HUI,09:40,10:10,09:40,10:10,10:00,10:29,10:30,10:34,00:30,00:30,DELAY,DELAY,DELAY,DELAY,,93,00:20,,,,,,HAN,PXU,HUI,Domestic,VJ,,
2026-02-05|VJ492/VJ507|A657|BMV-HAN-DAD|10:30,2026-02-05,VJ492/VJ507,A657,A321,BMV-HAN-DAD,10:00,10:30,10:00,10:30,10:20,10:58,10:59,11:00,00:30,00:39,DELAY,DELAY,DELAY,DELAY,,93,00:20,66,00:10,,,LATE ARR/CHANGE CREW HN OB 1035,HAN,BMV,DAD,Domestic,VJ,,
2026-02-05|VJ403|A650|DLI-HAN-DLI|10:45,2026-02-05,VJ403,A650,A320,DLI-HAN-DLI,,10:45,,10:45,,10:41,10:42,10:52,,,EARLY,ONTIME,ONTIME,,,,,,,,,,HAN,DLI,DLI,Domestic,VJ,,
2026-02-05|VJ135|A533|HAN-SGN|11:10,2026-02-05,VJ135,A533,A321,HAN-SGN,,11:10,,11:10,,11:09,11:10,11:18,,,ONTIME,ONTIME,ONTIME,,,,,,,,,,HAN,,SGN,Domestic,VJ,,
2026-02-05|VJ430/VJ407|A645|UIH-HAN-DLI|11:25,2026-02-05,VJ430/VJ407,A645,A321,UIH-HAN-DLI,10:55,11:25,10:55,11:25,11:00,11:28,11:30,11:39,00:30,00:30,DELAY,ONTIME,ONTIME,ONTIME,,93,00:05,,,,,,HAN,UIH,DLI,Domestic,VJ,,
2026-02-05|VJ132/VJ137|A550|SGN-HAN-SGN|11:40,2026-02-05,VJ132/VJ137,A550,A321,SGN-HAN-SGN,11:10,11:40,11:10,11:40,11:45,12:14,12:15,12:25,00:30,00:30,DELAY,DELAY,DELAY,DELAY,,93,00:35,,,,,LATE ARR,HAN,SGN,SGN,Domestic,VJ,,
2026-02-05|VJ963/VJ946|A547|ICN-HAN-KHH|11:45,2026-02-05,VJ963/VJ946,A547,A321,ICN-HAN-KHH,09:30,11:45,09:30,11:45,09:40,11:41,11:42,11:47,02:15,02:02,EARLY,ONTIME,ONTIME,ONTIME,,,,,,,,,HAN,ICN,KHH,International,VJ,,
2026-02-05|VJ981/VJ901|A535|PUS-HAN-BKK|12:15,2026-02-05,VJ981/VJ901,A535,A321,PUS-HAN-BKK,11:00,12:15,11:00,12:15,11:05,12:08,12:10,12:17,01:15,01:05,EARLY,ONTIME,ONTIME,ONTIME,,,,,,,,,HAN,PUS,BKK,International,VJ,,
2026-02-05|VJ440/VJ441|A662|PQC-HAN-PQC|12:55,2026-02-05,VJ440/VJ441,A662,A320,PQC-HAN-PQC,11:55,12:55,11:55,12:55,12:05,12:49,12:50,12:55,01:00,00:45,EARLY,ONTIME,ONTIME,ONTIME,,,,,,,,,HAN,PQC,PQC,Domestic,VJ,,
2026-02-05|VJ770/VJ781|A580|CXR-HAN-CXR|13:00,2026-02-05,VJ770/VJ781,A580,A321,CXR-HAN-CXR,11:45,13:00,11:45,13:00,12:25,12:59,13:00,13:20,01:15,00:35,ONTIME,ONTIME,DELAY,DELAY,,,,,,,,,HAN,CXR,CXR,Domestic,VJ,,
2026-02-05|VJ7705/VJ7705|A549|VVO-HAN-CXR|13:30,2026-02-05,VJ7705/VJ7705,A549,A321,VVO-HAN-CXR,13:00,13:30,13:00,14:15,14:20,14:49,14:50,14:55,01:15,00:30,DELAY,DELAY,DELAY,DELAY,,93,00:35,,,,,,HAN,VVO,CXR,Domestic,VJ,,
2026-02-05|VJ442/VJ948|A537|PQC-HAN-RMQ|13:30,2026-02-05,VJ442/VJ948,A537,A321,PQC-HAN-RMQ,10:45,13:30,10:45,13:30,10:50,13:27,13:28,13:30,02:45,02:38,EARLY,ONTIME,ONTIME,ONTIME,,,,,,,,,HAN,PQC,RMQ,International,VJ,,
2026-02-05|VJ513|A648|HUI-HAN-DAD|13:35,2026-02-05,VJ513,A648,A321,HUI-HAN-DAD,,13:35,,13:35,,13:32,13:33,13:40,,,EARLY,ONTIME,ONTIME,,,,,,,,,,HAN,HUI,DAD,Domestic,VJ,,
2026-02-05|VJ508/VJ511|A657|DAD-HAN-DAD|14:20,2026-02-05,VJ508/VJ511,A657,A321,DAD-HAN-DAD,13:40,14:20,13:40,15:05,14:50,15:19,15:20,15:26,01:25,00:30,DELAY,ONTIME,DELAY,DELAY,,93,00:15,,,,,,HAN,DAD,DAD,Domestic,VJ,,
2026-02-05|VJ780/VJ1491|A522|CXR-HAN-BMV|14:35,2026-02-05,VJ780/VJ1491,A522,A321,CXR-HAN-BMV,12:30,14:35,12:30,14:35,12:40,14:28,14:30,14:34,02:05,01:50,EARLY,ONTIME,ONTIME,ONTIME,,,,,,,,,HAN,CXR,BMV,Domestic,VJ,,
2026-02-05|VJ921/VJ942|A516|NGO-HAN-TPE|14:40,2026-02-05,VJ921/VJ942,A516,A321,NGO-HAN-TPE,13:40,14:40,13:40,14:40,14:05,14:39,14:40,14:48,01:00,00:35,ONTIME,ONTIME,ONTIME,DELAY,,,,,,,,,HAN,NGO,TPE,International,VJ,,
2026-02-05|VJ404/VJ433|A655|DLI-HAN-UIH|15:25,2026-02-05,VJ404/VJ433,A655,A320,DLI-HAN-UIH,14:55,15:25,14:55,15:25,15:25,15:48,15:50,15:55,00:30,00:25,DELAY,DELAY,DELAY,DELAY,,93,00:25,,,,,,HAN,DLI,UIH,Domestic,VJ,,
2026-02-05|VJ961/VJ1441|A528|ICN-HAN-PQC|15:30,2026-02-05,VJ961/VJ1441,A528,A321,ICN-HAN-PQC,14:10,15:30,14:10,15:30,14:35,15:29,15:30,15:35,01:20,00:55,ONTIME,ONTIME,ONTIME,DELAY,,,,,,,,,HAN,ICN,PQC,Domestic,VJ,,
2026-02-05|VJ144/VJ145|A820|SGN-HAN-SGN|15:35,2026-02-05,VJ144/VJ145,A820,A321,SGN-HAN-SGN,14:10,15:35,14:10,15:35,15:10,15:54,15:55,16:17,01:25,00:45,DELAY,DELAY,DELAY,DELAY,,93,00:20,,,,,,HAN,SGN,SGN,Domestic,VJ,,
2026-02-05|VJ959/VJ199|A534|FUK-HAN-SGN|15:35,2026-02-05,VJ959/VJ199,A534,A321,FUK-HAN-SGN,12:25,15:35,12:25,15:35,15:10,15:34,15:35,15:39,03:10,00:25,ONTIME,ONTIME,ONTIME,DELAY,,,,,,,,,HAN,FUK,SGN,Domestic,VJ,,
2026-02-05|VJ402/VJ191|A649|HAN-SGN|15:55,2026-02-05,VJ402/VJ191,A649,A321,HAN-SGN,10:10,15:55,10:10,15:55,10:35,15:52,15:53,15:57,05:45,05:18,EARLY,ONTIME,ONTIME,DELAY,,,,,,,,FERRY FLIGHT,HAN,,SGN,Domestic,VJ,,
2026-02-05|VJ939/VJ423|A536|KIX-HAN-PXU|15:55,2026-02-05,VJ939/VJ423,A536,A321,KIX-HAN-PXU,13:05,15:55,13:05,15:55,13:16,15:54,15:55,16:05,02:50,02:39,ONTIME,ONTIME,ONTIME,ONTIME,,,,,,,,,HAN,KIX,PXU,Domestic,VJ,,
2026-02-05|VJ906/VJ903|A538|KUL-HAN-BKK|15:55,2026-02-05,VJ906/VJ903,A538,A321,KUL-HAN-BKK,14:55,15:55,14:55,15:55,14:50,15:48,15:50,15:55,01:00,01:00,EARLY,ONTIME,ONTIME,ONTIME,,,,,,,,,HAN,KUL,BKK,International,VJ,,
2026-02-05|VJ450/VJ195|A817|PQC-HAN-SGN|16:00,2026-02-05,VJ450/VJ195,A817,A330,PQC-HAN-SGN,13:05,16:00,15:35,17:15,16:50,17:34,17:35,17:50,01:40,00:45,DELAY,DELAY,DELAY,DELAY,,93,00:20,,,,,,HAN,PQC,SGN,Domestic,VJ,,
2026-02-05|VJ408/VJ409|A645|DLI-HAN-DLI|16:05,2026-02-05,VJ408/VJ409,A645,A321,DLI-HAN-DLI,15:35,16:05,15:35,16:05,16:00,16:47,16:48,16:52,00:30,00:48,DELAY,DELAY,DELAY,DELAY,,93,00:20,66,00:10,41,00:13,CREW HN OB 1605 / TECHNICAL CHECK,HAN,DLI,DLI,Domestic,VJ,,
2026-02-05|VJ198/VJ913|A632|SGN-HAN-SAI|16:20,2026-02-05,VJ198/VJ913,A632,A321,SGN-HAN-SAI,15:10,16:20,15:10,16:20,15:30,16:13,16:15,16:25,01:10,00:45,EARLY,ONTIME,ONTIME,DELAY,,,,,,,,,HAN,SGN,SAI,International,VJ,,
2026-02-05|VJ462/VJ515|A650|VCA-HAN-DAD|16:25,2026-02-05,VJ462/VJ515,A650,A320,VCA-HAN-DAD,15:40,16:25,15:40,16:25,15:40,16:24,16:25,16:35,00:45,00:45,ONTIME,ONTIME,ONTIME,ONTIME,,,,,,,,,HAN,VCA,DAD,Domestic,VJ,,
2026-02-05|VJ941/VJ147|A698|TPE-HAN-SGN|17:10,2026-02-05,VJ941/VJ147,A698,A321,TPE-HAN-SGN,14:10,17:10,14:10,17:10,14:45,17:09,17:10,17:15,03:00,02:25,ONTIME,ONTIME,ONTIME,DELAY,,,,,,,,,HAN,TPE,SGN,Domestic,VJ,,
2026-02-05|VJ134/VJ163|-MLI|SGN-HAN-SGN|17:30,2026-02-05,VJ134/VJ163,-MLI,A320,SGN-HAN-SGN,17:00,17:30,16:50,18:40,18:07,18:29,18:30,18:30,01:50,00:23,EARLY,ONTIME,DELAY,DELAY,,,,,,,,FERRY FLIGHT,HAN,SGN,SGN,Domestic,VJ,,
2026-02-05|VJ514/VJ465|A637|DAD-HAN-VCA|17:25,2026-02-05,VJ514/VJ465,A637,A321,DAD-HAN-VCA,16:45,17:25,16:45,17:50,17:20,17:47,17:48,17:52,01:05,00:28,EARLY,ONTIME,DELAY,DELAY,,,,,,,,,HAN,DAD,VCA,Domestic,VJ,,
2026-02-05|VJ953/VJ445|A672|HIJ-HAN-PQC|17:40,2026-02-05,VJ953/VJ445,A672,A320,HIJ-HAN-PQC,16:20,17:40,16:20,17:40,16:55,17:36,17:37,17:43,01:20,00:42,EARLY,ONTIME,ONTIME,DELAY,,,,,,,,,HAN,HIJ,PQC,Domestic,VJ,,
2026-02-05|VJ512/VJ779|A641|DAD-HAN-CXR|18:00,2026-02-05,VJ512/VJ779,A641,A321,DAD-HAN-CXR,17:30,18:00,17:30,18:00,17:35,17:58,18:00,18:04,00:30,00:25,ONTIME,ONTIME,ONTIME,ONTIME,,,,,,,,,HAN,DAD,CXR,Domestic,VJ,,
2026-02-05|VJ902/VJ783|A535|BKK-HAN-CXR|18:00,2026-02-05,VJ902/VJ783,A535,A321,BKK-HAN-CXR,17:00,18:00,17:00,18:00,17:30,17:59,18:00,18:03,01:00,00:30,ONTIME,ONTIME,ONTIME,DELAY,,,,,,,,,HAN,BKK,CXR,Domestic,VJ,,
2026-02-05|VJ194/VJ193|A674|SGN-HAN-SGN|18:10,2026-02-05,VJ194/VJ193,A674,A321,SGN-HAN-SGN,17:30,18:10,17:30,18:10,17:55,18:24,18:25,18:40,00:40,00:30,DELAY,ONTIME,DELAY,DELAY,,93,00:15,,,,,,HAN,SGN,SGN,Domestic,VJ,,
2026-02-05|VJ784/VJ493|A580|CXR-HAN-BMV|18:25,2026-02-05,VJ784/VJ493,A580,A321,CXR-HAN-BMV,17:10,18:25,17:10,19:05,18:05,19:24,19:25,19:29,01:55,01:20,DELAY,DELAY,DELAY,DELAY,,41,00:20,,,,,CHANGE TIRE,HAN,CXR,BMV,Domestic,VJ,,
2026-02-05|VJ957/VJ1925|A671|PUS-HAN-AMD|19:00,2026-02-05,VJ957/VJ1925,A671,A320,PUS-HAN-AMD,17:20,19:00,17:20,19:00,17:35,18:59,19:00,19:01,01:40,01:25,ONTIME,ONTIME,ONTIME,ONTIME,,,,,,,,,HAN,PUS,AMD,International,VJ,,
2026-02-05|VJ1492/VJ173|A522|BMV-HAN-SGN|19:05,2026-02-05,VJ1492/VJ173,A522,A321,BMV-HAN-SGN,18:35,19:05,18:35,19:05,18:45,19:14,19:15,19:18,00:30,00:30,DELAY,ONTIME,ONTIME,ONTIME,,93,00:10,,,,,,HAN,BMV,SGN,Domestic,VJ,,
2026-02-05|VJ971|A817|HAN-DEL|19:10,2026-02-05,VJ971,A817,A330,HAN-DEL,,19:10,,20:00,,19:59,20:00,20:07,,,ONTIME,ONTIME,DELAY,,,,,,,,,,HAN,,DEL,International,VJ,,
2026-02-05|VJ446/VJ569|A662|PQC-HAN-HUI|19:15,2026-02-05,VJ446/VJ569,A662,A320,PQC-HAN-HUI,17:35,19:15,17:35,19:15,18:35,19:14,19:15,19:25,01:40,00:40,ONTIME,ONTIME,ONTIME,DELAY,,,,,,,,,HAN,PQC,HUI,Domestic,VJ,,
2026-02-05|VJ947/VJ519|A547|KHH-HAN-DAD|19:45,2026-02-05,VJ947/VJ519,A547,A321,KHH-HAN-DAD,18:05,19:45,18:05,19:45,18:00,19:44,19:45,19:55,01:40,01:45,ONTIME,ONTIME,ONTIME,ONTIME,,,,,,,,,HAN,KHH,DAD,Domestic,VJ,,
2026-02-05|VJ916/VJ7712|A670|SIN-HAN-PKX|20:05,2026-02-05,VJ916/VJ7712,A670,A321,SIN-HAN-PKX,17:25,20:05,17:25,20:05,17:50,20:04,20:05,20:08,02:40,02:15,ONTIME,ONTIME,ONTIME,DELAY,,,,,,,,,HAN,SIN,PKX,International,VJ,,
2026-02-05|VJ424/VJ155|A536|PXU-HAN-SGN|20:05,2026-02-05,VJ424/VJ155,A536,A321,PXU-HAN-SGN,19:35,20:05,19:35,20:05,20:00,20:29,20:30,20:35,00:30,00:30,DELAY,DELAY,DELAY,DELAY,,93,00:25,,,,,,HAN,PXU,SGN,Domestic,VJ,,
2026-02-05|VJ410/VJ521|A645|DLI-HAN-DAD|20:50,2026-02-05,VJ410/VJ521,A645,A321,DLI-HAN-DAD,20:15,20:50,20:15,21:55,21:15,21:49,21:50,21:55,01:40,00:35,EARLY,ONTIME,DELAY,DELAY,,,,,,,,,HAN,DLI,DAD,Domestic,VJ,,
2026-02-05|VJ516/VJ7238|A650|DAD-HAN-PVG|21:30,2026-02-05,VJ516/VJ7238,A650,A320,DAD-HAN-PVG,19:35,21:30,19:35,21:30,20:05,21:27,21:28,21:31,01:55,01:23,EARLY,ONTIME,ONTIME,DELAY,,,,,,,,,HAN,DAD,PVG,International,VJ,,
2026-02-05|VJ160/VJ161|-NVE|SGN-HAN-SGN|21:50,2026-02-05,VJ160/VJ161,-NVE,A320,SGN-HAN-SGN,21:15,21:50,21:15,21:50,21:30,21:54,21:55,21:58,00:35,00:25,DELAY,ONTIME,ONTIME,ONTIME,,93,00:05,,,,,,HAN,SGN,SGN,Domestic,VJ,,
2026-02-05|VJ943/VJ123|A516|TPE-HAN-SGN|22:10,2026-02-05,VJ943/VJ123,A516,A321,TPE-HAN-SGN,21:10,22:10,21:10,23:00,22:15,22:59,23:00,23:15,01:50,00:45,ONTIME,ONTIME,DELAY,DELAY,,,,,,,,,HAN,TPE,SGN,Domestic,VJ,,
2026-02-05|VJ568/VJ523|A662|HUI-HAN-DAD|22:45,2026-02-05,VJ568/VJ523,A662,A320,HUI-HAN-DAD,22:15,22:45,22:15,22:45,22:30,23:09,23:10,23:15,00:30,00:40,DELAY,DELAY,DELAY,ONTIME,,93,00:10,95,00:15,,,WAIT CREW VJ778 OB 2245,HAN,HUI,DAD,Domestic,VJ,,
2026-02-05|VJ1440/VJ962|A528|PQC-HAN-ICN|22:50,2026-02-05,VJ1440/VJ962,A528,A321,PQC-HAN-ICN,20:10,22:50,20:10,22:50,21:25,22:49,22:50,23:05,02:40,01:25,ONTIME,ONTIME,ONTIME,DELAY,,,,,,,,,HAN,PQC,ICN,International,VJ,,
2026-02-05|VJ931/VJ187|A548|KIX-HAN-SGN|22:50,2026-02-05,VJ931/VJ187,A548,A321,KIX-HAN-SGN,19:15,22:50,19:15,22:50,19:02,23:19,23:20,23:29,03:35,04:18,DELAY,DELAY,DELAY,ONTIME,,95,00:30,,,,,FERRY FLIGHT/ WAIT CREW 190 OB 2305,HAN,KIX,SGN,Domestic,VJ,,
2026-02-05|VJ180/VJ171|A820|SGN-HAN-SGN|23:25,2026-02-05,VJ180/VJ171,A820,A320,SGN-HAN-SGN,22:25,23:25,22:25,23:25,22:55,01:02,01:03,01:05,01:00,02:08,DELAY,DELAY,DELAY,DELAY,,41,01:38,,,,,FERRY FLIGHT/ GROUND RETURN COOLING BRAKE,HAN,SGN,SGN,Domestic,VJ,,
2026-02-05|VJ3525/VJ3525|A550|PQC-HAN-BQS|23:30,2026-02-05,VJ3525/VJ3525,A550,A321,PQC-HAN-BQS,23:00,23:30,23:00,00:20,23:33,00:02,00:03,00:11,01:20,00:30,EARLY,ONTIME,DELAY,DELAY,,,,,,,,,HAN,PQC,BQS,International,VJ,,
2026-02-05|VJ166/VJ7526|A649|SGN-HAN-CAN|23:40,2026-02-05,VJ166/VJ7526,A649,A321,SGN-HAN-CAN,21:00,23:40,21:00,23:40,21:40,23:38,23:40,23:44,02:40,02:00,ONTIME,ONTIME,ONTIME,DELAY,,,,,,,,,HAN,SGN,CAN,International,VJ,,
2026-02-06|VJ932|A646|HAN-NRT|00:55,2026-02-06,VJ932,A646,A321,HAN-NRT,,00:55,,00:55,,00:53,00:54,00:56,,,EARLY,ONTIME,ONTIME,,,,,,,,,,HAN,,NRT,International,VJ,,
2026-02-06|VJ982|A544|HAN-PUS|01:00,2026-02-06,VJ982,A544,A321,HAN-PUS,,01:00,,01:00,,00:59,01:00,01:08,,,ONTIME,ONTIME,ONTIME,,,,,,,,,,HAN,,PUS,International,VJ,,
2026-02-06|VJ920|A547|HAN-NGO|01:35,2026-02-06,VJ920,A547,A321,HAN-NGO,,01:35,,01:35,,01:31,01:32,01:40,,,EARLY,ONTIME,ONTIME,,,,,,,,,,HAN,,NGO,International,VJ,,
2026-02-06|VJ938|A538|HAN-KIX|01:40,2026-02-06,VJ938,A538,A321,HAN-KIX,,01:40,,01:40,,01:39,01:40,01:45,,,ONTIME,ONTIME,ONTIME,,,,,,,,,,HAN,,KIX,International,VJ,,
2026-02-06|VJ960|A528|HAN-ICN|01:45,2026-02-06,VJ960,A528,A321,HAN-ICN,,01:45,,01:45,,01:44,01:45,01:48,,,ONTIME,ONTIME,ONTIME,,,,,,,,,,HAN,,ICN,International,VJ,,
2026-02-06|VJ179|A637|HAN-SGN|05:00,2026-02-06,VJ179,A637,A321,HAN-SGN,,05:00,,05:00,,04:54,04:55,05:08,,,EARLY,ONTIME,ONTIME,,,,,,,,,,HAN,,SGN,Domestic,VJ,,
2026-02-06|VJ185|A580|HAN-SGN|05:10,2026-02-06,VJ185,A580,A321,HAN-SGN,,05:10,,05:10,,05:09,05:10,05:19,,,ONTIME,ONTIME,ONTIME,,,,,,,,,FERRY FLIGHT,HAN,,SGN,Domestic,VJ,,
2026-02-06|VJ509|A643|HAN-DAD|05:25,2026-02-06,VJ509,A643,A321,HAN-DAD,,05:25,,05:25,,05:14,05:15,05:18,,,EARLY,ONTIME,ONTIME,,,,,,,,,FERRY FLIGHT,HAN,,DAD,Domestic,VJ,,
2026-02-06|VJ461|A655|HAN-VCA|05:30,2026-02-06,VJ461,A655,A320,HAN-VCA,,05:30,,05:30,,05:24,05:25,05:33,,,EARLY,ONTIME,ONTIME,,,,,,,,,,HAN,,VCA,Domestic,VJ,,
2026-02-06|VJ401|A676|HAN-DLI|05:50,2026-02-06,VJ401,A676,A320,HAN-DLI,,05:50,,05:50,,05:44,05:45,06:15,,,EARLY,ONTIME,DELAY,,,,,,,,,,HAN,,DLI,Domestic,VJ,,
2026-02-06|VJ443|A648|HAN-PQC|06:00,2026-02-06,VJ443,A648,A321,HAN-PQC,,06:00,,06:00,,05:54,05:55,05:57,,,EARLY,ONTIME,ONTIME,,,,,,,,,,HAN,,PQC,Domestic,VJ,,
2026-02-06|VJ503|A661|HAN-DAD|06:00,2026-02-06,VJ503,A661,A321,HAN-DAD,,06:00,,06:00,,05:54,05:55,06:05,,,EARLY,ONTIME,ONTIME,,,,,,,,,,HAN,,DAD,Domestic,VJ,,
2026-02-06|VJ491|A632|HAN-BMV|06:00,2026-02-06,VJ491,A632,A321,HAN-BMV,,06:00,,06:00,,05:54,05:55,06:10,,,EARLY,ONTIME,ONTIME,,,,,,,,,,HAN,,BMV,Domestic,VJ,,
2026-02-06|VJ421|A644|HAN-PXU|06:30,2026-02-06,VJ421,A644,A321,HAN-PXU,,06:30,,06:30,,06:24,06:25,06:35,,,EARLY,ONTIME,ONTIME,,,,,,,,,,HAN,,PXU,Domestic,VJ,,
2026-02-06|VJ181|A633|HAN-SGN|06:40,2026-02-06,VJ181,A633,A321,HAN-SGN,,06:40,,06:40,,06:34,06:35,06:39,,,EARLY,ONTIME,ONTIME,,,,,,,,,,HAN,,SGN,Domestic,VJ,,
2026-02-06|VJ105|656E|HAN-VCS|06:45,2026-02-06,VJ105,656E,C909,HAN-VCS,,06:45,,06:45,,06:44,06:45,06:55,,,ONTIME,ONTIME,ONTIME,,,,,,,,,,HAN,,VCS,Domestic,VJ,,
2026-02-06|VJ431|A641|HAN-UIH|07:10,2026-02-06,VJ431,A641,A321,HAN-UIH,,07:10,,07:10,,07:04,07:05,07:15,,,EARLY,ONTIME,ONTIME,,,,,,,,,,HAN,,UIH,Domestic,VJ,,
2026-02-06|VJ905|A537|HAN-KUL|07:10,2026-02-06,VJ905,A537,A321,HAN-KUL,,07:10,,07:10,,07:04,07:05,07:09,,,EARLY,ONTIME,ONTIME,,,,,,,,,,HAN,,KUL,International,VJ,,
2026-02-06|VJ7239/VJ956|A650|PVG-HAN-PUS|07:30,2026-02-06,VJ7239/VJ956,A650,A320,PVG-HAN-PUS,05:15,07:30,05:15,07:30,05:00,07:20,07:21,07:23,02:15,02:21,EARLY,ONTIME,ONTIME,ONTIME,,,,,,,,,HAN,PVG,PUS,International,VJ,,
2026-02-06|VJ940|A522|HAN-TPE|07:35,2026-02-06,VJ940,A522,A321,HAN-TPE,,07:35,,07:35,,07:29,07:30,07:37,,,EARLY,ONTIME,ONTIME,,,,,,,,,,HAN,,TPE,International,VJ,,
2026-02-06|VJ972/VJ771|A815|DEL-HAN-CXR|07:35,2026-02-06,VJ972/VJ771,A815,A330,DEL-HAN-CXR,06:15,07:35,06:15,07:35,06:05,07:29,07:30,07:40,01:20,01:25,EARLY,ONTIME,ONTIME,ONTIME,,,,,,,,,HAN,DEL,CXR,Domestic,VJ,,
2026-02-06|VJ107|652G|HAN-VCS|08:15,2026-02-06,VJ107,652G,C909,HAN-VCS,,08:15,,08:15,,08:07,08:08,08:15,,,EARLY,ONTIME,ONTIME,,,,,,,,,,HAN,,VCS,Domestic,VJ,,
2026-02-06|VJ934|A536|HAN-NRT|08:20,2026-02-06,VJ934,A536,A321,HAN-NRT,,08:20,,08:20,,08:19,08:20,08:25,,,ONTIME,ONTIME,ONTIME,,,,,,,,,,HAN,,NRT,International,VJ,,
2026-02-06|VJ122/VJ930|A697|SGN-HAN-KIX|08:20,2026-02-06,VJ122/VJ930,A697,A321,SGN-HAN-KIX,07:30,08:20,07:30,08:20,07:20,08:08,08:09,08:19,00:50,00:49,EARLY,ONTIME,ONTIME,ONTIME,,,,,,,,,HAN,SGN,KIX,International,VJ,,
2026-02-06|VJ524/VJ929|A669|DAD-HAN-CGK|08:40,2026-02-06,VJ524/VJ929,A669,A320,DAD-HAN-CGK,07:40,08:40,07:40,08:40,07:33,08:39,08:40,08:48,01:00,01:07,ONTIME,ONTIME,ONTIME,ONTIME,,,,,,,,,HAN,DAD,CGK,International,VJ,,
2026-02-06|VJ124/VJ125|A820|SGN-HAN-SGN|08:40,2026-02-06,VJ124/VJ125,A820,A321,SGN-HAN-SGN,07:50,08:40,07:50,08:40,07:50,08:39,08:40,08:45,00:50,00:50,ONTIME,ONTIME,ONTIME,ONTIME,,,,,,,,,HAN,SGN,SGN,Domestic,VJ,,
2026-02-06|VJ7527/VJ139|A649|CAN-HAN-SGN|09:25,2026-02-06,VJ7527/VJ139,A649,A321,CAN-HAN-SGN,04:35,09:25,04:35,09:25,04:35,09:19,09:20,09:26,04:50,04:45,EARLY,ONTIME,ONTIME,ONTIME,,,,,,,,,HAN,CAN,SGN,Domestic,VJ,,
2026-02-06|VJ510/VJ527|A643|DAD-HAN-DAD|09:30,2026-02-06,VJ510/VJ527,A643,A321,DAD-HAN-DAD,08:35,09:30,08:35,09:30,08:35,09:20,09:22,09:23,00:55,00:47,EARLY,ONTIME,ONTIME,ONTIME,,,,,,,,,HAN,DAD,DAD,Domestic,VJ,,
2026-02-06|VJ7713/VJ915|A670|PKX-HAN-SIN|09:35,2026-02-06,VJ7713/VJ915,A670,A321,PKX-HAN-SIN,04:10,09:35,04:10,09:35,04:10,09:30,09:31,09:34,05:25,05:21,EARLY,ONTIME,ONTIME,ONTIME,,,,,,,,,HAN,PKX,SIN,International,VJ,,
2026-02-06|VJ176/VJ997|A542|SGN-HAN-DPS|10:00,2026-02-06,VJ176/VJ997,A542,A321,SGN-HAN-DPS,09:00,10:00,09:00,10:40,09:50,10:39,10:40,10:46,01:40,00:50,ONTIME,ONTIME,DELAY,DELAY,,,,,,,,,HAN,SGN,DPS,International,VJ,,
2026-02-06|VJ148/VJ149|-NVG|SGN-HAN-SGN|10:05,2026-02-06,VJ148/VJ149,-NVG,A320,SGN-HAN-SGN,09:30,10:05,09:30,10:05,10:00,10:24,10:25,10:45,00:35,00:25,DELAY,DELAY,DELAY,DELAY,,93,00:20,,,,,,HAN,SGN,SGN,Domestic,VJ,,
2026-02-06|VJ504/VJ507|A661|DAD-HAN-DAD|10:30,2026-02-06,VJ504/VJ507,A661,A321,DAD-HAN-DAD,09:00,10:30,09:00,10:30,09:20,10:26,10:27,10:30,01:30,01:07,EARLY,ONTIME,ONTIME,DELAY,,,,,,,,,HAN,DAD,DAD,Domestic,VJ,,
2026-02-06|VJ492/VJ463|A632|BMV-HAN-VCA|10:30,2026-02-06,VJ492/VJ463,A632,A321,BMV-HAN-VCA,10:00,10:30,10:00,11:00,10:25,10:59,11:00,11:05,01:00,00:35,ONTIME,ONTIME,DELAY,DELAY,,,,,,,,,HAN,BMV,VCA,Domestic,VJ,,
2026-02-06|VJ422/VJ567|A644|PXU-HAN-HUI|10:40,2026-02-06,VJ422/VJ567,A644,A321,PXU-HAN-HUI,10:05,10:40,10:05,10:40,10:10,10:39,10:40,10:50,00:35,00:30,ONTIME,ONTIME,ONTIME,ONTIME,,,,,,,,,HAN,PXU,HUI,Domestic,VJ,,
2026-02-06|VJ775|A663|HAN-CXR|10:40,2026-02-06,VJ775,A663,A320,HAN-CXR,,10:40,,10:40,,10:39,10:40,10:42,,,ONTIME,ONTIME,ONTIME,,,,,,,,,,HAN,,CXR,Domestic,VJ,,
2026-02-06|VJ1926/VJ403|A671|AMD-HAN-DLI|10:45,2026-02-06,VJ1926/VJ403,A671,A320,AMD-HAN-DLI,06:20,10:45,06:20,10:45,05:40,10:39,10:40,10:43,04:25,05:00,EARLY,ONTIME,ONTIME,ONTIME,,,,,,,,,HAN,AMD,DLI,Domestic,VJ,,
2026-02-06|VJ136/VJ135|A580|SGN-HAN-SGN|11:10,2026-02-06,VJ136/VJ135,A580,A321,SGN-HAN-SGN,10:40,11:10,10:40,11:10,11:05,11:44,11:45,11:46,00:30,00:40,DELAY,DELAY,DELAY,DELAY,,93,00:25,66,00:10,,,CREW OB 1125,HAN,SGN,SGN,Domestic,VJ,,
2026-02-06|VJ430/VJ407|A641|UIH-HAN-DLI|11:25,2026-02-06,VJ430/VJ407,A641,A321,UIH-HAN-DLI,10:55,11:25,10:55,11:25,11:10,11:24,11:25,11:29,00:30,00:15,ONTIME,ONTIME,ONTIME,ONTIME,,,,,,,,,HAN,UIH,DLI,Domestic,VJ,,
2026-02-06|VJ451|A817|HAN-PQC|11:25,2026-02-06,VJ451,A817,A330,HAN-PQC,,11:25,,11:25,,11:20,11:22,11:25,,,EARLY,ONTIME,ONTIME,,,,,,,,,,HAN,,PQC,Domestic,VJ,,
2026-02-06|VJ132/VJ137|A640|SGN-HAN-SGN|11:40,2026-02-06,VJ132/VJ137,A640,A321,SGN-HAN-SGN,11:10,11:40,11:10,11:40,11:55,12:24,12:25,12:40,00:30,00:30,DELAY,DELAY,DELAY,DELAY,,93,00:45,,,,,,HAN,SGN,SGN,Domestic,VJ,,
2026-02-06|VJ963/VJ946|A693|ICN-HAN-KHH|11:45,2026-02-06,VJ963/VJ946,A693,A321,ICN-HAN-KHH,09:30,11:45,09:30,11:45,09:42,11:36,11:37,11:42,02:15,01:55,EARLY,ONTIME,ONTIME,ONTIME,,,,,,,,,HAN,ICN,KHH,International,VJ,,
2026-02-06|VJ442/VJ901|A661|PQC-HAN-BKK|12:15,2026-02-06,VJ442/VJ901,A661,A321,PQC-HAN-BKK,10:45,12:15,10:45,12:15,10:55,12:05,12:06,12:13,01:30,01:11,EARLY,ONTIME,ONTIME,ONTIME,,,,,,,,,HAN,PQC,BKK,International,VJ,,
2026-02-06|VJ502/VJ441|A634|DAD-HAN-PQC|12:25,2026-02-06,VJ502/VJ441,A634,A321,DAD-HAN-PQC,07:05,12:25,07:05,12:25,07:00,12:23,12:25,12:29,05:20,05:25,ONTIME,ONTIME,ONTIME,ONTIME,,,,,,,,,HAN,DAD,PQC,Domestic,VJ,,
2026-02-06|VJ3526/VJ3526|A550|BQS-HAN-PQC|12:30,2026-02-06,VJ3526/VJ3526,A550,A321,BQS-HAN-PQC,12:00,12:30,12:00,12:30,12:55,13:19,13:20,13:27,00:30,00:25,DELAY,DELAY,DELAY,DELAY,,93,00:50,,,,,,HAN,BQS,PQC,Domestic,VJ,,
2026-02-06|VJ981/VJ948|A544|PUS-HAN-RMQ|13:30,2026-02-06,VJ981/VJ948,A544,A321,PUS-HAN-RMQ,11:00,13:30,11:00,13:30,11:32,13:18,13:20,13:25,02:30,01:48,EARLY,ONTIME,ONTIME,DELAY,,,,,,,,,HAN,PUS,RMQ,International,VJ,,
2026-02-06|VJ528/VJ513|A643|DAD-HAN-DAD|13:35,2026-02-06,VJ528/VJ513,A643,A321,DAD-HAN-DAD,12:40,13:35,12:40,13:35,13:05,13:34,13:35,13:50,00:55,00:30,ONTIME,ONTIME,ONTIME,DELAY,,,,,,,,,HAN,DAD,DAD,Domestic,VJ,,
2026-02-06|VJ128/VJ143|A816|SGN-HAN-SGN|13:40,2026-02-06,VJ128/VJ143,A816,A330,SGN-HAN-SGN,12:10,13:40,12:10,13:40,12:40,13:39,13:40,13:50,01:30,01:00,ONTIME,ONTIME,ONTIME,DELAY,,,,,,,,,HAN,SGN,SGN,Domestic,VJ,,
2026-02-06|VJ508/VJ511|A634|DAD-HAN-DAD|14:20,2026-02-06,VJ508/VJ511,A634,A321,DAD-HAN-DAD,13:40,14:20,13:40,14:20,14:00,14:29,14:30,14:35,00:40,00:30,DELAY,ONTIME,ONTIME,DELAY,,93,00:10,,,,,,HAN,DAD,DAD,Domestic,VJ,,
2026-02-06|VJ939/VJ942|A538|KIX-HAN-TPE|14:25,2026-02-06,VJ939/VJ942,A538,A321,KIX-HAN-TPE,13:05,14:25,13:05,14:25,13:36,14:24,14:25,14:36,01:20,00:49,ONTIME,ONTIME,ONTIME,DELAY,,,,,,,,,HAN,KIX,TPE,International,VJ,,
2026-02-06|VJ566/VJ1491|A644|HUI-HAN-BMV|14:35,2026-02-06,VJ566/VJ1491,A644,A321,HUI-HAN-BMV,13:35,14:35,13:35,14:35,14:10,14:39,14:40,14:50,01:00,00:30,DELAY,ONTIME,ONTIME,DELAY,,93,00:05,,,,,,HAN,HUI,BMV,Domestic,VJ,,
2026-02-06|VJ188/VJ151|-NVE|SGN-HAN-SGN|14:40,2026-02-06,VJ188/VJ151,-NVE,A320,SGN-HAN-SGN,14:10,14:40,14:10,14:40,15:05,15:29,15:30,15:34,00:30,00:25,DELAY,DELAY,DELAY,DELAY,,93,00:50,,,,,,HAN,SGN,SGN,Domestic,VJ,,
2026-02-06|VJ138/VJ153|A674|SGN-HAN-SGN|15:10,2026-02-06,VJ138/VJ153,A674,A321,SGN-HAN-SGN,14:40,15:10,14:40,15:10,15:10,15:36,15:38,16:22,00:30,00:28,DELAY,DELAY,DELAY,DELAY,,93,00:28,,,,,FERRY,HAN,SGN,SGN,Domestic,VJ,,
2026-02-06|VJ404/VJ433|A671|DLI-HAN-UIH|15:25,2026-02-06,VJ404/VJ433,A671,A320,DLI-HAN-UIH,14:55,15:25,14:55,15:25,15:00,15:24,15:25,16:08,00:30,00:25,ONTIME,ONTIME,DELAY,ONTIME,,,,,,,,,HAN,DLI,UIH,Domestic,VJ,,
2026-02-06|VJ941/VJ1441|A522|TPE-HAN-PQC|15:30,2026-02-06,VJ941/VJ1441,A522,A321,TPE-HAN-PQC,14:10,15:30,14:10,15:30,14:27,15:23,15:24,15:37,01:20,00:57,EARLY,ONTIME,ONTIME,DELAY,,,,,,,,,HAN,TPE,PQC,Domestic,VJ,,
2026-02-06|VJ144/VJ145|A820|SGN-HAN-SGN|15:35,2026-02-06,VJ144/VJ145,A820,A321,SGN-HAN-SGN,14:10,15:35,14:10,15:35,14:40,15:33,15:35,16:05,01:25,00:55,ONTIME,ONTIME,DELAY,DELAY,,,,,,,,,HAN,SGN,SGN,Domestic,VJ,,
2026-02-06|VJ402/VJ199|A676|DLI-HAN-SGN|15:35,2026-02-06,VJ402/VJ199,A676,A320,DLI-HAN-SGN,10:10,15:35,10:10,15:35,10:35,15:24,15:25,16:18,05:25,04:50,EARLY,ONTIME,DELAY,DELAY,,,,,,,,FERRY,HAN,DLI,SGN,Domestic,VJ,,
2026-02-06|VJ961/VJ903|A528|NGO-HAN-BKK|15:50,2026-02-06,VJ961/VJ903,A528,A321,NGO-HAN-BKK,14:10,15:50,14:10,15:50,14:15,15:49,15:50,16:50,01:40,01:35,ONTIME,ONTIME,DELAY,ONTIME,,,,,,,,,HAN,NGO,BKK,International,VJ,,
2026-02-06|VJ921/VJ423|A547|NGO-HAN-PXU|15:55,2026-02-06,VJ921/VJ423,A547,A321,NGO-HAN-PXU,13:40,15:55,13:40,15:55,13:45,15:54,15:55,17:00,02:15,02:10,ONTIME,ONTIME,DELAY,ONTIME,,,,,,,,,HAN,NGO,PXU,Domestic,VJ,,
2026-02-06|VJ774/VJ191|A663|CXR-HAN-SGN|15:55,2026-02-06,VJ774/VJ191,A663,A320,CXR-HAN-SGN,14:50,15:55,15:10,15:55,15:15,15:52,15:53,15:57,00:45,00:38,EARLY,ONTIME,ONTIME,DELAY,,,,,,,,,HAN,CXR,SGN,Domestic,VJ,,
2026-02-06|VJ906/VJ195|A537|KUL-HAN-SGN|16:00,2026-02-06,VJ906/VJ195,A537,A321,KUL-HAN-SGN,14:55,16:00,14:55,16:00,15:20,16:09,16:10,17:00,01:05,00:50,DELAY,ONTIME,DELAY,DELAY,,41,00:10,,,,,FERRY,HAN,KUL,SGN,Domestic,VJ,,
2026-02-06|VJ770/VJ157|A811|CXR-HAN-SGN|16:00,2026-02-06,VJ770/VJ157,A811,A330,CXR-HAN-SGN,12:15,16:00,12:15,16:00,12:40,15:59,16:00,16:50,03:45,03:20,ONTIME,ONTIME,DELAY,DELAY,,,,,,,,,HAN,CXR,SGN,Domestic,VJ,,
2026-02-06|VJ142/VJ409|A629|SGN-HAN-DLI|16:05,2026-02-06,VJ142/VJ409,A629,A321,SGN-HAN-DLI,14:50,16:05,14:50,16:05,15:55,16:18,16:20,17:55,01:15,00:25,DELAY,ONTIME,DELAY,DELAY,,93,00:15,,,,,,HAN,SGN,DLI,Domestic,VJ,,
2026-02-06|VJ460/VJ913|A632|VCA-HAN-SAI|16:20,2026-02-06,VJ460/VJ913,A632,A321,VCA-HAN-SAI,15:25,16:20,15:55,17:00,16:50,17:34,17:35,18:25,01:05,00:45,DELAY,DELAY,DELAY,DELAY,,93,00:20,66,00:15,,,LATE PUSHBACK DUE TO ATC/ CREW HN OB 1705,HAN,VCA,SAI,International,VJ,,
2026-02-06|VJ462/VJ515|A655|VCA-HAN-DAD|16:25,2026-02-06,VJ462/VJ515,A655,A320,VCA-HAN-DAD,15:40,16:25,15:40,16:25,16:40,17:14,17:15,18:15,00:45,00:35,DELAY,DELAY,DELAY,DELAY,,93,00:40,32,00:10,,,SLOW LOADING,HAN,VCA,DAD,Domestic,VJ,,
2026-02-06|VJ408/VJ147|A641|DLI-HAN-SGN|17:10,2026-02-06,VJ408/VJ147,A641,A321,DLI-HAN-SGN,15:35,17:10,15:35,17:10,15:49,17:07,17:08,18:10,01:35,01:19,EARLY,ONTIME,DELAY,ONTIME,,,,,,,,,HAN,DLI,SGN,Domestic,VJ,,
2026-02-06|VJ134/VJ163|-MLI|SGN-HAN-SGN|17:20,2026-02-06,VJ134/VJ163,-MLI,A320,SGN-HAN-SGN,16:50,17:20,16:50,18:15,18:20,18:38,18:40,19:07,01:25,00:20,DELAY,DELAY,DELAY,DELAY,,93,00:25,,,,,FERRY,HAN,SGN,SGN,Domestic,VJ,,
2026-02-06|VJ514/VJ465|A643|DAD-HAN-VCA|17:25,2026-02-06,VJ514/VJ465,A643,A321,DAD-HAN-VCA,16:45,17:25,16:45,17:25,17:40,18:09,18:10,18:55,00:40,00:30,DELAY,DELAY,DELAY,DELAY,,,,,,,,,HAN,DAD,VCA,Domestic,VJ,,
2026-02-06|VJ440/VJ445|A672|PQC-HAN-PQC|17:40,2026-02-06,VJ440/VJ445,A672,A320,PQC-HAN-PQC,11:55,17:40,11:55,17:40,12:20,17:39,17:40,18:30,05:45,05:20,ONTIME,ONTIME,DELAY,DELAY,,,,,,,,ATC,HAN,PQC,PQC,Domestic,VJ,,
2026-02-06|VJ446/VJ779|A634|DAD-HAN-CXR|18:00,2026-02-06,VJ446/VJ779,A634,A321,DAD-HAN-CXR,17:30,18:00,17:30,18:00,17:45,18:09,18:10,18:20,00:30,00:25,DELAY,ONTIME,DELAY,ONTIME,,93,00:10,,,,,,HAN,DAD,CXR,Domestic,VJ,,
2026-02-06|VJ902/VJ193|A661|BKK-HAN-SGN|18:10,2026-02-06,VJ902/VJ193,A661,A321,BKK-HAN-SGN,17:00,18:10,17:00,18:10,17:30,18:36,18:37,19:09,01:10,01:07,DELAY,DELAY,DELAY,DELAY,,95,00:27,,,,,CREW FROM VJ194 OB 1823,HAN,BKK,SGN,Domestic,VJ,,
2026-02-06|VJ957/VJ1925|A650|PUS-HAN-AMD|19:00,2026-02-06,VJ957/VJ1925,A650,A320,PUS-HAN-AMD,17:20,19:00,17:20,19:00,18:05,18:58,18:59,19:30,01:40,00:54,EARLY,ONTIME,DELAY,DELAY,,,,,,,,,HAN,PUS,AMD,International,VJ,,
2026-02-06|VJ916/VJ173|A670|SIN-HAN-SGN|19:05,2026-02-06,VJ916/VJ173,A670,A321,SIN-HAN-SGN,17:25,19:05,17:25,19:05,17:15,19:00,19:02,19:30,01:40,01:47,EARLY,ONTIME,DELAY,ONTIME,,,,,,,,,HAN,SIN,SGN,Domestic,VJ,,
2026-02-06|VJ947/VJ907|A693|KHH-HAN-BOM|19:15,2026-02-06,VJ947/VJ907,A693,A321,KHH-HAN-BOM,18:05,19:15,18:05,19:15,18:15,19:09,19:10,19:40,01:10,00:55,EARLY,ONTIME,DELAY,ONTIME,,,,,,,,ATC,HAN,KHH,BOM,International,VJ,,
2026-02-06|VJ1492/VJ569|A644|PQC-HAN-HUI|19:15,2026-02-06,VJ1492/VJ569,A644,A321,PQC-HAN-HUI,18:35,19:15,18:35,19:15,19:10,19:44,19:45,20:10,00:40,00:35,DELAY,DELAY,DELAY,DELAY,,93,00:25,66,00:05,,,CREW 512 OB 1920,HAN,PQC,HUI,Domestic,VJ,,
2026-02-06|VJ198/VJ519|A644|BMV-HAN-DAD|19:45,2026-02-06,VJ198/VJ519,A644,A321,BMV-HAN-DAD,15:10,19:45,18:40,19:45,19:00,19:59,20:00,20:35,01:05,01:00,DELAY,ONTIME,DELAY,DELAY,,95,00:15,,,,,CREW 1492 OB 1935,HAN,BMV,DAD,Domestic,VJ,,
2026-02-06|VJ931/VJ155|A697|KIX-HAN-SGN|20:05,2026-02-06,VJ931/VJ155,A697,A321,KIX-HAN-SGN,19:15,20:05,19:15,20:05,19:35,20:14,20:15,20:27,00:50,00:40,DELAY,ONTIME,DELAY,DELAY,,66,00:10,,,,,CREW HN OB 1945,HAN,KIX,SGN,Domestic,VJ,,
2026-02-06|VJ928/VJ7712|A669|CGK-HAN-PKX|20:05,2026-02-06,VJ928/VJ7712,A669,A320,CGK-HAN-PKX,18:15,20:05,18:15,20:05,18:40,20:09,20:10,20:30,01:50,01:30,DELAY,ONTIME,DELAY,DELAY,,95,00:05,,,,,CREW FROM VJ198 OB 1946,HAN,CGK,PKX,International,VJ,,
2026-02-06|VJ512/VJ521|A661|DAD-HAN-DAD|20:50,2026-02-06,VJ512/VJ521,A661,A321,DAD-HAN-DAD,17:30,20:50,17:30,21:30,18:30,21:39,21:40,21:45,04:00,03:10,DELAY,ONTIME,DELAY,DELAY,,95,00:10,,,,,CREW FROM VJ424 OB 2115,HAN,DAD,DAD,Domestic,VJ,,
2026-02-06|VJ516/VJ7238|A655|HAN-PVG|21:30,2026-02-06,VJ516/VJ7238,A655,A320,HAN-PVG,19:35,21:30,21:35,22:35,21:50,22:28,22:30,22:32,01:00,00:40,EARLY,ONTIME,DELAY,DELAY,,,,,,,,,HAN,,PVG,International,VJ,,
2026-02-06|VJ152/VJ161|A640|SGN-HAN-SGN|22:00,2026-02-06,VJ152/VJ161,A640,A321,SGN-HAN-SGN,20:15,22:00,20:15,23:00,20:15,23:14,23:15,23:22,02:45,03:00,DELAY,ONTIME,DELAY,ONTIME,,95,00:15,,,,,CREW FROM VJ160 OB 2300,HAN,SGN,SGN,Domestic,VJ,,
2026-02-06|VJ520/VJ123|A657|DAD-HAN-SGN|22:10,2026-02-06,VJ520/VJ123,A657,A321,DAD-HAN-SGN,20:55,22:10,20:55,04:20,00:05,04:01,04:03,04:17,07:25,03:58,EARLY,ONTIME,DELAY,DELAY,,,,,,,,FERRY,HAN,DAD,SGN,Domestic,VJ,,
2026-02-06|VJ1440/VJ962|A522|PQC-HAN-ICN|22:50,2026-02-06,VJ1440/VJ962,A522,A321,PQC-HAN-ICN,20:10,22:50,20:10,22:50,21:00,22:48,22:50,22:55,02:40,01:50,ONTIME,ONTIME,ONTIME,DELAY,,,,,,,,,HAN,PQC,ICN,International,VJ,,
2026-02-06|VJ568/VJ523|A644|HUI-HAN-DAD|23:00,2026-02-06,VJ568/VJ523,A644,A321,HUI-HAN-DAD,22:15,23:00,22:15,23:00,23:30,23:57,23:58,00:03,00:45,00:28,DELAY,DELAY,DELAY,DELAY,,93,00:58,,,,,,HAN,HUI,DAD,Domestic,VJ,,
2026-02-06|VJ180/VJ171|A820|SGN-HAN-SGN|23:25,2026-02-06,VJ180/VJ171,A820,A321,SGN-HAN-SGN,22:25,23:25,22:25,23:25,23:00,23:44,23:45,23:50,01:00,00:45,DELAY,DELAY,DELAY,DELAY,,93,00:20,,,,,,HAN,SGN,SGN,Domestic,VJ,,
2026-02-06|VJ166/VJ7342|A663|SGN-HAN-XIY|23:35,2026-02-06,VJ166/VJ7342,A663,A320,SGN-HAN-XIY,21:00,23:35,21:00,23:35,22:35,23:34,23:35,23:45,02:35,01:00,ONTIME,ONTIME,ONTIME,DELAY,,,,,,,,,HAN,SGN,XIY,International,VJ,,
2026-02-06|VJ914/VJ7526|A632|SAI-HAN-CAN|23:40,2026-02-06,VJ914/VJ7526,A632,A321,SAI-HAN-CAN,21:15,23:40,21:15,23:40,22:25,23:38,23:39,23:43,02:25,01:14,EARLY,ONTIME,ONTIME,DELAY,,,,,,,,,HAN,SAI,CAN,International,VJ,,
2026-02-07|VJ3523/VJ3523|A537|PQC-HAN-KHV|00:25,2026-02-07,VJ3523/VJ3523,A537,A321,PQC-HAN-KHV,23:55,00:25,23:55,01:35,01:15,01:42,01:43,01:48,01:40,00:28,DELAY,ONTIME,DELAY,ONTIME,,93,00:08,,,,,,HAN,PQC,KHV,International,VJ,,
2026-02-07|VJ932|A646|HAN-NRT|00:55,2026-02-07,VJ932,A646,A321,HAN-NRT,,00:55,,00:55,,01:04,01:05,01:18,,,DELAY,ONTIME,DELAY,,,99,00:10,,,,,DL99 LATE ACCEPT 10PAX 12BAG,HAN,,NRT,International,VJ,,
2026-02-07|VJ982|A629|HAN-PUS|01:00,2026-02-07,VJ982,A629,A321,HAN-PUS,,01:00,,01:00,,00:56,00:57,01:00,,,EARLY,ONTIME,ONTIME,,,,,,,,,,HAN,,PUS,International,VJ,,
2026-02-07|VJ920|A536|HAN-NGO|01:35,2026-02-07,VJ920,A536,A321,HAN-NGO,,01:35,,01:35,,01:34,01:35,01:40,,,ONTIME,ONTIME,ONTIME,,,,,,,,,,HAN,,NGO,International,VJ,,
2026-02-07|VJ938|A528|HAN-KIX|01:40,2026-02-07,VJ938,A528,A321,HAN-KIX,,01:40,,01:40,,01:34,01:35,01:43,,,EARLY,ONTIME,ONTIME,,,,,,,,,,HAN,,KIX,International,VJ,,
2026-02-07|VJ960|A538|HAN-ICN|01:45,2026-02-07,VJ960,A538,A321,HAN-ICN,,01:45,,01:45,,01:39,01:40,01:55,,,EARLY,ONTIME,ONTIME,,,,,,,,,,HAN,,ICN,International,VJ,,
2026-02-07|VJ958|A547|HAN-FUK|02:05,2026-02-07,VJ958,A547,A321,HAN-FUK,,02:05,,02:05,,02:14,02:15,02:20,,,DELAY,ONTIME,ONTIME,,,87,00:10,,,,,DL87 ATC CLEARANCE,HAN,,FUK,International,VJ,,
2026-02-07|VJ179|A545|HAN-SGN|05:00,2026-02-07,VJ179,A545,A321,HAN-SGN,,05:00,,05:00,,04:54,04:55,05:00,,,EARLY,ONTIME,ONTIME,,,,,,,,,,HAN,,SGN,Domestic,VJ,,
2026-02-07|VJ185|A676|HAN-SGN|05:10,2026-02-07,VJ185,A676,A320,HAN-SGN,,05:10,,05:10,,05:04,05:05,05:10,,,EARLY,ONTIME,ONTIME,,,,,,,,,,HAN,,SGN,Domestic,VJ,,
2026-02-07|VJ461|A539|HAN-VCA|05:30,2026-02-07,VJ461,A539,A321,HAN-VCA,,05:30,,05:30,,05:24,05:25,05:35,,,EARLY,ONTIME,ONTIME,,,,,,,,,,HAN,,VCA,Domestic,VJ,,
2026-02-07|VJ7713/VJ401|A669|PKX-HAN-DLI|06:00,2026-02-07,VJ7713/VJ401,A669,A320,PKX-HAN-DLI,04:10,06:00,04:10,06:00,05:05,05:54,05:55,06:00,01:50,00:50,EARLY,ONTIME,ONTIME,DELAY,,,,,,,,,HAN,PKX,DLI,Domestic,VJ,,
2026-02-07|VJ491|A645|HAN-BMV|06:00,2026-02-07,VJ491,A645,A321,HAN-BMV,,06:00,,06:00,,05:54,05:55,06:04,,,EARLY,ONTIME,ONTIME,,,,,,,,,,HAN,,BMV,Domestic,VJ,,
2026-02-07|VJ443|A542|HAN-PQC|06:00,2026-02-07,VJ443,A542,A321,HAN-PQC,,06:00,,06:00,,05:54,05:55,06:05,,,EARLY,ONTIME,ONTIME,,,,,,,,,,HAN,,PQC,Domestic,VJ,,
2026-02-07|VJ503|A549|HAN-DAD|06:00,2026-02-07,VJ503,A549,A321,HAN-DAD,,06:00,,06:00,,05:54,05:55,06:10,,,EARLY,ONTIME,ONTIME,,,,,,,,,,HAN,,DAD,Domestic,VJ,,
2026-02-07|VJ7527/VJ421|A632|CAN-HAN-PXU|06:05,2026-02-07,VJ7527/VJ421,A632,A321,CAN-HAN-PXU,04:35,06:05,04:35,06:05,04:45,06:04,06:05,06:13,01:30,01:20,ONTIME,ONTIME,ONTIME,ONTIME,,,,,,,,,HAN,CAN,PXU,Domestic,VJ,,
2026-02-07|VJ952|A671|HAN-HIJ|06:05,2026-02-07,VJ952,A671,A320,HAN-HIJ,,06:05,,06:05,,05:58,06:00,06:10,,,EARLY,ONTIME,ONTIME,,,,,,,,,,HAN,,HIJ,International,VJ,,
2026-02-07|VJ181|A643|HAN-SGN|06:40,2026-02-07,VJ181,A643,A321,HAN-SGN,,06:40,,06:40,,06:34,06:35,06:45,,,EARLY,ONTIME,ONTIME,,,,,,,,,,HAN,,SGN,Domestic,VJ,,
2026-02-07|VJ105|656E|HAN-VCS|06:45,2026-02-07,VJ105,656E,C909,HAN-VCS,,06:45,,06:45,,06:39,06:40,06:44,,,EARLY,ONTIME,ONTIME,,,,,,,,,,HAN,,VCS,Domestic,VJ,,
2026-02-07|VJ905|A544|HAN-KUL|07:10,2026-02-07,VJ905,A544,A321,HAN-KUL,,07:10,,07:10,,07:04,07:05,07:08,,,EARLY,ONTIME,ONTIME,,,,,,,,,,HAN,,KUL,International,VJ,,
2026-02-07|VJ7239/VJ431|A655|PVG-HAN-UIH|07:10,2026-02-07,VJ7239/VJ431,A655,A320,PVG-HAN-UIH,06:05,07:10,06:05,07:10,06:00,07:04,07:05,07:16,01:05,01:05,EARLY,ONTIME,ONTIME,ONTIME,,,,,,,,,HAN,PVG,UIH,Domestic,VJ,,
2026-02-07|VJ7343/VJ956|A663|XIY-HAN-PUS|07:30,2026-02-07,VJ7343/VJ956,A663,A320,XIY-HAN-PUS,06:35,07:30,06:35,07:30,06:45,07:29,07:30,07:45,00:55,00:45,ONTIME,ONTIME,ONTIME,ONTIME,,,,,,,,,HAN,XIY,PUS,International,VJ,,
2026-02-07|VJ502/VJ771|A636|DAD-HAN-CXR|07:35,2026-02-07,VJ502/VJ771,A636,A321,DAD-HAN-CXR,07:05,07:35,07:05,07:35,07:15,07:42,07:43,07:56,00:30,00:28,DELAY,ONTIME,DELAY,ONTIME,,93,00:08,,,,,,HAN,DAD,CXR,Domestic,VJ,,
2026-02-07|VJ940|A670|HAN-TPE|07:35,2026-02-07,VJ940,A670,A321,HAN-TPE,,07:35,,07:35,,07:24,07:25,07:32,,,EARLY,ONTIME,ONTIME,,,,,,,,,,HAN,,TPE,International,VJ,,
2026-02-07|VJ107|652G|HAN-VCS|08:15,2026-02-07,VJ107,652G,C909,HAN-VCS,,08:15,,08:15,,08:02,08:03,08:16,,,EARLY,ONTIME,ONTIME,,,,,,,,,,HAN,,VCS,Domestic,VJ,,
2026-02-07|VJ910/VJ930|A693|BOM-HAN-KIX|08:20,2026-02-07,VJ910/VJ930,A693,A321,BOM-HAN-KIX,06:40,08:20,06:40,08:20,07:50,08:34,08:35,08:35,01:40,00:45,DELAY,ONTIME,ONTIME,DELAY,,66,00:15,,,,,CREW HN OB 0805,HAN,BOM,KIX,International,VJ,,
2026-02-07|VJ120/VJ121|A816|SGN-HAN-SGN|08:40,2026-02-07,VJ120/VJ121,A816,A330,SGN-HAN-SGN,07:40,08:40,07:40,08:40,07:30,08:39,08:40,08:43,01:00,01:10,ONTIME,ONTIME,ONTIME,ONTIME,,,,,,,,,HAN,SGN,SGN,Domestic,VJ,,
2026-02-07|VJ1926/VJ929|A650|AMD-HAN-CGK|08:40,2026-02-07,VJ1926/VJ929,A650,A320,AMD-HAN-CGK,06:20,08:40,06:20,08:40,06:00,08:34,08:35,08:36,02:20,02:35,EARLY,ONTIME,ONTIME,ONTIME,,,,,,,,,HAN,AMD,CGK,International,VJ,,
2026-02-07|VJ126/VJ127|A534|SGN-HAN-SGN|08:55,2026-02-07,VJ126/VJ127,A534,A321,SGN-HAN-SGN,08:25,08:55,08:25,08:55,08:40,09:09,09:10,09:20,00:30,00:30,DELAY,ONTIME,DELAY,ONTIME,,93,00:15,,,,,,HAN,SGN,SGN,Domestic,VJ,,
2026-02-07|VJ915|A697|HAN-SIN|09:35,2026-02-07,VJ915,A697,A321,HAN-SIN,,09:35,,09:35,,09:19,09:20,09:46,,,EARLY,ONTIME,ONTIME,,,,,,,,,,HAN,,SIN,International,VJ,,
2026-02-07|VJ124/VJ125|A812|SGN-HAN-SGN|09:45,2026-02-07,VJ124/VJ125,A812,A330,SGN-HAN-SGN,08:55,09:45,08:55,10:50,09:55,10:44,10:45,10:47,01:55,00:50,EARLY,ONTIME,DELAY,DELAY,,,,,,,,,HAN,SGN,SGN,Domestic,VJ,,
2026-02-07|VJ148/VJ149|-NVG|SGN-HAN-SGN|10:05,2026-02-07,VJ148/VJ149,-NVG,A320,SGN-HAN-SGN,09:30,10:05,09:30,11:00,10:30,10:59,11:00,11:10,01:30,00:30,ONTIME,ONTIME,DELAY,DELAY,,,,,,,,,HAN,SGN,SGN,Domestic,VJ,,
2026-02-07|VJ422/VJ567|A632|PXU-HAN-HUI|10:10,2026-02-07,VJ422/VJ567,A632,A321,PXU-HAN-HUI,09:40,10:10,09:40,10:10,10:00,10:29,10:30,10:34,00:30,00:30,DELAY,DELAY,DELAY,DELAY,,93,00:20,,,,,,HAN,PXU,HUI,Domestic,VJ,,
2026-02-07|VJ963/VJ997|A522|ICN-HAN-DPS|10:20,2026-02-07,VJ963/VJ997,A522,A321,ICN-HAN-DPS,09:30,10:20,09:30,10:20,09:25,10:19,10:20,10:30,00:50,00:55,ONTIME,ONTIME,ONTIME,ONTIME,,,,,,,,,HAN,ICN,DPS,International,VJ,,
2026-02-07|VJ504/VJ463|A549|DAD-HAN-VCA|10:30,2026-02-07,VJ504/VJ463,A549,A321,DAD-HAN-VCA,09:10,10:30,09:10,10:30,09:45,10:26,10:27,10:28,01:20,00:42,EARLY,ONTIME,ONTIME,DELAY,,,,,,,,,HAN,DAD,VCA,Domestic,VJ,,
2026-02-07|VJ524/VJ507|A661|DAD-HAN-DAD|10:30,2026-02-07,VJ524/VJ507,A661,A321,DAD-HAN-DAD,07:40,10:30,07:40,10:30,07:35,10:27,10:28,10:28,02:50,02:53,EARLY,ONTIME,ONTIME,ONTIME,,,,,,,,,HAN,DAD,DAD,Domestic,VJ,,
2026-02-07|VJ135|A648|HAN-SGN|11:10,2026-02-07,VJ135,A648,A321,HAN-SGN,,11:10,,12:45,,13:09,13:10,13:16,,,DELAY,DELAY,DELAY,,,93,00:25,,,,,VJ196 A* (06FEB) CHOCK ON 1240,HAN,,SGN,Domestic,VJ,,
2026-02-07|VJ430/VJ407|A655|UIH-HAN-DLI|11:25,2026-02-07,VJ430/VJ407,A655,A320,UIH-HAN-DLI,10:55,11:25,10:55,11:25,11:05,11:29,11:30,11:40,00:30,00:25,DELAY,ONTIME,ONTIME,ONTIME,,93,00:05,,,,,,HAN,UIH,DLI,Domestic,VJ,,
2026-02-07|VJ136/VJ934|A523|SGN-HAN-NRT|11:40,2026-02-07,VJ136/VJ934,A523,A321,SGN-HAN-NRT,10:40,11:40,10:40,12:10,11:10,11:57,11:58,12:09,01:30,00:48,EARLY,ONTIME,DELAY,DELAY,,,,,,,,,HAN,SGN,NRT,International,VJ,,
2026-02-07|VJ442/VJ946|A542|PQC-HAN-KHH|11:45,2026-02-07,VJ442/VJ946,A542,A321,PQC-HAN-KHH,10:45,11:45,10:45,11:45,11:15,11:44,11:45,11:55,01:00,00:30,ONTIME,ONTIME,ONTIME,DELAY,,,,,,,,,HAN,PQC,KHH,International,VJ,,
2026-02-07|VJ981/VJ901|A629|PUS-HAN-BKK|12:15,2026-02-07,VJ981/VJ901,A629,A321,PUS-HAN-BKK,11:00,12:15,11:00,12:15,11:40,12:24,12:25,12:25,01:15,00:45,DELAY,ONTIME,ONTIME,DELAY,,66,00:10,,,,,CREW HN OB 1155,HAN,PUS,BKK,International,VJ,,
2026-02-07|VJ959/VJ948|A547|FUK-HAN-RMQ|13:30,2026-02-07,VJ959/VJ948,A547,A321,FUK-HAN-RMQ,12:25,13:30,12:25,13:30,13:00,13:34,13:35,13:43,01:05,00:35,DELAY,ONTIME,ONTIME,DELAY,,66,00:05,,,,,CREW HN OB 1310,HAN,FUK,RMQ,International,VJ,,
2026-02-07|VJ440/VJ441|A672|PQC-HAN-PQC|13:35,2026-02-07,VJ440/VJ441,A672,A320,PQC-HAN-PQC,12:55,13:35,12:55,13:55,13:40,14:11,14:12,14:19,01:00,00:32,DELAY,DELAY,DELAY,DELAY,,93,00:10,66,00:07,,,CREW HN OB 1350,HAN,PQC,PQC,Domestic,VJ,,
2026-02-07|VJ770/VJ513|A636|CXR-HAN-DAD|13:35,2026-02-07,VJ770/VJ513,A636,A321,CXR-HAN-DAD,11:45,13:35,11:45,13:35,12:30,13:34,13:35,13:43,01:50,01:05,ONTIME,ONTIME,ONTIME,DELAY,,,,,,,,,HAN,CXR,DAD,Domestic,VJ,,
2026-02-07|VJ128/VJ143|A820|SGN-HAN-SGN|13:40,2026-02-07,VJ128/VJ143,A820,A321,SGN-HAN-SGN,12:10,13:40,12:10,13:40,12:52,13:37,13:38,13:47,01:30,00:46,EARLY,ONTIME,ONTIME,DELAY,,,,,,,,,HAN,SGN,SGN,Domestic,VJ,,
2026-02-07|VJ508/VJ511|A661|DAD-HAN-DAD|14:20,2026-02-07,VJ508/VJ511,A661,A321,DAD-HAN-DAD,13:40,14:20,13:40,14:20,14:05,14:34,14:35,14:47,00:40,00:30,DELAY,ONTIME,DELAY,DELAY,,93,00:20,,,,,,HAN,DAD,DAD,Domestic,VJ,,
2026-02-07|VJ939/VJ942|A528|KIX-HAN-TPE|14:25,2026-02-07,VJ939/VJ942,A528,A321,KIX-HAN-TPE,13:05,14:25,13:05,14:25,13:20,14:19,14:20,14:22,01:20,01:00,EARLY,ONTIME,ONTIME,ONTIME,,,,,,,,,HAN,KIX,TPE,International,VJ,,
2026-02-07|VJ492/VJ1491|A645|BMV-HAN-BMV|14:35,2026-02-07,VJ492/VJ1491,A645,A321,BMV-HAN-BMV,10:00,14:35,10:00,14:35,10:30,14:32,14:34,14:35,04:35,04:04,EARLY,ONTIME,ONTIME,DELAY,,,,,,,,,HAN,BMV,BMV,Domestic,VJ,,
2026-02-07|VJ132/VJ137|A673|SGN-HAN-SGN|15:05,2026-02-07,VJ132/VJ137,A673,A321,SGN-HAN-SGN,14:30,15:05,14:30,15:40,15:05,15:34,15:35,15:45,01:10,00:30,EARLY,ONTIME,DELAY,DELAY,,,,,,,,,HAN,SGN,SGN,Domestic,VJ,,
2026-02-07|VJ402/VJ433|A669|DLI-HAN-UIH|15:25,2026-02-07,VJ402/VJ433,A669,A320,DLI-HAN-UIH,10:10,15:25,10:10,15:25,10:20,15:24,15:25,15:30,05:15,05:05,ONTIME,ONTIME,ONTIME,ONTIME,,,,,,,,,HAN,DLI,UIH,Domestic,VJ,,
2026-02-07|VJ3524/VJ3524|A537|KHV-HAN-PQC|15:25,2026-02-07,VJ3524/VJ3524,A537,A321,KHV-HAN-PQC,14:55,15:25,14:55,15:25,15:05,15:29,15:30,15:40,00:30,00:25,DELAY,ONTIME,ONTIME,ONTIME,,93,00:05,,,,,,HAN,KHV,PQC,Domestic,VJ,,
2026-02-07|VJ941/VJ1441|A670|TPE-HAN-PQC|15:30,2026-02-07,VJ941/VJ1441,A670,A321,TPE-HAN-PQC,14:10,15:30,14:10,15:30,14:50,15:28,15:30,15:31,01:20,00:40,ONTIME,ONTIME,ONTIME,DELAY,,,,,,,,,HAN,TPE,PQC,Domestic,VJ,,
2026-02-07|VJ145|A500|HAN-SGN|15:35,2026-02-07,VJ145,A500,A321,HAN-SGN,,15:35,,15:35,,15:32,15:33,15:42,,,EARLY,ONTIME,ONTIME,,,,,,,,,,HAN,,SGN,Domestic,VJ,,
2026-02-07|VJ961/VJ903|A538|ICN-HAN-BKK|15:50,2026-02-07,VJ961/VJ903,A538,A321,ICN-HAN-BKK,14:10,15:50,14:10,15:50,14:12,15:47,15:48,15:58,01:40,01:36,EARLY,ONTIME,ONTIME,ONTIME,,,,,,,,,HAN,ICN,BKK,International,VJ,,
2026-02-07|VJ933/VJ191|A646|NRT-HAN-SGN|15:55,2026-02-07,VJ933/VJ191,A646,A321,NRT-HAN-SGN,14:00,15:55,14:00,15:55,14:35,15:54,15:55,16:00,01:55,01:20,ONTIME,ONTIME,ONTIME,DELAY,,,,,,,,,HAN,NRT,SGN,Domestic,VJ,,
2026-02-07|VJ566/VJ423|A632|HUI-HAN-PXU|15:55,2026-02-07,VJ566/VJ423,A632,A321,HUI-HAN-PXU,13:05,15:55,13:05,15:55,13:05,15:54,15:55,16:00,02:50,02:50,ONTIME,ONTIME,ONTIME,ONTIME,,,,,,,,,HAN,HUI,PXU,Domestic,VJ,,
2026-02-07|VJ460/VJ195|A549|VCA-HAN-SGN|16:00,2026-02-07,VJ460/VJ195,A549,A321,VCA-HAN-SGN,15:25,16:00,15:25,16:00,15:40,16:13,16:14,16:15,00:35,00:34,DELAY,ONTIME,ONTIME,ONTIME,,93,00:14,,,,,,HAN,VCA,SGN,Domestic,VJ,,
2026-02-07|VJ408/VJ409|A655|DLI-HAN-DLI|16:15,2026-02-07,VJ408/VJ409,A655,A320,DLI-HAN-DLI,15:35,16:15,15:35,16:15,15:45,16:14,16:15,16:25,00:40,00:30,ONTIME,ONTIME,ONTIME,ONTIME,,,,,,,,,HAN,DLI,DLI,Domestic,VJ,,
2026-02-07|VJ906/VJ913|A544|KUL-HAN-SAI|16:20,2026-02-07,VJ906/VJ913,A544,A321,KUL-HAN-SAI,14:55,16:20,14:55,16:20,14:55,16:17,16:18,16:29,01:25,01:23,EARLY,ONTIME,ONTIME,ONTIME,,,,,,,,,HAN,KUL,SAI,International,VJ,,
2026-02-07|VJ462/VJ515|A539|VCA-HAN-DAD|16:25,2026-02-07,VJ462/VJ515,A539,A321,VCA-HAN-DAD,15:40,16:25,15:40,16:25,15:50,16:24,16:25,16:32,00:45,00:35,ONTIME,ONTIME,ONTIME,ONTIME,,,,,,,,,HAN,VCA,DAD,Domestic,VJ,,
2026-02-07|VJ514/VJ465|A636|DAD-HAN-VCA|17:25,2026-02-07,VJ514/VJ465,A636,A321,DAD-HAN-VCA,16:45,17:25,16:45,17:25,17:25,17:54,17:55,18:02,00:40,00:30,DELAY,DELAY,DELAY,DELAY,,93,00:30,,,,,,HAN,DAD,VCA,Domestic,VJ,,
2026-02-07|VJ134/VJ163|-MLI|SGN-HAN-SGN|17:30,2026-02-07,VJ134/VJ163,-MLI,A320,SGN-HAN-SGN,17:00,17:30,18:10,18:40,18:30,18:54,18:55,19:05,00:30,00:25,DELAY,ONTIME,DELAY,DELAY,,93,00:15,,,,,,HAN,SGN,SGN,Domestic,VJ,,
2026-02-07|VJ784/VJ147|A634|CXR-HAN-SGN|17:40,2026-02-07,VJ784/VJ147,A634,A321,CXR-HAN-SGN,17:10,17:40,17:10,17:40,17:12,17:39,17:40,17:45,00:30,00:28,ONTIME,ONTIME,ONTIME,ONTIME,,,,,,,,FERRY FLIGHT,HAN,CXR,SGN,Domestic,VJ,,
2026-02-07|VJ953/VJ445|A671|HIJ-HAN-PQC|17:40,2026-02-07,VJ953/VJ445,A671,A320,HIJ-HAN-PQC,15:50,17:40,15:50,17:40,16:40,17:39,17:40,17:44,01:50,01:00,ONTIME,ONTIME,ONTIME,DELAY,,,,,,,,,HAN,HIJ,PQC,Domestic,VJ,,
2026-02-07|VJ902/VJ783|A629|BKK-HAN-CXR|17:55,2026-02-07,VJ902/VJ783,A629,A321,BKK-HAN-CXR,17:00,17:55,17:00,17:55,17:30,17:59,18:00,18:10,00:55,00:30,DELAY,ONTIME,ONTIME,DELAY,,93,00:05,,,,,,HAN,BKK,CXR,Domestic,VJ,,
2026-02-07|VJ921/VJ779|A536|NGO-HAN-CXR|18:00,2026-02-07,VJ921/VJ779,A536,A321,NGO-HAN-CXR,13:40,18:00,13:40,19:00,13:50,18:59,19:00,19:30,05:20,05:10,ONTIME,ONTIME,DELAY,ONTIME,,,,,,,,,HAN,NGO,CXR,Domestic,VJ,,
2026-02-07|VJ194/VJ193|A516|SGN-HAN-SGN|18:15,2026-02-07,VJ194/VJ193,A516,A321,SGN-HAN-SGN,17:45,18:15,17:45,18:15,18:10,18:39,18:40,18:50,00:30,00:30,DELAY,DELAY,DELAY,DELAY,,93,00:25,,,,,,HAN,SGN,SGN,Domestic,VJ,,
2026-02-07|VJ947/VJ493|A542|KHH-HAN-BMV|18:25,2026-02-07,VJ947/VJ493,A542,A321,KHH-HAN-BMV,18:05,18:25,18:05,18:25,17:50,18:24,18:25,18:30,00:20,00:35,ONTIME,ONTIME,ONTIME,ONTIME,,,,,,,,,HAN,KHH,BMV,Domestic,VJ,,
2026-02-07|VJ971|A817|HAN-DEL|19:10,2026-02-07,VJ971,A817,A330,HAN-DEL,,19:10,,19:10,,20:04,20:05,20:10,,,DELAY,DELAY,DELAY,,,63A,00:55,,,,,CREW SHOW UP LATE DUE TO TRAFFIC OB 1935,HAN,,DEL,International,VJ,,
2026-02-07|VJ916/VJ569|A697|SIN-HAN-HUI|19:15,2026-02-07,VJ916/VJ569,A697,A321,SIN-HAN-HUI,17:25,19:15,17:25,20:10,18:30,20:14,20:15,20:27,02:45,01:45,DELAY,ONTIME,DELAY,DELAY,,95,00:05,,,,,CHANGE CREW FRVJ446 OB 1945,HAN,SIN,HUI,Domestic,VJ,,
2026-02-07|VJ957/VJ173|A663|PUS-HAN-SGN|19:25,2026-02-07,VJ957/VJ173,A663,A320,PUS-HAN-SGN,17:20,19:25,17:20,19:25,18:32,19:47,19:48,19:50,02:05,01:16,DELAY,DELAY,DELAY,DELAY,,63A,00:23,,,,,LATE CREW DUE TO TRAFFIC (OB 1227),HAN,PUS,SGN,Domestic,VJ,,
2026-02-07|VJ446/VJ1925|A672|PQC-HAN-AMD|19:30,2026-02-07,VJ446/VJ1925,A672,A320,PQC-HAN-AMD,18:30,19:30,18:30,20:10,19:30,20:14,20:15,20:25,01:40,00:45,DELAY,ONTIME,DELAY,DELAY,,66,00:05,,,,,,HAN,PQC,AMD,International,VJ,,
2026-02-07|VJ152/VJ519|A642|SGN-HAN-DAD|19:45,2026-02-07,VJ152/VJ519,A642,A321,SGN-HAN-DAD,19:15,19:45,19:15,22:00,22:10,22:39,22:40,22:54,02:45,00:30,DELAY,DELAY,DELAY,DELAY,,93,00:40,,,,,,HAN,SGN,DAD,Domestic,VJ,,
2026-02-07|VJ432/VJ7712|A669|UIH-HAN-PKX|20:05,2026-02-07,VJ432/VJ7712,A669,A320,UIH-HAN-PKX,19:10,20:05,19:10,20:05,19:20,20:04,20:05,20:12,00:55,00:45,ONTIME,ONTIME,ONTIME,ONTIME,,,,,,,,,HAN,UIH,PKX,International,VJ,,
2026-02-07|VJ424/VJ155|A632|PXU-HAN-SGN|20:05,2026-02-07,VJ424/VJ155,A632,A321,PXU-HAN-SGN,19:35,20:05,19:35,20:05,20:10,20:39,20:40,20:57,00:30,00:30,DELAY,DELAY,DELAY,DELAY,,93,00:35,,,,,,HAN,PXU,SGN,Domestic,VJ,,
2026-02-07|VJ928/VJ7306|A650|CGK-HAN-TFU|20:55,2026-02-07,VJ928/VJ7306,A650,A320,CGK-HAN-TFU,18:15,20:55,18:15,20:55,17:55,21:59,22:00,22:05,02:40,04:05,DELAY,DELAY,DELAY,ONTIME,,63A,01:05,,,,,CREW SHOW UP LATE DUE TO TRAFFIC OB2137,HAN,CGK,TFU,International,VJ,,
2026-02-07|VJ1440/VJ521|A670|PQC-HAN-DAD|20:55,2026-02-07,VJ1440/VJ521,A670,A321,PQC-HAN-DAD,20:10,20:55,20:10,20:55,20:35,21:04,21:05,21:06,00:45,00:30,DELAY,ONTIME,ONTIME,DELAY,,93,00:10,,,,,,HAN,PQC,DAD,Domestic,VJ,,
2026-02-07|VJ947/VJ7238|A542|KHH-HAN-PVG|21:30,2026-02-07,VJ947/VJ7238,A542,A321,KHH-HAN-PVG,18:05,21:30,18:05,21:30,18:13,21:57,21:58,22:12,03:25,03:45,DELAY,DELAY,DELAY,ONTIME,,63A,00:28,,,,,LATE CREW DUE TO TRAFFIC (OB 2140),HAN,KHH,PVG,International,VJ,,
2026-02-07|VJ158/VJ123|A534|SGN-HAN-SGN|22:10,2026-02-07,VJ158/VJ123,A534,A321,SGN-HAN-SGN,20:30,22:10,20:30,22:10,20:14,22:34,22:35,22:40,01:40,02:21,DELAY,DELAY,DELAY,ONTIME,,95,00:25,,,,,CREW FROM VJ158 SHOW UP AT 2205,HAN,SGN,SGN,Domestic,VJ,,
2026-02-07|VJ160/VJ161|A637|SGN-HAN-SGN|22:30,2026-02-07,VJ160/VJ161,A637,A321,SGN-HAN-SGN,22:00,22:30,00:00,00:40,00:42,00:59,01:00,01:05,00:40,00:18,DELAY,DELAY,DELAY,ONTIME,,93,00:20,,,,,,HAN,SGN,SGN,Domestic,VJ,,
2026-02-07|VJ931/VJ962|A693|KIX-HAN-ICN|22:50,2026-02-07,VJ931/VJ962,A693,A321,KIX-HAN-ICN,19:15,22:50,19:15,22:50,19:25,22:49,22:50,23:05,03:35,03:25,ONTIME,ONTIME,ONTIME,ONTIME,,,,,,,,,HAN,KIX,ICN,International,VJ,,
2026-02-07|VJ778/VJ523|A525|CXR-HAN-DAD|22:50,2026-02-07,VJ778/VJ523,A525,A321,CXR-HAN-DAD,22:20,22:50,23:50,00:30,23:55,00:23,00:25,00:30,00:40,00:30,EARLY,ONTIME,DELAY,DELAY,,,,,,,,,HAN,CXR,DAD,Domestic,VJ,,
2026-02-07|VJ172/VJ171|A820|SGN-HAN-SGN|23:25,2026-02-07,VJ172/VJ171,A820,A321,SGN-HAN-SGN,18:55,23:25,18:55,23:25,19:55,23:59,00:00,00:03,04:30,04:05,DELAY,DELAY,DELAY,DELAY,,95,00:35,,,,,CHANGE CREW FRVJ180 OB2335,HAN,SGN,SGN,Domestic,VJ,,
2026-02-07|VJ516/VJ7526|A539|DAD-HAN-CAN|23:40,2026-02-07,VJ516/VJ7526,A539,A321,DAD-HAN-CAN,19:35,23:40,19:35,23:40,21:42,23:44,23:45,23:50,04:05,02:03,DELAY,ONTIME,ONTIME,DELAY,,15A,00:05,,,,,OFFLOAD 1 PAX AND 1PCS BAGS,HAN,DAD,CAN,International,VJ,,
2026-02-07|VJ156/VJ159|A641|SGN-HAN-SGN|23:40,2026-02-07,VJ156/VJ159,A641,A321,SGN-HAN-SGN,23:10,23:40,23:10,23:40,23:45,00:04,00:05,00:10,00:30,00:20,DELAY,DELAY,DELAY,DELAY,,93,00:25,,,,,FERRY FLIGHT,HAN,SGN,SGN,Domestic,VJ,,
2026-02-08|VJ932|A816|HAN-NRT|00:55,2026-02-08,VJ932,A816,A330,HAN-NRT,,00:55,,00:55,,00:54,00:55,01:10,,,ONTIME,ONTIME,ONTIME,,,,,,,,,,HAN,,NRT,International,VJ,,
2026-02-08|VJ982|A522|HAN-PUS|01:00,2026-02-08,VJ982,A522,A321,HAN-PUS,,01:00,,01:00,,00:49,00:50,01:00,,,EARLY,ONTIME,ONTIME,,,,,,,,,,HAN,,PUS,International,VJ,,
2026-02-08|VJ920|A500|HAN-NGO|01:35,2026-02-08,VJ920,A500,A321,HAN-NGO,,01:35,,01:35,,01:34,01:35,01:43,,,ONTIME,ONTIME,ONTIME,,,,,,,,,,HAN,,NGO,International,VJ,,
2026-02-08|VJ938|A537|HAN-KIX|01:40,2026-02-08,VJ938,A537,A321,HAN-KIX,,01:40,,01:40,,01:39,01:40,01:42,,,ONTIME,ONTIME,ONTIME,,,,,,,,,,HAN,,KIX,International,VJ,,
2026-02-08|VJ960|A528|HAN-ICN|01:45,2026-02-08,VJ960,A528,A321,HAN-ICN,,01:45,,01:45,,01:36,01:37,01:41,,,EARLY,ONTIME,ONTIME,,,,,,,,,,HAN,,ICN,International,VJ,,
2026-02-08|VJ958|A547|HAN-FUK|02:05,2026-02-08,VJ958,A547,A321,HAN-FUK,,02:05,,02:05,,01:48,01:50,01:57,,,EARLY,ONTIME,ONTIME,,,,,,,,,,HAN,,FUK,International,VJ,,
2026-02-08|VJ7704/VJ7704|A549|CXR-HAN-VVO|02:15,2026-02-08,VJ7704/VJ7704,A549,A321,CXR-HAN-VVO,00:30,02:15,00:30,02:15,01:55,02:24,02:25,02:29,01:45,00:30,DELAY,ONTIME,ONTIME,DELAY,,93,00:10,,,,,,HAN,CXR,VVO,International,VJ,,
2026-02-08|VJ179|A645|HAN-SGN|05:00,2026-02-08,VJ179,A645,A321,HAN-SGN,,05:00,,05:00,,04:52,04:55,05:02,,,EARLY,ONTIME,ONTIME,,,,,,,,,FERRY FLIGHT,HAN,,SGN,Domestic,VJ,,
2026-02-08|VJ185|A675|HAN-SGN|05:10,2026-02-08,VJ185,A675,A320,HAN-SGN,,05:10,,05:10,,05:09,05:10,05:15,,,ONTIME,ONTIME,ONTIME,,,,,,,,,FERRY FLIGHT,HAN,,SGN,Domestic,VJ,,
2026-02-08|VJ7527/VJ509|A544|CAN-HAN-DAD|05:25,2026-02-08,VJ7527/VJ509,A544,A321,CAN-HAN-DAD,04:35,05:25,04:35,05:25,04:20,05:19,05:20,05:28,00:50,01:00,EARLY,ONTIME,ONTIME,ONTIME,,,,,,,,,HAN,CAN,DAD,Domestic,VJ,,
2026-02-08|VJ7713/VJ461|A669|PKX-HAN-VCA|05:30,2026-02-08,VJ7713/VJ461,A669,A320,PKX-HAN-VCA,04:10,05:30,04:10,05:30,04:15,05:24,05:25,05:30,01:20,01:10,EARLY,ONTIME,ONTIME,ONTIME,,,,,,,,,HAN,PKX,VCA,Domestic,VJ,,
2026-02-08|VJ401|A663|HAN-DLI|06:00,2026-02-08,VJ401,A663,A320,HAN-DLI,,06:00,,06:00,,05:54,05:55,05:56,,,EARLY,ONTIME,ONTIME,,,,,,,,,,HAN,,DLI,Domestic,VJ,,
2026-02-08|VJ503|A636|HAN-DAD|06:00,2026-02-08,VJ503,A636,A321,HAN-DAD,,06:00,,06:00,,05:54,05:55,06:00,,,EARLY,ONTIME,ONTIME,,,,,,,,,,HAN,,DAD,Domestic,VJ,,
2026-02-08|VJ491|A632|HAN-BMV|06:00,2026-02-08,VJ491,A632,A321,HAN-BMV,,06:00,,06:00,,05:54,05:55,06:02,,,EARLY,ONTIME,ONTIME,,,,,,,,,,HAN,,BMV,Domestic,VJ,,
2026-02-08|VJ421|A657|HAN-PXU|06:05,2026-02-08,VJ421,A657,A321,HAN-PXU,,06:05,,06:05,,05:59,06:00,06:05,,,EARLY,ONTIME,ONTIME,,,,,,,,,,HAN,,PXU,Domestic,VJ,,
2026-02-08|VJ952|A655|HAN-HIJ|06:35,2026-02-08,VJ952,A655,A320,HAN-HIJ,,06:35,,06:35,,06:27,06:29,06:35,,,EARLY,ONTIME,ONTIME,,,,,,,,,,HAN,,HIJ,International,VJ,,
2026-02-08|VJ181|A642|HAN-SGN|06:40,2026-02-08,VJ181,A642,A321,HAN-SGN,,06:40,,06:40,,06:19,06:20,06:30,,,EARLY,ONTIME,ONTIME,,,,,,,,,FERRY FLIGHT,HAN,,SGN,Domestic,VJ,,
2026-02-08|VJ443|A634|HAN-PQC|06:45,2026-02-08,VJ443,A634,A321,HAN-PQC,,06:45,,06:45,,06:34,06:35,06:40,,,EARLY,ONTIME,ONTIME,,,,,,,,,,HAN,,PQC,Domestic,VJ,,
2026-02-08|VJ105|652G|HAN-VCS|06:45,2026-02-08,VJ105,652G,C909,HAN-VCS,,06:45,,06:45,,06:39,06:40,06:45,,,EARLY,ONTIME,ONTIME,,,,,,,,,,HAN,,VCS,Domestic,VJ,,
2026-02-08|VJ905|A646|HAN-KUL|07:10,2026-02-08,VJ905,A646,A321,HAN-KUL,,07:10,,07:10,,07:04,07:05,07:15,,,EARLY,ONTIME,ONTIME,,,,,,,,,,HAN,,KUL,International,VJ,,
2026-02-08|VJ7239/VJ431|A661|PVG-HAN-UIH|07:10,2026-02-08,VJ7239/VJ431,A661,A321,PVG-HAN-UIH,05:15,07:10,05:15,07:10,05:40,07:04,07:05,07:15,01:55,01:25,EARLY,ONTIME,ONTIME,DELAY,,,,,,,,,HAN,PVG,UIH,Domestic,VJ,,
2026-02-08|VJ7307/VJ956|A650|TFU-HAN-PUS|07:30,2026-02-08,VJ7307/VJ956,A650,A320,TFU-HAN-PUS,02:15,07:30,02:15,07:30,03:15,07:17,07:18,07:25,05:15,04:03,EARLY,ONTIME,ONTIME,DELAY,,,,,,,,,HAN,TFU,PUS,International,VJ,,
2026-02-08|VJ940|A542|HAN-TPE|07:35,2026-02-08,VJ940,A542,A321,HAN-TPE,,07:35,,07:35,,07:29,07:30,07:35,,,EARLY,ONTIME,ONTIME,,,,,,,,,,HAN,,TPE,International,VJ,,
2026-02-08|VJ107|656E|HAN-VCS|08:15,2026-02-08,VJ107,656E,C909,HAN-VCS,,08:15,,08:15,,08:09,08:10,08:20,,,EARLY,ONTIME,ONTIME,,,,,,,,,,HAN,,VCS,Domestic,VJ,,
2026-02-08|VJ934|A523|HAN-NRT|08:20,2026-02-08,VJ934,A523,A321,HAN-NRT,,08:20,,08:20,,08:14,08:15,08:25,,,EARLY,ONTIME,ONTIME,,,,,,,,,,HAN,,NRT,International,VJ,,
2026-02-08|VJ930|A538|HAN-KIX|08:20,2026-02-08,VJ930,A538,A321,HAN-KIX,,08:20,,08:20,,08:19,08:20,08:24,,,ONTIME,ONTIME,ONTIME,,,,,,,,,,HAN,,KIX,International,VJ,,
2026-02-08|VJ124/VJ125|A820|SGN-HAN-SGN|08:40,2026-02-08,VJ124/VJ125,A820,A321,SGN-HAN-SGN,07:50,08:40,07:50,08:40,07:45,08:39,08:40,08:55,00:50,00:55,ONTIME,ONTIME,ONTIME,ONTIME,,,,,,,,,HAN,SGN,SGN,Domestic,VJ,,
2026-02-08|VJ502/VJ771|A644|DAD-HAN-CXR|08:45,2026-02-08,VJ502/VJ771,A644,A321,DAD-HAN-CXR,08:15,08:45,08:15,08:45,08:35,09:04,09:05,09:12,00:30,00:30,DELAY,DELAY,DELAY,DELAY,,93,00:20,,,,,,HAN,DAD,CXR,Domestic,VJ,,
2026-02-08|VJ126/VJ127|A535|SGN-HAN-SGN|08:55,2026-02-08,VJ126/VJ127,A535,A321,SGN-HAN-SGN,08:25,08:55,08:25,09:50,09:25,09:49,09:50,10:00,01:25,00:25,ONTIME,ONTIME,DELAY,DELAY,,,,,,,,FERRY FLIGHT,HAN,SGN,SGN,Domestic,VJ,,
2026-02-08|VJ972/VJ773|A817|DEL-HAN-CXR|09:00,2026-02-08,VJ972/VJ773,A817,A330,DEL-HAN-CXR,05:35,09:00,05:35,09:00,06:00,08:59,09:00,09:06,03:25,03:00,ONTIME,ONTIME,ONTIME,DELAY,,,,,,,,,HAN,DEL,CXR,Domestic,VJ,,
2026-02-08|VJ1926/VJ929|A672|AMD-HAN-CGK|09:00,2026-02-08,VJ1926/VJ929,A672,A320,AMD-HAN-CGK,07:40,09:00,07:40,09:00,07:00,08:59,09:00,09:02,01:20,02:00,ONTIME,ONTIME,ONTIME,ONTIME,,,,,,,,,HAN,AMD,CGK,International,VJ,,
2026-02-08|VJ510/VJ915|A544|DAD-HAN-SIN|09:35,2026-02-08,VJ510/VJ915,A544,A321,DAD-HAN-SIN,08:35,09:35,08:35,09:35,09:00,09:34,09:35,09:45,01:00,00:35,ONTIME,ONTIME,ONTIME,DELAY,,,,,,,,,HAN,DAD,SIN,International,VJ,,
2026-02-08|VJ997|A697|HAN-DPS|10:00,2026-02-08,VJ997,A697,A321,HAN-DPS,,10:00,,10:00,,09:59,10:00,10:05,,,ONTIME,ONTIME,ONTIME,,,,,,,,,,HAN,,DPS,International,VJ,,
2026-02-08|VJ148/VJ149|-NVG|SGN-HAN-SGN|10:05,2026-02-08,VJ148/VJ149,-NVG,A320,SGN-HAN-SGN,09:30,10:05,09:30,10:05,10:00,10:24,10:25,10:34,00:35,00:25,DELAY,DELAY,DELAY,DELAY,,93,00:20,,,,,,HAN,SGN,SGN,Domestic,VJ,,
2026-02-08|VJ504/VJ567|A636|DAD-HAN-HUI|10:10,2026-02-08,VJ504/VJ567,A636,A321,DAD-HAN-HUI,09:00,10:10,09:00,10:10,09:40,10:09,10:10,10:20,01:10,00:30,ONTIME,ONTIME,ONTIME,DELAY,,,,,,,,,HAN,DAD,HUI,Domestic,VJ,,
2026-02-08|VJ492/VJ507|A632|BMV-HAN-DAD|10:30,2026-02-08,VJ492/VJ507,A632,A321,BMV-HAN-DAD,10:00,10:30,10:00,10:45,10:20,10:59,11:00,11:08,00:45,00:40,DELAY,ONTIME,DELAY,DELAY,,93,00:05,66,00:10,,,CREW HN OB 1030,HAN,BMV,DAD,Domestic,VJ,,
2026-02-08|VJ422/VJ463|A657|PXU-HAN-VCA|10:30,2026-02-08,VJ422/VJ463,A657,A321,PXU-HAN-VCA,09:40,10:30,09:40,10:30,10:00,10:29,10:30,10:34,00:50,00:30,ONTIME,ONTIME,ONTIME,DELAY,,,,,,,,,HAN,PXU,VCA,Domestic,VJ,,
2026-02-08|VJ524/VJ135|A656|DAD-HAN-SGN|11:10,2026-02-08,VJ524/VJ135,A656,A320,DAD-HAN-SGN,08:45,11:10,08:45,11:10,09:10,10:52,10:55,10:58,02:25,01:45,EARLY,ONTIME,ONTIME,DELAY,,,,,,,,FERRY FLIGHT,HAN,DAD,SGN,Domestic,VJ,,
2026-02-08|VJ402/VJ2947|A663|DLI-HAN-SAI|11:20,2026-02-08,VJ402/VJ2947,A663,A320,DLI-HAN-SAI,10:10,11:20,10:10,11:20,10:15,11:09,11:10,11:12,01:10,00:55,EARLY,ONTIME,ONTIME,ONTIME,,,,,,,,FERRY FLIGHT,HAN,DLI,SAI,International,VJ,,
2026-02-08|VJ184/VJ129|A810|SGN-HAN-SGN|11:25,2026-02-08,VJ184/VJ129,A810,A330,SGN-HAN-SGN,10:25,11:25,10:25,11:25,10:55,11:24,11:25,11:30,01:00,00:30,ONTIME,ONTIME,ONTIME,DELAY,,,,,,,,,HAN,SGN,SGN,Domestic,VJ,,
2026-02-08|VJ430/VJ407|A661|UIH-HAN-DLI|11:25,2026-02-08,VJ430/VJ407,A661,A321,UIH-HAN-DLI,10:55,11:25,10:55,11:25,10:55,11:24,11:25,11:29,00:30,00:30,ONTIME,ONTIME,ONTIME,ONTIME,,,,,,,,,HAN,UIH,DLI,Domestic,VJ,,
2026-02-08|VJ132/VJ137|A673|SGN-HAN-SGN|11:40,2026-02-08,VJ132/VJ137,A673,A321,SGN-HAN-SGN,11:10,11:40,11:10,11:40,12:00,12:29,12:30,12:36,00:30,00:30,DELAY,DELAY,DELAY,DELAY,,93,00:50,,,,,,HAN,SGN,SGN,Domestic,VJ,,
2026-02-08|VJ963/VJ946|A693|ICN-HAN-KHH|11:45,2026-02-08,VJ963/VJ946,A693,A321,ICN-HAN-KHH,09:30,11:45,09:30,11:45,09:40,11:37,11:38,11:44,02:15,01:58,EARLY,ONTIME,ONTIME,ONTIME,,,,,,,,,HAN,ICN,KHH,International,VJ,,
2026-02-08|VJ981/VJ901|A640|PUS-HAN-BKK|12:15,2026-02-08,VJ981/VJ901,A640,A321,PUS-HAN-BKK,11:00,12:15,11:00,12:15,11:20,12:14,12:15,12:18,01:15,00:55,ONTIME,ONTIME,ONTIME,DELAY,,,,,,,,,HAN,PUS,BKK,International,VJ,,
2026-02-08|VJ780/VJ441|A629|CXR-HAN-PQC|12:55,2026-02-08,VJ780/VJ441,A629,A321,CXR-HAN-PQC,12:30,12:55,12:15,12:55,12:35,13:02,13:03,13:10,00:40,00:28,DELAY,ONTIME,ONTIME,ONTIME,,,,,,,,,HAN,CXR,PQC,Domestic,VJ,,
2026-02-08|VJ442/VJ781|A634|PQC-HAN-CXR|13:15,2026-02-08,VJ442/VJ781,A634,A321,PQC-HAN-CXR,11:30,13:15,11:30,13:15,11:45,13:09,13:10,13:12,01:45,01:25,EARLY,ONTIME,ONTIME,ONTIME,,,,,,,,,HAN,PQC,CXR,Domestic,VJ,,
2026-02-08|VJ959/VJ948|A547|FUK-HAN-RMQ|13:30,2026-02-08,VJ959/VJ948,A547,A321,FUK-HAN-RMQ,12:25,13:30,12:25,13:30,12:10,13:16,13:20,13:27,01:05,01:10,EARLY,ONTIME,ONTIME,ONTIME,,,,,,,,,HAN,FUK,RMQ,International,VJ,,
2026-02-08|VJ566/VJ513|A636|HUI-HAN-DAD|13:35,2026-02-08,VJ566/VJ513,A636,A321,HUI-HAN-DAD,13:05,13:35,13:05,13:35,13:40,14:19,14:20,14:30,00:30,00:40,DELAY,DELAY,DELAY,DELAY,,93,00:35,66,00:10,,,CREW HN OB 1354,HAN,HUI,DAD,Domestic,VJ,,
2026-02-08|VJ508/VJ511|A632|DAD-HAN-DAD|14:20,2026-02-08,VJ508/VJ511,A632,A321,DAD-HAN-DAD,13:40,14:20,13:40,15:10,14:35,15:09,15:10,15:19,01:30,00:35,ONTIME,ONTIME,DELAY,DELAY,,,,,,,,,HAN,DAD,DAD,Domestic,VJ,,
2026-02-08|VJ939/VJ942|A537|KIX-HAN-TPE|14:25,2026-02-08,VJ939/VJ942,A537,A321,KIX-HAN-TPE,13:05,14:25,13:05,14:25,13:45,14:29,14:30,14:40,01:20,00:45,DELAY,ONTIME,ONTIME,DELAY,,66,00:05,,,,,CREW HN OB 1355,HAN,KIX,TPE,International,VJ,,
2026-02-08|VJ921/VJ1491|A500|NGO-HAN-BMV|14:35,2026-02-08,VJ921/VJ1491,A500,A321,NGO-HAN-BMV,13:40,14:35,13:40,14:35,13:45,14:32,14:33,14:37,00:55,00:48,EARLY,ONTIME,ONTIME,ONTIME,,,,,,,,,HAN,NGO,BMV,Domestic,VJ,,
2026-02-08|VJ7705/VJ7705|A549|VVO-HAN-CXR|14:45,2026-02-08,VJ7705/VJ7705,A549,A321,VVO-HAN-CXR,13:30,14:45,13:30,15:20,15:07,15:32,15:33,15:37,01:50,00:26,DELAY,ONTIME,DELAY,DELAY,,93,00:13,,,,,,HAN,VVO,CXR,Domestic,VJ,,
2026-02-08|VJ188/VJ151|-NVE|SGN-HAN-SGN|15:00,2026-02-08,VJ188/VJ151,-NVE,A320,SGN-HAN-SGN,14:25,15:00,14:25,15:00,16:10,16:34,16:35,16:45,00:35,00:25,DELAY,DELAY,DELAY,DELAY,,93,01:35,,,,,,HAN,SGN,SGN,Domestic,VJ,,
2026-02-08|VJ138/VJ153|A633|SGN-HAN-SGN|15:10,2026-02-08,VJ138/VJ153,A633,A321,SGN-HAN-SGN,14:40,15:10,14:40,16:25,16:10,16:39,16:40,17:01,01:45,00:30,DELAY,ONTIME,DELAY,DELAY,,93,00:15,,,,,LATE PUSHBACK DUE TO ATC,HAN,SGN,SGN,Domestic,VJ,,
2026-02-08|VJ941/VJ433|A542|TPE-HAN-UIH|15:25,2026-02-08,VJ941/VJ433,A542,A321,TPE-HAN-UIH,14:10,15:25,14:10,15:25,15:00,15:34,15:35,15:40,01:15,00:35,DELAY,ONTIME,ONTIME,DELAY,,93,00:05,66,00:05,,,CREW HN OB 1510,HAN,TPE,UIH,Domestic,VJ,,
2026-02-08|VJ440/VJ1441|A671|PQC-HAN-PQC|15:30,2026-02-08,VJ440/VJ1441,A671,A320,PQC-HAN-PQC,11:55,15:30,13:20,15:30,13:30,15:29,15:30,15:33,02:10,02:00,ONTIME,ONTIME,ONTIME,DELAY,,,,,,,,,HAN,PQC,PQC,Domestic,VJ,,
2026-02-08|VJ144/VJ145|A820|SGN-HAN-SGN|15:35,2026-02-08,VJ144/VJ145,A820,A321,SGN-HAN-SGN,14:10,15:35,14:10,15:35,15:25,16:04,16:05,16:05,01:25,00:40,DELAY,DELAY,DELAY,DELAY,,93,00:30,,,,,,HAN,SGN,SGN,Domestic,VJ,,
2026-02-08|VJ961/VJ903|A528|PUS-HAN-BKK|15:50,2026-02-08,VJ961/VJ903,A528,A321,PUS-HAN-BKK,14:10,15:50,14:10,15:50,14:00,15:54,15:55,16:04,01:40,01:55,DELAY,ONTIME,ONTIME,ONTIME,,15A,00:05,,,,,OFFLOAD 2 PAX 1 BAG,HAN,PUS,BKK,International,VJ,,
2026-02-08|VJ906/VJ191|A646|KUL-HAN-SGN|15:55,2026-02-08,VJ906/VJ191,A646,A321,KUL-HAN-SGN,14:55,15:55,14:55,15:55,14:55,16:12,16:13,16:20,01:00,01:18,DELAY,DELAY,DELAY,ONTIME,,95,00:18,,,,,FERRY FLIGHT/CREW VJ138 OB 1611,HAN,KUL,SGN,Domestic,VJ,,
2026-02-08|VJ933/VJ195|A816|NRT-HAN-SGN|16:00,2026-02-08,VJ933/VJ195,A816,A330,NRT-HAN-SGN,14:00,16:00,14:00,16:00,15:52,17:08,17:10,17:38,02:00,01:18,DELAY,DELAY,DELAY,DELAY,,93,01:00,66,00:10,,,CREW HN OB 1625/LATE PUSHBACK DUE TO ATC,HAN,NRT,SGN,Domestic,VJ,,
2026-02-08|VJ460/VJ423|A657|VCA-HAN-PXU|16:00,2026-02-08,VJ460/VJ423,A657,A321,VCA-HAN-PXU,15:25,16:00,15:25,16:15,15:45,16:24,16:25,16:29,00:50,00:40,DELAY,ONTIME,DELAY,DELAY,,66,00:10,,,,,CREW HN OB 1555,HAN,VCA,PXU,Domestic,VJ,,
2026-02-08|VJ408/VJ409|A661|DLI-HAN-DLI|16:05,2026-02-08,VJ408/VJ409,A661,A321,DLI-HAN-DLI,15:35,16:05,15:35,16:05,15:40,16:26,16:27,16:42,00:30,00:47,DELAY,DELAY,DELAY,ONTIME,,93,00:05,95,00:17,,,CREW VJ460 OB 1600,HAN,DLI,DLI,Domestic,VJ,,
2026-02-08|VJ902/VJ913|A640|BKK-HAN-SAI|16:20,2026-02-08,VJ902/VJ913,A640,A321,BKK-HAN-SAI,17:00,16:20,17:00,18:00,17:15,17:55,17:56,18:08,01:00,00:41,EARLY,ONTIME,DELAY,ONTIME,,,,,,,,,HAN,BKK,SAI,International,VJ,,
2026-02-08|VJ462/VJ515|A669|VCA-HAN-DAD|16:25,2026-02-08,VJ462/VJ515,A669,A320,VCA-HAN-DAD,15:40,16:25,15:40,16:25,16:05,16:29,16:30,16:53,00:45,00:25,DELAY,ONTIME,DELAY,DELAY,,93,00:05,,,,,,HAN,VCA,DAD,Domestic,VJ,,
2026-02-08|VJ2948/VJ147|A663|SAI-HAN-SGN|17:10,2026-02-08,VJ2948/VJ147,A663,A320,SAI-HAN-SGN,15:45,17:10,15:45,17:10,15:25,16:53,16:55,17:40,01:25,01:30,EARLY,ONTIME,DELAY,ONTIME,,,,,,,,FERRY FLIGHT/ LATE PUSHBACK DUE TO ATC,HAN,SAI,SGN,Domestic,VJ,,
2026-02-08|VJ514/VJ465|A636|DAD-HAN-VCA|17:25,2026-02-08,VJ514/VJ465,A636,A321,DAD-HAN-VCA,16:45,17:25,17:50,18:45,18:15,18:44,18:45,18:56,00:55,00:30,ONTIME,ONTIME,DELAY,DELAY,,,,,,,,,HAN,DAD,VCA,Domestic,VJ,,
2026-02-08|VJ134/VJ163|-MLI|SGN-HAN-SGN|17:30,2026-02-08,VJ134/VJ163,-MLI,A320,SGN-HAN-SGN,17:00,17:30,17:00,18:45,18:10,18:27,18:28,18:40,01:45,00:18,EARLY,ONTIME,DELAY,DELAY,,,,,,,,FERRY FLIGHT,HAN,SGN,SGN,Domestic,VJ,,
2026-02-08|VJ953/VJ445|A655|HIJ-HAN-PQC|17:40,2026-02-08,VJ953/VJ445,A655,A320,HIJ-HAN-PQC,16:20,17:40,16:20,18:10,17:40,18:09,18:10,18:25,01:50,00:30,ONTIME,ONTIME,DELAY,DELAY,,,,,,,,,HAN,HIJ,PQC,Domestic,VJ,,
2026-02-08|VJ172/VJ177|A812|SGN-HAN-SGN|17:45,2026-02-08,VJ172/VJ177,A812,A330,SGN-HAN-SGN,16:45,17:45,18:30,19:15,19:05,19:49,19:50,19:59,00:45,00:45,DELAY,DELAY,DELAY,DELAY,,93,00:35,,,,,,HAN,SGN,SGN,Domestic,VJ,,
2026-02-08|VJ512/VJ779|A632|DAD-HAN-CXR|18:00,2026-02-08,VJ512/VJ779,A632,A321,DAD-HAN-CXR,17:30,18:00,18:45,19:20,19:00,19:19,19:20,19:30,00:35,00:20,ONTIME,ONTIME,DELAY,DELAY,,,,,,,,,HAN,DAD,CXR,Domestic,VJ,,
2026-02-08|VJ446/VJ193|A629|BKK-HAN-SGN|18:10,2026-02-08,VJ446/VJ193,A629,A321,BKK-HAN-SGN,17:40,18:10,17:40,18:55,18:20,18:43,18:44,18:53,01:15,00:24,EARLY,ONTIME,DELAY,DELAY,,,,,,,,FERRY FLIGHT,HAN,BKK,SGN,Domestic,VJ,,
2026-02-08|VJ194/VJ493|A539|SGN-HAN-BMV|18:25,2026-02-08,VJ194/VJ493,A539,A321,SGN-HAN-BMV,17:30,18:25,17:30,19:30,18:25,19:28,19:30,19:35,02:00,01:05,ONTIME,ONTIME,DELAY,DELAY,,,,,,,,,HAN,SGN,BMV,Domestic,VJ,,
2026-02-08|VJ916/VJ1925|A544|SIN-HAN-AMD|19:00,2026-02-08,VJ916/VJ1925,A544,A321,SIN-HAN-AMD,17:25,19:00,17:25,19:00,17:30,18:58,19:00,19:10,01:35,01:30,ONTIME,ONTIME,ONTIME,ONTIME,,,,,,,,,HAN,SIN,AMD,International,VJ,,
2026-02-08|VJ957/VJ569|A650|PUS-HAN-HUI|19:15,2026-02-08,VJ957/VJ569,A650,A320,PUS-HAN-HUI,17:20,19:15,17:20,19:15,17:25,19:09,19:10,19:20,01:55,01:45,EARLY,ONTIME,ONTIME,ONTIME,,,,,,,,,HAN,PUS,HUI,Domestic,VJ,,
2026-02-08|VJ432/VJ519|A542|UIH-HAN-DAD|19:45,2026-02-08,VJ432/VJ519,A542,A321,UIH-HAN-DAD,19:10,19:45,19:10,20:15,19:32,20:12,20:13,20:15,01:05,00:41,EARLY,ONTIME,DELAY,DELAY,,,,,,,,,HAN,UIH,DAD,Domestic,VJ,,
2026-02-08|VJ424/VJ155|A657|PXU-HAN-SGN|20:05,2026-02-08,VJ424/VJ155,A657,A321,PXU-HAN-SGN,19:35,20:05,20:05,20:40,20:15,20:54,20:55,21:05,00:35,00:40,DELAY,ONTIME,DELAY,DELAY,,93,00:05,66,00:10,,,CREW HN OB 2025,HAN,PXU,SGN,Domestic,VJ,,
2026-02-08|VJ928/VJ7712|A672|CGK-HAN-PKX|20:05,2026-02-08,VJ928/VJ7712,A672,A320,CGK-HAN-PKX,18:35,20:05,18:35,20:05,18:40,19:59,20:00,20:04,01:30,01:20,EARLY,ONTIME,ONTIME,ONTIME,,,,,,,,,HAN,CGK,PKX,International,VJ,,
2026-02-08|VJ410/VJ521|A661|DLI-HAN-DAD|20:50,2026-02-08,VJ410/VJ521,A661,A321,DLI-HAN-DAD,20:10,20:50,20:55,21:35,21:05,21:44,21:45,21:48,00:40,00:40,DELAY,ONTIME,DELAY,DELAY,,66,00:10,,,,,CREW HN OB 2115,HAN,DLI,DAD,Domestic,VJ,,
2026-02-08|VJ516/VJ7238|A669|DAD-HAN-PVG|21:30,2026-02-08,VJ516/VJ7238,A669,A320,DAD-HAN-PVG,19:35,21:30,19:35,21:30,20:13,21:29,21:30,21:40,01:55,01:17,ONTIME,ONTIME,ONTIME,DELAY,,,,,,,,,HAN,DAD,PVG,International,VJ,,
2026-02-08|VJ931/VJ123|A538|KIX-HAN-SGN|22:10,2026-02-08,VJ931/VJ123,A538,A321,KIX-HAN-SGN,19:15,22:10,19:15,22:10,19:39,22:03,22:04,22:09,02:55,02:25,EARLY,ONTIME,ONTIME,DELAY,,,,,,,,FERRY FLIGHT,HAN,KIX,SGN,Domestic,VJ,,
2026-02-08|VJ568/VJ523|A650|HUI-HAN-DAD|22:45,2026-02-08,VJ568/VJ523,A650,A320,HUI-HAN-DAD,22:15,22:45,22:15,00:20,22:36,00:54,00:55,"1 day, 0:56:00",02:05,02:19,DELAY,DELAY,DELAY,DELAY,,95,00:35,,,,,CREW 778 OB 0029,HAN,HUI,DAD,Domestic,VJ,,
2026-02-08|VJ943/VJ161|A537|TPE-HAN-SGN|22:45,2026-02-08,VJ943/VJ161,A537,A321,TPE-HAN-SGN,20:55,22:45,20:55,23:40,23:10,23:39,23:40,23:45,02:45,00:30,ONTIME,ONTIME,DELAY,DELAY,,,,,,,,FERRY FLIGHT,HAN,TPE,SGN,Domestic,VJ,,
2026-02-08|VJ904/VJ962|A528|BKK-HAN-ICN|22:50,2026-02-08,VJ904/VJ962,A528,A321,BKK-HAN-ICN,20:50,22:50,20:50,22:50,22:35,23:19,23:20,23:30,02:00,00:45,DELAY,DELAY,DELAY,DELAY,,93,00:15,66,00:15,,,CREW HN OB 2251,HAN,BKK,ICN,International,VJ,,
2026-02-08|VJ914/VJ187|A640|SAI-HAN-SGN|22:50,2026-02-08,VJ914/VJ187,A640,A321,SAI-HAN-SGN,20:55,22:50,20:55,23:50,22:25,00:38,00:40,00:47,02:55,02:15,DELAY,DELAY,DELAY,DELAY,,95,00:50,,,,,CREW 156 OB 0024,HAN,SAI,SGN,Domestic,VJ,,
2026-02-08|VJ180/VJ171|A820|SGN-HAN-SGN|23:25,2026-02-08,VJ180/VJ171,A820,A321,SGN-HAN-SGN,22:25,23:25,22:25,23:25,22:45,23:24,23:25,23:30,01:00,00:40,ONTIME,ONTIME,ONTIME,DELAY,,,,,,,,,HAN,SGN,SGN,Domestic,VJ,,
2026-02-08|VJ464/VJ7526|A636|VCA-HAN-CAN|23:40,2026-02-08,VJ464/VJ7526,A636,A321,VCA-HAN-CAN,22:20,23:40,22:20,00:30,1904-01-02,00:39,00:40,00:48,02:10,00:40,DELAY,DELAY,DELAY,DELAY,,66,00:10,,,,,CREW HN OB 0010,HAN,VCA,CAN,International,VJ,,
2026-02-09|VJ932|A816|HAN-NRT|00:55,2026-02-09,VJ932,A816,A330,HAN-NRT,,00:55,,00:55,,01:14,01:15,01:25,,,DELAY,DELAY,DELAY,,,95,00:05,49,00:15,,,CAPT FR 156 OB 0035/ TECHLOG MCC,HAN,,NRT,International,VJ,,
2026-02-09|VJ982|A500|HAN-PUS|01:00,2026-02-09,VJ982,A500,A321,HAN-PUS,,01:00,,01:00,,00:59,01:00,01:10,,,ONTIME,ONTIME,ONTIME,,,,,,,,,,HAN,,PUS,International,VJ,,
2026-02-09|VJ920|A547|HAN-NGO|01:35,2026-02-09,VJ920,A547,A321,HAN-NGO,,01:35,,01:35,,01:30,01:31,01:35,,,EARLY,ONTIME,ONTIME,,,,,,,,,,HAN,,NGO,International,VJ,,
2026-02-09|VJ938|A697|HAN-KIX|01:40,2026-02-09,VJ938,A697,A321,HAN-KIX,,01:40,,01:40,,01:34,01:35,01:45,,,EARLY,ONTIME,ONTIME,,,,,,,,,,HAN,,KIX,International,VJ,,
2026-02-09|VJ960|A693|HAN-ICN|01:45,2026-02-09,VJ960,A693,A321,HAN-ICN,,01:45,,01:45,,01:44,01:45,01:55,,,ONTIME,ONTIME,ONTIME,,,,,,,,,,HAN,,ICN,International,VJ,,
2026-02-09|VJ7614/VJ7614|A549|CXR-HAN-BQS|02:10,2026-02-09,VJ7614/VJ7614,A549,A321,CXR-HAN-BQS,01:40,02:10,01:40,02:10,02:05,02:31,02:32,02:40,00:30,00:27,DELAY,DELAY,DELAY,DELAY,,93,00:22,,,,,,HAN,CXR,BQS,International,VJ,,
2026-02-09|VJ179|A632|HAN-SGN|05:00,2026-02-09,VJ179,A632,A321,HAN-SGN,,05:00,,05:00,,04:51,04:52,04:57,,,EARLY,ONTIME,ONTIME,,,,,,,,,,HAN,,SGN,Domestic,VJ,,
2026-02-09|VJ185|A663|HAN-SGN|05:10,2026-02-09,VJ185,A663,A320,HAN-SGN,,05:10,,05:10,,04:48,04:49,04:58,,,EARLY,ONTIME,ONTIME,,,,,,,,,FERRY FLIGHT,HAN,,SGN,Domestic,VJ,,
2026-02-09|VJ509|A651|HAN-DAD|05:25,2026-02-09,VJ509,A651,A321,HAN-DAD,,05:25,,05:25,,05:19,05:20,05:26,,,EARLY,ONTIME,ONTIME,,,,,,,,,,HAN,,DAD,Domestic,VJ,,
2026-02-09|VJ461|A668|HAN-VCA|05:30,2026-02-09,VJ461,A668,A320,HAN-VCA,,05:30,,05:30,,05:24,05:25,05:30,,,EARLY,ONTIME,ONTIME,,,,,,,,,,HAN,,VCA,Domestic,VJ,,
2026-02-09|VJ7713/VJ401|A672|PKX-HAN-DLI|05:50,2026-02-09,VJ7713/VJ401,A672,A320,PKX-HAN-DLI,04:10,05:50,04:10,05:50,04:15,05:44,05:45,05:54,01:40,01:30,EARLY,ONTIME,ONTIME,ONTIME,,,,,,,,,HAN,PKX,DLI,Domestic,VJ,,
2026-02-09|VJ443|A542|HAN-PQC|06:00,2026-02-09,VJ443,A542,A321,HAN-PQC,,06:00,,06:00,,05:54,05:55,06:10,,,EARLY,ONTIME,ONTIME,,,,,,,,,,HAN,,PQC,Domestic,VJ,,
2026-02-09|VJ503|A657|HAN-DAD|06:00,2026-02-09,VJ503,A657,A321,HAN-DAD,,06:00,,06:00,,05:54,05:55,05:59,,,EARLY,ONTIME,ONTIME,,,,,,,,,,HAN,,DAD,Domestic,VJ,,
2026-02-09|VJ491|A644|HAN-BMV|06:00,2026-02-09,VJ491,A644,A321,HAN-BMV,,06:00,,06:00,,05:59,06:00,06:10,,,ONTIME,ONTIME,ONTIME,,,,,,,,,,HAN,,BMV,Domestic,VJ,,
2026-02-09|VJ421|A671|HAN-PXU|06:05,2026-02-09,VJ421,A671,A320,HAN-PXU,,06:05,,06:05,,05:59,06:00,06:11,,,EARLY,ONTIME,ONTIME,,,,,,,,,,HAN,,PXU,Domestic,VJ,,
2026-02-09|VJ7527/VJ181|A636|CAN-HAN-SGN|06:40,2026-02-09,VJ7527/VJ181,A636,A321,CAN-HAN-SGN,05:05,06:40,05:05,06:40,05:35,06:34,06:35,06:42,01:35,01:00,EARLY,ONTIME,ONTIME,DELAY,,,,,,,,,HAN,CAN,SGN,Domestic,VJ,,
2026-02-09|VJ105|652G|HAN-VCS|06:45,2026-02-09,VJ105,652G,C909,HAN-VCS,,06:45,,06:45,,06:39,06:40,06:45,,,EARLY,ONTIME,ONTIME,,,,,,,,,,HAN,,VCS,Domestic,VJ,,
2026-02-09|VJ431|A545|HAN-UIH|07:10,2026-02-09,VJ431,A545,A321,HAN-UIH,,07:10,,07:10,,07:09,07:10,07:25,,,ONTIME,ONTIME,ONTIME,,,,,,,,,,HAN,,UIH,Domestic,VJ,,
2026-02-09|VJ7239/VJ956|A669|PVG-HAN-PUS|07:30,2026-02-09,VJ7239/VJ956,A669,A320,PVG-HAN-PUS,05:15,07:30,05:15,07:30,05:30,07:21,07:23,07:25,02:15,01:53,EARLY,ONTIME,ONTIME,ONTIME,,,,,,,,,HAN,PVG,PUS,International,VJ,,
2026-02-09|VJ502/VJ771|A643|DAD-HAN-CXR|07:35,2026-02-09,VJ502/VJ771,A643,A321,DAD-HAN-CXR,07:05,07:35,07:05,07:35,07:10,07:34,07:35,07:40,00:30,00:25,ONTIME,ONTIME,ONTIME,ONTIME,,,,,,,,,HAN,DAD,CXR,Domestic,VJ,,
2026-02-09|VJ1926/VJ905|A544|AMD-HAN-KUL|07:35,2026-02-09,VJ1926/VJ905,A544,A321,AMD-HAN-KUL,06:20,07:35,06:20,07:35,05:40,07:27,07:28,07:33,01:15,01:48,EARLY,ONTIME,ONTIME,ONTIME,,,,,,,,,HAN,AMD,KUL,International,VJ,,
2026-02-09|VJ107|656E|HAN-VCS|08:15,2026-02-09,VJ107,656E,C909,HAN-VCS,,08:15,,08:15,,08:03,08:04,08:10,,,EARLY,ONTIME,ONTIME,,,,,,,,,,HAN,,VCS,Domestic,VJ,,
2026-02-09|VJ930|A516|HAN-KIX|08:20,2026-02-09,VJ930,A516,A321,HAN-KIX,,08:20,,08:20,,08:09,08:10,08:15,,,EARLY,ONTIME,ONTIME,,,,,,,,,,HAN,,KIX,International,VJ,,
2026-02-09|VJ934|A523|HAN-NRT|08:20,2026-02-09,VJ934,A523,A321,HAN-NRT,,08:20,,08:20,,08:14,08:15,08:22,,,EARLY,ONTIME,ONTIME,,,,,,,,,,HAN,,NRT,International,VJ,,
2026-02-09|VJ122/VJ940|A684|SGN-HAN-TPE|08:20,2026-02-09,VJ122/VJ940,A684,A321,SGN-HAN-TPE,07:30,08:20,07:30,08:20,07:22,08:19,08:20,08:25,00:50,00:58,ONTIME,ONTIME,ONTIME,ONTIME,,,,,,,,,HAN,SGN,TPE,International,VJ,,
2026-02-09|VJ124/VJ125|A820|SGN-HAN-SGN|08:40,2026-02-09,VJ124/VJ125,A820,A321,SGN-HAN-SGN,07:50,08:40,07:50,08:40,07:58,08:39,08:40,08:43,00:50,00:42,ONTIME,ONTIME,ONTIME,ONTIME,,,,,,,,,HAN,SGN,SGN,Domestic,VJ,,
2026-02-09|VJ929|A675|HAN-CGK|08:40,2026-02-09,VJ929,A675,A320,HAN-CGK,,08:40,,08:40,,08:39,08:40,08:48,,,ONTIME,ONTIME,ONTIME,,,,,,,,,,HAN,,CGK,International,VJ,,
2026-02-09|VJ126/VJ127|A578|SGN-HAN-SGN|08:55,2026-02-09,VJ126/VJ127,A578,A321,SGN-HAN-SGN,08:25,08:55,08:25,08:55,08:20,08:53,08:55,08:56,00:30,00:35,ONTIME,ONTIME,ONTIME,ONTIME,,,,,,,,FERRY FLIGHT,HAN,SGN,SGN,Domestic,VJ,,
2026-02-09|VJ176/VJ527|A639|SGN-HAN-DAD|09:30,2026-02-09,VJ176/VJ527,A639,A321,SGN-HAN-DAD,09:00,09:30,09:00,09:30,08:55,09:24,09:25,09:27,00:30,00:30,EARLY,ONTIME,ONTIME,ONTIME,,,,,,,,,HAN,SGN,DAD,Domestic,VJ,,
2026-02-09|VJ915|A539|HAN-SIN|09:35,2026-02-09,VJ915,A539,A321,HAN-SIN,,09:35,,09:35,,09:26,09:27,09:40,,,EARLY,ONTIME,ONTIME,,,,,,,,,,HAN,,SIN,International,VJ,,
2026-02-09|VJ510/VJ997|A651|DAD-HAN-DPS|10:00,2026-02-09,VJ510/VJ997,A651,A321,DAD-HAN-DPS,08:35,10:00,08:35,10:00,08:45,09:51,09:52,09:58,01:25,01:07,EARLY,ONTIME,ONTIME,ONTIME,,,,,,,,,HAN,DAD,DPS,International,VJ,,
2026-02-09|VJ148/VJ149|-NVG|SGN-HAN-SGN|10:05,2026-02-09,VJ148/VJ149,-NVG,A320,SGN-HAN-SGN,09:30,10:05,09:30,10:35,10:00,10:34,10:35,10:35,01:05,00:35,ONTIME,ONTIME,DELAY,DELAY,,,,,,,,,HAN,SGN,SGN,Domestic,VJ,,
2026-02-09|VJ504/VJ567|A657|DAD-HAN-HUI|10:10,2026-02-09,VJ504/VJ567,A657,A321,DAD-HAN-HUI,09:00,10:10,09:00,10:10,09:20,10:14,10:15,10:24,01:10,00:55,DELAY,ONTIME,ONTIME,DELAY,,15A,00:05,,,,,CUT 39PAX&04PCS,HAN,DAD,HUI,Domestic,VJ,,
2026-02-09|VJ963/VJ463|A528|ICN-HAN-VCA|10:30,2026-02-09,VJ963/VJ463,A528,A321,ICN-HAN-VCA,09:30,10:30,09:30,10:30,09:45,10:29,10:30,10:37,01:00,00:45,ONTIME,ONTIME,ONTIME,ONTIME,,,,,,,,,HAN,ICN,VCA,Domestic,VJ,,
2026-02-09|VJ492/VJ507|A644|BMV-HAN-DAD|10:30,2026-02-09,VJ492/VJ507,A644,A321,BMV-HAN-DAD,10:00,10:30,10:00,11:00,10:20,10:59,11:00,11:11,01:00,00:40,ONTIME,ONTIME,DELAY,DELAY,,,,,,,,,HAN,BMV,DAD,Domestic,VJ,,
2026-02-09|VJ422/VJ775|A671|PXU-HAN-CXR|10:40,2026-02-09,VJ422/VJ775,A671,A320,PXU-HAN-CXR,09:40,10:40,09:40,10:40,09:50,10:39,10:40,10:52,01:00,00:50,ONTIME,ONTIME,ONTIME,ONTIME,,,,,,,,,HAN,PXU,CXR,Domestic,VJ,,
2026-02-09|VJ136/VJ135|A698|SGN-HAN-SGN|11:10,2026-02-09,VJ136/VJ135,A698,A321,SGN-HAN-SGN,10:40,11:10,10:40,11:10,11:05,11:34,11:35,11:40,00:30,00:30,DELAY,DELAY,DELAY,DELAY,,93,00:25,,,,,,HAN,SGN,SGN,Domestic,VJ,,
2026-02-09|VJ184/VJ129|A812|SGN-HAN-SGN|11:25,2026-02-09,VJ184/VJ129,A812,A330,SGN-HAN-SGN,10:25,11:25,10:25,11:25,10:55,11:34,11:35,11:39,01:00,00:40,DELAY,ONTIME,ONTIME,DELAY,,93,00:10,,,,,,HAN,SGN,SGN,Domestic,VJ,,
2026-02-09|VJ402/VJ407|A672|DLI-HAN-DLI|11:25,2026-02-09,VJ402/VJ407,A672,A320,DLI-HAN-DLI,10:10,11:25,10:10,11:25,11:05,11:24,11:25,11:30,01:15,00:20,ONTIME,ONTIME,ONTIME,DELAY,,,,,,,,,HAN,DLI,DLI,Domestic,VJ,,
2026-02-09|VJ772/VJ133|A815|CXR-HAN-SGN|11:40,2026-02-09,VJ772/VJ133,A815,A330,CXR-HAN-SGN,10:40,11:40,10:40,11:40,10:55,11:39,11:40,11:50,01:00,00:45,ONTIME,ONTIME,ONTIME,ONTIME,,,,,,,,,HAN,CXR,SGN,Domestic,VJ,,
2026-02-09|VJ442/VJ946|A542|PQC-HAN-KHH|11:45,2026-02-09,VJ442/VJ946,A542,A321,PQC-HAN-KHH,10:45,11:45,10:45,11:45,11:20,11:59,12:00,12:00,01:00,00:40,DELAY,ONTIME,ONTIME,DELAY,,93,00:05,66,00:10,,,CHANGE CREW HN OB 1135,HAN,PQC,KHH,International,VJ,,
2026-02-09|VJ132/VJ137|A637|SGN-HAN-SGN|12:10,2026-02-09,VJ132/VJ137,A637,A321,SGN-HAN-SGN,11:40,12:10,11:40,12:10,12:05,12:24,12:25,12:25,00:30,00:20,DELAY,ONTIME,ONTIME,DELAY,,93,00:15,,,,,FERRY FLIGHT,HAN,SGN,SGN,Domestic,VJ,,
2026-02-09|VJ981/VJ901|A500|PUS-HAN-BKK|12:15,2026-02-09,VJ981/VJ901,A500,A321,PUS-HAN-BKK,11:00,12:15,11:00,12:15,11:05,12:14,12:15,12:17,01:15,01:10,ONTIME,ONTIME,ONTIME,ONTIME,,,,,,,,,HAN,PUS,BKK,International,VJ,,
2026-02-09|VJ770/VJ441|A643|CXR-HAN-PQC|12:25,2026-02-09,VJ770/VJ441,A643,A321,CXR-HAN-PQC,11:45,12:25,11:45,12:50,12:15,12:49,12:50,12:55,01:05,00:35,ONTIME,ONTIME,DELAY,DELAY,,,,,,,,,HAN,CXR,PQC,Domestic,VJ,,
2026-02-09|VJ430/VJ948|A545|UIH-HAN-RMQ|13:30,2026-02-09,VJ430/VJ948,A545,A321,UIH-HAN-RMQ,10:55,13:30,10:55,13:30,11:10,13:29,13:30,13:40,02:35,02:20,ONTIME,ONTIME,ONTIME,ONTIME,,,,,,,,,HAN,UIH,RMQ,International,VJ,,
2026-02-09|VJ528/VJ513|A639|DAD-HAN-DAD|13:35,2026-02-09,VJ528/VJ513,A639,A321,DAD-HAN-DAD,12:40,13:35,12:40,13:35,13:10,13:34,13:35,13:39,00:55,00:25,ONTIME,ONTIME,ONTIME,DELAY,,,,,,,,,HAN,DAD,DAD,Domestic,VJ,,
2026-02-09|VJ128/VJ143|A817|SGN-HAN-SGN|13:40,2026-02-09,VJ128/VJ143,A817,A330,SGN-HAN-SGN,12:10,13:40,12:10,13:40,12:40,13:39,13:40,13:45,01:30,01:00,ONTIME,ONTIME,ONTIME,DELAY,,,,,,,,,HAN,SGN,SGN,Domestic,VJ,,
2026-02-09|VJ508/VJ511|A644|DAD-HAN-DAD|14:20,2026-02-09,VJ508/VJ511,A644,A321,DAD-HAN-DAD,13:40,14:20,14:15,14:50,14:25,14:54,14:55,15:00,00:35,00:30,DELAY,ONTIME,DELAY,DELAY,,93,00:05,,,,,,HAN,DAD,DAD,Domestic,VJ,,
2026-02-09|VJ941/VJ942|A684|TPE-HAN-TPE|14:25,2026-02-09,VJ941/VJ942,A684,A321,TPE-HAN-TPE,14:55,14:25,14:55,15:55,15:15,15:59,16:00,16:10,01:00,00:45,DELAY,ONTIME,DELAY,DELAY,,66,00:05,,,,,CHANGE CREW OB 1535,HAN,TPE,TPE,International,VJ,,
2026-02-09|VJ921/VJ1491|A547|NGO-HAN-BMV|14:35,2026-02-09,VJ921/VJ1491,A547,A321,NGO-HAN-BMV,13:40,14:35,13:40,14:35,13:00,14:32,14:33,14:35,00:55,01:33,EARLY,ONTIME,ONTIME,ONTIME,,,,,,,,,HAN,NGO,BMV,Domestic,VJ,,
2026-02-09|VJ188/VJ151|-NVE|SGN-HAN-SGN|15:10,2026-02-09,VJ188/VJ151,-NVE,A320,SGN-HAN-SGN,14:35,15:10,15:00,16:00,15:40,16:04,16:05,16:10,01:00,00:25,DELAY,ONTIME,DELAY,DELAY,,93,00:05,,,,,,HAN,SGN,SGN,Domestic,VJ,,
2026-02-09|VJ7615/VJ7615|A549|BQS-HAN-CXR|15:10,2026-02-09,VJ7615/VJ7615,A549,A321,BQS-HAN-CXR,14:40,15:10,14:40,15:10,15:25,15:54,15:55,16:03,00:30,00:30,DELAY,DELAY,DELAY,DELAY,,93,00:45,,,,,,HAN,BQS,CXR,Domestic,VJ,,
2026-02-09|VJ774/VJ175|A671|CXR-HAN-SGN|15:20,2026-02-09,VJ774/VJ175,A671,A320,CXR-HAN-SGN,14:50,15:20,14:50,15:50,15:15,15:49,15:50,15:56,01:00,00:35,ONTIME,ONTIME,DELAY,DELAY,,,,,,,,,HAN,CXR,SGN,Domestic,VJ,,
2026-02-09|VJ440/VJ433|A655|PQC-HAN-UIH|15:25,2026-02-09,VJ440/VJ433,A655,A320,PQC-HAN-UIH,12:30,15:25,12:30,15:25,12:55,15:24,15:25,15:32,02:55,02:30,ONTIME,ONTIME,ONTIME,DELAY,,,,,,,,,HAN,PQC,UIH,Domestic,VJ,,
2026-02-09|VJ961/VJ1441|A693|ICN-HAN-PQC|15:30,2026-02-09,VJ961/VJ1441,A693,A321,ICN-HAN-PQC,14:10,15:30,14:10,15:30,14:05,15:29,15:30,15:35,01:20,01:25,ONTIME,ONTIME,ONTIME,ONTIME,,,,,,,,,HAN,ICN,PQC,Domestic,VJ,,
2026-02-09|VJ144/VJ145|A820|SGN-HAN-SGN|15:35,2026-02-09,VJ144/VJ145,A820,A321,SGN-HAN-SGN,14:10,15:35,14:10,15:35,14:45,15:31,15:32,15:40,01:25,00:47,EARLY,ONTIME,ONTIME,DELAY,,,,,,,,,HAN,SGN,SGN,Domestic,VJ,,
2026-02-09|VJ566/VJ903|A657|HUI-HAN-BKK|15:50,2026-02-09,VJ566/VJ903,A657,A321,HUI-HAN-BKK,14:55,15:50,13:05,15:50,13:35,15:49,15:50,15:57,02:45,02:15,ONTIME,ONTIME,ONTIME,ONTIME,,,,,,,,,HAN,HUI,BKK,International,VJ,,
2026-02-09|VJ939/VJ423|A697|HUI-HAN-PXU|15:55,2026-02-09,VJ939/VJ423,A697,A321,HUI-HAN-PXU,13:05,15:55,13:05,15:55,13:05,15:48,15:50,15:55,02:50,02:45,EARLY,ONTIME,ONTIME,ONTIME,,,,,,,,,HAN,HUI,PXU,Domestic,VJ,,
2026-02-09|VJ933/VJ195|A816|NRT-HAN-SGN|16:00,2026-02-09,VJ933/VJ195,A816,A330,NRT-HAN-SGN,14:00,16:00,14:00,16:00,14:10,15:59,16:00,16:10,02:00,01:50,ONTIME,ONTIME,ONTIME,ONTIME,,,,,,,,,HAN,NRT,SGN,Domestic,VJ,,
2026-02-09|VJ906/VJ191|A544|KUL-HAN-SGN|16:05,2026-02-09,VJ906/VJ191,A544,A321,KUL-HAN-SGN,15:05,16:05,15:05,16:05,15:10,15:51,15:52,16:02,01:00,00:42,EARLY,ONTIME,ONTIME,ONTIME,,,,,,,,FERRY FLIGHT,HAN,KUL,SGN,Domestic,VJ,,
2026-02-09|VJ409|A650|HAN-DLI|16:05,2026-02-09,VJ409,A650,A320,HAN-DLI,,16:05,,16:05,,16:04,16:05,16:13,,,ONTIME,ONTIME,ONTIME,,,,,,,,,,HAN,,DLI,Domestic,VJ,,
2026-02-09|VJ460/VJ913|A528|VCA-HAN-SAI|16:20,2026-02-09,VJ460/VJ913,A528,A321,VCA-HAN-SAI,15:25,16:20,15:25,16:20,16:00,16:38,16:40,16:50,00:55,00:40,DELAY,DELAY,DELAY,DELAY,,93,00:10,66,00:10,,,CREW HN OB 1620,HAN,VCA,SAI,International,VJ,,
2026-02-09|VJ462/VJ515|A668|VCA-HAN-DAD|16:25,2026-02-09,VJ462/VJ515,A668,A320,VCA-HAN-DAD,15:40,16:25,15:40,16:25,16:05,16:29,16:30,16:40,00:45,00:25,DELAY,ONTIME,ONTIME,DELAY,,93,00:05,,,,,,HAN,VCA,DAD,Domestic,VJ,,
2026-02-09|VJ514/VJ465|A639|DAD-HAN-VCA|17:25,2026-02-09,VJ514/VJ465,A639,A321,DAD-HAN-VCA,16:45,17:25,16:45,17:25,17:00,17:22,17:25,17:31,00:40,00:25,ONTIME,ONTIME,ONTIME,ONTIME,,,,,,,,,HAN,DAD,VCA,Domestic,VJ,,
2026-02-09|VJ134/VJ163|-MLI|SGN-HAN-SGN|17:30,2026-02-09,VJ134/VJ163,-MLI,A320,SGN-HAN-SGN,17:00,17:30,18:00,18:35,18:18,18:34,18:35,18:47,00:35,00:17,ONTIME,ONTIME,DELAY,DELAY,,,,,,,,FERRY FLIGHT,HAN,SGN,SGN,Domestic,VJ,,
2026-02-09|VJ408/VJ445|A672|DLI-HAN-PQC|17:40,2026-02-09,VJ408/VJ445,A672,A320,DLI-HAN-PQC,15:35,17:40,15:35,17:40,15:40,17:39,17:40,17:46,02:05,02:00,ONTIME,ONTIME,ONTIME,ONTIME,,,,,,,,,HAN,DLI,PQC,Domestic,VJ,,
2026-02-09|VJ130/VJ131|A812|SGN-HAN-SGN|17:45,2026-02-09,VJ130/VJ131,A812,A330,SGN-HAN-SGN,16:45,17:45,16:45,17:45,16:55,17:44,17:45,17:50,01:00,00:50,ONTIME,ONTIME,ONTIME,ONTIME,,,,,,,,,HAN,SGN,SGN,Domestic,VJ,,
2026-02-09|VJ146/VJ169|A815|SGN-HAN-SGN|18:00,2026-02-09,VJ146/VJ169,A815,A330,SGN-HAN-SGN,17:00,18:00,17:00,18:00,17:15,17:59,18:00,18:15,01:00,00:45,ONTIME,ONTIME,ONTIME,ONTIME,,,,,,,,,HAN,SGN,SGN,Domestic,VJ,,
2026-02-09|VJ512/VJ779|A635|DAD-HAN-CXR|18:00,2026-02-09,VJ512/VJ779,A635,A321,DAD-HAN-CXR,17:30,18:00,17:30,18:00,17:45,18:14,18:15,18:29,00:30,00:30,DELAY,ONTIME,DELAY,ONTIME,,93,00:15,,,,,,HAN,DAD,CXR,Domestic,VJ,,
2026-02-09|VJ194/VJ193|A538|SGN-HAN-SGN|18:10,2026-02-09,VJ194/VJ193,A538,A321,SGN-HAN-SGN,17:30,18:10,17:30,18:10,17:50,18:09,18:10,18:25,00:40,00:20,ONTIME,ONTIME,ONTIME,DELAY,,,,,,,,FERRY FLIGHT,HAN,SGN,SGN,Domestic,VJ,,
2026-02-09|VJ446/VJ147|A643|PQC-HAN-SGN|18:10,2026-02-09,VJ446/VJ147,A643,A321,PQC-HAN-SGN,17:10,18:10,17:40,18:20,18:15,18:38,18:40,18:45,00:40,00:25,DELAY,DELAY,DELAY,DELAY,,93,00:20,,,,,FERRY FLIGHT,HAN,PQC,SGN,Domestic,VJ,,
2026-02-09|VJ957/VJ1925|A669|PUS-HAN-AMD|19:00,2026-02-09,VJ957/VJ1925,A669,A320,PUS-HAN-AMD,17:20,19:00,17:20,19:00,17:05,18:55,18:56,19:00,01:40,01:51,EARLY,ONTIME,ONTIME,ONTIME,,,,,,,,,HAN,PUS,AMD,International,VJ,,
2026-02-09|VJ916/VJ907|A539|SIN-HAN-BOM|19:15,2026-02-09,VJ916/VJ907,A539,A321,SIN-HAN-BOM,17:25,19:15,17:25,19:15,17:20,19:09,19:10,19:15,01:50,01:50,EARLY,ONTIME,ONTIME,ONTIME,,,,,,,,,HAN,SIN,BOM,International,VJ,,
2026-02-09|VJ947/VJ569|A542|KHH-HAN-HUI|19:15,2026-02-09,VJ947/VJ569,A542,A321,KHH-HAN-HUI,18:05,19:15,18:05,19:15,18:05,19:09,19:10,19:12,01:10,01:05,EARLY,ONTIME,ONTIME,ONTIME,,,,,,,,,HAN,KHH,HUI,Domestic,VJ,,
2026-02-09|VJ152/VJ519|A552|SGN-HAN-DAD|19:45,2026-02-09,VJ152/VJ519,A552,A321,SGN-HAN-DAD,19:15,19:45,19:50,21:15,20:45,21:24,21:25,21:31,01:25,00:40,DELAY,ONTIME,DELAY,DELAY,,66,00:10,,,,,CREW HN OB 2100,HAN,SGN,DAD,Domestic,VJ,,
2026-02-09|VJ902/VJ7712|A500|BKK-HAN-PKX|20:05,2026-02-09,VJ902/VJ7712,A500,A321,BKK-HAN-PKX,17:00,20:05,17:00,20:05,17:25,19:49,19:50,20:00,03:05,02:25,EARLY,ONTIME,ONTIME,DELAY,,,,,,,,,HAN,BKK,PKX,International,VJ,,
2026-02-09|VJ424/VJ155|A697|PXU-HAN-SGN|20:05,2026-02-09,VJ424/VJ155,A697,A321,PXU-HAN-SGN,19:35,20:05,19:35,20:05,19:25,19:44,19:45,20:05,00:30,00:20,EARLY,ONTIME,ONTIME,ONTIME,,,,,,,,FERRY FLIGHT,HAN,PXU,SGN,Domestic,VJ,,
2026-02-09|VJ432/VJ7342|A655|UIH-HAN-XIY|20:15,2026-02-09,VJ432/VJ7342,A655,A320,UIH-HAN-XIY,19:10,20:15,19:10,20:15,19:20,20:14,20:15,20:23,01:05,00:55,ONTIME,ONTIME,ONTIME,ONTIME,,,,,,,,,HAN,UIH,XIY,International,VJ,,
2026-02-09|VJ949/VJ521|A545|RMQ-HAN-DAD|20:50,2026-02-09,VJ949/VJ521,A545,A321,RMQ-HAN-DAD,19:50,20:50,19:50,20:50,20:25,21:04,21:05,21:05,01:00,00:40,DELAY,ONTIME,ONTIME,DELAY,,93,00:05,66,00:10,,,CREW OB 2035,HAN,RMQ,DAD,Domestic,VJ,,
2026-02-09|VJ928/VJ7306|A675|CGK-HAN-TFU|20:55,2026-02-09,VJ928/VJ7306,A675,A320,CGK-HAN-TFU,18:15,20:55,18:15,20:55,18:45,20:53,20:54,21:03,02:40,02:09,EARLY,ONTIME,ONTIME,DELAY,,,,,,,,,HAN,CGK,TFU,International,VJ,,
2026-02-09|VJ516/VJ7238|A668|DAD-HAN-PVG|21:30,2026-02-09,VJ516/VJ7238,A668,A320,DAD-HAN-PVG,19:35,21:30,19:35,21:30,20:15,21:22,21:23,21:27,01:55,01:08,EARLY,ONTIME,ONTIME,DELAY,,,,,,,,,HAN,DAD,PVG,International,VJ,,
2026-02-09|VJ160/VJ161|A658|SGN-HAN-SGN|21:50,2026-02-09,VJ160/VJ161,A658,A320,SGN-HAN-SGN,21:15,21:50,21:15,21:50,22:05,22:29,22:30,22:37,00:35,00:25,DELAY,DELAY,DELAY,DELAY,,93,00:40,,,,,,HAN,SGN,SGN,Domestic,VJ,,
2026-02-09|VJ1440/VJ123|A693|PQC-HAN-SGN|22:10,2026-02-09,VJ1440/VJ123,A693,A321,PQC-HAN-SGN,20:25,22:10,20:25,22:10,20:55,21:44,21:45,21:55,01:45,00:50,EARLY,ONTIME,ONTIME,DELAY,,,,,,,,FERRY FLIGHT,HAN,PQC,SGN,Domestic,VJ,,
2026-02-09|VJ154/VJ523|A671|SGN-HAN-DAD|22:45,2026-02-09,VJ154/VJ523,A671,A320,SGN-HAN-DAD,20:10,22:45,20:10,23:35,21:55,23:31,23:32,23:35,03:25,01:37,EARLY,ONTIME,DELAY,DELAY,,,,,,,,,HAN,SGN,DAD,Domestic,VJ,,
2026-02-09|VJ914/VJ962|A528|SAI-HAN-ICN|22:50,2026-02-09,VJ914/VJ962,A528,A321,SAI-HAN-ICN,20:50,22:50,20:50,22:50,20:50,22:54,22:55,23:04,02:00,02:05,DELAY,ONTIME,ONTIME,ONTIME,,15A,00:05,,,,,OFFLOAD 1PAX+1BAG,HAN,SAI,ICN,International,VJ,,
2026-02-09|VJ180/VJ171|A820|SGN-HAN-SGN|23:25,2026-02-09,VJ180/VJ171,A820,A321,SGN-HAN-SGN,22:25,23:25,22:25,23:25,22:55,23:34,23:35,23:38,01:00,00:40,DELAY,ONTIME,ONTIME,DELAY,,93,00:10,,,,,,HAN,SGN,SGN,Domestic,VJ,,
2026-02-09|VJ156/VJ1159|A629|SGN-HAN-SGN|23:40,2026-02-09,VJ156/VJ1159,A629,A321,SGN-HAN-SGN,23:10,23:40,23:10,23:40,00:00,00:21,00:22,00:27,00:30,00:22,DELAY,DELAY,DELAY,ONTIME,,93,00:42,,,,,FERRY FLIGHT,HAN,SGN,SGN,Domestic,VJ,,
2026-02-09|VJ464/VJ7526|A639|VCA-HAN-CAN|23:40,2026-02-09,VJ464/VJ7526,A639,A321,VCA-HAN-CAN,22:20,23:40,22:20,23:40,22:35,23:39,23:40,23:49,01:20,01:05,ONTIME,ONTIME,ONTIME,ONTIME,,,,,,,,,HAN,VCA,CAN,International,VJ,,
2026-02-10|VJ932|A812|HAN-NRT|00:55,2026-02-10,VJ932,A812,A330,HAN-NRT,,00:55,,00:55,00:25,01:09,01:10,01:15,,,DELAY,ONTIME,DELAY,,,93,00:15,,,,,,HAN,,NRT,International,VJ,,
2026-02-10|VJ982|A542|HAN-PUS|01:00,2026-02-10,VJ982,A542,A321,HAN-PUS,,01:00,,01:00,,00:49,00:50,00:52,,,EARLY,ONTIME,ONTIME,,,,,,,,,,HAN,,PUS,International,VJ,,
2026-02-10|VJ920|A516|HAN-NGO|01:35,2026-02-10,VJ920,A516,A321,HAN-NGO,,01:35,,01:35,,01:28,01:29,01:31,,,EARLY,ONTIME,ONTIME,,,,,,,,,,HAN,,NGO,International,VJ,,
2026-02-10|VJ938|A547|HAN-KIX|01:40,2026-02-10,VJ938,A547,A321,HAN-KIX,,01:40,,01:40,,01:39,01:40,01:44,,,ONTIME,ONTIME,ONTIME,,,,,,,,,,HAN,,KIX,International,VJ,,
2026-02-10|VJ960|A684|HAN-ICN|01:45,2026-02-10,VJ960,A684,A321,HAN-ICN,,01:45,,01:45,,01:44,01:45,01:50,,,ONTIME,ONTIME,ONTIME,,,,,,,,,,HAN,,ICN,International,VJ,,
2026-02-10|VJ958|A651|HAN-FUK|02:05,2026-02-10,VJ958,A651,A321,HAN-FUK,,02:05,,02:05,,02:04,02:05,02:07,,,ONTIME,ONTIME,ONTIME,,,,,,,,,,HAN,,FUK,International,VJ,,
2026-02-10|VJ179|A649|HAN-SGN|05:00,2026-02-10,VJ179,A649,A321,HAN-SGN,,05:00,,05:00,,04:39,04:40,04:50,,,EARLY,ONTIME,ONTIME,,,,,,,,,FERRY FLIGHT,HAN,,SGN,Domestic,VJ,,
2026-02-10|VJ7713/VJ185|A500|PKX-HAN-SGN|05:10,2026-02-10,VJ7713/VJ185,A500,A321,PKX-HAN-SGN,04:10,05:10,04:10,05:10,04:35,05:04,05:05,05:14,01:00,00:30,EARLY,ONTIME,ONTIME,DELAY,,,,,,,,FERRY FLIGHT,HAN,PKX,SGN,Domestic,VJ,,
2026-02-10|VJ461|A650|HAN-VCA|05:30,2026-02-10,VJ461,A650,A320,HAN-VCA,,05:30,,05:30,,05:24,05:25,05:30,,,EARLY,ONTIME,ONTIME,,,,,,,,,,HAN,,VCA,Domestic,VJ,,
2026-02-10|VJ773|A816|HAN-CXR|05:45,2026-02-10,VJ773,A816,A330,HAN-CXR,,05:45,,08:30,,08:29,08:30,08:35,,,ONTIME,ONTIME,DELAY,,,,,,,,,,HAN,,CXR,Domestic,VJ,,
2026-02-10|VJ443|A635|HAN-PQC|06:00,2026-02-10,VJ443,A635,A321,HAN-PQC,,06:00,,06:00,,05:54,05:55,06:15,,,EARLY,ONTIME,ONTIME,,,,,,,,,,HAN,,PQC,Domestic,VJ,,
2026-02-10|VJ7527/VJ491|A639|CAN-HAN-BMV|06:00,2026-02-10,VJ7527/VJ491,A639,A321,CAN-HAN-BMV,04:35,06:00,04:35,06:00,04:25,05:54,05:55,05:58,01:25,01:30,EARLY,ONTIME,ONTIME,ONTIME,,,,,,,,,HAN,CAN,BMV,Domestic,VJ,,
2026-02-10|VJ421|A637|HAN-PXU|06:05,2026-02-10,VJ421,A637,A321,HAN-PXU,,06:05,,06:05,,05:59,06:00,06:10,,,EARLY,ONTIME,ONTIME,,,,,,,,,,HAN,,PXU,Domestic,VJ,,
2026-02-10|VJ7239/VJ401|A668|PVG-HAN-DLI|06:15,2026-02-10,VJ7239/VJ401,A668,A320,PVG-HAN-DLI,05:15,06:15,05:15,06:15,05:15,06:09,06:10,06:16,01:00,00:55,EARLY,ONTIME,ONTIME,ONTIME,,,,,,,,,HAN,PVG,DLI,Domestic,VJ,,
2026-02-10|VJ503|A697|HAN-DAD|06:30,2026-02-10,VJ503,A697,A321,HAN-DAD,,06:30,,06:30,,06:24,06:25,06:35,,,EARLY,ONTIME,ONTIME,,,,,,,,,,HAN,,DAD,Domestic,VJ,,
2026-02-10|VJ7307/VJ952|A675|TFU-HAN-HIJ|06:35,2026-02-10,VJ7307/VJ952,A675,A320,TFU-HAN-HIJ,02:15,06:35,02:15,06:35,02:25,06:29,06:30,06:38,04:20,04:05,EARLY,ONTIME,ONTIME,ONTIME,,,,,,,,,HAN,TFU,HIJ,International,VJ,,
2026-02-10|VJ181|A657|HAN-SGN|06:40,2026-02-10,VJ181,A657,A321,HAN-SGN,,06:40,,06:40,,06:39,06:40,06:55,,,ONTIME,ONTIME,ONTIME,,,,,,,,,,HAN,,SGN,Domestic,VJ,,
2026-02-10|VJ105|652G|HAN-VCS|06:45,2026-02-10,VJ105,652G,C909,HAN-VCS,,06:45,,06:45,,06:34,06:35,06:45,,,EARLY,ONTIME,ONTIME,,,,,,,,,,HAN,,VCS,Domestic,VJ,,
2026-02-10|VJ910/VJ905|A539|BOM-HAN-KUL|07:10,2026-02-10,VJ910/VJ905,A539,A321,BOM-HAN-KUL,06:40,07:10,06:40,07:25,06:30,07:14,07:15,07:19,00:45,00:45,EARLY,ONTIME,ONTIME,ONTIME,,,,,,,,,HAN,BOM,KUL,International,VJ,,
2026-02-10|VJ7343/VJ956|A655|XIY-HAN-PUS|07:30,2026-02-10,VJ7343/VJ956,A655,A320,XIY-HAN-PUS,03:10,07:30,03:10,07:30,03:00,07:14,07:15,07:19,04:20,04:15,EARLY,ONTIME,ONTIME,ONTIME,,,,,,,,,HAN,XIY,PUS,International,VJ,,
2026-02-10|VJ502/VJ940|A661|DAD-HAN-TPE|07:55,2026-02-10,VJ502/VJ940,A661,A321,DAD-HAN-TPE,07:05,07:55,07:05,07:55,06:55,07:49,07:50,07:55,00:50,00:55,EARLY,ONTIME,ONTIME,ONTIME,,,,,,,,,HAN,DAD,TPE,International,VJ,,
2026-02-10|VJ107|656E|HAN-VCS|08:15,2026-02-10,VJ107,656E,C909,HAN-VCS,,08:15,,08:15,,07:56,07:57,08:08,,,EARLY,ONTIME,ONTIME,,,,,,,,,,HAN,,VCS,Domestic,VJ,,
2026-02-10|VJ524/VJ431|A644|DAD-HAN-UIH|08:15,2026-02-10,VJ524/VJ431,A644,A321,DAD-HAN-UIH,07:40,08:15,07:40,08:15,07:45,08:13,08:15,08:18,00:35,00:30,ONTIME,ONTIME,ONTIME,ONTIME,,,,,,,,,HAN,DAD,UIH,Domestic,VJ,,
2026-02-10|VJ934|A523|HAN-NRT|08:20,2026-02-10,VJ934,A523,A321,HAN-NRT,,08:20,,08:20,,08:19,08:20,08:26,,,ONTIME,ONTIME,ONTIME,,,,,,,,,,HAN,,NRT,International,VJ,,
2026-02-10|VJ930|A580|HAN-KIX|08:20,2026-02-10,VJ930,A580,A321,HAN-KIX,,08:20,,08:20,,08:19,08:20,08:27,,,ONTIME,ONTIME,ONTIME,,,,,,,,,,HAN,,KIX,International,VJ,,
2026-02-10|VJ124/VJ125|A815|SGN-HAN-SGN|08:40,2026-02-10,VJ124/VJ125,A815,A330,SGN-HAN-SGN,07:50,08:40,07:50,08:40,08:05,08:39,08:40,08:46,00:50,00:35,ONTIME,ONTIME,ONTIME,ONTIME,,,,,,,,,HAN,SGN,SGN,Domestic,VJ,,
2026-02-10|VJ1926/VJ929|A669|AMD-HAN-CGK|08:40,2026-02-10,VJ1926/VJ929,A669,A320,AMD-HAN-CGK,06:20,08:40,06:20,08:40,06:35,08:31,08:32,08:40,02:20,01:57,EARLY,ONTIME,ONTIME,ONTIME,,,,,,,,,HAN,AMD,CGK,International,VJ,,
2026-02-10|VJ771|A552|HAN-CXR|08:40,2026-02-10,VJ771,A552,A321,HAN-CXR,,08:40,,08:40,,08:38,08:40,08:45,,,ONTIME,ONTIME,ONTIME,,,,,,,,,,HAN,,CXR,Domestic,VJ,,
2026-02-10|VJ122/VJ127|A551|SGN-HAN-SGN|08:55,2026-02-10,VJ122/VJ127,A551,A321,SGN-HAN-SGN,07:30,08:55,07:30,08:55,07:15,09:04,09:05,09:18,01:25,01:50,DELAY,ONTIME,DELAY,ONTIME,,95,00:10,,,,,"CARGO FLIGHT, CHANGE CREW FRVJ126 OB 0855",HAN,SGN,SGN,Domestic,VJ,,
2026-02-10|VJ126/VJ915|A674|SGN-HAN-SIN|09:35,2026-02-10,VJ126/VJ915,A674,A321,SGN-HAN-SIN,08:25,09:35,08:25,09:35,08:40,09:27,09:28,09:35,01:10,00:48,EARLY,ONTIME,ONTIME,ONTIME,,,,,,,,,HAN,SGN,SIN,International,VJ,,
2026-02-10|VJ148/VJ149|-NVG|SGN-HAN-SGN|10:05,2026-02-10,VJ148/VJ149,-NVG,A320,SGN-HAN-SGN,09:30,10:05,09:30,10:05,10:35,10:59,11:00,11:06,00:35,00:25,DELAY,DELAY,DELAY,DELAY,,93,00:55,,,,,,HAN,SGN,SGN,Domestic,VJ,,
2026-02-10|VJ422/VJ567|A637|PXU-HAN-HUI|10:10,2026-02-10,VJ422/VJ567,A637,A321,PXU-HAN-HUI,09:40,10:10,09:40,10:10,09:45,10:09,10:10,10:17,00:30,00:25,ONTIME,ONTIME,ONTIME,ONTIME,,,,,,,,,HAN,PXU,HUI,Domestic,VJ,,
2026-02-10|VJ963/VJ997|A528|ICN-HAN-DPS|10:15,2026-02-10,VJ963/VJ997,A528,A321,ICN-HAN-DPS,09:30,10:15,09:30,10:15,09:25,10:14,10:15,10:25,00:45,00:50,ONTIME,ONTIME,ONTIME,ONTIME,,,,,,,,,HAN,ICN,DPS,International,VJ,,
2026-02-10|VJ492/VJ507|A639|BMV-HAN-DAD|10:30,2026-02-10,VJ492/VJ507,A639,A321,BMV-HAN-DAD,10:00,10:30,10:00,10:30,09:55,10:29,10:30,10:35,00:30,00:35,ONTIME,ONTIME,ONTIME,ONTIME,,,,,,,,,HAN,BMV,DAD,Domestic,VJ,,
2026-02-10|VJ184/VJ129|A817|SGN-HAN-SGN|11:25,2026-02-10,VJ184/VJ129,A817,A330,SGN-HAN-SGN,10:25,11:25,10:25,11:25,10:55,11:24,11:25,11:31,01:00,00:30,ONTIME,ONTIME,ONTIME,DELAY,,,,,,,,,HAN,SGN,SGN,Domestic,VJ,,
2026-02-10|VJ504/VJ407|A671|DAD-HAN-DLI|11:25,2026-02-10,VJ504/VJ407,A671,A320,DAD-HAN-DLI,10:40,11:25,10:40,11:25,10:45,11:19,11:20,11:26,00:45,00:35,EARLY,ONTIME,ONTIME,ONTIME,,,,,,,,,HAN,DAD,DLI,Domestic,VJ,,
2026-02-10|VJ132/VJ137|A632|SGN-HAN-SGN|11:40,2026-02-10,VJ132/VJ137,A632,A321,SGN-HAN-SGN,11:10,11:40,11:10,11:40,11:40,12:02,12:03,12:04,00:30,00:23,DELAY,DELAY,DELAY,DELAY,,93,00:23,,,,,FERRY FLIGHT,HAN,SGN,SGN,Domestic,VJ,,
2026-02-10|VJ136/VJ946|A683|SGN-HAN-KHH|11:45,2026-02-10,VJ136/VJ946,A683,A321,SGN-HAN-KHH,10:40,11:45,10:40,11:45,11:25,11:59,12:00,12:07,01:05,00:35,DELAY,ONTIME,DELAY,DELAY,,93,00:10,66,00:05,,,CREW OB 1145,HAN,SGN,KHH,International,VJ,,
2026-02-10|VJ981/VJ901|A542|PUS-HAN-BKK|12:15,2026-02-10,VJ981/VJ901,A542,A321,PUS-HAN-BKK,11:00,12:15,11:00,12:15,11:35,12:19,12:20,12:25,01:15,00:45,DELAY,ONTIME,ONTIME,DELAY,,66,00:05,,,,,CREW OB 1155,HAN,PUS,BKK,International,VJ,,
2026-02-10|VJ442/VJ463|A635|PQC-HAN-VCA|12:20,2026-02-10,VJ442/VJ463,A635,A321,PQC-HAN-VCA,10:45,12:20,10:45,12:20,11:10,12:14,12:16,12:20,01:35,01:06,EARLY,ONTIME,ONTIME,DELAY,,,,,,,,,HAN,PQC,VCA,Domestic,VJ,,
2026-02-10|VJ402/VJ441|A668|DLI-HAN-PQC|12:25,2026-02-10,VJ402/VJ441,A668,A320,DLI-HAN-PQC,10:20,12:25,10:20,12:25,10:15,12:23,12:25,12:27,02:05,02:10,ONTIME,ONTIME,ONTIME,ONTIME,,,,,,,,,HAN,DLI,PQC,Domestic,VJ,,
2026-02-10|VJ430/VJ135|A644|UIH-HAN-SGN|12:35,2026-02-10,VJ430/VJ135,A644,A321,UIH-HAN-SGN,12:00,12:35,12:00,12:35,12:10,12:34,12:35,12:48,00:35,00:25,ONTIME,ONTIME,ONTIME,ONTIME,,,,,,,,FERRY FLIGHT,HAN,UIH,SGN,Domestic,VJ,,
2026-02-10|VJ186/VJ183|A814|SGN-HAN-SGN|12:40,2026-02-10,VJ186/VJ183,A814,A330,SGN-HAN-SGN,11:40,12:40,11:40,12:40,12:30,12:59,13:00,13:30,01:00,00:30,DELAY,DELAY,DELAY,DELAY,,93,00:20,,,,,,HAN,SGN,SGN,Domestic,VJ,,
2026-02-10|VJ780/VJ781|A549|CXR-HAN-CXR|13:00,2026-02-10,VJ780/VJ781,A549,A321,CXR-HAN-CXR,12:30,13:00,12:30,13:00,12:45,13:14,13:15,13:20,00:30,00:30,DELAY,ONTIME,DELAY,ONTIME,,93,00:15,,,,,,HAN,CXR,CXR,Domestic,VJ,,
2026-02-10|VJ566/VJ513|A637|HUI-HAN-DAD|13:35,2026-02-10,VJ566/VJ513,A637,A321,HUI-HAN-DAD,13:05,13:35,13:05,13:35,13:40,14:09,14:10,14:15,00:30,00:30,DELAY,DELAY,DELAY,DELAY,,93,00:35,,,,,,HAN,HUI,DAD,Domestic,VJ,,
2026-02-10|VJ128/VJ143|A820|SGN-HAN-SGN|13:40,2026-02-10,VJ128/VJ143,A820,A321,SGN-HAN-SGN,12:10,13:40,12:10,13:40,13:00,13:39,13:40,14:00,01:30,00:40,ONTIME,ONTIME,DELAY,DELAY,,,,,,,,,HAN,SGN,SGN,Domestic,VJ,,
2026-02-10|VJ770/VJ948|A552|CXR-HAN-RMQ|13:40,2026-02-10,VJ770/VJ948,A552,A321,CXR-HAN-RMQ,12:50,13:40,12:50,13:40,13:25,14:04,14:05,14:15,00:50,00:40,DELAY,DELAY,DELAY,DELAY,,93,00:15,66,00:10,,,CREW OB 1345,HAN,CXR,RMQ,International,VJ,,
2026-02-10|VJ921/VJ511|A516|NGO-HAN-DAD|14:20,2026-02-10,VJ921/VJ511,A516,A321,NGO-HAN-DAD,13:40,14:20,13:40,14:20,14:00,14:54,14:55,15:00,00:40,00:55,DELAY,DELAY,DELAY,DELAY,,93,00:20,66,00:10,15A,00:05,"CREW OB 1410, OFFLOAD 1 PAX AND 1 PCS BAG",HAN,NGO,DAD,Domestic,VJ,,
2026-02-10|VJ959/VJ942|A547|FUK-HAN-TPE|14:25,2026-02-10,VJ959/VJ942,A547,A321,FUK-HAN-TPE,12:25,14:25,12:25,14:25,13:05,14:19,14:20,14:25,02:00,01:15,EARLY,ONTIME,ONTIME,DELAY,,,,,,,,,HAN,FUK,TPE,International,VJ,,
2026-02-10|VJ939/VJ1491|A547|KIX-HAN-BMV|14:35,2026-02-10,VJ939/VJ1491,A547,A321,KIX-HAN-BMV,13:05,14:35,13:05,14:35,14:00,14:39,14:40,14:53,01:30,00:40,DELAY,ONTIME,DELAY,DELAY,,66,00:05,,,,,CREW OB 1405,HAN,KIX,BMV,Domestic,VJ,,
2026-02-10|VJ138/VJ153|A641|SGN-HAN-SGN|15:10,2026-02-10,VJ138/VJ153,A641,A321,SGN-HAN-SGN,14:40,15:10,15:35,16:20,16:10,16:29,16:30,16:35,00:45,00:20,DELAY,ONTIME,DELAY,DELAY,,93,00:10,,,,,LATE ARR,HAN,SGN,SGN,Domestic,VJ,,
2026-02-10|VJ440/VJ433|A672|PQC-HAN-UIH|15:25,2026-02-10,VJ440/VJ433,A672,A320,PQC-HAN-UIH,11:55,15:25,11:55,15:25,12:25,15:21,15:22,15:28,03:30,02:57,EARLY,ONTIME,ONTIME,DELAY,,,,,,,,,HAN,PQC,UIH,Domestic,VJ,,
2026-02-10|VJ144/VJ145|A815|SGN-HAN-SGN|15:35,2026-02-10,VJ144/VJ145,A815,A330,SGN-HAN-SGN,14:10,15:35,14:10,15:35,14:30,15:04,15:05,15:32,01:25,00:35,EARLY,ONTIME,ONTIME,DELAY,,,,,,,,FERRY FLIGHT,HAN,SGN,SGN,Domestic,VJ,,
2026-02-10|VJ941/VJ1441|A661|TPE-HAN-PQC|15:50,2026-02-10,VJ941/VJ1441,A661,A321,TPE-HAN-PQC,14:50,15:50,14:50,15:50,15:20,15:49,15:50,15:55,01:00,00:30,ONTIME,ONTIME,ONTIME,DELAY,,,,,,,,,HAN,TPE,PQC,Domestic,VJ,,
2026-02-10|VJ961/VJ903|A684|ICN-HAN-BKK|15:50,2026-02-10,VJ961/VJ903,A684,A321,ICN-HAN-BKK,14:10,15:50,14:10,15:50,14:20,15:39,15:40,15:47,01:40,01:20,EARLY,ONTIME,ONTIME,ONTIME,,,,,,,,,HAN,ICN,BKK,International,VJ,,
2026-02-10|VJ508/VJ423|A639|DAD-HAN-PXU|15:55,2026-02-10,VJ508/VJ423,A639,A321,DAD-HAN-PXU,13:40,15:55,13:40,15:55,14:15,15:54,15:55,16:05,02:15,01:40,ONTIME,ONTIME,ONTIME,DELAY,,,,,,,,,HAN,DAD,PXU,Domestic,VJ,,
2026-02-10|VJ933/VJ195|A812|NRT-HAN-SGN|16:00,2026-02-10,VJ933/VJ195,A812,A330,NRT-HAN-SGN,14:00,16:00,14:00,16:00,14:25,15:59,16:00,16:15,02:00,01:35,ONTIME,ONTIME,ONTIME,DELAY,,,,,,,,,HAN,NRT,SGN,Domestic,VJ,,
2026-02-10|VJ408/VJ409|A671|DLI-HAN-DLI|16:05,2026-02-10,VJ408/VJ409,A671,A320,DLI-HAN-DLI,15:35,16:05,15:35,16:05,15:35,16:04,16:05,16:15,00:30,00:30,ONTIME,ONTIME,ONTIME,ONTIME,,,,,,,,,HAN,DLI,DLI,Domestic,VJ,,
2026-02-10|VJ906/VJ913|A580|KUL-HAN-SAI|16:20,2026-02-10,VJ906/VJ913,A580,A321,KUL-HAN-SAI,14:55,16:20,14:55,16:20,14:40,16:10,16:11,16:16,01:25,01:31,EARLY,ONTIME,ONTIME,ONTIME,,,,,,,,,HAN,KUL,SAI,International,VJ,,
2026-02-10|VJ462/VJ515|A650|VCA-HAN-DAD|16:25,2026-02-10,VJ462/VJ515,A650,A320,VCA-HAN-DAD,15:40,16:25,15:40,16:25,15:35,16:24,16:25,16:35,00:45,00:50,ONTIME,ONTIME,ONTIME,ONTIME,,,,,,,,,HAN,VCA,DAD,Domestic,VJ,,
2026-02-10|VJ953/VJ147|A675|HIJ-HAN-SGN|17:10,2026-02-10,VJ953/VJ147,A675,A320,HIJ-HAN-SGN,16:20,17:10,16:20,17:50,17:20,17:49,17:50,17:55,01:30,00:30,ONTIME,ONTIME,DELAY,DELAY,,,,,,,,FERRY FLIGHT,HAN,HIJ,SGN,Domestic,VJ,,
2026-02-10|VJ514/VJ465|A637|DAD-HAN-VCA|17:25,2026-02-10,VJ514/VJ465,A637,A321,DAD-HAN-VCA,16:45,17:25,16:45,18:40,17:50,18:39,18:40,18:42,01:55,00:50,ONTIME,ONTIME,DELAY,DELAY,,,,,,,,,HAN,DAD,VCA,Domestic,VJ,,
2026-02-10|VJ134/VJ163|-MLI|SGN-HAN-SGN|17:30,2026-02-10,VJ134/VJ163,-MLI,A320,SGN-HAN-SGN,17:00,17:30,19:15,20:00,19:30,19:59,20:00,20:30,00:45,00:30,ONTIME,ONTIME,DELAY,DELAY,,,,,,,,,HAN,SGN,SGN,Domestic,VJ,,
2026-02-10|VJ784/VJ783|A549|CXR-HAN-CXR|17:40,2026-02-10,VJ784/VJ783,A549,A321,CXR-HAN-CXR,17:10,17:40,17:10,18:55,18:00,18:54,18:55,19:10,01:45,00:55,ONTIME,ONTIME,DELAY,DELAY,,,,,,,,,HAN,CXR,CXR,Domestic,VJ,,
2026-02-10|VJ460/VJ191|A635|VCA-HAN-SGN|17:45,2026-02-10,VJ460/VJ191,A635,A321,VCA-HAN-SGN,17:15,17:45,17:15,17:45,17:35,17:59,18:00,18:08,00:30,00:25,DELAY,ONTIME,DELAY,DELAY,,93,00:15,,,,,FERRY FLIGHT,HAN,VCA,SGN,Domestic,VJ,,
2026-02-10|VJ512/VJ779|A651|DAD-HAN-CXR|18:00,2026-02-10,VJ512/VJ779,A651,A321,DAD-HAN-CXR,17:30,18:00,17:30,19:30,19:00,19:24,19:25,19:35,02:00,00:25,EARLY,ONTIME,DELAY,DELAY,,,,,,,,,HAN,DAD,CXR,Domestic,VJ,,
2026-02-10|VJ902/VJ1445|A542|BKK-HAN-PQC|18:00,2026-02-10,VJ902/VJ1445,A542,A321,BKK-HAN-PQC,17:00,18:00,17:00,18:00,17:35,18:04,18:05,18:09,01:00,00:30,DELAY,ONTIME,ONTIME,DELAY,,93,00:05,,,,,,HAN,BKK,PQC,Domestic,VJ,,
2026-02-10|VJ446/VJ445|A668|PQC-HAN-PQC|18:10,2026-02-10,VJ446/VJ445,A668,A320,PQC-HAN-PQC,17:10,18:10,17:10,18:10,17:45,18:09,18:10,18:20,01:00,00:25,ONTIME,ONTIME,ONTIME,DELAY,,,,,,,,,HAN,PQC,PQC,Domestic,VJ,,
2026-02-10|VJ194/VJ193|A643|SGN-HAN-SGN|18:10,2026-02-10,VJ194/VJ193,A643,A321,SGN-HAN-SGN,17:30,18:10,17:30,18:10,17:20,18:09,18:10,18:20,00:40,00:50,ONTIME,ONTIME,ONTIME,ONTIME,,,,,,,,FERRY FLIGHT,HAN,SGN,SGN,Domestic,VJ,,
2026-02-10|VJ916/VJ493|A674|SIN-HAN-BMV|18:25,2026-02-10,VJ916/VJ493,A674,A321,SIN-HAN-BMV,17:25,18:25,17:25,18:25,17:45,18:24,18:25,18:32,01:00,00:40,ONTIME,ONTIME,ONTIME,DELAY,,,,,,,,,HAN,SIN,BMV,Domestic,VJ,,
2026-02-10|VJ957/VJ1925|A655|PUS-HAN-AMD|19:00,2026-02-10,VJ957/VJ1925,A655,A320,PUS-HAN-AMD,17:20,19:00,17:20,19:00,17:25,18:48,18:50,19:00,01:40,01:25,EARLY,ONTIME,ONTIME,ONTIME,,,,,,,,,HAN,PUS,AMD,International,VJ,,
2026-02-10|VJ130/VJ189|A817|SGN-HAN-SGN|19:00,2026-02-10,VJ130/VJ189,A817,A330,SGN-HAN-SGN,16:45,19:00,16:45,19:00,17:30,18:59,19:00,19:22,02:15,01:30,ONTIME,ONTIME,DELAY,DELAY,,,,,,,,,HAN,SGN,SGN,Domestic,VJ,,
2026-02-10|VJ947/VJ173|A683|KHH-HAN-SGN|19:05,2026-02-10,VJ947/VJ173,A683,A321,KHH-HAN-SGN,18:05,19:05,18:05,19:05,17:55,18:44,18:45,18:53,01:00,00:50,EARLY,ONTIME,ONTIME,ONTIME,,,,,,,,FERRY FLIGHT,HAN,KHH,SGN,Domestic,VJ,,
2026-02-10|VJ192/VJ971|A814|SGN-HAN-DEL|19:10,2026-02-10,VJ192/VJ971,A814,A330,SGN-HAN-DEL,18:55,19:10,18:55,20:10,19:15,20:06,20:08,20:25,01:15,00:53,EARLY,ONTIME,DELAY,DELAY,,,,,,,,,HAN,SGN,DEL,International,VJ,,
2026-02-10|VJ928/VJ569|A669|CGK-HAN-HUI|19:15,2026-02-10,VJ928/VJ569,A669,A320,CGK-HAN-HUI,18:15,19:15,18:15,19:15,18:05,19:09,19:10,19:40,01:00,01:05,EARLY,ONTIME,DELAY,ONTIME,,,,,,,,,HAN,CGK,HUI,Domestic,VJ,,
2026-02-10|VJ424/VJ519|A639|PXU-HAN-SGN|19:45,2026-02-10,VJ424/VJ519,A639,A321,PXU-HAN-SGN,19:35,19:45,19:35,20:30,20:00,20:29,20:30,21:15,00:55,00:30,ONTIME,ONTIME,DELAY,DELAY,,,,,,,,LATE PUSHBACK DUE TO ATC HOLDING( VIP FLIGHT 2035-2115),HAN,PXU,SGN,Domestic,VJ,,
2026-02-10|VJ172/VJ177|A811|SGN-HAN-SGN|19:55,2026-02-10,VJ172/VJ177,A811,A330,SGN-HAN-SGN,18:55,19:55,18:55,19:55,20:17,20:39,20:42,21:10,01:00,00:25,DELAY,DELAY,DELAY,DELAY,,93,00:47,,,,,FERRY FLIGHT(LATE PUSHBACK DUE TO ATC HOLDING( VIP FLIGHT 2035-2115),HAN,SGN,SGN,Domestic,VJ,,
2026-02-10|VJ152/VJ155|A648|PXU-HAN-SGN|20:05,2026-02-10,VJ152/VJ155,A648,A321,PXU-HAN-SGN,19:15,20:05,19:15,20:05,19:20,20:04,20:05,20:20,00:50,00:45,ONTIME,ONTIME,ONTIME,ONTIME,,,,,,,,,HAN,PXU,SGN,Domestic,VJ,,
2026-02-10|VJ516/VJ7712|A650|DAD-HAN-PKX|20:20,2026-02-10,VJ516/VJ7712,A650,A320,DAD-HAN-PKX,19:35,20:20,19:35,21:00,19:55,20:54,20:55,21:20,01:25,01:00,EARLY,ONTIME,DELAY,DELAY,,,,,,,,,HAN,DAD,PKX,International,VJ,,
2026-02-10|VJ931/VJ7306|A580|KIX-HAN-TFU|21:10,2026-02-10,VJ931/VJ7306,A580,A321,KIX-HAN-TFU,19:15,21:10,19:15,21:10,19:20,21:04,21:05,21:28,01:55,01:45,EARLY,ONTIME,DELAY,ONTIME,,,,,,,,,HAN,KIX,TFU,International,VJ,,
2026-02-10|VJ1440/VJ521|A661|PQC-HAN-DAD|21:20,2026-02-10,VJ1440/VJ521,A661,A321,PQC-HAN-DAD,20:20,21:20,20:20,21:20,20:40,22:14,22:15,22:19,01:00,01:35,DELAY,DELAY,DELAY,DELAY,,95,00:55,,,,,CREW FROM VJ949 OB 2150( VJ949 CHÈN 2045),HAN,PQC,DAD,Domestic,VJ,,
2026-02-10|VJ410/VJ7238|A671|DLI-HAN-PVG|21:30,2026-02-10,VJ410/VJ7238,A671,A320,DLI-HAN-PVG,20:15,21:30,20:15,21:30,20:40,21:24,21:25,21:35,01:15,00:45,EARLY,ONTIME,ONTIME,DELAY,,,,,,,,,HAN,DLI,PVG,International,VJ,,
2026-02-10|VJ160/VJ161|A644|SGN-HAN-SGN|21:50,2026-02-10,VJ160/VJ161,A644,A321,SGN-HAN-SGN,21:15,21:50,21:15,22:40,22:05,22:32,22:33,22:35,01:25,00:28,EARLY,ONTIME,DELAY,DELAY,,,,,,,,,HAN,SGN,SGN,Domestic,VJ,,
2026-02-10|VJ935/VJ123|A523|NRT-HAN-SGN|22:10,2026-02-10,VJ935/VJ123,A523,A321,NRT-HAN-SGN,20:55,22:10,20:55,22:20,20:55,22:14,22:15,22:27,01:25,01:20,EARLY,ONTIME,DELAY,ONTIME,,,,,,,,,HAN,NRT,SGN,Domestic,VJ,,
2026-02-10|VJ568/VJ523|A669|HUI-HAN-DAD|22:45,2026-02-10,VJ568/VJ523,A669,A320,HUI-HAN-DAD,22:15,22:45,22:15,00:45,22:50,01:14,01:15,01:25,02:30,02:25,DELAY,DELAY,DELAY,DELAY,,95,00:30,,,,,CREW FROM VJ778 OB 0050( VJ778 CHÈN  0035),HAN,HUI,DAD,Domestic,VJ,,
2026-02-10|VJ949/VJ962|A552|RMQ-HAN-ICN|22:50,2026-02-10,VJ949/VJ962,A552,A321,RMQ-HAN-ICN,20:20,22:50,20:20,22:50,20:45,22:49,22:50,22:53,02:30,02:05,ONTIME,ONTIME,ONTIME,DELAY,,,,,,,,,HAN,RMQ,ICN,International,VJ,,
2026-02-10|VJ914/VJ187|A539|SAI-HAN-SGN|22:50,2026-02-10,VJ914/VJ187,A539,A321,SAI-HAN-SGN,20:50,22:50,20:50,22:50,20:50,22:40,22:41,22:55,02:00,01:51,EARLY,ONTIME,ONTIME,ONTIME,,,,,,,,,HAN,SAI,SGN,Domestic,VJ,,
2026-02-10|VJ196/VJ171|A812|SGN-HAN-SGN|23:25,2026-02-10,VJ196/VJ171,A812,A330,SGN-HAN-SGN,21:20,23:25,21:20,23:25,22:05,23:24,23:25,23:26,02:05,01:20,ONTIME,ONTIME,ONTIME,DELAY,,,,,,,,,HAN,SGN,SGN,Domestic,VJ,,
2026-02-10|VJ943/VJ7526|A651|TPE-HAN-CAN|23:40,2026-02-10,VJ943/VJ7526,A651,A321,TPE-HAN-CAN,20:55,23:40,20:55,23:40,22:25,23:38,23:40,23:40,02:45,01:15,ONTIME,ONTIME,ONTIME,DELAY,,,,,,,,,HAN,TPE,CAN,International,VJ,,
2026-02-10|VJ1446/VJ1125|A542|PQC-HAN-SGN|23:50,2026-02-10,VJ1446/VJ1125,A542,A321,PQC-HAN-SGN,22:30,23:50,22:30,23:50,23:00,00:21,00:22,00:30,01:20,01:22,DELAY,DELAY,DELAY,DELAY,,95,00:32,,,,,CREW FROM VJ190 OB 2410( VJ190 CHÈN 2350),HAN,PQC,SGN,Domestic,VJ,,
2026-02-11|VJ932|A820|HAN-NRT|00:55,2026-02-11,VJ932,A820,A321,HAN-NRT,,00:55,,00:55,,00:51,00:52,00:55,,,EARLY,ONTIME,ONTIME,,,,,,,,,,HAN,,NRT,International,VJ,,
2026-02-11|VJ982|A684|HAN-PUS|01:00,2026-02-11,VJ982,A684,A321,HAN-PUS,,01:00,,01:00,,00:58,01:00,01:02,,,ONTIME,ONTIME,ONTIME,,,,,,,,,,HAN,,PUS,International,VJ,,
2026-02-11|VJ920|A547|HAN-NGO|01:35,2026-02-11,VJ920,A547,A321,HAN-NGO,,01:35,,01:35,,02:19,02:20,02:22,,,DELAY,DELAY,DELAY,,,95,00:45,,,,,CREW FR VJ158 OB 0150,HAN,,NGO,International,VJ,,
2026-02-11|VJ938|A516|HAN-KIX|01:40,2026-02-11,VJ938,A516,A321,HAN-KIX,,01:40,,01:40,,01:39,01:40,01:47,,,ONTIME,ONTIME,ONTIME,,,,,,,,,,HAN,,KIX,International,VJ,,
2026-02-11|VJ960|A528|HAN-ICN|01:45,2026-02-11,VJ960,A528,A321,HAN-ICN,,01:45,,01:45,,01:29,01:30,01:50,,,EARLY,ONTIME,ONTIME,,,,,,,,,,HAN,,ICN,International,VJ,,
2026-02-11|VJ7706/VJ7706|A549|CXR-HAN-KHV|02:15,2026-02-11,VJ7706/VJ7706,A549,A321,CXR-HAN-KHV,01:25,02:15,01:25,02:15,01:25,02:14,02:15,02:25,00:50,00:50,ONTIME,ONTIME,ONTIME,ONTIME,,,,,,,,,HAN,CXR,KHV,International,VJ,,
2026-02-11|VJ7307/VJ1121|A580|TFU-HAN-SGN|04:10,2026-02-11,VJ7307/VJ1121,A580,A321,TFU-HAN-SGN,02:20,04:10,02:20,04:10,02:30,03:56,03:57,04:00,01:50,01:27,EARLY,ONTIME,ONTIME,ONTIME,,,,,,,,,HAN,TFU,SGN,Domestic,VJ,,
2026-02-11|VJ1166/VJ1165|A693|SGN-HAN-SGN|04:15,2026-02-11,VJ1166/VJ1165,A693,A321,SGN-HAN-SGN,03:40,04:15,03:40,04:15,03:55,04:14,04:15,04:18,00:35,00:20,ONTIME,ONTIME,ONTIME,ONTIME,,,,,,,,,HAN,SGN,SGN,Domestic,VJ,,
2026-02-11|VJ179|A657|HAN-SGN|05:00,2026-02-11,VJ179,A657,A321,HAN-SGN,,05:00,,05:00,,04:54,04:55,05:00,,,EARLY,ONTIME,ONTIME,,,,,,,,,,HAN,,SGN,Domestic,VJ,,
2026-02-11|VJ185|A643|HAN-SGN|05:10,2026-02-11,VJ185,A643,A321,HAN-SGN,,05:10,,05:10,,04:54,04:55,04:57,,,EARLY,ONTIME,ONTIME,,,,,,,,,,HAN,,SGN,Domestic,VJ,,
2026-02-11|VJ1123|A672|HAN-SGN|05:20,2026-02-11,VJ1123,A672,A320,HAN-SGN,,05:20,,05:20,,05:09,05:10,05:16,,,EARLY,ONTIME,ONTIME,,,,,,,,,,HAN,,SGN,Domestic,VJ,,
2026-02-11|VJ509|A639|HAN-DAD|05:25,2026-02-11,VJ509,A639,A321,HAN-DAD,,05:25,,05:25,,05:18,05:19,05:28,,,EARLY,ONTIME,ONTIME,,,,,,,,,,HAN,,DAD,Domestic,VJ,,
2026-02-11|VJ461|A675|HAN-VCA|05:30,2026-02-11,VJ461,A675,A320,HAN-VCA,,05:30,,05:30,,05:24,05:25,05:32,,,EARLY,ONTIME,ONTIME,,,,,,,,,,HAN,,VCA,Domestic,VJ,,
2026-02-11|VJ491|A635|HAN-BMV|05:55,2026-02-11,VJ491,A635,A321,HAN-BMV,,05:55,,05:55,,05:49,05:50,06:10,,,EARLY,ONTIME,ONTIME,,,,,,,,,,HAN,,BMV,Domestic,VJ,,
2026-02-11|VJ7527/VJ443|A651|CAN-HAN-PQC|06:00,2026-02-11,VJ7527/VJ443,A651,A321,CAN-HAN-PQC,04:35,06:00,04:35,06:00,04:35,05:54,05:55,05:59,01:25,01:20,EARLY,ONTIME,ONTIME,ONTIME,,,,,,,,,HAN,CAN,PQC,Domestic,VJ,,
2026-02-11|VJ421|A544|HAN-PXU|06:05,2026-02-11,VJ421,A544,A321,HAN-PXU,,06:05,,06:05,,05:59,06:00,06:14,,,EARLY,ONTIME,ONTIME,,,,,,,,,,HAN,,PXU,Domestic,VJ,,
2026-02-11|VJ1124/VJ181|A542|SGN-HAN-SGN|06:40,2026-02-11,VJ1124/VJ181,A542,A321,SGN-HAN-SGN,04:50,06:40,04:50,06:40,05:40,06:25,06:27,06:34,01:50,00:47,EARLY,ONTIME,ONTIME,DELAY,,,,,,,,,HAN,SGN,SGN,Domestic,VJ,,
2026-02-11|VJ105|652G|HAN-VCS|06:45,2026-02-11,VJ105,652G,C909,HAN-VCS,,06:45,,06:45,,06:37,06:38,06:50,,,EARLY,ONTIME,ONTIME,,,,,,,,,,HAN,,VCS,Domestic,VJ,,
2026-02-11|VJ972/VJ167|A814|DEL-HAN-SGN|06:50,2026-02-11,VJ972/VJ167,A814,A330,DEL-HAN-SGN,06:35,06:50,06:35,08:00,07:15,08:29,08:30,08:35,01:25,01:15,DELAY,DELAY,DELAY,DELAY,,66,00:10,41,00:20,,,CREW OB 0735/TECHNICAL CHECK,HAN,DEL,SGN,Domestic,VJ,,
2026-02-11|VJ905|A648|HAN-KUL|07:10,2026-02-11,VJ905,A648,A321,HAN-KUL,,07:10,,07:10,,07:04,07:05,07:15,,,EARLY,ONTIME,ONTIME,,,,,,,,,,HAN,,KUL,International,VJ,,
2026-02-11|VJ7713/VJ431|A650|PKX-HAN-UIH|07:10,2026-02-11,VJ7713/VJ431,A650,A320,PKX-HAN-UIH,04:55,07:10,04:55,07:10,05:40,07:04,07:05,07:15,02:15,01:25,EARLY,ONTIME,ONTIME,DELAY,,,,,,,,,HAN,PKX,UIH,Domestic,VJ,,
2026-02-11|VJ7239/VJ956|A671|PVG-HAN-PUS|07:30,2026-02-11,VJ7239/VJ956,A671,A320,PVG-HAN-PUS,05:15,07:30,05:15,07:30,05:30,07:17,07:18,07:22,02:15,01:48,EARLY,ONTIME,ONTIME,ONTIME,,,,,,,,,HAN,PVG,PUS,International,VJ,,
2026-02-11|VJ940|A683|HAN-TPE|07:35,2026-02-11,VJ940,A683,A321,HAN-TPE,,07:35,,07:35,,07:29,07:30,07:40,,,EARLY,ONTIME,ONTIME,,,,,,,,,,HAN,,TPE,International,VJ,,
2026-02-11|VJ771|A637|HAN-CXR|07:50,2026-02-11,VJ771,A637,A321,HAN-CXR,,07:50,,07:50,,07:49,07:50,08:00,,,ONTIME,ONTIME,ONTIME,,,,,,,,,,HAN,,CXR,Domestic,VJ,,
2026-02-11|VJ107|656E|HAN-VCS|08:15,2026-02-11,VJ107,656E,C909,HAN-VCS,,08:15,,08:15,,08:07,08:08,08:17,,,EARLY,ONTIME,ONTIME,,,,,,,,,,HAN,,VCS,Domestic,VJ,,
2026-02-11|VJ502/VJ930|A697|DAD-HAN-KIX|08:20,2026-02-11,VJ502/VJ930,A697,A321,DAD-HAN-KIX,07:05,08:20,07:05,08:20,07:10,08:24,08:25,08:35,01:15,01:15,DELAY,ONTIME,ONTIME,ONTIME,,15A,00:05,,,,,OFFLOAD 4 PAX 3 BAGS,HAN,DAD,KIX,International,VJ,,
2026-02-11|VJ524/VJ929|A656|DAD-HAN-CGK|08:40,2026-02-11,VJ524/VJ929,A656,A320,DAD-HAN-CGK,07:40,08:40,07:40,08:40,07:30,08:36,08:37,08:39,01:00,01:07,EARLY,ONTIME,ONTIME,ONTIME,,,,,,,,,HAN,DAD,CGK,International,VJ,,
2026-02-11|VJ124/VJ125|A817|SGN-HAN-SGN|08:40,2026-02-11,VJ124/VJ125,A817,A330,SGN-HAN-SGN,07:50,08:40,07:50,08:40,08:00,08:44,08:45,08:53,00:50,00:45,DELAY,ONTIME,ONTIME,ONTIME,,93,00:05,,,,,,HAN,SGN,SGN,Domestic,VJ,,
2026-02-11|VJ120/VJ121|A811|SGN-HAN-SGN|08:40,2026-02-11,VJ120/VJ121,A811,A330,SGN-HAN-SGN,07:40,08:40,07:40,08:40,08:10,08:47,08:48,09:10,01:00,00:38,DELAY,ONTIME,DELAY,DELAY,,93,00:08,,,,,,HAN,SGN,SGN,Domestic,VJ,,
2026-02-11|VJ122/VJ934|A523|SGN-HAN-NRT|09:00,2026-02-11,VJ122/VJ934,A523,A321,SGN-HAN-NRT,08:00,09:00,08:00,09:00,08:30,09:09,09:10,09:44,01:00,00:40,DELAY,ONTIME,DELAY,DELAY,,66,00:10,,,,,CREW HN OB 08:40,HAN,SGN,NRT,International,VJ,,
2026-02-11|VJ176/VJ527|A546|SGN-HAN-DAD|09:30,2026-02-11,VJ176/VJ527,A546,A321,SGN-HAN-DAD,09:00,09:30,09:00,10:05,09:35,10:04,10:05,10:20,01:05,00:30,ONTIME,ONTIME,DELAY,DELAY,,,,,,,,,HAN,SGN,DAD,Domestic,VJ,,
2026-02-11|VJ1120/VJ915|A580|SGN-HAN-SIN|10:00,2026-02-11,VJ1120/VJ915,A580,A321,SGN-HAN-SIN,09:00,10:00,09:00,10:00,09:20,10:09,10:10,10:15,01:00,00:50,DELAY,ONTIME,ONTIME,DELAY,,66,00:05,15A,00:05,,,CREW HN OB 0935/OFFLOAD 3 PAX 4 BAGS,HAN,SGN,SIN,International,VJ,,
2026-02-11|VJ148/VJ149|-NVG|SGN-HAN-SGN|10:05,2026-02-11,VJ148/VJ149,-NVG,A320,SGN-HAN-SGN,09:30,10:05,09:30,10:40,10:10,10:34,10:35,10:50,01:10,00:25,EARLY,ONTIME,DELAY,DELAY,,,,,,,,,HAN,SGN,SGN,Domestic,VJ,,
2026-02-11|VJ126/VJ127|A539|SGN-HAN-SGN|10:05,2026-02-11,VJ126/VJ127,A539,A321,SGN-HAN-SGN,09:35,10:05,09:35,11:15,10:50,11:11,11:12,11:26,01:40,00:22,EARLY,ONTIME,DELAY,DELAY,,,,,,,,FERRY FLIGHT,HAN,SGN,SGN,Domestic,VJ,,
2026-02-11|VJ510/VJ567|A639|DAD-HAN-HUI|10:10,2026-02-11,VJ510/VJ567,A639,A321,DAD-HAN-HUI,08:35,10:10,08:35,10:10,08:55,10:09,10:10,10:25,01:35,01:15,ONTIME,ONTIME,ONTIME,DELAY,,,,,,,,,HAN,DAD,HUI,Domestic,VJ,,
2026-02-11|VJ1926/VJ507|A655|CGK-HAN-DAD|10:30,2026-02-11,VJ1926/VJ507,A655,A320,CGK-HAN-DAD,06:20,10:30,06:20,10:30,05:25,10:28,10:30,10:40,04:10,05:05,ONTIME,ONTIME,ONTIME,ONTIME,,,,,,,,,HAN,CGK,DAD,Domestic,VJ,,
2026-02-11|VJ963/VJ997|A552|ICN-HAN-DPS|10:30,2026-02-11,VJ963/VJ997,A552,A321,ICN-HAN-DPS,09:30,10:30,09:30,10:30,09:17,10:29,10:30,10:45,01:00,01:13,ONTIME,ONTIME,ONTIME,ONTIME,,,,,,,,,HAN,ICN,DPS,International,VJ,,
2026-02-11|VJ422/VJ463|A544|PXU-HAN-VCA|10:30,2026-02-11,VJ422/VJ463,A544,A321,PXU-HAN-VCA,09:40,10:30,09:40,10:30,10:05,10:39,10:40,11:00,00:50,00:35,DELAY,ONTIME,DELAY,DELAY,,93,00:05,66,00:05,,,CREW HN OB 1010,HAN,PXU,VCA,Domestic,VJ,,
2026-02-11|VJ492/VJ775|A635|BMV-HAN-CXR|10:40,2026-02-11,VJ492/VJ775,A635,A321,BMV-HAN-CXR,10:00,10:40,10:00,11:20,10:40,11:19,11:20,11:30,01:20,00:40,ONTIME,ONTIME,DELAY,DELAY,,,,,,,,,HAN,BMV,CXR,Domestic,VJ,,
2026-02-11|VJ1122/VJ403|A672|SGN-HAN-DLI|10:45,2026-02-11,VJ1122/VJ403,A672,A320,SGN-HAN-DLI,10:10,10:45,10:10,11:35,11:00,11:39,11:40,11:52,01:25,00:40,DELAY,ONTIME,DELAY,DELAY,,66,00:05,,,,,CREW HN OB 1115,HAN,SGN,DLI,Domestic,VJ,,
2026-02-11|VJ136/VJ135|A534|SGN-HAN-SGN|11:10,2026-02-11,VJ136/VJ135,A534,A321,SGN-HAN-SGN,10:40,11:10,10:40,11:50,11:20,11:46,11:47,11:52,01:10,00:27,EARLY,ONTIME,DELAY,DELAY,,,,,,,,FERRY FLIGHT,HAN,SGN,SGN,Domestic,VJ,,
2026-02-11|VJ430/VJ407|A650|UIH-HAN-DLI|11:25,2026-02-11,VJ430/VJ407,A650,A320,UIH-HAN-DLI,10:55,11:25,10:55,11:25,10:55,11:24,11:25,11:35,00:30,00:30,ONTIME,ONTIME,ONTIME,ONTIME,,,,,,,,,HAN,UIH,DLI,Domestic,VJ,,
2026-02-11|VJ132/VJ137|A642|SGN-HAN-SGN|11:40,2026-02-11,VJ132/VJ137,A642,A321,SGN-HAN-SGN,11:10,11:40,12:00,12:35,12:45,13:14,13:15,13:25,00:35,00:30,DELAY,DELAY,DELAY,DELAY,,93,00:40,,,,,,HAN,SGN,SGN,Domestic,VJ,,
2026-02-11|VJ442/VJ946|A651|PQC-HAN-KHH|11:45,2026-02-11,VJ442/VJ946,A651,A321,PQC-HAN-KHH,10:45,11:45,10:45,11:45,10:50,11:44,11:45,11:52,01:00,00:55,ONTIME,ONTIME,ONTIME,ONTIME,,,,,,,,,HAN,PQC,KHH,International,VJ,,
2026-02-11|VJ981/VJ901|A684|PUS-HAN-BKK|12:15,2026-02-11,VJ981/VJ901,A684,A321,PUS-HAN-BKK,11:00,12:15,11:00,12:15,10:53,12:14,12:15,12:16,01:15,01:22,ONTIME,ONTIME,ONTIME,ONTIME,,,,,,,,,HAN,PUS,BKK,International,VJ,,
2026-02-11|VJ566/VJ441|A639|HUI-HAN-PQC|12:35,2026-02-11,VJ566/VJ441,A639,A321,HUI-HAN-PQC,13:05,12:35,13:40,14:20,13:50,14:18,14:20,14:26,00:40,00:30,ONTIME,ONTIME,DELAY,DELAY,,,,,,,,,HAN,HUI,PQC,Domestic,VJ,,
2026-02-11|VJ933/VJ133|A820|NRT-HAN-SGN|13:20,2026-02-11,VJ933/VJ133,A820,A330,NRT-HAN-SGN,14:00,13:20,14:00,15:00,14:15,15:34,15:35,15:39,01:00,01:20,DELAY,DELAY,DELAY,ONTIME,,41,00:35,,,,,TECHNICAL CHECK,HAN,NRT,SGN,Domestic,VJ,,
2026-02-11|VJ528/VJ948|A546|DAD-HAN-RMQ|13:30,2026-02-11,VJ528/VJ948,A546,A321,DAD-HAN-RMQ,12:40,13:30,13:45,14:40,14:05,14:39,14:40,14:50,00:55,00:35,ONTIME,ONTIME,DELAY,DELAY,,,,,,,,,HAN,DAD,RMQ,International,VJ,,
2026-02-11|VJ770/VJ513|A637|CXR-HAN-DAD|13:35,2026-02-11,VJ770/VJ513,A637,A321,CXR-HAN-DAD,12:00,13:35,12:00,13:35,12:40,13:49,13:50,14:00,01:35,01:10,DELAY,ONTIME,DELAY,DELAY,,15A,00:15,,,,,OFFLOAD 3PAX 1BAG,HAN,CXR,DAD,Domestic,VJ,,
2026-02-11|VJ128/VJ143|A814|SGN-HAN-SGN|13:40,2026-02-11,VJ128/VJ143,A814,A330,SGN-HAN-SGN,12:55,13:40,13:10,14:00,14:00,14:39,14:40,14:45,00:50,00:40,DELAY,DELAY,DELAY,DELAY,,93,00:40,,,,,,HAN,SGN,SGN,Domestic,VJ,,
2026-02-11|VJ508/VJ511|A635|DAD-HAN-DAD|14:20,2026-02-11,VJ508/VJ511,A635,A321,DAD-HAN-DAD,13:40,14:20,13:40,14:20,14:10,14:34,14:35,14:44,00:40,00:25,DELAY,ONTIME,DELAY,DELAY,,93,00:15,,,,,,HAN,DAD,DAD,Domestic,VJ,,
2026-02-11|VJ921/VJ1491|A547|NGO-HAN-BMV|14:35,2026-02-11,VJ921/VJ1491,A547,A321,NGO-HAN-BMV,13:40,14:35,13:40,14:35,13:30,14:32,14:33,14:39,00:55,01:03,EARLY,ONTIME,ONTIME,ONTIME,,,,,,,,,HAN,NGO,BMV,Domestic,VJ,,
2026-02-11|VJ188/VJ151|-NVE|SGN-HAN-SGN|15:05,2026-02-11,VJ188/VJ151,-NVE,A320,SGN-HAN-SGN,14:30,15:05,15:30,16:10,16:00,16:09,16:10,16:35,00:40,00:10,ONTIME,ONTIME,DELAY,DELAY,,,,,,,,FERRY FLIGHT,HAN,SGN,SGN,Domestic,VJ,,
2026-02-11|VJ939/VJ153|A516|KIX-HAN-SGN|15:10,2026-02-11,VJ939/VJ153,A516,A321,KIX-HAN-SGN,13:05,15:10,13:05,15:10,13:19,14:55,14:56,15:03,02:05,01:37,EARLY,ONTIME,ONTIME,ONTIME,,,,,,,,FERRY FLIGHT,HAN,KIX,SGN,Domestic,VJ,,
2026-02-11|VJ7707/VJ7707|A549|KHV-HAN-CXR|15:15,2026-02-11,VJ7707/VJ7707,A549,A321,KHV-HAN-CXR,14:45,15:15,14:45,15:15,15:20,15:44,15:45,15:45,00:30,00:25,DELAY,DELAY,DELAY,DELAY,,93,00:30,,,,,,HAN,KHV,CXR,Domestic,VJ,,
2026-02-11|VJ961/VJ942|A528|ICN-HAN-TPE|15:15,2026-02-11,VJ961/VJ942,A528,A321,ICN-HAN-TPE,14:10,15:15,14:10,15:15,14:20,15:02,15:03,15:16,01:05,00:43,EARLY,ONTIME,ONTIME,ONTIME,,,,,,,,,HAN,ICN,TPE,International,VJ,,
2026-02-11|VJ460/VJ175|A544|VCA-HAN-SGN|15:20,2026-02-11,VJ460/VJ175,A544,A321,VCA-HAN-SGN,15:25,15:20,15:25,16:45,15:50,16:44,16:45,16:50,01:20,00:55,ONTIME,ONTIME,DELAY,DELAY,,,,,,,,FERRY FLIGHT,HAN,VCA,SGN,Domestic,VJ,,
2026-02-11|VJ404/VJ409|A672|DLI-HAN-DLI|15:25,2026-02-11,VJ404/VJ409,A672,A320,DLI-HAN-DLI,14:55,15:25,15:45,16:40,16:15,16:39,16:40,16:46,00:55,00:25,ONTIME,ONTIME,DELAY,DELAY,,,,,,,,,HAN,DLI,DLI,Domestic,VJ,,
2026-02-11|VJ941/VJ1441|A683|TPE-HAN-PQC|15:30,2026-02-11,VJ941/VJ1441,A683,A321,TPE-HAN-PQC,14:10,15:30,14:10,15:30,14:40,15:27,15:28,15:35,01:20,00:48,EARLY,ONTIME,ONTIME,DELAY,,,,,,,,,HAN,TPE,PQC,Domestic,VJ,,
2026-02-11|VJ144/VJ145|A811|SGN-HAN-SGN|15:35,2026-02-11,VJ144/VJ145,A811,A330,SGN-HAN-SGN,14:10,15:35,14:10,15:35,15:32,15:59,16:00,16:05,01:25,00:28,DELAY,DELAY,DELAY,DELAY,,93,00:25,,,,,FERRY FLIGHT,HAN,SGN,SGN,Domestic,VJ,,
2026-02-11|VJ138/VJ191|A539|SGN-HAN-SGN|15:55,2026-02-11,VJ138/VJ191,A539,A321,SGN-HAN-SGN,15:00,15:55,16:10,17:20,17:00,17:19,17:20,17:32,01:10,00:20,ONTIME,ONTIME,DELAY,DELAY,,,,,,,,FERRY FLIGHT,HAN,SGN,SGN,Domestic,VJ,,
2026-02-11|VJ906/VJ423|A648|KUL-HAN-PXU|15:55,2026-02-11,VJ906/VJ423,A648,A321,KUL-HAN-PXU,14:55,15:55,14:55,15:55,14:46,15:50,15:51,15:56,01:00,01:05,EARLY,ONTIME,ONTIME,ONTIME,,,,,,,,,HAN,KUL,PXU,Domestic,VJ,,
2026-02-11|VJ152/VJ195|A693|SGN-HAN-SGN|16:00,2026-02-11,VJ152/VJ195,A693,A321,SGN-HAN-SGN,19:15,16:00,19:15,19:50,19:05,19:48,19:50,19:55,00:35,00:45,ONTIME,ONTIME,DELAY,ONTIME,,,,,,,,,HAN,SGN,SGN,Domestic,VJ,,
2026-02-11|VJ774/VJ913|A635|CXR-HAN-SAI|16:50,2026-02-11,VJ774/VJ913,A635,A321,CXR-HAN-SAI,15:35,16:50,15:35,16:50,16:05,16:45,16:46,16:52,01:15,00:41,EARLY,ONTIME,ONTIME,DELAY,,,,,,,,,HAN,CXR,SAI,International,VJ,,
2026-02-11|VJ462/VJ515|A675|VCA-HAN-DAD|16:25,2026-02-11,VJ462/VJ515,A675,A320,VCA-HAN-DAD,15:40,16:25,15:40,16:25,15:35,16:24,16:25,16:28,00:45,00:50,ONTIME,ONTIME,ONTIME,ONTIME,,,,,,,,,HAN,VCA,DAD,Domestic,VJ,,
2026-02-11|VJ514/VJ465|A639|DAD-HAN-VCA|17:25,2026-02-11,VJ514/VJ465,A639,A321,DAD-HAN-VCA,16:45,17:25,16:45,18:20,17:45,18:14,18:15,18:45,01:35,00:30,EARLY,ONTIME,DELAY,DELAY,,,,,,,,,HAN,DAD,VCA,Domestic,VJ,,
2026-02-11|VJ134/VJ163|-MLI|SGN-HAN-SGN|17:40,2026-02-11,VJ134/VJ163,-MLI,A320,SGN-HAN-SGN,17:05,17:40,17:05,18:50,18:20,18:49,18:50,19:00,01:45,00:30,ONTIME,ONTIME,DELAY,DELAY,,,,,,,,,HAN,SGN,SGN,Domestic,VJ,,
2026-02-11|VJ440/VJ445|A668|PQC-HAN-PQC|17:40,2026-02-11,VJ440/VJ445,A668,A320,PQC-HAN-PQC,11:55,17:40,11:55,17:40,12:25,17:36,17:38,17:39,05:45,05:13,EARLY,ONTIME,ONTIME,DELAY,,,,,,,,,HAN,PQC,PQC,Domestic,VJ,,
2026-02-11|VJ446/VJ779|A639|PQC-HAN-CXR|19:45,2026-02-11,VJ446/VJ779,A639,A321,PQC-HAN-CXR,19:05,19:45,19:05,19:45,19:40,20:09,20:10,20:15,00:40,00:30,DELAY,DELAY,DELAY,DELAY,,93,00:25,,,,,,HAN,PQC,CXR,Domestic,VJ,,
2026-02-11|VJ902/VJ147|A684|BKK-HAN-SGN|18:00,2026-02-11,VJ902/VJ147,A684,A321,BKK-HAN-SGN,17:00,18:00,17:00,18:00,17:11,17:41,17:42,17:57,01:00,00:31,EARLY,ONTIME,ONTIME,ONTIME,,,,,,,,FERRY FLIGHT,HAN,BKK,SGN,Domestic,VJ,,
2026-02-11|VJ194/VJ193|A542|SGN-HAN-SGN|18:10,2026-02-11,VJ194/VJ193,A542,A321,SGN-HAN-SGN,17:30,18:10,17:30,18:10,17:40,17:59,18:00,18:08,00:40,00:20,EARLY,ONTIME,ONTIME,ONTIME,,,,,,,,FERRY FLIGHT,HAN,SGN,SGN,Domestic,VJ,,
2026-02-11|VJ947/VJ165|A651|KHH-HAN-SGN|18:50,2026-02-11,VJ947/VJ165,A651,A321,KHH-HAN-SGN,18:05,18:50,18:05,18:50,17:50,18:15,18:17,19:00,00:45,00:27,EARLY,ONTIME,ONTIME,ONTIME,,,,,,,,FERRY FLIGHT,HAN,KHH,SGN,Domestic,VJ,,
2026-02-11|VJ928/VJ1925|A656|CGK-HAN-AMD|19:00,2026-02-11,VJ928/VJ1925,A656,A320,CGK-HAN-AMD,18:15,19:00,18:15,19:00,18:10,18:57,18:58,19:06,00:45,00:48,EARLY,ONTIME,ONTIME,ONTIME,,,,,,,,,HAN,CGK,AMD,International,VJ,,
2026-02-11|VJ512/VJ173|A655|DAD-HAN-SGN|19:05,2026-02-11,VJ512/VJ173,A655,A320,DAD-HAN-SGN,17:30,19:05,17:30,19:05,18:08,19:04,19:05,19:09,01:35,00:57,ONTIME,ONTIME,ONTIME,DELAY,,,,,,,,,HAN,DAD,SGN,Domestic,VJ,,
2026-02-11|VJ916/VJ907|A580|SIN-HAN-BOM|19:15,2026-02-11,VJ916/VJ907,A580,A321,SIN-HAN-BOM,17:50,19:15,17:50,19:15,17:55,19:14,19:15,19:40,01:25,01:20,ONTIME,ONTIME,DELAY,ONTIME,,,,,,,,,HAN,SIN,BOM,International,VJ,,
2026-02-11|VJ957/VJ569|A671|PUS-HAN-HUI|19:15,2026-02-11,VJ957/VJ569,A671,A321,PUS-HAN-HUI,17:20,19:15,17:20,19:15,17:10,19:14,19:15,19:20,01:55,02:05,ONTIME,ONTIME,ONTIME,ONTIME,,,,,,,,,HAN,PUS,HUI,Domestic,VJ,,
2026-02-11|VJ146/VJ169|A815|SGN-HAN-SGN|19:40,2026-02-11,VJ146/VJ169,A815,A330,SGN-HAN-SGN,18:40,19:40,18:40,20:30,19:55,20:44,20:45,20:55,01:50,00:50,DELAY,ONTIME,DELAY,DELAY,,93,00:15,,,,,,HAN,SGN,SGN,Domestic,VJ,,
2026-02-11|VJ152/VJ519|A693|SGN-HAN-DAD|19:45,2026-02-11,VJ152/VJ519,A693,A321,SGN-HAN-DAD,19:15,19:45,19:15,20:15,19:15,20:10,20:12,20:30,01:00,00:57,EARLY,ONTIME,DELAY,ONTIME,,,,,,,,,HAN,SGN,DAD,Domestic,VJ,,
2026-02-11|VJ424/VJ155|A544|PXU-HAN-SGN|20:05,2026-02-11,VJ424/VJ155,A544,A321,PXU-HAN-SGN,19:35,20:05,19:35,20:05,19:35,20:04,20:05,20:20,00:30,00:30,ONTIME,ONTIME,ONTIME,ONTIME,,,,,,,,,HAN,PXU,SGN,Domestic,VJ,,
2026-02-11|VJ516/VJ7712|A675|DAD-HAN-PKX|20:05,2026-02-11,VJ516/VJ7712,A675,A320,DAD-HAN-PKX,19:35,20:05,19:35,20:20,19:50,20:29,20:30,21:00,00:45,00:40,DELAY,ONTIME,DELAY,ONTIME,,66,00:10,,,,,CREW OB 2000,HAN,DAD,PKX,International,VJ,,
2026-02-11|VJ1440/VJ521|A683|PQC-HAN-DAD|20:50,2026-02-11,VJ1440/VJ521,A683,A321,PQC-HAN-DAD,20:10,20:50,20:10,20:50,20:30,20:59,21:00,21:10,00:40,00:30,DELAY,ONTIME,DELAY,DELAY,,93,00:10,,,,,,HAN,PQC,DAD,Domestic,VJ,,
2026-02-11|VJ154/VJ7238|A655|SGN-HAN-PVG|21:30,2026-02-11,VJ154/VJ7238,A655,A320,SGN-HAN-PVG,20:10,21:30,20:10,21:30,21:05,21:39,21:40,21:44,01:20,00:35,DELAY,ONTIME,ONTIME,DELAY,,66,00:10,,,,,CREW OB 2115,HAN,SGN,PVG,International,VJ,,
2026-02-11|VJ166/VJ161|A632|SGN-HAN-SGN|21:50,2026-02-11,VJ166/VJ161,A632,A321,SGN-HAN-SGN,21:00,21:50,00:00,00:30,00:00,00:29,00:30,00:37,00:30,00:30,ONTIME,ONTIME,DELAY,ONTIME,,,,,,,,,HAN,SGN,SGN,Domestic,VJ,,
2026-02-11|VJ158/VJ123|A516|SGN-HAN-SGN|22:10,2026-02-11,VJ158/VJ123,A516,A321,SGN-HAN-SGN,20:30,22:10,20:30,22:10,21:15,22:05,22:07,22:23,01:40,00:52,EARLY,ONTIME,ONTIME,DELAY,,,,,,,,,HAN,SGN,SGN,Domestic,VJ,,
2026-02-11|VJ568/VJ523|A671|HUI-HAN-DAD|22:45,2026-02-11,VJ568/VJ523,A671,A320,HUI-HAN-DAD,22:15,22:45,22:15,22:45,22:30,22:59,23:00,23:05,00:30,00:30,DELAY,ONTIME,DELAY,ONTIME,,93,00:15,,,,,,HAN,HUI,DAD,Domestic,VJ,,
2026-02-11|VJ943/VJ962|A528|TPE-HAN-ICN|22:50,2026-02-11,VJ943/VJ962,A528,A321,TPE-HAN-ICN,21:45,22:50,21:45,22:50,22:50,23:34,23:35,23:44,01:05,00:45,DELAY,DELAY,DELAY,DELAY,,93,00:30,66,00:15,,,CREW OB 2305,HAN,TPE,ICN,International,VJ,,
2026-02-11|VJ160/VJ7342|A645|SGN-HAN-XIY|23:35,2026-02-11,VJ160/VJ7342,A645,A321,SGN-HAN-XIY,21:15,23:35,21:15,23:35,22:15,23:34,23:35,23:50,02:20,01:20,ONTIME,ONTIME,ONTIME,DELAY,,,,,,,,,HAN,SGN,XIY,International,VJ,,
2026-02-11|VJ156/VJ159|A634|SGN-HAN-SGN|23:40,2026-02-11,VJ156/VJ159,A634,A321,SGN-HAN-SGN,23:10,23:40,23:10,01:50,01:45,02:13,02:14,02:18,02:40,00:29,DELAY,DELAY,DELAY,ONTIME,,93,00:24,,,,,FERRY FLIGHT,HAN,SGN,SGN,Domestic,VJ,,
2026-02-11|VJ464/VJ7526|A641|VCA-HAN-CAN|23:40,2026-02-11,VJ464/VJ7526,A641,A321,VCA-HAN-CAN,22:20,23:40,22:20,00:35,23:55,00:34,00:35,00:40,02:15,00:40,ONTIME,ONTIME,DELAY,DELAY,,,,,,,,,HAN,VCA,CAN,International,VJ,,
2026-02-11|VJ772/VJ1125|A816|CXR-HAN-SGN|06:35,2026-02-11,VJ772/VJ1125,A816,A330,CXR-HAN-SGN,05:50,06:35,05:50,06:35,06:25,07:09,07:10,07:15,00:45,00:45,DELAY,DELAY,DELAY,DELAY,,93,00:35,,,,,FERRY FLIGHT,HAN,CXR,SGN,Domestic,VJ,,
2026-02-11|VJ164/VJ171|A815|SGN-HAN-SGN|01:55,2026-02-11,VJ164/VJ171,A815,A330,SGN-HAN-SGN,01:00,01:55,01:40,02:30,03:00,03:25,03:27,03:28,00:50,00:27,DELAY,DELAY,DELAY,DELAY,,93,00:57,,,,,FERRY FLIGHT,HAN,SGN,SGN,Domestic,VJ,,
2026-02-12|VJ180/VJ932|A814|SGN-HAN-NRT|00:55,2026-02-12,VJ180/VJ932,A814,A330,SGN-HAN-NRT,23:55,00:55,23:55,00:55,00:30,01:29,01:30,01:40,01:00,01:00,DELAY,DELAY,DELAY,ONTIME,,93,00:20,66,00:15,,,CREW OB 0045,HAN,SGN,NRT,International,VJ,,
2026-02-12|VJ982|A684|HAN-PUS|01:00,2026-02-12,VJ982,A684,A321,HAN-PUS,,01:00,,01:00,,00:59,01:00,01:09,,,ONTIME,ONTIME,ONTIME,,,,,,,,,,HAN,,PUS,International,VJ,,
2026-02-12|VJ920|A544|HAN-NGO|01:35,2026-02-12,VJ920,A544,A321,HAN-NGO,,01:35,,01:35,,01:34,01:35,01:39,,,ONTIME,ONTIME,ONTIME,,,,,,,,,,HAN,,NGO,International,VJ,,
2026-02-12|VJ938|A552|HAN-KIX|01:40,2026-02-12,VJ938,A552,A321,HAN-KIX,,01:40,,01:40,,01:34,01:35,01:38,,,EARLY,ONTIME,ONTIME,,,,,,,,,,HAN,,KIX,International,VJ,,
2026-02-12|VJ174/VJ958|A522|SGN-HAN-FUK|02:05,2026-02-12,VJ174/VJ958,A522,A321,SGN-HAN-FUK,23:55,02:05,23:55,02:05,01:40,02:19,02:20,02:20,02:10,00:40,DELAY,ONTIME,ONTIME,ONTIME,,93,00:05,66,00:10,,,CREW OB 0150,HAN,SGN,FUK,International,VJ,,
2026-02-12|VJ3521/VJ3521|A539|PQC-HAN-VVO|02:30,2026-02-12,VJ3521/VJ3521,A539,A321,PQC-HAN-VVO,23:55,02:30,23:55,02:30,01:55,02:59,03:00,03:05,02:35,01:05,DELAY,DELAY,DELAY,ONTIME,,99,00:30,,,,,"TECHSTOP,  SPECIAL REQUEST FROM CAPTAIN",HAN,PQC,VVO,International,VJ,,
2026-02-12|VJ960|A697|HAN-ICN|04:00,2026-02-12,VJ960,A697,A321,HAN-ICN,,04:00,,04:00,,03:55,03:56,03:59,,,EARLY,ONTIME,ONTIME,,,,,,,,,,HAN,,ICN,International,VJ,,
2026-02-12|VJ1166/VJ1165|A551|SGN-HAN-SGN|04:45,2026-02-12,VJ1166/VJ1165,A551,A321,SGN-HAN-SGN,04:10,04:45,04:10,06:55,06:20,06:43,06:45,06:55,02:45,00:25,EARLY,ONTIME,DELAY,DELAY,,,,,,,,FERRY FLIGHT,HAN,SGN,SGN,Domestic,VJ,,
2026-02-12|VJ179|A693|HAN-SGN|05:00,2026-02-12,VJ179,A693,A321,HAN-SGN,,05:00,,05:00,,04:54,04:55,05:15,,,EARLY,ONTIME,ONTIME,,,,,,,,,FERRY FLIGHT,HAN,,SGN,Domestic,VJ,,
2026-02-12|VJ185|A635|HAN-SGN|05:10,2026-02-12,VJ185,A635,A321,HAN-SGN,,05:10,,05:10,,07:42,07:43,08:00,,,DELAY,DELAY,DELAY,,,99,02:33,,,,,"FERRY FLIGHT, CHANGE FO AND OFFLOAD CABIN CREW",HAN,,SGN,Domestic,VJ,,
2026-02-12|VJ461|A650|HAN-VCA|05:30,2026-02-12,VJ461,A650,A320,HAN-VCA,,05:30,,05:30,,05:22,05:24,05:31,,,EARLY,ONTIME,ONTIME,,,,,,,,,,HAN,,VCA,Domestic,VJ,,
2026-02-12|VJ443|A547|HAN-PQC|06:00,2026-02-12,VJ443,A547,A321,HAN-PQC,,06:00,,06:00,,05:54,05:55,05:58,,,EARLY,ONTIME,ONTIME,,,,,,,,,,HAN,,PQC,Domestic,VJ,,
2026-02-12|VJ196/VJ491|A648|SGN-HAN-BMV|06:50,2026-02-12,VJ196/VJ491,A648,A321,SGN-HAN-BMV,06:40,06:50,06:40,06:50,06:40,07:14,07:15,07:20,00:10,00:35,DELAY,DELAY,DELAY,ONTIME,,93,00:20,66,00:05,,,CREW OB 0650,HAN,SGN,BMV,Domestic,VJ,,
2026-02-12|VJ1123|A639|HAN-SGN|06:30,2026-02-12,VJ1123,A639,A321,HAN-SGN,,06:30,,06:30,,06:24,06:25,06:45,,,EARLY,ONTIME,ONTIME,,,,,,,,,FERRY FLIGHT,HAN,,SGN,Domestic,VJ,,
2026-02-12|VJ7239/VJ401|A672|PVG-HAN-DLI|06:30,2026-02-12,VJ7239/VJ401,A672,A320,PVG-HAN-DLI,05:15,06:30,05:15,06:30,05:13,06:24,06:25,06:32,01:15,01:12,EARLY,ONTIME,ONTIME,ONTIME,,,,,,,,,HAN,PVG,DLI,Domestic,VJ,,
2026-02-12|VJ7713/VJ952|A675|PKX-HAN-HIJ|06:35,2026-02-12,VJ7713/VJ952,A675,A320,PKX-HAN-HIJ,04:10,06:35,04:10,06:35,05:03,06:29,06:30,06:40,02:25,01:27,EARLY,ONTIME,ONTIME,DELAY,,,,,,,,,HAN,PKX,HIJ,International,VJ,,
2026-02-12|VJ7527/VJ181|A641|CAN-HAN-SGN|06:40,2026-02-12,VJ7527/VJ181,A641,A321,CAN-HAN-SGN,04:35,06:40,10:40,11:20,10:55,11:34,11:35,11:40,00:40,00:40,DELAY,ONTIME,DELAY,DELAY,,93,00:05,95,00:10,,,VJ7527 HPH/CHANGE CREW FRVJ122 OB 1105,HAN,CAN,SGN,Domestic,VJ,,
2026-02-12|VJ105|656E|HAN-VCS|06:45,2026-02-12,VJ105,656E,C909,HAN-VCS,,06:45,,06:45,,06:34,06:35,06:51,,,EARLY,ONTIME,ONTIME,,,,,,,,,,HAN,,VCS,Domestic,VJ,,
2026-02-12|VJ431|A546|HAN-UIH|07:10,2026-02-12,VJ431,A546,A321,HAN-UIH,,07:10,,07:10,,07:24,07:25,07:35,,,DELAY,ONTIME,DELAY,,,63A,00:15,,,,,CREW SHOW UP LATE OB 0655,HAN,,UIH,Domestic,VJ,,
2026-02-12|VJ905|A542|HAN-KUL|07:10,2026-02-12,VJ905,A542,A321,HAN-KUL,,07:10,,07:10,,07:24,07:25,07:43,,,DELAY,ONTIME,DELAY,,,99,00:15,,,,,UPDATE FPL FORM OMC,HAN,,KUL,International,VJ,,
2026-02-12|VJ1926/VJ956|A656|AMD-HAN-PUS|07:30,2026-02-12,VJ1926/VJ956,A656,A320,AMD-HAN-PUS,06:20,07:30,06:20,07:30,06:00,07:39,07:40,07:50,01:10,01:40,DELAY,ONTIME,DELAY,ONTIME,,99,00:10,,,,,LATE ACCPET 2 PAX AND 1 PCS BAG,HAN,AMD,PUS,International,VJ,,
2026-02-12|VJ7343/VJ940|A645|XIY-HAN-TPE|07:35,2026-02-12,VJ7343/VJ940,A645,A321,XIY-HAN-TPE,06:35,07:35,06:35,07:35,06:10,07:26,07:27,07:45,01:00,01:17,EARLY,ONTIME,ONTIME,ONTIME,,,,,,,,,HAN,XIY,TPE,International,VJ,,
2026-02-12|VJ502/VJ771|A657|DAD-HAN-CXR|07:50,2026-02-12,VJ502/VJ771,A657,A321,DAD-HAN-CXR,07:20,07:50,07:20,08:40,08:40,09:09,09:10,09:30,01:20,00:30,DELAY,DELAY,DELAY,DELAY,,93,00:30,,,,,,HAN,DAD,CXR,Domestic,VJ,,
2026-02-12|VJ107|652G|HAN-VCS|08:15,2026-02-12,VJ107,652G,C909,HAN-VCS,,08:15,,08:15,,08:10,08:12,09:15,,,EARLY,ONTIME,DELAY,,,,,,,,,,HAN,,VCS,Domestic,VJ,,
2026-02-12|VJ934|A523|HAN-NRT|08:20,2026-02-12,VJ934,A523,A321,HAN-NRT,,08:20,,08:20,,08:19,08:20,08:45,,,ONTIME,ONTIME,DELAY,,,,,,,,,,HAN,,NRT,International,VJ,,
2026-02-12|VJ524/VJ929|A671|DAD-HAN-CGK|08:40,2026-02-12,VJ524/VJ929,A671,A320,DAD-HAN-CGK,07:40,08:40,07:40,08:40,08:10,08:44,08:45,09:10,01:00,00:35,DELAY,ONTIME,DELAY,DELAY,,66,00:05,,,,,CREW HN OB 0820,HAN,DAD,CGK,International,VJ,,
2026-02-12|VJ910/VJ930|A580|BOM-HAN-KIX|08:45,2026-02-12,VJ910/VJ930,A580,A321,BOM-HAN-KIX,06:40,08:45,06:40,08:45,06:35,08:44,08:45,09:15,02:05,02:10,ONTIME,ONTIME,DELAY,ONTIME,,,,,,,,,HAN,BOM,KIX,International,VJ,,
2026-02-12|VJ126/VJ127|A698|SGN-HAN-SGN|08:55,2026-02-12,VJ126/VJ127,A698,A321,SGN-HAN-SGN,08:25,08:55,08:25,08:55,09:05,09:34,09:35,09:45,00:30,00:30,DELAY,DELAY,DELAY,DELAY,,93,00:40,,,,,,HAN,SGN,SGN,Domestic,VJ,,
2026-02-12|VJ122/VJ915|A526|SGN-HAN-SIN|09:45,2026-02-12,VJ122/VJ915,A526,A321,SGN-HAN-SIN,08:50,09:45,08:50,10:45,10:05,10:54,10:55,10:57,01:55,00:50,DELAY,ONTIME,DELAY,DELAY,,66,00:10,,,,,CREW HN OB 1033,HAN,SGN,SIN,International,VJ,,
2026-02-12|VJ148/VJ149|-NVG|SGN-HAN-SGN|10:05,2026-02-12,VJ148/VJ149,-NVG,A320,SGN-HAN-SGN,09:30,10:05,09:30,10:45,10:13,10:44,10:45,10:51,01:15,00:32,ONTIME,ONTIME,DELAY,DELAY,,,,,,,,,HAN,SGN,SGN,Domestic,VJ,,
2026-02-12|VJ124/VJ125|A820|SGN-HAN-SGN|10:25,2026-02-12,VJ124/VJ125,A820,A321,SGN-HAN-SGN,09:40,10:25,09:40,12:30,12:05,12:44,12:45,12:49,02:50,00:40,DELAY,ONTIME,DELAY,DELAY,,93,00:15,,,,,,HAN,SGN,SGN,Domestic,VJ,,
2026-02-12|VJ442/VJ997|A536|PQC-HAN-DPS|10:30,2026-02-12,VJ442/VJ997,A536,A321,PQC-HAN-DPS,10:45,10:30,10:45,11:25,11:30,12:24,12:25,12:29,00:40,00:55,DELAY,DELAY,DELAY,DELAY,,93,00:35,66,00:15,15A,00:10,CREW HN OB 1140 / OFFLOAD 1PAX+1BAG,HAN,PQC,DPS,International,VJ,,
2026-02-12|VJ492/VJ507|A697|BMV-HAN-DAD|10:30,2026-02-12,VJ492/VJ507,A697,A321,BMV-HAN-DAD,10:00,10:30,10:00,13:15,12:20,13:09,13:10,13:20,03:15,00:50,EARLY,ONTIME,DELAY,DELAY,,,,,,,,,HAN,BMV,DAD,Domestic,VJ,,
2026-02-12|VJ136/VJ135|A607|SGN-HAN-SGN|11:10,2026-02-12,VJ136/VJ135,A607,A321,SGN-HAN-SGN,10:40,11:10,10:40,11:10,11:55,12:24,12:25,12:35,00:30,00:30,DELAY,DELAY,DELAY,DELAY,,93,01:15,,,,,,HAN,SGN,SGN,Domestic,VJ,,
2026-02-12|VJ430/VJ407|A542|UIH-HAN-DLI|11:25,2026-02-12,VJ430/VJ407,A542,A321,UIH-HAN-DLI,10:55,11:25,10:55,12:05,11:10,12:01,12:02,12:03,01:10,00:52,EARLY,ONTIME,DELAY,ONTIME,,,,,,,,,HAN,UIH,DLI,Domestic,VJ,,
2026-02-12|VJ1120/VJ463|A537|SGN-HAN-VCA|11:25,2026-02-12,VJ1120/VJ463,A537,A321,SGN-HAN-VCA,09:25,11:25,09:25,11:25,10:20,11:19,11:20,11:30,02:00,01:00,EARLY,ONTIME,ONTIME,DELAY,,,,,,,,,HAN,SGN,VCA,Domestic,VJ,,
2026-02-12|VJ132/VJ137|A642|SGN-HAN-SGN|11:40,2026-02-12,VJ132/VJ137,A642,A321,SGN-HAN-SGN,11:10,11:40,11:10,14:00,13:55,14:24,14:25,14:31,02:50,00:30,DELAY,DELAY,DELAY,DELAY,,93,00:25,,,,,,HAN,SGN,SGN,Domestic,VJ,,
2026-02-12|VJ959/VJ946|A522|FUK-HAN-KHH|11:45,2026-02-12,VJ959/VJ946,A522,A321,FUK-HAN-KHH,12:25,11:45,12:25,13:15,12:40,13:19,13:20,13:30,00:50,00:40,DELAY,ONTIME,DELAY,ONTIME,,66,00:05,,,,,CREW HN OB 1300,HAN,FUK,KHH,International,VJ,,
2026-02-12|VJ981/VJ403|A684|PUS-HAN-DLI|11:45,2026-02-12,VJ981/VJ403,A684,A321,PUS-HAN-DLI,11:00,11:45,11:00,11:45,11:10,11:49,11:50,11:57,00:45,00:40,DELAY,ONTIME,ONTIME,ONTIME,,66,00:05,,,,,CREW HN OB 1145,HAN,PUS,DLI,Domestic,VJ,,
2026-02-12|VJ1122/VJ567|A639|SGN-HAN-HUI|11:50,2026-02-12,VJ1122/VJ567,A639,A321,SGN-HAN-HUI,11:20,11:50,11:20,13:10,13:00,13:29,13:30,13:40,01:50,00:30,DELAY,DELAY,DELAY,DELAY,,93,00:20,,,,,,HAN,SGN,HUI,Domestic,VJ,,
2026-02-12|VJ3522/VJ3522|A539|VVO-HAN-PQC|12:50,2026-02-12,VJ3522/VJ3522,A539,A321,VVO-HAN-PQC,12:20,12:50,15:30,16:05,15:25,15:50,15:51,16:07,00:35,00:26,EARLY,ONTIME,DELAY,DELAY,,,,,,,,,HAN,VVO,PQC,Domestic,VJ,,
2026-02-12|VJ770/VJ901|A657|CXR-HAN-BKK|12:50,2026-02-12,VJ770/VJ901,A657,A321,CXR-HAN-BKK,12:00,12:50,14:15,15:05,14:30,15:14,15:15,15:30,00:50,00:45,DELAY,ONTIME,DELAY,DELAY,,66,00:10,,,,,CREW HN OB 1440,HAN,CXR,BKK,International,VJ,,
2026-02-12|VJ440/VJ441|A668|PQC-HAN-PQC|12:55,2026-02-12,VJ440/VJ441,A668,A320,PQC-HAN-PQC,12:25,12:55,12:25,12:55,12:50,13:24,13:25,13:35,00:30,00:35,DELAY,DELAY,DELAY,DELAY,,93,00:20,66,00:10,,,CREW HN OB 1300,HAN,PQC,PQC,Domestic,VJ,,
2026-02-12|VJ780/VJ781|A554|CXR-HAN-CXR|13:00,2026-02-12,VJ780/VJ781,A554,A321,CXR-HAN-CXR,12:30,13:00,12:30,14:00,13:35,14:04,14:05,14:17,01:30,00:30,DELAY,ONTIME,DELAY,DELAY,,93,00:05,,,,,,HAN,CXR,CXR,Domestic,VJ,,
2026-02-12|VJ963/VJ948|A528|ICN-HAN-RMQ|13:30,2026-02-12,VJ963/VJ948,A528,A321,ICN-HAN-RMQ,09:30,13:30,09:30,13:30,09:25,13:29,13:30,13:40,04:00,04:05,ONTIME,ONTIME,ONTIME,ONTIME,,,,,,,,,HAN,ICN,RMQ,International,VJ,,
2026-02-12|VJ1124/VJ773|A815|SGN-HAN-CXR|13:30,2026-02-12,VJ1124/VJ773,A815,A330,SGN-HAN-CXR,12:35,13:30,12:35,14:40,14:00,14:39,14:40,14:49,02:05,00:40,ONTIME,ONTIME,DELAY,DELAY,,,,,,,,,HAN,SGN,CXR,Domestic,VJ,,
2026-02-12|VJ939/VJ513|A552|KIX-HAN-DAD|14:05,2026-02-12,VJ939/VJ513,A552,A321,KIX-HAN-DAD,13:05,14:05,13:05,14:05,13:40,14:19,14:20,14:20,01:00,00:40,DELAY,ONTIME,ONTIME,DELAY,,93,00:05,66,00:10,,,CREW HN OB 1344,HAN,KIX,DAD,Domestic,VJ,,
2026-02-12|VJ961/VJ942|A648|ICN-HAN-TPE|14:40,2026-02-12,VJ961/VJ942,A648,A321,ICN-HAN-TPE,14:10,14:40,14:10,14:40,14:05,14:49,14:50,14:50,00:30,00:45,DELAY,ONTIME,ONTIME,ONTIME,,66,00:10,,,,,CREW HN OB 1429,HAN,ICN,TPE,International,VJ,,
2026-02-12|VJ941/VJ511|A645|TPE-HAN-DAD|15:00,2026-02-12,VJ941/VJ511,A645,A321,TPE-HAN-DAD,14:10,15:00,14:45,17:30,15:20,17:19,17:20,17:25,02:45,02:00,EARLY,ONTIME,DELAY,DELAY,,,,,,,,,HAN,TPE,DAD,Domestic,VJ,,
2026-02-12|VJ906/VJ1491|A546|KUL-HAN-BMV|15:20,2026-02-12,VJ906/VJ1491,A546,A321,KUL-HAN-BMV,14:55,15:20,15:15,16:15,14:55,16:14,16:15,16:20,01:00,01:20,ONTIME,ONTIME,DELAY,ONTIME,,,,,,,,,HAN,KUL,BMV,Domestic,VJ,,
2026-02-12|VJ409|A672|HAN-DLI|15:25,2026-02-12,VJ409,A672,A320,HAN-DLI,,15:25,,17:15,,17:24,17:25,17:29,,,DELAY,ONTIME,DELAY,,,95,00:10,,,,,WAIT CREW VJ566 OB1705,HAN,,DLI,Domestic,VJ,,
2026-02-12|VJ921/VJ1441|A544|NGO-HAN-PQC|15:30,2026-02-12,VJ921/VJ1441,A544,A321,NGO-HAN-PQC,13:40,15:30,13:40,15:30,12:50,15:27,15:28,15:37,01:50,02:38,EARLY,ONTIME,ONTIME,ONTIME,,,,,,,,,HAN,NGO,PQC,Domestic,VJ,,
2026-02-12|VJ508/VJ423|A697|DAD-HAN-PXU|15:55,2026-02-12,VJ508/VJ423,A697,A321,DAD-HAN-PXU,13:40,15:55,16:35,17:20,17:00,17:39,17:40,17:48,00:45,00:40,DELAY,DELAY,DELAY,DELAY,,93,00:10,66,00:10,,,CREW OB 1705,HAN,DAD,PXU,Domestic,VJ,,
2026-02-12|VJ933/VJ195|A814|NRT-HAN-SGN|16:00,2026-02-12,VJ933/VJ195,A814,A330,NRT-HAN-SGN,14:00,16:00,14:00,16:00,14:10,15:59,16:00,16:15,02:00,01:50,ONTIME,ONTIME,ONTIME,ONTIME,,,,,,,,,HAN,NRT,SGN,Domestic,VJ,,
2026-02-12|VJ566/VJ913|A639|DAD-HAN-SAI|16:20,2026-02-12,VJ566/VJ913,A639,A321,DAD-HAN-SAI,14:55,16:20,16:45,17:45,16:55,17:49,17:50,18:02,01:00,00:55,DELAY,ONTIME,DELAY,DELAY,,15A,00:05,,,,,OFFLOAD 3 PAX 1 BAG,HAN,DAD,SAI,International,VJ,,
2026-02-12|VJ462/VJ515|A650|VCA-HAN-DAD|16:25,2026-02-12,VJ462/VJ515,A650,A320,VCA-HAN-DAD,15:40,16:25,15:40,16:25,15:55,16:24,16:25,16:34,00:45,00:30,ONTIME,ONTIME,ONTIME,ONTIME,,,,,,,,,HAN,VCA,DAD,Domestic,VJ,,
2026-02-12|VJ145|A817|HAN-SGN|16:30,2026-02-12,VJ145,A817,A330,HAN-SGN,,16:30,,20:00,,19:52,19:54,20:03,,,EARLY,ONTIME,DELAY,,,,,,,,,FERRY FLIGHT,HAN,,SGN,Domestic,VJ,,
2026-02-12|VJ404/VJ903|A684|DLI-HAN-BKK|16:40,2026-02-12,VJ404/VJ903,A684,A321,DLI-HAN-BKK,15:55,16:40,15:55,16:40,16:00,16:44,16:45,16:48,00:45,00:45,DELAY,ONTIME,ONTIME,ONTIME,,66,00:05,,,,,CREW OB 1615,HAN,DLI,BKK,International,VJ,,
2026-02-12|VJ460/VJ191|A550|VCA-HAN-SGN|16:55,2026-02-12,VJ460/VJ191,A550,A321,VCA-HAN-SGN,16:20,16:55,16:20,16:55,16:30,16:59,17:00,17:10,00:35,00:30,DELAY,ONTIME,ONTIME,ONTIME,,93,00:05,,,,,FERRY FLIGHT,HAN,VCA,SGN,Domestic,VJ,,
2026-02-12|VJ134/VJ163|-MLI|SGN-HAN-SGN|17:30,2026-02-12,VJ134/VJ163,-MLI,A320,SGN-HAN-SGN,17:00,17:30,18:00,19:00,19:00,19:39,19:40,19:55,01:00,00:40,DELAY,DELAY,DELAY,DELAY,,93,00:25,99,00:15,,,CAPT REQUEST EXTRA FUEL,HAN,SGN,SGN,Domestic,VJ,,
2026-02-12|VJ784/VJ783|A667|CXR-HAN-CXR|17:40,2026-02-12,VJ784/VJ783,A667,A321,CXR-HAN-CXR,17:10,17:40,18:35,19:10,18:55,19:24,19:25,19:39,00:35,00:30,DELAY,ONTIME,DELAY,DELAY,,93,00:15,,,,,,HAN,CXR,CXR,Domestic,VJ,,
2026-02-12|VJ953/VJ445|A675|HIJ-HAN-PQC|17:40,2026-02-12,VJ953/VJ445,A675,A320,HIJ-HAN-PQC,16:20,17:40,16:20,17:40,17:25,17:54,17:55,18:00,01:20,00:30,DELAY,ONTIME,DELAY,DELAY,,93,00:15,,,,,,HAN,HIJ,PQC,Domestic,VJ,,
2026-02-12|VJ514/VJ465|A552|DAD-HAN-VCA|17:50,2026-02-12,VJ514/VJ465,A552,A321,DAD-HAN-VCA,17:15,17:50,17:50,18:30,17:45,18:20,18:21,18:30,00:40,00:36,EARLY,ONTIME,DELAY,DELAY,,,,,,,,,HAN,DAD,VCA,Domestic,VJ,,
2026-02-12|VJ194/VJ193|A640|SGN-HAN-SGN|18:10,2026-02-12,VJ194/VJ193,A640,A321,SGN-HAN-SGN,17:30,18:10,18:25,19:10,18:55,19:23,19:25,19:30,00:45,00:30,DELAY,ONTIME,DELAY,DELAY,,93,00:15,,,,,,HAN,SGN,SGN,Domestic,VJ,,
2026-02-12|VJ935/VJ147|A523|NRT-HAN-SGN|18:10,2026-02-12,VJ935/VJ147,A523,A321,NRT-HAN-SGN,20:55,18:10,20:55,22:15,21:15,22:48,22:49,23:02,01:20,01:34,DELAY,DELAY,DELAY,DELAY,,46,00:34,,,,,FERRY FLIGHT / AIR RETURN & CHANGE A/C FOR TECHNICAL REASON + WAIT CREW FR 302KM,HAN,NRT,SGN,Domestic,VJ,,
2026-02-12|VJ902/VJ165|A657|BKK-HAN-SGN|18:30,2026-02-12,VJ902/VJ165,A657,A321,BKK-HAN-SGN,17:35,18:30,20:10,21:10,20:35,21:34,21:35,21:50,01:00,01:00,DELAY,DELAY,DELAY,DELAY,,84,00:25,,,,,AIR TRAFFIC-RESTRICTION AT DESTINATION,HAN,BKK,SGN,Domestic,VJ,,
2026-02-12|VJ916/VJ493|A526|SIN-HAN-BMV|18:35,2026-02-12,VJ916/VJ493,A526,A321,SIN-HAN-BMV,17:35,18:35,18:20,20:40,18:45,20:39,20:40,20:45,02:20,01:55,ONTIME,ONTIME,DELAY,DELAY,,,,,,,,,HAN,SIN,BMV,Domestic,VJ,,
2026-02-12|VJ512/VJ779|A645|DAD-HAN-CXR|18:40,2026-02-12,VJ512/VJ779,A645,A321,DAD-HAN-CXR,18:10,18:40,20:45,21:25,21:00,21:34,21:35,21:45,00:40,00:35,DELAY,ONTIME,DELAY,DELAY,,93,00:05,66,00:05,,,CREW OB 2112,HAN,DAD,CXR,Domestic,VJ,,
2026-02-12|VJ931/VJ173|A580|KIX-HAN-SGN|19:05,2026-02-12,VJ931/VJ173,A580,A321,KIX-HAN-SGN,19:40,19:05,20:15,21:15,20:15,21:14,21:15,21:20,01:00,01:00,ONTIME,ONTIME,DELAY,DELAY,,,,,,,,,HAN,KIX,SGN,Domestic,VJ,,
2026-02-12|VJ957/VJ1925|A656|PUS-HAN-AMD|19:20,2026-02-12,VJ957/VJ1925,A656,A320,PUS-HAN-AMD,17:20,19:20,17:20,19:20,17:30,19:04,19:05,19:25,02:00,01:35,EARLY,ONTIME,ONTIME,ONTIME,,,,,,,,,HAN,PUS,AMD,International,VJ,,
2026-02-12|VJ144/VJ971|A820|SGN-HAN-DEL|19:50,2026-02-12,VJ144/VJ971,A820,A321,SGN-HAN-DEL,15:30,19:50,17:40,19:50,19:05,20:04,20:05,20:15,02:10,01:00,DELAY,ONTIME,DELAY,DELAY,,66,00:15,,,,,CREW OB 1925,HAN,SGN,DEL,International,VJ,,
2026-02-12|VJ516/VJ569|A650|DAD-HAN-HUI|20:05,2026-02-12,VJ516/VJ569,A650,A320,DAD-HAN-HUI,19:35,20:05,19:35,21:30,20:05,21:37,21:38,21:40,01:55,01:33,DELAY,ONTIME,DELAY,DELAY,,95,00:08,,,,,WAIT CREW VJ512 OB 2113,HAN,DAD,HUI,Domestic,VJ,,
2026-02-12|VJ943/VJ155|A648|SGN-HAN-SGN|20:05,2026-02-12,VJ943/VJ155,A648,A321,SGN-HAN-SGN,21:10,20:05,21:10,22:50,22:00,23:04,23:05,23:25,01:40,01:05,DELAY,ONTIME,DELAY,DELAY,,99,00:15,,,,,WAIT FOR CIP A,HAN,SGN,SGN,Domestic,VJ,,
2026-02-12|VJ928/VJ7712|A671|CGK-HAN-PKX|20:05,2026-02-12,VJ928/VJ7712,A671,A320,CGK-HAN-PKX,18:15,20:05,18:15,20:05,18:30,19:55,19:56,20:00,01:50,01:26,EARLY,ONTIME,ONTIME,ONTIME,,,,,,,,,HAN,CGK,PKX,International,VJ,,
2026-02-12|VJ152/VJ519|A698|PXU-HAN-DAD|20:10,2026-02-12,VJ152/VJ519,A698,A321,PXU-HAN-DAD,19:35,20:10,21:50,22:35,22:30,23:04,23:05,23:15,00:45,00:35,DELAY,DELAY,DELAY,DELAY,,93,00:25,95,00:05,,,WAIT CREW VJ424 OB 2235,HAN,PXU,DAD,Domestic,VJ,,
2026-02-12|VJ408/VJ7238|A672|DLI-HAN-PVG|21:30,2026-02-12,VJ408/VJ7238,A672,A320,DLI-HAN-PVG,19:30,21:30,21:25,22:30,22:00,22:39,22:40,22:43,01:05,00:40,DELAY,ONTIME,DELAY,DELAY,,66,00:10,,,,,CREW HN OB 2215,HAN,DLI,PVG,International,VJ,,
2026-02-12|VJ949/VJ7306|A528|SAI-HAN-TFU|21:40,2026-02-12,VJ949/VJ7306,A528,A321,SAI-HAN-TFU,19:50,21:40,19:50,21:40,20:00,21:36,21:37,21:39,01:50,01:37,EARLY,ONTIME,ONTIME,ONTIME,,,,,,,,,HAN,SAI,TFU,International,VJ,,
2026-02-12|VJ160/VJ161|A545|SGN-HAN-SGN|21:50,2026-02-12,VJ160/VJ161,A545,A321,SGN-HAN-SGN,21:15,21:50,00:50,01:50,01:15,01:44,01:45,01:50,01:00,00:30,EARLY,ONTIME,DELAY,DELAY,,,,,,,,,HAN,SGN,SGN,Domestic,VJ,,
2026-02-12|VJ410/VJ123|A542|DLI-HAN-SGN|22:10,2026-02-12,VJ410/VJ123,A542,A321,DLI-HAN-SGN,20:15,22:10,20:35,23:20,20:30,00:04,00:05,"1 day, 0:13:00",02:45,03:35,DELAY,DELAY,DELAY,ONTIME,,95,00:45,,,,,WAIT CREW VJ166 OB 2341,HAN,DLI,SGN,Domestic,VJ,,
2026-02-12|VJ1440/VJ521|A543|PQC-HAN-DAD|22:30,2026-02-12,VJ1440/VJ521,A543,A321,PQC-HAN-DAD,21:40,22:30,23:05,23:40,22:50,23:39,23:40,23:47,00:35,00:50,ONTIME,ONTIME,DELAY,DELAY,,,,,,,,,HAN,PQC,DAD,Domestic,VJ,,
2026-02-12|VJ947/VJ962|A522|KHH-HAN-ICN|22:50,2026-02-12,VJ947/VJ962,A522,A321,KHH-HAN-ICN,18:05,22:50,19:25,22:50,19:43,22:49,22:50,23:00,03:25,03:07,ONTIME,ONTIME,ONTIME,DELAY,,,,,,,,,HAN,KHH,ICN,International,VJ,,
2026-02-12|VJ180/VJ171|A817|SGN-HAN-SGN|23:25,2026-02-12,VJ180/VJ171,A817,A330,SGN-HAN-SGN,22:25,23:25,01:10,02:30,01:55,02:17,02:18,"1 day, 2:22:00",01:20,00:23,EARLY,ONTIME,DELAY,DELAY,,,,,,,,FERRY FLIGHT,HAN,SGN,SGN,Domestic,VJ,,
2026-02-12|VJ914/VJ187|A639|SAI-HAN-SGN|23:30,2026-02-12,VJ914/VJ187,A639,A321,SAI-HAN-SGN,20:50,23:30,22:00,23:30,22:50,23:29,23:30,23:40,01:30,00:40,ONTIME,ONTIME,ONTIME,DELAY,,,,,,,,FERRY FLIGHT,HAN,SAI,SGN,Domestic,VJ,,
2026-02-12|VJ568/VJ523|A650|HUI-HAN-DAD|23:35,2026-02-12,VJ568/VJ523,A650,A320,HUI-HAN-DAD,23:05,23:35,23:55,01:10,00:45,01:04,01:05,01:15,01:15,00:20,EARLY,ONTIME,DELAY,DELAY,,,,,,,,,HAN,HUI,DAD,Domestic,VJ,,
2026-02-12|VJ156/VJ159|A629|SGN-HAN-SGN|23:40,2026-02-12,VJ156/VJ159,A629,A321,SGN-HAN-SGN,23:10,23:40,00:40,01:55,01:25,01:46,01:47,"1 day, 1:48:00",01:15,00:22,EARLY,ONTIME,DELAY,DELAY,,,,,,,,FERRY FLIGHT,HAN,SGN,SGN,Domestic,VJ,,
2026-02-12|VJ464/VJ7526|A552|VCA-HAN-CAN|23:40,2026-02-12,VJ464/VJ7526,A552,A321,VCA-HAN-CAN,22:45,23:40,22:45,23:40,21:45,23:34,23:35,23:45,00:55,01:50,EARLY,ONTIME,ONTIME,ONTIME,,,,,,,,,HAN,VCA,CAN,International,VJ,,
2026-02-12|VJ424/VJ1125|A697|BMV-HAN-SGN|23:50,2026-02-12,VJ424/VJ1125,A697,A321,BMV-HAN-SGN,19:35,23:50,21:05,23:50,21:45,23:44,23:45,"1 day, 0:00:00",02:45,02:00,EARLY,ONTIME,ONTIME,DELAY,,,,,,,,FERRY FLIGHT,HAN,BMV,SGN,Domestic,VJ,,
2026-02-13|VJ932|A814|HAN-NRT|00:55,2026-02-13,VJ932,A814,A330,HAN-NRT,,00:55,,00:55,,00:54,00:55,01:05,,,ONTIME,ONTIME,ONTIME,,,,,,,,,,HAN,,NRT,International,VJ,,
2026-02-13|VJ982|A633|HAN-PUS|01:00,2026-02-13,VJ982,A633,A321,HAN-PUS,,01:00,,01:00,,01:04,01:05,01:22,,,DELAY,ONTIME,DELAY,,,99,00:05,,,,,LATE ACCEPT PAX WITH BAGS (4 PAX 3 BAGS),HAN,,PUS,International,VJ,,
2026-02-13|VJ938|A552|HAN-KIX|01:40,2026-02-13,VJ938,A552,A321,HAN-KIX,,01:40,,01:40,,01:36,01:37,01:39,,,EARLY,ONTIME,ONTIME,,,,,,,,,,HAN,,KIX,International,VJ,,
2026-02-13|VJ920|A553|HAN-NGO|01:35,2026-02-13,VJ920,A553,A321,HAN-NGO,,01:35,,03:05,,02:58,02:59,03:00,,,EARLY,ONTIME,DELAY,,,,,,,,,,HAN,,NGO,International,VJ,,
2026-02-13|VJ960|A698|HAN-ICN|01:45,2026-02-13,VJ960,A698,A321,HAN-ICN,,01:45,,03:25,,03:34,03:35,03:40,,,DELAY,ONTIME,DELAY,,,66,00:10,,,,,CREW HN OB 0305,HAN,,ICN,International,VJ,,
2026-02-13|VJ7614/VJ7614|A539|CXR-HAN-BQS|02:10,2026-02-13,VJ7614/VJ7614,A539,A321,CXR-HAN-BQS,01:40,02:10,01:40,04:35,04:00,04:29,04:30,04:32,02:55,00:30,EARLY,ONTIME,DELAY,DELAY,,,,,,,,,HAN,CXR,BQS,International,VJ,,
2026-02-13|VJ7307/VJ1121|A528|TFU-HAN-SGN|04:10,2026-02-13,VJ7307/VJ1121,A528,A321,TFU-HAN-SGN,03:00,04:10,03:00,04:10,03:00,03:44,03:45,04:05,01:10,00:45,EARLY,ONTIME,ONTIME,ONTIME,,,,,,,,FERRY FLIGHT,HAN,TFU,SGN,Domestic,VJ,,
2026-02-13|VJ1166/VJ1165|A639|SGN-HAN-SGN|03:40,2026-02-13,VJ1166/VJ1165,A639,A321,SGN-HAN-SGN,03:10,03:40,04:15,04:50,05:30,05:52,05:53,05:55,00:35,00:23,DELAY,DELAY,DELAY,DELAY,,93,01:03,,,,,FERRY FLIGHT,HAN,SGN,SGN,Domestic,VJ,,
2026-02-13|VJ179|A657|HAN-SGN|05:00,2026-02-13,VJ179,A657,A321,HAN-SGN,,05:00,,05:00,,04:44,04:45,04:49,,,EARLY,ONTIME,ONTIME,,,,,,,,,FERRY FLIGHT,HAN,,SGN,Domestic,VJ,,
2026-02-13|VJ185|A641|HAN-SGN|05:10,2026-02-13,VJ185,A641,A321,HAN-SGN,,05:10,,05:10,,05:03,05:05,05:05,,,EARLY,ONTIME,ONTIME,,,,,,,,,FERRY FLIGHT,HAN,,SGN,Domestic,VJ,,
2026-02-13|VJ7713/VJ1123|A671|PKX-HAN-SGN|05:20,2026-02-13,VJ7713/VJ1123,A671,A320,PKX-HAN-SGN,04:10,05:20,04:10,05:20,04:05,05:08,05:09,05:12,01:10,01:04,EARLY,ONTIME,ONTIME,ONTIME,,,,,,,,FERRY FLIGHT,HAN,PKX,SGN,Domestic,VJ,,
2026-02-13|VJ443|A536|HAN-PQC|06:00,2026-02-13,VJ443,A536,A321,HAN-PQC,,06:00,,06:00,,05:54,05:55,06:10,,,EARLY,ONTIME,ONTIME,,,,,,,,,,HAN,,PQC,Domestic,VJ,,
2026-02-13|VJ491|A636|HAN-BMV|06:00,2026-02-13,VJ491,A636,A321,HAN-BMV,,06:00,,06:00,,05:54,05:55,06:15,,,EARLY,ONTIME,ONTIME,,,,,,,,,,HAN,,BMV,Domestic,VJ,,
2026-02-13|VJ1124/VJ509|A697|SGN-HAN-DAD|06:00,2026-02-13,VJ1124/VJ509,A697,A321,SGN-HAN-DAD,04:50,06:00,04:50,06:00,05:40,06:19,06:20,06:25,01:10,00:40,DELAY,DELAY,DELAY,DELAY,,93,00:10,66,00:10,,,CREW OB 0550,HAN,SGN,DAD,Domestic,VJ,,
2026-02-13|VJ421|A580|HAN-PXU|06:05,2026-02-13,VJ421,A580,A321,HAN-PXU,,06:05,,06:05,,05:59,06:00,06:13,,,EARLY,ONTIME,ONTIME,,,,,,,,,,HAN,,PXU,Domestic,VJ,,
2026-02-13|VJ105|652G|HAN-VCS|06:45,2026-02-13,VJ105,652G,C909,HAN-VCS,,06:45,,06:45,,06:39,06:40,06:42,,,EARLY,ONTIME,ONTIME,,,,,,,,,,HAN,,VCS,Domestic,VJ,,
2026-02-13|VJ905|A648|HAN-KUL|07:10,2026-02-13,VJ905,A648,A321,HAN-KUL,,07:10,,07:10,,07:09,07:10,07:17,,,ONTIME,ONTIME,ONTIME,,,,,,,,,,HAN,,KUL,International,VJ,,
2026-02-13|VJ7239/VJ431|A672|PVG-HAN-UIH|07:10,2026-02-13,VJ7239/VJ431,A672,A320,PVG-HAN-UIH,06:00,07:10,06:00,07:10,06:25,07:04,07:05,07:15,01:10,00:40,EARLY,ONTIME,ONTIME,DELAY,,,,,,,,,HAN,PVG,UIH,Domestic,VJ,,
2026-02-13|VJ1926/VJ956|A656|AMD-HAN-PUS|07:30,2026-02-13,VJ1926/VJ956,A656,A320,AMD-HAN-PUS,06:40,07:30,06:40,07:30,06:00,07:23,07:25,07:26,00:50,01:25,EARLY,ONTIME,ONTIME,ONTIME,,,,,,,,,HAN,AMD,PUS,International,VJ,,
2026-02-13|VJ7527/VJ940|A684|CAN-HAN-TPE|07:35,2026-02-13,VJ7527/VJ940,A684,A321,CAN-HAN-TPE,04:35,07:35,04:35,07:35,04:45,07:29,07:30,07:40,03:00,02:45,EARLY,ONTIME,ONTIME,ONTIME,,,,,,,,,HAN,CAN,TPE,International,VJ,,
2026-02-13|VJ502/VJ771|A543|DAD-HAN-CXR|07:35,2026-02-13,VJ502/VJ771,A543,A321,DAD-HAN-CXR,07:05,07:35,07:05,07:35,07:00,07:29,07:30,07:35,00:30,00:30,EARLY,ONTIME,ONTIME,ONTIME,,,,,,,,,HAN,DAD,CXR,Domestic,VJ,,
2026-02-13|VJ461|A662|HAN-VCA|05:30,2026-02-13,VJ461,A662,A320,HAN-VCA,,05:30,,08:00,,07:54,07:55,08:02,,,EARLY,ONTIME,DELAY,,,,,,,,,,HAN,,VCA,Domestic,VJ,,
2026-02-13|VJ122/VJ181|A524|SGN-HAN-SGN|08:05,2026-02-13,VJ122/VJ181,A524,A321,SGN-HAN-SGN,07:30,08:05,08:30,09:00,08:45,09:14,09:15,09:25,00:30,00:30,DELAY,ONTIME,DELAY,DELAY,,93,00:15,,,,,,HAN,SGN,SGN,Domestic,VJ,,
2026-02-13|VJ107|656E|HAN-VCS|08:15,2026-02-13,VJ107,656E,C909,HAN-VCS,,08:15,,08:15,,08:04,08:05,08:10,,,EARLY,ONTIME,ONTIME,,,,,,,,,,HAN,,VCS,Domestic,VJ,,
2026-02-13|VJ934|A523|HAN-NRT|08:20,2026-02-13,VJ934,A523,A321,HAN-NRT,,08:20,,08:20,,08:14,08:15,08:12,,,EARLY,ONTIME,ONTIME,,,,,,,,,,HAN,,NRT,International,VJ,,
2026-02-13|VJ930|A526|HAN-KIX|08:20,2026-02-13,VJ930,A526,A321,HAN-KIX,,08:20,,08:20,,08:19,08:20,08:30,,,ONTIME,ONTIME,ONTIME,,,,,,,,,,HAN,,KIX,International,VJ,,
2026-02-13|VJ524/VJ929|A650|DAD-HAN-CGK|08:40,2026-02-13,VJ524/VJ929,A650,A320,DAD-HAN-CGK,07:40,08:40,07:40,08:40,06:40,08:37,08:38,08:40,01:00,01:58,EARLY,ONTIME,ONTIME,ONTIME,,,,,,,,,HAN,DAD,CGK,International,VJ,,
2026-02-13|VJ972/VJ125|A820|DEL-HAN-SGN|08:40,2026-02-13,VJ972/VJ125,A820,A321,DEL-HAN-SGN,06:15,08:40,06:15,08:40,06:23,08:58,09:00,09:05,02:25,02:37,DELAY,DELAY,DELAY,ONTIME,,95,00:20,,,,,CHANGE CREW FROM VJ124 OB 0830,HAN,DEL,SGN,Domestic,VJ,,
2026-02-13|VJ126/VJ127|A542|SGN-HAN-SGN|08:55,2026-02-13,VJ126/VJ127,A542,A321,SGN-HAN-SGN,08:25,08:55,08:25,08:55,08:25,08:52,08:54,08:55,00:30,00:29,EARLY,ONTIME,ONTIME,ONTIME,,,,,,,,,HAN,SGN,SGN,Domestic,VJ,,
2026-02-13|VJ510/VJ997|A697|DAD-HAN-DPS|10:00,2026-02-13,VJ510/VJ997,A697,A321,DAD-HAN-DPS,09:00,10:00,09:00,10:50,09:40,10:49,10:50,10:53,01:50,01:10,ONTIME,ONTIME,DELAY,DELAY,,,,,,,,,HAN,DAD,DPS,International,VJ,,
2026-02-13|VJ148/VJ149|-NVG|SGN-HAN-SGN|10:05,2026-02-13,VJ148/VJ149,-NVG,A320,SGN-HAN-SGN,09:30,10:05,09:30,10:40,10:10,10:39,10:40,10:55,01:10,00:30,ONTIME,ONTIME,DELAY,DELAY,,,,,,,,,HAN,SGN,SGN,Domestic,VJ,,
2026-02-13|VJ422/VJ567|A580|PXU-HAN-HUI|10:10,2026-02-13,VJ422/VJ567,A580,A321,PXU-HAN-HUI,09:40,10:10,09:40,10:10,10:00,10:29,10:30,10:39,00:30,00:30,DELAY,DELAY,DELAY,DELAY,,93,00:20,,,,,,HAN,PXU,HUI,Domestic,VJ,,
2026-02-13|VJ176/VJ527|A685|SGN-HAN-DAD|10:15,2026-02-13,VJ176/VJ527,A685,A321,SGN-HAN-DAD,09:40,10:15,09:40,10:15,10:05,10:34,10:35,10:45,00:35,00:30,DELAY,DELAY,DELAY,DELAY,,93,00:20,,,,,,HAN,SGN,DAD,Domestic,VJ,,
2026-02-13|VJ463|A546|HAN-VCA|10:30,2026-02-13,VJ463,A546,A321,HAN-VCA,,10:30,,10:30,,10:29,10:30,10:31,,,ONTIME,ONTIME,ONTIME,,,,,,,,,,HAN,,VCA,Domestic,VJ,,
2026-02-13|VJ492/VJ507|A636|BMV-HAN-DAD|10:30,2026-02-13,VJ492/VJ507,A636,A321,BMV-HAN-DAD,10:00,10:30,10:00,11:00,10:35,11:04,11:05,11:25,01:00,00:30,DELAY,ONTIME,DELAY,DELAY,,93,00:05,,,,,,HAN,BMV,DAD,Domestic,VJ,,
2026-02-13|VJ963/VJ775|A522|ICN-HAN-CXR|10:40,2026-02-13,VJ963/VJ775,A522,A321,ICN-HAN-CXR,09:30,10:40,09:30,10:40,10:00,10:38,10:40,10:42,01:10,00:40,ONTIME,ONTIME,ONTIME,DELAY,,,,,,,,,HAN,ICN,CXR,Domestic,VJ,,
2026-02-13|VJ1122/VJ403|A671|SGN-HAN-DLI|10:45,2026-02-13,VJ1122/VJ403,A671,A320,SGN-HAN-DLI,10:10,10:45,10:10,11:30,10:30,11:34,11:35,11:50,01:20,01:05,DELAY,ONTIME,DELAY,DELAY,,66,00:05,,,,,CHANGE CREW HN OB 1110,HAN,SGN,DLI,Domestic,VJ,,
2026-02-13|VJ136/VJ135|A639|SGN-HAN-SGN|11:10,2026-02-13,VJ136/VJ135,A639,A321,SGN-HAN-SGN,10:40,11:10,10:40,12:30,12:05,12:34,12:35,12:40,01:50,00:30,DELAY,ONTIME,DELAY,DELAY,,93,00:05,,,,,,HAN,SGN,SGN,Domestic,VJ,,
2026-02-13|VJ124/VJ451|A817|SGN-HAN-PQC|11:25,2026-02-13,VJ124/VJ451,A817,A330,SGN-HAN-PQC,07:50,11:25,07:50,11:25,08:00,11:24,11:25,11:43,03:35,03:25,ONTIME,ONTIME,DELAY,ONTIME,,,,,,,,,HAN,SGN,PQC,Domestic,VJ,,
2026-02-13|VJ430/VJ407|A672|UIH-HAN-DLI|11:25,2026-02-13,VJ430/VJ407,A672,A320,UIH-HAN-DLI,10:55,11:25,10:55,11:25,11:00,11:28,11:30,11:38,00:30,00:30,DELAY,ONTIME,ONTIME,ONTIME,,66,00:05,,,,,CHANGE CREW HN OB 1110,HAN,UIH,DLI,Domestic,VJ,,
2026-02-13|VJ442/VJ946|A536|PQC-HAN-KHH|11:45,2026-02-13,VJ442/VJ946,A536,A321,PQC-HAN-KHH,10:45,11:45,10:45,12:35,11:40,12:24,12:25,12:29,01:50,00:45,EARLY,ONTIME,DELAY,DELAY,,,,,,,,,HAN,PQC,KHH,International,VJ,,
2026-02-13|VJ1120/VJ915|A537|SGN-HAN-SIN|11:00,2026-02-13,VJ1120/VJ915,A537,A321,SGN-HAN-SIN,09:10,11:00,09:10,12:45,10:45,12:43,12:45,12:49,03:35,02:00,ONTIME,ONTIME,DELAY,DELAY,,,,,,,,,HAN,SGN,SIN,International,VJ,,
2026-02-13|VJ132/VJ137|A644|SGN-HAN-SGN|12:05,2026-02-13,VJ132/VJ137,A644,A321,SGN-HAN-SGN,11:35,12:05,12:20,14:00,13:20,13:56,13:58,14:00,01:40,00:38,EARLY,ONTIME,DELAY,DELAY,,,,,,,,,HAN,SGN,SGN,Domestic,VJ,,
2026-02-13|VJ981/VJ901|A633|PUS-HAN-BKK|12:15,2026-02-13,VJ981/VJ901,A633,A321,PUS-HAN-BKK,11:00,12:15,11:00,12:15,10:55,12:08,12:10,12:11,01:15,01:15,EARLY,ONTIME,ONTIME,ONTIME,,,,,,,,,HAN,PUS,BKK,International,VJ,,
2026-02-13|VJ770/VJ441|A543|CXR-HAN-PQC|12:25,2026-02-13,VJ770/VJ441,A543,A321,CXR-HAN-PQC,11:45,12:25,11:45,12:25,12:24,12:52,12:54,13:03,00:40,00:30,DELAY,DELAY,DELAY,DELAY,,93,00:29,,,,,,HAN,CXR,PQC,Domestic,VJ,,
2026-02-13|VJ939/VJ513|A552|KIX-HAN-DAD|13:35,2026-02-13,VJ939/VJ513,A552,A321,KIX-HAN-DAD,13:05,13:35,13:05,14:00,13:05,13:57,13:58,14:05,00:55,00:53,EARLY,ONTIME,DELAY,ONTIME,,,,,,,,,HAN,KIX,DAD,Domestic,VJ,,
2026-02-13|VJ128/VJ143|A816|SGN-HAN-SGN|13:40,2026-02-13,VJ128/VJ143,A816,A330,SGN-HAN-SGN,12:10,13:40,12:10,13:40,13:05,13:54,13:55,13:58,01:30,00:50,DELAY,ONTIME,DELAY,DELAY,,93,00:10,15A,00:05,,,LATE ARR/CUT 02PAX&01BAGS,HAN,SGN,SGN,Domestic,VJ,,
2026-02-13|VJ566/VJ948|A580|HUI-HAN-RMQ|14:05,2026-02-13,VJ566/VJ948,A580,A321,HUI-HAN-RMQ,13:05,14:05,13:05,15:00,13:50,14:56,14:58,15:03,01:55,01:08,EARLY,ONTIME,DELAY,DELAY,,,,,,,,,HAN,HUI,RMQ,International,VJ,,
2026-02-13|VJ508/VJ511|A636|DAD-HAN-DAD|14:20,2026-02-13,VJ508/VJ511,A636,A321,DAD-HAN-DAD,13:40,14:20,14:15,15:05,14:55,15:19,15:20,15:30,00:50,00:25,DELAY,ONTIME,DELAY,DELAY,,93,00:15,,,,,,HAN,DAD,DAD,Domestic,VJ,,
2026-02-13|VJ188/VJ151|-NVE|SGN-HAN-SGN|14:40,2026-02-13,VJ188/VJ151,-NVE,A320,SGN-HAN-SGN,14:05,14:40,14:05,16:40,16:05,16:29,16:30,17:00,02:35,00:25,EARLY,ONTIME,DELAY,DELAY,,,,,,,,FERRY FLIGHT,HAN,SGN,SGN,Domestic,VJ,,
2026-02-13|VJ941/VJ942|A684|TPE-HAN-TPE|14:25,2026-02-13,VJ941/VJ942,A684,A321,TPE-HAN-TPE,14:10,14:25,14:10,15:25,14:25,15:14,15:15,15:16,01:15,00:50,EARLY,ONTIME,DELAY,ONTIME,,,,,,,,,HAN,TPE,TPE,International,VJ,,
2026-02-13|VJ774/VJ175|A522|CXR-HAN-SGN|15:20,2026-02-13,VJ774/VJ175,A522,A321,CXR-HAN-SGN,14:50,15:20,14:50,15:20,15:15,15:32,15:33,15:40,00:30,00:18,DELAY,ONTIME,DELAY,DELAY,,93,00:13,,,,,,HAN,CXR,SGN,Domestic,VJ,,
2026-02-13|VJ404/VJ409|A671|DLI-HAN-DLI|15:25,2026-02-13,VJ404/VJ409,A671,A320,DLI-HAN-DLI,14:55,15:25,14:55,16:30,16:10,16:39,16:40,16:55,01:35,00:30,DELAY,ONTIME,DELAY,DELAY,,93,00:05,66,00:05,,,CREW HN OB 1622,HAN,DLI,DLI,Domestic,VJ,,
2026-02-13|VJ921/VJ1491|A553|NGO-HAN-BMV|15:25,2026-02-13,VJ921/VJ1491,A553,A321,NGO-HAN-BMV,14:40,15:25,14:40,15:25,14:15,15:23,15:24,15:30,00:45,01:09,EARLY,ONTIME,ONTIME,ONTIME,,,,,,,,,HAN,NGO,BMV,Domestic,VJ,,
2026-02-13|VJ528/VJ1441|A685|DAD-HAN-PQC|15:30,2026-02-13,VJ528/VJ1441,A685,A321,DAD-HAN-PQC,13:25,15:30,13:25,15:30,14:30,15:29,15:30,15:35,02:05,01:00,ONTIME,ONTIME,ONTIME,DELAY,,,,,,,,,HAN,DAD,PQC,Domestic,VJ,,
2026-02-13|VJ144/VJ145|A820|SGN-HAN-SGN|15:35,2026-02-13,VJ144/VJ145,A820,A321,SGN-HAN-SGN,14:10,15:35,14:10,15:35,15:05,15:34,15:35,16:05,01:25,00:30,ONTIME,ONTIME,DELAY,DELAY,,,,,,,,FERRY FLIGHT,HAN,SGN,SGN,Domestic,VJ,,
2026-02-13|VJ528/VJ423|A685|DAD-HAN-PXU|15:55,2026-02-13,VJ528/VJ423,A685,A321,DAD-HAN-PXU,13:25,15:55,13:25,15:55,14:35,15:54,15:55,16:05,02:30,01:20,ONTIME,ONTIME,ONTIME,DELAY,,,,,,,,,HAN,DAD,PXU,Domestic,VJ,,
2026-02-13|VJ460/VJ191|A546|VCA-HAN-SGN|15:55,2026-02-13,VJ460/VJ191,A546,A321,VCA-HAN-SGN,15:25,15:55,15:25,15:55,15:40,16:09,16:10,16:40,00:30,00:30,DELAY,ONTIME,DELAY,ONTIME,,93,00:15,,,,,FERRY FLIGHT,HAN,VCA,SGN,Domestic,VJ,,
2026-02-13|VJ933/VJ195|A814|NRT-HAN-SGN|16:00,2026-02-13,VJ933/VJ195,A814,A330,NRT-HAN-SGN,14:00,16:00,14:00,16:00,14:00,15:59,16:00,16:30,02:00,02:00,ONTIME,ONTIME,DELAY,ONTIME,,,,,,,,,HAN,NRT,SGN,Domestic,VJ,,
2026-02-13|VJ961/VJ913|A698|ICN-HAN-SAI|16:20,2026-02-13,VJ961/VJ913,A698,A321,ICN-HAN-SAI,14:10,16:20,14:10,16:20,14:15,16:10,16:12,16:30,02:10,01:57,EARLY,ONTIME,ONTIME,ONTIME,,,,,,,,,HAN,ICN,SAI,International,VJ,,
2026-02-13|VJ7615/VJ7615|A539|BQS-HAN-CXR|15:10,2026-02-13,VJ7615/VJ7615,A539,A321,BQS-HAN-CXR,14:40,15:10,16:00,18:05,17:50,18:19,18:20,18:30,02:05,00:30,DELAY,ONTIME,DELAY,DELAY,,93,00:15,,,,,,HAN,BQS,CXR,Domestic,VJ,,
2026-02-13|VJ514/VJ465|A552|DAD-HAN-VCA|17:25,2026-02-13,VJ514/VJ465,A552,A321,DAD-HAN-VCA,16:45,17:25,16:45,18:15,17:25,18:12,18:13,18:19,01:30,00:48,EARLY,ONTIME,DELAY,DELAY,,,,,,,,,HAN,DAD,VCA,Domestic,VJ,,
2026-02-13|VJ134/VJ163|-MLI|SGN-HAN-SGN|17:30,2026-02-13,VJ134/VJ163,-MLI,A320,SGN-HAN-SGN,17:00,17:30,18:30,19:05,19:10,19:34,19:35,19:49,00:35,00:25,DELAY,DELAY,DELAY,DELAY,,93,00:30,,,,,,HAN,SGN,SGN,Domestic,VJ,,
2026-02-13|VJ440/VJ445|A675|PQC-HAN-PQC|17:40,2026-02-13,VJ440/VJ445,A675,A320,PQC-HAN-PQC,11:55,17:40,11:55,17:40,12:12,17:36,17:38,17:40,05:45,05:26,EARLY,ONTIME,ONTIME,DELAY,,,,,,,,,HAN,PQC,PQC,Domestic,VJ,,
2026-02-13|VJ462/VJ515|A662|VCA-HAN-DAD|16:25,2026-02-13,VJ462/VJ515,A662,A320,VCA-HAN-DAD,15:40,16:25,17:30,18:45,18:25,18:49,18:50,19:10,01:15,00:25,DELAY,ONTIME,DELAY,DELAY,,93,00:05,,,,,,HAN,VCA,DAD,Domestic,VJ,,
2026-02-13|VJ446/VJ147|A543|PQC-HAN-SGN|18:00,2026-02-13,VJ446/VJ147,A543,A321,PQC-HAN-SGN,17:10,18:00,17:10,18:00,18:00,18:39,18:40,18:50,00:50,00:40,DELAY,DELAY,DELAY,DELAY,,93,00:30,66,00:10,,,FERRY FLIGHT / CREW HN OB 1820,HAN,PQC,SGN,Domestic,VJ,,
2026-02-13|VJ512/VJ779|A636|DAD-HAN-CXR|18:00,2026-02-13,VJ512/VJ779,A636,A321,DAD-HAN-CXR,17:30,18:00,17:30,19:30,18:50,19:26,19:27,19:31,02:00,00:37,EARLY,ONTIME,DELAY,DELAY,,,,,,,,,HAN,DAD,CXR,Domestic,VJ,,
2026-02-13|VJ957/VJ1925|A656|PUS-HAN-AMD|19:00,2026-02-13,VJ957/VJ1925,A656,A320,PUS-HAN-AMD,17:20,19:00,17:20,19:00,17:20,19:14,19:15,19:30,01:40,01:55,DELAY,ONTIME,DELAY,ONTIME,,41,00:15,,,,,DAILY CHECK,HAN,PUS,AMD,International,VJ,,
2026-02-13|VJ902/VJ1445|A633|BKK-HAN-PQC|19:00,2026-02-13,VJ902/VJ1445,A633,A321,BKK-HAN-PQC,17:00,19:00,17:00,19:00,17:15,18:56,18:58,19:05,02:00,01:43,EARLY,ONTIME,ONTIME,ONTIME,,,,,,,,,HAN,BKK,PQC,Domestic,VJ,,
2026-02-13|VJ947/VJ907|A536|KHH-HAN-BOM|19:15,2026-02-13,VJ947/VJ907,A536,A321,KHH-HAN-BOM,18:05,19:15,18:05,20:00,18:30,19:59,20:00,20:04,01:55,01:30,ONTIME,ONTIME,DELAY,DELAY,,,,,,,,,HAN,KHH,BOM,International,VJ,,
2026-02-13|VJ928/VJ7712|A650|CGK-HAN-PKX|20:05,2026-02-13,VJ928/VJ7712,A650,A320,CGK-HAN-PKX,18:15,20:05,18:15,20:05,18:00,19:54,19:55,20:04,01:50,01:55,EARLY,ONTIME,ONTIME,ONTIME,,,,,,,,,HAN,CGK,PKX,International,VJ,,
2026-02-13|VJ408/VJ569|A671|DLI-HAN-HUI|20:05,2026-02-13,VJ408/VJ569,A671,A320,DLI-HAN-HUI,19:30,20:05,19:30,21:55,21:20,21:47,21:48,22:03,02:25,00:28,EARLY,ONTIME,DELAY,DELAY,,,,,,,,,HAN,DLI,HUI,Domestic,VJ,,
2026-02-13|VJ424/VJ173|A685|PXU-HAN-SGN|20:10,2026-02-13,VJ424/VJ173,A685,A321,PXU-HAN-SGN,19:35,20:10,19:35,20:30,20:15,20:44,20:45,20:46,00:55,00:30,DELAY,ONTIME,DELAY,DELAY,,93,00:15,,,,,,HAN,PXU,SGN,Domestic,VJ,,
2026-02-13|VJ931/VJ7342|A526|KIX-HAN-XIY|20:15,2026-02-13,VJ931/VJ7342,A526,A321,KIX-HAN-XIY,19:15,20:15,19:15,20:15,19:15,20:07,20:08,20:14,01:00,00:53,EARLY,ONTIME,ONTIME,ONTIME,,,,,,,,,HAN,KIX,XIY,International,VJ,,
2026-02-13|VJ1440/VJ519|A648|PQC-HAN-DAD|20:30,2026-02-13,VJ1440/VJ519,A648,A321,PQC-HAN-DAD,20:10,20:30,20:10,21:20,20:50,21:19,21:20,21:27,01:10,00:30,ONTIME,ONTIME,DELAY,DELAY,,,,,,,,,HAN,PQC,DAD,Domestic,VJ,,
2026-02-13|VJ152/VJ521|A643|SGN-HAN-DAD|20:50,2026-02-13,VJ152/VJ521,A643,A321,SGN-HAN-DAD,20:00,20:50,22:40,00:15,00:40,01:08,01:10,01:19,01:35,00:30,DELAY,DELAY,DELAY,DELAY,,93,00:55,,,,,,HAN,SGN,DAD,Domestic,VJ,,
2026-02-13|VJ410/VJ7238|A672|DLI-HAN-PVG|21:30,2026-02-13,VJ410/VJ7238,A672,A320,DLI-HAN-PVG,20:15,21:30,20:15,21:30,20:10,21:11,21:12,21:22,01:15,01:02,EARLY,ONTIME,ONTIME,ONTIME,,,,,,,,,HAN,DLI,PVG,International,VJ,,
2026-02-13|VJ914/VJ161|A698|SAI-HAN-SGN|21:50,2026-02-13,VJ914/VJ161,A698,A321,SAI-HAN-SGN,20:50,21:50,20:50,21:50,20:45,21:49,21:50,21:56,01:00,01:05,ONTIME,ONTIME,ONTIME,ONTIME,,,,,,,,,HAN,SAI,SGN,Domestic,VJ,,
2026-02-13|VJ935/VJ123|A523|NRT-HAN-SGN|22:10,2026-02-13,VJ935/VJ123,A523,A321,NRT-HAN-SGN,20:55,22:10,20:55,22:10,20:45,22:01,22:02,22:10,01:15,01:17,EARLY,ONTIME,ONTIME,ONTIME,,,,,,,,,HAN,NRT,SGN,Domestic,VJ,,
2026-02-13|VJ943/VJ962|A684|TPE-HAN-ICN|23:05,2026-02-13,VJ943/VJ962,A684,A321,TPE-HAN-ICN,20:55,23:05,21:25,23:05,22:25,23:09,23:10,23:20,01:40,00:45,DELAY,ONTIME,ONTIME,DELAY,,66,00:05,,,,,CREW HN OB 2242,HAN,TPE,ICN,International,VJ,,
2026-02-13|VJ180/VJ171|A816|SGN-HAN-SGN|23:25,2026-02-13,VJ180/VJ171,A816,A330,SGN-HAN-SGN,22:25,23:25,22:25,23:25,23:05,23:34,23:35,00:05,01:00,00:30,DELAY,ONTIME,DELAY,DELAY,,93,00:10,,,,,FERRY,HAN,SGN,SGN,Domestic,VJ,,
2026-02-13|VJ516/VJ523|A662|DAD-HAN-DAD|23:35,2026-02-13,VJ516/VJ523,A662,A320,DAD-HAN-DAD,19:35,23:35,22:00,23:35,22:45,23:29,23:30,23:35,01:35,00:45,EARLY,ONTIME,ONTIME,DELAY,,,,,,,,,HAN,DAD,DAD,Domestic,VJ,,
2026-02-13|VJ778/VJ7526|A636|CXR-HAN-CAN|23:40,2026-02-13,VJ778/VJ7526,A636,A321,CXR-HAN-CAN,22:10,23:40,1904-01-02,01:00,00:10,00:59,01:00,01:06,01:00,00:50,ONTIME,ONTIME,DELAY,DELAY,,,,,,,,,HAN,CXR,CAN,International,VJ,,
2026-02-13|VJ160/VJ155|A642|SGN-HAN-SGN|23:50,2026-02-13,VJ160/VJ155,A642,A321,SGN-HAN-SGN,23:20,23:50,01:00,02:00,01:20,01:50,00:51,01:57,01:00,23:31,EARLY,ONTIME,DELAY,ONTIME,,,,,,,,,HAN,SGN,SGN,Domestic,VJ,,
2026-02-13|VJ156/VJ159|A545|SGN-HAN-SGN|01:20,2026-02-13,VJ156/VJ159,A545,A321,SGN-HAN-SGN,00:50,01:20,01:30,03:15,02:50,03:14,03:15,03:25,01:45,00:25,ONTIME,ONTIME,DELAY,ONTIME,,,,,,,,FERRY FLIGHT,HAN,SGN,SGN,Domestic,VJ,,
2026-02-13|VJ138/VJ1125|A641|SGN-HAN-SGN|23:50,2026-02-13,VJ138/VJ1125,A641,A321,SGN-HAN-SGN,14:40,23:50,14:40,00:20,15:50,00:37,00:38,00:55,09:40,08:48,DELAY,DELAY,DELAY,DELAY,,95,00:18,,,,,FERRY FLIGHT/ WAIT CREW FR 166 OB 0025,HAN,SGN,SGN,Domestic,VJ,,
2026-02-14|VJ932|A537|HAN-NRT|00:55,2026-02-14,VJ932,A537,A321,HAN-NRT,,00:55,,00:55,,00:54,00:55,01:05,,,ONTIME,ONTIME,ONTIME,,,,,,,,,,HAN,,NRT,International,VJ,,
2026-02-14|VJ982|A633|HAN-PUS|01:00,2026-02-14,VJ982,A633,A321,HAN-PUS,,01:00,,01:00,,00:59,01:00,01:10,,,ONTIME,ONTIME,ONTIME,,,,,,,,,,HAN,,PUS,International,VJ,,
2026-02-14|VJ7706/VJ7706|A539|CXR-HAN-KHV|01:25,2026-02-14,VJ7706/VJ7706,A539,A321,CXR-HAN-KHV,00:55,01:25,00:55,01:25,01:10,01:39,01:40,01:40,00:30,00:30,DELAY,ONTIME,ONTIME,ONTIME,,,,,,,,,HAN,CXR,KHV,International,VJ,,
2026-02-14|VJ920|A697|HAN-NGO|01:35,2026-02-14,VJ920,A697,A321,HAN-NGO,,01:35,,01:35,,01:34,01:35,01:41,,,ONTIME,ONTIME,ONTIME,,,,,,,,,,HAN,,NGO,International,VJ,,
2026-02-14|VJ938|A580|HAN-KIX|01:40,2026-02-14,VJ938,A580,A321,HAN-KIX,,01:40,,01:40,,01:38,01:40,01:45,,,ONTIME,ONTIME,ONTIME,,,,,,,,,,HAN,,KIX,International,VJ,,
2026-02-14|VJ958|A522|HAN-FUK|02:05,2026-02-14,VJ958,A522,A321,HAN-FUK,,02:05,,02:05,,02:04,02:05,02:15,,,ONTIME,ONTIME,ONTIME,,,,,,,,,,HAN,,FUK,International,VJ,,
2026-02-14|VJ960|A698|HAN-ICN|01:45,2026-02-14,VJ960,A698,A321,HAN-ICN,,01:45,,04:50,,04:39,04:40,04:42,,,EARLY,ONTIME,DELAY,,,,,,,,,,HAN,,ICN,International,VJ,,
2026-02-14|VJ1123|A685|HAN-SGN|04:50,2026-02-14,VJ1123,A685,A321,HAN-SGN,,04:50,,04:50,,04:40,04:41,04:48,,,EARLY,ONTIME,ONTIME,,,,,,,,,FERRY FLIGHT,HAN,,SGN,Domestic,VJ,,
2026-02-14|VJ185|A552|HAN-SGN|05:10,2026-02-14,VJ185,A552,A321,HAN-SGN,,05:10,,05:10,,04:49,04:53,04:54,,,EARLY,ONTIME,ONTIME,,,,,,,,,FERRY FLIGHT,HAN,,SGN,Domestic,VJ,,
2026-02-14|VJ461|A671|HAN-VCA|05:30,2026-02-14,VJ461,A671,A320,HAN-VCA,,05:30,,05:30,,05:24,05:25,05:36,,,EARLY,ONTIME,ONTIME,,,,,,,,,,HAN,,VCA,Domestic,VJ,,
2026-02-14|VJ182/VJ443|A635|SGN-HAN-PQC|06:00,2026-02-14,VJ182/VJ443,A635,A321,SGN-HAN-PQC,05:05,06:00,05:05,06:00,05:50,06:54,06:55,06:58,00:55,01:05,DELAY,DELAY,DELAY,DELAY,,93,00:20,66,00:10,41,00:25,CREW HN OB 0600/TECHNICAL CHECK,HAN,SGN,PQC,Domestic,VJ,,
2026-02-14|VJ7713/VJ952|A650|PKX-HAN-HIJ|06:05,2026-02-14,VJ7713/VJ952,A650,A320,PKX-HAN-HIJ,04:10,06:05,04:10,06:05,04:15,05:59,06:00,06:04,01:55,01:45,EARLY,ONTIME,ONTIME,ONTIME,,,,,,,,,HAN,PKX,HIJ,International,VJ,,
2026-02-14|VJ158/VJ1121|A641|SGN-HAN-SGN|06:30,2026-02-14,VJ158/VJ1121,A641,A321,SGN-HAN-SGN,05:30,06:30,05:30,06:30,06:30,06:59,07:00,07:10,01:00,00:30,DELAY,DELAY,DELAY,DELAY,,93,00:30,,,,,FERRY FLIGHT,HAN,SGN,SGN,Domestic,VJ,,
2026-02-14|VJ7527/VJ491|A636|CAN-HAN-BMV|06:30,2026-02-14,VJ7527/VJ491,A636,A321,CAN-HAN-BMV,05:30,06:30,05:30,06:30,05:23,06:23,06:25,06:27,01:00,01:02,EARLY,ONTIME,ONTIME,ONTIME,,,,,,,,,HAN,CAN,BMV,Domestic,VJ,,
2026-02-14|VJ1124/VJ181|A644|SGN-HAN-SGN|06:40,2026-02-14,VJ1124/VJ181,A644,A321,SGN-HAN-SGN,06:40,06:40,06:40,07:10,06:45,07:19,07:20,07:29,00:30,00:35,DELAY,ONTIME,DELAY,ONTIME,,93,00:05,66,00:05,,,CREW HN OB 0655,HAN,SGN,SGN,Domestic,VJ,,
2026-02-14|VJ105|652G|HAN-VCS|06:45,2026-02-14,VJ105,652G,C909,HAN-VCS,,06:45,,06:45,,06:33,06:35,06:40,,,EARLY,ONTIME,ONTIME,,,,,,,,,,HAN,,VCS,Domestic,VJ,,
2026-02-14|VJ7420|A553|HAN-TPE|07:00,2026-02-14,VJ7420,A553,A321,HAN-TPE,,07:00,,07:00,,06:54,06:55,07:12,,,EARLY,ONTIME,ONTIME,,,,,,,,,,HAN,,TPE,International,VJ,,
2026-02-14|VJ1166/VJ1165|A642|SGN-HAN-SGN|03:40,2026-02-14,VJ1166/VJ1165,A642,A321,SGN-HAN-SGN,03:10,03:40,06:35,07:05,07:15,07:36,07:37,07:52,00:30,00:22,DELAY,DELAY,DELAY,DELAY,,,,,,,,FERRY,HAN,SGN,SGN,Domestic,VJ,,
2026-02-14|VJ431|A629|HAN-UIH|07:10,2026-02-14,VJ431,A629,A321,HAN-UIH,,07:10,,07:10,,07:04,07:05,07:15,,,EARLY,ONTIME,ONTIME,,,,,,,,,,HAN,,UIH,Domestic,VJ,,
2026-02-14|VJ7343/VJ905|A526|XIY-HAN-KUL|07:10,2026-02-14,VJ7343/VJ905,A526,A321,XIY-HAN-KUL,03:10,07:10,03:10,07:10,,07:19,07:20,07:34,04:00,,DELAY,ONTIME,DELAY,ONTIME,,87,00:10,,,,,STUCK IMMI,HAN,XIY,KUL,International,VJ,,
2026-02-14|VJ1926/VJ956|A656|AMD-HAN-PUS|07:30,2026-02-14,VJ1926/VJ956,A656,A320,AMD-HAN-PUS,06:20,07:30,06:20,07:30,06:05,07:29,07:30,07:40,01:10,01:25,ONTIME,ONTIME,ONTIME,ONTIME,,,,,,,,,HAN,AMD,PUS,International,VJ,,
2026-02-14|VJ502/VJ771|A693|DAD-HAN-CXR|07:35,2026-02-14,VJ502/VJ771,A693,A321,DAD-HAN-CXR,07:05,07:35,07:05,07:35,07:05,07:29,07:30,07:48,00:30,00:25,EARLY,ONTIME,ONTIME,ONTIME,,,,,,,,,HAN,DAD,CXR,Domestic,VJ,,
2026-02-14|VJ940|A575|HAN-TPE|08:15,2026-02-14,VJ940,A575,A321,HAN-TPE,,08:15,,08:15,,08:12,08:13,08:25,,,EARLY,ONTIME,ONTIME,,,,,,,,,,HAN,,TPE,International,VJ,,
2026-02-14|VJ107|656E|HAN-VCS|08:15,2026-02-14,VJ107,656E,C909,HAN-VCS,,08:15,,08:15,,08:04,08:05,08:15,,,EARLY,ONTIME,ONTIME,,,,,,,,,,HAN,,VCS,Domestic,VJ,,
2026-02-14|VJ401|A643|HAN-DLI|08:20,2026-02-14,VJ401,A643,A321,HAN-DLI,,08:20,,08:20,,08:19,08:20,08:24,,,ONTIME,ONTIME,ONTIME,,,,,,,,,,HAN,,DLI,Domestic,VJ,,
2026-02-14|VJ7239/VJ929|A672|PVG-HAN-CGK|08:40,2026-02-14,VJ7239/VJ929,A672,A320,PVG-HAN-CGK,05:15,08:40,05:15,08:40,04:55,08:44,08:45,08:55,03:25,03:50,DELAY,ONTIME,ONTIME,ONTIME,,99,00:05,,,,,LATE ACC 1PAX 1BAG,HAN,PVG,CGK,International,VJ,,
2026-02-14|VJ120/VJ121|A820|SGN-HAN-SGN|08:40,2026-02-14,VJ120/VJ121,A820,A321,SGN-HAN-SGN,07:40,08:40,07:40,08:40,07:55,08:39,08:40,08:50,01:00,00:45,ONTIME,ONTIME,ONTIME,ONTIME,,,,,,,,,HAN,SGN,SGN,Domestic,VJ,,
2026-02-14|VJ122/VJ934|A523|SGN-HAN-NRT|09:25,2026-02-14,VJ122/VJ934,A523,A321,SGN-HAN-NRT,08:40,09:25,08:40,10:25,09:55,10:39,10:40,10:46,01:45,00:45,DELAY,ONTIME,DELAY,DELAY,,66,00:15,,,,,CREW HN OB 10:10,HAN,SGN,NRT,International,VJ,,
2026-02-14|VJ930|A550|HAN-KIX|09:30,2026-02-14,VJ930,A550,A321,HAN-KIX,,09:30,,09:30,,09:24,09:25,09:35,,,EARLY,ONTIME,ONTIME,,,,,,,,,,HAN,,KIX,International,VJ,,
2026-02-14|VJ910/VJ997|A536|BOM-HAN-DPS|10:00,2026-02-14,VJ910/VJ997,A536,A321,BOM-HAN-DPS,07:25,10:00,07:25,10:00,07:05,09:59,10:00,10:04,02:35,02:55,ONTIME,ONTIME,ONTIME,ONTIME,,,,,,,,,HAN,BOM,DPS,International,VJ,,
2026-02-14|VJ148/VJ149|-NVG|SGN-HAN-SGN|10:05,2026-02-14,VJ148/VJ149,-NVG,A320,SGN-HAN-SGN,09:30,10:05,10:00,12:20,11:30,12:14,12:15,12:23,02:20,00:45,EARLY,ONTIME,DELAY,DELAY,,,,,,,,,HAN,SGN,SGN,Domestic,VJ,,
2026-02-14|VJ1122/VJ567|A685|SGN-HAN-HUI|10:10,2026-02-14,VJ1122/VJ567,A685,A321,SGN-HAN-HUI,09:40,10:10,09:40,10:35,10:05,10:34,10:35,10:43,00:55,00:30,ONTIME,ONTIME,DELAY,DELAY,,,,,,,,,HAN,SGN,HUI,Domestic,VJ,,
2026-02-14|VJ963/VJ915|A684|ICN-HAN-SIN|10:15,2026-02-14,VJ963/VJ915,A684,A321,ICN-HAN-SIN,09:30,10:15,09:30,10:15,09:35,10:19,10:20,10:28,00:45,00:45,DELAY,ONTIME,ONTIME,ONTIME,,66,00:05,,,,,CREW HN OB 09:54,HAN,ICN,SIN,International,VJ,,
2026-02-14|VJ524/VJ403|A662|DAD-HAN-DLI|10:45,2026-02-14,VJ524/VJ403,A662,A320,DAD-HAN-DLI,07:40,10:45,07:40,10:45,07:35,10:39,10:40,10:43,03:05,03:05,EARLY,ONTIME,ONTIME,ONTIME,,,,,,,,,HAN,DAD,DLI,Domestic,VJ,,
2026-02-14|VJ492/VJ463|A636|BMV-HAN-VCA|11:00,2026-02-14,VJ492/VJ463,A636,A321,BMV-HAN-VCA,10:30,11:00,10:30,11:00,10:30,10:57,10:59,11:06,00:30,00:29,EARLY,ONTIME,ONTIME,ONTIME,,,,,,,,,HAN,BMV,VCA,Domestic,VJ,,
2026-02-14|VJ136/VJ135|A525|SGN-HAN-SGN|11:10,2026-02-14,VJ136/VJ135,A525,A321,SGN-HAN-SGN,10:40,11:10,10:40,11:40,11:00,11:35,11:37,11:43,01:00,00:37,EARLY,ONTIME,DELAY,DELAY,,,,,,,,,HAN,SGN,SGN,Domestic,VJ,,
2026-02-14|VJ124/VJ125|A810|SGN-HAN-SGN|10:15,2026-02-14,VJ124/VJ125,A810,A330,SGN-HAN-SGN,08:20,10:15,09:25,12:10,11:15,12:06,12:08,12:10,02:45,00:53,EARLY,ONTIME,DELAY,DELAY,,,,,,,,,HAN,SGN,SGN,Domestic,VJ,,
2026-02-14|VJ442/VJ133|A635|PQC-HAN-SGN|11:40,2026-02-14,VJ442/VJ133,A635,A321,PQC-HAN-SGN,10:45,11:40,10:45,12:30,12:00,12:29,12:30,12:39,01:45,00:30,ONTIME,ONTIME,DELAY,DELAY,,,,,,,,,HAN,PQC,SGN,Domestic,VJ,,
2026-02-14|VJ981/VJ946|A633|PUS-HAN-KHH|11:45,2026-02-14,VJ981/VJ946,A633,A321,PUS-HAN-KHH,11:00,11:45,11:00,11:45,11:05,11:42,11:43,11:47,00:45,00:38,EARLY,ONTIME,ONTIME,ONTIME,,,,,,,,,HAN,PUS,KHH,International,VJ,,
2026-02-14|VJ1120/VJ407|A641|SGN-HAN-DLI|12:00,2026-02-14,VJ1120/VJ407,A641,A321,SGN-HAN-DLI,09:15,12:00,11:25,12:00,11:25,11:59,12:00,12:02,00:35,00:35,ONTIME,ONTIME,ONTIME,DELAY,,,,,,,,,HAN,SGN,DLI,Domestic,VJ,,
2026-02-14|VJ430/VJ901|A629|UIH-HAN-BKK|12:15,2026-02-14,VJ430/VJ901,A629,A321,UIH-HAN-BKK,10:55,12:15,10:55,13:15,12:35,13:19,13:20,13:30,02:20,00:45,DELAY,ONTIME,DELAY,DELAY,,66,00:05,,,,,CREW HN OB 12:50,HAN,UIH,BKK,International,VJ,,
2026-02-14|VJ770/VJ179|A693|CXR-HAN-SGN|11:45,2026-02-14,VJ770/VJ179,A693,A321,CXR-HAN-SGN,11:45,11:45,11:45,12:20,12:25,12:49,12:50,13:19,00:35,00:25,DELAY,DELAY,DELAY,DELAY,,93,00:30,,,,,FERRY FLIGHT,HAN,CXR,SGN,Domestic,VJ,,
2026-02-14|VJ440/VJ441|A675|PQC-HAN-PQC|12:25,2026-02-14,VJ440/VJ441,A675,A320,PQC-HAN-PQC,11:55,12:25,11:55,13:00,12:40,13:08,13:10,13:20,01:05,00:30,DELAY,ONTIME,DELAY,DELAY,,93,00:05,66,00:05,,,CREW HN OB 12:47,HAN,PQC,PQC,Domestic,VJ,,
2026-02-14|VJ132/VJ137|A543|SGN-HAN-SGN|12:30,2026-02-14,VJ132/VJ137,A543,A321,SGN-HAN-SGN,12:00,12:30,12:00,13:05,12:48,13:14,13:15,13:39,01:05,00:27,DELAY,ONTIME,DELAY,DELAY,,93,00:10,,,,,,HAN,SGN,SGN,Domestic,VJ,,
2026-02-14|VJ402/VJ513|A643|DLI-HAN-DAD|13:35,2026-02-14,VJ402/VJ513,A643,A321,DLI-HAN-DAD,12:30,13:35,12:30,13:35,12:50,13:34,13:35,13:45,01:05,00:45,ONTIME,ONTIME,ONTIME,DELAY,,,,,,,,,HAN,DLI,DAD,Domestic,VJ,,
2026-02-14|VJ128/VJ143|A816|SGN-HAN-SGN|13:40,2026-02-14,VJ128/VJ143,A816,A330,SGN-HAN-SGN,12:10,13:40,12:10,13:40,13:05,13:49,13:50,13:55,01:30,00:45,DELAY,ONTIME,ONTIME,DELAY,,93,00:10,,,,,,HAN,SGN,SGN,Domestic,VJ,,
2026-02-14|VJ939/VJ948|A580|KIX-HAN-RMQ|13:50,2026-02-14,VJ939/VJ948,A580,A321,KIX-HAN-RMQ,13:05,13:50,13:05,13:50,13:25,14:04,14:05,14:20,00:45,00:40,DELAY,ONTIME,DELAY,DELAY,,93,00:05,66,00:10,,,CREW HN OB 13:45,HAN,KIX,RMQ,International,VJ,,
2026-02-14|VJ566/VJ511|A685|HUI-HAN-DAD|14:20,2026-02-14,VJ566/VJ511,A685,A321,HUI-HAN-DAD,13:05,14:20,13:05,14:20,14:00,14:39,14:40,14:51,01:15,00:40,DELAY,DELAY,DELAY,DELAY,,93,00:10,66,00:10,,,CREW HN OB 14:10,HAN,HUI,DAD,Domestic,VJ,,
2026-02-14|VJ933/VJ1491|A537|NRT-HAN-BMV|14:50,2026-02-14,VJ933/VJ1491,A537,A321,NRT-HAN-BMV,14:00,14:50,14:00,14:50,13:50,14:49,14:50,14:54,00:50,01:00,ONTIME,ONTIME,ONTIME,ONTIME,,,,,,,,,HAN,NRT,BMV,Domestic,VJ,,
2026-02-14|VJ921/VJ942|A697|NGO-HAN-TPE|14:50,2026-02-14,VJ921/VJ942,A697,A321,NGO-HAN-TPE,13:40,14:50,13:40,14:50,13:50,14:49,14:50,14:51,01:10,01:00,ONTIME,ONTIME,ONTIME,ONTIME,,,,,,,,,HAN,NGO,TPE,International,VJ,,
2026-02-14|VJ7707/VJ7707|A539|KHV-HAN-CXR|15:15,2026-02-14,VJ7707/VJ7707,A539,A321,KHV-HAN-CXR,14:45,15:15,14:45,15:15,15:15,15:41,15:43,15:48,00:30,00:28,DELAY,DELAY,DELAY,DELAY,,93,00:15,,,,,,HAN,KHV,CXR,Domestic,VJ,,
2026-02-14|VJ404/VJ409|A662|DLI-HAN-DLI|15:25,2026-02-14,VJ404/VJ409,A662,A320,DLI-HAN-DLI,14:55,15:25,14:55,15:25,14:40,15:21,15:22,15:24,00:30,00:42,EARLY,ONTIME,ONTIME,ONTIME,,,,,,,,,HAN,DLI,DLI,Domestic,VJ,,
2026-02-14|VJ7421/VJ1441|A553|TPE-HAN-PQC|15:30,2026-02-14,VJ7421/VJ1441,A553,A321,TPE-HAN-PQC,13:50,15:30,13:50,15:30,15:00,15:29,15:30,15:45,01:40,00:30,ONTIME,ONTIME,ONTIME,DELAY,,,,,,,,,HAN,TPE,PQC,Domestic,VJ,,
2026-02-14|VJ144/VJ145|A820|SGN-HAN-SGN|15:35,2026-02-14,VJ144/VJ145,A820,A321,SGN-HAN-SGN,14:10,15:35,14:10,15:35,15:05,15:34,15:35,15:47,01:25,00:30,ONTIME,ONTIME,ONTIME,DELAY,,,,,,,,,HAN,SGN,SGN,Domestic,VJ,,
2026-02-14|VJ906/VJ903|A526|KUL-HAN-BKK|15:50,2026-02-14,VJ906/VJ903,A526,A321,KUL-HAN-BKK,14:55,15:50,14:55,15:50,14:40,15:44,15:45,15:49,00:55,01:05,EARLY,ONTIME,ONTIME,ONTIME,,,,,,,,,HAN,KUL,BKK,International,VJ,,
2026-02-14|VJ961/VJ191|A698|ICN-HAN-SGN|15:55,2026-02-14,VJ961/VJ191,A698,A321,ICN-HAN-SGN,14:10,15:55,14:10,15:55,15:15,15:43,15:45,16:00,01:45,00:30,EARLY,ONTIME,ONTIME,DELAY,,,,,,,,FERRY FLIGHT,HAN,ICN,SGN,Domestic,VJ,,
2026-02-14|VJ941/VJ423|A575|TPE-HAN-PXU|15:55,2026-02-14,VJ941/VJ423,A575,A321,TPE-HAN-PXU,14:35,15:55,14:35,15:55,15:40,16:14,16:15,16:25,01:20,00:35,DELAY,DELAY,DELAY,DELAY,,93,00:10,66,00:10,,,CHANGE CREW HN OB 1550,HAN,TPE,PXU,Domestic,VJ,,
2026-02-14|VJ959/VJ913|A522|FUK-HAN-SAI|16:20,2026-02-14,VJ959/VJ913,A522,A321,FUK-HAN-SAI,12:25,16:20,12:25,16:20,13:00,16:14,16:15,16:20,03:55,03:15,EARLY,ONTIME,ONTIME,DELAY,,,,,,,,,HAN,FUK,SAI,International,VJ,,
2026-02-14|VJ462/VJ515|A671|VCA-HAN-DAD|16:25,2026-02-14,VJ462/VJ515,A671,A320,VCA-HAN-DAD,15:40,16:25,15:40,16:25,15:55,16:24,16:25,16:32,00:45,00:30,ONTIME,ONTIME,ONTIME,ONTIME,,,,,,,,,HAN,VCA,DAD,Domestic,VJ,,
2026-02-14|VJ514/VJ465|A643|DAD-HAN-VCA|17:25,2026-02-14,VJ514/VJ465,A643,A321,DAD-HAN-VCA,16:45,17:25,16:45,17:40,17:10,17:39,17:40,17:48,00:55,00:30,ONTIME,ONTIME,DELAY,DELAY,,,,,,,,,HAN,DAD,VCA,Domestic,VJ,,
2026-02-14|VJ134/VJ163|-MLI|SGN-HAN-SGN|17:30,2026-02-14,VJ134/VJ163,-MLI,A320,SGN-HAN-SGN,17:00,17:30,19:10,19:25,19:10,19:34,19:35,20:01,00:15,00:25,DELAY,ONTIME,DELAY,DELAY,,93,00:10,,,,,,HAN,SGN,SGN,Domestic,VJ,,
2026-02-14|VJ146/VJ147|A525|SGN-HAN-SGN|17:35,2026-02-14,VJ146/VJ147,A525,A321,SGN-HAN-SGN,17:00,17:35,17:00,17:35,16:55,17:21,17:22,17:28,00:35,00:27,EARLY,ONTIME,ONTIME,ONTIME,,,,,,,,,HAN,SGN,SGN,Domestic,VJ,,
2026-02-14|VJ446/VJ445|A675|PQC-HAN-PQC|17:40,2026-02-14,VJ446/VJ445,A675,A320,PQC-HAN-PQC,17:10,17:40,17:10,19:05,18:50,19:14,19:15,19:55,01:55,00:25,DELAY,ONTIME,DELAY,DELAY,,93,00:10,,,,,LATE AOBT DUE TO ATC,HAN,PQC,PQC,Domestic,VJ,,
2026-02-14|VJ902/VJ1445|A629|BKK-HAN-PQC|18:00,2026-02-14,VJ902/VJ1445,A629,A321,BKK-HAN-PQC,17:00,18:00,17:00,19:10,18:30,19:06,19:07,19:35,02:10,00:37,EARLY,ONTIME,DELAY,DELAY,,,,,,,,,HAN,BKK,PQC,Domestic,VJ,,
2026-02-14|VJ512/VJ779|A685|DAD-HAN-CXR|18:00,2026-02-14,VJ512/VJ779,A685,A321,DAD-HAN-CXR,17:30,18:00,17:30,18:30,18:20,18:49,18:50,19:00,01:00,00:30,DELAY,DELAY,DELAY,DELAY,,93,00:20,,,,,,HAN,DAD,CXR,Domestic,VJ,,
2026-02-14|VJ194/VJ193|A651|SGN-HAN-SGN|18:10,2026-02-14,VJ194/VJ193,A651,A321,SGN-HAN-SGN,17:30,18:10,18:20,19:55,19:25,19:54,19:55,20:05,01:35,00:30,ONTIME,ONTIME,DELAY,DELAY,,,,,,,,,HAN,SGN,SGN,Domestic,VJ,,
2026-02-14|VJ460/VJ165|A636|VCA-HAN-SGN|18:30,2026-02-14,VJ460/VJ165,A636,A321,VCA-HAN-SGN,15:55,18:30,15:55,18:30,16:10,18:29,18:30,18:35,02:35,02:20,ONTIME,ONTIME,ONTIME,ONTIME,,,,,,,,,HAN,VCA,SGN,Domestic,VJ,,
2026-02-14|VJ947/VJ493|A633|KHH-HAN-BMV|18:50,2026-02-14,VJ947/VJ493,A633,A321,KHH-HAN-BMV,18:05,18:50,18:05,18:50,18:00,18:44,18:45,19:05,00:45,00:45,EARLY,ONTIME,ONTIME,ONTIME,,,,,,,,,HAN,KHH,BMV,Domestic,VJ,,
2026-02-14|VJ953/VJ1925|A650|HIJ-HAN-AMD|19:00,2026-02-14,VJ953/VJ1925,A650,A320,HIJ-HAN-AMD,15:50,19:00,15:50,19:00,16:30,18:55,18:57,19:12,03:10,02:27,EARLY,ONTIME,ONTIME,DELAY,,,,,,,,,HAN,HIJ,AMD,International,VJ,,
2026-02-14|VJ450/VJ971|A817|PQC-HAN-DEL|19:10,2026-02-14,VJ450/VJ971,A817,A330,PQC-HAN-DEL,14:00,19:10,14:00,19:10,14:45,19:14,19:15,19:25,05:10,04:30,DELAY,ONTIME,ONTIME,DELAY,,99,00:05,,,,,LATE ACC 2PAX&02BAGS,HAN,PQC,DEL,International,VJ,,
2026-02-14|VJ957/VJ569|A656|PUS-HAN-HUI|19:15,2026-02-14,VJ957/VJ569,A656,A320,PUS-HAN-HUI,17:20,19:15,17:20,19:15,17:20,19:10,19:12,19:45,01:55,01:52,EARLY,ONTIME,DELAY,ONTIME,,,,,,,,LATE AOBT DUE TO ATC,HAN,PUS,HUI,Domestic,VJ,,
2026-02-14|VJ916/VJ173|A684|SIN-HAN-SGN|19:55,2026-02-14,VJ916/VJ173,A684,A321,SIN-HAN-SGN,17:55,19:55,17:55,19:55,18:00,19:48,19:50,20:25,02:00,01:50,EARLY,ONTIME,DELAY,ONTIME,,,,,,,,LATE AOBT DUE TO ATC,HAN,SIN,SGN,Domestic,VJ,,
2026-02-14|VJ928/VJ7712|A672|CGK-HAN-PKX|20:05,2026-02-14,VJ928/VJ7712,A672,A320,CGK-HAN-PKX,18:15,20:05,18:15,20:05,18:27,19:56,19:58,20:30,01:50,01:31,EARLY,ONTIME,DELAY,ONTIME,,,,,,,,LATE AOBT DUE TO ATC,HAN,CGK,PKX,International,VJ,,
2026-02-14|VJ424/VJ155|A575|PXU-HAN-SGN|20:05,2026-02-14,VJ424/VJ155,A575,A321,PXU-HAN-SGN,19:35,20:05,19:35,20:50,20:20,20:49,20:50,20:58,01:15,00:30,ONTIME,ONTIME,DELAY,DELAY,,,,,,,,,HAN,PXU,SGN,Domestic,VJ,,
2026-02-14|VJ949/VJ177|A580|RMQ-HAN-SGN|20:35,2026-02-14,VJ949/VJ177,A580,A321,RMQ-HAN-SGN,19:50,20:35,19:50,21:30,20:55,21:24,21:25,21:35,01:40,00:30,EARLY,ONTIME,DELAY,DELAY,,,,,,,,,HAN,RMQ,SGN,Domestic,VJ,,
2026-02-14|VJ784/VJ783|A645|CXR-HAN-CXR|20:40,2026-02-14,VJ784/VJ783,A645,A321,CXR-HAN-CXR,20:10,20:40,22:15,23:05,22:35,23:04,23:05,23:10,00:50,00:30,ONTIME,ONTIME,DELAY,DELAY,,,,,,,,,HAN,CXR,CXR,Domestic,VJ,,
2026-02-14|VJ516/VJ7306|A671|DAD-HAN-TFU|20:55,2026-02-14,VJ516/VJ7306,A671,A320,DAD-HAN-TFU,19:35,20:55,19:35,20:55,20:00,20:52,20:54,21:05,01:20,00:54,EARLY,ONTIME,ONTIME,DELAY,,,,,,,,,HAN,DAD,TFU,International,VJ,,
2026-02-14|VJ410/VJ519|A641|DLI-HAN-DAD|20:55,2026-02-14,VJ410/VJ519,A641,A321,DLI-HAN-DAD,20:25,20:55,20:25,20:55,20:05,20:51,20:52,21:10,00:30,00:47,EARLY,ONTIME,ONTIME,ONTIME,,,,,,,,,HAN,DLI,DAD,Domestic,VJ,,
2026-02-14|VJ1440/VJ521|A553|PQC-HAN-DAD|21:00,2026-02-14,VJ1440/VJ521,A553,A321,PQC-HAN-DAD,20:10,21:00,20:10,21:20,20:50,21:19,21:20,21:30,01:10,00:30,ONTIME,ONTIME,DELAY,DELAY,,,,,,,,,HAN,PQC,DAD,Domestic,VJ,,
2026-02-14|VJ904/VJ7238|A526|BKK-HAN-PVG|21:30,2026-02-14,VJ904/VJ7238,A526,A321,BKK-HAN-PVG,20:25,21:30,20:25,21:30,20:30,21:29,21:30,21:32,01:05,01:00,ONTIME,ONTIME,ONTIME,ONTIME,,,,,,,,,HAN,BKK,PVG,International,VJ,,
2026-02-14|VJ166/VJ123|A667|SGN-HAN-SGN|22:10,2026-02-14,VJ166/VJ123,A667,A321,SGN-HAN-SGN,21:00,22:10,21:00,22:45,22:20,22:44,22:45,22:55,01:45,00:25,ONTIME,ONTIME,DELAY,DELAY,,,,,,,,,HAN,SGN,SGN,Domestic,VJ,,
2026-02-14|VJ568/VJ523|A656|HUI-HAN-DAD|22:45,2026-02-14,VJ568/VJ523,A656,A320,HUI-HAN-DAD,22:15,22:45,22:15,22:45,23:00,23:24,23:25,23:30,00:30,00:25,DELAY,DELAY,DELAY,DELAY,,93,00:40,,,,,,HAN,HUI,DAD,Domestic,VJ,,
2026-02-14|VJ914/VJ962|A522|SAI-HAN-ICN|22:50,2026-02-14,VJ914/VJ962,A522,A321,SAI-HAN-ICN,20:50,22:50,20:50,22:50,20:40,22:48,22:50,22:55,02:00,02:10,ONTIME,ONTIME,ONTIME,ONTIME,,,,,,,,,HAN,SAI,ICN,International,VJ,,
2026-02-14|VJ180/VJ171|A820|SGN-HAN-SGN|23:25,2026-02-14,VJ180/VJ171,A820,A321,SGN-HAN-SGN,22:25,23:25,22:25,23:25,22:55,23:38,23:40,23:50,01:00,00:45,DELAY,ONTIME,DELAY,DELAY,,95,00:15,,,,,WAIT FOR GD ON VJ126 OB 2335,HAN,SGN,SGN,Domestic,VJ,,
2026-02-14|VJ190/VJ159|A525|SGN-HAN-SGN|23:40,2026-02-14,VJ190/VJ159,A525,A321,SGN-HAN-SGN,22:25,23:40,22:25,23:40,23:30,23:58,23:59,00:17,01:15,00:29,DELAY,DELAY,DELAY,DELAY,,93,00:19,,,,,,HAN,SGN,SGN,Domestic,VJ,,
2026-02-14|VJ464/VJ7526|A643|VCA-HAN-CAN|23:40,2026-02-14,VJ464/VJ7526,A643,A321,VCA-HAN-CAN,22:20,23:40,22:20,23:40,23:05,23:39,23:40,23:50,01:20,00:35,ONTIME,ONTIME,ONTIME,DELAY,,,,,,,,,HAN,VCA,CAN,International,VJ,,
2026-02-14|VJ778/VJ1125|A685|CXR-HAN-SGN|23:50,2026-02-14,VJ778/VJ1125,A685,A321,CXR-HAN-SGN,22:10,23:50,22:10,23:50,23:45,00:09,00:10,00:22,01:40,00:25,DELAY,DELAY,DELAY,DELAY,,93,00:20,,,,,,HAN,CXR,SGN,Domestic,VJ,,
2026-02-14|VJ160/VJ161|A640|SGN-HAN-SGN|00:25,2026-02-14,VJ160/VJ161,A640,A321,SGN-HAN-SGN,23:50,00:25,23:50,00:25,01:10,01:39,01:40,01:45,00:35,00:30,DELAY,DELAY,DELAY,DELAY,,93,01:15,,,,,,HAN,SGN,SGN,Domestic,VJ,,
2026-02-15|VJ932|A816|HAN-NRT|00:55,2026-02-15,VJ932,A816,A330,HAN-NRT,,00:55,,00:55,,00:54,00:55,01:00,,,ONTIME,ONTIME,ONTIME,,,,,,,,,,HAN,,NRT,International,VJ,,
2026-02-15|VJ7704|A539|CXR-HAN-VVO|01:00,2026-02-15,VJ7704,A539,A321,CXR-HAN-VVO,,01:00,,01:00,01:00,02:07,02:08,02:12,,,DELAY,DELAY,DELAY,,,93,00:30,99,00:38,,,DL99 WAIT CATERING,HAN,CXR,VVO,International,VJ,,
2026-02-15|VJ920|A575|HAN-NGO|01:35,2026-02-15,VJ920,A575,A321,HAN-NGO,,01:35,,01:35,,01:23,01:25,01:29,,,EARLY,ONTIME,ONTIME,,,,,,,,,,HAN,,NGO,International,VJ,,
2026-02-15|VJ938|A536|HAN-KIX|01:40,2026-02-15,VJ938,A536,A321,HAN-KIX,,01:40,,01:40,,01:38,01:40,01:43,,,ONTIME,ONTIME,ONTIME,,,,,,,,,,HAN,,KIX,International,VJ,,
2026-02-15|VJ960|A633|HAN-ICN|01:45,2026-02-15,VJ960,A633,A321,HAN-ICN,,01:45,,01:45,,01:28,01:30,01:37,,,EARLY,ONTIME,ONTIME,,,,,,,,,,HAN,,ICN,International,VJ,,
2026-02-15|VJ174/VJ958|A684|HAN-FUK|02:05,2026-02-15,VJ174/VJ958,A684,A321,HAN-FUK,,02:05,,02:30,02:15,02:54,02:55,02:57,,,DELAY,DELAY,DELAY,,,93,00:15,66,00:10,,,CREW HN OB 0225,HAN,,FUK,International,VJ,,
2026-02-15|VJ178/VJ982|A550|SGN-HAN-PUS|01:00,2026-02-15,VJ178/VJ982,A550,A321,SGN-HAN-PUS,,01:00,,03:15,02:45,03:29,03:30,03:33,,,DELAY,ONTIME,DELAY,,,66,00:15,,,,,CREW HN OB 0300,HAN,SGN,PUS,International,VJ,,
2026-02-15|VJ1121|A657|HAN-SGN|04:10,2026-02-15,VJ1121,A657,A321,HAN-SGN,,04:10,,04:10,,04:04,04:05,04:08,,,EARLY,ONTIME,ONTIME,,,,,,,,,FERRY FLIGHT,HAN,,SGN,Domestic,VJ,,
2026-02-15|VJ179|A641|HAN-SGN|05:00,2026-02-15,VJ179,A641,A321,HAN-SGN,,05:00,,05:00,,04:48,04:50,04:51,,,EARLY,ONTIME,ONTIME,,,,,,,,,FERRY FLIGHT,HAN,,SGN,Domestic,VJ,,
2026-02-15|VJ185|A651|HAN-SGN|05:10,2026-02-15,VJ185,A651,A321,HAN-SGN,,05:10,,05:10,,04:58,04:59,05:09,,,EARLY,ONTIME,ONTIME,,,,,,,,,FERRY FLIGHT,HAN,,SGN,Domestic,VJ,,
2026-02-15|VJ1123|A642|HAN-SGN|05:20,2026-02-15,VJ1123,A642,A321,HAN-SGN,,05:20,,05:20,,05:09,05:10,05:13,,,EARLY,ONTIME,ONTIME,,,,,,,,,FERRY FLIGHT,HAN,,SGN,Domestic,VJ,,
2026-02-15|VJ509|A629|HAN-DAD|05:25,2026-02-15,VJ509,A629,A321,HAN-DAD,,05:25,,05:25,,05:17,05:18,05:20,,,EARLY,ONTIME,ONTIME,,,,,,,,,,HAN,,DAD,Domestic,VJ,,
2026-02-15|VJ461|A662|HAN-VCA|05:30,2026-02-15,VJ461,A662,A320,HAN-VCA,,05:30,,05:30,,05:24,05:25,05:30,,,EARLY,ONTIME,ONTIME,,,,,,,,,,HAN,,VCA,Domestic,VJ,,
2026-02-15|VJ491|A683|HAN-BMV|06:00,2026-02-15,VJ491,A683,A321,HAN-BMV,,06:00,,06:00,,05:54,05:55,06:05,,,EARLY,ONTIME,ONTIME,,,,,,,,,,HAN,,BMV,Domestic,VJ,,
2026-02-15|VJ1124/VJ443|A685|SGN-HAN-PQC|06:00,2026-02-15,VJ1124/VJ443,A685,A321,SGN-HAN-PQC,04:50,06:00,04:50,07:10,06:35,07:14,07:15,07:35,02:20,00:40,DELAY,ONTIME,DELAY,DELAY,,66,00:05,,,,,CHANGE CREW HN OB 0645,HAN,SGN,PQC,Domestic,VJ,,
2026-02-15|VJ7527/VJ421|A643|CAN-HAN-PXU|06:05,2026-02-15,VJ7527/VJ421,A643,A321,CAN-HAN-PXU,04:35,06:05,04:35,06:05,04:35,05:59,06:00,06:07,01:30,01:25,EARLY,ONTIME,ONTIME,ONTIME,,,,,,,,,HAN,CAN,PXU,Domestic,VJ,,
2026-02-15|VJ1166/VJ1165|A636|SGN-HAN-SGN|06:30,2026-02-15,VJ1166/VJ1165,A636,A321,SGN-HAN-SGN,05:50,06:30,05:50,06:30,07:00,07:20,07:21,07:35,00:40,00:21,DELAY,DELAY,DELAY,DELAY,,93,00:51,,,,,,HAN,SGN,SGN,Domestic,VJ,,
2026-02-15|VJ7307/VJ952|A671|TFU-HAN-HIJ|06:35,2026-02-15,VJ7307/VJ952,A671,A320,TFU-HAN-HIJ,02:15,06:35,02:15,06:35,02:18,06:29,06:30,06:32,04:20,04:12,EARLY,ONTIME,ONTIME,ONTIME,,,,,,,,,HAN,TFU,HIJ,International,VJ,,
2026-02-15|VJ7239/VJ181|A526|PVG-HAN-SGN|06:40,2026-02-15,VJ7239/VJ181,A526,A321,PVG-HAN-SGN,05:15,06:40,05:15,06:40,05:05,06:54,06:55,07:10,01:25,01:50,DELAY,ONTIME,DELAY,ONTIME,,15A,00:15,,,,,CUT 05PAX& 03 BAGS,HAN,PVG,SGN,Domestic,VJ,,
2026-02-15|VJ105|652G|HAN-VCS|06:45,2026-02-15,VJ105,652G,C909,HAN-VCS,,06:45,,06:45,,06:37,06:38,06:48,,,EARLY,ONTIME,ONTIME,,,,,,,,,,HAN,,VCS,Domestic,VJ,,
2026-02-15|VJ905|A537|HAN-KUL|07:10,2026-02-15,VJ905,A537,A321,HAN-KUL,,07:10,,07:10,,06:54,06:55,07:00,,,EARLY,ONTIME,ONTIME,,,,,,,,,,HAN,,KUL,International,VJ,,
2026-02-15|VJ7307/VJ431|A671|TFU-HAN-UIH|07:10,2026-02-15,VJ7307/VJ431,A671,A320,TFU-HAN-UIH,02:15,07:10,02:15,07:10,04:55,07:04,07:05,07:15,04:55,02:10,EARLY,ONTIME,ONTIME,DELAY,,,,,,,,,HAN,TFU,UIH,Domestic,VJ,,
2026-02-15|VJ1926/VJ956|A650|AMD-HAN-PUS|07:30,2026-02-15,VJ1926/VJ956,A650,A320,AMD-HAN-PUS,06:20,07:30,06:20,07:30,05:30,07:22,07:23,07:26,01:10,01:53,EARLY,ONTIME,ONTIME,ONTIME,,,,,,,,,HAN,AMD,PUS,International,VJ,,
2026-02-15|VJ940|A697|HAN-TPE|07:35,2026-02-15,VJ940,A697,A321,HAN-TPE,,07:35,,07:35,,07:29,07:30,07:33,,,EARLY,ONTIME,ONTIME,,,,,,,,,,HAN,,TPE,International,VJ,,
2026-02-15|VJ502/VJ771|A670|DAD-HAN-CXR|07:35,2026-02-15,VJ502/VJ771,A670,A321,DAD-HAN-CXR,07:05,07:35,07:05,07:35,06:50,07:29,07:30,07:38,00:30,00:40,EARLY,ONTIME,ONTIME,ONTIME,,,,,,,,,HAN,DAD,CXR,Domestic,VJ,,
2026-02-15|VJ107|656E|HAN-VCS|08:15,2026-02-15,VJ107,656E,C909,HAN-VCS,,08:15,,08:15,,08:09,08:10,08:14,,,EARLY,ONTIME,ONTIME,,,,,,,,,,HAN,,VCS,Domestic,VJ,,
2026-02-15|VJ930|A548|HAN-KIX|08:20,2026-02-15,VJ930,A548,A321,HAN-KIX,,08:20,,08:20,,08:18,08:19,08:23,,,EARLY,ONTIME,ONTIME,,,,,,,,,,HAN,,KIX,International,VJ,,
2026-02-15|VJ934|A523|HAN-NRT|08:20,2026-02-15,VJ934,A523,A321,HAN-NRT,,08:20,,08:20,,08:18,08:20,08:26,,,ONTIME,ONTIME,ONTIME,,,,,,,,,,HAN,,NRT,International,VJ,,
2026-02-15|VJ524/VJ929|A656|DAD-HAN-CGK|08:40,2026-02-15,VJ524/VJ929,A656,A320,DAD-HAN-CGK,07:40,08:40,07:40,08:40,07:30,08:34,08:35,08:37,01:00,01:05,EARLY,ONTIME,ONTIME,ONTIME,,,,,,,,,HAN,DAD,CGK,International,VJ,,
2026-02-15|VJ972/VJ773|A817|DEL-HAN-CXR|09:00,2026-02-15,VJ972/VJ773,A817,A330,DEL-HAN-CXR,05:35,09:00,05:35,09:00,05:40,08:58,09:00,09:02,03:25,03:20,ONTIME,ONTIME,ONTIME,ONTIME,,,,,,,,,HAN,DEL,CXR,Domestic,VJ,,
2026-02-15|VJ126/VJ127|A674|SGN-HAN-SGN|09:35,2026-02-15,VJ126/VJ127,A674,A321,SGN-HAN-SGN,09:05,09:35,09:05,09:35,09:50,10:08,10:10,10:25,00:30,00:20,DELAY,DELAY,DELAY,DELAY,,93,00:35,,,,,,HAN,SGN,SGN,Domestic,VJ,,
2026-02-15|VJ510/VJ915|A629|DAD-HAN-SIN|09:35,2026-02-15,VJ510/VJ915,A629,A321,DAD-HAN-SIN,08:35,09:35,08:35,09:35,08:45,09:32,09:33,10:05,01:00,00:48,EARLY,ONTIME,DELAY,ONTIME,,,,,,,,,HAN,DAD,SIN,International,VJ,,
2026-02-15|VJ124/VJ125|A812|SGN-HAN-SGN|09:35,2026-02-15,VJ124/VJ125,A812,A330,SGN-HAN-SGN,08:15,09:35,08:45,09:35,09:25,09:54,09:55,10:00,00:50,00:30,DELAY,DELAY,DELAY,DELAY,,93,00:20,,,,,,HAN,SGN,SGN,Domestic,VJ,,
2026-02-15|VJ148/VJ149|-NVG|SGN-HAN-SGN|10:05,2026-02-15,VJ148/VJ149,-NVG,A320,SGN-HAN-SGN,09:30,10:05,09:30,10:05,10:15,10:39,10:40,10:45,00:35,00:25,DELAY,DELAY,DELAY,DELAY,,93,00:35,,,,,,HAN,SGN,SGN,Domestic,VJ,,
2026-02-15|VJ422/VJ567|A643|PXU-HAN-HUI|10:10,2026-02-15,VJ422/VJ567,A643,A321,PXU-HAN-HUI,09:40,10:10,09:40,10:10,09:50,10:19,10:20,10:24,00:30,00:30,DELAY,ONTIME,ONTIME,ONTIME,,93,00:10,,,,,,HAN,PXU,HUI,Domestic,VJ,,
2026-02-15|VJ1120/VJ463|A657|SGN-HAN-VCA|10:30,2026-02-15,VJ1120/VJ463,A657,A321,SGN-HAN-VCA,09:00,10:30,09:00,11:30,10:45,11:21,11:22,11:34,02:30,00:37,EARLY,ONTIME,DELAY,DELAY,,,,,,,,,HAN,SGN,VCA,Domestic,VJ,,
2026-02-15|VJ492/VJ507|A683|BMV-HAN-DAD|10:40,2026-02-15,VJ492/VJ507,A683,A321,BMV-HAN-DAD,10:00,10:40,10:00,10:40,10:00,10:38,10:39,10:43,00:40,00:39,EARLY,ONTIME,ONTIME,ONTIME,,,,,,,,,HAN,BMV,DAD,Domestic,VJ,,
2026-02-15|VJ1122/VJ403|A642|SGN-HAN-DLI|10:45,2026-02-15,VJ1122/VJ403,A642,A321,SGN-HAN-DLI,10:10,10:45,10:10,10:45,10:45,11:14,11:15,11:23,00:35,00:30,DELAY,DELAY,DELAY,DELAY,,93,00:30,,,,,,HAN,SGN,DLI,Domestic,VJ,,
2026-02-15|VJ136/VJ135|A532|SGN-HAN-SGN|11:10,2026-02-15,VJ136/VJ135,A532,A321,SGN-HAN-SGN,10:40,11:10,10:40,11:10,11:35,12:04,12:05,12:08,00:30,00:30,DELAY,DELAY,DELAY,DELAY,,93,00:55,,,,,,HAN,SGN,SGN,Domestic,VJ,,
2026-02-15|VJ184/VJ129|A820|SGN-HAN-SGN|11:25,2026-02-15,VJ184/VJ129,A820,A321,SGN-HAN-SGN,10:25,11:25,10:25,12:45,11:45,12:29,12:30,12:32,02:20,00:45,EARLY,ONTIME,DELAY,DELAY,,,,,,,,,HAN,SGN,SGN,Domestic,VJ,,
2026-02-15|VJ122/VJ997|A553|SGN-HAN-DPS|10:00,2026-02-15,VJ122/VJ997,A553,A321,SGN-HAN-DPS,09:00,10:00,10:45,12:45,11:00,13:34,13:35,13:45,02:00,02:35,DELAY,DELAY,DELAY,DELAY,,63A,00:50,,,,,CREW SHOW UP LATE/CREW OB 1309,HAN,SGN,DPS,International,VJ,,
2026-02-15|VJ430/VJ407|A671|UIH-HAN-DLI|11:40,2026-02-15,VJ430/VJ407,A671,A320,UIH-HAN-DLI,10:55,11:40,10:55,11:40,10:50,11:34,11:35,11:40,00:45,00:45,EARLY,ONTIME,ONTIME,ONTIME,,,,,,,,,HAN,UIH,DLI,Domestic,VJ,,
2026-02-15|VJ963/VJ946|A522|ICN-HAN-KHH|11:45,2026-02-15,VJ963/VJ946,A522,A321,ICN-HAN-KHH,09:30,11:45,09:30,11:45,09:15,11:38,11:40,11:50,02:15,02:25,EARLY,ONTIME,ONTIME,ONTIME,,,,,,,,,HAN,ICN,KHH,International,VJ,,
2026-02-15|VJ442/VJ901|A685|PQC-HAN-BKK|14:05,2026-02-15,VJ442/VJ901,A685,A321,PQC-HAN-BKK,10:45,14:05,11:55,13:15,12:30,13:14,13:15,13:15,01:20,00:45,ONTIME,ONTIME,ONTIME,DELAY,,,,,,,,,HAN,PQC,BKK,International,VJ,,
2026-02-15|VJ132/VJ137|A693|SGN-HAN-SGN|12:15,2026-02-15,VJ132/VJ137,A693,A321,SGN-HAN-SGN,11:45,12:15,14:20,15:00,14:45,15:24,15:25,15:33,00:40,00:40,DELAY,DELAY,DELAY,DELAY,,93,00:15,66,00:10,,,CREW OB 1455,HAN,SGN,SGN,Domestic,VJ,,
2026-02-15|VJ780/VJ781|A670|CXR-HAN-CXR|13:00,2026-02-15,VJ780/VJ781,A670,A321,CXR-HAN-CXR,12:30,13:00,12:30,13:00,12:30,13:04,13:05,13:15,00:30,00:35,DELAY,ONTIME,ONTIME,ONTIME,,66,00:05,,,,,CREW OB 1240,HAN,CXR,CXR,Domestic,VJ,,
2026-02-15|VJ770/VJ948|A554|CXR-HAN-RMQ|13:30,2026-02-15,VJ770/VJ948,A554,A321,CXR-HAN-RMQ,12:15,13:30,12:15,13:30,12:15,13:20,13:21,13:29,01:15,01:06,EARLY,ONTIME,ONTIME,ONTIME,,,,,,,,,HAN,CXR,RMQ,International,VJ,,
2026-02-15|VJ7705/VJ7705|A539|VVO-HAN-CXR|13:30,2026-02-15,VJ7705/VJ7705,A539,A321,VVO-HAN-CXR,13:00,13:30,13:00,14:30,14:08,14:29,14:30,14:40,01:30,00:22,ONTIME,ONTIME,DELAY,DELAY,,,,,,,,,HAN,VVO,CXR,Domestic,VJ,,
2026-02-15|VJ188/VJ151|-NVE|SGN-HAN-SGN|14:00,2026-02-15,VJ188/VJ151,-NVE,A320,SGN-HAN-SGN,13:25,14:00,14:25,15:00,15:20,15:39,15:40,15:55,00:35,00:20,DELAY,DELAY,DELAY,DELAY,,93,00:40,,,,,FERRY FLIGHT,HAN,SGN,SGN,Domestic,VJ,,
2026-02-15|VJ939/VJ441|A536|KIX-HAN-PQC|14:00,2026-02-15,VJ939/VJ441,A536,A321,KIX-HAN-PQC,13:05,14:00,13:05,14:00,13:30,14:09,14:10,14:15,00:55,00:40,DELAY,ONTIME,ONTIME,DELAY,,66,00:10,,,,,CREW OB 1337,HAN,KIX,PQC,Domestic,VJ,,
2026-02-15|VJ981/VJ513|A550|PUS-HAN-DAD|14:05,2026-02-15,VJ981/VJ513,A550,A321,PUS-HAN-DAD,12:50,14:05,12:50,14:05,12:40,14:02,14:03,14:05,01:15,01:23,EARLY,ONTIME,ONTIME,ONTIME,,,,,,,,,HAN,PUS,DAD,Domestic,VJ,,
2026-02-15|VJ508/VJ511|A683|DAD-HAN-DAD|14:30,2026-02-15,VJ508/VJ511,A683,A321,DAD-HAN-DAD,13:55,14:30,13:55,14:30,14:05,14:34,14:35,14:43,00:35,00:30,DELAY,ONTIME,ONTIME,ONTIME,,93,00:05,,,,,,HAN,DAD,DAD,Domestic,VJ,,
2026-02-15|VJ939/VJ1491|A536|KIX-HAN-BMV|14:35,2026-02-15,VJ939/VJ1491,A536,A321,KIX-HAN-BMV,13:05,14:35,13:05,14:35,12:45,14:28,14:29,14:38,01:30,01:44,EARLY,ONTIME,ONTIME,ONTIME,,,,,,,,,HAN,KIX,BMV,Domestic,VJ,,
2026-02-15|VJ921/VJ942|A575|NGO-HAN-TPE|14:40,2026-02-15,VJ921/VJ942,A575,A321,NGO-HAN-TPE,13:40,14:40,13:40,14:40,13:10,14:39,14:40,14:50,01:00,01:30,ONTIME,ONTIME,ONTIME,ONTIME,,,,,,,,,HAN,NGO,TPE,International,VJ,,
2026-02-15|VJ404/VJ409|A642|DLI-HAN-DLI|15:25,2026-02-15,VJ404/VJ409,A642,A321,DLI-HAN-DLI,14:55,15:25,14:55,16:25,15:50,16:24,16:25,16:32,01:30,00:35,ONTIME,ONTIME,DELAY,DELAY,,,,,,,,,HAN,DLI,DLI,Domestic,VJ,,
2026-02-15|VJ959/VJ1441|A684|FUK-HAN-PQC|15:30,2026-02-15,VJ959/VJ1441,A684,A321,FUK-HAN-PQC,12:25,15:30,12:25,15:30,12:35,15:26,15:27,15:04,03:05,02:52,EARLY,ONTIME,ONTIME,ONTIME,,,,,,,,,HAN,FUK,PQC,Domestic,VJ,,
2026-02-15|VJ144/VJ145|A812|SGN-HAN-SGN|15:35,2026-02-15,VJ144/VJ145,A812,A330,SGN-HAN-SGN,14:45,15:35,15:30,16:35,16:10,16:29,16:30,16:55,01:05,00:20,EARLY,ONTIME,DELAY,DELAY,,,,,,,,FERRY FLIGHT,HAN,SGN,SGN,Domestic,VJ,,
2026-02-15|VJ906/VJ153|A537|KUL-HAN-SGN|15:40,2026-02-15,VJ906/VJ153,A537,A321,KUL-HAN-SGN,14:55,15:40,14:55,15:40,14:55,15:19,15:20,15:25,00:45,00:25,EARLY,ONTIME,ONTIME,ONTIME,,,,,,,,FERRY FLIGHT,HAN,KUL,SGN,Domestic,VJ,,
2026-02-15|VJ941/VJ423|A697|TPE-HAN-PXU|15:55,2026-02-15,VJ941/VJ423,A697,A321,TPE-HAN-PXU,14:10,15:55,14:10,15:55,14:30,15:51,15:52,16:00,01:45,01:22,EARLY,ONTIME,ONTIME,DELAY,,,,,,,,,HAN,TPE,PXU,Domestic,VJ,,
2026-02-15|VJ460/VJ191|A657|VCA-HAN-SGN|15:55,2026-02-15,VJ460/VJ191,A657,A321,VCA-HAN-SGN,15:25,15:55,15:25,16:15,15:55,16:12,16:13,16:19,00:50,00:18,EARLY,ONTIME,DELAY,DELAY,,,,,,,,FERRY FLIGHT,HAN,VCA,SGN,Domestic,VJ,,
2026-02-15|VJ933/VJ195|A816|NRT-HAN-SGN|16:00,2026-02-15,VJ933/VJ195,A816,A330,NRT-HAN-SGN,14:00,16:00,14:00,16:00,14:00,15:59,16:00,16:09,02:00,02:00,ONTIME,ONTIME,ONTIME,ONTIME,,,,,,,,,HAN,NRT,SGN,Domestic,VJ,,
2026-02-15|VJ947/VJ903|A522|KHH-HAN-BKK|16:20,2026-02-15,VJ947/VJ903,A522,A321,KHH-HAN-BKK,18:05,16:20,18:05,18:30,17:45,18:54,18:55,19:00,00:25,01:10,DELAY,DELAY,DELAY,ONTIME,,46,00:25,,,,,GROUND RETURN/CHANGE AC FOR TECHNICAL REASON,HAN,KHH,BKK,International,VJ,,
2026-02-15|VJ138/VJ913|A651|SGN-HAN-SAI|16:20,2026-02-15,VJ138/VJ913,A651,A321,SGN-HAN-SAI,14:40,16:20,14:40,16:20,16:05,16:44,16:45,17:13,01:40,00:40,DELAY,DELAY,DELAY,DELAY,,93,00:15,66,00:10,,,LATE PUSH BACK DUE TO ATC/CREW OB 1620,HAN,SGN,SAI,International,VJ,,
2026-02-15|VJ462/VJ515|A662|VCA-HAN-DAD|16:25,2026-02-15,VJ462/VJ515,A662,A320,VCA-HAN-DAD,15:40,16:25,16:30,17:05,16:45,17:09,17:10,17:35,00:35,00:25,DELAY,ONTIME,DELAY,DELAY,,93,00:05,,,,,,HAN,VCA,DAD,Domestic,VJ,,
2026-02-15|VJ134/VJ163|-MLI|SGN-HAN-SGN|17:30,2026-02-15,VJ134/VJ163,-MLI,A320,SGN-HAN-SGN,17:00,17:30,18:40,19:15,19:00,19:19,19:20,19:35,00:35,00:20,DELAY,ONTIME,DELAY,DELAY,,93,00:05,,,,,,HAN,SGN,SGN,Domestic,VJ,,
2026-02-15|VJ953/VJ445|A672|HIJ-HAN-PQC|17:40,2026-02-15,VJ953/VJ445,A672,A320,HIJ-HAN-PQC,16:20,17:40,16:20,17:40,16:30,17:39,17:40,17:50,01:20,01:10,ONTIME,ONTIME,ONTIME,ONTIME,,,,,,,,,HAN,HIJ,PQC,Domestic,VJ,,
2026-02-15|VJ172/VJ177|A820|SGN-HAN-SGN|17:45,2026-02-15,VJ172/VJ177,A820,A321,SGN-HAN-SGN,16:45,17:45,18:05,19:05,18:00,18:53,18:55,19:00,01:00,00:55,EARLY,ONTIME,DELAY,DELAY,,,,,,,,,HAN,SGN,SGN,Domestic,VJ,,
2026-02-15|VJ902/VJ465|A685|BKK-HAN-VCA|17:50,2026-02-15,VJ902/VJ465,A685,A321,BKK-HAN-VCA,17:00,17:50,17:45,18:50,18:02,18:46,18:47,18:50,01:05,00:45,EARLY,ONTIME,DELAY,DELAY,,,,,,,,,HAN,BKK,VCA,Domestic,VJ,,
2026-02-15|VJ194/VJ193|A532|SGN-HAN-SGN|18:10,2026-02-15,VJ194/VJ193,A532,A321,SGN-HAN-SGN,17:30,18:10,18:55,19:40,19:35,19:59,20:00,20:08,00:45,00:25,DELAY,DELAY,DELAY,DELAY,,93,00:20,,,,,,HAN,SGN,SGN,Domestic,VJ,,
2026-02-15|VJ514/VJ147|A550|DAD-HAN-SGN|18:15,2026-02-15,VJ514/VJ147,A550,A321,DAD-HAN-SGN,17:25,18:15,17:25,18:15,17:35,18:08,18:09,18:14,00:50,00:34,EARLY,ONTIME,ONTIME,ONTIME,,,,,,,,FERRY FLIGHT,HAN,DAD,SGN,Domestic,VJ,,
2026-02-15|VJ512/VJ779|A683|DAD-HAN-CXR|18:20,2026-02-15,VJ512/VJ779,A683,A321,DAD-HAN-CXR,17:45,18:20,17:45,18:20,18:35,18:59,19:00,19:04,00:35,00:25,DELAY,DELAY,DELAY,DELAY,,93,00:40,,,,,,HAN,DAD,CXR,Domestic,VJ,,
2026-02-15|VJ916/VJ493|A629|SIN-HAN-BMV|18:25,2026-02-15,VJ916/VJ493,A629,A321,SIN-HAN-BMV,17:25,18:25,17:25,18:25,17:30,18:12,18:13,18:22,01:00,00:43,EARLY,ONTIME,ONTIME,ONTIME,,,,,,,,,HAN,SIN,BMV,Domestic,VJ,,
2026-02-15|VJ957/VJ1925|A650|PUS-HAN-AMD|19:00,2026-02-15,VJ957/VJ1925,A650,A320,PUS-HAN-AMD,17:20,19:00,17:20,19:00,16:59,18:54,18:55,18:58,01:40,01:56,EARLY,ONTIME,ONTIME,ONTIME,,,,,,,,,HAN,PUS,AMD,International,VJ,,
2026-02-15|VJ928/VJ173|A656|CGK-HAN-SGN|19:05,2026-02-15,VJ928/VJ173,A656,A320,CGK-HAN-SGN,18:15,19:05,18:15,19:05,18:05,19:02,19:03,19:13,00:50,00:58,EARLY,ONTIME,ONTIME,ONTIME,,,,,,,,,HAN,CGK,SGN,Domestic,VJ,,
2026-02-15|VJ446/VJ569|A643|PQC-HAN-HUI|19:15,2026-02-15,VJ446/VJ569,A643,A321,PQC-HAN-HUI,18:50,19:15,18:15,19:45,19:15,19:44,19:45,20:05,01:30,00:30,ONTIME,ONTIME,DELAY,DELAY,,,,,,,,,HAN,PQC,HUI,Domestic,VJ,,
2026-02-15|VJ931/VJ519|A548|KIX-HAN-DAD|19:45,2026-02-15,VJ931/VJ519,A548,A321,KIX-HAN-DAD,19:15,19:45,18:50,20:35,19:10,20:32,20:33,20:55,01:45,01:23,EARLY,ONTIME,DELAY,ONTIME,,,,,,,,,HAN,KIX,DAD,Domestic,VJ,,
2026-02-15|VJ424/VJ155|A697|PXU-HAN-SGN|20:05,2026-02-15,VJ424/VJ155,A697,A321,PXU-HAN-SGN,19:35,20:05,19:35,20:05,19:35,19:58,19:59,20:20,00:30,00:24,EARLY,ONTIME,ONTIME,ONTIME,,,,,,,,,HAN,PXU,SGN,Domestic,VJ,,
2026-02-15|VJ949/VJ7342|A554|RMQ-HAN-XIY|20:50,2026-02-15,VJ949/VJ7342,A554,A321,RMQ-HAN-XIY,19:50,20:50,19:50,20:50,20:05,20:45,20:46,21:05,01:00,00:41,EARLY,ONTIME,ONTIME,ONTIME,,,,,,,,,HAN,RMQ,XIY,International,VJ,,
2026-02-15|VJ1440/VJ521|A684|PQC-HAN-DAD|20:50,2026-02-15,VJ1440/VJ521,A684,A321,PQC-HAN-DAD,20:10,20:50,20:10,21:15,20:25,21:14,21:15,21:35,01:05,00:50,ONTIME,ONTIME,DELAY,ONTIME,,,,,,,,,HAN,PQC,DAD,Domestic,VJ,,
2026-02-15|VJ7712|A675|PQC-HAN-PKX|21:05,2026-02-15,VJ7712,A675,A320,PQC-HAN-PKX,,21:05,,21:05,,21:04,21:05,21:11,,,ONTIME,ONTIME,ONTIME,,,,,,,,,,HAN,PQC,PKX,International,VJ,,
2026-02-15|VJ410/VJ7238|A672|DLI-HAN-PVG|21:30,2026-02-15,VJ410/VJ7238,A672,A320,DLI-HAN-PVG,20:15,21:30,20:15,21:30,20:05,21:59,22:00,22:05,01:15,01:55,DELAY,DELAY,DELAY,ONTIME,,99,00:30,,,,,02 PAX 02BAG CANCEL FILIGHT AFTER DOOR CLOSED,HAN,DLI,PVG,International,VJ,,
2026-02-15|VJ935/VJ161|A523|NRT-HAN-SGN|21:50,2026-02-15,VJ935/VJ161,A523,A321,NRT-HAN-SGN,20:55,21:50,20:55,21:50,20:40,21:44,21:45,21:50,00:55,01:05,EARLY,ONTIME,ONTIME,ONTIME,,,,,,,,,HAN,NRT,SGN,Domestic,VJ,,
2026-02-15|VJ914/VJ123|A651|SAI-HAN-SGN|22:10,2026-02-15,VJ914/VJ123,A651,A321,SAI-HAN-SGN,20:50,22:10,20:50,22:10,21:10,22:51,22:52,23:00,01:20,01:42,DELAY,DELAY,DELAY,DELAY,,95,00:42,,,,,WAIT CREW VJ196 CREW OB 2235,HAN,SAI,SGN,Domestic,VJ,,
2026-02-15|VJ568/VJ523|A643|HUI-HAN-DAD|22:45,2026-02-15,VJ568/VJ523,A643,A321,HUI-HAN-DAD,22:15,22:45,22:45,23:20,22:55,23:24,23:25,23:25,00:35,00:30,DELAY,ONTIME,DELAY,DELAY,,93,00:05,,,,,,HAN,HUI,DAD,Domestic,VJ,,
2026-02-15|VJ943/VJ962|A575|TPE-HAN-ICN|22:50,2026-02-15,VJ943/VJ962,A575,A321,TPE-HAN-ICN,21:10,22:50,21:10,22:50,21:45,22:48,22:49,22:50,01:40,01:04,EARLY,ONTIME,ONTIME,DELAY,,,,,,,,,HAN,TPE,ICN,International,VJ,,
2026-02-15|VJ166/VJ187|A662|HUI-HAN-SGN|23:15,2026-02-15,VJ166/VJ187,A662,A320,HUI-HAN-SGN,21:00,23:15,21:05,23:15,22:30,22:53,22:54,23:11,02:10,00:24,EARLY,ONTIME,ONTIME,DELAY,,,,,,,,FERRY FLIGHT,HAN,HUI,SGN,Domestic,VJ,,
2026-02-15|VJ158/VJ159|A639|SGN-HAN-SGN|23:40,2026-02-15,VJ158/VJ159,A639,A321,SGN-HAN-SGN,00:15,23:40,02:00,02:40,02:45,02:59,03:00,03:05,00:40,00:15,DELAY,DELAY,DELAY,DELAY,,93,00:20,,,,,FERRY FLIGHT,HAN,SGN,SGN,Domestic,VJ,,
2026-02-15|VJ408/VJ7526|A642|DLI-HAN-CAN|23:40,2026-02-15,VJ408/VJ7526,A642,A321,DLI-HAN-CAN,19:30,23:40,20:30,23:40,20:50,23:38,23:40,23:41,03:10,02:50,ONTIME,ONTIME,ONTIME,DELAY,,,,,,,,,HAN,DLI,CAN,International,VJ,,
2026-02-15|VJ516/VJ1125|A657|DAD-HAN-SGN|23:50,2026-02-15,VJ516/VJ1125,A657,A321,DAD-HAN-SGN,19:35,23:50,20:20,02:10,21:05,01:57,01:58,02:02,05:50,04:53,EARLY,ONTIME,DELAY,DELAY,,,,,,,,FERRY FLIGHT,HAN,DAD,SGN,Domestic,VJ,,
2026-02-15|VJ180/VJ171|A820|SGN-HAN-SGN|23:25,2026-02-15,VJ180/VJ171,A820,A321,SGN-HAN-SGN,23:00,23:25,00:25,01:25,01:05,02:39,02:40,02:55,01:00,01:35,DELAY,DELAY,DELAY,ONTIME,,93,00:25,41,00:50,,,FERRY FLIGHT/COOLING BRAKE,HAN,SGN,SGN,Domestic,VJ,,
2026-02-16|VJ3525/VJ3525|A537|PQC-HAN-BQS|00:30,2026-02-16,VJ3525/VJ3525,A537,A321,PQC-HAN-BQS,00:00,00:30,00:00,00:30,00:00,00:24,00:25,00:40,00:30,00:25,EARLY,ONTIME,ONTIME,ONTIME,,,,,,,,,HAN,PQC,BQS,International,VJ,,
2026-02-16|VJ982|A629|HAN-PUS|01:00,2026-02-16,VJ982,A629,A321,HAN-PUS,,01:00,,01:00,,00:59,01:00,01:05,,,ONTIME,ONTIME,ONTIME,,,,,,,,,,HAN,,PUS,International,VJ,,
2026-02-16|VJ932|A810|HAN-NRT|00:55,2026-02-16,VJ932,A810,A330,HAN-NRT,,00:55,,01:15,,01:19,01:20,01:30,,,DELAY,ONTIME,DELAY,,,15A,00:05,,,,,OFFLOAD 02PAX+02BAG,HAN,,NRT,International,VJ,,
2026-02-16|VJ920|A548|HAN-NGO|01:35,2026-02-16,VJ920,A548,A321,HAN-NGO,,01:35,,01:35,,01:33,01:34,01:36,,,EARLY,ONTIME,ONTIME,,,,,,,,,,HAN,,NGO,International,VJ,,
2026-02-16|VJ960|A683|HAN-ICN|01:45,2026-02-16,VJ960,A683,A321,HAN-ICN,,01:45,,02:30,,02:05,02:06,02:25,,,EARLY,ONTIME,DELAY,,,,,,,,,,HAN,,ICN,International,VJ,,
2026-02-16|VJ938|A697|HAN-KIX|01:40,2026-02-16,VJ938,A697,A321,HAN-KIX,,01:40,,02:45,,02:39,02:40,02:43,,,EARLY,ONTIME,DELAY,,,,,,,,,,HAN,,KIX,International,VJ,,
2026-02-16|VJ1121|A522|HAN-SGN|04:10,2026-02-16,VJ1121,A522,A321,HAN-SGN,,04:10,,04:10,,03:51,03:52,04:00,,,EARLY,ONTIME,ONTIME,,,,,,,,,FERRY FLIGHT,HAN,,SGN,Domestic,VJ,,
2026-02-16|VJ179|A632|HAN-SGN|05:00,2026-02-16,VJ179,A632,A321,HAN-SGN,,05:00,,05:00,,04:44,04:45,04:50,,,EARLY,ONTIME,ONTIME,,,,,,,,,FERRY FLIGHT,HAN,,SGN,Domestic,VJ,,
2026-02-16|VJ185|A685|HAN-SGN|05:10,2026-02-16,VJ185,A685,A321,HAN-SGN,,05:10,,05:10,,04:43,04:44,05:00,,,EARLY,ONTIME,ONTIME,,,,,,,,,FERRY FLIGHT,HAN,,SGN,Domestic,VJ,,
2026-02-16|VJ509|A536|HAN-DAD|05:25,2026-02-16,VJ509,A536,A321,HAN-DAD,,05:25,,05:25,,05:19,05:20,05:25,,,EARLY,ONTIME,ONTIME,,,,,,,,,,HAN,,DAD,Domestic,VJ,,
2026-02-16|VJ461|A668|HAN-VCA|05:30,2026-02-16,VJ461,A668,A320,HAN-VCA,,05:30,,05:30,,05:23,05:24,05:25,,,EARLY,ONTIME,ONTIME,,,,,,,,,,HAN,,VCA,Domestic,VJ,,
2026-02-16|VJ7527/VJ491|A642|CAN-HAN-BMV|05:55,2026-02-16,VJ7527/VJ491,A642,A321,CAN-HAN-BMV,04:35,05:55,04:35,05:55,04:50,05:49,05:50,05:55,01:20,01:00,EARLY,ONTIME,ONTIME,ONTIME,,,,,,,,,HAN,CAN,BMV,Domestic,VJ,,
2026-02-16|VJ7713/VJ1123|A675|PKX-HAN-SGN|06:10,2026-02-16,VJ7713/VJ1123,A675,A320,PKX-HAN-SGN,05:05,06:10,05:05,06:10,05:50,06:04,06:05,06:10,01:05,00:15,EARLY,ONTIME,ONTIME,DELAY,,,,,,,,FERRY FLIGHT,HAN,PKX,SGN,Domestic,VJ,,
2026-02-16|VJ7343/VJ443|A554|XIY-HAN-PQC|06:00,2026-02-16,VJ7343/VJ443,A554,A321,XIY-HAN-PQC,03:50,06:00,03:50,06:15,03:55,05:58,05:59,06:04,02:25,02:04,EARLY,ONTIME,ONTIME,ONTIME,,,,,,,,,HAN,XIY,PQC,Domestic,VJ,,
2026-02-16|VJ1124/VJ421|A667|SGN-HAN-PXU|06:20,2026-02-16,VJ1124/VJ421,A667,A321,SGN-HAN-PXU,05:30,06:20,05:30,06:20,05:35,06:14,06:15,06:25,00:50,00:40,EARLY,ONTIME,ONTIME,ONTIME,,,,,,,,,HAN,SGN,PXU,Domestic,VJ,,
2026-02-16|VJ181|A633|HAN-SGN|06:40,2026-02-16,VJ181,A633,A321,HAN-SGN,,06:40,,06:40,,06:34,06:35,06:37,,,EARLY,ONTIME,ONTIME,,,,,,,,,,HAN,,SGN,Domestic,VJ,,
2026-02-16|VJ905|A538|HAN-KUL|07:10,2026-02-16,VJ905,A538,A321,HAN-KUL,,07:10,,07:10,,06:59,07:00,07:05,,,EARLY,ONTIME,ONTIME,,,,,,,,,,HAN,,KUL,International,VJ,,
2026-02-16|VJ7239/VJ431|A672|PVG-HAN-UIH|07:10,2026-02-16,VJ7239/VJ431,A672,A320,PVG-HAN-UIH,05:15,07:10,05:15,07:10,05:20,07:02,04:03,07:07,01:55,22:43,EARLY,ONTIME,ONTIME,ONTIME,,,,,,,,,HAN,PVG,UIH,Domestic,VJ,,
2026-02-16|VJ940|A647|HAN-TPE|07:35,2026-02-16,VJ940,A647,A321,HAN-TPE,,07:35,,07:35,,07:22,07:23,07:25,,,EARLY,ONTIME,ONTIME,,,,,,,,,,HAN,,TPE,International,VJ,,
2026-02-16|VJ502/VJ771|A649|DAD-HAN-CXR|07:35,2026-02-16,VJ502/VJ771,A649,A321,DAD-HAN-CXR,07:05,07:35,07:05,07:35,06:55,07:34,07:35,07:37,00:30,00:40,ONTIME,ONTIME,ONTIME,ONTIME,,,,,,,,,HAN,DAD,CXR,Domestic,VJ,,
2026-02-16|VJ107|656E|HAN-VCS|08:15,2026-02-16,VJ107,656E,C909,HAN-VCS,,08:15,,08:15,,08:07,08:09,08:20,,,EARLY,ONTIME,ONTIME,,,,,,,,,,HAN,,VCS,Domestic,VJ,,
2026-02-16|VJ930|A516|HAN-KIX|08:20,2026-02-16,VJ930,A516,A321,HAN-KIX,,08:20,,08:20,,08:19,08:20,08:26,,,ONTIME,ONTIME,ONTIME,,,,,,,,,,HAN,,KIX,International,VJ,,
2026-02-16|VJ934|A553|HAN-NRT|08:20,2026-02-16,VJ934,A553,A321,HAN-NRT,,08:20,,08:20,,08:14,08:15,08:20,,,EARLY,ONTIME,ONTIME,,,,,,,,,,HAN,,NRT,International,VJ,,
2026-02-16|VJ1926/VJ929|A650|AMD-HAN-CGK|08:40,2026-02-16,VJ1926/VJ929,A650,A320,AMD-HAN-CGK,06:20,08:40,06:20,08:40,05:25,08:29,08:30,08:35,02:20,03:05,EARLY,ONTIME,ONTIME,ONTIME,,,,,,,,,HAN,AMD,CGK,International,VJ,,
2026-02-16|VJ124/VJ125|A820|SGN-HAN-SGN|08:40,2026-02-16,VJ124/VJ125,A820,A321,SGN-HAN-SGN,07:50,08:40,07:50,08:40,07:55,08:29,08:30,08:34,00:50,00:35,EARLY,ONTIME,ONTIME,ONTIME,,,,,,,,,HAN,SGN,SGN,Domestic,VJ,,
2026-02-16|VJ126/VJ127|A544|SGN-HAN-SGN|08:55,2026-02-16,VJ126/VJ127,A544,A321,SGN-HAN-SGN,08:25,08:55,08:25,08:55,08:20,08:44,08:45,08:45,00:30,00:25,EARLY,ONTIME,ONTIME,ONTIME,,,,,,,,,HAN,SGN,SGN,Domestic,VJ,,
2026-02-16|VJ956|A655|HAN-PUS|09:30,2026-02-16,VJ956,A655,A320,HAN-PUS,,09:30,,09:30,,09:14,09:15,09:23,,,EARLY,ONTIME,ONTIME,,,,,,,,,,HAN,,PUS,International,VJ,,
2026-02-16|VJ122/VJ527|A657|SGN-HAN-DAD|09:30,2026-02-16,VJ122/VJ527,A657,A321,SGN-HAN-DAD,07:30,09:30,07:30,09:30,07:20,09:24,09:25,09:29,02:00,02:05,EARLY,ONTIME,ONTIME,ONTIME,,,,,,,,,HAN,SGN,DAD,Domestic,VJ,,
2026-02-16|VJ510/VJ915|A536|DAD-HAN-SIN|09:35,2026-02-16,VJ510/VJ915,A536,A321,DAD-HAN-SIN,08:35,09:35,08:35,09:35,08:40,09:28,09:29,09:32,01:00,00:49,EARLY,ONTIME,ONTIME,ONTIME,,,,,,,,,HAN,DAD,SIN,International,VJ,,
2026-02-16|VJ148/VJ149|-NVG|SGN-HAN-SGN|10:05,2026-02-16,VJ148/VJ149,-NVG,A320,SGN-HAN-SGN,09:30,10:05,09:30,10:05,09:45,09:59,10:00,10:08,00:35,00:15,EARLY,ONTIME,ONTIME,ONTIME,,,,,,,,,HAN,SGN,SGN,Domestic,VJ,,
2026-02-16|VJ422/VJ567|A667|PXU-HAN-HUI|10:25,2026-02-16,VJ422/VJ567,A667,A321,PXU-HAN-HUI,09:55,10:25,09:55,10:25,10:00,10:29,10:30,10:31,00:30,00:30,DELAY,ONTIME,ONTIME,ONTIME,,93,00:05,,,,,,HAN,PXU,HUI,Domestic,VJ,,
2026-02-16|VJ524/VJ507|A643|DAD-HAN-DAD|10:30,2026-02-16,VJ524/VJ507,A643,A321,DAD-HAN-DAD,07:40,10:30,07:40,10:30,07:30,10:29,10:30,10:40,02:50,03:00,ONTIME,ONTIME,ONTIME,ONTIME,,,,,,,,,HAN,DAD,DAD,Domestic,VJ,,
2026-02-16|VJ1120/VJ463|A522|SGN-HAN-VCA|10:30,2026-02-16,VJ1120/VJ463,A522,A321,SGN-HAN-VCA,09:00,10:30,09:00,10:30,08:50,10:24,10:25,10:29,01:30,01:35,EARLY,ONTIME,ONTIME,ONTIME,,,,,,,,,HAN,SGN,VCA,Domestic,VJ,,
2026-02-16|VJ176/VJ997|A552|SGN-HAN-DPS|10:00,2026-02-16,VJ176/VJ997,A552,A321,SGN-HAN-DPS,09:00,10:00,09:40,10:40,09:40,10:37,10:38,10:40,01:00,00:58,EARLY,ONTIME,DELAY,DELAY,,,,,,,,,HAN,SGN,DPS,International,VJ,,
2026-02-16|VJ492/VJ403|A642|BMV-HAN-DLI|10:45,2026-02-16,VJ492/VJ403,A642,A321,BMV-HAN-DLI,10:00,10:45,10:00,10:45,09:55,10:34,10:35,10:40,00:45,00:40,EARLY,ONTIME,ONTIME,ONTIME,,,,,,,,,HAN,BMV,DLI,Domestic,VJ,,
2026-02-16|VJ1122/VJ775|A699|SGN-HAN-CXR|10:45,2026-02-16,VJ1122/VJ775,A699,A320,SGN-HAN-CXR,10:15,10:45,10:15,10:45,10:20,10:44,10:45,10:52,00:30,00:25,ONTIME,ONTIME,ONTIME,ONTIME,,,,,,,,,HAN,SGN,CXR,Domestic,VJ,,
2026-02-16|VJ430/VJ407|A672|UIH-HAN-DLI|11:25,2026-02-16,VJ430/VJ407,A672,A320,UIH-HAN-DLI,10:55,11:25,10:55,11:25,10:30,11:18,11:19,11:31,00:30,00:49,EARLY,ONTIME,ONTIME,ONTIME,,,,,,,,,HAN,UIH,DLI,Domestic,VJ,,
2026-02-16|VJ184/VJ1129|A816|SGN-HAN-SGN|11:25,2026-02-16,VJ184/VJ1129,A816,A330,SGN-HAN-SGN,10:25,11:25,10:25,11:40,11:50,12:14,12:15,12:21,01:15,00:25,DELAY,DELAY,DELAY,DELAY,,93,00:35,,,,,,HAN,SGN,SGN,Domestic,VJ,,
2026-02-16|VJ772/VJ133|A817|CXR-HAN-SGN|11:40,2026-02-16,VJ772/VJ133,A817,A330,CXR-HAN-SGN,10:40,11:40,10:40,11:40,10:45,11:29,11:30,11:33,01:00,00:45,EARLY,ONTIME,ONTIME,ONTIME,,,,,,,,,HAN,CXR,SGN,Domestic,VJ,,
2026-02-16|VJ963/VJ946|A575|ICN-HAN-KHH|11:45,2026-02-16,VJ963/VJ946,A575,A321,ICN-HAN-KHH,09:30,11:45,09:30,11:45,09:25,11:20,11:21,11:29,02:15,01:56,EARLY,ONTIME,ONTIME,ONTIME,,,,,,,,,HAN,ICN,KHH,International,VJ,,
2026-02-16|VJ132/VJ137|A636|SGN-HAN-SGN|12:05,2026-02-16,VJ132/VJ137,A636,A321,SGN-HAN-SGN,11:25,12:05,11:25,12:05,11:35,12:02,12:03,12:07,00:40,00:28,EARLY,ONTIME,ONTIME,ONTIME,,,,,,,,,HAN,SGN,SGN,Domestic,VJ,,
2026-02-16|VJ442/VJ901|A554|PQC-HAN-BKK|12:15,2026-02-16,VJ442/VJ901,A554,A321,PQC-HAN-BKK,10:45,12:15,11:05,12:15,11:10,12:29,12:30,12:36,01:10,01:20,DELAY,ONTIME,DELAY,DELAY,,95,00:15,,,,,WAIT FO FR VJ184 OB 1227,HAN,PQC,BKK,International,VJ,,
2026-02-16|VJ136/VJ135|A532|SGN-HAN-SGN|12:20,2026-02-16,VJ136/VJ135,A532,A321,SGN-HAN-SGN,11:40,12:20,11:40,12:20,11:50,12:19,12:20,12:25,00:40,00:30,ONTIME,ONTIME,ONTIME,ONTIME,,,,,,,,,HAN,SGN,SGN,Domestic,VJ,,
2026-02-16|VJ440/VJ441|A671|PQC-HAN-PQC|12:25,2026-02-16,VJ440/VJ441,A671,A320,PQC-HAN-PQC,11:55,12:25,11:55,12:25,12:10,12:34,12:35,12:40,00:30,00:25,DELAY,ONTIME,ONTIME,ONTIME,,93,00:10,,,,,,HAN,PQC,PQC,Domestic,VJ,,
2026-02-16|VJ3526/VJ3526|A537|BQS-HAN-PQC|13:15,2026-02-16,VJ3526/VJ3526,A537,A321,BQS-HAN-PQC,12:45,13:15,12:45,13:45,13:25,13:49,13:50,13:55,01:00,00:25,DELAY,ONTIME,DELAY,DELAY,,93,00:05,,,,,,HAN,BQS,PQC,Domestic,VJ,,
2026-02-16|VJ981/VJ948|A629|PUS-HAN-RMQ|13:30,2026-02-16,VJ981/VJ948,A629,A321,PUS-HAN-RMQ,11:00,13:30,11:00,13:30,10:55,13:16,13:18,13:25,02:30,02:23,EARLY,ONTIME,ONTIME,ONTIME,,,,,,,,,HAN,PUS,RMQ,International,VJ,,
2026-02-16|VJ528/VJ513|A657|DAD-HAN-DAD|13:35,2026-02-16,VJ528/VJ513,A657,A321,DAD-HAN-DAD,12:40,13:35,12:40,13:35,12:45,13:28,13:30,13:34,00:55,00:45,EARLY,ONTIME,ONTIME,ONTIME,,,,,,,,,HAN,DAD,DAD,Domestic,VJ,,
2026-02-16|VJ128/VJ143|A815|SGN-HAN-SGN|13:40,2026-02-16,VJ128/VJ143,A815,A330,SGN-HAN-SGN,12:10,13:40,12:10,13:40,12:15,13:32,13:33,13:38,01:30,01:18,EARLY,ONTIME,ONTIME,ONTIME,,,,,,,,,HAN,SGN,SGN,Domestic,VJ,,
2026-02-16|VJ188/VJ151|-NVE|SGN-HAN-SGN|15:00,2026-02-16,VJ188/VJ151,-NVE,A320,SGN-HAN-SGN,14:25,15:00,13:25,15:45,15:20,15:38,15:40,15:56,02:20,00:20,EARLY,ONTIME,DELAY,DELAY,,,,,,,,FERRY FLIGHT,HAN,SGN,SGN,Domestic,VJ,,
2026-02-16|VJ508/VJ511|A643|DAD-HAN-DAD|14:20,2026-02-16,VJ508/VJ511,A643,A321,DAD-HAN-DAD,13:40,14:20,13:40,14:20,14:00,14:29,14:30,14:33,00:40,00:30,DELAY,ONTIME,ONTIME,DELAY,,93,00:10,,,,,,HAN,DAD,DAD,Domestic,VJ,,
2026-02-16|VJ939/VJ942|A697|KIX-HAN-TPE|14:25,2026-02-16,VJ939/VJ942,A697,A321,KIX-HAN-TPE,13:05,14:25,13:05,14:25,13:35,14:11,14:12,14:14,01:20,00:37,EARLY,ONTIME,ONTIME,DELAY,,,,,,,,,HAN,KIX,TPE,International,VJ,,
2026-02-16|VJ566/VJ1491|A667|HUI-HAN-BMV|14:35,2026-02-16,VJ566/VJ1491,A667,A321,HUI-HAN-BMV,13:20,14:35,13:20,14:35,13:45,14:29,14:30,14:32,01:15,00:45,EARLY,ONTIME,ONTIME,DELAY,,,,,,,,,HAN,HUI,BMV,Domestic,VJ,,
2026-02-16|VJ774/VJ175|A699|CXR-HAN-SGN|15:20,2026-02-16,VJ774/VJ175,A699,A320,CXR-HAN-SGN,14:50,15:20,14:50,15:20,15:10,15:29,15:30,15:35,00:30,00:20,DELAY,ONTIME,ONTIME,DELAY,,,,,,,,FERRY FLIGHT,HAN,CXR,SGN,Domestic,VJ,,
2026-02-16|VJ961/VJ1441|A683|ICN-HAN-PQC|15:30,2026-02-16,VJ961/VJ1441,A683,A321,ICN-HAN-PQC,14:10,15:30,14:10,15:30,13:42,15:26,15:27,15:29,01:20,01:45,EARLY,ONTIME,ONTIME,ONTIME,,,,,,,,,HAN,ICN,PQC,Domestic,VJ,,
2026-02-16|VJ144/VJ145|A820|SGN-HAN-SGN|15:35,2026-02-16,VJ144/VJ145,A820,A321,SGN-HAN-SGN,14:10,15:35,14:10,15:35,14:20,15:04,15:05,15:25,01:25,00:45,EARLY,ONTIME,ONTIME,ONTIME,,,,,,,,FERRY FLIGHT,HAN,SGN,SGN,Domestic,VJ,,
2026-02-16|VJ770/VJ191|A677|CXR-HAN-SGN|15:55,2026-02-16,VJ770/VJ191,A677,A321,CXR-HAN-SGN,11:45,15:55,11:45,15:55,12:00,15:39,15:40,15:42,04:10,03:40,EARLY,ONTIME,ONTIME,ONTIME,,,,,,,,FERRY FLIGHT,HAN,CXR,SGN,Domestic,VJ,,
2026-02-16|VJ404/VJ423|A642|DLI-HAN-PXU|15:55,2026-02-16,VJ404/VJ423,A642,A321,DLI-HAN-PXU,14:55,15:55,14:55,15:55,15:05,15:54,15:55,15:58,01:00,00:50,ONTIME,ONTIME,ONTIME,ONTIME,,,,,,,,,HAN,DLI,PXU,Domestic,VJ,,
2026-02-16|VJ933/VJ195|A810|NRT-HAN-SGN|16:00,2026-02-16,VJ933/VJ195,A810,A330,NRT-HAN-SGN,14:00,16:00,14:00,16:00,14:00,15:55,15:56,16:02,02:00,01:56,EARLY,ONTIME,ONTIME,ONTIME,,,,,,,,,HAN,NRT,SGN,Domestic,VJ,,
2026-02-16|VJ941/VJ409|A647|TPE-HAN-DLI|16:05,2026-02-16,VJ941/VJ409,A647,A321,TPE-HAN-DLI,14:10,16:05,14:10,16:05,14:26,15:55,15:56,16:00,01:55,01:30,EARLY,ONTIME,ONTIME,DELAY,,,,,,,,,HAN,TPE,DLI,Domestic,VJ,,
2026-02-16|VJ906/VJ913|A538|KUL-HAN-SAI|16:20,2026-02-16,VJ906/VJ913,A538,A321,KUL-HAN-SAI,14:55,16:20,14:55,16:20,14:30,16:15,16:16,16:19,01:25,01:46,EARLY,ONTIME,ONTIME,ONTIME,,,,,,,,,HAN,KUL,SAI,International,VJ,,
2026-02-16|VJ921/VJ515|A548|VCA-HAN-DAD|16:25,2026-02-16,VJ921/VJ515,A548,A321,VCA-HAN-DAD,15:40,16:25,15:40,16:25,13:20,16:22,16:23,16:29,00:45,03:03,EARLY,ONTIME,ONTIME,ONTIME,,,,,,,,,HAN,VCA,DAD,Domestic,VJ,,
2026-02-16|VJ460/VJ147|A522|NGO-HAN-SGN|17:10,2026-02-16,VJ460/VJ147,A522,A321,NGO-HAN-SGN,15:25,17:10,15:25,17:10,15:35,16:42,16:43,17:00,01:45,01:08,EARLY,ONTIME,ONTIME,ONTIME,,,,,,,,FERRY FLIGHT,HAN,NGO,SGN,Domestic,VJ,,
2026-02-16|VJ408/VJ445|A672|DLI-HAN-PQC|17:40,2026-02-16,VJ408/VJ445,A672,A320,DLI-HAN-PQC,15:35,17:40,15:35,17:40,15:30,17:34,17:35,17:39,02:05,02:05,EARLY,ONTIME,ONTIME,ONTIME,,,,,,,,,HAN,DLI,PQC,Domestic,VJ,,
2026-02-16|VJ130/VJ131|A816|SGN-HAN-SGN|17:45,2026-02-16,VJ130/VJ131,A816,A330,SGN-HAN-SGN,16:45,17:45,17:45,18:45,18:00,18:34,18:35,18:37,01:00,00:35,EARLY,ONTIME,DELAY,DELAY,,,,,,,,,HAN,SGN,SGN,Domestic,VJ,,
2026-02-16|VJ146/VJ169|A817|SGN-HAN-SGN|18:00,2026-02-16,VJ146/VJ169,A817,A330,SGN-HAN-SGN,17:00,18:00,17:00,18:00,16:50,17:49,17:50,17:52,01:00,01:00,EARLY,ONTIME,ONTIME,ONTIME,,,,,,,,,HAN,SGN,SGN,Domestic,VJ,,
2026-02-16|VJ194/VJ193|A578|SGN-HAN-SGN|18:10,2026-02-16,VJ194/VJ193,A578,A321,SGN-HAN-SGN,17:30,18:10,17:30,18:10,17:30,17:53,17:54,17:58,00:40,00:24,EARLY,ONTIME,ONTIME,ONTIME,,,,,,,,,HAN,SGN,SGN,Domestic,VJ,,
2026-02-16|VJ514/VJ1445|A657|DAD-HAN-PQC|18:20,2026-02-16,VJ514/VJ1445,A657,A321,DAD-HAN-PQC,16:45,18:20,16:45,18:20,16:50,18:12,18:14,18:16,01:35,01:24,EARLY,ONTIME,ONTIME,ONTIME,,,,,,,,,HAN,DAD,PQC,Domestic,VJ,,
2026-02-16|VJ928/VJ1925|A650|CGK-HAN-AMD|19:00,2026-02-16,VJ928/VJ1925,A650,A320,CGK-HAN-AMD,18:15,19:00,18:15,19:00,18:00,18:47,18:48,18:51,00:45,00:48,EARLY,ONTIME,ONTIME,ONTIME,,,,,,,,,HAN,CGK,AMD,International,VJ,,
2026-02-16|VJ512/VJ173|A643|DAD-HAN-SGN|19:05,2026-02-16,VJ512/VJ173,A643,A321,DAD-HAN-SGN,17:30,19:05,17:30,19:05,17:54,18:59,19:00,19:03,01:35,01:06,EARLY,ONTIME,ONTIME,DELAY,,,,,,,,,HAN,DAD,SGN,Domestic,VJ,,
2026-02-16|VJ916/VJ907|A536|BKK-HAN-BOM|19:15,2026-02-16,VJ916/VJ907,A536,A321,BKK-HAN-BOM,13:40,19:15,13:40,19:15,17:00,19:14,19:15,19:20,05:35,02:15,ONTIME,ONTIME,ONTIME,DELAY,,,,,,,,,HAN,BKK,BOM,International,VJ,,
2026-02-16|VJ947/VJ569|A575|KHH-HAN-HUI|19:15,2026-02-16,VJ947/VJ569,A575,A321,KHH-HAN-HUI,18:05,19:15,18:05,19:15,17:36,19:10,19:11,19:15,01:10,01:35,EARLY,ONTIME,ONTIME,ONTIME,,,,,,,,,HAN,KHH,HUI,Domestic,VJ,,
2026-02-16|VJ902/VJ519|A554|BKK-HAN-DAD|19:45,2026-02-16,VJ902/VJ519,A554,A321,BKK-HAN-DAD,17:00,19:45,17:00,19:45,17:20,19:34,19:35,19:38,02:45,02:15,EARLY,ONTIME,ONTIME,DELAY,,,,,,,,,HAN,BKK,DAD,Domestic,VJ,,
2026-02-16|VJ957/VJ7712|A655|PUS-HAN-PKX|20:05,2026-02-16,VJ957/VJ7712,A655,A320,PUS-HAN-PKX,19:20,20:05,19:20,20:05,18:30,19:59,20:00,20:05,00:45,01:30,EARLY,ONTIME,ONTIME,ONTIME,,,,,,,,,HAN,PUS,PKX,International,VJ,,
2026-02-16|VJ931/VJ7306|A516|KIX-HAN-TFU|20:55,2026-02-16,VJ931/VJ7306,A516,A321,KIX-HAN-TFU,19:15,20:55,19:15,20:55,19:15,20:54,20:55,20:56,01:40,01:40,ONTIME,ONTIME,ONTIME,ONTIME,,,,,,,,,HAN,KIX,TFU,International,VJ,,
2026-02-16|VJ446/VJ7238|A671|PQC-HAN-PVG|21:30,2026-02-16,VJ446/VJ7238,A671,A320,PQC-HAN-PVG,17:10,21:30,17:10,21:30,17:45,21:14,21:15,21:18,04:20,03:30,EARLY,ONTIME,ONTIME,DELAY,,,,,,,,,HAN,PQC,PVG,International,VJ,,
2026-02-16|VJ1440/VJ962|A683|PQC-HAN-ICN|22:50,2026-02-16,VJ1440/VJ962,A683,A321,PQC-HAN-ICN,20:10,22:50,20:10,22:50,20:10,22:44,22:45,22:47,02:40,02:35,EARLY,ONTIME,ONTIME,ONTIME,,,,,,,,,HAN,PQC,ICN,International,VJ,,
2026-02-16|VJ424/VJ7526|A642|PXU-HAN-CAN|23:40,2026-02-16,VJ424/VJ7526,A642,A321,PXU-HAN-CAN,19:35,23:40,19:35,23:40,19:35,23:38,23:39,23:43,04:05,04:04,EARLY,ONTIME,ONTIME,ONTIME,,,,,,,,,HAN,PXU,CAN,International,VJ,,
2026-02-17|VJ932|A820|HAN-NRT|00:55,2026-02-17,VJ932,A820,A321,HAN-NRT,,00:55,,00:55,,00:54,00:55,01:02,,,ONTIME,ONTIME,ONTIME,,,,,,,,,,HAN,,NRT,International,VJ,,
2026-02-17|VJ982|A629|HAN-PUS|01:00,2026-02-17,VJ982,A629,A321,HAN-PUS,,01:00,,01:00,,00:44,00:45,00:51,,,EARLY,ONTIME,ONTIME,,,,,,,,,,HAN,,PUS,International,VJ,,
2026-02-17|VJ920|A538|HAN-NGO|01:35,2026-02-17,VJ920,A538,A321,HAN-NGO,,01:35,,01:35,,01:19,01:20,01:25,,,EARLY,ONTIME,ONTIME,,,,,,,,,,HAN,,NGO,International,VJ,,
2026-02-17|VJ938|A554|HAN-KIX|01:40,2026-02-17,VJ938,A554,A321,HAN-KIX,,01:40,,01:40,,01:29,01:30,01:35,,,EARLY,ONTIME,ONTIME,,,,,,,,,,HAN,,KIX,International,VJ,,
2026-02-17|VJ960|A575|HAN-ICN|01:45,2026-02-17,VJ960,A575,A321,HAN-ICN,,01:45,,01:45,,01:39,01:40,01:42,,,EARLY,ONTIME,ONTIME,,,,,,,,,,HAN,,ICN,International,VJ,,
2026-02-17|VJ958|A647|HAN-FUK|02:05,2026-02-17,VJ958,A647,A321,HAN-FUK,,02:05,,02:05,,01:54,01:55,01:58,,,EARLY,ONTIME,ONTIME,,,,,,,,,,HAN,,FUK,International,VJ,,
2026-02-17|VJ461|A669|HAN-VCA|05:30,2026-02-17,VJ461,A669,A320,HAN-VCA,,05:30,,05:30,,05:24,05:25,05:32,,,EARLY,ONTIME,ONTIME,,,,,,,,,,HAN,,VCA,Domestic,VJ,,
2026-02-17|VJ773|A817|HAN-CXR|05:45,2026-02-17,VJ773,A817,A330,HAN-CXR,,05:45,,05:45,,05:34,05:35,05:39,,,EARLY,ONTIME,ONTIME,,,,,,,,,,HAN,,CXR,Domestic,VJ,,
2026-02-17|VJ105|656E|HAN-VCS|06:15,2026-02-17,VJ105,656E,C909,HAN-VCS,,06:15,,06:15,,06:02,06:03,06:08,,,EARLY,ONTIME,ONTIME,,,,,,,,,,HAN,,VCS,Domestic,VJ,,
2026-02-17|VJ7239/VJ952|A671|PVG-HAN-HIJ|06:35,2026-02-17,VJ7239/VJ952,A671,A320,PVG-HAN-HIJ,05:15,06:35,05:15,06:35,04:45,06:25,06:26,06:31,01:20,01:41,EARLY,ONTIME,ONTIME,ONTIME,,,,,,,,,HAN,PVG,HIJ,International,VJ,,
2026-02-17|VJ7527/VJ181|A642|CAN-HAN-SGN|06:40,2026-02-17,VJ7527/VJ181,A642,A321,CAN-HAN-SGN,04:35,06:40,04:35,06:40,04:15,06:34,06:35,06:41,02:05,02:20,EARLY,ONTIME,ONTIME,ONTIME,,,,,,,,,HAN,CAN,SGN,Domestic,VJ,,
2026-02-17|VJ905|A543|HAN-KUL|07:10,2026-02-17,VJ905,A543,A321,HAN-KUL,,07:10,,07:10,,06:59,07:00,07:06,,,EARLY,ONTIME,ONTIME,,,,,,,,,,HAN,,KUL,International,VJ,,
2026-02-17|VJ7713/VJ956|A655|PKX-HAN-PUS|07:30,2026-02-17,VJ7713/VJ956,A655,A320,PKX-HAN-PUS,04:10,07:30,04:10,07:30,04:20,07:24,07:25,07:35,03:20,03:05,EARLY,ONTIME,ONTIME,ONTIME,,,,,,,,,HAN,PKX,PUS,International,VJ,,
2026-02-17|VJ940|A552|HAN-TPE|07:35,2026-02-17,VJ940,A552,A321,HAN-TPE,,07:35,,07:35,,07:29,07:30,07:40,,,EARLY,ONTIME,ONTIME,,,,,,,,,,HAN,,TPE,International,VJ,,
2026-02-17|VJ1507|A657|HAN-DAD|08:00,2026-02-17,VJ1507,A657,A321,HAN-DAD,,08:00,,08:00,,07:54,07:55,08:01,,,EARLY,ONTIME,ONTIME,,,,,,,,,,HAN,,DAD,Domestic,VJ,,
2026-02-17|VJ7307/VJ7422|A516|TFU-HAN-TNN|08:10,2026-02-17,VJ7307/VJ7422,A516,A321,TFU-HAN-TNN,02:15,08:10,02:15,08:10,01:55,08:04,08:05,08:10,05:55,06:10,EARLY,ONTIME,ONTIME,ONTIME,,,,,,,,,HAN,TFU,TNN,International,VJ,,
2026-02-17|VJ930|A697|HAN-KIX|08:20,2026-02-17,VJ930,A697,A321,HAN-KIX,,08:20,,08:20,,08:19,08:20,08:25,,,ONTIME,ONTIME,ONTIME,,,,,,,,,,HAN,,KIX,International,VJ,,
2026-02-17|VJ934|A553|HAN-NRT|08:20,2026-02-17,VJ934,A553,A321,HAN-NRT,,08:20,,08:20,,09:19,08:20,08:30,,,ONTIME,ONTIME,ONTIME,,,,,,,,,,HAN,,NRT,International,VJ,,
2026-02-17|VJ1926/VJ929|A650|AMD-HAN-CGK|08:40,2026-02-17,VJ1926/VJ929,A650,A320,AMD-HAN-CGK,06:20,08:40,06:20,08:40,05:15,08:39,08:40,08:55,02:20,03:25,ONTIME,ONTIME,ONTIME,ONTIME,,,,,,,,,HAN,AMD,CGK,International,VJ,,
2026-02-17|VJ126/VJ127|A676|SGN-HAN-SGN|08:55,2026-02-17,VJ126/VJ127,A676,A320,SGN-HAN-SGN,08:25,08:55,08:25,08:55,08:15,08:47,08:48,08:51,00:30,00:33,EARLY,ONTIME,ONTIME,ONTIME,,,,,,,,,HAN,SGN,SGN,Domestic,VJ,,
2026-02-17|VJ915|A525|HAN-SIN|09:35,2026-02-17,VJ915,A525,A321,HAN-SIN,,09:35,,09:35,,09:21,09:22,09:25,,,EARLY,ONTIME,ONTIME,,,,,,,,,,HAN,,SIN,International,VJ,,
2026-02-17|VJ910/VJ997|A536|BOM-HAN-DPS|10:00,2026-02-17,VJ910/VJ997,A536,A321,BOM-HAN-DPS,06:40,10:00,06:40,10:00,06:15,09:59,10:00,10:05,03:20,03:45,ONTIME,ONTIME,ONTIME,ONTIME,,,,,,,,,HAN,BOM,DPS,International,VJ,,
2026-02-17|VJ148/VJ149|-NVG|SGN-HAN-SGN|10:05,2026-02-17,VJ148/VJ149,-NVG,A320,SGN-HAN-SGN,09:30,10:05,09:30,10:05,09:26,09:58,10:00,10:01,00:35,00:34,EARLY,ONTIME,ONTIME,ONTIME,,,,,,,,,HAN,SGN,SGN,Domestic,VJ,,
2026-02-17|VJ567|A677|HAN-HUI|10:10,2026-02-17,VJ567,A677,A321,HAN-HUI,,10:10,,10:10,,10:07,10:08,10:10,,,EARLY,ONTIME,ONTIME,,,,,,,,,,HAN,,HUI,Domestic,VJ,,
2026-02-17|VJ507|A548|HAN-DAD|10:30,2026-02-17,VJ507,A548,A321,HAN-DAD,,10:30,,10:30,,10:28,10:30,10:40,,,ONTIME,ONTIME,ONTIME,,,,,,,,,,HAN,,DAD,Domestic,VJ,,
2026-02-17|VJ963/VJ463|A683|ICN-HAN-VCA|10:30,2026-02-17,VJ963/VJ463,A683,A321,ICN-HAN-VCA,09:30,10:30,09:30,10:30,09:20,10:22,10:23,10:25,01:00,01:03,EARLY,ONTIME,ONTIME,ONTIME,,,,,,,,,HAN,ICN,VCA,Domestic,VJ,,
2026-02-17|VJ403|A699|HAN-DLI|10:45,2026-02-17,VJ403,A699,A320,HAN-DLI,,10:45,,10:45,,10:37,10:39,10:40,,,EARLY,ONTIME,ONTIME,,,,,,,,,,HAN,,DLI,Domestic,VJ,,
2026-02-17|VJ136/VJ135|A661|SGN-HAN-SGN|11:10,2026-02-17,VJ136/VJ135,A661,A321,SGN-HAN-SGN,10:40,11:10,10:40,11:10,10:30,10:58,11:00,11:03,00:30,00:30,EARLY,ONTIME,ONTIME,ONTIME,,,,,,,,,HAN,SGN,SGN,Domestic,VJ,,
2026-02-17|VJ184/VJ129|A814|SGN-HAN-SGN|11:25,2026-02-17,VJ184/VJ129,A814,A330,SGN-HAN-SGN,10:25,11:25,10:25,11:25,11:15,11:34,11:35,11:47,01:00,00:20,DELAY,ONTIME,DELAY,DELAY,,93,00:10,,,,,,HAN,SGN,SGN,Domestic,VJ,,
2026-02-17|VJ407|A667|HAN-DLI|11:25,2026-02-17,VJ407,A667,A321,HAN-DLI,,11:25,,11:25,,11:21,11:22,11:32,,,EARLY,ONTIME,ONTIME,,,,,,,,,,HAN,,DLI,Domestic,VJ,,
2026-02-17|VJ1508/VJ1509|A657|DAD-HAN-DAD|11:40,2026-02-17,VJ1508/VJ1509,A657,A321,DAD-HAN-DAD,11:10,11:40,11:10,12:05,11:36,12:04,12:05,12:08,00:55,00:29,ONTIME,ONTIME,DELAY,DELAY,,,,,,,,,HAN,DAD,DAD,Domestic,VJ,,
2026-02-17|VJ946|A539|HAN-KHH|11:45,2026-02-17,VJ946,A539,A321,HAN-KHH,,11:45,,11:45,,11:37,11:38,11:42,,,EARLY,ONTIME,ONTIME,,,,,,,,,,HAN,,KHH,International,VJ,,
2026-02-17|VJ981/VJ901|A629|PUS-HAN-BKK|12:15,2026-02-17,VJ981/VJ901,A629,A321,PUS-HAN-BKK,11:00,12:15,11:00,12:15,11:08,11:55,11:57,12:01,01:15,00:49,EARLY,ONTIME,ONTIME,ONTIME,,,,,,,,,HAN,PUS,BKK,International,VJ,,
2026-02-17|VJ186/VJ183|A815|SGN-HAN-SGN|12:40,2026-02-17,VJ186/VJ183,A815,A330,SGN-HAN-SGN,11:40,12:40,11:40,12:40,11:42,12:33,12:35,12:38,01:00,00:53,EARLY,ONTIME,ONTIME,ONTIME,,,,,,,,,HAN,SGN,SGN,Domestic,VJ,,
2026-02-17|VJ440/VJ441|A672|PQC-HAN-PQC|12:55,2026-02-17,VJ440/VJ441,A672,A320,PQC-HAN-PQC,11:55,12:55,11:55,12:55,12:20,12:50,12:52,12:54,01:00,00:32,EARLY,ONTIME,ONTIME,DELAY,,,,,,,,,HAN,PQC,PQC,Domestic,VJ,,
2026-02-17|VJ780/VJ781|A551|CXR-HAN-CXR|13:15,2026-02-17,VJ780/VJ781,A551,A321,CXR-HAN-CXR,12:45,13:15,12:45,13:15,12:50,13:19,13:20,13:22,00:30,00:30,DELAY,ONTIME,ONTIME,ONTIME,,93,00:05,,,,,,HAN,CXR,CXR,Domestic,VJ,,
2026-02-17|VJ959/VJ948|A647|FUK-HAN-RMQ|13:30,2026-02-17,VJ959/VJ948,A647,A321,FUK-HAN-RMQ,12:25,13:30,12:25,13:30,12:00,13:24,13:25,13:30,01:05,01:25,EARLY,ONTIME,ONTIME,ONTIME,,,,,,,,,HAN,FUK,RMQ,International,VJ,,
2026-02-17|VJ128/VJ143|A811|SGN-HAN-SGN|13:40,2026-02-17,VJ128/VJ143,A811,A330,SGN-HAN-SGN,12:10,13:40,12:10,13:40,12:06,13:39,13:40,13:47,01:30,01:34,ONTIME,ONTIME,ONTIME,ONTIME,,,,,,,,,HAN,SGN,SGN,Domestic,VJ,,
2026-02-17|VJ566/VJ513|A677|HUI-HAN-DAD|13:50,2026-02-17,VJ566/VJ513,A677,A321,HUI-HAN-DAD,13:05,13:50,13:05,13:50,13:22,13:49,13:50,14:07,00:45,00:28,ONTIME,ONTIME,DELAY,DELAY,,,,,,,,,HAN,HUI,DAD,Domestic,VJ,,
2026-02-17|VJ508/VJ511|A548|DAD-HAN-DAD|14:20,2026-02-17,VJ508/VJ511,A548,A321,DAD-HAN-DAD,13:40,14:20,13:40,14:20,14:05,14:44,14:45,14:47,00:40,00:40,DELAY,DELAY,DELAY,DELAY,,93,00:15,66,00:10,,,CREW OB 1415,HAN,DAD,DAD,Domestic,VJ,,
2026-02-17|VJ939/VJ942|A554|KIX-HAN-TPE|14:25,2026-02-17,VJ939/VJ942,A554,A321,KIX-HAN-TPE,13:05,14:25,13:05,14:25,13:30,14:22,14:23,14:25,01:20,00:53,EARLY,ONTIME,ONTIME,DELAY,,,,,,,,,HAN,KIX,TPE,International,VJ,,
2026-02-17|VJ921/VJ1491|A538|NGO-HAN-BMV|14:35,2026-02-17,VJ921/VJ1491,A538,A321,NGO-HAN-BMV,13:40,14:35,13:40,14:35,13:16,14:34,14:35,14:38,00:55,01:19,ONTIME,ONTIME,ONTIME,ONTIME,,,,,,,,,HAN,NGO,BMV,Domestic,VJ,,
2026-02-17|VJ404/VJ433|A699|DLI-HAN-UIH|15:25,2026-02-17,VJ404/VJ433,A699,A320,DLI-HAN-UIH,14:55,15:25,14:55,15:25,15:05,15:24,15:25,15:30,00:30,00:20,ONTIME,ONTIME,ONTIME,ONTIME,,,,,,,,,HAN,DLI,UIH,Domestic,VJ,,
2026-02-17|VJ7423/VJ1441|A516|TNN-HAN-PQC|15:30,2026-02-17,VJ7423/VJ1441,A516,A321,TNN-HAN-PQC,14:20,15:30,14:20,15:30,14:15,15:19,15:20,15:24,01:10,01:05,EARLY,ONTIME,ONTIME,ONTIME,,,,,,,,,HAN,TNN,PQC,Domestic,VJ,,
2026-02-17|VJ144/VJ145|A816|SGN-HAN-SGN|15:35,2026-02-17,VJ144/VJ145,A816,A330,SGN-HAN-SGN,14:10,15:35,14:10,15:35,14:45,15:29,15:31,15:36,01:25,00:46,EARLY,ONTIME,ONTIME,DELAY,,,,,,,,,HAN,SGN,SGN,Domestic,VJ,,
2026-02-17|VJ906/VJ903|A543|KUL-HAN-BKK|15:50,2026-02-17,VJ906/VJ903,A543,A321,KUL-HAN-BKK,14:55,15:50,14:55,15:50,14:33,15:34,15:35,15:43,00:55,01:02,EARLY,ONTIME,ONTIME,ONTIME,,,,,,,,,HAN,KUL,BKK,International,VJ,,
2026-02-17|VJ961/VJ423|A575|ICN-HAN-PXU|15:55,2026-02-17,VJ961/VJ423,A575,A321,ICN-HAN-PXU,14:10,15:55,14:10,15:55,13:45,15:53,15:54,16:02,01:45,02:09,EARLY,ONTIME,ONTIME,ONTIME,,,,,,,,,HAN,ICN,PXU,Domestic,VJ,,
2026-02-17|VJ7423/VJ191|A516|TNN-HAN-SGN|15:55,2026-02-17,VJ7423/VJ191,A516,A321,TNN-HAN-SGN,14:20,15:55,14:20,15:55,14:54,15:52,15:54,15:55,01:35,01:00,EARLY,ONTIME,ONTIME,DELAY,,,,,,,,,HAN,TNN,SGN,Domestic,VJ,,
2026-02-17|VJ933/VJ195|A820|NRT-HAN-SGN|16:00,2026-02-17,VJ933/VJ195,A820,A321,NRT-HAN-SGN,14:00,16:00,14:00,16:00,14:20,15:59,16:00,16:10,02:00,01:40,ONTIME,ONTIME,ONTIME,DELAY,,,,,,,,,HAN,NRT,SGN,Domestic,VJ,,
2026-02-17|VJ408/VJ409|A667|DLI-HAN-DLI|16:05,2026-02-17,VJ408/VJ409,A667,A321,DLI-HAN-DLI,15:35,16:05,15:35,16:05,15:45,16:09,16:10,16:16,00:30,00:25,DELAY,ONTIME,ONTIME,ONTIME,,93,00:05,,,,,,HAN,DLI,DLI,Domestic,VJ,,
2026-02-17|VJ1510/VJ913|A657|DAD-HAN-SAI|16:20,2026-02-17,VJ1510/VJ913,A657,A321,DAD-HAN-SAI,14:50,16:20,14:50,16:20,15:20,16:15,16:16,16:18,01:30,00:56,EARLY,ONTIME,ONTIME,DELAY,,,,,,,,,HAN,DAD,SAI,International,VJ,,
2026-02-17|VJ462/VJ515|A669|VCA-HAN-DAD|16:25,2026-02-17,VJ462/VJ515,A669,A320,VCA-HAN-DAD,15:40,16:25,15:40,16:25,15:20,16:34,16:35,16:40,00:45,01:15,DELAY,ONTIME,ONTIME,ONTIME,,95,00:10,,,,,CHANGE CREW FRVJ462 OB 1600,HAN,VCA,DAD,Domestic,VJ,,
2026-02-17|VJ134/VJ163|-MLI|SGN-HAN-SGN|17:30,2026-02-17,VJ134/VJ163,-MLI,A320,SGN-HAN-SGN,17:00,17:30,17:00,17:30,17:10,17:34,17:35,17:40,00:30,00:25,DELAY,ONTIME,ONTIME,ONTIME,,93,00:05,,,,,,HAN,SGN,SGN,Domestic,VJ,,
2026-02-17|VJ514/VJ465|A677|DAD-HAN-VCA|17:35,2026-02-17,VJ514/VJ465,A677,A321,DAD-HAN-VCA,17:00,17:35,17:00,17:35,18:00,18:29,18:30,18:35,00:35,00:30,DELAY,DELAY,DELAY,DELAY,,93,00:55,,,,,,HAN,DAD,VCA,Domestic,VJ,,
2026-02-17|VJ953/VJ445|A671|HIJ-HAN-PQC|17:40,2026-02-17,VJ953/VJ445,A671,A320,HIJ-HAN-PQC,16:20,17:40,16:20,17:40,16:52,17:33,17:35,17:40,01:20,00:43,EARLY,ONTIME,ONTIME,DELAY,,,,,,,,,HAN,HIJ,PQC,Domestic,VJ,,
2026-02-17|VJ916/VJ1445|A525|SIN-HAN-PQC|18:00,2026-02-17,VJ916/VJ1445,A525,A321,SIN-HAN-PQC,17:25,18:00,17:25,18:00,17:15,17:59,18:00,18:05,00:35,00:45,ONTIME,ONTIME,ONTIME,ONTIME,,,,,,,,,HAN,SIN,PQC,Domestic,VJ,,
2026-02-17|VJ194/VJ193|A676|SGN-HAN-SGN|18:10,2026-02-17,VJ194/VJ193,A676,A320,SGN-HAN-SGN,17:30,18:10,17:30,18:10,17:30,17:59,18:00,18:10,00:40,00:30,EARLY,ONTIME,ONTIME,ONTIME,,,,,,,,,HAN,SGN,SGN,Domestic,VJ,,
2026-02-17|VJ902/VJ783|A629|BKK-HAN-CXR|18:10,2026-02-17,VJ902/VJ783,A629,A321,BKK-HAN-CXR,17:00,18:10,17:00,18:10,17:10,18:24,18:25,18:30,01:10,01:15,DELAY,ONTIME,DELAY,ONTIME,,95,00:15,,,,,CHANGE CREW FRVJ784 OB 1805,HAN,BKK,CXR,Domestic,VJ,,
2026-02-17|VJ784/VJ779|A551|CXR-HAN-CXR|18:15,2026-02-17,VJ784/VJ779,A551,A321,CXR-HAN-CXR,17:25,18:15,17:25,18:15,17:45,18:20,18:21,18:29,00:50,00:36,DELAY,ONTIME,ONTIME,DELAY,,66,00:06,,,,,CREW OB 1750,HAN,CXR,CXR,Domestic,VJ,,
2026-02-17|VJ512/VJ493|A525|DAD-HAN-BMV|19:45,2026-02-17,VJ512/VJ493,A525,A321,DAD-HAN-BMV,18:10,19:45,18:10,19:45,19:20,19:49,19:50,19:55,01:35,00:30,DELAY,ONTIME,ONTIME,DELAY,,93,00:05,,,,,,HAN,DAD,BMV,Domestic,VJ,,
2026-02-17|VJ957/VJ1925|A655|PUS-HAN-AMD|19:00,2026-02-17,VJ957/VJ1925,A655,A320,PUS-HAN-AMD,17:20,19:00,17:20,19:00,17:40,18:52,18:53,18:55,01:40,01:13,EARLY,ONTIME,ONTIME,DELAY,,,,,,,,,HAN,PUS,AMD,International,VJ,,
2026-02-17|VJ192/VJ189|A815|SGN-HAN-SGN|19:00,2026-02-17,VJ192/VJ189,A815,A330,SGN-HAN-SGN,18:00,19:00,18:00,19:00,18:40,19:08,19:10,19:40,01:00,00:30,DELAY,ONTIME,DELAY,DELAY,,93,00:10,,,,,,HAN,SGN,SGN,Domestic,VJ,,
2026-02-17|VJ130/VJ971|A814|SGN-HAN-DEL|19:10,2026-02-17,VJ130/VJ971,A814,A330,SGN-HAN-DEL,16:45,19:10,16:45,19:10,17:00,19:14,19:15,19:25,02:25,02:15,DELAY,ONTIME,ONTIME,ONTIME,,15A,00:05,,,,,OFFLOAD 1 PAX AND 3 PCS BAGS,HAN,SGN,DEL,International,VJ,,
2026-02-17|VJ928/VJ569|A650|CGK-HAN-HUI|19:15,2026-02-17,VJ928/VJ569,A650,A320,CGK-HAN-HUI,18:15,19:15,18:15,19:55,18:10,19:47,19:48,19:54,01:40,01:38,EARLY,ONTIME,DELAY,ONTIME,,,,,,,,,HAN,CGK,HUI,Domestic,VJ,,
2026-02-17|VJ172/VJ177|A811|SGN-HAN-SGN|19:55,2026-02-17,VJ172/VJ177,A811,A330,SGN-HAN-SGN,18:55,19:55,18:55,19:55,19:05,19:44,19:45,19:54,01:00,00:40,EARLY,ONTIME,ONTIME,ONTIME,,,,,,,,,HAN,SGN,SGN,Domestic,VJ,,
2026-02-17|VJ424/VJ155|A552|PXU-HAN-SGN|20:05,2026-02-17,VJ424/VJ155,A552,A321,PXU-HAN-SGN,19:35,20:05,19:35,20:05,19:50,20:17,20:18,20:25,00:30,00:28,DELAY,ONTIME,DELAY,ONTIME,,93,00:13,,,,,,HAN,PXU,SGN,Domestic,VJ,,
2026-02-17|VJ462/VJ7712|A669|VCA-HAN-PKX|20:05,2026-02-17,VJ462/VJ7712,A669,A320,VCA-HAN-PKX,15:40,20:05,15:40,20:05,15:55,20:04,20:05,20:10,04:25,04:10,ONTIME,ONTIME,ONTIME,ONTIME,,,,,,,,,HAN,VCA,PKX,International,VJ,,
2026-02-17|VJ949/VJ521|A647|RMQ-HAN-DAD|20:50,2026-02-17,VJ949/VJ521,A647,A321,RMQ-HAN-DAD,19:50,20:50,19:50,20:50,19:45,20:44,20:45,20:49,01:00,01:00,EARLY,ONTIME,ONTIME,ONTIME,,,,,,,,,HAN,RMQ,DAD,Domestic,VJ,,
2026-02-17|VJ931/VJ7306|A697|KIX-HAN-TFU|20:55,2026-02-17,VJ931/VJ7306,A697,A321,KIX-HAN-TFU,19:15,20:55,19:15,20:55,19:25,20:45,20:47,21:00,01:40,01:22,EARLY,ONTIME,ONTIME,ONTIME,,,,,,,,,HAN,KIX,TFU,International,VJ,,
2026-02-17|VJ432/VJ7238|A669|UIH-HAN-PVG|21:30,2026-02-17,VJ432/VJ7238,A669,A320,UIH-HAN-PVG,19:10,21:30,19:10,21:30,19:15,21:20,21:21,21:23,02:20,02:06,EARLY,ONTIME,ONTIME,ONTIME,,,,,,,,,HAN,UIH,PVG,International,VJ,,
2026-02-17|VJ160/VJ161|A646|SGN-HAN-SGN|21:50,2026-02-17,VJ160/VJ161,A646,A321,SGN-HAN-SGN,21:15,21:50,21:15,21:50,21:12,21:41,21:42,21:44,00:35,00:30,EARLY,ONTIME,ONTIME,ONTIME,,,,,,,,,HAN,SGN,SGN,Domestic,VJ,,
2026-02-17|VJ568/VJ523|A650|HUI-HAN-DAD|22:45,2026-02-17,VJ568/VJ523,A650,A320,HUI-HAN-DAD,22:15,22:45,22:55,23:30,23:05,23:29,23:30,23:35,00:35,00:25,ONTIME,ONTIME,DELAY,DELAY,,,,,,,,,HAN,HUI,DAD,Domestic,VJ,,
2026-02-17|VJ914/VJ962|A543|SAI-HAN-ICN|22:50,2026-02-17,VJ914/VJ962,A543,A321,SAI-HAN-ICN,20:50,22:50,20:50,22:50,20:45,22:49,22:50,22:57,02:00,02:05,ONTIME,ONTIME,ONTIME,ONTIME,,,,,,,,,HAN,SAI,ICN,International,VJ,,
2026-02-17|VJ180/VJ171|A816|SGN-HAN-SGN|23:25,2026-02-17,VJ180/VJ171,A816,A330,SGN-HAN-SGN,22:25,23:25,22:25,23:25,22:40,23:15,23:16,23:20,01:00,00:36,EARLY,ONTIME,ONTIME,ONTIME,,,,,,,,,HAN,SGN,SGN,Domestic,VJ,,
2026-02-17|VJ904/VJ159|A657|BKK-HAN-SGN|23:40,2026-02-17,VJ904/VJ159,A657,A321,BKK-HAN-SGN,20:25,23:40,20:25,23:40,20:25,23:30,23:31,23:48,03:15,03:06,EARLY,ONTIME,ONTIME,ONTIME,,,,,,,,,HAN,BKK,SGN,Domestic,VJ,,
2026-02-17|VJ998/VJ7526|A536|DPS-HAN-CAN|23:40,2026-02-17,VJ998/VJ7526,A536,A321,DPS-HAN-CAN,21:35,23:40,21:35,23:40,20:05,23:34,23:35,23:45,02:05,03:30,EARLY,ONTIME,ONTIME,ONTIME,,,,,,,,,HAN,DPS,CAN,International,VJ,,
2026-02-18|VJ3523/VJ3523|A550|PQC-HAN-KHV|00:25,2026-02-18,VJ3523/VJ3523,A550,A321,PQC-HAN-KHV,23:55,00:25,23:55,00:25,23:55,00:21,00:22,00:25,00:30,00:27,EARLY,ONTIME,ONTIME,ONTIME,,,,,,,,,HAN,PQC,KHV,International,VJ,,
2026-02-18|VJ932|A820|HAN-NRT|00:55,2026-02-18,VJ932,A820,A321,HAN-NRT,,00:55,,00:55,,00:49,00:50,00:55,,,EARLY,ONTIME,ONTIME,,,,,,,,,,HAN,,NRT,International,VJ,,
2026-02-18|VJ982|A667|HAN-PUS|01:00,2026-02-18,VJ982,A667,A321,HAN-PUS,,01:00,,01:00,,00:54,00:55,00:57,,,EARLY,ONTIME,ONTIME,,,,,,,,,,HAN,,PUS,International,VJ,,
2026-02-18|VJ920|A536|HAN-NGO|01:35,2026-02-18,VJ920,A536,A321,HAN-NGO,,01:35,,01:35,,01:17,01:18,01:19,,,EARLY,ONTIME,ONTIME,,,,,,,,,,HAN,,NGO,International,VJ,,
2026-02-18|VJ938|A538|HAN-KIX|01:40,2026-02-18,VJ938,A538,A321,HAN-KIX,,01:40,,01:40,,01:33,01:35,01:36,,,EARLY,ONTIME,ONTIME,,,,,,,,,,HAN,,KIX,International,VJ,,
2026-02-18|VJ960|A553|HAN-ICN|01:45,2026-02-18,VJ960,A553,A321,HAN-ICN,,01:45,,01:45,,01:33,01:34,01:35,,,EARLY,ONTIME,ONTIME,,,,,,,,,,HAN,,ICN,International,VJ,,
2026-02-18|VJ179|A683|HAN-SGN|05:00,2026-02-18,VJ179,A683,A321,HAN-SGN,,05:00,,05:00,,04:54,04:55,05:00,,,EARLY,ONTIME,ONTIME,,,,,,,,,,HAN,,SGN,Domestic,VJ,,
2026-02-18|VJ185|A689|HAN-SGN|05:10,2026-02-18,VJ185,A689,A320,HAN-SGN,,05:10,,05:10,,05:04,05:05,05:14,,,EARLY,ONTIME,ONTIME,,,,,,,,,,HAN,,SGN,Domestic,VJ,,
2026-02-18|VJ1123|A655|HAN-SGN|05:20,2026-02-18,VJ1123,A655,A320,HAN-SGN,,05:20,,05:20,,05:14,05:15,05:23,,,EARLY,ONTIME,ONTIME,,,,,,,,,,HAN,,SGN,Domestic,VJ,,
2026-02-18|VJ509|A554|HAN-DAD|05:25,2026-02-18,VJ509,A554,A321,HAN-DAD,,05:25,,05:25,,05:19,05:20,05:30,,,EARLY,ONTIME,ONTIME,,,,,,,,,,HAN,,DAD,Domestic,VJ,,
2026-02-18|VJ7713/VJ461|A669|PKX-HAN-VCA|05:30,2026-02-18,VJ7713/VJ461,A669,A320,PKX-HAN-VCA,04:10,05:30,04:10,05:30,04:45,05:21,05:22,05:24,01:20,00:37,EARLY,ONTIME,ONTIME,DELAY,,,,,,,,,HAN,PKX,VCA,Domestic,VJ,,
2026-02-18|VJ491|A677|HAN-BMV|05:55,2026-02-18,VJ491,A677,A321,HAN-BMV,,05:55,,05:55,,05:49,05:50,06:00,,,EARLY,ONTIME,ONTIME,,,,,,,,,,HAN,,BMV,Domestic,VJ,,
2026-02-18|VJ443|A551|HAN-PQC|06:00,2026-02-18,VJ443,A551,A321,HAN-PQC,,06:00,,06:00,,06:04,06:05,06:10,,,DELAY,ONTIME,ONTIME,,,41,00:05,,,,,,HAN,,PQC,Domestic,VJ,,
2026-02-18|VJ421|A636|HAN-PXU|06:05,2026-02-18,VJ421,A636,A321,HAN-PXU,,06:05,,06:05,,05:58,06:00,06:04,,,EARLY,ONTIME,ONTIME,,,,,,,,,,HAN,,PXU,Domestic,VJ,,
2026-02-18|VJ181|A649|HAN-SGN|06:40,2026-02-18,VJ181,A649,A321,HAN-SGN,,06:40,,06:40,,06:34,06:35,06:50,,,EARLY,ONTIME,ONTIME,,,,,,,,,,HAN,,SGN,Domestic,VJ,,
2026-02-18|VJ105|652G|HAN-VCS|06:45,2026-02-18,VJ105,652G,C909,HAN-VCS,,06:45,,06:45,,06:36,06:38,06:42,,,EARLY,ONTIME,ONTIME,,,,,,,,,,HAN,,VCS,Domestic,VJ,,
2026-02-18|VJ972/VJ167|A814|DEL-HAN-SGN|06:50,2026-02-18,VJ972/VJ167,A814,A330,DEL-HAN-SGN,05:35,06:50,05:35,06:50,05:50,06:59,07:00,07:04,01:15,01:10,DELAY,ONTIME,ONTIME,ONTIME,,15A,00:10,,,,,OFFLOAD 10 PAX AND 7 PCS BAGS,HAN,DEL,SGN,Domestic,VJ,,
2026-02-18|VJ7420|A575|HAN-TPE|07:00,2026-02-18,VJ7420,A575,A321,HAN-TPE,,07:00,,07:00,,07:09,07:10,07:20,,,DELAY,ONTIME,DELAY,,,87,00:10,,,,,STUCK AT IMMI,HAN,,TPE,International,VJ,,
2026-02-18|VJ905|A548|HAN-KUL|07:10,2026-02-18,VJ905,A548,A321,HAN-KUL,,07:10,,07:10,,07:14,07:15,07:18,,,DELAY,ONTIME,ONTIME,,,15A,00:05,,,,,OFFLOAD 2 PAX AND 2 PCS BAGS,HAN,,KUL,International,VJ,,
2026-02-18|VJ7239/VJ431|A699|PVG-HAN-UIH|07:10,2026-02-18,VJ7239/VJ431,A699,A320,PVG-HAN-UIH,05:15,07:10,05:15,07:10,04:50,07:02,07:03,07:12,01:55,02:13,EARLY,ONTIME,ONTIME,ONTIME,,,,,,,,,HAN,PVG,UIH,Domestic,VJ,,
2026-02-18|VJ956|A658|HAN-PUS|07:30,2026-02-18,VJ956,A658,A320,HAN-PUS,,07:30,,07:30,,07:34,07:35,07:39,,,DELAY,ONTIME,ONTIME,,,87,00:05,,,,,STUCK AT IMMI,HAN,,PUS,International,VJ,,
2026-02-18|VJ940|A674|HAN-TPE|07:35,2026-02-18,VJ940,A674,A321,HAN-TPE,,07:35,,07:35,,07:44,07:45,07:50,,,DELAY,ONTIME,ONTIME,,,87,00:10,,,,,STUCK AT IMMI,HAN,,TPE,International,VJ,,
2026-02-18|VJ502/VJ771|A535|DAD-HAN-CXR|07:35,2026-02-18,VJ502/VJ771,A535,A321,DAD-HAN-CXR,07:05,07:35,07:05,07:35,07:04,07:54,07:55,08:05,00:30,00:51,DELAY,DELAY,DELAY,ONTIME,,41,00:20,,,,,TECHNICAL CHECK,HAN,DAD,CXR,Domestic,VJ,,
2026-02-18|VJ7307/VJ1507|A697|TFU-HAN-DAD|08:00,2026-02-18,VJ7307/VJ1507,A697,A321,TFU-HAN-DAD,02:15,08:00,02:15,08:00,02:10,08:09,08:10,08:15,05:45,06:00,DELAY,ONTIME,ONTIME,ONTIME,,89,00:10,,,,,VIP FLIGHT,HAN,TFU,DAD,Domestic,VJ,,
2026-02-18|VJ107|656E|HAN-VCS|08:15,2026-02-18,VJ107,656E,C909,HAN-VCS,,08:15,,08:15,,08:12,08:13,08:15,,,EARLY,ONTIME,ONTIME,,,,,,,,,,HAN,,VCS,Domestic,VJ,,
2026-02-18|VJ930|A525|HAN-KIX|08:20,2026-02-18,VJ930,A525,A321,HAN-KIX,,08:20,,08:20,,08:39,08:40,08:55,,,DELAY,DELAY,DELAY,,,99,00:20,,,,,CAPT DO TECHLOG,HAN,,KIX,International,VJ,,
2026-02-18|VJ124/VJ125|A816|SGN-HAN-SGN|08:40,2026-02-18,VJ124/VJ125,A816,A330,SGN-HAN-SGN,07:50,08:40,07:50,08:40,07:55,08:30,08:40,08:43,00:50,00:45,ONTIME,ONTIME,ONTIME,ONTIME,,,,,,,,,HAN,SGN,SGN,Domestic,VJ,,
2026-02-18|VJ120/VJ121|A811|SGN-HAN-SGN|08:40,2026-02-18,VJ120/VJ121,A811,A330,SGN-HAN-SGN,07:40,08:40,07:40,08:40,08:00,08:36,08:37,08:40,01:00,00:37,EARLY,ONTIME,ONTIME,DELAY,,,,,,,,,HAN,SGN,SGN,Domestic,VJ,,
2026-02-18|VJ524/VJ929|A656|DAD-HAN-CGK|08:40,2026-02-18,VJ524/VJ929,A656,A320,DAD-HAN-CGK,07:40,08:40,07:40,08:40,07:20,08:36,08:37,08:40,01:00,01:17,EARLY,ONTIME,ONTIME,ONTIME,,,,,,,,,HAN,DAD,CGK,International,VJ,,
2026-02-18|VJ176/VJ527|A675|SGN-HAN-DAD|09:30,2026-02-18,VJ176/VJ527,A675,A320,SGN-HAN-DAD,09:00,09:30,09:00,09:30,09:10,09:38,09:40,09:44,00:30,00:30,DELAY,ONTIME,ONTIME,ONTIME,,93,00:05,66,00:05,,,LATE ARR/CHANGE CREW 510 OB 0915,HAN,SGN,DAD,Domestic,VJ,,
2026-02-18|VJ1926/VJ915|A539|AMD-HAN-SIN|09:35,2026-02-18,VJ1926/VJ915,A539,A321,AMD-HAN-SIN,06:20,09:35,06:20,09:35,05:30,09:33,09:35,09:36,03:15,04:05,ONTIME,ONTIME,ONTIME,ONTIME,,,,,,,,,HAN,AMD,SIN,International,VJ,,
2026-02-18|VJ122/VJ934|A646|SGN-HAN-NRT|09:40,2026-02-18,VJ122/VJ934,A646,A321,SGN-HAN-NRT,08:40,09:40,08:40,09:40,08:28,09:37,09:38,09:40,01:00,01:10,EARLY,ONTIME,ONTIME,ONTIME,,,,,,,,,HAN,SGN,NRT,International,VJ,,
2026-02-18|VJ7527/VJ997|A516|CAN-HAN-DPS|10:00,2026-02-18,VJ7527/VJ997,A516,A321,CAN-HAN-DPS,04:35,10:00,04:35,10:00,04:25,09:54,09:55,10:02,05:25,05:30,EARLY,ONTIME,ONTIME,ONTIME,,,,,,,,,HAN,CAN,DPS,International,VJ,,
2026-02-18|VJ148/VJ149|-NVG|SGN-HAN-SGN|10:05,2026-02-18,VJ148/VJ149,-NVG,A320,SGN-HAN-SGN,09:30,10:05,09:30,10:05,09:35,10:03,10:05,10:10,00:35,00:30,ONTIME,ONTIME,ONTIME,ONTIME,,,,,,,,,HAN,SGN,SGN,Domestic,VJ,,
2026-02-18|VJ422/VJ567|A636|PXU-HAN-HUI|10:10,2026-02-18,VJ422/VJ567,A636,A321,PXU-HAN-HUI,09:40,10:10,09:40,10:10,09:40,10:09,10:10,10:18,00:30,00:30,ONTIME,ONTIME,ONTIME,ONTIME,,,,,,,,,HAN,PXU,HUI,Domestic,VJ,,
2026-02-18|VJ492/VJ507|A677|BMV-HAN-DAD|10:30,2026-02-18,VJ492/VJ507,A677,A321,BMV-HAN-DAD,10:00,10:30,10:00,10:30,10:10,10:39,10:40,10:43,00:30,00:30,DELAY,ONTIME,ONTIME,ONTIME,,93,00:10,,,,,,HAN,BMV,DAD,Domestic,VJ,,
2026-02-18|VJ1122/VJ463|A642|SGN-HAN-VCA|10:30,2026-02-18,VJ1122/VJ463,A642,A321,SGN-HAN-VCA,10:10,10:30,10:10,11:05,10:45,11:14,11:15,11:18,00:55,00:30,DELAY,ONTIME,DELAY,DELAY,,93,00:10,,,,,,HAN,SGN,VCA,Domestic,VJ,,
2026-02-18|VJ510/VJ775|A554|DAD-HAN-CXR|10:40,2026-02-18,VJ510/VJ775,A554,A321,DAD-HAN-CXR,08:35,10:40,08:35,10:40,08:35,10:39,10:40,10:48,02:05,02:05,ONTIME,ONTIME,ONTIME,ONTIME,,,,,,,,,HAN,DAD,CXR,Domestic,VJ,,
2026-02-18|VJ176/VJ403|A675|SGN-HAN-DLI|11:00,2026-02-18,VJ176/VJ403,A675,A320,SGN-HAN-DLI,09:00,11:00,09:00,11:00,09:00,10:59,11:00,11:10,02:00,02:00,ONTIME,ONTIME,ONTIME,ONTIME,,,,,,,,,HAN,SGN,DLI,Domestic,VJ,,
2026-02-18|VJ963/VJ135|A543|ICN-HAN-SGN|11:10,2026-02-18,VJ963/VJ135,A543,A321,ICN-HAN-SGN,09:30,11:10,09:30,11:10,09:30,11:04,11:05,11:07,01:40,01:35,EARLY,ONTIME,ONTIME,ONTIME,,,,,,,,,HAN,ICN,SGN,Domestic,VJ,,
2026-02-18|VJ430/VJ407|A699|UIH-HAN-DLI|11:25,2026-02-18,VJ430/VJ407,A699,A320,UIH-HAN-DLI,10:55,11:25,10:55,11:25,10:45,11:19,11:20,11:30,00:30,00:35,EARLY,ONTIME,ONTIME,ONTIME,,,,,,,,,HAN,UIH,DLI,Domestic,VJ,,
2026-02-18|VJ132/VJ137|A635|SGN-HAN-SGN|11:40,2026-02-18,VJ132/VJ137,A635,A321,SGN-HAN-SGN,11:10,11:40,11:10,12:35,11:50,12:21,12:23,12:35,01:25,00:33,EARLY,ONTIME,DELAY,DELAY,,,,,,,,,HAN,SGN,SGN,Domestic,VJ,,
2026-02-18|VJ772/VJ133|A817|CXR-HAN-SGN|11:40,2026-02-18,VJ772/VJ133,A817,A330,CXR-HAN-SGN,10:40,11:40,10:40,11:40,10:34,11:34,11:35,11:38,01:00,01:01,EARLY,ONTIME,ONTIME,ONTIME,,,,,,,,,HAN,CXR,SGN,Domestic,VJ,,
2026-02-18|VJ1508/VJ1509|A697|DAD-HAN-DAD|11:40,2026-02-18,VJ1508/VJ1509,A697,A321,DAD-HAN-DAD,11:10,11:40,11:10,11:40,10:55,11:39,11:40,11:47,00:30,00:45,ONTIME,ONTIME,ONTIME,ONTIME,,,,,,,,,HAN,DAD,DAD,Domestic,VJ,,
2026-02-18|VJ981/VJ946|A667|PUS-HAN-KHH|11:45,2026-02-18,VJ981/VJ946,A667,A321,PUS-HAN-KHH,11:00,11:45,11:00,12:40,11:45,12:34,12:35,12:54,01:40,00:50,EARLY,ONTIME,DELAY,DELAY,,,,,,,,,HAN,PUS,KHH,International,VJ,,
2026-02-18|VJ442/VJ901|A551|PQC-HAN-BKK|12:15,2026-02-18,VJ442/VJ901,A551,A321,PQC-HAN-BKK,10:45,12:15,10:45,12:15,10:52,12:14,12:15,12:19,01:30,01:23,ONTIME,ONTIME,ONTIME,ONTIME,,,,,,,,,HAN,PQC,BKK,International,VJ,,
2026-02-18|VJ440/VJ441|A671|PQC-HAN-PQC|12:25,2026-02-18,VJ440/VJ441,A671,A320,PQC-HAN-PQC,11:55,12:25,11:55,12:25,12:05,12:39,12:40,13:10,00:30,00:35,DELAY,ONTIME,DELAY,ONTIME,,93,00:05,66,00:10,,,CHANGE CREW HN OB 1215,HAN,PQC,PQC,Domestic,VJ,,
2026-02-18|VJ770/VJ948|A535|CXR-HAN-RMQ|13:30,2026-02-18,VJ770/VJ948,A535,A321,CXR-HAN-RMQ,11:45,13:30,11:45,13:30,12:40,13:29,13:30,13:38,01:45,00:50,ONTIME,ONTIME,ONTIME,DELAY,,,,,,,,,HAN,CXR,RMQ,International,VJ,,
2026-02-18|VJ528/VJ513|A675|DAD-HAN-DAD|13:35,2026-02-18,VJ528/VJ513,A675,A320,DAD-HAN-DAD,12:40,13:35,12:40,13:35,13:00,13:34,13:35,13:45,00:55,00:35,ONTIME,ONTIME,ONTIME,DELAY,,,,,,,,,HAN,DAD,DAD,Domestic,VJ,,
2026-02-18|VJ128/VJ143|A812|SGN-HAN-SGN|13:40,2026-02-18,VJ128/VJ143,A812,A330,SGN-HAN-SGN,12:10,13:40,12:10,14:00,13:20,14:04,14:05,14:08,01:50,00:45,DELAY,ONTIME,DELAY,DELAY,,93,00:05,,,,,,HAN,SGN,SGN,Domestic,VJ,,
2026-02-18|VJ3524/VJ3524|A550|KHV-HAN-PQC|14:15,2026-02-18,VJ3524/VJ3524,A550,A321,KHV-HAN-PQC,13:45,14:15,13:45,14:15,13:35,14:01,14:03,14:15,00:30,00:28,EARLY,ONTIME,ONTIME,ONTIME,,,,,,,,,HAN,KHV,PQC,Domestic,VJ,,
2026-02-18|VJ939/VJ511|A538|KIX-HAN-DAD|14:20,2026-02-18,VJ939/VJ511,A538,A321,KIX-HAN-DAD,13:05,14:20,13:05,14:20,13:05,14:44,14:45,14:48,01:15,01:40,DELAY,DELAY,DELAY,ONTIME,,95,00:25,,,,,CHANGE CREW VJ508 OB 1423,HAN,KIX,DAD,Domestic,VJ,,
2026-02-18|VJ508/VJ942|A677|DAD-HAN-TPE|14:25,2026-02-18,VJ508/VJ942,A677,A321,DAD-HAN-TPE,13:35,14:25,13:35,14:25,14:10,14:54,14:55,15:02,00:50,00:45,DELAY,DELAY,DELAY,DELAY,,93,00:15,66,00:15,,,LATE ARR/CHANGE CREW HN OB 1430,HAN,DAD,TPE,International,VJ,,
2026-02-18|VJ566/VJ1491|A636|HUI-HAN-BMV|14:35,2026-02-18,VJ566/VJ1491,A636,A321,HUI-HAN-BMV,13:05,14:35,13:05,14:35,13:25,14:25,14:27,14:34,01:30,01:02,EARLY,ONTIME,ONTIME,DELAY,,,,,,,,,HAN,HUI,BMV,Domestic,VJ,,
2026-02-18|VJ188/VJ151|-NVE|SGN-HAN-SGN|15:00,2026-02-18,VJ188/VJ151,-NVE,A320,SGN-HAN-SGN,14:25,15:00,14:25,16:30,16:15,16:39,16:40,16:44,02:05,00:25,DELAY,ONTIME,DELAY,DELAY,,93,00:10,,,,,,HAN,SGN,SGN,Domestic,VJ,,
2026-02-18|VJ921/VJ7386|A536|NGO-HAN-TPE|15:00,2026-02-18,VJ921/VJ7386,A536,A321,NGO-HAN-TPE,13:40,15:00,13:40,15:00,12:40,14:52,14:53,14:55,01:20,02:13,EARLY,ONTIME,ONTIME,ONTIME,,,,,,,,,HAN,NGO,TPE,International,VJ,,
2026-02-18|VJ138/VJ153|A637|SGN-HAN-SGN|15:10,2026-02-18,VJ138/VJ153,A637,A321,SGN-HAN-SGN,14:40,15:10,14:40,15:50,15:25,15:49,15:50,15:57,01:10,00:25,ONTIME,ONTIME,DELAY,DELAY,,,,,,,,,HAN,SGN,SGN,Domestic,VJ,,
2026-02-18|VJ774/VJ175|A655|CXR-HAN-SGN|15:20,2026-02-18,VJ774/VJ175,A655,A320,CXR-HAN-SGN,14:50,15:20,14:50,15:20,15:05,15:29,15:30,15:33,00:30,00:25,DELAY,ONTIME,ONTIME,ONTIME,,93,00:10,,,,,,HAN,CXR,SGN,Domestic,VJ,,
2026-02-18|VJ1510/VJ1441|A697|DAD-HAN-PQC|15:30,2026-02-18,VJ1510/VJ1441,A697,A321,DAD-HAN-PQC,14:50,15:30,14:50,15:30,15:15,15:43,15:45,15:46,00:40,00:30,DELAY,ONTIME,DELAY,DELAY,,93,00:15,,,,,,HAN,DAD,PQC,Domestic,VJ,,
2026-02-18|VJ144/VJ145|A816|SGN-HAN-SGN|15:35,2026-02-18,VJ144/VJ145,A816,A330,SGN-HAN-SGN,14:10,15:35,14:10,15:35,14:50,15:34,15:35,15:45,01:25,00:45,ONTIME,ONTIME,ONTIME,DELAY,,,,,,,,,HAN,SGN,SGN,Domestic,VJ,,
2026-02-18|VJ7421/VJ903|A575|TPE-HAN-BKK|15:50,2026-02-18,VJ7421/VJ903,A575,A321,TPE-HAN-BKK,13:50,15:50,13:50,15:50,14:00,15:48,15:50,15:55,02:00,01:50,ONTIME,ONTIME,ONTIME,ONTIME,,,,,,,,,HAN,TPE,BKK,International,VJ,,
2026-02-18|VJ941/VJ423|A674|TPE-HAN-PXU|15:55,2026-02-18,VJ941/VJ423,A674,A321,TPE-HAN-PXU,14:10,15:55,14:10,15:55,14:45,15:53,15:55,16:02,01:45,01:10,ONTIME,ONTIME,ONTIME,DELAY,,,,,,,,,HAN,TPE,PXU,Domestic,VJ,,
2026-02-18|VJ906/VJ191|A548|KUL-HAN-SGN|15:55,2026-02-18,VJ906/VJ191,A548,A321,KUL-HAN-SGN,14:55,15:55,14:55,15:55,14:25,15:52,15:54,16:00,01:00,01:29,EARLY,ONTIME,ONTIME,ONTIME,,,,,,,,,HAN,KUL,SGN,Domestic,VJ,,
2026-02-18|VJ933/VJ195|A820|NRT-HAN-SGN|16:00,2026-02-18,VJ933/VJ195,A820,A321,NRT-HAN-SGN,14:00,16:00,14:00,16:00,14:05,15:59,16:00,16:00,02:00,01:55,ONTIME,ONTIME,ONTIME,ONTIME,,,,,,,,,HAN,NRT,SGN,Domestic,VJ,,
2026-02-18|VJ404/VJ409|A662|DLI-HAN-DLI|16:05,2026-02-18,VJ404/VJ409,A662,A320,DLI-HAN-DLI,15:10,16:05,15:10,16:05,15:30,16:04,16:05,16:30,00:55,00:35,ONTIME,ONTIME,DELAY,DELAY,,,,,,,,,HAN,DLI,DLI,Domestic,VJ,,
2026-02-18|VJ961/VJ913|A553|ICN-HAN-SAI|16:20,2026-02-18,VJ961/VJ913,A553,A321,ICN-HAN-SAI,14:10,16:20,14:10,16:20,14:10,16:12,16:15,16:15,02:10,02:05,EARLY,ONTIME,ONTIME,ONTIME,,,,,,,,,HAN,ICN,SAI,International,VJ,,
2026-02-18|VJ462/VJ515|A669|VCA-HAN-DAD|16:25,2026-02-18,VJ462/VJ515,A669,A320,VCA-HAN-DAD,15:40,16:25,15:40,16:25,15:45,16:29,16:30,16:35,00:45,00:45,DELAY,ONTIME,ONTIME,ONTIME,,93,00:05,,,,,,HAN,VCA,DAD,Domestic,VJ,,
2026-02-18|VJ460/VJ147|A554|VCA-HAN-SGN|17:10,2026-02-18,VJ460/VJ147,A554,A321,VCA-HAN-SGN,15:25,17:10,15:25,17:10,16:35,17:09,17:10,17:18,01:45,00:35,ONTIME,ONTIME,ONTIME,DELAY,,,,,,,,,HAN,VCA,SGN,Domestic,VJ,,
2026-02-18|VJ514/VJ465|A675|DAD-HAN-VCA|17:25,2026-02-18,VJ514/VJ465,A675,A320,DAD-HAN-VCA,16:45,17:25,16:45,17:25,17:15,17:39,17:40,17:48,00:40,00:25,DELAY,ONTIME,DELAY,DELAY,,93,00:15,,,,,,HAN,DAD,VCA,Domestic,VJ,,
2026-02-18|VJ134/VJ163|-MLI|SGN-HAN-SGN|17:30,2026-02-18,VJ134/VJ163,-MLI,A320,SGN-HAN-SGN,17:00,17:30,18:00,18:30,18:28,18:48,18:50,19:00,00:30,00:22,DELAY,DELAY,DELAY,DELAY,,93,00:20,,,,,,HAN,SGN,SGN,Domestic,VJ,,
2026-02-18|VJ408/VJ445|A699|DLI-HAN-PQC|17:40,2026-02-18,VJ408/VJ445,A699,A320,DLI-HAN-PQC,15:35,17:40,15:35,17:40,15:50,17:39,17:40,17:48,02:05,01:50,ONTIME,ONTIME,ONTIME,ONTIME,,,,,,,,,HAN,DLI,PQC,Domestic,VJ,,
2026-02-18|VJ512/VJ779|A538|DAD-HAN-CXR|18:00,2026-02-18,VJ512/VJ779,A538,A321,DAD-HAN-CXR,17:30,18:00,18:00,18:40,18:20,18:48,18:50,18:54,00:40,00:30,DELAY,ONTIME,DELAY,DELAY,,93,00:10,,,,,,HAN,DAD,CXR,Domestic,VJ,,
2026-02-18|VJ146/VJ169|A817|SGN-HAN-SGN|18:00,2026-02-18,VJ146/VJ169,A817,A330,SGN-HAN-SGN,17:00,18:00,17:00,18:00,17:34,18:17,18:18,18:21,01:00,00:44,DELAY,DELAY,DELAY,DELAY,,93,00:18,,,,,,HAN,SGN,SGN,Domestic,VJ,,
2026-02-18|VJ194/VJ193|A580|SGN-HAN-SGN|18:10,2026-02-18,VJ194/VJ193,A580,A321,SGN-HAN-SGN,17:30,18:10,17:30,18:10,18:30,18:59,19:00,19:10,00:40,00:30,DELAY,DELAY,DELAY,DELAY,,93,00:50,,,,,,HAN,SGN,SGN,Domestic,VJ,,
2026-02-18|VJ902/VJ1445|A551|BKK-HAN-PQC|18:20,2026-02-18,VJ902/VJ1445,A551,A321,BKK-HAN-PQC,17:00,18:20,17:00,18:20,17:40,18:19,18:20,18:27,01:20,00:40,ONTIME,ONTIME,ONTIME,DELAY,,,,,,,,,HAN,BKK,PQC,Domestic,VJ,,
2026-02-18|VJ957/VJ1925|A658|PUS-HAN-AMD|19:00,2026-02-18,VJ957/VJ1925,A658,A320,PUS-HAN-AMD,17:20,19:00,17:20,19:00,16:50,18:54,18:55,19:04,01:40,02:05,EARLY,ONTIME,ONTIME,ONTIME,,,,,,,,,HAN,PUS,AMD,International,VJ,,
2026-02-18|VJ916/VJ907|A539|SIN-HAN-BOM|19:15,2026-02-18,VJ916/VJ907,A539,A321,SIN-HAN-BOM,17:25,19:15,17:25,19:15,17:05,19:04,19:05,19:30,01:50,02:00,EARLY,ONTIME,ONTIME,ONTIME,,,,,,,,,HAN,SIN,BOM,International,VJ,,
2026-02-18|VJ928/VJ569|A656|CGK-HAN-HUI|19:15,2026-02-18,VJ928/VJ569,A656,A320,CGK-HAN-HUI,18:15,19:15,18:15,19:15,18:10,19:04,19:05,19:25,01:00,00:55,EARLY,ONTIME,ONTIME,ONTIME,,,,,,,,,HAN,CGK,HUI,Domestic,VJ,,
2026-02-18|VJ947/VJ519|A667|KHH-HAN-DAD|19:45,2026-02-18,VJ947/VJ519,A667,A321,KHH-HAN-DAD,18:05,19:45,18:05,19:45,18:50,19:28,19:30,19:42,01:40,00:40,EARLY,ONTIME,ONTIME,DELAY,,,,,,,,,HAN,KHH,DAD,Domestic,VJ,,
2026-02-18|VJ931/VJ7712|A525|KIX-HAN-PKX|20:05,2026-02-18,VJ931/VJ7712,A525,A321,KIX-HAN-PKX,19:15,20:05,19:15,21:10,19:47,20:53,20:55,21:04,01:55,01:08,EARLY,ONTIME,DELAY,DELAY,,,,,,,,,HAN,KIX,PKX,International,VJ,,
2026-02-18|VJ152/VJ7342|A645|SGN-HAN-XIY|20:15,2026-02-18,VJ152/VJ7342,A645,A321,SGN-HAN-XIY,19:15,20:15,19:15,20:45,20:17,20:52,20:54,20:55,01:30,00:37,DELAY,ONTIME,DELAY,DELAY,,66,00:09,,,,,CHANGE CREW HN OB 2035,HAN,SGN,XIY,International,VJ,,
2026-02-18|VJ446/VJ165|A671|PQC-HAN-SGN|20:45,2026-02-18,VJ446/VJ165,A671,A320,PQC-HAN-SGN,17:10,20:45,17:10,20:45,19:35,20:29,20:30,20:40,03:35,00:55,EARLY,ONTIME,ONTIME,DELAY,,,,,,,,,HAN,PQC,SGN,Domestic,VJ,,
2026-02-18|VJ1440/VJ521|A697|PQC-HAN-DAD|20:50,2026-02-18,VJ1440/VJ521,A697,A321,PQC-HAN-DAD,20:10,20:50,20:10,20:50,20:45,21:24,21:25,21:34,00:40,00:40,DELAY,DELAY,DELAY,DELAY,,93,00:25,66,00:10,,,LATE ARR/CHANGE CREW HN OB 2055,HAN,PQC,DAD,Domestic,VJ,,
2026-02-18|VJ154/VJ7238|A655|SGN-HAN-PVG|21:30,2026-02-18,VJ154/VJ7238,A655,A320,SGN-HAN-PVG,20:10,21:30,20:10,21:30,20:45,21:23,21:25,21:30,01:20,00:40,EARLY,ONTIME,ONTIME,DELAY,,,,,,,,,HAN,SGN,PVG,International,VJ,,
2026-02-18|VJ904/VJ123|A575|BKK-HAN-SGN|22:10,2026-02-18,VJ904/VJ123,A575,A321,BKK-HAN-SGN,20:25,22:10,20:25,22:10,20:35,22:09,22:10,22:20,01:45,01:35,ONTIME,ONTIME,ONTIME,ONTIME,,,,,,,,,HAN,BKK,SGN,Domestic,VJ,,
2026-02-18|VJ568/VJ523|A656|HUI-HAN-DAD|22:45,2026-02-18,VJ568/VJ523,A656,A320,HUI-HAN-DAD,22:15,22:45,22:15,00:05,20:05,00:14,00:15,00:24,01:50,04:10,DELAY,ONTIME,DELAY,ONTIME,,95,00:10,,,,,CREW FROM VJ778 OB 2400,HAN,HUI,DAD,Domestic,VJ,,
2026-02-18|VJ949/VJ962|A535|RMQ-HAN-ICN|22:50,2026-02-18,VJ949/VJ962,A535,A321,RMQ-HAN-ICN,19:50,22:50,19:50,22:50,21:25,22:49,22:50,22:59,03:00,01:25,ONTIME,ONTIME,ONTIME,DELAY,,,,,,,,,HAN,RMQ,ICN,International,VJ,,
2026-02-18|VJ160/VJ161|A643|SGN-HAN-SGN|23:20,2026-02-18,VJ160/VJ161,A643,A321,SGN-HAN-SGN,22:45,23:20,22:45,23:20,23:20,23:43,23:45,23:46,00:35,00:25,DELAY,DELAY,DELAY,DELAY,,93,00:25,,,,,CHANGE CREW VJ778 OB 24:00,HAN,SGN,SGN,Domestic,VJ,,
2026-02-18|VJ180/VJ171|A816|SGN-HAN-SGN|23:25,2026-02-18,VJ180/VJ171,A816,A330,SGN-HAN-SGN,22:25,23:25,22:25,23:25,22:55,23:30,23:32,23:45,01:00,00:37,DELAY,ONTIME,DELAY,DELAY,,93,00:07,,,,,,HAN,SGN,SGN,Domestic,VJ,,
2026-02-18|VJ1492/VJ7526|A636|BMV-HAN-CAN|23:40,2026-02-18,VJ1492/VJ7526,A636,A321,BMV-HAN-CAN,22:40,23:40,22:40,23:40,22:40,23:39,23:40,23:44,01:00,01:00,ONTIME,ONTIME,ONTIME,ONTIME,,,,,,,,,HAN,BMV,CAN,International,VJ,,
2026-02-19|VJ932|A820|HAN-NRT|00:55,2026-02-19,VJ932,A820,A321,HAN-NRT,,00:55,,00:55,,00:54,00:55,01:05,,,ONTIME,ONTIME,ONTIME,,,,,,,,,,HAN,,NRT,International,VJ,,
2026-02-19|VJ982|A684|HAN-PUS|01:00,2026-02-19,VJ982,A684,A321,HAN-PUS,,01:00,,01:00,,00:48,00:49,00:51,,,EARLY,ONTIME,ONTIME,,,,,,,,,,HAN,,PUS,International,VJ,,
2026-02-19|VJ920|A553|HAN-NGO|01:35,2026-02-19,VJ920,A553,A321,HAN-NGO,,01:35,,01:35,,01:29,01:30,01:35,,,EARLY,ONTIME,ONTIME,,,,,,,,,,HAN,,NGO,International,VJ,,
2026-02-19|VJ938|A516|HAN-KIX|01:40,2026-02-19,VJ938,A516,A321,HAN-KIX,,01:40,,01:40,,01:34,01:35,01:37,,,EARLY,ONTIME,ONTIME,,,,,,,,,,HAN,,KIX,International,VJ,,
2026-02-19|VJ960|A538|HAN-ICN|01:45,2026-02-19,VJ960,A538,A321,HAN-ICN,,01:45,,01:45,,01:34,01:35,01:38,,,EARLY,ONTIME,ONTIME,,,,,,,,,,HAN,,ICN,International,VJ,,
2026-02-19|VJ958|A677|HAN-FUK|02:05,2026-02-19,VJ958,A677,A321,HAN-FUK,,02:05,,02:05,,01:50,01:52,01:52,,,EARLY,ONTIME,ONTIME,,,,,,,,,,HAN,,FUK,International,VJ,,
2026-02-19|VJ7704/VJ7704|A550|CXR-HAN-VVO|02:15,2026-02-19,VJ7704/VJ7704,A550,A321,CXR-HAN-VVO,01:25,02:15,01:25,02:15,01:25,02:05,02:06,02:15,00:50,00:41,EARLY,ONTIME,ONTIME,ONTIME,,,,,,,,,HAN,CXR,VVO,International,VJ,,
2026-02-19|VJ1123|A661|HAN-SGN|04:50,2026-02-19,VJ1123,A661,A321,HAN-SGN,,04:50,,04:50,,04:44,04:45,04:47,,,EARLY,ONTIME,ONTIME,,,,,,,,,,HAN,,SGN,Domestic,VJ,,
2026-02-19|VJ179|A554|HAN-SGN|05:00,2026-02-19,VJ179,A554,A321,HAN-SGN,,05:00,,05:00,,04:47,04:48,04:50,,,EARLY,ONTIME,ONTIME,,,,,,,,,,HAN,,SGN,Domestic,VJ,,
2026-02-19|VJ185|A671|HAN-SGN|05:10,2026-02-19,VJ185,A671,A320,HAN-SGN,,05:10,,05:10,,05:04,05:05,05:09,,,EARLY,ONTIME,ONTIME,,,,,,,,,,HAN,,SGN,Domestic,VJ,,
2026-02-19|VJ461|A662|HAN-VCA|05:30,2026-02-19,VJ461,A662,A320,HAN-VCA,,05:30,,05:30,,05:24,05:25,05:35,,,EARLY,ONTIME,ONTIME,,,,,,,,,,HAN,,VCA,Domestic,VJ,,
2026-02-19|VJ7343/VJ491|A645|XIY-HAN-BMV|05:55,2026-02-19,VJ7343/VJ491,A645,A321,XIY-HAN-BMV,03:35,05:55,03:35,05:55,03:25,05:49,05:50,05:58,02:20,02:25,EARLY,ONTIME,ONTIME,ONTIME,,,,,,,,,HAN,XIY,BMV,Domestic,VJ,,
2026-02-19|VJ443|A536|HAN-PQC|06:00,2026-02-19,VJ443,A536,A321,HAN-PQC,,06:00,,06:00,,05:54,05:55,06:04,,,EARLY,ONTIME,ONTIME,,,,,,,,,,HAN,,PQC,Domestic,VJ,,
2026-02-19|VJ7527/VJ401|A636|CAN-HAN-DLI|06:00,2026-02-19,VJ7527/VJ401,A636,A321,CAN-HAN-DLI,04:35,06:00,04:35,06:00,04:40,05:54,05:55,06:03,01:25,01:15,EARLY,ONTIME,ONTIME,ONTIME,,,,,,,,,HAN,CAN,DLI,Domestic,VJ,,
2026-02-19|VJ952|A672|HAN-HIJ|06:35,2026-02-19,VJ952,A672,A320,HAN-HIJ,,06:35,,06:35,,06:29,06:30,06:36,,,EARLY,ONTIME,ONTIME,,,,,,,,,,HAN,,HIJ,International,VJ,,
2026-02-19|VJ181|A650|HAN-SGN|06:40,2026-02-19,VJ181,A650,A320,HAN-SGN,,06:40,,06:40,,06:34,06:35,06:43,,,EARLY,ONTIME,ONTIME,,,,,,,,,,HAN,,SGN,Domestic,VJ,,
2026-02-19|VJ105|652G|HAN-VCS|06:45,2026-02-19,VJ105,652G,C909,HAN-VCS,,06:45,,06:45,,06:37,06:39,06:42,,,EARLY,ONTIME,ONTIME,,,,,,,,,,HAN,,VCS,Domestic,VJ,,
2026-02-19|VJ7239/VJ431|A675|PVG-HAN-UIH|07:10,2026-02-19,VJ7239/VJ431,A675,A320,PVG-HAN-UIH,05:15,07:10,05:15,07:10,05:00,07:04,07:05,07:13,01:55,02:05,EARLY,ONTIME,ONTIME,ONTIME,,,,,,,,,HAN,PVG,UIH,Domestic,VJ,,
2026-02-19|VJ7713/VJ905|A525|PKX-HAN-KUL|07:10,2026-02-19,VJ7713/VJ905,A525,A321,PKX-HAN-KUL,04:50,07:10,04:50,07:10,05:15,07:04,07:05,07:10,02:20,01:50,EARLY,ONTIME,ONTIME,DELAY,,,,,,,,,HAN,PKX,KUL,International,VJ,,
2026-02-19|VJ1926/VJ956|A658|AMD-HAN-PUS|07:30,2026-02-19,VJ1926/VJ956,A658,A320,AMD-HAN-PUS,06:20,07:30,06:20,07:30,05:40,07:24,07:25,07:34,01:10,01:45,EARLY,ONTIME,ONTIME,ONTIME,,,,,,,,,HAN,AMD,PUS,International,VJ,,
2026-02-19|VJ502/VJ771|A542|DAD-HAN-CXR|07:35,2026-02-19,VJ502/VJ771,A542,A321,DAD-HAN-CXR,07:05,07:35,07:05,07:35,07:05,07:34,07:35,07:36,00:30,00:30,ONTIME,ONTIME,ONTIME,ONTIME,,,,,,,,,HAN,DAD,CXR,Domestic,VJ,,
2026-02-19|VJ940|A526|HAN-TPE|07:35,2026-02-19,VJ940,A526,A321,HAN-TPE,,07:35,,07:35,,07:29,07:30,07:40,,,EARLY,ONTIME,ONTIME,,,,,,,,,,HAN,,TPE,International,VJ,,
2026-02-19|VJ1507|A635|HAN-DAD|08:00,2026-02-19,VJ1507,A635,A321,HAN-DAD,,08:00,,08:00,,07:54,07:55,08:02,,,EARLY,ONTIME,ONTIME,,,,,,,,,,HAN,,DAD,Domestic,VJ,,
2026-02-19|VJ107|656E|HAN-VCS|08:15,2026-02-19,VJ107,656E,C909,HAN-VCS,,08:15,,08:15,,08:08,08:09,08:16,,,EARLY,ONTIME,ONTIME,,,,,,,,,,HAN,,VCS,Domestic,VJ,,
2026-02-19|VJ934|A646|HAN-NRT|08:20,2026-02-19,VJ934,A646,A321,HAN-NRT,,08:20,,08:20,,08:24,08:25,08:30,,,DELAY,ONTIME,ONTIME,,,15A,00:05,,,,,CUT 01PAX& 02BAG,HAN,,NRT,International,VJ,,
2026-02-19|VJ930|A528|HAN-KIX|08:20,2026-02-19,VJ930,A528,A321,HAN-KIX,,08:20,,08:20,,08:24,08:25,08:33,,,DELAY,ONTIME,ONTIME,,,99,00:05,,,,,LATE ACCEPT 02PAX &02BAG,HAN,,KIX,International,VJ,,
2026-02-19|VJ524/VJ929|A669|DAD-HAN-CGK|08:40,2026-02-19,VJ524/VJ929,A669,A320,DAD-HAN-CGK,07:40,08:40,07:40,08:40,07:25,08:34,08:35,08:40,01:00,01:10,EARLY,ONTIME,ONTIME,ONTIME,,,,,,,,,HAN,DAD,CGK,International,VJ,,
2026-02-19|VJ126/VJ127|A649|SGN-HAN-SGN|08:55,2026-02-19,VJ126/VJ127,A649,A321,SGN-HAN-SGN,08:25,08:55,08:25,08:55,08:35,08:59,09:00,09:05,00:30,00:25,DELAY,ONTIME,ONTIME,ONTIME,,93,00:05,,,,,,HAN,SGN,SGN,Domestic,VJ,,
2026-02-19|VJ773|A817|HAN-CXR|08:55,2026-02-19,VJ773,A817,A330,HAN-CXR,,08:55,,08:55,,08:54,08:55,09:03,,,ONTIME,ONTIME,ONTIME,,,,,,,,,,HAN,,CXR,Domestic,VJ,,
2026-02-19|VJ910/VJ915|A539|BOM-HAN-SIN|09:35,2026-02-19,VJ910/VJ915,A539,A321,BOM-HAN-SIN,06:40,09:35,06:40,09:35,06:35,09:34,09:35,09:42,02:55,03:00,ONTIME,ONTIME,ONTIME,ONTIME,,,,,,,,,HAN,BOM,SIN,International,VJ,,
2026-02-19|VJ148/VJ149|-NVG|SGN-HAN-SGN|10:05,2026-02-19,VJ148/VJ149,-NVG,A320,SGN-HAN-SGN,09:30,10:05,09:30,10:05,09:40,10:04,10:05,10:15,00:35,00:25,ONTIME,ONTIME,ONTIME,ONTIME,,,,,,,,,HAN,SGN,SGN,Domestic,VJ,,
2026-02-19|VJ1122/VJ567|A661|SGN-HAN-HUI|10:10,2026-02-19,VJ1122/VJ567,A661,A321,SGN-HAN-HUI,09:40,10:10,09:40,10:10,09:50,10:16,10:17,10:31,00:30,00:27,DELAY,ONTIME,DELAY,ONTIME,,93,00:07,,,,,,HAN,SGN,HUI,Domestic,VJ,,
2026-02-19|VJ492/VJ507|A645|BMV-HAN-DAD|10:30,2026-02-19,VJ492/VJ507,A645,A321,BMV-HAN-DAD,10:00,10:30,10:00,10:30,10:10,10:44,10:45,10:52,00:30,00:35,DELAY,ONTIME,DELAY,ONTIME,,93,00:10,95,00:05,,,WAIT FOR CREW VJ524 (OB 1020),HAN,BMV,DAD,Domestic,VJ,,
2026-02-19|VJ122/VJ997|A543|SGN-HAN-DPS|10:30,2026-02-19,VJ122/VJ997,A543,A321,SGN-HAN-DPS,08:30,10:30,08:30,10:30,08:27,10:22,10:23,10:26,02:00,01:56,EARLY,ONTIME,ONTIME,ONTIME,,,,,,,,,HAN,SGN,DPS,International,VJ,,
2026-02-19|VJ963/VJ403|A535|ICN-HAN-DLI|10:45,2026-02-19,VJ963/VJ403,A535,A321,ICN-HAN-DLI,09:30,10:45,09:30,10:45,09:15,10:44,10:45,10:55,01:15,01:30,ONTIME,ONTIME,ONTIME,ONTIME,,,,,,,,,HAN,ICN,DLI,Domestic,VJ,,
2026-02-19|VJ402/VJ463|A636|DLI-HAN-VCA|10:50,2026-02-19,VJ402/VJ463,A636,A321,DLI-HAN-VCA,10:10,10:50,10:10,10:50,10:15,10:54,10:55,11:04,00:40,00:40,DELAY,ONTIME,ONTIME,ONTIME,,66,00:05,,,,,CREW OB 1050,HAN,DLI,VCA,Domestic,VJ,,
2026-02-19|VJ124/VJ125|A816|SGN-HAN-SGN|11:05,2026-02-19,VJ124/VJ125,A816,A330,SGN-HAN-SGN,10:05,11:05,10:05,11:05,10:30,11:00,11:01,11:08,01:00,00:31,EARLY,ONTIME,ONTIME,DELAY,,,,,,,,,HAN,SGN,SGN,Domestic,VJ,,
2026-02-19|VJ136/VJ135|A500|SGN-HAN-SGN|11:25,2026-02-19,VJ136/VJ135,A500,A321,SGN-HAN-SGN,10:50,11:25,10:50,11:25,10:50,11:24,11:25,11:32,00:35,00:35,ONTIME,ONTIME,ONTIME,ONTIME,,,,,,,,,HAN,SGN,SGN,Domestic,VJ,,
2026-02-19|VJ430/VJ407|A675|UIH-HAN-DLI|11:25,2026-02-19,VJ430/VJ407,A675,A320,UIH-HAN-DLI,10:55,11:25,10:55,11:25,10:48,11:24,11:25,11:28,00:30,00:37,ONTIME,ONTIME,ONTIME,ONTIME,,,,,,,,,HAN,UIH,DLI,Domestic,VJ,,
2026-02-19|VJ132/VJ137|A643|SGN-HAN-SGN|11:40,2026-02-19,VJ132/VJ137,A643,A321,SGN-HAN-SGN,11:10,11:40,11:10,11:40,11:30,11:58,11:59,12:04,00:30,00:29,DELAY,DELAY,DELAY,DELAY,,93,00:19,,,,,,HAN,SGN,SGN,Domestic,VJ,,
2026-02-19|VJ1508/VJ1509|A635|DAD-HAN-DAD|11:40,2026-02-19,VJ1508/VJ1509,A635,A321,DAD-HAN-DAD,11:10,11:40,11:10,11:40,11:30,11:54,11:55,11:55,00:30,00:25,DELAY,ONTIME,ONTIME,DELAY,,93,00:15,,,,,,HAN,DAD,DAD,Domestic,VJ,,
2026-02-19|VJ442/VJ946|A536|PQC-HAN-KHH|11:45,2026-02-19,VJ442/VJ946,A536,A321,PQC-HAN-KHH,10:45,11:45,10:45,11:45,11:05,11:44,11:45,11:51,01:00,00:40,ONTIME,ONTIME,ONTIME,DELAY,,,,,,,,,HAN,PQC,KHH,International,VJ,,
2026-02-19|VJ770/VJ901|A542|CXR-HAN-BKK|12:30,2026-02-19,VJ770/VJ901,A542,A321,CXR-HAN-BKK,11:45,12:30,11:45,12:30,12:00,12:36,12:37,12:45,00:45,00:37,DELAY,ONTIME,ONTIME,ONTIME,,66,00:07,,,,,CREW OB 1210,HAN,CXR,BKK,International,VJ,,
2026-02-19|VJ780/VJ781|A547|CXR-HAN-CXR|13:00,2026-02-19,VJ780/VJ781,A547,A321,CXR-HAN-CXR,12:30,13:00,12:30,13:00,12:25,12:58,12:59,13:04,00:30,00:34,EARLY,ONTIME,ONTIME,ONTIME,,,,,,,,,HAN,CXR,CXR,Domestic,VJ,,
2026-02-19|VJ440/VJ441|A699|PQC-HAN-PQC|13:00,2026-02-19,VJ440/VJ441,A699,A320,PQC-HAN-PQC,12:25,13:00,12:25,13:00,12:25,12:59,13:00,13:13,00:35,00:35,ONTIME,ONTIME,ONTIME,ONTIME,,,,,,,,,HAN,PQC,PQC,Domestic,VJ,,
2026-02-19|VJ981/VJ948|A684|PUS-HAN-RMQ|13:30,2026-02-19,VJ981/VJ948,A684,A321,PUS-HAN-RMQ,11:00,13:30,11:00,13:30,10:35,13:25,13:27,13:32,02:30,02:52,EARLY,ONTIME,ONTIME,ONTIME,,,,,,,,,HAN,PUS,RMQ,International,VJ,,
2026-02-19|VJ959/VJ513|A677|FUK-HAN-DAD|13:35,2026-02-19,VJ959/VJ513,A677,A321,FUK-HAN-DAD,12:25,13:35,12:25,13:35,11:45,13:29,13:30,13:39,01:10,01:45,EARLY,ONTIME,ONTIME,ONTIME,,,,,,,,,HAN,FUK,DAD,Domestic,VJ,,
2026-02-19|VJ508/VJ511|A645|DAD-HAN-DAD|14:20,2026-02-19,VJ508/VJ511,A645,A321,DAD-HAN-DAD,13:40,14:20,13:40,14:50,14:05,14:44,14:45,14:46,01:10,00:40,EARLY,ONTIME,DELAY,DELAY,,,,,,,,,HAN,DAD,DAD,Domestic,VJ,,
2026-02-19|VJ939/VJ942|A516|KIX-HAN-TPE|14:25,2026-02-19,VJ939/VJ942,A516,A321,KIX-HAN-TPE,13:05,14:25,13:05,14:25,12:50,14:19,14:20,14:23,01:20,01:30,EARLY,ONTIME,ONTIME,ONTIME,,,,,,,,,HAN,KIX,TPE,International,VJ,,
2026-02-19|VJ7705/VJ7705|A550|VVO-HAN-CXR|14:35,2026-02-19,VJ7705/VJ7705,A550,A321,VVO-HAN-CXR,14:00,14:35,14:00,14:35,14:15,14:38,14:40,14:40,00:35,00:25,DELAY,ONTIME,ONTIME,ONTIME,,93,00:05,,,,,,HAN,VVO,CXR,Domestic,VJ,,
2026-02-19|VJ921/VJ1491|A553|NGO-HAN-BMV|14:35,2026-02-19,VJ921/VJ1491,A553,A321,NGO-HAN-BMV,13:40,14:35,13:40,14:35,12:55,14:34,14:35,14:42,00:55,01:40,ONTIME,ONTIME,ONTIME,ONTIME,,,,,,,,,HAN,NGO,BMV,Domestic,VJ,,
2026-02-19|VJ566/VJ1441|A661|HUI-HAN-PQC|15:30,2026-02-19,VJ566/VJ1441,A661,A321,HUI-HAN-PQC,13:05,15:30,13:05,15:30,13:37,15:29,15:30,15:35,02:25,01:53,ONTIME,ONTIME,ONTIME,DELAY,,,,,,,,,HAN,HUI,PQC,Domestic,VJ,,
2026-02-19|VJ906/VJ903|A525|KUL-HAN-BKK|15:50,2026-02-19,VJ906/VJ903,A525,A321,KUL-HAN-BKK,14:55,15:50,14:55,15:50,14:50,15:41,15:42,15:47,00:55,00:52,EARLY,ONTIME,ONTIME,ONTIME,,,,,,,,,HAN,KUL,BKK,International,VJ,,
2026-02-19|VJ1510/VJ423|A635|DAD-HAN-PXU|15:55,2026-02-19,VJ1510/VJ423,A635,A321,DAD-HAN-PXU,14:50,15:55,14:50,15:55,15:30,15:59,16:00,16:04,01:05,00:30,DELAY,ONTIME,ONTIME,DELAY,,93,00:05,,,,,,HAN,DAD,PXU,Domestic,VJ,,
2026-02-19|VJ933/VJ195|A820|NRT-HAN-SGN|16:00,2026-02-19,VJ933/VJ195,A820,A321,NRT-HAN-SGN,14:00,16:00,14:00,16:00,13:55,15:59,16:00,16:05,02:00,02:05,ONTIME,ONTIME,ONTIME,ONTIME,,,,,,,,,HAN,NRT,SGN,Domestic,VJ,,
2026-02-19|VJ408/VJ409|A675|DLI-HAN-DLI|16:05,2026-02-19,VJ408/VJ409,A675,A320,DLI-HAN-DLI,15:35,16:05,15:35,16:05,15:35,16:04,16:05,16:07,00:30,00:30,ONTIME,ONTIME,ONTIME,ONTIME,,,,,,,,,HAN,DLI,DLI,Domestic,VJ,,
2026-02-19|VJ462/VJ191|A662|VCA-HAN-SGN|16:15,2026-02-19,VJ462/VJ191,A662,A321,VCA-HAN-SGN,15:40,16:15,15:40,16:15,15:45,16:14,16:15,16:27,00:35,00:30,ONTIME,ONTIME,ONTIME,ONTIME,,,,,,,,,HAN,VCA,SGN,Domestic,VJ,,
2026-02-19|VJ941/VJ913|A526|TPE-HAN-SAI|16:20,2026-02-19,VJ941/VJ913,A526,A321,TPE-HAN-SAI,14:10,16:20,14:10,16:20,14:30,16:07,16:08,16:17,02:10,01:38,EARLY,ONTIME,ONTIME,DELAY,,,,,,,,,HAN,TPE,SAI,International,VJ,,
2026-02-19|VJ404/VJ515|A535|DLI-HAN-DAD|16:25,2026-02-19,VJ404/VJ515,A535,A321,DLI-HAN-DAD,14:55,16:25,14:55,16:25,15:15,16:16,16:17,16:23,01:30,01:02,EARLY,ONTIME,ONTIME,DELAY,,,,,,,,,HAN,DLI,DAD,Domestic,VJ,,
2026-02-19|VJ961/VJ147|A538|ICN-HAN-SGN|17:10,2026-02-19,VJ961/VJ147,A538,A321,ICN-HAN-SGN,14:10,17:10,14:10,17:10,13:50,17:09,17:10,17:15,03:00,03:20,ONTIME,ONTIME,ONTIME,ONTIME,,,,,,,,,HAN,ICN,SGN,Domestic,VJ,,
2026-02-19|VJ144/VJ145|A816|SGN-HAN-SGN|17:15,2026-02-19,VJ144/VJ145,A816,A330,SGN-HAN-SGN,16:25,17:15,16:25,17:15,16:20,17:06,17:07,17:12,00:50,00:47,EARLY,ONTIME,ONTIME,ONTIME,,,,,,,,,HAN,SGN,SGN,Domestic,VJ,,
2026-02-19|VJ514/VJ465|A677|DAD-HAN-VCA|17:25,2026-02-19,VJ514/VJ465,A677,A321,DAD-HAN-VCA,16:45,17:25,16:45,17:25,17:05,17:30,17:32,17:32,00:40,00:27,DELAY,ONTIME,ONTIME,DELAY,,93,00:07,,,,,,HAN,DAD,VCA,Domestic,VJ,,
2026-02-19|VJ134/VJ163|-MLI|SGN-HAN-SGN|17:30,2026-02-19,VJ134/VJ163,-MLI,A320,SGN-HAN-SGN,17:00,17:30,17:00,18:10,17:45,18:09,18:10,18:20,01:10,00:25,ONTIME,ONTIME,DELAY,DELAY,,,,,,,,,HAN,SGN,SGN,Domestic,VJ,,
2026-02-19|VJ784/VJ783|A547|CXR-HAN-CXR|17:40,2026-02-19,VJ784/VJ783,A547,A321,CXR-HAN-CXR,17:10,17:40,17:10,17:40,17:15,17:39,17:40,17:45,00:30,00:25,ONTIME,ONTIME,ONTIME,ONTIME,,,,,,,,,HAN,CXR,CXR,Domestic,VJ,,
2026-02-19|VJ953/VJ445|A672|HIJ-HAN-PQC|17:40,2026-02-19,VJ953/VJ445,A672,A320,HIJ-HAN-PQC,16:20,17:40,16:20,17:40,16:40,17:30,17:31,17:33,01:20,00:51,EARLY,ONTIME,ONTIME,DELAY,,,,,,,,,HAN,HIJ,PQC,Domestic,VJ,,
2026-02-19|VJ512/VJ779|A645|DAD-HAN-CXR|18:00,2026-02-19,VJ512/VJ779,A645,A321,DAD-HAN-CXR,17:30,18:00,18:10,18:50,18:15,18:45,18:46,18:49,00:40,00:31,EARLY,ONTIME,DELAY,DELAY,,,,,,,,,HAN,DAD,CXR,Domestic,VJ,,
2026-02-19|VJ460/VJ1445|A636|VCA-HAN-PQC|18:00,2026-02-19,VJ460/VJ1445,A636,A321,VCA-HAN-PQC,15:40,18:00,15:40,18:00,16:10,17:57,17:58,18:00,02:20,01:48,EARLY,ONTIME,ONTIME,DELAY,,,,,,,,,HAN,VCA,PQC,Domestic,VJ,,
2026-02-19|VJ194/VJ193|A674|SGN-HAN-SGN|18:10,2026-02-19,VJ194/VJ193,A674,A321,SGN-HAN-SGN,17:30,18:10,17:30,18:10,17:50,18:19,18:20,18:25,00:40,00:30,DELAY,ONTIME,ONTIME,DELAY,,93,00:10,,,,,,HAN,SGN,SGN,Domestic,VJ,,
2026-02-19|VJ916/VJ493|A539|SIN-HAN-BMV|18:25,2026-02-19,VJ916/VJ493,A539,A321,SIN-HAN-BMV,17:25,18:25,17:25,18:25,17:45,18:19,18:20,18:22,01:00,00:35,EARLY,ONTIME,ONTIME,DELAY,,,,,,,,,HAN,SIN,BMV,Domestic,VJ,,
2026-02-19|VJ947/VJ173|A536|KHH-HAN-SGN|19:05,2026-02-19,VJ947/VJ173,A536,A321,KHH-HAN-SGN,18:05,19:05,18:05,19:05,17:52,18:59,19:00,19:05,01:00,01:08,EARLY,ONTIME,ONTIME,ONTIME,,,,,,,,,HAN,KHH,SGN,Domestic,VJ,,
2026-02-19|VJ450/VJ971|A811|PQC-HAN-DEL|19:10,2026-02-19,VJ450/VJ971,A811,A330,PQC-HAN-DEL,13:15,19:10,13:15,19:10,13:40,19:04,19:05,19:15,05:55,05:25,EARLY,ONTIME,ONTIME,DELAY,,,,,,,,,HAN,PQC,DEL,International,VJ,,
2026-02-19|VJ446/VJ569|A699|PQC-HAN-HUI|19:15,2026-02-19,VJ446/VJ569,A699,A320,PQC-HAN-HUI,17:45,19:15,17:45,19:15,18:15,19:14,19:15,19:26,01:30,01:00,ONTIME,ONTIME,ONTIME,DELAY,,,,,,,,,HAN,PQC,HUI,Domestic,VJ,,
2026-02-19|VJ957/VJ1925|A658|PUS-HAN-AMD|19:20,2026-02-19,VJ957/VJ1925,A658,A320,PUS-HAN-AMD,17:20,19:20,17:20,19:20,17:15,19:12,19:13,19:15,02:00,01:58,EARLY,ONTIME,ONTIME,ONTIME,,,,,,,,,HAN,PUS,AMD,International,VJ,,
2026-02-19|VJ152/VJ519|A632|SGN-HAN-DAD|19:45,2026-02-19,VJ152/VJ519,A632,A321,SGN-HAN-DAD,19:15,19:45,19:15,20:10,19:45,20:14,20:15,20:25,00:55,00:30,DELAY,ONTIME,DELAY,DELAY,,93,00:05,,,,,,HAN,SGN,DAD,Domestic,VJ,,
2026-02-19|VJ928/VJ155|A669|CGK-HAN-SGN|20:05,2026-02-19,VJ928/VJ155,A669,A320,CGK-HAN-SGN,18:15,20:05,18:15,20:05,18:00,20:03,20:04,20:05,01:50,02:04,EARLY,ONTIME,ONTIME,ONTIME,,,,,,,,,HAN,CGK,SGN,Domestic,VJ,,
2026-02-19|VJ902/VJ7712|A542|BKK-HAN-PKX|20:05,2026-02-19,VJ902/VJ7712,A542,A321,BKK-HAN-PKX,17:15,20:05,17:15,20:05,17:30,19:54,19:55,19:58,02:50,02:25,EARLY,ONTIME,ONTIME,ONTIME,,,,,,,,,HAN,BKK,PKX,International,VJ,,
2026-02-19|VJ949/VJ521|A684|RMQ-HAN-DAD|20:50,2026-02-19,VJ949/VJ521,A684,A321,RMQ-HAN-DAD,19:50,20:50,19:50,20:50,20:00,20:59,21:00,21:05,01:00,01:00,DELAY,ONTIME,ONTIME,ONTIME,,95,00:15,,,,,WAIT FOR CREW VJ1440 (OB 2032),HAN,RMQ,DAD,Domestic,VJ,,
2026-02-19|VJ424/VJ7306|A636|PXU-HAN-TFU|20:55,2026-02-19,VJ424/VJ7306,A636,A321,PXU-HAN-TFU,19:35,20:55,19:35,20:55,19:35,20:48,20:50,20:55,01:20,01:15,EARLY,ONTIME,ONTIME,ONTIME,,,,,,,,,HAN,PXU,TFU,International,VJ,,
2026-02-19|VJ410/VJ7238|A675|DLI-HAN-PVG|21:30,2026-02-19,VJ410/VJ7238,A675,A320,DLI-HAN-PVG,20:15,21:30,20:15,21:30,20:20,21:17,21:18,21:20,01:15,00:58,EARLY,ONTIME,ONTIME,ONTIME,,,,,,,,,HAN,DLI,PVG,International,VJ,,
2026-02-19|VJ160/VJ161|A641|SGN-HAN-SGN|21:50,2026-02-19,VJ160/VJ161,A641,A321,SGN-HAN-SGN,21:15,21:50,21:15,21:50,21:15,21:45,21:46,21:49,00:35,00:31,EARLY,ONTIME,ONTIME,ONTIME,,,,,,,,,HAN,SGN,SGN,Domestic,VJ,,
2026-02-19|VJ914/VJ123|A526|SAI-HAN-SGN|22:10,2026-02-19,VJ914/VJ123,A526,A321,SAI-HAN-SGN,20:50,22:10,20:50,22:10,20:35,22:05,22:06,22:07,01:20,01:31,EARLY,ONTIME,ONTIME,ONTIME,,,,,,,,,HAN,SAI,SGN,Domestic,VJ,,
2026-02-19|VJ568/VJ523|A699|HUI-HAN-DAD|22:45,2026-02-19,VJ568/VJ523,A699,A320,HUI-HAN-DAD,22:15,22:45,22:15,22:45,22:25,22:48,22:50,22:52,00:30,00:25,DELAY,ONTIME,ONTIME,ONTIME,,93,00:05,,,,,,HAN,HUI,DAD,Domestic,VJ,,
2026-02-19|VJ998/VJ962|A543|DPS-HAN-ICN|22:50,2026-02-19,VJ998/VJ962,A543,A321,DPS-HAN-ICN,21:35,22:50,21:35,22:50,21:00,22:49,22:50,22:54,01:15,01:50,ONTIME,ONTIME,ONTIME,ONTIME,,,,,,,,,HAN,DPS,ICN,International,VJ,,
2026-02-19|VJ1440/VJ187|A661|PQC-HAN-SGN|23:05,2026-02-19,VJ1440/VJ187,A661,A321,PQC-HAN-SGN,20:10,23:05,20:10,23:05,20:20,22:49,22:50,23:09,02:55,02:30,EARLY,ONTIME,ONTIME,ONTIME,,,,,,,,,HAN,PQC,SGN,Domestic,VJ,,
2026-02-19|VJ180/VJ171|A816|SGN-HAN-SGN|23:25,2026-02-19,VJ180/VJ171,A816,A330,SGN-HAN-SGN,22:25,23:25,22:25,23:25,22:45,23:24,23:25,23:27,01:00,00:40,ONTIME,ONTIME,ONTIME,DELAY,,,,,,,,,HAN,SGN,SGN,Domestic,VJ,,
2026-02-19|VJ156/VJ159|A657|SGN-HAN-SGN|23:40,2026-02-19,VJ156/VJ159,A657,A321,SGN-HAN-SGN,23:10,23:40,23:10,23:40,23:40,00:09,00:10,00:15,00:30,00:30,DELAY,DELAY,DELAY,DELAY,,93,00:30,,,,,,HAN,SGN,SGN,Domestic,VJ,,
2026-02-19|VJ935/VJ7526|A646|NRT-HAN-CAN|23:40,2026-02-19,VJ935/VJ7526,A646,A321,NRT-HAN-CAN,20:55,23:40,20:55,23:40,21:26,23:38,23:40,23:40,02:45,02:14,ONTIME,ONTIME,ONTIME,DELAY,,,,,,,,,HAN,NRT,CAN,International,VJ,,
2026-02-19|VJ520/VJ1125|A632|DAD-HAN-SGN|23:50,2026-02-19,VJ520/VJ1125,A632,A321,DAD-HAN-SGN,22:55,23:50,23:30,00:25,1904-01-02,00:34,00:35,00:43,00:55,00:35,DELAY,ONTIME,DELAY,DELAY,,93,00:05,66,00:05,,,CREW OB 0008+,HAN,DAD,SGN,Domestic,VJ,,
2026-02-20|VJ932|A820|HAN-NRT|00:55,2026-02-20,VJ932,A820,A321,HAN-NRT,,00:55,,00:55,,00:54,00:55,01:10,,,ONTIME,ONTIME,ONTIME,,,,,,,,,,HAN,,NRT,International,VJ,,
2026-02-20|VJ982|A677|HAN-PUS|01:00,2026-02-20,VJ982,A677,A321,HAN-PUS,,01:00,,01:00,,00:50,00:51,01:06,,,EARLY,ONTIME,ONTIME,,,,,,,,,,HAN,,PUS,International,VJ,,
2026-02-20|VJ920|A553|HAN-NGO|01:35,2026-02-20,VJ920,A553,A321,HAN-NGO,,01:35,,01:35,,01:30,01:31,01:34,,,EARLY,ONTIME,ONTIME,,,,,,,,,,HAN,,NGO,International,VJ,,
2026-02-20|VJ938|A528|HAN-KIX|01:40,2026-02-20,VJ938,A528,A321,HAN-KIX,,01:40,,01:40,,01:44,01:45,01:55,,,DELAY,ONTIME,ONTIME,,,15A,00:05,,,,,OFFLOAD 1PAX 1BAG,HAN,,KIX,International,VJ,,
2026-02-20|VJ960|A525|HAN-ICN|01:45,2026-02-20,VJ960,A525,A321,HAN-ICN,,01:45,,01:45,,01:44,01:45,01:45,,,ONTIME,ONTIME,ONTIME,,,,,,,,,,HAN,,ICN,International,VJ,,
2026-02-20|VJ7614/VJ7614|A550|CXR-HAN-BQS|02:10,2026-02-20,VJ7614/VJ7614,A550,A321,CXR-HAN-BQS,01:40,02:10,01:40,02:10,01:50,02:19,02:20,02:31,00:30,00:30,DELAY,ONTIME,DELAY,ONTIME,,93,00:10,,,,,,HAN,CXR,BQS,International,VJ,,
2026-02-20|VJ1121|A516|HAN-SGN|04:10,2026-02-20,VJ1121,A516,A321,HAN-SGN,,04:10,,04:10,,04:04,04:05,04:10,,,EARLY,ONTIME,ONTIME,,,,,,,,,,HAN,,SGN,Domestic,VJ,,
2026-02-20|VJ179|A636|HAN-SGN|05:00,2026-02-20,VJ179,A636,A321,HAN-SGN,,05:00,,05:00,,04:54,04:55,05:01,,,EARLY,ONTIME,ONTIME,,,,,,,,,,HAN,,SGN,Domestic,VJ,,
2026-02-20|VJ185|A649|HAN-SGN|05:10,2026-02-20,VJ185,A649,A321,HAN-SGN,,05:10,,05:10,,05:04,05:05,05:10,,,EARLY,ONTIME,ONTIME,,,,,,,,,,HAN,,SGN,Domestic,VJ,,
2026-02-20|VJ1123|A535|HAN-SGN|05:20,2026-02-20,VJ1123,A535,A321,HAN-SGN,,05:20,,05:20,,05:14,05:15,05:23,,,EARLY,ONTIME,ONTIME,,,,,,,,,,HAN,,SGN,Domestic,VJ,,
2026-02-20|VJ7307/VJ509|A635|TFU-HAN-DAD|05:25,2026-02-20,VJ7307/VJ509,A635,A321,TFU-HAN-DAD,02:15,05:25,02:15,05:25,02:10,05:19,05:20,05:24,03:10,03:10,EARLY,ONTIME,ONTIME,ONTIME,,,,,,,,,HAN,TFU,DAD,Domestic,VJ,,
2026-02-20|VJ7713/VJ461|A542|PKX-HAN-VCA|05:30,2026-02-20,VJ7713/VJ461,A542,A321,PKX-HAN-VCA,04:10,05:30,04:10,05:30,,05:24,05:25,05:36,01:20,,EARLY,ONTIME,ONTIME,ONTIME,,,,,,,,,HAN,PKX,VCA,Domestic,VJ,,
2026-02-20|VJ491|A637|HAN-BMV|05:55,2026-02-20,VJ491,A637,A321,HAN-BMV,,05:55,,05:55,,05:49,05:50,05:58,,,EARLY,ONTIME,ONTIME,,,,,,,,,,HAN,,BMV,Domestic,VJ,,
2026-02-20|VJ443|A547|HAN-PQC|06:00,2026-02-20,VJ443,A547,A321,HAN-PQC,,06:00,,06:00,,05:54,05:55,06:07,,,EARLY,ONTIME,ONTIME,,,,,,,,,,HAN,,PQC,Domestic,VJ,,
2026-02-20|VJ421|A642|HAN-PXU|06:05,2026-02-20,VJ421,A642,A321,HAN-PXU,,06:05,,06:05,,05:58,06:00,06:10,,,EARLY,ONTIME,ONTIME,,,,,,,,,,HAN,,PXU,Domestic,VJ,,
2026-02-20|VJ181|A643|HAN-SGN|06:40,2026-02-20,VJ181,A643,A321,HAN-SGN,,06:40,,06:40,,06:34,06:35,06:38,,,EARLY,ONTIME,ONTIME,,,,,,,,,,HAN,,SGN,Domestic,VJ,,
2026-02-20|VJ105|652G|HAN-VCS|06:45,2026-02-20,VJ105,652G,C909,HAN-VCS,,06:45,,06:45,,06:39,06:40,06:45,,,EARLY,ONTIME,ONTIME,,,,,,,,,,HAN,,VCS,Domestic,VJ,,
2026-02-20|VJ431|A539|HAN-UIH|07:10,2026-02-20,VJ431,A539,A321,HAN-UIH,,07:10,,07:10,,07:04,07:05,07:20,,,EARLY,ONTIME,ONTIME,,,,,,,,,,HAN,,UIH,Domestic,VJ,,
2026-02-20|VJ905|A651|HAN-KUL|07:10,2026-02-20,VJ905,A651,A321,HAN-KUL,,07:10,,07:10,,07:04,07:05,07:13,,,EARLY,ONTIME,ONTIME,,,,,,,,,,HAN,,KUL,International,VJ,,
2026-02-20|VJ7239/VJ956|A675|PVG-HAN-PUS|07:30,2026-02-20,VJ7239/VJ956,A675,A320,PVG-HAN-PUS,05:15,07:30,05:15,07:30,05:00,07:29,07:30,07:42,02:15,02:30,ONTIME,ONTIME,ONTIME,ONTIME,,,,,,,,,HAN,PVG,PUS,International,VJ,,
2026-02-20|VJ940|A689|HAN-TPE|07:35,2026-02-20,VJ940,A689,A320,HAN-TPE,,07:35,,07:35,,07:44,07:45,08:00,,,DELAY,ONTIME,DELAY,,,87,00:10,,,,,STUCK AT IMMI/LATE ACCEPT 27PAX 34BAG,HAN,,TPE,International,VJ,,
2026-02-20|VJ502/VJ771|A648|DAD-HAN-CXR|07:35,2026-02-20,VJ502/VJ771,A648,A321,DAD-HAN-CXR,07:05,07:35,07:05,07:35,07:10,07:34,07:35,07:44,00:30,00:25,ONTIME,ONTIME,ONTIME,ONTIME,,,,,,,,,HAN,DAD,CXR,Domestic,VJ,,
2026-02-20|VJ107|656E|HAN-VCS|08:15,2026-02-20,VJ107,656E,C909,HAN-VCS,,08:15,,08:15,,08:09,08:10,08:30,,,EARLY,ONTIME,ONTIME,,,,,,,,,,HAN,,VCS,Domestic,VJ,,
2026-02-20|VJ1926/VJ1507|A658|AMD-HAN-DAD|08:15,2026-02-20,VJ1926/VJ1507,A658,A320,AMD-HAN-DAD,06:40,08:15,06:40,08:15,05:35,08:13,08:15,08:18,01:35,02:40,ONTIME,ONTIME,ONTIME,ONTIME,,,,,,,,,HAN,AMD,DAD,Domestic,VJ,,
2026-02-20|VJ930|A536|HAN-KIX|08:20,2026-02-20,VJ930,A536,A321,HAN-KIX,,08:20,,08:20,,08:19,08:20,08:29,,,ONTIME,ONTIME,ONTIME,,,,,,,,,,HAN,,KIX,International,VJ,,
2026-02-20|VJ7527/VJ934|A646|CAN-HAN-NRT|08:20,2026-02-20,VJ7527/VJ934,A646,A321,CAN-HAN-NRT,04:35,08:20,04:35,08:20,04:35,08:24,08:25,08:35,03:45,03:50,DELAY,ONTIME,ONTIME,ONTIME,,99,00:05,,,,,LATE ACCEPT 17PAX 19BAG,HAN,CAN,NRT,International,VJ,,
2026-02-20|VJ524/VJ929|A656|DAD-HAN-CGK|08:40,2026-02-20,VJ524/VJ929,A656,A320,DAD-HAN-CGK,07:50,08:40,07:50,08:40,07:40,08:39,08:40,08:50,00:50,01:00,ONTIME,ONTIME,ONTIME,ONTIME,,,,,,,,,HAN,DAD,CGK,International,VJ,,
2026-02-20|VJ124/VJ125|A816|SGN-HAN-SGN|08:40,2026-02-20,VJ124/VJ125,A816,A330,SGN-HAN-SGN,07:50,08:40,07:50,08:40,08:00,08:39,08:40,08:50,00:50,00:40,ONTIME,ONTIME,ONTIME,ONTIME,,,,,,,,,HAN,SGN,SGN,Domestic,VJ,,
2026-02-20|VJ126/VJ127|A549|SGN-HAN-SGN|08:55,2026-02-20,VJ126/VJ127,A549,A321,SGN-HAN-SGN,08:25,08:55,08:25,08:55,08:30,08:59,09:00,09:10,00:30,00:30,DELAY,ONTIME,ONTIME,ONTIME,,93,00:05,,,,,LATE TAKEOFF DUE TO ATC,HAN,SGN,SGN,Domestic,VJ,,
2026-02-20|VJ1124/VJ139|A632|SGN-HAN-SGN|09:25,2026-02-20,VJ1124/VJ139,A632,A321,SGN-HAN-SGN,04:50,09:25,04:50,09:25,05:40,09:24,09:25,09:30,04:35,03:45,ONTIME,ONTIME,ONTIME,DELAY,,,,,,,,LATE TAKEOFF DUE TO ATC,HAN,SGN,SGN,Domestic,VJ,,
2026-02-20|VJ510/VJ527|A635|DAD-HAN-DAD|09:30,2026-02-20,VJ510/VJ527,A635,A321,DAD-HAN-DAD,08:35,09:30,08:35,09:30,08:40,09:24,09:25,09:31,00:55,00:45,EARLY,ONTIME,ONTIME,ONTIME,,,,,,,,,HAN,DAD,DAD,Domestic,VJ,,
2026-02-20|VJ122/VJ915|A538|SGN-HAN-SIN|09:35,2026-02-20,VJ122/VJ915,A538,A321,SGN-HAN-SIN,07:30,09:35,07:30,09:35,07:10,09:33,09:35,09:40,02:05,02:25,ONTIME,ONTIME,ONTIME,ONTIME,,,,,,,,,HAN,SGN,SIN,International,VJ,,
2026-02-20|VJ1120/VJ997|A516|SGN-HAN-DPS|10:00,2026-02-20,VJ1120/VJ997,A516,A321,SGN-HAN-DPS,09:00,10:00,09:00,10:30,09:35,10:27,10:28,10:30,01:30,00:53,EARLY,ONTIME,DELAY,DELAY,,,,,,,,,HAN,SGN,DPS,International,VJ,,
2026-02-20|VJ148/VJ149|-NVG|SGN-HAN-SGN|10:05,2026-02-20,VJ148/VJ149,-NVG,A320,SGN-HAN-SGN,09:30,10:05,09:30,10:05,09:55,10:14,10:15,10:20,00:35,00:20,DELAY,ONTIME,ONTIME,DELAY,,93,00:10,,,,,,HAN,SGN,SGN,Domestic,VJ,,
2026-02-20|VJ422/VJ567|A642|PXU-HAN-HUI|10:10,2026-02-20,VJ422/VJ567,A642,A321,PXU-HAN-HUI,09:40,10:10,09:40,10:10,09:45,10:07,10:08,10:11,00:30,00:23,EARLY,ONTIME,ONTIME,ONTIME,,,,,,,,,HAN,PXU,HUI,Domestic,VJ,,
2026-02-20|VJ963/VJ463|A543|ICN-HAN-VCA|10:30,2026-02-20,VJ963/VJ463,A543,A321,ICN-HAN-VCA,09:30,10:30,09:30,10:30,09:10,10:25,10:26,10:33,01:00,01:16,EARLY,ONTIME,ONTIME,ONTIME,,,,,,,,,HAN,ICN,VCA,Domestic,VJ,,
2026-02-20|VJ492/VJ507|A637|BMV-HAN-DAD|10:30,2026-02-20,VJ492/VJ507,A637,A321,BMV-HAN-DAD,10:00,10:30,10:00,10:50,10:00,10:48,10:49,10:57,00:50,00:49,EARLY,ONTIME,DELAY,ONTIME,,,,,,,,,HAN,BMV,DAD,Domestic,VJ,,
2026-02-20|VJ1122/VJ775|A544|SGN-HAN-CXR|10:45,2026-02-20,VJ1122/VJ775,A544,A321,SGN-HAN-CXR,10:10,10:45,10:10,11:35,11:05,11:43,11:44,11:49,01:25,00:39,DELAY,ONTIME,DELAY,DELAY,,66,00:09,,,,,CREW HAN OB 1110,HAN,SGN,CXR,Domestic,VJ,,
2026-02-20|VJ136/VJ135|A535|SGN-HAN-SGN|11:20,2026-02-20,VJ136/VJ135,A535,A321,SGN-HAN-SGN,10:40,11:20,10:40,11:20,10:45,11:39,11:40,11:45,00:40,00:55,DELAY,DELAY,DELAY,ONTIME,,95,00:20,,,,,WAIT CREW FR VJ1122 OB 1112,HAN,SGN,SGN,Domestic,VJ,,
2026-02-20|VJ430/VJ407|A539|UIH-HAN-DLI|11:25,2026-02-20,VJ430/VJ407,A539,A321,UIH-HAN-DLI,10:55,11:25,10:55,11:25,11:10,11:38,11:40,11:46,00:30,00:30,DELAY,ONTIME,DELAY,ONTIME,,93,00:15,,,,,,HAN,UIH,DLI,Domestic,VJ,,
2026-02-20|VJ972/VJ451|A811|DEL-HAN-PQC|11:25,2026-02-20,VJ972/VJ451,A811,A330,DEL-HAN-PQC,05:35,11:25,05:35,11:25,05:50,11:24,11:25,11:30,05:50,05:35,ONTIME,ONTIME,ONTIME,ONTIME,,,,,,,,,HAN,DEL,PQC,Domestic,VJ,,
2026-02-20|VJ132/VJ137|A641|SGN-HAN-SGN|11:40,2026-02-20,VJ132/VJ137,A641,A321,SGN-HAN-SGN,11:10,11:40,11:10,11:40,12:10,12:38,12:40,13:00,00:30,00:30,DELAY,DELAY,DELAY,DELAY,,93,01:00,,,,,LATE PUSHBACK DUE TO ATC,HAN,SGN,SGN,Domestic,VJ,,
2026-02-20|VJ442/VJ946|A547|PQC-HAN-KHH|11:45,2026-02-20,VJ442/VJ946,A547,A321,PQC-HAN-KHH,10:45,11:45,10:45,11:45,11:00,11:44,11:45,11:55,01:00,00:45,ONTIME,ONTIME,ONTIME,ONTIME,,,,,,,,,HAN,PQC,KHH,International,VJ,,
2026-02-20|VJ1508/VJ403|A658|DAD-HAN-DLI|11:55,2026-02-20,VJ1508/VJ403,A658,A320,DAD-HAN-DLI,11:25,11:55,11:25,11:55,11:57,12:21,12:22,12:25,00:30,00:25,DELAY,DELAY,DELAY,DELAY,,93,00:27,,,,,,HAN,DAD,DLI,Domestic,VJ,,
2026-02-20|VJ981/VJ901|A677|PUS-HAN-BKK|12:15,2026-02-20,VJ981/VJ901,A677,A321,PUS-HAN-BKK,11:00,12:15,11:00,12:15,10:55,12:09,12:10,12:14,01:15,01:15,EARLY,ONTIME,ONTIME,ONTIME,,,,,,,,,HAN,PUS,BKK,International,VJ,,
2026-02-20|VJ440/VJ441|A672|PQC-HAN-PQC|12:55,2026-02-20,VJ440/VJ441,A672,A320,PQC-HAN-PQC,11:55,12:55,11:55,12:55,12:05,12:49,12:50,12:53,01:00,00:45,EARLY,ONTIME,ONTIME,ONTIME,,,,,,,,LATE TAKEOFF DUE TO ATC,HAN,PQC,PQC,Domestic,VJ,,
2026-02-20|VJ770/VJ948|A648|CXR-HAN-RMQ|13:30,2026-02-20,VJ770/VJ948,A648,A321,CXR-HAN-RMQ,11:45,13:30,11:45,13:30,12:15,13:29,13:30,13:35,01:45,01:15,ONTIME,ONTIME,ONTIME,DELAY,,,,,,,,,HAN,CXR,RMQ,International,VJ,,
2026-02-20|VJ528/VJ513|A635|DAD-HAN-DAD|13:35,2026-02-20,VJ528/VJ513,A635,A321,DAD-HAN-DAD,12:40,13:35,12:40,13:35,13:10,13:48,13:50,13:50,00:55,00:40,DELAY,ONTIME,ONTIME,DELAY,,93,00:05,66,00:10,,,CREW HN OB 1320,HAN,DAD,DAD,Domestic,VJ,,
2026-02-20|VJ128/VJ143|A815|SGN-HAN-SGN|13:40,2026-02-20,VJ128/VJ143,A815,A330,SGN-HAN-SGN,12:10,13:40,12:10,13:40,12:23,13:36,13:37,13:39,01:30,01:14,EARLY,ONTIME,ONTIME,ONTIME,,,,,,,,,HAN,SGN,SGN,Domestic,VJ,,
2026-02-20|VJ921/VJ511|A553|NGO-HAN-DAD|14:20,2026-02-20,VJ921/VJ511,A553,A321,NGO-HAN-DAD,13:40,14:20,13:40,14:20,13:00,14:58,15:00,15:03,00:40,02:00,DELAY,DELAY,DELAY,ONTIME,,95,00:40,,,,,WAIT CREW FR VJ508 OB 1437,HAN,NGO,DAD,Domestic,VJ,,
2026-02-20|VJ939/VJ942|A528|KIX-HAN-TPE|14:25,2026-02-20,VJ939/VJ942,A528,A321,KIX-HAN-TPE,13:05,14:25,13:05,14:25,13:05,14:24,14:25,14:28,01:20,01:20,ONTIME,ONTIME,ONTIME,ONTIME,,,,,,,,,HAN,KIX,TPE,International,VJ,,
2026-02-20|VJ566/VJ1491|A642|HUI-HAN-BMV|14:35,2026-02-20,VJ566/VJ1491,A642,A321,HUI-HAN-BMV,13:05,14:35,13:05,14:35,13:30,14:30,14:31,14:35,01:30,01:01,EARLY,ONTIME,ONTIME,DELAY,,,,,,,,,HAN,HUI,BMV,Domestic,VJ,,
2026-02-20|VJ188/VJ151|-NVE|SGN-HAN-SGN|15:10,2026-02-20,VJ188/VJ151,-NVE,A320,SGN-HAN-SGN,14:40,15:10,14:40,17:00,16:15,16:56,16:57,17:16,02:20,00:42,EARLY,ONTIME,DELAY,DELAY,,,,,,,,,HAN,SGN,SGN,Domestic,VJ,,
2026-02-20|VJ138/VJ153|A575|SGN-HAN-SGN|15:10,2026-02-20,VJ138/VJ153,A575,A321,SGN-HAN-SGN,14:40,15:10,14:40,16:30,16:10,16:39,16:40,17:01,01:50,00:30,DELAY,ONTIME,DELAY,DELAY,,93,00:10,,,,,,HAN,SGN,SGN,Domestic,VJ,,
2026-02-20|VJ7615/VJ7615|A550|BQS-HAN-CXR|15:10,2026-02-20,VJ7615/VJ7615,A550,A321,BQS-HAN-CXR,14:40,15:10,14:40,15:10,14:50,15:08,15:09,15:18,00:30,00:19,EARLY,ONTIME,ONTIME,ONTIME,,,,,,,,,HAN,BQS,CXR,Domestic,VJ,,
2026-02-20|VJ462/VJ1441|A542|VCA-HAN-PQC|15:30,2026-02-20,VJ462/VJ1441,A542,A321,VCA-HAN-PQC,15:40,15:30,15:40,16:45,15:55,16:44,16:45,17:00,01:05,00:50,ONTIME,ONTIME,DELAY,ONTIME,,,,,,,,,HAN,VCA,PQC,Domestic,VJ,,
2026-02-20|VJ144/VJ145|A816|SGN-HAN-SGN|15:35,2026-02-20,VJ144/VJ145,A816,A330,SGN-HAN-SGN,14:10,15:35,14:10,15:35,14:30,15:34,15:35,15:50,01:25,01:05,ONTIME,ONTIME,ONTIME,DELAY,,,,,,,,,HAN,SGN,SGN,Domestic,VJ,,
2026-02-20|VJ142/VJ175|A632|SGN-HAN-SGN|15:40,2026-02-20,VJ142/VJ175,A632,A321,SGN-HAN-SGN,14:50,15:40,14:50,16:45,14:50,16:59,17:00,17:15,01:55,02:10,DELAY,ONTIME,DELAY,ONTIME,,61,00:15,,,,,CHANGE FPL,HAN,SGN,SGN,Domestic,VJ,,
2026-02-20|VJ961/VJ903|A525|ICN-HAN-BKK|15:50,2026-02-20,VJ961/VJ903,A525,A321,ICN-HAN-BKK,14:10,15:50,14:10,15:50,14:08,15:48,15:50,15:54,01:40,01:42,ONTIME,ONTIME,ONTIME,ONTIME,,,,,,,,,HAN,ICN,BKK,International,VJ,,
2026-02-20|VJ508/VJ423|A637|DAD-HAN-PXU|15:55,2026-02-20,VJ508/VJ423,A637,A321,DAD-HAN-PXU,13:40,15:55,14:05,15:55,14:20,15:49,15:50,15:54,01:50,01:30,EARLY,ONTIME,ONTIME,DELAY,,,,,,,,,HAN,DAD,PXU,Domestic,VJ,,
2026-02-20|VJ933/VJ195|A820|NRT-HAN-SGN|16:00,2026-02-20,VJ933/VJ195,A820,A321,NRT-HAN-SGN,14:00,16:00,14:00,16:00,14:05,15:59,16:00,16:29,02:00,01:55,ONTIME,ONTIME,DELAY,ONTIME,,,,,,,,LATE PUSHBACK DUE TO ATC,HAN,NRT,SGN,Domestic,VJ,,
2026-02-20|VJ460/VJ191|A543|VCA-HAN-SGN|16:00,2026-02-20,VJ460/VJ191,A543,A321,VCA-HAN-SGN,15:25,16:00,15:25,16:00,15:40,16:14,16:15,16:45,00:35,00:35,DELAY,ONTIME,DELAY,ONTIME,,93,00:10,66,00:05,,,CREW HN OB 1550/LATE PUSHBACK DUE TO ATC,HAN,VCA,SGN,Domestic,VJ,,
2026-02-20|VJ906/VJ157|A651|KUL-HAN-SGN|16:00,2026-02-20,VJ906/VJ157,A651,A321,KUL-HAN-SGN,14:55,16:00,14:55,16:00,14:25,15:59,16:00,16:38,01:05,01:35,ONTIME,ONTIME,DELAY,ONTIME,,,,,,,,LATE PUSHBACK DUE TO ATC,HAN,KUL,SGN,Domestic,VJ,,
2026-02-20|VJ941/VJ409|A689|TPE-HAN-DLI|16:05,2026-02-20,VJ941/VJ409,A689,A320,TPE-HAN-DLI,14:10,16:05,14:10,16:05,14:40,16:04,16:05,16:12,01:55,01:25,ONTIME,ONTIME,ONTIME,DELAY,,,,,,,,LATE TAKEOFF DUE TO ATC,HAN,TPE,DLI,Domestic,VJ,,
2026-02-20|VJ408/VJ913|A539|DLI-HAN-SAI|16:20,2026-02-20,VJ408/VJ913,A539,A321,DLI-HAN-SAI,15:35,16:20,15:35,17:00,16:05,16:58,17:00,17:05,01:25,00:55,ONTIME,ONTIME,DELAY,DELAY,,,,,,,,,HAN,DLI,SAI,International,VJ,,
2026-02-20|VJ774/VJ515|A633|CXR-HAN-DAD|16:25,2026-02-20,VJ774/VJ515,A633,A321,CXR-HAN-DAD,15:40,16:25,15:40,16:45,16:10,16:43,16:45,16:48,01:05,00:35,ONTIME,ONTIME,DELAY,DELAY,,,,,,,,,HAN,CXR,DAD,Domestic,VJ,,
2026-02-20|VJ514/VJ147|A635|DAD-HAN-SGN|17:20,2026-02-20,VJ514/VJ147,A635,A321,DAD-HAN-SGN,16:45,17:20,16:45,17:50,17:15,17:46,17:47,17:50,01:05,00:32,EARLY,ONTIME,DELAY,DELAY,,,,,,,,,HAN,DAD,SGN,Domestic,VJ,,
2026-02-20|VJ134/VJ163|-MLI|SGN-HAN-SGN|17:30,2026-02-20,VJ134/VJ163,-MLI,A320,SGN-HAN-SGN,17:00,17:30,18:15,18:50,19:00,19:24,19:25,19:30,00:35,00:25,DELAY,DELAY,DELAY,DELAY,,93,00:35,,,,,LATE TAKEOFF DUE TO ATC,HAN,SGN,SGN,Domestic,VJ,,
2026-02-20|VJ957/VJ445|A675|PUS-HAN-PQC|17:40,2026-02-20,VJ957/VJ445,A675,A320,PUS-HAN-PQC,17:20,17:40,17:20,17:40,17:00,17:35,17:36,17:45,00:20,00:36,EARLY,ONTIME,ONTIME,ONTIME,,,,,,,,,HAN,PUS,PQC,Domestic,VJ,,
2026-02-20|VJ512/VJ779|A553|DAD-HAN-CXR|18:00,2026-02-20,VJ512/VJ779,A553,A321,DAD-HAN-CXR,17:30,18:00,17:30,19:05,18:30,18:59,19:00,19:14,01:35,00:30,EARLY,ONTIME,DELAY,DELAY,,,,,,,,,HAN,DAD,CXR,Domestic,VJ,,
2026-02-20|VJ902/VJ465|A677|BKK-HAN-VCA|18:00,2026-02-20,VJ902/VJ465,A677,A321,BKK-HAN-VCA,17:00,18:00,17:00,18:00,17:25,17:56,17:58,18:00,01:00,00:33,EARLY,ONTIME,ONTIME,DELAY,,,,,,,,,HAN,BKK,VCA,Domestic,VJ,,
2026-02-20|VJ194/VJ193|A535|SGN-HAN-SGN|18:10,2026-02-20,VJ194/VJ193,A535,A321,SGN-HAN-SGN,17:30,18:10,17:30,18:10,17:40,18:14,18:15,18:25,00:40,00:35,DELAY,ONTIME,ONTIME,ONTIME,,66,00:05,,,,,CREW HN OB 1747,HAN,SGN,SGN,Domestic,VJ,,
2026-02-20|VJ916/VJ165|A538|SIN-HAN-SGN|18:30,2026-02-20,VJ916/VJ165,A538,A321,SIN-HAN-SGN,17:25,18:30,17:25,18:30,17:00,18:27,18:28,18:30,01:05,01:28,EARLY,ONTIME,ONTIME,ONTIME,,,,,,,,,HAN,SIN,SGN,Domestic,VJ,,
2026-02-20|VJ404/VJ1925|A658|DLI-HAN-AMD|19:00,2026-02-20,VJ404/VJ1925,A658,A320,DLI-HAN-AMD,16:05,19:00,16:55,19:00,16:50,18:48,18:50,19:00,02:05,02:00,EARLY,ONTIME,ONTIME,DELAY,,,,,,,,,HAN,DLI,AMD,International,VJ,,
2026-02-20|VJ947/VJ173|A547|KHH-HAN-SGN|19:05,2026-02-20,VJ947/VJ173,A547,A321,KHH-HAN-SGN,18:05,19:05,18:05,19:05,17:50,19:04,19:05,19:20,01:00,01:15,ONTIME,ONTIME,ONTIME,ONTIME,,,,,,,,,HAN,KHH,SGN,Domestic,VJ,,
2026-02-20|VJ900/VJ907|A653|DPS-HAN-BOM|19:15,2026-02-20,VJ900/VJ907,A653,A321,DPS-HAN-BOM,17:20,19:15,17:20,19:15,17:00,19:09,19:10,19:25,01:55,02:10,EARLY,ONTIME,ONTIME,ONTIME,,,,,,,,,HAN,DPS,BOM,International,VJ,,
2026-02-20|VJ152/VJ519|A661|SGN-HAN-DAD|19:45,2026-02-20,VJ152/VJ519,A661,A321,SGN-HAN-DAD,19:15,19:45,19:15,20:30,20:35,21:04,21:05,21:15,01:15,00:30,DELAY,DELAY,DELAY,DELAY,,93,00:35,,,,,,HAN,SGN,DAD,Domestic,VJ,,
2026-02-20|VJ446/VJ569|A663|PQC-HAN-HUI|19:50,2026-02-20,VJ446/VJ569,A663,A320,PQC-HAN-HUI,17:40,19:50,17:40,19:50,19:10,19:49,19:50,19:53,02:10,00:40,ONTIME,ONTIME,ONTIME,DELAY,,,,,,,,,HAN,PQC,HUI,Domestic,VJ,,
2026-02-20|VJ928/VJ7712|A656|CGK-HAN-PKX|20:05,2026-02-20,VJ928/VJ7712,A656,A320,CGK-HAN-PKX,18:15,20:05,18:15,20:05,17:55,19:57,19:58,20:00,01:50,02:03,EARLY,ONTIME,ONTIME,ONTIME,,,,,,,,,HAN,CGK,PKX,International,VJ,,
2026-02-20|VJ424/VJ155|A637|PXU-HAN-SGN|20:10,2026-02-20,VJ424/VJ155,A637,A321,PXU-HAN-SGN,19:35,20:10,19:35,20:10,19:35,20:08,20:10,20:15,00:35,00:35,ONTIME,ONTIME,ONTIME,ONTIME,,,,,,,,,HAN,PXU,SGN,Domestic,VJ,,
2026-02-20|VJ931/VJ7342|A536|KIX-HAN-XIY|20:15,2026-02-20,VJ931/VJ7342,A536,A321,KIX-HAN-XIY,19:15,20:15,19:15,20:15,19:10,19:59,20:00,20:14,01:00,00:50,EARLY,ONTIME,ONTIME,ONTIME,,,,,,,,,HAN,KIX,XIY,International,VJ,,
2026-02-20|VJ158/VJ521|A649|SGN-HAN-DAD|21:05,2026-02-20,VJ158/VJ521,A649,A321,SGN-HAN-DAD,20:30,21:05,20:30,21:05,20:40,21:04,21:05,21:18,00:35,00:25,ONTIME,ONTIME,ONTIME,ONTIME,,,,,,,,,HAN,SGN,DAD,Domestic,VJ,,
2026-02-20|VJ516/VJ7238|A633|DAD-HAN-PVG|21:30,2026-02-20,VJ516/VJ7238,A633,A321,DAD-HAN-PVG,20:10,21:30,20:10,21:30,20:30,21:24,21:25,21:29,01:20,00:55,EARLY,ONTIME,ONTIME,DELAY,,,,,,,,,HAN,DAD,PVG,International,VJ,,
2026-02-20|VJ935/VJ161|A646|NRT-HAN-SGN|21:50,2026-02-20,VJ935/VJ161,A646,A321,NRT-HAN-SGN,20:55,21:50,20:55,21:50,21:05,21:49,21:50,21:53,00:55,00:45,ONTIME,ONTIME,ONTIME,ONTIME,,,,,,,,,HAN,NRT,SGN,Domestic,VJ,,
2026-02-20|VJ160/VJ123|A651|SGN-HAN-SGN|22:10,2026-02-20,VJ160/VJ123,A651,A321,SGN-HAN-SGN,21:15,22:10,21:15,22:10,21:55,22:34,22:35,22:40,00:55,00:40,DELAY,DELAY,DELAY,DELAY,,93,00:15,66,00:10,,,CREW HN OB 2205,HAN,SGN,SGN,Domestic,VJ,,
2026-02-20|VJ914/VJ962|A539|SAI-HAN-ICN|22:50,2026-02-20,VJ914/VJ962,A539,A321,SAI-HAN-ICN,20:50,22:50,20:50,22:50,21:20,22:49,22:50,23:00,02:00,01:30,ONTIME,ONTIME,ONTIME,DELAY,,,,,,,,,HAN,SAI,ICN,International,VJ,,
2026-02-20|VJ410/VJ1197|A689|DLI-HAN-SGN|22:50,2026-02-20,VJ410/VJ1197,A689,A320,DLI-HAN-SGN,20:15,22:50,20:15,22:50,20:45,22:43,22:45,22:50,02:35,02:00,EARLY,ONTIME,ONTIME,DELAY,,,,,,,,,HAN,DLI,SGN,Domestic,VJ,,
2026-02-20|VJ154/VJ523|A632|SGN-HAN-DAD|23:20,2026-02-20,VJ154/VJ523,A632,A321,SGN-HAN-DAD,21:45,23:20,21:45,00:05,23:05,00:04,00:05,00:15,02:20,01:00,ONTIME,ONTIME,DELAY,DELAY,,,,,,,,,HAN,SGN,DAD,Domestic,VJ,,
2026-02-20|VJ520/VJ159|A661|DAD-HAN-SGN|23:40,2026-02-20,VJ520/VJ159,A661,A321,DAD-HAN-SGN,22:55,23:40,23:50,00:30,00:45,01:14,01:15,01:18,00:40,00:30,DELAY,DELAY,DELAY,DELAY,,93,00:45,,,,,,HAN,DAD,SGN,Domestic,VJ,,
2026-02-20|VJ190/VJ7526|A635|SGN-HAN-CAN|23:40,2026-02-20,VJ190/VJ7526,A635,A321,SGN-HAN-CAN,22:10,23:40,22:10,00:10,23:50,00:29,00:30,00:38,02:00,00:40,DELAY,DELAY,DELAY,DELAY,,93,00:10,66,00:10,,,CREW HN OB 0005,HAN,SGN,CAN,International,VJ,,
2026-02-20|VJ1492/VJ1125|A642|BMV-HAN-SGN|23:50,2026-02-20,VJ1492/VJ1125,A642,A321,BMV-HAN-SGN,22:40,23:50,22:40,23:50,22:25,23:46,23:47,23:51,01:10,01:22,EARLY,ONTIME,ONTIME,ONTIME,,,,,,,,,HAN,BMV,SGN,Domestic,VJ,,
2026-02-20|VJ180/VJ171|A812|SGN-HAN-SGN|01:10,2026-02-20,VJ180/VJ171,A812,A330,SGN-HAN-SGN,00:10,01:10,00:10,01:10,00:45,01:29,01:30,01:40,01:00,00:45,DELAY,DELAY,DELAY,DELAY,,93,00:20,,,,,,HAN,SGN,SGN,Domestic,VJ,,
2026-02-21|VJ1166/VJ1165|A636|SGN-HAN-SGN|03:40,2026-02-21,VJ1166/VJ1165,A636,A321,SGN-HAN-SGN,03:10,03:40,04:15,04:50,04:35,05:04,05:05,05:09,00:35,00:30,DELAY,ONTIME,DELAY,DELAY,,93,00:15,,,,,,HAN,SGN,SGN,Domestic,VJ,,
2026-02-21|VJ932|A543|HAN-NRT|00:55,2026-02-21,VJ932,A543,A321,HAN-NRT,,00:55,,00:55,,00:48,00:49,00:52,,,EARLY,ONTIME,ONTIME,,,,,,,,,,HAN,,NRT,International,VJ,,
2026-02-21|VJ982|A630|HAN-PUS|01:00,2026-02-21,VJ982,A630,A321,HAN-PUS,,01:00,,01:00,,00:59,01:00,01:06,,,ONTIME,ONTIME,ONTIME,,,,,,,,,,HAN,,PUS,International,VJ,,
2026-02-21|VJ920|A516|HAN-NGO|01:35,2026-02-21,VJ920,A516,A321,HAN-NGO,,01:35,,01:35,,01:34,01:35,01:45,,,ONTIME,ONTIME,ONTIME,,,,,,,,,,HAN,,NGO,International,VJ,,
2026-02-21|VJ938|A528|HAN-KIX|01:40,2026-02-21,VJ938,A528,A321,HAN-KIX,,01:40,,01:40,,01:36,01:37,01:40,,,EARLY,ONTIME,ONTIME,,,,,,,,,,HAN,,KIX,International,VJ,,
2026-02-21|VJ960|A677|HAN-ICN|01:45,2026-02-21,VJ960,A677,A321,HAN-ICN,,01:45,,01:45,,01:44,01:45,01:54,,,ONTIME,ONTIME,ONTIME,,,,,,,,,,HAN,,ICN,International,VJ,,
2026-02-21|VJ958|A542|HAN-FUK|02:05,2026-02-21,VJ958,A542,A321,HAN-FUK,,02:05,,02:05,,01:49,01:50,01:55,,,EARLY,ONTIME,ONTIME,,,,,,,,,,HAN,,FUK,International,VJ,,
2026-02-21|VJ7706/VJ7706|A550|CXR-HAN-KHV|01:25,2026-02-21,VJ7706/VJ7706,A550,A321,CXR-HAN-KHV,00:55,01:25,00:55,02:45,02:20,02:49,02:50,02:58,01:50,00:30,DELAY,ONTIME,DELAY,DELAY,,93,00:05,,,,,,HAN,CXR,KHV,International,VJ,,
2026-02-21|VJ1121|A525|HAN-SGN|04:10,2026-02-21,VJ1121,A525,A321,HAN-SGN,,04:10,,04:10,,04:09,04:10,04:21,,,ONTIME,ONTIME,ONTIME,,,,,,,,,,HAN,,SGN,Domestic,VJ,,
2026-02-21|VJ1123|A535|HAN-SGN|04:50,2026-02-21,VJ1123,A535,A321,HAN-SGN,,04:50,,04:50,,04:38,04:39,04:40,,,EARLY,ONTIME,ONTIME,,,,,,,,,,HAN,,SGN,Domestic,VJ,,
2026-02-21|VJ179|A644|HAN-SGN|05:00,2026-02-21,VJ179,A644,A321,HAN-SGN,,05:00,,05:00,,04:54,04:55,05:02,,,EARLY,ONTIME,ONTIME,,,,,,,,,,HAN,,SGN,Domestic,VJ,,
2026-02-21|VJ7343/VJ185|A536|XIY-HAN-SGN|05:10,2026-02-21,VJ7343/VJ185,A536,A321,XIY-HAN-SGN,03:10,05:10,03:10,05:10,02:40,05:04,05:05,05:15,02:00,02:25,EARLY,ONTIME,ONTIME,ONTIME,,,,,,,,,HAN,XIY,SGN,Domestic,VJ,,
2026-02-21|VJ461|A663|HAN-VCA|05:30,2026-02-21,VJ461,A663,A320,HAN-VCA,,05:30,,05:30,,05:24,05:25,05:35,,,EARLY,ONTIME,ONTIME,,,,,,,,,,HAN,,VCA,Domestic,VJ,,
2026-02-21|VJ7527/VJ401|A635|CAN-HAN-DLI|05:50,2026-02-21,VJ7527/VJ401,A635,A321,CAN-HAN-DLI,04:35,05:50,04:35,05:50,04:50,05:44,05:45,05:53,01:15,00:55,EARLY,ONTIME,ONTIME,ONTIME,,,,,,,,,HAN,CAN,DLI,Domestic,VJ,,
2026-02-21|VJ443|A575|HAN-PQC|06:00,2026-02-21,VJ443,A575,A321,HAN-PQC,,06:00,,06:00,,05:54,05:55,06:05,,,EARLY,ONTIME,ONTIME,,,,,,,,,,HAN,,PQC,Domestic,VJ,,
2026-02-21|VJ1124/VJ491|A642|SGN-HAN-BMV|05:55,2026-02-21,VJ1124/VJ491,A642,A321,SGN-HAN-BMV,04:50,05:55,04:50,06:00,05:00,05:54,05:55,06:02,01:10,00:55,EARLY,ONTIME,ONTIME,ONTIME,,,,,,,,,HAN,SGN,BMV,Domestic,VJ,,
2026-02-21|VJ7713/VJ952|A656|PKX-HAN-HIJ|06:05,2026-02-21,VJ7713/VJ952,A656,A320,PKX-HAN-HIJ,04:10,06:05,04:10,06:05,,05:59,06:00,06:10,01:55,,EARLY,ONTIME,ONTIME,ONTIME,,,,,,,,,HAN,PKX,HIJ,International,VJ,,
2026-02-21|VJ181|A553|HAN-SGN|06:40,2026-02-21,VJ181,A553,A321,HAN-SGN,,06:40,,06:40,,06:34,06:35,06:42,,,EARLY,ONTIME,ONTIME,,,,,,,,,,HAN,,SGN,Domestic,VJ,,
2026-02-21|VJ105|652G|HAN-VCS|06:45,2026-02-21,VJ105,652G,C909,HAN-VCS,,06:45,,06:45,,06:37,06:39,06:41,,,EARLY,ONTIME,ONTIME,,,,,,,,,,HAN,,VCS,Domestic,VJ,,
2026-02-21|VJ905|A648|HAN-KUL|07:10,2026-02-21,VJ905,A648,A321,HAN-KUL,,07:10,,07:10,,07:04,07:05,07:15,,,EARLY,ONTIME,ONTIME,,,,,,,,,,HAN,,KUL,International,VJ,,
2026-02-21|VJ1196/VJ431|A689|SGN-HAN-UIH|07:10,2026-02-21,VJ1196/VJ431,A689,A320,SGN-HAN-UIH,03:40,07:10,03:40,07:10,03:50,07:00,07:01,07:03,03:30,03:11,EARLY,ONTIME,ONTIME,ONTIME,,,,,,,,,HAN,SGN,UIH,Domestic,VJ,,
2026-02-21|VJ771|A578|HAN-CXR|07:35,2026-02-21,VJ771,A578,A321,HAN-CXR,,07:35,,07:35,,07:29,07:30,07:38,,,EARLY,ONTIME,ONTIME,,,,,,,,,,HAN,,CXR,Domestic,VJ,,
2026-02-21|VJ7239/VJ940|A633|PVG-HAN-TPE|07:35,2026-02-21,VJ7239/VJ940,A633,A321,PVG-HAN-TPE,05:15,07:35,05:15,07:35,05:20,07:34,07:35,07:50,02:20,02:15,ONTIME,ONTIME,ONTIME,ONTIME,,,,,,,,,HAN,PVG,TPE,International,VJ,,
2026-02-21|VJ502/VJ1507|A639|DAD-HAN-DAD|08:00,2026-02-21,VJ502/VJ1507,A639,A321,DAD-HAN-DAD,07:20,08:00,07:20,08:00,07:15,07:59,08:00,08:17,00:40,00:45,ONTIME,ONTIME,DELAY,ONTIME,,,,,,,,,HAN,DAD,DAD,Domestic,VJ,,
2026-02-21|VJ107|656E|HAN-VCS|08:15,2026-02-21,VJ107,656E,C909,HAN-VCS,,08:15,,08:15,,08:09,08:10,08:20,,,EARLY,ONTIME,ONTIME,,,,,,,,,,HAN,,VCS,Domestic,VJ,,
2026-02-21|VJ910/VJ934|A653|BOM-HAN-NRT|08:20,2026-02-21,VJ910/VJ934,A653,A321,BOM-HAN-NRT,06:40,08:20,06:40,08:20,06:00,08:24,08:25,08:35,01:40,02:25,DELAY,ONTIME,ONTIME,ONTIME,,15A,00:05,,,,,OFFLOAD 2 PAX AND 1 PCS BAG,HAN,BOM,NRT,International,VJ,,
2026-02-21|VJ1926/VJ956|A658|AMD-HAN-PUS|08:20,2026-02-21,VJ1926/VJ956,A658,A320,AMD-HAN-PUS,06:20,08:20,06:20,08:20,05:35,08:19,08:20,08:35,02:00,02:45,ONTIME,ONTIME,ONTIME,ONTIME,,,,,,,,,HAN,AMD,PUS,International,VJ,,
2026-02-21|VJ122/VJ930|A549|SGN-HAN-KIX|08:20,2026-02-21,VJ122/VJ930,A549,A321,SGN-HAN-KIX,07:30,08:20,07:30,08:20,07:08,08:19,08:20,08:30,00:50,01:12,ONTIME,ONTIME,ONTIME,ONTIME,,,,,,,,,HAN,SGN,KIX,International,VJ,,
2026-02-21|VJ124/VJ125|A812|SGN-HAN-SGN|08:40,2026-02-21,VJ124/VJ125,A812,A330,SGN-HAN-SGN,07:50,08:40,07:50,08:40,07:55,08:39,08:40,08:48,00:50,00:45,ONTIME,ONTIME,ONTIME,ONTIME,,,,,,,,,HAN,SGN,SGN,Domestic,VJ,,
2026-02-21|VJ121|A816|HAN-SGN|08:40,2026-02-21,VJ121,A816,A330,HAN-SGN,,08:40,,08:40,,08:34,08:35,08:45,,,EARLY,ONTIME,ONTIME,,,,,,,,,,HAN,,SGN,Domestic,VJ,,
2026-02-21|VJ524/VJ929|A666|DAD-HAN-CGK|08:40,2026-02-21,VJ524/VJ929,A666,A320,DAD-HAN-CGK,07:40,08:40,07:40,08:40,07:35,08:39,08:40,08:48,01:00,01:05,ONTIME,ONTIME,ONTIME,ONTIME,,,,,,,,,HAN,DAD,CGK,International,VJ,,
2026-02-21|VJ120/VJ127|A524|SGN-HAN-SGN|08:55,2026-02-21,VJ120/VJ127,A524,A321,SGN-HAN-SGN,07:40,08:55,07:40,08:55,07:35,08:49,08:50,08:55,01:15,01:15,EARLY,ONTIME,ONTIME,ONTIME,,,,,,,,,HAN,SGN,SGN,Domestic,VJ,,
2026-02-21|VJ126/VJ915|A537|SGN-HAN-SIN|09:35,2026-02-21,VJ126/VJ915,A537,A321,SGN-HAN-SIN,08:25,09:35,08:25,09:35,08:22,09:33,09:34,09:41,01:10,01:12,EARLY,ONTIME,ONTIME,ONTIME,,,,,,,,,HAN,SGN,SIN,International,VJ,,
2026-02-21|VJ1120/VJ997|A525|SGN-HAN-DPS|10:00,2026-02-21,VJ1120/VJ997,A525,A321,SGN-HAN-DPS,09:00,10:00,09:00,10:00,09:00,09:57,09:58,10:07,01:00,00:58,EARLY,ONTIME,ONTIME,ONTIME,,,,,,,,,HAN,SGN,DPS,International,VJ,,
2026-02-21|VJ148/VJ149|-NVG|SGN-HAN-SGN|10:05,2026-02-21,VJ148/VJ149,-NVG,A320,SGN-HAN-SGN,09:30,10:05,09:30,10:05,09:45,10:09,10:10,10:19,00:35,00:25,DELAY,ONTIME,ONTIME,ONTIME,,93,00:05,,,,,,HAN,SGN,SGN,Domestic,VJ,,
2026-02-21|VJ963/VJ567|A539|ICN-HAN-HUI|10:30,2026-02-21,VJ963/VJ567,A539,A321,ICN-HAN-HUI,09:30,10:30,09:30,10:30,09:05,10:24,10:25,10:28,01:00,01:20,EARLY,ONTIME,ONTIME,ONTIME,,,,,,,,,HAN,ICN,HUI,Domestic,VJ,,
2026-02-21|VJ1122/VJ507|A535|SGN-HAN-DAD|10:30,2026-02-21,VJ1122/VJ507,A535,A321,SGN-HAN-DAD,09:40,10:30,09:40,10:30,10:20,10:59,11:00,11:05,00:50,00:40,DELAY,DELAY,DELAY,DELAY,,93,00:20,66,00:10,,,CREW OB 1030,HAN,SGN,DAD,Domestic,VJ,,
2026-02-21|VJ492/VJ463|A642|BMV-HAN-VCA|10:35,2026-02-21,VJ492/VJ463,A642,A321,BMV-HAN-VCA,10:00,10:35,10:00,10:35,10:05,10:29,10:35,10:36,00:35,00:30,ONTIME,ONTIME,ONTIME,ONTIME,,,,,,,,,HAN,BMV,VCA,Domestic,VJ,,
2026-02-21|VJ402/VJ403|A635|DLI-HAN-DLI|10:45,2026-02-21,VJ402/VJ403,A635,A321,DLI-HAN-DLI,10:10,10:45,10:10,10:45,10:00,10:37,10:38,10:48,00:35,00:38,EARLY,ONTIME,ONTIME,ONTIME,,,,,,,,,HAN,DLI,DLI,Domestic,VJ,,
2026-02-21|VJ136/VJ135|A523|SGN-HAN-SGN|11:10,2026-02-21,VJ136/VJ135,A523,A321,SGN-HAN-SGN,10:40,11:10,10:40,11:10,11:20,11:49,11:50,11:53,00:30,00:30,DELAY,DELAY,DELAY,DELAY,,93,00:40,,,,,,HAN,SGN,SGN,Domestic,VJ,,
2026-02-21|VJ430/VJ407|A689|UIH-HAN-DLI|11:25,2026-02-21,VJ430/VJ407,A689,A320,UIH-HAN-DLI,10:55,11:25,10:55,11:25,10:48,11:16,11:18,11:22,00:30,00:30,EARLY,ONTIME,ONTIME,ONTIME,,,,,,,,,HAN,UIH,DLI,Domestic,VJ,,
2026-02-21|VJ1508/VJ137|A639|DAD-HAN-SGN|11:40,2026-02-21,VJ1508/VJ137,A639,A321,DAD-HAN-SGN,11:10,11:40,11:10,12:20,10:50,12:29,12:30,12:35,01:10,01:40,DELAY,ONTIME,DELAY,ONTIME,,95,00:10,,,,,CHANGE CREW FRVJ126 OB 1105,HAN,DAD,SGN,Domestic,VJ,,
2026-02-21|VJ442/VJ946|A575|PQC-HAN-KHH|11:45,2026-02-21,VJ442/VJ946,A575,A321,PQC-HAN-KHH,10:45,11:45,10:45,11:45,11:10,11:49,11:50,11:54,01:00,00:40,DELAY,ONTIME,ONTIME,DELAY,,66,00:05,,,,,CREW OB 1130,HAN,PQC,KHH,International,VJ,,
2026-02-21|VJ981/VJ901|A630|PUS-HAN-BKK|12:15,2026-02-21,VJ981/VJ901,A630,A321,PUS-HAN-BKK,11:00,12:15,11:00,12:15,10:45,12:14,12:15,12:19,01:15,01:30,ONTIME,ONTIME,ONTIME,ONTIME,,,,,,,,,HAN,PUS,BKK,International,VJ,,
2026-02-21|VJ440/VJ441|A675|PQC-HAN-PQC|12:25,2026-02-21,VJ440/VJ441,A675,A320,PQC-HAN-PQC,11:55,12:25,11:55,12:45,12:40,13:13,13:15,13:17,00:50,00:35,DELAY,DELAY,DELAY,DELAY,,93,00:20,66,00:10,,,CREW OB 1250,HAN,PQC,PQC,Domestic,VJ,,
2026-02-21|VJ132/VJ948|A552|SGN-HAN-RMQ|13:30,2026-02-21,VJ132/VJ948,A552,A321,SGN-HAN-RMQ,11:15,13:30,11:15,13:30,12:05,13:28,13:30,13:36,02:15,01:25,ONTIME,ONTIME,ONTIME,DELAY,,,,,,,,,HAN,SGN,RMQ,International,VJ,,
2026-02-21|VJ959/VJ513|A542|FUK-HAN-DAD|13:35,2026-02-21,VJ959/VJ513,A542,A321,FUK-HAN-DAD,12:25,13:35,12:25,13:35,11:40,13:34,13:35,13:44,01:10,01:55,ONTIME,ONTIME,ONTIME,ONTIME,,,,,,,,,HAN,FUK,DAD,Domestic,VJ,,
2026-02-21|VJ770/VJ7422|A578|CXR-HAN-TNN|13:40,2026-02-21,VJ770/VJ7422,A578,A321,CXR-HAN-TNN,11:45,13:40,11:45,13:40,12:04,13:39,13:40,13:55,01:55,01:36,ONTIME,ONTIME,ONTIME,DELAY,,,,,,,,,HAN,CXR,TNN,International,VJ,,
2026-02-21|VJ508/VJ511|A535|DAD-HAN-DAD|14:20,2026-02-21,VJ508/VJ511,A535,A321,DAD-HAN-DAD,13:40,14:20,13:40,14:20,14:58,15:29,15:30,15:40,00:40,00:32,DELAY,DELAY,DELAY,DELAY,,93,01:10,,,,,,HAN,DAD,DAD,Domestic,VJ,,
2026-02-21|VJ939/VJ942|A528|KIX-HAN-TPE|14:25,2026-02-21,VJ939/VJ942,A528,A321,KIX-HAN-TPE,13:05,14:25,13:05,14:25,13:00,14:22,14:23,14:24,01:20,01:23,EARLY,ONTIME,ONTIME,ONTIME,,,,,,,,,HAN,KIX,TPE,International,VJ,,
2026-02-21|VJ566/VJ1491|A539|HUI-HAN-BMV|14:35,2026-02-21,VJ566/VJ1491,A539,A321,HUI-HAN-BMV,13:25,14:35,13:25,14:35,13:35,14:19,14:20,14:26,01:10,00:45,EARLY,ONTIME,ONTIME,ONTIME,,,,,,,,,HAN,HUI,BMV,Domestic,VJ,,
2026-02-21|VJ933/VJ1441|A543|NRT-HAN-PQC|15:30,2026-02-21,VJ933/VJ1441,A543,A321,NRT-HAN-PQC,14:00,15:30,14:00,15:30,13:45,15:24,15:25,15:27,01:30,01:40,EARLY,ONTIME,ONTIME,ONTIME,,,,,,,,,HAN,NRT,PQC,Domestic,VJ,,
2026-02-21|VJ921/VJ199|A516|NGO-HAN-SGN|15:35,2026-02-21,VJ921/VJ199,A516,A321,NGO-HAN-SGN,13:40,15:35,13:40,15:35,12:35,15:34,15:35,16:00,01:55,03:00,ONTIME,ONTIME,DELAY,ONTIME,,,,,,,,,HAN,NGO,SGN,Domestic,VJ,,
2026-02-21|VJ7707/VJ7707|A550|KHV-HAN-CXR|15:40,2026-02-21,VJ7707/VJ7707,A550,A321,KHV-HAN-CXR,15:35,15:40,15:35,15:40,16:25,16:54,16:55,17:24,00:05,00:30,DELAY,DELAY,DELAY,DELAY,,93,01:15,,,,,,HAN,KHV,CXR,Domestic,VJ,,
2026-02-21|VJ941/VJ903|A633|TPE-HAN-BKK|15:50,2026-02-21,VJ941/VJ903,A633,A321,TPE-HAN-BKK,14:10,15:50,14:10,15:50,14:41,15:47,15:48,15:50,01:40,01:07,EARLY,ONTIME,ONTIME,DELAY,,,,,,,,,HAN,TPE,BKK,International,VJ,,
2026-02-21|VJ961/VJ191|A677|ICN-HAN-SGN|15:55,2026-02-21,VJ961/VJ191,A677,A321,ICN-HAN-SGN,14:10,15:55,14:10,15:55,13:42,15:54,15:55,16:05,01:45,02:13,ONTIME,ONTIME,ONTIME,ONTIME,,,,,,,,,HAN,ICN,SGN,Domestic,VJ,,
2026-02-21|VJ460/VJ423|A642|VCA-HAN-PXU|15:55,2026-02-21,VJ460/VJ423,A642,A321,VCA-HAN-PXU,15:30,15:55,15:30,15:55,15:00,15:51,15:52,16:09,00:25,00:52,EARLY,ONTIME,ONTIME,ONTIME,,,,,,,,,HAN,VCA,PXU,Domestic,VJ,,
2026-02-21|VJ128/VJ195|A816|SGN-HAN-SGN|16:00,2026-02-21,VJ128/VJ195,A816,A330,SGN-HAN-SGN,14:00,16:00,14:00,16:00,14:30,15:54,15:55,16:00,02:00,01:25,EARLY,ONTIME,ONTIME,DELAY,,,,,,,,,HAN,SGN,SGN,Domestic,VJ,,
2026-02-21|VJ462/VJ409|A663|VCA-HAN-DLI|16:05,2026-02-21,VJ462/VJ409,A663,A320,VCA-HAN-DLI,15:40,16:05,15:40,16:30,16:05,16:28,16:30,16:57,00:50,00:25,ONTIME,ONTIME,DELAY,DELAY,,,,,,,,,HAN,VCA,DLI,Domestic,VJ,,
2026-02-21|VJ906/VJ913|A648|KUL-HAN-SAI|16:20,2026-02-21,VJ906/VJ913,A648,A321,KUL-HAN-SAI,14:55,16:20,14:55,16:20,14:25,16:13,16:14,16:15,01:25,01:49,EARLY,ONTIME,ONTIME,ONTIME,,,,,,,,,HAN,KUL,SAI,International,VJ,,
2026-02-21|VJ404/VJ515|A635|DLI-HAN-DAD|16:25,2026-02-21,VJ404/VJ515,A635,A321,DLI-HAN-DAD,14:55,16:25,14:55,16:25,15:40,16:24,16:25,16:40,01:30,00:45,ONTIME,ONTIME,ONTIME,DELAY,,,,,,,,,HAN,DLI,DAD,Domestic,VJ,,
2026-02-21|VJ198/VJ147|A644|SGN-HAN-SGN|17:10,2026-02-21,VJ198/VJ147,A644,A321,SGN-HAN-SGN,15:10,17:10,15:10,17:10,16:20,17:09,17:10,17:25,02:00,00:50,ONTIME,ONTIME,ONTIME,DELAY,,,,,,,,,HAN,SGN,SGN,Domestic,VJ,,
2026-02-21|VJ144/VJ145|A639|SGN-HAN-SGN|15:35,2026-02-21,VJ144/VJ145,A639,A321,SGN-HAN-SGN,14:10,15:35,16:40,17:40,17:25,17:54,17:55,18:01,01:00,00:30,DELAY,ONTIME,DELAY,DELAY,,93,00:15,,,,,,HAN,SGN,SGN,Domestic,VJ,,
2026-02-21|VJ514/VJ465|A542|DAD-HAN-VCA|17:25,2026-02-21,VJ514/VJ465,A542,A321,DAD-HAN-VCA,16:45,17:25,16:45,17:25,17:10,17:38,17:40,17:41,00:40,00:30,DELAY,ONTIME,DELAY,DELAY,,93,00:15,,,,,,HAN,DAD,VCA,Domestic,VJ,,
2026-02-21|VJ134/VJ163|-MLI|SGN-HAN-SGN|17:30,2026-02-21,VJ134/VJ163,-MLI,A320,SGN-HAN-SGN,17:00,17:30,17:00,17:50,17:45,18:09,18:10,18:20,00:50,00:25,DELAY,DELAY,DELAY,DELAY,,93,00:20,,,,,,HAN,SGN,SGN,Domestic,VJ,,
2026-02-21|VJ408/VJ445|A689|DLI-HAN-PQC|17:40,2026-02-21,VJ408/VJ445,A689,A320,DLI-HAN-PQC,15:35,17:40,15:35,17:40,15:30,17:39,17:40,17:47,02:05,02:10,ONTIME,ONTIME,ONTIME,ONTIME,,,,,,,,,HAN,DLI,PQC,Domestic,VJ,,
2026-02-21|VJ784/VJ783|A645|CXR-HAN-CXR|17:40,2026-02-21,VJ784/VJ783,A645,A321,CXR-HAN-CXR,17:10,17:40,17:10,17:40,17:00,17:38,17:40,17:35,00:30,00:40,ONTIME,ONTIME,ONTIME,ONTIME,,,,,,,,,HAN,CXR,CXR,Domestic,VJ,,
2026-02-21|VJ902/VJ193|A630|BKK-HAN-SGN|18:10,2026-02-21,VJ902/VJ193,A630,A321,BKK-HAN-SGN,17:00,18:10,17:00,18:10,17:25,18:39,18:40,18:45,01:10,01:15,DELAY,DELAY,DELAY,DELAY,,95,00:30,,,,,CHANGE CREW FRVJ194 OB 1820,HAN,BKK,SGN,Domestic,VJ,,
2026-02-21|VJ194/VJ1445|A548|SGN-HAN-PQC|18:20,2026-02-21,VJ194/VJ1445,A548,A321,SGN-HAN-PQC,17:30,18:20,17:30,18:20,18:00,19:26,19:27,19:30,00:50,01:27,DELAY,DELAY,DELAY,DELAY,,95,01:07,,,,,CHANGE CREW FRVJ446 OB 1900,HAN,SGN,PQC,Domestic,VJ,,
2026-02-21|VJ900/VJ493|A554|DPS-HAN-BMV|18:25,2026-02-21,VJ900/VJ493,A554,A321,DPS-HAN-BMV,17:20,18:25,17:20,18:25,16:55,18:39,18:40,18:47,01:05,01:45,DELAY,ONTIME,DELAY,ONTIME,,95,00:15,,,,,CHANGE CREW FRVJ902 OB 1810,HAN,DPS,BMV,Domestic,VJ,,
2026-02-21|VJ916/VJ165|A537|SIN-HAN-SGN|18:30,2026-02-21,VJ916/VJ165,A537,A321,SIN-HAN-SGN,17:25,18:30,17:25,18:30,17:00,18:29,18:30,18:40,01:05,01:30,ONTIME,ONTIME,ONTIME,ONTIME,,,,,,,,,HAN,SIN,SGN,Domestic,VJ,,
2026-02-21|VJ957/VJ1925|A658|PUS-HAN-AMD|19:00,2026-02-21,VJ957/VJ1925,A658,A320,PUS-HAN-AMD,18:10,19:00,18:10,19:00,18:02,18:51,18:52,18:55,00:50,00:50,EARLY,ONTIME,ONTIME,ONTIME,,,,,,,,,HAN,PUS,AMD,International,VJ,,
2026-02-21|VJ424/VJ779|A635|PXU-HAN-CXR|19:00,2026-02-21,VJ424/VJ779,A635,A321,PXU-HAN-CXR,19:35,19:00,20:00,20:45,20:20,20:49,20:50,21:15,00:45,00:30,DELAY,ONTIME,DELAY,DELAY,,93,00:05,,,,,,HAN,PXU,CXR,Domestic,VJ,,
2026-02-21|VJ947/VJ173|A575|KHH-HAN-SGN|19:05,2026-02-21,VJ947/VJ173,A575,A321,KHH-HAN-SGN,18:05,19:05,18:05,19:05,17:50,19:04,19:05,19:20,01:00,01:15,ONTIME,ONTIME,ONTIME,ONTIME,,,,,,,,,HAN,KHH,SGN,Domestic,VJ,,
2026-02-21|VJ450/VJ971|A811|PQC-HAN-DEL|19:10,2026-02-21,VJ450/VJ971,A811,A330,PQC-HAN-DEL,14:00,19:10,14:00,19:10,14:00,19:09,19:10,19:20,05:10,05:10,ONTIME,ONTIME,ONTIME,ONTIME,,,,,,,,,HAN,PQC,DEL,International,VJ,,
2026-02-21|VJ446/VJ569|A675|PQC-HAN-HUI|19:15,2026-02-21,VJ446/VJ569,A675,A320,PQC-HAN-HUI,17:10,19:15,18:10,20:00,18:42,19:54,19:56,20:13,01:50,01:14,EARLY,ONTIME,DELAY,DELAY,,,,,,,,,HAN,PQC,HUI,Domestic,VJ,,
2026-02-21|VJ152/VJ519|A697|SGN-HAN-DAD|19:50,2026-02-21,VJ152/VJ519,A697,A321,SGN-HAN-DAD,19:15,19:50,19:15,19:50,19:15,19:48,19:49,20:00,00:35,00:34,EARLY,ONTIME,ONTIME,ONTIME,,,,,,,,,HAN,SGN,DAD,Domestic,VJ,,
2026-02-21|VJ512/VJ155|A670|DAD-HAN-SGN|20:05,2026-02-21,VJ512/VJ155,A670,A321,DAD-HAN-SGN,18:30,20:05,18:30,20:05,18:53,20:01,20:03,20:15,01:35,01:10,EARLY,ONTIME,ONTIME,DELAY,,,,,,,,,HAN,DAD,SGN,Domestic,VJ,,
2026-02-21|VJ928/VJ7712|A666|CGK-HAN-PKX|20:05,2026-02-21,VJ928/VJ7712,A666,A320,CGK-HAN-PKX,18:15,20:05,18:15,20:05,17:55,20:01,20:03,20:15,01:50,02:08,EARLY,ONTIME,ONTIME,ONTIME,,,,,,,,,HAN,CGK,PKX,International,VJ,,
2026-02-21|VJ949/VJ177|A552|RMQ-HAN-SGN|20:50,2026-02-21,VJ949/VJ177,A552,A321,RMQ-HAN-SGN,19:50,20:50,19:50,20:50,19:56,20:47,20:48,21:05,01:00,00:52,EARLY,ONTIME,ONTIME,ONTIME,,,,,,,,,HAN,RMQ,SGN,Domestic,VJ,,
2026-02-21|VJ516/VJ521|A642|DAD-HAN-DAD|20:50,2026-02-21,VJ516/VJ521,A642,A321,DAD-HAN-DAD,19:35,20:50,19:35,20:50,20:25,20:54,20:55,20:59,01:15,00:30,DELAY,ONTIME,ONTIME,DELAY,,93,00:05,,,,,,HAN,DAD,DAD,Domestic,VJ,,
2026-02-21|VJ1440/VJ1197|A543|PQC-HAN-SGN|20:50,2026-02-21,VJ1440/VJ1197,A543,A321,PQC-HAN-SGN,20:10,20:50,20:10,20:50,20:30,21:09,21:10,21:15,00:40,00:40,DELAY,DELAY,DELAY,DELAY,,93,00:10,66,00:10,,,CREW OB 2040,HAN,PQC,SGN,Domestic,VJ,,
2026-02-21|VJ953/VJ7306|A656|HIJ-HAN-TFU|20:55,2026-02-21,VJ953/VJ7306,A656,A320,HIJ-HAN-TFU,15:50,20:55,15:50,20:55,16:05,20:52,20:54,21:00,05:05,04:49,EARLY,ONTIME,ONTIME,ONTIME,,,,,,,,,HAN,HIJ,TFU,International,VJ,,
2026-02-21|VJ7423/VJ7238|A578|TNN-HAN-PVG|21:30,2026-02-21,VJ7423/VJ7238,A578,A321,TNN-HAN-PVG,19:50,21:30,19:50,21:30,19:45,21:29,21:30,21:39,01:40,01:45,ONTIME,ONTIME,ONTIME,ONTIME,,,,,,,,,HAN,TNN,PVG,International,VJ,,
2026-02-21|VJ160/VJ161|A522|SGN-HAN-SGN|21:50,2026-02-21,VJ160/VJ161,A522,A321,SGN-HAN-SGN,21:15,21:50,21:15,21:50,21:30,21:59,22:00,22:05,00:35,00:30,DELAY,ONTIME,ONTIME,ONTIME,,93,00:10,,,,,,HAN,SGN,SGN,Domestic,VJ,,
2026-02-21|VJ158/VJ123|A636|SGN-HAN-SGN|22:10,2026-02-21,VJ158/VJ123,A636,A321,SGN-HAN-SGN,20:30,22:10,23:00,23:35,23:35,00:04,00:05,00:11,00:35,00:30,DELAY,DELAY,DELAY,DELAY,,93,00:30,,,,,,HAN,SGN,SGN,Domestic,VJ,,
2026-02-21|VJ568/VJ523|A675|HUI-HAN-DAD|22:45,2026-02-21,VJ568/VJ523,A675,A320,HUI-HAN-DAD,22:15,22:45,23:00,23:35,23:20,23:44,23:45,00:00,00:35,00:25,DELAY,ONTIME,DELAY,DELAY,,93,00:10,,,,,,HAN,HUI,DAD,Domestic,VJ,,
2026-02-21|VJ904/VJ962|A633|BKK-HAN-ICN|22:50,2026-02-21,VJ904/VJ962,A633,A321,BKK-HAN-ICN,20:25,22:50,20:25,22:50,21:00,22:49,22:50,22:55,02:25,01:50,ONTIME,ONTIME,ONTIME,DELAY,,,,,,,,,HAN,BKK,ICN,International,VJ,,
2026-02-21|VJ196/VJ171|A647|SGN-HAN-SGN|23:25,2026-02-21,VJ196/VJ171,A647,A321,SGN-HAN-SGN,21:20,23:25,21:20,23:25,23:20,23:59,00:00,00:08,02:05,00:40,DELAY,DELAY,DELAY,DELAY,,93,00:25,99,00:10,,,SUPPORT OVERBOOKED PAX,HAN,SGN,SGN,Domestic,VJ,,
2026-02-21|VJ156/VJ159|A639|SGN-HAN-SGN|23:40,2026-02-21,VJ156/VJ159,A639,A321,SGN-HAN-SGN,23:10,23:40,23:55,00:30,00:40,01:09,01:10,01:15,00:35,00:30,DELAY,DELAY,DELAY,ONTIME,,93,00:40,,,,,,HAN,SGN,SGN,Domestic,VJ,,
2026-02-21|VJ494/VJ7526|A554|BMV-HAN-CAN|23:40,2026-02-21,VJ494/VJ7526,A554,A321,BMV-HAN-CAN,22:25,23:40,22:25,23:40,22:55,23:34,23:35,23:44,01:15,00:40,EARLY,ONTIME,ONTIME,DELAY,,,,,,,,,HAN,BMV,CAN,International,VJ,,
2026-02-21|VJ190/VJ1125|A644|SGN-HAN-SGN|23:50,2026-02-21,VJ190/VJ1125,A644,A321,SGN-HAN-SGN,22:10,23:50,00:30,01:05,00:40,01:19,01:20,01:25,00:35,00:40,DELAY,ONTIME,DELAY,ONTIME,,93,00:10,95,00:05,,,CHANGE CREW FRVJ190 OB 0045,HAN,SGN,SGN,Domestic,VJ,,
2026-02-21|VJ172/VJ1161|A669|SGN-HAN-SGN|01:15,2026-02-21,VJ172/VJ1161,A669,A321,SGN-HAN-SGN,00:40,01:15,00:55,01:15,01:30,01:49,01:50,01:58,00:20,00:20,DELAY,DELAY,DELAY,DELAY,,93,00:35,,,,,,HAN,SGN,SGN,Domestic,VJ,,
2026-02-21|VJ914/VJ1163|A648|SAI-HAN-SGN|23:00,2026-02-21,VJ914/VJ1163,A648,A321,SAI-HAN-SGN,20:50,23:00,20:50,23:00,20:40,22:59,23:00,23:05,02:10,02:20,ONTIME,ONTIME,ONTIME,ONTIME,,,,,,,,,HAN,SAI,SGN,Domestic,VJ,,
2026-02-22|VJ3521/VJ3521|A516|PQC-HAN-VVO|00:25,2026-02-22,VJ3521/VJ3521,A516,A321,PQC-HAN-VVO,23:55,00:25,23:55,00:25,23:50,00:19,00:20,00:29,00:30,00:30,EARLY,ONTIME,ONTIME,ONTIME,,,,,,,,,HAN,PQC,VVO,International,VJ,,
2026-02-22|VJ932|A816|HAN-NRT|00:55,2026-02-22,VJ932,A816,A330,HAN-NRT,,00:55,,00:55,,00:54,00:55,01:05,,,ONTIME,ONTIME,ONTIME,,,,,,,,,,HAN,,NRT,International,VJ,,
2026-02-22|VJ982|A542|HAN-PUS|01:00,2026-02-22,VJ982,A542,A321,HAN-PUS,,01:00,,01:00,,00:59,01:00,01:01,,,ONTIME,ONTIME,ONTIME,,,,,,,,,,HAN,,PUS,International,VJ,,
2026-02-22|VJ920|A525|HAN-NGO|01:35,2026-02-22,VJ920,A525,A321,HAN-NGO,,01:35,,01:35,,01:29,01:30,01:34,,,EARLY,ONTIME,ONTIME,,,,,,,,,,HAN,,NGO,International,VJ,,
2026-02-22|VJ938|A549|HAN-KIX|01:40,2026-02-22,VJ938,A549,A321,HAN-KIX,,01:40,,01:40,,01:39,01:40,01:50,,,ONTIME,ONTIME,ONTIME,,,,,,,,,,HAN,,KIX,International,VJ,,
2026-02-22|VJ960|A640|HAN-ICN|01:45,2026-02-22,VJ960,A640,A321,HAN-ICN,,01:45,,01:45,,01:42,01:43,01:46,,,EARLY,ONTIME,ONTIME,,,,,,,,,,HAN,,ICN,International,VJ,,
2026-02-22|VJ958|A647|HAN-FUK|02:05,2026-02-22,VJ958,A647,A321,HAN-FUK,,02:05,,02:05,,01:53,01:55,01:58,,,EARLY,ONTIME,ONTIME,,,,,,,,,,HAN,,FUK,International,VJ,,
2026-02-22|VJ1166/VJ1165|A644|SGN-HAN-SGN|03:40,2026-02-22,VJ1166/VJ1165,A644,A321,SGN-HAN-SGN,03:35,03:40,03:35,03:40,04:15,04:44,04:45,04:47,00:05,00:30,DELAY,DELAY,DELAY,DELAY,,93,01:05,,,,,,HAN,SGN,SGN,Domestic,VJ,,
2026-02-22|VJ1121|A528|HAN-SGN|04:10,2026-02-22,VJ1121,A528,A321,HAN-SGN,,04:10,,04:10,,04:04,04:05,04:12,,,EARLY,ONTIME,ONTIME,,,,,,,,,,HAN,,SGN,Domestic,VJ,,
2026-02-22|VJ179|A575|HAN-SGN|05:00,2026-02-22,VJ179,A575,A321,HAN-SGN,,05:00,,05:00,,04:54,04:55,04:59,,,EARLY,ONTIME,ONTIME,,,,,,,,,,HAN,,SGN,Domestic,VJ,,
2026-02-22|VJ185|A639|HAN-SGN|05:10,2026-02-22,VJ185,A639,A321,HAN-SGN,,05:10,,05:10,,05:04,05:05,05:13,,,EARLY,ONTIME,ONTIME,,,,,,,,,,HAN,,SGN,Domestic,VJ,,
2026-02-22|VJ7713/VJ1123|A699|PKX-HAN-SGN|05:20,2026-02-22,VJ7713/VJ1123,A699,A320,PKX-HAN-SGN,04:10,05:20,04:10,05:20,04:20,05:14,05:15,05:26,01:10,00:55,EARLY,ONTIME,ONTIME,ONTIME,,,,,,,,,HAN,PKX,SGN,Domestic,VJ,,
2026-02-22|VJ509|A648|HAN-DAD|05:25,2026-02-22,VJ509,A648,A321,HAN-DAD,,05:25,,05:25,,05:19,05:20,05:25,,,EARLY,ONTIME,ONTIME,,,,,,,,,,HAN,,DAD,Domestic,VJ,,
2026-02-22|VJ461|A635|HAN-VCA|05:30,2026-02-22,VJ461,A635,A321,HAN-VCA,,05:30,,05:30,,05:24,05:25,05:35,,,EARLY,ONTIME,ONTIME,,,,,,,,,,HAN,,VCA,Domestic,VJ,,
2026-02-22|VJ443|A677|HAN-PQC|06:00,2026-02-22,VJ443,A677,A321,HAN-PQC,,06:00,,06:00,,06:04,06:05,06:13,,,DELAY,ONTIME,ONTIME,,,15A,00:04,,,,,OFFLOAD 8 PAX AND 4 PCS BAGS,HAN,,PQC,Domestic,VJ,,
2026-02-22|VJ1124/VJ491|A649|SGN-HAN-BMV|06:00,2026-02-22,VJ1124/VJ491,A649,A321,SGN-HAN-BMV,04:50,06:00,04:50,06:00,05:25,05:54,05:55,06:01,01:10,00:30,EARLY,ONTIME,ONTIME,DELAY,,,,,,,,,HAN,SGN,BMV,Domestic,VJ,,
2026-02-22|VJ7307/VJ952|A656|TFU-HAN-HIJ|06:35,2026-02-22,VJ7307/VJ952,A656,A320,TFU-HAN-HIJ,02:15,06:35,02:15,06:35,01:55,06:29,06:30,06:32,04:20,04:35,EARLY,ONTIME,ONTIME,ONTIME,,,,,,,,,HAN,TFU,HIJ,International,VJ,,
2026-02-22|VJ7527/VJ181|A554|CAN-HAN-SGN|06:40,2026-02-22,VJ7527/VJ181,A554,A321,CAN-HAN-SGN,04:35,06:40,04:35,06:40,04:08,06:34,06:35,06:45,02:05,02:27,EARLY,ONTIME,ONTIME,ONTIME,,,,,,,,,HAN,CAN,SGN,Domestic,VJ,,
2026-02-22|VJ105|652G|HAN-VCS|06:45,2026-02-22,VJ105,652G,C909,HAN-VCS,,06:45,,06:45,,06:35,06:36,06:43,,,EARLY,ONTIME,ONTIME,,,,,,,,,,HAN,,VCS,Domestic,VJ,,
2026-02-22|VJ1196/VJ421|A657|SGN-HAN-PXU|06:55,2026-02-22,VJ1196/VJ421,A657,A321,SGN-HAN-PXU,02:20,06:55,02:20,06:55,03:00,06:49,06:50,06:58,04:35,03:50,EARLY,ONTIME,ONTIME,DELAY,,,,,,,,,HAN,SGN,PXU,Domestic,VJ,,
2026-02-22|VJ431|A663|HAN-UIH|07:10,2026-02-22,VJ431,A663,A320,HAN-UIH,,07:10,,07:10,,07:04,07:05,07:10,,,EARLY,ONTIME,ONTIME,,,,,,,,,,HAN,,UIH,Domestic,VJ,,
2026-02-22|VJ7239/VJ905|A578|PVG-HAN-KUL|07:10,2026-02-22,VJ7239/VJ905,A578,A321,PVG-HAN-KUL,05:15,07:10,05:15,07:10,04:45,07:04,07:05,07:13,01:55,02:20,EARLY,ONTIME,ONTIME,ONTIME,,,,,,,,,HAN,PVG,KUL,International,VJ,,
2026-02-22|VJ1926/VJ956|A658|AMD-HAN-PUS|07:30,2026-02-22,VJ1926/VJ956,A658,A320,AMD-HAN-PUS,06:20,07:30,06:20,07:30,05:20,07:39,07:40,07:50,01:10,02:20,DELAY,ONTIME,DELAY,ONTIME,,87,00:10,,,,,STUCK AT IMMI,HAN,AMD,PUS,International,VJ,,
2026-02-22|VJ940|A670|HAN-TPE|07:35,2026-02-22,VJ940,A670,A321,HAN-TPE,,07:35,,07:35,,07:39,07:40,07:48,,,DELAY,ONTIME,ONTIME,,,87,00:05,,,,,STUCK AT IMMI,HAN,,TPE,International,VJ,,
2026-02-22|VJ502/VJ1507|A642|DAD-HAN-DAD|08:00,2026-02-22,VJ502/VJ1507,A642,A321,DAD-HAN-DAD,07:05,08:00,07:05,08:00,07:15,07:54,07:55,08:05,00:55,00:40,EARLY,ONTIME,ONTIME,ONTIME,,,,,,,,,HAN,DAD,DAD,Domestic,VJ,,
2026-02-22|VJ122/VJ771|A636|SGN-HAN-CXR|08:10,2026-02-22,VJ122/VJ771,A636,A321,SGN-HAN-CXR,07:30,08:10,07:30,08:10,08:05,08:33,08:35,08:40,00:40,00:30,DELAY,DELAY,DELAY,DELAY,,93,00:25,,,,,,HAN,SGN,CXR,Domestic,VJ,,
2026-02-22|VJ107|656E|HAN-VCS|08:15,2026-02-22,VJ107,656E,C909,HAN-VCS,,08:15,,08:15,,08:09,08:10,08:15,,,EARLY,ONTIME,ONTIME,,,,,,,,,,HAN,,VCS,Domestic,VJ,,
2026-02-22|VJ930|A539|HAN-KIX|08:20,2026-02-22,VJ930,A539,A321,HAN-KIX,,08:20,,08:20,,08:29,08:30,08:38,,,DELAY,ONTIME,DELAY,,,87,00:10,,,,,STUCK AT IMMI,HAN,,KIX,International,VJ,,
2026-02-22|VJ934|A653|HAN-NRT|08:20,2026-02-22,VJ934,A653,A321,HAN-NRT,,08:20,,08:20,,08:29,08:30,08:30,,,DELAY,ONTIME,ONTIME,,,87,00:10,,,,,STUCK AT IMMI,HAN,,NRT,International,VJ,,
2026-02-22|VJ524/VJ929|A675|DAD-HAN-CGK|08:40,2026-02-22,VJ524/VJ929,A675,A320,DAD-HAN-CGK,07:40,08:40,07:40,08:40,07:40,08:39,08:40,08:47,01:00,01:00,ONTIME,ONTIME,ONTIME,ONTIME,,,,,,,,,HAN,DAD,CGK,International,VJ,,
2026-02-22|VJ972/VJ773|A811|DEL-HAN-CXR|09:00,2026-02-22,VJ972/VJ773,A811,A330,DEL-HAN-CXR,05:35,09:00,05:35,09:00,05:35,09:09,09:10,09:15,03:25,03:35,DELAY,ONTIME,ONTIME,ONTIME,,15A,00:10,,,,,CUT 04PAX & 03 KIỆN,HAN,DEL,CXR,Domestic,VJ,,
2026-02-22|VJ126/VJ127|A526|SGN-HAN-SGN|09:05,2026-02-22,VJ126/VJ127,A526,A321,SGN-HAN-SGN,08:35,09:05,08:35,09:35,09:10,09:39,09:40,09:48,01:00,00:30,DELAY,ONTIME,DELAY,DELAY,,93,00:05,,,,,LATE ARR,HAN,SGN,SGN,Domestic,VJ,,
2026-02-22|VJ124/VJ125|A537|SGN-HAN-SGN|09:20,2026-02-22,VJ124/VJ125,A537,A321,SGN-HAN-SGN,08:50,09:20,08:50,09:50,09:25,09:54,09:55,10:02,01:00,00:30,DELAY,ONTIME,DELAY,DELAY,,93,00:05,,,,,,HAN,SGN,SGN,Domestic,VJ,,
2026-02-22|VJ510/VJ915|A648|DAD-HAN-SIN|09:35,2026-02-22,VJ510/VJ915,A648,A321,DAD-HAN-SIN,08:35,09:35,08:35,09:35,08:40,09:34,09:35,09:45,01:00,00:55,ONTIME,ONTIME,ONTIME,ONTIME,,,,,,,,,HAN,DAD,SIN,International,VJ,,
2026-02-22|VJ1120/VJ997|A528|SGN-HAN-DPS|10:00,2026-02-22,VJ1120/VJ997,A528,A321,SGN-HAN-DPS,09:00,10:00,09:00,10:25,09:40,10:24,10:25,10:30,01:25,00:45,ONTIME,ONTIME,DELAY,DELAY,,,,,,,,,HAN,SGN,DPS,International,VJ,,
2026-02-22|VJ148/VJ149|-NVG|SGN-HAN-SGN|10:05,2026-02-22,VJ148/VJ149,-NVG,A320,SGN-HAN-SGN,09:30,10:05,09:30,10:05,10:00,10:24,10:25,10:35,00:35,00:25,DELAY,DELAY,DELAY,DELAY,,93,00:20,,,,,,HAN,SGN,SGN,Domestic,VJ,,
2026-02-22|VJ963/VJ463|A633|ICN-HAN-VCA|10:30,2026-02-22,VJ963/VJ463,A633,A321,ICN-HAN-VCA,09:30,10:30,09:30,10:30,09:15,10:29,10:30,10:41,01:00,01:15,ONTIME,ONTIME,ONTIME,ONTIME,,,,,,,,,HAN,ICN,VCA,Domestic,VJ,,
2026-02-22|VJ492/VJ507|A649|BMV-HAN-DAD|10:30,2026-02-22,VJ492/VJ507,A649,A321,BMV-HAN-DAD,10:00,10:30,10:00,10:30,10:15,10:44,10:45,10:52,00:30,00:30,DELAY,ONTIME,DELAY,ONTIME,,93,00:15,,,,,,HAN,BMV,DAD,Domestic,VJ,,
2026-02-22|VJ422/VJ567|A657|PXU-HAN-HUI|11:00,2026-02-22,VJ422/VJ567,A657,A321,PXU-HAN-HUI,10:30,11:00,10:30,11:00,10:35,10:59,11:00,11:10,00:30,00:25,ONTIME,ONTIME,ONTIME,ONTIME,,,,,,,,,HAN,PXU,HUI,Domestic,VJ,,
2026-02-22|VJ184/VJ129|A810|SGN-HAN-SGN|11:25,2026-02-22,VJ184/VJ129,A810,A330,SGN-HAN-SGN,10:25,11:25,10:25,11:25,11:10,11:54,11:55,11:58,01:00,00:45,DELAY,DELAY,DELAY,DELAY,,93,00:30,,,,,,HAN,SGN,SGN,Domestic,VJ,,
2026-02-22|VJ430/VJ407|A663|UIH-HAN-DLI|11:25,2026-02-22,VJ430/VJ407,A663,A320,UIH-HAN-DLI,10:55,11:25,10:55,11:25,10:55,11:17,11:18,11:25,00:30,00:23,EARLY,ONTIME,ONTIME,ONTIME,,,,,,,,,HAN,UIH,DLI,Domestic,VJ,,
2026-02-22|VJ1122/VJ403|A655|SGN-HAN-DLI|11:30,2026-02-22,VJ1122/VJ403,A655,A320,SGN-HAN-DLI,10:10,11:30,10:10,11:30,11:05,12:19,12:20,12:30,01:20,01:15,DELAY,DELAY,DELAY,DELAY,,95,00:50,,,,,CREW FROM VJ1508 OB 1200,HAN,SGN,DLI,Domestic,VJ,,
2026-02-22|VJ1508/VJ137|A642|DAD-HAN-SGN|11:40,2026-02-22,VJ1508/VJ137,A642,A321,DAD-HAN-SGN,11:10,11:40,11:10,11:40,11:25,12:09,12:10,12:25,00:30,00:45,DELAY,DELAY,DELAY,ONTIME,,93,00:15,95,00:15,,,CHANGE CREW FROM VJ442 OB 1140,HAN,DAD,SGN,Domestic,VJ,,
2026-02-22|VJ442/VJ946|A677|PQC-HAN-KHH|11:45,2026-02-22,VJ442/VJ946,A677,A321,PQC-HAN-KHH,10:45,11:45,10:45,11:45,11:25,12:04,12:05,12:15,01:00,00:40,DELAY,DELAY,DELAY,DELAY,,93,00:10,66,00:10,,,LATE ARR/CHANGE CREW HN OB 1140,HAN,PQC,KHH,International,VJ,,
2026-02-22|VJ132/VJ901|A673|SGN-HAN-BKK|12:15,2026-02-22,VJ132/VJ901,A673,A321,SGN-HAN-BKK,11:10,12:15,11:10,14:00,13:35,14:19,14:20,14:29,02:50,00:45,DELAY,DELAY,DELAY,DELAY,,93,00:10,66,00:10,,,LATE ARR/CHANGE CREW HN OB 1355,HAN,SGN,BKK,International,VJ,,
2026-02-22|VJ136/VJ135|A522|SGN-HAN-SGN|12:20,2026-02-22,VJ136/VJ135,A522,A321,SGN-HAN-SGN,11:50,12:20,11:50,12:20,12:15,12:44,12:45,12:59,00:30,00:30,DELAY,DELAY,DELAY,DELAY,,93,00:25,,,,,,HAN,SGN,SGN,Domestic,VJ,,
2026-02-22|VJ440/VJ441|A689|PQC-HAN-PQC|12:25,2026-02-22,VJ440/VJ441,A689,A320,PQC-HAN-PQC,11:55,12:25,11:55,12:50,13:10,13:34,13:35,13:43,00:55,00:25,DELAY,DELAY,DELAY,DELAY,,93,00:45,,,,,,HAN,PQC,PQC,Domestic,VJ,,
2026-02-22|VJ516/VJ1177|A637|DAD-HAN-SGN|12:40,2026-02-22,VJ516/VJ1177,A637,A321,DAD-HAN-SGN,12:05,12:40,19:50,22:00,21:00,21:58,21:59,22:00,02:10,00:59,EARLY,ONTIME,DELAY,DELAY,,,,,,,,,HAN,DAD,SGN,Domestic,VJ,,
2026-02-22|VJ3522/VJ3522|A516|VVO-HAN-PQC|12:50,2026-02-22,VJ3522/VJ3522,A516,A321,VVO-HAN-PQC,12:20,12:50,12:20,12:50,12:20,14:54,14:55,15:03,00:30,02:35,DELAY,DELAY,DELAY,ONTIME,,95,02:05,,,,,CHANGE CREW FROM VJ132 OB 1430,HAN,VVO,PQC,Domestic,VJ,,
2026-02-22|VJ959/VJ948|A647|FUK-HAN-RMQ|13:30,2026-02-22,VJ959/VJ948,A647,A321,FUK-HAN-RMQ,12:25,13:30,12:25,13:30,11:50,13:22,13:23,13:28,01:05,01:33,EARLY,ONTIME,ONTIME,ONTIME,,,,,,,,,HAN,FUK,RMQ,International,VJ,,
2026-02-22|VJ981/VJ513|A629|PUS-HAN-DAD|13:35,2026-02-22,VJ981/VJ513,A629,A321,PUS-HAN-DAD,11:45,13:35,11:45,13:35,12:00,13:29,13:30,13:40,01:50,01:30,EARLY,ONTIME,ONTIME,ONTIME,,,,,,,,,HAN,PUS,DAD,Domestic,VJ,,
2026-02-22|VJ780/VJ781|A684|CXR-HAN-CXR|13:40,2026-02-22,VJ780/VJ781,A684,A321,CXR-HAN-CXR,13:10,13:40,13:10,14:15,13:45,14:14,14:15,14:30,01:05,00:30,ONTIME,ONTIME,DELAY,DELAY,,,,,,,,,HAN,CXR,CXR,Domestic,VJ,,
2026-02-22|VJ188/VJ151|-NVE|SGN-HAN-SGN|14:00,2026-02-22,VJ188/VJ151,-NVE,A320,SGN-HAN-SGN,13:25,14:00,15:45,16:50,16:25,16:49,16:50,17:05,01:05,00:25,ONTIME,ONTIME,DELAY,DELAY,,,,,,,,,HAN,SGN,SGN,Domestic,VJ,,
2026-02-22|VJ508/VJ511|A649|DAD-HAN-DAD|14:20,2026-02-22,VJ508/VJ511,A649,A321,DAD-HAN-DAD,13:40,14:20,13:40,16:30,16:45,17:29,17:30,17:52,02:50,00:45,DELAY,DELAY,DELAY,DELAY,,93,00:45,66,00:15,,,LATE ARR/ CHANGE CREW OB 1715,HAN,DAD,DAD,Domestic,VJ,,
2026-02-22|VJ939/VJ942|A549|KIX-HAN-TPE|14:25,2026-02-22,VJ939/VJ942,A549,A321,KIX-HAN-TPE,13:05,14:25,13:05,14:25,12:55,14:24,14:25,14:28,01:20,01:30,ONTIME,ONTIME,ONTIME,ONTIME,,,,,,,,,HAN,KIX,TPE,International,VJ,,
2026-02-22|VJ566/VJ1491|A657|HUI-HAN-BMV|14:35,2026-02-22,VJ566/VJ1491,A657,A321,HUI-HAN-BMV,14:00,14:35,14:00,14:35,13:35,14:34,14:35,14:43,00:35,01:00,ONTIME,ONTIME,ONTIME,ONTIME,,,,,,,,,HAN,HUI,BMV,Domestic,VJ,,
2026-02-22|VJ138/VJ153|A644|SGN-HAN-SGN|15:10,2026-02-22,VJ138/VJ153,A644,A321,SGN-HAN-SGN,14:40,15:10,14:40,16:25,16:40,17:09,17:10,17:40,01:45,00:30,DELAY,DELAY,DELAY,DELAY,,93,00:45,,,,,,HAN,SGN,SGN,Domestic,VJ,,
2026-02-22|VJ941/VJ1441|A670|TPE-HAN-PQC|15:30,2026-02-22,VJ941/VJ1441,A670,A321,TPE-HAN-PQC,14:10,15:30,14:10,15:30,14:35,15:21,15:22,15:29,01:20,00:47,EARLY,ONTIME,ONTIME,DELAY,,,,,,,,,HAN,TPE,PQC,Domestic,VJ,,
2026-02-22|VJ144/VJ1145|A812|SGN-HAN-SGN|15:35,2026-02-22,VJ144/VJ1145,A812,A330,SGN-HAN-SGN,14:10,15:35,14:10,15:35,15:35,16:14,16:15,16:35,01:25,00:40,DELAY,DELAY,DELAY,DELAY,,93,00:40,,,,,,HAN,SGN,SGN,Domestic,VJ,,
2026-02-22|VJ921/VJ903|A525|NGO-HAN-BKK|15:50,2026-02-22,VJ921/VJ903,A525,A321,NGO-HAN-BKK,13:40,15:50,13:40,15:50,13:15,15:41,15:42,16:05,02:10,02:27,EARLY,ONTIME,ONTIME,ONTIME,,,,,,,,,HAN,NGO,BKK,International,VJ,,
2026-02-22|VJ770/VJ191|A636|CXR-HAN-SGN|15:55,2026-02-22,VJ770/VJ191,A636,A321,CXR-HAN-SGN,12:20,15:55,12:20,15:55,14:44,15:54,15:55,16:05,03:35,01:11,ONTIME,ONTIME,ONTIME,DELAY,,,,,,,,,HAN,CXR,SGN,Domestic,VJ,,
2026-02-22|VJ933/VJ1195|A816|NRT-HAN-SGN|16:00,2026-02-22,VJ933/VJ1195,A816,A330,NRT-HAN-SGN,14:00,16:00,14:00,16:00,14:05,15:59,16:00,16:30,02:00,01:55,ONTIME,ONTIME,DELAY,ONTIME,,,,,,,,,HAN,NRT,SGN,Domestic,VJ,,
2026-02-22|VJ961/VJ7386|A640|ICN-HAN-TPE|16:00,2026-02-22,VJ961/VJ7386,A640,A321,ICN-HAN-TPE,14:10,16:00,14:10,16:00,14:00,15:44,15:45,15:55,01:50,01:45,EARLY,ONTIME,ONTIME,ONTIME,,,,,,,,,HAN,ICN,TPE,International,VJ,,
2026-02-22|VJ408/VJ409|A663|DLI-HAN-DLI|16:05,2026-02-22,VJ408/VJ409,A663,A320,DLI-HAN-DLI,15:35,16:05,15:35,16:05,15:25,16:04,16:05,16:20,00:30,00:40,ONTIME,ONTIME,ONTIME,ONTIME,,,,,,,,,HAN,DLI,DLI,Domestic,VJ,,
2026-02-22|VJ906/VJ913|A578|KUL-HAN-SAI|16:20,2026-02-22,VJ906/VJ913,A578,A321,KUL-HAN-SAI,14:55,16:20,14:55,16:20,14:35,16:14,16:15,16:35,01:25,01:40,EARLY,ONTIME,ONTIME,ONTIME,,,,,,,,,HAN,KUL,SAI,International,VJ,,
2026-02-22|VJ462/VJ515|A635|VCA-HAN-DAD|16:25,2026-02-22,VJ462/VJ515,A635,A321,VCA-HAN-DAD,15:40,16:25,15:40,16:25,16:30,16:54,16:55,17:24,00:45,00:25,DELAY,DELAY,DELAY,DELAY,,93,00:30,,,,,,HAN,VCA,DAD,Domestic,VJ,,
2026-02-22|VJ460/VJ423|A633|VCA-HAN-PXU|17:00,2026-02-22,VJ460/VJ423,A633,A321,VCA-HAN-PXU,15:25,17:00,15:25,17:00,15:55,16:59,17:00,17:30,01:35,01:05,ONTIME,ONTIME,DELAY,DELAY,,,,,,,,,HAN,VCA,PXU,Domestic,VJ,,
2026-02-22|VJ953/VJ147|A656|HIJ-HAN-SGN|17:10,2026-02-22,VJ953/VJ147,A656,A320,HIJ-HAN-SGN,16:20,17:10,16:20,17:10,16:40,17:09,17:10,17:38,00:50,00:30,ONTIME,ONTIME,DELAY,DELAY,,,,,,,,,HAN,HIJ,SGN,Domestic,VJ,,
2026-02-22|VJ514/VJ465|A629|DAD-HAN-VCA|17:25,2026-02-22,VJ514/VJ465,A629,A321,DAD-HAN-VCA,16:45,17:25,16:45,20:30,19:45,20:27,20:28,20:42,03:45,00:43,EARLY,ONTIME,DELAY,DELAY,,,,,,,,,HAN,DAD,VCA,Domestic,VJ,,
2026-02-22|VJ134/VJ163|-MLI|SGN-HAN-SGN|17:30,2026-02-22,VJ134/VJ163,-MLI,A320,SGN-HAN-SGN,17:00,17:30,17:50,18:35,18:25,18:49,18:50,19:00,00:45,00:25,DELAY,ONTIME,DELAY,DELAY,,93,00:15,,,,,,HAN,SGN,SGN,Domestic,VJ,,
2026-02-22|VJ404/VJ445|A655|DLI-HAN-PQC|17:40,2026-02-22,VJ404/VJ445,A655,A320,DLI-HAN-PQC,15:40,17:40,15:40,17:40,17:05,17:44,17:45,17:55,02:00,00:40,DELAY,ONTIME,ONTIME,DELAY,,66,00:05,,,,,CHANGE CREW OB 1720,HAN,DLI,PQC,Domestic,VJ,,
2026-02-22|VJ172/VJ177|A810|SGN-HAN-SGN|17:45,2026-02-22,VJ172/VJ177,A810,A330,SGN-HAN-SGN,16:45,17:45,16:45,17:45,17:35,18:18,18:20,18:26,01:00,00:45,DELAY,DELAY,DELAY,DELAY,,93,00:35,,,,,,HAN,SGN,SGN,Domestic,VJ,,
2026-02-22|VJ512/VJ779|A649|DAD-HAN-CXR|18:00,2026-02-22,VJ512/VJ779,A649,A321,DAD-HAN-CXR,17:30,18:00,21:15,21:55,21:35,22:01,22:02,22:08,00:40,00:27,DELAY,ONTIME,DELAY,DELAY,,93,00:07,,,,,,HAN,DAD,CXR,Domestic,VJ,,
2026-02-22|VJ194/VJ193|A642|SGN-HAN-SGN|18:10,2026-02-22,VJ194/VJ193,A642,A321,SGN-HAN-SGN,17:30,18:10,17:30,18:10,17:40,18:29,18:30,19:10,00:40,00:50,DELAY,DELAY,DELAY,ONTIME,,41,00:20,,,,,TECHNICAL CHECK,HAN,SGN,SGN,Domestic,VJ,,
2026-02-22|VJ152VJ1445|A674|SGN-HAN-PQC|18:20,2026-02-22,VJ152VJ1445,A674,A321,SGN-HAN-PQC,17:00,18:20,17:00,20:15,19:25,20:29,20:30,20:50,03:15,01:05,DELAY,ONTIME,DELAY,DELAY,,95,00:15,,,,,CHANGE CREW FROM VJ902 OB 2005,HAN,SGN,PQC,Domestic,VJ,,
2026-02-22|VJ900/VJ165|A536|DPS-HAN-SGN|18:30,2026-02-22,VJ900/VJ165,A536,A321,DPS-HAN-SGN,17:20,18:30,17:20,18:30,17:40,18:27,18:28,18:51,01:10,00:48,EARLY,ONTIME,DELAY,DELAY,,,,,,,,,HAN,DPS,SGN,Domestic,VJ,,
2026-02-22|VJ947/VJ493|A677|KHH-HAN-BMV|18:55,2026-02-22,VJ947/VJ493,A677,A321,KHH-HAN-BMV,18:05,18:55,18:05,18:55,18:15,18:51,18:52,19:22,00:50,00:37,EARLY,ONTIME,DELAY,ONTIME,,,,,,,,,HAN,KHH,BMV,Domestic,VJ,,
2026-02-22|VJ446/VJ1925|A689|PQC-HAN-AMD|19:00,2026-02-22,VJ446/VJ1925,A689,A320,PQC-HAN-AMD,17:10,19:00,17:10,19:25,17:55,19:08,19:09,19:15,02:15,01:14,EARLY,ONTIME,ONTIME,DELAY,,,,,,,,,HAN,PQC,AMD,International,VJ,,
2026-02-22|VJ916/VJ173|A648|SIN-HAN-SGN|19:05,2026-02-22,VJ916/VJ173,A648,A321,SIN-HAN-SGN,17:25,19:05,17:25,19:05,17:25,18:59,19:00,19:30,01:40,01:35,EARLY,ONTIME,DELAY,ONTIME,,,,,,,,,HAN,SIN,SGN,Domestic,VJ,,
2026-02-22|VJ928/VJ569|A675|CGK-HAN-HUI|19:15,2026-02-22,VJ928/VJ569,A675,A320,CGK-HAN-HUI,18:15,19:15,18:15,19:15,18:15,19:34,19:35,19:40,01:00,01:20,DELAY,DELAY,DELAY,ONTIME,,95,00:20,,,,,CHANGE CREW VJ446 OB 1918,HAN,CGK,HUI,Domestic,VJ,,
2026-02-22|VJ902/VJ519|A673|BKK-HAN-DAD|19:45,2026-02-22,VJ902/VJ519,A673,A321,BKK-HAN-DAD,19:15,19:45,19:15,20:25,19:10,20:24,20:25,20:40,01:10,01:15,ONTIME,ONTIME,DELAY,ONTIME,,,,,,,,,HAN,BKK,DAD,Domestic,VJ,,
2026-02-22|VJ957/VJ7712|A658|PUS-HAN-PKX|20:05,2026-02-22,VJ957/VJ7712,A658,A320,PUS-HAN-PKX,17:20,20:05,17:20,21:35,17:20,21:26,21:27,21:33,04:15,04:07,EARLY,ONTIME,DELAY,ONTIME,,,,,,,,,HAN,PUS,PKX,International,VJ,,
2026-02-22|VJ1440/VJ521|A670|PQC-HAN-DAD|20:50,2026-02-22,VJ1440/VJ521,A670,A321,PQC-HAN-DAD,20:10,20:50,20:10,20:50,20:40,21:04,21:05,21:14,00:40,00:25,DELAY,ONTIME,DELAY,DELAY,,93,00:15,,,,,,HAN,PQC,DAD,Domestic,VJ,,
2026-02-22|VJ949/VJ155|A647|RMQ-HAN-SGN|21:10,2026-02-22,VJ949/VJ155,A647,A321,RMQ-HAN-SGN,19:50,21:10,19:50,21:10,20:13,21:09,21:10,21:25,01:20,00:57,ONTIME,ONTIME,ONTIME,DELAY,,,,,,,,,HAN,RMQ,SGN,Domestic,VJ,,
2026-02-22|VJ410/VJ7238|A663|DLI-HAN-PVG|21:30,2026-02-22,VJ410/VJ7238,A663,A320,DLI-HAN-PVG,20:15,21:30,20:15,21:30,20:30,22:59,23:00,23:04,01:15,02:30,DELAY,DELAY,DELAY,ONTIME,,99,01:30,,,,,WAIT 12PAX TRANSIT FROM VJ512,HAN,DLI,PVG,International,VJ,,
2026-02-22|VJ166/VJ161|A634|SGN-HAN-SGN|21:50,2026-02-22,VJ166/VJ161,A634,A321,SGN-HAN-SGN,19:50,21:50,22:25,23:30,22:50,23:29,23:30,23:33,01:05,00:40,ONTIME,ONTIME,DELAY,DELAY,,,,,,,,,HAN,SGN,SGN,Domestic,VJ,,
2026-02-22|VJ931/VJ123|A539|KIX-HAN-SGN|22:10,2026-02-22,VJ931/VJ123,A539,A321,KIX-HAN-SGN,19:15,22:10,19:15,22:10,17:55,22:09,22:10,22:13,02:55,04:15,ONTIME,ONTIME,ONTIME,ONTIME,,,,,,,,,HAN,KIX,SGN,Domestic,VJ,,
2026-02-22|VJ778/VJ523|A649|CXR-HAN-DAD|22:45,2026-02-22,VJ778/VJ523,A649,A321,CXR-HAN-DAD,22:10,22:45,22:10,02:50,02:55,03:29,03:30,03:35,04:40,00:35,DELAY,DELAY,DELAY,ONTIME,,93,00:35,66,00:05,,,LATE ARR/CHANGE CREW HN OB 0305,HAN,CXR,DAD,Domestic,VJ,,
2026-02-22|VJ904/VJ962|A525|BKK-HAN-ICN|22:50,2026-02-22,VJ904/VJ962,A525,A321,BKK-HAN-ICN,20:25,22:50,20:25,22:50,21:02,22:47,22:49,22:50,02:25,01:47,EARLY,ONTIME,ONTIME,DELAY,,,,,,,,,HAN,BKK,ICN,International,VJ,,
2026-02-22|VJ424/VJ187|A633|PXU-HAN-SGN|23:10,2026-02-22,VJ424/VJ187,A633,A321,PXU-HAN-SGN,21:00,23:10,20:40,23:10,21:22,23:44,23:45,23:48,02:30,02:23,DELAY,DELAY,DELAY,DELAY,,95,00:35,,,,,CHANGE CREW VJ190 OB 2320,HAN,PXU,SGN,Domestic,VJ,,
2026-02-22|VJ190/VJ7342|A656|SGN-HAN-XIY|23:35,2026-02-22,VJ190/VJ7342,A656,A320,SGN-HAN-XIY,22:00,23:35,22:00,23:35,23:05,23:34,23:35,23:45,01:35,00:30,ONTIME,ONTIME,ONTIME,DELAY,,,,,,,,,HAN,SGN,XIY,International,VJ,,
2026-02-22|VJ156/VJ159|A642|SGN-HAN-SGN|23:40,2026-02-22,VJ156/VJ159,A642,A321,SGN-HAN-SGN,23:10,23:40,23:10,01:35,01:05,01:31,01:32,01:40,02:25,00:27,EARLY,ONTIME,DELAY,DELAY,,,,,,,,,HAN,SGN,SGN,Domestic,VJ,,
2026-02-22|VJ7387/VJ7526|A640|TPE-HAN-CAN|23:40,2026-02-22,VJ7387/VJ7526,A640,A321,TPE-HAN-CAN,22:50,23:40,22:50,00:50,00:04,00:46,00:48,00:48,02:00,00:44,EARLY,ONTIME,DELAY,DELAY,,,,,,,,,HAN,TPE,CAN,International,VJ,,
2026-02-22|VJ494/VJ1125|A677|BMV-HAN-SGN|23:50,2026-02-22,VJ494/VJ1125,A677,A321,BMV-HAN-SGN,22:50,23:50,22:50,23:50,23:30,23:59,1904-01-02,00:05,01:00,00:30,DELAY,ONTIME,ONTIME,DELAY,,93,00:10,,,,,,HAN,BMV,SGN,Domestic,VJ,,
2026-02-22|VJ180/VJ171|A810|SGN-HAN-SGN|00:05,2026-02-22,VJ180/VJ171,A810,A330,SGN-HAN-SGN,23:05,00:05,23:05,00:05,00:15,00:48,00:50,00:54,01:00,00:35,DELAY,DELAY,DELAY,DELAY,,,,,,,,,HAN,SGN,SGN,Domestic,VJ,,
2026-02-23|VJ932|A816|HAN-NRT|00:55,2026-02-23,VJ932,A816,A330,HAN-NRT,,00:55,,00:55,,01:19,01:20,01:28,,,DELAY,DELAY,DELAY,,,95,00:25,,,,,WAIT CAPT FROM VJ180 OB 0045,HAN,,NRT,International,VJ,,
2026-02-23|VJ920|A549|HAN-NGO|01:35,2026-02-23,VJ920,A549,A321,HAN-NGO,,01:35,,01:35,,01:27,01:28,01:36,,,EARLY,ONTIME,ONTIME,,,,,,,,,,HAN,,NGO,International,VJ,,
2026-02-23|VJ938|A528|HAN-KIX|01:40,2026-02-23,VJ938,A528,A321,HAN-KIX,,01:40,,01:40,,01:38,01:40,01:50,,,ONTIME,ONTIME,ONTIME,,,,,,,,,,HAN,,KIX,International,VJ,,
2026-02-23|VJ7614/VJ7614|A516|CXR-HAN-VVO|02:10,2026-02-23,VJ7614/VJ7614,A516,A321,CXR-HAN-VVO,01:40,02:10,01:40,02:10,02:05,02:34,02:35,02:39,00:30,00:30,DELAY,DELAY,DELAY,DELAY,,93,00:25,,,,,,HAN,CXR,VVO,International,VJ,,
2026-02-23|VJ960|A698|HAN-ICN|02:30,2026-02-23,VJ960,A698,A321,HAN-ICN,,02:30,,02:30,,02:29,02:30,02:40,,,ONTIME,ONTIME,ONTIME,,,,,,,,,,HAN,,ICN,International,VJ,,
2026-02-23|VJ174/VJ982|A542|SGN-HAN-PUS|02:30,2026-02-23,VJ174/VJ982,A542,A321,SGN-HAN-PUS,01:10,02:30,01:10,02:50,02:15,03:09,03:10,03:20,01:40,00:55,DELAY,DELAY,DELAY,DELAY,,93,00:15,66,00:15,15A,00:10,CREW HN OB 0230/ OFFLOAD 1PAX 1BAG,HAN,SGN,PUS,International,VJ,,
2026-02-23|VJ1121|A653|HAN-SGN|04:10,2026-02-23,VJ1121,A653,A321,HAN-SGN,,04:10,,04:10,,04:04,04:05,04:15,,,EARLY,ONTIME,ONTIME,,,,,,,,,,HAN,,SGN,Domestic,VJ,,
2026-02-23|VJ1165|A674|HAN-SGN|05:10,2026-02-23,VJ1165,A674,A321,HAN-SGN,,05:10,,05:10,,05:04,05:05,05:14,,,EARLY,ONTIME,ONTIME,,,,,,,,,,HAN,,SGN,Domestic,VJ,,
2026-02-23|VJ7713/VJ1123|A689|PKX-HAN-SGN|05:20,2026-02-23,VJ7713/VJ1123,A689,A320,PKX-HAN-SGN,05:30,05:20,05:30,06:30,05:40,06:24,06:25,06:35,01:00,00:45,EARLY,ONTIME,DELAY,ONTIME,,,,,,,,,HAN,PKX,SGN,Domestic,VJ,,
2026-02-23|VJ509|A578|HAN-DAD|05:25,2026-02-23,VJ509,A578,A321,HAN-DAD,,05:25,,05:25,,05:19,05:20,05:30,,,EARLY,ONTIME,ONTIME,,,,,,,,,,HAN,,DAD,Domestic,VJ,,
2026-02-23|VJ461|A675|HAN-VCA|05:30,2026-02-23,VJ461,A675,A320,HAN-VCA,,05:30,,05:30,,05:24,05:25,05:35,,,EARLY,ONTIME,ONTIME,,,,,,,,,,HAN,,VCA,Domestic,VJ,,
2026-02-23|VJ182/VJ179|A634|HAN-SGN|05:30,2026-02-23,VJ182/VJ179,A634,A321,HAN-SGN,,05:30,,05:30,05:05,05:34,05:35,05:43,,,DELAY,ONTIME,ONTIME,,,93,00:05,,,,,,HAN,,SGN,Domestic,VJ,,
2026-02-23|VJ443|A670|HAN-PQC|06:00,2026-02-23,VJ443,A670,A321,HAN-PQC,,06:00,,06:00,,05:54,05:55,06:00,,,EARLY,ONTIME,ONTIME,,,,,,,,,,HAN,,PQC,Domestic,VJ,,
2026-02-23|VJ491|A644|HAN-BMV|06:00,2026-02-23,VJ491,A644,A321,HAN-BMV,,06:00,,06:00,,05:54,05:55,06:05,,,EARLY,ONTIME,ONTIME,,,,,,,,,,HAN,,BMV,Domestic,VJ,,
2026-02-23|VJ421|A636|HAN-PXU|06:05,2026-02-23,VJ421,A636,A321,HAN-PXU,,06:05,,06:05,,05:59,06:00,06:05,,,EARLY,ONTIME,ONTIME,,,,,,,,,,HAN,,PXU,Domestic,VJ,,
2026-02-23|VJ1166/VJ185|A642|SGN-HAN-SGN|06:35,2026-02-23,VJ1166/VJ185,A642,A321,SGN-HAN-SGN,04:50,06:35,04:50,06:35,05:00,06:29,06:30,06:36,01:45,01:30,EARLY,ONTIME,ONTIME,ONTIME,,,,,,,,,HAN,SGN,SGN,Domestic,VJ,,
2026-02-23|VJ181|A661|HAN-SGN|06:40,2026-02-23,VJ181,A661,A321,HAN-SGN,,06:40,,06:40,,06:34,06:35,06:45,,,EARLY,ONTIME,ONTIME,,,,,,,,,,HAN,,SGN,Domestic,VJ,,
2026-02-23|VJ105|652G|HAN-VCS|06:45,2026-02-23,VJ105,652G,C909,HAN-VCS,,06:45,,06:45,,06:39,06:40,06:45,,,EARLY,ONTIME,ONTIME,,,,,,,,,,HAN,,VCS,Domestic,VJ,,
2026-02-23|VJ1124/VJ905|A677|SGN-HAN-KUL|07:10,2026-02-23,VJ1124/VJ905,A677,A321,SGN-HAN-KUL,04:50,07:10,04:50,07:10,05:35,07:04,07:05,07:15,02:20,01:30,EARLY,ONTIME,ONTIME,DELAY,,,,,,,,,HAN,SGN,KUL,International,VJ,,
2026-02-23|VJ7343/VJ431|A656|XIY-HAN-UIH|07:20,2026-02-23,VJ7343/VJ431,A656,A320,XIY-HAN-UIH,06:35,07:20,06:35,07:20,06:30,07:09,07:10,07:25,00:45,00:40,EARLY,ONTIME,ONTIME,ONTIME,,,,,,,,,HAN,XIY,UIH,Domestic,VJ,,
2026-02-23|VJ956|A668|HAN-PUS|07:30,2026-02-23,VJ956,A668,A320,HAN-PUS,,07:30,,07:30,,07:24,07:25,07:34,,,EARLY,ONTIME,ONTIME,,,,,,,,,,HAN,,PUS,International,VJ,,
2026-02-23|VJ7527/VJ940|A640|CAN-HAN-TPE|07:35,2026-02-23,VJ7527/VJ940,A640,A321,CAN-HAN-TPE,05:10,07:35,05:10,07:35,05:22,07:29,07:30,07:40,02:25,02:08,EARLY,ONTIME,ONTIME,ONTIME,,,,,,,,,HAN,CAN,TPE,International,VJ,,
2026-02-23|VJ107|656E|HAN-VCS|08:15,2026-02-23,VJ107,656E,C909,HAN-VCS,,08:15,,08:15,,08:07,08:08,08:15,,,EARLY,ONTIME,ONTIME,,,,,,,,,,HAN,,VCS,Domestic,VJ,,
2026-02-23|VJ7239/VJ929|A663|PVG-HAN-CGK|08:40,2026-02-23,VJ7239/VJ929,A663,A320,PVG-HAN-CGK,06:40,08:40,06:40,08:40,06:30,08:39,08:40,08:48,02:00,02:10,ONTIME,ONTIME,ONTIME,ONTIME,,,,,,,,,HAN,PVG,CGK,International,VJ,,
2026-02-23|VJ122/VJ125|A814|SGN-HAN-SGN|08:40,2026-02-23,VJ122/VJ125,A814,A330,SGN-HAN-SGN,07:30,08:40,07:30,08:40,07:15,08:34,08:35,08:39,01:10,01:20,EARLY,ONTIME,ONTIME,ONTIME,,,,,,,,,HAN,SGN,SGN,Domestic,VJ,,
2026-02-23|VJ126/VJ127|A641|SGN-HAN-SGN|08:55,2026-02-23,VJ126/VJ127,A641,A321,SGN-HAN-SGN,08:25,08:55,08:25,08:55,08:25,08:54,08:55,08:59,00:30,00:30,ONTIME,ONTIME,ONTIME,ONTIME,,,,,,,,,HAN,SGN,SGN,Domestic,VJ,,
2026-02-23|VJ502/VJ1507|A635|DAD-HAN-DAD|09:10,2026-02-23,VJ502/VJ1507,A635,A321,DAD-HAN-DAD,07:35,09:10,07:35,09:10,07:33,09:37,09:38,09:40,01:35,02:05,DELAY,DELAY,DELAY,ONTIME,,95,00:28,,,,,WAIT CREW FR VJ510 OB 0908,HAN,DAD,DAD,Domestic,VJ,,
2026-02-23|VJ510/VJ930|A578|DAD-HAN-KIX|09:30,2026-02-23,VJ510/VJ930,A578,A321,DAD-HAN-KIX,08:35,09:30,08:35,09:30,08:45,09:29,09:30,09:40,00:55,00:45,ONTIME,ONTIME,ONTIME,ONTIME,,,,,,,,,HAN,DAD,KIX,International,VJ,,
2026-02-23|VJ176/VJ915|A683|SGN-HAN-SIN|09:50,2026-02-23,VJ176/VJ915,A683,A321,SGN-HAN-SIN,09:00,09:50,09:00,09:50,09:05,09:49,09:50,10:04,00:50,00:45,ONTIME,ONTIME,ONTIME,ONTIME,,,,,,,,,HAN,SGN,SIN,International,VJ,,
2026-02-23|VJ1120/VJ934|A653|SGN-HAN-NRT|10:00,2026-02-23,VJ1120/VJ934,A653,A321,SGN-HAN-NRT,09:00,10:00,09:00,10:00,09:30,10:09,10:10,10:11,01:00,00:40,DELAY,ONTIME,ONTIME,DELAY,,66,00:10,,,,,CREW HN OB 0945,HAN,SGN,NRT,International,VJ,,
2026-02-23|VJ148/VJ149|-NVE|SGN-HAN-SGN|10:05,2026-02-23,VJ148/VJ149,-NVE,A320,SGN-HAN-SGN,09:30,10:05,09:30,10:40,10:05,10:29,10:30,10:35,01:10,00:25,EARLY,ONTIME,DELAY,DELAY,,,,,,,,,HAN,SGN,SGN,Domestic,VJ,,
2026-02-23|VJ422/VJ567|A636|PXU-HAN-HUI|10:10,2026-02-23,VJ422/VJ567,A636,A321,PXU-HAN-HUI,09:40,10:10,09:40,10:10,09:45,10:09,10:10,10:14,00:30,00:25,ONTIME,ONTIME,ONTIME,ONTIME,,,,,,,,,HAN,PXU,HUI,Domestic,VJ,,
2026-02-23|VJ492/VJ507|A644|BMV-HAN-DAD|10:30,2026-02-23,VJ492/VJ507,A644,A321,BMV-HAN-DAD,10:00,10:30,10:00,10:30,10:15,10:43,10:45,10:45,00:30,00:30,DELAY,ONTIME,ONTIME,ONTIME,,93,00:15,,,,,,HAN,BMV,DAD,Domestic,VJ,,
2026-02-23|VJ1926/VJ403|A658|AMD-HAN-DLI|10:45,2026-02-23,VJ1926/VJ403,A658,A320,AMD-HAN-DLI,06:40,10:45,06:40,10:45,06:20,10:41,10:42,10:45,04:05,04:22,EARLY,ONTIME,ONTIME,ONTIME,,,,,,,,,HAN,AMD,DLI,Domestic,VJ,,
2026-02-23|VJ1122/VJ997|A674|SGN-HAN-DPS|11:10,2026-02-23,VJ1122/VJ997,A674,A321,SGN-HAN-DPS,10:10,11:10,10:10,11:10,10:20,11:08,11:10,11:11,01:00,00:50,ONTIME,ONTIME,ONTIME,ONTIME,,,,,,,,,HAN,SGN,DPS,International,VJ,,
2026-02-23|VJ963/VJ527|A525|ICN-HAN-DAD|11:20,2026-02-23,VJ963/VJ527,A525,A321,ICN-HAN-DAD,09:30,11:20,09:30,11:50,09:05,12:04,12:05,12:20,02:20,03:00,DELAY,ONTIME,DELAY,ONTIME,,95,00:15,,,,,WAIT CREW FR VJ442 OB 1135,HAN,ICN,DAD,Domestic,VJ,,
2026-02-23|VJ184/VJ129|A815|SGN-HAN-SGN|11:25,2026-02-23,VJ184/VJ129,A815,A330,SGN-HAN-SGN,10:25,11:25,10:25,11:25,11:05,11:44,11:45,11:51,01:00,00:40,DELAY,DELAY,DELAY,DELAY,,93,00:20,,,,,,HAN,SGN,SGN,Domestic,VJ,,
2026-02-23|VJ430/VJ407|A656|UIH-HAN-DLI|11:35,2026-02-23,VJ430/VJ407,A656,A320,UIH-HAN-DLI,11:05,11:35,11:05,11:35,11:02,11:27,11:29,11:30,00:30,00:27,EARLY,ONTIME,ONTIME,ONTIME,,,,,,,,,HAN,UIH,DLI,Domestic,VJ,,
2026-02-23|VJ772/VJ133|A811|CXR-HAN-SGN|11:40,2026-02-23,VJ772/VJ133,A811,A330,CXR-HAN-SGN,10:40,11:40,10:40,11:40,10:50,11:34,11:35,11:39,01:00,00:45,EARLY,ONTIME,ONTIME,ONTIME,,,,,,,,,HAN,CXR,SGN,Domestic,VJ,,
2026-02-23|VJ136/VJ463|A543|SGN-HAN-VCA|11:45,2026-02-23,VJ136/VJ463,A543,A321,SGN-HAN-VCA,11:10,11:45,11:10,11:45,11:40,12:06,12:07,12:14,00:35,00:27,DELAY,DELAY,DELAY,DELAY,,93,00:22,,,,,,HAN,SGN,VCA,Domestic,VJ,,
2026-02-23|VJ524/VJ771|A687|DAD-HAN-CXR|12:00,2026-02-23,VJ524/VJ771,A687,A321,DAD-HAN-CXR,07:40,12:00,11:25,12:00,11:45,12:14,12:15,12:21,00:35,00:30,DELAY,ONTIME,DELAY,DELAY,,93,00:15,,,,,,HAN,DAD,CXR,Domestic,VJ,,
2026-02-23|VJ442/VJ946|A670|PQC-HAN-KHH|12:00,2026-02-23,VJ442/VJ946,A670,A321,PQC-HAN-KHH,10:45,12:00,10:45,12:00,11:15,11:59,12:00,12:10,01:15,00:45,ONTIME,ONTIME,ONTIME,DELAY,,,,,,,,,HAN,PQC,KHH,International,VJ,,
2026-02-23|VJ132/VJ137|A522|SGN-HAN-SGN|12:10,2026-02-23,VJ132/VJ137,A522,A321,SGN-HAN-SGN,11:35,12:10,11:35,12:25,12:00,12:29,12:30,12:40,00:50,00:30,DELAY,ONTIME,DELAY,DELAY,,93,00:05,,,,,,HAN,SGN,SGN,Domestic,VJ,,
2026-02-23|VJ1508/VJ775|A635|DAD-HAN-CXR|12:55,2026-02-23,VJ1508/VJ775,A635,A321,DAD-HAN-CXR,12:20,12:55,12:55,13:30,13:25,13:59,14:00,14:03,00:35,00:35,DELAY,DELAY,DELAY,DELAY,,93,00:25,66,00:05,,,CREW HN OB 1335,HAN,DAD,CXR,Domestic,VJ,,
2026-02-23|VJ981/VJ901|A542|PUS-HAN-BKK|13:00,2026-02-23,VJ981/VJ901,A542,A321,PUS-HAN-BKK,11:00,13:00,12:15,14:00,13:30,13:59,14:00,14:10,01:45,00:30,ONTIME,ONTIME,DELAY,DELAY,,,,,,,,,HAN,PUS,BKK,International,VJ,,
2026-02-23|VJ440/VJ441|A655|PQC-HAN-PQC|13:15,2026-02-23,VJ440/VJ441,A655,A320,PQC-HAN-PQC,12:30,13:15,12:30,13:15,12:45,13:19,13:20,13:28,00:45,00:35,DELAY,ONTIME,ONTIME,ONTIME,,66,00:05,,,,,CREW HN OB 1255,HAN,PQC,PQC,Domestic,VJ,,
2026-02-23|VJ128/VJ143|A812|SGN-HAN-SGN|13:40,2026-02-23,VJ128/VJ143,A812,A330,SGN-HAN-SGN,12:10,13:40,12:10,13:40,12:47,13:39,13:40,13:44,01:30,00:53,ONTIME,ONTIME,ONTIME,DELAY,,,,,,,,,HAN,SGN,SGN,Domestic,VJ,,
2026-02-23|VJ566/VJ513|A636|HUI-HAN-DAD|13:55,2026-02-23,VJ566/VJ513,A636,A321,HUI-HAN-DAD,13:05,13:55,13:05,13:55,13:30,13:54,13:55,14:09,00:50,00:25,ONTIME,ONTIME,ONTIME,DELAY,,,,,,,,,HAN,HUI,DAD,Domestic,VJ,,
2026-02-23|VJ939/VJ948|A528|KIX-HAN-RMQ|14:05,2026-02-23,VJ939/VJ948,A528,A321,KIX-HAN-RMQ,13:05,14:05,13:05,14:05,12:50,13:57,13:58,14:02,01:00,01:08,EARLY,ONTIME,ONTIME,ONTIME,,,,,,,,,HAN,KIX,RMQ,International,VJ,,
2026-02-23|VJ508/VJ511|A644|DAD-HAN-DAD|14:20,2026-02-23,VJ508/VJ511,A644,A321,DAD-HAN-DAD,13:40,14:20,13:40,14:40,14:10,14:49,14:50,14:56,01:00,00:40,DELAY,ONTIME,DELAY,DELAY,,66,00:10,,,,,CREW HN OB 1425,HAN,DAD,DAD,Domestic,VJ,,
2026-02-23|VJ921/VJ942|A549|NGO-HAN-TPE|14:25,2026-02-23,VJ921/VJ942,A549,A321,NGO-HAN-TPE,13:40,14:25,13:40,14:25,13:05,14:19,14:20,14:25,00:45,01:15,EARLY,ONTIME,ONTIME,ONTIME,,,,,,,,,HAN,NGO,TPE,International,VJ,,
2026-02-23|VJ961/VJ1491|A698|ICN-HAN-BMV|15:00,2026-02-23,VJ961/VJ1491,A698,A321,ICN-HAN-BMV,14:10,15:00,14:10,15:00,13:42,14:54,14:55,15:00,00:50,01:13,EARLY,ONTIME,ONTIME,ONTIME,,,,,,,,,HAN,ICN,BMV,Domestic,VJ,,
2026-02-23|VJ188/VJ151|-NVG|SGN-HAN-SGN|15:05,2026-02-23,VJ188/VJ151,-NVG,A320,SGN-HAN-SGN,14:30,15:05,14:30,16:00,15:30,15:59,16:00,16:04,01:30,00:30,ONTIME,ONTIME,DELAY,DELAY,,,,,,,,,HAN,SGN,SGN,Domestic,VJ,,
2026-02-23|VJ528/VJ135|A525|DAD-HAN-SGN|15:05,2026-02-23,VJ528/VJ135,A525,A321,DAD-HAN-SGN,14:30,15:05,14:30,16:40,15:55,16:39,16:40,16:50,02:10,00:45,ONTIME,ONTIME,DELAY,DELAY,,,,,,,,,HAN,DAD,SGN,Domestic,VJ,,
2026-02-23|VJ7615/VJ7615|A516|BQS-HAN-CXR|15:10,2026-02-23,VJ7615/VJ7615,A516,A321,BQS-HAN-CXR,14:40,15:10,14:40,15:10,15:00,15:18,15:19,15:25,00:30,00:19,DELAY,ONTIME,ONTIME,DELAY,,93,00:09,,,,,,HAN,BQS,CXR,Domestic,VJ,,
2026-02-23|VJ941/VJ175|A640|TPE-HAN-SGN|15:20,2026-02-23,VJ941/VJ175,A640,A321,TPE-HAN-SGN,14:10,15:20,14:10,15:20,14:20,15:19,15:20,15:25,01:10,01:00,ONTIME,ONTIME,ONTIME,ONTIME,,,,,,,,,HAN,TPE,SGN,Domestic,VJ,,
2026-02-23|VJ404/VJ433|A658|DLI-HAN-UIH|15:25,2026-02-23,VJ404/VJ433,A658,A320,DLI-HAN-UIH,14:55,15:25,14:55,15:25,15:05,15:29,15:30,15:36,00:30,00:25,DELAY,ONTIME,ONTIME,ONTIME,,93,00:05,,,,,,HAN,DLI,UIH,Domestic,VJ,,
2026-02-23|VJ144/VJ145|A814|SGN-HAN-SGN|15:35,2026-02-23,VJ144/VJ145,A814,A330,SGN-HAN-SGN,14:10,15:35,14:10,15:35,14:15,15:34,15:35,15:45,01:25,01:20,ONTIME,ONTIME,ONTIME,ONTIME,,,,,,,,,HAN,SGN,SGN,Domestic,VJ,,
2026-02-23|VJ906/VJ903|A677|KUL-HAN-BKK|15:50,2026-02-23,VJ906/VJ903,A677,A321,KUL-HAN-BKK,14:55,15:50,14:55,15:50,15:10,15:49,15:50,15:59,00:55,00:40,ONTIME,ONTIME,ONTIME,ONTIME,,,,,,,,,HAN,KUL,BKK,International,VJ,,
2026-02-23|VJ933/VJ195|A816|NRT-HAN-SGN|16:00,2026-02-23,VJ933/VJ195,A816,A330,NRT-HAN-SGN,14:00,16:00,14:00,16:00,13:50,16:04,16:05,16:15,02:00,02:15,DELAY,ONTIME,ONTIME,ONTIME,,15A,00:05,,,,,OFFLOAD 06PAX+03BAG,HAN,NRT,SGN,Domestic,VJ,,
2026-02-23|VJ462/VJ409|A675|VCA-HAN-DLI|16:20,2026-02-23,VJ462/VJ409,A675,A320,VCA-HAN-DLI,15:40,16:20,15:40,16:20,15:40,16:19,16:20,16:30,00:40,00:40,ONTIME,ONTIME,ONTIME,ONTIME,,,,,,,,,HAN,VCA,DLI,Domestic,VJ,,
2026-02-23|VJ515|A666|HAN-DAD|16:25,2026-02-23,VJ515,A666,A320,HAN-DAD,,16:25,,16:25,,16:24,16:25,16:36,,,ONTIME,ONTIME,ONTIME,,,,,,,,,,HAN,,DAD,Domestic,VJ,,
2026-02-23|VJ770/VJ423|A687|CXR-HAN-PXU|17:30,2026-02-23,VJ770/VJ423,A687,A321,CXR-HAN-PXU,16:10,17:30,16:10,17:30,16:50,17:22,17:23,17:25,01:20,00:33,EARLY,ONTIME,ONTIME,DELAY,,,,,,,,,HAN,CXR,PXU,Domestic,VJ,,
2026-02-23|VJ460/VJ191|A543|VCA-HAN-SGN|17:15,2026-02-23,VJ460/VJ191,A543,A321,VCA-HAN-SGN,16:40,17:15,16:40,17:45,17:20,17:44,17:45,17:53,01:05,00:25,ONTIME,ONTIME,DELAY,DELAY,,,,,,,,,HAN,VCA,SGN,Domestic,VJ,,
2026-02-23|VJ134/VJ163|-MLI|SGN-HAN-SGN|17:30,2026-02-23,VJ134/VJ163,-MLI,A320,SGN-HAN-SGN,17:00,17:30,18:20,18:50,18:35,18:59,19:00,19:10,00:30,00:25,DELAY,ONTIME,DELAY,DELAY,,93,00:10,,,,,,HAN,SGN,SGN,Domestic,VJ,,
2026-02-23|VJ774/VJ1441|A635|CXR-HAN-PQC|17:40,2026-02-23,VJ774/VJ1441,A635,A321,CXR-HAN-PQC,17:05,17:40,18:20,18:55,18:35,18:59,19:00,19:05,00:35,00:25,DELAY,ONTIME,DELAY,DELAY,,93,00:05,,,,,,HAN,CXR,PQC,Domestic,VJ,,
2026-02-23|VJ130/VJ131|A815|SGN-HAN-SGN|17:45,2026-02-23,VJ130/VJ131,A815,A330,SGN-HAN-SGN,16:45,17:45,16:45,17:45,17:30,18:07,18:08,18:12,01:00,00:38,DELAY,DELAY,DELAY,DELAY,,93,00:23,,,,,,HAN,SGN,SGN,Domestic,VJ,,
2026-02-23|VJ408/VJ445|A656|DLI-HAN-PQC|17:55,2026-02-23,VJ408/VJ445,A656,A320,DLI-HAN-PQC,15:45,17:55,15:45,17:55,15:45,17:59,18:00,18:02,02:10,02:15,DELAY,ONTIME,ONTIME,ONTIME,,15A,00:05,,,,,OFFLOAD 04PAX+04BAG,HAN,DLI,PQC,Domestic,VJ,,
2026-02-23|VJ512/VJ779|A644|DAD-HAN-CXR|18:00,2026-02-23,VJ512/VJ779,A644,A321,DAD-HAN-CXR,17:30,18:00,18:05,18:40,18:20,18:49,18:50,19:00,00:35,00:30,DELAY,ONTIME,DELAY,DELAY,,93,00:10,,,,,,HAN,DAD,CXR,Domestic,VJ,,
2026-02-23|VJ916/VJ913|A683|SIN-HAN-SAI|18:15,2026-02-23,VJ916/VJ913,A683,A321,SIN-HAN-SAI,17:30,18:15,17:30,18:15,17:40,18:19,18:20,18:30,00:45,00:40,DELAY,ONTIME,ONTIME,ONTIME,,66,00:05,,,,,CREW HN OB 1750,HAN,SIN,SAI,International,VJ,,
2026-02-23|VJ902/VJ193|A542|BKK-HAN-SGN|18:20,2026-02-23,VJ902/VJ193,A542,A321,BKK-HAN-SGN,17:35,18:20,18:15,19:45,19:00,19:43,19:44,19:54,01:30,00:44,EARLY,ONTIME,DELAY,DELAY,,,,,,,,,HAN,BKK,SGN,Domestic,VJ,,
2026-02-23|VJ194/VJ147|A522|SGN-HAN-SGN|18:30,2026-02-23,VJ194/VJ147,A522,A321,SGN-HAN-SGN,17:30,18:30,17:30,18:30,18:05,18:39,18:40,18:44,01:00,00:35,DELAY,ONTIME,ONTIME,DELAY,,93,00:05,66,00:05,,,CREW HN OB 1815,HAN,SGN,SGN,Domestic,VJ,,
2026-02-23|VJ947/VJ465|A670|KHH-HAN-VCA|19:00,2026-02-23,VJ947/VJ465,A670,A321,KHH-HAN-VCA,18:20,19:00,18:20,19:00,18:05,19:04,19:05,19:15,00:40,01:00,DELAY,ONTIME,ONTIME,ONTIME,,95,00:05,,,,,CREW 514 OB 1845,HAN,KHH,VCA,Domestic,VJ,,
2026-02-23|VJ957/VJ1925|A668|PUS-HAN-AMD|19:00,2026-02-23,VJ957/VJ1925,A668,A320,PUS-HAN-AMD,17:20,19:00,17:20,19:00,17:00,18:46,18:47,18:57,01:40,01:47,EARLY,ONTIME,ONTIME,ONTIME,,,,,,,,,HAN,PUS,AMD,International,VJ,,
2026-02-23|VJ928/VJ569|A663|CGK-HAN-HUI|19:15,2026-02-23,VJ928/VJ569,A663,A320,CGK-HAN-HUI,18:15,19:15,18:15,19:15,18:10,19:19,19:20,19:29,01:00,01:10,DELAY,ONTIME,ONTIME,ONTIME,,95,00:05,,,,,WAIT CREW VJ512 OB 1855,HAN,CGK,HUI,Domestic,VJ,,
2026-02-23|VJ514/VJ907|A532|DAD-HAN-BOM|19:15,2026-02-23,VJ514/VJ907,A532,A321,DAD-HAN-BOM,18:20,19:15,18:20,19:15,18:30,19:24,19:25,19:30,00:55,00:55,DELAY,ONTIME,ONTIME,ONTIME,,41,00:10,,,,,TECHNICAL CHECK,HAN,DAD,BOM,International,VJ,,
2026-02-23|VJ152/VJ519|A524|SGN-HAN-DAD|19:45,2026-02-23,VJ152/VJ519,A524,A321,SGN-HAN-DAD,19:15,19:45,19:15,19:45,19:30,19:59,20:00,20:15,00:30,00:30,DELAY,ONTIME,DELAY,ONTIME,,93,00:15,,,,,,HAN,SGN,DAD,Domestic,VJ,,
2026-02-23|VJ146/VJ169|A812|SGN-HAN-SGN|19:50,2026-02-23,VJ146/VJ169,A812,A330,SGN-HAN-SGN,18:50,19:50,18:50,19:50,19:20,19:49,19:50,20:05,01:00,00:30,ONTIME,ONTIME,ONTIME,DELAY,,,,,,,,,HAN,SGN,SGN,Domestic,VJ,,
2026-02-23|VJ432/VJ7342|A658|UIH-HAN-XIY|20:15,2026-02-23,VJ432/VJ7342,A658,A320,UIH-HAN-XIY,19:10,20:15,19:10,20:15,19:20,20:05,20:06,20:20,01:05,00:46,EARLY,ONTIME,ONTIME,ONTIME,,,,,,,,,HAN,UIH,XIY,International,VJ,,
2026-02-23|VJ516/VJ7712|A666|DAD-HAN-PKX|20:20,2026-02-23,VJ516/VJ7712,A666,A320,DAD-HAN-PKX,19:35,20:20,19:35,20:20,19:55,20:29,20:30,20:45,00:45,00:35,DELAY,ONTIME,DELAY,DELAY,,66,00:10,,,,,CREW HN OB 2005,HAN,DAD,PKX,International,VJ,,
2026-02-23|VJ446/VJ7306|A655|PQC-HAN-TFU|20:55,2026-02-23,VJ446/VJ7306,A655,A320,PQC-HAN-TFU,17:55,20:55,17:55,20:55,18:25,20:48,20:50,20:55,03:00,02:25,EARLY,ONTIME,ONTIME,DELAY,,,,,,,,,HAN,PQC,TFU,International,VJ,,
2026-02-23|VJ424/VJ173|A687|PXU-HAN-SGN|21:00,2026-02-23,VJ424/VJ173,A687,A321,PXU-HAN-SGN,20:25,21:00,21:15,21:55,21:15,21:54,21:55,21:58,00:40,00:40,ONTIME,ONTIME,DELAY,DELAY,,,,,,,,,HAN,PXU,SGN,Domestic,VJ,,
2026-02-23|VJ931/VJ155|A578|KIX-HAN-SGN|21:10,2026-02-23,VJ931/VJ155,A578,A321,KIX-HAN-SGN,20:25,21:10,20:25,21:10,20:05,21:09,21:10,21:22,00:45,01:05,ONTIME,ONTIME,ONTIME,ONTIME,,,,,,,,,HAN,KIX,SGN,Domestic,VJ,,
2026-02-23|VJ949/VJ7238|A528|RMQ-HAN-PVG|21:30,2026-02-23,VJ949/VJ7238,A528,A320,RMQ-HAN-PVG,20:25,21:30,20:25,21:30,20:10,21:17,21:18,21:26,01:05,01:08,EARLY,ONTIME,ONTIME,ONTIME,,,,,,,,,HAN,RMQ,PVG,International,VJ,,
2026-02-23|VJ943/VJ161|A549|TPE-HAN-SGN|21:50,2026-02-23,VJ943/VJ161,A549,A321,TPE-HAN-SGN,20:55,21:50,20:55,21:50,21:02,21:59,22:00,22:05,00:55,00:58,DELAY,ONTIME,ONTIME,ONTIME,,95,00:10,,,,,CREW 160 OB 2130,HAN,TPE,SGN,Domestic,VJ,,
2026-02-23|VJ166/VJ123|A535|SGN-HAN-SGN|22:10,2026-02-23,VJ166/VJ123,A535,A321,SGN-HAN-SGN,21:00,22:10,21:45,22:30,22:20,22:49,22:50,22:57,00:45,00:30,DELAY,DELAY,DELAY,DELAY,,93,00:20,,,,,,HAN,SGN,SGN,Domestic,VJ,,
2026-02-23|VJ568/VJ523|A663|HUI-HAN-DAD|22:45,2026-02-23,VJ568/VJ523,A663,A320,HUI-HAN-DAD,22:15,22:45,22:15,22:45,22:35,22:59,23:00,23:08,00:30,00:25,DELAY,ONTIME,DELAY,DELAY,,93,00:15,,,,,,HAN,HUI,DAD,Domestic,VJ,,
2026-02-23|VJ998/VJ962|A674|DPS-HAN-ICN|22:50,2026-02-23,VJ998/VJ962,A674,A321,DPS-HAN-ICN,22:45,22:50,22:45,23:25,22:05,23:44,23:45,23:50,00:40,01:40,DELAY,DELAY,DELAY,ONTIME,,41,00:20,,,,,TECHNICAL CHECK,HAN,DPS,ICN,International,VJ,,
2026-02-23|VJ904/VJ521|A677|BKK-HAN-DAD|22:55,2026-02-23,VJ904/VJ521,A677,A321,BKK-HAN-DAD,20:25,22:55,20:25,22:55,20:45,22:48,22:50,22:51,02:30,02:05,EARLY,ONTIME,ONTIME,DELAY,,,,,,,,,HAN,BKK,DAD,Domestic,VJ,,
2026-02-23|VJ196/VJ171|A816|SGN-HAN-SGN|23:25,2026-02-23,VJ196/VJ171,A816,A330,SGN-HAN-SGN,21:20,23:25,21:20,23:25,22:30,23:19,23:20,23:50,02:05,00:50,EARLY,ONTIME,DELAY,DELAY,,,,,,,,,HAN,SGN,SGN,Domestic,VJ,,
2026-02-23|VJ1440/VJ7526|A635|PQC-HAN-CAN|23:40,2026-02-23,VJ1440/VJ7526,A635,A321,PQC-HAN-CAN,22:45,23:40,23:20,00:40,00:15,00:54,00:55,01:04,01:20,00:40,DELAY,ONTIME,DELAY,DELAY,,93,00:05,66,00:10,,,CREW OB 0025+,HAN,PQC,CAN,International,VJ,,
2026-02-23|VJ156/VJ1159|A657|SGN-HAN-SGN|23:40,2026-02-23,VJ156/VJ1159,A657,A321,SGN-HAN-SGN,23:10,23:40,00:10,01:35,01:10,01:39,01:40,01:44,01:25,00:30,DELAY,ONTIME,DELAY,ONTIME,,93,00:05,,,,,,HAN,SGN,SGN,Domestic,VJ,,
2026-02-23|VJ520/VJ1125|A524|DAD-HAN-SGN|23:50,2026-02-23,VJ520/VJ1125,A524,A321,DAD-HAN-SGN,22:55,23:50,22:55,00:20,23:55,00:34,00:35,00:38,01:25,00:40,DELAY,ONTIME,DELAY,DELAY,,93,00:05,66,00:10,,,CREW HN OB 0006+,HAN,DAD,SGN,Domestic,VJ,,
2026-02-23|VJ158/VJ1197|A630|SGN-HAN-SGN|00:05,2026-02-23,VJ158/VJ1197,A630,A321,SGN-HAN-SGN,23:30,00:05,23:30,00:35,23:35,00:30,00:31,00:35,01:05,00:56,EARLY,ONTIME,DELAY,ONTIME,,,,,,,,,HAN,SGN,SGN,Domestic,VJ,,
2026-02-24|VJ932|A820|HAN-NRT|00:55,2026-02-24,VJ932,A820,A321,HAN-NRT,,00:55,,00:55,,01:04,01:05,01:17,,,DELAY,ONTIME,DELAY,,,87,00:05,99,00:05,,,STUCK AT IMMI/LATE ACCEPT 10PAX 12BAG,HAN,,NRT,International,VJ,,
2026-02-24|VJ982|A683|HAN-PUS|01:00,2026-02-24,VJ982,A683,A321,HAN-PUS,,01:00,,01:00,,00:59,01:00,01:15,,,ONTIME,ONTIME,ONTIME,,,,,,,,,,HAN,,PUS,International,VJ,,
2026-02-24|VJ920|A653|HAN-NGO|01:35,2026-02-24,VJ920,A653,A321,HAN-NGO,,01:35,,01:35,,01:34,01:35,01:40,,,ONTIME,ONTIME,ONTIME,,,,,,,,,,HAN,,NGO,International,VJ,,
2026-02-24|VJ938|A525|HAN-KIX|01:40,2026-02-24,VJ938,A525,A321,HAN-KIX,,01:40,,01:40,,01:44,01:45,01:55,,,DELAY,ONTIME,ONTIME,,,15A,00:05,,,,,OFFLOAD 02PAX+04BAG,HAN,,KIX,International,VJ,,
2026-02-24|VJ960|A670|HAN-ICN|01:45,2026-02-24,VJ960,A670,A321,HAN-ICN,,01:45,,01:45,,01:44,01:45,01:52,,,ONTIME,ONTIME,ONTIME,,,,,,,,,,HAN,,ICN,International,VJ,,
2026-02-24|VJ958|A535|HAN-FUK|02:05,2026-02-24,VJ958,A535,A321,HAN-FUK,,02:05,,02:55,,02:49,02:50,02:52,,,EARLY,ONTIME,DELAY,,,,,,,,,,HAN,,FUK,International,VJ,,
2026-02-24|VJ1121|A687|HAN-SGN|04:10,2026-02-24,VJ1121,A687,A321,HAN-SGN,,04:10,,04:10,,03:59,04:00,04:01,,,EARLY,ONTIME,ONTIME,,,,,,,,,,HAN,,SGN,Domestic,VJ,,
2026-02-24|VJ1123|A644|HAN-SGN|04:50,2026-02-24,VJ1123,A644,A321,HAN-SGN,,04:50,,04:50,,04:44,04:45,04:51,,,EARLY,ONTIME,ONTIME,,,,,,,,,,HAN,,SGN,Domestic,VJ,,
2026-02-24|VJ179|A698|HAN-SGN|05:00,2026-02-24,VJ179,A698,A321,HAN-SGN,,05:00,,05:00,,04:59,05:00,05:13,,,ONTIME,ONTIME,ONTIME,,,,,,,,,TẮC ANSC/LATE ACCEPT 20PAX 05BAG,HAN,,SGN,Domestic,VJ,,
2026-02-24|VJ7713/VJ461|A666|PKX-HAN-VCA|05:30,2026-02-24,VJ7713/VJ461,A666,A320,PKX-HAN-VCA,04:25,05:30,04:25,05:30,04:55,05:29,05:30,05:40,01:05,00:35,ONTIME,ONTIME,ONTIME,DELAY,,,,,,,,CHANGE CREW,HAN,PKX,VCA,Domestic,VJ,,
2026-02-24|VJ773|A815|HAN-CXR|05:45,2026-02-24,VJ773,A815,A330,HAN-CXR,,05:45,,05:45,,05:39,05:40,05:50,,,EARLY,ONTIME,ONTIME,,,,,,,,,,HAN,,CXR,Domestic,VJ,,
2026-02-24|VJ1196/VJ443|A630|SGN-HAN-PQC|06:00,2026-02-24,VJ1196/VJ443,A630,A321,SGN-HAN-PQC,05:30,06:00,05:30,06:40,05:55,06:29,06:30,06:40,01:10,00:35,EARLY,ONTIME,DELAY,DELAY,,,,,,,,,HAN,SGN,PQC,Domestic,VJ,,
2026-02-24|VJ1166/VJ491|A639|SGN-HAN-BMV|06:00,2026-02-24,VJ1166/VJ491,A639,A321,SGN-HAN-BMV,03:10,06:00,03:10,06:15,04:20,06:06,06:07,06:09,03:05,01:47,EARLY,ONTIME,ONTIME,DELAY,,,,,,,,,HAN,SGN,BMV,Domestic,VJ,,
2026-02-24|VJ7527/VJ185|A635|CAN-HAN-SGN|06:05,2026-02-24,VJ7527/VJ185,A635,A321,CAN-HAN-SGN,05:05,06:05,05:05,06:20,05:25,06:14,06:15,06:20,01:15,00:50,EARLY,ONTIME,ONTIME,DELAY,,,,,,,,,HAN,CAN,SGN,Domestic,VJ,,
2026-02-24|VJ401|A675|HAN-DLI|06:30,2026-02-24,VJ401,A675,A320,HAN-DLI,,06:30,,06:30,,06:24,06:25,06:38,,,EARLY,ONTIME,ONTIME,,,,,,,,,,HAN,,DLI,Domestic,VJ,,
2026-02-24|VJ7307/VJ952|A655|TFU-HAN-HIJ|06:35,2026-02-24,VJ7307/VJ952,A655,A320,TFU-HAN-HIJ,02:15,06:35,02:15,06:35,02:10,06:29,06:30,06:37,04:20,04:20,EARLY,ONTIME,ONTIME,ONTIME,,,,,,,,,HAN,TFU,HIJ,International,VJ,,
2026-02-24|VJ181|A522|HAN-SGN|06:40,2026-02-24,VJ181,A522,A321,HAN-SGN,,06:40,,06:40,,06:34,06:35,06:46,,,EARLY,ONTIME,ONTIME,,,,,,,,,,HAN,,SGN,Domestic,VJ,,
2026-02-24|VJ105|652G|HAN-VCS|06:45,2026-02-24,VJ105,652G,C909,HAN-VCS,,06:45,,06:45,,06:39,06:40,06:50,,,EARLY,ONTIME,ONTIME,,,,,,,,,,HAN,,VCS,Domestic,VJ,,
2026-02-24|VJ1926/VJ956|A668|AMD-HAN-PUS|07:30,2026-02-24,VJ1926/VJ956,A668,A320,AMD-HAN-PUS,06:20,07:30,06:20,07:30,05:50,07:24,07:25,07:35,01:10,01:35,EARLY,ONTIME,ONTIME,ONTIME,,,,,,,,,HAN,AMD,PUS,International,VJ,,
2026-02-24|VJ502/VJ771|A636|DAD-HAN-CXR|07:35,2026-02-24,VJ502/VJ771,A636,A321,DAD-HAN-CXR,07:05,07:35,07:05,07:35,07:10,07:34,07:35,07:40,00:30,00:25,ONTIME,ONTIME,ONTIME,ONTIME,,,,,,,,,HAN,DAD,CXR,Domestic,VJ,,
2026-02-24|VJ1124/VJ940|A552|SGN-HAN-TPE|07:35,2026-02-24,VJ1124/VJ940,A552,A321,SGN-HAN-TPE,05:20,07:35,05:20,07:35,05:40,07:29,07:30,07:40,02:15,01:50,EARLY,ONTIME,ONTIME,DELAY,,,,,,,,,HAN,SGN,TPE,International,VJ,,
2026-02-24|VJ122/VJ1507|A693|SGN-HAN-DAD|08:00,2026-02-24,VJ122/VJ1507,A693,A321,SGN-HAN-DAD,07:30,08:00,07:30,08:00,07:00,07:47,07:48,07:55,00:30,00:48,EARLY,ONTIME,ONTIME,ONTIME,,,,,,,,,HAN,SGN,DAD,Domestic,VJ,,
2026-02-24|VJ910/VJ905|A532|BOM-HAN-KUL|08:05,2026-02-24,VJ910/VJ905,A532,A321,BOM-HAN-KUL,06:40,08:05,06:40,08:05,06:25,08:19,08:20,08:26,01:25,01:55,DELAY,ONTIME,DELAY,ONTIME,,99,00:10,15A,00:05,,,"10MINS ARRANGE PAX, 05MINS OFFLOAD 03PAX 02PCS",HAN,BOM,KUL,International,VJ,,
2026-02-24|VJ107|656E|HAN-VCS|08:15,2026-02-24,VJ107,656E,C909,HAN-VCS,,08:15,,11:20,,11:35,11:36,11:43,,,DELAY,DELAY,DELAY,,,41,00:16,,,,,AIR RETURN DUE TECHNICAL CHECK,HAN,,VCS,Domestic,VJ,,
2026-02-24|VJ934|A607|HAN-NRT|08:20,2026-02-24,VJ934,A607,A321,HAN-NRT,,08:20,,08:20,,08:29,08:30,08:45,,,DELAY,ONTIME,DELAY,,,87,00:05,15A,00:05,,,"05MINS STUCK IMMIGRATION, 05MINS OFFLOAD 01PAX 04PCS",HAN,,NRT,International,VJ,,
2026-02-24|VJ7239/VJ930|A528|PVG-HAN-KIX|08:20,2026-02-24,VJ7239/VJ930,A528,A321,PVG-HAN-KIX,05:15,08:20,05:15,08:20,05:35,08:24,08:25,08:35,03:05,02:50,DELAY,ONTIME,ONTIME,DELAY,,87,00:05,99,00:05,,,"05MINS STUCK IMMIGRATION, 05MINS LATE ACCEPT 52PAX 53PCS",HAN,PVG,KIX,International,VJ,,
2026-02-24|VJ524/VJ929|A663|DAD-HAN-CGK|08:40,2026-02-24,VJ524/VJ929,A663,A320,DAD-HAN-CGK,07:40,08:40,07:40,08:40,07:34,08:49,08:50,09:05,01:00,01:16,DELAY,ONTIME,DELAY,ONTIME,,87,00:10,,,,,STUCK IMMIGRATION,HAN,DAD,CGK,International,VJ,,
2026-02-24|VJ124/VJ125|A816|SGN-HAN-SGN|08:40,2026-02-24,VJ124/VJ125,A816,A330,SGN-HAN-SGN,07:50,08:40,07:50,08:40,07:55,08:39,08:40,08:48,00:50,00:45,ONTIME,ONTIME,ONTIME,ONTIME,,,,,,,,,HAN,SGN,SGN,Domestic,VJ,,
2026-02-24|VJ126/VJ127|A534|SGN-HAN-SGN|08:55,2026-02-24,VJ126/VJ127,A534,A321,SGN-HAN-SGN,08:25,08:55,08:25,08:55,08:35,09:03,09:05,09:07,00:30,00:30,DELAY,ONTIME,ONTIME,ONTIME,,93,00:10,,,,,,HAN,SGN,SGN,Domestic,VJ,,
2026-02-24|VJ915|A578|HAN-SIN|09:35,2026-02-24,VJ915,A578,A321,HAN-SIN,,09:35,,09:35,,09:34,09:35,09:42,,,ONTIME,ONTIME,ONTIME,,,,,,,,,,HAN,,SIN,International,VJ,,
2026-02-24|VJ148/VJ149|-NVG|SGN-HAN-SGN|10:05,2026-02-24,VJ148/VJ149,-NVG,A320,SGN-HAN-SGN,09:30,10:05,09:30,10:05,09:50,10:14,10:15,10:22,00:35,00:25,DELAY,ONTIME,DELAY,DELAY,,93,00:10,,,,,,HAN,SGN,SGN,Domestic,VJ,,
2026-02-24|VJ1122/VJ567|A644|SGN-HAN-HUI|10:10,2026-02-24,VJ1122/VJ567,A644,A321,SGN-HAN-HUI,09:40,10:10,09:40,10:10,09:50,10:19,10:20,10:27,00:30,00:30,DELAY,ONTIME,DELAY,ONTIME,,93,00:10,,,,,,HAN,SGN,HUI,Domestic,VJ,,
2026-02-24|VJ492/VJ507|A639|BMV-HAN-DAD|10:30,2026-02-24,VJ492/VJ507,A639,A321,BMV-HAN-DAD,10:00,10:30,10:00,10:50,09:58,10:44,10:45,10:45,00:50,00:47,EARLY,ONTIME,ONTIME,ONTIME,,,,,,,,,HAN,BMV,DAD,Domestic,VJ,,
2026-02-24|VJ963/VJ997|A674|ICN-HAN-DPS|10:30,2026-02-24,VJ963/VJ997,A674,A321,ICN-HAN-DPS,09:30,10:30,09:30,10:30,09:50,10:34,10:35,10:40,01:00,00:45,DELAY,ONTIME,ONTIME,DELAY,,66,00:05,,,,,CREW HN OB 10:09,HAN,ICN,DPS,International,VJ,,
2026-02-24|VJ1120/VJ463|A641|SGN-HAN-VCA|10:30,2026-02-24,VJ1120/VJ463,A641,A321,SGN-HAN-VCA,09:00,10:30,09:00,10:30,09:10,10:19,10:20,10:28,01:30,01:10,EARLY,ONTIME,ONTIME,ONTIME,,,,,,,,,HAN,SGN,VCA,Domestic,VJ,,
2026-02-24|VJ403|A658|HAN-DLI|10:45,2026-02-24,VJ403,A658,A320,HAN-DLI,,10:45,,10:45,,10:38,10:40,10:41,,,EARLY,ONTIME,ONTIME,,,,,,,,,,HAN,,DLI,Domestic,VJ,,
2026-02-24|VJ402/VJ407|A675|DLI-HAN-DLI|11:25,2026-02-24,VJ402/VJ407,A675,A320,DLI-HAN-DLI,10:50,11:25,10:50,11:25,10:50,11:21,11:22,11:30,00:35,00:32,EARLY,ONTIME,ONTIME,ONTIME,,,,,,,,,HAN,DLI,DLI,Domestic,VJ,,
2026-02-24|VJ184/VJ129|A812|SGN-HAN-SGN|11:25,2026-02-24,VJ184/VJ129,A812,A330,SGN-HAN-SGN,10:25,11:25,10:25,11:25,10:55,11:34,11:35,11:38,01:00,00:40,DELAY,ONTIME,ONTIME,DELAY,,93,00:10,,,,,,HAN,SGN,SGN,Domestic,VJ,,
2026-02-24|VJ132/VJ137|A523|SGN-HAN-SGN|11:40,2026-02-24,VJ132/VJ137,A523,A321,SGN-HAN-SGN,11:10,11:40,11:10,11:40,11:05,11:39,11:40,11:50,00:30,00:35,ONTIME,ONTIME,ONTIME,ONTIME,,,,,,,,,HAN,SGN,SGN,Domestic,VJ,,
2026-02-24|VJ1508/VJ1509|A693|DAD-HAN-DAD|11:40,2026-02-24,VJ1508/VJ1509,A693,A321,DAD-HAN-DAD,11:10,11:40,11:10,12:20,11:30,12:19,12:20,12:25,01:10,00:50,ONTIME,ONTIME,DELAY,DELAY,,,,,,,,,HAN,DAD,DAD,Domestic,VJ,,
2026-02-24|VJ981/VJ946|A683|PUS-HAN-KHH|11:45,2026-02-24,VJ981/VJ946,A683,A321,PUS-HAN-KHH,11:00,11:45,11:00,11:45,11:10,11:49,11:50,12:00,00:45,00:40,DELAY,ONTIME,ONTIME,ONTIME,,66,00:05,,,,,CREW HN OB 1125,HAN,PUS,KHH,International,VJ,,
2026-02-24|VJ136/VJ135|A635|SGN-HAN-SGN|11:10,2026-02-24,VJ136/VJ135,A635,A321,SGN-HAN-SGN,10:40,11:10,11:10,11:45,11:40,12:09,12:10,12:13,00:35,00:30,DELAY,DELAY,DELAY,DELAY,,93,00:25,,,,,,HAN,SGN,SGN,Domestic,VJ,,
2026-02-24|VJ440/VJ441|A656|PQC-HAN-PQC|12:25,2026-02-24,VJ440/VJ441,A656,A320,PQC-HAN-PQC,11:55,12:25,11:55,13:00,12:25,12:59,13:00,13:20,01:05,00:35,ONTIME,ONTIME,DELAY,DELAY,,,,,,,,,HAN,PQC,PQC,Domestic,VJ,,
2026-02-24|VJ770/VJ901|A636|CXR-HAN-BKK|12:30,2026-02-24,VJ770/VJ901,A636,A321,CXR-HAN-BKK,11:45,12:30,11:45,12:50,12:15,12:57,12:58,13:00,01:05,00:43,DELAY,ONTIME,DELAY,DELAY,,66,00:08,,,,,CREW HN OB 1230,HAN,CXR,BKK,International,VJ,,
2026-02-24|VJ186/VJ183|A811|SGN-HAN-SGN|12:40,2026-02-24,VJ186/VJ183,A811,A330,SGN-HAN-SGN,11:40,12:40,11:40,12:40,12:05,12:49,12:50,12:59,01:00,00:45,DELAY,ONTIME,DELAY,DELAY,,93,00:10,,,,,,HAN,SGN,SGN,Domestic,VJ,,
2026-02-24|VJ780/VJ781|A648|CXR-HAN-CXR|13:00,2026-02-24,VJ780/VJ781,A648,A321,CXR-HAN-CXR,12:30,13:00,12:30,13:00,12:30,12:58,13:00,13:15,00:30,00:30,ONTIME,ONTIME,ONTIME,ONTIME,,,,,,,,,HAN,CXR,CXR,Domestic,VJ,,
2026-02-24|VJ442/VJ948|A630|PQC-HAN-RMQ|13:30,2026-02-24,VJ442/VJ948,A630,A321,PQC-HAN-RMQ,10:45,13:30,11:25,13:30,11:55,13:28,13:30,13:35,02:05,01:35,ONTIME,ONTIME,ONTIME,DELAY,,,,,,,,,HAN,PQC,RMQ,International,VJ,,
2026-02-24|VJ128/VJ143|A817|SGN-HAN-SGN|13:40,2026-02-24,VJ128/VJ143,A817,A330,SGN-HAN-SGN,12:10,13:40,12:10,13:40,12:35,13:39,13:40,13:50,01:30,01:05,ONTIME,ONTIME,ONTIME,DELAY,,,,,,,,,HAN,SGN,SGN,Domestic,VJ,,
2026-02-24|VJ959/VJ513|A535|FUK-HAN-DAD|14:05,2026-02-24,VJ959/VJ513,A535,A321,FUK-HAN-DAD,13:15,14:05,13:15,14:05,12:55,14:02,14:03,14:05,00:50,01:08,EARLY,ONTIME,ONTIME,ONTIME,,,,,,,,,HAN,FUK,DAD,Domestic,VJ,,
2026-02-24|VJ566/VJ511|A644|HUI-HAN-DAD|14:20,2026-02-24,VJ566/VJ511,A644,A321,HUI-HAN-DAD,13:05,14:20,13:05,14:20,13:38,14:19,14:20,14:25,01:15,00:42,ONTIME,ONTIME,ONTIME,DELAY,,,,,,,,,HAN,HUI,DAD,Domestic,VJ,,
2026-02-24|VJ939/VJ942|A525|KIX-HAN-TPE|14:25,2026-02-24,VJ939/VJ942,A525,A321,KIX-HAN-TPE,13:05,14:25,13:05,14:25,13:20,14:23,14:25,14:30,01:20,01:05,ONTIME,ONTIME,ONTIME,ONTIME,,,,,,,,,HAN,KIX,TPE,International,VJ,,
2026-02-24|VJ508/VJ1491|A639|DAD-HAN-BMV|14:35,2026-02-24,VJ508/VJ1491,A639,A321,DAD-HAN-BMV,13:40,14:35,14:00,14:35,14:20,14:54,14:55,14:57,00:35,00:35,DELAY,DELAY,DELAY,DELAY,,93,00:15,66,00:05,,,CREW HN OB 1434,HAN,DAD,BMV,Domestic,VJ,,
2026-02-24|VJ921/VJ153|A653|NGO-HAN-SGN|15:10,2026-02-24,VJ921/VJ153,A653,A321,NGO-HAN-SGN,13:40,15:10,13:40,15:30,13:05,16:09,16:10,16:18,01:50,03:05,DELAY,DELAY,DELAY,ONTIME,,95,00:40,,,,,WAIT CREW FR VJ138 OB 1540,HAN,NGO,SGN,Domestic,VJ,,
2026-02-24|VJ404/VJ433|A658|DLI-HAN-UIH|15:25,2026-02-24,VJ404/VJ433,A658,A320,DLI-HAN-UIH,14:55,15:25,14:55,15:25,15:30,15:54,15:55,15:59,00:30,00:25,DELAY,DELAY,DELAY,DELAY,,93,00:30,,,,,,HAN,DLI,UIH,Domestic,VJ,,
2026-02-24|VJ138/VJ1441|A526|SGN-HAN-PQC|15:30,2026-02-24,VJ138/VJ1441,A526,A321,SGN-HAN-PQC,14:40,15:30,14:40,15:30,15:25,15:51,15:52,15:54,00:50,00:27,DELAY,DELAY,DELAY,DELAY,,93,00:22,,,,,,HAN,SGN,PQC,Domestic,VJ,,
2026-02-24|VJ144/VJ145|A816|SGN-HAN-SGN|15:35,2026-02-24,VJ144/VJ145,A816,A330,SGN-HAN-SGN,14:10,15:35,14:10,15:35,14:55,15:39,15:40,15:45,01:25,00:45,DELAY,ONTIME,ONTIME,DELAY,,93,00:05,,,,,,HAN,SGN,SGN,Domestic,VJ,,
2026-02-24|VJ941/VJ903|A552|TPE-HAN-BKK|15:50,2026-02-24,VJ941/VJ903,A552,A321,TPE-HAN-BKK,14:10,15:50,14:10,15:50,14:32,15:48,15:50,15:51,01:40,01:18,ONTIME,ONTIME,ONTIME,DELAY,,,,,,,,,HAN,TPE,BKK,International,VJ,,
2026-02-24|VJ961/VJ423|A670|ICN-HAN-PXU|15:55,2026-02-24,VJ961/VJ423,A670,A321,ICN-HAN-PXU,14:10,15:55,14:10,15:55,14:05,15:49,15:50,15:52,01:45,01:45,EARLY,ONTIME,ONTIME,ONTIME,,,,,,,,,HAN,ICN,PXU,Domestic,VJ,,
2026-02-24|VJ460/VJ191|A661|VCA-HAN-SGN|15:55,2026-02-24,VJ460/VJ191,A661,A321,VCA-HAN-SGN,15:25,15:55,15:25,16:50,16:10,16:44,16:45,16:55,01:25,00:35,EARLY,ONTIME,DELAY,DELAY,,,,,,,,,HAN,VCA,SGN,Domestic,VJ,,
2026-02-24|VJ933/VJ195|A820|NRT-HAN-SGN|16:00,2026-02-24,VJ933/VJ195,A820,A321,NRT-HAN-SGN,14:00,16:00,14:00,16:00,13:55,15:59,16:00,16:30,02:00,02:05,ONTIME,ONTIME,DELAY,ONTIME,,,,,,,,,HAN,NRT,SGN,Domestic,VJ,,
2026-02-24|VJ408/VJ409|A675|DLI-HAN-DLI|16:05,2026-02-24,VJ408/VJ409,A675,A320,DLI-HAN-DLI,15:35,16:05,15:35,16:05,15:45,16:09,16:10,16:20,00:30,00:25,DELAY,ONTIME,ONTIME,ONTIME,,93,00:05,,,,,,HAN,DLI,DLI,Domestic,VJ,,
2026-02-24|VJ1510/VJ913|A693|DAD-HAN-SAI|16:20,2026-02-24,VJ1510/VJ913,A693,A321,DAD-HAN-SAI,14:50,16:20,14:50,16:20,15:45,16:29,16:30,16:42,01:30,00:45,DELAY,ONTIME,DELAY,DELAY,,66,00:10,,,,,CREW HN OB 1607,HAN,DAD,SAI,International,VJ,,
2026-02-24|VJ462/VJ515|A666|VCA-HAN-DAD|16:25,2026-02-24,VJ462/VJ515,A666,A320,VCA-HAN-DAD,15:40,16:25,15:40,16:25,16:05,16:29,16:30,16:50,00:45,00:25,DELAY,ONTIME,DELAY,DELAY,,93,00:05,,,,,,HAN,VCA,DAD,Domestic,VJ,,
2026-02-24|VJ906/VJ147|A532|KUL-HAN-SGN|17:10,2026-02-24,VJ906/VJ147,A532,A321,KUL-HAN-SGN,15:50,17:10,15:50,17:10,16:05,17:07,17:10,17:16,01:20,01:05,ONTIME,ONTIME,ONTIME,ONTIME,,,,,,,,,HAN,KUL,SGN,Domestic,VJ,,
2026-02-24|VJ134/VJ163|-MLI|SGN-HAN-SGN|17:30,2026-02-24,VJ134/VJ163,-MLI,A320,SGN-HAN-SGN,17:00,17:30,17:00,19:00,18:55,19:19,19:20,19:35,02:00,00:25,DELAY,DELAY,DELAY,DELAY,,93,00:20,,,,,,HAN,SGN,SGN,Domestic,VJ,,
2026-02-24|VJ953/VJ445|A655|HIJ-HAN-PQC|17:40,2026-02-24,VJ953/VJ445,A655,A320,HIJ-HAN-PQC,16:20,17:40,16:20,17:40,16:50,17:39,17:40,17:42,01:20,00:50,ONTIME,ONTIME,ONTIME,DELAY,,,,,,,,,HAN,HIJ,PQC,Domestic,VJ,,
2026-02-24|VJ784/VJ783|A648|CXR-HAN-CXR|17:40,2026-02-24,VJ784/VJ783,A648,A321,CXR-HAN-CXR,17:10,17:40,17:10,18:25,18:00,18:29,18:30,18:38,01:15,00:30,DELAY,ONTIME,DELAY,DELAY,,93,00:25,,,,,,HAN,CXR,CXR,Domestic,VJ,,
2026-02-24|VJ512/VJ779|A644|DAD-HAN-CXR|18:00,2026-02-24,VJ512/VJ779,A644,A321,DAD-HAN-CXR,17:30,18:00,17:30,18:35,18:10,18:54,18:55,18:59,01:05,00:45,DELAY,DELAY,DELAY,DELAY,,95,00:20,,,,,WAIT FO FR VJ134 OB 1853,HAN,DAD,CXR,Domestic,VJ,,
2026-02-24|VJ902/VJ465|A636|BKK-HAN-VCA|18:00,2026-02-24,VJ902/VJ465,A636,A321,BKK-HAN-VCA,17:15,18:00,17:15,18:40,17:50,18:37,18:38,18:42,01:25,00:48,EARLY,ONTIME,DELAY,DELAY,,,,,,,,,HAN,BKK,VCA,Domestic,VJ,,
2026-02-24|VJ194/VJ193|A549|SGN-HAN-SGN|18:10,2026-02-24,VJ194/VJ193,A549,A321,SGN-HAN-SGN,17:30,18:10,17:30,18:45,18:10,18:44,18:45,18:50,01:15,00:35,ONTIME,ONTIME,DELAY,DELAY,,,,,,,,,HAN,SGN,SGN,Domestic,VJ,,
2026-02-24|VJ916/VJ493|A578|SIN-HAN-BMV|18:25,2026-02-24,VJ916/VJ493,A578,A321,SIN-HAN-BMV,17:25,18:25,17:25,18:50,17:10,19:09,19:10,19:15,01:25,02:00,DELAY,DELAY,DELAY,ONTIME,,95,00:20,,,,,WAIT CREW FR VJ902 OB 1845,HAN,SIN,BMV,Domestic,VJ,,
2026-02-24|VJ514/VJ165|A535|DAD-HAN-SGN|18:30,2026-02-24,VJ514/VJ165,A535,A321,DAD-HAN-SGN,17:20,18:30,17:20,18:30,17:30,18:26,18:27,18:29,01:10,00:57,EARLY,ONTIME,ONTIME,ONTIME,,,,,,,,,HAN,DAD,SGN,Domestic,VJ,,
2026-02-24|VJ957/VJ1925|A668|PUS-HAN-AMD|19:00,2026-02-24,VJ957/VJ1925,A668,A320,PUS-HAN-AMD,17:20,19:00,17:20,19:00,17:15,18:56,18:57,19:00,01:40,01:42,EARLY,ONTIME,ONTIME,ONTIME,,,,,,,,,HAN,PUS,AMD,International,VJ,,
2026-02-24|VJ130/VJ189|A812|SGN-HAN-SGN|19:00,2026-02-24,VJ130/VJ189,A812,A330,SGN-HAN-SGN,16:45,19:00,16:45,19:00,17:35,19:34,19:35,19:38,02:15,02:00,DELAY,DELAY,DELAY,DELAY,,95,00:35,,,,,WAIT CREW FR VJ192 OB 1905,HAN,SGN,SGN,Domestic,VJ,,
2026-02-24|VJ192/VJ971|A811|SGN-HAN-DEL|19:10,2026-02-24,VJ192/VJ971,A811,A330,SGN-HAN-DEL,18:00,19:10,18:00,19:50,18:45,19:44,19:45,20:00,01:50,01:00,EARLY,ONTIME,DELAY,DELAY,,,,,,,,,HAN,SGN,DEL,International,VJ,,
2026-02-24|VJ928/VJ569|A663|CGK-HAN-HUI|19:15,2026-02-24,VJ928/VJ569,A663,A320,CGK-HAN-HUI,18:15,19:15,18:15,19:15,18:19,19:09,19:10,19:30,01:00,00:51,EARLY,ONTIME,ONTIME,ONTIME,,,,,,,,,HAN,CGK,HUI,Domestic,VJ,,
2026-02-24|VJ931/VJ519|A528|KIX-HAN-DAD|19:45,2026-02-24,VJ931/VJ519,A528,A321,KIX-HAN-DAD,19:15,19:45,19:15,20:10,19:15,20:09,20:10,20:23,00:55,00:55,ONTIME,ONTIME,DELAY,ONTIME,,,,,,,,,HAN,KIX,DAD,Domestic,VJ,,
2026-02-24|VJ172/VJ177|A817|SGN-HAN-SGN|19:55,2026-02-24,VJ172/VJ177,A817,A330,SGN-HAN-SGN,18:55,19:55,18:55,19:55,19:25,20:04,20:05,20:12,01:00,00:40,DELAY,ONTIME,DELAY,DELAY,,93,00:10,,,,,,HAN,SGN,SGN,Domestic,VJ,,
2026-02-24|VJ432/VJ7712|A658|UIH-HAN-PKX|20:05,2026-02-24,VJ432/VJ7712,A658,A320,UIH-HAN-PKX,19:10,20:05,19:10,20:40,20:00,20:44,20:45,21:05,01:30,00:45,DELAY,ONTIME,DELAY,DELAY,,99,00:05,,,,,LATE ACCEPT 01PAX+01BAG,HAN,UIH,PKX,International,VJ,,
2026-02-24|VJ949/VJ155|A630|RMQ-HAN-SGN|20:05,2026-02-24,VJ949/VJ155,A630,A321,RMQ-HAN-SGN,19:50,20:05,19:50,20:45,20:00,20:44,20:45,20:59,00:55,00:45,ONTIME,ONTIME,DELAY,ONTIME,,,,,,,,,HAN,RMQ,SGN,Domestic,VJ,,
2026-02-24|VJ1440/VJ173|A545|PQC-HAN-SGN|20:45,2026-02-24,VJ1440/VJ173,A545,A321,PQC-HAN-SGN,20:10,20:45,20:10,21:35,21:05,21:44,21:45,21:59,01:25,00:40,DELAY,ONTIME,DELAY,DELAY,,66,00:10,,,,,CREW HN OB 2115,HAN,PQC,SGN,Domestic,VJ,,
2026-02-24|VJ947/VJ521|A683|KHH-HAN-DAD|20:50,2026-02-24,VJ947/VJ521,A683,A321,KHH-HAN-DAD,18:05,20:50,18:05,21:40,18:15,21:39,21:40,21:50,03:35,03:25,ONTIME,ONTIME,DELAY,ONTIME,,,,,,,,,HAN,KHH,DAD,Domestic,VJ,,
2026-02-24|VJ446/VJ1197|A656|PQC-HAN-SGN|20:50,2026-02-24,VJ446/VJ1197,A656,A320,PQC-HAN-SGN,17:10,20:50,17:50,20:50,18:30,20:44,20:45,20:52,03:00,02:15,EARLY,ONTIME,ONTIME,DELAY,,,,,,,,,HAN,PQC,SGN,Domestic,VJ,,
2026-02-24|VJ410/VJ7238|A675|DLI-HAN-PVG|21:30,2026-02-24,VJ410/VJ7238,A675,A320,DLI-HAN-PVG,20:15,21:30,20:15,21:50,20:55,21:42,21:43,21:49,01:35,00:48,EARLY,ONTIME,DELAY,DELAY,,,,,,,,,HAN,DLI,PVG,International,VJ,,
2026-02-24|VJ160/VJ161|A629|SGN-HAN-SGN|21:50,2026-02-24,VJ160/VJ161,A629,A321,SGN-HAN-SGN,21:15,21:50,21:15,21:50,21:30,21:59,22:00,22:05,00:35,00:30,DELAY,ONTIME,ONTIME,ONTIME,,93,00:10,,,,,,HAN,SGN,SGN,Domestic,VJ,,
2026-02-24|VJ935/VJ123|A607|NRT-HAN-SGN|22:10,2026-02-24,VJ935/VJ123,A607,A321,NRT-HAN-SGN,20:55,22:10,20:55,22:10,21:10,22:49,22:50,22:58,01:15,01:40,DELAY,DELAY,DELAY,ONTIME,,95,00:40,,,,,WAIT CREW FR VJ166 OB 2220,HAN,NRT,SGN,Domestic,VJ,,
2026-02-24|VJ568/VJ523|A663|HUI-HAN-DAD|22:45,2026-02-24,VJ568/VJ523,A663,A320,HUI-HAN-DAD,22:15,22:45,22:15,22:45,22:40,23:04,23:05,23:28,00:30,00:25,DELAY,DELAY,DELAY,DELAY,,93,00:20,,,,,,HAN,HUI,DAD,Domestic,VJ,,
2026-02-24|VJ424/VJ962|A670|PXU-HAN-ICN|22:50,2026-02-24,VJ424/VJ962,A670,A321,PXU-HAN-ICN,19:35,22:50,19:35,22:50,19:45,22:59,23:00,23:18,03:15,03:15,DELAY,ONTIME,DELAY,ONTIME,,87,00:10,,,,,STUCK AT IMMI,HAN,PXU,ICN,International,VJ,,
2026-02-24|VJ166/VJ187|A661|SGN-HAN-SGN|22:50,2026-02-24,VJ166/VJ187,A661,A321,SGN-HAN-SGN,21:00,22:50,21:40,23:45,22:12,23:44,23:45,23:50,02:05,01:33,ONTIME,ONTIME,DELAY,DELAY,,,,,,,,,HAN,SGN,SGN,Domestic,VJ,,
2026-02-24|VJ180/VJ171|A816|SGN-HAN-SGN|23:25,2026-02-24,VJ180/VJ171,A816,A330,SGN-HAN-SGN,22:25,23:25,22:25,23:25,23:00,23:39,23:40,23:55:00,01:00,00:40,DELAY,ONTIME,DELAY,DELAY,,93,00:15,,,,,,HAN,SGN,SGN,Domestic,VJ,,
2026-02-24|VJ1492/VJ7526|A639|BMV-HAN-CAN|23:40,2026-02-24,VJ1492/VJ7526,A639,A321,BMV-HAN-CAN,22:40,23:40,23:05,23:40,22:45,23:49,23:50,"1 day, 0:04:00",00:35,01:05,DELAY,ONTIME,DELAY,ONTIME,,99,00:10,,,,,WAIT 3PAX + 3BAG TRANSIT FR VJ516,HAN,BMV,CAN,International,VJ,,
2026-02-24|VJ156/VJ159|A673|SGN-HAN-SGN|00:15,2026-02-24,VJ156/VJ159,A673,A321,SGN-HAN-SGN,23:40,00:15,23:40,00:15,23:55,00:14,00:15,"1 day, 0:25:00",00:35,00:20,DELAY,DELAY,DELAY,ONTIME,,,,,,,,,HAN,SGN,SGN,Domestic,VJ,,
2026-02-24|VJ190/VJ1125|A532|SGN-HAN-SGN|00:15,2026-02-24,VJ190/VJ1125,A532,A321,SGN-HAN-SGN,22:00,00:15,22:00,01:10,23:05,01:09,01:10,"1 day, 1:19:00",03:10,02:05,DELAY,DELAY,DELAY,DELAY,,,,,,,,,HAN,SGN,SGN,Domestic,VJ,,
2026-02-25|VJ932|A820|HAN-NRT|00:55,2026-02-25,VJ932,A820,A321,HAN-NRT,,00:55,,00:55,,00:54,00:55,01:05,,,ONTIME,ONTIME,ONTIME,,,,,,,,,,HAN,,NRT,International,VJ,,
2026-02-25|VJ982|A535|HAN-PUS|01:00,2026-02-25,VJ982,A535,A321,HAN-PUS,,01:00,,01:00,,01:19,01:20,01:30,,,DELAY,DELAY,DELAY,,,87,00:20,,,,,STUCK AT IMMI,HAN,,PUS,International,VJ,,
2026-02-25|VJ920|A578|HAN-NGO|01:35,2026-02-25,VJ920,A578,A321,HAN-NGO,,01:35,,01:35,,01:33,01:35,01:35,,,ONTIME,ONTIME,ONTIME,,,,,,,,,,HAN,,NGO,International,VJ,,
2026-02-25|VJ938|A674|HAN-KIX|01:40,2026-02-25,VJ938,A674,A321,HAN-KIX,,01:40,,01:40,,01:39,01:40,01:47,,,ONTIME,ONTIME,ONTIME,,,,,,,,,,HAN,,KIX,International,VJ,,
2026-02-25|VJ960|A693|HAN-ICN|01:45,2026-02-25,VJ960,A693,A321,HAN-ICN,,01:45,,01:45,,01:44,01:45,01:52,,,ONTIME,ONTIME,ONTIME,,,,,,,,,,HAN,,ICN,International,VJ,,
2026-02-25|VJ7706/VJ7706|A539|CXR-HAN-KHV|01:25,2026-02-25,VJ7706/VJ7706,A539,A321,CXR-HAN-KHV,00:55,01:25,00:55,02:00,01:30,01:59,02:00,02:03,01:05,00:30,ONTIME,ONTIME,DELAY,DELAY,,,,,,,,,HAN,CXR,KHV,International,VJ,,
2026-02-25|VJ185|A632|HAN-SGN|05:10,2026-02-25,VJ185,A632,A321,HAN-SGN,,05:10,,05:10,,05:03,05:04,05:06,,,EARLY,ONTIME,ONTIME,,,,,,,,,,HAN,,SGN,Domestic,VJ,,
2026-02-25|VJ509|A630|HAN-DAD|05:25,2026-02-25,VJ509,A630,A321,HAN-DAD,,05:25,,05:25,,05:19,05:20,05:27,,,EARLY,ONTIME,ONTIME,,,,,,,,,,HAN,,DAD,Domestic,VJ,,
2026-02-25|VJ461|A636|HAN-VCA|05:30,2026-02-25,VJ461,A636,A321,HAN-VCA,,05:30,,05:30,,05:24,05:25,05:40,,,EARLY,ONTIME,ONTIME,,,,,,,,,,HAN,,VCA,Domestic,VJ,,
2026-02-25|VJ7527/VJ179|A639|CAN-HAN-SGN|05:55,2026-02-25,VJ7527/VJ179,A639,A321,CAN-HAN-SGN,04:35,05:55,04:35,05:55,04:30,06:13,06:14,06:20,01:20,01:44,DELAY,DELAY,DELAY,ONTIME,,87,00:19,,,,,SYSTEM BELT SHUT DOWN,HAN,CAN,SGN,Domestic,VJ,,
2026-02-25|VJ443|A697|HAN-PQC|06:00,2026-02-25,VJ443,A697,A321,HAN-PQC,,06:00,,06:00,,05:59,06:00,06:10,,,ONTIME,ONTIME,ONTIME,,,,,,,,,,HAN,,PQC,Domestic,VJ,,
2026-02-25|VJ503|A552|HAN-DAD|06:00,2026-02-25,VJ503,A552,A321,HAN-DAD,,06:00,,06:00,,06:19,06:20,06:25,,,DELAY,DELAY,DELAY,,,87,00:20,,,,,SYSTEM BELT SHUT DOWN,HAN,,DAD,Domestic,VJ,,
2026-02-25|VJ491|A644|HAN-BMV|06:00,2026-02-25,VJ491,A644,A321,HAN-BMV,,06:00,,06:00,,05:54,05:55,06:02,,,EARLY,ONTIME,ONTIME,,,,,,,,,,HAN,,BMV,Domestic,VJ,,
2026-02-25|VJ7713/VJ401|A658|PKX-HAN-DLI|06:00,2026-02-25,VJ7713/VJ401,A658,A320,PKX-HAN-DLI,04:35,06:00,04:35,06:00,05:20,05:54,05:55,06:10,01:25,00:35,EARLY,ONTIME,ONTIME,DELAY,,,,,,,,,HAN,PKX,DLI,Domestic,VJ,,
2026-02-25|VJ421|A666|HAN-PXU|06:05,2026-02-25,VJ421,A666,A320,HAN-PXU,,06:05,,06:05,,05:59,06:00,06:10,,,EARLY,ONTIME,ONTIME,,,,,,,,,,HAN,,PXU,Domestic,VJ,,
2026-02-25|VJ1124/VJ181|A532|SGN-HAN-SGN|06:40,2026-02-25,VJ1124/VJ181,A532,A321,SGN-HAN-SGN,06:05,06:40,06:05,06:40,06:10,06:39,06:40,06:50,00:35,00:30,ONTIME,ONTIME,ONTIME,ONTIME,,,,,,,,,HAN,SGN,SGN,Domestic,VJ,,
2026-02-25|VJ105|652G|HAN-VCS|06:45,2026-02-25,VJ105,652G,C909,HAN-VCS,,06:45,,11:00,,11:22,11:23,11:25,,,DELAY,DELAY,DELAY,,,41,00:23,,,,,Technical check,HAN,,VCS,Domestic,VJ,,
2026-02-25|VJ972/VJ167|A811|DEL-HAN-SGN|07:05,2026-02-25,VJ972/VJ167,A811,A330,DEL-HAN-SGN,05:35,07:05,05:35,07:05,05:45,07:09,07:10,07:20,01:30,01:25,DELAY,ONTIME,ONTIME,ONTIME,,87,00:05,,,,,SYSTEM BELT SHUT DOWN,HAN,DEL,SGN,Domestic,VJ,,
2026-02-25|VJ905|A528|HAN-KUL|07:10,2026-02-25,VJ905,A528,A321,HAN-KUL,,07:10,,07:10,,07:04,07:05,07:13,,,EARLY,ONTIME,ONTIME,,,,,,,,,,HAN,,KUL,International,VJ,,
2026-02-25|VJ7239/VJ956|A675|PVG-HAN-PUS|07:30,2026-02-25,VJ7239/VJ956,A675,A320,PVG-HAN-PUS,05:15,07:30,05:15,07:30,05:25,07:24,07:25,07:32,02:15,02:00,EARLY,ONTIME,ONTIME,ONTIME,,,,,,,,,HAN,PVG,PUS,International,VJ,,
2026-02-25|VJ502/VJ771|A500|DAD-HAN-CXR|07:35,2026-02-25,VJ502/VJ771,A500,A321,DAD-HAN-CXR,07:05,07:35,07:05,07:35,07:10,07:39,07:40,07:47,00:30,00:30,DELAY,ONTIME,ONTIME,ONTIME,,93,00:05,,,,,,HAN,DAD,CXR,Domestic,VJ,,
2026-02-25|VJ940|A525|HAN-TPE|07:35,2026-02-25,VJ940,A525,A321,HAN-TPE,,07:35,,07:35,,07:34,07:35,07:43,,,ONTIME,ONTIME,ONTIME,,,,,,,,,,HAN,,TPE,International,VJ,,
2026-02-25|VJ107|656E|HAN-VCS|08:15,2026-02-25,VJ107,656E,C909,HAN-VCS,,08:15,,08:15,,08:08,08:10,08:38,,,EARLY,ONTIME,DELAY,,,,,,,,,,HAN,,VCS,Domestic,VJ,,
2026-02-25|VJ122/VJ934|A549|SGN-HAN-NRT|08:20,2026-02-25,VJ122/VJ934,A549,A321,SGN-HAN-NRT,07:30,08:20,07:30,08:20,07:10,08:19,08:20,08:27,00:50,01:10,ONTIME,ONTIME,ONTIME,ONTIME,,,,,,,,,HAN,SGN,NRT,International,VJ,,
2026-02-25|VJ930|A545|HAN-KIX|08:20,2026-02-25,VJ930,A545,A321,HAN-KIX,,08:20,,08:20,,08:34,08:35,08:50,,,DELAY,ONTIME,DELAY,,,87,00:15,,,,,DL87 STUCK AT IMMI,HAN,,KIX,International,VJ,,
2026-02-25|VJ1926/VJ929|A668|AMD-HAN-CGK|08:40,2026-02-25,VJ1926/VJ929,A668,A320,AMD-HAN-CGK,06:20,08:40,06:20,08:40,05:46,08:39,08:40,08:44,02:20,02:54,ONTIME,ONTIME,ONTIME,ONTIME,,,,,,,,,HAN,AMD,CGK,International,VJ,,
2026-02-25|VJ124/VJ125|A816|SGN-HAN-SGN|08:40,2026-02-25,VJ124/VJ125,A816,A330,SGN-HAN-SGN,07:50,08:40,07:50,08:40,08:05,08:47,08:48,08:50,00:50,00:43,DELAY,ONTIME,ONTIME,ONTIME,,93,00:08,,,,,,HAN,SGN,SGN,Domestic,VJ,,
2026-02-25|VJ120/VJ121|A817|SGN-HAN-SGN|08:40,2026-02-25,VJ120/VJ121,A817,A330,SGN-HAN-SGN,07:40,08:40,07:40,08:40,07:30,08:39,08:40,08:50,01:00,01:10,ONTIME,ONTIME,ONTIME,ONTIME,,,,,,,,,HAN,SGN,SGN,Domestic,VJ,,
2026-02-25|VJ126/VJ127|A575|SGN-HAN-SGN|08:55,2026-02-25,VJ126/VJ127,A575,A321,SGN-HAN-SGN,08:25,08:55,08:25,08:55,08:05,08:54,08:55,09:10,00:30,00:50,ONTIME,ONTIME,ONTIME,ONTIME,,,,,,,,,HAN,SGN,SGN,Domestic,VJ,,
2026-02-25|VJ527|A524|HAN-DAD|09:30,2026-02-25,VJ527,A524,A321,HAN-DAD,,09:30,,09:30,,09:26,09:27,09:45,,,EARLY,ONTIME,ONTIME,,,,,,,,,,HAN,,DAD,Domestic,VJ,,
2026-02-25|VJ510/VJ915|A630|DAD-HAN-SIN|09:35,2026-02-25,VJ510/VJ915,A630,A321,DAD-HAN-SIN,08:35,09:35,08:35,09:35,08:45,09:34,09:35,10:02,01:00,00:50,ONTIME,ONTIME,DELAY,ONTIME,,,,,,,,,HAN,DAD,SIN,International,VJ,,
2026-02-25|VJ504/VJ997|A552|DAD-HAN-DPS|10:00,2026-02-25,VJ504/VJ997,A552,A321,DAD-HAN-DPS,09:00,10:00,09:00,10:15,09:45,10:29,10:30,10:40,01:15,00:45,DELAY,ONTIME,DELAY,DELAY,,66,00:15,,,,,CREW HN OB 1000,HAN,DAD,DPS,International,VJ,,
2026-02-25|VJ148/VJ149|-NVG|SGN-HAN-SGN|10:05,2026-02-25,VJ148/VJ149,-NVG,A320,SGN-HAN-SGN,09:30,10:05,09:30,10:05,10:00,10:24,10:25,10:30,00:35,00:25,DELAY,DELAY,DELAY,DELAY,,93,00:20,,,,,,HAN,SGN,SGN,Domestic,VJ,,
2026-02-25|VJ963/VJ567|A670|ICN-HAN-HUI|10:25,2026-02-25,VJ963/VJ567,A670,A321,ICN-HAN-HUI,09:30,10:25,09:30,10:25,09:15,10:44,10:45,10:50,00:55,01:30,DELAY,DELAY,DELAY,ONTIME,,95,00:20,,,,,CREW FROM VJ442 OB 1020,HAN,ICN,HUI,Domestic,VJ,,
2026-02-25|VJ492/VJ507|A644|BMV-HAN-DAD|10:30,2026-02-25,VJ492/VJ507,A644,A321,BMV-HAN-DAD,10:00,10:30,10:00,10:30,10:20,10:58,10:59,11:00,00:30,00:39,DELAY,DELAY,DELAY,DELAY,,93,00:20,95,00:09,,,LATE ARR/CHANGE CREW FROM VJ524 OB 1035,HAN,BMV,DAD,Domestic,VJ,,
2026-02-25|VJ176/VJ463|A685|SGN-HAN-VCA|10:30,2026-02-25,VJ176/VJ463,A685,A321,SGN-HAN-VCA,09:55,10:30,10:40,11:20,10:45,11:18,11:20,11:25,00:40,00:35,ONTIME,ONTIME,DELAY,DELAY,,,,,,,,,HAN,SGN,VCA,Domestic,VJ,,
2026-02-25|VJ402/VJ403|A658|DLI-HAN-DLI|10:45,2026-02-25,VJ402/VJ403,A658,A320,DLI-HAN-DLI,10:10,10:45,10:10,10:45,10:30,10:54,10:55,11:00,00:35,00:25,DELAY,ONTIME,ONTIME,DELAY,,93,00:10,,,,,,HAN,DLI,DLI,Domestic,VJ,,
2026-02-25|VJ422/VJ775|A666|PXU-HAN-PQC|11:15,2026-02-25,VJ422/VJ775,A666,A320,PXU-HAN-PQC,10:40,11:15,10:40,12:00,10:05,11:52,11:54,12:05,01:20,01:49,EARLY,ONTIME,DELAY,ONTIME,,,,,,,,,HAN,PXU,PQC,Domestic,VJ,,
2026-02-25|VJ524/VJ407|A522|DAD-HAN-DLI|11:25,2026-02-25,VJ524/VJ407,A522,A321,DAD-HAN-DLI,09:40,11:25,09:40,11:25,09:55,11:24,11:25,11:35,01:45,01:30,ONTIME,ONTIME,ONTIME,ONTIME,,,,,,,,,HAN,DAD,DLI,Domestic,VJ,,
2026-02-25|VJ132/VJ137|A639|SGN-HAN-SGN|11:40,2026-02-25,VJ132/VJ137,A639,A321,SGN-HAN-SGN,11:10,11:40,11:10,11:40,12:05,12:33,12:35,12:39,00:30,00:30,DELAY,DELAY,DELAY,DELAY,,93,00:55,,,,,,HAN,SGN,SGN,Domestic,VJ,,
2026-02-25|VJ772/VJ133|A815|CXR-HAN-SGN|11:40,2026-02-25,VJ772/VJ133,A815,A330,CXR-HAN-SGN,10:40,11:40,10:40,11:40,10:50,11:39,11:40,11:45,01:00,00:50,ONTIME,ONTIME,ONTIME,ONTIME,,,,,,,,,HAN,CXR,SGN,Domestic,VJ,,
2026-02-25|VJ442/VJ946|A697|PQC-HAN-KHH|11:45,2026-02-25,VJ442/VJ946,A697,A321,PQC-HAN-KHH,10:45,11:45,10:45,11:45,11:00,11:44,11:45,11:55,01:00,00:45,ONTIME,ONTIME,ONTIME,ONTIME,,,,,,,,,HAN,PQC,KHH,International,VJ,,
2026-02-25|VJ981/VJ135|A535|PUS-HAN-SGN|11:50,2026-02-25,VJ981/VJ135,A535,A321,PUS-HAN-SGN,11:00,11:50,11:00,11:50,10:45,11:45,11:46,11:54,00:50,01:01,EARLY,ONTIME,ONTIME,ONTIME,,,,,,,,,HAN,PUS,SGN,Domestic,VJ,,
2026-02-25|VJ136/VJ441|A699|SGN-HAN-PQC|12:25,2026-02-25,VJ136/VJ441,A699,A320,SGN-HAN-PQC,09:40,12:25,09:40,12:25,11:40,12:22,12:23,12:24,02:45,00:43,EARLY,ONTIME,ONTIME,DELAY,,,,,,,,,HAN,SGN,PQC,Domestic,VJ,,
2026-02-25|VJ770/VJ901|A500|CXR-HAN-BKK|12:30,2026-02-25,VJ770/VJ901,A500,A321,CXR-HAN-BKK,11:45,12:30,11:45,13:10,12:25,13:09,13:10,13:20,01:25,00:45,ONTIME,ONTIME,DELAY,DELAY,,,,,,,,,HAN,CXR,BKK,International,VJ,,
2026-02-25|VJ528/VJ513|A524|DAD-HAN-DAD|13:35,2026-02-25,VJ528/VJ513,A524,A321,DAD-HAN-DAD,12:40,13:35,12:40,14:00,13:30,13:59,14:00,14:04,01:20,00:30,ONTIME,ONTIME,DELAY,DELAY,,,,,,,,,HAN,DAD,DAD,Domestic,VJ,,
2026-02-25|VJ128/VJ143|A811|SGN-HAN-SGN|13:40,2026-02-25,VJ128/VJ143,A811,A330,SGN-HAN-SGN,12:25,13:40,12:25,14:20,13:25,14:13,14:15,14:17,01:55,00:50,EARLY,ONTIME,DELAY,DELAY,,,,,,,,,HAN,SGN,SGN,Domestic,VJ,,
2026-02-25|VJ939/VJ948|A674|KIX-HAN-RMQ|14:05,2026-02-25,VJ939/VJ948,A674,A321,KIX-HAN-RMQ,13:05,14:05,13:05,14:05,12:45,14:02,14:03,14:10,01:00,01:18,EARLY,ONTIME,ONTIME,ONTIME,,,,,,,,,HAN,KIX,RMQ,International,VJ,,
2026-02-25|VJ508/VJ511|A644|DAD-HAN-DAD|14:20,2026-02-25,VJ508/VJ511,A644,A321,DAD-HAN-DAD,13:40,14:20,13:40,14:20,14:20,14:49,14:50,15:00,00:40,00:30,DELAY,DELAY,DELAY,DELAY,,93,00:30,,,,,,HAN,DAD,DAD,Domestic,VJ,,
2026-02-25|VJ566/VJ942|A670|HUI-HAN-TPE|14:25,2026-02-25,VJ566/VJ942,A670,A321,HUI-HAN-TPE,13:20,14:25,13:20,14:25,13:50,14:34,14:35,14:40,01:05,00:45,DELAY,ONTIME,ONTIME,DELAY,,66,00:10,,,,,CHANGE CREW HN OB 1405,HAN,HUI,TPE,International,VJ,,
2026-02-25|VJ921/VJ1491|A578|NGO-HAN-BMV|14:35,2026-02-25,VJ921/VJ1491,A578,A321,NGO-HAN-BMV,13:40,14:35,13:40,14:35,13:00,14:31,14:33,14:34,00:55,01:33,EARLY,ONTIME,ONTIME,ONTIME,,,,,,,,,HAN,NGO,BMV,Domestic,VJ,,
2026-02-25|VJ188/VJ151|-NVE|SGN-HAN-SGN|15:05,2026-02-25,VJ188/VJ151,-NVE,A320,SGN-HAN-SGN,14:30,15:05,15:10,16:50,16:20,16:59,17:00,17:15,01:40,00:40,DELAY,ONTIME,DELAY,DELAY,,87,00:10,,,,,GATE LIMITATION,HAN,SGN,SGN,Domestic,VJ,,
2026-02-25|VJ138/VJ153|A673|SGN-HAN-SGN|15:10,2026-02-25,VJ138/VJ153,A673,A321,SGN-HAN-SGN,14:40,15:10,14:40,15:10,15:15,15:38,15:39,15:40,00:30,00:24,DELAY,DELAY,DELAY,DELAY,,93,00:29,,,,,,HAN,SGN,SGN,Domestic,VJ,,
2026-02-25|VJ7707/VJ7707|A539|KHV-HAN-CXR|15:15,2026-02-25,VJ7707/VJ7707,A539,A321,KHV-HAN-CXR,14:45,15:15,14:45,15:15,15:20,15:44,15:45,16:05,00:30,00:25,DELAY,DELAY,DELAY,DELAY,,93,00:30,,,,,,HAN,KHV,CXR,Domestic,VJ,,
2026-02-25|VJ404/VJ433|A658|DLI-HAN-UIH|15:25,2026-02-25,VJ404/VJ433,A658,A320,DLI-HAN-UIH,14:55,15:25,14:55,15:25,15:00,15:34,15:35,15:45,00:30,00:35,DELAY,ONTIME,DELAY,ONTIME,,66,00:10,,,,,CREW OB 1510,HAN,DLI,UIH,Domestic,VJ,,
2026-02-25|VJ144/VJ145|A816|SGN-HAN-SGN|15:35,2026-02-25,VJ144/VJ145,A816,A330,SGN-HAN-SGN,14:10,15:35,14:10,15:35,14:55,15:34,15:35,15:44,01:25,00:40,ONTIME,ONTIME,ONTIME,DELAY,,,,,,,,,HAN,SGN,SGN,Domestic,VJ,,
2026-02-25|VJ961/VJ1441|A693|ICN-HAN-PQC|15:40,2026-02-25,VJ961/VJ1441,A693,A321,ICN-HAN-PQC,14:10,15:40,14:10,15:40,13:57,15:31,15:32,15:38,01:30,01:35,EARLY,ONTIME,ONTIME,ONTIME,,,,,,,,,HAN,ICN,PQC,Domestic,VJ,,
2026-02-25|VJ906/VJ199|A528|KUL-HAN-SGN|15:45,2026-02-25,VJ906/VJ199,A528,A321,KUL-HAN-SGN,14:55,15:45,14:55,15:45,14:50,15:43,15:44,16:00,00:50,00:54,EARLY,ONTIME,ONTIME,ONTIME,,,,,,,,,HAN,KUL,SGN,Domestic,VJ,,
2026-02-25|VJ774/VJ175|A699|CXR-HAN-SGN|15:55,2026-02-25,VJ774/VJ175,A699,A320,CXR-HAN-SGN,15:25,15:55,16:10,16:50,16:35,16:59,17:00,17:10,00:40,00:25,DELAY,ONTIME,DELAY,DELAY,,93,00:10,,,,,,HAN,CXR,SGN,Domestic,VJ,,
2026-02-25|VJ198/VJ423|A526|SGN-HAN-PXU|15:55,2026-02-25,VJ198/VJ423,A526,A321,SGN-HAN-PXU,15:20,15:55,15:50,16:50,16:10,16:49,16:50,17:00,01:00,00:40,ONTIME,ONTIME,DELAY,DELAY,,,,,,,,,HAN,SGN,PXU,Domestic,VJ,,
2026-02-25|VJ933/VJ195|A820|NRT-HAN-SGN|16:00,2026-02-25,VJ933/VJ195,A820,A321,NRT-HAN-SGN,14:00,16:00,14:00,16:00,14:00,15:59,16:00,16:25,02:00,02:00,ONTIME,ONTIME,DELAY,ONTIME,,,,,,,,,HAN,NRT,SGN,Domestic,VJ,,
2026-02-25|VJ408/VJ409|A522|DLI-HAN-DLI|16:05,2026-02-25,VJ408/VJ409,A522,A321,DLI-HAN-DLI,15:35,16:05,15:35,16:05,15:35,16:04,16:05,16:10,00:30,00:30,ONTIME,ONTIME,ONTIME,ONTIME,,,,,,,,,HAN,DLI,DLI,Domestic,VJ,,
2026-02-25|VJ941/VJ191|A525|TPE-HAN-SGN|16:05,2026-02-25,VJ941/VJ191,A525,A321,TPE-HAN-SGN,14:10,16:05,14:10,16:05,14:50,16:39,16:40,16:45,01:55,01:50,DELAY,DELAY,DELAY,DELAY,,95,00:35,,,,,CHANGE CREW FRVJ198  OB 1610,HAN,TPE,SGN,Domestic,VJ,,
2026-02-25|VJ460/VJ913|A637|VCA-HAN-SAI|16:20,2026-02-25,VJ460/VJ913,A637,A321,VCA-HAN-SAI,15:25,16:20,15:25,16:20,16:00,16:38,16:40,16:57,00:55,00:40,DELAY,DELAY,DELAY,DELAY,,93,00:10,66,00:10,,,CREW OB 1615,HAN,VCA,SAI,International,VJ,,
2026-02-25|VJ462/VJ515|A636|VCA-HAN-DAD|16:25,2026-02-25,VJ462/VJ515,A636,A321,VCA-HAN-DAD,15:40,16:25,16:10,16:50,16:30,16:58,17:00,17:05,00:40,00:30,DELAY,ONTIME,DELAY,DELAY,,93,00:10,,,,,,HAN,VCA,DAD,Domestic,VJ,,
2026-02-25|VJ514/VJ465|A524|DAD-HAN-VCA|17:25,2026-02-25,VJ514/VJ465,A524,A321,DAD-HAN-VCA,16:45,17:25,17:10,17:50,17:25,17:54,17:55,18:02,00:40,00:30,DELAY,ONTIME,DELAY,DELAY,,93,00:05,,,,,,HAN,DAD,VCA,Domestic,VJ,,
2026-02-25|VJ134/VJ163|-MLI|SGN-HAN-SGN|17:30,2026-02-25,VJ134/VJ163,-MLI,A320,SGN-HAN-SGN,17:00,17:30,19:10,19:40,19:15,19:39,19:40,19:45,00:30,00:25,ONTIME,ONTIME,DELAY,DELAY,,,,,,,,,HAN,SGN,SGN,Domestic,VJ,,
2026-02-25|VJ902/VJ147|A500|BKK-HAN-SGN|18:00,2026-02-25,VJ902/VJ147,A500,A321,BKK-HAN-SGN,17:15,18:00,17:15,18:00,17:45,18:14,18:15,18:20,00:45,00:30,DELAY,ONTIME,DELAY,DELAY,,93,00:15,,,,,,HAN,BKK,SGN,Domestic,VJ,,
2026-02-25|VJ512/VJ779|A644|DAD-HAN-CXR|18:00,2026-02-25,VJ512/VJ779,A644,A321,DAD-HAN-CXR,17:30,18:00,17:30,18:30,17:55,18:39,18:40,18:55,01:00,00:45,DELAY,ONTIME,DELAY,DELAY,,66,00:05,15A,00:05,,,"CREW OB 1805, OFFLOAD 5 PAX AND 3 PCS BAGS",HAN,DAD,CXR,Domestic,VJ,,
2026-02-25|VJ146/VJ169|A815|SGN-HAN-SGN|18:00,2026-02-25,VJ146/VJ169,A815,A330,SGN-HAN-SGN,17:00,18:00,17:00,18:00,16:55,17:56,17:58,18:01,01:00,01:03,EARLY,ONTIME,ONTIME,ONTIME,,,,,,,,,HAN,SGN,SGN,Domestic,VJ,,
2026-02-25|VJ446/VJ445|A666|PQC-HAN-PQC|18:10,2026-02-25,VJ446/VJ445,A666,A320,PQC-HAN-PQC,17:10,18:10,17:10,18:10,16:55,18:00,18:02,18:25,01:00,01:07,EARLY,ONTIME,ONTIME,ONTIME,,,,,,,,,HAN,PQC,PQC,Domestic,VJ,,
2026-02-25|VJ194/VJ193|A532|SGN-HAN-SGN|18:10,2026-02-25,VJ194/VJ193,A532,A321,SGN-HAN-SGN,17:30,18:10,17:30,18:10,17:45,18:24,18:25,18:40,00:40,00:40,DELAY,ONTIME,DELAY,ONTIME,,95,00:15,,,,,CHANGE CREW FRVJ194 OB 1800,HAN,SGN,SGN,Domestic,VJ,,
2026-02-25|VJ957/VJ1925|A675|PUS-HAN-AMD|19:00,2026-02-25,VJ957/VJ1925,A675,A320,PUS-HAN-AMD,17:20,19:00,17:20,19:00,18:06,18:45,19:00,19:08,01:40,00:54,ONTIME,ONTIME,ONTIME,DELAY,,,,,,,,,HAN,PUS,AMD,International,VJ,,
2026-02-25|VJ916/VJ173|A630|SIN-HAN-SGN|19:05,2026-02-25,VJ916/VJ173,A630,A321,SIN-HAN-SGN,17:25,19:05,17:25,19:05,18:30,19:04,19:05,19:10,01:40,00:35,ONTIME,ONTIME,ONTIME,DELAY,,,,,,,,,HAN,SIN,SGN,Domestic,VJ,,
2026-02-25|VJ947/VJ907|A697|KHH-HAN-BOM|19:15,2026-02-25,VJ947/VJ907,A697,A321,KHH-HAN-BOM,18:05,19:15,18:05,19:15,17:55,19:10,19:11,19:28,01:10,01:16,EARLY,ONTIME,ONTIME,ONTIME,,,,,,,,,HAN,KHH,BOM,International,VJ,,
2026-02-25|VJ432/VJ569|A658|UIH-HAN-HUI|19:40,2026-02-25,VJ432/VJ569,A658,A320,UIH-HAN-HUI,19:10,19:40,19:10,19:40,19:20,19:44,19:45,19:50,00:30,00:25,DELAY,ONTIME,ONTIME,ONTIME,,93,00:05,,,,,,HAN,UIH,HUI,Domestic,VJ,,
2026-02-25|VJ152/VJ519|A685|SGN-HAN-DAD|19:45,2026-02-25,VJ152/VJ519,A685,A321,SGN-HAN-DAD,19:15,19:45,19:15,19:45,19:25,20:04,20:05,20:22,00:30,00:40,DELAY,DELAY,DELAY,ONTIME,,93,00:10,66,00:10,,,CREW OB 1935,HAN,SGN,DAD,Domestic,VJ,,
2026-02-25|VJ931/VJ155|A545|KIX-HAN-SGN|20:05,2026-02-25,VJ931/VJ155,A545,A321,KIX-HAN-SGN,19:15,20:05,19:15,20:05,19:25,20:04,20:05,20:20,00:50,00:40,ONTIME,ONTIME,ONTIME,ONTIME,,,,,,,,,HAN,KIX,SGN,Domestic,VJ,,
2026-02-25|VJ7712|A655|HAN-PKX|20:05,2026-02-25,VJ7712,A655,A320,HAN-PKX,,20:05,,20:05,,20:04,20:05,20:14,,,ONTIME,ONTIME,ONTIME,,,,,,,,,,HAN,,PKX,International,VJ,,
2026-02-25|VJ949/VJ521|A670|RMQ-HAN-DAD|21:20,2026-02-25,VJ949/VJ521,A670,A321,RMQ-HAN-DAD,20:20,21:20,20:20,22:30,20:40,22:28,22:30,22:35,02:10,01:50,ONTIME,ONTIME,DELAY,DELAY,,,,,,,,,HAN,RMQ,DAD,Domestic,VJ,,
2026-02-25|VJ943/VJ7238|A670|CXR-HAN-PVG|21:30,2026-02-25,VJ943/VJ7238,A670,A321,CXR-HAN-PVG,20:55,21:30,20:55,23:00,21:38,23:19,23:20,23:32,02:05,01:42,DELAY,DELAY,DELAY,DELAY,,46,00:20,,,,,SWAP A/C DUE TO TECHNICAL,HAN,CXR,PVG,International,VJ,,
2026-02-25|VJ160/VJ161|A544|SGN-HAN-SGN|21:50,2026-02-25,VJ160/VJ161,A544,A321,SGN-HAN-SGN,21:15,21:50,21:15,21:50,21:35,21:59,22:00,22:04,00:35,00:25,DELAY,ONTIME,ONTIME,DELAY,,93,00:10,,,,,,HAN,SGN,SGN,Domestic,VJ,,
2026-02-25|VJ943/VJ123|A674|TPE-HAN-SGN|22:10,2026-02-25,VJ943/VJ123,A674,A321,TPE-HAN-SGN,20:55,22:10,20:55,22:10,20:20,22:09,22:10,22:12,01:15,01:50,ONTIME,ONTIME,ONTIME,ONTIME,,,,,,,,,HAN,TPE,SGN,Domestic,VJ,,
2026-02-25|VJ935/VJ962|A549|NRT-HAN-ICN|22:50,2026-02-25,VJ935/VJ962,A549,A321,NRT-HAN-ICN,20:55,22:50,20:55,22:50,20:40,22:49,22:50,23:04,01:55,02:10,ONTIME,ONTIME,ONTIME,ONTIME,,,,,,,,,HAN,NRT,ICN,International,VJ,,
2026-02-25|VJ568/VJ523|A658|HUI-HAN-DAD|23:10,2026-02-25,VJ568/VJ523,A658,A320,HUI-HAN-DAD,22:40,23:10,22:40,23:10,23:06,00:59,01:00,01:05,00:30,01:54,DELAY,DELAY,DELAY,DELAY,,95,01:50,,,,,CHANGE CREW FRVJ190 OB 0035,HAN,HUI,DAD,Domestic,VJ,,
2026-02-25|VJ180/VJ171|A816|SGN-HAN-SGN|23:25,2026-02-25,VJ180/VJ171,A816,A330,SGN-HAN-SGN,22:25,23:25,22:25,23:25,22:40,23:15,23:17,23:30,01:00,00:37,EARLY,ONTIME,ONTIME,ONTIME,,,,,,,,,HAN,SGN,SGN,Domestic,VJ,,
2026-02-25|VJ464/VJ7342|A524|VCA-HAN-XIY|23:35,2026-02-25,VJ464/VJ7342,A524,A321,VCA-HAN-XIY,22:40,23:35,22:40,23:35,23:00,23:39,23:40,23:50,00:55,00:40,DELAY,ONTIME,ONTIME,DELAY,,66,00:05,,,,,CREW OB 2310,HAN,VCA,XIY,International,VJ,,
2026-02-25|VJ998/VJ7526|A552|DPS-HAN-CAN|23:40,2026-02-25,VJ998/VJ7526,A552,A321,DPS-HAN-CAN,21:35,23:40,21:35,23:40,21:42,23:38,23:40,23:41,02:05,01:58,ONTIME,ONTIME,ONTIME,ONTIME,,,,,,,,,HAN,DPS,CAN,International,VJ,,
2026-02-25|VJ156/VJ159|A635|SGN-HAN-SGN|23:40,2026-02-25,VJ156/VJ159,A635,A321,SGN-HAN-SGN,23:10,23:40,23:10,01:25,00:50,01:18,01:20,01:25,02:15,00:30,EARLY,ONTIME,DELAY,ONTIME,,,,,,,,,HAN,SGN,SGN,Domestic,VJ,,
2026-02-26|VJ174/VJ982|A500|SGN-HAN-PUS|01:00,2026-02-26,VJ174/VJ982,A500,A321,SGN-HAN-PUS,23:55,01:00,23:55,01:00,00:40,01:14,01:15,01:23,01:05,00:35,DELAY,ONTIME,DELAY,ONTIME,,66,00:15,,,,,CREW OB 0050,HAN,SGN,PUS,International,VJ,,
2026-02-26|VJ932|A820|HAN-NRT|01:00,2026-02-26,VJ932,A820,A321,HAN-NRT,,01:00,,01:00,,00:59,01:00,01:05,,,ONTIME,ONTIME,ONTIME,,,,,,,,,,HAN,,NRT,International,VJ,,
2026-02-26|VJ920|A693|HAN-NGO|01:35,2026-02-26,VJ920,A693,A321,HAN-NGO,,01:35,,01:35,,01:34,01:35,01:38,,,ONTIME,ONTIME,ONTIME,,,,,,,,,,HAN,,NGO,International,VJ,,
2026-02-26|VJ938|A578|HAN-KIX|01:40,2026-02-26,VJ938,A578,A321,HAN-KIX,,01:40,,01:40,,01:37,01:38,01:40,,,EARLY,ONTIME,ONTIME,,,,,,,,,,HAN,,KIX,International,VJ,,
2026-02-26|VJ960|A683|HAN-ICN|01:45,2026-02-26,VJ960,A683,A321,HAN-ICN,,01:45,,01:45,,01:44,01:45,02:10,,,ONTIME,ONTIME,DELAY,,,,,,,,,,HAN,,ICN,International,VJ,,
2026-02-26|VJ7704/VJ7704|A539|CXR-HAN-VVO|02:00,2026-02-26,VJ7704/VJ7704,A539,A321,CXR-HAN-VVO,00:30,02:00,00:30,03:20,02:40,03:04,03:05,03:09,02:50,00:25,EARLY,ONTIME,DELAY,DELAY,,,,,,,,,HAN,CXR,VVO,International,VJ,,
2026-02-26|VJ178/VJ958|A545|SGN-HAN-FUK|02:05,2026-02-26,VJ178/VJ958,A545,A321,SGN-HAN-FUK,00:55,02:05,00:55,02:05,00:40,02:19,02:20,02:23,01:10,01:40,DELAY,ONTIME,DELAY,ONTIME,,93,00:05,66,00:10,,,CREW OB 0050,HAN,SGN,FUK,International,VJ,,
2026-02-26|VJ179|A636|HAN-SGN|05:00,2026-02-26,VJ179,A636,A321,HAN-SGN,,05:00,,05:00,,04:54,04:55,05:00,,,EARLY,ONTIME,ONTIME,,,,,,,,,,HAN,,SGN,Domestic,VJ,,
2026-02-26|VJ185|A683|HAN-SGN|05:10,2026-02-26,VJ185,A683,A321,HAN-SGN,,05:10,,05:40,,05:34,05:35,05:40,,,EARLY,ONTIME,DELAY,,,,,,,,,,HAN,,SGN,Domestic,VJ,,
2026-02-26|VJ461|A662|HAN-VCA|05:30,2026-02-26,VJ461,A662,A320,HAN-VCA,,05:30,,05:30,,05:39,05:40,05:42,,,DELAY,ONTIME,ONTIME,,,99,00:10,,,,,OFFLOAD 1 PAX ONBOARD,HAN,,VCA,Domestic,VJ,,
2026-02-26|VJ491|A640|HAN-BMV|06:00,2026-02-26,VJ491,A640,A321,HAN-BMV,,06:00,,06:00,,05:54,05:55,06:00,,,EARLY,ONTIME,ONTIME,,,,,,,,,,HAN,,BMV,Domestic,VJ,,
2026-02-26|VJ401|A532|HAN-DLI|06:00,2026-02-26,VJ401,A532,A321,HAN-DLI,,06:00,,06:00,,05:54,05:55,06:03,,,EARLY,ONTIME,ONTIME,,,,,,,,,,HAN,,DLI,Domestic,VJ,,
2026-02-26|VJ7527/VJ443|A552|CAN-HAN-PQC|06:00,2026-02-26,VJ7527/VJ443,A552,A321,CAN-HAN-PQC,04:35,06:00,04:35,06:00,05:10,05:54,05:55,06:02,01:25,00:45,EARLY,ONTIME,ONTIME,DELAY,,,,,,,,,HAN,CAN,PQC,Domestic,VJ,,
2026-02-26|VJ503|A522|HAN-DAD|06:00,2026-02-26,VJ503,A522,A321,HAN-DAD,,06:00,,06:00,,05:54,05:55,06:10,,,EARLY,ONTIME,ONTIME,,,,,,,,,,HAN,,DAD,Domestic,VJ,,
2026-02-26|VJ421|A657|HAN-PXU|06:05,2026-02-26,VJ421,A657,A321,HAN-PXU,,06:05,,06:05,,05:59,06:00,06:06,,,EARLY,ONTIME,ONTIME,,,,,,,,,,HAN,,PXU,Domestic,VJ,,
2026-02-26|VJ7713/VJ952|A655|PKX-HAN-HIJ|06:35,2026-02-26,VJ7713/VJ952,A655,A320,PKX-HAN-HIJ,04:10,06:35,04:10,06:35,04:45,06:28,06:30,06:32,02:25,01:45,EARLY,ONTIME,ONTIME,DELAY,,,,,,,,,HAN,PKX,HIJ,International,VJ,,
2026-02-26|VJ7239/VJ181|A670|PVG-HAN-SGN|07:30,2026-02-26,VJ7239/VJ181,A670,A321,PVG-HAN-SGN,06:55,07:30,06:55,07:30,06:55,07:24,07:25,07:31,00:35,00:30,EARLY,ONTIME,ONTIME,ONTIME,,,,,,,,,HAN,PVG,SGN,Domestic,VJ,,
2026-02-26|VJ105|652G|HAN-VCS|06:45,2026-02-26,VJ105,652G,C909,HAN-VCS,,06:45,,06:45,,06:39,06:40,06:43,,,EARLY,ONTIME,ONTIME,,,,,,,,,,HAN,,VCS,Domestic,VJ,,
2026-02-26|VJ905|A522|HAN-KUL|07:10,2026-02-26,VJ905,A522,A321,HAN-KUL,,07:10,,07:10,,07:04,07:05,07:15,,,EARLY,ONTIME,ONTIME,,,,,,,,,,HAN,,KUL,International,VJ,,
2026-02-26|VJ1926/VJ956|A668|AMD-HAN-PUS|07:30,2026-02-26,VJ1926/VJ956,A668,A320,AMD-HAN-PUS,06:20,07:30,06:20,07:30,05:45,07:34,07:35,07:38,01:10,01:50,DELAY,ONTIME,ONTIME,ONTIME,,87,00:05,,,,,STUCK AT IMMI,HAN,AMD,PUS,International,VJ,,
2026-02-26|VJ910/VJ940|A697|BOM-HAN-TPE|07:35,2026-02-26,VJ910/VJ940,A697,A321,BOM-HAN-TPE,06:40,07:35,06:40,07:35,06:30,07:34,07:35,07:42,00:55,01:05,ONTIME,ONTIME,ONTIME,ONTIME,,,,,,,,,HAN,BOM,TPE,International,VJ,,
2026-02-26|VJ502/VJ771|A651|DAD-HAN-CXR|07:35,2026-02-26,VJ502/VJ771,A651,A321,DAD-HAN-CXR,07:05,07:35,07:05,07:35,07:10,07:34,07:35,07:40,00:30,00:25,ONTIME,ONTIME,ONTIME,ONTIME,,,,,,,,,HAN,DAD,CXR,Domestic,VJ,,
2026-02-26|VJ107|656E|HAN-VCS|08:15,2026-02-26,VJ107,656E,C909,HAN-VCS,,08:15,,08:15,,08:04,08:05,08:15,,,EARLY,ONTIME,ONTIME,,,,,,,,,,HAN,,VCS,Domestic,VJ,,
2026-02-26|VJ930|A536|HAN-KIX|08:20,2026-02-26,VJ930,A536,A321,HAN-KIX,,08:20,,08:20,,08:24,08:25,08:30,,,DELAY,ONTIME,ONTIME,,,87,00:05,,,,,STUCK AT IMMI,HAN,,KIX,International,VJ,,
2026-02-26|VJ122/VJ934|A653|SGN-HAN-NRT|08:20,2026-02-26,VJ122/VJ934,A653,A321,SGN-HAN-NRT,07:30,08:20,07:30,08:20,07:30,08:29,08:30,08:33,00:50,01:00,DELAY,ONTIME,ONTIME,ONTIME,,87,00:10,,,,,STUCK AT IMMI,HAN,SGN,NRT,International,VJ,,
2026-02-26|VJ124/VJ125|A816|SGN-HAN-SGN|08:40,2026-02-26,VJ124/VJ125,A816,A330,SGN-HAN-SGN,07:50,08:40,07:50,08:40,07:45,08:39,08:40,08:45,00:50,00:55,ONTIME,ONTIME,ONTIME,ONTIME,,,,,,,,,HAN,SGN,SGN,Domestic,VJ,,
2026-02-26|VJ773|A815|HAN-CXR|08:55,2026-02-26,VJ773,A815,A330,HAN-CXR,,08:55,,08:55,,08:54,08:55,08:58,,,ONTIME,ONTIME,ONTIME,,,,,,,,,,HAN,,CXR,Domestic,VJ,,
2026-02-26|VJ524/VJ929|A663|DAD-HAN-CGK|09:20,2026-02-26,VJ524/VJ929,A663,A320,DAD-HAN-CGK,08:25,09:20,08:25,09:20,07:05,09:19,09:20,09:25,00:55,02:15,ONTIME,ONTIME,ONTIME,ONTIME,,,,,,,,,HAN,DAD,CGK,International,VJ,,
2026-02-26|VJ126/VJ915|A546|SGN-HAN-SIN|09:35,2026-02-26,VJ126/VJ915,A546,A321,SGN-HAN-SIN,08:25,09:35,08:25,09:35,08:50,09:34,09:35,09:44,01:10,00:45,ONTIME,ONTIME,ONTIME,DELAY,,,,,,,,,HAN,SGN,SIN,International,VJ,,
2026-02-26|VJ492/VJ127|A640|BMV-HAN-SGN|09:45,2026-02-26,VJ492/VJ127,A640,A321,BMV-HAN-SGN,10:00,09:45,10:00,10:40,10:20,10:54,10:55,10:58,00:40,00:35,DELAY,ONTIME,DELAY,DELAY,,93,00:10,66,00:05,,,CREW OB 1026,HAN,BMV,SGN,Domestic,VJ,,
2026-02-26|VJ7343/VJ997|A524|XIY-HAN-DPS|10:00,2026-02-26,VJ7343/VJ997,A524,A321,XIY-HAN-DPS,06:35,10:00,06:35,10:00,06:38,09:59,10:00,10:03,03:25,03:22,ONTIME,ONTIME,ONTIME,ONTIME,,,,,,,,,HAN,XIY,DPS,International,VJ,,
2026-02-26|VJ148/VJ149|-NVG|SGN-HAN-SGN|10:05,2026-02-26,VJ148/VJ149,-NVG,A320,SGN-HAN-SGN,09:30,10:05,09:30,10:05,09:55,10:19,10:20,10:28,00:35,00:25,DELAY,ONTIME,DELAY,DELAY,,93,00:15,,,,,,HAN,SGN,SGN,Domestic,VJ,,
2026-02-26|VJ422/VJ567|A657|PXU-HAN-HUI|10:10,2026-02-26,VJ422/VJ567,A657,A321,PXU-HAN-HUI,09:40,10:10,09:40,10:10,09:50,10:19,10:20,10:25,00:30,00:30,DELAY,ONTIME,ONTIME,ONTIME,,93,00:10,,,,,,HAN,PXU,HUI,Domestic,VJ,,
2026-02-26|VJ492/VJ507|A640|BMV-HAN-DAD|10:30,2026-02-26,VJ492/VJ507,A640,A321,BMV-HAN-DAD,10:00,10:30,10:00,10:30,09:45,10:26,10:27,10:34,00:30,00:42,EARLY,ONTIME,ONTIME,ONTIME,,,,,,,,,HAN,BMV,DAD,Domestic,VJ,,
2026-02-26|VJ402/VJ403|A639|DLI-HAN-DLI|10:55,2026-02-26,VJ402/VJ403,A639,A321,DLI-HAN-DLI,10:10,10:55,10:10,10:55,10:25,10:54,10:55,11:00,00:45,00:30,ONTIME,ONTIME,ONTIME,ONTIME,,,,,,,,,HAN,DLI,DLI,Domestic,VJ,,
2026-02-26|VJ963/VJ135|A549|ICN-HAN-SGN|11:10,2026-02-26,VJ963/VJ135,A549,A321,ICN-HAN-SGN,09:30,11:10,09:30,11:10,09:10,11:09,11:10,11:19,01:40,02:00,ONTIME,ONTIME,ONTIME,ONTIME,,,,,,,,,HAN,ICN,SGN,Domestic,VJ,,
2026-02-26|VJ136/VJ463|A661|SGN-HAN-VCA|11:15,2026-02-26,VJ136/VJ463,A661,A321,SGN-HAN-VCA,10:40,11:15,10:40,11:25,11:00,11:29,11:30,11:30,00:45,00:30,DELAY,ONTIME,ONTIME,DELAY,,93,00:05,,,,,,HAN,SGN,VCA,Domestic,VJ,,
2026-02-26|VJ442/VJ946|A552|PQC-HAN-KHH|11:45,2026-02-26,VJ442/VJ946,A552,A321,PQC-HAN-KHH,10:45,11:45,10:45,11:45,11:00,11:44,11:45,11:54,01:00,00:45,ONTIME,ONTIME,ONTIME,ONTIME,,,,,,,,,HAN,PQC,KHH,International,VJ,,
2026-02-26|VJ770/VJ407|A651|CXR-HAN-DLI|12:15,2026-02-26,VJ770/VJ407,A651,A321,CXR-HAN-DLI,11:45,12:15,11:45,12:15,12:05,12:29,12:30,12:40,00:30,00:25,DELAY,ONTIME,DELAY,DELAY,,93,00:15,,,,,,HAN,CXR,DLI,Domestic,VJ,,
2026-02-26|VJ132/VJ137|A642|SGN-HAN-SGN|12:40,2026-02-26,VJ132/VJ137,A642,A321,SGN-HAN-SGN,12:10,12:40,12:40,13:15,12:40,13:14,13:15,13:25,00:35,00:35,ONTIME,ONTIME,DELAY,DELAY,,,,,,,,,HAN,SGN,SGN,Domestic,VJ,,
2026-02-26|VJ981/VJ901|A500|PUS-HAN-BKK|12:45,2026-02-26,VJ981/VJ901,A500,A321,PUS-HAN-BKK,11:00,12:45,11:00,12:45,11:10,12:49,12:50,12:59,01:45,01:40,DELAY,ONTIME,ONTIME,ONTIME,,15A,00:05,,,,,OFFLOAD 1PAX 1BAG,HAN,PUS,BKK,International,VJ,,
2026-02-26|VJ780/VJ781|A551|CXR-HAN-CXR|13:00,2026-02-26,VJ780/VJ781,A551,A321,CXR-HAN-CXR,12:30,13:00,12:30,13:00,12:35,13:04,13:05,13:15,00:30,00:30,DELAY,ONTIME,ONTIME,ONTIME,,,,,,,,,HAN,CXR,CXR,Domestic,VJ,,
2026-02-26|VJ441|A699|HAN-PQC|13:25,2026-02-26,VJ441,A699,A320,HAN-PQC,,13:25,,13:25,,13:17,13:18,13:40,,,EARLY,ONTIME,ONTIME,,,,,,,,,,HAN,,PQC,Domestic,VJ,,
2026-02-26|VJ7705/VJ7705|A539|VVO-HAN-CXR|13:30,2026-02-26,VJ7705/VJ7705,A539,A321,VVO-HAN-CXR,13:00,13:30,13:00,14:50,15:15,15:33,15:35,15:45,01:50,00:20,DELAY,DELAY,DELAY,DELAY,,93,00:45,,,,,,HAN,VVO,CXR,Domestic,VJ,,
2026-02-26|VJ959/VJ948|A545|FUK-HAN-RMQ|13:30,2026-02-26,VJ959/VJ948,A545,A321,FUK-HAN-RMQ,12:25,13:30,12:25,13:30,12:05,13:34,13:35,13:45,01:05,01:30,DELAY,ONTIME,ONTIME,ONTIME,,99,00:05,,,,,LATE ACCEPT 8PAX 6BAG,HAN,FUK,RMQ,International,VJ,,
2026-02-26|VJ513|A526|HAN-DAD|13:45,2026-02-26,VJ513,A526,A321,HAN-DAD,,13:45,,13:45,,13:44,13:45,13:55,,,ONTIME,ONTIME,ONTIME,,,,,,,,,,HAN,,DAD,Domestic,VJ,,
2026-02-26|VJ508/VJ511|A640|DAD-HAN-DAD|14:20,2026-02-26,VJ508/VJ511,A640,A321,DAD-HAN-DAD,13:40,14:20,13:40,14:20,14:10,14:39,14:40,14:45,00:40,00:30,DELAY,DELAY,DELAY,DELAY,,93,00:20,,,,,,HAN,DAD,DAD,Domestic,VJ,,
2026-02-26|VJ939/VJ942|A578|KIX-HAN-TPE|14:25,2026-02-26,VJ939/VJ942,A578,A321,KIX-HAN-TPE,13:05,14:25,13:05,14:25,13:15,14:24,14:25,14:27,01:20,01:10,ONTIME,ONTIME,ONTIME,ONTIME,,,,,,,,,HAN,KIX,TPE,International,VJ,,
2026-02-26|VJ566/VJ1491|A657|HUI-HAN-BMV|14:35,2026-02-26,VJ566/VJ1491,A657,A321,HUI-HAN-BMV,13:05,14:35,13:05,14:35,13:45,14:26,14:27,14:32,01:30,00:42,EARLY,ONTIME,ONTIME,DELAY,,,,,,,,,HAN,HUI,BMV,Domestic,VJ,,
2026-02-26|VJ921/VJ1441|A693|NGO-HAN-PQC|15:30,2026-02-26,VJ921/VJ1441,A693,A321,NGO-HAN-PQC,13:40,15:30,13:40,15:30,13:00,15:26,15:27,15:30,01:50,02:27,EARLY,ONTIME,ONTIME,ONTIME,,,,,,,,,HAN,NGO,PQC,Domestic,VJ,,
2026-02-26|VJ144/VJ145|A816|SGN-HAN-SGN|15:35,2026-02-26,VJ144/VJ145,A816,A330,SGN-HAN-SGN,14:10,15:35,14:10,15:35,14:30,15:30,15:31,15:34,01:25,01:01,EARLY,ONTIME,ONTIME,DELAY,,,,,,,,,HAN,SGN,SGN,Domestic,VJ,,
2026-02-26|VJ198/VJ199|A544|SGN-HAN-SGN|15:35,2026-02-26,VJ198/VJ199,A544,A321,SGN-HAN-SGN,15:10,15:35,15:10,16:05,15:30,16:09,16:10,16:22,00:55,00:40,DELAY,ONTIME,DELAY,DELAY,,66,00:05,,,,,CREW HN OB 1542,HAN,SGN,SGN,Domestic,VJ,,
2026-02-26|VJ906/VJ433|A532|KUL-HAN-UIH|15:40,2026-02-26,VJ906/VJ433,A532,A321,KUL-HAN-UIH,14:55,15:40,14:55,15:40,14:40,15:59,16:00,16:16,00:45,01:20,DELAY,DELAY,DELAY,ONTIME,,95,00:20,,,,,CREW 404 OB 15:37,HAN,KUL,UIH,Domestic,VJ,,
2026-02-26|VJ404/VJ903|A639|DLI-HAN-BKK|15:50,2026-02-26,VJ404/VJ903,A639,A321,DLI-HAN-BKK,15:05,15:50,15:05,15:50,15:25,16:04,16:05,16:10,00:45,00:40,DELAY,ONTIME,DELAY,DELAY,,93,00:05,66,00:10,,,CREW HN OB 1540,HAN,DLI,BKK,International,VJ,,
2026-02-26|VJ961/VJ191|A683|ICN-HAN-SGN|15:55,2026-02-26,VJ961/VJ191,A683,A321,ICN-HAN-SGN,14:10,15:55,14:10,15:55,14:10,15:54,15:55,16:08,01:45,01:45,ONTIME,ONTIME,ONTIME,ONTIME,,,,,,,,,HAN,ICN,SGN,Domestic,VJ,,
2026-02-26|VJ933/VJ195|A820|NRT-HAN-SGN|16:00,2026-02-26,VJ933/VJ195,A820,A321,NRT-HAN-SGN,14:00,16:00,14:00,16:00,13:50,15:59,16:00,16:10,02:00,02:10,ONTIME,ONTIME,ONTIME,ONTIME,,,,,,,,,HAN,NRT,SGN,Domestic,VJ,,
2026-02-26|VJ941/VJ423|A697|TPE-HAN-PXU|16:10,2026-02-26,VJ941/VJ423,A697,A321,TPE-HAN-PXU,14:10,16:10,14:10,16:45,15:00,16:44,16:45,16:55,02:35,01:45,ONTIME,ONTIME,DELAY,DELAY,,,,,,,,,HAN,TPE,PXU,Domestic,VJ,,
2026-02-26|VJ953/VJ515|A655|HIJ-HAN-DAD|17:10,2026-02-26,VJ953/VJ515,A655,A320,HIJ-HAN-DAD,16:20,17:10,16:20,17:10,16:45,17:19,17:20,17:25,00:50,00:35,DELAY,ONTIME,ONTIME,DELAY,,66,00:10,,,,,CREW HN OB 1652,HAN,HIJ,DAD,Domestic,VJ,,
2026-02-26|VJ460/VJ147|A661|VCA-HAN-SGN|17:10,2026-02-26,VJ460/VJ147,A661,A321,VCA-HAN-SGN,16:10,17:10,16:10,17:10,16:40,17:09,17:10,17:25,01:00,00:30,ONTIME,ONTIME,ONTIME,DELAY,,,,,,,,,HAN,VCA,SGN,Domestic,VJ,,
2026-02-26|VJ462/VJ409|A662|VCA-HAN-DLI|17:10,2026-02-26,VJ462/VJ409,A662,A320,VCA-HAN-DLI,15:40,17:10,15:40,17:10,15:35,17:29,17:30,17:40,01:30,01:55,DELAY,DELAY,DELAY,ONTIME,,95,00:20,,,,,WAIT CREW FR VJ408 OB 1710,HAN,VCA,DLI,Domestic,VJ,,
2026-02-26|VJ408/VJ913|A651|DLI-HAN-SAI|17:20,2026-02-26,VJ408/VJ913,A651,A321,DLI-HAN-SAI,16:25,17:20,16:25,17:20,16:50,17:34,17:35,17:42,00:55,00:45,DELAY,ONTIME,DELAY,DELAY,,66,00:15,,,,,CREW HN OB 1700,HAN,DLI,SAI,International,VJ,,
2026-02-26|VJ134/VJ163|-MLI|SGN-HAN-SGN|17:30,2026-02-26,VJ134/VJ163,-MLI,A320,SGN-HAN-SGN,17:00,17:30,18:10,19:35,19:05,19:34,19:35,20:00,01:25,00:30,ONTIME,ONTIME,DELAY,DELAY,,,,,,,,,HAN,SGN,SGN,Domestic,VJ,,
2026-02-26|VJ514/VJ465|A526|DAD-HAN-VCA|17:40,2026-02-26,VJ514/VJ465,A526,A321,DAD-HAN-VCA,17:00,17:40,17:00,17:40,17:20,17:47,17:48,18:01,00:40,00:28,DELAY,ONTIME,DELAY,DELAY,,93,00:08,,,,,,HAN,DAD,VCA,Domestic,VJ,,
2026-02-26|VJ784/VJ783|A551|CXR-HAN-CXR|17:40,2026-02-26,VJ784/VJ783,A551,A321,CXR-HAN-CXR,17:10,17:40,17:10,18:10,17:25,17:53,17:55,18:19,01:00,00:30,EARLY,ONTIME,DELAY,ONTIME,,,,,,,,,HAN,CXR,CXR,Domestic,VJ,,
2026-02-26|VJ440/VJ445|A675|PQC-HAN-PQC|17:40,2026-02-26,VJ440/VJ445,A675,A320,PQC-HAN-PQC,12:25,17:40,12:25,17:40,12:50,17:39,17:40,17:47,05:15,04:50,ONTIME,ONTIME,ONTIME,DELAY,,,,,,,,,HAN,PQC,PQC,Domestic,VJ,,
2026-02-26|VJ142/VJ139|A629|SGN-HAN-SGN|17:45,2026-02-26,VJ142/VJ139,A629,A321,SGN-HAN-SGN,17:05,17:45,17:05,18:30,18:15,18:44,18:45,18:59,01:25,00:30,DELAY,ONTIME,DELAY,DELAY,,93,00:15,,,,,,HAN,SGN,SGN,Domestic,VJ,,
2026-02-26|VJ512/VJ779|A522|DAD-HAN-CXR|19:10,2026-02-26,VJ512/VJ779,A522,A321,DAD-HAN-CXR,17:50,19:10,17:50,19:10,18:35,19:54,19:55,20:00,01:20,01:20,DELAY,DELAY,DELAY,DELAY,,41,00:45,,,,,TECHNICAL CHECK,HAN,DAD,CXR,Domestic,VJ,,
2026-02-26|VJ194/VJ193|A642|SGN-HAN-SGN|18:10,2026-02-26,VJ194/VJ193,A642,A321,SGN-HAN-SGN,17:30,18:10,17:30,19:50,19:15,19:40,19:41,19:57,02:20,00:26,EARLY,ONTIME,DELAY,DELAY,,,,,,,,,HAN,SGN,SGN,Domestic,VJ,,
2026-02-26|VJ916/VJ493|A546|SIN-HAN-BMV|18:25,2026-02-26,VJ916/VJ493,A546,A321,SIN-HAN-BMV,17:25,18:25,17:25,18:25,17:20,18:19,18:20,18:34,01:00,01:00,EARLY,ONTIME,ONTIME,ONTIME,,,,,,,,,HAN,SIN,BMV,Domestic,VJ,,
2026-02-26|VJ902/VJ165|A500|BKK-HAN-SGN|18:30,2026-02-26,VJ902/VJ165,A500,A321,BKK-HAN-SGN,17:30,18:30,17:30,18:30,17:45,18:29,18:30,18:45,01:00,00:45,ONTIME,ONTIME,ONTIME,ONTIME,,,,,,,,,HAN,BKK,SGN,Domestic,VJ,,
2026-02-26|VJ947/VJ173|A552|KHH-HAN-SGN|19:05,2026-02-26,VJ947/VJ173,A552,A321,KHH-HAN-SGN,18:05,19:05,18:05,19:05,18:00,18:57,18:58,19:12,01:00,00:58,EARLY,ONTIME,ONTIME,ONTIME,,,,,,,,,HAN,KHH,SGN,Domestic,VJ,,
2026-02-26|VJ971|A817|HAN-DEL|19:10,2026-02-26,VJ971,A817,A330,HAN-DEL,,19:10,,19:10,,19:09,19:10,19:24,,,ONTIME,ONTIME,ONTIME,,,,,,,,,,HAN,,DEL,International,VJ,,
2026-02-26|VJ957/VJ1925|A668|PUS-HAN-AMD|19:20,2026-02-26,VJ957/VJ1925,A668,A320,PUS-HAN-AMD,17:20,19:20,17:20,19:20,17:05,19:13,19:14,19:35,02:00,02:09,EARLY,ONTIME,ONTIME,ONTIME,,,,,,,,,HAN,PUS,AMD,International,VJ,,
2026-02-26|VJ928/VJ569|A663|CGK-HAN-HUI|19:50,2026-02-26,VJ928/VJ569,A663,A320,CGK-HAN-HUI,18:50,19:50,18:50,19:50,18:50,19:48,19:50,20:00,01:00,01:00,ONTIME,ONTIME,ONTIME,ONTIME,,,,,,,,,HAN,CGK,HUI,Domestic,VJ,,
2026-02-26|VJ152/VJ519|A523|SGN-HAN-DAD|20:00,2026-02-26,VJ152/VJ519,A523,A321,SGN-HAN-DAD,19:15,20:00,19:15,21:00,20:00,20:59,21:00,21:04,01:45,01:00,ONTIME,ONTIME,DELAY,DELAY,,,,,,,,,HAN,SGN,DAD,Domestic,VJ,,
2026-02-26|VJ424/VJ155|A697|PXU-HAN-SGN|20:20,2026-02-26,VJ424/VJ155,A697,A321,PXU-HAN-SGN,19:50,20:20,19:50,21:25,21:00,21:29,21:30,21:37,01:35,00:30,DELAY,ONTIME,DELAY,DELAY,,93,00:05,,,,,,HAN,PXU,SGN,Domestic,VJ,,
2026-02-26|VJ931/VJ7712|A536|KIX-HAN-PKX|20:30,2026-02-26,VJ931/VJ7712,A536,A321,KIX-HAN-PKX,19:15,20:30,19:15,20:30,19:00,20:25,20:26,20:28,01:15,01:26,EARLY,ONTIME,ONTIME,ONTIME,,,,,,,,,HAN,KIX,PKX,International,VJ,,
2026-02-26|VJ516/VJ7238|A658|DAD-HAN-PVG|21:30,2026-02-26,VJ516/VJ7238,A658,A320,DAD-HAN-PVG,20:40,21:30,20:40,21:45,20:55,21:39,21:40,21:45,01:05,00:45,EARLY,ONTIME,ONTIME,ONTIME,,,,,,,,,HAN,DAD,PVG,International,VJ,,
2026-02-26|VJ914/VJ521|A651|SAI-HAN-DAD|21:40,2026-02-26,VJ914/VJ521,A651,A321,SAI-HAN-DAD,21:50,21:40,21:50,22:10,21:55,23:03,23:05,23:09,00:20,01:10,DELAY,DELAY,DELAY,ONTIME,,93,00:15,95,00:40,,,WAIT CREW FR VJ904 OB 2235,HAN,SAI,DAD,Domestic,VJ,,
2026-02-26|VJ160/VJ161|A632|SGN-HAN-SGN|22:10,2026-02-26,VJ160/VJ161,A632,A321,SGN-HAN-SGN,21:40,22:10,21:40,23:20,23:30,23:59,00:00,00:05,01:40,00:30,DELAY,DELAY,DELAY,DELAY,,93,00:40,,,,,,HAN,SGN,SGN,Domestic,VJ,,
2026-02-26|VJ935/VJ123|A653|NRT-HAN-SGN|22:10,2026-02-26,VJ935/VJ123,A653,A321,NRT-HAN-SGN,20:55,22:10,20:55,22:10,21:15,22:09,22:10,22:21,01:15,00:55,ONTIME,ONTIME,ONTIME,DELAY,,,,,,,,,HAN,NRT,SGN,Domestic,VJ,,
2026-02-26|VJ778/VJ523|A522|CXR-HAN-DAD|22:45,2026-02-26,VJ778/VJ523,A522,A321,CXR-HAN-DAD,22:10,22:45,22:10,01:00,00:45,01:14,01:15,01:17,02:50,00:30,DELAY,ONTIME,DELAY,ONTIME,,93,00:15,,,,,,HAN,CXR,DAD,Domestic,VJ,,
2026-02-26|VJ943/VJ962|A578|TPE-HAN-ICN|22:50,2026-02-26,VJ943/VJ962,A578,A321,TPE-HAN-ICN,20:55,22:50,20:55,22:50,21:45,22:54,22:55,23:05,01:55,01:10,DELAY,ONTIME,ONTIME,DELAY,,15A,00:05,,,,,OFFLOAD 02PAX+01BAG,HAN,TPE,ICN,International,VJ,,
2026-02-26|VJ196/VJ171|A820|SGN-HAN-SGN|23:25,2026-02-26,VJ196/VJ171,A820,A321,SGN-HAN-SGN,21:20,23:25,21:20,23:25,21:35,23:34,23:35,23:40,02:05,02:00,DELAY,ONTIME,ONTIME,ONTIME,,95,00:10,,,,,WAIT CREW FR VJ180 OB 2304,HAN,SGN,SGN,Domestic,VJ,,
2026-02-26|VJ3525/VJ3525|A537|PQC-HAN-BQS|23:30,2026-02-26,VJ3525/VJ3525,A537,A321,PQC-HAN-BQS,23:00,23:30,23:00,01:00,00:30,00:56,00:57,01:01,02:00,00:27,EARLY,ONTIME,DELAY,ONTIME,,,,,,,,,HAN,PQC,BQS,International,VJ,,
2026-02-26|VJ949/VJ7526|A545|RMQ-HAN-CAN|23:40,2026-02-26,VJ949/VJ7526,A545,A321,RMQ-HAN-CAN,19:50,23:40,19:50,23:40,20:10,23:39,23:40,23:43,03:50,03:30,ONTIME,ONTIME,ONTIME,DELAY,,,,,,,,,HAN,RMQ,CAN,International,VJ,,
2026-02-26|VJ568/VJ159|A663|HUI-HAN-SGN|23:55,2026-02-26,VJ568/VJ159,A663,A320,HUI-HAN-SGN,22:50,23:55,22:50,00:40,23:00,00:59,01:00,01:06,01:50,02:00,DELAY,DELAY,DELAY,ONTIME,,95,00:20,,,,,WAIT CREW FR VJ158 OB 0040,HAN,HUI,SGN,Domestic,VJ,,
2026-02-27|VJ932|A816|HAN-NRT|00:55,2026-02-27,VJ932,A816,A330,HAN-NRT,,00:55,,00:55,,00:59,01:00,01:10,,,DELAY,ONTIME,ONTIME,,,99,00:05,,,,,LATE ACCEPT 17PAX+21BAGS,HAN,,NRT,International,VJ,,
2026-02-27|VJ982|A629|HAN-PUS|01:15,2026-02-27,VJ982,A629,A321,HAN-PUS,,01:15,,01:15,,01:24,01:25,01:40,,,DELAY,ONTIME,DELAY,,,15A,00:10,,,,,OFFLOAD 01PAX+03BAG,HAN,,PUS,International,VJ,,
2026-02-27|VJ920|A554|HAN-NGO|01:35,2026-02-27,VJ920,A554,A321,HAN-NGO,,01:35,,01:35,,01:54,01:55,02:05,,,DELAY,DELAY,DELAY,,,11,00:10,99,00:10,,,LATE CHECKIN/ LATE ACCEPT 9 PAX &13 BAGS,HAN,,NGO,International,VJ,,
2026-02-27|VJ938|A546|HAN-KIX|01:40,2026-02-27,VJ938,A546,A321,HAN-KIX,,01:40,,01:40,,02:14,02:15,02:25,,,DELAY,DELAY,DELAY,,,11,00:20,99,00:15,,,LATE CHECKIN/LATE ACCEPT 5PAX+5BAGS,HAN,,KIX,International,VJ,,
2026-02-27|VJ960|A526|HAN-ICN|01:45,2026-02-27,VJ960,A526,A321,HAN-ICN,,01:45,,01:45,,02:04,02:05,02:15,,,DELAY,DELAY,DELAY,,,11,00:10,99,00:10,,,LATE CHECKIN/ LATE ACCEPT 10 PAX &12 BAGS,HAN,,ICN,International,VJ,,
2026-02-27|VJ179|A639|HAN-SGN|05:00,2026-02-27,VJ179,A639,A321,HAN-SGN,,05:00,,05:00,,04:59,05:00,05:05,,,ONTIME,ONTIME,ONTIME,,,,,,,,,,HAN,,SGN,Domestic,VJ,,
2026-02-27|VJ185|A552|HAN-SGN|05:10,2026-02-27,VJ185,A552,A321,HAN-SGN,,05:10,,05:10,,05:04,05:05,05:19,,,EARLY,ONTIME,ONTIME,,,,,,,,,,HAN,,SGN,Domestic,VJ,,
2026-02-27|VJ461|A699|HAN-VCA|05:30,2026-02-27,VJ461,A699,A320,HAN-VCA,,05:30,,05:30,,05:24,05:25,05:33,,,EARLY,ONTIME,ONTIME,,,,,,,,,,HAN,,VCA,Domestic,VJ,,
2026-02-27|VJ401|A662|HAN-DLI|05:50,2026-02-27,VJ401,A662,A320,HAN-DLI,,05:50,,05:50,,05:44,05:45,05:54,,,EARLY,ONTIME,ONTIME,,,,,,,,,,HAN,,DLI,Domestic,VJ,,
2026-02-27|VJ7527/VJ443|A545|CAN-HAN-PQC|06:00,2026-02-27,VJ7527/VJ443,A545,A321,CAN-HAN-PQC,04:35,06:00,04:35,06:00,04:30,05:54,05:55,06:02,01:25,01:25,EARLY,ONTIME,ONTIME,ONTIME,,,,,,,,,HAN,CAN,PQC,Domestic,VJ,,
2026-02-27|VJ503|A657|HAN-DAD|06:00,2026-02-27,VJ503,A657,A321,HAN-DAD,,06:00,,06:00,,05:54,05:55,06:03,,,EARLY,ONTIME,ONTIME,,,,,,,,,,HAN,,DAD,Domestic,VJ,,
2026-02-27|VJ491|A636|HAN-BMV|06:00,2026-02-27,VJ491,A636,A321,HAN-BMV,,06:00,,06:00,,05:54,05:55,06:07,,,EARLY,ONTIME,ONTIME,,,,,,,,,,HAN,,BMV,Domestic,VJ,,
2026-02-27|VJ421|A580|HAN-PXU|06:05,2026-02-27,VJ421,A580,A321,HAN-PXU,,06:05,,06:05,,05:59,06:00,06:10,,,EARLY,ONTIME,ONTIME,,,,,,,,,,HAN,,PXU,Domestic,VJ,,
2026-02-27|VJ509|A666|HAN-DAD|06:25,2026-02-27,VJ509,A666,A320,HAN-DAD,,06:25,,06:25,,06:19,06:20,06:26,,,EARLY,ONTIME,ONTIME,,,,,,,,,,HAN,,DAD,Domestic,VJ,,
2026-02-27|VJ181|A532|HAN-SGN|06:40,2026-02-27,VJ181,A532,A321,HAN-SGN,,06:40,,06:40,,06:34,06:35,06:42,,,EARLY,ONTIME,ONTIME,,,,,,,,,,HAN,,SGN,Domestic,VJ,,
2026-02-27|VJ7713/VJ905|A536|PKX-HAN-KUL|07:10,2026-02-27,VJ7713/VJ905,A536,A321,PKX-HAN-KUL,04:25,07:10,04:25,07:10,04:35,07:04,07:05,07:13,02:45,02:30,EARLY,ONTIME,ONTIME,ONTIME,,,,,,,,,HAN,PKX,KUL,International,VJ,,
2026-02-27|VJ7239/VJ956|A658|PVG-HAN-PUS|07:30,2026-02-27,VJ7239/VJ956,A658,A320,PVG-HAN-PUS,05:15,07:30,05:15,07:30,05:25,07:39,07:40,07:45,02:15,02:15,DELAY,ONTIME,ONTIME,ONTIME,,99,00:10,,,,,LATE ACEPT 5PAX + 9BAG,HAN,PVG,PUS,International,VJ,,
2026-02-27|VJ502/VJ940|A633|DAD-HAN-TPE|08:05,2026-02-27,VJ502/VJ940,A633,A321,DAD-HAN-TPE,07:05,08:05,07:05,08:05,07:20,08:14,08:15,08:20,01:00,00:55,DELAY,ONTIME,ONTIME,ONTIME,,87,00:10,,,,,STUCK AT IMMI,HAN,DAD,TPE,International,VJ,,
2026-02-27|VJ934|A523|HAN-NRT|08:20,2026-02-27,VJ934,A523,A321,HAN-NRT,,08:20,,08:20,,08:59,09:00,09:10,,,DELAY,DELAY,DELAY,,,11,00:20,87,00:15,15A,00:05,"STUCK AT IMMI, OFFLOAD 1 PAX AND 1 PCS BAG",HAN,,NRT,International,VJ,,
2026-02-27|VJ930|A524|HAN-KIX|08:20,2026-02-27,VJ930,A524,A321,HAN-KIX,,08:20,,08:20,,08:59,09:00,09:05,,,DELAY,DELAY,DELAY,,,11,00:20,87,00:20,,,STUCK AT IMMI,HAN,,KIX,International,VJ,,
2026-02-27|VJ1926/VJ929|A668|AMD-HAN-CGK|08:40,2026-02-27,VJ1926/VJ929,A668,A320,AMD-HAN-CGK,06:50,08:40,06:50,08:40,06:04,08:59,09:00,09:06,01:50,02:56,DELAY,DELAY,DELAY,ONTIME,,11,00:20,,,,,,HAN,AMD,CGK,International,VJ,,
2026-02-27|VJ124/VJ125|A820|SGN-HAN-SGN|08:40,2026-02-27,VJ124/VJ125,A820,A321,SGN-HAN-SGN,07:50,08:40,08:25,09:30,08:55,09:36,09:37,09:40,01:05,00:42,DELAY,ONTIME,DELAY,DELAY,,93,00:07,,,,,,HAN,SGN,SGN,Domestic,VJ,,
2026-02-27|VJ126/VJ127|A670|SGN-HAN-SGN|08:55,2026-02-27,VJ126/VJ127,A670,A321,SGN-HAN-SGN,08:25,08:55,08:25,08:55,08:15,08:52,08:54,08:56,00:30,00:39,EARLY,ONTIME,ONTIME,ONTIME,,,,,,,,,HAN,SGN,SGN,Domestic,VJ,,
2026-02-27|VJ524/VJ771|A649|DAD-HAN-CXR|09:15,2026-02-27,VJ524/VJ771,A649,A321,DAD-HAN-CXR,08:45,09:15,08:45,09:15,09:00,09:28,09:30,09:30,00:30,00:30,DELAY,ONTIME,ONTIME,ONTIME,,93,00:15,,,,,,HAN,DAD,CXR,Domestic,VJ,,
2026-02-27|VJ915|A697|HAN-SIN|09:35,2026-02-27,VJ915,A697,A321,HAN-SIN,,09:35,,09:35,,09:34,09:35,09:38,,,ONTIME,ONTIME,ONTIME,,,,,,,,,,HAN,,SIN,International,VJ,,
2026-02-27|VJ148/VJ149|-NVG|SGN-HAN-SGN|10:05,2026-02-27,VJ148/VJ149,-NVG,A320,SGN-HAN-SGN,09:30,10:05,09:30,10:05,09:45,10:09,10:10,10:17,00:35,00:25,DELAY,ONTIME,ONTIME,ONTIME,,93,00:05,,,,,,HAN,SGN,SGN,Domestic,VJ,,
2026-02-27|VJ422/VJ567|A580|PXU-HAN-HUI|10:10,2026-02-27,VJ422/VJ567,A580,A321,PXU-HAN-HUI,09:40,10:10,09:40,10:10,09:55,10:24,10:25,10:40,00:30,00:30,DELAY,ONTIME,DELAY,ONTIME,,93,00:15,,,,,,HAN,PXU,HUI,Domestic,VJ,,
2026-02-27|VJ510/VJ139|A666|DAD-HAN-SGN|10:10,2026-02-27,VJ510/VJ139,A666,A320,DAD-HAN-SGN,09:35,10:10,09:35,10:10,09:55,10:12,10:13,10:22,00:35,00:18,DELAY,ONTIME,ONTIME,DELAY,,93,00:03,,,,,,HAN,DAD,SGN,Domestic,VJ,,
2026-02-27|VJ963/VJ997|A578|ICN-HAN-DPS|10:15,2026-02-27,VJ963/VJ997,A578,A321,ICN-HAN-DPS,09:30,10:15,09:30,10:15,09:05,10:11,10:12,10:26,00:45,01:07,EARLY,ONTIME,ONTIME,ONTIME,,,,,,,,,HAN,ICN,DPS,International,VJ,,
2026-02-27|VJ122/VJ527|A661|SGN-HAN-DAD|10:20,2026-02-27,VJ122/VJ527,A661,A321,SGN-HAN-DAD,07:30,10:20,07:30,10:20,07:34,10:19,10:20,10:27,02:50,02:46,ONTIME,ONTIME,ONTIME,ONTIME,,,,,,,,,HAN,SGN,DAD,Domestic,VJ,,
2026-02-27|VJ492/VJ507|A636|BMV-HAN-DAD|10:30,2026-02-27,VJ492/VJ507,A636,A321,BMV-HAN-DAD,10:00,10:30,10:00,10:30,10:20,10:49,10:50,11:00,00:30,00:30,DELAY,DELAY,DELAY,DELAY,,93,00:20,,,,,,HAN,BMV,DAD,Domestic,VJ,,
2026-02-27|VJ504/VJ463|A657|DAD-HAN-VCA|10:30,2026-02-27,VJ504/VJ463,A657,A321,DAD-HAN-VCA,09:00,10:30,09:00,10:30,09:20,10:26,10:27,10:40,01:30,01:07,EARLY,ONTIME,ONTIME,DELAY,,,,,,,,,HAN,DAD,VCA,Domestic,VJ,,
2026-02-27|VJ176/VJ775|A547|SGN-HAN-CXR|10:40,2026-02-27,VJ176/VJ775,A547,A321,SGN-HAN-CXR,09:00,10:40,09:00,10:40,07:50,10:39,10:40,10:52,01:40,02:50,ONTIME,ONTIME,ONTIME,ONTIME,,,,,,,,,HAN,SGN,CXR,Domestic,VJ,,
2026-02-27|VJ402/VJ403|A662|DLI-HAN-DLI|10:45,2026-02-27,VJ402/VJ403,A662,A320,DLI-HAN-DLI,10:10,10:45,10:10,10:45,10:05,10:44,10:45,10:46,00:35,00:40,ONTIME,ONTIME,ONTIME,ONTIME,,,,,,,,,HAN,DLI,DLI,Domestic,VJ,,
2026-02-27|VJ136/VJ135|A607|SGN-HAN-SGN|11:10,2026-02-27,VJ136/VJ135,A607,A321,SGN-HAN-SGN,10:40,11:10,10:40,11:10,10:55,11:29,11:30,11:36,00:30,00:35,DELAY,DELAY,DELAY,ONTIME,,93,00:15,66,00:05,,,CREW HN OB 1105,HAN,SGN,SGN,Domestic,VJ,,
2026-02-27|VJ972/VJ451|A817|DEL-HAN-PQC|11:25,2026-02-27,VJ972/VJ451,A817,A330,DEL-HAN-PQC,05:35,11:25,05:35,11:25,05:50,11:29,11:30,11:40,05:50,05:40,DELAY,ONTIME,ONTIME,ONTIME,,15A,00:05,,,,,OFFLOAD 5PAX +2BAG,HAN,DEL,PQC,Domestic,VJ,,
2026-02-27|VJ132/VJ137|A667|SGN-HAN-SGN|11:40,2026-02-27,VJ132/VJ137,A667,A321,SGN-HAN-SGN,11:10,11:40,11:10,11:40,11:25,11:48,11:49,11:51,00:30,00:24,DELAY,ONTIME,ONTIME,ONTIME,,93,00:09,,,,,,HAN,SGN,SGN,Domestic,VJ,,
2026-02-27|VJ442/VJ946|A545|PQC-HAN-KHH|11:45,2026-02-27,VJ442/VJ946,A545,A321,PQC-HAN-KHH,10:45,11:45,10:45,11:45,11:00,11:44,11:45,11:55,01:00,00:45,ONTIME,ONTIME,ONTIME,ONTIME,,,,,,,,,HAN,PQC,KHH,International,VJ,,
2026-02-27|VJ981/VJ901|A629|PUS-HAN-BKK|12:15,2026-02-27,VJ981/VJ901,A629,A321,PUS-HAN-BKK,11:00,12:15,11:00,12:15,11:05,12:12,12:13,12:16,01:15,01:08,EARLY,ONTIME,ONTIME,ONTIME,,,,,,,,,HAN,PUS,BKK,International,VJ,,
2026-02-27|VJ3526/VJ3526|A537|BQS-HAN-PQC|12:30,2026-02-27,VJ3526/VJ3526,A537,A321,BQS-HAN-PQC,11:55,12:30,11:55,13:55,13:28,13:49,13:50,13:53,02:00,00:22,EARLY,ONTIME,DELAY,DELAY,,,,,,,,,HAN,BQS,PQC,Domestic,VJ,,
2026-02-27|VJ440/VJ441|A675|PQC-HAN-PQC|12:55,2026-02-27,VJ440/VJ441,A675,A320,PQC-HAN-PQC,11:55,12:55,11:55,13:40,13:10,13:32,13:33,13:38,01:45,00:23,EARLY,ONTIME,DELAY,DELAY,,,,,,,,,HAN,PQC,PQC,Domestic,VJ,,
2026-02-27|VJ128/VJ948|A683|SGN-HAN-RMQ|13:30,2026-02-27,VJ128/VJ948,A683,A321,SGN-HAN-RMQ,12:10,13:30,12:10,13:30,12:30,13:19,13:20,13:21,01:20,00:50,EARLY,ONTIME,ONTIME,DELAY,,,,,,,,,HAN,SGN,RMQ,International,VJ,,
2026-02-27|VJ770/VJ407|A649|CXR-HAN-DLI|13:55,2026-02-27,VJ770/VJ407,A649,A321,CXR-HAN-DLI,13:25,13:55,13:25,14:35,14:00,14:34,14:35,14:40,01:10,00:35,ONTIME,ONTIME,DELAY,DELAY,,,,,,,,,HAN,CXR,DLI,Domestic,VJ,,
2026-02-27|VJ939/VJ513|A546|KIX-HAN-DAD|14:05,2026-02-27,VJ939/VJ513,A546,A321,KIX-HAN-DAD,13:05,14:05,13:05,14:05,13:20,14:04,14:05,14:13,01:00,00:45,ONTIME,ONTIME,ONTIME,ONTIME,,,,,,,,,HAN,KIX,DAD,Domestic,VJ,,
2026-02-27|VJ528/VJ143|A661|DAD-HAN-SGN|14:05,2026-02-27,VJ528/VJ143,A661,A321,DAD-HAN-SGN,13:30,14:05,13:30,14:30,14:05,14:44,14:45,14:50,01:00,00:40,DELAY,ONTIME,DELAY,DELAY,,93,00:05,95,00:10,,,CREW VJ128 OB 1415,HAN,DAD,SGN,Domestic,VJ,,
2026-02-27|VJ508/VJ511|A636|DAD-HAN-DAD|14:20,2026-02-27,VJ508/VJ511,A636,A321,DAD-HAN-DAD,13:40,14:20,14:00,15:20,14:30,15:17,15:18,15:24,01:20,00:48,EARLY,ONTIME,DELAY,DELAY,,,,,,,,,HAN,DAD,DAD,Domestic,VJ,,
2026-02-27|VJ566/VJ942|A580|HUI-HAN-TPE|14:25,2026-02-27,VJ566/VJ942,A580,A321,HUI-HAN-TPE,13:05,14:25,13:05,14:50,14:00,14:48,14:49,14:55,01:45,00:49,EARLY,ONTIME,DELAY,DELAY,,,,,,,,,HAN,HUI,TPE,International,VJ,,
2026-02-27|VJ921/VJ1491|A554|NGO-HAN-BMV|14:35,2026-02-27,VJ921/VJ1491,A554,A321,NGO-HAN-BMV,13:40,14:35,13:40,14:35,13:00,14:34,14:35,14:45,00:55,01:35,ONTIME,ONTIME,ONTIME,ONTIME,,,,,,,,,HAN,NGO,BMV,Domestic,VJ,,
2026-02-27|VJ188/VJ151|LY-NVE|SGN-HAN-SGN|15:00,2026-02-27,VJ188/VJ151,LY-NVE,A320,SGN-HAN-SGN,14:25,15:00,14:45,16:15,15:45,16:14,16:15,16:25,01:30,00:30,ONTIME,ONTIME,DELAY,DELAY,,,,,,,,,HAN,SGN,SGN,Domestic,VJ,,
2026-02-27|VJ774/VJ175|A547|CXR-HAN-SGN|15:20,2026-02-27,VJ774/VJ175,A547,A321,CXR-HAN-SGN,14:50,15:20,14:50,16:25,16:05,16:39,16:40,16:55,01:35,00:35,DELAY,ONTIME,DELAY,DELAY,,93,00:10,66,00:05,,,CREW OB 1614,HAN,CXR,SGN,Domestic,VJ,,
2026-02-27|VJ404/VJ433|A662|DLI-HAN-UIH|15:25,2026-02-27,VJ404/VJ433,A662,A320,DLI-HAN-UIH,14:55,15:25,14:55,15:25,15:10,15:33,15:35,15:37,00:30,00:25,DELAY,ONTIME,ONTIME,ONTIME,,93,00:10,,,,,,HAN,DLI,UIH,Domestic,VJ,,
2026-02-27|VJ138/VJ153|A543|SGN-HAN-SGN|15:25,2026-02-27,VJ138/VJ153,A543,A321,SGN-HAN-SGN,14:55,15:25,14:55,15:25,15:50,16:19,16:20,16:30,00:30,00:30,DELAY,DELAY,DELAY,DELAY,,93,00:55,,,,,,HAN,SGN,SGN,Domestic,VJ,,
2026-02-27|VJ961/VJ1441|A526|ICN-HAN-PQC|15:30,2026-02-27,VJ961/VJ1441,A526,A321,ICN-HAN-PQC,14:10,15:30,14:10,15:30,13:56,15:28,15:29,15:44,01:20,01:33,EARLY,ONTIME,ONTIME,ONTIME,,,,,,,,,HAN,ICN,PQC,Domestic,VJ,,
2026-02-27|VJ144/VJ145|A820|SGN-HAN-SGN|15:35,2026-02-27,VJ144/VJ145,A820,A321,SGN-HAN-SGN,14:10,15:35,15:10,16:10,15:35,16:14,16:15,16:25,01:00,00:40,DELAY,ONTIME,DELAY,DELAY,,93,00:05,,,,,,HAN,SGN,SGN,Domestic,VJ,,
2026-02-27|VJ906/VJ199|A536|KUL-HAN-SGN|15:35,2026-02-27,VJ906/VJ199,A536,A321,KUL-HAN-SGN,14:55,15:35,14:55,15:35,14:40,15:34,15:35,15:40,00:40,00:55,ONTIME,ONTIME,ONTIME,ONTIME,,,,,,,,,HAN,KUL,SGN,Domestic,VJ,,
2026-02-27|VJ941/VJ423|A633|TPE-HAN-PXU|15:55,2026-02-27,VJ941/VJ423,A633,A321,TPE-HAN-PXU,14:40,15:55,14:40,15:55,15:30,15:59,16:00,16:04,01:15,00:30,DELAY,ONTIME,ONTIME,DELAY,,93,00:05,,,,,,HAN,TPE,PXU,Domestic,VJ,,
2026-02-27|VJ460/VJ191|A657|VCA-HAN-SGN|15:55,2026-02-27,VJ460/VJ191,A657,A321,VCA-HAN-SGN,15:25,15:55,18:10,18:45,18:35,19:09,19:10,19:21,00:35,00:35,DELAY,DELAY,DELAY,DELAY,,93,00:20,66,00:05,,,CREW HN OB 1850,HAN,VCA,SGN,Domestic,VJ,,
2026-02-27|VJ933/VJ195|A816|NRT-HAN-SGN|16:00,2026-02-27,VJ933/VJ195,A816,A330,NRT-HAN-SGN,14:00,16:00,14:00,16:00,13:50,15:59,16:00,16:15,02:00,02:10,ONTIME,ONTIME,ONTIME,ONTIME,,,,,,,,,HAN,NRT,SGN,Domestic,VJ,,
2026-02-27|VJ142/VJ157|A643|SGN-HAN-SGN|16:00,2026-02-27,VJ142/VJ157,A643,A321,SGN-HAN-SGN,14:50,16:00,14:50,16:00,15:50,16:24,16:25,16:40,01:10,00:35,DELAY,DELAY,DELAY,DELAY,,93,00:15,66,00:10,,,CREW OB 1600,HAN,SGN,SGN,Domestic,VJ,,
2026-02-27|VJ462/VJ409|A699|VCA-HAN-DLI|16:10,2026-02-27,VJ462/VJ409,A699,A320,VCA-HAN-DLI,15:40,16:10,15:40,16:10,15:55,16:19,16:20,16:25,00:30,00:25,DELAY,ONTIME,ONTIME,ONTIME,,93,00:10,,,,,,HAN,VCA,DLI,Domestic,VJ,,
2026-02-27|VJ198/VJ913|A639|SGN-HAN-SAI|16:20,2026-02-27,VJ198/VJ913,A639,A321,SGN-HAN-SAI,15:10,16:20,15:45,16:35,16:10,16:49,16:50,17:00,00:50,00:40,DELAY,ONTIME,DELAY,DELAY,,93,00:05,66,00:10,,,CREW OB 1618,HAN,SGN,SAI,International,VJ,,
2026-02-27|VJ134/VJ163|-MLI|SGN-HAN-SGN|17:30,2026-02-27,VJ134/VJ163,-MLI,A320,SGN-HAN-SGN,17:00,17:30,17:50,19:10,18:50,19:09,19:10,19:33,01:20,00:20,ONTIME,ONTIME,DELAY,DELAY,,,,,,,,,HAN,SGN,SGN,Domestic,VJ,,
2026-02-27|VJ514/VJ147|A546|DAD-HAN-SGN|17:40,2026-02-27,VJ514/VJ147,A546,A321,DAD-HAN-SGN,17:15,17:40,17:15,18:10,17:40,18:09,18:10,18:15,00:55,00:30,ONTIME,ONTIME,DELAY,DELAY,,,,,,,,,HAN,DAD,SGN,Domestic,VJ,,
2026-02-27|VJ902/VJ465|A629|BKK-HAN-VCA|18:00,2026-02-27,VJ902/VJ465,A629,A321,BKK-HAN-VCA,17:00,18:00,17:00,18:00,17:35,18:04,18:05,18:20,01:00,00:30,DELAY,ONTIME,DELAY,DELAY,,93,00:05,,,,,,HAN,BKK,VCA,Domestic,VJ,,
2026-02-27|VJ194/VJ193|A522|SGN-HAN-SGN|18:20,2026-02-27,VJ194/VJ193,A522,A321,SGN-HAN-SGN,17:40,18:20,17:40,18:20,18:00,18:24,18:25,18:27,00:40,00:25,DELAY,ONTIME,ONTIME,DELAY,,93,00:05,,,,,,HAN,SGN,SGN,Domestic,VJ,,
2026-02-27|VJ957/VJ445|A658|PUS-HAN-PQC|18:20,2026-02-27,VJ957/VJ445,A658,A320,PUS-HAN-PQC,17:20,18:20,17:20,18:20,17:00,18:19,18:20,18:26,01:00,01:20,ONTIME,ONTIME,ONTIME,ONTIME,,,,,,,,,HAN,PUS,PQC,Domestic,VJ,,
2026-02-27|VJ446/VJ165|A675|PQC-HAN-SGN|18:30,2026-02-27,VJ446/VJ165,A675,A320,PQC-HAN-SGN,17:40,18:30,18:25,19:00,18:40,19:09,19:10,19:24,00:35,00:30,DELAY,ONTIME,DELAY,DELAY,,93,00:05,66,00:05,,,CREW OB 1852,HAN,PQC,SGN,Domestic,VJ,,
2026-02-27|VJ408/VJ779|A649|DLI-HAN-CXR|18:35,2026-02-27,VJ408/VJ779,A649,A321,DLI-HAN-CXR,18:05,18:35,18:50,19:25,19:05,19:34,19:35,19:49,00:35,00:30,DELAY,ONTIME,DELAY,DELAY,,93,00:10,,,,,,HAN,DLI,CXR,Domestic,VJ,,
2026-02-27|VJ916/VJ1925|A697|SIN-HAN-AMD|19:00,2026-02-27,VJ916/VJ1925,A697,A321,SIN-HAN-AMD,17:25,19:00,17:25,19:00,17:30,18:59,19:00,19:10,01:35,01:30,ONTIME,ONTIME,ONTIME,ONTIME,,,,,,,,,HAN,SIN,AMD,International,VJ,,
2026-02-27|VJ947/VJ907|A545|KHH-HAN-BOM|19:15,2026-02-27,VJ947/VJ907,A545,A321,KHH-HAN-BOM,18:05,19:15,18:05,19:15,17:55,19:14,19:15,19:30,01:10,01:20,ONTIME,ONTIME,ONTIME,ONTIME,,,,,,,,,HAN,KHH,BOM,International,VJ,,
2026-02-27|VJ928/VJ569|A668|CGK-HAN-HUI|19:40,2026-02-27,VJ928/VJ569,A668,A320,CGK-HAN-HUI,18:15,19:40,18:15,19:40,18:40,18:39,19:40,19:40,01:25,01:00,ONTIME,ONTIME,ONTIME,DELAY,,,,,,,,,HAN,CGK,HUI,Domestic,VJ,,
2026-02-27|VJ1492/VJ519|A554|BMV-HAN-DAD|19:45,2026-02-27,VJ1492/VJ519,A554,A321,BMV-HAN-DAD,18:35,19:45,18:35,19:45,18:35,19:39,19:40,19:55,01:10,01:05,EARLY,ONTIME,ONTIME,ONTIME,,,,,,,,,HAN,BMV,DAD,Domestic,VJ,,
2026-02-27|VJ432/VJ7712|A662|UIH-HAN-PKX|20:05,2026-02-27,VJ432/VJ7712,A662,A320,UIH-HAN-PKX,19:10,20:05,19:10,20:05,19:20,20:04,20:05,20:18,00:55,00:45,ONTIME,ONTIME,ONTIME,ONTIME,,,,,,,,,HAN,UIH,PKX,International,VJ,,
2026-02-27|VJ424/VJ155|A633|PXU-HAN-SGN|20:05,2026-02-27,VJ424/VJ155,A633,A321,PXU-HAN-SGN,19:35,20:05,19:35,20:05,19:40,20:04,20:05,20:20,00:30,00:25,ONTIME,ONTIME,ONTIME,ONTIME,,,,,,,,,HAN,PXU,SGN,Domestic,VJ,,
2026-02-27|VJ516/VJ515|A642|DAD-HAN-DAD|20:10,2026-02-27,VJ516/VJ515,A642,A321,DAD-HAN-DAD,19:35,20:10,19:35,20:10,20:10,20:39,20:40,20:50,00:35,00:30,DELAY,DELAY,DELAY,DELAY,,93,00:30,,,,,,HAN,DAD,DAD,Domestic,VJ,,
2026-02-27|VJ154/VJ173|A666|SGN-HAN-SGN|20:40,2026-02-27,VJ154/VJ173,A666,A320,SGN-HAN-SGN,20:10,20:40,20:10,20:40,20:00,20:35,20:36,20:53,00:30,00:36,EARLY,ONTIME,ONTIME,ONTIME,,,,,,,,,HAN,SGN,SGN,Domestic,VJ,,
2026-02-27|VJ1440/VJ521|A526|PQC-HAN-DAD|21:10,2026-02-27,VJ1440/VJ521,A526,A321,PQC-HAN-DAD,20:10,21:10,20:10,21:10,20:30,21:09,21:10,21:25,01:00,00:40,ONTIME,ONTIME,ONTIME,DELAY,,,,,,,,,HAN,PQC,DAD,Domestic,VJ,,
2026-02-27|VJ410/VJ7238|A699|DLI-HAN-PVG|21:30,2026-02-27,VJ410/VJ7238,A699,A320,DLI-HAN-PVG,20:20,21:30,20:20,21:30,20:55,21:34,21:35,21:45,01:10,00:40,DELAY,ONTIME,ONTIME,DELAY,,66,00:05,,,,,CREW OB 2110,HAN,DLI,PVG,International,VJ,,
2026-02-27|VJ935/VJ161|A523|NRT-HAN-SGN|21:50,2026-02-27,VJ935/VJ161,A523,A321,NRT-HAN-SGN,20:55,21:50,20:55,21:50,22:25,22:04,22:05,22:05,00:55,23:40,DELAY,ONTIME,ONTIME,DELAY,,93,00:05,66,00:10,,,CREW OB 2145,HAN,NRT,SGN,Domestic,VJ,,
2026-02-27|VJ931/VJ123|A524|KIX-HAN-SGN|22:10,2026-02-27,VJ931/VJ123,A524,A321,KIX-HAN-SGN,19:15,22:10,19:15,22:10,19:20,22:04,22:05,22:10,02:55,02:45,EARLY,ONTIME,ONTIME,ONTIME,,,,,,,,,HAN,KIX,SGN,Domestic,VJ,,
2026-02-27|VJ943/VJ962|A580|TPE-HAN-ICN|22:50,2026-02-27,VJ943/VJ962,A580,A321,TPE-HAN-ICN,20:55,22:50,20:55,22:50,21:55,22:49,22:50,23:00,01:55,00:55,ONTIME,ONTIME,ONTIME,DELAY,,,,,,,,,HAN,TPE,ICN,International,VJ,,
2026-02-27|VJ568/VJ523|A668|HUI-HAN-DAD|23:10,2026-02-27,VJ568/VJ523,A668,A320,HUI-HAN-DAD,22:40,23:10,22:40,23:10,23:00,23:24,23:25,23:29,00:30,00:25,DELAY,ONTIME,DELAY,DELAY,,93,00:15,,,,,,HAN,HUI,DAD,Domestic,VJ,,
2026-02-27|VJ180/VJ171|A811|SGN-HAN-SGN|23:25,2026-02-27,VJ180/VJ171,A811,A330,SGN-HAN-SGN,22:25,23:25,22:25,00:20,23:40,00:18,00:20,00:26,01:55,00:40,ONTIME,ONTIME,DELAY,DELAY,,,,,,,,,HAN,SGN,SGN,Domestic,VJ,,
2026-02-27|VJ914/VJ7526|A639|SAI-HAN-CAN|23:40,2026-02-27,VJ914/VJ7526,A639,A321,SAI-HAN-CAN,20:50,23:40,20:50,23:40,21:25,23:34,23:35,23:44,02:50,02:10,EARLY,ONTIME,ONTIME,DELAY,,,,,,,,,HAN,SAI,CAN,International,VJ,,
2026-02-27|VJ156/VJ159|A522|SGN-HAN-SGN|23:50,2026-02-27,VJ156/VJ159,A522,A321,SGN-HAN-SGN,23:20,23:50,23:20,23:50,1904-01-02,00:29,00:30,00:40,00:30,00:30,DELAY,DELAY,DELAY,DELAY,,93,00:40,,,,,,HAN,SGN,SGN,Domestic,VJ,,
2026-02-28|VJ932|A578|HAN-NRT|00:55,2026-02-28,VJ932,A578,A321,HAN-NRT,,00:55,,00:55,,00:54,00:55,01:00,,,ONTIME,ONTIME,ONTIME,,,,,,,,,,HAN,,NRT,International,VJ,,
2026-02-28|VJ982|A683|HAN-PUS|01:00,2026-02-28,VJ982,A683,A321,HAN-PUS,,01:00,,01:00,,00:59,01:00,01:10,,,ONTIME,ONTIME,ONTIME,,,,,,,,,,HAN,,PUS,International,VJ,,
2026-02-28|VJ920|A546|HAN-NGO|01:35,2026-02-28,VJ920,A546,A321,HAN-NGO,,01:35,,01:35,,01:33,01:35,01:35,,,ONTIME,ONTIME,ONTIME,,,,,,,,,,HAN,,NGO,International,VJ,,
2026-02-28|VJ960|A629|HAN-ICN|01:45,2026-02-28,VJ960,A629,A321,HAN-ICN,,01:45,,01:45,,01:41,01:43,01:44,,,EARLY,ONTIME,ONTIME,,,,,,,,,,HAN,,ICN,International,VJ,,
2026-02-28|VJ958|A634|HAN-FUK|02:05,2026-02-28,VJ958,A634,A321,HAN-FUK,,02:05,,02:05,,02:02,02:03,02:05,,,EARLY,ONTIME,ONTIME,,,,,,,,,,HAN,,FUK,International,VJ,,
2026-02-28|VJ938|A536|HAN-KIX|03:30,2026-02-28,VJ938,A536,A321,HAN-KIX,,03:30,,03:30,,03:29,03:30,03:41,,,ONTIME,ONTIME,ONTIME,,,,,,,,,,HAN,,KIX,International,VJ,,
2026-02-28|VJ179|A649|HAN-SGN|05:00,2026-02-28,VJ179,A649,A321,HAN-SGN,,05:00,,05:00,,04:59,05:00,05:08,,,ONTIME,ONTIME,ONTIME,,,,,,,,,WAIT CEO'S COMAT,HAN,,SGN,Domestic,VJ,,
2026-02-28|VJ461|A669|HAN-VCA|05:30,2026-02-28,VJ461,A669,A320,HAN-VCA,,05:30,,05:30,,05:24,05:25,05:33,,,EARLY,ONTIME,ONTIME,,,,,,,,,,HAN,,VCA,Domestic,VJ,,
2026-02-28|VJ3523|A537|HAN-KHV|01:15,2026-02-28,VJ3523,A537,A321,HAN-KHV,,01:15,,03:00,,02:49,02:50,02:52,,,EARLY,ONTIME,DELAY,,,,,,,,,,HAN,,KHV,International,VJ,,
2026-02-28|VJ491|A542|HAN-BMV|05:55,2026-02-28,VJ491,A542,A321,HAN-BMV,,05:55,,05:55,,05:49,05:50,05:55,,,EARLY,ONTIME,ONTIME,,,,,,,,,,HAN,,BMV,Domestic,VJ,,
2026-02-28|VJ443|A633|HAN-PQC|06:00,2026-02-28,VJ443,A633,A321,HAN-PQC,,06:00,,06:00,,05:54,05:55,06:03,,,EARLY,ONTIME,ONTIME,,,,,,,,,,HAN,,PQC,Domestic,VJ,,
2026-02-28|VJ421|A644|HAN-PXU|06:05,2026-02-28,VJ421,A644,A321,HAN-PXU,,06:05,,06:05,,05:59,06:00,06:03,,,EARLY,ONTIME,ONTIME,,,,,,,,,,HAN,,PXU,Domestic,VJ,,
2026-02-28|VJ952|A650|HAN-HIJ|06:05,2026-02-28,VJ952,A650,A320,HAN-HIJ,,06:05,,06:05,,05:59,06:00,06:10,,,EARLY,ONTIME,ONTIME,,,,,,,,,,HAN,,HIJ,International,VJ,,
2026-02-28|VJ7713/VJ401|A662|PKX-HAN-DLI|06:20,2026-02-28,VJ7713/VJ401,A662,A320,PKX-HAN-DLI,04:10,06:20,04:10,06:20,04:15,06:14,06:15,06:25,02:10,02:00,EARLY,ONTIME,ONTIME,ONTIME,,,,,,,,,HAN,PKX,DLI,Domestic,VJ,,
2026-02-28|VJ503|A522|HAN-DAD|06:20,2026-02-28,VJ503,A522,A321,HAN-DAD,,06:20,,06:20,,06:54,06:55,07:10,,,DELAY,DELAY,DELAY,,,77,00:35,,,,,BAD WEATHER AT DAD,HAN,,DAD,Domestic,VJ,,
2026-02-28|VJ7527/VJ181|A639|CAN-HAN-SGN|06:40,2026-02-28,VJ7527/VJ181,A639,A321,CAN-HAN-SGN,04:35,06:40,04:35,06:40,04:25,06:39,06:40,06:50,02:05,02:15,ONTIME,ONTIME,ONTIME,ONTIME,,,,,,,,,HAN,CAN,SGN,Domestic,VJ,,
2026-02-28|VJ105|652G|HAN-VCS|06:45,2026-02-28,VJ105,652G,C909,HAN-VCS,,06:45,,06:45,,06:39,06:40,06:47,,,EARLY,ONTIME,ONTIME,,,,,,,,,,HAN,,VCS,Domestic,VJ,,
2026-02-28|VJ7239/VJ956|A699|PVG-HAN-PUS|07:30,2026-02-28,VJ7239/VJ956,A699,A320,PVG-HAN-PUS,05:15,07:30,05:15,07:30,05:25,07:29,07:30,07:39,02:15,02:05,ONTIME,ONTIME,ONTIME,ONTIME,,,,,,,,,HAN,PVG,PUS,International,VJ,,
2026-02-28|VJ940|A575|HAN-TPE|07:35,2026-02-28,VJ940,A575,A321,HAN-TPE,,07:35,,07:35,,07:39,07:40,07:50,,,DELAY,ONTIME,ONTIME,,,99,00:05,,,,,LATE ACC 1PAX 1 BAG,HAN,,TPE,International,VJ,,
2026-02-28|VJ502/VJ771|A642|DAD-HAN-CXR|07:35,2026-02-28,VJ502/VJ771,A642,A321,DAD-HAN-CXR,07:05,07:35,07:05,08:45,07:57,08:40,08:41,08:43,01:40,00:44,EARLY,ONTIME,DELAY,DELAY,,,,,,,,,HAN,DAD,CXR,Domestic,VJ,,
2026-02-28|VJ910/VJ905|A545|BOM-HAN-KUL|07:40,2026-02-28,VJ910/VJ905,A545,A321,BOM-HAN-KUL,06:40,07:40,06:40,07:40,07:00,07:44,07:45,08:01,01:00,00:45,DELAY,ONTIME,DELAY,DELAY,,66,00:05,,,,,CREW HN OB 0720,HAN,BOM,KUL,International,VJ,,
2026-02-28|VJ107|656E|HAN-VCS|08:15,2026-02-28,VJ107,656E,C909,HAN-VCS,,08:15,,08:15,,08:14,08:15,08:20,,,ONTIME,ONTIME,ONTIME,,,,,,,,,,HAN,,VCS,Domestic,VJ,,
2026-02-28|VJ1926/VJ934|A697|AMD-HAN-NRT|08:20,2026-02-28,VJ1926/VJ934,A697,A321,AMD-HAN-NRT,06:20,08:20,06:20,08:20,05:35,08:29,08:30,08:44,02:00,02:55,DELAY,ONTIME,DELAY,ONTIME,,87,00:10,,,,,STUCK AT IMMI,HAN,AMD,NRT,International,VJ,,
2026-02-28|VJ930|A537|HAN-KIX|08:20,2026-02-28,VJ930,A537,A321,HAN-KIX,,08:20,,08:20,,08:19,08:20,08:27,,,ONTIME,ONTIME,ONTIME,,,,,,,,,,HAN,,KIX,International,VJ,,
2026-02-28|VJ524/VJ929|A668|DAD-HAN-CGK|08:40,2026-02-28,VJ524/VJ929,A668,A320,DAD-HAN-CGK,07:40,08:40,07:40,08:40,08:10,08:54,08:55,09:10,01:00,00:45,DELAY,ONTIME,DELAY,DELAY,,66,00:15,,,,,CREW HN OB 0830,HAN,DAD,CGK,International,VJ,,
2026-02-28|VJ121|A816|HAN-SGN|08:40,2026-02-28,VJ121,A816,A330,HAN-SGN,,08:40,,08:40,,08:39,08:40,08:50,,,ONTIME,ONTIME,ONTIME,,,,,,,,,,HAN,,SGN,Domestic,VJ,,
2026-02-28|VJ124/VJ125|A673|SGN-HAN-SGN|08:40,2026-02-28,VJ124/VJ125,A673,A321,SGN-HAN-SGN,07:50,08:40,07:50,08:40,07:40,08:34,08:35,08:40,00:50,00:55,EARLY,ONTIME,ONTIME,ONTIME,,,,,,,,,HAN,SGN,SGN,Domestic,VJ,,
2026-02-28|VJ122/VJ915|A646|SGN-HAN-SIN|09:35,2026-02-28,VJ122/VJ915,A646,A321,SGN-HAN-SIN,07:30,09:35,07:30,09:35,07:25,09:34,09:35,09:45,02:05,02:10,ONTIME,ONTIME,ONTIME,ONTIME,,,,,,,,,HAN,SGN,SIN,International,VJ,,
2026-02-28|VJ148/VJ149|-NVG|SGN-HAN-SGN|10:05,2026-02-28,VJ148/VJ149,-NVG,A320,SGN-HAN-SGN,09:30,10:05,09:30,10:05,10:00,10:24,10:25,10:32,00:35,00:25,DELAY,DELAY,DELAY,DELAY,,93,00:20,,,,,,HAN,SGN,SGN,Domestic,VJ,,
2026-02-28|VJ422/VJ567|A644|PXU-HAN-HUI|10:10,2026-02-28,VJ422/VJ567,A644,A321,PXU-HAN-HUI,09:40,10:10,09:40,10:10,09:30,09:59,10:00,10:03,00:30,00:30,EARLY,ONTIME,ONTIME,ONTIME,,,,,,,,,HAN,PXU,HUI,Domestic,VJ,,
2026-02-28|VJ126/VJ997|A552|SGN-HAN-DPS|10:15,2026-02-28,VJ126/VJ997,A552,A321,SGN-HAN-DPS,08:25,10:15,08:25,10:15,08:22,10:13,10:15,10:17,01:50,01:53,ONTIME,ONTIME,ONTIME,ONTIME,,,,,,,,,HAN,SGN,DPS,International,VJ,,
2026-02-28|VJ504/VJ463|A522|DAD-HAN-VCA|10:30,2026-02-28,VJ504/VJ463,A522,A321,DAD-HAN-VCA,09:25,10:30,09:25,11:40,11:00,11:37,11:38,11:43,02:15,00:38,EARLY,ONTIME,DELAY,DELAY,,,,,,,,,HAN,DAD,VCA,Domestic,VJ,,
2026-02-28|VJ136/VJ135|A535|SGN-HAN-SGN|11:10,2026-02-28,VJ136/VJ135,A535,A321,SGN-HAN-SGN,10:40,11:10,10:40,11:10,10:48,11:17,11:18,11:33,00:30,00:30,DELAY,ONTIME,DELAY,ONTIME,,93,00:08,,,,,,HAN,SGN,SGN,Domestic,VJ,,
2026-02-28|VJ402/VJ403|A662|DLI-HAN-DLI|11:20,2026-02-28,VJ402/VJ403,A662,A320,DLI-HAN-DLI,10:40,11:20,10:40,11:20,11:00,11:24,11:25,11:30,00:40,00:25,DELAY,ONTIME,ONTIME,DELAY,,93,00:05,,,,,,HAN,DLI,DLI,Domestic,VJ,,
2026-02-28|VJ492/VJ407|A542|BMV-HAN-DLI|11:25,2026-02-28,VJ492/VJ407,A542,A321,BMV-HAN-DLI,10:00,11:25,10:00,11:25,10:25,11:22,11:23,11:31,01:25,00:58,EARLY,ONTIME,ONTIME,DELAY,,,,,,,,,HAN,BMV,DLI,Domestic,VJ,,
2026-02-28|VJ132/VJ137|A641|SGN-HAN-SGN|11:40,2026-02-28,VJ132/VJ137,A641,A321,SGN-HAN-SGN,11:10,11:40,11:30,12:55,12:40,13:09,13:10,13:19,01:25,00:30,DELAY,ONTIME,DELAY,DELAY,,93,00:15,,,,,,HAN,SGN,SGN,Domestic,VJ,,
2026-02-28|VJ442/VJ946|A633|PQC-HAN-KHH|11:45,2026-02-28,VJ442/VJ946,A633,A321,PQC-HAN-KHH,10:45,11:45,10:45,11:45,10:45,11:44,11:45,11:48,01:00,01:00,ONTIME,ONTIME,ONTIME,ONTIME,,,,,,,,,HAN,PQC,KHH,International,VJ,,
2026-02-28|VJ981/VJ901|A683|PUS-HAN-BKK|12:15,2026-02-28,VJ981/VJ901,A683,A321,PUS-HAN-BKK,11:00,12:15,11:00,12:15,10:50,12:11,12:12,12:16,01:15,01:22,EARLY,ONTIME,ONTIME,ONTIME,,,,,,,,,HAN,PUS,BKK,International,VJ,,
2026-02-28|VJ959/VJ948|A634|FUK-HAN-RMQ|13:30,2026-02-28,VJ959/VJ948,A634,A321,FUK-HAN-RMQ,12:25,13:30,12:25,13:30,11:40,13:39,13:30,13:35,01:05,01:50,ONTIME,ONTIME,ONTIME,ONTIME,,,,,,,,,HAN,FUK,RMQ,International,VJ,,
2026-02-28|VJ770/VJ513|A642|CXR-HAN-DAD|13:35,2026-02-28,VJ770/VJ513,A642,A321,CXR-HAN-DAD,11:45,13:35,11:45,13:35,13:25,14:04,14:05,14:12,01:50,00:40,DELAY,DELAY,DELAY,DELAY,,93,00:20,66,00:10,,,CHANGE CREW HN OB 1335,HAN,CXR,DAD,Domestic,VJ,,
2026-02-28|VJ440/VJ441|A658|PQC-HAN-PQC|13:55,2026-02-28,VJ440/VJ441,A658,A320,PQC-HAN-PQC,12:55,13:55,12:55,13:55,13:00,13:49,13:50,13:58,01:00,00:50,EARLY,ONTIME,ONTIME,ONTIME,,,,,,,,,HAN,PQC,PQC,Domestic,VJ,,
2026-02-28|VJ508/VJ507|A635|DAD-HAN-DAD|14:15,2026-02-28,VJ508/VJ507,A635,A321,DAD-HAN-DAD,13:40,14:15,13:40,14:15,13:55,14:24,14:25,14:28,00:35,00:30,DELAY,ONTIME,ONTIME,ONTIME,,93,00:10,,,,,,HAN,DAD,DAD,Domestic,VJ,,
2026-02-28|VJ963/VJ942|A580|ICN-HAN-TPE|14:25,2026-02-28,VJ963/VJ942,A580,A321,ICN-HAN-TPE,09:30,14:25,09:30,14:25,08:55,14:24,14:25,14:35,04:55,05:30,ONTIME,ONTIME,ONTIME,ONTIME,,,,,,,,,HAN,ICN,TPE,International,VJ,,
2026-02-28|VJ566/VJ1491|A644|HUI-HAN-BMV|14:35,2026-02-28,VJ566/VJ1491,A644,A321,HUI-HAN-BMV,13:05,14:35,13:05,14:35,13:10,14:31,14:32,14:37,01:30,01:22,EARLY,ONTIME,ONTIME,ONTIME,,,,,,,,,HAN,HUI,BMV,Domestic,VJ,,
2026-02-28|VJ128/VJ145|A535|SGN-HAN-SGN|15:35,2026-02-28,VJ128/VJ145,A535,A321,SGN-HAN-SGN,13:05,15:35,16:30,17:40,17:10,17:44,17:45,17:55,01:10,00:35,DELAY,ONTIME,DELAY,DELAY,,87,00:05,,,,,STUCK AT PBB,HAN,SGN,SGN,Domestic,VJ,,
2026-02-28|VJ921/VJ199|A546|NGO-HAN-SGN|15:35,2026-02-28,VJ921/VJ199,A546,A321,NGO-HAN-SGN,13:40,15:35,13:40,15:35,12:50,15:34,15:35,15:47,01:55,02:45,ONTIME,ONTIME,ONTIME,ONTIME,,,,,,,,,HAN,NGO,SGN,Domestic,VJ,,
2026-02-28|VJ961/VJ903|A629|ICN-HAN-BKK|15:50,2026-02-28,VJ961/VJ903,A629,A321,ICN-HAN-BKK,14:10,15:50,14:10,15:50,14:00,15:40,15:42,15:44,01:40,01:42,EARLY,ONTIME,ONTIME,ONTIME,,,,,,,,,HAN,ICN,BKK,International,VJ,,
2026-02-28|VJ460/VJ191|A522|VCA-HAN-SGN|15:55,2026-02-28,VJ460/VJ191,A522,A321,VCA-HAN-SGN,14:00,15:55,15:25,17:25,16:50,17:24,17:25,17:29,02:00,00:35,ONTIME,ONTIME,DELAY,DELAY,,,,,,,,,HAN,VCA,SGN,Domestic,VJ,,
2026-02-28|VJ933/VJ1441|A578|SGN-HAN-PQC|15:55,2026-02-28,VJ933/VJ1441,A578,A321,SGN-HAN-PQC,13:35,15:55,14:00,15:55,13:30,15:49,15:50,15:52,01:55,02:20,EARLY,ONTIME,ONTIME,ONTIME,,,,,,,,,HAN,SGN,PQC,Domestic,VJ,,
2026-02-28|VJ941/VJ423|A575|TPE-HAN-PXU|15:55,2026-02-28,VJ941/VJ423,A575,A321,TPE-HAN-PXU,14:10,15:55,14:10,15:55,14:10,15:54,15:55,16:01,01:45,01:45,ONTIME,ONTIME,ONTIME,ONTIME,,,,,,,,,HAN,TPE,PXU,Domestic,VJ,,
2026-02-28|VJ144/VJ195|A816|SGN-HAN-SGN|16:00,2026-02-28,VJ144/VJ195,A816,A330,SGN-HAN-SGN,14:10,16:00,14:10,16:00,15:10,15:58,16:00,16:05,01:50,00:50,ONTIME,ONTIME,ONTIME,DELAY,,,,,,,,,HAN,SGN,SGN,Domestic,VJ,,
2026-02-28|VJ404/VJ433|A662|DLI-HAN-UIH|16:05,2026-02-28,VJ404/VJ433,A662,A320,DLI-HAN-UIH,15:30,16:05,15:30,16:05,15:45,16:09,16:10,16:15,00:35,00:25,DELAY,ONTIME,ONTIME,ONTIME,,93,00:05,,,,,,HAN,DLI,UIH,Domestic,VJ,,
2026-02-28|VJ462/VJ409|A669|VCA-HAN-DLI|16:10,2026-02-28,VJ462/VJ409,A669,A320,VCA-HAN-DLI,15:40,16:10,15:40,16:10,15:37,16:06,16:07,16:08,00:30,00:30,EARLY,ONTIME,ONTIME,ONTIME,,,,,,,,,HAN,VCA,DLI,Domestic,VJ,,
2026-02-28|VJ3524/VJ3524|A549|KHV-HAN-PQC|16:15,2026-02-28,VJ3524/VJ3524,A549,A321,KHV-HAN-PQC,15:45,16:15,15:45,16:40,16:20,16:39,16:40,16:45,00:55,00:20,ONTIME,ONTIME,DELAY,DELAY,,,,,,,,,HAN,KHV,PQC,Domestic,VJ,,
2026-02-28|VJ939/VJ913|A536|KIX-HAN-SAI|16:20,2026-02-28,VJ939/VJ913,A536,A321,KIX-HAN-SAI,14:25,16:20,14:25,16:20,14:17,16:09,16:10,16:17,01:55,01:53,EARLY,ONTIME,ONTIME,ONTIME,,,,,,,,,HAN,KIX,SAI,International,VJ,,
2026-02-28|VJ906/VJ147|A545|KUL-HAN-SGN|17:20,2026-02-28,VJ906/VJ147,A545,A321,KUL-HAN-SGN,15:00,17:20,15:00,17:20,15:13,17:19,17:20,17:28,02:20,02:07,ONTIME,ONTIME,ONTIME,ONTIME,,,,,,,,,HAN,KUL,SGN,Domestic,VJ,,
2026-02-28|VJ514/VJ465|A642|DAD-HAN-VCA|17:25,2026-02-28,VJ514/VJ465,A642,A321,DAD-HAN-VCA,16:45,17:25,16:45,18:30,17:55,18:25,18:26,18:30,01:45,00:31,EARLY,ONTIME,DELAY,DELAY,,,,,,,,,HAN,DAD,VCA,Domestic,VJ,,
2026-02-28|VJ134/VJ163|-MLI|SGN-HAN-SGN|17:30,2026-02-28,VJ134/VJ163,-MLI,A320,SGN-HAN-SGN,17:00,17:30,18:10,18:40,19:00,19:19,19:20,19:25,00:30,00:20,DELAY,DELAY,DELAY,DELAY,,93,00:40,,,,,,HAN,SGN,SGN,Domestic,VJ,,
2026-02-28|VJ953/VJ445|A650|HIJ-HAN-PQC|17:40,2026-02-28,VJ953/VJ445,A650,A320,HIJ-HAN-PQC,15:50,17:40,15:50,17:40,16:15,17:39,17:40,17:48,01:50,01:25,ONTIME,ONTIME,ONTIME,DELAY,,,,,,,,,HAN,HIJ,PQC,Domestic,VJ,,
2026-02-28|VJ784/VJ783|A551|CXR-HAN-CXR|17:40,2026-02-28,VJ784/VJ783,A551,A321,CXR-HAN-CXR,17:10,17:40,17:10,18:30,18:00,18:29,18:30,18:37,01:20,00:30,ONTIME,ONTIME,DELAY,DELAY,,,,,,,,,HAN,CXR,CXR,Domestic,VJ,,
2026-02-28|VJ902/VJ779|A683|BKK-HAN-CXR|18:00,2026-02-28,VJ902/VJ779,A683,A321,BKK-HAN-CXR,17:00,18:00,17:00,18:00,17:35,18:09,18:10,18:15,01:00,00:35,DELAY,ONTIME,ONTIME,DELAY,,93,00:05,66,00:05,,,CREW HN OB 1740,HAN,BKK,CXR,Domestic,VJ,,
2026-02-28|VJ512/VJ511|A635|DAD-HAN-DAD|18:05,2026-02-28,VJ512/VJ511,A635,A321,DAD-HAN-DAD,17:30,18:05,17:30,18:50,18:10,18:48,18:50,18:52,01:20,00:40,ONTIME,ONTIME,DELAY,DELAY,,,,,,,,,HAN,DAD,DAD,Domestic,VJ,,
2026-02-28|VJ194/VJ193|A516|SGN-HAN-SGN|18:10,2026-02-28,VJ194/VJ193,A516,A321,SGN-HAN-SGN,17:30,18:10,18:25,20:00,19:15,19:51,19:52,20:00,01:35,00:37,EARLY,ONTIME,DELAY,DELAY,,,,,,,,,HAN,SGN,SGN,Domestic,VJ,,
2026-02-28|VJ408/VJ493|A542|DLI-HAN-BMV|18:25,2026-02-28,VJ408/VJ493,A542,A321,DLI-HAN-BMV,15:35,18:25,15:35,18:25,15:55,18:19,18:20,18:23,02:50,02:25,EARLY,ONTIME,ONTIME,DELAY,,,,,,,,,HAN,DLI,BMV,Domestic,VJ,,
2026-02-28|VJ1492/VJ173|A673|BMV-HAN-SGN|19:05,2026-02-28,VJ1492/VJ173,A673,A321,BMV-HAN-SGN,18:35,19:05,18:35,19:30,18:55,19:29,19:30,19:35,00:55,00:35,ONTIME,ONTIME,DELAY,DELAY,,,,,,,,,HAN,BMV,SGN,Domestic,VJ,,
2026-02-28|VJ971|A817|HAN-DEL|19:10,2026-02-28,VJ971,A817,A330,HAN-DEL,,19:10,,19:10,,19:09,19:10,19:17,,,ONTIME,ONTIME,ONTIME,,,,,,,,,,HAN,,DEL,International,VJ,,
2026-02-28|VJ928/VJ1925|A668|CGK-HAN-AMD|19:15,2026-02-28,VJ928/VJ1925,A668,A320,CGK-HAN-AMD,18:15,19:15,18:15,19:40,18:40,19:36,19:37,19:42,01:25,00:57,EARLY,ONTIME,DELAY,DELAY,,,,,,,,,HAN,CGK,AMD,International,VJ,,
2026-02-28|VJ947/VJ519|A633|KHH-HAN-DAD|19:45,2026-02-28,VJ947/VJ519,A633,A321,KHH-HAN-DAD,18:05,19:45,18:05,19:45,17:40,19:39,19:40,19:47,01:40,02:00,EARLY,ONTIME,ONTIME,ONTIME,,,,,,,,,HAN,KHH,DAD,Domestic,VJ,,
2026-02-28|VJ916/VJ155|A646|SIN-HAN-SGN|20:05,2026-02-28,VJ916/VJ155,A646,A321,SIN-HAN-SGN,17:25,20:05,17:25,20:05,17:25,20:00,20:01,20:20,02:40,02:36,EARLY,ONTIME,ONTIME,ONTIME,,,,,,,,,HAN,SIN,SGN,Domestic,VJ,,
2026-02-28|VJ446/VJ569|A658|PQC-HAN-HUI|20:05,2026-02-28,VJ446/VJ569,A658,A320,PQC-HAN-HUI,18:40,20:05,18:40,20:05,19:20,19:59,20:00,20:20,01:25,00:40,EARLY,ONTIME,ONTIME,DELAY,,,,,,,,,HAN,PQC,HUI,Domestic,VJ,,
2026-02-28|VJ957/VJ7712|A699|PUS-HAN-PKX|20:05,2026-02-28,VJ957/VJ7712,A699,A320,PUS-HAN-PKX,17:20,20:05,17:20,20:05,16:45,20:04,20:05,20:14,02:45,03:20,ONTIME,ONTIME,ONTIME,ONTIME,,,,,,,,,HAN,PUS,PKX,International,VJ,,
2026-02-28|VJ424/VJ515|A575|PXU-HAN-DAD|20:10,2026-02-28,VJ424/VJ515,A575,A321,PXU-HAN-DAD,19:35,20:10,19:35,20:10,19:35,20:09,20:10,20:25,00:35,00:35,ONTIME,ONTIME,ONTIME,ONTIME,,,,,,,,,HAN,PXU,DAD,Domestic,VJ,,
2026-02-28|VJ516/VJ521|A645|DAD-HAN-DAD|21:10,2026-02-28,VJ516/VJ521,A645,A321,DAD-HAN-DAD,19:35,21:10,19:35,21:10,19:55,21:08,21:10,21:11,01:35,01:15,ONTIME,ONTIME,ONTIME,DELAY,,,,,,,,,HAN,DAD,DAD,Domestic,VJ,,
2026-02-28|VJ410/VJ7238|A669|DLI-HAN-PVG|21:30,2026-02-28,VJ410/VJ7238,A669,A320,DLI-HAN-PVG,20:20,21:30,20:20,21:30,20:10,21:44,21:45,21:45,01:10,01:35,DELAY,ONTIME,ONTIME,ONTIME,,41,00:15,,,,,TECHNICAL CHECK,HAN,DLI,PVG,International,VJ,,
2026-02-28|VJ160/VJ161|A675|SGN-HAN-SGN|21:50,2026-02-28,VJ160/VJ161,A675,A320,SGN-HAN-SGN,21:15,21:50,22:35,23:10,23:20,23:46,23:47,23:49,00:35,00:27,DELAY,DELAY,DELAY,DELAY,,93,00:37,,,,,,HAN,SGN,SGN,Domestic,VJ,,
2026-02-28|VJ914/VJ123|A536|SAI-HAN-SGN|22:10,2026-02-28,VJ914/VJ123,A536,A321,SAI-HAN-SGN,20:50,22:10,20:50,22:10,20:50,22:08,22:10,22:11,01:20,01:20,ONTIME,ONTIME,ONTIME,ONTIME,,,,,,,,,HAN,SAI,SGN,Domestic,VJ,,
2026-02-28|VJ943/VJ962|A580|TPE-HAN-ICN|22:50,2026-02-28,VJ943/VJ962,A580,A321,TPE-HAN-ICN,20:55,22:50,20:55,22:50,21:40,22:48,22:50,22:55,01:55,01:10,ONTIME,ONTIME,ONTIME,DELAY,,,,,,,,,HAN,TPE,ICN,International,VJ,,
2026-02-28|VJ180/VJ171|A643|SGN-HAN-SGN|23:25,2026-02-28,VJ180/VJ171,A643,A321,SGN-HAN-SGN,22:25,23:25,23:10,23:45,23:50,00:19,00:20,00:27,00:35,00:30,DELAY,DELAY,DELAY,DELAY,,93,00:35,,,,,,HAN,SGN,SGN,Domestic,VJ,,
2026-02-28|VJ568/VJ523|A658|HUI-HAN-DAD|23:35,2026-02-28,VJ568/VJ523,A658,A320,HUI-HAN-DAD,23:05,23:35,23:05,23:35,23:45,00:09,00:10,00:11,00:30,00:25,DELAY,DELAY,DELAY,DELAY,,93,00:35,,,,,,HAN,HUI,DAD,Domestic,VJ,,
2026-02-28|VJ156/VJ159|A673|SGN-HAN-SGN|23:40,2026-02-28,VJ156/VJ159,A673,A321,SGN-HAN-SGN,23:10,23:40,23:10,23:40,23:25,23:54,23:55,00:02,00:30,00:30,DELAY,ONTIME,DELAY,ONTIME,,93,00:15,,,,,,HAN,SGN,SGN,Domestic,VJ,,
2026-02-28|VJ464/VJ7526|A642|VCA-HAN-CAN|23:40,2026-02-28,VJ464/VJ7526,A642,A321,VCA-HAN-CAN,22:20,23:40,23:20,00:10,23:30,00:14,00:15,00:35,00:50,00:45,DELAY,ONTIME,DELAY,DELAY,,66,00:05,,,,,CREW OB 2347,HAN,VCA,CAN,International,VJ,,
