id,date,flight,reg,type,route,sta,std,eta,etd,onC,dc,offC,aobt,groundTime,tat,otpETD1,otpETD15,otpSTD,otaSTA,doorEarly5,code1,min1,code2,min2,code3,min3,bdcall,bdcomplete,TECHSTOP,delayReason,originReport,origin,destination,market,airline,updatedAt,updatedBy,COL_39,COL_40,COL_41,COL_42,COL_43,COL_44,COL_45,COL_46,COL_47,COL_48
,2026-04-01,____/VJ932,A547,A321,HAN-NRT,,00:30,,00:30,,00:26,00:28,00:33,,,EARLY,ONTIME,ONTIME,,,,,,,,,23:40,00:23,,,HAN,HAN,NRT,International,VJ,,,,,,,,,,,,
,2026-04-01,VJ3523/VJ3523,A516,A321,PQC-HAN-KHV,23:55,00:25,23:55,00:40,00:05,00:39,00:40,00:50,00:45,00:35,ONTIME,ONTIME,DELAY,ONTIME,,,,,,,,,,X,TECHSTOP,HAN,PQC,KHV,International,VJ,,,,,,,,,,,,
,2026-04-01,____/VJ982,A667,A321,HAN-PUS,,01:05,,01:05,,00:59,01:00,01:01,,,EARLY,ONTIME,ONTIME,,,,,,,,,00:15,00:55,,,HAN,HAN,PUS,International,VJ,,,,,,,,,,,,
,2026-04-01,____/VJ938,A543,A321,HAN-KIX,,01:20,,01:20,,01:14,01:15,01:17,,,EARLY,ONTIME,ONTIME,,,,,,,,,00:30,01:10,,,HAN,HAN,KIX,International,VJ,,,,,,,,,,,,
,2026-04-01,____/VJ960,A697,A321,HAN-ICN,,01:40,,01:40,,01:27,01:28,01:30,,,EARLY,ONTIME,ONTIME,,,,,,,,,00:50,01:25,,,HAN,HAN,ICN,International,VJ,,,,,,,,,,,,
,2026-04-01,____/VJ920,A537,A321,HAN-NGO,,01:40,,01:40,,01:31,01:32,01:37,,,EARLY,ONTIME,ONTIME,,,,,,,,,00:50,01:28,,,HAN,HAN,NGO,International,VJ,,,,,,,,,,,,
,2026-04-01,____/VJ123,A645,A321,HAN-SGN,,05:30,,05:30,,05:24,05:25,05:35,,,EARLY,ONTIME,ONTIME,,,,,,,,,04:40,05:22,,,HAN,HAN,SGN,Domestic,VJ,,,,,,,,,,,,
,2026-04-01,____/VJ771,A810,A330,HAN-CXR,,05:45,,05:45,,05:39,05:40,05:44,,,EARLY,ONTIME,ONTIME,,,,,,,,,04:55,05:36,,,HAN,HAN,CXR,Domestic,VJ,,,,,,,,,,,,
,2026-04-01,____/VJ121,A699,A320,HAN-SGN,,06:00,,06:00,,06:59,07:00,07:09,,,DELAY,DELAY,DELAY,,,41,01:00,,,,,06:15,06:56,,TECHNICAL CHECK,HAN,HAN,SGN,Domestic,VJ,,,,,,,,,,,,
,2026-04-01,____/VJ431,A635,A321,HAN-UIH,,06:05,,06:05,,05:59,06:00,06:05,,,EARLY,ONTIME,ONTIME,,,,,,,,,05:15,05:56,,,HAN,HAN,UIH,Domestic,VJ,,,,,,,,,,,,
,2026-04-01,____/VJ491,A671,A320,HAN-BMV,,06:30,,06:30,,06:24,06:25,06:30,,,EARLY,ONTIME,ONTIME,,,,,,,,,05:40,06:21,,,HAN,HAN,BMV,Domestic,VJ,,,,,,,,,,,,
,2026-04-01,____/VJ101,656E,C909,HAN-VCS,,06:45,,06:45,,06:34,06:35,06:35,,,EARLY,ONTIME,ONTIME,,,,,,,,,06:00,06:30,,,HAN,HAN,VCS,Domestic,VJ,,,,,,,,,,,,
,2026-04-01,VJ972/VJ125,A820,A321,DEL-HAN-SGN,05:40,07:00,05:40,07:45,06:35,07:44,07:45,07:53,02:05,01:10,ONTIME,ONTIME,DELAY,DELAY,,,,,,,,06:50,07:40,,,HAN,DEL,SGN,Domestic,VJ,,,,,,,,,,,,
,2026-04-01,____/VJ197,A658,A320,HAN-SGN,,07:20,,07:20,,07:10,07:11,07:14,,,EARLY,ONTIME,ONTIME,,,,,,,,,06:30,07:05,,,HAN,HAN,SGN,Domestic,VJ,,,,,,,,,,,,
,2026-04-01,____/VJ503,A553,A321,HAN-DAD,,07:30,,07:30,,07:24,07:25,07:26,,,EARLY,ONTIME,ONTIME,,,,,,,,,06:40,07:20,,,HAN,HAN,DAD,Domestic,VJ,,,,,,,,,,,,
,2026-04-01,____/VJ934,A528,A321,HAN-NRT,,07:55,,07:55,,07:59,08:00,08:10,,,DELAY,ONTIME,ONTIME,,,99,00:05,,,,,07:10,07:59,,STUCK AT IMMI,HAN,HAN,NRT,International,VJ,,,,,,,,,,,,
,2026-04-01,VJ7527/VJ930,A548,A321,CAN-HAN-KIX,03:05,07:55,03:05,07:55,03:25,07:54,07:55,08:10,04:50,04:30,ONTIME,ONTIME,ONTIME,DELAY,,,,,,,,07:00,07:50,,,HAN,CAN,KIX,International,VJ,,,,,,,,,,,,
,2026-04-01,____/VJ127,A500,A321,HAN-SGN,,08:10,,08:10,,08:09,08:10,08:17,,,ONTIME,ONTIME,ONTIME,,,,,,,,,07:20,08:08,,,HAN,HAN,SGN,Domestic,VJ,,,,,,,,,,,,
,2026-04-01,VJ1926/VJ929,A534,A321,AMD-HAN-CGK,05:55,08:40,05:55,08:40,06:15,08:39,08:40,08:45,02:45,02:25,ONTIME,ONTIME,ONTIME,DELAY,,,,,,,,07:55,08:35,,,HAN,AMD,CGK,International,VJ,,,,,,,,,,,,
,2026-04-01,____/VJ447,A662,A320,HAN-PQC,,08:45,,08:45,,08:44,08:45,08:59,,,ONTIME,ONTIME,ONTIME,,,,,,,,,07:53,08:44,,,HAN,HAN,PQC,Domestic,VJ,,,,,,,,,,,,
,2026-04-01,VJ124/VJ129,A632,A321,SGN-HAN-SGN,08:15,09:00,08:15,09:00,08:15,08:58,09:00,09:05,00:45,00:45,ONTIME,ONTIME,ONTIME,ONTIME,,,,,,,,08:15,08:49,,,HAN,SGN,SGN,Domestic,VJ,,,,,,,,,,,,
,2026-04-01,____/VJ505,A644,A321,HAN-DAD,,09:05,,09:05,,09:04,09:05,09:10,,,ONTIME,ONTIME,ONTIME,,,,,,,,,08:10,09:02,,,HAN,HAN,DAD,Domestic,VJ,,,,,,,,,,,,
,2026-04-01,____/VJ563,A636,A321,HAN-HUI,,09:20,,09:20,,09:16,09:17,09:20,,,EARLY,ONTIME,ONTIME,,,,,,,,,08:35,09:15,,,HAN,HAN,HUI,Domestic,VJ,,,,,,,,,,,,
,2026-04-01,____/VJ915,A630,A321,HAN-SIN,,09:35,,09:35,,09:27,09:28,09:30,,,EARLY,ONTIME,ONTIME,,,,,,,,,08:45,09:25,,,HAN,HAN,SIN,International,VJ,,,,,,,,,,,,
,2026-04-01,VJ963/VJ997,A526,A321,ICN-HAN-DPS,08:55,10:05,08:55,10:05,09:30,10:14,10:15,10:25,01:10,00:45,DELAY,ONTIME,DELAY,DELAY,,66,00:10,,,,,09:45,10:13,,CREW HN OB 0945,HAN,ICN,DPS,International,VJ,,,,,,,,,,,,
,2026-04-01,____/VJ463,A676,A320,HAN-VCA,,10:20,,10:20,,10:19,10:20,10:25,,,ONTIME,ONTIME,ONTIME,,,,,,,,,09:30,10:15,,,HAN,HAN,VCA,Domestic,VJ,,,,,,,,,,,,
,2026-04-01,VJ770/VJ131,A578,A321,CXR-HAN-SGN,09:55,10:30,09:55,10:30,10:10,10:39,10:40,10:45,00:35,00:30,DELAY,ONTIME,ONTIME,ONTIME,,93,00:10,,,,,10:05,10:38,,,HAN,CXR,SGN,Domestic,VJ,,,,,,,,,,,,
,2026-04-01,____/VJ1427,A655,A320,HAN-PXU,,10:30,,10:30,,10:28,10:30,10:38,,,ONTIME,ONTIME,ONTIME,,,,,,,,,09:45,10:24,,,HAN,HAN,PXU,Domestic,VJ,,,,,,,,,,,,
,2026-04-01,VJ430/VJ901,A635,A321,UIH-HAN-BKK,09:50,11:10,09:50,11:10,09:50,11:06,11:07,11:09,01:20,01:17,EARLY,ONTIME,ONTIME,ONTIME,,,,,,,,10:20,11:04,,,HAN,UIH,BKK,International,VJ,,,,,,,,,,,,
,2026-04-01,VJ524/VJ507,A553,A321,DAD-HAN-DAD,10:40,11:10,10:40,11:10,10:55,11:24,11:25,11:35,00:30,00:30,DELAY,ONTIME,DELAY,ONTIME,,93,00:15,,,,,10:55,11:23,,,HAN,DAD,DAD,Domestic,VJ,,,,,,,,,,,,
,2026-04-01,VJ126/VJ1443,A817,A330,SGN-HAN-PQC,09:40,11:10,09:40,11:10,09:45,11:04,11:05,11:12,01:30,01:20,EARLY,ONTIME,ONTIME,ONTIME,,,,,,,,10:25,11:00,,,HAN,SGN,PQC,Domestic,VJ,,,,,,,,,,,,
,2026-04-01,VJ130/VJ133,A649,A321,SGN-HAN-SGN,10:50,11:20,10:50,11:20,11:25,11:54,11:55,11:59,00:30,00:30,DELAY,DELAY,DELAY,DELAY,,93,00:35,,,,,11:25,11:52,,,HAN,SGN,SGN,Domestic,VJ,,,,,,,,,,,,
,2026-04-01,_____/VJ451,A657,A321,HAN-PQC,,11:45,,11:45,,11:42,11:44,11:52,,,EARLY,ONTIME,ONTIME,,,,,,,,,10:55,11:39,,,HAN,HAN,PQC,Domestic,,,,,,,,,,,,,
,2026-04-01,VJ981/VJ515,A667,A321,PUS-HAN-DAD,10:40,12:10,10:40,12:10,11:10,12:09,12:10,12:19,01:30,01:00,ONTIME,ONTIME,ONTIME,DELAY,,,,,,,,11:20,12:09,,,HAN,PUS,DAD,Domestic,VJ,,,,,,,,,,,,
,2026-04-01,VJ492/VJ137,A671,A320,BMV-HAN-SGN,10:30,12:20,10:30,12:20,10:30,12:19,12:20,12:23,01:50,01:50,ONTIME,ONTIME,ONTIME,ONTIME,,,,,,,,11:30,12:17,,,HAN,BMV,SGN,Domestic,VJ,,,,,,,,,,,,
,2026-04-01,VJ564/VJ787,A636,A321,HUI-HAN-CXR,12:20,13:10,12:20,13:10,12:45,13:09,13:10,13:15,00:50,00:25,ONTIME,ONTIME,ONTIME,DELAY,,,,,,,,12:35,13:07,,,HAN,HUI,CXR,Domestic,VJ,,,,,,,,,,,,
,2026-04-01,VJ939/VJ948,A543,A321,KIX-HAN-RMQ,12:20,13:30,12:20,13:30,13:00,13:38,13:40,13:40,01:10,00:40,DELAY,ONTIME,ONTIME,DELAY,,66,00:10,,,,,12:57,13:33,,CREW HN OB 1315,HAN,KIX,RMQ,International,VJ,,,,,,,,,,,,
,2026-04-01,VJ198/VJ441,A658,A320,SGN-HAN-PQC,12:40,14:00,12:40,14:00,12:55,13:49,13:50,13:54,01:20,00:55,EARLY,ONTIME,ONTIME,ONTIME,,,,,,,,13:15,13:47,,,HAN,SGN,PQC,Domestic,VJ,,,,,,,,,,,,
,2026-04-01,VJ506/VJ525,A644,A321,DAD-HAN-DAD,12:15,14:05,12:15,14:05,12:50,13:59,14:00,14:04,01:50,01:10,EARLY,ONTIME,ONTIME,DELAY,,,,,,,,13:20,13:56,,,HAN,DAD,DAD,Domestic,VJ,,,,,,,,,,,,
,2026-04-01,VJ1780/VJ143,A815,A330,CXR-HAN-SGN,13:15,14:05,13:15,14:05,13:45,14:26,14:28,14:30,00:50,00:43,DELAY,DELAY,DELAY,DELAY,,93,00:23,,,,,13:45,14:25,,,HAN,CXR,SGN,Domestic,VJ,,,,,,,,,,,,
,2026-04-01,VJ3524/VJ3524,A516,A321,KHV-HAN-PQC,13:45,14:15,13:45,14:15,13:45,14:06,14:07,14:14,00:30,00:22,EARLY,ONTIME,ONTIME,ONTIME,,,,,,,,,,X,TECHSTOP,HAN,KHV,PQC,Domestic,VJ,,,,,,,,,,,,
,2026-04-01,VJ921/VJ942,A537,A321,NGO-HAN-TPE,12:50,14:25,12:50,14:25,13:10,14:24,14:25,14:30,01:35,01:15,ONTIME,ONTIME,ONTIME,DELAY,,,,,,,,13:40,14:15,,,HAN,NGO,TPE,International,VJ,,,,,,,,,,,,
,2026-04-01,VJ1504/VJ1505,A642,A321,DAD-HAN-DAD,14:00,14:35,14:00,14:35,14:10,14:39,14:40,14:48,00:35,00:30,DELAY,ONTIME,ONTIME,ONTIME,,93,00:05,,,,,14:10,14:37,,,HAN,DAD,DAD,Domestic,VJ,,,,,,,,,,,,
,2026-04-01,VJ961/VJ946,A697,A321,ICN-HAN-KHH,13:35,14:35,13:35,14:35,14:00,14:44,14:45,14:47,01:00,00:45,DELAY,ONTIME,ONTIME,DELAY,,66,00:10,,,,,14:13,14:37,,CREW HN OB 1415,HAN,ICN,KHH,International,VJ,,,,,,,,,,,,
,2026-04-01,VJ933/VJ511,A547,A321,NRT-HAN-DAD,13:05,15:05,13:05,15:05,13:45,15:04,15:05,15:10,02:00,01:20,ONTIME,ONTIME,ONTIME,DELAY,,,,,,,,14:20,15:02,,,HAN,NRT,DAD,Domestic,VJ,,,,,,,,,,,,
,2026-04-01,VJ1428/VJ439,A655,A320,PXU-HAN-UIH,14:15,15:40,14:15,15:40,14:10,15:36,15:37,15:48,01:25,01:27,EARLY,ONTIME,ONTIME,ONTIME,,,,,,,,14:53,15:33,,,HAN,PXU,UIH,Domestic,VJ,,,,,,,,,,,,
,2026-04-01,VJ128/VJ147,A812,A330,SGN-HAN-SGN,12:05,15:45,12:05,15:45,13:15,15:44,15:45,15:50,03:40,02:30,ONTIME,ONTIME,ONTIME,DELAY,,,,,,,,14:55,15:42,,,HAN,SGN,SGN,Domestic,VJ,,,,,,,,,,,,
,2026-04-01,VJ136/VJ567,A699,A320,SGN-HAN-HUI,14:10,15:55,14:10,15:55,14:25,15:44,15:45,15:55,01:45,01:20,EARLY,ONTIME,ONTIME,ONTIME,,,,,,,,15:00,15:42,,,HAN,SGN,HUI,Domestic,VJ,,,,,,,,,,,,
,2026-04-01,VJ510/VJ773,A553,A321,DAD-HAN-CXR,14:35,16:00,14:35,16:00,14:55,15:59,16:00,16:08,01:25,01:05,ONTIME,ONTIME,ONTIME,DELAY,,,,,,,,15:15,15:55,,,HAN,DAD,CXR,Domestic,VJ,,,,,,,,,,,,
,2026-04-01,VJ134/VJ913,A666,A320,SGN-HAN-SAI,13:30,16:20,13:30,16:20,13:50,16:24,16:25,16:42,02:50,02:35,DELAY,ONTIME,DELAY,DELAY,,15A,00:05,,,,,15:40,16:10,,OFLD 2PAX+5BAG,HAN,SGN,SAI,International,VJ,,,,,,,,,,,,
,2026-04-01,VJ464/VJ1513,A676,A320,VCA-HAN-DAD,15:10,16:35,15:10,16:35,15:25,16:32,16:33,16:35,01:25,01:08,EARLY,ONTIME,ONTIME,ONTIME,,,,,,,,15:55,16:30,,,HAN,VCA,DAD,Domestic,VJ,,,,,,,,,,,,
,2026-04-01,VJ140/VJ151,A632,A321,SGN-HAN-SGN,16:20,16:50,16:20,16:50,16:25,16:54,16:55,17:00,00:30,00:30,DELAY,ONTIME,ONTIME,ONTIME,,93,00:05,,,,,16:25,16:52,,,HAN,SGN,SGN,Domestic,VJ,,,,,,,,,,,,
,2026-04-01,VJ5068/VJ5068,A549,A321,CXR-HAN-NOZ,16:25,16:55,16:25,17:25,17:00,17:29,17:30,17:45,01:00,00:30,DELAY,ONTIME,DELAY,DELAY,,93,00:05,,,,,,,X,TECHSTOP,HAN,CXR,NOZ,International,VJ,,,,,,,,,,,,
,2026-04-01,VJ902/VJ495,A635,A321,BKK-HAN-BMV,15:50,17:30,15:50,17:30,15:55,17:24,17:25,17:30,01:40,01:30,EARLY,ONTIME,ONTIME,ONTIME,,,,,,,,16:45,17:20,,,HAN,BKK,BMV,Domestic,VJ,,,,,,,,,,,,
,2026-04-01,VJ446/VJ517,A640,A321,PQC-HAN-DAD,16:05,17:45,16:05,17:45,16:15,17:36,17:37,17:41,01:40,01:22,EARLY,ONTIME,ONTIME,ONTIME,,,,,,,,16:52,17:34,,,HAN,PQC,DAD,Domestic,VJ,,,,,,,,,,,,
,2026-04-01,VJ916/VJ1153,A630,A321,SIN-HAN-SGN,17:25,18:05,17:25,18:05,17:05,17:59,18:00,18:05,00:40,00:55,EARLY,ONTIME,ONTIME,ONTIME,,,,,,,,17:25,17:57,,,HAN,SIN,SGN,Domestic,VJ,,,,,,,,,,,,
,2026-04-01,VJ512/VJ521,A547,A321,DAD-HAN-DAD,18:15,18:45,18:15,19:10,18:35,19:09,19:10,19:25,00:55,00:35,ONTIME,ONTIME,DELAY,DELAY,,,,,,,,18:35,19:05,,,HAN,DAD,DAD,Domestic,VJ,,,,,,,,,,,,
,2026-04-01,VJ528/VJ1561,A644,A321,DAD-HAN-HUI,17:25,19:15,17:25,19:15,17:35,19:12,19:13,19:23,01:50,01:38,EARLY,ONTIME,ONTIME,ONTIME,,,,,,,,18:25,19:10,,,HAN,DAD,HUI,Domestic,VJ,,,,,,,,,,,,
,2026-04-01,VJ440/VJ1127,A662,A320,PQC-HAN-SGN,13:30,19:20,13:30,19:20,14:20,19:19,19:20,19:30,05:50,05:00,ONTIME,ONTIME,ONTIME,DELAY,,,,,,,,18:35,19:17,,,HAN,PQC,SGN,Domestic,VJ,,,,,,,,,,,,
,2026-04-01,VJ568/VJ523,A699,A320,HUI-HAN-DAD,18:55,19:40,18:55,19:40,19:00,19:32,19:33,19:35,00:45,00:33,EARLY,ONTIME,ONTIME,ONTIME,,,,,,,,19:00,19:30,,,HAN,HUI,DAD,Domestic,VJ,,,,,,,,,,,,
,2026-04-01,VJ144/VJ7712,A671,A320,SGN-HAN-PKX,18:05,19:55,18:05,19:55,18:10,19:49,19:50,19:55,01:50,01:40,EARLY,ONTIME,ONTIME,ONTIME,,,,,,,,19:10,19:45,,,HAN,SGN,PKX,International,VJ,,,,,,,,,,,,
,2026-04-01,VJ928/VJ907,A534,A321,CGK-HAN-BOM,18:15,20:05,18:15,20:05,18:40,19:59,20:00,20:06,01:50,01:20,EARLY,ONTIME,ONTIME,DELAY,,,,,,,,19:20,19:55,,,HAN,CGK,BOM,International,VJ,,,,,,,,,,,,
,2026-04-01,VJ138/VJ457,A575,A321,SGN-HAN-PQC,15:15,20:05,15:15,20:05,15:08,20:04,20:05,20:07,04:50,04:57,ONTIME,ONTIME,ONTIME,ONTIME,,,,,,,,19:21,20:02,,,HAN,SGN,PQC,Domestic,VJ,,,,,,,,,,,,
,2026-04-01,VJ152/VJ159,A674,A321,SGN-HAN-SGN,19:20,20:10,19:20,20:10,19:30,20:08,20:10,20:10,00:50,00:40,ONTIME,ONTIME,ONTIME,ONTIME,,,,,,,,19:30,20:05,,,HAN,SGN,SGN,Domestic,VJ,,,,,,,,,,,,
,2026-04-01,VJ1516/VJ7238,A676,A320,DAD-HAN-PVG,19:45,21:15,19:45,21:15,19:55,21:09,21:10,21:12,01:30,01:15,EARLY,ONTIME,ONTIME,ONTIME,,,,,,,,20:30,21:05,,,HAN,DAD,PVG,International,VJ,,,,,,,,,,,,
,2026-04-01,____/VJ163,A811,A330,HAN-SGN,,21:25,,21:50,,22:38,22:40,22:50,,,DELAY,DELAY,DELAY,,,95,00:50,,,,,22:00,22:35,,CREW VJ130 OB 2205,HAN,HAN,SGN,Domestic,VJ,,,,,,,,,,,,
,2026-04-01,VJ454/VJ7526,A657,A321,PQC-HAN-CAN,17:10,22:30,17:10,22:30,17:30,22:29,22:30,22:39,05:20,05:00,ONTIME,ONTIME,ONTIME,DELAY,,,,,,,,21:45,22:27,,,HAN,PQC,CAN,International,VJ,,,,,,,,,,,,
,2026-04-01,VJ935/VJ962,A528,A321,NRT-HAN-ICN,20:05,23:15,20:05,23:15,20:55,23:14,23:15,23:23,03:10,02:20,ONTIME,ONTIME,ONTIME,DELAY,,,,,,,,22:30,23:12,,,HAN,NRT,ICN,International,VJ,,,,,,,,,,,,
,2026-04-02,VJ7704/VJ7704,A553,A321,CXR-HAN-VVO,23:50,00:20,23:50,00:20,00:00,00:29,00:30,00:41,00:30,00:30,DELAY,ONTIME,DELAY,ONTIME,,93,00:10,,,,,,,X,TECHSTOP,HAN,CXR,VVO,International,VJ,,,,,,,,,,,,
,2026-04-02,____/VJ932,A547,A321,HAN-NRT,,00:30,,00:30,,00:27,00:28,00:30,,,EARLY,ONTIME,ONTIME,,,,,,,,,23:40,00:25,,,HAN,HAN,NRT,International,VJ,,,,,,,,,,,,
,2026-04-02,____/VJ982,A548,A321,HAN-PUS,,01:05,,01:05,,00:52,00:53,00:56,,,EARLY,ONTIME,ONTIME,,,,,,,,,00:20,00:50,,,HAN,HAN,PUS,International,VJ,,,,,,,,,,,,
,2026-04-02,____/VJ938,A546,A321,HAN-KIX,,01:20,,01:20,,01:19,01:20,01:21,,,ONTIME,ONTIME,ONTIME,,,,,,,,,00:28,01:16,,,HAN,HAN,KIX,International,VJ,,,,,,,,,,,,
,2026-04-02,____/VJ960,A647,A321,HAN-ICN,,01:40,,01:40,,01:26,01:27,01:30,,,EARLY,ONTIME,ONTIME,,,,,,,,,00:45,01:23,,,HAN,HAN,ICN,International,VJ,,,,,,,,,,,,
,2026-04-02,____/VJ920,A543,A321,HAN-NGO,,01:40,,01:40,,01:27,01:28,01:30,,,EARLY,ONTIME,ONTIME,,,,,,,,,00:40,01:25,,,HAN,HAN,NGO,International,VJ,,,,,,,,,,,,
,2026-04-02,____/VJ958,A630,A321,HAN-FUK,,02:05,,02:05,,01:50,01:51,01:53,,,EARLY,ONTIME,ONTIME,,,,,,,,,01:15,01:45,,,HAN,HAN,FUK,International,VJ,,,,,,,,,,,,
,2026-04-02,____/VJ23,A812,A330,HAN-VTE,,04:50,,04:50,,04:49,04:50,05:05,,,ONTIME,ONTIME,ONTIME,,,,,,,,,,,,FERRY FLIGHT,HAN,HAN,VTE,International,VJ,,,,,,,,,,,,
,2026-04-02,____/VJ123,A697,A321,HAN-SGN,,05:30,,05:30,,05:24,05:25,05:33,,,EARLY,ONTIME,ONTIME,,,,,,,,,04:45,05:16,,,HAN,HAN,SGN,Domestic,VJ,,,,,,,,,,,,
,2026-04-02,____/VJ121,A699,A320,HAN-SGN,,06:00,,06:00,,05:59,06:00,06:10,,,ONTIME,ONTIME,ONTIME,,,,,,,,,05:10,05:58,,,HAN,HAN,SGN,Domestic,VJ,,,,,,,,,,,,
,2026-04-02,____/VJ771,A666,A320,HAN-CXR,,06:00,,06:00,,05:54,05:55,06:02,,,EARLY,ONTIME,ONTIME,,,,,,,,,05:15,05:52,,,HAN,HAN,CXR,Domestic,VJ,,,,,,,,,,,,
,2026-04-02,VJ7239/VJ491,A676,A320,PVG-HAN-BMV,04:50,06:00,04:50,06:00,04:40,05:54,05:55,06:03,01:10,01:15,EARLY,ONTIME,ONTIME,ONTIME,,,,,,,,05:15,05:51,,,HAN,PVG,BMV,Domestic,VJ,,,,,,,,,,,,
,2026-04-02,____/VJ952,A655,A320,HAN-HIJ,,06:15,,06:15,,06:14,06:15,06:23,,,ONTIME,ONTIME,ONTIME,,,,,,,,,05:25,06:12,,,HAN,HAN,HIJ,International,VJ,,,,,,,,,,,,
,2026-04-02,____/VJ101,656E,C909,HAN-VCS,,06:45,,06:45,,06:36,06:38,06:40,,,EARLY,ONTIME,ONTIME,,,,,,,,,06:00,06:34,,,HAN,HAN,VCS,Domestic,VJ,,,,,,,,,,,,
,2026-04-02,VJ5069/VJ5069,A549,A321,NOZ-HAN-CXR,06:15,06:45,06:15,06:45,07:25,07:48,07:49,07:51,00:30,00:24,DELAY,DELAY,DELAY,DELAY,,93,01:04,,,,,,,X,TECHSTOP,HAN,NOZ,CXR,Domestic,VJ,,,,,,,,,,,,
,2026-04-02,____/VJ125,A658,A320,HAN-SGN,,07:00,,07:00,,06:54,06:55,07:02,,,EARLY,ONTIME,ONTIME,,,,,,,,,06:15,06:50,,,HAN,HAN,SGN,Domestic,VJ,,,,,,,,,,,,
,2026-04-02,____/VJ421,A636,A321,HAN-PXU,,07:10,,07:10,,07:04,07:05,07:14,,,EARLY,ONTIME,ONTIME,,,,,,,,,06:20,07:02,,,HAN,HAN,PXU,Domestic,VJ,,,,,,,,,,,,
,2026-04-02,VJ7713/VJ905,A671,A320,PKX-HAN-KUL,03:55,07:25,03:55,07:25,03:40,07:29,07:30,07:40,03:30,03:50,DELAY,ONTIME,ONTIME,ONTIME,,15A,00:05,,,,,06:40,07:25,,OFLD 3PAX+3BAG,HAN,PKX,KUL,International,VJ,,,,,,,,,,,,
,2026-04-02,____/VJ503,A644,A321,HAN-DAD,,07:30,,07:30,,07:24,07:25,07:35,,,EARLY,ONTIME,ONTIME,,,,,,,,,06:40,07:22,,,HAN,HAN,DAD,Domestic,VJ,,,,,,,,,,,,
,2026-04-02,____/VJ934,A537,A321,HAN-NRT,,07:55,,07:55,,07:49,07:50,07:59,,,EARLY,ONTIME,ONTIME,,,,,,,,,07:15,07:45,,,HAN,HAN,NRT,International,VJ,,,,,,,,,,,,
,2026-04-02,____/VJ127,A540,A321,HAN-SGN,,08:10,,08:55,,09:04,09:05,09:12,,,DELAY,ONTIME,DELAY,,,46,00:10,,,,,08:35,09:02,,,HAN,HAN,SGN,Domestic,VJ,,,,,,,,,,,,
,2026-04-02,VJ910/VJ930,A534,A321,BOM-HAN-KIX,07:10,08:20,07:10,08:20,07:15,08:19,08:20,08:22,01:10,01:05,ONTIME,ONTIME,ONTIME,ONTIME,,,,,,,,07:40,08:15,,,HAN,BOM,KIX,International,VJ,,,,,,,,,,,,
,2026-04-02,____/VJ129,A542,A321,HAN-SGN,,08:45,,08:45,,08:44,08:45,08:55,,,ONTIME,ONTIME,ONTIME,,,,,,,,,08:08,08:42,,,HAN,HAN,SGN,Domestic,VJ,,,,,,,,,,,,
,2026-04-02,____/VJ447,A662,A320,HAN-PQC,,08:45,,08:45,,08:43,08:45,08:48,,,ONTIME,ONTIME,ONTIME,,,,,,,,,08:00,08:41,,,HAN,HAN,PQC,Domestic,VJ,,,,,,,,,,,,
,2026-04-02,VJ124/VJ929,A578,A321,SGN-HAN-CGK,08:15,09:15,08:15,09:15,08:05,09:14,09:15,09:20,01:00,01:10,ONTIME,ONTIME,ONTIME,ONTIME,,,,,,,,08:30,09:02,,,HAN,SGN,CGK,International,VJ,,,,,,,,,,,,
,2026-04-02,____/VJ563,A635,A321,HAN-HUI,,09:20,,09:20,,09:19,09:20,09:29,,,ONTIME,ONTIME,ONTIME,,,,,,,,,08:35,09:15,,,HAN,HAN,HUI,Domestic,VJ,,,,,,,,,,,,
,2026-04-02,____/VJ915,A526,A321,HAN-SIN,,09:35,,09:35,,09:33,09:35,09:36,,,ONTIME,ONTIME,ONTIME,,,,,,,,,08:52,09:29,,,HAN,HAN,SIN,International,VJ,,,,,,,,,,,,
,2026-04-02,____/VJ1781,A810,A330,HAN-CXR,,09:45,,09:45,,09:43,09:45,09:50,,,ONTIME,ONTIME,ONTIME,,,,,,,,,09:00,09:38,,,HAN,HAN,CXR,Domestic,VJ,,,,,,,,,,,,
,2026-04-02,VJ963/VJ997,A528,A321,ICN-HAN-DPS,08:55,10:05,08:55,10:05,09:00,09:58,10:00,10:05,01:10,01:00,EARLY,ONTIME,ONTIME,ONTIME,,,,,,,,09:18,09:57,,,HAN,ICN,DPS,International,VJ,,,,,,,,,,,,
,2026-04-02,____/VJ131,A532,A321,HAN-SGN,,10:10,,10:10,,10:24,10:25,10:49,,,DELAY,ONTIME,DELAY,,,95,00:15,,,,,10:00,10:22,,wait crew vj126 ob1005,HAN,HAN,SGN,Domestic,VJ,,,,,,,,,,,,
,2026-04-02,VJ126/VJ463,A683,A321,SGN-HAN-VCA,09:40,10:20,09:40,10:20,09:47,10:26,10:27,10:30,00:40,00:40,DELAY,ONTIME,ONTIME,ONTIME,,66,00:07,,,,,09:53,10:15,,crew ob 0957,HAN,SGN,VCA,Domestic,VJ,,,,,,,,,,,,
,2026-04-02,VJ492/VJ1427,A676,A320,BMV-HAN-PXU,10:00,10:30,10:00,10:30,10:00,10:24,10:25,10:30,00:30,00:25,EARLY,ONTIME,ONTIME,ONTIME,,,,,,,,09:55,10:23,,,HAN,BMV,PXU,Domestic,VJ,,,,,,,,,,,,
,2026-04-02,____/VJ901,A657,A321,HAN-BKK,,11:10,,11:10,,10:54,10:55,11:05,,,EARLY,ONTIME,ONTIME,,,,,,,,,10:20,10:48,,,HAN,HAN,BKK,International,VJ,,,,,,,,,,,,
,2026-04-02,VJ524/VJ507,A644,A321,DAD-HAN-DAD,10:40,11:10,10:55,11:30,11:00,11:34,11:35,11:44,00:35,00:35,DELAY,ONTIME,DELAY,DELAY,,66,00:05,,,,,10:55,11:30,,change crew ob1110,HAN,DAD,DAD,Domestic,VJ,,,,,,,,,,,,
,2026-04-02,VJ130/VJ133,A523,A321,SGN-HAN-SGN,10:50,11:20,10:50,11:20,10:55,11:24,11:25,11:34,00:30,00:30,DELAY,ONTIME,ONTIME,ONTIME,,93,00:05,,,,,10:55,11:24,,,HAN,SGN,SGN,Domestic,VJ,,,,,,,,,,,,
,2026-04-02,VJ422/VJ451,A636,A321,PXU-HAN-PQC,10:50,11:45,10:50,11:45,11:05,11:40,11:42,11:48,00:55,00:37,EARLY,ONTIME,ONTIME,ONTIME,,,,,,,,11:05,11:37,,,HAN,PXU,PQC,Domestic,VJ,,,,,,,,,,,,
,2026-04-02,VJ981/VJ515,A548,A321,PUS-HAN-DAD,10:40,12:10,10:40,12:10,10:45,12:09,12:10,12:14,01:30,01:25,ONTIME,ONTIME,ONTIME,ONTIME,,,,,,,,11:20,12:08,,,HAN,PUS,DAD,Domestic,VJ,,,,,,,,,,,,
,2026-04-02,VJ128/VJ137,A658,A320,SGN-HAN-SGN,11:50,12:20,11:50,12:50,12:30,12:54,12:55,13:00,01:00,00:25,DELAY,ONTIME,DELAY,DELAY,,93,00:05,,,,,12:30,12:52,,CHANGE CREW OB 1235,HAN,SGN,SGN,Domestic,VJ,,,,,,,,,,,,
,2026-04-02,VJ7705/VJ7705,A553,A321,VVO-HAN-CXR,12:20,12:50,12:20,12:50,13:50,14:19,14:20,14:28,00:30,00:30,DELAY,DELAY,DELAY,DELAY,,93,01:30,,,,,,,X,TECHSTOP,HAN,VVO,CXR,Domestic,VJ,,,,,,,,,,,,
,2026-04-02,VJ1442/VJ787,a817,a330,PQC-HAN-CXR,12:20,13:10,12:05,13:45,12:55,13:36,13:38,13:42,01:40,00:43,EARLY,ONTIME,DELAY,DELAY,,,,,,,,12:55,13:28,,,HAN,PQC,CXR,Domestic,VJ,,,,,,,,,,,,
,2026-04-02,VJ959/VJ948,A630,A321,FUK-HAN-RMQ,11:25,13:30,11:25,13:30,11:30,13:26,13:27,13:29,02:05,01:57,EARLY,ONTIME,ONTIME,ONTIME,,,,,,,,12:40,13:20,,,HAN,FUK,RMQ,International,VJ,,,,,,,,,,,,
,2026-04-02,VJ921/VJ441,A543,A321,NGO-HAN-PQC,12:50,14:00,12:50,14:00,12:55,13:56,13:57,13:59,01:10,01:02,EARLY,ONTIME,ONTIME,ONTIME,,,,,,,,13:15,13:52,,,HAN,NGO,PQC,Domestic,VJ,,,,,,,,,,,,
,2026-04-02,VJ939/VJ525,A546,A321,KIX-HAN-DAD,12:20,14:05,12:20,14:05,13:00,14:09,14:10,14:15,01:45,01:10,DELAY,ONTIME,ONTIME,DELAY,,15A,00:05,,,,,13:15,14:00,,OFFLOAD 04PAX&03BAG,HAN,KIX,DAD,Domestic,VJ,,,,,,,,,,,,
,2026-04-02,VJ933/VJ143,A547,A321,NRT-HAN-SGN,13:05,14:05,13:05,14:30,13:32,14:24,14:25,14:30,01:25,00:53,EARLY,ONTIME,DELAY,DELAY,,,,,,,,13:57,14:20,,,HAN,NRT,SGN,Domestic,VJ,,,,,,,,,,,,
,2026-04-02,VJ134/VJ942,A544,A321,SGN-HAN-TPE,13:30,14:25,14:00,15:00,14:05,14:59,15:00,15:10,01:00,00:55,ONTIME,ONTIME,DELAY,DELAY,,,,,,,,14:22,14:57,,,HAN,SGN,TPE,International,VJ,,,,,,,,,,,,
,2026-04-02,VJ961/VJ946,A647,A321,ICN-HAN-KHH,13:35,14:35,13:35,14:35,13:45,14:24,14:25,14:30,01:00,00:40,EARLY,ONTIME,ONTIME,ONTIME,,,,,,,,13:55,14:22,,,HAN,ICN,KHH,International,VJ,,,,,,,,,,,,
,2026-04-02,VJ1504/VJ1505,A639,A321,DAD-HAN-DAD,14:00,14:35,14:00,15:05,14:50,15:19,15:20,15:28,01:05,00:30,DELAY,ONTIME,DELAY,DELAY,,93,00:15,,,,,14:50,15:18,,,HAN,DAD,DAD,Domestic,VJ,,,,,,,,,,,,
,2026-04-02,VJ510/VJ511,A645,A321,DAD-HAN-DAD,14:35,15:05,14:35,15:05,14:40,15:09,15:10,15:16,00:30,00:30,DELAY,ONTIME,ONTIME,ONTIME,,93,00:05,,,,,14:40,15:08,,,HAN,DAD,DAD,Domestic,VJ,,,,,,,,,,,,
,2026-04-02,VJ440/VJ439,A662,A320,PQC-HAN-UIH,13:30,15:40,13:30,16:30,14:55,16:44,16:45,16:49,03:00,01:50,DELAY,ONTIME,DELAY,DELAY,,95,00:15,,,,,16:08,16:42,,CREW VJ464 OB 1624,HAN,PQC,UIH,Domestic,VJ,,,,,,,,,,,,
,2026-04-02,VJ564/VJ147,A635,A321,HUI-HAN-SGN,12:45,15:45,12:45,15:45,12:45,15:59,16:00,16:02,03:00,03:15,DELAY,ONTIME,DELAY,ONTIME,,95,00:15,,,,,15:25,15:57,,CREW VJ138 OB 1530,HAN,HUI,SGN,Domestic,VJ,,,,,,,,,,,,
,2026-04-02,VJ138/VJ567,A544,A321,SGN-HAN-HUI,15:10,15:55,15:10,15:55,15:10,15:54,15:55,16:01,00:45,00:45,ONTIME,ONTIME,ONTIME,ONTIME,,,,,,,,15:15,15:52,,,HAN,SGN,HUI,Domestic,VJ,,,,,,,,,,,,
,2026-04-02,VJ508/VJ773,A548,A321,DAD-HAN-CXR,15:25,16:00,15:25,16:00,15:40,16:04,16:05,16:08,00:35,00:25,DELAY,ONTIME,ONTIME,ONTIME,,93,00:05,,,,,15:30,16:02,,,HAN,DAD,CXR,Domestic,VJ,,,,,,,,,,,,
,2026-04-02,VJ906/VJ913,A671,A320,KUL-HAN-SAI,14:40,16:20,14:40,16:20,15:00,16:09,16:10,16:14,01:40,01:10,EARLY,ONTIME,ONTIME,DELAY,,,,,,,,15:30,16:05,,,HAN,KUL,SAI,International,VJ,,,,,,,,,,,,
,2026-04-02,VJ902/VJ151,A657,A321,BKK-HAN-SGN,15:50,17:05,15:50,17:05,16:00,17:09,17:10,17:15,01:15,01:10,DELAY,ONTIME,ONTIME,ONTIME,,95,00:05,,,,,16:40,17:08,,WAIT CREW FR VJ140 OB 1648,HAN,BKK,SGN,Domestic,VJ,,,,,,,,,,,,
,2026-04-02,VJ464/VJ495,A683,A321,VCA-HAN-BMV,15:10,17:30,15:10,17:30,15:55,17:28,17:30,17:32,02:20,01:35,ONTIME,ONTIME,ONTIME,DELAY,,,,,,,,16:50,17:25,,,HAN,VCA,BMV,Domestic,VJ,,,,,,,,,,,,
,2026-04-02,VJ454/VJ517,A661,A321,PQC-HAN-DAD,16:45,17:45,16:45,17:45,17:05,17:44,17:45,17:49,01:00,00:40,ONTIME,ONTIME,ONTIME,DELAY,,,,,,,,17:08,17:42,,,HAN,PQC,DAD,Domestic,VJ,,,,,,,,,,,,
,2026-04-02,VJ528/VJ1153,A546,A321,DAD-HAN-SGN,17:25,18:05,17:25,18:05,17:45,18:14,18:15,18:20,00:40,00:30,DELAY,ONTIME,ONTIME,DELAY,,93,00:10,,,,,17:40,18:12,,,HAN,DAD,SGN,Domestic,VJ,,,,,,,,,,,,
,2026-04-02,VJ512/VJ521,A645,A321,DAD-HAN-DAD,18:15,18:45,18:15,18:45,18:45,19:14,19:15,19:15,00:30,00:30,DELAY,DELAY,DELAY,DELAY,,93,00:30,,,,,18:45,19:13,,,HAN,DAD,DAD,Domestic,VJ,,,,,,,,,,,,
,2026-04-02,VJ144/VJ1127,A689,A320,SGN-HAN-SGN,18:05,19:20,18:05,19:20,18:05,19:11,19:12,19:15,01:15,01:07,EARLY,ONTIME,ONTIME,ONTIME,,,,,,,,18:38,19:08,,,HAN,SGN,SGN,Domestic,VJ,,,,,,,,,,,,
,2026-04-02,VJ928/VJ971,A550,A321,CGK-HAN-DEL,18:50,19:40,18:50,19:40,19:00,19:44,19:45,19:55,00:50,00:45,DELAY,ONTIME,ONTIME,ONTIME,,66,00:05,,,,,19:15,19:42,,CREW HN OB 1915,HAN,CGK,DEL,International,VJ,,,,,,,,,,,,
,2026-04-02,VJ442/VJ523,A543,A321,PQC-HAN-DAD,18:45,19:40,18:45,19:40,18:55,19:34,19:35,19:40,00:55,00:40,EARLY,ONTIME,ONTIME,ONTIME,,,,,,,,18:55,19:31,,,HAN,PQC,DAD,Domestic,VJ,,,,,,,,,,,,
,2026-04-02,VJ916/VJ1925,A526,A321,SIN-HAN-AMD,17:25,19:45,17:25,19:45,17:10,19:44,19:45,19:47,02:20,02:35,ONTIME,ONTIME,ONTIME,ONTIME,,,,,,,,19:00,19:42,,,HAN,SIN,AMD,International,VJ,,,,,,,,,,,,
,2026-04-02,VJ140/VJ7712,A675,A320,HIJ-HAN-PKX,16:20,19:55,16:20,19:55,16:30,20:13,20:15,20:18,03:35,03:45,DELAY,DELAY,DELAY,ONTIME,,61,00:20,,,,,19:30,20:11,,1925 CHANGE FP (VN-A655 -> VN-A675),HAN,HIJ,PKX,International,VJ,,,,,,,,,,,,
,2026-04-02,VJ152/VJ159,A632,A321,SGN-HAN-SGN,19:20,20:10,19:20,20:10,19:40,20:09,20:10,20:17,00:50,00:30,ONTIME,ONTIME,ONTIME,DELAY,,,,,,,,19:30,20:06,,,HAN,SGN,SGN,Domestic,VJ,,,,,,,,,,,,
,2026-04-02,VJ931/VJ7238,A534,A321,KIX-HAN-PVG,18:55,21:15,18:55,21:15,19:00,21:14,21:15,21:23,02:20,02:15,ONTIME,ONTIME,ONTIME,ONTIME,,,,,,,,20:30,21:12,,,HAN,KIX,PVG,International,VJ,,,,,,,,,,,,
,2026-04-02,VJ949/VJ163,A630,A321,RMQ-HAN-SGN,19:50,21:40,19:50,22:15,20:20,22:34,22:35,22:40,02:25,02:15,DELAY,DELAY,DELAY,DELAY,,95,00:20,,,,,22:00,22:32,,CREW FR VJ154 OB 2220,HAN,RMQ,SGN,Domestic,VJ,,,,,,,,,,,,
,2026-04-02,VJ520/VJ7526,A644,A321,DAD-HAN-CAN,20:55,22:30,20:55,22:30,21:00,22:29,22:30,22:37,01:35,01:30,ONTIME,ONTIME,ONTIME,ONTIME,,,,,,,,21:40,22:25,,,HAN,DAD,CAN,International,VJ,,,,,,,,,,,,
,2026-04-02,VJ935/VJ962,A537,A321,NRT-HAN-ICN,20:05,23:15,20:05,23:15,20:45,23:13,23:15,23:16,03:10,02:30,ONTIME,ONTIME,ONTIME,DELAY,,,,,,,,22:20,23:10,,,HAN,NRT,ICN,International,VJ,,,,,,,,,,,,
,2026-04-03,____/VJ932,A548,A321,HAN-NRT,,00:30,,00:30,,00:29,00:30,00:36,,,ONTIME,ONTIME,ONTIME,,,,,,,,,23:40,00:27,,,HAN,HAN,NRT,International,VJ,,,,,,,,,,,,
,2026-04-03,____/VJ982,A546,A321,HAN-PUS,,01:05,,01:05,,01:02,01:03,01:07,,,EARLY,ONTIME,ONTIME,,,,,,,,,00:15,01:00,,,HAN,HAN,PUS,International,VJ,,,,,,,,,,,,
,2026-04-03,VJ7614/VJ7614,A553,A321,CXR-HAN-BQS,00:45,01:15,00:45,01:15,00:50,01:14,01:15,01:25,00:30,00:25,ONTIME,ONTIME,ONTIME,ONTIME,,,,,,,,,,X,TECHSTOP,HAN,CXR,BQS,International,VJ,,,,,,,,,,,,
,2026-04-03,____/VJ938,A543,A321,HAN-KIX,,01:20,,01:20,,01:19,01:20,01:23,,,ONTIME,ONTIME,ONTIME,,,,,,,,,00:28,01:17,,,HAN,HAN,KIX,International,VJ,,,,,,,,,,,,
,2026-04-03,____/VJ960,A647,A321,HAN-ICN,,01:40,,01:40,,01:33,01:35,01:35,,,EARLY,ONTIME,ONTIME,,,,,,,,,00:55,01:31,,,HAN,HAN,ICN,International,VJ,,,,,,,,,,,,
,2026-04-03,____/VJ920,A528,A321,HAN-NGO,,01:40,,01:40,,01:39,01:40,01:44,,,ONTIME,ONTIME,ONTIME,,,,,,,,,00:50,01:36,,,HAN,HAN,NGO,International,VJ,,,,,,,,,,,,
,2026-04-03,____/VJ958,A661,A321,HAN-FUK,,02:05,,02:05,,02:02,02:03,02:05,,,EARLY,ONTIME,ONTIME,,,,,,,,,01:10,02:00,,,HAN,HAN,FUK,International,VJ,,,,,,,,,,,,
,2026-04-03,____/VJ123,A649,A321,HAN-SGN,,05:30,,05:30,,05:29,05:30,05:45,,,ONTIME,ONTIME,ONTIME,,,,,,,,,04:40,05:27,,,HAN,HAN,SGN,Domestic,VJ,,,,,,,,,,,,
,2026-04-03,____/VJ771,A667,A321,HAN-CXR,,05:45,,05:45,,05:44,05:45,05:55,,,ONTIME,ONTIME,ONTIME,,,,,,,,,04:56,05:42,,,HAN,HAN,CXR,Domestic,VJ,,,,,,,,,,,,
,2026-04-03,____/VJ121,A666,A320,HAN-SGN,,06:00,,06:00,,05:54,05:55,06:00,,,EARLY,ONTIME,ONTIME,,,,,,,,,05:15,05:53,,,HAN,HAN,SGN,Domestic,VJ,,,,,,,,,,,,
,2026-04-03,____/VJ491,A671,A320,HAN-BMV,,06:00,,06:00,,05:54,05:55,05:58,,,EARLY,ONTIME,ONTIME,,,,,,,,,05:14,05:53,,,HAN,HAN,BMV,Domestic,VJ,,,,,,,,,,,,
,2026-04-03,____/VJ431,A639,A321,HAN-UIH,,06:05,,06:05,,05:59,06:00,06:05,,,EARLY,ONTIME,ONTIME,,,,,,,,,05:20,05:58,,,HAN,HAN,UIH,Domestic,VJ,,,,,,,,,,,,
,2026-04-03,____/VJ449,A662,A320,HAN-PQC,,06:30,,06:30,,06:24,06:25,06:32,,,EARLY,ONTIME,ONTIME,,,,,,,,,05:45,06:22,,,HAN,HAN,PQC,Domestic,VJ,,,,,,,,,,,,
,2026-04-03,____/VJ101,656E,C909,HAN-VCS,,06:45,,06:45,,06:39,06:40,06:45,,,EARLY,ONTIME,ONTIME,,,,,,,,,06:10,06:39,,,HAN,HAN,VCS,Domestic,VJ,,,,,,,,,,,,
,2026-04-03,____/VJ125,A810,A330,HAN-SGN,,07:00,,07:00,,06:53,06:54,06:56,,,EARLY,ONTIME,ONTIME,,,,,,,,,06:10,06:52,,,HAN,HAN,SGN,Domestic,VJ,,,,,,,,,,,,
,2026-04-03,VJ7527/VJ503,A644,A321,CAN-HAN-DAD,03:05,07:30,03:05,07:30,03:30,07:24,07:25,07:34,04:25,03:55,EARLY,ONTIME,ONTIME,DELAY,,,,,,,,06:40,07:22,,,HAN,CAN,DAD,Domestic,VJ,,,,,,,,,,,,
,2026-04-03,____/VJ934,A580,A321,HAN-NRT,,07:55,,07:55,,07:49,07:50,08:00,,,EARLY,ONTIME,ONTIME,,,,,,,,,06:00,07:52,,,HAN,HAN,NRT,International,VJ,,,,,,,,,,,,
,2026-04-03,VJ7239/VJ930,A534,A321,PVG-HAN-KIX,04:50,07:55,04:50,07:55,05:10,07:49,07:50,08:00,03:05,02:40,EARLY,ONTIME,ONTIME,DELAY,,,,,,,,07:05,07:47,,,HAN,PVG,KIX,International,VJ,,,,,,,,,,,,
,2026-04-03,______/VJ127,A532,A321,HAN-SGN,,08:10,,08:10,,08:09,08:10,08:18,,,ONTIME,ONTIME,ONTIME,,,,,,,,,07:12,08:08,,,HAN,HAN,SGN,Domestic,,,,,,,,,,,,,
,2026-04-03,VJ1926/VJ929,A526,A321,AMD-HAN-CGK,05:55,08:40,05:55,08:40,06:35,08:37,08:38,08:41,02:45,02:03,EARLY,ONTIME,ONTIME,DELAY,,,,,,,,07:55,08:27,,,HAN,AMD,CGK,International,VJ,,,,,,,,,,,,
,2026-04-03,____/VJ447,A699,A320,HAN-PQC,,08:45,,08:45,,08:39,08:40,08:50,,,EARLY,ONTIME,ONTIME,,,,,,,,,08:00,08:35,,,HAN,HAN,PQC,Domestic,VJ,,,,,,,,,,,,
,2026-04-03,____/VJ129,A544,A321,HAN-SGN,,09:00,,09:00,,08:57,08:58,09:00,,,EARLY,ONTIME,ONTIME,,,,,,,,,08:23,08:56,,,HAN,HAN,SGN,Domestic,VJ,,,,,,,,,,,,
,2026-04-03,VJ124/VJ563,A684,A321,SGN-HAN-HUI,08:10,09:20,08:10,09:20,08:15,09:13,09:15,09:18,01:10,01:00,EARLY,ONTIME,ONTIME,ONTIME,,,,,,,,08:31,09:10,,,HAN,SGN,HUI,Domestic,VJ,,,,,,,,,,,,
,2026-04-03,____/VJ915,A683,A321,HAN-SIN,,09:35,,09:35,,09:24,09:25,09:25,,,EARLY,ONTIME,ONTIME,,,,,,,,,08:45,09:20,,,HAN,HAN,SIN,International,VJ,,,,,,,,,,,,
,2026-04-03,____/VJ997,A547,A321,HAN-DPS,,10:05,,10:05,,09:58,10:00,10:01,,,EARLY,ONTIME,ONTIME,,,,,,,,,09:15,09:55,,,HAN,HAN,DPS,International,VJ,,,,,,,,,,,,
,2026-04-03,VJ126/VJ131,A674,A321,SGN-HAN-SGN,09:40,10:10,09:40,10:10,09:45,10:14,10:15,10:25,00:30,00:30,DELAY,ONTIME,ONTIME,ONTIME,,93,00:05,,,,,09:40,10:10,,,HAN,SGN,SGN,Domestic,VJ,,,,,,,,,,,,
,2026-04-03,VJ430/VJ463,A639,A321,UIH-HAN-VCA,09:50,10:20,09:50,10:20,10:00,10:29,10:30,10:45,00:30,00:30,DELAY,ONTIME,DELAY,ONTIME,,93,00:10,,,,,09:50,10:27,,,HAN,UIH,VCA,Domestic,VJ,,,,,,,,,,,,
,2026-04-03,VJ492/VJ1427,A671,A320,BMV-HAN-PXU,10:00,10:30,10:00,10:30,10:10,10:34,10:35,10:37,00:30,00:25,DELAY,ONTIME,ONTIME,ONTIME,,93,00:05,,,,,09:58,10:30,,,HAN,BMV,PXU,Domestic,VJ,,,,,,,,,,,,
,2026-04-03,VJ770/VJ901,A667,A321,CXR-HAN-BKK,09:55,11:10,09:55,11:10,10:35,11:19,11:20,11:23,01:15,00:45,DELAY,ONTIME,ONTIME,DELAY,,66,00:10,,,,,10:50,11:12,,CREW OB 1052,HAN,CXR,BKK,International,VJ,,,,,,,,,,,,
,2026-04-03,VJ524/VJ507,A644,A321,DAD-HAN-DAD,10:40,11:10,10:40,11:10,10:50,11:19,11:20,11:48,00:30,00:30,DELAY,ONTIME,DELAY,ONTIME,,93,00:10,,,,,10:50,11:18,,,HAN,DAD,DAD,Domestic,VJ,,,,,,,,,,,,
,2026-04-03,VJ130/VJ133,A523,A321,SGN-HAN-SGN,10:50,11:20,10:50,11:20,11:15,11:44,11:45,12:08,00:30,00:30,DELAY,DELAY,DELAY,DELAY,,93,00:25,,,,,11:15,11:43,,,HAN,SGN,SGN,Domestic,VJ,,,,,,,,,,,,
,2026-04-03,____/VJ451,A550,A321,HAN-PQC,,11:45,,11:45,,11:44,11:45,11:47,,,ONTIME,ONTIME,ONTIME,,,,,,,,,10:50,11:42,,,HAN,HAN,PQC,Domestic,VJ,,,,,,,,,,,,
,2026-04-03,VJ981/VJ515,A546,A321,PUS-HAN-DAD,10:40,12:10,10:40,12:10,10:40,12:14,12:15,12:25,01:30,01:35,DELAY,ONTIME,ONTIME,ONTIME,,15A,00:05,,,,,11:30,12:05,,OFFLOAD 05PAX+03BAG,HAN,PUS,DAD,Domestic,VJ,,,,,,,,,,,,
,2026-04-03,VJ450/VJ137,A662,A320,PQC-HAN-SGN,11:15,12:20,11:15,12:20,11:25,12:15,12:16,12:23,01:05,00:51,EARLY,ONTIME,ONTIME,ONTIME,,,,,,,,11:30,12:12,,,HAN,PQC,SGN,Domestic,VJ,,,,,,,,,,,,
,2026-04-03,VJ939/VJ453,A543,A321,KIX-HAN-PQC,12:20,13:00,12:20,13:00,12:35,13:04,13:05,13:12,00:40,00:30,DELAY,ONTIME,ONTIME,ONTIME,,93,00:05,,,,,12:38,13:02,,,HAN,KIX,PQC,Domestic,VJ,,,,,,,,,,,,
,2026-04-03,VJ564/VJ787,A684,A321,HUI-HAN-CXR,12:20,13:10,12:20,13:10,12:20,13:07,13:08,13:15,00:50,00:48,EARLY,ONTIME,ONTIME,ONTIME,,,,,,,,12:30,13:01,,,HAN,HUI,CXR,Domestic,VJ,,,,,,,,,,,,
,2026-04-03,VJ959/VJ948,A661,A321,FUK-HAN-RMQ,11:25,13:30,11:25,13:30,11:56,13:29,13:30,13:38,02:05,01:34,ONTIME,ONTIME,ONTIME,DELAY,,,,,,,,12:45,13:22,,,HAN,FUK,RMQ,International,VJ,,,,,,,,,,,,
,2026-04-03,VJ134/VJ441,A675,A320,SGN-HAN-PQC,13:30,14:00,13:30,14:00,13:45,14:09,14:10,14:15,00:30,00:25,DELAY,ONTIME,ONTIME,ONTIME,,93,00:10,,,,,13:45,14:08,,,HAN,SGN,PQC,Domestic,VJ,,,,,,,,,,,,
,2026-04-03,VJ128/VJ525,A658,A320,SGN-HAN-DAD,11:50,14:05,11:50,14:05,12:00,14:02,14:04,14:09,02:15,02:04,EARLY,ONTIME,ONTIME,ONTIME,,,,,,,,13:15,14:00,,,HAN,SGN,DAD,Domestic,VJ,,,,,,,,,,,,
,2026-04-03,VJ921/VJ143,A528,A321,NGO-HAN-SGN,12:50,14:05,12:50,14:05,13:05,14:04,14:05,14:08,01:15,01:00,ONTIME,ONTIME,ONTIME,ONTIME,,,,,,,,13:15,13:45,,,HAN,NGO,SGN,Domestic,VJ,,,,,,,,,,,,
,2026-04-03,VJ7615/VJ7615,A553,A321,BQS-HAN-CXR,13:45,14:15,13:45,14:15,14:30,14:46,14:47,14:55,00:30,00:17,DELAY,DELAY,DELAY,DELAY,,93,00:32,,,,,,,X,TECHSTOP,HAN,BQS,CXR,Domestic,VJ,,,,,,,,,,,,
,2026-04-03,VJ933/VJ942,A548,A321,NRT-HAN-TPE,13:05,14:25,13:05,14:25,14:00,14:44,14:45,14:47,01:20,00:45,DELAY,DELAY,DELAY,DELAY,,93,00:05,66,00:15,,,14:15,14:40,,CHANGE CREW OB 1415,HAN,NRT,TPE,International,VJ,,,,,,,,,,,,
,2026-04-03,VJ961/VJ946,A647,A321,ICN-HAN-KHH,13:35,14:35,13:35,14:35,14:05,14:49,14:50,15:00,01:00,00:45,DELAY,ONTIME,DELAY,DELAY,,66,00:15,,,,,14:25,14:45,,CREW OB 1425,HAN,ICN,KHH,International,VJ,,,,,,,,,,,,
,2026-04-03,VJ1504/VJ1505,A554,A321,DAD-HAN-DAD,14:00,14:35,15:00,15:35,15:10,15:39,15:40,15:50,00:35,00:30,DELAY,ONTIME,DELAY,DELAY,,93,00:05,,,,,15:05,15:37,,,HAN,DAD,DAD,Domestic,VJ,,,,,,,,,,,,
,2026-04-03,VJ510/VJ511,A644,A321,DAD-HAN-DAD,14:35,15:05,15:05,15:45,15:25,15:58,16:00,16:06,00:40,00:35,DELAY,ONTIME,DELAY,DELAY,,93,00:10,66,00:05,,,15:27,15:55,,CHANGE CREW OB 1535,HAN,DAD,DAD,Domestic,VJ,,,,,,,,,,,,
,2026-04-03,VJ1428/VJ439,A671,A320,PXU-HAN-UIH,14:15,15:40,14:15,15:40,14:18,15:38,15:40,15:46,01:25,01:22,ONTIME,ONTIME,ONTIME,ONTIME,,,,,,,,14:50,15:35,,,HAN,PXU,UIH,Domestic,VJ,,,,,,,,,,,,
,2026-04-03,VJ138/VJ147,A656,A320,SGN-HAN-SGN,15:15,15:45,15:15,15:45,15:30,15:49,15:50,16:00,00:30,00:20,DELAY,ONTIME,ONTIME,ONTIME,,93,00:05,,,,,15:25,15:47,,,HAN,SGN,SGN,Domestic,VJ,,,,,,,,,,,,
,2026-04-03,VJ464/VJ567,A639,A321,VCA-HAN-HUI,15:10,15:55,15:10,16:25,15:55,16:24,16:25,16:40,01:15,00:30,ONTIME,ONTIME,DELAY,DELAY,,,,,,,,15:55,16:22,,,HAN,VCA,HUI,Domestic,VJ,,,,,,,,,,,,
,2026-04-03,VJ508/VJ773,A546,A321,DAD-HAN-CXR,15:25,16:00,15:25,16:30,16:00,16:29,16:30,16:45,01:05,00:30,ONTIME,ONTIME,DELAY,DELAY,,,,,,,,15:55,16:15,,,HAN,DAD,CXR,Domestic,VJ,,,,,,,,,,,,
,2026-04-03,VJ440/VJ913,A699,A320,PQC-HAN-SAI,13:30,16:20,13:30,16:20,14:30,16:16,16:17,16:35,02:50,01:47,EARLY,ONTIME,ONTIME,DELAY,,,,,,,,15:30,16:08,,,HAN,PQC,SAI,International,VJ,,,,,,,,,,,,
,2026-04-03,VJ136/VJ1513,A666,A320,SGN-HAN-DAD,14:10,16:35,14:10,16:35,15:05,16:34,16:35,16:45,02:25,01:30,ONTIME,ONTIME,ONTIME,DELAY,,,,,,,,15:45,16:33,,,HAN,SGN,DAD,Domestic,VJ,,,,,,,,,,,,
,2026-04-03,VJ902/VJ151,A537,A321,BKK-HAN-SGN,15:50,17:05,15:50,17:05,15:55,17:04,17:05,17:09,01:15,01:10,ONTIME,ONTIME,ONTIME,ONTIME,,,,,,,,16:25,17:01,,,HAN,BKK,SGN,Domestic,VJ,,,,,,,,,,,,
,2026-04-03,VJ446/VJ495,A643,A321,PQC-HAN-BMV,16:05,17:30,16:05,17:30,16:40,17:29,17:30,17:36,01:25,00:50,ONTIME,ONTIME,ONTIME,DELAY,,,,,,,,16:40,17:27,,,HAN,PQC,BMV,Domestic,VJ,,,,,,,,,,,,
,2026-04-03,VJ916/VJ517,A683,A321,SIN-HAN-DAD,17:15,17:45,17:25,17:45,16:55,17:44,17:45,17:55,00:20,00:50,ONTIME,ONTIME,ONTIME,ONTIME,,,,,,,,17:05,17:42,,,HAN,SIN,DAD,Domestic,VJ,,,,,,,,,,,,
,2026-04-03,VJ528/VJ1153,A658,A320,DAD-HAN-SGN,17:25,18:05,17:25,18:05,17:25,18:02,18:03,18:04,00:40,00:38,EARLY,ONTIME,ONTIME,ONTIME,,,,,,,,17:25,17:56,,,HAN,DAD,SGN,Domestic,VJ,,,,,,,,,,,,
,2026-04-03,VJ512/VJ521,A644,A321,DAD-HAN-DAD,18:15,18:45,19:55,20:30,20:05,20:34,20:35,20:36,00:35,00:30,DELAY,ONTIME,DELAY,DELAY,,93,00:05,,,,,20:05,20:32,,,HAN,DAD,DAD,Domestic,VJ,,,,,,,,,,,,
,2026-04-03,VJ456/VJ1561,A667,A321,PQC-HAN-HUI,17:45,19:15,17:45,19:15,18:15,19:14,19:15,19:17,01:30,01:00,ONTIME,ONTIME,ONTIME,DELAY,,,,,,,,18:20,19:08,,,HAN,PQC,HUI,Domestic,VJ,,,,,,,,,,,,
,2026-04-03,VJ442/VJ1127,A532,A321,PQC-HAN-SGN,18:05,19:20,18:05,19:20,19:05,19:29,19:30,19:35,01:15,00:25,DELAY,ONTIME,ONTIME,DELAY,,,,,,,,19:05,19:27,,,HAN,PQC,SGN,Domestic,VJ,,,,,,,,,,,,
,2026-04-03,VJ140/VJ523,A575,A321,SGN-HAN-DAD,18:55,19:40,16:20,19:40,16:25,19:44,19:45,19:55,03:20,03:20,DELAY,ONTIME,ONTIME,ONTIME,,95,00:05,,,,,19:10,19:43,,CREW FROM VJ442 OB 1920,HAN,SGN,DAD,Domestic,VJ,,,,,,,,,,,,
,2026-04-03,VJ144/VJ7712,A662,A320,SGN-HAN-PKX,18:45,19:55,18:05,19:55,18:25,19:44,19:45,19:46,01:50,01:20,EARLY,ONTIME,ONTIME,ONTIME,,,,,,,,19:15,19:42,,,HAN,SGN,PKX,International,VJ,,,,,,,,,,,,
,2026-04-03,VJ931/VJ907,A534,A321,KIX-HAN-BOM,18:30,20:05,18:30,20:05,18:40,20:04,20:05,20:14,01:35,01:25,ONTIME,ONTIME,ONTIME,ONTIME,,,,,,,,19:27,20:02,,,HAN,KIX,BOM,International,VJ,,,,,,,,,,,,
,2026-04-03,VJ454/VJ457,A539,A321,PQC-HAN-PQC,16:45,20:05,16:45,20:05,16:45,20:04,20:05,20:14,03:20,03:20,ONTIME,ONTIME,ONTIME,ONTIME,,,,,,,,19:10,20:00,,,HAN,PQC,PQC,Domestic,VJ,,,,,,,,,,,,
,2026-04-03,VJ774/VJ7815,A684,A321,CXR-HAN-MNL,17:25,20:10,17:15,20:10,17:50,20:02,20:03,20:05,02:55,02:13,EARLY,ONTIME,ONTIME,DELAY,,,,,,,,19:25,19:55,,,HAN,CXR,MNL,International,VJ,,,,,,,,,,,,
,2026-04-03,VJ152/VJ159,A528,A321,SGN-HAN-SGN,19:20,20:10,19:20,20:10,19:30,20:34,20:35,20:42,00:50,01:05,DELAY,DELAY,DELAY,ONTIME,,99,00:25,,,,,19:50,20:34,,WAIT FOR CIP A,HAN,SGN,SGN,Domestic,VJ,,,,,,,,,,,,
,2026-04-03,VJ438/VJ7238,A671,A320,UIH-HAN-PVG,19:25,21:15,19:25,21:15,19:30,21:14,21:15,21:18,01:50,01:45,ONTIME,ONTIME,ONTIME,ONTIME,,,,,,,,20:20,21:12,,,HAN,UIH,PVG,International,VJ,,,,,,,,,,,,
,2026-04-03,VJ928/VJ163,A526,A321,CGK-HAN-SGN,18:15,21:25,18:15,21:25,18:20,21:21,21:22,21:30,03:10,03:02,EARLY,ONTIME,ONTIME,ONTIME,,,,,,,,18:40,21:15,,,HAN,CGK,SGN,Domestic,VJ,,,,,,,,,,,,
,2026-04-03,VJ998/VJ7526,A547,A321,DPS-HAN-CAN,20:10,22:30,21:45,22:30,21:35,22:29,22:30,22:40,00:45,00:55,ONTIME,ONTIME,ONTIME,DELAY,,,,,,,,21:52,22:28,,,HAN,DPS,CAN,International,VJ,,,,,,,,,,,,
,2026-04-03,VJ568/VJ962,A546,A321,HUI-HAN-ICN,20:55,23:15,19:25,23:15,19:40,23:14,23:15,23:19,03:50,03:35,ONTIME,ONTIME,ONTIME,ONTIME,,,,,,,,22:25,23:10,,,HAN,HUI,ICN,International,VJ,,,,,,,,,,,,
,2026-04-04,____/VJ7813,A661,A321,HAN-CEB,,00:05,,00:05,,23:57,23:58,00:06,,,EARLY,ONTIME,DELAY,,,,,,,,,23:20,23:50,,,HAN,HAN,CEB,International,VJ,,,,,,,,,,,,
,2026-04-04,____/VJ932,A580,A321,HAN-NRT,,00:30,,00:30,,00:29,00:30,00:35,,,DELAY,DELAY,DELAY,,,,,,,,,00:02,00:28,,,HAN,HAN,NRT,International,VJ,,,,,,,,,,,,
,2026-04-04,____/VJ982,A683,A321,HAN-PUS,,01:05,,01:05,,01:09,01:10,01:20,,,DELAY,ONTIME,ONTIME,,,99,00:05,,,,,00:10,01:08,,LATE ACPT 08PAX WITH 08BAG,HAN,HAN,PUS,International,VJ,,,,,,,,,,,,
,2026-04-04,VJ7706/VJ7706,A553,A321,CXR-HAN-KHV,00:35,01:05,00:35,01:05,00:45,01:14,01:15,01:20,00:30,00:30,DELAY,ONTIME,ONTIME,ONTIME,,93,00:10,,,,,,,X,TECHSTOP,HAN,CXR,KHV,International,VJ,,,,,,,,,,,,
,2026-04-04,____/VJ938,A543,A321,HAN-KIX,,01:20,,01:20,,01:09,01:10,01:12,,,EARLY,ONTIME,ONTIME,,,,,,,,,00:30,01:06,,,HAN,HAN,KIX,International,VJ,,,,,,,,,,,,
,2026-04-04,____/VJ960,A693,A321,HAN-ICN,,01:40,,01:40,,01:39,01:40,01:41,,,ONTIME,ONTIME,ONTIME,,,,,,,,,00:40,01:37,,,HAN,HAN,ICN,International,VJ,,,,,,,,,,,,
,2026-04-04,____/VJ920,A523,A321,HAN-NGO,,01:40,,01:40,,01:37,01:38,01:39,,,EARLY,ONTIME,ONTIME,,,,,,,,,00:45,01:30,,,HAN,HAN,NGO,International,VJ,,,,,,,,,,,,
,2026-04-04,____/VJ958,A647,A321,HAN-FUK,,02:05,,02:05,,01:59,02:00,02:01,,,EARLY,ONTIME,ONTIME,,,,,,,,,01:15,01:55,,,HAN,HAN,FUK,International,VJ,,,,,,,,,,,,
,2026-04-04,____/VJ123,A636,A321,HAN-SGN,,05:30,,05:30,,05:24,05:25,05:30,,,EARLY,ONTIME,ONTIME,,,,,,,,,04:40,05:19,,,HAN,HAN,SGN,Domestic,VJ,,,,,,,,,,,,
,2026-04-04,____/VJ771,A532,A321,HAN-CXR,,05:45,,05:45,,05:39,05:40,05:50,,,EARLY,ONTIME,ONTIME,,,,,,,,,05:00,05:39,,,HAN,HAN,CXR,Domestic,VJ,,,,,,,,,,,,
,2026-04-04,____/VJ121,A655,A320,HAN-SGN,,06:00,,06:00,,05:54,05:55,05:58,,,EARLY,ONTIME,ONTIME,,,,,,,,,05:20,05:52,,,HAN,HAN,SGN,Domestic,VJ,,,,,,,,,,,,
,2026-04-04,____/VJ491,A699,A320,HAN-BMV,,06:00,,06:00,,05:54,05:55,06:03,,,EARLY,ONTIME,ONTIME,,,,,,,,,05:20,05:52,,,HAN,HAN,BMV,Domestic,VJ,,,,,,,,,,,,
,2026-04-04,____/VJ101,656E,C909,HAN-VCS,,06:45,,06:45,,06:39,06:40,06:45,,,EARLY,ONTIME,ONTIME,,,,,,,,,05:55,06:37,,,HAN,HAN,VCS,Domestic,VJ,,,,,,,,,,,,
,2026-04-04,VJ7713/VJ125,A662,A320,PKX-HAN-SGN,03:55,07:00,03:55,07:00,04:05,06:54,06:55,07:04,03:05,02:50,EARLY,ONTIME,ONTIME,ONTIME,,,,,,,,06:10,06:50,,,HAN,PKX,SGN,Domestic,VJ,,,,,,,,,,,,
,2026-04-04,____/VJ421,A643,A321,HAN-PXU,,07:10,,07:10,,06:59,07:00,07:10,,,EARLY,ONTIME,ONTIME,,,,,,,,,06:29,06:57,,,HAN,HAN,PXU,Domestic,VJ,,,,,,,,,,,,
,2026-04-04,____/VJ905,A675,A320,HAN-KUL,,07:25,,07:25,,07:19,07:20,07:23,,,EARLY,ONTIME,ONTIME,,,,,,,,,06:40,07:17,,,HAN,HAN,KUL,International,VJ,,,,,,,,,,,,
,2026-04-04,VJ7816/VJ503,A684,A321,MNL-HAN-DAD,03:50,07:30,03:50,07:30,03:50,07:24,07:25,07:38,03:40,03:35,EARLY,ONTIME,ONTIME,ONTIME,,,,,,,,06:40,07:23,,,HAN,MNL,DAD,Domestic,VJ,,,,,,,,,,,,
,2026-04-04,VJ7527/VJ934,A547,A321,CAN-HAN-NRT,03:05,07:55,03:05,07:55,03:15,08:04,08:05,08:15,04:50,04:50,DELAY,ONTIME,DELAY,ONTIME,,99,00:10,,,,,07:05,08:00,,STUCK IMMI,HAN,CAN,NRT,International,VJ,,,,,,,,,,,,
,2026-04-04,____/VJ930,A575,A321,HAN-KIX,,07:55,,07:55,,07:54,07:55,07:59,,,ONTIME,ONTIME,ONTIME,,,,,,,,,07:05,07:52,,,HAN,HAN,KIX,International,VJ,,,,,,,,,,,,
,2026-04-04,____/VJ127,A658,A320,HAN-SGN,,08:10,,08:10,,08:04,08:05,08:25,,,EARLY,ONTIME,ONTIME,,,,,,,,,07:25,08:00,,,HAN,HAN,SGN,Domestic,VJ,,,,,,,,,,,,
,2026-04-04,____/VJ929,A548,A321,HAN-CGK,,08:40,,08:40,,08:29,08:30,08:35,,,EARLY,ONTIME,ONTIME,,,,,,,,,07:55,08:25,,,HAN,HAN,CGK,International,VJ,,,,,,,,,,,,
,2026-04-04,____/VJ129,A644,A321,HAN-SGN,,08:45,,08:45,,08:34,08:35,08:45,,,EARLY,ONTIME,ONTIME,,,,,,,,,08:00,08:30,,,HAN,HAN,SGN,Domestic,VJ,,,,,,,,,,,,
,2026-04-04,VJ7239/VJ447,A671,A320,PVG-HAN-PQC,04:50,08:45,04:50,08:45,05:25,08:44,08:45,08:50,03:55,03:20,ONTIME,ONTIME,ONTIME,DELAY,,,,,,,,08:00,08:40,,,HAN,PVG,PQC,Domestic,VJ,,,,,,,,,,,,
,2026-04-04,____/VJ563,A639,A321,HAN-HUI,,09:20,,09:20,,09:19,09:20,09:30,,,ONTIME,ONTIME,ONTIME,,,,,,,,,08:35,08:17,,,HAN,HAN,HUI,Domestic,VJ,,,,,,,,,,,,
,2026-04-04,____/VJ463,A546,A321,HAN-VCA,,10:20,,10:20,,10:19,10:20,10:24,,,ONTIME,ONTIME,ONTIME,,,,,,,,,09:35,10:18,,,HAN,HAN,VCA,Domestic,VJ,,,,,,,,,,,,
,2026-04-04,VJ492/VJ1427,A699,A320,BMV-HAN-PXU,10:00,10:30,10:00,10:30,10:10,10:29,10:30,10:38,00:30,00:20,ONTIME,ONTIME,ONTIME,ONTIME,,,,,,,,10:10,10:25,,,HAN,BMV,PXU,Domestic,VJ,,,,,,,,,,,,
,2026-04-04,VJ124/VJ131,A814,A330,SGN-HAN-SGN,08:30,10:55,08:30,10:55,08:30,10:54,10:55,10:58,02:25,02:25,ONTIME,ONTIME,ONTIME,ONTIME,,,,,,,,10:00,10:50,,,HAN,SGN,SGN,Domestic,VJ,,,,,,,,,,,,
,2026-04-04,VJ963/VJ901,A546,A321,ICN-HAN-BKK,07:10,11:10,07:10,11:10,09:00,11:06,11:07,11:10,04:00,02:07,EARLY,ONTIME,ONTIME,DELAY,,,,,,,,10:25,11:05,,,HAN,ICN,BKK,International,VJ,,,,,,,,,,,,
,2026-04-04,____/VJ507,A674,A321,HAN-DAD,,11:10,,11:10,,11:09,11:10,11:15,,,ONTIME,ONTIME,ONTIME,,,,,,,,,10:20,11:08,,,HAN,HAN,DAD,Domestic,VJ,,,,,,,,,,,,
,2026-04-04,VJ770/VJ1443,A817,A330,CXR-HAN-PQC,09:55,11:10,09:55,11:10,10:10,11:09,11:10,11:17,01:15,01:00,ONTIME,ONTIME,ONTIME,ONTIME,,,,,,,,10:20,11:05,,,HAN,CXR,PQC,Domestic,VJ,,,,,,,,,,,,
,2026-04-04,VJ130/VJ133,A669,A320,SGN-HAN-SGN,10:50,11:20,10:50,11:20,11:15,11:39,11:40,11:50,00:30,00:25,DELAY,DELAY,DELAY,DELAY,,93,00:20,,,,,11:15,11:35,,,HAN,SGN,SGN,Domestic,VJ,,,,,,,,,,,,
,2026-04-04,VJ422/VJ451,A643,A321,PXU-HAN-PQC,10:50,11:45,10:50,11:45,10:45,11:38,11:40,11:41,00:55,00:55,EARLY,ONTIME,ONTIME,ONTIME,,,,,,,,10:55,11:37,,,HAN,PXU,PQC,Domestic,VJ,,,,,,,,,,,,
,2026-04-04,VJ981/VJ515,A683,A321,PUS-HAN-DAD,10:40,12:10,10:40,12:10,11:30,12:19,12:20,12:25,01:30,00:50,DELAY,ONTIME,ONTIME,DELAY,,99,00:10,,,,,11:30,12:08,,DL99 WAIT 4 CREW MSGO FROM VJ981,HAN,PUS,DAD,Domestic,VJ,,,,,,,,,,,,
,2026-04-04,VJ190/VJ137,A810,A330,SGN-HAN-SGN,10:25,12:20,10:25,12:20,10:28,12:29,12:30,12:45,01:55,02:02,DELAY,ONTIME,DELAY,ONTIME,,61,00:10,,,,,11:35,12:25,,CHANGE FPL,HAN,SGN,SGN,Domestic,VJ,,,,,,,,,,,,
,2026-04-04,VJ7814/VJ453,A661,A321,CEB-HAN-PQC,08:20,13:00,08:20,13:00,09:00,12:54,12:55,13:01,04:40,03:55,EARLY,ONTIME,ONTIME,DELAY,,,,,,,,12:15,12:50,,,HAN,CEB,PQC,Domestic,VJ,,,,,,,,,,,,
,2026-04-04,VJ564/VJ787,A639,A321,HUI-HAN-CXR,12:20,13:10,12:20,13:10,12:30,13:04,13:05,13:12,00:50,00:35,EARLY,ONTIME,ONTIME,ONTIME,,,,,,,,12:25,13:02,,,HAN,HUI,CXR,Domestic,VJ,,,,,,,,,,,,
,2026-04-04,VJ959/VJ948,A647,A321,FUK-HAN-RMQ,11:45,13:30,11:45,13:30,12:20,13:24,13:25,13:27,01:45,01:05,EARLY,ONTIME,ONTIME,DELAY,,,,,,,,12:40,13:22,,,HAN,FUK,RMQ,International,VJ,,,,,,,,,,,,
,2026-04-04,VJ440/VJ441,A671,A320,PQC-HAN-PQC,13:30,14:00,13:30,14:00,13:55,14:19,14:20,14:29,00:30,00:25,DELAY,DELAY,DELAY,DELAY,,93,00:20,,,,,13:55,14:15,,,HAN,PQC,PQC,Domestic,VJ,,,,,,,,,,,,
,2026-04-04,VJ128/VJ7316,A662,A320,SGN-HAN-ENH,11:50,14:00,11:50,14:00,12:05,13:44,13:45,13:55,02:10,01:40,EARLY,ONTIME,ONTIME,ONTIME,,,,,,,,13:00,13:42,,,HAN,SGN,ENH,International,VJ,,,,,,,,,,,,
,2026-04-04,VJ933/VJ525,A580,A321,NRT-HAN-DAD,13:05,14:05,13:05,14:15,13:35,14:14,14:15,14:20,01:10,00:40,ONTIME,ONTIME,ONTIME,DELAY,,,,,,,,13:40,14:10,,,HAN,NRT,DAD,Domestic,VJ,,,,,,,,,,,,
,2026-04-04,VJ939/VJ143,A543,A321,KIX-HAN-SGN,12:20,14:05,12:20,14:05,12:50,13:59,14:00,14:10,01:45,01:10,EARLY,ONTIME,ONTIME,DELAY,,,,,,,,13:15,13:58,,,HAN,KIX,SGN,Domestic,VJ,,,,,,,,,,,,
,2026-04-04,VJ921/VJ942,A523,A321,NGO-HAN-TPE,12:50,14:25,12:50,14:25,12:58,14:19,14:20,14:22,01:35,01:22,EARLY,ONTIME,ONTIME,ONTIME,,,,,,,,13:40,14:15,,,HAN,NGO,TPE,International,VJ,,,,,,,,,,,,
,2026-04-04,VJ961/VJ946,A693,A321,ICN-HAN-KHH,13:35,14:35,13:35,14:35,13:50,14:39,14:40,14:45,01:00,00:50,DELAY,ONTIME,ONTIME,ONTIME,,15A,00:05,,,,,14:00,14:35,,OFFLOAD 1 PAX 3 BAG,HAN,ICN,KHH,International,VJ,,,,,,,,,,,,
,2026-04-04,VJ1504/VJ1505,A673,A321,DAD-HAN-DAD,14:00,14:35,14:00,14:35,14:25,14:54,14:55,15:00,00:35,00:30,DELAY,DELAY,DELAY,DELAY,,93,00:20,,,,,14:15,14:52,,,HAN,DAD,DAD,Domestic,VJ,,,,,,,,,,,,
,2026-04-04,VJ7707/VJ7707,A553,A321,KHV-HAN-CXR,14:25,14:55,14:25,14:55,14:30,14:44,14:45,14:52,00:30,00:15,EARLY,ONTIME,ONTIME,ONTIME,,,,,,,,,,X,TECHSTOP,HAN,KHV,CXR,Domestic,VJ,,,,,,,,,,,,
,2026-04-04,VJ510/VJ511,A674,A321,DAD-HAN-DAD,14:35,15:05,14:35,15:05,15:00,15:24,15:25,15:30,00:30,00:25,DELAY,DELAY,DELAY,DELAY,,93,00:25,,,,,15:00,15:20,,,HAN,DAD,DAD,Domestic,VJ,,,,,,,,,,,,
,2026-04-04,VJ906/VJ439,A675,A320,KUL-HAN-UIH,14:40,15:40,14:40,15:40,14:45,15:39,15:40,15:42,01:00,00:55,ONTIME,ONTIME,ONTIME,ONTIME,,,,,,,,14:55,15:35,,,HAN,KUL,UIH,Domestic,VJ,,,,,,,,,,,,
,2026-04-04,VJ138/VJ147,A650,A320,SGN-HAN-SGN,15:15,15:45,15:15,15:45,15:30,15:54,15:55,16:00,00:30,00:25,DELAY,ONTIME,ONTIME,ONTIME,,93,00:10,,,,,15:30,15:50,,,HAN,SGN,SGN,Domestic,VJ,,,,,,,,,,,,
,2026-04-04,VJ136/VJ567,A655,A320,SGN-HAN-HUI,14:10,15:55,14:10,15:55,14:50,15:51,15:52,16:08,01:45,01:02,EARLY,ONTIME,ONTIME,DELAY,,,,,,,,15:05,15:49,,,HAN,SGN,HUI,Domestic,VJ,,,,,,,,,,,,
,2026-04-04,VJ508/VJ773,A683,A321,DAD-HAN-CXR,15:25,16:00,15:25,16:00,16:05,16:34,16:35,16:38,00:35,00:30,DELAY,DELAY,DELAY,DELAY,,93,00:35,,,,,16:05,16:32,,,HAN,DAD,CXR,Domestic,VJ,,,,,,,,,,,,
,2026-04-04,VJ464/VJ913,A546,A321,VCA-HAN-SAI,15:10,16:20,15:10,16:20,15:35,16:17,16:18,16:20,01:10,00:43,EARLY,ONTIME,ONTIME,DELAY,,,,,,,,15:50,16:16,,,HAN,VCA,SAI,International,VJ,,,,,,,,,,,,
,2026-04-04,VJ140/VJ151,A544,A321,SGN-HAN-SGN,16:20,16:50,16:20,16:50,16:20,16:49,16:50,16:53,00:30,00:30,ONTIME,ONTIME,ONTIME,ONTIME,,,,,,,,16:20,16:44,,,HAN,SGN,SGN,Domestic,VJ,,,,,,,,,,,,
,2026-04-04,VJ902/VJ495,A534,A321,BKK-HAN-BMV,15:50,17:30,15:50,17:30,15:55,17:28,17:30,17:32,01:40,01:35,ONTIME,ONTIME,ONTIME,ONTIME,,,,,,,,16:40,17:24,,,HAN,BKK,BMV,Domestic,VJ,,,,,,,,,,,,
,2026-04-04,VJ774/VJ517,A639,A321,CXR-HAN-DAD,17:15,17:45,17:15,18:15,17:45,18:14,18:15,18:25,01:00,00:30,ONTIME,ONTIME,DELAY,DELAY,,,,,,,,17:40,18:10,,,HAN,CXR,DAD,Domestic,VJ,,,,,,,,,,,,
,2026-04-04,VJ528/VJ1153,A580,A321,DAD-HAN-SGN,17:25,18:05,17:25,18:05,17:35,17:59,18:00,18:06,00:40,00:25,EARLY,ONTIME,ONTIME,ONTIME,,,,,,,,17:35,17:57,,,HAN,DAD,SGN,Domestic,VJ,,,,,,,,,,,,
,2026-04-04,VJ454/VJ521,A643,A321,PQC-HAN-DAD,16:45,18:45,16:45,18:45,16:35,18:37,18:38,18:44,02:00,02:03,EARLY,ONTIME,ONTIME,ONTIME,,,,,,,,17:55,18:35,,,HAN,PQC,DAD,Domestic,VJ,,,,,,,,,,,,
,2026-04-04,____/VJ1127,A699,A320,PXU-HAN-SGN,,19:20,,19:20,,19:19,19:20,19:25,,,ONTIME,ONTIME,ONTIME,,,,,,,,,18:45,19:15,,,HAN,PXU,SGN,Domestic,VJ,,,,,,,,,,,,
,2026-04-04,VJ456/VJ519,A661,A321,PQC-HAN-DAD,17:45,19:25,17:45,19:25,17:55,19:14,19:15,19:23,01:40,01:20,EARLY,ONTIME,ONTIME,ONTIME,,,,,,,,18:25,19:13,,,HAN,PQC,DAD,Domestic,VJ,,,,,,,,,,,,
,2026-04-04,VJ144/VJ971,A810,A330,SGN-HAN-DEL,18:05,19:40,18:05,19:40,18:18,19:39,19:40,19:50,01:35,01:22,ONTIME,ONTIME,ONTIME,ONTIME,,,,,,,,18:58,19:36,,,HAN,SGN,DEL,International,VJ,,,,,,,,,,,,
,2026-04-04,VJ568/VJ523,A655,A320,HUI-HAN-DAD,18:55,19:40,18:55,19:40,19:05,19:34,19:35,19:37,00:45,00:30,EARLY,ONTIME,ONTIME,ONTIME,,,,,,,,19:05,19:26,,,HAN,HUI,DAD,Domestic,VJ,,,,,,,,,,,,
,2026-04-04,VJ931/VJ1925,A548,A321,KIX-HAN-AMD,18:15,19:45,18:30,19:45,19:00,19:44,19:45,19:58,01:15,00:45,ONTIME,ONTIME,ONTIME,DELAY,,,,,,,,19:20,19:35,,,HAN,KIX,AMD,International,VJ,,,,,,,,,,,,
,2026-04-04,VJ1428VJ7712,A699,A320,PXU-HAN-PKX,14:15,19:55,14:15,19:55,14:00,19:49,19:50,19:52,05:40,05:50,EARLY,ONTIME,ONTIME,ONTIME,,,,,,,,19:10,19:46,,,HAN,PXU,PKX,International,VJ,,,,,,,,,,,,
,2026-04-04,VJ438/VJ7238,A675,A320,UIH-HAN-PVG,19:25,21:15,19:25,21:15,19:22,20:59,21:00,21:03,01:50,01:38,EARLY,ONTIME,ONTIME,ONTIME,,,,,,,,20:20,20:55,,,HAN,UIH,PVG,International,VJ,,,,,,,,,,,,
,2026-04-04,VJ154/VJ163,A648,A321,SGN-HAN-SGN,20:55,21:25,20:55,21:25,21:25,21:54,21:55,22:03,00:30,00:30,DELAY,DELAY,DELAY,DELAY,,93,00:30,,,,,21:25,21:52,,,HAN,SGN,SGN,Domestic,VJ,,,,,,,,,,,,
,2026-04-04,VJ776/VJ962,A553,A321,CXR-HAN-ICN,20:25,23:15,20:25,23:15,21:10,23:11,23:13,23:19,02:50,02:03,EARLY,ONTIME,ONTIME,DELAY,,,,,,,,22:25,23:07,,,HAN,CXR,ICN,International,VJ,,,,,,,,,,,,
,2026-04-05,VJ3521/VJ3521,A552,A321,PQC-HAN-VVO,23:55,00:25,23:55,00:25,00:10,00:37,00:38,00:40,00:30,00:28,DELAY,ONTIME,ONTIME,ONTIME,,93,00:13,,,,,,,X,TECHSTOP,HAN,PQC,VVO,International,VJ,,,,,,,,,,,,
,2026-04-05,____/VJ932,A523,A321,HAN-NRT,,00:30,,00:30,,00:19,00:20,00:23,,,EARLY,ONTIME,ONTIME,,,,,,,,,23:40,00:15,,,HAN,HAN,NRT,International,VJ,,,,,,,,,,,,
,2026-04-05,____/VJ982,A647,A321,HAN-PUS,,01:05,,01:05,,00:52,00:54,00:57,,,EARLY,ONTIME,ONTIME,,,,,,,,,00:15,00:45,,,HAN,HAN,PUS,International,VJ,,,,,,,,,,,,
,2026-04-05,____/VJ938,A693,A321,HAN-KIX,,01:20,,01:20,,01:18,01:20,01:20,,,ONTIME,ONTIME,ONTIME,,,,,,,,,00:35,01:15,,,HAN,HAN,KIX,International,VJ,,,,,,,,,,,,
,2026-04-05,____/VJ960,A546,A321,HAN-ICN,,01:40,,01:40,,01:34,01:35,01:36,,,EARLY,ONTIME,ONTIME,,,,,,,,,00:50,01:30,,,HAN,HAN,ICN,International,VJ,,,,,,,,,,,,
,2026-04-05,____/VJ920,A547,A321,HAN-NGO,,01:40,,01:40,,01:25,01:26,01:28,,,EARLY,ONTIME,ONTIME,,,,,,,,,00:50,01:20,,,HAN,HAN,NGO,International,VJ,,,,,,,,,,,,
,2026-04-05,____/VJ2966,A814,A330,HAN-UBN,,02:35,,02:35,,02:11,02:12,02:42,,,EARLY,ONTIME,ONTIME,,,,,,,,,,,,FERRY,HAN,HAN,UBN,International,VJ,,,,,,,,,,,,
,2026-04-05,VJ2827/VJ2827,A575,A321,CXR-HAN-BAX,01:15,02:15,01:45,02:15,03:25,03:54,03:55,04:02,00:30,00:30,DELAY,DELAY,DELAY,DELAY,,93,01:40,,,,,,,X,TECHSTOP,HAN,CXR,BAX,International,VJ,,,,,,,,,,,,
,2026-04-05,____/VJ123,A525,A321,HAN-SGN,,05:30,,05:30,,05:24,05:25,05:25,,,EARLY,ONTIME,ONTIME,,,,,,,,,04:40,05:21,,,HAN,HAN,SGN,Domestic,VJ,,,,,,,,,,,,
,2026-04-05,____/VJ501,A532,A321,HAN-DAD,,05:40,,05:40,,05:34,05:35,05:39,,,EARLY,ONTIME,ONTIME,,,,,,,,,04:50,05:30,,,HAN,HAN,DAD,Domestic,VJ,,,,,,,,,,,,
,2026-04-05,____/VJ771,A643,A321,HAN-CXR,,05:45,,05:45,,05:39,05:40,05:42,,,EARLY,ONTIME,ONTIME,,,,,,,,,04:55,05:36,,,HAN,HAN,CXR,Domestic,VJ,,,,,,,,,,,,
,2026-04-05,____/VJ121,A662,A320,HAN-SGN,,06:00,,06:00,,05:54,05:55,06:04,,,EARLY,ONTIME,ONTIME,,,,,,,,,05:10,05:50,,,HAN,HAN,SGN,Domestic,VJ,,,,,,,,,,,,
,2026-04-05,____/VJ491,A671,A320,HAN-BMV,,06:00,,06:00,,05:54,05:55,06:05,,,EARLY,ONTIME,ONTIME,,,,,,,,,05:10,05:52,,,HAN,HAN,BMV,Domestic,VJ,,,,,,,,,,,,
,2026-04-05,____/VJ952,A655,A320,HAN-HIJ,,06:15,,06:15,,06:04,06:05,06:09,,,EARLY,ONTIME,ONTIME,,,,,,,,,05:30,06:00,,,HAN,HAN,HIJ,International,VJ,,,,,,,,,,,,
,2026-04-05,VJ7713/VJ431,A699,A320,PKX-HAN-UIH,03:55,06:25,03:55,06:25,04:15,06:19,06:20,06:23,02:30,02:05,EARLY,ONTIME,ONTIME,DELAY,,,,,,,,15:35,06:17,,,HAN,PKX,UIH,Domestic,VJ,,,,,,,,,,,,
,2026-04-05,____/VJ101,656E,C909,HAN-VCS,,06:45,,06:45,,06:38,06:39,06:43,,,EARLY,ONTIME,ONTIME,,,,,,,,,06:00,06:33,,,HAN,HAN,VCS,Domestic,VJ,,,,,,,,,,,,
,2026-04-05,____/VJ125,A644,A321,HAN-SGN,,07:00,,07:00,,06:54,06:55,07:09,,,EARLY,ONTIME,ONTIME,,,,,,,,,06:10,06:50,,,HAN,HAN,SGN,Domestic,VJ,,,,,,,,,,,,
,2026-04-05,VJ7239/VJ905,A675,A320,PVG-HAN-KUL,04:50,07:25,04:50,07:25,04:46,07:19,07:20,07:24,02:35,02:34,EARLY,ONTIME,ONTIME,ONTIME,,,,,,,,06:30,07:17,,,HAN,PVG,KUL,International,VJ,,,,,,,,,,,,
,2026-04-05,____/VJ503,A537,A321,HAN-DAD,,07:30,,07:30,,07:24,07:25,07:30,,,EARLY,ONTIME,ONTIME,,,,,,,,,06:40,07:23,,,HAN,HAN,DAD,Domestic,VJ,,,,,,,,,,,,
,2026-04-05,VJ1926/VJ934,A548,A321,AMD-HAN-NRT,05:55,07:55,05:55,07:55,06:22,07:44,07:45,07:50,02:00,01:23,EARLY,ONTIME,ONTIME,DELAY,,,,,,,,07:00,07:42,,,HAN,AMD,NRT,International,VJ,,,,,,,,,,,,
,2026-04-05,____/VJ930,A543,A321,HAN-KIX,,07:55,,07:55,,07:49,07:50,08:00,,,EARLY,ONTIME,ONTIME,,,,,,,,,07:00,07:47,,,HAN,HAN,KIX,International,VJ,,,,,,,,,,,,
,2026-04-05,____/VJ127,A661,A321,HAN-SGN,,08:10,,08:10,,07:59,08:00,08:10,,,EARLY,ONTIME,ONTIME,,,,,,,,,07:20,07:57,,,HAN,HAN,SGN,Domestic,VJ,,,,,,,,,,,,
,2026-04-05,____/VJ563,A639,A321,HAN-HUI,,08:30,,08:30,,08:24,08:25,08:28,,,EARLY,ONTIME,ONTIME,,,,,,,,,07:45,08:20,,,HAN,HAN,HUI,Domestic,VJ,,,,,,,,,,,,
,2026-04-05,____/VJ929,A674,A321,HAN-CGK,,08:40,,08:40,,08:39,08:40,08:48,,,ONTIME,ONTIME,ONTIME,,,,,,,,,07:55,08:35,,,HAN,HAN,CGK,International,VJ,,,,,,,,,,,,
,2026-04-05,____/VJ447,A633,A321,HAN-PQC,,08:45,,08:45,,08:44,08:45,08:55,,,ONTIME,ONTIME,ONTIME,,,,,,,,,08:00,08:40,,,HAN,HAN,PQC,Domestic,VJ,,,,,,,,,,,,
,2026-04-05,____/VJ129,A668,A320,HAN-SGN,,09:00,,09:00,,08:59,09:00,09:10,,,ONTIME,ONTIME,ONTIME,,,,,,,,,08:20,08:56,,,HAN,HAN,SGN,Domestic,VJ,,,,,,,,,,,,
,2026-04-05,VJ124/VJ505,A670,A321,SGN-HAN-DAD,08:15,09:05,08:15,09:05,08:10,08:59,09:00,09:05,00:50,00:50,EARLY,ONTIME,ONTIME,ONTIME,,,,,,,,08:20,08:57,,,HAN,SGN,DAD,Domestic,VJ,,,,,,,,,,,,
,2026-04-05,VJ972/VJ1781,A810,A330,DEL-HAN-CXR,05:40,09:30,05:40,09:30,05:48,09:24,09:25,09:30,03:50,03:37,EARLY,ONTIME,ONTIME,ONTIME,,,,,,,,08:45,09:20,,,HAN,DEL,CXR,Domestic,VJ,,,,,,,,,,,,
,2026-04-05,____/VJ915,A534,A321,HAN-SIN,,09:35,,09:35,,09:29,09:30,09:32,,,EARLY,ONTIME,ONTIME,,,,,,,,,08:50,09:25,,,HAN,HAN,SIN,International,VJ,,,,,,,,,,,,
,2026-04-05,VJ524/VJ997,A537,A321,DAD-HAN-DPS,08:55,10:05,10:40,11:50,10:55,11:49,11:50,11:56,01:10,00:55,ONTIME,ONTIME,DELAY,DELAY,,,,,,,,11:10,11:45,,,HAN,DAD,DPS,International,VJ,,,,,,,,,,,,
,2026-04-05,VJ514/VJ131,A532,A321,DAD-HAN-SGN,08:50,10:10,08:50,10:10,09:10,09:59,10:00,10:08,01:20,00:50,EARLY,ONTIME,ONTIME,DELAY,,,,,,,,09:25,09:57,,,HAN,DAD,SGN,Domestic,VJ,,,,,,,,,,,,
,2026-04-05,____/VJ463,A676,A320,HAN-VCA,,10:20,,10:20,,10:18,10:20,10:25,,,ONTIME,ONTIME,ONTIME,,,,,,,,,09:30,10:16,,,HAN,HAN,VCA,Domestic,VJ,,,,,,,,,,,,
,2026-04-05,VJ492/VJ1427,A671,A320,BMV-HAN-PXU,10:00,10:30,10:00,10:30,10:05,10:29,10:30,10:38,00:30,00:25,ONTIME,ONTIME,ONTIME,ONTIME,,,,,,,,10:00,10:25,,,HAN,BMV,PXU,Domestic,VJ,,,,,,,,,,,,
,2026-04-05,VJ921/VJ507,A547,A321,NGO-HAN-DAD,12:50,11:10,12:50,13:40,12:45,13:39,13:40,13:46,00:50,00:55,ONTIME,ONTIME,DELAY,ONTIME,,,,,,,,13:00,13:37,,,HAN,NGO,DAD,Domestic,VJ,,,,,,,,,,,,
,2026-04-05,VJ126/VJ1443,A811,A330,SGN-HAN-PQC,09:40,11:10,09:40,11:10,09:40,11:03,11:05,11:05,01:30,01:25,EARLY,ONTIME,ONTIME,ONTIME,,,,,,,,10:16,11:00,,,HAN,SGN,PQC,Domestic,VJ,,,,,,,,,,,,
,2026-04-05,VJ770/VJ901,A643,A321,CXR-HAN-BKK,09:55,11:10,09:55,11:10,10:10,11:04,11:05,11:08,01:15,00:55,EARLY,ONTIME,ONTIME,ONTIME,,,,,,,,10:25,11:00,,,HAN,CXR,BKK,International,VJ,,,,,,,,,,,,
,2026-04-05,VJ130/VJ133,A634,A321,SGN-HAN-SGN,10:50,11:20,10:50,11:20,11:00,11:29,11:30,11:45,00:30,00:30,DELAY,ONTIME,DELAY,ONTIME,,93,00:10,,,,,11:00,11:27,,,HAN,SGN,SGN,Domestic,VJ,,,,,,,,,,,,
,2026-04-05,VJ981/VJ451,A647,A321,PUS-HAN-PQC,10:40,11:45,10:40,11:45,10:45,11:38,11:40,11:41,01:05,00:55,EARLY,ONTIME,ONTIME,ONTIME,,,,,,,,11:07,11:36,,,HAN,PUS,PQC,Domestic,VJ,,,,,,,,,,,,
,2026-04-05,VJ430/VJ515,A699,A320,UIH-HAN-DAD,10:10,12:10,10:10,12:10,09:55,12:03,12:05,12:05,02:00,02:10,EARLY,ONTIME,ONTIME,ONTIME,,,,,,,,11:20,12:00,,,HAN,UIH,DAD,Domestic,VJ,,,,,,,,,,,,
,2026-04-05,VJ136/VJ137,A662,A320,SGN-HAN-SGN,14:10,12:20,14:10,15:30,15:05,15:39,15:40,15:44,01:20,00:35,DELAY,ONTIME,DELAY,DELAY,,66,00:10,,,,,15:05,15:35,,CREW HN OB 1515,HAN,SGN,SGN,Domestic,VJ,,,,,,,,,,,,
,2026-04-05,VJ506/VJ453,A670,A321,DAD-HAN-PQC,12:15,13:00,12:15,13:00,12:40,13:04,13:05,13:12,00:45,00:25,DELAY,ONTIME,ONTIME,DELAY,,93,00:05,,,,,12:30,13:02,,,HAN,DAD,PQC,Domestic,VJ,,,,,,,,,,,,
,2026-04-05,VJ564/VJ787,A639,A321,HUI-HAN-CXR,12:20,13:10,12:20,13:10,12:05,13:04,13:05,13:08,00:50,01:00,EARLY,ONTIME,ONTIME,ONTIME,,,,,,,,12:20,13:01,,,HAN,HUI,CXR,Domestic,VJ,,,,,,,,,,,,
,2026-04-05,VJ3522/VJ3522,A552,A321,VVO-HAN-PQC,12:45,13:15,12:45,13:15,13:05,13:29,13:30,13:30,00:30,00:25,DELAY,ONTIME,ONTIME,DELAY,,93,00:15,,,,,,,X,TECHSTOP,HAN,VVO,PQC,Domestic,VJ,,,,,,,,,,,,
,2026-04-05,VJ2967/VJ7526,A814,A330,UBN-HAN-CAN,12:55,13:25,15:55,17:20,16:40,17:08,17:10,17:14,01:25,00:30,EARLY,ONTIME,DELAY,DELAY,,,,,,,,,,X,TECHSTOP,HAN,UBN,CAN,International,VJ,,,,,,,,,,,,
,2026-04-05,VJ939/VJ948,A693,A321,KIX-HAN-RMQ,12:20,13:30,12:20,13:30,12:50,13:34,13:35,13:41,01:10,00:45,DELAY,ONTIME,ONTIME,DELAY,,66,00:05,,,,,13:08,13:32,,CHANGE CREW HN ob 1315,HAN,KIX,RMQ,International,VJ,,,,,,,,,,,,
,2026-04-05,VJ1442/VJ149,A817,A330,PQC-HAN-SGN,12:05,13:40,12:05,13:40,13:05,13:49,13:50,13:55,01:35,00:45,DELAY,ONTIME,ONTIME,DELAY,,,,,,,,13:10,13:45,,,HAN,PQC,SGN,Domestic,VJ,,,,,,,,,,,,
,2026-04-05,VJ128/VJ441,A669,A320,SGN-HAN-PQC,11:50,14:00,11:50,14:00,11:50,13:48,13:50,14:00,02:10,02:00,EARLY,ONTIME,ONTIME,ONTIME,,,,,,,,13:15,13:45,,,HAN,SGN,PQC,Domestic,VJ,,,,,,,,,,,,
,2026-04-05,VJ134/VJ525,A661,A321,SGN-HAN-DAD,13:30,14:05,13:30,14:05,13:35,14:04,14:05,14:15,00:35,00:30,ONTIME,ONTIME,ONTIME,ONTIME,,,,,,,,13:35,14:02,,,HAN,SGN,DAD,Domestic,VJ,,,,,,,,,,,,
,2026-04-05,VJ933/VJ143,A523,A321,NRT-HAN-SGN,13:05,14:05,13:05,14:40,13:50,14:37,14:38,14:41,01:35,00:48,EARLY,ONTIME,DELAY,DELAY,,,,,,,,13:55,14:35,,,HAN,NRT,SGN,Domestic,VJ,,,,,,,,,,,,
,2026-04-05,VJ440/VJ942,A633,A321,PQC-HAN-TPE,13:30,14:25,13:30,14:50,14:10,14:48,14:49,14:50,01:20,00:39,EARLY,ONTIME,DELAY,DELAY,,,,,,,,14:05,14:45,,,HAN,PQC,TPE,International,VJ,,,,,,,,,,,,
,2026-04-05,VJ961/VJ946,A546,A321,ICN-HAN-KHH,13:35,14:35,13:35,14:35,13:50,14:29,14:30,14:30,01:00,00:40,EARLY,ONTIME,ONTIME,ONTIME,,,,,,,,14:04,14:25,,,HAN,ICN,KHH,International,VJ,,,,,,,,,,,,
,2026-04-05,VJ1504/VJ1505,A635,A321,DAD-HAN-DAD,14:00,14:35,14:00,14:35,14:30,14:59,15:00,15:05,00:35,00:30,DELAY,DELAY,DELAY,DELAY,,93,00:25,,,,,14:30,14:55,,,HAN,DAD,DAD,Domestic,VJ,,,,,,,,,,,,
,2026-04-05,VJ510/VJ511,A547,A321,DAD-HAN-DAD,14:35,15:05,16:50,17:30,17:15,17:44,17:45,17:55,00:40,00:30,DELAY,ONTIME,DELAY,DELAY,,93,00:15,,,,,17:15,17:43,,,HAN,DAD,DAD,Domestic,VJ,,,,,,,,,,,,
,2026-04-05,VJ902/VJ439,A643,A321,BKK-HAN-UIH,15:50,15:40,15:50,16:40,16:00,16:34,16:35,16:36,00:50,00:35,EARLY,ONTIME,DELAY,ONTIME,,,,,,,,16:00,16:30,,,HAN,BKK,UIH,Domestic,VJ,,,,,,,,,,,,
,2026-04-05,VJ2827/VJ2827,A549,A321,CXR-HAN-BAX,15:10,15:40,15:10,17:10,16:45,17:14,17:15,17:25,02:00,00:30,DELAY,ONTIME,DELAY,DELAY,,93,00:05,,,,,,,X,TECHSTOP,HAN,CXR,BAX,International,VJ,,,,,,,,,,,,
,2026-04-05,VJ138/VJ147,A650,A320,SGN-HAN-SGN,15:15,15:45,15:15,15:45,15:40,16:04,16:05,16:14,00:30,00:25,DELAY,DELAY,DELAY,DELAY,,93,00:20,,,,,15:35,16:01,,,HAN,SGN,SGN,Domestic,VJ,,,,,,,,,,,,
,2026-04-05,VJ464/VJ567,A676,A320,VCA-HAN-HUI,15:10,15:55,15:10,15:55,15:30,15:52,15:53,15:58,00:45,00:23,EARLY,ONTIME,ONTIME,DELAY,,,,,,,,15:30,15:50,,,HAN,VCA,HUI,Domestic,VJ,,,,,,,,,,,,
,2026-04-05,VJ446/VJ773,A542,A321,PQC-HAN-CXR,17:20,16:00,17:20,18:30,18:05,18:34,18:35,18:41,01:10,00:30,DELAY,ONTIME,DELAY,DELAY,,93,00:05,,,,,18:05,18:33,,,HAN,PQC,CXR,Domestic,VJ,,,,,,,,,,,,
,2026-04-05,VJ140/VJ151,A532,A321,SGN-HAN-SGN,16:20,16:50,16:20,16:50,16:18,16:49,16:50,17:05,00:30,00:32,ONTIME,ONTIME,ONTIME,ONTIME,,,,,,,,16:18,16:48,,,HAN,SGN,SGN,Domestic,VJ,,,,,,,,,,,,
,2026-04-05,VJ508/VJ913,A699,A321,DAD-HAN-SAI,15:25,16:55,15:25,16:55,15:25,16:46,16:47,16:49,01:30,01:22,EARLY,ONTIME,ONTIME,ONTIME,,,,,,,,16:10,16:42,,,HAN,DAD,SAI,International,VJ,,,,,,,,,,,,
,2026-04-05,VJ774/VJ495,A639,A321,CXR-HAN-BMV,15:50,17:30,17:15,18:20,18:00,18:29,18:30,18:39,01:05,00:30,DELAY,ONTIME,DELAY,DELAY,,93,00:10,,,,,18:00,18:28,,,HAN,CXR,BMV,Domestic,VJ,,,,,,,,,,,,
,2026-04-05,VJ454/VJ517,A647,A321,PQC-HAN-DAD,16:45,17:45,16:45,17:45,17:10,17:44,17:45,17:55,01:00,00:35,ONTIME,ONTIME,ONTIME,DELAY,,,,,,,,17:15,17:40,,,HAN,PQC,DAD,Domestic,VJ,,,,,,,,,,,,
,2026-04-05,VJ2828/VJ2828,A575,A321,BAX-HAN-CXR,18:10,18:40,21:00,21:30,20:45,21:07,21:08,21:22,00:30,00:23,EARLY,ONTIME,DELAY,DELAY,,,,,,,,,,X,TECHSTOP,HAN,BAX,CXR,Domestic,VJ,,,,,,,,,,,,
,2026-04-05,VJ916/VJ1153,A534,A321,SIN-HAN-SGN,17:25,18:05,17:25,18:05,17:16,18:04,18:05,18:12,00:40,00:49,ONTIME,ONTIME,ONTIME,ONTIME,,,,,,,,17:16,18:03,,,HAN,SIN,SGN,Domestic,VJ,,,,,,,,,,,,
,2026-04-05,VJ528/VJ781,A661,A321,DAD-HAN-CXR,17:25,18:15,17:25,18:15,17:50,18:19,18:20,18:25,00:50,00:30,DELAY,ONTIME,ONTIME,DELAY,,93,00:05,,,,,17:50,18:15,,,HAN,DAD,CXR,Domestic,VJ,,,,,,,,,,,,
,2026-04-05,VJ512/VJ521,A547,A321,DAD-HAN-DAD,18:15,18:45,21:10,21:40,21:15,21:37,21:38,21:40,00:30,00:23,EARLY,ONTIME,DELAY,DELAY,,,,,,,,21:15,21:35,,,HAN,DAD,DAD,Domestic,VJ,,,,,,,,,,,,
,2026-04-05,VJ456/VJ1561,A670,A321,PQC-HAN-HUI,17:45,19:15,17:45,19:15,18:15,19:06,19:07,19:24,01:30,00:52,EARLY,ONTIME,ONTIME,DELAY,,,,,,,,18:30,19:02,,,HAN,PQC,HUI,Domestic,VJ,,,,,,,,,,,,
,2026-04-05,VJ906/VJ1127,A675,A320,KUL-HAN-SGN,18:05,19:20,18:05,19:20,14:40,19:14,19:15,19:28,01:15,04:35,EARLY,ONTIME,ONTIME,ONTIME,,,,,,,,18:30,19:14,,,HAN,KUL,SGN,Domestic,VJ,,,,,,,,,,,,
,2026-04-05,VJ931/VJ519,A543,A321,KIX-HAN-DAD,18:30,19:25,18:30,19:25,19:15,19:54,19:55,20:02,00:55,00:40,DELAY,DELAY,DELAY,DELAY,,93,00:20,66,00:10,,,19:15,19:52,,CREW HN OB 1925,HAN,KIX,DAD,Domestic,VJ,,,,,,,,,,,,
,2026-04-05,VJ442/VJ523,A669,A320,PQC-HAN-DAD,18:45,19:40,18:45,19:40,18:55,19:32,19:33,19:37,00:55,00:38,EARLY,ONTIME,ONTIME,ONTIME,,,,,,,,18:55,19:30,,,HAN,PQC,DAD,Domestic,VJ,,,,,,,,,,,,
,2026-04-05,VJ928/VJ1925,A674,A321,CGK-HAN-AMD,18:15,19:45,18:15,19:45,18:45,19:43,19:45,19:48,01:30,01:00,ONTIME,ONTIME,ONTIME,DELAY,,,,,,,,19:00,19:40,,,HAN,CGK,AMD,International,VJ,,,,,,,,,,,,
,2026-04-05,VJ7614/VJ7614,A516,A321,CXR-HAN-BQS,19:20,19:50,19:20,19:50,19:40,20:09,20:10,20:19,00:30,00:30,DELAY,DELAY,DELAY,DELAY,,93,00:20,,,,,,,X,TECHSTOP,HAN,CXR,BQS,International,VJ,,,,,,,,,,,,
,2026-04-05,VJ146/VJ457,A536,A321,SGN-HAN-PQC,18:55,20:05,18:55,20:05,19:00,19:48,19:50,18:00,01:10,00:50,EARLY,ONTIME,ONTIME,ONTIME,,,,,,,,19:05,19:45,,,HAN,SGN,PQC,Domestic,VJ,,,,,,,,,,,,
,2026-04-05,VJ152/VJ159,A522,A321,SGN-HAN-SGN,19:20,20:10,19:30,20:40,19:45,20:35,20:36,20:42,01:10,00:51,EARLY,ONTIME,DELAY,DELAY,,,,,,,,19:55,20:32,,,HAN,SGN,SGN,Domestic,VJ,,,,,,,,,,,,
,2026-04-05,VJ7527/VJ163,A814,A330,CAN-HAN-SGN,18:00,21:25,18:00,22:30,22:25,23:07,23:08,23:18,04:30,00:43,DELAY,DELAY,DELAY,DELAY,,93,00:38,,,,,22:25,23:05,,,HAN,CAN,SGN,Domestic,VJ,,,,,,,,,,,,
,2026-04-05,VJ947/VJ962,A546,A321,KHH-HAN-ICN,20:55,23:15,20:55,23:15,20:25,23:29,23:30,23:40,02:20,03:05,DELAY,ONTIME,DELAY,ONTIME,,99,00:07,99,00:08,,,22:52,23:20,,CREW STUCK AT IMMI/ OFFLOAD CABIN BAG,HAN,KHH,ICN,International,VJ,,,,,,,,,,,,
,2026-04-06,____/VJ932,A693,A321,HAN-NRT,,00:30,,00:30,,00:29,00:30,00:35,,,ONTIME,ONTIME,ONTIME,,,,,,,,,23:40,00:25,,,HAN,HAN,NRT,International,VJ,,,,,,,,,,,,
,2026-04-06,____/VJ982,A647,A321,HAN-PUS,,01:05,,01:05,,00:59,01:00,01:05,,,EARLY,ONTIME,ONTIME,,,,,,,,,00:10,00:55,,,HAN,HAN,PUS,International,VJ,,,,,,,,,,,,
,2026-04-06,____/VJ938,A548,A321,HAN-KIX,,01:20,,01:20,,01:18,01:20,01:20,,,ONTIME,ONTIME,ONTIME,,,,,,,,,00:30,01:15,,,HAN,HAN,KIX,International,VJ,,,,,,,,,,,,
,2026-04-06,____/VJ960,A547,A321,HAN-ICN,,01:40,,01:40,,01:39,01:40,01:47,,,ONTIME,ONTIME,ONTIME,,,,,,,,,00:55,01:35,,,HAN,HAN,ICN,International,VJ,,,,,,,,,,,,
,2026-04-06,____/VJ920,A534,A321,HAN-NGO,,01:40,,01:40,,01:29,01:30,01:37,,,EARLY,ONTIME,ONTIME,,,,,,,,,00:50,01:25,,,HAN,HAN,NGO,International,VJ,,,,,,,,,,,,
,2026-04-06,VJ2980/VJ2980,A575,A321,CXR-HAN-KHV,00:35,01:05,03:10,03:40,03:05,03:39,03:40,03:50,00:30,00:35,ONTIME,ONTIME,DELAY,DELAY,,,,,,,,,,X,TECHSTOP,HAN,CXR,KHV,International,VJ,,,,,,,,,,,,
,2026-04-06,____/VJ123,A537,A321,HAN-SGN,,05:30,,05:30,,05:24,05:25,05:33,,,EARLY,ONTIME,ONTIME,,,,,,,,,04:45,05:20,,,HAN,HAN,SGN,Domestic,VJ,,,,,,,,,,,,
,2026-04-06,____/VJ771,A643,A321,HAN-CXR,,05:45,,05:45,,05:39,05:40,05:48,,,EARLY,ONTIME,ONTIME,,,,,,,,,05:00,05:35,,,HAN,HAN,CXR,Domestic,VJ,,,,,,,,,,,,
,2026-04-06,____/VJ121,A675,A320,HAN-SGN,,06:00,,06:00,,05:54,05:55,06:02,,,EARLY,ONTIME,ONTIME,,,,,,,,,05:15,05:50,,,HAN,HAN,SGN,Domestic,VJ,,,,,,,,,,,,
,2026-04-06,____/VJ491,A639,A321,HAN-BMV,,06:00,,06:00,,05:51,05:52,05:57,,,EARLY,ONTIME,ONTIME,,,,,,,,,05:15,05:48,,,HAN,HAN,BMV,Domestic,VJ,,,,,,,,,,,,
,2026-04-06,____/VJ431,A671,A320,HAN-UIH,,06:05,,06:05,,05:59,06:00,06:10,,,EARLY,ONTIME,ONTIME,,,,,,,,,05:20,05:55,,,HAN,HAN,UIH,Domestic,VJ,,,,,,,,,,,,
,2026-04-06,____/VJ101,656E,C909,HAN-VCS,,06:45,,06:45,,06:33,06:34,06:37,,,EARLY,ONTIME,ONTIME,,,,,,,,,06:00,06:30,,,HAN,HAN,VCS,Domestic,VJ,,,,,,,,,,,,
,2026-04-06,____/VJ125,A668,A320,HAN-SGN,,07:00,,07:00,,06:54,06:55,07:00,,,EARLY,ONTIME,ONTIME,,,,,,,,,06:15,06:50,,,HAN,HAN,SGN,Domestic,VJ,,,,,,,,,,,,
,2026-04-06,____/VJ197,A699,A320,HAN-SGN,,07:20,,07:20,,07:12,07:13,07:18,,,EARLY,ONTIME,ONTIME,,,,,,,,,06:35,07:10,,,HAN,HAN,SGN,Domestic,VJ,,,,,,,,,,,,
,2026-04-06,____/VJ503,A636,A321,HAN-DAD,,07:30,,07:30,,07:21,07:22,07:29,,,EARLY,ONTIME,ONTIME,,,,,,,,,06:45,07:18,,,HAN,HAN,DAD,Domestic,VJ,,,,,,,,,,,,
,2026-04-06,____/VJ930,A580,A321,HAN-KIX,,07:55,,07:55,,07:54,07:55,08:08,,,ONTIME,ONTIME,ONTIME,,,,,,,,,07:10,07:52,,,HAN,HAN,KIX,International,VJ,,,,,,,,,,,,
,2026-04-06,____/VJ934,A543,A321,HAN-NRT,,07:55,,07:55,,07:49,07:50,08:03,,,EARLY,ONTIME,ONTIME,,,,,,,,,07:10,07:46,,,HAN,HAN,NRT,International,VJ,,,,,,,,,,,,
,2026-04-06,____/VJ127,A683,A321,HAN-SGN,,08:10,,08:10,,08:04,08:05,08:10,,,EARLY,ONTIME,ONTIME,,,,,,,,,07:20,08:00,,,HAN,HAN,SGN,Domestic,VJ,,,,,,,,,,,,
,2026-04-06,VJ1926/VJ929,A674,A321,AMD-HAN-CGK,05:55,08:40,05:55,08:40,06:45,08:39,08:40,08:43,02:45,01:55,ONTIME,ONTIME,ONTIME,DELAY,,,,,,,,08:05,08:38,,,HAN,AMD,CGK,International,VJ,,,,,,,,,,,,
,2026-04-06,VJ124/VJ129,A644,A321,SGN-HAN-SGN,08:15,08:45,08:15,08:45,08:05,08:44,08:45,08:47,00:30,00:40,ONTIME,ONTIME,ONTIME,ONTIME,,,,,,,,08:00,08:42,,,HAN,SGN,SGN,Domestic,VJ,,,,,,,,,,,,
,2026-04-06,____/VJ447,A658,A320,HAN-PQC,,08:45,,08:45,,08:44,08:45,08:55,,,ONTIME,ONTIME,ONTIME,,,,,,,,,07:55,08:42,,,HAN,HAN,PQC,Domestic,VJ,,,,,,,,,,,,
,2026-04-06,VJ7615/VJ7615,A516,A321,BQS-HAN-CXR,08:20,08:50,08:20,08:50,08:45,09:04,09:05,09:20,00:30,00:20,DELAY,ONTIME,DELAY,DELAY,,93,00:15,,,,,,,X,TECHSTOP,HAN,BQS,CXR,Domestic,VJ,,,,,,,,,,,,
,2026-04-06,____/VJ505,A641,A321,HAN-DAD,,09:05,,09:05,,08:58,09:00,09:05,,,EARLY,ONTIME,ONTIME,,,,,,,,,08:25,08:55,,,HAN,HAN,DAD,Domestic,VJ,,,,,,,,,,,,
,2026-04-06,____/VJ563,A633,A321,HAN-HUI,,09:20,,09:20,,09:19,09:20,09:24,,,ONTIME,ONTIME,ONTIME,,,,,,,,,08:35,09:15,,,HAN,HAN,HUI,Domestic,VJ,,,,,,,,,,,,
,2026-04-06,____/VJ915,A542,A321,HAN-SIN,,09:35,,09:35,,09:34,09:35,09:44,,,ONTIME,ONTIME,ONTIME,,,,,,,,,08:45,09:31,,,HAN,HAN,SIN,International,VJ,,,,,,,,,,,,
,2026-04-06,VJ963/VJ997,A546,A321,ICN-HAN-DPS,08:55,10:05,08:55,10:05,09:30,10:09,10:10,10:17,01:10,00:40,DELAY,ONTIME,ONTIME,DELAY,,66,00:05,,,,,09:40,10:10,,CHANGE CREW OB 0946,HAN,ICN,DPS,International,VJ,,,,,,,,,,,,
,2026-04-06,VJ126/VJ131,A554,A321,SGN-HAN-SGN,09:40,10:10,09:40,10:10,09:55,10:23,10:25,10:29,00:30,00:30,DELAY,ONTIME,DELAY,ONTIME,,93,00:15,,,,,09:50,10:22,,,HAN,SGN,SGN,Domestic,VJ,,,,,,,,,,,,
,2026-04-06,VJ770/VJ463,A643,A321,CXR-HAN-VCA,09:55,10:20,09:55,10:20,09:28,10:19,10:20,10:25,00:25,00:52,ONTIME,ONTIME,ONTIME,ONTIME,,,,,,,,09:40,10:15,,,HAN,CXR,VCA,Domestic,VJ,,,,,,,,,,,,
,2026-04-06,VJ492/VJ1427,A639,A321,BMV-HAN-PXU,10:00,10:30,10:00,10:30,10:05,10:29,10:30,10:52,00:30,00:25,ONTIME,ONTIME,DELAY,ONTIME,,,,,,,,10:05,10:26,,,HAN,BMV,PXU,Domestic,VJ,,,,,,,,,,,,
,2026-04-06,VJ2828/VJ2828,A549,A321,BAX-HAN-CXR,09:30,10:40,09:50,10:40,09:40,10:06,10:07,10:15,00:50,00:27,EARLY,ONTIME,ONTIME,ONTIME,,,,,,,,,,X,TECHSTOP,HAN,BAX,CXR,Domestic,VJ,,,,,,,,,,,,
,2026-04-06,VJ770/VJ901,A643,A321,CXR-HAN-BKK,09:55,11:10,09:55,11:10,10:25,11:09,11:10,11:19,01:15,00:45,ONTIME,ONTIME,ONTIME,DELAY,,,,,,,,10:40,11:08,,,HAN,CXR,BKK,International,VJ,,,,,,,,,,,,
,2026-04-06,VJ524/VJ507,A636,A321,DAD-HAN-DAD,10:40,11:10,10:40,11:10,10:50,11:19,11:20,11:25,00:30,00:30,DELAY,ONTIME,ONTIME,ONTIME,,93,00:10,,,,,10:40,11:15,,,HAN,DAD,DAD,Domestic,VJ,,,,,,,,,,,,
,2026-04-06,VJ130/VJ133,A537,A321,SGN-HAN-SGN,10:50,11:20,10:50,11:20,10:55,11:33,11:34,11:35,00:30,00:39,DELAY,ONTIME,ONTIME,ONTIME,,93,00:05,66,00:09,,,11:05,11:31,,LATE ARR/CHANGE CREW HN OB 1110,HAN,SGN,SGN,Domestic,VJ,,,,,,,,,,,,
,2026-04-06,VJ981/VJ451,A647,A321,PUS-HAN-PQC,10:40,11:45,10:40,11:45,10:50,11:44,11:45,11:50,01:05,00:55,ONTIME,ONTIME,ONTIME,ONTIME,,,,,,,,11:05,11:42,,,HAN,PUS,PQC,Domestic,VJ,,,,,,,,,,,,
,2026-04-06,VJ430/VJ137,A671,A320,UIH-HAN-HAN,09:50,12:20,09:50,12:20,10:05,12:19,12:20,12:24,02:30,02:15,ONTIME,ONTIME,ONTIME,ONTIME,,,,,,,,11:40,12:18,,,HAN,UIH,HAN,Domestic,VJ,,,,,,,,,,,,
,2026-04-06,VJ506/VJ515,A641,A321,DAD-HAN-DAD,12:15,12:50,12:15,12:50,12:25,12:57,12:58,13:00,00:35,00:33,DELAY,ONTIME,ONTIME,ONTIME,,,,,,,,12:25,12:51,,,HAN,DAD,DAD,Domestic,VJ,,,,,,,,,,,,
,2026-04-06,VJ564/VJ787,A633,A321,HUI-HAN-CXR,12:20,13:10,12:20,13:10,12:45,13:24,13:25,13:32,00:50,00:40,DELAY,ONTIME,DELAY,DELAY,,93,00:05,66,00:10,,,12:45,13:22,,LATE ARR/CHANGE CREW  HN OB 1300,HAN,HUI,CXR,Domestic,VJ,,,,,,,,,,,,
,2026-04-06,VJ939/VJ948,A548,A321,KIX-HAN-RMQ,12:20,13:30,12:20,13:30,13:00,13:39,13:40,13:44,01:10,00:40,DELAY,ONTIME,ONTIME,DELAY,,66,00:10,,,,,13:10,13:37,,CHANGE CREW HN OB 1315,HAN,KIX,RMQ,International,VJ,,,,,,,,,,,,
,2026-04-06,VJ198/VJ441,A699,A320,SGN-HAN-PQC,12:40,14:00,12:40,14:00,12:45,13:58,13:59,14:02,01:20,01:14,EARLY,ONTIME,ONTIME,ONTIME,,,,,,,,13:15,13:48,,,HAN,SGN,PQC,Domestic,VJ,,,,,,,,,,,,
,2026-04-06,VJ134/VJ525,A683,A321,SGN-HAN-DAD,13:30,14:05,13:30,14:05,13:25,14:04,14:05,14:09,00:35,00:40,ONTIME,ONTIME,ONTIME,ONTIME,,,,,,,,13:40,14:01,,,HAN,SGN,DAD,Domestic,VJ,,,,,,,,,,,,
,2026-04-06,VJ1442/VJ143,A811,A330,PQC-HAN-SGN,12:15,14:05,12:15,14:05,13:00,14:00,14:02,14:07,01:50,01:02,EARLY,ONTIME,ONTIME,DELAY,,,,,,,,13:20,13:55,,,HAN,PQC,SGN,Domestic,VJ,,,,,,,,,,,,
,2026-04-06,VJ933/VJ942,A693,A321,NRT-HAN-TPE,13:05,14:25,13:05,14:25,13:40,14:24,14:25,14:33,01:20,00:45,ONTIME,ONTIME,ONTIME,DELAY,,,,,,,,13:50,14:26,,,HAN,NRT,TPE,International,VJ,,,,,,,,,,,,
,2026-04-06,VJ921/VJ946,A534,A321,NGO-HAN-KHH,12:50,14:35,12:50,14:35,13:05,14:26,14:27,14:37,01:45,01:22,EARLY,ONTIME,ONTIME,ONTIME,,,,,,,,13:50,14:23,,,HAN,NGO,KHH,International,VJ,,,,,,,,,,,,
,2026-04-06,VJ1504/VJ1505,A649,A321,DAD-HAN-DAD,14:00,14:35,14:00,15:10,14:35,15:04,15:05,15:05,01:10,00:30,EARLY,ONTIME,DELAY,DELAY,,,,,,,,14:25,15:00,,,HAN,DAD,DAD,Domestic,VJ,,,,,,,,,,,,
,2026-04-06,VJ1428/VJ511,A639,A321,PXU-HAN-DAD,14:35,15:05,14:35,15:05,14:20,15:04,15:05,15:12,00:30,00:45,ONTIME,ONTIME,ONTIME,ONTIME,,,,,,,,14:20,15:02,,,HAN,PXU,DAD,Domestic,VJ,,,,,,,,,,,,
,2026-04-06,VJ510/VJ439,A636,A321,DAD-HAN-IH,14:20,15:40,14:20,15:40,14:50,15:36,15:37,15:41,01:20,00:47,EARLY,ONTIME,ONTIME,DELAY,,,,,,,,14:50,15:34,,,HAN,DAD,IH,International,VJ,,,,,,,,,,,,
,2026-04-06,VJ138/VJ147,A650,A320,SGN-HAN-SGN,15:15,15:45,15:15,15:45,15:30,15:54,15:55,15:59,00:30,00:25,DELAY,ONTIME,ONTIME,ONTIME,,93,00:10,,,,,15:23,15:52,,,HAN,SGN,SGN,Domestic,VJ,,,,,,,,,,,,
,2026-04-06,VJ464/VJ567,A670,A321,VCA-HAN-HUI,15:10,15:55,15:10,15:55,15:35,16:03,16:04,16:07,00:45,00:29,DELAY,ONTIME,ONTIME,DELAY,,93,00:09,,,,,15:35,16:01,,,HAN,VCA,HUI,Domestic,VJ,,,,,,,,,,,,
,2026-04-06,VJ961/VJ913,A547,A321,ICN-HAN-SAI,13:35,16:20,13:35,16:20,13:45,16:02,16:03,16:07,02:45,02:18,EARLY,ONTIME,ONTIME,ONTIME,,,,,,,,15:30,16:00,,,HAN,ICN,SAI,International,VJ,,,,,,,,,,,,
,2026-04-06,VJ128/VJ1513,A668,A320,SGN-HAN-DAD,11:55,16:35,11:55,16:35,11:55,16:33,16:35,16:36,04:40,04:40,ONTIME,ONTIME,ONTIME,ONTIME,,,,,,,,15:50,16:30,,,HAN,SGN,DAD,Domestic,VJ,,,,,,,,,,,,
,2026-04-06,VJ508/VJ773,A641,A321,DAD-HAN-CXR,16:05,16:40,16:05,16:40,16:15,16:39,16:40,16:45,00:35,00:25,ONTIME,ONTIME,ONTIME,ONTIME,,,,,,,,16:10,16:36,,,HAN,DAD,CXR,Domestic,VJ,,,,,,,,,,,,
,2026-04-06,VJ140/VJ151,A537,A321,SGN-HAN-SGN,16:20,16:50,16:20,16:50,16:50,17:19,17:20,17:28,00:30,00:30,DELAY,DELAY,DELAY,DELAY,,93,00:30,,,,,16:50,17:22,,,HAN,SGN,SGN,Domestic,VJ,,,,,,,,,,,,
,2026-04-06,VJ5068/VJ5068,A549,A321,CXR-HAN-NOZ,16:25,16:55,16:25,16:55,16:35,16:54,16:55,17:08,00:30,00:20,ONTIME,ONTIME,ONTIME,ONTIME,,,,,,,,,,X,TECHSTOP,HAN,CXR,NOZ,International,VJ,,,,,,,,,,,,
,2026-04-06,VJ136/VJ495,A675,A320,SGN-HAN-BMV,14:10,17:30,14:10,17:30,14:45,17:29,17:30,17:33,03:20,02:45,ONTIME,ONTIME,ONTIME,DELAY,,,,,,,,16:45,17:27,,,HAN,SGN,BMV,Domestic,VJ,,,,,,,,,,,,
,2026-04-06,VJ2981/VJ2981,A575,A321,KHV-HAN-CXR,17:05,17:35,17:05,17:35,17:30,17:49,17:50,17:50,00:30,00:20,DELAY,ONTIME,ONTIME,DELAY,,,,,,,,,,X,TECHSTOP,HAN,KHV,CXR,Domestic,VJ,,,,,,,,,,,,
,2026-04-06,VJ454/VJ517,A647,A321,PQC-HAN-DAD,16:45,17:45,16:45,17:45,17:00,17:54,17:55,18:15,01:00,00:55,DELAY,ONTIME,DELAY,ONTIME,,15A,00:10,,,,,17:25,17:50,,OFFLOAD 02PAX+02BAGS,HAN,PQC,DAD,Domestic,VJ,,,,,,,,,,,,
,2026-04-06,VJ902/VJ1153,A643,A321,BKK-HAN-SGN,15:50,18:05,15:50,18:05,15:50,18:19,18:20,18:25,02:15,02:30,DELAY,ONTIME,DELAY,ONTIME,,95,00:15,,,,,17:40,18:16,,WAIT CREW FR VJ5068 OB 1740,HAN,BKK,SGN,Domestic,VJ,,,,,,,,,,,,
,2026-04-06,VJ512/VJ521,A639,A321,DAD-HAN-DAD,18:15,18:45,18:15,18:45,18:30,18:59,19:00,19:14,00:30,00:30,DELAY,ONTIME,DELAY,ONTIME,,93,00:15,,,,,18:30,18:58,,,HAN,DAD,DAD,Domestic,VJ,,,,,,,,,,,,
,2026-04-06,VJ440/VJ1127,A658,A320,PQC-HAN-SGN,13:30,19:20,13:30,19:20,13:50,19:16,19:17,19:21,05:50,05:27,EARLY,ONTIME,ONTIME,DELAY,,,,,,,,18:30,19:14,,,HAN,PQC,SGN,Domestic,VJ,,,,,,,,,,,,
,2026-04-06,VJ146/VJ523,A544,A321,SGN-HAN-DAD,18:55,19:40,18:55,19:40,19:05,19:39,19:40,19:47,00:45,00:35,ONTIME,ONTIME,ONTIME,ONTIME,,,,,,,,19:10,19:38,,,HAN,SGN,DAD,Domestic,VJ,,,,,,,,,,,,
,2026-04-06,VJ144/VJ7712,A671,A320,SGN-HAN-PKX,18:05,19:55,18:05,19:55,17:55,19:54,19:55,19:58,01:50,02:00,ONTIME,ONTIME,ONTIME,ONTIME,,,,,,,,19:25,19:52,,,HAN,SGN,PKX,International,VJ,,,,,,,,,,,,
,2026-04-06,VJ931/VJ907,A580,A321,KIX-HAN-BOM,18:30,20:05,18:30,20:05,19:10,20:03,20:05,20:06,01:35,00:55,ONTIME,ONTIME,ONTIME,DELAY,,,,,,,,19:15,20:02,,,HAN,KIX,BOM,International,VJ,,,,,,,,,,,,
,2026-04-06,VJ446/VJ457,A536,A321,PQC-HAN-PQC,15:05,20:05,15:05,20:05,15:15,20:04,20:05,20:08,05:00,04:50,ONTIME,ONTIME,ONTIME,ONTIME,,,,,,,,19:20,20:02,,,HAN,PQC,PQC,Domestic,VJ,,,,,,,,,,,,
,2026-04-06,VJ152/VJ159,A522,A321,SGN-HAN-SGN,19:20,20:10,19:20,20:10,19:20,20:03,20:05,20:06,00:50,00:45,EARLY,ONTIME,ONTIME,ONTIME,,,,,,,,19:20,20:00,,,HAN,SGN,SGN,Domestic,VJ,,,,,,,,,,,,
,2026-04-06,VJ442/VJ7238,A699,A320,PQC-HAN-PVG,18:45,21:15,18:45,21:15,19:00,21:12,21:14,21:15,02:30,02:14,EARLY,ONTIME,ONTIME,ONTIME,,,,,,,,20:30,21:10,,,HAN,PQC,PVG,International,VJ,,,,,,,,,,,,
,2026-04-06,VJ947/VJ163,A534,A321,KHH-HAN-SGN,20:35,21:40,20:35,21:40,20:32,21:53,21:55,21:55,01:05,01:23,DELAY,ONTIME,ONTIME,ONTIME,,95,00:15,,,,,21:20,21:51,,WAIT CREW FR VJ154 OB 2130,HAN,KHH,SGN,Domestic,VJ,,,,,,,,,,,,
,2026-04-06,VJ774/VJ34,A633,A321,CXR-HAN-TSN,17:15,22:00,17:50,22:00,18:05,21:44,21:45,21:55,04:10,03:40,EARLY,ONTIME,ONTIME,DELAY,,,,,,,,,,,FERRY FLIGHT,HAN,CXR,TSN,International,VJ,,,,,,,,,,,,
,2026-04-06,VJ528/VJ7526,A642,A321,DAD-HAN-CAN,18:55,22:30,18:55,22:30,19:05,22:23,22:24,22:25,03:35,03:19,EARLY,ONTIME,ONTIME,ONTIME,,,,,,,,21:40,22:22,,,HAN,DAD,CAN,International,VJ,,,,,,,,,,,,
,2026-04-06,VJ935/VJ962,A543,A321,NRT-HAN-ICN,20:05,23:15,20:05,23:15,20:55,23:14,23:15,23:16,03:10,02:20,ONTIME,ONTIME,ONTIME,DELAY,,,,,,,,22:25,23:10,,,HAN,NRT,ICN,International,VJ,,,,,,,,,,,,
,2026-04-07,____/VJ932,A548,A321,HAN-NRT,,00:30,,00:30,,00:24,00:25,00:28,,,EARLY,ONTIME,ONTIME,,,,,,,,,23:40,00:22,,,HAN,HAN,NRT,International,VJ,,,,,,,,,,,,
,2026-04-07,____/VJ982,A647,A321,HAN-PUS,,01:05,,01:05,,00:56,00:58,01:00,,,EARLY,ONTIME,ONTIME,,,,,,,,,00:15,00:54,,,HAN,HAN,PUS,International,VJ,,,,,,,,,,,,
,2026-04-07,____/VJ938,A546,A321,HAN-KIX,,01:20,,01:20,,01:19,01:20,01:25,,,ONTIME,ONTIME,ONTIME,,,,,,,,,00:50,01:16,,,HAN,HAN,KIX,International,VJ,,,,,,,,,,,,
,2026-04-07,____/VJ960,A547,A321,HAN-ICN,,01:40,,01:40,,01:31,01:33,01:35,,,EARLY,ONTIME,ONTIME,,,,,,,,,00:55,01:29,,,HAN,HAN,ICN,International,VJ,,,,,,,,,,,,
,2026-04-07,____/VJ920,A693,A321,HAN-NGO,,01:40,,01:40,,01:27,01:28,01:33,,,EARLY,ONTIME,ONTIME,,,,,,,,,00:50,01:25,,,HAN,HAN,NGO,International,VJ,,,,,,,,,,,,
,2026-04-07,____/VJ958,A670,A321,HAN-FUK,,02:05,,02:05,,01:04,01:05,01:07,,,EARLY,ONTIME,ONTIME,,,,,,,,,01:10,01:01,,,HAN,HAN,FUK,International,VJ,,,,,,,,,,,,
,2026-04-07,____/VJ1781,A815,A330,HAN-CXR,,05:20,,05:20,,05:14,05:15,05:22,,,EARLY,ONTIME,ONTIME,,,,,,,,,04:35,05:13,,,HAN,HAN,CXR,Domestic,VJ,,,,,,,,,,,,
,2026-04-07,____/VJ123,A812,A330,HAN-SGN,,05:30,,05:30,,05:24,05:25,05:35,,,EARLY,ONTIME,ONTIME,,,,,,,,,04:45,05:21,,,HAN,HAN,SGN,Domestic,VJ,,,,,,,,,,,,
,2026-04-07,____/VJ771,A639,A321,HAN-CXR,,05:45,,05:45,,05:39,05:40,05:45,,,EARLY,ONTIME,ONTIME,,,,,,,,,04:50,05:37,,,HAN,HAN,CXR,Domestic,VJ,,,,,,,,,,,,
,2026-04-07,____/VJ121,A675,A320,HAN-SGN,,06:00,,06:00,,05:49,05:50,05:53,,,EARLY,ONTIME,ONTIME,,,,,,,,,05:15,05:45,,,HAN,HAN,SGN,Domestic,VJ,,,,,,,,,,,,
,2026-04-07,VJ7713/VJ491,A671,A320,PKX-HAN-BMV,03:55,06:00,03:55,06:00,04:15,05:54,05:55,06:00,02:05,01:40,EARLY,ONTIME,ONTIME,DELAY,,,,,,,,05:15,05:53,,,HAN,PKX,BMV,Domestic,VJ,,,,,,,,,,,,
,2026-04-07,VJ35/VJ952,A663,A320,TSN-HAN-HIJ,03:05,06:15,03:05,06:15,03:10,06:09,06:10,06:18,03:10,03:00,EARLY,ONTIME,ONTIME,ONTIME,,,,,,,,05:20,06:05,,,HAN,TSN,HIJ,International,VJ,,,,,,,,,,,,
,2026-04-07,____/VJ101,656E,C909,HAN-VCS,,06:45,,06:45,,06:39,06:40,06:47,,,EARLY,ONTIME,ONTIME,,,,,,,,,06:05,06:38,,,HAN,HAN,VCS,Domestic,VJ,,,,,,,,,,,,
,2026-04-07,VJ2983/VJ2983,A549,A321,NOZ-HAN-PQC,06:15,06:45,06:15,06:45,06:05,06:23,06:25,06:28,00:30,00:20,EARLY,ONTIME,ONTIME,ONTIME,,,,,,,,,,X,TECHSTOP,HAN,NOZ,PQC,Domestic,VJ,,,,,,,,,,,,
,2026-04-07,____/VJ421,A542,A321,HAN-PXU,,07:10,,07:10,,07:04,07:05,07:13,,,EARLY,ONTIME,ONTIME,,,,,,,,,06:20,07:02,,,HAN,HAN,PXU,Domestic,VJ,,,,,,,,,,,,
,2026-04-07,____/VJ197,A544,A321,HAN-SGN,,07:20,,07:20,,07:14,07:15,07:25,,,EARLY,ONTIME,ONTIME,,,,,,,,,06:35,07:12,,,HAN,HAN,SGN,Domestic,VJ,,,,,,,,,,,,
,2026-04-07,____/VJ905,A655,A320,HAN-KUL,,07:25,,07:25,,07:19,07:20,07:24,,,EARLY,ONTIME,ONTIME,,,,,,,,,06:30,07:17,,,HAN,HAN,KUL,International,VJ,,,,,,,,,,,,
,2026-04-07,____/VJ503,A550,A321,HAN-DAD,,07:30,,07:30,,07:24,07:25,07:30,,,EARLY,ONTIME,ONTIME,,,,,,,,,06:32,07:23,,,HAN,HAN,DAD,Domestic,VJ,,,,,,,,,,,,
,2026-04-07,____/VJ934,A500,A321,HAN-NRT,,07:55,,07:55,,07:48,07:50,07:56,,,EARLY,ONTIME,ONTIME,,,,,,,,,07:00,07:47,,,HAN,HAN,NRT,International,VJ,,,,,,,,,,,,
,2026-04-07,____/VJ930,A674,A321,HAN-KIX,,07:55,,07:55,,07:46,07:47,07:50,,,EARLY,ONTIME,ONTIME,,,,,,,,,07:00,07:44,,,HAN,HAN,KIX,International,VJ,,,,,,,,,,,,
,2026-04-07,____/VJ127,A676,A320,HAN-SGN,,08:10,,08:10,,08:02,08:03,08:05,,,EARLY,ONTIME,ONTIME,,,,,,,,,07:20,08:00,,,HAN,HAN,SGN,Domestic,VJ,,,,,,,,,,,,
,2026-04-07,VJ7527/VJ129,A642,A321,CAN-HAN-SGN,03:05,08:45,03:05,08:45,03:15,08:44,08:45,08:50,05:40,05:30,ONTIME,ONTIME,ONTIME,ONTIME,,,,,,,,07:55,08:40,,,HAN,CAN,SGN,Domestic,VJ,,,,,,,,,,,,
,2026-04-07,____/VJ447,A643,A321,HAN-PQC,,08:45,,08:45,,08:39,08:40,08:45,,,EARLY,ONTIME,ONTIME,,,,,,,,,07:55,08:36,,,HAN,HAN,PQC,Domestic,VJ,,,,,,,,,,,,
,2026-04-07,VJ910/VJ929,A580,A321,BOM-HAN-CGK,07:10,09:10,07:10,09:10,07:05,09:07,09:08,09:11,02:00,02:03,EARLY,ONTIME,ONTIME,ONTIME,,,,,,,,08:20,09:05,,,HAN,BOM,CGK,International,VJ,,,,,,,,,,,,
,2026-04-07,____/VJ563,A636,A321,HAN-HUI,,09:20,,09:20,,09:17,09:18,9:22:00,,,EARLY,ONTIME,ONTIME,,,,,,,,,08:30,09:15,,,HAN,HAN,HUI,Domestic,VJ,,,,,,,,,,,,
,2026-04-07,VJ126/VJ131,A657,A321,SGN-HAN-SGN,09:40,10:10,09:40,10:10,09:45,10:09,10:10,10:19,00:30,00:25,ONTIME,ONTIME,ONTIME,ONTIME,,,,,,,,09:40,10:00,,,HAN,SGN,SGN,Domestic,VJ,,,,,,,,,,,,
,2026-04-07,VJ963/VJ463,A543,A321,ICN-HAN-VCA,08:55,10:20,08:55,10:20,09:10,10:11,10:12,10:22,01:25,01:02,EARLY,ONTIME,ONTIME,ONTIME,,,,,,,,09:35,10:10,,,HAN,ICN,VCA,Domestic,VJ,,,,,,,,,,,,
,2026-04-07,VJ7239/VJ1427,A699,A320,PVG-HAN-PXU,04:50,10:30,04:50,10:30,04:55,10:29,10:30,10:35,05:40,05:35,ONTIME,ONTIME,ONTIME,ONTIME,,,,,,,,09:45,10:25,,,HAN,PVG,PXU,Domestic,VJ,,,,,,,,,,,,
,2026-04-07,VJ770/VJ901,A639,A321,CXR-HAN-BKK,09:55,11:10,09:55,11:10,10:30,11:19,11:20,11:23,01:15,00:50,DELAY,ONTIME,ONTIME,DELAY,,66,00:05,15A,00:05,,,10:45,11:10,,CREW OB1045/OFFLOAD 01PAX+01BAG,HAN,CXR,BKK,International,VJ,,,,,,,,,,,,
,2026-04-07,____/VJ507,A641,A321,HAN-DAD,,11:10,,11:10,,11:04,11:05,11:08,,,EARLY,ONTIME,ONTIME,,,,,,,,,10:20,11:02,,,HAN,HAN,DAD,Domestic,VJ,,,,,,,,,,,,
,2026-04-07,VJ130/VJ133,A551,A321,SGN-HAN-SGN,10:50,11:20,10:50,11:20,11:00,11:39,11:40,11:52,00:30,00:40,DELAY,DELAY,DELAY,ONTIME,,93,00:10,99,00:10,,,10:50,11:27,,BRD SYS ERROR PRINT PM MANUAL,HAN,SGN,SGN,Domestic,VJ,,,,,,,,,,,,
,2026-04-07,VJ422/VJ451,A542,A321,PXU-HAN-PQC,10:50,11:45,10:50,11:45,10:35,11:37,11:39,11:42,00:55,01:04,EARLY,ONTIME,ONTIME,ONTIME,,,,,,,,11:00,11:32,,,HAN,PXU,PQC,Domestic,VJ,,,,,,,,,,,,
,2026-04-07,VJ492/VJ515,A671,A320,BMV-HAN-DAD,10:00,12:10,10:00,12:10,09:55,12:09,12:10,12:16,02:10,02:15,ONTIME,ONTIME,ONTIME,ONTIME,,,,,,,,11:20,12:00,,,HAN,BMV,DAD,Domestic,VJ,,,,,,,,,,,,
,2026-04-07,VJ128/VJ137,A650,A320,SGN-HAN-SGN,11:50,12:20,11:50,12:20,12:00,12:24,12:25,12:35,00:30,00:25,DELAY,ONTIME,ONTIME,ONTIME,,93,00:05,,,,,11:50,12:22,,,HAN,SGN,SGN,Domestic,VJ,,,,,,,,,,,,
,2026-04-07,VJ564/VJ453,A636,A321,HUI-HAN-PQC,12:20,13:00,12:20,13:00,12:30,12:59,13:00,13:03,00:40,00:30,ONTIME,ONTIME,ONTIME,ONTIME,,,,,,,,12:30,12:54,,,HAN,HUI,PQC,Domestic,VJ,,,,,,,,,,,,
,2026-04-07,VJ959/VJ787,A670,A321,FUK-HAN-CXR,11:45,13:10,11:45,13:10,12:00,13:06,13:07,13:10,01:25,01:07,EARLY,ONTIME,ONTIME,ONTIME,,,,,,,,12:25,13:00,,,HAN,FUK,CXR,Domestic,VJ,,,,,,,,,,,,
,2026-04-07,VJ981/VJ948,A647,A321,PUS-HAN-RMQ,10:40,13:30,10:40,13:30,10:50,13:21,13:22,13:27,02:50,02:32,EARLY,ONTIME,ONTIME,ONTIME,,,,,,,,12:40,13:16,,,HAN,PUS,RMQ,International,VJ,,,,,,,,,,,,
,2026-04-07,VJ198/VJ441,A544,A321,PQC-HAN-PQC,12:40,14:00,12:40,14:00,12:35,13:56,13:57,14:00,01:20,01:22,EARLY,ONTIME,ONTIME,ONTIME,,,,,,,,13:10,13:43,,,HAN,PQC,PQC,Domestic,VJ,,,,,,,,,,,,
,2026-04-07,VJ961/VJ525,A547,A321,ICN-HAN-DAD,13:05,14:05,13:35,14:35,13:35,14:33,14:35,14:35,01:00,01:00,ONTIME,ONTIME,DELAY,DELAY,,,,,,,,13:45,14:30,,,HAN,ICN,DAD,Domestic,VJ,,,,,,,,,,,,
,2026-04-07,VJ440/VJ143,A643,A321,SGN-HAN-SGN,13:30,14:05,13:30,14:05,13:40,14:29,14:20,14:20,00:35,00:40,DELAY,ONTIME,ONTIME,ONTIME,,93,00:05,66,00:10,,,13:42,14:10,,CREW OB 1350,HAN,SGN,SGN,Domestic,VJ,,,,,,,,,,,,
,2026-04-07,VJ961/VJ942,A547,A321,ICN-HAN-TPE,13:35,14:25,13:35,14:25,13:35,15:04,15:05,15:10,00:50,01:30,DELAY,DELAY,DELAY,ONTIME,,99,00:40,,,,,13:45,15:00,,ARRANEG PAX ON ARRIVAL,HAN,ICN,TPE,International,VJ,,,,,,,,,,,,
,2026-04-07,VJ921/VJ946,A693,A321,NGO-HAN-KHH,12:50,14:35,12:50,14:35,12:55,14:33,14:34,14:36,01:45,01:39,EARLY,ONTIME,ONTIME,ONTIME,,,,,,,,13:30,14:25,,,HAN,NGO,KHH,International,VJ,,,,,,,,,,,,
,2026-04-07,VJ1504/VJ1505,A635,A321,DAD-HAN-DAD,14:00,14:35,14:40,15:15,14:55,15:24,15:25,15:43,00:35,00:30,DELAY,ONTIME,DELAY,DELAY,,93,00:10,,,,,14:55,15:23,,,HAN,DAD,DAD,Domestic,VJ,,,,,,,,,,,,
,2026-04-07,VJ510/VJ511,A641,A321,DAD-HAN-DAD,14:35,15:05,14:35,15:05,14:50,15:19,15:20,15:20,00:30,00:30,DELAY,ONTIME,ONTIME,ONTIME,,93,00:15,,,,,14:50,15:16,,,HAN,DAD,DAD,Domestic,VJ,,,,,,,,,,,,
,2026-04-07,VJ136/VJ439,A675,A320,SGN-HAN-UIH,14:10,15:40,14:10,15:40,14:30,15:24,15:25,15:32,01:30,00:55,EARLY,ONTIME,ONTIME,DELAY,,,,,,,,14:50,15:22,,,HAN,SGN,UIH,Domestic,VJ,,,,,,,,,,,,
,2026-04-07,VJ1428/VJ147,A699,A320,PXU-HAN-SGN,14:15,16:00,14:15,16:00,14:10,15:54,15:55,16:05,01:45,01:45,EARLY,ONTIME,ONTIME,ONTIME,,,,,,,,15:10,15:50,,,HAN,PXU,SGN,Domestic,VJ,,,,,,,,,,,,
,2026-04-07,VJ508/VJ773,A671,A320,DAD-HAN-CXR,15:25,16:00,15:25,16:00,15:45,16:09,16:10,16:15,00:35,00:25,DELAY,ONTIME,ONTIME,DELAY,,93,00:10,,,,,15:45,16:07,,,HAN,DAD,CXR,Domestic,VJ,,,,,,,,,,,,
,2026-04-07,VJ906/VJ913,A655,A320,KUL-HAN-SAI,14:40,16:20,14:40,16:20,14:45,16:16,16:17,16:20,01:40,01:32,EARLY,ONTIME,ONTIME,ONTIME,,,,,,,,15:30,16:14,,,HAN,KUL,SAI,International,VJ,,,,,,,,,,,,
,2026-04-07,VJ464/VJ7866,A543,A321,VCA-HAN-DYG,15:10,16:30,15:10,16:30,15:25,16:23,16:24,16:28,01:20,00:59,EARLY,ONTIME,ONTIME,ONTIME,,,,,,,,15:55,16:22,,,HAN,VCA,DYG,International,VJ,,,,,,,,,,,,
,2026-04-07,VJ902/VJ567,A639,A321,BKK-HAN-HUI,15:50,16:40,15:50,16:40,13:55,16:34,16:35,16:38,00:50,02:40,EARLY,ONTIME,ONTIME,ONTIME,,,,,,,,15:30,16:33,,,HAN,BKK,HUI,Domestic,VJ,,,,,,,,,,,,
,2026-04-07,VJ140/VJ151,A646,A321,SGN-HAN-SGN,16:20,16:50,16:20,16:50,16:25,16:54,16:55,17:01,00:30,00:30,DELAY,ONTIME,ONTIME,ONTIME,,93,00:05,,,,,16:25,16:52,,,HAN,SGN,SGN,Domestic,VJ,,,,,,,,,,,,
,2026-04-07,VJ2982/VJ2982,A537,A321,PQC-HAN-NOZ,16:25,16:55,16:25,16:55,16:30,17:04,17:05,17:10,00:30,00:35,DELAY,ONTIME,ONTIME,ONTIME,,93,00:05,,,,,,,X,TECHSTOP,HAN,PQC,NOZ,International,VJ,,,,,,,,,,,,
,2026-04-07,VJ953/VJ495,A663,A320,HIJ-HAN-BMV,16:10,17:30,16:10,17:30,16:30,17:18,17:19,17:25,01:20,00:49,EARLY,ONTIME,ONTIME,DELAY,,,,,,,,16:50,17:17,,,HAN,HIJ,BMV,Domestic,VJ,,,,,,,,,,,,
,2026-04-07,VJ454/VJ517,A542,A321,PQC-HAN-DAD,16:45,18:05,16:45,18:05,16:50,17:57,17:58,18:01,01:20,01:08,EARLY,ONTIME,ONTIME,ONTIME,,,,,,,,17:15,17:55,,,HAN,PQC,DAD,Domestic,VJ,,,,,,,,,,,,
,2026-04-07,VJ138/VJ1153,A656,A320,SGN-HAN-SGN,15:15,18:10,15:15,18:10,15:15,18:06,18:07,18:09,02:55,02:52,EARLY,ONTIME,ONTIME,ONTIME,,,,,,,,17:25,18:05,,,HAN,SGN,SGN,Domestic,VJ,,,,,,,,,,,,
,2026-04-07,VJ512/VJ521,A641,A321,DAD-HAN-DAD,18:15,18:45,18:15,19:05,18:40,19:09,19:10,19:15,00:50,00:30,DELAY,ONTIME,DELAY,DELAY,,93,00:05,,,,,18:35,19:07,,,HAN,DAD,DAD,Domestic,VJ,,,,,,,,,,,,
,2026-04-07,VJ456/VJ1127,A636,A321,PQC-HAN-SGN,17:45,19:20,17:45,19:20,18:00,19:15,19:16,19:19,01:35,01:16,EARLY,ONTIME,ONTIME,ONTIME,,,,,,,,18:30,19:12,,,HAN,PQC,SGN,Domestic,VJ,,,,,,,,,,,,
,2026-04-07,VJ774/VJ971,A810,A321,SGN-HAN-DEL,18:05,19:40,18:05,19:40,18:10,19:39,19:40,19:47,01:35,01:30,ONTIME,ONTIME,ONTIME,ONTIME,,,,,,,,18:50,19:35,,,HAN,SGN,DEL,International,VJ,,,,,,,,,,,,
,2026-04-07,VJ528/VJ1925,A548,A321,DAD-HAN-AMD,17:25,19:45,17:25,19:45,18:10,19:42,19:43,19:45,02:20,01:33,EARLY,ONTIME,ONTIME,DELAY,,,,,,,,18:50,19:35,,,HAN,DAD,AMD,International,VJ,,,,,,,,,,,,
,2026-04-07,VJ568/VJ523,A639,A321,HUI-HAN-DAD,19:40,20:15,19:40,20:15,19:45,20:14,20:15,20:22,00:35,00:30,ONTIME,ONTIME,ONTIME,ONTIME,,,,,,,,19:45,20:14,,,HAN,HUI,DAD,Domestic,VJ,,,,,,,,,,,,
,2026-04-07,VJ144/VJ163,A820,A321,SGN-HAN-SGN,18:05,21:25,18:05,21:25,18:05,21:24,21:25,21:29,03:20,03:20,ONTIME,ONTIME,ONTIME,ONTIME,,,,,,,,20:45,21:21,,,HAN,SGN,SGN,Domestic,VJ,,,,,,,,,,,,
,2026-04-07,VJ931/VJ7526,A674,A321,KIX-HAN-CAN,18:30,22:30,18:30,22:30,18:55,22:27,22:28,22:29,04:00,03:33,EARLY,ONTIME,ONTIME,DELAY,,,,,,,,21:50,22:20,,,HAN,KIX,CAN,International,VJ,,,,,,,,,,,,
,2026-04-07,VJ943/VJ962,A547,A321,TPE-HAN-ICN,20:55,23:15,20:55,23:15,21:55,23:14,23:15,23:17,02:20,01:20,ONTIME,ONTIME,ONTIME,DELAY,,,,,,,,22:40,23:12,,,HAN,TPE,ICN,International,VJ,,,,,,,,,,,,
,2026-04-08,____/VJ932,A500,A321,HAN-NRT,,00:30,,00:30,,00:34,00:35,00:40,,,DELAY,ONTIME,ONTIME,,,99,00:05,,,,,23:45,00:33,,LATE ACPT 04PAX WITH 04BAG,HAN,HAN,NRT,International,VJ,,,,,,,,,,,,
,2026-04-08,____/VJ982,A647,A321,HAN-PUS,,01:05,,01:05,,01:03,01:05,01:05,,,ONTIME,ONTIME,ONTIME,,,,,,,,,00:09,00:55,,,HAN,HAN,PUS,International,VJ,,,,,,,,,,,,
,2026-04-08,VJ7706/VJ7706,A575,A321,CXR-HAN-KHV,00:35,01:05,00:35,01:05,00:50,01:24,01:25,01:30,00:30,00:35,DELAY,DELAY,DELAY,ONTIME,,93,00:20,,,,,,,X,TECHSTOP,HAN,CXR,KHV,International,VJ,,,,,,,,,,,,
,2026-04-08,____/VJ938,A580,A321,HAN-KIX,,01:20,,01:20,,01:07,01:08,01:10,,,EARLY,ONTIME,ONTIME,,,,,,,,,00:25,01:01,,,HAN,HAN,KIX,International,VJ,,,,,,,,,,,,
,2026-04-08,____/VJ960,A544,A321,HAN-ICN,,01:40,,01:40,,01:30,01:31,01:34,,,EARLY,ONTIME,ONTIME,,,,,,,,,00:50,01:15,,,HAN,HAN,ICN,International,VJ,,,,,,,,,,,,
,2026-04-08,____/VJ920,A693,A321,HAN-NGO,,01:40,,01:40,,01:38,01:40,01:41,,,ONTIME,ONTIME,ONTIME,,,,,,,,,00:55,01:38,,,HAN,HAN,NGO,International,VJ,,,,,,,,,,,,
,2026-04-08,____/VJ123,A532,A321,HAN-SGN,,05:30,,05:30,,05:24,05:25,05:30,,,EARLY,ONTIME,ONTIME,,,,,,,,,04:45,05:21,,,HAN,HAN,SGN,Domestic,VJ,,,,,,,,,,,,
,2026-04-08,____/VJ771,A656,A320,HAN-CXR,,05:45,,05:45,,05:38,05:40,05:40,,,EARLY,ONTIME,ONTIME,,,,,,,,,04:57,05:35,,,HAN,HAN,CXR,Domestic,VJ,,,,,,,,,,,,
,2026-04-08,____/VJ121,A666,A320,HAN-SGN,,06:00,,06:00,,05:49,05:50,05:52,,,EARLY,ONTIME,ONTIME,,,,,,,,,05:15,05:42,,,HAN,HAN,SGN,Domestic,VJ,,,,,,,,,,,,
,2026-04-08,____/VJ491,A542,A321,HAN-BMV,,06:00,,06:00,,05:54,05:55,06:01,,,EARLY,ONTIME,ONTIME,,,,,,,,,05:10,05:50,,,HAN,HAN,BMV,Domestic,VJ,,,,,,,,,,,,
,2026-04-08,____/VJ431,A655,A320,HAN-UIH,,06:05,,06:05,,05:59,06:00,06:05,,,EARLY,ONTIME,ONTIME,,,,,,,,,05:52,05:57,,,HAN,HAN,UIH,Domestic,VJ,,,,,,,,,,,,
,2026-04-08,____/VJ101,656E,C909,HAN-VCS,,06:45,,06:45,,06:39,06:40,06:42,,,EARLY,ONTIME,ONTIME,,,,,,,,,06:10,06:38,,,HAN,HAN,VCS,Domestic,VJ,,,,,,,,,,,,
,2026-04-08,VJ5069/VJ5069,A537,A321,NOZ-HAN-CXR,06:15,06:45,06:15,06:45,06:40,06:57,06:58,07:00,00:30,00:18,DELAY,ONTIME,ONTIME,DELAY,,93,00:13,,,,,,,X,TECHSTOP,HAN,NOZ,CXR,Domestic,VJ,,,,,,,,,,,,
,2026-04-08,____/VJ125,A668,A320,HAN-SGN,,07:00,,07:00,,06:54,06:55,07:02,,,EARLY,ONTIME,ONTIME,,,,,,,,,06:15,06:52,,,HAN,HAN,SGN,Domestic,VJ,,,,,,,,,,,,
,2026-04-08,____/VJ197,A671,A320,HAN-SGN,,07:20,,07:20,,07:14,07:15,07:25,,,EARLY,ONTIME,ONTIME,,,,,,,,,06:45,07:12,,,HAN,HAN,SGN,Domestic,VJ,,,,,,,,,,,,
,2026-04-08,____/VJ503,A643,A321,HAN-DAD,,07:30,,07:30,,07:24,07:25,07:35,,,EARLY,ONTIME,ONTIME,,,,,,,,,06:47,07:21,,,HAN,HAN,DAD,Domestic,VJ,,,,,,,,,,,,
,2026-04-08,____/VJ934,A543,A321,HAN-NRT,,07:55,,07:55,,07:59,08:00,08:10,,,DELAY,ONTIME,ONTIME,,,99,00:05,,,,,07:10,07:55,,LATE ACPT 02PAX WITH 04BAG,HAN,HAN,NRT,International,VJ,,,,,,,,,,,,
,2026-04-08,VJ7527/VJ930,A674,A321,CAN-HAN-KIX,03:05,07:55,03:05,07:55,03:15,07:49,07:50,07:55,04:50,04:35,EARLY,ONTIME,ONTIME,ONTIME,,,,,,,,07:02,07:47,,,HAN,CAN,KIX,International,VJ,,,,,,,,,,,,
,2026-04-08,____/VJ127,A675,A320,HAN-SGN,,08:10,,08:10,,08:08,08:10,08:11,,,ONTIME,ONTIME,ONTIME,,,,,,,,,07:25,08:05,,,HAN,HAN,SGN,Domestic,VJ,,,,,,,,,,,,
,2026-04-08,____/VJ929,A552,A321,HAN-CGK,,08:40,,08:40,,08:34,08:35,08:39,,,EARLY,ONTIME,ONTIME,,,,,,,,,07:55,08:30,,,HAN,HAN,CGK,International,VJ,,,,,,,,,,,,
,2026-04-08,VJ124/VJ129,A649,A321,SGN-HAN-SGN,08:15,08:45,08:15,08:45,08:05,08:44,08:45,08:54,00:30,00:40,ONTIME,ONTIME,ONTIME,ONTIME,,,,,,,,08:05,08:40,,,HAN,SGN,SGN,Domestic,VJ,,,,,,,,,,,,
,2026-04-08,____/VJ447,A663,A320,HAN-PQC,,08:45,,08:45,,08:44,08:45,08:48,,,ONTIME,ONTIME,ONTIME,,,,,,,,,08:00,08:40,,,HAN,HAN,PQC,Domestic,VJ,,,,,,,,,,,,
,2026-04-08,____/VJ505,A636,A321,HAN-DAD,,09:05,,09:05,,08:59,09:00,09:02,,,EARLY,ONTIME,ONTIME,,,,,,,,,08:20,08:55,,,HAN,HAN,DAD,Domestic,VJ,,,,,,,,,,,,
,2026-04-08,____/VJ563,A639,A321,HAN-HUI,,09:20,,09:20,,09:17,09:18,09:20,,,EARLY,ONTIME,ONTIME,,,,,,,,,08:35,09:15,,,HAN,HAN,HUI,Domestic,VJ,,,,,,,,,,,,
,2026-04-08,____/VJ915,A578,A321,HAN-SIN,,09:35,,09:35,,09:34,09:35,09:40,,,ONTIME,ONTIME,ONTIME,,,,,,,,,08:50,09:33,,,HAN,HAN,SIN,International,VJ,,,,,,,,,,,,
,2026-04-08,VJ1926/VJ997,A547,A321,AMD-HAN-DPS,05:55,10:05,05:55,10:05,06:20,10:04,10:05,10:10,04:10,03:45,ONTIME,ONTIME,ONTIME,DELAY,,,,,,,,09:20,10:02,,,HAN,AMD,DPS,International,VJ,,,,,,,,,,,,
,2026-04-08,VJ430/VJ463,A655,A320,UIH-HAN-VCA,09:50,10:20,09:50,10:20,09:55,10:23,10:25,10:26,00:30,00:30,DELAY,ONTIME,ONTIME,ONTIME,,93,00:05,,,,,09:55,10:20,,,HAN,UIH,VCA,Domestic,VJ,,,,,,,,,,,,
,2026-04-08,VJ963/VJ131,A548,A321,ICN-HAN-SGN,08:55,10:25,08:55,10:25,08:52,10:23,10:25,10:35,01:30,01:33,ONTIME,ONTIME,ONTIME,ONTIME,,,,,,,,09:40,10:20,,,HAN,ICN,SGN,Domestic,VJ,,,,,,,,,,,,
,2026-04-08,VJ770/VJ1427,A656,A320,CXR-HAN-PXU,09:55,10:30,09:55,10:45,10:15,10:44,10:45,10:52,00:50,00:30,ONTIME,ONTIME,DELAY,DELAY,,,,,,,,10:15,10:40,,,HAN,CXR,PXU,Domestic,VJ,,,,,,,,,,,,
,2026-04-08,VJ524/VJ507,A643,A321,DAD-HAN-DAD,10:40,11:10,10:40,11:30,11:10,11:34,11:35,11:42,00:50,00:25,DELAY,ONTIME,DELAY,DELAY,,93,00:05,,,,,11:10,11:30,,,HAN,DAD,DAD,Domestic,VJ,,,,,,,,,,,,
,2026-04-08,VJ972/VJ1443,A810,A330,DEL-HAN-PQC,05:40,11:10,05:40,11:10,06:00,11:03,11:05,11:07,05:30,05:05,EARLY,ONTIME,ONTIME,DELAY,,,,,,,,10:35,11:01,,,HAN,DEL,PQC,Domestic,VJ,,,,,,,,,,,,
,2026-04-08,VJ130/VJ133,A650,A320,SGN-HAN-SGN,10:50,11:20,10:50,11:20,11:10,11:34,11:35,11:40,00:30,00:25,DELAY,ONTIME,DELAY,DELAY,,93,00:15,,,,,11:10,11:33,,,HAN,SGN,SGN,Domestic,VJ,,,,,,,,,,,,
,2026-04-08,VJ981/VJ901,A647,A321,PUS-HAN-BKK,10:40,11:30,10:40,11:30,10:55,11:29,11:30,11:38,00:50,00:35,ONTIME,ONTIME,ONTIME,ONTIME,,,,,,,,11:00,11:25,,,HAN,PUS,BKK,International,VJ,,,,,,,,,,,,
,2026-04-08,VJ492/VJ451,A542,A321,BMV-HAN-PQC,10:00,11:45,10:00,11:45,10:00,11:37,11:38,11:43,01:45,01:38,EARLY,ONTIME,ONTIME,ONTIME,,,,,,,,11:00,11:35,,,HAN,BMV,PQC,Domestic,VJ,,,,,,,,,,,,
,2026-04-08,VJ510/VJ515,A698,A321,DAD-HAN-DAD,14:35,15:10,14:35,15:10,14:50,15:19,15:20,15:25,00:35,00:30,DELAY,ONTIME,ONTIME,ONTIME,,93,00:10,,,,,14:50,15:15,,,HAN,DAD,DAD,Domestic,VJ,,,,,,,,,,,,
,2026-04-08,VJ128/VJ137,A668,A320,SGN-HAN-SGN,11:50,12:20,11:50,12:35,12:05,12:44,12:45,12:50,00:45,00:40,DELAY,ONTIME,DELAY,ONTIME,,66,00:10,,,,,12:10,12:40,,CREW HB OB 1215,HAN,SGN,SGN,Domestic,VJ,,,,,,,,,,,,
,2026-04-08,VJ564/VJ787,A639,A321,HUI-HAN-CXR,12:20,13:10,12:20,13:10,12:25,13:01,13:02,13:10,00:50,00:37,EARLY,ONTIME,ONTIME,ONTIME,,,,,,,,12:32,12:59,,,HAN,HUI,CXR,Domestic,VJ,,,,,,,,,,,,
,2026-04-08,____/VJ948,A551,A321,HAN-RMQ,,13:30,,13:30,,13:29,13:30,13:35,,,ONTIME,ONTIME,ONTIME,,,,,,,,,12:45,13:28,,,HAN,HAN,RMQ,International,VJ,,,,,,,,,,,,
,2026-04-08,VJ198/VJ441,A689,A320,SGN-HAN-PQC,12:40,14:00,12:40,14:00,12:47,13:46,13:48,13:53,01:20,01:01,EARLY,ONTIME,ONTIME,ONTIME,,,,,,,,13:10,13:45,,,HAN,SGN,PQC,Domestic,VJ,,,,,,,,,,,,
,2026-04-08,VJ506/VJ525,A636,A321,DAD-HAN-DAD,12:15,14:05,12:15,14:05,12:30,13:58,13:59,14:00,01:50,01:29,EARLY,ONTIME,ONTIME,ONTIME,,,,,,,,13:20,13:55,,,HAN,DAD,DAD,Domestic,VJ,,,,,,,,,,,,
,2026-04-08,VJ1780/VJ143,A816,A330,CXR-HAN-SGN,13:15,14:05,13:15,14:35,13:55,14:38,14:40,14:45,01:20,00:45,DELAY,ONTIME,DELAY,DELAY,,93,00:05,,,,,14:00,14:35,,,HAN,CXR,SGN,Domestic,VJ,,,,,,,,,,,,
,2026-04-08,VJ921/VJ942,A693,A321,NGO-HAN-TPE,12:50,14:25,12:50,14:25,12:45,14:24,14:25,14:35,01:35,01:40,ONTIME,ONTIME,ONTIME,ONTIME,,,,,,,,13:40,14:20,,,HAN,NGO,TPE,International,VJ,,,,,,,,,,,,
,2026-04-08,VJ933/VJ946,A500,A321,NRT-HAN-KHH,13:05,14:35,13:05,14:35,13:35,14:34,14:35,14:38,01:30,01:00,ONTIME,ONTIME,ONTIME,DELAY,,,,,,,,13:50,14:30,,,HAN,NRT,KHH,International,VJ,,,,,,,,,,,,
,2026-04-08,VJ1504/VJ1505,A554,A321,DAD-HAN-DAD,14:00,14:35,14:00,14:35,14:10,14:39,14:40,14:50,00:35,00:30,DELAY,ONTIME,ONTIME,ONTIME,,93,00:05,,,,,14:10,14:38,,,HAN,DAD,DAD,Domestic,VJ,,,,,,,,,,,,
,2026-04-08,VJ7707/VJ7707,A575,A321,KHV-HAN-CXR,14:25,14:55,14:25,14:55,14:45,15:07,15:08,15:10,00:30,00:23,DELAY,ONTIME,ONTIME,DELAY,,93,00:13,,,,,,,X,TECHSTOP,HAN,KHV,CXR,Domestic,VJ,,,,,,,,,,,,
,2026-04-08,VJ961/VJ511,A544,A321,ICN-HAN-DAD,13:35,15:05,13:35,15:05,13:55,15:04,15:05,15:13,01:30,01:10,ONTIME,ONTIME,ONTIME,DELAY,,,,,,,,14:20,15:00,,,HAN,ICN,DAD,Domestic,VJ,,,,,,,,,,,,
,2026-04-08,VJ1428/VJ439,A656,A320,PXU-HAN-UIH,14:15,15:40,14:15,15:40,14:25,15:33,15:35,15:38,01:25,01:10,EARLY,ONTIME,ONTIME,ONTIME,,,,,,,,15:00,15:31,,,HAN,PXU,UIH,Domestic,VJ,,,,,,,,,,,,
,2026-04-08,VJ138/VJ147,A635,A621,SGN-HAN-SGN,15:15,15:45,15:15,15:45,15:20,15:49,15:50,15:54,00:30,00:30,DELAY,ONTIME,ONTIME,ONTIME,,93,00:05,,,,,15:22,15:46,,,HAN,SGN,SGN,Domestic,VJ,,,,,,,,,,,,
,2026-04-08,VJ440/VJ567,A663,A320,PQC-HAN-HUI,14:10,15:55,14:10,15:55,13:40,15:54,15:55,16:05,01:45,02:15,ONTIME,ONTIME,ONTIME,ONTIME,,,,,,,,15:15,15:50,,,HAN,PQC,HUI,Domestic,VJ,,,,,,,,,,,,
,2026-04-08,VJ508/VJ773,A643,A321,DAD-HAN-CXR,15:25,16:00,15:25,16:00,15:25,16:04,16:05,16:14,00:35,00:40,DELAY,ONTIME,ONTIME,ONTIME,,66,00:05,,,,,15:35,16:03,,CREW OB 1535,HAN,DAD,CXR,Domestic,VJ,,,,,,,,,,,,
,2026-04-08,VJ134/VJ913,A675,A320,SGN-HAN-SAI,13:30,16:20,13:30,16:20,13:35,16:16,16:17,16:21,02:50,02:42,EARLY,ONTIME,ONTIME,ONTIME,,,,,,,,15:30,16:12,,,HAN,SGN,SAI,International,VJ,,,,,,,,,,,,
,2026-04-08,VJ464/VJ1513,A655,A320,VCA-HAN-DAD,15:10,16:35,15:10,16:35,15:20,16:26,16:28,16:31,01:25,01:08,EARLY,ONTIME,ONTIME,ONTIME,,,,,,,,15:40,16:18,,,HAN,VCA,DAD,Domestic,VJ,,,,,,,,,,,,
,2026-04-08,VJ528/VJ465,A636,A321,DAD-HAN-VCA,17:25,17:00,17:25,18:00,17:35,18:04,18:05,18:10,00:35,00:30,DELAY,ONTIME,DELAY,ONTIME,,93,00:05,,,,,17:35,18:00,,,HAN,DAD,VCA,Domestic,VJ,,,,,,,,,,,,
,2026-04-08,VJ140/VJ151,A811,A330,SGN-HAN-SGN,16:20,17:20,16:20,17:20,16:20,17:37,17:40,17:42,01:00,01:20,DELAY,DELAY,DELAY,ONTIME,,41,00:20,,,,,16:25,17:10,,TECHNICAL CHECK,HAN,SGN,SGN,Domestic,VJ,,,,,,,,,,,,
,2026-04-08,VJ454/VJ495,A525,A321,PQC-HAN-BMV,16:45,17:30,16:45,17:50,17:10,17:48,17:50,17:51,01:05,00:40,ONTIME,ONTIME,DELAY,DELAY,,,,,,,,17:10,17:47,,,HAN,PQC,BMV,Domestic,VJ,,,,,,,,,,,,
,2026-04-08,VJ774/VJ517,A639,A321,CXR-HAN-DAD,17:15,17:45,17:15,18:00,17:40,18:08,18:09,18:11,00:45,00:29,DELAY,ONTIME,DELAY,DELAY,,93,00:09,,,,,17:40,18:07,,,HAN,CXR,DAD,Domestic,VJ,,,,,,,,,,,,
,2026-04-08,VJ136/VJ1153,A666,A320,SGN-HAN-SGN,14:10,18:05,14:30,18:05,14:45,17:59,18:00,18:10,03:35,03:15,EARLY,ONTIME,ONTIME,DELAY,,,,,,,,17:20,18:00,,,HAN,SGN,SGN,Domestic,VJ,,,,,,,,,,,,
,2026-04-08,VJ446/VJ521,A630,A321,PQC-HAN-DAD,16:05,18:45,16:05,18:45,17:00,18:39,18:40,18:45,02:40,01:40,EARLY,ONTIME,ONTIME,DELAY,,,,,,,,17:50,18:32,,,HAN,PQC,DAD,Domestic,VJ,,,,,,,,,,,,
,2026-04-08,VJ512/VJ1561,A544,A321,DAD-HAN-HUI,18:15,19:15,18:15,19:15,18:40,19:07,19:08,19:12,01:00,00:28,EARLY,ONTIME,ONTIME,DELAY,,,,,,,,18:35,19:02,,,HAN,DAD,HUI,Domestic,VJ,,,,,,,,,,,,
,2026-04-08,VJ442/VJ1127,A689,A320,PQC-HAN-SGN,18:45,19:20,18:45,19:20,18:55,19:29,19:30,19:34,00:35,00:35,DELAY,ONTIME,ONTIME,ONTIME,,66,00:10,,,,,19:05,19:27,,CREW OB 1905,HAN,PQC,SGN,Domestic,VJ,,,,,,,,,,,,
,2026-04-08,VJ568/VJ523,A666,A320,HUI-HAN-DAD,18:55,19:40,18:55,19:40,19:05,19:34,19:35,19:43,00:45,00:30,EARLY,ONTIME,ONTIME,ONTIME,,,,,,,,19:05,19:25,,,HAN,HUI,DAD,Domestic,VJ,,,,,,,,,,,,
,2026-04-08,VJ144/VJ7712,A668,A320,SGN-HAN-PKX,18:05,19:55,18:05,19:55,18:03,19:48,19:50,19:51,01:50,01:47,EARLY,ONTIME,ONTIME,ONTIME,,,,,,,,19:10,19:45,,,HAN,SGN,PKX,International,VJ,,,,,,,,,,,,
,2026-04-08,VJ916/VJ457,A578,A321,SIN-HAN-PQC,17:25,20:05,17:25,20:05,17:15,19:59,20:00,20:04,02:40,02:45,EARLY,ONTIME,ONTIME,ONTIME,,,,,,,,19:15,19:56,,,HAN,SIN,PQC,Domestic,VJ,,,,,,,,,,,,
,2026-04-08,VJ928/VJ907,A552,A321,CGK-HAN-BOM,18:15,20:05,18:15,20:05,18:10,20:03,20:05,20:05,01:50,01:55,ONTIME,ONTIME,ONTIME,ONTIME,,,,,,,,19:20,20:00,,,HAN,CGK,BOM,International,VJ,,,,,,,,,,,,
,2026-04-08,VJ902/VJ7815,A647,A321,BKK-HAN-MNL,16:10,20:10,16:10,20:10,16:35,19:58,20:00,20:14,04:00,03:25,EARLY,ONTIME,ONTIME,DELAY,,,,,,,,19:27,19:56,,,HAN,BKK,MNL,International,VJ,,,,,,,,,,,,
,2026-04-08,VJ438/VJ7238,A656,A320,UIH-HAN-PVG,19:25,21:15,19:25,21:15,19:20,21:03,21:05,21:05,01:50,01:45,EARLY,ONTIME,ONTIME,ONTIME,,,,,,,,20:20,21:00,,,HAN,UIH,PVG,International,VJ,,,,,,,,,,,,
,2026-04-08,VJ949/VJ163,A551,A321,RMQ-HAN-SGN,19:50,21:25,19:50,21:25,19:55,21:16,21:17,21:36,01:35,01:22,EARLY,ONTIME,ONTIME,ONTIME,,,,,,,,20:25,21:10,,,HAN,RMQ,SGN,Domestic,VJ,,,,,,,,,,,,
,2026-04-08,VJ998/VJ962,A547,A321,DPS-HAN-ICN,21:45,23:15,21:45,23:15,21:20,23:12,23:13,23:20,01:30,01:53,EARLY,ONTIME,ONTIME,ONTIME,,,,,,,,22:30,23:10,,,HAN,DPS,ICN,International,VJ,,,,,,,,,,,,
,2026-04-09,____/VJ7813,A630,A321,HAN-CEB,,00:05,,00:05,,00:03,00:05,00:05,,,ONTIME,ONTIME,ONTIME,,,,,,,,,23:15,00:00,,,HAN,HAN,CEB,International,VJ,,,,,,,,,,,,
,2026-04-09,VJ7704/VJ7704,A575,A321,CXR-HAN-VVO,23:50,00:20,23:50,00:20,00:05,00:34,00:35,00:42,00:30,00:30,DELAY,ONTIME,DELAY,ONTIME,,93,00:15,,,,,,,X,TECHSTOP,HAN,CXR,VVO,International,VJ,,,,,,,,,,,,
,2026-04-09,____/VJ932,A500,A321,HAN-NRT,,00:30,,00:30,,00:34,00:35,00:42,,,DELAY,ONTIME,ONTIME,,,15A,00:05,,,,,23:40,00:25,,"OFFLOAD 02PAX,02BAG",HAN,HAN,NRT,International,VJ,,,,,,,,,,,,
,2026-04-09,____/VJ982,A544,A321,HAN-PUS,,01:05,,01:05,,00:54,00:55,01:04,,,EARLY,ONTIME,ONTIME,,,,,,,,,00:15,00:50,,,HAN,HAN,PUS,International,VJ,,,,,,,,,,,,
,2026-04-09,____/VJ938,A674,A321,HAN-KIX,,01:20,,01:20,,01:09,01:10,01:11,,,EARLY,ONTIME,ONTIME,,,,,,,,,00:30,01:05,,,HAN,HAN,KIX,International,VJ,,,,,,,,,,,,
,2026-04-09,____/VJ960,A648,A321,HAN-ICN,,01:40,,01:40,,01:32,01:33,01:35,,,EARLY,ONTIME,ONTIME,,,,,,,,,00:50,01:30,,,HAN,HAN,ICN,International,VJ,,,,,,,,,,,,
,2026-04-09,____/VJ920,A549,A321,HAN-NGO,,01:40,,01:40,,01:34,01:35,01:39,,,EARLY,ONTIME,ONTIME,,,,,,,,,00:50,01:30,,,HAN,HAN,NGO,International,VJ,,,,,,,,,,,,
,2026-04-09,____/VJ958,A543,A321,HAN-FUK,,02:05,,02:05,,01:57,01:58,01:59,,,EARLY,ONTIME,ONTIME,,,,,,,,,01:10,01:55,,,HAN,HAN,FUK,International,VJ,,,,,,,,,,,,
,2026-04-09,____/VJ123,A643,A321,HAN-SGN,,05:30,,05:30,,05:24,05:25,05:30,,,EARLY,ONTIME,ONTIME,,,,,,,,,04:40,05:20,,,HAN,HAN,SGN,Domestic,VJ,,,,,,,,,,,,
,2026-04-09,____/VJ771,A538,A321,HAN-CXR,,05:45,,05:45,,05:39,05:40,05:45,,,EARLY,ONTIME,ONTIME,,,,,,,,,04:55,05:36,,,HAN,HAN,CXR,Domestic,VJ,,,,,,,,,,,,
,2026-04-09,____/VJ121,A663,A320,HAN-SGN,,06:00,,06:00,,05:54,05:55,06:02,,,EARLY,ONTIME,ONTIME,,,,,,,,,05:10,05:50,,,HAN,HAN,SGN,Domestic,VJ,,,,,,,,,,,,
,2026-04-09,____/VJ491,A636,A321,HAN-BMV,,06:00,,06:00,,05:54,05:55,05:56,,,EARLY,ONTIME,ONTIME,,,,,,,,,05:10,05:50,,,HAN,HAN,BMV,Domestic,VJ,,,,,,,,,,,,
,2026-04-09,____/VJ952,A655,A320,HAN-HIJ,,06:15,,06:15,,06:09,06:10,06:24,,,EARLY,ONTIME,ONTIME,,,,,,,,,05:25,06:05,,,HAN,HAN,HIJ,International,VJ,,,,,,,,,,,,
,2026-04-09,____/VJ101,656E,C909,HAN-VCS,,06:45,,06:45,,06:39,06:40,06:44,,,EARLY,ONTIME,ONTIME,,,,,,,,,05:50,06:35,,,HAN,HAN,VCS,Domestic,VJ,,,,,,,,,,,,
,2026-04-09,____/VJ125,A639,A321,HAN-SGN,,07:00,,07:00,,06:51,06:52,06:58,,,EARLY,ONTIME,ONTIME,,,,,,,,,06:10,06:47,,,HAN,HAN,SGN,Domestic,VJ,,,,,,,,,,,,
,2026-04-09,____/VJ421,A675,A320,HAN-PXU,,07:10,,07:10,,06:59,07:00,07:15,,,EARLY,ONTIME,ONTIME,,,,,,,,,06:20,06:55,,,HAN,HAN,PXU,Domestic,VJ,,,,,,,,,,,,
,2026-04-09,VJ7239/VJ905,A656,A320,PVG-HAN-KUL,04:50,07:25,04:50,07:25,04:45,07:18,07:20,07:40,02:35,02:35,EARLY,ONTIME,ONTIME,ONTIME,,,,,,,,06:35,07:15,,,HAN,PVG,KUL,International,VJ,,,,,,,,,,,,
,2026-04-09,____/VJ503,A580,A321,HAN-DAD,,07:30,,07:30,,07:24,07:25,07:51,,,EARLY,ONTIME,DELAY,,,,,,,,,06:40,07:25,,,HAN,HAN,DAD,Domestic,VJ,,,,,,,,,,,,
,2026-04-09,____/VJ934,A525,A321,HAN-NRT,,07:55,,07:55,,07:49,07:50,08:00,,,EARLY,ONTIME,ONTIME,,,,,,,,,07:05,07:40,,,HAN,HAN,NRT,International,VJ,,,,,,,,,,,,
,2026-04-09,____/VJ930,A693,A321,HAN-KIX,,07:55,,07:55,,07:49,07:50,08:00,,,EARLY,ONTIME,ONTIME,,,,,,,,,07:10,07:46,,,HAN,HAN,KIX,International,VJ,,,,,,,,,,,,
,2026-04-09,VJ7816/VJ127,A647,A321,MNL-HAN-SGN,03:50,08:10,03:50,08:10,03:40,08:04,08:05,08:14,04:20,04:25,EARLY,ONTIME,ONTIME,ONTIME,,,,,,,,07:15,08:00,,,HAN,MNL,SGN,Domestic,VJ,,,,,,,,,,,,
,2026-04-09,____/VJ929,A697,A321,HAN-CGK,,08:40,,08:40,,08:39,08:40,08:51,,,ONTIME,ONTIME,ONTIME,,,,,,,,,07:50,08:37,,,HAN,HAN,CGK,International,VJ,,,,,,,,,,,,
,2026-04-09,VJ124/VJ129,A649,A321,SGN-HAN-SGN,08:15,08:45,08:15,09:10,09:00,09:29,09:30,09:55,00:55,00:30,DELAY,DELAY,DELAY,DELAY,,93,00:10,41,00:10,,,08:45,09:18,,TECHNICAL CHECK,HAN,SGN,SGN,Domestic,VJ,,,,,,,,,,,,
,2026-04-09,VJ910/VJ447,A552,A321,BOM-HAN-PQC,07:10,08:45,07:10,08:45,07:10,08:38,08:40,08:41,01:35,01:30,EARLY,ONTIME,ONTIME,ONTIME,,,,,,,,07:50,08:37,,,HAN,BOM,PQC,Domestic,VJ,,,,,,,,,,,,
,2026-04-09,____/VJ1781,A811,A330,HAN-CXR,,09:10,,09:10,,09:09,09:10,09:20,,,ONTIME,ONTIME,ONTIME,,,,,,,,,08:25,09:08,,,HAN,HAN,CXR,Domestic,VJ,,,,,,,,,,,,
,2026-04-09,VJ7814/VJ563,A630,A321,CEB-HAN-HUI,08:20,09:20,08:20,09:20,08:35,09:17,09:18,09:25,01:00,00:43,EARLY,ONTIME,ONTIME,ONTIME,,,,,,,,08:45,09:15,,,HAN,CEB,HUI,Domestic,VJ,,,,,,,,,,,,
,2026-04-09,VJ126/VJ131,A635,A321,SGN-HAN-SGN,09:40,10:10,09:40,10:10,10:05,10:34,10:35,10:48,00:30,00:30,DELAY,DELAY,DELAY,DELAY,,93,00:25,,,,,10:00,10:33,,,HAN,SGN,SGN,Domestic,VJ,,,,,,,,,,,,
,2026-04-09,____/VJ463,A545,A321,HAN-VCA,,10:20,,10:20,,10:15,10:17,10:19,,,EARLY,ONTIME,ONTIME,,,,,,,,,09:35,10:11,,,HAN,HAN,VCA,Domestic,VJ,,,,,,,,,,,,
,2026-04-09,VJ492/VJ1427,A636,A321,BMV-HAN-PXU,10:00,10:30,10:00,10:30,10:00,10:24,10:25,10:30,00:30,00:25,EARLY,ONTIME,ONTIME,ONTIME,,,,,,,,09:46,10:22,,,HAN,BMV,PXU,Domestic,VJ,,,,,,,,,,,,
,2026-04-09,VJ963/VJ901,A547,A321,ICN-HAN-BKK,08:55,11:10,08:55,11:10,09:00,11:04,11:05,11:09,02:15,02:05,EARLY,ONTIME,ONTIME,ONTIME,,,,,,,,10:20,11:00,,,HAN,ICN,BKK,International,VJ,,,,,,,,,,,,
,2026-04-09,VJ770/VJ507,A661,A321,CXR-HAN-DAD,10:10,11:10,10:10,11:10,10:25,11:09,11:10,11:11,01:00,00:45,ONTIME,ONTIME,ONTIME,ONTIME,,,,,,,,10:30,11:07,,,HAN,CXR,DAD,Domestic,VJ,,,,,,,,,,,,
,2026-04-09,VJ130/VJ133,A643,A321,SGN-HAN-SGN,10:50,11:20,10:50,11:20,11:10,11:49,11:50,11:50,00:30,00:40,DELAY,DELAY,DELAY,DELAY,,93,00:20,66,00:10,,,11:20,11:46,,CREW HN OB 1125,HAN,SGN,SGN,Domestic,VJ,,,,,,,,,,,,
,2026-04-09,VJ524/VJ451,A647,A321,DAD-HAN-PQC,10:40,11:45,10:40,11:45,10:45,11:39,11:40,11:45,01:05,00:55,EARLY,ONTIME,ONTIME,ONTIME,,,,,,,,11:00,11:38,,,HAN,DAD,PQC,Domestic,VJ,,,,,,,,,,,,
,2026-04-09,VJ959/VJ515,A543,A321,FUK-HAN-DAD,11:25,12:10,11:25,12:10,11:27,12:08,12:10,12:15,00:45,00:43,ONTIME,ONTIME,ONTIME,ONTIME,,,,,,,,11:27,12:04,,,HAN,FUK,DAD,Domestic,VJ,,,,,,,,,,,,
,2026-04-09,____/VJ137,A668,A320,HAN-SGN,,12:35,,12:35,,12:34,12:35,12:37,,,ONTIME,ONTIME,ONTIME,,,,,,,,,11:45,12:32,,,HAN,HAN,SGN,Domestic,VJ,,,,,,,,,,,,
,2026-04-09,VJ7705/VJ7705,A575,A321,VVO-HAN-CXR,12:20,12:50,12:20,13:40,13:15,13:32,13:33,13:35,01:20,00:18,EARLY,ONTIME,DELAY,DELAY,,,,,,,,,,X,TECHSTOP,HAN,VVO,CXR,Domestic,VJ,,,,,,,,,,,,
,2026-04-09,VJ524/VJ787,A580,A321,DAD-HAN-CXR,10:40,13:10,11:20,13:10,11:25,13:09,13:10,13:14,01:50,01:45,ONTIME,ONTIME,ONTIME,DELAY,,,,,,,,12:20,13:07,,,HAN,DAD,CXR,Domestic,VJ,,,,,,,,,,,,
,2026-04-09,VJ564/VJ948,A630,A321,HUI-HAN-RMQ,12:20,13:30,12:20,13:30,12:25,13:34,13:35,13:40,01:10,01:10,DELAY,ONTIME,ONTIME,ONTIME,,15A,00:05,,,,,12:50,13:30,,OFFLOAD 03PAX+03BAG,HAN,HUI,RMQ,International,VJ,,,,,,,,,,,,
,2026-04-09,VJ933/VJ441,A500,A321,NRT-HAN-PQC,13:05,14:00,13:05,14:00,13:50,14:29,14:30,14:35,00:55,00:40,DELAY,DELAY,DELAY,DELAY,,93,00:20,66,00:10,,,13:55,14:27,,CREW HN OB 1400,HAN,NRT,PQC,Domestic,VJ,,,,,,,,,,,,
,2026-04-09,VJ422/VJ7316,A675,A320,PXU-HAN-ENH,10:50,14:00,10:50,14:00,10:50,13:54,13:55,13:59,03:10,03:05,EARLY,ONTIME,ONTIME,ONTIME,,,,,,,,13:20,13:50,,,HAN,PXU,ENH,International,VJ,,,,,,,,,,,,
,2026-04-09,VJ134/VJ525,A647,A321,SGN-HAN-DAD,13:30,14:05,13:30,14:05,13:45,14:19,14:20,14:25,00:35,00:35,DELAY,ONTIME,DELAY,ONTIME,,93,00:10,66,00:05,,,13:50,14:17,,CREW HN OB 1352,HAN,SGN,DAD,Domestic,VJ,,,,,,,,,,,,
,2026-04-09,VJ921/VJ143,A549,A321,NGO-HAN-SGN,12:50,14:05,12:50,14:05,12:55,14:02,14:04,14:12,01:15,01:09,EARLY,ONTIME,ONTIME,ONTIME,,,,,,,,13:20,14:00,,,HAN,NGO,SGN,Domestic,VJ,,,,,,,,,,,,
,2026-04-09,VJ939/VJ942,A674,A321,KIX-HAN-TPE,12:20,14:25,12:20,14:25,12:45,14:24,14:25,14:30,02:05,01:40,ONTIME,ONTIME,ONTIME,DELAY,,,,,,,,13:40,14:22,,,HAN,KIX,TPE,International,VJ,,,,,,,,,,,,
,2026-04-09,VJ961/VJ946,A648,A321,ICN-HAN-KHH,13:30,14:35,13:30,14:35,13:40,14:25,14:26,14:29,01:05,00:46,EARLY,ONTIME,ONTIME,ONTIME,,,,,,,,13:45,14:24,,,HAN,ICN,KHH,International,VJ,,,,,,,,,,,,
,2026-04-09,VJ1504/VJ1505,A629,A321,DAD-HAN-DAD,14:00,14:35,14:00,15:25,15:05,15:34,15:35,15:45,01:25,00:30,DELAY,ONTIME,DELAY,DELAY,,93,00:10,,,,,14:52,15:31,,,HAN,DAD,DAD,Domestic,VJ,,,,,,,,,,,,
,2026-04-09,VJ128/VJ141,A550,A321,SGN-HAN-SGN,11:50,14:40,11:50,14:40,12:13,14:34,14:35,14:39,02:50,02:22,EARLY,ONTIME,ONTIME,DELAY,,,,,,,,14:05,14:35,,,HAN,SGN,SGN,Domestic,VJ,,,,,,,,,,,,
,2026-04-09,VJ510/VJ511,A661,A321,DAD-HAN-DAD,14:35,15:05,14:35,15:05,14:45,15:14,15:15,15:20,00:30,00:30,DELAY,ONTIME,ONTIME,ONTIME,,93,00:10,,,,,14:45,15:12,,,HAN,DAD,DAD,Domestic,VJ,,,,,,,,,,,,
,2026-04-09,VJ136/VJ439,A663,A320,SGN-HAN-UIH,14:10,15:40,14:10,15:40,14:45,15:37,15:38,15:41,01:30,00:53,EARLY,ONTIME,ONTIME,DELAY,,,,,,,,14:55,15:35,,,HAN,SGN,UIH,Domestic,VJ,,,,,,,,,,,,
,2026-04-09,VJ138/VJ147,A658,A320,SGN-HAN-SGN,15:15,15:45,15:15,15:45,15:15,15:44,15:45,15:50,00:30,00:30,ONTIME,ONTIME,ONTIME,ONTIME,,,,,,,,15:15,15:41,,,HAN,SGN,SGN,Domestic,VJ,,,,,,,,,,,,
,2026-04-09,VJ1428/VJ567,A636,A321,PXU-HAN-HUI,14:15,15:55,14:15,15:55,14:10,15:52,15:53,16:05,01:40,01:43,EARLY,ONTIME,ONTIME,ONTIME,,,,,,,,15:10,15:49,,,HAN,PXU,HUI,Domestic,VJ,,,,,,,,,,,,
,2026-04-09,VJ464/VJ773,A545,A321,DAD-HAN-CXR,15:10,16:00,15:10,16:00,15:25,16:04,16:05,16:20,00:50,00:40,DELAY,ONTIME,DELAY,ONTIME,,66,00:05,,,,,15:36,16:02,,CREW HN OB 1540,HAN,DAD,CXR,Domestic,VJ,,,,,,,,,,,,
,2026-04-09,VJ906/VJ913,A656,A320,KUL-HAN-SAI,14:40,16:20,14:40,16:20,14:40,16:09,16:10,16:32,01:40,01:30,EARLY,ONTIME,ONTIME,ONTIME,,,,,,,,15:35,16:07,,,HAN,KUL,SAI,International,VJ,,,,,,,,,,,,
,2026-04-09,VJ140/VJ151,A635,A321,SGN-HAN-SGN,16:20,16:50,16:20,16:50,16:25,16:54,16:55,17:00,00:30,00:30,DELAY,ONTIME,ONTIME,ONTIME,,93,00:05,,,,,16:25,16:52,,,HAN,SGN,SGN,Domestic,VJ,,,,,,,,,,,,
,2026-04-09,VJ5068/VJ5068,A537,A321,CXR-HAN-NOZ,16:25,16:55,16:25,16:55,16:45,17:12,17:13,17:19,00:30,00:28,DELAY,DELAY,DELAY,DELAY,,93,00:18,,,,,,,X,TECHSTOP,HAN,CXR,NOZ,International,VJ,,,,,,,,,,,,
,2026-04-09,VJ440/VJ465,A552,A321,VCA-HAN-VCA,13:30,17:00,13:30,17:00,13:25,16:59,17:00,17:06,03:30,03:35,ONTIME,ONTIME,ONTIME,ONTIME,,,,,,,,16:10,16:56,,,HAN,VCA,VCA,Domestic,VJ,,,,,,,,,,,,
,2026-04-09,VJ454/VJ495,A544,A321,PQC-HAN-BMV,16:45,17:30,16:45,17:30,16:50,17:29,17:30,17:32,00:45,00:40,ONTIME,ONTIME,ONTIME,ONTIME,,,,,,,,16:45,17:25,,,HAN,PQC,BMV,Domestic,VJ,,,,,,,,,,,,
,2026-04-09,VJ508/VJ517,A543,A321,DAD-HAN-DAD,15:25,17:45,15:50,17:45,15:25,17:44,17:45,17:54,01:55,02:20,ONTIME,ONTIME,ONTIME,ONTIME,,,,,,,,17:05,17:40,,,HAN,DAD,DAD,Domestic,VJ,,,,,,,,,,,,
,2026-04-09,VJ902/VJ1153,A547,A321,BKK-HAN-SGN,15:50,18:05,15:50,18:05,16:48,18:04,18:05,18:15,02:15,01:17,ONTIME,ONTIME,ONTIME,DELAY,,,,,,,,17:20,18:03,,,HAN,BKK,SGN,Domestic,VJ,,,,,,,,,,,,
,2026-04-09,VJ528/VJ521,A647,A321,DAD-HAN-DAD,17:25,18:45,17:25,18:45,17:50,18:42,18:43,18:45,01:20,00:53,EARLY,ONTIME,ONTIME,DELAY,,,,,,,,18:10,18:40,,,HAN,DAD,DAD,Domestic,VJ,,,,,,,,,,,,
,2026-04-09,VJ774/VJ1127,A575,A321,CXR-HAN-SGN,17:15,19:20,17:15,19:20,18:45,19:24,19:25,19:32,02:05,00:40,DELAY,ONTIME,ONTIME,DELAY,,,,,,,,18:55,19:22,,CREW HN OB 1855,HAN,CXR,SGN,Domestic,VJ,,,,,,,,,,,,
,2026-04-09,____/VJ971,A810,A330,HAN-DEL,,19:40,,19:40,,19:37,19:38,19:42,,,EARLY,ONTIME,ONTIME,,,,,,,,,18:55,19:35,,,HAN,HAN,DEL,International,VJ,,,,,,,,,,,,
,2026-04-09,VJ568/VJ523,A636,A321,HUI-HAN-DAD,18:55,19:40,18:55,19:40,19:25,19:53,19:55,19:58,00:45,00:30,DELAY,ONTIME,DELAY,DELAY,,93,00:15,,,,,19:25,19:50,,,HAN,HUI,DAD,Domestic,VJ,,,,,,,,,,,,
,2026-04-09,VJ928/VJ1925,A697,A321,CGK-HAN-AMD,18:15,19:45,18:15,19:45,18:15,19:41,19:42,12:44,01:30,01:27,EARLY,ONTIME,ONTIME,ONTIME,,,,,,,,19:10,19:40,,,HAN,CGK,AMD,International,VJ,,,,,,,,,,,,
,2026-04-09,VJ953/VJ7712,A655,A320,HIJ-HAN-PKX,16:10,19:55,16:10,19:55,16:35,19:45,19:46,19:48,03:45,03:11,EARLY,ONTIME,ONTIME,DELAY,,,,,,,,19:05,19:43,,,HAN,HIJ,PKX,International,VJ,,,,,,,,,,,,
,2026-04-09,VJ7317/VJ7238,A675,A320,ENH-HAN-PVG,19:25,21:15,19:25,21:15,19:20,21:09,21:10,21:12,01:50,01:50,EARLY,ONTIME,ONTIME,ONTIME,,,,,,,,20:30,21:06,,,HAN,ENH,PVG,International,VJ,,,,,,,,,,,,
,2026-04-09,VJ154/VJ163,A673,A321,SGN-HAN-SGN,20:55,21:25,20:55,21:25,21:25,21:54,21:55,22:00,00:30,00:30,DELAY,DELAY,DELAY,DELAY,,93,00:30,,,,,21:25,21:52,,,HAN,SGN,SGN,Domestic,VJ,,,,,,,,,,,,
,2026-04-09,VJ935/VJ7526,A525,A321,NRT-HAN-CAN,20:05,22:30,20:05,22:30,20:45,22:21,22:22,22:23,02:25,01:37,EARLY,ONTIME,ONTIME,DELAY,,,,,,,,21:50,22:20,,,HAN,NRT,CAN,International,VJ,,,,,,,,,,,,
,2026-04-09,VJ442/VJ962,A500,A321,VCA-HAN-ICN,18:45,23:15,18:45,23:15,19:25,23:14,23:15,23:20,04:30,03:50,ONTIME,ONTIME,ONTIME,DELAY,,,,,,,,22:30,23:10,,,HAN,VCA,ICN,International,VJ,,,,,,,,,,,,
,2026-04-10,____/VJ932,A552,A321,HAN-NRT,,00:30,,00:30,,00:24,00:25,00:35,,,EARLY,ONTIME,ONTIME,,,,,,,,,23:40,00:22,,,HAN,HAN,NRT,International,VJ,,,,,,,,,,,,
,2026-04-10,VJ2978/VJ2978,A580,A321,CXR-HAN-VVO,00:15,00:45,00:15,00:45,00:35,01:24,01:25,01:38,00:30,00:50,DELAY,DELAY,DELAY,DELAY,,93,00:20,99,00:20,,,,,X,TECHSTOP- PAX NEED MEDIC SUPPORT,HAN,CXR,VVO,International,VJ,,,,,,,,,,,,
,2026-04-10,____/VJ982,A630,A321,HAN-PUS,,01:05,,01:05,,00:59,01:00,01:02,,,EARLY,ONTIME,ONTIME,,,,,,,,,00:10,00:55,,,HAN,HAN,PUS,International,VJ,,,,,,,,,,,,
,2026-04-10,VJ3525/VJ3525,A550,A321,PQC-HAN-BQS,00:45,01:15,00:45,01:15,00:40,01:14,01:15,01:17,00:30,00:35,ONTIME,ONTIME,ONTIME,ONTIME,,,,,,,,,,X,TECHSTOP,HAN,PQC,BQS,International,VJ,,,,,,,,,,,,
,2026-04-10,____/VJ938,A693,A321,HAN-KIX,,01:20,,01:20,,01:18,01:19,01:22,,,EARLY,ONTIME,ONTIME,,,,,,,,,00:35,01:15,,,HAN,HAN,KIX,International,VJ,,,,,,,,,,,,
,2026-04-10,____/VJ960,A646,A321,HAN-ICN,,01:40,,01:40,,01:33,01:35,01:40,,,EARLY,ONTIME,ONTIME,,,,,,,,,00:50,01:30,,,HAN,HAN,ICN,International,VJ,,,,,,,,,,,,
,2026-04-10,____/VJ920,A545,A321,HAN-NGO,,01:40,,01:40,,01:34,01:35,01:37,,,EARLY,ONTIME,ONTIME,,,,,,,,,00:50,01:32,,,HAN,HAN,NGO,International,VJ,,,,,,,,,,,,
,2026-04-10,____/VJ958,A547,A321,HAN-FUK,,02:05,,02:05,,01:50,01:51,01:57,,,EARLY,ONTIME,ONTIME,,,,,,,,,01:15,01:48,,,HAN,HAN,FUK,International,VJ,,,,,,,,,,,,
,2026-04-10,____/VJ123,A647,A321,HAN-SGN,,05:30,,05:30,,05:24,05:25,05:35,,,EARLY,ONTIME,ONTIME,,,,,,,,,04:45,05:22,,,HAN,HAN,SGN,Domestic,VJ,,,,,,,,,,,,
,2026-04-10,____/VJ565,A636,A321,HAN-HUI,,05:40,,05:40,,05:34,05:35,05:43,,,EARLY,ONTIME,ONTIME,,,,,,,,,04:45,05:32,,,HAN,HAN,HUI,Domestic,VJ,,,,,,,,,,,,
,2026-04-10,____/VJ771,A635,A321,HAN-CXR,,05:45,,05:45,,05:39,05:40,05:55,,,EARLY,ONTIME,ONTIME,,,,,,,,,04:50,05:37,,,HAN,HAN,CXR,Domestic,VJ,,,,,,,,,,,,
,2026-04-10,____/VJ121,A656,A320,HAN-SGN,,06:00,,06:00,,05:54,05:55,06:06,,,EARLY,ONTIME,ONTIME,,,,,,,,,05:15,05:52,,,HAN,HAN,SGN,Domestic,VJ,,,,,,,,,,,,
,2026-04-10,____/VJ491,A663,A320,HAN-BMV,,06:00,,06:00,,05:54,05:55,06:03,,,EARLY,ONTIME,ONTIME,,,,,,,,,05:15,05:52,,,HAN,HAN,BMV,Domestic,VJ,,,,,,,,,,,,
,2026-04-10,____/VJ431,A668,A320,HAN-UIH,,06:05,,06:05,,05:59,06:00,06:10,,,EARLY,ONTIME,ONTIME,,,,,,,,,05:20,05:57,,,HAN,HAN,UIH,Domestic,VJ,,,,,,,,,,,,
,2026-04-10,VJ7614/VJ7614,A516,A321,CXR-HAN-BQS,13:30,06:10,05:40,06:10,05:35,06:04,06:05,06:15,00:30,00:30,EARLY,ONTIME,ONTIME,ONTIME,,,,,,,,,,X,TECHSTOP,HAN,CXR,BQS,International,VJ,,,,,,,,,,,,
,2026-04-10,____/VJ101,656E,C909,HAN-VCS,,06:45,,06:45,,06:39,06:40,06:51,,,EARLY,ONTIME,ONTIME,,,,,,,,,06:05,06:35,,,HAN,HAN,VCS,Domestic,VJ,,,,,,,,,,,,
,2026-04-10,VJ5069/VJ5069,A537,A321,NOZ-HAN-CXR,08:30,06:45,06:15,07:45,06:50,07:14,07:15,07:40,01:30,00:25,EARLY,ONTIME,DELAY,ONTIME,,,,,,,,,,X,TECHSTOP,HAN,NOZ,CXR,Domestic,VJ,,,,,,,,,,,,
,2026-04-10,____/VJ125,A553,A321,HAN-SGN,,07:00,,07:00,,06:54,06:55,07:05,,,EARLY,ONTIME,ONTIME,,,,,,,,,06:10,06:50,,,HAN,HAN,SGN,Domestic,VJ,,,,,,,,,,,,
,2026-04-10,____/VJ503,A640,A321,HAN-DAD,,07:30,,07:30,,07:24,07:25,07:28,,,EARLY,ONTIME,ONTIME,,,,,,,,,06:45,07:20,,,HAN,HAN,DAD,Domestic,VJ,,,,,,,,,,,,
,2026-04-10,VJ7527/VJ934,A525,A321,CAN-HAN-NRT,03:05,07:55,03:05,07:55,03:35,07:49,07:50,07:55,04:50,04:15,EARLY,ONTIME,ONTIME,DELAY,,,,,,,,07:05,07:45,,,HAN,CAN,NRT,International,VJ,,,,,,,,,,,,
,2026-04-10,____/VJ930,A543,A321,HAN-KIX,,07:55,,07:55,,07:43,07:44,07:47,,,EARLY,ONTIME,ONTIME,,,,,,,,,07:10,07:40,,,HAN,HAN,KIX,International,VJ,,,,,,,,,,,,
,2026-04-10,____/VJ127,A639,A321,HAN-SGN,,08:10,,08:10,,08:04,08:05,08:08,,,EARLY,ONTIME,ONTIME,,,,,,,,,07:20,08:00,,,HAN,HAN,SGN,Domestic,VJ,,,,,,,,,,,,
,2026-04-10,VJ1926/VJ929,A697,A321,AMD-HAN-CGK,05:55,08:40,05:55,08:40,06:30,08:36,08:37,08:38,02:45,02:07,EARLY,ONTIME,ONTIME,DELAY,,,,,,,,07:55,08:30,,,HAN,AMD,CGK,International,VJ,,,,,,,,,,,,
,2026-04-10,VJ124/VJ129,A699,A320,SGN-HAN-SGN,08:15,08:45,08:15,08:45,08:20,08:44,08:45,08:51,00:30,00:25,ONTIME,ONTIME,ONTIME,ONTIME,,,,,,,,08:20,08:43,,,HAN,SGN,SGN,Domestic,VJ,,,,,,,,,,,,
,2026-04-10,VJ7239/VJ447,A675,A320,PVG-HAN-PQC,04:50,08:45,04:50,08:45,04:55,08:38,08:40,08:42,03:55,03:45,EARLY,ONTIME,ONTIME,ONTIME,,,,,,,,08:00,08:38,,,HAN,PVG,PQC,Domestic,VJ,,,,,,,,,,,,
,2026-04-10,____/VJ563,A648,A321,HAN-HUI,,09:20,,09:20,,09:14,09:15,09:25,,,EARLY,ONTIME,ONTIME,,,,,,,,,08:30,09:10,,,HAN,HAN,HUI,Domestic,VJ,,,,,,,,,,,,
,2026-04-10,____/VJ915,A661,A321,HAN-SIN,,09:35,,09:35,,09:27,09:28,09:29,,,EARLY,ONTIME,ONTIME,,,,,,,,,08:50,09:25,,,HAN,HAN,SIN,International,VJ,,,,,,,,,,,,
,2026-04-10,____/VJ997,A674,A321,HAN-DPS,,10:05,,10:05,,10:04,10:05,10:12,,,ONTIME,ONTIME,ONTIME,,,,,,,,,09:15,09:50,,,HAN,HAN,DPS,International,VJ,,,,,,,,,,,,
,2026-04-10,VJ566/VJ463,A636,A321,HUI-HAN-VCA,08:50,10:20,08:50,10:20,08:43,10:16,10:18,10:23,01:30,01:35,EARLY,ONTIME,ONTIME,ONTIME,,,,,,,,09:20,10:13,,,HAN,HUI,VCA,Domestic,VJ,,,,,,,,,,,,
,2026-04-10,VJ430/VJ1427,A668,A320,UIH-HAN-PXU,09:50,10:30,09:50,10:30,10:00,10:27,10:29,10:30,00:40,00:29,EARLY,ONTIME,ONTIME,ONTIME,,,,,,,,09:50,10:22,,,HAN,UIH,PXU,Domestic,VJ,,,,,,,,,,,,
,2026-04-10,VJ972/VJ131,A810,A330,DEL-HAN-SGN,05:40,10:40,05:40,10:40,05:50,10:49,10:50,10:55,05:00,05:00,DELAY,ONTIME,ONTIME,ONTIME,,95,00:10,,,,,10:19,10:48,,CREW FROM VJ126 OB 1020,HAN,DEL,SGN,Domestic,VJ,,,,,,,,,,,,
,2026-04-10,____/VJ901,A544,A321,HAN-BKK,,11:10,,11:10,,11:09,11:10,11:11,,,ONTIME,ONTIME,ONTIME,,,,,,,,,10:30,11:04,,,HAN,HAN,BKK,International,VJ,,,,,,,,,,,,
,2026-04-10,VJ524/VJ507,A640,A321,DAD-HAN-DAD,10:40,11:20,10:40,11:20,10:55,11:24,11:25,11:35,00:40,00:30,DELAY,ONTIME,ONTIME,ONTIME,,93,00:05,,,,,10:51,11:23,,,HAN,DAD,DAD,Domestic,VJ,,,,,,,,,,,,
,2026-04-10,VJ130/VJ133,A575,A321,SGN-HAN-SGN,10:50,11:20,10:50,11:20,11:10,11:39,11:40,11:49,00:30,00:30,DELAY,DELAY,DELAY,DELAY,,93,00:20,,,,,11:10,11:35,,,HAN,SGN,SGN,Domestic,VJ,,,,,,,,,,,,
,2026-04-10,VJ981/VJ451,A630,A321,PUS-HAN-PQC,10:40,11:45,10:40,11:45,11:15,11:43,11:45,11:46,01:05,00:30,ONTIME,ONTIME,ONTIME,DELAY,,,,,,,,11:20,11:42,,,HAN,PUS,PQC,Domestic,VJ,,,,,,,,,,,,
,2026-04-10,VJ492/VJ515,A663,A320,BMV-HAN-DAD,10:00,12:10,10:00,12:10,10:20,12:07,12:08,12:09,02:10,01:48,EARLY,ONTIME,ONTIME,DELAY,,,,,,,,11:12,12:02,,,HAN,BMV,DAD,Domestic,VJ,,,,,,,,,,,,
,2026-04-10,____/VJ137,A655,A320,HAN-SGN,,12:20,,12:20,,12:17,12:19,12:22,,,EARLY,ONTIME,ONTIME,,,,,,,,,11:30,12:16,,,HAN,HAN,SGN,Domestic,VJ,,,,,,,,,,,,
,2026-04-10,VJ959/VJ787,A547,A321,FUK-HAN-CXR,11:25,13:10,11:25,13:10,11:45,13:05,13:07,13:08,01:45,01:22,EARLY,ONTIME,ONTIME,DELAY,,,,,,,,12:20,13:00,,,HAN,FUK,CXR,Domestic,VJ,,,,,,,,,,,,
,2026-04-10,VJ2979/VJ2979,A580,A321,VVO-HAN-CXR,12:45,13:15,12:45,13:15,13:40,14:09,14:10,14:23,00:30,00:30,DELAY,DELAY,DELAY,DELAY,,93,00:55,,,,,,,X,TECHSTOP,HAN,VVO,CXR,Domestic,VJ,,,,,,,,,,,,
,2026-04-10,VJ963/VJ948,A500,A321,ICN-HAN-RMQ,08:55,13:30,08:55,13:30,10:40,13:23,13:24,13:27,04:35,02:44,EARLY,ONTIME,ONTIME,DELAY,,,,,,,,12:40,14:22,,,HAN,ICN,RMQ,International,VJ,,,,,,,,,,,,
,2026-04-10,VJ440/VJ441,A675,A320,PQC-HAN-PQC,13:30,14:00,13:30,14:00,13:30,13:59,14:00,14:05,00:30,00:30,ONTIME,ONTIME,ONTIME,ONTIME,,,,,,,,13:25,13:57,,,HAN,PQC,PQC,Domestic,VJ,,,,,,,,,,,,
,2026-04-10,VJ128/VJ525,A553,A321,SGN-HAN-DAD,11:50,14:05,11:50,14:05,12:20,14:04,14:05,14:15,02:15,01:45,ONTIME,ONTIME,ONTIME,DELAY,,,,,,,,13:35,14:03,,,HAN,SGN,DAD,Domestic,VJ,,,,,,,,,,,,
,2026-04-10,VJ939/VJ143,A693,A321,KIX-HAN-SGN,12:20,14:05,12:20,14:05,13:03,14:04,14:05,14:10,01:45,01:02,ONTIME,ONTIME,ONTIME,DELAY,,,,,,,,13:15,14:00,,,HAN,KIX,SGN,Domestic,VJ,,,,,,,,,,,,
,2026-04-10,VJ3526/VJ3526,A550,A321,BQS-HAN-PQC,13:45,14:15,13:45,14:15,13:50,14:10,14:11,14:15,00:30,00:21,EARLY,ONTIME,ONTIME,ONTIME,,,,,,,,,,X,TECHSTOP,HAN,BQS,PQC,Domestic,VJ,,,,,,,,,,,,
,2026-04-10,VJ933/VJ942,A552,A321,NRT-HAN-TPE,13:05,14:25,13:05,14:25,14:00,14:44,14:45,14:55,01:20,00:45,DELAY,DELAY,DELAY,DELAY,,93,00:05,66,00:15,,,14:20,14:42,,LATE ARR/CHANGE CREW HN OB 1420,HAN,NRT,TPE,International,VJ,,,,,,,,,,,,
,2026-04-10,VJ770/VJ1505,A635,A321,CXR-HAN-DAD,09:55,14:35,09:55,14:35,10:41,14:34,14:35,14:37,04:40,03:54,ONTIME,ONTIME,ONTIME,DELAY,,,,,,,,13:50,14:31,,,HAN,CXR,DAD,Domestic,VJ,,,,,,,,,,,,
,2026-04-10,VJ564/VJ946,A648,A321,HUI-HAN-KHH,12:20,14:35,12:20,14:35,12:15,14:24,14:25,14:31,02:15,02:10,EARLY,ONTIME,ONTIME,ONTIME,,,,,,,,13:50,14:21,,,HAN,HUI,KHH,International,VJ,,,,,,,,,,,,
,2026-04-10,VJ961/VJ141,A646,A321,ICN-HAN-SGN,13:35,14:40,13:35,14:40,14:05,14:39,14:40,14:41,01:05,00:35,ONTIME,ONTIME,ONTIME,DELAY,,,,,,,,14:15,14:39,,,HAN,ICN,SGN,Domestic,VJ,,,,,,,,,,,,
,2026-04-10,VJ510/VJ511,A640,A321,DAD-HAN-DAD,14:35,15:05,14:35,15:05,15:00,15:29,15:30,15:33,00:30,00:30,DELAY,DELAY,DELAY,DELAY,,93,00:25,,,,,14:55,15:21,,,HAN,DAD,DAD,Domestic,VJ,,,,,,,,,,,,
,2026-04-10,VJ136/VJ439,A656,A320,SGN-HAN-UIH,14:10,15:40,14:10,15:40,14:45,15:39,15:40,15:48,01:30,00:55,ONTIME,ONTIME,ONTIME,DELAY,,,,,,,,14:55,15:26,,,HAN,SGN,UIH,Domestic,VJ,,,,,,,,,,,,
,2026-04-10,VJ138/VJ147,A689,A320,SGN-HAN-SGN,15:15,15:45,15:15,15:45,15:10,15:44,15:45,15:48,00:30,00:35,ONTIME,ONTIME,ONTIME,ONTIME,,,,,,,,15:00,15:40,,,HAN,SGN,SGN,Domestic,VJ,,,,,,,,,,,,
,2026-04-10,VJ921/VJ567,A545,A321,NGO-HAN-HUI,12:50,15:55,12:50,15:55,13:17,16:14,16:15,16:20,03:05,02:58,DELAY,DELAY,DELAY,DELAY,,,,,,,,15:40,16:12,,CREW FROM VJ464 OB 1550,HAN,NGO,HUI,Domestic,VJ,,,,,,,,,,,,
,2026-04-10,VJ134/VJ773,A683,A321,SGN-HAN-CXR,13:30,16:00,13:30,16:00,13:35,15:59,16:00,16:10,02:30,02:25,ONTIME,ONTIME,ONTIME,ONTIME,,,,,,,,15:15,15:58,,,HAN,SGN,CXR,Domestic,VJ,,,,,,,,,,,,
,2026-04-10,VJ1428/VJ913,A668,A320,PXU-HAN-SAI,14:15,16:20,14:15,16:20,14:10,16:18,16:20,16:22,02:05,02:10,ONTIME,ONTIME,ONTIME,ONTIME,,,,,,,,15:30,16:15,,,HAN,PXU,SAI,International,VJ,,,,,,,,,,,,
,2026-04-10,VJ508/VJ1513,A663,A320,DAD-HAN-DAD,15:25,16:35,15:25,16:35,15:35,16:28,16:29,16:30,01:10,00:54,EARLY,ONTIME,ONTIME,ONTIME,,,,,,,,15:50,16:26,,,HAN,DAD,DAD,Domestic,VJ,,,,,,,,,,,,
,2026-04-10,VJ140/VJ151,A676,A320,SGN-HAN-SGN,16:20,16:50,16:20,16:50,16:30,16:54,16:55,17:05,00:30,00:25,DELAY,ONTIME,ONTIME,ONTIME,,,,,,,,16:30,16:52,,,HAN,SGN,SGN,Domestic,VJ,,,,,,,,,,,,
,2026-04-10,VJ464/VJ465,A636,A321,VCA-HAN-VCA,15:10,17:00,15:10,17:00,15:30,16:59,17:00,17:04,01:50,01:30,ONTIME,ONTIME,ONTIME,DELAY,,,,,,,,16:15,16:55,,,HAN,VCA,VCA,Domestic,VJ,,,,,,,,,,,,
,2026-04-10,VJ454/VJ495,A630,A321,PQC-HAN-BMV,16:45,17:30,16:45,17:30,17:15,17:44,17:45,17:45,00:45,00:30,DELAY,ONTIME,ONTIME,DELAY,,93,00:15,,,,,16:57,17:42,,,HAN,PQC,BMV,Domestic,VJ,,,,,,,,,,,,
,2026-04-10,VJ774/VJ517,A537,A321,CXR-HAN-DAD,17:30,18:00,17:30,18:40,18:05,18:39,18:40,18:45,01:10,00:35,ONTIME,ONTIME,DELAY,DELAY,,,,,,,,18:05,18:38,,,HAN,CXR,DAD,Domestic,VJ,,,,,,,,,,,,
,2026-04-10,VJ902/VJ1153,A635,A321,BKK-HAN-SGN,15:50,18:05,15:50,18:05,15:55,18:04,18:05,18:10,02:15,02:10,ONTIME,ONTIME,ONTIME,ONTIME,,,,,,,,17:15,18:02,,,HAN,BKK,SGN,Domestic,VJ,,,,,,,,,,,,
,2026-04-10,VJ446/VJ521,A667,A321,PQC-HAN-DAD,16:05,18:45,16:55,18:45,16:55,18:44,18:45,18:50,01:50,01:50,ONTIME,ONTIME,ONTIME,DELAY,,,,,,,,18:00,18:42,,,HAN,PQC,DAD,Domestic,VJ,,,,,,,,,,,,
,2026-04-10,VJ148/VJ155,A673,A321,SGN-HAN-SGN,18:25,18:55,18:25,18:55,18:35,19:04,19:05,19:10,00:30,00:30,DELAY,ONTIME,ONTIME,ONTIME,,93,00:10,,,,,18:25,19:00,,,HAN,SGN,SGN,Domestic,VJ,,,,,,,,,,,,
,2026-04-10,VJ7615/VJ7615,A516,A321,BQS-HAN-CXR,18:40,19:10,18:40,19:10,19:00,20:04,20:05,20:10,00:30,01:05,DELAY,DELAY,DELAY,DELAY,,93,00:20,99,00:35,,,,,X,TECHSTOP / SUPPORT PAX NEED MEDICAL,HAN,BQS,CXR,Domestic,VJ,,,,,,,,,,,,
,2026-04-10,VJ1504/VJ1561,A553,A321,DAD-HAN-HUI,17:25,19:15,17:25,19:15,18:00,19:14,19:15,19:28,01:50,01:15,ONTIME,ONTIME,ONTIME,DELAY,,,,,,,,18:30,19:12,,,HAN,DAD,HUI,Domestic,VJ,,,,,,,,,,,,
,2026-04-10,VJ442/VJ1127,A675,A320,PQC-HAN-SGN,18:45,19:20,18:45,19:20,19:25,19:48,19:50,19:50,00:35,00:25,DELAY,DELAY,DELAY,DELAY,,93,00:30,,,,,19:20,19:47,,CREW HN OB 1930,HAN,PQC,SGN,Domestic,VJ,,,,,,,,,,,,
,2026-04-10,VJ512/VJ523,A640,A321,DAD-HAN-DAD,18:15,19:40,18:15,19:40,19:05,20:09,20:10,20:18,01:25,01:05,DELAY,DELAY,DELAY,DELAY,,95,00:30,,,,,19:38,20:07,,WAIT CREW FR VJ442 OB 1938,HAN,DAD,DAD,Domestic,VJ,,,,,,,,,,,,
,2026-04-10,VJ144/VJ7712,A655,A320,SGN-HAN-PKX,18:05,19:55,18:05,19:55,18:20,19:54,19:55,20:00,01:50,01:35,ONTIME,ONTIME,ONTIME,ONTIME,,,,,,,,19:20,19:54,,,HAN,SGN,PKX,International,VJ,,,,,,,,,,,,
,2026-04-10,VJ931/VJ907,A543,A321,KIX-HAN-BOM,18:30,20:05,18:30,20:05,19:20,20:04,20:05,20:14,01:35,00:45,ONTIME,ONTIME,ONTIME,DELAY,,,,,,,,19:40,20:02,,,HAN,KIX,BOM,International,VJ,,,,,,,,,,,,
,2026-04-10,VJ928/VJ457,A697,A321,CGK-HAN-PQC,18:15,20:05,18:15,20:05,18:15,19:59,20:00,20:05,01:50,01:45,EARLY,ONTIME,ONTIME,ONTIME,,,,,,,,19:20,19:27,,,HAN,CGK,PQC,Domestic,VJ,,,,,,,,,,,,
,2026-04-10,VJ152/VJ159,A670,A321,SGN-HAN-SGN,19:20,20:10,19:20,20:20,20:50,21:19,21:20,21:25,01:00,00:30,DELAY,DELAY,DELAY,DELAY,,93,01:00,,,,,20:50,21:17,,,HAN,SGN,SGN,Domestic,VJ,,,,,,,,,,,,
,2026-04-10,VJ438/VJ7238,A656,A320,UIH-HAN-PVG,19:25,21:15,19:25,21:15,19:35,21:02,21:04,21:08,01:50,01:29,EARLY,ONTIME,ONTIME,ONTIME,,,,,,,,20:30,21:00,,,HAN,UIH,PVG,International,VJ,,,,,,,,,,,,
,2026-04-10,VJ568/VJ163,A545,A321,HUI-HAN-SGN,18:55,21:25,18:55,21:25,19:35,21:24,21:25,21:35,02:30,01:50,ONTIME,ONTIME,ONTIME,DELAY,,,,,,,,20:35,21:22,,,HAN,HUI,SGN,Domestic,VJ,,,,,,,,,,,,
,2026-04-10,VJ496/VJ7526,A630,A321,BMV-HAN-CAN,21:30,22:30,21:30,22:30,22:05,22:44,22:45,22:55,01:00,00:40,DELAY,ONTIME,DELAY,DELAY,,93,00:05,66,00:10,,,22:05,22:42,,CREW HN OB 2210,HAN,BMV,CAN,International,VJ,,,,,,,,,,,,
,2026-04-10,VJ776/VJ962,A683,A321,CXR-HAN-ICN,20:25,23:15,20:25,23:15,21:05,23:24,23:25,23:30,02:50,02:20,DELAY,ONTIME,ONTIME,DELAY,,15A,00:10,,,,,22:25,23:22,,DL15A OFFLOAD 4 PAX 4BAG,HAN,CXR,ICN,International,VJ,,,,,,,,,,,,
,2026-04-11,____/VJ932,A578,A321,HAN-NRT,,00:30,,00:30,,00:39,00:40,00:45,,,DELAY,ONTIME,ONTIME,,,99,00:10,,,,,23:40,00:37,,DL99 LATE ACCEPT 7PAX + 8BAG,HAN,HAN,NRT,International,VJ,,,,,,,,,,,,
,2026-04-11,VJ3523/VJ3523,A575,A321,PQC-HAN-KHV,23:55,00:45,23:55,00:45,00:15,00:44,00:45,00:55,00:50,00:30,ONTIME,ONTIME,ONTIME,ONTIME,,,,,,,,,,X,TECHSTOP,HAN,PQC,KHV,International,VJ,,,,,,,,,,,,
,2026-04-11,____/VJ982,A525,A321,HAN-PUS,,01:05,,01:05,,00:59,01:00,01:02,,,EARLY,ONTIME,ONTIME,,,,,,,,,00:20,00:57,,,HAN,HAN,PUS,International,VJ,,,,,,,,,,,,
,2026-04-11,____/VJ938,A500,A321,HAN-KIX,,01:20,,01:20,,01:09,01:10,01:12,,,EARLY,ONTIME,ONTIME,,,,,,,,,00:25,01:08,,,HAN,HAN,KIX,International,VJ,,,,,,,,,,,,
,2026-04-11,____/VJ960,A537,A321,HAN-ICN,,01:40,,01:40,,01:39,01:40,01:45,,,ONTIME,ONTIME,ONTIME,,,,,,,,,00:45,01:36,,,HAN,HAN,ICN,International,VJ,,,,,,,,,,,,
,2026-04-11,____/VJ920,A552,A321,HAN-NGO,,01:40,,01:40,,01:34,01:35,01:39,,,EARLY,ONTIME,ONTIME,,,,,,,,,00:55,01:31,,,HAN,HAN,NGO,International,VJ,,,,,,,,,,,,
,2026-04-11,____/VJ958,A661,A321,HAN-FUK,,02:05,,02:05,,01:54,01:55,01:55,,,EARLY,ONTIME,ONTIME,,,,,,,,,01:00,01:52,,,HAN,HAN,FUK,International,VJ,,,,,,,,,,,,
,2026-04-11,____/VJ123,A645,A321,HAN-SGN,,05:30,,05:30,,05:24,05:25,05:34,,,EARLY,ONTIME,ONTIME,,,,,,,,,04:40,05:23,,,HAN,HAN,SGN,Domestic,VJ,,,,,,,,,,,,
,2026-04-11,____/VJ771,A667,A321,HAN-CXR,,05:45,,05:45,,05:39,05:40,05:44,,,EARLY,ONTIME,ONTIME,,,,,,,,,05:00,05:32,,,HAN,HAN,CXR,Domestic,VJ,,,,,,,,,,,,
,2026-04-11,____/VJ491,A644,A321,HAN-BMV,,05:55,,05:55,,05:48,05:50,05:56,,,EARLY,ONTIME,ONTIME,,,,,,,,,05:05,05:45,,,HAN,HAN,BMV,Domestic,VJ,,,,,,,,,,,,
,2026-04-11,____/VJ121,A675,A320,HAN-SGN,,06:00,,06:00,,05:48,05:50,05:55,,,EARLY,ONTIME,ONTIME,,,,,,,,,05:15,05:47,,,HAN,HAN,SGN,Domestic,VJ,,,,,,,,,,,,
,2026-04-11,____/VJ449,A648,A321,HAN-PQC,,06:30,,06:30,,06:20,06:21,06:25,,,EARLY,ONTIME,ONTIME,,,,,,,,,05:50,06:18,,,HAN,HAN,PQC,Domestic,VJ,,,,,,,,,,,,
,2026-04-11,____/VJ101,656E,C909,HAN-VCS,,06:45,,06:45,,06:39,06:40,06:46,,,EARLY,ONTIME,ONTIME,,,,,,,,,06:00,06:38,,,HAN,HAN,VCS,Domestic,VJ,,,,,,,,,,,,
,2026-04-11,____/VJ125,A814,A330,HAN-SGN,,07:00,,07:00,,06:54,06:55,06:59,,,EARLY,ONTIME,ONTIME,,,,,,,,,06:05,06:52,,,HAN,HAN,SGN,Domestic,VJ,,,,,,,,,,,,
,2026-04-11,____/VJ421,A636,A321,HAN-PXU,,07:10,,07:10,,07:04,07:05,07:13,,,EARLY,ONTIME,ONTIME,,,,,,,,,06:20,07:01,,,HAN,HAN,PXU,Domestic,VJ,,,,,,,,,,,,
,2026-04-11,____/VJ905,A663,A320,HAN-KUL,,07:25,,07:25,,07:18,07:20,07:20,,,EARLY,ONTIME,ONTIME,,,,,,,,,06:40,07:16,,,HAN,HAN,KUL,International,VJ,,,,,,,,,,,,
,2026-04-11,____/VJ503,A640,A321,HAN-DAD,,07:30,,07:30,,07:24,07:25,07:35,,,EARLY,ONTIME,ONTIME,,,,,,,,,06:40,07:22,,,HAN,HAN,DAD,Domestic,VJ,,,,,,,,,,,,
,2026-04-11,____/VJ934,A553,A321,HAN-NRT,,07:55,,07:55,,07:54,07:55,08:05,,,ONTIME,ONTIME,ONTIME,,,,,,,,,07:10,07:50,,,HAN,HAN,NRT,International,VJ,,,,,,,,,,,,
,2026-04-11,____/VJ930,A554,A321,HAN-KIX,,07:55,,07:55,,07:44,07:45,07:49,,,EARLY,ONTIME,ONTIME,,,,,,,,,07:10,07:41,,,HAN,HAN,KIX,International,VJ,,,,,,,,,,,,
,2026-04-11,____/VJ127,A668,A320,HAN-SGN,,08:10,,08:10,,08:08,08:09,08:10,,,EARLY,ONTIME,ONTIME,,,,,,,,,07:25,08:05,,,HAN,HAN,SGN,Domestic,VJ,,,,,,,,,,,,
,2026-04-11,VJ910/VJ929,A543,A321,BOM-HAN-CGK,07:10,08:40,07:10,08:40,07:00,08:24,08:25,08:26,01:30,01:25,EARLY,ONTIME,ONTIME,ONTIME,,,,,,,,07:55,08:20,,,HAN,BOM,CGK,International,VJ,,,,,,,,,,,,
,2026-04-11,VJ124/VJ129,A666,A320,SGN-HAN-SGN,08:15,08:45,08:15,08:45,08:20,08:43,08:45,08:45,00:30,00:25,ONTIME,ONTIME,ONTIME,ONTIME,,,,,,,,08:20,08:40,,,HAN,SGN,SGN,Domestic,VJ,,,,,,,,,,,,
,2026-04-11,VJ7713/VJ447,A655,A320,PKX-HAN-PQC,03:55,08:45,03:55,08:45,04:15,08:39,08:40,08:44,04:50,04:25,EARLY,ONTIME,ONTIME,DELAY,,,,,,,,08:00,08:35,,,HAN,PKX,PQC,Domestic,VJ,,,,,,,,,,,,
,2026-04-11,VJ963/VJ563,A683,A321,ICN-HAN-HUI,08:55,10:00,08:55,10:00,09:15,09:59,10:00,10:10,01:05,00:45,ONTIME,ONTIME,ONTIME,DELAY,,,,,,,,09:15,09:55,,,HAN,ICN,HUI,Domestic,VJ,,,,,,,,,,,,
,2026-04-11,VJ126/VJ131,A673,A321,SGN-HAN-SGN,09:40,10:10,09:40,10:10,09:30,10:09,10:10,10:14,00:30,00:40,ONTIME,ONTIME,ONTIME,ONTIME,,,,,,,,09:30,10:05,,,HAN,SGN,SGN,Domestic,VJ,,,,,,,,,,,,
,2026-04-11,VJ770/VJ463,A667,A321,CXR-HAN-VCA,09:55,10:30,09:55,11:05,10:30,11:04,11:05,11:09,01:10,00:35,ONTIME,ONTIME,DELAY,DELAY,,,,,,,,10:35,11:00,,,HAN,CXR,VCA,Domestic,VJ,,,,,,,,,,,,
,2026-04-11,VJ7239/VJ1427,A656,A320,PVG-HAN-PXU,04:50,10:30,04:50,10:30,05:03,10:26,10:27,10:30,05:40,05:24,EARLY,ONTIME,ONTIME,ONTIME,,,,,,,,09:45,10:23,,,HAN,PVG,PXU,Domestic,VJ,,,,,,,,,,,,
,2026-04-11,VJ492/VJ901,A644,A321,BMV-HAN-BKK,10:00,11:10,10:00,11:10,09:57,11:02,11:04,11:05,01:10,01:07,EARLY,ONTIME,ONTIME,ONTIME,,,,,,,,10:25,11:00,,,HAN,BMV,BKK,International,VJ,,,,,,,,,,,,
,2026-04-11,VJ524/VJ507,A640,A321,DAD-HAN-DAD,10:40,11:10,10:40,11:10,11:10,11:39,11:40,11:40,00:30,00:30,DELAY,DELAY,DELAY,DELAY,,93,00:30,,,,,11:10,11:35,,,HAN,DAD,DAD,Domestic,VJ,,,,,,,,,,,,
,2026-04-11,VJ190/VJ1443,A812,A330,SGN-HAN-PQC,10:25,11:10,10:25,11:10,10:10,11:09,11:10,11:13,00:45,01:00,ONTIME,ONTIME,ONTIME,ONTIME,,,,,,,,10:25,11:05,,,HAN,SGN,PQC,Domestic,VJ,,,,,,,,,,,,
,2026-04-11,VJ130/VJ133,A662,A320,SGN-HAN-SGN,10:50,11:20,10:50,11:20,10:40,11:16,11:17,11:26,00:30,00:37,EARLY,ONTIME,ONTIME,ONTIME,,,,,,,,10:40,11:13,,,HAN,SGN,SGN,Domestic,VJ,,,,,,,,,,,,
,2026-04-11,VJ422/VJ451,A636,A321,PXU-HAN-PQC,10:50,11:45,10:50,11:45,11:00,11:39,11:40,11:45,00:55,00:40,EARLY,ONTIME,ONTIME,ONTIME,,,,,,,,11:05,11:35,,,HAN,PXU,PQC,Domestic,VJ,,,,,,,,,,,,
,2026-04-11,VJ981/VJ515,A525,A321,PUS-HAN-DAD,10:40,12:10,10:40,12:10,10:55,12:06,12:07,12:10,01:30,01:12,EARLY,ONTIME,ONTIME,ONTIME,,,,,,,,11:25,12:03,,,HAN,PUS,DAD,Domestic,VJ,,,,,,,,,,,,
,2026-04-11,VJ959/VJ787,A661,A321,FUK-HAN-CXR,11:45,13:10,11:45,13:10,11:40,13:09,13:10,13:15,01:25,01:30,ONTIME,ONTIME,ONTIME,ONTIME,,,,,,,,12:25,13:05,,,HAN,FUK,CXR,Domestic,VJ,,,,,,,,,,,,
,2026-04-11,VJ128/VJ137,A814,A330,SGN-HAN-SGN,12:20,13:20,12:20,13:20,12:20,13:19,13:20,13:32,01:00,01:00,ONTIME,ONTIME,ONTIME,ONTIME,,,,,,,,12:35,13:15,,,HAN,SGN,SGN,Domestic,VJ,,,,,,,,,,,,
,2026-04-11,VJ939/VJ948,A500,A321,KIX-HAN-RMQ,12:20,13:30,12:20,13:30,12:55,13:34,13:35,13:40,01:10,00:40,DELAY,ONTIME,ONTIME,DELAY,,66,00:05,,,,,13:00,13:30,,CREW HN OB 1305,HAN,KIX,RMQ,International,VJ,,,,,,,,,,,,
,2026-04-11,VJ134/VJ441,A675,A320,SGN-HAN-PQC,13:30,14:00,13:30,14:00,13:35,14:04,14:05,14:06,00:30,00:30,DELAY,ONTIME,ONTIME,ONTIME,,66,00:05,,,,,13:35,14:00,,CREW HN OB 1340,HAN,SGN,PQC,Domestic,VJ,,,,,,,,,,,,
,2026-04-11,VJ564/VJ525,A683,A321,PQC-HAN-DAD,13:00,14:05,13:00,14:05,13:15,14:02,14:03,14:12,01:05,00:48,EARLY,ONTIME,ONTIME,ONTIME,,,,,,,,13:20,14:00,,,HAN,PQC,DAD,Domestic,VJ,,,,,,,,,,,,
,2026-04-11,VJ921/VJ143,A552,A320,PQC-HAN-SGN,13:30,14:05,13:30,14:05,13:00,14:04,14:05,14:12,00:35,01:05,ONTIME,ONTIME,ONTIME,ONTIME,,,,,,,,13:20,14:00,,,HAN,PQC,SGN,Domestic,VJ,,,,,,,,,,,,
,2026-04-11,VJ3524/VJ3524,A575,A321,KHV-HAN-PQC,13:45,14:15,13:45,14:15,13:50,14:14,14:15,14:26,00:30,00:25,ONTIME,ONTIME,ONTIME,ONTIME,,,,,,,,,,X,TECHSTOP,HAN,KHV,PQC,Domestic,VJ,,,,,,,,,,,,
,2026-04-11,____/VJ946,A544,A321,HAN-KHH,,14:35,,14:35,,14:26,14:28,14:29,,,EARLY,ONTIME,ONTIME,,,,,,,,,13:50,14:23,,,HAN,HAN,KHH,International,VJ,,,,,,,,,,,,
,2026-04-11,VJ1504/VJ1505,A657,A321,DAD-HAN-DAD,14:00,14:35,14:00,15:25,15:15,15:44,15:45,15:53,01:25,00:30,DELAY,DELAY,DELAY,DELAY,,93,00:20,,,,,15:15,15:40,,,HAN,DAD,DAD,Domestic,VJ,,,,,,,,,,,,
,2026-04-11,VJ440/VJ141,A655,A320,SGN-HAN-SGN,13:30,14:45,13:30,14:45,13:43,14:34,14:35,14:40,01:15,00:52,EARLY,ONTIME,ONTIME,ONTIME,,,,,,,,13:50,14:30,,,HAN,SGN,SGN,Domestic,VJ,,,,,,,,,,,,
,2026-04-11,VJ961/VJ511,A537,A321,ICN-HAN-DAD,13:35,15:05,13:35,15:05,14:05,15:02,15:04,15:08,01:30,00:59,EARLY,ONTIME,ONTIME,DELAY,,,,,,,,14:15,15:00,,,HAN,ICN,DAD,Domestic,VJ,,,,,,,,,,,,
,2026-04-11,VJ2827/VJ2827,A580,A321,CXR-HAN-BAX,15:10,15:40,15:10,16:10,15:20,15:55,15:56,16:10,01:00,00:36,EARLY,ONTIME,DELAY,ONTIME,,,,,,,,,,X,TECHSTOP,HAN,CXR,BAX,International,VJ,,,,,,,,,,,,
,2026-04-11,VJ450/VJ439,A648,A321,PQC-HAN-UIH,11:15,15:40,11:15,15:40,11:20,15:38,15:39,15:48,04:25,04:19,EARLY,ONTIME,ONTIME,ONTIME,,,,,,,,14:55,15:35,,,HAN,PQC,UIH,Domestic,VJ,,,,,,,,,,,,
,2026-04-11,VJ138/VJ147,A676,A320,SGN-HAN-SGN,15:15,15:45,15:15,15:45,15:15,15:44,15:45,15:48,00:30,00:30,ONTIME,ONTIME,ONTIME,ONTIME,,,,,,,,15:15,15:40,,,HAN,SGN,SGN,Domestic,VJ,,,,,,,,,,,,
,2026-04-11,VJ510/VJ567,A640,A321,DAD-HAN-HUI,14:35,15:55,14:35,15:55,14:55,15:48,15:50,15:53,01:20,00:55,EARLY,ONTIME,ONTIME,DELAY,,,,,,,,15:10,15:45,,,HAN,DAD,HUI,Domestic,VJ,,,,,,,,,,,,
,2026-04-11,VJ508/VJ773,A525,A321,DAD-HAN-CXR,15:25,16:00,15:25,16:00,15:40,15:59,16:00,16:10,00:35,00:20,ONTIME,ONTIME,ONTIME,ONTIME,,,,,,,,15:40,15:58,,,HAN,DAD,CXR,Domestic,VJ,,,,,,,,,,,,
,2026-04-11,VJ136/VJ913,A666,A321,VCA-HAN-SAI,14:10,16:20,14:10,16:20,14:10,16:00,16:01,16:17,02:10,01:51,EARLY,ONTIME,ONTIME,ONTIME,,,,,,,,15:40,15:50,,,HAN,VCA,SAI,International,VJ,,,,,,,,,,,,
,2026-04-11,VJ933/VJ7866,A578,A321,NRT-HAN-DYG,13:05,16:30,13:05,16:30,13:51,16:18,16:20,16:25,03:25,02:29,EARLY,ONTIME,ONTIME,DELAY,,,,,,,,15:43,16:12,,,HAN,NRT,DYG,International,VJ,,,,,,,,,,,,
,2026-04-11,VJ902/VJ465,A644,A321,BKK-HAN-VCA,15:50,17:00,15:50,17:00,16:00,16:52,16:54,16:59,01:10,00:54,EARLY,ONTIME,ONTIME,ONTIME,,,,,,,,16:15,16:48,,,HAN,BKK,VCA,Domestic,VJ,,,,,,,,,,,,
,2026-04-11,VJ464/VJ495,A667,A321,VCA-HAN-BMV,16:00,17:30,16:00,17:30,16:10,17:23,17:25,17:27,01:30,01:15,EARLY,ONTIME,ONTIME,ONTIME,,,,,,,,16:39,17:20,,,HAN,VCA,BMV,Domestic,VJ,,,,,,,,,,,,
,2026-04-11,VJ774/VJ517,A661,A321,CXR-HAN-DAD,17:15,17:45,17:15,17:45,18:05,18:34,18:35,18:40,00:30,00:30,DELAY,DELAY,DELAY,DELAY,,93,00:50,,,,,18:00,18:33,,,HAN,CXR,DAD,Domestic,VJ,,,,,,,,,,,,
,2026-04-11,VJ512/VJ521,A640,A321,DAD-HAN-DAD,18:15,18:45,18:15,18:45,18:25,18:53,18:55,18:57,00:30,00:30,DELAY,ONTIME,ONTIME,ONTIME,,93,00:10,,,,,18:15,18:46,,,HAN,DAD,DAD,Domestic,VJ,,,,,,,,,,,,
,2026-04-11,VJ442/VJ1127,A675,A320,PQC-HAN-SGN,18:45,19:20,18:45,19:20,19:20,19:54,19:55,19:58,00:35,00:35,DELAY,DELAY,DELAY,DELAY,,93,00:25,66,00:10,,,19:30,19:51,,LATE ARR/CHANGE CREW HN OB 1930,HAN,PQC,SGN,Domestic,VJ,,,,,,,,,,,,
,2026-04-11,____/VJ971,A811,A330,HAN-DEL,,19:40,,19:40,,19:44,19:45,19:55,,,DELAY,ONTIME,ONTIME,,,99,00:05,,,,,18:50,19:42,,LATE ACPT PAX TRANSIT FROM VJ146,HAN,HAN,DEL,International,VJ,,,,,,,,,,,,
,2026-04-11,VJ568/VJ523,A683,A321,HUI-HAN-DAD,18:55,19:40,18:55,19:40,18:55,19:30,19:31,19:32,00:45,00:36,EARLY,ONTIME,ONTIME,ONTIME,,,,,,,,19:00,19:25,,,HAN,HUI,DAD,Domestic,VJ,,,,,,,,,,,,
,2026-04-11,VJ144/VJ1153,A814,A330,SGN-HAN-SGN,18:40,19:40,18:40,19:40,18:40,19:39,19:40,19:43,01:00,01:00,ONTIME,ONTIME,ONTIME,ONTIME,,,,,,,,18:48,19:35,,,HAN,SGN,SGN,Domestic,VJ,,,,,,,,,,,,
,2026-04-11,VJ931/VJ1925,A554,A321,KIX-HAN-AMD,18:30,19:45,18:30,19:45,19:10,19:48,19:50,19:54,01:15,00:40,DELAY,ONTIME,ONTIME,DELAY,,66,00:05,,,,,19:20,19:45,,CHANGE CREW HN OB 1921,HAN,KIX,AMD,International,VJ,,,,,,,,,,,,
,2026-04-11,VJ1428/VJ7712,A656,A320,PXU-HAN-PKX,14:15,19:55,14:15,19:55,14:15,19:52,19:54,19:55,05:40,05:39,EARLY,ONTIME,ONTIME,ONTIME,,,,,,,,19:03,19:50,,,HAN,PXU,PKX,International,VJ,,,,,,,,,,,,
,2026-04-11,____/VJ7238,A663,A320,HAN-PVG,,21:15,,21:15,,21:09,21:10,21:12,,,EARLY,ONTIME,ONTIME,,,,,,,,,20:35,21:07,,,HAN,HAN,PVG,International,VJ,,,,,,,,,,,,
,2026-04-11,VJ154/VJ163,A542,A321,SGN-HAN-SGN,20:55,21:25,20:55,21:25,21:00,21:29,21:30,21:33,00:30,00:30,DELAY,ONTIME,ONTIME,ONTIME,,93,00:05,,,,,21:00,21:27,,,HAN,SGN,SGN,Domestic,VJ,,,,,,,,,,,,
,2026-04-11,VJ914/VJ7526,A667,A321,SAI-HAN-CAN,20:50,22:30,20:50,22:30,17:27,22:26,22:27,22:29,01:40,05:00,EARLY,ONTIME,ONTIME,ONTIME,,,,,,,,21:45,22:22,,,HAN,SAI,CAN,International,VJ,,,,,,,,,,,,
,2026-04-11,VJ520/VJ962,A661,A321,DAD-HAN-ICN,20:55,23:15,20:55,23:15,21:55,23:13,23:15,23:18,02:20,01:20,ONTIME,ONTIME,ONTIME,DELAY,,,,,,,,22:20,23:09,,,HAN,DAD,ICN,International,VJ,,,,,,,,,,,,
,2026-04-12,____/VJ932,A543,A321,HAN-NRT,,00:30,,00:30,,00:29,00:30,00:33,,,ONTIME,ONTIME,ONTIME,,,,,,,,,23:47,00:24,,,HAN,HAN,NRT,International,VJ,,,,,,,,,,,,
,2026-04-12,VJ7704/VJ7704,A516,A321,CXR-HAN-VVO,00:15,00:45,00:15,00:45,00:30,00:58,01:00,01:02,00:30,00:30,DELAY,ONTIME,DELAY,ONTIME,,93,00:15,,,,,,,X,TECHSTOP,HAN,CXR,VVO,International,VJ,,,,,,,,,,,,
,2026-04-12,____/VJ982,A648,A321,HAN-PUS,,00:55,,00:55,,00:49,00:50,00:54,,,EARLY,ONTIME,ONTIME,,,,,,,,,00:05,00:40,,,HAN,HAN,PUS,International,VJ,,,,,,,,,,,,
,2026-04-12,____/VJ938,A500,A321,HAN-KIX,,01:20,,01:20,,01:19,01:20,01:24,,,ONTIME,ONTIME,ONTIME,,,,,,,,,00:45,01:15,,,HAN,HAN,KIX,International,VJ,,,,,,,,,,,,
,2026-04-12,____/VJ960,A578,A321,HAN-ICN,,01:40,,01:40,,01:33,01:35,01:42,,,EARLY,ONTIME,ONTIME,,,,,,,,,00:50,01:29,,,HAN,HAN,ICN,International,VJ,,,,,,,,,,,,
,2026-04-12,____/VJ920,A525,A321,HAN-NGO,,01:40,,01:40,,01:39,01:40,01:46,,,ONTIME,ONTIME,ONTIME,,,,,,,,,00:50,01:33,,,HAN,HAN,NGO,International,VJ,,,,,,,,,,,,
,2026-04-12,____/VJ123,A699,A320,HAN-SGN,,05:30,,05:30,,05:24,05:25,05:35,,,EARLY,ONTIME,ONTIME,,,,,,,,,04:35,05:22,,,HAN,HAN,SGN,Domestic,VJ,,,,,,,,,,,,
,2026-04-12,____/VJ565,A667,A321,HAN-HUI,,05:40,,05:40,,05:34,05:35,05:44,,,EARLY,ONTIME,ONTIME,,,,,,,,,05:00,05:30,,,HAN,HAN,HUI,Domestic,VJ,,,,,,,,,,,,
,2026-04-12,____/VJ501,A544,A321,HAN-DAD,,05:40,,05:40,,05:34,05:35,05:40,,,EARLY,ONTIME,ONTIME,,,,,,,,,04:50,05:33,,,HAN,HAN,DAD,Domestic,VJ,,,,,,,,,,,,
,2026-04-12,____/VJ771,A636,A321,HAN-CXR,,05:45,,05:45,,05:39,05:40,05:50,,,EARLY,ONTIME,ONTIME,,,,,,,,,05:00,05:38,,,HAN,HAN,CXR,Domestic,VJ,,,,,,,,,,,,
,2026-04-12,____/VJ121,A666,A320,HAN-SGN,,06:00,,06:00,,05:54,05:55,06:15,,,EARLY,ONTIME,ONTIME,,,,,,,,,05:15,05:54,,,HAN,HAN,SGN,Domestic,VJ,,,,,,,,,,,,
,2026-04-12,____/VJ491,A644,A321,HAN-BMV,,06:00,,06:00,,05:54,05:55,06:07,,,EARLY,ONTIME,ONTIME,,,,,,,,,05:10,05:52,,,HAN,HAN,BMV,Domestic,VJ,,,,,,,,,,,,
,2026-04-12,____/VJ431,A642,A321,HAN-UIH,,06:05,,06:05,,05:54,05:55,05:58,,,EARLY,ONTIME,ONTIME,,,,,,,,,05:25,05:52,,,HAN,HAN,UIH,Domestic,VJ,,,,,,,,,,,,
,2026-04-12,____/VJ952,A662,A320,HAN-HIJ,,06:15,,06:15,,06:09,06:10,06:26,,,EARLY,ONTIME,ONTIME,,,,,,,,,05:30,06:09,,,HAN,HAN,HIJ,International,VJ,,,,,,,,,,,,
,2026-04-12,____/VJ101,656E,C909,HAN-VCS,,06:45,,06:45,,06:39,06:40,06:45,,,EARLY,ONTIME,ONTIME,,,,,,,,,06:00,06:38,,,HAN,HAN,VCS,Domestic,VJ,,,,,,,,,,,,
,2026-04-12,____/VJ125,A668,A320,HAN-SGN,,07:00,,07:00,,06:54,06:55,06:56,,,EARLY,ONTIME,ONTIME,,,,,,,,,06:15,06:50,,,HAN,HAN,SGN,Domestic,VJ,,,,,,,,,,,,
,2026-04-12,VJ7239/VJ905,A663,A320,PVG-HAN-KUL,04:50,07:25,04:50,07:25,04:35,07:19,07:20,07:36,02:35,02:45,EARLY,ONTIME,ONTIME,ONTIME,,,,,,,,06:30,07:17,,,HAN,PVG,KUL,International,VJ,,,,,,,,,,,,
,2026-04-12,____/VJ503,A553,A321,HAN-DAD,,07:30,,07:30,,07:29,07:30,07:40,,,ONTIME,ONTIME,ONTIME,,,,,,,,,07:00,07:28,,,HAN,HAN,DAD,Domestic,VJ,,,,,,,,,,,,
,2026-04-12,VJ1926/VJ934,A554,A321,AMD-HAN-NRT,05:55,07:55,05:55,07:55,06:30,08:09,08:10,08:20,02:00,01:40,DELAY,ONTIME,DELAY,DELAY,,99,00:15,,,,,07:25,08:05,,STUCK IMMI,HAN,AMD,NRT,International,VJ,,,,,,,,,,,,
,2026-04-12,____/VJ930,A674,A321,HAN-KIX,,07:55,,07:55,,07:59,08:00,08:06,,,DELAY,ONTIME,ONTIME,,,15A,00:05,,,,,07:05,07:50,,OFFLOAD 1 PAX 2BAG,HAN,HAN,KIX,International,VJ,,,,,,,,,,,,
,2026-04-12,VJ7713/VJ127,A656,A320,PKX-HAN-SGN,03:55,08:10,03:55,08:10,04:15,08:07,08:08,08:09,04:15,03:53,EARLY,ONTIME,ONTIME,DELAY,,,,,,,,07:10,08:05,,,HAN,PKX,SGN,Domestic,VJ,,,,,,,,,,,,
,2026-04-12,____/VJ929,A537,A321,HAN-CGK,,08:40,,08:40,,08:39,08:40,08:45,,,ONTIME,ONTIME,ONTIME,,,,,,,,,07:55,08:35,,,HAN,HAN,CGK,International,VJ,,,,,,,,,,,,
,2026-04-12,VJ124/VJ129,A658,A320,SGN-HAN-SGN,08:15,08:45,08:15,08:45,08:10,08:44,08:45,08:50,00:30,00:35,ONTIME,ONTIME,ONTIME,ONTIME,,,,,,,,08:10,08:40,,,HAN,SGN,SGN,Domestic,VJ,,,,,,,,,,,,
,2026-04-12,____/VJ447,A655,A320,HAN-PQC,,08:45,,08:45,,08:44,08:45,08:54,,,ONTIME,ONTIME,ONTIME,,,,,,,,,07:55,08:41,,,HAN,HAN,PQC,Domestic,VJ,,,,,,,,,,,,
,2026-04-12,VJ2828/VJ2828,A580,A321,BAX-HAN-CXR,08:30,09:00,08:30,09:00,08:45,08:59,09:00,09:13,00:30,00:15,ONTIME,ONTIME,ONTIME,ONTIME,,,,,,,,,,X,TECHSTOP,HAN,BAX,CXR,Domestic,VJ,,,,,,,,,,,,
,2026-04-12,____/VJ505,A640,A321,HAN-DAD,,09:05,,09:05,,08:56,08:57,09:05,,,EARLY,ONTIME,ONTIME,,,,,,,,,08:15,08:52,,,HAN,HAN,DAD,Domestic,VJ,,,,,,,,,,,,
,2026-04-12,____/VJ1781,A814,A330,HAN-CXR,,09:10,,09:10,,09:08,09:10,09:14,,,ONTIME,ONTIME,ONTIME,,,,,,,,,08:10,09:05,,,HAN,HAN,CXR,Domestic,VJ,,,,,,,,,,,,
,2026-04-12,VJ566/VJ563,A667,A321,HUI-HAN-HUI,08:50,09:20,08:50,09:20,09:00,09:24,09:25,09:27,00:30,00:25,DELAY,ONTIME,ONTIME,ONTIME,,93,00:05,,,,,08:50,09:22,,,HAN,HUI,HUI,Domestic,VJ,,,,,,,,,,,,
,2026-04-12,____/VJ915,A683,A321,HAN-SIN,,09:35,,09:35,,09:34,09:35,09:45,,,ONTIME,ONTIME,ONTIME,,,,,,,,,08:45,09:32,,,HAN,HAN,SIN,International,VJ,,,,,,,,,,,,
,2026-04-12,VJ514/VJ997,A544,A321,DAD-HAN-DPS,08:50,10:05,08:50,10:05,09:00,10:03,10:05,10:06,01:15,01:05,ONTIME,ONTIME,ONTIME,ONTIME,,,,,,,,09:20,10:00,,,HAN,DAD,DPS,International,VJ,,,,,,,,,,,,
,2026-04-12,VJ126/VJ131,A693,A321,SGN-HAN-SGN,09:40,10:10,09:40,10:10,09:55,10:24,10:25,10:25,00:30,00:30,DELAY,ONTIME,ONTIME,ONTIME,,93,00:15,,,,,09:55,10:22,,,HAN,SGN,SGN,Domestic,VJ,,,,,,,,,,,,
,2026-04-12,VJ492/VJ1427,A644,A321,BMV-HAN-PXU,10:00,10:30,10:00,10:30,10:05,10:34,10:35,10:40,00:30,00:30,DELAY,ONTIME,ONTIME,ONTIME,,93,00:05,,,,,10:00,10:32,,,HAN,BMV,PXU,Domestic,VJ,,,,,,,,,,,,
,2026-04-12,VJ430/VJ463,A642,A321,UIH-HAN-VCA,09:50,10:30,09:50,10:30,09:55,10:29,10:30,10:42,00:40,00:35,ONTIME,ONTIME,ONTIME,ONTIME,,,,,,,,10:00,10:25,,,HAN,UIH,VCA,Domestic,VJ,,,,,,,,,,,,
,2026-04-12,VJ963/VJ507,A661,A321,ICN-HAN-DAD,08:55,11:10,08:55,11:10,09:10,11:02,11:03,11:06,02:15,01:53,EARLY,ONTIME,ONTIME,ONTIME,,,,,,,,10:30,11:00,,,HAN,ICN,DAD,Domestic,VJ,,,,,,,,,,,,
,2026-04-12,VJ972/VJ1443,A811,A330,DEL-HAN-PQC,05:40,11:10,05:40,11:10,05:50,11:09,11:10,11:20,05:30,05:20,ONTIME,ONTIME,ONTIME,ONTIME,,,,,,,,10:25,11:06,,,HAN,DEL,PQC,Domestic,VJ,,,,,,,,,,,,
,2026-04-12,VJ770/VJ901,A637,A321,CXR-HAN-BKK,09:55,11:10,09:55,11:10,10:25,11:06,11:07,11:13,01:15,00:42,EARLY,ONTIME,ONTIME,DELAY,,,,,,,,10:40,11:03,,,HAN,CXR,BKK,International,VJ,,,,,,,,,,,,
,2026-04-12,VJ130/VJ133,A689,A320,SGN-HAN-SGN,10:50,11:20,10:50,11:20,11:00,11:24,11:25,11:33,00:30,00:25,DELAY,ONTIME,ONTIME,ONTIME,,93,00:05,,,,,11:00,11:23,,,HAN,SGN,SGN,Domestic,VJ,,,,,,,,,,,,
,2026-04-12,VJ524/VJ451,A553,A321,DAD-HAN-PQC,10:40,11:45,10:40,11:45,11:15,11:44,11:45,11:52,01:05,00:30,ONTIME,ONTIME,ONTIME,DELAY,,,,,,,,11:05,11:42,,,HAN,DAD,PQC,Domestic,VJ,,,,,,,,,,,,
,2026-04-12,VJ981/VJ515,A648,A321,PUS-HAN-DAD,10:40,12:10,10:40,12:10,10:43,12:03,12:05,12:12,01:30,01:22,EARLY,ONTIME,ONTIME,ONTIME,,,,,,,,11:23,12:00,,,HAN,PUS,DAD,Domestic,VJ,,,,,,,,,,,,
,2026-04-12,VJ564/VJ137,A667,A321,HUI-HAN-SGN,12:20,12:55,12:20,12:55,12:35,13:04,13:05,13:05,00:35,00:30,DELAY,ONTIME,ONTIME,ONTIME,,93,00:10,,,,,12:35,13:02,,,HAN,HUI,SGN,Domestic,VJ,,,,,,,,,,,,
,2026-04-12,VJ506/VJ787,A640,A321,DAD-HAN-CXR,12:15,13:10,12:15,13:10,12:45,13:19,13:20,13:25,00:55,00:35,DELAY,ONTIME,ONTIME,DELAY,,93,00:05,66,00:05,,,13:00,13:15,,CREW HN OB 1300,HAN,DAD,CXR,Domestic,VJ,,,,,,,,,,,,
,2026-04-12,VJ7705/VJ7705,A516,A321,VVO-HAN-CXR,12:45,13:15,12:45,13:15,13:00,13:28,13:30,13:40,00:30,00:30,DELAY,ONTIME,DELAY,ONTIME,,93,00:15,,,,,,,X,TECHSTOP,HAN,VVO,CXR,Domestic,VJ,,,,,,,,,,,,
,2026-04-12,VJ128/VJ439,A699,A320,SGN-HAN-UIH,11:50,13:25,11:50,13:25,11:50,13:22,13:23,13:29,01:35,01:33,EARLY,ONTIME,ONTIME,ONTIME,,,,,,,,12:45,13:20,,,HAN,SGN,UIH,Domestic,VJ,,,,,,,,,,,,
,2026-04-12,VJ939/VJ948,A500,A321,KIX-HAN-RMQ,12:20,13:30,12:20,13:30,12:40,13:26,13:27,13:30,01:10,00:47,EARLY,ONTIME,ONTIME,DELAY,,,,,,,,12:50,13:22,,,HAN,KIX,RMQ,International,VJ,,,,,,,,,,,,
,2026-04-12,VJ1442/VJ149,A812,A330,PQC-HAN-SGN,12:05,13:40,12:05,13:40,12:55,13:39,13:40,13:50,01:35,00:45,ONTIME,ONTIME,ONTIME,DELAY,,,,,,,,12:55,13:35,,,HAN,PQC,SGN,Domestic,VJ,,,,,,,,,,,,
,2026-04-12,VJ440/VJ441,A655,A320,PQC-HAN-PQC,13:30,14:00,13:30,14:00,14:00,14:28,14:30,14:30,00:30,00:30,DELAY,DELAY,DELAY,DELAY,,93,00:25,66,00:05,,,14:00,14:25,,CREW OB 1411,HAN,PQC,PQC,Domestic,VJ,,,,,,,,,,,,
,2026-04-12,VJ134/VJ525,A645,A321,SGN-HAN-DAD,13:30,14:05,13:30,14:05,13:50,14:24,14:25,14:30,00:35,00:35,DELAY,DELAY,DELAY,DELAY,,93,00:15,66,00:05,,,13:50,14:22,,CREW OB 1405,HAN,SGN,DAD,Domestic,VJ,,,,,,,,,,,,
,2026-04-12,VJ921/VJ942,A525,A321,NGO-HAN-TPE,12:50,14:25,12:50,14:25,13:30,14:29,14:30,14:37,01:35,01:00,DELAY,ONTIME,ONTIME,DELAY,,99,00:05,,,,,13:48,14:27,,LATE ACCEPT 1PAX+1BAG,HAN,NGO,TPE,International,VJ,,,,,,,,,,,,
,2026-04-12,VJ961/VJ141,A578,A321,ICN-HAN-SGN,13:35,14:30,13:35,14:30,14:00,14:29,14:30,14:37,00:55,00:30,ONTIME,ONTIME,ONTIME,DELAY,,,,,,,,14:00,14:27,,,HAN,ICN,SGN,Domestic,VJ,,,,,,,,,,,,
,2026-04-12,VJ933/VJ946,A543,A321,NRT-HAN-KHH,13:05,14:35,13:05,14:35,13:55,14:34,14:35,14:45,01:30,00:40,ONTIME,ONTIME,ONTIME,DELAY,,,,,,,,14:15,14:32,,,HAN,NRT,KHH,International,VJ,,,,,,,,,,,,
,2026-04-12,VJ1504/VJ1505,A639,A321,DAD-HAN-DAD,14:00,14:35,14:00,14:35,14:25,14:54,14:55,15:05,00:35,00:30,DELAY,DELAY,DELAY,DELAY,,93,00:20,,,,,14:25,14:52,,,HAN,DAD,DAD,Domestic,VJ,,,,,,,,,,,,
,2026-04-12,VJ1428/VJ143,A644,A321,PXU-HAN-SGN,14:15,14:50,14:15,14:50,14:15,14:55,14:56,14:59,00:35,00:41,DELAY,ONTIME,ONTIME,ONTIME,,66,00:06,,,,,14:20,14:52,,CREW OB 1420,HAN,PXU,SGN,Domestic,VJ,,,,,,,,,,,,
,2026-04-12,VJ510/VJ511,A643,A321,DAD-HAN-DAD,14:35,15:05,14:35,15:05,14:40,15:24,15:25,15:30,00:30,00:45,DELAY,DELAY,DELAY,ONTIME,,93,00:05,87,00:05,99,00:10,14:40,15:20,,"HANDLE PAX, PET",HAN,DAD,DAD,Domestic,VJ,,,,,,,,,,,,
,2026-04-12,VJ138/VJ147,A658,A320,SGN-HAN-SGN,15:15,15:45,15:15,15:45,15:05,15:39,15:40,15:54,00:30,00:35,EARLY,ONTIME,ONTIME,ONTIME,,,,,,,,15:05,15:35,,,HAN,SGN,SGN,Domestic,VJ,,,,,,,,,,,,
,2026-04-12,VJ464/VJ567,A642,A321,VCA-HAN-HUI,15:20,15:55,15:20,15:55,15:45,16:12,16:13,16:18,00:35,00:28,DELAY,DELAY,DELAY,DELAY,,93,00:18,,,,,15:45,16:11,,,HAN,VCA,HUI,Domestic,VJ,,,,,,,,,,,,
,2026-04-12,VJ508/VJ773,A648,A321,DAD-HAN-CXR,15:25,16:00,15:25,16:00,15:30,15:59,16:00,16:05,00:35,00:30,ONTIME,ONTIME,ONTIME,ONTIME,,,,,,,,15:30,15:55,,,HAN,DAD,CXR,Domestic,VJ,,,,,,,,,,,,
,2026-04-12,VJ906/VJ913,A663,A320,KUL-HAN-SAI,14:40,16:20,14:40,16:20,14:50,16:12,16:13,16:16,01:40,01:23,EARLY,ONTIME,ONTIME,ONTIME,,,,,,,,15:40,16:09,,,HAN,KUL,SAI,International,VJ,,,,,,,,,,,,
,2026-04-12,VJ140/VJ151,A693,A321,SGN-HAN-SGN,16:20,16:50,16:20,16:50,16:30,16:59,17:00,17:05,00:30,00:30,DELAY,ONTIME,ONTIME,ONTIME,,93,00:10,,,,,16:30,16:57,,,HAN,SGN,SGN,Domestic,VJ,,,,,,,,,,,,
,2026-04-12,VJ136/VJ465,A666,A320,SGN-HAN-VCA,14:10,17:00,14:10,17:00,14:35,16:59,17:00,17:10,02:50,02:25,ONTIME,ONTIME,ONTIME,DELAY,,,,,,,,16:10,16:59,,,HAN,SGN,VCA,Domestic,VJ,,,,,,,,,,,,
,2026-04-12,VJ446/VJ495,A523,A321,PQC-HAN-BMV,16:05,17:30,16:05,17:30,16:25,17:27,17:28,17:29,01:25,01:03,EARLY,ONTIME,ONTIME,DELAY,,,,,,,,16:50,17:25,,,HAN,PQC,BMV,Domestic,VJ,,,,,,,,,,,,
,2026-04-12,VJ902/VJ517,A637,A321,BKK-HAN-DAD,15:50,17:45,15:50,17:45,15:55,17:44,17:45,17:53,01:55,01:50,ONTIME,ONTIME,ONTIME,ONTIME,,,,,,,,17:15,17:44,,,HAN,BKK,DAD,Domestic,VJ,,,,,,,,,,,,
,2026-04-12,VJ528/VJ1153,A645,A321,DAD-HAN-SGN,17:25,18:05,17:25,18:05,17:55,18:24,18:25,18:33,00:40,00:30,DELAY,DELAY,DELAY,DELAY,,93,00:20,,,,,17:50,18:20,,,HAN,DAD,SGN,Domestic,VJ,,,,,,,,,,,,
,2026-04-12,VJ774/VJ521,A640,A321,CXR-HAN-DAD,17:15,18:45,17:15,18:45,18:05,18:42,18:43,18:44,01:30,00:38,EARLY,ONTIME,ONTIME,DELAY,,,,,,,,18:05,18:35,,,HAN,CXR,DAD,Domestic,VJ,,,,,,,,,,,,
,2026-04-12,VJ148/VJ155,A656,A320,SGN-HAN-SGN,18:25,19:00,18:25,19:00,18:25,18:59,19:00,19:07,00:35,00:35,ONTIME,ONTIME,ONTIME,ONTIME,,,,,,,,18:15,18:56,,,HAN,SGN,SGN,Domestic,VJ,,,,,,,,,,,,
,2026-04-12,VJ144/VJ1561,A667,A321,SGN-HAN-HUI,18:05,19:15,18:05,19:15,18:25,19:04,19:05,19:18,01:10,00:40,EARLY,ONTIME,ONTIME,DELAY,,,,,,,,18:25,19:01,,,HAN,SGN,HUI,Domestic,VJ,,,,,,,,,,,,
,2026-04-12,VJ953/VJ1127,A662,A320,HIJ-HAN-SGN,16:10,19:20,16:10,19:20,16:35,19:09,19:10,19:25,03:10,02:35,EARLY,ONTIME,ONTIME,DELAY,,,,,,,,18:30,19:05,,,HAN,HIJ,SGN,Domestic,VJ,,,,,,,,,,,,
,2026-04-12,VJ512/VJ519,A637,A321,BKK-HAN-DAD,18:15,19:25,18:15,19:25,19:00,19:39,19:40,19:40,01:10,00:40,DELAY,ONTIME,ONTIME,DELAY,,93,00:05,66,00:10,,,19:00,19:35,,CREW OB 1912,HAN,BKK,DAD,Domestic,VJ,,,,,,,,,,,,
,2026-04-12,VJ568/VJ523,A642,A321,HUI-HAN-DAD,18:55,19:40,18:55,19:40,19:20,19:49,19:50,19:55,00:45,00:30,DELAY,ONTIME,ONTIME,DELAY,,93,00:10,,,,,19:20,19:44,,,HAN,HUI,DAD,Domestic,VJ,,,,,,,,,,,,
,2026-04-12,VJ949/VJ1925,A500,A321,RMQ-HAN-AMD,19:50,19:45,19:50,20:30,19:55,20:39,20:40,20:45,00:40,00:45,DELAY,ONTIME,DELAY,ONTIME,,46,00:10,,,,,20:12,20:38,,CHANGE A/C DUE TO TECHNICAL,HAN,RMQ,AMD,International,VJ,,,,,,,,,,,,
,2026-04-12,VJ7614/VJ7614,A552,A321,CXR-HAN-BQS,19:20,19:50,19:20,19:50,19:25,19:54,19:55,20:05,00:30,00:30,DELAY,ONTIME,ONTIME,ONTIME,,93,00:05,,,,,,,X,TECHSTOP,HAN,CXR,BQS,International,VJ,,,,,,,,,,,,
,2026-04-12,VJ928/VJ457,A537,A321,CGK-HAN-PQC,18:15,20:05,18:15,20:05,18:30,20:04,20:05,20:14,01:50,01:35,ONTIME,ONTIME,ONTIME,ONTIME,,,,,,,,19:20,20:01,,,HAN,CGK,PQC,Domestic,VJ,,,,,,,,,,,,
,2026-04-12,VJ916/VJ7815,A683,A321,SIN-HAN-MNL,17:25,20:10,17:25,20:10,17:15,19:59,20:00,20:10,02:45,02:45,EARLY,ONTIME,ONTIME,ONTIME,,,,,,,,19:20,20:00,,,HAN,SIN,MNL,International,VJ,,,,,,,,,,,,
,2026-04-12,VJ146/VJ159,A644,A321,SGN-HAN-SGN,19:40,20:10,19:40,20:10,19:50,20:19,20:20,20:35,00:30,00:30,DELAY,ONTIME,DELAY,ONTIME,,93,00:10,,,,,19:45,20:15,,,HAN,SGN,SGN,Domestic,VJ,,,,,,,,,,,,
,2026-04-12,VJ154/VJ163,A551,A321,SGN-HAN-SGN,20:55,21:25,20:55,21:25,21:20,21:49,21:50,21:55,00:30,00:30,DELAY,DELAY,DELAY,DELAY,,93,00:25,,,,,21:20,21:47,,,HAN,SGN,SGN,Domestic,VJ,,,,,,,,,,,,
,2026-04-12,VJ935/VJ7526,A554,A321,NRT-HAN-CAN,20:05,22:30,20:05,22:30,20:55,22:49,22:50,22:52,02:25,01:55,DELAY,DELAY,DELAY,DELAY,,41,00:20,,,,,21:45,22:25,,DAILY CHECK,HAN,NRT,CAN,International,VJ,,,,,,,,,,,,
,2026-04-12,VJ931/VJ962,A674,A321,KIX-HAN-ICN,18:30,23:15,18:30,23:15,19:00,23:14,23:15,23:30,04:45,04:15,ONTIME,ONTIME,ONTIME,DELAY,,,,,,,,22:30,23:10,,,HAN,KIX,ICN,International,VJ,,,,,,,,,,,,
,2026-04-13,____/VJ932,A543,A321,HAN-NRT,,00:30,,00:30,,00:29,00:30,00:37,,,ONTIME,ONTIME,ONTIME,,,,,,,,,23:40,00:25,,,HAN,HAN,NRT,International,VJ,,,,,,,,,,,,
,2026-04-13,____/VJ982,A667,A321,HAN-PUS,,01:05,,01:05,,00:55,00:57,00:58,,,EARLY,ONTIME,ONTIME,,,,,,,,,01:15,00:50,,,HAN,HAN,PUS,International,VJ,,,,,,,,,,,,
,2026-04-13,____/VJ938,A523,A321,HAN-KIX,,01:20,,01:20,,01:04,01:05,01:10,,,EARLY,ONTIME,ONTIME,,,,,,,,,00:30,01:25,,,HAN,HAN,KIX,International,VJ,,,,,,,,,,,,
,2026-04-13,____/VJ960,A516,A321,HAN-ICN,,01:40,,01:40,,01:29,01:30,01:35,,,EARLY,ONTIME,ONTIME,,,,,,,,,00:50,01:25,,,HAN,HAN,ICN,International,VJ,,,,,,,,,,,,
,2026-04-13,____/VJ920,A525,A321,HAN-NGO,,01:40,,01:40,,01:35,01:36,01:38,,,EARLY,ONTIME,ONTIME,,,,,,,,,00:50,01:30,,,HAN,HAN,NGO,International,VJ,,,,,,,,,,,,
,2026-04-13,____/VJ123,A544,A321,HAN-SGN,,05:30,,05:30,,05:24,05:25,05:34,,,EARLY,ONTIME,ONTIME,,,,,,,,,04:40,05:20,,,HAN,HAN,SGN,Domestic,VJ,,,,,,,,,,,,
,2026-04-13,____/VJ771,A663,A320,HAN-CXR,,05:45,,05:45,,05:39,05:40,05:47,,,EARLY,ONTIME,ONTIME,,,,,,,,,04:55,05:35,,,HAN,HAN,CXR,Domestic,VJ,,,,,,,,,,,,
,2026-04-13,____/VJ121,A666,A320,HAN-SGN,,06:00,,06:00,,05:53,05:55,05:57,,,EARLY,ONTIME,ONTIME,,,,,,,,,05:10,05:50,,,HAN,HAN,SGN,Domestic,VJ,,,,,,,,,,,,
,2026-04-13,____/VJ491,A699,A320,HAN-BMV,,06:00,,06:00,,05:59,06:00,06:13,,,ONTIME,ONTIME,ONTIME,,,,,,,,,05:10,05:50,,,HAN,HAN,BMV,Domestic,VJ,,,,,,,,,,,,
,2026-04-13,____/VJ101,656E,C909,HAN-VCS,,06:45,,06:45,,06:38,06:40,06:41,,,EARLY,ONTIME,ONTIME,,,,,,,,,06:00,06:35,,,HAN,HAN,VCS,Domestic,VJ,,,,,,,,,,,,
,2026-04-13,____/VJ197,A553,A321,HAN-SGN,,07:20,,07:20,,07:14,07:15,07:20,,,EARLY,ONTIME,ONTIME,,,,,,,,,06:30,07:10,,,HAN,HAN,SGN,Domestic,VJ,,,,,,,,,,,,
,2026-04-13,____/VJ503,A637,A321,HAN-DAD,,07:30,,07:30,,07:24,07:25,07:29,,,EARLY,ONTIME,ONTIME,,,,,,,,,06:30,07:20,,,HAN,HAN,DAD,Domestic,VJ,,,,,,,,,,,,
,2026-04-13,VJ7527/VJ934,A554,A321,CAN-HAN-NRT,03:05,07:55,03:05,07:55,03:35,07:49,07:50,07:57,04:50,04:15,EARLY,ONTIME,ONTIME,DELAY,,,,,,,,07:00,07:45,,,HAN,CAN,NRT,International,VJ,,,,,,,,,,,,
,2026-04-13,____/VJ127,A535,A321,HAN-SGN,,08:10,,08:10,,08:04,08:05,08:12,,,EARLY,ONTIME,ONTIME,,,,,,,,,07:20,08:02,,,HAN,HAN,SGN,Domestic,VJ,,,,,,,,,,,,
,2026-04-13,____/VJ930,A548,A321,HAN-KIX,,07:55,,08:30,,08:24,08:25,08:31,,,EARLY,ONTIME,DELAY,,,,,,,,,07:40,08:22,,,HAN,HAN,KIX,International,VJ,,,,,,,,,,,,
,2026-04-13,____/VJ929,A532,A321,HAN-CGK,,08:40,,08:40,,08:39,08:40,08:43,,,ONTIME,ONTIME,ONTIME,,,,,,,,,07:55,08:37,,,HAN,HAN,CGK,International,VJ,,,,,,,,,,,,
,2026-04-13,VJ124/VJ129,A693,A321,SGN-HAN-SGN,08:15,08:45,08:15,08:45,08:05,08:49,08:50,09:00,00:30,00:45,DELAY,ONTIME,ONTIME,ONTIME,,15A,00:05,,,,,07:55,08:37,,OFFLOAD 01PAX 01BAG,HAN,SGN,SGN,Domestic,VJ,,,,,,,,,,,,
,2026-04-13,____/VJ447,A643,A321,HAN-PQC,,08:45,,08:45,,08:39,08:40,08:48,,,EARLY,ONTIME,ONTIME,,,,,,,,,08:00,08:36,,,HAN,HAN,PQC,Domestic,VJ,,,,,,,,,,,,
,2026-04-13,VJ7615/VJ7615,A552,A321,BQS-HAN-CXR,08:20,08:50,08:20,08:50,08:35,08:59,09:00,09:15,00:30,00:25,DELAY,ONTIME,DELAY,ONTIME,,93,00:10,,,,,,,X,TECHSTOP,HAN,BQS,CXR,Domestic,VJ,,,,,,,,,,,,
,2026-04-13,____/VJ505,A655,A320,HAN-DAD,,09:05,,09:05,,09:04,09:05,09:12,,,ONTIME,ONTIME,ONTIME,,,,,,,,,08:15,09:02,,,HAN,HAN,DAD,Domestic,VJ,,,,,,,,,,,,
,2026-04-13,____/VJ563,A640,A321,HAN-HUI,,09:20,,09:20,,09:19,09:20,09:27,,,ONTIME,ONTIME,ONTIME,,,,,,,,,08:15,09:17,,,HAN,HAN,HUI,Domestic,VJ,,,,,,,,,,,,
,2026-04-13,VJ7816/VJ915,A683,A321,MNL-HAN-SIN,03:50,09:35,03:50,09:35,04:00,09:29,09:30,09:35,05:45,05:30,EARLY,ONTIME,ONTIME,ONTIME,,,,,,,,08:45,09:27,,,HAN,MNL,SIN,International,VJ,,,,,,,,,,,,
,2026-04-13,VJ963/VJ997,A674,A321,ICN-HAN-DPS,08:55,10:05,08:55,10:15,09:45,10:24,10:25,10:35,01:20,00:40,DELAY,ONTIME,DELAY,DELAY,,66,00:10,,,,,10:00,10:22,,CHANGE CREW HAN OB 1000,HAN,ICN,DPS,International,VJ,,,,,,,,,,,,
,2026-04-13,VJ126/VJ131,A657,A321,SGN-HAN-SGN,09:40,10:10,09:40,10:10,09:45,10:14,10:15,10:25,00:30,00:30,DELAY,ONTIME,ONTIME,ONTIME,,93,00:05,,,,,09:45,10:12,,,HAN,SGN,SGN,Domestic,VJ,,,,,,,,,,,,
,2026-04-13,VJ770/VJ463,A663,A320,CXR-HAN-VCA,09:55,10:20,09:55,10:20,10:15,10:48,10:50,10:50,00:25,00:35,DELAY,DELAY,DELAY,DELAY,,93,00:20,66,00:10,,,10:20,10:46,,CREW HN OB 1025,HAN,CXR,VCA,Domestic,VJ,,,,,,,,,,,,
,2026-04-13,VJ492/VJ1427,A699,A320,BMV-HAN-PXU,10:00,10:30,10:00,11:00,10:35,10:59,11:00,11:10,01:00,00:25,ONTIME,ONTIME,DELAY,DELAY,,,,,,,,10:20,10:57,,,HAN,BMV,PXU,Domestic,VJ,,,,,,,,,,,,
,2026-04-13,VJ1926/VJ901,A500,A321,AMD-HAN-BKK,06:30,11:10,06:30,11:10,07:15,11:04,11:05,11:15,04:40,03:50,EARLY,ONTIME,ONTIME,DELAY,,,,,,,,10:15,11:02,,,HAN,AMD,BKK,International,VJ,,,,,,,,,,,,
,2026-04-13,____/VJ507,A642,A321,HAN-DAD,,11:10,,11:10,,11:09,11:10,11:22,,,ONTIME,ONTIME,ONTIME,,,,,,,,,10:25,11:07,,,HAN,HAN,DAD,Domestic,VJ,,,,,,,,,,,,
,2026-04-13,VJ130/VJ133,A650,A320,SGN-HAN-SGN,10:50,11:20,10:50,11:20,11:00,11:24,11:25,11:35,00:30,00:25,DELAY,ONTIME,ONTIME,ONTIME,,93,00:05,,,,,10:50,11:21,,,HAN,SGN,SGN,Domestic,VJ,,,,,,,,,,,,
,2026-04-13,VJ524/VJ451,A637,A321,DAD-HAN-PQC,10:40,11:45,10:40,11:45,10:55,11:42,11:43,11:45,01:05,00:48,EARLY,ONTIME,ONTIME,ONTIME,,,,,,,,11:00,11:40,,,HAN,DAD,PQC,Domestic,VJ,,,,,,,,,,,,
,2026-04-13,VJ981/VJ137,A667,A321,PUS-HAN-SGN,10:40,12:20,10:40,12:20,11:05,12:19,12:20,12:35,01:40,01:15,ONTIME,ONTIME,ONTIME,DELAY,,,,,,,,11:35,12:17,,,HAN,PUS,SGN,Domestic,VJ,,,,,,,,,,,,
,2026-04-13,VJ128/VJ515,A668,A320,SGN-HAN-DAD,11:50,12:25,11:50,12:25,11:55,12:24,12:25,12:40,00:35,00:30,ONTIME,ONTIME,ONTIME,ONTIME,,,,,,,,12:00,12:22,,,HAN,SGN,DAD,Domestic,VJ,,,,,,,,,,,,
,2026-04-13,VJ564/VJ787,A640,A321,HUI-HAN-CXR,12:20,13:10,12:20,13:10,12:40,13:14,13:15,13:20,00:50,00:35,DELAY,ONTIME,ONTIME,DELAY,,66,00:05,,,,,12:40,13:05,,CREW HN OB 1250,HAN,HUI,CXR,Domestic,VJ,,,,,,,,,,,,
,2026-04-13,VJ939/VJ948,A523,A321,KIX-HAN-RMQ,12:20,13:30,12:20,13:30,12:50,13:29,13:30,13:40,01:10,00:40,ONTIME,ONTIME,ONTIME,DELAY,,,,,,,,13:00,13:27,,,HAN,KIX,RMQ,International,VJ,,,,,,,,,,,,
,2026-04-13,VJ506/VJ441,A655,A320,DAD-HAN-PQC,12:15,14:00,12:15,14:00,12:40,13:59,14:00,14:05,01:45,01:20,ONTIME,ONTIME,ONTIME,DELAY,,,,,,,,13:20,13:57,,,HAN,DAD,PQC,Domestic,VJ,,,,,,,,,,,,
,2026-04-13,VJ198/VJ525,A553,A321,SGN-HAN-DAD,12:40,14:05,12:40,14:05,12:45,14:04,14:05,14:15,01:25,01:20,ONTIME,ONTIME,ONTIME,ONTIME,,,,,,,,13:15,13:57,,,HAN,SGN,DAD,Domestic,VJ,,,,,,,,,,,,
,2026-04-13,VJ921/VJ143,A525,A321,NGO-HAN-SGN,12:50,14:05,12:50,14:05,13:00,14:04,14:05,14:12,01:15,01:05,ONTIME,ONTIME,ONTIME,ONTIME,,,,,,,,13:15,13:55,,,HAN,NGO,SGN,Domestic,VJ,,,,,,,,,,,,
,2026-04-13,VJ961/VJ942,A516,A321,ICN-HAN-TPE,13:35,14:25,13:35,14:40,14:00,14:39,14:40,14:54,01:05,00:40,ONTIME,ONTIME,DELAY,DELAY,,,,,,,,14:17,14:37,,,HAN,ICN,TPE,International,VJ,,,,,,,,,,,,
,2026-04-13,VJ933/VJ946,A543,A321,NRT-HAN-KHH,13:05,14:35,13:05,14:35,13:45,14:27,14:29,14:30,01:30,00:44,EARLY,ONTIME,ONTIME,DELAY,,,,,,,,14:03,14:25,,,HAN,NRT,KHH,International,VJ,,,,,,,,,,,,
,2026-04-13,VJ1504/VJ1505,A644,A321,DAD-HAN-DAD,14:00,14:35,14:00,14:35,14:15,14:43,14:45,14:45,00:35,00:30,DELAY,ONTIME,ONTIME,ONTIME,,93,00:10,,,,,14:15,14:40,,,HAN,DAD,DAD,Domestic,VJ,,,,,,,,,,,,
,2026-04-13,VJ510/VJ511,A642,A321,DAD-HAN-DAD,14:35,15:05,14:35,15:40,15:10,15:38,15:40,15:44,01:05,00:30,ONTIME,ONTIME,DELAY,DELAY,,,,,,,,15:00,15:36,,,HAN,DAD,DAD,Domestic,VJ,,,,,,,,,,,,
,2026-04-13,VJ440/VJ439,A643,A321,PQC-HAN-UIH,13:30,15:40,13:30,15:40,13:50,15:34,15:35,15:40,02:10,01:45,EARLY,ONTIME,ONTIME,DELAY,,,,,,,,15:10,15:32,,,HAN,PQC,UIH,Domestic,VJ,,,,,,,,,,,,
,2026-04-13,VJ138/VJ147,A676,A320,SGN-HAN-SGN,15:15,15:45,15:15,15:45,15:00,15:39,15:40,15:43,00:30,00:40,EARLY,ONTIME,ONTIME,ONTIME,,,,,,,,15:00,15:37,,,HAN,SGN,SGN,Domestic,VJ,,,,,,,,,,,,
,2026-04-13,VJ446/VJ773,A537,A321,PQC-HAN-CXR,15:05,16:00,15:05,16:00,15:05,15:59,16:00,16:08,00:55,00:55,ONTIME,ONTIME,ONTIME,ONTIME,,,,,,,,15:10,15:55,,,HAN,PQC,CXR,Domestic,VJ,,,,,,,,,,,,
,2026-04-13,VJ508/VJ567,A668,A320,DAD-HAN-HUI,15:40,16:10,15:40,16:50,16:10,16:41,16:42,16:46,01:10,00:32,EARLY,ONTIME,DELAY,DELAY,,,,,,,,16:10,16:38,,,HAN,DAD,HUI,Domestic,VJ,,,,,,,,,,,,
,2026-04-13,VJ136/VJ913,A666,A320,SGN-HAN-SAI,14:10,16:20,14:10,16:20,14:15,16:08,16:10,16:20,02:10,01:55,EARLY,ONTIME,ONTIME,ONTIME,,,,,,,,15:35,16:05,,,HAN,SGN,SAI,International,VJ,,,,,,,,,,,,
,2026-04-13,VJ1428/VJ1513,A699,A320,PXU-HAN-DAD,14:15,16:35,14:15,16:35,14:45,16:32,16:33,16:40,02:20,01:48,EARLY,ONTIME,ONTIME,DELAY,,,,,,,,15:50,16:30,,,HAN,PXU,DAD,Domestic,VJ,,,,,,,,,,,,
,2026-04-13,VJ140/VJ151,A662,A320,SGN-HAN-SGN,16:20,16:50,16:20,16:50,16:30,16:54,16:55,17:02,00:30,00:25,DELAY,ONTIME,ONTIME,ONTIME,,93,00:05,,,,,16:30,16:50,,,HAN,SGN,SGN,Domestic,VJ,,,,,,,,,,,,
,2026-04-13,VJ5068/VJ5068,A552,A321,CXR-HAN-NOZ,16:25,16:55,16:25,16:55,16:40,17:09,17:10,17:20,00:30,00:30,DELAY,ONTIME,DELAY,ONTIME,,93,00:15,,,,,,,X,TECHSTOP,HAN,CXR,NOZ,International,VJ,,,,,,,,,,,,
,2026-04-13,VJ464/VJ465,A663,A320,VCA-HAN-VCA,15:10,17:00,15:10,17:00,15:55,16:54,16:55,17:02,01:50,01:00,EARLY,ONTIME,ONTIME,DELAY,,,,,,,,16:10,16:50,,,HAN,VCA,VCA,Domestic,VJ,,,,,,,,,,,,
,2026-04-13,VJ134/VJ495,A535,A321,SGN-HAN-BMV,13:30,17:30,13:30,17:30,13:25,17:44,17:45,17:53,04:00,04:20,DELAY,ONTIME,DELAY,ONTIME,,95,00:15,,,,,17:20,17:42,,CREW 5068 OB 1725,HAN,SGN,BMV,Domestic,VJ,,,,,,,,,,,,
,2026-04-13,VJ774/VJ517,A640,A321,CXR-HAN-DAD,17:15,17:45,17:15,17:45,17:55,18:24,18:25,18:33,00:30,00:30,DELAY,DELAY,DELAY,DELAY,,93,00:40,,,,,17:50,18:23,,,HAN,CXR,DAD,Domestic,VJ,,,,,,,,,,,,
,2026-04-13,VJ528/VJ1153,A553,A321,DAD-HAN-SGN,17:25,18:05,17:25,18:05,17:40,18:09,18:10,18:30,00:40,00:30,DELAY,ONTIME,DELAY,ONTIME,,93,00:05,,,,,17:40,18:05,,,HAN,DAD,SGN,Domestic,VJ,,,,,,,,,,,,
,2026-04-13,VJ512/VJ521,A642,A321,DAD-HAN-DAD,18:15,18:45,18:50,19:30,19:00,19:29,19:30,19:38,00:40,00:30,ONTIME,ONTIME,DELAY,DELAY,,,,,,,,19:00,19:25,,,HAN,DAD,DAD,Domestic,VJ,,,,,,,,,,,,
,2026-04-13,VJ454/VJ1127,A637,A320,PQC-HAN-SGN,16:45,19:20,16:45,19:20,16:55,19:18,19:19,19:23,02:35,02:24,EARLY,ONTIME,ONTIME,ONTIME,,,,,,,,18:35,19:15,,,HAN,PQC,SGN,Domestic,VJ,,,,,,,,,,,,
,2026-04-13,VJ438/VJ523,A643,A321,UIH-HAN-DAD,19:25,19:55,19:25,20:30,19:55,20:24,20:25,20:34,01:05,00:30,EARLY,ONTIME,DELAY,DELAY,,,,,,,,19:55,20:20,,,HAN,UIH,DAD,Domestic,VJ,,,,,,,,,,,,
,2026-04-13,VJ442/VJ7712,A655,A320,PQC-HAN-PKX,18:45,19:55,18:45,19:55,18:57,19:49,19:50,19:54,01:10,00:53,EARLY,ONTIME,ONTIME,ONTIME,,,,,,,,19:10,19:45,,,HAN,PQC,PKX,International,VJ,,,,,,,,,,,,
,2026-04-13,VJ902/VJ907,A500,A321,BKK-HAN-BOM,15:50,20:05,15:50,20:05,16:15,19:59,20:00,2005,04:15,03:45,EARLY,ONTIME,DELAY,DELAY,,,,,,,,19:20,19:55,,,HAN,BKK,BOM,International,VJ,,,,,,,,,,,,
,2026-04-13,VJ928/VJ457,A532,A321,CGK-HAN-PQC,18:15,20:05,18:15,20:05,18:32,20:04,20:05,20:15,01:50,01:33,ONTIME,ONTIME,ONTIME,DELAY,,,,,,,,19:20,20:00,,,HAN,CGK,PQC,Domestic,VJ,,,,,,,,,,,,
,2026-04-13,VJ144/VJ159,A667,A321,SGN-HAN-SGN,18:05,20:10,18:05,20:10,17:57,20:09,20:10,20:17,02:05,02:13,ONTIME,ONTIME,ONTIME,ONTIME,,,,,,,,19:25,20:05,,,HAN,SGN,SGN,Domestic,VJ,,,,,,,,,,,,
,2026-04-13,VJ568/VJ7238,A668,A320,HUI-HAN-PVG,19:10,21:15,19:10,21:15,19:55,21:10,21:11,21:13,02:05,01:16,EARLY,ONTIME,ONTIME,DELAY,,,,,,,,20:30,21:07,,,HAN,HUI,PVG,International,VJ,,,,,,,,,,,,
,2026-04-13,____/VJ163,A811,A330,HAN-SGN,,21:25,,21:25,,21:19,21:20,21:30,,,EARLY,ONTIME,ONTIME,,,,,,,,,20:40,21:15,,,HAN,HAN,SGN,Domestic,VJ,,,,,,,,,,,,
,2026-04-13,VJ935/VJ7526,A554,A321,NRT-HAN-CAN,20:05,22:30,20:05,22:30,20:40,22:21,21:22,22:24,02:25,00:42,EARLY,ONTIME,ONTIME,DELAY,,,,,,,,21:40,22:18,,,HAN,NRT,CAN,International,VJ,,,,,,,,,,,,
,2026-04-14,____/VJ7813,A634,A321,HAN-CEB,,00:05,,00:05,,23:57,23:58,"1 day, 0:04:00",,,EARLY,ONTIME,ONTIME,,,,,,,,,23:10,23:45,,,HAN,HAN,CEB,International,VJ,,,,,,,,,,,,
,2026-04-14,____/VJ932,A523,A321,HAN-NRT,,00:30,,00:30,,00:28,00:30,00:30,,,ONTIME,ONTIME,ONTIME,,,,,,,,,23:40,00:25,,,HAN,HAN,NRT,International,VJ,,,,,,,,,,,,
,2026-04-14,____/VJ982,A640,A321,HAN-PUS,,01:05,,01:05,,00:57,00:58,01:04,,,EARLY,ONTIME,ONTIME,,,,,,,,,00:20,00:55,,,HAN,HAN,PUS,International,VJ,,,,,,,,,,,,
,2026-04-14,____/VJ938,A516,A321,HAN-KIX,,01:20,,01:20,,01:18,01:19,01:20,,,EARLY,ONTIME,ONTIME,,,,,,,,,00:35,01:15,,,HAN,HAN,KIX,International,VJ,,,,,,,,,,,,
,2026-04-14,____/VJ960,A683,A321,HAN-ICN,,01:40,,01:40,,01:38,01:39,01:40,,,EARLY,ONTIME,ONTIME,,,,,,,,,00:55,01:35,,,HAN,HAN,ICN,International,VJ,,,,,,,,,,,,
,2026-04-14,____/VJ920,A543,A321,HAN-NGO,,01:40,,01:40,,01:32,01:33,01:36,,,EARLY,ONTIME,ONTIME,,,,,,,,,00:55,01:30,,,HAN,HAN,NGO,International,VJ,,,,,,,,,,,,
,2026-04-14,____/VJ958,A525,A321,HAN-FUK,,02:05,,02:05,,01:47,01:48,01:51,,,EARLY,ONTIME,ONTIME,,,,,,,,,01:20,01:45,,,HAN,HAN,FUK,International,VJ,,,,,,,,,,,,
,2026-04-14,____/VJ1781,A815,A330,HAN-CXR,,05:40,,05:40,,05:39,05:40,05:43,,,ONTIME,ONTIME,ONTIME,,,,,,,,,04:55,05:35,,,HAN,HAN,CXR,Domestic,VJ,,,,,,,,,,,,
,2026-04-14,VJ7527/VJ771,A554,A321,CAN-HAN-CXR,03:05,05:45,03:05,05:45,01:57,05:39,05:40,05:44,02:40,03:43,EARLY,ONTIME,ONTIME,ONTIME,,,,,,,,04:50,05:38,,,HAN,CAN,CXR,Domestic,VJ,,,,,,,,,,,,
,2026-04-14,____/VJ121,A689,A320,HAN-SGN,,06:00,,06:00,,05:54,05:55,06:06,,,EARLY,ONTIME,ONTIME,,,,,,,,,05:10,05:52,,,HAN,HAN,SGN,Domestic,VJ,,,,,,,,,,,,
,2026-04-14,____/VJ491,A666,A320,HAN-BMV,,06:00,,06:00,,05:54,05:55,06:05,,,EARLY,ONTIME,ONTIME,,,,,,,,,05:10,05:52,,,HAN,HAN,BMV,Domestic,VJ,,,,,,,,,,,,
,2026-04-14,____/VJ952,A663,A320,HAN-HIJ,,06:15,,06:15,,06:09,06:10,06:15,,,EARLY,ONTIME,ONTIME,,,,,,,,,05:25,06:08,,,HAN,HAN,HIJ,International,VJ,,,,,,,,,,,,
,2026-04-14,____/VJ101,656E,C909,HAN-VCS,,06:45,,06:45,,06:39,06:40,06:45,,,EARLY,ONTIME,ONTIME,,,,,,,,,05:50,06:38,,,HAN,HAN,VCS,Domestic,VJ,,,,,,,,,,,,
,2026-04-14,VJ5069/VJ5069,A552,A321,NOZ-HAN-CXR,06:15,06:45,06:15,07:15,06:40,07:09,07:10,07:15,01:00,00:30,EARLY,ONTIME,DELAY,DELAY,,,,,,,,,,X,TECHSTOP,HAN,NOZ,CXR,Domestic,VJ,,,,,,,,,,,,
,2026-04-14,____/VJ421,A535,A321,HAN-PXU,,07:10,,07:10,,06:59,07:00,07:04,,,EARLY,ONTIME,ONTIME,,,,,,,,,06:15,06:58,,,HAN,HAN,PXU,Domestic,VJ,,,,,,,,,,,,
,2026-04-14,____/VJ197,A662,A320,HAN-SGN,,07:20,,07:20,,07:14,07:15,07:21,,,EARLY,ONTIME,ONTIME,,,,,,,,,06:35,07:15,,,HAN,HAN,SGN,Domestic,VJ,,,,,,,,,,,,
,2026-04-14,VJ7239/VJ905,A668,A320,PVG-HAN-KUL,04:50,07:25,04:50,07:25,04:50,07:19,07:20,07:26,02:35,02:30,EARLY,ONTIME,ONTIME,ONTIME,,,,,,,,06:40,07:18,,,HAN,PVG,KUL,International,VJ,,,,,,,,,,,,
,2026-04-14,____/VJ503,A636,A321,HAN-DAD,,07:30,,07:30,,07:24,07:25,07:30,,,EARLY,ONTIME,ONTIME,,,,,,,,,06:40,07:23,,,HAN,HAN,DAD,Domestic,VJ,,,,,,,,,,,,
,2026-04-14,____/VJ930,A674,A321,HAN-KIX,,07:55,,07:55,,07:49,07:50,08:00,,,EARLY,ONTIME,ONTIME,,,,,,,,,07:05,07:48,,,HAN,HAN,KIX,International,VJ,,,,,,,,,,,,
,2026-04-14,____/VJ127,A699,A320,HAN-SGN,,08:10,,08:10,,08:04,08:05,08:10,,,EARLY,ONTIME,ONTIME,,,,,,,,,07:20,08:00,,,HAN,HAN,SGN,Domestic,VJ,,,,,,,,,,,,
,2026-04-14,____/VJ934,A548,A321,HAN-NRT,,08:10,,08:10,,08:04,08:05,08:08,,,EARLY,ONTIME,ONTIME,,,,,,,,,07:25,08:02,,,HAN,HAN,NRT,International,VJ,,,,,,,,,,,,
,2026-04-14,VJ910/VJ929,A500,A321,BOM-HAN-CGK,07:10,08:40,07:10,08:40,07:05,08:32,08:33,08:35,01:30,01:28,EARLY,ONTIME,ONTIME,ONTIME,,,,,,,,07:55,08:28,,,HAN,BOM,CGK,International,VJ,,,,,,,,,,,,
,2026-04-14,VJ124/VJ129,A553,A321,SGN-HAN-SGN,08:15,08:45,08:15,08:45,08:05,08:44,08:45,08:52,00:30,00:40,ONTIME,ONTIME,ONTIME,ONTIME,,,,,,,,08:05,08:40,,,HAN,SGN,SGN,Domestic,VJ,,,,,,,,,,,,
,2026-04-14,____/VJ447,A637,A321,HAN-PQC,,08:45,,08:45,,08:41,08:42,08:43,,,EARLY,ONTIME,ONTIME,,,,,,,,,08:05,08:38,,,HAN,HAN,PQC,Domestic,VJ,,,,,,,,,,,,
,2026-04-14,____/VJ563,A643,A321,HAN-HUI,,09:20,,09:20,,09:15,09:17,09:19,,,EARLY,ONTIME,ONTIME,,,,,,,,,08:30,09:11,,,HAN,HAN,HUI,Domestic,VJ,,,,,,,,,,,,
,2026-04-14,____/VJ131,A655,A320,HAN-SGN,,10:10,,10:10,,10:09,10:10,10:15,,,ONTIME,ONTIME,ONTIME,,,,,,,,,09:25,10:07,,,HAN,HAN,SGN,Domestic,VJ,,,,,,,,,,,,
,2026-04-14,VJ7814/VJ463,A634,A321,CEB-HAN-VCA,08:20,10:20,08:20,10:20,08:50,10:19,10:20,10:26,02:00,01:30,ONTIME,ONTIME,ONTIME,DELAY,,,,,,,,08:30,10:11,,,HAN,CEB,VCA,Domestic,VJ,,,,,,,,,,,,
,2026-04-14,VJ492/VJ1427,A666,A320,BMV-HAN-PXU,10:00,10:30,10:00,10:30,09:55,10:24,10:25,10:32,00:30,00:30,EARLY,ONTIME,ONTIME,ONTIME,,,,,,,,09:50,10:22,,,HAN,BMV,PXU,Domestic,VJ,,,,,,,,,,,,
,2026-04-14,VJ770/VJ901,A647,A321,CXR-HAN-BKK,10:10,11:10,10:10,11:10,10:25,11:14,11:15,11:18,01:00,00:50,DELAY,ONTIME,ONTIME,ONTIME,,66,00:05,,,,,10:45,11:10,,CHANGE CREW HAN OB 1045,HAN,CXR,BKK,International,VJ,,,,,,,,,,,,
,2026-04-14,VJ524/VJ507,A636,A321,DAD-HAN-DAD,10:40,11:10,10:40,11:10,10:55,11:24,11:25,11:33,00:30,00:30,DELAY,ONTIME,DELAY,ONTIME,,93,00:15,,,,,10:45,11:22,,,HAN,DAD,DAD,Domestic,VJ,,,,,,,,,,,,
,2026-04-14,VJ130/VJ133,A522,A321,SGN-HAN-SGN,10:50,11:20,10:50,11:20,11:05,11:34,11:35,11:45,00:30,00:30,DELAY,ONTIME,DELAY,ONTIME,,93,00:15,,,,,11:05,11:25,,,HAN,SGN,SGN,Domestic,VJ,,,,,,,,,,,,
,2026-04-14,VJ422/VJ451,A535,A321,PXU-HAN-PQC,10:50,11:45,10:50,11:45,10:40,11:41,11:42,11:47,00:55,01:02,EARLY,ONTIME,ONTIME,ONTIME,,,,,,,,10:47,11:40,,,HAN,PXU,PQC,Domestic,VJ,,,,,,,,,,,,
,2026-04-14,VJ981/VJ515,A640,A321,PUS-HAN-DAD,10:40,12:10,10:40,12:10,10:55,12:08,12:10,12:15,01:30,01:15,ONTIME,ONTIME,ONTIME,ONTIME,,,,,,,,11:28,12:02,,,HAN,PUS,DAD,Domestic,VJ,,,,,,,,,,,,
,2026-04-14,VJ128/VJ137,A656,A320,SGN-HAN-SGN,11:50,12:20,11:50,12:20,12:00,12:24,12:25,12:35,00:30,00:25,DELAY,ONTIME,ONTIME,ONTIME,,,,,,,,11:55,12:22,,,HAN,SGN,SGN,Domestic,VJ,,,,,,,,,,,,
,2026-04-14,VJ564/VJ787,A643,A321,HUI-HAN-CXR,12:20,13:10,12:20,13:10,12:30,13:09,13:10,13:18,00:50,00:40,ONTIME,ONTIME,ONTIME,ONTIME,,,,,,,,12:35,13:02,,,HAN,HUI,CXR,Domestic,VJ,,,,,,,,,,,,
,2026-04-14,VJ939/VJ948,A516,A321,KIX-HAN-RMQ,12:20,13:30,12:20,13:30,12:55,13:39,13:40,13:42,01:10,00:45,DELAY,ONTIME,ONTIME,DELAY,,66,00:10,,,,,13:10,13:37,,CHANGE CREW HAN OB 1314,HAN,KIX,RMQ,International,VJ,,,,,,,,,,,,
,2026-04-14,VJ440/VJ441,A637,A321,PQC-HAN-PQC,13:30,14:00,13:30,14:00,13:30,13:59,14:00,14:05,00:30,00:30,ONTIME,ONTIME,ONTIME,ONTIME,,,,,,,,13:30,13:57,,,HAN,PQC,PQC,Domestic,VJ,,,,,,,,,,,,
,2026-04-14,VJ198/VJ7316,A662,A320,SGN-HAN-ENH,12:40,14:00,12:40,14:00,12:45,13:46,13:48,13:49,01:20,01:03,EARLY,ONTIME,ONTIME,ONTIME,,,,,,,,13:10,13:44,,,HAN,SGN,ENH,International,VJ,,,,,,,,,,,,
,2026-04-14,VJ921/VJ525,A543,A321,NGO-HAN-DAD,12:50,14:05,12:50,14:05,12:45,14:03,14:05,14:06,01:15,01:20,ONTIME,ONTIME,ONTIME,ONTIME,,,,,,,,13:15,14:00,,,HAN,NGO,DAD,Domestic,VJ,,,,,,,,,,,,
,2026-04-14,VJ134/VJ143,A699,A320,SGN-HAN-SGN,13:30,14:05,13:30,14:05,13:35,14:03,14:05,14:12,00:35,00:30,ONTIME,ONTIME,ONTIME,ONTIME,,,,,,,,13:40,14:01,,,HAN,SGN,SGN,Domestic,VJ,,,,,,,,,,,,
,2026-04-14,VJ961/VJ946,A683,A321,ICN-HAN-KHH,13:35,14:35,13:35,14:35,14:10,14:49,14:50,14:59,01:00,00:40,DELAY,ONTIME,DELAY,DELAY,,93,00:05,66,00:10,,,14:30,14:47,,LATE ARR/ CHANGE CREW HN OB 1425,HAN,ICN,KHH,International,VJ,,,,,,,,,,,,
,2026-04-14,VJ1504/VJ1505,A684,A321,DAD-HAN-DAD,14:00,14:35,14:00,14:35,14:05,14:34,14:35,14:44,00:35,00:30,ONTIME,ONTIME,ONTIME,ONTIME,,,,,,,,14:05,14:31,,,HAN,DAD,DAD,Domestic,VJ,,,,,,,,,,,,
,2026-04-14,VJ136/VJ141,A689,A320,SGN-HAN-SGN,14:10,14:50,14:10,14:50,14:20,14:49,14:50,14:58,00:40,00:30,ONTIME,ONTIME,ONTIME,ONTIME,,,,,,,,14:25,14:46,,,HAN,SGN,SGN,Domestic,VJ,,,,,,,,,,,,
,2026-04-14,VJ510/VJ511,A636,A321,DAD-HAN-DAD,14:35,15:05,14:35,15:05,14:55,15:24,15:25,15:28,00:30,00:30,DELAY,DELAY,DELAY,DELAY,,93,00:20,,,,,14:50,15:23,,,HAN,DAD,DAD,Domestic,VJ,,,,,,,,,,,,
,2026-04-14,VJ1428/VJ439,A666,A320,PXU-HAN-UIH,14:15,15:40,14:15,15:40,14:00,15:33,15:34,15:36,01:25,01:34,EARLY,ONTIME,ONTIME,ONTIME,,,,,,,,14:55,15:31,,,HAN,PXU,UIH,Domestic,VJ,,,,,,,,,,,,
,2026-04-14,VJ138/VJ147,A655,A320,SGN-HAN-SGN,15:20,15:50,15:20,15:50,15:35,15:59,16:00,16:05,00:30,00:25,DELAY,ONTIME,ONTIME,ONTIME,,93,00:10,,,,,15:35,15:37,,,HAN,SGN,SGN,Domestic,VJ,,,,,,,,,,,,
,2026-04-14,VJ464/VJ567,A634,A321,VCA-HAN-HUI,15:10,15:55,15:10,15:55,15:20,15:49,15:50,15:52,00:45,00:30,EARLY,ONTIME,ONTIME,ONTIME,,,,,,,,15:15,15:46,,,HAN,VCA,HUI,Domestic,VJ,,,,,,,,,,,,
,2026-04-14,VJ508/VJ773,A640,A321,DAD-HAN-CXR,15:25,16:00,15:25,16:00,15:45,16:14,16:15,16:15,00:35,00:30,DELAY,ONTIME,ONTIME,DELAY,,93,00:15,,,,,15:40,16:11,,,HAN,DAD,CXR,Domestic,VJ,,,,,,,,,,,,
,2026-04-14,VJ906/VJ913,A668,A320,KUL-HAN-SAI,14:40,16:20,14:40,16:20,14:30,16:12,16:13,16:23,01:40,01:43,EARLY,ONTIME,ONTIME,ONTIME,,,,,,,,15:35,16:10,,,HAN,KUL,SAI,International,VJ,,,,,,,,,,,,
,2026-04-14,VJ140/VJ465,A675,A320,SGN-HAN-VCA,16:20,17:00,16:20,17:00,16:25,16:55,16:56,16:57,00:40,00:31,EARLY,ONTIME,ONTIME,ONTIME,,,,,,,,16:25,16:50,,,HAN,SGN,VCA,Domestic,VJ,,,,,,,,,,,,
,2026-04-14,VJ953/VJ151,A663,A320,HIJ-HAN-SGN,16:10,17:05,16:10,17:05,16:30,17:04,17:05,17:09,00:55,00:35,ONTIME,ONTIME,ONTIME,DELAY,,,,,,,,16:35,17:02,,,HAN,HIJ,SGN,Domestic,VJ,,,,,,,,,,,,
,2026-04-14,VJ902/VJ495,A647,A321,BKK-HAN-BMV,15:50,17:30,15:50,17:30,16:10,17:29,17:30,17:32,01:40,01:20,ONTIME,ONTIME,ONTIME,DELAY,,,,,,,,16:45,17:22,,,HAN,BKK,BMV,Domestic,VJ,,,,,,,,,,,,
,2026-04-14,VJ774/VJ517,A643,A321,CXR-HAN-DAD,17:15,17:45,17:15,17:45,17:55,18:24,18:25,18:35,00:30,00:30,DELAY,DELAY,DELAY,DELAY,,93,00:40,,,,,17:50,18:22,,,HAN,CXR,DAD,Domestic,VJ,,,,,,,,,,,,
,2026-04-14,VJ528/VJ1153,A543,A321,DAD-HAN-SGN,17:25,18:05,17:25,18:05,17:30,18:04,18:05,18:13,00:40,00:35,ONTIME,ONTIME,ONTIME,ONTIME,,,,,,,,17:30,18:02,,,HAN,DAD,SGN,Domestic,VJ,,,,,,,,,,,,
,2026-04-14,VJ512/VJ521,A636,A321,DAD-HAN-DAD,18:15,18:45,18:15,19:25,18:50,19:22,19:23,19:27,01:10,00:33,EARLY,ONTIME,DELAY,DELAY,,,,,,,,18:50,19:20,,,HAN,DAD,DAD,Domestic,VJ,,,,,,,,,,,,
,2026-04-14,____/VJ971,A811,A330,HAN-DEL,,19:40,,19:40,,19:39,19:40,19:50,,,ONTIME,ONTIME,ONTIME,,,,,,,,,19:04,19:36,,,HAN,HAN,DEL,International,VJ,,,,,,,,,,,,
,2026-04-14,VJ146/VJ523,A699,A320,SGN-HAN-DAD,18:55,19:40,18:55,19:40,19:05,19:38,19:40,19:42,00:45,00:35,ONTIME,ONTIME,ONTIME,ONTIME,,,,,,,,19:10,19:35,,,HAN,SGN,DAD,Domestic,VJ,,,,,,,,,,,,
,2026-04-14,VJ454/VJ1925,A535,A321,PQC-HAN-AMD,16:45,19:45,16:45,19:45,16:35,19:44,19:45,19:47,03:00,03:10,ONTIME,ONTIME,ONTIME,ONTIME,,,,,,,,19:00,19:30,,,HAN,PQC,AMD,International,VJ,,,,,,,,,,,,
,2026-04-14,VJ152/VJ159,A629,A321,SGN-HAN-SGN,19:20,20:10,19:20,20:10,19:40,20:09,20:10,20:14,00:50,00:30,ONTIME,ONTIME,ONTIME,DELAY,,,,,,,,19:40,20:07,,,HAN,SGN,SGN,Domestic,VJ,,,,,,,,,,,,
,2026-04-14,VJ144/VJ36,A816,A330,SGN-HAN-HAK,18:05,22:00,18:05,23:00,18:05,22:39,22:40,22:55,04:55,04:35,EARLY,ONTIME,DELAY,ONTIME,,,,,,,,,,,FERRY FLIGHT,HAN,SGN,HAK,International,VJ,,,,,,,,,,,,
,2026-04-14,VJ928/VJ7526,A500,A321,CGK-HAN-CAN,18:15,22:30,18:15,22:30,18:23,22:28,22:30,22:31,04:15,04:07,ONTIME,ONTIME,ONTIME,ONTIME,,,,,,,,21:45,22:25,,,HAN,CGK,CAN,International,VJ,,,,,,,,,,,,
,2026-04-15,____/VJ932,A523,A321,HAN-NRT,,00:30,,00:30,,00:29,00:30,00:32,,,ONTIME,ONTIME,ONTIME,,,,,,,,,23:40,00:27,,,HAN,HAN,NRT,International,VJ,,,,,,,,,,,,
,2026-04-15,____/VJ982,A634,A321,HAN-PUS,,01:05,,01:05,,00:51,00:52,00:54,,,EARLY,ONTIME,ONTIME,,,,,,,,,00:10,00:45,,,HAN,HAN,PUS,International,VJ,,,,,,,,,,,,
,2026-04-15,VJ7706/VJ7706,A554,A321,CXR-HAN-KHV,00:35,01:05,00:35,01:05,00:45,01:09,01:10,01:15,00:30,00:25,DELAY,ONTIME,ONTIME,ONTIME,,93,00:05,,,,,,,X,TECHSTOP,HAN,CXR,KHV,International,VJ,,,,,,,,,,,,
,2026-04-15,____/VJ938,A516,A321,HAN-KIX,,01:20,,01:20,,01:10,01:12,01:14,,,EARLY,ONTIME,ONTIME,,,,,,,,,00:30,01:08,,,HAN,HAN,KIX,International,VJ,,,,,,,,,,,,
,2026-04-15,____/VJ960,A683,A321,HAN-ICN,,01:40,,01:40,,01:36,01:37,01:40,,,EARLY,ONTIME,ONTIME,,,,,,,,,00:55,01:34,,,HAN,HAN,ICN,International,VJ,,,,,,,,,,,,
,2026-04-15,____/VJ920,A548,A321,HAN-NGO,,01:40,,01:40,,01:29,01:30,01:31,,,EARLY,ONTIME,ONTIME,,,,,,,,,00:55,01:26,,,HAN,HAN,NGO,International,VJ,,,,,,,,,,,,
,2026-04-15,____/VJ771,A666,A320,HAN-CXR,,05:45,,05:45,,05:39,05:40,05:50,,,EARLY,ONTIME,ONTIME,,,,,,,,,04:55,05:37,,,HAN,HAN,CXR,Domestic,VJ,,,,,,,,,,,,
,2026-04-15,____/VJ121,A662,A320,HAN-SGN,,06:00,,06:00,,05:54,05:55,06:05,,,EARLY,ONTIME,ONTIME,,,,,,,,,05:10,05:52,,,HAN,HAN,SGN,Domestic,VJ,,,,,,,,,,,,
,2026-04-15,____/VJ461,A676,A320,HAN-VCA,,06:00,,06:00,,05:54,05:55,06:05,,,EARLY,ONTIME,ONTIME,,,,,,,,,05:10,05:53,,,HAN,HAN,VCA,Domestic,VJ,,,,,,,,,,,,
,2026-04-15,____/VJ491,A643,A321,HAN-BMV,,06:00,,06:00,,05:54,05:55,06:00,,,EARLY,ONTIME,ONTIME,,,,,,,,,05:10,05:52,,,HAN,HAN,BMV,Domestic,VJ,,,,,,,,,,,,
,2026-04-15,____/VJ431,A697,A321,HAN-UIH,,06:05,,06:05,,05:57,05:59,06:06,,,EARLY,ONTIME,ONTIME,,,,,,,,,05:15,05:55,,,HAN,HAN,UIH,Domestic,VJ,,,,,,,,,,,,
,2026-04-15,____/VJ101,656E,C909,HAN-VCS,,06:45,,06:45,,06:39,06:40,06:50,,,EARLY,ONTIME,ONTIME,,,,,,,,,06:00,06:38,,,HAN,HAN,VCS,Domestic,VJ,,,,,,,,,,,,
,2026-04-15,____/VJ125,A675,A320,HAN-SGN,,07:00,,07:00,,06:54,06:55,07:00,,,EARLY,ONTIME,ONTIME,,,,,,,,,06:10,06:52,,,HAN,HAN,SGN,Domestic,VJ,,,,,,,,,,,,
,2026-04-15,____/VJ197,A640,A321,HAN-SGN,,07:20,,07:20,,07:14,07:15,07:24,,,EARLY,ONTIME,ONTIME,,,,,,,,,06:30,07:12,,,HAN,HAN,SGN,Domestic,VJ,,,,,,,,,,,,
,2026-04-15,____/VJ503,A637,A321,HAN-DAD,,07:30,,07:30,,07:24,07:25,07:38,,,EARLY,ONTIME,ONTIME,,,,,,,,,06:40,07:22,,,HAN,HAN,DAD,Domestic,VJ,,,,,,,,,,,,
,2026-04-15,____/VJ934,A525,A321,HAN-NRT,,07:55,,07:55,,07:49,07:50,07:58,,,EARLY,ONTIME,ONTIME,,,,,,,,,06:57,07:47,,,HAN,HAN,NRT,International,VJ,,,,,,,,,,,,
,2026-04-15,VJ1926/VJ930,A535,A321,AMD-HAN-KIX,05:55,07:55,05:55,07:55,06:10,07:59,08:00,08:05,02:00,01:50,DELAY,ONTIME,ONTIME,ONTIME,,99,00:05,,,,,07:05,07:57,,DL99 LATE ACCEPT 11PAX WITH 12BAG,HAN,AMD,KIX,International,VJ,,,,,,,,,,,,
,2026-04-15,____/VJ929,A674,A321,HAN-CGK,,08:40,,08:40,,08:49,08:50,08:53,,,DELAY,ONTIME,ONTIME,,,49,00:10,,,,,07:55,08:33,,DL 49 MCC SIGN TECHLOG,HAN,HAN,CGK,International,VJ,,,,,,,,,,,,
,2026-04-15,____/VJ129,A668,A320,HAN-SGN,,08:45,,08:45,,08:36,08:37,08:41,,,EARLY,ONTIME,ONTIME,,,,,,,,,08:00,08:34,,,HAN,HAN,SGN,Domestic,VJ,,,,,,,,,,,,
,2026-04-15,____/VJ447,A685,A321,HAN-PQC,,08:45,,08:45,,08:34,08:35,08:44,,,EARLY,ONTIME,ONTIME,,,,,,,,,07:55,08:33,,,HAN,HAN,PQC,Domestic,VJ,,,,,,,,,,,,
,2026-04-15,VJ124/VJ505,A663,A320,SGN-HAN-DAD,08:15,09:05,08:15,09:05,08:05,08:47,08:48,09:15,00:50,00:43,EARLY,ONTIME,ONTIME,ONTIME,,,,,,,,08:15,08:45,,,HAN,SGN,DAD,Domestic,VJ,,,,,,,,,,,,
,2026-04-15,____/VJ563,A636,A321,HAN-HUI,,09:20,,09:20,,09:24,09:25,09:35,,,DELAY,ONTIME,ONTIME,,,15A,00:05,,,,,08:35,09:17,,OFFLOAD 07PAX+03BAG,HAN,HAN,HUI,Domestic,VJ,,,,,,,,,,,,
,2026-04-15,____/VJ915,A500,A321,HAN-SIN,,09:35,,11:30,,11:21,11:23,11:23,,,EARLY,ONTIME,DELAY,,,,,,,,,10:35,11:09,,,HAN,HAN,SIN,International,VJ,,,,,,,,,,,,
,2026-04-15,VJ126/VJ131,A629,A321,SGN-HAN-SGN,09:40,10:10,09:40,10:10,09:55,10:24,10:25,10:35,00:30,00:30,DELAY,ONTIME,DELAY,ONTIME,,93,00:15,,,,,09:55,10:22,,,HAN,SGN,SGN,Domestic,VJ,,,,,,,,,,,,
,2026-04-15,_____/VJ463,A698,A321,HAN-VCA,,10:20,,10:20,,10:19,10:20,10:28,,,ONTIME,ONTIME,ONTIME,,,,,,,,,09:30,10:15,,,HAN,HAN,VCA,Domestic,,,,,,,,,,,,,
,2026-04-15,____/VJ1427,A699,A320,HAN-PXU,,10:30,,10:30,,10:22,10:23,10:30,,,EARLY,ONTIME,ONTIME,,,,,,,,,09:45,10:20,,,HAN,HAN,PXU,Domestic,VJ,,,,,,,,,,,,
,2026-04-15,VJ430/VJ997,A674,A321,UIH-HAN-DPS,09:50,10:50,09:50,10:50,09:55,10:47,10:48,10:52,01:00,00:53,EARLY,ONTIME,ONTIME,ONTIME,,,,,,,,10:15,10:45,,,HAN,UIH,DPS,International,VJ,,,,,,,,,,,,
,2026-04-15,VJ492/VJ507,A643,A321,BMV-HAN-DAD,10:00,11:10,10:00,11:10,10:05,11:04,11:05,11:05,01:10,01:00,EARLY,ONTIME,ONTIME,ONTIME,,,,,,,,10:15,11:02,,,HAN,BMV,DAD,Domestic,VJ,,,,,,,,,,,,
,2026-04-15,VJ972/VJ1443,A811,A330,DEL-HAN-PQC,05:40,11:10,05:40,11:10,05:45,11:09,11:10,11:18,05:30,05:25,ONTIME,ONTIME,ONTIME,ONTIME,,,,,,,,10:10,11:02,,,HAN,DEL,PQC,Domestic,VJ,,,,,,,,,,,,
,2026-04-15,VJ524/VJ451,A637,A321,DAD-HAN-PQC,10:40,11:45,10:40,11:45,10:50,11:35,11:40,11:44,01:05,00:50,EARLY,ONTIME,ONTIME,ONTIME,,,,,,,,10:05,11:32,,,HAN,DAD,PQC,Domestic,VJ,,,,,,,,,,,,
,2026-04-15,VJ981/VJ901,A634,A321,PUS-HAN-BKK,10:40,11:50,10:40,11:50,10:50,11:42,11:44,11:46,01:10,00:54,EARLY,ONTIME,ONTIME,ONTIME,,,,,,,,11:00,11:40,,,HAN,PUS,BKK,International,VJ,,,,,,,,,,,,
,2026-04-15,VJ770/VJ137,A666,A320,CXR-HAN-SGN,09:55,12:20,09:55,12:20,10:38,12:19,12:20,12:28,02:25,01:42,ONTIME,ONTIME,ONTIME,DELAY,,,,,,,,11:25,12:10,,,HAN,CXR,SGN,Domestic,VJ,,,,,,,,,,,,
,2026-04-15,VJ128/VJ515,A675,A320,SGN-HAN-DAD,11:50,12:45,11:50,12:45,12:20,13:31,13:32,13:35,00:55,01:12,DELAY,DELAY,DELAY,DELAY,,66,00:10,41,00:37,,,12:20,12:50,,CREW OB 1230/TECHNICAL CHECK,HAN,SGN,DAD,Domestic,VJ,,,,,,,,,,,,
,2026-04-15,VJ564/VJ787,A636,A321,HUI-HAN-CXR,12:20,13:15,12:20,13:15,12:40,13:14,13:15,13:22,00:55,00:35,ONTIME,ONTIME,ONTIME,DELAY,,,,,,,,12:50,13:12,,,HAN,HUI,CXR,Domestic,VJ,,,,,,,,,,,,
,2026-04-15,VJ198/VJ948,A640,A321,KIX-HAN-RMQ,12:40,13:30,12:40,13:30,12:55,13:39,13:40,13:50,00:50,00:45,DELAY,ONTIME,DELAY,ONTIME,,66,00:10,,,,,13:10,13:36,,CREW OB 1315,HAN,KIX,RMQ,International,VJ,,,,,,,,,,,,
,2026-04-15,VJ134/VJ441,A668,A320,SGN-HAN-PQC,13:30,14:00,13:30,14:00,14:00,14:29,14:30,14:35,00:30,00:30,DELAY,DELAY,DELAY,DELAY,,93,00:25,66,00:05,,,14:00,14:28,,CREW OB 1410,HAN,SGN,PQC,Domestic,VJ,,,,,,,,,,,,
,2026-04-15,VJ921/VJ143,A548,A321,NGO-HAN-SGN,12:50,14:05,12:50,14:05,12:55,14:04,14:05,14:11,01:15,01:10,ONTIME,ONTIME,ONTIME,ONTIME,,,,,,,,13:20,14:01,,,HAN,NGO,SGN,Domestic,VJ,,,,,,,,,,,,
,2026-04-15,VJ939/VJ942,A516,A321,KIX-HAN-TPE,12:20,14:25,12:20,14:25,12:52,14:18,14:20,14:20,02:05,01:28,EARLY,ONTIME,ONTIME,DELAY,,,,,,,,13:35,14:15,,,HAN,KIX,TPE,International,VJ,,,,,,,,,,,,
,2026-04-15,VJ440/VJ525,A685,A321,PQC-HAN-DAD,13:30,14:30,13:30,14:30,14:00,14:29,14:30,14:40,01:00,00:30,ONTIME,ONTIME,ONTIME,DELAY,,,,,,,,14:00,14:25,,,HAN,PQC,DAD,Domestic,VJ,,,,,,,,,,,,
,2026-04-15,VJ1504/VJ1505,A661,A321,DAD-HAN-DAD,14:00,14:35,14:00,14:35,14:30,14:55,14:56,15:05,00:35,00:26,DELAY,DELAY,DELAY,DELAY,,93,00:21,,,,,14:35,14:55,,,HAN,DAD,DAD,Domestic,VJ,,,,,,,,,,,,
,2026-04-15,VJ933/VJ946,A523,A321,NRT-HAN-KHH,13:05,14:35,13:05,14:35,13:48,14:29,14:30,14:34,01:30,00:42,EARLY,ONTIME,ONTIME,DELAY,,,,,,,,13:55,14:25,,,HAN,NRT,KHH,International,VJ,,,,,,,,,,,,
,2026-04-15,VJ7707/VJ7707,A554,A321,KHV-HAN-CXR,14:25,14:55,14:25,14:55,14:35,14:54,14:55,15:05,00:30,00:20,ONTIME,ONTIME,ONTIME,ONTIME,,,,,,,,,,X,TECHSTOP,HAN,KHV,CXR,Domestic,VJ,,,,,,,,,,,,
,2026-04-15,VJ961/VJ141,A683,A321,ICN-HAN-SGN,13:35,14:55,13:35,14:55,13:55,14:54,14:55,15:03,01:20,01:00,ONTIME,ONTIME,ONTIME,DELAY,,,,,,,,14:08,14:52,,,HAN,ICN,SGN,Domestic,VJ,,,,,,,,,,,,
,2026-04-15,VJ510/VJ511,A644,A321,DAD-HAN-DAD,14:35,15:05,14:35,15:40,15:10,15:39,15:40,15:45,01:05,00:30,ONTIME,ONTIME,DELAY,DELAY,,,,,,,,15:10,15:37,,,HAN,DAD,DAD,Domestic,VJ,,,,,,,,,,,,
,2026-04-15,VJ1428/VJ439,A699,A320,PXU-HAN-UIH,14:15,15:40,14:15,15:40,14:05,15:31,15:32,15:38,01:25,01:27,EARLY,ONTIME,ONTIME,ONTIME,,,,,,,,14:50,15:30,,,HAN,PXU,UIH,Domestic,VJ,,,,,,,,,,,,
,2026-04-15,VJ1780/VJ147,A814,A330,CXR-HAN-SGN,13:15,15:45,13:15,15:45,13:30,15:44,15:45,15:58,02:30,02:15,ONTIME,ONTIME,ONTIME,ONTIME,,,,,,,,15:00,15:43,,,HAN,CXR,SGN,Domestic,VJ,,,,,,,,,,,,
,2026-04-15,VJ464/VJ567,A698,A321,VCA-HAN-HUI,15:10,15:55,15:10,15:55,15:40,16:09,16:10,16:20,00:45,00:30,DELAY,ONTIME,DELAY,DELAY,,93,00:15,,,,,15:40,16:05,,,HAN,VCA,HUI,Domestic,VJ,,,,,,,,,,,,
,2026-04-15,VJ138/VJ773,A687,A321,SGN-HAN-CXR,15:15,16:00,15:15,16:00,15:25,15:59,16:00,16:10,00:45,00:35,ONTIME,ONTIME,ONTIME,ONTIME,,,,,,,,15:25,15:35,,,HAN,SGN,CXR,Domestic,VJ,,,,,,,,,,,,
,2026-04-15,VJ136/VJ913,A662,A320,SGN-HAN-SAI,14:40,16:20,14:40,16:20,14:55,16:08,16:10,16:25,01:40,01:15,EARLY,ONTIME,ONTIME,ONTIME,,,,,,,,15:30,16:05,,,HAN,SGN,SAI,International,VJ,,,,,,,,,,,,
,2026-04-15,VJ508/VJ1513,A663,A320,DAD-HAN-DAD,16:00,16:35,16:50,17:30,17:05,17:29,17:30,17:38,00:40,00:25,ONTIME,ONTIME,DELAY,DELAY,,,,,,,,16:55,17:28,,,HAN,DAD,DAD,Domestic,VJ,,,,,,,,,,,,
,2026-04-15,VJ446/VJ495,A673,A321,PQC-HAN-BMV,16:35,17:30,16:35,17:30,16:40,17:29,17:30,17:33,00:55,00:50,ONTIME,ONTIME,ONTIME,ONTIME,,,,,,,,16:45,17:26,,,HAN,PQC,BMV,Domestic,VJ,,,,,,,,,,,,
,2026-04-15,VJ454/VJ1153,A637,A321,PQC-HAN-SGN,16:45,18:05,16:45,18:05,16:46,18:04,18:05,18:09,01:20,01:19,ONTIME,ONTIME,ONTIME,ONTIME,,,,,,,,17:15,18:02,,,HAN,PQC,SGN,Domestic,VJ,,,,,,,,,,,,
,2026-04-15,VJ774/VJ517,A640,A321,CXR-HAN-DAD,17:35,18:10,17:35,18:10,18:10,18:39,18:40,18:40,00:35,00:30,DELAY,DELAY,DELAY,DELAY,,93,00:30,,,,,18:05,18:36,,,HAN,CXR,DAD,Domestic,VJ,,,,,,,,,,,,
,2026-04-15,VJ512/VJ521,A644,A321,DAD-HAN-DAD,18:15,18:45,18:15,19:30,19:10,19:44,19:45,19:48,01:15,00:35,DELAY,ONTIME,DELAY,DELAY,,93,00:10,11,00:05,,,19:10,19:36,,,HAN,DAD,DAD,Domestic,VJ,,,,,,,,,,,,
,2026-04-15,VJ528/VJ1561,A685,A321,DAD-HAN-HUI,17:50,19:15,17:50,19:15,18:05,19:09,19:10,19:14,01:25,01:05,EARLY,ONTIME,ONTIME,ONTIME,,,,,,,,18:30,19:05,,,HAN,DAD,HUI,Domestic,VJ,,,,,,,,,,,,
,2026-04-15,VJ144/VJ1127,A666,A320,SGN-HAN-SGN,18:05,19:20,18:05,19:20,18:00,19:19,19:20,19:28,01:15,01:20,ONTIME,ONTIME,ONTIME,ONTIME,,,,,,,,18:30,19:17,,,HAN,SGN,SGN,Domestic,VJ,,,,,,,,,,,,
,2026-04-15,VJ442/VJ523,A668,A320,PQC-HAN-DAD,18:45,19:40,18:45,20:00,19:45,20:09,20:10,20:17,01:15,00:25,DELAY,ONTIME,DELAY,DELAY,,93,00:10,,,,,19:40,20:07,,,HAN,PQC,DAD,Domestic,VJ,,,,,,,,,,,,
,2026-04-15,____/VJ7712,A663,A320,HAN-PKX,,19:55,,19:55,,19:54,19:55,20:00,,,ONTIME,ONTIME,ONTIME,,,,,,,,,19:00,19:52,,,HAN,HAN,PKX,International,VJ,,,,,,,,,,,,
,2026-04-15,VJ931/VJ907,A535,A321,KIX-HAN-BOM,18:30,20:05,18:30,20:05,18:40,20:04,20:05,20:10,01:35,01:25,ONTIME,ONTIME,ONTIME,ONTIME,,,,,,,,19:20,19:57,,,HAN,KIX,BOM,International,VJ,,,,,,,,,,,,
,2026-04-15,VJ928/VJ457,A697,A321,CGK-HAN-PQC,18:15,20:05,18:15,20:05,19:10,20:04,20:05,20:15,01:50,00:55,ONTIME,ONTIME,ONTIME,DELAY,,,,,,,,19:30,19:56,,,HAN,CGK,PQC,Domestic,VJ,,,,,,,,,,,,
,2026-04-15,VJ146/VJ159,A548,A321,SGN-HAN-SGN,19:20,20:10,18:55,20:30,19:15,21:38,21:40,21:44,01:35,02:25,DELAY,DELAY,DELAY,ONTIME,,95,01:10,,,,,21:05,21:37,,CREW FROM VJ152 OB 2112,HAN,SGN,SGN,Domestic,VJ,,,,,,,,,,,,
,2026-04-15,VJ949/VJ163,A640,A320,RMQ-HAN-SGN,19:50,22:50,19:50,22:50,20:30,23:04,23:05,23:12,03:00,02:35,DELAY,ONTIME,DELAY,DELAY,,95,00:15,,,,,22:30,22:58,,CREW FROM VJ154 OB 2240,HAN,RMQ,SGN,Domestic,VJ,,,,,,,,,,,,
,2026-04-15,VJ943/VJ7526,A516,A321,TPE-HAN-CAN,20:55,22:30,20:55,22:30,21:40,22:29,22:30,22:33,01:35,00:50,ONTIME,ONTIME,ONTIME,DELAY,,,,,,,,21:45,22:27,,,HAN,TPE,CAN,International,VJ,,,,,,,,,,,,
,2026-04-16,____/VJ932,A523,A321,HAN-NRT,,00:30,,00:30,,00:24,00:26,00:27,,,EARLY,ONTIME,ONTIME,,,,,,,,,23:45,00:05,,,HAN,HAN,NRT,International,VJ,,,,,,,,,,,,
,2026-04-16,VJ3521/VJ3521,A553,A321,PQC-HAN-VVO,23:55,00:35,23:55,00:35,23:55,00:24,00:25,00:30,00:40,00:30,EARLY,ONTIME,ONTIME,ONTIME,,,,,,,,,,X,TECHSTOP,HAN,PQC,VVO,International,VJ,,,,,,,,,,,,
,2026-04-16,____/VJ982,A634,A321,HAN-PUS,,01:05,,01:05,,00:45,00:46,00:51,,,EARLY,ONTIME,ONTIME,,,,,,,,,00:15,00:40,,,HAN,HAN,PUS,International,VJ,,,,,,,,,,,,
,2026-04-16,____/VJ938,A525,A321,HAN-KIX,,01:20,,01:20,,01:14,01:15,01:20,,,EARLY,ONTIME,ONTIME,,,,,,,,,00:35,01:05,,,HAN,HAN,KIX,International,VJ,,,,,,,,,,,,
,2026-04-16,____/VJ960,A647,A321,HAN-ICN,,01:40,,01:40,,01:33,01:35,01:46,,,EARLY,ONTIME,ONTIME,,,,,,,,,00:46,01:32,,,HAN,HAN,ICN,International,VJ,,,,,,,,,,,,
,2026-04-16,____/VJ920,A697,A321,HAN-NGO,,01:40,,01:40,,01:38,01:40,01:45,,,ONTIME,ONTIME,ONTIME,,,,,,,,,00:45,01:37,,,HAN,HAN,NGO,International,VJ,,,,,,,,,,,,
,2026-04-16,____/VJ958,A683,A321,HAN-FUK,,02:05,,02:05,,01:45,01:46,01:55,,,EARLY,ONTIME,ONTIME,,,,,,,,,01:15,01:42,,,HAN,HAN,FUK,International,VJ,,,,,,,,,,,,
,2026-04-16,____/VJ123,A667,A321,HAN-SGN,,05:30,,05:30,,05:20,05:22,05:29,,,EARLY,ONTIME,ONTIME,,,,,,,,,04:40,05:17,,,HAN,HAN,SGN,Domestic,VJ,,,,,,,,,,,,
,2026-04-16,____/VJ771,A637,A321,HAN-CXR,,05:45,,05:45,,05:39,05:40,05:48,,,EARLY,ONTIME,ONTIME,,,,,,,,,05:00,05:38,,,HAN,HAN,CXR,Domestic,VJ,,,,,,,,,,,,
,2026-04-16,____/VJ121,A644,A321,HAN-SGN,,06:00,,06:00,,05:54,05:55,06:06,,,EARLY,ONTIME,ONTIME,,,,,,,,,05:20,05:52,,,HAN,HAN,SGN,Domestic,VJ,,,,,,,,,,,,
,2026-04-16,____/VJ461,A676,A320,HAN-VCA,,06:00,,06:00,,05:52,05:53,05:54,,,EARLY,ONTIME,ONTIME,,,,,,,,,05:15,05:48,,,HAN,HAN,VCA,Domestic,VJ,,,,,,,,,,,,
,2026-04-16,____/VJ491,A675,A320,HAN-BMV,,06:00,,06:00,,05:54,05:55,06:08,,,EARLY,ONTIME,ONTIME,,,,,,,,,05:10,05:52,,,HAN,HAN,BMV,Domestic,VJ,,,,,,,,,,,,
,2026-04-16,VJ7713/VJ952,A663,A320,PKX-HAN-HIJ,03:55,06:15,03:55,06:15,04:15,06:09,06:10,06:15,02:20,01:55,EARLY,ONTIME,ONTIME,DELAY,,,,,,,,05:20,06:08,,,HAN,PKX,HIJ,International,VJ,,,,,,,,,,,,
,2026-04-16,____/VJ125,A655,A320,HAN-SGN,,07:00,,07:00,,06:54,06:55,07:10,,,EARLY,ONTIME,ONTIME,,,,,,,,,06:20,06:52,,,HAN,HAN,SGN,Domestic,VJ,,,,,,,,,,,,
,2026-04-16,____/VJ421,A699,A320,HAN-PXU,,07:10,,07:10,,07:04,07:05,07:09,,,EARLY,ONTIME,ONTIME,,,,,,,,,06:25,07:00,,,HAN,HAN,PXU,Domestic,VJ,,,,,,,,,,,,
,2026-04-16,____/VJ905,A662,A320,HAN-KUL,,07:25,,07:25,,07:16,07:18,07:28,,,EARLY,ONTIME,ONTIME,,,,,,,,,06:40,07:12,,,HAN,HAN,KUL,International,VJ,,,,,,,,,,,,
,2026-04-16,____/VJ503,A673,A321,HAN-DAD,,07:30,,07:30,,07:24,07:25,07:35,,,EARLY,ONTIME,ONTIME,,,,,,,,,06:45,07:22,,,HAN,HAN,DAD,Domestic,VJ,,,,,,,,,,,,
,2026-04-16,VJ124/VJ934,A539,A321,SGN-HAN-NRT,08:15,07:55,08:15,09:10,08:30,09:09,09:10,09:20,00:55,00:40,ONTIME,ONTIME,DELAY,ONTIME,,,,,,,,08:45,09:08,,,HAN,SGN,NRT,International,VJ,,,,,,,,,,,,
,2026-04-16,____/VJ930,A552,A321,HAN-KIX,,07:55,,07:55,,07:49,07:50,07:55,,,EARLY,ONTIME,ONTIME,,,,,,,,,07:05,07:45,,,HAN,HAN,KIX,International,VJ,,,,,,,,,,,,
,2026-04-16,____/VJ127,A666,A320,HAN-SGN,,08:10,,08:10,,08:04,08:05,08:10,,,EARLY,ONTIME,ONTIME,,,,,,,,,07:25,08:00,,,HAN,HAN,SGN,Domestic,VJ,,,,,,,,,,,,
,2026-04-16,____/VJ129,A674,A321,HAN-SGN,,08:45,,08:45,,09:09,09:10,09:18,,,DELAY,DELAY,DELAY,,,95,00:25,,,,,08:40,09:05,,CREW VJ124 OB 0850,HAN,HAN,SGN,Domestic,VJ,,,,,,,,,,,,
,2026-04-16,____/VJ447,A685,A321,HAN-PQC,,08:45,,08:45,,08:43,08:45,08:45,,,ONTIME,ONTIME,ONTIME,,,,,,,,,08:00,08:40,,,HAN,HAN,PQC,Domestic,VJ,,,,,,,,,,,,
,2026-04-16,____/VJ1781,A817,A330,HAN-CXR,,09:10,,09:10,,09:09,09:10,09:19,,,ONTIME,ONTIME,ONTIME,,,,,,,,,08:25,09:05,,,HAN,HAN,CXR,Domestic,VJ,,,,,,,,,,,,
,2026-04-16,____/VJ563,A636,A321,HAN-HUI,,09:20,,09:20,,09:16,09:17,09:23,,,EARLY,ONTIME,ONTIME,,,,,,,,,08:35,09:13,,,HAN,HAN,HUI,Domestic,VJ,,,,,,,,,,,,
,2026-04-16,VJ126/VJ131,A526,A321,SGN-HAN-SGN,09:40,10:10,09:40,10:10,09:55,10:24,10:25,10:33,00:30,00:30,DELAY,ONTIME,DELAY,ONTIME,,93,00:15,,,,,09:55,10:23,,,HAN,SGN,SGN,Domestic,VJ,,,,,,,,,,,,
,2026-04-16,____/VJ463,A643,A321,HAN-VCA,,10:20,,10:20,,10:16,10:17,10:18,,,EARLY,ONTIME,ONTIME,,,,,,,,,09:35,10:12,,,HAN,HAN,VCA,Domestic,VJ,,,,,,,,,,,,
,2026-04-16,VJ910/VJ1427,A535,A321,BOM-HAN-PXU,10:00,10:35,07:10,10:35,07:02,10:33,10:34,10:40,03:25,03:32,EARLY,ONTIME,ONTIME,ONTIME,,,,,,,,09:45,10:32,,,HAN,BOM,PXU,Domestic,VJ,,,,,,,,,,,,
,2026-04-16,VJ981/VJ507,A634,A321,PUS-HAN-DAD,09:55,11:10,10:40,11:35,10:40,11:24,11:25,11:30,00:55,00:45,EARLY,ONTIME,DELAY,DELAY,,,,,,,,10:45,11:20,,,HAN,PUS,DAD,Domestic,VJ,,,,,,,,,,,,
,2026-04-16,VJ770/VJ901,A637,A321,CXR-HAN-BKK,07:10,11:10,09:55,11:10,10:35,11:19,11:20,11:30,01:15,00:45,DELAY,ONTIME,DELAY,DELAY,,66,00:10,,,,,10:50,11:18,,CREW OB 1050,HAN,CXR,BKK,International,VJ,,,,,,,,,,,,
,2026-04-16,VJ130/VJ133,A667,A321,SGN-HAN-SGN,10:50,11:30,10:50,11:30,11:10,11:44,11:45,11:55,00:40,00:35,DELAY,ONTIME,DELAY,DELAY,,93,00:10,66,00:05,,,11:10,11:40,,CREW HN OB 1115,HAN,SGN,SGN,Domestic,VJ,,,,,,,,,,,,
,2026-04-16,VJ524/VJ451,A673,A321,DAD-HAN-PQC,10:40,11:45,10:40,11:45,11:05,11:41,11:42,11:44,01:05,00:37,EARLY,ONTIME,ONTIME,DELAY,,,,,,,,11:05,11:38,,,HAN,DAD,PQC,Domestic,VJ,,,,,,,,,,,,
,2026-04-16,VJ422/VJ515,A699,A320,PXU-HAN-DAD,10:50,12:10,10:50,12:10,10:55,12:09,12:10,12:12,01:20,01:15,ONTIME,ONTIME,ONTIME,ONTIME,,,,,,,,11:25,12:05,,,HAN,PXU,DAD,Domestic,VJ,,,,,,,,,,,,
,2026-04-16,VJ492/VJ137,A675,A320,SGN-HAN-SGN,11:50,12:25,10:00,12:25,10:30,12:24,12:25,12:32,02:25,01:55,ONTIME,ONTIME,ONTIME,ONTIME,,,,,,,,11:40,12:23,,,HAN,SGN,SGN,Domestic,VJ,,,,,,,,,,,,
,2026-04-16,VJ7989/VJ7989,A553,A321,VVO-HAN-DAD,12:15,12:45,12:15,13:15,12:55,13:14,13:15,13:30,01:00,00:20,ONTIME,ONTIME,DELAY,DELAY,,,,,,,,,,X,TECHSTOP,HAN,VVO,DAD,Domestic,VJ,,,,,,,,,,,,
,2026-04-16,VJ564/VJ787,A636,A321,HUI-HAN-CXR,12:20,13:10,12:20,13:10,12:50,13:09,13:10,13:20,00:50,00:20,ONTIME,ONTIME,ONTIME,DELAY,,,,,,,,12:40,13:08,,,HAN,HUI,CXR,Domestic,VJ,,,,,,,,,,,,
,2026-04-16,VJ959/VJ948,A683,A321,FUK-HAN-RMQ,11:25,13:30,11:25,13:30,11:50,13:20,13:21,13:38,02:05,01:31,EARLY,ONTIME,ONTIME,DELAY,,,,,,,,12:45,13:16,,,HAN,FUK,RMQ,International,VJ,,,,,,,,,,,,
,2026-04-16,VJ128/VJ441,A655,A320,SGN-HAN-PQC,13:30,14:05,11:50,14:05,12:52,13:53,13:54,13:56,02:15,01:02,EARLY,ONTIME,ONTIME,ONTIME,,,,,,,,12:35,13:50,,,HAN,SGN,PQC,Domestic,VJ,,,,,,,,,,,,
,2026-04-16,VJ939/VJ525,A525,A321,KIX-HAN-DAD,12:20,14:05,12:20,14:05,12:40,14:04,14:05,14:12,01:45,01:25,ONTIME,ONTIME,ONTIME,DELAY,,,,,,,,13:20,14:00,,,HAN,KIX,DAD,Domestic,VJ,,,,,,,,,,,,
,2026-04-16,VJ921/VJ143,A697,A321,NGO-HAN-SGN,10:40,14:05,12:50,14:05,12:50,14:02,14:03,14:11,01:15,01:13,EARLY,ONTIME,ONTIME,DELAY,,,,,,,,12:40,14:00,,,HAN,NGO,SGN,Domestic,VJ,,,,,,,,,,,,
,2026-04-16,VJ440/VJ141,A685,A321,PQC-HAN-SGN,13:30,14:30,13:30,14:30,13:45,14:27,14:28,14:30,01:00,00:43,EARLY,ONTIME,ONTIME,ONTIME,,,,,,,,13:45,14:25,,,HAN,PQC,SGN,Domestic,VJ,,,,,,,,,,,,
,2026-04-16,VJ134/VJ946,A666,A320,SGN-HAN-KHH,12:50,14:35,13:30,14:35,13:50,14:31,14:32,14:34,01:05,00:42,EARLY,ONTIME,ONTIME,DELAY,,,,,,,,14:00,14:30,,,HAN,SGN,KHH,International,VJ,,,,,,,,,,,,
,2026-04-16,VJ1504/VJ1505,A578,A321,DAD-HAN-DAD,14:00,14:35,14:00,14:35,14:30,14:59,15:00,15:14,00:35,00:30,DELAY,DELAY,DELAY,DELAY,,93,00:25,,,,,14:30,14:55,,,HAN,DAD,DAD,Domestic,VJ,,,,,,,,,,,,
,2026-04-16,VJ961/VJ511,A647,A321,ICN-HAN-DAD,13:35,15:05,13:35,15:05,13:50,15:02,15:03,15:10,01:30,01:13,EARLY,ONTIME,ONTIME,ONTIME,,,,,,,,14:20,15:01,,,HAN,ICN,DAD,Domestic,VJ,,,,,,,,,,,,
,2026-04-16,VJ906/VJ439,A662,A320,KUL-HAN-UIH,14:40,15:40,14:40,15:40,14:33,15:34,15:35,15:43,01:00,01:02,EARLY,ONTIME,ONTIME,ONTIME,,,,,,,,14:55,15:30,,,HAN,KUL,UIH,Domestic,VJ,,,,,,,,,,,,
,2026-04-16,VJ2827/VJ2827,A580,A321,CXR-HAN-BAX,15:10,15:40,15:10,16:20,16:05,16:34,16:35,16:40,01:10,00:30,DELAY,ONTIME,DELAY,DELAY,,93,00:15,,,,,,,X,TECHSTOP,HAN,CXR,BAX,International,VJ,,,,,,,,,,,,
,2026-04-16,VJ138/VJ147,A543,A321,SGN-HAN-SGN,15:25,15:55,15:25,15:55,15:30,15:59,16:00,16:09,00:30,00:30,DELAY,ONTIME,ONTIME,ONTIME,,93,00:05,,,,,15:30,15:55,,,HAN,SGN,SGN,Domestic,VJ,,,,,,,,,,,,
,2026-04-16,VJ464/VJ567,A643,A321,VCA-HAN-HUI,15:10,15:55,15:10,15:55,15:45,16:14,16:15,16:25,00:45,00:30,DELAY,DELAY,DELAY,DELAY,,93,00:20,,,,,15:35,16:05,,,HAN,VCA,HUI,Domestic,VJ,,,,,,,,,,,,
,2026-04-16,VJ508/VJ773,A645,A321,DAD-HAN-CXR,15:40,16:15,15:40,16:15,15:55,16:24,16:25,16:28,00:35,00:30,DELAY,ONTIME,ONTIME,ONTIME,,93,00:10,,,,,15:55,16:20,,,HAN,DAD,CXR,Domestic,VJ,,,,,,,,,,,,
,2026-04-16,VJ136/VJ913,A644,A321,SGN-HAN-SAI,14:25,16:20,14:25,16:20,14:55,16:09,16:10,16:16,01:55,01:15,EARLY,ONTIME,ONTIME,DELAY,,,,,,,,15:35,16:07,,,HAN,SGN,SAI,International,VJ,,,,,,,,,,,,
,2026-04-16,VJ933/VJ7866,A523,A321,NRT-HAN-DYG,13:05,16:30,13:05,16:30,13:30,16:22,16:23,16:35,03:25,02:53,EARLY,ONTIME,ONTIME,DELAY,,,,,,,,15:40,16:15,,,HAN,NRT,DYG,International,VJ,,,,,,,,,,,,
,2026-04-16,VJ140/VJ151,A548,A321,SGN-HAN-SGN,16:40,17:20,16:40,17:20,16:40,17:19,17:20,17:25,00:40,00:40,ONTIME,ONTIME,ONTIME,ONTIME,,,,,,,,16:40,17:10,,,HAN,SGN,SGN,Domestic,VJ,,,,,,,,,,,,
,2026-04-16,VJ1428/VJ495,A535,A321,PXU-HAN-BMV,14:20,17:30,14:20,17:30,14:20,17:24,17:25,17:30,03:10,03:05,EARLY,ONTIME,ONTIME,ONTIME,,,,,,,,16:40,17:23,,,HAN,PXU,BMV,Domestic,VJ,,,,,,,,,,,,
,2026-04-16,VJ510/VJ517,A642,A321,DAD-HAN-DAD,14:35,17:45,14:35,17:45,14:45,17:42,17:43,17:45,03:10,02:58,EARLY,ONTIME,ONTIME,ONTIME,,,,,,,,17:00,17:39,,,HAN,DAD,DAD,Domestic,VJ,,,,,,,,,,,,
,2026-04-16,VJ528/VJ1153,A674,A321,DAD-HAN-SGN,17:25,18:05,17:25,18:05,17:55,18:24,18:25,18:30,00:40,00:30,DELAY,DELAY,DELAY,DELAY,,93,00:20,,,,,17:50,18:22,,,HAN,DAD,SGN,Domestic,VJ,,,,,,,,,,,,
,2026-04-16,VJ512/VJ521,A647,A321,DAD-HAN-DAD,18:15,18:45,18:15,18:45,18:35,19:04,19:05,19:12,00:30,00:30,DELAY,DELAY,DELAY,DELAY,,93,00:20,,,,,18:35,19:03,,,HAN,DAD,DAD,Domestic,VJ,,,,,,,,,,,,
,2026-04-16,VJ148/VJ155,A532,A321,SGN-HAN-SGN,18:25,19:00,18:25,19:00,18:30,18:59,19:00,19:09,00:35,00:30,ONTIME,ONTIME,ONTIME,ONTIME,,,,,,,,18:25,18:55,,,HAN,SGN,SGN,Domestic,VJ,,,,,,,,,,,,
,2026-04-16,VJ144/VJ1127,A655,A320,SGN-HAN-SGN,18:05,19:20,18:05,19:20,17:55,19:19,19:20,19:25,01:15,01:25,ONTIME,ONTIME,ONTIME,ONTIME,,,,,,,,18:30,19:10,,,HAN,SGN,SGN,Domestic,VJ,,,,,,,,,,,,
,2026-04-16,____/VJ971,A811,A330,HAN-DEL,,19:40,,19:40,,19:39,19:40,19:47,,,ONTIME,ONTIME,ONTIME,,,,,,,,,18:50,19:35,,,HAN,HAN,DEL,International,VJ,,,,,,,,,,,,
,2026-04-16,VJ902/VJ523,A637,A321,BKK-HAN-DAD,15:50,19:40,15:50,19:40,16:15,19:39,19:40,19:45,03:50,03:25,ONTIME,ONTIME,ONTIME,DELAY,,,,,,,,19:10,19:36,,,HAN,BKK,DAD,Domestic,VJ,,,,,,,,,,,,
,2026-04-16,VJ931/VJ1925,A552,A321,KIX-HAN-AMD,18:30,19:45,18:30,19:45,18:35,19:38,19:40,19:41,01:15,01:05,EARLY,ONTIME,ONTIME,ONTIME,,,,,,,,19:00,19:26,,,HAN,KIX,AMD,International,VJ,,,,,,,,,,,,
,2026-04-16,VJ150/VJ163,A812,A330,SGN-HAN-SGN,19:50,21:25,19:50,21:25,20:15,21:14,21:15,21:20,01:35,01:00,EARLY,ONTIME,ONTIME,DELAY,,,,,,,,20:35,21:10,,,HAN,SGN,SGN,Domestic,VJ,,,,,,,,,,,,
,2026-04-17,____/VJ932,A523,A321,HAN-NRT,,00:30,,00:30,,00:25,00:27,00:37,,,EARLY,ONTIME,ONTIME,,,,,,,,,23:40,00:20,,,HAN,HAN,NRT,International,VJ,,,,,,,,,,,,
,2026-04-17,____/VJ982,A645,A321,HAN-PUS,,01:05,,01:05,,01:04,01:05,01:12,,,ONTIME,ONTIME,ONTIME,,,,,,,,,00:15,01:00,,,HAN,HAN,PUS,International,VJ,,,,,,,,,,,,
,2026-04-17,VJ7614/VJ7614,A554,A321,CXR-HAN-BQS,00:45,01:15,00:45,01:15,00:50,01:19,01:20,01:25,00:30,00:30,DELAY,ONTIME,ONTIME,ONTIME,,93,00:05,,,,,,,X,TECHSTOP,HAN,CXR,BQS,International,VJ,,,,,,,,,,,,
,2026-04-17,____/VJ938,A539,A321,HAN-KIX,,01:20,,01:20,,01:15,01:16,01:18,,,EARLY,ONTIME,ONTIME,,,,,,,,,00:30,01:10,,,HAN,HAN,KIX,International,VJ,,,,,,,,,,,,
,2026-04-17,____/VJ960,A697,A321,HAN-ICN,,01:40,,01:40,,01:29,01:30,01:35,,,EARLY,ONTIME,ONTIME,,,,,,,,,00:45,01:26,,,HAN,HAN,ICN,International,VJ,,,,,,,,,,,,
,2026-04-17,____/VJ920,A525,A321,HAN-NGO,,01:40,,01:40,,01:29,01:30,01:40,,,EARLY,ONTIME,ONTIME,,,,,,,,,00:45,01:27,,,HAN,HAN,NGO,International,VJ,,,,,,,,,,,,
,2026-04-17,____/VJ958,A683,A321,HAN-FUK,,02:05,,02:05,,01:54,01:55,01:57,,,EARLY,ONTIME,ONTIME,,,,,,,,,01:15,01:50,,,HAN,HAN,FUK,International,VJ,,,,,,,,,,,,
,2026-04-17,____/VJ123,A642,A321,HAN-SGN,,05:30,,05:30,,05:24,05:25,05:30,,,EARLY,ONTIME,ONTIME,,,,,,,,,04:40,05:20,,,HAN,HAN,SGN,Domestic,VJ,,,,,,,,,,,,
,2026-04-17,____/VJ771,A516,A321,HAN-CXR,,05:45,,05:45,,05:39,05:40,05:55,,,EARLY,ONTIME,ONTIME,,,,,,,,,04:55,05:35,,,HAN,HAN,CXR,Domestic,VJ,,,,,,,,,,,,
,2026-04-17,____/VJ121,A637,A321,HAN-SGN,,06:00,,06:00,,05:51,05:52,05:56,,,EARLY,ONTIME,ONTIME,,,,,,,,,05:10,05:48,,,HAN,HAN,SGN,Domestic,VJ,,,,,,,,,,,,
,2026-04-17,____/VJ461,A676,A320,HAN-VCA,,06:00,,06:00,,05:54,05:55,06:10,,,EARLY,ONTIME,ONTIME,,,,,,,,,05:10,05:50,,,HAN,HAN,VCA,Domestic,VJ,,,,,,,,,,,,
,2026-04-17,____/VJ491,A675,A320,HAN-BMV,,06:00,,06:00,,05:51,05:52,05:55,,,EARLY,ONTIME,ONTIME,,,,,,,,,05:10,05:47,,,HAN,HAN,BMV,Domestic,VJ,,,,,,,,,,,,
,2026-04-17,____/VJ431,A663,A320,HAN-UIH,,06:05,,06:05,,05:59,06:00,06:07,,,EARLY,ONTIME,ONTIME,,,,,,,,,05:15,05:56,,,HAN,HAN,UIH,Domestic,VJ,,,,,,,,,,,,
,2026-04-17,____/VJ125,A655,A320,HAN-SGN,,07:00,,07:00,,06:51,06:53,06:53,,,EARLY,ONTIME,ONTIME,,,,,,,,,06:10,06:48,,,HAN,HAN,SGN,Domestic,VJ,,,,,,,,,,,,
,2026-04-17,____/VJ503,A698,A321,HAN-DAD,,07:30,,07:30,,07:21,07:22,07:26,,,EARLY,ONTIME,ONTIME,,,,,,,,,06:40,06:17,,,HAN,HAN,DAD,Domestic,VJ,,,,,,,,,,,,
,2026-04-17,VJ1926/VJ934,A552,A321,AMD-HAN-NRT,05:55,07:55,05:55,07:55,06:20,07:43,07:45,07:45,02:00,01:25,EARLY,ONTIME,ONTIME,DELAY,,,,,,,,07:05,07:40,,,HAN,AMD,NRT,International,VJ,,,,,,,,,,,,
,2026-04-17,____/VJ930,A535,A321,HAN-KIX,,07:55,,07:55,,07:39,07:40,07:45,,,EARLY,ONTIME,ONTIME,,,,,,,,,07:05,07:35,,,HAN,HAN,KIX,International,VJ,,,,,,,,,,,,
,2026-04-17,____/VJ127,A674,A321,HAN-SGN,,08:10,,08:10,,08:04,08:05,08:10,,,EARLY,ONTIME,ONTIME,,,,,,,,,07:25,08:02,,,HAN,HAN,SGN,Domestic,VJ,,,,,,,,,,,,
,2026-04-17,____/VJ929,A634,A321,HAN-CGK,,08:40,,08:40,,08:19,08:20,08:35,,,EARLY,ONTIME,ONTIME,,,,,,,,,07:45,08:18,,,HAN,HAN,CGK,International,VJ,,,,,,,,,,,,
,2026-04-17,____/VJ447,A644,A321,HAN-PQC,,08:45,,08:45,,08:43,08:45,08:55,,,ONTIME,ONTIME,ONTIME,,,,,,,,,08:00,08:40,,,HAN,HAN,PQC,Domestic,VJ,,,,,,,,,,,,
,2026-04-17,____/VJ129,A522,A321,HAN-SGN,,08:45,,08:45,,08:54,08:55,09:00,,,DELAY,ONTIME,ONTIME,,,95,00:10,,,,,08:27,08:51,,WAIT CREW FR VJ124 OB 0830,HAN,HAN,SGN,Domestic,VJ,,,,,,,,,,,,
,2026-04-17,VJ2828/VJ2828,A580,A321,BAX-HAN-CXR,10:45,09:00,08:30,13:45,13:25,13:54,13:55,14:02,05:15,00:30,DELAY,ONTIME,DELAY,DELAY,,,,,,,,,,X,TECHSTOP,HAN,BAX,CXR,Domestic,VJ,,,,,,,,,,,,
,2026-04-17,____/VJ563,A673,A321,HAN-HUI,,09:20,,09:20,,09:24,09:25,09:35,,,DELAY,ONTIME,ONTIME,,,15A,00:05,,,,,08:35,09:31,,OFFLOAD 09PAX 03BAGS,HAN,HAN,HUI,Domestic,VJ,,,,,,,,,,,,
,2026-04-17,____/VJ915,A537,A321,HAN-SIN,,09:35,,09:35,,09:32,09:34,09:40,,,EARLY,ONTIME,ONTIME,,,,,,,,,08:50,09:30,,,HAN,HAN,SIN,International,VJ,,,,,,,,,,,,
,2026-04-17,VJ124/VJ997,A545,A321,SGN-HAN-DPS,08:15,10:05,08:15,10:05,08:10,09:54,09:55,10:05,01:50,01:45,EARLY,ONTIME,ONTIME,ONTIME,,,,,,,,09:20,09:40,,,HAN,SGN,DPS,International,VJ,,,,,,,,,,,,
,2026-04-17,VJ126/VJ131,A542,A321,SGN-HAN-SGN,09:40,10:10,09:40,10:10,09:50,10:19,10:20,10:35,00:30,00:30,DELAY,ONTIME,DELAY,ONTIME,,93,00:10,,,,,09:50,10:17,,,HAN,SGN,SGN,Domestic,VJ,,,,,,,,,,,,
,2026-04-17,____/VJ463,A662,A320,HAN-VCA,,10:20,,10:20,,10:19,10:20,10:30,,,ONTIME,ONTIME,ONTIME,,,,,,,,,09:35,10:17,,,HAN,HAN,VCA,Domestic,VJ,,,,,,,,,,,,
,2026-04-17,____/VJ1427,A666,A320,HAN-PXU,,10:30,,10:30,,10:23,10:24,10:30,,,EARLY,ONTIME,ONTIME,,,,,,,,,09:50,10:22,,,HAN,HAN,PXU,Domestic,VJ,,,,,,,,,,,,
,2026-04-17,____/VJ901,A643,A321,HAN-BKK,,11:10,,11:10,,11:07,11:08,11:10,,,EARLY,ONTIME,ONTIME,,,,,,,,,10:20,11:05,,,HAN,HAN,BKK,International,VJ,,,,,,,,,,,,
,2026-04-17,VJ770/VJ507,A538,A321,CXR-HAN-DAD,10:05,11:10,10:05,11:10,10:40,11:19,11:20,11:25,01:05,00:40,DELAY,ONTIME,ONTIME,DELAY,,66,00:10,,,,,10:40,11:17,,CREW HN OB 1050,HAN,CXR,DAD,Domestic,VJ,,,,,,,,,,,,
,2026-04-17,VJ524/VJ133,A644,A321,DAD-HAN-SGN,10:40,11:20,10:40,11:20,11:00,11:29,11:30,11:35,00:40,00:30,DELAY,ONTIME,ONTIME,DELAY,,93,00:10,,,,,11:00,11:28,,,HAN,DAD,SGN,Domestic,VJ,,,,,,,,,,,,
,2026-04-17,VJ130/VJ451,A536,A321,SGN-HAN-PQC,10:50,11:45,10:50,12:10,11:25,12:09,12:10,12:32,01:20,00:45,ONTIME,ONTIME,DELAY,DELAY,,,,,,,,11:25,12:07,,,HAN,SGN,PQC,Domestic,VJ,,,,,,,,,,,,
,2026-04-17,VJ492/VJ515,A675,A320,BMV-HAN-DAD,10:00,12:10,10:00,12:10,10:00,12:04,12:05,12:08,02:10,02:05,EARLY,ONTIME,ONTIME,ONTIME,,,,,,,,11:25,12:03,,,HAN,BMV,DAD,Domestic,VJ,,,,,,,,,,,,
,2026-04-17,VJ430/VJ137,A663,A320,UIH-HAN-SGN,09:50,12:20,09:50,12:20,10:05,12:19,12:20,12:45,02:30,02:15,ONTIME,ONTIME,DELAY,ONTIME,,,,,,,,11:40,12:16,,,HAN,UIH,SGN,Domestic,VJ,,,,,,,,,,,,
,2026-04-17,VJ981/VJ787,A645,A321,PUS-HAN-CXR,10:40,13:10,10:40,13:10,10:50,13:09,13:10,13:20,02:30,02:20,ONTIME,ONTIME,ONTIME,ONTIME,,,,,,,,12:25,13:07,,,HAN,PUS,CXR,Domestic,VJ,,,,,,,,,,,,
,2026-04-17,VJ959/VJ948,A683,A321,FUK-HAN-RMQ,11:25,13:30,11:25,13:30,12:10,13:29,13:30,13:34,02:05,01:20,ONTIME,ONTIME,ONTIME,DELAY,,,,,,,,12:40,13:27,,,HAN,FUK,RMQ,International,VJ,,,,,,,,,,,,
,2026-04-17,VJ939/VJ441,A539,A321,KIX-HAN-PQC,12:20,14:00,12:20,14:00,12:55,13:59,14:00,14:15,01:40,01:05,ONTIME,ONTIME,ONTIME,DELAY,,,,,,,,13:20,13:27,,,HAN,KIX,PQC,Domestic,VJ,,,,,,,,,,,,
,2026-04-17,VJ134/VJ525,A674,A321,SGN-HAN-DAD,13:30,14:05,13:30,14:05,13:45,14:14,14:15,14:20,00:35,00:30,DELAY,ONTIME,ONTIME,ONTIME,,93,00:10,,,,,13:45,14:12,,,HAN,SGN,DAD,Domestic,VJ,,,,,,,,,,,,
,2026-04-17,VJ564/VJ143,A698,A321,HUI-HAN-SGN,12:20,14:05,12:40,14:05,12:35,14:04,14:05,14:07,01:25,01:30,ONTIME,ONTIME,ONTIME,ONTIME,,,,,,,,13:30,14:02,,,HAN,HUI,SGN,Domestic,VJ,,,,,,,,,,,,
,2026-04-17,VJ7615/VJ7615,A554,A321,BQS-HAN-CXR,13:45,14:15,13:45,14:15,13:55,14:14,14:15,14:20,00:30,00:20,ONTIME,ONTIME,ONTIME,ONTIME,,,,,,,,,,X,TECHSTOP,HAN,BQS,CXR,Domestic,VJ,,,,,,,,,,,,
,2026-04-17,VJ961/VJ942,A697,A321,ICN-HAN-TPE,13:35,14:25,13:35,14:40,14:00,14:54,14:55,15:10,01:05,00:55,DELAY,ONTIME,DELAY,DELAY,,61,00:15,,,,,14:22,14:52,,DL61 CHANGE FPL,HAN,ICN,TPE,International,VJ,,,,,,,,,,,,
,2026-04-17,VJ933/VJ946,A523,A321,NRT-HAN-KHH,13:05,14:35,13:05,14:35,13:55,14:34,14:35,14:43,01:30,00:40,ONTIME,ONTIME,ONTIME,DELAY,,,,,,,,14:05,14:33,,,HAN,NRT,KHH,International,VJ,,,,,,,,,,,,
,2026-04-17,VJ1504/VJ1505,A684,A321,DAD-HAN-DAD,14:00,14:35,14:00,14:35,14:00,14:34,14:35,14:45,00:35,00:35,ONTIME,ONTIME,ONTIME,ONTIME,,,,,,,,14:00,14:32,,,HAN,DAD,DAD,Domestic,VJ,,,,,,,,,,,,
,2026-04-17,VJ510/VJ511,A538,A321,DAD-HAN-DAD,14:35,15:05,14:35,15:30,14:55,15:29,15:30,15:33,00:55,00:35,ONTIME,ONTIME,DELAY,DELAY,,,,,,,,14:55,15:26,,,HAN,DAD,DAD,Domestic,VJ,,,,,,,,,,,,
,2026-04-17,VJ1428/VJ439,A666,A320,PXU-HAN-UIH,14:15,15:40,14:15,15:40,14:00,15:39,15:40,15:45,01:25,01:40,ONTIME,ONTIME,ONTIME,ONTIME,,,,,,,,14:55,15:37,,,HAN,PXU,UIH,Domestic,VJ,,,,,,,,,,,,
,2026-04-17,VJ2827/VJ2827,A516,A321,CXR-HAN-BAX,15:01,15:40,15:10,15:40,15:20,15:59,16:00,16:10,00:30,00:40,DELAY,DELAY,DELAY,DELAY,,93,00:20,,,,,,,X,TECHSTOP,HAN,CXR,BAX,International,VJ,,,,,,,,,,,,
,2026-04-17,VJ138/VJ147,A655,A320,SGN-HAN-SGN,15:15,15:45,15:15,15:45,15:35,15:59,16:00,16:09,00:30,00:25,DELAY,ONTIME,DELAY,DELAY,,93,00:15,,,,,15:35,15:58,,,HAN,SGN,SGN,Domestic,VJ,,,,,,,,,,,,
,2026-04-17,VJ464/VJ567,A662,A320,VCA-HAN-HUI,15:10,15:55,15:10,15:55,15:40,16:04,16:05,16:10,00:45,00:25,DELAY,ONTIME,ONTIME,DELAY,,93,00:10,,,,,15:35,16:02,,,HAN,VCA,HUI,Domestic,VJ,,,,,,,,,,,,
,2026-04-17,VJ508/VJ773,A675,A320,DAD-HAN-CXR,15:25,16:00,15:25,16:00,15:25,15:59,16:00,16:15,00:35,00:35,ONTIME,ONTIME,ONTIME,ONTIME,,,,,,,,15:25,15:56,,,HAN,DAD,CXR,Domestic,VJ,,,,,,,,,,,,
,2026-04-17,VJ564/VJ913,A673,A321,HUI-HAN-SAI,12:20,16:20,12:20,16:20,13:50,16:08,16:09,16:23,04:00,02:19,EARLY,ONTIME,ONTIME,DELAY,,,,,,,,15:30,16:05,,,HAN,HUI,SAI,International,VJ,,,,,,,,,,,,
,2026-04-17,VJ136/VJ1513,A637,A321,SGN-HAN-DAD,14:10,16:35,14:10,16:35,14:55,16:30,16:31,16:42,02:25,01:36,EARLY,ONTIME,ONTIME,DELAY,,,,,,,,15:45,16:26,,,HAN,SGN,DAD,Domestic,VJ,,,,,,,,,,,,
,2026-04-17,VJ902/VJ151,A643,A321,BKK-HAN-SGN,15:50,16:50,15:50,16:50,16:15,16:54,16:55,17:00,01:00,00:40,DELAY,ONTIME,ONTIME,DELAY,,66,00:05,,,,,16:20,16:50,,CREW HN OB 1625,HAN,BKK,SGN,Domestic,VJ,,,,,,,,,,,,
,2026-04-17,VJ902/VJ495,A643,A321,BKK-HAN-BMV,15:50,17:30,15:50,17:30,16:50,17:26,17:27,17:34,01:40,00:37,EARLY,ONTIME,ONTIME,DELAY,,,,,,,,16:50,17:24,,,HAN,BKK,BMV,Domestic,VJ,,,,,,,,,,,,
,2026-04-17,VJ774/VJ517,A645,A321,CXR-HAN-DAD,17:15,17:45,17:15,18:25,17:50,18:24,18:25,18:30,01:10,00:35,ONTIME,ONTIME,DELAY,DELAY,,,,,,,,17:50,18:20,,,HAN,CXR,DAD,Domestic,VJ,,,,,,,,,,,,
,2026-04-17,VJ528/VJ1153,A674,A321,DAD-HAN-SGN,17:25,18:05,17:25,18:05,18:00,18:24,18:25,18:28,00:40,00:25,DELAY,DELAY,DELAY,DELAY,,93,00:20,,,,,17:50,18:22,,,HAN,DAD,SGN,Domestic,VJ,,,,,,,,,,,,
,2026-04-17,VJ146/VJ521,A547,A321,SGN-HAN-DAD,19:45,21:00,19:45,21:00,20:40,21:09,21:10,21:18,01:15,00:30,DELAY,ONTIME,DELAY,DELAY,,93,00:10,,,,,20:45,21:07,,,HAN,SGN,DAD,Domestic,VJ,,,,,,,,,,,,
,2026-04-17,VJ442/VJ1561,A539,A321,PQC-HAN-HUI,18:45,19:15,18:45,20:00,19:25,19:59,20:00,20:10,01:15,00:35,ONTIME,ONTIME,DELAY,DELAY,,,,,,,,19:25,19:55,,,HAN,PQC,HUI,Domestic,VJ,,,,,,,,,,,,
,2026-04-17,VJ916/VJ1127,A537,A321,SIN-HAN-SGN,17:25,19:20,17:25,19:20,18:00,19:19,19:20,19:28,01:55,01:20,ONTIME,ONTIME,ONTIME,DELAY,,,,,,,,18:35,19:17,,,HAN,SIN,SGN,Domestic,VJ,,,,,,,,,,,,
,2026-04-17,VJ512/VJ523,A538,A321,DAD-HAN-DAD,18:45,19:40,18:45,19:40,19:20,19:59,20:00,20:02,00:55,00:40,DELAY,DELAY,DELAY,DELAY,,93,00:10,66,00:10,,,19:20,19:55,,CREW HN OB 1925,HAN,DAD,DAD,Domestic,VJ,,,,,,,,,,,,
,2026-04-17,VJ144/VJ7712,A663,A320,SGN-HAN-PKX,18:05,19:55,18:05,19:55,18:05,19:44,19:45,19:48,01:50,01:40,EARLY,ONTIME,ONTIME,ONTIME,,,,,,,,19:15,19:42,,,HAN,SGN,PKX,International,VJ,,,,,,,,,,,,
,2026-04-17,VJ454/VJ907,A548,A321,PQC-HAN-BOM,16:45,20:05,17:10,20:05,17:15,20:04,20:05,20:15,02:55,02:50,ONTIME,ONTIME,ONTIME,DELAY,,,,,,,,19:20,20:00,,,HAN,PQC,BOM,International,VJ,,,,,,,,,,,,
,2026-04-17,VJ446/VJ457,A526,A321,PQC-HAN-PQC,16:05,20:05,16:05,20:05,16:15,19:59,20:00,20:00,04:00,03:45,EARLY,ONTIME,ONTIME,ONTIME,,,,,,,,19:15,19:56,,,HAN,PQC,PQC,Domestic,VJ,,,,,,,,,,,,
,2026-04-17,VJ928/VJ7815,A634,A321,CGK-HAN-MNL,18:15,20:10,18:15,20:10,18:28,20:03,20:04,20:06,01:55,01:36,EARLY,ONTIME,ONTIME,ONTIME,,,,,,,,19:25,20:00,,,HAN,CGK,MNL,International,VJ,,,,,,,,,,,,
,2026-04-17,VJ568/VJ7238,A662,A320,HUI-HAN-PVG,18:55,21:15,18:55,21:15,19:35,21:04,21:05,21:08,02:20,01:30,EARLY,ONTIME,ONTIME,DELAY,,,,,,,,20:30,21:00,,,HAN,HUI,PVG,International,VJ,,,,,,,,,,,,
,2026-04-17,_____/VJ163,A817,A330,HAN-SGN,,21:25,,21:25,,21:24,21:25,21:35,,,ONTIME,ONTIME,ONTIME,,,,,,,,,20:50,21:20,,,HAN,HAN,SGN,Domestic,,,,,,,,,,,,,
,2026-04-17,VJ998/VJ7526,A545,A321,DPS-HAN-CAN,21:45,22:30,21:45,22:30,22:00,22:29,22:30,22:39,00:45,00:30,ONTIME,ONTIME,ONTIME,ONTIME,,,,,,,,22:00,22:25,,,HAN,DPS,CAN,International,VJ,,,,,,,,,,,,
,2026-04-18,____/VJ7813,A683,A321,HAN-CEB,,00:05,,00:05,,23:54,23:55,23:58,,,EARLY,ONTIME,ONTIME,,,,,,,,,23:10,23:45,,,HAN,HAN,CEB,International,VJ,,,,,,,,,,,,
,2026-04-18,____/VJ932,A523,A321,HAN-NRT,,00:30,,00:30,,00:29,00:30,00:45,,,ONTIME,ONTIME,ONTIME,,,,,,,,,23:30,00:25,,,HAN,HAN,NRT,International,VJ,,,,,,,,,,,,
,2026-04-18,____/VJ982,A629,A321,HAN-PUS,,01:05,,01:05,,00:59,01:00,01:05,,,EARLY,ONTIME,ONTIME,,,,,,,,,00:10,00:55,,,HAN,HAN,PUS,International,VJ,,,,,,,,,,,,
,2026-04-18,VJ7706/VJ7706,A554,A321,CXR-HAN-KHV,00:35,01:05,00:35,01:05,00:55,01:24,01:25,01:35,00:30,00:30,DELAY,DELAY,DELAY,DELAY,,93,00:20,,,,,,,X,TECHSTOP,HAN,CXR,KHV,International,VJ,,,,,,,,,,,,
,2026-04-18,____/VJ938,A539,A321,HAN-KIX,,01:20,,01:20,,01:19,01:20,01:30,,,ONTIME,ONTIME,ONTIME,,,,,,,,,00:50,01:18,,,HAN,HAN,KIX,International,VJ,,,,,,,,,,,,
,2026-04-18,____/VJ960,A552,A321,HAN-ICN,,01:40,,01:40,,01:36,01:37,01:38,,,EARLY,ONTIME,ONTIME,,,,,,,,,00:50,01:33,,,HAN,HAN,ICN,International,VJ,,,,,,,,,,,,
,2026-04-18,____/VJ920,A547,A321,HAN-NGO,,01:40,,02:00,,01:39,01:40,01:50,,,EARLY,ONTIME,ONTIME,,,,,,,,,00:50,01:35,,,HAN,HAN,NGO,International,VJ,,,,,,,,,,,,
,2026-04-18,____/VJ958,A645,A321,HAN-FUK,,02:05,,02:05,,01:56,01:57,01:58,,,EARLY,ONTIME,ONTIME,,,,,,,,,01:15,01:52,,,HAN,HAN,FUK,International,VJ,,,,,,,,,,,,
,2026-04-18,VJ2980/VJ2980,A553,A321,CXR-HAN-KHV,01:35,02:05,02:00,02:05,02:00,02:28,02:30,02:35,00:05,00:30,DELAY,DELAY,DELAY,DELAY,,93,00:25,,,,,,,X,TECHSTOP,HAN,CXR,KHV,International,VJ,,,,,,,,,,,,
,2026-04-18,____/VJ123,A674,A321,HAN-SGN,,05:30,,05:30,,05:24,05:25,05:30,,,EARLY,ONTIME,ONTIME,,,,,,,,,04:45,05:20,,,HAN,HAN,SGN,Domestic,VJ,,,,,,,,,,,,
,2026-04-18,____/VJ771,A651,A321,HAN-CXR,,05:45,,05:45,,05:39,05:40,05:45,,,EARLY,ONTIME,ONTIME,,,,,,,,,05:00,05:35,,,HAN,HAN,CXR,Domestic,VJ,,,,,,,,,,,,
,2026-04-18,____/VJ491,A643,A321,HAN-BMV,,06:00,,06:00,,05:51,05:52,05:56,,,EARLY,ONTIME,ONTIME,,,,,,,,,05:15,05:48,,,HAN,HAN,BMV,Domestic,VJ,,,,,,,,,,,,
,2026-04-18,____/VJ121,A668,A320,HAN-SGN,,06:00,,06:00,,05:54,05:55,06:03,,,EARLY,ONTIME,ONTIME,,,,,,,,,05:15,05:52,,,HAN,HAN,SGN,Domestic,VJ,,,,,,,,,,,,
,2026-04-18,____/VJ431,A666,A320,HAN-UIH,,06:05,,06:05,,05:53,05:54,06:01,,,EARLY,ONTIME,ONTIME,,,,,,,,,05:20,05:50,,,HAN,HAN,UIH,Domestic,VJ,,,,,,,,,,,,
,2026-04-18,VJ7239/VJ125,A662,A320,PVG-HAN-SGN,04:50,07:00,04:50,07:00,04:55,06:54,06:55,07:00,02:10,02:00,EARLY,ONTIME,ONTIME,ONTIME,,,,,,,,06:10,06:52,,,HAN,PVG,SGN,Domestic,VJ,,,,,,,,,,,,
,2026-04-18,____/VJ421,A673,A321,HAN-PXU,,07:10,,07:10,,07:03,07:04,07:11,,,EARLY,ONTIME,ONTIME,,,,,,,,,06:25,07:00,,,HAN,HAN,PXU,Domestic,VJ,,,,,,,,,,,,
,2026-04-18,____/VJ905,A675,A320,HAN-KUL,,07:25,,07:25,,07:19,07:20,07:23,,,EARLY,ONTIME,ONTIME,,,,,,,,,06:47,07:15,,,HAN,HAN,KUL,International,VJ,,,,,,,,,,,,
,2026-04-18,____/VJ503,A644,A321,HAN-DAD,,07:30,,07:30,,07:24,07:25,07:34,,,EARLY,ONTIME,ONTIME,,,,,,,,,06:40,07:20,,,HAN,HAN,DAD,Domestic,VJ,,,,,,,,,,,,
,2026-04-18,____/VJ934,A538,A321,HAN-NRT,,07:55,,07:55,,07:47,07:48,07:50,,,EARLY,ONTIME,ONTIME,,,,,,,,,06:45,07:45,,,HAN,HAN,NRT,International,VJ,,,,,,,,,,,,
,2026-04-18,____/VJ127,A672,A320,HAN-SGN,,08:10,,08:10,,08:24,08:25,08:25,,,DELAY,ONTIME,ONTIME,,,41,00:15,,,,,07:25,08:05,,TECHNICAL CHECK,HAN,HAN,SGN,Domestic,VJ,,,,,,,,,,,,
,2026-04-18,____/VJ929,A535,A321,HAN-CGK,,08:40,,08:40,,08:32,08:33,08:39,,,EARLY,ONTIME,ONTIME,,,,,,,,,07:50,08:28,,,HAN,HAN,CGK,International,VJ,,,,,,,,,,,,
,2026-04-18,VJ124/VJ129,A544,A321,SGN-HAN-SGN,08:15,08:45,08:15,08:45,08:15,08:44,08:45,08:54,00:30,00:30,ONTIME,ONTIME,ONTIME,ONTIME,,,,,,,,08:15,08:39,,,HAN,SGN,SGN,Domestic,VJ,,,,,,,,,,,,
,2026-04-18,VJ7816/VJ447,A634,A321,MNL-HAN-PQC,03:50,08:45,03:50,08:45,03:58,08:39,08:40,08:46,04:55,04:42,EARLY,ONTIME,ONTIME,ONTIME,,,,,,,,07:55,08:35,,,HAN,MNL,PQC,Domestic,VJ,,,,,,,,,,,,
,2026-04-18,VJ2828/VJ2828,A580,A321,BAX-HAN-CXR,08:30,09:00,08:30,09:00,09:00,09:13,09:14,09:15,00:30,00:14,DELAY,ONTIME,ONTIME,DELAY,,93,00:14,,,,,,,X,TECHSTOP,HAN,BAX,CXR,Domestic,VJ,,,,,,,,,,,,
,2026-04-18,____/VJ563,A545,A321,HAN-HUI,,09:20,,09:20,,09:19,09:20,09:30,,,ONTIME,ONTIME,ONTIME,,,,,,,,,08:30,09:17,,,HAN,HAN,HUI,Domestic,VJ,,,,,,,,,,,,
,2026-04-18,VJ126/VJ131,A524,A321,SGN-HAN-SGN,09:40,10:10,09:40,10:10,09:45,10:14,10:15,10:24,00:30,00:30,DELAY,ONTIME,ONTIME,ONTIME,,93,00:05,,,,,09:45,10:12,,,HAN,SGN,SGN,Domestic,VJ,,,,,,,,,,,,
,2026-04-18,____/VJ463,A676,A320,HAN-VCA,,10:20,,10:20,,10:17,10:18,10:22,,,EARLY,ONTIME,ONTIME,,,,,,,,,09:35,10:15,,,HAN,HAN,VCA,Domestic,VJ,,,,,,,,,,,,
,2026-04-18,VJ492/VJ1427,A643,A321,BMV-HAN-PXU,10:00,10:30,10:00,10:30,09:55,10:29,10:30,10:35,00:30,00:35,ONTIME,ONTIME,ONTIME,ONTIME,,,,,,,,09:55,10:27,,,HAN,BMV,PXU,Domestic,VJ,,,,,,,,,,,,
,2026-04-18,____/VJ507,A525,A321,HAN-DAD,,11:10,,11:10,,11:24,11:25,11:35,,,DELAY,ONTIME,DELAY,,,15A,00:15,,,,,10:25,11:08,,,HAN,HAN,DAD,Domestic,VJ,,,,,,,,,,,,
,2026-04-18,____/VJ1443,A811,A330,HAN-PQC,,11:10,,11:10,,11:09,11:10,11:20,,,ONTIME,ONTIME,ONTIME,,,,,,,,,10:15,11:00,,,HAN,HAN,PQC,Domestic,VJ,,,,,,,,,,,,
,2026-04-18,VJ770/VJ901,A651,A321,CXR-HAN-BKK,09:55,11:10,09:55,11:10,10:15,11:24,11:25,11:25,01:15,01:10,DELAY,ONTIME,ONTIME,DELAY,,41,00:15,,,,,10:30,11:20,,TECHNICAL CHECK,HAN,CXR,BKK,International,VJ,,,,,,,,,,,,
,2026-04-18,VJ430/VJ133,A666,A320,UIH-HAN-SGN,09:50,11:20,09:50,11:20,09:45,11:18,11:19,11:21,01:30,01:34,EARLY,ONTIME,ONTIME,ONTIME,,,,,,,,10:40,11:15,,,HAN,UIH,SGN,Domestic,VJ,,,,,,,,,,,,
,2026-04-18,VJ524/VJ451,A644,A321,DAD-HAN-PQC,10:40,11:45,10:40,11:45,11:05,11:44,11:45,11:50,01:05,00:40,ONTIME,ONTIME,ONTIME,DELAY,,,,,,,,10:55,11:43,,,HAN,DAD,PQC,Domestic,VJ,,,,,,,,,,,,
,2026-04-18,VJ981/VJ515,A629,A321,PUS-HAN-DAD,10:40,12:10,10:40,12:10,10:55,12:09,12:10,12:20,01:30,01:15,ONTIME,ONTIME,ONTIME,ONTIME,,,,,,,,11:24,12:05,,,HAN,PUS,DAD,Domestic,VJ,,,,,,,,,,,,
,2026-04-18,VJ128/VJ137,A662,A320,SGN-HAN-SGN,11:50,12:20,11:50,12:20,12:05,12:34,12:35,12:45,00:30,00:30,DELAY,ONTIME,DELAY,ONTIME,,93,00:10,15A,00:05,,,12:05,12:32,,OFFLOAD 04PAX 1 BAG,HAN,SGN,SGN,Domestic,VJ,,,,,,,,,,,,
,2026-04-18,VJ7814/VJ787,A683,A321,CEB-HAN-CXR,08:20,13:10,08:20,13:10,08:35,13:03,13:05,13:06,04:50,04:30,EARLY,ONTIME,ONTIME,ONTIME,,,,,,,,12:20,13:01,,,HAN,CEB,CXR,Domestic,VJ,,,,,,,,,,,,
,2026-04-18,VJ959/VJ948,A645,A321,FUK-HAN-RMQ,11:45,13:30,11:45,13:30,12:00,13:21,13:22,13:24,01:45,01:22,EARLY,ONTIME,ONTIME,ONTIME,,,,,,,,12:45,13:19,,,HAN,FUK,RMQ,International,VJ,,,,,,,,,,,,
,2026-04-18,VJ939/VJ441,A539,A321,KIX-HAN-PQC,12:20,14:00,12:20,14:00,12:45,13:59,14:00,14:01,01:40,01:15,ONTIME,ONTIME,ONTIME,DELAY,,,,,,,,13:15,13:55,,,HAN,KIX,PQC,Domestic,VJ,,,,,,,,,,,,
,2026-04-18,VJ130/VJ7316,A669,A320,SGN-HAN-ENH,10:50,14:00,10:50,14:00,10:40,13:50,13:52,13:55,03:10,03:12,EARLY,ONTIME,ONTIME,ONTIME,,,,,,,,13:10,13:48,,,HAN,SGN,ENH,International,VJ,,,,,,,,,,,,
,2026-04-18,VJ564/VJ143,A545,A321,HUI-HAN-SGN,12:20,14:05,12:20,14:05,12:35,14:04,14:05,14:09,01:45,01:30,ONTIME,ONTIME,ONTIME,ONTIME,,,,,,,,13:20,14:00,,,HAN,HUI,SGN,Domestic,VJ,,,,,,,,,,,,
,2026-04-18,VJ440/VJ525,A634,A321,PQC-HAN-DAD,13:30,14:05,13:30,14:05,13:45,14:24,14:25,14:33,00:35,00:40,DELAY,DELAY,DELAY,ONTIME,,93,00:15,66,00:05,,,13:55,14:23,,CHANGE CREW HN OB 1400,HAN,PQC,DAD,Domestic,VJ,,,,,,,,,,,,
,2026-04-18,VJ933/VJ946,A523,A321,NRT-HAN-KHH,13:05,14:35,13:05,14:35,13:40,14:30,14:31,14:37,01:30,00:51,EARLY,ONTIME,ONTIME,DELAY,,,,,,,,13:50,14:28,,,HAN,NRT,KHH,International,VJ,,,,,,,,,,,,
,2026-04-18,VJ1504/VJ1505,A550,A321,DAD-HAN-DAD,14:00,14:35,14:00,14:35,14:25,14:54,14:55,14:57,00:35,00:30,DELAY,DELAY,DELAY,DELAY,,93,00:20,,,,,14:25,14:53,,,HAN,DAD,DAD,Domestic,VJ,,,,,,,,,,,,
,2026-04-18,VJ7707/VJ7707,A554,A321,KHV-HAN-CXR,14:25,14:55,14:25,14:55,14:10,14:30,14:32,14:34,00:30,00:22,EARLY,ONTIME,ONTIME,ONTIME,,,,,,,,,,X,TECHSTOP,HAN,KHV,CXR,Domestic,VJ,,,,,,,,,,,,
,2026-04-18,VJ510/VJ511,A525,A321,DAD-HAN-DAD,14:35,15:05,14:35,15:30,15:10,15:39,15:40,15:45,00:55,00:30,DELAY,ONTIME,DELAY,DELAY,,93,00:10,,,,,15:05,15:35,,,HAN,DAD,DAD,Domestic,VJ,,,,,,,,,,,,
,2026-04-18,VJ134/VJ439,A672,A320,SGN-HAN-UIH,13:30,15:40,13:30,15:40,13:50,15:37,15:38,15:45,02:10,01:48,EARLY,ONTIME,ONTIME,DELAY,,,,,,,,15:05,15:35,,,HAN,SGN,UIH,Domestic,VJ,,,,,,,,,,,,
,2026-04-18,VJ138/VJ147,A699,A320,SGN-HAN-SGN,15:15,15:45,15:15,15:45,15:10,15:54,15:55,16:00,00:30,00:45,DELAY,ONTIME,ONTIME,ONTIME,,99,00:10,,,,,15:00,15:53,,WAIT FOR VIPB OB 1554,HAN,SGN,SGN,Domestic,VJ,,,,,,,,,,,,
,2026-04-18,VJ464/VJ567,A676,A320,VCA-HAN-HUI,15:10,15:55,15:10,15:55,15:40,16:04,16:05,16:10,00:45,00:25,DELAY,ONTIME,ONTIME,DELAY,,93,00:10,,,,,15:35,16:00,,,HAN,VCA,HUI,Domestic,VJ,,,,,,,,,,,,
,2026-04-18,VJ2981/VJ2981,A553,A321,KHV-HAN-CXR,15:25,15:55,15:25,15:55,15:15,15:44,15:45,15:54,00:30,00:30,EARLY,ONTIME,ONTIME,ONTIME,,,,,,,,,,X,TECHSTOP,HAN,KHV,CXR,Domestic,VJ,,,,,,,,,,,,
,2026-04-18,VJ508/VJ773,A629,A321,DAD-HAN-CXR,15:25,16:00,15:25,16:00,16:05,16:34,16:35,16:46,00:35,00:30,DELAY,DELAY,DELAY,DELAY,,93,00:35,,,,,15:55,16:32,,,HAN,DAD,CXR,Domestic,VJ,,,,,,,,,,,,
,2026-04-18,VJ906/VJ913,A675,A320,KUL-HAN-SAI,14:40,16:20,14:40,16:20,14:39,16:15,16:16,16:23,01:40,01:37,EARLY,ONTIME,ONTIME,ONTIME,,,,,,,,15:45,16:05,,,HAN,KUL,SAI,International,VJ,,,,,,,,,,,,
,2026-04-18,VJ5068/VJ5068,A580,A321,CXR-HAN-NOZ,16:25,16:55,16:25,16:55,17:00,17:29,17:30,17:40,00:30,00:30,DELAY,DELAY,DELAY,DELAY,,93,00:35,,,,,,,X,TECHSTOP,HAN,CXR,NOZ,International,VJ,,,,,,,,,,,,
,2026-04-18,VJ1428/VJ465,A643,A321,PXU-HAN-VCA,14:15,17:00,14:15,17:00,14:08,16:55,16:56,17:00,02:45,02:48,EARLY,ONTIME,ONTIME,ONTIME,,,,,,,,16:10,16:50,,,HAN,PXU,VCA,Domestic,VJ,,,,,,,,,,,,
,2026-04-18,VJ140/VJ151,A666,A320,SGN-HAN-SGN,16:20,17:05,16:20,17:05,16:40,17:19,17:20,17:30,00:45,00:40,DELAY,ONTIME,DELAY,DELAY,,93,00:05,41,00:10,,,16:57,17:18,,TECHNICAL CHECK,HAN,SGN,SGN,Domestic,VJ,,,,,,,,,,,,
,2026-04-18,VJ902/VJ495,A651,A321,BKK-HAN-BMV,15:50,17:30,15:50,17:30,16:20,17:23,17:25,17:28,01:40,01:05,EARLY,ONTIME,ONTIME,DELAY,,,,,,,,16:48,17:20,,,HAN,BKK,BMV,Domestic,VJ,,,,,,,,,,,,
,2026-04-18,VJ774/VJ517,A683,A321,CXR-HAN-DAD,17:15,17:45,17:15,17:45,18:05,18:34,18:35,18:40,00:30,00:30,DELAY,DELAY,DELAY,DELAY,,93,00:50,,,,,18:05,18:30,,,HAN,CXR,DAD,Domestic,VJ,,,,,,,,,,,,
,2026-04-18,VJ528/VJ521,A634,A321,DAD-HAN-DAD,17:25,18:45,17:25,18:45,17:50,18:39,18:40,18:44,01:20,00:50,EARLY,ONTIME,ONTIME,DELAY,,,,,,,,18:00,18:35,,,HAN,DAD,DAD,Domestic,VJ,,,,,,,,,,,,
,2026-04-18,VJ144/VJ155,A817,A330,SGN-HAN-SGN,18:05,18:55,18:05,18:55,18:10,18:53,18:55,18:59,00:50,00:45,ONTIME,ONTIME,ONTIME,ONTIME,,,,,,,,18:10,18:50,,,HAN,SGN,SGN,Domestic,VJ,,,,,,,,,,,,
,2026-04-18,VJ961/VJ1127,A552,A321,ICN-HAN-SGN,13:35,19:20,13:35,19:20,13:48,19:19,19:20,19:28,05:45,05:32,ONTIME,ONTIME,ONTIME,ONTIME,,,,,,,,18:35,19:15,,,HAN,ICN,SGN,Domestic,VJ,,,,,,,,,,,,
,2026-04-18,____/VJ971,A815,A330,HAN-DEL,,19:40,,19:40,,19:34,19:36,19:39,,,EARLY,ONTIME,ONTIME,,,,,,,,,18:50,19:30,,,HAN,HAN,DEL,International,VJ,,,,,,,,,,,,
,2026-04-18,VJ568/VJ523,A676,A320,HUI-HAN-DAD,18:55,19:40,18:55,19:40,19:35,20:04,20:05,20:20,00:45,00:30,DELAY,DELAY,DELAY,DELAY,,93,00:20,66,00:05,,,19:40,20:01,,CREW OB 1945,HAN,HUI,DAD,Domestic,VJ,,,,,,,,,,,,
,2026-04-18,VJ928/VJ1925,A535,A321,CGK-HAN-AMD,18:15,19:45,18:15,19:45,18:30,19:39,19:40,19:44,01:30,01:10,EARLY,ONTIME,ONTIME,ONTIME,,,,,,,,19:00,19:35,,,HAN,CGK,AMD,International,VJ,,,,,,,,,,,,
,2026-04-18,VJ152/VJ159,A637,A321,SGN-HAN-SGN,19:20,20:10,19:20,20:10,19:20,19:59,20:00,20:05,00:50,00:40,EARLY,ONTIME,ONTIME,ONTIME,,,,,,,,19:20,19:30,,,HAN,SGN,SGN,Domestic,VJ,,,,,,,,,,,,
,2026-04-18,VJ776/VJ163,A554,A321,CXR-HAN-SGN,20:10,21:25,20:10,21:25,20:15,22:04,22:05,22:10,01:15,01:50,DELAY,DELAY,DELAY,ONTIME,,95,00:40,,,,,21:35,22:02,,WAIT CREW VJ154/OB 2145,HAN,CXR,SGN,Domestic,VJ,,,,,,,,,,,,
,2026-04-18,VJ442/VJ7526,A539,A321,PQC-HAN-CAN,18:45,22:30,18:45,22:30,18:55,22:17,22:18,22:28,03:45,03:23,EARLY,ONTIME,ONTIME,ONTIME,,,,,,,,21:47,22:15,,,HAN,PQC,CAN,International,VJ,,,,,,,,,,,,
,2026-04-19,____/VJ932,A523,A321,HAN-NRT,,00:30,,00:30,,00:24,00:26,00:27,,,EARLY,ONTIME,ONTIME,,,,,,,,,11:40,00:20,,,HAN,HAN,NRT,International,VJ,,,,,,,,,,,,
,2026-04-19,VJ7704/VJ7704,A553,A321,CXR-HAN-VVO,00:15,00:45,00:15,00:45,00:20,00:44,00:45,00:52,00:30,00:25,ONTIME,ONTIME,ONTIME,ONTIME,,,,,,,,,,X,TECHSTOP,HAN,CXR,VVO,International,VJ,,,,,,,,,,,,
,2026-04-19,____/VJ982,A645,A321,HAN-PUS,,01:05,,01:05,,00:55,00:56,01:00,,,EARLY,ONTIME,ONTIME,,,,,,,,,00:15,00:50,,,HAN,HAN,PUS,International,VJ,,,,,,,,,,,,
,2026-04-19,____/VJ938,A547,A321,HAN-KIX,,01:20,,01:20,,01:13,01:14,01:16,,,EARLY,ONTIME,ONTIME,,,,,,,,,00:30,01:10,,,HAN,HAN,KIX,International,VJ,,,,,,,,,,,,
,2026-04-19,____/VJ960,A651,A321,HAN-ICN,,01:40,,01:40,,01:36,01:37,01:39,,,EARLY,ONTIME,ONTIME,,,,,,,,,00:50,01:30,,,HAN,HAN,ICN,International,VJ,,,,,,,,,,,,
,2026-04-19,____/VJ920,A538,A321,HAN-NGO,,01:40,,01:40,,01:27,01:28,01:31,,,EARLY,ONTIME,ONTIME,,,,,,,,,00:50,01:22,,,HAN,HAN,NGO,International,VJ,,,,,,,,,,,,
,2026-04-19,____/VJ123,A643,A321,HAN-SGN,,05:30,,05:30,,05:29,05:30,05:42,,,ONTIME,ONTIME,ONTIME,,,,,,,,,04:40,05:24,,"THIẾU CAPT, LẤY CAPT VJ431",HAN,HAN,SGN,Domestic,VJ,,,,,,,,,,,,
,2026-04-19,____/VJ771,A675,A320,HAN-CXR,,05:45,,05:45,,05:39,05:40,05:44,,,EARLY,ONTIME,ONTIME,,,,,,,,,04:55,05:35,,,HAN,HAN,CXR,Domestic,VJ,,,,,,,,,,,,
,2026-04-19,____/VJ121,A672,A320,HAN-SGN,,06:00,,06:00,,05:54,05:55,06:00,,,EARLY,ONTIME,ONTIME,,,,,,,,,05:10,05:50,,,HAN,HAN,SGN,Domestic,VJ,,,,,,,,,,,,
,2026-04-19,____/VJ491,A649,A321,HAN-BMV,,06:00,,06:00,,05:54,05:05,05:59,,,EARLY,ONTIME,ONTIME,,,,,,,,,05:10,05:50,,,HAN,HAN,BMV,Domestic,VJ,,,,,,,,,,,,
,2026-04-19,____/VJ431,A644,A321,HAN-UIH,,06:05,,06:05,,06:39,06:40,06:50,,,DELAY,DELAY,DELAY,,,63A,00:35,,,,,06:05,06:36,,WAIT CAPT STBY FORM HAN OB 0625,HAN,HAN,UIH,Domestic,VJ,,,,,,,,,,,,
,2026-04-19,____/VJ952,A669,A320,HAN-HIJ,,06:15,,06:15,,06:14,06:15,06:25,,,ONTIME,ONTIME,ONTIME,,,,,,,,,05:25,06:10,,,HAN,HAN,HIJ,International,VJ,,,,,,,,,,,,
,2026-04-19,VJ2983/VJ2983,A580,A321,NOZ-HAN-PQC,06:15,06:45,06:15,07:45,06:30,07:14,07:15,07:24,01:30,00:45,EARLY,ONTIME,DELAY,ONTIME,,,,,,,,,,X,TECHSTOP,HAN,NOZ,PQC,Domestic,VJ,,,,,,,,,,,,
,2026-04-19,____/VJ125,A699,A320,HAN-SGN,,07:00,,07:00,,06:54,06:55,06:56,,,EARLY,ONTIME,ONTIME,,,,,,,,,06:10,06:51,,,HAN,HAN,SGN,Domestic,VJ,,,,,,,,,,,,
,2026-04-19,____/VJ905,A668,A320,HAN-KUL,,07:25,,07:25,,07:14,07:15,07:23,,,EARLY,ONTIME,ONTIME,,,,,,,,,06:30,07:10,,,HAN,HAN,KUL,International,VJ,,,,,,,,,,,,
,2026-04-19,____/VJ503,A630,A321,HAN-DAD,,07:30,,07:30,,07:29,07:30,07:37,,,ONTIME,ONTIME,ONTIME,,,,,,,,,06:40,07:25,,GL KS LỆCH,HAN,HAN,DAD,Domestic,VJ,,,,,,,,,,,,
,2026-04-19,____/VJ934,A548,A321,HAN-NRT,,07:55,,07:55,,07:49,07:50,08:00,,,EARLY,ONTIME,ONTIME,,,,,,,,,07:05,07:45,,,HAN,HAN,NRT,International,VJ,,,,,,,,,,,,
,2026-04-19,____/VJ930,A697,A321,HAN-KIX,,07:55,,07:55,,07:49,07:50,07:58,,,EARLY,ONTIME,ONTIME,,,,,,,,,07:05,07:45,,,HAN,HAN,KIX,International,VJ,,,,,,,,,,,,
,2026-04-19,____/VJ127,A698,A321,HAN-SGN,,08:10,,08:10,,08:44,08:45,08:51,,,DELAY,DELAY,DELAY,,,41,00:35,,,,,07:10,08:05,,GROUND RETURN,HAN,HAN,SGN,Domestic,VJ,,,,,,,,,,,,
,2026-04-19,____/VJ929,A545,A321,HAN-CGK,,08:40,,08:40,,08:32,08:34,08:36,,,EARLY,ONTIME,ONTIME,,,,,,,,,07:50,08:30,,,HAN,HAN,CGK,International,VJ,,,,,,,,,,,,
,2026-04-19,____/VJ129,A676,A320,HAN-SGN,,08:45,,08:45,,08:39,08:40,08:50,,,EARLY,ONTIME,ONTIME,,,,,,,,,07:55,08:35,,,HAN,HAN,SGN,Domestic,VJ,,,,,,,,,,,,
,2026-04-19,____/VJ447,A689,A320,HAN-PQC,,08:45,,08:45,,08:36,08:37,08:46,,,EARLY,ONTIME,ONTIME,,,,,,,,,08:00,08:33,,,HAN,HAN,PQC,Domestic,VJ,,,,,,,,,,,,
,2026-04-19,____/VJ505,A642,A321,HAN-DAD,,09:05,,09:05,,08:59,09:00,09:07,,,EARLY,ONTIME,ONTIME,,,,,,,,,08:30,08:56,,,HAN,HAN,DAD,Domestic,VJ,,,,,,,,,,,,
,2026-04-19,VJ124/VJ1781,A817,A330,SGN-HAN-CXR,08:15,09:10,08:15,09:10,08:10,09:06,09:08,09:10,00:55,00:58,EARLY,ONTIME,ONTIME,ONTIME,,,,,,,,08:25,09:03,,,HAN,SGN,CXR,Domestic,VJ,,,,,,,,,,,,
,2026-04-19,____/VJ563,A634,A321,HAN-HUI,,09:20,,09:20,,09:18,09:20,09:25,,,ONTIME,ONTIME,ONTIME,,,,,,,,,08:35,09:15,,,HAN,HAN,HUI,Domestic,VJ,,,,,,,,,,,,
,2026-04-19,VJ1926/VJ915,A535,A321,AMD-HAN-SIN,05:55,09:35,05:55,09:35,06:30,09:26,09:27,09:30,03:40,02:57,EARLY,ONTIME,ONTIME,DELAY,,,,,,,,08:45,09:23,,,HAN,AMD,SIN,International,VJ,,,,,,,,,,,,
,2026-04-19,____/VJ997,A525,A321,HAN-DPS,,10:05,,10:05,,10:03,10:05,10:07,,,ONTIME,ONTIME,ONTIME,,,,,,,,,09:10,10:00,,,HAN,HAN,DPS,International,VJ,,,,,,,,,,,,
,2026-04-19,____/VJ463,A663,A320,HAN-VCA,,10:20,,10:20,,10:09,10:10,10:20,,,EARLY,ONTIME,ONTIME,,,,,,,,,09:30,10:05,,,HAN,HAN,VCA,Domestic,VJ,,,,,,,,,,,,
,2026-04-19,VJ770/VJ1427,A675,A320,CXR-HAN-PXU,09:55,10:30,09:55,10:30,10:15,10:39,10:40,10:45,00:35,00:25,DELAY,ONTIME,ONTIME,DELAY,,93,00:10,,,,,10:15,10:39,,,HAN,CXR,PXU,Domestic,VJ,,,,,,,,,,,,
,2026-04-19,VJ492/VJ901,A649,A321,BMV-HAN-BKK,10:00,11:10,10:00,11:10,10:10,11:09,11:10,11:19,01:10,01:00,ONTIME,ONTIME,ONTIME,ONTIME,,,,,,,,10:25,11:06,,,HAN,BMV,BKK,International,VJ,,,,,,,,,,,,
,2026-04-19,VJ524/VJ507,A630,A321,DAD-HAN-DAD,10:40,11:10,10:40,11:10,11:15,11:49,11:50,11:57,00:30,00:35,DELAY,DELAY,DELAY,DELAY,,93,00:35,66,00:05,,,11:15,11:47,,FO OB 1131,HAN,DAD,DAD,Domestic,VJ,,,,,,,,,,,,
,2026-04-19,VJ430/VJ133,A644,A321,UIH-HAN-SGN,09:50,11:20,09:50,11:20,10:38,11:19,11:20,11:30,01:30,00:42,ONTIME,ONTIME,ONTIME,DELAY,,,,,,,,10:38,11:18,,,HAN,UIH,SGN,Domestic,VJ,,,,,,,,,,,,
,2026-04-19,VJ130/VJ451,A532,A321,SGN-HAN-PQC,10:50,11:45,10:50,11:45,11:00,11:43,11:45,11:45,00:55,00:45,ONTIME,ONTIME,ONTIME,ONTIME,,,,,,,,11:05,11:40,,,HAN,SGN,PQC,Domestic,VJ,,,,,,,,,,,,
,2026-04-19,VJ981/VJ515,A645,A321,PUS-HAN-DAD,10:40,12:10,10:40,12:10,10:25,12:09,12:10,12:16,01:30,01:45,ONTIME,ONTIME,ONTIME,ONTIME,,,,,,,,11:25,12:00,,,HAN,PUS,DAD,Domestic,VJ,,,,,,,,,,,,
,2026-04-19,VJ128/VJ137,A699,A320,SGN-HAN-SGN,11:50,12:20,11:50,12:20,12:30,12:54,12:55,13:05,00:30,00:25,DELAY,DELAY,DELAY,DELAY,,93,00:35,,,,,12:22,12:52,,,HAN,SGN,SGN,Domestic,VJ,,,,,,,,,,,,
,2026-04-19,____/VJ1501,A815,A330,HAN-DAD,,12:30,,12:30,,12:49,12:50,12:58,,,DELAY,DELAY,DELAY,,,41,00:20,,,,,11:40,12:24,,TECHNICAL CHECK,HAN,HAN,DAD,Domestic,VJ,,,,,,,,,,,,
,2026-04-19,VJ564/VJ787,A634,A321,HUI-HAN-CXR,12:20,13:10,12:20,13:10,12:55,13:24,13:25,13:32,00:50,00:30,DELAY,ONTIME,DELAY,DELAY,,93,00:15,,,,,12:55,13:22,,,HAN,HUI,CXR,Domestic,VJ,,,,,,,,,,,,
,2026-04-19,VJ7705/VJ7705,A553,A321,VVO-HAN-CXR,12:45,13:15,12:45,13:15,13:20,13:40,13:42,13:45,00:30,00:22,DELAY,DELAY,DELAY,DELAY,,93,00:27,,,,,,,X,TECHSTOP,HAN,VVO,CXR,Domestic,VJ,,,,,,,,,,,,
,2026-04-19,VJ939/VJ948,A547,A321,KIX-HAN-RMQ,12:20,13:35,12:20,13:35,12:34,13:34,13:35,13:39,01:15,01:01,ONTIME,ONTIME,ONTIME,ONTIME,,,,,,,,12:50,13:32,,,HAN,KIX,RMQ,International,VJ,,,,,,,,,,,,
,2026-04-19,VJ1442/VJ149,A811,A330,PQC-HAN-SGN,12:05,13:40,12:05,13:40,12:32,13:39,13:40,13:45,01:35,01:08,ONTIME,ONTIME,ONTIME,DELAY,,,,,,,,12:50,13:35,,,HAN,PQC,SGN,Domestic,VJ,,,,,,,,,,,,
,2026-04-19,VJ440/VJ441,A689,A320,PQC-HAN-PQC,13:30,14:00,13:30,14:30,14:10,14:44,14:45,14:52,01:00,00:35,DELAY,ONTIME,DELAY,DELAY,,93,00:10,66,00:05,,,14:10,14:40,,CREW OB 1415,HAN,PQC,PQC,Domestic,VJ,,,,,,,,,,,,
,2026-04-19,VJ921/VJ525,A538,A321,NGO-HAN-DAD,12:50,14:05,12:50,14:05,12:45,13:59,14:00,14:09,01:15,01:15,EARLY,ONTIME,ONTIME,ONTIME,,,,,,,,13:15,13:55,,,HAN,NGO,DAD,Domestic,VJ,,,,,,,,,,,,
,2026-04-19,VJ506/VJ143,A642,A321,DAD-HAN-SGN,12:15,14:05,12:15,14:05,12:40,14:04,14:05,14:15,01:50,01:25,ONTIME,ONTIME,ONTIME,DELAY,,,,,,,,13:17,14:02,,,HAN,DAD,SGN,Domestic,VJ,,,,,,,,,,,,
,2026-04-19,VJ134/VJ942,A698,A321,SGN-HAN-TPE,13:30,14:25,13:30,14:25,13:40,14:24,14:25,14:38,00:55,00:45,ONTIME,ONTIME,ONTIME,ONTIME,,,,,,,,13:50,14:20,,,HAN,SGN,TPE,International,VJ,,,,,,,,,,,,
,2026-04-19,VJ933/VJ946,A523,A321,NRT-HAN-KHH,13:05,14:35,13:05,14:35,13:35,14:34,14:35,14:39,01:30,01:00,ONTIME,ONTIME,ONTIME,DELAY,,,,,,,,13:50,14:30,,,HAN,NRT,KHH,International,VJ,,,,,,,,,,,,
,2026-04-19,VJ902/VJ1505,A649,A321,BKK-HAN-DAD,15:50,14:35,15:50,16:35,16:20,16:44,16:45,16:52,00:45,00:25,DELAY,ONTIME,DELAY,DELAY,,93,00:10,,,,,16:25,16:42,,,HAN,BKK,DAD,Domestic,VJ,,,,,,,,,,,,
,2026-04-19,VJ510/VJ141,A630,A321,DAD-HAN-SGN,14:35,14:50,15:10,15:45,15:55,16:32,16:33,16:39,00:35,00:38,DELAY,DELAY,DELAY,DELAY,,93,00:40,66,00:08,,,15:55,16:30,,,HAN,DAD,SGN,Domestic,VJ,,,,,,,,,,,,
,2026-04-19,VJ134/VJ511,A698,A321,SGN-HAN-DAD,13:30,15:05,13:30,15:05,13:50,14:59,15:00,15:07,01:35,01:10,EARLY,ONTIME,ONTIME,DELAY,,,,,,,,14:15,14:55,,,HAN,SGN,DAD,Domestic,VJ,,,,,,,,,,,,
,2026-04-19,VJ1428/VJ439,A675,A320,PXU-HAN-UIH,14:15,15:40,14:15,15:40,14:25,15:29,15:30,15:44,01:25,01:05,EARLY,ONTIME,ONTIME,ONTIME,,,,,,,,15:10,15:27,,,HAN,PXU,UIH,Domestic,VJ,,,,,,,,,,,,
,2026-04-19,VJ138/VJ147,A666,A320,SGN-HAN-SGN,15:15,15:45,15:15,16:15,16:00,16:29,16:30,16:35,01:00,00:30,DELAY,ONTIME,DELAY,DELAY,,93,00:10,49,00:05,,,15:52,16:21,,LATE ARR/MCC COMPELETE E-TECHLOG,HAN,SGN,SGN,Domestic,VJ,,,,,,,,,,,,
,2026-04-19,VJ464/VJ567,A663,A320,VCA-HAN-HUI,15:10,15:55,15:10,15:55,15:18,16:02,16:03,16:09,00:45,00:45,DELAY,ONTIME,ONTIME,ONTIME,,89,00:08,,,,,15:10,15:56,,,HAN,VCA,HUI,Domestic,VJ,,,,,,,,,,,,
,2026-04-19,VJ508/VJ773,A645,A321,DAD-HAN-CXR,15:25,16:00,15:25,16:00,16:00,16:29,16:30,16:43,00:35,00:30,DELAY,DELAY,DELAY,DELAY,,93,00:30,,,,,16:00,16:25,,,HAN,DAD,CXR,Domestic,VJ,,,,,,,,,,,,
,2026-04-19,VJ906/VJ913,A669,A320,KUL-HAN-SAI,14:40,16:20,14:40,16:20,14:48,16:08,16:09,16:16,01:40,01:21,EARLY,ONTIME,ONTIME,ONTIME,,,,,,,,15:40,16:05,,,HAN,KUL,SAI,International,VJ,,,,,,,,,,,,
,2026-04-19,VJ140/VJ151,A656,A320,SGN-HAN-SGN,16:25,16:55,16:20,16:55,16:20,16:54,16:55,17:03,00:35,00:35,ONTIME,ONTIME,ONTIME,ONTIME,,,,,,,,16:30,16:53,,,HAN,SGN,SGN,Domestic,VJ,,,,,,,,,,,,
,2026-04-19,VJ2982/VJ2982,A580,A321,PQC-HAN-NOZ,16:25,16:55,16:25,16:55,16:50,17:23,17:24,17:38,00:30,00:34,DELAY,DELAY,DELAY,DELAY,,,,,,,,,,X,TECHSTOP,HAN,PQC,NOZ,International,VJ,,,,,,,,,,,,
,2026-04-19,VJ916/VJ465,A535,A321,SIN-HAN-VCA,16:05,17:00,17:25,18:15,17:05,18:14,18:15,18:18,00:50,01:10,ONTIME,ONTIME,DELAY,DELAY,,,,,,,,17:20,18:11,,,HAN,SIN,VCA,Domestic,VJ,,,,,,,,,,,,
,2026-04-19,VJ902/VJ495,A649,A321,BKK-HAN-BMV,15:50,17:30,15:50,17:30,16:35,17:26,17:28,17:40,01:40,00:53,EARLY,ONTIME,ONTIME,DELAY,,,,,,,,16:45,17:25,,,HAN,BKK,BMV,Domestic,VJ,,,,,,,,,,,,
,2026-04-19,VJ454/VJ517,A532,A321,PQC-HAN-DAD,16:45,17:45,16:45,17:45,17:03,17:42,17:44,17:46,01:00,00:41,EARLY,ONTIME,ONTIME,DELAY,,,,,,,,17:00,17:40,,,HAN,PQC,DAD,Domestic,VJ,,,,,,,,,,,,
,2026-04-19,VJ774/VJ1153,A546,A321,PQC-HAN-SGN,17:30,18:05,17:30,18:05,17:50,18:19,18:20,18:30,00:35,00:30,DELAY,ONTIME,DELAY,DELAY,,93,00:15,,,,,17:50,18:17,,,HAN,PQC,SGN,Domestic,VJ,,,,,,,,,,,,
,2026-04-19,VJ512/VJ521,A630,A321,DAD-HAN-DAD,18:15,18:45,18:15,18:45,18:50,19:16,19:17,19:35,00:30,00:27,DELAY,DELAY,DELAY,DELAY,,93,00:32,,,,,18:50,19:15,,,HAN,DAD,DAD,Domestic,VJ,,,,,,,,,,,,
,2026-04-19,VJ144/VJ155,A644,A321,SGN-HAN-SGN,18:05,19:00,18:05,19:00,19:10,19:35,19:36,19:52,00:55,00:26,DELAY,DELAY,DELAY,DELAY,,93,00:36,,,,,19:05,19:30,,,HAN,SGN,SGN,Domestic,VJ,,,,,,,,,,,,
,2026-04-19,VJ774/VJ1561,A546,A321,CXR-HAN-HUI,17:25,19:15,17:50,19:15,18:30,19:12,19:13,19:20,01:25,00:43,EARLY,ONTIME,ONTIME,DELAY,,,,,,,,18:35,19:10,,,HAN,CXR,HUI,Domestic,VJ,,,,,,,,,,,,
,2026-04-19,VJ136/VJ1127,A672,A320,SGN-HAN-SGN,14:10,19:20,14:10,19:20,14:40,19:19,19:20,19:30,05:10,04:40,ONTIME,ONTIME,ONTIME,DELAY,,,,,,,,18:38,19:15,,,HAN,SGN,SGN,Domestic,VJ,,,,,,,,,,,,
,2026-04-19,VJ146/VJ519,A642,A321,SGN-HAN-DAD,18:55,19:25,18:55,19:25,19:20,19:48,19:50,19:55,00:30,00:30,DELAY,DELAY,DELAY,DELAY,,93,00:25,,,,,19:15,19:45,,,HAN,SGN,DAD,Domestic,VJ,,,,,,,,,,,,
,2026-04-19,VJ953/VJ523,A669,A320,HIJ-HAN-DAD,16:10,19:40,16:10,19:40,16:30,19:34,19:35,19:50,03:30,03:05,EARLY,ONTIME,ONTIME,DELAY,,,,,,,,18:55,19:32,,,HAN,HIJ,DAD,Domestic,VJ,,,,,,,,,,,,
,2026-04-19,VJ928/VJ1925,A545,A321,CGK-HAN-AMD,18:15,19:45,18:15,19:45,18:40,19:44,19:45,19:52,01:30,01:05,ONTIME,ONTIME,ONTIME,DELAY,,,,,,,,19:05,19:42,,,HAN,CGK,AMD,International,VJ,,,,,,,,,,,,
,2026-04-19,VJ3525/VJ3525,A537,A321,PQC-HAN-BQS,19:20,19:50,19:20,19:50,19:20,19:49,19:50,20:04,00:30,00:30,ONTIME,ONTIME,ONTIME,ONTIME,,,,,,,,,,X,TECHSTOP,HAN,PQC,BQS,International,VJ,,,,,,,,,,,,
,2026-04-19,VJ152/VJ159,A658,A320,SGN-HAN-SGN,19:20,20:10,19:20,20:10,19:45,20:09,20:10,20:19,00:50,00:25,ONTIME,ONTIME,ONTIME,DELAY,,,,,,,,19:35,20:05,,,HAN,SGN,SGN,Domestic,VJ,,,,,,,,,,,,
,2026-04-19,VJ949/VJ457,A547,A321,RMQ-HAN-PQC,19:55,20:50,19:55,20:50,20:10,20:49,20:50,20:56,00:55,00:40,ONTIME,ONTIME,ONTIME,ONTIME,,,,,,,,20:10,20:43,,,HAN,RMQ,PQC,Domestic,VJ,,,,,,,,,,,,
,2026-04-19,VJ776/VJ163,A645,A321,CXR-HAN-SGN,20:10,21:40,20:10,21:40,21:20,21:54,21:55,22:05,01:30,00:35,DELAY,ONTIME,DELAY,DELAY,,93,00:10,66,00:05,,,21:15,21:52,,LATE ARR/ CHANGE CREW HN OB 2127,HAN,CXR,SGN,Domestic,VJ,,,,,,,,,,,,
,2026-04-20,____/VJ932,A523,A321,HAN-NRT,,00:30,,00:30,,00:24,00:25,00:28,,,EARLY,ONTIME,ONTIME,,,,,,,,,23:40,00:22,,,HAN,HAN,NRT,International,VJ,,,,,,,,,,,,
,2026-04-20,____/VJ982,A630,A321,HAN-PUS,,01:05,,01:05,,00:54,00:55,01:02,,,EARLY,ONTIME,ONTIME,,,,,,,,,00:00,00:45,,,HAN,HAN,PUS,International,VJ,,,,,,,,,,,,
,2026-04-20,____/VJ938,A548,A321,HAN-KIX,,01:20,,01:20,,01:24,01:25,01:35,,,DELAY,ONTIME,ONTIME,,,15A,00:05,,,,,00:30,01:12,,OFFLOAD 01PAX 01BAG,HAN,HAN,KIX,International,VJ,,,,,,,,,,,,
,2026-04-20,____/VJ960,A651,A321,HAN-ICN,,01:40,,01:40,,01:39,01:40,01:42,,,ONTIME,ONTIME,ONTIME,,,,,,,,,00:55,01:33,,,HAN,HAN,ICN,International,VJ,,,,,,,,,,,,
,2026-04-20,____/VJ920,A697,A321,HAN-NGO,,01:40,,01:40,,01:39,01:40,01:47,,,ONTIME,ONTIME,ONTIME,,,,,,,,,00:50,01:20,,,HAN,HAN,NGO,International,VJ,,,,,,,,,,,,
,2026-04-20,____/VJ123,A662,A320,HAN-SGN,,05:30,,05:30,,05:24,05:25,05:34,,,EARLY,ONTIME,ONTIME,,,,,,,,,04:45,05:23,,,HAN,HAN,SGN,Domestic,VJ,,,,,,,,,,,,
,2026-04-20,____/VJ771,A668,A320,HAN-CXR,,05:45,,05:45,,05:39,05:40,05:47,,,EARLY,ONTIME,ONTIME,,,,,,,,,04:48,05:36,,,HAN,HAN,CXR,Domestic,VJ,,,,,,,,,,,,
,2026-04-20,____/VJ121,A669,A320,HAN-SGN,,06:00,,06:00,,05:54,05:55,06:00,,,EARLY,ONTIME,ONTIME,,,,,,,,,05:15,05:54,,,HAN,HAN,SGN,Domestic,VJ,,,,,,,,,,,,
,2026-04-20,____/VJ491,A672,A320,HAN-BMV,,06:00,,06:00,,05:53,05:55,06:00,,,EARLY,ONTIME,ONTIME,,,,,,,,,05:15,05:50,,,HAN,HAN,BMV,Domestic,VJ,,,,,,,,,,,,
,2026-04-20,____/VJ125,A675,A320,HAN-SGN,,07:00,,07:00,,06:54,06:55,07:05,,,EARLY,ONTIME,ONTIME,,,,,,,,,06:20,06:50,,,HAN,HAN,SGN,Domestic,VJ,,,,,,,,,,,,
,2026-04-20,VJ5069/VJ5069,A537,A321,NOZ-HAN-CXR,06:40,07:20,06:40,07:20,06:55,07:16,07:18,07:23,00:40,00:23,EARLY,ONTIME,ONTIME,ONTIME,,,,,,,,,,X,TECHSTOP,HAN,NOZ,CXR,Domestic,VJ,,,,,,,,,,,,
,2026-04-20,____/VJ503,A642,A321,HAN-DAD,,07:30,,07:30,,07:24,07:25,07:35,,,EARLY,ONTIME,ONTIME,,,,,,,,,06:45,07:20,,,HAN,HAN,DAD,Domestic,VJ,,,,,,,,,,,,
,2026-04-20,____/VJ934,A538,A321,HAN-NRT,,07:55,,07:55,,07:59,08:00,08:03,,,DELAY,ONTIME,ONTIME,,,15A,00:05,,,,,07:10,07:52,,OFFLOAD 05PAX 05BAGS,HAN,HAN,NRT,International,VJ,,,,,,,,,,,,
,2026-04-20,____/VJ127,A656,A320,HAN-SGN,,08:10,,08:10,,08:09,08:10,08:20,,,ONTIME,ONTIME,ONTIME,,,,,,,,,07:25,08:05,,,HAN,HAN,SGN,Domestic,VJ,,,,,,,,,,,,
,2026-04-20,____/VJ929,A525,A321,HAN-CGK,,08:40,,08:40,,08:39,08:40,08:42,,,ONTIME,ONTIME,ONTIME,,,,,,,,,07:55,08:35,,,HAN,HAN,CGK,International,VJ,,,,,,,,,,,,
,2026-04-20,VJ124/VJ129,A699,A320,SGN-HAN-SGN,08:15,08:45,08:15,08:45,08:10,08:44,08:45,08:50,00:30,00:35,ONTIME,ONTIME,ONTIME,ONTIME,,,,,,,,08:10,08:40,,,HAN,SGN,SGN,Domestic,VJ,,,,,,,,,,,,
,2026-04-20,____/VJ447,A663,A320,HAN-PQC,,08:45,,08:45,,08:39,08:40,08:45,,,EARLY,ONTIME,ONTIME,,,,,,,,,08:00,08:35,,,HAN,HAN,PQC,Domestic,VJ,,,,,,,,,,,,
,2026-04-20,VJ7659/VJ7659,A580,A321,BQS-HAN-DAD,08:10,08:50,08:10,08:50,08:35,08:54,08:55,09:03,00:40,00:20,DELAY,ONTIME,ONTIME,DELAY,,93,00:05,,,,,,,X,TECHSTOP,HAN,BQS,DAD,Domestic,VJ,,,,,,,,,,,,
,2026-04-20,____/VJ505,A544,A321,HAN-DAD,,09:05,,09:05,,09:04,09:05,09:07,,,ONTIME,ONTIME,ONTIME,,,,,,,,,08:20,09:00,,,HAN,HAN,DAD,Domestic,VJ,,,,,,,,,,,,
,2026-04-20,____/VJ563,A698,A321,HAN-HUI,,09:20,,09:20,,09:17,09:18,09:19,,,EARLY,ONTIME,ONTIME,,,,,,,,,08:35,09:15,,,HAN,HAN,HUI,Domestic,VJ,,,,,,,,,,,,
,2026-04-20,____/VJ915,A546,A321,HAN-SIN,,09:35,,09:35,,09:31,09:32,09:34,,,EARLY,ONTIME,ONTIME,,,,,,,,,08:50,09:28,,,HAN,HAN,SIN,International,VJ,,,,,,,,,,,,
,2026-04-20,VJ1926/VJ997,A545,A321,AMD-HAN-DPS,05:55,10:05,05:55,10:05,06:30,09:59,10:00,10:01,04:10,03:30,EARLY,ONTIME,ONTIME,DELAY,,,,,,,,09:20,09:55,,,HAN,AMD,DPS,International,VJ,,,,,,,,,,,,
,2026-04-20,VJ126/VJ131,A670,A321,SGN-HAN-SGN,09:40,10:10,09:40,10:10,09:40,10:09,10:10,10:20,00:30,00:30,ONTIME,ONTIME,ONTIME,ONTIME,,,,,,,,09:40,10:05,,,HAN,SGN,SGN,Domestic,VJ,,,,,,,,,,,,
,2026-04-20,____/VJ463,A689,A320,HAN-VCA,,10:20,,10:20,,10:19,10:20,10:30,,,ONTIME,ONTIME,ONTIME,,,,,,,,,09:35,10:15,,,HAN,HAN,VCA,Domestic,VJ,,,,,,,,,,,,
,2026-04-20,VJ770/VJ1427,A668,A320,CXR-HAN-PXU,09:55,10:30,09:55,10:30,10:25,10:54,10:55,11:00,00:35,00:30,DELAY,DELAY,DELAY,DELAY,,93,00:20,66,00:05,,,10:25,10:50,,CREW HN OB 1030,HAN,CXR,PXU,Domestic,VJ,,,,,,,,,,,,
,2026-04-20,____/VJ901,A641,A321,HAN-BKK,,11:10,,11:10,,11:02,11:03,11:04,,,EARLY,ONTIME,ONTIME,,,,,,,,,10:25,11:00,,,HAN,HAN,BKK,International,VJ,,,,,,,,,,,,
,2026-04-20,____/VJ507,A532,A321,HAN-DAD,,11:10,,11:10,,11:09,11:10,11:13,,,ONTIME,ONTIME,ONTIME,,,,,,,,,10:25,11:05,,,HAN,HAN,DAD,Domestic,VJ,,,,,,,,,,,,
,2026-04-20,VJ130/VJ133,A637,A321,SGN-HAN-SGN,10:50,11:20,10:50,11:20,11:00,11:29,11:30,11:35,00:30,00:30,DELAY,ONTIME,ONTIME,ONTIME,,93,00:10,,,,,11:00,11:26,,,HAN,SGN,SGN,Domestic,VJ,,,,,,,,,,,,
,2026-04-20,VJ524/VJ451,A642,A321,DAD-HAN-PQC,10:40,11:45,10:40,11:45,10:50,11:39,11:40,11:44,01:05,00:50,EARLY,ONTIME,ONTIME,ONTIME,,,,,,,,11:00,11:35,,,HAN,DAD,PQC,Domestic,VJ,,,,,,,,,,,,
,2026-04-20,VJ492/VJ515,A672,A320,BMV-HAN-DAD,10:00,12:10,10:00,12:10,10:00,12:07,12:08,12:15,02:10,02:08,EARLY,ONTIME,ONTIME,ONTIME,,,,,,,,11:10,12:04,,,HAN,BMV,DAD,Domestic,VJ,,,,,,,,,,,,
,2026-04-20,VJ128/VJ137,A675,A320,SGN-HAN-SGN,11:50,12:20,11:50,12:20,12:10,12:44,12:45,12:50,00:30,00:35,DELAY,DELAY,DELAY,DELAY,,93,00:15,66,00:10,,,12:15,12:40,,CREW HN OB 1220,HAN,SGN,SGN,Domestic,VJ,,,,,,,,,,,,
,2026-04-20,VJ564/VJ787,A698,A321,HUI-HAN-CXR,12:20,13:10,12:20,13:10,12:30,13:04,13:05,13:06,00:50,00:35,EARLY,ONTIME,ONTIME,ONTIME,,,,,,,,12:30,13:00,,,HAN,HUI,CXR,Domestic,VJ,,,,,,,,,,,,
,2026-04-20,VJ981/VJ948,A630,A321,PUS-HAN-RMQ,10:40,13:30,10:40,13:30,10:21,13:17,13:18,13:28,02:50,02:57,EARLY,ONTIME,ONTIME,ONTIME,,,,,,,,12:45,13:15,,,HAN,PUS,RMQ,International,VJ,,,,,,,,,,,,
,2026-04-20,VJ134/VJ441,A656,A320,PQC-HAN-PQC,13:30,14:00,13:30,14:00,13:30,14:09,14:10,14:15,00:30,00:40,DELAY,ONTIME,ONTIME,ONTIME,,66,00:05,15A,00:05,,,13:25,14:05,,CREW HN OB 1340/OFFLOAD 10 PAX 6 BAGS,HAN,PQC,PQC,Domestic,VJ,,,,,,,,,,,,
,2026-04-20,VJ939/VJ525,A548,A321,KIX-HAN-DAD,12:20,14:05,12:20,14:05,12:45,14:03,14:05,14:11,01:45,01:20,ONTIME,ONTIME,ONTIME,DELAY,,,,,,,,13:20,14:00,,,HAN,KIX,DAD,Domestic,VJ,,,,,,,,,,,,
,2026-04-20,VJ1780/VJ143,A812,A330,CXR-HAN-SGN,09:10,14:05,09:10,14:05,10:20,15:19,15:20,15:27,04:55,05:00,DELAY,DELAY,DELAY,DELAY,,41,01:15,,,,,13:05,13:57,,,HAN,CXR,SGN,Domestic,VJ,,,,,,,,,,,,
,2026-04-20,VJ921/VJ942,A697,A321,NGO-HAN-TPE,12:50,14:25,12:50,14:25,12:50,14:24,14:25,14:29,01:35,01:35,ONTIME,ONTIME,ONTIME,ONTIME,,,,,,,,13:40,14:20,,,HAN,NGO,TPE,International,VJ,,,,,,,,,,,,
,2026-04-20,VJ933/VJ946,A523,A321,NRT-HAN-KHH,13:05,14:35,13:05,14:35,13:25,14:23,14:24,14:30,01:30,00:59,EARLY,ONTIME,ONTIME,DELAY,,,,,,,,13:50,14:20,,,HAN,NRT,KHH,International,VJ,,,,,,,,,,,,
,2026-04-20,VJ1504/VJ1505,A673,A321,DAD-HAN-DAD,14:00,14:35,14:00,14:35,14:20,14:49,14:50,14:50,00:35,00:30,DELAY,ONTIME,ONTIME,DELAY,,93,00:15,,,,,14:20,14:45,,,HAN,DAD,DAD,Domestic,VJ,,,,,,,,,,,,
,2026-04-20,VJ510/VJ511,A532,A321,DAD-HAN-DAD,14:35,15:05,14:35,15:05,14:50,15:19,15:20,15:29,00:30,00:30,DELAY,ONTIME,DELAY,ONTIME,,93,00:15,,,,,14:50,15:15,,,HAN,DAD,DAD,Domestic,VJ,,,,,,,,,,,,
,2026-04-20,VJ1428/VJ439,A668,A320,PXU-HAN-UIH,14:15,15:40,14:15,15:40,14:47,15:26,15:28,15:30,01:25,00:41,EARLY,ONTIME,ONTIME,DELAY,,,,,,,,14:55,15:24,,,HAN,PXU,UIH,Domestic,VJ,,,,,,,,,,,,
,2026-04-20,VJ138/VJ147,A522,A321,SGN-HAN-SGN,15:15,15:45,15:15,15:45,15:45,16:08,16:10,16:13,00:30,00:25,DELAY,DELAY,DELAY,DELAY,,,,,,,,15:40,16:07,,,HAN,SGN,SGN,Domestic,VJ,,,,,,,,,,,,
,2026-04-20,VJ464/VJ567,A689,A320,VCA-HAN-HUI,15:10,15:55,15:10,15:55,15:30,15:54,15:55,15:59,00:45,00:25,ONTIME,ONTIME,ONTIME,DELAY,,,,,,,,15:30,15:52,,,HAN,VCA,HUI,Domestic,VJ,,,,,,,,,,,,
,2026-04-20,VJ961/VJ773,A651,A321,ICN-HAN-CXR,13:35,16:00,13:35,16:00,13:35,16:38,16:40,16:41,02:25,03:05,DELAY,DELAY,DELAY,ONTIME,,,,,,,,15:25,15:55,,DL41 TECHNICAL CHECK (FLIGHT CONTROL SYSTEM),HAN,ICN,CXR,Domestic,VJ,,,,,,,,,,,,
,2026-04-20,VJ440/VJ913,A663,A320,SGN-HAN-SAI,13:30,16:20,13:30,16:20,13:55,16:11,16:12,16:21,02:50,02:17,EARLY,ONTIME,ONTIME,DELAY,,,,,,,,15:40,16:10,,,HAN,SGN,SAI,International,VJ,,,,,,,,,,,,
,2026-04-20,VJ508/VJ1513,A672,A320,DAD-HAN-DAD,15:25,16:35,15:25,16:35,15:35,16:29,16:30,16:31,01:10,00:55,EARLY,ONTIME,ONTIME,ONTIME,,,,,,,,16:00,16:25,,,HAN,DAD,DAD,Domestic,VJ,,,,,,,,,,,,
,2026-04-20,VJ140/VJ151,A670,A321,SGN-HAN-SGN,16:20,16:50,16:20,16:50,16:15,16:48,16:50,16:54,00:30,00:35,ONTIME,ONTIME,ONTIME,ONTIME,,,,,,,,16:15,16:42,,,HAN,SGN,SGN,Domestic,VJ,,,,,,,,,,,,
,2026-04-20,VJ136/VJ465,A669,A320,SGN-HAN-VCA,14:10,17:00,14:10,17:00,14:27,16:58,17:00,17:02,02:50,02:33,ONTIME,ONTIME,ONTIME,DELAY,,,,,,,,16:15,16:58,,,HAN,SGN,VCA,Domestic,VJ,,,,,,,,,,,,
,2026-04-20,VJ902/VJ495,A641,A321,BKK-HAN-BMV,15:50,17:30,15:50,17:30,15:55,17:27,17:28,17:32,01:40,01:33,EARLY,ONTIME,ONTIME,ONTIME,,,,,,,,16:45,17:25,,,HAN,BKK,BMV,Domestic,VJ,,,,,,,,,,,,
,2026-04-20,VJ454/VJ517,A642,A321,PQC-HAN-DAD,16:45,17:45,16:45,17:45,16:40,17:30,17:31,17:32,01:00,00:51,EARLY,ONTIME,ONTIME,ONTIME,,,,,,,,16:55,17:28,,,HAN,PQC,DAD,Domestic,VJ,,,,,,,,,,,,
,2026-04-20,VJ916/VJ521,A546,A321,SIN-HAN-DAD,17:25,18:45,17:25,18:45,17:10,18:44,18:45,18:52,01:20,01:35,ONTIME,ONTIME,ONTIME,ONTIME,,,,,,,,18:00,18:42,,,HAN,SIN,DAD,Domestic,VJ,,,,,,,,,,,,
,2026-04-20,VJ144/VJ1127,A675,A320,SGN-HAN-SGN,18:05,19:20,18:05,19:20,18:20,19:13,19:15,19:29,01:15,00:55,EARLY,ONTIME,ONTIME,ONTIME,,,,,,,,18:29,19:12,,,HAN,SGN,SGN,Domestic,VJ,,,,,,,,,,,,
,2026-04-20,VJ442/VJ523,A656,A320,PQC-HAN-DAD,18:45,19:40,18:45,19:40,19:35,19:59,20:00,20:10,00:55,00:25,DELAY,DELAY,DELAY,DELAY,,93,00:20,,,,,19:35,19:57,,,HAN,PQC,DAD,Domestic,VJ,,,,,,,,,,,,
,2026-04-20,VJ568/VJ7712,A689,A320,HUI-HAN-PKX,18:55,19:55,18:55,19:55,18:55,19:38,19:40,19:45,01:00,00:45,EARLY,ONTIME,ONTIME,ONTIME,,,,,,,,19:05,19:36,,,HAN,HUI,PKX,International,VJ,,,,,,,,,,,,
,2026-04-20,VJ446/VJ907,A547,A321,PQC-HAN-BOM,16:20,20:05,16:20,20:05,16:20,19:54,19:55,20:00,03:45,03:35,EARLY,ONTIME,ONTIME,ONTIME,,,,,,,,19:20,19:45,,,HAN,PQC,BOM,International,VJ,,,,,,,,,,,,
,2026-04-20,VJ146/VJ457,A580,A321,SGN-HAN-PQC,18:55,20:05,18:55,20:05,19:15,20:04,20:05,20:11,01:10,00:50,ONTIME,ONTIME,ONTIME,DELAY,,,,,,,,19:20,20:00,,,HAN,SGN,PQC,Domestic,VJ,,,,,,,,,,,,
,2026-04-20,____/VJ159,A535,A321,HAN-SGN,,20:10,,20:10,,20:09,20:10,20:15,,,ONTIME,ONTIME,ONTIME,,,,,,,,,19:30,20:07,,,HAN,HAN,SGN,Domestic,VJ,,,,,,,,,,,,
,2026-04-20,VJ438/VJ7238,A668,A320,UIH-HAN-PVG,19:25,21:15,19:25,21:15,19:15,21:14,21:15,21:18,01:50,02:00,ONTIME,ONTIME,ONTIME,ONTIME,,,,,,,,20:25,21:12,,,HAN,UIH,PVG,International,VJ,,,,,,,,,,,,
,2026-04-20,VJ154/VJ163,A649,A321,SGN-HAN-SGN,20:55,21:25,20:55,21:25,21:10,21:39,21:40,21:48,00:30,00:30,DELAY,ONTIME,DELAY,ONTIME,,93,00:15,,,,,21:10,21:38,,,HAN,SGN,SGN,Domestic,VJ,,,,,,,,,,,,
,2026-04-20,VJ947/VJ7526,A523,A321,KHH-HAN-CAN,20:35,22:30,20:35,22:30,20:40,22:34,22:35,22:43,01:55,01:55,DELAY,ONTIME,ONTIME,ONTIME,,99,00:05,,,,,21:50,22:34,,LATE ACCPET 01 PAX INAD,HAN,KHH,CAN,International,VJ,,,,,,,,,,,,
,2026-04-21,____/VJ938,A525,A321,HAN-KIX,,01:20,,01:20,,01:09,01:10,01:11,,,EARLY,ONTIME,ONTIME,,,,,,,,,00:35,01:37,,,HAN,HAN,KIX,International,VJ,,,,,,,,,,,,
,2026-04-21,____/VJ960,A532,A321,HAN-ICN,,01:40,,01:40,,01:39,01:40,01:42,,,ONTIME,ONTIME,ONTIME,,,,,,,,,00:55,01:37,,,HAN,HAN,ICN,International,VJ,,,,,,,,,,,,
,2026-04-21,____/VJ920,A548,A321,HAN-NGO,,01:40,,01:40,,01:34,01:35,01:38,,,EARLY,ONTIME,ONTIME,,,,,,,,,00:55,01:32,,,HAN,HAN,NGO,International,VJ,,,,,,,,,,,,
,2026-04-21,____/VJ958,A630,A321,HAN-FUK,,02:05,,02:05,,01:44,01:45,01:10,,,EARLY,ONTIME,ONTIME,,,,,,,,,01:10,01:42,,,HAN,HAN,FUK,International,VJ,,,,,,,,,,,,
,2026-04-21,____/VJ123,A544,A321,HAN-SGN,,05:30,,05:30,,05:24,05:25,05:33,,,EARLY,ONTIME,ONTIME,,,,,,,,,04:50,05:22,,,HAN,HAN,SGN,Domestic,VJ,,,,,,,,,,,,
,2026-04-21,____/VJ771,A663,A320,HAN-CXR,,05:45,,05:45,,05:39,05:40,05:44,,,EARLY,ONTIME,ONTIME,,,,,,,,,05:00,05:38,,,HAN,HAN,CXR,Domestic,VJ,,,,,,,,,,,,
,2026-04-21,____/VJ121,A669,A320,HAN-SGN,,06:00,,06:00,,05:54,05:55,05:57,,,EARLY,ONTIME,ONTIME,,,,,,,,,05:10,05:47,,,HAN,HAN,SGN,Domestic,VJ,,,,,,,,,,,,
,2026-04-21,____/VJ491,A641,A321,HAN-BMV,,06:00,,06:00,,05:54,05:55,06:00,,,EARLY,ONTIME,ONTIME,,,,,,,,,05:10,05:50,,,HAN,HAN,BMV,Domestic,VJ,,,,,,,,,,,,
,2026-04-21,____/VJ952,A656,A320,HAN-HIJ,,06:15,,06:15,,06:09,06:10,06:16,,,EARLY,ONTIME,ONTIME,,,,,,,,,05:22,06:06,,,HAN,HAN,HIJ,International,VJ,,,,,,,,,,,,
,2026-04-21,____/VJ125,A672,A320,HAN-SGN,,07:00,,07:00,,06:54,06:55,07:05,,,EARLY,ONTIME,ONTIME,,,,,,,,,06:10,06:52,,,HAN,HAN,SGN,Domestic,VJ,,,,,,,,,,,,
,2026-04-21,____/VJ421,A545,A321,HAN-PXU,,07:10,,07:10,,07:04,07:05,07:10,,,EARLY,ONTIME,ONTIME,,,,,,,,,06:25,07:02,,,HAN,HAN,PXU,Domestic,VJ,,,,,,,,,,,,
,2026-04-21,____/VJ197,A648,A321,HAN-SGN,,07:20,,07:20,,07:11,07:12,07:14,,,EARLY,ONTIME,ONTIME,,,,,,,,,06:35,07:09,,,HAN,HAN,SGN,Domestic,VJ,,,,,,,,,,,,
,2026-04-21,____/VJ905,A675,A320,HAN-KUL,,07:25,,07:25,,07:19,07:20,07:25,,,EARLY,ONTIME,ONTIME,,,,,,,,,06:35,07:15,,,HAN,HAN,KUL,International,VJ,,,,,,,,,,,,
,2026-04-21,____/VJ503,A632,A321,HAN-DAD,,07:30,,07:30,,07:24,07:25,07:33,,,EARLY,ONTIME,ONTIME,,,,,,,,,06:40,07:22,,,HAN,HAN,DAD,Domestic,VJ,,,,,,,,,,,,
,2026-04-21,VJ7527/VJ934,A523,A321,CAN-HAN-NRT,03:05,07:55,03:05,07:55,03:45,07:49,07:50,07:55,04:50,04:05,EARLY,ONTIME,ONTIME,DELAY,,,,,,,,07:04,07:47,,,HAN,CAN,NRT,International,VJ,,,,,,,,,,,,
,2026-04-21,VJ7239/VJ127,A668,A320,PVG-HAN-SGN,04:50,08:10,04:50,08:10,05:00,08:04,08:05,08:10,03:20,03:05,EARLY,ONTIME,ONTIME,ONTIME,,,,,,,,07:30,08:01,,,HAN,PVG,SGN,Domestic,VJ,,,,,,,,,,,,
,2026-04-21,____/VJ129,A640,A321,HAN-SGN,,08:45,,08:45,,08:44,08:45,08:50,,,ONTIME,ONTIME,ONTIME,,,,,,,,,08:25,08:43,,,HAN,HAN,SGN,Domestic,VJ,,,,,,,,,,,,
,2026-04-21,____/VJ447,A674,A321,HAN-PQC,,08:45,,08:45,,08:42,08:43,08:45,,,EARLY,ONTIME,ONTIME,,,,,,,,,07:55,08:40,,,HAN,HAN,PQC,Domestic,VJ,,,,,,,,,,,,
,2026-04-21,____/VJ1781,A815,A330,HAN-CXR,,09:10,,09:10,,09:05,09:06,09:10,,,EARLY,ONTIME,ONTIME,,,,,,,,,08:30,09:02,,,HAN,HAN,CXR,Domestic,VJ,,,,,,,,,,,,
,2026-04-21,VJ124/VJ563,A639,A321,SGN-HAN-HUI,08:15,09:20,08:15,09:20,08:05,09:14,09:15,09:17,01:05,01:10,EARLY,ONTIME,ONTIME,ONTIME,,,,,,,,08:30,09:12,,,HAN,SGN,HUI,Domestic,VJ,,,,,,,,,,,,
,2026-04-21,____/VJ131,A536,A321,HAN-SGN,,10:10,,10:10,,10:01,10:02,10:11,,,EARLY,ONTIME,ONTIME,,,,,,,,,09:25,10:00,,,HAN,HAN,SGN,Domestic,VJ,,,,,,,,,,,,
,2026-04-21,____/VJ463,A689,A320,HAN-VCA,,10:20,,10:20,,10:19,10:20,10:25,,,ONTIME,ONTIME,ONTIME,,,,,,,,,09:35,10:16,,,HAN,HAN,VCA,Domestic,VJ,,,,,,,,,,,,
,2026-04-21,VJ492/VJ1427,A641,A321,BMV-HAN-PXU,10:00,10:30,10:00,10:30,09:55,10:29,10:30,10:36,00:30,00:35,ONTIME,ONTIME,ONTIME,ONTIME,,,,,,,,10:00,10:27,,,HAN,BMV,PXU,Domestic,VJ,,,,,,,,,,,,
,2026-04-21,____/VJ901,A521,A321,HAN-BKK,,11:10,,11:10,,11:04,11:05,11:13,,,EARLY,ONTIME,ONTIME,,,,,,,,,10:27,11:00,,,HAN,HAN,BKK,International,VJ,,,,,,,,,,,,
,2026-04-21,VJ524/VJ507,A632,A321,DAD-HAN-DAD,10:40,11:10,10:40,11:10,10:55,11:24,11:25,11:35,00:30,00:30,DELAY,ONTIME,DELAY,ONTIME,,93,00:15,,,,,10:50,11:27,,,HAN,DAD,DAD,Domestic,VJ,,,,,,,,,,,,
,2026-04-21,VJ130/VJ133,A662,A320,SGN-HAN-SGN,10:50,11:20,10:50,11:20,11:10,11:39,11:40,11:41,00:30,00:30,DELAY,DELAY,DELAY,DELAY,,93,00:15,66,00:05,,,11:20,11:35,,CREW HN OB 1121 DUE TO A/C LATE ARR,HAN,SGN,SGN,Domestic,VJ,,,,,,,,,,,,
,2026-04-21,VJ422/VJ451,A545,A321,PXU-HAN-PQC,10:50,11:45,10:50,11:45,10:50,11:41,11:42,11:50,00:55,00:52,EARLY,ONTIME,ONTIME,ONTIME,,,,,,,,10:55,11:40,,,HAN,PXU,PQC,Domestic,VJ,,,,,,,,,,,,
,2026-04-21,____/VJ515,A642,A321,HAN-DAD,,12:10,,12:10,,12:08,12:10,12:11,,,ONTIME,ONTIME,ONTIME,,,,,,,,,11:25,12:07,,,HAN,HAN,DAD,Domestic,VJ,,,,,,,,,,,,
,2026-04-21,VJ128/VJ137,A672,A320,SGN-HAN-SGN,11:50,12:20,11:50,12:35,12:30,12:54,12:55,13:10,00:45,00:25,DELAY,DELAY,DELAY,DELAY,,93,00:20,,,,,12:30,12:52,,,HAN,SGN,SGN,Domestic,VJ,,,,,,,,,,,,
,2026-04-21,VJ564/VJ787,A639,A321,HUI-HAN-CXR,12:20,13:10,12:20,13:10,12:25,12:58,13:00,13:00,00:50,00:35,EARLY,ONTIME,ONTIME,ONTIME,,,,,,,,12:25,12:56,,,HAN,HUI,CXR,Domestic,VJ,,,,,,,,,,,,
,2026-04-21,VJ939/VJ948,A525,A321,KIX-HAN-RMQ,12:20,13:30,12:20,13:45,13:10,13:49,13:50,14:00,01:25,00:40,DELAY,ONTIME,DELAY,DELAY,,15A,00:05,,,,,13:29,13:48,,OFFLOAD 02PAX 03BAGS,HAN,KIX,RMQ,International,VJ,,,,,,,,,,,,
,2026-04-21,VJ440/VJ441,A674,A321,PQC-HAN-PQC,13:30,14:00,13:30,14:20,13:50,14:19,14:20,14:30,00:50,00:30,ONTIME,ONTIME,DELAY,DELAY,,,,,,,,13:50,14:18,,,HAN,PQC,PQC,Domestic,VJ,,,,,,,,,,,,
,2026-04-21,VJ921/VJ525,A548,A321,NGO-HAN-DAD,12:50,14:05,12:50,14:05,13:05,14:04,14:05,14:10,01:15,01:00,ONTIME,ONTIME,ONTIME,ONTIME,,,,,,,,13:20,14:00,,,HAN,NGO,DAD,Domestic,VJ,,,,,,,,,,,,
,2026-04-21,VJ134/VJ143,A668,A320,SGN-HAN-SGN,13:30,14:15,13:30,14:15,13:30,14:14,14:15,14:20,00:45,00:45,ONTIME,ONTIME,ONTIME,ONTIME,,,,,,,,13:45,14:12,,,HAN,SGN,SGN,Domestic,VJ,,,,,,,,,,,,
,2026-04-21,VJ981/VJ141,A651,A321,PUS-HAN-SGN,10:40,14:30,10:40,14:30,10:30,14:24,14:25,14:28,03:50,03:55,EARLY,ONTIME,ONTIME,ONTIME,,,,,,,,13:40,14:22,,,HAN,PUS,SGN,Domestic,VJ,,,,,,,,,,,,
,2026-04-21,VJ933/VJ946,A538,A321,NRT-HAN-KHH,13:05,14:35,13:05,14:35,13:45,14:34,14:35,14:45,01:30,00:50,ONTIME,ONTIME,ONTIME,DELAY,,,,,,,,14:05,14:25,,,HAN,NRT,KHH,International,VJ,,,,,,,,,,,,
,2026-04-21,VJ1504/VJ1505,A637,A321,DAD-HAN-DAD,14:00,14:35,14:00,15:00,14:30,14:59,15:00,15:05,01:00,00:30,ONTIME,ONTIME,DELAY,DELAY,,,,,,,,14:20,14:55,,,HAN,DAD,DAD,Domestic,VJ,,,,,,,,,,,,
,2026-04-21,VJ1428/VJ511,A641,A321,PXU-HAN-DAD,14:15,15:20,14:15,15:20,14:10,15:19,15:20,15:29,01:05,01:10,ONTIME,ONTIME,ONTIME,ONTIME,,,,,,,,14:30,15:18,,,HAN,PXU,DAD,Domestic,VJ,,,,,,,,,,,,
,2026-04-21,VJ961/VJ439,A532,A321,ICN-HAN-UIH,13:35,15:40,13:35,15:40,13:40,15:39,15:40,15:45,02:05,02:00,ONTIME,ONTIME,ONTIME,ONTIME,,,,,,,,14:55,15:34,,,HAN,ICN,UIH,Domestic,VJ,,,,,,,,,,,,
,2026-04-21,VJ138/VJ147,A676,A320,SGN-HAN-SGN,15:15,15:45,15:15,15:45,15:15,15:44,15:45,15:50,00:30,00:30,ONTIME,ONTIME,ONTIME,ONTIME,,,,,,,,15:15,15:40,,,HAN,SGN,SGN,Domestic,VJ,,,,,,,,,,,,
,2026-04-21,VJ464/VJ567,A689,A320,VCA-HAN-HUI,15:10,15:55,15:10,15:55,15:25,15:54,15:55,16:00,00:45,00:30,ONTIME,ONTIME,ONTIME,ONTIME,,,,,,,,15:25,15:52,,,HAN,VCA,HUI,Domestic,VJ,,,,,,,,,,,,
,2026-04-21,VJ508/VJ773,A642,A321,DAD-HAN-CXR,15:25,16:00,15:25,16:00,15:45,16:11,16:13,16:15,00:35,00:28,DELAY,ONTIME,ONTIME,DELAY,,93,00:13,,,,,15:45,16:08,,,HAN,DAD,CXR,Domestic,VJ,,,,,,,,,,,,
,2026-04-21,VJ906/VJ913,A675,A320,KUL-HAN-SAI,14:40,16:20,14:40,16:20,14:55,16:05,16:06,16:20,01:40,01:11,EARLY,ONTIME,ONTIME,ONTIME,,,,,,,,15:30,16:02,,,HAN,KUL,SAI,International,VJ,,,,,,,,,,,,
,2026-04-21,VJ959/VJ7866,A630,A321,FUK-HAN-DYG,11:45,16:30,11:45,16:30,12:30,16:16,16:17,16:25,04:45,03:47,EARLY,ONTIME,ONTIME,DELAY,,,,,,,,15:50,16:14,,,HAN,FUK,DYG,International,VJ,,,,,,,,,,,,
,2026-04-21,VJ5068/VJ5068,A516,A321,CXR-HAN-NOZ,16:25,16:55,16:25,16:55,16:50,17:19,17:20,17:24,00:30,00:30,DELAY,DELAY,DELAY,DELAY,,93,00:25,,,,,,,X,TECHSTOP,HAN,CXR,NOZ,International,VJ,,,,,,,,,,,,
,2026-04-21,VJ510/VJ465,A632,A321,DAD-HAN-VCA,14:35,17:00,14:35,17:00,14:50,16:58,16:59,17:00,02:25,02:09,EARLY,ONTIME,ONTIME,ONTIME,,,,,,,,16:10,16:55,,,HAN,DAD,VCA,Domestic,VJ,,,,,,,,,,,,
,2026-04-21,VJ3089/VJ3089,A200,A321,NQZ-HAN-DAD,13:20,17:20,13:20,19:00,16:20,18:59,19:00,19:15,05:40,02:40,ONTIME,ONTIME,DELAY,DELAY,,,,,,,,,,,FERRY,HAN,NQZ,DAD,Domestic,VJ,,,,,,,,,,,,
,2026-04-21,VJ140/VJ495,A662,A320,SGN-HAN-BMV,16:20,17:30,16:20,17:30,16:50,17:29,17:30,17:33,01:10,00:40,ONTIME,ONTIME,ONTIME,DELAY,,,,,,,,16:53,17:25,,,HAN,SGN,BMV,Domestic,VJ,,,,,,,,,,,,
,2026-04-21,VJ528/VJ517,A548,A321,DAD-HAN-DAD,17:25,18:05,17:25,18:05,17:30,18:04,18:05,18:08,00:40,00:35,ONTIME,ONTIME,ONTIME,ONTIME,,,,,,,,17:30,18:00,,,HAN,DAD,DAD,Domestic,VJ,,,,,,,,,,,,
,2026-04-21,VJ774/VJ1153,A685,A321,CXR-HAN-SGN,17:30,18:15,17:30,18:15,17:50,18:34,18:35,18:40,00:45,00:45,DELAY,DELAY,DELAY,DELAY,,93,00:05,66,00:10,87,00:05,17:50,18:32,,CREW OB 1800- STUCK AT PBB,HAN,CXR,SGN,Domestic,VJ,,,,,,,,,,,,
,2026-04-21,VJ512/VJ521,A641,A321,DAD-HAN-DAD,18:35,19:10,18:35,19:30,18:55,19:23,19:24,19:26,00:55,00:29,EARLY,ONTIME,DELAY,DELAY,,,,,,,,18:55,19:21,,,HAN,DAD,DAD,Domestic,VJ,,,,,,,,,,,,
,2026-04-21,VJ454/VJ1127,A545,A321,PQC-HAN-SGN,16:45,19:20,16:45,19:20,16:55,19:19,19:20,19:35,02:35,02:25,ONTIME,ONTIME,ONTIME,ONTIME,,,,,,,,18:25,19:18,,,HAN,PQC,SGN,Domestic,VJ,,,,,,,,,,,,
,2026-04-21,VJ144/VJ971,A812,A330,SGN-HAN-DEL,18:05,19:40,18:05,19:40,18:25,19:35,19:37,19:44,01:35,01:12,EARLY,ONTIME,ONTIME,DELAY,,,,,,,,19:00,19:32,,,HAN,SGN,DEL,International,VJ,,,,,,,,,,,,
,2026-04-21,VJ568/VJ523,A689,A320,HUI-HAN-DAD,18:55,19:40,18:55,19:40,19:05,19:39,19:40,19:50,00:45,00:35,ONTIME,ONTIME,ONTIME,ONTIME,,,,,,,,19:15,19:37,,,HAN,HUI,DAD,Domestic,VJ,,,,,,,,,,,,
,2026-04-21,VJ902/VJ1925,A521,A321,BKK-HAN-AMD,15:50,19:45,15:50,19:45,16:10,19:38,19:39,19:48,03:55,03:29,EARLY,ONTIME,ONTIME,DELAY,,,,,,,,19:00,19:35,,,HAN,BKK,AMD,International,VJ,,,,,,,,,,,,
,2026-04-21,VJ154/VJ163,A676,A320,SGN-HAN-SGN,20:55,21:25,20:55,21:25,21:05,21:29,21:30,21:40,00:30,00:25,DELAY,ONTIME,ONTIME,ONTIME,,93,00:05,,,,,21:05,21:26,,,HAN,SGN,SGN,Domestic,VJ,,,,,,,,,,,,
,2026-04-22,____/VJ932,A525,A321,HAN-NRT,,00:30,,00:30,,00:24,00:25,00:28,,,EARLY,ONTIME,ONTIME,,,,,,,,,23:40,00:22,,,HAN,HAN,NRT,International,VJ,,,,,,,,,,,,
,2026-04-22,VJ2978/VJ2978,A537,A321,CXR-HAN-VVO,00:15,00:45,00:15,00:45,00:30,00:59,01:00,01:02,00:30,00:30,DELAY,ONTIME,DELAY,ONTIME,,93,00:15,,,,,,,X,TECHSTOP,HAN,CXR,VVO,International,VJ,,,,,,,,,,,,
,2026-04-22,____/VJ982,A532,A321,HAN-PUS,,01:05,,01:05,,00:58,00:59,01:03,,,EARLY,ONTIME,ONTIME,,,,,,,,,00:15,00:55,,,HAN,HAN,PUS,International,VJ,,,,,,,,,,,,
,2026-04-22,____/VJ938,A534,A321,HAN-KIX,,01:20,,01:20,,01:24,01:25,01:33,,,DELAY,ONTIME,ONTIME,,,15A,00:05,,,,,00:30,01:19,,OFFLOAD 01PAX 01BAG,HAN,HAN,KIX,International,VJ,,,,,,,,,,,,
,2026-04-22,____/VJ920,A674,A321,HAN-NGO,,01:40,,01:40,,01:32,01:33,01:35,,,EARLY,ONTIME,ONTIME,,,,,,,,,00:50,01:30,,,HAN,HAN,NGO,International,VJ,,,,,,,,,,,,
,2026-04-22,____/VJ960,A648,A321,HAN-ICN,,01:40,,01:40,,01:32,01:33,01:34,,,EARLY,ONTIME,ONTIME,,,,,,,,,00:50,01:30,,,HAN,HAN,ICN,International,VJ,,,,,,,,,,,,
,2026-04-22,VJ3523/VJ3523,A575,A321,PQC-HAN-KHV,23:55,00:25,23:55,01:40,23:50,01:01,01:02,01:25,01:45,01:12,EARLY,ONTIME,DELAY,ONTIME,,,,,,,,,,X,TECHSTOP,HAN,PQC,KHV,International,VJ,,,,,,,,,,,,
,2026-04-22,VJ7614/VJ7614,A554,A321,CXR-HAN-BQS,00:45,01:15,00:45,02:15,01:55,02:24,02:25,02:28,01:30,00:30,DELAY,ONTIME,DELAY,DELAY,,93,00:10,,,,,,,X,TECHSTOP,HAN,CXR,BQS,International,VJ,,,,,,,,,,,,
,2026-04-22,____/VJ123,A669,A320,HAN-SGN,,05:30,,05:30,,05:24,05:25,05:34,,,EARLY,ONTIME,ONTIME,,,,,,,,,04:45,05:20,,,HAN,HAN,SGN,Domestic,VJ,,,,,,,,,,,,
,2026-04-22,____/VJ771,A634,A321,HAN-CXR,,05:45,,05:45,,05:39,05:40,05:50,,,EARLY,ONTIME,ONTIME,,,,,,,,,05:00,05:35,,,HAN,HAN,CXR,Domestic,VJ,,,,,,,,,,,,
,2026-04-22,____/VJ121,A630,A321,HAN-SGN,,06:00,,06:00,,05:54,05:55,06:00,,,EARLY,ONTIME,ONTIME,,,,,,,,,05:15,05:50,,,HAN,HAN,SGN,Domestic,VJ,,,,,,,,,,,,
,2026-04-22,____/VJ491,A668,A320,HAN-BMV,,06:00,,06:00,,05:54,05:55,06:00,,,EARLY,ONTIME,ONTIME,,,,,,,,,05:15,05:50,,,HAN,HAN,BMV,Domestic,VJ,,,,,,,,,,,,
,2026-04-22,VJ5069/VJ5069,A516,A321,NOZ-HAN-CXR,08:30,06:45,06:15,06:45,06:50,07:17,07:18,07:21,00:30,00:28,DELAY,DELAY,DELAY,ONTIME,,93,00:33,,,,,,,X,TECHSTOP,HAN,NOZ,CXR,Domestic,VJ,,,,,,,,,,,,
,2026-04-22,____/VJ125,A656,A320,HAN-SGN,,07:00,,07:00,,06:47,06:48,06:50,,,EARLY,ONTIME,ONTIME,,,,,,,,,06:15,06:45,,,HAN,HAN,SGN,Domestic,VJ,,,,,,,,,,,,
,2026-04-22,____/VJ503,A632,A321,HAN-DAD,,07:30,,07:30,,07:24,07:25,07:38,,,EARLY,ONTIME,ONTIME,,,,,,,,,06:40,07:22,,,HAN,HAN,DAD,Domestic,VJ,,,,,,,,,,,,
,2026-04-22,____/VJ934,A523,A321,HAN-NRT,,07:55,,07:55,,07:46,07:47,07:48,,,EARLY,ONTIME,ONTIME,,,,,,,,,07:05,07:43,,,HAN,HAN,NRT,International,VJ,,,,,,,,,,,,
,2026-04-22,VJ1926/VJ930,A521,A321,AMD-HAN-KIX,05:55,07:55,05:55,07:55,06:30,07:49,07:50,07:55,02:00,01:20,EARLY,ONTIME,ONTIME,DELAY,,,,,,,,07:00,07:47,,,HAN,AMD,KIX,International,VJ,,,,,,,,,,,,
,2026-04-22,____/VJ127,A697,A321,HAN-SGN,,08:10,,08:10,,08:09,08:10,08:20,,,ONTIME,ONTIME,ONTIME,,,,,,,,,07:30,08:07,,,HAN,HAN,SGN,Domestic,VJ,,,,,,,,,,,,
,2026-04-22,____/VJ929,A547,A321,HAN-CGK,,08:40,,08:40,,08:39,08:40,08:42,,,ONTIME,ONTIME,ONTIME,,,,,,,,,07:50,08:37,,,HAN,HAN,CGK,International,VJ,,,,,,,,,,,,
,2026-04-22,____/VJ447,A662,A320,HAN-PQC,,08:45,,08:45,,08:44,08:45,08:52,,,ONTIME,ONTIME,ONTIME,,,,,,,,,08:05,08:43,,,HAN,HAN,PQC,Domestic,VJ,,,,,,,,,,,,
,2026-04-22,____/VJ505,A641,A321,HAN-DAD,,09:05,,09:05,,09:01,09:02,09:03,,,EARLY,ONTIME,ONTIME,,,,,,,,,08:15,09:00,,,HAN,HAN,DAD,Domestic,VJ,,,,,,,,,,,,
,2026-04-22,VJ124/VJ129,A811,A330,SGN-HAN-SGN,08:15,09:15,08:15,09:15,08:45,09:29,09:30,09:40,01:00,00:45,DELAY,ONTIME,DELAY,DELAY,,93,00:15,,,,,08:45,09:26,,,HAN,SGN,SGN,Domestic,VJ,,,,,,,,,,,,
,2026-04-22,____/VJ563,A675,A320,HAN-HUI,,09:20,,09:20,,09:19,09:20,09:25,,,ONTIME,ONTIME,ONTIME,,,,,,,,,08:30,09:16,,,HAN,HAN,HUI,Domestic,VJ,,,,,,,,,,,,
,2026-04-22,____/VJ915,A552,A321,HAN-SIN,,09:35,,09:35,,09:34,09:35,09:43,,,ONTIME,ONTIME,ONTIME,,,,,,,,,08:52,09:32,,,HAN,HAN,SIN,International,VJ,,,,,,,,,,,,
,2026-04-22,____/VJ431,A663,A320,HAN-UIH,,09:40,,09:40,,09:36,09:37,09:42,,,EARLY,ONTIME,ONTIME,,,,,,,,,09:00,09:33,,,HAN,HAN,UIH,Domestic,VJ,,,,,,,,,,,,
,2026-04-22,____/VJ997,A538,A321,HAN-DPS,,10:05,,10:05,,10:04,10:05,10:13,,,ONTIME,ONTIME,ONTIME,,,,,,,,,09:15,10:02,,,HAN,HAN,DPS,International,VJ,,,,,,,,,,,,
,2026-04-22,VJ126/VJ131,A549,A321,SGN-HAN-SGN,09:40,10:10,09:40,10:10,09:50,10:19,10:20,10:35,00:30,00:30,DELAY,ONTIME,DELAY,ONTIME,,93,00:10,,,,,09:50,10:15,,,HAN,SGN,SGN,Domestic,VJ,,,,,,,,,,,,
,2026-04-22,____/VJ463,A670,A321,HAN-VCA,,10:20,,10:20,,10:19,10:20,10:27,,,ONTIME,ONTIME,ONTIME,,,,,,,,,09:45,10:10,,,HAN,HAN,VCA,Domestic,VJ,,,,,,,,,,,,
,2026-04-22,____/VJ1427,A689,A320,HAN-PXU,,10:30,,10:30,,10:24,10:25,10:29,,,EARLY,ONTIME,ONTIME,,,,,,,,,09:45,10:20,,,HAN,HAN,PXU,Domestic,VJ,,,,,,,,,,,,
,2026-04-22,VJ770/VJ901,A629,A321,CXR-HAN-BKK,10:10,11:10,10:10,11:10,11:00,11:44,11:45,12:03,01:00,00:45,DELAY,DELAY,DELAY,DELAY,,93,00:20,66,00:05,41,00:10,11:15,11:42,,LATE ARR/CHANGE CREW OB 1115/TECH CHECK,HAN,CXR,BKK,International,VJ,,,,,,,,,,,,
,2026-04-22,VJ524/VJ507,A632,A321,DAD-HAN-DAD,10:40,11:10,10:40,11:10,11:15,11:44,11:45,12:03,00:30,00:30,DELAY,DELAY,DELAY,DELAY,,93,00:35,,,,,11:10,11:42,,,HAN,DAD,DAD,Domestic,VJ,,,,,,,,,,,,
,2026-04-22,VJ972/VJ1443,A812,A330,DEL-HAN-PQC,05:40,11:10,05:40,11:10,05:30,11:24,11:25,11:35,05:30,05:55,DELAY,ONTIME,DELAY,ONTIME,,13,00:15,,,,,10:25,11:20,,CHECKIN ERROR,HAN,DEL,PQC,Domestic,VJ,,,,,,,,,,,,
,2026-04-22,VJ130/VJ133,A655,A320,SGN-HAN-SGN,10:50,11:20,10:50,11:20,11:05,11:29,11:30,11:46,00:30,00:25,DELAY,ONTIME,DELAY,ONTIME,,93,00:10,,,,,10:55,11:29,,,HAN,SGN,SGN,Domestic,VJ,,,,,,,,,,,,
,2026-04-22,VJ981/VJ451,A532,A321,PUS-HAN-PQC,10:40,11:45,10:40,11:45,10:43,11:42,11:44,11:46,01:05,01:01,EARLY,ONTIME,ONTIME,ONTIME,,,,,,,,11:00,11:40,,,HAN,PUS,PQC,Domestic,VJ,,,,,,,,,,,,
,2026-04-22,VJ492/VJ515,A668,A320,BMV-HAN-DAD,10:00,12:10,10:00,12:10,10:15,12:06,12:07,12:15,02:10,01:52,EARLY,ONTIME,ONTIME,ONTIME,,,,,,,,11:30,12:04,,,HAN,BMV,DAD,Domestic,VJ,,,,,,,,,,,,
,2026-04-22,VJ128/VJ137,A656,A320,SGN-HAN-SGN,11:50,12:30,11:50,12:30,11:10,11:44,11:45,11:55,00:40,00:35,EARLY,ONTIME,ONTIME,ONTIME,,,,,,,,11:21,11:43,,,HAN,SGN,SGN,Domestic,VJ,,,,,,,,,,,,
,2026-04-22,VJ506/VJ787,A641,A321,DAD-HAN-CXR,12:15,13:10,12:15,13:10,12:30,13:06,13:07,13:09,00:55,00:37,EARLY,ONTIME,ONTIME,ONTIME,,,,,,,,12:30,13:00,,,HAN,DAD,CXR,Domestic,VJ,,,,,,,,,,,,
,2026-04-22,VJ2979/VJ2979,A537,A321,VVO-HAN-CXR,12:45,13:15,12:45,13:15,13:25,13:39,13:40,13:53,00:30,00:15,DELAY,DELAY,DELAY,DELAY,,93,00:25,,,,,,,X,TECHSTOP,HAN,VVO,CXR,Domestic,VJ,,,,,,,,,,,,
,2026-04-22,VJ939/VJ948,A534,A321,KIX-HAN-RMQ,12:20,13:30,12:20,13:30,12:36,13:29,13:30,13:42,01:10,00:54,ONTIME,ONTIME,ONTIME,DELAY,,,,,,,,12:50,13:27,,,HAN,KIX,RMQ,International,VJ,,,,,,,,,,,,
,2026-04-22,VJ440/VJ441,A662,A320,PQC-HAN-PQC,13:30,14:00,13:30,14:00,13:50,14:22,14:25,14:30,00:30,00:35,DELAY,DELAY,DELAY,DELAY,,93,00:15,66,00:10,,,13:50,14:20,,LATE ARR/CHANEG CREW OB 1401,HAN,PQC,PQC,Domestic,VJ,,,,,,,,,,,,
,2026-04-22,VJ921/VJ525,A648,A321,NGO-HAN-DAD,12:20,14:05,12:20,14:05,12:55,14:44,14:45,14:54,01:45,01:50,DELAY,DELAY,DELAY,DELAY,,61,00:15,15A,00:25,,,13:30,14:23,,,HAN,NGO,DAD,Domestic,VJ,,,,,,,,,,,,
,2026-04-22,VJ564/VJ143,A675,A320,HUI-HAN-SGN,12:20,14:05,12:20,14:05,12:40,14:13,14:14,14:18,01:45,01:34,DELAY,ONTIME,ONTIME,DELAY,,41,00:09,,,,,13:20,14:00,,TECHNICAL CHECK,HAN,HUI,SGN,Domestic,VJ,,,,,,,,,,,,
,2026-04-22,VJ7615/VJ7615,A554,A321,BQS-HAN-CXR,13:40,14:15,13:40,15:15,15:13,15:40,15:42,15:45,01:35,00:29,DELAY,DELAY,DELAY,DELAY,,93,00:27,,,,,,,X,TECHSTOP,HAN,BQS,CXR,Domestic,VJ,,,,,,,,,,,,
,2026-04-22,VJ933/VJ942,A525,A321,NRT-HAN-TPE,13:05,14:25,13:05,14:25,13:50,14:39,14:40,14:47,01:20,00:50,DELAY,ONTIME,DELAY,DELAY,,93,00:05,66,00:10,,,14:11,14:35,,LATE ARR CHANGE CREW OB 1409,HAN,NRT,TPE,International,VJ,,,,,,,,,,,,
,2026-04-22,_____/VJ946,A535,A321,HAN-KHH,,14:35,,14:35,,14:24,14:25,14:31,,,EARLY,ONTIME,ONTIME,,,,,,,,,13:45,14:20,,,HAN,HAN,KHH,International,,,,,,,,,,,,,
,2026-04-22,VJ1504/VJ1505,A651,A321,DAD-HAN-DAD,14:00,14:35,14:00,14:35,14:15,14:59,15:00,15:20,00:35,00:45,DELAY,DELAY,DELAY,ONTIME,,93,00:10,41,00:10,,,14:15,14:41,,,HAN,DAD,DAD,Domestic,VJ,,,,,,,,,,,,
,2026-04-22,VJ961/VJ141,A648,A321,ICN-HAN-SGN,13:35,14:50,13:35,14:50,13:40,14:59,15:00,15:13,01:15,01:20,DELAY,ONTIME,DELAY,ONTIME,,15A,00:10,,,,,14:05,14:47,,,HAN,ICN,SGN,Domestic,VJ,,,,,,,,,,,,
,2026-04-22,VJ7661/VJ7661,A575,A321,KHV-HAN-DAD,13:45,14:55,13:45,15:20,14:35,15:04,15:05,15:20,01:35,00:30,EARLY,ONTIME,DELAY,DELAY,,,,,,,,,,X,TECHSTOP,HAN,KHV,DAD,Domestic,VJ,,,,,,,,,,,,
,2026-04-22,VJ933/VJ511,A525,A321,NRT-HAN-DAD,13:05,15:05,13:05,15:05,13:55,15:02,15:03,15:05,02:00,01:08,EARLY,ONTIME,ONTIME,DELAY,,,,,,,,14:25,14:58,,,HAN,NRT,DAD,Domestic,VJ,,,,,,,,,,,,
,2026-04-22,VJ1428/VJ439,A689,A320,PXU-HAN-UIH,14:15,15:40,14:15,15:40,14:14,15:35,15:36,15:42,01:25,01:22,EARLY,ONTIME,ONTIME,ONTIME,,,,,,,,14:54,15:34,,,HAN,PXU,UIH,Domestic,VJ,,,,,,,,,,,,
,2026-04-22,VJ464/VJ567,A670,A321,VCA-HAN-HUI,15:10,15:55,15:10,15:55,15:40,15:59,16:00,16:09,00:45,00:20,DELAY,ONTIME,ONTIME,DELAY,,93,00:05,,,,,15:35,15:55,,,HAN,VCA,HUI,Domestic,VJ,,,,,,,,,,,,
,2026-04-22,VJ508/VJ773,A668,A320,DAD-HAN-CXR,15:25,16:00,15:25,16:00,15:42,16:06,16:07,16:09,00:35,00:25,DELAY,ONTIME,ONTIME,DELAY,,93,00:07,,,,,15:42,16:03,,,HAN,DAD,CXR,Domestic,VJ,,,,,,,,,,,,
,2026-04-22,VJ138/VJ147,A811,A330,SGN-HAN-SGN,15:15,16:15,15:15,16:15,15:25,16:12,16:14,16:20,01:00,00:49,EARLY,ONTIME,ONTIME,ONTIME,,,,,,,,15:25,16:02,,,HAN,SGN,SGN,Domestic,VJ,,,,,,,,,,,,
,2026-04-22,VJ510/VJ913,A632,A321,DAD-HAN-SAI,14:35,16:20,15:20,16:20,15:35,16:09,16:10,16:16,01:00,00:35,EARLY,ONTIME,ONTIME,DELAY,,,,,,,,15:50,16:07,,,HAN,DAD,SAI,International,VJ,,,,,,,,,,,,
,2026-04-22,VJ136/VJ1513,A661,A321,SGN-HAN-DAD,14:10,16:35,14:10,16:35,14:05,16:31,16:32,16:34,02:25,02:27,EARLY,ONTIME,ONTIME,ONTIME,,,,,,,,16:00,16:26,,,HAN,SGN,DAD,Domestic,VJ,,,,,,,,,,,,
,2026-04-22,VJ902/VJ151,A629,A321,BKK-HAN-SGN,15:50,16:50,15:50,17:40,17:10,17:39,17:40,17:50,01:50,00:30,ONTIME,ONTIME,DELAY,DELAY,,,,,,,,17:05,17:38,,,HAN,BKK,SGN,Domestic,VJ,,,,,,,,,,,,
,2026-04-22,VJ140/VJ465,A697,A321,SGN-HAN-VCA,16:20,17:00,16:20,17:00,16:20,16:53,16:55,17:00,00:40,00:35,EARLY,ONTIME,ONTIME,ONTIME,,,,,,,,16:15,16:52,,,HAN,SGN,VCA,Domestic,VJ,,,,,,,,,,,,
,2026-04-22,VJ446/VJ495,A644,A321,PQC-HAN-BMV,16:05,17:30,16:05,17:30,16:15,17:59,18:00,18:07,01:25,01:45,DELAY,DELAY,DELAY,ONTIME,,41,00:30,,,,,16:50,17:12,,TECHNICAL CHECK,HAN,PQC,BMV,Domestic,VJ,,,,,,,,,,,,
,2026-04-22,VJ774/VJ517,A687,A321,CXR-HAN-DAD,17:15,17:45,17:15,17:45,17:55,18:24,18:25,18:35,00:30,00:30,DELAY,DELAY,DELAY,DELAY,,93,00:40,,,,,17:45,18:15,,,HAN,CXR,DAD,Domestic,VJ,,,,,,,,,,,,
,2026-04-22,VJ454/VJ1153,A532,A321,PQC-HAN-SGN,16:45,18:05,16:45,18:05,16:35,18:01,18:02,18:09,01:20,01:27,EARLY,ONTIME,ONTIME,ONTIME,,,,,,,,17:20,17:58,,,HAN,PQC,SGN,Domestic,VJ,,,,,,,,,,,,
,2026-04-22,VJ512/VJ521,A525,A321,DAD-HAN-DAD,18:15,18:45,18:15,18:45,18:35,19:04,19:05,19:20,00:30,00:30,DELAY,DELAY,DELAY,DELAY,,93,00:20,,,,,18:35,19:02,,,HAN,DAD,DAD,Domestic,VJ,,,,,,,,,,,,
,2026-04-22,VJ528/VJ1561,A674,A321,DAD-HAN-HUI,17:25,19:15,17:25,19:15,18:10,19:07,19:08,19:14,01:50,00:58,EARLY,ONTIME,ONTIME,DELAY,,,,,,,,18:20,19:05,,,HAN,DAD,HUI,Domestic,VJ,,,,,,,,,,,,
,2026-04-22,VJ146/VJ1127,A675,A320,SGN-HAN-SGN,18:55,19:30,18:55,19:30,19:00,19:34,19:35,19:39,00:35,00:35,DELAY,ONTIME,ONTIME,ONTIME,,66,00:05,,,,,19:04,19:33,,CREW HN OB 1910,HAN,SGN,SGN,Domestic,VJ,,,,,,,,,,,,
,2026-04-22,VJ442/VJ523,A662,A320,PQC-HAN-DAD,18:45,19:40,18:45,19:40,19:35,19:59,20:00,20:05,00:55,00:25,DELAY,DELAY,DELAY,DELAY,,93,00:20,,,,,19:35,19:58,,,HAN,PQC,DAD,Domestic,VJ,,,,,,,,,,,,
,2026-04-22,VJ931/VJ907,A521,A321,KIX-HAN-BOM,18:30,20:05,18:30,20:05,18:40,19:49,19:50,19:55,01:35,01:10,EARLY,ONTIME,ONTIME,ONTIME,,,,,,,,19:15,19:47,,,HAN,KIX,BOM,International,VJ,,,,,,,,,,,,
,2026-04-22,VJ916/VJ457,A552,A321,SIN-HAN-PQC,17:25,20:05,17:25,20:05,17:15,19:59,20:00,20:06,02:40,02:45,EARLY,ONTIME,ONTIME,ONTIME,,,,,,,,19:20,19:56,,,HAN,SIN,PQC,Domestic,VJ,,,,,,,,,,,,
,2026-04-22,VJ568/VJ7815,A670,A321,HUI-HAN-MNL,18:55,20:10,18:55,20:10,19:15,19:54,19:55,20:07,01:15,00:40,EARLY,ONTIME,ONTIME,DELAY,,,,,,,,19:25,19:52,,,HAN,HUI,MNL,International,VJ,,,,,,,,,,,,
,2026-04-22,VJ438/VJ7238,A689,A320,UIH-HAN-PVG,19:25,21:15,19:25,21:15,19:30,20:56,20:58,21:06,01:50,01:28,EARLY,ONTIME,ONTIME,ONTIME,,,,,,,,20:25,20:54,,,HAN,UIH,PVG,International,VJ,,,,,,,,,,,,
,2026-04-22,VJ935/VJ163,A523,A321,NRT-HAN-SGN,20:05,21:25,20:05,21:25,20:45,21:24,21:25,21:34,01:20,00:40,ONTIME,ONTIME,ONTIME,DELAY,,,,,,,,20:40,21:23,,,HAN,NRT,SGN,Domestic,VJ,,,,,,,,,,,,
,2026-04-22,VJ928/VJ7526,A547,A321,CGK-HAN-CAN,18:15,22:30,18:15,22:30,18:10,22:27,22:28,22:30,04:15,04:18,EARLY,ONTIME,ONTIME,ONTIME,,,,,,,,21:45,22:25,,,HAN,CGK,CAN,International,VJ,,,,,,,,,,,,
,2026-04-21,____/VJ932,A538,A321,HAN-NRT,,00:30,,00:30,,00:29,00:30,00:35,,,ONTIME,ONTIME,ONTIME,,,,,,,,,23:00,00:28,,,HAN,HAN,NRT,International,VJ,,,,,,,,,,,,
,2026-04-21,____/VJ982,A651,A321,HAN-PUS,,01:05,,01:05,,00:56,00:57,01:02,,,EARLY,ONTIME,ONTIME,,,,,,,,,00:05,00:55,,,HAN,HAN,PUS,International,VJ,,,,,,,,,,,,
,2026-04-23,____/VJ7813,A667,A321,HAN-CEB,,00:05,,00:05,,23:51,23:52,1904-01-02,,,EARLY,ONTIME,ONTIME,,,,,,,,,23:10,23:50,,,HAN,HAN,CEB,International,VJ,,,,,,,,,,,,
,2026-04-23,VJ7704/VJ7704,A537,A321,CXR-HAN-VVO,23:50,00:20,23:50,00:20,23:55,00:59,01:00,01:08,00:30,01:05,DELAY,DELAY,DELAY,ONTIME,,93,00:05,99,00:35,,,,,X,TECHSTOP/ SUPPORT 1PAX NEEDS MEDICAL ASSISTANCE,HAN,CXR,VVO,International,VJ,,,,,,,,,,,,
,2026-04-23,____/VJ932,A534,A321,HAN-NRT,,00:30,,00:30,,00:21,00:22,00:25,,,EARLY,ONTIME,ONTIME,,,,,,,,,23:40,00:18,,,HAN,HAN,NRT,International,VJ,,,,,,,,,,,,
,2026-04-23,____/VJ982,A693,A321,HAN-PUS,,01:05,,01:05,,00:54,00:55,01:00,,,EARLY,ONTIME,ONTIME,,,,,,,,,00:15,00:52,,,HAN,HAN,PUS,International,VJ,,,,,,,,,,,,
,2026-04-23,____/VJ938,A697,A321,HAN-KIX,,01:20,,01:20,,01:04,01:05,01:10,,,EARLY,ONTIME,ONTIME,,,,,,,,,00:30,01:02,,,HAN,HAN,KIX,International,VJ,,,,,,,,,,,,
,2026-04-23,____/VJ960,A538,A321,HAN-ICN,,01:40,,01:40,,01:29,01:30,01:44,,,EARLY,ONTIME,ONTIME,,,,,,,,,00:50,01:27,,,HAN,HAN,ICN,International,VJ,,,,,,,,,,,,
,2026-04-23,____/VJ920,A674,A321,HAN-NGO,,01:40,,01:40,,01:39,01:40,01:48,,,ONTIME,ONTIME,ONTIME,,,,,,,,,00:50,01:36,,,HAN,HAN,NGO,International,VJ,,,,,,,,,,,,
,2026-04-23,____/VJ958,A535,A321,HAN-FUK,,02:05,,02:05,,01:44,01:45,02:53,,,EARLY,ONTIME,DELAY,,,,,,,,,01:15,01:42,,,HAN,HAN,FUK,International,VJ,,,,,,,,,,,,
,2026-04-23,____/VJ123,A698,A321,HAN-SGN,,05:30,,05:30,,05:29,05:30,05:40,,,ONTIME,ONTIME,ONTIME,,,,,,,,,04:45,05:23,,,HAN,HAN,SGN,Domestic,VJ,,,,,,,,,,,,
,2026-04-23,____/VJ771,A539,A321,HAN-CXR,,05:45,,05:45,,05:39,05:40,05:50,,,EARLY,ONTIME,ONTIME,,,,,,,,,05:05,05:30,,,HAN,HAN,CXR,Domestic,VJ,,,,,,,,,,,,
,2026-04-23,____/VJ121,A687,A321,HAN-SGN,,06:00,,06:00,,05:53,05:55,06:00,,,EARLY,ONTIME,ONTIME,,,,,,,,,05:25,05:45,,,HAN,HAN,SGN,Domestic,VJ,,,,,,,,,,,,
,2026-04-23,VJ7239/VJ491,A689,A320,PVG-HAN-BMV,04:50,06:00,04:50,06:00,05:10,05:54,05:55,06:05,01:10,00:45,EARLY,ONTIME,ONTIME,DELAY,,,,,,,,05:20,05:52,,,HAN,PVG,BMV,Domestic,VJ,,,,,,,,,,,,
,2026-04-23,____/VJ952,A663,A320,HAN-HIJ,,06:15,,06:15,,06:14,06:15,06:25,,,ONTIME,ONTIME,ONTIME,,,,,,,,,05:24,06:13,,,HAN,HAN,HIJ,International,VJ,,,,,,,,,,,,
,2026-04-23,____/VJ125,A675,A320,HAN-SGN,,07:00,,07:00,,06:54,06:55,07:00,,,EARLY,ONTIME,ONTIME,,,,,,,,,06:10,06:50,,,HAN,HAN,SGN,Domestic,VJ,,,,,,,,,,,,
,2026-04-23,____/VJ421,A632,A321,HAN-PXU,,07:10,,07:10,,07:04,07:05,07:10,,,EARLY,ONTIME,ONTIME,,,,,,,,,06:25,07:00,,,HAN,HAN,PXU,Domestic,VJ,,,,,,,,,,,,
,2026-04-23,____/VJ905,A662,A320,HAN-KUL,,07:25,,07:25,,07:24,07:25,07:39,,,ONTIME,ONTIME,ONTIME,,,,,,,,,06:40,07:23,,,HAN,HAN,KUL,International,VJ,,,,,,,,,,,,
,2026-04-23,____/VJ503,A633,A321,HAN-DAD,,07:30,,07:30,,07:24,07:25,07:28,,,EARLY,ONTIME,ONTIME,,,,,,,,,06:50,07:20,,,HAN,HAN,DAD,Domestic,VJ,,,,,,,,,,,,
,2026-04-23,VJ7527/VJ934,A547,A321,CAN-HAN-NRT,03:05,07:55,03:05,07:55,03:40,07:54,07:55,08:02,04:50,04:15,ONTIME,ONTIME,ONTIME,DELAY,,,,,,,,07:10,07:57,,,HAN,CAN,NRT,International,VJ,,,,,,,,,,,,
,2026-04-23,____/VJ930,A525,A321,HAN-KIX,,07:55,,07:55,,07:48,07:50,07:50,,,EARLY,ONTIME,ONTIME,,,,,,,,,07:15,07:45,,,HAN,HAN,KIX,International,VJ,,,,,,,,,,,,
,2026-04-23,____/VJ127,A646,A321,HAN-SGN,,08:10,,08:10,,08:04,08:05,08:12,,,EARLY,ONTIME,ONTIME,,,,,,,,,07:26,08:03,,,HAN,HAN,SGN,Domestic,VJ,,,,,,,,,,,,
,2026-04-23,VJ7816/VJ929,A670,A321,MNL-HAN-CGK,03:50,08:40,03:50,08:40,03:30,08:36,08:37,08:40,04:50,05:07,EARLY,ONTIME,ONTIME,ONTIME,,,,,,,,07:50,08:33,,,HAN,MNL,CGK,International,VJ,,,,,,,,,,,,
,2026-04-23,____/VJ447,A629,A321,HAN-PQC,,08:45,,08:45,,08:34,08:35,08:41,,,EARLY,ONTIME,ONTIME,,,,,,,,,08:00,08:33,,,HAN,HAN,PQC,Domestic,VJ,,,,,,,,,,,,
,2026-04-23,____/VJ1781,A815,A330,HAN-CXR,,09:10,,09:10,,09:09,09:10,09:19,,,ONTIME,ONTIME,ONTIME,,,,,,,,,08:25,09:08,,,HAN,HAN,CXR,Domestic,VJ,,,,,,,,,,,,
,2026-04-23,____/VJ129,A644,A321,HAN-SGN,,09:15,,09:15,,09:14,09:15,09:20,,,ONTIME,ONTIME,ONTIME,,,,,,,,,08:30,09:10,,,HAN,HAN,SGN,Domestic,VJ,,,,,,,,,,,,
,2026-04-23,VJ124/VJ563,A648,A321,SGN-HAN-HUI,08:15,09:20,08:15,09:20,08:10,09:17,09:18,09:20,01:05,01:08,EARLY,ONTIME,ONTIME,ONTIME,,,,,,,,08:35,09:15,,,HAN,SGN,HUI,Domestic,VJ,,,,,,,,,,,,
,2026-04-23,VJ126/VJ131,A672,A320,SGN-HAN-SGN,09:40,10:10,09:40,10:10,09:42,10:22,10:23,10:25,00:30,00:41,DELAY,ONTIME,ONTIME,ONTIME,,99,00:13,,,,,09:40,10:09,,WAIT CREW DO MANUAL SECURITY CHECKL,HAN,SGN,SGN,Domestic,VJ,,,,,,,,,,,,
,2026-04-23,VJ910/VJ463,A521,A321,BOM-HAN-VCA,07:10,10:30,07:10,10:30,06:55,10:29,10:30,10:40,03:20,03:35,ONTIME,ONTIME,ONTIME,ONTIME,,,,,,,,09:40,10:28,,,HAN,BOM,VCA,Domestic,VJ,,,,,,,,,,,,
,2026-04-23,VJ492/VJ1427,A689,A320,BMV-HAN-PXU,10:00,10:30,10:00,10:30,10:05,10:29,10:30,10:38,00:30,00:25,ONTIME,ONTIME,ONTIME,ONTIME,,,,,,,,09:50,10:15,,,HAN,BMV,PXU,Domestic,VJ,,,,,,,,,,,,
,2026-04-23,VJ7814/VJ901,A667,A321,CEB-HAN-BKK,08:20,11:10,08:20,11:10,09:05,10:54,10:55,11:05,02:50,01:50,EARLY,ONTIME,ONTIME,DELAY,,,,,,,,10:20,10:53,,,HAN,CEB,BKK,International,VJ,,,,,,,,,,,,
,2026-04-23,VJ524/VJ507,A633,A321,DAD-HAN-DAD,10:40,11:10,10:40,11:45,11:15,11:44,11:45,11:55,01:05,00:30,ONTIME,ONTIME,DELAY,DELAY,,,,,,,,11:15,11:42,,,HAN,DAD,DAD,Domestic,VJ,,,,,,,,,,,,
,2026-04-23,VJ130/VJ133,A698,A321,SGN-HAN-SGN,10:50,11:20,10:50,11:20,11:30,11:59,12:00,12:09,00:30,00:30,DELAY,DELAY,DELAY,DELAY,,93,00:40,,,,,11:30,11:56,,,HAN,SGN,SGN,Domestic,VJ,,,,,,,,,,,,
,2026-04-23,VJ422/VJ451,A632,A321,PXU-HAN-PQC,10:50,11:45,10:50,11:45,10:55,11:44,11:45,11:48,00:55,00:50,ONTIME,ONTIME,ONTIME,ONTIME,,,,,,,,11:00,11:43,,,HAN,PXU,PQC,Domestic,VJ,,,,,,,,,,,,
,2026-04-23,VJ981/VJ515,A693,A321,PUS-HAN-DAD,10:40,12:10,10:40,12:10,10:45,12:07,12:08,12:14,01:30,01:23,EARLY,ONTIME,ONTIME,ONTIME,,,,,,,,11:25,12:05,,,HAN,PUS,DAD,Domestic,VJ,,,,,,,,,,,,
,2026-04-23,VJ564/VJ137,A673,A321,HUI-HAN-SGN,12:20,12:40,12:20,13:05,12:30,13:04,13:05,13:10,00:45,00:35,ONTIME,ONTIME,DELAY,ONTIME,,,,,,,,12:30,12:58,,,HAN,HUI,SGN,Domestic,VJ,,,,,,,,,,,,
,2026-04-23,VJ7705/VJ7705,A537,A321,VVO-HAN-CXR,12:20,12:50,12:20,12:50,13:10,13:37,13:38,13:41,00:30,00:28,DELAY,DELAY,DELAY,DELAY,,93,00:48,,,,,,,X,TECHSTOP,HAN,VVO,CXR,Domestic,VJ,,,,,,,,,,,,
,2026-04-23,VJ770/VJ787,A539,A321,CXR-HAN-CXR,09:55,13:10,09:55,13:10,10:30,13:09,13:10,13:25,03:15,02:40,ONTIME,ONTIME,ONTIME,DELAY,,,,,,,,12:20,13:05,,,HAN,CXR,CXR,Domestic,VJ,,,,,,,,,,,,
,2026-04-23,VJ939/VJ948,A697,A321,KIX-HAN-RMQ,12:20,13:30,12:20,13:30,12:45,13:25,13:26,13:36,01:10,00:41,EARLY,ONTIME,ONTIME,DELAY,,,,,,,,12:55,13:21,,,HAN,KIX,RMQ,International,VJ,,,,,,,,,,,,
,2026-04-23,VJ939/VJ441,A697,A321,KIX-HAN-PQC,12:20,14:00,12:20,14:00,13:10,13:59,14:00,14:10,01:40,00:50,ONTIME,ONTIME,ONTIME,DELAY,,,,,,,,13:25,13:52,,,HAN,KIX,PQC,Domestic,VJ,,,,,,,,,,,,
,2026-04-23,VJ128/VJ7316,A675,A320,SGN-HAN-ENH,11:50,14:00,11:50,14:00,12:10,13:55,13:56,13:57,02:10,01:46,EARLY,ONTIME,ONTIME,DELAY,,,,,,,,13:10,13:50,,,HAN,SGN,ENH,International,VJ,,,,,,,,,,,,
,2026-04-23,_____/VJ525,A643,A321,HAN-DAD,,14:05,,14:05,,14:04,14:05,14:10,,,ONTIME,ONTIME,ONTIME,,,,,,,,,13:15,14:02,,,HAN,HAN,DAD,Domestic,,,,,,,,,,,,,
,2026-04-23,VJ134/VJ143,A646,A321,SGN-HAN-SGN,13:30,14:05,13:30,14:05,13:40,14:09,14:10,14:20,00:35,00:30,DELAY,ONTIME,ONTIME,ONTIME,,93,00:05,,,,,13:45,14:06,,,HAN,SGN,SGN,Domestic,VJ,,,,,,,,,,,,
,2026-04-23,VJ933/VJ141,A534,A321,NRT-HAN-SGN,13:05,14:30,13:05,14:30,13:44,14:29,14:30,14:35,01:25,00:46,ONTIME,ONTIME,ONTIME,DELAY,,,,,,,,13:55,14:25,,,HAN,NRT,SGN,Domestic,VJ,,,,,,,,,,,,
,2026-04-23,VJ1504/VJ1505,A578,A321,DAD-HAN-DAD,14:00,14:35,14:00,14:35,14:10,14:54,14:55,15:03,00:35,00:45,DELAY,DELAY,DELAY,ONTIME,,93,00:05,99,00:15,,,14:10,14:40,,OFFLOAD PAX ONBOARD & SYNC CABIN BAG,HAN,DAD,DAD,Domestic,VJ,,,,,,,,,,,,
,2026-04-23,VJ136/VJ511,A687,A321,SGN-HAN-DAD,14:10,15:05,14:25,15:05,13:55,15:04,15:05,15:10,00:40,01:10,ONTIME,ONTIME,ONTIME,ONTIME,,,,,,,,14:15,15:00,,,HAN,SGN,DAD,Domestic,VJ,,,,,,,,,,,,
,2026-04-23,VJ1428/VJ439,A689,A320,PXU-HAN-UIH,14:15,15:40,14:15,15:40,14:16,15:39,15:40,15:48,01:25,01:24,ONTIME,ONTIME,ONTIME,ONTIME,,,,,,,,15:00,15:37,,,HAN,PXU,UIH,Domestic,VJ,,,,,,,,,,,,
,2026-04-23,VJ2827/VJ2827,A550,A321,CXR-HAN-BAX,15:10,15:40,15:10,15:40,15:45,16:39,16:40,16:48,00:30,00:55,DELAY,DELAY,DELAY,DELAY,,93,00:40,99,00:20,,,,,X,CAPT RQ MORE FUEL,HAN,CXR,BAX,International,VJ,,,,,,,,,,,,
,2026-04-23,VJ138/VJ147,A651,A321,SGN-HAN-SGN,15:15,15:45,15:15,15:45,15:25,15:54,15:55,16:00,00:30,00:30,DELAY,ONTIME,ONTIME,ONTIME,,93,00:10,,,,,15:15,15:52,,,HAN,SGN,SGN,Domestic,VJ,,,,,,,,,,,,
,2026-04-23,VJ510/VJ567,A633,A321,DAD-HAN-HUI,14:35,15:55,14:35,15:55,15:35,16:04,16:05,16:10,01:20,00:30,DELAY,ONTIME,ONTIME,DELAY,,93,00:10,,,,,15:35,15:58,,,HAN,DAD,HUI,Domestic,VJ,,,,,,,,,,,,
,2026-04-23,VJ464/VJ773,A539,A321,VCA-HAN-CXR,15:20,16:00,15:20,16:20,15:50,16:34,16:35,16:45,01:00,00:45,DELAY,ONTIME,DELAY,DELAY,,99,00:15,,,,,15:50,16:15,,CAPT RQ MORE FUEL,HAN,VCA,CXR,Domestic,VJ,,,,,,,,,,,,
,2026-04-23,VJ906/VJ913,A662,A320,KUL-HAN-SAI,14:40,16:20,14:40,16:20,15:13,16:03,16:05,16:13,01:40,00:52,EARLY,ONTIME,ONTIME,DELAY,,,,,,,,15:38,15:59,,,HAN,KUL,SAI,International,VJ,,,,,,,,,,,,
,2026-04-23,VJ902/VJ151,A667,A321,BKK-HAN-SGN,16:20,16:50,15:50,16:50,16:15,17:07,17:08,17:12,01:00,00:53,DELAY,DELAY,DELAY,ONTIME,,95,00:18,,,,,16:30,17:04,,CREW FROM VJ140 OB 1643,HAN,BKK,SGN,Domestic,VJ,,,,,,,,,,,,
,2026-04-23,VJ508/VJ465,A693,A321,DAD-HAN-VCA,15:25,17:00,15:25,17:00,15:57,16:59,17:00,17:05,01:35,01:03,ONTIME,ONTIME,ONTIME,DELAY,,,,,,,,16:12,16:55,,,HAN,DAD,VCA,Domestic,VJ,,,,,,,,,,,,
,2026-04-23,VJ961/VJ495,A538,A321,ICN-HAN-BMV,13:35,17:30,13:35,17:30,14:05,17:27,17:28,17:36,03:55,03:23,EARLY,ONTIME,ONTIME,DELAY,,,,,,,,16:45,17:25,,,HAN,ICN,BMV,Domestic,VJ,,,,,,,,,,,,
,2026-04-23,VJ454/VJ517,A632,A321,PQC-HAN-DAD,16:45,17:45,16:45,17:45,14:50,17:48,17:50,18:00,01:00,03:00,DELAY,ONTIME,ONTIME,ONTIME,,15A,00:05,,,,,16:56,17:37,,OFFLOAD 06PAX & 03BAG,HAN,PQC,DAD,Domestic,VJ,,,,,,,,,,,,
,2026-04-23,VJ528/VJ1153,A629,A321,DAD-HAN-SGN,17:25,18:05,17:25,18:05,17:50,18:19,18:20,18:20,00:40,00:30,DELAY,ONTIME,ONTIME,DELAY,,93,00:15,,,,,17:50,18:17,,,HAN,DAD,SGN,Domestic,VJ,,,,,,,,,,,,
,2026-04-23,VJ512/VJ521,A687,A321,DAD-HAN-DAD,18:15,18:45,18:15,19:10,18:50,19:19,19:20,19:30,00:55,00:30,DELAY,ONTIME,DELAY,DELAY,,93,00:10,,,,,18:50,19:15,,,HAN,DAD,DAD,Domestic,VJ,,,,,,,,,,,,
,2026-04-23,VJ774/VJ155,A639,A321,CXR-HAN-SGN,17:30,19:00,17:30,19:00,18:12,18:59,19:00,19:03,01:30,00:48,ONTIME,ONTIME,ONTIME,DELAY,,,,,,,,18:30,18:54,,,HAN,CXR,SGN,Domestic,VJ,,,,,,,,,,,,
,2026-04-23,____/VJ971,A812,A330,HAN-DEL,,19:40,,19:40,,19:39,19:40,19:47,,,ONTIME,ONTIME,ONTIME,,,,,,,,,18:55,19:38,,,HAN,HAN,DEL,International,VJ,,,,,,,,,,,,
,2026-04-23,VJ931/VJ1127,A525,A321,KIX-HAN-SGN,18:30,19:40,18:30,19:40,19:05,19:39,19:40,19:48,01:10,00:35,ONTIME,ONTIME,ONTIME,DELAY,,,,,,,,19:00,19:38,,,HAN,KIX,SGN,Domestic,VJ,,,,,,,,,,,,
,2026-04-23,VJ568/VJ523,A633,A321,HUI-HAN-DAD,18:55,19:40,18:55,19:40,19:30,19:59,20:00,20:08,00:45,00:30,DELAY,DELAY,DELAY,DELAY,,93,00:20,,,,,19:30,19:58,,,HAN,HUI,DAD,Domestic,VJ,,,,,,,,,,,,
,2026-04-23,____/VJ1925,A674,A321,HAN-AMD,,19:45,,19:45,,19:38,19:39,19:49,,,EARLY,ONTIME,ONTIME,,,,,,,,,19:00,19:28,,,HAN,HAN,AMD,International,VJ,,,,,,,,,,,,
,2026-04-23,VJ953/VJ7712,A663,A320,HIJ-HAN-PKX,16:10,19:55,16:10,19:55,16:40,20:24,20:25,20:25,03:45,03:45,DELAY,DELAY,DELAY,DELAY,,41,00:30,,,,,19:03,19:51,,TECHNICAL CHECK,HAN,HIJ,PKX,International,VJ,,,,,,,,,,,,
,2026-04-23,VJ152/VJ159,A630,A321,SGN-HAN-SGN,19:20,20:10,19:20,20:10,20:10,20:39,20:40,20:40,00:50,00:30,DELAY,DELAY,DELAY,DELAY,,93,00:30,,,,,20:10,20:37,,,HAN,SGN,SGN,Domestic,VJ,,,,,,,,,,,,
,2026-04-23,VJ7317/VJ7238,A675,A320,ENH-HAN-PVG,19:25,21:15,19:25,21:15,20:00,21:09,21:10,21:20,01:50,01:10,EARLY,ONTIME,ONTIME,DELAY,,,,,,,,20:25,21:05,,,HAN,ENH,PVG,International,VJ,,,,,,,,,,,,
,2026-04-23,VJ776/VJ163,A578,A321,SGN-HAN-SGN,20:55,21:25,20:55,22:05,21:12,22:24,22:25,22:34,01:10,01:13,DELAY,DELAY,DELAY,DELAY,,95,00:20,,,,,21:50,22:23,,CHANGE CREW FROM VJ154 OB 2202,HAN,SGN,SGN,Domestic,VJ,,,,,,,,,,,,
,2026-04-23,VJ935/VJ7526,A547,A321,NRT-HAN-CAN,20:05,22:30,20:05,22:30,20:50,22:29,22:30,22:34,02:25,01:40,ONTIME,ONTIME,ONTIME,DELAY,,,,,,,,21:40,22:27,,,HAN,NRT,CAN,International,VJ,,,,,,,,,,,,
,2026-04-24,____/VJ982,A629,A321,HAN-PUS,,01:05,,01:05,,01:04,01:05,01:20,,,ONTIME,ONTIME,ONTIME,,,,,,,,,00:14,01:02,,,HAN,HAN,PUS,International,VJ,,,,,,,,,,,,
,2026-04-24,VJ7614/VJ7614,A537,A321,CXR-HAN-BQS,00:45,01:15,00:45,01:15,01:05,01:34,01:35,01:40,00:30,00:30,DELAY,DELAY,DELAY,DELAY,,93,00:20,,,,,,,X,TECHSTOP,HAN,CXR,BQS,International,VJ,,,,,,,,,,,,
,2026-04-24,____/VJ938,A697,A321,HAN-KIX,,01:20,,01:20,,01:19,01:20,01:30,,,ONTIME,ONTIME,ONTIME,,,,,,,,,00:30,01:19,,,HAN,HAN,KIX,International,VJ,,,,,,,,,,,,
,2026-04-24,____/VJ932,A523,A321,HAN-NRT,,01:30,,01:30,,01:39,01:40,01:45,,,DELAY,ONTIME,ONTIME,,,87,00:10,,,,,00:40,01:38,,GATE LIMITATION,HAN,HAN,NRT,International,VJ,,,,,,,,,,,,
,2026-04-24,____/VJ960,A633,A321,HAN-ICN,,01:40,,01:40,,01:37,01:38,01:45,,,EARLY,ONTIME,ONTIME,,,,,,,,,00:47,01:30,,,HAN,HAN,ICN,International,VJ,,,,,,,,,,,,
,2026-04-24,____/VJ920,A554,A321,HAN-NGO,,01:40,,01:40,,01:39,01:40,01:49,,,ONTIME,ONTIME,ONTIME,,,,,,,,,00:55,01:38,,,HAN,HAN,NGO,International,VJ,,,,,,,,,,,,
,2026-04-24,____/VJ958,A647,A321,HAN-FUK,,02:05,,02:05,,01:53,01:55,02:00,,,EARLY,ONTIME,ONTIME,,,,,,,,,01:15,01:48,,,HAN,HAN,FUK,International,VJ,,,,,,,,,,,,
,2026-04-24,____/VJ1445,A534,A321,HAN-PQC,,05:30,,05:30,,05:24,05:25,05:32,,,EARLY,ONTIME,ONTIME,,,,,,,,,04:45,05:22,,,HAN,HAN,PQC,Domestic,VJ,,,,,,,,,,,,
,2026-04-24,____/VJ771,A526,A321,HAN-CXR,,05:45,,05:45,,05:39,05:40,05:42,,,EARLY,ONTIME,ONTIME,,,,,,,,,04:50,05:37,,,HAN,HAN,CXR,Domestic,VJ,,,,,,,,,,,,
,2026-04-24,____/VJ121,A662,A320,HAN-SGN,,06:00,,06:00,,05:54,05:55,06:02,,,EARLY,ONTIME,ONTIME,,,,,,,,,05:15,05:51,,,HAN,HAN,SGN,Domestic,VJ,,,,,,,,,,,,
,2026-04-24,____/VJ491,A658,A320,HAN-BMV,,06:00,,06:00,,05:54,05:55,06:00,,,EARLY,ONTIME,ONTIME,,,,,,,,,05:15,05:54,,,HAN,HAN,BMV,Domestic,VJ,,,,,,,,,,,,
,2026-04-24,____/VJ125,A689,A320,HAN-SGN,,07:00,,07:00,,06:54,06:55,06:56,,,EARLY,ONTIME,ONTIME,,,,,,,,,06:15,06:52,,,HAN,HAN,SGN,Domestic,VJ,,,,,,,,,,,,
,2026-04-24,____/VJ503,A578,A321,HAN-DAD,,07:30,,07:30,,07:24,07:25,07:29,,,EARLY,ONTIME,ONTIME,,,,,,,,,06:45,07:22,,,HAN,HAN,DAD,Domestic,VJ,,,,,,,,,,,,
,2026-04-24,____/VJ930,A693,A321,HAN-KIX,,07:55,,07:55,,07:49,07:50,07:55,,,EARLY,ONTIME,ONTIME,,,,,,,,,07:05,07:47,,,HAN,HAN,KIX,International,VJ,,,,,,,,,,,,
,2026-04-24,____/VJ934,A538,A321,HAN-NRT,,07:55,,07:55,,07:49,07:50,07:55,,,EARLY,ONTIME,ONTIME,,,,,,,,,07:10,07:48,,,HAN,HAN,NRT,International,VJ,,,,,,,,,,,,
,2026-04-24,____/VJ127,A646,A321,HAN-SGN,,08:10,,08:10,,08:03,08:05,08:08,,,EARLY,ONTIME,ONTIME,,,,,,,,,07:20,08:00,,,HAN,HAN,SGN,Domestic,VJ,,,,,,,,,,,,
,2026-04-24,VJ1926/VJ929,A674,A321,AMD-HAN-CGK,05:55,08:40,05:55,08:40,06:50,08:49,08:50,09:05,02:45,02:00,DELAY,ONTIME,DELAY,DELAY,,41,00:10,,,,,08:08,08:35,,TECHNICAL CHECK,HAN,AMD,CGK,International,VJ,,,,,,,,,,,,
,2026-04-24,VJ124/VJ129,A669,A320,SGN-HAN-SGN,08:15,08:45,08:15,08:45,08:10,08:44,08:45,08:52,00:30,00:35,ONTIME,ONTIME,ONTIME,ONTIME,,,,,,,,08:15,08:42,,,HAN,SGN,SGN,Domestic,VJ,,,,,,,,,,,,
,2026-04-24,VJ7713/VJ447,A663,A320,PKX-HAN-PQC,03:55,08:45,03:55,08:45,04:35,08:39,08:40,08:43,04:50,04:05,EARLY,ONTIME,ONTIME,DELAY,,,,,,,,08:00,08:36,,,HAN,PKX,PQC,Domestic,VJ,,,,,,,,,,,,
,2026-04-24,VJ7239/VJ1435,A675,A320,PVG-HAN-UIH,04:50,08:50,04:50,08:50,05:05,08:49,08:50,09:00,04:00,03:45,ONTIME,ONTIME,ONTIME,ONTIME,,,,,,,,08:00,08:45,,,HAN,PVG,UIH,Domestic,VJ,,,,,,,,,,,,
,2026-04-24,____/VJ563,A632,A321,HAN-HUI,,09:20,,09:20,,09:19,09:20,09:30,,,ONTIME,ONTIME,ONTIME,,,,,,,,,08:30,09:15,,,HAN,HAN,HUI,Domestic,VJ,,,,,,,,,,,,
,2026-04-24,____/VJ915,A535,A321,HAN-SIN,,09:35,,09:35,,09:34,09:35,09:39,,,ONTIME,ONTIME,ONTIME,,,,,,,,,08:45,09:30,,,HAN,HAN,SIN,International,VJ,,,,,,,,,,,,
,2026-04-24,____/VJ997,A547,A321,HAN-DPS,,10:05,,10:05,,10:04,10:05,10:09,,,ONTIME,ONTIME,ONTIME,,,,,,,,,09:20,10:02,,,HAN,HAN,DPS,International,VJ,,,,,,,,,,,,
,2026-04-24,VJ126/VJ131,A651,A321,SGN-HAN-SGN,09:40,10:10,09:40,10:10,09:55,10:24,10:25,10:25,00:30,00:30,DELAY,ONTIME,ONTIME,ONTIME,,93,00:15,,,,,09:55,10:22,,,HAN,SGN,SGN,Domestic,VJ,,,,,,,,,,,,
,2026-04-24,VJ492/VJ463,A658,A320,BMV-HAN-VCA,10:00,10:30,10:00,10:30,09:50,10:29,10:30,10:36,00:30,00:40,ONTIME,ONTIME,ONTIME,ONTIME,,,,,,,,09:55,10:26,,,HAN,BMV,VCA,Domestic,VJ,,,,,,,,,,,,
,2026-04-24,VJ959/VJ1509,A647,A321,FUK-HAN-DAD,11:25,10:50,11:25,12:35,12:10,12:54,12:55,13:05,01:10,00:45,DELAY,DELAY,DELAY,DELAY,,93,00:05,66,00:09,11,00:06,12:15,12:50,,CREW HN OB 1218/SUPPORT OVERBOOK,HAN,FUK,DAD,Domestic,VJ,,,,,,,,,,,,
,2026-04-24,____/VJ2936,A670,A321,HAN-CEB,,11:00,,11:00,,10:49,10:50,10:51,,,EARLY,ONTIME,ONTIME,,,,,,,,,10:15,10:45,,,HAN,HAN,CEB,International,VJ,,,,,,,,,,,,
,2026-04-24,VJ2828/VJ2828,A550,A321,BAX-HAN-CXR,08:30,11:05,08:30,11:05,10:20,10:44,10:47,10:52,02:35,00:27,EARLY,ONTIME,ONTIME,DELAY,,,,,,,,,,X,TECHSTOP,HAN,BAX,CXR,Domestic,VJ,,,,,,,,,,,,
,2026-04-24,VJ1448/VJ1565,A534,A321,PQC-HAN-HUI,10:15,11:05,10:15,11:05,10:20,11:04,11:05,11:09,00:50,00:45,ONTIME,ONTIME,ONTIME,ONTIME,,,,,,,,10:25,11:02,,,HAN,PQC,HUI,Domestic,VJ,,,,,,,,,,,,
,2026-04-24,____/VJ901,A643,A321,HAN-BKK,,11:10,,11:10,,11:09,11:10,11:13,,,ONTIME,ONTIME,ONTIME,,,,,,,,,10:25,11:05,,,HAN,HAN,BKK,International,VJ,,,,,,,,,,,,
,2026-04-24,VJ524/VJ507,A578,A321,DAD-HAN-DAD,10:40,11:10,10:40,11:10,11:10,11:34,11:35,11:40,00:30,00:25,DELAY,DELAY,DELAY,DELAY,,93,00:25,,,,,11:05,11:30,,,HAN,DAD,DAD,Domestic,VJ,,,,,,,,,,,,
,2026-04-24,VJ1780/VJ133,A815,A330,CXR-HAN-SGN,09:10,11:20,09:10,11:20,09:23,11:19,11:20,11:26,02:10,01:57,ONTIME,ONTIME,ONTIME,ONTIME,,,,,,,,10:30,11:16,,,HAN,CXR,SGN,Domestic,VJ,,,,,,,,,,,,
,2026-04-24,VJ130/VJ451,A649,A321,SGN-HAN-PQC,10:50,11:45,10:50,11:45,10:55,11:39,11:40,11:43,00:55,00:45,EARLY,ONTIME,ONTIME,ONTIME,,,,,,,,11:05,11:37,,,HAN,SGN,PQC,Domestic,VJ,,,,,,,,,,,,
,2026-04-24,VJ770/VJ515,A668,A320,CXR-HAN-DAD,10:10,12:10,10:10,12:10,10:30,12:09,12:10,12:18,02:00,01:40,ONTIME,ONTIME,ONTIME,DELAY,,,,,,,,11:25,12:05,,,HAN,CXR,DAD,Domestic,VJ,,,,,,,,,,,,
,2026-04-24,____/VJ137,A812,A330,HAN-SGN,,12:20,,12:20,,12:24,12:25,12:35,,,DELAY,ONTIME,ONTIME,,,15A,00:05,,,,,11:35,12:20,,OFFLOAD 6 PAX 2 BAGS,HAN,HAN,SGN,Domestic,VJ,,,,,,,,,,,,
,2026-04-24,____/VJ509,A544,A321,HAN-DAD,,13:05,,17:00,,16:59,17:00,17:14,,,ONTIME,ONTIME,DELAY,,,,,,,,,16:15,16:55,,,HAN,HAN,DAD,Domestic,VJ,,,,,,,,,,,,
,2026-04-24,VJ564/VJ787,A632,A321,HUI-HAN-CXR,12:20,13:10,12:20,13:10,12:35,13:09,13:10,13:25,00:50,00:35,ONTIME,ONTIME,ONTIME,ONTIME,,,,,,,,12:40,13:08,,,HAN,HUI,CXR,Domestic,VJ,,,,,,,,,,,,
,2026-04-24,VJ981/VJ948,A629,A321,PUS-HAN-RMQ,10:40,13:30,10:40,13:30,11:25,13:24,13:25,13:40,02:50,02:00,EARLY,ONTIME,ONTIME,DELAY,,,,,,,,12:45,13:20,,,HAN,PUS,RMQ,International,VJ,,,,,,,,,,,,
,2026-04-24,VJ1432/VJ441,A675,A320,UIH-HAN-PQC,12:35,14:00,12:35,14:00,12:55,13:58,14:00,14:01,01:25,01:05,ONTIME,ONTIME,ONTIME,DELAY,,,,,,,,13:15,13:55,,,HAN,UIH,PQC,Domestic,VJ,,,,,,,,,,,,
,2026-04-24,VJ134/VJ143,A646,A321,SGN-HAN-SGN,13:30,14:05,13:30,14:05,13:25,14:04,14:05,14:13,00:35,00:40,ONTIME,ONTIME,ONTIME,ONTIME,,,,,,,,13:30,14:02,,,HAN,SGN,SGN,Domestic,VJ,,,,,,,,,,,,
,2026-04-24,VJ921/VJ525,A554,A321,NGO-HAN-DAD,12:50,14:05,12:50,14:05,13:15,14:04,14:05,14:12,01:15,00:50,ONTIME,ONTIME,ONTIME,DELAY,,,,,,,,13:25,14:01,,,HAN,NGO,DAD,Domestic,VJ,,,,,,,,,,,,
,2026-04-24,VJ7615/VJ7615,A537,A321,BQS-HAN-CXR,13:45,14:15,13:45,14:55,14:45,15:29,15:30,15:47,01:10,00:45,DELAY,DELAY,DELAY,DELAY,,93,00:20,89,00:15,,,,,X,TECHSTOP / VIP FLIGHT,HAN,BQS,CXR,Domestic,VJ,,,,,,,,,,,,
,2026-04-24,VJ939/VJ942,A697,A321,KIX-HAN-TPE,12:20,14:25,12:20,14:25,13:25,14:24,14:25,14:30,02:05,01:00,ONTIME,ONTIME,ONTIME,DELAY,,,,,,,,13:40,14:20,,,HAN,KIX,TPE,International,VJ,,,,,,,,,,,,
,2026-04-24,VJ961/VJ946,A633,A321,ICN-HAN-KHH,13:35,14:35,13:35,14:35,14:05,14:39,14:40,15:12,01:00,00:35,DELAY,ONTIME,DELAY,DELAY,,66,00:05,,,,,14:05,14:37,,CREW OB 1418 - LATE PUSH BACK DUE TO VIP FLIGHT,HAN,ICN,KHH,International,VJ,,,,,,,,,,,,
,2026-04-24,VJ1504/VJ1505,A500,A321,DAD-HAN-DAD,14:00,14:35,14:00,14:50,14:30,15:19,15:20,15:30,00:50,00:50,DELAY,DELAY,DELAY,DELAY,,93,00:10,89,00:20,,,14:21,15:16,,VIP FLIGHT,HAN,DAD,DAD,Domestic,VJ,,,,,,,,,,,,
,2026-04-24,VJ933/VJ141,A523,A321,NRT-HAN-SGN,13:05,14:40,13:05,15:25,14:50,15:24,15:25,15:45,02:20,00:35,ONTIME,ONTIME,DELAY,DELAY,,,,,,,,14:50,15:23,,,HAN,NRT,SGN,Domestic,VJ,,,,,,,,,,,,
,2026-04-24,VJ1510/VJ1521,A645,A321,DAD-HAN-DAD,14:15,14:50,14:15,14:50,14:40,15:24,15:25,15:50,00:35,00:45,DELAY,DELAY,DELAY,DELAY,,93,00:20,89,00:15,,,14:40,15:23,,VIP FLIGHT,HAN,DAD,DAD,Domestic,VJ,,,,,,,,,,,,
,2026-04-24,VJ1566/VJ511,A534,A321,HUI-HAN-DAD,14:05,15:05,14:35,15:05,14:05,15:04,15:05,15:30,00:30,01:00,ONTIME,ONTIME,DELAY,ONTIME,,,,,,,,14:35,15:03,,LATE PUSH BACK DUE TO ATC (VIP FLIGHT),HAN,HUI,DAD,Domestic,VJ,,,,,,,,,,,,
,2026-04-24,VJ128/VJ423,A689,A320,SGN-HAN-PXU,11:50,15:05,11:50,15:05,12:15,15:04,15:05,15:15,03:15,02:50,ONTIME,ONTIME,ONTIME,DELAY,,,,,,,,14:15,15:02,,,HAN,SGN,PXU,Domestic,VJ,,,,,,,,,,,,
,2026-04-24,VJ440/VJ439,A663,A320,PQC-HAN-UIH,13:30,15:40,13:30,15:40,13:40,15:39,15:40,16:02,02:10,02:00,ONTIME,ONTIME,DELAY,ONTIME,,,,,,,,14:50,15:33,,,HAN,PQC,UIH,Domestic,VJ,,,,,,,,,,,,
,2026-04-24,VJ138/VJ147,A656,A320,SGN-HAN-SGN,15:15,15:45,15:15,15:45,15:15,15:54,15:55,16:10,00:30,00:40,DELAY,ONTIME,DELAY,ONTIME,,89,00:10,,,,,15:05,15:53,,VIP FLIGHT,HAN,SGN,SGN,Domestic,VJ,,,,,,,,,,,,
,2026-04-24,VJ464/VJ567,A658,A320,VCA-HAN-HUI,15:20,15:55,15:20,16:35,15:55,16:24,16:25,16:40,01:15,00:30,EARLY,ONTIME,DELAY,DELAY,,,,,,,,15:45,16:18,,,HAN,VCA,HUI,Domestic,VJ,,,,,,,,,,,,
,2026-04-24,VJ510/VJ773,A580,A321,DAD-HAN-CXR,15:10,16:00,15:10,16:00,15:30,16:04,16:05,16:30,00:50,00:35,DELAY,ONTIME,DELAY,DELAY,,93,00:05,,,,,15:40,16:02,,,HAN,DAD,CXR,Domestic,VJ,,,,,,,,,,,,
,2026-04-24,VJ136/VJ913,A662,A320,SGN-HAN-SAI,14:10,16:20,14:10,16:20,15:10,16:29,16:30,16:50,02:10,01:20,DELAY,ONTIME,DELAY,DELAY,,99,00:10,,,,,15:40,16:27,,BOARDING SYSTEM ERROR,HAN,SGN,SAI,International,VJ,,,,,,,,,,,,
,2026-04-24,VJ140/VJ151,A542,A321,SGN-HAN-SGN,16:20,16:50,16:20,16:50,16:35,17:04,17:05,17:15,00:30,00:30,DELAY,ONTIME,DELAY,ONTIME,,93,00:15,,,,,16:35,17:03,,,HAN,SGN,SGN,Domestic,VJ,,,,,,,,,,,,
,2026-04-24,VJ446/VJ1513,A521,A321,PQC-HAN-DAD,16:05,16:50,16:05,17:20,16:55,17:29,17:30,17:43,01:15,00:35,DELAY,ONTIME,DELAY,DELAY,,93,00:05,66,00:05,,,17:06,17:29,,CREW OB 1705,HAN,PQC,DAD,Domestic,VJ,,,,,,,,,,,,
,2026-04-24,VJ5068/VJ5068,A539,A321,CXR-HAN-NOZ,16:25,16:55,16:25,16:55,16:55,17:23,17:25,17:44,00:30,00:30,DELAY,DELAY,DELAY,DELAY,,93,00:30,,,,,,,X,TECHSTOP,HAN,CXR,NOZ,International,VJ,,,,,,,,,,,,
,2026-04-24,VJ902/VJ465,A643,A321,BKK-HAN-VCA,15:50,17:00,15:50,17:00,16:20,16:54,16:55,17:10,01:10,00:35,EARLY,ONTIME,ONTIME,DELAY,,,,,,,,16:20,16:50,,,HAN,BKK,VCA,Domestic,VJ,,,,,,,,,,,,
,2026-04-24,VJ454/VJ495,A649,A321,PQC-HAN-BMV,16:45,17:30,16:45,17:30,16:42,17:29,17:30,18:00,00:45,00:48,ONTIME,ONTIME,DELAY,ONTIME,,,,,,,,16:42,17:28,,,HAN,PQC,BMV,Domestic,VJ,,,,,,,,,,,,
,2026-04-24,VJ508/VJ1433,A668,A320,DAD-HAN-UIH,15:25,17:40,15:25,17:40,15:55,17:34,17:35,17:50,02:15,01:40,EARLY,ONTIME,ONTIME,DELAY,,,,,,,,16:55,17:33,,,HAN,DAD,UIH,Domestic,VJ,,,,,,,,,,,,
,2026-04-24,VJ150/VJ517,A632,A321,SGN-HAN-DAD,19:50,17:55,19:50,20:30,20:00,20:29,20:30,20:50,00:40,00:30,ONTIME,ONTIME,DELAY,ONTIME,,,,,,,,20:00,20:33,,,HAN,SGN,DAD,Domestic,VJ,,,,,,,,,,,,
,2026-04-24,VJ528/VJ1153,A554,A321,DAD-HAN-SGN,17:25,18:05,17:25,18:05,17:55,18:24,18:25,18:35,00:40,00:30,DELAY,DELAY,DELAY,DELAY,,93,00:20,,,,,17:55,18:22,,,HAN,DAD,SGN,Domestic,VJ,,,,,,,,,,,,
,2026-04-24,VJ512/VJ521,A534,A321,DAD-HAN-DAD,18:15,18:45,18:45,19:25,19:00,19:29,19:30,19:40,00:40,00:30,DELAY,ONTIME,DELAY,DELAY,,93,00:05,,,,,18:58,19:29,,,HAN,DAD,DAD,Domestic,VJ,,,,,,,,,,,,
,2026-04-24,VJ2937/VJ1561,A670,A321,CEB-HAN-HUI,19:15,19:15,19:15,20:15,19:55,20:24,20:25,21:06,01:00,00:30,DELAY,ONTIME,DELAY,DELAY,,93,00:10,,,,,19:55,20:27,,CREW OB 1959/OMC BÁO CÓ CTOT NHƯNG ACDM KHÔNG HIỆN,HAN,CEB,HUI,Domestic,VJ,,,,,,,,,,,,
,2026-04-24,VJ916/VJ1453,A535,A321,SIN-HAN-PQC,17:25,19:15,17:25,19:15,17:10,19:14,19:15,19:25,01:50,02:05,ONTIME,ONTIME,ONTIME,ONTIME,,,,,,,,18:02,19:00,,,HAN,SIN,PQC,Domestic,VJ,,,,,,,,,,,,
,2026-04-24,VJ424/VJ1127,A689,A320,PXU-HAN-SGN,18:45,19:20,18:45,19:20,19:05,19:29,19:30,19:50,00:35,00:25,DELAY,ONTIME,DELAY,DELAY,,93,00:10,,,,,19:05,19:27,,,HAN,PXU,SGN,Domestic,VJ,,,,,,,,,,,,
,2026-04-24,VJ146/VJ1147,A646,A321,SGN-HAN-SGN,19:10,19:50,19:10,19:50,19:30,20:03,20:05,20:20,00:40,00:35,DELAY,ONTIME,DELAY,DELAY,,93,00:10,66,00:05,,,19:27,20:00,,CREW OB 1940,HAN,SGN,SGN,Domestic,VJ,,,,,,,,,,,,
,2026-04-24,VJ442/VJ7712,A675,A320,PQC-HAN-PKX,18:45,19:55,18:45,19:55,18:50,19:53,19:55,20:03,01:10,01:05,ONTIME,ONTIME,ONTIME,ONTIME,,,,,,,,19:00,19:50,,,HAN,PQC,PKX,International,VJ,,,,,,,,,,,,
,2026-04-24,VJ1522/VJ523,A667,A321,DAD-HAN-DAD,18:05,20:00,19:00,20:00,19:15,19:59,20:00,20:05,01:00,00:45,ONTIME,ONTIME,ONTIME,DELAY,,,,,,,,19:15,19:55,,,HAN,DAD,DAD,Domestic,VJ,,,,,,,,,,,,
,2026-04-24,VJ931/VJ457,A693,A321,KIX-HAN-PQC,18:30,20:05,18:30,20:05,19:10,20:04,20:05,20:20,01:35,00:55,ONTIME,ONTIME,ONTIME,DELAY,,,,,,,,19:15,20:03,,,HAN,KIX,PQC,Domestic,VJ,,,,,,,,,,,,
,2026-04-24,VJ928/VJ907,A674,A321,CGK-HAN-BOM,18:15,20:05,18:15,20:05,18:55,20:04,20:05,20:18,01:50,01:10,ONTIME,ONTIME,ONTIME,DELAY,,,,,,,,19:08,19:55,,,HAN,CGK,BOM,International,VJ,,,,,,,,,,,,
,2026-04-24,VJ152/VJ159,A699,A320,SGN-HAN-SGN,19:20,20:10,19:20,20:10,19:55,20:24,20:25,20:40,00:50,00:30,DELAY,ONTIME,DELAY,DELAY,,93,00:15,,,,,19:55,20:15,,,HAN,SGN,SGN,Domestic,VJ,,,,,,,,,,,,
,2026-04-24,VJ949VJ1165,A629,A321,RMQ-HAN-SGN,19:50,21:10,19:50,21:10,20:15,21:09,21:10,21:35,01:20,00:55,ONTIME,ONTIME,DELAY,DELAY,,,,,,,,20:15,21:06,,,HAN,RMQ,SGN,Domestic,VJ,,,,,,,,,,,,
,2026-04-24,VJ438/VJ7238,A663,A320,UIH-HAN-PVG,19:25,21:15,19:25,21:15,19:55,21:14,21:15,21:45,01:50,01:20,ONTIME,ONTIME,DELAY,DELAY,,,,,,,,20:45,21:10,,,HAN,UIH,PVG,International,VJ,,,,,,,,,,,,
,2026-04-24,VJ935/VJ163,A538,A321,NRT-HAN-SGN,20:05,21:40,20:05,21:40,21:00,22:09,22:10,22:17,01:35,01:10,DELAY,DELAY,DELAY,DELAY,,95,00:25,99,00:05,,,21:15,22:00,,WAIT CREW VJ154 OB2136/ARRANGE CABIN BAG,HAN,NRT,SGN,Domestic,VJ,,,,,,,,,,,,
,2026-04-24,VJ1516/VJ7526,A521,A321,DAD-HAN-CAN,20:05,22:30,20:30,22:30,21:15,22:29,22:30,22:37,02:00,01:15,ONTIME,ONTIME,ONTIME,DELAY,,,,,,,,21:45,22:27,,,HAN,DAD,CAN,International,VJ,,,,,,,,,,,,
,2026-04-24,VJ776VJ1503,A580,A321,CXR-HAN-DAD,20:10,22:35,20:10,00:15,21:25,00:09,00:10,00:18,04:05,02:45,EARLY,ONTIME,DELAY,DELAY,,,,,,,,23:30,00:06,,,HAN,CXR,DAD,Domestic,VJ,,,,,,,,,,,,
,2026-04-25,____/VJ932,A547,A321,HAN-NRT,,00:30,,00:30,,00:29,00:30,00:32,,,ONTIME,ONTIME,ONTIME,,,,,,,,,23:45,00:20,,,HAN,HAN,NRT,International,VJ,,,,,,,,,,,,
,2026-04-25,____/VJ982,A633,A321,HAN-PUS,,01:05,,01:05,,01:04,01:05,01:10,,,ONTIME,ONTIME,ONTIME,,,,,,,,,00:20,01:00,,,HAN,HAN,PUS,International,VJ,,,,,,,,,,,,
,2026-04-25,VJ7706/VJ7706,A537,A321,CXR-HAN-KHV,00:35,01:05,00:35,01:05,00:50,01:19,01:20,01:35,00:30,00:30,DELAY,ONTIME,DELAY,ONTIME,,93,00:15,,,,,,,X,TECHSTOP,HAN,CXR,KHV,International,VJ,,,,,,,,,,,,
,2026-04-25,____/VJ938,A534,A321,HAN-KIX,,01:20,,01:20,,01:19,01:20,01:25,,,ONTIME,ONTIME,ONTIME,,,,,,,,,00:35,01:16,,,HAN,HAN,KIX,International,VJ,,,,,,,,,,,,
,2026-04-25,____/VJ960,A554,A321,HAN-ICN,,01:40,,01:40,,01:34,01:35,01:43,,,EARLY,ONTIME,ONTIME,,,,,,,,,01:05,01:30,,,HAN,HAN,ICN,International,VJ,,,,,,,,,,,,
,2026-04-25,____/VJ920,A697,A321,HAN-NGO,,01:40,,01:40,,01:31,01:32,01:34,,,EARLY,ONTIME,ONTIME,,,,,,,,,00:50,01:25,,,HAN,HAN,NGO,International,VJ,,,,,,,,,,,,
,2026-04-25,____/VJ958,A670,A321,HAN-FUK,,02:05,,02:05,,02:04,02:05,02:12,,,ONTIME,ONTIME,ONTIME,,,,,,,,,01:15,01:55,,,HAN,HAN,FUK,International,VJ,,,,,,,,,,,,
,2026-04-25,____/VJ123,A630,A321,HAN-SGN,,05:30,,05:30,,05:24,05:25,05:34,,,EARLY,ONTIME,ONTIME,,,,,,,,,04:40,05:21,,,HAN,HAN,SGN,Domestic,VJ,,,,,,,,,,,,
,2026-04-25,____/VJ1445,A667,A321,HAN-PQC,,05:30,,05:30,,05:24,05:25,05:30,,,EARLY,ONTIME,ONTIME,,,,,,,,,04:40,05:20,,,HAN,HAN,PQC,Domestic,VJ,,,,,,,,,,,,
,2026-04-25,____/VJ501,A643,A321,HAN-DAD,,05:40,,05:40,,05:34,05:35,05:40,,,EARLY,ONTIME,ONTIME,,,,,,,,,04:50,05:30,,,HAN,HAN,DAD,Domestic,VJ,,,,,,,,,,,,
,2026-04-25,____/VJ771,A658,A320,HAN-CXR,,05:45,,05:45,,05:39,05:40,05:48,,,EARLY,ONTIME,ONTIME,,,,,,,,,05:00,05:35,,,HAN,HAN,CXR,Domestic,VJ,,,,,,,,,,,,
,2026-04-25,____/VJ121,A689,A320,HAN-SGN,,06:00,,06:00,,05:54,05:55,06:00,,,EARLY,ONTIME,ONTIME,,,,,,,,,05:10,05:52,,,HAN,HAN,SGN,Domestic,VJ,,,,,,,,,,,,
,2026-04-25,____/VJ491,A535,A321,HAN-BMV,,06:00,,06:00,,05:54,05:55,06:10,,,EARLY,ONTIME,ONTIME,,,,,,,,,05:10,05:53,,,HAN,HAN,BMV,Domestic,VJ,,,,,,,,,,,,
,2026-04-25,____/VJ431,A662,A320,HAN-UIH,,06:05,,06:05,,05:59,06:00,06:06,,,EARLY,ONTIME,ONTIME,,,,,,,,,05:15,05:57,,,HAN,HAN,UIH,Domestic,VJ,,,,,,,,,,,,
,2026-04-25,____/VJ449,A669,A320,HAN-PQC,,06:30,,06:30,,06:24,06:25,06:29,,,EARLY,ONTIME,ONTIME,,,,,,,,,05:40,06:21,,,HAN,HAN,PQC,Domestic,VJ,,,,,,,,,,,,
,2026-04-25,VJ5069/VJ5069,A539,A321,NOZ-HAN-CXR,08:30,06:45,06:15,06:45,06:55,07:24,07:25,07:45,00:30,00:30,DELAY,DELAY,DELAY,ONTIME,,93,00:40,,,,,,,X,TECHSTOP,HAN,NOZ,CXR,Domestic,VJ,,,,,,,,,,,,
,2026-04-25,VJ7239/VJ461,A663,A320,PVG-HAN-VCA,04:50,06:45,04:50,06:45,05:35,06:39,06:40,06:45,01:55,01:05,EARLY,ONTIME,ONTIME,DELAY,,,,,,,,05:55,06:36,,,HAN,PVG,VCA,Domestic,VJ,,,,,,,,,,,,
,2026-04-25,____/VJ125,A542,A321,HAN-SGN,,07:00,,07:00,,06:54,06:55,07:05,,,EARLY,ONTIME,ONTIME,,,,,,,,,06:10,06:50,,,HAN,HAN,SGN,Domestic,VJ,,,,,,,,,,,,
,2026-04-25,____/VJ421,A668,A320,HAN-PXU,,07:10,,07:10,,07:04,07:05,07:15,,,EARLY,ONTIME,ONTIME,,,,,,,,,06:20,07:00,,,HAN,HAN,PXU,Domestic,VJ,,,,,,,,,,,,
,2026-04-25,____/VJ197,A812,A330,HAN-SGN,,07:20,,07:20,,07:14,07:15,07:25,,,EARLY,ONTIME,ONTIME,,,,,,,,,06:30,07:10,,,HAN,HAN,SGN,Domestic,VJ,,,,,,,,,,,,
,2026-04-25,VJ7713/VJ905,A675,A320,PKX-HAN-KUL,03:55,07:25,03:55,07:25,04:20,07:14,07:15,07:30,03:30,02:55,EARLY,ONTIME,ONTIME,DELAY,,,,,,,,06:38,07:10,,,HAN,PKX,KUL,International,VJ,,,,,,,,,,,,
,2026-04-25,____/VJ503,A632,A321,HAN-DAD,,07:30,,07:30,,07:24,07:25,07:35,,,EARLY,ONTIME,ONTIME,,,,,,,,,06:40,07:20,,,HAN,HAN,DAD,Domestic,VJ,,,,,,,,,,,,
,2026-04-25,VJ1500/VJ934,A549,A321,DAD-HAN-NRT,07:00,07:55,07:00,07:55,06:47,07:49,07:50,08:08,00:55,01:03,EARLY,ONTIME,ONTIME,ONTIME,,,,,,,,07:05,07:47,,,HAN,DAD,NRT,International,VJ,,,,,,,,,,,,
,2026-04-25,VJ7527/VJ930,A521,A321,CAN-HAN-KIX,03:05,07:55,03:05,07:55,03:18,07:48,07:50,07:55,04:50,04:32,EARLY,ONTIME,ONTIME,ONTIME,,,,,,,,07:05,07:46,,,HAN,CAN,KIX,International,VJ,,,,,,,,,,,,
,2026-04-25,VJ124/VJ129,A544,A321,SGN-HAN-SGN,08:15,08:45,08:15,08:45,08:12,08:44,08:45,08:54,00:30,00:33,ONTIME,ONTIME,ONTIME,ONTIME,,,,,,,,08:12,08:42,,,HAN,SGN,SGN,Domestic,VJ,,,,,,,,,,,,
,2026-04-25,____/VJ447,A649,A321,HAN-PQC,,08:45,,08:45,,08:44,08:45,08:49,,,ONTIME,ONTIME,ONTIME,,,,,,,,,08:05,08:43,,,HAN,HAN,PQC,Domestic,VJ,,,,,,,,,,,,
,2026-04-25,VJ1508/VJ1435,A676,A320,DAD-HAN-UIH,08:20,08:50,08:20,08:50,08:30,08:54,08:55,09:02,00:30,00:25,DELAY,ONTIME,ONTIME,ONTIME,,93,00:05,,,,,08:18,08:52,,,HAN,DAD,UIH,Domestic,VJ,,,,,,,,,,,,
,2026-04-25,VJ514/VJ563,A643,A321,DAD-HAN-HUI,08:50,09:20,08:50,09:20,09:05,09:29,09:30,09:38,00:30,00:25,DELAY,ONTIME,DELAY,ONTIME,,93,00:10,,,,,09:00,09:28,,,HAN,DAD,HUI,Domestic,VJ,,,,,,,,,,,,
,2026-04-25,VJ910/VJ915,A674,A321,BOM-HAN-SIN,07:10,10:00,07:10,10:00,07:30,09:54,09:55,09:56,02:50,02:25,EARLY,ONTIME,ONTIME,DELAY,,,,,,,,09:10,09:53,,,HAN,BOM,SIN,International,VJ,,,,,,,,,,,,
,2026-04-25,VJ122/VJ997,A543,A321,SGN-HAN-DPS,09:05,10:05,09:05,10:05,09:17,10:04,10:05,10:12,01:00,00:48,ONTIME,ONTIME,ONTIME,ONTIME,,,,,,,,09:35,10:02,,,HAN,SGN,DPS,International,VJ,,,,,,,,,,,,
,2026-04-25,VJ126/VJ131,A637,A321,SGN-HAN-SGN,09:40,10:10,09:40,10:10,09:55,10:24,10:25,10:35,00:30,00:30,DELAY,ONTIME,DELAY,ONTIME,,93,00:15,,,,,09:55,10:21,,,HAN,SGN,SGN,Domestic,VJ,,,,,,,,,,,,
,2026-04-25,VJ430/VJ463,A662,A320,UIH-HAN-VCA,09:50,10:20,09:50,10:20,09:45,10:19,10:20,10:25,00:30,00:35,ONTIME,ONTIME,ONTIME,ONTIME,,,,,,,,09:45,10:17,,,HAN,UIH,VCA,Domestic,VJ,,,,,,,,,,,,
,2026-04-25,VJ770/VJ1437,A658,A320,CXR-HAN-UIH,09:55,10:25,09:55,10:55,10:20,10:48,10:50,10:51,01:00,00:30,EARLY,ONTIME,DELAY,DELAY,,,,,,,,10:20,10:45,,,HAN,CXR,UIH,Domestic,VJ,,,,,,,,,,,,
,2026-04-25,____/VJ1493,A647,A321,HAN-BMV,,10:30,,10:30,,10:27,10:28,10:33,,,EARLY,ONTIME,ONTIME,,,,,,,,,09:45,10:26,,,HAN,HAN,BMV,Domestic,VJ,,,,,,,,,,,,
,2026-04-25,VJ1448/VJ1565,A667,A321,PQC-HAN-HUI,10:15,11:05,10:15,11:05,10:40,11:09,11:10,11:20,00:50,00:30,DELAY,ONTIME,ONTIME,DELAY,,93,00:05,,,,,10:35,11:05,,,HAN,PQC,HUI,Domestic,VJ,,,,,,,,,,,,
,2026-04-25,VJ524/VJ507,A632,A321,DAD-HAN-DAD,10:40,11:10,10:40,11:30,11:05,11:29,11:30,11:36,00:50,00:25,ONTIME,ONTIME,DELAY,DELAY,,,,,,,,11:05,11:27,,,HAN,DAD,DAD,Domestic,VJ,,,,,,,,,,,,
,2026-04-25,VJ190/VJ1443,A814,A330,SGN-HAN-PQC,10:25,11:10,10:25,11:10,10:35,11:19,11:20,11:25,00:45,00:45,DELAY,ONTIME,ONTIME,ONTIME,,93,00:10,,,,,10:40,11:15,,,HAN,SGN,PQC,Domestic,VJ,,,,,,,,,,,,
,2026-04-25,VJ492/VJ901,A535,A321,BMV-HAN-BKK,10:00,11:10,10:00,11:10,10:10,11:00,11:01,11:05,01:10,00:51,EARLY,ONTIME,ONTIME,ONTIME,,,,,,,,10:25,10:59,,,HAN,BMV,BKK,International,VJ,,,,,,,,,,,,
,2026-04-25,VJ422/VJ451,A668,A320,PXU-HAN-PQC,10:50,11:45,10:50,11:45,11:05,11:44,11:45,11:48,00:55,00:40,ONTIME,ONTIME,ONTIME,ONTIME,,,,,,,,11:00,11:42,,,HAN,PXU,PQC,Domestic,VJ,,,,,,,,,,,,
,2026-04-25,VJ450/VJ775,A669,A320,PQC-HAN-CXR,11:15,11:45,11:15,11:45,11:40,12:04,12:05,12:15,00:30,00:25,DELAY,DELAY,DELAY,DELAY,,93,00:20,,,,,11:35,12:02,,,HAN,PQC,CXR,Domestic,VJ,,,,,,,,,,,,
,2026-04-25,____/VJ133,A816,A321,HAN-SGN,,11:50,,11:50,,11:48,11:50,12:00,,,ONTIME,ONTIME,ONTIME,,,,,,,,,11:15,11:46,,,HAN,HAN,SGN,Domestic,VJ,,,,,,,,,,,,
,2026-04-25,VJ981/VJ1509,A633,A321,PUS-HAN-DAD,10:40,12:00,10:40,12:00,10:55,11:59,12:00,12:09,01:20,01:05,ONTIME,ONTIME,ONTIME,ONTIME,,,,,,,,11:15,11:57,,,HAN,PUS,DAD,Domestic,VJ,,,,,,,,,,,,
,2026-04-25,VJ462/VJ515,A663,A320,VCA-HAN-DAD,11:40,12:10,11:40,12:10,11:45,12:19,12:20,12:25,00:30,00:35,DELAY,ONTIME,ONTIME,ONTIME,,95,00:10,,,,,11:50,12:16,,WAIT CREW FROM VJ981 OB 1155,HAN,VCA,DAD,Domestic,VJ,,,,,,,,,,,,
,2026-04-25,VJ128/VJ137,A699,A320,SGN-HAN-SGN,11:50,12:20,11:50,12:20,12:15,12:39,12:40,12:50,00:30,00:25,DELAY,DELAY,DELAY,DELAY,,93,00:20,,,,,12:15,12:38,,,HAN,SGN,SGN,Domestic,VJ,,,,,,,,,,,,
,2026-04-25,VJ564/VJ453,A643,A321,HUI-HAN-PQC,12:20,13:00,12:20,13:00,12:35,13:09,13:10,13:14,00:40,00:35,DELAY,ONTIME,ONTIME,ONTIME,,93,00:05,66,00:05,,,12:45,13:07,,CREW HN OB 1245,HAN,HUI,PQC,Domestic,VJ,,,,,,,,,,,,
,2026-04-25,VJ1432/VJ509,A676,A320,UIH-HAN-DAD,12:35,13:05,12:35,13:05,12:50,13:11,13:12,13:20,00:30,00:22,DELAY,ONTIME,ONTIME,ONTIME,,93,00:07,,,,,12:50,13:10,,,HAN,UIH,DAD,Domestic,VJ,,,,,,,,,,,,
,2026-04-25,VJ939/VJ948,A534,A321,KIX-HAN-RMQ,12:20,13:30,12:20,13:30,12:30,13:29,13:30,13:35,01:10,01:00,ONTIME,ONTIME,ONTIME,ONTIME,,,,,,,,12:45,13:25,,,HAN,KIX,RMQ,International,VJ,,,,,,,,,,,,
,2026-04-25,VJ440/VJ787,A649,A321,PQC-HAN-CXR,13:30,14:00,13:30,14:00,13:35,14:08,14:10,14:15,00:30,00:35,DELAY,ONTIME,ONTIME,ONTIME,,93,00:05,66,00:05,,,13:35,14:06,,CREW HN OB 1442,HAN,PQC,CXR,Domestic,VJ,,,,,,,,,,,,
,2026-04-25,VJ921/VJ441,A697,A321,NGO-HAN-PQC,12:50,14:00,12:50,14:00,13:10,13:59,14:00,14:06,01:10,00:50,ONTIME,ONTIME,ONTIME,DELAY,,,,,,,,13:20,13:50,,,HAN,NGO,PQC,Domestic,VJ,,,,,,,,,,,,
,2026-04-25,VJ959/VJ525,A670,A321,FUK-HAN-DAD,12:25,14:05,12:25,14:05,12:25,14:00,14:05,14:11,01:40,01:40,ONTIME,ONTIME,ONTIME,ONTIME,,,,,,,,13:20,14:03,,,HAN,FUK,DAD,Domestic,VJ,,,,,,,,,,,,
,2026-04-25,VJ510/VJ141,A632,A321,DAD-HAN-SGN,14:45,15:30,14:45,15:30,14:55,15:29,15:30,15:45,00:45,00:35,ONTIME,ONTIME,ONTIME,ONTIME,,,,,,,,14:55,15:27,,,HAN,DAD,SGN,Domestic,VJ,,,,,,,,,,,,
,2026-04-25,VJ1504/VJ1505,A661,A321,DAD-HAN-DAD,14:00,14:35,14:00,15:00,14:35,15:04,15:05,15:14,01:00,00:30,DELAY,ONTIME,DELAY,DELAY,,93,00:05,,,,,14:35,15:03,,,HAN,DAD,DAD,Domestic,VJ,,,,,,,,,,,,
,2026-04-25,VJ136/VJ145,A689,A320,SGN-HAN-SGN,14:10,14:40,14:25,15:35,15:15,15:49,15:50,15:58,01:10,00:35,DELAY,ONTIME,DELAY,DELAY,,93,00:10,66,00:05,,,15:10,15:48,,CREW OB 1523,HAN,SGN,SGN,Domestic,VJ,,,,,,,,,,,,
,2026-04-25,VJ1566/VJ1521,A667,A321,HUI-HAN-DAD,14:05,14:40,14:05,14:40,14:15,14:43,14:44,14:47,00:35,00:29,DELAY,ONTIME,ONTIME,ONTIME,,93,00:04,,,,,14:10,14:42,,,HAN,HUI,DAD,Domestic,VJ,,,,,,,,,,,,
,2026-04-25,VJ7707/VJ7707,A537,A321,KHV-HAN-CXR,14:25,14:55,14:25,14:55,14:40,14:59,15:00,15:07,00:30,00:20,DELAY,ONTIME,ONTIME,ONTIME,,93,00:05,,,,,,,X,TECHSTOP,HAN,KHV,CXR,Domestic,VJ,,,,,,,,,,,,
,2026-04-25,VJ933/VJ511,A547,A321,DAD-HAN-DAD,13:50,15:05,13:50,15:05,13:50,15:04,15:05,15:11,01:15,01:15,ONTIME,ONTIME,ONTIME,ONTIME,,,,,,,,14:20,15:02,,,HAN,DAD,DAD,Domestic,VJ,,,,,,,,,,,,
,2026-04-25,VJ1494/VJ423,A647,A321,BMV-HAN-PXU,14:30,15:05,14:30,15:05,14:30,15:04,15:05,15:15,00:35,00:35,ONTIME,ONTIME,ONTIME,ONTIME,,,,,,,,14:30,15:02,,,HAN,BMV,PXU,Domestic,VJ,,,,,,,,,,,,
,2026-04-25,VJ7620/VJ7620,A539,A321,CXR-HAN-NOZ,14:45,15:15,14:45,17:30,16:55,17:26,17:27,17:33,02:45,00:32,EARLY,ONTIME,DELAY,DELAY,,,,,,,,,,X,TECHSTOP,HAN,CXR,NOZ,International,VJ,,,,,,,,,,,,
,2026-04-25,VJ1436/VJ439,A658,A320,UIH-HAN-UIH,14:10,15:40,14:10,15:40,14:50,15:39,15:40,15:47,01:30,00:50,ONTIME,ONTIME,ONTIME,DELAY,,,,,,,,14:50,15:35,,,HAN,UIH,UIH,Domestic,VJ,,,,,,,,,,,,
,2026-04-25,VJ138/VJ147,A656,A320,SGN-HAN-SGN,15:15,15:45,15:15,15:45,15:25,15:49,15:50,16:00,00:30,00:25,DELAY,ONTIME,ONTIME,ONTIME,,93,00:05,,,,,15:22,15:48,,,HAN,SGN,SGN,Domestic,VJ,,,,,,,,,,,,
,2026-04-25,VJ464/VJ567,A662,A320,VCA-HAN-HUI,15:10,15:55,15:10,15:55,15:20,15:54,15:55,16:08,00:45,00:35,ONTIME,ONTIME,ONTIME,ONTIME,,,,,,,,15:30,15:52,,,HAN,VCA,HUI,Domestic,VJ,,,,,,,,,,,,
,2026-04-25,VJ508/VJ773,A663,A320,DAD-HAN-CXR,15:25,16:00,15:25,16:25,15:50,16:24,16:25,16:30,01:00,00:35,ONTIME,ONTIME,DELAY,DELAY,,,,,,,,15:50,16:22,,,HAN,DAD,CXR,Domestic,VJ,,,,,,,,,,,,
,2026-04-25,VJ1510/VJ903,A633,A321,DAD-HAN-BKK,15:10,16:10,15:10,16:20,15:45,16:24,16:25,16:40,01:10,00:40,DELAY,ONTIME,DELAY,DELAY,,,,66,00:05,,,16:00,16:27,,CREW OB 1600,HAN,DAD,BKK,International,VJ,,,,,,,,,,,,
,2026-04-25,VJ906/VJ913,A675,A320,KUL-HAN-SAI,14:40,16:20,14:40,16:20,14:50,16:18,16:20,16:27,01:40,01:30,ONTIME,ONTIME,ONTIME,ONTIME,,,,,,,,15:30,16:15,,,HAN,KUL,SAI,International,VJ,,,,,,,,,,,,
,2026-04-25,VJ961/VJ7866,A554,A321,ICN-HAN-DYG,13:35,16:30,13:35,16:30,13:42,16:28,16:29,16:34,02:55,02:47,EARLY,ONTIME,ONTIME,ONTIME,,,,,,,,15:45,16:25,,,HAN,ICN,DYG,International,VJ,,,,,,,,,,,,
,2026-04-25,VJ2982/VJ2982,A550,A321,PQC-HAN-NOZ,16:25,16:55,16:25,16:55,16:45,17:49,17:50,17:53,00:30,01:05,DELAY,DELAY,DELAY,DELAY,,93,00:20,99,00:35,,,,,,CAPT REQ WAIT GD CREW- CREW BAGGAGE,HAN,PQC,NOZ,International,VJ,,,,,,,,,,,,
,2026-04-25,VJ902/VJ465,A535,A321,BKK-HAN-VCA,15:50,17:00,15:50,17:00,16:05,17:29,17:30,17:35,01:10,01:25,DELAY,DELAY,DELAY,ONTIME,,,,99,00:30,,,17:00,17:28,,CREW OB 1705 DUE TO TRAFFIC JAM,HAN,BKK,VCA,Domestic,VJ,,,,,,,,,,,,
,2026-04-25,VJ530/VJ1457,A676,A320,DAD-HAN-PQC,16:15,17:10,16:15,17:30,17:00,17:29,17:30,17:40,01:15,00:30,ONTIME,ONTIME,DELAY,DELAY,,,,,,,,17:05,17:27,,,HAN,DAD,PQC,Domestic,VJ,,,,,,,,,,,,
,2026-04-25,VJ454/VJ1433,A668,A320,PQC-HAN-UIH,16:45,17:40,16:45,17:40,17:25,17:54,17:55,18:03,00:55,00:30,DELAY,ONTIME,DELAY,DELAY,,93,00:10,66,00:05,,,17:25,17:50,,CREW OB 1736,HAN,PQC,UIH,Domestic,VJ,,,,,,,,,,,,
,2026-04-25,____/VJ151,A820,A330,HAN-SGN,,18:10,,18:10,,18:09,18:10,18:20,,,ONTIME,ONTIME,ONTIME,,,,,,,,,17:35,18:05,,,HAN,HAN,SGN,Domestic,VJ,,,,,,,,,,,,
,2026-04-25,VJ456/VJ517,A643,A321,PQC-HAN-DAD,17:45,18:15,17:45,18:40,18:10,18:39,18:40,18:45,00:55,00:30,ONTIME,ONTIME,DELAY,DELAY,,,,,,,,18:05,18:37,,,HAN,PQC,DAD,Domestic,VJ,,,,,,,,,,,,
,2026-04-25,VJ1522/VJ1153,A578,A321,DAD-HAN-SGN,17:55,18:25,17:55,18:25,18:05,18:34,18:35,18:40,00:30,00:30,DELAY,ONTIME,ONTIME,ONTIME,,93,00:10,,,,,18:00,18:32,,,HAN,DAD,SGN,Domestic,VJ,,,,,,,,,,,,
,2026-04-25,VJ144/VJ495,A525,A321,SGN-HAN-BMV,18:05,18:35,18:05,18:45,18:25,18:54,18:55,19:05,00:40,00:30,DELAY,ONTIME,DELAY,DELAY,,93,00:10,,,,,18:00,18:50,,,HAN,SGN,BMV,Domestic,VJ,,,,,,,,,,,,
,2026-04-25,VJ774/VJ781,A649,A321,CXR-HAN-CXR,18:10,18:40,18:10,19:15,18:50,19:19,19:20,19:22,01:05,00:30,DELAY,ONTIME,DELAY,DELAY,,93,00:05,,,,,18:50,19:15,,,HAN,CXR,CXR,Domestic,VJ,,,,,,,,,,,,
,2026-04-25,VJ512/VJ521,A547,A321,DAD-HAN-DAD,18:15,18:45,18:15,19:10,18:50,19:19,19:20,19:30,00:55,00:30,DELAY,ONTIME,DELAY,DELAY,,93,00:10,,,,,18:50,19:15,,,HAN,DAD,DAD,Domestic,VJ,,,,,,,,,,,,
,2026-04-25,VJ528/VJ1789,A670,A321,DAD-HAN-CXR,17:25,18:45,17:25,18:45,17:30,18:44,18:45,18:55,01:20,01:15,ONTIME,ONTIME,ONTIME,ONTIME,,,,,,,,18:00,18:42,,,HAN,DAD,CXR,Domestic,VJ,,,,,,,,,,,,
,2026-04-25,VJ424/VJ1561,A647,A321,PXU-HAN-HUI,18:45,19:15,18:45,19:15,19:10,19:38,19:40,19:42,00:30,00:30,DELAY,DELAY,DELAY,DELAY,,93,00:25,,,,,19:05,19:35,,,HAN,PXU,HUI,Domestic,VJ,,,,,,,,,,,,
,2026-04-25,VJ442/VJ1127,A697,A321,PQC-HAN-SGN,19:05,19:40,19:05,19:40,19:00,19:39,19:40,19:50,00:35,00:40,ONTIME,ONTIME,ONTIME,ONTIME,,,,,,,,19:00,19:38,,,HAN,PQC,SGN,Domestic,VJ,,,,,,,,,,,,
,2026-04-25,VJ931/VJ519,A521,A321,KIX-HAN-DAD,18:30,19:25,18:30,20:45,20:00,20:44,20:45,20:48,02:15,00:45,ONTIME,ONTIME,DELAY,DELAY,,,,,,,,20:00,20:40,,,HAN,KIX,DAD,Domestic,VJ,,,,,,,,,,,,
,2026-04-25,____/VJ971,A812,A330,HAN-DEL,,19:40,,19:40,,19:39,19:40,19:46,,,ONTIME,ONTIME,ONTIME,,,,,,,,,18:55,19:35,,,HAN,HAN,DEL,International,VJ,,,,,,,,,,,,
,2026-04-25,VJ916/VJ1925,A674,A321,SIN-HAN-AMD,18:00,19:45,18:00,19:45,17:50,19:49,19:50,20:00,01:45,02:00,DELAY,ONTIME,ONTIME,ONTIME,,,,99,00:05,,,19:25,19:45,,LATE ACPT 3PAX + 3BAG,HAN,SIN,AMD,International,VJ,,,,,,,,,,,,
,2026-04-25,VJ772/VJ7712,A669,A320,CXR-HAN-PKX,15:55,19:55,15:55,19:55,16:55,19:59,20:00,20:10,04:00,03:05,DELAY,ONTIME,ONTIME,DELAY,,,,99,00:05,,,19:10,19:55,,LATE ACPT 1PAX + 2BAG,HAN,CXR,PKX,International,VJ,,,,,,,,,,,,
,2026-04-25,VJ949/VJ161,A534,A321,RMQ-HAN-SGN,19:50,20:55,19:50,20:55,20:10,20:52,20:53,20:56,01:05,00:43,EARLY,ONTIME,ONTIME,DELAY,,,,,,,,20:15,20:50,,,HAN,RMQ,SGN,Domestic,VJ,,,,,,,,,,,,
,2026-04-25,VJ568/VJ7238,A662,A320,HUI-HAN-PVG,18:55,21:15,18:55,21:15,19:15,21:09,21:10,21:20,02:20,01:55,EARLY,ONTIME,ONTIME,DELAY,,,,,,,,20:30,21:05,,,HAN,HUI,PVG,International,VJ,,,,,,,,,,,,
,2026-04-25,____/VJ163,A544,A321,HAN-SGN,,21:25,,21:25,,21:49,21:50,21:55,,,DELAY,DELAY,DELAY,,,,,95,00:25,,,21:20,21:45,,CREW 154 OB 2135,HAN,HAN,SGN,Domestic,VJ,,,,,,,,,,,,
,2026-04-25,VJ520/VJ1527,A643,A321,DAD-HAN-DAD,21:25,21:55,21:25,22:30,22:10,22:39,22:40,22:45,01:05,00:30,DELAY,ONTIME,DELAY,DELAY,,93,00:10,,,,,22:10,22:35,,,HAN,DAD,DAD,Domestic,VJ,,,,,,,,,,,,
,2026-04-25,VJ904/VJ7526,A633,A321,BKK-HAN-CAN,20:50,22:30,20:50,22:30,21:45,22:26,22:27,22:30,01:40,00:42,EARLY,ONTIME,ONTIME,DELAY,,,,,,,,22:00,22:23,,,HAN,BKK,CAN,International,VJ,,,,,,,,,,,,
,2026-04-25,VJ154/VJ1503,A637,A321,SGN-HAN-DAD,20:55,22:35,20:55,22:35,21:10,22:34,22:35,22:43,01:40,01:25,ONTIME,ONTIME,ONTIME,ONTIME,,,,,,,,22:12,22:32,,,HAN,SGN,DAD,Domestic,VJ,,,,,,,,,,,,
,2026-04-25,VJ7867/VJ167,A554,A321,DYG-HAN-SGN,21:40,22:45,21:40,22:45,21:35,22:39,22:40,22:43,01:05,01:05,EARLY,ONTIME,ONTIME,ONTIME,,,,,,,,22:00,22:35,,,HAN,DYG,SGN,Domestic,VJ,,,,,,,,,,,,
,2026-04-26,____/VJ932,A580,A321,HAN-NRT,,00:30,,00:30,,00:29,00:30,00:38,,,ONTIME,ONTIME,ONTIME,,,,,,,,,23:40,00:05,,,HAN,HAN,NRT,International,VJ,,,,,,,,,,,,
,2026-04-26,____/VJ982,A670,A321,HAN-PUS,,01:05,,01:05,,00:50,00:51,00:55,,,EARLY,ONTIME,ONTIME,,,,,,,,,00:15,00:45,,,HAN,HAN,PUS,International,VJ,,,,,,,,,,,,
,2026-04-26,____/VJ938,A549,A321,HAN-KIX,,01:20,,01:20,,01:09,01:10,01:16,,,EARLY,ONTIME,ONTIME,,,,,,,,,00:25,01:05,,,HAN,HAN,KIX,International,VJ,,,,,,,,,,,,
,2026-04-26,____/VJ960,A543,A321,HAN-ICN,,01:40,,01:40,,01:28,01:29,01:32,,,EARLY,ONTIME,ONTIME,,,,,,,,,00:50,01:25,,,HAN,HAN,ICN,International,VJ,,,,,,,,,,,,
,2026-04-26,____/VJ920,A547,A321,HAN-NGO,,01:40,,01:40,,01:34,01:35,01:40,,,EARLY,ONTIME,ONTIME,,,,,,,,,00:50,01:30,,,HAN,HAN,NGO,International,VJ,,,,,,,,,,,,
,2026-04-26,____/VJ123,A535,A321,HAN-SGN,,05:30,,05:30,,05:24,05:25,05:28,,,EARLY,ONTIME,ONTIME,,,,,,,,,04:40,05:20,,,HAN,HAN,SGN,Domestic,VJ,,,,,,,,,,,,
,2026-04-26,____/VJ501,A647,A321,HAN-DAD,,05:40,,05:40,,05:34,05:35,05:37,,,EARLY,ONTIME,ONTIME,,,,,,,,,04:50,05:30,,,HAN,HAN,DAD,Domestic,VJ,,,,,,,,,,,,
,2026-04-26,____/VJ771,A676,A320,HAN-CXR,,05:45,,05:45,,05:36,05:37,05:44,,,EARLY,ONTIME,ONTIME,,,,,,,,,05:00,05:33,,,HAN,HAN,CXR,Domestic,VJ,,,,,,,,,,,,
,2026-04-26,____/VJ121,A666,A320,HAN-SGN,,06:00,,06:00,,05:54,05:55,06:00,,,EARLY,ONTIME,ONTIME,,,,,,,,,05:10,05:50,,,HAN,HAN,SGN,Domestic,VJ,,,,,,,,,,,,
,2026-04-26,VJ7713/VJ952,A669,A320,PKX-HAN-HIJ,03:55,06:15,03:55,06:15,04:20,06:09,06:10,06:17,02:20,01:50,EARLY,ONTIME,ONTIME,DELAY,,,,,,,,05:30,06:05,,,HAN,PKX,HIJ,International,VJ,,,,,,,,,,,,
,2026-04-26,VJ2987/VJ2987,A550,A321,NOZ-HAN-DAD,08:05,06:45,06:15,06:45,07:25,07:39,07:40,07:47,00:30,00:15,DELAY,DELAY,DELAY,ONTIME,,93,00:55,,,,,,,X,TECHSTOP,HAN,NOZ,DAD,Domestic,VJ,,,,,,,,,,,,
,2026-04-26,____/VJ125,A658,A320,HAN-SGN,,07:00,,07:00,,06:54,06:55,06:58,,,EARLY,ONTIME,ONTIME,,,,,,,,,06:10,06:50,,,HAN,HAN,SGN,Domestic,VJ,,,,,,,,,,,,
,2026-04-26,____/VJ197,A668,A320,HAN-SGN,,07:20,,07:20,,07:14,07:15,07:23,,,EARLY,ONTIME,ONTIME,,,,,,,,,06:35,07:10,,,HAN,HAN,SGN,Domestic,VJ,,,,,,,,,,,,
,2026-04-26,____/VJ503,A649,A321,HAN-DAD,,07:30,,07:30,,07:24,07:25,07:37,,,EARLY,ONTIME,ONTIME,,,,,,,,,06:45,07:20,,,HAN,HAN,DAD,Domestic,VJ,,,,,,,,,,,,
,2026-04-26,____/VJ934,A525,A321,HAN-NRT,,07:55,,07:55,,07:49,07:50,08:00,,,EARLY,ONTIME,ONTIME,,,,,,,,,07:10,07:47,,,HAN,HAN,NRT,International,VJ,,,,,,,,,,,,
,2026-04-26,____/VJ930,A578,A321,HAN-KIX,,07:55,,07:55,,07:48,07:50,07:55,,,EARLY,ONTIME,ONTIME,,,,,,,,,07:05,07:46,,,HAN,HAN,KIX,International,VJ,,,,,,,,,,,,
,2026-04-26,VJ7527/VJ929,A633,A321,CAN-HAN-CGK,03:05,08:40,03:05,08:40,03:20,08:34,08:35,08:37,05:35,05:15,EARLY,ONTIME,ONTIME,ONTIME,,,,,,,,07:50,08:30,,,HAN,CAN,CGK,International,VJ,,,,,,,,,,,,
,2026-04-26,VJ124/VJ129,A685,A321,SGN-HAN-SGN,08:15,08:45,08:15,08:45,08:10,08:44,08:45,08:50,00:30,00:35,ONTIME,ONTIME,ONTIME,ONTIME,,,,,,,,08:10,08:35,,,HAN,SGN,SGN,Domestic,VJ,,,,,,,,,,,,
,2026-04-26,VJ1500/VJ447,A637,A321,DAD-HAN-PQC,07:00,08:45,07:00,08:45,06:45,08:43,08:44,08:46,01:45,01:59,EARLY,ONTIME,ONTIME,ONTIME,,,,,,,,07:55,08:38,,,HAN,DAD,PQC,Domestic,VJ,,,,,,,,,,,,
,2026-04-26,____/VJ1435,A675,A320,HAN-UIH,,08:50,,08:50,,08:48,08:49,08:55,,,EARLY,ONTIME,ONTIME,,,,,,,,,08:01,08:25,,,HAN,HAN,UIH,Domestic,VJ,,,,,,,,,,,,
,2026-04-26,VJ7621/VJ7621,A539,A321,BAX-HAN-CXR,10:45,09:00,08:30,11:30,11:00,11:18,11:20,11:25,03:00,00:20,EARLY,ONTIME,DELAY,ONTIME,,,,,,,,,,X,TECHSTOP,HAN,BAX,CXR,Domestic,VJ,,,,,,,,,,,,
,2026-04-26,____/VJ505,A699,A320,HAN-DAD,,09:05,,09:05,,09:02,09:05,09:06,,,ONTIME,ONTIME,ONTIME,,,,,,,,,08:20,09:01,,,HAN,HAN,DAD,Domestic,VJ,,,,,,,,,,,,
,2026-04-26,____/VJ1781,A816,A330,HAN-CXR,,09:10,,09:10,,09:09,09:10,09:20,,,ONTIME,ONTIME,ONTIME,,,,,,,,,08:40,09:06,,,HAN,HAN,CXR,Domestic,VJ,,,,,,,,,,,,
,2026-04-26,____/VJ563,A698,A321,HAN-HUI,,09:20,,09:20,,09:19,09:20,09:35,,,ONTIME,ONTIME,ONTIME,,,,,,,,,08:35,09:10,,,HAN,HAN,HUI,Domestic,VJ,,,,,,,,,,,,
,2026-04-26,VJ1926/VJ915,A674,A321,AMD-HAN-SIN,05:55,09:35,05:55,09:35,06:40,09:34,09:35,09:50,03:40,02:55,ONTIME,ONTIME,ONTIME,DELAY,,,,,,,,08:50,09:28,,,HAN,AMD,SIN,International,VJ,,,,,,,,,,,,
,2026-04-26,VJ122/VJ997,A528,A321,SGN-HAN-DPS,09:05,10:05,09:05,10:05,09:05,09:54,09:55,10:00,01:00,00:50,EARLY,ONTIME,ONTIME,ONTIME,,,,,,,,09:22,09:48,,,HAN,SGN,DPS,International,VJ,,,,,,,,,,,,
,2026-04-26,VJ126/VJ131,A639,A321,SGN-HAN-SGN,09:40,10:10,09:40,10:10,09:35,10:09,10:10,10:18,00:30,00:35,ONTIME,ONTIME,ONTIME,ONTIME,,,,,,,,09:35,10:07,,,HAN,SGN,SGN,Domestic,VJ,,,,,,,,,,,,
,2026-04-26,VJ7239/VJ463,A662,A320,PVG-HAN-VCA,04:50,10:20,04:50,10:20,04:55,09:16,09:17,09:22,05:30,04:22,EARLY,ONTIME,ONTIME,ONTIME,,,,,,,,09:35,10:14,,,HAN,PVG,VCA,Domestic,VJ,,,,,,,,,,,,
,2026-04-26,VJ514/VJ1493,A647,A321,DAD-HAN-BMV,08:50,10:30,08:50,10:30,09:08,10:27,10:29,10:33,01:40,01:21,EARLY,ONTIME,ONTIME,DELAY,,,,,,,,09:45,10:21,,,HAN,DAD,BMV,Domestic,VJ,,,,,,,,,,,,
,2026-04-26,____/VJ901,A522,A321,HAN-BKK,,11:10,,11:10,,11:07,11:08,11:10,,,EARLY,ONTIME,ONTIME,,,,,,,,,10:18,10:55,,,HAN,HAN,BKK,International,VJ,,,,,,,,,,,,
,2026-04-26,VJ524/VJ507,A649,A321,DAD-HAN-DAD,10:40,11:10,10:40,11:10,10:55,11:24,11:25,11:31,00:30,00:30,DELAY,ONTIME,DELAY,ONTIME,,93,00:15,,,,,10:55,10:20,,,HAN,DAD,DAD,Domestic,VJ,,,,,,,,,,,,
,2026-04-26,____/VJ133,A651,A321,HAN-SGN,,11:20,,11:20,,11:19,11:20,11:24,,,ONTIME,ONTIME,ONTIME,,,,,,,,,10:45,11:15,,,HAN,HAN,SGN,Domestic,VJ,,,,,,,,,,,,
,2026-04-26,VJ130/VJ451,A632,A321,SGN-HAN-PQC,10:50,11:45,10:50,11:45,11:05,11:44,11:45,11:51,00:55,00:40,ONTIME,ONTIME,ONTIME,ONTIME,,,,,,,,11:05,11:32,,,HAN,SGN,PQC,Domestic,VJ,,,,,,,,,,,,
,2026-04-26,VJ770/VJ515,A676,A320,CXR-HAN-DAD,09:55,12:10,09:55,12:10,10:15,12:07,12:08,12:13,02:15,01:53,EARLY,ONTIME,ONTIME,DELAY,,,,,,,,11:25,12:03,,,HAN,CXR,DAD,Domestic,VJ,,,,,,,,,,,,
,2026-04-26,VJ128/VJ137,A658,A320,SGN-HAN-SGN,11:50,12:20,11:50,12:20,12:00,12:34,12:35,12:43,00:30,00:35,DELAY,ONTIME,DELAY,ONTIME,,93,00:05,66,00:10,,,12:00,12:32,,CREW HN OB 1212,HAN,SGN,SGN,Domestic,VJ,,,,,,,,,,,,
,2026-04-26,____/VJ1501,A812,A330,HAN-DAD,,12:30,,12:30,,12:29,12:30,12:35,,,ONTIME,ONTIME,ONTIME,,,,,,,,,11:45,12:25,,,HAN,HAN,DAD,Domestic,VJ,,,,,,,,,,,,
,2026-04-26,VJ506/VJ453,A699,A320,DAD-HAN-PQC,12:15,13:00,12:15,13:00,12:35,13:06,13:07,13:15,00:45,00:32,DELAY,ONTIME,ONTIME,DELAY,,66,00:07,,,,,12:25,13:04,,CREW HN OB 1247,HAN,DAD,PQC,Domestic,VJ,,,,,,,,,,,,
,2026-04-26,VJ1432/VJ509,A675,A320,UIH-HAN-DAD,12:35,13:05,12:35,13:05,12:50,13:14,13:15,13:20,00:30,00:25,DELAY,ONTIME,ONTIME,ONTIME,,93,00:10,,,,,12:37,13:13,,,HAN,UIH,DAD,Domestic,VJ,,,,,,,,,,,,
,2026-04-26,VJ564/VJ787,A698,A321,HUI-HAN-CXR,12:20,13:10,12:20,13:10,12:55,13:24,13:25,13:25,00:50,00:30,DELAY,ONTIME,ONTIME,DELAY,,93,00:15,,,,,12:50,13:22,,,HAN,HUI,CXR,Domestic,VJ,,,,,,,,,,,,
,2026-04-26,VJ939/VJ948,A549,A321,KIX-HAN-RMQ,12:20,13:30,12:20,13:30,12:35,13:29,13:30,13:40,01:10,00:55,ONTIME,ONTIME,ONTIME,ONTIME,,,,,,,,12:53,13:25,,,HAN,KIX,RMQ,International,VJ,,,,,,,,,,,,
,2026-04-26,VJ198/VJ149,A820,A321,SGN-HAN-SGN,12:40,13:40,12:40,13:40,13:05,13:44,13:45,13:55,01:00,00:40,DELAY,ONTIME,ONTIME,DELAY,,93,00:05,,,,,13:05,13:40,,,HAN,SGN,SGN,Domestic,VJ,,,,,,,,,,,,
,2026-04-26,VJ1508/VJ441,A200,A321,DAD-HAN-PQC,08:20,14:00,08:20,14:00,08:12,13:57,13:58,14:04,05:40,05:46,EARLY,ONTIME,ONTIME,ONTIME,,,,,,,,13:15,13:45,,,HAN,DAD,PQC,Domestic,VJ,,,,,,,,,,,,
,2026-04-26,VJ981/VJ525,A670,A321,PUS-HAN-DAD,10:40,14:05,10:40,14:05,10:20,14:02,14:03,14:06,03:25,03:43,EARLY,ONTIME,ONTIME,ONTIME,,,,,,,,13:25,14:00,,,HAN,PUS,DAD,Domestic,VJ,,,,,,,,,,,,
,2026-04-26,VJ921/VJ942,A547,A321,NGO-HAN-TPE,12:50,14:25,12:50,14:25,13:00,14:24,14:25,14:28,01:35,01:25,ONTIME,ONTIME,ONTIME,ONTIME,,,,,,,,13:43,14:22,,,HAN,NGO,TPE,International,VJ,,,,,,,,,,,,
,2026-04-26,____/VJ141,A548,A321,HAN-SGN,,14:30,,14:30,,14:28,14:30,14:30,,,ONTIME,ONTIME,ONTIME,,,,,,,,,13:50,14:25,,,HAN,HAN,SGN,Domestic,VJ,,,,,,,,,,,,
,2026-04-26,VJ1504/VJ1505,A550,A321,DAD-HAN-DAD,14:00,14:35,14:00,14:35,14:10,14:39,14:40,14:50,00:35,00:30,DELAY,ONTIME,ONTIME,ONTIME,,93,00:05,,,,,14:07,15:39,,,HAN,DAD,DAD,Domestic,VJ,,,,,,,,,,,,
,2026-04-26,____/VJ145,A663,A320,HAN-SGN,,14:40,,14:40,,14:39,14:40,14:46,,,ONTIME,ONTIME,ONTIME,,,,,,,,,14:00,14:36,,,HAN,HAN,SGN,Domestic,VJ,,,,,,,,,,,,
,2026-04-26,VJ961/VJ946,A543,A321,ICN-HAN-KHH,13:35,14:50,13:35,14:50,13:40,14:40,14:42,14:52,01:15,01:02,EARLY,ONTIME,ONTIME,ONTIME,,,,,,,,14:05,14:37,,,HAN,ICN,KHH,International,VJ,,,,,,,,,,,,
,2026-04-26,VJ1494/VJ423,A647,A321,BMV-HAN-PXU,14:30,15:05,14:30,15:05,14:40,15:22,15:23,15:29,00:35,00:43,DELAY,DELAY,DELAY,ONTIME,,93,00:05,41,00:13,,,14:40,15:07,,TECHNICAL CHECK,HAN,BMV,PXU,Domestic,VJ,,,,,,,,,,,,
,2026-04-26,VJ440/VJ511,A637,A321,PQC-HAN-DAD,13:30,15:05,13:30,15:05,13:45,15:04,15:05,15:11,01:35,01:20,ONTIME,ONTIME,ONTIME,ONTIME,,,,,,,,14:20,15:00,,,HAN,PQC,DAD,Domestic,VJ,,,,,,,,,,,,
,2026-04-26,VJ464/VJ439,A662,A320,VCA-HAN-UIH,15:10,15:40,15:10,15:40,15:15,15:39,15:40,15:50,00:30,00:25,ONTIME,ONTIME,ONTIME,ONTIME,,,,,,,,15:17,15:36,,,HAN,VCA,UIH,Domestic,VJ,,,,,,,,,,,,
,2026-04-26,VJ138/VJ147,A655,A320,SGN-HAN-SGN,15:15,15:45,15:15,15:45,15:35,15:59,16:00,16:13,00:30,00:25,DELAY,ONTIME,DELAY,DELAY,,93,00:15,,,,,15:25,15:56,,,HAN,SGN,SGN,Domestic,VJ,,,,,,,,,,,,
,2026-04-26,VJ136/VJ903,A666,A320,SGN-HAN-BKK,14:10,15:45,14:10,15:45,15:08,15:44,15:45,15:47,01:35,00:37,ONTIME,ONTIME,ONTIME,DELAY,,,,,,,,15:18,15:42,,,HAN,SGN,BKK,International,VJ,,,,,,,,,,,,
,2026-04-26,VJ510/VJ567,A649,A321,DAD-HAN-HUI,14:35,15:55,14:35,15:55,15:05,15:53,15:55,15:58,01:20,00:50,ONTIME,ONTIME,ONTIME,DELAY,,,,,,,,15:05,15:50,,,HAN,DAD,HUI,Domestic,VJ,,,,,,,,,,,,
,2026-04-26,VJ508/VJ773,A676,A320,DAD-HAN-CXR,15:25,16:00,15:25,16:00,15:45,15:59,16:00,16:14,00:35,00:15,ONTIME,ONTIME,ONTIME,DELAY,,,,,,,,15:30,15:57,,,HAN,DAD,CXR,Domestic,VJ,,,,,,,,,,,,
,2026-04-26,VJ134/VJ913,A524,A321,SGN-HAN-SAI,13:40,16:35,13:40,16:35,14:13,16:20,16:21,16:45,02:55,02:08,EARLY,ONTIME,ONTIME,DELAY,,,,,,,,15:50,16:18,,,HAN,SGN,SAI,International,VJ,,,,,,,,,,,,
,2026-04-26,VJ140/VJ151,A651,A321,SGN-HAN-SGN,16:20,16:50,16:20,16:50,16:45,17:14,17:15,17:20,00:30,00:30,DELAY,DELAY,DELAY,DELAY,,93,00:25,,,,,16:45,17:12,,,HAN,SGN,SGN,Domestic,VJ,,,,,,,,,,,,
,2026-04-26,VJ933/VJ465,A580,A321,NRT-HAN-VCA,13:05,17:00,13:05,17:00,13:35,16:57,16:58,17:00,03:55,03:23,EARLY,ONTIME,ONTIME,DELAY,,,,,,,,16:05,16:55,,,HAN,NRT,VCA,Domestic,VJ,,,,,,,,,,,,
,2026-04-26,VJ454/VJ1433,A632,A321,PQC-HAN-UIH,16:45,17:40,16:45,17:40,16:55,17:33,17:35,17:38,00:55,00:40,EARLY,ONTIME,ONTIME,ONTIME,,,,,,,,16:55,17:30,,,HAN,PQC,UIH,Domestic,VJ,,,,,,,,,,,,
,2026-04-26,VJ530/VJ517,A675,A320,DAD-HAN-DAD,16:15,17:45,16:15,17:45,16:45,17:34,17:35,17:42,01:30,00:50,EARLY,ONTIME,ONTIME,DELAY,,,,,,,,17:00,17:32,,,HAN,DAD,DAD,Domestic,VJ,,,,,,,,,,,,
,2026-04-26,VJ902/VJ495,A522,A321,BKK-HAN-BMV,15:50,18:00,15:50,18:00,16:00,17:54,17:55,17:56,02:10,01:55,EARLY,ONTIME,ONTIME,ONTIME,,,,,,,,17:15,17:52,,,HAN,BKK,BMV,Domestic,VJ,,,,,,,,,,,,
,2026-04-26,VJ953/VJ781,A669,A320,HIJ-HAN-CXR,16:10,18:15,16:10,18:15,16:45,18:14,18:15,18:18,02:05,01:30,ONTIME,ONTIME,ONTIME,DELAY,,,,,,,,17:32,18:10,,,HAN,HIJ,CXR,Domestic,VJ,,,,,,,,,,,,
,2026-04-26,VJ528/VJ521,A629,A321,DAD-HAN-DAD,17:35,18:45,17:35,18:45,18:05,18:39,18:40,18:46,01:10,00:35,EARLY,ONTIME,ONTIME,DELAY,,,,,,,,18:05,18:38,,,HAN,DAD,DAD,Domestic,VJ,,,,,,,,,,,,
,2026-04-26,VJ512/VJ1561,A637,A321,DAD-HAN-HUI,18:15,19:15,18:15,19:15,18:32,19:03,19:04,19:15,01:00,00:32,EARLY,ONTIME,ONTIME,DELAY,,,,,,,,18:30,19:00,,,HAN,DAD,HUI,Domestic,VJ,,,,,,,,,,,,
,2026-04-26,VJ928/VJ1127,A633,A321,CGK-HAN-SGN,18:15,19:20,18:15,19:20,18:15,19:24,19:25,19:35,01:05,01:10,DELAY,ONTIME,ONTIME,ONTIME,,15A,00:05,,,,,18:40,19:15,,DL15A OFFLOAD 3 PAX & 1 BAG,HAN,CGK,SGN,Domestic,VJ,,,,,,,,,,,,
,2026-04-26,VJ424/VJ519,A647,A321,PXU-HAN-DAD,18:45,19:25,18:45,19:25,19:05,19:34,19:35,19:40,00:40,00:30,DELAY,ONTIME,ONTIME,DELAY,,93,00:10,,,,,19:05,19:33,,,HAN,PXU,DAD,Domestic,VJ,,,,,,,,,,,,
,2026-04-26,VJ774/VJ523,A640,A321,CXR-HAN-DAD,17:30,19:40,17:30,19:40,18:10,19:39,19:40,19:48,02:10,01:30,ONTIME,ONTIME,ONTIME,DELAY,,,,,,,,18:55,19:37,,,HAN,CXR,DAD,Domestic,VJ,,,,,,,,,,,,
,2026-04-26,VJ916/VJ1925,A674,A321,SIN-HAN-AMD,17:25,19:45,17:25,19:45,17:30,19:34,19:35,19:37,02:20,02:05,EARLY,ONTIME,ONTIME,ONTIME,,,,,,,,19:00,19:30,,,HAN,SIN,AMD,International,VJ,,,,,,,,,,,,
,2026-04-26,VJ7614/VJ7614,A552,A321,CXR-HAN-BQS,19:20,19:50,19:20,20:00,19:35,20:04,20:05,20:05,00:40,00:30,DELAY,ONTIME,ONTIME,ONTIME,,93,00:05,,,,,,,X,TECHSTOP,HAN,CXR,BQS,International,VJ,,,,,,,,,,,,
,2026-04-26,VJ456/VJ7712,A699,A320,PQC-HAN-PKX,17:45,20:00,17:45,20:00,18:25,19:44,19:45,19:50,02:15,01:20,EARLY,ONTIME,ONTIME,DELAY,,,,,,,,19:10,19:42,,,HAN,PQC,PKX,International,VJ,,,,,,,,,,,,
,2026-04-26,VJ931/VJ455,A578,A321,KIX-HAN-PQC,18:30,20:05,18:30,20:05,19:00,19:50,19:51,20:04,01:35,00:51,EARLY,ONTIME,ONTIME,DELAY,,,,,,,,19:20,19:48,,,HAN,KIX,PQC,Domestic,VJ,,,,,,,,,,,,
,2026-04-26,VJ144/VJ7815,A684,A321,SGN-HAN-MNL,18:05,20:10,18:05,20:10,18:20,20:04,20:05,20:08,02:05,01:45,EARLY,ONTIME,ONTIME,ONTIME,,,,,,,,19:25,20:01,,,HAN,SGN,MNL,International,VJ,,,,,,,,,,,,
,2026-04-26,____/VJ161,A814,A330,HAN-SGN,,20:55,,20:55,,20:47,20:48,20:50,,,EARLY,ONTIME,ONTIME,,,,,,,,,20:00,20:45,,,HAN,HAN,SGN,Domestic,VJ,,,,,,,,,,,,
,2026-04-26,VJ438/VJ7238,A662,A320,UIH-HAN-PVG,19:25,21:15,19:25,21:15,19:35,21:04,21:05,21:15,01:50,01:30,EARLY,ONTIME,ONTIME,ONTIME,,,,,,,,20:20,20:55,,,HAN,UIH,PVG,International,VJ,,,,,,,,,,,,
,2026-04-26,VJ154/VJ163,A685,A321,SGN-HAN-SGN,20:55,21:25,20:55,21:25,21:05,21:29,21:30,21:40,00:30,00:25,DELAY,ONTIME,ONTIME,ONTIME,,93,00:05,,,,,21:05,21:28,,,HAN,SGN,SGN,Domestic,VJ,,,,,,,,,,,,
,2026-04-26,VJ776/VJ1527,A676,A320,CXR-HAN-DAD,20:10,21:25,20:10,21:25,20:55,21:19,21:20,21:28,01:15,00:25,EARLY,ONTIME,ONTIME,DELAY,,,,,,,,20:45,21:14,,,HAN,CXR,DAD,Domestic,VJ,,,,,,,,,,,,
,2026-04-26,VJ935/VJ7526,A525,A321,NRT-HAN-CAN,20:05,22:30,20:05,22:30,20:43,22:21,22:23,22:25,02:25,01:40,EARLY,ONTIME,ONTIME,DELAY,,,,,,,,21:35,22:20,,,HAN,NRT,CAN,International,VJ,,,,,,,,,,,,
,2026-04-26,VJ150/VJ167,A548,A321,SGN-HAN-SGN,19:50,22:45,19:50,22:45,19:50,22:39,22:40,22:45,02:55,02:50,EARLY,ONTIME,ONTIME,ONTIME,,,,,,,,22:00,22:38,,,HAN,SGN,SGN,Domestic,VJ,,,,,,,,,,,,
,2026-04-27,VJ7988/VJ7988,A550,A321,DAD-HAN-VVO,23:55,00:25,23:55,00:25,00:15,00:44,00:45,00:50,00:30,00:30,DELAY,DELAY,DELAY,ONTIME,,93,00:20,,,,,,,X,TECHSTOP,HAN,DAD,VVO,International,VJ,,,,,,,,,,,,
,2026-04-27,____/VJ932,A528,A321,HAN-NRT,,00:30,,00:30,,00:21,00:22,00:26,,,EARLY,ONTIME,ONTIME,,,,,,,,,23:40,00:19,,,HAN,HAN,NRT,International,VJ,,,,,,,,,,,,
,2026-04-27,____/VJ982,A629,A321,HAN-PUS,,01:05,,01:05,,01:02,01:03,01:10,,,EARLY,ONTIME,ONTIME,,,,,,,,,00:15,01:00,,,HAN,HAN,PUS,International,VJ,,,,,,,,,,,,
,2026-04-27,____/VJ938,A543,A321,HAN-KIX,,01:20,,01:20,,01:07,01:08,01:11,,,EARLY,ONTIME,ONTIME,,,,,,,,,00:30,01:05,,,HAN,HAN,KIX,International,VJ,,,,,,,,,,,,
,2026-04-27,____/VJ960,A522,A321,HAN-ICN,,01:40,,01:40,,01:31,01:32,01:35,,,EARLY,ONTIME,ONTIME,,,,,,,,,00:50,01:30,,,HAN,HAN,ICN,International,VJ,,,,,,,,,,,,
,2026-04-27,____/VJ920,A575,A321,HAN-NGO,,01:40,,01:40,,01:38,01:40,01:41,,,ONTIME,ONTIME,ONTIME,,,,,,,,,00:50,01:36,,,HAN,HAN,NGO,International,VJ,,,,,,,,,,,,
,2026-04-27,____/VJ123,A549,A321,HAN-SGN,,05:30,,05:30,,05:24,05:25,05:30,,,EARLY,ONTIME,ONTIME,,,,,,,,,04:35,05:22,,,HAN,HAN,SGN,Domestic,VJ,,,,,,,,,,,,
,2026-04-27,____/VJ1445,A666,A320,HAN-PQC,,05:30,,05:30,,05:24,05:25,05:30,,,EARLY,ONTIME,ONTIME,,,,,,,,,04:36,05:23,,,HAN,HAN,PQC,Domestic,VJ,,,,,,,,,,,,
,2026-04-27,____/VJ771,A669,A320,HAN-CXR,,05:45,,05:45,,05:39,05:40,05:45,,,EARLY,ONTIME,ONTIME,,,,,,,,,04:55,05:36,,,HAN,HAN,CXR,Domestic,VJ,,,,,,,,,,,,
,2026-04-27,____/VJ449,A649,A321,HAN-PQC,,06:30,,06:30,,06:24,06:25,06:30,,,EARLY,ONTIME,ONTIME,,,,,,,,,05:50,06:20,,,HAN,HAN,PQC,Domestic,VJ,,,,,,,,,,,,
,2026-04-27,VJ7713/VJ125,A699,A320,PKX-HAN-SGN,03:55,07:00,03:55,07:00,04:00,06:54,06:55,06:56,03:05,02:55,EARLY,ONTIME,ONTIME,ONTIME,,,,,,,,06:15,06:52,,,HAN,PKX,SGN,Domestic,VJ,,,,,,,,,,,,
,2026-04-27,VJ7816/VJ421,A684,A321,MNL-HAN-PXU,03:50,07:10,03:50,07:10,04:10,07:04,07:05,07:10,03:20,02:55,EARLY,ONTIME,ONTIME,DELAY,,,,,,,,06:20,07:00,,,HAN,MNL,PXU,Domestic,VJ,,,,,,,,,,,,
,2026-04-27,____/VJ197,A521,A321,HAN-SGN,,07:20,,07:20,,07:14,07:15,07:22,,,EARLY,ONTIME,ONTIME,,,,,,,,,06:35,07:13,,,HAN,HAN,SGN,Domestic,VJ,,,,,,,,,,,,
,2026-04-27,____/VJ905,A675,A320,HAN-KUL,,07:25,,07:25,,07:19,07:20,07:25,,,EARLY,ONTIME,ONTIME,,,,,,,,,06:35,07:18,,,HAN,HAN,KUL,International,VJ,,,,,,,,,,,,
,2026-04-27,____/VJ503,A200,A321,HAN-DAD,,07:30,,07:30,,07:24,07:25,07:28,,,EARLY,ONTIME,ONTIME,,,,,,,,,06:44,07:22,,,HAN,HAN,DAD,Domestic,VJ,,,,,,,,,,,,
,2026-04-27,VJ7527/VJ934,A525,A321,CAN-HAN-NRT,03:05,07:55,03:05,07:55,03:10,07:54,07:55,08:05,04:50,04:45,ONTIME,ONTIME,ONTIME,ONTIME,,,,,,,,07:05,07:53,,,HAN,CAN,NRT,International,VJ,,,,,,,,,,,,
,2026-04-27,____/VJ930,A524,A321,HAN-KIX,,07:55,,07:55,,07:49,07:50,07:59,,,EARLY,ONTIME,ONTIME,,,,,,,,,07:05,07:48,,,HAN,HAN,KIX,International,VJ,,,,,,,,,,,,
,2026-04-27,VJ124/VJ129,A645,A321,SGN-HAN-SGN,08:15,08:45,08:15,08:45,08:05,08:44,08:45,08:54,00:30,00:40,ONTIME,ONTIME,ONTIME,ONTIME,,,,,,,,08:05,08:40,,,HAN,SGN,SGN,Domestic,VJ,,,,,,,,,,,,
,2026-04-27,____/VJ447,A689,A320,HAN-PQC,,08:45,,08:45,,08:43,08:45,08:50,,,ONTIME,ONTIME,ONTIME,,,,,,,,,08:15,08:41,,,HAN,HAN,PQC,Domestic,VJ,,,,,,,,,,,,
,2026-04-27,VJ7615/VJ7615,A539,A321,BQS-HAN-CXR,08:20,08:50,08:20,08:50,08:10,08:34,08:35,08:44,00:30,00:25,EARLY,ONTIME,ONTIME,ONTIME,,,,,,,,,,X,TECHSTOP,HAN,BQS,CXR,Domestic,VJ,,,,,,,,,,,,
,2026-04-27,VJ1508/VJ1435,A676,A320,DAD-HAN-UIH,08:20,08:50,08:20,08:50,08:20,08:45,08:46,08:54,00:30,00:26,EARLY,ONTIME,ONTIME,ONTIME,,,,,,,,08:10,08:43,,,HAN,DAD,UIH,Domestic,VJ,,,,,,,,,,,,
,2026-04-27,____/VJ505,A647,A321,HAN-DAD,,09:05,,09:05,,09:01,09:03,09:08,,,EARLY,ONTIME,ONTIME,,,,,,,,,08:15,08:55,,,HAN,HAN,DAD,Domestic,VJ,,,,,,,,,,,,
,2026-04-27,VJ514/VJ563,A661,A321,DAD-HAN-HUI,08:50,09:20,08:50,09:20,08:45,09:19,09:20,09:28,00:30,00:35,ONTIME,ONTIME,ONTIME,ONTIME,,,,,,,,08:40,09:15,,,HAN,DAD,HUI,Domestic,VJ,,,,,,,,,,,,
,2026-04-27,____/VJ915,A547,A321,HAN-SIN,,09:35,,09:35,,09:19,09:20,09:27,,,EARLY,ONTIME,ONTIME,,,,,,,,,08:50,09:16,,,HAN,HAN,SIN,International,VJ,,,,,,,,,,,,
,2026-04-27,VJ1926/VJ997,A674,A321,AMD-HAN-DPS,05:55,10:05,05:55,10:05,06:15,09:59,10:01,10:03,04:10,03:46,EARLY,ONTIME,ONTIME,DELAY,,,,,,,,09:15,09:56,,,HAN,AMD,DPS,International,VJ,,,,,,,,,,,,
,2026-04-27,VJ126/VJ131,A532,A321,SGN-HAN-SGN,09:40,10:10,09:40,10:10,09:45,10:14,10:15,10:25,00:30,00:30,DELAY,ONTIME,DELAY,ONTIME,,93,00:05,,,,,09:40,10:12,,,HAN,SGN,SGN,Domestic,VJ,,,,,,,,,,,,
,2026-04-27,VJ7239/VJ463,A662,A320,PVG-HAN-VCA,04:50,10:20,04:50,10:20,05:40,10:17,10:18,10:20,05:30,04:38,EARLY,ONTIME,ONTIME,DELAY,,,,,,,,09:35,10:15,,,HAN,PVG,VCA,Domestic,VJ,,,,,,,,,,,,
,2026-04-27,____/VJ1437,A668,A320,HAN-UIH,,10:25,,10:25,,10:18,10:20,10:23,,,EARLY,ONTIME,ONTIME,,,,,,,,,09:35,10:17,,,HAN,HAN,UIH,Domestic,VJ,,,,,,,,,,,,
,2026-04-27,____/VJ1493,A632,A321,HAN-BMV,,10:30,,10:30,,10:29,10:30,10:35,,,ONTIME,ONTIME,ONTIME,,,,,,,,,09:45,10:25,,,HAN,HAN,BMV,Domestic,VJ,,,,,,,,,,,,
,2026-04-27,____/VJ1565,A580,A321,HAN-HUI,,11:05,,11:05,,11:04,11:05,11:12,,,ONTIME,ONTIME,ONTIME,,,,,,,,,10:20,11:02,,,HAN,HAN,HUI,Domestic,VJ,,,,,,,,,,,,
,2026-04-27,VJ122/VJ901,A538,A321,SGN-HAN-BKK,09:05,11:10,09:05,11:10,09:05,10:59,11:00,11:08,02:05,01:55,EARLY,ONTIME,ONTIME,ONTIME,,,,,,,,10:15,10:55,,,HAN,SGN,BKK,International,VJ,,,,,,,,,,,,
,2026-04-27,VJ524/VJ507,A200,A321,DAD-HAN-DAD,10:40,11:10,10:40,11:10,11:05,11:34,11:35,11:40,00:30,00:30,DELAY,DELAY,DELAY,DELAY,,93,00:25,,,,,11:00,11:33,,,HAN,DAD,DAD,Domestic,VJ,,,,,,,,,,,,
,2026-04-27,____/VJ2936,A633,A321,HAN-CEB,,11:15,,11:15,,10:57,10:58,11:14,,,EARLY,ONTIME,ONTIME,,,,,,,,,10:25,10:52,,,HAN,HAN,CEB,International,VJ,,,,,,,,,,,,
,2026-04-27,VJ130/VJ133,A549,A321,SGN-HAN-SGN,10:50,11:40,10:50,11:40,10:45,11:39,11:40,11:50,00:50,00:55,ONTIME,ONTIME,ONTIME,ONTIME,,,,,,,,10:50,11:30,,,HAN,SGN,SGN,Domestic,VJ,,,,,,,,,,,,
,2026-04-27,VJ422/VJ451,A684,A321,PXU-HAN-PQC,10:50,11:45,10:50,11:45,10:55,11:35,11:36,10:39,00:55,00:41,EARLY,ONTIME,ONTIME,ONTIME,,,,,,,,10:55,11:32,,,HAN,PXU,PQC,Domestic,VJ,,,,,,,,,,,,
,2026-04-27,VJ450/VJ775,A649,A321,PQC-HAN-CXR,11:15,11:45,11:15,11:45,11:20,11:49,11:50,12:00,00:30,00:30,DELAY,ONTIME,ONTIME,ONTIME,,93,00:05,,,,,11:20,11:45,,,HAN,PQC,CXR,Domestic,VJ,,,,,,,,,,,,
,2026-04-27,VJ770/VJ515,A669,A320,CXR-HAN-DAD,09:55,12:10,09:55,12:10,10:00,12:09,12:10,12:15,02:15,02:10,ONTIME,ONTIME,ONTIME,ONTIME,,,,,,,,11:30,12:09,,,HAN,CXR,DAD,Domestic,VJ,,,,,,,,,,,,
,2026-04-27,VJ1448/VJ137,A666,A320,PQC-HAN-SGN,10:15,12:20,10:15,12:20,10:15,12:19,12:20,12:23,02:05,02:05,ONTIME,ONTIME,ONTIME,ONTIME,,,,,,,,11:30,12:15,,,HAN,PQC,SGN,Domestic,VJ,,,,,,,,,,,,
,2026-04-27,VJ7989/VJ7989,A550,A321,VVO-HAN-DAD,12:25,12:55,12:25,12:55,12:55,13:14,13:15,13:20,00:30,00:20,DELAY,DELAY,DELAY,DELAY,,93,00:20,,,,,,,X,TECHSTOP,HAN,VVO,DAD,Domestic,VJ,,,,,,,,,,,,
,2026-04-27,VJ981/VJ453,A629,A321,PUS-HAN-PQC,10:40,13:00,10:40,13:00,11:00,12:55,12:57,13:04,02:20,01:57,EARLY,ONTIME,ONTIME,DELAY,,,,,,,,12:10,12:52,,,HAN,PUS,PQC,Domestic,VJ,,,,,,,,,,,,
,2026-04-27,VJ1432/VJ509,A676,A320,UIH-HAN-DAD,12:35,13:05,12:35,13:05,12:50,13:14,13:15,13:20,00:30,00:25,DELAY,ONTIME,ONTIME,ONTIME,,93,00:10,,,,,12:50,13:12,,,HAN,UIH,DAD,Domestic,VJ,,,,,,,,,,,,
,2026-04-27,VJ506/VJ787,A647,A321,DAD-HAN-CXR,12:15,13:10,12:15,13:10,12:40,13:09,13:10,13:15,00:55,00:30,ONTIME,ONTIME,ONTIME,DELAY,,,,,,,,12:35,13:05,,,HAN,DAD,CXR,Domestic,VJ,,,,,,,,,,,,
,2026-04-27,VJ564/VJ948,A661,A321,HUI-HAN-RMQ,12:20,13:30,12:20,13:30,12:30,13:25,13:26,13:37,01:10,00:56,EARLY,ONTIME,ONTIME,ONTIME,,,,,,,,12:50,13:20,,,HAN,HUI,RMQ,International,VJ,,,,,,,,,,,,
,2026-04-27,VJ128/VJ441,A699,A320,SGN-HAN-PQC,11:50,14:00,11:50,14:00,11:45,13:47,13:48,13:55,02:10,02:03,EARLY,ONTIME,ONTIME,ONTIME,,,,,,,,13:20,13:45,,,HAN,SGN,PQC,Domestic,VJ,,,,,,,,,,,,
,2026-04-27,VJ198/VJ525,A521,A321,SGN-HAN-DAD,12:40,14:05,12:40,14:05,12:55,13:58,14:00,14:05,01:25,01:05,EARLY,ONTIME,ONTIME,ONTIME,,,,,,,,13:20,13:55,,,HAN,SGN,DAD,Domestic,VJ,,,,,,,,,,,,
,2026-04-27,VJ440/VJ1523,A689,A320,PQC-HAN-DAD,13:30,14:10,13:30,14:10,13:45,14:09,14:10,14:13,00:40,00:25,ONTIME,ONTIME,ONTIME,ONTIME,,,,,,,,13:34,14:08,,,HAN,PQC,DAD,Domestic,VJ,,,,,,,,,,,,
,2026-04-27,VJ921/VJ942,A575,A321,NGO-HAN-TPE,12:50,14:25,12:50,14:25,13:05,14:24,14:25,14:30,01:35,01:20,ONTIME,ONTIME,ONTIME,ONTIME,,,,,,,,13:40,14:27,,,HAN,NGO,TPE,International,VJ,,,,,,,,,,,,
,2026-04-27,VJ134/VJ141,A651,A321,SGN-HAN-SGN,13:30,14:30,13:30,14:30,13:35,14:29,14:30,14:37,01:00,00:55,ONTIME,ONTIME,ONTIME,ONTIME,,,,,,,,13:45,14:26,,,HAN,SGN,SGN,Domestic,VJ,,,,,,,,,,,,
,2026-04-27,VJ933/VJ946,A528,A321,NRT-HAN-KHH,13:05,14:35,13:05,14:35,13:45,14:34,14:35,14:40,01:30,00:50,ONTIME,ONTIME,ONTIME,DELAY,,,,,,,,14:05,14:32,,,HAN,NRT,KHH,International,VJ,,,,,,,,,,,,
,2026-04-27,VJ1504/VJ1505,A698,A321,DAD-HAN-DAD,14:00,14:35,14:00,15:00,14:20,14:49,14:50,14:50,01:00,00:30,EARLY,ONTIME,ONTIME,DELAY,,,,,,,,14:10,14:45,,,HAN,DAD,DAD,Domestic,VJ,,,,,,,,,,,,
,2026-04-27,VJ961/VJ145,A522,A321,ICN-HAN-SGN,13:35,14:40,13:35,14:40,13:40,14:34,14:35,14:42,01:05,00:55,EARLY,ONTIME,ONTIME,ONTIME,,,,,,,,13:55,14:30,,,HAN,ICN,SGN,Domestic,VJ,,,,,,,,,,,,
,2026-04-27,VJ136/VJ1521,A643,A321,SGN-HAN-DAD,14:10,14:50,14:10,15:15,14:35,15:08,15:09,15:12,01:05,00:34,EARLY,ONTIME,DELAY,DELAY,,,,,,,,14:35,15:05,,,HAN,SGN,DAD,Domestic,VJ,,,,,,,,,,,,
,2026-04-27,VJ939/VJ511,A543,A321,KIX-HAN-DAD,12:20,15:05,12:20,15:05,12:35,15:04,15:05,15:09,02:45,02:30,ONTIME,ONTIME,ONTIME,ONTIME,,,,,,,,14:20,15:01,,,HAN,KIX,DAD,Domestic,VJ,,,,,,,,,,,,
,2026-04-27,VJ1566/VJ423,A580,A321,HUI-HAN-PXU,14:05,15:05,14:05,15:05,14:35,15:04,15:05,15:14,01:00,00:30,ONTIME,ONTIME,ONTIME,DELAY,,,,,,,,14:25,15:00,,,HAN,HUI,PXU,Domestic,VJ,,,,,,,,,,,,
,2026-04-27,VJ1436/VJ439,A668,A320,UIH-HAN-UIH,14:10,15:40,14:10,15:40,14:15,15:34,15:35,15:38,01:30,01:20,EARLY,ONTIME,ONTIME,ONTIME,,,,,,,,14:50,15:31,,,HAN,UIH,UIH,Domestic,VJ,,,,,,,,,,,,
,2026-04-27,VJ138/VJ147,A663,A320,SGN-HAN-SGN,15:15,15:45,15:15,15:45,15:15,15:44,15:45,15:55,00:30,00:30,ONTIME,ONTIME,ONTIME,ONTIME,,,,,,,,15:10,15:42,,,HAN,SGN,SGN,Domestic,VJ,,,,,,,,,,,,
,2026-04-27,VJ452/VJ903,A578,A321,PQC-HAN-BKK,14:35,15:45,14:35,15:45,14:45,15:39,15:40,15:45,01:10,00:55,EARLY,ONTIME,ONTIME,ONTIME,,,,,,,,15:06,15:38,,,HAN,PQC,BKK,International,VJ,,,,,,,,,,,,
,2026-04-27,VJ464/VJ567,A662,A320,VCA-HAN-HUI,15:10,15:55,15:10,15:55,15:20,15:54,15:55,16:10,00:45,00:35,ONTIME,ONTIME,ONTIME,ONTIME,,,,,,,,15:15,15:52,,,HAN,VCA,HUI,Domestic,VJ,,,,,,,,,,,,
,2026-04-27,VJ508/VJ773,A669,A320,DAD-HAN-CXR,15:25,16:00,15:25,16:00,15:40,15:59,16:00,16:08,00:35,00:20,ONTIME,ONTIME,ONTIME,ONTIME,,,,,,,,15:30,15:58,,,HAN,DAD,CXR,Domestic,VJ,,,,,,,,,,,,
,2026-04-27,VJ1494/VJ913,A632,A321,BMV-HAN-SAI,14:30,16:20,14:30,16:20,14:50,16:16,16:17,16:25,01:50,01:27,EARLY,ONTIME,ONTIME,DELAY,,,,,,,,15:30,16:15,,,HAN,BMV,SAI,International,VJ,,,,,,,,,,,,
,2026-04-27,VJ510/VJ1513,A200,A321,DAD-HAN-DAD,15:55,16:35,15:05,17:25,15:20,17:44,17:45,17:55,02:20,02:25,DELAY,DELAY,DELAY,ONTIME,,61,00:20,,,,,17:10,17:43,,CHANGE FPL,HAN,DAD,DAD,Domestic,VJ,,,,,,,,,,,,
,2026-04-27,VJ140/VJ151,A644,A321,SGN-HAN-SGN,16:20,16:50,16:20,16:50,16:20,17:04,17:05,17:05,00:30,00:45,DELAY,ONTIME,ONTIME,ONTIME,,99,00:15,,,,,16:20,17:03,,ARRANGE PAX( PAX THROW UP ),HAN,SGN,SGN,Domestic,VJ,,,,,,,,,,,,
,2026-04-27,VJ906/VJ465,A675,A320,KUL-HAN-VCA,14:40,17:00,14:40,17:00,14:45,16:59,17:00,17:06,02:20,02:15,ONTIME,ONTIME,ONTIME,ONTIME,,,,,,,,16:15,16:59,,,HAN,KUL,VCA,Domestic,VJ,,,,,,,,,,,,
,2026-04-27,VJ530/VJ495,A676,A320,DAD-HAN-BMV,16:15,17:30,16:15,17:30,17:00,17:28,17:30,17:31,01:15,00:30,ONTIME,ONTIME,ONTIME,DELAY,,,,,,,,17:00,17:26,,,HAN,DAD,BMV,Domestic,VJ,,,,,,,,,,,,
,2026-04-27,VJ454/VJ1433,A684,A321,PQC-HAN-UIH,16:45,17:40,16:45,17:40,16:40,17:33,17:34,17:39,00:55,00:54,EARLY,ONTIME,ONTIME,ONTIME,,,,,,,,17:00,17:31,,,HAN,PQC,UIH,Domestic,VJ,,,,,,,,,,,,
,2026-04-27,VJ902/VJ517,A538,A321,BKK-HAN-DAD,15:50,17:45,15:50,17:45,15:50,17:41,17:43,17:49,01:55,01:53,EARLY,ONTIME,ONTIME,ONTIME,,,,,,,,16:51,17:32,,,HAN,BKK,DAD,Domestic,VJ,,,,,,,,,,,,
,2026-04-27,VJ528/VJ1153,A521,A321,DAD-HAN-SGN,17:25,18:05,17:25,18:05,17:35,18:38,18:40,18:50,00:40,01:05,DELAY,DELAY,DELAY,ONTIME,,71,00:35,,,,,17:35,18:04,,BAD WX AT HAN,HAN,DAD,SGN,Domestic,VJ,,,,,,,,,,,,
,2026-04-27,VJ774/VJ781,A648,A321,CXR-HAN-CXR,18:15,18:15,17:15,18:15,17:35,18:13,18:15,19:18,01:00,00:40,ONTIME,ONTIME,DELAY,ONTIME,,,,,,,,17:30,18:12,,LATE AOBT DUE TO BAD WX AT HAN,HAN,CXR,CXR,Domestic,VJ,,,,,,,,,,,,
,2026-04-27,VJ1522/VJ521,A687,A321,DAD-HAN-DAD,18:15,18:45,18:05,20:40,21:10,21:39,21:40,21:46,02:35,00:30,DELAY,DELAY,DELAY,DELAY,,93,01:00,,,,,21:00,21:36,,,HAN,DAD,DAD,Domestic,VJ,,,,,,,,,,,,
,2026-04-27,VJ512/VJ1789,A543,A321,DAD-HAN-CXR,18:15,18:45,19:45,23:55,22:38,00:43,00:45,00:52,04:10,02:07,DELAY,DELAY,DELAY,DELAY,,95,00:50,,,,,00:10,00:40,,CREW FROM VJ1778,HAN,DAD,CXR,Domestic,VJ,,,,,,,,,,,,
,2026-04-27,VJ520/VJ1561,A538,A321,DAD-HAN-HUI,18:45,19:15,20:55,21:30,21:25,21:54,21:55,22:05,00:35,00:30,DELAY,DELAY,DELAY,DELAY,,93,00:25,,,,,21:25,21:50,,,HAN,DAD,HUI,Domestic,VJ,,,,,,,,,,,,
,2026-04-27,VJ935/VJ1127,A525,A321,NRT-HAN-SGN,17:15,19:20,20:05,22:20,20:42,22:34,22:35,22:43,02:15,01:53,DELAY,ONTIME,DELAY,DELAY,,61,00:15,,,,,21:52,22:33,,CHANGE FPL,HAN,NRT,SGN,Domestic,VJ,,,,,,,,,,,,
,2026-04-27,VJ916/VJ519,A547,A321,SIN-HAN-DAD,15:05,19:25,15:05,19:25,15:05,19:19,19:20,19:52,04:20,04:15,EARLY,ONTIME,DELAY,ONTIME,,,,,,,,18:45,19:17,,,HAN,SIN,DAD,Domestic,VJ,,,,,,,,,,,,
,2026-04-27,VJ442/VJ523,A699,A320,PQC-HAN-DAD,19:05,19:40,19:05,19:40,19:35,20:02,20:03,20:13,00:35,00:28,DELAY,DELAY,DELAY,DELAY,,93,00:23,,,,,19:35,20:02,,,HAN,PQC,DAD,Domestic,VJ,,,,,,,,,,,,
,2026-04-27,VJ1524/VJ7712,A689,A320,DAD-HAN-PKX,17:40,19:55,17:40,19:55,17:45,19:42,19:43,20:00,02:15,01:58,EARLY,ONTIME,ONTIME,ONTIME,,,,,,,,19:10,19:39,,,HAN,DAD,PKX,International,VJ,,,,,,,,,,,,
,2026-04-27,VJ144/VJ907,A693,A321,SGN-HAN-BOM,18:05,20:05,18:05,20:05,18:10,19:58,20:00,20:05,02:00,01:50,EARLY,ONTIME,ONTIME,ONTIME,,,,,,,,19:25,19:56,,,HAN,SGN,BOM,International,VJ,,,,,,,,,,,,
,2026-04-27,VJ931/VJ455,A524,A321,KIX-HAN-PQC,18:30,20:05,18:30,20:05,19:30,20:04,20:05,20:10,01:35,00:35,ONTIME,ONTIME,ONTIME,DELAY,,,,,,,,19:25,20:02,,,HAN,KIX,PQC,Domestic,VJ,,,,,,,,,,,,
,2026-04-27,VJ949/VJ161,A661,A321,RMQ-HAN-SGN,20:15,20:55,20:15,20:55,20:15,20:54,20:55,21:02,00:40,00:40,ONTIME,ONTIME,ONTIME,ONTIME,,,,,,,,20:15,20:50,,,HAN,RMQ,SGN,Domestic,VJ,,,,,,,,,,,,
,2026-04-27,VJ438/VJ7238,A668,A320,UIH-HAN-PVG,19:25,21:15,19:25,21:15,20:00,21:01,21:02,21:05,01:50,01:02,EARLY,ONTIME,ONTIME,DELAY,,,,,,,,20:25,20:55,,,HAN,UIH,PVG,International,VJ,,,,,,,,,,,,
,2026-04-27,VJ154/VJ163,A645,A321,SGN-HAN-SGN,20:55,21:25,20:55,21:25,21:25,21:46,21:48,21:49,00:30,00:23,DELAY,DELAY,DELAY,DELAY,,93,00:23,,,,,21:25,21:45,,,HAN,SGN,SGN,Domestic,VJ,,,,,,,,,,,,
,2026-04-27,VJ776/VJ1527,A669,A320,CXR-HAN-DAD,20:10,21:25,20:10,22:10,22:15,22:29,22:30,22:38,02:00,00:15,DELAY,DELAY,DELAY,DELAY,,93,00:20,,,,,22:10,22:27,,,HAN,CXR,DAD,Domestic,VJ,,,,,,,,,,,,
,2026-04-27,VJ914/VJ7526,A632,A321,SAI-HAN-CAN,20:50,22:30,20:50,22:30,21:45,22:23,22:24,22:26,01:40,00:39,EARLY,ONTIME,ONTIME,DELAY,,,,,,,,21:55,22:18,,,HAN,SAI,CAN,International,VJ,,,,,,,,,,,,
,2026-04-27,VJ518/VJ1503,A200,A321,DAD-HAN-DAD,22:05,22:35,22:05,22:35,22:45,23:14,23:15,23:23,00:30,00:30,DELAY,DELAY,DELAY,DELAY,,93,00:40,,,,,22:45,23:13,,,HAN,DAD,DAD,Domestic,VJ,,,,,,,,,,,,
,2026-04-27,VJ947/VJ167,A528,A321,KHH-HAN-SGN,20:35,22:45,20:35,22:45,20:35,22:44,22:45,22:54,02:10,02:10,ONTIME,ONTIME,ONTIME,ONTIME,,,,,,,,22:00,22:42,,,HAN,KHH,SGN,Domestic,VJ,,,,,,,,,,,,
,2026-04-28,____/VJ7813,A647,A321,HAN-CEB,,00:05,,00:05,,23:50,23:51,23:54,,,EARLY,ONTIME,ONTIME,,,,,,,,,23:15,23:45,,,HAN,HAN,CEB,International,VJ,,,,,,,,,,,,
,2026-04-28,____/VJ932,A575,A321,HAN-NRT,,00:30,,00:30,,00:20,00:21,00:25,,,EARLY,ONTIME,ONTIME,,,,,,,,,23:45,00:17,,,HAN,HAN,NRT,International,VJ,,,,,,,,,,,,
,2026-04-28,____/VJ982,A522,A321,HAN-PUS,,01:05,,01:05,,01:04,01:05,01:11,,,ONTIME,ONTIME,ONTIME,,,,,,,,,00:10,01:02,,,HAN,HAN,PUS,International,VJ,,,,,,,,,,,,
,2026-04-28,____/VJ938,A580,A321,HAN-KIX,,01:20,,01:20,,01:19,01:20,01:30,,,ONTIME,ONTIME,ONTIME,,,,,,,,,00:30,01:17,,,HAN,HAN,KIX,International,VJ,,,,,,,,,,,,
,2026-04-28,____/VJ960,A629,A321,HAN-ICN,,01:40,,01:40,,01:36,01:37,01:42,,,EARLY,ONTIME,ONTIME,,,,,,,,,00:55,01:35,,,HAN,HAN,ICN,International,VJ,,,,,,,,,,,,
,2026-04-28,____/VJ920,A578,A321,HAN-NGO,,01:40,,01:40,,01:39,01:40,01:42,,,ONTIME,ONTIME,ONTIME,,,,,,,,,00:52,01:38,,,HAN,HAN,NGO,International,VJ,,,,,,,,,,,,
,2026-04-28,____/VJ958,A684,A321,HAN-FUK,,02:05,,02:05,,02:03,02:05,02:06,,,ONTIME,ONTIME,ONTIME,,,,,,,,,01:08,01:40,,,HAN,HAN,FUK,International,VJ,,,,,,,,,,,,
,2026-04-28,____/VJ1980,A662,A320,HAN-FSZ,,02:40,,02:40,,02:21,02:22,02:38,,,EARLY,ONTIME,ONTIME,,,,,,,,,02:00,02:12,,,HAN,HAN,FSZ,International,VJ,,,,,,,,,,,,
,2026-04-28,____/VJ445,A699,A320,HAN-PQC,,05:30,,05:30,,05:16,05:17,05:21,,,EARLY,ONTIME,ONTIME,,,,,,,,,04:45,05:10,,,HAN,HAN,PQC,Domestic,VJ,,,,,,,,,,,,
,2026-04-28,____/VJ501,A521,A321,HAN-DAD,,05:40,,05:40,,05:34,05:35,05:42,,,EARLY,ONTIME,ONTIME,,,,,,,,,05:00,05:32,,,HAN,HAN,DAD,Domestic,VJ,,,,,,,,,,,,
,2026-04-28,VJ7713/VJ771,A689,A320,PKX-HAN-CXR,03:55,05:45,03:55,05:45,04:32,05:39,05:40,05:43,01:50,01:08,EARLY,ONTIME,ONTIME,DELAY,,,,,,,,04:55,05:38,,,HAN,PKX,CXR,Domestic,VJ,,,,,,,,,,,,
,2026-04-28,____/VJ121,A676,A320,HAN-SGN,,06:00,,06:00,,05:48,05:50,05:54,,,EARLY,ONTIME,ONTIME,,,,,,,,,05:15,05:46,,,HAN,HAN,SGN,Domestic,VJ,,,,,,,,,,,,
,2026-04-28,____/VJ952,A675,A320,HAN-HIJ,,06:15,,06:15,,06:09,06:10,06:20,,,EARLY,ONTIME,ONTIME,,,,,,,,,05:30,06:09,,,HAN,HAN,HIJ,International,VJ,,,,,,,,,,,,
,2026-04-28,____/VJ197,A812,A330,HAN-SGN,,07:20,,07:20,,07:09,07:10,07:12,,,EARLY,ONTIME,ONTIME,,,,,,,,,06:21,07:07,,,HAN,HAN,SGN,Domestic,VJ,,,,,,,,,,,,
,2026-04-28,____/VJ905,A663,A320,HAN-KUL,,07:25,,07:25,,07:19,07:20,07:22,,,EARLY,ONTIME,ONTIME,,,,,,,,,06:32,07:17,,,HAN,HAN,KUL,International,VJ,,,,,,,,,,,,
,2026-04-28,VJ1500/VJ503,A687,A321,DAD-HAN-DAD,07:00,07:30,07:00,07:30,07:00,07:24,07:25,07:34,00:30,00:25,EARLY,ONTIME,ONTIME,ONTIME,,,,,,,,07:00,07:23,,,HAN,DAD,DAD,Domestic,VJ,,,,,,,,,,,,
,2026-04-28,____/VJ934,A525,A321,HAN-NRT,,07:55,,07:55,,07:49,07:50,07:56,,,EARLY,ONTIME,ONTIME,,,,,,,,,07:00,07:47,,,HAN,HAN,NRT,International,VJ,,,,,,,,,,,,
,2026-04-28,____/VJ930,A538,A321,HAN-KIX,,07:55,,07:55,,07:46,07:48,07:50,,,EARLY,ONTIME,ONTIME,,,,,,,,,07:10,07:45,,,HAN,HAN,KIX,International,VJ,,,,,,,,,,,,
,2026-04-28,____/VJ929,A674,A321,HAN-CGK,,08:40,,08:40,,08:34,08:35,08:37,,,EARLY,ONTIME,ONTIME,,,,,,,,,07:55,08:30,,,HAN,HAN,CGK,International,VJ,,,,,,,,,,,,
,2026-04-28,VJ124/VJ129,A535,A321,SGN-HAN-SGN,08:15,08:45,08:15,08:45,08:00,08:39,08:40,08:48,00:30,00:40,EARLY,ONTIME,ONTIME,ONTIME,,,,,,,,08:00,08:35,,,HAN,SGN,SGN,Domestic,VJ,,,,,,,,,,,,
,2026-04-28,VJ7239/VJ447,A668,A320,PVG-HAN-PQC,04:50,08:45,04:50,08:45,04:42,08:39,08:40,08:43,03:55,03:58,EARLY,ONTIME,ONTIME,ONTIME,,,,,,,,08:00,08:35,,,HAN,PVG,PQC,Domestic,VJ,,,,,,,,,,,,
,2026-04-28,VJ1508/VJ1435,A669,A320,DAD-HAN-UIH,08:20,08:50,08:20,08:50,08:20,08:47,08:48,08:54,00:30,00:28,EARLY,ONTIME,ONTIME,ONTIME,,,,,,,,08:15,08:46,,,HAN,DAD,UIH,Domestic,VJ,,,,,,,,,,,,
,2026-04-28,____/VJ563,A648,A321,HAN-HUI,,09:20,,09:20,,09:17,09:18,09:21,,,EARLY,ONTIME,ONTIME,,,,,,,,,08:35,09:15,,,HAN,HAN,HUI,Domestic,VJ,,,,,,,,,,,,
,2026-04-28,VJ7814/VJ915,A647,A321,CEB-HAN-SIN,08:20,09:35,08:20,09:35,08:50,09:34,09:35,09:37,01:15,00:45,ONTIME,ONTIME,ONTIME,DELAY,,,,,,,,09:00,09:33,,,HAN,CEB,SIN,International,VJ,,,,,,,,,,,,
,2026-04-28,VJ126/VJ131,A651,A321,SGN-HAN-SGN,09:40,10:10,09:40,10:10,09:45,10:14,10:15,10:30,00:30,00:30,DELAY,ONTIME,DELAY,ONTIME,,93,00:05,,,,,09:45,10:10,,,HAN,SGN,SGN,Domestic,VJ,,,,,,,,,,,,
,2026-04-28,____/VJ463,A200,A321,HAN-VCA,,10:20,,10:20,,10:19,10:20,10:29,,,ONTIME,ONTIME,ONTIME,,,,,,,,,09:30,10:18,,,HAN,HAN,VCA,Domestic,VJ,,,,,,,,,,,,
,2026-04-28,____/VJ1493,A632,A321,HAN-BMV,,10:30,,10:30,,10:26,10:27,10:37,,,EARLY,ONTIME,ONTIME,,,,,,,,,09:45,10:24,,,HAN,HAN,BMV,Domestic,VJ,,,,,,,,,,,,
,2026-04-28,____/VJ901,A637,A321,HAN-BKK,,11:10,,11:10,,11:09,11:10,11:16,,,ONTIME,ONTIME,ONTIME,,,,,,,,,10:25,11:08,,,HAN,HAN,BKK,International,VJ,,,,,,,,,,,,
,2026-04-28,VJ524/VJ507,A687,A321,DAD-HAN-DAD,10:40,11:10,10:40,11:10,11:00,11:29,11:30,11:33,00:30,00:30,DELAY,DELAY,DELAY,DELAY,,93,00:20,,,,,11:00,11:25,,,HAN,DAD,DAD,Domestic,VJ,,,,,,,,,,,,
,2026-04-28,VJ130/VJ133,A683,A321,SGN-HAN-SGN,10:50,11:20,10:50,11:20,10:45,11:19,11:20,11:22,00:30,00:35,ONTIME,ONTIME,ONTIME,ONTIME,,,,,,,,10:40,11:18,,,HAN,SGN,SGN,Domestic,VJ,,,,,,,,,,,,
,2026-04-28,VJ514/VJ451,A521,A321,DAD-HAN-PQC,08:50,11:45,08:50,11:45,08:55,11:44,11:45,11:50,02:55,02:50,ONTIME,ONTIME,ONTIME,ONTIME,,,,,,,,11:00,11:40,,,HAN,DAD,PQC,Domestic,VJ,,,,,,,,,,,,
,2026-04-28,VJ770/VJ515,A689,A320,CXR-HAN-DAD,09:55,12:10,09:55,12:10,10:25,12:08,12:09,12:11,02:15,01:44,EARLY,ONTIME,ONTIME,DELAY,,,,,,,,11:25,12:05,,,HAN,CXR,DAD,Domestic,VJ,,,,,,,,,,,,
,2026-04-28,VJ190/VJ137,A645,A321,SGN-HAN-SGN,10:25,12:20,10:25,12:20,11:25,12:16,12:17,12:22,01:55,00:52,EARLY,ONTIME,ONTIME,DELAY,,,,,,,,11:35,12:14,,,HAN,SGN,SGN,Domestic,VJ,,,,,,,,,,,,
,2026-04-28,VJ910/VJ7638,A693,A321,BOM-HAN-TXN,07:10,12:40,07:10,12:40,07:10,12:29,12:30,12:35,05:30,05:20,EARLY,ONTIME,ONTIME,ONTIME,,,,,,,,11:55,12:25,,,HAN,BOM,TXN,International,VJ,,,,,,,,,,,,
,2026-04-28,VJ564/VJ453,A648,A321,HUI-HAN-PQC,12:20,13:00,12:20,13:00,12:20,12:54,12:55,13:04,00:40,00:35,EARLY,ONTIME,ONTIME,ONTIME,,,,,,,,12:15,12:50,,,HAN,HUI,PQC,Domestic,VJ,,,,,,,,,,,,
,2026-04-28,VJ1432/VJ509,A669,A320,UIH-HAN-DAD,12:35,13:05,12:35,13:05,12:50,13:14,13:15,13:20,00:30,00:25,DELAY,ONTIME,ONTIME,ONTIME,,93,00:10,,,,,12:45,13:12,,,HAN,UIH,DAD,Domestic,VJ,,,,,,,,,,,,
,2026-04-28,VJ959/VJ787,A684,A321,FUK-HAN-CXR,11:45,13:10,11:45,13:10,11:50,13:09,13:10,13:20,01:25,01:20,ONTIME,ONTIME,ONTIME,ONTIME,,,,,,,,12:20,13:06,,,HAN,FUK,CXR,Domestic,VJ,,,,,,,,,,,,
,2026-04-28,VJ981/VJ948,A522,A321,PUS-HAN-RMQ,10:40,13:30,10:40,13:30,10:50,13:26,13:27,13:33,02:50,02:37,EARLY,ONTIME,ONTIME,ONTIME,,,,,,,,12:40,13:22,,,HAN,PUS,RMQ,International,VJ,,,,,,,,,,,,
,2026-04-28,VJ440/VJ441,A668,A320,PQC-HAN-PQC,13:30,14:00,13:30,14:00,13:35,13:59,14:00,14:05,00:30,00:25,ONTIME,ONTIME,ONTIME,ONTIME,,,,,,,,13:35,13:58,,,HAN,PQC,PQC,Domestic,VJ,,,,,,,,,,,,
,2026-04-28,VJ448/VJ7316,A699,A320,PQC-HAN-ENH,10:15,14:00,10:15,14:00,10:30,13:46,13:47,13:50,03:45,03:17,EARLY,ONTIME,ONTIME,ONTIME,,,,,,,,13:10,13:45,,,HAN,PQC,ENH,International,VJ,,,,,,,,,,,,
,2026-04-28,VJ939/VJ525,A580,A321,KIX-HAN-DAD,12:20,14:05,12:20,14:05,12:40,14:04,14:05,14:09,01:45,01:25,ONTIME,ONTIME,ONTIME,DELAY,,,,,,,,13:20,14:02,,,HAN,KIX,DAD,Domestic,VJ,,,,,,,,,,,,
,2026-04-28,VJ134/VJ141,A820,A321,SGN-HAN-SGN,13:30,14:30,13:30,14:30,13:35,14:29,14:30,14:40,01:00,00:55,ONTIME,ONTIME,ONTIME,ONTIME,,,,,,,,13:45,14:27,,,HAN,SGN,SGN,Domestic,VJ,,,,,,,,,,,,
,2026-04-28,VJ961/VJ946,A629,A321,ICN-HAN-KHH,13:35,14:35,13:35,14:35,13:50,14:34,14:35,14:45,01:00,00:45,ONTIME,ONTIME,ONTIME,ONTIME,,,,,,,,14:00,14:33,,,HAN,ICN,KHH,International,VJ,,,,,,,,,,,,
,2026-04-28,VJ1504/VJ1505,A645,A321,DAD-HAN-DAD,14:00,14:35,14:00,14:35,14:15,14:44,14:45,14:50,00:35,00:30,DELAY,ONTIME,ONTIME,ONTIME,,93,00:10,,,,,14:15,14:43,,,HAN,DAD,DAD,Domestic,VJ,,,,,,,,,,,,
,2026-04-28,VJ921/VJ145,A578,A321,NGO-HAN-SGN,12:50,14:40,12:50,14:40,12:55,14:29,14:30,14:35,01:50,01:35,EARLY,ONTIME,ONTIME,ONTIME,,,,,,,,14:00,14:25,,,HAN,NGO,SGN,Domestic,VJ,,,,,,,,,,,,
,2026-04-28,VJ510/VJ511,A673,A321,DAD-HAN-DAD,14:35,15:05,14:35,15:05,14:45,15:09,15:10,15:19,00:30,00:25,DELAY,ONTIME,ONTIME,ONTIME,,93,00:05,,,,,14:45,15:08,,,HAN,DAD,DAD,Domestic,VJ,,,,,,,,,,,,
,2026-04-28,VJ1494/VJ423,A632,A321,BMV-HAN-PXU,14:30,15:05,14:30,15:05,14:50,15:19,15:20,15:20,00:35,00:30,DELAY,ONTIME,ONTIME,DELAY,,93,00:15,,,,,14:50,15:16,,,HAN,BMV,PXU,Domestic,VJ,,,,,,,,,,,,
,2026-04-28,VJ136/VJ439,A676,A320,SGN-HAN-UIH,14:10,15:40,14:10,15:40,14:20,15:39,15:40,15:43,01:30,01:20,ONTIME,ONTIME,ONTIME,ONTIME,,,,,,,,14:50,15:37,,,HAN,SGN,UIH,Domestic,VJ,,,,,,,,,,,,
,2026-04-28,VJ138/VJ147,A666,A320,SGN-HAN-SGN,15:15,15:45,15:15,15:45,15:33,15:57,15:58,16:08,00:30,00:25,DELAY,ONTIME,DELAY,DELAY,,93,00:13,,,,,15:33,15:55,,,HAN,SGN,SGN,Domestic,VJ,,,,,,,,,,,,
,2026-04-28,VJ933/VJ567,A575,A321,NRT-HAN-HUI,13:05,15:55,13:05,15:55,13:45,15:55,15:55,15:56,02:50,02:10,ONTIME,ONTIME,ONTIME,DELAY,,,,,,,,15:05,15:50,,,HAN,NRT,HUI,Domestic,VJ,,,,,,,,,,,,
,2026-04-28,VJ508/VJ773,A672,A320,DAD-HAN-CXR,15:25,16:00,15:25,16:00,15:45,16:09,16:10,16:15,00:35,00:25,DELAY,ONTIME,ONTIME,DELAY,,93,00:10,,,,,15:35,16:05,,,HAN,DAD,CXR,Domestic,VJ,,,,,,,,,,,,
,2026-04-28,VJ140/VJ151,A683,A321,SGN-HAN-SGN,16:20,16:50,16:20,16:50,16:35,17:02,17:03,17:05,00:30,00:28,DELAY,ONTIME,ONTIME,ONTIME,,93,00:13,,,,,16:35,17:00,,,HAN,SGN,SGN,Domestic,VJ,,,,,,,,,,,,
,2026-04-28,VJ464/VJ465,A200,A321,VCA-HAN-VCA,15:10,17:00,15:10,17:00,15:25,16:55,16:57,17:02,01:50,01:32,EARLY,ONTIME,ONTIME,ONTIME,,,,,,,,16:20,16:52,,,HAN,VCA,VCA,Domestic,VJ,,,,,,,,,,,,
,2026-04-28,VJ5068/VJ5068,A537,A321,CXR-HAN-NOZ,16:25,17:00,16:25,17:00,16:40,17:09,17:10,17:15,00:35,00:30,DELAY,ONTIME,ONTIME,ONTIME,,93,00:10,,,,,,,X,TECHSTOP,HAN,CXR,NOZ,International,VJ,,,,,,,,,,,,
,2026-04-28,VJ906/VJ1457,A663,A320,KUL-HAN-PQC,14:40,17:10,14:40,17:10,14:45,17:09,17:10,17:15,02:30,02:25,ONTIME,ONTIME,ONTIME,ONTIME,,,,,,,,16:20,17:05,,,HAN,KUL,PQC,Domestic,VJ,,,,,,,,,,,,
,2026-04-28,VJ530/VJ495,A689,A320,DAD-HAN-BMV,16:15,17:30,16:15,17:30,16:25,17:24,17:24,17:28,01:15,00:59,EARLY,ONTIME,ONTIME,ONTIME,,,,,,,,16:40,17:21,,,HAN,DAD,BMV,Domestic,VJ,,,,,,,,,,,,
,2026-04-28,VJ902/VJ1433,A637,A321,BKK-HAN-UIH,15:50,17:40,15:50,17:40,16:30,17:37,17:38,17:40,01:50,01:08,EARLY,ONTIME,ONTIME,DELAY,,,,,,,,16:50,17:32,,,HAN,BKK,UIH,Domestic,VJ,,,,,,,,,,,,
,2026-04-28,VJ454/VJ517,A521,A321,PQC-HAN-DAD,16:45,17:45,16:45,17:45,16:55,17:38,17:40,17:40,01:00,00:45,EARLY,ONTIME,ONTIME,ONTIME,,,,,,,,17:05,17:35,,,HAN,PQC,DAD,Domestic,VJ,,,,,,,,,,,,
,2026-04-28,VJ774/VJ1153,A684,A321,CXR-HAN-SGN,17:15,18:05,17:15,18:40,18:10,18:44,18:45,18:52,01:25,00:35,DELAY,ONTIME,DELAY,DELAY,,66,00:05,,,,,18:20,18:42,,CREW HN OB 1820,HAN,CXR,SGN,Domestic,VJ,,,,,,,,,,,,
,2026-04-28,VJ528/VJ781,A580,A321,DAD-HAN-CXR,17:25,18:15,17:25,18:15,17:23,18:14,18:15,18:18,00:50,00:52,ONTIME,ONTIME,ONTIME,ONTIME,,,,,,,,17:25,18:09,,,HAN,DAD,CXR,Domestic,VJ,,,,,,,,,,,,
,2026-04-28,VJ456/VJ1561,A648,A321,PQC-HAN-HUI,17:45,19:15,17:45,19:15,18:00,19:12,19:13,19:16,01:30,01:13,EARLY,ONTIME,ONTIME,ONTIME,,,,,,,,18:30,19:08,,,HAN,PQC,HUI,Domestic,VJ,,,,,,,,,,,,
,2026-04-28,VJ916/VJ1127,A647,A321,SIN-HAN-SGN,17:25,19:20,17:25,19:20,17:18,19:19,19:20,19:30,01:55,02:02,ONTIME,ONTIME,ONTIME,ONTIME,,,,,,,,18:35,19:16,,,HAN,SIN,SGN,Domestic,VJ,,,,,,,,,,,,
,2026-04-28,VJ144/VJ519,A661,A321,SGN-HAN-DAD,18:20,19:25,18:20,19:25,18:25,19:19,19:20,19:26,01:05,00:55,EARLY,ONTIME,ONTIME,ONTIME,,,,,,,,18:40,19:15,,,HAN,SGN,DAD,Domestic,VJ,,,,,,,,,,,,
,2026-04-28,____/VJ971,A812,A330,HAN-DEL,,19:40,,19:40,,19:39,19:40,19:47,,,ONTIME,ONTIME,ONTIME,,,,,,,,,18:55,19:35,,,HAN,HAN,DEL,International,VJ,,,,,,,,,,,,
,2026-04-28,VJ568/VJ523,A575,A321,HUI-HAN-DAD,18:55,19:40,18:55,19:40,19:00,19:34,19:35,19:40,00:45,00:35,EARLY,ONTIME,ONTIME,ONTIME,,,,,,,,19:00,19:33,,,HAN,HUI,DAD,Domestic,VJ,,,,,,,,,,,,
,2026-04-28,VJ928/VJ1925,A674,A321,CGK-HAN-AMD,18:15,19:45,18:15,19:45,18:15,19:42,19:43,19:45,01:30,01:28,EARLY,ONTIME,ONTIME,ONTIME,,,,,,,,19:00,19:40,,,HAN,CGK,AMD,International,VJ,,,,,,,,,,,,
,2026-04-28,VJ953/VJ7712,A675,A320,HIJ-HAN-PKX,16:10,20:00,16:10,20:00,16:48,19:56,19:58,20:05,03:50,03:10,EARLY,ONTIME,ONTIME,DELAY,,,,,,,,19:15,19:51,,,HAN,HIJ,PKX,International,VJ,,,,,,,,,,,,
,2026-04-28,VJ150/VJ161,A820,A321,SGN-HAN-SGN,19:50,20:55,19:50,20:55,20:25,21:09,21:10,20:23,01:05,00:45,DELAY,ONTIME,ONTIME,DELAY,,93,00:15,,,,,20:25,21:06,,,HAN,SGN,SGN,Domestic,VJ,,,,,,,,,,,,
,2026-04-28,VJ7317/VJ7238,A699,A320,ENH-HAN-PVG,19:25,21:15,19:25,21:15,19:10,21:14,21:15,21:16,01:50,02:05,ONTIME,ONTIME,ONTIME,ONTIME,,,,,,,,20:30,21:10,,,HAN,ENH,PVG,International,VJ,,,,,,,,,,,,
,2026-04-28,VJ154/VJ163,A656,A320,SGN-HAN-SGN,20:55,21:25,20:55,21:25,21:25,21:49,21:50,22:03,00:30,00:25,DELAY,DELAY,DELAY,DELAY,,93,00:25,,,,,21:20,21:47,,,HAN,SGN,SGN,Domestic,VJ,,,,,,,,,,,,
,2026-04-28,VJ776/VJ1527,A672,A320,CXR-HAN-DAD,20:10,21:25,20:10,21:25,20:35,21:19,21:20,21:22,01:15,00:45,EARLY,ONTIME,ONTIME,DELAY,,,,,,,,20:35,21:15,,,HAN,CXR,DAD,Domestic,VJ,,,,,,,,,,,,
,2026-04-28,VJ424/VJ7526,A632,A321,PXU-HAN-CAN,18:45,22:30,18:45,22:30,19:18,22:22,22:24,22:26,03:45,03:06,EARLY,ONTIME,ONTIME,DELAY,,,,,,,,21:45,22:20,,,HAN,PXU,CAN,International,VJ,,,,,,,,,,,,
,2026-04-28,VJ512/VJ1503,A643,A321,DAD-HAN-DAD,18:15,22:35,18:15,22:35,18:20,22:32,22:33,22:36,04:20,04:13,EARLY,ONTIME,ONTIME,ONTIME,,,,,,,,21:50,22:30,,,HAN,DAD,DAD,Domestic,VJ,,,,,,,,,,,,
,2026-04-28,VJ522/VJ169,A661,A321,DAD-HAN-SGN,22:35,23:25,22:35,23:25,23:05,23:34,23:35,23:38,00:50,00:30,DELAY,ONTIME,ONTIME,DELAY,,93,00:10,,,,,23:05,23:31,,,HAN,DAD,SGN,Domestic,VJ,,,,,,,,,,,,
,2026-04-29,____/VJ932,A525,A321,HAN-NRT,,00:30,,00:30,,00:16,00:18,00:20,,,EARLY,ONTIME,ONTIME,,,,,,,,,23:40,00:12,,,HAN,HAN,NRT,International,VJ,,,,,,,,,,,,
,2026-04-29,____/VJ982,A648,A321,HAN-PUS,,01:05,,01:05,,01:00,01:01,01:04,,,EARLY,ONTIME,ONTIME,,,,,,,,,00:15,00:55,,,HAN,HAN,PUS,International,VJ,,,,,,,,,,,,
,2026-04-29,VJ7706/VJ7706,A580,A321,CXR-HAN-KHV,00:35,01:05,00:35,01:05,00:45,01:14,01:15,01:20,00:30,00:30,DELAY,ONTIME,ONTIME,ONTIME,,93,00:10,,,,,,,X,TECHSTOP,HAN,CXR,KHV,International,VJ,,,,,,,,,,,,
,2026-04-29,____/VJ938,A693,A321,HAN-KIX,,01:20,,01:20,,01:03,01:05,01:10,,,EARLY,ONTIME,ONTIME,,,,,,,,,00:30,01:00,,,HAN,HAN,KIX,International,VJ,,,,,,,,,,,,
,2026-04-29,____/VJ960,A647,A321,HAN-ICN,,01:40,,01:40,,01:33,01:35,01:36,,,EARLY,ONTIME,ONTIME,,,,,,,,,01:05,01:30,,,HAN,HAN,ICN,International,VJ,,,,,,,,,,,,
,2026-04-29,____/VJ920,A578,A321,HAN-NGO,,01:40,,01:40,,01:38,01:40,01:41,,,ONTIME,ONTIME,ONTIME,,,,,,,,,00:50,01:35,,,HAN,HAN,NGO,International,VJ,,,,,,,,,,,,
,2026-04-29,VJ2980/VJ2980,A516,A321,CXR-HAN-KHV,01:35,02:05,01:35,02:05,01:45,02:19,02:20,02:27,00:30,00:35,DELAY,ONTIME,DELAY,ONTIME,,93,00:15,,,,,,,X,TECHSTOP,HAN,CXR,KHV,International,VJ,,,,,,,,,,,,
,2026-04-29,____/VJ121,A668,A320,HAN-SGN,,06:00,,06:00,,05:49,05:50,06:02,,,EARLY,ONTIME,ONTIME,,,,,,,,,05:10,05:47,,,HAN,HAN,SGN,Domestic,VJ,,,,,,,,,,,,
,2026-04-29,VJ7713/VJ771,A675,A320,PKX-HAN-CXR,03:55,06:00,03:55,06:00,04:27,05:49,05:50,06:08,02:05,01:23,EARLY,ONTIME,ONTIME,DELAY,,,,,,,,05:10,05:45,,,HAN,PKX,CXR,Domestic,VJ,,,,,,,,,,,,
,2026-04-29,____/VJ501,A629,A321,HAN-DAD,,06:00,,06:00,,05:59,06:00,06:15,,,ONTIME,ONTIME,ONTIME,,,,,,,,,05:10,06:03,,,HAN,HAN,DAD,Domestic,VJ,,,,,,,,,,,,
,2026-04-29,____/VJ449,A637,A321,HAN-PQC,,06:30,,06:30,,06:24,06:25,06:35,,,EARLY,ONTIME,ONTIME,,,,,,,,,05:40,06:23,,,HAN,HAN,PQC,Domestic,VJ,,,,,,,,,,,,
,2026-04-29,____/VJ461,A662,A320,HAN-VCA,,06:45,,06:45,,06:39,06:40,06:46,,,EARLY,ONTIME,ONTIME,,,,,,,,,05:55,06:36,,,HAN,HAN,VCA,Domestic,VJ,,,,,,,,,,,,
,2026-04-29,VJ5069/VJ5069,A537,A321,NOZ-HAN-CXR,08:30,06:45,06:15,06:45,06:30,06:58,06:59,07:07,00:30,00:29,DELAY,ONTIME,DELAY,ONTIME,,93,00:14,,,,,,,X,TECHSTOP,HAN,NOZ,CXR,Domestic,VJ,,,,,,,,,,,,
,2026-04-29,____/VJ1519,A200,A321,HAN-DAD,,07:15,,07:15,,07:09,07:10,07:23,,,EARLY,ONTIME,ONTIME,,,,,,,,,06:25,07:05,,,HAN,HAN,DAD,Domestic,VJ,,,,,,,,,,,,
,2026-04-29,____/VJ197,A538,A321,HAN-SGN,,07:20,,07:20,,07:14,07:15,07:23,,,EARLY,ONTIME,ONTIME,,,,,,,,,06:30,07:10,,,HAN,HAN,SGN,Domestic,VJ,,,,,,,,,,,,
,2026-04-29,____/VJ905,A676,A320,HAN-KUL,,07:25,,07:25,,07:19,07:20,07:32,,,EARLY,ONTIME,ONTIME,,,,,,,,,06:35,07:16,,,HAN,HAN,KUL,International,VJ,,,,,,,,,,,,
,2026-04-29,____/VJ503,A547,A321,HAN-DAD,,07:30,,07:30,,07:24,07:25,07:35,,,EARLY,ONTIME,ONTIME,,,,,,,,,06:40,07:21,,,HAN,HAN,DAD,Domestic,VJ,,,,,,,,,,,,
,2026-04-29,VJ1926/VJ934,A674,A321,AMD-HAN-NRT,05:55,07:55,05:55,07:55,06:25,07:41,07:42,07:45,02:00,01:17,EARLY,ONTIME,ONTIME,DELAY,,,,,,,,07:00,07:38,,,HAN,AMD,NRT,International,VJ,,,,,,,,,,,,
,2026-04-29,____/VJ930,A528,A321,HAN-KIX,,07:55,,07:55,,07:47,07:48,07:50,,,EARLY,ONTIME,ONTIME,,,,,,,,,07:00,07:45,,,HAN,HAN,KIX,International,VJ,,,,,,,,,,,,
,2026-04-29,____/VJ7036,A687,A321,HAN-HUN,,08:05,,08:05,,07:51,07:52,07:57,,,EARLY,ONTIME,ONTIME,,,,,,,,,07:15,07:48,,,HAN,HAN,HUN,International,VJ,,,,,,,,,,,,
,2026-04-29,VJ124/VJ129,A535,A321,SGN-HAN-SGN,08:15,08:45,08:15,08:45,08:15,08:44,08:45,08:57,00:30,00:30,ONTIME,ONTIME,ONTIME,ONTIME,,,,,,,,08:15,08:42,,,HAN,SGN,SGN,Domestic,VJ,,,,,,,,,,,,
,2026-04-29,____/VJ447,A689,A320,HAN-PQC,,08:45,,08:45,,08:44,08:45,08:47,,,ONTIME,ONTIME,ONTIME,,,,,,,,,07:55,08:43,,,HAN,HAN,PQC,Domestic,VJ,,,,,,,,,,,,
,2026-04-29,VJ1508/VJ1435,A669,A320,DAD-HAN-UIH,08:20,08:50,08:20,08:50,08:30,08:48,08:50,08:52,00:30,00:20,ONTIME,ONTIME,ONTIME,ONTIME,,,,,,,,08:20,08:47,,,HAN,DAD,UIH,Domestic,VJ,,,,,,,,,,,,
,2026-04-29,VJ1500/VJ505,A643,A321,DAD-HAN-DAD,07:00,09:05,07:00,09:05,07:00,09:04,09:05,09:13,02:05,02:05,ONTIME,ONTIME,ONTIME,ONTIME,,,,,,,,08:25,09:01,,,HAN,DAD,DAD,Domestic,VJ,,,,,,,,,,,,
,2026-04-29,____/VJ563,A649,A321,HAN-HUI,,09:20,,09:20,,09:19,09:20,09:28,,,ONTIME,ONTIME,ONTIME,,,,,,,,,08:35,09:17,,,HAN,HAN,HUI,Domestic,VJ,,,,,,,,,,,,
,2026-04-29,____/VJ915,A543,A321,HAN-SIN,,09:35,,09:35,,09:29,09:30,09:34,,,EARLY,ONTIME,ONTIME,,,,,,,,,08:40,09:26,,,HAN,HAN,SIN,International,VJ,,,,,,,,,,,,
,2026-04-29,VJ514/VJ433,A629,A321,DAD-HAN-UIH,09:10,09:45,09:10,09:45,09:35,09:54,09:55,10:00,00:35,00:20,DELAY,ONTIME,ONTIME,DELAY,,93,00:10,,,,,09:35,09:52,,,HAN,DAD,UIH,Domestic,VJ,,,,,,,,,,,,
,2026-04-29,____/VJ997,A575,A321,HAN-DPS,,10:05,,10:05,,10:04,10:05,10:12,,,ONTIME,ONTIME,ONTIME,,,,,,,,,09:15,10:01,,,HAN,HAN,DPS,International,VJ,,,,,,,,,,,,
,2026-04-29,VJ126/VJ131,A548,A321,SGN-HAN-SGN,09:40,10:10,09:40,10:10,09:35,10:09,10:10,10:25,00:30,00:35,ONTIME,ONTIME,ONTIME,ONTIME,,,,,,,,09:35,10:07,,,HAN,SGN,SGN,Domestic,VJ,,,,,,,,,,,,
,2026-04-29,VJ156/VJ135,A651,A321,SGN-HAN-SGN,09:00,10:10,09:00,10:10,09:00,10:09,10:10,10:15,01:10,01:10,ONTIME,ONTIME,ONTIME,ONTIME,,,,,,,,09:35,09:50,,,HAN,SGN,SGN,Domestic,VJ,,,,,,,,,,,,
,2026-04-29,____/VJ463,A663,A320,HAN-VCA,,10:20,,10:20,,10:54,10:55,11:00,,,DELAY,DELAY,DELAY,,,41,00:35,,,,,09:35,10:17,,"DL41 TECHNICAL CHECK (DC 1019/1020 - 1030 BÁO KỸ THUẬT, CẬP THANG - DC 1054/1055)",HAN,HAN,VCA,Domestic,VJ,,,,,,,,,,,,
,2026-04-29,VJ122/VJ1493,A639,A321,SGN-HAN-BMV,09:05,10:30,09:05,10:30,09:00,10:29,10:30,10:40,01:25,01:30,ONTIME,ONTIME,ONTIME,ONTIME,,,,,,,,09:45,10:27,,,HAN,SGN,BMV,Domestic,VJ,,,,,,,,,,,,
,2026-04-29,____/VJ1509,A521,A321,HAN-DAD,,11:00,,11:00,,10:59,11:00,11:08,,,ONTIME,ONTIME,ONTIME,,,,,,,,,10:20,10:57,,,HAN,HAN,DAD,Domestic,VJ,,,,,,,,,,,,
,2026-04-29,____/VJ901,A632,A321,HAN-BKK,,11:10,,11:10,,11:09,11:10,11:15,,,ONTIME,ONTIME,ONTIME,,,,,,,,,10:25,11:07,,,HAN,HAN,BKK,International,VJ,,,,,,,,,,,,
,2026-04-29,____/VJ507,A550,A321,HAN-DAD,,11:10,,11:10,,11:08,11:10,11:10,,,ONTIME,ONTIME,ONTIME,,,,,,,,,10:25,11:07,,,HAN,HAN,DAD,Domestic,VJ,,,,,,,,,,,,
,2026-04-29,VJ972/VJ1443,A812,A330,DEL-HAN-PQC,05:40,11:10,05:40,11:10,06:20,11:09,11:10,11:16,05:30,04:50,ONTIME,ONTIME,ONTIME,DELAY,,,,,,,,10:15,11:07,,,HAN,DEL,PQC,Domestic,VJ,,,,,,,,,,,,
,2026-04-29,VJ1520/VJ421,A200,A321,DAD-HAN-PXU,10:30,11:30,10:30,11:30,10:45,11:29,11:30,11:40,01:00,00:45,ONTIME,ONTIME,ONTIME,ONTIME,,,,,,,,10:45,11:27,,,HAN,DAD,PXU,Domestic,VJ,,,,,,,,,,,,
,2026-04-29,VJ981/VJ775,A648,A321,PUS-HAN-CXR,10:40,11:45,10:40,11:45,10:30,11:39,11:40,11:43,01:05,01:10,EARLY,ONTIME,ONTIME,ONTIME,,,,,,,,11:00,11:42,,,HAN,PUS,CXR,Domestic,VJ,,,,,,,,,,,,
,2026-04-29,____/VJ451,A542,A321,HAN-PQC,,11:45,,11:45,,11:44,11:45,11:47,,,ONTIME,ONTIME,ONTIME,,,,,,,,,11:00,11:42,,,HAN,HAN,PQC,Domestic,VJ,,,,,,,,,,,,
,2026-04-29,VJ462/VJ515,A662,A320,VCA-HAN-DAD,11:40,12:10,11:40,12:10,11:40,12:09,12:10,12:14,00:30,00:30,ONTIME,ONTIME,ONTIME,ONTIME,,,,,,,,11:45,12:07,,,HAN,VCA,DAD,Domestic,VJ,,,,,,,,,,,,
,2026-04-29,____/VJ137,A699,A320,HAN-SGN,,12:20,,12:20,,12:19,12:20,12:25,,,ONTIME,ONTIME,ONTIME,,,,,,,,,11:30,12:18,,,HAN,HAN,SGN,Domestic,VJ,,,,,,,,,,,,
,2026-04-29,VJ770/VJ453,A675,A320,CXR-HAN-PQC,10:10,13:00,10:10,13:00,10:35,12:59,13:00,13:08,02:50,02:25,ONTIME,ONTIME,ONTIME,DELAY,,,,,,,,12:20,12:57,,,HAN,CXR,PQC,Domestic,VJ,,,,,,,,,,,,
,2026-04-29,VJ564/VJ509,A649,A321,HUI-HAN-DAD,12:20,13:05,12:20,13:05,12:40,13:09,13:10,13:19,00:45,00:30,DELAY,ONTIME,ONTIME,DELAY,,93,00:05,,,,,12:40,13:08,,,HAN,HUI,DAD,Domestic,VJ,,,,,,,,,,,,
,2026-04-29,VJ506/VJ787,A643,A321,DAD-HAN-CXR,12:15,13:10,12:15,13:10,12:40,13:07,13:08,13:18,00:55,00:28,EARLY,ONTIME,ONTIME,DELAY,,,,,,,,12:35,13:00,,,HAN,DAD,CXR,Domestic,VJ,,,,,,,,,,,,
,2026-04-29,VJ939/VJ948,A693,A321,KIX-HAN-RMQ,12:20,13:30,12:20,13:30,14:45,13:29,13:30,13:37,01:10,22:45,ONTIME,ONTIME,ONTIME,DELAY,,,,,,,,13:00,13:27,,,HAN,KIX,RMQ,International,VJ,,,,,,,,,,,,
,2026-04-29,VJ440/VJ441,A689,A320,PQC-HAN-PQC,13:30,14:00,13:30,14:00,13:55,14:39,14:40,14:43,00:30,00:45,DELAY,DELAY,DELAY,DELAY,,93,00:20,41,00:20,,,13:50,14:17,,LATE ARR / TECHNICAL CHECK,HAN,PQC,PQC,Domestic,VJ,,,,,,,,,,,,
,2026-04-29,VJ198/VJ191,A820,A321,SGN-HAN-SGN,12:40,14:00,12:40,14:00,12:35,13:59,14:00,14:07,01:20,01:25,ONTIME,ONTIME,ONTIME,ONTIME,,,,,,,,13:10,13:57,,,HAN,SGN,SGN,Domestic,VJ,,,,,,,,,,,,
,2026-04-29,VJ524/VJ525,A547,A321,DAD-HAN-DAD,10:40,14:05,10:40,14:05,11:05,14:04,14:05,14:13,03:25,03:00,ONTIME,ONTIME,ONTIME,DELAY,,,,,,,,13:20,14:03,,,HAN,DAD,DAD,Domestic,VJ,,,,,,,,,,,,
,2026-04-29,VJ450/VJ143,A637,A321,PQC-HAN-SGN,11:15,14:05,11:15,14:05,11:25,14:04,14:05,14:12,02:50,02:40,ONTIME,ONTIME,ONTIME,ONTIME,,,,,,,,13:15,14:02,,,HAN,PQC,SGN,Domestic,VJ,,,,,,,,,,,,
,2026-04-29,VJ1782/VJ149,A817,A330,CXR-HAN-SGN,10:20,14:15,10:20,14:15,10:20,14:14,14:15,14:25,03:55,03:55,ONTIME,ONTIME,ONTIME,ONTIME,,,,,,,,13:30,14:13,,,HAN,CXR,SGN,Domestic,VJ,,,,,,,,,,,,
,2026-04-29,VJ921/VJ942,A578,A321,NGO-HAN-TPE,12:50,14:25,12:50,14:25,13:10,14:24,14:25,14:35,01:35,01:15,ONTIME,ONTIME,ONTIME,DELAY,,,,,,,,13:39,14:10,,,HAN,NGO,TPE,International,VJ,,,,,,,,,,,,
,2026-04-29,VJ1504/VJ1505,A642,A321,DAD-HAN-DAD,14:00,14:35,14:00,14:35,14:15,14:44,14:45,14:50,00:35,00:30,DELAY,ONTIME,ONTIME,ONTIME,,93,00:10,,,,,14:15,14:42,,,HAN,DAD,DAD,Domestic,VJ,,,,,,,,,,,,
,2026-04-29,VJ434/VJ1521,A629,A321,UIH-HAN-DAD,13:35,14:40,13:35,14:40,14:00,14:39,14:40,14:55,01:05,00:40,ONTIME,ONTIME,ONTIME,DELAY,,,,,,,,14:00,14:37,,,HAN,UIH,DAD,Domestic,VJ,,,,,,,,,,,,
,2026-04-29,VJ1432/VJ145,A669,A320,UIH-HAN-SGN,12:35,14:40,12:35,14:40,12:45,14:44,14:45,14:55,02:05,02:00,DELAY,ONTIME,ONTIME,ONTIME,,15A,00:05,,,,,14:00,14:40,,OFFLOAD 4PAX+1BAG,HAN,UIH,SGN,Domestic,VJ,,,,,,,,,,,,
,2026-04-29,VJ1510/VJ1439,A521,A321,DAD-HAN-UIH,14:15,14:45,14:15,14:45,14:25,14:54,14:55,15:00,00:30,00:30,DELAY,ONTIME,ONTIME,ONTIME,,93,00:10,,,,,14:20,14:45,,,HAN,DAD,UIH,Domestic,VJ,,,,,,,,,,,,
,2026-04-29,VJ7707/VJ7707,A580,A321,KHV-HAN-CXR,14:25,14:55,14:25,14:55,14:25,14:51,14:52,14:56,00:30,00:27,EARLY,ONTIME,ONTIME,ONTIME,,,,,,,,,,X,TECHSTOP,HAN,KHV,CXR,Domestic,VJ,,,,,,,,,,,,
,2026-04-29,VJ510/VJ511,A550,A321,DAD-HAN-DAD,14:35,15:05,14:35,15:05,14:55,15:18,15:20,15:20,00:30,00:25,DELAY,ONTIME,ONTIME,DELAY,,93,00:15,,,,,14:50,15:13,,,HAN,DAD,DAD,Domestic,VJ,,,,,,,,,,,,
,2026-04-29,VJ1494/VJ423,A639,A321,BMV-HAN-PXU,14:30,15:05,14:30,15:05,15:10,15:39,15:40,15:45,00:35,00:30,DELAY,DELAY,DELAY,DELAY,,93,00:35,,,,,15:10,15:36,,,HAN,BMV,PXU,Domestic,VJ,,,,,,,,,,,,
,2026-04-29,VJ136/VJ439,A668,A320,SGN-HAN-UIH,14:10,15:40,14:10,15:40,14:55,15:39,15:40,15:43,01:30,00:45,ONTIME,ONTIME,ONTIME,DELAY,,,,,,,,14:55,15:37,,,HAN,SGN,UIH,Domestic,VJ,,,,,,,,,,,,
,2026-04-29,VJ138/VJ147,A650,A320,SGN-HAN-SGN,15:15,15:45,15:15,15:45,15:45,16:09,16:10,16:24,00:30,00:25,DELAY,DELAY,DELAY,DELAY,,93,00:25,,,,,15:45,16:07,,,HAN,SGN,SGN,Domestic,VJ,,,,,,,,,,,,
,2026-04-29,VJ961/VJ903,A647,A321,ICN-HAN-BKK,13:35,15:45,13:35,15:45,13:35,15:44,15:45,15:49,02:10,02:10,ONTIME,ONTIME,ONTIME,ONTIME,,,,,,,,15:00,15:42,,,HAN,ICN,BKK,International,VJ,,,,,,,,,,,,
,2026-04-29,VJ906/VJ567,A676,A320,KUL-HAN-HUI,14:40,15:55,14:40,15:55,14:50,15:54,15:55,16:04,01:15,01:05,ONTIME,ONTIME,ONTIME,ONTIME,,,,,,,,15:05,15:52,,,HAN,KUL,HUI,Domestic,VJ,,,,,,,,,,,,
,2026-04-29,VJ2981/VJ2981,A516,A321,KHV-HAN-CXR,15:25,15:55,15:25,15:55,16:00,16:24,16:25,16:35,00:30,00:25,DELAY,DELAY,DELAY,DELAY,,,,,,,,,,X,TECHSTOP,HAN,KHV,CXR,Domestic,VJ,,,,,,,,,,,,
,2026-04-29,VJ508/VJ773,A662,A320,DAD-HAN-CXR,15:25,16:00,15:25,16:00,15:45,16:14,16:15,16:30,00:35,00:30,DELAY,ONTIME,DELAY,DELAY,,93,00:15,,,,,15:45,16:12,,,HAN,DAD,CXR,Domestic,VJ,,,,,,,,,,,,
,2026-04-29,VJ933/VJ913,A525,A321,NRT-HAN-SAI,13:05,16:20,13:05,16:20,13:35,16:09,16:10,16:20,03:15,02:35,EARLY,ONTIME,ONTIME,DELAY,,,,,,,,15:30,16:07,,,HAN,NRT,SAI,International,VJ,,,,,,,,,,,,
,2026-04-29,VJ142/VJ193,A523,A321,SGN-HAN-SGN,15:30,16:30,17:15,18:45,17:40,18:38,18:40,18:50,01:30,01:00,EARLY,ONTIME,DELAY,DELAY,,,,,,,,18:00,18:35,,,HAN,SGN,SGN,Domestic,VJ,,,,,,,,,,,,
,2026-04-29,VJ422/VJ1513,A200,A321,PXU-HAN-DAD,15:15,16:35,15:15,16:35,15:50,16:34,16:35,16:45,01:20,00:45,ONTIME,ONTIME,ONTIME,DELAY,,,,,,,,15:45,16:33,,,HAN,PXU,DAD,Domestic,VJ,,,,,,,,,,,,
,2026-04-29,VJ7291/VJ465,A634,A321,TTT-HAN-VCA,15:20,17:00,15:20,17:00,15:35,16:59,17:00,17:05,01:40,01:25,ONTIME,ONTIME,ONTIME,ONTIME,,,,,,,,16:15,16:55,,,HAN,TTT,VCA,Domestic,VJ,,,,,,,,,,,,
,2026-04-29,VJ454/VJ495,A542,A321,PQC-HAN-BMV,16:45,17:30,16:45,17:30,16:50,17:28,17:30,17:30,00:45,00:40,ONTIME,ONTIME,ONTIME,ONTIME,,,,,,,,16:50,17:25,,,HAN,PQC,BMV,Domestic,VJ,,,,,,,,,,,,
,2026-04-29,VJ530/VJ1433,A649,A321,DAD-HAN-UIH,16:15,17:40,16:15,17:40,16:50,17:39,17:40,17:44,01:25,00:50,ONTIME,ONTIME,ONTIME,DELAY,,,,,,,,16:55,17:35,,,HAN,DAD,UIH,Domestic,VJ,,,,,,,,,,,,
,2026-04-29,VJ902/VJ517,A632,A321,BKK-HAN-DAD,15:50,17:45,15:50,17:45,16:15,17:44,17:45,17:52,01:55,01:30,ONTIME,ONTIME,ONTIME,DELAY,,,,,,,,17:00,17:40,,,HAN,BKK,DAD,Domestic,VJ,,,,,,,,,,,,
,2026-04-29,VJ464/VJ1153,A663,A320,VCA-HAN-SGN,14:10,18:05,14:10,18:05,16:05,18:09,18:10,18:20,03:55,02:05,DELAY,ONTIME,ONTIME,DELAY,,,,41,00:05,,,17:25,18:03,,TECH-CHECK,HAN,VCA,SGN,Domestic,VJ,,,,,,,,,,,,
,2026-04-29,VJ528/VJ781,A547,A321,DAD-HAN-CXR,17:25,18:15,17:25,18:15,17:55,18:24,18:25,18:45,00:50,00:30,DELAY,ONTIME,DELAY,DELAY,,93,00:10,,,,,17:55,18:20,,,HAN,DAD,CXR,Domestic,VJ,,,,,,,,,,,,
,2026-04-29,VJ452/VJ1567,A551,A321,PQC-HAN-HUI,17:15,18:15,16:25,18:15,17:10,18:14,18:15,18:40,01:50,01:05,ONTIME,ONTIME,DELAY,ONTIME,,,,,,,,17:30,18:10,,,HAN,PQC,HUI,Domestic,VJ,,,,,,,,,,,,
,2026-04-29,VJ512/VJ521,A685,A321,DAD-HAN-DAD,18:15,18:45,18:15,18:45,18:35,19:04,19:05,19:28,00:30,00:30,DELAY,DELAY,DELAY,DELAY,,93,00:20,,,,,18:25,19:02,,,HAN,DAD,DAD,Domestic,VJ,,,,,,,,,,,,
,2026-04-29,VJ456/VJ1789,A522,A321,PQC-HAN-CXR,17:45,18:45,17:45,18:45,18:00,18:44,18:45,19:00,01:00,00:45,ONTIME,ONTIME,ONTIME,ONTIME,,,,,,,,18:00,18:42,,,HAN,PQC,CXR,Domestic,VJ,,,,,,,,,,,,
,2026-04-29,VJ7658/VJ7658,A550,A321,DAD-HAN-BQS,18:40,19:10,18:40,20:00,19:30,19:59,20:00,20:20,01:20,00:30,ONTIME,ONTIME,DELAY,DELAY,,,,,,,,,,X,TECHSTOP,HAN,DAD,BQS,International,VJ,,,,,,,,,,,,
,2026-04-29,VJ772/VJ1561,A641,A321,CXR-HAN-HUI,16:25,19:15,16:25,19:15,16:45,19:14,19:15,19:37,02:50,02:30,ONTIME,ONTIME,DELAY,DELAY,,,,,,,,18:30,19:10,,,HAN,CXR,HUI,Domestic,VJ,,,,,,,,,,,,
,2026-04-29,VJ1522/VJ519,A629,A321,DAD-HAN-DAD,17:55,19:25,17:55,19:25,18:25,19:24,19:25,19:35,01:30,01:00,ONTIME,ONTIME,ONTIME,DELAY,,,,,,,,18:35,19:20,,,HAN,DAD,DAD,Domestic,VJ,,,,,,,,,,,,
,2026-04-29,VJ144/VJ1127,A658,A320,SGN-HAN-SGN,18:05,19:25,18:50,20:25,19:50,20:19,20:20,20:35,01:35,00:30,EARLY,ONTIME,DELAY,DELAY,,,,,,,,19:50,20:16,,,HAN,SGN,SGN,Domestic,VJ,,,,,,,,,,,,
,2026-04-29,VJ1438/VJ1147,A521,A321,UIH-HAN-SGN,18:30,19:30,18:30,19:30,18:45,19:29,19:30,19:40,01:00,00:45,ONTIME,ONTIME,ONTIME,ONTIME,,,,,,,,18:55,19:25,,,HAN,UIH,SGN,Domestic,VJ,,,,,,,,,,,,
,2026-04-29,VJ146/VJ523,A637,A321,SGN-HAN-DAD,18:55,19:40,18:55,19:55,19:35,20:04,20:05,20:25,01:00,00:30,DELAY,ONTIME,DELAY,DELAY,,93,00:10,,,,,19:35,20:00,,,HAN,SGN,DAD,Domestic,VJ,,,,,,,,,,,,
,2026-04-29,VJ568/VJ7712,A663,A320,HUI-HAN-PKX,18:55,19:55,18:55,19:55,19:10,19:49,19:50,20:08,01:00,00:40,EARLY,ONTIME,ONTIME,ONTIME,,,,,,,,19:25,19:45,,,HAN,HUI,PKX,International,VJ,,,,,,,,,,,,
,2026-04-29,VJ916/VJ907,A543,A321,SIN-HAN-BOM,17:25,20:05,17:25,20:05,17:10,20:04,20:05,20:20,02:40,02:55,ONTIME,ONTIME,ONTIME,ONTIME,,,,,,,,19:15,20:00,,,HAN,SIN,BOM,International,VJ,,,,,,,,,,,,
,2026-04-29,VJ931/VJ455,A528,A321,KIX-HAN-PQC,18:30,20:05,18:30,20:05,18:40,20:04,20:05,20:25,01:35,01:25,ONTIME,ONTIME,DELAY,ONTIME,,,,,,,,19:20,20:00,,,HAN,KIX,PQC,Domestic,VJ,,,,,,,,,,,,
,2026-04-29,VJ152/VJ159,A670,A321,SGN-HAN-SGN,19:45,20:15,19:45,20:15,20:15,20:44,20:45,20:55,00:30,00:30,DELAY,DELAY,DELAY,DELAY,,93,00:30,,,,,20:15,20:40,,,HAN,SGN,SGN,Domestic,VJ,,,,,,,,,,,,
,2026-04-29,VJ442/VJ161,A689,A320,PQC-HAN-SGN,19:05,20:55,19:05,20:55,19:50,20:52,20:54,20:58,01:50,01:04,EARLY,ONTIME,ONTIME,DELAY,,,,,,,,20:10,20:50,,,HAN,PQC,SGN,Domestic,VJ,,,,,,,,,,,,
,2026-04-29,VJ1516/VJ1165,A200,A321,DAD-HAN-SGN,19:45,21:10,19:45,21:10,20:30,21:04,21:05,21:15,01:25,00:35,EARLY,ONTIME,ONTIME,DELAY,,,,,,,,20:30,21:02,,,HAN,DAD,SGN,Domestic,VJ,,,,,,,,,,,,
,2026-04-29,VJ776/VJ7238,A662,A320,CXR-HAN-PVG,20:10,21:15,20:10,21:45,21:25,21:54,21:55,22:00,01:35,00:30,DELAY,ONTIME,DELAY,DELAY,,93,00:05,66,00:05,,,21:30,21:50,,CREW HN OB 2130,HAN,CXR,PVG,International,VJ,,,,,,,,,,,,
,2026-04-29,VJ154/VJ163,A698,A321,SGN-HAN-SGN,20:55,21:25,20:55,21:25,21:25,21:54,21:55,21:55,00:30,00:30,DELAY,DELAY,DELAY,DELAY,,93,00:30,,,,,21:25,21:50,,,HAN,SGN,SGN,Domestic,VJ,,,,,,,,,,,,
,2026-04-29,VJ438/VJ1527,A676,A320,UIH-HAN-DAD,19:25,21:25,19:25,21:25,19:25,22:04,22:05,22:10,02:00,02:40,DELAY,DELAY,DELAY,ONTIME,,,,95,00:40,,,21:35,22:02,,CREW FR VJ776 OB 2136,HAN,UIH,DAD,Domestic,VJ,,,,,,,,,,,,
,2026-04-29,VJ935/VJ7526,A674,A321,NRT-HAN-CAN,20:05,22:30,20:05,22:30,20:45,22:29,22:30,22:42,02:25,01:45,ONTIME,ONTIME,ONTIME,DELAY,,,,,,,,21:40,22:27,,,HAN,NRT,CAN,International,VJ,,,,,,,,,,,,
,2026-04-29,VJ518/VJ1503,A685,A321,DAD-HAN-DAD,22:05,22:35,22:05,22:35,22:55,23:24,23:25,23:32,00:30,00:30,DELAY,DELAY,DELAY,DELAY,,93,00:50,,,,,22:55,23:20,,,HAN,DAD,DAD,Domestic,VJ,,,,,,,,,,,,
,2026-04-29,VJ774/VJ167,A643,A321,UIH-HAN-SGN,17:15,22:45,17:15,22:45,18:10,23:09,23:10,23:15,05:30,05:00,DELAY,DELAY,DELAY,DELAY,,,,95,00:25,,,22:40,23:05,,CAPT FR VJ466 OB 2244,HAN,UIH,SGN,Domestic,VJ,,,,,,,,,,,,
,2026-04-30,____/VJ932,A578,A321,HAN-NRT,,00:30,,00:30,,00:25,00:26,00:30,,,EARLY,ONTIME,ONTIME,,,,,,,,,23:40,00:15,,,HAN,HAN,NRT,International,VJ,,,,,,,,,,,,
,2026-04-30,____/VJ982,A647,A321,HAN-PUS,,01:05,,01:05,,00:51,00:52,00:55,,,EARLY,ONTIME,ONTIME,,,,,,,,,00:15,00:48,,,HAN,HAN,PUS,International,VJ,,,,,,,,,,,,
,2026-04-30,____/VJ938,A575,A321,HAN-KIX,,01:20,,01:20,,01:14,01:15,01:19,,,EARLY,ONTIME,ONTIME,,,,,,,,,00:35,01:10,,,HAN,HAN,KIX,International,VJ,,,,,,,,,,,,
,2026-04-30,VJ7704/VJ7704,A580,A321,CXR-HAN-VVO,23:50,00:20,23:50,01:00,01:15,01:32,01:33,01:43,01:10,00:18,DELAY,DELAY,DELAY,ONTIME,,93,00:33,,,,,,,X,TECHSTOP,HAN,CXR,VVO,International,VJ,,,,,,,,,,,,
,2026-04-30,____/VJ960,A693,A321,HAN-ICN,,01:40,,01:40,,01:25,01:26,01:29,,,EARLY,ONTIME,ONTIME,,,,,,,,,00:50,01:23,,,HAN,HAN,ICN,International,VJ,,,,,,,,,,,,
,2026-04-30,____/VJ920,A551,A321,HAN-NGO,,01:40,,01:40,,01:38,01:40,01:42,,,ONTIME,ONTIME,ONTIME,,,,,,,,,00:50,01:35,,,HAN,HAN,NGO,International,VJ,,,,,,,,,,,,
,2026-04-30,____/VJ958,A634,A321,HAN-FUK,,02:05,,02:05,,01:55,01:56,01:58,,,EARLY,ONTIME,ONTIME,,,,,,,,,01:15,01:52,,,HAN,HAN,FUK,International,VJ,,,,,,,,,,,,
,2026-04-30,____/VJ1980,A669,A320,HAN-FSZ,,02:40,,02:40,,02:33,02:34,02:37,,,EARLY,ONTIME,ONTIME,,,,,,,,,02:00,02:20,,,HAN,HAN,FSZ,International,VJ,,,,,,,,,,,,
,2026-04-30,____/VJ123,A633,A321,HAN-SGN,,05:30,,05:30,,05:24,05:25,05:29,,,EARLY,ONTIME,ONTIME,,,,,,,,,04:45,05:20,,,HAN,HAN,SGN,Domestic,VJ,,,,,,,,,,,,
,2026-04-30,____/VJ445,A673,A321,HAN-PQC,,05:30,,05:30,,05:24,05:25,05:31,,,EARLY,ONTIME,ONTIME,,,,,,,,,04:45,05:20,,,HAN,HAN,PQC,Domestic,VJ,,,,,,,,,,,,
,2026-04-30,____/VJ501,A641,A321,HAN-DAD,,05:40,,05:40,,05:33,05:35,05:38,,,EARLY,ONTIME,ONTIME,,,,,,,,,04:55,05:30,,,HAN,HAN,DAD,Domestic,VJ,,,,,,,,,,,,
,2026-04-30,____/VJ771,A639,A321,HAN-CXR,,05:45,,05:45,,05:39,05:40,05:45,,,EARLY,ONTIME,ONTIME,,,,,,,,,05:00,05:35,,,HAN,HAN,CXR,Domestic,VJ,,,,,,,,,,,,
,2026-04-30,____/VJ491,A521,A321,HAN-BMV,,06:00,,06:00,,05:54,05:55,06:02,,,EARLY,ONTIME,ONTIME,,,,,,,,,05:15,05:50,,,HAN,HAN,BMV,Domestic,VJ,,,,,,,,,,,,
,2026-04-30,____/VJ431,A663,A320,HAN-UIH,,06:05,,06:05,,05:59,06:00,06:09,,,EARLY,ONTIME,ONTIME,,,,,,,,,05:20,05:55,,,HAN,HAN,UIH,Domestic,VJ,,,,,,,,,,,,
,2026-04-30,____/VJ952,A675,A320,HAN-HIJ,,06:15,,06:15,,06:09,06:10,06:17,,,EARLY,ONTIME,ONTIME,,,,,,,,,05:30,06:05,,,HAN,HAN,HIJ,International,VJ,,,,,,,,,,,,
,2026-04-30,VJ7713/VJ125,A676,A320,PKX-HAN-SGN,03:55,07:00,03:55,07:00,04:15,06:54,06:55,07:09,03:05,02:40,EARLY,ONTIME,ONTIME,DELAY,,,,,,,,06:20,06:50,,,HAN,PKX,SGN,Domestic,VJ,,,,,,,,,,,,
,2026-04-30,____/VJ421,A547,A321,HAN-PXU,,07:10,,07:10,,07:01,07:03,07:11,,,EARLY,ONTIME,ONTIME,,,,,,,,,06:25,07:00,,,HAN,HAN,PXU,Domestic,VJ,,,,,,,,,,,,
,2026-04-30,____/VJ1519,A649,A321,HAN-DAD,,07:15,,07:15,,07:09,07:10,07:23,,,EARLY,ONTIME,ONTIME,,,,,,,,,06:30,07:07,,,HAN,HAN,DAD,Domestic,VJ,,,,,,,,,,,,
,2026-04-30,VJ1500/VJ503,A685,A321,DAD-HAN-DAD,07:00,07:30,07:00,07:30,06:55,07:24,07:25,07:30,00:30,00:30,EARLY,ONTIME,ONTIME,ONTIME,,,,,,,,06:55,07:20,,,HAN,DAD,DAD,Domestic,VJ,,,,,,,,,,,,
,2026-04-30,VJ7527/VJ934,A674,A321,CAN-HAN-NRT,03:05,07:55,03:05,07:55,03:45,07:41,07:42,07:46,04:50,03:57,EARLY,ONTIME,ONTIME,DELAY,,,,,,,,07:05,07:38,,,HAN,CAN,NRT,International,VJ,,,,,,,,,,,,
,2026-04-30,____/VJ930,A697,A321,HAN-KIX,,07:55,,07:55,,07:44,07:45,07:50,,,EARLY,ONTIME,ONTIME,,,,,,,,,07:05,07:40,,,HAN,HAN,KIX,International,VJ,,,,,,,,,,,,
,2026-04-30,____/VJ127,A635,A321,HAN-SGN,,08:10,,08:10,,08:04,08:05,08:07,,,EARLY,ONTIME,ONTIME,,,,,,,,,07:25,08:02,,,HAN,HAN,SGN,Domestic,VJ,,,,,,,,,,,,
,2026-04-30,VJ910/VJ929,A543,A321,BOM-HAN-CGK,07:10,08:40,07:10,08:40,07:15,08:39,08:40,08:50,01:30,01:25,ONTIME,ONTIME,ONTIME,ONTIME,,,,,,,,07:50,08:35,,,HAN,BOM,CGK,International,VJ,,,,,,,,,,,,
,2026-04-30,VJ120/VJ129,A650,A320,SGN-HAN-SGN,07:10,08:45,07:10,08:45,07:10,08:32,08:33,08:36,01:35,01:23,EARLY,ONTIME,ONTIME,ONTIME,,,,,,,,08:00,08:26,,,HAN,SGN,SGN,Domestic,VJ,,,,,,,,,,,,
,2026-04-30,VJ7239/VJ447,A662,A320,PVG-HAN-PQC,05:05,08:45,05:05,08:45,05:45,08:40,08:42,08:47,03:40,02:57,EARLY,ONTIME,ONTIME,DELAY,,,,,,,,08:05,08:38,,,HAN,PVG,PQC,Domestic,VJ,,,,,,,,,,,,
,2026-04-30,VJ1508/VJ1435,A672,A320,DAD-HAN-UIH,08:20,08:50,08:20,08:50,08:15,08:49,08:50,08:57,00:30,00:35,ONTIME,ONTIME,ONTIME,ONTIME,,,,,,,,08:05,08:46,,,HAN,DAD,UIH,Domestic,VJ,,,,,,,,,,,,
,2026-04-30,VJ7659/VJ7659,A550,A321,BQS-HAN-DAD,08:30,09:05,08:30,09:05,08:45,09:04,09:05,09:10,00:35,00:20,ONTIME,ONTIME,ONTIME,ONTIME,,,,,,,,,,X,TECHSTOP,HAN,BQS,DAD,Domestic,VJ,,,,,,,,,,,,
,2026-04-30,VJ514/VJ563,A641,A321,DAD-HAN-HUI,08:50,09:20,08:50,09:35,09:15,09:34,09:35,09:43,00:45,00:20,ONTIME,ONTIME,DELAY,DELAY,,,,,,,,09:10,09:31,,,HAN,DAD,HUI,Domestic,VJ,,,,,,,,,,,,
,2026-04-30,____/VJ915,A522,A321,HAN-SIN,,09:35,,09:35,,09:29,09:30,09:32,,,EARLY,ONTIME,ONTIME,,,,,,,,,08:50,09:19,,,HAN,HAN,SIN,International,VJ,,,,,,,,,,,,
,2026-04-30,VJ1526/VJ433,A668,A320,DAD-HAN-UIH,09:10,09:45,09:10,09:45,08:55,09:44,09:45,09:52,00:35,00:50,ONTIME,ONTIME,ONTIME,ONTIME,,,,,,,,09:00,09:40,,,HAN,DAD,UIH,Domestic,VJ,,,,,,,,,,,,
,2026-04-30,____/VJ997,A525,A321,HAN-DPS,,10:05,,10:05,,09:58,10:00,10:06,,,EARLY,ONTIME,ONTIME,,,,,,,,,09:24,09:55,,,HAN,HAN,DPS,International,VJ,,,,,,,,,,,,
,2026-04-30,VJ156/VJ1781,A814,A330,SGN-HAN-CXR,09:05,10:10,09:05,10:40,10:10,10:53,10:55,10:57,01:35,00:45,DELAY,ONTIME,DELAY,DELAY,,93,00:05,66,00:10,,,10:10,10:51,,CHANGE CREW HN OB 1011,HAN,SGN,CXR,Domestic,VJ,,,,,,,,,,,,
,2026-04-30,VJ126/VJ131,A683,A321,SGN-HAN-SGN,09:40,10:10,09:40,10:10,09:35,10:09,10:10,10:23,00:30,00:35,ONTIME,ONTIME,ONTIME,ONTIME,,,,,,,,09:35,10:05,,,HAN,SGN,SGN,Domestic,VJ,,,,,,,,,,,,
,2026-04-30,____/VJ135,A820,A321,HAN-SGN,,10:10,,10:25,,10:56,10:58,11:08,,,DELAY,DELAY,DELAY,,,95,00:33,,,,,10:05,10:54,,CREW FROM VJ156 OB 1021,HAN,HAN,SGN,Domestic,VJ,,,,,,,,,,,,
,2026-04-30,____/VJ463,A542,A321,HAN-VCA,,10:20,,10:20,,10:19,10:20,10:32,,,ONTIME,ONTIME,ONTIME,,,,,,,,,09:40,10:15,,,HAN,HAN,VCA,Domestic,VJ,,,,,,,,,,,,
,2026-04-30,VJ430/VJ1437,A663,A320,UIH-HAN-UIH,09:50,10:25,09:50,10:25,10:01,10:29,10:30,10:32,00:35,00:29,DELAY,ONTIME,ONTIME,ONTIME,,93,00:05,,,,,10:00,10:24,,,HAN,UIH,UIH,Domestic,VJ,,,,,,,,,,,,
,2026-04-30,____/VJ1509,A637,A321,HAN-DAD,,10:50,,10:50,,10:59,11:00,11:09,,,DELAY,ONTIME,DELAY,,,,,,,,,10:00,10:48,,,HAN,HAN,DAD,Domestic,VJ,,,,,,,,,,,,
,2026-04-30,VJ492/VJ7048,A521,A321,BMV-HAN-SJW,10:00,11:05,10:00,11:05,10:00,10:54,10:55,10:59,01:05,00:55,EARLY,ONTIME,ONTIME,ONTIME,,,,,,,,10:30,10:52,,,HAN,BMV,SJW,International,VJ,,,,,,,,,,,,
,2026-04-30,VJ770/VJ507,A639,A321,CXR-HAN-DAD,09:55,11:10,09:55,11:10,10:20,11:09,11:10,11:18,01:15,00:50,ONTIME,ONTIME,ONTIME,DELAY,,,,,,,,10:25,11:05,,,HAN,CXR,DAD,Domestic,VJ,,,,,,,,,,,,
,2026-04-30,____/VJ901,A535,A321,HAN-BKK,,11:10,,11:10,,10:57,10:58,11:05,,,EARLY,ONTIME,ONTIME,,,,,,,,,10:25,10:50,,,HAN,HAN,BKK,International,VJ,,,,,,,,,,,,
,2026-04-30,VJ130/VJ133,A699,A320,SGN-HAN-SGN,10:50,11:20,10:50,11:20,10:50,11:19,11:20,11:30,00:30,00:30,ONTIME,ONTIME,ONTIME,ONTIME,,,,,,,,10:50,11:13,,,HAN,SGN,SGN,Domestic,VJ,,,,,,,,,,,,
,2026-04-30,VJ422/VJ451,A547,A321,PXU-HAN-PQC,10:50,11:45,10:50,11:45,11:10,11:44,11:45,11:57,00:55,00:35,ONTIME,ONTIME,ONTIME,DELAY,,,,,,,,11:10,11:42,,,HAN,PXU,PQC,Domestic,VJ,,,,,,,,,,,,
,2026-04-30,VJ981/VJ515,A647,A321,PUS-HAN-DAD,10:40,12:10,10:40,12:10,10:45,12:06,12:08,12:10,01:30,01:23,EARLY,ONTIME,ONTIME,ONTIME,,,,,,,,11:20,12:04,,,HAN,PUS,DAD,Domestic,VJ,,,,,,,,,,,,
,2026-04-30,VJ128/VJ137,A676,A320,SGN-HAN-SGN,11:50,12:30,11:50,12:30,12:20,12:49,12:50,13:00,00:40,00:30,DELAY,DELAY,DELAY,DELAY,,93,00:20,,,,,12:15,12:46,,,HAN,SGN,SGN,Domestic,VJ,,,,,,,,,,,,
,2026-04-30,VJ524/VJ453,A637,A321,DAD-HAN-PQC,10:40,13:00,10:40,13:00,10:55,12:59,13:00,13:10,02:20,02:05,ONTIME,ONTIME,ONTIME,ONTIME,,,,,,,,12:05,12:55,,,HAN,DAD,PQC,Domestic,VJ,,,,,,,,,,,,
,2026-04-30,VJ1432/VJ509,A672,A320,UIH-HAN-DAD,12:35,13:05,12:35,13:05,12:40,13:04,13:05,13:14,00:30,00:25,ONTIME,ONTIME,ONTIME,ONTIME,,,,,,,,12:35,13:03,,,HAN,UIH,DAD,Domestic,VJ,,,,,,,,,,,,
,2026-04-30,VJ7705/VJ7705,A580,A321,VVO-HAN-CXR,12:35,13:10,12:35,13:10,13:33,13:51,13:52,14:00,00:35,00:19,DELAY,DELAY,DELAY,DELAY,,93,00:42,,,,,,,X,TECHSTOP,HAN,VVO,CXR,Domestic,VJ,,,,,,,,,,,,
,2026-04-30,VJ448/VJ787,A673,A321,PQC-HAN-CXR,10:15,13:10,10:15,13:10,10:15,13:09,13:10,13:15,02:55,02:55,ONTIME,ONTIME,ONTIME,ONTIME,,,,,,,,12:25,13:05,,,HAN,PQC,CXR,Domestic,VJ,,,,,,,,,,,,
,2026-04-30,VJ959/VJ948,A634,A321,FUK-HAN-RMQ,11:25,13:30,11:25,13:30,12:08,13:28,13:30,13:31,02:05,01:22,ONTIME,ONTIME,ONTIME,DELAY,,,,,,,,12:45,13:25,,,HAN,FUK,RMQ,International,VJ,,,,,,,,,,,,
,2026-04-30,VJ1520/VJ441,A649,A321,DAD-HAN-PQC,10:40,14:00,10:40,14:00,10:35,13:59,14:00,14:10,03:20,03:25,ONTIME,ONTIME,ONTIME,ONTIME,,,,,,,,13:09,13:55,,,HAN,DAD,PQC,Domestic,VJ,,,,,,,,,,,,
,2026-04-30,VJ939/VJ525,A575,A321,KIX-HAN-DAD,12:20,14:05,12:20,14:05,12:55,14:02,14:04,14:09,01:45,01:09,EARLY,ONTIME,ONTIME,DELAY,,,,,,,,13:10,13:58,,,HAN,KIX,DAD,Domestic,VJ,,,,,,,,,,,,
,2026-04-30,VJ440/VJ143,A662,A320,PQC-HAN-SGN,13:30,14:05,13:30,14:05,13:45,14:19,14:20,14:25,00:35,00:35,DELAY,ONTIME,DELAY,ONTIME,,93,00:05,66,00:10,,,13:45,14:16,,,HAN,PQC,SGN,Domestic,VJ,,,,,,,,,,,,
,2026-04-30,VJ134/VJ141,A635,A321,SGN-HAN-SGN,13:30,14:30,13:30,14:30,13:55,14:29,14:30,14:33,01:00,00:35,ONTIME,ONTIME,ONTIME,DELAY,,,,,,,,13:55,14:25,,,HAN,SGN,SGN,Domestic,VJ,,,,,,,,,,,,
,2026-04-30,VJ564/VJ1523,A641,A321,HUI-HAN-DAD,12:20,14:30,12:20,14:30,13:00,14:24,14:25,14:33,02:10,01:25,EARLY,ONTIME,ONTIME,DELAY,,,,,,,,13:47,14:23,,,HAN,HUI,DAD,Domestic,VJ,,,,,,,,,,,,
,2026-04-30,VJ961/VJ946,A693,A321,ICN-HAN-KHH,13:35,14:35,13:35,14:35,14:00,14:34,14:35,14:42,01:00,00:35,ONTIME,ONTIME,ONTIME,DELAY,,,,,,,,14:17,14:32,,,HAN,ICN,KHH,International,VJ,,,,,,,,,,,,
,2026-04-30,VJ1504/VJ1505,A546,A321,DAD-HAN-DAD,14:00,14:35,14:00,14:35,14:15,14:43,14:45,14:48,00:35,00:30,DELAY,ONTIME,ONTIME,ONTIME,,93,00:10,,,,,14:15,14:38,,,HAN,DAD,DAD,Domestic,VJ,,,,,,,,,,,,
,2026-04-30,VJ933/VJ1521,A578,A321,NRT-HAN-DAD,13:05,14:40,13:05,14:40,13:45,14:38,14:39,14:45,01:35,00:54,EARLY,ONTIME,ONTIME,DELAY,,,,,,,,13:50,14:30,,,HAN,NRT,DAD,Domestic,VJ,,,,,,,,,,,,
,2026-04-30,VJ434/VJ1439,A668,A320,UIH-HAN-UIH,13:35,14:40,13:35,14:40,13:25,14:38,14:40,14:48,01:05,01:15,ONTIME,ONTIME,ONTIME,ONTIME,,,,,,,,13:53,14:35,,,HAN,UIH,UIH,Domestic,VJ,,,,,,,,,,,,
,2026-04-30,VJ1981/VJ145,A669,A320,FSZ-HAN-SGN,14:00,15:00,14:00,15:00,14:45,15:13,15:15,15:25,01:00,00:30,DELAY,ONTIME,DELAY,DELAY,,93,00:15,,,,,14:43,15:12,,,HAN,FSZ,SGN,Domestic,VJ,,,,,,,,,,,,
,2026-04-30,____/VJ511,A629,A321,HAN-DAD,,15:05,,15:05,,15:04,15:05,15:18,,,ONTIME,ONTIME,ONTIME,,,,,,,,,14:23,15:00,,,HAN,HAN,DAD,Domestic,VJ,,,,,,,,,,,,
,2026-04-30,VJ921/VJ423,A551,A321,NGO-HAN-PXU,12:50,15:05,12:50,15:05,13:10,15:04,15:05,15:09,02:15,01:55,ONTIME,ONTIME,ONTIME,DELAY,,,,,,,,14:20,14:57,,,HAN,NGO,PXU,Domestic,VJ,,,,,,,,,,,,
,2026-04-30,VJ1436/VJ439,A663,A320,UIH-HAN-UIH,14:10,15:40,14:10,15:40,14:20,15:39,15:40,15:45,01:30,01:20,ONTIME,ONTIME,ONTIME,ONTIME,,,,,,,,14:50,15:37,,,HAN,UIH,UIH,Domestic,VJ,,,,,,,,,,,,
,2026-04-30,VJ7620/VJ7620,A516,A321,CXR-HAN-BAX,15:10,15:40,15:10,15:40,15:15,15:44,15:45,15:55,00:30,00:30,DELAY,ONTIME,ONTIME,ONTIME,,93,00:05,,,,,,,X,TECHSTOP,HAN,CXR,BAX,International,VJ,,,,,,,,,,,,
,2026-04-30,VJ136/VJ903,A658,A320,SGN-HAN-BKK,14:25,15:45,14:25,15:45,14:55,15:38,15:40,15:50,01:20,00:45,EARLY,ONTIME,ONTIME,DELAY,,,,,,,,15:12,15:34,,,HAN,SGN,BKK,International,VJ,,,,,,,,,,,,
,2026-04-30,VJ510/VJ567,A639,A321,DAD-HAN-HUI,14:35,15:55,14:35,15:55,14:55,15:50,15:51,16:00,01:20,00:56,EARLY,ONTIME,ONTIME,DELAY,,,,,,,,15:00,15:48,,,HAN,DAD,HUI,Domestic,VJ,,,,,,,,,,,,
,2026-04-30,VJ1510/VJ773,A637,A321,DAD-HAN-CXR,14:05,16:00,14:05,16:00,14:50,15:56,15:57,16:04,01:55,01:07,EARLY,ONTIME,ONTIME,DELAY,,,,,,,,15:15,15:55,,,HAN,DAD,CXR,Domestic,VJ,,,,,,,,,,,,
,2026-04-30,VJ142/VJ193,A820,A321,SGN-HAN-SGN,15:30,16:30,15:30,17:30,16:35,17:27,17:28,17:30,02:00,00:53,EARLY,ONTIME,DELAY,DELAY,,,,,,,,16:35,17:25,,,HAN,SGN,SGN,Domestic,VJ,,,,,,,,,,,,
,2026-04-30,VJ508/VJ7866,A647,A321,DAD-HAN-DYG,15:25,16:30,15:25,16:30,15:40,16:18,16:20,16:21,01:05,00:40,EARLY,ONTIME,ONTIME,ONTIME,,,,,,,,15:45,16:16,,,HAN,DAD,DYG,International,VJ,,,,,,,,,,,,
,2026-04-30,VJ140/VJ151,A655,A320,SGN-HAN-SGN,16:20,16:50,16:20,16:50,16:35,16:59,17:00,17:05,00:30,00:25,DELAY,ONTIME,ONTIME,ONTIME,,93,00:10,,,,,16:35,16:57,,,HAN,SGN,SGN,Domestic,VJ,,,,,,,,,,,,
,2026-04-30,VJ953/VJ465,A675,A320,HIJ-HAN-VCA,16:10,17:10,16:10,17:10,16:35,17:03,17:04,17:05,01:00,00:29,EARLY,ONTIME,ONTIME,DELAY,,,,,,,,16:35,17:02,,,HAN,HIJ,VCA,Domestic,VJ,,,,,,,,,,,,
,2026-04-30,VJ902/VJ1457,A535,A321,BKK-HAN-PQC,15:50,17:20,15:50,17:20,16:20,17:09,17:10,17:20,01:30,00:50,EARLY,ONTIME,ONTIME,DELAY,,,,,,,,16:35,17:07,,,HAN,BKK,PQC,Domestic,VJ,,,,,,,,,,,,
,2026-04-30,VJ454/VJ495,A547,A321,PQC-HAN-BMV,16:45,17:30,16:45,17:30,17:00,17:34,17:35,17:45,00:45,00:35,DELAY,ONTIME,ONTIME,ONTIME,,66,00:05,,,,,17:00,17:32,,CREW HN OB 1708,HAN,PQC,BMV,Domestic,VJ,,,,,,,,,,,,
,2026-04-30,VJ774/VJ517,A673,A321,CXR-HAN-DAD,17:30,18:15,17:30,18:15,17:55,18:24,18:25,18:28,00:45,00:30,DELAY,ONTIME,ONTIME,DELAY,,93,00:10,,,,,17:55,18:22,,,HAN,CXR,DAD,Domestic,VJ,,,,,,,,,,,,
,2026-04-30,VJ528/VJ1153,A575,A321,DAD-HAN-SGN,17:25,18:25,17:25,18:25,17:30,18:24,18:25,18:30,01:00,00:55,ONTIME,ONTIME,ONTIME,ONTIME,,,,,,,,17:45,18:12,,,HAN,DAD,SGN,Domestic,VJ,,,,,,,,,,,,
,2026-04-30,VJ456/VJ781,A637,A321,PQC-HAN-CXR,17:45,18:30,17:45,18:30,18:15,18:38,18:40,18:42,00:45,00:25,DELAY,ONTIME,ONTIME,DELAY,,93,00:10,,,,,18:15,18:36,,,HAN,PQC,CXR,Domestic,VJ,,,,,,,,,,,,
,2026-04-30,VJ1522/VJ1789,A578,A321,DAD-HAN-CXR,17:55,18:45,17:55,18:45,18:00,18:34,18:35,18:45,00:50,00:35,EARLY,ONTIME,ONTIME,ONTIME,,,,,,,,18:10,18:33,,,HAN,DAD,CXR,Domestic,VJ,,,,,,,,,,,,
,2026-04-30,VJ512/VJ521,A673,A321,DAD-HAN-DAD,18:15,19:00,18:15,19:30,19:10,19:39,19:40,19:50,01:15,00:30,DELAY,ONTIME,DELAY,DELAY,,93,00:10,,,,,19:10,19:38,,,HAN,DAD,DAD,Domestic,VJ,,,,,,,,,,,,
,2026-04-30,VJ144/VJ519,A643,A321,SGN-HAN-DAD,18:05,19:25,18:05,19:25,18:25,19:24,19:25,19:35,01:20,01:00,ONTIME,ONTIME,ONTIME,DELAY,,,,,,,,18:40,19:22,,,HAN,SGN,DAD,Domestic,VJ,,,,,,,,,,,,
,2026-04-30,VJ424/VJ1561,A551,A321,PXU-HAN-HUI,18:45,19:30,18:45,19:30,18:55,19:24,19:25,19:27,00:45,00:30,EARLY,ONTIME,ONTIME,ONTIME,,,,,,,,18:55,19:22,,,HAN,PXU,HUI,Domestic,VJ,,,,,,,,,,,,
,2026-04-30,____/VJ971,A812,A330,HAN-DEL,,19:40,,19:40,,19:36,19:38,19:40,,,EARLY,ONTIME,ONTIME,,,,,,,,,18:55,19:36,,,HAN,HAN,DEL,International,VJ,,,,,,,,,,,,
,2026-04-30,VJ442/VJ523,A685,A321,PQC-HAN-DAD,19:05,19:40,19:05,19:40,19:15,19:44,19:45,19:50,00:35,00:30,DELAY,ONTIME,ONTIME,ONTIME,,93,00:05,,,,,19:15,19:44,,,HAN,PQC,DAD,Domestic,VJ,,,,,,,,,,,,
,2026-04-30,VJ931/VJ1925,A697,A321,KIX-HAN-AMD,18:30,19:45,18:30,19:45,18:25,19:39,19:40,19:43,01:15,01:15,EARLY,ONTIME,ONTIME,ONTIME,,,,,,,,18:56,19:37,,,HAN,KIX,AMD,International,VJ,,,,,,,,,,,,
,2026-04-30,VJ916/VJ7712,A522,A321,SIN-HAN-PKX,17:25,19:55,17:25,19:55,17:25,19:54,19:55,19:58,02:30,02:30,ONTIME,ONTIME,ONTIME,ONTIME,,,,,,,,19:05,19:52,,,HAN,SIN,PKX,International,VJ,,,,,,,,,,,,
,2026-04-30,VJ150/VJ161,A643,A321,SGN-HAN-SGN,19:50,20:55,19:50,20:55,20:00,20:48,20:50,20:51,01:05,00:50,EARLY,ONTIME,ONTIME,ONTIME,,,,,,,,20:05,20:46,,,HAN,SGN,SGN,Domestic,VJ,,,,,,,,,,,,
,2026-04-30,VJ904/VJ7238,A658,A320,BKK-HAN-PVG,20:25,21:15,20:25,21:15,20:30,21:11,21:12,21:20,00:50,00:42,EARLY,ONTIME,ONTIME,ONTIME,,,,,,,,20:45,21:10,,,HAN,BKK,PVG,International,VJ,,,,,,,,,,,,
,2026-04-30,VJ438/VJ1527,A663,A320,UIH-HAN-DAD,19:25,21:25,19:25,21:25,19:25,21:19,21:20,21:24,02:00,01:55,EARLY,ONTIME,ONTIME,ONTIME,,,,,,,,20:35,21:17,,,HAN,UIH,DAD,Domestic,VJ,,,,,,,,,,,,
,2026-04-30,VJ568/VJ7526,A639,A321,HUI-HAN-CAN,18:55,22:30,18:55,22:30,19:10,22:22,22:24,22:28,03:35,03:14,EARLY,ONTIME,ONTIME,ONTIME,,,,,,,,21:45,22:21,,,HAN,HUI,CAN,International,VJ,,,,,,,,,,,,
,2026-04-30,VJ496/VJ167,A547,A321,BMV-HAN-SGN,21:30,22:45,21:30,22:45,21:55,22:29,22:30,22:30,01:15,00:35,EARLY,ONTIME,ONTIME,DELAY,,,,,,,,21:55,22:27,,,HAN,BMV,SGN,Domestic,VJ,,,,,,,,,,,,
